0,1,2,3,4,5,6,7,8,9,10,11,12,13,14,15,16,17,18,19,20,21,22,23,24,25,26,27,28,29,30,31,32,33,34,35,36,37,38,39,40,41,42,43,44,45,46,47,48,49,50,51,52,53,54,55,56,57,58,59,60,61,62,63,64,65,66,67,68,69,70,71,72,73,74,75,76,77,78,79,80,81,82,83,84,85,86,87,88,89,90,91,92,93,94,95,96,97,98,99,100,101,102,103,104,105,106,107,108,109,110,111,112,113,114,115,116,117,118,119,120,121,122,123,124,125,126,127,128,129,130,131,132,133,134,135,136,137,138,139,140,141,142,143,144,145,146,147,148,149,150,151,152,153,154,155,156,157,158,159,160,161,162,163,164,165,166,167,168,169,170,171,172,173,174,175,176,177,178,179,180,181,182,183,184,185,186,187,188,189,190,191,192,193,194,195,196,197,198,199,200,201,202,203,204,205,206,207,208,209,210,211,212,213,214,215,216,217,218,219,220,221,222,223,224,225,226,227,228,229,230,231,232,233,234,235,236,237,238,239,240,241,242,243,244,245,246,247,248,249,250,251,252,253,254,255,256,257,258,259,260,261,262,263,264,265,266,267,268,269,270,271,272,273,274,275,276,277,278,279,280,281,282,283,284,285,286,287,288,289,290,291,292,293,294,295,296,297,298,299,300,301,302,303,304,305,306,307,308,309,310,311,312,313,314,315,316,317,318,319,320,321,322,323,324,325,326,327,328,329,330,331,332,333,334,335,336,337,338,339,340,341,342,343,344,345,346,347,348,349,350,351,352,353,354,355,356,357,358,359,360,361,362,363,364,365,366,367,368,369,370,371,372,373,374,375,376,377,378,379,380,381,382,383,384,385,386,387,388,389,390,391,392,393,394,395,396,397,398,399,400,401,402,seed,complex_param,EPH,corr
2,1,2,2,2,2,2,2,2,1,2,1,2,2,2,2,2,2,3,2,1,2,2,3,2,2,2,2,2,2,2,2,2,3,2,2,3,3,2,2,2,2,1,2,3,2,2,2,2,3,3,3,2,,2,2,2,2,1,0,2,2,3,3,3,0,,2,2,,2,1,3,3,2,2,2,2,0,2,2,2,2,2,2,2,2,2,2,2,2,2,3,2,3,1,2,2,2,3,2,3,2,2,1,2,3,3,2,2,2,2,2,2,3,2,2,3,3,3,3,3,3,2,3,2,2,3,3,3,3,2,3,2,2,2,3,3,3,3,2,2,0,2,2,3,2,3,2,3,3,3,1,3,2,3,3,3,3,2,2,3,2,2,3,2,3,4,2,2,2,3,2,3,3,3,2,2,3,3,2,3,3,2,2,3,2,3,3,2,2,2,2,2,2,2,2,1,0,0,3,3,1,2,3,1,3,2,2,2,3,2,3,3,2,2,3,3,2,2,2,2,2,2,2,4,3,2,3,3,0,1,2,3,3,2,3,3,3,2,1,2,2,2,2,3,3,2,2,3,3,2,2,2,3,2,3,2,2,3,2,3,2,3,2,2,3,2,3,2,3,3,2,2,2,2,1,3,3,3,2,2,3,3,2,2,2,2,3,2,2,2,3,2,2,0,3,0,3,2,3,3,3,3,2,2,3,2,2,3,3,3,3,2,3,2,2,3,3,2,2,3,3,2,2,3,3,0,2,3,2,2,3,2,2,3,3,2,3,3,2,3,3,2,2,2,3,2,2,3,2,2,3,3,2,2,3,2,3,3,2,3,2,2,2,2,2,3,3,1,2,2,2,2,2,2,2,3,3,2,2,2,3,2,3,2,3,3,2,2,,3,,2,3,3,4,3,3,2,3,3,2,0,4,1.13963963963964,-0.6029418481775521
2,2,2,2,1,2,2,2,2,2,2,2,2,2,3,2,2,3,3,2,2,2,2,2,2,2,2,2,2,0,1,2,2,2,2,2,2,3,2,2,2,3,2,2,3,1,2,2,2,2,2,2,2,,2,2,2,2,2,2,2,2,0,2,2,2,,2,2,,1,1,3,2,2,2,2,3,2,2,1,2,1,2,2,1,1,2,2,2,3,2,0,2,2,1,1,2,2,2,2,2,2,2,2,2,3,3,2,2,2,2,2,2,3,2,2,2,2,2,2,3,2,2,2,2,2,2,2,2,2,2,2,3,3,2,3,3,2,2,2,2,2,2,2,2,0,3,2,3,3,3,2,3,2,3,3,3,3,2,2,2,2,2,2,2,3,3,2,2,2,2,0,2,1,3,2,2,2,2,2,2,3,2,1,2,2,2,2,2,1,2,2,2,2,2,2,1,2,2,3,2,2,2,3,2,2,2,2,2,2,2,3,3,2,2,2,3,2,2,3,2,2,1,2,3,3,2,3,3,4,2,2,3,2,2,2,3,0,2,2,2,2,2,2,3,2,1,2,2,3,2,2,2,3,3,2,2,2,2,2,3,2,3,2,1,2,2,2,2,3,2,2,2,2,2,2,2,3,3,3,2,2,2,2,2,2,2,2,2,2,1,0,2,2,3,0,2,3,1,2,2,1,3,2,2,2,2,2,3,2,3,3,2,3,2,2,3,2,3,2,3,2,3,2,2,2,3,2,3,2,2,2,2,2,3,3,2,2,3,2,2,3,2,2,2,2,2,2,2,2,2,2,2,2,1,2,2,3,1,0,3,2,1,2,2,2,2,3,2,2,2,2,2,0,2,2,3,3,2,2,2,3,3,3,3,2,2,2,2,,3,,2,4,1,3,3,2,2,2,2,3,1,4,1.1526922046611305,-0.6069923625805
2,2,2,2,1,2,2,2,2,1,2,1,2,2,2,2,1,2,2,2,0,3,2,2,2,2,2,2,1,2,2,2,0,2,2,2,3,2,2,3,2,2,2,2,3,2,2,2,2,2,2,3,2,,2,0,2,2,2,2,2,2,3,3,3,2,,2,2,,2,2,2,2,2,2,2,0,2,2,1,2,2,2,2,2,2,2,2,2,3,1,3,2,3,1,1,2,2,2,0,2,2,2,1,2,3,3,2,0,2,2,2,2,3,1,2,2,2,3,3,2,3,2,2,2,2,2,3,2,2,2,2,2,2,2,2,3,1,2,2,2,2,2,2,3,2,3,2,3,3,3,1,3,2,2,3,3,3,2,0,3,2,2,2,2,3,3,2,3,3,3,2,2,3,3,3,3,3,2,2,3,3,3,2,2,2,2,3,2,2,2,2,2,2,2,2,1,0,2,0,2,2,3,3,1,2,2,2,2,3,2,2,3,2,2,2,2,2,2,2,2,2,2,2,3,2,2,2,3,4,2,2,3,2,2,3,3,3,2,2,3,2,2,2,3,2,2,2,3,3,2,2,2,2,2,3,2,2,3,2,3,2,3,3,2,3,3,2,2,3,2,2,2,2,2,2,3,3,3,2,2,2,3,2,2,2,2,2,2,2,1,2,1,2,2,2,3,3,2,2,2,2,3,2,2,3,2,2,3,3,3,3,2,3,2,2,3,2,3,2,3,2,2,2,3,2,3,2,3,2,2,2,2,2,3,3,3,2,3,2,2,0,2,2,2,3,2,2,2,2,1,2,3,2,2,3,2,3,2,2,3,2,2,2,2,2,3,3,2,2,2,2,2,2,2,2,2,3,2,1,3,3,3,3,3,3,3,3,2,,3,,2,3,3,4,3,2,2,3,2,2,2,4,1.174950787401575,-0.6138570903392208
2,2,2,2,2,2,2,2,2,2,2,2,2,2,2,2,0,2,2,2,1,2,2,2,3,2,2,2,2,2,2,1,3,3,2,2,3,2,2,3,2,2,3,2,3,2,2,2,3,3,3,2,1,,2,2,2,2,2,2,2,2,3,2,3,2,,0,2,,2,1,3,3,2,2,2,3,3,2,1,2,2,2,3,2,2,2,2,2,2,1,3,2,3,2,2,2,0,2,2,3,2,2,2,0,3,2,2,3,2,2,2,2,3,2,2,3,2,2,3,2,2,2,2,3,2,2,2,2,2,2,3,2,2,2,3,3,1,2,2,2,2,3,2,2,3,3,2,3,3,2,2,3,2,0,2,2,3,1,3,2,2,2,3,3,3,3,2,2,3,3,2,3,3,3,3,2,3,2,2,2,3,3,2,2,2,2,2,2,1,2,2,2,2,2,2,1,2,2,2,2,2,3,3,2,2,2,2,0,2,2,3,3,2,2,3,2,2,2,3,3,2,2,2,3,3,2,3,3,4,2,2,2,2,2,2,3,3,0,1,2,2,2,2,3,3,2,2,3,3,2,2,2,2,2,3,2,2,2,2,3,2,3,2,2,3,3,2,2,3,3,3,2,1,2,2,3,2,3,2,2,2,3,3,2,2,1,2,2,2,2,2,2,2,1,0,3,3,2,3,2,2,4,3,2,2,2,2,3,2,3,3,2,3,2,3,2,3,3,3,3,3,2,2,3,2,0,2,3,2,1,2,2,2,3,3,3,2,2,2,2,3,2,2,2,3,0,3,2,2,3,3,2,3,2,2,2,3,2,2,3,2,1,2,3,2,3,3,2,2,2,2,3,2,2,2,2,3,2,3,2,3,3,3,3,2,2,2,2,,3,,2,3,2,3,3,2,2,3,2,2,3,4,1.1543843283582094,-0.5718382085609625
2,2,2,2,1,2,0,2,2,2,2,2,2,1,2,2,2,2,3,2,2,2,2,2,1,1,2,1,2,1,1,2,1,2,2,1,2,2,2,2,2,2,2,2,3,2,1,2,2,2,2,2,2,,2,2,2,2,2,2,2,0,2,2,3,2,,2,1,,1,1,2,2,2,2,2,2,2,2,1,1,2,2,2,2,2,1,2,2,2,1,3,2,3,1,2,2,2,2,0,2,2,2,2,2,3,2,2,2,2,1,2,2,3,2,1,1,2,2,2,2,2,2,1,2,2,2,2,2,2,1,3,3,2,2,2,3,2,2,2,2,2,2,2,2,2,2,3,2,2,3,1,3,2,2,3,2,3,2,2,2,2,2,2,2,3,3,2,2,2,2,2,2,2,3,2,2,2,2,2,2,3,2,0,2,1,2,2,2,2,2,2,2,2,2,2,1,2,2,2,2,1,2,3,2,2,2,2,2,2,2,3,3,1,2,2,2,2,2,3,2,2,2,2,3,3,2,3,3,4,2,2,3,2,2,3,3,3,2,2,2,2,2,2,2,2,1,2,2,2,2,2,2,3,3,2,2,2,2,1,2,2,3,2,2,2,2,2,1,3,2,2,2,0,2,2,2,2,3,2,2,2,2,1,2,2,1,2,2,2,0,2,2,1,2,2,3,3,1,2,2,2,3,2,1,3,2,1,3,2,2,0,2,3,2,2,3,2,2,0,3,2,2,1,2,2,3,2,3,2,2,0,2,2,3,2,2,2,3,2,2,2,2,0,2,2,2,2,2,2,2,2,2,2,2,2,2,3,2,2,3,2,2,2,2,1,2,3,2,2,2,2,2,2,2,2,2,3,2,2,2,3,2,3,2,3,2,2,2,,3,,2,4,2,3,3,1,2,1,2,3,4,4,1.15,-0.6142379235574997
2,2,1,1,2,2,2,2,1,2,2,2,2,2,2,2,2,2,2,1,2,2,2,2,2,2,2,2,2,2,2,2,2,2,2,2,2,2,2,2,2,2,1,2,3,2,1,1,2,0,3,2,0,,1,2,1,2,2,2,1,2,3,2,3,2,,2,2,,1,0,2,2,1,2,2,2,2,2,1,2,2,1,2,2,1,1,2,2,2,1,2,2,3,2,1,2,1,2,2,2,2,2,1,2,2,2,1,2,2,2,2,2,3,2,2,2,2,2,2,2,2,0,1,2,2,0,2,2,2,1,2,2,3,2,2,3,2,2,2,1,2,2,2,2,2,3,2,2,3,2,2,3,2,2,2,2,3,2,2,2,2,2,2,2,3,3,2,2,2,2,2,2,2,2,2,2,3,2,2,2,3,2,2,2,2,1,2,2,2,2,2,2,2,2,3,1,2,2,2,2,2,2,2,2,2,2,2,2,3,2,3,3,2,2,2,2,1,2,3,3,0,2,3,4,3,2,3,3,4,2,1,2,2,2,2,3,2,2,2,2,2,2,2,2,2,2,2,2,3,2,2,2,3,2,2,1,2,2,2,3,2,3,2,2,2,2,2,2,3,2,2,2,2,2,2,3,2,3,2,2,0,3,2,2,2,2,2,2,2,2,1,2,2,2,2,3,3,1,2,2,2,3,2,2,3,1,2,2,2,2,3,2,3,2,2,2,2,1,2,0,2,2,2,3,2,1,2,0,2,2,2,1,2,3,2,2,2,3,2,2,2,2,2,2,2,2,2,2,2,2,2,2,2,1,2,2,3,2,1,3,2,0,2,2,1,2,3,2,2,2,1,2,2,2,2,2,3,1,2,2,2,2,3,3,2,2,2,3,,3,,2,3,2,3,3,2,2,2,2,3,5,4,1.1526617954070981,-0.5837917029034948
2,1,2,2,2,2,2,2,2,2,2,2,2,0,2,2,2,2,3,2,1,2,2,2,2,2,2,2,2,2,2,1,2,3,2,1,3,2,2,2,2,2,2,2,3,2,2,2,2,2,3,2,2,0.0,2,2,2,2,2,2,2,0,2,2,3,2,,2,2,,1,1,2,2,1,1,2,2,2,2,2,2,2,2,2,2,2,2,2,2,2,1,3,2,3,2,2,2,2,2,2,2,2,2,1,2,3,3,2,3,1,2,3,2,3,2,2,3,2,3,3,2,2,2,2,2,2,2,2,2,3,2,2,2,2,2,3,3,1,2,2,1,2,2,2,3,2,3,3,2,3,3,2,3,2,2,2,2,2,2,3,2,2,2,0,2,3,3,1,2,2,3,2,3,3,3,2,2,3,2,2,2,3,2,2,2,2,2,2,3,2,2,0,2,2,2,2,1,2,2,3,2,2,2,3,2,2,1,2,2,2,2,2,3,2,3,2,2,2,2,2,0,1,1,2,3,2,2,3,3,4,2,2,2,2,0,2,3,3,2,2,2,2,2,2,2,2,2,2,2,3,2,2,2,2,3,3,2,2,2,1,3,2,3,2,2,2,2,2,2,3,2,2,2,2,2,2,3,3,3,2,2,0,2,2,2,2,0,2,2,2,1,2,2,2,2,2,3,2,2,2,2,2,3,2,2,2,2,2,2,2,3,3,2,3,2,2,3,2,3,2,3,2,2,2,2,2,2,2,3,2,2,2,2,2,3,3,2,2,2,2,3,2,1,2,1,2,2,2,1,2,2,2,2,2,2,2,2,3,2,2,3,2,2,2,2,2,3,3,2,2,3,2,2,0,2,2,2,3,2,2,3,3,2,3,2,3,3,2,2,,3,,2,4,2,3,3,2,2,2,3,3,6,4,1.1532967032967032,-0.5971955777898974
2,2,2,2,2,2,2,2,2,2,2,2,2,2,2,2,1,2,2,2,1,2,2,2,2,2,0,1,2,2,1,2,2,2,2,2,3,2,2,2,2,2,2,2,3,2,2,2,2,3,2,2,1,,2,2,2,2,2,2,2,2,2,2,2,2,,2,2,,2,1,2,2,2,1,2,2,2,2,0,2,2,2,2,2,2,1,2,2,2,2,3,2,3,1,2,2,0,2,2,2,2,2,1,2,2,2,2,2,2,2,2,2,3,1,2,2,1,2,2,2,2,1,2,2,2,1,2,1,2,2,2,2,2,2,2,3,2,2,2,1,2,2,2,3,2,3,2,3,3,2,2,3,2,2,2,2,2,2,2,2,3,2,2,3,3,3,2,2,2,3,2,3,3,3,3,2,3,2,2,2,3,2,1,2,2,0,0,2,1,2,2,2,2,2,2,1,2,2,2,2,2,2,3,2,2,2,2,2,2,2,2,3,2,2,2,0,2,2,2,2,1,2,2,3,2,0,3,3,4,2,2,2,2,2,2,3,3,2,2,2,2,2,2,3,2,2,2,2,3,2,2,2,2,3,3,2,2,1,2,2,2,3,2,2,2,2,2,2,3,2,2,2,2,2,2,2,2,3,2,2,2,3,2,2,2,1,2,2,2,1,0,2,2,2,2,3,3,2,2,2,1,3,2,2,3,2,2,2,2,3,3,2,2,2,2,2,3,2,2,2,2,2,2,2,1,2,2,3,2,1,2,0,2,3,3,2,2,3,2,2,2,2,2,2,3,2,2,2,2,2,2,2,2,1,2,2,3,1,2,3,2,1,2,2,2,2,3,2,2,2,2,2,2,1,2,2,3,2,2,0,2,2,3,3,2,3,2,2,,3,,2,4,2,3,3,1,2,2,2,3,7,4,1.1660945339318722,-0.59696915680294
0,2,2,2,1,2,2,2,2,2,2,2,2,1,2,2,2,2,3,2,1,2,2,2,2,2,1,2,2,2,2,1,2,2,2,2,2,2,2,2,2,2,2,2,3,2,2,2,2,2,2,2,2,,2,1,2,2,2,0,2,2,2,2,3,2,,2,2,,1,1,2,2,2,2,2,2,2,2,1,2,1,2,2,1,1,2,2,2,2,1,2,2,3,0,2,0,2,2,2,2,2,2,2,2,3,3,2,2,2,2,2,2,3,2,2,2,2,2,3,2,2,2,2,0,2,2,2,2,2,2,3,2,2,2,2,3,1,2,2,1,2,2,2,2,2,3,2,3,3,2,2,3,2,2,2,2,3,2,2,2,2,2,2,2,3,3,1,2,2,3,2,2,2,2,2,2,3,2,0,2,3,2,1,2,2,2,2,2,1,1,2,2,0,2,2,1,2,1,2,2,2,2,3,2,2,2,2,2,0,2,2,3,2,2,2,2,1,2,2,3,2,2,2,3,2,2,3,3,4,2,2,2,2,2,2,3,3,2,2,2,2,2,2,2,2,2,2,2,3,2,1,2,2,2,3,2,1,2,2,3,1,2,3,2,2,2,2,2,2,2,2,2,2,2,2,2,3,3,3,3,2,3,2,2,2,2,2,2,2,1,2,2,2,2,2,3,2,2,2,2,2,3,2,2,0,2,2,3,2,3,3,1,3,2,2,3,2,3,2,3,2,2,2,2,2,2,2,3,2,2,2,2,2,3,2,2,2,2,2,2,2,2,2,0,2,2,2,2,2,2,2,2,2,2,2,1,3,2,2,3,2,1,2,2,2,2,3,2,2,1,2,2,2,2,2,3,3,2,2,2,3,3,3,3,2,3,2,2,,3,,2,3,2,3,3,2,2,2,2,3,8,4,1.1511873350923483,-0.6165845687402729
2,1,0,2,2,2,2,2,2,1,2,2,2,2,2,2,2,0,0,2,2,2,2,3,2,2,2,2,1,1,2,1,0,2,1,2,3,2,2,2,2,2,2,2,3,2,2,2,2,2,2,2,1,,2,2,2,0,2,2,2,2,3,2,3,2,,2,2,,2,2,2,2,2,1,2,2,2,2,1,2,1,2,2,1,2,2,2,2,2,1,3,2,3,0,2,3,2,0,2,2,2,2,2,2,3,3,2,2,2,2,2,2,3,1,2,2,2,2,3,2,2,2,2,2,2,2,2,2,2,2,2,3,3,2,2,3,2,3,3,2,2,2,2,2,2,3,2,3,3,3,2,3,2,2,3,2,2,2,2,2,2,2,2,3,3,3,2,2,3,2,2,2,2,3,3,3,2,2,2,2,3,2,2,2,2,2,2,3,2,2,2,2,2,2,3,1,2,2,3,2,2,2,3,2,2,2,2,2,2,2,3,3,2,2,2,2,2,2,2,3,1,2,2,3,2,2,3,3,4,2,2,2,2,2,3,3,3,2,3,2,2,1,2,3,0,1,2,3,3,1,2,2,2,2,3,2,2,2,2,2,2,3,2,2,2,3,2,2,3,3,2,2,2,2,2,2,2,3,3,2,2,3,2,2,2,2,2,2,2,1,1,2,3,3,2,3,0,2,2,2,2,3,2,2,2,0,2,3,2,2,3,2,2,2,2,3,3,2,2,2,2,2,2,3,2,3,2,3,2,1,2,2,1,3,2,3,2,3,2,3,2,2,2,2,3,2,2,2,2,2,2,2,2,1,2,2,3,2,2,3,2,1,2,2,2,2,3,2,2,2,2,2,2,1,2,3,3,2,2,2,3,3,3,3,3,3,2,3,,3,,2,3,2,3,3,2,2,2,2,3,9,4,1.1447300771208229,-0.619318360010139
2,2,2,1,2,2,2,2,2,2,2,2,1,2,2,2,2,2,2,2,1,2,2,2,2,2,2,2,2,2,2,2,2,2,2,2,3,2,2,1,2,2,2,2,3,2,2,2,2,2,3,2,2,,2,2,0,2,2,2,2,2,2,2,3,2,,2,1,,1,1,2,2,2,2,2,2,2,2,1,0,2,2,2,2,2,2,2,2,2,1,3,2,3,2,1,2,2,2,1,2,2,2,2,2,3,2,2,2,0,0,2,2,2,1,2,2,2,2,2,2,2,1,1,2,2,2,2,2,3,2,2,3,2,1,2,3,1,2,2,2,2,2,2,2,2,3,2,3,3,3,2,3,2,2,3,2,3,2,2,3,2,2,2,3,3,3,2,2,3,3,2,2,3,3,3,3,2,2,2,2,2,2,1,2,1,2,3,2,1,2,2,2,0,0,2,1,2,2,2,2,2,2,3,2,2,2,2,3,0,2,3,3,2,2,2,2,1,2,2,2,2,2,2,3,2,2,2,3,4,2,2,2,2,2,2,3,3,2,2,2,2,2,2,2,2,2,2,2,3,2,2,2,2,2,3,2,2,2,2,2,1,3,2,2,2,2,2,2,0,2,2,2,2,2,1,2,3,3,2,2,2,3,2,2,2,2,2,2,2,0,2,3,2,2,2,3,3,2,3,2,2,3,2,2,3,2,2,3,2,3,3,2,3,2,2,2,3,2,1,3,2,2,2,2,3,2,2,3,2,2,2,2,2,3,3,2,2,3,1,2,2,2,2,2,2,2,2,2,3,2,2,2,2,2,2,2,3,2,2,3,2,2,2,2,2,3,3,2,2,2,2,2,2,1,2,2,3,2,1,2,0,3,3,2,2,2,2,2,,2,,2,3,2,3,3,2,2,2,2,2,10,4,1.1596295287387632,-0.5899919682313028
2,2,3,2,2,2,2,3,2,2,2,2,2,2,3,2,2,2,2,2,0,2,2,2,3,2,2,2,2,2,2,2,2,3,2,2,3,3,2,3,2,2,2,3,3,3,2,2,2,2,3,2,2,,2,2,2,2,2,2,0,2,3,2,3,2,,3,2,,2,1,3,3,2,2,2,2,3,2,2,2,1,2,3,2,2,2,2,2,2,1,3,2,3,2,1,2,1,3,2,3,2,3,1,2,2,3,2,2,2,2,2,2,3,2,2,3,3,3,3,3,3,2,2,2,2,2,3,2,3,2,3,2,3,2,3,3,2,3,3,1,2,3,2,2,2,3,2,3,3,3,2,3,2,3,2,2,3,2,2,2,3,2,0,3,3,3,2,2,3,3,2,2,3,3,3,2,3,2,2,2,3,3,2,2,2,2,2,2,1,2,2,2,2,2,2,1,2,2,3,2,2,2,3,0,2,1,2,2,3,2,3,3,2,2,3,3,2,2,3,3,2,2,3,4,3,2,3,3,4,2,3,3,2,2,3,3,3,1,3,2,2,2,2,3,3,1,2,3,3,2,2,2,3,3,3,0,2,2,2,3,2,3,3,2,3,0,2,2,2,3,2,2,2,2,2,3,3,3,2,3,2,3,2,2,2,2,3,2,2,2,2,2,2,2,3,3,3,2,3,2,0,3,2,2,3,2,2,3,2,3,3,2,3,2,2,3,3,3,3,3,3,2,2,2,3,2,2,0,2,2,2,2,2,3,3,3,3,3,2,3,3,2,2,2,3,2,3,3,2,3,2,3,2,2,3,1,3,2,2,0,2,2,2,2,2,3,3,2,2,2,2,2,2,2,2,3,3,2,2,3,3,3,3,3,3,3,3,2,,3,,2,4,2,0,3,2,2,2,2,2,11,4,1.1628113879003563,-0.6184465836467277
2,0,2,1,1,2,0,2,2,2,2,2,2,2,2,2,2,2,2,2,1,0,2,2,2,2,1,1,1,2,1,1,2,2,2,0,2,2,2,0,2,2,2,2,3,2,1,2,2,2,2,2,2,,2,2,2,2,2,2,2,1,2,2,3,2,,2,2,,1,1,2,2,2,2,2,2,2,2,1,1,2,2,2,2,1,0,2,2,2,1,3,2,3,1,2,2,2,2,2,2,2,2,1,2,2,2,2,2,2,2,2,2,3,2,2,2,2,2,2,2,2,2,2,2,2,2,2,2,3,2,3,2,2,2,2,3,2,2,2,2,2,1,2,2,2,2,2,0,3,2,2,3,2,2,2,2,3,2,2,3,2,2,2,2,3,3,1,2,2,2,2,3,2,3,2,2,2,2,2,2,2,2,1,2,2,2,2,2,1,1,1,1,2,2,2,1,2,0,0,2,2,2,3,2,2,2,2,2,2,2,3,3,1,2,2,2,2,2,2,2,2,2,2,3,3,2,3,3,4,2,2,2,2,2,2,3,3,2,2,2,2,1,2,2,2,1,2,2,3,2,2,2,2,2,2,2,2,2,2,2,2,3,3,2,2,2,2,2,2,2,2,2,2,2,1,2,3,3,2,2,2,3,2,2,2,2,2,2,2,2,2,2,2,2,2,3,3,2,2,2,2,3,2,2,2,2,2,3,2,2,3,2,3,2,2,3,2,2,2,3,2,2,2,2,2,3,2,3,2,2,2,2,2,3,2,2,2,3,2,2,2,2,2,2,2,2,2,2,2,1,2,2,2,1,2,2,3,2,2,3,2,2,2,2,1,2,3,2,2,2,2,2,2,2,2,2,3,2,2,0,3,2,3,2,3,2,2,2,,3,,2,3,2,3,3,2,2,2,3,3,12,4,1.141836464673194,-0.6041121883467925
2,3,3,2,2,3,2,0,2,2,2,3,2,2,3,3,3,3,3,3,1,3,3,2,3,3,2,2,3,3,2,2,3,3,2,2,3,3,3,3,3,3,3,3,4,3,3,3,3,3,3,2,2,,3,2,1,2,2,3,3,3,3,3,3,3,0.0,2,3,0.0,3,2,3,3,3,2,0,3,3,3,2,2,3,2,3,3,2,2,3,3,3,1,3,2,4,2,3,3,3,3,3,3,3,3,2,2,3,3,3,3,3,3,3,3,4,3,3,3,3,0,3,3,3,2,2,3,2,3,3,3,3,2,3,3,3,3,3,4,2,3,3,3,3,3,3,3,3,3,3,3,3,3,3,4,3,3,3,3,3,2,3,3,3,0,3,3,3,3,2,0,3,3,3,3,3,3,3,3,3,3,2,3,3,3,3,3,2,2,3,3,1,2,2,2,2,2,2,2,3,2,3,3,3,3,4,3,3,2,3,3,3,3,3,4,2,2,3,3,1,3,3,3,2,2,3,4,3,3,3,4,5,3,2,2,0,3,3,3,3,3,2,3,3,2,3,3,3,2,3,3,4,3,3,3,3,3,3,3,2,2,3,3,2,3,3,3,3,3,2,2,0,3,3,3,3,3,2,3,3,4,3,3,3,3,3,3,3,3,3,2,3,2,3,3,3,3,3,4,3,2,3,3,2,4,3,3,3,3,3,3,3,3,3,3,4,3,3,3,3,3,3,3,3,3,3,3,3,3,3,4,3,2,3,3,3,0,3,3,3,3,3,3,3,3,2,3,3,2,3,3,3,2,3,3,3,3,3,2,4,3,3,4,3,3,2,3,3,3,4,2,2,2,2,3,2,3,3,4,4,3,3,3,3,3,4,3,3,3,3,3,,4,,3,4,3,4,4,3,3,3,3,3,13,4,1.1594664543101725,-0.5547362584849506
2,0,2,2,2,2,2,2,2,2,1,2,2,1,0,2,2,2,3,2,1,2,2,2,2,2,2,2,2,2,2,2,2,2,2,2,2,2,2,2,2,2,2,3,3,2,2,2,2,2,3,2,2,,2,2,2,2,2,1,0,2,3,2,3,2,,3,2,,2,2,2,2,2,2,2,2,2,3,1,2,2,2,2,2,2,1,2,2,2,2,3,2,3,1,1,3,2,2,2,2,2,2,1,2,2,2,2,2,2,2,2,2,2,1,2,2,1,2,3,2,3,2,2,2,2,2,3,2,2,0,3,2,2,2,2,3,2,2,2,1,2,1,2,2,2,3,2,3,3,3,2,3,2,3,3,2,2,1,2,2,2,2,2,2,3,3,2,2,3,3,2,2,2,3,3,2,3,2,2,1,3,2,2,0,2,2,2,2,1,2,2,2,2,2,2,1,2,1,2,2,1,2,3,2,2,1,2,2,3,2,2,3,2,2,2,2,2,2,2,2,2,2,2,3,3,2,2,3,4,2,2,2,2,2,2,3,3,2,2,2,2,2,2,2,2,2,2,3,3,2,2,2,3,2,3,2,2,1,2,3,2,3,2,2,2,2,2,2,0,2,2,2,2,2,2,3,3,3,0,2,2,3,2,2,2,2,3,2,2,2,2,2,2,3,2,3,3,1,2,2,2,3,2,2,3,2,2,2,2,3,3,2,3,2,2,2,2,2,2,3,2,2,2,2,2,3,2,3,2,2,1,2,2,3,3,2,2,3,1,2,3,2,2,2,3,2,2,2,2,2,2,3,2,1,2,0,3,2,2,3,2,2,2,2,2,3,3,1,2,0,2,2,2,1,2,3,3,2,2,2,3,2,3,2,2,2,2,2,,3,,2,3,2,0,3,2,2,2,2,3,14,4,1.1473656755346897,-0.6421035210772172
2,2,2,2,1,2,2,2,2,2,2,2,2,2,2,2,2,3,2,2,1,0,2,2,2,2,1,2,2,2,2,2,2,2,2,2,2,2,1,2,2,2,2,2,3,2,2,2,1,2,2,2,2,,1,2,2,2,2,2,1,2,2,2,3,2,,0,1,,1,1,2,2,2,2,2,2,2,2,1,2,1,2,2,2,2,1,2,2,1,2,2,2,3,1,2,1,2,1,2,2,2,2,1,2,3,3,2,2,0,2,2,1,3,2,2,2,2,2,3,2,2,2,1,0,2,2,2,2,2,2,2,2,2,2,2,3,1,2,2,2,2,2,2,2,2,3,2,3,3,2,1,3,2,2,2,2,2,1,2,2,2,2,2,2,2,3,1,2,2,3,1,2,2,2,2,2,2,2,2,2,3,2,1,2,2,2,2,2,2,2,1,2,2,2,2,2,2,1,2,1,0,2,2,2,2,2,2,2,2,2,3,2,0,1,2,2,1,2,2,2,1,2,2,3,3,2,2,3,4,2,2,2,2,2,2,3,3,0,1,0,2,2,2,2,1,1,2,2,3,2,2,2,2,2,2,2,2,2,2,2,2,3,1,1,2,2,2,1,2,2,2,2,2,2,1,2,2,3,2,2,2,3,1,2,2,2,2,2,2,2,0,2,0,2,2,3,2,1,2,2,2,3,2,2,2,2,2,3,2,2,3,2,3,2,2,2,2,2,2,3,2,2,2,3,2,2,2,3,2,2,2,2,2,3,3,2,3,2,2,2,2,2,1,1,2,2,2,2,2,2,2,2,2,1,2,2,3,2,2,3,2,1,2,2,1,2,3,2,2,2,2,2,2,2,2,2,3,2,2,2,3,2,3,2,2,2,2,2,,2,,2,3,2,3,3,2,2,2,2,3,15,4,1.1204701273261508,-0.6187787274535125
2,2,2,2,2,3,2,2,1,2,2,2,2,2,2,2,2,2,2,2,1,2,2,2,2,2,0,2,2,2,2,2,2,3,2,2,2,2,2,2,2,2,2,2,2,2,2,2,1,3,3,2,2,,2,2,2,2,2,1,2,2,2,2,3,2,,2,2,,1,2,2,2,2,2,0,2,2,3,2,2,2,3,3,2,2,2,2,2,3,1,3,2,3,2,2,2,2,2,2,2,2,0,2,2,3,3,2,3,2,2,2,2,3,1,2,2,2,3,3,3,2,2,1,2,2,2,2,3,3,2,0,3,2,0,2,3,2,3,2,1,2,2,2,2,2,3,2,3,3,3,2,3,0,3,3,2,2,1,3,3,2,2,2,2,3,3,2,2,3,3,2,2,3,3,2,3,3,2,2,2,3,2,2,2,2,2,3,2,1,2,2,2,2,2,2,1,2,1,2,2,2,2,3,2,2,2,2,2,2,2,2,3,2,1,2,2,2,2,2,3,2,2,3,4,3,2,2,3,0,2,1,2,2,2,3,3,3,2,0,2,2,1,2,3,3,1,2,3,3,2,2,2,3,2,3,2,2,2,2,3,2,3,2,2,2,2,2,2,3,3,2,2,2,2,2,3,3,3,2,2,2,3,3,2,2,2,2,2,2,0,2,2,2,3,3,3,3,2,2,2,2,3,2,1,2,2,2,3,2,2,3,1,3,3,2,2,3,2,2,2,2,2,2,3,2,3,2,3,2,2,2,2,2,3,3,2,3,3,3,2,2,2,2,2,3,0,2,2,2,2,2,2,3,2,2,2,3,2,2,3,2,2,2,2,2,3,3,1,2,2,2,2,3,2,2,3,3,2,2,3,3,3,3,3,3,3,2,3,,3,,2,3,2,3,3,2,2,2,3,3,16,4,1.1708796764408496,-0.6479343905070397
3,3,3,2,2,3,3,3,2,2,2,2,2,2,2,2,3,3,3,3,1,3,2,3,3,3,2,2,2,3,2,2,3,3,2,2,3,3,2,3,3,3,2,3,3,2,2,3,3,3,3,3,2,,3,2,2,2,0,2,2,2,3,3,3,2,,2,2,,2,1,3,2,3,1,3,3,3,2,1,3,2,2,3,2,2,2,2,2,3,1,3,2,0,2,2,2,2,3,3,3,2,3,2,2,3,0,3,3,2,3,3,2,3,2,2,3,3,3,3,2,0,3,2,3,2,2,3,2,3,2,3,3,2,3,3,3,1,3,3,2,3,2,3,3,3,3,3,3,3,3,3,3,3,3,3,3,3,2,3,3,3,2,3,2,3,3,2,3,3,3,2,3,3,3,3,3,3,3,2,3,3,2,2,3,2,3,3,2,2,2,2,3,3,2,3,2,3,0,0,3,3,3,3,3,3,3,3,3,3,3,3,3,2,3,2,3,2,2,3,3,2,2,2,4,3,2,3,4,5,2,1,3,2,2,2,3,3,2,3,3,2,3,2,3,3,2,3,3,3,2,3,3,0,3,3,3,3,3,3,3,2,3,3,2,3,3,3,2,3,3,2,2,3,3,2,3,3,3,3,3,2,3,3,3,3,2,3,2,2,2,2,3,3,3,0,3,3,2,3,3,3,4,3,2,3,3,2,3,3,3,3,3,3,3,3,3,3,3,2,3,3,3,2,3,3,3,2,4,3,2,3,3,2,3,3,3,3,3,2,3,3,2,3,2,2,3,3,3,3,3,3,3,3,2,3,3,3,3,2,3,2,2,3,3,3,3,3,2,2,3,2,3,3,2,3,3,3,2,2,2,3,3,3,3,3,2,0,3,,3,,3,4,3,4,4,2,2,3,3,0,17,4,1.1491110686293247,-0.5168503107843738
2,0,2,1,2,2,0,2,2,2,2,2,2,2,2,2,2,3,3,2,1,2,2,2,2,2,1,2,1,2,2,2,2,2,2,2,2,2,2,1,2,2,2,2,3,2,2,2,2,2,0,2,2,,2,2,2,2,2,1,2,2,0,2,3,2,,3,2,,1,2,3,2,2,2,2,2,2,3,2,1,1,2,2,2,2,1,2,2,3,2,3,2,3,2,2,2,2,2,2,2,1,2,2,2,3,3,2,2,2,2,2,2,2,1,2,2,2,2,3,2,2,1,2,2,2,2,2,2,2,1,2,2,3,2,3,3,2,2,2,1,2,2,2,2,1,3,2,3,3,3,2,2,0,2,3,3,3,2,2,2,2,2,2,2,0,3,2,2,2,3,1,2,2,3,2,2,3,2,2,2,3,2,1,2,2,2,2,2,1,2,2,2,2,2,2,0,2,1,3,2,2,2,3,2,2,2,2,2,0,2,3,3,2,2,2,2,2,2,2,2,2,2,3,4,3,2,3,3,4,2,2,2,2,2,3,3,3,2,2,2,2,2,2,2,2,0,2,3,3,2,2,2,3,3,3,2,2,2,2,3,1,3,2,2,2,2,2,2,2,2,2,2,2,2,2,3,3,3,2,2,2,3,2,2,2,2,2,2,2,1,2,2,2,3,2,3,3,1,2,2,2,3,2,2,2,2,2,2,2,2,3,1,3,2,2,2,2,2,2,2,2,2,2,3,2,3,2,3,2,1,1,1,2,3,3,2,3,3,2,2,2,2,2,2,3,2,2,1,2,2,2,2,2,2,2,2,3,2,2,3,2,2,1,2,2,3,3,2,0,2,2,2,2,2,2,3,3,2,2,3,3,2,3,2,2,2,2,2,,3,,2,4,2,3,3,2,2,2,3,3,18,4,1.1574367088607596,-0.6422447722489188
2,1,2,2,2,2,2,2,2,2,1,2,2,2,2,2,2,2,2,1,1,2,2,2,3,2,2,1,2,2,2,2,2,3,1,2,3,2,1,2,2,2,2,2,3,2,1,2,2,2,3,2,2,,2,1,2,2,2,0,1,2,3,2,3,2,,2,2,0.0,2,1,2,2,2,2,3,3,2,2,1,2,2,2,2,2,2,2,2,2,3,2,3,2,3,2,2,3,2,2,2,2,2,2,2,2,3,3,2,2,2,2,2,2,3,2,2,3,2,3,3,3,3,2,2,2,2,2,2,2,2,1,3,0,2,2,3,3,2,2,2,2,3,2,2,2,2,3,2,3,2,3,2,3,2,3,3,2,3,1,2,3,2,2,3,0,2,3,1,2,3,2,1,2,2,2,3,2,3,3,2,0,3,2,2,2,2,2,3,2,2,2,2,2,2,2,2,1,2,1,3,2,1,2,2,2,2,2,2,2,3,2,2,3,0,2,2,2,2,2,2,2,2,2,2,3,3,2,3,3,4,2,2,3,2,2,2,3,3,2,2,2,2,2,2,2,2,1,2,2,3,2,2,2,3,3,3,2,2,2,1,2,2,3,3,2,2,2,2,2,3,2,2,2,2,2,2,2,3,3,2,2,2,3,2,2,2,2,0,2,2,2,2,2,2,3,2,3,3,2,3,2,2,3,2,2,3,2,2,3,2,3,3,2,3,2,2,3,0,2,2,3,2,0,2,3,2,2,2,3,2,2,2,2,2,3,3,2,3,3,2,2,2,2,2,2,3,2,2,2,2,2,2,3,2,2,2,1,3,2,2,3,2,0,2,2,1,3,3,2,2,2,2,2,2,2,2,2,3,2,2,2,3,3,3,2,2,2,2,2,,3,,2,4,2,3,3,2,2,2,2,3,19,4,1.1457846952010378,-0.6351651867230802
2,1,2,2,2,2,2,2,2,2,0,2,2,2,2,2,2,2,3,2,1,2,2,3,3,2,2,2,2,2,2,2,2,3,2,2,3,3,2,2,3,2,2,3,3,2,2,0,2,2,3,2,1,,2,2,2,2,1,1,1,2,3,2,3,2,,3,2,,1,2,3,3,2,2,3,3,2,2,2,2,2,2,2,2,2,2,3,3,3,2,3,3,3,2,1,2,2,3,2,2,2,2,1,2,2,3,2,3,2,2,2,2,3,2,2,3,2,3,3,3,2,2,2,2,2,2,3,3,2,1,3,2,2,2,3,3,2,2,3,2,2,2,3,3,2,3,2,3,3,3,2,3,2,3,3,3,3,2,3,3,2,2,3,2,3,3,2,3,3,3,2,3,3,3,3,2,3,2,3,2,3,0,2,2,2,2,3,2,2,2,2,2,2,2,3,0,2,2,3,2,1,3,3,2,2,2,2,2,3,2,3,3,2,2,2,2,2,2,2,2,2,2,3,4,3,2,2,3,4,2,2,2,2,2,3,3,3,2,3,2,2,2,2,3,2,1,2,3,3,2,2,3,3,3,3,2,2,2,2,3,2,3,2,2,3,3,3,2,3,2,3,2,2,2,2,3,3,3,2,2,2,3,2,2,1,2,3,2,2,2,2,2,3,3,3,3,3,2,3,3,2,3,2,1,2,2,2,2,0,2,3,2,3,2,2,3,2,0,2,0,2,2,1,3,2,2,2,3,2,1,2,2,2,3,3,2,3,3,2,3,3,2,2,2,3,2,2,3,0,2,3,3,2,2,3,2,3,2,2,3,2,1,2,2,2,3,3,2,2,2,2,2,3,2,3,3,3,2,2,3,3,2,3,0,2,3,2,2,,3,,2,4,3,4,3,3,2,2,3,0,20,4,1.1549010791366912,-0.6223935697678462
2,2,2,2,2,2,2,2,1,0,2,1,2,2,2,2,1,2,3,2,1,2,2,2,2,2,2,2,2,2,2,1,2,2,1,1,3,0,2,3,2,2,2,2,3,2,2,2,2,2,3,2,0,,1,2,2,2,2,2,1,0,3,3,3,2,,2,2,,1,2,2,2,2,2,2,2,2,2,1,2,2,2,3,2,2,1,2,2,3,2,3,3,3,1,2,3,2,2,2,2,2,2,1,2,0,3,2,3,2,3,2,1,3,2,2,2,2,2,2,2,2,2,1,2,2,2,2,2,2,2,3,2,2,2,3,3,2,3,2,2,3,2,3,2,2,3,2,2,2,3,2,3,2,2,3,2,2,1,2,2,2,2,3,2,3,3,2,2,2,3,2,2,2,3,3,3,3,2,2,1,3,2,2,2,2,2,2,2,2,2,2,2,2,2,2,1,2,2,2,1,2,2,2,2,2,2,2,2,2,2,3,3,1,2,2,2,1,2,2,3,2,1,0,3,3,2,2,3,4,2,2,2,2,2,3,3,3,0,2,2,0,2,1,3,2,2,2,3,3,2,2,2,2,2,3,2,2,2,2,3,2,3,1,2,2,3,2,2,3,2,2,2,2,2,2,3,3,3,2,2,2,3,2,2,2,2,0,2,2,2,2,2,2,2,3,3,3,2,2,2,2,3,2,2,3,2,2,3,2,3,3,2,3,2,0,3,3,2,2,3,2,2,2,3,2,2,1,3,2,2,2,2,2,3,3,2,2,3,2,2,2,2,2,2,3,2,2,2,2,2,3,3,2,2,2,2,3,2,2,3,2,2,2,2,2,3,3,2,2,2,2,2,2,2,2,3,3,2,2,3,3,3,3,3,2,3,2,3,,3,,2,3,3,4,3,2,2,2,2,3,21,4,1.1543607532210112,-0.6644180104303026
3,2,3,2,2,2,3,2,2,2,3,2,2,2,2,3,3,3,3,2,1,3,3,3,2,3,2,2,2,3,2,2,3,3,2,2,3,3,3,3,3,2,3,3,4,3,0,3,3,3,3,3,1,,3,2,2,3,3,2,2,2,3,3,3,2,,3,2,,2,1,3,3,3,2,3,3,3,2,1,2,2,2,3,2,2,2,3,3,3,2,3,3,3,1,2,3,2,2,2,2,2,3,2,2,3,3,3,3,2,3,3,2,3,2,2,3,2,0,0,3,2,3,2,3,2,2,3,2,3,2,3,3,3,3,3,4,2,3,3,2,3,3,3,3,3,0,3,3,3,2,3,4,3,3,3,3,3,2,3,3,3,2,3,2,3,4,3,3,3,3,2,3,3,3,3,3,3,3,2,3,3,3,3,2,2,3,3,3,2,2,2,2,3,3,2,2,3,1,3,3,2,3,3,2,3,3,3,3,3,3,3,3,2,3,3,3,2,2,3,3,2,2,2,4,3,2,3,4,5,3,2,3,2,3,3,4,3,2,3,2,3,2,2,3,3,2,3,3,3,2,2,2,2,3,3,3,3,3,3,3,0,3,3,2,3,3,3,2,0,3,3,2,2,3,2,3,3,3,3,3,3,3,3,3,3,3,3,2,2,2,2,3,3,3,3,3,3,2,3,3,2,4,3,3,3,2,3,3,3,3,3,3,3,3,3,3,3,3,3,3,3,3,2,3,3,2,2,4,3,3,3,3,2,3,0,3,0,3,3,3,3,3,3,3,3,3,3,2,3,2,3,3,3,2,3,2,3,3,2,4,3,2,3,2,3,3,3,3,3,3,2,3,3,2,0,3,3,2,3,0,3,3,4,3,3,3,3,3,,4,,3,4,3,4,4,3,2,3,3,3,22,4,1.1455565949485496,-0.5423201991365406
1,2,2,2,2,2,3,2,2,3,3,2,3,2,3,2,3,3,3,2,2,3,1,2,2,2,2,2,3,2,2,2,2,3,2,2,3,3,2,3,2,3,3,3,3,2,2,3,2,3,3,3,2,,2,2,3,2,1,2,2,2,3,3,3,3,0.0,3,2,,2,2,3,3,2,2,3,3,3,2,2,2,2,2,2,2,3,2,2,2,3,0,3,2,3,2,2,3,2,3,1,2,2,2,2,2,3,3,2,2,3,3,3,1,3,2,2,0,2,3,3,3,3,2,2,3,3,2,3,3,3,1,2,3,3,2,3,3,2,2,2,1,2,2,2,3,3,3,3,3,3,3,2,3,3,0,3,3,3,2,3,3,3,3,3,3,3,3,2,2,3,3,0,0,3,2,2,2,3,2,2,2,2,2,2,3,3,2,0,3,2,2,2,2,2,2,2,1,3,2,3,2,2,2,3,2,3,2,2,3,3,3,3,3,2,2,3,3,2,2,2,3,2,2,3,4,3,3,3,4,5,3,2,3,2,3,3,3,3,3,3,3,2,2,3,3,3,2,3,3,3,3,2,2,3,3,3,2,3,3,2,3,2,3,3,3,3,3,2,2,3,2,2,3,2,3,2,3,3,3,3,2,3,3,2,2,2,1,2,2,2,1,3,3,3,2,2,3,3,2,2,2,2,3,2,2,3,2,2,0,3,3,3,2,3,2,2,3,2,3,2,0,3,3,2,3,3,3,2,4,2,2,3,2,3,3,3,3,3,3,2,3,3,2,2,2,3,2,3,3,2,3,0,3,2,1,3,2,3,2,2,2,2,2,2,3,2,3,3,2,3,3,2,3,3,2,3,3,3,2,2,3,3,3,3,3,3,3,3,2,,3,,2,4,3,4,3,2,2,3,3,3,23,4,1.15089216446858,-0.6165522643772006
2,2,2,1,2,2,2,2,2,2,2,2,2,1,2,2,2,2,2,3,2,2,0,2,2,1,1,1,2,2,2,0,2,3,2,2,3,3,1,2,2,2,2,2,0,2,2,3,2,3,3,2,2,,2,2,2,2,2,2,2,1,3,3,3,2,,3,2,,2,2,2,2,2,3,2,2,2,2,2,0,2,2,2,2,2,2,2,2,3,1,3,3,3,1,2,2,2,2,2,3,2,3,1,2,3,3,2,3,2,2,2,2,3,2,2,2,0,2,2,2,3,2,2,3,2,2,3,2,3,2,3,3,2,2,2,3,2,3,2,2,2,2,2,2,2,3,2,3,0,3,2,3,0,2,2,2,3,2,3,3,1,2,3,3,3,3,2,2,3,3,2,3,3,2,3,2,3,2,2,2,3,3,2,2,2,3,0,2,2,1,2,2,2,2,2,1,3,2,3,2,2,2,3,2,2,2,2,3,3,2,3,3,2,2,3,2,2,2,2,3,2,2,3,4,3,3,3,3,4,3,2,2,2,0,3,3,3,2,2,3,2,2,2,2,3,2,3,3,3,2,3,2,3,3,3,2,2,2,2,3,2,3,3,2,3,2,2,2,3,2,2,3,2,2,2,3,3,3,3,2,2,3,2,2,3,2,3,2,2,2,2,2,2,3,3,3,3,2,3,2,2,3,3,2,3,0,2,3,2,2,3,2,3,2,3,3,3,2,2,3,2,2,2,3,2,3,2,3,2,1,2,3,2,3,3,2,3,3,2,3,3,2,2,2,3,2,3,2,2,3,3,2,3,2,2,2,3,2,2,3,2,2,1,2,2,3,3,2,3,2,2,3,2,2,3,3,3,3,2,3,3,2,3,3,3,3,3,2,,3,,2,4,2,3,3,2,2,3,3,3,24,4,1.1610247026532483,-0.660698895250008
2,2,2,2,1,2,2,2,2,2,2,2,2,2,3,2,2,3,3,2,1,3,2,1,3,2,2,2,2,2,2,2,2,3,2,2,2,2,2,3,2,2,2,2,3,2,2,2,2,2,3,2,1,,1,1,2,2,2,2,2,2,2,2,3,2,,2,2,,2,1,3,3,2,2,2,3,2,2,1,2,2,2,3,2,2,2,2,2,3,2,3,2,3,2,0,2,2,2,2,2,2,2,2,1,3,2,2,2,2,2,0,1,3,0,2,2,2,2,3,2,2,2,1,2,2,2,2,2,2,2,2,3,3,1,2,3,2,2,0,1,2,2,2,2,2,3,2,3,3,2,1,3,2,2,3,2,2,1,2,2,2,2,2,2,2,3,2,2,2,3,1,2,3,3,3,2,2,2,2,2,3,2,2,2,2,2,2,2,1,2,0,2,2,2,2,1,1,2,2,2,1,2,3,2,2,2,1,0,3,2,2,3,1,1,2,3,2,2,2,2,2,2,2,3,3,2,2,3,4,2,2,3,2,3,3,3,3,2,2,0,2,2,2,3,2,2,2,2,3,1,2,2,0,2,0,2,2,2,2,2,2,3,2,2,2,2,2,2,3,2,2,2,2,2,2,3,3,3,0,1,3,3,2,2,2,2,2,2,2,2,2,2,2,2,2,3,3,2,3,2,2,3,2,2,2,2,2,2,2,3,3,2,2,2,2,3,2,2,2,2,3,2,1,2,2,2,2,3,2,2,2,2,2,3,2,2,2,3,2,2,2,2,2,2,3,2,3,2,2,2,2,2,2,2,2,1,3,2,2,3,2,2,2,2,2,2,3,2,2,2,2,2,3,2,2,3,3,2,2,3,3,3,3,3,2,2,3,2,,3,,2,3,2,3,3,2,2,2,3,3,25,4,1.1585051546391754,-0.6103965136643079
2,2,2,2,2,2,3,3,2,3,3,2,3,2,3,3,3,3,3,2,2,2,2,2,3,2,1,2,3,2,0,1,2,3,2,2,0,3,3,2,3,3,3,3,3,3,2,3,3,3,3,2,2,,3,3,3,2,2,2,2,2,3,3,3,3,,3,2,,2,2,3,3,3,2,3,3,3,3,1,2,2,3,3,2,2,1,2,2,3,2,3,3,4,2,3,2,2,3,2,3,3,2,2,2,3,3,2,3,3,2,2,2,3,2,2,0,2,2,3,3,3,2,2,3,2,3,3,3,3,2,3,3,3,3,3,4,2,3,2,2,3,2,3,3,2,3,2,3,3,3,2,4,0,3,3,3,3,2,3,3,3,2,3,3,3,4,2,2,3,3,1,3,3,3,3,3,3,3,2,3,3,3,2,2,2,2,0,3,1,2,2,2,3,2,3,1,3,2,2,3,2,2,3,3,3,2,2,3,3,3,3,3,2,2,3,3,2,3,3,3,2,2,3,4,3,3,3,4,5,3,2,3,2,3,3,4,3,2,3,3,2,2,3,3,3,2,2,3,3,2,2,2,3,3,3,3,3,3,3,3,2,3,3,3,3,3,2,2,0,3,3,3,3,3,3,3,3,4,3,3,3,3,2,3,2,2,3,2,2,2,3,3,3,3,3,4,3,2,3,3,2,4,3,2,3,3,2,3,0,3,3,2,3,2,2,3,3,3,3,3,3,3,3,3,3,3,0,3,2,3,2,2,3,4,3,3,3,3,3,3,3,2,3,2,3,3,3,3,3,3,3,3,2,2,2,2,0,2,2,3,3,2,2,3,3,3,3,2,3,2,2,3,3,2,3,3,0,2,2,3,3,3,4,3,3,3,3,3,,3,,3,4,2,4,3,2,2,3,3,3,26,4,1.1431230225200069,-0.6119146923904343
2,2,2,0,2,2,2,2,2,2,2,2,2,2,2,2,2,2,3,2,1,0,2,2,2,2,1,2,2,0,1,1,2,3,2,2,2,2,2,2,2,2,2,2,3,2,1,2,2,2,3,2,2,,2,2,2,2,2,2,2,2,2,2,3,3,,2,2,,1,1,3,3,2,2,2,3,2,2,2,2,2,2,2,2,2,2,2,2,3,1,3,2,3,2,1,2,2,1,2,2,2,2,2,2,3,3,2,2,2,2,2,2,3,2,2,2,3,2,3,3,2,2,1,2,2,2,3,2,3,2,3,2,2,2,3,3,2,2,2,2,0,2,2,2,2,2,2,0,3,3,2,3,2,2,3,2,3,2,3,3,2,2,3,2,3,4,2,2,2,3,1,2,3,3,2,2,2,2,3,2,3,1,2,2,2,2,2,2,1,2,2,1,2,2,2,1,2,0,3,2,1,1,3,2,2,3,2,2,2,2,3,3,2,2,3,2,2,2,2,2,2,2,3,4,3,2,3,3,4,2,2,2,2,2,3,3,2,2,2,2,2,1,2,2,2,1,2,2,3,2,2,2,3,3,2,2,2,2,2,2,2,3,2,2,0,2,2,2,2,2,2,2,2,2,2,3,3,3,3,2,2,3,2,2,2,2,2,2,2,2,2,3,2,3,2,3,3,1,3,2,2,3,2,2,2,2,2,3,2,2,3,2,3,2,2,3,3,2,3,3,2,2,2,3,2,2,2,3,3,2,2,2,2,3,3,2,2,3,2,3,3,2,2,2,3,2,2,3,2,2,2,3,2,2,0,2,3,1,2,3,2,1,2,2,2,3,3,2,2,2,2,2,2,2,2,2,3,0,2,2,2,2,3,3,2,2,2,2,0.0,2,,2,4,2,3,3,2,2,2,2,3,27,4,1.1484375000000002,-0.6124013821824741
2,2,2,2,1,2,2,2,2,2,2,2,2,2,3,2,2,3,3,2,2,3,2,2,2,2,2,2,3,2,2,1,2,2,1,2,2,3,2,3,2,3,2,2,3,2,2,2,2,2,3,2,2,,2,2,2,2,2,2,2,0,2,2,3,3,,2,2,,1,1,2,2,2,2,2,3,2,2,1,2,2,2,2,2,2,2,3,2,3,2,3,2,3,2,2,2,2,2,2,2,2,2,1,2,3,3,2,2,2,2,2,1,3,2,2,2,2,3,3,3,3,2,2,2,2,2,3,3,3,2,3,3,2,2,3,3,2,2,2,0,2,2,2,2,2,3,2,3,3,3,2,3,2,2,3,2,3,2,3,3,2,2,3,3,3,3,2,2,2,3,1,3,3,3,3,2,3,2,2,2,3,3,2,2,2,1,2,3,1,2,2,2,2,2,2,1,0,2,2,2,2,0,3,2,3,2,2,2,3,2,3,3,2,2,3,3,1,2,3,2,2,1,2,0,3,2,3,3,4,2,2,2,2,2,3,3,3,2,2,2,2,2,2,3,3,2,3,2,0,3,2,1,3,3,3,2,2,2,2,3,2,3,2,3,2,2,2,2,3,2,3,2,2,2,2,3,3,3,2,3,2,3,2,2,2,0,2,2,2,2,2,2,2,3,2,3,3,2,3,2,2,3,2,2,2,2,2,3,0,3,3,2,3,2,2,3,0,3,3,3,3,2,2,3,2,3,2,3,2,2,2,2,2,3,3,2,3,3,2,2,2,2,2,2,3,1,2,2,2,3,2,3,3,2,2,1,3,2,2,3,1,2,2,2,2,2,3,2,2,2,2,0,2,2,2,3,3,2,2,3,3,3,4,3,2,3,2,2,,3,,2,4,2,4,3,2,2,2,3,3,28,4,1.15180265654649,-0.6644286272664162
2,1,2,2,1,2,2,2,2,2,2,2,3,2,3,2,2,3,3,0,1,3,2,2,2,2,2,2,2,0,2,2,0,2,2,2,3,2,2,3,3,2,2,3,3,2,2,0,2,2,3,2,1,0.0,2,1,2,2,2,2,2,2,3,2,3,2,,2,2,,2,2,3,2,2,2,3,3,2,2,1,2,2,2,2,2,2,1,2,2,3,2,3,2,3,1,1,2,2,2,2,2,2,2,1,2,2,3,2,2,2,2,2,2,3,2,2,2,2,2,2,2,2,2,2,2,2,2,2,2,2,2,2,2,3,2,3,3,2,2,2,0,2,2,2,3,2,3,2,3,3,3,2,3,2,3,3,2,3,2,0,3,2,2,2,3,3,3,2,2,2,3,2,2,2,3,3,2,2,2,2,2,3,2,1,2,2,1,2,2,1,2,2,2,2,2,2,1,2,2,3,2,2,2,3,1,2,2,2,2,2,2,2,3,1,2,2,3,2,2,3,3,2,2,2,3,3,0,3,3,4,2,2,3,2,2,3,3,3,2,2,2,2,2,2,3,2,2,2,3,3,2,2,2,2,3,2,2,2,2,2,2,2,0,3,2,2,2,2,2,3,2,2,2,2,2,2,3,3,3,2,2,3,3,2,2,2,2,2,2,2,1,2,2,2,3,3,3,3,2,3,2,2,3,3,2,3,2,2,3,2,3,3,2,3,2,2,3,3,3,2,3,3,0,2,3,3,2,2,3,2,2,2,2,2,3,3,2,2,3,2,2,2,2,2,2,3,2,2,3,2,2,2,3,2,2,2,1,3,2,2,3,2,2,2,2,2,2,3,2,2,2,2,2,2,2,3,3,3,2,2,2,3,3,3,3,3,3,2,2,,3,,2,4,2,3,3,2,2,2,2,3,29,4,1.1443863579785911,-0.6411050245569885
2,2,2,2,2,2,3,2,2,2,2,2,2,2,2,2,2,2,2,2,1,2,2,2,2,1,2,2,2,2,2,2,2,3,2,2,2,2,0,2,2,2,2,2,3,2,1,2,2,3,3,2,2,,2,2,1,2,2,2,2,2,3,3,3,2,,3,2,,2,1,3,2,2,2,2,2,3,2,2,2,2,2,2,2,2,1,2,2,2,1,3,2,3,2,2,3,2,2,0,2,2,2,1,2,2,3,2,2,2,2,2,1,3,1,2,2,2,2,3,2,2,2,2,2,2,2,3,2,3,2,0,2,2,2,3,3,2,2,2,1,2,2,2,2,2,2,3,2,0,3,2,3,2,2,2,2,1,2,3,2,2,2,2,2,3,3,2,2,3,3,2,2,3,2,3,2,3,2,2,2,3,2,2,2,2,1,2,2,2,0,1,2,2,2,2,2,3,1,3,2,2,2,3,2,2,1,2,3,3,2,3,3,1,2,2,2,2,2,2,2,2,2,3,4,3,2,3,3,4,2,2,2,2,2,2,3,3,2,2,2,0,2,1,0,2,2,2,2,3,2,3,2,3,2,3,2,2,2,2,2,2,3,3,2,2,2,2,2,3,2,2,2,0,3,2,3,2,3,3,2,2,3,2,2,2,1,2,2,2,1,1,2,2,3,3,3,0,1,2,2,2,3,2,2,3,2,2,3,3,3,3,2,2,2,2,2,3,3,2,3,2,2,2,2,2,2,2,3,2,2,2,2,2,3,3,2,2,2,2,2,2,2,2,1,3,2,2,2,2,2,2,3,2,2,2,0,3,2,2,3,2,2,2,2,2,2,3,2,3,2,2,2,2,1,2,2,2,2,2,2,3,2,3,3,3,3,2,2,,3,,2,3,2,3,3,2,2,2,2,2,30,4,1.1561203319502078,-0.6034511892289305
2,3,2,2,2,2,3,2,2,2,2,2,2,1,2,2,1,2,3,3,2,3,2,3,3,2,2,2,3,3,3,2,2,0,2,2,3,3,3,3,2,2,2,3,3,2,2,3,3,3,3,3,2,,3,3,2,3,3,2,2,2,3,2,3,3,,3,3,,2,2,3,3,3,2,2,2,3,3,2,2,2,2,3,2,3,1,3,3,3,0,3,3,4,2,2,2,3,3,3,3,2,3,2,3,3,3,2,3,3,3,3,3,3,2,2,2,2,3,3,3,3,1,2,3,2,3,3,3,3,2,3,3,3,3,3,3,2,3,2,2,3,3,3,3,3,3,3,3,3,3,2,3,3,3,3,2,3,2,0,3,2,2,3,3,3,4,2,3,3,3,2,3,3,3,3,3,3,2,1,3,3,3,2,3,3,2,3,3,1,2,3,2,3,3,2,2,3,2,0,3,3,3,3,2,3,3,1,3,3,3,3,3,2,2,3,3,2,3,3,3,2,2,2,3,3,3,3,4,5,2,2,2,2,2,3,3,3,2,0,3,2,2,3,3,3,2,2,3,3,2,3,2,3,3,3,2,2,2,2,3,1,3,3,2,3,3,3,3,0,3,3,3,0,2,2,3,3,3,3,2,2,3,3,2,2,2,3,2,2,2,2,3,3,3,2,3,3,3,3,2,3,4,3,1,3,3,2,3,3,3,0,2,3,2,0,3,3,3,2,3,3,2,2,0,3,3,2,3,2,2,3,3,2,4,3,3,3,3,2,2,3,3,3,3,3,3,3,3,3,3,3,3,3,2,3,2,3,2,2,3,3,3,2,3,2,3,3,3,3,2,2,3,3,2,3,3,3,2,3,3,3,3,4,3,3,3,3,3,,3,,3,4,3,4,4,3,2,3,3,3,31,4,1.1536829926725796,-0.5441284342346997
3,2,2,2,2,3,3,2,2,2,2,2,2,0,2,2,2,2,3,3,1,3,3,3,3,2,2,2,2,3,3,2,3,3,2,2,3,3,1,0,3,2,3,3,3,2,3,3,2,3,3,3,3,,3,3,3,3,2,2,2,3,3,3,3,2,,2,3,,2,1,3,3,3,2,2,3,3,2,2,2,2,3,3,3,2,2,3,3,3,2,3,3,3,3,0,3,2,2,2,3,2,3,1,2,2,0,3,3,3,1,3,2,3,2,2,3,2,3,3,3,3,2,2,3,3,3,3,2,3,2,3,3,3,2,2,0,2,3,3,2,3,3,3,3,3,3,3,3,3,3,3,3,2,3,2,2,3,2,3,3,3,3,3,3,3,3,3,3,3,3,2,3,3,3,3,3,3,2,1,3,3,3,3,3,2,3,3,3,2,3,2,3,3,2,3,2,3,2,3,3,3,3,3,3,3,3,3,3,3,2,3,3,2,3,3,2,2,2,3,3,2,2,3,4,3,3,2,3,4,2,2,3,3,3,3,3,3,2,3,0,3,2,2,3,3,2,3,2,3,2,3,3,3,3,3,3,2,3,1,2,2,3,3,3,3,2,3,2,0,2,3,2,2,3,2,3,3,3,3,3,2,3,2,3,3,2,3,2,3,2,2,3,3,3,3,4,0,2,3,3,3,4,3,2,3,2,2,3,3,3,3,3,3,3,3,3,3,3,3,3,2,2,2,3,3,2,2,4,3,2,3,3,2,4,3,3,3,3,2,3,3,3,2,2,3,3,3,3,3,3,3,3,3,2,3,2,3,3,2,3,2,2,1,2,2,3,3,2,3,2,2,2,3,2,3,2,3,2,2,3,3,3,3,0,3,1,3,2,,3,,3,4,3,4,4,3,2,3,3,0,32,4,1.1606237084350934,-0.5006191302049922
1,2,3,1,2,2,2,3,2,2,2,2,2,2,3,2,3,2,3,3,2,3,2,3,2,2,2,2,3,2,2,2,2,3,2,2,3,3,2,2,3,2,2,3,3,3,2,3,2,2,3,3,2,,2,2,2,2,3,2,2,2,3,2,3,3,,2,2,,2,1,3,3,2,2,2,3,2,2,1,2,2,2,3,2,2,2,3,3,3,2,3,2,3,2,0,3,2,2,2,2,2,3,1,2,2,3,2,2,2,2,3,2,3,1,2,3,2,3,3,3,3,2,2,2,2,2,2,2,2,1,3,3,3,2,3,3,2,3,3,2,3,2,2,3,2,3,2,3,3,3,2,3,2,2,3,3,2,2,3,3,3,2,3,3,3,3,2,2,3,3,2,3,3,3,2,2,3,2,1,0,0,3,2,2,2,2,3,2,2,2,2,2,3,2,3,2,3,1,3,2,2,2,3,0,2,2,2,3,3,2,3,3,2,2,2,3,2,2,2,3,2,2,2,4,3,2,3,3,4,2,2,3,2,3,3,3,3,2,3,3,2,2,2,3,3,1,1,2,0,2,3,2,3,3,3,2,2,3,3,3,2,3,3,0,3,2,3,2,3,2,2,2,0,2,2,3,3,3,2,2,3,3,2,3,2,2,3,2,2,2,2,2,3,3,2,3,3,2,3,2,2,3,2,2,3,2,2,3,3,3,3,2,3,3,2,3,3,2,2,0,2,2,2,3,0,3,2,3,2,2,2,2,2,3,3,3,3,3,2,2,2,2,2,2,3,2,3,2,2,2,2,3,2,2,2,2,3,1,2,3,2,2,2,0,1,3,3,2,3,2,2,2,3,2,2,3,3,2,2,3,3,2,3,3,3,3,3,3,,3,,2,4,3,4,3,2,2,2,3,3,33,4,1.1523932174286333,-0.6633374288622133
2,2,2,2,2,2,3,2,2,2,2,2,2,2,2,2,2,3,2,3,1,2,1,2,2,2,2,2,1,2,2,2,2,3,2,2,3,2,2,2,2,2,2,2,3,3,2,2,2,3,3,3,2,,2,2,2,2,2,2,2,2,3,0,3,3,,2,2,,2,1,2,3,2,0,2,2,3,2,1,2,2,2,2,2,2,2,2,2,3,1,3,2,3,2,1,2,2,2,2,2,2,3,1,1,2,2,2,3,2,2,2,2,3,2,3,3,2,3,3,2,1,2,2,1,2,3,3,2,3,2,3,3,3,2,3,3,2,2,3,2,2,2,2,2,2,3,3,3,3,3,2,3,2,3,2,2,0,1,3,2,3,0,2,2,3,3,2,3,2,3,2,3,3,3,3,2,3,2,2,2,3,3,2,2,2,2,3,3,1,2,2,2,2,2,2,2,3,2,2,2,3,3,3,2,2,2,2,3,3,2,2,3,2,2,2,3,2,2,3,2,2,1,2,3,3,3,2,3,4,2,2,2,2,2,2,3,2,2,2,2,2,2,0,2,2,1,2,2,3,2,2,2,3,2,3,2,2,2,0,3,2,3,3,2,3,2,2,2,3,2,2,2,2,2,2,3,3,3,2,2,0,3,2,2,3,2,2,2,2,2,2,2,2,2,2,3,3,2,3,2,2,3,3,2,3,2,2,3,2,3,3,2,3,2,2,3,3,2,2,3,2,2,2,3,2,3,2,3,2,2,2,2,2,3,3,2,3,3,2,3,2,2,2,2,3,2,2,0,2,2,2,3,3,2,2,2,3,2,2,3,2,2,2,2,2,3,3,2,2,2,2,2,2,2,2,2,3,2,2,2,0,2,3,3,3,2,3,2,,3,,2,3,2,3,3,2,2,0,3,3,34,4,1.1506480802152117,-0.6082179880845886
2,2,2,2,1,2,2,2,2,2,0,1,2,1,2,2,2,2,2,2,1,2,2,2,2,1,2,2,2,2,2,2,2,3,2,2,3,2,2,2,2,2,2,2,3,2,2,2,2,2,3,2,1,,2,1,2,2,2,2,2,2,2,2,3,2,,2,2,,1,2,0,2,2,2,2,2,2,2,0,1,1,2,2,2,0,2,2,2,3,1,2,2,3,2,2,2,2,2,2,0,1,2,2,2,3,3,2,2,2,2,2,1,3,2,2,2,2,2,3,3,2,2,1,2,2,2,2,2,0,1,3,2,2,2,2,3,2,2,2,2,2,1,2,2,2,3,2,3,3,3,1,3,2,3,3,2,3,2,2,2,2,2,2,2,2,3,2,2,2,2,1,2,2,3,2,2,3,2,2,2,2,2,2,2,2,2,3,2,2,2,2,2,0,1,2,1,2,2,2,2,2,2,3,2,2,2,2,2,3,2,2,3,2,2,2,3,1,2,2,2,2,2,2,3,3,2,3,3,4,2,2,2,2,2,3,3,3,2,3,2,2,2,2,3,2,1,2,3,3,2,2,2,3,3,3,2,2,2,2,3,2,3,2,2,2,2,0,2,3,2,2,2,2,2,2,3,2,3,3,2,2,3,2,2,2,2,2,2,2,2,2,2,2,3,2,3,3,2,2,2,2,3,2,2,2,2,2,3,2,3,2,2,3,2,2,3,2,3,2,3,2,2,2,3,1,3,2,3,2,2,0,2,2,3,3,2,3,3,2,2,2,2,1,2,2,2,2,2,2,2,2,3,3,2,2,2,3,2,2,3,2,2,2,2,2,3,0,2,2,2,2,2,3,2,2,3,3,2,2,3,3,3,3,3,2,3,2,2,,3,,2,4,3,4,3,2,2,3,3,3,35,4,1.1683857658586903,-0.6592784063494643
2,2,2,2,1,2,2,2,2,2,2,1,2,2,2,2,2,3,2,0,2,2,2,2,2,1,2,2,2,2,1,2,1,2,2,2,2,2,2,2,1,2,1,2,3,2,2,2,1,2,0,1,1,,2,1,2,2,2,2,1,2,3,2,2,0,,2,2,,1,1,2,2,1,2,2,2,2,2,1,2,1,2,2,2,2,1,2,2,2,2,3,2,3,1,2,2,2,2,2,2,2,2,0,2,3,3,1,2,2,2,2,1,3,2,2,2,2,2,2,2,2,2,2,2,2,2,2,2,2,1,3,2,2,2,2,3,2,2,2,2,2,2,2,2,0,3,2,2,3,3,1,3,2,2,2,2,2,2,2,2,2,0,2,2,2,3,1,2,2,2,1,2,2,2,2,2,2,2,2,2,3,1,2,2,2,2,2,2,1,2,1,2,2,1,2,1,2,1,2,2,1,2,2,2,2,2,2,2,2,2,3,3,1,2,2,2,1,2,2,2,2,1,2,3,3,2,3,3,4,2,2,2,2,2,2,3,2,2,2,2,2,2,2,2,2,2,2,2,3,2,2,2,3,3,2,2,2,2,2,2,1,2,2,2,2,2,2,2,3,2,2,2,2,2,2,2,3,3,2,2,2,3,0,2,2,2,2,2,2,2,2,2,2,3,2,3,3,2,2,2,2,3,2,0,2,2,2,2,2,2,2,2,3,0,2,2,2,2,2,2,2,2,2,3,1,2,2,3,2,2,2,2,2,3,3,2,2,3,2,2,2,2,1,2,2,2,2,2,2,2,2,3,2,1,2,2,3,2,0,3,2,1,1,2,2,2,2,2,2,2,2,2,2,2,2,3,3,2,2,2,3,2,3,2,2,2,2,2,,3,,2,4,2,3,3,2,2,2,2,3,36,4,1.12374749498998,-0.6175882970348012
2,1,2,2,2,1,2,2,2,2,2,2,2,2,3,2,2,2,2,2,1,3,2,2,2,2,2,2,2,2,2,2,2,2,2,2,3,2,2,2,2,2,2,3,3,3,2,2,0,2,3,2,2,,2,1,2,2,2,2,2,2,2,2,3,2,,2,2,,1,2,0,2,2,1,2,2,2,2,1,2,1,2,2,2,1,1,2,2,2,1,2,2,3,1,1,2,2,2,2,2,2,2,2,0,2,2,2,3,2,2,2,2,3,1,2,2,2,2,3,2,2,2,1,2,2,2,2,2,2,0,2,3,2,2,3,3,1,2,2,2,2,2,2,2,2,3,2,3,3,3,2,2,2,3,3,2,3,1,2,2,3,2,2,3,3,3,2,2,3,2,2,2,0,3,2,2,2,2,2,2,3,2,2,2,2,2,3,3,2,2,2,2,2,2,2,1,2,2,2,2,2,2,3,2,2,2,2,0,2,2,3,3,2,2,2,2,2,2,2,2,2,2,2,3,2,2,2,3,4,2,2,3,2,2,2,3,2,2,3,2,2,2,2,3,2,1,2,2,3,2,2,2,2,2,3,2,2,2,2,3,2,3,2,0,2,2,2,2,3,2,2,2,2,2,2,3,3,3,2,2,2,3,2,2,3,2,2,2,2,1,1,2,3,3,2,3,2,2,2,2,2,3,2,2,0,2,2,3,2,3,3,2,3,2,2,3,2,2,2,3,2,2,2,2,2,3,1,3,2,1,2,2,2,3,2,2,2,3,2,2,2,0,2,2,3,2,2,2,2,0,2,2,2,2,2,2,3,2,2,3,2,1,2,2,2,3,3,2,2,2,2,2,2,2,2,3,3,2,2,2,3,3,3,3,3,3,3,2,,3,,2,3,3,4,3,2,2,2,2,3,37,4,1.1460931534741665,-0.6205680320816174
2,2,2,2,1,2,2,2,2,2,2,2,2,2,3,2,2,2,3,2,1,2,1,2,3,2,1,2,2,2,2,2,2,3,2,2,2,3,2,3,3,2,3,3,3,2,2,2,2,2,3,2,2,,2,2,0,2,0,2,2,2,3,2,3,2,,2,1,0.0,2,1,3,2,2,2,2,3,2,2,1,2,2,2,1,2,2,2,2,2,2,2,3,2,3,2,2,2,2,3,2,2,2,2,1,2,3,3,2,2,2,2,2,2,3,2,2,2,2,2,3,3,3,2,2,2,2,3,3,3,3,2,3,2,3,2,3,3,2,3,3,2,2,2,2,3,2,3,2,3,3,3,2,3,3,2,3,3,3,2,2,3,1,2,3,2,3,3,2,2,2,3,0,2,2,2,2,1,3,3,2,2,3,3,1,2,2,2,2,2,1,2,2,2,2,2,2,1,2,2,3,2,0,2,3,2,3,2,0,2,2,2,3,2,1,2,2,3,2,2,3,2,2,2,2,3,3,2,3,3,4,2,2,3,2,3,2,3,3,2,2,2,2,2,3,3,3,2,3,3,3,2,2,0,3,3,3,2,2,2,2,2,2,3,2,3,3,2,2,2,3,2,3,2,1,1,2,2,3,3,2,3,3,3,2,2,2,2,2,2,2,2,2,2,2,0,2,3,3,2,2,2,2,3,2,2,3,2,3,3,2,3,3,2,3,2,2,2,1,3,2,3,2,2,2,3,2,2,2,3,2,2,3,2,2,3,3,3,3,2,2,3,3,2,2,2,2,2,3,2,2,3,2,3,2,1,2,2,0,2,2,3,2,2,2,2,2,3,0,2,2,2,2,3,2,2,2,3,3,2,2,3,3,2,3,3,3,2,3,2,,3,,2,4,2,3,3,2,2,3,3,2,38,4,1.1520737327188943,-0.591115514578298
2,2,2,1,2,2,2,1,1,1,1,2,1,1,2,2,1,2,2,2,0,2,2,2,2,2,2,2,1,2,2,2,2,2,2,2,2,2,2,3,2,2,2,2,3,2,2,2,2,3,2,2,2,,2,2,2,2,2,2,0,1,3,2,2,2,,2,1,,2,1,2,2,2,2,2,2,3,2,1,2,1,0,2,1,2,1,2,2,2,1,2,2,2,2,1,2,1,2,2,2,2,2,2,2,2,2,2,2,2,2,2,2,3,2,2,3,2,2,2,2,1,2,2,2,2,2,3,2,2,2,3,2,2,2,2,3,0,3,2,1,2,2,2,2,2,2,2,2,2,3,2,3,2,3,2,2,3,2,2,2,2,2,2,2,3,3,2,2,2,3,2,2,2,3,3,2,3,2,2,2,3,3,2,2,2,2,2,2,1,2,2,2,2,2,2,1,2,2,0,2,2,2,3,2,1,2,2,2,2,2,2,3,1,2,2,2,2,2,2,2,1,2,2,3,3,2,2,3,4,2,2,2,2,1,2,3,3,2,2,2,2,2,2,3,2,2,2,2,3,2,2,2,3,2,3,2,2,2,2,3,1,0,2,2,2,3,2,2,2,2,2,2,2,2,2,2,2,2,2,2,2,3,2,2,2,2,3,2,2,2,1,2,2,2,2,3,3,2,2,0,1,0,2,2,3,2,2,3,2,3,2,2,3,2,3,3,3,2,2,3,3,2,2,2,3,2,1,3,2,0,2,2,2,3,3,2,2,3,2,2,2,2,2,2,3,2,2,2,2,2,2,2,2,2,2,2,3,2,2,3,2,2,2,2,1,3,3,2,2,2,2,2,2,2,2,2,3,2,2,2,2,3,3,3,2,2,3,2,,3,,2,3,2,3,3,2,2,0,2,3,39,4,1.1490854422450514,-0.5606335111815492
2,2,2,1,0,2,2,2,2,2,2,2,3,2,3,2,1,3,3,2,1,3,2,2,2,2,2,2,2,2,2,2,2,3,2,2,2,3,2,2,2,2,3,2,3,2,2,2,2,2,3,2,2,,2,2,0,2,2,2,2,2,3,3,3,3,,2,2,,2,2,3,3,2,2,2,3,3,2,2,2,2,2,2,2,2,2,3,3,3,1,3,2,3,2,1,3,2,2,2,2,2,2,2,2,3,3,2,2,2,2,2,1,3,1,2,2,2,3,3,3,2,2,2,2,2,2,3,3,3,1,2,3,2,2,3,3,2,0,2,2,2,2,2,2,3,3,2,3,3,3,2,3,2,2,3,3,3,1,3,3,2,1,3,3,3,3,2,2,2,3,1,2,3,3,3,2,3,1,2,2,3,3,2,2,2,0,3,2,2,2,2,2,2,0,2,2,2,2,2,2,1,2,3,3,3,2,2,3,3,2,3,3,2,2,2,2,1,2,2,2,1,2,3,4,3,2,2,3,4,2,2,2,2,2,3,3,3,2,2,2,2,2,2,3,3,2,3,3,3,2,2,3,3,2,2,2,2,2,2,3,2,3,3,2,2,3,2,2,3,2,2,3,2,2,2,3,2,3,3,2,2,3,2,2,2,1,2,2,2,2,2,2,2,3,3,3,3,2,3,0,2,3,3,2,3,2,2,3,3,3,0,2,3,2,3,2,2,0,2,2,2,2,2,3,2,2,2,3,3,2,3,2,2,3,3,3,3,3,2,3,2,2,2,2,2,2,2,2,2,0,2,2,2,2,2,2,3,2,2,3,2,1,2,3,2,3,2,2,2,2,2,2,2,2,2,2,0,2,2,3,3,3,3,3,2,2,3,3,,3,,2,3,3,4,3,2,3,3,3,3,40,4,1.1545433418545206,-0.6635356885663107
1,2,2,2,2,2,2,1,2,2,1,2,1,0,2,2,2,2,3,2,1,2,2,2,2,2,2,2,2,2,2,1,2,3,2,2,3,3,2,2,2,2,3,2,3,2,2,2,2,0,3,2,2,,2,2,2,2,2,2,2,2,3,0,3,3,,3,2,,0,1,2,3,2,2,2,2,3,2,2,2,2,2,3,2,3,2,2,3,3,1,3,2,3,2,2,2,2,2,2,3,2,2,1,2,2,3,2,2,2,2,3,2,3,2,2,3,2,3,3,2,2,2,2,2,2,3,3,3,3,2,3,2,2,2,3,3,3,2,3,2,2,3,2,2,2,3,2,2,3,3,2,3,2,2,0,2,3,2,3,2,3,2,3,3,3,3,2,2,3,3,2,3,3,3,3,2,3,2,2,3,3,3,1,2,2,2,2,3,2,2,2,2,2,2,2,1,2,2,3,2,2,2,3,2,2,3,2,0,2,2,3,3,2,2,2,2,2,2,2,2,2,2,3,4,3,2,3,3,4,2,2,2,2,2,3,3,3,2,3,3,2,2,2,3,3,1,2,3,3,2,0,2,3,2,3,2,2,2,2,3,2,3,2,2,3,2,2,2,0,3,2,2,1,2,2,3,2,3,2,2,2,3,3,2,2,1,2,1,2,2,2,3,2,2,2,3,3,2,3,2,2,3,2,2,2,2,2,3,2,3,3,2,3,3,3,3,3,2,3,3,3,2,2,3,2,2,2,3,3,1,1,2,2,3,3,3,3,3,2,3,3,2,2,2,3,0,3,2,2,3,3,2,3,2,2,2,3,2,2,3,2,1,2,2,2,3,3,2,2,2,2,2,2,2,2,0,3,2,2,2,3,2,3,2,2,3,2,2,,3,,3,3,2,3,3,2,2,3,3,3,41,4,1.1413647477217164,-0.5771604534795025
2,2,3,2,2,3,3,3,2,2,2,2,2,1,3,3,2,2,3,3,2,3,2,3,2,2,2,2,2,3,2,2,2,0,2,2,3,3,2,3,3,2,0,2,3,3,2,3,2,3,3,2,2,,2,3,3,2,2,2,2,2,2,3,3,2,,3,3,,0,1,2,3,2,2,2,0,3,3,2,2,1,2,3,2,3,1,2,2,3,1,3,3,3,2,2,3,2,3,2,3,2,3,2,2,3,3,1,3,2,2,3,2,3,1,2,2,3,2,3,3,3,2,2,2,2,2,2,2,3,2,3,3,3,1,3,0,3,3,3,2,3,2,3,2,2,3,3,3,3,3,2,3,2,3,2,3,3,2,2,2,3,2,3,3,3,3,2,3,3,3,2,2,3,3,3,3,3,2,2,3,3,3,2,2,2,2,3,2,2,2,2,2,2,2,2,1,2,2,3,3,3,3,3,3,2,3,2,2,3,2,3,3,2,2,3,3,2,2,3,3,2,2,3,4,3,3,3,4,5,3,2,3,2,2,3,3,3,2,3,3,2,2,2,3,3,2,3,3,3,2,3,3,3,3,3,2,2,2,2,3,2,3,3,2,3,2,3,3,3,3,3,2,2,2,2,3,3,3,2,0,2,0,1,3,2,2,3,1,2,2,2,2,3,3,3,3,3,2,2,0,2,3,2,2,3,2,2,3,3,3,2,2,3,3,2,3,3,2,2,3,2,2,2,2,3,3,2,3,2,2,2,3,2,3,3,3,3,3,2,3,3,3,2,3,3,2,3,0,3,3,3,2,3,2,2,2,3,2,2,3,2,2,2,3,2,3,3,2,3,3,2,2,3,2,3,3,3,2,2,3,3,3,3,3,3,3,3,3,,3,0.0,3,4,3,4,3,2,2,3,3,3,42,4,1.1389212262320525,-0.598170213859885
3,2,3,2,2,3,2,3,3,3,2,3,2,3,3,3,2,3,3,2,1,3,2,2,3,3,2,2,3,2,3,2,3,3,3,2,3,3,2,3,3,3,3,3,3,3,3,3,3,3,3,3,2,,3,2,3,3,2,3,2,3,0,3,0,3,,3,3,,2,2,3,3,3,2,2,3,3,3,2,1,2,3,3,2,3,1,2,3,3,2,3,3,4,2,2,3,3,3,2,3,2,3,2,2,3,3,3,3,2,3,3,2,3,2,2,3,3,3,3,2,3,3,2,3,3,3,3,3,3,2,3,3,3,2,3,3,2,3,0,2,3,3,3,3,3,3,3,3,3,3,2,3,3,3,3,3,3,2,3,3,3,2,3,3,3,3,2,3,3,3,2,3,3,3,3,3,3,3,3,3,3,3,3,2,2,2,3,2,2,2,1,2,3,3,2,1,2,2,3,3,2,2,3,2,3,2,2,2,3,3,3,3,0,1,2,3,2,3,3,3,2,2,3,4,3,3,3,3,4,3,3,3,3,3,3,4,3,2,3,3,2,3,3,3,3,2,3,3,4,2,3,2,3,3,0,3,2,3,3,3,2,3,3,3,3,3,3,3,3,3,3,3,2,3,2,3,0,3,3,3,2,4,3,3,3,3,3,2,2,3,3,3,3,3,3,4,3,3,3,3,3,4,3,3,3,3,2,0,3,2,3,2,3,2,3,3,3,3,2,3,3,3,3,3,3,3,2,4,2,3,3,3,2,3,3,3,3,3,2,3,3,2,3,2,3,3,3,3,3,0,3,3,3,2,3,2,3,3,3,3,3,2,2,3,2,3,3,2,3,2,3,3,3,2,3,3,3,2,2,3,3,3,3,3,3,3,3,3,,3,,0,4,3,4,4,3,2,3,3,0,43,4,1.1435316336166201,-0.5476927261286562
2,2,2,1,1,2,2,2,2,2,2,2,2,2,2,2,2,3,3,2,2,2,2,2,2,2,2,2,2,2,2,2,2,2,2,2,2,2,2,2,2,2,2,2,3,2,2,2,2,2,3,2,2,,2,2,2,2,2,2,1,2,2,2,3,2,,2,2,,1,1,2,2,2,2,2,2,2,2,1,2,1,2,2,2,2,2,2,2,2,1,3,1,3,1,1,2,2,2,2,2,2,2,1,2,2,0,2,2,2,2,2,2,3,1,2,2,2,2,3,3,3,2,2,0,2,2,2,2,3,2,3,2,3,2,2,3,2,2,2,2,2,1,2,2,2,3,2,3,3,3,2,3,2,2,2,2,2,2,2,2,2,2,2,2,3,3,2,0,2,3,1,2,2,3,2,2,3,2,2,2,2,2,2,2,2,2,3,2,1,1,1,2,2,2,2,1,2,1,2,2,0,1,3,2,2,2,2,2,2,2,3,3,2,2,3,2,1,2,2,2,2,1,3,4,3,2,3,3,4,2,2,2,2,2,3,3,3,2,2,2,2,2,2,2,2,2,2,2,3,2,2,2,3,3,2,2,2,2,2,3,2,3,2,2,2,2,2,2,3,2,2,2,2,0,2,3,3,3,2,2,2,3,2,2,2,2,2,2,2,0,2,2,2,3,2,3,3,1,2,2,0,3,2,2,2,2,2,3,0,2,3,2,3,2,2,3,2,3,2,3,2,2,2,2,2,2,2,3,2,2,2,2,2,3,3,2,2,3,2,2,2,2,1,2,2,2,2,2,2,2,2,3,2,2,2,0,3,2,2,3,2,1,2,2,2,2,2,2,2,1,2,1,2,2,2,3,3,2,2,2,3,2,3,3,2,2,2,2,,0,,2,4,2,3,3,1,2,2,2,3,44,4,1.149829441091577,-0.649323024374657
2,2,2,2,2,2,2,1,2,2,1,2,2,2,2,2,2,3,2,1,1,2,2,2,2,0,2,2,2,2,2,2,2,2,1,2,3,2,0,2,2,2,2,2,3,2,2,2,2,2,3,2,0,,2,2,2,2,2,2,2,2,3,2,3,2,,2,2,,1,2,2,2,2,1,2,2,2,2,1,2,2,2,2,2,1,1,2,1,2,2,3,2,3,2,1,3,2,2,2,2,2,2,0,2,2,2,2,2,2,3,2,1,3,2,2,2,2,2,2,2,2,2,2,2,2,2,0,2,2,1,2,2,3,2,3,3,2,2,2,2,2,2,2,2,2,3,2,2,2,3,2,3,2,2,3,2,3,1,2,2,2,2,2,2,0,3,2,2,3,2,1,2,2,2,2,2,2,2,2,1,3,2,2,2,2,2,3,2,2,2,2,2,2,2,2,2,2,1,3,2,2,3,3,2,2,2,2,2,2,2,2,3,0,2,0,3,2,2,2,2,1,2,0,3,2,2,2,3,4,2,2,2,2,2,2,3,3,2,2,2,2,2,2,2,2,1,2,2,3,2,2,2,2,2,2,2,2,2,1,1,1,3,3,2,2,3,2,1,2,2,2,2,1,2,2,2,2,2,2,2,2,3,1,3,2,2,2,2,2,1,1,2,2,2,2,3,2,2,2,2,2,3,2,2,2,1,2,3,2,2,3,2,0,2,2,2,3,2,2,3,2,2,2,3,2,2,2,3,2,2,3,2,2,3,3,2,2,3,2,2,2,2,2,2,3,2,2,2,2,2,2,3,2,1,2,2,3,2,2,3,2,1,2,2,2,3,3,2,2,2,2,2,3,2,2,3,3,2,2,2,3,3,3,3,2,2,2,3,,3,,2,3,2,3,3,2,2,2,2,3,45,4,1.1574614976101965,-0.5772908769444463
2,2,2,2,2,3,2,2,2,2,2,2,2,2,2,2,2,2,2,2,1,3,2,2,2,2,2,2,2,2,2,2,1,2,2,2,3,2,1,2,3,2,2,2,3,3,2,2,2,3,3,2,2,,2,1,2,2,2,2,2,2,2,3,3,2,,2,2,,1,1,3,2,2,2,2,3,2,2,2,2,1,3,3,2,2,1,2,2,2,2,3,2,3,2,1,2,1,2,2,3,2,3,0,2,0,2,2,3,2,2,3,2,3,2,2,2,1,2,3,2,3,2,2,2,2,2,3,2,2,2,3,2,3,2,2,3,0,3,2,2,3,2,2,3,2,3,2,3,3,3,2,0,2,3,2,3,3,2,2,3,2,2,2,2,3,3,2,2,3,3,2,2,3,3,3,3,3,3,2,2,3,2,2,2,2,2,2,2,2,2,1,2,2,2,2,1,2,2,3,3,2,3,3,2,2,2,2,2,3,2,3,3,1,2,2,2,2,2,2,3,2,2,2,3,3,2,2,3,4,2,2,3,2,2,2,3,3,2,2,2,2,2,2,3,2,2,3,2,3,2,2,2,3,3,3,2,2,2,2,2,2,3,3,2,3,2,2,2,3,2,3,2,2,2,2,3,2,3,2,2,2,3,2,3,3,2,2,2,2,2,2,0,3,2,3,3,3,2,2,2,2,3,2,1,0,2,2,3,3,2,3,2,3,2,2,3,2,2,2,3,2,0,0,3,2,2,2,3,2,2,2,2,2,3,3,2,2,3,2,2,2,2,2,2,3,2,3,3,2,2,2,3,2,2,2,2,3,2,2,3,2,2,1,2,1,3,3,1,2,2,2,2,2,2,3,3,3,2,2,3,3,3,3,0,3,2,2,2,,3,,2,4,3,4,3,2,2,3,0,3,46,4,1.146441495778046,-0.6073957083130995
2,2,2,2,2,2,2,2,2,2,2,2,2,1,2,2,2,2,3,2,2,2,2,2,2,2,2,2,1,2,2,2,2,2,2,1,2,2,2,2,2,3,1,2,3,2,2,3,2,2,2,2,2,,3,2,2,2,2,2,2,2,2,2,3,2,,2,2,,1,1,2,2,2,0,2,2,2,2,1,2,2,2,2,2,2,1,2,2,3,2,3,2,3,2,1,3,2,1,2,2,1,2,2,2,3,2,2,2,1,3,2,1,3,2,2,2,2,3,3,2,2,2,2,2,2,2,2,2,2,1,2,3,3,2,3,3,1,2,2,2,2,2,2,2,2,3,3,3,3,3,2,3,2,2,3,2,2,1,2,2,2,2,2,2,3,3,2,3,2,3,1,2,2,3,2,2,2,1,0,2,3,2,2,2,2,1,3,3,1,2,2,2,2,2,2,2,3,2,3,2,2,2,3,2,2,2,2,3,2,2,3,3,1,2,2,3,2,2,2,3,1,1,2,3,3,2,2,3,4,2,2,2,2,2,2,3,3,2,2,2,2,0,2,2,2,2,2,2,2,2,2,2,2,3,3,2,2,2,2,3,2,3,3,2,2,3,2,2,2,2,2,2,2,2,1,2,2,3,2,2,0,3,2,2,2,0,2,2,2,1,2,3,2,3,2,3,2,2,2,2,2,3,2,2,2,2,2,3,2,3,3,2,3,2,2,3,2,0,2,2,3,2,2,2,2,3,2,3,2,2,2,2,2,3,2,3,3,2,2,2,0,2,2,1,3,2,0,2,2,2,2,2,2,1,2,2,3,2,2,3,2,1,2,3,2,3,0,2,2,2,2,2,2,2,2,2,3,2,2,3,3,3,3,3,2,2,2,2,,2,,0,4,2,3,3,2,2,2,2,3,47,4,1.1463595839524516,-0.6150866132230688
3,2,2,3,2,3,2,3,3,3,3,3,3,3,3,3,2,3,3,2,2,3,3,3,3,3,3,3,3,2,2,3,3,3,3,3,3,3,2,3,3,3,3,3,3,3,3,3,3,3,4,3,3,,3,3,3,3,3,2,2,3,3,3,3,3,,3,3,,3,2,3,3,3,3,3,3,3,3,2,2,3,3,3,3,3,2,3,3,3,3,4,3,4,0,2,3,3,2,3,2,1,2,2,2,3,3,3,3,2,3,3,2,3,2,3,3,3,3,3,3,3,3,3,3,3,3,3,3,3,2,3,3,4,3,3,4,2,3,3,3,3,3,3,3,3,4,3,3,4,0,3,4,3,3,3,3,3,2,3,3,3,3,3,3,3,4,3,3,3,3,2,3,3,3,4,3,3,3,3,3,3,3,3,3,3,3,3,3,2,3,2,3,3,3,3,2,3,3,3,3,1,3,3,3,3,3,3,3,3,3,3,4,2,3,3,3,2,3,3,3,3,2,3,4,3,3,0,0,4,3,2,3,3,3,3,4,3,3,3,3,3,2,3,3,3,2,3,3,4,3,3,3,3,3,0,2,1,3,3,3,3,3,3,3,2,3,3,3,3,3,3,3,3,3,3,3,4,4,3,3,0,4,3,3,0,3,3,2,3,3,3,3,3,3,3,4,3,2,3,3,3,4,3,3,3,3,3,3,3,3,3,2,4,0,2,3,3,2,3,3,3,3,3,3,3,3,3,4,3,3,3,3,3,4,3,3,3,3,3,3,3,2,3,2,3,3,2,3,2,3,3,3,0,2,3,2,4,3,2,4,3,1,3,3,2,3,4,3,3,3,3,3,3,1,3,3,4,2,3,3,4,3,4,3,3,3,3,3,,4,,3,0,3,4,4,3,3,3,3,4,48,4,1.1867768595041326,-0.5201230583163429
2,2,2,2,2,2,2,2,2,2,2,2,2,1,2,2,2,2,3,2,2,2,2,2,2,2,2,2,2,2,2,1,2,2,2,2,2,3,2,3,2,3,2,2,3,2,2,2,2,2,3,2,1,0.0,2,2,2,2,2,1,2,2,3,2,3,0,,2,2,,2,2,3,2,2,2,2,3,2,2,1,2,2,2,2,2,2,1,2,2,3,1,3,2,3,1,2,2,2,2,2,2,2,2,2,2,3,3,1,2,2,2,2,2,3,2,0,2,2,3,2,2,2,2,2,3,2,2,2,2,3,2,3,3,2,2,2,3,2,3,2,1,2,2,2,3,2,3,2,3,3,3,0,3,2,3,3,2,3,2,2,2,2,2,2,3,3,3,1,2,3,3,2,3,2,2,3,2,3,2,2,2,3,2,1,2,2,2,3,2,1,2,2,2,2,2,2,1,2,2,2,2,2,2,3,2,2,2,2,2,2,2,3,3,2,2,3,2,2,2,3,3,2,2,3,4,3,2,3,3,4,2,0,3,2,2,3,3,3,2,2,2,2,2,2,3,2,2,2,3,3,2,0,2,3,3,3,2,2,2,2,3,2,3,2,2,3,2,2,2,3,2,2,2,2,2,2,3,3,3,2,2,2,0,2,0,2,2,2,2,2,1,2,3,3,3,2,3,3,2,2,2,2,3,2,2,3,2,2,2,2,3,3,2,3,2,2,3,3,3,2,2,3,2,2,3,3,3,2,3,2,1,2,2,2,3,3,3,3,3,2,2,3,1,2,2,2,2,3,3,2,3,2,0,2,2,3,2,3,2,2,3,2,2,2,2,0,3,3,2,2,2,2,3,2,2,2,3,3,2,2,3,3,3,3,3,2,3,1,3,,3,,2,4,3,4,3,2,2,2,3,3,49,4,1.1367818950509825,-0.6642682735848162
2,2,1,2,2,2,3,3,2,2,2,2,2,2,3,2,2,2,3,2,1,2,2,2,2,2,2,2,2,2,1,2,3,3,2,2,2,3,2,3,3,3,2,3,3,2,1,2,3,3,3,3,2,,2,2,2,2,2,2,2,2,3,3,3,2,,3,2,,2,1,3,2,2,2,3,3,3,2,1,2,2,2,2,2,2,2,2,0,3,2,3,2,3,2,2,3,2,2,0,2,2,2,2,2,3,3,2,2,2,2,3,2,3,2,2,2,2,3,3,2,2,2,2,2,2,2,3,3,3,2,3,2,3,2,3,3,2,2,2,2,3,2,2,3,2,3,2,2,3,0,2,3,2,3,3,3,3,2,2,3,3,2,3,2,2,3,2,2,3,3,1,2,3,3,3,2,3,3,2,2,3,3,1,2,2,2,2,2,2,1,2,2,2,2,3,1,2,1,3,2,0,2,3,2,3,2,2,2,3,2,3,0,2,3,2,2,2,2,2,3,0,2,3,4,3,2,3,3,4,0,2,2,2,3,3,3,3,2,2,1,2,2,3,3,2,2,3,2,3,2,2,2,3,3,2,2,2,2,2,2,2,3,3,2,2,2,2,1,3,2,2,2,2,2,2,2,3,3,3,2,2,3,2,3,2,2,2,2,2,2,2,2,2,2,2,3,3,2,3,2,2,4,3,2,3,2,3,3,2,3,3,3,3,2,2,3,0,2,3,3,3,2,2,3,3,2,2,3,2,2,2,2,2,3,3,0,2,3,2,3,3,2,2,2,3,2,3,2,2,3,3,3,2,1,2,1,3,2,2,3,2,1,2,2,2,3,3,2,2,2,2,2,2,2,2,2,3,0,2,2,2,3,3,3,3,2,2,2,,3,,2,4,2,3,3,2,2,3,3,3,50,4,1.1476031215161655,-0.6006951759790699
2,2,2,2,2,2,2,2,2,2,2,2,2,2,2,2,2,2,3,2,1,2,2,2,2,2,2,2,2,0,2,2,2,3,2,2,3,3,2,2,2,2,2,2,3,2,2,2,2,2,3,2,2,,2,2,2,2,2,2,2,0,2,2,3,2,,2,1,,2,2,3,2,2,2,2,2,2,2,1,2,1,2,2,2,2,2,2,2,2,1,3,2,3,1,2,2,2,2,0,2,2,2,1,2,3,3,2,2,2,2,2,1,3,2,2,2,2,2,3,2,2,2,1,2,2,2,2,2,0,0,2,2,3,2,2,3,2,2,2,1,2,2,2,2,2,3,2,3,3,3,1,3,2,2,3,2,2,1,0,2,2,2,3,3,3,3,2,2,2,3,2,2,3,3,3,2,3,2,2,2,3,2,1,2,2,2,2,2,2,2,2,2,0,2,2,1,2,2,2,1,2,2,2,2,2,2,2,2,2,2,2,3,2,2,2,3,1,2,2,3,2,2,2,3,3,2,2,3,4,2,2,2,2,2,3,3,3,2,2,2,2,2,2,3,3,2,2,2,3,2,2,2,3,2,3,2,2,2,2,2,2,3,3,2,2,2,0,1,2,2,3,2,2,2,2,2,3,3,2,2,3,3,1,2,2,2,2,2,2,1,2,2,2,0,2,3,2,2,2,2,2,3,2,1,2,2,2,3,2,2,0,2,3,2,2,2,2,2,2,3,2,2,2,3,2,2,2,3,2,2,2,2,2,3,3,2,3,3,1,2,2,2,2,2,2,2,2,2,2,2,2,2,2,2,2,1,3,2,2,3,1,2,2,2,2,2,3,1,2,2,2,2,2,2,2,3,3,2,2,3,3,3,3,3,3,2,2,2,,3,,2,3,2,3,3,2,2,2,2,2,51,4,1.1573997233748272,-0.6334472986241548
2,2,2,2,0,2,3,2,2,2,2,2,2,2,2,2,3,3,2,1,0,2,2,2,3,2,1,2,2,2,2,2,2,3,2,1,2,3,1,2,3,3,2,2,3,2,2,2,2,3,3,2,2,,2,2,3,2,2,1,2,2,3,3,3,3,,1,1,,2,2,2,2,2,1,2,3,2,3,1,3,2,2,3,2,2,2,2,3,2,2,3,2,3,2,2,2,2,2,2,2,2,2,2,2,3,2,2,2,1,2,2,1,3,2,2,2,3,3,3,2,2,2,2,2,2,2,3,2,3,2,2,3,3,2,0,3,2,2,3,1,2,2,2,3,3,3,2,3,3,3,2,3,3,3,3,3,3,2,3,3,3,1,2,2,3,3,2,2,1,3,2,3,3,0,3,2,2,3,2,2,3,0,2,2,2,2,3,2,2,2,0,2,2,2,3,2,3,2,3,2,2,2,0,2,2,2,2,3,2,2,3,3,2,2,2,3,2,2,2,2,2,2,2,4,3,2,3,4,5,3,2,3,2,3,2,3,3,2,2,2,2,2,2,3,3,2,3,2,3,2,2,2,2,3,2,2,2,3,3,3,2,3,3,2,2,3,2,2,3,2,3,3,2,3,2,3,3,3,3,3,3,3,2,3,2,2,2,2,2,2,2,2,2,3,3,3,3,2,3,2,2,4,3,2,3,3,3,3,3,3,3,2,3,2,3,0,3,3,2,0,3,2,3,3,2,3,2,3,3,2,3,2,2,3,3,2,3,3,2,3,2,2,2,2,3,2,2,3,2,3,2,3,2,2,3,1,3,2,2,3,2,2,2,2,2,2,3,2,3,2,2,3,3,2,2,2,3,1,1,2,3,3,3,3,2,2,3,3,,3,,2,4,3,4,0,2,3,3,3,3,52,4,1.1623876765083436,-0.6050673613121009
2,2,2,2,2,2,2,2,2,2,2,2,2,2,3,3,3,3,2,1,2,2,2,3,2,2,2,2,2,2,2,1,2,2,2,2,3,2,2,2,2,3,3,3,3,2,2,2,1,0,3,2,2,,2,2,1,1,2,2,1,2,3,3,3,2,,2,2,,1,1,3,3,2,2,2,3,3,2,2,2,2,2,2,2,1,2,3,2,2,2,3,3,3,2,1,3,2,3,2,2,2,2,1,2,3,3,2,2,2,3,2,2,3,2,2,2,2,3,3,3,3,2,2,2,2,2,3,3,2,2,3,2,3,2,3,3,2,2,2,2,3,2,3,2,2,3,3,3,3,3,2,3,2,2,2,3,2,1,3,0,2,2,2,2,3,3,1,0,2,2,1,2,2,0,1,2,3,3,2,2,3,2,2,2,2,2,3,2,2,2,2,2,3,2,2,1,2,0,3,2,2,2,3,2,2,0,3,2,3,3,3,3,2,2,3,3,1,2,3,3,2,2,3,4,3,3,3,3,4,2,2,2,2,2,3,3,2,2,2,2,2,2,2,1,0,2,3,3,3,2,2,3,3,2,3,2,2,2,2,3,2,3,3,3,3,2,2,2,3,2,2,2,2,2,2,3,3,3,3,2,2,3,2,3,2,2,0,3,2,2,2,3,2,3,3,3,3,2,3,2,2,3,2,3,2,2,2,3,2,3,3,2,3,2,2,2,3,3,3,3,2,3,2,3,2,3,2,3,3,2,2,2,2,3,2,2,2,3,2,3,3,2,2,2,2,2,3,2,2,3,2,3,3,2,2,2,3,2,2,3,2,2,2,2,2,3,3,2,2,2,2,2,1,2,2,3,3,2,2,3,3,3,0,3,2,2,0,2,,3,,2,4,2,3,3,2,2,2,3,3,53,4,1.1375899280575543,-0.6188141708787784
2,2,2,2,1,2,2,2,2,2,1,2,2,1,2,2,2,2,3,2,1,3,2,2,2,2,2,2,2,2,2,2,2,3,2,2,3,3,2,3,2,2,3,3,3,3,2,2,2,2,3,2,2,,2,2,2,2,2,2,2,2,3,3,3,3,,2,2,,2,1,2,3,2,2,2,2,2,2,2,2,2,2,2,2,2,2,3,3,3,2,3,2,3,2,0,2,2,2,2,2,2,3,1,2,3,3,2,3,2,3,3,2,3,1,2,2,2,3,3,3,3,2,2,2,2,3,3,2,3,1,2,2,2,2,3,3,2,2,3,2,3,2,2,3,3,3,3,3,3,3,2,3,3,3,3,3,3,1,3,2,3,0,2,2,3,3,2,3,3,3,2,3,3,3,3,2,3,0,2,2,3,3,2,3,2,2,3,3,2,2,2,2,2,2,2,2,2,2,3,2,2,3,3,2,3,2,2,3,3,2,2,3,2,3,2,2,1,2,3,2,2,2,3,4,3,3,2,3,0,2,2,0,2,2,3,3,3,2,3,2,2,2,1,3,3,2,2,0,3,2,2,3,3,2,3,2,2,2,0,2,2,3,3,2,3,3,2,1,3,2,2,2,2,3,2,0,3,3,2,2,2,3,2,2,2,2,2,2,2,1,0,2,2,2,2,3,3,2,3,2,2,3,3,2,3,2,2,3,2,3,3,2,0,3,2,3,3,1,2,3,2,2,2,3,2,2,2,3,2,2,3,2,2,3,3,3,3,3,2,3,2,2,2,2,3,2,2,3,2,2,2,3,3,1,3,2,3,2,2,3,2,2,2,3,2,3,3,2,2,2,2,2,3,2,2,3,3,2,2,3,3,2,3,2,3,2,3,3,,3,,2,4,2,3,3,2,2,2,3,3,54,4,1.1484444444444448,-0.6251031446326759
2,2,2,2,2,2,0,2,2,1,1,2,2,2,1,2,1,2,2,1,0,2,2,2,2,2,0,2,1,2,2,2,2,2,1,1,2,2,2,2,2,2,2,2,3,1,2,2,2,2,2,2,2,,2,2,2,0,2,1,2,2,2,2,2,2,,2,1,,2,1,2,2,2,1,2,2,2,2,1,2,1,2,2,1,1,1,1,2,2,1,2,1,2,2,2,2,2,2,2,2,1,2,1,2,3,2,2,2,0,2,2,2,3,2,2,2,2,2,3,2,2,2,2,2,0,2,0,2,2,2,3,0,2,1,2,2,1,2,2,2,2,2,2,2,2,2,2,2,2,3,2,3,2,2,2,2,3,2,2,2,2,2,2,2,2,3,2,2,2,3,2,2,2,3,2,2,2,2,2,2,3,2,2,2,1,2,3,2,1,2,2,2,2,1,2,1,2,1,3,2,2,2,3,2,2,2,2,2,2,2,2,3,1,2,2,2,1,2,2,2,2,2,2,3,3,2,2,3,4,2,2,2,2,2,2,3,3,2,2,2,2,2,2,2,2,2,2,2,3,1,2,2,2,2,3,2,2,2,2,2,1,2,3,1,2,2,2,1,3,0,2,2,2,2,2,2,3,2,2,2,2,2,2,2,2,2,2,2,2,1,2,3,1,2,0,2,2,2,2,2,2,3,2,2,3,2,2,3,2,3,3,2,3,2,2,3,3,3,2,3,2,2,2,2,2,3,2,3,2,2,2,2,2,3,2,3,2,3,2,2,2,2,2,2,2,2,2,2,2,2,2,3,2,2,2,2,3,2,2,3,2,2,2,2,2,3,3,2,2,2,2,2,2,2,2,2,3,2,1,2,2,3,3,3,2,2,2,2,,2,,2,3,2,3,3,2,2,2,2,2,55,4,1.1466666666666667,-0.5578002641418914
3,3,3,2,2,2,3,3,2,2,2,2,2,1,2,2,2,0,3,3,1,3,3,3,3,3,2,2,2,3,2,2,3,3,3,2,3,3,2,3,3,3,2,3,3,2,3,3,3,3,3,3,3,,2,2,3,3,2,3,2,3,3,3,3,3,0.0,2,2,,2,1,3,3,3,0,3,3,3,2,2,2,2,2,3,2,3,2,2,3,0,2,3,2,3,2,2,3,2,3,3,3,3,3,2,1,3,3,3,3,2,3,3,3,3,2,3,3,3,3,3,3,3,3,2,3,2,3,3,3,3,3,3,3,3,3,3,4,2,3,3,2,3,3,3,3,3,3,3,3,3,3,3,3,3,3,2,1,2,2,3,2,3,3,3,3,3,0,2,3,3,3,1,3,0,2,3,2,3,3,2,3,3,3,3,3,0,3,3,3,2,3,2,3,3,3,3,2,2,2,3,3,3,3,3,3,3,2,3,3,3,1,3,4,2,3,3,0,2,2,3,3,2,3,3,4,3,3,3,4,5,2,2,3,3,3,3,3,3,3,3,3,2,2,3,3,3,2,3,3,4,3,3,2,3,3,3,3,3,3,3,3,2,3,3,3,3,3,3,3,3,3,3,3,2,3,2,3,3,3,3,2,3,3,3,3,3,2,3,2,3,2,2,3,2,2,3,3,3,3,3,2,2,4,3,3,3,3,3,3,3,3,3,3,3,3,3,3,3,3,2,3,3,2,3,2,3,3,2,4,3,2,3,3,2,3,3,3,3,3,2,3,3,2,3,3,3,3,3,3,3,3,3,0,3,3,3,3,3,3,3,3,3,3,3,3,2,3,4,2,3,3,3,3,3,2,2,2,3,2,2,3,3,4,3,3,3,0,3,2,,3,,2,4,2,3,4,3,3,3,3,3,56,4,1.156778836802178,-0.46204368866518153
2,2,2,2,2,2,3,2,2,2,2,2,2,2,3,2,2,3,3,2,1,3,2,3,2,2,2,2,2,2,2,1,3,3,2,1,3,2,1,2,3,3,3,2,3,2,2,2,3,3,3,2,2,,2,2,2,2,2,2,1,2,3,3,3,2,,0,2,,1,1,3,2,3,2,2,3,3,3,2,3,2,3,3,2,3,2,3,2,3,2,3,2,3,2,2,2,2,2,2,3,2,2,2,2,3,3,2,2,2,2,3,2,3,2,2,2,2,3,3,3,3,2,2,2,3,3,3,3,2,2,3,2,3,2,0,3,2,3,2,2,3,2,2,3,2,3,3,3,3,3,1,3,2,3,2,2,3,0,3,2,2,2,3,0,3,3,2,2,2,3,2,3,3,3,3,2,3,3,3,3,3,2,2,2,2,3,2,2,2,0,1,2,2,2,2,1,2,2,3,2,2,2,3,2,2,2,3,2,0,2,3,3,2,2,2,3,2,2,2,3,2,1,3,4,3,3,3,4,5,3,2,2,2,2,2,3,3,2,2,2,2,2,2,3,3,2,3,2,3,2,2,3,3,3,3,2,2,2,3,3,2,3,2,2,2,3,2,2,3,3,2,2,3,3,2,3,3,3,2,3,3,0,2,3,3,2,2,2,2,1,2,3,2,3,2,3,0,2,2,3,2,4,2,3,2,2,3,3,3,3,3,2,3,3,2,3,3,3,2,3,3,3,2,3,2,3,2,4,3,2,0,2,2,4,3,2,2,3,3,3,2,2,2,2,3,2,2,2,2,3,2,3,0,2,2,2,3,2,2,3,2,2,2,3,2,3,3,2,3,2,2,2,2,2,2,3,3,2,2,3,3,3,3,3,3,2,2,2,,3,,2,4,3,4,3,2,3,2,3,3,57,4,1.151877491084539,-0.6179286898875176
2,2,2,2,2,2,2,2,1,2,2,2,2,1,2,0,2,2,3,2,1,3,2,2,2,2,2,2,2,2,2,1,2,3,2,2,0,3,2,2,2,2,2,2,3,2,2,2,3,2,3,2,1,,2,2,2,1,2,2,2,2,2,2,3,2,0.0,2,2,,0,1,2,2,2,2,2,2,3,2,2,2,1,2,2,2,2,1,2,2,2,1,3,2,3,2,2,2,2,2,1,2,2,2,2,2,3,3,2,3,2,2,2,2,3,2,2,2,2,3,3,2,2,2,2,2,2,2,3,3,2,2,3,2,2,2,3,3,2,3,2,2,3,2,2,3,2,2,2,2,3,3,1,3,2,3,2,2,3,1,2,2,2,2,2,3,3,3,2,2,2,3,2,0,3,3,3,2,3,2,2,2,3,2,2,1,0,2,2,2,2,0,1,2,2,2,2,1,2,2,3,2,2,2,3,2,2,2,2,2,3,2,3,3,2,2,2,2,2,2,2,3,2,2,3,4,3,2,3,3,4,2,2,2,2,2,3,3,3,2,3,2,2,2,2,3,2,2,2,2,3,2,2,3,3,2,3,2,2,2,2,2,2,3,2,2,2,3,2,2,3,3,2,2,2,2,2,3,3,3,2,2,2,0,2,2,2,2,2,1,2,1,2,2,2,3,2,3,3,2,2,2,2,3,2,2,0,2,2,3,3,3,3,2,3,2,2,3,3,3,2,3,3,2,2,2,3,3,2,3,2,2,2,2,2,3,3,3,2,3,0,3,3,2,2,2,3,2,3,2,2,3,2,2,3,2,2,2,3,2,2,3,2,2,2,3,2,2,3,2,3,3,2,2,2,2,3,2,3,2,2,3,3,3,3,2,3,2,2,2,,3,,2,3,2,3,3,2,2,3,3,3,58,4,1.1421182266009855,-0.6133665359622272
2,2,2,2,1,0,1,2,2,2,0,2,2,2,2,2,2,2,2,2,1,3,2,0,2,2,2,2,2,2,2,2,2,2,2,2,3,2,2,3,2,3,2,2,3,2,2,2,2,2,3,2,1,,2,1,2,2,2,2,1,2,3,2,3,2,,2,2,,2,1,2,2,2,1,2,2,3,2,1,2,2,2,2,2,2,1,2,0,2,1,2,2,3,1,1,2,2,2,2,2,2,2,2,2,3,2,2,2,2,2,2,2,3,2,2,2,2,3,2,2,2,2,2,2,2,2,2,2,2,2,3,2,2,2,3,3,1,2,2,2,2,2,2,2,2,3,2,3,3,2,2,3,3,3,3,2,3,1,2,2,2,1,2,0,3,3,2,2,2,3,2,2,2,3,3,2,3,3,2,2,3,2,2,2,2,2,3,2,1,2,2,2,2,2,2,1,2,2,2,2,2,2,3,2,2,2,2,2,3,2,2,3,1,2,2,3,0,0,3,3,2,1,2,3,2,2,2,3,4,2,2,2,2,2,2,3,3,2,2,2,2,2,2,3,2,2,2,2,3,2,2,2,0,2,3,2,2,2,2,3,2,3,2,2,2,2,2,2,3,2,2,2,2,2,0,2,3,3,2,2,2,3,2,2,2,2,2,2,1,2,1,2,2,2,2,3,3,2,2,2,2,3,2,2,3,2,2,3,2,3,3,2,3,2,2,3,3,3,2,3,3,2,2,2,2,3,2,3,2,2,2,2,2,3,3,2,2,3,2,2,2,2,2,2,2,2,2,2,2,2,2,3,3,2,2,2,0,2,2,3,2,2,2,2,2,3,3,2,2,2,2,2,2,2,2,3,3,2,2,2,3,3,3,2,2,2,2,3,,3,,2,4,2,3,3,2,2,2,2,3,59,4,1.1412414518674385,-0.6228838266691343
1,2,2,1,2,2,2,2,1,1,1,2,2,1,2,2,1,2,2,2,2,2,1,2,2,1,1,2,1,2,2,1,2,3,2,1,2,2,2,2,2,2,2,2,3,2,2,2,2,2,2,2,1,,1,1,2,2,1,1,2,2,3,2,3,2,,2,2,,1,0,2,2,0,2,2,2,2,2,2,2,1,0,2,2,2,2,2,2,1,1,3,2,2,2,2,1,2,2,2,2,2,2,1,2,3,3,2,2,2,2,2,2,2,2,2,2,2,2,3,2,2,2,2,2,2,2,2,2,2,1,3,2,2,2,3,3,2,2,2,2,2,2,1,2,2,2,2,2,3,3,2,3,2,2,2,2,2,1,2,2,2,2,2,2,3,3,2,2,2,2,1,2,3,2,2,2,3,2,2,2,3,1,0,2,2,2,2,2,2,1,1,2,2,2,2,0,2,1,3,2,2,2,3,1,2,2,2,2,2,2,2,2,2,2,2,2,2,2,2,2,1,2,2,3,3,2,3,3,4,2,2,2,2,2,3,3,3,2,2,2,2,2,2,2,2,1,2,2,3,2,2,2,3,2,3,2,2,2,2,2,1,3,2,2,2,2,2,2,2,2,2,2,2,2,1,2,2,2,2,2,2,2,2,2,2,2,2,2,2,1,2,2,2,2,2,3,3,1,2,2,2,3,2,0,0,0,2,2,2,2,2,2,3,2,2,2,2,2,2,1,2,2,1,2,2,2,2,3,1,1,2,2,2,3,2,2,2,2,2,2,0,2,2,2,3,1,2,2,2,2,2,2,2,1,2,1,3,2,2,3,2,1,1,2,2,2,2,2,2,2,2,2,2,2,2,2,3,2,2,3,3,2,3,2,2,2,2,0,,3,,2,3,2,3,3,2,2,2,2,3,60,4,1.1509794553272814,-0.6024207317674203
2,2,2,2,2,2,2,2,2,2,0,2,2,2,2,2,2,2,3,2,1,2,2,2,3,2,2,2,2,2,2,0,1,0,2,2,2,2,1,3,3,3,2,2,0,2,2,3,3,3,3,1,2,,2,2,2,2,2,2,2,0,3,2,3,2,,2,1,,1,1,2,2,2,2,3,3,2,2,1,2,2,2,3,2,2,2,3,2,3,1,3,2,3,1,2,2,2,2,2,3,2,3,2,2,3,3,2,2,2,2,2,2,3,2,2,2,2,3,3,3,3,2,2,3,2,3,3,2,3,2,3,3,2,2,2,3,2,3,3,2,0,2,2,3,2,3,3,2,3,0,1,3,3,3,3,2,3,2,3,2,3,2,3,2,3,3,2,2,2,3,2,3,3,3,3,2,3,3,2,3,3,3,2,2,2,2,3,3,1,2,2,2,2,2,2,2,2,2,2,3,2,2,3,2,2,2,2,2,2,2,3,3,2,3,2,3,2,2,2,3,2,2,3,4,3,2,3,3,4,2,2,2,0,2,2,3,3,2,3,2,2,2,2,3,3,2,2,2,3,2,2,2,3,3,3,2,2,2,3,3,2,3,3,2,3,3,3,2,3,2,2,2,1,2,2,3,0,3,3,3,3,3,2,2,3,2,2,2,2,2,2,3,2,3,2,3,3,2,3,2,2,3,3,2,3,3,3,3,3,3,3,3,3,3,3,3,3,3,3,3,3,2,2,3,3,3,2,3,3,2,3,2,2,3,3,2,3,3,2,2,3,2,2,3,3,2,2,3,3,3,3,3,2,2,2,2,3,2,2,3,2,2,3,2,3,3,3,2,2,2,2,3,2,2,2,2,3,2,2,2,3,3,3,0,3,2,3,2,,3,,2,4,2,3,3,2,2,3,2,3,61,4,1.1432208784213882,-0.5783349358974134
2,2,2,2,2,2,2,2,1,2,2,1,2,2,2,2,2,2,2,2,1,2,1,2,2,2,0,2,2,2,2,2,2,2,2,1,2,2,1,2,2,2,1,2,2,2,2,2,2,2,2,2,0,,2,2,2,0,2,2,1,2,2,2,3,2,,2,1,,1,2,2,2,2,2,0,2,2,2,1,2,1,2,2,1,1,0,2,2,2,1,3,2,3,2,2,2,2,2,2,2,2,2,1,2,2,2,1,2,2,2,2,2,3,1,2,2,2,2,3,2,2,2,2,2,2,2,2,2,2,2,2,3,3,2,2,3,2,2,2,1,2,2,2,2,2,3,2,2,3,3,2,3,2,2,2,2,2,2,2,2,2,2,2,2,3,3,2,1,2,2,1,2,2,2,0,2,3,2,2,2,3,2,2,1,1,1,2,2,1,1,0,2,2,2,2,1,2,2,2,2,2,1,3,2,2,2,2,2,2,2,0,3,2,2,2,2,2,2,2,2,2,1,2,3,3,2,3,3,4,2,1,2,2,2,2,3,2,2,2,2,2,1,2,3,2,2,2,2,3,1,2,2,2,2,3,2,2,2,2,2,2,3,2,2,2,2,2,2,3,2,2,2,2,2,2,2,2,3,2,2,2,3,2,2,2,2,2,2,2,1,2,2,2,2,2,3,3,2,2,2,2,3,2,2,2,2,2,0,2,2,3,2,2,2,1,3,3,3,2,2,2,2,2,2,2,2,2,3,2,2,2,2,2,3,3,2,3,3,2,2,2,2,2,1,2,2,0,2,2,2,2,2,2,1,2,2,3,2,2,3,2,2,2,2,2,2,2,1,2,2,2,2,2,2,3,3,3,2,2,3,3,2,3,3,3,2,2,2,,3,,2,3,2,3,3,2,2,2,2,2,62,4,1.1492727736667516,-0.6087139554924383
2,2,2,2,2,2,2,2,2,2,2,2,2,2,2,2,2,2,3,1,1,2,2,2,2,1,1,2,2,2,0,2,2,2,1,1,2,2,2,1,2,2,2,2,3,2,2,2,2,2,2,2,1,,2,2,2,2,2,0,2,1,2,2,3,2,,2,2,,1,1,2,2,2,1,2,2,2,2,1,2,1,2,2,2,2,2,2,0,2,1,3,1,3,1,2,2,2,2,2,2,2,2,2,2,3,2,2,2,2,2,2,2,3,2,2,2,2,3,3,2,2,2,2,2,2,2,2,2,0,0,3,2,3,2,2,3,0,3,2,2,2,1,2,2,2,2,2,2,2,3,1,3,2,3,3,2,3,1,2,2,2,2,2,3,3,3,2,2,3,3,2,2,3,3,2,2,2,3,2,2,3,2,1,0,2,2,3,2,1,2,2,2,2,2,2,1,2,2,2,2,2,2,3,2,2,2,2,2,0,2,3,3,2,2,2,3,2,2,2,2,2,2,2,3,2,2,2,3,4,2,2,3,2,2,2,3,3,2,2,2,2,2,2,3,2,2,2,2,3,2,2,2,2,3,3,2,2,2,2,2,2,3,2,2,2,2,2,2,3,3,2,2,2,2,2,2,3,3,2,2,2,2,2,2,2,2,2,2,2,1,2,2,2,3,2,3,2,2,2,2,2,3,2,2,2,2,2,3,2,3,3,2,3,2,2,3,2,3,2,3,3,2,2,2,2,3,1,3,2,2,2,2,2,0,3,2,2,3,2,2,2,2,2,2,3,2,2,2,2,2,2,2,2,2,2,2,3,2,2,3,2,2,2,2,2,3,3,2,2,2,2,2,2,2,3,3,3,2,2,2,3,3,3,3,3,2,2,2,,0,,2,4,2,3,3,2,2,2,2,3,63,4,1.1465540005281225,-0.5991809467529191
2,2,2,2,2,2,2,2,2,2,2,2,2,2,2,2,2,3,3,2,1,2,2,2,2,2,2,2,2,2,0,1,2,2,2,2,2,2,2,2,3,2,2,3,3,2,2,2,2,2,3,0,2,,2,2,2,2,2,2,2,1,2,2,2,2,,3,2,,1,2,2,2,2,2,1,2,2,2,1,2,1,2,2,2,2,1,2,2,3,1,3,2,3,1,1,2,2,1,2,2,1,2,2,2,3,3,1,2,2,2,2,2,2,0,2,2,2,2,2,2,3,2,2,1,2,2,2,2,3,2,2,3,3,2,2,3,2,2,3,2,2,2,3,2,2,3,3,3,3,3,2,3,2,3,3,2,3,2,2,2,3,2,2,2,3,3,2,2,2,2,2,2,3,3,3,2,2,2,2,2,3,3,2,2,2,1,2,2,1,1,2,2,2,2,2,2,3,2,2,2,1,2,3,2,2,2,2,3,2,2,2,3,2,2,2,2,2,2,2,3,2,2,3,3,2,2,2,3,4,2,2,2,2,2,3,3,2,2,2,2,2,0,0,3,0,1,2,0,2,2,2,2,3,2,2,2,2,2,2,3,2,3,2,2,2,3,2,2,0,2,2,2,2,2,2,2,3,3,3,2,2,3,2,2,2,2,3,2,2,1,2,3,3,3,2,3,3,2,2,2,2,3,2,2,2,2,2,3,3,3,0,2,3,2,2,3,3,2,2,3,2,2,2,2,2,3,2,3,2,2,2,2,2,3,3,2,3,3,2,2,2,2,2,2,3,2,2,3,0,2,2,2,2,2,2,2,3,2,2,3,2,2,2,2,2,3,3,2,3,2,2,2,2,1,2,3,3,2,2,3,3,3,3,3,3,3,2,3,,3,,2,3,2,3,3,2,2,2,2,3,64,4,1.1457185778668004,-0.6150595134714036
2,2,2,1,2,2,2,2,2,2,2,2,2,2,3,2,3,3,3,2,2,3,2,3,2,2,2,2,2,2,2,2,2,2,2,2,3,2,2,3,2,2,3,2,0,2,2,3,2,3,3,2,1,,2,2,1,2,2,1,2,2,3,2,3,2,,2,2,,2,2,3,3,2,2,1,3,2,3,0,2,2,2,3,2,2,1,2,2,3,2,3,2,3,2,2,3,2,2,2,2,2,2,2,2,3,3,2,2,2,2,2,2,2,1,2,1,2,0,2,3,2,2,1,2,2,2,2,3,2,2,2,3,3,2,2,3,2,3,2,2,3,0,3,2,2,3,2,3,3,3,1,3,2,3,3,2,2,1,2,2,2,2,3,3,3,3,2,2,3,3,2,3,3,3,3,2,3,3,2,2,3,2,2,2,2,2,3,2,1,2,2,2,2,2,2,2,3,2,2,2,2,3,3,3,2,2,2,2,3,2,2,3,2,2,2,3,1,2,2,2,2,1,3,4,3,2,3,0,4,3,2,3,2,2,3,3,3,2,2,2,2,0,2,2,2,2,2,2,3,2,2,2,3,2,3,2,2,2,3,3,2,3,0,2,2,3,2,2,3,2,2,2,2,2,2,3,3,3,0,2,3,3,2,3,2,2,2,2,2,1,1,2,3,2,2,3,3,2,3,2,2,3,2,3,2,2,2,3,2,3,3,2,3,2,2,0,3,3,2,3,2,3,2,3,2,2,2,3,2,2,2,2,3,3,3,3,3,3,2,2,3,2,2,2,3,2,2,2,1,2,2,2,2,2,2,2,3,1,2,3,2,2,2,2,2,3,3,1,3,2,2,2,2,1,3,3,3,1,2,3,3,3,3,3,3,2,3,3,,3,,2,4,3,4,3,2,2,0,3,3,65,4,1.1504343850022867,-0.6457403822354701
2,2,2,2,2,2,2,2,2,2,2,2,2,2,3,2,2,2,2,3,2,2,2,2,2,2,1,2,2,3,2,2,2,2,2,2,3,3,1,2,2,2,2,2,3,3,2,3,2,3,3,2,2,,2,2,2,2,2,2,2,2,2,2,3,2,,3,2,,2,1,2,2,2,2,2,2,3,2,1,1,1,2,0,2,1,2,2,2,2,1,3,2,3,1,1,2,0,2,2,3,2,2,1,2,2,2,2,3,2,2,2,2,2,0,2,2,2,2,3,3,3,2,2,2,2,2,3,2,2,2,3,3,3,2,0,2,2,2,3,2,2,2,1,0,2,3,2,3,3,2,2,3,2,2,2,3,3,2,2,3,2,2,2,3,3,3,2,2,3,3,2,2,3,3,3,3,3,2,2,2,2,3,2,0,2,2,3,2,2,2,2,2,2,2,2,1,3,2,2,2,2,2,3,2,2,2,2,3,3,0,3,3,2,2,2,2,2,2,2,3,1,2,2,3,3,3,3,3,4,3,2,3,2,2,2,3,3,2,3,2,2,2,2,3,2,2,2,3,3,2,2,2,3,2,3,2,2,2,2,3,2,3,3,2,3,2,2,2,3,2,2,2,2,2,2,3,2,3,2,2,0,3,2,3,2,2,2,2,2,2,2,2,2,2,2,3,3,2,2,2,2,3,3,2,3,2,2,3,2,0,3,2,3,2,2,3,3,2,2,3,1,2,2,2,2,3,2,3,2,2,3,2,2,3,3,3,2,3,2,3,3,2,2,2,3,3,3,2,2,3,2,2,3,2,2,2,3,2,2,3,2,1,2,2,2,3,3,2,2,2,2,2,2,1,3,3,3,2,2,2,2,3,3,3,3,2,3,3,,0,,2,3,3,4,3,2,2,3,2,3,66,4,1.1471369896110173,-0.5852585511159654
2,2,2,2,2,2,2,2,2,2,2,2,2,2,3,2,3,3,3,2,1,3,2,2,2,2,2,2,2,3,2,1,2,3,2,2,3,3,2,3,2,3,2,2,3,2,2,3,2,3,3,3,1,,2,3,2,2,2,2,2,2,3,2,3,2,,2,2,,2,1,3,3,2,2,3,3,2,2,1,2,2,2,3,2,2,1,2,2,2,1,3,3,3,2,2,2,2,2,3,2,2,2,2,2,3,3,2,0,2,2,3,2,3,2,2,2,3,3,3,2,2,2,2,2,2,2,3,3,3,2,3,3,2,2,3,3,2,3,2,2,3,2,3,2,3,3,2,3,3,3,2,3,0,2,3,2,3,2,3,0,2,2,3,2,3,3,1,2,3,3,1,3,3,3,2,3,3,3,2,2,3,3,2,2,2,2,3,3,2,2,2,2,3,2,2,2,2,2,3,2,2,3,3,2,2,1,3,3,3,3,3,3,2,2,2,2,2,2,3,2,2,0,3,4,3,2,2,3,4,2,2,2,2,2,2,3,3,0,2,2,2,2,2,2,2,2,3,3,3,2,2,2,3,2,3,2,2,2,3,3,2,3,3,2,3,2,2,2,2,2,2,2,2,2,2,3,3,3,3,2,2,3,2,3,3,2,2,2,2,2,2,2,2,2,2,3,3,1,3,2,2,4,3,2,3,2,2,3,2,3,3,2,3,2,2,2,3,3,2,3,2,3,2,2,2,2,0,3,2,2,2,2,2,3,3,2,2,2,2,2,3,2,2,2,0,3,2,2,3,2,2,3,2,2,2,2,0,2,2,3,2,2,1,2,2,3,3,1,2,2,2,3,2,2,0,3,3,2,2,3,3,3,3,2,3,2,2,2,,3,,3,4,2,3,3,2,2,3,2,0,67,4,1.1461176997091076,-0.5919654698719442
2,2,2,1,2,2,2,2,1,2,2,2,2,2,2,2,2,3,3,2,1,3,2,2,2,2,2,2,2,2,2,2,3,3,0,2,2,3,2,2,3,2,1,2,3,2,2,2,2,3,3,2,1,,2,2,2,2,2,1,2,2,3,2,3,2,,3,2,,2,2,3,3,2,2,2,3,3,2,2,2,2,2,2,2,2,2,2,2,3,0,3,2,3,2,2,2,2,2,2,2,2,2,2,2,3,3,2,2,2,2,2,1,3,2,2,3,2,3,3,2,2,2,2,3,1,0,3,3,3,0,2,3,3,2,3,3,2,2,2,1,2,2,3,2,2,3,0,3,3,3,2,3,2,3,3,2,0,2,3,3,2,2,3,3,3,3,2,2,3,3,2,3,3,3,2,3,3,2,2,2,3,2,1,2,2,2,3,3,1,2,2,2,2,1,2,2,2,1,3,2,2,2,3,2,3,2,2,2,2,2,3,3,2,2,2,2,2,2,0,2,2,2,3,0,3,3,3,3,4,2,2,3,2,2,3,0,3,2,2,2,2,2,2,2,3,2,3,3,3,2,2,2,3,3,3,2,2,1,2,3,2,3,2,3,2,2,2,2,3,2,3,3,2,2,2,3,3,3,3,2,3,3,2,2,0,2,3,2,2,2,2,2,2,3,2,3,3,2,3,2,2,4,3,2,3,2,2,3,2,3,3,2,3,2,2,3,3,2,2,2,3,2,2,3,3,3,2,3,3,2,3,2,2,3,3,3,3,3,2,3,3,2,2,2,2,2,1,3,2,2,3,3,2,2,2,2,3,2,2,3,2,1,2,3,2,3,3,2,3,2,2,2,2,2,2,3,3,2,2,3,3,3,3,3,3,3,3,3,,3,,2,4,3,4,3,2,2,2,3,3,68,4,1.1727906976744191,-0.7156227833879103
1,2,2,1,1,2,2,2,2,2,2,2,2,2,2,1,2,2,0,2,1,2,2,2,2,1,1,2,2,1,1,0,1,2,2,2,2,2,1,2,2,2,2,2,3,2,2,2,1,2,2,1,2,,2,1,2,0,2,2,1,1,2,2,3,2,,2,1,,1,1,2,2,2,1,2,2,2,2,1,2,1,2,2,2,2,0,2,2,2,1,3,2,3,1,0,2,2,2,0,2,2,2,1,1,2,2,2,2,2,1,2,2,3,2,1,2,2,2,2,2,2,2,2,2,2,2,2,2,2,1,2,2,2,2,2,3,0,2,2,1,2,2,2,2,2,2,2,2,3,2,2,3,2,2,2,2,2,1,2,2,2,2,2,2,3,3,1,2,2,2,1,2,2,2,2,2,2,2,1,2,3,2,2,2,2,2,2,2,1,1,1,2,2,2,2,1,2,1,2,2,2,2,2,2,2,2,2,2,2,2,2,2,2,2,2,2,1,2,2,2,1,1,2,3,2,2,2,3,4,2,2,2,2,2,2,3,2,1,2,2,2,2,2,2,2,1,2,2,2,2,2,2,2,2,2,2,2,2,2,2,2,3,2,2,2,2,2,1,2,2,2,2,1,0,2,2,2,2,2,2,2,3,2,2,2,2,2,2,2,1,2,2,2,2,2,3,2,2,2,2,2,3,2,0,2,2,2,2,2,2,3,1,2,1,2,2,2,2,2,2,2,2,1,2,2,2,1,3,2,2,2,2,2,3,2,2,2,2,2,2,2,2,2,1,2,2,2,2,2,2,2,2,2,1,2,1,3,2,1,2,2,1,2,2,1,2,2,2,2,2,0,2,2,2,2,2,3,2,2,2,2,2,3,2,2,2,2,2,,3,,2,3,2,3,3,2,2,2,2,2,69,4,1.119280319857841,-0.6305676496043626
1,2,2,2,2,2,2,2,2,2,2,2,0,2,2,2,2,3,3,2,1,2,2,2,2,2,1,2,2,2,2,2,3,3,2,2,2,3,1,2,2,2,2,1,2,2,2,3,2,3,3,2,1,,2,2,2,2,2,2,2,2,3,0,3,2,,2,2,,2,2,3,2,2,1,2,3,3,2,1,2,1,2,3,2,2,2,2,2,2,2,3,2,3,2,2,3,2,2,2,3,2,2,2,2,3,2,2,2,2,3,2,0,3,2,2,2,2,2,3,2,2,2,2,2,2,2,2,2,2,2,2,3,3,0,2,3,2,2,2,1,3,2,2,2,2,3,2,3,3,3,2,3,2,2,3,2,2,1,3,2,2,2,2,2,3,3,2,2,3,3,2,3,3,3,2,3,2,3,2,2,3,3,2,2,2,2,3,2,2,2,2,2,2,2,2,2,2,1,3,2,2,0,3,2,2,2,2,2,2,2,3,3,2,1,0,3,2,2,0,2,2,1,2,3,3,2,2,3,4,3,2,2,2,2,0,3,3,2,2,2,2,2,2,3,2,1,2,3,3,2,2,2,2,2,3,2,2,1,3,3,2,3,3,2,2,3,2,2,3,2,2,2,2,2,2,3,2,3,3,2,3,3,2,3,2,2,3,2,2,2,2,2,2,3,3,3,3,2,2,3,2,4,3,2,2,0,2,3,2,2,3,1,3,2,2,2,3,2,2,0,3,2,2,3,2,2,2,3,3,2,3,2,3,3,3,2,3,3,3,2,2,2,2,2,3,2,2,2,2,3,2,3,2,2,2,2,3,2,2,3,2,1,2,2,2,3,3,1,3,2,2,2,3,2,2,3,3,2,2,2,3,3,3,3,3,2,2,3,,3,,2,4,2,3,3,2,2,2,3,3,70,4,1.151544636341523,-0.6463932073578468
2,2,2,2,2,2,2,1,1,2,2,2,2,2,2,2,2,2,2,2,1,2,2,2,0,1,2,2,2,2,2,2,2,2,2,0,2,2,2,3,2,2,2,2,3,2,2,2,2,2,3,2,2,,2,2,2,2,2,2,2,2,2,2,3,2,,2,2,,1,2,2,2,2,2,2,2,2,2,1,2,2,2,2,2,2,1,2,2,3,1,3,2,3,2,1,3,2,2,1,2,2,2,0,2,0,2,1,2,2,2,2,2,0,1,2,2,2,3,3,3,2,2,2,1,2,2,2,2,3,2,2,2,3,2,3,3,2,2,2,2,2,2,2,2,2,0,2,2,2,3,2,3,2,2,2,3,3,2,2,3,2,2,2,2,3,3,2,2,3,2,2,2,3,3,2,3,3,2,2,2,3,3,2,2,2,2,3,2,1,2,2,1,2,2,2,1,2,2,2,2,2,2,3,2,2,2,2,3,2,2,3,3,2,2,2,2,2,2,2,2,2,1,2,3,3,2,2,3,4,3,2,2,0,2,3,3,2,2,2,3,2,2,2,3,2,2,2,2,3,2,2,2,3,2,3,2,2,2,0,2,2,3,2,2,2,2,2,0,2,2,2,2,2,2,2,3,3,3,2,2,2,3,2,2,2,2,2,2,2,1,2,2,2,3,2,3,3,1,2,2,2,3,2,2,3,2,2,3,2,2,3,2,3,2,2,3,3,3,2,3,2,2,2,2,2,3,2,3,2,2,3,2,1,3,3,2,2,3,2,2,2,2,2,2,3,2,2,2,2,2,2,3,2,1,2,2,3,2,2,3,2,2,2,2,2,3,3,2,3,2,2,0,2,2,3,3,3,2,2,2,3,3,3,3,3,3,2,3,,3,,2,3,2,3,3,2,2,2,3,3,71,4,1.1536016949152545,-0.6109680295324544
2,1,2,2,2,2,2,2,2,2,2,2,2,2,2,2,2,3,3,2,1,3,2,2,2,2,2,2,2,2,2,2,2,2,2,1,3,2,2,3,2,2,2,3,3,2,2,2,2,3,3,3,1,,2,2,2,2,2,2,2,2,2,2,3,2,,3,2,,2,2,3,3,2,2,2,3,3,2,1,2,2,1,2,2,2,1,0,2,3,1,3,2,3,0,2,3,2,2,1,2,2,2,2,2,3,3,2,2,2,2,3,2,3,1,2,2,2,2,2,2,0,2,1,2,2,2,3,2,3,2,3,2,3,2,3,3,2,3,2,2,2,2,2,2,2,3,2,3,3,3,2,0,2,3,3,3,3,2,2,3,2,2,2,2,2,3,2,2,3,2,2,2,2,3,3,3,3,2,2,0,3,2,2,2,2,2,3,2,2,0,2,2,2,2,2,1,3,1,2,2,2,2,3,2,0,2,2,2,3,2,3,3,2,2,2,2,2,2,2,2,2,2,2,3,3,2,3,3,4,2,2,2,2,2,2,3,3,2,2,2,2,2,2,0,2,1,2,3,3,2,2,2,2,2,3,2,2,2,2,3,1,3,2,2,2,2,2,2,3,2,2,2,2,3,2,3,3,3,2,2,2,3,2,3,2,2,3,2,2,2,2,0,3,3,3,3,3,1,3,2,1,3,0,2,3,2,2,3,2,3,3,2,3,3,2,3,3,3,2,3,2,2,2,2,3,3,2,3,2,2,2,2,2,3,3,2,2,3,2,2,2,2,2,2,3,2,3,2,2,2,3,3,3,2,3,2,3,2,2,3,2,2,2,2,1,3,3,2,2,2,2,2,2,2,2,3,3,2,2,2,3,3,3,3,3,3,2,3,,3,,2,3,3,4,3,1,2,2,3,3,72,4,1.1469954512808238,-0.668532248050728
2,2,2,1,1,2,2,2,2,1,1,1,1,1,1,2,1,0,2,2,1,2,2,2,2,2,2,2,1,2,2,1,2,3,2,2,2,3,2,2,2,2,2,2,3,2,2,2,2,2,2,2,2,,2,2,2,2,2,0,2,2,3,2,3,2,,2,2,,2,1,2,3,2,2,2,0,2,2,2,2,2,0,2,2,2,2,2,2,2,0,3,2,3,2,2,2,2,2,2,2,2,2,1,2,3,3,2,2,2,2,2,2,3,2,2,2,2,3,3,2,3,1,2,2,2,2,3,2,2,2,2,2,2,2,2,3,2,3,2,1,2,2,2,3,2,3,2,3,3,3,0,3,2,2,2,2,2,2,3,2,2,2,2,3,3,0,1,2,2,3,2,2,3,2,1,2,3,2,2,2,3,3,2,3,2,2,2,2,1,2,2,2,2,2,2,1,2,2,2,2,2,2,3,2,2,2,2,2,3,2,2,3,2,1,2,2,2,2,2,2,2,2,2,3,3,2,3,3,4,2,2,2,2,2,3,3,3,2,2,2,2,1,2,2,3,2,2,3,3,2,2,2,2,0,3,2,2,2,2,3,2,3,2,2,3,2,2,2,2,2,2,3,2,2,1,3,3,3,2,2,2,3,2,2,2,2,2,2,2,2,2,2,2,2,2,3,3,2,3,2,2,3,2,2,3,2,2,3,2,3,3,2,3,2,2,2,3,2,3,3,2,2,2,3,2,2,2,3,2,2,2,0,1,3,2,3,2,3,2,2,2,2,2,2,2,2,3,2,2,3,2,2,2,2,2,2,3,2,1,3,2,2,0,2,1,2,3,2,2,2,2,2,2,2,2,2,3,2,2,3,3,2,3,2,2,3,3,2,,3,,2,3,2,3,3,2,2,2,3,3,73,4,1.1745623069001032,-0.6393133010570631
2,2,2,2,2,2,1,2,2,2,2,2,2,1,2,2,2,3,3,2,2,3,2,2,2,2,2,2,2,2,2,1,2,2,2,2,2,2,2,2,2,2,2,2,3,2,2,2,1,2,3,2,1,,2,1,2,2,2,1,2,2,2,2,3,2,,3,2,,2,2,2,3,2,2,2,2,2,2,1,2,1,2,2,2,2,2,2,2,3,1,3,2,3,2,1,2,2,2,2,2,1,2,1,2,3,2,2,2,3,2,2,2,2,1,1,1,2,2,2,3,2,0,0,2,2,2,2,2,2,1,3,3,2,2,3,3,2,2,2,0,2,2,2,2,0,3,2,3,3,3,2,0,2,2,3,2,2,2,2,3,2,2,2,2,3,3,2,2,2,2,1,2,2,0,2,2,2,2,2,2,3,2,2,2,2,2,2,2,1,2,2,2,2,1,2,1,2,2,2,2,2,2,3,2,2,2,2,2,2,2,3,3,2,2,3,2,2,2,3,2,2,1,2,3,3,2,3,3,4,2,2,2,2,2,3,3,3,2,2,2,2,2,2,2,2,1,2,3,3,2,2,2,0,2,3,2,2,1,2,3,2,3,1,2,2,2,2,2,2,2,0,2,2,2,2,3,3,3,2,2,2,3,2,2,2,2,2,2,2,2,2,2,2,3,2,3,3,2,2,2,1,3,2,2,3,2,2,2,2,3,3,2,3,2,2,2,2,3,2,2,2,2,2,3,2,3,2,3,2,2,0,1,2,3,3,2,2,3,2,2,2,2,2,2,3,2,2,2,2,2,2,2,2,2,2,2,3,1,2,3,2,2,2,2,0,3,3,2,2,2,2,2,2,2,2,3,3,2,2,3,3,3,3,3,3,2,2,3,,3,,2,3,3,4,3,2,2,2,2,3,74,4,1.1385634233316353,-0.6463794508341449
2,1,2,2,2,2,2,2,2,2,2,2,2,2,2,2,2,2,0,2,1,2,2,2,3,2,2,1,2,2,2,2,2,3,2,2,3,3,2,3,2,3,2,3,3,2,0,2,3,3,3,3,2,,2,2,2,2,2,1,2,2,3,2,3,2,,2,2,,2,1,3,2,2,2,2,3,2,2,1,2,2,1,2,2,2,2,2,2,2,1,2,2,3,1,2,2,2,2,2,2,2,2,2,2,3,3,2,2,2,2,2,2,3,2,2,2,2,3,3,0,2,2,2,2,2,3,3,2,2,2,3,2,2,2,2,3,2,3,2,2,2,2,2,2,2,3,2,3,3,3,1,3,2,3,3,2,2,2,2,2,2,2,3,2,2,3,2,2,1,2,1,2,0,2,2,0,3,3,2,2,3,2,2,2,2,2,2,3,1,2,2,2,0,2,2,1,2,2,3,2,2,2,3,2,2,2,2,2,3,2,3,3,2,2,2,3,2,2,3,2,2,2,2,3,3,2,3,3,4,2,2,2,2,2,2,3,3,2,3,2,2,2,2,2,2,2,2,2,3,2,2,2,3,3,3,2,2,2,2,3,0,3,2,2,3,2,2,2,3,3,2,2,2,2,2,3,3,3,2,2,2,3,2,2,2,2,2,2,2,2,1,3,3,3,2,3,3,2,3,2,2,3,2,2,3,2,3,3,3,3,3,2,3,2,2,3,2,3,3,3,3,2,2,2,3,3,2,3,2,2,3,2,2,3,2,2,3,3,2,3,3,2,2,2,3,2,3,2,2,2,3,3,2,1,2,1,3,2,2,3,2,2,2,2,2,3,3,2,2,0,2,2,2,2,2,2,3,2,2,0,3,3,3,3,3,3,3,2,,3,,0,4,2,3,3,2,2,2,3,3,75,4,1.1394101876675606,-0.6233533865303812
2,2,2,2,2,3,3,2,2,3,2,3,2,3,3,3,3,3,3,2,2,3,2,3,3,2,2,3,2,2,0,2,2,3,2,2,2,3,2,2,3,3,3,3,3,2,2,3,3,3,3,0,2,,2,2,2,2,3,3,2,2,3,3,3,3,,3,3,,2,1,3,3,3,2,3,3,3,2,2,2,1,3,3,3,3,2,3,3,3,2,4,3,3,2,2,3,2,3,2,3,2,3,1,3,3,3,2,2,2,3,3,1,3,2,3,2,3,3,2,3,3,2,3,2,2,2,3,3,3,2,3,3,3,3,3,3,2,3,3,2,3,2,2,2,1,3,3,3,0,3,3,3,2,3,3,3,3,2,3,3,3,2,3,3,3,4,2,2,3,3,2,3,3,3,3,3,0,3,3,3,3,2,2,2,2,1,3,2,2,2,1,3,3,1,3,2,3,2,3,3,2,3,3,3,3,2,3,3,2,2,3,3,2,2,3,3,2,3,3,3,2,2,3,4,3,3,3,4,5,3,3,3,3,3,3,3,3,2,3,2,2,3,3,1,3,2,3,3,3,3,3,3,3,3,3,3,2,2,3,3,2,3,3,3,2,3,3,3,3,2,3,3,3,2,3,3,3,4,3,3,3,3,2,3,2,2,3,3,3,3,3,2,3,3,3,4,3,2,3,3,2,4,3,2,3,3,3,3,3,3,3,3,3,3,3,3,0,3,3,3,3,2,3,3,2,3,2,4,3,3,2,0,3,4,3,3,3,3,3,3,3,3,3,2,3,3,3,3,3,3,0,3,3,2,3,2,3,2,2,3,2,2,0,3,2,2,0,2,3,3,3,2,3,2,3,3,3,3,2,3,3,2,4,3,3,3,3,3,,3,,3,4,3,4,3,2,3,3,3,0,76,4,1.1465949155687507,-0.5868228582130821
2,2,2,2,2,2,2,2,2,2,2,2,2,2,2,0,1,2,3,2,1,2,2,2,2,2,1,2,2,2,2,2,2,3,2,2,2,2,2,3,2,2,2,2,3,3,0,2,1,3,3,2,0,,2,1,2,2,2,2,2,2,3,2,3,2,,2,2,,2,2,3,3,2,2,2,3,3,2,1,2,2,2,3,2,2,1,2,2,3,1,3,2,3,2,2,2,3,2,2,2,2,0,2,2,3,3,2,2,2,2,2,1,3,2,2,3,2,2,3,2,0,2,1,2,2,2,3,2,3,2,3,2,2,2,3,3,2,3,2,2,2,2,2,2,2,3,2,3,3,3,2,3,2,3,3,2,2,2,2,3,2,2,3,2,3,3,2,2,2,3,2,2,3,3,2,3,3,3,2,2,3,2,2,2,2,2,3,3,1,2,2,2,2,2,2,1,2,1,3,2,2,2,0,2,2,2,2,2,3,2,3,3,2,2,2,3,1,2,3,3,2,1,2,3,3,2,3,3,4,2,2,2,2,2,2,3,3,2,2,2,2,2,2,3,2,2,2,3,3,0,2,2,3,3,3,2,2,2,3,3,2,3,2,2,2,2,0,2,3,2,2,2,2,2,2,3,3,3,3,2,2,3,2,2,2,2,2,2,2,2,2,2,2,3,3,3,3,2,3,2,2,4,3,2,3,2,2,3,2,3,3,2,3,2,2,3,3,3,2,3,3,2,2,3,3,3,2,3,3,2,2,2,2,3,3,2,3,3,2,0,2,2,2,2,2,3,3,2,3,2,3,3,3,2,2,2,3,2,2,3,2,2,2,2,2,3,3,2,2,2,2,2,3,2,2,3,3,2,2,3,3,3,3,3,3,3,3,3,,0,,2,4,3,4,3,2,2,2,3,3,77,4,1.1451340255976818,-0.6829528502318747
2,2,2,2,2,2,2,2,2,2,2,3,2,2,3,3,3,3,2,1,2,3,3,3,2,2,2,2,2,2,1,2,2,3,2,2,3,3,2,2,2,2,2,3,3,3,3,2,0,2,3,2,2,,2,2,3,2,3,2,2,2,3,2,3,2,,2,2,,1,1,3,3,2,2,2,3,3,2,2,2,1,2,3,2,1,1,3,3,3,2,3,3,0,2,2,3,2,3,2,2,2,3,1,1,2,3,2,2,2,3,3,2,3,2,2,2,2,3,3,3,2,2,2,2,2,2,2,3,3,2,3,3,3,2,3,3,2,3,3,2,3,0,2,2,2,3,3,3,3,3,2,3,2,3,0,3,2,2,3,2,3,2,3,3,3,3,1,2,3,3,2,3,2,3,3,2,3,3,2,2,3,3,2,0,0,0,3,3,2,2,2,3,3,2,2,2,2,2,3,3,3,3,3,2,3,2,3,3,3,2,3,3,2,3,3,3,2,3,3,3,2,2,3,4,3,3,3,3,4,2,2,3,2,2,3,3,0,2,0,3,2,2,2,3,2,1,2,3,3,2,3,2,3,3,3,3,2,2,3,3,2,3,3,2,3,0,3,3,3,2,3,2,3,2,2,3,3,3,3,2,2,3,2,3,2,2,2,2,3,2,2,3,2,2,3,3,3,2,2,3,2,4,3,2,2,2,2,3,3,3,3,2,3,3,3,3,3,3,3,3,2,2,3,3,2,3,2,3,2,3,2,2,2,4,2,2,3,3,3,3,3,2,3,3,3,3,2,3,2,3,2,3,3,2,2,2,3,2,2,3,2,2,2,2,2,3,3,1,3,3,3,2,3,2,2,3,3,2,2,3,3,3,3,3,3,2,2,3,,3,,3,4,3,4,3,2,3,3,3,3,78,4,1.1501953125000006,-0.6215816490137859
2,2,2,2,2,3,2,3,3,2,2,3,3,2,3,3,3,3,3,2,2,3,3,3,3,2,2,2,3,2,2,2,2,3,2,2,3,3,2,2,3,3,3,3,3,3,2,2,2,3,3,3,2,,2,2,2,2,3,1,2,2,3,3,3,3,,3,2,,2,2,3,3,2,2,2,3,2,3,2,2,2,3,2,2,1,2,2,3,3,2,0,2,3,2,2,3,2,3,3,3,2,2,1,3,3,3,2,3,3,3,3,2,3,2,2,3,2,3,3,3,3,1,2,2,3,3,3,3,0,2,3,3,3,2,3,3,2,3,3,2,3,2,3,2,2,3,2,3,3,3,2,3,2,3,3,3,3,2,3,3,3,2,2,3,3,3,2,2,3,3,2,2,2,2,3,0,3,3,3,1,3,0,2,2,2,2,3,3,2,2,2,2,2,3,3,1,3,2,3,2,2,2,3,2,2,2,2,3,3,2,3,3,2,2,3,3,2,3,2,1,2,2,3,4,3,3,3,3,4,2,3,3,3,3,3,3,3,3,3,3,2,2,3,3,3,0,2,3,4,3,3,2,3,3,3,3,2,1,2,3,2,3,3,2,0,2,3,3,3,2,3,3,2,3,3,3,3,3,2,3,3,3,2,3,2,2,3,2,3,1,1,2,3,3,3,0,3,2,3,2,2,3,2,1,3,2,2,3,3,3,3,2,3,3,2,3,3,3,3,3,0,2,2,3,2,3,2,4,2,3,2,2,3,4,3,3,3,3,3,2,3,2,2,3,3,3,3,3,2,3,3,3,3,2,3,2,3,2,2,3,2,2,2,0,0,3,3,2,3,2,2,2,3,2,3,3,3,3,2,3,3,3,4,3,3,3,3,3,,3,,2,4,3,4,3,2,3,2,3,3,79,4,1.1466918714555772,-0.6419244149981178
2,2,2,1,1,2,2,1,2,2,2,2,2,2,2,2,2,2,3,2,1,2,2,3,2,2,2,2,2,2,2,2,2,3,2,2,3,2,1,2,3,2,2,2,3,2,2,2,2,2,3,3,2,,2,2,2,2,2,2,2,2,2,3,3,2,,2,2,,1,1,2,2,1,2,2,2,2,2,1,2,1,2,2,2,1,2,2,2,3,1,2,2,3,2,2,0,2,2,2,2,2,2,0,2,3,3,2,2,2,3,3,2,3,2,2,2,3,0,3,3,3,2,2,2,2,2,2,2,3,1,3,2,2,2,2,3,2,2,3,2,3,2,2,2,2,2,2,0,3,2,2,3,2,2,2,2,3,2,2,2,3,2,2,2,3,3,2,2,3,3,2,2,3,3,3,2,3,2,2,2,3,3,2,2,2,2,3,2,2,2,2,2,0,2,2,1,2,2,3,2,2,3,3,2,2,2,2,2,2,2,3,3,2,2,2,3,2,2,2,2,2,2,2,4,3,2,3,3,4,3,2,2,2,2,2,3,3,2,3,2,2,2,2,3,3,2,3,0,3,2,2,3,3,3,3,2,2,2,2,3,2,3,3,2,2,2,2,2,3,2,2,2,2,2,2,3,3,3,3,3,2,3,2,2,2,2,2,2,2,1,2,2,2,2,2,3,3,0,2,2,2,3,0,2,2,2,2,3,2,3,3,2,3,3,3,3,3,3,2,3,2,2,2,3,2,2,2,3,2,2,2,2,2,3,3,2,3,2,2,3,3,0,1,2,0,2,2,2,2,3,2,3,2,2,2,2,3,2,2,3,2,1,2,2,2,3,3,2,2,2,2,2,2,2,3,2,3,2,2,2,3,2,3,3,2,2,2,2,,3,,2,4,3,4,3,2,2,2,2,3,80,4,1.1583476764199658,-0.5960971747028067
3,3,3,2,2,3,2,3,3,2,2,2,3,2,2,3,2,3,3,3,1,3,2,3,2,3,2,3,2,3,3,2,3,3,3,3,3,3,3,3,3,3,3,3,4,3,2,2,3,3,3,3,1,,2,2,2,3,2,2,2,2,2,3,3,3,,2,3,,2,1,3,3,3,3,3,3,3,3,2,3,2,3,3,2,3,2,3,3,2,2,3,3,3,2,2,3,3,3,3,2,1,2,2,2,3,3,3,3,3,2,3,2,0,2,3,3,3,3,3,3,3,3,2,2,2,3,3,3,3,2,3,0,3,0,3,3,3,3,3,2,3,3,3,3,3,4,3,3,4,3,3,3,2,3,3,3,3,2,3,3,3,3,3,2,3,3,3,3,3,3,2,3,0,3,3,3,3,3,3,2,3,3,3,2,2,2,3,3,2,2,2,2,2,3,3,1,2,2,3,2,3,3,3,3,3,2,3,2,3,3,3,3,3,3,3,3,2,3,3,3,2,2,3,4,3,0,3,3,4,3,3,3,2,3,3,4,3,2,3,2,3,2,3,3,2,2,3,3,3,3,3,2,3,3,3,3,2,3,3,3,2,3,3,3,3,3,2,3,3,3,3,2,3,3,2,3,3,3,2,3,3,3,3,3,3,2,3,2,2,2,3,2,2,0,3,3,3,2,3,3,2,0,3,3,3,3,2,0,3,3,3,2,3,3,2,3,3,3,3,3,3,2,2,2,3,3,3,4,3,2,0,2,2,4,3,3,3,3,2,3,3,2,2,2,3,2,3,1,3,3,3,3,3,2,3,1,3,2,2,3,3,2,3,3,2,0,3,3,2,3,2,3,2,2,3,3,3,2,3,3,3,3,4,3,3,3,2,2,,3,,2,4,3,4,4,3,3,3,3,3,81,4,1.141644662391551,-0.48907518887630724
2,2,2,0,2,2,2,2,2,2,2,2,2,1,2,2,2,2,2,2,0,3,2,2,2,2,2,2,1,2,2,2,2,2,2,2,2,2,2,2,2,2,2,2,3,2,2,3,2,2,3,3,2,,2,2,2,2,2,2,2,2,1,2,3,2,0.0,2,2,,2,1,2,3,2,2,0,2,2,2,1,2,2,2,2,2,1,2,2,2,2,1,3,2,3,2,1,2,2,2,2,2,2,2,1,2,3,3,2,2,2,2,2,2,3,1,2,2,2,3,3,3,3,2,2,2,2,2,2,2,3,2,2,3,2,0,2,3,2,2,2,2,2,2,2,2,2,3,2,3,3,3,2,3,2,2,2,2,2,2,3,2,2,2,2,2,3,3,2,2,2,2,1,2,2,3,2,2,3,2,2,2,3,3,2,2,2,2,3,3,1,2,2,2,1,2,2,2,2,2,0,2,2,2,3,2,2,1,2,3,3,2,2,3,2,1,2,2,1,2,3,2,2,1,2,3,3,3,2,3,4,2,2,2,2,2,2,3,3,2,2,2,0,1,2,3,3,1,2,2,3,2,2,1,3,2,3,2,2,1,2,3,2,3,2,2,2,2,2,2,2,0,2,2,2,2,2,3,3,0,2,2,2,3,2,2,2,2,2,2,2,2,2,2,2,2,2,3,3,2,3,2,2,3,3,2,3,2,2,3,2,3,3,2,3,2,2,3,3,2,2,3,2,2,2,2,2,3,1,3,2,2,2,2,2,3,3,3,3,2,2,2,3,1,2,2,2,2,2,2,2,1,2,2,2,2,2,2,3,2,2,3,2,2,2,2,2,3,3,2,2,2,2,2,2,2,0,2,3,2,2,3,2,2,3,3,3,2,3,2,,3,,2,3,2,3,3,2,2,2,2,3,82,4,1.1680252432290297,-0.6183324774375771
2,2,2,2,1,2,2,2,2,2,2,2,2,2,3,3,2,3,3,2,2,2,2,2,2,2,2,2,2,0,2,2,0,2,2,2,2,3,2,2,2,3,2,2,3,2,0,2,2,2,3,2,1,,2,2,3,2,3,2,2,1,3,2,3,2,,2,2,,1,1,3,2,2,2,3,3,2,2,2,2,2,2,2,2,2,2,3,2,3,2,3,2,3,1,1,3,2,3,0,2,2,3,2,2,3,3,1,3,2,1,2,1,3,2,2,1,2,2,3,3,3,2,2,2,2,2,2,2,3,2,2,2,3,2,3,3,2,2,2,2,2,2,2,3,2,3,3,3,3,3,2,3,2,3,3,2,3,2,2,2,2,2,2,2,3,3,2,2,2,3,2,2,3,3,3,3,2,2,2,2,3,2,2,2,2,1,2,2,1,2,1,2,2,2,2,1,2,1,3,2,2,0,3,2,2,2,2,2,3,3,3,3,2,2,2,3,2,2,2,3,2,2,3,4,3,2,3,3,4,3,2,3,2,2,3,3,2,2,2,2,2,2,2,3,2,2,2,2,3,2,2,2,3,3,2,2,2,2,2,2,2,3,2,2,2,3,0,1,2,2,2,0,2,2,2,3,2,3,3,0,3,0,1,2,2,2,2,2,2,1,2,2,3,2,3,3,3,2,2,2,2,3,2,2,2,2,2,2,2,2,3,2,3,2,2,3,3,2,2,3,3,2,2,3,3,2,2,3,2,2,2,2,2,4,3,3,2,3,2,2,2,2,2,2,3,3,2,2,2,3,2,2,3,2,2,2,3,2,2,3,2,2,2,2,2,2,3,1,2,2,2,2,2,2,2,3,3,2,2,3,3,3,3,2,2,2,2,2,,3,,2,4,2,3,3,2,2,2,0,3,83,4,1.143169664560039,-0.6283209131159868
2,2,2,1,2,0,2,2,2,2,1,2,2,2,2,2,2,2,2,2,1,2,2,2,2,1,2,2,2,2,2,1,2,2,2,2,2,2,2,2,2,2,2,2,3,2,1,2,2,2,2,2,0,,2,2,2,2,2,2,1,2,2,2,2,2,,2,2,,0,0,2,2,2,1,2,2,2,2,1,2,1,1,2,2,2,1,2,2,2,1,2,2,3,1,1,2,2,2,2,2,2,2,1,1,2,0,2,2,2,2,2,2,3,2,2,2,2,2,2,2,2,2,2,1,2,2,2,2,2,2,2,2,2,1,2,3,2,2,1,1,2,2,2,2,0,3,2,2,3,2,1,3,1,2,2,2,2,1,2,2,2,2,2,2,3,3,2,2,2,2,2,2,2,2,2,2,2,2,2,2,3,2,1,1,2,1,2,2,2,1,1,2,2,2,2,0,1,1,3,2,2,2,3,2,2,2,2,1,2,2,2,2,2,2,2,2,1,2,2,2,1,1,2,3,2,2,2,3,4,2,1,2,2,1,2,3,3,2,2,2,2,2,2,2,2,1,2,2,3,2,2,2,2,2,2,1,2,2,2,2,1,3,2,0,2,2,2,2,2,2,2,1,2,2,1,2,2,2,2,2,2,2,1,2,2,1,2,1,1,1,1,2,2,2,2,2,2,1,2,2,1,3,2,2,2,2,2,2,2,2,3,2,2,2,2,2,2,2,2,3,2,2,2,2,2,2,2,3,2,2,1,1,2,0,2,2,2,3,2,2,2,2,2,2,2,2,2,0,2,2,2,2,2,1,2,2,3,1,2,2,2,1,2,2,2,2,2,2,2,2,1,2,2,2,2,2,3,2,2,2,2,2,3,2,2,2,1,2,,3,,2,3,2,3,3,2,2,2,2,3,84,4,1.1343845610731937,-0.5486403641734723
2,2,2,1,2,2,2,2,2,1,2,2,2,2,2,2,1,2,3,2,1,2,2,2,2,2,2,2,2,3,2,2,2,2,2,2,3,2,2,2,3,2,2,2,3,3,2,2,0,2,3,3,2,,2,2,2,2,2,2,2,2,3,3,3,2,,3,2,,2,1,2,3,2,2,2,2,2,2,1,2,2,2,3,2,2,2,3,3,2,2,3,2,3,2,1,3,2,2,2,2,1,2,1,2,3,3,1,2,2,2,2,2,3,2,2,2,1,3,3,3,3,2,2,1,2,2,3,2,2,1,3,0,2,2,2,3,2,3,2,2,3,2,2,2,2,3,2,3,3,3,2,3,2,2,3,3,2,2,2,3,3,2,2,2,3,3,2,2,3,3,2,2,3,3,3,2,3,2,2,2,3,3,2,2,2,3,2,2,2,2,2,2,2,2,2,1,2,2,3,2,2,3,3,2,2,2,2,3,3,2,3,3,2,2,2,2,2,2,2,3,2,2,2,3,3,0,2,3,4,2,2,2,2,2,2,3,2,1,2,2,2,1,0,3,2,1,2,2,3,2,2,2,3,2,3,2,2,2,2,3,2,3,2,2,3,2,2,2,3,2,2,2,2,2,2,3,3,3,3,2,2,3,0,2,2,2,2,2,2,2,1,2,2,2,3,3,3,2,3,2,2,3,3,2,3,2,2,3,2,3,2,2,3,2,2,3,3,2,3,3,2,2,2,3,2,2,2,3,2,0,2,2,1,3,2,2,0,2,2,2,2,2,2,2,3,2,2,2,2,2,2,3,3,2,2,2,3,2,2,3,2,2,0,2,2,3,3,2,2,0,2,2,2,2,2,3,3,2,2,2,3,2,3,2,2,3,3,2,,3,,2,3,2,0,3,2,2,2,2,3,85,4,1.1456118665018544,-0.6125965344915589
2,0,2,0,1,2,2,2,2,2,1,2,0,2,2,1,1,2,3,2,1,3,2,2,2,2,2,2,2,3,2,2,2,3,2,2,3,3,2,3,3,2,2,2,3,2,2,2,2,3,3,2,2,,2,2,2,2,2,2,2,3,2,3,3,3,,2,2,,1,1,2,3,2,2,2,2,3,3,2,2,2,2,3,2,1,2,3,2,2,1,3,3,3,2,2,2,2,2,2,2,2,2,2,2,3,3,2,3,2,2,2,2,3,1,2,2,2,3,3,3,3,2,2,2,2,2,3,3,3,2,3,0,2,2,3,3,3,0,2,2,2,2,2,2,2,3,2,2,3,3,2,3,2,3,3,2,3,1,3,3,2,2,3,2,3,3,2,2,3,3,2,3,3,3,2,2,3,2,2,2,3,3,2,2,2,2,3,2,2,0,2,2,2,2,2,1,2,1,2,2,2,3,3,3,3,2,2,2,3,2,2,3,2,2,2,2,2,2,2,2,2,2,3,4,3,3,3,3,4,2,2,2,2,2,3,3,0,2,2,2,2,2,2,2,3,2,3,3,3,2,2,3,3,0,3,2,2,2,2,3,2,3,3,2,3,2,2,2,2,2,2,2,2,3,2,3,2,0,2,2,2,3,2,2,2,2,2,2,2,2,2,2,2,3,3,3,3,2,3,2,2,3,2,2,2,2,2,3,3,3,3,2,3,3,3,2,3,3,3,3,2,2,2,3,2,2,2,3,3,2,2,2,2,3,3,2,3,3,2,3,3,2,2,2,3,1,3,2,2,2,3,3,3,2,2,2,3,2,2,3,2,2,1,3,2,3,3,1,2,2,2,2,2,2,3,3,3,2,2,2,3,2,3,0,2,2,2,2,,3,,2,3,3,4,3,2,2,3,3,3,86,4,1.1481650330522002,-0.6143118109955075
1,2,2,1,2,2,2,2,1,2,2,2,2,2,2,2,2,2,3,2,1,2,2,2,1,2,2,1,2,2,2,1,2,2,0,2,2,2,2,2,2,2,2,1,3,2,2,2,2,2,3,2,1,,2,2,1,2,2,1,2,1,2,2,3,2,,2,2,,2,1,2,2,2,2,2,2,2,2,1,1,2,2,3,2,2,2,2,2,3,2,3,2,3,1,2,2,2,1,2,2,2,2,2,2,3,3,2,2,2,2,0,2,2,1,0,2,2,2,2,2,3,2,2,2,2,2,2,2,2,2,2,3,3,1,2,3,2,2,2,1,2,2,2,2,2,2,2,3,3,2,2,3,2,2,3,2,2,1,2,2,2,2,3,2,2,3,2,2,2,3,1,2,2,2,2,2,3,3,2,0,3,3,2,2,2,2,2,2,1,2,2,2,2,2,2,1,2,2,2,2,2,2,3,2,2,2,2,2,2,2,3,3,1,2,2,2,1,2,2,2,2,0,2,3,3,2,2,3,4,2,2,2,2,2,2,3,3,2,2,2,2,2,2,3,2,2,2,2,3,2,2,2,2,2,3,2,2,2,2,2,2,3,2,2,2,3,2,2,3,2,2,2,0,2,2,2,3,3,2,2,2,3,2,2,2,2,2,2,2,2,2,2,2,3,2,3,3,2,3,2,2,3,2,2,3,2,2,2,2,2,3,2,2,2,2,2,2,2,2,0,2,2,2,2,2,2,2,3,2,2,2,2,2,3,2,2,2,2,2,2,2,2,2,2,3,2,2,0,2,2,2,3,2,2,0,2,3,1,1,3,2,2,2,2,1,2,3,2,2,2,2,2,2,2,2,2,3,2,2,0,3,3,3,3,2,2,2,2,,2,,2,3,2,3,3,2,2,2,2,3,87,4,1.1423160173160174,-0.5984642704444354
2,2,2,2,2,2,3,2,3,2,2,3,3,2,3,2,2,3,2,2,2,2,2,2,2,2,2,2,2,2,2,2,2,3,2,2,3,3,1,2,2,2,3,2,2,2,2,3,2,3,3,3,2,,2,2,2,2,2,2,2,2,2,2,3,3,,2,1,,2,1,3,3,3,2,2,3,2,2,2,2,2,2,2,2,1,2,3,3,2,2,3,3,3,2,1,3,2,2,1,2,2,2,1,2,2,2,2,3,2,2,3,1,3,1,2,2,2,3,3,3,3,2,2,2,3,2,3,2,3,2,2,3,3,1,3,3,2,0,2,2,2,3,2,0,2,3,2,3,3,3,2,3,2,2,2,3,2,0,3,2,2,2,3,2,3,0,2,2,2,3,2,2,3,3,3,2,3,0,2,2,3,3,2,2,2,1,3,3,2,2,2,3,2,2,2,1,2,2,3,2,2,3,3,2,2,2,2,3,3,2,3,3,2,2,2,3,2,2,2,3,2,1,3,4,3,3,2,3,4,3,2,2,2,2,3,3,3,2,0,2,2,2,2,3,3,1,2,2,3,2,3,2,3,2,3,2,0,2,2,3,2,3,2,3,2,0,2,2,2,0,2,3,2,2,2,3,3,3,2,2,2,3,2,3,2,2,2,2,2,2,2,2,2,2,3,3,3,2,3,2,2,3,3,2,3,2,2,3,3,3,3,2,3,2,1,2,3,2,2,3,2,2,2,3,2,3,2,3,3,2,2,2,2,3,3,3,3,2,2,3,2,1,2,1,3,2,2,2,2,3,2,3,2,2,2,2,3,2,2,3,2,2,1,2,2,3,3,2,2,2,2,2,2,2,2,3,3,2,2,3,3,2,3,3,3,2,3,0,,3,,2,3,3,4,3,3,3,2,3,3,88,4,1.1483393177737886,-0.6413799126407391
2,2,2,2,2,2,2,2,2,1,1,0,2,2,2,2,2,2,2,2,1,2,1,2,2,2,1,2,2,2,2,2,0,2,1,2,2,2,2,2,2,2,2,2,3,2,2,2,2,2,2,1,2,,1,2,2,2,2,1,2,2,2,2,3,2,,2,2,,1,1,2,2,1,1,0,2,2,2,1,2,2,2,2,2,2,1,2,2,2,1,3,2,3,2,1,2,2,2,2,2,2,2,1,2,2,2,1,2,2,0,2,2,3,1,2,1,1,2,2,2,2,2,2,2,0,2,0,2,3,2,3,2,2,2,2,3,2,3,2,2,2,2,2,2,2,3,1,2,3,3,1,3,2,3,3,2,2,2,2,2,2,2,2,2,3,3,2,2,2,3,2,2,2,2,2,2,2,2,2,2,3,2,0,2,2,2,2,2,1,2,2,2,2,0,2,1,2,1,2,2,1,2,3,2,2,2,2,2,2,2,2,3,2,2,2,2,2,2,2,2,2,2,2,3,2,2,3,3,4,2,2,2,2,2,2,3,3,2,2,2,2,2,2,2,2,1,0,2,3,1,2,1,3,2,2,2,2,2,2,2,2,3,2,2,2,2,2,2,3,2,2,2,2,2,2,2,3,3,2,2,2,3,2,2,2,2,2,2,2,1,2,2,2,2,2,3,3,2,2,2,2,3,2,2,3,2,2,3,2,3,2,2,3,2,1,3,2,2,2,3,2,2,2,2,2,2,2,3,2,2,2,2,2,3,2,2,2,2,2,2,2,2,1,2,2,2,2,2,2,2,2,2,2,2,2,2,3,2,2,3,2,2,2,2,2,3,3,2,2,0,2,2,2,2,2,2,3,2,1,2,2,2,3,2,2,3,2,2,,3,,2,3,2,3,3,2,2,2,2,2,89,4,1.1340811965811965,-0.6135607443040432
2,2,3,2,2,2,3,2,2,2,2,2,2,1,2,2,2,3,3,3,2,2,2,3,2,2,2,2,1,2,2,1,2,3,2,2,3,3,2,0,2,3,3,2,3,3,2,3,3,3,3,3,2,,2,2,2,2,2,2,2,2,3,3,3,2,,3,2,,2,2,2,3,3,2,2,2,3,3,1,1,2,2,3,2,2,2,3,2,3,1,0,2,3,2,2,2,2,0,3,0,2,3,2,2,3,3,2,2,2,2,3,2,3,1,2,2,0,3,3,3,3,2,2,3,2,3,2,2,3,2,3,3,3,2,3,3,3,3,3,2,3,2,2,2,3,3,2,3,3,3,2,3,2,3,3,3,3,1,3,3,2,3,3,3,3,3,2,3,3,3,2,3,3,3,3,3,3,2,2,2,3,3,2,3,2,2,3,3,2,2,2,2,2,1,2,2,3,2,2,2,2,3,3,3,3,2,3,3,3,3,3,3,2,2,3,3,2,2,3,3,2,2,3,4,3,3,3,4,5,3,2,3,3,3,3,3,3,0,3,3,2,2,2,3,3,2,2,3,3,2,3,3,3,2,3,2,2,2,2,3,2,0,3,1,3,3,3,3,3,3,2,3,2,3,2,3,3,3,2,2,2,3,3,3,3,2,3,2,3,2,2,3,3,3,2,3,3,2,3,2,2,4,3,2,3,3,0,3,2,3,3,2,3,3,3,3,3,3,2,3,3,3,2,0,2,3,2,3,3,2,2,3,2,3,3,3,3,3,2,3,3,2,2,3,3,2,3,2,3,3,3,0,3,2,3,2,3,2,2,3,2,2,2,3,2,3,3,2,3,3,2,3,3,2,3,3,3,2,2,3,3,3,3,3,3,3,3,3,,3,,3,3,3,4,3,2,2,3,3,3,90,4,1.1490143022806336,-0.6746525542436376
2,2,2,2,2,2,2,2,1,2,2,1,1,2,2,2,2,2,3,2,2,2,2,2,2,2,2,2,2,2,2,2,2,2,2,2,3,2,2,2,2,2,2,2,3,2,1,2,1,0,3,2,0,,0,1,2,1,2,2,2,2,2,2,3,2,,2,2,,1,1,2,2,2,2,2,2,2,2,1,2,1,2,2,2,2,1,2,2,3,1,3,2,3,2,1,3,2,2,2,2,2,2,1,2,2,2,1,2,2,2,2,2,3,1,2,2,2,2,3,3,2,2,1,2,2,2,2,2,2,1,3,2,2,2,3,3,2,2,2,2,2,2,2,2,2,3,2,2,3,3,2,3,2,2,3,2,2,2,2,2,2,2,2,2,3,3,2,2,3,3,2,2,3,3,3,3,3,2,2,2,3,2,2,2,1,2,3,3,2,2,2,2,2,2,2,1,2,2,3,2,2,2,2,2,2,2,2,2,2,2,3,3,2,2,2,2,1,2,2,2,2,1,3,4,3,2,3,3,4,2,0,2,2,2,2,3,0,2,3,2,2,0,2,3,2,2,2,2,3,2,3,2,3,2,3,2,2,2,2,3,2,3,2,2,2,2,2,2,3,2,2,2,2,2,2,3,3,3,2,2,2,3,2,2,2,2,2,2,2,1,2,2,2,2,2,3,3,2,2,2,2,3,2,2,2,2,2,3,2,2,3,2,3,2,2,2,3,2,2,2,2,2,2,2,2,2,2,3,2,1,2,2,0,3,2,2,2,3,2,2,2,2,2,2,2,1,2,2,2,2,2,2,3,2,2,2,3,2,2,3,2,1,2,2,2,2,3,2,2,2,2,0,3,2,2,3,3,2,2,2,0,2,3,3,2,2,2,3,,3,,2,3,3,4,3,1,0,2,2,3,91,4,1.145961145194274,-0.6349771962509839
2,2,2,2,1,2,2,0,2,2,2,2,2,2,3,2,2,3,3,2,1,2,2,2,2,2,2,2,2,2,2,2,0,2,2,2,2,2,2,2,2,2,3,3,3,2,2,2,1,2,3,2,2,,2,2,1,2,2,2,1,2,3,2,2,2,,2,2,,2,2,3,3,2,2,2,3,2,2,1,2,2,1,2,2,2,1,2,2,3,2,3,2,3,1,1,2,2,2,2,2,0,2,1,2,3,3,2,2,2,2,2,2,3,2,2,2,2,2,0,2,2,2,2,2,2,1,2,2,3,2,3,3,2,2,2,3,2,2,2,2,2,2,2,2,2,3,2,3,3,3,2,3,2,3,3,3,2,1,2,2,2,2,2,2,3,3,2,2,2,2,0,2,2,3,3,2,3,2,2,2,3,3,1,2,2,1,2,2,1,2,2,2,2,2,2,2,2,2,2,2,1,0,3,2,2,2,2,2,3,2,3,2,2,2,2,2,1,2,2,2,0,2,2,0,3,2,0,3,4,2,2,2,2,2,2,3,3,2,2,2,2,2,2,3,2,1,2,3,3,2,2,1,3,3,2,2,2,1,2,3,2,3,2,2,2,2,2,2,2,2,3,2,2,1,2,3,2,3,2,2,3,3,2,2,2,1,2,2,2,2,2,2,2,2,3,3,3,1,2,2,2,3,2,2,3,2,2,3,2,3,3,1,3,2,1,2,2,2,2,3,2,2,2,3,2,2,2,3,2,2,2,2,2,3,3,2,3,3,2,2,2,2,2,2,2,2,2,2,2,2,2,2,2,1,2,2,3,2,1,3,2,2,2,2,1,2,3,2,2,0,2,2,2,2,2,3,3,2,2,3,3,2,3,3,2,2,2,3,,3,,2,4,2,3,3,2,2,2,2,2,92,4,1.1504559270516717,-0.6504330762970857
2,2,2,2,1,2,2,2,2,2,2,2,2,2,2,2,2,2,2,2,1,2,2,2,2,0,0,2,2,2,1,1,2,3,1,1,2,2,2,2,2,3,2,2,3,2,2,2,2,2,2,2,2,,2,2,0,2,2,2,2,2,3,2,3,2,,0,2,,2,1,2,2,2,0,1,2,2,2,1,2,2,2,2,1,1,1,2,2,2,1,2,2,3,2,2,2,2,2,2,2,2,2,1,2,3,2,2,2,2,2,2,2,3,2,2,2,2,2,3,2,2,2,2,2,1,2,2,2,3,2,3,2,2,2,3,3,1,2,2,2,3,2,2,2,2,2,2,2,2,3,2,3,2,2,3,2,2,1,2,2,2,2,2,2,3,3,2,0,2,2,1,2,0,2,2,2,3,2,2,2,3,2,2,2,2,1,3,2,1,2,1,1,2,2,2,1,2,2,2,2,2,2,3,2,2,1,2,2,2,2,2,3,1,2,2,2,1,2,3,2,2,1,2,3,3,1,3,3,4,2,2,2,0,2,2,3,3,2,2,2,2,2,2,1,2,2,2,3,3,2,2,2,2,2,3,2,2,2,2,2,2,3,3,2,2,2,2,2,2,2,2,2,2,2,2,2,3,3,2,2,0,3,2,2,2,2,2,2,2,2,2,2,2,2,2,3,3,2,3,2,2,3,2,2,2,2,2,3,2,2,3,2,3,2,2,2,2,3,2,3,2,2,2,2,2,2,2,3,2,2,2,2,2,3,2,2,2,3,2,2,2,2,2,2,2,2,2,2,2,2,2,2,2,2,2,0,3,2,2,3,2,2,2,2,2,2,3,1,2,2,2,2,2,2,2,3,3,2,2,3,3,3,3,3,3,2,2,2,,3,,2,3,2,3,3,2,2,2,3,2,93,4,1.1614445034519385,-0.626767809871628
2,2,1,2,2,3,3,3,2,2,2,2,2,2,3,3,3,3,3,2,1,3,2,3,1,3,3,3,3,3,3,2,3,3,2,3,3,3,2,3,2,3,3,3,3,3,3,3,3,3,3,3,2,,3,3,2,3,3,3,2,2,2,3,3,3,,3,2,,2,2,3,3,3,2,3,2,3,3,2,1,2,3,3,2,2,2,2,3,3,2,3,3,3,2,2,3,3,2,3,2,2,2,0,3,3,3,2,3,3,3,3,2,3,2,2,2,3,3,3,3,3,2,2,2,3,3,0,3,3,2,3,3,3,2,3,3,3,3,3,2,3,2,3,3,3,3,3,3,3,3,3,3,3,3,3,3,3,2,3,3,3,3,3,3,0,4,2,3,3,3,1,3,3,3,3,3,3,3,3,3,3,3,2,3,2,2,3,3,2,3,3,3,3,2,3,2,3,2,3,2,2,2,3,3,3,2,3,3,3,3,3,3,2,3,3,3,2,3,3,0,3,1,3,4,3,3,0,4,5,3,3,2,3,3,3,3,3,3,3,3,2,2,2,3,3,2,3,3,3,3,3,2,3,3,3,3,3,3,2,3,2,3,3,3,3,3,2,3,3,2,3,3,2,3,2,3,3,3,3,3,3,3,2,3,3,3,3,2,3,2,3,2,3,3,3,4,3,2,3,3,3,4,3,3,3,3,3,3,3,3,3,3,3,2,2,3,3,3,2,3,3,3,3,3,3,3,3,4,3,3,3,3,2,4,3,3,3,3,0,3,3,3,2,3,0,3,2,2,3,2,3,3,3,3,2,2,4,3,2,4,3,2,2,3,2,3,3,2,3,3,2,0,3,1,0,3,3,3,2,3,3,3,4,3,3,3,3,3,,3,,2,0,3,4,3,3,3,3,3,3,94,4,1.1598113207547165,-0.5589421702853423
2,2,2,2,1,2,3,2,2,3,2,2,2,2,3,2,3,3,3,2,2,3,2,2,2,2,2,2,2,2,2,2,1,2,2,2,2,2,2,3,2,3,3,2,3,2,2,2,2,2,2,2,2,0.0,1,2,2,2,2,2,1,2,3,3,3,2,,2,2,,1,1,2,2,2,2,2,2,3,2,1,2,2,2,1,0,2,2,2,2,3,1,2,2,3,1,2,2,2,2,0,2,2,2,2,2,3,3,2,2,2,2,2,1,3,1,2,2,2,3,3,3,3,2,2,2,2,2,2,2,3,2,2,3,3,2,3,3,2,2,2,2,2,2,2,2,2,3,2,3,3,3,2,3,2,2,3,3,3,1,2,3,2,2,2,2,3,3,2,2,3,3,1,2,2,3,3,3,3,2,2,2,3,2,2,2,2,2,2,3,2,2,2,2,2,2,2,1,2,2,0,2,2,2,3,2,2,2,2,2,2,2,3,3,2,2,2,3,2,2,2,3,2,2,3,4,3,2,3,4,5,2,2,3,2,2,3,3,3,2,3,0,2,2,2,3,3,2,2,3,3,2,2,2,3,3,3,2,2,2,2,2,2,3,3,2,2,2,2,2,3,2,3,2,2,2,2,3,3,3,0,2,2,3,2,2,2,2,2,2,2,1,2,2,3,3,2,3,3,2,0,2,2,3,0,2,3,2,2,3,3,3,3,2,3,2,2,3,2,3,2,3,2,2,2,2,2,3,2,4,2,2,2,2,2,3,3,2,3,3,2,3,2,2,2,2,3,2,3,2,2,2,2,2,2,0,2,1,3,2,0,3,2,2,2,2,1,2,3,2,3,2,2,2,3,2,2,3,3,2,2,3,3,3,3,2,2,2,2,2,,3,,2,4,3,4,3,2,2,2,2,3,95,4,1.1543284301904992,-0.645120855654186
2,2,2,2,2,2,2,0,1,0,1,2,2,1,2,2,0,2,2,2,1,3,3,2,2,2,2,2,2,3,2,2,1,3,1,1,3,3,2,3,3,3,2,2,3,2,2,2,2,3,3,3,1,,2,2,2,2,2,2,1,2,3,2,3,0,,2,2,,2,1,2,2,2,2,2,2,3,2,2,2,2,1,3,2,2,2,2,2,2,1,3,2,3,2,2,2,2,2,2,3,2,3,2,2,3,3,2,2,2,3,2,2,3,2,2,3,2,3,3,3,3,2,2,3,2,3,3,3,3,2,3,2,2,2,3,3,2,3,2,2,2,3,2,3,3,2,3,2,2,3,2,3,3,3,2,2,3,2,3,2,0,2,0,2,3,3,2,2,3,3,2,2,3,3,3,3,3,2,2,3,3,3,2,2,2,2,3,3,2,2,2,2,2,2,2,1,2,2,3,2,3,3,3,3,2,2,2,2,3,2,2,3,2,2,3,2,2,2,2,3,2,2,2,3,3,2,3,3,4,2,2,3,2,2,3,3,3,2,1,2,2,2,2,3,3,2,2,3,3,2,2,2,3,2,3,2,2,2,2,3,2,3,3,2,3,3,2,3,3,3,2,2,2,3,2,3,2,3,2,2,2,3,2,2,2,2,2,2,2,2,2,2,2,2,3,3,3,2,3,2,2,4,3,2,3,2,3,3,2,2,3,2,3,3,2,2,3,3,3,3,3,2,2,2,3,2,2,3,3,2,2,2,0,3,3,3,2,3,2,3,2,3,2,3,3,2,2,2,2,3,2,3,3,2,3,2,3,2,2,3,2,2,2,3,2,3,3,1,2,2,2,3,2,2,3,3,3,2,2,3,3,3,3,2,2,2,0,2,,3,0.0,2,4,3,4,3,3,2,2,0,2,96,4,1.1333190669805269,-0.5682016002783861
2,2,2,1,2,2,0,2,1,2,1,2,2,2,2,2,2,2,2,2,1,2,2,2,2,2,2,1,1,2,2,2,1,2,0,2,3,2,2,2,2,2,1,2,3,2,1,2,2,2,3,2,1,,2,0,2,2,2,2,2,2,2,2,3,2,,2,2,,1,1,2,2,2,2,2,2,2,2,1,2,2,2,2,2,1,2,2,2,3,1,3,2,3,1,2,2,2,1,2,2,2,2,1,2,3,2,2,2,2,2,2,2,3,1,2,2,2,2,3,2,2,2,2,2,2,2,2,2,2,2,2,2,2,2,2,3,1,2,2,1,2,2,2,2,2,2,2,2,3,2,2,3,2,2,3,2,3,2,2,2,2,2,3,2,3,3,2,2,3,3,2,2,2,3,2,2,3,2,2,1,3,3,1,2,2,2,2,3,1,2,2,2,2,2,2,1,2,2,2,2,2,2,3,2,2,2,2,2,2,2,2,3,2,2,2,2,1,2,2,2,0,2,2,3,2,2,3,3,4,0,2,2,2,2,2,3,3,2,2,2,1,1,2,3,2,1,2,3,3,0,2,2,2,2,3,2,2,2,2,2,2,3,3,2,2,2,2,2,3,2,2,2,2,2,2,2,2,3,2,2,2,3,2,2,2,2,2,2,2,2,2,2,2,2,2,3,3,0,2,2,2,3,2,2,3,2,2,3,2,2,3,2,2,2,2,3,2,2,2,2,2,2,2,2,2,2,2,0,2,2,2,2,0,3,2,2,2,3,2,2,2,2,2,2,2,2,2,2,2,2,2,2,2,1,2,2,3,2,2,3,2,2,2,2,2,2,3,2,2,2,2,2,0,2,2,2,3,2,2,2,3,2,3,2,3,3,2,2,,3,,2,3,2,3,3,2,2,2,2,3,97,4,1.1507201646090535,-0.6085271455313741
2,2,2,2,2,2,2,2,2,2,2,2,2,2,2,2,2,2,3,2,1,2,2,2,2,2,2,2,2,2,2,2,2,2,2,2,2,2,1,2,2,2,2,2,2,2,2,2,2,2,2,2,1,,2,2,2,2,2,2,2,2,3,2,3,2,,2,2,,1,1,3,2,2,2,2,2,2,2,0,2,1,2,2,1,2,1,2,2,2,1,2,2,3,2,1,0,2,1,1,2,2,2,2,2,2,2,2,2,1,2,2,2,3,2,2,2,3,2,2,2,2,2,2,2,2,2,1,2,2,2,0,3,3,2,2,3,1,2,2,1,2,2,2,2,2,3,2,3,3,2,1,3,2,3,2,2,3,2,2,2,2,2,2,2,3,3,2,2,2,3,1,2,1,2,2,2,3,2,2,2,3,2,2,2,0,2,2,2,1,2,1,2,2,2,2,2,2,2,2,2,2,2,3,2,2,2,2,2,2,2,2,3,2,2,2,3,1,2,2,2,2,2,3,4,3,2,2,3,4,2,2,2,2,2,2,3,3,2,2,2,2,2,2,3,2,2,1,2,3,2,2,2,2,2,3,2,2,2,2,2,2,3,2,2,1,2,2,2,0,2,2,2,0,2,2,3,2,3,2,2,2,3,2,2,2,2,2,2,2,0,1,2,2,2,2,3,2,1,2,2,2,3,2,2,2,2,2,3,2,2,3,2,2,2,2,2,3,3,2,3,3,2,2,2,3,2,1,3,2,2,2,2,2,3,3,2,2,2,2,2,2,2,1,2,2,2,1,2,2,2,0,3,0,2,2,2,3,0,2,2,2,1,2,2,1,2,3,1,2,2,2,2,2,2,2,2,3,2,2,2,3,3,3,2,2,2,2,2,,3,,2,3,2,3,3,2,2,2,2,3,98,4,1.15793693212186,-0.5653447098072398
2,2,2,0,2,2,1,0,2,2,2,2,2,2,2,2,2,2,3,2,1,2,1,2,2,1,2,2,2,2,2,2,2,2,1,1,2,2,1,2,2,2,1,2,3,2,2,2,1,2,3,2,2,,2,2,2,2,2,1,2,0,2,2,2,2,,2,2,,2,1,2,2,2,2,2,2,2,2,1,2,1,2,2,1,2,2,2,2,2,1,3,2,3,1,2,2,2,2,2,2,2,2,1,2,2,2,2,2,2,2,2,1,3,1,1,2,2,2,3,2,2,2,1,2,0,2,2,2,2,2,2,2,2,2,2,2,1,3,2,2,2,1,2,2,2,0,2,2,2,2,2,2,2,2,2,2,2,2,2,2,2,2,2,2,3,3,2,2,2,2,2,2,3,2,2,2,2,2,2,2,2,2,2,2,2,2,2,2,2,2,2,2,2,1,0,1,2,2,2,2,2,2,0,2,2,2,2,2,2,0,2,3,2,1,2,2,1,2,2,2,2,1,2,3,3,2,2,3,4,2,2,2,2,2,2,3,3,2,2,2,2,2,2,2,2,1,2,2,3,2,2,1,2,2,3,2,2,2,2,2,2,3,2,2,2,2,2,2,2,1,2,2,2,2,2,2,3,3,2,2,2,3,2,2,2,2,2,2,2,2,2,2,2,2,2,3,3,0,2,2,2,3,2,2,3,2,1,3,2,3,3,1,3,2,2,2,2,2,2,3,2,2,2,2,2,2,1,3,2,2,2,2,2,3,2,2,2,3,2,2,2,2,2,2,2,2,2,2,2,2,2,3,2,2,2,1,3,1,2,3,1,2,0,2,2,2,2,1,2,2,2,2,2,2,2,2,3,2,2,2,3,2,3,2,2,2,2,2,,3,,2,3,2,3,3,2,2,2,2,2,99,4,1.1264429530201343,-0.5876781115851932
3,2,3,2,2,3,3,3,3,3,3,3,3,2,2,3,3,3,3,2,1,3,2,3,3,3,2,3,2,3,3,2,3,3,2,2,3,3,2,3,3,3,2,3,3,3,3,3,3,3,3,3,2,,3,3,0,3,3,2,3,2,3,3,3,3,,3,2,,2,1,3,3,3,2,3,3,3,3,2,2,2,2,3,2,3,1,2,3,3,2,3,3,3,1,2,3,2,3,3,2,2,3,2,3,3,3,3,3,0,3,3,3,3,2,3,3,3,3,2,0,2,3,2,3,2,3,3,0,3,3,3,3,3,3,3,4,2,3,3,2,3,3,3,3,3,3,3,3,3,3,3,0,3,3,3,3,3,2,3,3,3,2,3,2,3,4,3,3,3,3,2,3,3,3,3,3,3,3,2,3,3,3,2,2,2,3,3,3,2,0,2,2,3,2,3,2,3,2,3,3,3,3,3,3,2,3,2,3,3,3,3,3,2,3,3,3,2,2,3,3,2,2,2,0,3,2,3,4,5,3,3,2,2,3,3,4,3,2,3,2,3,2,3,3,2,2,3,2,3,2,3,2,2,3,3,3,0,3,3,3,1,3,3,2,3,3,3,3,3,3,3,2,2,3,2,3,3,4,3,3,3,3,3,3,3,3,3,2,2,2,2,3,3,3,3,3,3,2,3,3,2,4,3,3,3,3,3,3,3,3,3,3,3,2,3,3,3,3,3,3,3,3,2,3,3,2,2,4,2,3,3,3,2,3,3,3,3,3,2,3,3,2,3,2,3,3,3,3,3,2,3,3,3,2,3,3,4,3,2,4,3,2,3,3,3,3,3,3,3,3,2,3,3,2,3,3,3,2,3,3,3,3,4,3,3,3,3,3,,3,,3,4,3,0,0,3,2,3,3,3,100,4,1.162627052384675,-0.481808444538144
2,2,2,2,1,2,2,3,2,3,2,2,2,2,3,2,2,3,3,2,2,3,2,2,3,2,2,2,2,2,2,2,2,3,2,2,2,3,2,2,3,2,2,0,3,2,2,2,2,3,3,2,2,,2,1,2,2,2,1,2,2,3,3,3,2,,3,2,,2,1,3,3,2,2,3,3,2,2,1,2,1,2,3,2,2,2,2,3,3,2,3,2,3,2,1,3,2,2,2,2,2,1,2,2,3,3,2,2,2,2,2,1,0,1,2,2,3,3,3,3,3,2,2,2,2,2,3,2,0,1,2,3,3,2,3,3,2,0,3,0,2,2,2,2,2,3,2,3,3,3,2,3,3,3,3,3,3,1,2,2,2,2,2,2,3,3,2,2,3,3,2,2,3,3,3,2,3,2,2,2,3,2,2,2,2,1,3,3,2,2,1,2,2,2,3,1,2,2,2,2,0,2,3,2,2,2,2,2,3,2,3,3,2,2,2,3,2,2,3,3,2,2,3,4,3,3,3,3,4,3,2,3,2,3,3,3,3,3,2,2,2,2,3,3,3,2,3,3,3,2,2,2,3,3,2,2,2,2,2,3,2,3,3,2,2,3,2,2,3,2,3,2,2,2,2,3,3,3,3,2,3,3,2,2,2,2,2,2,2,2,2,2,2,3,3,3,3,2,2,2,2,3,0,2,3,2,2,2,3,3,3,2,3,2,2,3,2,2,3,2,3,2,2,3,2,3,2,3,2,2,2,2,3,3,3,3,2,3,3,3,0,2,2,2,3,3,3,2,2,3,0,3,2,2,2,2,3,2,2,3,2,2,2,2,2,2,0,2,2,2,2,2,3,2,3,2,3,2,2,3,3,3,3,3,2,2,3,3,,3,,2,4,3,4,3,3,2,3,2,3,101,4,1.1429824561403512,-0.6476974773347276
2,2,2,2,2,2,2,2,2,2,1,2,2,2,2,2,2,0,1,2,1,2,2,2,2,2,1,1,1,2,2,2,0,2,2,2,3,2,2,3,3,2,2,2,3,2,2,2,2,3,3,2,2,,2,2,3,2,2,2,2,1,2,2,3,2,,2,2,,1,1,2,2,2,2,2,2,2,2,1,2,2,2,2,2,0,2,2,3,2,2,3,2,3,2,1,2,0,2,2,2,2,2,1,2,2,2,2,2,2,2,2,2,3,1,2,2,2,3,3,3,3,2,2,2,2,2,2,2,3,2,2,0,2,0,2,3,2,2,3,2,2,2,2,3,2,3,2,3,3,3,2,3,2,2,2,3,3,2,3,2,3,2,2,2,3,3,1,2,3,3,2,2,3,3,3,2,3,2,2,2,3,3,2,2,2,2,2,3,2,2,2,2,2,2,3,1,2,2,2,3,0,2,3,2,2,2,2,2,3,2,3,3,2,2,2,2,2,2,2,2,2,2,2,3,3,3,2,3,4,2,2,3,2,0,2,3,3,3,3,2,2,2,2,3,2,2,2,2,3,2,2,2,3,3,3,2,2,2,2,3,2,3,3,2,3,2,3,2,3,2,2,2,1,2,2,2,2,3,2,2,2,3,2,3,3,2,2,2,2,2,2,2,2,2,3,3,3,2,2,2,2,3,2,2,3,2,2,3,2,3,3,2,3,2,2,3,2,2,3,3,2,2,2,2,2,3,2,3,2,2,2,2,0,3,2,2,3,2,2,3,2,2,1,2,2,2,2,2,2,3,2,3,3,1,2,2,3,2,2,3,2,2,2,2,2,3,3,2,2,2,2,2,2,2,3,2,3,2,2,2,3,3,3,2,3,3,2,2,,3,,2,4,0,2,3,2,2,2,2,3,102,4,1.1622227759780714,-0.5916872356803041
2,1,2,1,0,1,2,2,2,2,1,1,2,2,2,2,2,2,2,2,1,2,2,2,2,2,1,2,2,2,2,1,2,2,2,1,2,2,2,2,2,2,2,2,3,2,2,2,1,2,2,2,0,,2,1,2,2,2,0,1,1,2,2,2,2,,2,1,,1,1,2,2,2,2,2,2,2,2,1,2,1,1,2,1,2,1,2,2,2,1,2,2,3,1,1,2,2,2,1,2,2,2,2,2,3,3,1,2,2,2,2,1,3,2,2,2,2,2,2,2,2,2,2,2,2,2,2,2,2,1,2,2,2,1,2,3,2,2,2,1,2,2,2,2,2,3,2,2,2,3,1,3,2,2,2,2,2,0,2,2,2,2,2,2,3,3,2,2,2,2,1,2,2,2,0,2,2,2,2,2,3,2,2,2,2,1,2,2,1,2,2,2,2,2,2,1,1,2,2,1,2,2,2,2,2,2,2,2,2,2,2,3,1,2,2,3,1,2,2,2,2,1,2,3,3,2,2,3,4,2,2,2,2,2,2,3,2,2,2,2,2,2,2,2,2,2,2,2,3,2,2,2,2,2,2,2,2,2,1,2,2,3,2,2,2,2,2,2,2,2,2,2,2,2,2,2,2,3,2,0,2,2,2,2,2,2,2,2,0,1,2,1,2,2,2,2,3,2,2,2,2,3,2,2,2,2,2,2,2,2,3,2,2,2,2,2,2,2,2,2,2,2,2,2,2,2,2,3,2,2,2,1,2,3,2,2,2,3,1,2,2,2,2,2,2,2,2,2,2,2,2,2,2,1,0,2,3,1,1,2,2,1,2,2,1,2,2,2,2,2,2,2,2,2,2,0,3,1,0,2,2,2,2,2,2,2,2,2,,2,,2,3,2,3,3,2,2,2,2,3,103,4,1.1195776910718385,-0.6102961775423776
2,2,3,2,2,2,2,2,2,1,2,2,2,2,2,2,2,0,3,2,1,2,2,3,2,2,1,2,2,2,2,1,2,2,2,2,3,2,2,2,2,2,2,3,0,2,2,2,2,2,3,0,2,,3,2,2,2,2,2,2,2,0,3,3,2,,2,2,,1,2,3,2,3,2,2,3,2,3,1,2,1,2,3,2,2,1,2,2,2,2,3,2,3,2,2,3,2,2,2,3,2,2,2,2,3,3,2,3,2,3,2,2,3,2,2,0,3,2,3,2,3,1,2,2,2,2,2,2,2,2,3,3,3,2,3,3,2,3,2,2,3,2,2,3,2,3,2,3,3,3,2,3,2,3,3,3,3,2,2,3,3,2,3,3,3,3,2,2,3,3,2,3,3,3,3,3,3,3,2,3,3,3,2,2,2,2,2,3,2,2,2,2,2,2,2,1,2,2,3,3,2,2,3,2,2,1,2,2,2,2,3,3,2,2,3,3,1,2,2,2,2,2,3,4,3,2,3,3,4,2,2,2,2,2,2,3,3,2,2,3,2,2,2,3,3,2,2,3,3,2,0,1,3,2,3,2,2,2,3,3,2,3,3,2,2,3,2,2,0,1,2,2,2,2,2,3,3,3,3,2,3,3,0,3,3,2,3,2,2,2,2,2,3,3,3,3,3,2,2,2,2,3,2,2,2,2,2,3,2,2,3,0,3,2,2,2,3,3,2,3,2,2,2,3,2,3,2,3,2,2,2,2,2,3,3,2,3,3,3,2,3,2,2,2,3,2,3,2,2,3,2,3,3,2,2,2,3,0,1,3,2,2,2,2,2,2,3,1,2,2,2,2,2,2,2,3,3,2,2,3,3,3,3,2,3,3,2,3,,3,,3,4,3,4,3,2,2,3,3,3,104,4,1.1411445374349698,-0.6536053429562981
2,2,2,2,2,2,2,2,2,2,2,2,2,2,2,3,2,3,3,2,1,2,2,3,1,1,2,2,1,2,2,2,2,2,2,2,3,3,2,3,3,3,2,3,3,3,2,2,2,3,3,3,1,,2,2,1,2,2,1,2,0,3,3,3,2,,2,1,,2,1,3,2,2,2,3,3,2,2,1,2,2,2,3,2,2,1,2,2,0,2,3,2,3,2,2,3,2,2,3,2,2,2,2,2,3,3,2,3,2,3,2,2,2,2,2,2,2,3,3,2,3,2,2,2,2,3,3,3,3,2,3,3,3,2,3,3,2,3,2,2,3,2,3,3,3,3,2,3,3,3,2,3,2,3,3,3,3,2,2,3,2,2,3,3,3,3,2,2,3,2,2,3,2,0,3,3,3,3,2,2,3,2,2,2,2,2,3,2,2,2,2,0,2,2,2,1,2,2,3,2,2,3,3,3,3,2,0,2,2,3,3,3,1,2,2,3,2,2,3,3,2,2,2,3,3,2,3,3,4,3,2,3,0,3,2,3,3,2,2,2,2,2,2,3,2,2,3,2,3,2,2,2,3,3,3,2,2,2,2,2,2,3,3,2,3,3,2,2,3,2,3,2,2,3,2,3,3,3,2,3,3,3,2,3,2,2,3,2,2,2,2,3,2,2,3,3,3,2,3,2,2,3,2,2,3,2,2,3,3,3,3,2,3,2,2,3,2,3,0,3,3,2,2,3,3,2,2,3,2,2,2,2,2,3,3,2,3,2,0,2,3,2,2,3,2,3,2,2,3,2,3,3,3,2,2,2,3,2,2,3,2,2,3,2,2,3,3,2,2,2,2,3,2,2,2,2,3,2,2,2,3,3,3,3,1,2,0,2,,3,,2,4,2,0,3,2,2,3,3,3,105,4,1.1439914163090132,-0.6272990129985481
2,2,2,1,2,2,2,2,2,2,2,2,2,2,2,2,2,2,3,2,1,2,2,2,2,2,2,2,2,2,2,2,2,2,2,2,2,2,2,2,2,2,0,3,3,2,2,2,2,2,2,2,1,,2,1,0,2,2,2,1,2,2,2,3,1,,0,1,,1,1,3,2,2,2,2,2,2,2,2,2,1,2,2,2,2,0,2,2,2,2,3,2,3,2,2,2,2,2,2,2,2,2,1,2,3,3,2,2,2,2,2,2,3,1,2,2,2,2,2,2,2,1,1,2,2,2,2,2,2,2,2,2,3,2,3,3,2,3,2,1,2,2,2,2,2,3,2,3,3,3,1,3,2,2,2,2,2,2,2,2,2,2,2,2,3,3,1,1,2,3,1,2,2,2,2,2,3,2,2,2,2,2,2,2,2,2,2,2,1,1,2,1,2,1,2,0,2,1,3,2,2,2,2,1,2,2,2,2,2,2,3,3,2,2,2,2,1,2,0,2,1,1,2,3,3,2,3,3,4,2,2,2,2,2,2,3,3,2,2,2,2,2,2,2,2,1,2,2,3,2,2,2,2,2,3,0,2,2,2,2,2,3,2,2,2,2,2,2,2,2,2,1,2,0,1,3,3,3,1,2,2,3,2,2,2,2,2,2,2,1,2,2,2,2,2,3,3,2,2,2,2,3,2,2,2,2,2,3,2,3,3,1,0,2,1,2,2,2,2,2,2,2,1,2,2,2,2,3,2,2,0,2,2,3,3,2,2,3,2,2,2,2,2,2,2,2,2,2,2,2,2,3,2,2,2,1,3,2,2,3,2,1,2,2,2,2,3,2,2,2,2,2,2,2,2,3,3,2,2,2,3,2,3,2,2,2,2,2,,3,,2,3,2,3,3,1,2,2,3,2,106,4,1.1466231483806175,-0.6297215440304206
2,2,2,2,2,2,1,2,1,1,1,2,1,1,2,2,2,2,2,2,2,0,2,2,2,2,2,0,2,2,1,2,2,3,2,2,2,2,2,2,2,2,2,2,3,2,2,2,2,2,3,2,2,,2,2,2,2,2,2,0,2,2,2,2,1,,2,2,,2,1,2,2,2,2,2,2,2,2,1,0,0,2,2,2,2,1,2,2,2,2,3,2,3,2,2,2,1,2,2,2,2,2,1,2,2,2,2,2,2,2,2,2,3,1,2,2,1,2,2,2,3,2,2,2,2,2,2,1,2,2,3,2,2,2,2,3,2,3,2,1,2,2,1,2,2,3,2,3,3,3,2,3,2,3,2,2,2,2,2,2,2,2,2,2,3,3,2,2,2,3,1,2,2,3,3,2,3,2,2,1,2,2,1,2,1,2,2,0,1,2,2,2,2,2,2,1,2,1,2,2,2,2,3,0,2,1,2,2,2,2,3,3,1,1,2,2,1,2,2,2,2,2,2,3,3,2,3,3,0,0,2,3,2,2,2,3,3,1,2,2,2,2,2,2,2,1,2,3,3,2,2,2,3,2,3,2,2,2,2,3,2,2,2,2,2,2,2,2,2,2,2,2,2,2,2,2,2,3,2,2,2,3,1,2,2,2,2,2,2,2,2,2,2,2,2,0,3,2,2,2,2,3,2,2,3,2,2,3,2,2,3,2,3,2,2,3,3,2,2,2,2,2,2,2,2,2,2,3,2,2,2,2,2,3,3,2,2,3,2,2,2,2,1,2,2,2,2,2,2,2,2,2,3,2,2,2,3,2,2,3,2,2,2,2,1,2,3,2,2,2,2,2,2,2,2,3,3,2,2,2,3,3,3,3,2,3,2,2,,3,,2,3,2,3,3,2,2,2,2,2,107,4,1.141804788213628,-0.6194799618861783
2,1,2,1,1,2,2,2,2,2,2,1,2,2,2,2,2,3,2,2,1,2,1,2,2,2,0,2,2,2,1,2,2,2,1,1,2,2,2,2,2,2,2,2,3,2,2,2,2,2,2,2,2,,2,2,2,1,1,2,2,2,2,2,2,2,,2,0,,2,1,2,2,2,1,2,2,2,1,1,2,1,2,0,1,2,1,1,2,1,2,2,2,3,1,1,2,2,2,2,2,2,2,1,2,2,0,2,2,0,2,2,2,3,2,2,2,2,2,2,2,2,2,2,2,2,2,2,1,2,2,2,2,2,2,2,3,2,2,2,2,2,2,2,2,2,2,2,2,2,3,2,3,2,2,2,3,0,1,2,2,2,2,2,2,3,3,2,1,2,2,0,2,2,2,2,2,2,2,2,2,3,2,1,2,2,1,2,2,2,2,1,2,2,2,2,0,2,2,2,2,2,2,3,2,2,2,1,2,2,2,2,2,2,1,2,2,2,2,2,2,2,1,2,3,3,2,2,3,4,2,1,2,2,2,2,3,3,2,2,2,2,2,2,2,2,2,2,2,3,2,2,2,2,2,3,2,2,2,2,2,1,2,2,2,2,2,2,2,3,2,2,2,2,2,1,2,2,3,2,2,2,2,2,2,2,1,2,2,2,1,2,2,0,2,2,3,2,2,2,2,2,3,2,2,2,2,2,3,2,3,3,2,3,2,1,2,2,2,2,3,2,2,2,2,2,2,2,3,2,2,2,2,2,3,2,2,2,3,2,2,2,2,2,2,2,2,2,2,2,2,2,2,2,1,2,1,3,2,1,3,2,2,2,2,2,0,2,2,2,2,1,2,2,1,2,2,3,2,1,2,3,2,3,2,2,2,2,2,,2,,1,3,2,3,3,2,2,2,2,2,108,4,1.149561629706034,-0.5608707802132427
2,0,2,2,2,2,2,2,2,2,1,2,2,2,2,2,2,2,2,1,2,2,2,2,2,0,2,2,2,2,2,2,1,2,1,1,3,2,2,2,2,2,2,2,3,2,2,2,2,2,3,2,1,,2,2,2,1,2,2,2,1,2,2,2,2,,2,2,,0,1,2,2,2,2,2,2,1,0,1,2,2,2,2,2,2,1,2,2,2,1,3,2,3,1,1,3,2,2,2,2,1,2,1,2,2,2,1,2,2,2,2,1,3,2,2,2,2,3,2,2,2,2,2,2,2,2,2,2,0,1,3,2,3,2,2,3,1,2,2,2,0,2,2,2,2,2,2,2,2,3,1,3,2,2,3,2,3,1,2,2,2,2,2,2,3,3,2,2,2,2,1,2,2,2,2,2,2,2,2,2,3,2,2,2,2,2,3,2,2,2,2,2,2,2,2,1,2,2,2,2,2,2,3,2,2,2,2,2,2,2,3,3,1,2,2,2,2,2,2,2,1,2,2,3,3,2,2,3,4,2,2,2,2,2,2,3,2,2,2,2,2,2,2,2,2,2,2,2,3,2,2,0,2,2,3,2,2,2,2,2,2,2,2,2,2,2,2,2,3,2,2,2,2,2,2,2,2,3,2,2,2,3,2,2,2,2,2,2,2,2,1,2,2,2,2,3,3,2,2,2,2,3,2,2,2,2,2,3,2,2,3,2,3,0,2,2,2,2,2,2,2,2,2,2,2,2,2,3,2,1,2,2,2,3,2,2,2,3,2,2,2,2,2,2,3,2,0,2,2,2,2,2,2,0,2,2,3,2,1,3,2,1,2,2,2,2,3,1,2,2,2,2,2,1,2,3,3,2,2,2,2,2,3,2,2,2,2,2,,3,,2,3,2,3,3,2,2,2,2,3,109,4,1.147458078253926,-0.6250342530112003
3,3,3,2,2,2,3,3,2,2,2,2,2,2,2,2,2,0,2,3,1,3,2,2,3,2,2,2,3,3,3,2,3,3,2,2,3,3,3,3,3,3,2,3,3,3,2,2,2,3,3,3,1,,2,2,2,3,2,2,2,2,3,2,3,3,,3,2,,2,1,3,3,2,2,3,3,3,2,2,2,3,2,3,2,3,2,2,3,3,1,3,3,4,2,2,3,3,3,2,3,3,3,2,0,3,3,3,3,3,3,2,2,3,2,3,3,3,3,3,0,2,3,2,3,2,3,3,3,3,2,2,2,0,2,3,3,3,3,2,1,3,3,2,3,3,3,3,3,3,3,2,3,3,3,2,2,0,2,3,2,3,3,3,3,3,3,3,3,3,3,2,3,3,3,3,3,3,3,2,3,3,3,3,2,2,2,2,3,2,2,2,2,2,2,2,1,2,2,3,2,3,3,3,2,3,1,3,2,3,2,3,3,3,3,3,3,2,3,3,3,2,2,3,4,3,2,3,4,5,2,3,3,2,3,3,3,3,2,3,2,3,2,2,3,3,2,3,3,3,3,2,2,3,3,3,2,3,3,3,3,2,3,3,3,3,2,2,3,3,3,3,2,2,3,2,3,3,3,3,3,3,3,3,2,3,2,3,2,2,2,3,2,3,3,3,3,3,2,3,2,2,4,2,2,3,3,3,0,3,3,3,2,0,3,3,3,3,3,3,3,3,2,2,2,3,0,2,3,3,2,2,2,2,0,2,3,3,3,2,3,3,2,3,3,3,2,3,3,3,3,3,3,3,2,3,0,3,2,2,3,2,2,2,3,2,3,3,3,3,3,2,3,3,2,2,3,3,2,3,3,3,3,4,3,3,3,3,2,,3,,2,4,3,4,4,3,2,3,3,3,110,4,1.1374999999999995,-0.4868299085675801
2,2,2,1,2,2,2,3,3,2,2,3,2,2,3,2,2,3,3,2,2,2,2,3,2,2,1,1,1,2,2,2,2,3,2,2,3,3,2,2,2,2,2,3,3,2,2,2,2,3,3,2,2,,2,2,2,2,2,2,2,1,3,2,3,2,,3,2,,2,2,3,3,2,2,2,3,3,2,2,2,2,2,2,2,2,2,3,2,3,2,3,2,3,2,2,3,2,2,2,2,2,2,1,2,3,3,2,2,2,2,2,2,3,2,2,2,2,3,3,3,2,2,2,2,2,2,3,3,2,2,3,3,3,2,3,3,2,2,2,2,3,2,2,2,0,3,2,3,3,3,2,3,0,2,3,3,2,2,3,2,3,3,0,3,3,3,2,2,2,2,1,3,2,3,0,2,3,2,3,2,3,3,2,2,2,2,2,3,2,2,2,2,2,2,2,1,3,2,3,0,2,2,3,2,3,2,2,3,3,2,3,3,1,2,2,3,2,2,3,3,2,1,2,3,3,3,3,3,4,3,3,2,2,2,3,3,3,3,3,2,2,2,2,2,2,1,3,3,3,2,2,0,3,3,3,2,2,2,2,2,2,3,2,2,2,2,2,1,3,2,3,3,2,2,2,2,3,3,2,3,3,3,2,3,2,2,3,3,2,2,1,3,2,3,3,3,3,2,3,2,2,3,3,2,3,2,2,3,2,2,3,2,3,2,2,3,0,2,2,3,2,2,2,3,2,3,2,3,2,3,2,1,2,3,3,3,3,3,2,3,3,2,2,2,3,2,2,2,2,2,3,3,1,1,2,1,3,2,2,3,2,0,2,2,2,3,3,2,2,2,2,2,2,2,2,3,3,2,0,3,3,3,4,3,2,3,3,2,,3,,2,4,0,3,3,2,2,2,3,3,111,4,1.1418043769539978,-0.6737131567160374
2,1,2,1,1,2,2,2,2,2,2,2,2,2,2,2,2,3,3,2,2,2,2,2,2,1,2,2,2,2,2,2,2,3,1,1,2,2,2,2,2,2,2,2,3,2,2,2,2,2,3,3,2,,2,2,2,2,2,2,2,2,3,2,3,2,,2,2,,2,1,2,2,2,2,2,2,2,2,1,1,2,2,2,2,0,2,3,2,3,1,3,2,3,2,2,2,2,2,2,2,2,3,1,2,3,3,2,2,0,2,2,1,3,2,2,2,2,3,3,3,3,2,2,1,2,2,2,2,3,2,3,3,3,2,3,3,2,2,2,2,2,2,3,2,2,2,2,0,2,3,2,3,2,3,3,2,2,1,3,3,2,2,2,3,3,3,2,2,2,2,2,3,2,3,2,2,2,2,2,0,2,2,2,2,2,2,3,2,2,2,2,2,2,3,2,2,3,2,2,0,2,2,2,2,2,2,2,2,3,2,3,3,1,0,1,3,2,2,3,2,2,2,2,3,3,2,3,3,4,2,2,3,2,2,3,3,3,1,2,2,1,2,2,2,2,1,2,3,3,2,3,2,3,2,3,3,2,2,0,2,2,3,3,2,2,0,2,2,3,2,2,3,2,2,2,3,3,3,2,2,2,3,2,3,2,2,2,2,2,2,2,2,2,2,3,3,3,1,3,2,2,3,3,2,3,2,2,3,2,3,3,2,3,3,2,3,3,2,2,3,2,2,2,2,2,3,2,3,2,2,3,2,2,3,2,2,3,3,2,3,2,2,2,2,3,2,3,2,2,2,2,2,3,2,2,1,3,2,2,3,0,2,2,2,2,2,2,2,3,2,2,2,3,2,2,3,3,2,2,2,3,2,3,3,3,2,3,3,,3,,2,3,3,4,3,2,2,2,0,3,112,4,1.1580124223602486,-0.6526830137839341
0,2,1,2,1,2,3,2,2,2,2,2,2,2,2,2,2,3,3,2,1,2,2,2,3,2,2,2,1,0,2,1,2,2,0,2,2,3,2,2,3,3,2,2,3,2,2,2,2,2,3,2,2,,3,2,3,2,2,2,2,1,3,2,3,3,,2,2,,2,2,2,3,3,2,2,3,2,3,2,2,2,2,2,2,2,2,2,2,3,1,3,2,3,2,1,2,2,2,3,2,2,2,2,2,3,3,2,2,2,2,3,2,3,2,2,2,2,3,2,3,2,2,2,3,2,3,3,0,3,2,3,3,2,2,3,3,2,2,3,2,3,2,3,2,2,3,3,3,3,3,2,3,3,3,3,1,2,2,3,3,2,3,3,3,3,3,2,2,3,3,2,3,3,3,3,2,2,2,2,2,3,3,1,2,2,3,2,2,1,2,2,2,3,2,2,2,3,2,2,2,2,2,3,2,2,3,2,2,3,2,3,3,2,1,2,2,2,2,3,3,2,2,3,4,3,3,2,3,4,2,3,2,2,2,3,3,3,2,3,3,2,2,2,3,3,1,3,2,3,2,2,2,3,2,2,2,2,2,2,3,2,3,3,2,3,3,2,2,2,2,2,3,2,2,2,2,3,3,3,2,3,3,3,2,2,2,3,2,2,2,2,2,2,3,2,3,3,2,3,3,2,3,3,1,3,2,2,3,3,3,0,2,3,2,2,3,2,0,3,2,3,2,2,3,2,2,2,3,3,2,2,3,2,3,3,3,3,0,2,3,3,2,2,2,2,0,2,3,1,2,3,2,2,1,3,2,3,2,2,3,2,2,2,3,2,3,3,2,3,2,2,2,2,2,2,2,3,2,2,3,3,3,3,3,3,2,3,3,,3,,2,4,2,3,3,2,2,0,3,0,113,4,1.1449717022202877,-0.6052601202124271
2,1,2,2,2,2,2,0,2,2,2,2,2,1,2,2,3,3,3,3,2,3,2,2,2,2,2,2,2,2,2,1,2,3,2,1,2,2,2,2,2,2,2,2,3,2,2,2,1,2,3,3,2,,2,2,2,2,2,1,2,2,3,2,3,0,,2,2,,2,2,2,3,2,2,2,2,0,2,1,2,2,2,3,2,2,2,2,3,2,1,3,2,3,1,2,3,1,2,2,3,2,2,1,2,3,3,2,3,3,0,3,2,0,1,0,2,2,2,3,3,3,1,2,2,2,2,2,2,3,2,3,3,2,1,2,3,2,3,3,2,3,2,3,3,2,2,2,3,3,3,2,3,2,3,2,2,2,2,3,3,0,2,2,3,3,3,2,2,3,3,2,3,2,3,3,2,3,2,2,2,3,3,2,3,2,3,3,2,2,2,2,2,2,2,2,2,3,2,2,3,2,2,3,2,2,3,2,2,3,2,0,3,2,1,3,2,2,2,3,2,2,2,2,4,3,3,3,3,4,2,2,2,3,2,3,3,3,2,2,2,2,2,2,2,2,2,3,3,3,2,2,3,3,2,3,2,2,2,2,3,2,3,2,2,3,2,2,2,2,2,2,2,2,2,2,3,3,3,0,0,3,3,2,3,2,2,3,2,2,2,2,2,2,2,3,3,3,2,2,3,2,3,3,2,3,2,2,3,2,3,3,2,3,2,2,2,3,2,2,3,2,2,2,2,2,2,2,3,2,2,1,1,2,3,3,2,3,3,2,2,3,2,2,2,3,2,3,1,2,3,2,2,3,2,3,2,3,2,2,3,2,2,1,2,1,3,3,1,2,2,2,2,2,2,3,3,3,2,2,3,3,2,3,2,3,3,3,3,,3,,3,3,3,4,3,2,2,2,3,2,114,4,1.127439982050707,-0.6160472075442871
2,2,2,2,2,2,2,2,2,2,2,2,2,2,3,2,2,3,2,2,2,0,2,2,2,1,2,2,2,2,2,1,2,2,2,2,2,2,1,2,2,2,2,2,3,2,2,2,1,2,3,2,1,,2,1,2,2,2,2,2,2,3,2,3,2,,2,2,,2,2,3,2,2,1,2,3,2,2,1,1,2,2,2,2,0,1,2,2,3,2,3,2,3,2,2,2,1,2,2,2,2,0,2,2,2,2,2,2,2,3,2,1,3,2,2,2,2,2,2,2,2,0,1,2,2,2,2,2,2,2,3,3,3,2,2,3,2,3,0,2,3,2,2,2,2,3,2,3,3,3,2,3,2,2,3,2,2,2,2,2,2,2,2,1,3,3,2,2,2,2,1,2,2,2,2,3,3,2,2,2,3,2,2,2,2,2,3,2,2,2,2,2,2,2,2,1,2,1,3,2,2,2,2,2,2,2,2,2,2,2,3,3,2,2,2,3,1,2,2,2,2,0,2,3,3,2,3,3,4,2,1,2,1,1,2,3,3,2,1,2,2,1,2,3,2,1,2,3,3,2,2,2,3,3,3,2,2,2,3,3,2,3,2,2,2,2,2,2,3,2,2,2,2,2,2,3,3,3,3,2,2,0,2,3,2,2,2,2,2,0,2,2,3,3,2,3,2,2,0,3,2,3,3,2,3,2,2,3,2,3,3,1,2,2,2,2,2,3,0,3,2,3,2,3,2,3,2,3,2,2,2,2,2,3,3,2,2,3,2,2,2,2,2,2,3,2,2,2,2,2,2,2,3,2,2,2,3,2,1,3,2,2,2,2,2,3,3,2,2,2,2,2,3,2,2,3,3,2,2,3,3,3,3,3,3,3,3,3,,3,,2,4,3,4,3,2,2,2,3,3,115,4,1.1549049049049052,-0.6542196256938211
2,2,2,2,1,0,1,2,2,2,2,2,2,2,2,2,2,3,3,2,1,2,2,2,2,2,2,2,2,2,2,1,2,2,2,2,2,1,2,2,2,2,2,2,3,2,2,2,2,2,3,2,2,,2,1,2,2,2,2,1,2,3,2,3,3,,2,2,,1,1,2,2,2,0,2,3,2,2,1,2,2,2,2,2,2,2,2,2,3,2,3,2,3,1,1,2,2,2,2,2,1,2,2,2,3,2,1,2,2,0,2,2,3,2,2,2,2,2,3,2,2,2,1,2,2,2,2,2,3,2,3,2,3,2,2,3,2,2,2,1,2,2,0,3,2,3,2,3,3,3,2,3,1,0,3,2,3,2,2,2,2,2,2,0,3,3,2,2,2,2,1,2,2,3,3,2,2,2,2,2,3,2,1,2,2,2,3,2,1,2,1,2,2,2,2,2,2,2,3,2,2,0,3,2,2,2,2,2,2,2,3,3,2,3,2,3,1,0,3,2,2,1,2,3,3,2,2,3,4,2,2,2,2,2,2,3,2,2,2,2,2,2,0,2,2,2,2,3,3,2,2,2,2,3,3,2,2,2,2,3,2,3,2,2,2,3,2,2,3,2,2,2,2,2,2,3,3,3,2,1,3,3,2,2,2,2,2,2,2,2,2,2,2,2,2,3,3,2,2,2,2,3,3,3,3,2,2,3,2,3,3,2,3,2,2,3,3,3,2,3,3,3,2,2,2,3,2,3,2,2,0,2,2,3,3,2,2,3,2,2,2,2,2,2,2,2,2,2,2,2,2,2,2,2,2,2,3,2,2,3,2,2,2,2,2,2,3,2,2,2,2,2,2,2,2,3,3,2,2,2,3,3,3,2,2,2,2,2,,3,,2,4,2,3,3,2,2,2,2,3,116,4,1.143490738325072,-0.6375815778897312
2,0,1,2,2,2,2,2,2,0,2,2,2,2,2,2,2,3,3,2,1,2,2,2,2,2,1,2,2,2,2,2,2,3,2,2,2,3,1,2,2,2,2,2,0,2,2,2,2,2,3,2,2,,1,2,2,1,2,2,2,2,2,2,3,2,,2,2,,2,1,2,2,2,2,2,2,2,2,1,1,1,2,2,2,2,2,2,2,2,2,3,2,3,1,2,2,2,2,2,2,2,2,1,2,3,3,2,2,1,2,2,2,3,2,2,2,2,2,3,3,2,2,2,2,2,2,3,2,3,2,3,2,3,2,2,2,2,2,2,2,2,2,2,2,2,3,2,3,3,2,2,3,2,3,2,3,3,2,2,2,2,2,3,2,2,3,2,2,2,2,0,3,1,2,2,2,2,2,3,2,3,1,1,2,0,2,3,2,1,2,1,2,2,2,2,2,2,1,3,2,2,2,3,2,2,2,2,2,3,2,3,3,2,2,2,3,2,2,2,2,2,2,2,3,3,2,2,3,4,2,0,2,2,2,2,3,3,2,2,2,2,2,2,2,2,1,2,2,3,2,2,2,0,2,3,2,2,2,2,2,2,3,2,2,2,2,2,2,2,1,2,2,2,2,2,2,3,3,2,1,2,3,2,2,2,2,2,2,2,2,2,2,2,2,3,3,3,1,2,2,2,3,3,2,2,2,2,3,2,2,3,2,3,2,2,3,2,1,2,3,2,2,2,3,2,2,2,3,2,2,2,2,2,3,3,2,3,2,2,2,3,1,2,2,3,2,2,2,2,2,2,3,0,2,2,2,3,2,2,3,1,2,0,2,2,2,3,1,2,2,2,2,2,2,2,2,3,2,2,2,3,2,3,2,2,2,2,2,,3,,2,3,2,3,3,2,2,2,0,3,117,4,1.162169603524229,-0.6085992464911913
2,2,2,2,2,2,2,2,2,2,2,2,2,2,3,2,2,3,3,3,1,3,2,2,2,3,1,2,2,2,2,2,2,2,2,2,2,2,2,3,3,3,2,2,0,2,2,3,2,3,3,2,2,,2,2,3,2,2,1,2,2,0,2,2,2,,3,2,,2,2,3,2,2,2,2,3,2,3,1,2,1,2,3,2,2,1,0,2,2,2,3,2,3,1,2,3,2,3,2,2,1,2,2,1,2,3,2,3,2,2,2,2,3,2,2,2,2,2,3,2,3,2,2,3,2,2,2,2,3,2,2,2,3,2,2,2,2,3,2,2,3,0,2,3,2,3,0,3,3,3,2,2,2,3,3,3,3,2,2,3,3,2,2,2,3,3,2,2,3,3,2,2,3,3,3,3,3,3,2,3,3,2,2,2,2,2,3,2,2,2,1,2,2,2,2,1,2,2,3,3,2,2,3,2,2,2,2,2,2,2,0,3,2,1,2,3,2,2,2,2,2,2,3,4,2,2,2,3,4,2,2,3,2,2,2,3,3,2,2,2,2,2,2,3,2,2,2,3,3,2,2,2,2,3,3,2,2,3,3,3,2,3,3,2,2,3,2,3,3,2,3,2,2,2,2,3,3,3,3,2,3,3,3,3,3,2,3,1,2,1,2,2,3,2,3,3,3,2,2,3,2,3,3,0,2,2,2,3,2,2,3,0,3,2,2,3,2,3,2,3,3,2,2,3,2,3,2,3,0,2,3,3,2,3,3,2,3,3,2,2,2,2,2,2,3,2,2,2,2,2,2,3,3,2,3,2,3,2,2,3,2,2,2,2,2,0,3,1,3,2,2,3,2,2,2,3,3,2,2,3,3,3,3,3,3,3,3,3,,3,,2,4,3,4,3,2,2,3,3,3,118,4,1.1256359212563596,-0.6004797338782751
2,2,2,2,2,2,3,2,1,2,2,2,2,1,2,2,2,2,3,2,1,2,2,3,2,2,2,2,2,2,1,2,2,3,2,2,2,3,2,3,3,2,2,2,3,2,2,2,2,3,3,2,2,,2,2,3,2,2,1,2,2,3,2,3,2,,2,2,,0,1,2,2,2,2,2,2,2,2,1,2,2,2,2,2,2,2,2,2,2,1,3,2,3,1,2,2,2,2,2,3,2,2,2,2,3,3,2,2,2,2,2,2,3,2,2,2,2,3,3,2,2,2,2,2,2,2,2,2,3,2,3,2,2,2,2,3,2,3,3,2,3,2,2,2,2,2,2,2,3,3,2,3,2,3,3,2,3,2,2,3,2,2,3,2,3,3,2,2,3,3,2,2,3,3,3,3,3,3,2,2,3,2,1,2,2,2,3,2,2,2,2,2,2,2,2,1,2,1,3,3,2,2,3,2,2,2,2,2,0,2,2,3,2,2,2,0,2,2,2,3,1,2,3,4,3,2,3,3,4,2,2,3,2,2,3,3,3,2,2,0,2,2,2,3,2,2,0,3,3,2,2,2,2,3,3,2,2,2,2,3,2,3,2,2,2,2,2,2,3,2,2,2,2,2,2,3,3,3,2,2,2,3,2,2,0,2,2,2,2,1,2,2,2,2,2,3,3,2,3,2,2,3,2,2,2,2,2,3,0,2,3,2,3,2,3,3,3,2,2,3,3,2,0,2,2,2,2,3,2,2,2,2,2,3,3,1,3,0,2,2,2,2,2,2,2,2,2,2,2,2,3,2,2,2,2,2,3,1,2,3,2,1,1,2,1,3,3,2,2,2,2,2,2,2,2,2,3,2,2,0,2,3,3,2,3,3,2,2,,3,,2,4,3,4,3,2,2,2,3,3,119,4,1.1378420237480642,-0.6166575571948077
3,3,3,2,1,3,3,3,2,2,2,3,2,2,2,3,3,3,3,3,1,3,3,3,3,2,2,3,2,2,2,2,2,3,0,2,3,3,3,3,3,3,3,2,3,3,2,2,2,3,3,3,2,,3,2,3,3,3,2,3,3,3,3,3,3,,2,2,,1,1,3,2,3,2,3,3,3,3,2,3,2,3,3,2,2,2,3,3,3,2,3,3,3,2,1,3,2,2,2,2,2,3,2,2,3,3,3,3,2,3,3,2,3,2,3,3,3,3,3,3,3,3,3,0,3,3,3,3,3,2,3,3,3,2,3,3,3,0,3,2,3,3,3,3,3,3,3,3,3,3,3,3,2,3,3,3,3,2,3,3,0,2,3,3,3,4,3,3,3,3,2,3,3,3,3,3,3,2,3,3,3,3,3,2,2,2,3,3,2,2,2,3,3,3,3,2,2,2,3,2,3,3,3,3,3,3,2,2,3,3,3,3,2,3,3,3,2,2,3,3,2,2,3,4,3,3,3,4,5,3,3,3,3,3,3,4,0,3,3,3,2,3,2,3,3,2,3,3,3,3,3,3,3,3,3,3,2,3,2,3,2,0,3,0,3,3,3,2,3,3,3,2,2,3,2,3,3,3,3,3,3,3,2,3,3,2,2,2,2,2,2,3,2,3,3,3,3,2,3,3,2,4,3,3,3,3,3,3,3,3,3,3,3,3,3,3,3,3,3,3,3,3,2,3,3,3,3,4,3,3,2,0,2,4,3,3,3,3,2,3,3,3,3,2,3,3,3,1,3,3,3,3,3,2,3,2,3,2,2,4,2,2,2,3,2,3,3,2,0,3,2,3,2,2,3,3,3,2,2,3,3,3,4,3,3,3,3,3,0.0,3,,2,4,3,4,4,3,3,3,3,3,120,4,1.157015378773495,-0.5733654217808494
2,2,2,1,1,2,2,2,2,2,2,2,2,2,3,2,2,3,3,2,2,2,2,2,2,2,2,2,2,2,2,1,2,3,2,2,2,0,2,2,2,3,2,2,3,2,2,2,2,2,3,2,1,,2,2,2,2,2,2,1,1,3,3,3,2,,3,2,,2,2,3,3,2,2,3,3,3,2,2,2,2,2,3,2,2,2,3,2,3,1,3,3,3,2,2,3,2,2,2,2,2,2,2,2,3,3,2,2,2,2,2,0,3,1,2,2,2,3,3,2,3,2,2,1,2,2,3,3,2,2,2,3,2,2,2,3,2,2,2,1,2,2,3,1,2,3,2,3,3,3,2,3,2,2,3,2,3,1,3,2,2,2,3,2,3,3,2,2,2,3,1,2,3,3,2,2,3,2,2,2,2,2,2,3,2,0,2,2,2,2,2,2,2,2,2,1,2,0,0,0,2,2,2,2,3,2,2,2,3,2,3,3,1,2,2,3,2,2,3,3,2,2,3,4,3,2,2,3,4,2,2,3,2,2,3,3,3,2,2,2,2,1,2,2,2,2,3,3,3,2,2,2,3,0,3,2,2,2,2,3,2,3,3,2,3,2,2,3,2,2,2,3,2,2,1,3,3,3,2,2,3,3,2,2,2,1,2,2,2,2,2,2,2,3,3,3,3,2,3,2,2,3,2,2,3,2,2,3,3,3,3,2,0,2,2,2,2,2,3,3,2,2,2,2,2,3,2,3,2,2,2,2,3,3,3,3,3,3,2,3,2,2,2,2,3,2,3,2,2,2,2,2,3,2,2,1,3,2,2,3,2,2,0,3,2,2,2,2,3,2,2,2,2,2,2,3,3,2,2,3,3,2,3,3,0,2,2,2,,3,,2,3,2,3,3,2,2,2,3,3,121,4,1.1545064377682406,-0.6543315864338628
3,3,3,2,2,3,3,3,2,3,3,3,2,2,3,3,3,3,3,2,1,3,3,3,2,2,2,3,2,3,2,2,3,3,2,2,3,3,2,3,3,3,3,3,3,2,3,3,1,3,3,3,3,,3,2,3,3,3,2,2,2,3,3,3,3,,3,2,,1,1,3,3,3,2,3,3,3,3,2,3,3,2,3,2,3,2,3,2,3,2,3,0,3,2,2,3,2,3,3,2,2,3,2,2,3,3,3,3,2,3,3,3,3,3,3,3,3,3,3,2,0,3,3,3,3,3,3,3,3,2,2,3,3,2,3,3,2,3,3,2,3,3,3,3,3,3,3,3,3,3,2,4,3,3,0,3,3,3,3,3,3,2,3,3,3,3,2,3,3,3,2,3,3,3,3,3,3,3,3,3,4,3,2,2,2,3,3,3,2,2,3,3,3,3,2,2,2,2,3,3,3,3,3,0,3,3,3,3,3,3,3,3,3,3,3,3,2,3,3,3,3,2,3,4,3,3,3,4,5,3,2,3,3,2,2,4,0,2,3,2,3,2,2,3,3,2,3,3,3,3,3,3,3,3,3,3,3,3,3,3,2,3,3,3,3,3,3,3,3,3,3,3,3,2,3,3,3,4,3,3,3,3,3,2,3,2,0,2,2,1,2,3,3,3,3,3,3,2,0,3,3,4,3,3,2,3,3,3,3,3,3,3,4,3,3,3,3,3,3,4,3,3,3,3,3,3,2,4,0,3,3,3,2,3,3,0,3,3,3,3,3,2,2,3,3,3,3,3,3,2,3,3,3,2,2,3,3,3,3,3,3,2,3,3,3,3,3,2,3,3,2,3,3,3,0,3,3,2,2,3,3,3,4,3,3,3,3,3,,3,,3,4,3,4,4,2,2,2,3,3,122,4,1.1643643643643637,-0.5083863316649101
2,2,3,2,2,3,3,3,3,3,3,2,3,3,3,3,3,3,3,3,3,3,2,2,3,3,2,2,2,2,2,2,3,0,2,2,3,3,3,3,3,2,0,3,4,3,2,3,3,3,3,2,2,,0,2,3,2,3,2,2,1,3,3,3,3,,3,3,,2,2,3,3,3,2,2,3,3,0,1,2,1,3,3,2,3,2,3,3,3,1,4,3,4,2,2,3,2,3,3,3,2,3,2,2,3,3,2,3,2,3,3,1,3,1,2,3,3,3,3,3,3,2,2,3,2,2,3,3,3,2,3,3,3,2,3,3,2,3,3,2,2,2,3,2,2,3,3,3,3,3,3,3,3,0,3,3,3,2,3,3,3,3,3,3,4,4,2,3,3,3,2,3,3,3,3,3,0,3,3,3,3,3,2,3,2,3,3,3,2,3,2,3,3,2,3,2,3,3,0,3,3,3,0,3,2,3,3,3,3,2,3,3,2,2,3,3,2,3,3,3,2,2,3,4,3,3,3,4,5,3,3,3,3,3,3,3,3,3,3,3,2,3,3,3,3,2,3,3,4,2,3,3,3,3,3,2,2,2,3,3,3,3,3,3,3,3,3,3,3,3,3,3,3,3,2,0,3,4,3,3,3,3,2,3,3,2,3,2,3,2,3,3,3,3,3,4,0,2,2,2,2,4,3,2,3,3,2,3,3,3,3,3,3,3,3,3,3,3,3,3,3,3,2,3,3,3,2,4,3,2,3,3,3,4,3,3,3,4,3,3,3,3,3,3,3,3,3,3,3,3,3,3,3,2,3,2,3,3,2,3,3,3,2,3,2,3,3,3,3,3,3,3,3,2,3,3,3,2,2,3,3,3,4,3,3,3,3,3,,3,,3,4,3,4,4,2,3,3,3,3,123,4,1.1507566938300344,-0.5781691444292535
2,2,2,2,2,1,3,3,2,3,2,3,3,2,3,2,2,3,3,2,2,3,3,3,2,2,2,2,2,3,2,1,3,3,2,3,3,3,2,2,3,3,2,3,3,3,2,3,1,2,3,2,1,,3,3,2,2,3,2,2,2,3,2,3,2,,3,2,,2,2,3,3,2,2,2,3,2,2,0,2,1,2,3,2,2,2,3,2,3,2,3,3,3,2,2,3,3,2,2,3,2,2,2,2,3,3,2,3,3,3,2,2,0,2,2,3,2,3,3,3,0,2,2,2,2,2,3,3,3,2,3,3,3,2,3,3,2,3,3,2,3,3,3,2,3,3,3,3,3,3,2,3,3,3,3,0,2,1,3,2,3,2,3,3,3,3,2,2,3,3,2,3,3,3,3,2,3,3,1,2,3,3,2,2,2,2,3,3,1,2,2,2,3,3,3,2,3,2,3,2,2,2,3,3,2,3,3,2,3,3,3,3,2,2,2,3,2,3,3,3,2,2,3,4,3,3,3,3,4,2,2,3,2,3,3,0,3,2,3,3,3,2,3,3,2,2,3,3,3,3,2,2,3,3,3,2,3,0,3,3,2,3,3,3,2,3,3,3,3,3,2,3,2,2,2,3,3,3,3,2,3,3,2,3,3,2,3,2,2,2,2,3,3,3,2,3,3,2,3,3,2,4,3,3,2,2,2,3,2,3,3,2,3,3,2,3,3,3,3,3,3,0,3,3,2,3,3,3,3,3,3,2,2,4,0,3,3,3,3,3,3,3,3,3,3,3,3,2,3,3,2,3,3,2,0,2,4,2,2,3,3,1,3,3,2,3,3,2,3,1,2,3,3,2,2,3,3,3,3,3,3,3,4,3,3,3,2,3,,3,,2,4,3,4,0,2,3,2,3,3,124,4,1.1518867924528307,-0.6005580177818001
1,2,2,2,1,2,2,2,1,0,2,2,2,2,2,2,2,2,2,1,1,2,2,2,2,2,1,1,2,2,2,1,2,2,1,1,0,2,2,2,2,2,2,2,3,2,2,2,2,2,3,2,2,,2,2,1,2,2,1,2,2,2,2,3,2,,2,2,,2,1,2,2,2,2,2,2,2,2,1,1,2,2,2,2,2,2,2,2,2,1,3,2,3,2,1,2,2,2,2,2,2,1,1,2,3,2,2,2,2,1,0,1,2,2,2,2,2,2,2,2,3,1,2,2,1,2,2,2,2,2,2,2,2,2,2,3,2,2,2,2,2,2,2,2,2,2,2,2,2,3,2,3,2,2,2,2,2,1,2,2,0,2,2,2,2,3,1,2,2,3,1,2,2,2,2,2,2,2,2,2,0,2,2,2,2,2,2,1,0,2,2,1,2,2,2,1,2,0,2,2,1,2,2,2,2,2,1,2,2,2,3,2,2,1,2,2,2,2,2,2,2,2,2,3,3,2,2,3,4,2,2,2,2,2,2,3,3,2,1,2,2,1,2,2,2,1,2,2,3,2,2,2,3,2,2,2,2,2,2,2,2,3,2,2,2,2,2,1,2,0,2,2,2,2,2,2,3,3,2,2,2,3,2,2,2,1,2,2,2,2,2,2,2,2,2,3,3,2,3,2,2,3,2,2,3,2,2,3,2,2,3,2,3,2,2,2,2,2,2,2,2,2,2,2,2,2,2,3,2,2,2,2,2,3,2,2,2,3,2,2,2,2,2,2,2,2,2,2,2,2,2,2,2,0,2,1,3,2,2,3,2,2,2,2,2,2,3,2,2,2,2,2,2,2,2,2,3,0,2,2,2,2,3,3,2,2,2,2,,3,,2,3,2,3,3,2,2,2,2,2,125,4,1.1486450228065468,-0.5902532168170079
2,2,2,2,1,2,2,2,0,2,2,2,2,1,2,2,2,2,2,2,1,2,0,2,2,2,1,2,2,2,2,1,0,2,2,2,2,2,2,2,2,2,2,2,3,2,2,2,2,2,3,2,2,,2,2,3,2,2,1,2,2,2,2,3,2,,2,2,,2,2,0,2,1,1,2,2,3,2,2,1,2,2,2,2,2,1,0,2,3,1,3,2,3,2,2,2,2,2,2,2,2,2,1,2,2,3,2,2,2,2,2,2,3,1,2,2,2,3,3,2,2,2,2,2,2,2,3,2,3,2,3,2,2,2,3,3,2,2,2,1,2,2,2,3,2,3,2,3,3,3,2,3,2,2,3,2,2,2,3,3,2,2,2,3,2,3,0,2,3,3,1,2,3,2,3,2,3,2,2,1,3,2,1,2,2,2,2,2,2,2,1,2,2,2,2,1,2,2,2,2,2,2,3,2,2,2,2,2,2,2,2,3,2,2,2,0,2,2,2,2,2,2,2,3,2,2,3,3,4,2,2,2,2,2,0,3,3,2,3,2,2,2,2,3,2,2,3,3,3,2,2,2,3,2,3,2,2,2,2,2,2,3,2,2,2,2,2,2,3,2,3,2,2,2,2,2,3,3,2,2,2,3,2,2,2,2,2,1,2,2,2,2,2,2,2,3,3,2,2,2,2,3,2,2,3,2,2,3,2,2,3,2,3,2,2,3,2,3,2,2,2,2,2,2,2,3,2,3,2,1,2,2,2,3,3,3,3,3,2,3,2,2,2,2,2,2,3,2,2,2,2,2,2,1,2,0,3,2,1,3,2,2,2,2,0,2,3,2,2,2,2,2,2,1,2,3,3,2,2,3,3,3,3,3,2,3,3,2,,3,,2,3,2,3,3,2,2,2,3,3,126,4,1.153631991900785,-0.6463707020173605
2,2,2,2,2,2,2,2,0,2,2,2,1,0,2,2,2,2,2,2,1,2,2,2,1,2,1,2,0,2,2,2,2,2,1,2,3,3,1,2,3,2,2,2,3,2,2,2,1,3,2,1,2,,2,1,2,2,2,2,1,2,2,2,3,2,,2,2,,2,2,2,2,2,2,2,2,3,2,2,2,1,2,2,2,2,2,2,2,3,1,3,2,3,2,2,2,2,2,3,2,2,2,2,2,3,2,2,2,2,2,2,2,3,2,2,2,1,3,3,3,2,2,2,2,2,2,3,2,3,2,3,3,2,2,2,3,2,3,2,2,2,2,2,0,2,3,2,3,3,3,2,3,2,3,2,0,3,2,2,3,2,2,2,2,3,3,2,0,3,3,2,2,3,3,2,3,3,2,1,3,3,3,1,3,2,2,3,2,2,2,2,2,2,2,2,1,3,2,3,2,2,2,3,2,2,2,2,2,0,2,3,3,2,2,3,2,2,2,2,3,2,2,3,4,3,2,3,3,4,2,2,3,2,2,3,3,3,2,3,2,1,1,2,3,3,2,3,2,3,2,2,2,3,2,3,2,2,2,2,2,2,3,3,2,2,2,2,2,2,3,3,3,2,2,2,2,3,3,3,2,2,3,3,2,2,2,2,2,2,1,2,2,2,3,3,3,3,2,2,2,2,3,3,2,3,2,2,3,3,3,3,2,0,2,2,3,3,3,2,3,2,2,2,3,2,3,2,3,2,1,2,3,2,3,2,2,3,3,2,3,3,2,2,2,2,2,0,2,2,2,2,2,3,2,2,2,3,2,2,3,2,2,2,3,2,3,3,2,3,0,2,2,2,2,3,2,3,2,2,3,3,3,3,3,3,3,3,2,,3,,3,3,2,3,3,2,2,2,3,3,127,4,1.160531220876049,-0.6517435811429712
2,2,2,2,2,2,3,2,2,2,3,2,2,2,3,2,2,3,3,2,1,3,2,2,2,2,2,2,2,3,2,2,2,2,2,2,3,2,2,3,2,3,2,3,3,3,2,2,1,3,3,2,2,,2,2,2,2,2,2,2,1,3,2,3,2,,2,2,,2,2,2,2,2,1,3,3,3,2,1,2,2,2,3,2,2,2,2,2,3,1,3,2,3,2,2,3,2,3,3,3,2,2,1,2,3,2,2,3,2,3,3,2,3,2,2,3,3,3,3,2,0,2,0,2,2,2,3,3,3,2,3,2,2,2,3,3,1,3,2,2,3,2,3,2,2,3,2,3,3,3,2,3,2,3,3,3,0,2,3,3,3,2,3,3,3,3,1,2,2,0,2,3,3,3,2,3,3,3,2,3,3,2,2,3,2,3,2,3,2,2,2,3,2,2,2,1,3,2,3,2,3,3,3,3,2,2,2,3,3,2,3,3,2,2,3,2,2,2,2,3,2,1,2,3,3,2,3,4,5,3,2,2,2,0,2,3,3,2,3,2,2,2,2,3,2,2,2,3,3,2,3,2,2,3,3,2,2,2,2,3,2,0,3,2,2,0,2,2,3,2,2,2,3,2,2,2,3,3,3,3,2,3,2,3,3,2,2,1,2,2,2,3,2,3,2,3,3,2,2,3,2,3,2,2,3,3,2,3,2,3,3,2,3,2,2,3,3,3,3,3,3,2,2,2,2,3,2,3,2,2,3,2,2,3,3,0,3,3,2,3,2,2,2,2,2,2,3,2,2,2,3,3,3,2,3,2,3,2,2,3,2,2,2,2,2,3,3,2,2,2,2,2,2,2,3,3,3,2,2,3,3,3,4,3,3,3,3,3,,3,,3,0,3,4,3,1,0,2,3,3,128,4,1.126434383475902,-0.574217768109958
2,0,2,2,1,2,2,2,2,2,2,2,2,2,2,2,2,3,2,2,2,3,2,2,2,2,1,2,2,2,2,2,2,2,2,2,2,2,2,2,2,2,2,2,3,1,2,2,2,2,2,2,1,,2,2,2,2,2,1,1,2,3,2,2,2,,2,2,,2,1,3,2,2,2,2,2,2,2,1,2,2,1,2,2,2,1,2,2,2,1,3,2,3,1,1,2,2,2,2,2,1,2,2,2,3,3,0,2,2,2,2,1,2,1,2,2,2,2,2,2,2,1,1,2,2,2,3,2,2,1,3,3,3,2,2,3,2,2,2,0,2,2,2,2,2,3,2,3,3,3,2,3,2,2,2,2,3,1,2,2,2,2,2,2,3,3,2,2,2,2,1,2,2,2,2,2,2,2,2,2,3,2,2,2,2,2,2,2,2,1,2,2,2,2,2,1,2,2,2,2,2,0,2,2,2,1,2,2,2,2,3,3,2,2,2,3,1,2,2,2,2,2,3,4,3,2,2,3,4,2,2,2,2,2,2,3,3,2,1,2,2,2,2,2,2,2,2,2,3,2,2,2,3,2,2,2,2,2,2,3,0,3,2,2,2,2,2,2,3,2,2,2,2,2,2,3,3,3,2,1,2,3,2,2,2,2,2,2,2,2,2,2,2,3,2,0,3,2,2,2,2,3,2,2,3,2,2,2,2,3,2,0,2,2,2,0,2,2,2,2,2,2,2,2,2,2,2,3,2,2,2,2,2,3,3,2,2,3,2,2,2,2,2,2,3,2,2,2,2,2,2,2,3,1,2,2,3,1,2,3,2,2,1,2,2,2,3,1,2,2,2,2,2,2,2,2,3,0,2,2,2,3,0,2,2,2,2,2,,3,,2,3,2,3,3,2,2,2,2,3,129,4,1.1425215348472983,-0.6228711085487049
2,2,1,1,1,2,2,2,2,2,2,2,2,2,2,2,2,2,2,2,1,2,2,2,1,2,0,2,1,2,2,1,2,2,1,1,1,2,2,2,2,2,2,2,3,2,1,2,1,2,2,2,2,,2,2,2,1,2,0,1,2,2,2,3,2,,2,2,,1,1,2,2,2,2,2,2,2,2,1,2,2,2,2,0,1,1,2,2,2,1,2,2,3,2,2,2,2,1,2,2,2,2,1,2,3,3,1,2,2,2,2,2,2,0,2,2,2,2,3,2,2,2,2,0,2,2,2,2,2,2,2,2,2,1,2,2,2,2,2,1,2,2,2,2,2,2,2,2,2,3,2,3,2,2,2,2,2,2,2,2,2,2,2,2,2,3,2,2,2,2,1,2,2,2,2,2,3,2,2,2,2,3,1,2,2,2,2,2,1,1,2,0,2,1,2,1,2,1,2,2,1,2,2,2,2,2,2,2,1,2,3,3,1,2,2,2,2,2,2,2,0,2,2,3,3,2,2,3,4,2,2,0,2,2,2,0,2,2,2,2,2,2,1,2,2,2,2,2,0,2,2,2,3,2,2,2,2,2,1,2,1,2,2,2,2,2,2,2,3,2,2,2,2,2,2,2,3,3,2,2,2,3,2,2,2,2,2,2,2,2,2,2,2,2,2,3,3,1,3,2,2,3,2,2,3,2,2,3,2,2,2,2,3,2,2,3,2,2,2,3,2,2,2,2,2,3,2,3,2,2,2,2,2,3,2,2,2,3,2,2,2,2,2,2,2,2,2,2,2,2,2,2,2,2,2,1,3,2,2,3,2,2,2,2,2,2,3,2,2,2,2,2,2,2,2,2,3,2,2,2,2,2,3,3,2,2,2,2,,3,,2,3,2,3,3,2,2,2,2,3,130,4,1.1332819722650231,-0.5866581625410507
2,1,2,1,2,2,2,2,2,2,2,2,2,2,3,2,2,3,3,2,2,3,2,2,2,2,2,2,2,2,2,2,2,3,2,1,2,3,2,2,2,2,2,3,3,3,2,2,2,2,3,2,1,,2,2,1,2,2,2,2,2,3,2,3,2,,3,2,,1,2,2,3,2,2,2,3,2,2,2,2,2,2,2,2,2,2,3,2,3,1,3,2,3,2,2,3,2,2,2,2,2,3,1,2,3,3,0,2,3,2,2,2,3,1,2,2,2,2,2,3,2,2,2,2,2,2,3,2,2,1,3,3,3,2,3,3,2,2,2,2,3,2,3,3,2,3,2,3,3,3,2,3,2,2,2,2,0,1,3,2,2,2,3,2,3,3,2,2,3,3,1,3,3,3,2,2,3,2,3,0,3,3,2,2,2,2,3,1,1,0,2,2,3,2,2,2,2,1,2,2,2,1,3,2,2,2,2,2,3,2,3,3,2,2,2,2,2,2,2,2,1,1,3,4,3,3,3,3,4,2,2,2,2,2,3,3,3,2,2,2,2,2,2,0,2,2,3,3,3,2,3,2,3,2,3,2,2,2,2,3,2,3,2,2,2,3,2,2,3,2,2,3,2,0,2,3,3,3,2,0,2,3,2,3,2,2,2,2,2,2,2,2,2,3,2,3,3,2,3,2,0,3,2,3,3,2,2,2,2,3,3,2,3,2,2,2,3,2,2,2,3,2,2,2,2,2,2,3,3,2,2,1,2,3,3,2,3,3,2,2,3,3,2,2,3,2,2,2,2,2,3,2,3,2,2,2,3,1,2,3,2,2,2,2,1,3,3,2,2,3,2,2,2,2,3,3,3,2,2,3,3,3,3,3,3,2,3,3,,0,,2,3,3,4,3,2,2,2,3,0,131,4,1.1390238260467271,-0.6657630722140345
2,2,2,2,2,2,3,2,2,2,2,2,2,2,2,2,2,3,2,2,2,3,2,2,2,2,2,1,2,2,2,2,2,2,2,2,3,2,1,3,2,2,2,3,3,2,2,2,2,2,3,3,1,,2,1,2,2,2,2,2,2,3,2,3,2,,3,2,,1,1,2,0,2,2,2,3,2,0,1,2,2,2,2,2,2,1,2,2,2,1,3,2,3,1,1,3,2,2,1,2,2,2,2,2,2,2,2,2,1,2,3,2,3,2,2,2,2,3,2,0,2,2,2,2,2,2,2,2,2,2,2,3,3,2,3,3,1,2,2,2,2,2,2,2,3,3,2,3,3,2,2,3,2,3,2,2,3,2,2,2,2,2,2,2,3,0,2,2,3,3,1,0,2,3,3,2,3,2,2,2,3,2,2,2,2,2,3,3,2,2,2,2,2,2,2,1,2,2,3,2,2,3,3,2,2,2,2,2,2,2,3,3,2,2,2,3,2,2,2,3,2,2,2,3,3,2,3,3,4,3,2,2,2,2,2,3,3,2,3,2,2,2,2,3,2,2,2,0,3,2,2,2,2,3,3,2,2,2,2,2,1,0,3,2,2,2,2,2,3,2,2,2,2,2,2,2,2,3,3,2,2,3,2,2,2,2,2,2,1,0,1,3,3,3,2,3,3,2,2,2,2,3,2,2,3,2,2,3,2,3,3,2,3,2,2,3,2,3,2,3,3,2,2,2,3,3,2,3,2,2,2,2,2,3,3,2,2,3,2,2,2,1,2,2,3,2,2,2,2,3,2,3,2,0,2,2,3,2,1,3,2,0,2,2,2,3,3,2,3,2,2,2,3,2,2,3,3,2,2,2,3,3,3,3,3,2,2,2,,3,,2,4,2,3,3,2,2,2,2,3,132,4,1.1445003594536307,-0.5947682875499078
2,2,2,2,2,2,2,3,2,2,2,2,2,2,2,2,1,2,3,2,1,2,2,3,2,2,0,2,2,2,2,2,2,3,2,2,2,3,0,2,2,2,2,2,3,2,2,2,2,3,3,2,1,0.0,2,2,2,2,2,1,2,2,3,2,3,2,,3,2,,2,1,3,3,2,2,2,3,3,3,2,2,2,2,3,2,2,1,2,2,3,2,3,2,3,2,2,2,2,3,2,0,2,2,2,2,3,3,1,3,2,2,2,2,2,2,2,3,2,2,2,3,0,2,1,2,0,2,3,3,3,2,3,2,2,2,3,3,2,3,2,2,3,2,2,2,2,3,2,3,3,3,2,3,2,3,3,3,3,2,3,3,3,2,3,2,3,4,2,3,2,3,2,3,3,3,3,2,3,2,3,2,3,0,2,2,2,2,3,2,1,2,2,2,3,2,2,2,2,1,3,3,1,2,3,2,3,3,2,3,3,2,3,3,2,2,2,2,2,2,2,2,2,2,3,4,3,2,3,0,4,2,2,3,2,3,2,3,3,2,2,2,3,2,2,3,2,2,3,3,3,2,2,1,3,3,3,2,2,2,2,3,2,3,0,2,2,3,2,2,3,2,2,2,2,2,2,3,2,3,3,3,2,3,2,2,0,1,2,2,2,2,2,3,2,3,3,3,3,2,3,3,2,4,3,2,3,3,3,3,2,3,3,2,3,2,2,3,3,3,2,3,3,2,2,3,3,2,2,3,3,2,2,2,3,3,3,3,3,3,2,2,3,2,3,2,3,3,2,2,2,3,2,3,2,2,2,2,3,2,2,3,2,2,3,2,2,3,3,3,3,2,2,3,2,1,2,2,3,2,2,2,3,3,3,3,2,3,3,3,,3,,3,4,2,3,3,3,2,3,2,3,133,4,1.1513314570253308,-0.6218403960520746
2,2,2,2,2,3,2,3,2,2,3,2,2,2,3,2,3,3,3,2,2,0,2,2,2,2,2,2,2,2,2,1,2,3,2,2,3,2,2,2,2,2,2,2,3,2,1,3,2,3,3,2,2,,0,1,2,2,2,1,2,0,3,3,3,2,,3,2,,2,2,3,3,3,2,2,2,2,3,2,2,2,3,2,2,2,2,2,2,3,2,3,3,3,2,2,2,2,1,2,2,1,2,1,2,3,3,2,3,3,2,2,2,3,1,2,2,2,3,3,3,3,2,2,2,2,2,2,2,2,2,2,2,3,1,3,3,2,3,2,1,3,2,2,2,2,3,2,3,3,3,2,3,2,2,3,3,3,0,2,2,0,2,2,2,3,3,2,2,2,3,1,2,3,2,3,2,3,2,2,2,3,2,2,3,2,2,2,3,2,2,2,2,2,2,3,1,3,1,2,1,2,2,3,2,2,2,2,2,3,2,3,3,2,2,2,3,2,2,2,3,2,2,3,3,0,2,0,3,0,2,2,3,2,2,3,3,3,1,2,2,2,0,2,3,2,1,2,2,3,2,2,2,3,2,3,2,1,2,2,3,2,3,2,2,2,2,2,2,3,2,3,3,2,2,2,3,3,3,2,2,2,3,2,3,2,2,2,2,2,1,2,2,2,2,3,3,3,2,2,2,2,3,2,2,2,1,1,3,3,3,3,2,3,2,2,3,2,2,2,3,2,2,2,3,2,3,2,3,2,2,2,2,2,3,3,3,3,3,3,2,3,2,2,2,3,2,2,2,0,2,2,2,2,1,2,2,3,2,2,3,2,2,2,2,2,3,3,2,3,2,2,2,3,2,2,3,3,2,2,3,3,3,3,3,2,2,3,3,,3,,2,3,2,3,3,2,2,2,3,3,134,4,1.143575674439872,-0.6422624571183623
2,2,2,2,1,2,3,2,2,2,2,2,2,2,2,3,3,3,3,2,1,3,2,3,3,2,2,2,2,3,2,2,2,3,2,2,3,2,2,3,3,2,2,2,3,2,2,2,2,3,3,3,2,,2,2,2,0,2,2,2,2,3,3,3,3,,2,2,,2,1,3,3,3,2,3,3,3,2,1,2,2,2,1,2,2,1,2,3,0,2,2,2,3,2,2,3,2,2,2,0,2,2,2,2,3,3,2,3,0,3,2,2,2,1,2,2,2,3,3,2,2,2,2,2,2,3,3,2,3,2,2,3,3,2,3,3,2,2,3,2,3,2,2,3,3,3,2,3,3,3,2,3,2,3,3,3,3,2,3,2,0,2,2,2,3,3,2,2,3,3,1,3,2,3,3,2,3,3,2,2,3,3,2,2,2,2,3,3,2,2,2,2,3,2,2,2,2,2,3,2,2,2,3,3,2,2,0,2,3,3,3,3,1,2,2,3,2,2,3,2,2,2,2,4,3,2,3,4,5,2,2,3,2,3,0,3,3,2,2,2,2,2,3,2,2,2,3,2,3,2,2,0,2,0,3,2,1,3,2,2,1,0,3,2,3,3,2,2,3,3,3,2,2,3,2,3,3,3,3,2,3,3,2,3,2,2,2,2,2,2,1,2,2,2,3,3,3,2,2,2,2,4,3,3,3,2,2,3,3,3,3,3,3,2,2,3,3,3,2,3,2,2,2,3,3,3,2,3,2,2,3,3,2,3,3,2,3,3,2,2,3,2,2,2,3,3,3,3,3,2,2,3,3,2,2,2,3,2,2,3,2,2,2,3,2,3,3,1,3,2,2,3,3,2,2,3,3,2,2,2,3,3,3,3,2,2,3,2,,3,,2,3,2,3,3,2,1,2,3,3,135,4,1.140585774058577,-0.6165898899280208
2,1,2,2,1,0,2,2,2,2,1,2,2,2,2,2,2,2,2,2,1,3,2,2,2,2,2,2,2,2,2,2,2,3,2,2,2,3,2,3,2,2,0,2,3,2,2,2,2,2,3,2,2,0.0,2,2,2,2,2,1,1,2,2,2,3,2,,2,2,,2,1,2,3,2,2,2,2,1,0,1,2,2,2,2,2,2,2,2,3,2,1,3,2,3,2,2,2,2,2,2,2,2,2,2,1,3,3,2,2,2,2,2,2,3,0,2,2,2,2,3,3,3,1,2,2,2,3,3,3,2,1,3,3,2,2,3,3,2,2,3,2,2,2,2,3,2,3,2,3,3,3,2,3,2,3,2,2,2,2,3,2,2,2,3,2,3,3,2,2,3,2,1,2,2,2,2,1,3,2,2,2,3,2,1,3,2,2,3,3,2,2,2,2,2,2,3,2,2,2,2,2,0,2,3,2,2,2,2,2,3,2,3,3,2,2,2,2,1,2,2,0,2,2,3,4,3,2,3,3,4,0,2,2,2,2,2,3,3,2,2,2,2,2,2,3,3,2,3,2,3,2,2,2,3,3,2,2,2,2,0,3,2,3,3,2,2,2,2,2,3,2,2,2,1,2,2,3,3,3,3,2,3,3,2,2,2,2,2,2,2,2,2,2,2,2,2,3,3,1,3,2,2,4,3,2,3,3,2,3,2,3,3,2,3,3,3,2,2,3,2,3,2,2,2,3,2,3,2,3,2,2,3,2,2,3,2,2,3,2,2,3,3,2,1,3,2,2,2,2,2,2,2,3,2,2,2,2,3,2,2,3,2,2,2,2,2,3,3,2,0,2,2,2,2,2,2,2,3,2,2,2,3,2,3,2,2,2,2,3,,3,,2,4,2,3,3,2,2,2,3,3,136,4,1.1637587238285148,-0.6304035082706401
2,2,2,2,2,3,2,3,2,2,2,0,2,2,2,2,2,2,3,2,1,3,3,3,3,3,2,2,1,0,2,2,2,3,2,2,3,3,2,3,2,3,2,0,3,2,2,3,2,3,2,2,2,,2,2,2,2,2,2,2,2,3,3,3,2,,2,2,,2,1,2,2,2,1,2,2,2,2,1,2,2,2,2,1,2,2,2,2,3,1,3,0,3,2,2,2,2,2,3,2,2,2,2,2,0,3,2,2,2,3,2,2,3,2,2,2,3,3,3,3,3,2,2,3,2,3,2,3,3,2,3,3,3,2,3,3,2,3,3,2,3,3,2,3,2,3,3,3,3,3,1,3,3,3,3,2,2,2,3,2,3,2,3,3,3,3,2,3,2,3,2,3,3,3,3,3,3,3,2,2,3,2,2,2,0,3,3,3,1,2,2,2,2,2,2,2,2,2,2,2,2,3,0,2,3,2,2,3,2,2,3,3,2,2,2,3,2,2,3,3,2,2,2,4,3,2,0,3,4,2,2,3,2,2,2,3,3,2,3,2,2,1,2,3,3,2,2,3,3,3,2,3,3,3,3,2,2,2,3,3,2,3,3,2,2,3,3,2,3,3,3,2,2,3,2,3,3,3,3,3,3,3,2,2,2,2,3,2,2,1,2,3,2,3,0,3,3,2,3,3,2,4,3,2,3,3,2,3,3,3,3,3,3,3,3,3,3,3,2,3,3,2,2,3,3,2,2,3,2,2,2,2,2,3,3,3,3,3,2,3,2,2,2,2,3,2,2,3,3,3,2,2,2,2,3,2,3,2,2,3,2,2,3,3,3,3,3,2,2,2,2,3,3,2,3,2,3,2,2,3,3,3,3,3,3,3,3,3,,3,,3,4,2,3,0,2,2,2,3,2,137,4,1.1390189293710569,-0.5948126750459105
2,2,3,2,2,2,2,2,2,2,2,2,2,1,2,2,2,2,2,2,1,2,2,2,3,2,1,2,2,2,2,2,2,3,2,2,3,2,2,2,3,2,2,3,3,3,2,2,2,2,3,2,2,,2,1,0,1,2,2,1,2,3,2,3,2,,3,2,,2,2,3,2,2,2,2,2,3,3,1,2,1,2,2,2,2,1,2,2,2,1,3,2,3,2,2,2,2,2,3,3,2,2,2,2,3,3,2,2,2,2,2,2,3,2,2,2,0,2,2,2,0,2,2,2,1,2,2,2,2,2,3,3,2,2,2,3,0,3,3,2,2,2,2,2,2,3,2,3,3,3,2,3,3,3,3,2,3,2,2,3,2,2,2,2,3,3,1,2,3,3,2,2,2,3,3,3,3,2,2,2,3,3,1,2,2,2,2,1,2,2,2,2,2,2,2,1,2,2,3,2,2,2,3,2,2,2,2,2,2,0,2,3,1,2,2,2,2,2,3,3,2,2,2,3,3,2,3,3,4,2,2,2,2,2,2,3,3,2,3,2,2,2,2,3,2,1,2,3,3,0,2,2,2,2,3,2,2,2,2,2,2,3,3,2,3,2,2,2,3,2,2,2,1,2,2,0,3,3,2,2,2,3,2,2,2,2,3,2,2,2,2,2,3,3,2,0,3,2,2,2,2,3,2,2,3,2,2,3,2,3,3,2,3,2,2,3,2,2,2,3,2,2,1,2,2,3,2,3,2,1,2,2,2,3,3,2,2,3,2,2,1,2,2,2,2,0,3,3,2,2,3,2,2,1,3,2,3,2,2,3,2,2,2,2,0,3,3,2,2,2,2,2,2,2,2,3,3,2,2,3,3,3,3,2,3,3,2,2,,3,,3,4,3,4,3,2,2,2,3,2,138,4,1.1420752022846266,-0.5979041958571557
2,2,0,2,2,2,2,2,2,2,2,2,2,2,3,2,2,3,3,2,1,2,1,0,2,2,2,2,2,2,2,2,2,2,2,2,2,2,2,3,2,2,2,2,3,2,2,1,2,2,3,2,1,,2,2,2,2,2,1,1,2,2,2,3,2,,2,2,,2,1,3,2,2,2,2,2,2,0,1,2,2,2,2,2,2,2,2,2,2,2,3,2,3,2,2,3,2,2,1,2,1,2,1,2,3,3,2,2,2,2,2,1,2,1,0,2,2,3,3,3,2,2,2,2,2,2,3,2,2,2,2,2,3,2,3,3,2,2,2,2,2,2,2,2,2,3,2,3,3,3,2,3,2,2,3,3,2,2,3,3,2,2,3,2,3,3,1,1,2,0,1,2,2,2,2,2,3,2,2,2,3,2,2,2,2,2,2,3,1,2,2,2,2,2,2,1,2,2,3,2,0,2,3,2,2,2,2,2,3,2,2,3,2,2,2,2,0,2,0,2,1,2,3,4,3,2,3,3,4,2,2,2,2,2,3,3,3,2,2,2,2,2,3,2,2,2,2,2,3,2,2,2,3,2,3,2,2,2,2,2,2,3,2,2,1,2,2,2,3,2,3,2,2,2,2,3,3,3,2,2,2,3,2,2,2,2,2,2,2,1,2,2,2,2,2,3,2,2,0,2,2,3,2,2,3,2,2,3,2,3,3,1,2,1,2,2,2,2,2,3,2,2,2,3,2,2,2,3,2,2,2,2,2,3,3,2,3,3,2,2,2,2,2,1,2,3,2,2,2,2,2,3,2,2,2,2,3,2,2,3,2,1,2,2,2,3,3,1,2,2,2,1,2,2,2,2,3,2,2,2,3,2,3,3,2,2,0,2,,3,,2,3,2,3,3,2,2,2,3,3,139,4,1.1428941908713692,-0.6416115136910036
2,2,2,2,2,2,2,2,0,2,2,2,2,2,2,2,2,3,3,1,2,2,2,3,2,2,2,2,2,2,0,2,2,2,2,1,2,3,2,2,2,2,2,2,3,2,2,2,2,2,3,0,2,,2,1,2,2,2,2,2,1,3,2,3,3,,2,1,,1,1,2,2,2,2,2,2,2,2,1,2,2,2,2,2,2,2,3,2,3,1,3,2,3,2,2,2,2,3,2,2,2,2,1,2,3,3,1,2,2,2,2,2,3,2,2,2,2,2,3,3,3,2,2,2,2,2,2,2,3,2,3,2,3,3,2,3,1,3,3,2,3,2,2,2,1,2,2,2,3,3,2,3,2,3,3,2,3,2,2,2,2,2,3,2,3,3,2,2,3,2,2,2,3,3,3,2,3,2,2,2,3,2,1,2,2,1,3,2,1,2,2,2,2,2,2,2,3,1,2,3,1,2,3,2,2,2,2,3,2,2,3,3,2,2,3,2,2,2,3,3,2,2,2,3,3,3,3,3,4,2,2,2,2,2,3,3,3,2,2,2,2,2,2,3,3,2,3,3,3,2,2,2,3,3,3,2,2,2,2,3,2,3,0,2,2,2,1,2,3,2,2,2,2,2,2,2,3,3,3,3,2,3,2,2,2,2,2,2,2,1,2,2,2,2,2,3,3,2,2,2,2,3,2,2,3,3,2,3,2,3,3,2,3,0,2,3,2,3,2,2,3,2,2,2,2,2,2,3,2,2,2,2,2,3,3,2,3,2,2,2,0,2,0,2,2,3,2,2,2,3,2,2,2,2,2,2,0,2,2,3,0,2,1,2,2,3,3,2,2,2,2,2,2,2,3,3,3,2,2,3,3,0,3,3,3,2,2,3,,3,,3,4,2,3,3,2,2,2,3,3,140,4,1.1518771331058022,-0.6379859275295405
2,2,2,1,2,2,2,2,2,0,2,2,2,2,2,2,2,2,2,2,1,2,2,2,1,2,2,1,2,2,2,1,2,3,1,1,3,2,1,3,2,0,2,2,3,2,2,2,2,2,3,2,1,,2,2,2,2,2,2,1,2,2,2,3,2,,2,2,,0,1,2,2,2,2,2,2,3,2,2,2,2,2,2,2,2,2,2,2,3,1,3,2,3,2,2,2,2,2,1,2,2,2,2,2,3,3,2,2,2,2,3,2,3,2,2,2,2,3,3,2,2,2,1,2,2,2,2,3,3,2,3,2,2,2,3,3,2,2,2,2,3,2,2,2,2,2,2,2,3,3,2,3,2,2,2,2,3,2,2,2,2,2,2,0,3,3,2,2,2,3,2,2,3,3,2,2,3,2,2,2,3,2,1,2,2,2,2,3,2,2,2,2,2,2,2,1,2,2,3,0,2,3,2,2,2,2,2,2,2,2,3,3,2,2,2,3,2,2,2,2,2,1,2,3,3,1,3,3,4,2,2,2,0,2,3,3,3,2,2,2,2,2,2,3,2,1,2,2,2,2,2,2,3,2,3,2,2,2,2,0,2,3,2,1,2,2,2,1,0,2,2,2,2,2,2,2,2,3,3,2,2,2,2,2,2,1,2,2,2,0,2,3,2,2,2,2,3,1,3,2,2,3,2,2,3,2,2,3,3,3,3,2,3,3,2,3,3,3,2,3,3,2,2,2,2,3,2,3,2,2,2,2,2,3,3,2,2,3,2,3,2,2,2,2,2,2,2,2,2,2,3,2,3,2,2,2,3,2,2,3,2,2,2,2,2,3,3,2,3,2,2,2,2,2,2,2,3,2,2,2,3,3,3,3,2,2,2,2,0.0,3,,2,3,2,3,3,2,2,2,2,3,141,4,1.1462593838985247,-0.5894739271936136
1,2,2,2,2,2,2,2,0,1,2,2,2,1,2,2,2,2,3,2,2,2,2,2,2,2,1,2,2,2,1,2,2,3,2,2,2,3,2,2,2,2,2,2,3,2,2,2,2,2,3,2,1,,2,1,2,1,2,2,2,2,2,0,3,2,,2,2,,2,1,2,2,2,2,0,2,2,2,2,2,1,2,2,2,2,2,2,2,2,1,3,2,3,2,2,2,2,2,2,2,2,2,1,2,3,3,2,2,3,2,2,2,3,1,2,2,2,3,2,3,2,2,2,2,2,2,3,2,0,1,3,2,3,2,3,3,2,3,2,2,2,2,2,2,2,2,2,2,3,3,2,3,2,2,2,2,3,2,2,2,2,2,3,2,3,3,2,2,2,3,1,2,3,3,2,2,3,2,2,2,3,2,1,2,2,2,3,2,1,1,1,2,2,2,2,1,2,1,3,2,0,0,3,1,2,2,2,0,2,0,3,3,2,1,3,2,2,2,2,2,2,2,2,3,3,2,3,3,4,2,2,2,2,2,3,3,3,2,2,2,2,2,3,3,2,2,2,2,3,2,2,2,3,2,2,2,2,2,2,3,2,3,1,2,2,2,2,2,3,2,0,2,1,2,2,3,3,3,2,2,2,3,2,2,2,2,3,2,2,2,2,2,2,3,2,3,3,2,3,0,2,3,3,2,2,2,2,2,2,2,2,1,3,2,2,2,2,2,2,2,2,2,2,2,2,2,2,3,2,2,2,2,2,3,3,3,2,3,2,3,2,2,2,2,3,2,3,2,2,3,2,2,2,2,2,2,3,2,2,3,2,2,2,2,2,2,3,2,2,2,2,2,3,2,2,3,3,2,2,3,3,2,3,3,3,3,2,2,,3,,2,3,2,3,3,2,2,2,3,3,142,4,1.1404853128991062,-0.6445815417912166
2,1,2,2,2,1,2,2,2,2,2,2,2,2,3,2,2,3,3,2,2,3,2,2,3,2,2,1,2,2,2,1,2,3,2,2,3,3,2,2,3,3,2,3,3,0,2,2,3,2,3,2,2,,2,2,2,2,1,2,2,2,3,3,3,2,,2,2,,2,1,3,3,2,2,3,3,2,2,2,2,2,1,2,2,2,2,3,2,2,2,3,2,3,2,1,2,2,3,2,3,2,3,1,2,0,0,2,3,3,2,2,2,3,2,2,3,3,3,3,3,3,2,3,2,2,2,3,2,3,2,3,3,3,2,3,3,3,3,2,2,0,2,2,3,0,3,2,3,3,3,0,3,2,3,2,2,2,2,2,2,2,2,3,3,3,3,2,2,1,0,1,2,2,2,2,0,3,3,2,2,3,2,2,3,2,2,2,2,1,2,2,2,2,2,2,1,2,2,3,2,2,2,3,1,2,2,2,2,3,3,3,3,2,2,3,3,2,2,3,3,2,2,3,4,3,3,3,3,4,3,2,3,3,2,3,3,3,2,3,3,3,2,3,3,2,2,3,2,3,2,2,2,3,3,3,2,2,2,2,3,2,3,2,3,3,3,3,2,2,2,2,3,2,2,2,3,3,3,2,2,2,3,2,3,2,2,2,2,2,2,2,3,3,2,2,3,3,2,3,2,2,4,3,3,3,2,2,3,3,3,3,2,3,2,2,2,3,3,3,3,3,2,2,3,3,0,3,3,2,2,3,2,2,3,3,3,2,3,2,3,3,2,2,2,3,3,3,3,3,3,3,3,2,2,0,2,3,2,2,3,3,2,2,2,2,3,3,2,2,2,2,3,2,2,2,3,3,2,2,2,3,3,3,3,3,2,3,3,,3,,2,4,2,3,3,3,3,3,3,3,143,4,1.1303807947019873,-0.6185007321631161
2,2,2,2,2,2,2,2,1,2,2,2,2,1,2,2,2,2,2,1,0,2,2,2,2,2,2,2,2,2,2,2,3,3,2,2,0,2,1,2,2,2,2,2,3,2,2,2,1,2,3,1,2,,2,2,2,0,2,1,2,2,3,2,3,2,,2,2,,2,1,2,3,2,2,2,2,3,2,2,2,2,2,2,2,2,2,2,2,2,1,3,2,3,2,2,2,1,2,2,2,2,2,1,1,2,2,1,2,2,2,2,2,3,2,2,2,2,2,3,2,2,2,0,2,2,2,3,2,2,2,3,2,2,1,2,3,2,3,2,2,3,2,2,2,2,2,2,2,3,2,2,3,2,3,0,2,2,1,3,2,2,2,2,2,0,3,2,2,3,3,1,2,3,2,2,2,3,2,2,2,3,2,2,2,2,2,2,0,1,1,2,2,2,2,2,1,2,0,2,2,2,2,3,2,2,2,2,2,3,2,3,3,1,2,2,2,2,2,2,3,2,2,3,4,3,2,3,3,4,2,2,2,2,2,3,3,3,1,2,1,2,1,2,3,2,2,3,2,3,2,2,2,3,2,3,2,2,2,2,2,2,3,2,2,2,2,2,2,3,2,2,3,2,2,2,3,3,3,0,2,2,3,2,2,2,2,2,2,2,2,2,2,2,2,3,3,3,2,3,2,2,4,2,2,3,2,2,3,2,3,3,2,3,2,2,3,3,3,2,3,2,2,2,2,3,2,2,3,2,2,2,2,2,3,0,2,3,3,2,2,2,2,2,2,3,2,3,2,2,2,2,2,2,2,2,2,3,2,2,3,2,2,2,2,2,3,3,2,2,2,2,2,3,2,2,2,3,2,2,3,3,3,3,3,3,2,2,2,,3,,2,3,2,3,3,2,2,2,2,2,144,4,1.1780565936999465,-0.6346195599178649
1,2,2,2,2,2,2,2,2,2,1,2,2,2,2,2,2,2,2,2,1,3,2,2,3,2,2,2,2,2,2,2,2,3,2,2,2,3,2,2,2,2,2,2,3,2,2,2,2,3,3,0,1,,2,2,2,2,2,2,2,2,2,2,3,3,,3,2,,2,1,3,3,2,2,2,2,3,2,2,2,1,2,3,2,2,2,2,2,2,1,3,2,3,2,2,2,2,3,2,2,2,2,2,0,3,3,2,3,2,2,2,1,3,2,2,2,1,2,3,3,2,2,1,2,2,2,3,3,2,2,2,2,2,2,3,3,2,2,2,2,2,2,2,2,2,3,2,3,3,3,2,3,2,2,3,2,3,2,3,2,3,2,3,3,3,3,2,2,3,3,2,2,3,3,3,3,3,3,2,2,3,2,2,2,2,1,2,2,1,2,2,2,2,2,2,1,2,2,3,2,2,2,3,2,2,3,2,2,3,2,3,3,2,2,2,2,2,2,0,2,2,2,3,4,3,2,3,3,4,2,2,2,2,2,3,3,3,2,3,2,2,1,2,3,3,2,3,3,3,2,2,2,3,3,3,0,2,0,2,3,2,3,2,2,2,2,2,3,3,3,2,2,2,1,2,3,2,3,2,1,2,3,2,2,2,2,3,2,2,2,2,3,3,3,2,3,3,2,2,2,2,3,2,2,3,2,2,3,2,3,3,2,3,3,2,3,3,3,3,3,3,0,2,3,3,2,2,3,2,1,2,0,2,3,3,3,2,0,2,3,2,2,2,2,3,2,2,2,2,2,2,2,2,0,2,2,3,2,2,3,2,1,2,3,2,3,2,2,2,1,2,2,3,2,2,3,3,2,2,3,3,0,3,2,2,3,2,2,,3,,2,4,2,3,3,2,2,3,3,3,145,4,1.1565017261219797,-0.6369557496238151
2,1,2,2,2,3,2,3,2,3,2,2,2,2,3,3,2,3,3,3,2,3,3,3,2,2,2,2,2,2,2,2,2,3,2,2,3,3,2,3,3,2,2,3,3,2,2,2,2,3,3,2,1,,2,1,0,2,2,2,1,3,3,3,3,2,,3,2,0.0,2,2,3,2,3,2,3,3,0,3,1,2,1,3,3,2,2,2,3,3,3,2,3,3,3,2,2,3,2,2,2,2,2,3,2,2,3,3,2,3,2,3,3,2,3,2,3,2,2,2,3,3,3,2,2,2,2,3,3,2,2,2,3,3,3,2,2,3,2,3,3,2,3,2,2,3,3,3,3,3,3,3,2,3,3,3,3,2,3,2,2,0,2,2,3,3,3,3,2,2,3,3,2,3,3,3,3,3,3,3,3,2,3,2,2,3,2,3,3,3,2,1,2,2,3,2,3,2,2,2,3,2,2,3,3,2,2,2,3,2,3,3,3,3,2,2,3,3,2,2,0,1,2,2,3,4,3,2,3,3,4,3,2,3,2,3,3,3,3,2,2,2,2,1,3,3,2,2,2,3,3,3,3,3,3,3,3,3,3,2,2,3,2,3,3,2,2,3,2,2,3,2,2,2,2,3,2,3,3,3,3,3,3,3,2,3,3,2,3,2,2,1,2,2,3,3,3,3,3,0,2,3,2,4,3,2,3,2,2,3,0,3,3,2,3,3,2,3,3,3,2,3,3,3,2,3,2,3,2,3,2,3,2,3,3,4,3,0,2,3,2,3,2,2,1,3,3,3,2,2,2,3,2,3,3,2,3,2,3,2,2,3,2,2,2,3,2,3,0,1,2,2,1,2,2,0,3,3,3,2,3,3,3,2,4,3,3,3,2,3,,3,,3,4,3,4,3,2,2,3,2,3,146,4,1.140521603736863,-0.644231054284427
2,2,2,2,1,2,3,0,2,2,2,2,2,2,3,2,3,3,3,3,1,3,3,3,2,2,2,2,2,3,2,2,2,3,2,1,3,3,2,3,3,3,3,3,3,3,2,2,2,2,3,3,2,,3,2,2,2,3,2,1,2,3,3,3,2,,2,2,,2,1,2,2,2,2,2,3,2,2,1,2,2,2,3,2,2,2,3,3,3,2,3,3,3,1,2,2,2,2,2,3,0,3,1,2,3,3,2,3,2,3,3,2,3,2,2,3,2,3,3,3,3,2,2,2,2,2,3,2,3,2,3,2,3,2,2,3,2,3,3,2,3,2,2,3,2,2,3,2,0,2,2,3,3,3,2,3,0,1,3,3,2,0,3,2,3,3,2,3,3,3,2,3,3,3,3,3,3,3,2,1,3,3,2,2,2,3,3,3,2,2,2,2,2,3,2,2,3,2,3,2,2,3,3,2,2,2,2,3,3,3,3,3,2,2,2,3,2,2,3,3,2,2,2,4,3,2,2,0,4,3,2,3,3,3,3,3,3,2,2,2,2,2,2,3,3,2,3,3,3,3,2,2,0,3,3,3,2,3,2,3,2,0,3,3,3,3,1,2,3,2,3,2,2,3,2,3,3,3,3,3,3,3,2,2,2,2,2,2,2,2,3,2,2,2,3,4,3,2,3,3,2,4,3,3,3,2,3,3,3,3,3,2,3,3,2,3,3,3,2,3,3,3,2,3,2,2,3,3,2,2,2,2,2,3,3,2,3,3,3,3,2,2,0,3,2,2,2,2,0,2,2,3,3,2,3,2,3,2,2,3,2,2,2,2,2,3,3,2,2,3,2,3,3,2,2,3,3,2,2,2,3,3,3,3,2,2,3,3,,3,,2,4,3,4,3,2,2,2,3,3,147,4,1.14042303172738,-0.5849247048562258
2,2,2,2,1,0,3,0,2,2,2,2,2,2,2,2,2,3,3,2,1,3,2,3,2,1,2,2,2,2,2,2,2,3,2,0,3,3,2,3,3,3,2,2,3,2,2,2,2,2,3,2,2,,2,2,2,2,2,2,2,2,3,2,3,2,,2,1,,2,1,2,2,2,2,2,3,2,2,1,2,2,2,2,2,1,1,2,2,2,1,3,2,3,1,2,2,2,2,2,2,2,2,1,2,3,3,2,2,2,2,3,2,3,2,2,2,2,2,3,3,2,2,2,2,2,2,3,2,3,2,3,3,3,2,2,3,2,2,2,2,2,2,2,2,2,2,2,2,2,3,2,3,2,3,2,3,3,2,2,3,2,2,3,3,3,3,2,2,2,2,2,2,0,2,2,2,3,2,2,2,3,3,1,2,2,2,3,2,2,2,2,2,2,1,2,2,2,2,3,2,2,2,3,2,2,2,2,3,2,2,3,3,2,2,2,2,1,2,2,2,2,2,2,3,3,2,2,3,4,2,2,2,2,2,2,3,3,2,2,2,2,2,2,3,2,2,2,3,3,2,2,2,2,2,3,2,2,2,2,3,2,3,3,2,3,0,2,2,2,0,3,2,2,2,2,3,3,3,3,3,2,3,2,2,2,2,2,2,2,2,2,2,2,2,3,3,3,2,3,3,2,4,3,3,3,2,2,3,3,3,3,2,3,2,2,3,3,3,2,3,2,2,2,2,2,2,2,3,2,2,3,2,2,3,3,2,3,0,2,2,3,2,2,2,2,2,1,1,2,2,2,3,3,2,2,2,3,2,2,3,2,2,1,2,2,3,0,2,2,2,2,3,2,0,2,3,3,2,2,2,3,2,3,3,3,2,3,3,,3,,3,3,3,4,3,0,2,3,2,3,148,4,1.1559113300492614,-0.6310185117824327
2,2,2,2,2,3,3,2,2,3,2,3,2,2,3,3,3,3,3,2,1,3,1,2,3,2,2,2,2,2,2,2,3,3,2,2,3,3,2,2,3,3,3,3,3,2,2,2,2,3,3,2,2,,2,2,2,2,0,2,2,2,2,2,2,2,,2,2,,2,1,3,0,2,2,2,3,2,2,1,2,1,2,2,2,3,2,2,2,2,2,3,2,3,1,2,2,2,2,2,3,2,2,2,2,3,3,2,3,2,3,2,1,3,2,2,2,2,2,3,2,3,2,2,2,2,2,3,2,2,2,3,3,3,2,3,3,2,2,2,2,3,2,2,2,0,3,2,3,3,3,2,3,3,3,3,3,3,1,2,2,3,2,3,2,3,3,2,2,3,3,2,3,2,3,3,3,2,3,2,2,3,2,1,2,2,2,2,2,2,2,1,2,2,2,0,1,2,2,3,3,2,2,3,2,2,2,2,2,3,2,2,3,0,1,2,3,2,2,3,2,2,2,2,3,3,2,2,3,4,2,2,3,2,2,3,3,3,2,3,0,2,2,2,3,2,2,2,3,3,2,2,2,2,3,3,2,2,2,2,2,2,2,3,2,2,2,3,2,3,2,3,2,2,3,2,3,3,3,2,3,3,3,2,3,2,2,3,2,2,2,2,2,2,2,3,3,3,2,2,2,2,4,3,2,3,2,2,3,3,3,3,2,3,2,2,3,3,3,2,3,2,2,2,3,3,3,2,4,2,2,3,2,2,3,3,3,3,2,2,3,3,2,2,2,3,2,3,0,3,3,0,3,2,2,2,2,0,2,2,3,2,2,2,2,2,2,3,2,2,2,2,3,2,1,2,3,3,2,2,2,3,0,3,3,3,3,3,2,,3,,2,4,3,4,3,2,2,2,2,3,149,4,1.1466165413533838,-0.6082177709641626
2,2,2,2,2,2,1,3,2,2,2,2,2,2,3,2,3,3,3,2,2,3,2,2,2,2,2,2,2,2,2,2,3,3,2,2,3,2,2,2,2,2,2,3,3,2,2,2,1,3,3,2,2,,2,2,2,2,2,1,2,2,3,3,3,2,,3,2,,2,1,3,3,2,2,2,3,2,2,1,2,1,2,3,2,2,1,2,2,0,2,3,3,0,2,1,3,2,3,2,3,2,2,1,2,3,2,2,3,2,0,1,2,3,2,2,2,2,2,3,3,2,2,1,2,2,0,3,2,3,2,3,3,3,2,2,3,2,3,2,0,3,2,2,2,3,3,2,3,3,3,2,3,2,3,3,3,2,2,2,2,3,2,3,3,3,3,2,3,3,3,2,3,3,3,3,2,3,3,2,3,3,3,2,2,2,3,3,2,2,2,2,3,3,2,2,2,3,1,3,2,2,2,3,1,2,1,2,3,3,3,3,3,2,2,2,3,2,2,3,3,2,2,3,4,3,2,3,3,4,2,2,3,2,3,2,3,3,2,2,2,2,0,2,3,2,2,3,3,3,2,2,2,3,3,3,2,2,2,2,3,2,3,3,2,3,3,3,3,3,2,0,2,2,2,2,3,3,3,3,2,2,3,2,3,3,2,3,2,2,2,2,3,2,2,3,3,0,2,3,2,2,4,2,2,3,2,2,3,3,3,3,2,3,3,3,3,3,3,3,3,3,2,2,3,3,3,2,3,0,2,2,2,2,3,3,3,3,3,2,2,2,2,3,2,3,3,3,2,2,2,2,3,3,2,2,2,3,2,2,3,2,2,2,0,2,3,3,2,3,2,2,2,3,2,2,3,3,2,2,3,3,3,3,3,2,3,3,3,,3,,2,4,3,4,3,2,2,2,2,3,150,4,1.1490916684067658,-0.6656314833155844
2,2,2,2,2,3,2,3,2,1,2,0,2,2,2,2,2,3,3,2,1,3,3,2,3,3,2,2,2,3,3,2,3,3,2,2,0,3,2,3,3,3,2,2,3,3,3,3,2,3,3,3,3,,3,2,3,2,2,1,2,2,3,3,3,3,,3,2,0.0,3,2,3,3,2,2,3,3,3,3,1,2,2,3,3,2,2,2,3,3,3,2,3,3,3,2,2,3,3,2,3,3,3,2,2,3,3,3,3,3,3,3,3,3,3,3,0,3,3,3,3,3,3,2,3,3,2,3,2,3,3,2,3,3,3,2,3,3,3,3,3,2,3,2,3,3,3,3,2,3,3,3,2,4,3,3,3,3,3,2,3,3,3,3,3,3,3,4,2,3,3,3,1,3,3,3,3,3,3,3,2,3,3,3,2,3,3,3,3,3,2,3,3,2,3,3,3,2,2,2,3,3,2,3,3,3,3,3,2,2,3,3,3,3,2,2,3,3,2,3,2,3,3,2,3,4,3,3,3,0,4,2,3,3,3,3,3,3,3,2,3,2,2,2,2,3,3,2,0,3,3,2,2,2,3,3,3,3,3,3,3,3,2,3,3,2,3,0,3,3,3,3,3,3,0,3,3,3,3,3,3,3,3,4,3,2,2,2,3,2,3,3,3,3,3,3,3,3,3,2,3,3,3,4,3,3,3,3,1,3,3,3,3,3,4,3,2,3,3,3,3,3,3,2,3,3,3,3,2,4,3,2,3,3,2,4,3,0,3,3,3,3,3,2,2,3,3,3,3,3,3,3,3,3,3,3,3,2,3,2,2,3,3,3,2,3,2,3,3,2,3,2,2,3,3,3,3,3,4,2,2,2,3,3,0,3,3,3,3,3,,3,,3,4,3,4,4,3,3,3,3,3,151,4,1.1446153846153853,-0.5474921980266358
1,2,0,2,2,3,2,3,3,3,2,2,3,2,3,3,2,3,3,1,2,3,3,3,2,2,2,3,2,0,2,2,2,3,2,2,3,3,2,3,3,3,3,3,3,3,3,2,2,3,3,2,1,0.0,2,2,3,2,3,2,2,1,3,3,3,3,,3,2,,2,2,3,3,2,2,3,3,2,3,2,3,2,3,2,2,3,2,3,0,3,2,3,3,3,2,1,3,2,2,2,2,3,3,2,3,3,3,2,3,3,3,3,2,3,2,3,2,2,3,3,3,3,3,2,3,3,3,3,3,0,2,3,3,3,2,3,3,2,3,3,2,3,2,3,3,3,3,3,3,3,3,2,3,3,3,3,3,3,1,3,2,3,3,3,3,3,3,2,3,3,3,2,2,3,3,3,2,3,3,3,2,3,2,2,2,2,2,3,3,2,2,2,3,3,2,3,2,3,2,2,2,2,3,3,2,3,3,2,3,3,3,3,3,2,2,2,3,2,2,3,3,2,2,3,4,3,3,0,0,4,3,3,3,2,3,3,4,3,3,3,3,3,2,3,3,3,2,3,0,3,3,3,3,3,3,2,2,2,2,2,3,2,3,3,2,3,3,3,2,3,3,3,3,2,3,3,3,3,3,3,2,3,3,2,3,3,2,3,3,2,1,1,2,3,3,3,3,3,2,3,2,2,3,3,1,3,2,2,3,2,3,3,3,3,2,2,3,2,2,3,3,3,3,2,3,3,3,2,4,2,3,3,3,3,4,3,0,2,3,2,3,3,2,3,3,3,2,3,3,3,3,3,3,2,0,3,2,3,2,2,3,2,2,2,3,2,3,3,2,3,3,2,2,3,3,3,3,3,2,3,3,3,3,3,3,3,3,3,3,,3,,2,4,2,3,3,2,3,2,3,3,152,4,1.1376404494382029,-0.583818021477984
2,2,2,1,2,2,2,2,2,2,1,2,2,2,2,2,1,2,3,2,1,3,2,2,2,2,2,2,2,2,0,2,2,2,2,1,2,2,2,2,2,2,2,2,3,2,2,2,2,3,3,2,2,,2,2,2,2,2,2,2,2,2,3,3,2,,2,2,,1,2,2,2,2,2,2,2,2,2,1,2,1,2,2,2,2,1,2,2,3,1,3,2,3,2,2,3,2,2,0,2,1,2,1,2,3,3,2,2,2,2,2,1,3,1,2,2,2,2,3,3,2,2,2,2,2,2,2,3,2,2,2,2,2,2,3,3,2,2,2,2,2,2,2,2,2,3,2,2,3,3,2,3,2,2,3,3,3,1,2,2,3,2,2,2,3,3,2,2,2,3,2,2,3,3,3,2,3,2,2,2,0,2,2,2,2,1,2,2,2,0,1,2,2,2,2,1,2,2,2,2,2,2,3,3,2,2,2,2,2,2,2,3,2,2,2,2,2,2,2,2,2,1,2,3,3,2,0,3,4,2,2,2,2,0,3,3,3,2,2,2,0,2,2,3,2,2,2,3,3,2,2,2,3,2,3,2,2,2,2,3,2,3,3,2,2,3,2,2,3,2,2,2,2,2,2,3,2,0,0,2,2,3,2,2,2,2,2,2,2,1,2,2,2,3,3,3,3,2,2,2,2,3,2,2,2,2,2,3,2,3,3,2,3,2,2,3,3,3,2,3,2,2,2,2,2,3,2,3,2,2,2,2,2,3,3,2,3,3,2,2,2,2,2,2,3,2,2,2,2,2,2,2,3,2,2,2,3,0,2,3,2,2,2,3,2,2,2,2,3,3,2,2,3,2,3,3,3,2,2,3,3,3,3,3,2,2,2,3,,3,,2,3,3,4,3,2,2,3,3,3,153,4,1.1403022670025191,-0.6409821393927105
1,2,2,2,1,2,2,2,2,2,2,2,2,2,2,2,2,3,3,2,1,2,2,2,2,2,2,2,2,1,2,2,2,3,2,2,2,3,1,2,0,2,2,2,3,2,2,2,2,2,3,2,1,,2,2,2,2,2,2,2,2,2,2,3,2,,2,2,,2,2,3,3,2,2,2,2,2,2,2,2,1,2,2,2,2,2,2,2,3,1,3,2,3,2,2,2,2,2,1,2,2,2,1,2,3,3,2,2,1,2,2,0,3,1,2,2,2,2,2,2,2,2,2,2,2,2,3,2,2,2,2,2,2,2,3,3,2,2,2,1,2,2,2,2,2,3,2,3,3,3,2,3,2,2,2,2,3,2,3,2,2,2,2,2,3,3,1,2,2,3,1,2,3,2,2,2,2,2,2,2,3,2,1,2,2,2,2,2,1,1,1,0,2,0,2,1,2,1,2,2,1,2,3,2,2,2,2,2,2,2,3,3,2,2,2,2,2,2,2,2,1,2,2,3,3,2,3,3,4,2,2,2,2,2,3,3,3,2,2,2,2,2,3,2,2,2,3,2,3,2,2,2,3,3,2,2,2,2,2,2,2,3,2,2,1,2,2,2,3,1,2,3,2,2,2,2,0,3,2,2,2,3,2,2,2,0,2,2,2,2,2,2,2,2,3,3,2,0,2,2,2,4,3,2,3,2,2,2,2,3,3,2,2,2,2,3,2,3,2,2,2,2,2,3,2,2,2,3,2,2,2,2,2,0,3,2,3,3,2,3,3,1,2,2,2,2,2,2,2,2,2,3,0,1,2,2,3,2,1,3,2,2,2,2,2,2,3,2,2,2,2,2,2,2,2,2,3,2,2,3,3,2,3,3,3,2,2,2,0.0,3,,2,4,2,3,3,2,2,3,2,3,154,4,1.1372397841171935,-0.6377088683629208
2,2,2,1,2,2,2,2,2,2,2,2,1,1,2,2,2,2,3,2,2,3,2,2,2,2,2,2,2,2,2,2,2,0,2,1,3,2,2,3,2,2,2,2,3,2,2,2,3,2,3,2,1,,2,2,2,2,2,2,2,2,3,0,3,2,,2,2,,1,0,2,2,2,2,2,2,3,2,1,1,2,2,3,2,2,1,2,2,3,1,3,2,3,2,1,2,3,2,2,2,2,2,2,2,3,2,2,2,0,2,2,2,3,2,2,2,3,3,2,2,2,2,2,2,2,2,3,2,3,2,3,2,2,2,2,3,2,3,0,1,2,2,2,2,2,3,2,2,3,3,2,3,2,2,3,2,3,2,3,3,2,2,2,1,3,3,2,2,2,3,1,2,3,3,2,2,3,2,2,2,3,2,2,2,2,2,3,3,1,2,0,2,0,2,2,1,2,2,3,2,2,2,3,2,2,2,2,2,2,2,3,3,2,2,3,3,1,2,3,2,2,1,3,4,3,2,3,3,4,2,1,2,2,2,3,3,2,2,2,3,2,2,2,3,2,2,2,3,3,2,2,2,3,3,3,2,2,2,2,3,2,3,2,2,2,2,0,2,3,2,2,2,2,2,2,3,3,3,2,2,0,3,2,2,2,2,2,2,2,2,2,2,2,3,2,3,3,2,2,1,2,3,2,2,2,2,2,0,2,2,3,2,3,2,2,3,3,3,2,3,3,2,2,2,3,2,2,3,2,2,2,2,2,3,3,2,2,3,2,2,2,2,2,2,2,2,2,2,2,2,2,2,2,2,2,2,3,2,2,3,2,1,2,2,2,3,3,2,2,2,2,2,3,2,2,3,3,2,2,3,3,3,3,3,2,2,2,2,,3,,2,4,3,4,3,2,2,2,2,3,155,4,1.1636809815950921,-0.6256654675102521
2,2,2,2,2,2,2,2,2,1,2,2,2,0,2,2,2,2,2,2,1,1,2,2,2,2,2,2,2,2,0,1,2,3,2,2,3,2,2,2,2,2,2,2,3,2,2,2,2,2,3,2,2,,2,2,2,2,2,2,1,2,2,2,3,2,,2,2,,1,1,2,2,2,2,2,2,2,2,1,2,1,2,2,2,2,2,2,2,2,1,3,2,3,2,2,2,2,2,1,2,2,2,1,2,3,3,2,2,2,2,2,2,3,2,2,2,2,3,3,2,2,2,2,1,2,2,3,2,3,2,3,2,2,2,3,3,2,3,2,2,3,2,2,1,2,3,2,2,3,3,2,3,2,2,2,2,3,2,2,2,2,2,2,3,3,3,2,2,2,3,2,2,3,3,3,2,3,2,2,2,3,2,1,2,2,2,2,2,1,2,2,2,2,2,1,0,2,2,3,2,2,2,3,2,2,2,2,2,2,2,2,3,2,2,2,2,1,2,2,3,1,2,0,3,3,2,3,3,4,2,2,0,2,2,3,3,3,0,2,2,2,2,2,3,2,2,2,3,3,2,2,2,3,2,3,2,2,2,2,2,1,3,2,2,2,0,2,2,2,2,2,2,2,2,2,3,3,3,2,2,2,3,0,2,2,2,2,2,2,2,2,2,2,2,2,3,3,2,2,2,2,3,2,2,2,2,2,3,1,3,2,1,3,2,1,3,3,2,3,3,2,1,2,3,2,2,2,3,2,2,2,2,2,0,3,2,2,2,2,2,2,3,2,2,2,2,3,2,2,2,2,2,3,2,2,2,3,2,2,3,2,2,1,2,2,3,3,2,2,0,2,2,2,2,2,3,3,2,2,2,3,2,3,2,3,3,2,2,,3,,2,3,2,3,3,2,2,2,2,2,156,4,1.172855997862677,-0.6015631984447108
2,2,0,2,2,2,2,2,2,2,2,2,2,1,2,2,1,2,2,2,1,2,2,2,2,2,2,2,1,2,2,2,2,2,2,2,2,3,2,2,2,2,2,2,3,2,2,2,2,2,3,3,2,,2,2,2,2,2,1,2,2,3,2,3,2,,2,2,,2,1,2,2,2,2,2,2,2,2,1,2,2,2,2,2,2,1,2,2,3,1,3,2,3,2,1,2,2,2,2,2,2,2,2,2,2,2,2,2,2,2,2,1,3,2,2,2,2,3,3,2,2,2,1,2,2,2,2,2,2,1,0,2,2,2,3,3,2,2,2,0,2,2,2,2,3,3,2,3,3,3,2,3,2,3,2,2,2,2,2,2,2,2,2,2,3,3,2,2,3,3,1,2,2,3,3,2,3,2,0,2,3,2,2,2,2,1,2,3,2,2,2,0,2,2,2,1,2,2,2,2,1,2,2,2,2,2,2,2,2,2,2,3,2,2,2,2,2,2,2,2,1,2,3,4,3,2,2,3,4,1,2,2,2,2,2,3,3,2,1,0,2,2,2,3,2,2,2,2,3,2,2,2,3,3,2,2,2,2,2,2,2,3,2,2,2,2,2,2,3,2,2,2,2,2,2,3,2,3,3,2,2,3,2,2,2,2,2,2,2,1,2,2,2,3,2,3,3,2,2,2,2,3,2,0,3,2,2,3,2,3,2,2,2,2,2,2,2,2,2,2,3,2,2,2,2,2,1,3,2,2,2,2,2,3,2,2,3,2,2,3,2,2,2,2,3,2,2,2,2,2,0,2,2,1,2,1,3,2,2,2,2,2,1,2,2,2,3,2,2,2,2,2,2,2,2,2,3,0,2,2,2,2,3,3,2,2,2,2,,3,,2,4,2,3,0,2,2,2,3,3,157,4,1.1528455284552845,-0.5957758528526145
2,2,2,1,2,2,2,2,2,2,2,2,2,2,2,2,2,2,3,2,2,2,2,2,2,0,2,2,2,2,1,1,2,0,1,2,2,2,2,2,2,2,2,2,3,2,1,2,2,2,3,2,2,,2,2,2,2,2,2,2,1,2,2,3,2,,1,2,,1,0,2,2,2,2,2,2,2,2,1,2,1,2,2,2,2,1,2,2,2,1,3,1,3,2,1,2,2,2,2,2,2,2,1,2,0,2,2,2,2,2,2,2,3,2,2,2,2,2,2,2,2,0,2,2,2,2,2,2,2,2,2,2,2,2,3,3,1,3,2,2,2,2,2,2,2,2,2,2,2,3,2,3,2,2,2,2,2,1,2,2,2,2,2,3,3,3,2,0,2,2,1,2,2,2,2,2,3,2,2,2,3,2,1,2,2,2,3,2,1,2,2,2,2,2,1,1,2,2,2,2,2,2,3,2,2,2,2,2,0,2,3,3,2,1,2,2,1,2,3,2,2,2,3,3,2,2,3,3,4,2,2,2,2,2,2,3,2,2,2,2,2,2,2,2,2,2,2,0,2,2,2,2,3,2,2,2,2,2,2,2,2,3,2,2,2,2,2,2,2,2,2,2,2,2,2,2,3,3,2,2,2,3,2,2,2,2,2,1,2,1,1,2,2,2,2,3,2,2,2,2,2,3,2,2,2,2,2,3,2,3,3,2,3,2,2,2,2,2,2,3,2,2,2,2,2,2,2,3,2,1,2,2,2,3,3,2,2,3,2,2,2,2,2,2,3,2,2,2,2,2,2,2,3,2,2,2,3,0,1,3,2,2,2,2,2,2,3,1,2,2,2,2,2,2,2,3,3,1,2,2,2,2,3,2,2,2,2,2,,3,,2,3,2,3,3,1,0,2,2,3,158,4,1.1508441738167727,-0.6005510477396925
2,1,2,0,1,2,2,2,2,2,1,2,2,2,2,2,2,2,3,2,1,3,2,0,2,1,2,1,2,2,2,2,2,2,2,2,2,3,2,3,2,2,3,2,3,2,2,2,2,2,3,2,2,,2,2,2,2,2,1,2,2,2,2,3,2,,2,2,,2,2,2,2,2,2,2,2,0,2,1,2,2,2,2,2,2,2,2,2,3,1,3,2,3,1,1,2,2,2,2,0,2,2,1,2,2,1,2,2,2,2,2,2,2,1,2,2,0,3,3,2,3,2,2,2,2,2,3,2,3,2,2,3,2,2,2,3,2,2,2,2,0,0,2,3,2,3,2,3,3,3,2,3,2,2,2,2,0,2,3,3,2,2,3,2,3,3,2,2,2,2,1,2,3,2,2,2,3,2,2,2,3,2,2,2,2,2,3,2,1,2,2,1,2,2,2,2,2,2,2,2,2,2,3,2,2,2,2,2,2,2,2,3,2,1,2,2,2,2,2,2,2,2,2,3,3,2,3,3,4,2,2,2,2,2,3,3,3,2,2,2,2,2,2,2,3,2,2,3,3,2,2,2,2,2,2,2,2,2,0,2,2,3,2,2,2,3,2,2,3,2,2,2,2,2,2,3,3,3,2,2,2,3,2,0,2,1,2,2,2,1,2,2,3,3,2,3,3,2,3,2,2,3,3,2,3,2,2,3,2,3,3,2,3,2,3,3,3,3,2,3,2,2,2,3,2,3,2,4,2,1,3,2,2,3,3,2,3,3,2,2,3,2,2,2,3,2,2,3,2,2,2,2,3,2,2,2,3,2,2,3,2,2,2,2,2,3,2,2,3,2,2,2,2,2,3,3,3,2,2,2,3,2,3,2,2,2,3,3,,3,,2,3,2,3,3,2,2,2,2,3,159,4,1.1519835136527565,-0.634484628219274
2,2,1,1,1,2,2,2,2,2,2,2,2,1,2,2,2,3,2,2,1,2,2,2,2,1,2,1,2,2,2,2,2,2,1,2,2,2,2,2,2,2,2,2,3,2,2,2,1,2,2,2,1,,1,2,2,2,2,2,2,2,2,2,2,2,,2,2,,2,1,2,2,2,1,2,2,2,0,1,2,0,1,2,0,2,1,2,2,2,2,2,2,2,1,1,2,2,2,2,0,1,2,2,2,2,2,1,2,2,2,2,2,2,1,2,2,2,2,2,2,2,2,1,2,2,2,2,2,1,1,2,3,2,1,3,3,1,2,2,2,2,1,2,2,2,3,2,3,2,2,2,2,2,3,3,2,2,1,2,2,2,2,2,2,3,3,2,2,2,0,1,2,2,2,2,2,2,2,2,0,3,2,2,2,1,2,2,2,1,2,2,2,2,2,2,2,2,2,2,2,2,2,3,2,2,2,2,2,2,2,2,3,2,2,2,2,2,0,2,2,2,2,2,3,2,2,2,3,4,2,2,3,2,2,2,3,3,2,2,2,2,2,2,2,2,1,2,2,3,2,2,2,2,2,3,2,1,1,2,3,2,2,2,2,2,2,2,2,3,2,2,2,2,2,2,2,3,3,2,0,2,3,1,2,2,2,2,2,2,1,0,2,2,2,2,3,2,1,2,2,1,3,2,2,3,2,2,3,2,3,2,2,3,2,2,2,2,2,2,2,2,2,2,2,2,3,2,3,2,2,2,2,2,3,2,2,2,3,2,2,2,2,2,2,3,2,2,2,2,2,2,2,0,1,2,2,3,1,2,3,2,2,2,2,1,2,2,2,2,2,2,2,2,2,2,3,3,2,2,2,3,2,3,3,2,2,2,3,,3,,2,3,2,3,3,1,2,2,2,3,160,4,1.1244031163608947,-0.6204455841029587
0,2,2,2,2,3,2,3,2,3,2,2,3,2,3,3,2,3,3,3,1,3,2,0,3,3,2,2,2,3,3,2,3,3,2,2,3,3,2,3,3,3,3,3,3,3,2,2,3,3,3,3,2,,2,1,3,3,3,2,2,2,3,2,3,3,,3,3,,2,1,0,2,3,2,3,3,3,2,1,2,2,3,3,3,2,2,3,3,2,2,3,3,3,2,1,3,2,2,3,3,2,3,2,2,3,3,3,3,2,2,3,2,3,2,2,3,2,3,3,3,3,2,2,3,3,3,3,2,2,2,3,2,3,3,3,3,3,3,3,2,3,3,2,3,3,3,3,3,4,3,2,3,3,3,3,3,3,2,3,3,2,2,3,3,3,3,3,2,3,3,2,2,3,3,3,3,3,3,3,3,3,3,3,2,2,3,3,3,2,2,2,3,2,2,2,1,3,2,3,3,3,3,3,2,2,3,2,2,3,3,3,3,2,3,3,3,2,2,3,3,2,2,2,4,3,3,2,3,0,2,3,3,2,3,3,3,3,3,3,3,3,3,3,3,2,2,3,0,3,2,3,3,3,3,3,3,2,3,3,3,2,0,3,2,3,2,3,3,3,3,3,0,2,3,2,3,3,3,3,3,3,3,3,3,3,2,3,2,2,2,2,3,3,3,3,3,3,2,3,3,2,4,3,2,3,3,2,3,3,3,3,3,3,2,3,3,3,3,3,3,3,3,2,3,3,3,2,4,2,2,0,3,3,4,3,3,2,3,2,3,3,2,2,2,3,2,3,2,3,3,3,3,3,2,3,2,3,2,2,3,2,2,0,2,2,3,3,2,2,2,2,3,3,2,3,3,3,2,2,3,3,3,4,3,3,3,3,2,,3,,0,4,3,4,4,3,3,2,3,3,161,4,1.1535594483786813,-0.5386107057606941
2,2,2,2,1,2,2,2,2,2,2,2,2,2,2,2,2,3,2,2,1,3,2,2,2,2,2,2,2,2,2,2,2,3,2,2,2,2,2,3,2,2,2,2,3,2,2,2,1,2,3,2,2,,2,2,2,2,2,1,1,2,3,3,2,2,,2,2,,2,1,2,2,2,2,2,2,3,2,1,2,2,2,2,0,2,2,2,3,2,1,3,2,3,1,2,2,2,2,2,2,0,2,1,2,3,3,2,2,2,2,2,1,2,1,2,2,2,3,3,2,2,2,1,0,2,2,3,2,3,2,2,2,2,2,2,3,2,2,2,0,2,2,2,2,2,3,2,3,3,3,2,3,2,2,2,2,0,1,3,2,2,2,2,2,3,3,2,3,2,3,1,2,3,2,3,2,3,2,2,2,2,2,2,2,2,2,3,3,2,1,2,2,2,2,2,2,2,2,2,2,2,2,2,2,2,1,2,2,3,2,3,3,2,2,2,2,2,2,2,2,2,2,2,3,3,2,2,3,4,2,0,2,2,3,2,3,3,2,2,2,2,2,2,2,2,2,3,2,3,2,2,2,2,0,0,2,2,2,2,3,2,3,3,2,2,2,2,2,3,2,2,2,2,2,2,3,3,3,2,2,2,3,2,2,2,2,2,2,2,2,2,2,2,3,2,3,3,1,2,2,2,3,2,3,3,2,1,3,3,3,3,2,3,2,2,3,3,3,2,3,2,2,2,2,2,3,2,3,2,2,2,2,2,3,3,2,3,3,2,2,2,2,2,2,2,2,3,2,2,2,2,3,3,2,2,1,3,2,2,3,2,2,2,2,2,2,3,2,0,2,2,2,2,2,2,3,3,2,2,2,3,3,3,3,0,2,1,2,,3,,2,3,3,4,3,2,2,2,2,3,162,4,1.1610235202894807,-0.6281001458306855
2,2,2,2,2,2,2,2,2,2,2,2,0,1,2,2,2,2,2,2,1,2,2,2,2,2,1,2,2,2,2,2,2,3,2,1,3,2,2,2,2,2,2,2,3,2,2,2,2,2,3,2,1,,1,2,2,2,2,2,1,1,2,2,3,2,,2,2,,2,1,2,2,2,2,2,2,3,2,2,1,2,1,2,2,2,1,2,2,2,1,3,0,3,2,1,2,1,2,2,2,2,2,0,2,2,3,2,3,2,2,2,2,3,2,2,2,2,3,2,3,2,2,2,2,2,2,3,2,3,2,3,2,2,2,3,3,2,2,2,2,2,2,2,2,2,3,2,3,3,3,2,3,2,3,2,2,3,2,3,3,2,2,2,2,2,3,2,2,2,2,2,2,0,3,2,2,3,2,2,2,3,3,2,2,1,2,0,2,1,2,2,2,2,2,2,1,2,1,2,2,2,2,3,2,2,2,2,2,2,2,3,3,1,2,2,2,2,2,3,3,2,1,2,3,3,2,3,3,4,2,2,2,2,2,2,3,3,2,2,2,2,2,2,2,2,2,2,2,0,2,2,2,3,2,3,2,2,2,2,2,2,3,2,2,2,2,2,2,3,2,2,2,2,2,2,3,2,3,0,2,2,3,2,2,2,2,2,2,2,2,2,2,2,2,2,3,3,2,3,2,2,3,2,2,3,2,1,3,0,2,3,2,3,2,2,3,3,2,2,3,3,2,0,2,2,2,2,3,2,2,2,1,2,3,3,2,2,3,2,2,2,2,2,2,3,2,2,2,2,2,3,2,2,1,2,2,3,2,2,3,2,2,2,2,0,3,3,2,2,2,2,3,2,2,2,3,3,2,2,3,3,3,3,3,3,3,2,2,,3,,2,3,2,3,3,2,2,2,3,3,163,4,1.1563893991078458,-0.6471452856974671
2,2,2,2,2,2,2,2,2,2,2,2,2,2,2,2,2,2,3,2,2,2,2,3,2,0,2,2,2,2,2,2,2,3,1,2,3,3,2,2,3,3,2,0,3,2,2,3,2,2,3,2,2,,3,2,3,2,2,2,2,2,3,2,3,3,,2,2,,2,1,3,2,2,2,2,3,2,2,1,2,2,2,2,2,1,2,2,2,3,1,3,2,3,2,1,2,2,2,2,2,2,2,2,2,3,2,2,0,2,2,3,1,3,2,2,2,2,3,3,2,3,2,2,2,2,2,2,3,3,1,3,3,3,3,3,3,1,0,3,2,2,2,0,2,3,2,3,2,2,3,2,3,3,3,3,3,3,2,0,3,3,3,3,3,3,3,2,3,3,3,2,2,3,3,3,3,3,2,0,2,3,3,1,2,2,3,3,3,2,2,2,2,3,2,3,2,3,2,3,3,2,3,3,2,2,3,2,3,0,2,3,3,2,3,2,3,2,2,3,3,2,2,3,4,3,2,3,3,4,2,2,3,2,3,3,3,3,3,3,2,2,3,2,3,3,2,2,0,3,2,3,3,3,3,3,2,2,2,2,3,2,3,3,2,2,2,3,2,3,2,2,2,1,3,2,2,3,3,3,2,3,3,2,3,2,2,3,2,2,1,2,3,2,3,2,3,0,2,2,2,2,3,2,2,3,2,2,3,3,3,3,2,3,2,3,3,3,3,2,3,3,2,2,3,2,3,2,3,2,2,3,3,2,3,2,3,3,3,2,3,2,2,2,2,3,3,3,3,2,3,2,3,3,1,3,2,3,2,2,3,2,2,3,3,2,3,3,2,2,2,2,2,3,2,3,3,3,2,2,3,3,3,3,3,3,3,3,3,,3,,2,4,3,4,3,2,2,2,2,3,164,4,1.1403071814030723,-0.6267475857837923
1,2,2,1,2,2,2,2,2,2,2,2,2,2,3,2,2,3,3,2,0,2,2,2,2,2,2,2,2,2,2,2,2,2,2,2,3,2,1,0,3,2,2,3,3,3,2,2,2,2,3,2,2,,2,2,2,2,2,2,2,2,0,2,2,2,,3,2,,2,2,3,3,2,2,2,2,2,2,1,2,1,2,2,2,2,1,2,2,3,2,3,2,3,1,1,3,2,2,2,2,1,2,1,1,0,2,2,2,1,2,2,2,3,1,2,3,2,2,3,2,2,2,2,2,2,2,2,2,2,1,2,2,3,2,3,2,2,2,2,2,2,2,2,2,2,3,2,3,3,2,2,2,2,0,2,2,2,2,2,2,3,2,2,2,3,3,2,2,3,3,2,2,2,3,3,3,2,2,1,2,2,3,2,2,2,2,3,2,2,2,2,2,2,2,2,1,2,2,3,2,2,3,3,2,2,2,0,2,3,2,3,3,1,2,2,3,2,2,1,2,2,1,0,3,2,2,2,3,4,3,2,2,2,2,2,3,3,2,3,2,2,2,2,3,2,1,2,2,3,2,2,2,2,2,3,2,2,2,2,2,2,3,3,2,3,2,3,2,2,2,2,2,2,2,1,3,3,3,2,2,2,3,2,3,3,2,2,2,2,2,1,3,2,2,2,3,3,2,3,2,2,3,3,2,3,2,2,3,2,3,3,2,3,2,2,3,3,2,2,2,2,2,2,3,2,3,2,3,0,2,3,2,2,3,3,3,3,3,2,2,2,2,2,2,3,2,2,2,2,2,2,3,2,2,2,2,3,2,2,3,2,0,2,2,2,3,3,2,3,2,2,0,2,2,2,3,3,2,2,2,3,3,3,3,3,2,2,3,,3,,2,3,3,4,3,2,2,2,2,3,165,4,1.1444017299375302,-0.5954987226416227
2,2,3,2,1,2,2,2,2,3,2,2,3,2,3,2,2,3,3,2,1,3,2,0,3,2,2,2,2,2,2,2,2,3,2,2,2,3,2,3,3,3,3,3,3,3,2,2,2,2,3,2,2,,2,1,2,2,2,2,2,2,3,3,3,3,,2,1,,2,2,3,3,3,2,3,3,2,3,1,2,2,2,3,2,2,2,2,3,3,2,3,2,3,2,2,2,2,2,2,2,2,2,2,2,3,3,0,3,2,3,2,1,3,2,2,3,3,3,3,3,3,2,2,2,2,3,3,0,2,2,3,3,3,1,2,3,2,2,2,1,2,2,2,2,2,3,3,3,3,3,2,3,3,3,3,3,3,1,2,3,2,2,3,2,3,3,2,2,3,3,2,2,3,3,3,3,3,3,3,0,3,2,2,2,2,2,2,2,1,2,2,2,0,2,2,1,2,2,2,2,2,2,3,2,2,2,2,2,3,2,2,3,2,2,2,3,1,2,2,3,2,2,2,3,3,3,2,3,0,2,2,3,2,3,3,3,3,2,2,2,2,2,3,3,3,2,3,3,3,2,2,2,3,3,3,2,2,2,2,3,2,3,2,3,0,2,1,2,3,2,3,2,3,3,2,3,3,3,2,2,3,3,2,2,2,2,2,2,0,2,2,2,0,2,3,3,3,2,2,2,2,4,3,3,3,2,2,3,2,3,3,2,3,2,2,3,3,3,3,3,3,3,2,3,3,3,2,4,2,2,3,2,3,3,3,3,3,3,2,2,2,2,2,2,0,2,3,2,2,3,2,3,2,2,3,2,3,2,2,3,2,2,2,2,1,3,3,2,2,2,2,3,2,2,2,3,3,2,2,3,3,3,3,3,3,2,3,3,,3,,2,4,3,4,3,2,2,2,3,3,166,4,1.1417989417989425,-0.6543198983772899
2,2,2,2,2,2,3,2,2,3,2,2,3,2,3,2,2,3,2,2,2,3,2,3,2,2,2,2,2,2,2,2,2,3,3,2,3,3,2,3,2,2,3,3,0,3,2,2,2,0,3,3,2,,2,1,1,2,2,2,1,2,0,3,3,2,,3,2,,1,2,3,3,2,2,3,3,2,3,1,2,2,3,2,3,2,2,2,3,3,2,3,3,3,2,2,3,2,2,2,3,2,2,1,2,3,3,2,2,3,3,2,2,3,2,2,2,2,3,3,3,3,2,2,2,2,3,3,2,0,1,3,3,3,2,2,3,2,2,2,2,3,2,2,3,2,3,2,3,3,3,0,3,3,3,0,2,3,1,2,3,3,2,3,3,3,3,2,2,3,3,2,3,3,3,3,2,3,3,3,2,3,3,2,2,2,2,3,3,2,2,2,2,2,2,2,1,3,2,3,0,0,3,2,2,2,2,2,2,3,2,3,2,2,2,2,3,2,2,3,3,2,2,3,4,3,2,3,4,5,3,2,2,2,2,3,3,3,2,3,2,2,2,3,3,3,2,3,3,3,3,2,3,3,3,3,2,2,2,3,3,2,3,3,2,2,3,3,2,3,1,3,3,3,2,2,3,3,3,3,2,2,3,2,3,3,2,2,2,2,2,2,3,3,3,2,3,3,2,0,3,2,3,2,2,3,2,2,3,3,3,3,2,3,2,2,3,2,2,2,3,3,3,2,3,2,3,2,4,2,2,2,2,2,4,3,2,3,3,2,3,3,2,2,2,3,2,3,2,2,3,3,3,2,1,2,2,3,2,2,3,2,1,3,2,2,3,3,2,3,2,0,2,3,2,3,3,3,2,3,3,3,3,3,3,3,3,2,3,,3,,2,4,3,4,3,2,2,3,3,3,167,4,1.1477642276422761,-0.6378393205059113
2,1,2,2,2,2,2,2,2,2,2,2,2,2,3,2,3,3,0,1,2,2,2,2,0,2,2,2,2,2,2,2,2,2,2,2,2,2,1,2,2,2,2,2,3,2,2,2,1,2,3,2,2,,2,2,2,0,2,2,1,2,2,2,3,2,,3,2,,1,2,3,3,2,2,2,3,3,2,2,1,2,2,2,2,2,2,3,2,3,1,3,2,3,1,1,3,1,2,2,2,2,2,2,2,2,2,1,2,2,2,2,1,3,1,2,2,1,3,3,3,3,2,2,2,2,2,3,2,2,2,3,3,3,2,0,3,2,2,2,2,2,2,2,2,2,3,2,3,3,2,2,3,2,3,2,2,2,1,3,2,2,2,3,2,2,3,2,2,3,3,1,2,2,2,2,3,2,2,2,0,3,2,2,2,2,2,3,2,1,2,2,2,2,2,2,2,3,0,2,2,2,2,2,2,2,2,2,2,3,2,3,3,2,2,2,3,2,2,2,2,2,2,3,4,3,3,2,3,4,2,2,3,2,3,3,3,0,2,2,2,2,1,2,3,3,2,3,2,3,2,3,2,3,2,2,2,0,2,2,3,2,3,3,2,2,2,1,2,3,2,2,3,2,2,2,3,3,3,2,2,2,3,2,2,2,2,2,2,2,2,2,2,3,3,3,3,0,2,2,2,2,3,3,2,3,2,2,3,2,3,3,2,3,2,2,3,3,2,2,3,2,2,2,3,3,3,3,3,3,2,3,3,2,3,3,2,3,3,2,2,3,2,2,2,3,2,2,2,2,2,2,2,3,2,2,2,3,2,2,3,2,2,2,2,2,3,3,2,3,2,2,3,3,2,2,3,3,2,2,2,3,3,3,2,3,0,2,3,,3,,2,3,3,4,3,2,2,2,2,3,168,4,1.1473785938632521,-0.6447977525973335
2,2,2,2,2,3,2,2,0,1,2,1,1,2,2,2,2,2,3,2,1,3,2,2,1,2,2,1,2,3,2,2,2,3,2,2,3,3,2,2,2,2,2,2,3,2,2,2,2,2,3,3,1,,2,2,3,2,2,2,2,3,2,3,3,3,,3,2,,1,1,2,2,2,2,2,2,2,3,2,0,1,2,3,2,2,2,3,2,2,2,3,2,3,2,2,3,2,2,2,0,2,3,2,2,3,3,0,3,2,3,3,2,3,1,2,2,2,3,3,3,3,2,2,2,2,2,3,3,3,1,3,3,2,2,3,0,2,3,2,2,3,2,3,2,3,3,2,3,3,3,2,3,2,3,3,2,3,2,3,2,2,3,3,2,3,3,2,3,3,3,1,2,3,3,3,3,3,2,2,2,3,3,2,2,2,2,3,3,2,2,2,2,2,2,3,2,0,2,3,2,2,3,3,3,3,3,2,2,3,2,3,3,2,2,3,2,2,2,2,2,2,2,3,4,3,2,3,3,4,2,2,3,2,2,3,3,2,2,3,2,2,2,2,3,3,2,3,2,3,2,2,2,3,0,3,2,2,2,2,3,2,3,3,2,3,3,2,3,3,2,2,2,2,2,2,3,3,3,3,2,2,3,2,2,2,2,2,2,2,2,2,2,3,2,3,3,3,2,3,2,2,3,3,2,0,2,2,3,3,3,3,2,3,2,2,2,3,2,2,2,3,2,2,3,2,2,2,3,2,2,2,3,2,3,3,0,2,3,2,3,3,2,2,2,3,1,2,3,2,2,3,3,3,2,2,3,3,2,2,3,2,2,1,3,2,3,3,2,2,3,2,2,3,2,2,3,3,2,2,0,3,3,3,2,3,3,3,2,,3,,2,3,2,3,3,2,2,3,3,3,169,4,1.1475516866158875,-0.6171208378979491
2,2,2,2,2,2,2,2,1,2,2,2,2,2,2,2,2,2,2,2,2,3,1,2,2,2,2,2,2,1,2,2,2,2,2,2,2,2,1,2,2,2,2,2,3,0,2,2,2,3,2,2,1,,2,1,2,2,2,2,1,2,2,2,3,2,,2,2,,2,1,2,2,2,1,2,2,2,2,1,0,2,2,2,2,2,1,2,2,2,1,3,2,3,1,2,2,2,2,2,2,2,2,2,2,3,2,2,2,1,2,2,2,3,1,2,0,1,2,2,2,3,2,2,2,2,2,2,2,2,2,2,3,3,2,2,3,2,2,2,2,2,2,2,2,2,3,2,3,3,2,1,3,2,3,2,0,2,2,2,2,2,2,2,2,3,3,2,2,2,3,1,2,2,2,3,2,2,2,2,2,3,2,2,2,2,2,2,2,1,2,2,2,2,2,2,1,2,2,2,2,2,2,3,2,2,1,2,0,2,2,3,3,2,1,2,2,2,2,2,2,2,2,2,3,2,2,3,3,4,2,2,3,2,2,2,0,3,2,3,2,2,2,2,2,2,2,2,2,3,2,2,2,2,2,3,2,2,2,2,3,2,3,2,2,2,2,2,2,3,2,2,2,2,3,2,3,3,3,2,2,2,3,2,2,2,1,2,2,2,0,2,2,3,2,2,3,3,2,2,2,2,3,2,2,3,2,2,2,2,3,3,2,3,2,2,2,3,2,2,2,2,2,0,2,2,2,2,3,2,2,2,2,2,3,3,2,2,3,2,2,2,0,2,2,3,2,2,2,2,2,2,2,2,2,2,2,3,2,2,3,2,2,2,2,2,3,3,2,3,2,2,3,2,2,2,0,3,2,2,2,3,3,3,3,3,2,2,2,,3,,2,3,2,3,3,2,2,2,2,3,170,4,1.1598544232922732,-0.6237769677528834
2,2,3,1,1,2,3,2,1,2,2,2,2,2,2,2,1,2,3,3,2,3,3,3,2,2,2,2,2,3,2,2,2,3,2,2,3,2,3,3,3,3,3,2,0,3,2,2,0,3,3,2,2,,3,2,2,2,3,2,2,2,3,3,3,2,,3,2,,2,2,2,2,2,2,3,2,3,2,1,2,1,2,2,2,2,2,3,2,3,1,3,3,3,1,1,3,3,2,2,3,2,3,2,2,3,2,2,3,2,3,2,2,3,2,2,3,3,2,3,3,3,2,2,2,2,2,3,2,3,2,3,3,2,2,3,3,1,3,3,2,3,2,3,2,3,3,3,3,3,3,2,3,3,3,3,3,3,2,2,3,3,3,2,3,3,3,2,2,3,0,2,2,3,3,2,3,3,2,0,3,3,3,2,2,2,2,3,3,2,2,2,2,2,2,2,2,3,2,3,3,3,3,3,3,0,3,3,3,3,2,3,3,2,3,3,3,2,2,3,3,2,2,3,4,3,2,3,4,5,2,2,3,2,0,3,3,3,2,3,3,2,2,2,3,2,2,2,3,3,2,3,3,3,3,3,3,3,2,2,3,2,3,3,2,3,3,3,2,3,3,3,3,2,2,3,2,3,0,3,3,2,3,3,0,2,2,2,2,2,0,2,3,3,3,2,3,3,2,2,2,2,4,3,2,3,2,2,3,3,3,3,2,3,2,3,3,3,3,3,3,3,2,2,3,3,3,2,4,2,2,3,3,2,4,3,3,3,3,2,2,2,2,2,2,3,3,3,3,2,3,2,3,3,2,3,2,3,2,2,3,3,2,2,2,2,3,0,2,3,2,2,2,3,2,3,3,3,2,2,3,3,3,4,3,3,3,3,3,,3,,3,4,3,4,4,2,2,2,2,3,171,4,1.1508544490276955,-0.5872361476047209
2,1,2,1,2,2,2,2,2,2,1,2,2,2,2,2,2,2,3,2,1,3,2,2,3,2,2,2,2,2,3,2,2,3,2,2,3,3,2,3,3,2,2,3,3,2,2,3,3,3,3,2,2,,2,2,2,2,2,2,2,2,2,3,3,2,,2,2,,2,1,3,2,2,2,3,3,2,3,1,2,1,2,3,2,2,2,2,2,3,2,3,2,3,2,2,3,2,2,2,3,2,3,2,2,3,3,2,3,2,2,2,2,3,2,2,2,1,3,3,3,3,2,2,2,2,2,3,3,2,1,3,2,2,2,3,3,2,3,2,2,2,2,2,3,3,3,2,3,3,3,2,3,3,3,3,3,3,0,2,2,3,2,3,2,3,3,2,2,3,3,2,3,3,3,3,2,3,3,2,2,3,2,2,2,2,2,3,2,2,2,2,0,2,2,2,1,2,2,3,2,2,3,3,2,2,2,2,1,3,2,3,3,1,0,2,2,2,2,2,0,2,2,3,4,3,2,3,3,4,2,2,3,2,2,3,3,3,2,2,2,2,2,2,3,2,2,0,3,3,2,2,2,3,2,3,2,2,2,1,2,2,3,3,2,2,2,3,2,3,2,2,2,2,3,2,3,0,2,2,2,2,3,2,2,2,2,2,2,2,2,2,2,3,3,3,3,3,1,3,2,2,3,3,2,3,2,1,3,2,3,3,2,3,3,3,2,3,2,2,3,2,2,2,3,2,3,2,4,2,0,3,2,2,3,3,2,2,3,2,3,3,2,2,3,3,2,3,2,2,0,2,3,3,2,2,3,3,1,2,3,2,2,2,3,2,2,3,2,2,2,2,2,2,2,3,3,3,2,2,2,3,2,3,2,2,2,0,2,,3,,2,4,3,4,3,2,2,3,0,3,172,4,1.1620111731843579,-0.6301976375528767
2,2,2,2,2,2,2,0,0,2,1,2,2,1,2,2,0,2,2,2,1,3,2,3,2,2,1,1,2,2,2,2,2,3,1,2,3,2,2,2,3,2,2,1,3,2,2,2,2,0,3,2,2,,2,2,2,1,2,2,1,2,3,2,0,2,,3,2,,2,2,2,2,2,1,2,2,2,2,1,2,0,2,2,2,2,2,2,2,2,2,3,2,3,1,2,2,2,2,2,2,1,2,1,2,3,2,2,2,2,2,2,2,3,2,2,2,0,3,3,2,2,2,2,2,2,2,2,2,2,1,3,2,2,2,2,3,2,3,3,2,2,2,2,2,2,3,2,2,3,3,2,3,3,3,2,2,3,2,2,2,2,2,0,2,3,3,2,2,3,3,2,3,2,3,3,3,2,2,2,2,3,3,1,2,2,2,3,2,2,2,2,2,1,1,2,2,2,2,3,2,2,2,3,3,2,2,2,2,2,2,2,3,2,2,2,2,2,2,2,2,2,2,2,3,0,2,2,3,4,2,2,2,2,2,0,3,3,2,3,2,2,2,2,3,2,1,2,3,3,2,2,2,2,2,3,2,2,2,2,3,2,3,2,2,3,2,2,2,3,2,2,2,1,2,2,2,2,2,3,2,2,3,2,2,2,2,3,2,2,2,1,2,2,2,3,3,3,2,2,2,2,3,3,1,3,2,2,3,2,3,2,2,3,2,2,3,3,2,2,2,2,1,2,3,2,2,2,3,2,1,2,3,2,3,3,2,3,3,2,2,2,2,2,2,3,2,2,3,2,2,3,3,3,2,3,2,3,2,2,3,2,2,2,2,2,3,3,2,2,2,2,2,3,2,2,3,3,3,2,2,3,3,3,3,2,3,3,3,,3,,2,4,2,3,3,2,2,2,2,3,173,4,1.1475450283740438,-0.6027299795234601
2,2,2,1,2,2,2,2,2,2,2,2,2,2,2,2,2,2,3,2,1,2,2,3,2,2,2,2,2,2,2,2,2,2,2,2,3,2,2,3,3,2,2,3,3,3,2,2,2,3,3,2,2,,2,2,0,2,2,1,2,1,2,3,3,2,,2,2,,0,1,3,2,2,2,2,3,3,3,0,2,1,2,3,2,2,2,2,2,3,2,3,2,3,2,2,3,2,2,3,2,2,2,2,2,3,2,2,2,1,2,2,2,2,2,2,3,3,2,3,2,2,2,2,2,2,2,3,2,3,2,3,2,3,2,3,3,1,3,2,2,3,1,2,2,2,3,2,3,3,3,2,3,2,3,3,3,3,2,2,2,3,2,2,2,3,3,2,2,3,3,2,3,3,3,3,2,0,3,2,2,3,2,2,2,2,2,3,2,2,2,2,2,2,2,2,1,2,2,2,2,2,3,3,2,2,2,2,2,2,2,3,3,2,2,2,3,2,2,3,2,2,2,2,3,3,1,2,3,4,2,1,3,1,2,3,3,3,1,2,2,2,2,2,3,2,2,2,2,0,2,2,1,2,3,3,2,2,2,3,3,1,3,2,2,2,3,3,2,3,2,2,2,2,2,2,2,3,3,2,3,2,3,2,3,2,2,2,0,2,2,2,2,2,2,2,3,2,1,2,2,1,3,2,2,3,2,2,3,3,3,3,2,3,2,3,3,0,3,3,3,2,2,2,3,3,2,0,3,2,2,2,2,2,3,3,2,2,0,2,3,3,2,2,2,3,2,2,1,2,2,2,3,2,2,2,2,0,1,2,3,2,2,2,2,2,2,3,2,2,2,1,2,2,1,2,3,3,2,2,3,3,2,3,3,2,3,2,2,,3,,3,4,3,4,3,1,2,3,2,3,174,4,1.155436802973978,-0.5791045799820385
2,2,2,1,2,2,2,2,2,2,2,2,2,2,2,2,2,3,3,2,1,2,2,2,1,1,1,2,2,2,2,2,2,3,2,2,2,2,2,2,2,2,3,3,3,2,2,2,0,2,3,2,2,,2,2,1,2,2,2,1,2,3,2,3,2,,2,2,,2,2,3,0,2,2,2,3,2,2,1,2,2,2,2,2,2,2,2,2,2,2,3,2,3,1,1,2,2,2,2,2,2,2,1,2,3,3,2,2,2,2,2,2,3,2,2,2,2,2,2,2,2,2,2,2,2,2,2,2,3,2,2,2,1,2,2,3,1,3,3,2,2,2,2,2,2,3,2,3,3,3,2,3,2,3,3,3,2,2,0,3,2,2,2,2,3,3,2,2,3,3,2,3,2,2,2,3,2,2,2,2,3,2,1,2,2,2,3,2,1,2,2,0,2,1,2,1,2,0,2,2,2,2,3,2,2,2,2,3,2,2,3,3,1,2,2,2,2,2,2,3,0,2,2,3,3,2,0,3,4,3,2,3,2,2,3,3,3,2,2,2,2,2,2,0,2,1,2,2,3,2,2,2,2,3,3,2,2,2,2,2,2,3,3,2,2,2,2,2,3,2,3,2,2,2,2,2,3,3,2,3,2,3,2,2,2,2,3,2,2,1,2,2,2,2,2,3,3,2,3,2,2,3,3,2,3,0,2,3,2,2,3,2,3,2,2,3,3,2,2,3,2,2,2,3,2,3,2,3,2,2,2,2,2,3,3,2,3,3,2,2,2,2,2,2,3,2,2,2,2,2,2,3,3,2,2,2,3,2,2,3,3,2,2,2,2,3,3,2,2,2,2,2,2,2,2,3,3,2,2,2,3,3,3,3,3,1,2,3,,3,,2,4,3,4,3,2,2,2,3,0,175,4,1.1481762917933134,-0.6465903369552098
2,2,2,2,2,2,2,2,1,2,0,2,2,2,0,2,1,2,3,2,2,3,3,3,2,2,2,2,2,3,2,2,3,3,2,2,3,3,3,3,2,2,2,2,3,3,2,3,3,3,3,2,0,0.0,2,2,2,2,2,2,2,3,3,3,3,3,,3,2,,1,1,2,2,2,2,2,2,3,2,2,2,1,1,2,2,1,2,3,2,3,1,3,2,3,2,2,2,2,2,2,3,3,3,2,3,3,3,2,3,2,3,3,2,3,2,3,3,2,3,3,3,3,3,2,0,2,2,0,3,2,2,3,2,3,2,3,3,2,3,3,2,2,2,3,2,3,3,3,2,3,3,2,3,3,3,3,2,3,2,2,2,3,3,3,3,3,3,2,0,2,2,2,2,2,2,2,0,3,3,2,3,3,3,2,2,2,2,3,3,2,1,2,2,2,2,2,2,2,2,3,3,2,2,3,3,2,3,3,2,3,2,3,3,2,2,3,3,2,3,3,3,2,2,3,4,3,3,3,3,4,2,2,2,2,2,3,3,3,2,2,2,2,2,2,3,2,2,3,3,3,2,3,3,3,3,3,2,3,2,1,3,1,3,3,2,3,2,3,3,3,3,2,2,2,2,2,3,2,3,3,2,2,3,1,2,2,2,3,2,2,2,2,3,3,3,3,3,3,2,3,2,2,4,3,1,3,3,2,3,2,3,0,3,3,3,3,3,3,3,3,3,2,2,2,3,3,3,2,4,3,2,2,3,2,0,3,3,3,3,2,3,3,3,2,3,3,2,3,3,3,3,3,3,3,2,3,3,3,2,2,3,2,2,3,3,2,3,3,3,3,3,2,3,3,3,3,3,3,3,3,3,3,3,4,3,3,3,2,3,,3,,3,4,3,4,3,2,3,3,3,3,176,4,1.1448087431693994,-0.5540526617534713
2,0,2,1,2,2,2,3,2,2,2,2,2,2,3,2,2,3,3,2,2,2,2,2,2,2,2,2,2,2,2,2,2,2,2,2,3,2,1,1,2,2,2,3,3,2,2,2,2,2,3,2,1,,2,2,0,2,2,2,1,2,3,2,3,2,,3,2,,1,1,3,2,2,2,2,3,2,2,2,2,2,2,2,2,2,1,2,2,3,2,3,2,3,1,2,3,2,2,2,2,2,2,1,2,2,3,2,2,2,2,2,2,2,1,2,2,1,2,0,2,2,2,2,2,2,2,3,2,3,2,3,2,3,2,2,3,2,3,2,2,2,2,2,2,0,3,2,3,3,0,2,3,0,2,2,2,2,2,2,3,2,2,3,2,3,3,2,2,3,3,1,3,2,3,2,2,3,2,2,2,3,2,1,2,2,2,2,2,1,1,2,2,3,2,2,1,2,1,3,2,2,2,3,2,2,2,2,2,2,2,3,3,2,2,2,2,2,2,2,2,2,2,3,4,3,2,3,3,4,2,2,2,2,2,3,3,3,2,2,2,2,1,2,1,2,2,3,3,3,2,2,2,2,3,3,2,2,0,2,3,2,3,2,2,2,2,2,2,3,2,2,2,2,2,2,3,3,3,2,2,0,3,2,2,2,2,2,2,2,2,2,2,2,2,3,3,3,2,3,2,2,3,2,2,3,2,2,3,2,3,3,2,3,2,2,3,3,3,2,3,2,2,0,2,2,2,2,3,2,2,2,1,2,3,3,2,2,3,2,2,3,2,2,2,3,2,3,2,2,2,2,3,2,2,2,2,3,2,2,3,2,2,1,2,2,3,3,2,2,2,2,2,2,1,2,3,3,2,2,2,3,2,3,2,3,2,2,0,,3,,2,4,3,4,3,2,2,2,2,3,177,4,1.1426738516807804,-0.6542153950937228
2,2,2,2,2,2,3,2,2,2,2,3,2,2,2,3,2,3,3,2,1,2,3,3,3,2,2,2,1,2,0,2,2,3,1,1,3,3,2,2,3,3,3,2,3,2,2,2,2,3,2,2,2,,2,2,2,1,2,2,2,2,3,0,3,2,,2,2,,2,1,3,2,3,2,3,3,3,2,1,2,2,3,3,2,3,2,3,2,2,2,3,2,4,2,2,2,2,0,2,3,2,3,2,2,3,3,2,2,2,3,3,2,3,2,2,2,2,3,2,2,1,2,2,2,2,3,2,3,0,2,2,3,3,2,3,3,0,3,3,2,3,2,3,3,2,2,3,2,2,3,2,3,3,3,3,3,3,1,2,2,2,2,3,3,3,3,2,2,3,3,2,3,3,3,3,2,3,3,3,2,3,3,1,2,2,2,3,2,1,2,2,2,3,2,2,2,3,2,2,2,2,2,3,3,2,3,2,3,0,2,3,3,2,2,2,3,2,2,3,3,2,2,2,4,3,2,3,4,5,2,2,3,2,3,2,3,3,2,3,0,2,2,3,3,3,2,3,2,3,2,2,3,3,2,3,3,2,2,2,2,2,3,3,2,2,3,3,2,3,3,3,3,2,3,2,2,3,3,2,3,2,3,2,2,2,2,2,2,2,1,1,3,2,3,2,3,3,2,3,3,2,4,3,2,3,3,3,3,3,3,3,3,3,3,3,3,3,3,2,3,3,3,2,3,2,3,2,3,2,2,2,2,2,4,3,3,3,3,2,3,2,2,2,2,3,3,2,2,2,3,2,3,2,2,2,2,3,2,2,3,2,2,2,2,1,3,3,2,2,2,2,3,3,2,3,3,3,2,2,2,3,3,3,3,3,2,3,3,,0,,1,4,2,3,3,2,2,0,3,0,178,4,1.1407065435568042,-0.5766694297785252
2,2,2,2,2,2,2,2,2,1,2,2,2,1,2,2,1,0,3,3,1,2,2,2,1,2,2,2,2,3,2,2,2,3,2,2,3,3,1,2,2,2,2,2,3,3,2,3,2,3,3,2,2,,2,2,2,2,2,2,2,2,2,2,3,2,0.0,3,2,,2,1,2,3,2,2,2,2,3,2,1,2,1,2,3,2,2,2,2,2,3,1,3,3,3,2,2,2,2,2,2,2,2,2,2,2,3,2,2,3,2,3,3,2,3,2,2,2,2,2,3,3,3,2,2,2,2,3,3,2,2,2,3,0,2,2,3,3,2,3,2,2,3,2,2,0,2,3,3,3,3,3,2,3,2,3,2,2,3,2,2,3,2,2,2,2,3,3,2,2,3,3,2,2,3,3,2,3,3,2,2,2,3,2,2,2,2,3,3,2,2,2,2,0,2,2,2,1,2,1,3,2,2,3,3,2,2,3,2,3,3,0,2,3,2,2,2,2,2,2,2,2,2,1,2,3,3,2,3,3,4,2,2,3,2,2,2,3,3,2,2,2,2,2,2,3,2,1,2,2,3,2,2,2,3,2,3,2,2,2,2,2,2,3,3,2,3,2,2,2,3,2,2,2,2,2,2,3,2,3,3,2,2,3,0,2,2,2,2,2,2,2,2,3,3,3,3,3,3,1,3,2,2,3,3,2,3,2,2,3,2,3,2,2,3,2,2,3,3,2,0,3,2,2,2,3,3,3,2,3,2,2,2,2,2,3,3,3,2,3,2,2,3,3,2,3,2,2,2,2,2,3,3,3,3,2,2,2,3,2,0,3,2,2,2,2,2,3,3,2,2,2,2,2,3,2,2,2,3,2,2,2,3,3,3,3,3,3,3,3,,3,,2,3,3,4,3,3,2,2,0,3,179,4,1.137453874538746,-0.594975483197686
2,2,2,2,2,2,3,2,1,0,1,2,2,2,2,1,1,2,3,3,2,2,2,2,2,2,1,2,2,3,2,2,3,2,1,2,2,3,2,3,2,3,2,2,3,2,2,3,2,3,3,2,2,,2,2,2,2,2,2,2,2,3,3,3,3,,2,2,,2,1,2,2,2,2,2,2,3,2,1,1,2,2,3,2,2,2,2,2,2,1,3,2,3,2,2,3,3,2,2,3,2,2,2,2,3,2,2,3,2,2,0,2,3,2,2,0,2,3,3,3,3,2,2,2,2,2,3,3,3,2,3,0,2,2,3,3,3,3,1,2,2,2,2,0,3,0,2,2,3,3,2,3,3,3,3,3,3,1,3,3,2,2,3,2,3,3,3,2,3,3,2,3,3,3,3,3,3,2,2,2,3,3,2,2,2,2,3,3,2,2,2,2,2,2,2,1,2,1,3,2,2,2,3,2,0,2,2,0,2,2,3,3,2,2,2,2,2,2,2,3,3,2,2,3,3,2,3,4,5,2,0,3,2,2,3,3,3,2,2,3,2,2,2,3,3,2,2,3,3,2,2,2,3,2,3,2,2,2,2,3,2,3,2,2,3,2,3,3,3,3,2,3,2,3,2,2,3,3,3,2,2,3,2,2,2,2,2,1,2,2,2,3,2,3,3,3,3,2,3,2,2,4,3,2,3,2,2,3,2,2,3,2,3,3,2,3,3,3,2,3,3,2,2,3,2,3,2,3,3,1,2,2,2,3,3,3,3,3,2,3,3,2,3,3,3,2,3,2,2,3,3,2,3,2,3,3,3,2,2,3,2,2,3,2,2,3,3,2,3,2,2,3,3,2,3,3,3,2,2,3,3,3,3,3,2,3,3,3,,0,,2,4,3,4,3,2,2,2,2,3,180,4,1.1380832282471622,-0.6112500388485764
1,2,2,1,1,2,2,2,2,2,1,2,2,1,2,2,2,2,2,2,1,2,2,2,2,0,1,1,1,2,2,1,2,3,2,2,2,2,2,2,2,2,2,2,3,2,2,2,2,2,2,2,2,,2,1,2,2,2,0,1,1,2,2,3,2,,1,2,,2,1,2,2,2,2,2,2,2,2,2,1,2,2,2,2,1,2,2,2,2,1,2,2,3,2,1,0,2,2,2,2,2,2,2,2,3,2,2,2,2,2,2,1,3,2,2,2,0,3,3,2,2,1,2,2,2,2,3,2,2,2,2,2,2,2,2,3,2,2,2,2,2,2,2,2,2,3,2,3,2,3,2,3,2,2,2,2,2,1,2,2,0,2,2,2,3,3,2,2,2,2,1,2,2,2,2,2,3,2,2,2,0,2,1,2,2,2,2,1,1,2,2,1,2,2,2,1,2,2,2,2,2,2,3,2,2,2,1,2,2,2,2,3,1,0,2,2,2,2,2,2,2,0,2,3,3,3,2,3,4,2,2,2,2,2,2,3,3,2,1,2,1,2,2,2,2,2,2,2,3,2,2,2,3,2,2,2,1,2,1,2,2,3,2,2,2,2,2,2,2,2,2,2,1,2,2,2,3,3,2,2,2,3,2,2,2,2,2,2,2,2,1,2,2,2,2,3,3,2,2,2,2,3,2,1,2,2,2,3,2,2,2,2,3,2,2,2,2,2,2,3,2,0,2,2,2,2,2,3,2,2,2,2,2,3,2,2,2,2,2,2,2,2,2,2,2,2,2,2,2,2,2,2,2,2,2,2,3,2,2,3,2,2,1,2,2,3,2,1,2,2,2,2,2,2,2,2,3,2,2,2,2,2,3,2,2,2,2,2,,3,,2,3,0,2,3,2,2,2,3,2,181,4,1.1307570142932768,-0.6004573709878573
2,2,0,2,2,2,2,2,2,2,2,2,2,2,3,2,2,3,3,2,1,3,2,2,2,2,2,2,2,2,2,2,2,3,2,2,3,3,2,3,2,2,2,3,0,2,2,2,2,2,3,2,1,,2,0,2,2,2,2,2,2,0,3,3,2,,2,2,,1,1,3,2,2,2,2,3,2,2,2,2,1,2,3,2,2,1,2,2,3,2,3,2,3,2,2,3,2,2,2,2,2,3,2,2,3,3,2,3,2,3,3,2,3,2,2,2,3,3,3,3,2,1,1,2,2,2,3,3,1,2,3,2,3,2,3,3,2,2,2,2,3,2,2,2,2,3,2,3,3,3,1,3,2,3,3,3,3,1,0,2,2,2,3,2,3,3,2,2,3,3,1,2,3,3,3,2,3,3,2,2,3,3,2,2,2,1,3,2,2,2,2,2,2,2,2,0,2,2,3,2,2,2,3,2,2,2,2,2,3,2,3,3,2,2,2,3,2,2,3,2,2,2,3,4,3,2,3,3,4,2,2,3,2,2,2,3,3,2,3,2,2,2,3,3,2,2,2,2,3,3,2,2,3,3,3,2,2,2,3,3,2,3,2,2,2,3,2,3,3,2,3,2,2,2,2,3,0,3,3,2,2,3,2,2,2,2,2,2,2,1,2,2,2,3,2,3,3,2,2,2,2,3,2,2,2,2,2,3,3,3,3,2,3,2,2,2,2,2,3,3,3,2,2,3,2,2,2,3,2,2,2,2,2,3,3,2,2,3,2,3,2,2,2,2,3,2,2,2,2,3,2,3,2,2,0,2,3,0,1,3,2,1,2,2,2,2,3,2,2,2,2,2,3,2,2,3,3,2,2,3,3,3,3,2,3,3,2,2,,2,,1,4,2,0,3,2,2,3,3,3,182,4,1.1642973665812169,-0.6384348966082521
2,2,2,2,0,0,2,2,2,2,2,2,2,2,2,2,2,2,2,2,1,2,2,2,2,2,2,2,2,2,2,1,2,2,1,2,2,2,2,3,2,2,2,2,3,2,2,2,2,2,2,2,1,,2,2,2,2,2,2,1,2,2,2,2,2,,2,2,,2,1,2,2,2,1,2,2,2,2,1,2,1,1,2,1,2,1,2,2,2,1,2,0,3,0,2,2,2,2,1,2,0,2,2,2,3,3,2,2,2,2,2,2,3,2,2,2,2,2,3,2,2,2,2,2,2,2,2,2,2,2,2,2,2,2,2,3,2,2,2,1,2,2,2,2,2,3,2,3,3,3,1,3,2,2,3,0,3,2,0,2,2,2,2,2,3,3,2,2,2,3,2,2,2,2,2,2,3,2,2,2,3,3,1,2,1,2,2,2,1,2,2,2,2,2,2,1,1,2,2,2,1,1,3,2,2,2,2,2,2,2,3,3,2,2,2,2,1,2,2,2,2,2,2,3,2,2,2,3,4,2,2,2,2,2,2,3,3,2,2,2,2,2,2,3,2,2,2,3,3,2,2,1,2,2,3,2,2,2,2,0,1,3,2,2,2,2,2,2,2,2,2,2,2,2,2,2,2,3,2,2,2,3,2,2,2,2,2,0,0,1,2,2,2,2,2,2,2,1,2,2,1,3,2,2,2,2,2,2,2,3,3,2,3,2,2,3,2,3,2,3,2,2,2,2,2,3,2,3,2,2,2,2,2,3,2,2,2,3,2,2,2,2,2,2,2,2,2,2,1,2,2,2,2,1,2,2,3,2,2,2,2,2,2,2,1,2,3,2,2,2,2,2,2,1,2,2,3,2,2,2,3,3,3,3,2,3,2,3,,3,,2,3,2,3,3,2,2,2,2,3,183,4,1.1509727626459143,-0.6134496964574464
2,2,3,2,1,2,2,2,2,2,2,2,2,0,2,2,2,3,2,2,2,2,2,2,2,2,1,2,2,2,2,2,2,2,2,2,2,2,3,3,2,3,2,2,0,2,2,2,1,2,3,2,2,,2,1,2,2,2,2,2,2,3,2,3,2,,3,2,,2,2,2,2,2,1,3,3,2,2,1,2,2,1,2,2,2,2,2,2,3,1,3,2,3,2,1,2,2,3,2,2,2,2,2,0,3,2,2,2,2,2,2,0,3,2,2,2,2,2,3,2,2,2,2,2,2,2,3,2,2,2,3,3,2,2,2,3,1,2,3,1,2,2,2,2,2,3,3,3,3,3,2,3,2,3,3,2,2,2,2,2,2,2,2,2,3,3,1,2,3,3,2,2,2,2,0,3,3,2,2,2,3,2,2,2,2,2,3,2,2,2,2,2,2,2,2,1,3,1,2,2,2,0,3,2,2,2,2,2,2,2,3,3,2,2,2,2,2,2,2,3,2,2,3,4,3,2,3,3,4,2,2,3,2,2,2,3,3,2,2,3,2,2,2,0,2,2,2,3,3,2,2,2,2,3,2,2,2,2,2,3,2,3,2,2,2,2,2,2,3,2,2,2,2,2,2,2,3,3,2,2,2,3,2,2,2,2,2,2,2,2,2,2,2,3,2,3,0,2,2,2,2,3,3,2,3,2,2,2,2,3,3,1,3,2,2,3,2,3,2,3,3,2,2,3,1,3,1,3,2,2,2,1,2,3,3,2,3,3,2,2,0,1,2,1,3,2,3,2,2,3,2,3,3,2,2,2,3,2,0,3,2,2,2,2,1,3,3,2,2,2,2,2,2,2,2,3,3,2,2,3,3,3,3,3,3,3,3,3,,3,,2,4,3,4,3,2,2,2,3,3,184,4,1.1665822784810127,-0.6414728447710698
2,2,2,2,2,2,2,2,2,2,2,2,2,2,3,2,2,3,2,2,2,2,2,3,2,2,2,2,2,2,2,1,2,3,2,2,3,2,1,2,0,2,2,3,3,2,2,2,2,2,3,2,1,,2,2,1,2,2,2,1,2,3,2,3,0,,2,2,,2,2,2,3,2,1,2,2,2,2,1,2,2,2,3,2,2,1,2,2,3,1,3,2,3,2,2,3,2,2,2,2,1,2,1,2,2,2,2,2,2,2,2,2,3,2,2,2,2,2,2,2,2,1,0,2,2,2,0,2,3,2,3,3,3,1,2,3,2,3,2,2,3,2,3,2,2,3,2,3,3,3,2,3,2,2,2,0,2,1,3,2,2,2,2,2,3,3,1,2,2,3,2,2,3,3,2,2,3,3,2,2,3,3,2,3,2,2,3,2,1,2,2,2,2,2,2,1,3,2,2,2,2,2,3,2,2,2,2,2,3,2,3,3,2,2,2,2,2,2,2,3,2,0,2,3,3,2,2,3,4,2,2,0,2,2,2,3,3,2,2,2,2,2,2,2,2,2,2,3,3,2,2,2,3,2,3,2,2,2,2,3,1,3,2,2,2,2,2,2,3,2,2,0,2,2,2,3,3,3,2,2,2,3,2,3,2,2,2,2,2,2,2,3,3,3,2,3,3,2,2,3,2,3,2,2,3,2,2,3,2,3,3,2,3,2,1,2,3,3,2,3,2,3,2,2,0,2,2,3,2,3,2,1,2,3,3,3,3,3,2,2,2,2,2,2,3,2,2,2,2,2,2,3,3,2,2,2,3,2,2,3,2,2,2,2,2,3,3,2,2,2,2,2,2,2,2,3,3,2,3,3,3,3,3,3,3,3,2,3,,3,0.0,2,3,3,4,3,2,2,2,3,2,185,4,1.1380437515715365,-0.6384833042085797
2,2,3,2,1,3,2,2,2,2,2,2,2,2,3,3,2,2,3,3,1,3,2,2,2,2,2,2,2,2,2,2,2,3,2,2,3,3,2,2,2,2,2,2,3,3,2,2,2,2,3,2,2,,2,0,1,2,2,2,2,2,0,3,3,3,,2,2,,2,1,3,3,3,2,2,2,3,3,2,2,1,2,2,2,2,2,2,2,3,1,3,2,3,2,2,2,2,2,2,2,2,3,1,2,3,3,2,3,2,3,3,2,3,1,2,2,3,2,3,3,3,1,2,2,2,3,3,2,2,2,3,2,3,2,3,3,2,2,3,2,2,2,2,2,2,3,2,3,3,3,2,3,2,2,3,3,3,2,3,3,2,2,2,3,3,3,2,2,3,3,2,2,3,3,3,3,3,0,2,3,3,3,2,2,2,2,3,2,2,2,2,2,2,2,2,1,2,2,3,0,2,3,3,2,2,2,2,2,3,2,3,3,2,2,2,2,2,2,3,2,2,2,3,4,3,2,2,3,4,2,2,2,2,2,3,3,3,2,3,3,2,2,2,3,3,1,3,3,3,2,2,3,3,2,3,2,2,2,2,3,2,3,3,2,3,2,2,2,0,2,2,2,0,2,2,3,3,3,2,2,2,3,2,2,2,2,3,2,2,2,2,2,2,2,3,3,3,2,3,2,2,3,2,2,3,2,2,3,3,3,3,2,3,3,2,2,2,1,3,3,0,2,2,0,2,2,2,3,0,2,2,2,2,3,3,3,2,3,2,3,3,2,2,2,3,2,3,2,2,2,3,3,3,2,2,2,3,2,2,3,2,2,2,2,2,3,3,2,2,3,2,2,2,1,2,2,3,2,2,3,3,3,3,3,3,3,3,3,,3,,1,3,3,4,3,3,2,3,0,2,186,4,1.1462432915921292,-0.6247582783786904
1,2,2,2,1,2,2,2,2,1,0,2,2,2,2,2,2,2,2,2,1,2,2,2,2,2,2,2,2,1,2,1,2,2,2,2,2,2,2,2,2,2,2,2,3,2,2,2,2,2,2,0,1,,2,2,2,2,2,2,1,2,3,2,2,2,,2,2,,2,1,2,2,2,1,2,2,2,2,1,2,2,2,2,2,2,2,2,2,2,1,2,0,3,1,0,2,1,0,2,2,2,2,2,2,3,2,2,2,2,2,2,2,3,2,2,2,2,2,2,2,2,2,1,2,2,2,2,2,2,1,2,2,2,2,2,3,2,2,2,2,2,2,2,2,1,3,2,3,3,2,2,3,2,2,2,2,3,1,2,2,2,0,2,1,3,3,2,2,2,3,2,2,2,3,2,2,2,2,2,2,3,2,2,2,2,2,2,2,1,1,1,2,2,2,2,2,2,1,2,2,2,2,3,2,2,2,2,2,2,2,2,3,2,2,2,3,1,2,2,2,2,0,2,3,0,2,2,3,4,2,2,2,2,2,2,3,3,2,2,2,2,2,2,3,2,2,2,2,3,2,2,2,2,2,2,2,2,2,2,3,2,3,2,2,2,3,2,2,3,2,0,2,2,1,2,3,3,3,2,2,2,3,2,2,2,2,2,1,2,1,1,2,2,2,2,3,3,2,2,2,0,3,2,2,2,2,2,3,2,3,3,2,3,2,2,2,3,2,2,3,3,2,2,3,2,2,2,3,2,2,2,2,2,3,3,2,2,3,2,2,2,2,2,2,2,2,2,2,2,2,2,2,2,2,2,2,3,1,2,3,2,1,2,2,1,2,3,2,2,2,2,2,2,2,2,3,2,2,2,2,3,3,3,3,2,2,2,3,,3,,2,3,2,3,3,2,2,2,2,3,187,4,1.1564425395124565,-0.6358209212575878
2,2,2,2,2,2,2,3,2,2,2,2,2,2,2,2,2,2,3,2,1,0,2,2,2,2,0,2,2,2,2,1,2,3,2,2,2,3,2,2,3,2,2,2,3,2,2,2,2,0,3,2,2,,2,2,2,2,2,1,2,2,3,2,3,2,,2,2,,2,1,3,3,2,3,2,2,2,3,2,2,2,2,2,2,2,2,2,1,3,1,3,2,3,2,2,2,2,2,2,3,2,2,1,2,3,3,2,2,2,2,2,2,3,2,2,2,2,3,3,2,2,2,2,2,2,3,3,3,3,2,3,2,2,2,2,3,2,3,3,1,2,2,2,2,2,3,2,3,3,3,2,3,2,3,3,3,3,2,2,3,2,2,3,3,3,3,2,2,2,3,2,2,3,0,2,2,3,3,2,2,3,2,1,3,2,3,2,2,2,2,2,1,2,2,2,1,2,1,3,2,2,2,3,0,3,2,2,3,2,2,3,3,2,2,2,2,2,2,2,3,2,2,3,4,3,2,3,3,0,2,2,2,2,2,2,3,3,1,2,2,2,1,2,3,3,0,2,3,3,2,2,2,3,2,3,2,2,2,2,2,2,3,3,2,2,2,3,2,3,3,2,3,2,2,2,2,3,3,2,2,2,3,2,2,2,2,3,2,2,2,2,2,2,2,2,0,3,2,3,2,2,3,2,2,3,2,1,3,2,3,3,2,3,3,2,3,3,3,3,3,3,2,2,3,3,2,0,3,2,2,2,2,2,3,3,3,2,3,2,3,3,2,2,2,3,2,3,3,2,2,3,2,2,1,3,2,3,2,2,3,2,2,2,2,2,3,3,2,2,2,2,3,2,2,2,2,3,2,1,3,3,3,3,3,3,3,3,2,,3,,2,3,2,3,3,2,2,2,3,0,188,4,1.1476368741226022,-0.6143800034584016
2,2,2,2,1,2,2,2,2,3,2,2,3,2,3,2,2,3,3,2,2,3,2,2,2,2,2,2,2,2,2,2,2,3,2,2,3,3,2,3,2,3,3,3,3,3,2,2,2,2,3,2,1,,2,2,2,2,2,2,2,2,3,2,3,3,,3,2,,2,2,3,3,2,2,2,3,3,2,2,2,2,2,0,2,2,2,2,2,2,1,0,1,3,2,1,3,2,2,2,2,2,2,1,2,3,3,2,2,2,2,2,2,3,2,2,2,3,3,3,3,2,2,2,2,2,2,3,2,2,0,3,3,3,2,3,3,2,2,2,2,2,2,2,2,2,3,2,3,3,3,2,3,2,2,3,2,3,2,3,3,2,2,2,3,3,3,2,1,2,3,1,2,0,2,2,2,3,2,2,2,3,3,2,3,2,2,2,2,1,2,2,2,2,2,2,1,2,2,2,2,2,2,3,2,2,2,2,2,3,2,3,3,2,2,0,2,2,2,3,2,1,1,3,4,3,2,3,3,4,3,2,2,2,2,3,3,3,2,3,2,2,2,2,3,2,2,3,2,0,3,2,2,3,3,3,2,2,2,2,2,2,3,1,2,2,2,0,2,3,1,2,2,2,0,2,3,3,3,2,2,2,3,2,3,2,2,2,2,2,2,1,2,2,3,2,3,3,2,3,2,2,3,2,2,3,2,2,2,2,3,3,2,3,2,2,3,2,2,2,3,2,2,2,3,2,2,2,3,2,2,2,0,2,3,3,3,2,3,2,3,3,2,2,2,2,2,2,2,2,3,2,3,2,1,2,2,3,2,2,3,2,1,2,2,0,3,3,2,2,2,2,2,2,1,3,3,3,2,2,3,3,3,3,3,3,2,3,3,,3,,2,4,2,3,3,2,2,2,3,3,189,4,1.1452113685216148,-0.6554075902848778
2,2,2,2,2,2,2,1,2,2,2,2,2,2,3,2,2,3,3,2,1,2,2,2,2,2,2,2,2,2,2,1,2,2,2,2,2,2,2,3,2,2,2,3,3,2,2,0,2,3,3,2,2,,2,2,2,2,2,1,2,2,3,2,3,1,,2,2,,2,2,3,2,2,1,3,3,2,2,1,2,2,2,2,2,2,1,0,2,3,1,3,2,3,0,2,2,2,2,2,2,2,0,2,2,3,3,2,2,2,2,2,2,3,2,2,2,2,3,2,2,2,2,2,2,2,1,2,2,3,2,3,3,2,2,2,3,2,3,2,1,2,2,2,3,2,3,2,3,2,3,2,3,2,3,3,3,3,2,2,3,2,2,3,2,3,3,0,2,3,3,1,2,3,2,3,2,3,3,2,2,3,2,1,2,2,2,2,2,2,2,2,2,2,2,2,1,2,1,3,2,1,2,3,2,2,2,2,2,0,2,3,3,2,2,2,2,2,2,2,2,2,2,2,3,3,2,3,3,4,2,2,3,2,2,2,3,3,2,0,2,2,2,2,3,2,2,2,3,3,2,2,2,2,3,3,2,2,2,2,2,2,3,2,2,3,2,2,2,3,2,3,0,2,2,2,2,3,3,3,2,3,3,3,2,2,2,3,2,2,2,2,3,2,3,2,3,3,2,3,3,2,3,2,2,3,2,2,3,3,3,3,2,3,2,2,3,2,3,1,3,2,2,2,3,3,3,2,3,2,2,3,3,2,3,3,2,3,3,3,2,2,2,2,2,2,2,3,2,0,2,3,2,3,1,3,2,3,2,2,3,2,2,2,2,2,3,3,2,3,2,2,3,2,2,2,2,3,2,3,2,3,3,0,3,3,3,3,3,,3,,2,4,2,3,3,2,2,3,3,3,190,4,1.1486518171160613,-0.6352039423713198
3,2,2,2,3,3,2,3,2,1,2,2,3,2,3,3,3,3,0,2,2,3,2,3,0,2,3,2,2,3,2,3,2,3,3,2,3,3,2,3,3,3,2,3,3,3,3,3,2,2,3,3,1,,3,2,2,3,3,2,2,3,3,3,3,3,,3,3,,2,2,3,3,2,1,2,3,0,2,2,2,2,2,3,3,2,2,3,3,3,2,3,3,3,2,2,3,2,3,2,2,2,3,1,2,3,3,1,3,3,3,3,2,3,2,3,3,3,3,3,3,3,3,2,2,2,3,3,2,2,1,3,3,3,2,3,3,3,3,3,2,3,2,3,3,3,3,3,3,4,3,2,3,3,3,2,2,0,2,3,0,3,3,3,3,3,2,3,3,3,3,3,3,3,3,3,3,3,3,3,3,3,3,3,3,2,3,3,0,2,3,2,2,3,2,3,2,3,2,3,3,3,3,3,3,3,1,3,3,3,3,3,4,2,3,3,3,2,2,3,3,2,2,3,4,3,2,3,3,0,3,3,3,2,3,3,3,3,2,3,3,2,2,3,3,3,3,3,3,3,3,3,3,3,3,3,2,3,3,3,3,3,3,3,3,3,3,3,3,3,3,3,3,3,3,3,3,3,3,3,0,3,3,0,3,3,3,3,3,3,2,2,2,3,3,3,4,3,2,3,3,3,4,3,3,3,2,3,0,3,3,3,2,3,3,2,3,3,3,2,3,3,3,3,3,2,3,2,4,3,3,3,2,2,4,3,3,3,3,2,3,3,2,3,3,3,3,3,3,3,3,3,3,3,2,3,3,4,2,3,3,3,3,2,3,2,3,3,2,3,3,2,3,3,3,3,3,4,3,3,3,3,3,3,3,3,3,3,3,,3,,3,4,3,4,3,3,2,3,3,3,191,4,1.1582706041304776,-0.5473477324149552
2,0,2,1,2,1,2,2,2,2,2,2,2,1,2,2,2,2,2,1,1,2,2,2,2,2,2,2,2,2,2,2,2,3,2,2,3,2,2,2,2,2,2,2,3,2,2,0,2,2,3,2,1,,2,2,2,1,2,1,1,2,2,2,3,2,,3,2,,0,2,2,2,2,2,2,2,2,2,1,1,2,2,2,2,2,1,2,2,2,1,3,2,3,2,2,2,2,2,2,2,2,2,1,2,3,3,2,2,2,2,2,2,3,2,2,2,2,2,3,2,2,2,2,2,2,2,2,2,2,2,3,2,2,2,3,3,2,3,2,2,2,2,2,2,2,3,2,3,3,3,2,3,2,3,2,2,3,2,2,2,0,2,2,2,2,3,2,2,2,2,1,2,1,0,0,1,3,3,2,2,3,2,1,2,0,2,3,2,2,2,2,2,2,2,2,1,2,1,3,2,2,2,3,2,2,2,2,2,2,2,2,3,2,2,2,2,2,2,2,0,2,2,2,3,3,2,3,3,4,2,2,2,2,2,3,3,3,2,2,2,2,2,2,3,2,2,2,3,3,2,2,2,3,2,3,2,2,2,2,2,0,3,3,2,3,2,2,2,3,2,2,2,2,2,2,3,3,3,2,2,2,3,2,2,2,2,2,2,2,1,2,2,2,2,2,3,3,2,2,2,2,3,2,2,3,2,2,3,2,3,2,2,3,2,2,3,2,3,2,3,3,2,2,2,2,2,2,3,2,2,2,2,2,3,3,2,3,3,2,2,3,2,2,2,3,2,2,2,2,2,2,2,3,1,2,2,3,2,2,3,2,2,2,2,2,3,3,1,2,2,2,2,2,2,3,3,3,2,2,2,3,2,3,2,3,2,2,2,,3,,2,3,3,4,0,2,2,3,3,2,192,4,1.146537842190016,-0.6237000078173904
2,2,2,2,2,2,2,2,2,3,2,3,2,2,3,2,2,3,3,2,2,2,2,3,2,2,2,2,2,2,2,2,2,2,2,2,3,2,2,2,2,3,3,3,3,3,2,2,1,2,3,2,2,,3,2,2,0,2,2,2,2,2,2,3,2,,3,2,,1,2,3,2,2,2,3,3,2,2,1,2,1,2,2,2,2,2,2,0,1,2,3,2,3,2,1,3,2,2,2,2,2,2,2,2,3,3,2,2,2,3,2,2,3,2,2,2,1,3,3,3,3,2,2,2,2,2,2,3,2,1,3,3,3,2,3,3,2,2,3,2,2,2,2,2,2,3,2,3,3,3,2,3,2,3,3,3,3,1,2,2,2,2,2,3,3,3,2,2,3,3,2,2,3,3,3,3,3,2,2,2,3,3,2,2,2,2,3,3,1,2,2,3,2,2,2,1,2,2,3,2,2,2,3,2,2,2,2,2,2,3,3,3,2,2,2,3,2,2,2,3,2,2,3,4,3,2,3,4,5,3,2,3,2,2,3,3,3,2,2,2,2,1,2,2,2,2,2,2,0,2,3,2,3,3,3,2,2,2,2,3,2,3,3,2,2,3,2,2,3,3,3,2,2,2,2,2,3,0,3,2,2,3,2,2,3,2,2,2,2,1,2,3,2,3,2,3,2,2,0,3,2,3,2,2,2,2,2,3,2,3,3,2,3,3,2,3,3,2,3,3,3,2,2,3,3,3,2,3,2,0,2,2,2,3,3,2,2,3,2,2,3,2,2,1,3,2,2,2,2,2,0,2,3,1,2,2,3,2,2,3,2,2,2,2,2,3,3,0,2,0,2,2,3,2,3,3,3,2,2,3,3,3,3,3,3,3,2,2,,2,,0,4,3,4,3,2,2,2,2,3,193,4,1.148242368177613,-0.6258458649678196
2,2,2,2,1,2,2,2,2,2,1,2,2,2,3,3,3,3,3,2,1,3,2,2,2,2,2,2,1,2,3,2,0,2,2,3,3,3,2,3,2,2,3,3,3,0,2,2,2,3,3,2,2,,2,2,2,3,0,2,2,2,2,3,3,2,,2,2,,3,2,3,3,3,2,3,3,1,3,2,2,2,2,2,2,2,2,3,3,3,2,3,2,3,2,2,3,2,2,2,0,2,2,2,2,3,3,2,2,2,3,2,2,3,1,2,2,2,3,3,3,3,2,2,2,2,2,3,3,3,2,3,3,3,2,3,3,2,2,3,1,3,2,3,3,3,3,2,3,3,3,2,3,2,3,3,3,3,2,3,3,2,2,3,3,3,3,1,3,3,3,1,3,3,2,3,2,3,2,3,3,3,3,2,3,2,2,3,3,2,2,2,2,3,2,3,2,2,2,3,3,1,2,3,2,3,3,2,2,3,2,3,3,2,2,2,0,2,2,2,0,2,2,3,4,3,3,3,4,5,2,3,3,3,3,3,3,3,3,3,2,2,2,2,3,3,2,3,3,3,2,0,1,3,3,3,2,2,2,2,3,2,3,2,3,3,3,3,3,3,2,3,3,2,2,3,3,3,3,3,3,3,3,3,2,2,2,2,2,2,2,3,2,2,3,3,3,3,2,3,2,3,3,3,2,3,3,2,2,3,3,3,2,3,2,2,3,3,2,2,0,3,3,2,3,2,3,2,4,3,2,3,0,2,3,3,0,3,3,2,3,2,2,2,2,2,3,3,3,2,2,2,3,3,2,3,2,3,2,2,3,3,2,2,3,2,3,3,2,2,2,2,3,2,1,2,3,3,2,2,3,3,3,4,3,3,3,3,2,,3,,3,4,3,4,3,3,2,3,3,3,194,4,1.144490439582101,-0.6497020114696225
2,2,2,2,1,2,2,2,2,2,2,1,2,2,2,2,2,2,2,2,2,2,2,2,1,2,2,2,1,2,2,2,2,3,2,2,3,3,2,2,2,2,0,2,3,2,2,2,2,2,3,2,2,,2,0,2,2,2,2,2,2,3,3,3,2,,2,2,,2,2,3,3,2,2,2,2,2,2,2,2,2,2,2,2,1,1,2,2,3,1,0,2,3,2,2,2,2,2,2,2,0,2,2,2,2,2,2,3,2,3,3,1,3,2,2,2,2,2,3,3,2,1,1,2,2,2,3,2,2,2,3,2,2,2,3,3,2,2,2,2,2,2,2,0,2,3,3,3,3,3,2,3,2,2,3,3,2,1,3,2,2,2,2,2,3,0,2,2,2,3,2,2,3,3,2,3,3,2,1,2,3,2,2,3,2,2,3,3,2,2,2,2,2,2,2,1,2,1,2,2,2,3,3,2,2,2,2,2,3,2,3,3,2,2,2,3,2,2,3,2,2,1,3,4,3,2,2,3,4,2,2,2,2,3,3,3,3,2,2,2,2,2,2,0,2,1,2,3,3,2,2,2,3,1,3,2,2,2,2,3,2,3,2,2,2,2,2,3,2,2,2,3,2,2,2,3,3,3,2,2,2,3,2,3,2,2,2,2,2,2,2,2,3,3,3,3,3,1,2,2,2,3,2,1,3,2,1,3,2,3,3,2,3,1,0,3,2,0,2,2,2,2,2,3,2,3,2,3,2,3,2,2,2,3,2,3,2,3,2,2,2,2,2,2,3,2,2,2,2,2,2,3,3,1,2,2,3,2,0,3,2,2,1,2,2,2,3,2,2,2,2,2,3,1,2,3,3,2,2,3,3,3,3,3,3,3,2,3,,3,,2,3,2,3,3,2,2,2,3,3,195,4,1.1569638909358881,-0.6635337493868808
2,1,2,2,2,0,2,2,2,2,1,2,2,0,2,2,2,2,2,2,1,2,2,2,2,1,1,2,2,2,2,2,2,2,2,2,3,3,2,2,2,2,2,2,3,2,2,2,2,2,3,2,1,,2,2,2,2,2,1,2,2,3,2,3,2,,3,2,,1,2,2,2,2,2,2,2,2,2,1,1,2,1,2,2,0,1,2,2,2,1,3,2,3,2,1,2,2,3,2,2,2,2,2,2,3,0,2,2,2,2,2,2,3,2,2,0,1,2,2,2,2,2,2,3,2,2,3,2,3,0,3,3,2,2,2,3,2,2,2,1,2,2,2,2,2,3,2,3,3,3,2,3,2,3,3,2,3,2,2,3,2,2,3,3,3,3,2,2,2,2,1,2,2,1,2,2,3,2,2,2,3,3,1,2,2,2,3,3,2,2,2,2,2,2,2,2,2,2,3,2,2,2,3,2,2,2,2,2,0,2,2,3,2,2,2,3,2,2,2,2,2,2,3,4,3,2,3,3,4,2,2,3,2,2,2,3,3,2,3,2,2,2,2,3,2,2,2,3,3,2,0,2,3,2,3,2,2,2,2,3,2,3,3,2,3,3,3,2,3,2,1,2,2,2,2,3,3,3,2,2,2,3,2,2,2,2,3,2,2,2,2,2,2,2,3,3,3,2,3,2,2,3,3,2,3,2,2,2,2,3,2,2,3,2,2,3,3,2,2,3,3,2,2,3,2,2,2,0,3,2,2,3,2,3,2,2,3,3,0,3,3,2,2,3,3,2,3,3,2,2,2,2,3,2,3,2,3,2,2,3,2,2,2,3,2,3,3,2,3,2,2,3,3,2,3,3,3,2,2,2,3,3,3,2,2,2,2,2,,3,,2,3,2,3,3,2,2,3,3,3,196,4,1.163231064237776,-0.6350689791156486
2,1,2,1,2,2,2,2,2,2,2,2,2,2,2,2,2,3,3,2,1,2,2,2,2,2,2,2,1,2,2,2,2,2,2,2,3,2,2,2,2,2,2,2,3,2,2,2,1,2,3,2,2,,2,2,2,2,2,2,2,2,2,2,3,2,,2,2,,2,2,3,3,2,2,2,3,2,2,1,2,2,1,2,2,1,0,2,2,3,2,3,2,3,2,2,3,2,2,2,2,0,2,1,2,3,2,2,2,2,2,2,2,3,2,1,2,1,2,3,2,2,2,1,2,2,0,2,2,2,2,3,2,3,2,2,3,2,2,2,2,2,2,2,2,2,3,2,3,3,3,1,3,2,2,3,2,2,2,2,3,2,2,2,2,3,3,0,2,2,2,1,2,2,2,0,2,3,3,2,2,3,2,2,2,1,2,2,2,1,2,2,2,2,2,2,1,2,1,3,2,2,2,3,2,2,2,2,2,3,2,3,3,2,2,2,2,1,1,2,2,2,1,2,3,3,2,3,3,4,2,2,2,2,2,3,3,3,2,2,2,2,0,2,2,2,1,2,3,3,2,2,2,3,2,3,2,2,2,2,3,2,3,2,2,2,2,2,2,2,2,2,2,2,2,1,2,3,3,0,2,2,3,2,3,2,2,2,2,2,2,2,2,2,3,2,3,3,2,2,3,2,3,2,2,3,2,1,3,2,3,3,2,3,2,2,3,3,2,2,3,2,2,2,3,2,3,2,3,2,2,2,1,2,3,2,2,3,3,2,2,2,2,2,1,2,2,2,2,2,2,3,3,2,1,2,2,3,1,2,3,2,2,2,2,1,3,3,2,2,0,2,2,2,2,2,3,3,2,2,2,3,2,3,2,3,3,2,2,0.0,3,,2,3,2,3,0,2,2,2,3,3,197,4,1.1462981744421907,-0.6693553145293543
2,2,2,2,2,2,2,2,2,2,2,2,2,2,2,2,2,2,2,2,2,3,1,2,2,2,2,2,2,3,2,2,2,2,2,2,3,2,2,2,2,2,2,2,3,2,2,2,2,2,3,2,1,,2,2,1,2,1,2,2,2,2,2,2,2,,2,2,,2,1,2,2,2,2,2,2,2,2,1,0,1,2,2,2,2,1,2,2,2,1,3,2,3,1,2,3,2,2,2,2,1,2,1,2,2,3,2,2,2,2,2,2,2,1,2,0,2,2,2,2,3,1,2,2,2,2,3,2,2,1,3,2,3,2,2,3,2,2,2,2,2,2,2,2,2,3,2,3,3,2,2,3,2,2,3,2,3,1,2,2,2,2,2,2,3,3,2,2,2,3,1,2,3,2,3,2,3,2,2,2,1,3,2,2,2,2,3,2,2,2,2,2,2,2,2,1,2,2,2,2,2,2,3,2,2,1,2,2,3,2,3,3,2,1,2,2,1,2,3,2,2,2,2,3,3,0,2,3,4,2,2,2,2,2,2,3,3,2,2,2,2,2,2,2,2,2,2,3,3,2,2,2,2,2,3,0,2,2,2,3,0,3,2,2,3,2,2,2,2,2,2,2,2,2,2,3,3,3,2,2,2,3,2,2,2,2,2,1,2,2,2,2,2,2,2,3,3,2,2,2,2,3,2,2,3,2,0,2,2,3,2,1,3,2,2,0,2,2,2,2,0,2,2,2,2,2,2,3,2,1,2,2,2,3,3,3,3,3,2,2,3,2,2,2,3,2,3,2,2,2,2,2,3,2,2,2,3,2,2,3,2,2,1,0,2,2,3,2,2,2,2,2,2,2,2,3,3,2,1,3,2,2,3,3,0,3,2,2,,3,,2,3,3,4,3,2,2,3,2,2,198,4,1.1284379865075247,-0.5901844902142841
2,1,2,2,2,2,2,2,2,2,2,2,2,2,3,2,3,2,3,2,2,2,1,2,2,2,2,2,2,2,2,2,2,2,2,2,2,2,2,2,0,2,2,2,3,2,0,2,2,2,3,2,2,,2,1,2,2,2,2,2,2,2,2,3,2,,2,2,,1,1,3,2,2,2,2,2,2,2,1,2,1,2,2,2,2,2,2,2,2,2,3,2,3,1,2,3,2,2,2,1,0,2,1,2,3,3,2,2,2,2,2,1,2,1,2,2,2,3,3,3,3,1,1,2,2,2,2,2,2,2,2,2,3,2,2,3,2,2,2,2,2,2,2,2,2,3,2,3,3,2,1,3,2,2,2,2,2,1,2,2,2,2,2,2,3,3,2,2,2,2,2,2,2,3,2,0,2,2,2,2,3,2,2,2,2,2,3,3,1,2,1,2,2,2,2,1,2,2,2,2,1,2,3,0,2,2,2,2,3,2,3,3,2,0,2,3,1,0,2,2,2,1,2,3,2,2,3,3,4,2,2,2,2,2,3,3,3,2,2,2,2,1,2,3,2,1,2,2,3,2,2,2,3,2,3,2,0,2,2,3,2,3,2,2,2,2,2,2,3,1,2,2,2,2,2,2,3,3,2,2,2,3,2,2,2,2,2,2,2,1,1,2,3,3,2,3,2,2,0,2,2,3,2,2,2,2,2,3,2,3,3,1,3,2,2,2,2,2,2,3,2,2,2,3,2,3,2,3,2,2,2,2,2,3,3,2,2,3,3,2,2,1,2,2,3,2,2,2,2,2,2,2,2,1,2,2,3,2,2,3,2,2,2,2,2,2,3,2,2,2,2,0,2,2,2,3,3,2,2,2,3,2,3,3,3,3,2,2,,3,,2,3,2,3,3,2,2,2,2,3,199,4,1.1368680641183724,-0.6509646703104806
