0,1,2,3,4,5,6,7,8,9,10,11,12,13,14,15,16,17,18,19,20,21,22,23,24,25,26,27,28,29,30,31,32,33,34,35,36,37,38,39,40,41,42,43,44,45,46,47,48,49,50,51,52,53,54,55,56,57,58,59,60,61,62,63,64,65,66,67,68,69,70,71,72,73,74,75,76,77,78,79,80,81,82,83,84,85,86,87,88,89,90,91,92,93,94,95,96,97,98,99,100,101,102,103,104,105,106,107,108,109,110,111,112,113,114,115,116,117,118,119,120,121,122,123,124,125,126,127,128,129,130,131,132,133,134,135,136,137,138,139,140,141,142,143,144,145,146,147,148,149,150,151,152,153,154,155,156,157,158,159,160,161,162,163,164,165,166,167,168,169,170,171,172,173,174,175,176,177,178,179,180,181,182,183,184,185,186,187,188,189,190,191,192,193,194,195,196,197,198,199,200,201,202,203,204,205,206,207,208,209,210,211,212,213,214,215,216,217,218,219,220,221,222,223,224,225,226,227,228,229,230,231,232,233,234,235,236,237,238,239,240,241,242,243,244,245,246,247,248,249,250,251,252,253,254,255,256,257,258,259,260,261,262,263,264,265,266,267,268,269,270,271,272,273,274,275,276,277,278,279,280,281,282,283,284,285,286,287,288,289,290,291,292,293,294,295,296,297,298,299,300,301,302,303,304,305,306,307,308,309,310,311,312,313,314,315,316,317,318,319,320,321,322,323,324,325,326,327,328,329,330,331,332,333,334,335,336,337,338,339,340,341,342,343,344,345,346,347,348,349,350,351,352,353,354,355,356,357,358,359,360,361,362,363,364,365,366,367,368,369,370,371,372,373,374,375,376,377,378,379,380,381,382,383,384,385,386,387,388,389,390,391,392,393,394,395,396,397,398,399,400,401,402,403,404,405,406,407,408,409,410,411,412,413,414,415,416,417,418,419,420,421,422,423,424,425,426,427,428,429,430,431,432,433,434,435,436,437,438,439,440,441,442,443,444,445,446,447,448,449,450,451,452,453,454,455,456,457,458,459,460,461,462,463,464,465,466,467,468,469,470,471,472,473,474,475,476,477,478,479,480,481,482,483,484,485,486,487,488,489,490,491,492,493,494,495,496,497,498,499,500,501,502,503,504,505,506,507,508,509,510,511,512,513,514,515,516,517,518,519,520,521,522,523,524,525,526,527,528,529,530,531,532,533,534,535,536,537,538,539,540,541,542,543,544,545,546,547,548,549,550,551,552,553,554,555,556,557,558,559,560,561,562,563,564,565,566,567,568,569,570,571,572,573,574,575,576,577,578,579,580,581,582,583,584,585,586,587,588,589,590,591,592,593,594,595,596,597,598,599,600,601,602,603,604,605,606,607,608,609,610,611,612,613,614,615,616,617,618,619,620,621,622,623,624,625,626,627,628,629,630,631,632,633,634,635,636,637,638,639,640,641,642,643,644,645,646,647,648,649,650,651,652,653,654,655,656,657,658,659,660,661,662,663,664,665,666,667,668,669,670,671,672,673,674,675,676,677,678,679,680,681,682,683,684,685,686,687,688,689,690,691,692,693,694,695,696,697,698,699,700,701,702,703,704,705,706,707,708,709,710,711,712,713,714,715,716,717,718,719,720,721,722,723,724,725,726,727,728,729,730,731,732,733,734,735,736,737,738,739,740,741,742,743,744,745,746,747,748,749,750,751,752,753,754,755,756,757,758,759,760,761,762,763,764,765,766,767,768,769,770,771,772,773,774,775,776,777,778,779,780,781,782,783,784,785,786,787,788,789,790,791,792,793,794,795,796,797,798,799,800,801,802,803,804,805,806,807,808,809,810,811,812,813,814,815,816,817,818,819,820,821,822,823,824,825,826,827,828,829,830,831,832,833,834,835,836,837,838,839,840,841,842,843,844,845,846,847,848,849,850,851,852,853,854,855,856,857,858,859,860,861,862,863,864,865,866,867,868,869,870,871,872,873,874,875,876,877,878,879,880,881,882,883,884,885,886,887,888,889,890,891,892,893,894,895,896,897,898,899,900,901,902,903,904,905,906,907,908,909,910,911,912,913,914,915,916,917,918,919,920,921,922,923,924,925,926,927,928,929,930,931,932,933,934,935,936,937,938,939,940,941,942,943,944,945,946,947,948,949,950,951,952,953,954,955,956,957,958,959,960,961,962,963,964,965,966,967,968,969,970,971,972,973,974,975,976,977,978,979,980,981,982,983,984,985,seed,complex_param,EPH,corr
4,4,4,4,4,3,4,4,5,5,4,4,4,3,4,4,3,3,4,4,4,3,5,4,4,4,5,0,3,2,4,4,4,4,4,4,4,5,4,4,4,4,4,6,4,4,4,4,4,5,5,4,5,4,4,4,4,4,3,4,4,4,3,1,4,4,5,5,4,4,4,5,6,5,2,5,5,4,4,4,4,4,2,3,3,4,3,3,3,4,4,4,5,3,4,4,3,5,5,4,4,5,5,4,5,3,3,3,4,,5,6,5,4,3,3,3,4,4,5,4,3,5,4,4,4,4,4,3,3,4,3,2,3,4,4,4,4,4,4,5,4,3,4,4,4,4,3,5,4,4,4,4,4,4,4,4,4,4,4,3,4,2,4,4,3,3,4,4,3,4,4,3,4,4,4,4,4,4,3,2,4,5,3,4,5,4,4,4,4,4,4,5,5,4,4,4,4,4,4,5,4,7,4,4,5,4,4,4,4,3,3,3,5,3,4,5,4,4,4,4,4,4,4,4,4,4,4,4,4,4,0,3,2,4,4,4,4,4,3,5,5,4,4,4,4,5,5,5,3,4,4,3,4,3,4,3,4,4,5,5,4,4,4,5,5,5,6,4,4,4,4,4,5,5,4,5,4,2,4,2,4,3,0,4,4,4,5,4,5,3,4,4,5,4,4,4,5,5,5,4,3,4,4,4,1,4,5,3,5,4,4,4,5,4,5,4,5,4,5,4,4,5,5,5,4,4,4,5,4,6,5,5,3,5,5,4,4,4,4,4,4,3,4,5,4,4,4,11.0,5,5,2,4,4,6,4,4,4,5,5,4,4,4,3,4,3,0,3,4,5,5,4,4,4,5,4,4,3,5,4,5,5,12.0,,5,5,5,5,4,4,4,5,5,3,5,4,5,5,9.0,4,4,4,4,5,4,3,5,5,4,4,5,4,4,4,25.0,12.0,6.0,4,4,3,3,4,4,4,3,5,4,4,5,5,4,4,5,3,3,5,0.0,4,1,21.0,4,4,5,4,4,4,5,5,4,,3,6,5,4,5,4,,5,4,4,4,5,4,,4,5,5,4,4,5,5,5,6,3,4,8.0,5,5,4,13.0,4,4,0,4,4,5,4,6,6,4,4,5,4,4,3,2,5,5,4,5,6,5,5,6,5,6,4,,4,4,5,5,16.0,4,5,4,5,5,4,5,4,5,,5,,5,4,5,5,5,5,2,4,4,4.0,5,5,4,6,5,5,4,5,4,4,4,4,5,4,4,4,5,4,6,5,5,5,4,6,5,4,,5,4,5,6,6,21.0,4,5,5,5,4,5,,5,4,4,,5,4,5,,15.0,5,4,5,4,4,4,4,5,4,19.0,,4.0,4,7,5,5,4,5,,5,,,4,5,,5,4,4,5,10.0,4,5.0,,5,5,,4,,6,5,4.0,,5,8.0,22.0,7.0,18.0,20.0,,5,,16.0,5,6.0,5,4,4,5,5,12.0,,4,6,,5,4,4,4,5,,,4,4,5,5,4,5,5,,13.0,4,4,,5,,24.0,5,5,,4,17.0,5,4,5,6,,10.0,4,,25.0,6,4,6,11.0,0,6,5,,11.0,,6,5,5,5,0.0,5,24.0,,4,10.0,,5,,5,6,,16.0,6,,5,4,0.0,5,6,4,6,4,6,,,4,0.0,19.0,10.0,,19.0,18.0,4,4,25.0,,5,17.0,5,5,,5,9.0,5,,,,,,5,5,,12.0,5,21.0,,5,,,,5,5,20.0,22.0,,9.0,9.0,5,,22.0,6,,,5,,11.0,,,20.0,,6.0,24.0,11.0,11.0,15.0,,5,6,23.0,5.0,24.0,4,4,5,4,5,15.0,5,5,,5,18.0,1,6.0,5,5,,19.0,5,,4,,,,5,5,,6,11.0,,21.0,,5,8.0,5.0,,7.0,5,,5,,,,5,,,5,17.0,4,19.0,,4,5,,,,,4,20.0,,,10.0,,,5,16.0,10.0,,,5,17.0,,4,,11.0,5,,17.0,5,20.0,,,,9.0,4,20.0,,7.0,4,,18.0,,4,,,16.0,,6,20.0,5,5,5,,21.0,21.0,5,4,,,5,5,5,,5,5,22.0,5,5,5,5,,6,5,5,3,5,12.0,7.0,4,6,,,,,25.0,,,,,5,,4,4,6,11.0,5,5,6,5,5,,,,,,4,,,6.0,,6.0,,12.0,4,,,6,,5,9.0,8.0,17.0,5,5,,6.0,,,17.0,5,,7.0,5,,,,,,,,,,10.0,6,,,,0,7,1.8715787385957945,-0.7936897970756188
7,6,4,6,6,6,6,6,6,7,6,5,6,6,6,6,6,6,6,6,6,5,7,6,7,6,7,6,5,6,6,6,7,7,6,5,6,7,7,7,6,6,5,8,5,6,6,6,6,7,7,6,6,7,6,6,5,6,5,6,7,6,3,5,5,6,6,7,6,6,6,7,8,7,6,7,7,6,6,6,6,5,5,4,6,7,5,5,6,6,6,6,6,6,7,6,6,7,6,6,6,6,7,6,7,3,5,3,6,34.0,7,7,7,6,5,5,6,5,6,7,7,5,7,6,6,6,6,6,5,5,6,5,6,6,7,7,7,5,6,6,6,6,5,6,6,6,6,5,7,6,7,6,5,5,6,5,7,6,6,6,4,6,5,5,6,6,5,6,5,5,6,6,5,5,6,7,7,7,7,6,5,6,7,5,5,7,6,4,6,6,6,6,7,6,6,6,7,6,6,6,7,6,9,6,7,7,6,7,6,6,5,5,4,7,6,6,6,6,6,7,7,6,6,6,7,7,6,6,7,6,6,6,6,5,6,7,0,6,6,7,6,7,6,6,6,6,7,7,7,5,7,6,5,6,5,5,5,7,6,6,7,6,7,6,7,7,7,7,6,5,7,6,6,7,7,6,7,7,6,7,6,6,5,5,6,6,6,6,6,7,5,6,6,6,7,6,6,7,7,7,5,6,6,5,6,6,6,6,6,7,6,7,6,7,6,8,6,7,6,7,7,7,7,6,7,6,6,5,6,2,8,7,7,5,7,7,7,7,6,6,5,7,6,6,7,6,5,5,,6,7,6,7,6,7,0,6,5,6,7,6,6,5,5,7,4,5,6,6,6,7,5,6,6,7,6,7,6,7,7,7,7,33.0,32.0,7,7,7,7,7,7,7,7,7,6,7,6,7,7,,7,6,6,8,7,6,5,6,7,6,6,7,6,6,7,15.0,17.0,23.0,6,6,6,6,6,6,7,5,6,6,6,7,7,6,6,8,6,5,7,31.0,7,6,15.0,6,6,7,7,6,6,7,7,6,,5,7,7,6,7,6,15.0,7,6,6,6,7,6,,6,7,6,6,6,7,7,7,8,6,5,34.0,7,6,6,22.0,6,6,6,6,0,7,6,7,7,6,6,7,6,6,5,5,6,7,6,7,7,7,7,8,6,8,5,,6,6,7,7,15.0,6,7,6,7,7,5,7,6,7,7.0,6,,7,6,7,7,0,7,6,6,5,11.0,8,7,7,8,8,7,6,7,6,6,7,5,7,6,6,6,6,6,9,8,7,7,7,8,7,0,,7,7,6,8,7,,4,6,7,6,6,7,23.0,7,6,6,,7,7,7,,,7,6,7,7,6,7,7,7,6,20.0,,8.0,6,10,7,7,6,6,,7,,0.0,6,7,9.0,7,6,6,7,31.0,6,7.0,,7,7,9.0,7,,8,7,21.0,,7,7.0,,9.0,8.0,15.0,,7,,22.0,6,29.0,7,6,6,7,6,,22.0,7,6,,6,7,6,7,7,,,6,6,7,7,6,6,6,,34.0,6,5,,7,,34.0,7,7,,7,,7,5,7,8,,,6,9.0,,8,6,7,25.0,7,7,7,,,,7,7,7,5,,7,,,6,24.0,,7,10.0,6,7,,24.0,7,34.0,7,6,,7,7,7,7,7,8,,0.0,6,14.0,11.0,15.0,15.0,9.0,12.0,6,6,16.0,,7,30.0,7,7,,6,20.0,7,8.0,7.0,,,,7,7,20.0,8.0,7,17.0,,7,,,,7,7,21.0,16.0,,18.0,16.0,7,,,8,,,7,,7.0,,8.0,,,26.0,23.0,25.0,13.0,17.0,,7,8,,13.0,16.0,6,7,7,6,7,15.0,7,7,28.0,0,,5,,6,7,,9.0,6,,6,16.0,,,6,7,,8,,,,12.0,7,12.0,18.0,,9.0,6,,7,11.0,8.0,,7,,,7,10.0,5,7.0,,4,7,,,,,7,12.0,,,11.0,,,7,,8.0,,,6,34.0,,6,,11.0,8,,8.0,7,,,8.0,,10.0,6,27.0,,20.0,6,,12.0,,7,,,20.0,,8,22.0,7,7,7,,,,6,7,,,7,7,7,31.0,7,7,14.0,7,7,7,7,,8,7,7,5,7,17.0,22.0,7,8,,,8.0,,34.0,,,10.0,,8,,7,6,8,28.0,7,7,8,7,8,,,,,,6,24.0,,,,14.0,14.0,,6,0.0,0.0,8,,7,,,,8,7,,,7.0,,7.0,7,19.0,,7,,,,,,,27.0,,,,7,,,,1,7,2.0713857827476088,-0.7881856104720583
19,19,19,19,19,18,19,18,19,19,19,19,18,19,19,19,19,19,19,18,19,18,20,18,19,19,19,18,18,19,18,18,19,19,19,17,16,0,19,19,19,18,18,20,18,19,19,18,16,20,20,19,20,19,19,19,20,19,18,19,20,19,18,19,18,19,19,20,19,19,19,20,20,19,18,19,19,19,19,19,19,18,17,18,11,19,17,18,19,19,19,19,19,18,19,19,18,20,20,19,18,19,20,19,20,17,18,17,19,,20,20,12,18,18,18,19,19,19,20,20,18,20,19,19,19,19,12,18,17,19,19,19,19,19,19,19,19,19,19,19,16,18,19,19,19,19,19,20,20,20,19,18,19,19,19,20,20,0,19,18,19,19,18,19,18,17,19,19,18,18,19,19,18,19,20,20,19,20,19,18,19,20,18,18,20,19,19,19,19,19,19,20,20,19,19,19,19,19,19,20,19,22,19,19,20,19,19,19,17,18,18,18,20,19,19,20,19,19,20,19,18,19,19,20,19,19,20,20,19,19,19,19,18,19,19,19,19,19,20,19,20,19,19,19,19,20,20,20,18,20,19,18,19,19,19,19,20,19,19,20,18,19,19,19,19,19,20,19,19,19,19,19,20,20,20,20,20,19,19,18,19,18,18,20,18,19,19,19,20,18,19,19,19,20,19,19,20,20,20,19,19,19,19,19,19,19,20,19,20,19,19,19,20,19,20,19,20,18,20,19,20,20,19,20,19,19,18,20,18,20,19,20,17,20,20,19,18,18,19,18,20,19,19,21,20,19,20,29.0,20,20,19,20,19,20,19,19,19,19,20,19,19,18,19,20,19,18,18,19,20,19,19,19,15,19,19,20,19,20,20,20,20,25.0,,20,20,21,19,20,19,20,20,20,18,20,19,20,20,23.0,20,19,19,21,20,18,18,20,19,19,19,19,18,19,20,,32.0,36.0,19,19,18,18,19,19,19,19,19,19,18,20,20,17,19,21,19,18,17,,19,17,,19,18,18,19,19,19,20,19,20,,19,20,19,19,19,19,39.0,20,19,19,19,20,19,,19,20,19,19,19,19,19,20,21,19,18,,20,20,19,36.0,19,19,19,19,19,19,18,20,20,19,19,20,18,18,18,19,19,20,19,19,20,20,20,20,19,20,18,36.0,19,19,0,20,42.0,19,20,19,20,20,18,20,19,20,30.0,20,,19,19,19,20,19,20,19,20,18,,20,20,19,21,21,20,19,20,19,19,18,18,19,18,19,19,19,19,0,20,19,20,20,21,20,17,,19,19,19,20,20,,19,19,20,20,19,19,,20,19,19,,20,20,19,,33.0,20,19,20,19,19,19,19,20,19,38.0,,29.0,19,21,20,20,18,20,,20,,,19,20,29.0,20,19,19,20,27.0,19,30.0,36.0,20,21,34.0,20,,21,20,43.0,,20,45.0,24.0,23.0,29.0,37.0,,20,,,19,30.0,20,19,19,20,19,22.0,38.0,19,20,,19,20,19,19,21,,,19,19,20,0,19,19,19,,,19,19,,16,,40.0,19,20,,20,,20,19,20,21,,31.0,19,28.0,19.0,20,19,21,21.0,20,20,20,,26.0,,20,20,19,20,0.0,20,38.0,,19,45.0,,20,38.0,21,20,,,20,,20,19,26.0,20,20,19,20,20,21,27.0,,20,,,24.0,33.0,,20.0,19,19,19.0,,20,35.0,19,15,,19,36.0,20,34.0,33.0,,,,20,19,38.0,19.0,20,44.0,,20,,,,20,20,41.0,41.0,,25.0,42.0,20,,23.0,21,,,20,,26.0,,0.0,36.0,,,38.0,,40.0,,,20,20,,20.0,23.0,19,20,20,18,20,23.0,20,19,22.0,20,21.0,18,25.0,20,20,,,20,,19,34.0,,,20,20,,21,0.0,,,36.0,20,20.0,,,,20,,19,,44.0,35.0,21,25.0,,20,21.0,18,22.0,,19,19,0.0,,,,20,30.0,,26.0,25.0,29.0,,20,,30.0,,,20,,,20,,27.0,20,,,20,29.0,,32.0,,25.0,19,,,21.0,19,,39.0,,19,,,,,21,23.0,20,20,19,,,30.0,19,19,,,20,20,20,28.0,20,19,37.0,20,20,20,20,,21,20,20,19,20,,,20,21,,,22.0,,29.0,,,,,20,,20,18,21,,20,20,21,19,20,32.0,,,,42.0,19,,,21.0,36.0,39.0,23.0,23.0,19,,,21,,19,26.0,,38.0,20,19,,,,,,20,,0.0,20,,,,,,,,,,,21,,,,2,7,2.255057079911881,-0.7700657762924921
5,5,3,4,3,3,3,5,5,5,3,3,4,2,4,4,4,4,5,4,4,4,5,4,5,5,5,4,4,4,4,5,5,5,5,3,4,5,5,3,5,4,4,6,4,4,4,4,4,5,5,3,5,4,4,4,4,4,0,4,5,5,2,3,3,4,5,6,4,4,5,5,6,5,5,5,5,4,5,4,4,4,3,3,3,5,4,3,4,4,4,5,5,4,4,2,4,5,5,5,5,5,4,5,5,4,4,4,5,,6,6,5,4,4,4,4,5,4,5,5,4,5,5,5,5,4,5,3,3,5,4,4,4,4,5,5,4,4,5,4,4,4,4,5,4,5,4,5,5,5,5,4,3,2,4,4,4,4,4,3,5,4,4,4,4,4,4,3,4,4,3,4,4,4,5,5,5,5,4,4,4,5,3,4,6,4,4,5,5,5,4,4,0,4,4,4,0,4,4,4,4,7,4,4,4,0,4,4,4,4,3,4,5,4,4,5,5,4,5,5,4,4,5,5,5,4,5,5,5,5,5,4,4,4,5,4,5,4,5,5,5,5,4,1,4,5,6,5,4,5,5,3,5,4,4,3,5,5,5,5,4,5,4,5,5,0,6,5,0,5,3,4,4,5,5,6,5,4,5,3,3,4,4,4,4,4,4,5,6,4,2,4,5,4,5,4,6,4,5,4,3,4,4,4,1,4,5,4,5,5,5,5,6,5,6,5,5,4,5,5,5,4,4,5,4,4,4,5,4,6,5,6,2,5,5,5,5,4,5,4,6,4,5,6,5,1,5,,5,5,4,5,5,6,4,4,4,5,5,5,5,4,4,5,4,4,4,5,5,5,4,4,3,5,4,5,4,5,5,5,5,,27.0,5,5,6,5,5,5,5,6,5,4,5,5,6,5,,5,5,5,6,4,3,4,5,5,4,0,5,4,1,5,21.0,19.0,,4,4,4,4,5,4,4,4,5,4,4,5,4,4,5,6,5,4,6,15.0,5,4,,4,4,5,5,5,3,5,5,4,,4,6,5,4,5,4,,5,4,5,5,3,4,,4,5,4,5,5,5,5,5,6,4,4,,6,6,5,,5,4,5,5,4,5,4,6,6,3,4,5,3,4,4,4,5,5,4,5,6,6,6,6,5,6,4,6.0,5,4,5,4,5.0,3,6,4,5,5,4,5,4,6,20.0,5,,5,4,5,4,5,6,3,5,4,,6,5,5,5,6,6,5,5,4,4,5,3,5,5,5,5,5,4,7,6,1,6,4,6,6,5,,5,5,5,6,6,16.0,5,5,6,4,5,5,5.0,5,5,5,,5,4,5,,22.0,4,4,5,4,5,5,5,5,4,,,6.0,5,8,5,5,4,5,,5,,,5,4,,5,4,4,6,,4,28.0,9.0,6,5,,5,,6,5,,,5,,,6.0,16.0,,,5,,18.0,5,15.0,6,5,5,5,5,5.0,12.0,5,6,,5,4,4,4,6,,,5,5,5,5,4,5,5,,8.0,5,5,,6,10.0,17.0,6,5,,5,,3,4,5,7,,11.0,5,,0.0,6,5,5,12.0,4,5,5,,12.0,,6,6,5,5,20.0,5,27.0,17.0,5,27.0,,6,11.0,6,5,,,6,25.0,5,5,25.0,5,6,4,6,5,6,4.0,,4,,,,12.0,,13.0,5,5,,,5,,5,5,,5,0.0,6,13.0,11.0,,,,6,5,20.0,6.0,6,28.0,,5,,,,5,5,13.0,,,,19.0,5,,,4,,,5,,28.0,,17.0,,,10.0,15.0,28.0,12.0,,,2,5,9.0,23.0,15.0,4,5,5,3,5,25.0,5,5,25.0,5,,3,27.0,5,5,,,4,,5,,,,4,6,,6,22.0,,26.0,20.0,5,,6.0,17.0,,4,,5,24.0,25.0,27.0,6,8.0,,4,5.0,4,15.0,,3,5,,,,,5,15.0,,19.0,,12.0,,6,6.0,,,,5,,,4,,11.0,6,,26.0,5,,,8.0,,15.0,5,,,8.0,5,,19.0,,5,,,,,6,4.0,5,4,5,,,12.0,6,5,,,4,1,6,,5,5,27.0,5,5,5,6,,5,5,5,4,5,7.0,6.0,5,7,,28.0,,,11.0,,,10.0,,6,,4,4,6,17.0,5,5,6,5,6,17.0,,,,26.0,4,21.0,,20.0,,20.0,16.0,10.0,4,8.0,,5,,5,22.0,,14.0,5,5,,7.0,28.0,,5.0,5,19.0,25.0,0,17.0,,,,,,,,,5.0,5,,,,3,7,2.0510118923430016,-0.770336439052013
6,5,5,5,5,5,5,5,6,6,5,5,5,5,5,5,5,4,5,5,5,5,6,4,6,5,6,5,4,5,5,5,5,5,6,5,5,6,1,5,5,4,5,7,5,5,5,5,5,6,6,5,6,5,5,5,6,5,4,6,6,5,3,3,5,5,6,6,5,5,5,6,7,6,5,6,6,5,5,5,5,5,4,4,5,6,4,4,5,5,5,5,6,4,6,5,5,6,6,5,5,6,6,5,6,5,4,1,5,,6,7,6,4,4,0,3,6,5,6,6,4,6,5,5,5,6,5,4,4,6,4,5,5,6,5,5,5,6,5,5,5,4,5,6,5,6,5,5,6,5,5,4,4,0,5,6,6,5,5,3,5,5,5,5,5,5,5,5,4,4,5,5,5,5,6,5,5,6,5,5,6,6,4,4,6,5,5,4,5,5,5,6,6,5,6,6,6,5,5,6,5,7,5,5,6,5,5,4,5,4,5,4,6,5,5,5,6,5,6,6,5,5,5,6,6,5,6,6,5,5,6,4,4,5,5,4,5,4,6,4,5,5,5,5,5,6,6,6,4,6,5,5,5,4,5,4,6,5,6,6,5,0,5,6,6,6,7,5,4,6,5,6,6,6,6,6,6,5,6,5,5,4,4,6,5,5,6,5,7,5,5,5,6,6,5,5,6,6,6,5,4,6,5,5,6,5,6,5,6,5,5,5,6,5,7,6,6,4,6,5,0,6,6,6,6,5,5,6,4,7,6,6,4,6,6,5,5,5,5,4,6,5,6,6,5,5,6,15.0,6,6,5,6,5,7,2,5,5,6,6,6,5,4,5,6,5,5,5,5,6,5,5,4,5,6,5,6,5,6,6,6,6,,,6,6,7,6,6,6,6,6,6,3,6,5,6,6,18.0,6,6,5,6,6,4,4,5,6,5,5,6,5,5,6,,,,5,5,5,4,5,5,5,4,6,5,5,6,6,5,5,7,5,4,6,7.0,6,5,,5,5,5,5,6,5,6,6,6,,5,7,6,5,6,5,21.0,5,5,5,5,6,5,,5,6,6,5,6,6,6,6,7,4,3,22.0,6,6,4,24.0,5,5,5,5,6,6,5,7,7,5,5,6,5,4,5,5,6,6,5,6,7,6,6,7,6,7,5,17.0,5,5,6,6,26.0,5,6,6,7,7,5,6,5,6,27.0,6,,6,5,5,6,6,7,5,6,4,14.0,7,6,6,7,6,6,5,6,5,4,6,4,5,5,5,5,5,5,8,7,6,6,5,7,6,5,,6,6,6,7,6,6.0,5,6,0,6,5,6,,6,5,6,,5,6,6,,,6,5,5,6,5,5,6,6,5,5.0,,,0,9,6,6,5,6,,6,,,5,6,9.0,6,6,5,7,18.0,5,21.0,14.0,7,7,,6,,7,6,,,6,25.0,18.0,13.0,20.0,20.0,,6,,22.0,6,17.0,6,5,5,6,6,,8.0,5,7,,5,6,5,6,7,,,6,6,6,6,5,6,5,,6.0,5,6,,7,,7.0,6,6,,6,,6,6,6,7,,,6,29.0,13.0,7,5,7,16.0,6,6,6,,,,7,7,6,6,,6,23.0,28.0,6,24.0,,0,,7,6,17.0,,7,,6,5,26.0,6,7,6,6,6,7,0.0,,6,12.0,,,,,8.0,5,5,11.0,,6,5.0,6,6,,6,,6,8.0,9.0,,,,6,6,,6.0,6,,,6,,,,6,6,,8.0,,,7.0,6,,,7,,,6,,,0.0,22.0,27.0,,7.0,6.0,6.0,,6.0,12.0,5,7,21.0,14.0,10.0,5,5,6,5,6,29.0,6,6,15.0,5,25.0,4,11.0,6,6,,,6,,5,23.0,,,6,6,,6,,,,11.0,6,29.0,8.0,23.0,,6,,6,,,24.0,7,7.0,,6,10.0,5,11.0,,4,6,,,,,7,,18.0,,28.0,22.0,,6,11.0,16.0,,,5,,,6,,,6,,25.0,5,30.0,,,,,6,,,17.0,5,,13.0,,6,,,6.0,,7,7.0,6,6,6,,15.0,,6,6,,,6,6,6,7.0,7,6,8.0,6,6,6,6,,7,6,6,3,7,16.0,15.0,6,7,,27.0,21.0,,,,,29.0,,7,,6,5,7,,6,6,7,6,7,21.0,,,,,3,11.0,,7.0,13.0,27.0,0.0,,5,,,7,,6,23.0,10.0,17.0,7,6,,,20.0,,26.0,6,22.0,27.0,6,10.0,,,,,,7.0,,,27.0,7,,,,4,7,2.0326076150710826,-0.7962463196394548
8,7,7,7,7,6,7,7,8,8,6,7,7,6,7,7,7,7,7,7,7,6,8,6,7,7,7,6,5,4,6,7,7,7,7,6,7,7,7,7,7,6,7,9,6,7,6,7,7,8,8,4,6,7,8,8,8,7,7,8,7,7,5,7,6,7,8,8,7,7,8,8,9,8,7,8,8,7,7,7,7,6,6,7,7,7,6,6,8,7,7,7,8,3,7,7,7,8,7,7,7,8,8,7,8,6,6,6,7,12.0,8,9,8,6,6,6,6,7,7,8,8,6,8,7,7,7,8,7,5,6,7,7,7,0,4,7,7,7,8,7,7,7,6,7,8,7,7,7,8,8,8,7,7,7,7,7,8,7,7,7,6,7,7,7,7,6,6,7,6,5,7,7,6,5,7,8,0,7,8,7,7,7,8,6,7,8,7,7,7,7,7,7,8,8,8,8,7,7,7,7,7,6,8,6,7,7,6,7,7,7,7,6,6,8,7,7,7,8,7,8,8,7,7,7,8,7,7,8,7,7,7,7,7,7,7,8,7,8,7,8,8,8,7,7,8,7,8,8,8,6,8,7,7,7,4,7,6,8,7,8,8,6,7,7,8,8,8,9,7,7,8,7,7,8,8,7,8,8,7,7,6,7,6,5,7,7,7,7,7,9,7,7,7,8,7,7,7,7,8,8,0,6,7,6,7,7,6,8,7,8,7,7,7,8,7,8,8,8,7,8,8,7,8,8,8,7,7,7,8,6,9,8,8,6,8,8,7,7,7,7,1,8,7,7,8,6,5,8,30.0,8,8,7,7,7,9,7,7,7,8,8,8,5,7,7,8,7,6,6,7,8,7,6,7,7,8,7,7,7,6,8,8,8,21.0,26.0,8,8,8,8,8,8,8,8,8,7,8,7,8,8,,7,7,7,9,8,7,6,8,8,8,6,8,7,7,7,10.0,,,7,7,6,6,7,7,7,6,8,7,7,8,8,7,8,9,8,6,8,9.0,7,6,,7,7,8,6,7,3,8,8,7,,6,9,8,7,8,7,19.0,8,7,7,7,8,7,,7,8,8,7,8,8,8,8,9,7,7,,7,8,7,15.0,7,8,7,7,7,8,7,9,9,7,7,8,7,7,6,7,8,8,7,8,9,8,8,9,7,9,7,28.0,7,7,8,7,10.0,7,8,7,9,9,7,8,7,7,24.0,8,,8,7,7,8,8,9,6,8,7,,8,8,8,9,9,8,7,7,7,6,7,7,7,7,7,7,8,7,8,6,8,8,7,9,8,7,,8,8,8,9,9,,7,8,9,8,7,8,12.0,8,7,7,,8,7,8,,16.0,8,8,8,0,7,7,8,8,7,,,7.0,7,9,8,8,7,7,,8,,,7,8,,8,7,7,9,18.0,7,,8.0,8,9,,8,,8,8,9.0,,8,21.0,30.0,0.0,31.0,16.0,,8,,,7,11.0,8,7,7,8,8,,,7,9,,6,8,7,7,9,,,7,7,8,7,7,8,7,,14.0,7,8,,8,18.0,15.0,8,8,,8,18.0,0,8,8,9,,29.0,7,24.0,18.0,8,7,8,15.0,8,8,8,,,,9,9,8,8,21.0,8,9.0,27.0,7,,,8,16.0,8,9,,10.0,9,25.0,8,7,10.0,8,9,7,8,8,9,9.0,,8,,29.0,31.0,20.0,29.0,17.0,7,7,15.0,,8,13.0,8,8,0.0,8,,8,18.0,,,,,8,8,25.0,,8,10.0,0.0,8,,,,7,7,,10.0,,16.0,,8,,12.0,9,,,8,,17.0,,,16.0,,17.0,13.0,12.0,20.0,8.0,23.0,8,9,12.0,25.0,,8,8,8,7,7,,8,8,24.0,8,31.0,6,,8,8,,12.0,8,,7,29.0,,,8,8,,9,14.0,,,,8,28.0,,,10.0,8,,8,0.0,27.0,,8,,,8,,7,31.0,,7,8,,,,,9,,,12.0,27.0,31.0,,8,,10.0,,,7,18.0,,8,,24.0,8,,,8,14.0,,19.0,,,7,,,,6,,29.0,,7,,,18.0,,9,23.0,8,8,7,,26.0,,8,7,,,7,7,8,,9,8,10.0,8,8,7,8,,9,8,8,6,8,11.0,13.0,8,9,,9.0,14.0,,17.0,,,,,9,,8,7,9,30.0,8,0,9,8,9,17.0,,,,24.0,7,,,15.0,17.0,,18.0,,7,,,8,,8,28.0,25.0,,8,8,,18.0,23.0,,10.0,8,19.0,29.0,8,,,,,,,8.0,,,,9,,,,5,7,2.0377414268821443,-0.7769759728219326
7,7,3,6,5,6,6,7,7,7,6,7,7,6,6,7,6,0,4,6,7,6,7,6,7,7,7,7,6,7,6,6,7,7,6,6,6,7,7,7,7,3,6,8,6,7,6,6,7,7,7,4,7,7,5,0,6,6,5,6,7,7,6,5,5,6,7,8,7,7,7,7,8,7,5,7,7,7,7,5,7,6,6,6,6,6,5,6,6,6,7,7,7,6,5,6,6,7,7,7,5,7,7,7,7,6,6,4,7,9.0,8,8,8,6,5,5,6,6,7,7,4,5,7,7,7,7,6,7,6,6,7,6,6,5,6,7,7,6,6,7,7,6,6,5,7,6,7,6,8,7,7,7,6,6,6,6,7,7,6,6,5,7,6,6,7,6,4,6,6,6,5,6,6,6,6,7,7,6,7,7,6,7,7,6,6,8,7,6,7,7,7,7,7,6,6,6,6,6,6,6,6,5,7,6,6,6,6,6,4,6,6,6,6,7,7,6,7,7,6,7,7,6,6,6,7,7,6,7,7,6,7,7,0,6,6,7,6,7,7,7,7,7,7,6,7,7,8,8,7,5,7,7,5,6,6,6,6,7,7,7,7,6,7,6,7,8,7,8,7,6,7,6,7,7,7,7,8,7,7,7,6,6,6,6,7,6,6,7,7,8,6,7,7,7,7,7,7,7,7,7,6,6,7,6,7,6,6,4,6,7,6,7,7,7,6,8,7,7,6,7,7,7,8,7,7,7,6,7,7,6,8,7,8,5,8,8,7,7,6,7,6,6,6,7,8,7,7,7,28.0,7,7,7,7,6,8,6,7,7,6,8,7,6,6,6,7,6,6,6,7,8,7,6,7,6,7,6,7,6,8,7,7,7,34.0,,8,8,8,7,7,7,7,8,8,6,8,7,8,7,,7,6,6,8,7,6,6,7,7,6,7,7,4,6,7,17.0,,18.0,6,7,6,6,7,7,7,6,7,6,6,8,7,6,6,0,7,5,8,,7,6,7.0,7,6,7,7,7,6,7,8,7,,6,8,7,6,8,6,,6,7,6,6,8,7,,6,8,7,7,7,7,7,7,8,6,6,24.0,8,8,7,11.0,6,6,6,7,7,7,6,8,8,7,6,7,6,6,6,6,7,7,6,7,7,7,8,8,7,8,6,20.0,7,7,7,6,26.0,7,8,7,7,7,6,7,6,7,,7,,7,7,7,8,7,8,6,7,6,12.0,8,7,7,9,8,8,7,7,6,7,7,6,7,6,7,7,7,6,9,8,8,8,7,8,7,7,,7,7,7,8,8,27.0,7,7,8,7,7,7,0.0,8,7,7,,8,7,7,,23.0,8,7,7,7,7,7,7,8,6,21.0,,22.0,7,8,7,7,6,7,,7,34.0,,7,8,11.0,7,7,6,8,13.0,6,22.0,,8,7,,7,,8,8,,,7,,25.0,9.0,15.0,15.0,,7,,0.0,7,17.0,8,7,7,7,7,13.0,21.0,7,8,,7,8,6,7,8,,,7,7,7,7,6,7,7,,,7,6,,8,15.0,,7,7,,7,24.0,7,6,7,9,,,7,,12.0,8,7,0,,6,8,8,,12.0,,8,8,7,7,14.0,8,26.0,,7,,,7,22.0,8,8,11.0,27.0,8,30.0,7,7,8.0,7,7,7,8,7,9,21.0,,6,13.0,20.0,,11.0,25.0,22.0,7,6,9.0,,7,33.0,7,7,,7,30.0,7,9.0,16.0,,,,8,7,8.0,7.0,8,15.0,,7,,,,7,7,18.0,9.0,,10.0,23.0,7,,13.0,8,,,8,,,,23.0,,,23.0,13.0,24.0,16.0,15.0,,0,8,0.0,19.0,22.0,5,7,8,6,7,32.0,7,7,15.0,7,22.0,5,7.0,7,8,,,6,,7,,,,7,8,,9,14.0,,31.0,,7,27.0,,,11.0,7,,7,,12.0,,7,,,7,18.0,6,28.0,,6,7,,,,,7,,,,,,,7,,,,,7,,,6,,34.0,7,,11.0,7,,,11.0,,11.0,7,,,16.0,7,,30.0,,7,,,11.0,,7,27.0,8,7,7,,,28.0,7,7,,,7,4,8,,7,7,25.0,7,7,7,8,,8,8,7,6,7,13.0,27.0,7,9,,25.0,15.0,,16.0,,,,,8,,7,6,8,15.0,8,7,8,0,8,,,,,,7,17.0,,21.0,,10.0,16.0,,6,24.0,,8,,7,,10.0,,8,7,,,,,7.0,7,28.0,24.0,7,9.0,,,,,,14.0,,,,7,,,,6,7,2.1359731824848143,-0.7839486194886408
4,4,3,3,3,2,3,4,4,4,3,4,3,3,3,3,4,3,3,3,2,3,4,2,0,0,3,3,2,3,3,3,3,3,3,1,3,3,3,3,3,3,3,5,3,4,3,3,2,5,4,2,4,3,4,3,4,3,3,4,3,4,2,3,3,3,3,5,3,4,4,4,5,4,3,4,4,3,4,3,3,3,1,3,2,4,2,3,3,3,4,4,4,3,4,3,1,4,4,4,4,4,4,4,4,3,3,2,4,9.0,5,5,4,0,2,3,3,4,4,4,4,2,4,4,4,4,4,3,3,2,4,2,3,3,4,4,4,3,4,4,4,3,3,3,4,3,4,3,5,4,4,3,3,3,2,3,4,4,3,4,1,4,3,3,4,3,3,4,3,2,3,3,1,3,3,4,4,4,4,4,3,4,4,2,3,5,4,3,3,3,4,4,4,4,4,4,4,4,4,4,4,2,5,3,0,4,3,4,4,3,3,3,3,4,4,3,4,4,3,4,4,4,4,3,4,4,3,4,4,3,3,4,2,3,3,4,3,0,4,4,4,4,3,4,4,3,5,5,4,3,4,3,1,3,3,3,3,4,4,4,4,3,4,3,4,4,4,5,4,3,0,3,4,4,4,4,5,4,3,4,3,3,3,3,4,0,3,4,4,5,3,4,3,4,4,3,3,5,4,4,3,3,3,3,4,4,3,4,4,4,3,4,4,4,4,5,4,4,3,4,4,4,5,4,4,4,3,3,4,3,5,4,5,2,5,5,4,4,3,3,3,5,3,4,5,4,4,4,20.0,4,4,4,3,3,5,3,3,3,4,4,3,3,3,3,4,3,3,3,4,5,4,3,3,4,4,3,4,3,4,4,4,4,,17.0,4,4,5,4,4,2,4,5,4,3,4,3,5,4,,4,4,3,5,4,3,3,5,4,4,3,4,3,4,4,15.0,14.0,20.0,3,4,3,3,4,3,3,3,4,3,3,4,4,3,4,5,4,3,4,,4,3,15.0,3,0,3,3,3,2,4,4,4,,3,5,4,3,4,3,29.0,3,3,4,4,5,4,,3,4,4,4,4,4,4,4,5,3,3,11.0,5,5,3,11.0,3,3,4,4,4,3,2,5,5,3,4,4,3,3,3,3,4,4,3,3,5,5,5,5,4,5,3,12.0,4,4,4,4,,4,5,4,5,5,3,3,3,5,7.0,4,,4,3,4,5,4,5,3,4,2,7.0,5,4,4,6,5,3,4,4,3,3,4,3,4,4,4,4,4,4,6,5,4,5,3,5,5,4,,4,4,4,5,5,,4,4,5,4,4,4,,5,4,4,,5,4,4,,28.0,4,3,4,4,4,2,4,4,4,7.0,,23.0,4,7,4,4,2,3,,4,,,4,5,,4,3,4,5,6.0,4,7.0,,5,5,12.0,4,,4,4,9.0,,4,18.0,11.0,7.0,15.0,,,4,,20.0,4,,5,4,4,4,4,17.0,11.0,4,5,,4,5,3,4,5,,,4,4,4,4,4,4,4,,,4,4,,5,12.0,13.0,5,4,,4,,5,4,4,6,,18.0,4,,,5,4,5,10.0,4,4,4,,,,5,5,3,4,,4,,13.0,3,17.0,,4,9.0,5,5,6.0,10.0,5,14.0,4,4,,4,5,4,5,5,6,,,4,,,25.0,14.0,17.0,,4,3,,,5,,4,4,,4,22.0,5,,21.0,,,,5,4,27.0,15.0,5,24.0,,4,,,,4,4,24.0,17.0,,17.0,,5,,8.0,5,,,4,,11.0,,,20.0,,,4.0,16.0,,10.0,4.0,4,5,13.0,,,4,4,4,3,3,12.0,4,4,18.0,4,16.0,3,,4,5,,14.0,4,,4,7.0,,,4,5,,5,24.0,,22.0,,4,13.0,,,,3,,4,7.0,25.0,,5,,,4,18.0,3,5.0,,3,4,,,,,5,12.0,13.0,16.0,12.0,25.0,,5,,23.0,,,0,6.0,,3,,,4,,,4,21.0,,5.0,,,4,17.0,,,4,,5.0,,4,,,9.0,,5,17.0,5,3,4,,,6.0,4,4,,,4,4,4,,4,4,23.0,4,4,4,5,,5,5,5,2,5,,6.0,4,6,,,14.0,0.0,7.0,,,21.0,,5,,4,4,5,,4,5,5,4,5,,,,,,3,9.0,,12.0,23.0,22.0,19.0,23.0,4,29.0,,5,,4,22.0,,,5,4,,6.0,9.0,,7.0,4,5.0,28.0,4,11.0,,,,,,,,,22.0,5,,,,7,7,2.022334815427566,-0.81914071462047
9,8,6,6,6,7,6,8,9,9,8,8,8,7,8,7,8,8,8,6,8,7,9,8,8,9,9,8,8,8,8,8,9,9,9,8,8,9,9,9,9,8,8,10,8,8,7,8,8,9,8,8,9,8,7,7,7,7,7,7,9,8,5,6,7,8,8,9,8,8,9,9,10,9,8,9,9,8,0,8,8,7,7,7,8,9,8,7,8,7,8,8,8,8,9,9,7,9,9,8,8,9,8,9,9,8,7,7,8,27.0,9,9,9,8,7,7,8,8,8,9,9,7,9,8,8,8,7,8,7,7,8,7,7,8,9,8,9,7,7,8,8,8,7,8,9,8,8,8,9,9,9,8,8,8,8,8,9,8,7,8,6,7,7,8,7,8,7,9,8,7,8,8,8,8,6,8,9,9,9,8,8,8,9,7,8,9,8,8,8,7,8,8,8,7,7,5,9,9,8,8,9,8,11,8,9,9,9,9,7,7,7,3,7,9,8,8,8,8,8,9,9,8,8,8,9,8,8,9,9,8,8,9,8,8,8,8,7,8,8,9,8,9,8,8,8,8,9,9,9,7,9,9,6,8,7,7,7,9,8,9,9,8,8,8,9,9,9,8,8,7,9,7,8,8,8,9,9,9,8,8,8,3,7,7,8,6,0,8,8,10,7,8,8,9,9,8,8,9,8,9,8,7,8,6,8,7,8,9,8,9,8,8,7,9,8,9,9,9,8,9,8,8,8,8,7,8,8,8,9,7,10,9,9,7,9,8,9,8,8,8,7,9,8,9,10,9,8,9,15.0,9,9,8,9,8,9,7,6,8,9,9,9,8,7,8,9,7,7,7,0,9,9,7,8,8,9,7,8,8,9,8,9,9,24.0,,9,9,9,9,9,8,9,9,9,8,9,8,9,8,31.0,9,8,8,10,8,8,4,9,9,5,8,8,6,7,9,,,,8,8,7,7,8,8,8,7,9,8,8,8,8,7,8,10,9,7,9,14.0,8,8,,8,8,9,9,9,7,8,8,8,,8,9,9,8,9,8,,9,8,8,8,9,8,,8,9,7,8,9,8,9,9,10,7,8,33.0,9,9,8,,8,7,8,8,8,9,7,10,9,8,7,9,8,8,8,8,8,8,8,9,9,9,9,10,8,10,8,,8,8,9,9,15.0,8,9,8,8,8,8,9,7,9,30.0,9,,9,8,8,9,9,10,6,8,7,14.0,10,9,8,10,10,9,8,9,8,8,9,8,9,8,8,8,8,7,10,9,9,9,8,10,9,8,,9,9,7,10,9,10.0,8,8,9,0,8,9,,10,8,8,,9,8,8,,33.0,9,7,8,9,8,9,8,9,9,32.0,,13.0,8,11,8,9,8,9,,9,,,8,9,0.0,8,8,8,9,10.0,8,,9.0,9,8,,9,,10,9,15.0,,9,,30.0,0.0,12.0,25.0,,8,,16.0,8,10.0,9,8,8,9,9,14.0,11.0,8,10,,9,9,8,8,10,,,8,9,9,9,7,8,8,,,8,9,,9,23.0,29.0,9,9,,9,,8,7,9,10,,30.0,8,34.0,,9,8,10,,7,9,9,,29.0,,10,10,9,9,16.0,9,,23.0,9,21.0,,9,21.0,9,9,0.0,,9,30.0,9,8,11.0,9,10,8,9,9,10,,,7,14.0,29.0,20.0,14.0,13.0,12.0,8,8,33.0,,10,14.0,9,9,,9,22.0,9,,,,,,9,9,,,9,33.0,,9,,,,9,9,23.0,,,28.0,19.0,9,,,10,,,9,,,,,16.0,,8.0,25.0,12.0,,,31.0,8,10,10.0,18.0,19.0,7,9,9,7,9,,8,9,15.0,9,9.0,8,0.0,9,9,,,7,,8,,,,7,9,,10,,,15.0,,9,28.0,,18.0,,7,,9,11.0,,9.0,9,,,8,32.0,8,32.0,,7,9,,,,,8,27.0,,20.0,,12.0,,9,,13.0,,,9,19.0,,7,,9.0,9,,,8,18.0,,,,,7,,,25.0,7,,33.0,,8,,,17.0,0.0,10,27.0,9,9,9,,,18.0,9,9,,,9,9,8,25.0,8,9,28.0,8,9,9,9,0.0,9,9,9,7,9,,27.0,9,10,,19.0,15.0,,,,,,,10,,4,8,10,25.0,9,9,10,9,10,34.0,,,,,8,17.0,,32.0,,27.0,26.0,33.0,8,33.0,,10,,9,,,11.0,9,9,,28.0,22.0,,11.0,9,33.0,33.0,7,9.0,,,,,,24.0,,,34.0,8,,,,8,7,2.101450705615314,-0.7401068371232374
6,6,0,5,3,5,5,5,5,6,5,5,5,5,4,5,5,5,5,4,5,5,6,5,6,6,6,6,5,6,5,4,6,6,6,5,5,6,6,6,6,5,5,7,4,4,5,6,6,6,6,5,6,6,5,5,5,5,4,6,6,5,4,5,4,5,5,6,5,5,6,6,7,6,5,6,6,6,5,5,5,4,4,4,5,6,2,5,5,5,6,6,6,5,5,6,4,6,6,5,5,6,6,6,6,5,5,3,6,30.0,7,7,6,5,4,5,5,6,6,7,6,4,6,6,5,5,6,6,5,5,5,5,5,5,6,6,6,5,5,6,5,1,4,5,6,5,6,5,6,6,5,5,5,5,5,5,6,6,5,5,4,5,5,5,5,5,4,6,5,5,5,6,5,5,5,6,6,6,6,5,5,6,6,5,5,6,6,5,6,5,6,5,6,6,5,6,6,6,6,6,6,5,8,5,6,6,6,6,5,4,5,2,5,6,6,5,6,6,5,6,6,5,5,5,6,6,5,6,6,6,6,6,5,5,5,6,5,6,4,6,6,6,5,5,6,5,7,6,6,3,6,6,4,5,5,5,5,6,6,6,6,5,6,5,6,2,6,6,6,5,6,5,6,6,6,6,6,6,5,6,5,5,5,4,6,5,5,6,5,7,5,6,6,6,6,6,5,7,6,6,5,5,6,5,5,6,5,6,5,6,5,6,6,6,5,7,6,6,5,6,6,6,6,6,6,6,5,6,6,5,7,6,6,5,7,6,6,6,5,6,3,7,6,6,0,6,6,6,6.0,6,7,6,6,5,7,5,5,5,6,6,5,6,5,5,6,5,5,5,5,6,6,4,5,5,6,5,6,5,6,6,6,6,,,7,7,7,6,6,6,6,7,6,5,6,5,7,6,16.0,6,6,5,7,6,4,4,6,6,6,6,6,5,5,6,17.0,19.0,30.0,5,6,5,5,6,5,6,5,6,5,5,6,6,5,5,7,6,5,7,,6,5,,6,5,6,6,6,5,6,6,6,,5,0,6,5,6,6,,5,5,5,6,6,6,,6,6,5,5,6,6,6,6,7,5,5,22.0,7,7,6,26.0,5,5,6,6,6,6,6,7,7,5,5,6,5,5,5,5,6,6,5,6,6,7,6,7,6,7,5,20.0,6,5,6,6,,4,7,6,7,7,5,6,5,7,8.0,6,,3,6,6,6,6,7,5,6,5,20.0,7,6,6,8,7,6,5,6,6,6,6,5,6,5,0,5,6,5,8,7,5,6,6,7,7,6,,6,6,5,7,6,21.0,6,6,6,6,6,5,10.0,7,6,6,,7,6,6,,7.0,7,5,6,6,6,6,6,6,6,31.0,,13.0,6,9,6,6,0,6,,6,24.0,,6,6,9.0,6,6,5,7,14.0,5,,,7,7,,6,,7,7,10.0,,6,21.0,,14.0,,14.0,,6,,,6,,6,6,5,6,6,13.0,,6,7,,6,7,5,6,7,,,5,6,6,6,5,6,6,,25.0,6,6,,6,,20.0,6,6,,6,19.0,6,5,6,7,,,6,,,7,6,7,28.0,6,6,6,,28.0,,7,6,6,6,18.0,6,7.0,15.0,6,30.0,,6,13.0,7,5,27.0,,7,9.0,6,6,14.0,6,7,6,7,7,7,7.0,,6,20.0,,30.0,17.0,14.0,30.0,5,5,,,7,,6,6,,5,29.0,6,10.0,,,,,6,6,7.0,25.0,6,22.0,,6,0.0,,,6,6,5.0,31.0,,20.0,6.0,6,,,6,,,6,,20.0,,,0.0,,17.0,24.0,30.0,9.0,27.0,7.0,6,6,14.0,7.0,,5,6,7,5,6,,6,6,22.0,6,14.0,5,,6,6,,12.0,6,,5,0.0,,,6,6,,7,0.0,,,,6,8.0,23.0,,23.0,5,,6,18.0,6.0,32.0,7,,,6,,5,33.0,,5,6,,,,,6,,,31.0,7.0,,,6,24.0,27.0,,,6,25.0,,6,,23.0,7,,30.0,6,11.0,,21.0,,16.0,6,17.0,,10.0,5,,12.0,,6,,,,,7,,7,6,6,,15.0,12.0,6,6,,,6,6,7,,6,6,20.0,0,6,6,7,,7,6,6,5,7,18.0,,6,7,,,23.0,,,,,33.0,,7,,6,6,7,,7,6,7,6,7,,,,,,5,,,7.0,,27.0,,12.0,6,14.0,,7,,6,,19.0,29.0,7,6,,,,,9.0,6,,,6,16.0,,,,,,12.0,,,17.0,7,,,,9,7,2.185099926755259,-0.8004077588744787
7,6,5,7,6,6,6,6,6,6,6,6,6,6,7,6,6,4,6,5,6,6,3,6,7,7,7,7,6,7,6,6,7,7,7,6,7,7,7,7,7,6,6,7,4,6,6,7,7,7,7,6,7,7,7,7,7,7,6,7,7,7,5,6,6,6,6,7,6,6,7,7,8,6,6,7,7,6,6,6,6,6,5,5,6,7,4,5,7,6,7,7,6,6,7,7,6,7,6,6,6,7,7,7,7,5,5,5,7,,8,8,7,6,6,5,7,7,7,8,7,5,7,7,5,6,7,6,6,6,7,6,6,6,7,7,7,6,7,6,7,5,2,6,7,6,7,6,7,7,7,6,6,4,6,1,7,7,6,7,4,6,6,6,6,6,5,7,6,6,6,7,6,2,6,7,7,7,7,6,6,7,7,6,6,7,7,6,6,6,6,6,7,7,7,7,7,7,7,7,7,6,9,6,7,7,7,7,7,6,6,6,5,6,6,6,7,7,6,7,7,6,6,0,7,7,6,7,7,7,6,7,6,6,6,7,6,7,7,7,0,7,6,7,7,6,7,7,7,5,7,7,6,6,6,6,6,7,6,7,7,6,7,6,6,6,7,7,6,5,7,7,7,7,7,7,7,7,6,7,6,6,6,6,5,6,6,7,6,8,5,7,7,6,6,6,6,7,7,7,6,6,6,6,7,7,5,7,6,7,6,6,7,7,6,8,5,7,6,7,7,7,7,7,7,7,5,6,7,6,8,7,4,5,7,7,7,7,6,7,6,7,6,7,8,7,7,7,27.0,7,7,6,7,6,8,6,6,6,5,6,6,7,6,6,7,6,5,6,7,8,7,6,6,6,7,6,7,6,7,7,6,7,21.0,12.0,7,7,8,7,7,7,7,8,8,6,7,6,8,7,,7,6,6,8,7,6,6,6,6,7,7,7,6,7,7,9.0,15.0,,6,7,6,6,6,6,7,5,7,6,5,7,5,6,6,8,7,6,7,,7,6,10.0,7,5,7,7,7,7,7,7,6,,6,7,7,6,7,7,10.0,7,6,6,7,7,6,0.0,7,7,6,6,7,7,7,7,8,6,6,,8,7,6,26.0,6,7,7,7,7,7,6,7,7,6,6,7,6,6,5,6,7,7,3,6,6,7,7,7,0,7,6,28.0,6,6,6,7,7.0,6,8,7,8,8,6,7,6,8,,7,,0,6,7,8,6,7,6,7,5,,8,7,7,8,7,7,6,7,6,6,7,6,7,6,6,6,5,7,9,8,6,8,7,7,7,6,,7,7,7,8,7,,7,6,7,7,7,6,26.0,8,6,7,,7,7,7,,9.0,7,7,7,7,6,7,7,7,7,14.0,,,7,9,7,7,6,6,,8,,,7,7,26.0,7,7,5,8,,6,13.0,,7,8,,7,,8,8,,,7,,14.0,27.0,19.0,0.0,,7,,31.0,7,7.0,7,6,6,7,7,26.0,,7,7,,7,0,6,5,8,,,6,6,7,7,7,6,0,,8.0,7,7,,7,9.0,,7,7,,7,19.0,8,6,7,8,,,6,25.0,18.0,8,7,8,,7,6,7,,,,8,8,6,7,27.0,7,,,7,31.0,,7,23.0,6,7,7.0,,8,12.0,7,6,15.0,7,8,7,8,7,8,8.0,,7,13.0,21.0,15.0,27.0,,24.0,6,6,,,8,23.0,7,7,,7,,6,26.0,17.0,,,,7,6,15.0,21.0,7,12.0,,7,,,,7,7,12.0,,,22.0,,7,,23.0,8,,,7,,10.0,,,24.0,,14.0,10.0,8.0,15.0,7.0,,7,8,25.0,,16.0,7,7,7,6,7,24.0,7,7,,7,,6,20.0,7,7,,13.0,7,,6,13.0,,,7,7,,8,12.0,,24.0,17.0,7,29.0,17.0,,,7,,7,,13.0,18.0,8,28.0,,7,0.0,5,21.0,,6,7,,,,,8,10.0,17.0,20.0,,31.0,,7,,,,,7,,,7,,6.0,8,,,8,14.0,,18.0,0.0,14.0,7,8.0,,14.0,7,,,,7,,,,,8,7.0,8,7,7,,,,6,7,,,8,7,8,31.0,8,7,27.0,7,7,7,8,,8,8,7,6,7,26.0,7.0,7,8,,10.0,,,,,,,,8,,7,6,7,,8,7,8,7,7,,,,,,6,,,7.0,1.0,13.0,14.0,26.0,7,10.0,,9,,7,29.0,,23.0,7,7,,30.0,6.0,,31.0,8,16.0,,7,21.0,,,,,,,,,24.0,8,,,,10,7,2.1039758534554536,-0.7476934470851792
5,4,4,4,4,4,4,5,5,6,4,5,4,3,4,5,4,4,4,4,4,3,5,3,4,0,4,4,1,4,4,4,4,4,5,4,4,5,4,4,4,4,4,6,4,5,4,4,4,5,5,4,5,4,5,5,5,5,4,5,0,3,4,4,4,4,5,5,4,4,5,5,5,5,4,5,5,5,4,4,4,4,3,4,4,5,3,3,5,4,5,5,4,3,5,4,2,5,5,5,5,5,5,4,0,3,4,4,4,32.0,5,6,5,3,3,2,4,5,3,5,5,0,5,4,5,5,5,4,4,3,4,4,4,3,5,4,4,4,5,5,5,5,4,4,5,4,5,4,5,5,3,4,4,4,4,4,5,3,5,5,3,4,4,4,5,4,4,4,4,3,2,4,3,3,4,5,5,4,5,4,4,4,1,3,4,6,5,4,4,4,4,4,5,5,5,5,5,5,5,4,5,4,5,4,5,5,5,5,4,4,4,4,4,5,4,4,4,5,4,5,5,4,4,4,5,5,4,5,4,4,5,4,4,4,4,5,4,5,5,5,5,5,5,5,5,4,6,6,4,3,4,4,4,4,4,4,3,3,4,5,5,4,5,4,5,5,5,6,4,4,4,4,5,5,5,4,5,5,4,5,3,4,3,3,4,4,5,5,3,5,4,4,4,0,4,3,4,5,5,5,4,1,4,4,4,5,4,5,2,5,5,5,5,5,4,6,5,5,4,6,4,2,6,5,5,5,4,4,5,4,6,5,6,4,6,6,4,4,4,3,4,5,4,5,5,5,4,5,8.0,5,5,4,5,4,6,4,4,4,5,6,5,4,4,4,5,4,4,3,3,6,5,4,4,4,5,4,3,4,4,3,4,4,11.0,25.0,4,4,5,4,2,4,3,2,4,3,4,4,4,4,4.0,5,4,4,6,4,4,3,6,5,5,4,5,4,5,4,,,,4,5,2,4,4,4,4,4,0,1,4,5,5,4,5,6,5,4,5,7.0,4,3,10.0,4,4,5,4,3,4,5,5,4,,4,6,5,4,5,4,19.0,5,4,4,4,5,4,,4,5,5,5,4,5,5,5,6,3,4,,5,5,4,14.0,4,5,4,4,5,5,4,6,6,4,4,5,5,4,4,3,5,4,4,5,6,6,6,6,5,6,4,5.0,5,4,6,5,,4,5,5,6,6,4,5,5,5,11.0,5,,5,3,5,5,5,5,4,5,4,10.0,6,5,0,6,6,5,5,4,2,4,4,4,5,4,4,4,5,5,7,6,5,5,5,7,5,5,,5,5,5,6,6,5.0,4,5,6,5,5,5,,5,4,5,,5,5,4,,20.0,5,5,5,4,5,5,5,5,5,7.0,,32.0,5,8,5,5,4,5,,6,,,4,6,12.0,5,5,4,6,,4,13.0,6.0,6,6,,3,,6,5,5.0,,5,7.0,10.0,28.0,32.0,5.0,,6,,,5,11.0,6,5,4,5,5,10.0,6.0,5,6,,5,5,4,2,6,,,5,5,5,5,5,5,5,,7.0,5,5,,6,15.0,,5,5,,5,7.0,6,5,5,4,,7.0,5,7.0,21.0,6,5,5,11.0,5,6,6,,29.0,,5,0,5,4,,5,,,4,16.0,,5,,5,6,12.0,13.0,6,7.0,5,5,11.0,5,6,0,6,5,5,19.0,,5,28.0,7.0,,9.0,19.0,6.0,4,4,,,6,,5,5,,5,7.0,5,9.0,,,,,5,5,7.0,7.0,6,22.0,,5,,,,5,5,,19.0,,4.0,19.0,5,,,6,,,5,,21.0,,,32.0,,30.0,24.0,17.0,,5.0,5.0,5,6,28.0,,19.0,5,5,5,5,4,,5,5,15.0,5,13.0,4,5.0,5,6,,15.0,5,,4,,,,5,6,,6,,,17.0,,5,7.0,21.0,28.0,,5,,5,,,6.0,5,9.0,,5,,4,30.0,,4,5,,,,,6,28.0,,,10.0,,,5,21.0,31.0,,,5,12.0,,5,,5.0,5,,,6,23.0,,,,5.0,4,0.0,,5.0,4,,,,5,,,,,6,9.0,6,5,4,,17.0,,6,5,,,5,5,5,6.0,6,5,17.0,5,5,6,6,,6,6,6,4,6,17.0,7.0,5,7,,,17.0,,20.0,,,8.0,,5,,5,5,6,,5,5,6,5,6,10.0,,,,,4,27.0,,25.0,15.0,15.0,,,4,,,6,,5,,,5.0,5,5,,,19.0,,26.0,5,15.0,6.0,5,,,,,,,22.0,,,15.0,6,,,,11,7,2.055411703780424,-0.7772861000054342
6,5,5,0,5,5,5,2,5,5,5,4,4,5,5,5,5,5,5,3,5,4,6,5,6,6,6,5,4,5,5,5,6,6,6,5,5,6,6,6,6,5,4,6,2,5,4,5,5,6,6,5,6,5,5,5,5,5,4,5,5,5,4,4,5,5,6,6,5,5,6,6,7,6,5,6,6,5,5,5,5,4,4,4,5,6,4,4,5,5,6,6,5,5,6,5,5,6,6,5,5,0,6,5,6,4,5,4,6,11.0,7,7,6,5,4,4,4,6,5,6,6,3,6,5,5,5,6,5,4,3,5,5,5,4,6,6,6,4,5,5,6,4,4,5,5,5,5,5,6,6,6,5,5,5,5,5,6,6,5,5,4,4,5,5,5,5,2,5,5,5,5,5,4,5,5,6,6,5,6,5,4,5,6,4,4,6,5,5,5,5,5,5,5,6,5,6,5,6,6,5,6,5,8,5,5,6,5,5,5,5,4,4,4,5,5,5,6,6,4,6,5,5,5,5,6,6,5,6,6,5,5,0,4,5,5,6,5,6,6,6,6,6,5,5,6,5,6,0,6,3,6,6,5,5,5,5,4,6,5,6,6,5,6,5,5,5,5,5,5,5,5,5,5,6,6,5,6,6,5,6,4,5,4,4,5,5,5,6,5,7,5,5,5,5,6,5,5,6,5,6,5,5,6,4,5,6,5,6,5,6,5,6,5,6,5,6,5,6,5,6,5,6,6,6,5,6,5,5,6,5,7,6,5,4,6,6,6,5,5,6,5,6,5,5,7,6,5,6,6.0,6,6,5,6,5,6,3,5,5,5,5,5,5,0,5,6,4,5,5,5,6,6,4,5,5,5,5,6,5,6,6,6,6,17.0,8.0,6,6,7,6,6,6,6,6,6,5,6,5,6,6,,6,5,5,7,5,5,4,5,4,5,5,6,5,5,5,7.0,,9.0,5,5,5,4,5,0,5,4,5,3,5,6,6,4,5,7,6,4,5,25.0,6,5,13.0,5,4,6,6,5,5,6,6,6,,5,6,5,5,6,6,6.0,5,5,5,5,6,5,,5,6,5,5,6,6,6,6,7,4,5,9.0,7,7,5,,5,5,6,5,6,6,5,6,6,5,5,6,5,4,5,5,5,6,5,5,6,6,5,6,5,6,4,18.0,5,5,5,6,25.0,4,7,5,6,6,4,6,5,6,,6,,5,5,6,6,5,6,5,6,4,,7,6,4,7,7,6,5,6,5,5,6,1,6,5,5,5,5,5,8,7,3,6,0,5,6,5,,5,6,5,6,0,21.0,5,4,5,5,5,5,,6,5,5,,6,5,6,,,6,5,6,6,5,6,6,6,6,9.0,,24.0,6,9,6,6,5,5,,6,,,5,6,,6,5,5,7,10.0,5,19.0,7.0,7,6,,6,,7,6,,,5,13.0,,11.0,,,,6,,7.0,6,17.0,6,5,5,6,6,14.0,24.0,5,6,,6,7,5,5,6,,,4,6,6,6,5,5,5,,20.0,6,5,,5,9.0,8.0,6,6,,6,,6,6,6,7,,9.0,6,,,7,5,7,9.0,6,6,2,,14.0,,6,7,3,6,9.0,6,9.0,,5,,,6,8.0,7,5,12.0,18.0,7,8.0,6,5,23.0,6,6,6,6,6,7,,,6,7.0,22.0,14.0,14.0,,13.0,5,5,11.0,,6,,6,5,,6,14.0,6,7.0,,,,,6,5,16.0,,6,24.0,,6,,,,6,6,6.0,0.0,,,11.0,6,,7.0,7,,,6,,12.0,,19.0,,,13.0,,17.0,,,,6,6,23.0,14.0,24.0,5,6,6,5,6,11.0,6,6,15.0,6,,3,,6,5,,16.0,6,,5,,,,6,6,,7,,,8.0,,6,0.0,18.0,24.0,10.0,6,,6,23.0,,11.0,7,13.0,,6,12.0,4,,,5,6,,,,,6,13.0,22.0,7.0,12.0,,,6,12.0,16.0,,,6,,,5,,9.0,7,,,6,10.0,,8.0,,20.0,6,,,,5,,24.0,,6,,,,,7,25.0,7,6,5,,,9.0,5,6,,,6,6,7,14.0,6,6,13.0,5,6,6,7,,7,6,6,5,6,14.0,23.0,6,7,,7.0,20.0,,24.0,,,8.0,,7,,6,4,6,,7,6,7,5,6,,,,,,5,16.0,,,17.0,,13.0,6.0,5,6.0,,7,,6,12.0,6.0,12.0,6,6,,11.0,,,,6,,17.0,6,17.0,,,,,,13.0,,,7.0,7,,,,12,7,1.879810070234446,-0.8008877833490796
5,5,4,5,4,4,4,6,6,6,5,5,5,4,5,5,5,5,5,5,5,5,6,5,6,6,6,5,5,5,5,5,6,6,5,5,5,6,6,6,6,5,5,6,5,5,5,5,5,6,6,5,5,5,5,5,5,5,4,5,4,5,4,4,5,4,6,7,5,5,6,6,7,6,5,6,6,5,5,5,5,5,4,5,5,6,5,4,4,5,6,6,6,5,5,5,5,6,6,5,5,6,6,5,5,4,4,4,5,,6,7,6,5,4,4,5,5,5,6,5,4,5,5,6,6,5,5,3,4,5,4,5,4,6,5,6,4,5,5,5,5,4,5,6,5,6,5,5,5,4,6,5,5,5,2,5,4,5,5,3,5,5,5,5,5,4,5,4,5,5,5,4,5,4,6,5,5,5,2,4,4,5,4,5,6,5,4,5,5,5,5,6,5,5,5,6,5,5,5,5,5,6,5,5,6,5,5,5,4,5,4,5,6,4,4,5,6,5,5,6,5,5,5,6,6,5,6,5,6,5,3,4,5,5,6,5,5,6,6,6,6,5,5,5,5,7,7,6,4,5,6,4,5,3,5,5,5,5,6,6,5,3,5,6,6,6,7,6,5,4,5,5,3,6,5,6,5,4,0,4,3,5,4,5,0,5,6,5,6,4,5,5,6,5,4,5,6,6,5,5,1,5,4,5,2,5,6,5,6,5,6,5,6,5,7,5,6,5,6,5,0,6,5,6,5,5,5,6,5,7,6,7,4,6,6,6,5,5,6,4,6,4,5,6,5,5,5,6.0,5,6,5,5,5,7,5,5,5,6,7,6,5,5,5,6,5,5,5,5,6,6,5,5,5,7,5,5,1,4,2,5,5,6.0,6.0,5,5,3,5,5,4,5,5,5,4,5,5,5,5,10.0,6,5,5,6,6,5,5,6,6,5,5,6,2,5,3,27.0,21.0,12.0,5,5,5,4,5,5,5,5,5,5,5,6,5,5,5,6,6,4,6,,6,5,,5,5,6,6,6,5,6,6,6,,5,7,6,5,6,5,11.0,5,4,5,5,6,5,,5,6,6,5,5,5,6,6,7,5,5,20.0,6,6,5,,5,5,5,5,5,6,4,7,7,5,5,6,5,2,5,5,6,6,5,6,7,7,7,7,6,7,5,21.0,6,5,6,5,19.0,5,6,5,6,6,5,6,5,6,,6,,6,5,6,6,6,7,5,6,4,19.0,7,6,5,8,6,6,5,6,5,5,6,4,6,5,6,5,6,5,8,7,6,6,4,7,6,5,,0,6,5,7,7,,5,6,7,5,5,6,,6,5,6,,6,5,6,,,0,5,6,6,5,6,6,6,5,,,13.0,5,9,6,5,5,6,,0,12.0,,5,6,23.0,6,5,5,6,,5,,7.0,7,6,16.0,5,,6,6,17.0,,5,7.0,28.0,30.0,15.0,,,6,,,6,7.0,6,5,5,6,6,21.0,8.0,6,7,,0,6,5,5,6,,,5,6,6,6,5,6,5,,22.0,6,6,,7,,10.0,6,5,,5,,6,5,6,7,,17.0,6,10.0,13.0,7,6,6,6.0,5,6,6,,,,6,6,6,6,,6,,,5,11.0,,6,6.0,6,7,,7.0,7,13.0,6,5,,6,7,4,7,6,7,,,5,,,20.0,15.0,28.0,8.0,5,5,,,6,13.0,6,6,,6,,6,,18.0,,,,6,6,,18.0,6,21.0,,6,,,,6,6,,9.0,,,16.0,6,,27.0,7,,,6,,11.0,,,14.0,,30.0,6.0,8.0,13.0,,5.0,6,7,19.0,14.0,25.0,5,5,6,5,5,14.0,6,6,27.0,6,0.0,3,14.0,6,7,,15.0,5,,5,16.0,,,5,7,,7,14.0,,19.0,15.0,5,22.0,22.0,,,5,,6,15.0,,23.0,6,6.0,,5,22.0,5,,,5,6,,,,,6,10.0,5.0,,22.0,14.0,,6,15.0,14.0,,,6,,,5,,,7,,,6,10.0,,26.0,,16.0,0,,,27.0,5,,,,4,,,10.0,,7,16.0,4,6,5,,10.0,17.0,6,6,,,6,6,7,15.0,6,6,,6,6,6,6,,7,6,6,5,6,22.0,,5,7,,,,,10.0,,,7.0,,3,,5,5,7,19.0,6,6,7,6,7,,,,,,5,30.0,,10.0,22.0,14.0,,12.0,5,25.0,,7,,6,18.0,0.0,7.0,6,6,,,,,,6,10.0,,5,19.0,,,,,,29.0,,,13.0,6,,,,13,7,2.0317913185245593,-0.7605278657088496
5,5,4,5,4,4,4,5,5,6,5,3,5,4,5,5,4,4,5,4,5,4,5,4,4,5,5,5,3,4,4,4,5,0,5,4,4,5,2,5,5,4,4,6,4,5,4,4,4,6,5,5,6,5,0,5,5,5,4,5,5,5,4,3,4,5,5,5,5,5,5,5,6,6,5,5,5,5,5,5,4,4,4,4,4,5,3,4,5,4,5,5,5,4,5,5,2,6,5,5,5,5,5,5,6,4,4,2,5,13.0,6,6,6,1,4,3,4,4,5,5,6,4,6,4,5,5,5,5,4,0,5,4,5,4,5,5,5,4,5,5,5,5,4,5,5,4,5,3,0,5,5,5,4,5,5,4,6,5,5,5,3,5,3,5,5,4,4,5,4,3,4,5,4,4,5,6,5,5,5,5,4,5,6,3,4,6,5,5,5,5,5,5,6,5,5,5,5,5,5,5,6,5,7,5,5,5,5,5,5,4,4,4,4,6,5,4,5,5,5,6,5,5,5,5,6,5,5,5,5,5,5,5,5,4,5,5,4,5,5,6,5,6,5,5,5,4,6,6,5,4,5,4,4,5,4,5,4,5,5,5,6,4,5,4,6,6,6,6,5,3,4,5,5,5,5,5,6,6,2,5,4,5,4,4,5,4,5,5,5,6,5,5,5,6,5,5,5,6,5,5,4,4,5,4,5,5,5,6,4,5,5,5,5,6,5,6,5,6,4,4,5,5,6,5,6,5,4,5,5,4,6,5,6,4,6,6,5,5,4,4,4,6,5,5,6,4,5,5,11.0,5,5,4,5,5,6,4,5,4,6,6,5,4,4,4,5,3,4,3,5,6,5,4,0,5,6,4,5,4,6,5,6,6,29.0,25.0,6,6,6,6,6,5,6,6,6,5,6,5,6,6,,5,5,4,6,5,4,4,6,6,5,5,5,4,5,5,11.0,16.0,,4,5,4,4,5,5,5,4,5,5,4,6,0,4,5,6,5,4,6,,5,3,,4,5,5,5,5,5,5,6,5,,4,6,6,5,5,3,12.0,5,5,5,0,6,5,,5,6,5,5,5,5,4,5,7,4,4,,6,6,5,6.0,5,5,5,5,5,5,4,7,6,5,4,6,5,4,4,4,6,5,5,6,6,6,6,7,5,6,5,23.0,5,5,6,5,12.0,4,6,5,6,6,3,6,5,5,,6,,5,5,5,6,5,7,4,5,4,29.0,6,6,5,7,6,6,5,5,2,5,5,4,5,5,5,5,5,5,7,6,6,6,5,7,6,5,,5,5,5,7,6,,4,5,6,5,4,4,,6,5,5,,6,5,5,,,6,5,6,5,5,4,5,6,5,8.0,,6.0,0,8,6,6,5,5,,6,,,5,6,26.0,6,0,4,6,8.0,4,27.0,8.0,6,6,17.0,5,,6,6,,,5,22.0,20.0,11.0,,15.0,,6,,15.0,5,,6,5,5,6,5,18.0,6.0,5,7,,5,6,5,5,6,,,5,5,5,5,5,5,5,0.0,20.0,5,6,,6,24.0,23.0,6,5,,5,11.0,6,5,5,7,,11.0,5,,,6,5,6,18.0,5,6,6,,14.0,,6,6,6,6,9.0,6,,,5,,,6,25.0,6,6,8.0,,6,13.0,5,5,,6,7,5,6,5,7,4.0,,5,9.0,25.0,,24.0,28.0,21.0,5,5,5.0,,6,,5,6,,5,,6,18.0,28.0,,,,6,6,,,5,18.0,,5,,,,6,6,21.0,23.0,,27.0,,6,,,7,,,6,,,,12.0,24.0,,12.0,11.0,,,,5.0,5,7,14.0,,5.0,5,5,6,5,5,9.0,6,5,7.0,5,22.0,4,,5,6,,7.0,5,,5,23.0,,,5,6,,7,16.0,,22.0,,5,11.0,15.0,,12.0,5,,5,5.0,13.0,7.0,6,23.0,,6,,5,20.0,,4,5,,,,,6,,,13.0,12.0,14.0,,6,21.0,18.0,,,5,11.0,,5,,,6,,,6,24.0,,21.0,,,5,22.0,,,5,,,,5,,,12.0,,6,28.0,6,6,5,,17.0,,6,5,,,6,6,6,14.0,6,5,14.0,5,5,6,6,,7,6,6,4,6,,29.0,6,6,,29.0,,,,,,,,6,,5,5,7,12.0,6,6,7,6,7,24.0,,,,28.0,5,12.0,,10.0,,8.0,24.0,,5,28.0,,7,,5,22.0,7.0,28.0,5,5,,6.0,27.0,,,5,,,6,,,,,,,9.0,,,6.0,6,,,,14,7,2.0349783897879163,-0.7946840634815657
4,4,3,4,1,4,4,4,5,5,4,4,4,4,5,4,4,3,4,1,4,4,5,4,5,5,5,5,4,5,4,4,5,5,5,4,5,5,5,5,5,4,4,6,4,4,4,5,5,5,5,4,5,5,4,4,4,2,3,4,5,4,3,3,3,4,5,6,4,4,4,5,6,5,4,5,5,4,4,4,4,3,3,4,4,5,3,3,3,3,4,5,5,4,0,5,4,5,5,4,4,5,5,4,5,4,3,3,5,18.0,6,6,5,4,4,4,4,4,5,5,5,3,5,5,4,4,4,5,4,4,5,4,2,4,5,5,5,4,4,5,5,4,0,4,4,4,5,4,5,5,5,3,4,4,4,4,5,5,0,4,3,4,4,4,4,4,3,5,4,4,4,5,4,4,4,5,5,4,5,4,4,5,5,3,4,5,5,4,4,4,4,4,5,4,4,4,5,5,5,5,5,4,6,4,5,5,4,5,4,4,3,2,3,5,4,2,5,4,4,5,5,4,4,4,5,2,4,5,5,5,4,5,5,2,4,5,4,4,4,5,4,3,4,3,4,4,6,5,4,3,4,5,3,4,4,4,4,5,4,5,5,4,5,4,3,4,5,0,4,4,5,3,5,5,5,4,5,5,4,5,4,4,3,3,5,4,4,5,4,6,4,5,5,5,5,4,4,5,5,5,4,4,4,3,0,4,4,5,4,4,4,0,4,5,4,5,4,5,4,5,5,5,5,5,5,5,4,4,5,4,6,5,5,4,6,5,5,5,4,5,4,5,5,5,6,5,5,5,19.0,5,5,4,5,4,6,4,4,4,5,5,5,5,4,4,5,4,3,4,4,5,5,4,4,4,5,4,5,3,5,5,5,5,,,5,5,6,5,4,5,5,6,5,4,5,4,6,5,9.0,5,4,4,6,5,4,3,5,5,4,5,5,3,4,5,,,,4,5,4,4,5,4,5,3,5,4,4,5,5,4,3,6,5,2,5,28.0,5,4,7.0,4,4,5,5,5,4,5,5,4,,4,6,5,4,5,4,30.0,5,4,2,4,5,4,,4,5,5,4,5,5,5,5,6,4,4,19.0,6,5,4,11.0,4,4,5,5,5,5,4,6,6,4,4,5,4,4,1,4,5,5,4,5,5,6,5,6,5,6,4,19.0,5,4,5,5,20.0,4,6,5,5,5,4,5,4,5,7.0,5,,5,4,5,4,5,6,4,4,4,7.0,6,5,5,6,6,5,4,5,4,4,5,4,5,4,4,4,5,4,7,6,5,6,5,6,5,4,,5,5,4,6,6,10.0,5,5,5,4,5,5,8.0,6,5,4,,5,5,5,,13.0,5,4,5,5,4,5,5,5,5,24.0,,,5,8,5,5,4,5,,4,13.0,,5,5,,5,4,3,6,,4,7.0,22.0,5,5,29.0,5,,6,6,,,5,,30.0,29.0,10.0,25.0,,5,,,5,,5,4,4,5,5,25.0,4.0,5,6,,5,6,4,5,6,0.0,,4,4,5,5,4,4,5,,22.0,5,5,,5,7.0,,5,5,,5,,5,4,5,6,,21.0,4,,10.0,6,4,5,29.0,4,5,3,,24.0,,6,6,5,5,20.0,5,5.0,16.0,5,,,5,23.0,6,5,,6.0,5,5.0,5,4,16.0,5,6,4,6,5,6,,,4,,27.0,22.0,18.0,,20.0,4,4,15.0,,6,4.0,5,5,,4,8.0,5,13.0,5.0,,,,5,5,23.0,,5,,,5,,,,5,5,,13.0,,,,5,,26.0,6,,,5,,,,,,,4.0,7.0,24.0,9.0,5.0,28.0,5,6,30.0,,,4,5,5,4,5,13.0,5,5,,5,,4,12.0,5,5,,7.0,4,,4,9.0,,,4,5,0.0,6,0.0,,19.0,24.0,5,,,25.0,19.0,4,,5,13.0,9.0,,6,,,5,,3,,,2,5,,,,,5,29.0,,11.0,,,,5,,29.0,,,5,20.0,,4,,19.0,6,,6.0,4,6.0,,,,13.0,5,9.0,,11.0,4,,,,5,,,,,5,28.0,6,5,5,,5.0,14.0,5,5,,,5,5,6,11.0,5,5,,4,5,5,5,,6,5,5,4,6,27.0,,6,0,,,12.0,,29.0,,,17.0,,6,,5,4,6,10.0,6,5,7,5,6,8.0,,,,,4,22.0,,,,13.0,10.0,30.0,5,,,4,,5,14.0,12.0,,5,5,,6.0,12.0,,10.0,5,,17.0,5,24.0,,,,,,29.0,,,16.0,5,,,,15,7,2.0768118934544733,-0.7650038578220831
5,5,3,4,3,3,4,5,5,6,4,5,5,4,5,4,4,4,5,5,5,4,5,4,5,5,5,5,4,4,0,5,5,5,5,4,3,5,5,5,5,4,5,7,4,4,4,5,5,5,4,5,5,4,3,0,3,1,3,3,5,5,4,1,4,5,5,6,5,5,4,5,6,5,4,5,6,5,5,4,5,4,3,4,4,5,4,4,4,2,5,5,4,4,5,5,4,5,5,5,5,5,5,4,6,4,4,3,5,,6,6,6,5,4,4,3,5,5,6,5,3,6,5,5,5,4,5,4,4,5,4,4,4,5,5,5,4,2,5,0,5,4,5,5,4,5,5,6,5,5,5,4,4,4,5,6,5,4,5,2,5,4,4,4,4,4,5,4,4,4,5,4,4,4,5,5,5,6,5,4,5,6,4,4,6,5,5,5,5,0,5,5,4,4,4,5,5,5,5,5,5,7,5,5,5,4,5,4,4,4,3,4,6,5,4,4,0,5,5,5,4,5,5,5,5,3,5,5,5,5,5,4,4,4,5,4,5,4,5,5,5,5,4,5,5,6,6,5,4,5,5,3,5,4,4,4,6,5,5,5,5,6,4,6,6,6,6,5,2,5,4,4,4,5,5,6,6,5,5,4,4,4,4,5,3,4,4,5,6,3,5,5,6,5,5,5,6,5,5,3,4,4,3,4,4,5,5,5,5,4,5,5,6,5,6,5,5,5,5,5,5,5,5,6,5,5,5,5,4,6,5,6,4,5,5,5,5,4,5,4,6,5,5,6,5,5,6,18.0,6,6,5,5,5,6,4,4,5,6,6,5,5,4,5,6,4,4,4,5,5,5,4,5,5,6,5,5,5,6,5,5,6,21.0,6.0,6,6,6,6,6,5,5,6,6,5,6,5,6,5,18.0,5,5,4,7,5,4,4,6,6,4,4,5,4,3,5,9.0,,,5,5,2,4,5,5,5,4,5,4,5,3,5,5,5,6,5,4,6,,5,4,9.0,3,5,5,5,5,5,4,3,4,,3,6,6,5,6,5,24.0,4,4,5,5,5,4,,5,6,5,5,0,5,5,5,6,4,4,27.0,6,6,5,19.0,4,4,5,5,5,5,4,7,7,4,4,6,5,4,4,4,6,5,5,6,6,6,6,7,5,7,5,12.0,5,5,6,5,18.0,4,6,5,5,5,4,6,3,6,13.0,5,,6,4,5,6,6,7,4,4,4,,6,5,5,7,6,6,5,0,5,5,5,3,5,5,5,5,5,3,7,6,6,6,5,7,6,5,,5,5,5,6,6,21.0,5,5,6,4,5,6,,6,5,5,,5,5,5,,9.0,6,4,5,5,5,5,5,5,5,9.0,,8.0,5,8,5,5,3,6,,5,,,5,6,,5,5,4,6,27.0,5,9.0,31.0,6,5,7.0,6,,6,6,,,5,20.0,,,,,,5,,,5,16.0,6,5,5,5,5,18.0,,5,5,,5,6,5,4,6,,,5,5,6,6,4,5,5,,19.0,5,6,,6,24.0,,6,6,,6,19.0,4,4,6,7,,22.0,5,30.0,10.0,6,5,6,11.0,4,6,6,,11.0,,6,6,6,6,26.0,6,25.0,14.0,5,14.0,,6,7.0,6,6,,29.0,6,9.0,6,5,17.0,5,5,5,6,6,6,6.0,,2,28.0,18.0,,22.0,,11.0,5,5,17.0,,5,19.0,6,6,,5,,6,15.0,7.0,,,,6,6,24.0,12.0,6,11.0,,5,,,,6,5,31.0,6.0,,19.0,,6,,31.0,7,,,6,,29.0,,,,,,16.0,15.0,,10.0,20.0,0,7,29.0,17.0,4.0,3,5,6,4,5,7.0,5,5,20.0,5,,4,,5,6,,29.0,4,,4,20.0,,,4,6,,7,,,26.0,,4,22.0,30.0,,7.0,4,,5,0.0,30.0,,6,,,5,9.0,5,21.0,,4,5,,,,,5,,,,,,,6,13.0,,,,5,28.0,,4,,8.0,6,,7.0,5,14.0,,31.0,,18.0,5,19.0,,,4,,,,5,,,9.0,,6,11.0,6,6,5,,,20.0,6,5,,,5,5,6,,5,6,,0,6,6,6,,6,5,5,4,5,7.0,7.0,5,7,,12.0,6.0,,16.0,,,,,6,,4,5,7,18.0,6,6,6,6,7,15.0,,,,19.0,5,,,18.0,,31.0,15.0,21.0,3,20.0,,6,,6,,,,6,6,,5.0,,,28.0,5,13.0,23.0,4,,,,,,,8.0,,,,5,,,,16,7,2.0729859760466782,-0.7634217132511467
9,9,7,8,7,3,5,9,9,10,8,8,9,8,9,8,8,9,9,9,8,7,9,8,9,9,9,8,8,6,8,9,9,9,9,8,8,9,9,9,9,8,8,11,8,9,8,9,9,10,10,8,10,9,8,8,8,8,8,8,8,9,8,8,7,9,9,9,8,9,9,0,10,9,8,9,9,9,9,8,8,8,8,8,9,9,8,8,9,8,9,9,9,8,9,9,7,9,9,9,9,9,8,9,10,8,8,8,9,,10,10,10,8,8,8,8,9,9,10,9,7,10,8,8,9,8,9,7,8,9,8,8,7,9,8,8,8,8,9,7,9,8,8,10,8,9,9,10,10,9,9,8,9,9,9,10,9,9,9,7,9,8,9,9,8,8,9,8,2,8,9,8,8,8,9,9,6,10,9,9,9,10,7,8,10,9,9,9,9,9,9,0,8,5,8,8,9,9,9,9,6,11,9,9,9,9,9,8,8,8,7,8,10,9,8,9,9,8,9,9,9,9,9,10,9,9,9,9,9,9,9,8,9,8,9,9,9,9,10,9,10,9,9,9,8,10,10,10,8,10,8,8,9,9,8,8,10,9,9,9,8,10,8,10,10,10,10,9,8,9,8,9,9,9,9,10,10,8,9,8,8,8,8,9,8,8,9,9,10,8,9,9,10,10,9,9,10,9,10,7,8,9,8,9,8,8,9,4,9,9,9,9,10,9,10,9,10,8,10,9,9,9,8,10,9,8,9,10,8,10,9,10,8,10,9,0,6,8,8,8,10,9,9,10,10,9,10,,10,10,9,10,9,10,8,9,9,9,10,9,9,8,9,10,8,9,8,9,9,9,8,9,9,10,6,9,9,10,9,10,10,24.0,,10,10,10,10,10,9,9,10,10,9,10,9,10,10,14.0,9,8,9,11,10,9,6,9,10,8,8,9,7,8,9,11.0,16.0,12.0,7,9,8,8,9,9,9,8,9,9,9,9,9,8,9,10,9,8,10,23.0,8,7,,9,9,9,8,9,9,9,9,9,,8,10,10,9,10,8,9.0,9,9,9,9,10,9,,8,10,9,9,9,9,9,9,10,8,9,10.0,10,10,9,,8,8,9,9,9,9,8,11,10,8,9,10,9,9,8,8,9,9,9,10,10,10,10,11,9,9,8,11.0,9,9,10,9,17.0,9,10,9,5,9,9,10,8,10,,10,,10,9,9,10,9,10,7,9,8,26.0,10,10,9,11,11,10,9,9,9,9,9,9,9,8,9,9,9,9,11,10,10,10,9,11,10,9,,9,9,9,11,10,23.0,9,9,10,9,9,10,23.0,10,9,9,,10,9,9,,14.0,10,9,9,9,9,9,9,9,9,30.0,,17.0,9,12,9,10,9,9,,10,0.0,,9,10,,9,9,9,10,,9,25.0,19.0,10,9,18.0,10,,10,10,17.0,,9,17.0,10.0,26.0,12.0,,,9,,14.0,9,11.0,10,9,9,10,9,,22.0,9,11,,9,10,9,9,11,,,9,9,9,10,9,9,9,,10.0,9,9,,10,31.0,18.0,10,9,,9,,9,9,0,11,,31.0,9,,11.0,10,9,10,15.0,9,0,10,,27.0,,10,10,10,9,,10,,22.0,8,15.0,,10,9.0,10,10,,25.0,10,11.0,9,9,10.0,9,11,9,10,0,11,9.0,,9,27.0,,12.0,,,11.0,9,9,28.0,,0,,9,10,,8,14.0,10,12.0,,,,,10,10,26.0,20.0,10,,,9,,,,10,9,11.0,33.0,,,,10,,25.0,11,,,10,,,,13.0,16.0,,16.0,17.0,12.0,18.0,,31.0,9,11,23.0,14.0,9.0,9,10,10,9,9,,9,9,10.0,9,13.0,8,15.0,9,10,,27.0,9,,5,14.0,,,9,10,,11,,,,25.0,9,14.0,21.0,,13.0,9,0.0,9,16.0,17.0,34.0,10,,,9,,9,,,8,5,,,,,9,,19.0,24.0,,32.0,,10,,,,,9,9.0,,9,,16.0,8,,,10,12.0,,9.0,0.0,28.0,9,,,,8,,,,8,,,21.0,,10,30.0,11,9,10,,10.0,,10,9,,,9,9,9,,9,10,32.0,9,9,10,10,,10,10,10,9,10,,,10,11,,22.0,,,33.0,,,,,10,,9,9,11,9.0,9,10,11,10,11,20.0,,,,,9,,,16.0,,28.0,28.0,10.0,8,,,10,,9,20.0,,10.0,10,9,,,,,20.0,9,,29.0,9,34.0,,,,,,,,,19.0,10,,,,17,7,2.088364654138341,-0.7552216403067396
4,4,4,4,4,3,4,5,5,5,4,4,5,4,3,4,4,2,4,4,4,4,5,4,5,5,5,5,4,5,4,4,5,5,5,4,4,5,0,5,5,3,4,6,4,5,4,4,5,5,5,4,5,4,5,4,5,4,4,5,2,4,2,4,3,3,5,6,4,5,5,5,6,5,4,5,5,5,5,4,4,4,3,3,4,4,3,4,5,4,5,5,5,4,4,3,4,5,5,4,4,4,5,4,4,4,4,3,5,13.0,6,6,5,4,4,3,4,5,5,6,4,4,4,4,5,5,5,5,3,3,4,4,4,3,5,5,5,4,5,5,5,4,3,4,5,4,4,4,5,5,4,5,4,4,4,4,4,4,5,4,3,5,4,4,5,4,4,4,4,4,4,4,4,4,4,5,0,4,5,4,4,4,4,3,4,5,3,4,5,4,5,4,5,5,5,5,4,4,0,4,4,4,7,4,2,4,2,4,4,4,4,3,4,5,4,4,5,5,3,4,5,4,4,4,5,5,4,5,4,5,4,4,1,4,4,5,4,5,5,5,0,5,4,4,5,4,6,6,5,4,5,5,2,4,4,4,4,4,4,5,5,4,4,4,5,5,5,6,5,3,5,4,4,5,5,4,5,5,4,5,3,4,4,3,4,4,4,5,4,6,3,2,4,5,4,1,4,3,5,5,4,4,4,4,5,0,4,5,4,0,4,5,4,5,4,6,5,5,4,5,4,4,5,5,5,5,5,5,5,4,5,5,6,0,6,6,5,5,4,5,4,5,4,5,5,5,4,5,,5,5,4,5,4,6,4,4,4,5,5,5,4,4,4,5,4,4,4,2,6,5,4,4,4,6,4,4,3,4,4,2,4,0.0,12.0,5,4,5,4,4,4,4,5,4,3,4,4,5,4,25.0,5,4,4,6,5,4,4,6,5,5,5,5,4,4,4,11.0,,,4,5,4,4,4,4,4,4,5,4,4,5,4,4,5,6,5,3,6,,5,4,,4,4,5,5,5,4,5,5,5,,0,5,5,4,5,5,25.0,5,4,4,4,5,5,,4,5,5,4,5,5,5,5,6,4,4,8.0,6,6,4,,4,4,4,4,4,5,4,6,6,4,4,5,4,3,4,4,5,5,4,5,6,6,6,6,5,5,4,,5,5,5,5,,4,6,4,6,6,4,5,5,5,,5,,5,4,5,5,5,6,4,5,4,,6,5,5,7,6,6,5,5,4,4,5,4,5,4,5,5,5,5,7,6,5,5,4,6,5,5,,4,5,5,6,0,16.0,4,5,6,5,4,5,25.0,5,4,5,,5,4,5,,,5,5,5,5,5,5,5,5,4,,,14.0,5,8,5,5,4,5,,5,22.0,,5,5,,5,4,4,6,10.0,1,26.0,,6,6,,5,,6,5,,,5,,,,,16.0,,5,,8.0,5,,5,5,5,5,5,,12.0,5,6,,5,6,4,5,5,,,5,5,5,5,5,5,5,,25.0,5,5,,6,,18.0,6,5,,5,9.0,5,5,5,6,,9.0,5,,20.0,6,5,5,7.0,5,6,6,,,,2,6,5,5,23.0,5,17.0,27.0,4,18.0,,5,,5,6,13.0,24.0,6,,5,5,,5,6,4,6,5,6,12.0,,5,27.0,20.0,22.0,16.0,24.0,11.0,4,4,7.0,,5,,5,4,,5,25.0,5,24.0,9.0,,,,5,5,15.0,22.0,5,,,5,,,,4,5,,14.0,,16.0,4.0,5,,6.0,6,,,4,,,,13.0,9.0,,18.0,19.0,19.0,,14.0,9.0,5,6,21.0,,28.0,5,5,6,4,5,14.0,5,5,,5,,3,,5,6,,,5,,4,15.0,,,5,6,,6,11.0,,25.0,20.0,5,7.0,7.0,25.0,,5,,5,25.0,20.0,9.0,5,,,5,14.0,4,7.0,,4,5,,,,,6,21.0,24.0,16.0,6.0,5.0,,5,9.0,22.0,,,5,23.0,,5,,16.0,6,,,5,,,22.0,,15.0,5,28.0,,11.0,5,,9.0,,5,,,,,6,7.0,5,5,5,,18.0,27.0,6,5,,,5,4,6,25.0,6,5,,5,5,5,6,,6,5,5,4,6,,,4,6,,10.0,7.0,,8.0,,,15.0,,5,,5,5,6,,6,5,5,5,6,18.0,,,,,4,18.0,,,25.0,13.0,17.0,16.0,5,,,6,,5,20.0,,10.0,6,5,,,7.0,,18.0,5,9.0,9.0,5,18.0,,,,,,23.0,,,,6,,,,18,7,2.1152345809172393,-0.8114716230304789
5,5,4,4,4,4,5,5,5,6,4,5,4,3,5,4,2,4,4,4,4,4,5,0,5,5,5,4,4,4,4,4,3,5,5,4,4,5,5,5,4,4,4,6,4,4,4,4,5,5,5,4,5,5,5,5,5,5,4,5,5,5,3,4,4,4,5,6,4,4,5,5,6,5,4,5,5,4,4,4,4,4,3,3,4,5,1,3,4,3,4,5,5,4,5,5,4,5,5,5,4,5,5,5,5,3,4,3,5,25.0,6,6,5,2,4,3,4,5,5,5,5,3,5,5,5,5,5,4,2,4,5,4,4,4,5,5,5,4,5,5,5,4,3,4,5,4,5,4,5,5,5,4,4,0,4,4,5,5,4,4,3,5,4,4,4,4,4,5,4,4,4,4,4,4,4,5,5,5,5,4,4,5,5,3,4,6,5,4,4,4,4,4,5,5,5,5,4,5,5,4,5,4,7,4,5,5,4,5,5,4,4,4,4,5,4,4,5,5,4,5,5,4,4,4,5,5,4,5,5,5,4,5,4,4,4,5,4,5,0,5,5,5,4,4,5,4,6,6,5,4,5,5,4,4,4,4,4,5,4,5,5,4,5,4,5,6,5,6,5,4,5,4,5,5,5,5,6,5,4,5,2,4,3,4,5,2,5,5,5,6,4,5,5,5,5,4,4,6,5,5,4,4,0,4,4,4,4,5,4,5,4,5,5,5,5,6,5,5,4,5,5,5,5,5,5,5,4,4,5,4,6,5,6,3,6,6,5,4,4,5,4,6,4,5,6,5,5,5,16.0,5,6,5,5,4,6,4,4,4,5,6,5,4,4,4,5,4,2,4,5,5,5,4,4,4,6,4,5,4,5,5,5,5,,12.0,5,5,6,5,5,5,5,5,6,4,5,4,6,5,13.0,5,5,4,6,5,4,4,6,5,5,5,5,4,3,5,25.0,29.0,20.0,4,4,4,4,4,4,4,3,5,4,3,5,5,4,5,5,4,4,6,13.0,5,4,10.0,5,4,5,4,5,4,5,5,0,,4,5,5,4,5,5,6.0,5,4,5,5,5,5,,4,5,5,5,5,5,5,5,6,4,4,,6,5,4,,4,5,5,4,4,5,4,6,6,4,5,5,4,4,3,4,5,5,5,5,6,6,6,6,5,5,4,,4,4,5,5,23.0,5,6,5,6,6,4,5,4,6,13.0,5,,5,4,5,5,5,6,4,5,3,12.0,6,5,5,7,6,6,5,5,4,4,5,4,5,5,5,5,5,4,7,6,6,6,5,6,5,5,,5,5,5,6,6,23.0,5,5,6,5,5,5,6.0,6,4,5,,5,5,0,,,5,5,5,5,4,5,5,5,5,,,,5,7,5,5,4,5,,5,17.0,,5,6,11.0,5,5,4,6,,4,,20.0,6,6,23.0,5,,6,6,22.0,,5,23.0,,10.0,6.0,10.0,,5,,5.0,5,9.0,5,5,5,5,5,0.0,,5,6,,5,6,4,5,6,,,5,5,5,5,5,5,4,,22.0,5,5,,6,6.0,9.0,5,5,,5,16.0,5,5,5,7,,,5,27.0,20.0,6,5,6,25.0,5,6,6,,27.0,,6,6,5,5,10.0,5,,27.0,5,,,5,,6,6,10.0,30.0,6,,5,5,26.0,5,6,5,6,6,6,,,5,,6.0,,,,,4,4,25.0,,6,10.0,5,5,,5,,5,12.0,,,,,6,5,,,6,,,5,,,,5,5,25.0,,,14.0,17.0,5,,31.0,6,0.0,,5,,6.0,,,14.0,,24.0,9.0,10.0,7.0,11.0,,5,6,26.0,8.0,5.0,4,5,5,4,5,13.0,5,5,,4,,3,10.0,5,6,,,5,,5,5.0,,,5,6,,6,9.0,,6.0,11.0,5,27.0,24.0,,,5,,5,20.0,6.0,14.0,6,23.0,,4,,4,,,4,5,,,,,6,33.0,27.0,26.0,26.0,,,6,7.0,23.0,,,4,24.0,,5,,7.0,5,,,5,11.0,,12.0,,,5,14.0,,15.0,5,,17.0,,5,,,,,6,6.0,6,5,0,,31.0,24.0,6,5,,,5,5,5,29.0,0,6,,5,5,5,5,,6,3,5,4,6,14.0,8.0,5,6,,,29.0,,,,,10.0,,6,,5,4,7,18.0,6,5,6,5,7,,,,,,4,19.0,,7.0,20.0,,,26.0,5,,,6,,5,,30.0,,6,5,,9.0,20.0,,,5,23.0,27.0,5,,,,,,,13.0,,,,6,,,,19,7,2.1135988444077562,-0.8017640426967354
9,8,8,8,8,7,7,8,9,9,7,8,8,7,0,8,8,8,8,8,8,7,9,8,8,7,9,8,7,8,8,8,8,9,9,8,8,9,8,8,8,8,8,10,8,8,7,8,8,8,9,7,9,8,8,8,8,8,8,8,8,8,7,7,7,7,8,9,8,8,9,9,10,9,8,9,9,8,8,8,8,7,7,7,8,9,7,7,8,8,8,8,8,7,8,8,6,9,8,8,8,9,9,8,9,7,7,7,8,0.0,9,9,9,8,7,8,7,8,8,9,9,7,9,8,8,8,8,8,7,6,7,8,8,2,8,8,7,7,8,8,8,8,7,0,9,8,8,8,9,9,9,8,8,8,8,8,9,8,8,8,5,8,8,8,8,7,7,8,7,7,8,8,7,8,8,9,8,8,9,8,8,8,9,7,7,9,8,8,8,8,8,8,9,9,7,8,8,8,8,8,9,8,10,8,8,8,7,8,8,8,7,6,7,9,8,8,8,9,8,9,9,8,8,8,9,9,8,9,8,8,8,8,7,8,8,9,8,8,8,9,9,9,8,8,9,8,9,10,9,7,9,8,8,8,7,7,7,9,8,9,9,8,9,8,9,9,8,10,8,8,8,8,8,8,9,8,9,8,8,8,7,8,8,7,8,7,8,8,8,9,6,6,8,9,8,8,8,9,9,9,8,8,8,7,8,8,8,9,8,9,8,9,8,9,8,9,8,9,8,9,8,9,9,9,9,8,8,6,9,6,10,9,9,7,9,9,8,8,8,8,6,9,8,9,9,9,8,9,21.0,9,9,8,9,8,10,7,8,8,9,9,9,8,8,8,9,6,8,7,8,9,9,6,8,8,9,7,9,8,9,8,8,6,,10.0,9,9,9,9,9,8,9,9,9,8,9,8,9,9,32.0,8,8,8,10,8,8,5,9,9,8,8,8,8,8,8,,,13.0,8,8,7,7,8,8,8,7,8,8,8,9,9,7,8,10,9,7,9,33.0,7,8,13.0,8,8,9,8,9,8,9,9,8,,7,10,9,8,9,8,13.0,8,6,8,8,9,8,,7,9,9,8,8,9,9,9,10,7,8,23.0,9,9,8,11.0,8,8,7,8,4,9,7,10,10,8,8,9,8,7,7,7,9,8,8,9,9,8,10,10,9,10,8,,8,8,8,9,12.0,8,9,5,9,8,8,9,8,9,17.0,8,,9,8,8,9,9,10,7,9,7,21.0,9,8,8,10,9,9,8,8,8,8,8,8,8,7,8,8,8,8,10,9,9,9,6,10,9,9,,8,0,8,10,9,20.0,8,9,10,8,8,8,16.0,9,8,9,,9,8,8,,23.0,9,8,9,9,8,9,7,9,8,8.0,,23.0,9,11,9,8,8,9,,9,,,8,9,,0,8,8,9,23.0,8,11.0,13.0,9,9,26.0,9,,9,9,18.0,,9,,22.0,,28.0,,,9,,33.0,8,19.0,9,8,8,9,8,,27.0,8,10,,9,9,8,8,10,,,9,9,9,9,8,9,8,,29.0,8,9,,9,22.0,26.0,9,0,,9,,0,8,9,10,,,8,13.0,,9,8,10,,9,9,9,0.0,22.0,,9,9,9,9,27.0,9,11.0,10.0,8,15.0,,9,,9,9,9.0,9.0,9,,9,8,14.0,9,10,8,9,8,10,,,8,25.0,,20.0,16.0,14.0,10.0,8,8,11.0,,9,16.0,9,9,,8,19.0,9,,,,,,9,9,14.0,,9,13.0,,9,,,,9,9,20.0,,,,19.0,9,,27.0,8,,,9,,20.0,,29.0,30.0,,29.0,16.0,11.0,,,7.0,9,10,25.0,,24.0,8,9,9,8,8,24.0,9,9,32.0,9,,8,21.0,8,10,,22.0,9,,8,,,,9,9,,10,13.0,,,29.0,8,10.0,9.0,24.0,22.0,8,,8,,10.0,9.0,9,,,9,18.0,8,11.0,,8,9,,,,,9,,19.0,24.0,27.0,,,9,17.0,16.0,,,9,,,9,,11.0,9,,17.0,9,19.0,,,,,8,,,,8,,,,8,,,30.0,,10,12.0,9,9,9,,,33.0,9,8,,,9,8,9,14.0,9,9,27.0,9,9,9,9,,10,9,9,8,9,,21.0,2,10,,,,,21.0,,,0.0,,10,,9,8,10,16.0,9,9,9,9,10,,,,,,8,17.0,,9.0,,0.0,9.0,,8,21.0,,10,,9,22.0,30.0,9.0,9,9,,,,,19.0,9,,,9,18.0,,,,,,,,,25.0,10,,,,20,7,2.049934954468125,-0.7713296837208228
5,5,5,5,5,5,4,5,6,6,5,5,5,5,4,5,5,4,5,5,5,5,6,5,6,6,6,5,5,5,5,5,6,6,6,5,5,6,4,6,6,5,5,7,5,4,5,5,6,6,6,5,5,5,5,6,6,6,5,6,4,4,4,5,4,0,6,5,5,5,6,6,7,6,5,6,6,5,5,5,5,5,4,4,4,6,4,4,6,5,6,6,5,5,5,5,5,6,6,5,5,6,6,4,5,4,5,3,6,6.0,5,7,6,5,5,4,5,6,6,7,6,4,5,5,5,6,6,5,4,4,5,5,5,4,5,6,6,5,6,5,0,4,5,5,6,5,6,5,3,4,4,6,5,5,5,5,4,4,5,5,2,5,4,5,5,5,4,5,5,5,5,5,4,5,5,6,5,5,5,1,0,3,5,5,5,6,5,5,5,5,4,5,6,6,5,6,5,5,5,5,5,5,7,5,5,5,3,5,5,5,5,5,5,5,5,5,5,5,5,5,6,5,5,5,6,6,5,6,5,6,5,4,3,5,5,6,5,6,6,6,6,6,6,5,6,5,6,6,6,4,5,5,5,5,5,5,4,5,5,6,6,5,5,5,5,6,6,6,6,4,5,5,5,5,5,5,6,5,4,6,4,5,4,4,5,5,6,6,5,5,4,5,5,6,5,3,4,6,6,6,5,5,6,5,6,6,5,6,5,6,5,6,5,6,5,7,5,6,5,6,4,4,5,6,6,6,5,5,6,5,7,6,6,4,6,6,5,5,5,3,4,6,4,5,2,5,5,5,,5,6,5,5,5,7,5,5,5,6,6,6,5,4,5,6,5,5,5,5,7,6,5,5,5,6,5,5,4,3,5,4,0,,17.0,5,5,6,5,5,5,5,5,5,1,5,5,5,4,,5,6,3,6,5,5,5,6,6,6,5,6,5,5,5,17.0,,20.0,5,5,5,5,3,0,6,4,5,3,5,3,0,5,5,7,5,4,6,7.0,6,5,10.0,4,5,6,5,6,5,5,5,5,,4,7,6,5,6,6,,5,5,5,5,6,6,,5,6,5,5,5,6,6,5,7,3,5,,7,7,5,20.0,5,6,5,5,5,5,5,6,6,5,5,6,5,4,5,5,5,6,3,5,6,6,6,7,6,7,5,9.0,5,5,6,6,18.0,5,6,3,7,7,5,6,6,0,20.0,6,,5,4,6,6,5,7,5,6,4,25.0,6,6,5,8,6,6,0,5,5,5,6,3,6,5,5,5,6,5,7,6,6,6,5,7,6,6,,4,5,6,7,7,,5,6,7,6,5,6,9.0,5,5,6,,6,6,6,,,6,6,6,6,5,6,6,5,5,5.0,,,6,8,6,6,5,6,,7,,,5,6,,6,5,5,7,8.0,5,28.0,18.0,7,7,,5,,6,6,17.0,,6,,10.0,25.0,20.0,,,6,,,6,,6,5,5,6,5,15.0,,6,6,,6,7,5,6,6,,,6,6,6,4,5,6,6,,,6,6,,7,6.0,27.0,6,6,,5,28.0,7,6,5,7,,26.0,6,27.0,12.0,6,6,7,6.0,6,6,6,,6.0,,6,6,6,6,22.0,6,,6.0,5,6.0,,6,14.0,6,5,,,7,7.0,6,5,19.0,6,7,6,7,5,7,8.0,,6,10.0,,5.0,11.0,,11.0,5,5,15.0,,6,13.0,6,6,,6,,6,,,,,,6,6,,23.0,6,15.0,,6,,,,4,6,19.0,22.0,,11.0,21.0,6,,,7,,,6,,11.0,,,8.0,,10.0,,7.0,15.0,20.0,19.0,6,7,11.0,14.0,18.0,6,6,6,5,5,22.0,6,6,15.0,5,29.0,4,16.0,6,6,,17.0,6,,5,7.0,,,6,6,,7,,,7.0,17.0,5,11.0,29.0,,14.0,6,,6,29.0,6.0,,6,27.0,,6,9.0,5,11.0,,5,6,,,,,7,0.0,12.0,8.0,13.0,9.0,,6,,24.0,,,6,12.0,,6,,,6,,16.0,0,16.0,,9.0,,,6,27.0,,11.0,6,,,,6,,,9.0,,7,20.0,6,6,6,,11.0,,6,6,,,6,5,7,,7,6,,6,6,6,7,,5,6,6,5,6,,,5,7,,,25.0,,18.0,,,26.0,,5,,6,5,7,,7,6,6,6,7,,,,,,5,,,6.0,25.0,7.0,,,6,25.0,,7,,6,,27.0,10.0,7,6,,,14.0,,26.0,6,,13.0,6,6.0,,,,,,11.0,,,16.0,7,,,,21,7,2.0169457128361232,-0.7669040713286158
4,4,4,3,3,3,4,4,4,5,3,4,1,3,4,4,4,3,3,3,2,3,5,3,4,3,4,3,0,4,3,4,4,4,4,3,3,4,4,4,4,1,4,6,3,4,3,4,4,5,5,3,4,3,3,4,4,4,3,4,4,4,2,3,4,4,4,5,3,4,4,5,5,4,4,4,5,4,4,4,3,1,0,3,3,4,2,3,4,4,4,4,4,3,4,4,3,5,4,4,4,4,5,4,4,3,3,3,4,,5,5,5,4,3,3,3,0,4,5,5,2,4,4,4,4,4,4,3,3,4,3,3,3,4,0,4,3,4,4,4,3,3,3,4,3,4,4,4,4,4,4,3,3,4,4,4,4,4,4,2,4,4,3,4,3,3,4,3,3,3,4,3,3,4,5,5,4,5,3,3,4,4,3,3,5,4,3,4,3,4,3,5,5,4,4,4,4,4,4,4,3,6,3,4,4,4,4,4,3,3,2,3,4,4,3,4,4,4,4,4,4,3,3,5,4,3,4,4,4,3,4,4,4,4,4,3,4,4,5,5,5,4,4,4,4,5,5,5,2,4,4,3,4,3,3,2,5,4,4,5,4,4,3,4,5,5,5,4,3,4,4,4,4,4,4,5,4,1,4,3,4,3,2,4,3,4,4,4,5,3,4,4,0,4,4,3,5,4,5,4,3,4,3,4,4,3,4,4,4,4,4,4,5,3,4,4,4,3,5,4,4,5,4,5,4,4,4,5,3,5,4,5,3,5,5,4,4,3,4,1,5,2,4,5,4,4,4,4.0,4,4,3,4,4,5,3,3,4,4,5,4,4,3,3,4,3,3,3,4,5,4,3,4,4,5,3,4,3,4,4,4,4,14.0,23.0,5,4,5,4,4,4,4,5,5,3,5,4,5,4,8.0,4,4,4,0,4,3,3,5,5,4,3,4,4,4,4,17.0,,7.0,4,4,3,2,4,4,4,3,4,4,4,5,4,3,4,6,4,3,5,23.0,4,3,20.0,4,3,4,4,4,4,5,5,4,,3,5,5,3,4,4,,4,4,4,4,5,4,,3,5,4,4,4,4,4,4,5,3,3,7.0,5,5,4,20.0,4,4,4,4,4,4,4,6,5,4,3,1,4,3,3,3,5,4,4,5,5,5,5,6,4,6,4,,4,4,5,4,,4,5,4,5,5,3,4,4,5,16.0,5,,4,4,4,5,4,5,3,4,3,,5,3,4,6,5,5,4,4,4,4,4,3,4,3,4,4,4,4,6,5,4,5,4,6,5,4,,4,4,4,6,5,22.0,4,4,5,4,4,4,,5,4,4,,5,4,4,,,5,4,5,4,4,4,4,5,4,16.0,,17.0,4,7,5,5,4,4,,5,20.0,,4,5,7.0,4,4,4,5,16.0,4,,,5,5,11.0,4,,5,0,7.0,,4,23.0,,13.0,24.0,,,5,,,4,,5,4,4,4,4,17.0,,4,6,,4,5,4,4,5,,,4,4,4,5,4,4,4,,4.0,4,5,,5,,5.0,5,4,,4,,5,4,5,6,,,4,5.0,16.0,5,4,5,,4,5,5,,5.0,,0,5,3,5,16.0,5,14.0,,4,19.0,,5,,5,5,0.0,3.0,5,,5,4,14.0,4,5,4,5,4,6,3.0,,4,,,14.0,4.0,15.0,15.0,4,4,26.0,,5,4.0,3,4,,4,9.0,5,,19.0,,,,5,4,,,5,22.0,,5,,,,4,5,,,,,5.0,3,,25.0,4,,,5,,12.0,,5.0,19.0,,15.0,22.0,15.0,,8.0,8.0,5,5,5.0,,14.0,3,4,5,4,4,21.0,5,4,28.0,4,,3,27.0,4,5,,12.0,4,,4,12.0,,,4,5,,6,9.0,,15.0,,5,10.0,21.0,,11.0,4,,4,,12.0,11.0,5,8.0,,5,,3,18.0,,4,4,,,,,5,7.0,18.0,6.0,9.0,,,5,,10.0,,,5,,,4,,,5,,9.0,5,12.0,,27.0,,23.0,4,20.0,,,4,,21.0,,4,,,9.0,,5,22.0,4,5,4,,11.0,,5,4,,,5,4,5,10.0,5,5,,0,5,5,5,,5,5,5,3,5,19.0,,5,6,,5.0,8.0,,12.0,,,,,5,,4,4,6,10.0,5,5,5,5,6,17.0,,,,,4,11.0,,,13.0,,,13.0,4,28.0,,5,,5,19.0,15.0,14.0,5,5,,24.0,,,13.0,5,22.0,,5,,,,,,,14.0,,,12.0,5,,,,22,7,1.9736598415474844,-0.7960765876292292
4,4,3,3,3,3,4,4,4,4,3,3,3,3,4,4,3,3,3,3,3,3,4,3,4,4,4,4,3,4,3,4,4,4,4,3,3,4,4,4,4,3,3,5,3,3,3,4,4,4,4,4,4,4,4,4,4,4,1,4,4,4,2,3,3,3,4,4,3,3,4,4,5,4,2,4,4,3,3,3,3,3,2,3,3,4,2,3,3,3,4,4,4,3,4,4,3,4,4,4,4,4,4,4,3,3,3,0,3,20.0,4,5,4,3,3,3,3,4,4,5,4,2,4,4,4,4,4,4,3,2,3,3,3,3,4,4,4,3,4,4,4,3,3,3,4,3,3,3,4,4,4,4,3,3,3,4,4,4,3,3,2,3,3,3,4,3,0,4,3,3,3,4,3,3,3,4,4,4,5,3,3,4,4,2,3,5,4,3,3,3,3,3,4,4,4,4,4,4,4,4,4,0,6,3,4,4,4,1,3,3,2,3,1,4,3,3,3,4,3,4,4,3,3,3,4,4,3,4,4,4,3,4,4,2,3,4,0,3,1,4,4,3,3,3,4,3,5,4,4,2,4,4,2,3,3,3,3,4,3,3,4,4,4,4,4,4,4,5,4,2,4,4,4,4,4,4,2,4,3,4,3,3,1,3,4,3,4,4,3,5,3,4,4,4,4,3,3,3,4,4,3,3,4,3,4,4,4,4,3,4,3,4,4,4,3,5,4,4,3,4,4,4,5,4,4,4,3,4,4,3,5,4,4,3,5,4,4,4,3,4,2,4,4,3,5,4,4,4,22.0,4,4,4,4,3,5,2,3,3,4,3,4,4,3,3,4,3,3,3,4,5,4,3,3,4,4,3,4,3,4,4,4,4,25.0,,4,5,5,4,4,4,4,5,4,3,4,4,4,4,12.0,4,4,1,5,4,3,3,4,4,4,4,4,3,4,4,,24.0,18.0,4,4,3,3,4,3,4,3,4,3,3,4,4,3,4,5,4,2,5,25.0,4,3,29.0,4,2,4,4,4,4,4,4,4,,3,5,4,3,4,4,,4,3,3,3,4,4,,3,5,4,4,4,4,4,4,5,2,3,25.0,4,4,3,,3,4,4,4,4,4,4,5,5,3,3,4,4,3,3,3,4,4,3,4,5,5,4,5,4,5,3,9.0,4,3,4,4,4.0,3,5,4,5,5,3,4,4,5,,4,,2,3,4,5,3,5,2,4,3,15.0,5,4,4,6,5,5,4,4,4,3,4,3,4,3,4,3,4,4,6,5,4,5,4,5,4,4,,4,4,4,5,5,14.0,0,4,5,4,4,4,9.0,5,4,4,,4,4,4,,4.0,4,4,4,4,4,4,4,5,4,22.0,,,4,7,4,3,3,4,,5,27.0,,4,5,12.0,4,4,3,5,24.0,4,15.0,6.0,5,4,9.0,4,,5,5,,,4,,14.0,18.0,,25.0,,4,,7.0,4,22.0,5,4,3,4,4,27.0,,4,5,,4,4,3,4,5,,,4,4,4,4,4,4,4,,,4,4,,5,,,5,4,,4,24.0,5,4,5,6,,,4,,13.0,4,4,4,21.0,4,4,0,0.0,,,5,5,4,4,,4,,,4,,,4,,5,4,20.0,,5,22.0,4,4,,4,5,4,5,5,6,23.0,,4,26.0,18.0,,,26.0,18.0,3,3,,,5,7.0,4,4,,4,8.0,4,,17.0,,,,5,4,15.0,13.0,5,,,4,,,,4,4,26.0,,,,,4,,28.0,5,,,4,,,,6.0,,,,23.0,,,,9.0,4,5,19.0,22.0,12.0,4,4,4,3,3,14.0,4,4,5.0,4,20.0,3,29.0,4,5,,16.0,4,,4,8.0,,,4,5,,5,11.0,,16.0,12.0,4,17.0,24.0,20.0,13.0,4,,4,,,20.0,5,,,4,20.0,3,14.0,,3,4,0.0,,,,5,4.0,9.0,,16.0,26.0,,5,25.0,11.0,,,4,4.0,,4,,,5,,12.0,4,22.0,,,,5.0,4,,,,4,,5.0,,4,,,,,5,,5,5,4,,16.0,11.0,4,4,,,5,4,5,29.0,5,4,11.0,4,4,4,4,,5,4,4,2,5,22.0,6.0,5,6,,,0.0,,11.0,,,,,5,,4,4,5,25.0,5,5,6,4,5,24.0,,,,,3,15.0,,12.0,8.0,9.0,27.0,,4,5.0,,6,,5,8.0,16.0,,5,5,,26.0,0.0,,7.0,4,8.0,12.0,4,,,,,,,11.0,,,,5,,,,23,7,2.0608285264813833,-0.7853711452810855
5,4,4,4,4,4,5,4,5,6,4,5,4,4,3,4,4,4,4,4,4,2,5,4,5,5,5,4,4,5,4,4,5,5,5,4,4,5,5,5,5,4,3,6,4,5,4,5,5,5,5,4,5,5,5,5,5,5,4,5,5,4,3,4,4,4,3,4,4,4,5,5,6,5,4,5,5,4,4,4,4,4,3,4,4,5,4,4,5,5,4,4,5,4,5,5,4,5,5,5,5,5,5,5,5,3,4,3,5,13.0,5,6,5,4,4,3,4,5,5,6,5,3,5,5,5,5,5,4,3,2,4,4,4,4,5,5,5,4,5,5,5,4,3,0,5,4,5,4,5,5,5,5,4,4,4,4,5,4,4,5,1,4,4,4,5,4,3,5,4,4,4,5,4,4,4,5,5,4,5,4,4,4,5,4,4,6,4,4,4,4,4,4,5,5,5,5,5,5,5,4,5,4,7,4,5,5,5,5,4,4,4,4,2,5,4,4,5,5,4,5,5,4,4,4,5,5,0,5,4,5,4,5,4,4,5,5,4,5,5,5,5,5,5,5,5,4,6,6,5,3,5,5,4,4,4,4,3,5,2,5,5,5,5,4,5,5,5,6,5,4,5,5,5,5,5,5,5,4,4,5,4,4,4,3,5,4,5,5,4,4,4,5,4,5,5,3,4,5,5,5,4,4,5,4,5,5,4,5,0,5,5,5,5,5,4,6,4,4,4,6,4,5,6,5,5,5,4,4,4,3,6,5,6,4,6,6,5,5,4,5,4,5,5,5,6,5,5,5,,5,5,4,4,4,6,4,4,4,5,6,5,5,4,4,3,4,4,4,4,6,5,4,4,5,5,4,4,3,5,5,5,5,20.0,,5,5,5,5,5,5,4,5,5,4,5,4,5,5,,5,5,4,6,5,4,3,5,5,5,5,5,4,5,5,21.0,17.0,,5,5,4,4,5,4,5,3,5,3,4,5,5,4,4,6,5,3,5,,5,4,12.0,4,4,5,5,5,5,5,6,5,,4,6,5,4,5,5,27.0,5,4,4,5,6,4,,4,5,5,4,4,5,5,5,6,4,4,,6,5,4,,4,5,3,5,5,5,4,6,6,3,4,5,4,4,4,0,5,5,5,5,6,6,6,6,5,0,4,12.0,5,4,5,5,,4,5,5,6,5,4,5,5,6,19.0,5,,5,4,5,6,5,6,4,5,4,10.0,6,5,5,7,6,6,5,5,4,4,5,4,5,4,5,3,5,5,7,6,5,6,5,7,5,4,,5,5,5,6,6,20.0,4,5,5,5,5,5,27.0,5,4,5,,6,5,5,,,5,5,6,5,3,5,5,6,5,16.0,,11.0,5,8,5,5,4,5,,6,,,4,6,16.0,4,5,4,6,,5,7.0,29.0,6,6,27.0,5,,6,6,22.0,,5,,19.0,,8.0,,,6,,13.0,5,29.0,6,5,4,5,5,15.0,5.0,5,6,,5,6,5,5,6,,,5,5,5,5,5,5,5,,,4,4,,6,13.0,7.0,5,5,,5,7.0,6,5,5,7,,11.0,5,,6.0,6,5,6,12.0,5,6,6,,11.0,,6,6,5,5,25.0,5,,,5,13.0,,5,,5,6,6.0,,6,,5,5,18.0,5,6,5,6,5,7,15.0,,5,4.0,,6.0,,13.0,12.0,4,4,,,6,,5,5,,5,19.0,5,7.0,,,,,6,5,,16.0,6,,,5,,,,5,5,6.0,25.0,,29.0,6.0,0,,,6,,,5,,8.0,,,20.0,,,,14.0,15.0,9.0,19.0,5,6,6.0,27.0,27.0,5,5,5,5,5,,5,5,26.0,5,,4,,5,6,,12.0,5,,4,10.0,,,5,5,,6,26.0,,15.0,18.0,5,13.0,6.0,,17.0,5,,5,12.0,19.0,13.0,6,,,5,9.0,4,,,4,5,,,,,6,18.0,,10.0,12.0,29.0,,5,24.0,,,,5,10.0,,5,,7.0,6,,24.0,6,22.0,,15.0,,29.0,5,16.0,,,5,,9.0,,5,,,,,6,22.0,6,5,5,,15.0,,5,5,,,5,5,6,19.0,6,5,,6,6,6,6,,7,6,6,4,6,15.0,19.0,5,7,,,,,,,,17.0,,0,,5,5,6,,5,6,6,5,0,8.0,,,0.0,,5,17.0,,28.0,26.0,20.0,9.0,25.0,5,12.0,,6,,5,28.0,7.0,,6,5,,9.0,10.0,,,5,17.0,16.0,5,17.0,,,,,,0.0,,,21.0,6,,,,24,7,2.0141983625246116,-0.7819391824877752
6,6,5,6,5,4,6,7,7,8,6,6,6,6,6,6,6,5,6,6,6,5,7,6,7,7,7,6,5,6,6,6,7,7,7,0,6,7,7,7,6,6,6,8,6,6,6,6,5,7,7,6,7,7,6,6,6,6,5,6,7,7,5,4,6,6,5,7,6,6,6,7,7,6,4,7,7,6,6,6,6,5,5,5,6,7,5,5,6,6,6,7,5,6,7,7,6,7,7,6,6,7,7,7,7,4,5,5,6,14.0,7,7,7,6,4,5,6,6,6,7,7,5,7,7,6,6,6,6,5,6,7,6,6,6,7,7,7,6,6,5,6,6,6,6,7,6,6,6,7,7,7,6,6,6,6,6,7,7,5,6,4,6,6,6,6,6,5,7,6,5,6,6,6,6,4,7,7,6,7,6,6,7,7,5,5,7,6,6,6,6,6,6,7,6,6,6,7,7,7,6,7,6,8,6,7,7,7,7,6,5,5,6,5,7,6,6,6,7,6,7,7,5,6,0,5,6,6,7,6,6,5,7,7,2,6,6,5,5,6,7,6,0,6,5,6,6,8,8,6,5,7,7,1,6,5,6,6,7,6,6,7,6,7,6,7,7,7,8,6,5,7,6,6,0,6,7,7,7,6,0,6,5,5,5,6,6,6,6,6,8,6,7,7,7,7,6,6,7,7,7,6,5,6,5,6,6,6,7,6,6,6,2,6,7,6,8,6,7,6,6,7,7,7,7,7,7,6,5,7,6,7,7,8,5,7,7,7,6,6,7,6,7,6,7,8,7,7,7,15.0,7,7,6,7,6,8,6,6,6,7,8,7,6,6,6,7,6,5,6,6,7,7,5,6,6,8,6,7,6,7,7,7,7,11.0,12.0,7,7,8,7,7,7,7,8,7,6,7,6,8,7,20.0,7,6,6,8,7,6,5,7,7,6,6,7,6,6,7,9.0,12.0,21.0,6,7,5,6,7,6,6,4,7,6,6,6,6,6,6,8,7,5,7,30.0,7,6,,6,6,7,7,7,6,7,7,6,,6,8,7,6,7,6,32.0,7,6,6,6,7,6,,6,7,7,6,5,7,7,7,8,6,6,7.0,7,7,6,19.0,6,6,7,7,7,6,6,8,7,6,6,7,6,5,5,5,7,7,6,7,8,8,8,8,7,8,6,,6,6,7,7,,6,7,7,7,7,6,7,6,7,,7,,7,6,7,7,7,8,6,7,5,,8,6,6,8,8,7,6,7,6,6,7,6,7,6,6,6,6,6,9,8,7,8,7,9,7,6,,7,7,6,8,8,27.0,7,7,7,6,6,7,,8,6,7,,7,7,7,,16.0,7,6,7,7,6,7,7,7,7,28.0,,,7,10,7,7,3,7,,7,24.0,,6,8,15.0,7,6,6,7,28.0,6,12.0,8.0,7,7,9.0,7,,8,7,,,7,21.0,7.0,,,14.0,,7,,,7,33.0,7,6,6,7,7,11.0,,7,8,,7,7,6,3,8,,,7,6,7,7,6,7,7,,19.0,6,7,,8,,15.0,0,7,,7,29.0,7,6,7,7,,,6,21.0,25.0,8,7,7,,7,7,7,,9.0,,8,8,7,7,,7,,7.0,7,20.0,,7,8.0,8,8,27.0,32.0,7,28.0,7,6,,7,7,6,7,7,8,18.0,,6,19.0,29.0,,7.0,,23.0,6,6,7.0,,8,12.0,7,7,,6,15.0,7,10.0,,,,,7,7,0.0,25.0,6,12.0,,7,,,,7,6,12.0,31.0,,,18.0,7,,,7,,,7,,26.0,,13.0,,,,9.0,7.0,,18.0,,6,8,9.0,11.0,,6,7,7,5,7,,7,7,,6,,6,28.0,7,8,,22.0,6,,6,,,,6,8,,8,14.0,,8.0,,7,12.0,,,11.0,6,,7,19.0,33.0,,8,,,7,,6,,,5,7,,,,,7,13.0,24.0,22.0,11.0,28.0,,8,22.0,,,,0,16.0,,6,,31.0,8,,,6,,,26.0,,11.0,7,,,7.0,6,,31.0,0.0,7,,,,,7,19.0,7,7,7,,33.0,8.0,7,7,,,7,7,7,,7,7,26.0,7,7,7,7,,8,7,7,6,7,,7.0,7,8,,10.0,26.0,,12.0,,,9.0,,8,,7,6,8,17.0,7,7,8,7,8,24.0,,,,,6,27.0,,7.0,23.0,19.0,,33.0,6,21.0,,8,,7,,7.0,26.0,7,7,,32.0,,,27.0,7,30.0,25.0,7,0.0,,,,,,10.0,,,,7,,,,25,7,2.0755506827469397,-0.7681179452642132
5,5,4,4,4,4,5,5,5,6,4,5,4,4,5,4,4,4,4,4,4,4,5,4,5,5,5,4,4,4,2,4,5,5,5,4,4,5,5,5,5,4,4,6,4,5,4,4,4,6,5,4,5,5,5,5,5,5,4,5,5,5,3,4,3,4,4,6,4,4,5,6,6,5,4,5,5,4,4,4,4,4,3,4,4,5,3,4,5,4,5,5,5,4,5,4,4,6,5,5,5,5,5,5,5,4,4,3,5,,6,6,5,4,3,1,4,5,5,5,5,3,5,4,5,5,5,5,4,4,5,4,4,4,5,4,4,4,4,5,5,4,3,4,5,4,5,4,5,5,5,4,4,4,4,5,5,5,4,5,3,5,5,4,5,3,3,5,4,3,3,4,4,4,4,5,5,5,6,4,4,5,6,4,4,6,4,4,5,4,4,4,5,5,5,5,5,5,5,5,5,4,7,5,5,5,5,5,5,4,4,4,3,5,5,4,4,5,5,5,5,5,4,4,6,5,4,5,5,4,4,5,5,2,4,5,4,5,5,5,5,5,4,5,5,4,6,6,5,4,5,4,4,4,3,4,3,6,4,4,5,4,5,2,5,6,6,6,5,3,5,4,5,5,5,5,6,6,5,5,4,4,4,4,5,4,5,5,5,6,4,5,5,5,5,5,4,6,5,5,4,4,5,4,5,5,4,5,5,5,4,5,5,6,4,6,5,5,4,6,5,5,6,5,5,5,4,5,5,4,6,5,6,3,6,6,4,4,4,4,4,6,5,5,6,5,5,5,,5,6,5,5,5,6,3,4,4,5,6,5,4,4,4,5,4,0,4,5,6,5,4,3,4,6,4,5,4,5,5,5,6,5.0,32.0,6,6,6,5,5,5,5,6,5,4,6,5,6,5,,5,5,5,6,5,4,4,6,5,5,5,5,3,5,5,,,9.0,4,5,4,2,3,4,4,4,5,4,4,5,5,4,5,6,5,4,6,,4,4,29.0,5,4,5,4,5,4,5,6,5,,4,6,5,0,5,3,9.0,5,4,4,4,5,5,,4,6,5,5,5,5,5,5,6,4,4,,6,6,5,20.0,4,5,5,5,5,4,4,5,6,5,4,5,4,4,4,4,5,5,5,5,6,6,6,6,5,6,4,11.0,5,4,5,5,4.0,4,6,5,6,6,4,5,5,6,25.0,5,,5,5,5,6,5,6,0,5,4,21.0,6,5,5,7,6,6,4,5,5,5,5,4,5,4,5,5,5,5,7,6,6,6,5,6,5,5,,5,5,4,7,6,,5,5,6,5,5,5,17.0,6,5,5,,6,5,5,,21.0,6,5,5,5,5,5,5,6,5,,,17.0,5,8,5,5,4,5,,6,,,5,6,5.0,5,5,5,6,,4,,30.0,6,6,14.0,6,,6,6,,,5,23.0,,34.0,6.0,33.0,,6,,17.0,5,15.0,6,5,5,5,5,,28.0,5,4,,5,6,4,5,6,,,5,5,5,5,4,5,5,,,5,5,,6,7.0,,0,5,,5,15.0,6,5,5,4,,22.0,5,22.0,8.0,6,5,6,11.0,5,6,6,,6.0,,6,6,6,6,,5,,,5,10.0,,5,,6,6,28.0,,6,6.0,5,5,34.0,5,6,5,6,6,7,9.0,,5,18.0,0.0,0.0,27.0,20.0,20.0,4,5,,,6,,5,5,,5,16.0,6,,,,,,5,5,9.0,16.0,6,19.0,,5,,,,5,5,17.0,,,,,5,,5.0,4,,,5,,16.0,,11.0,25.0,,28.0,17.0,11.0,10.0,24.0,5.0,5,6,24.0,7.0,,5,5,5,3,5,,5,0,18.0,0,32.0,2,20.0,5,6,,,5,,4,,,,5,6,,6,31.0,,16.0,24.0,5,9.0,,,24.0,5,,5,26.0,,,0,,,5,34.0,4,,,4,5,,,,,6,25.0,21.0,,22.0,24.0,,6,17.0,7.0,,,5,7.0,,5,,9.0,5,,14.0,5,29.0,,6.0,,15.0,5,6.0,,5.0,5,,8.0,,5,,,12.0,,6,,6,6,5,,29.0,25.0,6,4,,,5,5,5,,6,6,,6,5,6,6,,7,6,6,4,6,13.0,,6,7,,8.0,,,17.0,,,7.0,,6,,5,5,7,16.0,6,5,7,5,7,11.0,,,,,5,18.0,,18.0,12.0,9.0,30.0,12.0,5,15.0,,6,,5,,,26.0,6,5,,,0.0,,11.0,5,,12.0,5,,,,,,,,,,,5,,,,26,7,2.0947789516873505,-0.7808188315681966
4,4,4,4,4,4,4,5,5,6,0,4,4,3,4,4,4,3,4,4,4,3,5,0,4,4,4,4,3,2,4,4,4,4,4,4,4,5,4,4,4,2,4,6,4,5,4,4,4,5,5,4,5,4,5,4,4,5,4,5,5,5,3,4,3,4,5,6,4,4,5,5,6,5,1,4,5,4,4,4,4,4,3,4,4,4,3,3,5,4,5,5,4,4,4,4,4,5,5,4,5,5,5,5,5,2,4,3,5,4.0,6,6,5,4,3,3,2,5,5,5,4,3,5,4,4,5,5,4,3,3,5,4,4,4,4,4,4,4,5,5,5,4,3,4,5,4,5,4,5,5,5,4,3,4,4,4,5,5,4,4,3,4,4,4,5,3,3,4,4,3,4,4,4,1,4,5,5,3,5,4,4,5,5,4,4,6,4,4,4,4,4,4,5,5,5,5,4,4,4,4,4,4,7,4,5,5,3,3,4,4,4,4,3,5,4,4,5,5,4,5,4,4,4,0,5,4,4,3,5,0,4,2,4,4,4,5,4,5,4,5,5,5,5,4,5,4,5,6,4,2,5,4,4,4,2,4,3,5,4,5,2,4,5,4,5,5,5,6,4,4,5,4,5,5,5,5,5,5,4,5,4,4,3,3,5,4,5,5,4,6,4,5,4,5,5,4,4,4,5,5,4,4,5,4,5,5,4,5,4,5,4,3,4,5,4,6,4,5,4,5,5,5,6,5,4,4,4,2,5,4,6,4,6,4,6,6,4,4,4,3,3,4,4,4,6,5,4,5,,5,5,4,5,4,6,4,4,4,5,6,5,4,3,4,5,4,3,3,4,6,5,4,4,4,6,4,5,4,5,5,5,5,6.0,,5,5,6,5,5,5,5,6,5,4,5,4,6,5,14.0,5,4,4,6,5,4,4,6,5,5,4,5,4,4,5,17.0,17.0,3.0,4,5,4,3,4,4,5,4,5,4,4,5,5,4,4,6,5,3,5,25.0,4,4,6.0,4,4,5,3,5,4,5,5,5,,4,6,5,4,5,4,,5,4,4,4,6,4,,4,5,5,4,5,5,5,5,6,4,4,5.0,6,5,4,,4,5,4,4,5,5,4,6,6,4,4,5,4,4,4,4,5,5,5,5,6,6,6,6,5,6,4,,4,4,5,5,15.0,4,6,5,6,6,4,4,5,5,7.0,5,,5,4,5,5,5,6,4,5,4,11.0,3,5,5,7,6,5,4,4,5,4,5,4,5,4,4,4,5,5,6,5,5,5,5,7,5,4,,5,5,5,6,6,20.0,5,5,6,5,5,5,0.0,5,4,5,,6,5,5,,5.0,5,5,0,4,4,4,5,5,4,,,,5,7,5,5,4,5,,6,18.0,,4,6,18.0,5,5,4,5,11.0,4,6.0,,6,6,7.0,5,,6,5,25.0,,5,,,14.0,24.0,,,5,,16.0,5,19.0,5,5,4,5,5,0.0,16.0,5,6,,5,6,4,3,6,,,5,5,5,5,4,4,5,,6.0,5,5,,6,,16.0,5,5,,5,,6,5,5,7,,7.0,4,17.0,5.0,6,5,5,9.0,5,6,6,,7.0,,6,6,5,5,23.0,5,,,5,6.0,,5,,6,6,,18.0,6,16.0,5,4,,5,6,4,6,5,7,,,5,,6.0,,9.0,,16.0,4,4,,,5,,5,5,,4,6.0,5,19.0,5.0,,,,0,5,16.0,13.0,6,21.0,,4,,,,5,5,,18.0,0.0,19.0,9.0,5,,,6,,,5,,,,0.0,24.0,,9.0,16.0,7.0,,21.0,9.0,5,6,11.0,15.0,,5,5,5,4,5,,5,5,10.0,5,24.0,3,18.0,5,6,,,5,,4,15.0,,,5,6,,6,10.0,,15.0,,5,20.0,5.0,25.0,11.0,5,,5,,18.0,10.0,6,21.0,,5,25.0,4,25.0,,4,5,,,,,6,8.0,6.0,,19.0,,,5,9.0,,,,4,9.0,,5,,16.0,5,,,5,25.0,,23.0,,10.0,4,11.0,,,4,,6.0,,5,,,8.0,,4,7.0,6,5,4,,10.0,7.0,5,4,,,5,5,5,,5,5,7.0,5,5,5,6,,6,5,5,4,5,,13.0,5,6,,,13.0,,,,,,,6,,5,4,6,,5,5,6,5,6,6.0,,,,14.0,4,11.0,,,,,,12.0,5,18.0,,6,,5,,12.0,15.0,5,5,,15.0,,,22.0,4,,16.0,5,11.0,,,,,,,,,,6,,,,27,7,1.852422233554309,-0.758905197985021
4,3,3,3,3,1,2,4,4,5,3,3,3,2,3,3,2,3,3,3,3,0,4,3,4,4,4,3,3,3,3,4,4,4,4,3,3,4,4,4,4,3,3,5,1,3,3,3,3,4,4,3,4,3,3,2,3,1,2,3,4,4,2,0,2,4,4,4,3,3,4,4,5,4,3,4,4,4,3,3,3,2,2,3,3,4,3,3,3,3,3,4,4,3,4,3,3,4,4,3,3,4,4,4,4,2,2,3,3,8.0,4,5,4,3,2,2,3,4,3,4,4,2,4,4,3,2,3,4,2,3,4,3,3,3,4,4,4,2,0,4,4,3,3,2,4,3,3,3,4,4,4,4,3,3,3,0,4,3,3,3,2,3,3,3,1,3,3,4,3,3,3,3,3,3,3,4,4,4,4,3,3,4,4,2,3,4,4,3,3,3,3,3,4,4,3,3,4,3,4,3,4,3,6,3,4,4,4,4,3,3,3,2,3,4,3,2,4,4,3,4,4,3,3,3,4,4,3,4,4,4,3,4,3,3,3,4,3,4,3,4,4,4,3,3,4,3,5,5,4,2,4,4,3,3,3,3,3,4,3,4,4,3,4,1,4,4,4,5,4,3,4,2,3,3,3,4,5,4,3,4,3,2,3,2,4,2,3,3,4,5,3,4,4,4,4,3,3,5,4,0,2,3,3,3,3,1,3,4,3,4,4,4,4,4,3,5,4,4,3,4,4,4,4,3,4,3,2,3,4,3,5,4,5,3,4,4,4,3,3,4,3,4,4,4,5,4,3,4,19.0,4,4,3,4,3,4,3,3,3,4,5,4,3,3,3,4,3,3,3,4,4,4,2,3,3,5,3,4,3,4,3,4,4,,,4,4,5,4,4,3,4,0,4,3,4,3,4,4,,4,3,3,5,4,3,2,5,4,3,3,4,3,3,4,12.0,,5.0,2,3,0,2,4,3,3,0,4,3,3,4,3,3,4,5,4,3,5,11.0,4,3,7.0,3,3,4,3,4,3,4,4,4,,3,5,4,3,4,3,4.0,4,3,3,3,4,3,,3,4,4,4,4,4,4,4,5,3,3,,4,4,3,14.0,3,3,4,4,4,4,2,5,5,3,2,4,3,3,3,3,3,4,4,4,5,4,5,5,4,5,3,4.0,3,2,4,4,6.0,3,5,4,4,4,3,4,2,4,8.0,4,,4,3,2,4,4,5,3,2,3,,3,4,4,6,5,4,3,4,3,3,4,3,4,3,3,3,4,3,5,3,4,5,4,6,3,4,,4,4,3,5,5,22.0,4,4,5,3,4,4,20.0,5,4,4,,4,4,4,,,4,4,4,4,3,4,3,4,4,26.0,,12.0,4,6,3,4,3,4,,4,,,3,5,14.0,4,3,3,5,8.0,2,22.0,,4,4,,4,,5,4,3.0,,4,,10.0,9.0,19.0,17.0,,4,,,4,14.0,4,4,3,4,4,,11.0,4,5,,4,4,3,4,5,,,4,4,4,4,3,4,3,,21.0,4,4,,5,10.0,24.0,4,4,,4,8.0,4,3,4,5,,,4,6.0,23.0,5,3,5,0.0,3,5,5,,7.0,,5,5,4,4,23.0,4,19.0,17.0,3,27.0,,4,10.0,4,5,10.0,,5,17.0,4,4,18.0,4,5,3,5,4,5,,,3,7.0,19.0,23.0,,,,3,3,27.0,,5,,4,4,,4,24.0,4,16.0,12.0,,,,4,3,,,4,,,4,,,,4,4,14.0,5.0,,,,4,,,3,,,4,,8.0,,8.0,23.0,,25.0,,18.0,,16.0,,4,5,17.0,20.0,7.0,3,4,5,3,4,,3,4,27.0,4,19.0,0,,4,5,,9.0,4,,3,16.0,,,4,5,,5,,,,25.0,4,17.0,13.0,,14.0,3,,4,25.0,13.0,,5,15.0,,4,5.0,3,,,3,4,,,,,4,13.0,,22.0,16.0,7.0,,5,12.0,21.0,,,4,14.0,,3,,8.0,5,,13.0,4,10.0,,24.0,,25.0,4,13.0,,20.0,3,,19.0,,4,,,9.0,,5,16.0,5,4,4,,8.0,18.0,5,4,,,4,4,3,11.0,4,4,7.0,4,4,4,5,,5,4,4,3,5,,,4,5,,,15.0,,18.0,,,,,5,,3,4,6,,5,4,5,4,5,8.0,,,,11.0,4,,,27.0,6.0,25.0,22.0,16.0,4,,,4,,4,,10.0,,5,4,,,,,,4,,22.0,4,,,,,,,18.0,,,,5,,,,28,7,2.006222775357807,-0.8027114096227023
4,4,4,4,4,4,3,5,5,5,4,4,4,4,4,4,4,4,4,4,4,1,5,4,5,5,5,4,4,4,4,4,5,4,5,4,4,5,5,5,3,4,4,6,4,4,4,4,4,5,5,4,4,4,4,4,5,4,4,5,3,1,3,4,4,4,4,5,4,4,5,5,6,5,4,5,5,4,4,4,4,3,3,3,4,5,3,4,4,4,4,5,4,4,4,4,3,5,5,4,3,5,5,3,1,3,2,3,4,15.0,5,5,5,4,2,4,4,4,4,0,5,3,4,4,3,4,5,4,3,3,4,4,4,3,5,5,5,4,5,4,5,4,3,4,5,4,4,4,4,4,3,4,4,3,4,4,4,3,4,4,2,4,2,4,4,4,3,2,4,3,4,4,3,4,4,5,4,5,5,1,4,0,3,3,4,5,4,3,3,4,4,4,5,5,5,4,4,5,4,4,5,4,7,2,4,4,4,4,4,4,2,3,3,5,4,4,5,5,4,4,5,4,4,4,5,5,4,5,4,5,4,4,4,4,4,5,4,4,5,5,5,5,4,4,5,4,6,6,5,3,3,4,3,4,4,4,4,0,4,5,5,4,3,4,5,5,5,6,5,4,5,4,5,4,5,4,5,4,3,5,3,4,4,3,4,4,4,4,4,5,3,4,4,5,4,0,3,5,3,5,4,3,5,3,4,5,4,5,4,5,4,5,5,5,4,5,4,5,4,5,3,3,5,5,5,5,3,4,5,3,6,5,6,4,5,5,5,4,4,4,4,5,3,4,5,4,4,4,22.0,4,5,3,4,4,6,3,4,4,5,6,5,4,4,4,5,4,4,4,3,5,5,4,4,4,6,4,1,2,4,3,4,4,5.0,,4,4,5,4,3,3,4,4,4,3,3,3,4,4,10.0,5,4,4,5,5,4,3,6,5,5,4,5,4,4,5,,26.0,27.0,4,3,4,4,4,4,4,2,5,4,4,5,4,4,4,6,4,3,5,,5,4,32.0,4,4,5,5,5,4,5,5,3,,4,6,5,4,5,5,,5,4,4,4,5,4,,4,4,5,3,4,5,5,5,6,4,4,7.0,5,5,4,,0,4,4,4,5,4,4,6,6,4,4,5,4,4,4,3,5,5,5,5,6,6,6,6,5,6,4,22.0,4,4,5,5,8.0,4,5,4,6,6,4,4,4,5,,5,,5,4,5,5,5,6,4,5,4,,5,5,4,6,5,5,4,5,4,4,5,4,4,4,4,4,4,4,7,6,5,5,5,6,5,4,,5,4,5,6,6,24.0,4,5,6,5,4,5,,5,4,5,,5,5,5,,5.0,5,5,5,5,4,5,5,5,4,,,,5,8,5,5,4,5,,5,,,4,5,27.0,5,4,4,5,,4,14.0,,0,6,9.0,5,,6,5,10.0,,5,10.0,,10.0,25.0,,,5,,34.0,4,32.0,5,4,4,5,5,,0.0,5,6,,5,5,4,4,5,,,5,4,5,5,5,5,4,,5.0,4,5,,6,11.0,5.0,5,5,,4,6.0,5,4,5,6,,5.0,5,,21.0,6,4,6,,5,6,6,,,,6,5,5,5,,5,10.0,,5,6.0,,3,12.0,4,6,8.0,,6,29.0,5,4,13.0,5,6,5,5,4,5,15.0,,5,6.0,7.0,25.0,7.0,23.0,25.0,4,4,8.0,,5,20.0,5,4,,5,6.0,5,7.0,28.0,,,,5,5,,28.0,4,,,5,,,,5,5,25.0,9.0,,,20.0,5,,,5,,,5,,16.0,,13.0,17.0,,18.0,,7.0,,,,5,6,21.0,8.0,18.0,5,5,5,4,5,7.0,5,5,,5,11.0,3,24.0,5,6,,,5,,4,7.0,,,5,6,,6,18.0,0.0,28.0,,5,9.0,5.0,,,5,,5,5.0,6.0,,5,8.0,,5,8.0,4,10.0,,4,5,,,,,6,20.0,,12.0,27.0,7.0,,5,,21.0,,,5,,,5,,10.0,5,,,5,,,,,20.0,4,6.0,,35.0,0,,20.0,,5,,,12.0,,6,16.0,5,5,5,,23.0,,5,5,,,5,5,0,8.0,6,5,,5,5,5,5,,6,5,5,4,5,18.0,12.0,5,6,,6.0,33.0,,,,,17.0,,4,,5,4,6,22.0,5,5,6,5,6,13.0,,,,34.0,4,,,7.0,10.0,34.0,16.0,11.0,4,,,6,,5,,,24.0,5,5,,,,,,5,,21.0,5,32.0,,,,,,34.0,,,,6,,,,29,7,2.070088244243836,-0.7761111867505024
5,5,3,4,3,3,4,5,5,6,4,5,5,1,5,3,4,4,5,4,4,4,5,4,5,5,5,5,4,4,4,5,5,5,5,4,4,5,5,5,4,4,2,6,4,4,4,4,5,5,5,5,5,5,4,4,0,4,1,4,5,4,4,3,4,5,5,6,4,4,5,5,6,5,4,5,5,5,3,4,4,4,4,3,4,5,3,4,4,4,5,5,4,4,5,5,4,5,5,5,5,5,5,5,6,3,4,3,4,17.0,6,6,5,4,4,4,4,5,5,5,5,3,6,5,5,5,2,5,4,3,5,4,4,4,5,5,5,3,4,4,4,4,4,4,5,4,5,4,6,5,5,5,4,4,4,4,5,5,4,4,3,4,4,4,4,4,3,5,4,4,4,4,4,4,4,5,5,5,5,5,4,5,5,3,4,6,5,4,5,5,4,4,0,4,1,4,5,5,5,4,5,4,7,4,5,5,5,4,4,3,4,3,4,5,4,4,4,5,4,5,5,4,4,4,5,5,0,5,5,5,5,5,4,4,4,5,4,5,4,5,5,5,4,4,5,4,6,6,5,4,5,5,4,5,4,4,4,6,5,5,5,5,5,4,5,5,6,6,5,4,5,3,4,2,0,5,5,5,4,5,4,4,4,4,5,2,4,5,5,6,4,5,5,5,5,5,4,6,5,5,4,1,3,4,4,4,5,5,4,5,4,5,5,5,4,6,5,5,4,5,5,5,5,5,5,5,4,4,4,4,6,5,6,4,5,4,5,5,5,5,2,5,4,2,6,5,5,5,5.0,5,5,4,5,4,6,4,4,4,5,6,5,4,4,5,5,4,4,4,5,5,3,4,5,5,6,4,5,5,6,5,5,6,,,6,6,6,5,5,5,5,6,6,4,6,5,6,5,,5,5,5,6,5,4,3,6,5,3,5,5,4,4,5,18.0,,,4,5,4,4,5,4,4,4,5,4,4,4,4,4,5,6,5,4,6,17.0,5,4,,5,4,5,2,5,3,2,5,4,,4,6,5,4,5,4,12.0,5,4,4,5,5,4,,4,6,5,5,5,5,5,5,6,3,4,24.0,6,6,4,18.0,4,4,5,5,5,5,4,6,6,2,4,6,4,4,4,4,5,5,5,5,6,6,6,6,5,5,4,,5,5,5,5,18.0,4,0,5,4,5,4,5,4,6,18.0,5,,5,5,4,5,5,6,4,5,4,,6,5,4,7,6,6,5,5,5,5,5,4,5,5,5,5,5,4,7,6,5,6,5,0,6,5,,5,5,4,7,6,6.0,5,5,6,4,5,5,6.0,6,5,5,,5,4,5,,,6,4,4,5,5,5,5,5,5,20.0,,,5,8,5,6,4,5,,5,25.0,,5,6,,5,4,4,6,16.0,5,10.0,12.0,6,5,10.0,5,,6,6,6.0,,5,8.0,,,10.0,,,5,,10.0,5,13.0,5,5,5,5,5,,21.0,5,6,,5,5,4,5,6,,,5,5,5,6,4,5,5,,8.0,5,5,,6,5.0,,5,5,,5,14.0,5,4,5,7,,14.0,5,22.0,16.0,6,5,6,,4,6,6,,15.0,,6,6,5,5,19.0,6,20.0,9.0,5,5.0,,5,26.0,6,6,,18.0,6,,5,5,24.0,5,6,5,6,6,6,15.0,,4,,,9.0,15.0,16.0,20.0,4,4,19.0,,6,18.0,5,5,,5,,5,,,,,,6,5,24.0,,6,8.0,,5,,,,5,5,13.0,,,,,5,,7.0,6,,,5,,6.0,,24.0,,,6.0,,6.0,,11.0,6.0,5,6,28.0,21.0,7.0,4,5,6,4,5,8.0,5,5,,5,9.0,0,25.0,5,6,,,4,,5,25.0,,,4,6,,6,17.0,,16.0,27.0,5,,9.0,,0.0,4,,5,16.0,7.0,,6,10.0,,5,19.0,4,5.0,,4,5,,,,,5,,16.0,11.0,28.0,12.0,,5,28.0,10.0,,,5,,,4,,,6,,11.0,5,16.0,,7.0,,,5,,,12.0,5,,,,5,,,,,6,,6,5,5,,,22.0,6,5,,,5,5,5,15.0,5,6,10.0,5,5,5,0,,0,5,3,4,5,22.0,9.0,5,6,,,,,10.0,,,23.0,,6,,5,5,7,8.0,6,6,6,5,6,13.0,,,,21.0,4,20.0,,11.0,,28.0,9.0,17.0,5,19.0,,6,,5,7.0,27.0,19.0,6,5,,9.0,10.0,,,6,,,4,,,,,,,7.0,,,,5,,,,30,7,2.012010113780027,-0.7784867929163245
5,4,4,4,4,4,4,5,5,6,5,4,3,4,4,4,4,4,4,4,4,1,5,4,5,5,5,5,4,5,4,4,5,5,5,4,4,5,5,5,4,4,4,6,4,5,4,4,4,5,5,4,5,5,4,5,5,5,4,5,5,4,4,4,4,4,5,5,3,4,5,5,5,5,4,5,5,5,5,4,0,3,3,4,4,4,3,4,5,4,5,5,4,4,5,5,4,5,5,5,1,5,5,5,5,4,3,3,5,10.0,6,6,5,4,4,4,4,0,4,5,5,2,5,5,4,5,5,4,3,3,0,4,4,4,5,5,5,4,5,4,5,4,4,4,5,4,2,4,2,5,4,5,4,4,4,4,5,5,5,3,0,4,4,4,5,4,3,5,4,4,4,5,4,4,4,5,5,5,5,4,4,5,5,3,2,5,5,3,4,3,4,4,6,5,5,5,5,5,5,5,5,4,7,4,5,5,4,5,5,4,4,4,4,5,4,4,5,4,4,5,5,4,4,4,5,4,4,5,5,5,4,5,5,4,4,5,4,5,5,5,5,5,5,5,5,4,6,6,5,3,5,5,4,4,4,4,4,5,4,5,5,5,5,4,5,5,5,6,5,4,5,5,5,4,5,5,5,5,4,5,3,4,4,2,5,4,5,2,4,6,3,5,5,5,5,4,4,6,5,5,4,2,5,4,5,5,4,5,4,5,5,5,5,5,4,6,5,5,3,6,5,5,5,5,5,4,4,4,5,4,6,5,6,4,6,6,5,5,4,5,4,6,4,5,6,5,5,5,6.0,5,5,4,5,4,6,4,4,4,5,6,5,5,4,4,5,4,4,4,4,6,5,4,4,4,6,4,5,4,5,5,5,5,16.0,,5,5,6,4,1,5,4,5,5,4,5,4,5,5,,5,4,4,6,5,4,4,6,5,5,4,5,5,5,5,22.0,,,5,4,4,4,5,4,5,3,5,4,4,5,0,4,5,6,5,4,5,,5,3,,4,4,5,5,5,4,5,5,5,,4,6,5,4,5,5,24.0,5,4,4,4,5,4,,4,5,5,4,0,5,4,5,6,4,4,,6,6,5,15.0,4,5,2,5,5,5,4,5,6,4,4,5,5,3,4,4,5,5,5,5,6,6,6,6,5,6,4,,4,4,5,5,7.0,3,6,5,6,6,4,5,5,5,27.0,5,,5,4,5,6,5,6,4,5,4,,6,5,5,6,5,5,5,5,4,4,5,4,5,4,4,4,5,5,7,6,5,6,5,6,5,5,,5,5,5,6,6,16.0,4,5,6,5,5,5,,6,4,5,,5,5,5,,,5,5,5,5,5,5,5,5,5,11.0,,18.0,5,8,5,5,4,5,,6,21.0,,5,6,23.0,5,5,5,6,9.0,4,,20.0,6,6,,5,,6,3,,,5,,11.0,,,,,6,,,5,14.0,5,5,4,5,5,,,5,6,,3,6,5,5,6,,,5,5,4,5,5,5,4,,26.0,4,5,,6,15.0,11.0,5,5,,5,26.0,6,5,5,6,,28.0,4,6.0,,6,4,6,12.0,5,6,6,,23.0,,6,6,5,5,0.0,5,5.0,15.0,5,,,6,,6,6,20.0,12.0,5,0.0,5,5,28.0,5,6,5,5,5,6,24.0,,5,7.0,5.0,,,8.0,,3,4,,,6,,5,5,,5,,5,0.0,5.0,,,,6,5,9.0,18.0,6,7.0,,5,,,,5,0,14.0,15.0,,12.0,5.0,6,,16.0,6,,,5,,,,,27.0,,18.0,13.0,5.0,19.0,5.0,7.0,5,6,13.0,21.0,,5,5,6,5,5,8.0,5,5,9.0,5,,3,20.0,5,6,,,5,,5,6.0,,,5,6,,6,,,13.0,,5,12.0,,,12.0,5,,5,8.0,5.0,,6,5.0,,5,19.0,4,19.0,,4,5,,,,,6,25.0,11.0,27.0,12.0,16.0,,5,15.0,5.0,,,5,14.0,,5,,10.0,6,,,5,,,24.0,,20.0,5,,,23.0,5,,9.0,,5,,,15.0,,6,,6,5,5,,27.0,15.0,6,5,,,5,5,6,14.0,6,4,18.0,6,5,6,6,,6,6,6,3,6,18.0,,5,6,,8.0,8.0,,,,,7.0,,6,,5,5,6,14.0,6,5,5,5,6,28.0,,,,,4,6.0,,8.0,,,,5.0,5,13.0,,6,,5,23.0,5.0,,5,5,,24.0,10.0,,7.0,6,27.0,,5,,,,,,,13.0,,,17.0,6,,,,31,7,2.0509360945507806,-0.7805609354912307
6,6,5,6,5,6,6,6,6,7,5,6,5,6,6,6,6,3,5,5,5,5,6,5,6,6,7,6,5,6,6,6,6,6,7,6,6,7,6,6,6,5,5,7,5,5,5,6,6,6,7,6,6,6,6,6,6,6,5,6,5,6,4,5,5,5,6,7,5,5,6,6,7,6,5,6,7,5,6,6,5,5,5,5,5,5,3,4,6,6,6,6,0,6,6,6,6,6,6,6,5,6,6,6,6,4,5,4,6,0.0,7,7,6,6,5,5,6,6,6,7,7,4,6,6,6,6,6,5,5,5,6,5,5,6,6,6,6,5,6,6,6,5,4,6,6,4,6,4,7,6,6,6,5,5,5,6,7,6,5,5,3,5,6,5,6,5,4,6,5,5,5,6,5,4,6,7,7,6,7,6,5,6,6,5,5,7,6,5,6,5,0,5,7,6,4,6,6,6,6,6,6,6,8,6,6,7,6,6,6,5,5,5,5,7,6,5,6,6,5,6,6,5,5,5,6,6,5,6,6,6,6,6,6,2,5,6,5,6,6,7,6,6,6,6,6,6,7,7,6,5,6,6,5,5,5,5,5,6,5,6,6,6,6,6,6,6,7,7,6,5,6,6,6,6,6,6,7,6,6,6,5,5,5,5,6,5,6,6,6,7,5,6,6,6,6,5,5,7,6,6,3,6,6,5,6,6,5,6,5,6,5,6,2,6,5,7,5,6,6,7,6,6,7,6,6,6,5,6,6,5,7,6,7,5,7,7,6,6,6,6,5,6,5,6,7,6,6,6,7.0,7,7,6,6,5,7,5,5,6,6,7,6,6,5,6,7,6,1,5,5,7,6,5,5,6,6,5,4,5,6,6,6,6,26.0,22.0,6,6,7,6,6,6,6,6,6,5,6,6,7,6,,6,6,6,8,6,5,5,7,7,6,6,6,6,6,6,,0.0,30.0,6,6,5,5,6,6,6,5,6,5,5,6,6,6,6,7,6,4,0,,6,5,,3,5,7,6,6,6,7,5,6,,5,7,6,5,6,6,6.0,6,5,5,6,7,6,,6,6,6,5,6,7,7,6,7,5,5,0.0,7,7,6,,5,6,6,6,6,6,6,7,7,6,6,6,6,5,4,5,6,6,6,6,7,7,7,7,6,7,5,,6,5,6,7,13.0,6,7,6,7,7,5,4,6,7,8.0,7,,6,6,7,6,6,7,5,6,5,,7,6,6,8,6,6,6,6,6,6,6,5,7,6,4,6,6,6,8,7,6,7,6,8,6,6,,6,7,6,8,7,,5,6,7,6,6,6,11.0,7,6,6,,6,6,6,,15.0,7,6,6,7,6,6,6,7,6,19.0,,13.0,6,9,7,7,5,7,,7,9.0,,6,7,31.0,6,6,5,7,21.0,5,16.0,,7,7,24.0,7,,7,7,,,6,22.0,,20.0,25.0,,,7,,18.0,6,33.0,6,6,6,6,6,25.0,6.0,6,7,,6,7,6,6,7,,,6,5,6,7,6,5,6,,8.0,6,7,,7,10.0,,6,6,,6,14.0,7,6,7,8,,7.0,6,,,7,6,7,16.0,6,7,7,,,,7,8,7,6,,6,33.0,33.0,6,,,7,13.0,7,7,,7.0,7,,7,6,28.0,7,7,7,7,7,7,,,6,,,8.0,,,16.0,5,5,,,7,16.0,7,6,,6,,6,27.0,,,0.0,,7,7,,,7,9.0,,7,,0.0,,7,6,14.0,28.0,,,,7,,13.0,6,,,7,,23.0,,22.0,24.0,,8.0,8.0,20.0,16.0,10.0,10.0,6,7,16.0,7.0,10.0,6,6,7,5,6,,6,7,13.0,5,25.0,5,,6,7,,13.0,6,,0,31.0,,,6,7,,8,8.0,,,,6,0.0,,,30.0,6,,7,,11.0,,7,,,7,18.0,5,25.0,,5,7,,,,,7,8.0,13.0,,,25.0,,7,25.0,25.0,,,5,11.0,,6,,13.0,7,,,7,14.0,,28.0,,7.0,6,7.0,,23.0,6,,23.0,,6,,,10.0,,7,8.0,7,7,6,,17.0,,7,6,,,7,7,7,12.0,7,7,22.0,7,7,7,7,,7,7,7,5,7,27.0,,7,7,,11.0,8.0,,,,,14.0,,7,,7,6,8,,7,6,8,7,8,15.0,,,,,6,23.0,,17.0,18.0,16.0,,,6,,,8,,7,26.0,6.0,15.0,7,7,,16.0,15.0,,,7,25.0,30.0,6,7.0,,,,,,,,,,7,,,,32,7,2.08839835728953,-0.7696638749338385
4,4,4,4,4,3,4,4,5,5,4,4,4,3,3,4,4,3,4,4,3,3,5,4,4,4,5,4,4,4,4,4,4,5,5,4,4,5,4,4,4,4,2,6,3,4,4,4,4,5,5,4,5,2,4,4,5,5,3,5,4,4,3,4,3,3,4,5,2,4,4,5,5,5,4,5,5,4,2,4,4,3,2,3,4,4,3,3,4,4,4,4,3,3,4,4,4,5,5,4,4,5,4,4,5,3,3,3,4,,0,5,5,4,3,3,3,4,4,5,5,0,5,4,4,4,5,4,3,2,4,4,4,4,5,4,4,4,4,4,5,4,3,3,4,4,4,4,5,5,4,4,3,4,4,4,5,4,2,4,2,4,3,1,4,3,3,4,3,3,4,4,3,4,4,5,4,4,4,4,4,4,5,3,3,5,1,4,4,4,4,4,5,5,4,5,4,4,4,3,4,4,6,3,4,4,4,4,4,4,4,3,3,5,4,3,5,4,4,4,4,2,4,4,5,4,3,4,2,4,4,4,3,4,4,5,4,4,4,5,5,5,4,4,5,3,5,5,4,3,4,4,4,4,4,4,3,2,4,4,5,4,5,4,4,5,5,5,4,4,4,4,5,5,5,3,5,4,4,4,3,4,3,3,4,4,4,0,4,5,4,4,4,5,4,4,3,5,5,5,4,4,4,4,4,4,4,5,2,4,4,4,4,4,4,5,4,5,4,5,4,4,5,5,5,4,4,4,5,3,6,5,5,3,6,5,4,4,2,4,3,5,4,4,5,5,4,4,17.0,5,5,4,5,4,6,4,4,4,5,5,5,4,4,4,0,3,3,4,4,5,5,4,3,4,5,4,4,3,5,4,4,5,19.0,,5,5,5,4,4,4,3,5,5,4,5,4,5,4,,4,4,3,6,4,4,3,5,5,4,4,4,4,4,2,11.0,13.0,5.0,4,4,3,3,4,4,4,3,4,3,4,5,5,4,4,6,4,0,4,5.0,4,3,7.0,1,4,5,4,5,4,5,5,5,,0,6,4,4,5,4,8.0,4,3,4,4,5,4,,4,5,4,4,4,5,5,5,6,3,3,5.0,5,5,4,,4,4,4,4,4,4,4,6,5,4,3,4,2,3,3,3,5,4,4,5,5,4,5,6,5,6,4,18.0,4,4,5,5,9.0,4,5,4,5,5,4,3,4,5,17.0,5,,5,0,5,5,5,6,4,5,3,2.0,6,4,4,6,5,5,4,4,4,3,5,3,5,1,4,4,4,4,7,6,5,5,4,6,5,4,,4,4,4,6,5,13.0,4,5,5,5,4,5,,5,4,4,,5,3,4,,9.0,5,4,5,5,4,5,5,5,4,13.0,,7.0,4,8,4,4,4,5,,5,17.0,,4,5,9.0,5,4,4,5,22.0,4,5.0,,5,6,21.0,5,,5,5,5.0,,5,6.0,17.0,10.0,7.0,15.0,,5,,11.0,4,,5,4,4,5,4,16.0,,4,5,,5,5,4,4,6,,,4,4,5,5,4,5,4,,15.0,4,5,,5,,6.0,5,5,,5,10.0,5,5,5,6,,7.0,4,,14.0,6,4,5,11.0,5,6,5,,,,5,5,4,5,,5,,0.0,4,,,5,,5,5,19.0,10.0,6,,4,4,6.0,5,6,4,5,5,6,4.0,,4,15.0,21.0,6.0,,8.0,,4,4,6.0,,5,17.0,5,5,,4,12.0,5,9.0,15.0,,,,5,5,,,5,5.0,,5,,,,4,5,9.0,,,19.0,3.0,5,,,6,,,4,,21.0,,0.0,,,,10.0,19.0,,,7.0,5,6,18.0,16.0,,4,5,5,4,3,,5,5,20.0,4,5.0,3,19.0,4,5,,12.0,5,,3,18.0,,,5,5,,5,,,6.0,16.0,4,5.0,,16.0,7.0,5,,5,10.0,,,5,16.0,,5,0.0,4,,,4,5,,,,,6,,,,11.0,21.0,,5,,,,,5,17.0,,5,,7.0,4,,6.0,5,,,,,,4,,,18.0,4,,12.0,,4,,,14.0,,5,,6,5,5,,,,5,4,,,4,4,5,7.0,5,4,8.0,5,5,5,5,,5,5,5,3,6,7.0,,5,6,,,11.0,,,,,12.0,,5,,5,4,6,19.0,5,5,6,5,6,21.0,,,,22.0,4,5.0,,5.0,11.0,14.0,15.0,19.0,5,11.0,,5,,5,10.0,6.0,,5,5,,14.0,7.0,,16.0,5,5.0,,5,19.0,,,,,,,,,,6,,,,33,7,1.8103927013090018,-0.7595767723612007
9,10,10,10,10,10,9,9,10,10,10,10,10,9,9,10,9,9,9,9,10,9,11,10,11,10,11,10,10,10,10,10,11,11,11,10,10,11,11,11,11,10,10,11,9,10,10,10,10,11,11,10,9,9,10,10,11,10,10,11,7,6,9,9,9,9,10,11,10,10,10,11,11,10,10,11,11,10,10,10,10,10,9,9,9,10,8,9,10,10,10,11,10,10,9,9,9,11,11,10,10,11,11,8,8,9,9,9,10,36.0,11,0,11,10,10,9,10,11,10,11,10,9,9,10,10,10,11,10,9,9,10,10,10,9,10,10,9,10,11,10,11,9,9,10,10,10,10,10,10,10,8,10,10,10,10,9,9,7,10,10,8,10,9,10,10,10,9,9,10,10,10,10,9,10,10,11,10,9,9,8,9,8,7,10,10,11,10,10,10,10,10,9,11,11,11,11,9,10,10,10,10,9,13,10,9,10,9,10,10,10,10,10,10,9,8,9,11,10,10,10,10,10,10,9,11,10,9,10,10,10,10,9,8,10,10,11,10,11,10,11,11,11,10,10,11,10,10,10,11,9,8,10,10,10,10,10,10,10,10,10,11,10,10,10,9,0,5,8,10,10,11,10,10,11,11,10,11,10,10,11,9,10,10,8,9,10,10,10,10,11,9,10,10,11,10,7,8,11,11,11,10,6,11,10,10,10,10,10,8,10,10,10,10,11,10,12,10,10,10,11,0,1,11,11,8,10,10,10,11,10,12,10,10,10,11,11,10,10,10,10,10,11,9,10,10,10,10,10,11.0,10,8,9,9,10,12,10,10,10,10,10,10,9,10,10,11,10,9,10,8,11,11,10,10,10,10,10,8,7,8,7,8,6,,21.0,8,8,10,8,8,3,7,2,0,7,8,8,8,8,,10,10,9,11,10,10,10,10,6,11,10,11,10,10,10,31.0,,,10,10,10,10,10,10,10,9,10,10,10,11,10,10,10,12,10,9,11,20.0,11,10,,9,10,10,10,11,10,11,11,10,,10,11,10,10,11,11,36.0,10,10,10,10,11,10,,10,11,9,10,10,11,11,11,12,10,9,,11,11,10,16.0,10,10,10,9,10,11,9,11,11,10,10,11,10,10,9,9,10,11,9,8,10,11,11,10,10,11,10,30.0,10,10,9,10,27.0,10,10,10,12,12,10,11,10,8,26.0,11,,9,9,11,11,10,10,10,11,8,,11,11,9,11,11,11,10,11,10,10,11,9,11,10,10,10,10,10,12,11,6,11,10,11,9,10,,10,10,11,0,11,33.0,10,10,11,11,10,10,14.0,10,10,11,,11,10,11,,25.0,11,11,11,11,9,11,11,11,0,12.0,,,11,13,11,11,10,10,,11,28.0,,10,9,33.0,11,10,10,11,,10,9.0,38.0,11,12,24.0,10,,12,11,28.0,,11,,26.0,27.0,,29.0,,11,,,11,36.0,11,10,10,11,10,14.0,,11,11,,10,11,10,10,10,,,10,10,11,11,10,10,10,,22.0,10,11,,10,23.0,29.0,11,11,,10,22.0,11,11,11,12,,,10,20.0,,12,11,11,16.0,11,11,10,,11.0,,11,11,10,11,24.0,11,,33.0,10,19.0,,9,,9,10,33.0,,0,34.0,11,10,35.0,11,11,10,11,10,12,19.0,,10,11.0,,37.0,,26.0,11.0,10,10,16.0,,11,13.0,11,10,,10,36.0,11,20.0,14.0,,,,11,10,,10.0,11,,,11,,,,10,11,,,,,10.0,11,,,11,,,11,,23.0,,,16.0,,20.0,18.0,20.0,38.0,,14.0,11,10,14.0,22.0,13.0,11,11,11,10,11,,11,11,18.0,0,28.0,8,,10,10,,,11,,10,28.0,,,10,11,,12,,,14.0,32.0,10,13.0,15.0,,12.0,11,,11,24.0,29.0,23.0,10,19.0,,11,30.0,9,10.0,,10,11,,,,,12,29.0,29.0,38.0,12.0,22.0,,11,,,,,11,,,10,,18.0,11,,16.0,11,33.0,,11.0,,,11,15.0,,,11,,,,11,,,,,11,10.0,10,10,11,,,28.0,10,11,,,10,10,12,,11,10,,11,11,11,12,,12,11,11,10,11,,13.0,0,12,,,12.0,,,,,14.0,,9,,11,10,11,15.0,11,11,11,11,11,14.0,,,,20.0,10,19.0,,31.0,29.0,28.0,18.0,24.0,10,22.0,,11,,11,,,0.0,11,11,,26.0,,,,11,,26.0,11,23.0,,,,,,18.0,,,,12,,,,34,7,2.2264883079750812,-0.7129241861972426
6,6,6,6,6,5,6,6,6,6,6,6,5,2,5,5,5,5,6,3,5,5,7,5,6,6,6,5,5,6,5,6,6,6,6,5,5,6,6,6,6,2,5,7,5,6,5,5,6,7,7,4,6,6,6,6,6,6,5,6,6,6,5,5,5,5,6,7,5,5,6,7,7,6,5,7,6,6,0,5,5,5,4,4,5,6,4,3,6,6,6,6,6,4,5,5,5,7,6,6,6,6,7,6,6,5,5,5,6,6.0,7,7,7,5,5,5,5,6,5,7,6,4,6,6,6,6,6,6,4,4,5,6,5,5,6,6,6,5,6,4,6,5,5,5,6,5,6,5,6,6,6,6,5,5,5,6,6,6,6,6,2,5,6,6,5,5,5,5,5,5,5,6,5,5,6,7,6,6,6,5,5,6,6,5,5,7,6,5,5,5,6,3,7,7,6,6,5,5,5,5,4,5,8,3,2,0,5,5,6,5,5,5,5,6,5,5,6,6,5,6,6,6,5,6,6,6,6,6,6,6,6,6,5,5,6,6,5,6,6,7,4,6,6,6,6,6,7,7,6,5,5,6,6,6,6,5,5,6,6,6,6,6,6,5,6,6,6,7,6,5,6,6,5,6,6,6,7,6,5,5,4,6,5,5,6,5,6,6,6,7,5,6,6,6,6,6,5,7,6,6,6,5,6,5,6,6,5,6,6,6,6,6,6,7,6,0,6,7,5,7,6,6,6,6,6,6,5,6,7,5,7,6,6,5,6,7,5,6,4,6,5,7,5,6,7,6,5,6,,6,6,5,6,6,7,5,6,6,6,7,6,6,5,6,6,5,5,5,6,7,6,5,6,5,6,6,6,5,6,6,6,7,9.0,28.0,7,7,7,6,6,6,6,7,0,5,6,6,7,6,18.0,6,6,6,7,6,5,5,6,6,6,5,6,6,6,6,30.0,29.0,18.0,6,6,5,5,6,5,6,3,6,5,6,6,6,5,6,8,6,5,7,,6,5,,6,5,6,6,6,5,6,6,6,0.0,5,7,6,6,6,6,10.0,6,5,6,6,6,6,,5,7,6,6,6,7,6,6,7,5,5,,7,7,6,20.0,6,6,3,5,6,6,5,7,7,6,5,7,6,5,5,4,6,6,5,6,0,6,7,7,4,7,5,,6,5,6,6,,4,7,6,7,7,5,5,6,7,25.0,6,,6,5,6,7,6,7,6,6,5,15.0,0,6,6,8,5,6,6,6,5,6,6,5,6,6,6,6,6,6,8,7,5,7,5,7,7,6,,6,6,6,7,7,13.0,6,4,7,6,6,6,,6,5,6,,6,1,6,,34.0,7,5,7,6,6,6,6,6,5,,,,6,8,7,6,5,6,,7,34.0,,6,7,,6,6,6,7,28.0,6,,21.0,7,0,18.0,6,,7,7,9.0,,6,25.0,15.0,,,13.0,,7,,,6,,7,6,6,6,6,8.0,18.0,6,7,,6,7,6,6,7,,,6,6,6,7,6,6,3,,20.0,6,6,,6,26.0,28.0,7,4,,6,,7,6,7,8,,,6,,,7,6,7,7.0,6,7,7,,10.0,,7,7,6,6,,6,30.0,9.0,6,,,7,6.0,7,7,18.0,,7,6.0,6,6,,6,7,6,7,6,7,9.0,,6,5.0,,21.0,7.0,9.0,14.0,5,5,14.0,,7,5.0,7,6,,6,22.0,7,11.0,,,,,7,6,15.0,,7,22.0,,6,,,,6,6,,25.0,,27.0,21.0,7,,11.0,7,,,6,,,,9.0,14.0,,12.0,,,,7.0,25.0,7,7,,11.0,20.0,6,6,7,6,6,34.0,7,6,26.0,6,,4,,6,7,,,7,,6,,,,7,7,,7,9.0,,29.0,23.0,6,10.0,6.0,,,7,,6,6.0,19.0,17.0,7,29.0,,7,22.0,5,24.0,,6,6,,,,,7,6.0,,24.0,9.0,9.0,,7,,9.0,,,7,,,6,,8.0,7,,,7,9.0,,,,11.0,6,28.0,,21.0,6,,,,6,,,13.0,,7,5.0,7,5,6,,11.0,30.0,7,6,,,5,6,7,,7,6,21.0,7,6,7,7,,7,7,7,5,7,14.0,8.0,6,8,,18.0,9.0,,,,0.0,25.0,,7,,7,5,8,0.0,7,7,7,6,7,,,,,,5,25.0,,,34.0,13.0,33.0,17.0,6,31.0,,6,,7,,11.0,32.0,7,7,,13.0,,,18.0,7,22.0,30.0,7,,,,,,,18.0,,,27.0,8,,,,35,7,2.1661318704067942,-0.7615956756789766
5,5,4,5,2,5,5,4,4,5,5,5,4,4,5,0,4,4,1,3,4,4,6,4,5,5,5,5,4,4,4,5,5,5,5,5,5,5,5,5,4,4,4,6,4,4,4,5,5,6,6,5,6,5,5,5,5,5,4,5,5,5,3,4,4,5,5,6,4,5,5,5,6,5,4,5,6,4,4,4,4,4,3,4,4,5,4,4,4,5,5,5,5,5,5,5,5,6,5,5,5,5,6,5,5,4,4,3,5,6.0,6,6,6,5,4,2,5,5,5,6,5,3,6,5,5,5,5,5,4,4,5,4,3,4,5,4,5,4,5,5,5,4,4,4,5,4,5,4,5,5,5,5,4,4,4,4,6,5,4,5,3,4,4,4,5,4,0,5,4,4,4,5,4,4,4,6,6,5,6,4,4,5,6,4,4,6,5,4,5,4,5,5,6,5,5,5,5,5,5,5,6,4,7,5,5,5,5,5,5,4,4,4,3,5,5,4,5,5,4,5,5,4,4,5,5,5,4,5,5,5,4,5,5,4,5,5,4,5,5,6,5,5,5,5,5,4,5,6,5,4,5,5,4,5,4,4,4,6,5,5,6,5,5,5,5,5,4,6,5,4,5,5,5,5,5,5,6,6,5,6,4,4,4,4,5,4,5,5,5,6,4,5,5,5,5,3,4,6,5,5,5,1,5,4,5,5,5,0,5,5,3,5,5,5,1,5,5,5,5,6,5,5,5,5,5,5,5,5,6,4,6,5,6,4,6,6,5,5,4,4,4,5,5,5,6,5,5,5,,6,6,5,6,5,6,4,5,5,5,6,5,5,4,5,6,4,4,4,5,6,5,4,5,5,5,5,5,5,5,5,6,6,7.0,24.0,6,6,6,5,5,5,5,6,6,4,6,5,6,5,28.0,5,5,5,6,5,4,4,6,5,5,5,5,5,5,5,,24.0,15.0,5,5,5,3,5,4,5,4,4,5,4,2,5,4,5,6,5,4,6,10.0,5,5,,5,3,5,5,5,5,5,5,5,,4,6,5,2,5,5,13.0,5,4,4,5,5,5,,5,6,5,5,5,5,6,5,6,4,4,26.0,6,6,5,10.0,5,5,5,5,5,5,5,6,6,5,4,6,4,4,4,5,5,5,5,5,6,6,5,6,2,6,4,,5,4,5,6,,5,5,5,6,6,4,5,5,6,13.0,5,,5,5,6,6,5,6,4,5,3,20.0,6,5,5,7,7,6,4,5,5,5,5,3,5,5,5,5,5,5,7,6,5,6,5,6,6,5,,5,6,5,6,5,,5,5,0,5,5,4,21.0,6,5,5,,6,5,5,,8.0,6,5,6,5,5,5,6,6,5,14.0,,7.0,5,8,5,6,5,5,,6,,,5,6,19.0,5,5,5,6,7.0,5,20.0,8.0,6,6,24.0,6,,6,6,12.0,,5,14.0,7.0,,19.0,,,6,,14.0,5,11.0,6,5,5,5,5,22.0,,5,6,,5,6,5,5,7,,,5,5,5,6,5,4,5,,16.0,5,5,,5,4.0,,6,5,,6,,6,5,6,7,,16.0,5,14.0,16.0,6,5,5,,5,6,6,,,,6,6,5,4,17.0,6,21.0,0.0,5,11.0,,6,,6,6,11.0,10.0,6,,6,5,21.0,6,6,5,6,6,7,21.0,,5,5.0,13.0,,28.0,19.0,22.0,4,4,13.0,,6,6.0,5,5,,4,,6,8.0,13.0,,,,6,5,23.0,15.0,6,23.0,,5,,,,6,6,,23.0,,,,6,,26.0,6,,,6,,,,6.0,,,,,12.0,24.0,,,5,6,24.0,7.0,24.0,5,5,5,4,5,,6,6,21.0,5,,3,14.0,5,5,,,4,,5,24.0,,,5,6,,7,,,11.0,18.0,6,,8.0,,25.0,5,,6,,,,6,22.0,,5,17.0,1,6.0,,4,5,,0.0,,,6,22.0,,,,22.0,,6,19.0,8.0,,,5,24.0,,5,,,6,,11.0,6,7.0,,14.0,,,5,19.0,0.0,13.0,5,,,,5,,,,,6,29.0,6,6,5,,,,5,5,,,5,6,6,11.0,6,5,9.0,6,6,6,6,,6,6,6,4,6,5.0,23.0,6,7,,,,,,,,,,6,,5,0,6,18.0,6,6,7,5,6,13.0,,,,17.0,4,,0.0,,26.0,13.0,,0.0,5,20.0,,7,,6,29.0,19.0,,6,6,,23.0,,,18.0,6,,25.0,5,,,,,,,8.0,,,13.0,6,,,,36,7,2.0480106918885554,-0.7824776608892751
3,4,3,4,4,4,4,4,4,5,4,0,4,3,4,4,3,4,4,4,4,3,5,4,5,5,5,4,4,4,4,4,5,5,5,4,4,5,5,5,5,4,4,6,4,4,4,4,4,5,5,4,5,4,4,4,4,4,3,4,4,4,3,4,3,4,5,5,4,4,4,5,6,5,4,5,5,3,4,4,4,4,3,3,4,5,3,3,4,4,4,4,4,4,4,4,4,5,5,4,4,4,5,4,5,2,3,3,4,,5,6,5,4,3,3,4,4,4,5,5,2,5,4,4,4,4,4,3,3,4,4,4,4,5,5,5,3,4,4,4,4,3,4,5,3,4,4,0,4,4,4,4,4,4,4,5,4,3,1,3,4,4,3,4,4,3,4,4,3,2,4,2,4,4,5,5,4,5,4,3,4,5,3,4,5,4,4,4,4,4,4,5,5,4,4,4,4,4,4,5,4,7,4,4,5,4,4,4,0,3,3,4,5,4,4,5,5,3,5,5,4,4,4,5,4,4,5,4,4,4,4,4,3,4,4,4,4,2,5,4,4,4,3,4,4,5,5,5,1,5,4,3,4,4,4,3,5,4,5,5,4,4,4,5,5,5,5,4,4,4,4,5,5,4,4,5,5,3,5,3,2,3,3,4,4,4,5,4,6,0,4,4,5,4,4,4,5,4,5,2,3,4,3,4,4,3,5,3,5,4,4,4,5,4,6,4,5,4,5,4,4,5,5,5,4,4,4,5,4,6,5,5,3,5,5,4,4,4,5,4,5,4,4,5,5,4,5,0.0,5,5,4,5,4,5,4,4,4,5,5,4,4,4,4,5,3,3,4,4,5,5,3,4,4,5,4,4,3,5,4,5,5,,6.0,5,5,5,5,4,4,5,5,5,3,4,4,5,5,7.0,5,4,4,5,5,4,4,5,5,4,4,4,4,4,4,23.0,18.0,,4,4,3,3,4,4,4,1,5,4,4,5,5,4,3,6,4,3,5,16.0,5,4,,4,4,5,5,5,4,5,5,5,,4,6,5,4,5,4,11.0,4,4,4,4,5,4,,4,5,5,4,4,5,5,5,6,4,4,15.0,5,5,4,,4,4,4,4,4,5,4,6,6,4,4,5,4,3,4,3,5,5,4,5,5,6,5,5,4,6,4,27.0,5,4,5,5,,4,5,4,5,5,3,5,4,5,6.0,5,,4,4,5,5,3,2,4,5,3,13.0,6,5,5,5,6,5,4,5,4,4,5,4,5,4,4,4,4,4,7,6,5,5,4,6,5,4,,4,5,4,6,4,14.0,4,5,5,4,4,5,12.0,5,4,4,,5,4,5,,,4,4,5,5,4,5,4,5,5,,,9.0,4,8,5,5,3,2,,5,21.0,,4,5,28.0,5,4,4,5,7.0,0,17.0,30.0,5,5,26.0,4,,6,5,17.0,,5,13.0,27.0,8.0,,18.0,,4,,4.0,5,19.0,5,4,4,5,5,6.0,9.0,5,6,,5,5,4,4,6,,,3,4,5,5,4,4,5,,,5,5,,5,29.0,6.0,5,5,,5,,5,4,5,6,,12.0,4,,0.0,6,4,6,,5,5,3,,13.0,,5,5,5,5,5.0,5,10.0,,3,13.0,,5,,5,5,,11.0,5,,5,4,20.0,5,6,4,0,4,6,19.0,,4,5.0,,,6.0,,19.0,4,4,25.0,,5,25.0,5,5,,4,28.0,5,18.0,,,,,5,5,,23.0,5,,,4,,,,5,5,,16.0,,26.0,12.0,5,,18.0,6,,,5,,5.0,0.0,22.0,,,,17.0,6.0,,,28.0,5,5,18.0,18.0,23.0,4,0,5,4,5,,5,5,,5,5.0,3,4.0,5,5,,,5,,4,28.0,,,5,5,,6,13.0,,,,5,20.0,,27.0,13.0,4,,5,,,6.0,5,5.0,,5,25.0,4,,,4,5,,,,,5,25.0,20.0,25.0,19.0,,,5,20.0,27.0,,,5,13.0,,4,,,5,,,5,30.0,,11.0,,25.0,5,14.0,,9.0,4,,28.0,,5,,,15.0,,6,,6,5,4,,20.0,15.0,4,5,,,5,5,6,29.0,5,5,17.0,5,5,5,5,,6,5,5,4,6,,,5,6,,,,,,,,6.0,,5,,5,2,6,,5,5,6,5,6,14.0,,,,17.0,4,8.0,,,23.0,22.0,5.0,6.0,5,9.0,,6,,5,,,18.0,4,5,,14.0,13.0,,9.0,5,10.0,30.0,5,,,,,,,,,,9.0,6,,,,37,7,2.010682907348245,-0.7820794148390793
5,4,4,4,4,3,3,3,4,5,0,4,4,2,4,4,4,4,4,4,4,3,5,3,4,4,4,1,3,4,3,4,3,4,4,4,4,4,4,4,3,4,4,5,1,5,4,4,4,5,5,3,5,4,5,5,5,4,4,5,5,5,4,4,3,4,5,6,4,4,5,5,6,5,4,4,5,4,4,4,4,4,3,4,3,5,3,4,5,4,4,5,5,3,0,4,3,5,5,4,4,5,5,5,5,2,3,3,5,18.0,6,6,5,4,3,3,4,5,4,4,5,3,5,4,5,5,5,4,3,3,5,4,4,3,5,4,4,4,5,5,4,2,4,4,5,4,5,4,5,5,5,4,4,4,4,4,5,4,4,5,2,4,4,4,4,3,4,4,4,3,3,3,4,4,5,5,5,5,5,4,4,4,5,4,4,5,5,4,4,4,4,4,5,5,5,5,4,4,4,4,4,4,7,4,4,4,4,4,4,4,4,4,4,4,4,4,5,5,4,5,5,4,4,4,5,4,4,5,5,4,4,5,4,4,4,5,4,5,5,5,5,5,4,4,5,4,5,5,5,3,5,4,4,4,4,4,4,5,4,5,5,2,5,4,4,5,5,5,5,4,5,4,5,5,5,5,5,5,4,4,4,4,4,4,5,4,5,5,4,6,4,5,5,5,5,4,4,6,5,5,3,4,4,4,5,5,0,5,4,5,4,5,5,5,4,6,5,5,4,5,3,5,5,4,5,4,4,3,5,4,6,5,1,3,5,5,4,4,4,3,4,5,4,5,6,5,0,5,15.0,5,5,3,5,4,6,4,4,4,0,5,4,0,4,4,5,4,4,4,4,6,4,3,4,4,4,4,5,4,5,5,5,5,,,5,5,5,5,5,5,5,5,5,3,5,4,5,4,30.0,5,4,4,6,5,4,4,4,0,5,4,5,4,5,5,,,,4,5,4,4,4,4,4,4,5,4,3,5,5,4,4,4,5,3,5,17.0,4,2,30.0,4,4,4,4,4,4,5,5,5,,4,5,4,4,5,4,16.0,4,4,4,4,5,4,,4,5,4,4,5,5,4,5,6,4,4,25.0,6,5,4,12.0,4,5,4,4,5,5,4,5,5,4,4,5,4,4,3,4,5,5,4,4,5,5,4,4,4,5,3,,5,4,4,5,10.0,4,6,4,6,6,4,5,4,5,,5,,4,4,5,5,4,6,4,5,3,12.0,6,5,5,5,6,5,5,5,4,4,4,4,4,4,4,4,4,5,6,6,5,5,4,6,5,4,,5,5,5,6,5,,5,5,5,5,4,4,17.0,5,4,5,,5,3,5,,18.0,4,5,5,3,3,4,5,5,3,7.0,,,5,5,5,5,4,5,,5,,,4,5,11.0,5,5,4,6,9.0,4,10.0,5.0,6,6,31.0,5,,6,5,,,5,,,,9.0,11.0,,5,,14.0,5,,5,5,4,5,5,,19.0,5,5,,4,6,4,4,6,,,4,5,5,5,5,5,5,,5.0,5,5,,5,8.0,7.0,5,5,,4,29.0,6,5,5,6,,16.0,4,,21.0,6,5,6,30.0,5,5,4,,12.0,,6,6,5,5,23.0,5,25.0,9.0,5,5.0,,5,6.0,4,5,,20.0,6,9.0,5,5,26.0,5,3,5,5,5,6,,,5,9.0,21.0,,20.0,,14.0,4,4,16.0,,5,9.0,4,5,,5,,5,,,,,,5,4,20.0,,5,22.0,,5,,,,5,5,,,,,18.0,5,,18.0,6,,,5,,7.0,,12.0,16.0,,,,6.0,,19.0,,5,6,10.0,,26.0,5,5,5,5,5,,5,0,,5,9.0,1,25.0,5,5,,,5,,4,5.0,,,5,5,,6,14.0,,7.0,,5,20.0,,,,5,,5,21.0,9.0,,5,23.0,0.0,6,16.0,3,6.0,,4,4,,,,,6,21.0,12.0,,19.0,7.0,,5,18.0,,,,5,18.0,,5,,,5,,9.0,6,,,24.0,,11.0,4,12.0,,15.0,4,,7.0,,4,,,24.0,,6,24.0,6,5,5,,5.0,7.0,5,4,,,4,4,5,,6,5,,5,5,5,6,,6,6,6,4,5,19.0,27.0,5,6,,20.0,7.0,,14.0,,,7.0,,5,,5,4,6,17.0,0,5,6,5,6,6.0,,,,9.0,5,,,24.0,,6.0,13.0,16.0,4,,,2,,5,,,13.0,5,5,,8.0,,,12.0,3,10.0,25.0,5,,,,,,,11.0,,,31.0,6,,,,38,7,2.0604922820191907,-0.7926010105271459
6,6,4,3,4,4,0,6,6,7,5,6,6,5,6,5,5,5,5,5,5,4,6,5,6,6,6,6,5,5,5,6,6,6,6,5,5,6,6,6,6,5,5,7,5,5,0,6,6,6,6,5,7,6,5,5,3,2,4,4,6,6,5,4,5,5,6,7,5,5,6,6,7,6,5,6,6,6,5,6,5,4,4,4,5,6,5,5,5,5,6,6,6,5,6,6,5,6,6,6,6,6,6,6,6,3,5,4,6,0.0,7,7,6,5,5,5,5,5,5,7,6,4,7,6,5,6,5,5,5,5,6,5,3,5,6,6,6,1,5,5,5,5,4,6,6,5,6,5,7,6,6,6,5,5,5,5,7,6,5,5,4,5,5,5,5,5,5,6,5,4,5,6,5,5,5,6,6,6,7,6,4,6,6,4,5,7,6,5,5,5,6,5,5,5,5,5,6,6,6,6,6,5,8,6,6,6,6,6,5,5,4,4,5,6,5,5,6,6,5,6,6,5,5,5,6,6,5,6,6,6,5,6,6,5,5,6,5,5,6,6,6,6,5,5,5,6,7,7,6,2,6,6,4,5,5,5,5,6,5,6,6,6,6,5,6,6,7,7,6,5,6,5,4,5,6,6,7,6,5,6,5,4,5,5,6,5,3,6,6,7,5,6,5,6,6,6,5,6,6,6,5,5,6,4,5,4,5,6,5,6,0,6,6,6,6,7,1,6,5,6,6,6,6,5,6,6,5,5,6,5,7,6,7,5,6,6,6,6,5,6,5,7,6,6,7,6,5,6,,6,7,5,6,5,7,4,5,5,6,7,6,5,5,5,6,5,5,5,6,6,6,4,6,6,7,5,6,6,7,6,7,7,,15.0,7,7,7,6,6,6,6,7,7,5,7,6,7,6,,6,6,5,7,6,5,5,7,6,4,0,6,5,4,6,,,,6,5,5,5,5,5,6,4,6,6,5,6,3,5,6,7,5,5,6,23.0,6,5,27.0,6,5,6,6,6,6,6,6,5,,5,7,6,5,6,6,,6,5,6,4,6,5,,5,6,6,6,6,6,6,6,7,4,5,32.0,7,7,5,12.0,5,4,6,6,6,6,5,7,7,5,5,6,6,5,5,5,5,6,6,7,7,7,7,7,6,7,5,25.0,6,5,7,6,6.0,5,7,6,6,6,5,6,4,7,32.0,6,,6,6,6,6,6,7,5,5,5,14.0,7,6,6,8,8,6,6,6,6,5,6,5,6,5,5,5,6,5,6,7,6,7,6,8,6,6,,6,6,5,8,7,29.0,6,6,7,5,6,6,,7,6,6,,6,3,6,,14.0,7,5,5,6,5,6,6,6,6,,,11.0,6,8,6,6,5,6,,6,,,4,7,26.0,6,6,5,7,15.0,5,13.0,7.0,7,6,23.0,7,,7,6,12.0,,6,,,16.0,25.0,18.0,,6,,15.0,0,,6,6,5,6,6,16.0,13.0,6,7,,6,7,5,6,7,,,6,6,6,6,5,6,5,,27.0,6,6,,7,18.0,,6,6,,6,15.0,6,4,6,8,,,6,26.0,22.0,7,5,7,15.0,5,6,7,,11.0,,7,7,6,6,7.0,0,22.0,21.0,6,,,7,9.0,7,7,6.0,,7,12.0,6,6,,6,7,6,7,6,7,27.0,,4,22.0,15.0,13.0,21.0,,30.0,5,4,,,7,,6,6,,6,27.0,7,,10.0,,,,7,6,,15.0,7,6.0,,6,,,,7,6,,16.0,,9.0,12.0,6,,18.0,7,,,6,,0.0,,24.0,13.0,,11.0,,32.0,13.0,,11.0,5,7,11.0,25.0,,5,6,7,5,6,27.0,5,6,,6,7.0,5,,6,7,,10.0,5,,5,,,,5,7,,7,,,27.0,12.0,6,8.0,8.0,,22.0,0,,6,7.0,6.0,15.0,7,9.0,,6,25.0,5,,,4,6,,,,,5,9.0,31.0,23.0,,,,7,7.0,12.0,,,6,27.0,,5,,16.0,7,,,6,24.0,,7.0,,,6,26.0,,,5,,22.0,,6,,,,,7,6.0,7,6,6,,,27.0,7,6,,,7,6,7,,5,7,26.0,4,7,6,5,,7,6,6,5,6,28.0,,7,7,,,13.0,,14.0,,,8.0,,7,,4,5,8,,7,6,8,6,7,10.0,,,,23.0,0,,,,14.0,30.0,17.0,10.0,5,20.0,,8,,6,30.0,25.0,,7,6,,23.0,32.0,,,6,16.0,15.0,5,,,,,,,21.0,,,,6,,,,39,7,2.1344041450777196,-0.7743633543202983
5,5,5,5,5,4,4,5,6,6,5,5,5,3,4,4,4,4,5,4,5,4,6,4,5,5,5,5,4,5,4,5,5,5,5,5,5,6,5,5,5,4,4,7,4,5,4,4,5,5,5,4,4,5,5,5,5,5,4,5,5,5,4,4,3,4,5,6,5,5,5,5,7,5,5,6,6,5,5,5,4,4,4,4,4,5,3,1,5,5,5,5,5,4,4,0,5,6,5,5,5,5,6,5,5,4,4,4,5,,5,6,6,5,4,4,5,5,5,5,5,2,5,5,5,5,5,5,3,3,3,5,4,5,5,5,5,4,5,5,5,5,4,4,5,4,5,5,6,5,5,5,4,4,4,4,6,5,5,5,4,5,5,5,5,4,4,4,4,4,4,5,2,5,5,6,5,5,5,5,4,5,6,3,4,6,5,5,5,5,5,5,6,6,5,5,1,4,0,4,4,4,7,4,5,4,4,4,5,4,2,4,4,6,5,4,5,0,4,5,5,5,3,5,6,5,5,5,5,5,5,5,4,5,5,4,4,5,5,6,5,6,5,5,5,5,6,6,5,3,5,5,4,5,4,4,4,5,5,6,6,5,5,5,5,6,6,6,5,4,5,5,5,5,5,3,6,5,4,5,4,4,4,4,5,4,5,5,3,6,4,5,4,6,5,5,5,6,6,6,4,4,5,3,5,5,5,6,5,5,5,5,5,6,5,6,5,6,4,6,5,5,5,5,6,5,4,5,6,4,6,5,6,4,6,6,5,5,5,5,4,6,5,5,6,5,5,5,18.0,6,5,4,5,5,6,4,5,4,6,5,5,5,4,4,5,4,4,4,5,6,5,4,3,5,6,5,5,4,6,5,5,6,6.0,11.0,6,6,6,5,5,5,5,6,6,4,6,5,6,5,25.0,5,5,4,7,5,4,4,6,6,5,5,5,5,5,4,13.0,,,5,5,4,4,5,5,5,3,5,4,5,5,5,5,5,6,4,4,6,23.0,5,4,,3,5,5,5,5,5,5,0,5,,4,6,6,5,5,5,6.0,4,0,5,5,6,5,,4,6,5,5,5,6,6,5,7,5,4,9.0,6,6,5,20.0,5,5,5,5,0,4,4,7,6,4,5,6,5,4,4,4,6,6,5,6,6,6,6,7,5,7,5,,5,5,6,5,8.0,4,6,4,6,6,4,6,5,6,,5,,6,4,5,6,6,7,5,5,4,,6,6,5,7,6,4,5,5,4,5,5,4,5,5,5,5,5,5,7,6,6,6,5,7,6,5,,5,5,5,6,6,,5,5,6,5,5,6,25.0,6,5,5,,6,5,5,,24.0,6,5,6,5,5,5,5,5,4,15.0,,,5,8,6,5,5,6,,5,28.0,,5,6,,6,5,5,6,13.0,3,22.0,,6,6,19.0,5,,6,6,,,6,,,20.0,14.0,19.0,,6,,8.0,5,13.0,6,5,5,5,5,8.0,,4,7,,6,6,5,5,6,,,5,5,6,5,5,5,5,,12.0,5,6,,6,12.0,12.0,6,6,,5,,6,5,6,5,,31.0,5,,20.0,6,5,6,6.0,6,6,6,,22.0,,6,6,6,6,17.0,6,9.0,25.0,4,8.0,,6,6.0,5,6,,,6,8.0,6,5,,6,7,5,6,5,6,27.0,,5,7.0,0.0,6.0,27.0,7.0,25.0,5,5,18.0,,5,6.0,6,6,,5,26.0,6,11.0,13.0,,,,6,6,18.0,,6,,,5,,,,5,6,7.0,14.0,,14.0,21.0,6,,,7,,,5,,32.0,,11.0,33.0,,26.0,8.0,9.0,11.0,24.0,20.0,6,7,,10.0,33.0,5,0,6,5,5,13.0,6,6,,5,,3,16.0,5,6,,,6,,5,8.0,,,6,6,,6,32.0,,7.0,9.0,5,28.0,,,,5,,5,15.0,,,6,,,6,11.0,5,,,5,6,,,,,6,6.0,15.0,,27.0,,,6,,23.0,,,5,14.0,,5,,,6,,14.0,6,9.0,,,,,5,13.0,,20.0,5,,32.0,,5,,,31.0,,6,19.0,6,5,5,0.0,8.0,8.0,6,5,,,5,5,6,32.0,6,5,,6,6,6,6,,6,6,6,4,6,33.0,,5,7,,,32.0,,,,,19.0,,6,,5,5,7,,6,5,0,6,7,12.0,,,,29.0,5,14.0,,,33.0,12.0,14.0,6.0,5,,,6,,6,,7.0,25.0,6,6,,13.0,,,,5,27.0,6.0,6,,,,,,,14.0,,,,7,,,,40,7,2.065447154471543,-0.7923349135158859
6,6,6,6,6,6,6,6,6,7,6,3,6,5,6,6,6,5,6,6,6,5,7,6,7,6,7,6,6,6,6,5,7,7,6,6,4,7,7,6,7,6,6,8,5,6,6,6,6,7,7,6,7,6,6,5,6,6,4,6,7,6,5,6,6,5,7,7,6,5,7,7,7,6,6,7,7,6,6,6,5,6,4,6,6,6,5,6,6,6,6,7,4,6,6,6,5,7,7,6,6,7,7,7,7,6,5,5,6,21.0,7,8,7,6,5,6,6,7,6,7,7,5,7,6,7,7,6,6,5,2,0,6,6,5,7,6,7,5,6,6,7,6,5,6,7,5,6,6,7,7,7,6,6,6,6,6,7,7,6,6,4,6,6,6,6,5,5,6,6,5,6,6,5,6,5,7,7,6,7,6,6,6,7,5,5,7,6,6,6,6,6,6,7,7,6,7,7,6,6,6,7,6,9,6,6,7,6,6,6,6,5,5,6,7,6,6,6,6,0,6,6,5,6,6,7,6,6,7,6,6,6,6,6,6,6,7,6,7,6,7,7,7,6,6,7,6,7,7,6,5,7,6,6,6,4,6,5,6,6,6,7,6,7,6,6,7,7,7,6,6,7,6,7,7,7,6,7,7,6,7,6,6,5,5,6,5,6,6,7,7,1,6,6,7,6,6,6,7,7,7,6,5,7,6,6,6,6,6,6,6,3,6,0,7,5,8,6,2,6,7,6,7,7,6,7,6,6,5,6,5,8,7,7,6,8,8,6,6,6,6,5,7,6,7,8,6,6,7,,7,7,6,7,6,8,6,6,6,6,7,6,6,6,6,7,4,5,6,6,7,7,6,6,6,7,6,7,5,7,7,7,7,12.0,13.0,7,7,8,7,7,6,7,7,7,6,7,6,7,7,8.0,6,6,3,8,6,6,6,7,7,6,6,7,6,6,6,,,,6,6,6,5,6,6,6,6,1,5,6,7,7,6,6,8,7,5,7,18.0,7,6,13.0,6,6,7,7,7,6,7,7,7,,6,7,4,6,7,7,7.0,6,6,6,6,7,6,,6,7,7,6,6,7,7,7,8,6,6,23.0,7,6,6,7.0,6,6,6,6,7,7,6,8,8,6,6,7,6,5,5,5,7,7,5,7,7,7,7,8,6,8,6,21.0,6,6,7,7,,6,7,6,7,7,6,7,6,7,13.0,7,,6,0,7,7,6,7,6,7,5,17.0,8,7,7,8,8,7,5,4,5,6,7,6,7,6,6,6,6,6,9,8,7,7,7,8,7,6,,6,7,7,7,7,2.0,5,7,7,7,6,6,14.0,7,3,6,,7,6,7,,,7,6,7,7,6,7,7,7,6,19.0,,,7,10,7,6,6,6,,7,,,6,7,16.0,7,6,6,8,18.0,6,,,8,7,,6,,8,7,17.0,,7,,9.0,12.0,17.0,12.0,,7,,15.0,6,12.0,7,6,6,7,7,,14.0,6,8,,7,7,6,6,8,,,6,6,7,6,6,6,6,,,6,7,,7,,10.0,0,7,0.0,7,,7,6,7,8,,24.0,6,23.0,,8,6,7,,7,7,0,,10.0,,7,8,6,7,23.0,7,18.0,,6,,,7,21.0,8,7,,20.0,7,,7,6,19.0,7,7,6,7,7,8,,,7,11.0,,7.0,11.0,23.0,12.0,6,6,,,7,,7,6,,7,9.0,7,17.0,15.0,,,,7,7,,22.0,7,,,7,,,,7,7,15.0,,,14.0,,7,,21.0,8,,,7,,8.0,,13.0,15.0,,,23.0,25.0,10.0,7.0,6.0,7,8,16.0,16.0,,6,7,7,6,7,16.0,7,7,,6,,6,,7,7,,10.0,5,,6,23.0,,,7,7,,8,9.0,,18.0,20.0,6,14.0,,,11.0,7,,7,,,8.0,8,25.0,,7,24.0,6,8.0,,6,7,,,,,7,18.0,,13.0,13.0,,,7,15.0,,,,7,14.0,,6,,14.0,7,,18.0,0,,,8.0,,,6,,,,6,,24.0,,7,,,22.0,,7,18.0,8,7,7,,7.0,,7,7,,,7,7,8,,7,7,15.0,7,7,7,8,,8,7,7,6,8,14.0,,7,7,,25.0,,,18.0,,0.0,21.0,,8,,7,6,8,23.0,8,7,8,7,8,,,,,,5,21.0,,19.0,20.0,,17.0,11.0,6,13.0,,8,,7,20.0,18.0,11.0,7,7,,,8.0,,9.0,7,9.0,10.0,7,15.0,,,,,,19.0,,,25.0,8,,0.0,,41,7,1.9715625318520031,-0.7796906227447944
6,6,5,6,5,5,5,3,5,6,5,6,5,4,6,6,5,5,5,5,5,5,6,5,6,2,6,3,5,5,5,5,6,6,6,5,5,6,5,6,4,5,5,7,5,6,5,5,6,6,6,6,4,6,6,6,6,6,5,6,6,5,4,5,5,5,6,6,5,5,6,6,7,6,5,6,6,5,5,5,5,5,4,4,5,6,4,5,6,6,5,6,6,5,6,6,5,6,6,6,6,6,6,6,6,4,5,4,5,20.0,6,7,6,5,5,4,5,6,6,6,6,4,6,3,6,6,6,5,5,5,6,5,5,5,6,5,6,5,6,6,6,5,4,5,6,5,6,5,6,6,6,5,5,3,5,6,6,6,5,5,3,5,6,5,6,5,4,5,5,5,5,6,5,5,5,7,6,6,6,5,5,6,6,5,5,7,5,5,6,5,5,5,6,6,5,6,6,5,6,4,6,5,8,5,6,6,5,6,6,5,5,5,4,5,5,5,6,6,5,6,6,5,5,5,6,6,5,6,6,5,6,6,5,5,4,6,5,6,6,6,6,6,5,6,6,5,6,6,6,4,6,5,5,5,5,5,5,6,5,6,6,5,6,5,5,6,6,6,6,5,6,6,6,6,6,0,6,5,5,6,5,5,5,5,6,5,6,6,5,7,5,6,6,6,4,5,2,5,6,0,5,1,6,5,6,6,5,6,4,6,5,2,6,6,5,7,6,6,5,6,6,6,7,6,4,6,5,5,6,4,7,6,6,5,7,7,5,5,5,5,3,6,5,6,7,6,6,6,19.0,6,6,5,6,5,7,5,5,5,6,6,6,5,5,5,6,5,5,5,5,7,6,5,5,5,6,5,3,5,5,6,6,6,12.0,13.0,6,6,7,6,6,6,6,6,6,5,6,5,7,5,13.0,6,6,5,7,6,5,5,6,6,6,5,6,5,6,6,28.0,24.0,18.0,5,5,5,4,5,5,5,5,6,5,5,6,6,4,6,7,6,5,6,0.0,6,4,,5,5,6,6,6,5,6,6,6,,2,0,5,5,6,6,24.0,6,5,5,6,7,5,,5,7,2,5,6,6,6,6,7,5,5,8.0,6,6,5,,4,6,6,6,6,6,6,6,7,5,5,6,5,5,0,5,6,6,5,6,6,6,6,7,5,7,3,,5,5,6,6,,5,6,4,7,7,5,6,6,6,,6,,6,5,6,7,6,7,5,6,5,28.0,5,6,6,8,7,6,6,6,5,5,6,5,6,5,5,5,6,6,8,7,6,7,6,7,6,6,,4,6,6,7,6,28.0,5,6,6,6,6,6,17.0,6,5,6,,7,6,6,0.0,15.0,6,6,6,6,5,5,6,7,6,,,15.0,6,9,6,6,5,6,,7,,,6,6,7.0,6,6,5,3,0.0,5,24.0,8.0,7,7,8.0,5,,7,6,26.0,,6,,28.0,23.0,8.0,6.0,,7,,8.0,6,11.0,7,6,6,6,6,21.0,,6,6,,6,6,5,6,7,,,6,6,6,6,6,5,6,,,6,6,,6,28.0,17.0,6,6,,5,9.0,7,6,6,6,,23.0,6,9.0,19.0,7,6,6,25.0,6,7,6,,,,7,7,6,5,26.0,6,,26.0,6,,,6,10.0,0,6,17.0,19.0,7,25.0,6,5,28.0,6,6,0,7,6,8,,,6,10.0,,17.0,8.0,25.0,8.0,0,5,22.0,,7,13.0,6,6,,6,,6,9.0,,,,,7,6,,,7,15.0,,6,,,,6,6,,,,22.0,12.0,6,,,7,,,6,,13.0,,17.0,11.0,,9.0,6.0,6.0,28.0,,7.0,6,7,,,15.0,6,6,6,5,6,11.0,6,6,10.0,6,27.0,5,20.0,6,6,,,6,,6,19.0,,,6,6,,7,,,,,6,11.0,19.0,,,6,,6,18.0,,,7,22.0,,6,,5,,,5,6,,,,,6,19.0,27.0,23.0,10.0,27.0,,6,,,,,6,28.0,,6,,13.0,6,,,7,,,8.0,,14.0,6,23.0,,,6,,16.0,,6,,,,,7,7.0,7,6,6,,14.0,13.0,6,6,,,6,6,7,26.0,7,6,,7,6,6,7,,8,7,6,5,7,22.0,,6,8,,,15.0,,,,,7.0,,7,,6,6,7,6.0,6,6,7,6,7,,,,,,5,,,25.0,,,12.0,16.0,4,7.0,,7,,6,8.0,13.0,7.0,7,6,,14.0,13.0,,6.0,6,,7.0,6,,,,,,,9.0,,,7.0,7,,,,42,7,2.0271874999999993,-0.7797544058728507
14,13,13,13,13,13,13,14,14,15,12,13,13,13,13,13,13,13,13,13,13,12,14,13,14,14,14,13,11,13,13,13,14,14,14,13,13,14,14,14,13,13,13,15,13,13,13,14,14,14,14,13,14,14,13,13,13,13,12,14,14,14,12,12,13,14,14,15,13,13,14,14,15,14,12,14,14,13,13,0,13,13,12,12,13,14,13,12,13,13,14,14,14,13,14,14,13,14,14,14,13,13,14,14,14,13,13,12,14,20.0,13,0,14,13,13,12,13,14,14,14,14,11,14,14,13,13,11,13,12,13,14,13,13,12,14,14,14,13,14,14,14,13,12,13,14,13,14,13,14,14,14,13,13,10,13,13,14,14,13,13,12,13,13,13,14,13,12,14,13,13,13,14,13,13,13,14,14,14,15,13,13,14,14,12,13,14,13,13,13,13,13,13,14,14,13,14,14,14,14,13,14,13,16,13,14,14,14,14,12,13,12,9,12,14,13,13,14,14,13,14,14,13,13,13,14,14,13,14,14,13,13,14,14,13,13,14,13,14,14,14,12,14,13,13,14,13,15,15,14,12,14,14,13,13,12,13,11,14,13,14,14,13,14,13,14,14,14,15,13,12,14,13,14,14,14,14,15,14,13,14,13,13,12,12,14,13,13,14,13,15,13,14,14,14,14,13,13,15,14,14,13,13,14,12,13,13,13,13,10,14,13,14,14,14,13,15,14,14,13,14,14,14,14,14,14,14,13,13,14,13,15,14,15,13,15,15,14,13,13,12,12,15,14,14,15,14,14,14,0.0,14,15,13,14,13,14,10,13,13,14,15,14,13,13,13,14,13,13,13,14,14,14,13,13,13,15,13,13,13,14,14,14,14,28.0,,14,14,15,13,14,14,14,15,14,13,14,13,15,14,,14,13,13,15,14,13,12,15,14,12,14,14,13,13,14,,,,13,14,12,13,14,13,14,8,14,13,13,14,14,13,13,15,14,12,15,,14,13,,14,13,14,14,14,13,13,14,14,,13,15,14,13,14,14,,14,13,13,13,14,0,,13,14,14,13,14,14,14,14,15,13,13,25.0,15,15,13,39.0,13,13,13,14,14,14,13,15,15,13,13,14,13,13,13,13,14,0,14,15,15,15,15,15,14,15,13,,14,13,14,14,23.0,13,15,14,14,14,13,14,13,14,,14,,14,13,14,14,14,15,13,14,13,29.0,15,14,14,15,15,15,14,14,13,13,14,13,14,13,14,13,14,10,16,15,14,15,14,16,14,14,,14,14,13,15,15,,14,14,15,13,14,14,19.0,15,14,14,,15,13,14,,21.0,14,13,14,14,13,14,14,14,14,28.0,,,14,17,14,14,13,14,,14,,,14,15,36.0,14,13,13,15,31.0,13,26.0,,0,15,18.0,14,,15,15,13.0,,14,38.0,,,19.0,26.0,,14,,32.0,14,19.0,14,14,13,14,14,17.0,28.0,14,15,,14,15,13,14,15,,,14,14,14,14,13,14,14,,29.0,14,14,,15,27.0,,14,14,,14,24.0,14,14,14,15,,24.0,14,0.0,21.0,15,14,14,,14,15,15,,17.0,,15,15,14,14,,14,26.0,34.0,14,22.0,,14,27.0,15,15,,15.0,0,29.0,14,13,29.0,14,15,14,15,14,15,27.0,,13,,18.0,,,28.0,18.0,13,13,20.0,,15,24.0,14,14,,14,21.0,14,14.0,22.0,,,,15,14,0.0,,14,16.0,,14,,,,14,14,41.0,26.0,,21.0,19.0,14,,,15,,,14,,27.0,,23.0,17.0,,,32.0,16.0,,20.0,,14,15,40.0,,18.0,13,14,7,13,14,25.0,14,14,37.0,14,,12,41.0,14,15,,,14,,13,,,,14,15,,15,17.0,,26.0,22.0,14,28.0,15.0,,,14,,14,35.0,25.0,28.0,15,18.0,,14,,13,,,13,14,,,,,14,41.0,23.0,27.0,27.0,,,14,19.0,40.0,,,14,21.0,,13,,34.0,14,,24.0,14,15.0,,,,31.0,14,41.0,,,13,,31.0,,14,,0.0,,,15,,15,14,14,,,,15,14,,,14,14,15,,14,14,,14,14,14,15,,15,14,14,13,15,17.0,35.0,15,15,,,,,,,,32.0,,15,,14,13,16,31.0,15,14,16,14,15,41.0,,,,,13,26.0,,19.0,17.0,,19.0,20.0,14,,,15,,14,28.0,,17.0,15,14,,40.0,21.0,,,14,31.0,37.0,14,29.0,,,,,,18.0,,,19.0,15,,,,43,7,2.187628021302747,-0.7809385284456242
5,4,4,4,4,4,5,5,5,6,4,5,4,4,4,4,4,4,4,4,4,4,5,4,5,5,5,4,4,5,4,4,5,5,5,0,4,5,5,5,5,4,4,6,4,3,4,5,5,5,5,4,5,5,5,5,3,5,3,5,5,5,3,4,4,4,5,6,4,4,5,5,6,5,4,5,5,4,5,4,4,4,3,4,3,5,4,1,5,4,5,5,5,4,5,5,4,5,5,5,5,5,5,5,5,3,3,3,5,31.0,4,6,4,4,3,3,4,5,5,6,5,3,5,5,5,5,5,4,3,3,4,4,4,4,5,5,5,4,5,5,5,5,4,4,5,4,5,4,5,5,5,5,4,4,4,4,5,5,4,4,2,4,4,4,5,4,4,5,4,4,4,5,3,4,4,5,5,5,5,4,4,3,4,4,4,6,4,4,4,4,4,4,5,5,5,5,5,5,5,5,5,4,7,4,5,5,5,5,4,4,4,4,4,5,4,3,5,5,4,5,5,4,4,3,5,5,4,4,5,5,4,4,5,4,4,5,4,5,5,5,5,5,5,5,5,4,6,6,4,3,5,4,4,4,2,4,3,5,4,5,5,5,5,4,5,5,6,6,5,4,5,4,5,5,5,5,5,5,4,5,1,4,3,0,5,4,5,4,4,6,4,5,4,5,5,4,4,5,5,5,4,4,4,2,5,5,4,5,5,5,5,5,5,5,4,6,5,5,4,5,5,5,5,5,5,5,3,4,5,4,6,5,6,4,6,6,5,5,4,5,4,5,4,5,6,5,5,5,9.0,5,5,4,5,4,6,4,4,4,5,6,5,5,4,4,5,4,4,4,4,6,5,4,2,4,5,4,5,4,5,5,5,5,,14.0,5,5,6,5,5,5,5,6,5,4,4,5,6,5,,5,5,4,6,5,3,4,6,5,5,5,5,4,4,5,,,18.0,5,5,4,4,5,4,5,4,2,4,4,5,5,4,0,6,5,3,5,26.0,5,4,12.0,4,4,5,5,5,4,5,5,5,,4,6,0,4,5,5,12.0,5,4,4,4,5,4,,3,5,5,4,5,5,5,5,6,4,4,,5,6,4,28.0,4,5,5,5,5,5,4,6,6,4,4,5,4,0,4,4,5,5,5,5,6,6,6,6,5,4,4,6.0,5,3,5,5,16.0,4,6,5,6,6,4,5,5,6,17.0,5,,5,4,5,5,5,6,4,5,4,19.0,6,5,5,7,6,5,4,5,4,4,5,4,5,4,4,4,5,5,7,6,6,5,5,7,5,5,,5,5,5,7,6,,4,5,6,5,5,5,17.0,6,5,5,,6,5,4,,19.0,5,5,5,5,4,5,5,6,5,29.0,,0.0,5,8,5,5,4,5,,6,,,4,6,,5,5,4,6,14.0,4,31.0,7.0,6,6,,5,,6,5,,,5,21.0,27.0,17.0,,,,5,,,5,15.0,6,5,4,5,5,19.0,16.0,5,6,,5,6,4,5,6,,,5,5,5,5,4,5,5,,26.0,5,5,,6,13.0,29.0,5,5,,5,0.0,6,5,5,7,,20.0,5,9.0,16.0,6,5,5,29.0,5,6,6,,14.0,,6,6,6,5,15.0,5,9.0,12.0,5,5.0,,5,,6,6,,,6,15.0,5,4,25.0,5,6,5,6,4,7,12.0,,5,,8.0,,17.0,,6.0,4,4,30.0,,6,31.0,5,5,,5,24.0,5,,18.0,,,,5,5,,,6,27.0,,5,,,,5,5,23.0,28.0,,12.0,11.0,5,,31.0,6,,,5,,27.0,,,,,9.0,,6.0,15.0,8.0,,5,6,,,10.0,5,5,5,4,5,22.0,5,5,,5,,4,,5,6,,,5,,4,,,,5,6,,4,28.0,,,12.0,5,18.0,15.0,,0.0,5,,5,,,,6,21.0,,5,22.0,4,,,4,5,,,,,6,6.0,20.0,6.0,18.0,8.0,,6,27.0,0.0,,,5,31.0,,5,,9.0,6,,10.0,5,0.0,,16.0,,12.0,5,20.0,,10.0,3,,,,5,,,24.0,,5,,6,6,5,,11.0,18.0,6,5,,,5,5,6,10.0,6,6,26.0,5,5,5,6,,6,5,5,4,5,26.0,6.0,5,7,,,5.0,,,,,,,6,,5,5,7,10.0,6,4,6,5,7,,,,,,4,,,7.0,24.0,19.0,21.0,,5,,,6,,5,26.0,10.0,5.0,6,5,,,15.0,,,5,25.0,10.0,5,,,,,,,12.0,,,13.0,6,,,,44,7,2.1076396097155907,-0.7749320920347231
6,6,6,6,6,4,6,6,6,7,5,6,6,5,5,6,6,5,6,6,2,5,6,5,6,6,6,5,5,5,5,6,6,5,6,5,6,6,6,6,5,4,6,8,5,6,6,5,6,7,7,5,7,6,6,6,6,6,5,6,6,6,4,5,5,6,6,7,5,4,6,7,7,6,5,6,6,6,6,6,5,5,4,5,5,6,5,5,6,5,6,6,5,5,6,6,4,7,6,0,6,6,7,6,7,5,5,5,5,25.0,6,7,6,4,5,5,3,6,6,6,6,1,7,6,6,6,6,6,5,5,6,6,5,0,6,5,5,6,6,6,6,6,5,6,7,6,6,5,7,7,6,5,5,6,6,5,7,6,6,6,4,5,6,5,6,5,5,6,5,5,5,5,6,4,6,7,6,6,7,6,6,6,7,5,5,7,6,5,6,3,5,6,7,7,6,5,6,6,6,6,6,5,8,6,6,6,6,6,6,6,6,5,5,7,6,5,6,6,6,6,6,6,6,6,7,0,5,6,6,6,6,6,5,6,6,6,5,7,6,7,7,7,6,6,6,5,7,7,6,5,6,5,6,6,6,5,5,7,6,6,4,5,6,5,7,7,7,7,6,5,6,6,6,7,6,6,7,7,6,6,5,6,5,5,6,6,5,6,6,7,6,6,6,7,6,6,6,7,7,6,6,5,6,5,6,6,3,6,6,6,6,6,6,7,6,7,6,7,5,7,6,7,7,6,7,5,5,5,6,5,7,6,7,5,7,7,5,5,5,4,5,7,6,6,7,5,6,7,,7,7,6,7,6,7,6,6,6,6,7,7,1,5,6,7,6,5,5,6,7,2,6,6,6,7,6,7,5,7,6,7,7,,15.0,7,7,7,7,7,6,6,7,7,6,7,6,7,7,7.0,6,5,6,8,6,5,5,7,7,6,6,6,6,6,6,26.0,,,5,6,5,5,6,6,0,5,6,5,5,7,6,6,6,8,7,4,7,,6,5,6.0,6,6,3,5,6,6,7,7,6,,5,7,7,6,6,5,9.0,6,6,6,6,7,6,,5,7,6,6,6,6,6,6,7,5,5,25.0,7,7,5,7.0,6,6,6,6,6,6,6,8,7,6,6,7,6,5,5,5,7,7,6,7,7,7,7,8,6,8,6,9.0,6,5,7,6,30.0,6,7,6,7,6,6,7,6,7,13.0,7,,7,6,5,7,6,6,5,6,5,,7,6,6,7,8,7,6,6,6,3,4,6,6,6,6,5,6,6,8,7,7,7,6,8,7,6,,6,6,6,8,7,,6,7,7,7,6,7,,7,6,6,,7,6,5,,,0,6,7,6,5,6,6,7,6,,,,7,9,7,7,6,7,,7,,,6,7,6.0,5,6,6,7,,6,10.0,,7,7,,6,,7,6,25.0,,6,30.0,,,24.0,17.0,,7,,,6,9.0,7,6,6,7,6,,12.0,6,8,,7,7,6,6,8,,,6,6,6,7,6,6,6,,,6,7,,7,,17.0,7,6,,7,22.0,7,6,6,8,,20.0,6,24.0,12.0,7,6,7,,7,7,7,,,,7,7,7,7,12.0,5,,6.0,6,14.0,,7,,7,7,20.0,10.0,7,,6,6,19.0,3,8,6,7,7,8,16.0,,6,21.0,,23.0,29.0,,30.0,6,6,14.0,,7,5.0,6,7,,6,,7,,,,,,7,7,21.0,8.0,6,6.0,,7,,,,6,6,,11.0,,11.0,15.0,7,,12.0,8,,,7,,31.0,,29.0,11.0,,27.0,,12.0,31.0,13.0,9.0,7,8,26.0,13.0,0.0,6,7,7,6,6,11.0,6,6,28.0,6,0.0,5,19.0,6,7,,24.0,7,,6,21.0,,,7,7,,8,29.0,,11.0,,6,22.0,16.0,,16.0,6,,6,16.0,16.0,31.0,7,25.0,,7,13.0,5,6.0,,5,6,,,,,7,10.0,,19.0,,9.0,,7,,12.0,,,7,,,6,,,6,,0.0,7,5.0,,17.0,,10.0,6,13.0,,13.0,5,,,,6,,,,,7,22.0,7,7,7,,14.0,9.0,0,6,,,6,0,6,10.0,7,7,29.0,7,6,7,8,,8,7,7,6,7,13.0,,7,8,,14.0,18.0,,17.0,,,8.0,,8,,7,6,8,,7,7,8,7,8,,,,,,6,16.0,,26.0,11.0,26.0,9.0,19.0,6,8.0,,7,,6,,,,7,6,,,,,12.0,6,,18.0,7,14.0,,,,,,11.0,,,,8,,,,45,7,2.09097305991154,-0.750193889261293
1,4,4,4,4,2,3,4,5,5,4,3,4,3,4,4,2,4,4,4,4,3,5,3,4,3,4,2,3,4,3,4,4,4,4,4,4,4,0,4,4,4,3,6,4,4,4,4,4,5,5,4,4,4,4,4,0,4,3,4,4,3,4,3,2,4,4,5,4,4,5,5,6,4,3,5,5,4,4,4,4,3,2,4,4,4,4,3,4,4,4,4,4,3,4,4,3,5,5,4,4,5,5,3,4,3,3,3,4,14.0,5,5,5,4,4,3,2,5,4,5,4,3,4,4,4,5,4,3,3,4,4,4,4,3,5,4,4,4,4,4,4,4,3,4,5,4,4,4,4,4,1,4,4,4,4,4,4,0,4,4,2,4,4,4,4,3,0,4,4,3,3,4,4,4,4,5,5,4,4,3,4,3,4,3,4,5,4,4,4,4,4,1,5,5,4,4,4,4,4,4,5,4,7,4,4,5,4,4,4,2,3,4,3,5,4,4,4,5,3,4,4,3,2,4,4,4,0,4,4,4,4,4,4,4,4,4,4,4,4,5,5,5,4,4,4,1,5,5,4,3,3,4,3,4,4,4,3,5,4,5,5,4,4,4,5,5,5,5,4,4,5,4,4,5,5,5,5,5,4,5,4,3,3,3,4,4,4,5,4,6,3,4,5,5,5,4,3,5,5,5,4,3,4,3,4,4,4,5,4,4,4,4,3,5,4,5,4,5,4,5,4,2,5,5,5,4,4,4,5,3,5,5,5,4,5,5,4,0,3,3,4,5,4,4,5,4,4,4,,4,5,1,4,4,5,4,4,4,5,5,5,4,4,4,5,3,4,3,4,5,4,4,4,4,5,4,3,3,4,3,2,4,,26.0,4,4,5,4,4,4,4,4,4,3,4,4,4,4,12.0,5,4,4,5,5,4,3,5,5,4,4,5,4,4,5,5.0,,20.0,3,4,3,3,3,4,4,3,5,4,4,5,4,4,4,6,5,3,4,9.0,2,3,21.0,4,4,5,4,5,4,3,5,4,,4,6,5,4,5,4,5.0,5,4,4,4,5,4,,4,5,4,4,4,5,5,5,6,4,4,28.0,5,5,4,22.0,4,4,4,4,5,4,4,6,6,4,4,5,4,4,3,4,5,5,4,5,5,6,5,6,4,6,3,11.0,5,4,5,5,7.0,4,5,4,5,5,4,4,4,5,11.0,5,,5,4,5,5,5,6,4,5,4,7.0,6,5,4,6,5,5,4,5,4,4,4,4,4,4,4,0,5,4,7,6,5,5,5,6,5,4,,5,5,4,6,6,0.0,4,5,6,5,4,5,,5,4,5,,3,4,4,,,5,5,5,4,4,4,5,5,5,9.0,,,5,8,5,5,4,5,,5,,,0,5,23.0,4,4,4,5,9.0,4,23.0,18.0,6,4,6.0,5,,6,5,16.0,,5,,20.0,7.0,12.0,5.0,,5,,10.0,5,14.0,5,4,4,5,4,6.0,28.0,4,6,,5,5,4,4,5,,,4,5,5,5,4,5,4,,14.0,4,5,,5,,,5,5,,5,9.0,5,4,5,4,,11.0,4,17.0,28.0,6,4,5,13.0,5,5,5,,,,6,6,5,5,,5,15.0,,5,5.0,,5,18.0,4,5,8.0,15.0,5,4.0,5,4,15.0,5,6,4,5,5,6,15.0,,4,17.0,6.0,6.0,21.0,26.0,11.0,4,4,,,5,5.0,5,5,,5,,5,,,,,,5,5,,12.0,5,,,5,,,,5,5,16.0,15.0,,13.0,17.0,5,,17.0,4,,,5,,,,5.0,12.0,,15.0,,6.0,,26.0,,5,6,,,23.0,4,4,5,4,5,15.0,5,4,23.0,5,26.0,3,16.0,5,5,,0.0,4,,4,,,,5,5,,6,,,20.0,23.0,5,21.0,,,,4,,5,,,,5,5.0,,4,15.0,4,28.0,,3,4,,,,,5,9.0,,22.0,,,,5,,28.0,,,5,12.0,,1,,9.0,4,,6.0,5,,,25.0,,7.0,4,26.0,,,4,,,,4,,,10.0,,5,,5,4,4,,9.0,,5,4,,,4,5,5,14.0,5,5,5.0,5,5,5,5,,5,5,5,4,5,25.0,,5,6,,,17.0,,6.0,,,14.0,,5,,5,4,6,,5,5,6,5,6,12.0,,,,,4,5.0,,15.0,14.0,8.0,,17.0,4,15.0,,6,,5,22.0,8.0,,5,5,,12.0,6.0,,,4,13.0,,5,5.0,,,,,,,,,,6,,,,46,7,2.0026511675333953,-0.816177069104796
6,6,5,6,5,5,5,6,6,7,6,6,6,5,5,6,5,5,5,5,5,5,6,5,6,6,6,5,5,5,5,6,6,6,6,5,5,6,6,6,6,5,5,8,5,6,6,5,5,7,7,5,6,6,6,6,6,6,4,6,6,6,4,5,4,5,6,7,5,5,6,7,7,6,5,6,6,6,5,6,5,5,4,5,5,6,4,5,6,5,6,6,6,3,6,5,5,6,6,6,6,6,6,6,6,3,5,5,6,,7,7,6,4,4,5,5,6,6,6,6,4,6,6,6,6,6,6,5,4,3,5,5,5,6,6,6,5,6,6,6,6,5,6,6,5,6,5,6,6,6,5,5,5,5,5,6,6,5,6,4,6,6,5,6,4,5,5,4,5,5,5,5,5,6,7,6,6,6,5,4,6,6,4,5,7,6,4,5,5,5,5,7,6,6,6,6,6,6,5,6,5,8,5,6,6,0,6,6,5,5,5,5,7,5,5,6,6,6,6,6,5,5,5,6,6,5,6,6,6,6,5,5,5,5,6,5,6,6,6,6,6,5,6,6,3,7,7,6,5,6,6,5,6,5,5,5,6,6,6,6,5,6,3,6,7,7,7,6,5,6,6,6,6,6,6,7,6,5,6,2,5,5,5,5,5,6,6,6,7,5,5,0,7,5,6,5,6,6,6,5,5,5,5,6,6,5,6,6,6,6,6,6,7,6,7,6,6,5,7,6,6,7,6,7,6,5,6,6,5,7,6,7,5,7,7,6,5,4,6,5,7,4,6,7,6,5,6,,5,6,5,6,6,7,5,5,5,7,7,6,5,5,5,6,5,5,5,6,7,6,5,6,5,7,5,5,5,6,5,6,6,,,6,6,7,6,6,6,6,7,6,5,6,6,7,6,20.0,6,6,5,7,6,5,5,7,7,6,6,6,5,6,5,32.0,9.0,10.0,5,5,5,5,6,5,5,4,5,1,5,7,6,5,6,8,6,5,7,7.0,6,5,7.0,5,5,6,5,6,5,7,7,6,,5,7,7,6,6,5,,6,5,6,6,7,6,,5,6,6,6,6,6,6,6,7,4,5,,7,7,5,27.0,6,6,6,5,5,6,5,8,7,6,5,6,6,4,5,5,5,6,6,7,7,7,7,8,6,8,6,,6,5,7,6,31.0,5,7,5,7,7,4,6,6,7,,6,,7,5,0,7,6,8,5,6,5,,7,6,6,8,7,6,6,6,0,5,6,5,6,6,0,5,6,5,8,7,7,6,6,8,6,6,,5,6,5,8,7,30.0,5,6,7,6,3,7,15.0,6,6,6,,7,6,6,,13.0,7,6,6,6,6,6,6,7,6,27.0,,,6,9,6,6,5,6,,7,,,6,7,14.0,6,5,6,7,9.0,5,,9.0,7,7,,6,0.0,7,6,8.0,,6,13.0,,28.0,20.0,12.0,,7,,19.0,6,,5,6,6,6,6,,24.0,6,8,,6,7,6,6,7,,,6,6,6,6,6,6,6,,27.0,6,7,,7,26.0,9.0,6,6,,6,17.0,7,6,6,8,,12.0,6,17.0,18.0,7,6,7,7.0,0,7,7,,16.0,,6,7,7,6,,6,,,5,31.0,,7,32.0,7,7,15.0,6.0,7,,6,6,,6,8,6,7,6,8,,,6,,13.0,22.0,,,24.0,5,5,,,6,,6,7,,5,26.0,7,26.0,25.0,,,,7,7,17.0,,7,0.0,,6,,,,6,6,15.0,27.0,,,32.0,7,,15.0,7,,,6,,,,19.0,,,22.0,30.0,32.0,16.0,27.0,,6,8,,30.0,8.0,6,6,7,6,6,,7,6,8.0,6,8.0,5,,6,7,,,6,,6,,,,6,7,,7,11.0,,32.0,,6,8.0,8.0,,,6,,6,32.0,17.0,15.0,7,16.0,,7,5.0,6,19.0,,5,6,,,,0.0,7,15.0,,,7.0,15.0,,7,,7.0,,,6,26.0,,6,,21.0,7,,32.0,7,7.0,,16.0,,9.0,6,26.0,,18.0,6,,23.0,,6,,,23.0,,7,19.0,7,6,6,,6.0,20.0,7,6,,,6,6,6,15.0,7,7,8.0,7,0,7,7,,8,7,7,5,7,20.0,24.0,6,7,,13.0,31.0,,,,,13.0,,6,,6,6,8,22.0,7,6,7,6,8,31.0,,,,,6,,,7.0,,9.0,13.0,7.0,6,19.0,,7,,6,9.0,,23.0,7,6,,,14.0,,,6,10.0,9.0,6,27.0,,,,,,23.0,,,8.0,7,,,,47,7,2.1108116512905557,-0.7948781308027167
6,6,5,5,5,5,5,6,6,7,5,5,5,5,5,5,5,4,5,5,5,4,6,5,6,6,6,5,5,6,5,5,6,6,5,5,5,6,6,6,6,5,4,7,5,5,5,6,6,6,6,5,6,5,4,5,6,5,3,6,5,5,4,4,4,5,6,6,5,2,5,5,7,6,5,6,6,5,6,5,5,4,4,4,5,6,4,4,5,5,6,5,6,5,5,5,5,6,6,5,5,6,6,5,6,4,5,4,6,,6,7,6,5,5,4,5,6,6,7,6,4,6,6,5,5,6,5,1,4,6,3,5,5,6,6,6,5,6,6,5,5,4,5,6,5,5,5,6,6,5,5,5,5,5,5,6,4,5,0,3,5,5,5,6,4,4,5,5,5,5,6,5,5,5,6,6,5,6,4,5,5,6,4,3,6,5,5,5,5,5,5,6,6,6,6,5,5,5,5,5,5,7,5,3,4,5,6,5,5,5,5,0,6,5,5,6,6,5,6,6,5,5,5,6,6,5,6,6,6,5,6,5,5,5,6,5,6,6,6,6,6,6,5,6,5,7,7,6,4,5,6,5,5,5,5,5,6,5,6,6,6,6,5,6,6,6,7,6,5,6,5,6,6,6,6,7,6,5,6,5,5,4,4,6,5,6,0,5,7,5,6,5,6,6,5,5,6,6,4,5,5,6,5,6,6,5,6,5,6,5,6,6,6,5,7,6,6,5,6,5,5,6,5,6,6,5,5,6,5,7,6,7,5,7,7,6,6,5,6,5,7,5,5,6,6,5,6,,6,6,5,6,5,6,5,5,5,6,7,6,6,5,5,6,5,5,5,5,6,6,5,5,5,7,5,5,5,6,5,4,0,,,0,5,6,5,5,6,6,6,6,5,6,5,6,6,,6,5,5,7,6,5,5,7,6,6,6,6,5,5,6,,,30.0,5,5,5,5,6,3,6,4,6,5,5,6,6,5,5,7,6,4,6,22.0,6,5,28.0,5,5,6,6,6,5,6,6,6,,5,7,6,4,6,6,,6,5,5,5,6,5,,5,6,6,5,6,6,6,6,7,5,5,,7,6,5,23.0,5,5,6,5,6,6,5,7,6,5,5,6,5,5,5,5,6,6,6,6,6,7,7,7,6,7,5,,5,5,6,6,22.0,5,7,6,7,7,5,6,5,7,22.0,6,,6,5,6,6,6,7,5,6,5,,7,6,6,7,7,6,6,6,5,5,6,5,6,5,5,5,5,5,8,7,6,6,6,8,6,6,,6,6,6,7,7,8.0,6,6,7,5,6,6,20.0,6,5,6,,7,6,6,,24.0,6,5,6,6,5,6,6,6,5,12.0,,19.0,6,6,6,6,5,6,,6,,,5,7,,6,5,5,7,20.0,5,27.0,33.0,6,7,,6,,6,7,,,6,,23.0,,,28.0,,6,,7.0,6,,6,5,5,6,6,26.0,,6,7,,6,7,5,6,7,,,6,6,6,6,5,6,5,,0.0,5,6,,7,,12.0,6,6,,6,14.0,6,5,6,7,,14.0,6,9.0,17.0,7,6,7,23.0,0,7,7,,,,7,7,6,6,27.0,6,21.0,31.0,6,21.0,,6,6.0,5,7,33.0,16.0,7,15.0,6,5,7.0,6,7,6,6,6,7,14.0,,6,20.0,,20.0,12.0,12.0,16.0,5,5,9.0,,6,29.0,6,6,,6,14.0,6,13.0,7.0,,,,6,6,22.0,12.0,6,34.0,,6,,,,6,6,,30.0,,23.0,21.0,6,,9.0,7,,,6,,,,20.0,22.0,,15.0,,22.0,30.0,16.0,,6,7,,,25.0,5,6,6,5,5,26.0,6,6,30.0,6,14.0,2,,6,7,,,6,,5,,,,6,7,,7,12.0,,,23.0,6,15.0,9.0,,17.0,6,,6,30.0,8.0,20.0,6,34.0,,6,25.0,5,6.0,,5,6,,,,,7,,,19.0,14.0,,,6,34.0,34.0,,,6,0.0,,5,,,7,,,6,,,,,8.0,6,0.0,,,5,,,,6,,,11.0,,7,23.0,7,6,6,,,,7,6,,,6,0,7,,6,6,,6,6,6,7,,7,6,6,5,7,7.0,13.0,6,7,,,14.0,,8.0,,,31.0,,6,,6,5,8,17.0,7,6,7,6,7,19.0,,,,,5,10.0,,9.0,7.0,24.0,32.0,9.0,6,9.0,,7,,6,,20.0,,7,6,,12.0,14.0,,7.0,6,,9.0,6,,,,,,,21.0,,,16.0,7,,,,48,7,2.1427988159640727,-0.8017109136920403
7,7,5,6,6,6,5,6,6,6,6,5,5,6,7,6,6,6,6,6,5,6,7,6,7,7,7,6,5,6,6,6,7,6,7,6,7,7,7,7,7,6,6,8,3,6,6,6,7,7,7,6,7,7,6,6,6,2,5,6,7,7,5,5,4,6,6,7,5,6,6,7,7,7,6,7,7,6,6,6,6,6,5,5,6,7,5,5,6,6,6,7,6,6,7,7,6,7,7,6,6,7,7,7,7,5,6,5,7,32.0,8,8,7,6,6,5,6,7,7,8,7,5,8,7,6,7,0,6,6,6,7,6,6,6,6,7,7,6,6,6,6,5,5,6,7,6,7,6,7,7,7,6,6,6,6,6,7,7,6,6,5,4,6,6,6,6,5,7,6,6,6,7,6,2,5,7,7,7,7,7,6,7,7,6,6,7,7,6,6,6,6,6,7,6,6,6,7,7,7,6,7,6,9,6,7,7,7,7,6,5,6,5,5,6,6,6,7,7,6,7,7,6,6,6,7,7,6,7,7,7,6,7,6,4,6,7,6,6,6,7,0,7,6,6,7,6,7,7,6,5,7,7,4,6,6,6,6,7,6,7,7,6,7,6,6,2,6,7,7,6,7,6,7,7,7,7,7,7,6,7,6,6,5,6,7,6,6,7,6,8,6,7,7,4,7,6,6,7,7,0,6,6,7,6,6,6,6,7,6,7,6,7,7,7,6,8,6,7,6,7,7,7,7,7,7,7,6,6,7,5,8,7,7,6,7,7,7,7,6,6,6,7,7,7,8,7,7,7,33.0,7,7,6,7,6,8,6,6,6,6,7,6,7,6,6,7,6,6,6,7,7,7,6,6,6,7,6,7,6,7,7,6,7,30.0,11.0,7,7,8,7,7,7,7,8,8,6,8,6,8,7,14.0,7,6,6,7,7,6,6,7,6,4,7,7,6,6,7,29.0,,,6,6,6,5,6,6,7,4,7,6,6,7,7,6,6,8,7,5,7,,7,6,,6,6,7,7,7,7,7,7,6,,6,7,6,6,7,7,,7,6,3,7,7,6,,6,7,0,6,7,7,7,7,8,6,6,12.0,8,7,6,,6,6,7,7,7,7,6,7,7,6,6,7,6,6,4,6,6,7,5,7,7,7,7,7,6,7,6,,6,6,7,7,,6,7,7,7,7,6,7,6,7,30.0,7,,6,6,7,7,6,7,6,6,6,,6,7,7,7,7,7,6,7,6,6,7,5,7,6,6,6,6,6,8,7,6,8,7,8,7,6,,7,7,6,0,7,18.0,7,6,7,6,7,6,,8,6,7,,7,7,7,,12.0,7,6,7,7,0,5,7,7,7,18.0,,,7,9,7,7,6,7,,6,,,7,7,33.0,7,6,6,8,,6,10.0,32.0,8,7,,7,,8,8,8.0,,7,11.0,12.0,,,18.0,,7,,11.0,7,7.0,7,6,6,7,6,22.0,12.0,7,7,,7,7,6,7,8,,,0,7,7,7,6,6,7,,16.0,7,7,,7,19.0,14.0,7,7,,7,16.0,7,6,7,8,,32.0,7,24.0,27.0,8,7,7,,7,7,7,,22.0,,8,8,7,7,15.0,7,,,7,28.0,,7,,8,7,18.0,,0,30.0,7,7,,7,7,7,6,7,8,31.0,,6,21.0,8.0,,28.0,28.0,23.0,6,6,22.0,,8,11.0,7,6,,7,18.0,7,,9.0,,,,7,7,9.0,12.0,7,15.0,,7,,0.0,,7,3,,,,12.0,,7,,,8,,,7,,27.0,,17.0,,,,11.0,17.0,10.0,,,7,7,13.0,8.0,,6,7,7,4,7,11.0,7,7,10.0,7,25.0,6,33.0,7,7,,,6,,6,7.0,,,6,7,,8,12.0,,8.0,26.0,7,18.0,27.0,29.0,,6,,7,9.0,15.0,,8,26.0,,7,13.0,6,13.0,,6,7,,,,,7,24.0,7.0,10.0,,13.0,,8,20.0,8.0,,,7,30.0,,6,,,8,,9.0,7,,,,,,7,8.0,,9.0,6,,18.0,,7,,,,,8,,8,7,7,,,,7,7,,,7,7,8,11.0,7,7,,5,7,7,7,,8,7,7,6,7,8.0,,6,8,,10.0,32.0,,,,,,,8,,7,6,8,16.0,7,7,8,7,7,16.0,,,,,6,,,27.0,29.0,20.0,7.0,13.0,6,27.0,,8,,7,17.0,,29.0,8,7,,26.0,13.0,,15.0,7,,,7,31.0,,,0.0,,,12.0,,,10.0,7,,,,49,7,2.0754931322937153,-0.7810820271767426
6,6,6,6,6,6,6,6,6,7,5,6,6,4,6,6,6,6,3,5,6,5,7,5,6,6,6,6,5,6,6,6,6,6,7,5,6,6,6,6,6,5,6,8,6,6,6,6,5,7,7,6,7,6,6,6,7,6,5,7,6,6,3,6,5,6,6,7,5,6,6,7,7,7,6,6,7,6,6,6,5,5,5,5,4,6,1,5,6,6,6,6,6,5,6,6,4,7,6,4,6,6,7,6,6,5,5,4,6,34.0,7,7,7,5,5,5,6,7,6,7,7,3,7,6,6,6,7,0,5,4,6,6,6,6,6,6,6,6,7,6,7,6,5,6,7,6,6,6,7,7,6,6,6,6,6,6,7,6,6,6,5,6,6,6,6,5,5,6,6,5,6,6,5,5,6,7,7,6,7,6,6,6,7,5,5,7,6,6,6,6,6,6,7,7,7,7,6,6,6,5,7,6,9,6,6,6,6,6,6,6,5,5,5,7,6,6,7,5,5,6,6,6,6,6,7,6,6,6,6,6,6,6,6,6,6,7,6,7,7,7,7,7,6,6,6,6,7,7,7,5,6,6,6,5,6,6,5,7,6,6,7,6,7,6,7,7,7,7,6,6,6,6,7,7,7,6,7,7,6,7,0,6,5,5,7,5,6,6,6,7,5,6,6,7,7,5,6,7,7,6,6,6,6,5,6,6,6,6,6,7,6,6,6,7,6,8,6,7,5,7,6,7,7,0,7,6,6,6,7,5,8,6,7,5,7,7,6,6,6,6,5,7,6,6,8,7,6,7,25.0,7,7,6,7,6,7,6,6,4,7,7,7,6,5,6,7,6,6,5,6,7,6,5,6,6,7,6,6,5,7,6,7,7,7.0,0.0,7,7,7,6,6,6,4,7,7,6,7,6,7,7,,6,6,6,8,7,5,6,7,7,6,6,6,6,6,6,7.0,25.0,25.0,6,6,6,5,6,6,6,5,6,6,6,7,7,6,6,8,7,5,7,,7,6,,6,6,6,6,6,6,7,6,6,,5,8,7,6,6,6,,6,6,2,6,7,6,,4,7,7,5,7,7,7,6,8,6,5,18.0,7,7,6,9.0,6,6,6,6,6,6,6,8,7,6,5,7,6,5,5,6,7,7,6,7,8,8,7,8,6,8,6,,6,6,0,7,8.0,6,7,6,7,7,6,7,6,7,,0,,7,6,6,7,7,8,6,6,5,17.0,7,7,7,8,8,7,5,7,6,6,6,6,6,6,6,6,6,6,7,8,7,7,7,8,7,6,,6,6,6,8,7,,6,7,8,7,6,7,,7,6,6,,7,6,6,,8.0,7,6,7,6,6,5,7,7,6,,,,7,8,7,7,6,7,,6,,,6,7,10.0,7,6,6,8,18.0,6,6.0,7.0,7,8,8.0,7,,8,6,24.0,,7,33.0,,12.0,,22.0,,7,,,7,17.0,6,6,5,6,7,9.0,33.0,6,8,,7,7,6,5,8,,,6,6,7,7,6,6,6,,7.0,5,7,,7,15.0,9.0,7,7,,7,0.0,7,7,7,8,,21.0,6,,22.0,8,6,7,12.0,7,8,7,,,,7,7,7,6,18.0,7,23.0,32.0,6,21.0,,0,7.0,7,7,,0.0,8,14.0,7,6,27.0,7,8,6,7,7,8,10.0,,7,,,26.0,,8.0,11.0,6,4,26.0,,7,7.0,7,7,,6,,7,11.0,13.0,,,,7,7,22.0,,7,,,7,,,,7,7,,,,,11.0,7,,13.0,8,,,6,,,,,,,18.0,19.0,8.0,29.0,,,7,8,32.0,21.0,9.0,7,7,7,6,7,14.0,7,7,21.0,7,11.0,5,21.0,6,7,,10.0,7,,6,18.0,,,7,7,,7,,,16.0,,7,29.0,10.0,,31.0,7,,6,7.0,11.0,,7,26.0,,7,21.0,6,26.0,,6,7,,,,,8,17.0,,22.0,29.0,21.0,,7,7.0,7.0,,,7,,,6,,,7,,26.0,7,,,27.0,,,6,8.0,,22.0,6,,,,6,,,9.0,,8,,8,7,7,,,,7,6,,,7,6,7,33.0,7,7,,7,7,7,8,,8,7,7,6,7,24.0,30.0,7,7,,30.0,34.0,,25.0,,,,,8,,7,6,8,29.0,7,7,8,7,8,8.0,,,,,6,9.0,,30.0,36.0,29.0,,30.0,7,,,8,,7,17.0,,,7,7,,,15.0,,,7,26.0,11.0,7,21.0,,,,,,0.0,,,25.0,8,,,,50,7,2.2085840352988337,-0.7770649986111986
6,6,2,5,5,5,5,6,6,7,3,6,6,3,6,6,6,6,6,6,5,5,7,3,5,5,6,4,5,5,5,5,5,0,6,4,5,5,5,5,5,5,6,8,5,6,6,5,6,7,7,5,7,6,5,4,5,5,5,5,6,6,5,4,5,6,6,7,6,5,6,7,7,7,6,6,6,6,6,5,6,5,5,5,6,6,3,5,6,5,6,6,6,5,6,6,4,7,7,6,6,7,6,6,7,5,6,5,6,,7,7,7,5,4,5,5,6,6,5,7,4,7,6,6,6,6,6,5,5,6,5,5,5,6,5,6,5,5,6,6,6,5,4,6,6,6,6,7,7,6,5,6,6,6,6,7,6,3,6,4,6,6,6,0,4,5,6,5,5,5,5,5,6,5,6,6,6,7,6,6,6,7,5,5,7,6,6,6,6,5,6,6,5,6,4,6,0,6,6,6,5,8,6,6,4,6,6,5,5,5,5,5,7,6,5,6,6,6,7,6,6,6,6,7,6,6,7,7,6,6,6,6,6,4,6,5,6,6,6,6,6,5,6,6,5,7,7,7,5,7,5,5,6,6,6,5,7,6,6,6,5,7,4,7,7,7,7,6,6,7,5,6,6,7,5,7,7,6,7,5,5,5,5,6,5,5,6,6,8,5,6,6,7,7,6,6,4,6,6,5,5,6,5,6,5,5,7,6,6,6,6,6,7,6,7,6,7,5,7,6,6,7,6,0,6,5,6,7,5,8,7,7,5,7,7,5,5,3,5,5,7,6,5,7,7,6,7,,6,7,6,7,6,7,6,6,6,7,7,6,5,6,6,7,5,5,5,6,7,6,6,6,6,7,6,6,6,7,6,7,7,14.0,22.0,7,7,7,7,6,6,7,7,7,5,7,6,7,7,,6,6,6,8,7,6,5,7,7,6,0,6,5,3,6,,,10.0,5,4,6,5,6,6,6,5,7,6,6,7,6,6,6,8,7,5,7,29.0,6,5,27.0,6,6,6,5,6,6,7,7,6,,6,8,7,6,7,5,13.0,6,6,6,6,7,6,,5,7,6,6,6,6,6,7,8,5,5,10.0,7,7,6,,5,5,6,6,6,6,5,8,7,6,6,7,6,6,5,6,7,7,6,7,7,7,7,8,6,8,6,14.0,6,4,7,6,7.0,6,7,6,6,6,5,7,5,7,21.0,7,,7,6,6,7,6,7,6,6,5,,7,6,6,8,8,7,6,7,6,6,6,5,6,6,6,6,6,5,8,7,7,7,6,8,7,6,,6,6,3,8,7,16.0,6,7,7,6,6,7,7.0,7,6,6,,7,6,6,,12.0,7,6,6,6,6,2,7,7,6,13.0,,22.0,6,9,6,7,5,7,,6,,,6,7,9.0,5,6,6,7,,6,,14.0,7,6,6.0,7,,7,7,,,6,,,17.0,11.0,,,6,,19.0,6,7.0,7,6,6,7,7,15.0,,6,8,,7,7,6,6,8,,,6,6,7,7,6,6,6,,16.0,6,7,,7,18.0,23.0,7,7,,7,,6,5,6,8,,,6,26.0,,6,6,7,7.0,6,7,7,,21.0,,8,7,7,7,26.0,6,7.0,14.0,6,11.0,,7,21.0,7,7,,,7,19.0,6,6,,6,8,6,7,7,8,,,4,11.0,12.0,,27.0,7.0,23.0,6,6,22.0,,7,,6,7,,7,18.0,7,22.0,11.0,,,,7,7,8.0,12.0,7,24.0,,7,,,,7,7,,20.0,,,23.0,7,,26.0,8,,,7,,,,,13.0,,10.0,27.0,12.0,,,12.0,6,8,,,,4,7,7,4,6,16.0,6,6,27.0,6,,4,11.0,6,7,,,5,,6,15.0,,,6,6,,8,14.0,,0.0,17.0,6,15.0,12.0,,18.0,4,,5,26.0,0.0,13.0,7,16.0,,6,8.0,6,,,5,6,,,,,6,10.0,,8.0,27.0,11.0,,7,,15.0,,,6,30.0,,6,,9.0,6,,,6,,,18.0,0.0,,6,9.0,,15.0,6,,15.0,,0,,,,,7,15.0,7,6,6,,,,7,6,,,6,6,6,,6,7,27.0,6,6,0,7,,8,7,7,5,7,,17.0,7,8,,23.0,22.0,,20.0,,,,,7,,6,6,8,11.0,6,7,8,7,8,10.0,,,,,6,8.0,,7.0,15.0,,,,5,,,7,,6,6.0,16.0,22.0,7,6,,23.0,17.0,,14.0,6,15.0,,6,8.0,,,,,,7.0,,,27.0,7,,,,51,7,2.026376261364771,-0.7623577034685147
5,5,4,4,3,3,4,0,4,4,4,1,2,4,4,4,4,4,4,3,4,3,5,4,5,5,5,4,4,4,4,5,5,5,5,4,4,5,5,5,5,4,4,5,3,5,4,5,5,5,5,4,5,4,5,4,5,5,4,5,4,4,3,4,2,4,4,5,3,4,5,5,6,5,4,5,5,4,4,4,4,4,1,2,4,5,3,4,5,4,4,3,4,4,5,5,4,5,5,4,4,5,5,5,5,3,4,3,5,,5,6,5,4,4,4,4,5,5,5,5,3,5,4,5,5,5,4,3,3,5,4,4,3,5,5,5,4,5,5,5,3,3,0,5,4,5,4,5,4,5,5,4,4,4,4,5,4,4,4,3,3,4,4,4,4,3,5,4,4,4,3,4,4,4,5,5,5,5,4,4,4,5,4,4,6,4,4,4,4,4,3,5,5,5,5,5,4,5,4,5,4,7,4,5,4,4,5,5,4,4,4,4,4,4,4,0,5,4,5,5,4,4,4,5,4,4,5,5,4,4,5,4,4,4,5,4,5,4,5,5,5,4,4,5,4,4,4,5,3,5,5,3,4,4,4,4,5,4,5,5,4,5,4,4,4,4,5,5,4,5,4,5,5,5,5,6,5,4,5,3,4,4,4,4,4,5,5,4,6,4,0,4,2,5,4,2,6,5,5,4,4,5,4,5,4,3,5,4,5,4,5,4,5,4,6,5,5,4,5,5,5,5,5,4,4,4,4,5,4,6,5,4,4,6,6,5,5,4,5,4,5,4,5,6,5,4,5,,5,5,4,5,4,6,4,4,4,4,4,4,4,2,4,5,3,3,4,4,6,5,4,4,4,1,4,4,4,5,4,5,5,,15.0,5,5,5,3,5,4,5,5,5,4,5,0,5,5,22.0,5,4,4,6,5,4,4,3,4,5,4,5,4,5,5,28.0,,25.0,4,5,4,3,4,4,5,4,5,4,4,5,5,3,4,6,5,3,5,,5,4,9.0,4,3,5,5,5,4,5,5,5,,4,5,4,4,5,5,,5,4,4,5,5,4,,4,5,3,4,5,4,5,5,6,4,4,6.0,6,5,4,23.0,4,5,5,5,4,5,4,5,5,4,4,5,3,4,3,4,4,5,3,4,4,4,4,2,3,5,0,29.0,4,4,4,5,29.0,4,5,5,6,6,4,5,4,5,,5,,4,4,5,5,1,5,4,5,2,20.0,6,5,5,6,6,5,4,5,4,4,5,4,5,4,4,4,5,5,7,6,4,6,4,5,5,5,,5,5,5,5,5,27.0,5,4,5,5,4,4,9.0,5,4,5,,5,5,5,,10.0,5,4,5,5,4,5,5,5,5,,,12.0,5,8,5,5,4,4,,5,32.0,,4,4,,5,3,4,6,18.0,4,,7.0,6,6,20.0,5,0.0,6,5,,,5,12.0,28.0,,31.0,,,5,,22.0,5,10.0,5,5,5,5,5,,6.0,5,5,,5,6,5,5,6,,,3,5,5,5,5,4,4,,,5,4,,4,7.0,5.0,5,5,,4,,6,5,5,7,,29.0,4,28.0,22.0,6,5,6,,5,4,4,,12.0,,6,6,4,5,5.0,5,,25.0,5,16.0,,5,14.0,5,3,8.0,31.0,6,,5,5,14.0,5,5,5,6,5,6,32.0,,5,14.0,11.0,12.0,,,,4,4,24.0,,6,7.0,5,2,,5,23.0,5,20.0,9.0,,,,5,4,32.0,14.0,6,10.0,,5,,,,5,5,,12.0,,32.0,,6,,12.0,6,,,5,,14.0,,22.0,31.0,,,,17.0,23.0,,,5,5,16.0,8.0,22.0,5,5,5,4,5,7.0,5,5,14.0,5,10.0,4,20.0,5,5,,19.0,5,,4,,,,5,4,,6,12.0,,,11.0,5,5.0,21.0,,12.0,5,,5,7.0,11.0,,5,11.0,,5,,3,17.0,,4,5,,,,,6,14.0,,10.0,0.0,8.0,,5,,,,,5,18.0,,5,,,6,,0.0,5,,,,,7.0,5,,,,4,,,,5,,,11.0,,6,27.0,6,5,5,,9.0,10.0,5,5,,,5,5,6,12.0,0,4,10.0,5,5,5,6,,6,5,5,4,6,,7.0,5,6,,,7.0,,21.0,,,22.0,,6,,5,4,5,,5,5,6,4,5,31.0,,,,,4,25.0,,,25.0,14.0,,10.0,4,27.0,,6,,5,,21.0,32.0,6,5,,20.0,32.0,,,5,,25.0,5,13.0,,,,,,27.0,,,11.0,6,,,,52,7,2.0461617722823284,-0.7757212130039706
6,5,5,5,5,5,5,5,5,6,5,4,5,5,5,5,5,4,5,4,5,5,6,3,6,5,6,5,4,5,5,5,6,6,6,5,5,6,6,6,6,5,5,6,4,5,5,5,6,6,6,5,6,5,5,5,0,6,4,6,6,5,4,5,5,5,6,7,5,5,4,6,7,6,5,6,6,5,6,5,5,4,3,0,5,6,4,4,5,5,5,6,6,5,6,6,5,6,6,6,5,6,6,6,6,5,4,3,6,21.0,7,7,6,5,5,4,5,6,6,6,6,4,6,5,5,6,6,5,4,4,6,5,5,3,6,6,6,4,5,6,6,0,1,5,6,5,6,5,6,6,6,5,5,5,5,5,6,6,5,5,4,5,5,5,6,5,4,5,5,5,5,5,5,5,5,6,6,6,6,5,5,5,6,4,5,6,5,5,5,5,5,5,6,6,5,6,5,6,6,5,6,5,8,5,6,6,5,6,5,5,5,4,5,5,5,5,6,6,5,6,6,5,5,5,6,4,5,6,6,5,5,6,5,5,5,5,5,6,6,6,6,6,5,5,6,5,6,6,6,4,6,6,5,5,5,5,4,6,5,6,6,5,6,5,5,5,5,6,6,5,6,5,6,6,6,6,6,5,5,6,4,5,5,3,6,5,5,6,5,7,5,5,5,5,6,5,4,7,6,6,5,5,6,5,5,6,5,6,5,6,5,6,5,6,5,6,6,6,5,6,5,6,6,6,5,6,5,5,6,5,7,6,6,4,7,7,6,5,5,6,5,6,5,6,7,6,6,6,8.0,6,6,5,6,5,7,5,5,5,5,6,5,5,4,5,6,4,5,4,5,6,6,5,5,5,6,5,6,5,6,6,6,6,,8.0,6,6,7,6,5,6,6,6,5,4,6,5,6,6,24.0,6,5,5,7,6,5,5,5,6,5,5,6,5,5,5,23.0,13.0,13.0,5,0,5,4,5,5,6,5,6,5,5,6,6,3,5,7,6,4,6,8.0,6,5,14.0,5,4,6,6,6,5,6,6,6,,5,6,5,5,6,6,,5,5,5,5,6,5,,5,6,5,5,6,6,6,6,7,3,5,,7,6,5,,5,5,6,5,6,6,5,6,6,5,5,6,5,5,4,5,6,6,5,5,6,6,6,6,5,6,4,13.0,5,5,6,6,8.0,5,7,6,7,7,5,6,5,6,14.0,6,,5,5,6,6,5,6,5,6,4,13.0,7,6,5,7,7,6,5,6,5,5,6,5,6,5,5,5,6,5,8,7,0,6,6,7,6,5,,6,6,6,5,6,14.0,4,5,6,6,6,5,7.0,6,5,6,,7,6,5,0.0,18.0,6,6,6,6,5,6,6,6,5,,,9.0,6,9,6,5,5,5,,7,,,0,0,10.0,6,5,5,6,9.0,5,13.0,8.0,7,7,15.0,6,,7,6,,,6,,12.0,,,9.0,,6,,,6,8.0,6,6,5,6,6,15.0,,6,6,,6,7,5,6,7,,,5,6,6,6,6,5,6,,7.0,6,5,,6,15.0,20.0,6,6,,6,,7,6,6,7,,,6,,5.0,7,5,7,22.0,6,6,6,,10.0,,7,7,6,6,19.0,6,8.0,,6,,,6,,7,3,25.0,,7,14.0,6,5,21.0,6,7,6,7,6,7,,,6,,,16.0,7.0,,11.0,5,5,15.0,,6,7.0,6,5,,5,,6,,7.0,,,,6,5,,14.0,7,,,6,,,,6,6,,19.0,,16.0,15.0,6,,,7,,,6,,14.0,,,,,8.0,23.0,,16.0,24.0,,6,6,10.0,25.0,11.0,6,6,6,5,6,11.0,6,6,20.0,6,,4,19.0,6,6,,10.0,6,,5,14.0,,,6,6,,7,25.0,,9.0,,6,23.0,23.0,,,6,,6,,7.0,,7,9.0,,6,12.0,4,18.0,,5,6,,,,,7,15.0,24.0,17.0,23.0,12.0,,6,9.0,18.0,,,6,18.0,,6,,,7,,6.0,6,0.0,,,,19.0,6,17.0,,,6,,10.0,,6,,,,,7,14.0,7,6,6,,,23.0,6,6,,,6,6,7,12.0,6,6,13.0,6,6,6,7,,7,6,6,4,7,8.0,,6,7,,7.0,,,,,,15.0,,7,,6,5,7,7.0,7,6,7,5,7,7.0,,,,8.0,3,10.0,,13.0,23.0,20.0,,9.0,6,7.0,,0,,6,,20.0,10.0,7,6,,6.0,19.0,,12.0,6,,,6,8.0,,,,,,,,,,7,,,,53,7,1.886320613729203,-0.8080932096274102
8,7,7,7,7,6,7,8,8,8,7,8,7,7,8,7,7,6,7,7,7,7,8,6,7,8,8,6,7,7,7,7,7,6,8,7,7,7,7,7,7,7,7,9,7,7,7,7,7,8,8,7,8,7,8,7,8,8,7,8,8,8,6,7,7,7,8,9,7,7,7,8,9,8,7,8,7,0,7,7,7,7,4,6,6,8,2,6,7,6,7,7,8,7,8,8,6,8,8,7,0,8,8,8,8,4,6,6,8,,8,9,8,7,6,6,7,7,8,8,8,6,8,7,7,7,8,7,6,6,8,7,7,7,8,7,7,7,8,7,8,7,6,7,8,7,8,7,8,8,8,7,7,7,7,7,8,8,7,7,6,7,7,7,7,5,6,8,7,7,6,7,7,7,7,8,8,8,8,7,7,8,8,7,7,8,7,7,7,7,7,7,8,8,7,8,8,8,8,8,8,7,10,7,8,8,8,8,7,7,6,7,6,8,7,7,8,7,7,8,8,7,7,7,8,8,7,8,8,7,7,8,7,7,5,8,7,7,8,8,8,8,7,7,8,7,9,9,8,6,8,7,7,7,7,7,6,8,7,8,8,7,8,6,8,8,8,9,7,7,8,7,8,8,8,8,8,8,7,7,7,7,6,6,8,7,8,8,7,9,7,8,7,8,8,1,7,8,8,8,7,7,7,7,7,7,7,8,7,8,7,7,7,8,7,9,8,8,5,8,8,8,8,8,8,8,7,7,8,7,9,8,9,6,9,8,7,7,7,7,7,8,7,8,9,8,8,8,9.0,8,8,7,8,7,9,5,7,6,8,9,8,7,7,7,8,7,6,7,7,8,7,7,7,7,9,7,8,7,8,8,8,8,29.0,,8,8,9,8,8,8,8,9,8,7,8,7,9,8,,8,8,7,9,8,6,7,9,8,7,7,8,7,8,8,12.0,,,6,8,7,6,7,7,7,6,8,7,6,8,8,7,7,9,8,7,8,,7,7,26.0,8,7,7,7,7,6,8,8,8,,7,9,8,7,7,7,9.0,8,7,7,7,8,7,,7,9,8,7,8,8,3,7,0,7,5,12.0,8,8,7,10.0,7,8,8,8,7,7,7,9,9,5,7,8,7,7,6,7,8,8,8,8,9,9,9,9,8,9,7,11.0,7,7,7,8,,7,9,8,8,0,7,8,7,8,23.0,8,,8,7,7,8,8,9,7,8,6,,9,8,8,10,8,9,7,8,7,7,8,7,7,7,8,7,8,7,10,9,8,9,7,9,8,7,,7,5,8,8,9,13.0,7,7,9,8,7,8,27.0,9,7,7,,8,8,8,,14.0,8,8,8,8,7,0,8,8,8,17.0,,,8,11,8,8,7,8,,8,14.0,,7,9,14.0,8,8,7,9,32.0,7,15.0,9.0,8,9,0.0,8,,9,8,20.0,,8,12.0,27.0,,,21.0,,8,,,8,,8,7,7,8,8,16.0,29.0,7,8,,8,9,7,8,9,,,8,7,8,8,8,8,8,,27.0,8,8,,8,16.0,,8,8,0.0,8,23.0,9,8,8,9,,21.0,7,,17.0,9,8,9,16.0,8,9,9,,28.0,,9,7,8,8,18.0,8,,,8,24.0,,0,28.0,9,9,,11.0,9,,8,7,16.0,8,9,8,9,8,9,,,8,23.0,26.0,31.0,22.0,10.0,10.0,7,7,8.0,,9,10.0,8,8,,8,,8,29.0,30.0,,,,8,7,,26.0,8,13.0,,8,,,,8,8,27.0,,,,26.0,8,,,9,,,8,,,,,13.0,,,18.0,25.0,,23.0,8.0,8,9,12.0,25.0,27.0,8,8,8,7,8,13.0,8,8,,8,16.0,6,24.0,8,9,,,8,,7,,,,8,9,,9,14.0,,8.0,16.0,8,,,,22.0,8,,7,,28.0,28.0,9,,,8,29.0,7,,,7,8,,,,,9,,23.0,29.0,,25.0,,9,21.0,13.0,,,8,31.0,,8,,,8,,15.0,8,29.0,,8.0,,22.0,8,19.0,,8.0,8,0.0,26.0,,8,,,18.0,,9,,9,8,8,,22.0,20.0,8,8,,,8,8,8,,9,8,,7,7,8,8,,9,8,8,5,9,,,8,9,,,22.0,,11.0,,,13.0,,9,,8,0,9,26.0,8,8,9,8,9,,,,,,7,26.0,,18.0,14.0,,,,8,19.0,,9,,8,10.0,,9.0,8,8,,25.0,30.0,,,8,15.0,,8,9.0,,,,,,19.0,,,25.0,9,,,,54,7,2.149707838001212,-0.7627726618269652
6,4,4,4,4,4,4,6,6,6,5,5,5,5,6,4,4,5,5,5,2,5,6,5,6,6,6,6,5,5,5,5,6,6,6,5,5,6,6,6,6,5,5,7,5,5,5,6,4,6,6,6,6,5,5,5,5,4,4,4,6,6,5,1,4,5,5,6,5,6,6,6,0,6,5,6,6,6,6,6,5,5,4,5,0,6,5,4,5,5,6,6,5,5,6,6,5,6,6,6,6,6,5,5,6,5,3,4,6,13.0,7,7,6,5,5,5,5,6,6,6,6,4,6,6,6,6,5,5,5,4,6,5,5,5,6,6,6,4,5,6,5,5,4,6,6,5,6,5,6,5,6,6,5,5,5,5,6,5,5,6,3,5,0,5,5,5,5,6,5,5,5,6,5,5,4,5,6,6,6,5,5,5,6,4,5,7,6,5,5,5,4,5,5,5,4,2,6,6,6,6,6,5,8,6,6,6,6,6,5,5,5,4,5,6,5,5,6,1,5,6,6,4,5,5,6,6,5,6,6,6,5,6,4,5,5,6,5,5,5,6,6,6,6,5,6,5,7,6,6,4,4,6,4,5,5,5,5,6,5,6,6,5,6,5,6,6,6,7,6,5,5,5,5,6,6,6,6,6,5,6,5,3,5,5,5,5,4,6,5,7,5,6,5,6,6,5,5,7,6,6,5,5,5,4,5,5,5,6,5,6,5,6,6,6,5,6,6,4,5,6,6,5,6,5,6,6,5,5,6,5,7,6,7,5,6,6,6,6,5,6,5,6,6,6,7,6,6,6,24.0,6,6,4,6,5,7,5,5,5,6,7,6,6,5,5,6,4,4,5,5,6,6,5,5,5,7,5,6,5,6,5,5,6,19.0,7.0,6,6,6,6,6,2,6,6,6,5,6,5,6,6,11.0,6,5,5,7,6,5,5,6,6,5,6,6,4,4,6,20.0,,0.0,5,5,5,5,6,6,5,5,6,5,5,6,6,5,6,7,6,5,6,,6,0,,5,5,6,6,6,6,6,6,5,,5,7,6,5,6,5,,6,5,5,5,6,5,,5,6,6,5,6,6,6,6,7,5,5,21.0,7,7,6,27.0,5,5,6,6,6,6,0,7,7,5,5,6,5,5,5,5,6,6,5,6,7,7,7,7,6,7,4,30.0,6,6,6,6,10.0,5,7,6,6,6,5,0,4,6,14.0,6,,6,5,6,6,6,7,5,5,5,15.0,7,6,5,8,7,6,6,6,5,5,6,5,6,5,5,6,6,5,8,7,6,7,6,7,6,5,,6,6,5,7,7,15.0,6,6,0,5,6,6,23.0,7,6,6,,6,6,6,,24.0,3,5,5,6,6,6,6,6,6,11.0,,,6,9,5,6,5,6,,6,,,6,6,25.0,6,3,5,7,,5,,,7,6,6.0,6,,7,7,15.0,,6,32.0,,,7.0,,,5,,11.0,6,31.0,6,6,5,6,6,21.0,7.0,6,7,,6,7,5,6,7,,,5,6,6,6,3,6,6,,13.0,6,6,,7,14.0,8.0,6,6,,6,,6,5,6,8,,9.0,6,,8.0,7,5,7,25.0,5,6,6,,7.0,,7,7,6,6,,6,11.0,29.0,6,,,6,30.0,5,7,17.0,8.0,7,,6,6,,6,7,6,7,6,7,16.0,,4,13.0,,6.0,13.0,8.0,9.0,5,4,9.0,,7,,6,6,,6,,6,13.0,,,,,7,6,7.0,,7,14.0,,6,,,,7,6,19.0,,,15.0,,5,,32.0,7,,,6,,10.0,,12.0,20.0,,13.0,18.0,30.0,,,,5,7,9.0,7.0,14.0,5,6,7,4,6,20.0,3,6,,6,29.0,5,23.0,6,6,,,5,,5,13.0,,,5,7,,7,17.0,,,14.0,6,13.0,22.0,17.0,,5,,6,26.0,16.0,,0,6.0,,6,10.0,5,31.0,,2,6,,,,,6,,,22.0,,,,7,28.0,19.0,,,6,,,5,,10.0,7,,,3,6.0,,7.0,,16.0,6,32.0,,31.0,5,,,,6,0.0,,,,7,20.0,7,7,6,,20.0,16.0,7,6,,,7,6,7,,6,6,16.0,5,6,6,7,,7,6,6,5,7,8.0,14.0,6,7,,,12.0,,,,,,,7,,5,6,8,,7,6,7,6,7,10.0,,,,,5,31.0,,,13.0,18.0,8.0,7.0,3,17.0,,8,,6,,27.0,8.0,7,6,,8.0,7.0,,,6,,,5,,,,,,,,,,9.0,6,,,,55,7,2.134424192212095,-0.778797878526524
4,3,3,3,3,3,4,4,4,5,4,4,3,3,3,3,3,2,3,3,3,3,4,3,4,4,4,3,3,4,3,4,4,4,4,3,3,4,4,4,4,3,3,5,0,3,2,4,4,4,3,1,4,3,4,4,4,4,3,4,4,4,2,1,3,2,4,5,3,3,4,4,5,4,3,4,4,3,3,3,3,3,0,2,3,4,3,2,4,3,4,4,4,3,4,3,3,4,4,4,4,4,4,0,4,3,3,2,4,13.0,5,5,4,3,2,3,3,4,4,5,4,2,4,4,3,4,4,4,2,3,4,3,3,3,4,4,4,3,4,4,4,3,2,3,4,0,4,3,4,4,4,4,3,3,3,3,4,4,3,4,2,4,3,3,3,3,3,4,3,3,3,4,3,3,3,4,4,4,4,3,3,4,4,2,3,5,3,3,4,3,4,3,4,4,4,4,4,4,4,3,3,3,6,3,4,4,3,4,2,3,3,1,2,4,3,3,0,4,4,4,4,3,3,3,4,4,3,4,4,4,4,4,3,3,3,4,3,4,4,4,4,4,4,2,4,3,5,5,4,3,4,4,3,3,3,3,1,4,3,4,4,4,4,3,4,4,4,5,4,1,4,3,4,4,4,4,5,4,3,4,3,3,3,2,4,3,4,4,3,5,3,4,4,4,4,3,3,5,4,4,3,3,4,3,4,4,3,4,3,4,4,4,4,4,3,5,4,4,3,4,4,4,4,4,5,4,3,4,4,3,5,4,5,3,5,4,4,4,3,4,3,5,3,4,5,4,4,4,5.0,4,4,4,4,4,5,3,3,3,4,5,3,4,3,3,4,3,3,3,3,4,4,3,3,4,5,3,3,2,4,4,4,4,11.0,4.0,4,4,5,4,4,4,4,4,4,3,4,3,5,4,,4,4,3,5,4,3,3,5,4,4,4,4,3,4,4,,,,4,3,3,3,4,3,4,3,4,3,3,4,4,3,4,5,4,3,5,23.0,4,4,,4,3,4,4,4,3,4,4,3,,3,5,4,3,4,4,20.0,4,3,3,3,4,3,,3,4,4,3,4,4,4,4,5,3,3,30.0,5,5,4,5.0,3,4,3,4,4,4,3,5,5,3,3,4,3,3,3,3,4,4,2,4,5,5,5,5,4,4,3,,4,3,4,4,,3,5,4,5,5,3,4,4,4,22.0,4,,4,1,4,5,4,5,3,4,3,,5,4,4,6,5,5,4,4,4,3,0,2,4,2,4,2,4,3,5,5,4,5,4,6,4,4,,4,4,4,6,5,7.0,3,4,5,4,4,4,5.0,5,4,4,,4,4,4,,19.0,4,4,4,4,3,4,4,4,4,0.0,,,4,4,4,4,4,3,,5,,,4,5,,4,4,3,5,12.0,3,,,5,5,23.0,4,,5,5,5.0,,4,8.0,11.0,25.0,16.0,,,4,,,4,29.0,5,4,4,4,4,0.0,7.0,4,5,,4,5,4,4,5,,,4,4,4,4,4,4,4,,12.0,4,4,,5,,19.0,4,4,,4,,5,4,4,6,,7.0,4,,8.0,5,4,5,16.0,4,5,5,,20.0,,3,5,4,4,,4,,12.0,4,16.0,,4,18.0,4,4,,20.0,5,11.0,4,3,29.0,4,5,4,5,5,5,,,3,7.0,22.0,,8.0,12.0,12.0,3,2,5.0,,0,14.0,4,4,,4,9.0,4,27.0,,,,,5,4,10.0,,5,9.0,,4,,,,3,4,,,,9.0,2.0,5,,,5,,,4,,5.0,,21.0,8.0,,20.0,18.0,8.0,30.0,,,4,5,,,,4,4,4,3,4,8.0,4,0,,4,,2,20.0,4,5,,,4,,3,26.0,,,4,5,,5,6.0,,12.0,9.0,4,23.0,,15.0,11.0,4,,4,,23.0,7.0,5,,,4,7.0,3,,,3,4,,,,,5,8.0,,12.0,22.0,13.0,,5,8.0,29.0,,,4,19.0,,4,,8.0,5,,10.0,5,19.0,,,,17.0,4,25.0,,29.0,4,,8.0,,4,,,27.0,,5,15.0,5,4,4,,7.0,17.0,5,4,,,4,4,5,,5,4,29.0,4,4,4,5,,5,4,4,3,5,16.0,17.0,4,6,,9.0,21.0,,13.0,,,14.0,,5,,4,4,6,4.0,5,4,5,4,5,,,,,,3,15.0,,,,22.0,25.0,21.0,4,15.0,,5,,4,,,,5,4,,11.0,11.0,,,4,18.0,5.0,4,,,,,,,,,,4.0,5,,,,56,7,2.0438998957247128,-0.8124666898221765
5,6,5,5,5,4,5,5,6,6,5,5,5,3,5,4,5,5,5,5,5,4,6,4,5,5,3,5,4,5,5,5,5,5,5,5,5,6,5,5,5,5,5,7,5,5,4,5,5,6,6,4,6,5,5,5,5,5,5,6,6,5,4,5,4,5,5,6,5,5,6,6,7,6,5,5,4,5,5,5,5,4,4,4,5,6,5,4,5,5,5,5,5,5,6,5,3,6,6,5,5,6,6,6,6,4,5,4,5,32.0,6,6,6,5,4,4,5,5,0,6,6,4,6,5,5,6,6,5,4,5,6,5,5,5,6,5,5,4,6,5,3,5,5,5,5,2,6,5,6,6,6,5,5,5,5,5,6,6,5,5,4,5,5,5,5,4,4,4,5,4,2,5,5,5,5,6,6,6,6,5,5,5,6,4,5,6,5,5,5,5,5,5,6,6,6,6,6,6,5,5,6,5,8,5,6,6,5,5,5,0,5,4,4,6,5,5,5,6,5,6,6,5,5,5,6,6,5,6,6,5,5,6,5,5,5,6,5,6,6,6,6,6,5,5,6,5,6,6,6,3,6,5,5,5,5,5,4,6,5,6,6,5,6,5,6,6,6,7,6,4,6,5,5,5,6,6,6,6,5,5,4,5,4,4,6,5,5,6,5,7,5,6,5,6,6,5,5,6,6,6,3,4,5,1,5,5,5,6,5,6,5,6,5,6,5,7,5,6,5,6,6,6,0,6,6,5,4,5,6,5,7,6,6,4,6,6,5,5,5,4,5,6,6,6,7,6,5,6,,6,6,5,6,5,7,5,4,5,6,6,6,5,3,5,6,5,5,4,5,6,5,5,5,5,6,5,6,5,6,6,6,6,32.0,9.0,6,6,7,6,5,6,6,7,6,5,6,5,7,6,7.0,6,5,5,7,6,5,5,6,0,5,5,6,5,5,6,,16.0,,5,6,5,2,5,5,5,5,6,5,0,5,5,5,5,7,6,4,6,28.0,5,5,20.0,5,5,4,0,5,5,4,5,5,,5,7,6,5,6,5,,6,5,5,5,5,5,,4,6,6,5,6,6,3,6,7,5,3,17.0,6,6,5,31.0,5,5,6,5,6,5,5,7,7,5,5,6,5,5,5,5,6,6,5,6,7,7,6,7,6,7,5,,6,5,6,6,22.0,5,6,6,5,6,5,6,4,7,0.0,6,,6,5,6,6,6,7,5,6,5,,7,6,6,8,7,5,5,6,5,5,5,4,6,5,5,5,6,5,8,7,6,5,6,6,5,4,,6,6,6,7,7,6.0,5,6,7,6,5,6,13.0,5,6,6,,6,6,6,,13.0,6,6,6,6,5,5,6,5,6,8.0,,22.0,6,9,6,6,5,5,,6,,,5,6,0.0,6,5,5,7,,5,,,7,7,24.0,6,,7,6,28.0,,6,20.0,18.0,,,9.0,,6,,32.0,6,9.0,6,5,5,6,5,12.0,9.0,6,7,,5,6,4,5,7,,,5,6,6,6,5,6,6,,5.0,6,6,,6,11.0,18.0,6,6,,6,,6,6,6,7,,29.0,6,24.0,6.0,7,6,7,20.0,6,7,6,,28.0,,0,7,6,6,15.0,6,,,6,,,6,,7,7,14.0,8.0,7,26.0,6,5,34.0,6,7,5,7,6,6,,,6,32.0,18.0,19.0,10.0,8.0,18.0,5,5,7.0,,6,,6,6,,6,21.0,6,,12.0,,,,6,6,8.0,20.0,6,8.0,,6,,,,6,6,6.0,34.0,,10.0,,6,,,7,,,6,,,,33.0,,,,,10.0,,,11.0,6,7,13.0,7.0,0.0,5,6,6,5,6,,5,6,12.0,6,19.0,5,20.0,6,7,,,6,,5,12.0,,,6,6,,7,32.0,,10.0,16.0,6,25.0,,14.0,8.0,6,,6,,33.0,15.0,7,10.0,,6,24.0,5,,,5,6,,,,,7,,24.0,7.0,,,,6,18.0,15.0,,,6,34.0,,6,,,6,,9.0,6,,,11.0,,,6,21.0,,,5,,23.0,,5,,,13.0,,7,,7,6,3,,6.0,,6,5,,,6,6,6,,6,6,13.0,6,6,6,7,,6,6,6,5,6,,28.0,6,7,,30.0,,,11.0,,,22.0,,7,,6,4,7,,6,6,7,6,7,,,,,,5,9.0,,6.0,14.0,9.0,,17.0,6,8.0,,7,,6,,30.0,31.0,6,6,,7.0,,,,6,16.0,25.0,6,13.0,,,,,,6.0,,,11.0,7,,,,57,7,2.0876981737908906,-0.7882451614680824
5,5,5,5,5,4,5,5,5,0,5,4,5,5,5,5,4,4,5,5,5,4,6,5,5,5,6,5,4,5,5,5,6,5,6,4,5,6,5,5,6,4,4,6,4,5,4,5,5,6,6,4,6,5,5,5,5,5,4,5,5,5,4,4,5,5,5,6,5,5,5,5,6,5,5,6,6,5,5,5,2,3,3,4,4,5,4,4,5,5,5,5,5,5,0,5,4,6,6,5,5,5,6,5,6,4,4,4,5,,6,6,5,5,4,4,5,5,5,6,6,3,6,5,5,5,5,5,4,4,5,4,3,5,6,5,5,4,5,5,5,4,4,2,5,4,5,5,6,6,5,5,4,4,4,5,6,5,4,4,3,4,5,5,5,4,4,5,5,4,5,5,5,5,5,5,5,5,6,5,5,5,5,4,4,6,5,4,5,5,5,5,6,6,5,5,5,5,5,5,5,4,8,5,2,5,5,5,5,3,4,4,4,5,4,4,5,5,5,5,5,4,4,5,6,0,5,6,5,5,5,5,4,4,4,3,4,5,5,6,4,2,3,1,5,5,6,6,5,2,5,5,4,5,5,5,4,6,5,5,6,5,6,4,5,5,5,6,5,5,5,4,5,6,5,6,6,6,5,5,4,5,4,3,5,5,5,5,5,6,4,5,5,5,5,5,5,6,6,6,5,4,5,4,5,5,5,6,5,5,5,4,5,6,5,6,5,6,5,5,0,5,5,5,6,5,5,5,5,4,6,3,6,4,6,6,5,5,5,5,4,6,5,5,6,5,5,6,,6,5,4,5,5,6,4,0,4,2,5,5,5,4,5,5,4,4,4,5,6,6,4,5,5,5,4,5,4,6,5,5,6,11.0,6.0,5,6,6,5,5,5,6,6,6,4,6,5,6,6,,6,5,5,7,6,4,4,5,5,5,5,5,5,5,5,7.0,14.0,16.0,5,5,5,4,5,5,5,4,5,5,5,6,5,5,5,6,5,4,6,,6,5,5.0,5,4,5,5,5,5,6,6,5,,5,6,5,5,5,5,20.0,5,5,5,5,5,5,,5,6,5,5,6,5,6,6,6,5,4,,6,6,5,14.0,5,5,5,5,5,5,5,6,6,5,4,5,5,4,4,5,5,6,5,5,5,4,4,6,5,6,5,9.0,5,5,6,6,18.0,5,6,5,6,6,4,6,5,6,22.0,6,,5,5,6,6,5,6,5,5,4,20.0,7,6,5,7,6,6,5,6,5,5,6,3,6,0,5,5,5,5,6,7,5,6,5,6,6,5,,5,6,5,5,0,,4,3,6,5,5,5,6.0,6,5,5,,6,5,5,,,6,5,6,6,5,6,5,6,5,17.0,,,5,7,5,6,5,5,,6,,,5,6,,6,5,3,6,7.0,4,7.0,,5,6,19.0,6,,7,6,15.0,,6,14.0,8.0,10.0,12.0,27.0,,6,,11.0,5,,6,5,5,5,6,,6.0,5,6,,4,6,5,5,7,,,5,5,5,6,5,5,5,,8.0,5,6,,6,7.0,23.0,6,6,,6,,6,5,6,7,,9.0,5,9.0,4.0,7,5,6,28.0,6,6,6,,12.0,,6,7,5,6,27.0,5,,11.0,5,9.0,,6,,6,6,,18.0,6,7.0,6,5,,6,6,5,6,5,7,,,5,7.0,,23.0,,12.0,27.0,5,5,11.0,,6,16.0,6,5,,5,10.0,6,19.0,18.0,,,,6,5,21.0,18.0,6,18.0,,6,,,,5,6,29.0,6.0,,20.0,,6,,,7,,,6,,11.0,,,26.0,,28.0,,8.0,15.0,,8.0,5,5,22.0,,5.0,5,6,6,5,6,,6,5,,6,,0,,6,6,,,6,,5,11.0,,,5,6,,7,,,7.0,10.0,6,,,,17.0,5,,6,20.0,9.0,12.0,6,,,6,17.0,4,,,4,6,,,,,6,10.0,18.0,,,27.0,,6,19.0,,,,6,14.0,,5,,21.0,6,,,6,18.0,,11.0,,,5,,,16.0,5,,9.0,,6,,,18.0,,6,,7,5,5,,12.0,20.0,6,6,,,5,5,6,9.0,6,6,,6,6,5,5,,6,5,5,5,6,6.0,,6,7,,29.0,9.0,,11.0,,,24.0,,6,,6,5,6,10.0,6,5,7,6,6,12.0,,,,,0,11.0,,18.0,,,0.0,17.0,5,11.0,,6,,6,14.0,17.0,29.0,6,6,,11.0,7.0,,18.0,6,14.0,6.0,6,18.0,,,,,,10.0,,,,6,,,,58,7,2.017504350496467,-0.7985625248409961
7,7,7,7,7,6,7,7,8,8,5,7,7,5,7,7,6,7,7,7,7,6,8,6,7,4,7,6,6,4,6,7,7,7,7,6,7,7,7,7,7,6,7,9,5,7,7,7,7,8,8,6,8,7,7,7,4,7,7,7,7,7,5,6,6,6,7,8,7,7,8,8,8,8,7,8,7,7,7,6,7,7,6,6,7,8,6,7,7,4,7,7,7,6,7,7,6,8,8,7,7,7,8,7,7,7,6,5,6,0.0,8,8,8,6,6,6,6,7,0,8,8,6,7,7,7,7,6,7,6,6,4,7,7,0,7,7,7,7,7,7,7,7,6,6,8,7,7,7,8,7,7,7,7,7,7,7,7,7,7,7,3,7,7,7,7,6,6,6,6,6,6,7,6,6,7,8,7,7,8,6,6,7,8,6,7,8,7,7,7,7,7,7,8,8,7,8,7,7,5,7,7,4,9,7,7,7,6,7,7,7,7,6,6,8,7,7,8,8,7,7,7,7,7,7,8,7,7,8,7,7,7,7,7,7,7,8,7,8,7,8,8,8,7,7,8,7,8,8,8,6,7,7,7,7,7,7,6,7,7,7,8,6,7,5,8,8,8,8,7,7,7,7,8,8,7,7,8,7,6,6,6,7,6,6,7,7,7,8,7,8,5,7,7,8,7,7,6,8,8,8,6,6,7,6,7,7,7,8,7,8,7,7,7,8,7,8,7,8,7,8,7,7,8,8,8,7,7,7,7,6,8,8,8,6,8,8,7,5,7,5,5,8,4,5,8,7,7,8,7.0,7,8,7,7,7,8,6,7,6,7,8,7,6,7,7,8,7,6,6,7,8,7,6,7,7,8,6,7,6,8,7,7,8,12.0,,8,8,8,6,7,7,7,8,8,7,8,7,8,8,10.0,7,7,7,8,7,7,6,4,8,7,7,8,7,7,7,8.0,,8.0,6,7,6,6,7,7,7,6,7,6,7,8,8,7,8,9,8,6,8,9.0,7,6,24.0,7,7,7,7,7,7,8,8,8,,6,9,8,7,8,7,,7,6,6,7,8,7,,7,8,7,7,7,7,7,8,9,6,6,8.0,0,8,7,11.0,7,7,7,7,7,7,7,9,9,7,7,8,7,6,7,4,8,8,7,8,0,8,8,9,7,9,6,8.0,7,7,8,7,10.0,7,8,7,8,8,7,8,7,8,10.0,8,,8,5,7,8,8,8,7,8,6,21.0,8,7,7,9,8,8,7,7,7,6,7,7,6,7,5,7,7,6,9,8,8,7,7,9,8,7,,7,8,7,9,8,,7,8,8,7,7,8,12.0,8,7,7,,8,7,7,,,8,7,8,7,7,7,7,8,7,10.0,,,8,7,8,7,7,8,,8,,,7,8,7.0,7,7,7,8,,7,,,8,0,8.0,7,,8,8,23.0,,8,12.0,15.0,12.0,15.0,17.0,,8,,13.0,6,,8,5,7,8,7,24.0,,7,9,,7,8,7,7,8,,,7,7,8,8,7,8,7,,,7,8,,8,26.0,,8,8,,7,20.0,8,7,8,9,,14.0,7,,,6,7,9,18.0,8,8,8,,,,8,8,8,7,,8,,,7,9.0,,8,,8,7,13.0,26.0,8,,7,7,,8,9,7,8,7,9,26.0,,7,11.0,,7.0,20.0,,14.0,7,6,10.0,,8,,7,8,,7,10.0,8,21.0,22.0,,,,8,8,23.0,9.0,8,0.0,,8,,,,0,8,22.0,11.0,,13.0,12.0,8,,19.0,9,,,7,,,,12.0,11.0,,12.0,,10.0,9.0,,,8,9,,15.0,10.0,7,8,8,7,7,,8,8,24.0,7,15.0,6,8.0,8,8,,,8,,7,26.0,,,8,8,,8,14.0,,8.0,13.0,7,15.0,,,13.0,8,,7,8.0,8.0,21.0,8,11.0,,8,,7,14.0,,7,7,,,,,8,14.0,,,20.0,14.0,,8,17.0,,,,8,22.0,,8,,16.0,7,,,8,12.0,,10.0,,10.0,7,,,21.0,7,,,,7,,,,,9,7.0,8,7,8,,26.0,12.0,8,7,,,7,7,8,14.0,8,8,15.0,8,8,8,9,,0,8,8,7,8,14.0,,7,9,,,7.0,,,,,,,8,,8,7,9,20.0,8,8,8,8,9,,,,,,7,,,20.0,,10.0,24.0,9.0,7,19.0,,8,,7,21.0,13.0,13.0,8,7,,7.0,11.0,,0.0,8,,25.0,8,15.0,,,,,,8.0,,,,9,,,,59,7,1.9182973572725424,-0.7586869313956879
7,6,6,6,6,6,6,7,7,8,6,6,6,6,6,6,6,6,6,6,6,6,7,6,7,7,7,7,6,7,6,7,7,7,6,6,6,7,7,7,7,5,6,8,6,6,5,6,7,7,7,6,7,6,0,5,6,6,5,6,7,7,5,5,6,6,7,7,6,6,7,7,8,7,6,7,7,6,7,6,6,5,5,6,6,7,5,5,6,6,6,7,7,6,7,6,6,7,7,6,6,7,7,6,7,5,5,3,6,24.0,7,8,7,6,6,6,6,6,7,8,7,5,7,7,7,6,7,6,5,6,7,4,6,6,7,7,7,6,6,7,7,6,5,6,7,6,7,6,7,7,7,7,6,6,6,6,7,7,6,6,5,6,6,6,7,6,5,7,6,6,6,7,6,6,6,7,7,7,7,6,6,7,7,5,6,7,7,4,6,6,6,6,7,6,6,6,7,7,7,6,7,6,9,6,7,7,6,6,6,6,6,5,5,7,6,6,7,7,6,7,7,6,6,6,7,7,6,7,7,7,6,7,6,6,6,7,6,7,7,7,7,7,7,6,7,6,8,8,7,5,7,7,5,6,6,6,6,7,6,7,7,7,7,6,7,7,7,8,7,6,7,6,7,7,7,7,8,7,6,7,6,6,5,5,7,6,6,7,6,8,6,7,7,7,7,6,6,8,7,7,6,6,7,6,6,6,6,7,6,7,6,7,7,7,6,8,7,7,6,7,7,7,7,7,7,7,5,6,7,6,8,7,8,6,8,8,7,7,6,7,6,8,7,7,8,7,7,7,16.0,7,7,6,7,6,8,6,6,6,7,8,7,7,6,6,7,6,6,6,6,6,7,6,6,6,8,4,6,4,6,7,0,7,,,7,7,8,7,7,7,7,6,7,6,6,6,7,7,9.0,7,6,6,8,7,6,6,8,7,6,7,7,6,6,7,,26.0,,7,6,6,5,7,6,6,6,7,6,6,7,7,6,6,8,7,5,8,22.0,7,6,,7,6,7,7,7,6,7,7,7,,6,8,7,6,7,6,,7,6,6,6,7,6,,6,7,7,4,7,7,7,7,8,4,6,,7,7,6,22.0,6,6,7,7,7,7,6,8,8,6,6,7,6,6,6,6,7,7,7,7,8,8,8,8,7,8,6,,3,0,7,7,27.0,6,8,7,7,7,2,7,6,8,8.0,7,,7,6,7,7,7,8,6,6,6,,8,6,7,9,8,7,7,7,6,6,6,0,7,6,6,6,7,6,9,7,7,8,0,9,7,7,,7,7,7,8,8,,7,7,8,7,6,7,25.0,8,7,3,0.0,8,7,6,,,7,6,7,7,6,7,7,8,6,22.0,,17.0,7,10,7,7,6,7,,7,,,6,8,,7,7,6,8,17.0,6,12.0,,8,7,,7,,8,8,,,7,17.0,14.0,18.0,24.0,8.0,,7,,,7,,7,6,6,7,7,16.0,17.0,7,8,,7,7,6,7,8,,,6,7,7,7,6,7,6,,7.0,6,7,,8,25.0,26.0,7,7,,7,9.0,7,6,7,8,,27.0,7,23.0,25.0,8,7,8,18.0,7,8,8,,,,7,8,7,0,8.0,7,28.0,12.0,7,20.0,,7,18.0,8,8,8.0,18.0,8,30.0,7,6,31.0,7,8,7,8,7,9,17.0,,6,,16.0,,16.0,,17.0,6,6,20.0,,8,10.0,7,7,,7,22.0,7,,,,,,8,7,,14.0,7,10.0,,7,,,,7,7,,21.0,,22.0,,7,,8.0,6,,,7,,0.0,,18.0,16.0,,,,21.0,17.0,,20.0,3,8,30.0,,14.0,6,7,7,6,7,11.0,7,7,7.0,7,18.0,5,15.0,7,8,,21.0,6,,6,10.0,,,7,8,,8,26.0,,,22.0,7,9.0,22.0,,,7,,7,,,,8,16.0,,7,,6,,,4,7,,,,,7,,25.0,18.0,0.0,8.0,,8,,,,,7,11.0,,6,,13.0,8,,,7,15.0,,19.0,,,7,,,20.0,7,,7.0,,7,,,,,8,7.0,8,7,7,,14.0,9.0,8,7,0.0,,7,7,8,22.0,7,7,11.0,7,7,7,8,,8,7,7,6,8,13.0,15.0,7,8,,21.0,25.0,,11.0,,,11.0,,8,,7,7,9,23.0,8,6,8,7,8,7.0,,,,16.0,6,31.0,,22.0,19.0,11.0,16.0,10.0,7,31.0,,7,,7,,7.0,,8,7,,31.0,,,,7,,,7,,,,,,,25.0,,,19.0,7,,,,60,7,2.0325863486842106,-0.7758936902162602
4,1,3,3,3,3,3,3,4,5,3,3,3,2,3,3,3,3,3,3,3,0,3,2,4,3,4,3,2,3,3,3,4,4,4,3,3,4,4,4,4,3,3,5,3,3,3,3,4,4,4,3,4,3,3,4,4,4,3,4,3,3,2,3,3,3,4,5,0,3,4,4,5,4,3,4,4,3,2,3,3,3,2,3,3,4,1,2,4,3,3,4,4,3,3,3,3,4,4,3,3,4,4,4,4,3,2,2,4,,5,5,4,3,0,2,3,4,3,4,4,2,4,3,3,3,4,3,2,2,3,3,3,3,4,4,4,3,4,3,4,3,2,3,4,3,4,3,2,3,3,3,3,3,3,3,3,3,3,3,2,3,3,3,4,3,2,3,3,3,3,3,1,2,3,4,4,4,4,1,2,3,4,2,3,4,3,3,3,3,3,0,4,4,4,4,4,4,4,3,4,3,5,3,4,4,3,3,3,3,3,3,2,4,2,3,4,4,3,4,4,3,3,3,4,3,3,4,3,3,3,3,3,3,3,4,3,4,4,4,4,4,4,4,4,3,5,5,4,2,4,4,3,3,3,3,2,4,3,4,4,3,3,3,4,4,4,4,4,3,4,3,4,4,4,4,4,3,2,4,2,3,3,2,2,3,4,4,4,4,3,3,3,4,4,3,3,5,4,4,3,3,4,3,3,4,3,4,3,4,3,4,4,4,3,5,4,4,3,4,4,4,4,4,4,3,3,3,4,3,5,3,5,3,5,5,4,3,3,4,3,5,1,3,4,3,3,4,5.0,3,4,0,3,3,5,3,3,3,4,4,4,3,3,3,4,2,3,3,3,5,4,3,3,3,4,3,4,3,4,4,3,4,23.0,,4,4,5,4,4,4,4,4,4,3,4,3,4,4,29.0,4,3,3,4,4,3,1,5,4,4,3,3,2,4,3,16.0,24.0,,3,3,3,2,3,3,4,2,4,3,3,4,4,3,4,0,4,1,4,,4,3,,3,3,4,4,4,3,4,4,4,,3,5,4,3,4,4,7.0,4,2,3,3,4,3,,3,4,4,3,3,4,4,4,5,3,3,8.0,5,4,3,9.0,3,4,3,3,4,4,3,5,5,3,3,4,3,3,3,2,4,4,4,4,5,5,5,5,4,5,3,13.0,2,3,4,4,28.0,3,5,4,5,5,3,4,3,4,,4,,4,3,4,4,4,5,3,4,3,12.0,5,4,4,5,4,4,3,4,3,3,4,3,4,3,3,3,4,3,6,5,4,4,4,5,4,4,,4,4,4,5,5,7.0,3,4,5,4,4,4,,4,3,4,,5,4,4,,17.0,4,4,4,4,3,4,3,4,3,20.0,,,4,7,4,4,3,4,,5,22.0,,3,4,16.0,4,4,3,5,6.0,3,21.0,6.0,5,5,4.0,4,,3,4,,,4,23.0,9.0,9.0,15.0,19.0,,4,,8.0,4,20.0,4,3,3,4,4,11.0,19.0,3,5,,4,5,4,3,5,,,4,4,4,4,4,4,4,,9.0,3,4,,4,,,4,4,,3,21.0,5,4,4,0,,27.0,4,11.0,20.0,5,3,5,6.0,4,5,5,,20.0,,5,5,0,4,,4,22.0,14.0,3,12.0,,4,4.0,4,5,,5.0,5,22.0,4,3,,3,5,4,4,4,5,,,4,,12.0,8.0,11.0,,17.0,3,3,,,4,,4,4,,4,18.0,4,,11.0,,,,4,4,8.0,,4,,,4,,,,4,4,26.0,16.0,,10.0,20.0,5,,,5,,,4,,8.0,,,,,17.0,,13.0,17.0,,,4,5,,,9.0,4,4,4,3,4,4.0,4,4,4.0,4,,2,18.0,4,5,,,4,,3,,,,4,4,,5,7.0,,8.0,12.0,4,26.0,,8.0,12.0,4,,3,,,,4,,,4,9.0,3,16.0,,3,4,,,,,5,,11.0,17.0,25.0,20.0,,4,,14.0,,,4,0.0,,4,,3.0,5,,3.0,4,,,24.0,,,4,,,10.0,3,,7.0,,4,,,,,5,,4,4,4,,15.0,12.0,4,4,,,4,4,5,19.0,5,4,19.0,4,4,4,5,,5,5,4,3,5,19.0,13.0,4,5,,,,,23.0,,,,,5,,4,3,5,14.0,5,4,5,4,5,6.0,,,,18.0,3,5.0,,,6.0,6.0,15.0,4.0,4,21.0,,5,,4,10.0,,16.0,4,4,,11.0,,,4.0,4,27.0,,4,,,,,,,25.0,,,,5,,0.0,,61,7,1.959943210627725,-0.7827553370728753
15,14,13,14,14,13,14,13,13,10,12,10,13,14,14,14,13,14,14,13,14,13,15,14,15,14,14,14,14,14,14,14,14,15,15,14,14,15,14,14,14,14,14,14,12,14,14,0,14,15,15,14,15,14,14,14,15,14,14,14,15,14,13,14,13,14,15,15,14,14,15,15,15,15,14,15,14,14,14,14,13,14,13,14,14,15,13,14,15,14,14,15,14,14,15,15,13,15,15,14,14,15,15,15,15,13,14,11,14,21.0,15,16,15,13,13,10,13,15,14,15,15,13,15,14,14,15,15,14,14,13,15,14,14,13,15,14,14,14,15,15,15,12,13,14,15,14,15,14,15,15,14,14,14,14,14,14,15,15,14,14,12,12,13,14,14,13,13,14,14,14,14,14,14,14,14,15,15,14,15,14,14,15,15,12,14,15,14,14,14,14,14,14,15,15,14,14,15,15,14,14,15,14,17,14,15,15,14,15,14,14,14,14,14,13,14,14,14,15,14,15,15,14,14,14,15,15,14,15,15,14,14,14,13,14,14,15,14,15,14,15,15,15,14,14,15,14,14,14,15,13,15,6,14,14,14,14,14,15,14,15,15,14,15,14,13,13,14,13,14,14,15,14,14,15,15,15,15,15,14,15,14,14,14,14,14,14,14,15,14,16,14,15,14,14,15,14,14,15,15,15,13,13,14,14,14,14,14,15,14,15,14,15,14,15,14,16,15,15,13,15,15,15,15,14,14,14,14,13,15,14,16,14,13,14,16,16,14,14,14,13,14,15,14,15,16,15,14,15,28.0,15,15,14,15,14,16,14,14,14,13,12,13,13,13,14,15,13,13,14,14,16,11,14,14,14,14,14,15,14,15,15,15,15,,,15,15,16,15,15,15,15,15,15,14,15,14,16,15,29.0,15,13,12,16,15,14,13,13,14,15,14,15,14,14,15,28.0,,,13,15,14,14,13,14,14,14,15,14,14,15,15,13,14,16,14,13,0,17.0,14,14,24.0,14,13,14,12,14,14,15,15,15,,14,14,7,14,15,14,20.0,14,14,14,14,15,14,,14,15,13,14,15,15,15,15,16,14,14,20.0,15,15,14,,14,13,14,14,15,14,14,14,14,14,14,15,14,14,14,13,13,15,12,13,14,14,13,14,13,14,12,19.0,14,14,14,15,20.0,14,15,15,15,15,14,15,14,15,,15,,13,14,14,0,13,15,14,15,13,,15,15,15,16,16,15,14,15,14,14,15,14,14,14,14,14,15,15,16,14,14,15,15,15,15,14,,14,15,15,15,13,,13,13,13,15,14,13,,0,14,15,,15,15,15,,17.0,15,15,15,15,14,15,15,15,15,34.0,,18.0,15,17,15,15,14,13,,15,,,15,9,,15,14,14,16,17.0,14,,24.0,16,16,30.0,15,,16,15,24.0,,15,,,,33.0,31.0,,15,,,15,,15,15,14,15,15,,25.0,15,14,,15,15,15,15,16,,,13,15,15,15,14,11,15,,18.0,15,14,,14,,,15,15,,15,,15,15,15,16,,31.0,14,,25.0,16,14,16,,14,11,10,,19.0,,16,16,12,15,16.0,15,32.0,29.0,15,,,15,,16,13,29.0,17.0,16,30.0,14,15,,0,15,14,15,15,16,21.0,,15,,0.0,,21.0,32.0,15.0,14,14,16.0,,15,,15,13,,15,,15,,32.0,,,,15,14,19.0,18.0,15,,,15,,,,15,15,20.0,,,20.0,29.0,16,,,16,0.0,,14,,15.0,,,26.0,,,,25.0,,20.0,14.0,15,14,13.0,16.0,,14,15,15,14,15,20.0,15,15,,14,26.0,13,15.0,15,14,,22.0,15,,14,,0.0,,15,14,,16,21.0,,30.0,18.0,14,22.0,23.0,,,15,,14,28.0,,,15,18.0,,15,,13,22.0,,13,15,,,,,15,19.0,16.0,30.0,33.0,25.0,,15,30.0,24.0,,,15,16.0,0.0,15,,19.0,15,,22.0,15,22.0,,28.0,,23.0,15,19.0,,29.0,14,,,,15,,,19.0,,16,,16,15,15,,31.0,26.0,13,14,,,15,15,15,16.0,16,14,,14,15,15,16,,16,15,15,14,16,29.0,,15,16,,33.0,22.0,,33.0,,,,,16,,15,14,14,,15,15,15,14,14,22.0,,,,27.0,14,15.0,,19.0,19.0,,15.0,,5,,,16,,14,31.0,0.0,22.0,16,14,,29.0,34.0,,19.0,15,32.0,23.0,15,20.0,,,,,,17.0,,,29.0,16,,,,62,7,2.12077545096413,-0.7132701574501424
5,4,4,4,0,4,4,4,4,5,4,4,4,3,4,4,4,4,4,3,4,3,4,3,5,4,5,4,4,4,4,4,5,5,5,4,4,5,4,4,5,4,2,6,3,4,4,4,4,5,5,4,5,4,4,4,4,4,3,5,5,4,3,3,3,4,4,0,3,4,4,5,6,4,4,5,5,4,4,4,4,3,3,3,4,5,3,3,4,4,2,3,4,4,5,4,4,5,5,4,4,5,5,5,5,3,3,2,3,14.0,4,5,0,4,3,3,4,5,4,5,5,3,5,4,4,4,4,4,0,4,5,4,4,3,5,4,5,4,4,4,4,3,3,3,5,4,4,4,5,5,5,4,2,4,4,4,5,5,4,4,2,4,4,4,4,3,3,4,4,3,4,4,3,4,4,5,5,5,5,4,4,5,5,1,4,5,3,4,4,4,4,4,5,5,4,5,4,4,4,4,5,4,7,4,5,5,4,4,4,2,4,3,3,5,4,3,5,5,4,5,4,4,4,4,5,4,4,5,5,4,4,5,4,4,4,5,4,5,4,5,5,5,4,4,4,4,5,5,5,3,5,4,4,4,4,4,3,5,0,5,5,4,5,4,5,5,5,5,4,4,3,4,5,5,4,5,5,5,4,5,4,4,3,3,5,4,4,4,4,6,4,5,4,4,5,4,4,5,5,5,4,4,5,3,4,4,4,5,4,5,4,4,5,5,4,6,5,5,4,5,5,4,5,5,5,4,4,4,4,3,6,4,5,4,5,5,4,4,4,4,3,5,4,4,6,5,4,5,,5,5,4,5,4,6,3,3,4,4,5,4,4,3,4,5,3,4,4,4,5,5,4,4,4,5,3,5,4,5,5,5,5,12.0,20.0,5,5,5,5,5,5,5,5,5,4,5,4,5,5,19.0,5,4,4,2,5,4,3,5,5,4,4,4,4,4,5,28.0,15.0,,4,4,4,1,4,4,5,3,5,4,4,5,5,3,4,6,5,3,5,,5,4,,4,4,5,5,5,4,5,5,5,,4,5,5,4,5,4,26.0,4,4,4,4,5,4,,4,5,4,4,5,4,5,5,6,3,2,,4,4,3,,4,4,4,4,4,5,4,6,6,4,3,5,4,4,3,4,5,5,4,5,5,5,5,6,4,6,4,10.0,4,4,5,5,18.0,4,4,5,5,5,4,5,4,5,10.0,5,,4,4,5,5,5,5,4,5,4,,6,5,5,6,6,5,4,5,4,4,5,4,5,4,4,4,4,4,6,5,5,5,5,6,5,4,,5,5,1,6,5,5.0,4,4,5,5,5,0,20.0,5,4,5,,5,5,5,,8.0,5,4,5,5,3,5,3,5,4,23.0,,14.0,5,7,5,5,4,5,,5,,,4,5,,5,4,3,6,,4,,,6,6,,5,,6,5,,,4,22.0,24.0,,,31.0,,5,,23.0,4,25.0,5,4,4,5,5,8.0,17.0,5,6,,5,5,4,5,6,,,4,5,5,5,4,4,3,,29.0,4,5,,5,26.0,11.0,5,5,,5,,5,4,5,5,,6.0,4,,9.0,6,4,6,14.0,5,4,5,,20.0,,4,6,5,5,,5,,,4,,,5,21.0,6,5,21.0,26.0,5,,5,4,7.0,5,6,4,0,5,6,12.0,,5,15.0,,16.0,,18.0,14.0,4,4,,,5,11.0,5,5,,4,,5,,17.0,,,,5,0,,,5,19.0,,5,,,,5,5,19.0,17.0,,,,5,,24.0,6,,,5,,15.0,,,13.0,,24.0,29.0,25.0,10.0,,,5,6,12.0,6.0,28.0,4,5,5,4,5,16.0,5,5,17.0,5,26.0,3,20.0,5,5,,,5,,4,6.0,,,5,5,,6,,,14.0,19.0,5,20.0,25.0,12.0,19.0,4,,5,23.0,,,6,22.0,,5,,1,16.0,,4,5,,,,,5,21.0,6.0,,19.0,,,5,15.0,10.0,,,5,6.0,,4,,18.0,5,,30.0,5,9.0,,,,7.0,5,10.0,,5.0,4,,16.0,,3,,,21.0,,6,6.0,6,5,5,,,26.0,5,0,,,5,5,6,8.0,5,5,,5,5,5,6,,6,5,5,4,6,17.0,5.0,5,5,,,8.0,,10.0,,,,,6,,5,4,6,14.0,5,5,6,5,4,8.0,,0.0,,18.0,3,,,,9.0,14.0,7.0,,5,,,6,,5,25.0,6.0,13.0,6,5,,13.0,8.0,,18.0,5,19.0,31.0,5,12.0,,,,,,,,,,5,,,,63,7,2.0617641189383358,-0.7851780877030011
7,6,5,6,5,5,6,6,7,7,6,6,6,4,6,5,6,6,6,5,6,5,7,6,7,7,7,6,5,6,6,6,7,7,7,6,6,7,7,7,7,6,6,8,6,6,6,6,6,7,7,6,7,6,6,6,6,6,5,4,7,6,5,3,6,6,7,7,6,6,7,7,8,7,6,7,7,6,6,6,6,5,5,5,6,7,6,5,6,6,6,7,6,6,7,7,6,0,6,6,4,7,6,7,7,5,5,5,6,,7,8,7,6,5,6,6,6,6,7,7,5,7,7,6,6,6,6,5,5,7,6,6,6,7,7,7,5,6,6,7,5,6,6,6,6,6,6,7,7,7,7,6,6,6,6,7,7,6,6,2,6,6,4,6,5,5,6,6,5,6,6,6,6,6,7,7,7,7,6,6,7,7,5,6,7,6,4,5,6,6,6,7,7,6,6,7,7,6,6,7,6,9,6,7,7,7,7,6,6,5,5,5,7,6,6,7,7,6,7,6,6,6,6,7,7,6,6,7,6,6,7,6,6,6,6,6,7,7,7,7,7,6,6,7,6,7,7,7,5,7,7,6,6,5,5,5,7,6,7,7,6,7,6,7,6,7,7,7,6,7,6,6,7,7,7,7,7,6,6,6,6,6,4,7,6,6,7,6,8,6,7,6,7,7,6,4,7,7,7,5,6,6,5,6,6,6,7,6,7,6,7,6,7,6,7,6,7,6,7,6,7,7,6,7,7,6,6,7,3,8,7,7,5,7,7,7,6,6,7,6,7,6,7,8,7,6,7,,7,7,0,7,6,7,6,6,6,7,7,6,6,6,3,6,5,6,6,6,7,7,4,6,6,7,6,7,6,7,7,7,7,,9.0,7,7,8,5,7,7,6,7,7,6,7,6,7,7,8.0,7,6,6,8,7,6,5,7,7,6,6,4,6,6,6,19.0,,21.0,6,6,6,5,6,6,6,6,7,6,6,7,7,6,6,7,7,5,7,16.0,7,6,,6,6,7,7,7,6,7,7,7,0.0,6,7,7,6,7,6,9.0,7,6,6,6,7,6,,6,7,7,6,7,7,7,7,8,5,6,,7,7,6,,6,6,7,6,7,7,6,0,8,6,6,7,3,6,6,5,7,7,4,7,7,8,7,8,7,8,6,15.0,6,6,7,7,,6,7,7,0,7,1,0,5,8,10.0,7,,7,6,7,7,7,7,6,7,5,,8,7,7,8,8,7,6,7,6,6,7,6,7,5,6,6,6,6,9,8,7,7,6,8,7,6,,7,7,6,8,7,,6,6,7,6,7,7,8.0,8,6,7,,7,7,7,,,7,0,7,7,6,7,7,6,7,13.0,,,7,10,7,7,6,7,,7,,,6,6,12.0,7,7,6,8,17.0,6,26.0,12.0,7,7,8.0,7,,8,7,15.0,,6,16.0,12.0,11.0,,17.0,,7,,26.0,7,28.0,7,6,6,7,7,9.0,,7,8,,7,7,6,7,8,,,6,6,7,7,6,7,6,,20.0,6,7,,6,10.0,8.0,7,7,,7,33.0,7,6,7,8,,19.0,6,30.0,29.0,7,6,8,,7,7,7,,,,8,8,7,7,,6,24.0,8.0,7,,,7,6.0,7,7,,27.0,7,,7,6,7.0,7,8,6,7,7,8,18.0,,6,6.0,20.0,14.0,33.0,,22.0,6,6,33.0,,8,,7,7,,7,26.0,7,21.0,8.0,,,,7,7,10.0,12.0,7,,,7,,,,7,7,,,,28.0,25.0,7,,,8,,,7,,,,16.0,,,6.0,33.0,7.0,,13.0,31.0,7,8,,,,6,7,7,6,7,9.0,7,7,25.0,7,,6,24.0,7,7,,14.0,6,,6,7.0,,,6,7,,8,,,9.0,0.0,7,,30.0,,13.0,6,,7,,,24.0,8,23.0,,7,10.0,6,,,6,7,,,,,7,7.0,24.0,15.0,,22.0,,7,10.0,,,,7,17.0,,6,,,8,,7.0,7,14.0,,7.0,,25.0,7,8.0,,,6,,9.0,,7,,,15.0,,8,24.0,8,7,6,,8.0,24.0,7,7,,,7,7,6,15.0,6,7,16.0,7,7,7,8,,7,7,7,5,7,,0.0,7,8,,,14.0,,30.0,,,9.0,,8,,7,6,8,20.0,7,7,8,7,8,29.0,,,,,6,,,0.0,14.0,12.0,18.0,19.0,6,14.0,,8,,7,18.0,11.0,29.0,8,7,,6.0,14.0,,9.0,7,,20.0,7,15.0,,,,,,,,,,7,,,,64,7,2.105736214906084,-0.766006254017737
4,4,3,3,3,3,3,1,4,5,4,4,3,1,4,3,3,3,2,3,4,3,5,4,4,4,5,4,3,4,4,4,4,4,5,4,4,5,4,4,4,4,3,5,3,4,3,4,4,5,4,4,4,4,3,4,0,3,3,4,2,3,0,3,3,4,4,5,4,3,4,4,5,5,4,4,5,4,4,3,3,3,3,3,1,4,3,3,3,1,4,4,4,4,4,4,3,5,4,4,4,4,4,3,4,3,0,2,4,,5,4,4,3,3,3,4,4,4,5,4,3,4,4,4,4,4,4,3,3,4,3,3,3,4,4,4,3,4,4,4,3,3,4,4,3,4,4,5,4,4,4,3,4,3,3,4,1,4,3,2,4,4,4,3,3,3,3,3,3,3,4,3,4,3,4,4,4,4,3,3,4,4,2,3,5,4,1,4,4,4,4,4,4,2,4,4,4,4,4,5,3,6,4,4,4,4,4,4,2,3,2,3,4,3,3,4,4,4,4,4,4,3,4,5,4,4,4,4,4,4,4,4,4,4,4,3,4,4,5,4,5,4,4,4,4,5,5,4,2,0,4,3,3,3,3,3,4,3,4,5,4,4,4,0,4,4,5,4,3,4,3,4,4,4,4,5,4,3,2,3,3,3,3,4,2,3,4,4,5,3,4,4,4,4,3,3,5,4,4,3,3,4,2,4,3,4,5,4,4,4,4,4,5,4,5,4,5,4,4,4,4,4,3,5,4,4,4,4,3,5,4,5,3,5,5,4,4,3,4,3,5,3,4,4,4,4,4,14.0,4,4,3,0,4,5,3,1,3,4,5,4,4,3,3,4,3,3,3,4,5,5,3,4,2,4,3,4,3,4,4,4,4,,14.0,4,4,5,4,4,3,4,3,4,3,4,4,5,4,13.0,4,4,4,5,5,4,1,5,4,4,4,4,3,3,4,22.0,,,4,3,3,3,4,4,4,3,4,4,4,4,3,3,4,5,4,3,5,,2,4,26.0,4,3,4,4,4,4,3,4,4,,3,5,4,4,4,4,15.0,4,4,3,4,4,3,,4,5,4,4,4,4,4,4,5,4,3,16.0,5,5,3,8.0,3,3,4,4,4,4,3,5,5,3,3,4,4,3,3,3,4,4,4,4,5,5,5,5,4,5,3,,4,2,4,4,,3,5,4,5,5,3,2,3,4,,5,,4,4,4,4,4,5,3,4,3,35.0,5,5,4,6,5,5,4,4,4,4,4,3,4,2,4,4,4,4,6,5,4,5,4,5,4,4,,4,4,4,5,5,4.0,3,4,5,4,4,4,34.0,4,4,4,,4,4,4,,,4,4,4,4,4,5,3,4,4,32.0,,,4,7,4,5,4,4,,4,29.0,,4,5,11.0,4,4,4,5,8.0,4,30.0,17.0,5,5,19.0,4,,5,5,,,4,8.0,,21.0,7.0,6.0,,4,,23.0,4,,5,4,4,5,4,21.0,26.0,4,5,,4,5,4,4,5,,,4,4,4,5,4,4,4,,12.0,4,4,,4,35.0,,5,3,,3,,4,4,5,6,,6.0,4,,8.0,5,4,5,26.0,4,5,5,,27.0,,5,5,4,5,,5,9.0,28.0,4,,,4,,5,4,13.0,,5,,5,4,21.0,5,0,4,4,4,5,31.0,,4,7.0,30.0,35.0,16.0,,23.0,4,4,23.0,,5,4.0,3,4,,4,,5,8.0,,,,,5,4,22.0,9.0,5,6.0,,4,,,,4,5,,11.0,0.0,10.0,26.0,5,,12.0,5,,,5,,5.0,,24.0,13.0,,15.0,,,14.0,23.0,6.0,4,5,21.0,,4.0,3,4,5,3,5,16.0,4,4,26.0,5,34.0,2,,4,2,,,4,,4,30.0,,,4,4,,6,,,29.0,17.0,4,8.0,,,14.0,3,,4,9.0,20.0,14.0,4,30.0,,4,20.0,3,,,3,4,,,,,4,8.0,,,,,,5,24.0,,,,4,8.0,,4,,19.0,5,,32.0,5,,,,,9.0,4,13.0,,,4,,,,0,,,21.0,,5,14.0,5,5,4,,10.0,12.0,5,4,,,5,4,5,22.0,4,4,30.0,0,5,5,5,,5,5,5,3,5,6.0,,5,6,,,5.0,,13.0,,,7.0,,5,,4,4,6,14.0,5,5,6,4,5,25.0,,,,33.0,4,9.0,,,35.0,8.0,7.0,,4,14.0,,6,,5,,10.0,22.0,5,5,,,32.0,,10.0,5,,30.0,4,,,,,,,,,,22.0,5,,,,65,7,2.2244647064849885,-0.7963004539483448
5,5,4,4,4,4,5,5,5,6,5,3,5,3,5,4,4,4,3,4,4,4,5,4,5,5,5,5,3,3,4,5,4,5,5,4,4,5,5,5,5,4,5,7,4,5,4,5,5,6,6,4,5,5,5,5,5,3,4,5,5,5,4,4,4,4,5,6,5,5,5,6,6,6,5,5,0,5,5,4,4,4,4,4,4,5,4,4,5,2,5,5,5,5,5,5,4,6,5,5,5,5,5,5,6,4,4,3,5,23.0,5,6,6,2,1,4,4,5,0,6,5,0,5,5,5,5,5,5,4,4,5,5,4,4,5,5,5,4,5,5,5,4,5,5,5,4,5,4,6,6,5,5,3,4,5,5,6,5,4,5,3,5,5,5,4,4,4,5,4,4,5,5,4,4,2,5,5,4,6,4,5,5,6,4,4,6,5,5,5,5,5,5,5,5,4,5,5,5,5,5,5,5,7,5,5,5,5,5,5,4,4,4,4,5,5,5,4,5,5,5,5,3,4,5,6,5,4,5,5,5,5,5,5,5,5,5,5,5,5,0,5,6,5,5,5,5,6,6,6,4,5,5,4,5,4,4,4,6,5,5,6,5,6,4,5,4,6,6,5,3,5,5,5,5,5,0,6,6,5,5,4,5,4,4,5,4,5,5,5,6,3,5,5,5,5,5,5,6,6,6,4,4,5,4,5,5,4,5,5,5,5,5,0,6,4,6,5,5,4,6,5,5,5,5,6,5,4,5,6,4,6,5,6,4,6,6,5,5,4,5,4,6,5,5,6,5,5,6,13.0,6,6,5,6,5,6,5,5,5,6,6,5,4,4,4,0,4,4,4,5,6,5,4,5,5,6,4,5,4,6,5,6,6,17.0,,6,6,6,6,5,5,5,6,6,5,5,5,6,6,,5,5,5,7,5,4,4,6,6,5,5,6,4,5,5,29.0,11.0,26.0,5,5,4,1,5,5,4,4,5,4,5,5,5,3,5,6,5,4,6,,5,4,26.0,5,5,5,5,5,5,5,6,5,,5,6,6,5,6,5,21.0,5,4,5,5,5,5,,5,6,5,5,5,5,6,5,6,4,4,21.0,6,6,5,21.0,5,5,5,5,5,5,5,6,6,5,5,6,5,4,4,4,5,6,5,6,6,6,6,7,5,6,5,15.0,5,5,6,5,10.0,5,6,5,6,6,5,6,4,6,33.0,6,,5,4,5,6,5,6,5,5,3,,6,6,5,7,7,6,4,5,5,5,5,5,5,5,5,5,5,5,7,6,5,5,5,7,6,5,,5,6,5,7,6,30.0,5,5,6,5,5,5,24.0,6,5,5,,5,5,5,,29.0,6,5,5,5,4,5,5,6,5,18.0,,6.0,5,8,5,6,5,5,,6,29.0,,5,6,,5,5,5,6,26.0,5,,11.0,5,6,19.0,6,0.0,6,6,,,6,16.0,8.0,,,,,6,,,5,12.0,6,5,5,6,5,6.0,7.0,5,7,,5,6,5,5,7,,,5,5,5,6,5,5,5,,,5,4,,6,,14.0,6,6,,6,25.0,6,5,6,7,,6.0,5,19.0,12.0,6,5,6,8.0,5,6,6,,,,6,7,6,5,,6,10.0,,5,25.0,,6,7.0,6,6,7.0,,6,,6,5,,5,7,5,6,5,7,,,5,5.0,12.0,24.0,,,,5,2,10.0,,6,,5,5,,5,9.0,6,33.0,,,,,6,6,11.0,,6,7.0,,6,,,,6,6,,,,13.0,,6,,19.0,7,,,6,,20.0,,,18.0,,,8.0,22.0,6.0,22.0,26.0,5,6,,25.0,,5,5,6,5,5,6.0,5,6,,5,19.0,4,,5,6,,28.0,5,,5,12.0,,,4,6,,7,,,6.0,,5,19.0,16.0,,19.0,5,,5,26.0,16.0,28.0,6,6.0,,5,19.0,5,,,4,5,,,,,6,0.0,,29.0,18.0,6.0,,6,9.0,30.0,,,6,7.0,,5,,12.0,6,,,6,28.0,,24.0,,,5,15.0,,,5,,21.0,,5,,,20.0,,6,16.0,7,6,5,,,11.0,6,5,,,6,5,6,,6,6,9.0,5,5,6,6,,6,6,6,4,5,,,6,7,,,,,27.0,,,6.0,,6,,5,5,7,27.0,6,6,7,0,7,11.0,,,,,5,9.0,,21.0,,27.0,21.0,,5,11.0,,7,,5,,27.0,,6,5,,4.0,10.0,,16.0,6,19.0,17.0,5,16.0,,,,,,26.0,,,32.0,6,,,,66,7,2.1559595959595943,-0.7976487290261713
6,6,5,5,5,3,5,6,5,6,5,5,4,4,5,5,4,5,5,5,5,5,6,4,5,4,5,0,4,4,5,5,5,5,5,4,5,5,5,5,2,5,5,7,5,5,5,5,5,6,6,5,6,5,6,5,6,6,4,6,6,6,4,5,4,5,6,6,4,5,6,6,7,6,5,6,6,5,5,5,5,5,4,5,5,5,4,5,6,5,5,6,5,3,6,5,5,6,6,5,5,6,6,6,6,4,5,4,5,15.0,6,7,6,4,4,4,4,6,5,6,6,4,6,5,6,5,6,5,4,5,6,5,5,4,6,5,5,5,6,6,5,5,4,5,6,5,4,5,6,6,6,5,5,5,5,5,6,6,5,5,4,5,5,5,5,2,3,5,5,4,4,5,5,5,5,6,6,5,6,5,5,6,6,3,5,6,5,5,6,5,5,5,6,6,6,6,6,5,5,5,6,5,8,5,6,6,5,5,5,2,5,5,5,6,5,5,5,6,5,6,5,5,5,5,6,6,5,6,5,5,5,6,5,5,5,6,5,5,6,6,6,6,5,5,6,5,7,7,6,3,6,5,5,5,5,5,4,6,3,6,6,4,6,5,6,6,6,7,6,5,6,5,6,6,5,6,6,6,5,6,5,5,5,5,6,5,5,6,6,7,5,5,5,6,6,5,5,6,6,6,5,4,5,5,5,6,5,0,5,6,5,6,6,6,5,7,6,6,5,6,6,6,6,6,6,6,5,5,6,5,7,6,7,5,6,6,4,5,5,5,5,7,6,6,7,6,5,6,,6,7,5,6,5,7,5,5,5,6,7,6,5,5,5,6,5,5,5,5,7,5,5,5,5,7,5,6,5,6,6,6,6,22.0,,6,6,7,6,6,6,6,7,6,5,6,5,7,6,20.0,6,5,5,7,6,5,5,7,6,6,5,6,5,6,6,21.0,22.0,,4,5,5,5,5,5,5,4,6,4,5,6,6,5,6,7,6,4,6,23.0,5,4,,5,5,5,5,5,5,6,6,3,,4,7,6,5,6,3,26.0,6,5,5,5,6,5,,4,6,6,5,6,4,5,6,7,5,5,,6,6,5,,5,6,5,5,6,5,5,7,7,5,5,6,5,5,1,5,6,6,6,6,7,7,7,7,6,7,5,18.0,6,5,5,6,12.0,5,6,6,6,7,5,6,5,6,7.0,6,,6,5,6,6,6,7,5,6,5,,7,6,6,8,7,6,5,6,0,5,5,5,4,5,5,5,6,5,8,7,6,6,6,7,6,6,,6,6,6,7,6,19.0,5,6,7,6,6,6,,7,5,6,,6,6,6,,,6,6,6,5,5,3,0,6,6,11.0,,26.0,6,9,6,6,5,6,,7,,,5,7,27.0,6,5,5,7,13.0,5,,26.0,7,6,9.0,6,,7,6,,,6,14.0,30.0,18.0,8.0,27.0,,6,,27.0,6,0.0,6,6,6,6,6,32.0,23.0,6,7,,6,6,6,5,7,,,6,6,6,6,6,6,6,,,6,6,,7,,11.0,6,6,,6,8.0,7,6,6,7,,0.0,6,,32.0,7,4,6,13.0,6,6,7,,20.0,,7,7,6,6,15.0,6,,6.0,5,,,6,,7,7,12.0,6.0,7,,6,5,12.0,6,7,5,7,6,7,20.0,,6,24.0,9.0,30.0,,,13.0,5,5,7.0,,6,9.0,5,6,,6,28.0,6,11.0,11.0,,,,6,6,,6.0,6,8.0,,6,,,,6,6,20.0,19.0,,16.0,32.0,7,,,7,,,6,,,,,11.0,,30.0,15.0,9.0,7.0,15.0,30.0,6,7,,28.0,,6,6,6,5,6,,6,5,24.0,6,,4,28.0,6,6,,10.0,6,,5,18.0,,,6,7,0.0,7,14.0,,8.0,12.0,6,16.0,14.0,,,6,,5,7.0,23.0,,6,15.0,,6,7.0,5,,,5,5,,0.0,,,7,,,21.0,27.0,,,6,16.0,,,,6,,,6,,14.0,6,,,6,24.0,,8.0,,,6,16.0,,7.0,5,,7.0,,0,,,24.0,,7,13.0,7,6,6,,,12.0,7,5,,,6,6,4,19.0,7,6,19.0,6,6,6,6,,7,6,6,5,7,,,6,6,,,20.0,,,,,,,7,,6,0,8,,5,6,7,6,7,,,,,,5,21.0,,18.0,31.0,,23.0,22.0,5,32.0,,7,,6,12.0,8.0,12.0,6,6,,16.0,,,10.0,6,11.0,,6,30.0,,,,,,7.0,,,,6,,,,67,7,2.101159331076227,-0.7822717094898202
5,4,4,4,4,4,4,5,4,5,3,4,4,3,4,4,4,4,4,4,1,3,4,3,4,4,3,2,3,3,3,3,4,3,4,3,3,3,1,3,1,0,4,6,1,4,4,0,0,4,5,3,5,4,4,5,5,5,4,5,5,4,3,4,4,4,4,5,4,4,4,5,6,5,4,4,3,4,4,4,4,3,3,3,4,4,2,3,4,4,4,5,3,3,4,4,1,5,5,4,4,5,5,5,5,3,3,3,4,,5,5,5,2,2,3,3,4,4,4,5,3,5,3,4,4,5,4,3,3,4,4,4,3,4,3,4,4,5,4,5,4,3,4,5,4,4,4,5,5,4,3,4,4,4,2,5,5,4,4,2,4,4,4,4,2,3,0,4,3,3,3,4,0,4,5,4,4,5,4,4,4,5,3,4,5,4,4,4,4,4,4,5,5,5,5,2,3,1,4,4,4,7,4,4,4,4,4,4,4,4,3,3,5,4,4,4,5,4,5,4,4,4,4,5,4,3,5,4,3,4,4,4,4,4,5,4,5,5,5,5,5,4,4,5,2,5,6,5,3,3,3,4,4,3,4,3,5,4,4,5,3,5,3,5,5,5,6,4,4,4,4,4,5,4,4,4,5,4,5,3,4,4,4,4,4,4,4,4,6,3,4,4,5,5,4,4,5,5,5,4,3,4,2,4,5,4,5,4,5,4,5,5,5,4,5,5,5,3,5,4,4,4,5,5,4,3,4,5,3,4,5,5,3,5,5,4,4,3,3,2,5,4,4,5,5,4,5,9.0,5,5,4,5,4,6,4,4,4,5,5,5,3,4,4,5,4,3,3,4,5,2,4,4,4,5,4,5,4,5,5,5,5,18.0,,5,5,5,4,5,5,5,5,5,4,5,4,5,4,17.0,5,4,4,6,5,4,3,5,5,5,3,4,4,4,4,22.0,19.0,,3,4,4,4,4,4,1,3,5,3,3,5,4,4,4,5,5,3,5,4.0,3,3,28.0,4,4,3,2,3,4,5,5,3,,4,6,5,4,5,3,22.0,4,4,4,4,5,4,,4,5,5,4,5,5,4,5,5,4,4,23.0,5,5,4,26.0,4,5,3,4,4,3,3,6,6,4,4,5,4,4,3,4,5,4,4,5,6,5,5,6,4,5,4,15.0,4,4,5,5,,4,5,4,6,6,4,5,4,5,,5,,5,4,4,5,5,6,4,5,3,,5,5,4,6,6,5,4,5,4,4,4,3,3,3,4,4,4,4,3,5,5,5,4,6,5,4,,5,5,4,5,6,22.0,4,5,6,5,4,5,,5,4,4,,5,4,5,,,5,5,5,4,4,4,5,5,3,,,7.0,5,6,5,5,4,5,,6,25.0,,4,5,23.0,5,4,4,5,8.0,4,31.0,20.0,6,6,16.0,5,,6,5,19.0,,5,28.0,,,,6.0,,5,,27.0,4,,5,4,4,5,5,6.0,,5,6,,4,5,4,4,6,,,5,5,5,5,4,5,4,,,4,4,,6,22.0,5.0,5,5,,5,9.0,6,5,5,6,,11.0,4,,31.0,6,4,6,,5,4,5,,15.0,,6,6,5,5,13.0,5,15.0,8.0,4,,,5,20.0,6,6,,,5,6.0,3,4,5.0,4,0,4,5,4,6,14.0,,5,18.0,,7.0,21.0,,18.0,4,4,10.0,,5,,4,5,,5,5.0,5,12.0,,,,,4,5,9.0,,5,10.0,,5,,,,4,4,,23.0,,,12.0,5,,,6,,,5,,26.0,,,31.0,,15.0,15.0,28.0,,31.0,,5,6,,6.0,,5,5,5,4,5,6.0,5,3,21.0,4,5.0,3,7.0,4,6,,,5,,4,,,,5,5,,6,21.0,,11.0,25.0,5,,24.0,,14.0,5,,3,19.0,15.0,19.0,6,9.0,,5,5.0,4,19.0,,4,4,,0.0,,,5,30.0,13.0,22.0,,,,5,18.0,,,,5,28.0,,5,,,4,,8.0,5,0.0,,29.0,,27.0,3,23.0,,17.0,4,,8.0,,4,,,27.0,,6,,6,4,5,,31.0,,4,4,,,4,4,4,,6,5,9.0,5,3,5,6,,6,5,5,3,5,27.0,13.0,5,6,0.0,23.0,,,,,,,,5,,5,4,6,9.0,4,5,6,5,6,30.0,,,,,4,,,11.0,0.0,,28.0,,3,23.0,,5,,3,5.0,6.0,,5,3,,5.0,21.0,,12.0,4,21.0,,5,,,,,,,,,,10.0,6,,,,68,7,2.0794313550054677,-0.7432374439034223
5,4,3,4,3,3,3,5,5,5,4,4,4,4,4,4,3,4,4,4,4,2,5,4,5,5,5,4,4,4,4,4,5,5,5,4,4,5,5,5,5,4,0,6,3,0,3,4,4,5,5,4,5,4,4,0,4,4,3,4,5,4,3,3,2,4,4,5,4,4,5,5,6,5,4,5,5,4,4,4,4,4,3,3,4,5,4,3,4,4,4,5,3,3,5,4,4,4,5,4,4,5,4,5,5,3,3,3,4,20.0,5,0,5,4,4,3,4,4,4,5,5,3,5,4,4,5,4,4,3,3,5,3,4,3,5,4,5,3,4,4,4,4,3,4,5,3,5,4,5,5,5,4,4,4,4,4,5,4,4,4,2,4,4,4,4,4,1,4,3,3,4,4,4,4,4,5,5,5,5,4,4,4,5,1,4,5,5,4,4,4,4,4,4,4,4,4,4,5,4,4,3,4,7,4,5,5,4,4,4,4,3,3,3,5,4,4,4,5,4,5,5,4,4,4,5,5,4,5,5,5,4,4,4,4,4,5,4,4,4,5,5,5,4,4,5,4,6,6,5,3,4,5,3,4,4,4,4,5,4,5,5,4,5,4,5,5,5,5,4,4,5,0,4,4,5,4,5,5,4,4,3,2,3,4,4,3,4,5,4,5,4,4,2,0,5,4,4,6,5,5,3,3,4,4,4,2,4,5,4,5,5,5,5,5,4,6,5,5,4,5,5,5,5,4,5,5,4,4,5,3,6,5,6,3,5,5,4,4,4,5,4,5,4,4,6,5,4,5,18.0,5,5,4,5,4,5,4,4,4,5,6,5,4,4,4,5,4,4,4,4,5,5,4,4,4,5,4,0,4,5,4,5,5,11.0,21.0,5,3,5,5,5,4,5,5,5,4,5,4,5,5,7.0,4,4,4,6,5,4,3,5,5,4,4,5,3,4,4,23.0,29.0,27.0,4,4,4,4,5,4,5,3,5,4,4,4,4,4,4,6,5,3,5,6.0,5,4,,4,4,5,5,5,4,5,5,4,,4,6,5,4,5,4,20.0,5,4,4,4,5,4,,4,5,4,4,5,5,5,5,6,4,4,15.0,5,5,4,,4,4,4,4,4,5,4,6,6,4,4,5,4,3,4,4,5,5,4,5,6,6,6,6,5,6,4,28.0,4,4,5,5,30.0,4,5,4,3,4,4,5,3,5,,0,,5,4,5,5,5,5,4,4,4,,6,5,5,6,6,5,5,5,4,4,5,4,5,4,4,4,5,4,6,6,5,5,5,6,5,4,,4,5,4,6,6,26.0,4,5,6,4,4,5,23.0,5,4,5,,5,5,5,,,5,4,5,5,4,5,5,5,5,12.0,,27.0,4,5,5,5,4,5,,5,,,4,5,,5,4,2,6,10.0,4,16.0,,5,5,8.0,5,,6,5,,,5,,,23.0,7.0,,,5,,26.0,4,13.0,5,4,4,5,5,9.0,12.0,5,4,,5,5,4,5,6,,,4,5,5,5,4,5,5,,,4,5,,6,,5.0,5,5,,5,20.0,4,4,5,6,,17.0,4,,7.0,6,4,6,25.0,4,5,5,,,,6,5,5,5,,5,27.0,7.0,5,,,5,11.0,5,6,,12.0,6,25.0,5,4,14.0,5,6,4,6,5,6,8.0,,4,23.0,,14.0,14.0,0.0,16.0,4,4,15.0,,5,7.0,5,5,,5,15.0,5,16.0,28.0,,,,5,5,6.0,11.0,5,21.0,,5,,,,5,5,9.0,,,8.0,19.0,5,,10.0,6,,,5,,6.0,,28.0,8.0,,,,5.0,,28.0,,4,6,18.0,13.0,11.0,4,5,5,4,5,,4,5,12.0,5,,2,9.0,5,6,,,4,,0,12.0,,,4,6,,6,30.0,,22.0,15.0,5,6.0,,,27.0,4,,5,15.0,4.0,,5,,,5,9.0,4,,,3,5,,,,,5,26.0,7.0,11.0,22.0,8.0,,5,23.0,,,,5,,,4,,18.0,5,,,5,10.0,,,,23.0,4,29.0,,27.0,3,,28.0,,4,,,12.0,,6,,6,4,5,,12.0,,5,5,,,5,5,6,,5,5,,5,5,5,5,,6,5,5,4,5,22.0,,5,6,,30.0,,,,,,17.0,,6,,4,4,6,24.0,5,5,6,5,6,,,,,,4,,,29.0,14.0,17.0,27.0,9.0,4,12.0,,6,,5,11.0,17.0,15.0,6,5,,,,,27.0,5,,29.0,3,4.0,,,,,,15.0,,,,5,,,,69,7,2.0193092465412583,-0.806400935604661
6,5,5,5,5,5,6,3,5,2,5,5,5,5,6,6,5,5,5,5,5,5,6,5,6,6,6,5,5,6,5,5,6,6,6,5,6,6,6,6,6,5,5,6,4,6,5,6,5,6,6,6,6,6,4,6,6,5,3,6,6,4,4,5,5,5,6,6,2,4,5,6,6,6,5,6,6,5,6,5,5,4,4,4,4,6,4,5,6,5,5,6,4,6,6,6,5,6,6,6,6,6,6,6,6,4,4,4,6,6.0,7,7,6,5,5,5,6,6,6,7,6,4,7,6,6,6,6,5,5,5,6,5,5,5,6,6,6,5,6,6,6,1,4,5,6,5,5,5,6,6,6,6,5,5,5,5,6,6,5,6,4,4,5,5,6,5,5,6,6,5,5,6,5,5,5,5,6,6,6,5,5,6,6,5,5,7,6,5,5,5,5,5,6,6,6,6,5,6,6,6,6,5,8,5,6,6,6,6,6,5,5,5,4,5,6,5,6,6,5,6,6,5,5,5,6,6,5,6,6,6,5,6,6,5,5,6,5,6,6,6,6,6,6,6,6,6,6,6,6,4,6,6,0,5,5,5,5,6,5,5,6,5,6,5,5,0,6,6,5,5,6,5,6,6,6,6,7,6,5,6,5,5,4,5,6,5,6,3,5,7,5,6,6,6,6,5,4,5,6,6,5,6,6,5,6,6,5,6,6,6,4,0,6,6,5,7,5,6,5,6,6,6,7,6,6,6,5,5,6,5,7,6,5,3,7,7,6,6,4,6,5,6,6,6,7,6,5,6,22.0,6,7,5,6,5,7,5,5,5,5,5,5,6,5,5,6,5,5,5,6,7,6,5,5,5,6,5,6,5,6,6,6,6,7.0,21.0,6,6,7,6,6,6,6,7,6,5,6,5,7,6,,6,3,5,7,6,5,5,6,5,6,6,6,5,6,6,17.0,,13.0,6,5,5,5,5,5,6,5,0,5,5,7,6,5,5,7,6,5,6,,6,5,16.0,6,5,6,6,6,6,7,6,6,,5,6,5,5,6,6,,6,5,5,6,7,6,,6,6,5,5,6,6,6,6,7,5,5,26.0,7,6,5,16.0,4,6,6,6,6,6,6,6,6,5,5,6,5,5,3,5,5,6,4,5,5,6,6,0,5,6,5,7.0,3,4,5,6,,5,7,6,7,7,5,5,6,7,,7,,5,5,6,7,5,6,5,6,5,12.0,7,6,6,7,5,6,6,6,6,5,6,5,6,6,0,5,6,6,8,7,5,7,6,6,6,6,,6,6,6,7,6,20.0,6,0,6,6,6,5,16.0,7,6,6,,7,6,6,,0.0,7,6,6,6,5,6,6,7,6,,,,6,9,6,6,2,6,,6,20.0,,6,6,6.0,6,6,5,7,22.0,5,,11.0,7,7,,6,,7,7,13.0,,6,9.0,,,10.0,11.0,,7,,6.0,6,7.0,7,6,5,6,6,23.0,7.0,5,6,,6,7,5,6,7,,,4,6,6,6,5,5,5,,6.0,5,6,,6,28.0,,1,6,,6,10.0,7,6,7,8,,13.0,5,18.0,,7,6,6,,6,6,6,,5.0,,7,7,5,6,,6,21.0,,6,15.0,,6,16.0,7,6,28.0,10.0,7,15.0,7,5,5.0,6,7,6,7,6,8,14.0,,6,,13.0,6.0,6.0,19.0,16.0,5,5,,,7,23.0,7,5,,6,,6,,,,,,7,6,,,7,10.0,,6,,,,6,6,6.0,28.0,,24.0,13.0,6,,7.0,7,,,7,,,,15.0,,,0.0,,16.0,28.0,19.0,14.0,6,7,,13.0,,6,6,6,5,6,14.0,6,7,,6,19.0,5,,7,6,,,5,,6,18.0,,,6,6,,8,,,12.0,8.0,6,12.0,7.0,,20.0,6,,6,7.0,11.0,,7,,,6,14.0,5,,,5,6,,,,,7,6.0,15.0,21.0,11.0,,,6,,9.0,,,5,,,6,,,7,,7.0,6,,,,,,6,,,,6,,23.0,,6,,,15.0,,7,26.0,7,6,6,,20.0,,4,6,,,7,6,7,7.0,7,6,9.0,6,6,7,7,,8,7,7,3,7,,23.0,7,8,,,11.0,,19.0,,,28.0,,7,,6,6,6,,7,6,8,6,6,23.0,,,,28.0,5,,,9.0,14.0,7.0,14.0,16.0,6,17.0,,8,,6,7.0,6.0,15.0,7,6,,,28.0,,7.0,7,17.0,12.0,6,12.0,,,,,,0.0,,,14.0,7,,,,70,7,1.9858524914178708,-0.7448342591977694
5,5,5,5,5,5,5,5,5,6,5,5,5,5,5,5,5,4,4,2,4,4,6,5,6,6,6,5,4,5,5,5,6,6,6,5,5,6,5,5,5,5,5,7,1,5,5,5,0,6,4,5,6,5,5,5,5,5,4,5,5,5,4,4,5,5,5,6,4,4,5,6,6,5,4,5,3,5,5,5,5,4,3,4,4,5,4,4,5,5,5,5,5,5,5,5,4,6,5,5,5,5,6,5,4,4,4,4,5,29.0,6,6,6,4,4,4,5,5,5,5,6,4,6,5,5,5,5,5,4,4,6,5,5,5,6,6,6,5,5,5,5,5,4,5,6,5,5,4,6,6,4,5,5,5,5,4,6,5,5,5,3,5,5,5,5,4,3,5,4,5,5,5,5,4,4,6,6,5,6,5,5,5,5,4,4,6,5,4,0,4,5,5,6,6,5,5,6,6,5,5,6,4,6,5,6,6,5,6,5,5,4,4,4,6,5,3,5,5,5,6,5,5,4,5,6,5,5,0,4,5,5,5,5,4,5,0,5,5,5,6,6,6,5,5,5,4,6,6,5,4,5,5,4,5,5,5,5,6,5,5,6,5,6,2,5,6,6,6,5,4,6,5,5,6,3,6,6,6,5,6,5,4,4,4,6,3,5,5,5,7,4,6,5,0,6,5,4,6,6,6,5,5,5,4,5,5,4,6,5,5,5,5,5,6,5,6,5,6,5,6,4,5,6,6,6,5,5,5,5,5,6,5,6,4,6,6,5,5,5,5,4,6,5,6,7,6,5,6,19.0,6,6,5,6,5,6,5,3,5,5,6,5,5,4,5,6,5,2,4,5,6,5,4,5,5,5,5,5,5,6,5,0,6,23.0,6.0,6,6,6,5,5,5,5,6,6,4,6,5,6,6,14.0,6,5,5,7,6,4,4,4,6,5,5,5,5,5,6,,,14.0,5,5,5,4,5,5,5,3,6,5,5,6,5,5,5,7,5,4,6,,6,5,20.0,5,4,5,4,5,4,6,6,5,,5,6,6,5,5,5,,6,5,5,5,6,5,,5,6,5,4,6,5,6,6,7,4,4,,6,6,0,28.0,5,5,5,5,5,5,4,7,6,5,5,6,5,5,5,4,6,6,5,6,6,6,6,6,5,6,4,,5,5,6,6,,5,6,6,6,6,5,5,5,6,8.0,6,,5,5,5,6,5,6,5,5,2,23.0,6,5,5,7,6,6,5,6,5,5,6,5,5,5,0,3,5,5,8,7,6,6,6,7,6,4,,6,6,5,7,6,8.0,5,5,6,5,5,5,15.0,6,5,5,,6,6,5,,26.0,6,5,6,6,5,6,6,6,5,15.0,,26.0,6,9,6,6,5,6,,6,20.0,,5,6,,5,5,5,6,6.0,5,12.0,27.0,6,6,7.0,6,,7,6,8.0,,5,,11.0,,6.0,9.0,,6,,,6,9.0,5,5,5,5,6,6.0,7.0,6,7,,6,6,5,6,6,,,5,5,5,6,5,5,5,,7.0,5,6,,6,11.0,,5,5,,6,,6,5,0,7,,11.0,5,,17.0,6,5,6,28.0,6,6,6,,,,7,7,6,5,19.0,2,23.0,29.0,6,,,6,9.0,6,6,11.0,18.0,6,21.0,5,5,16.0,5,6,6,6,6,6,,,5,12.0,,7.0,13.0,,,4,5,,,6,,6,5,,5,16.0,6,23.0,18.0,,,,6,6,14.0,,6,19.0,,5,,,,5,6,10.0,,,,17.0,6,,,7,,,6,,29.0,,10.0,14.0,,,17.0,19.0,,20.0,,6,6,14.0,16.0,20.0,5,5,6,5,6,22.0,6,6,,4,20.0,4,13.0,6,6,,8.0,6,,5,9.0,,,6,6,,7,10.0,,,10.0,6,28.0,,26.0,26.0,5,,5,,8.0,23.0,6,,,5,5.0,4,,,5,6,,,,,6,15.0,,,27.0,,,6,,,,,3,8.0,,5,,28.0,6,,18.0,6,12.0,,,,28.0,5,,,19.0,5,,,,6,,,,,6,19.0,6,6,6,,16.0,26.0,6,6,,,6,6,6,7.0,6,5,,6,5,6,6,,7,6,6,3,6,18.0,0.0,6,6,,,12.0,,7.0,,,29.0,,6,,6,5,6,10.0,6,6,7,6,7,21.0,,,,27.0,5,,,7.0,,22.0,14.0,14.0,5,7.0,,7,,5,,,,6,5,,6.0,29.0,,,6,23.0,13.0,6,15.0,,,,,,,,,16.0,7,,,,71,7,2.0256128064032004,-0.7947119174685411
6,7,6,4,6,6,6,5,6,6,6,6,6,6,6,6,6,6,6,4,6,6,7,6,7,7,7,7,6,7,6,6,7,7,7,6,6,7,7,7,7,6,6,6,5,5,5,7,7,7,7,6,7,7,6,6,6,6,6,7,7,6,2,5,5,6,6,7,6,6,6,0,8,7,5,7,7,6,6,6,6,5,5,5,5,7,5,6,6,6,6,7,7,6,7,7,6,7,7,6,5,7,7,6,6,6,6,4,6,16.0,7,7,7,6,6,6,6,6,6,8,7,5,7,7,6,6,7,6,6,5,7,6,6,6,7,7,7,6,7,6,6,5,3,6,7,6,7,6,7,7,7,7,6,6,6,6,7,7,6,6,5,6,4,6,4,6,5,7,6,6,6,7,6,6,6,7,7,7,7,6,6,7,7,5,5,7,6,6,5,6,6,6,7,7,6,6,7,7,7,6,7,6,8,6,7,7,7,7,6,6,5,3,5,5,6,6,6,7,6,7,6,6,6,6,7,6,6,7,7,7,6,7,7,6,6,7,3,6,6,7,7,7,5,6,6,6,7,7,7,5,7,7,5,6,6,6,5,7,5,7,7,7,7,6,6,6,6,7,6,0,7,6,6,7,7,7,7,7,6,7,6,6,6,5,7,6,6,7,6,7,6,7,6,7,7,6,4,7,7,7,6,6,7,5,6,6,6,7,6,7,6,7,7,0,6,8,7,7,6,7,6,6,7,6,6,7,6,7,7,6,8,7,6,6,7,7,7,7,6,7,6,7,7,7,8,7,7,7,27.0,7,7,6,7,6,0,6,6,6,6,6,6,7,6,6,7,6,6,6,6,7,7,6,6,6,0,6,6,6,7,7,7,7,18.0,,7,7,8,7,7,6,7,7,7,6,7,6,7,7,21.0,7,6,6,8,7,6,5,6,5,6,7,6,6,6,6,,13.0,,6,6,6,6,6,5,7,6,7,6,6,7,6,6,6,8,6,5,8,9.0,7,6,26.0,7,5,7,7,7,6,7,7,6,,6,4,6,6,7,7,,7,6,6,6,7,6,,6,7,3,6,6,7,7,7,8,6,6,,7,7,6,13.0,4,6,7,7,7,7,6,7,7,6,6,7,6,6,5,6,6,7,6,6,6,7,2,7,6,7,5,30.0,3,6,6,7,20.0,6,7,7,7,7,6,7,6,7,29.0,7,,6,6,7,7,1,8,6,7,5,27.0,8,6,7,9,8,7,6,7,6,6,7,6,7,6,6,6,6,6,9,8,6,8,7,0,7,6,,7,7,6,7,7,10.0,6,6,7,6,7,6,,8,6,7,,7,7,6,,,7,7,7,7,6,7,7,7,7,,,29.0,7,10,7,7,6,6,,7,,,7,7,16.0,7,6,6,8,,6,19.0,14.0,7,8,12.0,7,,7,8,,,7,7.0,9.0,,13.0,0.0,,7,,23.0,7,23.0,7,7,6,7,7,20.0,11.0,7,7,,7,7,6,7,8,,,6,6,0,7,6,6,6,,18.0,7,7,,7,,,7,7,,7,,7,6,7,8,,15.0,7,8.0,9.0,8,7,8,7.0,7,7,7,,0.0,,8,8,7,7,11.0,7,,24.0,7,,,7,,7,6,8.0,17.0,8,33.0,7,7,,7,7,6,8,7,8,,,7,20.0,,19.0,13.0,17.0,11.0,6,6,34.0,,8,8.0,7,6,,7,,6,,30.0,,,,7,7,,29.0,7,0.0,,7,,,,7,7,,10.0,,,24.0,7,,28.0,8,,,7,,19.0,,8.0,,,8.0,,,9.0,16.0,8.0,7,7,18.0,30.0,23.0,7,7,7,6,7,15.0,7,7,,7,20.0,6,33.0,7,7,,13.0,7,,6,15.0,,,6,7,,8,,,24.0,26.0,7,14.0,15.0,29.0,,6,,7,,12.0,,8,,,7,,5,,,5,7,,,,,7,31.0,31.0,17.0,32.0,9.0,,8,,,,,7,25.0,,7,,,8,,,7,31.0,,23.0,,20.0,7,21.0,,,6,,11.0,,7,,,,,8,23.0,8,7,7,,13.0,,6,7,,,7,7,8,,7,7,,7,7,7,7,,8,7,7,5,7,7.0,19.0,8,8,,,,,10.0,,,,,8,,7,6,7,32.0,8,7,9,7,7,,,,,,6,31.0,,12.0,12.0,15.0,,19.0,6,10.0,,8,,7,19.0,16.0,10.0,8,7,,19.0,21.0,,15.0,7,18.0,20.0,7,34.0,,,,,,,,,31.0,8,,,,72,7,2.155293631100087,-0.7633353167706856
5,5,4,4,3,4,4,5,5,6,4,5,5,3,4,5,4,4,4,4,4,3,5,4,5,5,5,4,3,4,4,4,5,5,5,4,4,5,4,4,3,4,4,7,4,4,4,4,3,5,5,4,5,4,5,5,5,5,4,5,3,5,4,4,4,4,4,6,4,4,5,5,6,5,4,5,5,5,4,5,4,4,3,4,4,5,4,4,5,4,5,5,5,4,5,5,4,5,5,5,5,5,5,5,5,4,4,3,5,24.0,6,6,5,4,2,3,4,5,5,4,5,2,5,5,5,5,5,4,4,3,4,5,4,4,5,5,5,4,5,5,5,5,4,5,5,4,5,4,5,5,5,4,4,4,4,4,5,5,4,5,3,4,4,4,5,4,4,4,4,3,4,0,1,4,4,6,5,5,5,4,4,5,5,3,4,6,5,4,4,4,5,4,5,5,5,5,5,5,5,3,5,4,6,4,5,5,5,5,4,4,4,4,4,6,4,4,5,5,5,5,5,4,4,5,5,5,4,5,5,4,3,1,4,4,5,5,4,5,5,4,5,5,5,5,5,3,6,6,5,3,5,5,4,5,4,1,3,5,4,5,5,4,5,4,5,6,6,6,5,4,5,5,4,5,5,5,6,5,4,5,4,4,4,4,5,4,4,5,5,6,4,5,4,6,5,4,4,6,5,5,4,4,5,4,5,5,3,5,4,5,5,5,5,6,4,6,5,5,0,6,5,5,5,5,5,4,4,4,5,4,6,5,6,3,6,6,5,4,4,4,4,6,4,5,6,5,5,5,,5,5,3,5,4,6,4,4,4,6,6,5,4,4,4,5,4,4,1,5,6,4,4,5,5,6,0,5,4,5,5,5,5,30.0,,5,5,6,5,5,5,5,6,5,4,5,5,6,5,11.0,5,5,4,6,0,4,4,6,6,5,4,5,4,5,5,31.0,32.0,7.0,4,5,4,4,4,4,4,3,5,4,4,4,4,4,5,6,5,0,5,6.0,5,4,29.0,4,4,2,4,4,5,5,5,5,,4,6,6,5,5,4,28.0,5,4,5,4,5,4,,4,5,5,5,5,5,5,5,6,3,4,19.0,6,5,4,,5,5,5,5,4,5,3,6,6,4,4,5,4,4,4,4,5,5,5,6,6,6,6,7,5,7,5,6.0,5,4,6,5,6.0,5,6,4,6,6,4,5,5,6,18.0,5,,5,4,5,6,5,7,4,5,4,5.0,6,5,5,7,6,6,5,5,5,5,0,4,4,4,5,4,5,4,7,6,6,6,5,7,5,5,,5,5,5,7,6,,5,5,6,5,5,6,24.0,5,5,5,,5,5,5,,9.0,6,5,5,5,5,5,5,5,5,,0.0,,5,8,5,5,5,6,,6,,,5,6,4.0,5,5,4,6,11.0,4,,17.0,6,6,11.0,5,,5,5,9.0,,5,,,23.0,14.0,19.0,,5,,,5,5.0,6,5,5,5,5,12.0,17.0,5,7,,5,6,5,4,6,,,5,5,5,5,5,5,5,,,5,6,,6,,25.0,5,5,0.0,5,,6,5,5,7,,,5,0.0,25.0,4,5,6,16.0,5,6,6,,,,6,6,6,5,10.0,5,,9.0,5,19.0,,6,,6,6,26.0,,6,5.0,5,5,8.0,5,7,4,6,5,6,28.0,,5,18.0,10.0,6.0,31.0,11.0,26.0,4,4,8.0,,6,,5,5,,5,,6,17.0,18.0,,,,6,6,,0.0,6,,,5,,,,5,5,,,,16.0,30.0,6,,23.0,6,,,5,,,,23.0,29.0,,22.0,,20.0,,5.0,,5,6,,26.0,,5,5,6,5,5,,5,5,32.0,5,25.0,4,20.0,5,6,,,5,,5,29.0,,,5,6,,6,23.0,,14.0,9.0,5,22.0,11.0,,16.0,5,,4,26.0,,20.0,6,,,5,,5,22.0,,4,5,,,,,6,5.0,,24.0,21.0,5.0,,6,19.0,,,,5,,,5,,27.0,5,,,6,9.0,,,,29.0,3,,,,4,,24.0,,5,,,16.0,,6,7.0,6,5,5,,31.0,17.0,6,5,,,5,5,5,16.0,6,6,19.0,5,3,6,6,,6,6,6,4,6,18.0,,5,7,,6.0,6.0,,17.0,,,18.0,,6,,5,5,7,21.0,4,5,6,6,7,23.0,,,,,4,,,5.0,,,5.0,11.0,5,7.0,,6,,4,11.0,30.0,,5,4,,,6.0,,,5,21.0,,5,12.0,,,,,,,,,17.0,6,,,,73,7,2.1675079839291227,-0.776889857817519
5,5,5,5,5,4,5,5,5,6,5,5,5,4,5,5,5,4,5,5,5,4,6,4,5,5,5,5,4,5,4,5,5,5,5,5,5,5,5,5,5,4,5,7,5,5,5,5,5,5,5,5,6,5,5,5,5,5,4,5,5,5,4,4,4,5,5,6,4,5,5,5,6,5,4,5,5,5,5,4,4,4,4,4,3,5,4,4,5,5,5,5,5,5,5,4,4,5,5,5,3,5,6,5,6,4,4,2,5,,6,6,6,4,4,3,4,5,5,6,6,2,6,5,5,5,5,4,4,4,5,4,4,4,5,5,5,5,5,5,5,5,4,5,5,4,5,5,6,6,5,5,4,4,5,5,6,5,4,5,2,5,3,4,5,4,4,5,5,4,4,5,5,4,4,6,6,5,6,5,4,5,6,4,3,6,5,4,5,5,4,5,6,6,5,5,5,0,5,4,5,5,8,5,5,5,5,5,5,4,4,5,4,6,3,4,5,4,5,5,5,5,5,5,6,5,3,5,5,5,5,5,5,3,2,5,4,0,5,5,5,5,5,5,5,5,6,6,5,4,5,5,4,4,4,5,4,6,5,5,6,5,5,5,6,6,6,6,5,5,4,4,5,6,6,6,6,6,5,5,4,5,3,3,5,5,5,5,5,7,4,5,5,6,5,5,5,6,6,6,4,4,4,5,5,5,5,5,5,5,5,5,5,6,4,6,4,5,4,5,5,5,6,4,6,5,5,3,6,5,6,6,6,4,6,6,0,5,5,5,3,6,5,5,6,5,5,5,,6,6,5,5,5,6,4,5,5,6,6,5,4,5,5,6,5,0,4,5,6,5,4,4,4,6,4,5,5,6,5,6,6,,,6,6,6,0,5,5,5,6,6,4,6,5,6,6,26.0,5,5,5,7,6,4,4,6,6,5,5,6,5,5,6,,10.0,6.0,3,5,4,4,5,5,5,4,6,5,4,6,6,5,5,6,5,4,6,24.0,5,4,5.0,5,4,5,5,5,5,6,6,5,,5,7,6,5,6,5,12.0,6,5,5,5,6,5,,5,6,5,5,5,6,5,6,7,5,4,,6,5,5,13.0,5,4,5,5,5,5,5,7,7,5,5,6,4,4,2,5,6,5,5,6,6,7,6,7,5,5,4,8.0,5,5,4,6,15.0,5,6,5,6,6,4,6,5,6,,6,,6,5,5,6,6,7,3,5,4,,6,5,5,7,5,6,3,6,5,5,5,4,5,5,5,5,5,5,7,6,5,6,5,7,0,5,,6,5,5,6,6,25.0,5,6,6,6,5,6,,6,5,5,,6,5,4,,17.0,6,5,6,5,5,5,5,6,5,4.0,,,5,8,6,6,4,6,,6,,,5,5,6.0,6,5,4,6,19.0,5,7.0,21.0,6,6,,6,,7,6,18.0,,6,25.0,7.0,13.0,,,,6,,,5,10.0,6,5,5,5,5,,21.0,6,7,,5,6,5,5,7,,,5,5,4,6,5,5,5,,15.0,5,6,,5,,29.0,6,0,,4,24.0,6,5,6,7,,29.0,5,8.0,,7,5,6,8.0,6,6,6,,7.0,,7,6,6,5,9.0,6,,,5,12.0,,6,13.0,6,6,16.0,11.0,6,,5,0,13.0,6,7,5,6,6,7,12.0,,5,28.0,15.0,24.0,,,5.0,4,5,5.0,,6,6.0,6,4,,5,,6,,9.0,,,,6,6,8.0,11.0,6,10.0,,6,,,,6,6,17.0,9.0,,,,6,,,7,,,6,,,,,,,14.0,,13.0,22.0,7.0,,6,6,,22.0,,5,6,6,5,6,18.0,6,5,20.0,6,,4,7.0,6,6,,,6,,5,8.0,,,5,6,,7,17.0,,19.0,25.0,6,,,,25.0,6,,6,12.0,16.0,28.0,6,7.0,,5,,5,12.0,,5,5,,,,,6,17.0,9.0,6.0,,10.0,,6,12.0,17.0,,,6,25.0,,5,,,4,,9.0,6,25.0,,,,18.0,5,18.0,,26.0,5,,16.0,0.0,5,,,18.0,,6,10.0,6,6,5,,7.0,,6,5,,,5,5,6,,6,6,12.0,6,6,6,6,,7,6,6,4,6,8.0,23.0,6,7,,9.0,,,14.0,,,10.0,,6,,6,3,7,26.0,6,5,7,6,7,,,,,,5,9.0,,7.0,11.0,20.0,,5.0,5,,,6,,6,,19.0,9.0,6,6,,20.0,10.0,,8.0,6,10.0,8.0,6,,0.0,,,,,,,,25.0,7,,,,74,7,1.9938539042821144,-0.769337751904214
5,5,5,5,5,4,4,5,6,6,5,5,5,5,5,5,0,5,5,5,5,4,6,5,6,6,6,5,5,5,5,5,6,6,6,5,5,6,6,6,6,4,5,7,5,5,5,5,6,6,6,4,5,5,6,5,6,6,5,6,5,5,4,5,1,2,6,6,5,5,0,6,7,6,5,6,6,5,5,5,4,4,4,4,5,5,4,4,6,5,5,5,5,4,4,1,5,6,6,5,5,6,6,5,5,4,4,3,5,8.0,6,6,6,5,5,4,5,5,5,6,6,4,5,5,5,5,6,5,3,4,5,5,5,4,6,5,5,5,6,4,5,5,4,2,6,5,6,5,6,5,5,5,5,5,5,5,5,5,5,5,3,5,5,5,5,5,4,4,5,4,3,5,4,5,5,6,5,5,5,4,5,5,5,4,5,6,5,5,5,5,5,5,6,6,4,6,4,4,5,4,4,0,7,3,0,4,4,5,5,5,5,5,4,6,5,5,6,5,5,4,5,5,3,5,6,5,5,5,5,5,5,4,4,5,5,6,5,5,6,6,6,6,5,5,6,5,6,7,6,4,5,5,5,5,5,5,4,5,5,6,6,5,5,5,6,6,6,6,5,5,6,5,6,6,6,5,6,5,5,6,3,5,4,4,5,5,5,5,5,6,4,5,5,6,5,5,4,6,6,6,5,5,5,5,5,5,5,6,5,5,5,5,5,6,5,6,5,6,5,6,5,4,6,6,6,5,5,5,6,4,7,6,6,5,6,6,5,5,5,5,4,6,4,5,6,5,5,6,,5,4,4,5,5,7,5,5,2,6,6,5,5,4,5,6,5,5,4,5,6,6,4,5,5,5,4,5,0,5,5,5,5,24.0,,6,5,6,5,5,5,4,6,6,5,5,5,6,2,,5,5,5,6,6,5,3,6,6,5,5,5,5,5,5,,,10.0,5,5,4,4,6,5,6,4,6,5,5,6,6,5,5,7,4,4,6,,6,5,24.0,5,5,5,6,6,5,6,6,5,,4,6,6,5,6,6,23.0,5,5,5,5,6,5,,5,6,5,5,5,6,6,6,7,5,5,13.0,6,6,5,,5,5,5,5,5,6,4,7,7,5,5,6,5,5,4,4,6,6,5,6,6,6,6,7,5,7,4,6.0,5,5,6,6,11.0,5,6,5,6,6,5,0,5,6,10.0,6,,6,5,6,6,5,7,5,6,4,0.0,7,6,5,7,6,6,5,6,5,5,6,5,6,5,5,5,5,5,8,7,6,6,4,0,6,5,,3,5,6,7,7,27.0,5,6,7,6,5,6,,5,5,5,,6,5,6,,,6,6,6,6,5,6,6,6,5,11.0,,30.0,6,9,6,6,5,6,,6,,,5,6,9.0,6,5,5,6,,5,14.0,,6,7,,6,,6,6,11.0,,6,,7.0,,12.0,,,6,,13.0,6,8.0,6,5,5,6,5,11.0,17.0,5,7,,6,6,5,5,6,,,6,5,6,6,5,5,5,,19.0,4,6,,5,,5.0,6,6,,5,12.0,6,6,6,7,,,5,29.0,,7,5,7,7.0,6,6,6,,13.0,,6,6,6,6,20.0,6,14.0,21.0,5,24.0,,6,8.0,6,6,17.0,9.0,7,21.0,6,5,,6,7,5,6,6,7,21.0,,6,15.0,9.0,5.0,13.0,29.0,16.0,5,5,22.0,,5,15.0,6,6,,5,14.0,6,13.0,22.0,,,,6,6,30.0,28.0,6,18.0,,6,,,,4,6,10.0,7.0,,30.0,7.0,6,,,6,,,6,,,,30.0,14.0,,25.0,9.0,5.0,,26.0,,6,7,,0.0,,6,6,6,5,5,11.0,6,6,21.0,6,25.0,4,15.0,5,6,,16.0,6,,2,17.0,,,6,6,,7,,,14.0,30.0,5,14.0,,30.0,,6,,6,19.0,,,6,6.0,,6,18.0,5,22.0,,5,5,,,,,7,,7.0,28.0,13.0,,,6,10.0,9.0,,,6,12.0,,6,,,6,,12.0,6,29.0,,,,,5,,,,5,,21.0,,6,,,6.0,,6,30.0,6,5,6,,29.0,0.0,6,6,,,5,5,7,26.0,7,6,,6,6,6,6,,7,6,6,4,6,,8.0,5,7,,,26.0,,,,,,,6,,6,5,7,,6,6,6,5,7,20.0,,,,,5,,,15.0,13.0,,,,5,8.0,,6,,6,14.0,,15.0,6,6,,10.0,,,8.0,6,9.0,19.0,6,15.0,,,,,,8.0,,,18.0,7,,,,75,7,2.0285370982276985,-0.7766882259476331
7,5,6,6,6,4,6,7,7,8,7,7,7,6,7,7,6,5,7,7,6,6,7,6,7,7,8,7,6,7,7,7,7,7,7,7,7,7,7,7,7,6,6,9,6,7,0,7,7,8,8,7,7,7,6,7,7,6,6,5,7,6,6,5,6,7,7,8,7,7,7,7,8,7,6,8,8,7,7,7,6,6,6,5,6,7,6,6,7,6,7,7,7,7,7,7,6,8,7,7,7,7,7,7,7,6,3,6,7,,8,8,8,7,6,6,7,5,7,8,7,6,7,7,7,7,7,6,5,6,7,7,6,6,7,7,7,6,7,7,7,7,6,7,7,6,7,6,7,0,7,7,6,6,6,6,7,6,7,7,5,6,6,6,7,6,6,6,7,6,6,7,6,6,6,8,0,7,7,0,6,4,7,5,6,8,7,7,7,6,7,6,7,7,6,6,7,7,6,7,7,6,9,7,7,7,7,7,7,6,5,5,6,8,6,6,6,7,6,7,7,6,6,6,7,7,6,7,6,7,7,7,7,7,7,7,6,7,7,8,7,8,7,7,7,7,8,8,7,4,7,7,6,7,3,6,5,7,7,7,8,7,7,7,8,8,8,8,4,6,6,6,6,7,7,7,8,7,6,7,6,5,6,6,7,6,6,7,7,8,6,7,7,8,7,6,6,8,7,7,6,6,6,6,7,6,7,7,6,7,6,7,7,7,7,8,7,7,6,8,7,7,7,7,8,7,7,7,8,6,8,7,8,6,8,8,7,7,7,7,2,7,6,7,7,7,7,7,22.0,7,7,6,7,7,8,6,7,7,7,8,7,7,6,6,7,6,6,6,7,8,8,6,7,7,8,7,7,5,7,7,7,6,,18.0,7,7,7,7,6,7,7,8,7,6,5,7,8,7,16.0,7,7,7,8,7,7,6,8,8,0,6,7,6,7,7,,,18.0,7,7,6,5,7,7,7,6,7,7,7,7,6,6,7,8,7,6,8,,7,5,12.0,7,7,7,7,7,7,7,7,7,,6,8,8,7,7,7,,7,6,7,7,7,6,,6,8,7,7,7,7,7,7,8,6,6,8.0,8,8,7,20.0,7,6,7,7,7,7,6,9,8,6,6,7,5,6,6,6,7,7,7,8,8,8,8,9,7,9,7,20.0,7,7,8,7,31.0,6,8,7,5,7,6,7,6,8,30.0,8,,8,7,7,7,8,8,6,7,6,14.0,7,7,7,9,8,8,7,7,7,7,7,6,7,6,7,7,7,7,9,8,8,8,7,9,8,6,,7,7,7,9,8,19.0,7,7,8,7,7,8,,8,7,7,,7,6,7,,,8,7,7,7,7,7,7,8,3,25.0,,10.0,7,10,6,8,7,8,,7,31.0,,7,8,,7,7,7,8,22.0,7,10.0,,8,8,28.0,6,,8,7,19.0,,7,,,21.0,,15.0,,7,,,7,16.0,8,7,7,7,7,,25.0,7,9,,7,8,7,7,8,,,7,7,7,8,7,7,6,,17.0,6,8,,8,32.0,23.0,8,8,,7,11.0,8,7,8,9,,13.0,7,,17.0,8,7,8,,7,8,8,,20.0,,8,8,8,7,,8,15.0,12.0,7,26.0,,8,10.0,8,8,,,8,33.0,8,7,25.0,8,9,7,8,7,9,,,7,11.0,30.0,,,34.0,0.0,7,5,19.0,,8,,8,8,,7,13.0,8,,,,,,8,8,17.0,14.0,8,12.0,,7,,,,7,8,31.0,15.0,,,11.0,8,,,8,,,8,0.0,,0.0,29.0,,,13.0,14.0,16.0,18.0,,13.0,7,9,,17.0,15.0,7,7,8,7,7,,7,7,13.0,7,,6,7.0,7,8,,,7,,7,,,,7,8,,9,0.0,,,30.0,8,28.0,17.0,,23.0,7,0.0,8,34.0,30.0,,8,,,7,7.0,7,,,6,8,,,,,8,24.0,,29.0,34.0,29.0,,8,20.0,25.0,,,7,,,7,,26.0,8,,32.0,8,,,24.0,,12.0,7,11.0,,,7,,,,7,,,,,8,,8,7,7,,30.0,9.0,8,7,,,7,7,8,24.0,8,8,14.0,7,8,8,8,,8,8,8,6,8,8.0,32.0,8,9,,17.0,18.0,,17.0,,,34.0,,8,,7,7,9,28.0,8,8,9,8,9,,,,,,7,32.0,,18.0,18.0,26.0,26.0,16.0,7,15.0,,6,,8,,32.0,23.0,8,8,,34.0,,,9.0,8,,14.0,6,,,,,,,11.0,,,20.0,8,,,,76,7,2.2024320457796884,-0.7773632338150736
6,6,5,5,4,5,5,6,6,7,5,5,5,5,5,5,5,5,5,5,5,4,6,5,6,6,6,5,5,5,5,5,6,6,6,5,5,6,6,6,6,5,5,0,4,5,5,5,6,6,6,5,6,6,5,6,6,5,5,6,6,6,2,4,5,5,6,6,5,5,5,6,7,6,5,6,6,4,5,3,5,4,4,4,5,6,5,4,5,5,5,5,6,5,6,6,5,6,6,5,6,6,6,6,6,5,5,4,5,19.0,6,7,6,5,1,5,5,6,6,6,6,4,6,5,6,6,6,5,3,3,5,5,5,4,5,6,6,3,6,6,6,5,5,4,6,5,6,5,5,6,6,5,4,5,5,5,6,6,5,5,4,5,0,5,6,4,5,5,5,4,5,5,4,5,5,6,6,6,6,5,3,6,6,3,5,7,5,5,5,5,5,5,6,6,6,6,6,6,0,5,6,5,8,5,6,6,5,5,5,5,4,4,4,6,5,5,6,6,5,6,0,5,5,5,6,6,5,5,6,5,5,5,6,5,5,6,5,6,6,6,6,6,6,5,6,5,7,6,6,4,6,6,5,5,5,5,4,6,5,6,6,5,6,5,6,6,6,7,6,5,6,5,6,6,6,5,6,6,5,6,5,5,5,4,6,5,5,6,2,7,4,6,5,6,6,5,5,7,6,6,5,5,6,4,6,6,5,5,5,6,6,6,6,6,5,7,6,6,5,6,6,6,6,6,6,6,5,5,6,4,7,6,5,4,7,7,6,6,5,6,5,7,5,5,7,6,5,6,,6,6,5,6,5,7,5,5,5,6,7,6,5,5,5,6,3,5,5,6,5,6,4,5,5,6,5,6,5,6,6,6,6,15.0,19.0,6,6,7,6,5,6,6,7,7,5,6,5,7,6,15.0,6,6,5,7,6,5,4,6,6,5,6,6,5,5,5,15.0,,8.0,5,6,4,5,6,5,5,5,6,5,5,6,6,5,5,6,5,4,6,8.0,6,5,22.0,5,5,6,6,6,5,6,6,6,,5,7,6,5,6,5,,6,5,5,5,6,5,,5,6,6,5,5,6,6,6,7,5,5,15.0,6,6,5,17.0,5,5,5,6,6,6,5,6,7,5,5,6,5,5,5,5,6,6,6,6,7,7,5,7,6,4,5,19.0,6,5,6,6,5.0,5,6,6,7,7,5,6,5,6,,6,,6,5,0,6,6,7,5,6,5,14.0,7,6,6,8,7,6,5,6,5,5,6,5,6,5,5,5,6,5,8,7,6,7,5,7,6,6,,6,6,5,6,7,8.0,4,6,7,0,6,6,7.0,6,6,6,,7,6,6,,19.0,6,6,6,6,5,6,6,7,6,7.0,,,6,9,6,6,5,5,,6,19.0,,5,7,17.0,6,6,5,7,,5,,7.0,7,7,,6,,7,6,12.0,,6,19.0,23.0,16.0,10.0,,,6,,0.0,6,6.0,6,6,5,6,6,9.0,22.0,6,7,,6,6,5,6,7,,,6,6,6,6,5,6,6,,,6,6,,7,18.0,7.0,6,6,,6,9.0,6,6,6,8,,25.0,6,25.0,13.0,7,5,6,,6,6,7,,10.0,,7,7,6,6,,6,13.0,,5,26.0,,6,18.0,7,7,,18.0,7,14.0,6,5,,6,7,6,7,0,8,,,6,25.0,,,26.0,11.0,,5,5,19.0,,6,,6,6,,6,,6,7.0,8.0,,,,6,6,8.0,,7,10.0,,6,,,,6,6,26.0,20.0,,13.0,18.0,6,,10.0,7,,,6,,16.0,,6.0,19.0,,17.0,27.0,10.0,12.0,11.0,,6,7,24.0,,9.0,6,6,6,5,6,28.0,6,6,,6,,4,21.0,5,7,,11.0,6,,5,15.0,,,6,7,,7,13.0,,,13.0,6,8.0,8.0,,,6,,6,,16.0,20.0,7,14.0,,6,,5,10.0,,5,6,,,,,7,,14.0,12.0,0.0,,,7,,13.0,,,6,18.0,,6,,,7,,,6,0.0,,12.0,,16.0,6,9.0,,,5,,6.0,,6,,,26.0,,7,24.0,7,6,6,,23.0,,7,6,,,6,6,7,8.0,7,6,,6,6,6,7,,7,6,6,5,7,20.0,13.0,5,7,,,,,10.0,,,10.0,,7,,6,6,8,7.0,6,6,7,6,7,,,,,,5,,,,23.0,,,17.0,6,19.0,,7,,6,,,,7,6,,9.0,,,21.0,6,,14.0,6,11.0,,,,,,16.0,,,,7,,,,77,7,1.9530884298361648,-0.7773850490963485
4,4,3,3,2,3,0,5,5,5,4,4,4,3,3,4,4,4,4,4,4,3,5,4,4,4,4,4,3,4,4,4,4,4,4,4,4,5,4,4,4,3,4,6,4,4,4,4,4,5,5,3,5,4,3,4,3,3,3,3,4,4,3,3,2,1,4,0,4,4,5,5,6,5,4,4,5,4,4,4,4,3,3,4,4,4,3,2,4,2,4,4,4,3,3,3,1,4,4,4,3,5,0,4,5,3,4,3,2,11.0,5,5,5,3,3,3,3,4,4,5,5,3,4,4,4,4,3,4,3,3,4,4,3,3,5,2,4,1,4,4,4,4,2,0,5,4,4,4,5,4,4,4,4,4,4,4,5,4,4,4,3,4,4,4,4,3,3,0,3,0,3,4,3,4,4,5,4,2,4,4,4,4,5,2,4,5,4,4,4,4,3,4,4,4,4,4,1,4,3,3,3,3,4,4,1,4,3,2,4,4,4,3,4,5,4,3,5,4,4,5,4,4,4,4,5,4,4,5,4,4,4,3,2,4,4,5,4,4,4,0,5,5,4,4,5,4,5,5,5,3,5,4,3,4,4,4,3,4,4,5,4,4,4,4,4,5,3,5,5,4,4,3,4,4,5,4,5,4,4,5,3,3,3,3,4,3,4,5,4,5,3,4,4,5,4,4,4,5,5,5,3,3,4,3,4,3,4,0,4,4,4,5,4,5,4,5,4,5,4,5,4,4,5,4,5,4,4,4,5,3,6,4,5,3,5,5,4,4,4,4,4,5,4,4,4,5,4,4,,5,5,4,4,4,5,4,4,4,5,5,5,4,4,4,5,4,4,4,4,5,4,4,4,4,5,3,4,3,5,4,4,5,,,5,5,5,5,5,4,5,5,5,4,5,4,5,5,16.0,4,4,4,6,4,4,3,5,5,3,4,4,3,1,4,24.0,16.0,,4,4,4,4,4,4,4,3,4,3,4,5,4,4,4,6,5,2,5,12.0,4,3,12.0,2,4,5,4,4,4,5,5,4,,3,6,5,4,5,4,,4,4,4,4,5,4,,4,5,4,4,4,4,5,5,6,3,3,,5,5,4,21.0,4,4,4,4,4,4,4,6,6,4,4,5,4,3,4,4,5,5,4,5,5,5,5,6,4,6,4,,4,4,5,5,9.0,4,5,3,4,4,4,5,3,5,,5,,5,4,4,5,5,6,4,4,3,,6,4,4,6,5,5,4,4,4,4,4,4,5,4,4,4,4,2,7,6,5,5,4,6,5,4,,4,4,4,6,6,15.0,4,5,6,4,4,5,,5,4,0,,5,4,5,,,5,4,4,4,4,4,5,5,4,,,,4,8,5,5,4,5,,5,,,4,5,26.0,4,4,3,5,26.0,4,28.0,,5,4,8.0,5,,5,5,,,5,5.0,,25.0,11.0,,,4,,,4,18.0,5,4,4,5,5,5.0,11.0,5,6,,5,5,4,4,5,,,4,4,5,5,3,5,4,,12.0,4,5,,5,10.0,4.0,5,5,,5,,4,4,5,6,,,4,9.0,29.0,5,4,5,14.0,4,5,5,,6.0,,5,5,5,5,25.0,5,11.0,27.0,4,20.0,,5,8.0,5,5,,10.0,5,,5,4,10.0,5,6,4,5,4,6,5.0,,4,23.0,,19.0,13.0,12.0,12.0,4,4,22.0,,4,22.0,5,4,,4,18.0,5,27.0,11.0,,,,5,5,,5.0,5,22.0,,5,,,,4,5,,,,13.0,,5,,,6,,,4,,16.0,,22.0,,,,9.0,11.0,,,13.0,4,5,17.0,7.0,27.0,4,5,5,3,4,,4,4,19.0,4,9.0,3,,4,5,,10.0,4,,4,,,,4,6,,5,19.0,,,,4,6.0,,,14.0,3,,5,19.0,,22.0,5,,,5,28.0,4,10.0,,3,4,,,,,4,27.0,7.0,23.0,18.0,,,5,17.0,28.0,,,5,24.0,,4,,19.0,5,,18.0,4,13.0,,15.0,,,4,7.0,,4.0,4,,6.0,,4,,,8.0,,6,,5,4,5,,12.0,9.0,5,4,,,4,4,5,25.0,2,5,18.0,4,5,5,5,,6,5,5,4,5,9.0,21.0,2,6,,,5.0,,22.0,,,5.0,,5,,4,4,6,5.0,0,5,5,5,6,8.0,,,,,4,19.0,,26.0,29.0,,,21.0,4,,,4,,5,20.0,,,5,5,,13.0,26.0,,7.0,5,24.0,5.0,4,17.0,,,,,,14.0,,,19.0,5,,,,78,7,2.002710299136717,-0.7866780145712535
12,11,11,11,11,11,11,11,10,12,11,11,11,10,11,11,11,10,11,11,11,10,12,10,11,11,11,11,10,10,10,11,11,11,11,11,11,11,11,10,8,11,11,13,11,11,11,11,11,12,12,11,12,11,12,12,12,12,11,12,11,11,11,11,11,10,11,12,11,11,12,12,13,12,11,12,12,11,0,11,11,10,10,11,11,12,10,10,12,11,11,12,12,10,11,11,11,12,12,12,12,12,12,12,12,11,10,10,11,14.0,12,12,12,11,10,10,11,11,11,11,12,10,12,11,12,12,12,11,10,10,11,11,11,11,12,11,12,11,12,12,12,11,11,11,12,11,10,11,12,12,12,11,11,11,11,11,12,11,11,12,9,11,11,11,12,10,11,11,11,11,11,11,8,11,11,12,11,11,12,11,10,11,12,10,11,13,11,11,9,11,11,11,12,12,12,12,11,11,11,11,11,11,14,11,0,11,11,11,11,11,11,11,10,12,11,11,12,12,11,12,11,11,11,11,12,11,11,12,11,11,11,11,11,11,11,12,11,12,12,12,12,12,12,12,12,11,12,12,11,10,12,11,11,11,11,11,9,11,11,12,12,11,12,11,12,12,12,12,12,11,12,11,12,12,12,11,12,12,11,12,10,11,10,10,12,10,12,12,12,12,11,11,11,12,11,11,11,12,12,12,11,11,11,11,11,12,11,12,11,12,11,12,12,12,11,13,11,12,11,12,11,12,12,12,12,11,11,11,12,11,13,12,12,10,13,13,11,11,11,11,11,12,11,11,12,12,10,12,,12,12,11,12,11,13,11,11,11,12,10,12,11,11,11,12,11,11,11,11,13,12,11,11,11,12,11,12,10,12,11,11,10,0.0,,12,12,12,12,11,12,11,12,12,9,12,11,12,12,,11,11,10,13,11,11,11,12,12,12,9,12,11,12,10,16.0,,,11,11,11,8,11,11,12,10,11,11,11,12,12,11,12,13,12,10,12,14.0,12,11,31.0,11,11,12,10,12,11,12,12,12,,10,13,0,11,12,11,,11,11,11,11,12,11,,11,12,12,11,11,12,12,12,13,11,10,33.0,12,12,11,,11,12,11,11,12,12,11,13,13,11,11,12,11,8,11,11,12,10,11,12,13,12,12,13,11,13,11,,11,11,12,12,18.0,11,12,11,13,13,11,12,11,12,32.0,12,,12,9,12,12,12,13,11,11,7,,13,12,12,13,12,12,12,11,11,11,11,11,12,11,11,11,8,11,13,13,12,12,12,13,12,11,,0,12,12,13,12,33.0,11,12,11,12,11,12,,12,11,12,,13,11,12,,,12,12,12,12,11,9,12,13,12,26.0,,,12,14,12,12,11,12,,13,24.0,,11,12,18.0,12,12,11,13,,11,24.0,33.0,13,13,15.0,12,,13,12,19.0,0.0,12,26.0,,29.0,,14.0,,12,,,12,,13,11,11,12,12,12.0,20.0,11,13,,12,12,11,10,13,,,11,12,0,12,12,12,11,,34.0,11,12,,12,19.0,,12,12,,12,23.0,13,12,12,0,,36.0,12,23.0,14.0,13,12,12,,12,12,11,,36.0,,12,13,12,12,24.0,12,17.0,30.0,11,,,12,,12,12,32.0,37.0,13,31.0,12,11,12.0,12,13,12,12,12,14,32.0,,12,17.0,,35.0,32.0,19.0,15.0,11,11,14.0,,12,0.0,12,12,,12,29.0,12,19.0,,,,,12,12,14.0,24.0,13,13.0,,12,,,,12,12,,34.0,,32.0,14.0,12,,16.0,13,,,12,,,,37.0,32.0,,29.0,28.0,,11.0,29.0,22.0,12,12,,12.0,,12,12,12,11,11,30.0,12,12,17.0,12,22.0,10,37.0,12,12,,,12,,12,,,,12,12,,12,38.0,,13.0,,11,12.0,36.0,,,12,,12,29.0,,38.0,12,,,12,,11,15.0,,11,12,,,,,13,,,,15.0,,,12,34.0,23.0,,,12,17.0,,12,,32.0,12,,17.0,12,27.0,,38.0,,37.0,12,21.0,,23.0,12,,,,12,,,15.0,,12,26.0,13,12,12,,21.0,15.0,12,12,,,12,12,12,13.0,13,12,24.0,12,12,13,13,,13,13,12,9,13,23.0,,12,14,,17.0,,,,,,20.0,,13,,12,10,12,13.0,12,12,13,12,13,,,,,,11,0.0,,,35.0,22.0,25.0,23.0,11,20.0,,11,,12,35.0,22.0,,12,12,,,,,29.0,12,,,12,12.0,,,,,,23.0,,,,13,,,,79,7,2.185924477826937,-0.7804213060098177
4,4,2,2,2,3,2,4,4,4,4,4,4,3,4,4,4,4,4,3,4,3,5,4,4,4,5,4,4,4,4,4,5,5,4,4,4,5,5,5,5,4,4,5,3,4,3,4,4,5,5,4,5,4,3,3,3,3,2,3,5,4,3,2,3,4,4,5,4,4,4,5,6,5,4,5,5,4,4,4,4,3,3,3,3,5,2,3,3,3,4,4,4,4,5,4,3,4,4,4,4,4,3,4,5,3,3,3,4,16.0,5,5,5,4,3,3,4,4,4,5,5,3,5,4,4,4,3,4,3,3,4,3,3,4,5,4,5,2,2,4,4,3,3,4,4,4,4,4,5,5,5,4,4,3,4,4,5,4,3,4,2,3,3,4,3,4,3,5,4,3,4,4,4,4,3,4,5,4,5,4,4,4,5,3,4,5,4,4,4,3,4,4,3,3,3,3,5,4,4,4,5,4,7,4,5,5,4,4,3,3,3,2,3,4,4,4,4,4,4,5,5,4,4,4,5,4,4,5,5,4,4,5,4,3,4,4,3,4,3,4,4,4,4,2,4,4,4,5,5,3,5,4,2,4,0,4,3,5,4,5,5,4,5,4,4,4,5,5,4,3,5,2,3,3,4,5,5,5,4,4,4,3,3,3,4,3,0,4,4,6,3,4,4,0,5,4,3,5,4,5,4,3,4,3,4,3,4,5,4,5,4,4,4,5,4,5,5,5,4,5,4,4,4,0,5,4,4,4,5,3,6,5,4,3,5,5,4,4,3,4,4,5,4,4,6,5,4,4,,5,5,4,5,4,5,4,4,4,3,5,4,4,3,4,5,3,3,4,4,5,5,3,4,4,4,4,4,4,5,4,5,5,,10.0,5,5,5,5,5,4,5,5,5,4,5,4,5,5,5.0,5,4,4,6,5,3,3,4,4,1,2,4,2,1,5,,,,4,4,4,3,4,4,4,4,4,4,4,4,4,3,4,4,4,3,5,,4,4,11.0,4,0,5,4,4,4,4,0,4,,4,5,4,4,4,4,17.0,4,4,4,4,4,4,,4,5,4,4,5,5,5,5,6,3,4,22.0,5,5,4,14.0,4,2,5,4,4,5,4,5,5,4,4,5,4,4,3,4,4,4,3,4,5,5,4,5,2,5,1,9.0,4,4,4,5,9.0,4,5,4,4,4,3,4,1,5,,5,,4,4,5,4,4,5,4,4,3,,6,4,4,6,6,5,4,5,4,4,5,3,5,4,4,4,4,3,7,6,4,5,4,6,5,4,,4,4,4,6,5,,4,4,5,3,4,4,23.0,6,4,4,,4,4,4,,,5,3,3,5,4,5,5,4,5,5.0,,,3,8,4,5,4,4,,4,26.0,,4,5,,4,4,4,5,12.0,4,8.0,24.0,5,4,10.0,5,,6,4,6.0,,4,,20.0,,,29.0,,4,,,4,7.0,5,4,4,4,4,13.0,,4,4,0.0,4,5,4,5,6,,,1,4,5,5,3,4,4,,0.0,4,4,,5,9.0,,5,5,,5,19.0,4,0,5,6,,14.0,4,13.0,27.0,5,4,6,21.0,3,4,4,,21.0,,5,5,4,4,,4,7.0,14.0,5,,,5,5.0,5,5,,11.0,5,29.0,5,4,,5,4,4,5,5,5,,,3,6.0,10.0,9.0,4.0,,21.0,4,4,24.0,,6,5.0,5,4,,4,16.0,5,,22.0,,,,5,2,16.0,8.0,5,,,5,,,,5,5,,6.0,,25.0,13.0,5,,6.0,5,,,5,,,,5.0,,,6.0,24.0,,22.0,9.0,20.0,3,5,19.0,5.0,16.0,3,4,5,3,5,11.0,3,5,,4,14.0,4,,5,5,,12.0,3,,4,12.0,,,3,5,,6,,,9.0,,5,13.0,7.0,,12.0,3,,5,21.0,17.0,5.0,5,,,4,6.0,3,20.0,,1,5,,,,,4,,7.0,17.0,12.0,,,5,22.0,,,,5,24.0,,3,,,5,,,4,26.0,,29.0,,7.0,5,10.0,,7.0,4,,,,4,,,14.0,,6,,6,5,5,,15.0,19.0,5,5,,,5,5,5,8.0,4,4,20.0,4,5,5,5,,5,4,5,3,5,21.0,13.0,5,6,,,,,,,,9.0,,6,,3,4,6,14.0,5,5,6,4,5,25.0,,,,,4,,,,18.0,13.0,8.0,,3,8.0,,6,,5,25.0,,20.0,6,5,,7.0,29.0,,17.0,5,0.0,14.0,3,2.0,,,,,,,,,16.0,4,,,,80,7,1.8763160484109,-0.7376544233436167
4,4,4,4,4,3,3,5,5,5,4,4,4,4,4,5,4,4,4,4,4,3,5,3,5,5,5,4,4,4,4,5,5,5,5,4,4,5,5,5,5,4,4,6,4,5,4,4,5,6,6,4,5,4,5,5,5,5,4,5,4,4,4,4,3,3,5,6,4,5,5,5,6,5,4,5,5,5,5,4,4,4,3,3,4,5,4,4,5,4,5,5,5,3,4,4,4,5,5,5,5,5,4,4,4,4,4,4,5,7.0,6,6,5,4,3,4,4,5,5,6,5,3,4,4,5,5,5,4,3,3,4,4,4,0,5,5,5,4,5,5,5,4,2,4,5,4,4,4,4,4,4,5,4,4,4,4,4,1,5,5,2,4,4,4,5,4,2,4,1,4,4,4,3,4,4,6,4,4,4,3,3,3,4,3,4,6,5,4,4,4,5,2,5,5,5,5,5,4,4,4,4,4,6,4,4,5,3,4,4,4,4,4,4,5,4,4,5,5,4,5,5,4,4,4,5,5,4,5,5,5,5,0,4,4,4,5,4,5,5,5,5,5,5,4,5,4,6,6,5,1,4,5,4,4,4,4,4,4,5,5,5,4,4,4,5,5,5,6,5,4,4,5,5,5,5,4,5,3,3,5,3,4,4,3,2,4,0,5,5,5,4,4,4,5,4,4,3,5,5,5,4,4,5,4,5,5,4,0,4,5,5,5,5,5,4,6,5,5,4,6,4,4,6,5,5,5,4,3,5,4,6,5,6,4,6,6,5,4,4,5,4,5,4,4,5,4,4,4,18.0,4,5,3,4,4,6,4,4,4,5,5,5,5,4,4,5,4,4,4,4,3,5,4,5,4,5,4,1,3,4,4,0,4,8.0,,5,4,5,4,4,4,4,5,5,3,4,4,5,4,22.0,4,4,4,5,4,4,4,5,5,5,4,5,3,5,4,27.0,19.0,8.0,4,4,4,4,4,4,5,4,5,1,4,6,5,4,5,6,5,3,5,22.0,5,4,17.0,4,4,5,5,5,4,6,6,5,,4,6,5,4,5,5,10.0,5,3,5,4,6,5,,4,5,3,5,5,5,5,5,6,4,4,8.0,6,6,5,11.0,4,5,4,4,5,5,4,6,6,4,4,5,4,3,4,4,5,5,5,5,6,6,6,6,5,6,4,,5,4,5,5,,4,6,4,6,6,4,5,4,5,9.0,5,,5,4,5,5,3,6,4,5,4,8.0,6,5,5,7,6,5,5,5,4,4,5,4,5,4,5,4,5,5,7,6,5,5,5,6,6,5,,4,5,5,6,6,,4,5,6,5,4,4,5.0,5,4,4,,6,5,5,,,5,5,5,5,5,5,5,6,5,28.0,,28.0,5,8,5,2,4,5,,6,,,5,5,18.0,5,4,5,6,,4,16.0,7.0,6,6,10.0,4,,5,5,10.0,,5,,12.0,0.0,,5.0,,5,,15.0,5,25.0,6,5,5,5,4,17.0,27.0,5,6,,5,6,5,5,5,,,5,5,5,5,5,5,3,,0.0,5,5,,6,23.0,26.0,5,5,,3,16.0,6,5,5,7,,8.0,5,7.0,6.0,6,5,5,15.0,5,5,5,,,,6,6,5,5,12.0,5,8.0,21.0,4,,,6,6.0,5,6,5.0,26.0,6,24.0,5,5,19.0,5,5,5,6,4,7,,,5,9.0,23.0,16.0,0.0,9.0,17.0,4,5,0.0,,5,22.0,5,5,,4,5.0,5,,13.0,,,,5,5,12.0,,6,9.0,,5,,,,5,5,16.0,27.0,,8.0,18.0,5,,,6,,,4,,,,,8.0,,6.0,6.0,11.0,13.0,,,5,6,,10.0,14.0,5,5,6,5,4,10.0,5,5,10.0,5,,3,,5,6,,27.0,5,,5,9.0,,,5,6,,6,,,8.0,,5,,5.0,,,5,,5,27.0,,,5,9.0,,5,,4,16.0,,4,5,,,,,6,26.0,,,,,,5,,20.0,,,5,,,5,,5.0,6,,8.0,5,,,8.0,,,5,,,,5,,,,5,,,20.0,,6,13.0,5,5,4,,,5.0,5,5,,,5,5,6,18.0,6,5,26.0,6,5,6,6,,7,6,6,4,6,9.0,8.0,5,7,,8.0,4.0,,,,,,,5,,5,4,6,9.0,6,5,6,5,6,22.0,,,,26.0,5,,,,,,9.0,25.0,4,0.0,,6,,5,,11.0,,6,5,,,,,14.0,5,6.0,,5,16.0,,,,,,7.0,,,10.0,6,,,,81,7,1.9817028797172278,-0.7632926227202177
6,5,5,5,5,5,5,5,6,6,5,5,5,4,5,5,5,3,5,5,5,4,6,5,5,5,6,5,4,5,2,5,5,6,6,2,5,0,5,5,5,5,5,7,4,5,5,5,5,6,6,5,6,5,5,5,5,5,5,5,6,5,5,5,5,5,5,6,5,5,6,6,7,6,5,6,6,5,5,5,5,4,4,5,5,6,4,4,5,4,5,5,6,5,6,5,4,6,6,6,6,6,6,5,6,4,4,4,5,,6,6,6,5,4,4,5,6,5,6,6,3,6,5,6,4,6,5,4,4,5,5,5,5,6,6,6,5,6,6,6,5,5,5,6,5,0,4,6,6,5,5,5,5,5,5,6,6,5,5,3,5,5,5,5,5,4,5,5,5,5,6,5,5,5,6,6,5,6,5,5,5,6,4,5,7,6,5,5,5,5,5,6,6,4,6,6,6,6,5,6,5,8,5,6,6,6,6,5,5,5,4,4,5,5,5,6,6,5,4,6,5,5,5,6,6,5,6,6,5,4,5,5,5,5,6,5,6,6,6,6,6,5,5,6,5,6,6,6,4,5,6,2,5,5,5,5,6,5,6,6,5,6,5,6,6,6,7,5,5,6,5,6,6,6,6,6,6,5,5,5,5,5,5,6,5,4,6,5,7,5,6,6,6,6,4,5,6,6,6,5,5,5,5,0,5,5,6,5,6,5,6,6,6,5,6,4,6,5,6,5,6,6,6,6,6,5,5,6,3,7,6,6,5,7,7,6,5,4,5,5,6,5,6,7,6,5,6,12.0,6,6,4,6,5,7,5,5,5,6,6,6,5,5,5,6,5,4,4,5,6,6,5,5,5,6,5,6,4,6,6,6,6,23.0,,6,6,7,6,6,5,6,6,6,4,6,5,6,6,,6,5,5,7,6,5,4,6,0,0,5,6,5,5,6,22.0,,18.0,5,5,5,5,5,4,6,2,6,5,5,6,6,5,5,7,6,4,6,13.0,6,5,0.0,5,5,6,6,6,5,6,6,6,,5,7,6,5,6,5,8.0,6,5,5,5,6,5,,5,6,6,5,0,6,6,6,7,1,5,,6,6,5,,5,5,6,5,6,6,5,7,7,5,5,6,5,5,5,4,6,6,5,6,7,7,6,7,6,7,5,15.0,5,5,6,6,6.0,5,6,6,6,6,5,6,5,6,14.0,6,,6,1,6,6,6,7,5,6,4,,6,6,0,7,7,6,6,6,5,5,6,5,6,5,5,5,5,5,7,6,6,6,6,7,6,6,,6,6,6,7,7,16.0,5,6,7,6,6,6,,6,5,6,,6,6,6,,,6,6,5,6,5,5,6,6,6,21.0,,,6,8,6,6,5,6,,6,,,5,6,16.0,6,5,5,7,22.0,5,22.0,14.0,7,6,,6,,7,6,20.0,,6,23.0,10.0,,10.0,19.0,,6,,,6,10.0,6,5,5,6,6,7.0,7.0,6,7,,6,6,5,5,7,,,5,6,6,6,6,6,5,,14.0,5,6,,6,11.0,,6,6,,6,,6,5,6,8,,19.0,5,9.0,16.0,7,5,7,18.0,6,7,6,,10.0,,7,6,6,6,11.0,6,6.0,,6,9.0,,6,9.0,7,6,4.0,8.0,7,,6,5,6.0,6,7,6,6,6,7,13.0,,6,21.0,5.0,,9.0,18.0,11.0,5,4,20.0,,7,11.0,6,6,,6,,5,20.0,23.0,,,,6,6,11.0,9.0,7,,,6,,,,6,6,17.0,16.0,,9.0,23.0,6,,,7,,,6,,12.0,,8.0,,,6.0,,10.0,10.0,16.0,,6,7,,,17.0,5,6,6,5,6,,6,6,8.0,6,13.0,5,22.0,6,6,,13.0,6,,5,,,,6,6,,7,,,9.0,19.0,6,,7.0,20.0,13.0,6,,6,,,8.0,7,,,6,6.0,5,10.0,,5,6,,,,,6,18.0,,17.0,,,,6,,23.0,,,6,13.0,,6,,8.0,6,,5.0,6,10.0,,10.0,,,5,15.0,,18.0,5,,20.0,,6,,,,,7,8.0,7,6,6,,7.0,7.0,6,6,,,6,6,6,,6,6,,6,6,6,7,,7,6,6,5,7,22.0,,6,7,,19.0,,,7.0,,,11.0,,7,,6,5,7,,5,6,7,6,7,6.0,,,0.0,0.0,5,,,14.0,,8.0,16.0,12.0,6,,,7,,6,6.0,13.0,,6,6,,,19.0,,9.0,6,,7.0,6,10.0,,,,,,15.0,,,6.0,7,,,,82,7,1.878974358974359,-0.8012838207450115
4,3,3,3,3,2,3,4,4,5,3,3,3,3,3,3,2,3,3,3,3,2,4,3,3,4,4,3,2,3,3,3,4,4,4,3,3,4,4,4,4,3,3,5,3,3,3,4,3,4,4,3,4,4,3,3,3,3,2,3,4,4,0,2,2,3,3,4,3,3,2,4,5,4,3,4,4,3,3,3,3,2,2,2,3,4,3,2,3,3,3,3,4,3,4,4,3,4,4,3,3,4,4,4,4,2,2,2,3,,4,4,4,3,2,2,3,3,3,4,4,2,4,3,3,3,4,3,2,3,4,3,3,3,4,3,4,3,4,4,4,3,2,3,4,3,4,3,4,4,4,3,3,3,0,3,4,3,3,3,2,3,3,3,3,3,3,4,3,2,0,3,3,3,3,4,4,4,4,3,3,4,4,1,3,4,3,3,3,3,3,3,4,4,3,3,3,4,3,3,4,3,4,3,4,4,4,4,3,3,3,2,1,4,3,3,3,4,3,4,4,2,3,3,4,4,3,4,4,3,3,3,3,3,3,4,3,4,4,4,4,4,3,3,4,3,5,5,4,1,4,4,2,3,3,3,2,4,3,4,4,3,4,3,4,4,4,5,3,3,4,3,4,4,4,4,4,4,3,3,3,3,2,1,4,3,3,4,3,5,3,4,3,4,4,3,3,5,4,4,3,3,3,2,3,3,3,4,3,4,3,4,4,4,3,4,4,4,0,4,4,4,4,4,4,4,3,3,4,2,5,4,5,2,5,5,4,3,1,3,3,4,4,4,5,4,4,4,6.0,4,4,3,4,3,5,2,1,3,4,5,4,3,3,3,4,2,3,2,4,4,4,2,3,3,5,3,4,3,4,4,4,4,8.0,,4,4,5,4,4,4,4,5,4,3,4,3,5,4,28.0,4,3,3,5,4,3,0,5,4,3,3,3,2,3,4,24.0,,,3,3,2,3,4,3,3,2,4,3,3,4,4,3,3,5,4,2,4,23.0,3,3,7.0,3,3,4,4,4,3,4,4,4,,3,5,4,3,4,3,,4,3,3,3,4,3,,3,4,4,3,3,4,4,4,5,2,2,16.0,4,4,3,18.0,3,3,3,4,4,4,3,5,5,3,3,4,3,2,3,2,4,4,3,4,5,5,5,5,4,5,3,19.0,3,3,4,4,20.0,3,4,4,4,4,2,4,3,4,11.0,4,,4,3,4,4,4,5,3,4,3,13.0,5,4,3,6,5,4,4,4,3,3,4,3,4,3,3,3,4,3,6,5,4,5,4,6,4,3,,4,4,3,5,4,,3,4,5,4,4,4,29.0,5,4,4,,4,4,4,,,4,4,4,4,3,4,4,4,4,,,22.0,4,7,4,4,3,4,,4,,,3,5,25.0,4,3,3,4,,3,,,5,4,14.0,4,,5,4,24.0,,4,20.0,26.0,,19.0,,,4,,26.0,3,23.0,4,3,2,4,4,,,3,5,,4,4,3,4,5,,,4,4,4,4,3,4,0,,14.0,3,4,,5,9.0,23.0,4,4,,3,,4,3,4,3,,32.0,4,22.0,5.0,5,3,5,10.0,4,5,5,,6.0,,5,5,4,4,23.0,4,21.0,24.0,4,5.0,,4,,5,5,8.0,,5,6.0,4,3,,4,5,3,5,4,4,7.0,,3,,16.0,23.0,17.0,17.0,,3,3,,,5,5.0,4,4,,4,,4,5.0,15.0,,,,5,4,,11.0,4,31.0,,4,,,,4,4,31.0,,,,10.0,4,,,5,,,4,,32.0,,,,,7.0,,6.0,,32.0,5.0,4,5,6.0,,,3,4,4,3,4,18.0,4,4,4.0,4,21.0,3,25.0,4,5,,,4,,3,13.0,,,4,5,,4,6.0,,32.0,0.0,4,7.0,17.0,,10.0,3,,4,9.0,26.0,,5,,,4,9.0,3,14.0,,0,4,,,,,4,8.0,13.0,,,23.0,,5,12.0,,,,4,4.0,,3,,15.0,4,,19.0,4,,,13.0,0.0,17.0,4,31.0,,14.0,3,,23.0,,3,,,13.0,,5,15.0,5,4,4,,26.0,18.0,4,3,,,4,4,4,,4,4,,4,4,4,5,,5,4,4,3,5,18.0,8.0,4,5,,,,,,,,7.0,,5,,4,3,5,,4,4,5,4,5,6.0,,,,,3,20.0,,0.0,,,20.0,20.0,4,12.0,,5,,3,33.0,,,5,4,,17.0,33.0,,6.0,4,5.0,24.0,4,13.0,,,,,,18.0,,,31.0,5,,,,83,7,2.0707302474062246,-0.8088409329279084
5,3,5,4,4,4,5,4,5,6,5,5,4,4,5,4,4,4,4,4,4,4,5,4,5,5,5,5,4,5,4,4,5,5,5,4,5,5,5,5,5,4,4,6,3,4,4,5,5,5,5,5,5,5,5,5,5,5,4,5,5,5,3,4,4,5,5,6,4,5,5,5,6,5,4,6,6,5,5,5,4,4,1,4,4,5,4,3,5,5,5,5,5,4,5,5,5,5,5,5,5,5,6,5,5,4,4,4,5,,6,6,6,5,4,4,4,3,5,6,5,3,5,5,5,5,5,4,4,3,4,4,4,4,5,5,5,4,5,5,5,5,3,5,5,4,5,4,6,5,5,5,4,3,4,4,5,5,5,5,3,4,5,4,5,4,4,3,4,4,4,5,4,4,5,6,5,5,6,5,4,5,5,4,4,6,0,4,5,4,5,5,6,0,5,5,5,5,5,4,5,4,7,4,5,5,5,5,4,4,4,2,4,5,5,4,5,5,3,0,5,3,4,4,5,5,4,5,5,5,5,5,4,4,5,5,4,5,5,6,5,6,5,5,5,5,6,6,5,3,5,5,4,5,4,4,4,5,4,5,6,5,5,4,5,5,5,6,5,4,5,5,5,5,5,5,6,5,4,5,4,4,4,4,5,4,5,5,5,6,4,5,4,5,5,4,4,5,5,5,4,5,5,4,5,5,5,5,4,5,4,5,5,5,5,6,4,5,5,6,4,5,5,5,5,5,4,5,5,4,6,5,6,4,6,6,5,5,3,5,4,5,4,5,6,5,5,5,10.0,5,5,4,5,2,6,3,4,5,5,6,5,5,4,5,5,4,4,4,5,6,6,4,5,5,5,5,5,1,5,5,5,5,10.0,,5,5,6,5,5,5,4,6,5,2,5,5,6,5,16.0,5,5,3,6,5,4,4,6,5,5,5,5,5,5,5,12.0,,26.0,5,5,4,4,5,4,5,3,5,4,4,6,5,4,5,6,3,4,6,,5,4,15.0,5,4,5,5,5,5,5,6,5,,1,6,5,4,5,5,,5,4,4,5,5,5,,0,5,5,5,5,6,5,5,6,4,4,27.0,6,6,5,,5,4,5,4,5,5,4,6,6,4,4,5,5,2,4,4,5,5,5,5,6,6,6,6,5,6,4,,5,5,5,6,6.0,4,6,4,6,6,4,5,5,6,,5,,5,4,6,6,5,6,4,5,4,,6,5,5,7,6,0,5,5,4,5,5,4,5,4,4,5,5,2,7,6,5,6,5,6,5,5,,5,4,5,6,6,5.0,4,5,6,5,5,5,,6,4,5,,6,5,5,,,6,5,6,5,5,5,5,5,5,17.0,,18.0,5,8,5,5,5,6,,6,25.0,,5,6,,5,5,4,0,26.0,4,31.0,18.0,6,6,10.0,5,,6,6,5.0,,5,26.0,13.0,15.0,24.0,,,6,,7.0,5,21.0,6,5,5,5,5,29.0,20.0,5,6,,5,6,4,5,6,,,5,5,5,5,5,5,5,,30.0,5,5,,5,,24.0,6,5,,5,24.0,6,5,6,7,,,5,31.0,30.0,6,5,6,17.0,5,6,6,,,,6,6,5,5,7.0,6,,16.0,5,6.0,,6,15.0,6,6,5.0,6.0,6,4.0,6,5,18.0,6,6,5,6,5,6,8.0,,0,16.0,22.0,,23.0,18.0,16.0,4,4,,,6,,5,4,,5,9.0,6,20.0,6.0,,,,6,5,9.0,13.0,6,6.0,0.0,5,,,,5,6,,6.0,,8.0,10.0,5,,20.0,6,,,5,,12.0,,11.0,16.0,,20.0,7.0,7.0,13.0,,23.0,5,6,,15.0,,5,5,6,5,5,10.0,5,6,,5,0.0,4,,5,6,,,5,,5,,,,5,5,,6,,,,29.0,5,19.0,,7.0,6.0,5,,6,12.0,22.0,14.0,6,9.0,,6,,2,5.0,,4,5,,,,,6,21.0,10.0,19.0,,16.0,,6,,,,,5,8.0,0.0,5,,19.0,6,,,6,,,29.0,,,5,,,,5,,17.0,,4,,,6.0,,6,,6,5,5,,15.0,,6,5,,,5,5,6,,6,6,,6,6,6,6,,6,6,6,3,6,,14.0,5,7,,31.0,6.0,,17.0,,,17.0,,5,,5,5,7,9.0,6,5,6,5,6,,,,,,5,,,15.0,19.0,8.0,,,5,10.0,,6,,6,19.0,5.0,26.0,5,6,,20.0,,,15.0,5,9.0,,5,27.0,,,,,,16.0,,,,6,,,,84,7,2.068167539267016,-0.7868419716064144
3,4,4,4,4,3,4,4,5,5,4,4,4,3,4,4,4,4,4,4,4,3,5,3,4,4,4,3,3,4,3,3,4,4,4,4,4,4,3,4,3,3,0,6,4,4,4,3,1,5,5,4,5,4,4,4,4,4,3,5,4,4,3,4,3,4,4,5,4,4,4,5,6,5,4,4,3,4,4,4,4,3,3,0,3,4,3,3,4,4,4,4,4,4,4,4,2,5,5,4,4,5,5,5,5,3,3,3,4,,5,5,5,3,2,2,3,4,4,4,0,3,5,4,4,4,5,4,3,3,4,4,4,2,4,3,3,4,5,4,4,3,3,4,4,3,4,4,5,5,5,2,4,4,4,4,5,5,4,4,3,4,4,4,4,3,3,4,4,3,2,3,3,4,4,5,5,4,5,4,4,4,5,3,3,5,4,4,4,4,4,4,5,5,4,4,4,4,4,3,5,4,6,4,4,4,4,4,4,4,4,3,3,5,4,4,5,4,4,5,4,4,4,4,5,4,2,5,4,4,4,4,4,4,4,4,4,5,4,5,5,5,4,4,4,3,5,5,5,3,5,3,3,4,4,3,1,5,4,5,5,0,5,3,5,5,5,5,4,3,4,4,4,5,4,4,5,5,4,4,3,4,3,3,5,4,4,4,4,5,2,4,4,5,5,4,4,5,5,5,4,4,4,3,4,4,4,5,4,4,4,4,4,5,4,5,4,5,3,5,4,5,5,5,5,4,4,4,5,3,6,5,5,2,5,5,4,4,0,2,3,5,4,4,5,5,4,5,18.0,5,5,4,5,4,6,3,4,4,5,5,4,3,4,4,5,2,3,3,4,5,3,4,4,4,5,4,5,4,5,4,5,5,26.0,14.0,5,5,5,5,5,5,5,5,5,4,5,4,5,5,18.0,4,4,4,5,5,4,3,5,0,4,4,5,2,4,5,4.0,,,3,4,3,3,4,4,2,3,4,4,3,5,5,3,4,6,5,3,5,,3,3,26.0,4,4,3,1,3,4,5,5,4,,4,6,5,4,5,3,8.0,4,4,4,4,5,4,,4,5,4,4,4,5,4,4,6,3,4,15.0,5,5,4,22.0,4,4,4,4,4,3,4,6,6,4,4,5,4,3,3,3,5,5,4,5,5,6,5,6,4,5,4,22.0,4,4,5,5,23.0,4,5,4,5,5,4,5,4,5,19.0,4,,5,4,3,5,5,6,3,5,3,14.0,5,4,4,6,6,5,4,5,4,4,4,4,2,4,4,4,4,4,6,5,5,5,4,6,4,4,,4,5,4,6,5,6.0,0,5,5,5,4,5,8.0,5,4,4,,5,4,4,,,5,4,5,4,4,4,4,5,4,16.0,,,5,7,5,5,4,5,,3,13.0,,4,5,19.0,5,4,4,5,17.0,4,,15.0,5,6,,5,,6,5,9.0,,5,,,15.0,,12.0,,5,,22.0,4,11.0,5,4,4,5,5,26.0,26.0,5,6,,5,5,4,4,6,,,4,4,5,5,4,4,4,,7.0,4,5,,5,,8.0,5,5,,5,,5,5,5,6,,,4,19.0,20.0,6,4,6,25.0,5,5,5,,24.0,,5,5,5,5,6.0,5,9.0,,4,,,5,17.0,6,5,10.0,19.0,6,22.0,4,4,17.0,3,6,4,5,5,6,,,4,11.0,,,5.0,,16.0,4,4,6.0,,4,26.0,4,5,,4,17.0,5,,6.0,,,,5,5,,9.0,5,12.0,,5,,,,5,5,17.0,19.0,,0.0,5.0,5,,13.0,6,,,5,,11.0,,7.0,8.0,,13.0,,8.0,10.0,23.0,5.0,4,6,15.0,,8.0,4,5,5,4,5,,5,3,16.0,5,,3,21.0,5,5,,20.0,5,,4,,,,5,5,,5,8.0,,18.0,25.0,5,5.0,4.0,14.0,,5,,0,7.0,8.0,7.0,6,26.0,,5,17.0,4,,,4,4,,,,,5,,,,11.0,,,5,6.0,14.0,,,5,22.0,,5,0.0,,5,,7.0,4,,,6.0,,9.0,4,7.0,,,4,,21.0,,4,,,,,5,,6,5,5,,19.0,14.0,5,4,,,5,5,4,19.0,5,5,,5,4,5,6,,6,5,5,4,5,,,5,6,,,,,19.0,,,6.0,,6,,5,4,6,9.0,5,5,6,5,6,6.0,,,,10.0,4,17.0,,7.0,24.0,,,17.0,4,20.0,,6,,3,15.0,,,5,3,,5.0,22.0,,11.0,4,,,5,10.0,,,,,,,,,,6,,,,85,7,1.862924932708603,-0.7880168553888931
7,7,6,7,6,6,7,7,7,8,6,7,6,5,7,7,7,7,7,7,7,6,8,6,6,6,6,6,6,5,6,6,6,6,6,6,6,6,1,6,5,6,6,9,7,7,7,4,5,8,8,6,8,7,7,7,7,7,6,7,8,7,6,6,5,6,7,7,7,7,7,8,8,8,7,6,0,7,7,6,7,6,6,6,6,7,5,6,7,6,7,7,6,6,7,7,5,8,7,7,7,7,7,8,8,6,6,6,7,7.0,8,8,8,3,5,5,5,7,7,7,8,6,8,6,7,7,7,7,6,6,7,6,7,6,7,4,6,7,7,7,7,7,6,7,7,6,6,7,8,8,7,6,7,7,7,7,8,8,7,7,4,7,7,7,7,5,6,7,6,6,6,5,6,6,7,8,7,7,8,7,7,7,8,6,6,8,7,7,7,7,7,6,8,7,7,7,7,7,7,7,7,7,10,7,7,7,7,7,7,7,6,6,6,8,7,7,7,7,7,8,7,7,7,7,7,7,6,8,7,6,7,7,7,7,7,7,7,7,7,8,8,8,7,7,7,5,8,8,8,6,8,5,6,7,7,7,6,8,7,7,7,6,8,4,0,8,8,8,7,7,7,7,7,7,7,7,8,8,7,7,6,7,6,6,7,7,7,7,7,8,6,7,7,8,8,7,7,6,8,7,5,6,6,6,7,5,7,8,7,7,7,7,7,8,7,8,7,8,5,8,7,7,8,7,8,7,6,7,8,6,9,8,8,5,8,8,6,6,6,5,6,8,7,7,8,8,7,8,,8,8,7,7,7,8,7,7,7,8,8,8,5,7,7,8,7,6,6,7,8,0,7,7,7,8,6,7,7,8,8,8,8,19.0,,8,8,9,7,8,7,8,8,8,7,8,7,8,8,27.0,7,7,7,9,7,6,6,8,8,7,0,7,6,7,7,5.0,,21.0,4,7,5,6,6,7,5,6,7,6,6,8,8,7,7,9,8,6,8,11.0,6,6,,7,7,5,4,4,7,8,8,7,,7,9,7,7,8,5,16.0,7,7,7,7,8,7,,6,8,7,7,8,7,7,7,9,6,6,14.0,8,8,7,17.0,7,7,6,7,7,5,6,9,9,7,7,7,7,7,6,7,8,7,7,8,8,8,8,9,7,9,7,19.0,7,7,8,7,,7,8,7,8,8,7,8,7,8,,8,,8,7,5,8,8,9,6,8,6,13.0,8,8,7,9,9,8,7,8,7,7,7,7,5,7,7,7,7,7,9,8,8,8,7,9,7,7,,7,7,7,9,8,7.0,7,8,8,7,7,8,19.0,8,7,7,0.0,6,7,7,,31.0,8,7,8,7,7,6,7,8,7,,,18.0,7,10,8,8,7,8,,8,17.0,,7,8,8.0,8,7,7,8,14.0,7,22.0,17.0,8,8,12.0,8,,9,8,,,7,,,,,25.0,,0,,,7,,8,7,7,8,8,,15.0,7,8,,7,8,7,7,9,,,7,7,8,8,7,7,7,,,7,8,,8,19.0,11.0,8,8,,7,17.0,8,7,7,9,,14.0,7,14.0,,9,7,8,19.0,7,8,8,,7.0,,8,8,8,8,,8,27.0,18.0,7,,,8,10.0,9,8,21.0,30.0,8,16.0,6,7,11.0,7,9,7,8,8,9,6.0,,7,20.0,,24.0,18.0,23.0,21.0,7,7,17.0,,0,,6,8,,7,,8,16.0,,,,,8,8,,24.0,8,,,8,,,,8,7,8.0,30.0,,,22.0,8,,25.0,9,,,8,,,,31.0,11.0,,7.0,27.0,16.0,,12.0,7.0,8,9,27.0,11.0,7.0,7,8,8,7,8,,8,7,,7,27.0,6,16.0,7,8,,,8,,7,17.0,,,7,8,,9,10.0,,15.0,0.0,7,15.0,,,,0,,5,14.0,11.0,11.0,8,17.0,,8,,5,18.0,,7,6,,,,,8,,13.0,10.0,,,,8,12.0,,,,8,,,7,,20.0,7,,,8,13.0,,8.0,,24.0,7,13.0,,24.0,7,,21.0,,7,,,,,8,,9,8,8,,9.0,,8,6,,,8,8,6,,8,8,,8,0,8,8,,9,8,8,6,8,24.0,15.0,8,9,,,15.0,,,,,11.0,,9,,8,7,9,,7,8,9,8,9,19.0,,,,,7,17.0,,,9.0,,13.0,,6,27.0,,9,,3,25.0,12.0,20.0,8,5,,30.0,29.0,,25.0,7,8.0,12.0,8,,,,,,,16.0,,,27.0,8,,,,86,7,2.0441176470588234,-0.7437869499547063
4,4,3,4,3,4,4,4,4,5,4,4,4,3,3,4,4,3,4,3,3,3,5,3,4,4,4,4,2,4,4,4,4,4,5,3,4,5,4,4,4,3,3,4,3,4,4,4,4,5,5,4,5,4,4,4,4,4,3,4,4,4,2,3,3,0,4,5,4,4,4,5,5,4,2,5,5,4,4,4,3,3,3,3,3,4,3,3,4,4,4,4,4,4,4,4,4,5,4,4,4,4,5,4,4,3,3,2,4,,5,5,4,3,3,3,3,4,4,5,3,3,5,4,4,4,4,4,3,2,4,4,4,3,4,4,4,4,4,4,4,3,3,4,4,4,4,3,5,4,4,4,3,2,2,4,4,4,4,4,2,4,4,3,4,3,3,4,3,3,2,4,2,3,4,5,4,4,4,4,3,4,4,1,3,5,4,3,3,3,4,4,5,4,4,4,4,4,4,2,4,3,6,4,4,4,3,4,4,4,3,3,1,5,3,4,4,4,4,4,4,3,4,4,4,4,3,4,4,4,4,4,4,4,4,5,3,4,4,5,5,5,3,4,4,4,5,5,3,3,4,4,3,4,3,4,3,4,3,4,5,4,4,4,4,5,5,5,4,3,4,4,4,5,4,4,5,4,3,5,3,4,3,3,4,3,4,4,4,5,3,4,3,4,4,3,3,5,5,4,4,4,4,3,4,4,3,4,4,4,4,4,4,5,4,5,4,4,4,5,3,4,5,4,5,4,4,4,3,3,5,4,5,3,5,5,4,3,3,4,3,5,3,4,5,4,4,4,6.0,5,4,3,4,4,5,4,3,4,4,5,4,4,3,4,4,3,3,3,4,5,4,3,4,4,5,3,4,1,4,4,4,4,,,5,5,5,4,4,4,4,5,5,3,4,4,5,4,,4,4,3,6,4,3,3,5,4,4,4,3,4,4,4,,,23.0,4,4,3,4,4,4,4,3,4,3,3,5,5,3,4,6,4,2,5,7.0,4,4,7.0,3,4,4,4,4,4,5,4,4,,3,5,5,4,4,4,5.0,4,3,0,3,5,4,,3,5,4,4,4,5,5,4,6,3,3,19.0,5,5,0,,4,4,4,4,4,4,3,5,5,4,3,4,4,1,3,3,4,4,3,4,5,5,5,4,4,5,4,14.0,4,3,5,5,11.0,4,5,3,5,5,3,4,4,5,,4,0.0,4,3,5,5,4,5,4,4,2,6.0,5,4,4,6,5,4,4,4,4,0,4,3,4,3,2,4,4,4,4,5,5,5,4,5,4,4,,3,4,4,6,5,,4,4,5,4,4,4,7.0,5,4,4,,5,4,4,,24.0,0,4,5,4,4,4,5,5,0,12.0,,13.0,4,6,5,4,4,4,,5,,,4,5,14.0,5,2,4,5,7.0,4,,,5,5,,4,,5,5,13.0,,4,25.0,,,8.0,19.0,,5,,,4,17.0,5,4,4,4,4,7.0,8.0,4,5,,4,5,4,4,5,,,4,4,4,4,4,4,4,,13.0,4,4,,5,5.0,6.0,5,4,,4,,5,4,5,6,,,4,8.0,4.0,5,4,5,,5,5,5,,9.0,,5,5,5,5,6.0,4,7.0,24.0,4,11.0,,5,22.0,5,5,,16.0,5,25.0,5,4,,5,5,4,5,0,6,21.0,,4,,22.0,,,,21.0,4,4,15.0,,5,21.0,4,5,,4,12.0,5,,5.0,,,,5,4,9.0,10.0,5,27.0,0.0,5,,,,4,5,6.0,21.0,,,19.0,5,,7.0,5,,,5,,4.0,,25.0,17.0,,25.0,16.0,12.0,15.0,25.0,23.0,4,6,17.0,,19.0,4,5,5,4,4,,5,5,24.0,4,,3,13.0,4,5,,10.0,4,,4,,,,4,5,,6,5.0,,5.0,21.0,4,8.0,11.0,,8.0,4,,5,4.0,,19.0,5,,,5,4.0,3,13.0,,3,4,,,,,5,23.0,,8.0,,7.0,,3,,11.0,,,5,14.0,,4,,19.0,5,,17.0,4,18.0,,,,,4,,,,4,,8.0,,4,,,,,5,,5,3,4,,,,5,4,,,4,4,5,11.0,5,4,21.0,5,5,5,5,,6,5,5,3,5,7.0,,4,6,,5.0,,,15.0,,,11.0,,5,,5,4,6,,4,5,5,4,6,,,,,,4,,,,10.0,14.0,17.0,17.0,4,13.0,,4,,5,11.0,13.0,20.0,5,5,,,22.0,,7.0,5,11.0,,5,14.0,,,,,,,,,0.0,5,,,,87,7,1.9431736588368023,-0.7939398312104476
5,4,4,4,3,4,4,5,5,6,1,4,4,4,4,4,4,4,4,4,4,3,5,4,5,5,5,4,2,4,4,4,5,5,5,4,0,5,5,5,5,4,4,6,4,4,4,5,5,5,5,4,5,5,4,5,5,5,4,5,5,5,3,3,4,4,5,5,4,4,5,5,6,5,4,5,5,4,4,4,2,4,3,3,4,5,3,4,5,4,4,2,4,4,5,5,3,5,5,4,4,5,5,5,5,3,3,3,4,5.0,5,6,5,4,3,4,4,5,5,5,5,1,5,4,4,4,5,4,3,3,5,4,4,4,5,5,5,4,5,5,5,4,3,0,5,4,5,4,5,5,5,4,4,4,4,4,5,5,4,4,2,4,4,4,4,4,3,5,4,4,4,5,4,4,0,5,5,5,4,4,4,5,5,3,4,5,4,0,4,4,4,3,5,5,5,5,5,4,4,2,5,4,7,4,5,5,5,4,4,4,4,4,1,5,4,4,5,5,4,5,5,4,4,4,5,5,2,5,5,4,4,5,5,4,4,5,4,5,5,5,5,5,4,4,5,4,6,5,5,3,5,5,4,4,4,4,3,5,4,5,5,4,5,4,5,5,5,6,4,4,5,4,5,5,5,5,5,5,4,5,4,4,3,3,5,4,4,3,4,6,4,5,5,5,5,4,4,6,5,5,4,4,5,4,5,5,4,5,4,5,4,5,5,5,4,6,5,5,4,5,5,5,5,5,2,4,4,4,5,3,6,5,6,4,6,6,5,5,4,5,3,5,4,5,6,5,5,5,,5,5,4,5,4,6,4,4,4,5,6,5,5,4,4,5,4,3,4,4,6,5,3,4,4,6,3,5,4,5,5,5,5,,15.0,5,5,6,5,5,5,5,6,5,4,5,4,6,5,18.0,5,4,4,6,5,4,3,6,5,5,5,5,4,5,5,17.0,,7.0,4,4,3,4,5,4,5,3,5,4,4,5,5,4,4,6,5,3,6,0.0,5,4,25.0,5,4,5,5,5,4,5,5,5,,4,6,5,4,5,5,10.0,5,4,4,4,5,4,,4,5,5,4,5,5,5,5,6,4,4,0.0,5,5,4,10.0,4,5,5,5,5,5,4,6,6,4,4,5,4,4,4,4,5,5,5,5,6,6,6,6,5,6,4,,3,4,5,5,27.0,4,5,5,6,6,2,5,4,6,20.0,5,,5,4,5,5,5,6,4,5,4,,6,5,5,5,5,5,5,5,4,4,5,4,5,4,4,4,5,4,7,6,5,6,5,7,5,4,,5,5,4,6,6,9.0,4,5,6,5,5,5,,5,4,4,,6,5,5,,5.0,0,5,5,5,0,5,4,5,5,8.0,,12.0,5,7,5,5,4,5,,6,,,4,6,,5,5,4,6,8.0,4,,17.0,5,6,,5,,6,5,7.0,,5,13.0,8.0,,7.0,29.0,,5,,28.0,5,12.0,5,4,4,5,5,21.0,5.0,5,6,,4,5,5,5,6,,,5,4,5,5,4,5,5,,14.0,4,5,,6,,15.0,5,5,,4,22.0,6,5,5,6,,7.0,4,9.0,,6,4,5,,5,6,6,,,,6,5,6,5,,5,,18.0,2,19.0,,5,5.0,6,6,,18.0,6,,5,4,,5,6,5,6,5,6,,,5,28.0,,,14.0,18.0,12.0,4,4,,,6,13.0,5,5,,5,26.0,5,,7.0,,,,5,5,15.0,13.0,5,15.0,,5,,,,5,5,,10.0,,,13.0,6,,,6,,,5,,10.0,,17.0,8.0,,,,19.0,,8.0,5.0,5,6,,21.0,,5,5,5,4,5,11.0,5,5,14.0,5,14.0,4,27.0,5,6,,18.0,5,,4,23.0,,,5,6,,6,25.0,,22.0,21.0,5,29.0,15.0,,,5,,5,4.0,6.0,,6,13.0,,5,10.0,4,,,4,5,,,,,6,0.0,11.0,18.0,,11.0,,6,,,,,5,8.0,,4,,,5,,,5,14.0,,,,25.0,4,10.0,,18.0,4,,,,5,,,11.0,,6,,6,5,5,,16.0,0.0,6,5,,,5,5,6,9.0,6,5,9.0,5,5,5,6,,6,5,5,4,6,9.0,6.0,6,6,,7.0,13.0,,,,,27.0,,6,,5,5,7,,6,5,7,5,7,,,,,,4,11.0,,15.0,26.0,,,21.0,5,15.0,,6,,5,20.0,5.0,11.0,6,5,,,7.0,,23.0,5,7.0,8.0,5,24.0,,,,,,22.0,,,13.0,5,,,,88,7,1.963231590611461,-0.770106313833855
4,4,3,4,3,3,4,3,4,3,4,4,4,3,4,4,3,3,4,4,4,3,5,3,4,4,4,3,1,4,3,4,4,4,4,3,3,4,4,4,4,3,3,5,3,4,3,3,3,5,5,3,4,3,4,4,4,4,3,4,4,4,3,3,3,4,4,5,3,4,4,4,6,5,4,2,4,4,4,3,3,3,2,3,3,4,3,3,4,4,4,4,4,3,4,4,3,5,4,4,4,4,5,4,4,3,3,3,4,5.0,5,5,4,3,3,3,1,4,4,5,5,2,4,4,4,4,4,4,2,3,4,4,4,3,4,4,4,3,0,4,4,4,3,4,4,3,4,4,4,4,4,3,3,3,3,3,4,2,4,4,1,4,4,4,4,0,3,4,3,3,3,4,3,4,4,5,4,4,4,3,0,2,4,3,3,5,4,3,4,4,4,3,5,5,4,4,4,4,4,3,4,4,6,4,4,4,4,4,4,4,3,3,3,4,3,4,4,4,4,4,4,3,4,4,4,4,3,4,4,4,4,3,4,3,4,4,4,4,4,5,5,5,4,4,4,1,5,5,4,3,4,4,3,4,3,3,3,4,4,5,5,3,4,3,5,5,5,5,4,4,4,4,4,4,4,4,5,4,3,4,2,4,3,3,4,4,4,4,4,5,3,4,4,5,3,3,3,5,0,5,3,3,4,3,4,4,3,4,4,4,4,4,4,5,4,5,4,4,3,5,4,4,4,4,5,4,4,4,5,2,5,5,5,2,5,5,4,3,3,3,3,5,4,4,5,4,4,4,,4,4,3,3,4,5,3,3,4,5,5,4,3,3,2,4,3,3,0,3,5,4,3,4,4,4,4,4,3,4,4,4,4,29.0,3.0,4,0,5,4,4,4,4,5,4,1,3,3,5,4,,4,4,4,5,4,3,3,5,4,4,4,4,4,4,4,,,,3,4,2,3,4,3,2,2,4,4,3,5,4,4,4,5,4,2,5,22.0,2,3,,4,3,4,4,4,4,5,5,4,,3,5,5,3,5,4,,4,4,4,4,5,4,,3,5,0,4,4,5,4,4,5,3,3,33.0,5,4,4,,4,4,4,4,4,4,3,5,5,4,3,5,4,3,3,3,4,4,4,4,5,5,5,5,4,5,4,10.0,4,4,5,4,,4,5,4,5,5,4,4,4,5,24.0,4,,4,3,4,5,2,6,3,4,3,,5,4,4,6,5,5,4,4,4,4,4,4,4,4,4,2,4,4,6,5,5,5,3,5,5,4,,4,4,4,5,5,28.0,4,4,5,4,3,4,33.0,5,4,4,,5,4,4,,7.0,5,4,5,4,4,4,4,5,4,8.0,,,4,7,5,5,2,4,,5,,,4,5,,4,4,4,5,,4,,,5,5,,5,,5,5,15.0,,5,11.0,,29.0,,11.0,,5,,6.0,4,14.0,5,4,4,5,4,,12.0,4,5,,4,5,4,4,5,,,4,4,4,4,4,4,4,,,4,5,,5,,8.0,5,4,,4,28.0,5,4,4,6,,0.0,4,27.0,16.0,5,4,5,,5,5,5,,8.0,,5,5,5,5,,5,6.0,34.0,4,32.0,,5,12.0,5,5,32.0,19.0,5,12.0,4,4,6.0,5,6,4,5,4,6,,,4,,7.0,4.0,10.0,17.0,18.0,4,4,,,5,,4,4,,4,8.0,5,31.0,8.0,,,,5,5,7.0,4.0,5,10.0,,5,,,,4,5,,11.0,,26.0,17.0,5,,5.0,5,,,4,,25.0,,12.0,6.0,,33.0,17.0,33.0,22.0,25.0,21.0,5,6,17.0,31.0,4.0,4,4,5,4,4,,5,4,22.0,4,13.0,3,5.0,4,4,,13.0,5,,4,18.0,,,4,5,,5,8.0,,,15.0,4,6.0,20.0,,11.0,4,,4,12.0,21.0,,5,8.0,,5,24.0,4,5.0,,4,4,,,,,5,,,11.0,4.0,,,5,,,,,4,0.0,,4,,,4,,,5,29.0,,20.0,,,4,23.0,,28.0,4,,,,4,,,,,5,7.0,5,0,5,,13.0,10.0,5,4,,,4,4,5,34.0,5,4,,5,4,5,5,,5,5,5,3,5,9.0,,5,6,,8.0,12.0,,,,,29.0,,4,,5,4,6,,5,5,6,5,6,13.0,,,,25.0,4,,,14.0,27.0,22.0,9.0,12.0,4,29.0,,5,,4,,,17.0,5,4,,22.0,16.0,,14.0,4,,12.0,5,8.0,,,,,,,,,12.0,6,,,,89,7,2.1147255002565397,-0.8096083957586511
4,4,3,3,3,3,3,3,4,4,3,3,3,3,4,3,3,3,3,3,3,3,4,3,4,4,4,4,3,3,3,4,4,4,4,3,3,4,4,4,4,3,3,5,1,3,3,4,3,4,4,3,4,4,3,4,4,4,3,4,4,4,2,2,3,3,2,5,3,3,4,4,5,4,3,4,4,3,4,3,3,3,2,2,3,4,3,2,3,3,4,4,4,3,4,4,3,4,4,4,4,3,4,4,4,2,3,2,4,,5,5,4,3,2,3,3,4,4,5,4,1,4,4,4,4,4,3,2,2,4,3,3,3,4,4,4,3,4,4,4,3,2,3,3,3,4,3,3,4,4,4,3,3,3,3,4,4,3,3,2,3,3,3,4,0,2,4,3,3,3,4,3,3,3,4,4,4,4,3,3,4,4,2,3,5,3,3,3,3,3,3,4,4,4,4,4,4,3,4,4,3,6,3,4,4,4,4,3,3,3,2,2,4,3,3,4,4,4,4,4,3,3,3,4,4,3,4,4,4,3,4,4,3,3,4,3,4,4,4,4,4,4,3,4,3,4,4,4,1,4,4,3,3,2,3,3,4,3,4,4,4,4,3,4,4,4,4,4,3,4,4,4,4,4,2,4,4,3,4,3,3,3,2,4,3,3,3,3,4,3,4,3,4,4,3,3,5,4,4,3,3,4,3,4,4,3,4,3,4,3,4,4,4,3,5,4,4,3,4,3,4,4,4,4,4,3,3,4,1,5,4,4,2,5,5,4,4,3,4,3,5,4,4,5,4,4,4,13.0,4,4,3,4,3,4,3,3,3,4,4,4,3,2,3,0,3,3,3,3,5,4,3,3,4,0,3,4,3,4,4,4,4,8.0,,4,4,5,4,4,4,4,5,4,1,4,3,5,4,13.0,4,3,3,5,4,3,3,4,4,4,4,4,3,4,4,9.0,14.0,5.0,3,3,3,3,3,3,4,3,4,0,3,4,4,3,2,5,0,0,4,,4,3,,3,1,4,4,4,4,4,4,3,,3,5,4,3,4,4,8.0,4,3,3,3,4,4,,3,5,2,4,4,4,4,4,5,2,3,21.0,5,4,3,,3,4,4,4,4,4,3,5,5,3,3,4,3,3,3,3,4,4,3,4,4,5,4,5,3,5,3,,3,3,4,4,,3,5,4,5,5,3,4,4,5,,4,,4,3,4,5,3,5,3,4,2,,5,4,4,6,5,5,4,4,3,3,4,3,4,3,4,3,4,4,6,4,4,5,4,5,4,4,,4,4,4,4,5,,3,4,5,3,4,4,14.0,5,3,4,,4,4,4,,31.0,4,4,4,4,3,4,4,5,4,6.0,,28.0,4,7,4,4,3,4,0.0,5,,,3,3,5.0,4,4,3,5,25.0,3,19.0,,5,5,,4,,5,5,,,4,,13.0,13.0,14.0,19.0,,4,,,4,21.0,5,4,3,4,4,9.0,10.0,4,5,,4,5,3,4,5,,,3,4,4,4,3,4,3,,13.0,4,4,,4,,28.0,4,4,,4,12.0,5,3,4,6,,0.0,4,16.0,16.0,5,4,5,,4,4,4,,11.0,,5,5,4,4,16.0,4,11.0,4.0,4,6.0,,4,19.0,5,4,,,5,14.0,4,4,25.0,4,5,4,5,4,6,23.0,,4,12.0,22.0,,,,4.0,3,3,,,5,4.0,4,4,,4,20.0,4,34.0,,,,,4,4,11.0,,5,,,4,,,,4,4,,,,28.0,11.0,4,,,5,,,4,,13.0,,27.0,,,24.0,7.0,7.0,22.0,,13.0,4,5,11.0,,0.0,4,4,4,3,4,34.0,4,4,4.0,4,17.0,3,6.0,4,5,,22.0,4,,4,,,,4,4,,5,8.0,,10.0,,4,8.0,13.0,,4.0,4,,4,31.0,4.0,7.0,5,6.0,,4,34.0,3,,,3,4,,,,,5,22.0,9.0,18.0,7.0,,,5,,23.0,,,4,28.0,,4,,,5,,,4,17.0,,10.0,,,4,8.0,,32.0,4,,25.0,,4,,,,,5,22.0,4,4,4,,16.0,,4,4,,,5,4,5,7.0,5,4,9.0,4,4,4,5,,4,4,4,3,5,,,5,6,,14.0,6.0,,17.0,,,5.0,,5,,4,4,5,9.0,5,4,5,4,5,28.0,,,,,3,,,29.0,10.0,5.0,12.0,,4,7.0,,3,,4,,20.0,0.0,5,4,,20.0,29.0,,7.0,4,5.0,5.0,4,,,,,,,,,,4.0,5,,,,90,7,2.0603164817098225,-0.7977172449403568
7,6,6,6,6,6,6,5,6,6,6,6,5,3,5,6,6,6,6,3,6,6,7,6,7,7,7,6,6,6,6,7,7,7,7,6,6,7,7,6,6,5,6,7,5,6,6,6,7,7,7,6,7,6,7,6,7,7,6,7,6,6,4,6,5,4,7,7,6,6,6,7,8,6,6,7,7,7,6,6,6,6,5,5,6,7,4,6,7,6,6,7,6,4,4,5,6,0,0,6,3,5,7,6,7,6,6,5,6,,7,8,7,5,5,6,5,7,6,7,7,5,7,6,6,6,7,6,5,4,6,6,6,6,7,6,6,6,7,7,7,6,5,6,7,6,7,6,7,6,7,6,5,6,6,6,7,7,6,7,5,6,6,6,6,5,6,5,5,5,6,5,5,6,6,7,0,5,6,6,6,6,7,5,5,6,6,6,6,6,5,6,7,7,7,7,6,6,6,6,5,6,8,6,6,6,5,6,7,6,6,6,6,6,5,6,7,7,6,7,6,6,6,6,7,7,6,7,6,6,6,6,5,6,6,7,6,7,6,7,7,7,7,7,7,6,7,6,7,6,7,6,6,6,6,6,6,6,6,7,7,6,7,6,5,6,6,7,7,6,6,7,7,7,7,4,7,6,6,7,4,6,6,6,6,6,7,7,6,7,5,6,6,6,6,6,6,7,7,7,6,6,7,6,7,6,6,7,6,7,6,6,6,7,6,8,6,7,6,6,6,7,7,6,0,6,6,6,7,6,8,6,6,6,8,7,6,6,6,6,5,7,6,6,7,7,6,7,21.0,7,7,6,5,6,7,6,6,6,6,6,6,6,5,6,7,6,6,6,6,8,7,5,6,6,7,6,7,5,7,7,6,7,18.0,23.0,7,7,8,7,7,7,7,7,7,6,7,6,7,7,8.0,6,7,6,8,6,5,5,6,6,7,6,7,6,7,2,13.0,,21.0,6,6,6,5,6,6,6,6,6,5,6,7,7,6,7,8,0,4,7,28.0,7,6,,4,6,7,6,7,6,7,7,6,,2,7,6,6,7,6,,6,0,6,6,7,7,,6,7,6,6,6,7,7,7,8,6,6,7.0,7,7,5,6.0,6,7,6,6,6,7,5,7,7,6,6,7,6,5,4,6,6,7,5,0,7,7,7,7,6,7,5,,7,6,4,7,13.0,6,7,2,8,8,6,7,7,7,7.0,6,,6,5,7,7,6,7,6,7,5,31.0,8,0,7,8,7,7,6,6,5,6,7,6,7,6,6,6,5,7,9,8,7,7,7,7,7,7,,5,6,7,7,7,6.0,6,6,7,7,6,6,14.0,7,6,7,,7,6,7,,8.0,7,7,7,7,7,7,7,7,6,7.0,,21.0,7,10,7,6,6,7,,7,18.0,,7,5,11.0,7,6,6,8,21.0,5,28.0,,7,8,22.0,7,,7,7,24.0,,7,,,24.0,13.0,,,8,,,7,,6,7,7,7,7,23.0,19.0,7,7,,7,7,6,6,7,,,6,6,7,7,7,6,7,,22.0,7,7,,7,18.0,9.0,7,7,,7,23.0,8,7,7,7,,26.0,7,17.0,6.0,8,7,8,26.0,7,7,6,,9.0,,7,7,4,6,14.0,7,,27.0,3,21.0,,7,7.0,8,7,,16.0,8,,7,7,12.0,7,7,7,7,7,8,,,7,11.0,11.0,,7.0,,19.0,6,5,0.0,,7,,7,6,,7,19.0,7,,7.0,,,,7,6,30.0,21.0,6,,,7,,,,6,7,11.0,16.0,,,,7,,,8,,,7,,,,14.0,14.0,,,,16.0,18.0,,8.0,7,7,16.0,13.0,31.0,7,7,8,6,5,,7,7,24.0,7,,5,,6,7,,17.0,7,,6,24.0,,,7,7,,8,,,29.0,24.0,5,29.0,25.0,9.0,29.0,7,,7,7.0,31.0,18.0,7,18.0,,7,24.0,6,,,6,7,,,,,8,,,29.0,28.0,11.0,,7,9.0,9.0,,,7,8.0,,7,,18.0,7,,,7,,,0.0,,31.0,6,,,18.0,6,,,,7,,,,,8,23.0,7,6,7,,,20.0,7,7,,,6,6,7,,8,6,,7,7,8,8,,8,8,7,6,7,22.0,13.0,6,7,,27.0,,,18.0,,,7.0,,8,,7,7,7,24.0,7,7,7,6,7,,,,,,6,11.0,,27.0,15.0,18.0,,,6,,,7,,6,,,18.0,7,7,,9.0,,,12.0,7,19.0,,7,18.0,,,,,,12.0,,,28.0,8,,,,91,7,2.075408163265306,-0.7568668967814923
4,4,5,5,5,5,4,3,5,6,4,5,4,3,5,5,5,4,5,4,4,2,5,4,5,5,5,2,4,4,4,4,1,5,5,4,4,5,5,4,4,4,4,6,4,5,5,5,4,5,5,4,5,5,5,5,5,5,4,5,5,5,4,4,4,5,5,6,4,4,4,5,6,5,4,5,5,5,5,5,3,4,3,3,2,5,3,4,5,5,5,5,5,4,5,5,4,6,5,5,5,5,6,5,6,4,4,4,5,7.0,6,6,5,4,4,4,4,5,5,5,6,3,6,5,5,5,5,4,4,4,5,5,5,4,5,5,3,4,5,5,5,3,4,5,5,4,5,4,6,6,5,4,4,4,5,5,6,5,5,5,3,5,5,4,5,0,3,5,4,4,4,5,4,4,5,6,5,5,4,5,4,5,6,4,4,6,4,4,5,4,5,4,6,6,5,5,5,5,5,5,5,5,7,5,5,5,5,5,5,4,4,4,1,6,5,5,5,5,5,5,5,4,4,4,5,5,4,5,5,5,5,5,5,4,4,5,4,5,5,5,5,5,5,3,5,5,6,6,5,4,5,4,4,4,5,5,4,6,5,0,5,4,6,5,5,5,6,6,0,4,6,5,5,6,6,5,6,6,5,4,4,5,4,4,5,4,5,4,4,6,4,5,5,5,6,5,4,6,5,5,5,4,5,4,5,5,5,5,5,5,5,5,5,5,5,6,5,5,4,6,5,5,6,5,6,5,4,5,5,4,6,5,6,4,6,6,4,4,3,4,4,6,5,5,6,5,5,6,5.0,6,6,5,5,5,6,4,5,5,5,6,5,4,4,5,5,4,4,4,5,6,5,4,0,4,6,4,5,5,6,5,5,6,17.0,,6,6,6,5,5,5,5,6,6,4,5,4,6,5,16.0,5,5,5,7,6,4,4,6,5,5,5,6,4,5,5,34.0,,23.0,4,5,5,4,5,5,4,4,5,5,4,6,5,4,2,6,3,4,6,11.0,5,4,5.0,5,5,5,5,5,5,6,6,5,,4,6,5,4,5,5,,6,4,4,5,6,5,,5,6,5,5,5,6,5,6,7,5,4,0.0,6,5,5,18.0,4,5,5,5,5,4,5,6,6,4,5,5,4,5,3,5,5,6,5,5,6,6,6,6,5,6,4,,5,5,5,5,,4,6,5,6,6,4,5,5,6,,6,,5,5,5,6,4,5,5,5,4,7.0,0,5,2,6,6,6,5,5,5,3,5,4,5,5,5,4,5,5,7,6,5,6,5,7,6,3,,5,5,5,7,6,,5,5,6,5,5,5,14.0,6,5,5,,6,5,5,,9.0,6,5,6,5,5,2,5,6,5,10.0,,18.0,5,8,6,6,4,5,,6,,,5,6,0.0,5,5,5,6,,5,,10.0,6,6,8.0,6,,6,6,20.0,,5,,25.0,20.0,10.0,12.0,,6,,,5,34.0,6,5,5,5,5,,,5,6,,5,5,3,5,6,,,5,5,5,6,5,5,5,,,5,5,,6,,27.0,5,5,,5,16.0,5,5,6,5,,7.0,5,,23.0,6,5,6,9.0,6,6,6,,34.0,,6,6,6,6,20.0,6,14.0,9.0,5,,,6,,6,6,17.0,8.0,6,7.0,5,5,23.0,5,4,5,6,6,7,,,5,32.0,16.0,,,19.0,25.0,4,5,,,6,14.0,5,5,,5,14.0,6,30.0,11.0,,,,6,5,6.0,,5,22.0,,5,,,,6,5,,13.0,,,11.0,6,,28.0,6,,,6,,18.0,,,25.0,,13.0,33.0,5.0,11.0,,,6,6,24.0,9.0,11.0,5,5,6,5,5,27.0,6,5,32.0,5,21.0,4,,5,6,,9.0,6,,5,7.0,,,6,6,,7,,,15.0,32.0,6,9.0,,,,5,,5,8.0,7.0,,6,14.0,,6,6.0,0,26.0,,5,5,,,,,6,30.0,34.0,,11.0,12.0,,6,,32.0,,,6,5.0,,5,,,5,,17.0,6,,,27.0,,,5,10.0,,19.0,5,,,,5,,,9.0,,6,24.0,7,6,5,,24.0,28.0,5,5,,,6,6,6,25.0,5,5,,6,5,6,6,,7,6,6,4,6,,9.0,6,7,,,,,0.0,,,20.0,,6,,6,5,7,,5,6,7,5,6,18.0,,0.0,,,5,,,15.0,11.0,23.0,,,5,6.0,,7,,5,9.0,20.0,24.0,6,5,,,5.0,,19.0,5,31.0,,6,33.0,,,,,,22.0,,,17.0,6,,,,92,7,2.114585455286208,-0.7640585367660658
7,6,6,7,6,6,7,7,7,8,6,7,7,5,7,6,6,6,6,6,5,6,7,4,5,5,3,2,5,0,5,1,5,5,1,5,5,5,4,5,4,6,6,8,6,6,6,5,3,7,0,6,7,7,7,7,7,7,6,7,7,7,5,6,6,6,7,8,6,7,7,7,8,7,6,6,6,7,6,6,6,6,5,6,6,6,5,6,7,6,7,7,7,5,7,7,5,7,7,7,6,7,7,7,7,6,6,6,7,,8,8,7,5,6,5,5,6,7,7,7,5,8,6,7,7,7,6,6,6,7,6,6,6,7,5,5,6,7,7,6,6,6,6,7,6,7,6,8,7,7,5,6,6,6,7,8,7,6,7,5,7,6,6,6,4,6,7,6,6,5,5,6,6,7,8,7,7,8,6,6,7,7,6,6,8,7,6,6,6,6,7,8,7,7,7,7,7,7,7,7,6,8,7,7,7,7,7,7,6,5,6,6,8,7,6,7,7,7,7,7,7,7,7,7,7,6,7,7,6,6,7,7,6,6,7,6,7,7,7,7,7,6,7,7,6,8,8,7,6,7,4,6,7,6,6,6,7,6,7,7,5,7,6,7,8,8,8,7,6,7,7,7,7,7,7,8,8,6,7,6,6,6,6,7,6,7,7,7,8,6,7,7,7,7,2,6,6,7,7,6,6,6,6,7,7,6,7,6,7,7,7,7,7,6,8,7,7,6,7,7,7,7,7,7,7,6,7,7,6,8,7,8,5,0,7,6,6,5,5,6,8,7,6,8,7,7,7,9.0,8,7,7,7,6,8,6,6,6,7,8,7,5,6,6,7,6,6,5,7,8,5,6,6,7,8,6,7,7,7,7,7,8,9.0,0.0,7,8,8,7,6,7,7,8,8,6,7,7,8,7,9.0,7,7,7,7,7,5,5,8,7,7,5,7,6,7,7,28.0,,14.0,4,7,6,6,6,6,6,4,7,6,5,7,7,7,7,8,7,5,8,,5,0,6.0,7,6,6,5,6,7,7,7,5,,6,7,7,6,7,6,20.0,7,6,6,6,7,7,,6,8,7,7,7,7,6,7,0,6,6,,8,8,6,30.0,6,6,6,7,7,6,6,8,8,7,6,7,6,6,6,6,7,7,7,8,8,8,8,9,7,8,7,18.0,6,7,8,7,27.0,7,8,7,8,8,6,7,6,7,,7,,7,6,7,8,7,8,6,7,4,13.0,7,7,7,9,8,6,7,7,6,7,5,6,6,6,7,7,7,7,8,6,7,8,7,8,7,6,,6,7,7,8,8,21.0,7,7,8,7,7,7,,8,7,7,,7,6,7,,,7,7,8,6,7,5,7,5,7,8.0,,32.0,7,8,7,7,6,7,,8,,,7,8,25.0,7,7,6,8,16.0,7,17.0,,8,8,32.0,8,,7,8,,,7,21.0,18.0,10.0,14.0,,,7,,,7,,7,7,7,7,7,17.0,,7,0,,7,8,6,6,8,,,7,7,7,7,7,7,7,,25.0,7,7,,7,,24.0,8,7,,7,,8,7,7,9,,9.0,6,,19.0,8,7,8,,7,8,8,,24.0,,8,8,8,7,,7,,,7,21.0,,7,34.0,8,8,8.0,12.0,8,16.0,6,7,,7,8,7,8,8,8,7.0,,7,16.0,,,23.0,29.0,11.0,7,6,14.0,,8,32.0,6,7,,7,18.0,8,,11.0,,,,8,8,,,8,32.0,,7,,,,8,7,28.0,9.0,,11.0,25.0,7,,16.0,8,,,7,,,,,8.0,,22.0,17.0,22.0,8.0,,12.0,7,8,33.0,,11.0,7,7,8,6,7,28.0,8,6,19.0,7,33.0,6,12.0,7,8,,12.0,7,,7,25.0,,,7,8,,8,15.0,,14.0,10.0,7,21.0,20.0,22.0,24.0,7,,6,,19.0,,8,17.0,,8,22.0,6,8.0,,7,6,,,,,8,9.0,,,23.0,18.0,,7,29.0,19.0,,,7,,,7,,7.0,6,,,7,33.0,,7.0,,,7,11.0,,,7,,20.0,,6,,,29.0,,8,,8,7,7,,,,8,6,0.0,,7,7,7,19.0,8,7,,7,7,7,8,,8,8,8,6,7,15.0,,8,8,,14.0,,,29.0,,,23.0,,8,,7,0,9,8.0,6,8,9,8,9,,,,,,6,31.0,,17.0,20.0,14.0,,31.0,6,13.0,,8,,6,34.0,,,7,6,,,21.0,,,7,17.0,0.0,7,21.0,,,,,,,,,25.0,8,,,,93,7,2.148958442374127,-0.742611675515647
4,4,3,3,3,4,4,4,4,5,4,4,3,4,4,3,4,3,3,4,4,3,5,3,4,4,4,4,3,4,4,4,5,5,5,4,4,5,4,4,4,3,4,6,3,3,1,4,4,5,5,4,4,4,4,4,4,4,3,4,4,3,2,3,3,4,4,5,4,3,4,4,5,5,3,5,5,3,4,4,4,3,2,3,3,4,3,3,4,4,4,4,4,4,4,4,4,5,4,4,4,4,5,4,3,3,3,3,4,,5,5,5,4,3,3,4,4,4,5,4,2,5,4,4,4,4,4,3,3,4,3,3,4,4,4,4,2,4,4,4,4,3,3,4,3,4,3,4,4,4,4,0,3,3,4,4,3,3,4,2,4,4,3,4,3,2,4,3,3,3,4,3,3,3,4,5,4,4,3,0,4,4,3,3,5,4,3,4,4,4,3,5,4,4,4,4,4,4,4,5,3,7,4,4,4,4,4,4,3,2,3,1,4,4,4,4,4,4,4,4,3,4,4,4,4,3,4,4,4,4,4,4,3,4,4,3,4,4,5,4,5,4,4,4,4,5,5,4,2,4,4,3,3,3,3,3,5,4,4,5,4,4,4,4,5,5,5,4,3,4,4,2,4,4,4,5,4,4,5,3,4,3,1,4,4,4,4,4,5,3,4,4,5,4,3,3,5,5,5,3,3,4,3,4,4,4,5,4,4,4,4,4,5,4,5,4,4,4,5,3,4,4,4,5,4,4,4,5,3,6,4,5,3,5,5,4,4,4,4,3,5,4,4,5,4,4,4,5.0,5,4,3,4,3,5,3,3,4,5,5,4,4,3,3,4,3,3,3,2,4,5,3,4,4,5,4,4,3,4,4,4,2,,,4,4,5,4,4,4,4,4,4,1,4,3,4,4,0.0,5,4,4,5,4,3,3,5,5,4,4,4,4,4,4,10.0,,26.0,4,4,2,3,4,4,4,3,4,4,3,4,4,4,4,5,4,2,5,,5,4,5.0,4,3,5,4,4,4,0,4,4,,4,5,5,3,5,4,17.0,5,4,4,4,4,4,,3,5,4,4,4,5,5,4,6,3,3,28.0,5,5,4,11.0,4,4,4,4,4,4,4,6,5,3,3,4,4,3,3,3,5,3,4,5,5,5,5,6,4,6,4,14.0,4,4,5,5,26.0,4,5,4,5,5,3,5,4,5,16.0,5,,5,4,5,5,4,6,3,4,3,10.0,5,5,4,6,5,5,4,4,4,4,4,3,5,0,4,4,4,4,6,0,5,5,4,6,5,4,,4,4,4,6,5,17.0,4,4,5,4,4,4,14.0,5,4,4,,5,4,4,,27.0,5,4,5,5,4,5,4,4,4,,,13.0,4,5,4,5,4,4,,5,26.0,,4,5,10.0,5,4,3,5,8.0,4,6.0,5.0,5,5,5.0,3,,6,5,,,5,4.0,6.0,24.0,24.0,18.0,,5,,28.0,4,10.0,5,4,4,4,4,,19.0,4,6,,4,5,4,4,5,,,4,4,4,5,4,4,4,,15.0,4,4,,5,,14.0,5,5,,4,12.0,5,4,5,6,,18.0,4,26.0,14.0,6,4,5,,5,5,5,,6.0,,5,5,5,4,12.0,5,,,4,17.0,,5,6.0,5,5,,,5,28.0,5,4,,5,6,4,5,4,5,18.0,,4,15.0,9.0,8.0,23.0,7.0,11.0,4,4,,,5,20.0,5,5,,4,,5,,,,,,5,5,9.0,3.0,5,6.0,,5,,,,5,4,15.0,,,14.0,14.0,4,,,6,,,5,,26.0,,21.0,,,18.0,,18.0,,6.0,5.0,4,6,15.0,,22.0,4,4,4,4,5,,5,5,18.0,5,11.0,3,5.0,4,5,,,4,,4,,,,4,5,,6,20.0,,25.0,0.0,5,16.0,8.0,,13.0,4,,5,,23.0,28.0,5,,,5,,3,19.0,,3,5,,,,,5,16.0,17.0,,15.0,8.0,,5,,22.0,,,5,8.0,,4,,0.0,5,,25.0,5,8.0,,21.0,,,4,22.0,,9.0,4,,18.0,,4,,,12.0,,5,25.0,5,5,4,,,20.0,5,4,,,5,4,5,,5,5,8.0,5,5,5,5,,5,5,5,3,5,,0.0,5,6,,5.0,,,23.0,,,,,5,,5,4,6,,5,5,5,5,6,18.0,,,,,4,,,23.0,8.0,,18.0,,4,8.0,,4,,5,15.0,,,0,5,,11.0,,,5.0,5,17.0,,5,22.0,,,,,,,,,5.0,4,,,,94,7,1.9398969072164949,-0.7892057516428646
5,5,5,4,5,4,5,5,6,6,5,5,5,4,4,4,4,4,5,5,5,4,6,5,5,5,6,5,4,5,5,5,6,6,6,5,5,6,5,5,6,3,5,7,4,5,5,5,5,6,6,5,5,5,6,5,6,5,4,6,4,4,4,5,4,5,6,6,5,5,5,6,7,0,5,6,6,4,5,5,3,4,4,4,4,5,3,4,5,5,5,6,5,5,5,5,5,5,5,5,5,0,6,0,4,4,4,2,5,17.0,6,7,6,5,4,4,5,5,5,6,5,4,4,5,5,5,6,5,4,4,5,5,5,4,5,5,5,5,6,5,5,5,4,5,5,5,5,5,5,4,4,4,4,5,5,5,5,4,5,5,3,5,5,5,5,3,4,5,5,4,5,5,5,4,5,6,6,4,5,3,4,4,5,5,5,6,5,5,5,5,5,2,6,6,5,6,5,5,5,5,5,4,8,5,5,5,4,5,5,5,3,5,4,6,5,4,5,5,5,5,5,4,4,4,6,5,3,5,5,5,5,5,5,4,5,6,5,5,5,6,6,6,5,4,5,5,6,6,5,4,5,5,5,5,4,5,4,6,5,6,6,5,0,5,5,6,6,6,5,5,6,5,5,6,6,5,6,3,5,5,4,5,4,3,5,5,5,5,5,5,4,5,5,6,5,4,4,5,6,6,4,5,5,5,5,5,5,5,5,5,5,5,5,5,5,6,5,5,5,6,4,4,6,5,6,5,5,5,6,4,6,4,6,4,6,6,5,5,5,5,4,6,1,5,3,5,5,5,6.0,2,5,5,5,5,6,5,5,5,5,5,6,5,0,5,6,4,4,5,4,6,5,4,5,5,6,5,1,4,5,2,4,5,,16.0,5,5,5,5,5,5,3,5,5,4,4,4,5,4,11.0,6,5,5,6,6,3,5,6,6,5,5,6,5,5,6,,9.0,,5,5,5,4,5,5,5,4,6,5,5,6,6,5,5,7,5,4,6,,6,5,15.0,5,4,6,5,6,5,6,6,5,,5,7,6,5,6,5,31.0,6,5,3,5,6,5,,5,6,5,5,5,6,6,6,7,5,5,0.0,6,6,5,,5,5,5,5,5,5,5,7,7,5,5,6,5,5,4,5,6,6,5,6,6,5,6,7,6,7,5,,5,5,6,5,11.0,5,7,5,6,6,4,5,5,6,,6,,6,5,6,6,5,0,5,6,4,18.0,6,6,5,7,6,6,5,6,5,5,6,2,6,5,5,5,6,5,8,7,6,6,5,7,6,5,,5,5,6,7,6,16.0,5,5,6,6,5,6,,6,5,5,,6,5,6,,24.0,6,5,6,6,0,6,6,6,5,22.0,,,5,9,6,6,4,6,,6,14.0,,5,6,,6,6,5,6,9.0,5,,20.0,6,7,,5,,7,6,,,6,11.0,25.0,,,,,6,,,5,,6,5,5,6,5,11.0,28.0,5,7,,6,6,5,5,4,,,5,5,6,6,5,5,5,,8.0,5,6,,6,9.0,27.0,6,6,,5,,6,6,6,7,,6.0,5,10.0,,7,5,6,11.0,6,6,6,,10.0,,7,6,6,6,30.0,6,28.0,0.0,6,24.0,,6,23.0,3,6,15.0,30.0,7,,6,3,6.0,6,7,5,7,5,7,24.0,,6,25.0,12.0,6.0,,7.0,13.0,5,5,26.0,,6,27.0,6,6,,5,14.0,6,5.0,,,,,6,6,22.0,,6,29.0,,6,,,,5,6,11.0,29.0,,12.0,11.0,6,,11.0,6,,,6,,30.0,,22.0,33.0,,,11.0,23.0,17.0,30.0,,6,7,9.0,6.0,7.0,6,5,6,5,6,,6,6,10.0,6,33.0,4,28.0,6,6,,,6,,5,14.0,,,6,6,,6,,,13.0,9.0,6,11.0,24.0,21.0,,5,,6,,,30.0,6,8.0,,6,,5,25.0,,5,6,,,,,6,12.0,,12.0,10.0,9.0,,6,,23.0,,,6,,,5,,17.0,6,,,6,,,19.0,,,5,17.0,,16.0,5,,,,6,,,8.0,,0,4.0,4,6,5,,24.0,21.0,6,6,,,6,5,6,17.0,6,6,8.0,6,6,6,6,,7,6,6,4,6,,13.0,4,7,,,,,10.0,,,,,5,,6,5,7,17.0,6,6,6,6,7,,,,,,5,17.0,,,20.0,,8.0,28.0,6,24.0,,7,,6,,23.0,12.0,6,6,,,17.0,,9.0,6,21.0,,6,10.0,,,,,,,,,,7,,,,95,7,2.0614822856014987,-0.7684719959934647
5,5,4,5,4,1,5,5,5,6,5,5,4,4,5,5,4,4,4,4,4,4,5,4,5,5,5,5,2,4,4,5,5,5,5,5,5,5,5,5,5,4,4,6,2,5,4,5,5,6,6,4,5,5,5,5,5,5,4,5,5,5,4,1,4,5,5,6,5,5,5,6,6,5,4,6,6,5,5,5,4,4,3,4,5,5,3,4,4,5,5,5,5,4,5,5,4,0,5,5,5,5,5,5,5,4,4,4,5,8.0,6,6,6,5,3,4,5,5,5,6,5,3,6,5,5,5,5,5,4,4,5,4,4,4,5,5,0,3,5,5,5,5,4,4,5,4,5,5,6,5,5,5,4,4,4,3,6,5,4,5,3,5,5,4,5,4,4,5,4,4,4,5,4,4,5,6,5,5,6,5,4,5,5,4,4,6,5,4,3,4,5,5,6,5,5,5,5,5,5,5,5,3,6,4,5,5,5,5,4,4,4,4,4,5,5,2,5,5,4,5,5,4,4,5,5,5,4,5,5,5,5,5,4,4,0,5,4,5,5,5,5,5,5,4,5,5,5,6,5,3,5,5,4,5,4,3,4,6,5,5,6,4,5,5,5,6,5,6,5,4,5,5,5,5,5,5,6,5,4,5,4,5,4,0,5,4,5,5,5,6,4,5,5,5,5,5,3,5,5,5,4,4,4,4,5,5,4,5,5,5,5,5,5,6,5,6,4,5,4,5,5,5,6,5,6,5,5,5,6,4,6,5,6,4,5,6,5,5,5,5,4,6,5,5,6,5,5,5,29.0,6,6,4,5,5,6,4,3,5,3,6,5,5,4,4,5,4,2,4,5,6,6,4,5,5,4,5,5,4,5,5,5,5,,,6,5,6,5,5,5,5,6,6,4,4,4,6,4,26.0,5,5,5,7,5,4,4,4,5,5,5,5,5,5,5,,,21.0,5,5,4,4,5,5,5,4,5,4,5,5,5,5,5,7,5,4,6,9.0,5,4,,4,4,6,5,5,5,6,6,5,,5,6,6,5,6,5,5.0,5,5,5,5,6,5,,4,6,5,5,5,6,5,5,6,4,4,19.0,6,6,5,17.0,5,5,5,5,5,5,4,6,6,5,5,6,5,5,4,4,6,6,5,5,6,6,6,6,5,6,5,,5,5,6,4,22.0,5,6,5,6,6,4,5,5,6,7.0,6,,5,4,5,6,5,6,5,5,4,,6,5,5,7,6,6,5,5,5,5,5,4,5,5,4,5,5,5,7,6,6,6,5,7,5,5,,5,5,5,7,6,15.0,5,5,6,5,5,5,21.0,6,5,5,,6,5,5,,16.0,6,5,6,5,5,5,5,6,5,,,18.0,5,8,5,6,5,4,,6,,,5,6,,5,4,5,6,11.0,5,11.0,22.0,6,6,5.0,5,,5,6,0.0,,5,,5.0,,21.0,20.0,,6,,7.0,5,25.0,6,5,5,5,5,10.0,22.0,5,6,,5,6,5,5,6,,,5,5,5,6,5,5,5,,,5,6,,6,,27.0,6,5,,5,13.0,5,5,4,5,,,5,,,6,5,6,8.0,5,6,6,,18.0,,6,6,5,5,,5,10.0,,5,,,6,13.0,6,6,12.0,,6,21.0,6,5,,6,5,5,6,5,7,7.0,,5,,,,15.0,,25.0,4,5,,,6,20.0,6,6,,5,30.0,6,25.0,,,,,6,6,,6.0,6,23.0,,5,,,,6,6,,30.0,,12.0,21.0,6,,9.0,6,,,6,,,,7.0,16.0,,13.0,,6.0,9.0,,5.0,5,6,0.0,14.0,11.0,5,5,6,5,5,16.0,5,6,6.0,0,7.0,3,,5,6,,20.0,5,,5,10.0,,,5,6,,7,16.0,,,29.0,0,28.0,10.0,25.0,17.0,5,,6,21.0,25.0,21.0,6,7.0,,6,24.0,4,5.0,,4,6,,,,,6,15.0,23.0,,,18.0,,6,14.0,13.0,,,5,14.0,,5,,5.0,6,,5.0,6,,,15.0,,15.0,5,,,25.0,5,,8.0,,5,,,13.0,,6,19.0,5,5,5,,,26.0,6,5,,,6,5,6,15.0,6,6,,6,6,5,6,,6,2,0,4,6,,18.0,6,7,0.0,12.0,20.0,,26.0,,,,,6,,5,5,7,29.0,6,6,7,6,6,25.0,,,,,4,9.0,,22.0,,,17.0,,5,,,7,,6,19.0,,,6,6,,,,,22.0,6,,22.0,6,,,,,,,9.0,,,26.0,6,,,,96,7,2.0756216877293148,-0.7900193998673649
5,4,5,5,4,4,5,5,5,6,4,5,5,4,5,3,0,4,5,4,4,3,5,4,5,5,5,5,4,5,5,5,5,5,5,4,5,5,5,5,5,4,4,7,4,4,4,5,5,6,5,5,5,5,5,5,5,5,4,5,5,5,3,4,4,5,5,6,4,3,5,5,6,5,4,5,5,4,4,5,4,4,3,4,4,5,4,3,5,5,5,5,5,4,5,5,4,5,5,4,5,5,6,5,5,3,3,3,5,13.0,6,6,5,4,4,4,4,5,5,6,6,3,0,5,5,5,5,4,4,4,5,5,4,4,5,4,5,4,5,5,5,5,4,4,5,4,5,4,6,5,5,5,4,4,4,5,5,5,4,5,3,4,4,4,5,4,4,5,0,4,4,5,4,4,4,6,5,5,6,4,4,5,5,4,4,6,5,4,4,4,2,5,6,6,5,5,5,5,4,5,6,5,5,4,5,5,5,5,5,4,4,4,4,6,5,4,5,5,5,5,5,4,4,4,5,5,4,5,5,5,4,5,5,4,5,5,4,5,5,6,5,6,5,5,5,4,6,6,5,4,5,5,4,4,4,4,4,5,4,5,5,5,5,4,5,6,6,6,4,4,5,5,5,5,0,5,6,6,4,5,4,4,4,4,5,4,5,5,5,5,4,5,5,6,5,4,4,6,5,5,4,5,5,4,5,5,4,6,4,5,5,5,5,5,4,6,5,5,5,6,5,4,5,5,6,2,4,5,5,4,6,5,6,4,6,5,5,5,4,5,3,6,5,5,6,5,5,5,,5,6,4,5,4,6,4,4,4,6,6,5,5,4,4,5,4,4,4,5,6,5,2,5,5,6,4,5,4,5,5,5,5,,,5,5,6,5,5,5,0,6,5,4,5,4,5,5,17.0,5,4,5,6,5,4,1,6,6,5,5,5,5,5,5,9.0,,17.0,4,4,4,4,5,5,5,3,5,5,4,5,5,5,5,6,5,3,6,8.0,5,4,14.0,5,4,5,5,5,5,4,5,4,,4,6,6,4,5,5,,5,5,2,5,5,5,,5,5,5,0,5,5,5,5,6,4,4,12.0,6,6,4,15.0,4,5,5,5,5,5,5,7,6,4,4,2,5,4,4,2,5,5,5,6,6,6,6,7,5,7,5,22.0,5,4,6,6,,5,6,5,6,6,4,5,5,5,17.0,5,,6,4,5,6,5,7,4,5,4,27.0,6,5,5,6,6,5,4,5,4,4,5,4,5,4,1,4,5,5,7,6,6,6,5,7,5,5,,5,5,5,7,6,11.0,5,5,6,5,5,5,10.0,6,5,5,,5,5,5,,7.0,5,5,6,5,4,5,5,5,5,8.0,,25.0,5,8,6,6,5,6,,6,25.0,,5,6,5.0,5,5,5,6,,5,8.0,17.0,6,0,24.0,6,,5,6,9.0,,4,22.0,,10.0,,14.0,,6,,,5,,5,5,2,5,5,11.0,11.0,4,6,,5,6,4,5,6,,,5,5,5,6,5,5,5,,,5,6,,6,8.0,,5,5,,5,9.0,5,5,6,7,,14.0,5,,12.0,6,5,6,8.0,5,6,6,,,,6,6,5,5,,5,13.0,16.0,5,,,6,5.0,6,6,7.0,,5,18.0,5,5,7.0,5,7,5,6,5,6,,,5,11.0,6.0,8.0,,15.0,6.0,4,4,14.0,,6,12.0,5,5,,5,,6,15.0,25.0,,,,6,6,10.0,22.0,6,5.0,,5,,,,6,5,,8.0,,,19.0,5,,18.0,6,,,5,,24.0,,,,,,,9.0,,26.0,8.0,6,6,,,,4,5,6,5,5,19.0,5,5,6.0,5,,4,21.0,5,6,,,5,,4,5.0,,,5,6,,6,,,,,5,9.0,17.0,,,5,,5,,,25.0,6,22.0,,5,18.0,4,,,4,5,,,,,6,22.0,7.0,,8.0,,,6,11.0,19.0,,,5,,,5,,,0,,13.0,6,,,,,26.0,5,,,12.0,5,,6.0,,5,,,8.0,,5,11.0,6,6,5,,18.0,25.0,6,5,,,6,6,6,,6,6,6.0,6,6,6,6,,6,6,6,4,6,12.0,7.0,6,6,,12.0,27.0,,10.0,,,17.0,,6,,5,5,7,8.0,6,4,7,5,7,27.0,,,,0.0,5,10.0,,27.0,19.0,,5.0,15.0,5,19.0,0.0,7,,6,14.0,9.0,12.0,6,5,,12.0,23.0,,15.0,6,15.0,,6,,,,,,,,,,11.0,6,,,,97,7,1.8957699170777789,-0.7669250065242414
5,4,4,5,5,4,5,4,5,6,5,5,5,5,5,5,3,4,5,5,4,4,6,4,5,5,6,5,4,5,5,5,5,5,5,5,5,6,5,5,4,5,4,7,4,5,5,5,5,6,6,5,5,5,5,5,5,5,4,5,5,5,4,4,3,5,5,5,4,4,5,6,6,5,4,5,6,5,5,5,4,3,3,4,5,5,4,4,5,5,5,5,5,4,5,5,5,6,5,5,5,5,6,5,5,3,4,4,5,8.0,5,6,6,5,4,4,4,5,5,6,6,4,6,5,4,5,5,5,4,4,5,5,5,5,5,4,5,5,4,5,5,5,4,5,5,4,2,5,6,6,5,5,4,5,5,4,6,5,5,5,3,5,5,5,5,4,4,5,5,4,2,5,5,4,5,6,6,5,6,5,5,5,5,3,2,6,5,0,4,4,4,5,6,5,5,5,5,5,5,5,6,4,7,5,5,6,5,5,5,5,4,4,2,6,5,2,5,5,4,5,5,3,4,4,5,5,4,5,5,4,5,5,5,5,5,6,5,5,5,6,6,6,5,5,5,5,6,6,5,4,5,5,4,5,4,4,4,6,5,5,5,5,6,5,6,6,6,6,3,4,5,5,5,6,5,5,6,6,5,6,4,4,4,4,5,5,5,5,5,6,4,5,5,6,5,5,4,6,5,5,5,4,5,4,5,5,5,5,5,5,5,5,5,5,5,6,4,5,5,6,5,4,6,5,6,5,4,5,5,4,6,5,6,5,6,6,5,5,5,5,4,6,5,5,7,6,5,6,9.0,6,6,5,6,5,6,4,5,4,6,6,5,5,4,5,6,5,4,4,5,6,6,4,5,5,6,4,5,5,6,4,5,6,25.0,,6,5,6,5,5,5,5,6,6,5,4,0,6,5,7.0,5,5,5,7,4,4,4,6,6,5,5,6,4,5,6,23.0,,,5,4,4,4,5,5,5,4,5,5,4,6,5,5,5,7,6,4,6,17.0,5,5,20.0,5,5,6,5,6,5,6,6,5,,4,6,6,5,4,5,0.0,6,5,4,4,6,5,0.0,5,5,5,5,5,6,0,6,7,2,4,16.0,6,6,5,10.0,5,5,5,5,5,6,5,7,6,5,5,6,5,4,3,4,5,6,5,6,6,7,6,7,5,7,5,7.0,4,4,6,5,10.0,5,6,5,6,5,4,5,5,6,10.0,6,,6,5,6,6,5,7,5,6,4,31.0,6,5,3,7,4,5,5,5,4,5,5,5,6,5,0,4,5,5,7,6,6,6,5,7,6,5,,6,5,5,7,6,,5,6,6,5,5,6,6.0,6,0,5,,6,5,5,,,6,5,6,6,5,5,5,6,5,,,,5,8,6,5,5,6,,6,,,5,6,13.0,5,5,5,6,,5,8.0,8.0,6,6,26.0,6,,6,6,11.0,,5,14.0,,,10.0,11.0,,6,,6.0,5,17.0,6,5,5,6,5,18.0,12.0,5,7,,5,6,5,5,7,,,5,5,5,6,5,5,4,,,5,6,,6,,33.0,6,5,,6,29.0,6,5,6,7,,,5,15.0,,6,5,6,29.0,5,6,6,,16.0,,6,5,6,5,,5,14.0,6.0,5,10.0,,6,10.0,4,6,33.0,10.0,6,11.0,6,5,,6,7,5,6,6,7,28.0,,5,11.0,17.0,19.0,11.0,,,4,5,18.0,,6,,5,6,,5,,6,20.0,,,,,6,6,,,6,,,6,,,,6,6,14.0,,,20.0,17.0,6,,10.0,6,,,6,,30.0,,6.0,7.0,,,,11.0,24.0,24.0,8.0,6,6,33.0,,25.0,0,5,6,5,5,15.0,6,5,11.0,5,8.0,4,,6,6,,22.0,5,,5,6.0,,,5,6,,7,17.0,,15.0,,6,21.0,,,7.0,5,,6,8.0,,,6,9.0,,6,,5,14.0,,4,5,,,,0.0,6,24.0,12.0,25.0,,7.0,,6,,21.0,,,5,33.0,,5,,,6,,14.0,6,26.0,,15.0,,12.0,5,,,29.0,5,,,,5,,,10.0,,6,25.0,7,6,6,,6.0,,6,0,,,6,6,6,23.0,6,6,,6,6,6,6,,7,6,6,4,6,5.0,20.0,6,7,,14.0,20.0,,,,,,,6,,6,5,7,,6,6,7,6,7,24.0,,,,,5,,,28.0,,13.0,,,5,11.0,,7,,6,12.0,12.0,,6,6,,,,,,6,28.0,18.0,6,15.0,,,,,,25.0,,,12.0,6,,,,98,7,2.0569780386600534,-0.7866146247761655
6,5,5,5,5,4,5,6,6,6,5,5,5,3,4,5,1,5,5,5,5,4,6,4,5,5,5,4,4,5,4,5,5,5,5,4,5,5,5,5,5,4,5,7,5,6,5,5,5,6,0,3,6,5,6,6,5,5,5,6,5,5,5,5,4,4,6,6,5,5,6,6,7,6,5,6,6,6,5,5,5,5,4,5,5,5,4,5,5,5,5,6,5,4,2,4,4,6,6,5,5,6,6,5,6,4,4,4,5,6.0,6,7,6,4,4,4,4,5,5,5,5,4,4,5,5,5,6,5,3,4,5,5,5,4,6,5,5,5,6,6,6,5,5,5,6,4,6,5,6,5,6,5,5,5,5,5,6,5,5,5,3,5,5,5,5,3,5,3,5,4,3,5,4,4,5,6,5,5,5,5,5,5,6,4,5,6,5,5,5,5,5,5,6,6,6,5,4,4,4,4,4,4,7,5,1,4,4,3,5,5,4,5,5,6,5,5,6,4,4,5,5,5,5,5,6,6,5,6,5,5,5,5,4,5,5,6,5,6,6,6,6,6,5,5,6,5,6,7,6,4,6,5,5,5,5,5,4,6,5,6,6,5,6,3,6,6,6,7,6,5,5,5,6,6,6,5,6,5,5,6,4,5,5,4,5,5,5,6,5,6,4,5,5,6,4,5,5,6,6,6,5,5,5,4,5,4,5,0,5,5,5,6,5,6,5,6,5,6,5,6,5,5,6,6,6,5,0,5,6,4,7,6,7,4,7,6,5,2,4,4,4,6,4,5,6,5,5,6,19.0,6,0,5,5,5,7,5,5,5,6,7,6,5,5,5,6,5,5,0,5,0,5,5,5,5,7,5,5,0,6,3,5,6,14.0,24.0,6,6,6,5,5,5,5,6,4,5,6,5,6,6,15.0,6,5,5,7,6,5,5,6,6,6,4,6,5,5,5,23.0,33.0,18.0,5,6,5,4,5,5,5,4,6,5,5,6,6,5,6,7,6,4,6,,5,5,18.0,5,5,5,5,5,5,6,6,5,,5,7,6,5,6,5,19.0,5,5,5,5,6,5,,3,6,6,6,5,6,5,6,6,5,5,16.0,6,6,5,14.0,5,6,5,4,4,5,4,7,7,5,5,6,5,5,4,5,6,5,5,6,7,7,7,7,6,7,5,16.0,6,5,6,6,17.0,5,6,5,6,6,5,6,5,6,10.0,6,,6,5,5,6,6,7,5,6,4,25.0,7,6,5,7,6,6,6,6,5,5,5,5,5,5,5,5,0,5,8,7,6,6,5,7,6,6,,5,5,6,6,7,6.0,5,6,7,6,5,6,22.0,6,5,6,,6,5,6,,,6,6,6,5,5,5,6,6,4,,,15.0,6,9,6,6,5,6,,6,,,5,6,23.0,5,5,5,6,35.0,5,16.0,7.0,7,7,28.0,6,,6,6,13.0,,6,8.0,,11.0,15.0,,,6,,24.0,6,8.0,6,6,5,5,6,27.0,18.0,5,7,,6,6,5,5,6,,,6,6,6,6,6,6,6,,11.0,5,6,,7,,21.0,6,6,,5,6.0,6,6,6,7,,21.0,5,,,6,6,6,,6,7,7,,8.0,,7,6,6,6,6.0,6,,10.0,5,11.0,,6,,6,7,,,7,13.0,5,5,29.0,6,7,6,6,6,7,15.0,,6,7.0,,6.0,13.0,11.0,35.0,5,5,25.0,,6,25.0,5,6,,6,,6,26.0,,,,,6,5,11.0,26.0,6,,,6,,,,4,6,33.0,,,,,6,,21.0,7,,,5,,,,30.0,33.0,,,15.0,12.0,14.0,,,6,7,21.0,6.0,6.0,6,6,6,6,5,19.0,5,4,,6,15.0,0,34.0,5,7,,13.0,6,,5,,,,6,7,,7,15.0,,30.0,9.0,5,6.0,12.0,,17.0,6,,5,28.0,,,6,12.0,,6,11.0,5,15.0,,5,5,,,,,7,29.0,8.0,6.0,,17.0,,1,,8.0,,,6,,,6,,22.0,5,,13.0,6,,,14.0,,13.0,5,,,10.0,5,,,,5,,,18.0,,7,,6,4,6,,,,7,5,,,2,4,6,,6,6,,6,6,6,7,,7,7,6,5,7,16.0,,5,7,,34.0,5.0,,21.0,,,7.0,,6,,6,5,8,,6,6,6,6,7,,,,,,6,14.0,,7.0,31.0,,24.0,31.0,5,23.0,,6,,6,8.0,,,6,6,,0.0,30.0,,,5,6.0,,6,6.0,,,,,,,,,,7,,,,99,7,2.1662089309327643,-0.7689617298019628
5,5,5,5,5,4,4,5,5,6,5,5,4,4,5,5,4,5,5,5,5,4,6,5,6,6,6,5,4,5,5,5,6,6,6,5,5,6,6,5,6,5,5,7,4,5,5,5,5,6,6,5,6,5,5,5,5,5,4,5,4,4,4,4,4,4,6,6,5,5,5,6,7,6,5,6,6,5,5,5,4,4,1,4,4,5,4,4,5,5,5,6,5,5,5,4,5,6,6,5,5,5,6,5,5,3,4,4,5,6.0,6,6,6,5,4,5,5,5,5,6,6,4,6,5,5,5,5,5,4,4,5,5,5,4,5,6,6,5,5,5,5,5,4,5,6,5,5,5,6,5,5,5,5,5,5,5,5,4,4,5,3,5,5,5,5,5,3,5,5,5,5,5,4,5,5,6,5,5,0,5,4,4,4,4,5,6,5,5,5,5,5,5,6,6,5,5,5,5,5,5,5,5,8,4,5,5,5,5,5,4,4,4,5,5,4,5,6,6,5,5,6,5,5,5,6,6,5,6,5,5,5,5,5,4,4,5,5,5,3,0,5,5,5,3,5,5,6,6,6,4,4,6,4,5,5,5,4,6,5,6,6,5,6,5,5,6,6,6,5,5,5,5,5,6,6,5,6,5,5,5,4,5,5,4,5,3,5,6,5,6,5,5,5,5,5,4,4,6,6,6,5,5,5,4,5,5,5,6,2,5,5,6,4,6,5,6,5,6,5,6,0,4,6,6,6,4,5,4,6,5,7,6,6,4,6,6,5,5,5,6,4,6,5,5,6,5,5,5,24.0,5,5,1,4,5,6,5,5,5,5,6,5,5,3,5,6,4,5,4,5,6,6,5,5,5,6,5,2,3,5,4,3,5,7.0,15.0,5,5,6,5,5,5,3,5,4,4,5,5,5,5,,6,5,5,6,6,5,4,6,6,5,5,6,5,5,5,,13.0,,5,5,3,2,5,5,5,5,5,5,5,6,6,0,5,7,5,4,6,17.0,6,5,8.0,5,2,6,6,6,5,6,6,6,,5,6,5,5,6,6,,5,5,5,5,6,5,,5,6,5,5,5,6,6,5,7,4,5,,6,6,5,7.0,5,5,5,5,5,6,5,6,6,0,5,6,5,5,5,4,5,6,1,5,6,6,6,6,5,6,4,16.0,5,5,6,6,7.0,5,6,5,5,6,5,6,5,6,12.0,5,,5,4,6,6,5,6,5,5,4,7.0,6,5,5,7,6,6,5,6,5,5,6,5,6,5,5,5,5,4,7,6,6,6,5,7,5,5,,5,6,5,7,6,21.0,5,5,6,5,5,5,14.0,6,5,6,,6,5,5,,18.0,6,5,6,6,5,6,6,6,5,26.0,,9.0,6,8,6,6,5,5,,6,,,5,6,18.0,6,5,5,6,,5,,28.0,6,6,6.0,6,,7,6,26.0,,6,19.0,26.0,26.0,28.0,,,6,,5.0,5,,6,5,5,6,5,16.0,23.0,6,0,,6,6,5,5,6,,,5,6,6,6,5,5,5,,18.0,5,6,,6,,,6,6,,5,12.0,6,5,6,7,,,6,9.0,12.0,7,5,7,14.0,6,6,6,,25.0,,6,6,6,6,17.0,6,27.0,0.0,5,22.0,,6,15.0,5,6,,,6,,6,5,20.0,6,6,5,6,5,7,,,5,0.0,25.0,12.0,19.0,7.0,7.0,5,5,21.0,,6,24.0,6,6,,5,,6,,16.0,,,,6,5,13.0,16.0,6,25.0,,6,,,,6,6,25.0,11.0,,,6.0,3,,,7,,,6,,6.0,,12.0,,,8.0,,23.0,14.0,6.0,17.0,6,7,,20.0,22.0,5,5,6,5,6,7.0,6,6,,6,,4,12.0,6,6,,7.0,6,,5,28.0,,,6,6,,7,,,9.0,23.0,5,21.0,24.0,,10.0,5,,6,22.0,16.0,,6,6.0,,6,27.0,4,27.0,,5,6,,,,,6,,14.0,,,15.0,,6,,28.0,,,6,6.0,,5,,15.0,6,,,6,23.0,,21.0,,,5,23.0,,,5,,26.0,,6,,,,,7,8.0,6,6,6,,,,6,5,,,6,6,7,,4,6,,6,6,6,6,,7,0,5,5,6,12.0,,6,7,,16.0,10.0,,22.0,,,,,5,,6,5,7,7.0,6,6,7,5,7,10.0,,,,,5,,,20.0,16.0,,,8.0,5,,,7,,6,22.0,15.0,6.0,6,6,,,11.0,,27.0,6,,12.0,6,13.0,,,,,,0.0,,,,6,,,,100,7,1.9992907801418447,-0.7844533804797189
6,7,6,6,6,2,3,6,6,7,6,6,5,5,6,5,6,6,6,6,6,6,7,4,6,4,3,6,6,6,6,6,6,7,7,6,6,7,6,7,6,6,6,8,4,7,6,5,6,7,7,6,7,6,6,6,6,6,5,4,7,6,5,5,5,6,6,7,6,6,7,7,8,7,0,7,7,7,7,6,6,6,5,6,6,7,5,6,5,6,6,7,7,6,6,6,5,7,7,6,7,7,7,7,7,5,6,5,7,,8,7,7,6,6,6,6,6,7,7,7,5,7,6,7,7,6,6,6,5,7,6,6,6,7,0,7,6,6,7,6,5,6,6,7,6,6,6,7,7,7,6,6,6,6,6,7,7,6,6,5,6,6,6,6,6,5,7,6,6,5,6,6,6,6,7,7,4,7,7,6,7,7,3,6,8,7,4,6,6,6,6,7,6,6,6,7,6,6,6,7,6,9,6,7,7,6,7,5,6,6,5,6,6,6,5,7,7,6,7,7,6,6,6,7,7,6,7,7,6,5,7,6,6,6,7,6,7,7,6,7,7,6,6,7,6,7,7,7,6,7,6,5,7,6,6,6,7,6,7,7,6,7,6,7,7,7,7,7,6,7,6,6,7,7,6,8,7,6,7,6,6,6,6,7,4,6,7,6,8,6,5,6,7,7,7,6,7,7,7,6,6,6,6,6,6,6,7,6,7,6,7,7,7,6,8,6,7,6,7,7,7,7,6,7,6,6,6,7,5,7,7,6,6,7,8,7,6,6,6,6,8,6,7,8,7,5,7,,7,7,6,7,6,8,6,6,6,7,7,7,6,6,6,7,6,6,5,7,7,7,6,6,6,7,6,7,6,7,7,7,7,,11.0,8,8,8,7,7,7,7,8,8,6,7,6,8,7,9.0,7,6,6,8,7,6,6,7,7,6,6,7,4,6,7,29.0,34.0,,6,6,6,6,7,6,6,6,7,6,6,7,7,6,7,8,7,5,7,16.0,6,5,,6,6,7,7,7,6,7,7,6,,6,8,7,6,7,6,10.0,7,6,6,6,7,7,,6,7,6,7,7,7,7,7,8,6,6,10.0,8,7,6,21.0,6,6,6,7,6,7,6,7,8,6,6,7,6,6,6,6,7,7,6,7,7,8,6,8,6,8,6,22.0,7,6,7,7,17.0,7,8,5,7,7,6,7,6,8,15.0,7,,7,6,7,7,6,8,6,7,5,,8,7,5,9,8,7,6,7,6,6,7,6,7,6,6,5,7,6,9,8,7,8,7,8,7,7,,6,0,7,8,8,14.0,7,7,8,7,2,7,11.0,8,6,7,,7,7,7,,,8,6,7,7,7,7,7,7,5,6.0,,,7,10,7,7,6,7,,7,21.0,,7,7,19.0,7,6,7,7,21.0,7,12.0,8.0,8,7,12.0,7,,8,7,14.0,,7,,30.0,13.0,9.0,12.0,,7,,11.0,7,28.0,7,7,7,0,7,19.0,18.0,7,8,,7,8,0,7,8,,,6,7,7,7,6,6,6,,29.0,7,7,,7,17.0,26.0,7,7,,7,,7,6,7,9,,10.0,7,23.0,,8,7,8,,6,0,7,,15.0,,8,8,7,7,32.0,7,35.0,7.0,7,,,7,25.0,8,7,,30.0,8,9.0,7,7,,7,8,6,8,7,0,11.0,,6,10.0,,8.0,11.0,,33.0,6,6,,,8,28.0,7,7,,7,13.0,7,18.0,27.0,,,,7,7,,20.0,8,23.0,,7,,,,7,7,,21.0,,11.0,,7,,20.0,8,,,7,,21.0,,23.0,,,20.0,12.0,6.0,,30.0,20.0,7,8,9.0,8.0,,6,7,8,6,7,35.0,7,7,,7,9.0,6,7.0,0,7,,33.0,7,,7,13.0,,,7,7,,8,,0.0,,,7,33.0,13.0,24.0,9.0,6,,7,,8.0,,8,31.0,,7,29.0,6,31.0,,6,7,,,,,7,,25.0,,,23.0,,7,,21.0,,,7,7.0,,6,,32.0,7,,,7,35.0,,33.0,,17.0,7,,,24.0,7,,,,6,,,,,8,21.0,8,5,7,,,,7,7,,,7,7,7,,7,3,,7,7,7,8,,8,7,7,6,8,,,7,8,,31.0,35.0,,35.0,,,16.0,,8,,6,7,8,,7,8,8,7,8,7.0,,,,10.0,6,,,32.0,11.0,9.0,12.0,24.0,7,10.0,,8,,7,,,,8,7,0.0,22.0,,,10.0,7,17.0,34.0,7,,,,,,,10.0,,,,8,,,,101,7,2.253019575177013,-0.8048157451814701
6,2,4,5,5,5,1,6,6,7,6,6,6,5,6,6,6,5,5,5,6,5,7,5,6,6,7,6,5,6,6,6,6,6,6,6,6,7,6,6,6,5,6,8,5,6,6,6,6,6,6,6,7,6,5,5,5,3,5,5,6,6,5,3,5,6,6,7,6,6,6,6,7,6,5,6,7,6,5,5,6,5,4,5,5,6,5,5,6,5,6,6,5,6,6,6,5,7,6,6,6,6,6,6,5,5,5,4,6,6.0,7,7,7,6,5,5,6,5,6,7,6,2,7,6,6,6,4,6,5,5,6,5,5,6,6,6,6,5,5,6,6,5,5,6,6,5,6,0,7,6,6,5,5,5,6,6,7,6,5,6,4,4,6,5,6,5,3,6,6,5,6,6,6,5,5,6,7,6,7,6,5,6,6,5,5,7,6,5,6,5,6,5,6,5,5,5,6,6,6,6,7,6,9,6,6,7,6,6,5,5,5,5,5,7,6,6,6,6,6,0,6,5,5,6,6,6,5,6,6,6,6,6,6,5,6,6,5,6,6,6,6,6,6,6,6,6,7,7,6,5,6,6,4,5,5,5,5,7,6,6,7,6,7,6,6,7,7,7,6,5,6,5,6,6,6,6,7,7,6,6,5,5,5,5,6,5,5,6,6,7,5,6,6,7,7,6,5,7,6,7,5,6,6,5,6,5,6,7,5,6,6,6,6,7,4,7,5,6,6,7,6,6,7,6,7,6,6,6,7,5,7,6,6,5,7,7,6,6,6,6,5,7,6,6,7,6,6,6,21.0,6,7,6,6,6,7,6,6,6,6,7,6,6,6,6,6,6,5,6,6,7,6,5,5,6,7,6,6,5,6,4,6,7,10.0,9.0,7,7,7,6,6,6,6,7,6,5,7,6,7,6,,7,6,6,8,7,5,5,7,7,5,6,6,5,5,6,31.0,,31.0,6,6,5,5,6,6,6,5,6,5,5,7,5,6,6,7,5,4,7,11.0,6,6,12.0,5,5,7,6,6,6,7,7,6,,6,7,7,6,6,6,18.0,6,6,6,6,7,6,,6,7,6,6,6,6,7,6,7,5,5,15.0,7,7,6,,5,5,6,6,6,6,6,7,7,3,6,7,6,5,5,5,5,6,6,6,7,7,7,8,0,7,6,8.0,6,6,7,7,,6,7,6,6,5,5,6,5,7,24.0,7,,6,6,6,6,6,7,6,6,5,27.0,6,6,6,8,7,7,6,7,6,6,6,5,6,5,6,6,6,4,8,7,6,7,6,8,7,6,,6,6,6,8,7,,6,6,7,6,6,6,24.0,7,6,6,,7,6,6,,6.0,7,6,6,7,6,6,6,7,6,11.0,,30.0,6,6,6,7,4,7,,6,,,6,7,10.0,6,6,5,7,25.0,6,32.0,23.0,7,6,,7,,8,7,,,6,22.0,27.0,,,,,6,,8.0,6,6.0,7,6,6,6,6,13.0,,6,7,,6,7,6,6,8,,,6,6,6,7,6,6,6,,17.0,6,7,,7,28.0,11.0,0,7,,7,27.0,6,5,7,8,,19.0,6,32.0,32.0,7,6,6,,6,7,7,,32.0,,7,7,7,7,7.0,7,,,6,,,7,26.0,7,7,,,7,,7,0,,7,6,6,7,7,8,29.0,,6,,11.0,9.0,10.0,,10.0,6,6,16.0,,0,10.0,7,6,,6,26.0,7,10.0,19.0,,,,7,7,,30.0,7,26.0,,6,,,,7,7,23.0,,,,,7,,8.0,8,,,7,,,,12.0,16.0,,32.0,22.0,,0.0,,29.0,6,7,20.0,7.0,18.0,5,6,6,5,7,13.0,6,6,10.0,6,9.0,5,16.0,7,7,,,6,,6,28.0,,,6,7,,8,19.0,,19.0,6.0,6,,,,26.0,6,,7,19.0,8.0,9.0,7,28.0,,6,26.0,5,,,4,7,,,,,6,7.0,9.0,17.0,,21.0,,7,10.0,7.0,,,6,,,3,,7.0,7,,16.0,6,16.0,,24.0,,15.0,6,21.0,,,6,,,0.0,6,,,14.0,,7,10.0,7,7,6,,,,7,7,,,7,7,7,,6,6,,6,7,7,7,,8,7,7,5,7,,16.0,7,8,,,,,12.0,,,,,7,,0,6,8,,7,7,8,7,8,10.0,,,,16.0,6,0.0,,10.0,17.0,31.0,10.0,8.0,6,18.0,,8,,7,19.0,19.0,9.0,7,7,,,,,,7,7.0,15.0,5,20.0,,,,,,31.0,,,,6,,,,102,7,2.0779313876088064,-0.7572499926990854
5,6,4,4,2,4,4,5,6,6,5,0,5,4,6,5,4,5,5,5,5,5,6,5,5,6,6,5,5,5,5,5,6,6,6,5,5,6,6,6,6,5,5,7,5,5,5,5,5,6,6,5,6,5,4,5,4,4,3,5,4,5,4,4,4,5,5,6,5,5,5,6,7,6,5,6,5,5,5,5,5,0,4,4,4,6,5,4,5,4,5,5,5,5,6,6,4,6,6,5,5,6,5,3,5,4,5,4,5,,6,6,6,5,4,4,5,6,5,6,6,4,6,5,5,5,5,5,5,5,6,4,5,5,6,5,5,4,4,5,5,5,4,5,5,4,5,5,6,6,5,5,5,5,4,2,6,5,5,3,4,5,4,5,5,5,4,6,5,4,5,5,5,5,4,0,6,5,6,5,5,5,6,4,5,6,5,5,5,5,5,5,5,5,5,5,6,6,6,5,6,5,8,5,6,6,6,5,4,3,4,2,4,6,5,4,5,5,5,6,6,5,5,5,6,6,5,6,6,5,5,6,5,4,5,5,5,5,5,5,0,5,5,4,5,2,6,6,6,4,5,5,3,5,5,5,4,6,5,6,6,5,6,5,6,6,6,7,5,5,6,4,5,0,6,6,6,6,5,6,5,5,4,4,5,4,4,6,5,6,5,6,5,6,6,4,5,6,6,6,5,4,5,4,5,4,5,6,5,6,5,5,5,6,5,7,6,6,5,6,5,5,6,5,6,5,5,5,6,5,7,6,6,4,6,6,5,5,3,3,5,6,5,6,7,6,6,6,32.0,6,6,5,6,5,6,5,5,5,6,6,6,5,5,5,6,5,4,5,5,6,6,5,5,5,6,5,5,5,6,5,5,6,7.0,,6,6,6,6,6,5,5,6,6,3,6,5,6,5,,6,4,5,7,6,5,5,6,6,4,5,6,4,3,6,,,12.0,5,5,5,3,5,5,5,4,6,5,5,6,5,5,5,7,5,4,6,18.0,5,5,7.0,5,5,5,5,5,5,6,6,5,,5,7,6,5,6,0,24.0,6,5,5,5,6,5,,5,6,6,5,6,6,6,6,7,5,5,17.0,6,6,5,,5,5,6,6,6,5,5,7,7,5,5,6,5,5,5,5,6,6,5,6,7,7,6,7,6,7,5,11.0,5,5,6,6,26.0,5,6,6,5,5,4,6,3,6,,6,,6,5,5,6,6,7,5,5,4,9.0,7,6,6,8,6,6,5,6,5,5,6,1,6,5,5,5,6,5,8,7,5,7,6,7,6,5,,6,6,5,7,7,,5,6,7,5,6,6,,7,5,5,,6,6,6,,32.0,5,5,5,6,5,5,5,6,6,31.0,,15.0,5,9,5,6,5,6,,0,,,5,6,,5,5,5,7,17.0,4,,11.0,6,6,15.0,5,,7,6,4.0,,5,,10.0,12.0,6.0,6.0,,5,,8.0,6,16.0,6,5,5,6,6,25.0,,5,7,,6,6,5,6,7,,,5,6,6,5,5,6,5,,19.0,6,6,,6,,7.0,6,6,,6,11.0,5,4,6,7,,18.0,5,19.0,,6,6,7,18.0,5,6,6,,12.0,,7,7,6,5,,6,7.0,,6,15.0,,5,18.0,6,6,13.0,24.0,7,,6,5,,6,7,5,7,6,7,26.0,,5,,11.0,,,9.0,7.0,5,5,,,7,,6,6,,6,,6,9.0,10.0,,,,6,6,11.0,11.0,6,18.0,,6,,,,6,6,9.0,9.0,,,10.0,5,,12.0,7,,0.0,6,,18.0,,9.0,,,23.0,26.0,6.0,20.0,11.0,22.0,4,7,8.0,8.0,17.0,5,6,6,3,6,9.0,5,6,27.0,6,13.0,5,15.0,6,6,,32.0,5,,5,7.0,,,5,6,,7,,,9.0,11.0,6,,,,27.0,4,,6,6.0,31.0,,7,,,5,12.0,5,,,4,6,,,,,5,14.0,,28.0,,8.0,,6,,6.0,,,6,,,5,,,6,,27.0,5,18.0,,13.0,,15.0,6,,,,5,,30.0,,5,,,13.0,,7,28.0,7,6,6,,16.0,19.0,6,5,,,6,6,6,18.0,5,6,13.0,0,6,6,6,,7,6,6,4,6,27.0,9.0,6,7,,,20.0,,,,,17.0,,5,,5,5,7,26.0,6,0,7,6,7,,,,,,5,31.0,,18.0,20.0,30.0,,,5,8.0,,7,,6,12.0,28.0,,7,6,,,,,9.0,4,27.0,17.0,5,11.0,,,,,,32.0,,,9.0,6,,,,103,7,2.0172074729596843,-0.770796376975926
5,5,3,4,3,3,4,5,5,6,5,5,5,4,5,5,5,4,5,4,4,4,5,5,5,5,6,5,4,5,5,5,6,5,5,5,5,6,5,5,5,4,4,6,4,4,4,5,5,6,6,5,6,5,3,3,3,3,0,1,5,4,4,3,4,4,5,6,5,5,5,6,6,6,5,6,6,5,5,5,5,4,4,0,4,5,3,4,4,4,5,5,5,5,5,5,4,6,5,5,5,5,5,5,6,4,3,2,5,10.0,6,6,6,5,4,4,5,5,5,6,6,4,6,4,5,5,4,5,4,4,5,4,4,4,5,5,5,3,0,5,5,4,4,5,5,4,5,5,6,4,5,5,5,4,4,2,6,5,4,5,3,5,4,4,4,5,4,5,5,4,4,4,5,4,4,5,5,4,5,5,5,5,6,4,4,6,5,5,5,4,5,5,4,4,2,4,5,5,5,5,5,5,8,5,5,5,5,5,4,4,4,3,4,5,4,5,5,5,5,6,6,4,5,5,6,5,3,5,5,5,5,5,5,4,4,5,3,5,4,5,5,5,5,4,5,5,6,6,6,4,5,5,3,5,4,4,4,6,5,5,6,5,6,5,5,6,6,6,5,4,5,4,5,5,5,5,6,6,5,5,4,4,4,4,5,3,4,5,5,6,4,5,5,5,5,5,5,6,5,5,4,4,4,4,4,3,5,5,4,5,5,5,5,6,5,6,5,6,3,5,5,5,5,5,5,5,4,5,6,4,7,5,6,4,6,6,5,5,5,5,4,6,5,5,6,5,5,6,30.0,6,6,4,5,5,6,4,5,5,5,6,5,5,4,4,6,4,4,4,5,5,5,4,5,4,6,4,5,5,6,5,6,6,,19.0,6,6,6,6,5,5,5,6,6,5,6,5,6,6,12.0,6,5,5,7,6,4,3,5,5,2,4,5,4,3,5,,,,5,5,4,3,5,5,5,4,5,5,5,5,5,4,5,7,5,4,6,11.0,5,5,5.0,5,5,5,5,5,5,5,5,5,,2,6,5,5,5,5,,5,4,5,5,6,5,,5,5,5,5,5,4,5,5,6,4,3,,6,6,5,,4,3,5,5,5,5,4,6,6,4,5,6,5,5,4,4,5,5,4,5,5,6,6,6,4,6,5,,5,5,6,6,19.0,5,6,5,5,5,4,5,3,6,6.0,6,,5,5,5,5,5,6,5,4,1,6.0,6,5,5,7,6,6,5,6,5,5,6,4,5,5,5,5,5,4,7,6,5,6,5,7,6,5,,5,5,5,5,6,,5,5,6,4,5,5,23.0,6,5,5,,6,0,5,,20.0,6,4,4,6,5,5,5,6,5,10.0,,,5,8,5,6,4,5,,5,,,5,6,16.0,4,5,5,6,27.0,4,6.0,7.0,6,5,24.0,6,,7,6,14.0,,5,16.0,12.0,8.0,7.0,14.0,,5,,5.0,5,5.0,6,5,5,5,5,,0.0,5,6,,5,6,5,5,6,,,5,5,5,0,4,5,5,,31.0,5,5,,6,27.0,8.0,6,5,,5,19.0,4,3,6,7,,21.0,5,7.0,23.0,6,5,6,,4,6,5,,6.0,,6,6,5,5,,6,9.0,16.0,5,5.0,,6,,6,0,9.0,,6,6.0,6,5,19.0,5,6,5,6,6,7,4.0,,2,13.0,15.0,9.0,25.0,10.0,10.0,5,4,,,5,,6,5,,5,,6,,11.0,,,,6,5,,19.0,6,19.0,,5,,,,6,5,21.0,8.0,,9.0,,6,,,6,,,6,,,,20.0,12.0,,7.0,,6.0,31.0,,9.0,4,6,,,4.0,2,5,6,4,6,16.0,4,6,,5,,4,32.0,6,6,,,4,,5,13.0,,,4,6,,7,,,,15.0,5,10.0,24.0,,,4,,6,,10.0,11.0,6,14.0,,5,13.0,4,31.0,,4,6,,,,,4,21.0,16.0,,9.0,,,6,12.0,19.0,0.0,,5,,,4,,9.0,6,,30.0,5,13.0,,,,,5,11.0,,17.0,5,,,,5,,0.0,,,6,,7,6,5,,15.0,29.0,6,6,,,6,5,6,,5,6,8.0,5,6,6,6,,6,5,5,4,6,25.0,6.0,6,7,,8.0,,,27.0,,,,,6,,4,5,6,,6,5,7,6,6,17.0,,,,32.0,5,,,25.0,23.0,,,17.0,4,14.0,,7,,5,,,28.0,6,6,,14.0,24.0,,10.0,6,11.0,7.0,4,,,,,,,0.0,,,,5,,,,104,7,2.0364380553059793,-0.7392940601614085
7,7,7,7,7,6,7,7,8,8,7,7,7,2,6,7,7,6,7,7,6,6,8,6,7,7,8,7,6,7,7,7,7,7,7,7,6,8,7,7,7,6,7,9,7,7,7,6,7,0,7,6,7,5,7,6,7,7,6,7,7,7,6,6,6,6,7,8,7,7,7,7,8,8,7,8,7,7,7,7,7,6,6,5,6,7,6,6,7,5,7,7,7,7,6,6,6,8,8,7,7,7,8,7,7,6,6,5,7,25.0,8,8,8,4,6,6,6,7,7,8,7,6,6,7,7,7,7,7,5,5,0,7,7,6,7,7,7,7,7,7,8,7,6,7,7,7,6,6,7,6,6,7,6,6,7,7,6,6,7,7,4,7,7,7,7,6,6,4,6,6,7,7,6,6,7,8,7,7,6,4,5,6,7,6,7,8,7,7,7,7,7,5,8,8,7,8,7,6,7,6,7,6,8,6,6,7,6,6,7,7,6,6,6,8,1,7,8,6,7,7,6,6,7,7,8,7,7,7,7,7,7,6,6,7,7,8,7,8,7,8,8,8,7,7,7,7,8,8,8,6,7,7,7,7,6,7,6,7,7,7,8,7,6,7,8,8,8,8,7,7,7,7,7,8,8,7,8,6,6,7,5,7,5,6,6,6,7,7,7,8,6,6,7,8,6,7,6,8,8,8,7,7,7,6,7,7,7,8,7,7,7,7,6,7,7,8,7,8,6,8,7,6,8,8,8,7,7,7,8,6,9,8,8,4,8,8,7,6,7,7,6,8,5,6,7,5,5,7,,6,5,6,6,7,8,7,7,7,8,8,8,7,6,7,7,6,7,6,7,8,7,7,7,7,8,7,7,5,7,7,7,7,9.0,30.0,7,7,8,7,7,7,7,8,7,6,7,7,8,7,19.0,7,7,7,8,7,7,6,8,8,7,7,7,7,7,6,28.0,,17.0,7,7,6,6,7,7,7,7,7,6,7,8,8,7,7,8,7,6,8,,7,7,18.0,6,7,7,7,7,7,8,8,8,,6,9,8,7,8,7,,7,4,7,5,8,7,,7,8,7,7,7,8,8,8,9,7,6,11.0,8,8,7,21.0,7,7,7,6,7,7,6,8,8,7,7,8,7,6,6,6,8,8,7,7,8,8,8,9,8,9,7,8.0,7,7,8,7,8.0,7,8,6,8,8,7,8,7,8,24.0,8,,8,6,7,8,8,9,7,8,6,,8,8,7,9,8,8,7,7,7,7,7,6,7,7,7,7,7,7,9,8,8,8,7,9,8,7,,7,7,7,9,8,11.0,7,8,9,7,6,8,,7,7,7,,8,7,8,,11.0,8,7,8,7,7,7,7,8,0,8.0,,,7,9,8,7,7,8,,8,27.0,,7,8,19.0,7,7,6,8,15.0,7,29.0,,8,8,23.0,7,,0,8,,,0,22.0,13.0,,23.0,15.0,,8,,20.0,7,14.0,8,7,7,8,7,,,7,8,,8,8,7,7,7,,,7,7,8,8,7,7,7,,32.0,7,8,,8,0.0,,8,8,,6,20.0,8,7,8,9,,,7,10.0,10.0,8,7,9,32.0,8,8,8,,7.0,,8,8,8,8,,8,12.0,,7,,,8,28.0,8,8,10.0,20.0,8,,0,7,28.0,8,9,7,8,7,9,,,7,,7.0,6.0,14.0,20.0,32.0,7,7,,,8,8.0,8,8,,8,15.0,8,14.0,,,,,8,8,11.0,,8,,0.0,8,,,,6,8,16.0,,,,12.0,8,,15.0,9,,,7,,,,16.0,10.0,,19.0,12.0,,20.0,13.0,30.0,8,9,13.0,,25.0,7,7,8,7,7,12.0,8,8,28.0,7,23.0,6,,7,8,,24.0,8,,7,,,,8,8,,8,29.0,,32.0,,7,20.0,9.0,,,8,,7,12.0,,20.0,0,26.0,,8,25.0,7,,,7,8,,,,,8,13.0,,11.0,28.0,19.0,,8,,11.0,,,8,,,8,,23.0,8,,,8,10.0,,15.0,,32.0,7,,,,7,,12.0,,7,,,,,8,25.0,1,5,7,,,18.0,8,7,,,7,7,8,11.0,8,8,,8,8,8,9,,9,8,8,6,9,,26.0,1,9,,,29.0,,14.0,,,11.0,,8,,8,7,9,13.0,8,8,5,8,9,27.0,,,,31.0,7,32.0,,26.0,,11.0,,,7,29.0,,8,,8,,7.0,,8,8,,5.0,18.0,0.0,13.0,8,14.0,,8,21.0,,,,,,,,,23.0,9,,,,105,7,2.120326514159028,-0.7339630595440736
5,4,4,4,4,3,4,5,5,5,4,4,4,3,4,4,4,3,4,4,3,1,5,4,5,5,5,4,3,4,4,4,5,5,5,4,4,5,4,5,4,3,4,6,4,4,3,4,4,5,5,4,5,4,4,4,4,4,4,4,5,4,3,3,4,4,4,5,4,4,5,5,5,5,4,5,2,4,4,3,4,3,3,2,3,4,3,3,4,4,4,4,4,3,4,4,3,5,5,4,4,5,5,5,5,3,1,3,4,14.0,5,5,5,3,3,3,4,4,4,5,5,3,5,4,4,4,5,4,3,3,5,4,2,4,4,4,4,4,4,4,4,4,3,4,5,3,4,4,5,5,5,4,4,4,3,4,5,5,4,4,3,4,4,4,4,4,3,4,4,4,3,4,4,3,4,5,5,4,5,4,4,5,5,3,4,5,4,2,4,4,4,4,5,5,4,5,4,4,4,4,4,4,7,4,2,4,4,4,4,4,3,3,4,5,4,4,4,4,4,5,5,4,3,4,5,4,4,4,4,4,4,5,4,4,0,4,2,4,4,5,5,5,4,4,3,4,6,6,5,3,5,4,3,3,4,4,2,5,4,4,5,4,5,4,5,5,5,6,4,3,5,4,4,5,5,5,5,5,4,4,3,4,2,3,5,4,4,4,4,6,4,4,4,5,5,4,4,5,5,5,4,1,4,3,4,4,4,5,4,4,4,4,4,5,4,5,4,0,4,3,5,5,5,5,5,4,4,4,5,3,5,5,6,3,5,5,4,4,4,4,3,5,4,4,6,5,4,5,8.0,5,5,4,5,4,6,4,4,4,5,6,5,4,4,4,5,4,3,4,4,5,4,3,4,3,5,4,4,4,5,5,5,5,27.0,8.0,5,5,6,5,5,5,5,5,5,4,5,4,6,5,24.0,5,4,4,6,5,4,3,5,5,4,4,5,4,4,5,5.0,,14.0,4,3,4,3,4,4,4,4,5,4,4,5,5,4,4,6,5,3,4,10.0,5,4,15.0,4,4,4,4,0,4,5,5,5,,4,6,5,4,5,4,,4,4,4,4,5,4,,4,5,5,0,5,0,5,5,6,4,3,9.0,5,5,4,24.0,4,4,4,4,5,4,4,6,6,4,4,5,4,4,4,4,5,5,5,5,6,0,6,6,5,6,4,,4,4,5,5,,4,5,4,4,5,3,4,4,5,14.0,5,,5,4,4,5,5,6,4,5,0,16.0,5,5,4,6,6,5,4,5,4,4,5,4,4,4,4,4,4,4,6,5,5,5,4,6,5,4,,5,5,5,6,6,,4,5,6,4,4,5,15.0,5,4,4,,5,0,4,,22.0,5,4,5,5,4,5,4,5,4,24.0,,,5,7,5,5,4,5,,5,24.0,,4,5,13.0,5,4,4,5,,4,12.0,27.0,5,5,8.0,5,,6,2,9.0,,5,27.0,22.0,26.0,9.0,20.0,,5,,,5,5.0,5,4,4,5,5,8.0,6.0,4,6,,5,4,4,4,6,,,4,4,5,5,4,5,4,,,4,5,,6,8.0,27.0,5,5,,5,,5,5,5,6,,11.0,4,16.0,,6,4,6,18.0,5,5,5,,6.0,,6,6,5,5,16.0,5,26.0,6.0,4,8.0,,5,21.0,5,6,10.0,15.0,6,25.0,5,4,,5,6,4,5,5,6,9.0,,5,,11.0,,14.0,12.0,9.0,4,4,18.0,,5,,5,5,,5,21.0,5,,,,,,5,5,22.0,8.0,5,5.0,,5,,,,5,5,,,,7.0,26.0,5,,,6,,,5,,,,17.0,,,22.0,,9.0,5.0,13.0,,5,6,15.0,12.0,,4,4,5,4,5,,5,5,,5,7.0,3,8.0,5,6,,13.0,5,,4,12.0,,,5,5,,5,,,15.0,,5,11.0,,,,4,,5,11.0,6.0,,6,,,5,7.0,4,17.0,,4,5,,,,,5,12.0,21.0,20.0,10.0,,,5,,,,,5,18.0,,5,,14.0,5,,6.0,5,14.0,,0.0,,5.0,4,10.0,,,4,,9.0,,5,,,,,5,,6,5,5,,25.0,24.0,5,5,,,5,5,5,18.0,5,5,,5,5,5,5,,6,5,5,2,6,10.0,12.0,5,6,,20.0,22.0,,,,,27.0,,6,,5,4,6,,5,5,6,5,6,21.0,,,,,4,6.0,,10.0,24.0,,5.0,,4,,,6,,5,16.0,6.0,8.0,5,0,,,19.0,,,5,14.0,,5,19.0,,,,,,,,,,6,,,,106,7,1.9291583166332662,-0.7961521008709233
4,4,4,4,4,3,4,4,5,5,4,4,4,3,4,4,4,4,4,4,4,3,5,3,0,4,5,4,2,4,4,4,4,4,5,4,4,4,4,4,4,3,4,6,4,4,4,4,4,5,5,4,4,3,5,4,4,5,4,5,4,1,3,3,3,4,5,5,4,4,4,5,5,5,4,5,5,4,4,4,4,4,2,3,4,5,3,3,5,4,4,5,4,4,4,2,4,5,4,4,4,5,5,4,4,3,3,2,4,,5,6,5,4,3,3,4,5,4,5,4,3,5,4,4,0,5,4,3,3,4,4,4,3,5,4,4,4,5,4,4,4,3,4,5,4,4,4,5,4,4,4,4,4,4,4,4,4,4,4,3,4,4,4,4,3,3,4,4,3,4,4,3,3,4,5,5,4,5,2,3,4,4,3,0,4,4,2,4,4,4,4,5,5,5,5,4,4,4,1,4,4,6,3,4,4,4,4,4,4,4,4,0,5,4,4,4,5,4,5,5,4,4,4,5,5,4,4,4,4,4,4,4,4,4,5,4,5,5,5,5,5,4,4,5,4,5,6,5,3,4,4,4,3,3,4,3,5,4,4,5,4,4,4,5,5,0,5,4,2,5,4,4,5,4,5,5,4,4,4,3,4,3,3,2,4,4,5,4,5,4,4,4,5,4,3,0,5,5,5,4,3,4,4,4,5,4,5,4,5,4,4,4,5,4,5,4,5,4,5,4,4,5,5,5,4,4,0,5,4,6,5,5,3,5,5,4,4,4,4,3,5,0,4,5,4,4,4,11.0,4,5,4,5,4,5,4,4,4,5,5,5,4,4,4,5,3,4,3,4,6,5,3,4,4,5,4,4,3,4,4,2,4,32.0,6.0,4,4,5,4,4,4,4,5,4,3,4,4,5,4,15.0,5,4,4,5,5,4,3,5,5,4,4,5,4,4,5,31.0,8.0,,4,4,3,3,4,4,4,4,5,4,4,5,5,4,4,6,4,3,5,27.0,5,4,,4,4,5,4,5,4,5,5,5,,4,6,5,4,5,4,,5,4,4,4,5,4,,4,5,4,4,4,5,5,5,6,3,4,8.0,5,5,4,23.0,3,5,4,4,4,5,4,6,5,4,4,5,4,4,3,3,5,5,4,4,5,6,5,6,5,6,4,14.0,4,4,5,5,,4,5,4,6,6,4,5,4,5,18.0,5,,5,4,5,5,5,6,2,5,3,13.0,6,5,4,5,5,5,4,5,4,4,4,4,5,4,4,4,4,4,7,6,5,5,4,6,5,5,,5,5,5,6,5,0.0,4,5,6,5,4,5,,5,4,4,,5,4,5,,8.0,5,5,5,4,4,4,5,5,4,,,28.0,5,8,5,5,4,5,,6,10.0,,4,5,12.0,5,4,4,6,,4,,,5,6,,5,,5,5,18.0,,5,10.0,16.0,25.0,,19.0,,5,,32.0,5,20.0,5,4,4,5,4,,,5,5,,5,5,4,4,6,,,5,4,5,5,4,5,4,,23.0,4,5,,6,,,5,5,,4,,6,5,5,5,,7.0,4,12.0,9.0,6,4,6,5.0,5,5,5,,,,6,6,5,5,,3,16.0,13.0,4,,,5,,5,5,,12.0,6,17.0,5,4,33.0,5,6,4,5,5,6,,,5,9.0,6.0,15.0,,21.0,9.0,4,4,,,5,4.0,5,5,,5,28.0,5,10.0,5.0,,,,5,5,,7.0,5,13.0,,5,,,,4,5,5.0,,,33.0,18.0,5,,,6,,,5,,15.0,,,,,,9.0,8.0,28.0,10.0,,5,6,12.0,24.0,12.0,5,4,5,4,5,,5,5,,5,12.0,2,,4,6,,,5,,4,,,,4,5,,6,,,27.0,8.0,5,5.0,11.0,10.0,17.0,5,,5,,22.0,,5,5.0,,5,6.0,4,,,4,5,,,,,6,,15.0,20.0,12.0,25.0,,5,11.0,17.0,,,5,6.0,,4,,15.0,5,,30.0,5,12.0,,15.0,,6.0,4,8.0,,,4,,23.0,,4,,0.0,13.0,,6,26.0,5,3,5,,,6.0,5,4,,,5,4,5,15.0,5,5,26.0,5,5,5,6,,6,5,5,1,6,33.0,19.0,5,6,,,8.0,,,,,,,5,,5,4,6,,5,5,6,5,6,9.0,,,,31.0,4,,,6.0,26.0,,12.0,13.0,4,,,6,,5,29.0,,16.0,5,5,,14.0,14.0,,14.0,4,25.0,22.0,5,19.0,,,,,,13.0,,,11.0,6,,,,107,7,2.059304295823779,-0.8196084531159408
5,4,4,4,4,4,4,4,4,5,4,4,4,4,4,4,4,3,4,4,4,3,5,4,5,4,5,4,3,4,4,4,5,5,5,4,4,5,5,4,5,3,3,6,2,4,4,4,3,4,1,4,4,4,5,4,5,5,3,5,5,4,3,4,3,4,5,5,4,4,4,4,5,5,3,5,5,4,4,4,4,3,0,3,2,4,3,3,4,4,4,4,4,2,4,4,4,5,4,4,1,4,5,5,5,1,3,3,4,4.0,5,6,5,4,3,3,4,4,4,5,5,3,3,4,4,4,5,4,3,3,4,4,4,3,4,5,4,4,5,4,4,4,3,4,4,3,4,4,5,5,4,4,3,3,3,2,5,5,4,4,3,4,4,4,4,4,1,4,2,4,4,4,4,1,4,5,5,4,5,4,3,5,5,3,4,5,4,4,4,4,4,4,5,5,5,4,4,4,4,4,5,4,7,4,5,5,4,5,4,4,4,3,3,4,4,4,4,3,4,5,5,4,4,4,5,4,4,4,4,4,4,4,4,3,4,5,4,5,4,5,5,5,3,4,5,4,5,5,4,3,5,5,4,4,4,4,2,5,4,4,3,4,0,4,5,5,5,6,4,3,0,4,5,5,5,5,5,5,4,5,3,4,3,4,4,4,5,5,4,4,4,4,4,5,5,4,4,5,5,5,4,3,4,4,4,5,4,4,4,4,4,4,4,5,4,6,5,5,4,5,5,5,5,4,5,4,4,4,5,4,6,3,3,3,5,5,4,4,4,5,3,5,4,4,6,4,4,4,15.0,5,5,4,5,4,5,4,4,4,4,5,5,4,4,4,5,4,3,3,4,5,5,3,4,4,5,4,5,4,5,5,5,5,,11.0,5,5,6,5,5,5,5,6,5,4,5,4,6,5,,4,4,4,6,5,2,4,5,4,5,4,5,4,4,5,9.0,,17.0,4,4,1,4,4,4,4,3,5,4,4,5,4,4,4,5,4,3,5,10.0,5,4,14.0,4,4,5,4,4,2,5,5,4,,4,6,5,4,5,4,,5,4,4,4,5,4,,3,5,5,4,4,5,5,5,6,3,3,7.0,5,5,4,8.0,4,5,4,4,4,4,4,5,6,4,4,5,3,3,3,4,5,5,4,3,5,5,5,5,4,5,4,,4,4,5,5,16.0,4,5,4,6,6,3,5,4,5,,5,,0,4,4,5,4,5,4,5,3,,5,5,5,6,5,5,4,5,4,4,5,3,5,4,4,4,4,4,7,6,5,5,4,6,5,4,,5,4,4,6,5,23.0,4,5,6,5,4,5,10.0,5,4,4,,4,4,4,,5.0,5,4,5,5,3,5,4,4,4,10.0,,17.0,4,8,5,5,4,5,,6,17.0,,4,5,7.0,5,4,0,5,17.0,4,9.0,6.0,5,6,,5,,6,5,8.0,,5,20.0,,13.0,,16.0,,5,,17.0,5,20.0,5,4,4,4,5,,12.0,4,6,,5,5,4,4,6,,,5,4,5,5,4,5,4,,13.0,4,5,,5,12.0,,5,5,,5,,6,5,5,6,,16.0,4,10.0,9.0,6,4,5,9.0,5,5,5,0.0,,,6,5,5,4,10.0,5,20.0,,4,8.0,,5,6.0,6,5,5.0,,6,,5,4,,5,6,4,5,5,6,4.0,,5,8.0,5.0,10.0,0.0,11.0,18.0,4,3,11.0,,5,16.0,5,5,,4,,5,6.0,8.0,,,,0,5,14.0,,5,22.0,,5,,,,5,5,10.0,9.0,,14.0,14.0,5,,21.0,5,,,5,,17.0,,18.0,,,14.0,9.0,9.0,10.0,23.0,,5,6,19.0,24.0,,5,5,5,4,5,24.0,5,5,,5,,3,5.0,4,5,,,5,,4,9.0,,,5,5,,6,14.0,,19.0,,5,20.0,,,,5,,5,14.0,11.0,,6,,,4,,4,18.0,,4,5,,,,,6,,,,,,,5,21.0,,,,5,9.0,,5,,10.0,5,,0.0,5,,,,,,4,10.0,,5.0,4,,,,5,,,,,6,15.0,5,5,5,,17.0,,5,5,,,5,5,5,,6,5,10.0,5,5,5,6,,5,5,5,4,5,13.0,18.0,5,0,,6.0,17.0,,10.0,,,,,6,,5,4,6,5.0,5,5,6,5,6,5.0,,,,6.0,4,,,,13.0,,21.0,5.0,5,,,6,,5,,11.0,17.0,5,5,,21.0,10.0,,16.0,5,6.0,,5,,,,,,,14.0,,,19.0,6,,,,108,7,1.8361481481481468,-0.7528026781100405
4,4,4,4,4,3,4,4,5,5,4,4,4,3,3,4,4,4,4,4,4,3,5,4,5,5,5,4,3,4,4,4,5,5,5,4,4,5,4,4,5,4,4,6,3,4,4,4,4,5,5,4,2,4,4,4,4,4,2,4,4,4,2,2,3,4,4,5,4,4,5,5,6,5,0,5,5,4,4,4,4,3,3,3,4,4,3,3,4,4,4,4,5,4,5,4,4,5,5,4,4,5,5,4,5,3,3,3,4,27.0,5,5,5,2,3,3,3,4,4,5,5,3,5,4,4,4,5,4,3,3,4,4,4,0,5,4,5,4,4,5,5,4,3,4,5,4,4,4,5,5,5,4,4,3,4,4,5,5,4,4,3,4,4,4,4,4,3,4,4,3,4,4,3,4,4,5,5,4,5,4,4,4,5,3,3,5,4,4,4,4,4,4,5,5,4,4,5,4,4,4,5,4,6,4,5,5,4,4,3,4,3,1,3,5,4,3,5,5,4,1,4,3,4,4,4,4,4,4,4,4,4,4,4,4,4,5,2,4,4,5,5,5,4,4,4,4,5,5,5,3,5,4,3,4,3,3,3,5,4,5,5,4,5,4,5,5,5,6,4,4,4,4,4,5,5,4,5,5,4,4,3,4,4,3,4,4,4,5,4,6,4,4,4,5,5,4,4,5,5,5,4,4,4,3,4,4,3,4,4,4,4,5,4,5,0,5,4,5,4,5,5,5,5,5,5,4,4,4,5,0,6,5,5,3,6,6,4,4,4,4,2,5,4,5,6,5,4,5,,5,5,4,5,4,6,4,4,4,5,5,5,4,4,4,5,3,4,3,4,5,5,3,4,4,5,4,4,2,5,5,4,5,26.0,10.0,5,5,6,5,5,4,5,5,5,4,5,4,5,5,11.0,5,4,4,6,4,4,3,5,5,4,4,4,4,4,4,,26.0,,4,4,2,4,4,4,4,3,5,4,4,5,5,4,4,6,5,0,5,24.0,5,4,10.0,4,4,5,4,5,4,5,5,5,,3,6,5,4,5,4,13.0,5,4,4,2,5,3,,4,5,5,4,4,5,5,5,6,3,4,13.0,5,5,4,14.0,2,3,4,4,4,4,3,6,6,4,4,3,4,4,4,3,5,5,4,5,6,6,5,6,5,6,4,,4,4,5,5,13.0,4,5,4,5,5,4,5,4,5,,4,,5,4,5,5,5,6,4,5,4,,5,5,4,6,5,5,4,0,4,4,4,4,5,4,4,4,4,4,7,6,5,5,4,6,5,4,0.0,5,5,4,6,6,27.0,4,5,6,5,4,5,,5,4,4,,5,5,5,,,5,4,5,5,4,5,5,5,4,22.0,,,5,8,3,5,4,5,,5,,,4,5,18.0,5,4,4,5,31.0,4,33.0,,5,5,7.0,5,,5,4,18.0,,5,12.0,20.0,8.0,,10.0,,5,,,4,9.0,5,4,4,5,4,,10.0,5,6,,5,0,4,4,6,,,4,5,5,5,4,5,4,,10.0,4,4,,5,10.0,,5,5,,5,10.0,5,4,5,6,,17.0,4,29.0,8.0,6,4,5,14.0,5,6,5,,15.0,,6,5,5,5,18.0,5,27.0,17.0,4,29.0,,5,24.0,5,5,8.0,27.0,6,19.0,5,4,31.0,4,6,4,5,5,6,5.0,,4,7.0,8.0,28.0,19.0,7.0,6.0,4,4,14.0,,5,33.0,5,5,,4,,5,,,,,,5,5,23.0,,5,,,5,,,,5,5,,,,32.0,5.0,5,,,6,,,5,,17.0,,,17.0,,16.0,,30.0,33.0,,9.0,5,6,16.0,10.0,30.0,4,5,0,4,5,16.0,5,5,,5,7.0,4,,5,6,,0.0,5,,4,7.0,,,5,5,,6,9.0,,,23.0,5,,9.0,,17.0,4,,5,,14.0,27.0,6,7.0,,5,,4,,,4,5,,,,,5,11.0,9.0,,,21.0,,5,12.0,27.0,,,5,16.0,,5,,10.0,5,,16.0,5,,,11.0,,21.0,4,,,12.0,4,,,,5,,,,,6,,6,5,5,,,21.0,5,4,,,5,5,5,11.0,5,5,,5,5,5,5,,6,5,5,4,6,10.0,26.0,5,6,,,,,,,,11.0,,6,,5,4,6,5.0,5,5,6,5,6,18.0,,,,28.0,4,21.0,,11.0,6.0,17.0,,10.0,5,,,6,,5,,,5.0,5,5,,14.0,28.0,,6.0,5,,30.0,5,,,,,,,29.0,,,,6,,,,109,7,2.097674880763113,-0.8040180167802888
5,4,4,4,4,4,5,5,5,6,4,5,5,4,5,5,4,4,4,4,4,4,5,4,5,5,5,5,4,5,4,4,5,5,5,4,4,5,5,5,5,4,4,6,4,4,4,5,5,5,6,4,5,5,5,5,5,0,4,5,5,5,3,4,3,4,4,6,4,4,5,5,6,5,2,5,5,4,4,4,4,4,3,4,4,5,3,4,5,4,0,4,5,4,5,5,4,5,5,5,5,5,5,5,5,0,4,3,4,,5,5,5,4,3,3,4,5,5,6,5,3,5,5,5,5,5,5,4,4,5,4,4,4,5,5,5,4,5,5,5,4,3,4,5,4,5,4,5,5,5,5,4,3,4,5,5,5,4,5,3,5,5,4,5,4,4,5,4,4,4,4,4,4,4,6,5,5,5,4,4,5,5,2,4,6,4,4,4,5,4,4,5,5,5,5,5,5,5,5,5,4,7,3,5,5,4,5,4,4,1,4,4,5,5,4,5,5,3,4,5,4,4,4,5,5,4,5,5,0,4,5,5,4,4,5,4,5,5,5,5,5,5,5,5,4,6,6,4,4,5,5,4,5,4,4,3,0,4,5,5,5,5,4,5,6,6,6,5,4,5,4,5,5,5,5,5,5,4,5,4,4,3,4,5,4,5,5,5,6,4,5,4,5,5,3,4,5,5,5,4,4,3,4,5,5,4,5,4,5,3,5,5,5,4,6,5,5,4,5,5,5,6,5,5,5,4,5,5,3,6,5,6,4,6,6,5,5,4,5,4,5,5,5,6,5,5,5,,5,6,4,5,4,6,4,4,4,5,6,5,5,4,4,5,4,1,4,4,6,5,4,4,5,6,1,5,4,5,5,5,4,11.0,8.0,5,5,6,5,5,5,5,6,5,4,4,4,6,5,22.0,5,4,4,6,5,4,4,6,5,5,5,5,4,5,4,22.0,,11.0,4,5,4,4,5,4,5,2,5,4,4,5,5,5,5,6,5,4,6,,5,4,0.0,5,4,5,5,5,4,5,6,5,0.0,4,6,6,4,5,5,,5,4,4,5,6,5,,5,6,5,5,5,5,5,5,6,4,2,15.0,5,5,4,,4,5,5,5,5,5,4,6,6,4,5,5,4,4,4,3,5,5,5,5,6,6,6,6,5,6,4,32.0,5,4,5,5,,4,5,5,6,6,4,5,5,6,,5,,5,4,5,6,5,6,4,5,4,,6,5,5,7,6,6,5,5,5,4,5,4,5,4,5,5,5,5,7,6,6,6,5,7,5,4,,5,5,5,7,6,5.0,4,5,6,5,5,5,22.0,6,5,5,,6,5,5,,31.0,5,5,5,5,4,5,5,6,5,15.0,,8.0,5,6,5,5,3,5,,5,,,5,6,14.0,4,5,4,6,13.0,5,8.0,,6,6,19.0,5,,6,6,22.0,,5,,28.0,9.0,7.0,,,5,,25.0,5,,6,5,5,5,4,15.0,9.0,5,6,,5,5,5,5,6,,,5,4,5,5,5,5,5,,,5,6,,6,,11.0,5,5,,5,,6,5,5,7,,,5,,7.0,6,5,5,37.0,5,6,6,,26.0,,0,5,6,5,23.0,5,,21.0,5,,,5,,6,6,,6.0,6,15.0,5,5,8.0,5,6,5,6,5,7,5.0,,5,18.0,,22.0,8.0,,7.0,4,4,25.0,,6,10.0,5,5,,5,22.0,5,11.0,,,,,6,6,,19.0,6,23.0,,4,,,,5,5,33.0,7.0,,24.0,6.0,6,,,6,,,5,,8.0,,9.0,29.0,,25.0,23.0,,,27.0,,5,6,25.0,26.0,,5,5,5,4,5,20.0,5,5,17.0,5,10.0,4,27.0,5,6,,,5,,5,24.0,,,5,6,,6,0.0,,12.0,29.0,5,,,9.0,11.0,5,,5,18.0,5.0,22.0,5,7.0,,5,25.0,4,22.0,,4,5,,,,,6,,6.0,7.0,,6.0,,6,15.0,,,,5,32.0,,5,,19.0,6,,,5,,,,,8.0,5,,,,5,,33.0,,5,,,22.0,,6,,6,5,5,,13.0,,6,5,,,5,5,6,19.0,6,5,26.0,5,5,0,6,,7,5,5,4,6,17.0,,6,7,,22.0,19.0,,13.0,,,16.0,,6,,5,5,7,12.0,6,6,7,6,7,16.0,,,,,4,,,,11.0,,12.0,8.0,5,19.0,,6,,5,,11.0,10.0,6,5,,,18.0,,,5,26.0,12.0,5,,,,,,,38.0,,,10.0,6,,,,110,7,2.216204913748037,-0.7815413287279712
6,5,3,3,3,3,1,4,5,6,5,5,0,5,5,5,5,5,5,5,5,5,6,5,6,6,6,5,5,5,5,6,6,6,5,5,5,6,6,6,6,5,5,7,5,5,5,6,6,6,6,5,6,6,4,4,4,4,4,0,6,5,4,4,3,5,5,6,5,5,6,6,7,6,5,6,6,6,5,5,5,4,4,5,5,6,5,5,5,2,5,6,4,5,6,6,4,6,6,5,5,6,4,5,6,5,5,4,5,,6,6,6,5,4,5,5,5,6,6,6,4,6,6,6,6,5,5,4,5,6,4,4,4,6,6,6,4,4,5,4,5,5,5,6,5,6,5,6,6,6,6,5,5,5,5,6,5,5,5,3,5,4,5,5,5,4,6,5,5,4,6,5,5,4,5,6,5,6,5,5,5,6,4,4,6,6,5,3,5,5,5,4,4,4,3,6,6,6,6,5,5,6,5,6,6,5,6,3,5,5,4,5,6,5,4,5,6,5,6,6,5,5,5,6,6,5,6,6,5,5,6,5,5,5,6,5,5,5,5,6,6,5,5,6,5,6,6,6,4,6,6,4,5,5,5,5,6,5,6,6,5,6,5,6,6,6,6,6,5,6,4,4,5,6,6,5,6,5,6,5,4,5,5,3,4,4,5,5,7,5,6,5,6,6,5,5,6,0,6,5,5,5,4,5,4,5,6,5,3,0,6,6,6,5,7,5,6,5,6,6,4,6,0,6,6,5,5,6,5,7,6,6,5,6,6,6,5,5,6,5,6,6,5,7,6,6,6,17.0,6,6,5,6,5,7,5,5,5,6,6,5,5,4,5,6,5,5,5,6,6,6,5,5,5,6,5,5,5,6,5,6,6,32.0,17.0,6,6,6,6,6,5,6,6,6,5,6,4,6,6,25.0,6,5,3,7,6,5,4,6,6,4,5,6,2,3,6,28.0,,,5,5,5,5,5,5,5,5,6,5,5,5,5,2,6,7,6,4,4,11.0,6,5,,5,5,6,6,6,5,6,1,5,,5,6,6,5,6,5,25.0,6,5,5,5,0,5,,5,6,5,5,6,6,6,6,7,4,5,33.0,6,6,5,16.0,5,4,6,5,6,6,5,7,7,5,5,6,5,5,4,5,6,6,5,6,6,6,6,7,5,7,5,22.0,5,5,6,5,6.0,5,6,4,5,5,5,6,4,6,22.0,6,,6,5,6,6,6,7,5,5,4,9.0,7,5,6,7,7,6,5,6,5,5,6,5,6,5,2,5,5,4,8,7,6,6,6,7,6,6,,5,6,5,7,6,29.0,5,5,6,5,6,6,28.0,7,6,6,,6,6,5,,10.0,6,5,5,6,6,6,6,6,6,18.0,,,6,9,5,6,5,6,,6,25.0,,6,6,,5,5,5,6,15.0,5,5.0,29.0,7,5,10.0,6,,7,6,8.0,,6,12.0,8.0,22.0,6.0,11.0,,5,,8.0,6,28.0,6,6,5,6,6,13.0,,0,7,,6,6,5,6,7,,,5,6,6,6,4,6,5,,,5,6,,6,,,6,6,,6,,5,1,6,7,,24.0,4,31.0,,7,6,7,11.0,2,6,6,,,,7,7,6,6,,6,,27.0,6,17.0,,6,6.0,6,6,0.0,12.0,6,24.0,6,6,9.0,6,7,5,6,6,7,29.0,,4,17.0,,,7.0,23.0,15.0,5,6,,,7,23.0,6,6,,6,15.0,6,11.0,,,,,6,6,,,6,6.0,,6,,,,6,6,,,,,12.0,6,,23.0,7,,,6,,7.0,,8.0,20.0,,6.0,23.0,18.0,19.0,,,5,7,,17.0,,4,6,7,4,6,24.0,5,6,17.0,6,24.0,5,,6,6,,,4,,5,,,,4,6,0.0,7,17.0,,19.0,,6,33.0,24.0,,15.0,4,,6,13.0,19.0,10.0,7,11.0,,5,6.0,5,12.0,,4,6,,,,,5,,29.0,7.0,33.0,18.0,,6,21.0,29.0,,,5,,,4,,,7,,,5,12.0,,6.0,,,6,10.0,,,5,,,,4,,,24.0,,7,,7,6,6,,,12.0,6,6,,,6,6,7,20.0,5,6,23.0,5,6,6,6,,7,6,6,5,6,17.0,6.0,6,7,,,11.0,,11.0,,,6.0,,7,,5,5,7,19.0,6,6,7,6,7,26.0,,,,,5,17.0,,10.0,,,28.0,,0,,,7,,6,,,14.0,7,6,,9.0,14.0,,,6,,33.0,5,14.0,,,,,,9.0,,,,4,,,,111,7,2.1623221518330045,-0.7536844167944373
4,4,4,2,4,4,3,4,5,5,4,4,4,4,3,4,4,4,4,4,4,3,5,4,4,4,5,4,3,4,4,4,4,4,5,3,4,5,4,4,3,3,4,6,3,4,0,4,4,5,5,3,4,4,4,4,4,4,3,4,4,3,3,3,3,4,4,5,4,4,4,5,6,5,4,5,5,4,4,4,4,3,3,3,4,4,0,3,4,4,4,4,4,4,4,4,3,5,4,4,4,4,5,3,4,3,3,3,4,4.0,5,5,5,4,3,3,2,4,4,5,5,1,4,4,4,4,4,4,1,3,4,4,3,3,5,4,4,4,4,4,4,4,3,4,5,3,4,4,4,4,4,4,3,4,2,4,4,3,4,4,2,4,4,4,4,3,3,4,4,3,3,4,4,3,4,5,5,4,4,3,3,1,4,3,4,5,4,4,4,4,4,3,5,5,4,4,4,4,4,4,4,3,7,4,4,4,4,4,4,3,3,3,3,5,3,4,4,0,4,5,5,4,4,4,5,4,3,4,4,4,4,4,2,4,4,4,3,4,4,4,5,5,4,4,4,4,5,5,5,3,4,4,3,4,4,4,3,5,4,4,5,4,4,3,5,5,5,5,4,3,4,4,4,5,4,4,5,4,2,5,3,4,3,2,4,4,4,5,4,5,3,4,4,5,4,3,3,5,5,5,3,4,4,3,4,4,3,5,4,5,4,5,4,5,4,5,4,5,4,5,1,3,5,4,5,4,4,4,5,3,6,5,5,3,5,5,4,4,4,4,3,5,4,4,5,4,4,4,26.0,4,4,0,4,4,5,4,4,4,5,5,4,4,2,3,4,3,4,3,3,5,4,3,4,4,5,4,4,3,4,4,4,4,31.0,5.0,4,4,5,4,4,0,4,4,4,3,4,4,4,2,,4,4,4,5,4,3,3,5,5,4,3,5,4,4,4,,28.0,,4,4,4,3,4,4,4,3,5,3,4,5,4,4,4,6,4,2,5,11.0,4,4,,4,4,0,4,4,4,5,5,4,,4,6,5,4,5,4,,4,4,4,4,5,4,,4,4,5,4,4,5,4,4,6,3,4,8.0,5,5,4,12.0,4,4,4,4,4,4,4,6,6,4,4,5,4,3,3,3,5,5,4,5,6,6,5,6,4,6,4,21.0,4,4,5,5,9.0,4,5,4,5,5,3,5,4,5,8.0,5,,5,4,4,5,5,6,0,5,3,13.0,6,5,4,6,5,5,4,5,4,4,4,4,4,3,4,4,4,4,7,6,5,5,4,6,5,4,,4,4,4,6,5,14.0,4,5,5,4,4,5,,5,4,4,,5,4,4,,25.0,5,4,5,5,4,4,4,5,2,18.0,,32.0,4,8,5,5,3,5,,5,,,4,5,7.0,5,4,4,5,,4,26.0,19.0,5,5,,5,,6,5,12.0,,5,,24.0,7.0,,14.0,,5,,,4,24.0,5,4,4,5,4,25.0,,3,6,,0,5,4,4,5,,,4,4,5,5,4,4,4,,,4,5,,5,14.0,14.0,5,4,,4,31.0,5,4,2,6,,25.0,4,,,6,4,6,15.0,5,5,5,,,,4,5,5,4,,5,10.0,,4,,,5,12.0,5,6,,,5,,5,4,16.0,5,6,5,5,4,6,9.0,,4,,23.0,,29.0,16.0,8.0,4,4,14.0,,5,,4,5,,5,,5,9.0,15.0,,,,5,5,,31.0,0,7.0,,5,,,,4,5,21.0,26.0,,31.0,,5,,11.0,4,,,5,,8.0,,12.0,6.0,,23.0,25.0,20.0,11.0,16.0,,5,6,6.0,12.0,,4,4,5,4,5,,5,4,19.0,3,,3,,4,5,,13.0,5,,4,,,,5,5,,6,9.0,,,13.0,5,15.0,,,11.0,4,,5,,27.0,22.0,5,15.0,,5,21.0,4,,,4,5,,,,,5,7.0,8.0,6.0,14.0,28.0,,5,,12.0,,,5,25.0,,4,0.0,27.0,5,,22.0,5,8.0,,,,9.0,4,,,21.0,4,,,,4,,,19.0,,6,23.0,5,4,4,,16.0,14.0,5,4,,,4,4,4,13.0,5,4,27.0,5,5,5,5,,6,5,5,3,5,,19.0,5,6,,10.0,15.0,,18.0,,,30.0,,5,,5,4,6,,5,5,6,5,6,16.0,,,,26.0,4,6.0,,,11.0,,,17.0,4,11.0,,5,,5,,,,5,5,,6.0,29.0,,5.0,5,10.0,,5,12.0,,,,,,,,,20.0,6,,,,112,7,2.135508283902638,-0.8161539092792227
6,5,7,7,7,5,6,6,7,8,6,7,7,6,6,6,6,5,6,6,6,6,7,6,7,7,7,6,6,6,5,6,7,7,7,6,6,7,7,7,7,0,6,8,6,7,7,6,7,7,7,6,7,7,7,7,7,7,6,7,7,7,5,6,6,6,7,8,6,7,7,7,7,7,4,7,7,6,6,6,6,6,5,6,6,3,5,6,7,6,7,7,7,6,4,6,6,8,7,7,7,7,8,7,7,6,6,5,7,,8,8,7,6,6,6,6,6,7,7,7,5,7,7,7,7,7,6,5,6,7,6,6,6,7,6,6,7,7,7,7,6,5,4,7,6,7,6,7,7,7,6,6,5,6,7,7,6,7,7,4,7,6,6,7,6,6,6,6,6,6,7,6,6,7,8,7,6,7,6,6,7,7,6,6,8,7,6,7,6,6,6,8,8,7,7,6,6,6,6,6,5,9,6,5,6,5,4,7,6,6,6,5,7,6,6,7,7,6,7,7,5,6,6,7,6,6,7,6,7,6,7,6,6,7,7,6,7,7,8,7,7,7,7,7,7,8,8,7,6,7,6,6,7,6,6,6,7,6,7,7,6,7,6,7,7,7,8,6,6,7,7,7,7,7,7,8,7,6,7,6,7,6,6,7,6,7,7,7,8,6,7,6,7,5,2,6,7,7,7,6,6,7,6,7,7,6,4,6,6,6,7,6,4,6,8,6,6,6,8,5,7,8,7,7,7,6,7,7,6,8,7,8,6,8,8,1,6,3,7,6,7,6,7,8,7,6,0,22.0,7,7,7,7,7,8,6,6,6,7,8,7,7,6,7,8,6,6,6,6,8,7,6,7,7,8,6,6,5,7,6,7,7,0.0,7.0,7,7,7,7,7,6,7,7,7,6,7,6,7,7,26.0,7,7,7,8,7,6,6,8,7,7,5,7,7,7,7,20.0,11.0,25.0,6,7,6,6,7,7,7,6,7,7,6,8,7,7,7,8,7,6,7,,7,0,,6,6,7,7,7,6,8,8,7,,6,7,8,6,7,6,11.0,7,6,6,5,8,7,,6,7,7,6,6,7,7,7,8,6,6,8.0,8,8,6,,6,7,5,6,7,7,6,8,8,7,5,7,7,6,6,6,7,7,7,7,8,7,8,8,7,8,7,33.0,7,7,8,7,,7,8,7,8,8,6,7,7,7,21.0,7,,7,6,7,8,7,8,6,7,6,24.0,8,7,7,9,8,8,7,7,7,7,7,6,7,6,5,7,7,7,9,8,7,7,7,8,7,6,,7,7,7,8,8,30.0,7,7,8,7,7,7,,8,6,7,,8,5,7,,20.0,7,7,8,7,7,7,7,8,6,,,27.0,7,8,8,7,7,7,,8,,,7,8,12.0,7,7,6,8,,7,,,8,8,,7,,8,7,13.0,,7,0.0,10.0,,,13.0,,8,,12.0,7,14.0,8,7,7,7,7,,17.0,7,8,,7,8,7,7,8,,,7,7,7,8,7,7,7,,8.0,7,8,,7,,16.0,8,7,,7,13.0,8,7,8,9,,26.0,7,14.0,7.0,8,7,7,8.0,8,8,8,,17.0,,8,8,8,7,22.0,7,,,7,26.0,,8,,7,8,,18.0,8,9.0,7,0,8.0,7,8,7,8,7,9,,,7,11.0,19.0,10.0,,27.0,15.0,6,6,21.0,,7,0.0,7,7,,7,,7,13.0,10.0,,,,7,8,19.0,11.0,8,,,7,,,,6,7,17.0,14.0,,17.0,14.0,8,,23.0,6,,,7,,13.0,,,11.0,,19.0,13.0,21.0,17.0,,,8,8,,29.0,14.0,7,7,7,7,7,,7,7,28.0,7,,3,10.0,7,8,,12.0,8,,7,15.0,,,7,0,,8,8.0,,31.0,27.0,7,11.0,10.0,,,7,,7,22.0,,,7,17.0,,8,28.0,6,11.0,,6,7,,,,,8,15.0,28.0,17.0,16.0,27.0,,7,11.0,16.0,,,8,,,7,,18.0,7,,,8,,,18.0,,31.0,7,11.0,,10.0,7,,,,7,,,13.0,,8,7.0,0,6,7,,25.0,,8,7,,,4,6,8,23.0,8,7,,7,7,8,8,,9,8,8,6,8,,14.0,7,9,,,,,23.0,,,11.0,,8,,7,7,9,7.0,8,8,8,8,9,13.0,,,,,7,,,33.0,28.0,,,,7,17.0,,7,,7,,16.0,14.0,8,7,,,,0.0,,8,28.0,11.0,8,,,,,,,8.0,,,17.0,9,,,,113,7,2.108654652137473,-0.7705473524721896
4,1,4,4,4,4,4,4,4,5,2,4,4,3,4,4,3,3,4,4,3,3,4,3,4,4,4,3,3,4,3,3,4,4,4,3,3,4,4,3,4,3,3,6,3,4,4,4,4,5,5,4,4,4,4,4,4,4,3,4,4,4,3,3,3,4,4,5,4,3,4,4,5,4,3,0,5,4,3,3,3,3,2,3,3,4,3,3,4,4,4,4,4,3,4,4,3,5,4,4,4,4,5,4,5,2,3,3,4,10.0,5,5,5,4,3,3,3,4,4,5,4,2,5,4,4,4,4,3,0,2,4,4,4,3,4,4,4,3,4,4,4,4,3,3,4,3,4,3,5,4,4,4,3,3,4,4,5,4,4,4,3,3,4,3,4,2,2,3,3,3,3,4,3,3,4,5,5,4,5,3,3,4,5,3,3,5,4,3,4,3,3,4,5,5,4,5,4,2,3,0,4,3,6,1,4,4,4,4,4,3,3,3,3,5,4,3,4,4,3,3,4,3,3,3,4,4,2,4,4,4,4,4,4,4,4,4,4,4,4,5,4,4,4,4,4,3,5,5,4,2,4,4,3,0,3,3,3,4,3,4,4,4,4,4,5,5,5,5,4,3,4,4,4,5,5,4,4,3,3,5,3,4,1,3,4,4,4,4,4,5,3,4,4,5,4,4,3,4,4,4,3,3,4,3,4,4,4,4,4,4,4,2,4,4,0,5,4,4,4,5,4,4,5,4,5,4,4,4,4,3,5,4,5,3,5,5,4,2,3,1,3,5,4,4,5,4,4,4,,5,5,3,4,4,5,3,4,4,5,5,4,4,3,3,4,3,3,3,4,5,3,3,4,3,5,4,4,3,4,4,5,5,20.0,18.0,5,5,5,4,4,4,4,5,5,3,5,4,5,4,7.0,4,4,4,6,4,3,3,5,5,4,4,4,4,4,4,13.0,,19.0,4,4,3,1,4,4,4,3,5,4,0,4,5,4,4,5,4,2,5,14.0,4,3,27.0,4,3,4,4,4,4,5,5,4,,3,5,5,4,4,4,,4,4,3,4,5,4,,3,5,4,3,4,5,4,4,5,3,3,33.0,5,5,4,,3,4,4,4,4,4,4,6,5,4,3,4,4,3,3,3,5,4,4,5,5,5,5,6,4,6,4,27.0,4,3,5,5,,4,5,4,5,5,3,4,4,5,,5,,5,4,5,5,4,6,3,5,3,15.0,5,4,4,6,6,5,3,4,4,4,4,3,4,3,4,4,4,4,6,5,5,5,4,6,4,4,,4,4,4,6,5,30.0,4,4,5,4,4,5,5.0,5,4,0,,5,4,4,,,5,4,5,4,4,4,4,5,4,,,,4,7,5,5,4,5,,5,13.0,,3,5,16.0,4,4,3,5,,4,,9.0,5,5,22.0,4,,5,5,33.0,,4,28.0,,,32.0,5.0,,5,,,4,,5,2,4,4,4,5.0,,4,6,,4,5,4,4,6,,,4,4,4,5,4,4,4,,,4,5,,5,,20.0,5,4,,5,8.0,5,4,5,6,,,4,16.0,,5,4,5,,5,5,5,,5.0,,6,5,5,5,,5,25.0,,4,33.0,,5,14.0,5,5,26.0,12.0,5,,0,4,4.0,5,6,4,5,4,6,14.0,,5,10.0,22.0,33.0,32.0,34.0,11.0,4,4,33.0,,5,10.0,4,5,,4,13.0,5,8.0,,,,,4,4,,14.0,5,4.0,,4,,,,4,4,,15.0,,19.0,25.0,5,,34.0,5,,,5,,28.0,,16.0,0.0,,,9.0,20.0,,,21.0,4,6,,,6.0,4,4,5,4,4,23.0,5,4,29.0,4,5.0,3,22.0,4,5,,19.0,5,,4,23.0,,,5,5,,6,19.0,,,7.0,5,32.0,15.0,,31.0,4,,5,,,34.0,5,,,5,,3,17.0,,4,4,,,,,4,29.0,,,31.0,,,5,27.0,,,,5,,,4,,31.0,4,,,5,,,19.0,,17.0,4,0.0,,4.0,4,,20.0,,4,,,11.0,,5,4.0,5,4,4,,8.0,,5,4,,,4,3,5,13.0,5,5,26.0,5,5,5,5,,6,5,5,3,5,27.0,5.0,5,6,,25.0,21.0,,22.0,,,21.0,,5,,5,4,6,28.0,5,5,6,5,6,6.0,,,,14.0,3,10.0,,12.0,9.0,,,13.0,4,23.0,,5,,5,23.0,9.0,10.0,5,5,,7.0,,,,4,27.0,,5,16.0,,,,,,,,,13.0,6,,,,114,7,2.139679255043971,-0.7855549799354359
5,6,5,5,5,4,5,6,6,7,5,5,6,5,5,5,5,5,5,5,6,5,6,5,6,6,6,6,5,6,5,6,6,6,6,5,6,6,6,6,6,4,5,7,5,5,5,5,0,6,6,6,6,6,5,5,0,5,4,5,6,6,2,3,5,5,6,0,5,6,6,6,7,6,5,6,6,4,5,6,5,5,4,5,3,6,5,5,4,5,6,6,6,6,6,6,5,6,6,6,6,6,6,6,6,4,5,4,6,7.0,7,7,6,5,5,3,5,6,6,6,6,5,6,6,6,6,5,6,5,4,6,5,5,5,4,6,6,5,4,6,6,6,5,6,6,5,6,5,6,6,6,6,5,5,5,5,6,4,5,2,4,5,5,5,6,5,5,6,5,5,5,6,5,5,4,6,6,6,6,5,5,2,6,4,5,7,6,5,6,5,6,5,6,6,5,5,6,6,6,6,6,5,8,5,6,6,6,6,5,4,4,4,4,7,5,5,6,6,6,5,6,5,6,6,6,6,5,6,6,6,5,6,6,5,5,5,5,5,5,6,6,6,5,5,5,4,7,7,6,4,6,6,4,5,5,4,4,6,5,6,6,6,6,5,6,7,6,6,6,5,6,3,6,6,6,6,7,6,5,6,5,5,5,4,6,5,5,6,5,7,5,0,6,6,6,5,5,7,6,6,5,5,5,1,5,5,5,6,5,6,5,6,6,6,5,7,6,6,5,6,6,6,6,6,6,6,5,6,6,5,7,6,7,5,7,6,6,6,5,6,5,7,5,6,7,6,5,6,8.0,6,6,5,6,5,7,5,5,5,6,7,6,5,5,5,6,5,4,5,5,6,6,3,5,6,6,5,6,5,6,0,6,6,28.0,31.0,6,6,6,6,6,5,6,6,6,5,6,5,6,6,,6,6,5,6,6,5,5,7,7,5,6,6,5,5,5,25.0,14.0,,5,6,5,5,6,5,6,5,6,5,5,6,6,5,5,7,6,4,6,6.0,6,5,,5,4,6,6,6,5,6,6,6,,5,7,6,5,6,5,,6,5,6,5,6,5,,5,6,6,6,6,6,6,6,7,5,5,29.0,7,7,5,7.0,6,5,6,6,6,6,5,7,7,5,5,6,5,5,5,5,6,6,6,6,7,7,7,7,6,7,5,,6,5,6,6,,5,7,6,6,6,5,6,5,6,17.0,6,,6,6,6,6,6,7,4,6,5,,7,6,6,8,7,7,5,6,5,0,6,5,6,5,6,5,6,5,8,7,6,7,5,7,6,6,,6,6,6,7,7,,6,6,7,6,6,6,13.0,7,6,6,,7,6,6,,,6,6,6,6,5,6,6,7,6,5.0,,27.0,6,9,4,6,5,6,,6,,,6,7,16.0,6,6,5,6,24.0,6,14.0,,7,6,21.0,6,,7,7,31.0,,6,7.0,9.0,,11.0,18.0,,6,,,6,10.0,7,6,6,6,6,,28.0,6,7,,6,7,5,6,7,,,6,6,6,6,6,6,6,,,6,6,,7,21.0,12.0,6,6,,6,9.0,6,5,6,8,,,6,,,7,6,7,10.0,6,7,7,,,,7,7,6,6,15.0,7,,21.0,6,16.0,,6,10.0,6,7,,,7,17.0,6,6,,6,7,6,7,5,8,,,5,6.0,16.0,20.0,15.0,12.0,24.0,5,5,22.0,,7,10.0,6,4,,6,24.0,7,20.0,30.0,,,,6,6,10.0,17.0,7,27.0,,6,,,,6,6,7.0,11.0,,27.0,23.0,6,,29.0,7,,,6,,16.0,,0.0,,,13.0,29.0,10.0,,7.0,0.0,6,7,26.0,12.0,11.0,5,6,7,5,6,,6,6,31.0,6,9.0,5,19.0,6,7,,18.0,6,,6,23.0,,,6,7,,6,,,20.0,,6,27.0,,,8.0,5,,6,29.0,7.0,,7,9.0,,6,7.0,5,8.0,,5,6,,,,,6,13.0,,,,18.0,,7,,20.0,,,6,12.0,,5,,10.0,7,,,6,28.0,,,,,6,26.0,,7.0,6,,7.0,,6,,,19.0,,7,,7,7,6,,12.0,,7,6,,,7,6,7,,6,7,8.0,6,6,6,6,,7,6,0,5,7,21.0,7.0,6,8,,,,,,0.0,,,,7,,6,5,8,7.0,6,7,7,6,8,,,,,,5,16.0,,,10.0,,15.0,,6,15.0,,6,,6,12.0,,23.0,7,6,,,19.0,,,6,19.0,7.0,6,13.0,,,,,,22.0,,,22.0,7,,,,115,7,2.0558921855411616,-0.7779979794869804
6,7,0,6,5,6,6,7,6,8,6,7,6,5,7,6,6,6,5,6,6,6,7,6,7,7,7,7,6,7,6,6,6,7,7,6,6,6,7,7,7,6,6,8,6,6,6,7,7,5,7,7,7,7,6,6,5,2,4,6,7,6,5,5,6,6,7,7,6,6,6,7,8,7,6,7,7,6,6,6,6,6,5,5,4,7,5,6,6,6,6,7,7,6,7,7,6,7,7,7,6,7,7,5,6,6,6,5,7,27.0,6,8,7,6,6,6,6,7,6,8,7,5,7,7,6,6,6,6,6,6,7,3,5,6,7,7,7,6,6,7,7,6,5,6,7,6,6,6,7,7,7,7,6,6,6,6,7,7,6,6,4,6,5,1,6,6,5,7,6,6,6,7,6,6,6,7,7,6,7,6,6,6,7,6,6,7,6,6,7,6,6,6,6,6,6,6,7,7,7,7,7,6,9,6,7,7,7,7,6,6,6,5,6,7,6,6,7,6,6,7,0,6,6,6,7,7,6,7,7,7,6,7,7,5,6,7,6,5,4,7,7,7,6,6,6,6,8,8,7,5,7,7,5,6,6,6,6,7,6,7,7,6,6,6,7,7,7,8,7,6,7,5,6,6,7,7,7,7,6,7,6,5,6,5,7,5,6,7,6,8,6,7,7,7,7,6,6,7,7,7,6,6,6,6,6,6,6,7,6,5,6,7,7,7,6,8,7,7,6,7,0,6,7,6,7,7,6,7,7,6,8,7,7,5,8,8,7,7,6,7,6,7,6,7,8,7,7,7,19.0,7,7,6,7,6,7,6,6,6,7,8,7,6,6,7,7,6,6,6,6,7,7,6,6,6,8,6,6,4,7,6,7,7,,18.0,7,7,8,7,7,6,7,7,7,6,7,6,7,7,22.0,7,7,6,8,7,5,5,8,7,3,7,6,5,6,6,,27.0,29.0,6,0,6,6,7,6,7,6,7,6,6,7,7,6,6,8,6,5,7,12.0,7,6,25.0,6,6,7,7,7,7,7,7,7,,6,8,7,6,7,7,18.0,7,6,6,6,7,6,,6,7,7,6,7,7,7,7,8,6,6,,8,7,6,,6,6,7,7,7,7,7,8,8,6,6,7,6,6,5,6,7,7,6,7,8,8,8,8,7,8,6,,6,6,7,7,,6,8,7,7,7,6,7,6,7,,7,,7,6,7,7,7,8,6,4,5,8.0,8,7,7,9,8,7,6,7,7,6,7,6,7,5,6,6,7,6,9,8,7,8,7,9,7,7,,7,7,7,8,7,32.0,7,7,8,6,7,7,11.0,8,6,7,,7,7,5,,20.0,7,6,6,7,6,7,6,7,6,16.0,,11.0,7,10,7,7,0,7,,7,,,7,8,16.0,7,7,3,8,10.0,0,14.0,13.0,7,7,12.0,7,,8,7,7.0,,7,22.0,,,15.0,10.0,,7,,,7,15.0,7,7,7,7,7,,26.0,7,8,,7,8,6,7,8,,,7,6,7,8,6,7,7,,,7,7,,8,35.0,16.0,7,7,,7,,7,6,0,8,,24.0,7,,6.0,8,7,8,,6,7,8,,,,8,8,7,7,32.0,7,6.0,31.0,7,21.0,,7,,7,8,31.0,,8,10.0,7,7,,7,8,7,8,7,8,15.0,,6,19.0,8.0,32.0,20.0,,10.0,6,6,,,8,26.0,7,7,,6,10.0,7,,11.0,,,,7,7,,32.0,7,15.0,,7,,,,7,7,15.0,,,10.0,,7,,9.0,8,,,7,,11.0,,,,,20.0,26.0,13.0,27.0,13.0,9.0,6,8,,7.0,10.0,6,7,7,5,7,,7,7,33.0,7,32.0,6,,0,8,,,6,,6,,,,5,6,,8,,,16.0,,7,14.0,,,34.0,6,,7,17.0,17.0,22.0,8,15.0,,7,10.0,6,,,5,7,,,,,7,13.0,28.0,28.0,19.0,,,7,,19.0,,,7,11.0,,6,,6.0,8,,30.0,7,18.0,,28.0,,13.0,7,12.0,,,6,,,,7,,,14.0,,8,,7,7,7,,7.0,,8,7,,,8,7,8,18.0,7,7,12.0,7,7,7,7,,8,7,7,6,8,,,7,8,,28.0,,,24.0,,,27.0,,8,,6,6,9,22.0,8,6,8,7,8,9.0,,,,35.0,6,0.0,,30.0,,13.0,9.0,10.0,7,21.0,,9,,7,,28.0,16.0,7,7,,,21.0,,12.0,7,,32.0,6,,,,,0.0,,,,,11.0,7,,,,116,7,2.1548960810671107,-0.7616288248215094
4,4,4,4,4,4,3,4,4,5,4,4,4,3,4,3,4,3,4,4,1,3,5,4,4,4,4,4,3,2,3,4,4,4,4,4,2,4,4,4,4,4,3,5,4,4,4,4,4,5,5,4,5,4,4,4,5,5,4,5,5,4,3,3,4,4,5,5,4,4,4,5,5,4,3,4,4,4,4,4,3,3,2,3,3,4,0,3,4,4,4,4,3,4,4,4,3,5,5,4,4,5,5,5,5,3,3,3,4,,5,6,5,3,1,3,4,4,4,5,5,3,5,3,4,4,5,3,4,3,4,4,4,4,5,4,4,4,5,4,4,4,3,4,4,3,4,4,5,5,4,4,3,4,4,4,3,5,4,4,2,4,4,3,4,3,3,4,4,3,2,4,4,3,4,5,4,4,5,4,4,4,5,3,2,5,4,2,3,3,4,4,5,5,5,5,4,3,4,4,5,4,7,2,4,5,3,4,4,4,4,4,3,5,4,3,4,5,3,5,4,4,3,3,5,1,3,4,4,4,4,4,4,4,3,5,4,5,5,5,5,5,4,4,5,4,5,5,4,3,5,4,4,4,3,4,3,5,4,4,5,3,5,3,5,4,5,5,4,2,4,4,4,5,4,4,4,5,4,5,4,4,3,3,4,4,4,4,4,6,4,4,4,5,5,4,4,5,4,5,4,3,4,4,4,4,3,4,4,4,4,4,4,5,4,5,4,4,1,5,4,4,4,4,5,4,4,4,1,3,5,4,5,3,5,0,4,4,4,4,4,5,4,4,5,4,4,5,25.0,5,5,4,5,4,5,4,4,4,5,5,4,0,4,4,5,4,2,3,4,5,4,4,4,4,5,4,0,4,5,5,5,5,5.0,14.0,5,5,6,5,5,5,4,5,5,4,5,4,5,5,5.0,5,4,4,6,5,4,4,5,5,4,4,4,4,4,5,15.0,16.0,5.0,3,4,4,3,4,4,4,3,5,3,4,4,2,4,4,6,5,3,5,31.0,4,3,23.0,3,4,4,4,2,4,4,4,4,,4,5,0,4,4,4,12.0,4,4,0,4,4,4,,4,5,5,4,4,5,4,4,6,3,4,27.0,5,5,4,12.0,4,4,4,4,4,4,3,5,6,4,4,5,4,4,3,3,5,5,4,4,5,5,5,6,4,6,4,8.0,4,4,5,5,14.0,4,5,4,5,5,4,4,4,5,,5,,4,4,4,5,5,6,4,5,3,,6,2,4,6,6,5,0,5,4,4,4,4,4,4,4,4,4,4,7,6,5,5,5,6,5,4,,4,5,5,6,5,5.0,4,5,5,5,4,5,9.0,5,4,4,,4,4,4,,31.0,5,5,5,4,4,4,4,5,4,4.0,,,5,7,5,5,4,5,,5,,,4,5,5.0,5,4,4,5,11.0,4,31.0,6.0,5,6,8.0,5,,6,5,20.0,,4,,11.0,,,25.0,,5,,0.0,5,15.0,5,4,4,5,5,0.0,,5,4,,5,5,4,4,6,,,4,4,4,5,4,4,3,,,4,5,,5,12.0,,5,4,,5,,5,5,5,6,,16.0,4,33.0,9.0,6,4,5,,5,5,5,,24.0,,6,6,5,5,27.0,5,23.0,,4,,,5,26.0,4,5,27.0,9.0,6,,4,4,15.0,5,5,4,5,5,6,22.0,,5,8.0,33.0,6.0,30.0,10.0,10.0,4,4,20.0,,5,8.0,5,5,,2,8.0,5,14.0,,,,,5,5,29.0,,5,19.0,,5,,,,5,5,,,,32.0,31.0,5,,,6,,,5,,12.0,,26.0,,,19.0,7.0,27.0,10.0,,22.0,5,6,10.0,7.0,,5,5,5,4,5,,5,5,,4,,3,27.0,4,5,,9.0,5,,4,,,,5,5,,6,,,23.0,23.0,5,,,,7.0,5,,4,,31.0,29.0,6,,,5,13.0,4,21.0,,4,5,,,,,6,20.0,14.0,10.0,,,,5,26.0,5.0,,,5,15.0,,4,,11.0,5,,32.0,5,,,,,12.0,4,22.0,,,4,,8.0,,4,,,10.0,,5,17.0,5,5,5,,,,5,4,,,5,5,5,10.0,5,5,,5,5,5,6,,0,5,5,4,5,26.0,16.0,5,6,,19.0,33.0,,12.0,,,6.0,,6,,5,4,5,4.0,4,4,6,5,6,18.0,,,,,4,,,31.0,14.0,12.0,20.0,,3,,,6,,4,,26.0,,5,4,,,,,27.0,5,15.0,33.0,5,29.0,,,,,,31.0,,,,6,,,,117,7,2.119847939175668,-0.7859340625276413
5,5,5,5,5,1,5,4,3,5,5,5,5,5,5,5,5,5,5,5,5,4,6,5,5,5,6,5,4,5,5,5,5,6,6,5,5,6,5,5,0,4,5,6,4,6,5,5,5,6,6,5,4,5,5,5,6,5,4,6,5,5,4,2,4,5,6,6,5,5,6,6,7,6,5,6,6,6,5,5,5,4,4,4,5,6,1,5,5,5,5,6,6,4,5,5,5,6,6,5,5,6,6,3,5,5,4,4,5,,6,7,6,5,4,4,5,5,5,6,6,4,6,5,6,6,6,5,4,4,5,5,5,3,6,5,5,5,5,6,6,4,5,5,6,5,5,5,6,6,5,5,5,5,5,5,6,5,5,5,4,5,5,5,5,4,4,5,5,4,4,5,5,5,5,6,6,5,6,5,5,5,6,4,5,6,5,5,5,5,5,5,6,6,5,5,5,5,5,5,6,2,5,5,5,5,5,5,5,5,5,4,5,5,5,4,6,6,5,6,6,5,5,5,6,4,5,6,6,5,5,5,5,5,5,6,5,6,5,6,6,6,5,5,6,5,6,6,6,3,6,5,3,5,5,5,4,6,5,6,6,5,6,5,6,6,5,6,6,5,6,5,6,6,6,6,6,6,5,6,4,5,5,4,5,5,5,5,5,7,5,5,5,5,6,5,5,5,6,6,5,5,5,5,5,5,3,6,5,5,5,5,5,6,5,6,5,6,5,6,5,5,6,6,6,4,5,5,6,5,7,6,6,5,7,7,5,5,5,5,5,6,5,6,6,6,5,6,9.0,6,6,5,6,5,7,5,5,5,5,5,5,5,5,5,6,0,4,5,3,6,6,5,5,4,6,5,5,4,6,5,6,6,,28.0,6,6,6,5,6,5,5,6,0,5,6,5,6,5,,6,5,5,7,6,5,5,5,5,5,5,6,5,5,5,28.0,,,3,5,4,4,5,5,5,5,6,5,5,6,6,5,5,7,6,4,6,22.0,5,4,,5,5,6,5,6,5,6,6,6,,5,6,5,5,6,5,,6,3,5,5,6,5,,3,5,0,5,5,6,5,6,7,4,5,,6,6,5,7.0,5,5,5,5,5,6,5,6,6,5,5,6,5,5,3,3,5,6,5,5,5,6,6,6,5,6,4,18.0,5,5,5,6,,5,6,5,6,6,5,6,5,6,,6,,4,5,6,6,5,6,5,5,4,10.0,7,6,5,7,7,6,5,6,5,5,5,5,6,5,5,5,5,5,7,7,6,6,5,6,6,5,,6,5,6,6,6,,5,4,6,6,0,5,11.0,6,5,6,,6,5,5,,11.0,6,6,6,6,5,5,6,6,5,,,,6,8,6,6,5,5,,6,,,4,6,25.0,6,5,5,6,,5,14.0,20.0,7,7,22.0,6,,5,6,,,6,18.0,22.0,18.0,13.0,,,6,,13.0,6,31.0,6,6,5,6,6,6.0,10.0,5,6,,6,6,5,5,7,,,5,6,6,6,5,5,6,,11.0,5,5,,6,21.0,18.0,6,6,,6,,6,6,6,7,,11.0,2,16.0,18.0,7,5,6,,6,6,6,,7.0,,5,6,6,6,16.0,6,26.0,25.0,5,6.0,,6,20.0,6,6,7.0,,7,,5,5,0.0,6,6,5,6,6,7,29.0,,6,,,20.0,13.0,14.0,14.0,5,5,15.0,,6,21.0,6,5,,5,14.0,6,8.0,20.0,,,,6,5,30.0,6.0,7,,,6,,,,5,6,15.0,19.0,,6.0,7.0,6,,30.0,6,,,6,,,,9.0,24.0,,,,7.0,25.0,,,6,6,7.0,,12.0,5,6,7,5,6,0.0,6,6,8.0,6,33.0,4,29.0,5,6,,,6,,5,7.0,,0.0,6,2,,7,12.0,,17.0,19.0,6,,17.0,,,6,,6,,11.0,32.0,6,18.0,,6,8.0,5,5.0,,5,6,,,,,7,19.0,16.0,,,8.0,,6,22.0,13.0,,,6,15.0,,6,,,6,,25.0,6,22.0,,20.0,,,5,,,,4,,,,5,,,14.0,,6,,6,6,6,,,,5,6,,,6,5,6,,6,6,,6,6,6,6,,7,6,6,5,7,16.0,,0,7,,,14.0,,,,,9.0,,6,,6,4,6,,6,6,6,6,7,17.0,,,,,5,5.0,,,7.0,11.0,25.0,29.0,5,,,7,,6,7.0,14.0,30.0,6,6,,21.0,15.0,,13.0,6,21.0,19.0,6,,,,,,,17.0,,,28.0,7,0.0,,,118,7,2.1371182619389213,-0.7940242804142404
5,4,4,4,4,4,4,4,5,5,4,4,4,0,4,4,3,4,4,2,4,3,5,3,4,4,4,4,1,4,3,3,4,3,4,3,4,4,4,4,1,3,4,6,3,4,4,4,4,5,5,3,5,4,4,4,5,4,3,5,4,4,3,3,4,3,5,5,3,4,4,5,6,5,4,5,5,4,4,4,3,4,3,3,2,4,3,3,4,4,4,5,4,3,4,3,4,5,5,4,4,5,5,5,5,3,4,2,4,0.0,5,6,5,4,3,3,4,5,4,5,5,2,5,4,3,4,5,0,3,1,4,4,4,3,5,4,4,4,5,4,5,4,2,4,4,4,4,4,5,4,5,4,4,4,4,4,5,4,4,4,3,4,4,4,4,3,3,4,4,3,4,4,0,4,4,5,4,4,5,4,3,4,5,3,3,5,4,3,4,4,4,4,5,5,4,5,4,4,4,4,4,4,6,4,4,4,4,4,4,4,3,3,3,5,4,4,5,4,4,5,4,4,3,4,5,4,4,4,4,4,4,2,4,4,4,5,4,5,5,5,5,5,4,4,5,4,5,5,5,3,5,4,4,4,3,4,2,4,4,5,5,0,4,4,4,5,5,0,4,4,4,4,5,5,5,4,5,5,3,5,3,4,3,3,4,4,4,4,4,4,4,4,4,5,4,4,4,5,5,5,4,4,4,3,4,4,4,5,4,5,4,5,4,5,4,6,4,5,3,5,4,5,5,5,0,4,4,4,5,4,6,5,5,3,5,5,4,4,4,3,3,5,4,4,3,4,4,4,24.0,5,5,3,4,4,6,4,4,4,5,5,5,4,3,4,5,3,3,3,4,5,4,4,4,4,5,4,5,1,5,5,5,5,17.0,,5,5,5,5,5,5,5,5,5,4,5,4,5,5,,4,4,4,6,5,4,3,5,5,4,4,5,4,4,4,22.0,23.0,9.0,4,3,4,3,0,4,4,4,4,4,4,5,5,4,4,6,4,3,5,7.0,5,4,,4,3,4,4,5,3,5,5,4,,3,5,4,4,5,4,23.0,3,4,4,4,5,4,,4,5,4,4,4,5,5,5,6,4,4,23.0,5,5,3,,4,4,4,4,5,5,4,6,5,4,4,5,4,3,4,4,5,5,4,5,5,5,5,6,4,6,4,18.0,4,4,5,5,8.0,4,5,4,5,5,4,5,4,5,15.0,5,,5,3,5,5,4,6,4,5,3,,6,5,5,6,6,5,4,5,4,4,4,4,4,4,4,4,4,4,7,6,5,5,4,6,5,4,,4,5,5,6,5,23.0,4,4,5,5,4,5,15.0,5,4,4,,5,4,4,,,5,4,5,4,4,4,5,5,4,,,9.0,5,8,5,5,4,5,,5,16.0,,4,5,12.0,5,4,4,6,11.0,4,9.0,,5,6,5.0,3,,5,5,20.0,,5,11.0,,10.0,,9.0,,5,,6.0,5,5.0,5,4,4,5,5,16.0,22.0,4,5,,5,5,4,4,5,,,4,4,5,5,4,3,4,,16.0,5,5,,5,23.0,,5,5,,5,,5,5,5,6,,16.0,4,5.0,23.0,6,4,6,17.0,5,5,5,,10.0,,5,6,5,5,,5,,5.0,4,,,5,17.0,6,5,13.0,12.0,6,20.0,5,4,4.0,5,6,4,5,4,6,7.0,,5,14.0,9.0,12.0,,,5.0,4,4,14.0,,5,5.0,5,4,,5,,5,,16.0,,,,5,5,7.0,25.0,5,4.0,,5,,,,5,5,,,,,,5,,13.0,6,,,5,,11.0,,17.0,24.0,,11.0,12.0,5.0,13.0,11.0,,5,5,10.0,7.0,,5,4,5,4,4,,5,5,12.0,4,,3,5.0,5,5,,,5,,4,8.0,,,4,5,,6,,,9.0,5.0,5,5.0,,,21.0,5,,5,,18.0,12.0,5,13.0,,5,,4,,,4,5,,,,0.0,6,13.0,,13.0,,12.0,,5,5.0,,,,5,,,5,,11.0,5,,,5,,,6.0,,8.0,4,19.0,,,4,0.0,,,4,,,23.0,,6,12.0,5,4,5,,,6.0,5,5,,,4,5,4,8.0,6,5,16.0,5,5,5,6,,6,5,5,4,5,6.0,,5,6,,7.0,10.0,,,,,8.0,,6,,5,4,6,,5,5,6,5,6,,,,,,4,23.0,,6.0,25.0,,,15.0,4,,,6,,5,13.0,,,5,5,,22.0,17.0,,,5,5.0,,5,8.0,,,,,,7.0,,,11.0,6,,,,119,7,1.9149235720032174,-0.788087916951736
12,12,11,11,11,9,11,11,12,12,11,11,11,11,11,11,11,11,11,11,11,11,12,11,8,11,11,11,10,11,11,11,11,11,12,11,11,11,11,11,11,10,11,13,11,12,11,10,10,13,12,11,12,10,11,12,12,11,11,12,12,12,10,11,11,11,12,13,11,12,12,12,13,12,10,12,0,12,11,11,11,11,9,11,11,11,10,11,11,10,11,11,11,11,11,12,10,12,12,12,12,12,12,12,12,11,11,10,12,0.0,12,13,12,10,6,10,11,12,12,12,10,10,12,11,12,12,12,11,10,10,12,11,11,10,12,11,11,11,12,12,12,11,11,11,12,11,12,11,12,12,12,11,11,11,11,11,12,12,11,11,10,11,11,11,12,10,11,11,11,10,10,10,9,11,12,13,11,12,12,11,11,12,12,10,11,13,11,11,11,11,11,11,12,12,12,12,12,11,11,11,12,11,13,11,12,11,11,11,11,11,11,11,11,12,11,11,12,12,11,12,12,11,11,11,12,12,11,12,12,11,11,11,11,11,11,12,11,12,12,12,12,12,11,12,12,10,12,13,12,10,12,11,11,11,11,11,9,12,11,12,12,10,12,10,12,12,12,12,12,11,11,11,12,12,12,12,13,12,11,12,11,11,11,10,12,11,11,12,12,13,11,12,11,11,12,11,11,13,12,12,11,11,11,10,11,12,11,12,11,12,11,12,12,12,11,13,12,12,7,13,12,12,13,12,12,12,11,11,12,10,13,12,12,9,13,13,11,11,11,11,11,13,11,12,13,12,11,12,,12,12,11,12,11,13,11,11,11,12,12,12,9,10,11,12,10,11,10,12,12,9,11,11,11,12,10,12,11,12,12,12,12,,,12,12,13,12,12,12,12,13,13,11,12,12,13,12,23.0,12,11,11,13,12,11,11,12,12,12,11,11,9,12,12,30.0,26.0,40.0,10,12,10,11,11,12,8,11,12,10,11,12,12,11,12,13,12,11,11,35.0,11,10,,11,11,11,10,10,11,12,12,12,,11,13,12,11,12,10,36.0,0,11,11,11,13,11,,11,12,12,12,11,12,11,12,13,11,11,22.0,13,11,11,15.0,11,12,9,11,12,7,8,13,13,11,11,12,11,11,11,11,12,12,11,12,13,13,13,13,12,13,11,24.0,12,12,12,10,,11,12,12,13,13,11,12,11,12,,12,,12,11,11,12,12,0,11,12,10,,13,12,12,13,13,13,11,12,11,11,12,11,11,11,12,12,12,12,14,13,12,12,12,13,12,12,,11,12,12,13,13,,11,12,13,12,12,12,,12,11,12,,13,11,12,,,12,12,12,12,12,11,12,13,12,36.0,,29.0,12,15,12,12,11,12,,12,,,11,12,0.0,12,11,12,13,37.0,11,,24.0,13,13,14.0,12,,13,12,32.0,,12,32.0,,,,13.0,,12,,20.0,12,39.0,13,12,12,12,12,22.0,36.0,12,13,,12,13,12,11,13,,,12,12,12,12,12,12,12,,24.0,12,12,,13,21.0,,12,12,,12,,13,12,12,14,,,12,,,13,12,13,24.0,12,12,12,,29.0,,13,13,12,12,36.0,12,38.0,,11,12.0,,12,15.0,13,13,27.0,16.0,13,14.0,11,12,32.0,12,13,12,13,12,14,,,12,19.0,,33.0,,,14.0,11,11,21.0,,12,26.0,12,12,,12,,12,,31.0,,,,12,12,32.0,21.0,13,33.0,,12,,,,12,12,0.0,13.0,,37.0,25.0,13,,25.0,13,,,12,,34.0,,,38.0,,35.0,34.0,13.0,40.0,,17.0,12,13,25.0,28.0,34.0,12,12,13,12,12,,12,11,38.0,12,30.0,10,15.0,12,13,,15.0,12,0.0,12,18.0,,,12,12,,13,40.0,,34.0,,12,22.0,23.0,,,12,,11,32.0,,31.0,13,38.0,,13,18.0,11,,,11,11,,,,,13,,36.0,,21.0,30.0,,12,13.0,,,,12,,,12,,,12,0.0,,13,33.0,,,,22.0,11,22.0,,,11,,,,11,,,,,13,,13,12,12,,26.0,25.0,12,11,,,11,12,11,16.0,13,12,23.0,11,11,12,13,,14,13,13,11,13,,,12,14,,23.0,,,13.0,0.0,,,,13,,12,11,13,40.0,12,12,0,12,13,32.0,,,,,12,35.0,,40.0,31.0,,28.0,37.0,11,39.0,,13,,10,18.0,36.0,13.0,12,10,,33.0,,,,12,,14.0,12,16.0,,,,,,26.0,,,12.0,13,,,,120,7,2.207009298048428,-0.7645965171572399
6,6,5,5,5,4,5,5,6,6,5,4,5,4,5,4,0,5,5,5,5,4,6,5,6,6,6,5,5,5,5,5,6,6,6,5,5,6,6,6,6,5,5,7,5,5,5,5,6,6,6,5,6,5,5,5,5,5,4,5,5,5,4,4,4,5,6,6,5,5,5,6,7,6,5,6,6,5,5,5,5,4,4,4,5,6,4,4,5,5,5,5,5,3,6,5,5,6,6,5,5,6,6,5,6,4,4,4,5,22.0,6,7,6,5,4,5,5,5,5,6,6,4,6,5,5,5,5,5,4,4,5,5,4,5,6,6,6,5,5,5,5,5,5,5,5,5,5,5,6,6,6,6,5,5,5,5,6,1,1,4,4,5,5,5,5,5,4,5,5,4,5,5,5,5,4,6,6,6,6,5,4,5,6,4,5,6,5,5,5,5,5,5,6,6,5,5,5,5,5,5,6,5,8,5,6,6,5,5,5,3,3,2,4,6,5,5,5,6,5,0,6,5,5,5,6,6,5,6,6,6,5,5,5,4,4,5,4,0,0,5,4,4,1,4,1,5,6,6,6,3,6,5,4,5,5,5,3,6,5,6,6,5,6,5,6,6,6,7,6,5,6,4,5,5,6,6,6,6,5,6,4,5,4,4,5,5,5,6,5,7,4,5,5,5,6,5,5,6,6,6,5,4,5,4,5,5,0,6,5,6,5,6,6,6,5,6,5,6,5,5,6,5,6,6,6,5,5,5,6,5,7,6,6,5,6,6,6,5,5,6,5,6,5,0,7,5,5,6,9.0,6,6,5,6,5,7,4,5,5,5,6,6,5,5,5,5,5,5,5,5,6,6,4,5,5,6,5,5,5,6,5,6,6,,,6,6,6,6,6,5,6,6,6,5,6,3,4,6,9.0,6,5,5,7,6,5,4,6,6,5,5,6,5,5,6,,19.0,14.0,5,5,5,4,5,5,5,3,6,5,5,5,6,5,5,7,6,4,6,22.0,6,5,,5,5,6,6,6,5,6,6,5,,5,7,6,5,6,5,,6,5,5,5,6,5,,5,6,6,5,6,6,6,6,7,5,5,16.0,6,6,5,18.0,5,5,6,5,5,6,5,7,7,5,5,6,5,5,5,5,6,6,5,6,7,7,6,7,6,7,5,8.0,5,5,6,6,15.0,5,6,5,6,6,3,5,5,6,17.0,6,,6,5,6,6,6,6,5,6,5,16.0,7,6,6,7,7,6,5,5,4,5,6,4,6,5,5,5,6,5,8,7,6,6,5,7,6,6,,6,6,5,7,7,25.0,5,6,7,6,5,6,15.0,6,5,6,,6,6,6,,6.0,6,5,6,6,5,6,6,6,6,,,9.0,6,9,6,6,5,6,,6,,,5,6,30.0,6,5,5,7,,4,6.0,15.0,7,6,17.0,6,,7,6,8.0,,6,16.0,,,,32.0,,6,,27.0,6,,6,5,5,6,6,27.0,,5,7,,6,6,5,6,7,,,5,6,6,6,5,6,6,,18.0,6,6,,6,10.0,9.0,6,6,,5,,6,5,6,7,,,5,20.0,,7,5,7,9.0,6,6,6,,12.0,,7,7,6,5,25.0,6,,8.0,5,23.0,,6,,6,7,9.0,21.0,7,32.0,6,5,6.0,6,7,5,7,6,7,10.0,,5,14.0,5.0,24.0,,,11.0,5,5,23.0,,6,11.0,6,6,,6,21.0,6,31.0,10.0,,,,6,6,,,6,,,6,,,,6,6,13.0,,,12.0,,6,,20.0,7,,,6,,16.0,,12.0,,,,,10.0,,,13.0,6,7,,6.0,,5,6,6,5,6,31.0,6,6,17.0,6,12.0,3,24.0,6,6,0.0,9.0,6,,5,0.0,,,6,6,,7,8.0,,7.0,25.0,6,,,0.0,12.0,5,,6,9.0,12.0,22.0,6,23.0,,6,23.0,5,,,5,6,,,,,6,13.0,0.0,8.0,,,,6,31.0,10.0,,,6,,,5,,16.0,7,,13.0,6,17.0,,,,,6,15.0,,7.0,5,,,,6,,,21.0,,7,,7,6,5,,,10.0,6,6,,,6,6,7,31.0,6,6,11.0,6,6,5,5,,7,5,5,5,6,19.0,,6,7,,11.0,,,31.0,,,,,7,,5,5,7,9.0,6,6,7,6,7,7.0,,,,,4,13.0,,8.0,,13.0,15.0,25.0,6,12.0,,7,,6,,,10.0,7,6,,,14.0,,,6,,17.0,6,12.0,,,,,,30.0,,,19.0,7,,,,121,7,1.9684461202619552,-0.7854868224210607
8,7,7,7,7,7,7,7,7,7,7,7,7,6,7,6,7,6,7,7,7,6,8,7,7,7,7,7,6,7,6,7,7,7,8,6,7,7,7,7,7,6,7,9,6,5,6,7,7,8,8,7,8,7,7,7,7,7,6,7,7,7,5,6,6,7,7,8,7,7,7,7,8,8,7,7,7,7,7,7,7,6,5,3,5,7,2,6,7,7,7,7,7,6,7,5,6,8,7,7,7,7,8,7,8,6,6,6,7,,8,8,8,6,6,5,7,7,7,8,8,5,8,7,7,7,7,7,6,5,7,6,7,6,5,7,7,7,7,7,7,7,6,6,7,6,7,6,8,8,7,7,6,6,6,7,8,7,7,7,6,7,7,6,7,6,6,7,6,6,7,7,6,5,7,8,7,7,8,7,6,7,8,6,6,8,6,7,7,7,7,7,8,7,7,7,6,7,7,7,7,6,9,4,7,7,7,7,7,6,6,6,6,8,7,7,7,7,7,8,7,7,7,7,8,6,7,7,7,6,7,7,7,6,7,7,7,7,6,8,7,7,7,7,7,7,7,8,7,6,7,7,6,6,6,7,6,7,7,7,8,7,8,0,8,8,8,8,7,6,7,7,7,4,3,7,8,8,7,8,6,7,6,5,7,7,7,7,7,8,6,7,6,8,7,7,6,8,8,8,6,6,7,7,7,7,7,8,7,7,7,7,7,8,7,9,7,8,6,8,7,7,7,7,8,7,7,7,8,7,9,8,8,6,8,8,7,7,7,7,6,8,7,7,8,7,7,7,,8,8,7,7,7,8,7,7,7,8,8,8,7,7,7,8,6,6,6,7,8,7,7,4,0,8,7,7,6,8,7,8,7,22.0,8.0,8,8,8,7,7,7,7,8,8,6,8,7,8,7,,7,7,7,9,7,6,6,8,8,7,7,8,6,7,7,18.0,,,7,6,6,6,7,7,7,6,7,6,7,5,7,7,7,8,7,6,8,,7,6,,7,7,7,7,7,7,7,7,7,,6,9,8,6,8,6,,7,6,7,6,7,7,,7,8,7,7,7,8,8,8,9,7,6,20.0,8,8,7,29.0,7,7,7,7,7,7,7,9,8,7,7,8,0,6,6,6,8,8,7,6,8,8,8,9,7,9,7,,7,7,4,8,20.0,6,8,7,8,8,6,8,7,8,,7,,8,7,7,7,8,0,5,7,6,10.0,8,8,8,9,9,8,7,7,7,7,7,6,7,6,7,7,7,7,9,8,8,8,7,9,8,7,,7,4,7,9,8,,7,8,8,7,7,8,19.0,8,7,7,,7,7,7,,33.0,8,7,7,7,7,7,7,7,7,8.0,,16.0,7,8,8,7,7,8,,0,,,7,8,8.0,8,7,6,8,,4,12.0,,8,8,10.0,8,,8,8,21.0,,8,9.0,,17.0,14.0,24.0,,8,,10.0,7,29.0,7,7,7,7,7,35.0,,7,6,,7,7,7,7,9,,,7,7,8,8,7,8,7,,30.0,7,8,,8,,,8,8,,8,19.0,8,7,6,9,,,7,,13.0,8,7,8,24.0,8,8,8,,19.0,,8,7,8,8,13.0,8,16.0,0.0,4,35.0,,8,,8,8,17.0,29.0,8,,8,0,24.0,8,9,7,8,8,8,15.0,,7,,15.0,31.0,,,17.0,7,7,,,8,11.0,8,7,,7,,8,23.0,22.0,,0.0,,8,8,14.0,,7,,,8,,,,7,8,29.0,14.0,0.0,13.0,17.0,8,,,9,,,8,,15.0,,,16.0,,,,12.0,17.0,16.0,12.0,8,9,16.0,20.0,,7,7,7,6,6,8.0,8,7,28.0,8,18.0,6,31.0,7,8,,,8,,7,34.0,,,7,8,,9,15.0,,32.0,13.0,8,13.0,18.0,,15.0,7,,7,12.0,10.0,,8,,,8,,7,32.0,,6,8,,,,,8,27.0,,10.0,12.0,36.0,,8,16.0,,,,8,11.0,,7,,29.0,8,,,8,,,,,36.0,7,32.0,,30.0,7,,9.0,,7,,,25.0,,8,,8,8,7,,,,8,7,,,8,7,8,9.0,8,8,19.0,8,8,8,8,,8,8,8,6,8,12.0,23.0,5,8,,34.0,,,13.0,,,14.0,,8,,8,7,9,11.0,8,7,8,8,9,13.0,,,,,4,24.0,,13.0,,19.0,,16.0,7,,,9,,7,11.0,8.0,16.0,8,7,,0.0,,,,8,13.0,16.0,8,23.0,,,,,,15.0,,,7.0,8,,,,122,7,2.1457949662369544,-0.7707776456645288
6,6,6,6,6,5,6,5,6,6,6,6,5,2,6,5,6,5,5,5,5,5,7,5,6,6,7,6,5,6,6,6,6,6,7,6,6,7,6,6,6,5,5,7,5,6,5,6,6,7,7,5,6,4,6,6,6,6,5,6,6,5,5,5,5,5,6,7,6,6,6,7,7,6,3,7,6,6,6,6,5,5,5,5,5,6,5,4,6,6,6,6,6,6,5,6,6,7,6,6,6,6,7,6,6,5,5,5,6,28.0,7,7,7,6,5,5,5,6,6,7,6,4,7,6,5,6,6,6,4,5,6,6,6,6,6,6,6,5,6,6,6,5,5,6,6,1,6,0,7,6,6,6,5,6,6,5,6,5,6,6,4,5,6,6,4,5,5,5,6,4,5,6,5,5,6,7,6,6,6,5,4,6,0,5,6,7,6,5,6,5,6,6,7,7,6,6,6,5,6,5,6,5,7,6,6,6,6,5,6,6,5,5,5,1,5,4,6,5,5,6,6,5,5,6,6,6,5,6,6,6,6,6,6,6,6,6,6,6,6,7,7,7,6,6,5,6,6,6,6,4,6,6,5,6,6,5,5,6,6,6,7,6,6,6,3,6,6,6,6,5,6,6,6,6,6,6,7,6,5,6,5,6,5,5,6,6,6,6,6,7,5,6,6,6,6,6,5,7,7,7,0,5,6,5,6,6,5,6,6,6,6,6,6,7,4,7,6,6,6,7,6,6,6,6,6,5,5,6,7,5,7,6,6,5,7,6,6,6,6,6,5,7,4,6,7,6,6,6,17.0,6,6,4,6,6,7,5,6,6,6,6,6,6,5,5,6,5,5,6,6,7,7,5,6,6,6,6,6,5,6,6,6,6,16.0,22.0,6,6,7,6,6,6,6,7,6,5,6,3,7,6,,6,6,6,7,6,6,5,6,5,6,6,7,6,6,6,,,19.0,6,5,5,5,5,5,6,5,6,6,5,6,6,5,6,8,6,5,7,13.0,6,6,9.0,5,5,7,6,6,6,5,6,6,,6,7,6,6,6,6,19.0,6,6,6,3,0,6,,6,6,5,6,6,7,7,6,8,5,5,,7,7,6,8.0,6,6,0,6,6,6,6,7,7,6,6,7,6,5,5,5,6,6,2,5,6,7,6,6,4,7,5,,6,6,6,6,20.0,6,7,6,7,7,5,6,6,6,,7,,6,5,6,7,6,7,6,7,3,26.0,7,6,6,8,7,7,6,6,6,6,6,5,7,6,6,6,6,6,8,7,6,7,6,6,7,6,,6,7,6,7,7,14.0,6,6,7,6,6,6,17.0,5,6,6,,6,6,6,,,6,6,7,7,6,6,6,6,4,,,17.0,6,9,7,7,6,6,,7,,,6,6,9.0,7,6,6,7,20.0,5,11.0,,7,7,,6,,8,7,18.0,,6,,27.0,19.0,,29.0,,7,,,5,26.0,7,6,6,7,6,12.0,22.0,6,6,,6,7,6,6,7,,,6,6,6,7,6,6,6,,21.0,6,6,,6,17.0,,7,6,,6,,7,6,7,8,,,6,12.0,14.0,7,6,7,13.0,7,7,6,,18.0,,7,6,6,6,,7,7.0,27.0,6,19.0,,5,29.0,6,6,,14.0,7,,7,6,,7,7,6,7,6,7,,,6,,,15.0,17.0,,20.0,6,5,28.0,,7,7.0,6,6,,6,7.0,7,25.0,19.0,,,,7,6,30.0,,7,11.0,,7,,,,6,6,19.0,21.0,,12.0,,7,,7.0,7,,,7,,,,,,,19.0,7.0,18.0,15.0,,13.0,7,7,7.0,,7.0,5,6,7,6,7,23.0,7,7,30.0,6,,5,22.0,6,6,,,7,,6,28.0,,,7,6,,8,17.0,,14.0,14.0,6,8.0,27.0,15.0,23.0,6,,7,,9.0,,7,15.0,,7,12.0,3,16.0,,6,7,,,,,7,19.0,7.0,23.0,16.0,7.0,,6,10.0,9.0,,,7,,,6,,26.0,7,,,7,,,20.0,,8.0,6,30.0,,21.0,6,,,,6,,,9.0,,7,,7,0,6,,9.0,0.0,6,6,,,6,6,7,,7,6,,7,7,7,7,,7,7,0,6,7,24.0,16.0,7,7,,7.0,7.0,,29.0,,,,,7,,7,6,7,10.0,7,7,8,0,7,10.0,,,,13.0,6,13.0,,11.0,15.0,10.0,,6.0,6,15.0,,7,,7,24.0,0.0,25.0,7,7,,,17.0,,,7,,,7,,,,,,,20.0,,,,8,,,,123,7,2.0866632600919766,-0.8064976725383525
5,5,4,4,4,3,4,5,5,6,5,4,4,4,4,4,4,4,4,4,4,4,5,4,5,5,5,5,4,5,4,4,5,5,5,4,4,5,5,5,5,4,4,6,4,5,4,5,5,5,5,5,5,5,5,4,5,5,4,5,5,5,3,4,4,5,5,6,4,4,5,5,6,5,4,5,5,4,5,4,0,3,3,3,4,5,4,4,5,4,5,5,5,5,5,5,4,0,5,1,4,3,4,5,5,3,4,3,5,,6,6,5,4,0,3,4,5,5,6,5,3,4,5,4,5,5,4,4,4,5,4,4,4,5,5,5,4,5,0,5,4,4,5,5,4,5,4,5,5,5,5,4,4,4,2,5,5,4,4,3,4,4,4,5,4,4,5,4,4,2,5,4,4,4,5,5,5,5,4,4,5,5,3,2,5,5,4,4,4,4,4,5,5,5,5,5,5,4,5,4,4,7,4,5,5,4,5,3,4,4,4,4,5,5,4,5,5,5,5,5,4,4,4,5,5,4,5,5,5,4,5,4,4,4,5,4,5,5,5,5,5,5,4,5,4,6,6,5,3,5,5,2,4,4,4,4,5,4,5,5,4,5,4,5,5,5,6,5,4,5,5,5,5,5,5,6,5,4,5,4,4,3,4,5,4,4,5,5,6,4,5,5,5,5,5,4,6,5,5,4,4,5,4,5,5,4,5,4,5,4,5,4,5,4,6,5,5,4,0,5,0,5,4,6,5,4,5,5,4,6,5,6,4,6,6,5,5,4,5,4,6,5,5,6,5,5,5,14.0,5,6,4,5,4,5,4,4,4,5,6,4,4,4,4,5,3,4,4,4,6,5,4,4,4,6,4,5,4,5,5,5,5,28.0,20.0,5,5,6,5,5,5,5,6,5,4,5,4,6,3,31.0,5,5,4,6,5,4,4,6,5,5,5,5,1,5,5,,,,4,5,4,4,5,5,5,4,5,5,4,5,5,4,5,6,5,3,6,8.0,5,4,0.0,4,4,5,5,5,5,5,5,5,,4,6,5,4,5,5,,5,4,5,4,5,5,,4,6,5,5,5,5,5,5,6,4,4,28.0,6,6,4,16.0,4,4,5,5,5,5,4,6,6,4,4,5,4,4,4,4,5,5,5,5,6,6,6,6,5,6,4,12.0,4,4,5,5,,4,6,5,6,6,4,5,4,6,8.0,5,,5,5,5,6,5,6,4,5,3,6.0,6,5,3,7,6,6,4,5,5,4,5,1,5,4,5,4,5,5,7,6,5,6,5,7,5,5,,5,5,5,7,6,,5,5,6,5,5,5,,6,5,5,,6,5,5,,6.0,6,5,5,5,4,5,5,5,5,8.0,,10.0,5,8,5,5,4,5,,6,,,4,6,5.0,5,5,4,6,,4,,15.0,5,6,9.0,5,,6,6,,,5,,25.0,7.0,33.0,23.0,,5,,7.0,5,8.0,5,5,5,5,5,8.0,,5,6,,5,6,5,5,6,,,5,5,5,6,5,5,5,,30.0,5,5,,6,15.0,14.0,5,5,,5,0.0,6,4,5,6,,9.0,5,,12.0,6,5,6,,5,6,6,,,,6,6,5,5,20.0,5,23.0,25.0,5,6.0,,6,,6,6,,18.0,6,22.0,5,5,24.0,5,6,5,6,5,6,30.0,,5,11.0,,,,,,4,5,20.0,,6,30.0,5,5,,5,13.0,6,,8.0,,,,5,5,31.0,8.0,5,,,5,,,,5,5,21.0,14.0,,,,6,,19.0,6,,,6,,15.0,,,,,,20.0,7.0,,30.0,,5,6,9.0,8.0,,5,5,5,4,5,,5,5,,5,17.0,4,12.0,5,6,,17.0,5,,5,,,,5,6,,7,14.0,,,16.0,5,8.0,5.0,,,5,,5,,,,6,13.0,,5,10.0,4,,,4,5,,,,,6,6.0,11.0,34.0,7.0,,,6,18.0,19.0,,,5,13.0,,5,,7.0,6,,14.0,5,,,25.0,,,5,13.0,,13.0,5,,,,0,,,17.0,,6,8.0,6,5,5,,26.0,,6,5,,,6,5,6,7.0,6,5,26.0,5,5,5,6,,6,5,5,4,6,11.0,6.0,5,6,,,8.0,,22.0,,,6.0,,6,,5,5,6,19.0,6,5,6,5,5,25.0,,,,,4,12.0,,13.0,,,13.0,14.0,5,35.0,,7,0.0,5,33.0,11.0,,6,5,,8.0,14.0,,26.0,5,11.0,12.0,5,17.0,,,,,,8.0,,,18.0,5,,,,124,7,2.1161317128908266,-0.8126595696928891
9,9,7,8,7,8,8,6,0,7,9,8,7,8,9,8,9,8,9,7,9,8,10,8,9,9,10,9,8,9,9,9,10,10,10,9,9,10,9,9,10,8,8,9,8,9,9,9,9,9,9,9,10,9,8,8,8,8,7,8,9,8,7,7,8,9,9,10,9,9,7,9,10,9,9,10,10,9,9,9,9,8,8,6,8,9,7,7,9,8,9,9,9,9,9,9,8,9,9,9,9,9,9,9,10,8,8,8,9,27.0,10,9,10,9,8,6,9,9,9,10,10,8,10,9,8,9,8,9,8,8,9,8,8,9,9,9,9,8,8,9,9,7,8,9,9,8,9,8,10,10,9,9,8,8,8,9,10,9,8,8,7,8,8,8,9,9,8,9,9,8,8,9,9,8,8,9,10,9,10,9,8,9,10,8,9,8,9,9,9,9,9,9,9,8,8,8,9,9,9,9,9,9,12,9,9,10,9,9,8,7,8,8,8,8,9,9,9,9,9,10,10,9,9,9,10,9,9,10,10,9,9,9,8,6,8,9,8,8,4,9,9,0,8,8,9,9,9,8,9,8,10,9,4,9,8,9,8,10,9,9,10,9,0,9,7,6,8,8,9,8,9,8,9,9,9,9,10,10,9,9,7,8,8,8,9,8,8,9,9,10,8,9,9,8,10,9,9,10,9,10,9,8,9,8,9,9,9,10,9,10,9,9,9,10,9,10,9,10,9,9,9,9,10,9,9,9,9,9,10,8,10,9,8,8,10,0,9,9,9,9,9,10,9,9,10,9,9,9,,9,10,9,10,0,10,9,9,9,8,8,8,9,8,9,10,8,8,9,9,10,10,8,7,8,9,9,8,9,10,9,9,10,17.0,10.0,10,9,10,9,9,9,10,10,10,9,10,9,10,10,34.0,10,9,9,10,10,8,8,8,8,8,9,9,8,8,9,20.0,28.0,20.0,9,9,9,8,8,9,9,8,9,9,9,9,9,8,8,10,9,8,10,,9,9,10.0,8,8,10,9,9,9,9,9,9,,9,9,7,9,10,9,,9,9,9,9,10,9,,9,10,8,9,10,9,10,9,10,8,8,,10,10,9,10.0,9,8,9,9,8,10,9,9,9,9,9,10,9,9,8,9,9,10,7,2,8,9,8,9,8,9,8,17.0,9,9,8,9,12.0,9,10,8,9,9,8,9,8,10,34.0,10,,8,9,9,10,8,9,9,9,7,33.0,10,10,9,10,10,10,9,10,9,9,10,8,10,9,9,9,9,9,10,10,9,10,9,9,9,9,,9,9,9,9,6,,9,7,0,9,9,8,,10,9,9,,10,9,9,,16.0,10,8,0,10,9,9,9,9,9,13.0,,,9,11,9,10,8,8,,10,,,9,8,,9,9,8,10,15.0,9,,,10,9,10.0,10,,11,10,11.0,,9,29.0,,22.0,16.0,17.0,,0,,13.0,9,,9,9,9,9,9,,20.0,9,9,,9,10,9,9,11,,,5,9,10,10,8,8,8,,,9,9,,5,,11.0,10,10,,10,10.0,9,8,10,10,,,9,12.0,28.0,10,9,10,22.0,9,9,7,,13.0,,10,9,3,9,,10,11.0,12.0,9,25.0,,10,32.0,10,8,15.0,,10,24.0,10,9,10.0,10,9,9,10,9,11,24.0,,9,19.0,,21.0,10.0,10.0,15.0,9,9,,,10,,10,8,,9,,10,,9.0,,,,10,8,17.0,,10,,,10,,,,10,10,,,,30.0,33.0,10,,14.0,10,,,10,,22.0,,13.0,13.0,,13.0,,26.0,34.0,18.0,,8,9,9.0,11.0,26.0,8,9,10,4,10,22.0,9,10,26.0,9,,8,32.0,8,2,,12.0,8,,9,,,,6,9,,11,18.0,,10.0,27.0,9,14.0,29.0,,12.0,8,,10,16.0,27.0,,10,,,9,13.0,7,9.0,,7,10,,,,,9,23.0,,0.0,13.0,20.0,,10,34.0,18.0,,,10,19.0,,0,,,10,,13.0,9,15.0,,28.0,,19.0,9,,,,9,,12.0,,9,,,,,11,,10,10,9,,,,9,10,,,10,10,10,,9,9,29.0,9,10,9,9,,9,9,9,8,10,14.0,,9,10,,21.0,33.0,,18.0,,,10.0,,10,,9,9,9,14.0,10,10,11,9,8,25.0,,,,,8,19.0,,16.0,11.0,22.0,,25.0,8,29.0,,11,,10,18.0,32.0,17.0,9,10,,11.0,21.0,,,10,,22.0,9,,,,,,,30.0,,,32.0,9,,,,125,7,2.126655210755076,-0.7127603595350769
4,4,3,4,3,2,3,4,5,5,0,4,4,3,4,4,4,4,4,4,3,3,5,4,4,5,4,4,4,4,4,4,5,5,5,4,4,5,5,5,5,4,2,6,4,3,4,4,4,5,5,4,5,4,3,4,2,3,3,4,5,5,3,3,2,4,4,5,4,4,4,5,5,5,3,5,4,4,4,4,4,3,3,3,4,5,3,3,4,1,0,4,4,4,5,4,3,4,5,4,4,5,4,4,5,3,1,3,4,6.0,5,5,5,2,3,3,4,4,4,5,4,3,5,4,4,4,0,4,3,3,4,4,3,3,0,4,5,4,3,4,4,4,3,4,5,4,4,4,5,5,5,4,4,4,4,4,5,5,4,4,1,4,4,4,4,4,3,5,4,3,4,4,4,3,4,5,5,4,5,4,4,5,5,3,2,5,4,2,4,4,4,4,4,3,4,4,5,4,4,4,5,4,7,4,5,5,4,5,4,3,4,3,3,5,4,3,5,5,4,5,4,4,2,4,5,4,4,4,5,4,4,5,4,4,4,5,3,4,4,5,5,5,4,4,4,4,5,6,4,3,5,4,3,4,4,3,3,5,4,4,2,4,5,3,5,5,5,6,3,4,5,3,4,4,4,5,5,5,4,4,4,4,3,3,5,3,4,4,4,6,4,5,4,5,5,4,4,5,5,5,3,4,4,3,2,4,4,5,4,4,4,4,4,5,4,5,4,5,4,5,5,5,5,4,5,4,4,4,5,3,6,5,5,3,5,5,4,4,4,4,3,5,4,4,6,5,4,5,,5,5,4,5,4,5,4,4,4,5,5,5,4,4,4,5,3,4,4,4,5,5,2,0,4,5,3,5,4,5,4,5,5,17.0,12.0,5,5,6,5,5,5,5,5,4,4,5,4,6,5,13.0,5,3,4,6,5,4,0,5,5,4,4,5,2,3,4,,,20.0,4,4,3,4,4,4,4,3,4,4,4,5,5,4,4,6,5,3,5,14.0,5,4,14.0,4,4,4,4,4,4,5,5,4,,4,6,5,4,5,4,,5,4,4,4,5,4,,4,5,5,4,4,4,5,5,6,3,4,,5,5,4,20.0,4,4,4,4,4,4,4,6,6,4,4,5,4,4,3,3,5,5,4,5,5,6,6,6,5,6,4,,4,4,5,5,,4,5,4,5,3,4,5,4,5,21.0,5,,5,4,4,5,5,5,4,4,4,,3,4,4,6,6,5,4,5,4,4,5,3,4,4,4,4,4,4,6,5,5,5,4,6,5,4,,5,5,2,6,5,6.0,4,5,6,4,4,5,11.0,5,4,4,,5,5,5,,6.0,5,4,4,5,4,5,4,5,5,,,,4,7,4,5,4,5,,5,11.0,,4,5,0.0,4,4,4,5,5.0,4,11.0,14.0,5,5,12.0,5,,6,5,,,5,,,7.0,,,,5,,,4,23.0,5,4,4,5,5,8.0,14.0,5,6,,5,5,4,5,6,,,5,4,5,5,4,5,4,,7.0,4,5,,6,6.0,22.0,5,5,,5,14.0,5,4,5,6,,,4,10.0,18.0,5,4,5,9.0,4,5,5,,23.0,,5,6,5,5,14.0,5,17.0,8.0,4,23.0,,5,,6,6,,19.0,5,9.0,5,4,0.0,4,6,4,5,5,6,14.0,,4,22.0,10.0,,7.0,6.0,8.0,3,4,15.0,,6,16.0,5,5,,4,12.0,5,5.0,7.0,,,,5,5,4.0,22.0,5,20.0,,5,,,,5,4,10.0,,,18.0,20.0,5,,,6,,,5,,,,,9.0,,8.0,10.0,9.0,11.0,7.0,11.0,0,6,,,,4,5,5,4,5,,5,5,,5,8.0,4,,5,6,,17.0,4,,4,13.0,,,4,5,,6,,,21.0,5.0,5,10.0,8.0,,,4,,5,18.0,,13.0,6,18.0,,5,13.0,4,,,3,5,,,,,5,9.0,,,,22.0,,5,14.0,,,,5,11.0,,4,,,5,,9.0,4,12.0,,16.0,,,4,20.0,,,4,,,,4,,,23.0,,4,6.0,6,5,5,,,,5,5,,,5,5,5,8.0,4,5,,4,5,5,5,,6,5,5,4,5,14.0,,5,6,,,14.0,,12.0,,,14.0,,6,,4,4,6,14.0,5,5,6,5,6,10.0,,,,,4,23.0,,10.0,6.0,10.0,18.0,,4,16.0,,6,,3,15.0,0.0,7.0,6,5,,4.0,11.0,,12.0,5,,,4,10.0,,,,,,,,,14.0,5,,,,126,7,1.8334806087383415,-0.7690512148078174
4,4,4,4,4,4,4,3,4,5,4,4,0,3,4,4,1,3,4,3,4,2,5,4,5,4,5,4,4,4,4,0,5,5,5,4,3,5,4,4,4,4,3,6,3,4,4,4,4,5,5,4,5,4,4,4,5,4,3,5,5,4,3,4,3,4,4,5,2,4,4,5,5,4,3,5,5,4,4,4,4,4,3,3,2,4,3,3,4,4,4,4,4,4,5,4,4,5,4,4,4,5,5,5,5,2,3,3,4,27.0,5,5,5,4,4,3,4,4,4,5,5,3,5,4,4,4,5,4,4,3,5,4,4,4,5,4,5,4,4,4,5,4,3,4,4,4,4,4,5,5,5,4,3,4,4,4,5,5,4,4,3,4,4,2,4,3,1,4,3,4,3,4,4,3,4,5,5,4,5,4,4,5,5,3,4,5,3,4,3,4,4,4,5,5,4,5,5,5,4,4,5,4,5,4,5,5,4,5,4,4,3,3,3,5,4,4,4,4,4,4,5,0,3,4,4,4,4,5,4,4,4,4,3,4,4,5,4,4,4,5,5,4,4,4,4,4,5,5,2,3,5,5,3,4,4,4,3,5,3,4,3,4,5,4,3,4,4,5,4,3,4,4,4,5,5,4,5,5,4,5,3,4,0,3,5,4,4,4,3,5,4,4,4,4,5,4,4,5,5,4,4,4,4,4,4,4,4,5,4,4,4,4,4,5,4,5,4,5,4,4,4,4,5,5,5,4,4,4,4,4,5,4,5,3,5,5,4,4,4,5,4,5,4,5,6,5,5,5,,4,5,4,5,4,6,4,4,4,4,5,4,4,4,4,5,4,3,4,4,5,5,4,4,4,5,4,5,4,5,5,5,5,8.0,17.0,5,5,6,5,5,5,5,5,5,4,5,4,5,5,,4,4,4,6,5,2,3,5,5,4,4,5,4,4,4,16.0,26.0,16.0,4,4,3,3,4,3,5,3,4,4,4,5,5,4,4,6,4,2,3,8.0,5,4,7.0,1,3,5,5,5,4,5,5,4,,0,5,4,4,4,4,,4,4,3,4,5,4,,4,5,4,4,4,5,5,5,6,4,3,,5,5,3,,4,4,4,4,4,4,4,5,5,3,4,4,4,3,3,4,5,5,4,4,5,5,5,5,4,6,4,5.0,3,3,4,5,16.0,4,5,4,5,5,3,4,4,5,7.0,5,,4,4,5,5,4,5,4,5,3,0.0,6,5,4,6,6,5,4,4,2,4,5,4,5,4,4,4,4,4,7,6,4,5,5,6,4,1,,4,5,5,6,5,16.0,4,4,5,5,4,4,,5,4,4,,0,5,4,,,5,4,5,5,4,5,5,5,5,,,,5,8,5,5,4,5,,5,,,4,5,9.0,5,4,3,5,18.0,4,14.0,23.0,5,6,16.0,5,,4,5,27.0,,5,16.0,17.0,8.0,21.0,17.0,,5,,24.0,5,8.0,5,4,4,5,5,9.0,6.0,3,4,,5,5,3,5,6,,,2,4,5,5,4,4,4,,5.0,4,5,,5,12.0,18.0,5,5,,5,20.0,5,4,5,6,,11.0,4,25.0,,6,4,4,,5,5,5,,9.0,,5,5,4,5,,5,20.0,,4,,,5,7.0,6,5,19.0,14.0,6,,5,4,14.0,5,5,4,5,5,6,14.0,,5,,,,20.0,,21.0,4,4,14.0,,5,9.0,5,3,,4,6.0,5,,,,,,5,5,27.0,,5,9.0,,4,,,,5,5,16.0,13.0,,25.0,21.0,5,,9.0,6,,,5,,15.0,,,,,8.0,11.0,,22.0,24.0,8.0,5,5,6.0,8.0,0.0,5,5,5,4,1,16.0,5,5,,5,27.0,4,24.0,5,5,,7.0,5,,4,10.0,,,5,5,,6,0.0,,5.0,18.0,4,8.0,11.0,,7.0,5,,5,22.0,5.0,,6,,,5,12.0,3,,,4,5,,,,,6,15.0,,,15.0,,,5,15.0,9.0,,,5,23.0,,2,,,5,,,5,17.0,,5.0,,13.0,5,,,0.0,4,,19.0,,5,,,23.0,,5,26.0,6,5,5,,10.0,22.0,5,5,,,5,5,5,10.0,5,4,7.0,4,5,5,5,,6,5,5,3,5,9.0,,5,6,,8.0,8.0,,,,,,,6,,5,4,6,,5,5,5,5,6,14.0,,,,,4,19.0,,,7.0,,,,5,22.0,,6,,5,15.0,18.0,20.0,6,5,,,,,,5,,,5,6.0,,,,,,14.0,,,15.0,6,,,,127,7,1.90379871731623,-0.7712644362627876
5,4,4,4,4,4,5,5,5,6,4,5,4,4,4,3,4,4,4,3,4,4,5,4,5,5,5,4,3,5,4,3,5,5,5,4,4,5,4,5,5,4,4,6,4,4,4,5,5,5,4,4,5,5,5,5,5,5,4,5,5,5,3,3,4,3,5,6,4,4,4,5,6,5,2,5,5,4,4,4,4,4,2,4,4,5,3,3,5,5,5,5,5,4,5,5,4,5,2,4,5,5,5,5,5,3,3,1,5,,6,6,5,4,3,3,4,5,5,6,5,3,5,4,4,4,5,4,3,4,5,4,4,4,5,5,5,4,5,4,5,4,3,4,5,4,5,4,5,5,5,4,4,4,4,4,5,5,4,5,3,4,4,4,5,4,4,5,4,4,4,5,3,4,4,5,5,5,5,4,4,5,5,4,4,5,4,4,4,4,4,3,5,5,5,4,5,5,5,5,5,4,7,5,5,5,4,5,5,4,4,4,3,5,3,4,5,5,4,5,5,3,4,4,5,5,4,0,4,5,4,5,5,4,4,5,4,2,5,5,5,5,4,5,5,4,6,6,5,4,5,4,4,4,3,4,1,5,4,5,5,4,5,4,5,5,6,6,4,4,5,4,5,5,5,5,5,5,4,5,4,4,3,3,5,4,5,5,5,6,4,5,5,5,5,4,4,5,5,5,4,4,5,2,4,5,4,5,5,5,4,5,5,5,4,6,4,5,4,5,5,5,5,5,5,3,4,5,5,4,6,5,6,4,6,6,5,4,2,5,3,5,4,5,6,4,5,5,25.0,5,5,4,5,4,6,4,4,4,5,6,5,5,0,4,5,4,4,4,5,6,5,4,4,0,5,4,5,4,5,5,5,5,,,5,5,6,5,5,5,5,6,6,4,5,4,6,5,25.0,5,4,4,6,5,4,4,6,5,5,5,5,4,5,5,28.0,33.0,,5,5,4,3,5,4,5,3,5,4,4,5,5,4,5,6,5,4,5,,5,4,21.0,5,4,5,5,5,0,5,5,5,,4,6,5,2,5,5,,5,4,4,5,5,4,,4,5,5,5,4,5,5,5,5,4,4,9.0,6,6,4,,4,5,5,4,5,5,4,6,6,4,4,4,4,4,4,4,5,5,4,5,6,6,6,0,5,6,4,,4,4,5,5,13.0,4,6,5,6,5,4,5,5,6,8.0,5,,5,4,5,6,5,6,4,5,4,22.0,6,5,5,7,6,5,5,5,5,4,5,4,5,4,4,4,5,4,7,6,5,6,5,7,5,4,,5,5,5,7,6,,5,5,6,5,5,5,12.0,6,5,5,,6,5,5,,,5,5,5,5,4,5,5,5,5,,,26.0,5,8,5,5,4,5,,6,,,4,6,8.0,5,5,4,6,18.0,5,,13.0,6,6,7.0,5,,6,5,,,5,19.0,15.0,14.0,32.0,11.0,,6,,16.0,5,,5,4,3,5,5,,5.0,5,6,,5,6,5,5,6,,,5,5,5,5,4,5,5,,,5,5,,6,,20.0,5,5,,4,31.0,6,5,5,6,,17.0,5,30.0,7.0,6,5,6,,5,6,6,,9.0,,6,6,5,5,23.0,5,14.0,21.0,5,,,5,18.0,6,6,26.0,7.0,6,,5,4,31.0,5,6,5,6,4,6,,,5,5.0,32.0,30.0,,,0.0,4,4,,,6,34.0,5,5,,4,13.0,4,8.0,,,,,5,5,8.0,,5,,,5,,,,5,5,28.0,12.0,0.0,12.0,21.0,6,,,6,,,5,,14.0,,0.0,13.0,,23.0,22.0,,11.0,7.0,26.0,5,6,28.0,,,5,5,5,4,5,,5,5,7.0,5,,4,,5,6,,18.0,4,,5,19.0,,,5,6,,6,22.0,,27.0,11.0,5,,27.0,,12.0,5,,5,,6.0,6.0,5,12.0,,4,13.0,4,8.0,,4,5,,,,,6,27.0,,,,7.0,,6,,,,,5,18.0,,5,,,6,,20.0,5,29.0,,6.0,,17.0,5,,,19.0,4,,19.0,,5,,,,,6,15.0,6,5,5,,19.0,,6,5,,,5,5,6,7.0,6,5,8.0,6,6,5,6,,6,6,6,0,6,30.0,35.0,5,6,,9.0,35.0,,,,,8.0,,6,,5,5,7,,6,6,6,5,6,24.0,,,,0.0,4,21.0,,30.0,,8.0,21.0,,5,9.0,,6,,5,14.0,9.0,14.0,6,5,,,25.0,,12.0,5,,23.0,5,10.0,,,,,,33.0,,,7.0,6,,,,128,7,2.1944672131147525,-0.7846205121132223
6,6,6,6,6,4,5,6,7,7,6,6,6,5,6,6,6,5,6,6,6,5,7,5,6,4,5,5,5,0,5,6,5,6,6,5,6,6,6,4,6,5,6,8,5,6,6,6,6,7,7,5,7,6,6,6,7,6,6,7,6,6,5,4,5,6,7,7,6,6,7,7,8,6,5,7,7,6,6,6,6,5,5,6,6,6,6,5,0,5,6,7,7,5,6,6,6,7,7,6,6,7,7,7,6,5,5,3,6,25.0,7,8,7,6,5,5,6,6,6,7,6,5,7,6,6,7,7,6,5,5,6,6,6,4,6,6,6,6,7,6,7,6,5,6,7,5,6,6,7,2,6,6,6,6,6,6,7,6,6,6,4,4,6,6,6,1,5,6,6,3,5,6,4,6,6,7,7,6,7,6,6,6,7,5,6,7,6,6,6,6,6,6,7,7,6,7,6,5,6,6,7,6,8,6,6,6,6,6,6,6,6,5,5,7,6,6,7,7,5,6,6,5,5,3,6,6,6,7,6,5,6,6,6,6,6,7,6,7,7,7,7,7,6,6,7,6,7,7,6,5,7,6,6,6,6,6,5,7,6,7,7,6,7,6,7,7,7,7,6,6,7,6,6,7,7,7,7,7,6,6,6,6,6,5,6,6,6,7,6,8,6,6,6,7,7,5,6,7,7,7,6,6,6,6,6,6,6,6,6,5,4,6,5,4,0,7,6,5,6,7,6,7,6,7,7,6,6,6,7,6,7,6,7,5,7,7,6,6,5,6,5,0,5,6,7,7,6,7,31.0,6,7,6,7,6,8,6,6,6,6,7,7,5,5,5,4,5,5,6,6,7,5,6,6,6,7,6,6,6,7,6,7,0,11.0,33.0,7,7,7,6,7,6,6,6,7,6,7,6,7,7,12.0,7,6,6,8,5,6,5,7,7,6,6,7,6,6,7,,,18.0,6,6,6,5,6,6,6,6,7,6,5,7,7,6,6,8,7,5,7,17.0,6,6,,6,6,6,6,7,6,7,7,7,,6,8,7,6,7,6,17.0,7,6,6,6,7,6,,6,7,6,6,6,7,7,7,8,6,6,17.0,7,7,6,13.0,6,6,6,6,7,6,5,8,8,6,6,7,6,6,5,6,7,7,6,7,7,6,7,8,6,8,6,11.0,6,6,7,6,,6,7,6,7,7,6,7,6,7,10.0,7,,7,6,7,7,7,6,6,7,5,,7,7,6,8,8,7,6,7,6,6,6,6,6,6,6,6,7,6,8,7,7,7,6,8,7,3,,7,7,6,8,7,34.0,6,0,7,7,7,7,,7,6,6,,7,6,7,,,7,7,7,6,6,6,7,7,6,6.0,,21.0,7,9,7,7,6,7,,7,,,6,7,,7,6,6,7,30.0,6,,12.0,8,8,,7,,7,7,9.0,,7,29.0,,13.0,28.0,25.0,,7,,,7,30.0,7,6,6,7,7,,17.0,6,8,,7,7,6,6,8,,0.0,6,7,7,7,6,6,6,,28.0,7,7,,7,,9.0,7,7,,7,9.0,7,7,7,8,,,6,17.0,,8,6,7,25.0,7,7,7,,32.0,,8,8,7,7,19.0,7,19.0,,6,30.0,,7,19.0,7,7,15.0,,0,,7,6,,7,8,6,7,7,8,25.0,,7,25.0,10.0,9.0,,,33.0,6,6,9.0,,7,26.0,7,7,,6,31.0,7,8.0,,,,,7,7,15.0,34.0,7,,,7,,,,6,7,6.0,,,18.0,,7,,,8,,,7,,20.0,,,11.0,,,27.0,21.0,,8.0,9.0,7,8,,30.0,,6,7,7,6,7,33.0,7,7,11.0,7,,5,,7,7,,17.0,7,,6,10.0,,,7,7,,8,34.0,,10.0,,7,18.0,,,,7,,7,11.0,19.0,30.0,7,25.0,,7,17.0,4,,,6,7,,,,,8,33.0,7.0,,,7.0,,7,12.0,22.0,,,7,13.0,,7,,11.0,7,,27.0,7,12.0,,19.0,,24.0,6,,,16.0,6,,34.0,,6,,,,,7,9.0,7,7,7,,,29.0,7,6,,,7,6,7,12.0,8,7,,7,7,7,8,,8,8,7,6,7,,12.0,7,8,,,13.0,,16.0,,,19.0,0.0,8,,7,6,8,12.0,7,7,8,7,8,13.0,,,,,7,20.0,,,13.0,33.0,19.0,,6,,,8,,7,14.0,,34.0,7,7,,31.0,,,26.0,7,29.0,19.0,7,0.0,,,,,,7.0,,,16.0,8,,,,129,7,2.1721409973963595,-0.7977671471403409
5,4,3,3,3,4,4,4,5,5,4,4,4,4,4,4,3,3,4,4,4,3,5,4,4,5,5,4,3,4,4,4,4,4,5,4,4,5,4,4,4,3,4,6,3,4,3,4,4,5,5,4,5,4,3,4,4,4,3,4,5,4,2,3,3,4,4,5,4,4,4,5,5,5,4,4,5,4,4,4,3,3,3,3,3,4,3,3,4,0,4,4,4,4,4,4,3,5,3,4,4,4,4,5,5,3,2,2,3,4.0,5,5,4,3,3,3,3,4,4,5,5,3,5,4,4,4,4,4,3,3,4,3,1,3,4,4,4,3,4,4,4,4,3,4,4,3,4,3,5,5,5,4,3,3,3,4,5,4,1,3,2,4,4,3,4,4,3,4,4,3,3,4,4,3,3,5,5,4,5,4,4,4,5,3,3,5,4,4,4,4,4,4,5,4,4,4,3,4,4,4,4,4,7,4,4,5,4,4,4,3,3,3,3,5,4,4,4,4,4,5,5,3,4,4,5,4,3,5,4,4,4,4,4,2,3,4,3,3,4,4,4,4,3,4,4,4,5,5,5,3,5,4,1,4,3,3,3,5,3,4,5,4,5,2,5,5,5,6,4,3,4,4,4,4,4,5,5,5,4,5,3,4,0,3,4,3,4,4,4,5,3,4,4,5,5,4,4,5,5,5,3,4,4,3,4,4,4,5,4,4,0,4,4,5,3,5,4,4,4,4,5,5,5,4,5,4,4,4,4,3,6,5,5,3,5,5,4,4,2,4,2,5,4,5,5,5,4,5,8.0,5,5,4,5,4,5,4,3,4,5,5,4,4,4,3,5,3,3,3,4,5,4,3,4,4,5,3,5,4,5,4,5,5,22.0,,5,5,0,5,5,5,5,5,5,4,5,4,5,5,,5,4,4,6,5,3,1,5,5,4,4,4,1,4,5,26.0,,9.0,4,4,3,3,4,4,4,3,4,4,3,5,5,4,4,4,4,2,5,21.0,4,3,26.0,4,4,4,4,4,4,5,5,4,,4,6,5,4,4,4,4.0,5,4,4,4,5,4,,4,5,5,4,4,4,4,4,5,4,2,24.0,5,5,4,16.0,3,4,4,4,4,4,4,6,6,3,4,4,4,2,3,4,5,5,4,5,6,6,5,6,5,6,4,7.0,4,4,5,5,,4,5,4,4,5,3,5,4,5,,5,,5,4,4,5,5,6,3,4,3,21.0,5,5,4,6,6,5,4,5,4,4,5,3,3,4,4,4,4,2,6,5,5,5,4,6,4,4,,4,5,4,6,6,17.0,4,5,5,4,4,5,26.0,5,4,4,,5,4,4,,12.0,5,4,4,5,4,5,4,5,4,22.0,,11.0,4,7,4,5,4,5,,5,22.0,,4,5,10.0,4,4,4,5,15.0,4,,21.0,5,5,,5,,6,5,10.0,,4,,,10.0,,,,5,,6.0,4,,5,4,3,5,4,,,4,6,,4,5,4,4,6,,,4,4,4,5,4,5,4,,22.0,4,0,,5,,5.0,5,5,,5,26.0,5,4,5,6,,12.0,4,6.0,15.0,5,4,6,14.0,4,5,5,,12.0,,5,6,5,4,28.0,5,7.0,8.0,4,,,5,,5,6,23.0,,5,24.0,5,4,25.0,5,6,5,5,4,6,16.0,,4,10.0,24.0,17.0,,,12.0,4,4,9.0,,5,,5,5,,4,,5,,8.0,,,,4,5,7.0,10.0,5,,,4,,,,0,5,,25.0,,28.0,,5,,21.0,6,,,5,,11.0,,,13.0,,8.0,15.0,,,16.0,12.0,4,6,12.0,,,3,5,5,4,5,15.0,5,5,7.0,5,18.0,3,16.0,5,5,,26.0,4,,4,,,,4,5,,6,15.0,,28.0,13.0,5,,19.0,18.0,,4,,5,7.0,26.0,11.0,5,14.0,,4,26.0,4,9.0,,3,4,,,,,5,6.0,,15.0,,,,5,17.0,18.0,,,5,7.0,,4,,14.0,5,0.0,,5,,,5.0,,27.0,4,,,14.0,3,,17.0,,4,,,6.0,,5,,6,5,4,,5.0,13.0,5,4,,,5,4,5,28.0,5,5,7.0,5,5,4,0,,6,5,5,3,5,5.0,,5,6,,,,,13.0,,,19.0,,6,,4,4,6,,5,5,6,5,6,8.0,,,,,4,23.0,,0.0,,,8.0,7.0,4,10.0,,6,,5,13.0,,,5,5,,,0.0,,15.0,4,,,5,16.0,,,,,,7.0,,,,4,,,,130,7,2.004972599959408,-0.7704739627113337
1,4,4,3,4,3,4,5,5,6,4,4,5,4,4,4,4,4,0,4,4,2,4,4,5,5,5,4,4,4,4,5,5,5,5,4,5,5,5,5,5,4,4,7,4,5,4,5,5,6,6,4,5,4,5,4,5,3,4,5,4,4,3,4,1,4,5,6,4,5,5,6,6,5,3,5,5,4,3,4,4,4,3,4,4,4,4,4,5,4,5,5,5,4,5,5,4,5,5,5,5,5,5,4,4,4,4,2,5,12.0,6,6,5,4,4,3,4,5,5,5,5,4,5,5,4,5,5,5,3,4,5,3,4,2,5,5,5,4,5,5,5,4,3,4,5,4,5,4,5,5,0,5,4,4,3,4,5,4,5,4,3,5,5,4,5,4,0,5,4,4,4,4,4,4,4,5,5,4,5,4,4,4,2,4,4,6,5,4,4,4,5,4,5,5,5,5,5,5,5,5,5,4,7,5,5,5,4,5,4,4,4,4,4,5,3,4,5,5,4,5,5,3,3,4,5,4,4,5,5,5,4,5,4,4,4,4,4,5,5,5,5,5,5,4,5,5,6,6,5,2,5,5,4,4,4,4,4,5,4,5,5,3,5,4,5,5,5,6,5,4,5,4,5,5,5,5,6,5,4,5,4,4,4,3,5,4,5,5,5,6,4,5,5,5,5,4,4,5,5,5,4,3,5,3,5,5,4,5,4,4,4,5,4,5,4,6,5,5,4,5,5,5,6,5,5,5,5,4,5,4,6,5,6,4,6,6,5,4,4,5,4,5,5,5,6,5,4,4,25.0,5,5,4,5,5,6,4,4,4,5,6,5,5,4,4,5,4,4,4,3,6,5,4,4,3,6,4,4,4,5,4,5,4,,19.0,5,5,5,5,5,5,5,5,5,4,5,4,5,5,21.0,5,4,5,6,5,4,4,6,6,5,5,5,4,5,5,8.0,,,4,5,4,3,5,4,5,4,5,4,4,5,5,4,5,7,5,4,6,5.0,5,4,,5,4,5,5,5,0,5,5,5,,4,6,6,4,5,5,,5,4,4,5,6,5,,4,5,5,4,5,5,5,5,6,4,3,15.0,6,6,5,20.0,4,4,4,5,5,5,4,6,6,5,5,5,4,3,4,4,5,5,5,5,6,6,6,6,5,6,5,,5,5,6,5,23.0,4,6,5,6,6,4,5,4,5,23.0,5,,5,5,4,6,5,6,4,5,4,,6,5,5,7,6,5,4,5,5,5,5,4,5,4,5,5,5,5,7,6,5,6,5,7,5,4,,5,5,5,6,6,15.0,5,5,6,5,5,5,,6,5,5,,6,2,5,,13.0,6,5,5,5,5,5,5,6,5,,,,5,8,5,5,4,5,,5,,,5,6,,5,5,5,6,6.0,4,12.0,20.0,6,6,8.0,5,,6,6,11.0,,5,8.0,10.0,10.0,12.0,,,5,,,5,,6,0,5,5,5,14.0,19.0,0,6,,5,6,5,5,6,,,5,5,5,5,5,5,5,,,5,6,,6,26.0,,6,5,,5,9.0,6,5,5,7,,,4,,,6,5,6,,5,6,6,,,,6,6,5,5,,6,,8.0,5,11.0,,5,7.0,5,6,,,6,,5,5,,4,6,4,6,5,7,,,5,6.0,,7.0,18.0,10.0,26.0,4,4,12.0,,6,12.0,0,5,,5,,5,26.0,9.0,,,,5,6,6.0,12.0,6,12.0,,5,,,0.0,5,5,25.0,25.0,,18.0,,6,,,6,,,5,,17.0,,8.0,,,21.0,,12.0,25.0,12.0,9.0,5,6,12.0,,,5,5,5,4,5,,5,5,9.0,5,26.0,3,18.0,5,6,,,5,,4,27.0,,,5,6,,6,,,,,5,10.0,,17.0,16.0,5,,5,5.0,6.0,17.0,6,19.0,,5,10.0,4,9.0,,4,5,,,,,6,13.0,5.0,19.0,9.0,,,5,6.0,7.0,,,5,26.0,0.0,5,,17.0,6,,11.0,5,12.0,,6.0,,,5,9.0,,,5,,16.0,,5,,,23.0,,6,17.0,6,5,5,,25.0,14.0,6,5,,,5,5,6,13.0,5,5,12.0,5,5,5,6,,7,5,5,4,6,5.0,,5,7,,18.0,,,,0.0,,,,6,,5,4,7,6.0,6,5,6,5,6,7.0,,,,,4,5.0,,8.0,23.0,26.0,,4.0,5,23.0,,6,,5,,18.0,,6,5,,11.0,26.0,,,5,,10.0,5,6.0,,,,,,7.0,,,10.0,6,,,,131,7,1.9645816072908036,-0.7926461040305152
5,5,4,4,4,4,4,5,5,5,4,5,4,4,4,4,4,4,4,4,4,4,5,4,5,5,5,4,4,5,4,4,5,5,5,4,4,5,4,5,5,4,4,6,4,4,3,0,2,5,5,4,5,5,4,4,4,4,3,2,4,4,3,3,4,4,2,5,4,4,4,5,6,5,4,5,5,4,4,4,4,4,3,3,3,5,3,3,4,4,5,5,5,4,5,5,4,5,5,5,5,5,5,4,2,3,4,3,5,28.0,6,6,5,4,3,4,4,4,5,5,5,3,5,5,4,4,4,4,4,4,4,4,2,4,5,5,5,4,4,4,5,4,3,4,5,4,5,4,5,5,3,4,2,4,4,4,5,4,4,4,1,4,4,4,4,4,3,3,4,4,4,4,4,4,4,5,5,5,5,4,4,4,4,4,4,5,4,4,4,4,4,4,5,5,4,4,5,5,4,4,5,4,7,4,5,0,4,5,4,4,4,3,3,5,4,4,5,4,4,5,5,4,4,4,5,5,4,5,5,5,3,5,4,4,4,5,4,5,4,5,5,5,5,4,5,4,6,6,5,3,4,5,1,4,4,4,3,5,4,5,5,4,4,4,4,5,5,6,5,4,5,3,5,4,5,5,5,5,4,5,4,4,3,3,5,3,4,5,4,6,4,5,4,5,5,4,3,6,5,5,4,4,5,4,4,4,4,5,4,5,4,5,3,5,4,6,5,5,4,5,4,0,5,5,5,5,4,5,5,4,6,5,5,3,5,5,4,5,4,5,4,5,4,4,6,5,5,5,13.0,5,5,4,5,4,6,3,4,4,5,6,5,4,4,4,5,4,2,4,4,5,3,4,4,4,6,4,4,2,5,4,4,5,5.0,15.0,5,4,5,4,4,3,4,5,4,2,4,4,5,4,,5,5,4,6,5,4,4,6,5,3,5,5,4,4,5,30.0,,15.0,4,5,4,4,5,4,4,3,5,3,3,5,5,4,4,6,5,4,6,5.0,5,4,,5,4,5,4,4,4,5,5,4,,4,6,5,4,4,4,31.0,5,4,4,4,5,4,,4,5,5,4,5,5,5,5,6,4,4,28.0,6,5,4,18.0,4,4,5,4,5,5,4,6,6,4,4,5,4,4,4,4,5,5,5,5,6,6,6,6,5,6,4,11.0,4,4,5,5,10.0,4,6,5,5,5,0,5,4,5,,5,,5,4,5,5,5,6,4,5,4,,6,5,5,7,5,5,5,5,5,4,5,4,4,4,3,4,5,1,7,6,5,5,5,6,5,4,,5,5,5,6,6,,5,5,6,4,5,4,10.0,5,5,4,,5,5,5,,15.0,5,4,5,5,4,5,5,5,5,,,,5,6,5,5,4,5,,5,,,5,5,20.0,5,4,4,6,10.0,4,18.0,12.0,6,5,14.0,5,,6,6,,,5,,14.0,,10.0,21.0,,5,,,5,,5,4,4,5,5,,6.0,5,6,,5,6,4,5,6,,,4,4,5,5,4,5,5,,27.0,5,5,,5,,,5,5,,5,14.0,5,4,5,6,,9.0,5,,25.0,6,5,6,27.0,4,6,6,,,,6,6,5,5,,5,10.0,8.0,5,7.0,,5,26.0,5,6,16.0,0.0,6,17.0,5,4,28.0,5,6,5,6,5,6,24.0,,4,,29.0,0.0,20.0,0.0,12.0,4,4,,,5,26.0,5,0,,5,5.0,5,12.0,,,,,5,5,8.0,14.0,6,6.0,,5,,,,5,5,,8.0,,18.0,14.0,5,,24.0,6,,,5,,8.0,,,0.0,,,6.0,8.0,23.0,5.0,19.0,5,6,15.0,7.0,,4,4,5,4,5,,5,5,,5,27.0,2,10.0,5,6,,,5,,5,,,,5,6,,6,15.0,,,,5,7.0,19.0,,11.0,4,,3,8.0,,17.0,5,8.0,,4,10.0,4,16.0,,4,5,,,,,5,7.0,8.0,27.0,,10.0,,5,,,,,5,,,4,,19.0,6,,,5,20.0,,31.0,,23.0,5,11.0,,,5,,9.0,,5,,,,,6,,6,5,5,,,11.0,5,5,,,4,5,4,30.0,5,5,15.0,5,2,5,6,,6,5,5,4,5,,5.0,5,6,,8.0,16.0,,28.0,,,,,5,,0,4,6,22.0,5,5,4,5,6,24.0,,,,27.0,4,,,10.0,6.0,,15.0,,5,,,6,,5,14.0,,14.0,6,5,,,10.0,,,5,26.0,19.0,5,6.0,,,,,,13.0,,,25.0,6,,,,132,7,2.0795243019648395,-0.7917575784278291
4,4,2,3,3,3,3,4,4,5,4,4,4,4,4,4,2,3,4,4,4,3,5,4,4,4,5,4,3,4,4,4,5,5,5,4,2,5,4,4,5,4,4,6,3,3,3,4,4,5,5,4,5,4,3,3,3,3,3,3,4,4,2,1,3,4,4,5,4,4,4,5,5,4,3,5,5,4,4,4,3,3,3,3,3,4,3,3,4,0,4,4,4,4,4,4,3,5,5,4,4,4,4,4,5,3,3,2,4,,5,5,5,4,3,3,4,4,4,5,5,3,5,4,4,4,3,4,3,3,5,3,2,4,4,4,4,3,4,4,4,4,3,4,4,4,4,4,5,4,4,4,4,3,4,4,5,4,3,4,1,4,3,4,3,3,3,4,4,3,3,4,4,3,1,4,5,3,5,4,4,4,5,3,3,5,4,3,2,4,4,4,4,3,3,3,4,4,4,4,5,4,6,4,4,0,4,5,3,3,3,3,3,5,4,3,4,4,0,4,4,2,3,2,4,4,0,3,4,4,4,5,4,3,3,4,3,2,4,4,4,4,4,3,4,4,5,5,4,3,4,4,2,4,3,3,3,5,3,4,5,4,5,4,5,5,5,5,4,3,5,3,4,4,4,4,5,5,4,4,4,0,3,3,4,3,3,4,4,6,4,5,4,5,5,4,4,4,4,5,3,3,4,3,4,3,4,4,4,4,4,3,4,4,3,5,4,4,4,4,4,3,4,4,5,4,4,4,4,3,5,4,5,3,4,5,4,4,3,4,3,5,4,4,5,5,4,5,7.0,4,5,4,5,4,5,3,3,4,5,5,4,4,4,4,5,4,3,3,4,5,5,3,4,4,5,1,4,4,5,4,5,5,17.0,13.0,5,5,5,5,5,4,5,5,5,4,5,3,5,5,15.0,5,4,4,6,5,4,2,5,5,2,4,4,2,3,5,13.0,8.0,22.0,4,4,3,3,4,4,4,3,4,4,4,4,3,4,4,6,4,3,5,11.0,4,4,11.0,4,4,4,4,4,4,4,4,4,,4,6,5,4,4,4,18.0,5,4,3,4,5,4,,4,5,4,4,3,4,4,4,5,4,3,14.0,5,5,4,22.0,3,3,4,4,4,4,4,6,5,3,4,5,4,4,3,3,5,5,4,5,5,6,5,6,4,6,4,5.0,4,4,5,5,9.0,4,5,4,4,4,3,4,3,5,20.0,5,,5,4,4,5,5,6,4,4,3,,5,5,4,5,6,5,4,5,4,4,5,3,5,4,4,4,4,3,6,5,5,5,3,6,4,4,,4,5,4,6,5,23.0,4,5,5,4,4,5,,5,4,4,,5,4,2,,13.0,5,4,4,5,4,5,4,5,4,19.0,,25.0,4,7,4,5,4,5,,4,21.0,,4,5,,4,4,4,5,10.0,4,8.0,6.0,5,4,,5,,5,5,17.0,,4,7.0,22.0,23.0,,7.0,,4,,,4,14.0,5,4,4,5,4,6.0,14.0,4,6,,4,5,4,4,6,,,4,4,4,5,3,5,4,,5.0,0,5,,5,,,5,3,,5,,4,3,5,6,,23.0,4,28.0,,5,4,5,0.0,4,5,5,,27.0,0.0,5,6,5,5,,4,15.0,,4,,,0,,5,5,29.0,12.0,4,,5,4,8.0,5,6,4,5,5,6,,,4,30.0,,23.0,,17.0,15.0,4,4,17.0,,5,,5,5,,4,,5,11.0,,,,,5,5,,20.0,5,24.0,,5,,,,5,5,6.0,10.0,,,6.0,5,,,4,,,5,,5.0,,19.0,26.0,,7.0,11.0,,6.0,18.0,,4,6,14.0,,6.0,3,4,5,0,5,6.0,4,5,,5,23.0,3,,5,5,,,3,,4,10.0,,,4,5,,6,14.0,,22.0,26.0,5,18.0,,,,3,,5,4.0,,25.0,5,25.0,,4,6.0,4,6.0,,2,5,,,,,4,15.0,14.0,21.0,17.0,,,5,15.0,,,,3,31.0,,3,,,5,,23.0,4,23.0,,18.0,,,4,,,,4,,24.0,,4,,,18.0,,5,4.0,5,5,5,,,12.0,5,4,,,5,5,5,19.0,4,5,,4,5,4,5,,5,5,5,2,5,16.0,,5,6,,20.0,5.0,,31.0,,,5.0,,5,,4,4,6,,5,5,6,5,6,20.0,,,,,4,24.0,,,,,24.0,,3,30.0,,4,,5,,8.0,,5,5,,18.0,,,,5,21.0,17.0,4,21.0,,,,,,10.0,,,14.0,4,,,,133,7,2.004023335345001,-0.7637681110483371
4,4,3,3,3,4,4,4,4,5,4,4,4,4,4,4,4,3,4,4,3,3,5,3,4,4,5,3,3,4,4,4,4,4,5,3,4,4,4,4,4,3,4,6,3,4,3,4,4,5,5,4,5,4,4,4,4,4,1,4,4,4,1,3,3,4,4,5,4,4,4,5,5,4,3,4,5,4,4,4,4,3,2,3,3,4,2,3,4,2,4,4,4,4,4,4,3,5,4,4,4,4,5,4,4,3,3,2,4,,5,5,5,4,3,3,4,4,4,5,5,3,0,4,4,4,4,4,3,3,4,0,3,3,3,4,4,4,4,4,4,4,3,4,4,3,4,3,4,4,4,4,3,3,3,4,4,2,3,4,3,4,4,3,4,3,2,4,4,3,4,4,3,2,3,5,5,4,5,3,3,0,4,4,3,5,4,3,4,4,4,3,5,4,4,4,4,4,4,4,5,4,6,4,4,4,4,4,4,3,3,3,3,5,4,3,4,4,4,4,4,4,3,4,5,4,3,4,4,4,4,4,4,3,4,4,4,4,4,4,4,5,4,4,4,4,5,5,4,3,4,4,3,4,3,4,2,5,4,4,4,4,4,4,0,5,5,5,4,3,4,4,4,4,4,4,5,4,4,5,3,4,3,2,4,3,4,4,4,5,3,4,4,5,4,3,3,5,5,5,3,4,4,3,4,4,4,4,4,4,4,4,4,5,3,5,4,4,4,5,4,4,5,4,5,4,4,4,5,4,5,4,5,3,5,5,4,4,4,4,3,5,3,4,5,4,4,4,,4,4,3,4,4,5,3,3,4,5,5,5,4,4,3,4,4,3,3,4,5,4,3,0,3,5,4,3,1,4,4,4,4,8.0,18.0,4,4,5,4,4,4,4,5,4,3,4,3,5,4,,5,4,4,5,5,3,3,5,5,4,4,4,4,4,5,27.0,,32.0,4,4,3,4,4,4,4,3,4,4,3,5,5,4,4,6,4,3,5,23.0,4,4,22.0,4,4,5,4,5,4,5,5,4,,3,6,5,3,5,4,24.0,5,4,4,4,5,4,,4,5,5,4,4,5,5,5,6,4,3,,5,5,4,20.0,4,4,4,4,4,5,4,6,6,4,4,5,4,3,3,2,5,5,4,5,6,6,5,6,5,6,4,24.0,4,3,5,5,13.0,4,5,4,5,4,3,4,4,5,7.0,5,,5,4,5,5,5,6,3,4,4,7.0,4,5,4,6,5,5,4,5,4,4,5,3,5,4,4,4,4,4,6,5,5,5,4,6,5,4,,5,4,4,6,5,11.0,4,5,5,4,4,5,,5,4,4,,4,5,5,,,5,3,5,4,4,4,4,5,3,6.0,,4.0,4,7,4,5,4,5,,5,,,4,5,9.0,5,4,4,5,,4,24.0,,5,5,,5,,0,5,,,3,22.0,,,8.0,8.0,,5,,10.0,4,,5,4,4,4,4,34.0,28.0,5,6,,4,0,4,4,5,,,4,4,5,5,4,5,4,,5.0,4,5,,5,,,5,5,,4,8.0,5,4,5,6,,15.0,4,11.0,20.0,6,4,5,26.0,5,5,5,,12.0,,5,5,5,4,,5,,4.0,4,30.0,,5,,4,6,15.0,,5,21.0,5,4,24.0,5,6,4,5,4,6,23.0,,4,23.0,,11.0,,12.0,19.0,4,0,,,5,15.0,5,5,,5,0.0,5,10.0,5.0,,,,5,5,16.0,24.0,5,18.0,,5,,,,5,5,,9.0,,18.0,6.0,5,,,6,,,5,,14.0,,,,,,23.0,31.0,11.0,,,4,6,28.0,27.0,,4,4,5,4,5,,5,4,,5,13.0,3,8.0,5,5,,8.0,4,,4,10.0,,,4,5,,6,12.0,,27.0,,5,11.0,18.0,,29.0,4,,5,31.0,15.0,,4,14.0,,5,5.0,3,,,3,5,,,,,5,5.0,,25.0,29.0,33.0,,5,9.0,13.0,,,5,10.0,,4,,,5,,12.0,5,,,7.0,,22.0,4,24.0,,30.0,4,,5.0,,5,,,,,5,,5,5,4,,16.0,11.0,5,4,,,5,4,5,,5,5,29.0,5,5,5,5,,6,5,5,1,5,14.0,21.0,5,6,,6.0,35.0,,0.0,,,,,5,,5,1,5,12.0,5,5,5,5,6,6.0,,,,11.0,3,24.0,,,22.0,,5.0,13.0,4,,,6,,5,,34.0,,5,5,,13.0,4.0,,,5,17.0,,5,29.0,,,,,,,,,24.0,5,,,,134,7,2.1473586654309518,-0.8022659290284094
7,8,7,8,7,7,8,8,8,9,8,8,8,8,8,7,7,7,8,8,8,7,9,8,8,8,9,8,7,8,8,8,9,9,9,8,8,9,8,8,8,7,8,10,7,1,7,8,7,9,9,7,9,8,8,8,8,8,7,8,9,8,6,7,6,7,0,9,7,8,7,9,9,8,7,8,8,8,8,8,7,7,7,7,7,8,7,7,8,8,8,8,8,8,8,8,7,0,7,7,5,7,5,8,9,7,7,5,8,,9,9,8,7,7,7,8,8,8,9,8,7,9,8,6,8,8,8,7,6,8,7,6,6,8,8,8,7,8,0,0,8,6,8,8,8,8,8,9,9,9,8,7,8,8,8,9,8,8,8,6,8,8,8,7,7,7,8,8,7,7,8,8,7,7,8,9,8,9,8,8,8,9,7,7,8,8,7,8,8,8,8,8,8,8,8,8,8,8,8,8,8,11,8,8,9,8,8,8,7,7,5,7,9,8,8,7,8,8,8,8,8,6,8,8,8,7,8,8,8,8,8,8,8,8,8,7,8,8,9,9,9,8,8,8,8,9,9,8,7,8,8,7,8,7,7,7,9,7,8,9,8,9,8,7,9,9,9,8,6,8,7,8,8,8,8,9,9,8,8,7,8,5,7,8,7,8,8,8,9,7,8,8,9,8,8,8,9,9,9,4,7,8,7,8,8,8,8,8,7,8,8,8,9,8,9,8,9,8,9,8,8,8,7,9,8,8,8,8,7,9,8,9,7,8,7,8,8,8,8,7,9,8,9,9,8,8,9,17.0,9,9,7,9,7,8,7,8,8,0,9,8,6,8,8,8,7,7,7,8,9,8,6,8,8,9,7,9,8,9,8,9,9,,12.0,9,9,9,9,9,8,9,9,9,8,9,8,9,9,11.0,8,7,8,7,9,7,7,9,8,8,8,8,7,8,9,9.0,24.0,,8,8,7,7,8,8,8,7,8,8,8,7,7,8,8,10,8,7,9,31.0,8,8,,8,8,8,8,7,5,7,8,7,,7,9,9,8,8,8,19.0,8,8,8,8,8,8,,8,9,8,8,8,8,9,8,10,8,7,31.0,9,9,8,10.0,7,8,8,8,8,8,8,10,9,8,8,9,8,7,7,7,9,9,8,9,9,9,9,10,7,9,8,28.0,8,8,9,9,,8,9,8,9,9,7,9,8,9,14.0,9,,8,8,8,9,9,9,7,8,7,,9,9,8,10,8,9,8,9,8,8,9,7,7,8,8,8,8,8,10,9,9,9,8,9,8,5,,8,9,8,10,9,,8,8,9,8,8,9,14.0,9,8,8,,8,8,8,,24.0,9,8,9,9,6,9,8,7,8,28.0,,24.0,6,11,9,8,8,9,,9,24.0,,8,9,,9,7,8,9,,8,16.0,31.0,8,9,11.0,8,,10,9,15.0,,9,9.0,31.0,,,13.0,,9,,16.0,8,25.0,8,8,8,9,8,17.0,15.0,9,10,,8,9,8,8,10,,,8,7,8,9,8,8,8,,24.0,8,9,,9,0.0,,9,8,,9,11.0,9,8,9,9,0.0,10.0,8,,,10,8,9,28.0,8,9,9,,,0.0,9,10,9,8,31.0,9,,25.0,8,,,9,,9,9,10.0,,9,,9,8,14.0,9,9,8,9,9,9,11.0,,8,31.0,16.0,,9.0,,10.0,8,8,,,9,17.0,9,9,,8,23.0,9,,0.0,,,,9,8,19.0,,8,8.0,,9,,,,9,9,,18.0,,27.0,,9,,21.0,10,,,9,,,,20.0,17.0,,30.0,,17.0,,25.0,,8,10,,9.0,,8,8,9,7,9,29.0,8,9,12.0,8,5.0,7,,9,9,,,8,,7,23.0,,,8,9,,10,12.0,,,,9,9.0,16.0,,15.0,8,,8,,,13.0,0,21.0,,8,29.0,7,18.0,,7,9,,,,,9,,17.0,,31.0,9.0,,9,25.0,15.0,,,8,29.0,,8,,,9,,,9,13.0,,16.0,,,8,27.0,,16.0,8,,27.0,,8,,,23.0,,9,20.0,9,9,8,,,,9,8,,,9,9,9,14.0,8,9,17.0,9,9,9,9,,8,9,8,7,8,9.0,10.0,9,9,,,,,28.0,,,,,10,,8,8,10,31.0,9,9,10,9,10,15.0,,,,29.0,8,15.0,,14.0,16.0,28.0,,,8,15.0,,10,,8,21.0,30.0,15.0,9,8,,17.0,18.0,,29.0,9,14.0,,8,8.0,,,,,,15.0,,,12.0,9,,,,135,7,2.0616051623311153,-0.7511349994744808
5,5,5,4,4,5,5,5,5,6,5,5,5,5,5,5,4,4,4,4,4,4,6,1,5,5,6,5,4,5,5,5,5,6,6,5,5,6,5,5,5,4,5,7,4,5,4,5,5,6,6,5,6,5,5,5,5,5,4,5,5,5,3,4,4,5,5,6,4,4,5,6,6,5,4,5,6,4,5,4,2,4,3,4,4,5,4,4,5,5,4,5,5,5,5,5,4,6,5,5,5,5,6,5,5,4,4,3,5,26.0,6,6,5,5,4,4,4,5,5,6,6,3,6,5,5,5,5,5,4,4,5,4,4,4,5,5,5,4,5,4,5,5,3,4,5,4,5,4,6,6,5,5,0,4,4,5,6,5,4,5,3,5,5,4,5,4,3,5,5,4,4,5,4,4,4,6,6,5,6,5,4,5,6,4,4,6,5,4,4,4,5,5,6,5,5,5,5,5,5,5,6,4,8,5,5,5,5,5,5,4,4,3,2,6,5,4,5,5,5,5,5,3,4,4,4,5,4,5,5,5,5,5,5,4,5,5,4,5,5,6,4,5,5,5,5,5,6,6,5,2,5,5,4,4,4,4,4,6,4,5,5,5,6,4,6,6,6,6,5,4,5,5,5,5,5,5,6,6,5,6,4,4,4,4,5,4,5,5,5,6,4,5,5,5,6,5,4,6,5,5,4,4,5,3,5,5,5,5,5,5,5,5,5,6,4,6,5,5,5,6,4,5,5,5,6,5,5,5,5,4,6,5,6,4,6,6,5,5,4,5,4,6,5,5,7,5,5,6,,6,6,5,6,5,6,4,4,4,5,6,5,5,4,2,5,4,4,4,5,6,5,4,5,5,0,4,5,5,6,5,5,6,16.0,,5,4,6,5,5,5,5,6,6,4,6,5,6,6,,5,5,5,7,6,4,4,6,6,5,5,5,5,5,5,13.0,14.0,13.0,5,5,4,4,5,5,5,4,5,5,4,6,5,5,5,7,5,4,6,19.0,5,5,6.0,5,4,5,5,5,5,6,6,5,,4,6,6,4,5,5,,5,5,4,5,6,5,,5,6,5,5,5,5,5,5,6,4,4,30.0,5,6,5,0.0,0,5,5,5,5,5,5,7,6,5,4,6,4,4,4,4,6,5,5,6,6,6,6,7,5,7,4,10.0,1,4,6,6,5.0,5,5,5,6,6,4,5,5,6,34.0,6,,6,5,6,6,5,6,3,5,4,,5,5,5,7,6,5,5,6,5,5,5,4,5,4,4,4,5,5,7,6,6,6,5,7,5,5,,5,6,4,7,6,,4,5,6,5,5,5,9.0,6,5,5,,6,5,5,,,6,5,6,6,5,6,5,6,5,,,6.0,5,8,5,6,5,5,0.0,6,15.0,,5,6,,5,5,5,6,,5,0.0,,6,6,,6,,7,6,,,5,,25.0,,15.0,,,6,,16.0,5,8.0,6,5,5,5,5,8.0,5.0,5,7,,5,6,5,5,7,,,5,5,0,6,5,5,5,,21.0,5,6,,6,,,5,5,,6,8.0,6,5,5,7,,14.0,5,17.0,10.0,6,5,6,,6,6,6,,0.0,,6,7,6,6,,5,12.0,24.0,5,19.0,,6,,6,6,12.0,11.0,6,12.0,6,5,20.0,6,7,5,6,6,7,6.0,,5,,7.0,15.0,,,21.0,4,5,8.0,,6,,5,5,,5,,6,24.0,34.0,,,,6,6,,0.0,6,9.0,,6,,,,6,6,8.0,21.0,,7.0,22.0,6,,,7,,,6,,32.0,,,,,,6.0,13.0,,11.0,10.0,5,7,7.0,10.0,26.0,5,5,4,5,6,,6,5,31.0,5,17.0,4,,6,6,,,6,,5,21.0,,,5,6,,7,,,,8.0,6,20.0,,,,5,,6,7.0,20.0,13.0,6,26.0,,5,28.0,4,5.0,,4,5,,,,,6,7.0,21.0,24.0,19.0,17.0,,6,,6.0,,,5,12.0,,5,,,6,,,6,9.0,,7.0,,8.0,5,18.0,,18.0,5,,18.0,,5,,,10.0,,6,,7,6,5,,,29.0,6,5,,,6,6,6,,6,6,,6,6,6,6,,6,6,6,4,6,26.0,25.0,6,5,,11.0,,,8.0,,,30.0,,6,,6,0,7,15.0,6,6,7,6,7,26.0,,,,,5,25.0,,12.0,8.0,,20.0,27.0,5,8.0,,5,,6,,10.0,20.0,6,6,,31.0,22.0,,20.0,6,,,6,18.0,,,,,,17.0,,,19.0,6,,,,136,7,2.0573719925971616,-0.7752877667902163
6,5,5,5,5,5,5,5,6,7,5,5,5,5,5,5,4,5,5,5,5,4,6,5,6,6,6,5,4,5,4,5,6,6,6,5,5,6,5,5,6,5,5,7,5,5,5,5,4,6,6,5,6,5,6,6,6,6,4,6,6,5,4,5,4,5,5,6,5,5,6,6,7,6,5,6,6,5,5,5,4,4,4,4,3,6,5,4,5,5,5,5,5,5,6,6,5,5,6,5,5,6,6,6,6,4,4,3,5,32.0,6,6,5,5,5,4,0,6,5,6,6,4,6,5,5,5,6,5,3,4,6,5,5,4,5,5,4,5,6,5,5,5,4,5,5,5,6,5,6,6,6,5,5,5,5,5,6,5,5,5,3,5,5,5,5,5,4,5,5,5,4,5,5,5,5,6,6,5,6,5,5,5,6,4,4,6,5,5,5,5,5,5,6,6,6,6,6,6,5,5,6,5,8,5,6,6,5,6,5,4,4,5,4,6,5,5,5,5,5,6,6,5,5,5,6,6,5,6,6,5,5,6,5,5,5,6,5,5,6,6,6,6,5,5,5,5,7,7,6,2,6,5,5,0,4,5,4,6,4,6,6,5,6,5,6,6,6,7,5,5,5,4,5,6,6,6,6,6,5,6,4,5,1,4,6,5,5,5,5,7,5,5,5,6,6,5,5,6,6,6,5,4,6,5,5,5,5,6,4,6,5,5,6,6,5,6,6,6,5,6,5,6,6,6,6,5,4,5,6,4,7,6,7,4,6,6,5,5,5,5,4,6,6,6,7,6,6,6,18.0,6,6,5,6,5,6,5,4,3,6,6,5,5,5,5,6,4,4,3,5,6,6,5,5,2,6,5,5,5,6,5,6,6,6.0,,6,6,6,6,4,6,6,6,6,5,6,5,6,6,6.0,6,5,5,7,6,4,4,6,6,6,5,4,5,5,6,18.0,,25.0,5,5,4,4,5,5,6,4,6,5,5,6,0,5,5,7,6,4,6,35.0,6,5,,5,5,6,5,6,5,6,6,5,,5,7,6,5,5,5,,6,5,5,5,6,3,,5,6,6,5,6,5,6,0,7,5,4,9.0,6,6,5,,5,6,5,6,6,6,5,7,7,5,5,0,5,5,5,5,6,6,6,6,7,7,7,7,6,7,5,12.0,5,0,6,6,19.0,2,6,6,7,7,5,6,5,6,13.0,6,,6,5,6,6,6,7,5,6,5,19.0,6,6,6,7,7,6,5,6,5,5,6,4,6,5,4,5,5,5,7,0,6,7,6,7,6,5,,6,6,5,7,7,18.0,5,6,7,6,6,6,14.0,7,4,5,,6,6,5,,23.0,6,5,6,6,5,6,6,6,6,18.0,,,5,8,6,6,5,6,,6,,,5,6,6.0,6,6,5,7,24.0,5,12.0,27.0,6,7,12.0,6,,7,6,11.0,,6,0.0,,28.0,,9.0,,6,,21.0,6,15.0,6,5,3,6,6,,22.0,6,7,,6,6,5,5,7,,,6,5,6,6,5,6,5,,30.0,1,4,,7,,,6,6,,6,29.0,6,6,6,5,,,5,24.0,6.0,5,5,7,,6,7,6,,,,7,6,6,6,34.0,6,,15.0,6,21.0,,6,26.0,6,7,0.0,19.0,7,,6,5,,6,7,6,6,6,7,0.0,,6,28.0,10.0,14.0,11.0,,,4,4,15.0,,6,,6,6,,6,24.0,6,,20.0,,,,6,6,,10.0,6,,,6,,,,6,6,5.0,,,,,5,,30.0,6,,,6,,,,7.0,13.0,,,20.0,22.0,9.0,,,6,7,9.0,23.0,26.0,6,6,6,5,6,14.0,6,6,18.0,6,,5,32.0,6,7,,29.0,6,,5,,,,6,6,,7,,,34.0,17.0,6,8.0,24.0,,22.0,6,,6,,20.0,,7,17.0,,6,7.0,5,26.0,,5,6,,,,,7,30.0,21.0,9.0,7.0,8.0,,6,34.0,,,,6,,,5,,,6,,19.0,6,7.0,,,,6.0,5,8.0,,20.0,5,,14.0,,6,,,25.0,,7,,7,6,6,,8.0,23.0,6,6,,,6,6,6,,6,6,14.0,6,6,6,6,,7,6,6,4,6,7.0,7.0,6,7,,,,,,,,,,7,,6,5,7,9.0,7,6,7,6,7,34.0,,,,,5,,,14.0,21.0,,25.0,,6,14.0,,7,,6,19.0,16.0,,6,6,,17.0,20.0,,9.0,6,,10.0,6,15.0,,,,,,22.0,,,29.0,7,,,,137,7,2.058282505566852,-0.774866145241296
7,7,5,6,6,6,6,7,7,8,6,7,7,6,7,7,6,6,7,6,7,6,8,6,7,7,7,7,6,7,7,7,7,7,7,7,7,7,7,7,7,6,6,9,6,7,6,7,6,6,2,7,8,7,6,6,6,6,5,7,7,7,3,6,6,7,7,8,7,7,6,0,8,7,6,7,7,6,7,7,7,6,6,5,4,7,6,5,7,6,7,7,7,7,7,7,6,7,0,7,7,7,7,7,8,5,6,5,7,7.0,8,8,8,6,6,6,7,7,7,6,8,6,8,7,6,7,7,7,6,6,7,6,6,6,7,7,7,6,6,7,7,6,6,7,7,6,7,6,8,8,7,7,5,6,6,7,8,7,5,6,6,6,3,6,5,6,5,5,7,6,6,7,6,6,6,7,8,7,8,7,6,7,8,6,6,8,6,6,7,7,7,7,7,7,6,5,7,6,7,6,7,6,10,6,7,7,7,7,6,6,6,6,5,8,7,6,7,6,7,8,7,7,7,7,8,7,6,7,7,7,7,7,7,4,6,7,6,7,7,7,7,7,7,6,7,7,8,8,7,4,7,6,5,6,5,6,6,8,6,7,8,7,8,7,7,8,7,8,7,6,7,6,7,7,7,7,8,8,7,7,6,6,6,6,7,6,6,7,1,8,6,7,7,7,8,7,6,8,7,7,6,7,7,6,7,6,7,8,7,7,7,7,7,8,7,8,7,8,6,7,7,7,8,6,7,7,7,7,7,6,8,7,8,5,8,8,7,7,5,7,6,8,7,7,8,7,7,7,21.0,8,7,7,8,7,8,6,7,7,7,8,7,7,7,6,7,6,6,6,7,8,7,6,6,7,8,6,7,7,8,7,8,8,24.0,23.0,8,8,8,7,7,7,7,8,8,6,8,7,8,8,,7,7,7,9,8,5,6,8,8,6,7,7,5,4,7,,,14.0,7,7,6,6,7,5,7,6,7,7,6,8,7,7,0,7,5,5,8,34.0,7,6,27.0,7,6,7,5,7,7,8,7,7,,6,8,7,6,7,6,27.0,7,7,6,7,8,7,,7,8,7,7,7,7,7,7,8,6,6,17.0,8,8,7,,7,6,7,7,7,7,7,8,8,6,7,8,6,6,6,6,7,7,7,8,7,8,8,9,7,9,6,,7,7,7,8,8.0,7,8,7,7,7,6,7,6,8,,8,,8,7,7,8,7,8,6,7,6,,8,7,7,9,9,8,7,7,7,6,7,6,7,7,7,7,7,7,9,8,5,8,7,9,7,7,,7,7,7,8,8,38.0,7,7,8,7,7,7,15.0,8,7,7,,8,7,7,,35.0,8,6,7,7,7,0,7,8,7,,,,7,10,7,8,6,8,,7,15.0,,7,8,8.0,7,7,6,8,,6,,,8,8,21.0,8,,9,8,,,7,28.0,,,12.0,,,7,,17.0,7,33.0,7,7,7,7,7,,19.0,7,8,,7,8,5,7,9,,,7,7,7,7,6,7,7,,,7,8,,8,,,8,7,,8,22.0,7,7,7,9,,28.0,7,27.0,,7,7,8,,7,8,8,,,,8,8,7,7,18.0,8,,,7,,,7,31.0,8,8,,14.0,8,38.0,8,7,13.0,8,9,7,8,8,9,,,7,17.0,10.0,17.0,24.0,,12.0,6,7,6.0,,0,,8,0,,7,,8,,,,,,8,8,,,8,19.0,,7,,,,7,8,,38.0,,,16.0,7,,,9,,,8,,21.0,,33.0,32.0,,30.0,11.0,,10.0,8.0,14.0,7,8,12.0,10.0,,6,7,8,6,8,10.0,7,7,19.0,8,,3,12.0,8,8,,37.0,7,,7,7.0,,,7,8,,9,30.0,,,20.0,8,26.0,29.0,,16.0,7,,6,13.0,,,8,37.0,,7,36.0,6,,,6,7,,,,,7,19.0,,10.0,25.0,32.0,,8,10.0,,,,7,29.0,,7,,,8,,,7,14.0,,13.0,,12.0,7,14.0,,19.0,7,,10.0,,7,0.0,,13.0,,8,31.0,9,7,7,,17.0,33.0,8,7,,0.0,7,0,7,16.0,7,8,10.0,7,6,7,8,,9,8,7,6,8,15.0,26.0,8,8,,13.0,19.0,,0.0,,,17.0,,8,,7,5,9,,8,7,9,8,9,19.0,,,,,6,14.0,,11.0,18.0,8.0,9.0,19.0,7,11.0,,8,,6,12.0,,11.0,8,7,,8.0,15.0,,,8,13.0,18.0,7,29.0,,,,,,,,,29.0,8,,,,138,7,2.2541357962042055,-0.7519308546389077
7,7,5,6,5,0,6,5,6,6,6,6,6,4,6,6,5,6,6,5,6,5,7,0,6,6,6,5,5,5,6,6,6,6,6,5,6,6,5,5,5,5,6,7,5,6,6,1,0,7,7,6,7,6,6,6,6,5,5,6,7,6,4,5,3,6,6,7,6,6,7,7,8,7,6,6,6,6,6,5,6,6,5,5,5,6,5,5,6,3,6,0,6,5,7,6,4,7,7,6,6,7,7,7,7,5,6,4,6,,6,7,6,5,5,5,5,6,6,6,7,5,7,6,6,6,6,6,5,5,6,6,4,5,7,5,6,6,6,6,6,5,5,6,6,6,7,6,7,7,7,5,6,6,6,6,7,6,6,6,5,6,6,6,6,4,4,6,6,5,5,5,5,6,6,7,6,6,7,6,6,6,7,5,5,7,6,6,6,6,6,6,6,6,6,6,6,6,6,6,7,6,9,6,6,6,6,6,6,4,6,5,5,6,6,6,6,6,6,7,6,6,6,6,7,6,5,7,7,6,6,6,6,6,6,6,5,6,6,7,6,7,5,6,6,5,7,7,7,5,7,3,5,6,6,6,5,7,5,7,7,6,7,5,6,6,7,7,6,6,7,6,6,6,7,7,7,7,6,7,6,6,5,5,7,5,6,7,6,7,5,6,6,6,7,6,6,7,7,7,6,5,6,5,6,6,6,7,6,7,6,7,7,7,6,8,7,7,5,7,7,7,7,6,6,6,6,6,6,5,8,7,6,5,7,7,6,6,4,5,5,7,6,6,7,6,6,7,7.0,7,7,6,7,6,7,6,6,1,6,6,0,5,5,6,7,6,6,5,6,7,5,6,6,6,0,5,7,6,7,6,7,7,,14.0,7,7,7,7,7,7,6,7,7,6,7,5,7,7,16.0,7,6,6,8,6,6,5,6,5,6,5,6,5,6,7,6.0,,20.0,4,6,6,5,6,6,5,5,6,6,5,7,7,5,6,8,7,5,7,,5,5,8.0,6,6,6,5,5,6,7,7,6,,6,7,6,6,6,5,29.0,6,6,6,6,7,6,,6,7,5,6,7,6,6,7,8,6,5,,7,7,6,12.0,6,6,6,6,6,6,6,7,0,6,5,7,3,6,6,6,6,7,6,1,6,7,6,7,6,7,5,,6,5,6,7,,6,7,6,7,7,6,7,6,7,23.0,7,,6,6,6,7,6,7,6,6,6,10.0,8,7,7,8,8,7,6,7,6,6,6,6,4,6,6,6,6,6,9,8,6,7,6,7,7,6,,7,7,6,7,5,14.0,6,6,4,6,6,6,,7,6,6,,7,6,7,,24.0,7,6,7,6,6,6,7,7,6,,,23.0,6,10,6,7,6,7,,7,,,6,6,22.0,6,6,6,8,8.0,6,16.0,9.0,7,7,8.0,7,,8,7,19.0,,7,14.0,30.0,12.0,,,,7,,,7,,7,6,6,7,7,,,6,7,0.0,6,7,6,6,8,,,6,7,7,7,6,6,6,,,6,6,,7,19.0,,7,7,,7,,7,6,7,8,,17.0,6,18.0,6.0,7,6,7,12.0,6,7,7,,13.0,,7,8,7,7,,7,,,6,25.0,,7,13.0,7,7,25.0,6.0,7,15.0,6,6,,7,7,6,7,7,8,14.0,,6,22.0,,11.0,,28.0,20.0,6,6,20.0,,7,14.0,6,4,,7,21.0,7,27.0,7.0,,,,7,6,9.0,6.0,7,9.0,,7,,,,7,7,,27.0,,11.0,,0,,,8,,,7,,13.0,,30.0,,,25.0,26.0,16.0,13.0,16.0,,7,7,13.0,13.0,,6,7,7,6,7,27.0,7,6,17.0,7,26.0,5,,7,7,,13.0,6,,6,27.0,,,6,7,,8,20.0,,10.0,,7,15.0,7.0,22.0,8.0,6,,6,26.0,,,7,18.0,,7,,6,14.0,,5,6,,,,,7,7.0,28.0,,,12.0,,7,,24.0,,,7,10.0,,6,,,6,,,7,7.0,,,,24.0,6,7.0,,,6,,,,6,,,,,8,12.0,8,7,7,,25.0,23.0,7,6,,,7,7,6,12.0,7,6,,6,5,7,7,,8,7,6,6,7,,,7,8,0.0,10.0,21.0,,,,,18.0,,8,,6,6,7,12.0,7,7,8,7,7,24.0,,,,,6,21.0,,26.0,7.0,9.0,20.0,20.0,3,21.0,,8,,6,,,19.0,7,6,,,7.0,,10.0,6,19.0,19.0,7,9.0,,,,,,20.0,,,,7,,,,139,7,2.082678340463634,-0.7770032236936205
5,5,5,6,5,5,5,6,6,7,5,6,5,4,6,6,5,5,5,5,0,3,4,5,6,5,6,2,5,5,5,5,6,5,6,5,5,6,5,5,5,5,5,8,5,5,6,5,5,7,7,5,6,6,6,6,6,6,5,6,6,5,4,5,3,5,6,6,4,5,6,7,7,5,2,0,6,6,6,5,5,5,5,5,3,6,5,4,6,5,5,6,5,5,6,6,4,7,6,6,6,6,6,6,6,5,4,5,6,,7,7,6,5,5,4,4,6,5,6,6,4,7,6,6,6,6,5,5,5,6,5,5,5,6,5,5,5,6,6,6,6,5,6,6,5,5,5,7,6,6,5,5,5,5,5,7,6,6,6,4,6,6,5,6,4,4,6,5,3,5,5,5,5,5,7,6,5,6,6,5,6,7,4,5,7,6,5,5,5,5,5,6,6,6,6,6,6,6,6,6,5,8,6,6,6,6,6,6,5,5,5,5,6,6,5,6,6,5,6,6,5,4,2,6,6,5,6,6,5,4,6,6,5,6,6,5,6,5,6,6,6,5,5,6,5,7,7,6,5,6,5,5,5,5,5,5,7,5,6,5,5,6,5,6,7,6,7,0,5,6,5,5,6,6,6,7,7,5,6,5,5,4,5,6,5,6,6,6,7,5,6,6,6,6,6,6,6,6,6,5,5,5,5,6,4,5,6,5,5,6,5,6,6,5,6,3,6,5,7,6,6,7,6,6,6,5,6,6,5,7,6,7,5,7,7,0,5,5,5,5,6,6,6,7,6,6,6,,6,6,5,0,6,7,4,5,5,6,7,6,5,5,5,6,5,5,5,6,7,6,5,5,5,7,5,6,6,6,6,6,7,9.0,,7,7,7,6,6,6,6,6,7,5,7,6,7,7,,6,5,6,7,6,5,5,7,7,6,4,6,5,6,6,,,20.0,5,6,5,5,6,5,6,5,6,6,5,6,6,6,6,8,6,5,6,6.0,1,5,5.0,6,5,6,5,6,6,6,6,6,,5,7,7,5,6,5,,6,6,4,5,6,4,,5,6,6,5,6,6,6,6,7,5,5,6.0,7,6,5,28.0,5,6,6,6,6,6,5,7,7,5,5,6,5,5,5,5,6,6,6,6,7,7,7,7,6,7,5,,6,5,6,6,16.0,3,7,6,7,7,5,5,5,7,,7,,6,6,6,6,6,7,5,6,5,16.0,6,6,4,7,7,6,6,6,6,6,6,5,6,5,5,5,6,6,8,7,7,7,6,8,6,4,,6,6,6,7,7,7.0,6,6,7,6,6,6,7.0,7,6,6,,7,6,6,,8.0,7,6,6,6,6,6,6,7,6,6.0,,,6,9,6,7,6,6,,7,15.0,,6,7,,5,6,6,7,19.0,4,7.0,,7,7,,7,,7,0,18.0,,5,,6.0,26.0,16.0,26.0,,7,,27.0,6,,7,6,6,6,6,,21.0,6,7,,6,7,6,5,7,,,6,6,6,6,6,6,6,,10.0,6,7,,7,,,6,6,,5,14.0,7,6,6,8,,,5,24.0,9.0,7,5,7,23.0,6,7,7,,7.0,,7,7,6,6,9.0,6,,,6,5.0,,6,7.0,7,7,,13.0,7,15.0,5,6,,6,7,6,7,6,8,26.0,,6,11.0,20.0,11.0,,19.0,12.0,5,6,,,7,,6,6,,5,7.0,6,17.0,,,,,7,7,25.0,,6,9.0,,6,,,,7,6,13.0,7.0,,18.0,14.0,7,,,7,,,6,,20.0,,,21.0,,,9.0,7.0,,17.0,,6,7,24.0,6.0,,6,6,6,6,6,,6,5,,6,23.0,5,13.0,6,7,,24.0,6,,5,26.0,,,6,7,,7,,,25.0,20.0,6,14.0,10.0,9.0,6.0,6,,6,20.0,22.0,,7,,,6,17.0,5,,0.0,5,6,,,,,7,19.0,14.0,24.0,13.0,26.0,,7,,12.0,,,6,6.0,0.0,6,,8.0,6,,28.0,7,15.0,,,,19.0,6,,,,6,,13.0,,6,,,11.0,,6,6.0,7,7,6,,15.0,8.0,7,6,,,6,6,6,,7,7,,7,6,7,7,,8,7,7,5,7,11.0,,7,8,,,,,10.0,,,10.0,,7,,5,5,7,21.0,6,6,8,7,6,19.0,,,,27.0,6,11.0,,6.0,,20.0,12.0,11.0,6,15.0,,7,,6,,11.0,11.0,6,6,,,,,15.0,6,,,6,28.0,,,,0.0,,21.0,,,,0,,,,140,7,1.977894736842104,-0.7554929113794462
6,6,6,6,6,6,6,6,7,7,6,6,6,5,6,6,5,5,6,6,6,5,7,6,7,7,7,6,5,6,4,6,7,7,7,6,6,7,6,6,7,6,6,8,6,6,6,6,7,7,7,6,6,6,7,7,7,7,6,7,2,5,5,6,6,6,7,8,6,6,6,0,8,7,6,7,7,5,6,5,6,6,5,5,6,7,5,5,7,6,6,7,7,6,6,6,6,7,7,6,6,7,7,5,0,5,5,2,7,6.0,8,8,7,6,5,5,6,7,6,7,7,5,6,6,6,6,7,6,3,5,6,6,6,5,7,6,6,6,7,6,7,6,5,6,7,6,7,6,6,6,6,6,5,6,6,6,6,5,6,6,4,6,6,5,6,6,5,5,6,5,6,6,2,6,6,7,6,6,6,4,5,5,5,6,6,7,6,6,6,6,5,5,7,7,7,7,6,6,6,6,7,6,8,5,6,6,6,6,6,6,5,6,5,7,5,5,7,6,6,6,7,6,6,6,7,7,6,6,6,6,6,4,6,6,6,7,6,7,7,7,7,7,6,6,7,6,7,8,7,5,5,6,6,6,6,0,5,6,6,7,7,6,6,6,7,7,0,8,6,6,7,6,7,7,6,4,6,6,5,7,5,6,6,4,4,6,7,6,6,7,6,6,6,7,6,1,4,7,7,7,6,6,7,5,6,7,5,7,6,7,6,6,6,7,6,7,6,7,6,7,5,5,7,7,7,6,6,6,7,5,8,7,7,4,7,7,6,6,6,5,5,7,0,6,7,5,6,6,35.0,6,5,3,6,6,8,6,6,6,7,7,7,6,6,6,7,5,6,6,5,0,7,6,6,6,7,6,5,4,5,5,6,6,8.0,25.0,5,6,6,6,5,5,6,6,6,5,5,5,5,6,19.0,7,6,6,7,7,6,5,7,7,7,6,7,6,7,6,8.0,30.0,29.0,6,6,6,5,6,6,6,5,7,6,6,7,7,6,6,7,6,5,7,11.0,7,6,,6,6,7,6,7,6,7,7,7,,5,8,7,6,7,6,12.0,6,6,6,6,7,6,0.0,5,7,7,6,6,7,7,7,8,6,6,23.0,8,7,6,,6,7,6,6,7,6,6,8,8,6,6,7,6,5,6,5,7,7,6,7,8,8,8,8,7,8,5,,7,6,7,5,22.0,6,6,6,8,8,6,7,6,7,20.0,7,,7,5,7,7,7,8,6,7,6,24.0,7,7,6,8,7,7,6,7,6,6,7,6,7,6,6,6,6,6,8,7,7,7,6,8,7,6,,7,7,7,8,7,16.0,6,7,8,7,6,7,13.0,7,6,7,,7,6,7,,,7,7,7,7,6,7,7,7,6,9.0,,,6,9,7,7,6,7,,8,,,6,7,,6,6,6,7,9.0,6,9.0,15.0,8,8,,6,,7,7,23.0,,7,22.0,,23.0,22.0,,,7,,,7,,7,6,6,7,7,12.0,13.0,7,8,,7,8,6,6,7,,,7,7,7,7,7,7,7,,13.0,6,7,,8,17.0,22.0,7,7,,6,,8,7,7,8,,20.0,7,10.0,,8,6,8,,7,7,7,,,,8,8,7,7,15.0,7,,33.0,6,10.0,,7,35.0,6,7,,,8,8.0,7,6,15.0,7,8,7,7,6,8,12.0,,7,15.0,16.0,,,,21.0,6,6,9.0,,7,,7,7,,7,17.0,7,12.0,,,,,7,7,12.0,18.0,7,9.0,,7,,,,7,6,24.0,10.0,,10.0,9.0,7,,28.0,8,,,7,,,,,8.0,,24.0,,11.0,,9.0,,7,8,,13.0,,7,6,7,6,6,,7,0,17.0,7,,5,19.0,7,8,,,7,,6,21.0,,,7,7,,8,14.0,,9.0,6.0,7,9.0,,,,7,,7,,,25.0,6,,,7,14.0,6,22.0,,6,6,,,,,8,17.0,0.0,13.0,8.0,,,7,11.0,,,,7,22.0,,7,,9.0,7,,0.0,7,13.0,,19.0,,13.0,7,27.0,,,6,,,,7,,,,,8,15.0,7,7,7,,16.0,35.0,7,7,,,7,7,7,13.0,8,7,,7,7,7,8,,8,7,7,5,8,13.0,,7,8,,20.0,24.0,,12.0,,,10.0,,5,,7,6,8,33.0,7,7,8,7,8,21.0,,,,,6,33.0,,9.0,7.0,,13.0,26.0,6,23.0,,8,,7,27.0,,20.0,7,7,,11.0,26.0,,24.0,7,17.0,,7,,,,,,,,,,,8,,,,141,7,2.187143286272157,-0.7673682249623525
4,4,5,4,4,4,4,5,5,6,5,5,5,4,4,5,2,4,4,5,4,4,6,4,5,5,5,5,4,5,3,5,5,5,5,5,5,5,5,5,5,4,4,7,4,5,4,5,5,6,6,4,5,4,5,5,5,5,3,5,3,1,4,4,3,5,5,6,4,1,5,5,6,5,4,6,6,5,5,5,0,3,4,4,1,5,4,4,5,5,5,4,5,4,5,4,5,6,5,5,5,5,5,3,3,4,3,3,5,25.0,6,6,5,4,4,4,4,5,3,6,5,4,5,5,5,5,5,5,1,4,5,5,4,4,5,5,5,4,5,5,5,4,3,5,5,4,5,4,5,5,3,4,4,4,5,4,4,3,5,5,2,5,4,5,4,4,3,4,5,4,5,5,4,5,4,6,5,5,5,4,4,3,3,4,4,6,5,4,4,4,5,4,6,5,5,5,5,5,5,5,5,4,6,5,5,3,5,5,5,4,4,4,4,5,4,4,5,5,5,5,5,4,3,5,5,5,4,5,5,5,5,5,4,4,5,5,5,5,5,6,6,5,5,5,4,5,6,6,5,4,0,5,4,4,4,4,4,5,3,5,5,5,5,3,5,6,5,6,5,4,5,5,5,5,5,5,6,5,5,5,4,5,4,3,5,5,5,2,5,6,4,5,5,5,5,2,3,6,5,5,4,4,5,4,5,4,5,5,4,5,5,5,5,5,4,6,5,5,4,6,3,3,6,5,6,5,4,5,5,4,5,5,6,4,6,6,5,5,4,5,4,5,4,5,5,5,5,4,20.0,5,5,4,5,5,6,4,4,4,5,6,5,5,4,5,5,4,4,4,3,6,5,4,5,5,6,4,3,3,4,0,4,4,,13.0,4,4,5,3,0,2,1,2,4,3,3,3,4,4,6.0,5,4,5,6,5,4,4,6,5,5,4,5,5,5,5,,,26.0,5,4,4,4,5,5,5,3,5,5,5,5,5,5,5,6,5,4,6,8.0,5,5,6.0,5,5,5,5,5,5,5,5,5,,4,6,6,5,5,5,7.0,5,5,4,5,6,5,,3,5,5,0,5,5,5,5,6,4,4,9.0,6,6,5,23.0,4,5,5,2,5,5,4,6,6,5,4,6,5,4,4,4,5,6,4,5,6,6,6,6,5,6,5,27.0,5,4,5,5,12.0,5,6,5,6,6,4,5,5,6,,5,,5,4,5,6,5,6,4,5,4,,5,5,4,7,6,5,5,5,5,5,5,4,5,5,4,5,5,5,7,6,6,5,5,7,5,4,,5,5,5,7,6,23.0,5,5,6,5,5,5,,6,4,5,,6,5,5,,5.0,6,5,6,5,5,5,5,6,5,,,15.0,5,8,6,5,4,5,,6,26.0,,4,6,16.0,5,5,5,6,12.0,5,,9.0,6,6,15.0,6,,5,6,10.0,,5,,11.0,10.0,,8.0,,6,,21.0,5,11.0,6,5,5,5,5,6.0,19.0,5,6,,5,6,5,5,6,,,5,5,5,6,5,5,4,,20.0,5,6,,6,14.0,,5,5,,5,,6,5,5,7,,17.0,5,,9.0,5,5,6,,6,6,6,,,,6,6,6,5,,5,24.0,,5,7.0,,6,,4,6,5.0,19.0,6,23.0,6,5,9.0,5,6,5,6,5,7,,,4,25.0,19.0,9.0,16.0,10.0,27.0,4,4,14.0,,6,8.0,6,5,,5,17.0,6,20.0,15.0,,,,6,6,15.0,,6,19.0,,5,,,0.0,5,5,18.0,,,,16.0,6,,17.0,6,,,6,,,0.0,8.0,9.0,,,6.0,4.0,7.0,13.0,,6,6,6.0,,,5,5,6,5,5,,5,6,,5,,4,7.0,5,6,,8.0,6,,5,25.0,,,5,6,,7,,,27.0,25.0,5,14.0,,25.0,0.0,5,,4,13.0,,7.0,5,,,6,5.0,4,9.0,,5,6,,,,,6,9.0,,15.0,13.0,15.0,,5,,19.0,,,5,,,5,,21.0,6,,13.0,6,,,8.0,,,5,,,14.0,5,,14.0,,5,,,10.0,,6,7.0,6,5,5,,12.0,27.0,5,5,,,5,5,6,,6,5,23.0,6,5,6,6,,7,6,6,4,6,,,5,7,,9.0,,,12.0,,,,,4,,6,4,6,,6,6,6,6,7,24.0,,,,,5,,,24.0,0.0,0.0,5.0,,4,,,6,,6,,,26.0,6,6,,7.0,21.0,,17.0,6,22.0,8.0,6,16.0,,,,,,,,,,6,,,,142,7,1.9798256285482563,-0.7695013051728378
4,4,3,3,1,3,2,4,4,5,3,4,3,2,4,3,3,3,3,3,3,2,4,3,4,3,4,3,1,3,3,3,4,4,4,3,3,3,4,4,1,3,3,5,3,3,1,4,4,4,4,3,4,4,3,3,3,3,3,3,4,4,2,2,3,3,4,4,3,3,4,4,5,4,3,4,4,3,3,3,3,2,2,1,2,4,3,3,4,3,4,4,4,3,4,4,3,4,4,4,4,4,4,4,4,3,3,2,3,,0,4,4,2,3,2,3,4,3,4,4,1,4,4,4,4,3,3,3,3,4,3,3,3,3,4,4,3,3,3,3,3,2,3,4,3,4,3,4,4,4,3,3,3,3,3,4,4,3,3,2,3,3,3,3,3,3,4,3,3,2,3,3,3,2,4,4,4,4,3,3,4,4,2,3,5,3,3,3,3,3,3,4,3,2,3,4,4,4,3,4,3,6,2,3,4,4,4,3,3,3,3,3,4,3,3,3,2,3,4,4,3,3,3,4,4,3,4,4,4,2,4,3,3,3,4,2,3,4,4,4,4,2,3,4,3,5,5,4,2,4,4,2,3,3,3,2,4,3,4,4,3,4,3,4,4,4,5,4,3,4,3,0,3,4,4,4,4,3,4,3,3,0,2,4,3,3,4,2,5,3,4,4,4,4,3,3,4,4,4,3,2,4,3,4,3,3,4,3,0,3,4,4,4,3,5,4,4,3,4,4,4,4,4,4,4,3,3,4,3,5,4,4,3,4,4,4,3,3,3,3,4,3,4,5,4,4,4,,4,4,3,4,3,5,3,3,3,4,5,4,3,3,3,4,3,3,3,3,5,4,3,3,3,5,3,4,3,4,4,4,4,28.0,6.0,4,4,5,4,4,4,4,5,4,3,4,3,5,4,6.0,4,4,3,5,4,3,2,5,4,3,3,4,3,3,4,,,4.0,3,3,3,3,3,3,4,2,2,3,3,4,3,3,3,5,3,2,4,17.0,4,3,,3,3,4,4,4,3,4,4,2,,3,5,4,3,4,4,13.0,4,3,4,3,3,3,,3,4,4,3,4,4,4,4,5,2,3,27.0,4,4,3,18.0,3,3,4,3,4,4,3,5,5,3,3,4,3,1,3,3,4,4,4,4,5,5,5,5,4,5,3,17.0,4,3,4,4,,3,5,4,4,4,3,4,3,4,25.0,4,,4,3,4,4,4,5,3,4,0,11.0,5,4,4,6,5,4,3,4,3,3,4,3,4,3,3,3,4,3,6,5,4,5,4,6,4,4,,4,4,4,5,5,9.0,3,4,5,3,4,4,15.0,5,4,4,,4,4,4,,15.0,4,3,4,4,3,4,4,4,3,16.0,,4.0,4,5,4,4,3,4,,4,22.0,,4,5,20.0,4,4,3,5,8.0,3,,4.0,5,4,,4,,5,4,25.0,,4,10.0,8.0,30.0,,23.0,,4,,10.0,4,15.0,5,4,3,4,4,29.0,,4,5,,4,4,3,4,5,,,4,4,4,4,3,4,3,,7.0,4,4,,5,15.0,,4,4,,4,7.0,4,0,4,6,,,4,21.0,2.0,5,4,5,,2,5,5,,6.0,,4,5,4,4,10.0,4,,15.0,4,7.0,,4,8.0,5,5,28.0,12.0,5,,4,4,8.0,4,5,4,5,4,5,3.0,,3,,,18.0,5.0,12.0,13.0,3,3,,,5,,3,4,,4,,3,30.0,26.0,,,,4,4,24.0,,5,5.0,,4,,,,4,4,,5.0,,6.0,8.0,4,,6.0,5,,,4,,21.0,,7.0,,,6.0,18.0,8.0,10.0,9.0,17.0,4,5,,,,3,4,4,3,4,6.0,4,4,8.0,4,20.0,3,8.0,4,5,,21.0,2,,3,21.0,,,4,5,,3,23.0,,20.0,19.0,4,6.0,6.0,14.0,19.0,4,,4,,20.0,30.0,5,,,4,21.0,3,,,3,4,,,,,3,6.0,25.0,24.0,,0.0,,4,4.0,,,,4,,,3,,24.0,4,,,4,,,25.0,,,4,26.0,,,3,,10.0,,0,,,27.0,,5,,5,4,4,,11.0,30.0,5,4,,,4,4,5,,4,5,,4,4,4,4,,5,4,4,3,4,,,4,6,,16.0,13.0,,,,,16.0,,5,,0,4,6,,4,4,5,4,5,13.0,,,,27.0,3,,,25.0,0.0,6.0,,,4,,,5,,4,29.0,,,5,4,,28.0,,,13.0,4,,,4,4.0,,,,,,19.0,,,16.0,4,,,,143,7,2.012769520619635,-0.7898391424110669
5,4,4,3,3,4,4,5,5,5,4,4,4,3,5,4,3,3,4,4,4,3,5,3,4,0,4,3,3,4,3,4,4,4,4,3,4,4,4,4,4,4,4,6,4,4,4,4,4,5,5,4,5,5,4,4,4,4,3,4,5,4,3,3,4,4,4,5,4,4,4,5,6,5,4,5,5,4,4,4,4,4,3,3,3,5,3,3,4,3,4,4,4,4,5,5,3,5,5,4,4,4,5,5,5,3,4,2,4,,5,5,5,4,3,3,3,4,4,5,5,1,5,4,4,4,4,4,4,3,4,4,3,4,5,4,4,0,4,4,4,4,3,4,4,4,4,4,3,5,5,2,3,4,4,4,5,4,3,4,1,4,4,4,4,3,2,5,4,3,3,4,4,4,4,5,5,4,5,4,4,5,5,3,4,5,4,4,4,4,4,4,5,4,4,4,5,5,4,4,5,4,7,4,5,5,5,3,4,3,0,3,3,5,3,4,4,4,4,5,5,4,4,4,5,4,4,5,5,4,4,5,5,3,4,4,4,4,4,5,4,5,4,4,4,4,6,6,5,3,5,4,3,4,3,2,3,5,4,5,5,4,4,4,5,5,5,5,4,3,5,4,4,4,5,5,5,5,3,5,4,4,3,3,5,3,4,5,4,5,4,5,4,5,5,4,4,5,5,5,3,3,0,3,4,4,4,5,4,5,4,4,4,5,4,6,5,5,4,5,4,5,5,4,5,4,4,4,5,3,5,0,6,3,5,5,2,4,2,4,3,5,4,3,5,2,4,5,16.0,5,5,4,5,4,5,3,4,4,5,6,5,3,4,3,4,3,4,3,4,5,4,3,4,4,6,4,3,4,5,5,5,5,,13.0,5,5,6,5,5,5,5,5,5,4,5,4,5,5,8.0,5,4,4,5,5,2,3,5,5,4,4,5,2,4,5,9.0,10.0,,4,4,4,3,4,4,4,3,4,4,3,5,4,4,4,6,4,2,5,,4,1,,4,4,4,4,4,4,3,5,4,0.0,4,6,5,4,5,4,17.0,5,4,4,4,5,4,,3,5,5,4,5,5,4,4,6,4,4,25.0,5,5,4,,4,4,4,4,4,4,4,6,6,4,4,5,4,4,3,4,5,5,4,5,6,6,6,6,5,6,4,,4,4,5,5,25.0,4,5,4,5,5,4,5,4,5,23.0,5,,5,4,5,5,5,6,4,4,3,,6,5,5,6,6,5,4,5,4,4,4,4,5,4,5,4,4,3,7,6,5,6,5,6,5,4,,5,5,4,6,5,8.0,4,5,6,4,5,5,7.0,6,4,4,,5,5,5,,,5,4,5,4,4,4,5,5,5,26.0,,,3,8,4,5,4,5,,5,12.0,,4,5,5.0,0,4,4,5,23.0,4,23.0,7.0,5,5,9.0,5,,6,5,,,4,19.0,9.0,24.0,,25.0,,5,,4.0,4,24.0,5,4,4,5,5,20.0,,5,6,,4,5,4,4,6,,,4,4,3,5,4,4,5,,,5,5,,6,,5.0,5,5,,4,,5,4,5,0,,0.0,4,8.0,,6,4,6,21.0,4,5,5,,,,6,6,5,5,,5,15.0,5.0,5,8.0,,5,10.0,5,6,14.0,,5,7.0,5,4,7.0,5,6,4,5,5,6,16.0,,4,,,7.0,,,6.0,4,4,14.0,,5,6.0,4,5,,4,25.0,5,,0.0,,,,5,5,,25.0,5,6.0,,5,,,,5,5,12.0,,,26.0,,5,,17.0,6,,,5,,,,,15.0,,,15.0,9.0,,10.0,11.0,5,6,,21.0,,4,5,5,4,5,13.0,5,3,,5,12.0,4,,5,5,,13.0,5,,4,7.0,,,4,4,,6,8.0,,10.0,17.0,5,14.0,,,24.0,4,,4,19.0,,25.0,5,16.0,,5,,4,17.0,,3,4,,,,,5,20.0,17.0,23.0,23.0,,,6,10.0,15.0,,,5,,,4,,20.0,5,,22.0,5,15.0,,,,,4,17.0,,7.0,4,,19.0,,4,,,7.0,,6,24.0,6,5,5,,19.0,,5,4,,,5,5,5,,5,5,,5,5,5,5,,6,5,5,4,5,,,5,6,,25.0,6.0,,12.0,,,14.0,,6,,4,4,6,,5,5,6,5,6,17.0,,,,,4,5.0,,5.0,22.0,11.0,13.0,18.0,4,,,6,,5,21.0,5.0,8.0,5,5,,8.0,,,,4,26.0,14.0,5,24.0,,,,,,10.0,,,6.0,5,,,,144,7,1.9575565251884173,-0.7715142388265809
4,4,3,3,3,3,4,3,1,2,3,4,3,1,3,3,4,3,3,3,3,3,4,3,4,4,4,4,3,4,3,4,4,4,4,3,3,4,4,4,4,3,3,5,3,4,3,2,4,5,5,3,4,4,4,4,3,4,2,4,4,4,2,3,3,3,4,5,3,3,4,5,5,4,3,4,4,4,4,3,0,3,2,3,3,4,2,2,3,3,4,4,4,3,4,4,3,3,4,4,4,4,4,4,4,3,3,3,4,7.0,5,4,4,3,3,3,3,3,4,5,4,2,4,4,4,4,3,4,3,1,3,3,3,3,4,3,4,3,4,4,4,3,3,3,4,3,4,3,4,4,4,4,3,3,3,3,4,3,3,3,2,3,4,3,4,3,3,4,3,3,3,4,2,3,3,4,4,4,2,3,3,4,4,2,3,5,3,3,3,3,3,3,4,4,4,4,4,4,3,4,4,3,6,3,3,4,4,4,3,3,2,3,3,4,3,3,4,4,4,4,4,4,3,4,5,4,3,4,4,4,3,3,3,3,3,4,3,4,3,4,4,4,3,3,4,3,4,4,4,1,4,4,3,4,3,3,3,4,4,4,4,4,4,3,3,3,4,4,4,3,4,3,4,4,4,3,5,4,3,4,3,3,3,3,4,3,3,4,4,5,3,4,3,4,4,4,3,5,4,4,3,3,2,2,3,4,0,4,4,4,3,4,4,5,4,5,3,4,3,4,4,3,5,4,4,4,3,4,4,3,5,4,4,3,5,5,4,4,4,4,3,5,3,4,5,4,4,4,,4,4,0,4,3,5,3,3,3,4,4,4,4,3,3,4,3,2,3,4,4,4,3,3,4,4,3,4,3,4,4,4,4,,11.0,4,3,5,4,4,4,4,5,4,3,4,4,4,4,,4,4,3,5,3,3,3,4,4,4,4,4,4,4,0,5.0,,13.0,4,4,3,3,3,2,3,3,4,1,3,4,4,3,4,4,4,3,4,7.0,4,3,,3,3,4,4,4,3,4,4,4,,3,4,0,3,4,4,,4,3,4,4,5,4,,3,4,3,3,4,4,4,4,5,3,3,18.0,5,5,4,22.0,3,4,4,3,4,4,3,5,5,3,3,4,4,3,3,3,4,4,2,3,0,4,4,5,4,5,3,,3,3,4,4,15.0,3,5,4,5,5,3,4,3,5,,4,,4,3,4,5,4,5,3,4,1,7.0,5,4,4,5,5,5,4,4,4,3,4,1,4,4,4,3,4,4,6,5,4,4,4,5,5,4,,3,4,4,5,4,22.0,4,4,4,4,2,4,22.0,4,4,4,,5,4,4,,28.0,4,4,4,4,4,4,4,5,4,,,23.0,4,7,4,4,4,4,,5,14.0,,4,4,11.0,4,4,4,5,,3,22.0,6.0,0,5,,4,,5,5,17.0,,4,5.0,,,5.0,12.0,,4,,,4,16.0,5,4,4,4,4,10.0,22.0,4,4,,4,5,4,4,5,,,3,4,2,4,4,4,4,,,4,4,,4,,12.0,5,4,,4,16.0,5,4,4,6,,,4,4.0,11.0,5,4,5,18.0,4,4,4,,,,5,4,4,4,21.0,4,,8.0,3,4.0,,5,24.0,5,4,,18.0,3,6.0,4,4,15.0,4,5,4,5,4,6,7.0,,4,6.0,9.0,,11.0,21.0,21.0,2,4,17.0,,5,,5,4,,4,24.0,4,,10.0,,,,5,4,,,5,6.0,,4,,,,4,4,,,,,29.0,5,,,5,,,4,,21.0,,5.0,18.0,,7.0,12.0,5.0,15.0,6.0,14.0,4,5,27.0,28.0,18.0,4,4,5,3,4,,4,5,,4,23.0,2,,4,2,,9.0,4,,4,,,,4,4,,5,7.0,,5.0,,4,14.0,8.0,25.0,14.0,4,,4,22.0,6.0,,4,8.0,,4,,3,12.0,,3,4,,,,,5,,12.0,23.0,13.0,,,5,0.0,6.0,,,4,,,4,,,5,,,4,18.0,,,,,4,,,,4,,8.0,,4,,,18.0,,4,4.0,5,4,4,,7.0,8.0,4,4,,,4,4,5,,5,4,11.0,4,4,4,5,,5,4,4,3,4,,,4,6,,12.0,28.0,,10.0,,,8.0,,5,,4,0,5,7.0,5,4,5,4,5,27.0,,,,28.0,0,18.0,,,13.0,,24.0,,4,,,5,,4,20.0,28.0,20.0,5,4,,22.0,26.0,,24.0,5,,20.0,4,12.0,,,,,,16.0,,,26.0,5,,,,145,7,2.008469193309336,-0.8112230559820006
5,5,4,5,4,3,4,5,5,5,4,5,4,4,4,4,4,4,4,4,4,4,5,4,5,5,5,5,4,4,4,5,5,5,5,4,4,5,5,5,5,4,4,6,4,4,4,4,5,5,5,4,6,4,5,4,5,5,4,5,5,5,3,4,4,5,5,6,4,4,5,5,6,5,4,5,5,5,5,5,3,4,3,4,4,5,3,4,5,4,5,5,5,4,5,5,2,5,5,5,4,5,5,5,5,4,4,3,5,27.0,6,6,5,4,4,4,4,5,5,6,5,3,6,5,5,4,5,4,4,4,5,4,4,4,4,0,5,4,5,5,5,2,4,4,0,4,5,4,5,0,5,5,4,3,4,4,5,5,4,5,3,5,4,4,5,4,1,5,4,2,4,5,4,4,4,5,5,5,6,5,4,5,5,4,4,6,5,2,5,4,4,4,5,5,5,5,5,5,5,5,5,3,7,5,5,5,5,5,5,4,4,4,4,5,5,4,5,5,4,5,5,5,4,5,5,5,4,5,5,5,4,5,5,4,2,5,4,5,5,5,5,5,4,5,5,4,5,6,5,4,5,5,3,4,4,4,4,6,5,5,5,4,5,4,5,5,6,6,5,3,5,5,5,5,5,5,6,5,5,5,4,4,4,3,5,4,5,5,5,6,4,5,5,5,6,4,4,5,6,5,4,5,5,4,5,5,3,5,2,5,4,5,5,5,5,6,4,5,4,5,4,5,5,5,6,5,4,4,5,3,6,5,6,3,6,6,5,5,4,5,4,5,5,5,6,5,5,5,,5,5,5,5,5,6,4,4,4,5,4,5,4,4,5,6,4,4,4,5,0,5,4,4,4,6,4,4,4,5,5,5,5,15.0,12.0,6,5,6,5,5,5,5,5,4,4,5,4,6,5,5.0,5,5,5,6,5,2,4,6,5,5,5,5,4,5,5,9.0,,18.0,4,5,4,4,5,4,5,4,5,4,4,6,5,4,5,6,5,4,5,31.0,5,4,,5,4,5,5,5,5,5,6,5,,4,6,5,4,5,5,,5,4,4,5,6,5,,5,5,5,5,5,5,5,5,6,4,4,5.0,6,6,5,8.0,4,5,5,5,5,5,4,6,6,5,5,5,4,4,1,4,5,6,5,5,6,6,6,6,5,6,4,,5,5,3,5,,5,6,5,6,4,4,5,5,5,14.0,5,,5,5,5,6,5,6,4,5,3,26.0,6,5,5,7,4,6,5,5,5,5,5,4,5,5,5,5,5,5,7,6,6,6,5,6,6,5,,5,5,5,6,5,,5,5,6,4,5,5,6.0,6,0,5,,6,5,5,,,6,5,5,4,5,5,5,6,4,12.0,,,5,8,5,5,4,5,,6,0.0,,5,6,10.0,5,5,4,6,14.0,4,0.0,26.0,6,6,7.0,6,,6,6,,,5,,,7.0,30.0,29.0,,6,,19.0,5,21.0,5,5,5,5,5,,7.0,5,6,,5,6,5,5,6,,,5,5,5,5,5,5,5,,17.0,5,5,,4,12.0,9.0,6,5,,5,19.0,6,5,6,7,,,5,,22.0,6,5,6,,5,6,6,,31.0,,6,6,5,5,21.0,6,18.0,13.0,5,,,5,6.0,6,6,7.0,,6,,5,5,16.0,5,6,5,6,5,7,10.0,,5,,23.0,12.0,16.0,12.0,21.0,4,5,21.0,,6,,5,5,,5,15.0,6,,,,,,6,5,7.0,18.0,6,,,5,,,,5,5,23.0,,,20.0,30.0,6,,19.0,6,,,6,,,,,7.0,,31.0,,,15.0,28.0,20.0,5,6,13.0,9.0,15.0,5,5,6,5,5,,5,5,7.0,6,27.0,4,,0,6,,,5,,5,7.0,,,5,0,,7,12.0,,0.0,12.0,5,10.0,20.0,,31.0,5,,5,29.0,9.0,6.0,6,8.0,,5,18.0,4,23.0,,4,5,,,,,6,31.0,,10.0,,,,6,9.0,13.0,,,5,20.0,,5,,12.0,6,,,6,12.0,,,,,5,6.0,,,5,,12.0,,5,,,12.0,,5,,6,5,5,,,,6,5,,,6,5,6,14.0,6,5,,5,5,6,6,,6,6,5,4,6,5.0,25.0,5,6,,27.0,21.0,,,,,24.0,,6,,5,5,6,6.0,6,5,6,5,5,30.0,,,,,4,5.0,,10.0,24.0,16.0,17.0,,5,,,7,,5,16.0,,20.0,6,5,,,29.0,,7.0,5,,25.0,5,,,,,,,11.0,,,17.0,6,,,,146,7,2.070217664294684,-0.7883680706009231
4,4,2,3,2,3,3,4,4,5,3,4,4,2,4,4,3,3,4,4,4,3,5,3,4,4,5,4,3,4,4,4,4,4,5,4,4,5,4,4,4,3,3,6,3,4,4,4,4,5,5,4,4,4,3,3,3,0,3,3,2,3,3,3,1,4,4,4,4,3,4,4,5,5,4,5,4,4,4,4,3,3,3,3,3,4,3,2,4,3,0,4,4,4,4,4,2,5,5,4,4,4,4,3,4,3,3,2,4,7.0,5,5,5,4,3,3,4,4,4,5,5,3,4,4,4,4,4,4,3,3,4,3,3,3,4,4,4,0,4,4,4,3,3,4,4,3,4,4,4,4,4,4,3,3,4,4,4,3,3,4,1,4,3,4,3,3,2,4,4,3,3,4,3,3,3,4,5,4,4,3,2,3,4,3,3,5,4,3,4,4,4,3,4,4,3,4,4,4,4,4,5,4,7,4,4,5,4,4,2,3,3,3,3,5,3,3,4,4,4,4,4,3,3,4,5,4,3,4,4,2,4,4,4,4,4,4,3,4,4,4,4,5,4,3,4,4,4,5,4,3,4,4,3,3,4,3,2,5,4,4,4,4,4,4,5,5,5,5,4,3,4,3,4,4,5,4,5,4,4,4,3,3,3,1,4,3,3,4,4,5,3,4,4,5,4,3,3,5,0,4,3,3,4,3,4,3,3,4,0,4,4,4,4,5,4,5,4,4,3,5,2,3,5,4,5,3,4,4,5,3,6,4,5,3,5,5,3,4,4,4,3,5,3,4,5,4,4,3,13.0,4,4,3,4,4,5,4,3,4,4,5,4,4,3,4,4,3,3,3,3,5,4,3,4,4,5,4,0,3,4,1,3,4,,26.0,4,4,4,4,4,3,3,4,4,3,4,3,4,4,,5,4,4,5,4,4,3,0,5,3,4,4,3,2,4,29.0,18.0,26.0,3,4,4,3,4,4,4,3,4,4,4,5,4,4,4,5,4,1,5,10.0,4,4,19.0,4,4,4,4,4,4,4,5,4,,4,5,5,4,5,4,18.0,4,3,2,4,5,4,,4,4,4,4,4,4,5,4,5,3,3,5.0,5,5,4,29.0,4,3,4,4,3,4,4,6,5,3,4,5,4,3,3,3,4,5,4,4,4,5,5,5,4,5,3,4.0,4,2,5,4,9.0,4,5,4,4,4,3,4,3,4,,5,,5,4,4,4,4,5,4,3,3,12.0,5,4,4,6,5,5,4,5,4,4,4,3,4,4,4,4,4,3,5,5,5,5,4,6,5,4,,4,4,4,6,5,8.0,4,4,5,4,4,5,28.0,5,4,3,,4,4,4,,13.0,5,4,4,5,4,4,4,5,4,,,,4,6,4,5,3,4,,4,,,3,5,,4,4,4,5,,4,21.0,,5,4,,4,,6,5,12.0,,4,14.0,15.0,15.0,,21.0,,4,,14.0,4,,5,4,4,5,4,30.0,20.0,4,5,,4,5,4,4,5,,,4,4,4,5,3,4,4,,23.0,4,4,,5,14.0,5.0,5,4,,4,5.0,4,3,5,6,,,4,7.0,8.0,5,4,5,4.0,4,5,5,,,,5,5,5,5,,5,30.0,16.0,4,,,4,,4,5,6.0,12.0,5,16.0,5,4,9.0,4,6,4,5,4,6,12.0,,4,19.0,,,13.0,30.0,,4,4,,,4,6.0,5,5,,4,,4,5.0,30.0,,,,5,5,,,5,9.0,,4,,,,4,5,,25.0,,17.0,11.0,5,,29.0,5,,,5,,9.0,,7.0,,,11.0,11.0,8.0,10.0,,4.0,4,6,,6.0,13.0,3,4,5,3,5,,4,4,25.0,5,14.0,2,6.0,4,5,,,4,,4,13.0,0.0,,4,4,,6,25.0,,12.0,8.0,5,12.0,7.0,,15.0,4,,5,,,,5,19.0,,4,7.0,4,,,3,5,,,,,4,,7.0,12.0,11.0,28.0,,5,,24.0,,,4,15.0,,3,,14.0,5,,4.0,4,,,17.0,,,4,11.0,,24.0,4,,15.0,,4,,,27.0,0.0,5,28.0,5,5,4,,,8.0,5,4,,0.0,5,5,5,15.0,4,5,23.0,4,4,5,5,,5,5,4,4,4,14.0,7.0,5,6,,,21.0,,,,,23.0,,4,,4,4,5,10.0,5,5,6,5,6,20.0,,,,,4,6.0,,,15.0,15.0,19.0,,4,,,6,,5,,,,5,5,,30.0,7.0,,17.0,5,,23.0,3,,,,,,,,,,,5,,,,147,7,2.0215270093551965,-0.7787006879820145
6,5,4,5,4,4,4,5,6,6,5,5,5,5,5,5,4,5,5,4,5,4,6,5,6,6,6,6,5,5,5,5,6,6,6,5,5,6,6,6,6,5,5,7,5,5,5,6,6,6,6,5,6,5,5,5,5,5,4,5,6,5,1,4,3,5,0,6,5,5,6,6,7,6,5,6,6,5,5,5,4,5,4,5,5,6,5,4,5,3,4,5,5,5,6,5,5,6,5,4,5,6,4,5,6,5,3,4,5,11.0,6,6,6,5,4,5,5,5,6,6,6,4,6,6,5,5,5,5,4,4,6,5,3,5,6,6,6,2,4,5,6,5,4,5,6,5,6,5,6,5,6,6,5,5,5,4,6,5,5,5,4,5,5,5,5,5,5,5,5,4,5,6,5,5,4,6,6,6,6,5,5,5,6,4,5,6,5,5,5,5,5,5,5,5,5,5,5,6,3,5,6,0,8,5,6,6,5,4,5,5,4,3,4,6,5,5,6,6,5,6,6,5,5,5,6,6,5,6,6,5,5,6,5,5,5,6,5,5,5,6,6,6,5,5,6,5,7,6,6,4,6,6,4,5,3,5,5,6,3,6,6,5,6,5,6,6,6,6,5,5,6,4,5,6,6,6,6,5,5,6,5,5,5,4,6,4,3,6,5,0,4,6,5,6,6,5,5,6,6,6,5,5,5,4,5,0,5,6,5,6,6,4,6,6,5,7,5,6,5,6,6,6,6,5,6,6,5,5,5,2,7,6,7,5,6,6,6,5,5,6,5,6,6,6,7,6,6,6,9.0,6,6,5,6,5,6,5,5,5,6,6,6,6,5,5,6,5,5,5,5,6,6,4,5,5,6,4,5,5,5,5,6,6,11.0,8.0,6,6,6,6,6,0,6,6,6,5,6,2,6,6,,6,5,5,7,6,5,4,6,6,5,5,5,4,5,6,,,,5,5,5,4,6,5,5,4,6,5,5,6,6,5,5,6,6,4,6,,6,5,11.0,5,5,6,6,6,5,6,6,5,,5,7,6,5,6,5,11.0,6,5,3,5,6,5,,5,6,6,5,6,5,6,6,7,5,4,,5,3,5,,5,5,6,6,5,6,5,6,7,4,5,6,4,5,5,5,6,6,5,6,7,7,6,7,6,7,5,20.0,6,5,6,5,9.0,5,6,5,5,1,5,6,5,6,9.0,6,,6,5,6,6,6,7,5,5,5,,6,6,6,8,7,6,5,6,5,5,6,5,6,5,5,5,6,5,8,7,6,7,6,7,6,5,,6,6,5,7,7,,5,6,7,5,6,6,10.0,6,5,6,,6,6,6,,27.0,6,5,6,6,5,6,6,6,6,,,13.0,6,9,6,6,5,6,,6,,,6,6,13.0,6,5,5,7,,5,21.0,8.0,6,6,6.0,6,,7,6,19.0,,6,,,,15.0,,,6,,,6,16.0,6,5,5,6,6,27.0,12.0,6,7,,6,6,5,6,7,,,5,6,6,6,5,5,6,,26.0,5,6,,6,,14.0,6,6,,6,19.0,6,5,6,7,,,6,11.0,,7,5,7,,5,6,6,,,,7,6,6,6,,6,17.0,,6,26.0,,6,13.0,5,6,27.0,,7,20.0,6,5,12.0,6,7,5,7,6,7,7.0,,5,10.0,,12.0,27.0,0.0,9.0,5,5,19.0,,6,10.0,6,0,,6,12.0,6,,13.0,,,,6,6,,11.0,6,,,6,,,,6,6,12.0,14.0,,,,6,,23.0,7,,,6,,10.0,,11.0,16.0,,5.0,11.0,12.0,,25.0,23.0,6,7,,13.0,19.0,5,6,6,5,6,19.0,5,6,17.0,6,,5,11.0,6,6,,8.0,5,,5,18.0,,,5,6,,7,20.0,,,26.0,6,9.0,,,,5,,6,7.0,8.0,13.0,7,,,5,27.0,5,11.0,,4,6,,,,,6,0.0,14.0,23.0,8.0,16.0,,6,23.0,6.0,,,6,,,5,,15.0,7,,12.0,6,26.0,,15.0,,9.0,6,16.0,,6.0,5,,6.0,,6,,,19.0,,7,,7,6,6,,,,6,6,0.0,,6,6,7,10.0,6,6,,6,6,6,6,,7,6,6,5,6,,24.0,6,7,,16.0,7.0,,24.0,,,20.0,,7,,5,5,7,,7,6,7,6,7,,,,,,5,,,,17.0,,12.0,,5,27.0,,7,,6,8.0,,,7,6,,6.0,7.0,,20.0,6,16.0,18.0,5,14.0,,,,,,14.0,,,,6,,,0.0,148,7,1.9346079528119613,-0.7714681461339861
4,3,4,4,4,4,5,5,5,0,4,5,4,4,4,4,4,3,4,4,4,4,5,4,5,5,5,5,4,5,4,4,5,5,5,4,4,5,5,5,5,4,4,6,4,4,4,5,4,5,5,4,5,5,4,5,5,5,3,5,4,5,3,4,4,4,5,6,4,4,5,5,6,5,4,5,5,4,4,4,4,4,3,1,4,4,3,4,5,4,5,5,4,4,5,5,4,5,5,4,4,5,5,5,5,3,4,3,5,,6,6,5,4,4,4,4,5,5,6,5,2,5,5,4,4,5,4,4,4,5,4,0,4,4,4,5,4,5,5,5,4,3,4,5,4,5,4,5,5,5,4,4,4,4,4,6,5,4,4,3,4,3,4,5,4,3,5,4,4,4,5,4,4,4,5,5,5,5,5,4,5,5,4,4,5,4,4,4,4,4,4,5,5,5,5,5,5,4,4,5,0,7,4,5,5,5,5,5,4,4,4,3,5,5,4,4,4,2,5,5,4,4,4,5,4,2,5,5,5,4,5,5,4,4,5,4,5,5,5,5,5,5,4,5,3,6,6,5,3,5,5,3,4,4,4,3,5,4,5,5,5,5,0,5,5,5,6,4,3,5,4,5,5,5,5,5,5,4,5,4,4,1,2,5,4,5,5,0,6,4,5,5,5,5,4,4,5,5,5,4,4,5,4,4,5,4,5,4,5,4,5,5,3,4,6,5,5,4,5,5,5,5,5,5,5,4,5,5,4,6,5,6,3,6,6,5,5,4,5,4,5,5,5,6,5,5,5,,6,6,4,5,4,6,4,3,3,5,6,5,4,4,4,5,4,3,4,4,6,5,3,4,4,6,4,5,4,5,5,5,5,15.0,,5,5,6,5,5,5,5,6,5,4,4,4,0,5,14.0,5,5,4,6,5,4,3,6,5,5,5,5,4,4,5,,25.0,10.0,4,5,4,4,5,4,4,3,5,4,4,5,5,4,4,3,4,3,6,16.0,5,4,28.0,5,4,5,5,5,4,5,4,5,,4,6,5,4,5,5,,5,4,4,5,5,4,,5,5,5,4,5,5,5,5,6,4,4,16.0,6,6,4,18.0,4,5,5,5,5,5,4,6,6,4,4,5,4,4,4,4,5,5,5,5,6,6,6,6,5,6,4,5.0,5,4,5,5,,4,6,5,6,6,0,5,5,5,8.0,5,,5,5,5,6,5,6,4,5,4,21.0,6,5,5,6,6,5,4,5,5,4,5,4,5,4,4,4,5,4,6,5,5,6,5,6,3,4,,5,5,5,6,6,12.0,5,5,6,5,5,5,20.0,5,5,4,,5,5,5,,12.0,5,5,5,5,4,5,5,5,5,6.0,,13.0,5,7,5,5,4,5,,6,,,5,6,24.0,5,5,4,6,,4,5.0,7.0,5,6,,5,,6,6,29.0,,5,,8.0,,13.0,,,6,,19.0,5,19.0,5,4,4,5,5,23.0,29.0,5,6,,5,6,4,5,6,,,5,4,5,4,5,5,5,,16.0,5,5,,6,,,5,5,,5,6.0,0,5,5,6,,27.0,5,21.0,24.0,6,5,5,,5,6,6,,7.0,,6,6,5,5,6.0,5,9.0,,5,29.0,,5,,6,6,9.0,8.0,5,,5,4,,5,6,5,6,5,6,,,5,,,10.0,,15.0,23.0,4,4,,,6,8.0,5,5,,5,8.0,5,5.0,18.0,,,,5,4,22.0,4.0,5,,,5,,,0.0,5,5,14.0,28.0,,8.0,21.0,5,,27.0,6,,,5,,8.0,,17.0,27.0,,11.0,,4.0,,,,5,6,13.0,23.0,16.0,5,5,5,4,5,15.0,5,5,24.0,5,7.0,4,7.0,5,6,,6.0,5,,4,,,,5,6,,6,9.0,,29.0,21.0,5,24.0,,,,5,,5,22.0,,6.0,6,17.0,,5,10.0,4,6.0,,4,5,,,,,6,,18.0,26.0,23.0,,,6,7.0,,,,5,,,5,,18.0,6,,,5,28.0,,25.0,,,5,,,12.0,5,,,,5,,,,,6,6.0,6,5,5,,23.0,10.0,5,5,,,5,5,6,,6,5,23.0,5,5,5,6,,6,6,5,4,6,,7.0,6,6,,19.0,5.0,,,,,7.0,,6,,5,4,6,16.0,6,5,7,5,6,,,,,,4,,,7.0,,15.0,7.0,,5,12.0,,5,,5,24.0,8.0,22.0,6,5,,27.0,,,,5,13.0,19.0,5,,0.0,,,,,19.0,,,14.0,6,,,,149,7,1.9912217288030543,-0.7764384824561587
6,6,6,6,6,6,5,5,5,6,6,5,5,5,5,6,6,6,6,5,6,5,7,6,6,7,7,6,5,6,6,0,7,6,7,6,6,7,7,6,6,6,6,7,5,6,6,6,7,7,7,4,7,6,7,7,7,7,6,7,6,5,5,6,5,4,7,7,5,0,7,7,8,7,6,7,7,5,6,6,4,5,5,6,6,7,4,5,7,6,6,7,6,6,6,5,6,7,7,6,6,7,7,6,6,5,5,3,6,23.0,7,8,7,6,5,6,6,7,6,7,7,5,7,5,6,6,7,6,5,5,0,6,6,5,6,5,6,6,7,6,7,5,5,6,7,5,6,6,4,6,6,6,6,6,6,6,7,6,6,6,4,0,6,6,6,5,6,6,6,5,5,6,5,6,6,7,6,6,6,6,5,6,7,4,5,7,6,6,6,6,6,6,7,7,7,7,6,6,6,6,6,6,8,6,5,6,5,6,6,6,6,6,4,6,6,6,5,6,6,6,7,6,6,6,7,7,6,7,6,6,6,6,5,6,6,7,5,7,6,6,7,7,6,6,7,6,7,6,7,5,7,6,6,6,6,6,5,3,6,7,7,6,7,6,2,0,6,6,6,6,6,6,7,7,7,6,7,6,6,5,3,6,5,5,6,6,6,6,6,0,5,6,6,6,6,6,6,7,7,6,6,6,7,6,7,7,6,7,6,7,6,7,6,7,6,8,6,7,6,7,6,6,7,7,7,6,6,5,7,6,8,7,7,6,8,7,6,6,6,6,5,7,6,6,7,6,6,7,,6,7,6,7,6,8,6,6,6,6,6,6,6,5,6,7,6,5,5,6,8,7,5,6,6,7,6,6,5,7,6,6,7,19.0,9.0,7,7,7,7,4,6,6,7,7,6,7,6,7,7,8.0,6,6,2,7,6,6,6,6,6,7,6,7,6,6,6,21.0,14.0,,6,6,6,6,6,6,7,5,6,5,6,7,7,5,6,8,6,5,7,10.0,7,6,,3,6,7,6,7,6,7,7,7,,5,7,6,6,7,6,12.0,6,6,6,6,6,6,,6,7,6,6,6,7,7,7,8,6,6,,7,7,6,,5,7,6,6,6,7,6,7,7,6,6,7,6,5,6,5,6,7,5,4,6,7,7,7,6,7,6,9.0,6,6,6,7,8.0,6,7,6,8,8,6,7,6,0,,7,,6,5,7,7,6,7,6,7,5,13.0,7,7,6,8,7,7,7,6,5,6,7,6,7,6,5,6,6,6,8,7,6,7,6,7,7,6,,6,6,7,7,7,9.0,6,6,6,7,6,6,,7,6,7,,7,6,7,,,7,7,7,7,6,7,7,7,5,13.0,,14.0,7,9,7,7,6,6,,8,,,6,6,13.0,7,6,6,8,,6,,23.0,7,7,,6,,7,7,22.0,,0,21.0,22.0,9.0,7.0,25.0,,7,,12.0,6,9.0,7,6,6,6,7,8.0,18.0,7,7,,7,7,7,6,7,,,6,7,6,7,6,6,6,,,6,6,,6,,11.0,7,6,,6,20.0,8,7,7,8,,13.0,6,,28.0,8,7,8,12.0,7,7,6,0.0,24.0,,7,7,1,7,17.0,7,,21.0,6,12.0,,7,22.0,7,7,12.0,,8,,7,6,7.0,7,7,6,7,7,8,,,7,9.0,,,18.0,11.0,29.0,6,6,14.0,,7,7.0,7,6,,7,,7,,7.0,,,,7,6,21.0,,7,,,7,,,,6,7,17.0,17.0,,,12.0,8,,12.0,8,,,7,,7.0,,10.0,23.0,,12.0,29.0,13.0,10.0,10.0,6.0,7,7,22.0,20.0,7.0,7,7,7,6,6,24.0,7,7,,6,,5,,7,6,,21.0,7,,6,17.0,,,7,7,,5,,,12.0,7.0,6,,11.0,,21.0,7,,7,21.0,25.0,12.0,7,,,7,29.0,6,,,6,7,,,,,7,,25.0,,,11.0,,7,9.0,,,,7,17.0,,7,,,7,,21.0,7,27.0,,9.0,,8.0,6,10.0,,22.0,6,,9.0,,6,,,29.0,,8,10.0,7,6,7,,,,7,6,,,6,6,7,24.0,8,6,18.0,7,7,7,8,,8,7,7,6,7,,21.0,6,8,,,,,9.0,,,20.0,,7,,7,6,7,6.0,7,6,7,6,7,26.0,,,,,6,12.0,,25.0,29.0,12.0,0.0,6.0,6,18.0,,7,,7,10.0,,,7,7,,29.0,,,9.0,7,,19.0,7,,,,,,,7.0,,,,8,,,,150,7,1.9969509096452907,-0.7635541355109183
6,5,5,5,5,5,2,4,6,7,6,6,6,5,6,5,5,5,5,5,5,3,6,5,6,6,7,6,5,6,6,6,6,6,7,6,6,6,6,6,6,5,4,7,5,5,5,6,6,7,7,6,6,6,5,6,6,5,5,6,6,6,4,5,4,6,6,7,5,5,6,7,7,6,5,6,6,6,6,6,4,5,4,5,5,6,5,5,6,5,6,6,6,6,6,6,3,6,5,5,5,6,6,6,6,5,5,4,6,16.0,7,7,6,5,5,5,6,6,6,7,6,5,7,6,3,6,5,5,5,5,6,5,5,5,6,6,6,5,6,0,5,5,5,6,6,5,6,5,7,7,6,6,5,5,5,6,7,6,5,5,4,6,6,5,5,5,4,6,5,5,5,6,5,5,4,6,6,6,7,6,6,6,6,5,4,6,6,5,5,5,5,6,6,6,6,6,6,6,6,6,7,5,8,6,6,6,6,6,6,2,5,4,5,6,5,6,6,6,6,6,6,5,5,6,6,6,5,6,5,6,5,6,6,5,5,6,5,5,5,6,6,6,5,4,0,5,7,7,6,3,6,6,5,5,5,5,5,6,5,6,6,6,7,6,6,7,6,7,6,5,6,6,6,6,6,6,7,6,6,6,5,5,4,5,6,5,5,0,6,7,5,6,6,6,6,6,5,7,6,6,5,5,6,5,6,6,6,6,5,6,6,6,6,7,5,7,6,6,5,6,6,6,6,6,6,6,5,5,6,5,7,6,7,5,6,6,6,6,5,6,5,7,6,6,7,6,6,7,8.0,7,7,6,6,5,7,5,5,5,5,7,6,6,5,6,7,5,5,5,6,7,6,4,6,6,0,5,6,0,7,6,7,7,24.0,15.0,7,7,7,6,6,6,6,7,7,5,7,5,7,6,,6,6,6,8,6,5,5,6,6,6,6,6,5,6,6,,,29.0,6,3,5,5,6,5,6,4,6,6,5,5,5,5,6,8,6,5,7,,6,6,10.0,6,5,6,6,6,6,6,6,6,,5,7,6,5,6,6,14.0,6,6,5,6,6,4,,4,7,5,6,6,6,7,6,7,5,5,16.0,7,7,6,,5,6,6,6,6,6,6,7,7,5,5,6,6,5,5,5,6,7,6,6,6,7,6,7,6,7,5,7.0,5,5,6,6,20.0,5,7,6,7,7,5,6,6,7,,5,,6,6,6,7,6,7,6,6,5,11.0,7,6,6,8,8,6,5,6,6,6,6,3,6,5,5,6,6,6,8,7,6,7,6,8,6,6,,6,6,6,7,7,,6,6,7,6,6,6,,7,6,6,,6,6,0,,,7,6,6,7,6,6,6,6,6,8.0,,11.0,6,9,6,7,6,6,,7,10.0,,6,7,,6,6,6,7,16.0,6,,21.0,6,7,14.0,7,,8,7,,,6,14.0,,,6.0,7.0,,6,,,6,9.0,6,6,6,6,6,17.0,33.0,6,7,,6,7,6,6,8,,,6,0,6,6,6,6,6,,13.0,6,6,,7,6.0,23.0,6,6,,5,24.0,7,6,7,7,0.0,,6,11.0,8.0,7,6,7,27.0,6,7,7,,11.0,,7,7,7,6,17.0,6,,15.0,6,7.0,,7,20.0,7,7,14.0,20.0,6,,7,6,10.0,6,7,6,7,7,7,11.0,,6,15.0,18.0,,,13.0,9.0,5,5,,,7,,7,6,,6,14.0,7,,11.0,,,,7,6,16.0,24.0,5,11.0,,6,,,,7,7,10.0,6.0,,33.0,13.0,7,,9.0,6,,,7,,,,8.0,,,8.0,8.0,8.0,6.0,7.0,33.0,6,7,,,7.0,6,6,7,5,7,10.0,6,6,9.0,6,,5,12.0,6,7,,19.0,6,,5,,,,6,6,,6,,,12.0,9.0,6,31.0,,,8.0,6,,6,6.0,,,7,18.0,,6,,5,,,5,7,,,,,7,,34.0,,30.0,17.0,,7,14.0,,,,6,,0.0,5,,6.0,7,,33.0,7,,,8.0,,8.0,6,18.0,,31.0,6,,,,6,,,28.0,,7,,8,7,6,,10.0,28.0,6,6,,,7,6,7,,7,7,,6,7,6,6,,7,6,6,5,6,,,7,7,,19.0,,,,,0.0,,,7,,6,6,7,,7,7,6,6,8,20.0,,,,29.0,5,,,12.0,8.0,23.0,16.0,11.0,6,16.0,,8,,7,22.0,8.0,9.0,7,7,,9.0,,,,7,24.0,34.0,6,,,,,,,28.0,,,,7,,,,151,7,2.1055088702147566,-0.7690734300118058
3,2,3,4,3,3,1,5,5,6,5,4,5,1,5,5,5,2,4,4,4,3,5,3,5,5,5,5,4,4,5,5,5,5,5,4,4,5,5,5,5,4,4,6,4,5,5,5,5,5,5,5,5,4,4,4,2,3,3,4,5,4,4,4,4,4,5,5,5,5,5,5,6,4,3,5,6,5,5,5,5,4,4,4,4,4,4,4,4,4,5,5,5,5,5,5,4,4,5,5,5,5,5,4,5,4,4,4,5,8.0,6,6,6,4,4,4,4,5,5,6,5,3,5,5,5,5,4,5,4,4,5,4,4,4,5,5,5,4,4,5,5,5,4,5,5,4,4,4,5,5,5,5,4,4,5,4,5,4,4,4,3,5,4,4,5,4,0,5,4,4,4,5,4,4,4,5,5,1,5,5,2,5,5,4,4,6,5,4,4,4,5,4,5,4,4,4,5,5,5,5,5,4,6,5,5,5,5,5,4,4,4,3,3,5,4,3,5,5,3,5,0,3,4,3,5,4,4,5,4,5,5,5,4,4,4,5,4,5,5,5,5,5,2,4,5,5,6,6,4,4,4,5,3,3,4,4,4,5,5,4,5,5,5,5,5,5,5,6,0,4,5,4,5,5,5,4,5,5,4,5,4,4,4,4,5,2,4,5,5,6,4,4,5,5,5,4,4,4,5,5,4,4,5,4,4,3,4,5,4,4,4,4,4,0,4,6,4,4,5,5,5,5,6,4,6,5,5,5,5,4,6,5,6,4,6,6,5,5,5,5,4,5,4,5,6,5,5,5,24.0,5,5,4,5,5,6,4,5,5,5,6,5,5,4,4,5,4,4,4,3,5,5,4,4,3,6,4,5,3,5,4,5,5,20.0,11.0,5,5,5,5,5,4,0,5,5,4,5,5,5,5,12.0,5,5,5,6,5,4,4,6,5,2,4,5,4,4,5,6.0,,7.0,5,5,4,3,5,4,5,4,5,4,4,6,5,4,4,6,5,3,5,9.0,5,5,10.0,4,5,5,5,5,5,6,5,5,,4,6,5,5,5,5,13.0,4,3,1,5,6,4,,4,5,5,5,4,5,5,5,6,4,4,,6,6,5,27.0,4,4,5,5,5,5,3,6,5,0,4,5,5,4,4,4,5,5,4,5,6,6,6,6,5,6,4,19.0,5,5,6,5,16.0,4,0,5,3,5,4,5,3,5,20.0,5,,5,4,5,5,5,6,5,4,4,5.0,6,5,4,7,6,6,5,5,5,5,5,4,5,4,4,5,5,4,7,6,5,6,5,7,6,4,,5,5,5,7,6,10.0,5,5,6,4,5,5,,6,5,5,,6,5,5,,10.0,5,4,5,5,5,5,5,6,5,19.0,,18.0,5,8,5,5,4,5,,5,11.0,,5,6,9.0,5,4,4,6,9.0,4,,18.0,6,5,,5,,5,5,8.0,,5,19.0,,27.0,,,,5,,13.0,5,5.0,6,5,5,5,5,10.0,,5,6,,5,6,5,4,6,,,5,5,5,6,5,5,4,,15.0,5,6,,6,24.0,16.0,6,5,,5,14.0,5,4,6,7,,6.0,5,10.0,7.0,6,5,5,25.0,4,6,6,,7.0,,6,6,5,5,26.0,5,5.0,,5,,,5,,6,6,26.0,5.0,6,9.0,6,5,28.0,5,6,5,6,5,7,25.0,,0,22.0,,28.0,,15.0,5.0,5,5,24.0,,6,16.0,5,6,,4,,5,,,,,,6,5,7.0,27.0,6,22.0,,5,,,,5,5,28.0,,,16.0,9.0,6,,,6,,,5,,28.0,,,9.0,,19.0,28.0,4.0,8.0,,17.0,5,6,,20.0,4.0,4,5,6,4,5,27.0,5,5,,5,17.0,4,,5,6,,,4,,5,28.0,,,4,6,,6,18.0,,13.0,,3,28.0,7.0,18.0,,4,,5,20.0,,,5,12.0,,5,,4,15.0,,4,6,,,,,5,13.0,,9.0,27.0,,,5,20.0,9.0,,,5,8.0,,4,,19.0,6,,,5,13.0,,,,17.0,5,25.0,,14.0,5,,10.0,,5,,,10.0,,5,,0,6,5,,17.0,,6,5,,,6,5,6,13.0,5,5,,4,6,5,5,,7,6,5,4,6,,14.0,5,7,,,,,13.0,,,,,6,,4,5,7,26.0,6,6,6,0,6,,,,,,5,23.0,,9.0,22.0,,,18.0,5,,,7,,6,,,24.0,6,6,,12.0,24.0,,9.0,6,9.0,12.0,4,,,,,,,,,,5.0,5,,,,152,7,2.070645935510802,-0.7713070488845635
6,5,5,5,5,5,5,3,6,6,5,5,5,5,5,5,1,4,5,5,5,4,6,4,5,5,6,5,4,5,5,5,5,5,6,5,5,6,5,5,5,5,5,7,5,4,4,5,5,6,6,5,6,5,5,5,5,5,3,5,6,5,4,4,4,5,5,6,5,5,5,6,7,6,5,6,6,5,5,5,5,4,4,4,5,6,4,4,5,5,5,5,5,4,5,5,3,6,5,5,3,6,6,6,6,4,4,3,5,,6,6,6,4,4,4,5,5,6,6,6,4,6,5,5,5,6,5,4,4,6,5,5,5,6,5,5,5,5,5,5,5,4,5,6,5,5,4,6,6,6,5,4,4,5,5,6,6,5,5,3,5,5,5,0,0,4,5,4,3,4,5,5,4,4,6,6,6,6,5,5,6,6,4,5,6,5,5,4,5,5,5,6,5,5,5,5,5,5,5,6,5,8,5,6,6,5,6,5,5,4,4,2,6,5,5,5,5,5,6,5,5,5,5,5,5,5,5,6,5,5,5,5,5,5,6,5,5,6,6,5,6,5,5,6,5,6,6,6,4,6,5,4,5,5,5,4,6,5,6,5,5,6,5,5,6,6,6,6,3,6,5,5,5,5,6,6,6,5,6,4,5,4,4,6,5,5,6,5,6,4,5,5,6,0,5,5,6,6,6,5,5,5,4,5,5,5,6,5,6,5,5,5,6,5,7,6,6,5,6,6,6,5,6,6,5,5,5,5,4,7,6,6,4,6,6,5,5,5,5,4,6,5,4,7,6,5,6,,6,6,5,6,5,5,5,5,5,6,6,5,5,5,2,5,4,4,4,5,6,6,4,5,5,6,5,6,5,6,5,6,6,9.0,16.0,6,6,7,6,6,6,6,6,6,5,6,5,6,6,21.0,6,5,5,7,6,0,5,6,6,5,5,6,5,5,6,,,,5,5,5,4,5,5,5,4,6,5,5,5,5,5,5,7,6,4,6,,5,4,13.0,5,5,6,5,5,5,5,6,2,,5,7,6,5,6,5,7.0,6,5,5,5,6,5,,5,6,6,5,6,6,6,6,7,5,4,,6,6,5,19.0,5,5,5,5,5,6,5,7,7,5,5,6,5,5,2,5,6,6,5,6,6,6,6,7,5,6,5,23.0,5,5,6,6,,5,6,5,6,6,5,6,5,6,,6,,6,5,6,6,6,7,5,6,4,,7,6,6,7,7,6,5,6,5,5,5,5,5,5,5,5,5,5,8,7,6,6,6,7,6,5,,6,6,5,7,6,21.0,5,0,6,6,5,6,7.0,6,5,5,,6,6,6,,15.0,6,4,6,6,5,5,6,6,5,,,,6,9,6,6,5,6,,6,,,5,6,14.0,6,5,5,7,14.0,5,8.0,5.0,5,6,11.0,6,,7,6,25.0,,6,,,0.0,10.0,12.0,,6,,25.0,6,,6,5,5,6,6,,14.0,5,7,,6,6,5,5,7,,,5,5,6,6,5,5,5,,15.0,5,6,,6,25.0,14.0,6,6,,6,8.0,6,5,5,4,,24.0,5,23.0,7.0,7,5,7,,6,6,6,,19.0,,7,7,6,5,14.0,6,6.0,19.0,5,,,6,9.0,7,7,,27.0,6,6.0,6,5,,6,7,6,6,6,7,17.0,,5,,8.0,12.0,,,16.0,5,5,13.0,,6,15.0,6,6,,6,,6,,7.0,,,,6,6,21.0,16.0,6,9.0,,6,,,,6,6,,23.0,,,9.0,6,,16.0,7,0.0,,6,,11.0,,9.0,,,9.0,14.0,,20.0,17.0,,6,7,6.0,,,5,6,6,5,6,,6,6,,6,,4,,5,6,,0.0,5,,5,26.0,,,6,6,,7,,,,10.0,6,24.0,,29.0,16.0,6,,3,6.0,27.0,,7,17.0,,6,,5,,,5,6,,,,,6,10.0,28.0,14.0,,11.0,,6,,14.0,,,6,,,5,0.0,20.0,6,,20.0,6,,,9.0,,8.0,5,14.0,,19.0,5,,22.0,,5,,,12.0,,7,8.0,7,6,6,,,12.0,6,5,,,6,6,6,9.0,6,6,,6,6,6,6,,6,6,6,4,6,,6.0,6,7,,0.0,17.0,,26.0,,,20.0,,7,,6,5,7,6.0,6,6,7,6,7,11.0,,,,26.0,5,,,24.0,17.0,,18.0,20.0,5,11.0,,7,,6,7.0,15.0,15.0,6,6,,23.0,26.0,,23.0,6,16.0,29.0,6,,,,,,,,,,9.0,6,,,,153,7,2.013764694062091,-0.791537340297073
8,8,7,7,7,4,7,8,8,9,7,8,8,6,8,8,8,7,8,8,8,6,9,7,7,8,8,7,7,7,7,8,8,8,8,7,7,8,8,8,7,7,7,10,8,8,7,7,7,9,9,8,9,8,7,8,8,7,7,8,8,8,6,7,6,7,8,9,8,8,8,9,9,8,7,8,8,7,7,7,7,7,7,7,7,8,7,7,8,5,8,8,8,7,7,8,4,9,8,8,8,8,7,8,9,7,7,6,8,,9,9,9,7,7,7,7,8,7,8,8,7,9,7,8,8,8,8,7,7,8,6,7,7,8,0,7,7,8,7,8,7,7,7,8,8,8,8,9,9,9,8,7,8,8,8,9,8,8,8,6,8,8,7,7,3,7,8,8,6,7,7,7,7,7,9,8,8,9,8,8,8,9,7,7,9,8,8,8,7,8,8,8,8,8,8,8,8,8,8,8,7,11,8,8,8,8,8,8,7,7,5,7,9,8,8,8,8,8,8,8,8,7,8,9,8,7,8,8,8,7,8,8,8,8,8,7,0,8,9,8,9,8,8,8,7,9,9,8,7,9,7,7,8,7,7,7,9,8,8,8,7,9,7,9,9,9,9,8,7,8,7,8,8,8,8,9,9,8,8,7,7,7,7,7,7,8,8,8,9,7,8,8,9,8,8,8,9,9,9,7,7,7,7,7,7,7,8,7,8,8,8,5,9,0,9,8,8,7,9,8,9,8,8,9,5,7,7,8,7,7,8,9,6,9,9,7,7,7,7,6,9,8,8,9,8,8,9,9.0,9,9,8,8,8,9,7,8,8,9,9,8,4,7,8,9,7,7,7,8,9,8,7,8,8,9,7,8,8,9,8,9,9,,16.0,9,9,9,8,9,8,8,9,9,8,9,8,9,9,10.0,8,8,8,10,9,8,5,9,9,8,7,9,7,8,8,,14.0,,7,8,7,6,8,7,7,7,8,8,7,8,8,7,8,10,8,7,9,22.0,7,6,,8,8,8,7,7,7,8,9,8,,7,9,9,8,8,6,20.0,8,8,8,8,9,8,,7,9,8,8,8,6,8,8,9,8,7,,9,9,8,,8,7,7,7,8,8,8,9,9,7,8,8,8,8,7,7,9,8,8,9,9,8,9,10,8,10,8,12.0,8,8,9,8,19.0,8,9,8,8,8,8,8,8,9,,7,,9,8,8,9,9,10,7,8,7,,0,9,8,9,10,9,8,9,8,8,8,8,8,8,8,8,8,8,10,9,9,9,8,10,7,8,,8,8,8,9,9,14.0,8,8,9,8,8,9,17.0,9,8,8,,9,0,8,,,9,8,8,8,8,8,8,9,8,,,,8,11,8,9,8,9,0.0,7,,,8,9,,8,8,8,9,,8,,12.0,9,9,20.0,9,,10,9,9.0,,8,13.0,21.0,18.0,21.0,,,9,,15.0,8,,9,8,8,9,8,14.0,15.0,8,10,,8,9,8,8,10,,,8,8,8,9,8,8,8,,,8,9,,9,12.0,13.0,9,8,,7,20.0,8,8,8,10,,,8,9.0,,9,8,9,12.0,7,9,9,,18.0,,9,9,9,9,14.0,9,,15.0,8,15.0,,7,,9,9,22.0,26.0,8,18.0,8,8,23.0,8,10,7,9,9,10,,,8,13.0,15.0,,22.0,20.0,11.0,8,8,22.0,,9,,8,9,,8,13.0,9,13.0,,,,,9,9,20.0,,9,0.0,,9,,,,8,8,,17.0,,,17.0,9,,17.0,10,,,9,,10.0,,11.0,0.0,,,15.0,16.0,10.0,12.0,10.0,8,10,18.0,,12.0,7,9,8,8,9,19.0,8,8,25.0,8,12.0,7,16.0,8,9,,11.0,8,,8,0.0,,,7,9,,10,,,,17.0,8,24.0,,20.0,26.0,8,,6,,25.0,12.0,9,12.0,,8,18.0,7,16.0,,7,8,,,,,9,11.0,10.0,26.0,24.0,,,9,,,,,9,,,8,,13.0,8,,24.0,9,16.0,,19.0,,11.0,8,,,18.0,8,,19.0,,8,,,14.0,,9,14.0,10,9,9,,9.0,,9,8,,,8,8,8,,9,8,12.0,8,8,9,9,,9,9,9,7,9,,19.0,9,10,,,13.0,,11.0,,,20.0,,10,,8,8,10,22.0,8,9,10,9,10,10.0,,,,20.0,8,,,20.0,20.0,14.0,14.0,,8,,,9,,8,,,24.0,9,8,,9.0,,,20.0,8,,,8,,,,,,,23.0,,0.0,,9,,,,154,7,1.9398162173078866,-0.7522832337374811
0,3,3,4,3,3,4,4,3,5,4,4,4,3,0,4,3,3,3,3,4,3,5,2,4,4,4,4,3,4,3,4,4,4,4,3,4,4,4,4,4,3,3,6,3,4,3,4,4,5,5,3,4,4,4,3,4,4,3,4,4,3,3,2,2,3,4,5,4,4,4,4,5,4,2,4,4,4,3,3,3,3,3,3,4,4,3,3,4,4,3,4,4,3,4,4,3,4,4,4,4,4,4,3,4,3,3,2,4,,5,5,4,3,2,3,0,4,4,5,4,2,4,2,4,4,4,4,3,0,4,3,3,1,4,4,4,3,4,2,4,4,1,4,4,2,4,3,4,4,4,4,3,3,4,4,4,4,4,4,2,4,3,4,4,3,3,2,3,3,3,4,3,3,4,5,4,4,4,4,3,3,4,3,3,5,4,2,4,4,4,3,5,4,4,4,4,4,4,4,4,3,6,4,4,4,4,4,4,3,3,3,3,5,4,3,4,0,4,4,4,3,3,3,4,4,3,4,4,4,4,2,3,4,4,4,4,4,4,5,5,5,4,4,4,4,5,5,4,3,4,4,3,3,3,3,3,4,4,4,5,4,4,3,4,5,5,5,4,3,4,4,4,4,4,4,5,4,2,4,3,4,3,2,3,4,4,4,4,5,3,4,3,4,4,4,3,4,5,5,3,4,4,3,4,4,4,4,3,4,4,4,4,4,4,5,0,4,3,5,4,4,4,4,4,4,4,4,4,3,5,3,5,3,5,5,4,4,3,3,3,4,3,4,5,4,4,4,,4,5,4,4,4,5,3,3,4,4,5,4,4,3,3,4,3,3,3,1,5,4,3,4,4,5,3,4,3,4,4,3,4,4.0,12.0,4,4,4,4,4,4,4,5,4,3,4,4,5,4,23.0,4,4,4,5,4,3,1,5,5,4,4,4,3,4,4,25.0,19.0,13.0,3,4,3,3,4,3,4,3,4,3,3,4,4,4,4,5,4,3,5,6.0,4,3,,4,4,4,4,4,4,4,5,4,,3,5,5,3,5,4,18.0,4,4,3,4,5,4,,2,4,4,4,4,4,4,4,5,3,3,24.0,5,5,4,20.0,3,4,4,4,4,4,4,6,5,4,4,4,4,3,3,3,5,4,4,4,5,5,5,6,4,5,4,10.0,4,4,5,4,,4,5,4,5,5,3,4,4,5,14.0,4,,4,4,4,5,5,5,3,4,3,,5,5,4,6,5,5,4,4,4,4,4,4,4,3,4,4,4,4,6,5,5,5,3,6,5,4,,4,4,4,6,5,7.0,4,4,5,4,4,4,14.0,3,4,4,,5,2,4,,14.0,5,4,5,4,4,4,0,0,4,,,,4,7,5,5,4,5,,5,27.0,,4,5,22.0,4,4,4,5,17.0,2,,16.0,5,5,18.0,4,,5,5,4.0,,4,11.0,16.0,6.0,,,,5,,,4,,5,4,4,4,4,26.0,12.0,4,5,,4,5,4,4,5,,,4,4,4,4,4,4,3,,13.0,4,5,,5,,18.0,5,4,,4,,5,4,5,5,,25.0,4,20.0,3.0,5,4,5,13.0,4,5,5,,4.0,,5,5,5,4,11.0,5,19.0,7.0,4,21.0,,5,30.0,5,5,,20.0,5,,4,4,10.0,5,5,4,5,4,6,18.0,,4,7.0,30.0,15.0,26.0,,12.0,4,4,5.0,,5,12.0,4,5,,4,10.0,0,0.0,15.0,,,,5,5,8.0,20.0,4,19.0,,4,,,,4,5,5.0,8.0,,,,5,,17.0,5,,,5,,7.0,,5.0,29.0,,,18.0,22.0,15.0,,7.0,5,6,,,13.0,4,4,5,4,4,16.0,5,4,,4,,3,,4,5,,,5,,3,,,,4,5,,6,28.0,,7.0,27.0,4,19.0,,,,4,,4,27.0,,11.0,5,,,5,9.0,3,,,4,3,,,,,5,6.0,26.0,16.0,,15.0,,5,,21.0,,,5,6.0,,4,,9.0,5,,,5,23.0,,23.0,,,4,7.0,,29.0,3,,,,3,,,18.0,,5,,5,4,4,,9.0,7.0,5,3,,,4,4,5,,5,5,14.0,5,5,5,5,,5,5,5,3,5,7.0,,4,6,,23.0,10.0,,,,,,,5,,4,4,6,,5,5,5,5,6,6.0,,,,,4,17.0,,,8.0,9.0,,,4,,,5,,4,8.0,7.0,11.0,5,4,,8.0,23.0,,15.0,4,,,5,,,,,,,15.0,,,8.0,4,,,,155,7,2.0177293934681186,-0.8093090923299435
7,7,6,7,6,6,7,7,7,8,6,7,6,7,7,6,6,6,6,6,6,6,8,6,7,7,8,7,6,7,7,7,7,7,7,7,7,7,7,7,7,6,6,9,6,6,6,7,7,8,8,7,8,7,7,7,7,7,6,7,7,7,4,6,6,7,7,8,6,7,7,8,8,6,6,7,7,6,6,6,6,6,5,6,6,7,5,6,7,6,7,7,7,6,7,7,6,8,7,7,7,7,7,7,7,6,6,4,7,0.0,8,8,7,6,6,6,7,7,6,8,7,5,8,7,7,7,7,7,6,6,7,6,5,6,7,7,7,6,7,7,7,7,6,6,7,5,7,6,7,7,7,6,5,6,6,7,6,7,6,7,5,7,7,6,7,6,5,7,6,6,6,7,6,6,6,8,7,7,8,7,6,7,8,6,6,8,7,6,6,6,6,6,7,7,7,7,7,7,7,7,8,6,9,7,7,7,7,7,7,6,6,6,6,8,7,6,7,7,6,7,7,6,6,6,7,7,6,7,7,7,6,7,7,6,4,7,6,7,7,7,6,7,6,7,7,6,8,8,7,5,7,7,6,4,6,6,6,8,6,7,7,7,7,6,7,8,8,8,7,6,7,6,7,7,7,7,8,0,7,7,6,7,5,3,7,6,7,7,7,8,6,7,7,7,7,7,6,8,8,7,6,7,7,6,7,7,6,7,7,7,6,7,7,7,7,8,7,7,6,8,7,7,8,7,8,7,7,7,7,5,8,0,8,5,8,8,7,7,6,7,6,7,7,7,8,7,7,7,7.0,8,8,7,7,7,8,6,6,6,7,8,7,7,6,6,7,6,1,6,7,8,7,6,6,6,8,7,7,6,8,7,8,8,16.0,,8,8,8,7,7,7,7,8,8,6,8,6,8,7,14.0,7,7,6,8,7,6,6,8,8,7,7,7,6,7,7,,,25.0,7,7,6,6,7,7,5,6,7,4,6,7,7,6,7,7,7,6,8,22.0,7,6,13.0,7,6,7,7,7,6,8,8,7,,6,8,8,6,0,7,,7,5,6,7,8,7,,6,8,7,7,7,7,7,7,8,7,6,19.0,8,8,6,9.0,6,7,7,7,7,7,7,9,8,7,7,7,6,6,6,6,7,7,7,8,8,8,8,8,7,9,6,,7,6,7,7,,7,8,7,8,8,0,7,7,8,,7,,8,7,7,8,7,8,5,7,6,,8,7,7,9,9,8,6,7,7,7,7,6,7,6,7,7,7,7,9,8,8,8,7,9,7,7,,7,7,7,9,8,10.0,7,7,8,7,7,7,26.0,8,7,6,,8,7,7,,8.0,8,7,7,8,7,7,7,8,7,13.0,,16.0,7,10,7,7,6,8,,8,15.0,,7,8,,7,6,7,8,24.0,6,,13.0,8,8,17.0,2,,8,8,12.0,,8,13.0,22.0,22.0,14.0,15.0,,8,,16.0,7,21.0,8,7,7,7,7,9.0,20.0,7,9,,7,8,7,7,8,,,7,7,7,8,7,7,7,,15.0,7,8,,8,,,8,7,,7,14.0,8,7,8,9,,8.0,7,9.0,,8,7,8,7.0,7,8,8,,,,8,8,7,8,,7,22.0,,7,14.0,,7,8.0,8,8,18.0,,8,14.0,8,6,12.0,7,9,7,8,7,9,,,7,21.0,24.0,17.0,,11.0,14.0,6,7,12.0,,8,,7,7,,7,10.0,8,11.0,,,,,8,7,,20.0,8,0.0,,8,,,,8,8,,,,,15.0,8,,12.0,7,,,8,,12.0,,16.0,20.0,,12.0,9.0,15.0,,15.0,,7,8,,,23.0,7,7,7,7,7,19.0,7,7,,8,25.0,6,13.0,7,8,,20.0,7,,7,,,,6,0,,9,18.0,,10.0,23.0,7,18.0,,24.0,,7,,7,,,10.0,8,,,7,17.0,6,,,6,8,,,,,8,,24.0,11.0,,24.0,,8,26.0,,,,8,15.0,,7,,,8,,18.0,8,24.0,,22.0,,10.0,7,8.0,,15.0,7,,,,7,,,20.0,,8,22.0,8,8,7,,,,8,7,,,8,7,8,27.0,8,8,19.0,0,7,8,8,,9,8,8,6,8,16.0,21.0,8,9,,22.0,,,,,,,,8,,7,6,9,10.0,8,7,9,7,9,11.0,,,,15.0,7,,,,,10.0,,20.0,7,19.0,,9,,7,9.0,13.0,13.0,8,7,,,11.0,,,8,,,8,9.0,,,,,,27.0,,,8.0,8,,0.0,0.0,156,7,1.9541360389274247,-0.7681958057184208
8,0,7,7,7,6,6,8,8,9,7,7,7,6,4,7,7,7,7,7,7,7,8,7,8,8,8,7,7,7,7,8,8,8,8,7,7,8,8,8,8,7,7,9,7,7,7,7,8,9,9,7,8,7,8,7,7,7,7,7,8,6,6,7,3,6,8,9,7,7,8,8,9,8,7,8,8,8,7,7,7,7,6,7,7,8,7,7,7,7,7,8,8,6,7,6,7,8,8,7,8,8,8,8,8,6,7,6,7,,8,9,8,7,7,7,7,8,8,9,8,6,8,7,8,8,8,7,6,6,5,7,7,6,8,7,8,7,8,8,8,5,7,7,8,7,8,7,8,8,8,8,7,7,7,6,8,7,7,7,6,7,7,7,7,7,7,7,5,4,7,7,6,7,7,8,8,8,8,7,7,7,8,6,7,9,8,7,8,7,7,7,8,8,8,7,7,6,7,4,8,7,9,7,7,5,7,7,7,7,7,7,7,8,7,7,8,8,7,8,8,7,7,8,8,8,7,8,7,8,7,7,7,7,7,8,7,8,8,8,8,8,7,8,8,7,9,9,8,7,8,8,6,8,7,7,7,8,7,8,8,7,8,7,8,8,8,9,8,6,8,7,8,8,8,7,8,7,7,8,6,4,7,7,7,7,5,8,8,8,7,7,7,8,8,7,7,9,8,8,7,6,7,5,8,7,7,8,7,8,8,8,8,8,7,9,8,8,7,9,8,8,8,8,8,8,7,7,8,7,9,8,9,7,9,9,7,7,7,8,7,9,7,8,9,8,7,8,21.0,8,8,7,8,7,9,7,7,7,8,9,8,7,7,7,8,7,7,7,7,9,8,7,8,8,9,6,8,7,8,8,8,8,8.0,,8,8,9,8,8,8,8,8,8,7,8,8,9,8,11.0,7,8,5,9,8,7,7,9,8,7,7,8,7,7,7,12.0,15.0,24.0,7,7,6,7,8,8,7,7,7,7,7,8,8,7,8,9,8,6,8,30.0,8,7,30.0,7,7,8,8,8,7,8,8,8,,2,9,8,7,8,8,10.0,8,7,8,8,8,8,,7,8,8,8,8,8,8,8,9,7,7,17.0,8,8,7,30.0,7,7,0,7,8,8,7,9,9,7,7,8,8,7,7,7,8,8,7,8,9,9,9,9,8,9,7,,8,7,8,8,23.0,8,9,7,8,8,7,8,0,8,14.0,8,,8,7,8,8,8,9,7,8,7,,9,8,8,10,9,9,8,7,7,7,8,7,8,7,8,7,8,7,10,9,8,8,8,9,8,8,,7,8,8,9,9,12.0,7,8,9,7,8,8,,8,7,8,,9,7,8,,16.0,8,8,8,8,8,8,8,9,7,,,9.0,8,11,8,8,7,8,,8,,,8,8,24.0,8,7,8,9,9.0,7,16.0,,8,8,0.0,0,,8,8,30.0,,8,,,13.0,28.0,,,8,,13.0,8,12.0,8,8,8,8,8,,21.0,8,9,,8,9,8,7,9,,,8,8,8,8,8,8,8,,8.0,8,8,,8,,,9,8,,8,23.0,8,7,8,0,,8.0,8,,16.0,9,8,9,19.0,8,9,9,,,,8,9,8,8,,8,23.0,24.0,7,29.0,,8,9.0,9,9,9.0,16.0,9,8.0,8,8,12.0,8,9,7,9,8,10,,,7,,13.0,18.0,24.0,,9.0,7,7,15.0,,8,19.0,8,8,,8,26.0,9,19.0,25.0,,,,8,8,15.0,17.0,9,,,8,,,,7,8,9.0,20.0,,11.0,30.0,9,,27.0,9,,,8,,8.0,,17.0,,,,22.0,8.0,14.0,21.0,14.0,8,9,15.0,,9.0,7,8,9,7,7,13.0,8,8,28.0,8,12.0,7,,8,9,,27.0,8,,5,10.0,,,8,9,,9,,,,,8,,,20.0,11.0,6,,8,16.0,16.0,10.0,8,,0.0,8,19.0,7,16.0,,7,8,,,,,8,10.0,17.0,,,14.0,,8,0.0,,,,8,0.0,,8,,,8,,19.0,8,,,30.0,,20.0,8,10.0,,,8,,,,7,,,19.0,,9,,9,8,8,,,11.0,8,5,,,8,8,9,,8,8,,8,8,8,9,,9,9,9,7,9,,29.0,8,9,,,14.0,,24.0,,,,,9,,8,8,9,8.0,8,8,9,8,9,,,,,,8,16.0,,14.0,15.0,17.0,9.0,10.0,8,,,9,,8,30.0,,8.0,8,8,,,8.0,,,8,15.0,16.0,8,8.0,,,,,,,,,9.0,9,,,0.0,157,7,1.9951087522114683,-0.7818391592148541
5,5,4,4,4,4,4,5,5,6,4,5,4,4,5,4,4,4,5,4,4,4,5,4,5,5,5,5,4,4,4,4,5,5,5,4,4,5,5,5,5,3,4,6,4,4,4,4,4,5,5,5,6,5,4,5,4,4,2,4,5,5,3,4,4,5,5,6,4,5,5,5,6,5,4,5,4,4,4,5,4,3,3,4,4,5,4,4,4,0,5,4,5,4,5,4,0,5,5,5,5,5,5,5,6,4,4,3,4,11.0,5,6,5,4,3,3,4,5,5,5,6,3,6,2,5,5,5,5,4,4,5,4,4,4,5,4,2,4,5,5,5,5,3,4,5,4,5,4,6,5,5,4,4,4,4,4,6,5,4,5,1,4,4,4,5,4,4,5,4,3,4,4,4,4,4,5,5,5,6,5,4,5,6,3,4,6,5,4,5,5,5,5,5,5,5,5,5,5,5,5,5,4,6,5,5,5,5,5,4,4,4,3,3,5,5,4,5,5,5,5,5,5,5,5,6,5,4,5,5,5,4,5,4,4,5,5,4,5,5,5,5,5,5,5,5,4,6,1,5,4,5,4,4,4,4,4,4,6,4,5,5,4,6,2,5,5,5,0,5,4,5,4,5,5,5,5,6,4,5,5,4,4,4,4,5,4,4,5,4,6,4,5,5,5,5,5,4,6,5,5,4,4,4,1,4,5,5,5,4,5,5,5,5,6,4,6,5,5,4,6,5,5,5,3,5,5,4,5,5,4,6,5,6,3,6,6,4,4,4,4,4,6,5,5,6,5,5,5,11.0,6,6,5,6,4,6,2,4,4,5,6,5,4,4,4,5,4,4,4,5,5,5,4,5,5,6,2,5,5,6,5,5,6,11.0,20.0,6,4,6,5,5,5,5,6,6,4,6,5,6,5,,5,4,3,7,5,4,3,6,5,3,5,5,3,4,5,9.0,12.0,21.0,4,5,4,4,5,5,1,4,5,4,4,5,5,4,4,6,5,4,6,,4,4,11.0,5,4,4,4,4,5,5,5,4,,4,6,5,4,5,3,12.0,5,5,5,4,5,4,,4,6,5,5,5,5,5,5,0,4,4,,5,5,4,,4,5,3,5,5,5,4,6,6,4,4,5,5,4,4,4,5,5,4,5,6,6,6,6,5,6,3,,5,4,6,5,,4,5,5,6,6,4,4,4,6,18.0,5,,5,5,5,6,5,6,4,5,4,,6,5,5,7,6,6,5,5,5,4,5,4,5,4,5,5,5,4,7,6,6,6,5,7,5,5,,5,5,5,6,6,,5,5,0,5,5,5,18.0,6,5,5,,6,5,5,,11.0,6,5,5,5,5,5,5,5,5,12.0,,,5,8,5,6,4,5,,6,20.0,,5,6,13.0,5,5,4,6,11.0,5,10.0,23.0,6,5,14.0,5,,5,6,5.0,,5,18.0,20.0,,25.0,,,5,,10.0,5,8.0,5,5,0,5,5,,15.0,4,6,,5,0,5,5,7,,,5,0,5,5,4,5,5,,28.0,5,5,,6,22.0,12.0,5,5,,5,23.0,5,5,5,7,,8.0,5,,28.0,6,5,6,19.0,5,6,5,,,,0,6,5,5,,5,,21.0,5,10.0,,6,13.0,6,6,7.0,7.0,6,,5,4,5.0,5,6,5,6,6,6,16.0,,5,,,9.0,,21.0,12.0,4,5,,,6,,5,5,,5,14.0,5,18.0,6.0,,,,6,5,,10.0,6,18.0,,5,,,,6,5,,8.0,,20.0,,6,,,6,,,6,,8.0,,,22.0,,,,11.0,14.0,7.0,24.0,5,6,9.0,10.0,,4,5,6,4,5,23.0,5,5,21.0,5,13.0,4,20.0,5,6,,,5,,5,10.0,,,5,6,,7,,,25.0,,5,12.0,4.0,,28.0,5,,5,14.0,,10.0,6,24.0,,4,11.0,4,24.0,,4,5,,,,,5,,12.0,23.0,,18.0,,6,9.0,27.0,,,5,,,5,,,5,,,5,,,13.0,,9.0,5,17.0,,14.0,4,,,,5,,,24.0,,6,19.0,7,6,5,,18.0,13.0,6,5,,,6,5,5,,5,6,,5,5,5,6,,6,5,6,4,6,13.0,,6,6,,19.0,,,,,,,,6,,5,5,7,,6,6,7,5,6,,,,,,5,5.0,,10.0,10.0,,7.0,22.0,2,10.0,,7,,5,,25.0,11.0,6,5,,6.0,19.0,0.0,9.0,5,9.0,8.0,5,22.0,,,,,,6.0,,,20.0,6,,,,158,7,2.012320115954034,-0.7756594309191572
4,5,4,4,2,3,2,5,5,5,4,4,4,4,4,4,4,4,4,4,4,3,5,4,5,5,5,3,2,4,4,4,5,5,5,4,4,5,5,5,5,3,4,6,4,4,4,4,4,5,5,4,5,5,4,4,4,4,3,4,5,5,3,3,4,4,4,6,3,4,5,5,6,5,4,5,5,4,4,4,4,3,2,4,4,5,3,3,2,4,4,4,5,4,5,4,3,5,5,5,4,5,5,5,4,4,3,3,5,,5,6,5,4,3,4,4,0,5,5,5,3,5,4,5,5,4,4,3,1,5,2,3,4,5,4,5,4,4,5,4,4,3,4,5,4,5,4,5,5,5,4,4,4,4,4,5,5,4,4,3,4,4,4,4,4,4,5,4,3,4,5,4,4,4,5,5,5,5,4,4,5,5,3,4,6,4,4,4,4,4,4,5,5,4,4,5,5,4,4,5,4,7,4,5,5,4,4,4,4,4,1,4,5,3,4,5,5,4,5,5,4,4,4,5,5,4,5,5,5,4,5,4,4,0,5,4,4,5,5,5,5,4,4,5,4,6,6,5,3,5,4,3,4,4,4,3,5,2,5,5,4,5,4,5,5,5,6,5,4,5,4,4,5,5,3,5,5,4,4,4,3,3,3,5,3,4,5,5,6,4,5,4,5,5,4,4,5,5,5,4,4,4,3,4,4,4,5,4,5,4,5,5,5,4,6,5,5,4,5,5,5,5,5,5,5,4,4,5,3,6,5,6,3,5,6,4,4,3,4,4,5,5,5,6,5,4,5,15.0,5,5,4,5,4,6,4,4,4,5,6,5,4,4,4,5,4,4,4,5,5,5,4,4,4,6,4,5,4,5,5,5,5,6.0,,5,6,6,5,5,5,5,6,5,4,5,5,6,5,10.0,5,4,4,6,5,4,4,6,5,4,4,4,4,4,5,,,8.0,4,4,3,4,5,4,4,4,4,4,4,5,5,4,5,6,5,4,5,,5,4,,5,4,0,5,5,4,5,5,5,,4,6,5,4,5,4,21.0,5,4,4,4,5,4,,4,5,5,4,5,5,5,5,6,4,4,,6,0,4,24.0,4,4,5,5,2,4,0,6,6,4,4,5,4,4,4,4,5,5,5,5,6,6,6,6,5,6,4,10.0,5,4,5,5,29.0,4,5,5,5,5,4,5,4,5,,5,,5,4,5,5,5,6,4,4,4,22.0,6,5,5,7,6,6,5,5,5,4,5,4,5,4,5,4,5,4,6,0,5,6,5,6,5,4,,5,0,4,6,6,15.0,4,5,6,4,4,5,,5,4,5,,5,5,5,,17.0,5,4,5,5,4,5,5,5,5,,,14.0,5,7,5,5,4,5,,5,,,4,6,,5,4,4,5,10.0,4,21.0,18.0,6,5,8.0,5,,6,5,11.0,,5,17.0,8.0,16.0,17.0,26.0,,5,,,5,,5,5,4,5,5,12.0,23.0,4,6,,5,6,4,5,6,,,5,5,5,5,4,4,5,,7.0,4,4,,6,,19.0,5,5,,5,9.0,5,4,5,7,,16.0,4,6.0,8.0,6,5,6,,4,6,6,,28.0,,5,6,5,4,25.0,5,6.0,21.0,4,,,5,,6,6,4.0,,6,,5,4,18.0,5,6,5,6,5,6,18.0,,0,23.0,9.0,5.0,22.0,25.0,13.0,4,4,,,6,16.0,4,5,,5,,5,,,,,,6,5,13.0,,6,17.0,,5,,,,5,5,10.0,29.0,,,,5,,13.0,6,,,5,,10.0,,,,,,18.0,,7.0,5.0,14.0,5,6,17.0,19.0,17.0,4,5,5,4,5,7.0,5,5,21.0,5,,4,14.0,5,6,,7.0,5,,4,6.0,,,5,6,,6,,,16.0,18.0,5,6.0,24.0,,15.0,4,,5,25.0,4.0,15.0,6,30.0,,5,,4,0.0,,4,5,,,,,5,7.0,18.0,24.0,19.0,0.0,,6,11.0,17.0,,,5,,,3,,10.0,5,,,5,27.0,,,,,5,,,15.0,4,,,,5,,,8.0,,6,,5,5,5,,6.0,6.0,6,5,,,5,5,6,16.0,5,5,18.0,5,5,5,5,,6,5,5,2,6,,25.0,5,6,,,8.0,,30.0,,,10.0,,6,,4,5,7,29.0,5,5,6,5,6,8.0,,,,23.0,4,,,23.0,,6.0,,15.0,5,9.0,,6,,5,11.0,21.0,12.0,6,5,,15.0,,,,5,,,5,27.0,,,,,,10.0,,,,6,,,,159,7,2.0028946552258895,-0.7887909392279447
5,5,5,5,4,5,5,5,5,6,4,4,5,4,4,5,4,4,4,3,4,2,5,4,5,5,5,5,4,5,4,5,5,5,5,5,4,5,5,5,5,4,4,6,4,5,4,5,5,5,6,5,5,5,5,5,5,5,4,5,5,5,4,3,4,4,5,6,4,4,5,5,6,5,4,5,6,5,5,5,4,4,3,4,4,5,4,3,5,5,5,5,5,4,5,5,4,5,5,4,5,5,6,5,5,4,4,3,5,,6,6,6,4,4,4,4,5,5,6,5,3,5,5,5,5,5,5,4,3,4,4,4,4,5,5,5,4,5,5,5,5,4,5,5,4,5,4,6,5,5,5,4,4,4,5,6,5,4,5,2,4,5,4,5,4,4,5,4,4,4,5,0,4,5,6,5,5,5,5,4,5,5,1,4,6,5,4,3,4,4,5,6,6,5,5,5,5,5,5,5,4,7,4,5,5,5,5,4,4,4,4,4,6,4,4,5,4,4,5,5,4,4,4,5,5,4,5,5,5,4,4,4,4,5,5,4,5,5,6,5,5,5,5,5,4,6,6,5,3,5,4,4,4,4,4,4,5,4,5,5,5,5,5,5,5,6,6,5,4,5,5,5,5,5,4,5,5,4,6,3,5,4,4,5,4,5,5,5,6,4,5,4,5,5,4,4,6,5,5,4,4,5,4,5,5,4,5,5,5,5,5,5,5,5,6,5,5,5,0,5,5,5,5,5,5,4,5,5,3,6,5,6,4,6,6,5,5,5,5,4,6,5,5,6,5,5,5,31.0,6,6,4,5,0,6,4,4,4,5,6,5,5,4,4,5,4,3,4,5,6,5,4,5,5,6,5,4,4,5,5,5,5,,17.0,5,5,6,5,5,5,5,6,5,4,5,5,6,5,8.0,5,5,4,7,5,4,4,6,6,5,5,5,5,5,2,13.0,,,5,5,4,4,5,4,5,4,5,2,3,4,5,4,5,6,5,3,5,11.0,5,4,16.0,2,4,5,4,5,5,5,5,5,,4,6,5,5,5,5,8.0,5,4,0,0,6,5,,4,6,5,5,5,6,5,5,6,4,4,8.0,6,6,5,32.0,5,5,5,5,5,5,4,6,6,4,2,5,5,3,5,4,5,5,5,5,6,6,6,6,5,6,4,29.0,5,4,6,6,,4,6,4,6,6,3,5,5,5,16.0,5,,5,4,5,6,5,6,4,5,4,14.0,6,5,5,7,6,6,5,5,4,5,5,4,5,4,5,4,4,5,6,6,5,6,5,7,5,5,,4,4,5,7,6,,4,5,6,5,5,5,7.0,6,5,5,,6,5,5,,32.0,6,5,6,5,5,5,5,4,5,,,0.0,5,5,5,5,5,5,,6,10.0,,5,6,16.0,5,5,5,6,32.0,4,5.0,12.0,6,6,,5,,6,5,21.0,,5,17.0,24.0,,14.0,,,6,,27.0,5,,6,5,5,5,5,19.0,16.0,5,6,,5,6,5,5,6,,,4,5,5,5,5,5,5,,,5,5,,6,19.0,25.0,6,5,,5,14.0,6,5,6,7,,,5,5.0,7.0,4,5,6,27.0,5,6,6,,,,6,6,5,5,9.0,5,,18.0,5,26.0,,6,13.0,6,6,,20.0,6,,5,5,17.0,6,5,5,6,5,7,5.0,,5,10.0,,,12.0,21.0,28.0,5,5,17.0,,6,14.0,5,5,,5,8.0,6,21.0,,,,,6,5,30.0,12.0,6,,,5,,,,5,5,23.0,14.0,,,,6,,13.0,6,,,5,,12.0,,25.0,,,13.0,8.0,15.0,,,20.0,6,6,,,30.0,5,5,6,5,5,,6,5,,5,,4,12.0,5,6,0.0,11.0,6,,5,6.0,,,5,6,,6,7.0,,14.0,19.0,5,14.0,,,33.0,5,,5,7.0,,,6,17.0,,4,,4,9.0,,4,5,,,,,6,27.0,12.0,18.0,,,,6,,7.0,,,6,,,5,,20.0,6,,,6,19.0,,,,32.0,5,,,9.0,5,,8.0,,5,,,31.0,,6,,6,6,0,,11.0,10.0,6,5,,,6,5,6,0.0,6,6,8.0,5,6,6,6,,6,6,6,4,6,31.0,,5,7,,9.0,15.0,,,,,28.0,,6,,6,5,6,,6,5,6,5,7,,,,,,5,8.0,,8.0,11.0,,,,5,27.0,,7,,6,,20.0,,6,6,,,27.0,,32.0,6,12.0,30.0,6,7.0,0.0,,,,,11.0,,,24.0,7,,,,160,7,2.131234413965085,-0.7927614098390652
4,4,3,3,3,3,3,4,4,4,4,4,4,3,4,4,4,4,4,4,2,3,4,4,4,4,4,4,3,4,4,4,4,4,4,4,4,5,4,4,4,3,3,6,3,4,3,4,4,5,5,4,5,4,3,0,3,3,2,3,4,4,3,3,2,3,4,5,4,4,4,4,5,5,4,5,4,4,4,4,3,3,1,3,2,4,3,3,4,3,4,4,4,4,4,4,0,4,4,4,4,4,4,4,3,3,3,2,4,,5,5,5,3,3,3,3,4,4,5,5,3,3,2,4,4,4,4,3,2,4,3,3,3,4,4,4,3,0,4,4,4,3,4,4,4,4,4,4,3,4,4,4,3,4,4,4,4,4,4,1,4,3,3,4,3,3,4,4,3,3,3,3,3,3,4,4,4,4,3,3,4,5,3,4,5,4,3,4,4,4,2,4,4,2,4,4,4,4,4,4,4,7,4,4,4,4,3,3,3,3,2,3,5,3,3,4,4,4,4,4,4,3,4,5,4,4,4,4,4,4,4,4,3,3,4,3,4,4,4,4,4,2,3,4,4,5,5,5,2,4,4,2,4,3,4,3,4,4,3,5,4,4,4,5,5,5,5,4,3,4,3,4,4,4,4,5,4,4,4,3,3,3,3,4,1,3,4,4,5,4,4,4,5,4,4,2,5,4,5,4,3,4,3,4,3,4,5,4,4,4,4,4,5,4,5,4,5,3,5,4,4,4,4,5,4,3,4,5,3,5,5,5,3,5,5,4,4,1,4,3,5,3,4,5,4,4,4,8.0,4,5,4,4,2,3,4,4,4,4,5,4,4,4,4,5,3,3,3,4,5,4,3,4,4,4,4,2,3,4,4,4,4,,19.0,5,5,5,4,4,4,4,5,4,3,4,4,5,4,27.0,4,4,4,5,5,3,3,5,5,2,3,4,3,3,4,15.0,,7.0,4,4,3,3,4,4,4,3,4,4,4,0,4,3,4,5,4,3,5,18.0,4,3,,4,3,4,4,4,4,4,4,3,,3,5,5,4,5,3,8.0,4,4,4,4,4,3,,0,5,3,4,4,5,4,5,6,4,4,,5,5,4,,4,3,4,2,4,4,4,6,5,3,4,5,4,3,3,3,5,4,4,4,5,3,5,5,0,5,4,6.0,4,4,3,4,,4,5,4,4,4,4,3,3,5,16.0,5,,4,4,4,4,4,5,4,4,3,,5,4,4,6,5,5,4,5,4,4,4,3,4,3,4,4,4,3,6,5,5,0,4,6,5,4,,4,4,4,6,5,,4,4,5,4,4,5,5.0,5,4,4,,5,4,5,,17.0,5,4,4,5,4,4,4,5,4,,,10.0,4,7,4,5,2,5,,4,17.0,,4,5,7.0,4,4,4,5,6.0,4,12.0,20.0,5,4,10.0,5,,6,5,21.0,,5,5.0,14.0,23.0,16.0,9.0,,4,,13.0,4,,5,4,4,5,4,28.0,,4,5,,4,5,4,4,5,,,4,4,5,5,4,4,4,,11.0,4,5,,5,5.0,,5,5,,4,7.0,4,3,5,6,,6.0,4,19.0,28.0,5,4,6,5.0,4,5,5,,,,5,5,5,4,,5,6.0,9.0,4,9.0,,5,7.0,5,5,8.0,5.0,5,13.0,5,4,24.0,4,5,0,5,5,6,16.0,,4,17.0,5.0,,,8.0,,4,4,11.0,,5,16.0,4,4,,4,,5,27.0,6.0,,,,5,5,21.0,6.0,4,14.0,,5,,,,0,5,13.0,28.0,,13.0,14.0,5,,,3,,,5,,6.0,,15.0,20.0,,23.0,,10.0,18.0,17.0,21.0,4,6,11.0,14.0,,3,4,5,3,5,,4,4,,4,5.0,3,17.0,5,5,,9.0,4,,4,9.0,,,4,5,,6,,,10.0,25.0,4,7.0,7.0,,18.0,4,,4,8.0,21.0,,5,8.0,,4,19.0,4,,,3,4,,,,,4,9.0,,5.0,7.0,,,5,,,,,5,13.0,,4,,27.0,4,,23.0,0,9.0,,,,,4,5.0,,23.0,4,,,,4,,,13.0,,5,10.0,5,5,4,,11.0,,5,4,,,5,4,5,,4,5,6.0,4,5,5,4,,4,5,4,3,5,,,5,6,,,8.0,,,,,,,5,,4,4,6,8.0,5,5,6,5,6,,,,,,4,9.0,,8.0,,6.0,,13.0,4,,,6,,4,12.0,,,5,4,,,21.0,,9.0,4,27.0,7.0,4,,,,,,,,,,16.0,5,,,,161,7,1.942142060999088,-0.8030477538538144
7,6,6,6,4,4,6,3,6,6,6,6,6,4,6,6,6,6,6,6,6,5,7,6,7,7,7,6,6,6,5,6,7,7,7,6,6,7,6,7,7,5,6,7,4,6,6,6,7,7,7,6,7,6,6,6,6,6,5,6,7,6,5,5,6,6,6,7,6,6,7,7,8,7,6,7,6,6,5,6,0,5,5,6,6,7,6,6,6,5,6,5,6,6,6,7,6,7,7,6,6,7,7,7,7,5,5,5,6,19.0,6,7,6,6,5,6,6,6,6,7,7,5,7,6,7,6,6,6,5,5,7,6,6,6,7,6,6,5,6,6,5,5,5,6,6,6,6,6,7,7,7,6,6,6,6,6,7,7,2,0,2,6,6,6,6,6,5,6,6,4,5,6,6,6,6,7,7,6,7,6,6,6,7,5,6,7,6,6,6,5,6,6,5,7,6,6,7,7,6,6,7,6,9,6,7,6,7,6,6,5,5,5,5,6,6,6,7,7,6,7,6,6,6,6,7,6,6,7,7,7,6,7,6,6,6,6,6,5,6,7,6,6,6,6,4,6,7,7,7,5,7,6,5,6,6,5,5,7,5,7,7,6,7,6,7,6,5,7,6,6,7,6,6,7,7,7,7,7,6,7,6,6,6,5,7,6,6,6,6,8,6,7,7,7,7,5,6,7,5,7,6,3,6,5,6,6,6,7,6,7,6,7,6,7,4,8,7,7,6,5,7,7,7,7,7,7,6,6,7,5,8,7,6,6,7,7,6,6,6,5,5,7,6,6,7,7,6,7,8.0,7,7,6,6,6,8,6,3,6,6,6,6,6,5,6,7,6,6,6,6,7,7,6,6,6,7,5,7,6,7,7,7,7,19.0,26.0,7,7,8,7,7,7,7,8,7,6,7,6,8,7,27.0,7,6,6,8,7,6,5,7,6,6,6,6,6,6,7,27.0,,31.0,6,6,6,5,6,6,6,4,6,6,6,7,7,6,6,8,7,5,7,9.0,7,6,14.0,6,6,7,7,7,6,7,7,7,,6,7,6,4,6,6,,7,6,6,6,7,6,,6,7,2,6,7,6,7,7,8,6,5,,7,7,6,11.0,6,6,6,6,7,7,6,0,6,6,4,7,6,6,6,6,6,7,5,6,6,7,7,7,6,7,6,,6,6,7,7,7.0,6,7,6,7,7,6,7,6,7,0.0,7,,5,6,7,7,0,7,6,7,6,10.0,8,6,7,8,8,7,6,7,6,6,7,6,7,6,6,6,6,6,9,8,7,7,7,7,7,6,0.0,7,7,6,7,7,18.0,6,6,7,6,7,6,12.0,8,6,7,,7,6,7,,29.0,7,7,7,7,6,7,7,7,6,,,,7,10,7,7,6,6,,7,,,6,7,26.0,7,6,6,8,,6,20.0,14.0,8,7,13.0,7,,8,7,8.0,,7,22.0,,,7.0,,,7,,,6,,7,6,6,7,7,18.0,28.0,7,7,,7,7,6,6,8,,,6,7,0,7,6,6,5,,29.0,6,7,,7,,,7,6,,7,,7,6,7,8,,16.0,6,,33.0,8,6,8,13.0,7,7,7,,15.0,,7,8,7,7,19.0,7,18.0,,7,14.0,,7,23.0,8,7,,,8,19.0,7,6,28.0,7,8,6,7,7,8,,,6,,,,32.0,,12.0,6,6,16.0,,8,8.0,7,6,,7,8.0,7,20.0,,,,,7,6,17.0,,7,19.0,,7,,,,7,7,33.0,,,,8.0,7,,9.0,8,,,7,,7.0,,,15.0,,8.0,,15.0,33.0,11.0,17.0,7,7,28.0,16.0,,6,7,7,6,7,15.0,7,7,19.0,7,27.0,5,,7,7,,8.0,7,,6,16.0,,,7,7,,8,16.0,,,23.0,7,21.0,10.0,,11.0,6,,7,21.0,0.0,23.0,7,19.0,,7,33.0,6,8.0,,6,7,,,,,7,22.0,11.0,23.0,26.0,,,7,,,,,7,27.0,,6,,0.0,7,,13.0,7,32.0,,,,8.0,6,32.0,,7.0,6,,,,7,,,,,8,25.0,8,7,7,,19.0,,6,7,,,7,7,8,,7,4,17.0,7,7,0,7,,8,7,7,6,8,27.0,11.0,7,8,,,,,25.0,,,21.0,,8,,7,6,7,30.0,8,7,8,7,7,28.0,,,,,6,7.0,,11.0,8.0,10.0,13.0,16.0,7,8.0,,8,,7,7.0,,,7,7,,16.0,19.0,,27.0,7,23.0,20.0,7,,,,,,,,,,,8,,,,162,7,2.1604179471419838,-0.7743824960933615
5,5,0,4,2,4,4,0,4,2,4,3,4,3,4,4,4,4,4,4,4,4,5,4,5,5,5,5,4,5,4,5,5,5,5,4,5,5,0,5,5,4,3,6,4,4,4,5,5,5,5,4,5,4,4,4,4,4,4,5,5,4,3,3,3,2,5,6,4,4,5,5,6,5,4,5,5,4,5,4,4,4,3,3,4,5,3,3,5,4,4,5,5,4,5,5,4,5,5,4,5,5,5,5,4,4,4,3,4,,5,6,5,4,4,4,4,5,5,6,5,3,5,5,5,5,4,4,4,4,4,1,4,4,5,5,5,4,5,4,1,4,4,4,5,4,5,4,5,5,5,5,4,4,4,5,5,5,4,4,3,4,4,4,4,4,3,5,4,4,4,5,4,4,4,5,5,4,5,4,4,5,5,4,4,5,5,4,5,4,4,4,5,5,4,3,5,5,5,0,5,4,7,2,4,5,4,5,4,0,3,3,4,4,4,4,4,5,5,5,5,4,4,4,5,5,4,5,5,5,4,0,4,4,4,5,4,5,4,5,5,5,4,4,4,4,5,5,5,4,5,5,4,4,4,4,4,5,4,5,5,5,5,4,3,4,0,4,5,4,5,4,4,4,5,5,6,5,4,5,4,4,3,4,5,4,4,5,4,6,1,5,5,5,5,4,4,5,5,5,4,4,5,4,5,4,4,5,4,4,5,5,5,5,5,6,5,5,4,5,5,5,5,5,2,5,4,5,5,4,5,5,5,4,3,5,5,5,4,5,4,6,4,5,6,5,5,5,33.0,5,5,4,5,4,6,4,4,4,4,4,5,5,4,4,5,4,4,4,5,6,5,4,4,4,5,4,5,4,5,5,5,5,,19.0,5,5,6,5,5,5,5,6,5,4,5,4,6,5,6.0,5,5,4,6,5,4,4,4,5,5,4,5,4,4,5,22.0,,7.0,4,5,4,4,4,3,5,4,5,4,4,5,5,4,5,6,5,3,5,28.0,5,4,8.0,4,4,5,5,5,5,5,5,4,,4,5,5,4,5,4,28.0,5,4,4,5,5,5,,5,5,3,5,5,5,5,4,6,4,4,,5,5,4,22.0,4,4,5,4,4,4,5,5,5,4,4,5,4,4,4,4,5,5,4,5,5,5,5,5,5,5,4,12.0,5,4,5,5,19.0,4,5,5,5,5,4,5,4,6,,5,,4,4,5,5,4,6,4,5,3,13.0,6,5,5,7,6,5,4,5,5,5,5,4,5,5,5,4,5,4,7,6,1,6,5,5,5,5,,5,5,5,2,5,18.0,3,4,5,5,4,5,,5,4,5,,5,5,5,,17.0,6,4,5,5,5,5,5,5,5,,,16.0,5,8,2,5,4,5,,5,,,5,4,,5,4,4,6,11.0,5,,31.0,0,6,26.0,5,,6,5,14.0,,5,,,26.0,24.0,11.0,,5,,,5,,5,4,5,4,5,10.0,5.0,5,6,,5,5,5,5,6,,,4,5,5,5,4,4,5,,10.0,5,5,,5,18.0,9.0,5,5,,5,,5,4,5,6,,22.0,5,27.0,28.0,6,5,6,11.0,5,5,5,,10.0,,6,6,5,4,7.0,5,,,5,14.0,,5,6.0,6,1,26.0,,6,,5,5,10.0,5,5,4,6,5,6,,,5,29.0,30.0,,5.0,15.0,10.0,4,5,6.0,,6,26.0,6,1,,5,12.0,5,,,,,,5,5,,,6,21.0,,5,,,,5,5,11.0,,,,16.0,6,,,6,,,5,,14.0,,14.0,,,10.0,,15.0,,,7.0,5,4,13.0,,10.0,4,5,5,2,5,,5,5,10.0,5,23.0,4,,5,5,,10.0,5,,5,,,,4,4,,6,7.0,,12.0,,5,23.0,26.0,0.0,9.0,5,,5,,9.0,23.0,6,26.0,,5,25.0,4,18.0,,4,5,,,,,5,7.0,6.0,12.0,22.0,30.0,,6,13.0,,,,5,,,4,,23.0,6,,,5,,,,,,5,7.0,,,5,,14.0,,5,,,8.0,,5,11.0,6,5,5,,7.0,,5,5,,,5,5,6,19.0,5,5,10.0,4,5,5,5,,6,5,5,4,5,,18.0,5,6,,31.0,,,,,,,,6,,5,4,6,,6,6,6,5,5,16.0,,,,21.0,4,,,7.0,32.0,27.0,,11.0,4,8.0,,6,,5,0.0,14.0,14.0,6,5,,20.0,32.0,,21.0,5,13.0,11.0,5,7.0,,,,,,6.0,,,22.0,6,,,,163,7,2.122884940778339,-0.7908569235236943
5,5,4,4,5,5,5,5,4,3,5,4,4,5,4,5,5,4,5,4,3,4,6,3,5,5,6,5,2,5,5,5,5,5,6,5,5,5,5,5,5,4,4,6,4,5,5,5,5,6,6,4,6,5,5,5,5,5,4,5,5,5,4,4,4,5,5,6,5,5,5,5,6,5,4,5,6,5,5,3,5,4,4,4,4,5,3,4,5,5,5,5,5,5,5,5,4,6,5,5,5,5,6,5,6,4,4,3,5,20.0,6,6,6,4,4,4,5,5,5,6,6,4,6,5,5,5,5,5,4,4,5,5,4,4,5,5,5,4,5,5,5,0,1,5,5,4,5,5,6,6,5,5,4,4,4,5,6,5,4,4,3,5,4,4,5,4,3,5,5,4,5,5,4,4,5,5,5,5,0,5,4,5,6,4,5,6,5,5,5,5,4,4,6,6,5,5,5,5,5,5,5,4,8,4,5,0,5,5,5,3,0,4,4,3,5,5,5,5,5,5,5,5,4,5,6,5,5,5,5,5,5,2,5,4,4,5,2,3,5,6,5,5,5,5,5,5,6,5,6,3,6,5,4,4,5,4,4,6,5,5,6,4,4,5,5,5,5,6,5,4,5,5,5,6,6,5,6,5,5,6,4,5,4,4,5,5,5,5,5,6,4,5,5,5,6,5,5,6,6,6,4,5,5,4,5,5,5,6,5,5,5,5,5,6,5,6,5,6,5,5,5,5,6,5,5,5,5,5,6,4,7,5,5,0,6,6,5,5,5,5,4,6,5,5,6,5,5,5,20.0,6,6,4,5,5,6,4,5,5,5,5,5,5,4,5,5,5,4,4,5,6,5,4,5,5,5,5,5,5,6,5,4,6,,10.0,6,6,6,5,6,5,6,6,6,4,6,5,6,6,28.0,5,5,5,7,6,4,4,5,4,5,5,6,5,5,6,24.0,24.0,,4,5,5,4,4,5,5,4,6,5,4,6,6,5,5,6,5,4,5,12.0,5,4,5.0,5,4,5,5,5,5,4,6,5,,5,6,5,5,6,5,,5,5,5,5,5,5,,5,6,4,4,5,6,5,5,7,4,4,12.0,6,6,5,12.0,4,5,5,5,5,4,5,5,6,5,5,6,5,3,4,5,5,6,4,5,6,6,5,6,5,6,4,12.0,5,5,5,6,,5,6,5,6,6,4,5,5,6,,6,,5,5,6,6,5,6,5,5,4,16.0,6,5,5,7,6,6,5,6,5,5,5,4,5,5,5,5,5,5,7,6,5,6,5,6,6,0,,5,5,5,6,5,23.0,5,5,6,5,5,5,14.0,6,5,4,,6,5,5,,,6,5,5,6,5,4,5,5,5,10.0,,,5,8,5,6,1,5,,6,,,5,6,11.0,6,5,5,6,27.0,5,,6.0,6,6,,6,,7,6,19.0,,6,16.0,31.0,,,31.0,,6,,,5,30.0,6,5,5,5,6,,,5,6,,5,6,5,5,3,,,5,4,6,6,5,5,5,,7.0,5,6,,6,,,6,6,,5,6.0,6,5,6,7,,8.0,5,,,6,5,7,24.0,6,5,5,,,,7,6,5,6,11.0,6,28.0,,5,12.0,,6,,6,5,15.0,10.0,6,15.0,6,5,9.0,6,6,5,6,6,7,23.0,,5,26.0,5.0,30.0,,16.0,,5,5,22.0,,6,,6,5,,5,20.0,6,13.0,18.0,,,,6,5,19.0,12.0,6,26.0,,6,,,,6,6,27.0,17.0,,13.0,,6,,,6,,,6,,8.0,,8.0,,,23.0,8.0,13.0,11.0,7.0,16.0,6,6,7.0,7.0,23.0,5,5,6,5,6,14.0,6,6,7.0,6,25.0,4,22.0,5,0,,,6,,5,12.0,,,5,6,,7,9.0,,28.0,,6,0.0,,,10.0,5,,5,13.0,,,6,23.0,,6,11.0,4,19.0,,5,6,,,,,6,8.0,22.0,,11.0,13.0,,6,,18.0,,,6,,,5,,7.0,6,,,6,9.0,,,,,5,32.0,,21.0,3,,,,6,,,5.0,,6,22.0,6,5,5,,9.0,,5,5,,,6,5,6,15.0,6,3,,6,0,5,6,,7,6,6,4,6,9.0,20.0,6,7,,,20.0,,25.0,,,17.0,,6,,6,5,6,17.0,6,6,7,5,6,14.0,,,,,4,16.0,,,30.0,,,,5,7.0,,7,,6,,18.0,,6,5,,22.0,28.0,,,6,7.0,32.0,6,26.0,,,,,,25.0,,,,7,0.0,,,164,7,2.0997651383641367,-0.806339857106388
5,4,4,4,4,4,4,5,5,6,5,5,4,4,3,4,4,4,4,4,4,4,5,4,5,5,5,4,0,4,4,4,5,5,4,4,4,5,5,5,5,2,4,6,4,5,4,4,5,5,5,4,5,4,5,5,5,5,4,5,5,4,3,4,4,4,5,6,4,4,5,5,6,5,4,5,5,5,5,4,4,2,3,3,4,5,3,4,5,4,5,5,5,4,4,4,4,5,5,5,5,5,5,5,5,3,4,3,5,5.0,5,6,5,4,4,3,4,5,5,6,5,3,5,5,5,5,5,4,3,3,4,4,4,4,5,5,5,4,5,5,5,4,4,4,5,4,5,4,5,5,5,4,4,4,4,4,5,5,4,5,3,4,5,4,5,3,4,4,2,4,4,4,4,4,5,6,5,4,5,4,4,5,5,3,4,6,4,4,4,4,4,4,5,5,4,5,5,5,4,4,5,4,7,0,5,5,4,5,4,4,4,4,4,5,4,4,5,4,5,5,5,4,4,4,5,5,0,5,5,5,5,4,4,4,5,5,4,5,5,5,5,5,5,5,5,4,6,6,5,4,5,5,4,5,4,4,4,5,4,5,5,4,5,4,5,5,5,6,5,4,4,5,5,5,5,4,5,5,4,5,2,4,4,4,4,2,5,5,5,6,4,5,4,5,5,4,4,6,5,5,4,4,5,4,5,5,4,5,5,5,4,5,5,5,4,6,5,5,4,6,5,5,6,5,6,5,4,5,5,4,6,5,6,4,6,6,5,5,4,5,4,6,4,5,6,5,5,4,,5,5,3,4,4,6,4,4,4,5,6,5,4,4,4,5,4,4,4,0,6,5,4,4,4,5,4,5,4,5,5,5,5,12.0,,5,5,6,5,5,5,5,6,5,4,5,4,6,5,23.0,5,5,4,6,5,4,4,6,5,5,5,5,5,5,4,15.0,,16.0,4,5,4,4,5,5,5,4,5,4,4,5,5,4,5,6,5,3,5,20.0,5,4,17.0,3,4,5,5,5,5,5,5,5,,4,6,5,4,5,5,22.0,4,4,5,4,6,5,,4,5,5,5,5,5,5,5,6,4,4,11.0,6,6,4,15.0,5,5,5,4,5,5,4,6,6,5,4,5,4,4,4,4,5,5,4,5,6,6,6,6,5,6,4,,4,4,5,5,26.0,4,6,0,6,6,4,5,5,6,30.0,5,,4,4,5,6,5,6,4,5,3,,6,5,5,7,6,6,5,5,4,4,5,3,5,4,5,4,5,5,5,6,5,5,5,7,5,5,,1,5,5,7,5,6.0,0,5,6,5,4,5,20.0,5,5,5,,6,5,5,,6.0,5,5,5,5,5,5,5,6,5,,,20.0,5,7,0,5,4,5,,6,,,4,6,14.0,5,5,4,6,,5,,,6,6,,5,,6,5,9.0,,5,9.0,0.0,,,11.0,,5,,,5,11.0,6,5,5,5,5,,10.0,5,6,,5,6,5,3,6,,,5,5,5,5,5,5,5,,,5,5,,6,15.0,14.0,6,5,,5,,6,5,5,7,,30.0,5,19.0,18.0,6,5,6,15.0,5,6,6,,,,6,6,5,5,,5,12.0,12.0,5,6.0,,6,28.0,6,6,9.0,5.0,6,,5,5,13.0,6,6,5,6,5,7,17.0,,5,,,,12.0,7.0,16.0,4,4,15.0,,5,,5,5,,5,15.0,5,24.0,24.0,,,,5,5,6.0,18.0,5,13.0,,5,,,,5,5,,,,11.0,18.0,6,,5.0,6,,,5,,17.0,,6.0,13.0,,,,7.0,21.0,17.0,10.0,5,6,28.0,0.0,7.0,5,5,6,4,5,25.0,5,5,,5,23.0,4,13.0,5,6,,9.0,5,,5,,,,5,6,,6,8.0,,8.0,13.0,5,12.0,15.0,28.0,5.0,5,,5,,23.0,8.0,5,10.0,,6,0.0,4,,,4,5,,,,,6,8.0,19.0,,,11.0,,5,17.0,14.0,,,5,,,5,,11.0,6,,,5,10.0,,6.0,,,5,,,20.0,5,,30.0,,5,,,11.0,,5,25.0,6,5,5,,24.0,,6,5,,,5,5,6,,6,5,,5,5,6,6,,7,6,6,4,6,22.0,29.0,5,7,,29.0,20.0,,29.0,,,,,6,,5,5,5,21.0,6,6,6,5,6,,,,,,4,22.0,,24.0,,,11.0,,5,30.0,,6,,5,,4.0,15.0,5,5,,,,,,6,,7.0,5,,,,,,,30.0,,,24.0,6,,,,165,7,1.9944255187364546,-0.8174528843084101
7,6,7,6,6,6,6,7,7,8,7,6,6,6,7,6,6,4,6,6,6,5,7,6,7,7,8,7,6,6,7,7,7,7,7,7,6,7,7,7,7,6,6,8,4,7,6,7,7,7,8,7,7,7,7,7,7,7,6,7,7,7,6,6,6,7,7,8,6,6,7,7,8,7,5,7,8,7,7,6,0,6,5,6,6,7,6,6,7,7,7,7,7,7,7,7,6,7,7,7,7,7,7,7,7,6,5,5,7,21.0,8,8,8,7,6,6,6,7,6,8,7,5,8,7,7,7,7,6,5,6,7,6,6,6,7,7,7,6,7,7,7,6,6,6,7,6,7,6,7,7,7,7,6,6,6,0,7,5,7,7,5,7,7,6,7,6,5,7,6,6,6,7,6,6,6,7,8,7,8,6,6,7,7,5,6,8,7,6,6,5,6,7,8,7,7,7,7,7,7,7,8,6,9,7,7,7,7,7,7,2,6,6,6,6,6,6,7,7,6,7,7,6,6,6,6,7,6,7,6,7,6,7,7,6,7,7,6,7,7,8,7,8,7,7,7,7,8,8,7,5,7,7,6,5,6,6,6,8,7,0,7,7,7,7,7,7,7,8,5,6,7,7,7,7,7,7,8,8,6,7,6,6,6,6,7,6,5,7,7,8,5,7,7,7,7,6,6,7,7,7,6,4,7,6,7,7,7,7,6,7,7,6,7,7,6,7,6,7,7,8,7,7,7,7,7,7,6,6,7,6,8,7,8,6,8,8,7,7,6,7,6,7,7,7,8,7,7,7,21.0,7,7,6,7,0,8,6,6,6,7,8,7,7,6,6,7,6,6,6,7,8,7,6,7,7,7,6,7,6,7,7,7,7,,,7,7,0,7,7,7,7,8,7,6,7,7,8,7,21.0,7,6,6,8,7,6,6,8,7,7,7,7,6,7,7,18.0,35.0,27.0,7,7,6,4,7,7,7,6,7,7,6,7,7,6,7,7,7,6,7,8.0,7,7,,7,6,7,7,7,7,7,7,7,,7,8,7,6,7,7,,7,7,1,7,7,7,,6,7,7,6,7,7,7,7,8,6,6,21.0,8,8,7,,6,7,7,7,7,7,6,8,8,6,0,7,7,6,6,6,7,7,7,7,8,8,8,8,7,8,7,12.0,7,6,8,7,34.0,6,8,7,7,7,6,4,6,8,14.0,8,,7,6,7,8,7,8,6,7,6,,8,7,6,9,8,7,6,7,7,7,7,6,8,6,6,6,7,7,9,8,7,8,7,8,8,7,,7,7,7,8,8,0.0,7,7,8,7,7,7,,8,7,7,,8,7,7,,,7,7,8,7,7,7,7,6,7,17.0,,,7,10,8,8,7,7,,8,,,6,0,19.0,7,7,7,8,,6,14.0,12.0,8,8,19.0,7,,8,8,8.0,,7,26.0,,21.0,32.0,12.0,,8,,16.0,7,,8,7,7,7,7,16.0,,7,8,,7,8,7,7,8,,,7,7,7,8,7,6,7,,,6,8,,8,17.0,19.0,7,7,,7,34.0,8,7,8,9,,12.0,6,14.0,34.0,8,6,8,17.0,7,8,8,,,,8,7,8,7,23.0,7,9.0,,7,22.0,,7,,8,8,9.0,,8,7.0,8,7,11.0,7,8,7,8,7,8,,,7,,7.0,23.0,,20.0,11.0,6,7,20.0,,8,,7,7,,7,9.0,7,31.0,,,,,8,8,16.0,22.0,8,,,7,,,,8,7,25.0,,,17.0,25.0,8,,,8,,,8,,34.0,,8.0,,,28.0,,23.0,24.0,,18.0,8,8,11.0,36.0,,7,7,8,7,8,32.0,7,7,8.0,5,19.0,6,,7,7,,,7,,7,29.0,,,7,8,,9,21.0,,30.0,15.0,7,20.0,,20.0,7.0,7,,8,,13.0,,8,,,7,12.0,6,,,6,7,,,,,8,13.0,12.0,29.0,,13.0,,8,20.0,16.0,,,7,,,7,,,8,,20.0,8,,,13.0,,13.0,7,24.0,,9.0,7,,8.0,,0,,,,,8,22.0,8,8,7,,,15.0,8,7,,,8,7,8,,8,8,11.0,7,8,8,8,,8,8,8,6,8,,14.0,8,9,,16.0,22.0,,14.0,,,13.0,,8,,0,7,9,10.0,8,7,9,7,9,29.0,,,,,7,11.0,,17.0,33.0,25.0,8.0,13.0,7,11.0,,9,,8,,32.0,10.0,8,8,,,22.0,,,7,13.0,,7,,,,,,,,,,9.0,7,,,,166,7,2.225462527438066,-0.799409766421314
7,7,6,7,6,5,6,7,7,8,7,7,7,6,6,7,0,6,6,7,7,6,8,6,6,6,6,6,6,6,6,7,7,7,7,6,6,7,6,6,6,6,6,9,6,7,6,0,5,8,7,6,7,6,7,7,7,7,5,7,7,7,6,6,5,5,7,8,7,7,7,8,8,7,6,7,6,0,7,6,6,6,6,6,6,7,5,5,7,6,6,7,7,6,6,6,5,7,7,7,6,6,7,6,8,6,6,5,7,17.0,8,8,7,5,5,4,6,7,7,7,7,6,7,6,7,7,7,7,6,5,7,6,6,6,7,6,6,6,7,7,7,6,6,6,7,6,7,7,8,7,7,6,6,6,6,7,7,7,7,7,5,7,6,6,7,5,6,6,6,6,5,5,6,6,7,8,2,6,7,7,6,7,7,6,6,8,7,6,7,7,7,7,8,7,7,7,7,6,6,6,6,6,8,7,7,7,2,7,6,6,6,6,6,8,6,6,7,7,7,7,7,7,6,7,8,7,6,7,7,6,7,6,1,6,6,7,6,7,7,8,7,7,7,7,7,6,8,8,7,6,7,6,6,7,6,6,6,7,5,7,8,6,7,5,7,8,8,8,7,6,7,7,6,7,7,4,8,7,7,7,5,6,6,6,7,6,7,7,7,8,4,6,6,8,6,7,6,7,7,7,6,6,6,6,7,7,6,7,7,7,7,7,7,8,7,8,7,7,5,8,7,7,8,7,8,7,6,7,7,6,8,7,8,5,8,8,6,6,6,6,5,8,6,7,8,7,7,7,,7,7,7,7,7,8,6,6,6,7,8,7,6,6,6,7,6,6,6,7,8,6,6,6,7,8,6,7,6,8,7,7,7,8.0,12.0,8,8,8,7,7,7,7,8,8,7,7,7,8,7,16.0,7,7,7,8,7,6,6,8,7,7,6,7,6,7,6,24.0,,,2,7,6,6,7,7,5,6,7,6,6,7,7,6,7,9,7,5,8,7.0,5,6,22.0,6,7,6,4,6,6,7,7,7,,6,8,8,7,7,2,,7,6,7,7,8,7,,6,8,7,7,7,0,7,7,8,6,6,20.0,8,7,6,,6,7,5,6,6,6,6,8,8,6,6,7,6,6,5,6,7,7,7,7,8,6,8,8,7,8,6,,7,7,8,7,14.0,7,8,0,8,8,6,8,7,8,33.0,7,,8,6,6,8,7,8,6,7,6,32.0,8,7,7,9,8,8,7,7,6,7,7,6,6,7,7,7,7,7,9,8,8,7,7,9,7,7,,7,7,7,9,8,9.0,7,7,8,7,6,8,8.0,0,7,7,,8,7,7,,18.0,8,7,7,7,7,7,7,8,6,7.0,,16.0,7,10,7,7,6,8,,8,,,7,8,9.0,7,6,7,8,26.0,6,28.0,21.0,8,8,,7,,8,7,21.0,,8,,29.0,17.0,32.0,32.0,,8,,,7,0.0,8,7,7,6,7,,28.0,7,8,,7,8,7,7,8,,,7,7,7,7,7,7,7,,23.0,7,7,,8,23.0,10.0,8,7,,7,29.0,8,7,7,6,,,7,,,8,7,8,17.0,7,8,8,,12.0,,8,8,8,7,16.0,8,8.0,31.0,7,8.0,,8,9.0,8,8,21.0,7.0,8,9.0,6,7,14.0,8,9,7,8,7,9,,,7,12.0,11.0,8.0,,31.0,8.0,7,7,,,7,22.0,7,8,,7,13.0,8,,8.0,,,,8,7,,,8,11.0,,6,,,,7,7,10.0,10.0,,12.0,25.0,8,,7.0,8,,,7,,,,,,,24.0,25.0,9.0,,,,7,9,,17.0,,7,7,7,7,7,13.0,7,6,18.0,7,15.0,4,17.0,7,8,,13.0,7,,6,17.0,,,7,8,,8,13.0,,8.0,9.0,6,32.0,,33.0,31.0,6,,4,9.0,,,8,7.0,,8,8.0,7,21.0,,6,7,,,,,8,23.0,28.0,,31.0,,,8,17.0,18.0,,,8,,,7,,7.0,7,,,8,22.0,,,,12.0,7,29.0,,30.0,7,,32.0,,6,,,,,8,,8,7,7,,,,8,7,,,7,7,6,,8,7,9.0,7,6,8,8,,9,8,8,6,8,,14.0,7,9,,,15.0,,,,,14.0,,8,,7,7,9,21.0,0,7,8,8,9,,,,,,7,18.0,,24.0,17.0,16.0,26.0,,7,21.0,,8,,6,8.0,6.0,0.0,7,0,,,,,9.0,7,,15.0,7,,,,,,,,,,11.0,8,,,,167,7,2.1036610448375193,-0.7669819348396857
6,6,6,6,6,5,6,6,6,7,6,6,6,5,5,5,6,5,5,5,5,5,7,5,6,6,6,6,5,6,5,6,6,6,6,5,5,6,6,6,6,5,5,8,5,6,6,6,6,7,7,6,0,3,6,6,6,6,5,6,6,6,4,5,5,6,6,7,6,6,6,7,7,6,5,7,7,6,6,5,6,5,4,5,5,6,4,5,6,6,6,6,6,5,6,5,6,6,6,6,6,6,7,6,6,5,5,5,6,,7,7,7,5,5,3,5,6,6,7,6,4,7,6,6,6,6,6,4,4,6,6,6,5,6,6,6,5,6,6,6,6,5,5,6,5,6,5,7,7,6,6,5,5,5,6,6,6,6,5,5,6,6,5,6,5,5,6,5,5,5,6,5,5,6,7,6,6,7,6,5,6,6,5,5,7,6,6,6,5,6,6,7,7,6,6,6,6,6,6,6,5,8,5,6,6,6,6,6,6,5,5,4,7,6,5,6,6,5,6,6,4,5,6,6,0,5,6,6,6,6,6,5,5,6,6,6,6,6,7,7,7,6,6,6,6,7,7,6,5,6,6,6,6,5,6,5,7,6,6,6,6,6,6,6,7,7,7,6,5,6,6,6,7,6,6,7,6,6,6,5,6,5,5,6,5,6,6,6,7,5,6,6,7,6,6,5,7,6,7,6,5,6,5,6,6,6,6,6,6,6,6,6,7,6,7,6,6,6,7,6,5,6,6,7,6,6,6,7,6,7,5,7,5,7,7,4,6,5,6,5,7,6,6,7,6,6,7,25.0,7,7,6,6,6,7,5,6,6,6,7,6,6,5,6,7,5,6,5,6,7,6,5,6,6,7,6,6,5,6,6,6,6,26.0,33.0,7,6,7,6,6,6,5,7,6,5,6,6,7,3,,6,6,6,8,6,5,5,7,7,6,6,6,5,6,6,,,16.0,6,6,5,4,6,5,6,5,6,6,5,6,6,5,6,8,6,5,7,12.0,6,6,7.0,6,5,6,6,5,6,6,7,5,,5,7,7,5,6,6,,6,5,5,6,7,0,,3,7,6,5,6,7,7,6,7,5,5,8.0,7,7,6,,6,6,6,6,6,6,5,8,7,6,5,6,6,4,5,5,7,6,6,7,7,7,7,8,6,8,6,10.0,5,6,7,6,13.0,4,7,6,7,7,5,6,6,7,19.0,6,,7,5,6,7,6,7,5,6,3,18.0,7,6,6,8,7,7,6,6,6,6,6,2,6,6,6,6,6,6,8,7,7,7,6,8,7,6,,6,0,6,8,7,12.0,6,6,7,6,5,6,7.0,7,6,6,,7,4,6,,8.0,7,6,7,6,6,6,6,7,6,9.0,,35.0,6,9,7,6,6,7,,7,,,6,7,,6,6,6,7,7.0,5,25.0,8.0,7,7,10.0,7,,7,7,26.0,,6,,7.0,14.0,,35.0,,7,,8.0,6,20.0,7,6,6,6,6,9.0,26.0,6,0,,0,7,5,6,7,,,6,6,6,7,6,5,6,,25.0,6,7,,7,,21.0,7,7,,7,,7,6,7,8,,,6,14.0,19.0,0,6,7,,7,7,7,,27.0,,7,7,7,7,,7,18.0,,6,,,7,,7,7,27.0,25.0,7,10.0,7,6,,7,7,6,7,7,6,9.0,,6,,34.0,,23.0,,6.0,6,6,,,7,,7,7,,6,27.0,7,24.0,22.0,,,,7,7,23.0,,7,,,7,,,,6,6,13.0,9.0,,,14.0,7,,36.0,7,,,6,,21.0,,16.0,32.0,,36.0,28.0,34.0,,,12.0,7,8,,26.0,10.0,6,6,7,6,6,10.0,7,6,14.0,6,20.0,2,,0,7,,,7,,6,19.0,,,7,7,,7,8.0,,,,6,12.0,18.0,31.0,15.0,7,,6,13.0,,10.0,7,,,7,,5,16.0,,6,6,,,,,7,,17.0,,26.0,12.0,,7,33.0,8.0,,,7,,,6,,23.0,7,,31.0,7,,,,,28.0,6,,,10.0,6,,,,6,,,15.0,,7,22.0,7,7,6,,,17.0,7,6,,,7,6,7,17.0,7,6,14.0,7,7,7,7,,7,7,7,5,0,36.0,22.0,6,8,,19.0,16.0,,9.0,,,9.0,,7,,7,6,8,21.0,6,6,0,7,8,,,,,,6,17.0,,,,,,6.0,6,34.0,,5,,7,,,7.0,7,7,,7.0,7.0,,10.0,7,20.0,8.0,7,27.0,,,,,,13.0,,,11.0,8,,,,168,7,2.1190597853857915,-0.8008851261767818
1,4,4,4,4,0,4,4,4,5,4,4,4,4,4,4,4,3,4,4,4,3,5,3,4,5,5,4,4,4,4,4,5,5,5,4,4,5,5,5,5,3,3,6,4,4,4,4,4,5,5,4,5,4,4,4,5,4,3,5,3,4,3,4,3,4,4,5,4,4,4,4,6,4,2,5,5,4,4,4,4,4,3,3,1,4,3,0,4,4,4,5,5,4,4,4,4,5,5,4,4,5,5,4,4,3,3,3,4,20.0,5,5,5,4,3,3,4,4,4,5,4,3,5,4,4,4,5,4,3,4,5,4,3,4,4,4,5,4,5,4,4,3,3,4,4,4,4,4,5,5,3,4,1,4,4,3,5,4,4,4,3,4,4,4,5,2,2,4,4,4,4,4,4,4,4,5,5,4,5,4,4,4,4,3,4,5,0,3,4,4,4,4,5,5,4,5,4,4,4,4,5,3,6,4,4,5,4,4,4,3,3,3,3,5,4,1,4,4,3,4,0,3,3,3,4,4,3,4,4,4,4,4,4,4,4,4,4,4,4,5,5,5,4,0,4,4,5,5,4,2,0,4,3,4,3,4,3,5,4,5,5,4,5,4,5,5,5,5,4,2,5,4,4,5,5,5,5,5,4,4,4,4,3,2,5,4,4,5,4,6,4,5,4,5,5,4,3,5,5,5,4,4,4,4,4,4,4,4,4,4,4,4,4,4,4,5,4,4,4,5,4,4,5,4,5,4,4,4,5,4,5,4,5,3,5,5,4,3,4,4,3,5,4,5,6,4,5,3,,5,5,4,5,4,5,4,4,4,4,5,5,4,4,3,5,4,3,4,4,5,5,4,4,4,3,4,4,3,4,4,4,5,6.0,,5,5,5,4,4,4,4,5,5,3,4,4,5,4,14.0,5,4,4,6,5,3,4,5,0,4,4,5,3,4,5,7.0,18.0,10.0,4,5,4,3,4,4,4,4,5,4,4,5,5,4,2,5,4,3,5,5.0,5,4,10.0,4,4,5,4,5,4,5,5,5,,4,6,5,4,5,4,5.0,4,4,3,4,5,4,,4,5,2,4,4,5,5,5,6,4,3,,5,5,4,8.0,4,4,4,4,5,4,4,6,5,4,4,5,3,4,2,3,4,5,4,4,5,5,5,5,4,5,3,13.0,4,4,4,5,6.0,4,5,5,4,5,4,5,4,5,,5,,5,4,4,5,4,6,3,5,4,14.0,6,5,0,7,5,5,4,5,4,4,5,4,3,4,4,4,5,4,7,6,3,5,5,6,0,4,,5,5,5,6,5,10.0,5,5,6,5,4,5,9.0,5,4,3,,5,4,5,,7.0,5,4,5,5,4,5,5,5,4,4.0,,14.0,5,8,5,5,4,5,,5,,,4,5,13.0,5,4,4,5,24.0,4,12.0,14.0,5,6,,5,,5,5,21.0,,5,,7.0,23.0,8.0,24.0,,5,,24.0,5,12.0,5,4,4,5,4,27.0,,4,5,,5,5,3,5,6,,,4,4,5,5,4,4,5,,5.0,4,5,,5,14.0,,5,5,,5,13.0,5,5,5,6,,14.0,4,23.0,21.0,6,4,5,25.0,5,5,5,,15.0,,6,6,5,5,,5,15.0,10.0,5,5.0,,5,23.0,5,5,14.0,,6,,5,4,19.0,5,6,4,6,5,6,10.0,,5,,,,,8.0,,4,4,9.0,,5,,5,5,,4,,5,,,,,,5,5,25.0,,5,,,5,,,,5,5,25.0,28.0,,7.0,,5,,,6,,,5,,15.0,,11.0,11.0,,21.0,22.0,6.0,,9.0,12.0,5,6,19.0,,16.0,4,4,4,4,5,5.0,5,5,,5,12.0,3,,5,5,,7.0,5,,4,10.0,,,5,5,,6,11.0,,23.0,22.0,5,,,,18.0,5,,5,5.0,5.0,16.0,5,11.0,,5,,3,8.0,,4,5,,,,,6,11.0,,13.0,,,,5,13.0,,,,5,28.0,,5,,16.0,5,,4.0,5,9.0,,7.0,,8.0,5,28.0,,,5,,26.0,,5,,,7.0,,5,24.0,6,5,5,,29.0,,0,5,,,5,4,5,18.0,6,5,23.0,4,5,5,5,,6,5,5,4,6,7.0,20.0,5,6,,,,,23.0,,,,,5,,5,4,6,10.0,5,5,6,5,6,,,,,,4,26.0,,,22.0,,,5.0,5,,,6,,5,22.0,,,5,5,,,,,8.0,5,29.0,14.0,5,8.0,,,,,,9.0,,,11.0,6,,,,169,7,1.9714399442730595,-0.8070389682741377
5,5,4,4,2,4,4,5,6,6,4,5,5,4,5,5,4,4,5,5,4,4,6,5,5,5,6,5,4,5,5,5,6,6,6,5,5,6,5,5,6,4,4,7,4,4,4,5,5,6,6,5,5,5,5,5,5,5,4,5,5,5,3,4,4,5,5,5,4,5,5,6,6,6,5,6,6,5,5,5,0,4,4,4,4,5,4,4,5,5,5,5,5,5,5,5,5,6,5,5,5,5,5,4,5,4,2,4,5,,6,6,6,5,4,4,5,5,5,6,6,3,6,5,5,5,2,5,3,4,5,4,4,4,5,5,5,4,5,5,5,5,3,5,5,0,5,5,6,5,5,5,4,4,4,5,6,5,4,4,3,5,5,4,5,5,4,5,5,4,4,5,4,4,4,6,6,5,6,5,4,5,0,3,4,6,5,4,4,5,5,4,5,5,5,5,5,5,5,4,6,5,8,5,5,5,5,5,4,3,2,4,4,6,5,5,5,5,5,5,5,5,4,4,6,5,4,5,4,5,4,5,5,4,4,5,4,0,5,5,5,5,4,5,3,5,6,6,6,4,5,5,4,4,4,4,3,6,5,5,6,5,6,4,6,6,6,6,5,4,5,1,5,5,5,5,6,6,5,5,4,4,2,3,5,4,4,5,5,6,4,5,5,5,6,3,4,6,4,1,3,5,5,4,5,5,5,6,4,5,5,5,5,6,4,6,5,5,5,5,5,5,6,5,6,5,5,5,6,4,7,5,6,4,6,6,5,5,5,5,4,6,5,5,6,5,5,6,7.0,5,6,4,5,5,6,4,4,4,6,6,5,5,4,5,6,4,4,4,5,6,6,4,5,5,6,4,5,4,5,5,5,6,6.0,32.0,5,5,6,5,5,5,5,6,5,4,5,5,6,5,,5,5,5,7,5,5,4,6,6,5,5,5,4,5,5,12.0,,21.0,5,5,4,4,5,5,5,4,5,4,5,6,5,5,5,7,5,4,6,28.0,6,5,,5,5,6,5,5,5,6,6,5,,4,7,6,5,5,5,25.0,5,5,5,5,6,5,,5,6,5,5,5,6,6,5,7,4,4,14.0,6,6,5,,4,4,5,5,5,5,5,7,7,5,4,6,5,4,4,4,6,6,5,6,7,7,6,7,6,7,5,,5,5,6,6,27.0,5,6,5,6,6,4,5,5,6,32.0,6,,6,5,5,6,6,6,4,5,4,,6,5,5,7,6,6,5,6,5,5,6,4,6,5,5,5,5,4,7,6,6,6,5,7,6,5,,5,5,5,7,6,,5,6,6,3,5,6,,6,5,5,,6,5,5,,,6,5,5,6,4,6,4,6,5,,,,5,8,5,6,5,6,,6,26.0,,4,6,9.0,6,5,5,6,31.0,5,10.0,31.0,6,6,21.0,6,,7,6,14.0,,0,8.0,,13.0,18.0,,,0,,,5,19.0,6,5,5,5,5,32.0,5.0,5,7,,5,6,5,5,7,,,5,5,5,6,5,5,5,,11.0,5,6,,6,32.0,,6,5,,5,17.0,6,5,6,7,,6.0,5,10.0,18.0,6,5,7,7.0,5,6,6,,7.0,,6,6,6,6,,6,6.0,,5,31.0,,6,,6,6,21.0,26.0,6,9.0,6,5,8.0,6,7,5,6,5,7,4.0,,5,25.0,,12.0,,,9.0,4,4,20.0,,6,,6,5,,5,13.0,6,0.0,9.0,,,,6,6,6.0,13.0,6,16.0,,5,,,,6,6,16.0,8.0,,8.0,9.0,6,,22.0,6,,,6,,8.0,,26.0,10.0,,14.0,17.0,31.0,,0.0,8.0,5,6,11.0,,,5,4,6,4,6,13.0,5,6,0.0,6,,4,,6,6,0.0,16.0,5,,5,9.0,,,5,6,,7,,,15.0,27.0,5,8.0,,,,5,,6,12.0,18.0,12.0,6,,,5,,5,,,4,6,,,,,6,9.0,31.0,,7.0,9.0,,6,8.0,6.0,,,5,21.0,,5,,15.0,6,,,6,,,12.0,,22.0,5,20.0,,,5,,17.0,,5,,,18.0,,6,29.0,6,6,4,,,28.0,6,5,,,6,5,6,8.0,6,6,18.0,6,6,5,5,,7,6,6,4,6,,,5,7,,17.0,,,,,,,,6,,5,5,7,,6,6,6,6,7,20.0,,,,,4,,,,32.0,10.0,32.0,,5,7.0,,7,,6,25.0,24.0,24.0,6,6,,24.0,,,,6,,26.0,5,11.0,,,,,,22.0,,,,6,,,,170,7,2.0840883640435703,-0.7680696277153054
5,2,3,4,3,3,4,4,5,5,4,4,4,3,4,4,4,3,4,4,3,3,5,4,5,5,5,5,4,4,4,4,5,5,5,4,4,5,5,5,5,4,4,6,4,4,4,4,5,5,5,4,5,4,3,4,4,2,3,4,5,5,3,3,3,4,5,5,4,4,4,0,6,5,4,5,5,4,4,4,4,3,3,3,3,5,3,3,4,4,4,4,4,4,5,5,4,5,5,4,5,5,5,5,5,4,1,3,4,26.0,5,6,5,4,4,4,4,4,4,6,5,1,5,5,5,5,4,4,4,3,5,3,4,4,5,4,5,3,2,5,4,4,3,4,4,4,4,4,5,5,5,5,3,4,4,4,5,5,4,4,3,4,4,2,4,4,4,5,3,4,4,5,4,4,3,5,5,5,5,4,4,5,5,3,4,6,4,4,4,0,4,4,4,4,4,4,5,5,4,4,5,4,6,4,5,5,5,4,4,4,4,2,3,5,4,4,5,5,4,5,5,4,3,4,5,4,4,5,5,5,2,5,4,4,4,5,4,4,4,5,5,5,4,4,4,4,5,5,5,3,5,5,3,4,4,2,3,5,4,5,5,5,5,4,4,5,5,6,4,4,5,0,4,5,5,4,5,5,4,5,4,3,4,3,4,3,4,4,4,6,4,4,4,5,5,4,4,5,5,5,4,4,4,3,4,3,4,5,3,4,4,5,4,5,4,5,4,5,4,5,5,5,5,4,5,4,4,4,5,3,6,5,5,4,5,5,5,5,4,4,4,5,4,5,6,5,4,5,,5,5,3,5,4,6,4,4,4,5,5,5,5,4,4,5,1,4,4,4,5,5,4,4,4,5,4,5,4,5,4,5,5,,,5,5,6,5,5,5,5,5,5,4,5,4,6,5,7.0,5,2,4,6,5,4,4,5,5,4,4,4,3,3,4,0.0,29.0,17.0,4,4,3,3,4,4,5,4,4,4,4,5,4,4,4,6,5,3,5,21.0,5,4,,4,3,5,5,5,4,5,5,5,,4,6,5,4,2,4,11.0,5,4,4,4,5,4,0.0,4,5,5,4,5,5,5,5,6,4,4,,5,5,4,14.0,4,3,5,5,4,5,4,6,6,4,0,5,4,3,4,3,5,5,4,5,6,6,5,6,5,6,0,20.0,4,4,5,5,10.0,4,5,4,5,5,3,4,4,6,16.0,5,,5,4,5,5,5,6,4,4,4,26.0,6,4,4,6,6,4,5,0,4,4,5,3,5,4,4,4,4,2,7,6,4,5,5,6,5,4,,5,5,4,6,6,8.0,4,5,5,4,4,5,11.0,6,4,5,,5,5,5,,7.0,5,4,5,5,4,5,5,5,5,6.0,,,4,8,5,5,4,5,,5,31.0,,4,5,,5,4,4,5,28.0,2,19.0,,6,5,,5,,6,5,,,5,,,,11.0,18.0,,5,,,5,23.0,5,4,4,5,5,12.0,5.0,5,6,,5,5,4,4,6,,,4,5,5,5,4,5,5,,,4,5,,5,26.0,14.0,5,5,,5,25.0,4,4,5,7,,26.0,4,7.0,8.0,6,4,5,22.0,0,5,5,,0.0,,5,6,5,5,16.0,5,16.0,21.0,4,21.0,,5,,6,5,6.0,,5,11.0,5,4,11.0,5,6,4,5,5,6,,,4,21.0,17.0,20.0,17.0,,18.0,4,4,31.0,,6,,5,5,,5,,5,13.0,19.0,,,,6,5,19.0,,6,17.0,,4,,,,5,5,21.0,,,21.0,24.0,5,,,6,,,5,,9.0,,11.0,14.0,,12.0,,8.0,11.0,11.0,,4,6,,6.0,26.0,1,5,5,4,5,,4,5,,5,,4,9.0,5,5,,,4,,4,8.0,,,4,5,,6,,,,,4,10.0,,10.0,13.0,4,,5,8.0,18.0,22.0,6,23.0,,4,,4,,,4,5,,,,,5,7.0,10.0,13.0,9.0,,,5,23.0,10.0,,,5,,,4,,,6,,17.0,5,5.0,,25.0,,9.0,5,6.0,,10.0,4,,,,5,,,27.0,,6,9.0,6,5,5,,7.0,,5,5,,,5,5,6,,5,5,26.0,5,5,5,5,,6,5,5,3,6,,24.0,5,6,,26.0,,,,,,15.0,,6,,4,4,6,,6,5,6,5,6,21.0,,,,,4,21.0,,15.0,,23.0,17.0,,4,7.0,,6,,5,10.0,6.0,,6,5,,10.0,27.0,,9.0,5,,13.0,4,12.0,,,,,,,,,,5,,,,171,7,2.0578238133547866,-0.7824144965644554
5,5,5,5,4,4,5,5,5,6,5,5,5,4,5,4,4,4,4,4,4,4,5,0,5,5,5,4,4,4,4,4,2,5,3,4,4,5,5,5,4,4,4,6,4,4,4,5,5,5,4,4,5,0,5,5,5,5,4,5,5,5,3,4,4,4,5,6,5,5,5,5,6,5,4,5,5,5,5,4,5,4,2,3,4,5,4,3,5,5,5,5,5,4,5,3,4,5,5,4,5,5,5,5,4,4,4,3,5,,6,6,6,4,4,3,4,5,4,5,5,3,5,4,5,5,5,5,4,4,3,4,4,4,5,5,5,4,5,5,5,4,4,4,5,4,5,0,5,5,5,4,4,4,4,4,5,5,5,5,3,5,5,4,5,4,4,4,4,4,4,5,4,4,4,0,5,5,5,4,4,5,5,4,4,5,4,4,5,4,4,4,6,5,5,5,5,5,5,4,5,4,7,4,5,5,4,5,5,4,4,4,4,5,4,4,5,5,5,5,5,4,4,5,5,4,4,5,5,3,4,5,4,4,5,5,4,5,5,6,5,5,5,5,5,5,6,6,5,4,5,5,4,4,3,4,4,5,5,5,6,4,5,4,5,5,5,6,5,1,5,5,5,5,5,5,6,5,4,5,2,5,4,4,5,4,5,5,5,6,4,5,5,5,5,5,4,6,5,5,4,4,5,4,5,5,4,5,4,5,5,5,5,6,5,6,5,5,4,5,5,5,5,5,5,5,4,5,5,4,6,5,6,4,6,6,5,5,4,5,4,6,4,5,6,5,5,5,22.0,5,5,5,5,4,6,4,5,4,5,6,5,4,4,5,6,4,4,4,5,0,5,4,0,4,5,5,5,4,5,5,5,5,21.0,26.0,6,6,6,5,5,5,5,6,5,4,5,5,6,5,,5,5,4,6,5,3,4,6,5,5,3,5,4,5,5,21.0,,20.0,4,5,4,0,4,4,5,4,5,4,4,5,5,3,5,6,5,3,6,28.0,4,3,,4,4,5,5,5,4,5,5,5,,4,6,5,4,5,5,,5,4,5,3,5,3,,4,5,4,5,5,5,5,5,6,4,4,6.0,6,6,5,21.0,5,5,5,5,5,5,4,6,6,5,4,5,5,4,4,4,5,5,5,5,6,6,6,6,5,6,4,,5,4,5,5,,2,6,4,6,6,4,5,5,6,8.0,5,,5,4,5,6,5,6,4,5,3,26.0,6,5,5,7,6,6,5,5,5,4,5,4,5,4,5,5,5,5,7,6,5,6,5,5,6,5,,5,5,5,6,6,,3,5,6,5,0,5,23.0,6,5,5,,6,5,5,,17.0,6,5,6,5,5,5,5,6,5,14.0,,,5,8,6,5,5,5,,6,19.0,,5,6,19.0,5,5,4,5,,4,24.0,6.0,6,6,,5,,6,6,,,5,16.0,26.0,,13.0,12.0,,6,,29.0,5,17.0,5,5,4,5,5,,6.0,5,6,,5,6,4,5,6,,,5,5,5,5,5,5,5,,28.0,5,4,,6,8.0,29.0,6,5,,5,9.0,6,5,6,4,,9.0,5,,16.0,6,5,6,,5,6,6,,9.0,,6,6,6,4,0.0,5,,,5,14.0,,6,29.0,6,6,5.0,10.0,6,,5,5,15.0,5,6,5,6,6,7,,,5,28.0,5.0,7.0,29.0,9.0,,4,5,0.0,,6,,5,5,,5,8.0,6,28.0,11.0,,,,6,5,,27.0,6,12.0,,5,,,,1,6,27.0,8.0,,6.0,15.0,5,,15.0,6,,,5,,17.0,,,13.0,,,16.0,8.0,14.0,5.0,,5,6,21.0,28.0,15.0,4,5,6,4,5,17.0,6,5,9.0,5,13.0,3,,5,6,,13.0,5,,5,13.0,,,5,6,,6,,,13.0,16.0,5,19.0,15.0,,,5,,5,8.0,,,6,,,3,,4,,,4,5,,,,,6,,17.0,13.0,18.0,25.0,,6,8.0,,,,5,,,5,,12.0,6,,,6,20.0,,6.0,,,5,11.0,,,5,,20.0,,5,,,16.0,,6,13.0,6,5,5,,18.0,,6,5,,,5,5,6,,6,5,15.0,6,6,6,6,,5,6,6,4,6,16.0,9.0,5,5,,12.0,8.0,,16.0,,,10.0,,6,,5,5,7,7.0,5,5,6,5,7,18.0,,,,26.0,4,25.0,,23.0,24.0,,16.0,7.0,5,,,6,,5,11.0,5.0,,6,5,,16.0,15.0,,29.0,4,29.0,,5,16.0,,,,,,,,,16.0,6,,,,172,7,2.009625444653691,-0.8016886919402179
5,4,4,4,4,4,5,5,5,6,4,5,4,4,4,4,4,4,4,4,4,4,5,4,5,5,5,4,4,5,4,4,5,5,5,4,4,5,5,5,5,4,4,6,4,4,4,4,4,5,5,4,5,5,5,5,5,5,4,5,4,4,3,4,3,4,5,6,4,4,4,5,6,4,4,5,5,4,4,4,4,4,3,3,3,5,3,1,5,4,4,5,5,4,5,4,4,5,5,5,5,5,5,4,5,3,3,3,5,10.0,5,6,5,4,4,3,4,5,5,5,5,2,5,4,5,5,5,4,4,4,4,4,4,4,5,5,5,4,5,5,4,4,3,4,4,4,5,4,5,5,4,5,3,4,4,4,5,4,4,4,3,4,4,4,5,4,3,4,4,3,4,5,3,4,4,5,5,5,5,4,4,2,5,4,4,6,4,4,4,4,4,4,5,5,5,5,4,4,5,4,5,4,7,4,5,5,5,5,5,4,4,4,3,5,4,3,4,5,4,0,4,4,4,4,5,5,4,5,5,4,4,4,4,4,4,5,4,5,5,5,5,5,5,4,5,4,6,6,5,3,4,4,4,4,3,4,2,5,4,5,5,4,5,4,5,5,5,6,4,0,5,4,5,5,5,5,5,5,4,5,3,4,3,3,5,4,5,5,4,6,4,5,4,5,5,4,0,5,0,5,4,4,5,4,5,5,4,5,4,5,3,5,4,5,4,6,5,5,4,5,4,4,5,5,5,5,4,5,5,4,6,5,6,3,6,6,4,5,3,5,4,5,4,5,6,4,5,5,9.0,5,5,3,5,4,6,4,3,4,5,6,5,5,4,4,5,4,2,4,4,6,5,4,0,4,6,4,4,2,5,4,5,5,10.0,13.0,5,5,5,5,3,5,4,5,4,4,5,4,5,5,7.0,5,4,3,6,5,4,4,6,5,5,5,5,4,5,5,32.0,21.0,32.0,4,5,4,3,5,4,5,4,4,4,4,5,5,4,4,6,4,4,5,10.0,5,4,5.0,4,4,5,5,5,4,5,5,5,,4,6,5,4,5,5,16.0,5,4,4,4,5,4,,4,5,5,4,3,5,5,4,6,4,4,21.0,6,5,4,9.0,4,5,5,4,5,5,4,6,6,4,4,5,0,4,1,4,5,5,5,5,6,6,6,6,5,6,4,5.0,5,4,2,5,13.0,4,6,5,6,6,4,5,5,6,12.0,5,,5,3,5,5,5,6,4,5,4,8.0,6,5,5,5,6,5,4,5,4,4,5,4,5,4,4,4,5,5,7,6,5,5,5,7,5,4,,5,5,5,6,6,,4,5,6,5,5,5,8.0,5,4,4,,5,5,5,,10.0,5,5,5,5,4,5,5,5,5,,,,5,8,5,5,4,5,,6,31.0,,3,6,5.0,5,5,4,6,13.0,4,29.0,,6,6,18.0,5,,6,5,33.0,,5,8.0,,13.0,8.0,18.0,,6,,7.0,5,11.0,6,4,4,5,0,26.0,15.0,5,6,,5,6,4,5,6,,,5,4,5,5,4,5,5,,0.0,5,4,,6,28.0,5.0,5,5,,5,12.0,6,5,5,6,,23.0,4,13.0,20.0,5,5,6,17.0,5,6,6,,12.0,,5,5,5,5,5.0,5,,11.0,3,,,5,,4,6,,13.0,6,,5,4,7.0,5,6,5,6,5,6,11.0,,5,5.0,,,,,7.0,4,4,32.0,,6,12.0,5,5,,5,18.0,5,31.0,16.0,,,,5,5,22.0,11.0,6,7.0,,5,,,,5,5,,12.0,,,,5,,15.0,6,,,5,,21.0,,27.0,17.0,,,6.0,27.0,,14.0,14.0,5,6,23.0,,24.0,5,5,5,4,5,32.0,5,5,,5,,2,,5,6,,,5,,4,13.0,,,5,6,,6,14.0,,30.0,7.0,5,32.0,,,10.0,5,,5,16.0,9.0,,5,20.0,,5,,4,,,4,5,,,,,6,33.0,30.0,,,0.0,,5,19.0,5.0,,,5,5.0,,5,,,6,,7.0,5,30.0,,19.0,,,5,27.0,,28.0,5,,33.0,,5,,,6.0,,6,6.0,6,5,5,,14.0,28.0,5,5,,,5,5,6,,5,5,,5,5,5,6,,6,5,5,3,6,,,5,7,,,,,,,,12.0,,0,,5,4,6,19.0,6,5,6,5,6,,,,,,4,,,30.0,10.0,11.0,23.0,15.0,5,,,5,,5,,,,6,5,,,6.0,,,5,24.0,,5,,,,,,,11.0,,,,6,,,,173,7,2.052956038403231,-0.7798447030789168
7,6,5,0,5,6,6,7,7,7,6,6,6,6,7,6,6,5,6,6,5,5,7,6,7,7,7,7,6,7,6,6,7,7,7,6,6,7,7,7,7,6,6,8,6,6,6,7,7,7,7,7,7,7,6,6,6,6,5,6,7,7,5,5,6,6,7,7,5,5,6,7,7,7,6,7,7,6,6,6,4,1,5,5,6,7,5,6,6,6,6,7,6,6,7,7,6,7,7,7,6,7,0,7,7,4,5,5,6,,7,8,7,6,5,6,6,6,6,8,7,5,7,7,6,6,6,6,5,5,7,6,6,6,7,7,7,6,6,7,7,6,5,6,7,6,6,6,7,7,7,7,6,6,6,6,7,7,6,6,4,6,0,6,7,6,5,7,6,5,6,7,6,6,6,7,7,7,7,6,6,7,7,5,4,7,5,5,6,5,6,6,6,6,6,6,7,7,7,7,7,6,8,6,7,7,7,7,6,6,6,5,5,7,6,6,7,6,6,7,7,6,6,6,6,6,6,7,7,7,6,7,7,6,6,7,6,6,7,7,7,7,7,6,7,6,8,8,7,5,7,7,5,4,6,6,6,7,6,6,7,6,7,6,7,7,7,8,6,6,7,6,6,6,7,0,7,7,6,7,6,6,5,5,7,6,6,2,6,8,6,7,7,7,7,6,6,7,7,6,6,6,7,6,7,6,6,7,6,7,6,6,7,7,6,8,6,7,6,7,7,7,7,5,7,7,6,6,7,6,8,7,7,6,8,8,7,7,6,7,6,7,7,7,8,7,7,7,,7,8,6,7,6,7,6,6,6,7,8,7,7,6,6,7,6,6,6,6,8,7,6,6,6,8,6,6,6,7,7,7,7,26.0,28.0,7,7,8,7,7,7,7,7,7,6,7,6,8,7,15.0,7,6,6,8,7,6,5,8,7,6,6,7,6,6,7,,,,6,3,6,6,7,6,7,6,7,6,6,7,7,6,5,8,6,5,7,14.0,7,6,12.0,7,6,7,7,7,7,7,7,7,,6,8,7,6,7,7,,7,6,6,6,7,6,,5,7,7,4,7,7,7,7,8,6,6,19.0,7,7,6,11.0,5,6,7,7,7,7,6,8,8,6,6,7,6,6,4,5,7,7,7,7,8,8,8,8,7,8,6,,6,5,7,7,5.0,6,7,7,7,7,6,7,6,7,14.0,7,,7,6,7,7,7,7,6,7,6,30.0,8,6,7,8,8,6,6,7,6,6,7,6,7,6,5,6,6,6,9,8,7,8,7,8,7,6,,7,7,6,8,8,13.0,7,7,8,6,7,7,,8,6,7,,7,7,6,,10.0,7,6,7,7,6,7,7,7,7,20.0,,26.0,7,10,7,7,6,7,,7,,,6,8,16.0,7,6,6,8,,6,9.0,,7,7,14.0,7,,6,7,,,7,17.0,,,0.0,28.0,,7,,0.0,7,24.0,7,6,6,7,7,22.0,,7,8,,7,7,6,7,8,,,6,6,6,7,6,5,6,,12.0,6,7,,8,,20.0,6,6,,7,17.0,7,6,7,8,,10.0,6,19.0,,7,6,8,,7,7,7,,10.0,,8,8,7,7,26.0,6,,,7,,,7,10.0,8,8,12.0,7.0,7,,7,6,7.0,7,7,7,8,7,8,19.0,,7,9.0,9.0,10.0,15.0,13.0,11.0,5,6,15.0,,8,21.0,7,7,,7,18.0,7,17.0,10.0,,,,7,6,,33.0,7,24.0,,7,,,,7,7,17.0,30.0,,8.0,11.0,7,,7.0,8,,,7,,7.0,,10.0,14.0,,28.0,16.0,22.0,,22.0,31.0,6,8,9.0,,,6,7,7,5,7,,7,7,15.0,7,33.0,6,7.0,7,7,,,6,,6,11.0,,0.0,3,8,,8,,,,24.0,7,9.0,,33.0,13.0,6,,7,14.0,16.0,29.0,8,29.0,,7,19.0,0,23.0,,6,7,,,,0.0,7,,,29.0,7.0,,,8,,,,,7,,,5,,,8,,12.0,7,,,33.0,,14.0,7,,,,6,,8.0,,7,,,32.0,,8,8.0,8,7,7,,11.0,25.0,7,6,,,8,7,8,,7,7,,7,7,7,8,,8,7,7,4,8,,,7,8,,21.0,23.0,,27.0,,,,,7,,7,6,8,16.0,8,7,8,7,7,,,,,,6,23.0,,32.0,18.0,,15.0,10.0,6,18.0,,9,0.0,7,,,,8,7,,20.0,,,28.0,7,10.0,22.0,7,,,,,,,,,,,4,,,,174,7,2.068965517241384,-0.7354595234009923
5,4,4,4,4,3,4,4,4,3,4,4,4,3,5,4,4,3,4,3,4,4,5,4,4,4,5,2,3,4,3,4,5,5,5,4,3,4,4,4,4,4,4,6,2,4,4,4,4,5,5,4,5,4,4,3,4,4,3,4,5,4,3,3,4,4,5,5,4,4,4,5,6,5,4,5,5,4,4,4,4,3,3,3,3,4,3,3,4,4,5,5,5,4,5,5,4,5,5,4,4,5,5,5,5,3,3,3,5,,6,6,5,4,3,2,4,5,5,4,5,3,5,5,4,4,5,4,3,3,5,4,4,4,5,4,5,4,4,5,5,1,3,4,4,3,4,2,5,5,5,4,4,4,4,4,5,5,4,4,0,2,4,4,4,4,3,5,4,3,4,4,4,3,4,5,5,5,5,4,4,5,5,4,4,5,4,4,4,4,4,4,5,5,4,4,5,5,5,4,5,4,7,4,5,5,5,5,4,4,4,4,3,5,4,4,5,5,4,5,5,4,4,4,5,5,4,5,5,4,4,5,4,2,3,5,4,4,4,5,5,5,2,4,5,3,5,5,5,3,5,4,4,4,3,4,4,5,4,5,5,4,5,2,4,5,4,0,5,4,5,4,5,5,5,5,6,5,4,4,4,4,4,3,5,2,4,5,4,6,4,5,5,5,5,4,4,6,5,5,4,4,4,1,4,3,0,5,4,5,4,5,5,5,4,6,5,5,4,5,4,5,5,5,5,5,4,4,5,4,6,5,5,3,6,6,4,4,4,4,4,6,4,5,6,5,4,5,9.0,5,5,3,5,4,6,4,4,4,4,5,4,4,4,4,5,4,1,4,4,4,5,4,4,4,5,4,5,4,5,5,5,5,,5.0,5,5,6,5,4,5,4,5,5,4,5,4,5,5,,5,4,4,6,5,3,4,5,5,4,4,5,4,3,4,20.0,24.0,0.0,4,4,4,4,4,4,4,3,5,4,4,5,5,4,4,6,5,3,5,,5,4,10.0,4,3,4,4,4,4,5,5,5,,4,5,5,4,5,4,,5,4,4,4,5,4,,4,5,4,4,5,5,5,5,6,4,4,30.0,6,6,4,8.0,4,4,5,4,4,4,4,6,5,4,4,5,4,4,4,4,5,5,4,4,5,5,5,6,4,6,4,9.0,4,4,5,4,16.0,4,6,5,5,5,4,5,4,6,10.0,5,,4,4,5,5,4,6,4,5,1,25.0,6,5,5,7,6,5,4,5,4,4,5,4,5,4,4,4,5,4,7,6,4,6,5,6,5,5,,5,5,5,5,5,14.0,5,4,5,5,5,4,13.0,6,4,5,,5,5,5,,25.0,5,4,5,5,4,5,5,5,5,15.0,,,5,8,5,5,4,2,,5,14.0,,4,5,20.0,5,4,4,6,,4,24.0,,4,5,27.0,5,,6,5,9.0,,5,18.0,21.0,5.0,,,,4,,25.0,4,,5,4,4,5,5,27.0,24.0,5,5,,5,6,4,5,6,,,4,4,5,5,4,4,4,,16.0,5,5,,5,7.0,18.0,5,5,0.0,5,29.0,5,4,5,6,,,5,13.0,6.0,6,5,6,14.0,5,5,5,,8.0,,6,6,4,5,,5,,15.0,5,23.0,,5,5.0,5,5,0.0,8.0,6,5.0,5,0,0.0,5,6,5,6,5,6,4.0,,4,,9.0,10.0,5.0,,9.0,4,4,11.0,,6,,5,2,,5,,5,8.0,7.0,,,,5,5,9.0,8.0,5,21.0,,5,,,,5,5,,,,9.0,,5,,,6,,,5,,28.0,,,24.0,,7.0,8.0,24.0,27.0,,,5,5,,9.0,26.0,4,5,5,4,5,30.0,5,5,,5,8.0,3,19.0,5,5,,,5,,4,21.0,,,5,5,,6,13.0,,,,5,8.0,,,12.0,5,,5,9.0,27.0,,6,21.0,,5,,4,15.0,,4,5,,,,,5,15.0,,8.0,26.0,22.0,,5,25.0,,,,5,,,5,,,5,,15.0,5,27.0,,6.0,,6.0,5,6.0,,7.0,4,,,,5,,,9.0,,6,27.0,6,5,5,,9.0,,5,5,,,5,5,5,,5,5,11.0,5,5,5,5,,6,5,4,4,6,7.0,8.0,5,6,,,30.0,,15.0,,,,,6,,5,0,6,6.0,5,5,6,5,4,,,,,,4,12.0,,15.0,13.0,30.0,,4.0,5,,,6,,5,,5.0,8.0,5,5,,,25.0,,,5,,15.0,5,14.0,,,,,,0.0,,,29.0,6,,,,175,7,2.010910910910914,-0.7893263721801347
5,5,3,4,3,3,4,5,5,6,5,4,5,3,5,5,5,4,5,5,5,4,6,4,5,5,5,5,5,5,5,5,5,5,5,5,4,6,5,5,5,4,5,7,5,5,4,0,5,6,5,5,5,5,3,4,3,1,3,3,5,5,4,3,4,4,5,6,5,5,5,5,7,6,5,5,5,5,5,5,5,4,4,4,4,5,4,4,4,0,5,5,5,5,5,5,3,6,5,5,5,5,4,5,5,4,5,3,5,15.0,6,6,6,4,4,4,5,4,5,6,5,4,6,5,5,5,4,5,4,4,5,4,4,4,5,5,5,4,4,5,5,5,4,5,5,4,5,5,6,5,5,5,4,3,4,4,6,5,4,4,2,5,4,5,4,4,4,5,4,4,4,5,4,5,2,5,5,3,5,5,5,5,6,4,5,6,5,5,5,5,5,5,4,4,4,4,5,5,5,5,5,5,7,5,5,5,5,5,4,4,4,3,4,6,4,2,5,5,5,5,5,5,5,5,6,5,5,5,5,5,5,5,4,4,5,0,4,5,4,5,5,5,5,4,5,5,6,6,5,4,5,5,3,5,4,4,4,6,5,6,6,5,6,4,5,6,5,6,5,4,5,4,5,5,5,3,6,5,5,6,4,4,4,4,5,3,4,6,5,6,5,5,5,6,5,5,5,6,6,6,5,4,4,3,4,4,5,5,5,5,5,5,5,6,5,6,5,6,4,5,5,0,6,5,6,5,5,5,6,4,6,6,6,1,6,6,5,5,5,5,4,5,5,5,6,5,5,6,,6,6,5,5,5,6,5,5,5,6,6,5,4,5,5,6,5,4,5,5,5,5,4,5,5,6,4,5,4,5,4,5,5,,15.0,6,6,6,5,5,5,5,6,6,3,5,5,6,4,13.0,5,5,5,7,5,4,4,5,6,4,5,5,3,1,3,12.0,,18.0,4,5,5,4,5,5,4,4,5,5,4,5,5,4,5,6,5,4,6,,5,4,7.0,0,5,5,3,5,5,5,5,5,,3,6,6,5,4,4,11.0,5,4,5,5,6,5,,5,6,5,5,5,5,5,5,6,4,4,,6,6,5,,5,4,5,5,5,5,5,6,5,5,5,6,5,4,4,5,5,6,4,5,6,6,6,6,5,6,4,,5,5,6,5,17.0,5,6,4,5,5,5,6,3,6,13.0,6,,5,5,5,6,5,7,5,4,4,15.0,6,5,5,7,6,6,5,5,5,5,5,4,5,5,5,5,5,4,7,6,6,6,5,7,6,5,,5,6,5,7,6,,5,5,6,4,5,6,10.0,6,5,5,,6,5,5,,,6,4,5,5,5,5,5,6,5,,,8.0,5,8,5,5,4,6,,5,13.0,,5,6,24.0,2,5,4,6,,5,11.0,,6,2,,6,,6,6,31.0,,5,,31.0,8.0,7.0,8.0,,5,,27.0,5,,6,5,5,6,5,10.0,14.0,5,6,,5,6,5,4,6,,,5,5,6,6,4,6,5,,19.0,5,6,,5,20.0,32.0,6,6,,6,18.0,4,4,6,7,,,5,,9.0,6,4,6,12.0,4,6,6,,13.0,,6,7,6,6,12.0,6,,,5,21.0,,6,6.0,6,5,29.0,,6,,5,5,,5,7,5,6,5,7,15.0,,4,13.0,,8.0,14.0,0.0,19.0,5,5,,,6,25.0,6,6,,5,,6,,6.0,,,,6,6,11.0,10.0,6,5.0,,6,,,,6,6,,30.0,,6.0,,6,,25.0,7,,,6,,20.0,,9.0,7.0,,,,8.0,,27.0,,4,6,8.0,5.0,21.0,2,5,6,0,5,,5,5,11.0,5,,4,,6,6,,18.0,4,0.0,5,14.0,,,4,6,,7,,,20.0,23.0,5,8.0,,,26.0,4,,5,8.0,13.0,0.0,6,,,5,,5,7.0,,3,5,,,,,5,9.0,7.0,12.0,7.0,,,6,10.0,26.0,,,6,12.0,,4,,11.0,6,,7.0,5,11.0,,10.0,,,5,9.0,,,5,,32.0,,5,,,,,5,,7,6,5,,,12.0,6,5,,,6,5,5,31.0,5,6,8.0,5,5,6,6,,7,5,5,4,6,0.0,,6,7,,,15.0,,29.0,,,21.0,,6,,4,5,7,,6,6,7,6,7,6.0,,,,9.0,5,16.0,,,13.0,24.0,,16.0,3,13.0,,7,,4,,14.0,18.0,6,5,,,17.0,,23.0,6,15.0,11.0,4,2.0,,,,,,10.0,,,15.0,5,,,,176,7,2.0406512185377537,-0.7505830216653507
5,4,3,4,3,4,4,4,5,5,4,4,4,4,5,4,4,4,4,3,4,3,5,4,5,5,5,5,4,4,4,4,5,5,5,4,4,5,5,5,5,4,4,5,2,4,4,5,3,5,4,4,5,4,3,4,4,3,3,4,5,5,3,1,4,4,5,6,4,4,5,5,4,5,4,5,5,4,4,4,4,3,3,2,4,5,4,3,4,4,5,5,3,4,5,5,4,5,5,4,5,5,5,5,5,3,3,3,5,,6,6,5,4,3,4,4,4,5,6,5,3,5,5,5,5,4,4,3,3,5,4,4,4,5,5,5,2,4,4,5,3,4,4,5,4,5,3,5,5,5,5,3,4,4,3,5,5,4,4,3,4,1,4,4,4,3,5,4,3,4,5,4,4,4,5,5,5,5,4,4,5,5,3,4,6,4,4,4,4,4,4,5,4,4,4,5,5,5,4,5,4,0,4,5,5,4,5,4,4,3,3,2,5,4,4,5,5,4,5,5,4,4,0,5,5,4,5,5,5,4,5,5,4,4,5,4,4,4,5,5,5,4,4,5,4,5,5,5,3,5,5,3,4,4,3,2,5,4,5,5,5,5,4,5,5,5,6,5,4,5,3,5,5,5,5,5,5,4,5,4,4,4,3,5,3,4,4,4,6,4,5,5,5,5,4,4,5,5,5,4,4,4,3,0,2,4,5,4,5,4,5,5,5,4,6,4,5,4,5,5,5,5,5,4,5,4,4,5,4,5,5,5,4,6,5,5,5,4,5,4,5,4,5,6,5,5,5,,5,5,4,5,4,6,0,4,4,5,5,5,5,4,4,5,0,4,4,5,5,4,4,4,4,5,4,5,4,5,5,5,5,7.0,7.0,5,5,6,5,5,5,5,6,6,4,5,4,6,5,12.0,5,4,4,6,5,4,3,5,5,4,4,5,4,0,5,,23.0,,4,4,4,3,4,4,5,3,5,4,4,5,5,4,4,6,5,3,5,,5,4,11.0,5,4,5,5,5,4,5,5,5,,4,6,5,4,5,4,,5,4,4,4,5,4,,4,5,5,4,5,5,5,5,6,4,4,,6,6,4,,4,3,5,5,5,4,4,6,6,4,4,5,0,4,4,4,5,5,4,5,5,6,5,6,4,6,4,,5,4,5,5,,4,6,5,5,5,3,5,4,5,13.0,5,,5,4,5,5,5,6,4,4,4,21.0,6,5,5,7,6,5,4,5,4,4,5,4,5,4,4,4,5,4,7,6,5,6,5,6,5,4,,5,5,4,6,5,9.0,4,4,5,4,5,5,9.0,5,5,5,,6,5,5,,27.0,5,3,5,5,4,5,5,5,5,9.0,,22.0,5,8,5,5,4,5,,5,26.0,,4,5,,5,5,4,6,,4,5.0,,6,5,9.0,5,,6,5,3.0,,5,11.0,27.0,,17.0,,,5,,,5,10.0,5,4,4,5,5,,,4,6,,5,6,4,5,6,,,4,5,5,5,4,5,5,,11.0,5,5,,5,12.0,7.0,5,5,,5,,3,0,5,7,,9.0,5,,4.0,6,4,6,7.0,4,5,5,,15.0,,6,6,4,5,7.0,5,7.0,19.0,5,,,4,13.0,6,5,24.0,,6,10.0,5,4,,5,6,5,6,5,6,21.0,,1,16.0,,,27.0,13.0,25.0,3,4,11.0,,6,25.0,5,5,,5,,5,,19.0,,,,5,5,12.0,20.0,6,,,5,,,,5,5,9.0,,,,15.0,5,,22.0,6,,,5,,9.0,,12.0,20.0,,6.0,19.0,20.0,23.0,9.0,25.0,4,6,15.0,24.0,,3,5,5,4,5,17.0,5,5,13.0,5,,3,,5,5,,23.0,4,,4,,,,4,5,,6,26.0,,10.0,5.0,5,6.0,,13.0,,4,,5,,20.0,,0,15.0,,5,,4,12.0,,4,5,,,,,5,13.0,,26.0,8.0,23.0,,6,,17.0,,,5,5.0,,4,,9.0,6,,9.0,5,,,,,23.0,5,,,,4,,27.0,,5,,,17.0,,6,,6,0,5,,5.0,11.0,5,5,,,5,5,6,,5,5,,5,5,5,5,,6,5,5,4,6,6.0,,6,6,,7.0,5.0,,,,,8.0,,6,,4,4,6,19.0,6,5,7,5,6,8.0,,,,12.0,4,,,21.0,8.0,23.0,,22.0,4,20.0,,6,,5,9.0,9.0,24.0,6,5,,,6.0,,22.0,5,12.0,12.0,5,15.0,,,,,,17.0,,,9.0,5,,,,177,7,1.9165245309521421,-0.8031504109695425
8,6,8,8,8,8,8,9,9,10,9,9,9,8,8,9,8,8,9,9,8,7,9,9,9,9,10,9,8,9,9,9,9,9,10,9,9,10,9,9,9,8,8,11,8,9,8,9,9,9,10,9,9,9,8,8,8,7,8,8,9,8,6,8,5,8,9,10,8,8,0,9,10,9,8,9,9,9,7,8,8,8,8,8,8,9,7,8,9,8,8,9,9,8,8,8,8,9,9,9,9,9,9,8,9,8,7,7,9,9.0,10,10,9,8,8,8,9,9,9,10,9,8,9,9,9,9,9,8,8,7,8,8,8,8,9,9,9,8,9,9,9,8,8,9,9,8,9,7,9,9,9,9,8,8,9,9,9,8,8,9,6,9,9,8,8,8,6,9,8,8,8,9,8,8,7,9,9,9,5,8,7,8,9,8,8,9,8,8,9,8,9,8,9,8,7,9,8,9,9,8,9,8,10,8,9,9,8,9,8,8,8,8,8,9,8,8,9,7,9,9,9,8,8,8,9,9,8,9,7,9,9,8,8,8,8,9,9,9,7,9,9,9,8,9,9,9,10,10,9,8,8,9,8,8,8,7,8,9,9,9,9,9,9,8,9,10,9,10,9,8,9,9,9,9,9,9,10,9,8,9,7,0,8,8,8,8,8,9,9,10,8,9,8,10,9,8,8,9,9,9,8,8,9,7,9,8,9,9,9,9,8,9,9,9,8,10,5,9,9,10,9,9,9,9,10,9,9,9,10,8,10,9,10,8,10,10,9,9,9,9,8,10,3,9,9,9,8,9,9.0,9,9,7,0,8,10,8,8,9,9,10,9,9,8,8,9,8,8,8,9,10,9,8,8,8,10,9,8,4,9,7,8,8,,11.0,9,9,8,9,9,9,9,9,9,8,9,7,9,9,28.0,9,8,9,10,9,8,8,10,10,9,8,9,8,8,9,,,10.0,8,9,8,8,9,9,9,8,9,8,9,9,9,8,9,10,9,8,9,16.0,9,9,12.0,8,8,9,9,9,9,9,9,8,,8,10,10,9,9,9,17.0,9,8,8,9,10,9,,9,9,9,8,9,9,9,9,10,8,9,23.0,10,10,9,,8,7,9,8,0,9,7,10,10,9,9,9,9,8,7,8,9,9,9,9,10,10,10,10,9,10,8,24.0,9,9,10,9,20.0,9,9,9,10,10,8,9,8,9,12.0,9,,9,9,9,10,8,10,8,9,8,,10,9,9,11,9,10,9,9,9,8,9,8,9,8,9,9,9,9,11,10,10,10,9,11,10,9,,9,9,6,10,10,13.0,9,9,10,9,8,10,23.0,0,9,9,,10,9,9,,,9,9,9,10,9,9,9,10,9,10.0,,21.0,9,12,9,9,8,9,,9,23.0,,9,10,0.0,9,9,9,10,,8,13.0,21.0,10,9,,9,,9,9,,,9,12.0,,26.0,17.0,,,9,,23.0,9,18.0,10,9,9,9,9,,22.0,9,10,,9,10,9,9,9,,,9,9,9,9,9,9,9,,0.0,9,9,,10,,,10,9,,9,,9,8,0,10,,20.0,0,10.0,22.0,10,9,10,,9,10,10,,,,10,10,10,9,15.0,9,,27.0,9,17.0,,9,18.0,9,10,24.0,11.0,10,,10,8,19.0,9,10,9,10,9,11,17.0,,9,22.0,22.0,,12.0,25.0,14.0,8,8,8.0,,10,,10,10,,9,,9,15.0,,,,,10,10,,27.0,10,,,9,,,,7,10,,13.0,,27.0,25.0,10,,9.0,10,,,9,,19.0,,,12.0,,11.0,14.0,18.0,32.0,,18.0,9,10,,24.0,13.0,9,9,0,9,9,28.0,9,9,,9,23.0,8,9.0,9,10,,26.0,9,,7,23.0,,,9,10,,10,15.0,,34.0,,9,15.0,24.0,21.0,,9,,9,,,30.0,9,,,9,26.0,9,31.0,,8,10,,,,,9,25.0,30.0,18.0,,24.0,,10,11.0,29.0,,,10,12.0,,9,,20.0,10,,16.0,9,30.0,,,,,9,20.0,,18.0,9,,32.0,,9,,,,,10,,10,9,9,,15.0,26.0,10,9,,,9,9,10,,9,9,17.0,9,10,9,10,,10,9,9,8,10,25.0,,9,11,,30.0,,,,,,32.0,,10,,9,9,11,,10,10,10,10,11,15.0,,,,,8,,,29.0,31.0,17.0,26.0,12.0,9,,,10,,10,13.0,,13.0,10,10,,24.0,,,17.0,10,,,9,11.0,,,,,,26.0,,,,10,,,,178,7,2.1459891404569174,-0.7695096051266302
6,5,5,5,5,5,6,6,6,7,5,6,5,5,6,5,2,5,5,5,5,4,6,5,6,6,6,6,5,6,5,6,6,6,5,5,6,6,6,6,6,5,5,7,5,5,5,6,5,0,3,6,6,6,4,6,6,5,5,6,6,6,4,5,4,6,3,6,5,5,6,6,7,6,5,6,6,4,5,5,5,5,4,4,5,6,5,4,6,5,5,5,6,5,6,6,5,6,5,6,6,6,6,6,5,4,4,2,5,,6,0,6,5,5,4,5,6,6,7,6,4,6,6,5,6,6,5,5,5,6,5,5,5,6,6,6,5,6,6,6,5,4,5,6,5,6,5,6,6,6,6,4,0,5,5,6,6,5,5,4,5,5,5,6,5,3,6,5,4,5,6,5,5,5,6,6,6,7,5,5,6,6,5,5,7,5,5,6,5,5,5,6,6,6,6,6,6,6,5,6,5,6,5,6,6,6,6,5,5,5,4,4,6,5,5,6,6,6,6,6,5,5,5,6,6,5,5,6,6,5,6,6,5,5,6,5,6,6,6,6,6,6,5,6,5,7,7,6,4,6,6,5,5,5,5,5,6,5,6,6,6,6,5,6,6,7,7,6,5,6,5,6,6,6,6,7,6,5,6,5,5,4,3,6,5,6,6,5,7,5,6,6,6,6,5,5,7,6,6,5,5,6,5,5,6,5,6,5,6,6,6,6,6,5,7,6,6,5,6,6,6,6,6,7,6,5,4,6,3,7,6,7,5,7,7,6,6,5,6,5,7,6,6,7,0,6,5,6.0,6,6,5,6,5,7,5,5,5,6,7,6,6,5,5,6,5,5,5,6,7,6,5,5,5,7,5,6,5,6,6,6,6,25.0,23.0,6,6,7,6,6,6,6,7,6,5,6,5,7,6,24.0,6,5,5,7,6,5,4,7,6,6,6,6,5,5,6,,12.0,9.0,6,6,5,5,6,5,6,5,6,5,5,6,6,5,5,7,5,4,7,10.0,6,5,26.0,6,5,6,6,6,6,6,6,6,,5,7,6,5,6,6,8.0,6,5,5,6,6,5,,5,6,6,5,5,6,6,6,7,5,4,31.0,6,6,5,,5,6,6,6,6,6,5,7,7,5,5,6,5,5,5,5,6,6,6,6,6,7,7,7,6,7,5,,6,5,6,6,27.0,5,6,6,7,7,5,6,6,7,10.0,6,,7,6,6,7,6,6,5,6,5,7.0,7,6,6,7,7,7,6,6,5,5,6,5,6,0,6,5,6,6,8,7,6,7,6,8,6,0,,6,6,6,8,7,7.0,6,6,7,6,6,6,7.0,7,6,4,,7,6,6,,,6,6,6,6,5,6,6,7,6,7.0,,15.0,6,9,6,6,5,6,,6,,,5,7,27.0,6,6,5,7,13.0,5,11.0,,7,0,,6,,7,7,26.0,,6,,,8.0,,,,6,,18.0,6,17.0,6,6,5,6,6,,27.0,6,7,,6,6,5,6,7,,,6,6,6,6,5,6,6,,22.0,6,6,,7,11.0,,6,6,,6,8.0,6,6,6,8,,23.0,6,20.0,24.0,7,6,7,29.0,6,7,7,,25.0,,7,7,6,6,,6,8.0,27.0,6,32.0,,6,,7,7,7.0,31.0,7,22.0,6,5,18.0,6,8,6,7,6,8,31.0,,6,12.0,19.0,16.0,6.0,,,5,5,6.0,,7,,6,6,,6,,6,6.0,9.0,,,,7,6,,,7,8.0,,6,,,,6,6,27.0,,,,17.0,6,,14.0,7,,,6,,32.0,,9.0,28.0,,6.0,,,10.0,26.0,,6,7,17.0,,6.0,6,6,6,5,6,26.0,6,6,23.0,6,11.0,3,26.0,6,7,,26.0,6,,0,,,,6,7,,6,18.0,,,29.0,6,9.0,,22.0,,6,,6,6.0,23.0,14.0,7,9.0,,6,,3,,,5,6,,,,,7,16.0,,,14.0,26.0,,7,26.0,,,,6,,,6,,14.0,7,,17.0,6,9.0,,,,11.0,6,,,17.0,5,0.0,9.0,,6,,,10.0,,7,,7,6,6,,7.0,18.0,6,6,,,7,6,7,,7,6,15.0,6,6,6,7,,7,6,6,5,7,,8.0,7,7,,,23.0,,8.0,,,15.0,,7,,6,5,7,10.0,7,6,8,6,0,,,,,,5,,,6.0,17.0,27.0,12.0,,6,10.0,,8,,6,,,,7,6,,,18.0,,22.0,6,18.0,7.0,6,24.0,,,,,,,,,23.0,7,,,,179,7,2.06636344841844,-0.7702455982045807
6,5,2,4,4,1,4,5,5,6,5,4,5,5,5,4,5,5,5,5,5,5,6,5,5,6,6,5,5,5,5,5,6,6,6,5,5,6,6,0,6,5,5,7,4,5,5,5,5,6,6,5,6,6,4,5,5,5,4,5,6,6,3,5,4,4,6,5,5,5,5,6,7,6,5,6,6,5,5,5,4,5,4,4,2,6,4,5,5,5,5,6,6,5,6,6,5,3,5,5,5,5,5,6,6,5,4,4,6,,7,7,6,5,4,5,5,5,6,6,6,4,6,5,5,5,5,5,4,5,6,5,5,2,6,5,5,5,5,5,5,5,4,5,6,5,6,5,6,6,6,5,5,5,5,5,6,5,5,5,3,5,5,5,5,4,4,6,5,4,5,5,5,5,5,6,6,6,5,5,5,6,6,4,5,6,5,5,5,4,5,5,3,5,4,4,6,6,6,5,5,5,8,5,6,6,5,6,5,5,5,3,5,6,5,5,5,6,5,5,6,5,5,5,6,6,5,6,6,5,5,6,5,5,5,6,5,4,5,6,6,6,4,5,6,5,6,6,6,4,6,5,4,5,5,5,5,6,5,6,6,5,6,5,6,6,6,7,6,4,6,5,5,6,6,6,7,6,5,5,5,5,5,4,6,5,5,5,0,6,5,6,5,6,6,5,5,6,6,6,3,5,5,5,5,5,5,6,3,6,5,6,6,6,5,7,6,6,5,6,5,6,6,0,6,6,5,5,6,5,7,6,6,4,6,6,6,4,5,5,5,7,6,6,7,6,6,6,,6,6,5,6,5,6,5,5,5,5,6,5,5,5,5,5,5,5,5,5,6,6,4,5,5,6,5,5,5,6,5,6,6,,,6,6,7,6,5,6,6,6,6,5,6,5,6,6,30.0,6,5,5,7,6,5,4,5,6,0,5,6,4,5,6,15.0,23.0,10.0,4,4,5,5,5,5,5,5,6,5,5,6,6,3,5,7,6,4,6,12.0,5,5,19.0,5,0,6,5,5,5,6,6,6,,5,7,6,5,0,4,22.0,6,5,5,5,6,5,,5,6,5,5,5,6,6,6,7,5,5,16.0,7,6,5,,5,5,6,6,5,5,5,7,6,5,5,6,5,5,4,5,6,6,5,5,6,6,6,7,2,6,4,,5,5,6,6,20.0,5,7,6,5,5,5,6,5,7,19.0,6,,5,5,6,6,5,7,5,6,4,10.0,7,6,6,7,6,6,5,6,5,5,6,5,6,5,5,5,6,5,8,6,6,7,6,7,6,6,,6,6,6,7,6,,6,6,6,5,6,6,,7,5,6,,6,6,5,,7.0,6,5,5,6,5,6,6,6,6,14.0,,9.0,6,9,6,6,5,6,,5,26.0,0.0,6,6,30.0,6,5,5,6,15.0,5,12.0,8.0,6,6,10.0,6,,7,6,27.0,,6,,,10.0,21.0,7.0,,6,,,6,,6,6,5,6,6,29.0,16.0,6,3,,6,7,5,6,7,,,5,5,6,6,5,6,6,,9.0,6,6,,6,,15.0,6,6,,6,,6,5,6,7,,17.0,5,,8.0,7,6,7,,5,4,6,,,,7,7,6,5,18.0,6,,29.0,6,,,6,17.0,6,6,29.0,,7,6.0,6,5,,6,0,5,6,5,6,6.0,,5,7.0,,7.0,,,23.0,5,5,17.0,,7,,6,6,,5,,6,14.0,13.0,,,,6,0,,,6,5.0,,6,,,,6,6,,8.0,,,,6,,7.0,7,,,6,,,,,27.0,,7.0,16.0,22.0,,16.0,6.0,5,6,11.0,18.0,29.0,5,6,6,5,6,,6,6,17.0,5,11.0,5,6.0,6,6,,19.0,5,,5,,,,5,6,,7,9.0,,14.0,,6,12.0,22.0,,15.0,5,,6,,23.0,19.0,7,,,6,,5,14.0,,5,6,,,,,6,16.0,14.0,8.0,11.0,7.0,,7,30.0,19.0,,,6,28.0,,5,,,6,,7.0,6,15.0,,5.0,,,6,,,15.0,5,,29.0,,5,,,30.0,,7,5.0,7,6,6,,,22.0,6,6,,,6,6,6,25.0,6,6,14.0,6,6,6,6,,7,6,0,5,7,8.0,30.0,6,7,,8.0,,,24.0,,,,,7,,6,5,7,,6,6,7,6,7,6.0,,,,,5,9.0,,18.0,,13.0,,28.0,5,,,7,,6,9.0,10.0,22.0,7,6,,5.0,28.0,,10.0,5,,23.0,5,19.0,,,,,,,,,12.0,6,,,,180,7,2.0747491296334237,-0.7669889146846319
5,5,4,4,3,3,4,1,3,4,4,2,4,4,4,4,4,4,4,3,4,4,5,3,4,1,4,3,3,3,3,3,4,4,0,4,4,4,4,4,2,0,4,5,3,5,5,3,4,5,5,4,5,5,4,4,5,5,4,5,5,4,3,4,4,4,5,6,5,4,3,5,6,5,5,5,5,5,5,4,4,4,4,2,4,5,3,4,5,4,5,5,5,3,5,5,4,6,5,5,5,5,5,5,5,4,4,2,5,10.0,6,6,5,3,4,4,4,4,5,5,5,4,5,4,5,5,5,5,4,4,5,4,4,2,5,4,4,4,5,5,5,1,4,4,5,4,5,4,5,5,5,4,4,3,4,4,5,3,5,4,3,4,4,4,5,2,3,5,4,4,4,4,4,4,4,5,5,5,5,4,4,4,5,3,4,6,4,4,5,4,5,4,5,5,5,5,5,5,4,5,5,4,7,4,5,5,4,5,5,4,4,4,4,3,5,4,5,5,4,5,5,5,4,5,5,5,4,5,5,4,4,5,4,4,5,5,4,5,5,6,5,5,5,5,5,4,5,5,5,3,5,4,4,4,4,4,4,5,4,5,5,4,5,4,4,0,4,5,5,4,5,4,5,5,5,5,6,5,4,5,4,4,4,4,5,4,5,5,5,6,4,4,5,4,5,5,4,6,5,5,4,4,5,4,5,5,4,5,4,5,5,5,5,6,4,5,5,5,4,6,4,5,6,5,5,5,5,4,5,4,6,5,4,3,6,6,4,4,4,4,4,6,4,5,6,5,5,5,7.0,4,5,4,5,5,6,4,5,5,3,4,4,2,4,5,5,4,4,4,5,6,4,4,5,5,4,5,5,4,5,5,5,5,,6.0,5,5,6,5,5,5,5,0,5,4,5,5,6,5,8.0,0,5,4,5,5,4,4,4,4,4,4,5,4,5,5,,,,4,5,4,3,4,4,4,4,5,4,4,5,5,4,4,6,5,3,6,12.0,4,3,7.0,4,4,5,4,5,5,5,5,5,,4,5,4,4,5,4,8.0,5,4,4,4,6,5,,4,5,4,5,5,5,5,5,6,4,4,9.0,6,6,4,10.0,4,5,4,4,5,5,4,5,5,5,5,5,4,4,4,4,5,5,4,4,4,5,4,5,3,4,4,,5,4,4,5,10.0,4,6,5,0,5,4,5,4,6,24.0,5,,0,4,5,6,4,5,4,5,3,7.0,6,5,5,6,6,5,5,5,5,5,2,4,4,5,5,4,5,5,7,6,4,5,5,5,5,4,,5,5,5,3,5,,5,4,5,5,5,4,12.0,6,5,5,,6,5,5,,23.0,6,5,5,4,5,4,5,6,5,,,,5,8,5,5,4,4,,6,,,5,4,6.0,5,5,4,6,7.0,5,6.0,21.0,6,6,15.0,5,,6,6,15.0,,5,10.0,,10.0,11.0,,,5,,18.0,5,26.0,6,5,5,5,5,29.0,,5,5,,5,6,0,5,6,,,4,5,5,5,5,4,5,,,5,5,,4,11.0,,5,5,,5,10.0,6,5,5,7,,10.0,5,30.0,,6,5,6,,5,4,4,,,,6,6,4,6,23.0,5,,7.0,5,24.0,,5,19.0,6,4,28.0,10.0,6,,5,5,,5,2,5,6,5,7,,,5,19.0,12.0,,6.0,12.0,,4,5,19.0,,6,,5,2,,5,,6,,15.0,,,,6,4,,19.0,6,8.0,,5,,,,5,5,14.0,7.0,,24.0,,5,,28.0,6,,,5,,9.0,,16.0,,,15.0,,7.0,28.0,9.0,14.0,5,5,5.0,,10.0,5,5,6,4,5,,5,4,8.0,4,12.0,3,19.0,5,2,,,5,,4,14.0,,,5,5,,6,21.0,,20.0,9.0,5,30.0,12.0,,8.0,5,,5,,,20.0,6,,,5,10.0,3,15.0,,4,5,,,,,6,,,,29.0,17.0,,5,,19.0,,,5,,,0,,15.0,5,,7.0,5,12.0,,22.0,0.0,,5,29.0,,16.0,5,,19.0,,4,,,6.0,,6,,6,5,5,,,,2,5,,,5,5,5,29.0,6,5,,5,5,6,6,,7,6,6,4,6,9.0,19.0,5,7,,17.0,,,,,,,,6,,5,4,5,6.0,5,6,6,4,4,5.0,,,,13.0,5,,,5.0,16.0,30.0,11.0,9.0,4,18.0,,6,,5,18.0,28.0,30.0,6,4,,,9.0,,11.0,5,19.0,24.0,5,6.0,,,,,,7.0,,,14.0,6,,,,181,7,2.008710078805479,-0.7843535629153555
6,6,6,4,5,6,0,6,6,7,6,6,6,5,6,3,6,5,6,6,5,5,7,5,6,6,7,6,5,6,0,6,6,6,7,6,6,7,6,6,6,5,6,5,5,6,5,6,6,7,7,6,7,6,6,6,6,6,5,6,6,6,4,5,5,6,0,7,5,6,6,6,7,5,6,7,7,6,6,6,4,5,4,1,5,6,5,5,6,5,6,6,6,6,6,6,5,7,6,6,6,7,7,6,6,5,5,5,6,32.0,7,7,7,5,5,5,6,6,6,7,7,4,7,6,6,6,6,6,5,5,6,5,6,6,6,6,6,5,6,6,6,5,5,6,6,5,6,5,7,7,6,6,5,5,6,6,7,6,6,6,4,6,0,5,6,6,5,6,6,5,6,6,6,5,5,6,7,6,7,6,5,6,7,5,5,7,6,5,6,5,6,6,7,6,6,6,6,6,6,6,7,6,9,6,6,7,6,6,6,5,5,5,4,7,6,4,6,6,6,7,6,6,5,6,7,6,6,6,6,6,6,7,6,6,5,6,5,6,6,7,6,7,6,6,6,6,7,7,6,3,6,6,5,3,6,5,5,7,6,6,7,6,7,6,6,7,7,7,6,0,7,5,6,6,6,7,7,7,6,7,5,5,5,5,6,5,6,0,5,8,6,7,6,7,7,6,5,7,6,6,6,6,6,5,6,6,5,7,6,6,6,6,6,7,6,7,6,7,6,7,6,6,7,6,7,6,6,6,6,5,7,6,7,5,7,7,6,6,6,6,5,7,6,6,8,7,6,7,31.0,7,7,6,6,6,7,5,6,5,0,7,6,6,5,6,7,5,5,5,6,7,7,5,6,6,7,6,6,6,7,5,7,7,31.0,,7,7,7,6,6,6,6,7,7,5,7,6,7,6,15.0,7,6,6,8,7,5,5,7,4,6,6,7,6,6,7,,,17.0,6,6,6,5,6,6,6,5,6,6,5,7,6,6,6,7,6,5,7,11.0,7,6,,6,6,7,6,6,6,7,7,6,,6,7,6,6,6,6,17.0,7,6,5,6,7,6,,6,7,6,6,6,7,7,6,7,5,5,14.0,7,7,6,18.0,6,6,6,6,6,6,6,7,7,6,6,7,6,6,5,5,7,7,6,6,7,7,7,7,6,7,6,7.0,6,5,7,7,,6,7,6,7,7,6,6,6,7,,7,,6,6,6,7,6,7,6,6,5,,7,6,6,8,8,6,5,7,6,6,6,5,7,6,5,6,6,6,8,7,7,7,5,8,7,6,,7,7,6,8,7,15.0,6,5,7,6,6,6,0.0,7,6,6,,7,6,6,,,7,6,6,6,4,6,6,7,6,8.0,,,6,9,7,7,6,6,,7,,,6,7,15.0,6,6,6,7,30.0,6,27.0,30.0,7,7,18.0,7,,8,7,16.0,,6,7.0,,10.0,13.0,31.0,,7,,27.0,6,28.0,7,6,6,6,6,12.0,6.0,7,7,,7,7,6,6,8,,,6,6,6,7,6,6,6,,19.0,5,7,,7,,14.0,7,6,,7,32.0,6,6,7,8,,,6,,,7,6,7,11.0,6,7,7,,17.0,,7,8,7,7,13.0,6,6.0,15.0,7,,,7,10.0,7,6,9.0,18.0,7,,7,6,7.0,7,7,6,7,7,8,6.0,,6,20.0,8.0,16.0,12.0,21.0,,3,6,13.0,0.0,7,,7,7,,6,13.0,7,25.0,9.0,,,,7,7,10.0,,7,11.0,,7,,,,7,7,16.0,,,15.0,,7,,19.0,7,,,7,,11.0,,23.0,25.0,,,26.0,,20.0,,19.0,6,7,,19.0,,6,6,7,6,7,26.0,7,7,21.0,6,21.0,5,,7,7,,31.0,6,,6,,,,6,7,,8,8.0,,25.0,16.0,7,14.0,7.0,27.0,15.0,6,,7,,12.0,7.0,7,,,6,,5,,,5,7,,,,,7,22.0,,,13.0,9.0,,7,12.0,14.0,,,6,22.0,,6,,,7,,16.0,7,,,,,11.0,6,,,,6,,,,7,,,18.0,,7,,8,7,6,,,,7,7,,,7,7,7,29.0,7,7,,7,7,7,7,,7,7,7,5,6,23.0,0.0,7,8,,,,,8.0,,,8.0,,7,,6,6,8,11.0,7,7,8,7,8,19.0,,,,26.0,6,12.0,,14.0,14.0,,7.0,22.0,6,9.0,,8,,7,18.0,11.0,,6,7,,13.0,,,32.0,7,25.0,,7,7.0,,,,,,,,,11.0,7,,,,182,7,2.1198036662325954,-0.8009819038333938
6,6,3,5,5,5,3,7,7,7,6,6,6,6,6,6,6,6,6,6,6,6,7,6,7,7,7,7,5,6,6,6,7,7,7,6,6,7,7,7,7,6,6,8,6,6,6,6,6,7,7,6,7,7,6,6,6,4,5,4,7,7,5,5,5,6,6,7,6,6,7,7,8,7,5,7,7,6,7,6,6,6,6,5,6,7,6,5,6,5,6,6,7,6,7,7,5,6,7,6,6,7,6,7,7,5,5,5,7,10.0,7,8,7,6,6,6,6,6,7,7,7,5,7,7,6,6,6,6,6,5,7,6,5,6,6,7,7,5,6,6,6,6,5,6,7,6,7,6,7,7,7,7,6,6,6,6,7,6,6,6,5,6,6,6,6,5,5,7,6,6,6,7,6,6,5,7,7,6,7,6,6,7,7,5,5,7,6,6,6,6,6,4,6,6,4,5,7,7,7,7,7,6,9,6,7,7,7,7,5,6,6,5,5,7,5,6,7,7,6,7,7,6,6,6,7,7,6,7,7,7,6,7,6,6,6,7,6,6,6,7,7,7,6,6,7,6,8,8,7,5,7,6,5,6,6,6,5,7,6,7,7,6,7,6,7,7,7,8,6,6,7,6,6,7,7,7,7,7,6,7,6,6,4,5,6,6,6,7,6,7,6,7,7,7,7,6,6,7,7,5,6,6,6,6,6,5,6,7,6,7,6,7,7,7,6,8,7,7,6,7,7,7,7,6,7,7,6,6,7,6,8,7,8,5,7,7,7,7,6,7,5,7,6,7,8,7,6,7,26.0,7,7,6,7,6,7,6,5,6,7,8,7,6,5,6,7,6,6,6,7,7,7,4,6,6,8,6,7,6,7,6,7,7,13.0,,7,7,7,7,7,7,7,7,7,6,7,6,7,7,,7,6,5,8,7,6,6,7,7,5,6,7,4,5,7,,,17.0,6,0,6,6,6,6,6,6,7,6,6,7,7,6,6,8,7,2,7,8.0,7,6,,6,6,7,7,7,7,7,7,7,,6,8,7,6,7,6,26.0,7,6,1,6,7,6,,6,7,7,5,7,7,7,7,8,3,4,,7,7,6,11.0,6,6,0,6,7,7,6,7,8,6,6,7,6,6,6,5,7,7,6,7,8,8,8,8,7,8,6,28.0,6,6,7,7,17.0,6,7,7,6,0,6,6,6,7,,7,,7,6,7,6,7,8,6,7,6,13.0,7,7,7,8,8,7,7,7,6,6,7,4,7,6,6,6,6,6,8,7,7,7,7,8,7,6,,7,6,6,8,8,15.0,7,7,8,6,7,7,,8,7,7,,7,7,6,,18.0,7,6,6,7,0,7,6,7,7,8.0,,10.0,6,9,6,7,6,7,,7,,,6,7,,6,6,6,8,29.0,6,20.0,7.0,7,7,,7,,8,7,20.0,,7,,9.0,,14.0,20.0,,7,,31.0,7,10.0,6,5,6,7,7,22.0,,7,8,,7,8,6,7,8,,,6,7,7,7,6,7,6,,14.0,6,7,,8,12.0,,7,7,,7,,7,6,7,8,,,7,9.0,31.0,8,7,8,,6,7,7,,24.0,,8,7,7,7,,5,,27.0,7,16.0,,0,10.0,6,8,,,0,,7,6,15.0,7,8,7,7,7,8,,,6,12.0,29.0,25.0,9.0,,13.0,4,6,20.0,,8,,7,7,,7,8.0,7,19.0,25.0,,,,7,7,,20.0,5,,,7,,,,7,7,31.0,9.0,,28.0,13.0,7,0.0,15.0,8,,0.0,7,,9.0,,,12.0,,16.0,13.0,17.0,12.0,8.0,10.0,6,8,25.0,,21.0,5,7,7,6,7,,6,7,14.0,7,,6,31.0,7,8,,,6,,6,18.0,,,6,8,,8,18.0,,,25.0,7,,,,22.0,6,,7,,27.0,23.0,7,,,7,7.0,6,13.0,,5,7,,,,,6,,,,,17.0,,8,19.0,16.0,,,7,,,6,0.0,0.0,8,,14.0,7,,,,,11.0,7,9.0,,22.0,6,,14.0,,7,,,20.0,,8,27.0,8,7,7,,11.0,13.0,7,7,,,8,7,8,,7,7,,7,7,7,7,,8,7,7,6,8,15.0,25.0,7,7,,11.0,22.0,,,,,14.0,,8,,6,6,8,10.0,8,7,8,7,8,21.0,,,,31.0,6,,,29.0,18.0,,23.0,,6,,,9,,7,30.0,10.0,13.0,7,7,,25.0,18.0,,,7,30.0,,6,14.0,,,,,,21.0,,,19.0,7,,,,183,7,2.0111895161290323,-0.7684234220141012
5,5,3,3,3,3,3,0,0,4,5,4,4,4,5,4,4,4,5,3,4,4,5,5,5,5,6,5,4,5,5,5,6,6,6,5,5,6,5,5,6,4,4,6,3,5,4,5,5,6,6,5,6,5,4,4,3,1,3,3,5,5,3,3,4,5,5,6,4,4,5,6,6,5,4,6,6,5,5,5,4,4,4,4,4,5,3,4,4,4,5,5,5,5,5,5,4,5,5,5,5,5,4,5,6,4,4,4,5,24.0,6,6,6,5,4,4,5,5,5,6,5,4,6,5,5,5,2,5,4,4,5,4,4,5,5,5,5,3,4,5,5,3,4,5,5,4,5,5,6,5,5,5,4,4,4,4,6,5,4,4,3,3,4,4,4,5,4,5,5,4,4,5,5,5,3,5,5,5,6,5,5,5,6,3,4,6,5,4,4,4,5,5,4,4,4,2,5,5,5,5,5,4,6,5,5,5,5,5,4,4,4,1,4,4,5,2,5,5,4,5,5,5,5,5,5,5,4,5,5,5,5,5,4,4,5,5,4,5,4,5,5,5,5,4,5,5,4,5,5,3,5,5,3,5,4,4,4,6,5,5,5,5,5,5,4,4,5,5,5,4,4,4,4,5,5,4,6,5,4,5,4,3,4,4,5,3,2,5,5,6,5,5,5,4,5,5,4,6,5,5,4,4,5,4,4,3,4,5,4,5,5,5,5,6,5,6,5,6,5,6,5,5,5,4,5,5,5,5,6,4,6,5,5,4,0,6,5,5,4,5,4,6,4,5,6,5,5,5,8.0,6,5,5,5,5,6,4,5,5,4,2,4,5,4,4,6,2,4,5,5,5,6,4,5,5,5,4,5,4,6,5,5,6,,13.0,5,6,6,5,5,5,5,6,6,5,6,5,5,5,24.0,6,5,4,7,6,4,4,5,5,0,5,5,3,0,5,,,20.0,5,4,4,4,4,5,5,4,5,5,5,5,5,2,5,7,5,4,6,19.0,5,4,,4,4,6,5,5,5,5,5,5,,5,5,4,5,5,5,30.0,5,4,4,4,5,4,,5,5,4,5,5,5,5,4,6,2,5,,6,6,5,7.0,2,4,5,5,5,5,4,5,5,4,4,6,5,5,4,4,5,6,3,1,5,5,5,5,4,5,4,,3,4,5,5,11.0,5,6,5,4,4,4,5,4,4,,6,,4,5,5,6,4,5,5,4,4,15.0,6,5,5,6,6,5,5,5,5,5,5,4,6,5,0,4,5,3,5,6,5,6,5,5,6,5,,5,6,4,5,5,19.0,5,4,2,4,5,4,29.0,6,5,5,,5,5,5,,,6,2,4,6,5,6,5,5,5,21.0,0.0,14.0,5,6,5,6,4,5,,5,,,5,5,10.0,5,4,5,6,12.0,5,29.0,21.0,6,5,,5,,7,6,19.0,,5,11.0,9.0,,15.0,27.0,,4,,9.0,5,32.0,6,5,5,6,5,15.0,11.0,5,5,,5,6,5,5,6,,,4,5,5,6,4,4,4,,17.0,5,4,,5,,12.0,5,5,,5,14.0,4,4,6,5,,22.0,5,14.0,,6,5,6,18.0,4,5,4,,,,6,7,4,5,19.0,5,5.0,,5,,,5,12.0,5,5,6.0,8.0,6,21.0,6,5,,6,5,5,6,6,6,11.0,,2,5.0,28.0,,12.0,,22.0,4,5,30.0,,6,8.0,6,4,,5,,6,22.0,,,,,6,3,,16.0,6,24.0,,5,,,,5,5,14.0,,,13.0,,6,,,6,,,6,,,,6.0,17.0,,7.0,10.0,,,,12.0,4,5,12.0,13.0,27.0,4,5,6,4,6,28.0,4,6,15.0,5,,4,,6,4,,19.0,4,,5,8.0,,,4,5,,7,,,,30.0,5,32.0,,24.0,7.0,4,,6,,6.0,16.0,6,,,5,3.0,4,,,4,6,,,,,4,15.0,22.0,22.0,,11.0,,6,11.0,24.0,,,5,,,4,,,6,,9.0,5,0.0,,8.0,,,5,21.0,,9.0,5,,14.0,,5,,,14.0,,6,8.0,6,0,5,,10.0,,3,5,,,6,5,6,20.0,5,5,,5,6,6,6,,6,6,5,4,6,9.0,29.0,6,7,,,,,21.0,0.0,,,,6,,4,5,5,12.0,6,6,7,5,5,,,,,,5,9.0,,8.0,16.0,,16.0,8.0,4,26.0,,7,,6,,12.0,,6,6,,,,,29.0,6,22.0,9.0,4,,,,,,,,,,31.0,5,,,,184,7,2.0554375316135554,-0.7187081663151874
6,5,5,5,5,4,5,6,6,6,4,5,5,4,5,4,5,5,5,5,5,4,0,5,5,5,5,5,4,5,5,5,5,5,5,5,5,6,5,5,5,5,4,7,5,5,5,5,5,6,6,5,6,3,6,6,6,6,5,6,6,5,4,5,2,5,5,6,5,4,6,6,6,6,5,6,6,5,5,5,5,4,4,5,5,6,5,4,6,5,5,5,5,5,6,5,4,6,6,5,5,6,6,6,6,4,4,4,4,10.0,6,0,6,4,4,3,0,6,5,6,6,4,6,5,5,6,6,5,4,4,5,5,5,5,5,5,5,5,6,5,5,5,4,5,6,5,5,5,6,6,5,5,5,5,5,5,6,5,5,5,4,5,5,5,5,4,4,5,5,4,4,5,5,5,5,6,6,6,6,5,5,6,6,3,4,6,5,5,5,5,2,4,6,6,6,6,5,6,5,5,6,5,8,5,6,6,6,5,5,5,5,5,4,6,5,5,5,6,5,6,6,5,5,5,6,6,5,6,6,5,5,5,5,5,5,6,4,6,6,6,6,6,5,5,6,5,6,7,6,3,6,5,5,5,5,5,4,6,5,5,6,5,6,5,6,6,6,7,5,5,6,5,6,6,6,6,6,6,5,5,4,5,4,5,6,5,4,5,5,7,5,5,5,6,6,5,5,6,6,6,5,4,5,5,5,6,5,6,5,6,5,5,5,6,5,7,6,6,5,6,6,6,4,6,6,5,5,5,6,4,7,6,7,4,6,6,5,5,5,5,4,6,5,5,7,6,5,6,8.0,5,6,5,6,5,7,5,5,5,6,6,6,1,5,5,5,5,4,4,5,7,0,5,5,4,6,5,6,5,6,6,6,6,,14.0,6,6,7,6,6,6,6,6,6,4,6,6,7,6,8.0,6,5,4,7,6,5,4,6,6,5,5,5,5,5,6,14.0,17.0,13.0,4,5,4,1,5,5,5,5,6,5,4,6,5,5,5,7,6,3,6,8.0,2,4,,5,5,5,5,5,5,5,6,5,,5,7,6,5,6,5,,6,5,5,5,6,5,,5,6,4,5,6,6,6,6,6,2,3,13.0,6,6,5,,5,5,5,5,6,5,5,7,7,5,5,6,5,5,5,5,6,6,5,6,7,7,7,7,6,7,5,,5,0,6,6,6.0,5,6,5,7,7,5,6,5,6,,6,,6,5,6,6,6,5,2,6,4,23.0,6,6,5,7,7,6,5,6,5,5,6,5,5,5,5,5,5,5,7,6,6,6,6,7,6,5,,5,6,6,7,7,12.0,4,6,7,6,5,6,30.0,6,5,6,,5,5,5,,,6,6,6,6,5,6,6,6,6,,,,6,8,6,6,5,6,,7,15.0,,5,6,27.0,6,5,5,7,27.0,5,20.0,,7,7,,6,,7,6,23.0,,6,,,,7.0,8.0,,6,,27.0,6,,6,5,5,6,5,11.0,21.0,4,7,,6,6,5,5,7,,,6,6,6,6,5,6,4,,,5,6,,7,13.0,15.0,6,6,,6,,7,6,6,7,,9.0,5,8.0,7.0,7,6,7,25.0,6,7,7,,15.0,,7,5,6,6,11.0,6,20.0,,5,31.0,,6,,7,7,23.0,,7,31.0,5,5,10.0,6,7,5,6,6,7,10.0,,6,6.0,22.0,,,,18.0,4,5,,,7,24.0,6,6,,6,14.0,6,23.0,6.0,,,,6,6,11.0,,6,22.0,,5,,,,6,6,20.0,8.0,,10.0,7.0,6,,11.0,7,,,6,,13.0,,10.0,10.0,,,18.0,,22.0,,10.0,6,7,20.0,29.0,15.0,6,6,6,5,6,,6,5,12.0,6,,4,11.0,0,7,,10.0,6,,5,25.0,,,6,7,,6,,,8.0,25.0,6,26.0,,16.0,6.0,6,,5,,,,6,,,6,,5,16.0,,5,5,,,,,7,18.0,21.0,30.0,,6.0,,6,12.0,,,,6,22.0,,6,,,6,,16.0,6,,,6.0,,26.0,5,0.0,,8.0,5,,22.0,,5,,,,,7,27.0,6,6,6,,,,6,5,,,6,6,6,,7,6,,6,6,6,7,,6,6,6,5,0,12.0,,5,7,0.0,,22.0,,,,,15.0,,7,,6,5,7,25.0,6,6,7,6,7,,,,,,5,,,28.0,12.0,11.0,30.0,,5,8.0,,7,,6,17.0,6.0,17.0,6,6,,,6.0,,22.0,6,18.0,,6,14.0,,,,0.0,,13.0,,,11.0,7,,,,185,7,2.067266791967554,-0.7759247841937397
4,4,3,3,3,3,3,4,4,5,4,4,4,3,4,4,3,3,3,3,3,3,4,3,4,4,4,4,3,4,4,4,4,4,4,3,3,4,4,4,4,3,2,5,3,4,3,3,4,5,5,3,5,4,4,3,4,3,1,3,4,4,3,3,3,3,4,5,4,3,4,4,5,4,3,4,4,4,4,3,3,2,2,3,3,0,1,2,4,4,4,4,4,4,4,4,3,4,4,4,4,4,4,4,4,3,3,2,4,8.0,5,5,5,3,3,2,3,4,4,5,4,2,5,4,4,4,4,3,3,2,4,3,3,3,4,4,4,1,4,4,4,2,3,4,4,2,4,3,5,4,4,4,3,3,3,3,4,4,4,4,2,3,3,3,4,3,3,4,4,3,3,4,3,3,3,2,4,4,5,3,3,4,4,3,3,5,4,3,3,3,0,4,4,4,4,4,4,4,4,4,4,3,6,4,4,3,4,4,3,3,3,3,3,4,4,3,4,4,4,4,4,3,2,4,4,4,3,4,4,4,4,4,3,3,3,4,3,4,4,4,4,4,4,4,4,3,5,5,4,3,4,4,3,4,3,3,3,4,4,4,5,4,5,3,4,4,5,5,4,3,4,3,4,4,4,4,5,4,4,4,3,3,3,0,3,3,4,4,4,5,3,4,4,4,4,4,3,5,4,4,3,4,4,3,4,2,3,4,4,4,3,4,4,4,4,5,4,4,2,5,4,3,5,4,4,4,3,4,5,3,5,4,5,3,5,5,4,4,3,4,3,5,4,4,5,4,4,5,24.0,4,5,4,4,3,5,2,3,4,4,5,4,3,3,3,4,3,3,3,4,5,3,0,3,4,4,4,4,4,4,4,4,5,6.0,7.0,5,5,5,4,4,4,4,5,5,3,5,4,5,4,12.0,4,4,3,6,4,3,3,5,4,4,4,4,3,3,3,14.0,22.0,0.0,3,4,4,3,4,3,4,3,0,3,3,3,4,3,4,5,4,3,5,5.0,4,3,,4,3,4,4,4,4,5,5,4,,4,5,4,3,4,0,19.0,4,4,4,4,5,4,,4,5,4,3,4,5,4,4,5,3,3,,5,5,4,9.0,4,4,4,4,4,4,4,5,5,4,3,4,4,3,3,3,4,5,4,2,5,5,5,5,4,5,3,7.0,4,3,4,4,,4,5,4,5,5,3,4,2,5,4.0,5,,4,3,4,5,4,5,4,4,1,15.0,5,3,4,6,5,4,4,4,4,4,4,3,4,3,4,4,4,3,5,5,3,5,4,6,5,4,,4,3,4,6,5,20.0,4,4,5,4,4,4,18.0,5,4,4,,5,4,4,,8.0,5,2,4,4,4,4,4,5,4,,,,4,6,4,5,2,4,,4,,,4,5,12.0,4,4,4,5,24.0,3,,,5,5,15.0,4,,5,5,16.0,,4,13.0,15.0,,,17.0,,4,,,4,19.0,5,4,4,4,4,27.0,27.0,4,5,,4,5,4,4,5,,,4,4,4,4,4,4,4,,27.0,4,4,,5,,17.0,5,3,,4,,4,3,5,6,,17.0,4,16.0,,5,4,5,5.0,4,4,5,,,,5,5,4,4,7.0,4,9.0,,4,11.0,,5,26.0,5,5,6.0,,5,11.0,4,4,9.0,4,5,4,5,5,6,16.0,,4,12.0,3.0,,21.0,8.0,5.0,4,3,5.0,,4,23.0,4,4,,3,,5,,,,,,5,4,,5.0,5,22.0,,4,,,,5,5,19.0,,,6.0,16.0,5,,6.0,5,,,5,,8.0,,9.0,,,8.0,,12.0,,21.0,4.0,4,5,,22.0,,4,4,5,3,5,10.0,4,4,9.0,4,10.0,3,9.0,4,5,,10.0,4,,4,,,,4,5,,6,,,,19.0,4,21.0,4.0,,,4,,4,16.0,16.0,,5,,,4,,3,6.0,,3,4,,,,,5,21.0,16.0,,,19.0,,5,19.0,21.0,,,4,6.0,,4,,27.0,5,,11.0,4,,,,,15.0,4,27.0,,8.0,4,,21.0,,4,,,,,5,8.0,5,4,4,,0.0,,4,4,,,5,4,5,6.0,5,3,10.0,5,4,5,5,,6,5,4,3,5,8.0,24.0,4,4,,,10.0,,,,,26.0,0.0,5,,4,4,5,20.0,5,4,5,4,5,,,,,,3,,,10.0,,9.0,6.0,5.0,2,0.0,,6,,4,,,4.0,5,4,,,21.0,,21.0,4,16.0,23.0,4,14.0,,,,,,,,,10.0,5,,,,186,7,1.914556962025315,-0.7861387588564248
5,5,4,4,4,4,5,5,5,6,5,5,5,4,5,5,5,4,5,5,5,4,6,1,5,5,6,5,5,5,5,5,6,6,6,5,5,4,5,5,6,5,4,7,4,5,5,5,5,6,6,5,5,5,5,5,5,5,3,5,5,4,3,4,3,5,5,6,5,5,5,6,6,5,5,6,6,5,5,5,4,5,4,4,4,5,4,4,5,4,5,5,5,5,5,5,4,6,5,5,5,5,5,5,6,4,4,3,5,25.0,6,6,6,5,4,4,5,5,5,6,6,4,6,5,5,5,5,4,4,4,5,4,4,4,5,5,6,4,5,5,5,5,4,5,5,4,5,0,6,6,5,5,5,4,4,3,6,5,3,1,3,4,5,5,5,5,3,5,5,5,5,5,4,4,4,6,5,1,6,5,5,5,6,4,5,6,5,4,5,5,5,5,5,4,5,5,6,5,5,5,6,5,8,5,6,6,5,5,5,4,3,4,4,6,3,4,5,5,5,6,5,4,5,5,6,5,5,5,5,5,4,5,5,3,3,4,4,0,4,5,4,4,2,2,3,5,6,6,5,4,5,5,4,5,4,5,4,6,5,5,5,5,5,5,6,6,6,6,5,4,6,5,5,5,6,5,6,6,5,5,5,5,4,4,5,5,5,6,5,6,4,5,5,6,5,5,5,6,6,6,4,4,5,4,5,5,5,6,5,5,5,5,5,6,5,6,5,6,5,4,5,5,6,5,6,5,5,5,6,4,6,5,6,4,6,6,5,5,5,6,5,5,5,5,6,4,5,5,6.0,6,6,5,6,5,6,5,5,5,6,6,6,5,4,5,6,5,4,4,5,6,6,5,5,4,6,5,5,4,6,5,6,6,11.0,19.0,6,6,6,5,6,5,6,6,6,5,6,5,6,6,10.0,6,4,5,7,6,4,4,6,6,5,5,6,5,5,0,16.0,,,5,5,5,5,5,5,5,4,5,5,5,6,5,5,5,7,5,4,6,,6,5,,5,5,6,5,5,5,6,6,5,,5,6,6,5,6,5,12.0,6,5,2,4,6,5,,5,6,5,5,5,6,6,6,7,5,4,12.0,6,6,5,32.0,4,5,5,5,5,6,5,6,6,5,5,6,5,5,4,4,5,6,5,6,6,6,6,7,5,7,5,,5,5,6,6,,5,6,5,6,6,5,6,5,6,22.0,6,,6,5,6,6,5,7,5,5,4,,6,6,5,7,6,6,5,5,5,4,0,0,6,5,5,5,5,5,7,6,6,6,5,0,6,5,,5,6,5,7,6,,5,6,6,5,5,6,32.0,6,4,5,,6,5,6,,16.0,6,5,5,6,5,5,5,6,5,30.0,,11.0,5,8,5,6,4,6,,6,23.0,,5,6,,5,5,5,6,,4,,18.0,6,6,13.0,6,,7,6,7.0,,6,16.0,22.0,,16.0,,,6,,0.0,5,4.0,6,5,5,6,5,12.0,16.0,5,7,,5,6,5,5,7,,,5,5,5,4,5,5,5,,,5,6,,6,,20.0,6,6,,5,,6,5,6,7,,,5,10.0,12.0,6,5,6,32.0,6,6,6,,,,6,7,6,6,,6,32.0,16.0,5,,,6,,5,6,21.0,21.0,6,6.0,6,5,16.0,6,7,5,6,6,7,4.0,,5,,9.0,22.0,31.0,15.0,6.0,5,0,16.0,,6,21.0,5,6,,5,30.0,6,0.0,,,,,6,6,,,6,,,5,,,,6,6,8.0,32.0,,7.0,,6,,6.0,7,,,6,,6.0,,6.0,30.0,,11.0,23.0,6.0,29.0,,30.0,5,7,,15.0,11.0,5,5,5,5,6,,5,6,,6,,4,,6,6,,13.0,5,,5,,,,5,6,,7,22.0,,,13.0,6,20.0,28.0,,,5,,6,22.0,23.0,14.0,6,,,6,26.0,4,29.0,,3,6,,,,,6,23.0,,11.0,21.0,25.0,,6,7.0,8.0,,,6,18.0,,5,,13.0,6,,6.0,6,,,,,17.0,5,16.0,,25.0,5,,18.0,,6,,,22.0,,6,7.0,6,6,6,,,9.0,6,6,,,6,6,6,,6,6,20.0,6,6,1,4,,7,5,0,4,6,13.0,11.0,6,7,,7.0,13.0,,7.0,,,,,6,,6,4,7,18.0,6,6,7,6,7,30.0,,,,,3,6.0,,10.0,16.0,,,13.0,5,,,7,,6,32.0,31.0,,6,6,,,21.0,,24.0,6,,31.0,5,32.0,,,,,,,,,15.0,6,,,,187,7,2.0381770937437524,-0.7675880290799701
7,7,6,6,6,6,0,7,6,7,6,7,5,6,7,6,7,6,7,6,6,5,8,6,7,7,7,7,6,7,6,7,7,7,7,7,6,7,7,7,7,6,6,8,5,7,5,6,7,8,7,6,8,7,7,7,7,7,6,7,7,7,6,6,6,7,7,8,6,7,7,7,8,7,7,7,7,7,7,7,6,6,5,3,6,7,5,6,7,6,7,7,7,6,7,7,4,8,7,7,7,7,7,7,8,6,6,6,7,36.0,8,8,7,6,5,6,6,7,7,7,8,5,8,7,7,7,7,7,6,6,7,6,6,6,7,7,7,6,7,7,7,6,6,6,7,6,7,6,7,5,7,7,6,6,6,7,8,7,7,7,4,7,6,6,7,6,6,7,6,6,6,7,6,6,7,8,7,7,8,7,6,7,8,5,5,8,5,6,7,6,7,6,7,7,7,7,7,0,7,7,7,6,9,7,7,7,6,7,7,6,6,6,6,7,7,6,7,7,7,8,7,7,6,7,8,7,6,7,7,7,7,7,7,6,5,7,6,7,6,7,7,7,7,5,7,0,8,8,7,6,7,7,6,7,6,6,6,7,7,6,7,6,7,6,7,7,7,8,7,6,7,6,0,7,6,7,8,7,6,7,6,6,6,6,7,6,7,7,7,8,6,7,7,7,7,7,6,8,7,7,6,6,7,6,7,7,7,8,6,7,7,7,7,8,7,8,7,8,6,7,7,7,7,7,8,7,6,7,8,6,8,7,8,5,7,8,7,7,6,7,6,8,7,7,7,7,7,7,,7,8,6,7,7,8,6,6,7,6,8,7,7,6,7,7,6,6,6,7,8,7,6,7,6,7,5,7,7,7,7,8,8,32.0,8.0,8,8,8,7,7,7,7,8,8,6,8,7,8,7,30.0,7,7,6,8,7,6,6,8,7,7,7,7,6,7,7,,25.0,,5,7,6,6,7,6,6,6,7,3,6,7,7,0,7,8,7,6,8,,7,6,16.0,7,6,7,7,6,7,6,7,6,,6,8,7,7,7,7,,7,6,7,7,7,6,,7,4,7,7,7,7,7,7,8,6,6,12.0,8,8,7,35.0,6,7,7,7,7,7,6,8,8,7,6,8,7,6,6,6,7,8,6,7,8,8,8,8,7,8,2,0.0,6,7,7,7,22.0,5,8,7,8,8,6,0,7,8,12.0,8,,7,6,7,8,7,8,6,7,6,,8,7,7,9,9,8,7,7,7,7,7,6,7,7,5,7,7,7,9,8,7,8,7,9,8,7,,7,2,7,8,8,7.0,7,7,8,7,7,7,26.0,8,7,7,,7,7,7,,30.0,8,7,7,7,7,7,6,7,7,,,15.0,6,10,7,7,6,7,,8,,,7,8,,7,7,7,8,36.0,6,30.0,16.0,8,8,7.0,7,,8,8,28.0,,7,,,15.0,19.0,29.0,,8,,26.0,7,23.0,8,7,7,7,7,30.0,,7,8,,0,8,6,7,8,,,7,7,7,8,7,7,7,,10.0,7,7,,8,,32.0,8,6,,7,17.0,8,7,7,9,,,7,,26.0,8,7,8,11.0,7,8,7,,8.0,,8,8,7,8,,7,20.0,,7,28.0,,8,17.0,8,8,,,8,14.0,7,7,24.0,7,8,7,8,8,8,9.0,,7,8.0,11.0,,28.0,24.0,7.0,6,7,15.0,,6,9.0,7,7,,7,,8,14.0,36.0,,,,8,7,25.0,,8,8.0,,8,,,,8,7,10.0,,,9.0,,8,0.0,24.0,7,,,7,,,,,,,11.0,10.0,29.0,13.0,,33.0,7,8,12.0,26.0,7.0,7,7,8,7,7,28.0,8,7,,7,13.0,4,18.0,7,8,,27.0,7,,7,18.0,,,7,8,,8,12.0,,8.0,13.0,7,8.0,,,21.0,7,,7,8.0,,18.0,7,23.0,,6,,6,26.0,,6,7,,,,,8,,14.0,20.0,,20.0,,8,25.0,32.0,,,7,31.0,,7,,,8,,15.0,8,,,28.0,,20.0,7,,,0.0,7,,33.0,,7,,,26.0,,8,15.0,8,7,7,,,,8,7,,,7,7,8,12.0,8,8,,8,7,8,8,,8,8,7,5,8,,32.0,6,9,,21.0,,,27.0,,,17.0,,8,,7,7,8,33.0,8,7,8,7,7,21.0,,,,,6,10.0,,7.0,,,13.0,8.0,7,34.0,,8,,7,13.0,8.0,,8,7,,,26.0,,,7,,,7,8.0,,,,,,,,,,8,,,,188,7,2.27664210854,-0.7954311490432168
6,6,5,5,5,4,5,6,6,7,5,6,6,3,6,5,5,5,6,5,5,5,6,5,6,6,6,6,5,5,5,6,6,6,6,5,4,6,6,6,6,5,5,8,5,6,5,6,6,6,6,5,6,6,4,5,5,5,4,5,6,6,5,4,5,4,6,7,5,5,6,6,7,6,6,6,6,6,6,6,5,5,4,4,5,6,5,4,6,5,6,5,5,5,5,5,5,6,6,6,6,6,6,6,6,5,5,4,5,26.0,6,7,0,5,5,5,6,6,6,7,6,4,6,5,6,5,6,6,5,5,5,5,5,5,6,6,6,5,4,6,6,6,5,5,6,5,6,4,6,6,6,6,5,5,4,5,6,6,6,6,4,6,5,5,6,5,5,5,5,4,5,6,5,5,5,6,6,6,6,5,5,6,6,3,5,6,6,5,6,5,5,5,6,5,3,5,0,5,5,5,5,0,5,5,6,6,5,1,5,5,5,5,5,6,6,5,6,6,5,6,6,5,5,5,6,6,6,6,6,6,6,6,5,5,5,6,5,6,6,6,6,6,6,5,6,6,7,7,6,4,6,6,1,5,5,4,1,6,5,6,6,6,6,6,6,7,7,7,6,5,6,5,6,6,6,6,7,6,5,6,5,5,4,5,6,5,5,6,6,7,5,6,6,6,6,6,5,7,6,6,5,5,6,5,5,5,5,6,5,6,6,6,6,7,6,7,6,7,5,6,6,6,6,6,6,6,5,5,6,5,7,6,7,5,0,7,6,6,5,6,5,7,5,5,7,6,6,6,,6,6,5,6,6,7,5,5,2,6,7,6,6,5,5,6,5,5,5,6,7,6,5,5,5,7,5,6,5,6,6,6,7,25.0,,7,6,7,6,6,6,6,7,7,5,7,6,7,6,23.0,6,6,0,7,6,5,5,7,6,5,5,6,5,0,5,13.0,,,6,6,5,5,6,5,6,5,5,5,5,6,6,5,6,7,6,5,7,11.0,6,5,10.0,6,5,6,6,6,6,6,6,6,,5,7,7,5,6,6,,6,5,6,5,7,6,,5,7,6,6,6,6,6,6,7,5,4,6.0,6,6,5,,5,5,6,6,6,6,5,8,7,5,5,6,5,3,5,5,7,6,6,7,7,7,7,7,6,7,5,,6,5,7,6,10.0,5,6,6,6,0,5,6,5,7,15.0,6,,6,5,6,6,6,6,5,6,5,11.0,7,6,6,7,7,6,6,6,5,6,6,5,6,6,6,6,6,5,8,7,7,7,6,8,5,6,,6,6,6,8,7,16.0,5,6,7,6,6,6,,6,6,6,,7,6,6,,20.0,7,5,6,6,5,6,6,7,6,6.0,,21.0,6,9,6,6,5,7,,6,,,6,7,13.0,6,6,5,7,17.0,2,11.0,15.0,7,6,13.0,6,,7,6,9.0,,6,8.0,,24.0,26.0,15.0,,6,,18.0,6,8.0,7,6,6,6,6,11.0,24.0,6,8,,6,6,5,6,7,,,6,6,6,6,5,6,6,,10.0,6,6,,7,15.0,11.0,6,6,,6,8.0,6,5,7,7,,,6,22.0,,7,6,7,26.0,6,6,7,,8.0,,6,7,7,6,12.0,6,16.0,0.0,4,25.0,,7,5.0,7,7,8.0,24.0,7,17.0,7,6,,6,7,6,7,6,8,,,6,13.0,15.0,,24.0,24.0,13.0,5,6,,,6,5.0,7,6,,6,7.0,6,,11.0,,,,7,6,20.0,22.0,7,,,6,,,,3,6,12.0,11.0,,16.0,13.0,6,,11.0,7,,,6,,12.0,,10.0,20.0,,22.0,,26.0,,8.0,17.0,5,7,,12.0,,5,6,7,5,6,,6,7,,6,8.0,4,14.0,6,7,,16.0,4,,5,,,,5,7,,5,,,7.0,21.0,6,8.0,,,6.0,6,,6,11.0,,25.0,7,,,0,22.0,5,13.0,,5,6,,,,,6,25.0,7.0,17.0,7.0,0.0,,7,,18.0,,,6,13.0,,6,,,6,,,6,,,,,10.0,6,14.0,,,6,,10.0,,6,,,18.0,,7,11.0,7,6,6,,7.0,,7,6,,,6,6,7,13.0,6,7,,6,7,7,7,,7,7,7,5,7,,,6,8,,,,,24.0,,,7.0,,7,,6,6,7,,7,6,7,6,8,,,,,,5,,,13.0,13.0,9.0,19.0,16.0,4,,,7,,7,24.0,10.0,,7,7,,,9.0,,,6,,18.0,6,9.0,,,,,,17.0,,,24.0,6,,,,189,7,1.9670803533866232,-0.7713603373638505
4,3,4,3,3,2,4,4,4,5,3,3,3,3,4,3,2,2,3,3,3,2,3,3,4,4,4,3,3,3,3,3,4,4,4,3,3,4,4,0,4,3,3,5,3,4,3,4,4,4,4,4,4,4,4,4,4,4,3,4,4,4,0,3,3,4,3,4,3,3,3,4,5,4,3,4,4,3,3,3,3,2,2,2,2,4,1,0,4,3,1,0,4,3,4,4,3,4,4,4,4,4,5,4,4,1,2,2,3,5.0,4,4,3,3,3,3,3,3,3,5,4,2,4,4,4,4,4,3,2,3,4,3,3,3,4,4,4,3,4,4,4,3,3,3,4,3,3,2,4,4,4,4,2,3,3,3,4,4,3,3,2,3,3,3,4,3,3,4,3,3,3,4,3,3,3,4,4,4,5,3,3,4,4,2,3,5,3,3,3,1,3,3,5,4,4,4,4,4,4,3,4,3,6,3,4,4,4,4,4,3,3,3,2,4,4,3,4,4,3,4,4,3,3,3,4,4,3,4,4,4,3,4,4,3,3,4,3,4,4,4,4,4,2,3,4,3,5,4,4,1,4,4,3,3,3,3,3,4,2,4,4,4,4,3,4,4,4,5,4,3,4,4,4,4,4,4,4,4,3,4,3,3,3,3,4,3,4,4,4,5,3,4,4,4,4,3,3,5,4,4,3,3,4,3,4,4,3,4,3,4,3,4,4,4,3,5,4,4,3,4,4,4,5,4,4,4,2,0,3,2,5,4,5,3,5,5,4,4,3,3,3,4,3,4,5,4,4,4,15.0,4,4,3,4,3,5,3,3,3,4,5,4,4,3,3,4,3,3,3,4,5,4,3,3,4,5,3,4,3,4,4,4,4,,,4,4,5,4,4,4,4,5,5,3,4,3,5,4,,4,3,3,5,4,3,3,5,4,4,3,3,4,4,4,24.0,7.0,,3,3,3,3,4,3,4,2,4,3,3,4,4,3,3,5,4,3,5,,4,3,,4,3,4,4,4,3,4,4,4,,3,5,4,3,3,4,30.0,4,3,3,3,5,3,,3,4,4,3,4,4,4,4,5,2,1,25.0,3,4,3,5.0,3,4,4,4,4,4,3,5,5,3,2,4,3,3,3,3,4,4,3,4,5,5,5,5,4,5,3,10.0,3,3,4,4,25.0,3,4,4,5,5,3,4,4,5,20.0,4,,4,3,4,5,4,5,3,4,3,19.0,5,4,4,6,5,4,4,4,3,3,4,3,4,2,3,3,4,4,6,5,4,5,4,5,4,2,,4,4,4,5,5,,4,4,5,4,4,4,17.0,5,4,4,,5,4,4,,,4,4,5,4,3,4,4,5,4,14.0,,19.0,4,7,4,4,2,4,,5,,,3,5,11.0,4,4,3,5,18.0,3,,12.0,4,5,30.0,0,,5,4,9.0,,4,,24.0,6.0,30.0,13.0,,5,,,4,5.0,5,4,3,4,4,11.0,11.0,4,5,,4,4,3,4,5,0.0,,4,4,3,4,3,4,3,,20.0,3,4,,4,,27.0,4,4,,4,9.0,5,4,4,6,,20.0,3,18.0,,5,3,5,6.0,4,5,5,,,,5,5,4,4,,4,10.0,0.0,4,21.0,,4,28.0,5,5,5.0,,5,,4,3,,4,5,4,5,4,6,10.0,,4,24.0,23.0,15.0,,13.0,19.0,0,3,,,5,24.0,4,4,,4,,4,,23.0,,,,5,4,11.0,15.0,5,11.0,,4,,,,4,4,,0.0,,,7.0,4,,11.0,5,,,4,,14.0,,,15.0,,9.0,19.0,8.0,21.0,14.0,11.0,5,5,27.0,5.0,23.0,4,4,4,4,4,,4,4,,4,,2,,4,5,,26.0,5,,3,25.0,,,4,5,,5,8.0,,,,4,8.0,,,25.0,4,,4,5.0,30.0,22.0,5,16.0,,4,,3,,,3,4,,,,,5,8.0,9.0,10.0,28.0,,,5,,10.0,,,4,,,4,,19.0,4,,30.0,5,31.0,,,,25.0,4,,,13.0,3,,17.0,,4,,,7.0,,5,29.0,5,4,4,,4.0,8.0,5,4,,,4,4,5,31.0,5,4,,4,4,4,5,,6,5,4,3,5,,13.0,4,6,,20.0,12.0,,15.0,,,7.0,,5,,4,4,6,,5,4,5,4,5,,,,,,3,,,11.0,6.0,8.0,31.0,7.0,4,25.0,,5,,4,,,18.0,5,4,,22.0,,,26.0,4,7.0,,4,12.0,,,,,,,,,,5,,,,190,7,2.0706276852142933,-0.7791941563552616
7,7,7,7,7,7,7,6,4,7,7,7,7,6,7,7,7,0,6,6,7,6,7,7,8,8,8,7,7,7,7,7,8,8,8,7,7,8,8,8,8,7,6,0,5,7,7,7,7,7,7,7,8,7,7,7,8,7,5,8,6,4,6,7,6,7,7,8,7,7,7,7,9,7,7,8,8,7,7,7,7,6,6,5,5,8,3,6,7,7,7,8,7,7,7,7,7,8,7,7,7,8,8,5,7,4,6,6,7,,8,8,8,7,6,6,7,6,0,8,8,6,8,7,7,7,8,7,6,6,7,6,7,7,7,8,8,7,8,7,7,6,6,7,7,6,7,7,8,8,7,7,6,6,6,6,7,7,7,7,6,7,6,6,7,7,6,7,6,7,7,7,7,6,7,8,8,6,8,7,6,7,6,7,7,8,7,7,7,7,7,7,8,8,7,8,8,7,7,7,7,7,10,7,8,8,7,8,7,6,6,6,6,7,7,6,7,7,7,8,7,7,7,7,8,7,7,7,8,7,7,7,7,6,7,7,7,7,7,7,7,7,7,7,7,7,8,8,7,6,7,8,6,7,6,7,6,8,7,8,8,7,7,7,7,7,7,8,7,6,8,7,7,8,8,7,8,7,7,7,7,7,6,5,7,7,7,7,6,8,7,8,6,7,8,4,6,8,8,8,7,7,7,7,7,7,5,8,7,7,7,7,7,8,7,9,7,8,7,8,7,7,8,8,8,7,7,7,8,7,8,7,7,6,8,8,8,7,7,8,7,8,7,7,8,7,7,7,,8,8,7,7,7,9,7,7,7,7,7,7,7,7,7,8,7,4,6,6,8,8,7,7,6,7,7,6,6,5,7,7,7,19.0,17.0,6,7,8,6,7,7,6,7,7,5,7,6,7,7,,8,7,7,7,8,6,7,7,6,7,7,8,7,7,7,36.0,33.0,23.0,7,7,7,5,7,4,8,6,7,7,7,8,8,7,7,8,7,6,8,8.0,8,7,,7,6,8,7,7,7,8,8,7,,7,8,7,6,8,7,,8,7,7,7,8,7,,7,0,7,7,7,8,8,7,9,6,6,21.0,8,8,7,35.0,7,7,8,7,7,8,7,8,7,7,7,7,5,6,6,7,8,8,6,1,8,8,7,8,7,5,6,23.0,7,7,7,8,,7,8,7,8,8,6,8,7,8,16.0,8,,7,6,8,8,7,8,7,7,6,30.0,0,8,7,9,7,8,7,8,7,7,8,6,8,7,7,7,7,7,10,9,7,8,7,8,8,7,,7,8,8,8,7,,7,7,8,7,7,7,,8,7,7,,8,8,7,,22.0,8,7,8,8,7,8,8,8,7,13.0,,33.0,7,11,8,8,6,7,,8,17.0,,7,8,,8,7,6,8,,2,21.0,8.0,8,9,22.0,8,,9,8,20.0,,8,14.0,13.0,,15.0,,,8,,11.0,8,23.0,8,7,7,6,7,16.0,,7,8,,7,7,7,8,7,,,7,7,8,8,7,7,7,,36.0,7,0,,8,32.0,32.0,8,8,,8,10.0,8,8,8,9,,,7,28.0,,9,8,8,8.0,8,7,8,,,,8,9,7,8,33.0,8,,23.0,6,19.0,,8,13.0,7,8,9.0,9.0,9,36.0,8,7,10.0,8,9,7,6,8,9,,,8,,18.0,,,,17.0,7,7,27.0,,8,28.0,7,7,,5,,8,,18.0,,,,8,7,,,8,,,8,,,,8,8,19.0,13.0,,,22.0,8,,,8,,,8,,15.0,,,15.0,,,13.0,8.0,,,,8,8,,32.0,14.0,7,7,8,7,8,19.0,8,8,0.0,8,36.0,6,8.0,8,8,,32.0,8,,7,,,,8,8,,9,21.0,,,18.0,8,24.0,30.0,,12.0,8,,8,28.0,,14.0,8,25.0,,8,,6,9.0,,7,8,,,,,9,23.0,19.0,,23.0,,,8,33.0,16.0,,,8,27.0,,8,,8.0,9,,19.0,8,16.0,,13.0,,17.0,8,10.0,,,7,,,,8,,,33.0,,8,35.0,8,8,8,,15.0,0.0,7,8,,,8,8,0,35.0,9,8,34.0,8,8,8,8,,9,8,8,6,8,31.0,21.0,8,9,,21.0,14.0,,10.0,,,14.0,,8,,8,6,8,14.0,8,7,9,8,8,,,,,,5,11.0,0.0,10.0,8.0,19.0,,31.0,8,26.0,,9,,8,,36.0,24.0,9,8,,,,,21.0,8,10.0,14.0,8,28.0,,,,,,33.0,,,21.0,9,,,,191,7,2.186460925833748,-0.7520424261842501
7,6,6,6,6,6,7,7,7,7,5,7,6,6,6,6,6,6,6,6,6,6,7,6,7,7,7,7,6,7,6,7,7,7,7,6,6,7,6,7,7,6,6,8,6,6,6,7,7,7,8,6,7,7,7,7,7,7,6,7,7,7,5,6,5,6,7,8,6,6,7,7,8,7,6,7,7,6,7,7,6,6,5,6,6,7,5,5,6,6,7,7,7,6,6,6,6,7,7,7,7,7,7,7,7,5,6,6,7,29.0,8,8,7,6,6,5,6,7,7,8,7,5,7,6,7,7,7,6,5,5,7,6,6,6,7,7,7,6,7,7,7,6,4,6,7,2,7,5,7,7,7,7,6,6,6,1,7,7,7,7,5,6,7,6,7,6,6,7,5,6,6,7,6,3,7,7,7,7,7,6,6,7,7,5,6,8,7,6,6,6,6,6,7,7,7,7,7,7,6,6,7,6,9,6,7,7,7,7,6,6,6,6,4,7,6,6,7,7,7,7,7,6,6,6,7,7,6,7,6,7,7,7,7,6,6,7,6,7,7,7,7,7,7,7,7,6,8,7,7,4,7,0,6,5,6,6,6,7,6,7,7,7,7,6,7,7,7,8,7,6,7,5,6,7,7,6,7,7,6,7,6,6,6,6,7,6,7,7,7,8,6,6,6,7,7,6,6,8,7,7,6,6,7,6,7,7,4,7,7,7,6,7,7,7,7,8,7,7,6,8,7,7,7,7,7,6,0,6,7,6,8,7,8,6,8,8,7,7,6,7,6,8,6,7,8,7,7,7,,7,0,6,7,6,8,6,6,6,7,8,7,7,6,6,7,6,6,6,7,7,7,6,6,7,7,6,7,2,7,7,7,7,,18.0,7,8,8,7,7,7,7,8,8,6,7,7,7,7,11.0,7,6,6,8,7,6,6,7,7,7,7,7,6,7,7,19.0,,24.0,6,7,6,6,7,6,7,6,7,6,6,7,7,6,7,8,7,5,7,,7,6,,6,6,7,7,7,7,7,7,7,,6,8,7,5,7,7,25.0,7,4,6,6,7,7,,6,7,7,7,7,7,7,7,8,6,6,9.0,8,8,6,30.0,7,7,7,7,7,7,6,8,8,6,6,7,7,6,6,6,7,7,6,7,0,8,8,8,7,8,6,,6,6,7,7,6.0,6,8,6,8,8,6,7,7,7,11.0,7,,6,6,7,8,7,8,6,7,5,,8,7,7,9,8,7,7,7,6,6,7,6,7,6,6,6,7,7,8,0,7,7,7,8,7,7,,7,7,6,8,8,7.0,7,7,8,7,6,7,,8,6,7,,7,7,7,,8.0,7,7,7,7,6,7,7,7,5,7.0,,36.0,7,9,7,7,7,7,,8,24.0,,6,8,37.0,7,7,6,8,11.0,6,22.0,,8,8,27.0,7,,8,7,,,7,,,0.0,,,,8,,7.0,7,27.0,7,7,7,7,7,16.0,21.0,7,8,,7,8,7,7,8,,,7,7,7,7,7,7,7,,,7,7,,7,,18.0,7,7,,7,21.0,8,7,7,9,,,7,18.0,,8,6,8,,7,8,8,,22.0,,8,8,7,7,,7,10.0,21.0,7,33.0,,7,12.0,8,8,,,8,33.0,7,7,29.0,7,8,7,8,6,0,,,7,13.0,21.0,12.0,25.0,16.0,12.0,6,6,25.0,,8,13.0,7,7,,7,17.0,8,11.0,32.0,,,,8,7,37.0,,8,,,7,,,,7,7,,29.0,,27.0,,8,,,8,,,0,,24.0,,,33.0,,,34.0,13.0,29.0,7.0,,7,8,37.0,,,7,7,8,7,7,12.0,7,7,13.0,7,32.0,6,12.0,7,8,,37.0,7,,6,,,,7,8,,7,20.0,,,25.0,7,14.0,31.0,15.0,28.0,7,,7,17.0,0.0,,8,,,8,19.0,6,20.0,,6,7,,,,,8,25.0,,10.0,13.0,9.0,,8,,12.0,,,7,11.0,,7,,10.0,8,,,7,,,,,13.0,7,28.0,,,7,,14.0,,6,,,,,8,24.0,8,7,7,,13.0,18.0,8,7,,,7,7,8,11.0,8,7,24.0,7,7,8,8,,8,8,8,6,8,,,7,8,,11.0,36.0,,31.0,,,7.0,,8,,7,7,9,21.0,8,7,8,7,8,8.0,,,,,7,18.0,,20.0,14.0,32.0,22.0,14.0,7,10.0,,0,,7,21.0,,14.0,8,7,,,22.0,,11.0,7,14.0,19.0,7,,,,,,,16.0,,,15.0,8,,,,192,7,2.239924234452274,-0.7985819195185296
5,5,4,4,3,4,4,4,5,6,4,5,5,4,2,4,4,4,4,4,4,4,5,2,5,5,5,4,4,5,4,4,5,5,5,4,4,5,5,5,5,3,4,6,4,5,4,4,4,5,5,3,5,4,4,4,4,0,3,4,5,4,4,4,3,4,5,6,4,4,5,5,6,5,4,5,5,4,5,4,4,4,2,3,4,4,3,4,4,4,5,5,5,4,4,4,4,4,5,5,5,5,5,5,5,2,4,3,5,5.0,6,6,5,4,4,3,4,5,5,6,5,2,5,4,5,5,5,4,3,3,4,4,4,4,5,5,5,4,4,5,5,4,0,4,5,4,5,4,5,5,5,5,4,4,4,4,5,5,4,4,3,4,4,4,5,3,2,4,4,4,4,0,3,4,4,5,5,5,5,4,4,5,5,4,4,6,5,4,5,4,4,4,5,4,4,4,0,4,4,4,4,4,5,4,4,4,4,4,4,4,4,4,3,5,4,4,5,5,4,5,5,3,4,4,5,5,4,5,5,5,5,5,4,4,4,5,4,5,5,5,5,5,5,4,5,4,6,6,5,4,5,4,3,4,4,4,4,5,5,5,5,4,5,4,5,5,5,6,5,4,5,4,5,5,5,5,6,5,5,5,4,3,4,4,5,1,4,5,4,6,4,5,4,5,5,4,4,6,5,5,4,4,4,3,4,4,4,5,5,5,4,5,5,5,4,5,5,5,4,5,5,5,5,5,5,5,4,5,5,4,6,5,5,3,6,6,5,5,4,5,3,5,4,4,6,5,4,5,,5,5,5,5,4,6,4,4,4,5,6,5,4,4,4,5,4,4,4,4,5,5,4,4,4,5,4,5,4,5,5,5,5,,21.0,5,5,6,5,5,5,5,6,5,4,5,4,6,5,10.0,5,5,4,6,5,4,4,6,5,2,5,5,4,4,4,12.0,17.0,15.0,4,5,4,4,5,4,5,4,5,4,4,5,4,4,4,6,5,3,5,5.0,5,4,,4,4,5,5,5,4,5,5,5,,4,0,5,4,5,5,24.0,5,4,4,4,5,5,,4,5,5,4,5,5,5,4,6,4,4,25.0,6,6,5,,4,4,4,4,5,5,4,6,6,4,4,0,4,4,4,4,5,5,4,5,6,6,6,6,5,6,4,25.0,4,3,5,5,7.0,4,6,3,5,5,4,5,4,5,,4,,5,4,5,5,4,6,4,5,3,,6,5,5,7,6,6,4,5,5,4,5,4,5,4,5,4,5,4,7,6,5,5,5,6,6,5,,4,5,5,6,6,19.0,5,5,6,4,4,5,24.0,6,4,5,,6,5,5,,7.0,5,4,5,5,4,5,5,6,1,,,25.0,5,8,5,5,4,5,,5,21.0,,5,5,6.0,5,5,3,6,,4,,,6,5,6.0,5,,6,5,6.0,,5,15.0,8.0,,15.0,9.0,,4,,23.0,5,,6,5,5,5,5,,7.0,5,6,,5,6,4,5,6,,,5,4,5,5,4,5,5,,19.0,5,5,,6,13.0,20.0,5,5,,5,6.0,5,4,5,7,,6.0,5,8.0,,6,5,6,7.0,5,6,6,,,,6,6,5,5,,5,,,5,11.0,,5,22.0,6,6,25.0,11.0,6,0.0,5,5,,5,6,5,6,6,7,,,4,,23.0,15.0,12.0,15.0,14.0,4,5,11.0,,5,,5,5,,5,17.0,5,12.0,10.0,,,,5,5,7.0,12.0,6,,,5,,,,5,5,11.0,14.0,,8.0,,4,,,6,,,5,,7.0,,,,,11.0,,12.0,,14.0,15.0,5,6,,,,4,5,5,3,5,7.0,5,5,12.0,5,12.0,3,16.0,5,6,,23.0,4,0.0,4,,,,4,5,,6,13.0,,,5.0,5,24.0,13.0,,22.0,4,,5,7.0,13.0,19.0,6,12.0,,5,,4,5.0,,3,5,,,,0.0,5,20.0,11.0,8.0,,,,5,25.0,,,,5,,,4,,18.0,6,0.0,,5,13.0,,5.0,,17.0,5,7.0,,,5,,,,5,,,,,6,,6,5,5,,14.0,17.0,5,5,,,5,4,6,,5,5,22.0,5,5,5,6,,5,5,5,4,5,16.0,13.0,5,7,,23.0,,,13.0,,,,,6,,5,3,6,10.0,5,5,6,5,6,14.0,,,,,4,18.0,,,21.0,8.0,,10.0,5,,,6,,5,,24.0,13.0,6,5,,24.0,16.0,,,5,18.0,23.0,3,13.0,,,,,,,,,17.0,5,,,,193,7,1.9476526796842546,-0.7872323265442354
4,4,4,4,3,4,4,4,5,5,3,4,4,3,2,4,4,3,3,4,4,3,5,3,4,4,4,4,3,4,3,3,4,4,4,3,2,4,4,4,4,0,3,6,3,4,3,4,4,5,5,3,4,4,4,4,4,4,3,4,4,3,2,3,2,3,4,5,3,4,4,5,5,4,3,4,4,4,4,4,3,3,2,3,3,4,1,3,4,4,4,4,4,3,2,3,3,5,4,4,4,4,5,4,4,3,3,3,4,,5,5,5,3,3,3,3,4,4,4,4,2,4,2,4,4,4,4,3,0,3,3,3,3,4,4,4,4,4,4,4,4,1,3,4,4,4,3,4,4,4,4,3,3,3,4,4,4,4,4,3,4,4,4,4,3,3,3,3,2,3,4,0,1,4,5,4,4,4,4,3,3,4,3,3,5,4,3,4,4,4,3,5,5,4,4,4,4,4,3,4,3,6,3,4,4,3,4,4,4,3,3,3,5,3,3,4,4,4,4,4,3,3,4,4,4,3,4,3,4,4,4,3,3,4,5,4,4,4,5,5,5,4,4,4,4,5,5,4,3,4,4,4,4,3,3,2,4,4,4,5,3,4,3,4,5,5,5,4,3,3,4,4,5,4,3,5,4,4,5,2,4,3,3,4,3,4,4,4,5,3,4,3,5,4,3,3,5,5,5,3,4,4,3,4,4,3,4,4,4,4,4,4,5,4,5,4,4,3,5,4,4,5,4,5,4,3,4,5,3,5,4,5,3,5,5,4,4,3,4,3,0,2,4,5,4,4,4,11.0,5,4,3,4,4,5,4,3,4,5,5,4,4,3,4,4,3,3,3,4,5,4,3,4,4,5,4,4,3,4,4,4,4,8.0,0.0,4,4,5,4,4,0,4,5,4,3,4,4,5,4,12.0,4,4,3,5,4,3,3,4,5,4,4,4,4,4,4,13.0,,,3,4,1,3,4,4,4,3,3,3,3,5,5,4,4,6,4,2,5,,4,3,,3,4,4,4,4,4,5,5,4,,3,6,5,4,5,4,,4,3,4,4,5,4,,4,5,5,4,4,5,4,4,5,3,3,17.0,5,5,4,6.0,4,4,3,3,4,4,3,6,6,3,3,4,4,3,3,3,4,4,4,5,5,5,5,6,5,6,4,7.0,4,4,5,4,21.0,4,5,1,5,5,3,4,4,4,,4,,5,3,4,5,5,6,3,4,3,12.0,5,4,4,6,5,5,4,4,4,4,4,3,4,3,4,4,4,4,5,5,5,5,4,6,5,4,,2,4,4,6,5,28.0,4,5,5,4,3,5,24.0,4,4,4,,5,4,4,,11.0,4,4,5,4,4,4,3,5,3,,,27.0,4,0,5,4,4,5,,4,9.0,,4,5,,4,4,4,5,26.0,4,18.0,20.0,5,5,0.0,4,,5,5,7.0,,4,15.0,9.0,17.0,29.0,8.0,,5,,28.0,4,,5,4,4,5,4,,,4,6,,4,5,4,4,5,,,4,4,4,4,4,4,4,,,4,5,,5,7.0,,0,4,,4,,5,4,5,6,,20.0,4,,,5,4,5,7.0,5,5,5,,,,4,5,5,3,13.0,5,4.0,14.0,3,4.0,,5,6.0,5,5,11.0,,5,12.0,4,4,19.0,5,5,4,5,4,6,,,4,17.0,7.0,15.0,4.0,29.0,30.0,4,4,9.0,,5,,4,5,,4,17.0,5,5.0,,,,,5,5,12.0,,5,9.0,,5,,,,4,4,,11.0,,,,5,,,5,,,5,,,,6.0,14.0,,13.0,8.0,6.0,13.0,,3.0,5,6,10.0,,30.0,4,4,5,4,4,,4,4,28.0,4,,3,31.0,4,5,,,5,,4,11.0,,,5,5,,5,26.0,,27.0,18.0,4,,6.0,,31.0,4,,4,24.0,,,5,15.0,,5,,4,,,3,4,,,,,5,13.0,30.0,22.0,,,,5,28.0,6.0,,,5,7.0,,4,,27.0,5,,16.0,5,19.0,,4.0,,29.0,4,18.0,,31.0,4,,8.0,,4,,,12.0,,5,7.0,5,4,4,,12.0,13.0,5,3,0.0,,4,4,5,,5,5,9.0,5,5,5,5,,6,5,5,3,5,14.0,,4,6,,18.0,,,,,,11.0,,4,,5,4,6,14.0,5,5,5,5,6,,,,,,4,17.0,,18.0,14.0,,12.0,26.0,4,,,5,,5,6.0,,30.0,5,5,,,15.0,,20.0,4,12.0,29.0,5,24.0,,,,,,,,,7.0,6,,,,194,7,2.0432315311597193,-0.7838549279052911
5,4,4,5,4,4,4,5,5,6,4,4,5,4,4,4,4,4,4,4,4,3,5,4,5,5,4,4,3,4,4,4,5,5,5,4,4,5,5,5,5,4,4,6,4,5,4,4,4,6,5,0,5,5,5,5,5,5,4,5,5,5,4,4,2,4,5,6,4,5,5,5,6,5,4,5,5,5,5,4,4,4,3,4,4,5,4,4,5,4,3,5,5,4,5,4,4,5,5,5,5,5,5,5,5,4,4,3,5,,6,6,5,4,3,4,4,5,5,5,5,3,5,4,4,5,5,4,3,3,4,4,4,3,5,4,5,4,5,5,5,4,1,4,5,4,5,4,5,5,5,5,4,4,4,4,5,4,5,5,2,5,4,5,5,3,4,4,4,3,4,4,3,4,4,5,5,5,5,4,3,5,5,4,4,6,4,4,5,5,5,3,5,5,5,5,5,4,4,4,4,4,7,5,5,5,4,4,4,4,4,3,4,5,0,4,5,5,5,5,5,4,4,4,5,5,4,5,5,3,5,4,4,4,4,5,4,5,5,6,5,5,5,5,5,4,5,6,5,4,5,5,4,5,2,4,1,5,4,5,5,4,5,4,5,0,5,6,5,4,5,5,5,5,5,5,6,5,4,5,4,4,4,4,3,3,5,5,5,6,4,5,4,5,5,5,4,6,5,5,4,4,5,4,5,5,4,5,4,5,5,5,5,6,4,6,5,5,4,6,5,5,6,5,5,5,4,5,5,4,6,5,6,4,6,5,4,5,0,5,4,6,4,4,5,4,1,4,15.0,5,5,4,5,5,6,4,4,4,5,6,5,4,4,4,5,2,4,4,5,6,5,4,5,5,6,4,5,4,5,5,5,5,,23.0,5,5,6,5,5,5,5,6,5,4,5,4,6,5,,5,4,4,6,5,4,4,6,5,5,3,5,4,5,5,,,14.0,4,5,4,4,5,5,3,4,5,4,4,5,5,4,5,6,5,4,5,24.0,5,4,12.0,4,4,5,4,5,4,5,5,5,,4,6,5,5,5,4,9.0,5,4,5,5,6,4,,4,6,5,5,5,5,5,5,6,4,4,6.0,6,6,5,7.0,5,5,4,4,3,5,4,6,5,4,4,5,4,4,4,4,5,5,5,5,6,6,6,6,5,6,5,,5,5,6,5,13.0,5,6,5,6,0,4,5,5,6,11.0,5,,5,5,0,6,5,6,3,5,3,20.0,6,5,5,7,4,6,4,5,5,5,5,4,5,4,5,5,5,5,7,6,5,5,5,6,3,5,,5,5,4,6,6,7.0,5,5,5,5,5,5,,5,5,5,,6,4,5,,25.0,6,5,5,4,5,5,5,6,5,,,,5,8,5,5,4,5,,6,,,5,6,12.0,5,5,5,6,8.0,4,15.0,6.0,6,6,15.0,5,,6,5,22.0,,6,,,17.0,,,,6,,,5,13.0,6,5,5,5,5,21.0,,5,6,,5,6,5,5,6,,,5,5,5,5,5,5,5,,,5,6,,6,11.0,7.0,6,5,,4,17.0,6,5,5,7,,6.0,4,,,6,5,6,23.0,5,6,6,,13.0,,6,6,5,5,13.0,6,22.0,18.0,5,17.0,,6,,6,6,17.0,,6,,5,5,27.0,5,6,5,6,5,7,16.0,,5,21.0,26.0,12.0,23.0,21.0,26.0,5,5,24.0,,5,12.0,5,5,,5,8.0,6,,29.0,,,,5,6,8.0,5.0,6,30.0,,5,,,,5,5,,6.0,,7.0,,6,,19.0,6,,,5,,26.0,,28.0,,,24.0,28.0,18.0,22.0,11.0,,5,5,,,25.0,5,5,6,5,5,17.0,5,5,30.0,5,,3,12.0,5,5,,10.0,5,,4,,,,5,6,,6,,,7.0,5.0,5,7.0,13.0,25.0,20.0,5,,5,19.0,27.0,23.0,5,,,5,,4,,,4,5,,,,,6,6.0,0.0,13.0,6.0,17.0,,6,,27.0,,,5,12.0,,5,,15.0,6,,25.0,6,14.0,,9.0,,,5,9.0,,10.0,0,,,,5,,,25.0,,6,0.0,4,5,5,,,,6,3,,,4,5,5,,6,5,28.0,6,5,5,6,,6,6,6,4,6,11.0,,5,7,,24.0,16.0,,0.0,,,,,6,,5,4,6,,5,5,6,5,5,16.0,,,,,5,,,15.0,,,6.0,5.0,5,25.0,,6,,5,,20.0,,6,5,,27.0,11.0,,,4,,,5,12.0,,,,,,12.0,,,5.0,6,,,,195,7,2.0974369617100797,-0.794877161909536
4,4,4,4,3,2,4,4,4,5,4,3,4,3,3,4,4,3,4,2,2,3,5,3,4,4,5,4,4,4,4,4,5,5,5,4,4,5,5,4,4,0,3,5,4,4,4,4,4,5,5,3,4,4,4,4,4,4,4,4,4,3,3,4,3,1,4,5,4,4,4,0,5,4,4,0,5,4,4,4,4,4,3,3,4,4,3,3,4,2,4,4,2,3,3,3,3,5,5,4,4,5,5,4,4,3,0,3,4,10.0,5,5,5,4,3,3,4,4,4,5,4,3,4,4,4,4,5,4,3,3,3,4,4,3,5,4,1,4,4,4,4,4,3,2,5,4,4,4,5,4,4,4,4,4,4,4,4,4,4,4,2,4,4,2,4,3,3,3,4,3,4,4,3,4,4,5,4,4,0,4,2,4,5,3,3,5,4,3,4,0,4,2,5,5,4,5,3,0,3,1,3,3,7,3,3,1,3,3,4,4,4,4,3,4,4,3,5,4,4,4,4,4,4,4,5,4,4,5,4,4,4,4,3,4,4,5,4,4,4,5,5,5,4,4,5,4,5,5,4,3,5,4,4,4,4,4,3,4,4,4,5,4,4,4,3,4,4,5,4,4,4,4,5,5,5,4,5,4,4,4,3,4,3,3,3,3,4,4,4,5,4,4,4,5,4,4,4,5,5,5,4,3,4,4,4,4,4,5,4,4,4,1,4,5,4,5,4,5,4,5,3,4,5,5,5,4,4,4,5,4,5,5,5,3,5,5,4,4,4,4,4,5,3,4,5,4,4,4,,4,4,4,4,4,6,4,4,4,2,5,4,0,4,4,4,4,3,4,4,5,5,4,4,4,5,4,4,3,5,4,4,4,6.0,20.0,5,5,5,4,4,4,4,5,5,4,5,4,5,5,18.0,4,4,4,5,5,4,3,5,4,3,4,5,4,4,4,,,10.0,4,4,3,3,4,4,4,3,4,4,4,5,5,4,4,5,2,1,5,17.0,4,4,18.0,4,4,5,4,4,4,5,4,4,,4,5,4,4,5,4,,4,4,3,4,5,4,,4,5,4,4,4,5,5,4,6,4,4,,5,5,4,,4,4,4,4,4,5,4,5,5,4,4,5,4,2,3,4,4,5,3,4,5,5,5,5,4,5,4,12.0,4,4,5,4,,4,5,3,5,5,4,4,3,5,,5,,4,4,5,5,5,5,4,5,3,7.0,6,5,4,6,5,5,4,5,4,4,5,4,5,4,4,4,4,4,7,6,5,5,4,6,5,4,,4,4,5,6,5,,4,3,0,5,4,4,25.0,4,4,4,,5,4,5,,9.0,5,4,5,5,4,5,4,5,2,13.0,,21.0,5,8,5,5,4,4,,5,,,4,5,18.0,5,4,4,5,8.0,4,12.0,10.0,5,5,8.0,4,,6,5,13.0,,4,21.0,5.0,,,8.0,,5,,13.0,5,,5,4,4,5,4,8.0,,4,5,,5,5,4,4,5,,,4,4,5,5,4,4,4,,23.0,4,5,,5,,30.0,5,5,,3,5.0,5,4,5,6,,,4,11.0,18.0,6,4,5,,5,5,5,,28.0,,5,5,4,5,,5,6.0,8.0,4,13.0,,5,,5,5,6.0,11.0,6,31.0,5,4,28.0,5,5,4,5,4,6,26.0,,5,8.0,,10.0,12.0,16.0,8.0,4,4,3.0,,5,10.0,5,5,,4,24.0,5,4.0,,,,,5,5,,8.0,5,17.0,,5,,,,2,5,23.0,,,21.0,,5,,13.0,5,,,5,,,,,,,26.0,,14.0,15.0,,6.0,5,5,13.0,,7.0,4,5,5,3,5,9.0,5,5,18.0,4,,2,,4,4,,,5,,4,,,,5,5,,6,26.0,,32.0,20.0,4,12.0,,,8.0,5,,5,18.0,17.0,,5,,,5,,4,17.0,,4,5,,,,,5,12.0,11.0,,16.0,,,5,9.0,8.0,,,5,,,4,,32.0,5,,7.0,5,23.0,,8.0,,,5,5.0,,5.0,4,,20.0,,4,,,,,5,16.0,5,3,5,,13.0,,5,5,,,3,4,4,11.0,5,5,7.0,5,5,5,5,,6,5,5,3,5,29.0,14.0,4,6,,14.0,,,,,,10.0,,5,,5,4,6,11.0,5,5,5,5,5,23.0,0.0,,,,4,6.0,,5.0,,,16.0,32.0,4,,,5,,5,,25.0,26.0,4,5,,8.0,26.0,,12.0,5,32.0,27.0,5,8.0,,,,,,6.0,,,19.0,6,,,,196,7,1.9901019499158659,-0.8049012305740052
5,5,4,4,4,4,5,5,5,6,4,5,5,4,5,4,1,4,4,4,4,4,5,4,5,5,5,5,4,5,4,4,5,5,5,4,5,5,5,5,5,4,4,6,4,4,4,5,5,5,5,4,5,5,5,5,5,5,4,5,5,5,2,3,4,5,4,6,4,4,3,5,6,5,4,5,0,4,0,4,4,4,3,4,4,5,4,3,5,4,5,5,5,4,5,5,4,5,5,5,5,5,5,5,5,3,3,3,5,21.0,6,6,5,4,3,4,4,5,5,6,5,3,5,5,4,5,5,5,4,4,5,4,4,4,5,5,5,4,5,5,5,5,3,4,5,4,5,4,5,5,5,5,4,4,4,4,5,5,1,3,2,4,4,4,5,3,4,5,4,4,4,5,4,4,4,5,5,5,6,4,4,3,4,4,4,6,4,4,4,4,4,4,5,5,5,5,4,5,5,5,5,3,7,4,5,5,4,5,4,3,2,4,4,5,5,4,5,5,5,5,5,4,0,4,4,5,4,5,5,5,4,5,5,1,3,4,3,3,4,5,0,4,4,4,4,4,6,6,5,2,5,5,4,4,4,4,3,5,4,5,5,5,5,4,0,6,6,6,5,4,5,5,5,5,5,5,6,5,4,5,4,4,3,4,5,4,5,5,4,6,4,5,5,5,5,4,4,6,5,5,4,4,5,4,5,5,5,5,4,5,4,5,5,5,4,6,5,5,4,4,5,5,5,5,6,5,4,5,5,4,6,5,6,4,6,6,5,5,4,5,4,6,5,5,6,5,5,5,,5,6,4,5,4,6,4,4,4,5,6,5,5,4,3,5,4,4,4,5,6,5,4,4,5,5,3,5,4,5,5,5,5,23.0,,0,5,6,5,5,5,5,6,5,4,5,4,6,5,7.0,5,5,4,6,5,4,3,6,5,5,5,5,4,5,5,6.0,19.0,,4,5,4,4,5,5,5,3,5,5,4,5,5,5,5,6,5,3,6,11.0,5,4,10.0,5,4,5,5,5,5,5,5,5,,4,6,5,4,5,5,,5,5,4,5,5,5,,4,6,5,4,5,5,5,5,6,4,4,24.0,6,5,4,10.0,3,5,5,5,5,5,4,6,6,4,4,5,5,4,4,4,5,5,5,5,6,6,6,6,5,4,4,,5,4,6,5,,5,6,5,6,6,4,5,5,6,21.0,5,,5,5,5,6,5,6,4,5,4,,6,5,5,7,6,6,4,5,4,5,5,4,5,4,5,4,5,4,7,5,6,5,5,7,5,5,,5,5,5,7,6,26.0,5,5,6,5,5,5,16.0,6,5,5,,6,5,5,,10.0,6,5,5,5,4,5,5,5,5,6.0,,9.0,5,8,4,6,4,5,,6,,,4,6,8.0,5,5,4,6,6.0,5,21.0,,6,6,,5,,6,6,10.0,,5,20.0,7.0,21.0,8.0,14.0,,5,,10.0,5,14.0,5,5,4,5,5,9.0,29.0,5,6,,5,6,4,5,6,,,5,5,5,5,5,5,5,,,5,6,,6,19.0,,6,5,,5,,6,5,5,7,,20.0,5,,,6,5,6,22.0,5,6,6,,,,6,6,6,5,27.0,5,,11.0,5,20.0,,5,5.0,6,6,,,6,10.0,5,5,,5,6,4,6,5,6,,,5,,18.0,21.0,,,28.0,4,4,,,6,,5,5,,5,19.0,5,10.0,,,,,5,6,12.0,9.0,5,,,5,,,,5,5,15.0,8.0,,17.0,24.0,5,,,6,,,5,,27.0,,,19.0,,,,18.0,,11.0,13.0,5,6,,15.0,17.0,5,5,5,4,5,6.0,5,5,,5,11.0,4,11.0,5,6,,16.0,5,,0,,,,5,6,,6,,,,16.0,5,12.0,20.0,,5.0,5,,5,,24.0,24.0,6,14.0,,5,25.0,4,,,4,5,,,,,6,13.0,16.0,,11.0,25.0,,6,24.0,26.0,,,5,20.0,,5,,11.0,6,,11.0,5,22.0,,10.0,,8.0,5,7.0,,24.0,4,,,,5,,,11.0,,6,11.0,6,5,5,,18.0,9.0,6,5,,,5,5,6,12.0,6,6,10.0,5,5,5,5,,6,5,0,4,6,,29.0,6,6,,,17.0,,,,,,,6,,5,5,6,21.0,6,6,7,6,7,,,,0.0,,4,26.0,,,6.0,28.0,10.0,11.0,5,13.0,,6,,5,25.0,5.0,,6,5,,22.0,,,,5,0.0,29.0,5,12.0,,,,,,7.0,,,,6,,,,197,7,2.0022781402091723,-0.7820801615933837
4,4,4,4,4,4,4,4,4,5,4,4,4,3,4,4,4,3,4,0,4,3,5,3,4,4,5,4,2,4,4,4,5,5,5,4,4,5,4,5,5,3,3,6,3,4,4,4,4,5,5,3,1,4,4,4,4,4,3,4,2,0,3,3,3,4,4,4,4,4,4,5,6,5,4,5,5,4,4,4,4,3,3,3,4,4,3,2,4,4,4,3,4,4,4,4,4,5,4,4,4,4,5,3,3,3,3,3,4,12.0,5,5,5,4,3,3,4,5,4,5,4,3,4,4,4,4,5,4,2,3,4,4,3,3,5,4,4,4,4,4,4,4,3,4,4,3,3,2,4,4,2,4,3,4,3,3,4,3,4,4,1,3,4,4,4,4,2,4,3,3,4,4,3,3,4,5,4,3,4,3,3,3,4,3,4,5,4,4,4,4,4,4,5,4,3,4,4,4,4,4,4,4,6,4,4,4,4,4,4,4,3,4,3,4,3,4,4,4,4,4,4,4,4,4,5,4,3,5,4,4,4,3,0,4,4,4,4,4,4,5,5,5,4,4,4,4,5,5,5,3,3,4,3,4,4,4,3,5,4,5,5,4,4,4,3,3,4,0,4,3,4,4,4,5,4,2,5,4,4,5,3,4,3,3,4,4,4,5,3,5,3,4,3,5,4,3,3,5,5,5,3,3,3,3,4,4,4,4,4,4,4,4,4,5,4,5,3,5,4,3,3,2,5,4,5,4,3,4,5,3,6,4,5,3,5,5,4,4,4,4,3,5,4,4,5,4,4,4,,4,4,2,4,4,5,4,2,4,4,4,1,4,3,4,5,3,3,4,3,5,4,0,4,4,5,4,3,3,4,4,3,4,4.0,9.0,4,4,5,4,2,4,4,4,4,3,4,4,4,4,8.0,4,4,4,5,4,0,3,5,5,4,4,4,4,2,4,,0.0,12.0,4,4,3,3,4,4,4,3,5,4,4,5,4,4,4,6,4,1,5,11.0,5,4,20.0,3,3,5,4,5,0,5,5,3,,4,5,4,4,5,4,23.0,4,4,4,4,5,4,,4,5,4,0,4,5,5,5,6,3,3,,5,5,4,,4,4,4,4,4,5,4,5,5,4,4,5,4,3,4,3,5,5,4,3,5,5,5,4,4,5,4,,4,4,5,5,13.0,4,5,4,5,5,3,4,4,5,6.0,5,,4,4,5,5,4,5,3,5,2,14.0,6,5,4,4,5,5,4,4,4,4,5,4,5,4,4,4,4,4,7,6,5,5,1,6,5,4,,4,4,4,6,5,26.0,4,4,2,4,4,5,,5,4,4,,5,4,5,,26.0,5,4,5,5,4,5,4,5,4,7.0,,7.0,5,6,5,5,4,4,,5,,,4,4,12.0,5,4,4,5,,4,,,5,5,5.0,5,,5,5,9.0,,5,11.0,,14.0,,14.0,,5,,,4,23.0,5,4,4,4,4,,16.0,4,5,,5,5,3,4,5,,,4,4,5,5,4,4,4,,,4,5,,5,14.0,6.0,5,5,0.0,4,,5,4,5,6,,,4,5.0,8.0,4,4,5,9.0,5,5,5,,27.0,,6,5,4,5,,5,,16.0,4,,,5,11.0,4,5,,15.0,5,13.0,5,4,16.0,5,5,4,5,4,6,,,4,10.0,4.0,,,,8.0,4,4,,,5,9.0,4,5,,4,14.0,4,28.0,8.0,,,,5,5,6.0,20.0,5,4.0,,5,,,,5,5,20.0,13.0,,10.0,10.0,5,,,5,,,4,,10.0,,9.0,20.0,,4.0,,9.0,6.0,9.0,8.0,5,5,8.0,,,4,4,5,4,4,,5,5,7.0,4,,3,15.0,4,5,,16.0,4,,4,8.0,,,4,5,,6,21.0,,,,4,23.0,,,5.0,4,,5,,,18.0,5,20.0,,5,,4,6.0,,3,5,,,,,5,14.0,,27.0,,,,5,7.0,,,,5,16.0,,4,,,5,,25.0,5,18.0,,5.0,,8.0,4,6.0,,8.0,4,,7.0,,5,,,24.0,,5,23.0,5,5,5,,,28.0,5,5,,,5,4,5,12.0,5,4,13.0,5,5,5,5,,6,5,5,4,5,,10.0,5,6,,,,,13.0,,,,,4,,5,4,5,4.0,5,5,5,5,5,25.0,,,,,2,18.0,,18.0,19.0,24.0,,26.0,4,,,6,,5,,16.0,20.0,5,5,,8.0,13.0,,10.0,5,25.0,10.0,5,12.0,,,,,,11.0,,,,5,,,,198,7,1.966730517189233,-0.7930978572833236
4,0,2,3,3,2,3,5,5,5,4,4,4,4,4,3,4,4,4,4,4,3,5,4,5,5,5,4,4,5,4,4,5,5,5,4,4,4,5,5,5,4,4,6,4,4,2,5,4,5,5,4,4,4,3,4,4,3,1,3,4,4,3,3,4,4,4,5,3,4,5,4,6,5,4,5,5,4,4,4,4,4,3,3,3,5,4,4,4,4,5,5,4,4,5,5,3,5,5,4,4,4,4,4,4,3,4,3,5,6.0,6,6,5,4,4,4,4,5,4,5,3,2,5,5,4,4,3,3,3,3,4,3,3,3,5,5,5,3,4,4,0,4,3,4,4,4,5,4,5,3,4,4,4,4,4,3,4,4,4,4,2,4,2,4,3,4,3,5,4,4,4,5,4,4,2,4,5,5,5,3,4,4,5,4,4,5,4,4,4,4,4,4,4,4,3,3,5,5,5,4,5,4,7,4,5,4,4,5,0,3,4,3,4,5,4,3,4,4,4,5,5,4,4,4,5,4,3,4,5,5,4,4,4,4,4,5,4,4,4,5,5,5,4,4,5,4,6,6,5,3,4,5,3,4,3,3,4,5,4,5,5,4,5,4,5,5,5,6,4,4,5,3,4,4,4,5,5,5,4,5,4,1,3,3,4,1,3,4,4,6,4,5,4,5,5,4,4,5,5,5,4,4,4,3,4,3,4,5,4,5,4,5,5,5,4,6,4,5,4,5,4,4,5,4,5,5,4,4,5,4,6,5,6,3,5,5,5,4,4,5,4,5,4,5,5,5,4,4,28.0,5,5,4,5,4,5,4,4,4,5,6,5,4,4,4,5,4,4,4,4,5,5,3,4,4,5,4,4,2,5,4,4,5,12.0,10.0,5,3,5,5,4,4,5,5,5,3,5,4,5,5,12.0,4,4,4,6,5,4,3,5,5,0,5,5,3,3,5,17.0,,15.0,4,4,4,4,4,4,4,3,5,4,4,4,4,4,4,0,4,3,5,20.0,5,4,13.0,4,4,5,5,5,4,4,4,4,,4,6,5,4,5,4,9.0,5,4,4,4,5,4,,4,5,0,4,4,5,5,5,6,4,4,8.0,6,5,3,,4,3,5,4,5,5,4,6,6,4,4,5,4,4,3,1,5,5,5,5,6,6,6,6,5,6,4,9.0,5,4,5,5,,4,5,5,4,4,4,5,3,5,,5,,5,4,5,5,5,6,4,4,4,10.0,6,5,5,7,5,5,4,5,4,4,5,4,5,4,4,4,5,3,7,6,5,5,5,6,5,4,,5,5,4,6,6,10.0,5,5,6,4,5,5,15.0,5,4,4,,5,5,5,,8.0,5,4,4,5,4,5,5,3,5,5.0,,,5,8,4,5,4,5,,5,,,5,5,21.0,4,4,4,6,27.0,4,,4.0,5,5,19.0,5,,6,5,29.0,,5,10.0,5.0,,21.0,11.0,,4,,16.0,5,23.0,5,4,4,5,5,,20.0,5,6,,5,6,4,5,6,,,5,4,5,5,4,5,5,,11.0,5,5,,5,,13.0,5,5,,5,9.0,4,3,5,6,,27.0,4,8.0,17.0,6,4,6,,4,5,6,,9.0,,6,5,5,5,5.0,5,14.0,6.0,5,13.0,,5,,5,6,27.0,17.0,6,0.0,5,4,5.0,5,6,5,6,5,6,4.0,,4,12.0,,,5.0,11.0,6.0,4,4,,,6,,5,5,,5,11.0,5,21.0,,,,,5,5,19.0,29.0,5,13.0,,5,,,,5,5,12.0,,,22.0,,5,,,6,,,5,,,,,16.0,,24.0,21.0,4.0,26.0,,,4,6,24.0,17.0,,3,5,5,1,5,,4,5,28.0,5,10.0,4,,5,5,,,4,,4,24.0,,,4,6,,6,0.0,,18.0,19.0,5,7.0,4.0,,28.0,4,,5,27.0,22.0,,5,,,5,10.0,4,,,3,5,,,,,4,10.0,19.0,,6.0,11.0,,5,8.0,,,,5,,,3,,,6,,,5,18.0,,,,26.0,5,19.0,,9.0,3,,,,5,,,13.0,,6,20.0,6,5,5,,19.0,,5,5,,,5,5,6,,4,5,,5,5,5,5,,5,5,5,4,5,15.0,,5,6,,13.0,6.0,,,,,14.0,,5,,4,4,6,,5,5,6,5,6,,,,,0.0,4,21.0,,11.0,9.0,,12.0,7.0,4,,,6,,5,6.0,,,6,5,,,18.0,,24.0,5,,28.0,4,5.0,,,,,,23.0,,,0.0,5,,,,199,7,1.968608054910667,-0.759288107487107
