0,1,2,3,4,5,6,7,8,9,10,11,12,13,14,15,16,17,18,19,20,21,22,23,24,25,26,27,28,29,30,31,32,33,34,35,36,37,38,39,40,41,42,43,44,45,46,47,48,49,50,51,52,53,54,55,56,57,58,59,60,61,62,63,64,65,66,67,68,69,70,71,72,73,74,75,76,77,78,79,80,81,82,83,84,85,86,87,88,89,90,91,92,93,94,95,96,97,98,99,100,101,102,103,104,105,106,107,108,109,110,111,112,113,114,115,116,117,118,119,120,121,122,123,124,125,126,127,128,129,130,131,132,133,134,135,136,137,138,139,140,141,142,143,144,145,146,147,148,149,150,151,152,153,154,155,156,157,158,159,160,161,162,163,164,165,166,167,168,169,170,171,172,173,174,175,176,177,178,179,180,181,182,183,184,185,186,187,188,189,190,191,192,193,194,195,196,197,198,199,200,201,202,203,204,205,206,207,208,209,210,211,212,213,214,215,216,217,218,219,220,221,222,223,224,225,226,227,228,229,230,231,232,233,234,235,236,237,238,239,240,241,242,243,244,245,246,247,248,249,250,251,252,253,254,255,256,257,258,259,260,261,262,263,264,265,266,267,268,269,270,271,272,273,274,275,276,277,278,279,280,281,282,283,284,285,286,287,288,289,290,291,292,293,294,295,296,297,298,299,300,301,302,303,304,305,306,307,308,309,310,311,312,313,314,315,316,317,318,319,320,321,322,323,324,325,326,327,328,329,330,331,332,333,334,335,336,337,338,339,340,341,342,343,344,345,346,347,348,349,350,351,352,353,354,355,356,357,358,359,360,361,362,363,364,365,366,367,368,369,370,371,372,373,374,375,376,377,378,379,380,381,382,383,384,385,386,387,388,389,390,391,392,393,394,395,396,397,398,399,400,401,402,seed,complex_param,EPH,corr
6,4,6,5,5,5,6,6,6,4,5,5,5,3,6,5,5,6.0,6.0,4,3,6,6,6,6,6,5,5,1,6,6,5,5,6,6,5,5,6,5,6,6,6,6,6,7.0,6,6,6,5,6,7.0,6,5,,6,5,6,5,5,0,3,5,6.0,6,7.0,0,,6,5,,5,4,6,6,5,5,6,6,0,5,4,6,6,6,6,5,5,5,6,6,6,5,7.0,6,,3,4,6,3,3,3,5,5,1,4,4,7.0,6.0,5,6,6,6,6,5,7.0,5,5,6,5,6,7.0,6,6,6,5,6,6,6,6,6,6,5,6.0,6.0,4,5,6,7.0,6,6,6,5,0,6,6,6,6,7.0,6,7.0,7.0,7.0,5,,6,6,6.0,6,6,4,6,6,6,5,6,3,7.0,7.0,4,6,6,7.0,5,6,6,7.0,6,6,7.0,6,6,6,7.0,5,5,5,5,6,6,6,5,4,5,5,6,5,6,2,0,0,6.0,6,5,6,7.0,6,6,5,6,6,6,6,6.0,,5,6,6,6,5,6,6,6,5,5,6,,7.0,6,7.0,,0.0,5,6,6,6,6,6.0,,7.0,5,6,2,6,5,6,6,6,5,6,4.0,7.0,5,6,4,7.0,6.0,6.0,6,5,6,2,6.0,5,,6,6,6,6,6,5,7.0,6,6,6,6,5,6,7.0,6.0,7.0,6,6,6,,6,6,6,5,3,5,5,5,5,6,6,0,6,0.0,7.0,5,6,6,5,,6,6,6.0,6,6,7.0,6,7.0,7.0,5,,6,6,6.0,6,6,6,7.0,5,5,6,6.0,6,0.0,5,,6,5,6,6,5,,6.0,6,6.0,7.0,6,6,6,5,6,4,7.0,6,6,5,6,6,6,6,6,5,6,5,,6,5,,5,5,6,3,5,6,7.0,5,6,6,6,6,6,6,6,6.0,,5,5,5.0,7.0,7.0,,7.0,6,6,6,6.0,,7.0,,6,,6,,,6,5,6,6.0,7.0,0,10,1.749803428211983,-0.6469726829496341
4,4,1,4,4,5,5,5,5,3,5,5,5,5,5,5,5,6.0,6.0,4,4,5,5,5,5,4,4,5,5,0,4,3,5,6,4,4,5,5,5,5,5,5,5,5,6.0,5,5,5,3,5,6.0,5,5,,5,5,5,5,5,4,5,4,0.0,5,6.0,5,,5,5,,4,3,6,5,5,4,5,6,5,5,3,5,4,5,5,4,5,4,5,5,6,4,0.0,5,,4,4,5,5,5,5,5,5,5,4,4,6.0,6.0,5,5,5,5,5,4,6.0,5,5,5,5,5,4.0,6,5,1,4,5,5,5,5,5,5,4,6.0,6.0,6,5,6,6.0,1,5,5,4,5,5,5,5,0,6.0,3,6.0,6.0,6.0,4,,5,6,6.0,5,5,4,5,5,5,2,5,5,6.0,,4,5,5,5.0,0,5,5,6.0,4,1,5.0,5,5,5,6.0,2,4,5,2,5,2,5,2,5,4,5,5,5,4,3,5,4,6.0,5,5,5,6.0,4,5,5,5,5,5,5,6.0,,5,5,5,6,4,5,5,5,5,4,5,,5.0,5,6.0,,,5,5,5,5,5,6.0,6.0,0.0,5,5,5,5,5,5,6,5,3,5,5.0,6.0,5,5,4,6.0,5.0,6.0,5,5,5,5,6.0,5,,5,5,5,5,5,5,6.0,5,5,6,5,5,5,6.0,6.0,,6,5,6,,5,5,5,4,5,5,3,4,0,5,5,6,0,,6.0,4,6,5,4,,5,4,5.0,5,5,6.0,5,6.0,5.0,5,,5,4,3.0,5,5,5,6.0,5,6,5,6.0,5,6.0,3,,5,5,5,5,5,,6.0,5,4.0,6.0,5,5,5,5,5,5,6.0,3,5,5,5,5,5,6,5,2,5,5,,4,0,,5,4,4,5,5,6,6.0,5,5,5,4,5,0,4,1,5.0,,4,5,4.0,6.0,6.0,,6.0,6,5,6,4.0,,,,5,,1,6.0,,5,5,5,5.0,6.0,1,10,1.7307302231237325,-0.6061172105954689
4,4,4,4,2,4,4,4,4,4,3,3,4,4,4,4,4,5.0,4.0,3,0,4,4,4,4,4,3,3,4,3,4,3,0,5,3,3,4,4,3,4,4,4,4,4,5.0,4,3,4,4,4,5.0,2,4,,4,0,4,4,4,3,4,4,5.0,4,5.0,4,,4,2,,3,3,2,4,2,1,4,0,4,4,2,4,3,4,4,4,4,3,4,4,5,3,5.0,1,,3,2,2,3,4,0,4,4,4,3,4,5.0,5.0,4,0,3,4,4,3,5.0,3,4,4,4,5,5.0,4,4,4,3,4,4,4,4,4,1,2,5.0,5.0,5,4,5,5.0,3,4,4,3,4,4,4,4,4,5.0,4,5.0,5.0,5.0,2,,4,5,5.0,4,3,1,0,4,4,4,4,4,5.0,,4,4,4,5.0,3,4,5,5.0,5,4,5.0,4,4,4,5.0,4,3,4,4,4,5,4,3,3,2,4,4,4,4,3,0,4,0.0,4,1,4,5.0,3,4,3,1,4,4,4,5.0,,3,4,3,5,3,3,4,4,4,3,4,,5.0,4,5.0,,5.0,4,4,5,4,4,4.0,,5.0,4,4,4,4,4,4,5,4,3,4,5.0,5.0,4,4,4,5.0,5.0,5.0,4,4,4,3,4.0,4,,5,4,4,5,4,1,5.0,4,4,4,4,4,2,4.0,5.0,,2,4,5,,4,4,4,4,4,4,3,3,4,4,4,4,4,,5.0,4,5,4,4,,4,4,5.0,4,4,5.0,5,5.0,5.0,4,,4,4,5.0,5,5,4,5.0,5,4,4,5.0,3,5.0,4,5.0,4,4,4,4,4,,5.0,5,3.0,5.0,3,3,0,4,4,4,5.0,4,4,5,4,1,4,5,4,2,4,4,,4,4,,4,4,4,4,4,5,5.0,4,5,4,4,4,4,4,4,5.0,4.0,4,3,4.0,5.0,5.0,,5.0,5,4,5,5.0,,,,4,,4,,,4,4,4,5.0,5.0,2,10,1.5969241169511577,-0.6485462574078756
4,4,4,4,4,4,4,4,1,1,4,4,4,3,4,3,0,4.0,5.0,4,2,5,4,5,4,4,4,4,4,5,4,3,4,5,3,4,5,4,4,5,5,5,5,5,,4,4,5,4,5,5.0,4,2,,4,4,4,4,4,4,3,4,5.0,4,,3,,0,4,,1,3,5,5,4,4,4,5,5,4,3,4,4,4,5,2,4,4,4,5,5,3,,5,,3,4,4,0,1,1,3,2,5,3,0,5.0,5.0,4,5,4,5,4,3,5.0,4,4,5,4,5,5.0,3,5,4,3,4,4,4,5,5,2,4,5.0,5.0,5,4,5,4.0,4,5,4,2,5,4,5,4,4,,5,5.0,5.0,5.0,4,,4,0,5.0,4,5,2,4,5,5,4,5,5,4.0,,4,5,5,5.0,4,5,5,5.0,5,5,5.0,4,3,4,,5,4,5,4,2,5,5,3,4,4,4,4,4,1,3,4,4,5.0,4,4,5,5.0,4,5,3,5,0,5,4,4.0,,4,4,5,5,4,4,5,5,4,3,5,,5.0,4,5.0,5.0,,4,2,4,4,4,5.0,,5.0,0,3,4,4,4,3,5,5,3,5,5.0,5.0,4,4,4,5.0,5.0,5.0,4,4,4,4,5.0,4,,5,4,4,5,5,5,5.0,5,5,5,4,4,4,5.0,5.0,,5,5,4,,4,4,4,3,4,4,4,4,4,5,5,5,0,,5.0,4,5,4,4,,5,4,5.0,4,4,5.0,5,5.0,5.0,2,,5,4,5.0,5,5,5,5.0,5,4,4,5.0,4,0.0,4,,5,4,4,4,4,,5.0,5,5.0,5.0,4,5,3,4,5,4,5.0,0,4,5,4,5,5,5,5,4,4,4,,4,4,,4,3,4,4,4,5,5.0,4,5,3,4,4,5,4,2,5.0,,4,4,5.0,4.0,5.0,,5.0,5,5,4,5.0,,,,4,,5,,,4,4,5,5.0,5.0,3,10,1.6132198952879582,-0.6499023889588994
5,6,6,6,5,6,0,4,6,4,5,6,6,5,6,6,6,7.0,7.0,6,5,7,6,6,6,5,6,5,6,5,6,6,6,6,5,6,6,7,6,7,6,6,6,6,7.0,6,6,6,5,6,7.0,6,5,,6,5,6,6,6,5,5,0,7.0,6,7.0,6,,6,5,,6,5,7,7,6,6,6,6,4,6,5,6,5,6,6,6,6,5,6,6,7,5,7.0,6,,5,1,6,6,6,0,1,6,6,5,3,7.0,7.0,5,6,6,6,6,6,7.0,5,4,6,6,7,7.0,7,6,6,5,6,6,6,6,6,6,4,7.0,7.0,7,6,7,7.0,6,6,6,5,6,5,6,6,6,7.0,6,7.0,7.0,7.0,5,,6,7,7.0,6,7,4,6,6,6,6,7,7,,,6,6,7,7.0,5,6,7,7.0,7,7,7.0,6,6,6,7.0,7,0,6,6,6,7,6,5,6,6,6,6,5,6,4,6,6,7.0,6,5,6,7.0,6,6,6,6,3,7,6,7.0,,3,6,6,7,5,6,6,6,6,6,6,,7.0,6,7.0,,,6,6,7,6,6,7.0,,7.0,6,6,6,6,6,6,7,6,4,5,7.0,3.0,6,6,6,7.0,7.0,7.0,6,6,6,6,7.0,6,,6,6,6,7,6,5,5.0,5,6,6,0,6,6,7.0,7.0,,6,6,7,,6,5,6,5,6,6,6,0,6,5,6,7,6,5.0,7.0,6,6,6,6,,7,6,7.0,3,5,7.0,6,7.0,0.0,5,,4,6,7.0,6,7,0,7.0,7,6,6,7.0,6,7.0,6,,6,6,0,6,6,,7.0,6,7.0,5.0,6,6,6,6,0,6,6.0,6,6,6,6,6,2,7,6,5,6,6,,6,5,,6,5,6,6,5,7,7.0,5,6,6,1,6,7,6,6,7.0,,6,6,7.0,7.0,7.0,,7.0,7,7,7,7.0,,,,6,,6,,,6,6,6,7.0,7.0,4,10,1.8932200566383475,-0.6681781300020253
6,5,6,4,5,6,5,6,5,6,6,6,6,5,6,6,6,,6.0,5,4,6,6,6,6,5,5,5,6,6,6,5,5,6,5,5,6,6,5,6,6,6,6,6,,6,5,5,5,0,,6,0,,5,5,5,5,6,5,5,5,6.0,6,,6,,6,5,,4,0,6,6,5,5,6,6,6,6,4,5,5,6,6,5,5,4,6,6,6,5,,6,,5,3,6,5,5,5,6,5,6,4,5,,6.0,5,6,2,6,6,4,,2,5,6,6,6,6.0,6,6,0,4,6,6,0,3,6,6,5,6.0,,6,1,6,,5,3,6,3,6,5,6,6,6,,4,,,,6,,5,6,6.0,6,6,5,6,6,6,5,6,6,,,5,6,6,,5,6,6,,6,4,,6,6,5,,6,5,5,5,4,6,6,5,5,5,6,5,5,6,3,6,5,6.0,6,6,6,,6,6,6,6,6,6,6,,,5,6,6,6,4,5,3,6,0,5,6,,6.0,6,6.0,,,6,5,6,5,6,6.0,,,5,6,6,5,5,6,6,6,5,6,6.0,,6,6,6,,6.0,6.0,5,6,4,6,6.0,5,,6,5,6,6,6,6,,6,6,6,6,6,5,6.0,6.0,,6,6,0,,5,6,6,5,6,5,5,4,5,6,6,6,6,,6.0,4,6,3,5,,6,6,6.0,4,5,,3,6.0,,5,,6,6,6.0,6,6,6,0.0,6,6,5,6.0,6,6.0,5,0.0,6,5,6,5,6,,6.0,6,1.0,,6,6,1,5,5,5,6.0,6,6,6,6,6,6,6,6,5,6,2,,5,5,,6,0,5,6,5,6,,5,6,6,5,5,6,5,6,,,5,5,6.0,,6.0,,6.0,6,6,6,6.0,,,,6,,6,,,5,6,6,6.0,,5,10,1.827575277337559,-0.5778805887065964
5,4,5,4,2,5,5,5,4,5,5,5,5,0,5,5,5,6.0,5.0,5,3,5,4,5,5,2,4,4,5,5,5,3,5,5,4,4,5,5,2,5,5,5,5,5,6.0,5,5,5,5,5,6.0,5,5,0.0,1,4,5,5,5,5,4,0,6.0,5,6.0,5,,5,5,,4,3,5,5,5,5,5,6,5,5,4,4,4,5,5,4,5,4,5,5,6,3,4.0,5,,4,4,5,4,5,4,5,5,5,3,1,6.0,6.0,5,5,5,5,5,4,6.0,3,5,5,5,5,6.0,6,5,5,4,5,5,5,5,5,6,5,6.0,6.0,6,4,5,6.0,5,5,5,3,5,5,5,2,5,6.0,5,6.0,6.0,6.0,5,,5,5,5.0,5,6,4,5,5,2,5,0,4,6.0,,4,5,6,6.0,4,5,5,6.0,6,5,6.0,5,5,5,6.0,5,4,5,5,5,2,5,4,4,0,5,5,4,5,2,5,4,3.0,5,4,5,6.0,4,5,4,5,5,5,5,6.0,,4,5,5,5,4,5,5,0,4,4,6,,6.0,5,5.0,,,5,5,5,5,0,6.0,5.0,6.0,3,5,5,5,5,5,5,5,4,5,5.0,6.0,5,5,5,6.0,5.0,6.0,5,4,5,4,3.0,4,,5,5,5,5,5,5,6.0,5,4,5,4,3,5,6.0,6.0,,5,5,0,,5,5,5,0,5,4,4,4,5,5,5,5,5,,6.0,4,5,5,5,,5,5,5.0,5,5,6.0,5,6.0,6.0,5,,1,5,6.0,6,5,5,6.0,5,5,5,5.0,5,6.0,4,,5,4,5,5,5,,6.0,5,6.0,6.0,5,5,5,5,1,5,5.0,2,5,5,5,5,5,5,5,4,5,4,,5,4,,5,4,4,5,4,6,6.0,5,5,5,5,5,0,4,5,6.0,,4,5,6.0,6.0,3.0,,6.0,5,5,5,6.0,,,,5,,5,,,5,5,5,5.0,6.0,6,10,1.7176528762155931,-0.6517046848754031
4,4,4,3,3,4,4,4,4,3,4,4,4,3,4,4,4,5.0,2.0,4,2,4,4,4,4,4,0,3,2,4,3,3,3,4,3,1,4,4,2,4,4,4,4,3,5.0,4,4,4,4,4,5.0,4,3,,4,4,4,4,3,2,3,3,5.0,4,5.0,4,,4,3,,3,1,4,4,4,2,4,5,4,4,0,4,3,4,4,3,3,3,4,4,4,3,5.0,3,,3,3,4,0,4,4,4,4,4,2,3,5.0,4.0,4,4,3,4,4,3,5.0,3,4,4,4,4,5.0,4,4,4,3,4,3,4,4,4,5,3,4.0,5.0,5,4,4,5.0,3,4,4,3,4,4,4,4,4,5.0,4,5.0,5.0,5.0,3,,4,5,4.0,4,5,4,4,4,4,4,4,5,5.0,,4,4,4,5.0,3,5,5,5.0,4,4,5.0,1,4,4,5.0,4,4,4,3,0,0,4,3,3,3,4,4,4,4,2,4,4,5.0,4,4,4,5.0,4,4,4,4,4,4,4,5.0,,3,4,4,0,3,4,4,5,3,3,4,,5.0,0,5.0,,,4,4,5,4,4,4.0,,5.0,4,4,4,4,4,4,5,3,3,4,4.0,5.0,4,4,4,5.0,5.0,4.0,2,4,4,3,5.0,4,,4,4,4,5,4,4,5.0,4,2,4,4,4,4,5.0,5.0,,4,3,4,,4,4,4,3,4,4,1,2,0,4,4,5,4,,5.0,1,4,4,4,,5,4,5.0,4,4,5.0,4,5.0,5.0,4,,4,4,5.0,5,4,4,5.0,4,4,4,4.0,4,5.0,3,,4,3,4,0,3,,5.0,5,4.0,5.0,4,5,4,1,4,4,5.0,4,4,4,4,4,4,5,4,3,4,4,,4,4,,4,3,4,4,4,5,5.0,4,4,4,4,4,4,3,4,4.0,,4,1,0.0,5.0,5.0,,5.0,4,2,4,5.0,,5.0,,4,,4,,,4,4,4,4.0,4.0,7,10,1.6372069488952605,-0.6887506670486435
0,4,1,4,4,5,5,5,4,5,5,5,4,4,5,5,5,5.0,6.0,5,4,5,5,5,5,5,4,5,5,5,4,4,2,5,4,4,5,5,5,5,5,5,5,5,6.0,5,5,5,5,5,6.0,5,5,,5,4,5,4,5,0,5,5,6.0,1,6.0,5,,5,4,,3,3,5,5,5,4,5,5,5,5,3,5,4,5,5,5,5,4,5,5,6,4,6.0,5,,0,4,0,5,5,4,5,4,5,4,5,6.0,5.0,3,5,4,5,5,4,6.0,4,5,5,3,6,6.0,4,5,5,5,0,5,5,6,5,6,5,6.0,6.0,5,5,3,6.0,4,5,5,4,3,4,5,5,5,6.0,5,6.0,6.0,6.0,5,,5,5,6.0,4,6,4,5,6,5,5,5,5,6.0,,4,5,5,5.0,4,5,6,6.0,6,5,6.0,5,0,5,6.0,5,4,2,5,5,5,5,3,4,2,5,0,4,5,4,5,4,6.0,5,5,5,6.0,5,5,5,5,5,0,5,6.0,,5,5,5,5,4,5,3,6,4,5,3,,6.0,5,6.0,,,5,2,5,5,5,5.0,,4.0,4,5,5,5,4,5,6,5,4,5,6.0,6.0,5,5,5,6.0,5.0,6.0,5,4,5,5,6.0,5,,5,5,5,4,5,5,6.0,5,5,5,5,5,5,6.0,5.0,,5,5,3,,5,5,5,3,5,5,5,1,5,4,1,5,5,,6.0,5,5,5,4,,3,5,0.0,5,4,6.0,5,6.0,6.0,5,,5,5,6.0,6,5,5,6.0,5,3,5,6.0,5,6.0,5,,5,4,5,5,5,,6.0,5,6.0,6.0,5,5,5,5,5,0,6.0,5,5,6,5,5,5,5,6,4,5,5,,5,5,,5,4,3,4,5,6,6.0,4,5,5,5,5,5,5,5,6.0,,5,5,6.0,6.0,6.0,,6.0,5,5,5,5.0,,,,5,,6,,,5,5,5,6.0,6.0,8,10,1.7053148273527428,-0.6279371247723828
4,4,0,4,4,5,5,5,4,4,3,5,4,4,5,5,4,0.0,0.0,5,3,5,5,5,5,5,4,5,4,4,5,4,0,5,4,4,5,5,4,3,5,5,5,5,6.0,5,4,5,5,5,6.0,5,3,,5,4,5,0,5,1,4,5,6.0,5,5.0,5,,5,5,,1,3,5,5,5,4,5,5,5,5,4,5,4,1,5,4,5,4,5,5,5,2,6.0,5,,0,4,5,5,0,5,5,4,5,4,5,6.0,6.0,3,5,5,5,5,4,6.0,4,5,5,4,5,6.0,4,5,5,4,4,5,5,5,5,5,4,6.0,5.0,5,5,5,5.0,5,5,5,4,5,5,5,5,5,6.0,5,6.0,6.0,6.0,4,,5,5,6.0,5,5,4,5,5,4,5,5,5,6.0,,4,5,5,6.0,4,5,5,6.0,5,4,6.0,5,5,5,6.0,5,4,5,5,5,5,5,4,1,5,5,5,5,5,3,5,4,5.0,5,5,5,6.0,5,5,5,5,5,5,5,6.0,5.0,5,5,5,5,4,5,5,5,4,2,5,,6.0,5,4.0,,,4,5,4,4,5,6.0,,6.0,5,5,5,5,3,5,6,0,3,5,5.0,6.0,4,5,5,6.0,5.0,6.0,5,5,4,5,6.0,4,,4,5,5,5,5,5,6.0,5,5,5,4,5,4,5.0,4.0,6.0,5,5,5,,5,5,5,5,4,5,4,3,4,3,5,6,5,,0.0,4,5,5,4,,5,2,5.0,0,5,6.0,5,6.0,6.0,5,,5,4,5.0,5,5,5,5.0,5,4,4,5.0,5,5.0,4,,5,1,5,5,4,,6.0,5,5.0,6.0,5,5,5,5,5,5,6.0,4,5,5,4,5,5,5,4,3,5,4,,4,4,,5,4,4,5,1,5,6.0,4,5,2,4,5,5,4,5,6.0,,5,5,6.0,6.0,5.0,,2.0,5,5,5,5.0,,6.0,,5,,5,,,5,5,5,5.0,6.0,9,10,1.7154207880655103,-0.640318754179213
4,3,4,3,1,4,4,4,4,4,4,4,4,4,5,4,3,5.0,5.0,4,2,4,4,4,3,4,3,3,3,4,4,4,3,4,4,3,5,3,4,4,4,4,4,4,5.0,4,4,4,4,2,5.0,3,3,,4,3,0,4,4,4,3,3,5.0,5,,4,,4,4,,3,3,5,4,4,4,4,5,4,4,2,0,3,3,4,3,4,2,4,4,5,3,5.0,4,,3,3,4,4,4,3,4,3,5,2,4,5.0,5.0,2,4,0,0,4,4,5.0,2,4,1,2,4,5.0,4,4,3,3,4,4,4,5,4,5,3,5.0,5.0,4,4,4,5.0,3,4,4,1,4,4,4,4,4,5.0,4,5.0,5.0,5.0,4,,4,5,5.0,5,5,3,4,3,3,4,4,4,5.0,,4,4,5,5.0,4,4,5,5.0,5,4,5.0,4,4,4,5.0,5,3,4,3,4,5,4,3,1,4,3,0,0,4,3,4,4,5.0,4,4,4,5.0,4,4,4,4,5,0,3,5.0,4.0,3,4,4,4,3,3,5,4,3,3,5,,5.0,1,4.0,,,4,4,5,4,4,5.0,,5.0,4,4,4,4,1,4,4,4,4,5,4.0,5.0,4,4,4,5.0,5.0,5.0,4,4,4,4,5.0,4,,5,4,4,5,4,4,0.0,4,4,4,4,4,4,5.0,5.0,,4,4,4,,3,4,4,3,4,4,4,0,4,4,4,5,5,,5.0,3,5,4,4,,5,4,5.0,3,4,5.0,4,5.0,5.0,4,,4,4,5.0,5,4,4,5.0,4,4,4,5.0,4,5.0,4,,2,4,4,4,4,,5.0,4,4.0,5.0,4,4,4,4,4,3,5.0,4,1,4,4,4,4,4,5,4,4,3,,4,3,,4,4,3,5,4,5,5.0,4,4,4,4,4,4,1,5,5.0,,4,4,5.0,0.0,5.0,,5.0,5,5,5,4.0,,,,4,,5,,,4,3,4,5.0,5.0,10,10,1.598124691561112,-0.6815230108314699
5,2,5,4,2,5,5,5,5,5,4,4,5,3,5,5,4,6.0,6.0,5,0,6,5,5,5,5,4,4,5,5,5,5,5,6,5,4,6,5,5,6,5,4,5,5,6.0,5,5,5,5,5,6.0,5,4,,5,5,5,5,5,4,0,5,6.0,5,6.0,5,,5,5,,5,3,5,6,5,2,5,5,5,5,4,5,5,5,6,5,5,4,5,5,4,4,6.0,5,,5,3,5,5,5,5,5,5,6,4,4,6.0,6.0,5,5,4,5,5,5,6.0,4,5,6,5,6,6.0,4,3,5,4,5,5,5,6,6,6,4,6.0,6.0,5,5,6,6.0,5,5,5,3,5,5,5,5,5,,5,6.0,6.0,6.0,5,,5,5,6.0,6,5,4,6,4,5,5,0,6,5.0,,5,5,5,6.0,4,6,6,6.0,6,5,6.0,5,5,3,6.0,5,5,5,5,5,6,6,4,5,4,5,5,5,5,2,5,4,6.0,2,5,5,6.0,0,5,5,5,5,6,5,6.0,,3,5,5,5,4,5,5,3,3,4,5,,6.0,5,6.0,,,5,5,6,5,5,6.0,,6.0,4,5,5,5,5,5,6,5,4,5,6.0,6.0,5,5,5,6.0,6.0,6.0,0,5,5,5,6.0,5,,5,5,5,0,5,5,6.0,5,5,5,5,5,5,6.0,6.0,,5,5,5,,4,5,5,4,5,5,4,4,5,5,4,5,6,,6.0,4,6,5,0,,4,5,6.0,5,5,6.0,5,3.0,6.0,5,,5,5,6.0,6,6,5,6.0,6,5,5,6.0,5,6.0,5,0.0,5,4,5,5,5,,6.0,5,6.0,4.0,5,5,5,5,4,5,3.0,6,4,5,5,5,5,6,5,5,5,4,,5,5,0.0,5,4,5,5,4,6,6.0,1,1,5,2,5,5,5,5,5.0,,5,4,3.0,6.0,6.0,,3.0,5,5,5,4.0,,6.0,,5,,6,0.0,,4,5,5,6.0,6.0,11,10,1.708496509450026,-0.5710906819020128
4,0,5,4,4,5,0,5,5,5,4,5,5,5,5,5,5,6.0,5.0,4,4,0,5,5,5,5,4,4,4,5,4,4,5,6,5,0,5,5,4,0,5,5,5,5,6.0,5,5,5,5,5,6.0,5,4,,5,5,5,3,3,4,4,4,6.0,5,6.0,5,,5,4,,4,4,6,5,5,4,5,5,5,5,3,4,1,5,5,5,4,0,5,4,5,4,6.0,5,,3,5,5,2,5,5,5,4,5,3,5,6.0,6.0,5,5,4,5,5,4,6.0,4,4,5,5,5,6.0,5,5,4,4,5,4,5,5,5,3,4,5.0,5.0,5,5,5,6.0,3,5,5,4,5,5,5,4,4,6.0,5,0.0,6.0,6.0,4,,5,6,6.0,5,6,4,5,5,5,5,2,5,6.0,,4,5,5,6.0,1,5,5,6.0,5,5,5.0,5,5,4,6.0,5,3,5,2,5,5,5,4,4,4,4,5,3,5,3,5,0,0.0,5,4,4,6.0,5,5,5,5,5,5,5,6.0,,1,5,5,5,4,5,5,5,4,5,5,,6.0,5,6.0,,,5,5,5,5,5,5.0,,6.0,1,5,5,5,5,5,5,5,3,2,6.0,6.0,4,5,5,6.0,5.0,6.0,5,5,5,5,6.0,4,5.0,5,5,5,5,5,5,6.0,5,5,5,5,4,4,5.0,6.0,,5,5,5,,5,5,5,4,5,4,5,4,4,5,5,5,5,,6.0,4,5,5,5,,5,5,6.0,5,4,6.0,5,6.0,6.0,5,,5,4,6.0,6,6,5,6.0,5,5,5,6.0,5,6.0,5,,5,5,3,5,2,,6.0,5,6.0,6.0,5,5,5,4,5,5,6.0,5,5,5,5,5,5,6,5,4,5,5,,5,5,,5,5,5,5,4,6,6.0,5,5,5,5,5,5,4,5,6.0,,5,4,0.0,6.0,6.0,,6.0,5,5,5,6.0,,6.0,,5,,5,,,5,4,5,6.0,4.0,12,10,1.7307565246118275,-0.6845084863870671
7,8,7,7,7,8,7,0,8,7,7,7,7,7,8,8,8,8.0,8.0,8,2,6,8,8,6,8,7,7,7,6,7,7,7,8,7,7,8,8,7,8,8,8,3,8,,8,8,8,8,8,,8,7,,7,7,7,7,8,7,8,5,8.0,8,,8,0.0,8,7,0.0,7,7,8,8,8,7,0,8,8,8,6,7,5,5,8,8,7,6,8,8,7,6,,8,,6,7,8,8,7,8,8,7,8,6,7,,8.0,7,8,7,8,8,7,,7,7,8,8,0,8.0,8,6,1,7,8,7,8,8,8,8,7,8.0,8.0,8,8,8,,7,8,8,7,8,7,8,8,7,7.0,8,,,,7,,8,8,,8,8,7,8,8,8,0,8,8,,,7,0,7,8.0,7,8,8,8.0,8,8,6.0,8,8,8,,8,7,8,7,7,8,8,6,7,7,7,7,4,8,6,8,7,8.0,6,7,8,,7,8,7,7,8,8,8,,,7,7,8,8,6,7,8,8,7,7,8,,,8,8.0,8.0,,8,8,8,0,8,8.0,,,8,8,8,7,7,8,8,8,5,8,8.0,,6,7,5,8.0,8.0,8.0,8,5,7,8,8.0,7,,8,6,8,8,7,5,0.0,8,8,8,8,8,7,8.0,8.0,,8,8,8,,7,7,8,7,8,7,7,7,5,8,8,8,8,,8.0,7,8,8,7,,8,8,8.0,8,7,8.0,8,,8.0,7,,7,8,8.0,8,8,8,8.0,8,8,7,8.0,7,8.0,7,,8,7,8,8,8,0.0,,8,8.0,,8,8,8,6,7,7,8.0,8,7,8,8,8,8,8,8,7,8,7,,7,7,,8,7,2,8,7,8,,7,8,8,7,8,6,7,8,,,8,8,8.0,,8.0,,8.0,8,8,8,8.0,,,,8,,8,,,7,7,8,8.0,,13,10,1.8198412698412698,-0.5810291489372161
5,0,5,4,5,5,5,5,4,5,4,5,5,4,0,2,1,5.0,6.0,4,3,6,5,5,5,5,5,5,5,5,5,5,5,6,5,5,6,6,5,6,5,5,6,6,,6,5,4,5,5,6.0,5,5,,6,5,5,5,3,4,0,5,6.0,5,,5,,6,5,,5,4,6,6,5,5,5,5,6,5,3,5,5,5,6,5,5,4,5,6,6,2,,6,,4,3,6,5,5,5,5,5,5,4,5,6.0,6.0,4,2,3,5,5,4,6.0,4,5,5,5,6,6.0,5,6,5,5,5,5,5,6,6,6,0,6.0,5.0,6,5,6,,5,5,5,3,5,5,5,6,5,,5,6.0,6.0,6.0,4,,5,6,4.0,5,6,4,6,6,6,5,6,6,,,5,6,6,6.0,4,6,6,6.0,6,5,6.0,5,3,5,6.0,6,4,0,5,4,6,6,4,5,5,5,5,5,5,4,5,5,6.0,5,5,5,2.0,5,5,5,5,6,6,5,6.0,,4,5,5,6,4,5,6,6,5,5,6,,6.0,4,6.0,,,5,5,6,5,3,6.0,,6.0,5,6,5,5,5,5,6,6,5,6,6.0,6.0,2,4,5,6.0,6.0,6.0,5,5,5,5,6.0,4,,6,5,6,6,5,1,0.0,2,6,6,5,6,5,6.0,6.0,,0,2,5,,5,5,5,5,6,5,5,5,5,6,6,6,6,,6.0,5,6,5,5,,6,5,6.0,5,5,6.0,4,6.0,6.0,5,,5,5,6.0,6,6,5,6.0,6,5,5,6.0,6,6.0,5,,5,5,6,5,4,,1.0,6,6.0,6.0,4,6,6,5,5,4,6.0,5,6,5,5,5,5,3,6,4,5,0,,5,5,4.0,4,5,5,6,5,6,6.0,5,6,0,5,6,6,5,6,6.0,,5,5,6.0,6.0,6.0,5.0,6.0,6,6,6,6.0,,,,5,,6,0.0,,5,5,6,6.0,6.0,14,10,1.7343649258542875,-0.6121620912818971
6,5,5,5,5,6,4,2,5,6,5,5,6,5,6,6,6,6.0,6.0,5,4,0,5,6,5,5,5,5,5,6,5,5,6,6,5,5,6,6,5,6,6,6,2,5,,5,6,6,4,6,6.0,6,5,,5,5,5,5,5,5,5,5,6.0,6,,5,,0,5,,5,4,6,6,5,4,6,6,6,6,4,2,4,6,6,5,5,4,6,6,6,4,,5,,4,5,6,5,5,6,6,5,6,4,5,6.0,6.0,5,5,0,6,6,4,6.0,5,5,6,6,6,6.0,6,5,5,2,0,5,5,6,6,6,3,6.0,6.0,6,5,6,6.0,4,6,6,5,6,5,6,2,6,,6,6.0,,6.0,5,,5,6,6.0,6,6,4,6,6,4,5,3,6,,,5,6,6,6.0,5,6,6,6.0,6,6,6.0,6,2,6,6.0,6,4,5,3,5,5,6,5,5,5,5,6,5,5,4,6,5,6.0,5,0,5,6.0,5,5,5,5,6,6,5,6.0,,0,5,5,6,3,5,6,6,5,5,6,,,5,6.0,,,5,5,6,5,6,4.0,,6.0,0,5,0,1,5,6,6,5,5,5,6.0,,5,6,6,6.0,6.0,6.0,5,5,5,5,6.0,5,,6,5,6,5,6,5,6.0,6,6,6,6,5,4,6.0,6.0,,6,6,5,,5,6,6,5,6,5,5,5,0,6,0,5,6,,6.0,3,6,6,5,,6,5,6.0,5,5,6.0,6,6.0,6.0,3,,5,5,6.0,6,6,5,6.0,4,6,5,6.0,5,6.0,5,,5,6,6,6,5,6.0,6.0,6,6.0,6.0,6,6,3,5,5,5,6.0,6,4,5,6,6,6,6,4,5,6,5,,5,5,,5,4,5,6,5,6,6.0,5,6,5,5,5,5,5,6,6.0,,5,5,6.0,,6.0,,6.0,6,6,6,6.0,,,,5,,6,,,5,5,6,6.0,,15,10,1.7184973846885399,-0.659637652855994
5,5,5,5,5,5,5,6,5,5,5,4,5,5,6,5,5,6.0,6.0,5,4,6,5,5,5,5,0,5,4,5,5,5,5,6,4,5,5,6,5,5,6,6,5,6,,5,5,6,5,6,6.0,5,5,,4,5,5,4,5,4,5,5,6.0,6,,5,,5,5,,5,4,6,6,6,5,0,6,5,6,4,5,5,5,5,4,1,4,6,4,6,5,6.0,5,,5,3,6,5,5,5,5,5,0,4,5,6.0,6.0,4,6,5,5,6,5,6.0,3,5,5,5,6,6.0,6,6,5,5,5,4,5,5,6,6,5,0.0,6.0,6,0,6,,5,6,5,4,6,5,5,5,6,,5,6.0,,6.0,3,,0,6,6.0,6,6,5,6,6,6,5,2,6,,,5,2,6,6.0,4,6,6,6.0,6,5,6.0,6,5,5,6.0,6,5,6,5,5,6,6,4,4,5,5,5,3,6,3,5,4,6.0,6,1,5,6.0,5,6,5,5,5,6,6,6.0,,5,4,5,6,4,5,6,6,2,5,6,,6.0,6,6.0,,0.0,5,5,6,6,6,6.0,,6.0,5,0,5,5,5,6,6,6,4,3,6.0,,5,5,5,6.0,6.0,2.0,5,5,6,6,6.0,5,,5,4,6,6,6,5,5.0,5,6,6,5,6,5,6.0,6.0,,6,5,6,,5,5,5,5,6,5,5,0,1,6,5,6,6,,6.0,5,6,6,5,,6,5,6.0,5,5,6.0,6,6.0,6.0,5,,5,5,6.0,6,6,2,6.0,5,6,5,6.0,5,6.0,5,,3,5,6,6,5,,6.0,6,6.0,6.0,4,6,6,5,4,5,6.0,0,6,5,5,6,6,6,6,4,6,5,,5,5,,6,5,5,5,5,6,6.0,4,3,5,5,5,6,5,6,6.0,,1,5,6.0,2.0,6.0,6.0,6.0,6,6,6,6.0,,,,5,,5,,,5,5,5,6.0,,16,10,1.764827806122449,-0.6808444329434957
7,7,8,6,7,8,8,8,7,7,8,7,8,7,4,8,8,8.0,8.0,7,6,8,8,8,8,8,6,7,7,6,7,4,8,8,7,7,8,6,7,8,8,8,8,8,,7,8,8,7,4,,3,7,,7,7,7,7,0,7,1,7,,8,,7,,8,7,,7,6,8,8,7,7,8,8,8,8,6,7,7,8,8,7,7,7,8,8,8,6,,8,0.0,7,7,7,6,8,8,8,7,8,6,7,1.0,0.0,8,8,7,7,8,7,7.0,6,7,8,8,8,4.0,8,0,7,7,8,8,8,8,8,8,7,8.0,8.0,8,7,4,,7,8,8,7,8,7,8,8,6,,8,,,,8,,8,8,8.0,8,7,7,8,8,8,7,4,8,,4.0,7,8,8,,7,8,8,,8,8,8.0,8,7,8,,6,7,8,8,8,8,8,7,7,7,7,7,7,8,5,8,0,0.0,8,7,8,,8,8,8,8,8,8,8,,,7,8,8,8,7,8,8,8,7,6,8,,,8,8.0,,,8,7,8,8,8,8.0,,,7,8,7,8,7,8,8,8,7,8,8.0,,8,8,8,0.0,7.0,8.0,8,8,8,8,,1,,8,8,8,8,8,8,,8,8,8,8,8,8,8.0,,,8,8,8,,8,8,8,7,7,7,7,5,8,8,6,8,0,,,7,8,8,7,,8,4,8.0,8,8,,7,8.0,,8,,8,5,8.0,8,8,8,8.0,8,8,7,8.0,5,8.0,7,,8,8,8,7,8,7.0,8.0,8,7.0,,7,8,8,8,5,8,8.0,8,8,8,8,8,8,7,8,7,8,5,,8,7,,8,7,7,8,8,8,,7,3,8,7,8,8,7,8,,,8,7,,,8.0,,8.0,8,8,0,7.0,,,,8,,6,,,7,8,8,8.0,0.0,17,10,1.884726688102894,-0.38149204113079993
4,0,4,2,3,4,0,4,4,4,3,4,4,4,4,4,4,4.0,5.0,4,2,4,4,4,4,4,3,3,3,4,4,3,3,4,4,3,4,4,4,3,3,4,4,4,5.0,4,4,4,4,4,0.0,4,4,,4,4,3,4,2,2,4,4,0.0,4,5.0,4,,4,1,,3,3,4,4,4,3,4,4,4,4,3,3,3,4,4,4,4,2,4,4,4,3,5.0,4,,3,3,4,4,4,4,4,4,4,3,4,5.0,5.0,4,4,2,4,4,3,5.0,3,4,4,2,4,5.0,4,4,3,4,4,4,4,5,4,5,4,5.0,5.0,5,4,4,5.0,4,4,4,3,4,4,3,4,4,5.0,4,5.0,5.0,5.0,3,,0,5,5.0,5,5,4,4,5,4,4,4,5,0.0,,3,4,4,5.0,3,5,5,5.0,5,4,5.0,4,4,4,5.0,4,3,4,4,4,5,4,2,3,3,3,4,2,4,0,4,3,5.0,4,4,4,5.0,1,4,4,1,4,0,2,5.0,,3,4,4,4,3,4,4,4,1,4,4,,5.0,4,5.0,,,4,4,4,4,4,5.0,,5.0,4,4,4,4,3,4,2,4,0,4,5.0,5.0,4,1,4,5.0,5.0,5.0,4,1,4,4,5.0,3,,5,4,5,4,4,4,5.0,1,4,2,4,4,4,5.0,5.0,,5,4,4,,4,4,4,4,4,4,4,3,4,1,4,5,4,,4.0,4,4,4,4,,4,3,5.0,4,4,5.0,4,5.0,4.0,3,,4,4,5.0,5,5,4,5.0,4,4,4,5.0,4,5.0,4,,4,3,4,4,4,,5.0,4,5.0,5.0,4,5,2,3,4,4,5.0,4,5,4,4,2,4,5,4,3,4,1,5.0,4,4,,4,4,3,4,4,5,5.0,3,0,4,4,4,4,4,4,5.0,,4,3,5.0,5.0,4.0,,5.0,4,4,5,4.0,,5.0,,4,,5,,,3,4,4,5.0,5.0,18,10,1.595042706414336,-0.652096312685843
4,4,4,4,1,4,5,5,4,3,3,4,4,3,4,1,4,5.0,5.0,4,1,5,4,5,5,4,3,4,4,5,4,4,5,5,4,4,5,5,4,5,5,5,5,5,,4,4,5,5,5,5.0,5,3,,5,4,4,5,3,0,4,4,5.0,5,,5,,4,4,0.0,4,3,5,5,4,4,2,5,5,4,3,4,4,2,4,4,4,4,5,5,2,1,,5,,4,4,5,4,5,3,4,4,5,1,4,3.0,5.0,4,5,5,5,4,4,5.0,4,5,4,2,5,5.0,5,5,5,5,5,2,5,5,5,5,4,5.0,0.0,5,5,5,,4,5,5,4,5,4,5,5,5,,4,5.0,5.0,5.0,4,,5,5,5.0,5,3,4,5,5,4,4,5,0,,,4,5,5,5.0,3,5,5,5.0,5,5,5.0,2,4,0,,5,3,5,5,4,5,5,4,4,4,4,4,4,5,4,5,3,5.0,5,4,5,,5,5,5,4,4,5,5,5.0,,0,5,5,5,4,5,5,5,4,4,5,,5.0,5,,,,4,4,2,5,5,4.0,,,4,5,5,5,4,4,3,4,4,5,5.0,,4,4,4,,5.0,5.0,5,5,4,3,5.0,4,,5,5,5,5,5,5,,5,5,5,4,5,5,5.0,5.0,,5,4,5,,4,5,4,4,0,5,3,4,4,5,5,5,5,,,4,5,5,5,,5,4,5.0,5,5,,5,5.0,5.0,5,,5,5,5.0,0,3,1,5.0,5,0,4,5.0,5,5.0,5,,5,4,5,5,4,,5.0,5,5.0,,4,5,5,4,5,5,5.0,5,5,5,5,5,5,5,5,3,5,3,,5,4,,4,0,5,5,4,5,,5,5,5,4,5,5,5,4,5.0,,4,4,5.0,,3.0,,5.0,5,5,5,3.0,,5.0,,4,,5,,,5,5,5,5.0,,19,10,1.6587677725118484,-0.5256688638687539
4,5,5,5,4,5,5,5,4,4,0,5,1,4,5,5,5,5.0,6.0,5,3,1,4,6,3,5,4,5,5,5,5,5,5,6,3,5,6,6,5,6,5,3,5,5,,5,3,0,5,2,6.0,5,4,,5,5,5,5,5,4,4,5,6.0,5,,5,,6,5,,4,4,5,6,4,5,5,5,5,6,5,5,4,5,6,5,5,5,6,5,6,3,6.0,5,,5,4,5,5,5,5,5,5,6,1,5,6.0,6.0,4,6,5,5,5,5,6.0,4,5,6,5,6,6.0,6,4,5,4,5,5,5,6,5,6,3,6.0,6.0,6,5,6,6.0,5,6,6,4,6,5,5,5,5,,5,6.0,6.0,6.0,5,,5,5,6.0,6,6,5,6,6,5,5,5,6,6.0,,5,5,6,6.0,5,6,6,6.0,6,6,6.0,5,5,5,6.0,0,4,5,5,5,6,5,4,5,5,5,5,5,6,0,5,4,6.0,5,4,5,6.0,5,3,5,5,5,6,5,6.0,,5,5,6,5,4,5,6,6,5,5,6,,6.0,6,6.0,,,5,3,6,2,5,6.0,,6.0,5,6,5,5,5,5,6,6,4,6,6.0,6.0,5,3,5,6.0,2.0,6.0,5,5,5,1,6.0,4,,5,5,5,6,6,5,6.0,6,5,6,5,4,4,6.0,6.0,,6,5,5,,5,5,5,5,5,5,5,4,5,6,5,6,6,,6.0,5,6,5,5,4.0,3,5,6.0,5,2,6.0,0,6.0,6.0,5,,4,5,5.0,6,0,5,0.0,6,5,5,6.0,6,5.0,5,,6,4,5,3,4,,6.0,6,6.0,6.0,5,6,6,6,5,5,6.0,5,5,6,0,4,6,6,6,5,6,5,,5,5,,5,4,5,6,5,6,6.0,5,6,5,5,5,6,5,6,6.0,,5,5,6.0,,6.0,,0.0,6,6,6,6.0,,,,4,,6,,,5,5,5,6.0,0.0,20,10,1.7240636393768645,-0.6278963558753261
5,6,6,5,6,6,6,6,6,0,6,2,6,5,6,5,6,6.0,6.0,6,5,6,5,6,6,5,5,5,6,5,6,5,6,6,5,5,6,0,5,6,6,6,3,6,7.0,6,6,6,5,6,7.0,6,0,,5,5,6,6,6,5,5,0,6.0,6,7.0,6,,6,5,,5,5,6,6,1,5,5,6,6,6,4,5,5,6,6,6,6,4,6,6,6,4,7.0,6,,5,4,6,6,6,4,6,5,6,4,5,0.0,6.0,5,6,6,6,6,5,7.0,5,5,6,6,6,7.0,6,6,5,3,6,5,6,6,6,6,5,6.0,7.0,6,5,6,7.0,6,6,6,5,5,6,6,6,6,7.0,6,7.0,7.0,7.0,5,6.0,6,6,5.0,6,6,5,6,6,6,6,6,6,7.0,7.0,5,6,6,6.0,5,6,6,6.0,6,6,6.0,6,5,6,7.0,6,6,6,5,5,6,6,5,6,5,5,5,5,2,4,6,5,7.0,5,5,5,6.0,5,6,5,5,6,6,6,7.0,,5,3,6,6,4,5,6,6,5,4,0,,7.0,6,6.0,,,6,6,5,6,6,6.0,,7.0,0,6,6,0,3,5,6,6,5,6,6.0,7.0,6,6,3,7.0,6.0,7.0,4,6,4,6,7.0,5,,6,6,5,6,6,6,6.0,3,6,6,6,6,6,7.0,6.0,,6,5,6,,5,6,6,5,0,5,5,5,5,6,6,6,6,,7.0,5,6,6,6,,6,5,6.0,6,5,7.0,1,6.0,6.0,3,,5,0,6.0,6,6,6,6.0,6,6,5,6.0,6,6.0,5,,6,6,6,6,6,,7.0,6,6.0,7.0,6,6,6,6,6,6,7.0,6,6,6,6,6,6,6,6,4,6,5,,4,5,,6,3,5,6,5,6,7.0,5,6,5,5,6,6,6,6,7.0,,5,6,7.0,7.0,6.0,,7.0,7,6,6,6.0,,7.0,,6,,5,,,5,5,6,7.0,7.0,21,10,1.7274900398406374,-0.6825317031187246
5,5,5,4,5,2,6,4,2,5,4,5,5,5,5,6,5,6.0,6.0,5,3,5,5,6,5,3,5,5,5,6,5,4,5,6,4,4,6,6,6,6,6,6,6,6,,5,0,6,5,6,6.0,5,5,,6,4,5,5,5,4,5,5,6.0,6,,5,,6,1,,4,3,6,6,5,5,6,6,6,6,4,5,5,5,6,5,5,4,5,5,6,1,6.0,5,,4,4,4,5,5,5,6,6,6,5,5,6.0,6.0,5,5,5,5,6,5,,5,4,6,5,0,0.0,6,6,5,5,5,5,6,6,6,6,5,6.0,6.0,6,6,6,,5,6,6,5,4,5,6,6,6,0.0,6,1.0,6.0,6.0,5,,6,6,,6,6,5,5,6,5,5,6,6,,,2,6,6,6.0,5,5,6,6.0,6,6,6.0,6,5,5,6.0,6,4,5,4,6,6,6,4,5,5,5,5,5,5,4,6,4,6.0,6,5,6,,5,6,5,2,6,5,5,6.0,,5,6,6,6,5,5,6,6,5,5,5,,6.0,6,,,,5,5,6,6,5,6.0,,6.0,4,5,6,5,5,5,6,6,1,6,6.0,,5,1,5,,6.0,6.0,6,5,5,6,6.0,0,,6,5,5,6,6,5,0.0,6,3,6,5,6,4,6.0,6.0,,6,6,6,6.0,6,6,6,5,6,5,5,4,5,6,5,6,3,,6.0,5,6,6,5,,6,5,6.0,3,5,6.0,6,6.0,,5,,6,6,6.0,6,6,6,6.0,6,5,5,6.0,6,6.0,3,,6,5,6,6,5,,0.0,6,0.0,6.0,5,6,6,5,5,5,6.0,6,6,4,6,6,6,5,6,5,6,5,,5,5,,5,5,5,5,5,6,,5,6,5,5,2,5,5,0,6.0,,5,4,0.0,,6.0,,6.0,6,6,6,6.0,,,,6,,6,,,5,5,6,6.0,6.0,22,10,1.680669614655717,-0.5677232760108977
6,6,7,5,6,6,6,7,7,7,7,6,7,7,7,7,7,,7.0,7,6,7,4,6,6,6,5,6,6,3,6,5,6,5,6,7,7,7,6,7,7,7,2,7,7.0,6,6,7,6,7,7.0,6,5,,5,6,3,6,6,6,6,3,7.0,7,6.0,6,0.0,7,6,,6,6,7,7,6,6,7,7,7,6,5,6,5,6,7,6,6,5,7,1,7,0,,7,,6,6,7,7,6,5,7,6,7,6,6,7.0,7.0,6,7,7,7,7,5,,4,4,0,6,7,5.0,7,7,6,5,6,6,4,7,6,7,6,7.0,,7,6,7,,6,7,4,3,7,6,7,6,6,,6,,,7.0,6,,6,0,,7,7,5,7,7,7,7,7,7,,,6,4,6,7.0,0,0,7,7.0,7,7,7.0,7,7,6,7.0,7,6,7,6,6,0,7,6,6,5,6,7,5,6,5,3,6,4.0,6,6,6,,5,6,6,6,7,7,7,,,6,6,7,7,6,7,7,7,6,4,7,,,7,7.0,,,7,6,7,7,7,7.0,,,6,6,7,6,6,7,7,7,6,7,7.0,,7,6,7,7.0,7.0,7.0,6,6,6,7,7.0,6,,7,7,7,6,6,7,6.0,7,7,7,7,7,6,7.0,,,7,6,7,,1,7,7,6,7,6,6,6,6,6,7,7,7,,,5,7,6,6,,7,6,7.0,6,6,0.0,7,4.0,6.0,6,,6,6,7.0,7,7,6,0.0,7,7,6,7.0,7,7.0,6,,7,7,7,7,7,,7.0,7,7.0,,6,7,7,7,6,7,6.0,7,7,7,7,7,0,7,7,6,6,6,,6,6,,6,6,5,7,6,7,,6,7,7,6,7,7,7,7,,,7,6,7.0,,7.0,,7.0,7,7,7,7.0,,,,5,,7,,,6,7,7,7.0,7.0,23,10,1.7871637564889098,-0.5287673901748481
4,5,5,4,4,5,5,5,4,5,4,4,4,3,5,5,5,5.0,6.0,5,4,5,0,5,4,3,4,4,5,5,5,0,5,5,4,4,5,5,5,5,5,5,5,5,0.0,3,5,5,5,5,6.0,5,4,,4,5,5,4,4,4,4,5,5.0,5,6.0,5,,5,5,,3,4,2,5,2,4,1,5,5,5,3,0,2,5,1,5,5,4,5,4,5,3,6.0,5,,4,5,5,5,5,4,5,5,5,4,5,6.0,5.0,5,5,5,5,5,4,6.0,4,5,2,0,5,6.0,5,5,4,4,5,5,2,5,5,5,4,6.0,6.0,5,5,3,6.0,5,5,5,4,6,4,5,5,5,4.0,5,6.0,0.0,6.0,4,,0,5,6.0,5,4,4,5,1,5,5,5,5,6.0,,4,5,6,6.0,4,5,6,5.0,5,5,6.0,5,5,5,6.0,3,4,5,5,5,0,5,5,4,5,3,4,4,5,3,5,4,6.0,5,5,5,6.0,5,5,5,5,5,5,5,3.0,,5,5,5,5,5,5,5,5,4,4,5,,6.0,5,6.0,,,5,4,5,5,0,6.0,,6.0,5,5,5,5,4,5,5,5,4,4,6.0,6.0,5,5,4,6.0,5.0,6.0,5,5,4,5,4.0,4,,5,5,5,5,5,5,6.0,5,5,5,5,5,5,6.0,6.0,,5,5,5,,4,5,5,4,5,4,5,1,5,5,5,5,5,,6.0,4,2,5,4,6.0,5,4,5.0,0,5,6.0,5,5.0,6.0,4,,5,3,5.0,5,5,5,5.0,5,5,5,6.0,5,5.0,2,,5,4,1,5,5,,6.0,5,6.0,6.0,5,5,5,4,5,5,6.0,5,5,4,3,5,5,5,5,4,5,5,,4,3,,5,3,4,4,4,6,6.0,4,5,5,5,5,5,5,5,6.0,4.0,5,5,6.0,6.0,6.0,,6.0,5,5,5,5.0,,6.0,,5,,6,,,5,5,5,6.0,6.0,24,10,1.6635437212360296,-0.6031021544057282
4,1,4,1,3,4,4,4,4,4,3,4,4,4,4,4,4,5.0,4.0,3,2,4,3,4,4,4,3,3,1,4,4,3,4,4,3,3,4,4,2,4,4,4,4,4,5.0,4,4,4,4,4,5.0,4,3,5.0,2,3,4,4,3,3,3,4,5.0,4,5.0,4,,4,1,,3,3,4,4,4,1,4,5,4,4,3,3,3,3,4,3,4,3,4,4,4,3,5.0,4,,3,0,4,4,4,4,4,4,3,3,3,5.0,5.0,4,4,3,4,0,3,5.0,0,4,4,4,4,5.0,4,4,4,3,4,4,4,4,4,4,3,5.0,5.0,5,3,4,5.0,3,4,0,3,4,4,4,4,4,5.0,4,5.0,5.0,5.0,3,,4,4,5.0,4,4,2,4,4,4,4,4,4,5.0,,3,4,5,5.0,2,4,4,4.0,5,4,5.0,4,4,3,5.0,4,2,4,3,4,5,4,1,3,0,4,4,4,4,2,4,3,5.0,4,3,4,5.0,4,4,1,3,0,4,1,5.0,,2,3,4,4,3,4,4,4,3,3,4,,5.0,4,4.0,,,4,4,4,4,4,4.0,,5.0,2,4,0,3,3,4,4,4,2,4,4.0,5.0,3,4,4,0.0,4.0,0.0,4,3,3,4,5.0,4,,4,4,4,4,4,4,5.0,4,3,4,4,4,3,4.0,5.0,,0,4,4,,4,3,4,3,4,4,4,3,3,4,4,4,4,,5.0,3,4,4,3,,3,4,4.0,4,3,5.0,4,4.0,5.0,4,,4,4,4.0,5,4,4,5.0,4,4,2,5.0,4,5.0,4,,4,3,4,4,4,,5.0,4,2.0,5.0,4,4,4,4,4,4,5.0,4,4,4,3,4,4,4,4,3,4,4,5.0,3,4,,4,3,3,4,2,5,5.0,4,4,3,4,4,4,3,4,5.0,,4,3,5.0,5.0,5.0,,5.0,4,4,4,4.0,,5.0,,4,,4,,,4,4,4,4.0,5.0,25,10,1.5712874547250577,-0.709597485133012
5,5,5,5,4,5,6,6,5,5,3,5,5,5,6,6,6,6.0,6.0,5,4,6,4,6,6,5,4,4,6,4,0,4,6,6,5,5,0,6,6,4,6,6,6,6,,5,5,6,6,5,,5,5,,5,5,6,4,5,1,5,5,6.0,6,,6,,6,3,6.0,4,5,6,5,5,5,6,6,6,6,5,5,3,6,6,5,6,5,6,5,6,4,,6,,3,5,5,6,6,5,6,5,6,5,5,,6.0,5,6,6,3,6,5,,5,6,0,5,6,6.0,6,6,5,5,5,5,6,6,6,6,5,6.0,6.0,6,5,6,,5,6,6,5,6,4,6,6,5,6.0,6,6.0,,,5,,0,6,,6,6,5,6,6,3,5,6,6,,,5,5,6,6.0,2,6,6,6.0,6,6,5.0,6,6,4,1.0,5,4,5,5,5,0,5,4,5,5,5,6,5,6,4,6,1,6.0,5,4,4,,4,6,5,5,6,6,5,,,5,5,6,6,5,6,6,6,5,5,6,,,6,6.0,,,5,5,6,6,6,,,,5,6,3,6,5,6,6,6,4,5,6.0,,5,5,5,,6.0,6.0,6,5,5,6,6.0,5,,3,6,6,6,5,6,0.0,6,6,6,6,5,5,6.0,6.0,5.0,6,6,6,,6,6,5,5,6,6,5,5,5,6,4,6,6,,,5,6,6,5,,6,5,6.0,6,6,,0,6.0,,5,,6,5,6.0,3,6,6,6.0,6,5,6,6.0,6,6.0,0,,6,6,6,6,6,,,6,6.0,,6,6,6,6,5,6,6.0,6,6,6,5,6,6,6,5,5,6,3,0.0,5,6,,6,5,5,6,5,6,,6,6,5,5,5,6,6,6,,0.0,5,6,6.0,,6.0,,,6,6,6,6.0,,,,5,,6,,,5,6,6,6.0,,26,10,1.62407436584213,-0.5246187626128651
5,4,5,0,5,5,5,6,5,5,5,5,5,5,6,5,5,6.0,6.0,5,4,0,5,5,6,4,4,5,1,0,4,4,5,6,5,5,5,6,1,5,5,5,1,5,6.0,5,5,5,5,6,6.0,5,5,,5,4,5,3,5,4,5,5,6.0,6,,5,,5,5,,5,3,6,6,5,5,5,6,3,5,4,5,4,5,6,5,5,2,5,5,6,4,6.0,5,6.0,5,4,5,5,5,5,5,5,3,4,5,3.0,6.0,5,5,5,5,6,1,5.0,4,4,5,5,6,6.0,6,6,4,4,5,5,5,6,5,5,5,6.0,6.0,6,5,6,6.0,5,6,5,5,0,5,5,5,5,6.0,5,0.0,6.0,6.0,5,5.0,5,6,6.0,6,6,2,6,6,5,5,6,5,,,5,4,5,6.0,4,6,6,6.0,6,5,6.0,6,5,5,6.0,4,4,5,5,5,6,5,3,5,4,5,5,5,6,3,4,0,6.0,5,5,5,6.0,5,5,5,5,6,6,2,6.0,,5,5,5,6,4,5,5,5,5,5,6,,6.0,6,6.0,,,5,5,6,5,6,6.0,,6.0,5,5,5,5,4,5,6,6,4,6,6.0,,5,5,5,6.0,6.0,6.0,5,4,5,5,6.0,5,,6,5,0,6,5,5,6.0,5,6,6,5,5,5,6.0,6.0,,6,5,6,,5,6,5,5,6,5,5,4,5,5,6,6,6,,6.0,4,6,5,5,,6,3,6.0,5,5,6.0,5,6.0,6.0,5,,5,2,6.0,6,6,5,6.0,5,5,4,6.0,5,6.0,5,4.0,6,5,6,5,5,,6.0,6,6.0,6.0,5,5,6,5,5,5,5.0,5,6,6,5,5,5,6,5,4,0,5,,4,5,,5,4,5,2,5,6,6.0,5,6,5,5,5,5,5,5,6.0,,0,5,5.0,6.0,6.0,,6.0,6,6,6,6.0,0.0,,,4,,5,,,5,5,6,6.0,6.0,27,10,1.7606724905224989,-0.6834325684702333
5,6,4,6,5,6,6,6,6,6,6,1,6,5,7,6,6,7.0,7.0,6,5,6,6,7,6,6,5,6,6,6,6,5,6,7,6,5,6,7,6,7,6,7,6,7,,6,6,6,6,6,7.0,2,5,,6,6,6,6,6,5,6,0,7.0,6,,5,,6,6,,6,5,7,7,6,6,4,6,7,6,5,6,6,1,6,6,6,5,6,6,7,5,7.0,6,,6,6,6,6,4,6,6,6,6,5,6,7.0,7.0,6,6,6,6,7,6,7.0,6,2,6,6,7,7.0,7,6,6,5,6,6,6,7,7,7,6,7.0,7.0,7,6,7,,6,7,6,0,7,6,2,7,6,7.0,6,7.0,7.0,7.0,5,,6,7,7.0,7,7,6,7,7,7,6,7,7,,,3,5,6,7.0,4,7,7,3.0,6,6,7.0,7,6,6,7.0,7,5,6,6,5,7,7,1,6,6,6,5,6,6,4,0,6,7.0,3,5,0,7.0,5,7,6,6,7,7,6,7.0,,6,6,6,7,5,6,7,7,5,5,7,0.0,7.0,6,7.0,,,6,6,7,6,6,7.0,,7.0,6,6,6,6,6,7,7,4,5,7,7.0,0.0,6,6,6,7.0,7.0,7.0,6,6,6,6,7.0,6,,6,6,6,7,6,6,7.0,6,7,7,6,6,6,7.0,7.0,,7,6,7,,6,6,6,0,6,6,6,6,6,6,6,7,7,,7.0,6,7,7,6,,7,6,7.0,6,6,7.0,0,7.0,7.0,6,,6,6,7.0,0,7,7,7.0,7,6,6,7.0,6,7.0,6,,7,6,6,6,6,,7.0,7,7.0,7.0,6,7,7,6,4,6,7.0,6,6,6,6,7,7,7,6,4,6,5,,6,5,,6,5,6,7,6,7,7.0,5,6,6,6,0,6,6,6,7.0,,6,6,7.0,,7.0,,7.0,7,7,6,7.0,,,7.0,6,,6,7.0,,5,6,7,7.0,,28,10,1.8371199465419312,-0.701130462956449
4,3,4,4,3,4,4,4,2,4,4,4,4,4,2,4,4,5.0,5.0,0,3,5,4,5,4,4,4,4,4,0,4,3,0,5,3,4,4,5,4,4,5,4,5,4,,4,4,0,4,4,5.0,4,3,0.0,4,1,4,1,4,2,3,4,5.0,5,,5,,5,4,,2,3,5,5,4,4,4,5,4,2,3,4,3,4,5,4,4,4,5,4,5,3,5.0,5,,4,4,5,4,1,4,5,4,4,3,4,5.0,5.0,3,5,4,4,1,3,5.0,3,2,4,4,4,5.0,5,5,4,4,4,4,4,5,5,4,4,5.0,5.0,5,4,5,,4,5,5,0,4,4,4,5,4,5.0,4,5.0,5.0,5.0,3,,4,5,5.0,4,5,4,0,4,4,4,5,5,,,4,4,5,5.0,4,5,5,5.0,4,5,5.0,4,4,4,5.0,5,3,4,4,4,5,5,3,4,4,4,4,4,5,2,4,4,5.0,4,4,5,5.0,4,4,4,2,4,5,4,5.0,,4,4,4,5,4,4,5,5,3,4,4,,5.0,0,4.0,,,4,4,5,4,4,5.0,,5.0,4,5,4,4,3,5,5,5,3,5,5.0,,4,4,4,5.0,5.0,5.0,4,4,4,4,5.0,4,0.0,4,4,4,5,4,4,5.0,5,5,3,4,4,4,5.0,5.0,,5,4,4,,2,4,1,4,5,3,4,3,4,4,5,5,5,,5.0,1,5,4,4,,4,4,5.0,2,4,5.0,5,5.0,5.0,4,,5,4,5.0,5,5,5,5.0,5,0,4,5.0,4,5.0,4,,4,3,4,4,4,,5.0,2,5.0,,4,5,5,4,4,5,5.0,4,5,5,4,5,5,4,5,3,5,4,,3,4,,4,3,4,5,4,5,5.0,4,5,4,3,4,5,4,5,5.0,,2,4,5.0,5.0,5.0,,5.0,5,5,4,5.0,,,,5,,5,,,4,3,4,5.0,,29,10,1.5582682291666667,-0.6634335062622458
5,5,5,3,4,1,5,5,2,5,5,5,5,5,5,5,2,6.0,6.0,5,3,5,5,5,5,4,5,5,4,5,5,4,5,5,3,5,6,6,0,6,5,5,5,5,6.0,5,5,6,5,6,6.0,5,4,,5,5,5,5,5,3,5,4,6.0,6,,5,,6,5,6.0,5,4,6,5,5,5,5,5,6,5,4,4,5,5,5,3,2,4,6,5,6,4,6.0,5,,4,3,6,4,4,0,1,5,5,4,5,6.0,6.0,5,6,5,5,5,5,6.0,4,5,5,5,6,6.0,6,6,5,5,5,5,5,6,5,6,5,0.0,6.0,6,5,6,6.0,5,6,5,4,6,5,5,5,6,6.0,5,6.0,0.0,6.0,5,,5,6,6.0,5,6,5,6,6,5,5,5,6,,,5,6,6,6.0,4,6,6,6.0,6,5,6.0,5,5,5,6.0,6,5,5,5,5,6,6,4,0,4,5,5,5,6,4,6,4,6.0,5,5,5,6.0,5,5,4,5,6,6,5,6.0,,5,5,5,6,5,5,6,6,5,5,6,,6.0,5,6.0,,,5,5,6,5,5,4.0,6.0,6.0,5,5,5,0,5,4,0,3,4,6,5.0,6.0,5,5,5,4.0,6.0,6.0,5,5,5,5,6.0,4,,5,5,6,6,4,5,6.0,5,6,6,0,5,5,6.0,6.0,,6,5,5,,5,5,5,5,5,5,5,4,4,5,6,6,6,,0.0,3,6,3,5,,6,5,6.0,5,5,6.0,6,6.0,6.0,5,,5,6,6.0,6,6,5,6.0,5,6,3,6.0,6,6.0,4,,5,5,5,5,5,,6.0,6,6.0,6.0,5,5,6,5,5,5,6.0,4,5,6,5,5,6,6,6,4,5,0,,5,5,,5,5,5,5,5,6,6.0,5,6,5,5,5,5,4,5,6.0,,1,5,6.0,,6.0,,6.0,6,6,4,6.0,,,,5,,5,,,5,5,5,5.0,,30,10,1.7039495519415864,-0.6816176160970391
5,3,6,5,5,6,6,6,5,6,5,6,5,5,6,6,5,5.0,6.0,6,4,6,6,6,6,6,5,5,6,6,6,5,6,0,5,6,6,6,6,6,6,6,6,6,7.0,6,6,6,6,6,7.0,6,5,,6,5,3,6,6,5,5,5,7.0,6,7.0,6,,6,6,,5,5,6,6,6,6,6,6,6,6,4,5,5,6,6,6,6,5,6,6,7,0,6.0,6,,5,5,6,6,6,6,6,6,6,5,5,7.0,7.0,5,6,6,5,6,5,7.0,4,6,6,5,6,7.0,6,7,5,5,6,6,6,5,6,6,1,6.0,6.0,6,3,6,7.0,6,6,6,1,6,6,6,6,6,7.0,6,7.0,7.0,7.0,5,,6,6,7.0,6,6,4,0,6,4,6,6,6,7.0,7.0,6,6,7,7.0,5,6,6,7.0,7,6,7.0,6,5,6,7.0,7,5,6,6,4,6,6,4,5,6,6,6,6,6,4,6,5,0.0,6,6,6,7.0,6,6,5,2,5,7,6,7.0,,5,5,6,6,5,3,6,6,6,5,6,,7.0,6,6.0,,,6,6,6,6,6,7.0,,7.0,5,0,6,6,5,6,6,6,5,6,6.0,7.0,6,6,6,7.0,5.0,7.0,6,5,6,6,7.0,5,7.0,6,6,6,6,6,6,0.0,6,6,6,0,6,6,7.0,6.0,7.0,6,6,6,,6,3,6,5,6,5,6,5,4,6,6,6,6,,7.0,5,6,6,3,,6,4,7.0,6,4,7.0,6,7.0,0.0,5,,6,0,6.0,6,6,6,6.0,6,3,5,0.0,6,6.0,5,,6,5,6,6,4,,7.0,6,6.0,7.0,6,6,6,6,6,6,7.0,1,6,6,6,6,6,6,5,5,6,5,,5,6,,6,6,3,4,5,6,7.0,5,6,6,6,5,6,5,6,5.0,,6,6,6.0,7.0,7.0,,6.0,6,6,6,6.0,,,,6,,6,,,6,6,6,6.0,7.0,31,10,1.7493031644531891,-0.6134801627090708
5,5,6,5,5,6,6,1,5,6,5,6,5,0,6,6,5,5.0,5.0,6,3,6,5,6,6,6,5,4,5,6,6,5,6,7,6,6,6,6,5,0,6,6,5,6,7.0,6,5,6,6,6,7.0,6,5,,6,6,5,5,5,5,3,6,7.0,1,7.0,6,,6,6,,5,5,6,6,6,5,6,6,6,6,5,5,1,6,5,5,6,4,6,6,6,4,7.0,6,,5,0,6,6,6,6,6,6,6,5,6,6.0,0.0,6,6,6,6,6,5,7.0,5,5,6,5,6,6.0,4,6,5,5,6,6,6,6,6,6,5,6.0,6.0,6,5,6,0.0,4,6,6,5,5,6,6,6,6,7.0,6,7.0,7.0,7.0,6,,6,6,6.0,6,6,5,6,6,6,6,6,6,7.0,7.0,2,6,7,7.0,5,6,6,7.0,7,6,7.0,6,5,5,7.0,6,5,5,6,6,5,6,5,6,5,6,5,5,6,4,6,5,7.0,6,5,6,7.0,6,6,6,6,6,6,6,6.0,,4,4,6,4,2,6,6,6,5,4,6,7.0,7.0,6,7.0,,,6,6,6,6,5,6.0,,7.0,5,5,0,6,6,6,6,6,5,6,6.0,7.0,1,6,6,7.0,6.0,7.0,6,5,5,6,7.0,5,,6,6,4,6,6,6,0.0,6,6,6,4,6,5,7.0,6.0,,6,6,6,,5,6,6,5,6,6,6,5,5,6,6,6,6,,0.0,5,6,6,6,7.0,6,5,6.0,6,5,7.0,6,6.0,7.0,5,,3,6,6.0,6,6,6,6.0,4,3,5,7.0,6,6.0,6,,6,6,6,6,6,,7.0,6,7.0,7.0,1,6,6,6,6,6,7.0,6,6,6,6,6,6,6,6,6,3,5,,5,5,,5,5,4,6,1,4,7.0,5,6,6,6,4,6,5,6,4.0,,6,6,6.0,7.0,6.0,,0.0,6,6,6,6.0,,7.0,,6,,6,,,6,5,6,7.0,0.0,32,10,1.7975688816855753,-0.5770456753653422
6,6,6,5,3,6,6,6,4,6,6,6,6,5,6,5,6,4.0,5.0,6,5,6,6,6,6,5,5,6,6,6,6,5,6,7,5,5,6,7,6,6,6,6,6,6,6.0,6,6,6,6,7,7.0,6,5,,6,5,6,6,6,5,6,3,6.0,6,7.0,6,,6,5,,5,3,6,6,6,1,6,7,2,6,4,6,5,6,6,4,6,5,6,6,5,5,7.0,6,,4,0,4,6,6,5,6,5,6,4,5,7.0,7.0,6,6,2,6,6,2,7.0,5,6,6,6,7,7.0,6,6,6,6,6,6,6,6,4,6,5,4.0,7.0,6,6,7,7.0,6,6,6,5,6,6,6,6,6,7.0,6,7.0,5.0,7.0,4,,6,6,7.0,6,6,5,6,6,6,6,6,6,7.0,7.0,6,6,6,7.0,5,6,7,7.0,3,6,7.0,6,5,0,0.0,6,6,6,5,6,6,6,5,6,5,6,6,5,6,5,5,5,7.0,6,5,6,7.0,0,6,5,6,6,6,6,7.0,,5,6,6,7,6,6,6,7,6,5,6,,7.0,6,7.0,,,6,6,7,6,6,6.0,,7.0,6,6,6,6,6,6,6,6,5,6,5.0,0.0,6,6,6,7.0,7.0,7.0,6,6,6,6,7.0,5,5.0,6,0,6,7,6,6,7.0,6,6,6,0,6,6,7.0,7.0,,6,6,6,,6,6,6,5,6,6,6,5,5,6,6,7,4,,7.0,5,6,6,6,,7,6,7.0,3,6,7.0,6,7.0,7.0,6,,6,6,7.0,5,7,6,0.0,6,6,5,6.0,0,7.0,6,,6,6,6,5,5,,7.0,7,7.0,7.0,6,6,6,5,6,4,7.0,6,6,6,6,6,6,7,6,5,6,2,,6,6,,4,6,6,0,6,7,7.0,6,7,6,6,6,6,6,6,7.0,,6,6,7.0,7.0,7.0,,7.0,6,6,7,6.0,,7.0,,6,,6,,,6,6,6,7.0,7.0,33,10,1.837856173677069,-0.6087654588478526
5,5,5,5,4,5,5,5,5,5,4,5,5,4,5,5,5,6.0,5.0,5,3,6,3,5,5,5,5,5,5,5,5,4,5,6,4,1,6,5,5,6,4,4,4,5,6.0,2,5,5,4,5,6.0,5,2,,5,5,4,5,5,5,4,4,6.0,0,6.0,5,,5,5,,5,3,5,5,5,0,5,6,5,5,3,5,4,5,5,5,5,4,5,5,4,4,6.0,5,,4,1,6,5,5,5,6,5,6,4,4,6.0,6.0,5,6,5,6,5,5,6.0,4,5,5,5,4,3.0,5,4,5,5,5,5,5,6,5,6,5,5.0,4.0,6,5,5,6.0,3,2,6,4,5,5,5,5,4,,6,6.0,6.0,6.0,5,,6,6,6.0,5,0,4,5,5,3,0,5,5,6.0,,5,5,6,5.0,5,6,6,6.0,6,6,6.0,5,5,5,6.0,5,5,5,5,5,5,5,4,5,4,5,5,5,3,4,5,5,6.0,5,5,5,6.0,5,5,5,3,5,6,5,5.0,,4,5,5,6,4,5,6,6,5,3,5,,6.0,5,6.0,,6.0,5,5,5,5,5,6.0,,6.0,5,5,5,1,4,0,6,5,5,5,6.0,6.0,5,5,5,6.0,6.0,6.0,5,5,5,0,6.0,5,,4,5,5,6,5,5,6.0,6,6,4,5,5,4,6.0,5.0,,5,5,0,,5,5,6,5,5,2,1,4,5,5,5,5,5,,6.0,5,6,5,5,,6,4,5.0,5,5,6.0,5,6.0,6.0,5,,5,5,6.0,6,6,5,6.0,5,5,5,6.0,2,6.0,5,,5,5,5,5,5,,6.0,6,6.0,6.0,5,6,6,5,5,5,6.0,5,5,0,5,5,5,6,6,4,5,5,,5,4,,5,4,5,6,4,6,6.0,5,5,5,5,5,5,5,5,6.0,,5,5,4.0,0.0,4.0,,4.0,6,5,4,6.0,,6.0,,5,,6,,,5,5,0,6.0,6.0,34,10,1.7162369813897902,-0.5758986276978239
4,4,5,4,3,4,4,4,3,5,0,4,5,4,5,5,4,5.0,5.0,4,3,5,4,5,4,4,4,4,4,5,4,4,4,2,4,4,5,5,5,5,5,5,5,5,,5,4,5,4,5,,5,3,,5,4,5,4,4,4,4,5,5.0,5,,5,,5,4,,4,4,0,5,4,4,5,5,5,5,0,4,3,4,5,4,0,4,5,5,5,3,2.0,5,,2,4,5,5,5,4,0,3,2,4,4,,5.0,4,3,4,5,5,1,5.0,3,4,4,3,5,5.0,5,5,4,4,4,2,4,5,5,0,4,5.0,5.0,3,4,5,,5,5,5,4,5,4,5,5,5,,4,5.0,5.0,,5,,5,5,,5,5,2,5,5,5,3,5,5,,,4,4,5,5.0,3,2,5,5.0,5,5,5.0,5,5,4,5.0,5,3,5,4,5,5,5,4,4,4,4,0,4,5,3,4,4,5.0,5,4,5,,5,5,5,5,5,5,4,5.0,4.0,4,5,5,5,3,5,5,5,5,4,5,,,5,3.0,,,5,4,5,5,5,,,5.0,5,5,5,4,4,4,5,5,4,5,5.0,,4,5,4,,5.0,5.0,5,4,4,3,5.0,4,,5,4,5,5,0,5,5.0,5,5,5,4,5,5,,5.0,,5,4,5,,5,5,4,4,5,3,4,4,4,5,5,5,5,,,4,5,1,4,,5,5,5.0,5,4,4.0,4,5.0,,4,,5,5,5.0,5,5,5,,5,5,4,5.0,5,5.0,4,,5,5,0,5,5,,5.0,5,5.0,,5,5,5,4,4,5,5.0,5,5,4,5,5,5,5,5,4,5,4,,4,1,,5,4,4,5,4,5,0.0,2,5,5,3,5,5,2,5,,,4,5,5.0,,5.0,,5.0,5,5,5,5.0,,,,5,,5,,,5,4,5,5.0,,35,10,1.6183460076045628,-0.5649147052839025
4,4,4,4,3,4,4,4,3,4,4,2,4,2,4,4,4,5.0,5.0,0,3,5,4,5,4,4,3,4,4,1,4,4,4,5,4,4,5,5,4,4,4,4,4,4,,5,4,4,4,3,0.0,1,4,,4,3,4,3,4,4,3,4,5.0,4,5.0,0,,4,4,,3,3,5,5,4,4,2,4,5,5,3,2,3,4,5,4,4,3,5,4,5,4,,5,,4,3,4,4,3,4,4,4,5,0,4,5.0,5.0,1,5,4,4,4,4,5.0,3,4,4,4,5,5.0,5,5,4,3,4,4,4,5,4,4,4,5.0,5.0,5,2,5,,4,5,4,4,5,4,4,4,0,,4,5.0,5.0,5.0,4,,1,5,5.0,4,5,3,5,5,4,0,5,4,,4.0,4,4,4,5.0,3,3,2,5.0,5,3,5.0,4,4,4,5.0,4,3,4,4,4,2,4,3,4,2,4,4,3,4,3,5,2,5.0,2,4,4,5.0,4,5,4,4,5,5,4,5.0,,1,4,4,5,3,4,5,5,4,3,5,,5.0,5,5.0,,,4,4,4,4,4,5.0,,5.0,4,4,4,1,3,5,5,5,3,5,5.0,5.0,4,4,1,5.0,5.0,5.0,4,4,4,4,5.0,4,,4,4,4,5,4,4,5.0,5,5,5,4,4,4,5.0,5.0,,5,4,4,,0,5,4,4,5,4,4,4,4,4,4,5,5,,5.0,4,5,4,4,,5,0,5.0,4,4,5.0,4,5.0,5.0,4,,0,4,5.0,5,5,4,5.0,5,3,4,5.0,4,5.0,4,,4,4,4,4,4,,5.0,5,5.0,5.0,4,5,5,4,4,4,5.0,4,5,4,4,4,4,5,5,4,4,4,,4,0,,4,4,4,5,4,5,5.0,1,5,4,4,4,5,4,5,5.0,,4,4,5.0,,5.0,,5.0,5,5,5,5.0,,,,4,,5,,,4,4,5,5.0,5.0,36,10,1.628595041322314,-0.7186311878006814
4,4,4,3,3,4,4,5,4,4,4,4,4,4,5,4,4,5.0,5.0,3,2,5,4,4,4,4,4,1,4,4,4,4,4,5,4,4,5,5,4,5,5,4,4,5,,5,4,4,0,4,5.0,4,3,,4,3,3,4,5,4,4,2,5.0,5,,4,,5,4,,3,4,0,4,4,3,4,4,4,5,3,4,3,4,4,4,3,1,4,4,5,3,5.0,5,,3,3,5,4,4,4,1,4,4,3,0,5.0,5.0,4,5,4,5,4,4,5.0,2,4,4,4,5,5.0,4,4,4,1,4,4,2,5,4,4,0,5.0,5.0,5,4,5,5.0,4,1,3,3,5,4,5,4,5,,5,5.0,5.0,5.0,4,,4,5,4.0,5,5,3,5,4,5,4,4,5,5.0,,4,4,5,5.0,3,5,0,5.0,5,5,5.0,4,4,4,5.0,5,4,4,4,4,4,5,4,3,4,4,4,4,5,1,4,4,5.0,1,4,4,5.0,4,4,2,4,0,5,5,5.0,,4,4,4,5,3,4,5,1,2,3,5,,5.0,4,5.0,,,5,4,4,3,4,5.0,,5.0,4,5,3,4,4,4,5,4,2,5,5.0,5.0,4,4,4,5.0,5.0,5.0,4,3,4,4,4.0,4,,5,0,5,5,5,4,5.0,4,4,4,5,3,4,5.0,5.0,,5,4,5,,4,5,5,4,4,4,4,3,3,5,5,5,5,,4.0,3,4,4,4,,5,4,0.0,4,4,5.0,5,3.0,5.0,4,,4,4,5.0,5,3,4,5.0,4,5,4,5.0,5,5.0,3,,4,4,5,4,4,5.0,5.0,4,5.0,5.0,3,5,5,0,4,4,5.0,4,4,4,4,0,5,5,1,3,4,4,,4,4,,4,2,4,5,4,5,5.0,4,5,4,4,4,4,4,5,5.0,,4,4,5.0,5.0,5.0,,5.0,5,5,5,5.0,,,,4,,5,,,4,4,5,5.0,,37,10,1.626121794871795,-0.659140429012599
5,5,6,4,4,5,5,5,5,5,5,5,5,5,5,5,6,6.0,6.0,5,4,5,5,6,6,5,4,5,5,5,2,5,5,6,5,5,6,6,4,5,6,5,5,6,6.0,5,5,5,5,1,6.0,5,5,,5,5,0,5,0,5,4,4,6.0,6,6.0,5,,6,4,0.0,5,4,6,6,6,4,5,6,6,5,3,5,4,5,5,5,4,4,5,5,5,4,6.0,2,,5,4,5,3,4,5,6,4,2,3,5,6.0,5.0,5,4,5,5,5,4,5.0,5,5,5,5,5,6.0,6,6,5,5,5,5,5,6,5,6,5,6.0,6.0,6,5,3,6.0,5,6,6,5,6,5,5,5,5,,6,6.0,6.0,6.0,4,,5,6,6.0,6,6,4,6,3,4,5,5,5,,,5,5,6,6.0,0,6,6,6.0,6,5,6.0,6,5,5,6.0,6,3,5,5,5,6,3,4,5,5,5,5,5,5,4,6,4,6.0,5,0,5,6.0,5,6,5,0,6,6,5,6.0,,1,5,3,6,4,5,6,6,5,5,5,,6.0,6,6.0,5.0,,5,5,6,5,6,6.0,6.0,6.0,4,5,5,5,1,5,6,5,4,4,6.0,,5,5,0,6.0,5.0,6.0,5,5,5,5,5.0,5,,6,5,6,5,5,4,6.0,1,6,6,5,5,5,6.0,6.0,,5,6,6,,5,6,5,5,6,5,5,5,5,6,5,0,6,,6.0,2,6,5,5,,6,5,5.0,5,3,6.0,6,6.0,6.0,5,,5,5,6.0,6,6,5,6.0,6,5,5,6.0,5,6.0,5,,5,5,6,6,5,,6.0,6,6.0,4.0,3,5,6,5,5,5,6.0,5,6,5,5,6,5,6,6,4,5,5,0.0,5,5,,5,5,5,5,5,6,0.0,5,6,5,5,5,6,5,5,6.0,,5,2,6.0,,6.0,,6.0,6,6,6,6.0,,6.0,,5,,5,,,5,5,6,6.0,6.0,38,10,1.7175398633257404,-0.6323101479055397
5,4,5,3,1,5,5,5,4,4,4,4,4,3,1,3,4,1.0,5.0,5,0,5,4,5,5,4,4,3,4,4,5,4,5,5,4,4,4,5,4,5,5,5,5,5,,5,4,5,1,5,5.0,1,4,,5,4,5,5,5,4,0,3,,5,,5,,5,4,,3,2,5,5,5,4,5,5,5,5,4,5,4,0,5,4,5,4,5,5,5,3,,4,,5,3,5,4,5,5,5,4,5,4,4,5.0,5.0,5,5,4,5,5,4,,4,5,5,4,3,,4,3,5,3,5,5,5,5,5,5,4,5.0,3.0,5,4,5,,0,5,5,4,5,4,5,5,5,,5,5.0,,,5,,5,5,4.0,4,5,4,4,5,5,5,5,3,,,5,5,5,,4,5,5,,5,5,,5,4,5,,5,5,4,5,5,5,5,4,5,4,5,4,5,5,4,5,4,0.0,4,5,5,5.0,5,5,5,4,5,5,5,5.0,,4,5,5,5,4,4,5,5,4,4,5,,,5,4.0,,,5,5,5,5,5,5.0,,,4,5,5,3,3,5,5,5,4,5,5.0,,5,5,5,,5.0,,5,1,4,5,,4,0.0,5,5,5,5,5,5,,5,5,5,4,2,4,5.0,5.0,,5,2,5,,4,5,5,5,5,4,4,4,4,3,5,5,5,,5.0,4,5,0,4,0.0,5,4,5.0,3,5,,5,5.0,4.0,5,,5,5,5.0,5,2,5,5.0,5,4,4,3.0,5,5.0,3,,5,0,5,5,4,,,5,5.0,,1,5,5,4,5,4,,5,5,5,5,5,5,5,3,4,5,4,,2,4,,5,4,4,5,4,5,,4,5,5,5,5,5,4,4,,,3,4,,,,,5.0,5,5,5,3.0,,,,5,,5,,,4,5,0,5.0,,39,10,1.6671453646082655,-0.4478401710659104
4,5,5,1,0,2,5,5,5,5,5,5,5,5,6,6,5,6.0,6.0,5,4,6,5,6,4,5,5,5,5,5,5,5,5,6,2,5,6,6,5,6,6,6,5,6,,5,5,6,5,5,6.0,6,5,,5,5,0,5,6,5,5,4,6.0,6,,6,,6,5,,5,4,4,6,6,5,5,6,6,6,5,5,5,5,6,2,5,4,6,5,6,3,4.0,5,,4,4,6,6,5,5,5,5,6,5,5,,6.0,5,6,5,5,4,4,6.0,3,5,6,4,6,6.0,6,6,5,4,5,5,5,6,6,6,5,6.0,6.0,6,5,6,6.0,5,0,6,4,5,5,6,5,6,,4,6.0,6.0,,5,5.0,5,6,6.0,6,6,4,6,6,5,5,6,6,,,5,5,6,5.0,4,6,6,6.0,6,6,6.0,5,5,5,6.0,6,5,5,5,0,6,6,4,5,5,5,5,0,5,4,6,5,6.0,2,4,3,6.0,5,5,5,3,6,6,6,6.0,,5,5,6,6,2,3,6,6,5,5,6,,6.0,6,6.0,,,6,6,6,5,6,6.0,,6.0,5,6,6,4,5,5,6,6,4,6,6.0,,4,5,5,6.0,6.0,6.0,5,5,5,6,6.0,5,,5,4,5,6,3,5,6.0,5,6,6,5,5,2,4.0,6.0,,6,5,6,,6,5,5,5,6,5,5,5,5,6,3,6,6,,6.0,4,6,0,5,6.0,6,6,6.0,6,2,6.0,6,6.0,0.0,5,,5,6,6.0,6,0,6,6.0,5,6,5,6.0,6,6.0,5,,6,5,6,6,6,,3.0,6,6.0,6.0,5,6,6,5,5,5,6.0,6,6,6,5,0,6,6,6,5,5,5,,5,5,,5,5,5,6,6,6,6.0,5,6,5,5,5,6,5,5,6.0,0.0,5,5,6.0,,2.0,,6.0,6,6,6,6.0,,,,5,,5,,,5,5,6,6.0,,40,10,1.7083932853717023,-0.6264754536303597
4,5,1,4,4,5,5,5,4,4,4,5,4,0,5,5,5,5.0,5.0,4,3,5,5,6,5,5,4,5,4,3,5,4,5,6,5,4,5,5,4,5,5,5,3,5,6.0,5,5,5,4,0,6.0,5,4,,5,5,5,5,4,4,4,5,6.0,0,6.0,5,,5,5,,0,3,5,5,1,4,4,5,2,3,4,5,4,5,5,5,5,4,5,5,5,3,6.0,5,,4,4,5,3,4,5,5,5,5,3,4,5.0,6.0,5,5,4,5,5,5,6.0,5,5,5,5,5,6.0,5,5,5,5,4,5,5,5,5,3,4,6.0,6.0,5,5,5,6.0,5,5,5,4,5,5,5,5,5,6.0,5,6.0,6.0,6.0,4,,5,6,0.0,5,2,5,5,5,5,5,5,5,6.0,6.0,3,5,5,3.0,4,5,5,6.0,5,5,6.0,5,5,5,6.0,5,4,5,5,5,5,5,4,3,5,5,5,4,5,4,5,4,6.0,5,1,5,6.0,5,5,5,5,0,5,5,6.0,,2,5,5,5,5,5,5,5,1,5,5,6.0,6.0,5,6.0,,,5,5,5,5,5,6.0,,4.0,5,5,5,5,4,5,5,5,4,5,5.0,6.0,5,0,5,6.0,6.0,5.0,5,5,5,4,6.0,5,,5,2,5,5,5,4,0.0,5,5,5,4,3,4,6.0,5.0,,6,5,3,,5,5,5,4,5,5,5,4,5,5,5,5,5,,6.0,4,6,5,5,,5,4,6.0,5,5,6.0,5,6.0,6.0,5,,5,5,6.0,6,5,4,6.0,5,5,1,2.0,5,5.0,5,,5,4,5,5,1,,5.0,5,6.0,6.0,5,6,5,4,5,5,5.0,0,5,5,3,5,6,5,5,4,5,5,,5,5,,5,4,5,5,5,6,6.0,5,5,4,5,5,5,5,5,0.0,,4,3,6.0,6.0,6.0,,6.0,5,5,5,4.0,,6.0,,5,,5,,,5,5,5,6.0,6.0,41,10,1.6993632765444853,-0.6033556304496508
6,6,6,5,6,6,6,6,5,2,5,6,3,5,6,6,5,6.0,7.0,6,5,6,6,7,6,2,5,6,4,5,4,5,6,0,4,4,6,6,6,6,6,6,0,6,7.0,6,5,6,6,6,7.0,1,5,,6,6,6,2,6,4,6,2,7.0,6,7.0,6,,6,6,,0,3,6,6,5,5,6,0,7,6,5,5,5,6,6,5,6,5,6,6,7,4,7.0,5,,5,5,6,6,6,6,6,6,6,5,6,7.0,7.0,5,6,6,6,6,5,7.0,5,6,6,6,7,6.0,7,6,5,6,6,5,6,2,6,7,6,7.0,7.0,6,1,7,0.0,5,7,6,6,6,6,6,6,6,7.0,6,6.0,7.0,7.0,5,,2,6,7.0,6,7,5,6,6,6,6,6,6,7.0,,5,6,6,7.0,5,7,7,7.0,7,6,6.0,6,6,6,7.0,6,4,6,3,6,7,6,5,5,5,5,6,4,6,4,6,5,5.0,6,6,6,7.0,6,6,6,6,6,2,4,7.0,,6,6,6,6,5,6,6,6,5,5,6,,6.0,6,7.0,,7.0,6,6,7,6,6,6.0,,7.0,6,6,6,6,6,6,7,6,5,6,7.0,7.0,6,6,6,7.0,6.0,7.0,6,6,6,6,7.0,6,,6,6,6,6,6,4,7.0,6,6,6,6,6,6,6.0,7.0,,6,0,6,0.0,4,6,6,6,6,4,6,5,6,6,5,6,6,,7.0,5,6,0,6,,7,6,7.0,6,5,7.0,6,7.0,7.0,6,,6,6,7.0,7,6,6,7.0,6,6,6,6.0,6,7.0,6,,6,6,6,6,6,7.0,7.0,6,7.0,7.0,6,6,6,6,6,6,7.0,6,6,0,6,6,6,6,7,1,6,6,,6,5,,6,6,6,6,6,7,7.0,5,6,6,6,6,6,6,6,7.0,,6,6,7.0,7.0,6.0,,7.0,7,7,7,7.0,,7.0,0.0,6,,6,,,5,5,6,7.0,7.0,42,10,1.8230220600431248,-0.6495786564055602
5,7,8,7,7,8,8,8,8,8,8,8,8,7,8,8,8,9.0,8.0,8,6,8,7,8,8,8,7,8,8,8,7,7,8,8,8,8,6,8,7,8,8,8,8,8,9.0,8,8,8,8,8,7.0,8,7,,7,7,7,7,7,7,7,7,0.0,8,0.0,8,,8,8,,7,6,8,8,8,7,8,8,8,8,6,7,6,8,8,6,8,6,8,8,8,7,9.0,8,,7,7,8,7,8,6,8,7,8,7,4,8.0,8.0,7,8,7,8,6,7,9.0,4,8,8,8,8,8.0,8,8,7,6,7,8,8,8,7,8,7,8.0,9.0,8,7,8,9.0,7,8,0,6,8,5,8,8,8,9.0,8,9.0,7.0,9.0,7,,8,8,8.0,8,8,4,8,8,8,8,8,8,9.0,9.0,7,8,8,9.0,7,8,9,9.0,9,8,9.0,8,8,7,9.0,8,7,8,8,8,8,2,7,7,7,8,8,8,7,3,8,7,8.0,8,8,8,9.0,8,8,7,8,8,8,8,9.0,,0,7,8,8,7,8,8,8,7,3,8,,9.0,8,9.0,,,8,7,8,8,8,8.0,,9.0,7,8,8,8,7,8,8,8,7,8,8.0,9.0,8,8,7,9.0,8.0,0.0,5,8,8,8,9.0,7,,8,8,8,8,8,8,9.0,8,8,8,8,8,8,9.0,0.0,9.0,8,8,5,,8,8,8,7,8,5,8,7,8,8,8,6,8,,9.0,7,8,8,7,,8,8,9.0,8,7,0.0,8,9.0,9.0,8,,8,8,8.0,8,8,6,8.0,8,8,8,8.0,8,8.0,4,,8,7,8,8,8,,9.0,8,9.0,9.0,8,8,8,8,8,8,9.0,8,8,8,8,0,8,8,8,7,8,8,,7,7,,8,7,8,8,8,8,9.0,7,8,8,8,8,6,7,8,9.0,,7,7,9.0,9.0,8.0,,9.0,8,8,8,9.0,,9.0,,0,,8,,,7,6,5,8.0,0.0,43,10,1.8736704303714613,-0.615089888550655
4,4,4,1,3,4,3,4,4,3,4,4,4,4,5,4,4,4.0,5.0,4,4,4,4,3,4,4,4,4,4,4,3,4,4,5,4,4,5,4,4,4,4,4,4,4,5.0,4,4,4,4,4,5.0,4,3,,3,4,4,3,4,3,3,3,5.0,4,5.0,4,,4,4,,1,3,5,4,4,3,4,4,4,4,2,3,1,4,3,4,4,3,4,4,4,3,5.0,4,,2,3,5,4,4,4,3,4,4,2,4,5.0,0.0,4,4,4,4,4,4,5.0,3,4,4,4,5,5.0,5,4,4,3,0,4,4,5,4,5,3,5.0,5.0,5,4,5,5.0,3,5,4,3,4,3,4,4,4,,4,5.0,5.0,5.0,3,,4,5,5.0,5,4,2,3,4,4,4,5,5,5.0,,4,0,5,5.0,2,5,5,5.0,5,4,5.0,4,4,3,5.0,4,3,4,2,3,5,4,2,4,3,4,4,4,4,1,4,3,5.0,4,0,4,5.0,4,4,4,4,5,4,4,5.0,,3,4,4,4,3,4,4,5,3,3,5,,4.0,4,5.0,,,4,4,5,4,4,5.0,,5.0,4,4,4,4,3,4,5,4,3,4,5.0,5.0,4,4,4,5.0,5.0,5.0,4,4,3,4,5.0,3,5.0,4,4,4,4,4,4,5.0,4,4,4,4,0,4,5.0,5.0,,4,4,4,,4,4,4,4,4,4,1,0,4,4,4,5,4,,5.0,3,5,4,0,,2,4,5.0,4,4,5.0,0,5.0,5.0,4,,4,4,5.0,4,2,4,5.0,4,4,4,4.0,4,3.0,4,,4,4,4,4,4,,5.0,5,5.0,5.0,4,5,4,4,4,4,5.0,4,5,4,3,4,4,4,4,3,4,0,,3,3,,4,1,4,4,2,4,5.0,4,5,4,4,3,5,4,5,5.0,,4,4,5.0,,5.0,,5.0,3,5,4,5.0,,0.0,,4,,5,,,3,4,4,5.0,5.0,44,10,1.612751677852349,-0.6919351507331833
5,5,3,2,4,5,5,5,5,5,4,4,5,5,5,5,5,6.0,4.0,4,3,5,5,6,6,0,4,4,5,5,5,5,5,6,4,4,5,5,0,5,5,5,5,5,6.0,5,5,5,5,5,6.0,5,0,,5,5,5,3,5,4,4,5,4.0,5,6.0,3,,5,3,,4,4,5,5,5,4,5,6,5,5,3,5,2,5,5,4,5,3,5,5,4,4,6.0,2,,4,4,5,5,5,5,5,5,5,0,5,6.0,6.0,5,5,4,5,5,4,6.0,5,5,4,5,6,6.0,5,3,4,4,5,4,5,0,5,5,4,6.0,6.0,6,5,6,6.0,4,5,5,5,5,5,5,5,5,6.0,5,6.0,6.0,6.0,4,,5,6,6.0,5,5,4,5,5,5,5,5,6,0.0,,5,5,6,6.0,4,5,6,6.0,6,5,6.0,5,5,5,6.0,5,4,5,4,5,6,5,3,5,5,2,5,5,5,4,5,5,6.0,5,5,5,6.0,5,5,5,4,5,5,5,6.0,6.0,0,5,0,6,4,5,5,5,4,4,0,,6.0,5,6.0,,,5,5,6,5,5,5.0,,6.0,5,5,5,5,4,5,6,5,4,5,6.0,6.0,5,5,2,6.0,6.0,3.0,5,5,4,5,5.0,4,,4,5,5,6,5,4,5.0,5,5,5,5,5,5,4.0,6.0,,5,5,5,,4,5,5,5,5,5,4,4,3,5,4,5,4,,6.0,5,6,5,5,,6,4,6.0,5,5,6.0,5,6.0,6.0,5,0.0,5,5,6.0,6,5,5,6.0,3,2,5,6.0,5,6.0,5,,5,5,5,5,5,,6.0,6,6.0,6.0,5,1,5,5,5,5,6.0,5,5,5,5,5,5,6,5,4,5,5,,5,5,,5,4,5,5,5,6,6.0,4,5,5,5,5,6,5,5,6.0,,5,1,6.0,6.0,6.0,,6.0,5,3,5,6.0,,6.0,,5,,4,,,5,5,5,6.0,6.0,45,10,1.7080944350758855,-0.6336814292976655
6,6,6,6,6,7,6,6,6,6,2,6,6,5,6,6,2,7.0,7.0,7,1,7,6,7,7,6,5,6,6,7,6,6,6,7,5,6,7,7,6,7,7,4,6,3,,7,6,6,6,7,,7,5,7.0,6,6,7,6,6,6,6,6,7.0,7,,7,,7,6,,6,4,7,7,7,6,6,7,7,6,5,6,5,6,5,6,2,6,7,7,7,5,,6,,6,4,6,2,7,7,7,6,7,0,6,0.0,7.0,7,7,7,7,7,6,,6,6,7,6,7,7.0,7,7,5,6,7,6,7,7,7,7,6,7.0,4.0,5,6,7,,0,7,7,6,7,7,7,7,7,7.0,7,7.0,6.0,,7,0.0,7,7,7.0,7,7,6,7,7,7,7,7,7,,,6,7,7,7.0,6,7,7,7.0,7,7,,6,4,7,,6,6,7,7,4,7,6,3,6,6,6,6,6,7,5,4,6,7.0,7,7,7,,7,7,7,7,6,7,6,2.0,,6,7,7,7,6,6,7,7,5,6,7,,7.0,7,7.0,,,6,6,7,6,7,6.0,,,6,7,7,6,6,6,7,7,6,7,7.0,7.0,7,7,6,7.0,6.0,7.0,7,7,6,5,7.0,6,,7,7,7,7,7,6,7.0,7,7,7,6,6,6,1.0,7.0,,7,7,7,7.0,6,7,5,6,7,6,6,6,6,0,7,5,7,,,6,7,6,6,,7,5,0.0,7,6,,6,7.0,7.0,7,,7,7,7.0,7,7,7,,7,0,0,7.0,5,4.0,6,,7,6,7,6,6,,7.0,7,7.0,,3,7,7,7,7,7,7.0,7,7,7,6,7,7,7,7,6,7,5,,6,5,6.0,6,6,6,7,6,7,,6,7,7,6,7,7,6,7,7.0,,6,6,7.0,,7.0,,0.0,7,7,7,4.0,,,,7,,7,,,7,6,7,0.0,,46,10,1.9133895876452793,-0.4999982070694747
5,5,5,4,5,5,5,5,5,5,5,5,4,5,6,5,5,6.0,6.0,5,4,6,5,6,5,5,5,5,4,5,5,5,5,6,1,4,6,5,5,6,6,6,4,6,6.0,5,5,6,5,6,6.0,6,5,6.0,2,5,5,5,5,5,5,5,6.0,5,,6,,5,4,,4,3,6,5,5,0,6,6,6,6,4,5,5,5,5,5,5,4,6,6,2,4,6.0,5,,4,4,6,5,5,5,5,5,5,5,5,6.0,6.0,5,5,4,6,6,5,6.0,5,5,5,5,6,6.0,6,6,5,5,5,5,5,6,6,6,4,6.0,6.0,6,5,6,1.0,5,1,5,5,3,5,5,5,6,,6,6.0,6.0,6.0,5,,5,6,6.0,6,6,4,6,3,5,5,5,6,,,5,6,6,6.0,5,6,6,6.0,6,5,6.0,5,0,5,6.0,6,5,5,5,5,6,6,4,5,5,5,5,5,6,4,6,3,6.0,3,5,6,6.0,5,5,5,5,6,6,6,6.0,,4,5,5,6,4,5,5,6,4,5,3,,6.0,5,6.0,,,6,5,6,5,5,6.0,,6.0,5,6,5,5,0,5,2,5,4,6,6.0,6.0,5,6,5,6.0,6.0,6.0,5,5,5,5,6.0,5,,6,5,6,6,6,5,5.0,5,4,6,5,5,5,6.0,6.0,,6,5,0,6.0,5,6,5,0,5,5,5,3,1,6,5,6,5,,6.0,4,6,6,5,,6,5,6.0,5,5,,6,6.0,6.0,3,,6,5,6.0,6,0,1,6.0,5,6,5,6.0,5,5.0,5,,5,5,6,6,2,,6.0,6,6.0,6.0,5,6,0,5,5,4,6.0,5,0,5,5,5,4,3,5,4,4,5,,5,5,,5,4,5,5,5,6,0.0,5,2,5,5,2,5,5,5,6.0,,5,5,6.0,,4.0,,6.0,6,6,6,6.0,,6.0,,0,,6,,,2,5,5,6.0,,47,10,1.7397305290831417,-0.6196195673128325
5,5,5,5,5,5,4,5,5,5,5,5,5,4,5,4,5,6.0,6.0,5,4,6,5,5,5,5,5,5,5,5,5,5,5,6,5,5,6,6,4,6,5,5,5,6,6.0,6,5,5,5,5,6.0,5,4,,5,5,5,5,6,5,3,3,6.0,5,,5,,5,5,,5,4,6,6,5,5,5,6,6,5,4,1,4,5,6,4,5,4,6,5,6,4,6.0,5,,0,1,6,5,5,5,5,4,5,4,1,6.0,3.0,5,6,5,6,5,5,6.0,5,5,5,5,6,5.0,6,6,5,3,5,5,5,6,5,5,5,6.0,6.0,6,4,6,6.0,4,6,5,4,6,5,5,5,5,6.0,5,6.0,6.0,0.0,5,,5,6,5.0,5,6,4,5,6,5,5,6,5,,4.0,5,5,6,6.0,4,6,6,6.0,6,6,6.0,6,5,5,6.0,6,5,5,3,5,6,6,3,5,5,5,5,5,5,1,6,5,6.0,5,4,5,6.0,5,6,5,5,6,6,5,6.0,,5,4,6,6,4,5,6,6,5,2,6,,6.0,5,0.0,0.0,,5,5,6,5,5,6.0,,6.0,5,6,5,4,5,5,6,6,4,6,6.0,6.0,5,5,1,6.0,6.0,0.0,5,4,5,6,6.0,5,6.0,4,5,5,6,3,5,6.0,5,5,5,5,3,5,6.0,6.0,,6,5,0,,5,5,0,5,6,5,4,4,5,5,5,6,6,,6.0,5,6,5,4,,6,5,6.0,5,5,6.0,5,6.0,6.0,5,,0,5,6.0,6,5,5,6.0,6,6,2,6.0,5,6.0,3,5.0,5,5,5,5,5,,3.0,6,6.0,6.0,5,6,6,5,5,5,6.0,6,5,5,5,6,5,6,0,5,5,4,6.0,4,4,,5,3,5,6,5,6,6.0,5,6,4,5,5,6,5,5,6.0,,5,5,6.0,,6.0,,6.0,6,6,6,6.0,,,,5,0.0,6,,,5,5,5,6.0,,48,10,1.6868286233680383,-0.6312972739932425
6,5,6,6,5,6,5,6,6,6,3,6,6,4,7,6,6,7.0,7.0,6,5,7,6,6,6,6,6,6,6,6,6,5,6,7,6,6,6,7,6,7,6,6,6,6,7.0,1,6,6,6,6,7.0,6,4,0.0,6,6,6,5,6,5,3,6,7.0,6,,0,,6,6,,5,5,7,7,6,6,6,7,6,7,4,5,5,6,6,5,6,5,7,6,7,5,7.0,6,,5,5,6,6,6,6,6,6,7,5,6,7.0,7.0,6,6,6,6,6,6,7.0,5,0,6,3,7,7.0,7,7,6,3,6,6,6,7,7,7,5,7.0,7.0,7,6,7,7.0,6,7,6,1,6,6,6,7,6,7.0,6,7.0,7.0,7.0,0,,7,7,7.0,7,7,5,6,6,6,6,5,7,,,5,6,7,7.0,5,7,7,7.0,7,6,7.0,6,6,6,7.0,6,5,6,6,6,7,7,5,2,6,5,6,6,6,4,4,6,7.0,6,5,6,5.0,3,6,6,6,6,3,6,7.0,,4,6,7,5,6,6,6,6,6,6,7,,7.0,6,7.0,7.0,,6,0,5,6,6,7.0,,7.0,6,5,6,6,6,6,7,6,6,5,7.0,7.0,6,0,6,7.0,7.0,7.0,6,6,6,6,6.0,6,,7,6,7,7,7,6,7.0,6,6,6,6,6,6,7.0,7.0,,6,6,6,0.0,6,0,5,6,6,6,5,4,6,6,7,7,6,,6.0,5,7,6,6,,6,6,7.0,6,6,7.0,6,7.0,7.0,6,,6,6,7.0,7,7,6,7.0,7,6,6,7.0,7,7.0,6,,6,5,6,6,6,,7.0,6,7.0,7.0,6,7,7,6,6,6,7.0,6,7,7,6,6,7,0,7,6,6,6,,6,6,,6,5,6,7,0,7,,6,6,6,6,6,7,6,7,7.0,,6,6,7.0,7.0,7.0,,7.0,6,7,3,7.0,,,,6,,7,,,6,6,6,7.0,7.0,49,10,1.7881370091896407,-0.6452991687991512
4,4,4,3,4,4,5,5,4,4,4,4,4,4,5,4,4,5.0,5.0,4,3,5,4,4,5,4,3,4,4,4,4,4,4,5,4,4,5,5,4,5,4,5,4,5,5.0,5,4,4,4,5,5.0,4,4,,4,4,4,4,4,4,4,4,5.0,5,5.0,4,,5,4,,4,3,5,5,4,3,5,5,4,2,2,4,3,4,4,4,4,1,2,0,5,3,5.0,4,,3,3,5,4,4,0,5,4,4,3,4,5.0,5.0,4,4,4,4,5,4,5.0,4,2,4,1,5,5.0,5,5,4,4,4,4,1,5,5,5,1,5.0,5.0,3,4,4,5.0,4,5,4,3,3,4,4,5,4,5.0,4,5.0,5.0,0.0,4,,5,5,5.0,5,5,3,5,5,5,4,5,5,,,4,4,5,3.0,2,5,5,5.0,5,4,5.0,4,4,4,5.0,5,3,4,4,4,5,5,3,3,4,3,4,4,4,3,5,2,5.0,4,0,4,5.0,2,2,4,4,5,5,5,5.0,0.0,4,4,4,5,4,4,5,5,0,3,5,,5.0,4,5.0,,,0,4,5,4,5,5.0,,5.0,4,5,4,4,4,5,5,5,4,5,5.0,,4,4,4,5.0,5.0,5.0,4,4,4,4,5.0,4,,5,4,3,4,5,4,4.0,4,5,5,4,4,4,3.0,5.0,,5,4,5,,4,5,4,2,5,4,4,4,4,5,5,5,5,,5.0,4,5,4,4,,5,4,5.0,4,4,5.0,4,5.0,3.0,4,,4,4,5.0,0,1,5,5.0,5,4,4,5.0,5,5.0,4,,4,4,4,4,4,,5.0,0,5.0,5.0,5,5,5,4,4,3,5.0,5,5,4,4,5,2,5,4,3,4,3,,4,4,,4,3,4,5,4,5,,4,5,2,4,5,4,4,5,5.0,,0,1,5.0,,2.0,,5.0,5,5,5,5.0,,,,4,,5,,5.0,1,4,5,5.0,5.0,50,10,1.6051943809212676,-0.6401728741366357
4,3,5,4,4,2,5,3,4,4,4,4,4,4,5,5,4,2.0,5.0,4,1,5,4,5,5,4,4,4,4,0,4,4,5,5,4,2,5,5,5,5,5,5,5,5,,5,4,5,5,5,,5,4,,4,5,5,5,4,1,5,0,5.0,5,,5,,5,3,,4,3,5,5,5,5,5,5,5,5,3,4,4,4,5,4,5,4,5,4,5,2,,5,,3,4,5,5,5,0,5,5,5,4,4,,,5,5,5,5,5,4,,4,4,2,4,5,,5,5,4,4,5,3,5,5,5,0,0,5.0,5.0,3,4,2,,4,5,5,3,5,4,4,5,5,,5,5.0,,,3,,5,2,,5,5,4,0,5,5,5,5,5,,,4,5,5,5.0,4,5,5,4.0,5,5,5.0,5,5,5,5.0,5,3,5,5,4,5,5,4,4,4,5,0,4,5,3,4,4,5.0,4,4,5,,1,5,4,4,5,5,5,,,4,5,5,5,4,5,2,2,4,4,5,,,5,,,,5,5,5,5,5,5.0,,,5,5,4,5,4,5,5,5,4,5,4.0,,5,5,5,,5.0,5.0,4,2,5,5,,4,,5,5,5,5,0,4,5.0,5,5,5,4,5,4,5.0,5.0,,5,3,5,,4,5,5,4,5,4,4,4,4,4,4,0,5,,,4,5,2,4,,3,5,5.0,5,5,,5,5.0,0.0,4,,5,5,5.0,5,5,5,,5,5,5,5.0,5,5.0,4,,5,4,5,5,4,,5.0,4,5.0,,4,4,5,5,4,5,5.0,5,5,5,5,5,5,5,5,4,5,4,,4,4,4.0,4,3,5,4,4,5,,4,3,5,4,5,5,4,5,,,5,4,,,5.0,,5.0,5,5,5,5.0,,,,5,,4,,,5,5,5,5.0,,51,10,1.6356230031948882,-0.49618475907858994
5,5,6,5,0,6,6,2,5,6,5,4,6,5,6,6,3,6.0,6.0,5,0,6,5,4,6,5,4,5,6,6,6,5,6,6,5,5,2,6,5,6,6,6,6,2,7.0,6,5,6,5,6,7.0,6,5,7.0,6,1,6,6,6,4,5,6,7.0,6,7.0,6,7.0,6,5,,6,5,5,6,6,5,6,6,6,6,3,6,6,6,6,6,5,5,6,6,7,5,7.0,6,,5,5,6,6,6,6,6,5,2,5,6,7.0,6.0,5,4,6,6,5,4,7.0,5,5,5,4,7,7.0,6,6,5,6,6,6,6,4,6,6,5,7.0,6.0,1,5,0,7.0,5,6,6,4,6,5,5,6,6,7.0,6,6.0,7.0,7.0,5,,6,6,6.0,6,6,4,6,6,6,6,6,6,7.0,7.0,5,6,6,7.0,5,6,7,0.0,6,6,7.0,6,6,5,7.0,0,5,6,6,6,6,6,5,5,0,5,6,5,6,5,6,4,6.0,6,5,6,0.0,5,6,6,6,6,6,6,7.0,,5,5,2,5,5,3,6,2,3,5,6,,7.0,6,7.0,,,6,6,6,6,6,6.0,,7.0,6,5,6,6,5,6,6,5,5,6,7.0,7.0,6,6,6,7.0,6.0,7.0,6,6,6,6,7.0,6,,6,6,6,6,6,6,7.0,4,6,6,6,6,6,7.0,7.0,,6,6,6,,6,6,5,5,6,6,6,6,6,5,6,6,6,,7.0,5,4,6,5,,6,5,7.0,6,5,7.0,6,7.0,7.0,3,,6,6,0.0,6,6,6,0.0,6,6,6,6.0,6,7.0,4,,6,6,6,6,6,,7.0,6,7.0,7.0,6,6,6,6,6,6,7.0,6,6,6,6,6,6,6,6,3,6,5,,6,5,,5,6,4,6,6,6,7.0,5,6,6,5,6,6,6,6,6.0,,6,5,5.0,7.0,6.0,,7.0,6,6,6,6.0,,,,6,,6,,0.0,6,6,6,7.0,7.0,52,10,1.803176682495497,-0.5943192223965003
6,6,6,5,5,6,5,6,6,6,6,6,6,6,7,6,6,7.0,3.0,3,4,6,6,6,6,6,5,6,6,6,6,4,6,6,5,6,6,7,6,7,6,5,6,7,,5,6,6,6,0,7.0,6,6,,6,5,6,5,6,6,5,6,7.0,6,7.0,6,,6,6,,5,5,7,7,6,6,6,7,7,6,5,6,6,6,6,6,5,5,6,6,7,5,7.0,5,,5,5,6,6,6,6,6,6,6,5,5,7.0,7.0,5,6,6,3,6,6,7.0,6,4,6,6,7,7.0,7,7,6,6,6,6,6,6,2,7,6,7.0,7.0,7,6,7,7.0,6,7,6,5,7,6,6,7,6,7.0,7,7.0,7.0,7.0,6,,6,7,7.0,7,7,5,6,0,6,4,7,6,7.0,,5,0,7,7.0,4,6,6,0.0,7,6,7.0,7,6,6,7.0,7,5,6,6,5,7,1,2,5,5,5,6,6,6,3,6,0,7.0,6,5,1,7.0,6,6,0,6,7,7,6,6.0,,6,6,7,5,5,6,7,7,4,6,7,,7.0,6,7.0,,,1,4,7,5,7,7.0,,7.0,6,6,6,6,6,6,7,0,5,7,7.0,7.0,6,6,6,7.0,7.0,7.0,6,6,6,6,7.0,6,,6,6,6,6,6,6,7.0,6,6,6,7,6,6,7.0,7.0,,7,6,6,,6,6,6,6,0,6,6,5,6,5,6,5,7,,7.0,6,7,6,4,,6,6,7.0,6,2,7.0,7,7.0,7.0,5,,6,6,7.0,7,7,6,7.0,6,6,6,7.0,6,7.0,6,,5,6,6,6,6,,7.0,7,7.0,7.0,6,7,6,6,6,6,6.0,7,7,6,6,6,7,6,7,4,6,5,,6,6,,6,5,6,5,5,6,7.0,6,6,6,6,6,5,6,6,7.0,6.0,2,6,7.0,7.0,7.0,0.0,6.0,7,6,0,7.0,,,7.0,6,,6,6.0,,6,6,6,7.0,7.0,53,10,1.8131163708086786,-0.6297432706374043
6,5,5,4,5,5,5,5,5,6,5,6,6,5,6,6,6,6.0,6.0,5,4,4,6,6,5,5,5,5,5,5,5,5,1,5,5,5,6,6,5,6,6,5,6,6,,6,5,6,5,6,6.0,6,4,,6,5,5,5,6,5,5,3,6.0,6,,6,,6,5,,4,4,6,6,5,5,6,6,5,6,3,5,5,6,6,5,5,4,6,6,6,5,,6,,4,0,6,5,5,5,5,5,6,4,5,6.0,6.0,5,6,5,6,6,2,6.0,4,5,5,6,6,6.0,6,6,5,5,5,6,5,6,6,6,4,6.0,6.0,6,5,6,6.0,2,6,6,5,6,5,6,6,5,,6,6.0,6.0,,5,,6,6,6.0,6,6,4,5,6,6,0,4,6,,,5,6,6,6.0,5,6,6,6.0,6,6,6.0,0,5,5,6.0,6,5,3,5,5,6,6,4,5,5,6,5,5,6,5,6,5,6.0,5,5,6,6.0,6,5,5,5,6,6,6,,,5,5,1,6,4,5,6,6,5,4,6,,6.0,6,6.0,,0.0,6,5,0,5,5,6.0,,6.0,5,6,6,5,5,5,6,6,3,6,0.0,6.0,6,5,5,6.0,6.0,6.0,6,5,5,0,6.0,3,,3,5,5,6,6,5,6.0,6,6,2,5,5,5,0.0,6.0,,6,5,6,,5,6,6,5,6,4,5,4,0,6,6,6,6,,6.0,4,6,1,5,,6,5,6.0,5,5,6.0,1,6.0,6.0,5,0.0,5,5,6.0,6,3,6,6.0,6,6,5,6.0,6,6.0,5,,6,5,6,5,1,,3.0,6,6.0,,6,6,6,5,5,5,6.0,6,6,6,6,5,6,6,6,2,5,5,,5,5,,5,4,5,6,5,6,,3,6,5,5,5,6,5,6,6.0,,5,5,6.0,,6.0,,5.0,6,6,6,6.0,,,,5,,6,,,5,5,5,6.0,,54,10,1.6937806614970723,-0.6113468151038187
4,5,5,5,5,6,0,6,6,6,6,5,6,6,6,5,6,6.0,3.0,5,0,6,5,5,6,6,0,5,5,6,5,5,5,6,5,5,6,6,5,6,6,6,5,6,,5,5,6,5,6,6.0,5,5,,5,1,5,0,6,4,5,5,6.0,6,,6,,6,6,,5,5,6,6,6,4,6,6,6,6,3,5,5,6,6,4,4,3,5,6,6,5,,5,,1,5,6,2,6,5,5,4,2,4,5,5.0,6.0,5,6,0,6,6,4,6.0,4,3,6,5,6,2.0,6,6,5,5,6,0,5,0,6,6,5,6.0,0.0,6,5,6,,4,2,6,4,6,5,5,6,5,,6,,,,5,,6,6,6.0,6,6,5,6,6,6,5,6,6,,,5,5,6,6.0,5,6,6,6.0,6,6,6.0,6,5,5,6.0,6,5,6,5,5,6,6,4,5,5,5,6,5,6,4,6,5,6.0,6,4,5,,5,6,5,5,6,6,6,,,5,6,6,6,4,5,6,6,5,5,5,,6.0,5,6.0,,,6,5,6,5,5,6.0,,,5,6,6,5,5,6,6,5,5,6,6.0,,5,3,5,6.0,6.0,6.0,6,2,6,6,6.0,5,,6,5,3,6,5,5,6.0,0,6,6,6,6,5,6.0,6.0,,6,6,6,,6,6,6,5,6,5,5,4,5,6,6,6,0,,6.0,5,3,5,5,,6,5,6.0,6,5,6.0,6,6.0,,2,6.0,5,4,6.0,6,6,6,6.0,5,5,5,6.0,6,6.0,5,,6,6,6,5,5,,6.0,6,6.0,,6,6,5,4,5,4,6.0,5,6,6,5,6,6,5,5,4,6,5,,5,5,,6,5,5,6,5,6,,5,4,5,5,6,6,5,6,6.0,,6,5,6.0,,6.0,,6.0,6,6,6,6.0,,,,6,,6,,,5,5,6,6.0,,55,10,1.802932366388144,-0.5970036047258814
6,6,7,6,6,7,7,7,6,6,6,3,6,6,7,7,6,0.0,7.0,6,5,7,7,7,7,6,6,6,6,4,6,6,7,7,7,6,7,7,6,7,6,7,7,7,,6,3,7,7,7,7.0,7,6,,3,6,6,6,7,6,6,6,7.0,7,,7,0.0,7,6,,2,4,7,7,7,0,7,7,7,7,5,6,6,7,7,6,6,5,7,7,0,5,,6,,6,6,7,6,7,6,7,3,7,5,6,7.0,7.0,6,7,6,7,7,6,,6,7,7,7,7,7.0,7,7,4,6,6,6,7,7,7,7,6,7.0,7.0,7,7,7,,6,7,7,6,7,6,7,7,3,,7,,,,6,,7,7,7.0,7,7,5,7,2,7,6,7,7,,0.0,6,7,7,7.0,2,7,0,7.0,7,7,7.0,7,7,6,,7,6,6,0,6,7,7,5,6,2,3,7,6,7,5,7,5,7.0,6,6,7,,6,7,6,7,7,7,6,,,6,6,5,0,6,6,7,7,6,6,7,,,7,5.0,,,6,6,7,7,7,7.0,,7.0,6,7,7,6,4,5,7,7,5,7,7.0,,7,7,7,,7.0,7.0,7,6,6,7,7.0,6,,7,7,7,6,7,7,7.0,7,7,7,7,7,6,7.0,7.0,,7,7,7,,7,7,6,6,7,6,7,6,6,7,7,7,7,,,5,7,7,6,,5,6,7.0,6,6,,7,7.0,,7,,7,6,7.0,7,7,7,7.0,7,7,7,7.0,7,7.0,6,,5,6,7,7,6,,7.0,4,7.0,5.0,7,7,6,6,7,6,6.0,7,7,7,7,7,7,0,7,6,7,6,,6,6,,5,6,6,7,6,7,,6,7,7,6,7,7,6,7,7.0,,6,7,7.0,,7.0,,7.0,7,0,7,7.0,,,,7,,7,,,6,6,7,7.0,,56,10,1.7926617112130319,-0.5581037744607704
3,5,1,5,5,5,5,5,5,5,2,5,5,5,6,6,5,6.0,6.0,5,1,6,5,6,6,5,4,5,4,2,5,4,6,6,5,4,5,5,5,5,6,6,5,5,,2,5,6,5,6,6.0,4,5,,5,5,5,5,5,4,5,5,6.0,6,,6,,0,5,,5,3,6,6,4,2,5,6,6,6,4,5,5,6,6,4,5,5,5,5,6,4,6.0,3,,5,5,5,5,5,5,5,5,3,5,5,6.0,6.0,5,5,5,3,5,4,6.0,5,5,5,5,6,6.0,6,6,5,4,6,5,6,6,6,6,5,5.0,6.0,6,5,0,6.0,5,6,5,4,6,5,5,6,5,6.0,6,6.0,6.0,6.0,4,,6,6,6.0,6,6,0,6,6,6,5,6,0,,,5,5,6,6.0,4,6,6,6.0,6,6,6.0,6,6,5,6.0,5,4,6,2,5,5,6,3,0,4,5,5,5,5,4,6,5,6.0,5,5,5,6.0,5,6,5,5,6,0,3,6.0,,5,5,6,6,4,5,6,6,5,4,6,,6.0,6,6.0,,,5,5,5,5,6,6.0,,6.0,2,5,5,5,5,5,6,6,4,6,6.0,,5,5,5,6.0,5.0,6.0,4,5,5,6,6.0,5,,5,5,5,6,2,5,6.0,6,6,6,6,4,5,6.0,6.0,,6,6,6,0.0,5,6,5,5,6,5,5,4,5,6,5,6,5,,0.0,5,6,6,5,,6,5,6.0,6,5,6.0,6,6.0,6.0,5,,6,3,6.0,6,6,5,6.0,6,6,6,6.0,6,6.0,5,,6,5,0,5,6,,6.0,6,6.0,6.0,5,6,5,5,5,5,6.0,6,6,6,5,6,6,6,0,5,6,5,,5,5,,6,5,5,6,5,6,,5,6,5,5,5,5,6,5,6.0,,5,5,6.0,,6.0,,6.0,6,6,6,4.0,,,,6,,6,,,5,6,6,6.0,,57,10,1.7071849609686156,-0.6528157311410102
4,4,5,3,4,5,5,3,4,5,4,5,5,4,5,0,5,5.0,5.0,4,3,5,4,5,4,4,4,2,4,4,4,4,5,5,4,4,0,5,5,5,5,5,5,5,,5,4,5,5,5,5.0,3,4,,5,4,4,4,5,4,4,4,4.0,5,,5,0.0,5,4,,0,4,5,5,5,4,5,5,5,5,3,4,3,4,5,4,5,3,5,4,5,3,,4,,4,4,5,4,5,5,5,4,5,4,4,,5.0,5,5,4,5,4,4,,4,4,5,5,5,5.0,5,5,4,2,4,4,5,5,5,5,4,5.0,5.0,5,4,5,,1,5,5,4,5,4,5,5,5,5.0,5,5.0,,,4,,5,5,5.0,5,5,3,5,5,5,4,5,5,,,3,4,5,4.0,4,0,5,5.0,5,5,5.0,5,5,2,,5,4,4,0,5,5,5,1,0,4,2,4,4,4,3,5,3,5.0,4,4,5,,5,5,5,5,5,2,5,5.0,,4,2,5,5,4,4,5,5,4,4,5,,5.0,5,5.0,,,5,4,5,4,4,5.0,,,4,5,5,5,4,5,5,5,4,5,5.0,,5,4,5,5.0,5.0,5.0,3,5,4,4,5.0,2,,5,4,4,5,5,4,,5,5,5,5,2,4,5.0,,,5,5,5,0.0,5,5,5,4,5,1,4,3,4,5,5,5,5,,,3,5,5,4,,5,4,0.0,5,4,,5,5.0,,5,,5,5,5.0,3,5,5,5.0,5,4,4,5.0,5,5.0,4,,5,4,5,5,3,,5.0,5,5.0,,0,5,5,5,5,4,5.0,2,5,5,5,5,5,5,5,4,5,4,,2,4,,5,4,5,5,5,5,,4,4,5,4,5,5,4,5,,,5,5,5.0,,5.0,,5.0,5,5,5,5.0,,,,5,,5,,,4,4,5,5.0,,58,10,1.5671499123785249,-0.575340434702001
5,6,6,5,5,0,5,6,5,5,0,5,6,3,6,5,5,6.0,6.0,5,4,6,5,0,6,6,5,5,6,6,5,5,6,6,5,5,4,6,6,6,6,6,6,6,7.0,6,6,6,6,6,7.0,2,4,,5,4,5,5,5,5,4,5,7.0,6,7.0,6,,6,5,,4,4,6,6,6,5,6,6,6,6,5,5,4,5,6,5,6,4,6,0,6,4,7.0,6,,5,5,6,6,6,5,6,5,6,3,5,7.0,6.0,5,6,5,6,4,5,7.0,5,5,6,6,6,6.0,6,6,5,5,6,6,6,6,6,6,5,6.0,4.0,6,6,5,7.0,5,6,6,2,6,6,6,5,6,7.0,6,7.0,7.0,7.0,5,,6,6,7.0,5,6,5,6,6,6,5,6,0,7.0,7.0,5,3,6,7.0,4,6,6,6.0,6,6,6.0,4,6,5,7.0,6,5,6,5,2,6,6,4,5,5,5,6,5,5,3,6,5,6.0,6,5,6,7.0,5,6,5,4,5,6,5,6.0,,5,6,6,6,0,0,6,6,5,5,6,,7.0,4,7.0,,,6,5,6,5,5,6.0,,7.0,3,6,6,5,5,6,6,6,3,6,6.0,7.0,6,6,6,0.0,6.0,6.0,5,4,5,6,6.0,5,,6,5,6,6,6,6,6.0,6,6,6,6,5,0,6.0,7.0,7.0,6,6,4,,6,5,6,5,6,5,5,5,5,6,6,6,6,,7.0,5,6,6,4,,6,6,6.0,6,6,7.0,6,6.0,7.0,6,,6,6,6.0,6,6,6,7.0,6,5,5,6.0,6,6.0,5,,6,5,6,6,5,,7.0,6,6.0,7.0,6,6,6,6,6,4,6.0,6,6,6,3,6,6,6,6,5,6,5,0.0,5,5,,6,5,5,6,5,6,7.0,6,6,6,5,6,6,6,6,7.0,,6,6,7.0,7.0,6.0,,7.0,6,5,6,6.0,,7.0,,6,,6,,7.0,6,5,6,7.0,7.0,59,10,1.6919191919191918,-0.6714324028521412
4,4,4,3,4,4,4,4,4,4,4,4,4,3,4,4,4,5.0,5.0,4,1,4,4,5,4,3,2,4,3,4,1,3,4,5,4,3,5,5,4,4,5,5,4,5,,4,2,5,1,5,5.0,4,4,,4,3,4,4,4,3,4,4,5.0,5,,3,,4,4,,3,0,5,5,0,4,4,5,5,5,4,4,3,0,5,4,4,3,4,3,5,3,5.0,4,,4,4,4,4,5,4,5,4,4,3,3,5.0,5.0,4,4,4,4,4,4,5.0,4,4,5,4,5,5.0,3,5,4,4,4,3,4,5,5,5,4,5.0,5.0,5,4,5,5.0,4,5,4,4,5,4,1,5,4,,4,5.0,5.0,,2,,4,5,5.0,5,5,3,4,4,4,4,2,5,5.0,,4,4,5,5.0,3,5,5,5.0,5,4,5.0,5,4,4,,5,0,5,4,1,5,2,3,4,4,2,4,4,4,0,4,2,5.0,4,4,4,5.0,3,5,4,4,4,5,4,5.0,,3,1,4,5,4,5,4,5,4,4,5,,5.0,5,5.0,,,4,4,5,5,4,5.0,,5.0,4,3,4,4,4,5,5,5,3,5,5.0,,4,4,4,5.0,5.0,5.0,5,4,4,4,5.0,4,,5,4,5,5,5,4,5.0,5,5,5,4,4,4,5.0,5.0,,5,4,5,,5,5,4,4,5,4,4,3,4,5,5,5,3,,,4,5,5,4,,3,0,0.0,0,4,5.0,5,5.0,5.0,4,,5,5,5.0,5,4,4,4.0,5,4,4,5.0,4,4.0,4,,4,4,5,5,4,,5.0,5,4.0,5.0,4,5,0,4,5,5,4.0,4,5,5,4,5,5,4,5,4,4,4,,2,4,5.0,4,4,4,5,4,5,5.0,4,5,5,4,3,5,4,5,5.0,,4,4,5.0,,5.0,,4.0,5,5,5,0.0,,,,5,,5,,,4,2,4,4.0,5.0,60,10,1.7189329863370202,-0.6522979755278813
5,5,6,5,5,5,3,6,3,3,0,5,5,5,6,5,5,6.0,6.0,6,4,6,2,6,6,5,4,5,5,6,5,0,5,0,5,5,6,6,4,6,6,6,6,6,0.0,6,6,6,6,6,,6,5,,6,5,6,5,5,5,5,0,6.0,6,,6,,6,5,,5,5,6,6,6,5,5,6,6,6,4,5,5,5,6,5,6,2,6,2,6,4,,5,,4,5,6,5,5,6,6,5,6,5,5,6.0,5.0,5,6,5,6,6,5,,5,5,5,5,6,,6,6,5,5,6,4,6,6,6,6,5,6.0,6.0,6,5,6,,5,6,6,4,0,3,6,6,6,,6,6.0,,0.0,5,,6,6,6.0,6,6,5,6,6,4,6,6,6,,,5,6,6,6.0,5,6,6,6.0,5,6,6.0,6,6,6,,6,4,6,5,5,6,6,4,5,5,5,6,5,6,4,6,5,6.0,6,5,4,,6,6,5,6,6,6,6,6.0,,5,3,5,6,5,4,6,6,6,1,6,6.0,,6,,,,4,5,6,0,6,6.0,,,5,6,6,3,5,5,6,6,5,6,6.0,,3,5,5,6.0,6.0,,6,5,6,6,6.0,5,6.0,6,6,6,6,6,6,6.0,6,6,6,5,6,5,6.0,0.0,,6,6,6,,6,5,6,1,6,5,3,4,5,6,6,5,6,,,4,6,5,6,,6,6,,6,5,6.0,6,6.0,6.0,5,,6,6,6.0,6,6,6,,6,6,5,5.0,6,6.0,5,,6,5,6,6,6,,,6,6.0,,6,6,6,5,6,4,6.0,6,6,6,6,6,6,6,5,5,6,5,,6,5,,6,5,5,6,5,6,,5,6,6,5,6,6,6,6,,,6,6,6.0,,6.0,,0.0,6,6,6,6.0,,,,6,,6,,6.0,6,5,6,6.0,,61,10,1.6877165354330705,-0.5936043089787847
1,3,2,4,3,4,5,5,4,4,4,4,4,4,5,5,4,5.0,5.0,4,3,5,2,4,4,4,0,3,4,4,4,3,4,5,4,4,4,2,4,4,5,4,4,5,,5,3,1,4,4,5.0,4,0,,4,2,4,0,4,4,4,4,5.0,4,,3,,5,4,,3,4,5,5,4,4,0,4,5,5,3,4,3,5,5,4,4,0,1,4,5,3,,4,,4,4,3,4,4,4,4,4,5,3,4,5.0,5.0,4,5,4,4,5,3,5.0,3,4,4,4,3,5.0,2,4,4,3,4,4,4,5,5,5,4,5.0,5.0,5,4,5,,3,5,4,4,5,4,4,5,4,,5,5.0,5.0,5.0,4,,4,5,5.0,5,5,4,5,5,5,4,5,5,,,4,4,5,5.0,3,4,5,5.0,0,5,5.0,5,5,4,5.0,4,1,4,4,4,4,5,3,3,0,4,4,4,4,2,2,4,4.0,4,4,4,5.0,4,5,4,4,4,5,4,0.0,,2,4,5,5,4,4,5,5,4,3,5,,5.0,5,5.0,,,5,3,5,4,5,5.0,,5.0,4,5,4,4,4,4,5,5,4,5,5.0,,2,4,4,5.0,5.0,5.0,4,4,4,4,3.0,4,,5,5,4,5,4,4,5.0,5,5,5,5,5,4,5.0,5.0,,5,4,5,,4,5,4,4,5,4,4,2,4,4,5,5,5,,5.0,4,5,5,4,,5,4,3.0,3,5,0.0,5,5.0,5.0,5,,1,4,5.0,5,5,5,5.0,5,4,3,5.0,5,5.0,4,,4,4,5,4,5,,5.0,5,5.0,,5,5,5,4,4,4,5.0,4,0,4,4,4,5,5,5,4,5,4,,4,4,,4,4,4,5,4,5,,4,5,5,4,4,1,4,5,5.0,,4,4,5.0,,3.0,,5.0,5,5,5,5.0,,,,5,,5,,,4,2,5,5.0,,62,10,1.6217641418983701,-0.6172380855646621
7,7,6,6,7,7,7,7,7,7,7,7,5,7,8,7,7,8.0,8.0,6,5,8,7,8,8,6,6,7,7,7,0,7,7,8,7,6,8,8,7,7,7,7,7,7,8.0,7,7,7,7,7,8.0,7,6,,7,6,7,7,7,0,6,6,8.0,7,,6,,7,7,,6,6,8,7,7,6,7,8,5,7,5,7,6,7,7,6,7,6,7,0,8,6,8.0,7,,6,6,7,7,8,7,3,7,8,6,7,8.0,6.0,7,4,7,7,8,7,8.0,7,7,8,7,8,8.0,8,7,7,6,7,7,7,8,7,0,0,8.0,8.0,8,7,8,8.0,0,8,7,7,7,7,7,8,7,,7,8.0,8.0,,6,,7,8,8.0,8,7,7,7,8,7,7,8,8,,,6,7,8,8.0,2,7,8,8.0,8,8,8.0,8,7,7,,7,6,0,7,7,8,8,3,7,6,7,7,7,7,1,7,7,8.0,7,5,7,8.0,7,7,7,7,6,0,7,8.0,,7,7,8,8,6,7,8,8,7,4,8,,8.0,1,8.0,,,7,7,8,7,5,8.0,,8.0,7,8,7,7,7,7,8,8,7,8,8.0,,7,7,7,8.0,8.0,8.0,7,7,6,8,8.0,6,,8,7,1,8,7,7,8.0,7,8,7,7,7,7,6.0,8.0,,8,7,8,,7,8,7,7,7,7,7,5,7,8,7,8,4,6.0,8.0,7,7,7,7,8.0,8,7,7.0,7,6,7.0,7,8.0,8.0,7,,1,7,8.0,7,8,7,8.0,8,7,7,8.0,7,8.0,7,,7,7,7,7,7,0.0,8.0,7,8.0,8.0,7,8,7,6,7,7,8.0,8,7,8,7,6,7,8,7,7,7,6,,7,7,,7,6,7,8,7,8,8.0,7,8,7,7,7,7,7,8,8.0,,7,7,8.0,8.0,7.0,,8.0,8,8,7,8.0,,0.0,,7,,8,,,7,7,8,8.0,8.0,63,10,2.0512989148306473,-0.6308036722650513
4,4,5,4,3,5,4,5,3,5,4,5,4,4,4,5,2,5.0,5.0,3,3,5,5,5,4,5,4,4,4,4,0,4,5,5,4,4,5,5,5,5,5,5,5,5,,2,3,5,4,5,5.0,0,4,,5,4,2,1,5,4,4,4,5.0,5,,5,,5,4,,3,4,5,5,5,4,4,5,5,5,4,4,2,5,5,4,5,4,5,5,5,3,,5,,2,4,5,5,4,4,4,3,5,4,4,,5.0,1,5,5,5,5,4,,0,5,5,5,5,5.0,5,5,4,4,4,4,5,5,5,5,4,5.0,5.0,5,5,5,,4,5,5,4,5,4,5,5,1,,5,,,,4,,5,5,,5,5,4,5,5,5,5,5,5,,,5,5,5,,4,5,5,,5,5,5.0,5,5,5,,5,4,5,4,4,5,4,3,4,4,4,5,4,5,3,5,4,5.0,5,4,5,,5,4,1,5,5,5,4,5.0,,4,5,5,5,3,5,5,5,4,4,5,,,5,5.0,,,5,4,5,4,5,,,5.0,4,5,5,4,0,0,5,0,3,5,0.0,,5,5,5,,5.0,5.0,5,4,5,1,5.0,3,,5,5,5,5,5,5,0.0,5,5,5,5,5,1,5.0,5.0,,5,5,5,,5,5,4,4,5,4,5,4,4,5,5,5,5,,,4,5,4,3,,5,4,5.0,4,4,,5,5.0,0.0,4,,5,4,5.0,5,5,5,5.0,5,4,4,5.0,5,5.0,5,,5,4,5,5,4,,5.0,5,5.0,,5,5,5,5,5,5,5.0,1,5,5,0,5,5,5,5,4,5,4,,4,5,,5,4,4,5,4,5,,5,5,2,5,4,4,4,5,,5.0,5,5,5.0,,5.0,,,3,5,5,5.0,,,,5,,5,,,5,4,3,5.0,,64,10,1.634557304085201,-0.5977781699518074
5,5,5,4,5,5,4,5,5,5,5,5,5,5,6,5,5,6.0,6.0,5,4,3,5,5,5,5,5,4,5,5,5,5,5,6,5,5,6,6,4,5,5,5,4,6,0.0,5,5,6,5,5,6.0,6,4,,5,5,5,5,2,5,5,5,6.0,5,5.0,5,,5,5,,5,4,6,5,5,4,5,6,4,5,0,5,3,5,6,5,5,4,6,5,6,4,6.0,5,6.0,4,4,6,5,5,5,5,4,6,4,5,6.0,6.0,5,6,5,5,6,5,6.0,4,5,4,5,0,6.0,6,5,5,1,5,5,5,6,5,6,1,6.0,6.0,6,5,6,6.0,4,6,5,5,6,0,5,5,5,,5,6.0,6.0,6.0,4,,5,6,6.0,5,6,4,5,5,6,5,6,6,,,5,5,6,5.0,4,6,6,6.0,6,6,6.0,6,5,5,6.0,5,4,4,2,5,6,6,3,5,5,5,5,5,5,4,6,5,6.0,5,5,5,6.0,5,5,5,5,5,5,5,4.0,,5,4,5,6,3,3,6,5,5,4,6,,6.0,5,6.0,0.0,6.0,5,5,6,5,4,6.0,5.0,6.0,4,5,5,1,0,5,6,5,4,5,6.0,6.0,5,5,5,6.0,6.0,6.0,5,5,5,5,6.0,5,,0,5,5,6,5,5,6.0,5,5,5,5,5,5,6.0,6.0,,0,5,5,,5,6,6,5,5,5,5,3,4,5,5,5,2,,4.0,1,5,5,5,,6,5,4.0,1,5,4.0,5,6.0,6.0,4,,5,5,0.0,6,5,5,6.0,5,6,5,6.0,5,6.0,5,,5,5,5,5,3,,6.0,6,6.0,6.0,5,5,6,5,5,2,6.0,5,5,5,5,5,5,6,6,4,5,5,,4,2,,5,4,5,6,5,6,6.0,3,5,5,5,5,6,5,5,6.0,,5,5,6.0,,3.0,,6.0,6,6,6,6.0,,,,5,,6,,,5,5,0,2.0,6.0,65,10,1.7518746875520748,-0.6012067998837153
5,5,5,4,3,5,5,5,4,5,5,4,5,1,5,5,5,5.0,6.0,5,3,5,5,5,5,5,4,4,5,5,5,4,5,5,4,4,5,6,5,6,5,5,5,5,6.0,5,5,5,5,5,6.0,5,5,,5,5,5,5,5,4,4,5,6.0,5,6.0,5,,5,5,,4,3,5,5,5,5,5,5,5,5,3,3,4,5,0,4,4,4,5,5,6,3,6.0,5,,4,4,5,0,5,4,5,5,5,4,4,6.0,6.0,5,6,5,5,5,4,6.0,0,1,5,4,6,6.0,5,6,5,5,5,5,5,6,5,6,5,6.0,6.0,5,5,0,6.0,5,5,5,3,5,5,4,0,5,4.0,5,6.0,6.0,6.0,5,,5,6,6.0,6,6,4,6,6,2,5,5,6,6.0,,5,5,6,6.0,5,5,6,6.0,6,5,6.0,5,2,5,6.0,6,4,0,4,5,5,6,4,4,5,5,1,5,5,2,6,5,6.0,5,5,5,6.0,5,5,5,5,6,5,0,6.0,,5,5,5,5,4,5,5,6,1,5,6,,6.0,6,6.0,,,5,5,4,5,5,6.0,,6.0,5,5,5,5,5,5,6,5,4,5,6.0,6.0,5,5,5,6.0,6.0,6.0,5,5,5,4,6.0,4,5.0,6,5,5,5,5,5,6.0,5,5,5,5,5,5,6.0,6.0,,5,5,0,,5,2,5,1,5,4,5,3,5,5,5,5,5,,6.0,4,5,5,5,,6,5,6.0,5,5,6.0,5,0.0,6.0,3,2.0,5,5,6.0,6,5,6,6.0,5,5,5,6.0,5,6.0,5,,5,2,5,5,4,,5.0,5,6.0,6.0,5,6,6,5,4,5,6.0,5,4,5,5,5,5,5,6,4,5,4,,5,4,,5,4,4,5,4,6,6.0,5,5,2,5,5,5,4,5,4.0,,5,5,6.0,6.0,6.0,,6.0,6,6,6,6.0,,0.0,,5,,6,,,5,5,5,6.0,6.0,66,10,1.7291941875825627,-0.6347050310419978
5,6,6,5,5,6,6,6,6,5,5,6,6,6,6,6,6,7.0,7.0,6,4,6,6,6,6,6,5,6,6,6,6,5,6,6,6,5,6,6,5,6,4,6,5,6,7.0,6,2,6,6,6,7.0,6,5,,6,5,6,6,3,5,6,5,7.0,6,7.0,6,,6,5,,5,5,7,7,6,6,6,6,6,6,4,6,5,6,6,6,6,5,6,6,6,2,7.0,6,,5,5,6,6,4,5,6,6,6,5,5,7.0,7.0,1,0,6,6,6,3,7.0,5,5,6,6,6,7.0,7,6,5,5,6,6,6,6,6,6,6,3.0,7.0,6,6,6,7.0,6,5,6,5,6,6,6,6,6,7.0,6,6.0,6.0,7.0,2,,0,6,7.0,6,6,5,6,0,6,6,6,6,7.0,,5,4,7,7.0,5,6,7,7.0,6,6,7.0,6,6,6,7.0,7,5,6,6,6,7,6,5,6,6,6,6,6,3,4,6,5,7.0,6,5,4,7.0,5,4,5,3,6,7,5,7.0,,5,5,6,6,5,6,6,6,6,0,6,,7.0,6,7.0,,,6,6,6,6,6,6.0,,7.0,0,3,6,6,5,3,6,6,4,6,7.0,7.0,6,6,6,7.0,6.0,7.0,6,6,5,6,6.0,6,,6,6,6,6,6,6,6.0,6,6,6,6,4,5,6.0,6.0,,6,6,6,,6,6,6,6,6,6,6,5,5,6,6,5,6,,7.0,5,7,6,6,,6,6,7.0,6,6,7.0,4,7.0,7.0,4,,6,6,6.0,7,6,6,7.0,6,6,6,6.0,6,6.0,0,,6,6,6,6,6,,6.0,6,6.0,7.0,6,6,6,6,5,6,0.0,6,6,6,6,6,6,7,6,5,6,6,0.0,5,5,,6,5,4,6,5,6,7.0,5,6,5,3,6,6,6,0,7.0,,6,6,7.0,7.0,7.0,,7.0,7,6,6,7.0,,7.0,,6,,6,,,6,6,6,7.0,0.0,67,10,1.765365935354212,-0.6302467764901233
4,4,4,3,4,5,5,5,4,5,4,4,5,5,5,5,1,6.0,6.0,4,3,5,4,5,5,3,4,4,5,5,4,4,5,5,0,4,5,5,5,5,5,5,5,5,6.0,5,4,5,5,5,6.0,5,3,,5,4,5,4,5,3,5,5,5.0,5,6.0,5,,5,4,,4,4,5,5,1,4,5,5,5,5,1,4,4,5,5,4,5,4,3,2,5,0,6.0,5,,4,4,5,5,5,5,3,4,5,4,4,6.0,5.0,5,5,4,5,5,3,6.0,4,5,5,2,6,5.0,5,5,4,4,5,4,0,5,3,5,0,5.0,6.0,5,5,6,6.0,4,5,5,4,5,5,5,5,5,6.0,0,2.0,6.0,6.0,4,,5,4,6.0,4,0,4,5,5,5,5,5,5,6.0,,4,5,6,6.0,4,5,6,6.0,6,5,5.0,5,5,2,6.0,5,3,5,5,1,5,5,3,4,5,4,5,4,5,3,5,4,6.0,5,4,5,6.0,5,5,5,5,5,5,5,6.0,,4,2,5,5,4,5,0,5,4,4,5,0.0,5.0,5,6.0,,,5,4,5,5,5,5.0,0.0,6.0,5,5,5,4,5,5,5,4,4,5,5.0,5.0,5,5,5,5.0,4.0,5.0,5,5,4,5,5.0,4,,5,5,5,5,5,5,6.0,5,5,2,5,5,5,6.0,6.0,,5,5,5,,5,4,0,4,5,5,5,4,4,5,5,5,5,,6.0,4,5,5,4,,5,5,6.0,5,5,6.0,5,6.0,6.0,5,,5,5,6.0,5,5,5,6.0,5,5,5,6.0,5,6.0,2,,5,4,5,5,5,,6.0,5,5.0,5.0,5,2,5,2,5,5,5.0,5,5,5,5,5,5,5,5,4,5,4,,4,4,,5,3,5,5,4,5,6.0,4,5,5,4,1,5,5,5,6.0,,5,5,5.0,6.0,5.0,,6.0,5,5,5,5.0,,6.0,,5,,4,,,5,4,5,6.0,4.0,68,10,1.722870100421121,-0.6170800985108074
3,3,4,3,4,3,4,4,3,4,3,3,4,3,4,4,2,4.0,0.0,3,3,3,4,4,4,3,3,4,4,3,4,0,3,5,4,4,4,4,4,4,2,4,4,4,5.0,4,4,1,3,4,5.0,4,1,,4,2,2,0,4,3,2,4,5.0,4,5.0,4,,4,4,,2,3,4,4,4,4,4,4,4,1,3,2,3,4,4,4,4,0,4,4,4,3,5.0,4,,3,0,4,4,4,0,4,4,4,2,4,5.0,5.0,3,4,4,4,4,3,5.0,3,3,4,4,4,5.0,4,4,4,4,4,4,4,4,4,4,3,4.0,5.0,4,4,5,5.0,0,3,4,3,2,2,4,4,4,5.0,4,5.0,5.0,5.0,3,,4,4,5.0,2,4,3,4,4,4,4,4,4,5.0,5.0,4,4,4,5.0,3,4,4,5.0,4,4,5.0,4,3,4,4.0,4,4,4,4,3,4,4,3,3,3,3,4,4,4,1,4,3,5.0,4,4,4,5.0,4,4,3,4,2,5,4,5.0,,3,4,4,4,3,4,4,4,2,3,5,,5.0,4,5.0,,5.0,4,4,4,4,4,5.0,,5.0,3,4,4,4,3,4,4,4,4,4,5.0,5.0,4,4,4,3.0,4.0,5.0,4,4,4,4,5.0,3,,4,4,4,5,4,4,5.0,4,4,4,2,0,4,5.0,4.0,,4,4,4,3.0,1,4,2,3,4,4,3,3,3,4,4,5,4,,5.0,4,5,4,4,,4,0,5.0,3,4,5.0,4,4.0,5.0,4,,4,4,4.0,4,5,4,4.0,4,4,3,4.0,4,4.0,4,,4,4,4,4,3,5.0,4.0,4,4.0,5.0,4,4,4,4,4,4,5.0,4,4,4,4,4,4,4,4,1,4,3,,4,3,,4,3,3,4,3,4,5.0,4,4,4,0,4,4,3,3,4.0,,4,4,5.0,5.0,5.0,,5.0,5,5,4,4.0,,5.0,,4,5.0,4,,,4,4,4,5.0,5.0,69,10,1.6136783733826248,-0.6794341049250819
3,5,5,5,4,6,5,5,5,2,5,5,0,4,5,5,5,6.0,6.0,6,3,5,5,6,5,5,3,5,4,5,5,5,6,6,5,5,6,6,3,5,5,6,5,5,,6,5,6,5,6,5.0,6,5,,5,5,5,5,5,4,5,5,6.0,0,,6,,6,5,,5,4,6,6,6,5,5,6,6,6,5,5,4,5,6,2,5,4,5,2,6,1,6.0,5,,5,5,6,6,6,5,6,5,6,5,5,,6.0,5,6,5,6,5,0,6.0,5,6,5,5,6,6.0,6,6,5,5,5,5,6,6,6,6,5,6.0,4.0,6,0,6,,5,6,6,4,6,6,5,5,5,,6,6.0,6.0,,5,,5,5,6.0,6,6,4,6,6,6,6,6,6,,,5,6,6,6.0,5,6,6,6.0,6,6,6.0,5,5,5,6.0,6,4,6,6,5,6,6,5,5,5,5,5,5,5,4,5,4,6.0,5,5,0,6.0,5,6,5,5,6,6,5,6.0,,4,5,0,6,5,5,0,6,5,4,6,,6.0,6,6.0,,,5,6,6,6,6,0.0,,6.0,5,5,5,5,4,5,6,6,1,6,6.0,,5,5,5,6.0,3.0,6.0,6,5,4,5,6.0,5,,6,6,3,6,6,6,6.0,6,6,5,4,5,3,4.0,6.0,,6,5,6,,6,6,5,5,6,5,5,5,5,6,6,6,6,,,5,6,5,5,6.0,6,5,6.0,0,5,6.0,6,6.0,6.0,4,,6,2,6.0,6,6,6,0.0,6,5,5,6.0,4,6.0,3,,6,5,6,5,5,,6.0,6,6.0,,6,6,6,6,6,6,6.0,3,6,6,5,6,6,6,6,4,5,5,,5,5,6.0,5,5,5,5,5,6,6.0,5,6,5,5,5,6,2,6,6.0,,5,5,6.0,,5.0,,6.0,6,6,6,6.0,,,,6,,6,,,5,5,6,6.0,,70,10,1.7422271573604058,-0.643187669638391
6,6,6,6,6,6,6,5,5,6,5,5,6,6,6,6,6,7.0,2.0,2,4,6,6,7,0,5,6,6,6,6,6,6,6,7,6,0,7,7,6,7,7,7,6,7,,7,6,6,4,6,7.0,6,4,,6,6,6,4,6,5,6,4,7.0,7,,7,,7,6,,5,5,7,6,6,6,6,7,7,6,5,6,6,6,6,5,6,5,6,6,7,4,7.0,6,,6,6,7,6,6,6,6,6,6,0,6,0.0,7.0,5,1,6,7,7,6,0.0,6,6,7,6,7,7.0,7,7,6,6,6,3,7,7,7,7,5,7.0,4.0,7,6,7,,5,6,7,6,7,6,7,7,7,0.0,7,7.0,6.0,7.0,6,,7,7,1.0,7,7,6,7,7,7,7,7,7,,,6,7,7,7.0,6,7,7,7.0,7,7,7.0,6,6,6,,7,5,7,6,6,7,7,5,3,6,5,7,6,7,5,7,5,7.0,6,6,7,7.0,7,7,6,6,7,4,6,7.0,,1,7,6,7,6,6,7,7,6,5,7,,7.0,6,5.0,7.0,,6,6,7,0,4,7.0,,7.0,6,7,7,6,6,5,7,7,6,7,6.0,7.0,6,7,7,5.0,7.0,7.0,7,6,6,0,1.0,6,,6,7,7,7,6,0,7.0,7,7,6,6,7,6,7.0,7.0,,7,7,6,7.0,6,6,6,6,6,6,6,5,6,7,6,7,7,,,6,7,7,6,,6,6,7.0,6,7,,7,7.0,5.0,7,,6,7,7.0,7,7,6,7.0,7,6,6,7.0,7,7.0,6,,7,1,7,7,5,,7.0,7,5.0,,7,7,7,6,7,7,7.0,6,6,5,7,7,7,7,7,5,6,6,,6,6,,6,6,7,7,6,7,,6,7,6,6,0,7,6,7,7.0,7.0,6,6,7.0,,7.0,,7.0,7,7,4,7.0,,,,7,,7,,,6,6,7,7.0,,71,10,1.849445324881141,-0.53909686448634
4,4,5,4,4,4,5,5,4,5,4,4,4,4,5,5,5,5.0,5.0,5,2,5,4,5,5,4,2,4,4,5,5,4,5,5,4,4,5,5,5,5,5,5,4,5,,5,4,5,4,5,5.0,5,4,,5,4,4,4,4,3,4,4,4.0,5,,5,,5,4,,4,4,5,5,5,4,5,5,5,5,4,3,4,3,2,4,4,3,0,5,5,3,5.0,4,,0,4,5,5,5,4,5,5,5,4,4,,5.0,5,5,4,5,5,4,,3,4,4,5,5,5.0,1,0,5,4,3,5,5,4,5,2,3,3.0,5.0,5,4,5,,5,5,5,1,3,4,5,5,5,,5,,5.0,4.0,2,0.0,5,5,,5,5,4,5,5,5,5,5,5,,,4,5,5,5.0,4,5,5,5.0,5,5,,5,5,0,5.0,5,3,5,5,4,5,5,4,0,4,5,4,4,5,3,5,4,5.0,5,4,4,,4,0,3,5,5,5,5,,,4,4,5,4,4,5,5,5,4,4,5,,3.0,5,,,,5,4,5,4,5,5.0,,5.0,5,5,1,3,4,5,0,5,4,5,5.0,,4,5,4,5.0,5.0,5.0,5,4,5,4,5.0,3,,5,4,5,5,5,5,5.0,5,2,3,5,5,4,5.0,5.0,,5,5,5,,5,5,5,5,5,1,4,3,4,0,5,5,5,,,4,5,5,4,,0,4,5.0,5,2,,5,5.0,,4,,5,5,5.0,5,5,5,5.0,5,5,4,5.0,5,3.0,4,,5,4,5,5,4,,4.0,3,5.0,,5,5,5,4,4,5,5.0,5,5,5,5,5,5,3,5,4,5,1,,4,5,,5,4,4,5,4,5,,4,5,5,4,5,5,4,5,,,2,5,5.0,,5.0,,,5,5,5,5.0,,,,4,,5,,,4,4,5,5.0,,72,10,1.5942466624284806,-0.5071374278177416
1,4,5,4,4,5,5,5,4,4,4,4,4,4,4,5,2,0.0,5.0,5,3,5,1,5,5,5,4,4,2,5,5,4,5,5,4,5,5,5,4,4,5,5,5,2,6.0,5,4,5,5,5,5.0,5,4,,5,4,5,5,4,0,5,4,6.0,4,6.0,5,,5,5,,4,3,5,5,5,4,5,0,5,5,4,4,4,0,5,4,4,4,5,5,5,0,6.0,5,,4,4,5,5,3,3,5,4,5,4,5,6.0,5.0,4,5,5,1,5,4,6.0,4,3,5,5,5,6.0,5,5,5,4,4,4,5,5,5,5,4,6.0,5.0,5,3,5,6.0,5,5,3,4,5,5,5,3,5,6.0,5,6.0,6.0,6.0,0,,5,5,6.0,5,5,2,5,5,5,4,5,5,6.0,0.0,4,5,5,5.0,4,5,5,5.0,5,5,6.0,5,5,3,6.0,5,4,5,3,4,6,5,4,4,4,5,4,4,5,3,5,3,5.0,5,4,5,6.0,5,5,4,5,5,5,5,5.0,,5,4,4,5,2,5,5,5,5,4,5,,6.0,5,6.0,,,4,5,5,5,5,5.0,,6.0,5,5,5,5,4,3,5,5,4,5,5.0,6.0,5,5,5,6.0,0.0,6.0,5,4,5,1,5.0,4,,5,5,5,5,5,5,5.0,5,5,2,4,5,4,5.0,5.0,,5,5,5,,5,5,5,5,5,3,3,5,5,4,5,5,3,,6.0,4,5,5,5,,5,4,5.0,5,4,6.0,5,5.0,6.0,5,,4,5,5.0,5,5,5,5.0,5,4,5,5.0,5,5.0,5,,5,4,5,0,4,,5.0,5,6.0,6.0,5,5,5,5,4,5,6.0,5,5,4,5,5,5,5,5,4,5,4,,5,4,,5,4,0,5,4,5,6.0,4,5,3,4,4,5,5,5,6.0,,5,5,4.0,6.0,5.0,,5.0,5,6,5,5.0,,6.0,,5,,5,,,5,5,5,6.0,6.0,73,10,1.696610994000325,-0.6419853556515678
3,4,4,3,3,4,4,4,4,4,4,4,4,3,5,4,4,5.0,5.0,4,4,5,4,4,4,4,4,3,4,2,4,1,4,5,4,4,5,4,4,4,4,4,4,5,,4,4,4,4,4,5.0,1,3,,3,3,4,4,4,3,3,4,5.0,4,,4,,4,4,,3,3,3,5,4,4,4,5,4,5,3,4,2,3,5,4,4,3,5,4,5,3,5.0,4,,4,3,5,4,4,4,4,3,4,1,4,5.0,5.0,4,4,4,4,4,4,5.0,3,4,4,4,4,5.0,5,4,0,0,4,4,4,5,1,4,3,5.0,5.0,5,4,5,5.0,4,5,4,0,5,4,4,4,0,,4,5.0,5.0,5.0,4,0.0,1,5,5.0,4,5,3,4,5,4,4,5,5,5.0,,4,1,4,5.0,3,4,4,0.0,5,4,5.0,1,3,4,5.0,5,3,4,4,4,5,5,3,4,4,4,4,2,4,2,3,3,5.0,4,4,4,5.0,4,4,4,4,4,5,4,5.0,,4,4,4,5,3,4,5,5,4,3,5,,5.0,5,5.0,,,4,4,4,4,4,5.0,,5.0,4,3,4,3,4,4,4,4,3,5,5.0,5.0,4,4,4,0.0,5.0,5.0,4,4,4,4,5.0,2,,4,4,4,5,4,4,5.0,4,0,5,4,4,4,5.0,5.0,,4,2,5,,4,5,2,4,5,4,4,4,2,4,5,5,4,,5.0,4,5,4,4,,4,4,5.0,4,4,5.0,5,5.0,5.0,4,,4,4,5.0,5,5,4,5.0,4,4,4,5.0,4,5.0,4,,4,4,0,4,4,,5.0,5,5.0,5.0,4,4,5,3,4,4,4.0,4,5,4,1,4,5,5,4,3,4,4,,3,4,,2,4,3,4,0,5,5.0,4,5,4,4,4,5,4,5,5.0,,4,4,5.0,,5.0,,5.0,5,5,5,5.0,,,,4,,5,,,4,4,4,5.0,5.0,74,10,1.5862414426448488,-0.7070894571157152
6,3,6,5,6,6,6,6,6,5,6,6,6,5,7,6,6,7.0,0.0,6,4,4,5,6,6,6,6,2,6,6,6,6,6,7,6,6,7,7,2,6,4,6,7,7,7.0,6,0,7,6,7,7.0,6,6,,6,6,6,6,6,5,6,6,7.0,6,7.0,6,,7,6,,6,5,7,7,6,6,6,6,6,6,4,4,5,6,6,5,6,5,6,5,5,4,7.0,6,,5,5,6,5,6,6,6,6,6,5,6,7.0,7.0,6,6,6,6,6,6,7.0,5,6,6,6,6,7.0,0,7,6,6,6,6,6,7,6,7,3,7.0,6.0,7,6,7,7.0,6,6,6,5,7,6,6,6,6,7.0,6,7.0,7.0,5.0,5,,6,7,6.0,7,7,5,7,7,7,6,7,7,7.0,,6,6,6,7.0,5,6,0,6.0,7,0,7.0,6,6,6,7.0,7,5,6,6,6,5,6,5,5,6,6,0,3,6,4,6,5,7.0,6,5,6,7.0,6,6,6,6,7,7,6,6.0,,5,6,6,5,5,6,7,6,6,6,7,,7.0,7,7.0,,,6,6,7,6,6,7.0,,7.0,6,7,6,6,6,6,2,6,5,6,7.0,7.0,5,4,6,7.0,7.0,7.0,1,6,6,3,7.0,0,,7,2,7,7,7,6,7.0,6,6,7,6,6,5,7.0,7.0,,6,6,6,,6,6,6,6,6,5,6,5,6,7,7,7,6,,6.0,6,7,6,6,,7,6,7.0,6,6,7.0,6,7.0,4.0,6,,6,6,7.0,6,6,6,7.0,6,6,6,7.0,7,7.0,6,,6,6,7,7,5,,7.0,7,7.0,7.0,1,7,7,6,6,6,7.0,6,7,4,6,6,6,7,6,5,6,6,,6,6,,6,5,6,6,6,7,7.0,6,7,0,6,6,6,5,7,7.0,,6,6,0.0,7.0,7.0,,7.0,7,7,7,7.0,,,,0,7.0,7,,,6,6,7,7.0,7.0,75,10,1.779716825814949,-0.6253357650535819
5,6,6,5,5,6,4,5,6,6,6,6,6,6,6,6,6,7.0,6.0,5,5,6,3,6,6,5,5,6,6,5,0,1,6,6,6,5,6,6,5,5,6,6,6,5,7.0,4,6,6,4,6,7.0,0,6,,5,5,5,5,3,5,5,5,6.0,6,7.0,6,,6,5,,5,4,7,5,6,1,6,7,6,5,4,5,5,6,6,6,6,5,6,6,6,4,7.0,6,,5,5,6,5,6,5,6,5,6,2,5,6.0,6.0,5,2,5,6,6,3,7.0,5,6,6,6,6,6.0,6,6,5,5,6,5,5,6,6,6,5,6.0,7.0,7,6,4,7.0,5,6,6,5,6,5,5,5,5,7.0,6,7.0,0.0,7.0,5,,6,6,6.0,5,6,4,6,6,6,5,6,6,7.0,7.0,5,6,6,7.0,4,6,7,7.0,6,6,0.0,6,6,6,7.0,6,5,6,6,5,6,6,5,5,4,6,6,4,6,4,7,3,6.0,6,5,6,7.0,6,6,5,6,6,6,6,7.0,,5,5,6,6,5,6,6,6,6,5,6,,7.0,6,7.0,,,6,6,6,6,6,6.0,,7.0,5,6,6,6,5,6,5,6,5,6,6.0,7.0,6,6,6,4.0,2.0,6.0,6,6,5,6,7.0,5,,6,6,6,6,6,6,6.0,1,6,6,6,6,5,6.0,7.0,,6,6,4,,6,6,6,3,6,6,6,5,6,5,6,6,6,,7.0,5,6,6,5,,6,6,7.0,4,5,7.0,6,7.0,7.0,5,,6,6,6.0,0,6,6,7.0,6,6,6,6.0,6,6.0,6,,6,6,6,0,6,7.0,7.0,6,7.0,7.0,6,5,6,5,6,2,6.0,6,6,6,6,6,0,6,6,5,6,5,,6,5,,6,6,0,6,6,6,0.0,5,6,6,5,6,6,6,5,7.0,,6,5,7.0,7.0,6.0,,7.0,6,5,6,6.0,,7.0,,6,,6,,,6,6,6,7.0,0.0,76,10,1.7339861936105314,-0.6105772701267564
6,5,6,4,5,2,5,5,5,5,5,5,5,4,6,0,5,6.0,6.0,6,4,6,5,5,3,1,5,3,6,6,6,5,6,6,5,5,6,6,5,6,6,6,6,6,,6,0,6,5,6,,6,0,,6,5,5,6,6,5,5,5,6.0,6,,6,,6,5,,5,5,6,4,5,5,4,6,3,6,4,5,5,3,6,5,5,4,5,5,6,3,6.0,6,,5,5,6,6,4,5,6,5,0,4,5,,6.0,5,6,5,6,5,4,,5,5,6,6,6,6.0,4,0,5,5,6,5,4,6,6,6,5,6.0,6.0,6,5,6,,5,6,5,1,6,5,6,6,6,,6,6.0,6.0,,4,,6,6,6.0,5,6,4,6,6,6,5,6,6,,,5,6,6,6.0,5,6,6,6.0,6,6,,6,5,5,,6,5,6,5,5,6,6,5,5,5,5,5,5,5,4,6,5,6.0,2,5,6,0.0,6,6,5,6,6,6,6,6.0,,3,5,6,6,4,5,6,6,5,4,6,,6.0,6,6.0,,,6,6,6,6,5,3.0,,6.0,5,6,6,5,5,6,6,6,5,6,6.0,,0,6,6,,6.0,6.0,6,5,5,5,6.0,5,,6,5,6,6,0,5,6.0,4,6,6,5,6,5,6.0,6.0,,5,6,6,6.0,5,6,6,5,6,6,5,5,5,5,6,6,6,,,5,6,6,5,,6,6,6.0,4,6,,6,6.0,6.0,5,,6,5,6.0,6,6,5,6.0,6,6,6,6.0,6,6.0,5,,6,5,6,5,2,,6.0,6,6.0,,5,0,6,5,6,6,6.0,6,6,6,6,6,6,6,6,5,5,5,,3,5,3.0,6,5,2,6,5,6,,5,6,6,5,6,6,6,6,6.0,,5,5,6.0,4.0,6.0,,6.0,5,6,6,6.0,,0.0,,6,,6,,,6,5,6,,,77,10,1.6677704194260483,-0.5774403401430721
5,5,6,5,5,6,3,6,5,5,5,6,6,5,6,6,6,6.0,6.0,5,5,6,6,6,5,5,5,5,5,2,5,5,6,6,5,5,6,6,5,6,6,6,5,6,,6,5,6,0,6,,6,5,,5,6,6,5,6,1,5,4,6.0,6,,6,,6,5,,4,4,6,6,5,5,6,6,6,6,4,5,4,6,5,5,5,5,6,6,6,4,,6,0.0,5,5,6,5,6,5,6,5,6,4,5,5.0,4.0,5,6,6,6,6,5,,5,3,6,5,6,,6,6,5,5,5,2,5,6,6,6,5,6.0,6.0,6,2,6,,5,6,6,4,6,0,5,5,6,6.0,6,,6.0,,5,,6,6,0.0,6,6,2,6,6,6,5,6,6,,,5,6,6,,5,6,6,,6,6,6.0,6,6,5,,2,3,0,0,0,6,6,5,5,5,6,6,5,6,4,6,4,6.0,6,6,6,,6,6,5,6,6,6,6,,,5,5,6,6,5,6,6,6,6,5,6,,,6,6.0,,,6,5,6,6,6,6.0,,0.0,4,0,6,6,5,6,6,6,5,6,6.0,,6,6,6,,6.0,6.0,6,6,5,6,6.0,6,,6,6,6,0,6,6,6.0,4,6,6,6,6,5,5.0,6.0,,6,6,6,,5,6,6,5,6,6,6,5,6,5,5,6,6,,,2,6,6,5,,6,5,6.0,6,5,,6,6.0,,5,,6,6,5.0,6,6,6,6.0,5,3,6,6.0,6,6.0,5,,6,6,6,6,6,,6.0,6,,,6,6,6,6,6,6,6.0,6,6,6,5,6,6,6,6,5,6,5,,5,6,,3,5,5,4,5,6,,5,6,6,6,6,6,6,6,,6.0,6,6,6.0,,6.0,,6.0,6,6,6,6.0,,,,6,,6,,,6,6,6,6.0,,78,10,1.703109971144597,-0.5815870196702091
4,2,4,3,4,5,3,5,5,5,5,5,5,4,5,5,5,,5.0,4,4,5,5,4,5,4,4,4,4,4,4,4,4,5,4,4,5,5,4,5,5,5,5,5,,5,5,5,4,5,,5,4,,4,4,4,3,5,4,4,4,5.0,2,,5,,5,4,,4,3,5,4,5,4,2,5,5,5,4,4,4,4,1,4,3,4,4,5,5,4,0.0,5,,3,3,5,4,1,4,5,4,5,3,4,,5.0,4,5,5,4,5,3,,2,4,5,4,5,5.0,5,5,4,3,4,4,4,5,5,0,4,5.0,,5,5,5,,4,5,5,4,5,3,5,5,4,,5,,5.0,4.0,4,,4,5,,3,5,3,5,5,5,4,4,5,,,3,4,3,5.0,2,5,5,5.0,5,0,5.0,5,5,4,,0,4,5,4,4,5,3,1,4,4,5,5,4,5,2,5,2,5.0,4,5,4,5.0,4,5,4,5,5,4,5,,,4,4,5,5,4,4,5,5,4,4,5,,,4,,,,5,4,5,5,5,5.0,,,5,5,4,5,4,5,4,5,0,1,5.0,,4,4,5,,5.0,5.0,5,4,4,4,5.0,4,,5,4,0,5,5,5,,5,5,5,5,5,5,5.0,5.0,5.0,5,5,5,,5,5,5,2,5,5,5,3,4,5,5,5,3,0.0,,4,5,5,4,,5,5,5.0,5,4,,5,,,4,,5,4,5.0,5,5,5,,0,5,4,5.0,5,5.0,5,,5,5,3,5,5,,5.0,5,5.0,,5,4,5,4,5,4,,5,5,5,5,5,5,4,5,4,2,4,,4,4,,5,4,4,0,0,5,,4,5,4,4,4,5,5,4,,,4,4,5.0,,5.0,,5.0,5,5,5,5.0,,,,1,,5,,,5,5,5,5.0,,79,10,1.5989002356637863,-0.5113529093282381
5,5,5,4,5,5,5,5,5,5,5,4,5,5,6,5,5,4.0,6.0,5,3,5,5,6,5,5,5,5,4,5,5,4,5,6,4,5,6,5,4,5,5,6,6,6,6.0,5,6,6,5,6,6.0,6,5,,1,5,5,5,5,5,5,5,6.0,6,,6,,6,5,,4,3,6,6,5,5,6,6,6,5,4,4,3,2,5,5,5,5,6,6,6,4,6.0,6,5.0,4,4,0,5,5,5,5,2,5,0,5,6.0,6.0,5,6,5,6,6,5,6.0,5,5,6,5,0,6.0,6,6,5,5,5,5,5,6,6,6,4,6.0,6.0,6,5,6,6.0,5,6,6,4,6,5,6,1,5,6.0,6,0.0,6.0,6.0,5,,5,6,6.0,6,6,5,6,6,5,6,6,3,,,5,5,6,6.0,4,6,6,6.0,6,6,6.0,5,5,5,6.0,4,5,5,5,5,6,5,5,5,5,5,0,3,4,3,5,5,6.0,5,5,6,6.0,5,5,5,6,6,6,6,6.0,,5,5,6,6,4,5,6,6,4,4,6,,6.0,6,6.0,,,6,5,6,5,5,6.0,,6.0,5,6,5,5,5,3,6,5,4,6,0.0,6.0,5,5,5,6.0,6.0,6.0,5,4,5,6,6.0,5,,6,5,6,6,5,6,6.0,5,6,6,5,4,5,6.0,6.0,,6,6,5,,5,6,4,5,6,5,5,5,5,6,6,6,6,,6.0,0,6,5,5,,0,5,6.0,1,5,6.0,6,6.0,6.0,5,5.0,5,5,6.0,6,6,5,6.0,5,5,5,6.0,5,6.0,5,,6,5,6,5,5,,6.0,6,6.0,6.0,5,6,6,0,5,5,0.0,6,5,5,5,6,6,6,1,5,5,5,,5,5,,5,1,2,6,5,6,6.0,5,5,5,5,5,2,4,5,6.0,,5,5,6.0,,6.0,,6.0,6,6,6,3.0,,,,5,6.0,6,,,4,5,5,5.0,,80,10,1.7364404027281586,-0.6470648995228052
8,7,8,6,7,8,5,8,8,7,8,8,8,7,8,8,8,9.0,9.0,8,7,8,8,8,8,8,7,8,8,8,8,7,6,6,8,6,8,8,7,8,8,8,8,8,9.0,5,8,8,8,8,9.0,8,7,,7,8,7,7,7,7,7,7,9.0,8,9.0,8,,8,8,,7,6,8,8,8,8,8,8,7,8,6,7,7,8,5,6,8,7,8,8,8,7,7.0,8,,7,7,8,8,8,8,8,7,8,7,8,9.0,9.0,7,7,8,8,8,7,0.0,7,8,3,8,8,9.0,7,8,7,7,8,8,8,9,7,8,5,9.0,0.0,9,0,8,6.0,7,8,7,4,8,5,8,8,8,9.0,7,9.0,9.0,9.0,8,,8,8,9.0,7,9,7,9,8,8,8,8,8,9.0,,7,8,8,9.0,4,9,0,9.0,9,8,9.0,8,8,7,9.0,8,7,8,8,8,8,8,6,8,7,8,8,8,8,6,8,8,8.0,8,8,8,9.0,8,8,7,8,8,8,8,9.0,8.0,8,8,8,6,7,8,8,8,5,8,9,,9.0,0,9.0,,,8,8,8,8,8,9.0,,9.0,6,8,8,8,8,8,8,7,7,8,9.0,9.0,8,8,8,9.0,9.0,9.0,8,8,8,8,9.0,8,,8,8,8,8,8,8,9.0,8,8,8,8,8,8,9.0,9.0,,8,8,8,,8,8,8,7,8,7,8,7,8,8,8,0,8,,9.0,7,8,8,7,0.0,8,8,9.0,6,8,0.0,8,9.0,9.0,7,,8,8,8.0,8,4,8,9.0,8,8,7,8.0,8,8.0,8,,8,7,0,6,8,,9.0,8,9.0,9.0,8,8,8,8,8,8,9.0,8,8,8,8,8,8,8,8,7,8,7,8.0,8,7,,8,7,8,4,5,0,9.0,7,8,7,7,8,8,3,8,9.0,,8,8,9.0,9.0,9.0,,9.0,8,8,8,9.0,,9.0,,8,,8,,,8,8,8,8.0,9.0,81,10,1.7929830395743265,-0.5840059318260077
4,4,5,0,4,5,5,4,4,4,4,4,4,3,5,2,1,5.0,5.0,5,0,5,4,5,5,4,4,3,4,3,5,4,5,5,4,4,5,5,4,5,5,5,5,5,6.0,5,5,5,5,5,6.0,5,4,,5,5,4,5,5,4,4,3,5.0,5,6.0,1,0.0,5,4,,4,4,5,5,5,4,0,5,5,5,2,1,4,5,5,4,4,3,5,5,5,3,6.0,2,,4,4,5,5,5,5,5,4,4,4,4,6.0,5.0,5,5,4,5,4,4,6.0,4,4,5,5,5,6.0,5,5,5,4,5,4,5,5,4,6,4,5.0,5.0,5,0,5,6.0,3,5,2,4,5,5,5,5,5,6.0,5,6.0,6.0,6.0,4,,5,5,5.0,5,5,4,5,5,5,5,5,5,6.0,6.0,4,5,5,5.0,4,5,5,5.0,5,5,5.0,5,5,5,6.0,5,4,4,3,4,5,5,3,5,4,4,2,4,4,3,5,4,0.0,4,5,5,6.0,5,5,3,5,5,5,5,6.0,,4,4,5,5,1,4,5,5,4,3,5,,6.0,5,5.0,,,4,5,5,2,4,5.0,2.0,6.0,4,5,5,0,4,2,5,5,4,4,5.0,6.0,4,5,4,4.0,5.0,6.0,5,4,4,5,6.0,4,,5,5,5,5,5,2,6.0,0,5,5,5,4,2,5.0,5.0,0.0,5,5,5,,5,5,5,5,5,4,3,4,5,5,5,5,5,,6.0,4,5,4,5,,5,5,6.0,5,5,6.0,5,6.0,6.0,5,,5,5,5.0,5,5,5,6.0,5,5,4,5.0,5,5.0,4,,5,5,5,5,5,,6.0,5,6.0,6.0,2,5,5,4,5,4,5.0,5,5,5,5,5,5,5,5,4,5,4,,4,5,,5,4,5,5,4,5,6.0,5,5,5,4,5,5,5,0,6.0,6.0,5,5,6.0,6.0,5.0,,6.0,5,5,5,5.0,,6.0,,5,,5,6.0,,5,4,5,5.0,6.0,82,10,1.681320450885669,-0.662564542965387
1,4,5,4,3,5,5,2,5,3,5,5,5,4,5,5,5,6.0,6.0,5,4,5,5,5,5,5,4,5,5,0,4,4,0,5,4,4,5,5,5,5,5,5,5,5,6.0,5,0,5,5,5,6.0,5,4,,5,4,5,4,5,4,4,5,6.0,5,5.0,5,,5,3,,4,4,5,5,5,4,5,5,5,5,4,4,5,5,5,5,5,4,5,5,6,3,6.0,5,,4,3,5,5,5,0,5,5,5,4,3,6.0,6.0,4,5,5,5,5,4,6.0,4,5,5,5,5,5.0,6,5,4,4,5,5,5,5,3,5,4,6.0,6.0,6,5,5,6.0,4,5,3,4,4,5,5,5,5,6.0,5,6.0,6.0,6.0,4,,5,5,6.0,5,5,4,5,5,4,5,5,5,6.0,,4,4,5,6.0,3,5,5,4.0,5,5,5.0,5,5,4,6.0,1,4,5,5,4,5,5,2,4,4,2,4,4,5,3,5,3,5.0,5,4,0,6.0,5,5,5,5,5,5,5,6.0,,4,5,5,5,2,5,5,5,4,4,5,,6.0,5,6.0,,,4,5,6,5,5,6.0,,6.0,5,5,5,5,1,5,6,5,4,5,6.0,6.0,5,5,5,6.0,6.0,5.0,5,5,4,5,5.0,5,,5,5,3,5,0,2,1.0,5,5,0,2,5,5,6.0,6.0,,5,0,5,0.0,5,5,4,2,5,5,5,3,5,5,5,5,5,,6.0,4,5,5,4,,4,5,6.0,5,5,6.0,5,6.0,6.0,5,,5,5,4.0,5,5,5,6.0,5,5,5,6.0,5,6.0,5,6.0,5,5,5,5,5,,6.0,5,6.0,6.0,5,5,5,5,4,5,5.0,5,5,5,5,5,5,5,5,4,5,4,,4,4,,5,5,5,5,1,5,6.0,4,5,5,4,5,5,5,5,6.0,,4,5,6.0,6.0,6.0,,6.0,4,4,5,6.0,,,,5,,5,,,5,5,5,0.0,6.0,83,10,1.6789111183994758,-0.6626796751444716
4,4,4,3,4,0,5,5,2,4,3,4,4,4,4,4,4,2.0,5.0,4,3,2,3,5,4,4,4,4,4,4,4,4,4,5,4,4,5,5,4,5,5,5,5,5,,5,4,1,4,5,5.0,4,0,,4,4,4,5,3,4,4,4,4.0,5,,5,,5,2,,0,0,5,5,4,4,5,5,5,4,3,4,4,4,5,1,4,3,5,4,5,3,4.0,5,,4,4,4,4,4,4,4,4,5,4,4,5.0,0.0,5,5,2,5,5,4,5.0,4,5,4,4,5,5.0,5,5,4,4,4,4,4,5,4,5,4,5.0,5.0,5,4,5,,4,5,3,4,2,4,4,4,0,4.0,5,5.0,5.0,5.0,3,,5,5,5.0,5,5,4,5,4,5,4,5,5,,,4,5,5,5.0,4,5,5,5.0,5,5,5.0,5,4,4,5.0,5,3,4,4,2,3,4,4,4,4,4,4,3,5,0,4,3,4.0,4,4,5,5.0,5,5,4,4,5,5,5,5.0,,3,4,4,5,4,5,5,5,4,4,5,,5.0,5,5.0,,,4,4,5,4,4,5.0,,5.0,4,5,5,4,4,4,5,5,1,4,5.0,5.0,4,4,5,5.0,5.0,5.0,4,4,4,5,5.0,4,,5,0,5,5,5,4,5.0,5,5,5,4,5,3,5.0,5.0,,5,5,5,,4,5,5,3,5,4,4,3,3,5,5,5,5,,5.0,3,5,5,4,,3,1,5.0,5,5,5.0,5,5.0,5.0,5,,5,2,5.0,5,5,5,5.0,5,4,4,3.0,5,5.0,4,,5,4,5,5,4,0.0,2.0,5,5.0,5.0,5,5,5,4,4,4,5.0,5,5,0,5,5,5,5,5,4,5,4,,4,4,,4,3,4,5,4,5,,5,5,4,4,1,5,4,5,5.0,,2,4,2.0,,5.0,,5.0,5,5,5,5.0,,,,5,,5,,,4,4,5,5.0,,84,10,1.6855185598215707,-0.6223496582045311
5,5,5,4,5,5,5,5,5,4,1,5,5,5,6,5,5,6.0,6.0,5,3,5,4,6,5,5,5,5,4,5,3,5,5,6,5,4,6,5,5,5,5,6,5,6,6.0,6,5,5,0,5,6.0,5,5,,4,5,5,4,5,5,5,2,6.0,5,6.0,5,,6,5,,4,3,6,6,5,1,5,6,6,5,4,5,4,5,5,4,5,4,6,5,5,4,6.0,5,,4,4,6,5,5,5,5,2,6,4,4,6.0,6.0,4,5,5,5,6,5,6.0,5,5,6,4,6,6.0,4,6,5,5,5,3,5,6,5,6,4,6.0,0.0,6,4,6,6.0,4,6,5,5,6,3,5,5,5,,5,6.0,6.0,6.0,5,,4,6,6.0,6,5,4,6,5,6,5,5,5,,,5,5,6,6.0,5,6,6,6.0,6,6,6.0,5,5,5,6.0,6,5,5,5,5,6,6,4,5,5,2,5,5,5,4,6,4,6.0,5,5,5,6.0,5,5,3,5,6,6,5,6.0,,5,5,5,6,4,5,6,6,4,4,6,,6.0,0,6.0,,,5,5,6,5,5,6.0,,6.0,4,6,5,5,5,0,6,5,4,5,6.0,6.0,5,6,4,6.0,6.0,6.0,5,5,5,5,6.0,5,,6,5,5,5,5,4,6.0,5,5,6,5,5,5,6.0,6.0,6.0,5,3,5,,0,5,5,5,6,5,5,5,4,5,5,5,6,,6.0,5,6,5,5,,4,5,6.0,4,5,6.0,5,6.0,6.0,5,,3,5,6.0,6,5,5,6.0,5,5,5,3.0,3,6.0,5,,5,0,5,5,3,,6.0,6,0.0,6.0,5,5,6,5,5,2,6.0,5,5,5,5,6,6,4,6,5,2,4,,3,5,,5,5,0,5,5,4,6.0,5,5,0,5,5,5,5,5,6.0,,5,5,6.0,,6.0,,6.0,6,6,6,4.0,,6.0,,5,,6,0.0,,5,5,5,5.0,,85,10,1.6732283464566928,-0.6484878946526443
5,0,5,0,4,6,5,6,5,4,4,5,0,5,6,5,5,6.0,,6,3,6,5,4,6,5,5,5,5,5,5,5,5,6,5,5,6,6,6,6,6,6,6,6,,6,5,6,5,6,,6,5,,6,6,6,5,6,5,5,6,,6,,6,,6,5,6.0,5,4,6,6,6,6,6,6,6,6,5,5,5,6,6,6,6,5,6,6,6,4,,6,,6,4,6,6,4,5,6,6,5,5,5,,6.0,5,2,6,6,6,4,,5,5,6,5,6,6.0,6,6,4,5,6,6,6,6,6,6,5,6.0,0.0,6,6,6,,6,0,5,1,5,6,6,6,5,,6,6.0,,,5,,6,6,5.0,6,5,5,6,6,6,6,6,6,,,5,5,6,,5,6,6,6.0,6,6,,6,6,6,,6,4,5,6,6,6,6,3,0,5,5,6,3,6,4,5,5,6.0,5,6,6,,5,6,6,5,4,6,6,6.0,,5,3,6,6,5,6,2,6,5,5,6,,,6,,,,5,6,6,5,6,,,0.0,5,6,6,6,5,6,6,6,5,6,6.0,,5,6,6,,0.0,6.0,6,6,5,6,6.0,5,,6,6,6,6,5,6,6.0,6,4,6,3,6,4,6.0,5.0,0.0,6,6,6,,6,6,6,5,6,5,5,5,5,3,4,6,6,,,5,6,6,5,,6,6,6.0,6,5,,6,,,5,,6,6,5.0,6,6,6,,6,5,5,,6,6.0,5,,6,5,6,6,6,,,6,6.0,,6,6,6,6,5,6,6.0,5,6,6,6,4,6,6,6,6,6,5,,5,5,5.0,6,5,2,6,4,6,,4,5,6,5,6,6,6,6,,,5,6,,,6.0,,0.0,6,1,6,6.0,,,,6,,6,,,5,6,6,6.0,,86,10,1.687957948391207,-0.47126880500697466
3,3,4,3,3,4,4,4,3,4,3,2,4,3,4,3,3,4.0,4.0,4,3,4,4,4,4,3,3,3,4,4,4,3,4,4,0,3,4,4,4,4,4,4,4,4,5.0,4,4,4,4,3,5.0,4,3,,4,3,3,4,4,3,3,3,4.0,4,5.0,4,,4,4,,3,3,1,4,4,3,4,4,4,4,2,3,3,4,4,4,4,3,4,4,5,2,5.0,4,,3,3,4,4,3,3,3,3,3,3,3,5.0,5.0,3,4,4,2,0,1,5.0,3,0,4,2,4,5.0,4,4,3,2,4,4,4,4,4,4,3,4.0,4.0,4,3,4,5.0,4,4,4,1,4,4,4,4,4,2.0,4,5.0,5.0,5.0,1,,4,4,5.0,4,4,2,4,4,4,4,4,4,5.0,5.0,3,4,5,5.0,3,4,4,5.0,5,4,5.0,4,3,0,5.0,4,3,4,4,4,4,4,3,3,4,4,4,4,4,2,4,3,4.0,3,4,4,5.0,4,4,3,4,4,4,4,5.0,,3,4,3,4,1,4,4,4,4,0,4,,5.0,4,4.0,,,2,4,2,4,4,4.0,,5.0,4,3,4,1,4,4,4,4,4,4,4.0,5.0,4,4,4,5.0,5.0,5.0,4,4,4,4,4.0,3,,4,4,4,5,4,4,5.0,4,4,4,0,4,4,4.0,5.0,,4,4,4,,4,4,4,3,4,4,4,3,2,4,4,5,4,,5.0,3,4,4,4,,4,1,5.0,4,4,5.0,4,5.0,5.0,4,,4,1,4.0,4,4,4,0.0,4,4,4,4.0,4,5.0,3,,4,3,4,4,2,4.0,5.0,4,4.0,5.0,4,4,4,4,4,4,5.0,4,4,0,4,4,4,5,4,3,0,4,,3,1,2.0,3,3,3,4,3,5,5.0,4,4,4,4,4,4,4,4,5.0,,4,4,0.0,5.0,5.0,,3.0,4,5,4,5.0,,,,4,,4,,,4,4,4,5.0,5.0,87,10,1.5389930898321817,-0.6420085437162361
6,6,6,5,6,6,6,6,6,6,6,6,6,6,7,6,6,7.0,6.0,6,5,7,5,6,6,6,6,6,6,6,6,6,6,7,6,6,7,7,2,6,6,6,6,6,7.0,6,6,6,6,7,7.0,6,5,,1,5,6,5,6,6,6,6,3.0,6,7.0,6,,6,6,,5,4,7,7,6,6,5,7,6,6,5,2,5,6,6,6,5,5,6,6,6,5,6.0,6,,5,4,7,5,6,5,6,6,6,5,2,7.0,6.0,6,6,6,6,6,5,7.0,4,6,6,5,7,7.0,7,6,6,3,6,4,6,7,6,4,5,6.0,7.0,7,5,6,7.0,6,0,3,5,6,3,6,0,6,,6,7.0,7.0,7.0,5,,6,7,6.0,6,6,0,7,2,2,6,6,6,,0.0,6,4,6,7.0,5,6,7,7.0,6,6,7.0,0,6,6,7.0,6,6,3,6,6,6,6,5,6,5,6,6,5,6,4,6,5,7.0,6,6,6,5.0,3,5,4,6,6,7,6,7.0,,6,5,6,7,5,6,4,6,6,5,7,,6.0,6,7.0,,,7,4,6,6,6,7.0,,7.0,6,0,6,6,6,5,6,7,5,6,6.0,7.0,6,6,6,7.0,6.0,7.0,6,0,6,6,6.0,6,6.0,6,6,6,0,6,6,7.0,0,6,6,6,6,6,7.0,7.0,,7,6,6,,6,7,7,6,6,6,6,5,5,6,7,6,7,,7.0,5,6,6,6,,7,6,6.0,6,6,7.0,6,7.0,7.0,6,7.0,6,5,6.0,7,6,6,7.0,1,7,5,7.0,6,7.0,6,,6,6,6,6,6,6.0,6.0,7,7.0,7.0,6,6,7,4,6,5,7.0,4,6,6,6,6,6,7,2,5,6,6,,6,6,,6,5,5,6,6,7,7.0,6,7,6,6,6,6,6,6,7.0,,5,6,7.0,7.0,6.0,,7.0,7,6,7,0.0,,,,5,,7,,,6,5,6,7.0,7.0,88,10,1.8105909694555113,-0.6138556668142796
4,4,5,4,3,4,4,5,1,3,4,0,4,4,5,4,4,5.0,4.0,4,4,5,2,5,1,4,3,4,4,2,4,4,0,5,4,4,5,5,4,4,4,2,4,5,,5,4,4,4,5,5.0,4,3,,3,4,4,4,3,4,4,4,5.0,4,,4,,5,4,,3,4,4,5,4,4,0,4,5,5,3,3,2,4,5,4,4,3,5,4,5,3,5.0,5,,4,3,5,4,4,2,3,4,5,3,4,5.0,5.0,3,5,4,0,2,4,5.0,1,4,4,4,5,5.0,5,5,4,4,4,0,4,0,4,5,3,5.0,5.0,5,3,5,,4,4,5,4,5,4,5,4,4,,4,5.0,,5.0,4,,4,5,5.0,5,5,4,5,5,5,5,1,5,,,4,5,5,5.0,4,4,3,5.0,5,5,5.0,4,4,4,5.0,5,0,4,4,4,5,2,3,4,4,4,4,0,5,2,5,3,5.0,5,4,5,,5,4,4,4,5,4,4,5.0,,4,4,5,3,4,4,5,5,4,4,5,,5.0,5,5.0,,,5,4,5,4,3,5.0,,5.0,4,5,5,5,4,5,5,5,3,0,5.0,5.0,4,5,4,5.0,5.0,5.0,4,4,4,5,4.0,4,,5,4,5,5,5,4,5.0,5,5,5,2,4,4,5.0,5.0,,5,4,5,,2,5,5,4,5,4,4,3,4,5,5,5,5,,5.0,4,5,4,4,,5,4,5.0,4,4,,5,5.0,5.0,4,,5,4,5.0,5,5,4,5.0,5,4,4,5.0,5,5.0,4,,4,4,5,5,4,,4.0,4,5.0,,5,5,5,4,4,4,5.0,5,5,4,5,5,4,5,5,4,5,4,,4,4,,3,4,4,5,4,5,5.0,4,5,0,4,5,5,4,5,,,4,4,5.0,,5.0,,5.0,5,5,5,5.0,,5.0,,5,,5,,,4,4,5,5.0,5.0,89,10,1.5925209542230818,-0.6679932302627564
5,4,5,4,4,5,5,4,4,4,4,2,5,3,5,5,5,5.0,6.0,5,3,5,5,5,5,5,4,5,4,5,5,4,5,6,5,5,5,5,4,0,5,5,5,5,6.0,3,5,5,5,5,6.0,5,5,,5,5,5,5,5,5,5,5,5.0,5,6.0,5,,5,5,,4,4,5,5,5,4,5,5,5,5,4,4,4,5,5,4,5,4,5,5,5,3,0.0,5,,5,4,5,5,0,4,0,4,5,4,5,6.0,5.0,2,5,4,5,5,4,6.0,4,5,5,0,5,5.0,6,5,4,4,5,5,5,5,5,4,4,2.0,6.0,5,5,5,6.0,5,5,5,4,5,4,5,3,5,6.0,5,6.0,6.0,6.0,5,,5,5,6.0,5,6,3,6,5,5,5,5,5,6.0,,5,5,5,6.0,4,5,6,6.0,6,5,6.0,5,5,5,6.0,5,4,5,5,5,6,5,4,5,5,5,5,4,5,4,5,2,5.0,5,5,5,6.0,5,5,5,5,5,5,5,6.0,,2,4,3,5,4,5,5,3,4,4,4,,6.0,5,5.0,,,5,5,5,5,5,6.0,5.0,6.0,0,4,5,4,3,5,5,5,4,3,6.0,6.0,5,5,5,6.0,5.0,6.0,4,5,2,4,5.0,5,0.0,5,4,3,5,5,5,6.0,5,5,5,4,4,4,6.0,6.0,,5,5,2,,5,5,5,2,5,4,5,4,4,5,5,5,5,,6.0,3,5,5,5,,6,4,6.0,5,0,6.0,5,6.0,6.0,4,,5,5,5.0,6,5,3,6.0,5,5,5,0.0,5,5.0,1,,5,4,5,5,5,,6.0,5,6.0,6.0,5,5,5,5,5,3,6.0,2,5,4,5,5,5,0,5,5,5,5,,4,5,,5,5,4,5,5,6,6.0,2,5,5,5,5,5,4,5,6.0,,5,3,4.0,6.0,5.0,,5.0,6,4,6,4.0,,6.0,,5,,5,,,5,5,5,6.0,6.0,90,10,1.6176667784109962,-0.6111416726835315
5,5,5,4,5,5,5,5,4,5,5,5,4,4,5,5,1,2.0,6.0,5,4,6,5,4,5,5,5,5,3,6,5,5,5,6,5,5,6,6,5,3,5,5,6,5,,6,5,4,5,0,6.0,5,0,,0,5,5,3,5,5,5,5,6.0,2,,6,,6,5,,4,4,6,6,5,5,5,3,6,5,4,5,4,3,6,5,2,4,6,6,6,3,6.0,5,,5,5,6,5,5,5,5,5,6,3,5,6.0,6.0,4,5,5,6,6,5,6.0,4,5,6,6,6,6.0,6,5,2,4,5,5,5,6,6,6,4,5.0,6.0,6,5,6,,5,6,5,5,6,5,6,6,5,,5,6.0,6.0,6.0,5,,5,6,6.0,5,6,5,6,6,6,5,6,6,,,5,5,6,6.0,4,6,6,6.0,6,6,6.0,5,5,5,,6,5,5,5,5,6,6,4,5,5,5,5,5,5,3,5,5,6.0,5,5,6,6.0,5,5,6,5,6,6,5,6.0,,5,5,6,3,5,5,6,6,4,4,6,,6.0,6,6.0,,,5,0,6,5,5,6.0,6.0,0.0,5,6,5,5,0,5,6,6,4,6,6.0,,5,6,6,5.0,6.0,6.0,5,5,5,5,6.0,5,,5,5,6,6,6,6,6.0,6,6,6,5,5,5,6.0,6.0,,6,5,5,,5,6,5,4,6,5,5,5,5,6,6,6,4,,,5,6,5,5,,6,5,6.0,5,5,,5,6.0,5.0,5,,6,5,6.0,6,6,5,6.0,6,4,5,6.0,6,6.0,5,,5,4,5,5,0,,6.0,6,6.0,,5,6,6,5,6,6,6.0,5,6,6,5,1,6,6,6,5,5,5,6.0,5,5,,5,1,5,5,4,4,,5,6,6,5,0,6,5,6,6.0,,5,4,6.0,0.0,6.0,,6.0,6,6,6,6.0,,,,6,,6,,,5,0,6,6.0,,91,10,1.7170841361592803,-0.6131713280863423
3,5,5,4,4,5,5,0,5,5,5,5,5,4,5,5,5,5.0,5.0,5,3,5,2,5,5,4,4,4,4,5,5,5,0,5,5,4,5,5,4,5,5,5,5,5,6.0,5,5,5,4,5,6.0,5,4,,5,4,4,4,5,4,4,4,6.0,5,6.0,5,,5,4,,5,4,6,5,5,4,5,5,5,5,3,4,4,2,4,5,4,3,5,5,4,4,6.0,5,,3,2,5,5,4,4,5,0,5,3,5,6.0,6.0,4,5,5,5,5,4,6.0,4,2,4,5,5,0.0,5,5,4,5,5,3,5,5,5,5,4,6.0,6.0,6,5,5,6.0,4,5,5,4,5,5,5,5,5,6.0,5,6.0,6.0,6.0,5,,5,5,6.0,5,5,4,5,5,5,4,5,3,6.0,,4,5,5,6.0,0,5,6,5.0,5,5,6.0,5,4,5,6.0,5,4,5,5,5,5,5,4,5,4,5,5,4,5,4,5,4,5.0,5,4,0,6.0,4,5,5,5,5,5,5,6.0,,4,5,5,5,3,4,5,5,0,4,5,0.0,6.0,5,0.0,,,5,5,5,4,5,6.0,,6.0,5,5,5,5,3,5,5,5,4,5,6.0,6.0,5,5,4,6.0,5.0,6.0,5,5,5,5,5.0,4,,5,5,5,5,5,4,6.0,2,5,2,2,1,5,5.0,6.0,,5,5,5,,4,5,5,4,5,5,4,4,5,5,5,5,5,,6.0,4,5,5,5,,5,5,5.0,5,5,6.0,5,5.0,6.0,4,,1,4,5.0,5,5,5,6.0,5,5,5,5.0,5,5.0,4,,5,5,5,5,4,,6.0,4,6.0,6.0,5,5,5,4,1,4,5.0,5,5,5,4,5,5,6,5,3,5,4,,4,3,,5,4,4,5,3,5,6.0,4,5,0,1,5,5,4,5,6.0,,5,1,6.0,6.0,5.0,,4.0,5,5,5,5.0,,6.0,,5,,5,,,4,5,5,5.0,6.0,92,10,1.6710653363373034,-0.6805847504865262
5,5,5,1,4,5,5,5,5,5,3,5,5,4,5,5,5,6.0,5.0,5,4,5,5,6,5,0,0,5,5,5,5,5,5,6,5,5,6,5,5,5,5,5,5,5,6.0,5,5,5,5,4,6.0,5,2,,5,5,0,5,5,5,4,5,6.0,5,6.0,5,,0,5,,4,4,6,5,5,0,5,5,5,5,4,4,4,2,5,4,3,3,5,5,5,4,6.0,5,,4,4,5,2,5,5,5,5,5,3,5,6.0,6.0,4,5,5,5,5,4,6.0,1,5,5,5,6,6.0,6,6,4,5,5,4,5,6,5,6,5,6.0,6.0,6,5,6,6.0,5,5,5,4,5,5,5,5,5,,5,6.0,6.0,6.0,5,,4,4,6.0,5,6,4,6,5,5,5,5,5,,,4,0,5,5.0,3,5,0,5.0,4,5,6.0,5,4,5,6.0,6,5,5,5,4,6,5,4,5,5,4,5,5,5,3,5,4,6.0,5,5,5,6.0,5,5,4,5,6,6,5,6.0,,4,5,5,6,4,5,5,5,4,3,6,,6.0,5,6.0,,,5,5,6,0,5,6.0,,6.0,4,1,5,4,1,5,5,5,4,5,6.0,6.0,5,5,5,6.0,6.0,6.0,4,5,5,5,6.0,4,,6,5,5,5,5,5,6.0,5,5,4,5,5,5,6.0,6.0,,5,5,0,,5,5,5,5,5,5,5,4,5,5,5,6,5,,6.0,4,5,5,5,,6,5,6.0,5,5,6.0,5,6.0,6.0,5,,5,5,5.0,6,6,3,6.0,1,5,5,3.0,5,6.0,5,,5,5,6,5,5,,6.0,6,6.0,6.0,5,5,6,4,5,5,6.0,5,6,5,5,5,5,5,6,4,5,0,,5,5,,5,5,5,5,5,6,6.0,4,5,5,5,5,5,5,5,6.0,,5,3,6.0,6.0,6.0,,6.0,6,4,5,6.0,,6.0,,5,,6,,,5,5,6,6.0,6.0,93,10,1.8040393924219666,-0.694920771927776
5,4,1,4,5,5,5,5,5,5,5,5,5,5,6,6,2,6.0,6.0,4,2,6,4,6,5,5,5,5,5,5,5,5,5,6,5,5,6,6,5,6,5,5,6,6,,6,5,5,5,5,6.0,5,4,,5,5,5,5,6,4,4,5,6.0,6,,5,,6,5,,5,4,6,6,3,5,5,6,6,5,4,4,5,5,5,5,5,4,3,5,6,4,6.0,4,,2,5,6,5,5,5,5,3,1,0,5,6.0,6.0,5,3,5,5,5,5,6.0,5,5,6,5,6,6.0,6,6,5,5,5,5,5,0,6,6,4,6.0,6.0,6,5,6,6.0,5,6,5,5,6,5,6,5,5,6.0,6,6.0,6.0,6.0,5,,1,2,6.0,4,6,5,6,5,6,1,6,5,0.0,,5,5,6,6.0,4,6,5,6.0,6,5,6.0,6,5,5,6.0,5,5,5,4,5,6,6,4,5,5,5,5,5,5,3,6,4,6.0,5,4,5,5.0,5,5,3,4,5,6,5,6.0,,5,5,6,6,4,5,5,0,5,4,6,,6.0,5,0.0,,,3,5,6,3,5,6.0,,6.0,5,6,5,5,5,5,4,6,4,5,6.0,6.0,5,5,5,6.0,6.0,6.0,5,3,5,5,6.0,1,,6,5,5,6,5,5,6.0,5,6,6,5,5,5,6.0,6.0,,6,6,5,,5,6,5,5,6,5,5,2,5,6,6,6,6,5.0,6.0,4,6,5,5,,6,5,6.0,5,5,6.0,6,6.0,6.0,5,,5,5,6.0,6,6,5,5.0,6,5,5,6.0,6,6.0,5,,3,4,5,5,5,,6.0,6,6.0,6.0,0,4,6,5,5,5,0.0,6,5,5,5,5,6,6,3,5,5,4,,5,5,,5,4,5,5,5,6,6.0,5,6,5,5,0,5,5,0,4.0,,5,5,6.0,6.0,6.0,,4.0,5,6,1,6.0,,,,5,0.0,6,,,5,5,6,6.0,,94,10,1.7185728576192063,-0.5884370347588451
5,2,5,4,4,5,5,5,4,5,2,5,5,4,5,5,5,5.0,5.0,5,4,5,5,5,5,4,4,5,3,5,5,4,4,4,2,4,5,5,3,5,5,5,5,5,6.0,5,4,5,3,5,6.0,5,4,0.0,4,4,5,4,5,4,1,2,5.0,5,5.0,5,,5,4,,4,2,5,5,5,4,5,5,5,5,3,4,4,4,5,0,4,3,5,5,5,4,6.0,5,,3,4,5,4,5,0,5,4,5,4,4,6.0,5.0,5,5,4,5,5,4,6.0,3,4,5,5,5,6.0,5,5,5,4,5,5,5,5,5,5,4,5.0,6.0,6,4,5,6.0,4,5,4,3,5,4,4,5,4,6.0,5,3.0,6.0,6.0,5,,5,5,5.0,5,5,3,5,5,5,5,5,5,6.0,6.0,5,5,5,6.0,4,5,5,5.0,5,5,6.0,5,4,5,6.0,5,4,5,5,4,5,5,4,4,5,5,5,5,5,3,5,4,0.0,5,5,5,6.0,5,4,4,5,5,5,5,6.0,,4,5,5,5,4,4,5,5,1,4,4,,6.0,5,5.0,,,5,5,5,5,5,5.0,,6.0,4,5,0,5,4,5,5,5,4,5,5.0,6.0,5,5,2,6.0,5.0,6.0,5,5,4,5,6.0,3,,5,5,5,5,5,5,6.0,5,5,5,5,5,5,5.0,4.0,6.0,0,5,5,,4,5,5,4,5,4,4,3,4,5,5,5,5,,6.0,4,0,5,4,,0,1,6.0,5,5,6.0,5,6.0,4.0,5,,5,5,6.0,5,4,5,6.0,5,5,4,5.0,5,6.0,4,,5,5,4,5,5,,6.0,5,5.0,6.0,5,5,5,5,5,5,6.0,5,5,2,5,5,5,3,5,0,5,4,,4,0,,4,4,5,5,4,5,6.0,5,5,5,4,5,5,4,5,6.0,,5,5,6.0,6.0,6.0,,6.0,5,5,5,6.0,,6.0,6.0,5,,5,,,3,5,5,3.0,6.0,95,10,1.6483922829581998,-0.6664450592904665
5,5,5,5,3,5,5,0,4,0,1,4,5,4,5,5,0,5.0,6.0,2,4,6,5,4,5,5,5,5,5,5,5,4,5,6,4,4,6,6,5,6,5,6,5,5,5.0,5,2,3,5,5,6.0,5,3,,5,5,4,5,5,4,4,5,6.0,5,6.0,0,,5,4,,4,1,5,5,5,5,5,5,4,5,2,5,4,4,5,5,5,5,5,5,6,3,6.0,5,,4,4,6,5,3,5,5,5,6,4,5,6.0,3.0,5,6,5,5,5,5,6.0,4,5,6,5,6,6.0,6,6,5,5,5,4,5,6,5,5,5,6.0,5.0,6,2,6,6.0,5,6,6,4,5,5,5,5,5,,5,6.0,6.0,6.0,1,,6,6,6.0,5,6,5,6,5,0,5,0,6,,,5,6,6,6.0,5,6,6,6.0,6,6,6.0,5,2,4,6.0,6,4,5,5,5,6,5,4,4,5,5,5,5,5,4,5,5,6.0,5,5,5,6.0,5,5,5,3,5,6,3,6.0,,4,5,5,6,5,5,4,6,5,3,5,,6.0,5,6.0,,,5,5,5,5,5,6.0,,6.0,5,5,5,5,5,5,6,5,5,6,6.0,6.0,5,5,5,6.0,6.0,6.0,2,5,5,5,6.0,5,,6,5,6,6,6,5,6.0,6,5,5,4,5,4,6.0,6.0,4.0,5,5,5,6.0,5,5,5,5,5,4,5,5,4,6,5,5,6,,,4,6,5,5,,6,5,6.0,5,5,6.0,5,6.0,4.0,5,,5,5,6.0,6,6,6,6.0,6,5,5,6.0,5,6.0,5,,5,4,6,5,0,,6.0,6,5.0,6.0,5,6,6,5,5,6,6.0,5,6,6,5,5,6,6,6,4,6,3,,5,5,,5,4,5,5,5,6,6.0,5,6,5,5,5,6,5,6,6.0,,5,5,6.0,,6.0,,6.0,6,6,0,6.0,,2.0,0.0,5,,6,,,5,5,5,0.0,6.0,96,10,1.74380704041721,-0.6109648621916526
4,4,5,3,4,4,0,5,4,4,4,4,4,4,5,5,4,5.0,5.0,5,2,5,5,4,4,4,4,3,4,5,4,3,3,5,0,3,4,5,4,5,5,3,5,5,,5,4,5,5,4,5.0,5,4,,4,0,5,5,5,4,4,4,5.0,5,,5,,5,4,,4,3,3,5,4,4,4,5,5,5,1,4,4,4,5,4,4,4,5,5,5,3,4.0,5,,3,3,5,4,4,5,5,4,5,2,4,,5.0,5,2,3,4,5,4,,4,4,5,5,5,5.0,5,5,4,4,5,4,4,5,5,5,4,5.0,5.0,5,5,5,,4,5,5,3,1,5,4,5,5,,5,5.0,5.0,,4,,5,5,,5,5,4,4,5,5,3,5,5,,,4,5,5,5.0,4,5,3,5.0,5,5,,5,4,4,,5,4,3,4,4,5,5,1,4,4,4,5,4,5,3,5,4,5.0,4,4,5,,4,4,4,5,5,5,5,5.0,5.0,4,5,5,5,4,4,5,5,0,4,5,,5.0,5,5.0,,,0,5,5,4,4,5.0,,5.0,4,5,5,4,4,4,2,5,3,5,5.0,,0,4,2,5.0,5.0,5.0,5,5,5,5,5.0,4,,5,2,5,5,5,4,5.0,5,5,5,5,5,4,5.0,5.0,,5,5,5,,4,5,5,3,5,4,4,4,4,5,5,5,5,4.0,5.0,0,5,5,4,,5,5,5.0,5,5,5.0,5,4.0,5.0,4,,5,5,5.0,5,5,5,,5,5,4,5.0,5,5.0,4,0.0,5,4,4,4,0,,5.0,5,5.0,5.0,5,2,5,4,4,4,5.0,5,3,5,3,4,5,5,5,4,5,4,,4,4,,5,4,4,3,4,5,,5,5,5,4,1,0,4,5,,,4,2,5.0,,3.0,,5.0,5,5,5,5.0,,,,4,,5,,,4,4,2,5.0,,97,10,1.6500158579130986,-0.5620648312195959
5,5,1,4,4,5,2,5,4,4,4,4,4,4,5,5,4,5.0,6.0,5,3,5,4,5,5,5,4,4,5,5,4,4,5,5,3,4,5,5,4,5,5,5,5,5,6.0,5,4,5,5,5,6.0,5,3,,5,5,5,4,5,4,5,4,6.0,5,6.0,5,,5,4,,4,3,5,5,5,4,5,3,5,5,0,4,2,5,5,4,5,4,5,5,5,2,6.0,4,,5,4,0,5,4,5,5,4,5,4,4,6.0,5.0,5,5,4,5,5,3,6.0,4,5,5,5,5,6.0,5,5,4,3,5,5,5,5,5,5,4,0.0,6.0,5,5,6,6.0,4,5,5,4,5,5,5,5,5,4.0,5,5.0,6.0,6.0,4,,5,5,6.0,5,5,5,5,4,5,5,4,5,6.0,,4,2,5,6.0,4,5,5,6.0,5,5,6.0,5,5,5,6.0,5,1,5,0,5,6,5,3,5,5,5,5,5,5,4,5,5,6.0,5,5,5,6.0,5,5,5,5,4,5,5,6.0,,4,5,5,5,4,5,5,5,5,4,5,,6.0,5,6.0,4.0,,5,2,5,5,5,5.0,6.0,6.0,4,5,4,5,4,5,6,5,4,5,5.0,6.0,5,5,5,6.0,5.0,6.0,5,5,4,5,6.0,4,,5,5,5,5,5,5,0.0,5,5,5,0,5,4,5.0,6.0,,5,5,5,,5,5,5,5,4,4,4,0,4,5,5,2,2,,6.0,4,5,5,4,,5,5,6.0,5,5,6.0,5,6.0,6.0,5,,5,5,6.0,6,5,5,6.0,5,5,4,5.0,5,5.0,3,6.0,5,4,5,2,5,6.0,6.0,5,6.0,6.0,4,5,1,5,3,5,5.0,5,5,5,5,5,0,5,0,4,5,5,,0,4,5.0,5,4,2,5,3,6,6.0,4,5,5,5,5,5,5,5,6.0,,5,5,6.0,6.0,6.0,,5.0,5,5,5,5.0,,6.0,,5,,5,,,4,5,5,6.0,6.0,98,10,1.7340216322517212,-0.6643594323117056
5,4,5,0,4,5,3,0,3,4,2,4,4,4,5,5,4,5.0,5.0,5,3,5,5,5,5,4,4,4,4,5,4,4,5,5,3,4,5,5,4,5,5,5,4,5,6.0,5,4,5,4,5,5.0,5,4,,4,5,5,5,4,3,4,0,6.0,5,6.0,5,,5,4,,4,3,5,5,5,4,5,5,5,5,4,1,3,3,5,2,2,4,5,5,5,2,6.0,5,6.0,4,4,5,5,5,5,3,5,5,3,5,6.0,5.0,5,5,4,5,5,4,4.0,4,4,5,5,6,6.0,5,5,4,4,4,0,5,5,5,6,4,6.0,6.0,5,5,5,6.0,4,5,5,1,5,4,5,3,5,0.0,5,3.0,5.0,6.0,4,5.0,5,5,6.0,5,5,4,5,5,5,5,5,5,6.0,,4,5,5,6.0,4,5,5,6.0,5,5,6.0,5,5,5,6.0,5,4,5,4,5,3,5,4,3,5,5,4,4,0,4,5,4,5.0,5,5,5,0.0,5,5,4,5,5,5,0,6.0,,2,4,5,3,4,5,5,5,4,4,5,,6.0,5,6.0,,,3,5,5,5,5,5.0,,6.0,4,5,5,4,4,4,5,3,1,5,5.0,6.0,5,5,4,6.0,5.0,6.0,5,4,5,5,6.0,4,,5,5,5,5,5,5,5.0,5,5,5,4,5,4,5.0,5.0,6.0,5,5,5,,4,5,5,4,5,5,5,4,4,5,3,5,5,,6.0,0,5,5,5,,5,5,5.0,5,4,6.0,5,5.0,6.0,4,5.0,5,5,5.0,5,5,5,6.0,5,5,5,5.0,5,5.0,4,,5,4,5,5,4,6.0,6.0,5,5.0,6.0,5,5,5,5,5,5,6.0,5,5,5,5,5,5,5,5,5,5,4,,5,5,,3,4,0,5,4,5,6.0,4,5,5,5,5,5,4,5,6.0,,5,5,5.0,6.0,6.0,,6.0,5,5,5,6.0,,5.0,,5,,5,,,5,5,5,5.0,6.0,99,10,1.6623459753560577,-0.6859799965786366
7,6,7,6,5,7,7,7,5,7,7,7,7,7,7,7,6,8.0,8.0,7,4,7,7,7,6,7,7,6,6,7,7,6,4,7,5,6,8,7,6,7,7,7,7,7,8.0,7,7,7,6,7,8.0,7,6,,7,6,0,7,7,6,7,6,5.0,7,8.0,7,,7,6,,6,6,7,7,7,6,7,7,7,7,5,7,6,7,7,6,7,5,7,7,8,6,8.0,7,,4,6,7,7,6,7,5,6,7,6,7,8.0,8.0,7,7,0,7,7,7,8.0,6,7,7,7,7,7.0,0,7,7,6,7,7,7,5,0,7,6,8.0,8.0,8,7,8,8.0,6,7,7,6,7,7,7,7,7,,7,8.0,8.0,8.0,7,0.0,6,7,8.0,7,8,6,7,7,7,7,7,7,8.0,,7,7,8,8.0,6,7,7,8.0,8,7,8.0,7,4,7,8.0,7,6,7,7,7,7,7,6,0,7,7,7,6,7,5,7,7,7.0,7,6,7,8.0,7,7,7,7,7,7,7,8.0,,6,7,7,7,5,7,6,7,6,6,1,0.0,8.0,3,6.0,,,7,7,7,6,7,8.0,,8.0,6,7,5,7,6,7,7,7,2,7,7.0,7.0,7,6,6,5.0,7.0,8.0,7,0,7,7,8.0,6,,7,6,7,7,7,7,8.0,7,7,7,7,7,6,7.0,8.0,,7,7,7,,6,7,7,6,4,7,6,1,6,7,7,8,7,,8.0,6,7,7,7,,7,7,8.0,7,6,8.0,7,8.0,8.0,7,,7,7,8.0,7,7,7,8.0,7,7,6,7.0,7,8.0,6,8.0,7,7,7,7,7,,8.0,7,7.0,8.0,7,7,7,6,6,6,7.0,7,7,7,4,7,7,8,7,6,7,7,,7,5,8.0,7,6,7,7,6,8,8.0,7,7,7,3,4,7,6,7,8.0,,7,7,7.0,8.0,8.0,,6.0,8,7,7,7.0,,,,7,,7,0.0,0.0,7,2,7,7.0,8.0,100,10,1.8331671651711525,-0.5865647143719431
3,5,5,4,4,5,5,5,4,5,5,5,3,4,5,5,5,6.0,6.0,5,2,5,5,5,3,5,5,5,5,5,5,5,5,6,4,5,5,6,5,5,6,5,5,0,6.0,5,4,5,5,5,6.0,5,2,,5,4,5,5,5,4,3,5,6.0,5,,5,,6,5,,3,4,5,5,5,4,5,5,5,5,3,5,3,5,5,5,4,4,5,5,6,4,6.0,5,,5,4,6,5,4,5,4,1,5,4,5,6.0,6.0,5,5,4,5,5,3,0.0,4,5,5,5,6,6.0,5,6,5,5,5,5,5,5,5,0,4,6.0,3.0,6,5,6,6.0,5,0,5,0,6,4,4,5,5,6.0,5,6.0,4.0,6.0,5,,5,6,6.0,5,6,4,6,6,5,5,2,5,6.0,,5,4,5,6.0,4,2,6,6.0,5,5,6.0,5,5,3,6.0,5,4,5,5,4,6,6,4,4,4,5,5,5,5,4,5,4,6.0,5,0,5,6.0,5,5,5,5,5,5,5,6.0,,5,5,5,6,4,5,5,6,5,4,5,,6.0,5,6.0,,,5,5,5,5,5,6.0,5.0,6.0,5,5,5,5,4,5,6,5,4,5,6.0,6.0,3,5,4,6.0,6.0,6.0,5,5,3,5,6.0,5,,5,5,5,6,5,5,6.0,5,5,5,5,1,4,6.0,6.0,,5,5,5,,5,5,5,5,5,4,5,4,5,5,5,6,6,,6.0,2,5,5,5,,0,5,6.0,5,3,6.0,5,6.0,6.0,4,,5,5,6.0,6,5,5,4.0,5,5,4,6.0,2,6.0,5,,5,5,5,5,5,,6.0,6,6.0,6.0,5,6,0,5,5,5,5.0,5,5,5,5,6,0,6,5,4,5,5,,4,5,,5,4,5,5,5,6,0.0,5,5,3,5,5,6,5,5,6.0,,5,5,6.0,,6.0,,6.0,6,6,5,6.0,,,,5,,6,,,5,5,5,6.0,,101,10,1.6596849865951746,-0.6418395052896481
4,4,4,3,4,4,4,5,4,4,4,4,4,4,5,4,4,0.0,4.0,4,2,4,4,4,3,4,3,3,3,4,4,2,0,5,4,4,5,2,4,5,4,5,4,4,5.0,4,4,4,4,5,5.0,4,4,,4,3,4,4,4,1,3,4,5.0,5,,4,,4,4,,3,1,5,5,4,4,3,5,4,5,3,3,4,4,4,4,0,3,4,4,5,3,5.0,4,,4,3,5,0,4,4,4,4,4,2,3,5.0,5.0,4,4,2,4,4,4,5.0,3,3,4,4,5,5.0,5,5,3,4,4,4,4,5,5,5,4,5.0,0.0,5,0,4,5.0,4,5,4,3,5,4,3,5,3,,4,5.0,5.0,5.0,2,,4,5,5.0,4,5,3,5,5,3,4,5,4,,,3,4,5,5.0,1,3,5,3.0,4,4,5.0,4,4,4,5.0,5,4,4,4,4,4,5,3,4,4,4,4,4,4,2,5,1,5.0,4,0,4,5.0,4,5,4,4,4,5,4,5.0,,3,2,4,5,4,4,5,5,4,4,5,,5.0,5,5.0,,,4,4,5,4,0,5.0,,5.0,4,4,4,4,3,4,5,5,4,5,5.0,5.0,4,4,4,5.0,5.0,5.0,4,4,4,4,5.0,4,,5,4,5,5,4,4,5.0,4,5,5,3,4,4,5.0,5.0,,5,3,4,,4,5,5,4,4,4,4,4,4,1,5,5,4,,5.0,4,5,5,4,,5,4,5.0,4,4,5.0,5,5.0,5.0,4,,4,4,5.0,5,5,5,5.0,3,4,4,5.0,4,5.0,4,,5,4,4,4,0,,4.0,5,5.0,5.0,4,5,3,4,4,4,4.0,2,5,4,4,5,5,5,5,3,4,3,,4,4,,4,4,4,4,4,5,5.0,4,4,4,4,5,4,1,5,5.0,,4,4,5.0,,5.0,,5.0,5,5,5,5.0,,4.0,,4,,0,,,4,4,5,5.0,5.0,102,10,1.6526679841897234,-0.7030145197221986
3,4,4,3,0,4,4,4,4,4,3,1,4,4,4,4,4,5.0,5.0,4,2,5,4,4,4,4,3,4,4,1,4,3,4,5,4,3,4,5,4,4,3,4,4,4,5.0,4,4,4,4,4,5.0,4,0,,4,4,4,4,4,0,3,4,5.0,4,5.0,4,,4,3,,4,3,5,4,4,3,4,4,4,4,2,4,1,3,4,3,3,2,4,4,5,2,5.0,4,,3,3,4,4,4,2,1,3,1,3,4,5.0,5.0,4,4,3,4,4,3,5.0,3,4,4,4,5,5.0,4,4,3,4,4,4,4,5,4,5,3,5.0,5.0,5,4,5,5.0,4,4,4,3,4,4,4,4,4,5.0,4,5.0,5.0,5.0,4,,4,4,5.0,5,5,0,4,4,4,1,4,4,5.0,,4,3,4,5.0,2,4,4,5.0,0,4,5.0,4,4,4,5.0,4,3,4,4,3,5,5,3,4,3,1,4,4,4,3,4,3,5.0,4,4,4,5.0,4,4,4,4,4,4,4,5.0,,3,4,4,4,3,4,4,4,4,3,4,,5.0,4,5.0,,,4,4,3,4,4,5.0,,5.0,4,4,3,4,4,4,2,4,3,4,5.0,5.0,4,4,4,5.0,1.0,5.0,4,4,4,4,5.0,3,4.0,5,4,4,4,4,4,5.0,4,4,5,4,4,4,5.0,5.0,,4,0,5,,4,4,4,4,4,4,0,3,4,4,4,5,4,,5.0,3,5,3,4,,5,4,4.0,4,4,5.0,4,5.0,5.0,4,,4,4,4.0,5,5,4,5.0,4,4,4,5.0,2,5.0,3,,4,4,4,4,3,,5.0,3,5.0,5.0,4,4,4,4,4,4,5.0,4,4,4,4,4,2,5,4,3,0,4,,3,1,,4,3,4,4,3,4,5.0,4,4,4,4,4,5,4,4,0.0,,3,0,5.0,5.0,5.0,,5.0,4,4,5,5.0,,,,4,,4,,,4,4,4,5.0,5.0,103,10,1.635814889336016,-0.6877572831460187
2,4,5,4,4,5,5,5,5,4,4,5,5,5,5,5,5,0.0,5.0,5,4,5,4,5,5,5,3,4,4,4,5,4,5,5,5,5,5,5,5,5,5,5,5,5,0.0,1,4,5,4,5,6.0,0,4,,4,3,5,2,4,4,4,5,0.0,5,6.0,5,,5,5,,3,4,5,5,5,4,5,5,5,5,1,4,3,5,5,5,5,4,5,5,4,4,6.0,5,,5,4,5,5,5,5,5,5,5,4,5,6.0,6.0,4,5,5,5,5,4,6.0,2,5,0,4,5,6.0,6,5,4,4,5,3,5,5,4,5,4,6.0,6.0,5,4,5,6.0,4,5,5,4,5,5,4,5,5,6.0,5,6.0,6.0,6.0,4,,5,4,6.0,5,5,4,5,5,5,5,6,5,6.0,,5,4,5,6.0,4,5,5,6.0,5,5,6.0,5,5,5,6.0,5,4,5,3,4,5,5,4,4,4,2,5,1,5,3,5,4,6.0,5,3,5,6.0,4,5,5,5,5,5,5,6.0,,4,2,5,5,3,5,5,5,4,4,6,,6.0,5,6.0,,,5,5,5,5,5,6.0,,6.0,5,5,5,5,4,5,5,5,4,5,6.0,6.0,5,0,5,6.0,5.0,5.0,3,5,5,5,6.0,5,,3,4,5,5,5,5,0.0,4,3,5,4,5,5,6.0,6.0,,5,4,5,,0,5,5,5,5,4,5,4,1,5,5,5,5,,4.0,4,3,5,4,,5,4,5.0,5,4,6.0,5,4.0,6.0,0,,5,5,5.0,5,1,5,5.0,5,2,5,6.0,5,5.0,5,,5,4,4,4,5,,6.0,5,5.0,6.0,5,5,5,4,3,5,6.0,5,5,2,5,5,5,5,5,4,5,5,6.0,0,4,,4,4,4,5,5,5,6.0,3,5,4,4,2,5,4,5,6.0,,5,5,5.0,6.0,5.0,,6.0,5,5,5,5.0,,6.0,,5,,5,,,5,5,5,6.0,6.0,104,10,1.6518056887184407,-0.6517051444708021
5,5,5,5,5,6,6,6,6,6,6,6,6,5,5,6,6,6.0,6.0,5,3,6,2,6,6,5,5,5,4,3,5,5,6,6,5,4,6,5,5,6,6,6,6,6,,6,5,6,5,6,,6,1,,4,5,5,5,5,5,4,0,6.0,6,,1,,6,5,,5,4,6,6,6,5,6,6,6,6,4,5,5,6,6,5,5,3,6,6,0,5,,5,,4,5,6,5,5,6,5,2,5,5,5,6.0,6.0,5,6,5,6,6,4,5.0,3,5,6,5,6,5.0,4,6,6,4,6,5,6,6,6,6,4,6.0,6.0,6,5,6,,3,6,6,5,6,5,6,6,6,,6,,,6.0,5,,4,6,6.0,6,6,5,6,6,6,5,6,6,,,5,6,6,6.0,5,6,5,0.0,6,6,6.0,6,5,5,,6,5,6,5,5,6,6,5,5,5,0,6,5,6,4,6,5,6.0,5,5,5,6.0,6,6,5,0,6,6,6,,,4,6,5,6,1,5,6,6,5,5,6,,,5,6.0,,,6,5,6,0,6,6.0,,6.0,5,6,5,5,5,6,6,5,5,6,6.0,,6,6,5,6.0,6.0,6.0,5,4,5,6,1.0,5,,6,6,6,6,6,5,6.0,6,6,5,4,4,5,5.0,,6.0,6,6,6,,5,6,6,5,6,5,5,4,5,6,6,6,6,,6.0,5,6,6,5,,6,5,6.0,5,6,6.0,6,6.0,6.0,6,,5,5,6.0,6,6,0,6.0,6,6,5,6.0,6,6.0,5,,5,5,6,5,5,5.0,6.0,4,6.0,,0,6,6,3,6,5,6.0,6,6,6,6,5,6,6,6,4,6,5,6.0,4,5,,6,5,5,6,5,6,,5,6,6,5,6,6,5,6,6.0,,5,5,6.0,,6.0,,6.0,1,6,0,6.0,,,,6,,2,0.0,,5,5,6,6.0,6.0,105,10,1.7056698602167424,-0.5681450712562444
4,4,4,4,4,5,5,5,3,4,4,4,5,2,5,5,5,5.0,5.0,4,3,5,4,5,4,4,4,4,4,5,5,4,5,5,4,4,5,5,4,5,5,5,0,5,,5,4,5,4,5,,5,3,,4,4,0,5,4,4,4,4,5.0,5,,5,,0,5,,4,3,5,5,5,5,4,5,5,5,4,4,3,4,5,4,4,0,5,5,5,4,,5,,4,4,5,5,5,5,3,4,5,3,4,,,4,5,5,5,5,4,5.0,4,4,5,5,5,5.0,5,5,3,4,4,5,5,5,5,1,4,,5.0,5,4,5,,5,5,5,3,5,5,5,2,5,,4,,,5.0,4,,4,5,,5,5,4,5,5,5,5,5,5,,,4,4,5,5.0,2,5,4,5.0,5,5,,5,4,5,,5,4,5,4,5,5,5,4,3,5,4,5,4,5,0,4,4,5.0,4,4,4,,4,5,5,5,2,5,5,,5.0,4,5,5,5,4,4,0,3,4,4,5,,,5,5.0,,,5,5,5,5,5,5.0,,,4,5,5,4,4,5,5,5,3,5,5.0,,5,2,4,,5.0,5.0,0,4,3,5,,3,,3,4,5,5,5,5,,5,5,5,4,0,4,5.0,,,5,3,5,,5,5,5,4,5,1,4,4,4,5,5,5,4,,,4,5,5,4,,5,4,5.0,3,4,,5,5.0,4.0,1,0.0,4,4,5.0,5,5,5,5.0,4,5,4,5.0,3,4.0,4,,5,5,0,4,5,,5.0,5,5.0,,5,5,5,5,5,5,,4,5,5,4,5,5,5,5,2,5,5,,4,4,,5,1,1,5,4,5,,4,3,4,4,5,5,4,5,,,4,5,5.0,,5.0,,5.0,5,5,5,5.0,,,,5,,5,,,4,1,5,5.0,,106,10,1.6755555555555555,-0.5765573493977336
2,4,1,4,3,4,4,4,4,4,4,4,4,3,5,4,4,5.0,5.0,4,3,0,3,2,4,1,4,0,4,4,4,4,4,5,4,4,3,5,4,5,3,5,5,5,,4,3,4,4,4,5.0,4,4,,4,4,3,4,4,4,0,4,5.0,4,5.0,4,,5,4,,4,3,4,5,3,4,4,5,5,4,3,0,0,4,5,4,4,1,4,4,5,3,5.0,4,,3,3,4,4,4,4,4,4,4,3,2,5.0,5.0,4,4,4,5,2,3,5.0,3,4,4,4,5,4.0,5,5,4,4,4,4,4,5,4,5,4,5.0,5.0,5,4,5,,4,5,5,3,5,4,4,4,4,5.0,4,5.0,5.0,3.0,4,5.0,5,5,5.0,5,5,4,5,5,1,4,5,5,,,4,4,3,5.0,3,5,5,5.0,5,5,5.0,5,4,4,1.0,5,3,4,4,4,5,0,3,4,4,4,4,2,4,2,5,3,5.0,4,4,4,5.0,0,4,4,4,5,5,4,5.0,,4,3,4,5,3,4,5,5,4,4,5,,5.0,4,5.0,,0.0,0,4,5,4,5,5.0,,5.0,2,5,4,4,4,5,5,5,3,4,5.0,5.0,4,4,4,5.0,5.0,5.0,4,2,4,4,5.0,4,,5,4,5,5,5,5,5.0,4,4,5,4,4,4,5.0,5.0,,5,4,4,,4,4,4,4,5,4,4,1,4,5,5,5,5,0.0,5.0,4,5,4,4,,5,4,4.0,4,4,5.0,4,5.0,5.0,4,,4,4,5.0,5,5,4,5.0,4,4,4,5.0,5,5.0,3,,1,4,5,4,4,,5.0,5,5.0,,4,5,5,4,4,4,5.0,5,5,5,4,5,5,5,5,4,5,4,,4,2,,4,3,4,4,3,5,5.0,4,5,5,4,5,5,4,4,5.0,,4,4,5.0,,5.0,,5.0,5,5,5,5.0,,,,4,,5,4.0,,4,4,4,5.0,3.0,107,10,1.6132489040428641,-0.6532632555329129
5,4,5,5,4,5,5,6,5,5,5,5,5,5,6,5,5,6.0,6.0,5,4,5,5,5,6,5,0,5,5,5,5,5,5,6,5,4,5,6,5,6,6,6,5,5,6.0,5,5,5,5,6,6.0,5,4,,4,5,6,4,5,4,5,1,6.0,4,,5,,5,0,,5,4,6,6,5,4,5,6,6,5,4,5,5,5,0,1,5,4,5,5,6,4,6.0,5,,3,4,5,5,6,5,5,5,5,5,2,6.0,0.0,5,6,0,5,6,4,6.0,5,5,6,4,6,6.0,5,5,5,4,5,5,5,5,5,6,5,6.0,6.0,6,4,6,6.0,4,6,5,4,5,5,5,5,5,6.0,5,6.0,6.0,5.0,5,,6,6,6.0,6,0,5,6,6,5,5,5,6,6.0,,5,5,3,3.0,0,6,6,6.0,6,4,6.0,6,5,5,6.0,2,3,5,5,5,5,6,4,3,4,5,3,5,6,0,6,4,6.0,5,5,5,6.0,5,5,5,5,6,5,5,6.0,,5,6,5,6,5,5,3,6,5,4,6,,6.0,5,6.0,,,6,5,6,5,5,6.0,,6.0,5,6,5,5,5,5,6,5,3,3,5.0,6.0,3,5,5,6.0,6.0,6.0,5,5,5,5,6.0,5,5.0,6,5,5,6,3,5,6.0,5,6,5,5,6,5,6.0,6.0,,6,5,6,,5,5,5,5,6,5,5,4,5,5,0,6,5,,6.0,5,6,5,5,,5,5,6.0,5,5,6.0,6,6.0,6.0,5,,5,5,6.0,6,6,5,6.0,6,5,3,6.0,5,6.0,5,,6,5,6,5,5,,6.0,6,6.0,6.0,5,5,5,5,5,5,6.0,5,6,6,5,6,5,6,5,4,6,5,,5,5,,5,3,5,5,2,0,6.0,5,6,5,5,4,6,5,5,5.0,,5,5,5.0,6.0,6.0,,5.0,6,6,6,6.0,,,,5,,3,,,4,5,5,6.0,,108,10,1.7794770596941292,-0.6279829341335276
4,0,5,4,4,4,5,5,5,3,4,5,5,4,5,4,5,5.0,5.0,5,4,5,4,5,5,0,4,4,5,5,4,1,4,5,4,4,5,5,4,5,5,5,5,5,6.0,5,5,5,4,2,6.0,5,4,,4,4,5,4,5,4,4,1,5.0,5,6.0,5,,5,4,,0,4,5,5,5,5,5,5,4,0,3,4,4,4,2,5,4,3,5,5,5,3,6.0,5,,3,3,5,5,5,4,5,4,5,2,5,6.0,5.0,5,5,5,5,5,4,6.0,4,4,5,5,5,6.0,5,5,2,5,5,5,5,5,5,0,4,5.0,5.0,5,5,6,6.0,4,2,5,4,0,4,5,3,5,6.0,5,6.0,6.0,6.0,4,,5,5,6.0,5,4,3,5,4,5,5,5,5,6.0,6.0,4,3,5,5.0,3,5,5,5.0,5,3,6.0,5,5,5,6.0,5,4,5,5,4,5,5,4,4,4,4,5,4,3,3,5,4,6.0,4,3,4,6.0,1,5,4,5,5,5,5,6.0,,4,4,5,5,4,5,5,5,4,4,5,,6.0,5,6.0,,,5,5,5,5,5,5.0,,6.0,4,5,5,2,4,2,5,5,4,5,5.0,2.0,4,5,0,6.0,5.0,6.0,5,4,4,4,5.0,4,,5,5,5,5,5,5,5.0,5,5,5,5,4,4,5.0,5.0,6.0,5,4,3,,5,5,5,4,5,5,3,4,4,5,5,5,5,,6.0,4,5,5,5,,5,5,5.0,5,4,6.0,5,6.0,4.0,4,,0,5,5.0,5,5,5,6.0,5,5,2,5.0,5,6.0,5,,5,4,5,5,4,,5.0,5,5.0,6.0,5,5,5,4,5,4,5.0,5,0,5,5,5,5,5,5,0,5,4,,4,4,5.0,4,4,5,5,4,5,5.0,4,5,5,4,5,4,4,5,6.0,,4,5,5.0,6.0,5.0,,5.0,5,5,5,5.0,,6.0,,4,,5,,,4,5,5,5.0,6.0,109,10,1.6558051249604562,-0.6871272981964027
6,6,6,6,5,6,6,6,4,5,5,5,5,5,4,5,5,0.0,6.0,6,3,6,5,6,6,6,5,3,4,6,6,4,6,7,5,5,7,7,6,6,6,6,3,6,7.0,6,6,5,6,7,7.0,6,5,,5,2,6,6,5,5,6,6,7.0,2,7.0,6,,6,6,,6,4,6,6,6,5,6,6,6,6,5,6,5,5,6,6,6,5,6,6,6,4,7.0,6,,5,4,6,6,6,6,6,6,6,5,0,6.0,4.0,6,6,5,6,4,5,7.0,5,6,6,6,6,7.0,0,6,6,6,6,4,6,6,3,7,5,6.0,6.0,0,5,7,7.0,5,6,6,1,6,5,6,6,6,7.0,5,7.0,7.0,7.0,5,,6,7,7.0,6,0,5,6,6,6,6,6,6,7.0,7.0,5,3,6,7.0,5,6,7,7.0,6,6,7.0,6,5,6,7.0,6,6,6,6,6,6,6,5,6,2,6,6,5,6,4,6,5,7.0,6,6,6,7.0,5,6,5,6,6,6,6,7.0,,6,6,6,7,6,6,6,7,6,5,6,,7.0,6,7.0,,,6,5,6,6,6,7.0,,7.0,6,6,6,5,6,6,6,6,5,6,7.0,7.0,6,4,6,6.0,7.0,7.0,6,6,6,6,7.0,5,,6,6,6,6,6,6,6.0,6,6,6,3,6,4,7.0,7.0,,6,6,6,,6,6,6,5,6,6,6,6,6,5,6,6,6,,7.0,5,7,6,6,,7,5,7.0,6,6,0.0,5,6.0,7.0,6,0.0,6,6,7.0,6,6,6,7.0,6,5,5,6.0,3,0.0,6,,6,5,6,6,5,0.0,6.0,6,7.0,7.0,6,6,6,3,6,6,7.0,6,5,6,6,6,6,7,6,6,6,0,,6,6,,6,5,6,6,6,7,7.0,5,6,6,6,6,6,6,1,7.0,,6,6,7.0,7.0,7.0,,7.0,6,6,6,7.0,,7.0,,4,,7,,,6,6,6,7.0,7.0,110,10,1.7174970642509646,-0.5985104394175731
5,5,5,4,5,5,6,6,5,5,5,6,3,5,5,4,5,6.0,6.0,5,4,6,5,6,6,5,4,5,5,5,2,5,6,6,5,5,6,6,5,6,6,6,5,6,,6,5,6,5,6,6.0,5,5,,5,5,5,5,5,5,5,5,6.0,5,6.0,6,,6,5,,4,4,6,6,5,5,5,6,6,6,5,5,4,5,6,4,5,5,6,6,6,1,6.0,5,,5,5,6,1,5,6,6,5,6,5,5,6.0,6.0,5,6,6,6,6,5,,3,6,6,5,6,6.0,6,6,5,5,5,5,6,6,6,6,5,6.0,6.0,6,5,6,,6,6,5,5,6,5,6,2,0,,6,6.0,,6.0,5,,0,6,6.0,6,6,3,6,6,6,6,0,6,6.0,6.0,5,5,6,6.0,3,6,5,6.0,0,5,6.0,6,6,5,,6,5,5,6,5,6,3,5,5,5,5,5,5,5,4,6,4,4.0,0,5,6,6.0,6,6,5,5,6,6,5,6.0,,4,6,6,6,5,6,6,5,5,4,6,,6.0,6,6.0,,,5,5,6,6,6,6.0,,6.0,6,6,6,5,2,5,6,6,3,6,6.0,,6,6,0,,6.0,6.0,5,5,5,6,6.0,5,,6,5,6,6,6,6,6.0,6,6,6,5,5,5,6.0,6.0,,6,6,6,,6,6,6,5,6,5,5,5,5,6,6,6,6,,,5,6,3,5,,6,5,6.0,5,5,,6,6.0,6.0,5,,6,6,6.0,0,6,6,6.0,6,3,5,4.0,6,6.0,5,,6,3,6,6,6,5.0,6.0,6,6.0,,6,6,6,6,6,6,6.0,5,6,6,6,6,6,6,6,4,5,4,,5,5,,5,0,4,6,5,6,5.0,5,6,6,5,6,6,5,6,6.0,,5,0,6.0,,6.0,,6.0,6,6,6,6.0,,,,6,,0,,,5,5,5,6.0,6.0,111,10,1.7371042905351113,-0.6419620046814049
4,4,5,4,4,5,4,4,4,5,4,5,5,4,5,5,4,5.0,5.0,4,3,5,4,1,5,4,4,4,4,4,4,4,4,5,4,3,5,5,4,5,5,5,4,5,,2,4,5,4,5,5.0,5,4,,4,1,4,4,5,4,4,1,5.0,5,,5,,5,4,,4,3,5,5,5,4,5,5,5,4,4,4,4,4,2,4,0,4,5,5,5,3,,4,,4,3,5,5,5,4,5,4,5,3,4,5.0,5.0,4,5,0,5,5,3,,4,4,5,4,5,5.0,5,5,4,4,2,5,5,5,5,5,4,1.0,5.0,5,4,5,,4,5,4,3,5,4,3,4,5,5.0,5,0.0,,,4,,5,5,5.0,5,5,3,5,5,3,4,5,5,,2.0,4,4,3,5.0,3,5,5,5.0,5,5,5.0,5,5,0,,4,4,5,4,5,5,5,2,4,2,4,5,4,5,3,5,3,5.0,0,4,3,5.0,4,5,4,4,4,5,4,5.0,,4,0,4,5,4,4,5,5,4,4,5,,,2,5.0,,,5,4,5,4,5,5.0,,,4,5,5,4,4,5,5,5,2,5,5.0,,5,5,5,5.0,5.0,5.0,5,4,4,0,5.0,4,,5,5,4,0,4,5,5.0,5,5,5,5,5,4,5.0,5.0,5.0,5,5,5,,5,5,5,4,5,4,5,3,4,5,5,5,5,,5.0,3,5,3,4,,5,4,5.0,4,1,,5,5.0,5.0,4,,5,5,5.0,5,5,5,5.0,5,5,1,5.0,5,5.0,4,,5,3,5,5,5,5.0,5.0,5,5.0,5.0,5,5,5,4,4,4,4.0,5,5,5,4,5,5,5,5,4,5,4,,4,4,,0,4,4,5,4,5,,4,5,5,3,5,5,4,5,,,5,4,5.0,,5.0,,5.0,5,5,5,5.0,,,,4,,5,,,5,4,4,0.0,,112,10,1.5940953583833282,-0.6422593480614182
0,5,5,5,2,6,6,5,5,5,5,5,6,5,3,6,5,6.0,6.0,6,3,6,5,5,6,5,5,5,5,0,5,5,4,6,0,5,6,6,5,4,6,6,6,6,,6,5,6,6,6,6.0,6,5,,4,5,6,5,5,5,5,5,6.0,3,,6,,5,5,,5,4,6,6,5,5,6,6,6,6,4,5,5,4,6,5,6,5,4,6,6,4,,5,,4,3,4,6,2,5,6,5,6,5,5,6.0,6.0,5,6,4,6,6,5,,5,6,6,5,6,6.0,6,6,5,5,6,5,6,6,0,6,5,6.0,6.0,6,5,6,,5,6,6,4,6,5,6,6,5,,6,6.0,,6.0,5,,6,6,6.0,5,6,4,6,6,6,5,6,6,,,5,6,6,6.0,4,6,6,6.0,6,6,6.0,6,5,5,,2,5,5,5,5,5,6,4,5,5,6,5,5,5,4,6,5,6.0,5,5,5,6.0,5,5,6,5,2,6,6,6.0,,5,5,6,6,5,5,6,6,5,1,6,,6.0,6,6.0,,,6,5,6,5,6,6.0,,,5,6,5,6,5,6,6,6,3,6,6.0,,5,5,5,6.0,6.0,6.0,5,5,5,6,6.0,5,,6,5,6,5,6,5,6.0,6,6,6,5,4,5,6.0,6.0,,5,5,6,,6,5,5,5,6,5,5,1,5,6,6,6,6,,,5,6,6,5,,6,4,6.0,5,6,6.0,6,6.0,0.0,5,,5,6,6.0,6,0,6,3.0,6,6,5,6.0,6,6.0,5,,6,5,4,5,5,,6.0,6,6.0,0.0,5,6,6,5,5,5,6.0,0,5,5,4,4,6,6,3,3,6,4,,5,5,,5,3,5,6,4,6,5.0,6,6,5,2,6,6,5,6,6.0,,5,2,6.0,,6.0,,6.0,6,6,6,6.0,,,,5,,6,,,5,5,0,6.0,0.0,113,10,1.7390347429649424,-0.5934403794559799
6,5,6,4,5,3,3,0,6,6,5,5,6,5,6,6,6,5.0,6.0,6,4,6,5,6,5,5,5,5,5,6,5,5,5,6,5,4,6,6,5,6,6,6,6,6,,6,6,6,5,6,,6,1,,5,5,5,5,5,5,5,5,6.0,6,5.0,0,,6,5,,5,5,6,6,6,5,6,6,0,6,4,5,4,5,6,5,5,4,6,6,6,5,,6,,4,5,6,4,3,1,5,2,6,4,5,6.0,6.0,2,6,5,0,6,5,0.0,3,0,6,6,6,6.0,6,6,5,5,6,6,5,6,5,5,4,5.0,,6,4,6,,1,6,4,5,4,5,6,6,6,,6,,,,5,,3,6,6.0,6,6,4,6,6,0,6,6,6,,,5,6,6,6.0,5,6,6,6.0,6,6,6.0,6,6,5,,6,5,5,5,5,6,6,5,5,5,6,5,5,6,4,3,5,6.0,6,5,6,,5,6,5,5,2,6,6,0.0,,5,5,6,6,4,5,6,6,5,5,6,,,6,6.0,,,6,6,6,5,6,6.0,,,5,5,5,6,5,6,6,6,5,6,6.0,,6,6,6,6.0,6.0,6.0,4,6,6,6,6.0,5,,6,5,6,6,6,6,6.0,6,6,6,5,6,5,6.0,6.0,,0,0,6,,5,6,6,5,6,5,5,5,5,3,3,5,6,,6.0,5,6,6,5,,6,6,6.0,5,5,6.0,6,6.0,,5,,5,5,6.0,6,5,6,6.0,6,6,5,4.0,5,4.0,5,,6,5,4,4,5,,6.0,6,6.0,6.0,6,6,6,5,5,5,6.0,6,3,5,5,5,6,6,6,5,6,5,6.0,4,5,,5,5,5,6,2,6,6.0,4,6,6,5,6,6,5,6,,,5,6,6.0,,6.0,,6.0,6,6,6,6.0,,,,6,,6,,,5,5,6,6.0,,114,10,1.6776781500707878,-0.5901484340520583
5,5,5,4,4,5,5,5,5,5,5,5,5,5,5,5,3,6.0,6.0,5,3,0,5,5,5,4,4,5,5,5,5,4,5,5,5,4,5,5,4,5,5,5,3,5,6.0,5,5,5,5,5,6.0,5,4,,5,4,5,5,5,5,4,5,6.0,5,6.0,5,,5,5,,4,4,6,5,5,4,5,5,5,5,2,4,4,5,5,5,0,3,5,5,6,5,6.0,5,,4,4,5,5,4,5,5,4,0,4,5,6.0,6.0,5,5,4,5,5,4,6.0,4,5,3,5,5,6.0,5,5,0,4,4,5,5,5,5,6,5,5.0,6.0,6,5,6,6.0,5,5,0,4,4,5,5,5,5,6.0,5,6.0,6.0,6.0,5,,5,5,6.0,6,6,1,6,5,5,4,5,4,6.0,,4,5,3,6.0,3,5,5,5.0,5,5,6.0,5,5,5,6.0,5,5,5,5,4,6,5,4,5,5,5,5,5,5,2,5,4,6.0,5,4,5,6.0,5,5,5,5,6,6,5,6.0,,4,5,5,5,3,5,5,5,4,0,5,,6.0,5,6.0,4.0,,5,5,5,5,5,6.0,,6.0,3,5,5,4,4,5,5,4,4,4,5.0,6.0,5,5,5,6.0,6.0,6.0,5,5,5,4,6.0,4,,5,5,5,5,5,5,6.0,5,5,5,5,5,4,6.0,6.0,,5,5,5,0.0,5,5,5,1,5,5,5,0,5,5,5,6,5,3.0,6.0,4,0,5,5,,5,5,6.0,5,4,6.0,5,6.0,6.0,4,,5,5,5.0,6,5,0,6.0,5,5,5,6.0,1,6.0,4,,5,5,5,5,5,,6.0,5,6.0,6.0,5,5,5,4,5,5,6.0,5,5,1,5,2,5,6,5,4,4,5,,3,3,,5,2,4,5,4,5,6.0,4,5,5,4,5,4,5,5,6.0,,4,5,6.0,6.0,6.0,5.0,6.0,6,5,5,6.0,,,,5,,6,,,4,5,5,6.0,6.0,115,10,1.7413127413127416,-0.6637715713641538
5,5,5,4,4,0,5,5,5,5,4,5,5,5,6,5,5,6.0,6.0,5,3,5,5,6,5,5,5,5,5,5,5,4,5,6,5,5,6,5,5,6,5,5,5,6,,5,3,5,5,5,6.0,5,3,,5,4,3,5,2,4,4,5,6.0,5,6.0,5,,5,5,,4,4,6,6,5,0,6,6,6,5,4,5,5,3,5,5,5,4,5,5,6,4,6.0,5,,3,3,6,5,5,4,5,4,5,4,5,6.0,6.0,5,6,5,0,5,5,6.0,5,5,5,5,6,6.0,2,5,4,4,5,5,1,5,5,6,5,6.0,6.0,6,5,6,6.0,4,6,5,4,5,5,0,6,5,,6,6.0,6.0,6.0,4,,5,0,6.0,5,6,5,5,6,5,5,6,0,6.0,,5,5,5,6.0,4,5,6,6.0,5,5,6.0,5,5,5,6.0,6,5,5,5,5,6,5,4,5,5,5,5,5,5,4,5,3,6.0,5,5,0,6.0,5,5,5,5,5,6,5,6.0,,4,5,5,6,4,0,5,5,5,4,6,,6.0,5,5.0,,,5,5,5,5,3,6.0,,6.0,4,3,5,5,3,0,6,5,4,1,6.0,6.0,5,5,5,6.0,6.0,6.0,5,5,5,5,6.0,5,,1,5,6,6,5,2,6.0,5,6,5,1,5,5,4.0,6.0,,6,5,5,5.0,5,5,5,4,5,5,5,4,5,6,6,6,5,,6.0,5,5,6,5,,6,5,6.0,5,5,6.0,5,6.0,6.0,5,,5,5,6.0,6,6,5,6.0,6,5,1,5.0,5,6.0,5,,5,5,0,5,5,,6.0,6,6.0,6.0,5,5,5,5,5,1,6.0,2,6,5,5,5,6,6,6,4,5,5,,5,5,,5,5,5,5,5,6,6.0,5,5,5,5,5,5,5,5,6.0,,5,5,6.0,,6.0,,6.0,6,6,6,6.0,,,,5,,6,,,5,5,6,6.0,6.0,116,10,1.7138306789606035,-0.6775742159048285
4,0,4,5,5,5,5,3,3,0,5,5,5,4,5,5,5,6.0,6.0,5,4,5,2,5,5,5,4,4,5,4,4,4,4,6,4,5,5,5,4,5,5,5,5,5,0.0,3,5,5,5,5,6.0,5,5,,5,5,5,4,5,4,4,5,6.0,5,6.0,5,,5,4,,5,4,6,5,5,4,5,5,5,5,3,4,4,5,5,4,4,5,5,5,5,3,6.0,5,,4,2,5,4,5,5,5,4,5,4,5,6.0,5.0,5,4,5,5,5,4,6.0,5,5,5,2,6,6.0,6,5,4,4,5,5,5,6,5,5,4,6.0,6.0,6,5,5,6.0,4,6,5,4,5,5,5,5,5,6.0,5,6.0,6.0,4.0,5,,5,6,6.0,5,6,4,6,6,5,5,5,5,6.0,,4,4,5,6.0,0,2,1,5.0,5,5,5.0,5,5,5,6.0,1,4,5,0,4,5,5,3,4,3,5,5,4,4,4,5,2,6.0,5,2,5,6.0,5,5,5,5,5,5,4,6.0,,4,4,5,5,5,5,5,5,5,4,5,,6.0,5,6.0,,,5,0,5,5,4,6.0,,6.0,5,1,5,5,5,4,4,5,4,5,6.0,6.0,5,4,5,0.0,5.0,6.0,5,4,5,5,6.0,5,,6,5,5,5,5,5,6.0,5,3,6,5,5,5,3.0,6.0,,5,5,5,,5,5,5,5,5,5,5,4,5,5,5,6,5,,6.0,2,5,5,5,,6,5,6.0,5,5,6.0,6,6.0,6.0,4,,5,5,5.0,3,1,4,6.0,5,5,4,6.0,5,6.0,5,,5,5,5,5,5,5.0,6.0,5,6.0,6.0,5,5,5,5,5,5,6.0,5,5,5,5,5,5,5,0,4,5,4,,5,5,,4,5,0,3,5,5,6.0,4,5,5,5,5,5,5,4,6.0,5.0,5,5,6.0,6.0,5.0,,6.0,6,5,5,5.0,,6.0,,5,,5,,4.0,5,5,5,0.0,6.0,117,10,1.707505890272636,-0.6115818797798623
5,5,5,4,5,5,5,5,4,5,5,5,5,4,6,5,5,6.0,5.0,5,4,6,5,5,5,5,5,5,5,5,5,5,3,5,4,5,6,5,5,6,6,5,5,5,0.0,5,5,6,5,6,6.0,5,5,,5,4,5,5,5,2,5,5,0.0,6,,5,,5,5,,1,4,6,5,5,5,5,6,6,6,3,5,4,5,6,5,5,4,0,5,6,4,6.0,5,,4,5,6,5,5,5,6,5,6,5,4,6.0,6.0,5,5,5,5,5,5,4.0,4,5,5,1,6,6.0,6,6,4,3,5,5,6,6,5,6,4,6.0,5.0,6,5,6,6.0,2,6,5,5,6,0,5,5,5,,0,6.0,6.0,6.0,2,,5,6,6.0,5,4,4,5,5,5,5,6,6,,,5,5,6,6.0,5,6,6,6.0,6,6,6.0,6,2,5,6.0,6,4,5,5,5,6,6,4,5,4,5,5,5,2,3,6,5,5.0,5,5,6,6.0,5,3,5,5,5,6,5,0.0,,5,4,6,6,5,5,6,5,5,5,6,,3.0,5,6.0,,,5,5,6,5,5,6.0,,6.0,5,5,5,3,5,6,6,6,5,6,6.0,6.0,5,5,5,6.0,6.0,6.0,5,5,3,5,6.0,5,,5,5,5,6,5,6,6.0,6,6,6,5,5,5,6.0,6.0,,6,5,6,,5,6,6,5,6,1,5,4,4,5,6,6,5,,3.0,4,5,4,3,,6,0,6.0,5,5,6.0,6,6.0,6.0,0,,6,5,6.0,1,6,6,6.0,6,5,5,6.0,5,6.0,4,,0,5,6,6,5,,6.0,6,6.0,6.0,5,6,6,5,5,5,6.0,5,6,4,5,5,5,6,6,4,6,5,5.0,5,5,,4,5,3,6,5,0,6.0,4,6,4,5,5,5,5,6,6.0,,5,5,6.0,,6.0,,6.0,6,6,6,6.0,,,,5,,6,,,5,5,5,6.0,6.0,118,10,1.6726180814802791,-0.6201054708693833
6,6,6,6,6,7,7,7,6,6,6,6,7,6,7,6,6,7.0,7.0,5,6,7,7,7,6,7,6,6,6,4,6,6,6,7,6,6,7,7,6,2,5,7,7,7,,7,7,7,6,7,,6,6,,6,7,6,6,7,6,6,6,7.0,7,7.0,7,,5,6,,0,5,7,7,7,6,7,7,7,7,5,6,5,7,7,7,7,5,7,5,7,6,,7,,5,5,7,7,7,6,7,6,7,5,6,,7.0,6,6,6,7,7,6,7.0,1,6,7,7,7,7.0,7,7,6,6,5,7,7,7,7,7,6,7.0,7.0,7,6,7,,2,7,7,6,6,7,6,7,6,,7,,,,6,,6,7,7.0,7,7,6,6,7,7,6,7,7,,,6,7,7,,6,7,7,7.0,7,7,6.0,4,7,7,,7,6,6,6,6,7,7,5,6,6,7,5,6,7,5,7,5,6.0,7,6,7,,6,7,6,7,7,0,7,,,6,7,7,0,6,6,7,6,6,6,7,,,7,7.0,,,4,6,7,7,7,7.0,,7.0,5,7,0,7,6,7,7,7,1,0,7.0,,6,3,7,,7.0,7.0,6,2,7,7,,6,,7,6,7,7,7,7,,7,7,7,7,7,6,7.0,7.0,,7,7,7,,7,7,0,1,7,7,7,5,6,7,7,7,7,,,6,6,7,6,,7,6,7.0,7,6,,0,7.0,,7,,4,7,7.0,7,2,7,7.0,7,7,0,7.0,7,7.0,6,,6,7,7,7,7,,7.0,7,7.0,0.0,7,7,7,6,7,6,7.0,7,7,7,6,7,7,7,7,6,7,6,,4,6,,7,6,5,7,6,7,7.0,6,7,7,6,7,7,6,7,7.0,,6,7,0.0,,7.0,,7.0,7,7,6,6.0,,,,7,,7,,,6,6,6,7.0,,119,10,1.8239836117239205,-0.5249444042448069
6,6,6,6,5,6,6,6,5,6,6,6,3,5,6,6,6,7.0,7.0,6,4,6,6,7,6,6,6,6,4,6,6,5,6,3,0,5,7,6,6,7,6,7,6,2,7.0,6,6,7,6,7,7.0,6,5,,6,5,6,6,6,5,6,6,7.0,6,,6,,6,6,,4,4,6,6,3,5,6,6,6,6,5,6,5,6,6,6,6,5,6,6,7,5,7.0,6,,2,5,7,6,6,6,6,3,6,5,6,7.0,7.0,6,7,5,7,7,6,7.0,5,6,6,4,7,4.0,7,6,6,6,0,6,6,6,6,7,6,7.0,7.0,7,6,7,7.0,6,0,6,6,6,6,5,6,6,,6,7.0,7.0,7.0,6,,6,7,7.0,6,6,5,5,6,0,6,6,6,,,5,6,7,7.0,5,6,7,7.0,7,7,7.0,6,6,6,7.0,6,6,6,5,6,6,7,6,5,6,6,6,6,6,5,7,5,7.0,6,6,7,7.0,6,6,6,6,3,5,6,7.0,7.0,6,6,6,7,6,6,6,7,6,5,7,,7.0,6,7.0,,,6,6,6,6,6,7.0,,0.0,6,6,6,2,5,5,7,6,5,6,7.0,7.0,6,6,6,4.0,6.0,7.0,6,6,6,6,7.0,6,0.0,6,0,7,7,6,6,7.0,6,7,6,6,6,5,7.0,7.0,,7,6,6,,5,6,6,1,6,6,6,5,6,5,6,7,7,,7.0,5,6,4,6,,7,6,7.0,3,6,7.0,7,7.0,7.0,6,,6,6,7.0,7,7,6,7.0,6,6,6,7.0,6,3.0,6,,6,5,6,0,6,,7.0,6,7.0,7.0,6,4,6,5,6,2,7.0,6,5,6,6,6,7,7,4,5,6,6,,6,4,,6,2,6,6,6,7,7.0,5,0,6,6,6,6,6,6,7.0,,6,6,3.0,7.0,7.0,,7.0,6,7,6,7.0,0.0,,,6,,7,,,5,6,6,7.0,7.0,120,10,1.7663488877738753,-0.5927713058264295
5,4,5,4,3,5,2,2,5,5,4,5,5,4,6,5,5,6.0,5.0,4,4,5,5,5,5,5,4,4,5,5,5,4,5,6,5,5,5,0,4,5,5,5,5,5,6.0,5,5,5,4,5,6.0,5,4,,5,4,3,4,5,4,3,4,6.0,5,6.0,5,,5,5,,5,4,6,5,5,5,5,5,5,5,4,4,4,5,5,5,3,4,5,5,5,4,6.0,5,,4,1,5,4,5,4,3,4,3,4,5,6.0,5.0,5,5,5,5,5,0,6.0,2,5,5,4,5,6.0,5,5,4,4,4,5,5,5,5,5,3,6.0,6.0,5,5,3,6.0,4,5,5,1,5,4,5,3,5,6.0,5,6.0,6.0,6.0,4,,5,5,6.0,5,5,2,5,5,5,5,5,5,6.0,,4,5,5,6.0,4,5,5,6.0,5,5,6.0,5,5,5,2.0,5,4,5,5,0,5,5,4,4,5,5,5,4,5,3,5,0,0.0,0,4,5,6.0,5,5,4,5,3,6,5,6.0,,3,4,5,5,1,5,5,5,4,4,6,,6.0,5,6.0,,,5,5,5,5,5,6.0,,6.0,4,5,5,4,4,5,5,5,4,5,5.0,6.0,3,5,5,6.0,0.0,6.0,5,4,5,5,6.0,5,,5,5,5,5,5,5,5.0,5,5,5,5,4,4,5.0,5.0,6.0,3,5,5,,5,5,2,3,5,5,4,4,5,4,5,5,5,,6.0,4,5,5,5,,5,4,6.0,5,4,6.0,5,6.0,6.0,4,0.0,5,5,5.0,5,5,5,6.0,5,5,4,5.0,5,5.0,5,,5,5,5,5,5,,6.0,5,6.0,6.0,5,5,5,5,5,5,6.0,5,5,5,5,5,5,5,5,4,5,4,,4,4,,2,4,0,5,4,5,6.0,4,5,5,5,5,5,5,5,6.0,,5,5,6.0,6.0,5.0,,5.0,0,5,5,6.0,,6.0,,5,,5,,,3,5,5,5.0,6.0,121,10,1.6687316596022177,-0.6775549842219578
6,6,6,6,5,6,6,6,6,6,6,6,5,2,6,6,6,7.0,4.0,6,5,6,6,6,6,6,5,6,5,2,5,5,6,7,6,5,7,7,6,5,6,7,6,6,7.0,6,6,6,6,7,7.0,6,5,,5,6,6,6,6,6,5,5,7.0,6,7.0,6,,5,6,,4,4,6,6,6,5,6,6,6,6,5,6,2,4,6,6,6,5,6,6,7,5,7.0,0,,4,5,6,6,6,5,6,5,6,3,5,7.0,6.0,6,6,5,6,6,3,7.0,6,6,6,6,7,6.0,6,0,6,6,6,6,6,6,5,7,6,6.0,7.0,4,3,7,7.0,2,6,6,5,6,6,6,6,5,,6,7.0,7.0,7.0,5,,6,7,0.0,6,2,5,6,6,6,6,6,6,7.0,7.0,5,6,6,7.0,5,6,7,7.0,7,6,6.0,6,6,6,7.0,6,6,6,6,6,4,6,5,5,3,6,6,5,6,4,6,5,7.0,6,6,6,7.0,0,6,4,6,6,5,6,7.0,,6,5,6,7,5,6,6,7,4,5,7,,7.0,6,7.0,,,6,6,6,6,6,6.0,,0.0,5,6,5,6,6,6,7,6,6,6,7.0,7.0,4,6,6,6.0,7.0,7.0,6,6,6,6,7.0,6,,6,6,6,7,6,6,7.0,6,6,6,6,6,6,7.0,7.0,,6,6,6,,6,6,6,5,0,6,6,5,6,7,6,7,6,7.0,7.0,5,0,6,5,,7,6,7.0,6,6,7.0,6,7.0,7.0,6,6.0,6,6,7.0,7,7,6,7.0,7,6,6,7.0,6,6.0,6,,0,6,6,2,6,,7.0,0,7.0,7.0,6,7,6,6,6,6,7.0,6,6,6,6,7,6,7,6,5,6,6,,6,6,,6,5,6,7,6,7,7.0,6,5,7,6,6,6,6,0,7.0,,6,6,7.0,7.0,7.0,,7.0,7,6,6,7.0,,,,6,,6,,,6,1,6,7.0,7.0,122,10,1.7772495755517828,-0.629022372008378
5,5,5,5,4,4,5,6,5,3,4,3,5,5,6,5,5,6.0,6.0,5,5,6,5,6,5,5,4,5,5,5,5,5,5,0,5,5,6,6,5,5,5,6,0,6,6.0,5,5,6,4,6,6.0,5,5,,0,5,5,5,5,4,5,4,6.0,6,,5,,6,5,,5,4,6,6,5,5,1,5,6,0,4,5,4,5,5,5,4,5,4,5,6,2,6.0,3,,5,4,6,5,6,2,5,5,5,4,5,5.0,6.0,5,5,5,5,6,3,6.0,4,5,5,5,6,6.0,6,5,4,3,5,5,5,6,6,6,5,6.0,6.0,6,5,6,4.0,5,6,6,5,6,3,6,5,5,,5,6.0,6.0,,5,,5,0,6.0,6,6,5,6,6,6,5,6,6,,,3,5,6,6.0,4,5,6,6.0,6,6,0.0,3,5,5,6.0,6,4,5,5,5,6,6,4,5,1,5,5,4,6,4,5,4,0.0,6,2,5,0.0,5,5,6,5,6,6,5,6.0,,5,5,6,6,5,5,5,6,5,5,6,,6.0,6,6.0,,,5,5,6,5,6,6.0,,6.0,5,6,5,5,5,5,6,6,2,6,6.0,,5,5,5,6.0,6.0,4.0,5,5,5,5,6.0,5,,6,5,5,5,5,5,6.0,5,6,6,5,3,5,0.0,6.0,,6,6,6,,5,6,5,5,6,5,5,4,5,4,6,6,6,,0.0,5,6,5,5,,6,5,6.0,5,5,6.0,6,6.0,6.0,5,,5,5,6.0,6,5,6,6.0,6,6,5,6.0,6,6.0,5,,6,6,6,6,6,,6.0,6,6.0,6.0,6,6,5,5,5,5,6.0,6,6,6,5,6,6,6,6,5,5,5,5.0,5,5,,6,4,5,5,5,6,6.0,5,6,5,5,3,6,5,6,6.0,,5,3,6.0,,6.0,,6.0,6,6,6,6.0,,,,6,,6,,,2,6,6,6.0,6.0,123,10,1.6144578313253013,-0.6213021458642694
4,4,4,3,2,3,4,4,4,4,4,4,2,4,3,4,4,5.0,5.0,4,3,4,4,5,4,4,3,3,3,4,4,3,4,5,3,3,5,5,1,5,5,5,3,4,5.0,4,4,5,4,5,5.0,4,4,,3,4,4,4,4,3,4,2,5.0,5,,4,,4,4,,4,1,5,4,4,3,4,5,5,5,0,4,3,4,4,3,2,3,4,4,5,3,5.0,2,4.0,4,4,3,4,4,4,4,4,4,4,4,5.0,5.0,4,4,2,5,4,3,0.0,4,4,4,4,4,5.0,5,0,4,4,4,2,4,4,5,5,4,5.0,5.0,5,4,5,5.0,4,5,4,4,5,4,4,4,5,,4,5.0,5.0,5.0,4,5.0,4,5,2.0,0,4,3,5,5,5,4,3,5,5.0,,4,3,4,5.0,3,5,4,5.0,5,4,5.0,5,4,4,5.0,4,3,5,4,4,5,5,3,4,4,4,4,4,4,3,5,4,5.0,4,4,4,5.0,4,4,4,4,5,4,4,5.0,,3,2,4,3,4,4,5,5,4,4,5,,5.0,3,5.0,,,4,4,5,4,4,4.0,0.0,5.0,4,5,4,1,4,4,5,4,1,4,5.0,5.0,4,4,2,5.0,4.0,5.0,5,4,0,4,5.0,4,,5,3,4,4,5,3,5.0,4,4,5,4,4,4,5.0,5.0,,4,4,5,,4,5,4,4,4,4,4,3,4,5,4,5,4,,5.0,3,5,4,4,,5,4,5.0,4,3,5.0,5,5.0,5.0,4,,4,5,5.0,5,3,4,5.0,4,0,4,5.0,4,5.0,4,,5,4,5,4,4,,0.0,5,5.0,5.0,4,5,4,4,2,4,5.0,4,4,5,4,5,3,5,5,4,0,1,,4,3,4.0,4,4,4,5,4,2,5.0,4,5,4,4,5,4,3,5,5.0,,4,4,5.0,5.0,5.0,,5.0,5,4,2,5.0,,,,4,,4,,0.0,4,4,1,4.0,5.0,124,10,1.5767946577629381,-0.6032957377836337
3,4,4,3,3,4,4,5,4,0,4,4,3,4,5,4,4,5.0,5.0,4,4,2,4,5,5,4,3,4,4,4,4,2,4,5,4,4,0,4,4,4,4,5,5,5,,4,1,4,4,4,5.0,4,4,,3,4,4,4,4,2,3,4,5.0,4,,4,,5,4,,4,3,5,5,4,4,4,5,5,5,3,4,4,4,4,4,4,4,5,4,5,3,5.0,4,,3,1,5,4,4,4,5,4,4,3,4,5.0,5.0,4,2,5,3,0,4,5.0,4,4,4,4,5,5.0,5,5,1,4,3,4,5,5,5,5,4,5.0,5.0,5,4,5,5.0,4,5,5,4,5,4,4,5,5,,4,5.0,5.0,5.0,3,,4,5,5.0,5,4,4,5,5,0,4,5,5,,,3,3,5,5.0,2,3,5,5.0,4,4,5.0,5,5,4,0.0,5,3,4,5,4,5,5,0,4,4,2,5,4,4,3,3,0,5.0,4,1,1,3.0,4,5,5,4,3,5,5,5.0,,3,4,4,4,4,4,4,5,4,4,5,,5.0,5,5.0,,,4,4,5,5,5,5.0,,5.0,4,4,4,4,3,3,5,5,3,5,5.0,,4,4,4,,5.0,5.0,4,4,3,4,5.0,4,,4,5,5,5,5,2,5.0,0,5,5,4,3,4,5.0,5.0,,5,4,4,4.0,4,5,4,4,5,4,4,4,4,5,5,5,5,,,4,5,5,4,,5,2,5.0,4,4,,5,5.0,5.0,4,,4,4,5.0,5,5,5,5.0,4,4,4,5.0,4,5.0,4,,5,4,5,4,4,,5.0,5,5.0,,5,5,5,5,4,4,5.0,4,5,5,4,5,5,4,5,0,5,3,,4,4,,4,4,4,4,4,5,5.0,4,5,4,4,5,5,4,5,5.0,,0,4,5.0,,5.0,,5.0,5,5,5,5.0,,4.0,,4,,4,,,4,4,5,5.0,5.0,125,10,1.6196179993525412,-0.6618330007462134
5,5,5,5,4,6,5,5,0,4,5,4,5,4,5,5,5,5.0,6.0,5,3,5,0,5,5,5,4,5,2,5,5,4,0,6,5,5,5,6,5,5,5,6,4,1,6.0,5,5,5,5,6,6.0,5,5,,5,4,5,5,5,4,5,5,2.0,5,,5,,5,5,,5,3,0,6,5,5,5,5,5,6,4,4,5,5,5,4,5,3,0,5,5,3,5.0,5,,4,5,5,5,5,5,3,4,5,4,5,6.0,6.0,5,6,4,5,5,5,6.0,1,5,5,3,6,6.0,6,6,5,5,5,5,5,6,5,6,5,6.0,5.0,5,4,5,6.0,5,6,6,4,6,5,5,5,5,6.0,5,6.0,6.0,6.0,5,,5,5,6.0,5,6,5,6,6,4,5,6,5,,,0,5,6,6.0,3,6,6,6.0,6,6,6.0,5,5,5,6.0,6,4,5,5,5,6,6,4,4,5,5,5,5,5,4,5,4,3.0,5,5,5,6.0,5,5,5,5,5,6,5,6.0,,5,5,5,0,5,5,5,5,5,4,6,,6.0,5,4.0,,,5,3,5,5,5,0.0,,6.0,5,5,5,4,2,5,6,5,4,6,6.0,6.0,5,5,5,6.0,6.0,6.0,5,5,5,5,6.0,5,,5,5,5,3,4,5,6.0,5,6,6,5,5,5,6.0,6.0,,6,5,5,,5,5,5,4,5,4,5,4,5,5,5,6,6,,6.0,5,5,5,5,5.0,6,3,6.0,5,5,6.0,6,6.0,6.0,5,,5,5,6.0,6,5,5,6.0,6,4,2,6.0,5,6.0,5,,5,4,5,2,5,,6.0,6,6.0,6.0,5,5,5,5,5,5,6.0,5,6,5,5,4,6,5,6,4,5,0,,5,4,,4,5,4,5,0,6,6.0,5,5,5,5,6,5,4,1,6.0,,5,5,6.0,6.0,4.0,,6.0,6,4,6,5.0,,6.0,,5,,6,,,5,5,6,6.0,6.0,126,10,1.7334235453315292,-0.6432129864554175
5,5,5,5,5,6,6,5,0,1,4,3,4,0,3,1,4,5.0,6.0,6,3,6,5,6,5,5,3,4,0,5,5,5,5,6,4,5,6,6,5,5,6,6,4,5,,5,5,6,5,6,6.0,4,5,,5,2,6,5,5,4,5,5,6.0,6,,6,,5,5,,5,4,5,6,2,5,4,5,6,6,5,5,5,5,5,2,5,5,6,6,6,3,,3,,5,5,5,6,6,6,6,5,6,4,5,,6.0,5,6,5,6,5,5,,5,5,6,4,6,,6,6,5,5,5,5,6,6,6,6,5,6.0,5.0,4,5,6,6.0,5,6,5,4,6,5,5,0,6,,5,6.0,6.0,,5,,6,6,6.0,0,6,5,6,6,6,6,6,6,,,5,0,6,6.0,5,6,6,6.0,6,6,6.0,6,4,6,6.0,6,4,6,5,5,6,6,5,5,5,5,5,1,5,4,5,4,6.0,6,5,6,6.0,5,6,5,5,5,0,5,6.0,,5,4,6,6,5,6,4,6,5,5,6,,6.0,6,6.0,,,5,5,6,6,5,6.0,,6.0,5,5,6,4,4,5,6,6,5,6,6.0,,5,5,4,6.0,3.0,6.0,6,6,2,3,6.0,5,,6,6,6,5,6,6,6.0,6,5,6,5,5,5,6.0,6.0,,6,6,5,,6,5,5,5,6,5,5,5,5,6,5,6,5,,,5,6,5,6,,6,4,6.0,6,4,6.0,6,6.0,6.0,5,0.0,6,5,6.0,5,6,6,6.0,6,1,5,6.0,6,6.0,3,6.0,6,4,6,6,5,,5.0,6,6.0,6.0,5,6,6,5,5,5,6.0,5,0,6,6,6,6,6,6,5,6,5,,6,5,,5,5,5,6,5,6,6.0,5,6,0,5,6,6,5,6,6.0,,6,4,6.0,,6.0,,6.0,5,6,6,6.0,,,,6,,6,,6.0,5,5,6,6.0,,127,10,1.7306836248012718,-0.6166474346268704
5,5,1,4,5,5,5,5,3,5,5,5,5,5,6,6,5,6.0,6.0,5,4,6,5,6,5,4,5,5,5,5,5,5,5,6,5,5,6,5,5,5,5,6,5,4,6.0,6,5,5,3,5,6.0,5,4,,5,5,5,2,5,4,4,5,6.0,5,,5,,5,5,,4,5,6,6,5,5,5,6,6,5,3,5,4,5,4,5,5,4,6,5,6,5,6.0,6,,5,5,6,5,5,5,5,5,5,4,5,6.0,6.0,4,4,5,6,5,2,6.0,4,5,4,5,6,6.0,6,0,2,0,2,5,5,6,6,5,5,6.0,6.0,6,4,6,6.0,5,6,5,5,6,3,5,5,5,6.0,5,5.0,6.0,6.0,5,,3,6,6.0,6,0,4,6,6,6,2,6,6,,,4,5,5,0.0,4,6,6,6.0,6,6,6.0,6,6,3,6.0,6,4,5,5,5,6,6,4,5,5,5,5,5,5,3,6,4,6.0,5,5,5,6.0,4,5,5,5,5,6,5,6.0,,4,5,5,6,1,5,2,6,5,4,6,,6.0,5,6.0,,,5,5,6,5,0,6.0,,6.0,5,5,5,5,4,6,5,5,4,6,6.0,,5,6,5,5.0,6.0,6.0,5,5,1,5,6.0,5,0.0,5,5,5,0,5,5,6.0,5,6,6,5,5,5,6.0,6.0,,6,5,6,6.0,5,6,5,5,6,4,5,4,5,6,5,6,6,,6.0,4,5,5,5,,6,6,6.0,5,5,6.0,6,6.0,6.0,5,,5,5,6.0,6,6,5,6.0,5,5,5,6.0,6,6.0,5,,6,4,6,5,6,,6.0,0,6.0,6.0,5,3,6,5,5,6,6.0,5,6,5,5,5,6,6,6,5,5,5,,5,5,,6,5,5,5,5,6,6.0,4,6,5,5,5,6,5,4,6.0,,5,5,6.0,6.0,6.0,,6.0,6,6,6,6.0,,,,4,0.0,6,,,4,0,5,6.0,,128,10,1.6143599740090968,-0.6563372746198148
4,0,4,1,3,4,4,4,4,4,4,2,4,3,5,4,4,5.0,5.0,4,3,5,4,3,5,4,2,4,4,5,3,2,4,5,3,4,5,5,4,4,4,2,4,5,,4,4,5,4,1,5.0,5,3,,4,4,4,4,4,3,4,4,5.0,5,,4,,4,4,,4,3,5,5,4,4,5,5,5,5,3,4,3,4,5,4,4,3,5,5,5,2,,4,,2,4,5,4,4,4,5,4,4,4,4,5.0,5.0,0,5,4,4,5,4,5.0,4,4,4,5,5,5.0,5,5,3,4,4,4,5,5,4,5,3,5.0,5.0,5,4,5,,4,5,5,0,5,4,4,5,5,,5,5.0,,5.0,4,,4,3,5.0,5,5,3,5,5,5,4,5,5,,,4,4,5,5.0,3,5,5,5.0,5,5,5.0,5,4,4,5.0,5,4,4,4,4,5,4,4,4,4,4,4,4,4,3,4,4,5.0,4,4,0,5.0,4,4,4,4,1,5,4,5.0,,4,4,5,5,3,4,5,5,4,4,5,,5.0,5,5.0,,,4,4,5,3,5,5.0,,,3,4,5,4,4,5,5,5,3,5,5.0,,4,4,4,5.0,5.0,5.0,5,4,1,5,5.0,0,4.0,5,4,5,5,5,5,5.0,5,5,5,4,4,4,5.0,5.0,,5,3,5,,4,5,5,4,5,4,4,4,2,5,4,5,5,0.0,,4,5,5,4,,5,4,5.0,4,4,,5,5.0,3.0,0,,5,4,0.0,5,5,5,5.0,5,4,4,5.0,4,5.0,4,,4,4,5,5,5,,5.0,4,5.0,5.0,2,5,5,5,5,5,5.0,5,5,5,4,4,5,5,5,4,4,4,,4,2,,4,4,4,5,4,5,5.0,4,4,5,3,4,5,4,5,5.0,,0,4,5.0,5.0,5.0,0.0,4.0,5,5,3,5.0,,,,4,,5,,,4,4,5,5.0,5.0,129,10,1.587569721115538,-0.659622204989039
5,5,5,4,5,5,5,5,5,5,5,5,5,5,6,5,5,6.0,6.0,6,3,5,5,6,5,5,0,5,3,5,5,4,5,5,4,4,6,5,5,5,5,6,5,5,6.0,5,5,6,4,5,6.0,5,5,,5,5,5,5,5,0,4,2,6.0,6,,5,,5,5,,5,4,6,6,5,5,5,6,6,6,4,5,5,5,5,0,2,4,6,5,6,4,6.0,5,,4,3,6,5,3,5,5,5,5,4,5,6.0,6.0,5,5,5,5,6,5,6.0,0,5,5,5,6,6.0,6,3,5,4,0,5,5,6,6,6,5,6.0,6.0,6,4,3,6.0,3,6,5,5,6,5,5,5,5,6.0,5,5.0,6.0,6.0,5,,5,6,6.0,6,6,4,4,6,5,5,6,6,,,5,5,6,6.0,4,6,6,6.0,6,6,6.0,6,5,5,6.0,6,4,5,5,5,6,6,4,4,5,0,5,4,5,4,6,3,6.0,5,5,5,6.0,5,6,5,5,6,5,5,6.0,,4,5,6,6,4,5,6,6,0,5,6,,6.0,5,6.0,6.0,5.0,2,5,0,5,6,6.0,0.0,6.0,5,5,1,5,4,5,6,5,4,6,6.0,0.0,5,5,5,6.0,2.0,6.0,5,5,5,5,6.0,5,,6,5,4,5,5,5,6.0,5,5,3,5,5,5,6.0,6.0,,5,4,5,,5,6,5,5,6,5,5,5,5,6,5,6,6,,6.0,4,6,5,3,,6,5,6.0,5,5,6.0,6,6.0,6.0,5,,5,5,6.0,6,5,6,6.0,1,5,5,6.0,3,6.0,5,,6,5,5,5,5,,6.0,5,6.0,6.0,5,6,6,5,5,5,6.0,5,6,5,5,5,6,2,5,5,4,4,,5,4,,5,5,4,5,5,6,6.0,1,5,1,5,5,5,5,6,6.0,,5,5,6.0,6.0,6.0,,6.0,6,6,6,6.0,,,,5,,6,,,5,4,5,6.0,,130,10,1.7499184871209652,-0.678977726887463
4,4,4,4,4,4,5,5,4,4,4,4,4,4,5,5,4,5.0,5.0,4,4,5,4,5,4,4,4,4,5,5,4,4,5,5,4,2,5,5,5,5,5,5,2,5,,5,2,5,5,5,,2,3,,4,4,4,4,5,4,4,4,5.0,5,,5,,5,4,,3,3,5,5,5,4,2,5,5,2,3,5,4,2,5,4,5,4,5,5,5,3,,5,,4,4,5,4,5,1,5,4,5,1,4,5.0,5.0,0,5,4,5,5,4,,4,5,5,5,5,5.0,5,4,5,4,5,4,4,5,5,5,4,5.0,5.0,5,4,5,,4,5,4,3,5,4,5,5,5,,5,5.0,5.0,,4,,5,5,5.0,4,0,4,5,5,5,4,5,5,,,4,5,5,5.0,3,5,5,5.0,5,5,5.0,5,2,0,,5,3,4,1,4,5,5,3,0,3,4,2,4,5,4,5,3,5.0,5,4,4,,4,5,5,5,5,5,5,5.0,,4,4,5,5,4,5,5,5,3,4,5,,5.0,5,,,,5,2,5,5,3,5.0,,,4,5,5,5,4,5,0,5,4,5,5.0,,5,5,5,5.0,5.0,5.0,4,5,4,3,5.0,5,,5,5,5,5,5,4,,5,5,5,5,0,5,5.0,5.0,,5,0,5,,4,5,5,4,5,4,4,4,5,5,5,5,5,,,4,5,5,0,,5,5,5.0,5,5,,5,5.0,,5,,5,1,5.0,5,5,5,5.0,5,5,5,5.0,5,5.0,5,,5,4,5,4,4,5.0,5.0,5,,,5,5,5,5,4,5,5.0,5,3,5,3,5,5,5,5,4,4,4,,4,4,,4,3,5,5,4,5,5.0,4,5,5,5,5,5,5,5,,,4,4,5.0,,5.0,,,5,5,5,,,0.0,,5,,5,,,4,4,5,,0.0,131,10,1.579382407985028,-0.6212854216672876
6,5,6,5,5,6,6,6,4,6,6,5,6,5,6,6,6,6.0,6.0,5,5,6,6,6,5,5,5,5,6,3,5,5,1,6,5,5,6,6,5,6,6,6,6,6,,6,5,6,5,6,,6,4,,6,4,6,3,6,5,5,5,6.0,6,,6,,6,5,,4,4,6,0,5,4,5,6,6,0,4,5,5,6,6,5,6,5,5,6,3,5,,6,,4,3,6,5,6,4,6,5,6,5,1,6.0,6.0,2,6,5,6,6,5,,4,6,6,6,6,6.0,0,5,6,3,6,6,6,6,6,6,4,6.0,6.0,6,6,6,,5,6,6,5,6,5,6,6,6,,6,,6.0,,5,,6,6,6.0,6,6,4,6,5,6,5,6,6,,0.0,6,6,6,,5,0,6,,6,6,6.0,6,4,6,,6,5,5,5,5,6,4,4,5,5,6,3,6,6,3,6,5,6.0,6,5,6,,5,6,5,6,6,6,6,,,5,6,6,6,5,5,6,6,5,5,6,,6.0,6,,,,6,3,6,5,6,6.0,,6.0,5,6,6,6,5,6,6,6,5,6,0.0,,6,6,6,,,6.0,5,5,6,6,6.0,5,0.0,6,6,6,6,6,5,,6,6,6,6,6,6,6.0,6.0,,6,6,6,,5,6,6,5,6,5,5,0,5,6,6,6,6,,6.0,5,6,6,5,,6,5,6.0,1,6,,6,2.0,6.0,6,,6,6,,6,6,6,6.0,6,6,5,6.0,6,6.0,6,,6,5,6,6,5,,6.0,6,6.0,,5,6,6,5,6,5,6.0,6,6,6,6,6,6,6,6,0,6,5,,5,5,,4,0,6,6,5,6,,5,6,6,5,6,6,5,4,,,5,6,6.0,,6.0,,,6,6,5,6.0,,,,2,,6,,,5,4,6,6.0,,132,10,1.7307324840764329,-0.5513175293706588
6,6,6,6,5,6,6,4,6,6,5,6,3,6,7,6,6,7.0,7.0,5,5,5,6,7,7,6,0,6,6,6,6,6,7,7,6,6,1,7,0,7,3,6,6,6,7.0,6,6,6,6,7,7.0,6,5,0.0,6,6,6,6,6,5,6,6,7.0,6,7.0,6,,7,6,,6,5,7,7,6,6,6,7,7,6,5,6,5,6,7,6,6,5,6,6,7,5,6.0,6,,6,5,7,6,7,5,0,6,6,3,6,7.0,7.0,6,7,6,6,6,6,2.0,6,6,6,6,3,5.0,7,0,6,5,6,0,6,7,6,7,6,7.0,7.0,7,6,7,,6,7,7,6,7,6,6,6,6,7.0,6,6.0,7.0,7.0,6,,6,4,7.0,7,7,5,7,7,6,1,7,7,,,6,5,7,7.0,5,7,7,7.0,7,6,7.0,7,7,6,7.0,0,5,6,4,6,7,6,4,6,5,6,7,6,6,5,6,4,7.0,6,5,6,7.0,6,6,6,6,7,7,6,7.0,,4,6,6,7,6,6,7,7,6,6,7,,7.0,7,7.0,0.0,,6,6,7,6,7,6.0,,7.0,6,6,4,6,6,7,7,7,6,7,7.0,,6,6,3,7.0,7.0,7.0,6,6,6,6,7.0,6,,0,6,7,7,6,5,7.0,6,7,7,6,6,6,7.0,2.0,,7,6,7,,6,7,0,1,7,6,4,6,5,7,6,7,7,,7.0,6,7,6,6,,7,6,7.0,6,5,7.0,7,7.0,7.0,6,,5,6,7.0,5,7,6,7.0,7,6,6,7.0,7,4.0,6,,7,6,7,6,6,,7.0,7,7.0,7.0,7,7,7,6,6,6,7.0,7,7,6,6,7,6,7,7,6,7,6,,6,6,,4,6,6,7,6,7,7.0,4,7,6,6,7,7,6,7,7.0,6.0,6,6,7.0,,7.0,,7.0,7,7,7,7.0,,,,7,,7,,,6,6,7,7.0,7.0,133,10,1.775061525840853,-0.6222336091453495
5,4,5,4,4,5,5,5,4,5,5,5,5,5,5,4,5,5.0,5.0,5,4,0,5,5,5,5,4,5,2,4,4,3,5,6,4,5,5,5,4,3,5,5,5,5,6.0,5,5,5,5,5,6.0,2,4,,0,3,5,4,5,4,4,0,6.0,5,6.0,5,,5,5,,4,4,6,5,5,5,5,5,5,5,5,5,3,5,5,5,5,5,5,5,6,3,6.0,5,4.0,4,5,5,5,5,5,5,4,5,4,4,6.0,4.0,5,5,5,5,5,1,6.0,4,5,5,5,5,6.0,5,6,4,4,5,5,5,6,5,5,5,6.0,6.0,6,4,5,6.0,1,6,4,4,5,5,5,2,3,6.0,5,6.0,6.0,6.0,5,,5,6,6.0,5,5,0,5,5,0,5,6,5,6.0,,5,5,5,6.0,4,6,6,6.0,6,5,5.0,4,5,5,6.0,5,4,5,5,5,3,5,4,5,4,5,5,4,5,3,5,4,5.0,4,5,5,6.0,5,5,5,5,4,5,3,6.0,,5,4,5,5,4,5,5,5,5,4,6,,0.0,5,0.0,,0.0,4,5,5,5,5,6.0,,6.0,4,5,5,5,0,2,6,6,2,6,6.0,6.0,5,5,5,6.0,5.0,6.0,5,4,4,5,6.0,5,,5,5,5,5,2,5,6.0,5,5,6,5,5,4,5.0,6.0,,5,5,5,,5,5,5,5,5,2,5,4,5,5,4,5,6,,6.0,4,5,1,5,,5,4,5.0,4,4,6.0,6,6.0,6.0,5,,5,5,2.0,5,3,5,6.0,5,5,5,6.0,5,5.0,4,,5,5,5,5,5,,6.0,6,6.0,6.0,3,5,5,5,5,5,5.0,1,5,5,0,4,5,6,5,4,5,4,,4,5,,5,5,4,5,5,5,6.0,5,5,5,5,3,5,4,5,6.0,,5,5,6.0,6.0,6.0,,6.0,5,5,5,6.0,,,,5,,5,,,5,5,5,5.0,6.0,134,10,1.7112580535774842,-0.6130173174854955
5,5,5,5,4,5,6,6,5,5,5,5,6,6,6,5,6,6.0,6.0,5,3,6,4,6,6,5,1,5,5,6,5,1,5,6,5,5,6,6,5,5,6,6,5,6,,5,5,6,5,6,6.0,6,5,,6,5,5,0,5,4,5,5,6.0,6,,6,,5,5,,5,4,6,6,6,5,6,6,6,6,3,5,2,5,2,5,5,4,5,5,0,4,6.0,5,,4,5,6,5,6,5,0,4,5,5,5,6.0,6.0,5,6,0,6,5,5,6.0,4,5,3,5,6,6.0,6,6,2,5,5,5,6,6,6,6,5,6.0,6.0,6,5,6,,5,6,6,4,6,5,5,6,6,,6,,,,2,,6,6,5.0,6,6,4,6,5,0,5,6,6,,,5,5,6,6.0,4,6,6,6.0,6,6,6.0,6,5,6,6.0,6,4,6,5,5,6,6,4,2,5,5,5,5,5,4,6,5,6.0,6,5,5,,5,6,5,0,5,6,5,,,4,5,5,6,5,5,6,6,5,5,6,,,6,6.0,,,6,5,6,5,6,0.0,,,5,5,5,6,5,6,6,6,5,6,6.0,,5,5,0,6.0,0.0,6.0,5,5,6,5,6.0,5,0.0,6,5,6,6,5,5,6.0,6,6,6,5,6,5,6.0,6.0,,6,6,6,,6,6,5,5,5,5,5,4,5,6,5,6,6,,,5,6,6,5,,6,5,6.0,5,5,6.0,6,6.0,,5,,5,3,6.0,6,6,6,6.0,6,5,3,6.0,6,6.0,5,,5,6,6,5,4,,6.0,6,6.0,6.0,6,6,6,5,5,5,6.0,6,6,6,5,6,3,6,6,4,5,3,,5,5,,5,5,5,5,5,3,,4,6,5,5,6,6,4,6,6.0,,5,5,6.0,,6.0,,6.0,6,6,6,6.0,,5.0,,5,,6,,,5,5,6,6.0,,135,10,1.7085013962147069,-0.647755457415152
5,4,5,5,4,0,5,5,5,5,4,5,5,5,5,5,2,6.0,6.0,6,4,6,3,5,5,5,5,5,4,6,5,5,5,6,4,5,6,4,5,6,6,6,0,5,6.0,5,5,5,5,6,6.0,6,4,0.0,5,5,5,5,3,5,5,5,6.0,6,,2,,6,5,,5,4,6,6,5,3,6,6,5,0,4,5,5,3,5,5,5,4,5,6,6,3,6.0,5,6.0,1,5,6,5,5,3,5,5,6,5,4,6.0,6.0,5,6,5,6,5,4,6.0,0,2,5,4,6,6.0,6,6,5,5,3,5,5,6,6,6,4,6.0,6.0,6,5,6,6.0,5,3,6,4,1,5,5,6,6,,6,6.0,6.0,6.0,4,,6,6,6.0,6,6,4,5,5,6,5,6,6,,,5,5,6,6.0,4,6,6,6.0,6,5,6.0,5,5,5,6.0,6,5,6,5,3,6,6,5,5,5,5,5,5,5,4,5,5,6.0,5,0,5,6.0,5,4,5,5,2,6,5,6.0,,5,5,5,6,4,5,6,0,5,5,6,,6.0,5,6.0,,,0,5,6,5,5,5.0,,6.0,5,6,5,3,5,5,6,6,5,6,6.0,6.0,5,5,5,5.0,6.0,6.0,5,5,5,0,6.0,5,,6,5,6,6,5,5,6.0,5,6,5,5,5,5,6.0,6.0,,6,5,6,,5,5,6,5,6,5,4,5,5,2,6,6,6,,6.0,4,6,5,5,,6,5,6.0,5,5,6.0,6,5.0,6.0,5,,6,6,6.0,6,6,5,6.0,6,5,5,6.0,6,6.0,5,,6,4,6,5,5,,3.0,6,6.0,6.0,5,6,6,5,5,5,6.0,4,6,5,5,6,5,6,6,3,6,4,,5,5,,5,5,5,6,5,6,,5,0,5,4,5,6,5,6,6.0,,5,5,6.0,,6.0,,6.0,6,6,6,6.0,,,,5,,6,,,5,6,6,6.0,,136,10,1.7051012145748987,-0.6762618142226507
5,5,5,5,5,6,6,5,5,6,5,0,5,5,6,5,5,6.0,6.0,5,4,6,5,6,6,5,4,5,5,0,5,5,6,6,5,4,6,6,5,6,6,6,5,0,,5,5,6,5,6,6.0,5,4,,5,5,5,5,5,5,2,5,6.0,6,,6,,5,3,,5,4,6,6,6,5,6,6,6,6,4,5,5,5,5,1,5,5,4,2,6,3,6.0,0,6.0,5,5,6,5,6,5,6,5,5,5,4,0.0,6.0,5,6,5,6,6,4,,5,6,6,5,6,6.0,6,6,5,4,6,5,6,6,6,6,4,6.0,6.0,6,5,6,,2,6,6,5,6,5,6,6,6,,6,6.0,,,4,,6,6,6.0,6,5,4,6,6,6,5,6,6,,,5,6,3,6.0,4,6,6,6.0,6,6,6.0,6,5,3,5.0,3,5,6,0,6,6,6,3,5,5,5,6,4,6,5,5,1,2.0,5,5,6,0.0,6,6,5,6,6,5,6,6.0,,5,6,6,6,5,5,6,6,5,5,6,,,6,0.0,,,5,5,6,5,6,6.0,,,5,6,5,6,5,6,6,6,5,6,6.0,,6,6,6,6.0,6.0,6.0,5,6,5,6,6.0,5,,6,6,5,6,5,5,4.0,6,6,6,6,6,5,6.0,6.0,,6,5,6,,6,6,5,5,6,5,5,4,5,6,6,6,0,,,5,6,6,5,,6,1,6.0,6,6,,6,6.0,6.0,6,,6,5,6.0,6,6,6,6.0,6,6,4,6.0,5,5.0,5,,6,5,5,5,5,,6.0,6,6.0,,5,6,6,5,6,6,6.0,6,5,6,6,6,6,6,6,2,6,4,,5,5,,3,5,6,6,3,6,,5,6,6,5,6,6,5,6,6.0,,6,5,6.0,6.0,6.0,,6.0,6,5,6,6.0,,,,5,,6,,0.0,5,6,6,6.0,6.0,137,10,1.672752591675692,-0.6007137947944583
5,5,6,5,5,5,6,5,5,5,2,6,5,5,6,6,5,6.0,6.0,6,3,6,5,6,5,5,4,5,5,5,5,5,1,6,4,5,6,6,5,6,6,6,6,6,,6,5,5,5,6,6.0,5,4,,6,4,0,5,5,5,5,5,6.0,6,,6,,6,5,,4,5,6,6,6,5,6,6,6,6,4,5,5,5,6,5,5,4,6,5,6,4,,5,,4,5,6,5,5,6,5,5,6,5,5,6.0,6.0,5,6,5,5,6,5,6.0,5,5,3,0,3,6.0,6,0,5,5,6,5,6,6,6,6,5,6.0,6.0,6,6,4,,0,6,6,5,6,5,5,6,6,,6,6.0,,,5,,6,6,6.0,6,6,5,6,6,6,5,6,6,,,4,3,6,6.0,5,6,6,6.0,6,6,6.0,6,5,6,6.0,6,4,6,5,5,6,6,4,2,5,5,6,5,6,3,6,5,6.0,6,5,5,,6,6,6,5,6,6,0,6.0,6.0,5,6,6,6,4,5,6,6,5,5,6,,,5,6.0,,,6,5,6,5,5,6.0,,1.0,5,6,6,5,2,5,6,5,4,6,6.0,6.0,0,3,5,1.0,6.0,6.0,6,5,5,6,6.0,5,6.0,2,3,6,6,6,5,6.0,6,6,6,5,6,4,0.0,6.0,,6,6,6,,6,6,6,1,6,5,5,4,5,6,6,6,6,0.0,,5,6,6,5,,6,5,6.0,5,5,4.0,6,6.0,6.0,5,,6,5,6.0,6,6,6,6.0,6,6,5,6.0,6,5.0,5,,6,4,5,5,5,,6.0,6,6.0,,6,6,5,5,5,5,6.0,0,6,6,5,6,6,6,6,4,6,5,,5,5,,6,5,5,6,0,6,,5,6,3,2,5,5,4,6,,,5,6,6.0,,6.0,,6.0,6,6,6,6.0,,,,6,,6,,,5,5,6,6.0,,138,10,1.7087302826799935,-0.6326783027108224
3,4,0,3,3,4,4,4,4,3,3,4,4,4,4,4,4,3.0,4.0,3,2,2,3,0,3,4,2,3,3,4,3,1,4,4,4,4,1,2,1,4,4,4,4,4,5.0,4,3,4,1,4,5.0,4,3,,4,4,4,3,4,3,3,3,4.0,4,5.0,4,,4,4,,4,2,5,4,4,3,4,4,4,0,2,1,3,4,2,3,3,3,4,4,4,3,5.0,4,,3,3,4,1,1,4,4,2,3,3,3,5.0,4.0,3,4,4,4,4,2,5.0,1,0,4,3,4,4.0,4,4,3,3,4,4,4,4,3,4,3,2.0,5.0,4,4,4,5.0,4,4,4,3,4,4,2,2,4,5.0,4,5.0,5.0,5.0,4,,4,4,4.0,4,4,3,5,2,4,4,4,4,5.0,5.0,3,4,4,0.0,3,4,4,4.0,4,4,5.0,4,4,4,5.0,4,3,4,3,3,4,4,3,2,3,4,4,1,4,3,4,3,4.0,4,0,3,4.0,4,4,4,4,4,5,4,3.0,,3,3,4,4,0,4,0,4,3,2,4,,5.0,4,5.0,,,1,4,4,4,4,5.0,,5.0,4,4,4,4,3,4,4,4,4,4,4.0,5.0,4,4,4,5.0,4.0,1.0,4,3,4,4,4.0,3,,4,4,4,4,4,3,5.0,3,4,4,3,4,4,4.0,4.0,,4,4,4,,4,4,4,3,4,4,4,3,1,4,4,4,4,,5.0,3,0,4,4,,4,4,4.0,4,4,5.0,4,5.0,5.0,4,,4,4,4.0,5,4,4,5.0,4,4,4,3.0,4,5.0,4,,4,4,4,4,4,,5.0,4,4.0,5.0,4,4,4,4,4,4,5.0,4,4,4,3,4,4,2,4,3,4,4,,4,4,,4,3,3,4,3,4,5.0,3,4,4,4,4,4,3,4,4.0,,2,4,4.0,5.0,4.0,,5.0,4,4,0,5.0,,5.0,,4,,4,,,3,4,4,5.0,5.0,139,10,1.5751687798452165,-0.6220908697258326
4,4,4,4,3,5,5,5,0,4,4,2,5,4,5,5,5,6.0,6.0,4,4,5,5,5,5,4,3,5,5,5,0,4,5,5,4,1,5,5,5,5,5,5,5,5,6.0,3,4,5,5,5,6.0,0,5,,5,4,5,4,5,4,4,4,5.0,5,6.0,3,,5,4,,4,3,3,5,5,4,5,5,4,6,3,4,4,5,5,4,5,4,3,4,5,2,6.0,4,,4,5,5,5,5,5,5,4,5,3,5,6.0,6.0,4,5,5,5,5,4,6.0,4,5,5,5,6,6.0,6,6,4,5,5,5,5,5,5,5,4,6.0,5.0,5,5,6,6.0,5,6,5,4,5,4,5,5,5,6.0,5,6.0,6.0,6.0,5,,5,5,6.0,5,6,5,5,6,5,5,6,5,,,5,4,5,6.0,1,5,6,6.0,6,5,6.0,5,5,5,6.0,5,3,5,5,5,6,5,4,4,4,4,5,5,5,4,5,4,6.0,5,1,2,6.0,5,5,5,5,5,5,5,6.0,4.0,4,4,5,5,4,5,5,2,5,4,5,,6.0,5,6.0,,,5,4,5,5,5,5.0,,6.0,4,5,5,5,5,5,5,5,5,5,6.0,6.0,5,5,5,6.0,5.0,5.0,5,5,5,5,6.0,5,,0,4,5,6,5,5,6.0,5,5,5,4,5,5,6.0,6.0,,5,5,5,,5,5,4,4,5,4,5,4,5,5,4,5,5,,6.0,3,5,5,5,,6,5,6.0,5,5,6.0,5,6.0,6.0,5,,0,5,5.0,5,5,5,6.0,3,5,4,5.0,2,6.0,5,,4,5,5,5,5,,6.0,5,6.0,5.0,5,5,0,5,0,5,5.0,5,5,5,5,5,5,5,5,4,5,5,0.0,5,4,,0,5,4,5,4,6,6.0,2,5,5,5,1,5,2,5,6.0,,4,5,6.0,6.0,0.0,,6.0,5,5,5,6.0,,6.0,,5,,5,,,5,3,5,6.0,6.0,140,10,1.7027604337824522,-0.6621044536981321
5,5,5,4,1,5,5,5,5,0,4,5,4,4,5,5,5,6.0,6.0,5,2,5,5,5,5,4,5,4,5,4,5,3,5,6,4,3,5,5,4,5,5,0,5,5,6.0,5,4,5,4,5,6.0,5,4,,5,4,5,5,5,4,4,4,6.0,5,6.0,5,,3,4,,0,1,5,5,5,3,4,5,5,5,4,5,4,5,5,5,5,4,5,5,6,3,6.0,5,,4,4,5,5,5,4,5,4,5,4,5,6.0,6.0,4,5,4,5,5,4,6.0,5,4,5,5,5,6.0,4,5,4,3,5,5,5,5,4,5,4,6.0,5.0,5,5,6,6.0,4,5,5,4,5,5,5,5,5,6.0,5,6.0,4.0,6.0,4,,5,5,6.0,5,5,4,5,5,2,5,5,0,6.0,,4,5,5,6.0,4,5,5,6.0,6,5,6.0,5,5,5,6.0,5,4,2,4,5,5,5,4,4,4,4,4,5,5,3,3,4,6.0,0,5,5,6.0,5,5,5,5,5,5,5,6.0,,4,5,5,4,2,5,3,5,3,2,5,,6.0,5,6.0,,,5,5,5,0,5,6.0,,6.0,5,5,5,4,4,5,6,5,3,5,5.0,6.0,5,4,5,6.0,5.0,6.0,5,4,3,5,0.0,5,,5,4,5,5,4,5,0.0,5,4,5,5,5,1,5.0,5.0,5.0,5,5,5,,5,5,5,4,5,5,4,0,4,5,5,5,5,,6.0,4,5,5,5,,5,5,6.0,5,5,6.0,5,6.0,6.0,4,,5,3,6.0,6,5,5,6.0,5,5,5,6.0,5,6.0,5,,5,5,5,4,5,,6.0,5,5.0,6.0,5,5,2,5,5,5,6.0,5,5,5,5,5,5,6,5,4,5,5,,5,5,,3,4,5,5,4,6,5.0,5,5,5,5,5,5,5,5,6.0,,5,5,6.0,6.0,6.0,,6.0,5,5,5,6.0,0.0,,,5,,5,,,4,5,5,6.0,6.0,141,10,1.707599478147424,-0.6548610850802806
4,5,5,5,5,5,5,6,0,4,5,5,5,3,6,6,4,6.0,7.0,5,5,6,5,6,6,5,4,5,6,6,5,5,6,6,5,5,6,6,6,6,6,2,6,6,7.0,6,5,6,3,6,7.0,5,4,,5,5,5,1,6,5,5,6,5.0,0,7.0,5,,6,6,,5,4,6,6,5,6,0,3,6,6,5,5,4,5,6,5,6,5,6,6,6,1,7.0,6,,5,5,6,6,6,6,6,4,6,5,6,7.0,7.0,5,6,6,6,6,5,7.0,5,6,5,5,6,6.0,6,6,5,5,6,5,6,6,6,0,4,7.0,6.0,6,6,6,7.0,6,6,6,5,6,5,6,6,6,7.0,6,6.0,7.0,7.0,5,,6,6,7.0,5,6,5,6,6,6,5,6,6,7.0,,5,5,6,6.0,4,6,6,6.0,6,6,6.0,6,5,6,7.0,6,3,6,5,6,6,6,4,5,5,2,5,5,1,4,5,4,6.0,6,0,0,7.0,5,6,6,6,0,6,0,6.0,6.0,5,5,6,6,5,4,6,6,6,5,6,,7.0,6,7.0,,6.0,2,3,6,6,6,7.0,,7.0,5,6,6,6,5,6,6,6,5,6,7.0,7.0,5,6,5,7.0,6.0,6.0,6,6,5,6,5.0,5,,6,6,6,6,3,6,6.0,6,0,6,5,5,6,7.0,7.0,,4,5,6,,5,6,5,5,6,5,6,5,2,6,6,6,6,,7.0,5,6,0,5,,6,5,6.0,6,6,7.0,6,6.0,6.0,5,,6,6,6.0,6,6,6,6.0,6,5,5,5.0,6,6.0,6,,6,5,6,6,6,,7.0,6,6.0,7.0,5,6,6,6,6,6,6.0,4,6,6,6,4,6,6,5,5,6,6,,5,6,,5,5,6,6,5,6,7.0,6,6,6,6,6,6,6,6,7.0,,6,6,7.0,7.0,7.0,,7.0,4,6,6,6.0,,7.0,,6,,6,,,6,5,6,7.0,7.0,142,10,1.7621749408983451,-0.6502638968917783
5,5,5,5,5,5,5,6,5,4,5,5,5,5,6,5,5,6.0,6.0,5,4,6,5,5,6,5,5,4,5,5,5,4,5,6,5,5,6,6,5,5,6,6,5,6,,0,5,6,5,5,6.0,5,5,,5,5,5,5,5,5,5,5,6.0,5,6.0,6,,6,5,,4,4,6,6,3,4,5,6,6,5,3,5,5,5,6,5,5,1,5,6,5,4,6.0,5,,4,4,5,5,6,5,6,5,6,4,5,0.0,0.0,5,6,5,6,6,5,5.0,5,5,6,5,4,6.0,6,6,5,5,6,5,6,6,2,6,4,6.0,6.0,6,5,6,,5,2,6,2,0,5,5,6,0,,6,5.0,6.0,6.0,0,,5,6,6.0,3,6,5,6,6,5,5,6,6,,3.0,5,5,6,0.0,4,6,2,6.0,6,0,6.0,6,5,5,6.0,6,4,5,3,5,5,4,2,5,4,4,5,5,5,4,5,5,6.0,5,5,5,6.0,5,6,5,5,6,1,5,6.0,,5,6,6,6,5,5,6,6,5,5,6,,6.0,5,6.0,,,6,3,6,5,6,6.0,,6.0,4,6,5,5,5,5,6,6,4,5,6.0,,5,5,5,6.0,6.0,6.0,5,5,5,4,6.0,5,6.0,5,5,6,6,6,5,6.0,6,6,5,6,5,5,6.0,6.0,,6,5,5,,4,5,6,5,6,5,5,5,5,6,6,6,5,,6.0,5,6,6,4,,6,5,6.0,5,5,6.0,6,6.0,6.0,3,,5,6,6.0,6,6,5,6.0,6,5,3,6.0,6,0.0,4,,6,2,5,5,5,,6.0,6,6.0,,6,6,6,5,5,5,6.0,5,6,6,5,6,6,6,1,5,0,5,,5,5,3.0,5,4,5,5,5,6,,5,6,3,5,6,5,5,5,6.0,,5,5,6.0,,6.0,,6.0,6,6,6,6.0,,,,5,,6,,,5,5,6,6.0,6.0,143,10,1.6630824372759854,-0.5895236024649467
4,5,5,4,4,5,5,5,5,5,5,5,5,4,5,5,4,6.0,5.0,3,0,5,4,5,5,5,4,3,5,5,4,4,5,5,5,1,0,5,3,5,3,2,5,5,6.0,5,4,5,5,5,6.0,4,5,,4,3,5,0,5,4,4,5,6.0,5,6.0,5,,5,5,,4,3,5,5,5,3,5,5,5,5,4,4,4,5,5,5,5,4,5,5,5,4,6.0,5,,4,4,5,4,5,5,5,5,5,4,4,4.0,5.0,4,2,4,5,5,4,6.0,4,5,5,5,5,6.0,5,5,5,0,4,5,4,5,5,5,4,5.0,6.0,6,5,6,6.0,2,5,5,4,5,5,5,3,5,6.0,5,6.0,6.0,6.0,4,,5,5,0.0,5,5,4,5,4,5,2,5,5,0.0,6.0,4,5,5,6.0,4,5,5,6.0,5,5,6.0,5,5,5,6.0,5,4,5,4,5,5,0,3,1,4,5,5,5,5,3,5,0,6.0,5,4,5,6.0,5,5,5,5,5,5,5,6.0,6.0,2,5,5,5,4,5,5,5,4,4,5,,6.0,5,6.0,,,5,5,6,4,5,6.0,,6.0,4,5,4,5,5,5,6,5,4,5,2.0,6.0,5,5,5,6.0,5.0,5.0,1,2,5,4,6.0,3,,5,5,5,5,5,5,6.0,5,5,5,5,5,4,5.0,6.0,,0,5,5,,5,5,5,4,5,4,4,4,4,5,5,4,5,,6.0,4,5,5,4,,5,5,6.0,5,4,6.0,5,5.0,6.0,5,,5,5,6.0,6,5,5,6.0,5,5,4,6.0,4,6.0,5,,5,5,5,5,5,,0.0,5,6.0,6.0,5,5,4,5,5,4,6.0,5,5,5,5,5,5,5,2,4,5,5,,5,5,,5,4,5,5,3,6,6.0,5,5,3,5,5,5,5,5,6.0,,4,5,6.0,6.0,5.0,,6.0,6,5,5,5.0,,6.0,,5,,5,,,5,5,5,5.0,6.0,144,10,1.6908848525245799,-0.6465968649782448
3,4,4,1,3,4,4,4,3,3,2,4,3,3,4,4,4,4.0,5.0,4,3,4,4,4,4,3,3,3,4,3,4,3,4,4,3,4,4,4,4,4,4,4,4,4,5.0,4,3,4,3,4,5.0,0,3,5.0,4,4,4,3,4,3,2,4,5.0,4,5.0,4,4.0,4,3,,1,2,4,4,4,4,4,4,4,4,3,4,2,4,4,4,4,3,4,3,4,2,5.0,3,,4,2,4,4,4,4,4,4,4,3,0,4.0,5.0,4,4,4,3,2,3,5.0,3,4,4,4,4,5.0,5,4,3,1,3,4,4,4,4,4,3,5.0,5.0,4,4,5,5.0,4,4,4,3,4,3,4,4,3,5.0,4,5.0,5.0,5.0,3,,4,5,5.0,4,4,3,4,4,4,4,4,5,4.0,,3,4,4,5.0,3,4,4,5.0,4,3,5.0,4,4,4,5.0,4,2,4,4,3,5,4,1,3,4,3,4,3,4,2,2,1,5.0,4,3,4,5.0,4,4,4,4,4,4,3,4.0,,3,4,4,4,3,4,0,4,3,1,5,,5.0,4,5.0,,,4,4,4,4,4,5.0,,5.0,4,4,4,4,2,4,5,4,3,4,5.0,5.0,4,4,4,5.0,4.0,4.0,0,4,0,4,5.0,3,,4,1,4,4,4,4,4.0,4,3,4,4,1,3,4.0,5.0,,4,4,4,,4,4,4,4,4,3,3,3,3,4,4,4,4,,5.0,3,5,4,3,,4,4,5.0,4,4,5.0,4,5.0,5.0,4,,4,4,5.0,5,4,4,5.0,4,0,3,4.0,3,5.0,4,,4,3,4,0,4,,5.0,4,4.0,0.0,4,4,4,4,4,4,4.0,4,4,3,4,4,4,4,4,0,4,3,,3,4,1.0,4,2,4,4,3,5,5.0,4,4,3,4,4,4,3,4,5.0,,4,4,5.0,5.0,0.0,,5.0,5,4,4,5.0,,5.0,5.0,4,,4,,,3,4,4,5.0,5.0,145,10,1.563364242720026,-0.6879208552616509
6,5,5,5,6,6,2,6,5,6,6,6,6,6,7,6,6,7.0,7.0,6,5,6,6,7,6,6,6,4,6,6,6,6,6,7,6,6,7,6,4,6,6,6,7,7,5.0,6,6,6,6,6,7.0,6,5,,6,6,0,6,6,6,4,6,7.0,6,7.0,6,,6,5,0.0,6,6,7,7,6,6,6,7,0,6,3,5,5,6,7,6,6,4,7,6,7,6,7.0,6,,5,5,7,5,6,6,6,1,6,5,6,7.0,6.0,6,7,6,6,6,5,7.0,6,6,6,6,6,7.0,5,6,6,5,6,6,6,7,7,6,6,7.0,6.0,7,6,3,3.0,5,7,6,6,6,5,6,6,6,,7,7.0,7.0,7.0,6,,6,7,7.0,7,5,5,4,0,6,6,7,6,7.0,,6,6,7,7.0,6,7,7,7.0,7,7,7.0,7,6,5,6.0,4,5,6,5,6,7,6,5,6,6,6,6,6,6,5,7,4,7.0,6,6,7,7.0,6,7,6,6,7,7,6,7.0,,5,4,6,7,5,6,0,6,6,5,7,,7.0,6,7.0,,,6,6,7,6,6,7.0,,7.0,5,3,6,6,4,6,7,6,5,6,7.0,7.0,6,6,5,7.0,7.0,7.0,6,6,6,6,7.0,6,,7,6,6,7,6,6,7.0,6,7,6,6,6,3,7.0,7.0,,6,7,6,,6,7,6,6,7,6,6,2,6,6,7,7,7,,7.0,0,6,7,6,,7,5,7.0,6,6,7.0,0,7.0,7.0,6,,6,6,7.0,7,6,6,7.0,6,7,6,7.0,5,7.0,6,,6,6,6,6,6,,7.0,0,7.0,7.0,3,6,6,6,6,6,7.0,6,3,6,6,6,6,7,7,6,6,6,,5,6,,6,5,6,6,6,7,0.0,5,7,6,6,6,7,0,6,7.0,,6,6,7.0,7.0,7.0,7.0,7.0,7,7,6,7.0,,,,6,,7,,,6,6,6,6.0,7.0,146,10,1.7704306544591386,-0.6252895468114619
5,5,5,4,1,5,4,0,5,5,5,5,5,4,5,5,5,6.0,6.0,5,3,5,3,5,5,5,4,5,4,3,4,4,4,5,5,4,5,5,5,5,5,5,5,5,6.0,5,5,5,2,5,6.0,5,4,,5,4,4,4,5,4,3,5,5.0,5,6.0,5,,5,4,,5,4,5,5,5,4,3,5,5,5,3,4,4,5,5,4,5,4,5,5,5,4,6.0,5,,3,4,5,5,5,5,2,0,5,4,5,6.0,5.0,5,5,2,5,5,4,6.0,4,4,4,5,5,4.0,5,5,5,4,5,5,5,5,4,6,4,6.0,6.0,5,5,1,6.0,1,5,5,4,5,4,5,5,5,6.0,5,6.0,0.0,6.0,5,,5,5,6.0,5,0,4,5,5,5,0,5,5,6.0,,2,5,5,6.0,4,5,6,6.0,6,6,5.0,5,4,5,6.0,5,4,5,4,5,5,5,4,5,4,5,5,4,5,4,5,4,6.0,5,1,5,4.0,5,5,5,5,5,5,5,6.0,,3,5,5,5,3,5,5,5,4,4,5,,6.0,5,6.0,0.0,6.0,5,2,5,5,5,6.0,6.0,6.0,4,5,5,5,4,5,2,4,4,4,6.0,6.0,5,5,5,0.0,5.0,6.0,5,5,5,5,6.0,4,0.0,2,4,5,5,4,2,6.0,4,5,5,5,5,5,5.0,6.0,,5,5,5,,5,3,5,4,5,5,4,3,5,5,5,3,5,,6.0,4,5,5,5,,5,5,6.0,5,1,5.0,5,6.0,6.0,4,,5,5,5.0,5,5,3,6.0,5,5,4,5.0,5,5.0,5,,5,4,2,5,5,,6.0,5,6.0,6.0,5,5,5,4,0,4,5.0,5,5,5,0,5,5,5,5,4,5,5,,4,3,,5,4,4,5,2,4,6.0,4,5,5,4,5,5,4,5,6.0,,5,5,6.0,6.0,6.0,,6.0,5,5,5,5.0,,6.0,,5,,5,,,5,4,5,5.0,6.0,147,10,1.6464141821112008,-0.6279930110477712
5,4,5,4,4,0,5,0,5,5,5,5,5,5,5,5,5,6.0,5.0,5,4,5,5,5,5,4,4,5,5,5,4,4,5,5,4,0,4,5,4,5,5,5,5,5,6.0,5,5,5,4,5,6.0,5,4,,5,4,5,4,5,3,4,4,6.0,5,6.0,5,,5,3,,4,4,6,5,5,4,5,6,5,5,3,4,4,5,4,4,3,4,5,5,5,3,6.0,5,,3,4,5,5,5,4,5,4,5,3,5,6.0,6.0,3,5,5,5,5,2,6.0,4,5,5,5,5,6.0,6,5,4,4,4,5,5,6,5,5,4,6.0,5.0,6,5,1,6.0,5,5,5,4,5,5,5,2,5,6.0,5,4.0,6.0,6.0,2,,5,5,6.0,5,5,4,5,5,2,5,5,5,6.0,,4,5,5,5.0,1,5,0,5.0,5,5,6.0,2,5,5,6.0,5,4,5,5,5,6,5,4,5,5,5,5,4,5,4,5,4,4.0,5,5,5,1.0,5,5,4,5,5,5,5,6.0,,4,5,5,5,4,5,5,3,5,4,5,,6.0,5,6.0,,,5,5,5,5,5,5.0,,5.0,5,5,3,2,4,4,5,5,1,5,5.0,6.0,5,5,5,6.0,5.0,6.0,5,4,5,5,5.0,5,,5,5,5,0,5,5,6.0,0,5,5,5,5,5,5.0,6.0,,5,5,5,,5,5,5,4,5,5,5,3,4,5,5,6,5,,6.0,4,5,5,4,,5,5,6.0,5,5,6.0,5,6.0,6.0,5,,5,5,5.0,6,5,5,6.0,2,4,5,5.0,3,6.0,4,,5,5,5,3,4,,5.0,5,5.0,0.0,5,5,5,4,4,5,5.0,5,5,5,5,5,5,5,5,4,5,4,,3,4,,5,4,4,4,4,5,0.0,5,5,5,5,5,3,0,5,6.0,,5,4,6.0,6.0,5.0,,5.0,5,5,5,6.0,,6.0,,5,,5,,,0,5,5,6.0,4.0,148,10,1.662765782099885,-0.615435400722059
5,5,6,5,5,6,6,6,5,6,6,6,6,5,6,5,6,6.0,6.0,6,4,6,5,6,6,5,5,5,5,4,6,5,5,6,5,5,6,6,5,6,6,6,6,6,,5,5,6,1,6,,6,5,,5,3,5,5,0,4,1,5,6.0,4,,6,,6,5,,5,3,6,0,6,5,6,6,5,6,2,5,5,6,6,5,5,5,6,6,6,5,,6,,4,4,6,5,5,5,6,5,6,4,3,6.0,3.0,6,6,5,6,6,4,,1,5,6,6,6,,6,6,5,5,5,5,6,6,6,6,5,6.0,6.0,6,5,6,,4,6,6,3,6,5,6,6,0,,6,,,6.0,5,,6,6,6.0,6,6,4,6,6,4,5,6,6,,,5,6,6,,5,6,6,6.0,4,6,6.0,6,2,4,,4,5,5,6,5,6,6,5,6,5,6,6,5,0,4,6,5,6.0,6,5,6,,5,6,6,5,6,6,6,,,0,5,6,6,5,5,6,6,5,5,6,,,6,6.0,,,6,5,6,6,6,6.0,,,5,5,0,6,4,5,6,6,5,5,6.0,,6,6,6,6.0,6.0,6.0,5,5,6,5,6.0,5,,6,6,5,6,6,6,6.0,6,6,6,5,6,5,6.0,6.0,,6,6,6,,5,6,6,5,6,5,5,5,6,6,6,6,6,,6.0,5,6,6,5,,6,6,6.0,5,5,,6,6.0,,5,,6,6,6.0,6,6,6,6.0,6,6,5,6.0,6,6.0,5,,6,6,6,5,4,5.0,6.0,2,6.0,2.0,6,6,6,5,5,5,6.0,6,6,0,6,6,0,6,6,5,6,5,0.0,4,5,6.0,5,3,5,6,5,6,,5,6,5,4,6,6,4,6,,,5,6,,,0.0,,6.0,6,4,6,6.0,,,,5,,6,,,5,5,6,6.0,,149,10,1.7359259840050179,-0.5825572043111198
5,4,5,4,4,3,5,5,5,5,5,3,5,4,5,5,5,4.0,6.0,5,3,4,5,5,5,5,4,4,3,5,5,4,5,5,5,5,5,5,5,3,5,5,5,5,6.0,5,3,2,4,4,6.0,5,4,5.0,5,2,4,5,5,4,4,4,6.0,5,6.0,5,,5,3,,4,4,6,5,5,4,5,6,5,5,4,5,4,5,5,5,4,4,4,5,0,4,6.0,5,0.0,5,3,5,5,5,4,5,5,5,3,5,6.0,6.0,4,5,5,0,5,4,6.0,4,1,5,5,6,6.0,5,5,4,4,5,5,0,5,3,5,4,6.0,6.0,5,5,6,6.0,1,5,5,0,5,5,5,5,5,6.0,5,6.0,6.0,6.0,2,,5,6,6.0,5,5,4,5,5,5,5,5,5,6.0,,4,5,5,6.0,5,5,5,6.0,5,5,6.0,5,5,5,6.0,5,5,5,5,5,6,4,2,5,4,5,5,4,5,3,5,4,5.0,5,4,5,6.0,4,5,2,5,5,5,5,6.0,,5,5,5,5,4,5,5,6,4,4,6,,6.0,5,6.0,,6.0,5,5,6,5,5,5.0,,6.0,5,5,5,5,0,5,5,5,4,6,6.0,6.0,5,5,5,6.0,5.0,6.0,5,5,5,5,6.0,5,,5,5,5,5,5,2,5.0,5,0,5,5,5,4,5.0,6.0,5.0,5,5,5,,5,6,5,5,5,5,5,4,4,5,5,5,5,,0.0,5,5,5,5,,5,4,5.0,5,4,6.0,5,6.0,6.0,5,,5,5,6.0,5,3,5,6.0,5,5,4,5.0,5,6.0,5,,0,5,5,5,4,,5.0,5,6.0,6.0,5,5,5,4,5,4,6.0,5,5,5,5,5,5,6,6,5,5,4,,5,5,,5,5,1,0,4,6,6.0,5,5,4,5,5,5,5,5,6.0,,5,5,6.0,6.0,6.0,,6.0,6,6,6,5.0,,6.0,,5,,5,,,5,4,5,6.0,6.0,150,10,1.6571141277023633,-0.6612496963493593
6,6,6,6,5,6,6,6,6,1,5,0,6,6,6,6,6,6.0,6.0,5,4,6,6,6,6,6,5,4,6,6,6,6,6,7,6,6,0,7,6,7,6,7,6,7,7.0,6,5,6,6,3,7.0,6,6,,6,6,6,6,6,5,5,3,7.0,6,7.0,6,,6,6,0.0,6,5,7,7,6,6,6,7,6,7,5,6,6,6,6,6,6,5,6,6,7,5,7.0,6,,5,2,7,6,6,6,5,6,6,5,6,7.0,7.0,6,6,6,6,6,6,7.0,5,0,6,4,7,7.0,7,7,6,6,6,6,6,6,7,7,3,7.0,7.0,7,6,6,7.0,5,7,7,5,6,4,6,7,6,7.0,1,7.0,7.0,7.0,5,,6,7,7.0,7,7,5,6,7,6,6,7,7,,,5,6,7,7.0,5,7,7,7.0,7,7,7.0,6,6,6,7.0,6,5,6,4,6,7,6,6,6,4,6,6,5,6,5,2,5,7.0,6,6,4,7.0,5,7,6,6,6,7,6,7.0,,6,6,6,7,5,6,6,6,6,6,7,,7.0,4,7.0,0.0,,6,6,7,6,6,5.0,,7.0,6,6,6,6,6,6,7,7,5,0,7.0,7.0,6,6,6,7.0,7.0,7.0,6,6,6,6,7.0,6,,7,6,7,0,6,5,7.0,6,7,6,0,6,6,7.0,7.0,,7,5,7,,6,6,6,6,6,6,5,5,6,6,6,7,7,,7.0,6,7,6,6,,7,2,7.0,6,6,7.0,6,7.0,7.0,6,,6,6,7.0,7,6,7,6.0,7,6,4,7.0,1,7.0,6,,4,6,6,6,6,,7.0,0,7.0,7.0,7,6,7,6,4,6,6.0,6,7,7,6,6,4,7,7,6,6,6,,6,3,,6,6,5,6,6,7,7.0,5,6,6,6,7,7,6,7,7.0,,6,6,7.0,7.0,7.0,0.0,7.0,7,7,6,7.0,,,,6,,7,,,6,6,7,7.0,7.0,151,10,1.7314475873544093,-0.636908215729813
6,6,0,6,6,7,6,6,6,6,6,6,6,6,7,7,6,7.0,7.0,6,5,7,6,7,6,6,5,6,6,0,6,5,7,7,6,1,7,7,6,7,7,7,6,7,6.0,3,6,6,5,7,7.0,7,3,0.0,6,6,7,6,6,6,6,5,7.0,7,,7,,6,6,,5,5,7,7,6,6,6,3,6,7,5,6,6,6,7,6,7,6,4,0,7,5,7.0,6,,6,6,7,6,6,6,7,6,6,5,6,7.0,7.0,6,7,4,7,7,5,,6,6,6,6,6,,7,7,6,6,6,7,7,7,7,0,5,7.0,7.0,7,6,7,,6,7,7,6,7,6,7,7,7,,7,7.0,,,4,,6,6,7.0,7,7,5,7,7,7,7,7,7,,,6,7,7,7.0,5,7,7,7.0,7,6,7.0,7,7,6,7.0,4,6,7,6,6,7,7,6,6,6,6,6,7,7,4,7,6,7.0,3,2,6,7.0,6,7,7,7,7,7,7,7.0,,6,6,6,7,6,6,7,7,6,6,7,,7.0,7,0.0,0.0,,7,6,7,6,7,7.0,,,6,7,6,6,6,7,7,7,6,7,0.0,,7,7,7,,7.0,7.0,6,5,6,7,7.0,6,,5,6,7,7,7,6,7.0,7,7,7,6,7,6,7.0,4.0,,7,2,6,,4,7,7,6,6,6,6,5,5,5,6,7,7,,,5,7,6,6,,7,6,7.0,6,7,,7,7.0,7.0,6,,7,6,4.0,7,7,7,7.0,7,4,7,7.0,7,7.0,6,,6,6,6,7,6,,7.0,0,7.0,,6,7,7,6,6,7,7.0,7,7,7,7,7,7,7,6,0,7,3,,6,6,,6,6,6,7,6,7,,6,7,7,6,2,7,6,7,7.0,,6,6,6.0,7.0,7.0,,7.0,7,7,4,7.0,,,,6,,2,,,6,6,7,7.0,,152,10,1.7763739734680986,-0.5731661416349445
5,5,5,5,5,6,6,6,5,5,5,5,6,4,6,6,5,6.0,6.0,6,5,6,5,6,5,5,5,5,6,6,0,1,6,6,5,5,6,6,4,6,6,6,6,6,,6,5,6,6,6,,6,5,,6,5,6,5,6,5,5,5,6.0,6,,6,,6,6,,5,4,6,6,6,5,6,6,6,3,4,3,5,6,6,5,5,5,6,6,6,4,,6,,4,5,6,5,6,0,6,5,6,4,5,,6.0,6,6,5,6,6,2,,5,5,5,1,6,6.0,6,6,6,5,6,6,6,6,6,6,5,6.0,6.0,6,6,6,,6,6,6,5,6,6,6,6,6,,6,6.0,,,5,,6,6,,6,6,4,6,6,3,6,6,6,,,5,6,6,,5,4,6,6.0,6,6,6.0,6,6,6,0.0,6,4,6,6,5,6,5,5,0,5,6,5,5,6,4,6,4,6.0,6,5,6,,6,6,5,6,6,6,4,,,5,5,6,6,5,6,6,6,5,5,6,,,6,0.0,,,6,6,6,6,0,6.0,,,5,6,6,0,6,6,6,6,5,6,6.0,,5,6,6,6.0,6.0,,6,6,5,6,,5,,6,6,6,6,6,6,,6,3,6,5,6,5,6.0,6.0,0.0,0,6,6,,6,6,5,5,6,5,6,2,5,6,6,6,6,,6.0,5,6,6,5,,6,1,6.0,6,6,,5,6.0,,6,,6,6,6.0,6,6,6,,6,6,3,6.0,6,,5,,6,5,4,6,6,,6.0,6,6.0,,6,6,6,5,6,6,6.0,6,5,6,6,6,6,3,6,5,6,5,,0,5,,5,3,5,6,5,6,,6,6,6,6,6,6,6,3,,,6,6,6.0,,6.0,,6.0,6,6,6,5.0,,,,6,,6,,,5,5,6,6.0,,153,10,1.7332482450542432,-0.5533642816613186
5,4,6,5,5,5,5,3,3,5,4,5,5,4,2,5,5,6.0,4.0,5,4,6,5,6,4,5,4,4,5,5,1,5,6,6,5,5,6,6,5,6,0,6,5,6,,5,5,6,5,6,6.0,6,5,,5,5,6,6,5,5,5,6,6.0,6,,6,,6,5,,5,4,6,6,6,5,6,6,6,6,5,5,4,5,6,6,5,5,6,6,6,3,,6,,5,5,6,5,6,2,6,5,6,3,5,6.0,6.0,4,6,6,6,6,0,,5,5,6,5,6,6.0,6,6,5,5,5,5,6,6,6,6,5,6.0,6.0,3,5,6,,6,6,6,4,2,6,6,6,5,,6,6.0,,,5,,6,6,6.0,6,6,5,6,6,6,5,6,6,,,5,6,6,6.0,5,6,6,6.0,2,6,6.0,5,5,6,,6,5,6,6,5,6,3,4,5,5,0,5,0,6,4,6,3,6.0,6,5,6,,5,6,5,6,6,6,5,6.0,,5,5,6,6,5,6,6,6,5,5,6,,,6,6.0,,,6,6,6,6,6,6.0,,6.0,5,6,6,5,5,6,6,6,5,6,,,5,6,6,,6.0,6.0,6,6,5,1,6.0,5,,6,6,6,6,6,6,6.0,3,6,6,5,6,5,6.0,0.0,,6,6,6,,5,5,5,0,6,5,6,5,6,6,6,6,6,,,0,5,6,6,,6,5,6.0,6,1,,6,6.0,6.0,5,,6,6,6.0,6,6,6,6.0,6,3,4,6.0,6,6.0,5,,6,5,6,5,5,0.0,6.0,6,6.0,,6,6,6,6,6,1,6.0,5,6,6,6,6,6,6,0,5,6,5,,6,5,,5,6,5,6,5,6,6.0,5,6,6,4,6,6,5,6,,,6,5,,,6.0,,6.0,5,6,6,6.0,0.0,,,6,,6,,,6,5,6,5.0,,154,10,1.7254111076636671,-0.5981182602712736
2,4,4,3,3,4,4,4,4,4,4,4,4,3,4,4,4,5.0,5.0,4,3,4,4,4,1,4,3,4,2,3,4,4,4,0,3,3,4,5,4,4,4,5,2,3,5.0,4,2,5,4,5,5.0,1,3,,4,3,4,4,4,4,4,3,5.0,0,5.0,4,,4,3,,2,0,4,4,3,3,4,5,5,5,3,4,3,3,5,2,4,3,4,4,5,3,4.0,4,,4,4,4,3,4,4,4,4,4,4,4,5.0,5.0,3,4,0,5,3,4,4.0,4,4,4,4,5,5.0,5,4,4,3,4,4,4,5,4,5,4,5.0,1.0,5,4,5,5.0,4,5,0,3,4,4,1,4,4,5.0,4,5.0,4.0,5.0,4,,4,5,5.0,4,5,4,4,5,4,3,3,4,,,4,4,4,5.0,3,4,5,3.0,4,5,5.0,4,4,4,5.0,4,3,4,3,4,5,3,3,3,0,4,0,2,4,2,4,3,5.0,2,4,4,5.0,4,4,4,3,4,4,4,5.0,,4,4,4,5,3,4,4,5,4,3,4,,3.0,4,5.0,,,4,3,5,4,4,5.0,,5.0,4,2,5,4,4,5,5,4,4,5,5.0,5.0,4,4,4,5.0,5.0,5.0,4,4,4,4,5.0,4,,4,4,1,4,0,4,5.0,4,5,4,4,4,4,5.0,5.0,,5,4,0,3.0,4,4,4,4,4,3,1,2,4,4,4,5,5,,5.0,3,4,4,1,,5,4,5.0,4,4,0.0,4,5.0,5.0,4,,4,4,5.0,5,5,2,5.0,5,4,4,5.0,5,5.0,4,,4,1,4,4,4,4.0,5.0,5,5.0,5.0,4,5,4,4,4,4,5.0,5,4,4,4,5,5,4,5,4,4,4,,4,4,,4,3,4,5,4,5,5.0,3,2,4,4,4,5,4,5,5.0,,4,4,2.0,5.0,5.0,,5.0,5,1,4,4.0,,,,4,,4,,,4,4,4,5.0,5.0,155,10,1.5850498338870431,-0.5965813491075332
4,4,2,5,3,5,3,5,5,5,5,5,5,0,6,6,5,6.0,6.0,5,4,6,4,5,5,5,5,5,5,5,0,5,5,6,5,4,6,6,5,5,5,5,6,6,,5,5,5,5,6,6.0,5,4,,2,5,5,4,5,5,5,5,6.0,5,6.0,5,,6,5,,4,3,6,6,5,5,5,6,6,5,4,5,4,4,4,5,5,5,5,3,6,4,6.0,5,,5,5,6,5,5,4,5,2,6,3,5,6.0,6.0,5,6,5,6,6,4,6.0,5,5,5,5,6,6.0,6,6,5,5,5,5,5,6,6,6,5,6.0,6.0,6,5,6,6.0,5,6,6,3,5,5,5,5,5,,5,6.0,6.0,6.0,5,,1,2,6.0,6,6,5,6,5,5,4,2,6,6.0,,5,5,6,6.0,4,5,6,6.0,6,6,6.0,6,5,5,6.0,6,5,5,5,5,6,6,4,5,5,5,5,5,5,0,6,5,6.0,5,4,5,6.0,5,5,5,5,6,6,5,6.0,,5,5,6,5,4,5,6,6,4,4,0,,6.0,6,6.0,,,6,5,0,5,5,6.0,,6.0,0,6,5,5,5,6,6,6,4,6,6.0,,5,5,6,6.0,6.0,6.0,5,5,5,5,5.0,5,,5,5,5,0,5,5,6.0,3,6,6,5,5,2,6.0,6.0,,5,5,6,,0,6,5,4,6,5,5,5,5,5,4,5,6,,6.0,4,6,6,5,6.0,6,6,6.0,5,5,6.0,5,6.0,6.0,5,,5,5,6.0,5,6,6,6.0,5,5,5,6.0,6,6.0,5,,5,5,5,4,6,0.0,6.0,6,6.0,,5,6,6,6,5,5,6.0,5,6,6,2,6,6,6,5,5,5,5,,5,5,,5,4,4,6,4,6,6.0,5,5,0,5,5,6,5,5,6.0,,5,5,6.0,,6.0,,6.0,6,6,3,6.0,,,,6,,6,,,5,5,6,6.0,,156,10,1.7316912972085385,-0.6698711618384549
4,4,0,4,4,5,5,5,1,3,4,4,4,3,4,4,2,4.0,5.0,5,3,5,4,5,4,4,2,4,4,4,3,1,5,5,4,4,5,5,4,5,5,5,4,5,,5,4,5,5,5,,5,4,,4,4,5,4,4,4,4,4,5.0,5,5.0,5,,5,4,,4,2,5,5,5,4,5,5,5,5,4,4,1,4,5,4,5,3,5,5,5,3,,5,,4,4,5,4,4,4,5,3,5,4,5,,5.0,4,5,5,5,5,4,,4,5,5,5,5,,5,5,4,4,5,3,5,5,5,5,4,0.0,5.0,5,5,5,,4,5,5,0,5,5,5,5,5,,5,3.0,,,4,,5,5,,3,5,4,5,5,5,5,5,5,,,4,4,5,5.0,3,5,5,5.0,5,5,5.0,5,0,5,,5,4,5,4,4,5,5,3,4,4,0,5,4,5,3,5,4,5.0,5,4,5,,5,5,5,5,5,5,4,5.0,,4,4,5,5,4,5,5,5,4,4,5,,,5,5.0,4.0,,4,4,5,5,5,5.0,4.0,,4,5,0,5,4,5,5,5,4,5,5.0,,4,5,4,,5.0,5.0,5,5,5,5,5.0,4,,5,5,5,5,5,1,5.0,5,5,5,4,5,5,5.0,5.0,,5,5,5,,5,1,4,4,5,4,5,3,5,5,5,3,5,,,4,5,4,5,,5,0,,5,5,,5,,,4,,2,4,5.0,5,5,5,5.0,5,4,5,,5,5.0,4,,5,5,5,5,5,,,5,5.0,,5,5,5,5,5,5,5.0,4,3,5,4,5,0,5,5,3,5,4,,4,2,,5,4,5,5,4,5,,5,5,5,4,5,5,4,5,5.0,,0,2,5.0,,5.0,,,5,5,5,5.0,,,,5,,4,,0.0,5,5,5,5.0,,157,10,1.6480138713745272,-0.5802091811796241
5,5,5,3,4,5,5,5,5,5,5,5,5,4,5,5,5,2.0,6.0,5,4,5,5,5,3,0,4,5,5,5,5,3,2,0,4,4,5,5,5,5,5,5,5,5,6.0,5,5,5,4,5,6.0,5,5,,5,5,5,5,5,4,5,4,6.0,5,6.0,5,,4,5,,4,0,6,5,5,5,5,6,5,5,4,5,5,5,5,5,5,3,5,5,6,3,6.0,5,6.0,4,3,5,5,1,5,5,5,5,4,5,0.0,6.0,5,5,5,5,4,5,6.0,4,4,5,5,6,6.0,6,5,0,4,5,5,5,5,5,6,4,6.0,6.0,5,5,6,6.0,5,6,5,4,5,5,5,5,5,6.0,5,6.0,6.0,6.0,5,,5,6,6.0,6,6,3,6,6,5,5,5,6,6.0,,2,0,6,6.0,4,6,6,6.0,5,5,6.0,5,1,5,6.0,6,4,5,5,4,6,5,4,4,5,4,5,4,2,3,5,4,6.0,2,3,5,6.0,4,5,5,5,5,0,5,6.0,,4,4,5,5,4,5,5,5,4,4,6,,5.0,5,6.0,,,5,5,5,5,5,6.0,,6.0,5,5,5,5,5,5,5,5,4,5,0.0,6.0,5,5,5,6.0,5.0,6.0,5,5,5,5,6.0,5,,5,5,5,5,5,5,6.0,5,5,5,5,5,4,6.0,5.0,6.0,5,5,5,,5,5,5,5,5,4,5,4,4,5,2,5,5,,6.0,4,6,5,5,,5,5,6.0,5,2,6.0,5,6.0,6.0,4,,5,5,5.0,6,5,5,6.0,5,5,5,6.0,5,6.0,4,,5,5,5,5,5,,6.0,5,6.0,6.0,5,5,5,5,4,5,5.0,5,5,5,5,5,5,5,5,4,4,5,,0,3,,5,2,5,5,4,5,6.0,4,5,5,4,5,5,5,5,6.0,,4,5,6.0,6.0,6.0,,6.0,6,5,4,6.0,,,,5,,5,,,5,0,5,5.0,6.0,158,10,1.7232097511427122,-0.6899606368922228
5,4,5,0,4,5,6,6,6,6,5,6,6,4,6,6,5,6.0,7.0,5,3,6,6,0,6,5,5,5,5,6,5,5,5,6,2,5,6,6,6,6,6,6,6,6,7.0,6,5,6,6,6,7.0,6,5,,6,6,6,5,6,5,5,5,7.0,6,7.0,6,,6,5,,5,5,6,6,6,5,6,6,0,6,5,5,5,3,6,5,6,4,6,4,6,4,7.0,5,,4,4,6,6,6,5,0,5,6,5,5,7.0,6.0,6,6,5,6,6,6,7.0,5,5,6,0,6,6.0,6,2,5,5,6,6,6,6,6,6,5,7.0,7.0,6,6,7,7.0,5,6,6,5,0,0,6,6,4,7.0,6,7.0,7.0,7.0,5,,6,6,7.0,6,0,5,6,6,6,5,6,6,4.0,,5,6,6,6.0,4,6,6,6.0,6,6,6.0,6,6,5,7.0,6,5,1,3,6,6,6,4,4,5,5,6,5,6,2,6,5,6.0,6,6,6,7.0,5,6,6,6,6,6,6,7.0,,5,6,6,6,5,6,6,6,4,5,6,,7.0,6,7.0,,,6,6,6,6,6,6.0,,7.0,6,6,6,5,5,6,6,6,1,6,6.0,7.0,5,6,6,7.0,7.0,6.0,6,5,3,0,6.0,5,,6,5,6,6,6,6,7.0,6,6,6,6,5,6,6.0,7.0,,6,5,6,,6,0,6,3,5,6,5,4,5,6,6,7,6,,7.0,5,6,6,5,,6,6,6.0,6,6,7.0,6,7.0,7.0,6,7.0,3,6,7.0,6,6,6,7.0,6,6,5,6.0,6,7.0,5,,6,5,6,6,6,,6.0,6,6.0,7.0,5,5,5,5,5,6,6.0,6,6,6,5,6,6,6,6,5,6,5,,6,5,,6,5,6,6,5,6,7.0,6,6,6,5,6,5,6,6,5.0,,6,6,6.0,7.0,7.0,,6.0,6,6,6,6.0,,7.0,,6,,6,6.0,,5,6,6,7.0,7.0,159,10,1.7898261840216871,-0.6753513967159311
4,3,4,2,3,4,4,4,2,4,4,4,4,4,5,3,4,5.0,5.0,4,4,5,4,5,4,4,4,3,4,4,4,4,4,5,4,4,5,4,4,5,5,4,5,4,5.0,5,4,4,3,4,5.0,4,3,,3,4,4,4,5,4,4,4,5.0,5,,5,,5,4,,4,3,5,5,4,1,4,5,4,0,3,4,0,4,4,0,4,3,5,4,5,3,5.0,4,,3,3,5,4,4,4,0,4,5,3,3,5.0,5.0,3,5,4,2,4,4,5.0,3,4,4,5,5,5.0,5,5,4,3,4,4,4,5,4,5,2,5.0,5.0,5,2,5,5.0,3,3,4,4,5,4,5,4,4,,5,5.0,5.0,5.0,4,,4,5,5.0,5,5,4,5,4,5,4,5,5,5.0,,4,4,5,0.0,2,5,4,5.0,5,5,5.0,4,4,0,5.0,5,4,4,4,4,5,5,3,4,4,4,4,4,5,4,5,4,5.0,4,1,4,4.0,4,4,4,4,5,5,5,5.0,,4,4,5,5,3,0,5,5,3,3,5,,5.0,5,5.0,,,5,4,5,4,4,5.0,,5.0,4,5,4,3,4,4,5,4,3,5,5.0,5.0,4,5,4,5.0,5.0,5.0,4,4,3,5,5.0,4,,1,4,2,5,4,4,5.0,4,5,5,4,2,4,5.0,5.0,,4,0,5,,4,5,4,4,5,4,4,3,0,5,5,5,4,,5.0,3,5,4,4,,4,4,5.0,4,4,5.0,5,5.0,5.0,4,,4,4,5.0,5,5,4,5.0,5,5,4,5.0,4,5.0,3,5.0,2,4,5,4,4,,5.0,5,5.0,5.0,3,5,5,4,4,4,5.0,5,5,5,4,4,5,5,0,4,4,4,,3,2,,4,3,4,5,1,5,3.0,4,5,4,4,4,5,4,3,5.0,,4,4,5.0,4.0,5.0,,5.0,5,4,5,5.0,,,,4,,5,,,4,4,4,5.0,5.0,160,10,1.5615976900866217,-0.7085397474023797
0,5,5,2,5,6,5,6,5,5,6,5,6,5,6,6,5,6.0,6.0,5,1,6,5,0,5,6,5,4,5,5,5,5,5,6,5,5,6,6,5,6,6,3,6,6,,6,5,6,6,6,6.0,3,5,,5,4,5,6,6,5,5,5,6.0,6,,6,,6,5,,5,3,0,4,5,5,6,6,6,6,4,5,5,6,6,5,5,5,6,6,6,5,,6,,5,4,6,5,5,3,6,5,6,4,5,,6.0,5,6,5,6,6,2,6.0,4,4,5,6,4,6.0,6,6,5,5,6,6,5,6,6,6,5,6.0,2.0,6,6,6,,5,6,6,4,6,6,5,6,5,,3,,,6.0,5,,5,6,6.0,6,6,5,6,6,6,5,6,6,,,5,5,6,,5,6,6,6.0,6,6,6.0,6,5,5,,6,5,2,5,5,6,6,4,5,5,6,5,4,6,3,6,4,6.0,6,5,6,,5,6,3,6,6,6,6,6.0,,5,5,6,6,2,5,5,6,5,5,6,,6.0,6,6.0,,0.0,6,6,6,6,6,6.0,,,5,6,6,5,5,6,6,6,5,5,0.0,,6,6,6,5.0,6.0,6.0,4,5,6,6,,5,0.0,6,6,4,6,6,6,6.0,5,4,0,6,6,6,5.0,6.0,,6,6,4,,5,6,6,5,6,5,5,5,5,6,6,6,6,,6.0,5,6,6,5,,6,6,6.0,6,3,,6,6.0,,5,5.0,6,6,6.0,6,6,6,6.0,6,5,5,6.0,6,6.0,4,,6,5,0,6,6,,6.0,6,6.0,,4,6,6,5,3,5,6.0,6,6,6,4,6,6,6,2,5,6,5,,5,5,,5,5,0,6,5,6,,5,6,5,5,6,6,5,6,6.0,,5,5,4.0,,6.0,,6.0,6,6,6,6.0,,,,0,,6,,,4,6,4,6.0,,161,10,1.6888540031397172,-0.5337036806057913
5,4,5,4,3,5,4,4,5,5,4,5,5,5,5,5,5,,3.0,5,1,5,4,5,4,4,4,4,4,5,5,4,5,5,4,4,5,5,4,5,3,5,5,5,,5,5,5,3,5,5.0,5,4,,4,4,5,4,5,4,4,3,5.0,5,,5,,4,4,,4,3,5,5,5,4,5,5,5,5,3,4,4,4,5,0,3,4,5,5,4,2,3.0,3,,3,3,5,4,5,4,4,0,5,4,4,5.0,5.0,4,5,4,5,5,4,3.0,2,4,5,5,5,5.0,5,5,4,4,0,5,4,5,5,5,3,5.0,,5,4,5,,4,4,5,0,5,2,5,3,5,,5,,,,1,,4,5,5.0,5,0,3,5,5,5,4,5,5,,,4,5,5,,4,5,5,5.0,5,5,5.0,5,4,5,5.0,5,4,5,4,5,5,5,4,3,4,5,5,4,4,4,4,4,5.0,4,4,1,5.0,5,5,4,4,5,5,5,4.0,,4,3,5,5,4,4,5,5,4,4,5,,,4,2.0,,,5,0,5,5,5,3.0,,,4,5,5,4,4,4,5,5,4,5,5.0,5.0,5,5,5,5.0,0.0,0.0,4,4,4,5,5.0,4,,5,4,5,5,5,5,5.0,4,5,5,5,5,4,5.0,5.0,,5,4,5,,3,5,5,4,5,4,4,4,2,5,2,5,5,,5.0,3,5,4,4,,5,5,5.0,5,4,,5,,,4,,5,5,5.0,5,5,5,,4,5,4,5.0,4,5.0,4,,5,4,5,5,5,4.0,5.0,4,5.0,,5,5,5,4,4,2,5.0,5,5,5,5,5,5,5,5,4,4,4,,2,4,,4,3,3,4,4,5,,1,0,4,4,5,4,4,5,5.0,,4,3,5.0,,5.0,,4.0,0,5,4,5.0,,,,4,,5,,,4,4,4,5.0,,162,10,1.6515415019762847,-0.5447497779051438
5,5,5,5,5,5,6,5,1,5,5,5,0,4,3,5,2,5.0,6.0,5,4,6,5,6,5,3,4,5,5,5,5,5,6,6,4,4,6,6,5,6,6,6,5,6,,5,5,5,6,6,6.0,5,4,,5,5,5,5,5,5,4,3,6.0,6,,6,,4,5,,4,4,1,5,5,5,5,5,6,6,5,5,4,5,3,5,5,5,6,5,6,4,6.0,0,,5,5,5,5,5,6,5,5,6,0,5,6.0,6.0,5,6,5,6,6,5,6.0,5,5,6,5,6,6.0,6,6,5,5,6,5,6,6,6,6,5,6.0,6.0,5,5,6,,5,6,5,5,6,5,5,6,2,,5,6.0,6.0,6.0,5,,6,6,5.0,3,6,5,6,6,5,6,6,6,,,5,5,6,6.0,4,6,0,5.0,5,6,6.0,5,5,5,6.0,6,4,6,5,5,0,6,4,5,5,3,5,4,4,3,3,5,6.0,6,5,5,,5,6,5,5,3,2,5,6.0,,5,5,6,5,5,5,6,6,4,5,6,,6.0,6,6.0,,,5,5,4,5,5,6.0,,,5,6,5,5,5,6,6,6,5,6,6.0,0.0,6,6,5,6.0,6.0,6.0,6,5,5,5,6.0,2,,6,6,6,6,6,6,6.0,5,5,6,5,5,5,6.0,6.0,,0,5,5,,5,5,5,4,6,5,5,4,5,6,5,6,6,,5.0,4,6,5,5,,6,5,6.0,3,5,6.0,0,6.0,6.0,6,,6,6,6.0,6,6,6,6.0,6,5,0,6.0,4,6.0,5,,6,4,5,5,5,,6.0,5,6.0,,5,6,6,4,5,6,6.0,5,6,6,5,6,6,6,6,4,6,5,,5,5,,4,5,4,6,0,6,6.0,5,6,6,5,5,5,5,6,6.0,,6,5,6.0,,6.0,,6.0,6,6,5,6.0,,,,6,,6,,,2,5,5,6.0,,163,10,1.675566993726878,-0.6007549703101144
5,5,5,4,4,5,5,5,4,5,5,2,4,5,5,5,5,6.0,6.0,5,4,5,5,5,5,0,5,4,5,5,5,4,5,5,4,4,5,5,5,4,5,5,5,0,6.0,5,5,5,5,4,6.0,2,4,,3,5,5,4,5,5,3,4,6.0,5,6.0,5,,5,4,,4,4,5,2,1,4,5,5,5,5,3,5,4,5,5,4,4,2,5,5,6,3,6.0,5,,4,4,5,5,5,5,5,4,5,4,5,6.0,6.0,5,0,5,5,5,4,6.0,5,5,5,4,6,6.0,5,5,4,5,5,5,3,6,5,6,4,6.0,6.0,6,5,6,6.0,3,0,5,4,5,5,0,5,5,6.0,5,6.0,6.0,6.0,4,,5,6,6.0,5,6,3,0,5,5,5,5,5,5.0,,3,5,4,6.0,4,5,5,6.0,6,4,6.0,5,0,5,6.0,5,3,5,5,5,6,6,4,4,4,5,5,5,5,4,5,5,6.0,5,5,5,6.0,5,3,5,5,5,0,5,6.0,,4,5,5,6,4,5,5,6,4,3,5,,6.0,5,6.0,,,5,5,5,5,5,4.0,,6.0,5,5,5,2,5,5,6,5,5,6,0.0,6.0,5,5,5,6.0,6.0,6.0,5,5,4,5,6.0,5,,5,5,5,6,5,2,1.0,5,6,5,5,5,5,5.0,6.0,,5,5,5,,5,5,5,5,5,5,5,4,2,5,5,4,5,,0.0,4,5,5,5,,6,5,6.0,5,5,6.0,6,5.0,6.0,5,,5,5,6.0,6,6,5,6.0,3,5,5,6.0,5,6.0,5,,5,4,5,5,5,,6.0,5,6.0,6.0,5,5,5,5,5,4,6.0,5,5,5,5,6,5,6,5,4,5,5,,5,4,,5,4,5,5,4,6,6.0,5,5,5,5,5,5,5,5,6.0,,5,5,6.0,6.0,6.0,,6.0,5,5,5,6.0,,,,5,,5,,,5,5,5,6.0,6.0,164,10,1.5980127989221964,-0.6496912148259394
5,5,6,5,4,5,5,6,6,6,5,5,6,6,6,6,6,6.0,6.0,5,0,6,5,6,6,5,5,5,5,5,5,5,5,6,5,5,6,6,5,0,6,6,6,6,,6,5,6,5,6,,6,5,,6,5,5,5,6,5,5,5,0.0,6,,6,,6,5,,5,4,6,6,6,1,6,6,6,5,2,5,4,5,4,5,5,3,3,5,6,5,6.0,5,,4,4,6,5,6,5,5,4,5,3,4,0.0,6.0,5,6,4,6,5,5,6.0,4,5,4,6,6,6.0,5,6,5,5,6,5,6,6,5,6,4,6.0,6.0,6,5,6,6.0,4,6,6,4,2,5,5,5,5,,6,,,,4,6.0,4,0,6.0,6,2,5,6,6,6,5,6,6,6.0,,5,6,6,6.0,5,6,4,6.0,6,6,6.0,6,5,6,6.0,6,5,6,5,6,6,5,4,5,5,6,5,5,5,2,3,5,6.0,5,5,6,6.0,1,6,3,0,6,6,6,6.0,,4,5,5,6,4,3,6,6,5,4,0,,6.0,5,6.0,,,6,5,2,5,6,2.0,,6.0,5,6,6,5,5,5,3,5,5,6,6.0,,6,5,5,6.0,6.0,6.0,5,4,6,6,6.0,5,,6,5,5,6,6,5,6.0,5,6,6,5,6,5,6.0,6.0,,6,6,6,,5,6,6,5,6,5,5,5,5,6,6,6,5,,6.0,5,6,6,5,,5,6,6.0,6,6,,6,6.0,,5,,5,5,5.0,6,6,6,6.0,5,6,5,6.0,5,6.0,5,,0,6,6,5,5,,6.0,6,6.0,6.0,6,6,6,5,6,5,6.0,6,5,5,5,5,5,6,5,4,5,5,,5,5,,5,0,5,5,5,6,6.0,5,6,5,5,0,5,3,5,6.0,,2,5,6.0,,5.0,,6.0,6,6,6,6.0,,,,5,,6,,,6,4,4,6.0,,165,10,1.7570612503966994,-0.5329204064421836
4,5,5,4,4,5,5,3,4,5,5,4,5,4,5,5,5,6.0,6.0,5,3,5,5,0,5,5,5,4,5,5,5,5,5,6,5,4,6,6,5,5,5,5,5,5,6.0,5,5,5,4,5,6.0,5,5,,5,4,5,5,5,4,5,5,6.0,5,6.0,5,,5,5,,5,4,2,5,5,5,5,3,5,5,4,5,4,4,5,4,5,4,5,5,5,1,3.0,3,,4,4,5,5,5,5,5,5,5,3,5,6.0,6.0,0,5,5,4,5,4,6.0,5,5,5,5,6,6.0,6,6,4,5,5,5,5,6,0,6,4,6.0,6.0,5,5,6,6.0,5,6,5,4,5,5,5,5,5,,5,6.0,6.0,6.0,4,,5,6,6.0,5,4,4,5,5,5,5,5,5,6.0,,3,5,6,6.0,4,3,5,6.0,5,5,6.0,5,5,0,6.0,6,4,5,5,5,6,5,3,5,5,5,0,4,3,4,5,4,6.0,5,5,5,6.0,5,5,5,5,5,5,5,6.0,,4,2,5,5,4,5,5,5,5,4,5,,6.0,5,6.0,,0.0,5,5,6,5,5,6.0,,6.0,3,5,5,5,3,5,5,5,3,5,6.0,6.0,5,5,5,6.0,4.0,6.0,5,4,5,4,6.0,5,,5,5,0,5,5,5,6.0,5,5,5,5,5,4,6.0,6.0,,5,5,5,,5,5,5,5,5,5,0,4,5,5,0,6,6,,6.0,4,6,5,5,,5,5,6.0,5,5,6.0,5,6.0,6.0,5,,5,4,6.0,6,6,5,6.0,5,5,5,5.0,5,6.0,5,,4,2,5,5,5,,6.0,6,6.0,6.0,4,5,5,5,5,4,0.0,5,6,5,4,5,5,5,5,4,5,1,5.0,5,3,,5,5,4,5,4,6,6.0,5,5,2,5,5,5,5,5,6.0,,5,5,6.0,,6.0,,6.0,6,6,6,6.0,,6.0,6.0,5,,6,,,5,2,5,6.0,6.0,166,10,1.6485249237029505,-0.6533856529092456
5,5,4,5,4,6,6,1,6,6,4,5,5,4,6,6,6,6.0,6.0,5,4,6,5,6,5,5,5,1,6,5,6,5,4,6,6,5,6,6,5,6,6,6,6,6,0.0,6,3,6,5,0,,6,5,,6,5,6,6,5,5,5,6,0.0,6,,5,,6,5,,5,5,6,6,6,5,6,6,5,6,4,5,5,6,6,5,6,3,5,6,6,5,,6,,5,5,6,6,5,5,5,5,6,5,5,6.0,6.0,5,6,5,6,6,5,6.0,5,5,4,5,6,6.0,6,6,5,5,6,6,6,6,6,0,4,6.0,6.0,4,5,6,,5,6,6,5,6,5,5,6,6,,6,,,,0,,6,6,0.0,6,6,5,6,6,6,5,6,6,,,5,6,6,6.0,5,6,5,6.0,3,6,6.0,6,5,6,,6,5,6,6,6,6,6,5,5,4,5,5,5,6,4,6,5,6.0,0,0,6,6.0,6,6,6,3,6,6,6,6.0,,4,5,3,6,1,6,6,6,5,5,6,,,6,6.0,,,6,6,6,6,6,6.0,,,5,6,6,5,5,6,6,6,5,6,6.0,,5,6,5,,6.0,6.0,5,5,6,5,4.0,6,,2,6,6,6,6,3,6.0,5,6,6,5,6,6,6.0,6.0,,6,6,6,,6,6,6,5,6,5,5,5,4,6,6,6,6,,6.0,5,0,6,5,,6,6,6.0,6,6,,6,,,5,,5,5,6.0,6,6,5,6.0,6,5,6,6.0,6,6.0,5,,6,5,6,5,5,,6.0,6,6.0,6.0,6,6,6,5,5,5,6.0,6,6,4,6,5,6,6,5,4,6,5,,5,5,,6,3,4,6,5,6,,5,4,5,0,4,6,3,2,,,5,6,6.0,,6.0,,6.0,6,6,6,6.0,,,,5,,5,,,6,5,6,6.0,,167,10,1.649044585987261,-0.5500637274238063
5,5,5,5,5,6,6,6,2,6,6,6,5,5,6,6,6,7.0,0.0,4,5,6,6,6,0,5,5,6,6,4,5,5,6,6,5,5,6,6,5,6,6,6,6,6,7.0,6,5,6,5,1,7.0,5,5,,5,6,6,0,6,5,5,5,6.0,6,7.0,6,,3,3,,3,4,6,6,5,5,4,6,6,6,5,5,5,6,6,6,5,6,6,6,6,4,7.0,6,,6,5,6,4,6,5,6,6,6,5,5,4.0,6.0,3,6,6,6,6,4,7.0,5,6,6,6,6,7.0,5,6,6,5,5,6,6,6,6,6,5,6.0,7.0,6,5,0,7.0,6,6,6,5,6,5,6,3,6,7.0,6,7.0,7.0,7.0,5,,6,6,6.0,6,6,1,7,5,6,6,6,6,7.0,7.0,5,6,6,6.0,4,6,6,6.0,6,6,6.0,6,6,0,7.0,5,2,6,5,5,6,6,4,5,5,5,5,5,6,4,6,0,6.0,6,6,6,7.0,6,6,6,6,6,6,6,7.0,5.0,6,5,6,6,5,6,6,6,3,5,7,,7.0,6,6.0,,,6,3,6,6,5,7.0,,0.0,6,6,6,6,5,6,7,6,5,7,4.0,7.0,6,6,6,7.0,6.0,6.0,6,0,6,6,7.0,6,,6,6,6,6,3,6,7.0,4,6,7,6,6,6,7.0,6.0,,6,6,6,,6,6,5,5,6,5,6,5,5,6,6,6,6,,0.0,5,6,3,5,,6,6,6.0,6,6,7.0,6,7.0,7.0,6,,6,6,6.0,5,6,6,6.0,6,6,6,5.0,6,6.0,5,,5,5,6,6,6,,7.0,6,7.0,7.0,6,6,6,6,6,6,6.0,2,6,6,6,6,6,6,6,5,6,6,,6,6,,5,5,5,6,5,7,7.0,6,6,6,6,6,6,6,6,7.0,,5,6,7.0,7.0,6.0,,7.0,6,0,5,7.0,,7.0,,6,,6,,,5,6,4,7.0,7.0,168,10,1.7798015937550822,-0.6073220171151746
4,4,3,4,3,4,4,4,0,3,4,3,2,4,4,4,4,5.0,5.0,4,1,4,4,5,4,4,2,4,1,4,4,4,4,5,4,4,5,5,4,4,4,5,4,4,5.0,4,4,4,4,4,5.0,4,3,,4,4,4,4,4,4,3,4,5.0,5,,5,,5,4,,3,3,4,4,4,2,4,4,4,5,4,0,3,3,4,4,4,3,2,4,5,3,5.0,4,,4,4,5,4,5,4,0,4,5,3,4,5.0,5.0,0,5,4,5,5,3,5.0,3,4,4,4,5,5.0,5,2,4,4,4,4,5,5,5,5,3,5.0,5.0,5,4,5,0.0,4,5,4,4,5,4,5,4,4,5.0,4,5.0,5.0,5.0,4,,4,5,5.0,5,5,4,4,5,4,4,5,5,,,4,4,5,5.0,3,4,5,5.0,5,5,5.0,2,5,3,5.0,4,3,5,4,4,5,4,3,4,4,2,4,1,4,1,0,3,5.0,4,4,4,5.0,4,5,4,4,4,5,4,5.0,,4,4,5,5,3,4,4,1,4,3,5,,5.0,4,5.0,,,4,3,5,3,4,5.0,,5.0,2,5,4,4,4,4,5,5,3,5,5.0,,4,4,4,5.0,0.0,5.0,4,3,4,4,4.0,4,,5,4,4,5,4,4,5.0,4,4,5,4,4,4,5.0,5.0,,4,4,4,4.0,1,4,3,4,4,4,4,2,4,5,5,5,5,,5.0,4,5,4,4,,5,4,0.0,5,2,5.0,4,5.0,5.0,4,,4,4,5.0,5,4,4,5.0,4,5,2,5.0,4,5.0,4,,5,4,4,2,4,,5.0,0,5.0,4.0,3,5,5,4,4,4,5.0,4,5,4,4,4,5,5,5,4,5,4,,4,4,,4,4,3,5,4,5,5.0,4,4,5,4,4,5,3,5,5.0,,4,4,0.0,5.0,5.0,,5.0,5,5,4,5.0,,,,5,,5,,,4,4,4,5.0,,169,10,1.615716180371353,-0.6660068302823869
5,4,5,4,4,4,4,5,4,5,4,4,5,4,5,5,5,5.0,5.0,5,3,5,4,5,4,4,4,4,4,4,4,4,4,5,2,4,5,5,3,5,5,5,3,5,,0,4,5,5,5,5.0,5,3,,4,4,5,4,4,4,4,4,5.0,5,,4,,5,4,,4,3,5,5,5,4,5,5,3,5,3,0,4,5,5,3,1,3,5,2,5,3,,4,,4,3,5,3,4,5,4,5,5,4,4,5.0,5.0,4,5,3,5,5,4,2.0,3,4,0,4,5,5.0,4,5,4,4,5,4,5,5,5,5,2,5.0,5.0,5,4,5,,4,5,4,4,5,5,5,5,5,,5,,,5.0,3,,3,5,5.0,0,5,4,5,3,5,5,5,5,,,4,5,5,,3,5,5,5.0,5,5,5.0,5,4,4,5.0,5,4,5,4,4,5,4,3,4,4,4,5,5,5,3,5,4,5.0,5,4,5,,4,5,4,4,0,5,5,4.0,,2,4,4,5,4,4,5,5,4,4,5,,,5,5.0,,,5,4,5,4,5,5.0,0.0,,5,5,5,4,4,5,5,5,4,5,5.0,,5,4,5,5.0,5.0,5.0,4,2,5,5,5.0,4,,1,4,5,5,4,4,5.0,4,5,5,4,5,4,4.0,5.0,,5,4,5,,4,5,5,4,4,4,4,0,4,5,5,5,5,,5.0,4,5,3,4,,5,5,5.0,5,4,5.0,5,5.0,,5,,5,5,5.0,5,5,1,5.0,5,5,0,5.0,5,5.0,4,,5,4,5,2,4,,5.0,5,5.0,,4,5,5,0,5,4,5.0,5,5,5,1,5,5,5,4,4,5,4,,2,4,,5,4,4,5,4,5,,4,5,5,4,5,4,4,5,0.0,,4,4,5.0,5.0,5.0,,5.0,5,1,5,2.0,,,,5,,5,,,5,4,5,5.0,,170,10,1.5906524466750314,-0.5982530435659046
5,5,5,4,5,5,5,5,5,5,6,5,6,5,6,6,5,6.0,6.0,6,5,6,3,6,6,5,4,5,6,4,5,5,6,6,5,3,6,6,3,6,5,5,5,6,0.0,5,5,6,0,6,6.0,5,4,6.0,4,5,5,5,5,5,5,5,6.0,6,,5,,6,5,,5,5,6,6,5,5,5,6,5,5,4,5,3,5,6,5,5,5,6,5,6,4,,6,,4,5,6,4,6,3,6,5,6,4,5,6.0,6.0,5,6,5,6,6,5,,5,5,6,6,6,6.0,6,6,3,4,6,5,4,6,6,6,5,6.0,6.0,6,5,6,,5,6,5,5,6,5,6,5,5,,5,6.0,,,6,,5,6,6.0,6,6,5,6,6,5,5,6,6,,,5,5,6,0.0,4,6,6,6.0,6,6,6.0,6,0,5,6.0,6,5,6,5,5,6,6,4,5,5,5,6,5,5,4,6,3,5.0,5,5,6,6.0,5,0,6,6,6,6,6,,,5,2,6,6,5,6,6,6,5,4,6,,6.0,6,6.0,,,6,2,6,5,0,6.0,,,4,5,6,6,5,6,6,6,4,6,6.0,,6,6,6,6.0,6.0,6.0,5,5,5,6,6.0,5,,6,6,6,6,5,6,6.0,6,6,6,5,5,5,6.0,6.0,0.0,6,6,6,,6,0,6,5,5,5,6,0,5,6,6,6,6,,,1,6,6,5,,6,5,5.0,5,5,,6,6.0,6.0,5,,2,5,6.0,6,6,5,6.0,5,6,5,5.0,1,6.0,5,,6,5,6,6,6,,6.0,6,6.0,,6,5,6,6,5,5,6.0,6,6,6,5,6,6,6,6,5,6,5,,5,5,,5,5,4,6,5,6,0.0,3,6,6,5,5,6,5,6,,,5,5,6.0,,6.0,,,6,6,6,6.0,,,,6,,6,,,5,5,1,6.0,,171,10,1.6618501649128319,-0.6201192553333135
5,4,5,5,4,5,5,5,5,5,5,5,5,5,5,5,5,6.0,6.0,5,3,5,4,5,5,4,5,5,5,5,5,1,5,6,5,5,5,5,5,5,5,5,5,6,,5,5,5,5,6,6.0,4,4,,5,5,5,5,5,4,4,5,5.0,5,6.0,5,,5,5,,5,3,6,5,5,4,5,6,5,5,3,5,4,5,5,5,5,4,5,3,6,4,6.0,5,,3,4,6,5,5,4,5,1,5,4,4,6.0,5.0,5,5,5,5,5,4,6.0,4,5,5,1,6,6.0,6,6,5,4,5,5,5,6,5,6,3,6.0,6.0,6,5,6,6.0,5,5,5,2,5,4,5,5,5,6.0,5,6.0,6.0,6.0,4,,5,6,6.0,5,6,0,5,5,5,5,6,5,,6.0,5,5,5,6.0,4,5,6,6.0,6,5,6.0,5,5,5,6.0,5,4,5,5,5,6,5,4,4,4,0,5,5,1,2,5,4,6.0,5,3,5,6.0,4,3,3,5,5,6,5,6.0,,4,0,1,4,4,5,5,0,5,4,6,,6.0,1,6.0,,,5,5,4,5,5,6.0,,6.0,4,5,5,5,5,5,5,5,5,0,6.0,6.0,5,5,4,6.0,6.0,3.0,5,5,5,5,6.0,5,,5,4,5,6,5,5,6.0,2,5,6,5,5,4,6.0,0.0,6.0,5,5,5,,5,5,5,5,6,5,5,5,5,5,6,6,5,,6.0,4,5,5,5,,6,5,6.0,5,5,6.0,6,6.0,6.0,4,,5,5,6.0,6,6,5,6.0,5,5,5,5.0,5,6.0,5,,4,0,5,4,5,,6.0,5,6.0,6.0,5,5,5,4,5,4,6.0,5,6,5,5,0,2,6,5,4,5,5,,4,5,,5,5,5,5,5,6,6.0,5,5,5,5,5,5,4,5,6.0,,5,5,6.0,6.0,5.0,,6.0,6,6,0,6.0,,,,5,,6,,6.0,5,2,5,0.0,6.0,172,10,1.7726582278481016,-0.6729741669972303
5,5,5,4,4,5,5,0,0,4,4,4,5,3,5,5,0,5.0,6.0,5,4,6,5,6,5,5,4,5,5,5,5,5,5,6,4,5,6,6,5,6,5,4,5,5,6.0,5,5,5,5,0,6.0,5,4,,4,5,5,5,5,5,4,5,6.0,6,0.0,3,,6,5,,4,3,5,5,5,1,5,1,6,5,4,4,0,4,5,5,5,4,5,5,6,3,6.0,4,,4,4,6,4,5,5,5,4,5,4,5,6.0,3.0,4,5,5,6,5,5,6.0,5,5,5,0,5,6.0,6,6,5,5,5,5,5,5,5,4,4,6.0,5.0,5,5,5,5.0,5,6,5,4,5,5,5,5,5,,5,6.0,6.0,6.0,5,,5,6,6.0,6,6,5,6,6,5,5,0,5,,,5,5,6,6.0,4,1,6,6.0,6,6,6.0,5,5,5,6.0,6,5,5,5,5,6,5,5,5,5,4,5,2,5,4,5,4,5.0,5,5,3,5.0,5,5,5,5,4,5,5,6.0,,5,5,5,1,5,5,5,5,5,5,6,,0.0,5,6.0,,,5,5,6,5,5,0.0,,6.0,5,6,5,5,5,5,6,5,5,5,6.0,6.0,5,5,5,6.0,6.0,5.0,5,5,5,5,6.0,5,,5,5,6,6,5,5,6.0,6,6,5,4,5,5,6.0,6.0,2.0,5,2,5,,3,1,1,3,5,5,5,4,5,5,5,6,6,,6.0,5,6,5,5,,6,5,5.0,5,5,6.0,5,6.0,6.0,5,,5,5,6.0,6,6,3,6.0,6,5,5,6.0,5,6.0,5,,5,4,5,5,5,,6.0,6,6.0,6.0,3,6,4,5,5,5,6.0,5,5,4,5,6,6,6,6,5,5,5,,5,4,,5,4,5,5,2,6,6.0,5,6,6,5,5,6,2,6,6.0,,5,5,6.0,6.0,6.0,,6.0,5,6,6,6.0,,,,5,,6,,,5,5,6,6.0,6.0,173,10,1.7075152335815842,-0.5858193171406295
2,4,4,3,4,4,4,4,3,4,4,1,4,3,5,3,4,5.0,5.0,4,3,5,4,5,4,4,4,4,4,4,4,4,4,5,4,4,5,1,4,4,4,2,4,5,5.0,5,4,5,4,5,5.0,4,3,,3,3,0,4,4,3,4,4,5.0,4,,4,5.0,4,4,,0,3,5,5,2,4,4,4,5,5,0,4,1,2,4,4,4,1,4,4,5,3,5.0,4,3.0,4,4,5,4,4,4,4,4,5,3,4,5.0,5.0,4,4,4,5,4,4,5.0,4,4,2,4,5,5.0,5,5,3,4,4,4,4,5,5,4,1,5.0,5.0,5,4,5,5.0,4,5,4,3,5,4,4,5,4,,4,5.0,5.0,5.0,2,,4,5,5.0,4,5,3,5,4,5,4,5,5,,,3,4,5,5.0,3,5,5,5.0,5,5,0.0,5,4,4,5.0,5,3,4,4,4,5,5,4,4,4,4,4,4,4,3,4,4,4.0,4,4,5,5.0,4,4,4,4,4,3,4,5.0,,4,4,4,5,4,4,5,5,4,4,5,,5.0,5,2.0,,,4,4,5,4,4,5.0,,5.0,4,5,4,4,2,5,5,5,3,5,5.0,0.0,4,4,4,5.0,5.0,5.0,4,4,1,4,5.0,4,,4,4,5,5,5,5,5.0,5,5,5,4,4,4,5.0,5.0,,5,4,4,,4,5,4,4,5,0,4,4,4,4,5,5,5,,5.0,4,5,4,4,,5,3,5.0,4,4,5.0,5,5.0,5.0,4,,5,4,5.0,0,2,4,5.0,3,4,4,5.0,5,3.0,0,,3,4,5,4,4,,5.0,5,5.0,0.0,4,5,4,4,4,4,5.0,4,3,4,4,4,5,5,5,3,4,4,0.0,4,4,,2,3,4,2,4,5,5.0,4,5,4,1,5,5,3,5,4.0,,4,4,5.0,5.0,5.0,,5.0,5,5,5,5.0,,,5.0,4,,5,,,3,4,5,5.0,,174,10,1.6228333333333333,-0.6344950092214362
5,1,5,3,4,5,5,5,5,5,5,4,5,4,5,4,5,6.0,5.0,2,3,5,5,5,5,4,3,4,2,5,5,4,5,4,5,4,5,5,2,5,4,5,5,5,6.0,5,5,5,0,5,6.0,5,4,,5,4,4,4,4,4,2,5,6.0,5,6.0,5,,5,4,,4,4,6,0,5,5,5,6,5,5,4,5,4,4,5,4,3,1,5,5,5,4,6.0,5,,4,3,5,4,5,5,5,4,5,1,4,6.0,5.0,4,5,5,5,5,4,6.0,4,5,4,4,5,6.0,5,5,4,4,4,5,5,5,5,5,4,6.0,5.0,3,4,5,6.0,4,5,5,4,5,5,5,5,5,6.0,5,6.0,6.0,6.0,4,,4,5,5.0,5,5,3,0,5,5,5,5,5,6.0,6.0,4,5,5,5.0,3,5,5,5.0,5,5,6.0,5,4,5,6.0,5,4,5,3,5,5,5,4,3,4,0,5,4,5,3,5,0,5.0,5,4,5,5.0,5,5,4,5,5,5,5,6.0,,3,5,5,5,4,5,5,5,0,4,5,,6.0,5,0.0,,,5,5,5,5,5,5.0,,6.0,4,5,5,4,4,5,0,5,4,5,5.0,5.0,4,5,5,6.0,4.0,6.0,4,5,2,5,6.0,4,,5,5,5,5,5,5,5.0,4,5,5,5,4,4,5.0,4.0,6.0,5,4,5,,5,5,5,4,5,5,4,4,4,5,5,2,5,,6.0,4,5,5,5,,5,5,5.0,0,4,6.0,5,4.0,6.0,2,,5,3,5.0,5,5,5,6.0,5,5,5,5.0,5,5.0,4,,5,5,5,4,5,,6.0,5,5.0,6.0,5,5,5,4,5,5,5.0,5,5,5,5,5,5,5,5,4,5,5,,4,2,,5,3,4,5,4,5,6.0,4,5,5,4,5,5,4,5,5.0,,4,4,5.0,6.0,5.0,,5.0,6,1,5,5.0,,6.0,,5,,5,,,5,4,5,5.0,0.0,175,10,1.6806384007738193,-0.6615207626844845
5,5,5,4,4,4,5,4,4,2,0,4,5,4,0,5,4,5.0,6.0,1,1,5,5,5,5,5,4,5,5,5,5,4,5,6,5,3,5,6,5,5,5,5,5,5,6.0,5,4,5,5,5,6.0,5,0,0.0,4,5,5,5,5,4,5,5,6.0,5,6.0,5,,6,5,,2,3,5,6,5,5,5,5,5,6,4,4,4,4,5,5,5,5,5,5,5,3,6.0,4,6.0,5,5,5,5,4,5,5,5,5,4,5,6.0,6.0,5,5,4,5,5,5,6.0,5,5,5,5,6,4.0,6,5,5,5,0,5,5,0,5,2,4,5.0,5.0,5,5,6,6.0,5,6,5,5,6,5,5,5,5,6.0,5,4.0,6.0,6.0,5,,5,6,6.0,5,6,5,5,6,5,5,5,6,6.0,,5,0,5,6.0,4,5,3,4.0,5,0,6.0,5,5,5,6.0,6,4,5,5,5,6,5,4,4,5,4,5,4,5,3,3,4,6.0,5,3,5,6.0,5,5,6,5,5,5,5,3.0,,4,1,5,3,5,5,5,5,5,5,5,,6.0,5,6.0,,,5,5,6,5,4,6.0,,6.0,5,5,5,5,5,5,6,5,4,5,6.0,6.0,5,5,5,6.0,6.0,5.0,3,5,3,5,6.0,4,,5,5,6,6,6,5,6.0,5,5,6,2,5,5,6.0,6.0,,5,5,5,,4,5,5,5,6,5,5,5,4,6,5,6,6,,,5,6,5,5,,6,4,6.0,5,5,6.0,1,6.0,0.0,5,,5,5,5.0,6,6,6,6.0,5,5,4,6.0,5,6.0,5,,5,4,5,5,5,0.0,6.0,6,4.0,6.0,5,6,5,5,4,6,6.0,5,6,6,5,5,6,6,5,4,5,5,,4,5,,5,4,5,5,1,6,6.0,5,6,5,5,5,5,5,6,6.0,,2,4,6.0,,6.0,,6.0,6,6,6,6.0,,6.0,,4,,6,,,5,5,5,6.0,6.0,176,10,1.7339558573853993,-0.576737820816805
6,0,6,6,5,6,6,6,6,6,6,6,6,5,6,6,6,7.0,7.0,6,5,7,6,7,6,6,6,6,6,6,6,6,6,7,6,6,7,7,6,6,6,6,6,7,,7,6,6,6,7,7.0,6,5,7.0,6,6,0,6,6,5,3,4,7.0,7,,6,,7,5,,5,5,7,7,6,6,7,7,6,7,5,6,5,6,6,6,6,4,7,6,7,5,7.0,6,,5,6,7,6,6,6,6,5,6,5,6,7.0,7.0,6,5,4,7,7,5,7.0,6,6,6,6,7,0.0,6,6,4,5,6,6,6,7,1,7,6,7.0,7.0,7,6,7,7.0,5,6,7,5,7,6,7,3,0,7.0,6,7.0,7.0,0.0,6,,0,7,7.0,7,7,5,7,7,6,6,7,7,,,6,7,7,7.0,5,7,7,7.0,7,7,5.0,3,2,6,7.0,6,2,6,6,6,7,6,6,6,6,6,6,5,6,4,6,5,5.0,6,6,6,7.0,6,6,6,6,6,7,6,7.0,,5,6,6,7,6,6,7,7,6,5,7,,7.0,6,7.0,,,6,6,6,6,6,7.0,,7.0,6,7,4,6,6,6,6,6,5,7,7.0,7.0,6,6,6,3.0,7.0,7.0,6,6,0,4,7.0,6,,6,6,7,7,6,6,7.0,6,6,6,6,6,6,7.0,7.0,,7,6,0,,6,7,6,6,6,6,6,5,6,7,6,7,7,,7.0,6,7,7,6,,7,6,7.0,6,6,5.0,6,6.0,7.0,6,7.0,6,6,7.0,7,7,6,7.0,5,6,0,7.0,6,7.0,6,,6,6,6,4,6,,7.0,7,7.0,7.0,6,7,6,6,6,1,7.0,3,6,6,6,7,7,7,5,6,6,6,,6,6,6.0,6,6,6,6,2,7,7.0,6,7,6,6,6,6,5,6,7.0,,6,6,7.0,,5.0,,7.0,7,7,7,0.0,,,,6,,7,,,6,6,6,7.0,7.0,177,10,1.8078973675441519,-0.6380493265009821
6,7,7,6,7,7,7,7,6,7,6,7,4,7,7,7,7,8.0,8.0,7,5,7,7,7,7,5,6,7,6,5,0,6,7,7,5,6,7,7,7,7,7,7,7,7,8.0,7,7,7,7,7,8.0,2,7,,6,6,7,6,3,6,7,6,8.0,0,8.0,7,,7,7,,6,6,7,7,7,6,6,7,7,7,5,7,1,7,7,6,7,6,7,7,7,6,8.0,7,,6,6,7,6,0,7,7,7,7,7,7,8.0,8.0,7,7,7,7,7,6,8.0,4,3,7,7,4,5.0,8,7,5,6,7,6,7,7,7,0,6,8.0,8.0,8,7,8,8.0,0,7,7,7,8,7,7,7,6,8.0,7,8.0,8.0,8.0,7,,7,8,8.0,7,8,6,7,5,7,7,7,7,8.0,6.0,7,7,8,8.0,6,7,8,8.0,7,7,7.0,7,7,3,8.0,7,5,7,7,7,7,6,4,7,6,7,7,6,7,6,8,6,8.0,7,7,7,8.0,7,7,7,7,7,0,7,8.0,7.0,6,7,7,8,6,7,7,7,6,6,7,,8.0,7,8.0,,,7,7,8,7,7,8.0,,8.0,3,7,0,7,6,7,8,7,6,7,7.0,8.0,7,7,7,8.0,7.0,8.0,7,7,7,7,8.0,7,,7,7,4,8,7,7,8.0,7,7,8,7,7,7,8.0,8.0,,7,7,7,,7,8,7,7,7,6,7,6,6,8,7,7,7,,8.0,6,7,7,7,,7,5,8.0,7,7,8.0,7,8.0,8.0,7,,7,7,8.0,8,8,7,8.0,7,7,7,8.0,7,8.0,7,,7,7,7,7,7,,8.0,7,8.0,8.0,7,7,7,7,7,2,8.0,7,7,7,7,7,7,8,7,7,7,7,,7,7,,7,7,7,7,6,8,8.0,7,7,7,7,6,7,7,7,8.0,,6,7,8.0,8.0,8.0,,8.0,8,7,8,7.0,,0.0,8.0,7,,7,,,7,7,0,6.0,0.0,178,10,1.899374260104853,-0.6481983947547554
6,5,6,5,5,6,6,6,5,5,6,6,5,5,6,6,5,0.0,6.0,6,5,3,5,6,1,6,4,6,2,6,5,6,6,6,5,5,6,6,5,6,6,6,4,6,7.0,6,6,6,5,6,5.0,6,5,,6,5,2,6,6,2,5,5,6.0,6,7.0,6,0.0,6,6,,5,4,6,6,6,5,6,6,6,6,5,5,2,6,6,6,5,1,6,6,7,5,7.0,6,,5,5,6,5,6,6,6,5,6,5,6,7.0,6.0,5,6,2,6,6,6,7.0,5,6,6,6,6,6.0,6,6,5,5,6,5,6,6,6,6,5,5.0,0.0,6,5,6,7.0,6,7,6,4,6,6,6,0,6,7.0,6,6.0,7.0,7.0,6,,6,7,6.0,6,6,6,6,6,5,5,3,6,7.0,7.0,6,6,6,7.0,5,6,6,7.0,6,6,7.0,6,5,6,7.0,6,5,6,5,6,6,6,5,5,5,0,6,5,6,3,6,4,6.0,6,6,6,7.0,5,6,4,6,6,6,0,7.0,,5,6,6,6,5,6,6,5,5,5,6,,7.0,4,6.0,,,5,4,6,5,6,6.0,,7.0,5,6,6,6,5,6,6,6,4,6,6.0,7.0,6,6,6,7.0,6.0,7.0,6,6,6,6,7.0,5,,6,6,6,6,6,6,7.0,4,6,6,6,6,5,7.0,7.0,,6,6,6,4.0,0,6,6,6,6,5,6,5,6,6,6,6,6,,6.0,4,6,6,6,,6,3,7.0,6,2,7.0,6,6.0,6.0,5,,6,6,6.0,6,6,0,6.0,6,6,6,6.0,6,5.0,5,,6,6,6,6,5,,6.0,6,6.0,7.0,6,6,6,6,6,6,7.0,6,6,5,6,6,6,6,6,6,6,5,,5,0,,6,5,5,6,6,3,7.0,6,6,6,5,6,6,5,6,7.0,,4,6,7.0,7.0,7.0,,7.0,6,6,6,7.0,,,,6,,6,,,6,6,6,0.0,7.0,179,10,1.7935719019218026,-0.6104155210108706
5,5,5,5,3,5,5,6,5,0,5,5,5,5,6,5,5,6.0,6.0,6,4,6,5,6,6,5,5,3,5,6,5,5,6,6,5,4,6,6,5,6,6,6,6,6,,6,5,6,5,6,6.0,5,5,,5,5,6,5,5,4,5,5,6.0,6,,6,,5,5,,5,4,6,6,6,5,2,6,6,6,2,5,5,5,6,3,5,4,6,6,6,4,,5,,4,5,6,6,6,5,6,5,6,5,5,6.0,6.0,5,6,5,6,0,5,,5,3,0,6,6,6.0,6,6,5,5,6,5,6,6,6,6,5,6.0,0.0,6,5,6,,5,6,2,4,6,5,6,0,6,0.0,6,6.0,,,2,,6,6,,6,6,4,6,6,6,5,6,6,,,5,6,6,6.0,5,6,6,6.0,6,6,6.0,6,3,5,6.0,6,2,6,5,6,6,6,4,3,5,5,4,5,5,4,5,5,6.0,5,4,5,6.0,5,0,5,5,0,6,6,6.0,,5,5,6,6,4,5,6,6,5,5,6,,6.0,6,,,,6,0,6,5,6,6.0,,,4,5,6,6,5,6,6,6,3,6,6.0,,5,4,5,6.0,6.0,6.0,6,5,5,6,6.0,5,,6,5,6,6,6,6,6.0,6,6,6,6,6,5,6.0,6.0,,6,5,6,,6,5,6,5,6,5,5,4,4,6,6,6,6,,,5,6,6,5,,6,6,6.0,6,5,6.0,6,6.0,6.0,2,,6,5,6.0,6,6,6,6.0,6,5,5,6.0,6,6.0,5,,6,5,6,6,5,,6.0,6,6.0,,6,6,6,5,5,5,6.0,6,6,6,5,6,6,6,6,5,6,5,,6,5,,5,5,5,6,5,6,,5,6,4,5,6,6,6,6,,,5,6,6.0,,6.0,,6.0,6,6,6,6.0,,0.0,,5,,6,,,5,5,3,6.0,,180,10,1.6600562148657088,-0.6764220469571135
4,4,5,4,4,5,5,5,3,4,4,5,5,4,5,5,5,5.0,5.0,5,4,1,4,5,5,0,4,4,5,4,4,3,2,5,4,4,5,6,5,5,5,5,5,5,6.0,5,4,5,5,4,6.0,3,4,,5,4,5,5,5,0,4,3,6.0,5,6.0,5,,5,4,,4,4,5,5,5,5,5,5,5,5,4,4,4,5,5,5,4,5,5,5,6,3,6.0,5,,4,3,0,5,5,5,5,5,5,4,5,6.0,6.0,4,5,5,5,5,5,6.0,5,5,5,0,6,6.0,6,6,4,4,5,5,5,5,5,6,1,6.0,3.0,5,5,6,6.0,5,6,5,4,5,2,5,5,5,6.0,5,6.0,6.0,6.0,4,,5,2,6.0,2,5,4,5,5,0,5,5,5,6.0,,4,5,5,6.0,4,5,5,6.0,6,5,6.0,5,5,5,0.0,5,2,5,3,5,5,5,3,4,4,4,5,4,4,3,5,1,5.0,5,4,5,6.0,5,5,4,4,5,5,5,6.0,5.0,5,0,5,5,4,5,5,5,5,0,5,,6.0,5,4.0,6.0,,2,5,6,5,5,6.0,,6.0,5,5,5,5,5,5,3,6,4,5,6.0,6.0,5,5,5,6.0,5.0,6.0,5,4,5,5,6.0,5,,5,5,5,5,5,5,6.0,5,5,6,5,5,5,5.0,6.0,,5,5,6,,5,5,5,5,5,5,5,4,5,5,5,6,5,5.0,6.0,5,6,5,5,,5,4,6.0,5,5,6.0,5,6.0,5.0,5,,1,5,6.0,5,1,5,5.0,5,0,4,6.0,5,6.0,5,,5,5,5,5,5,,6.0,5,6.0,6.0,5,5,5,5,5,5,6.0,5,5,5,5,5,5,6,5,4,5,4,,5,5,,5,5,5,5,4,6,6.0,5,5,5,3,5,5,5,5,6.0,,5,5,6.0,6.0,6.0,,6.0,6,5,6,5.0,,,,5,,0,,,5,5,5,6.0,6.0,181,10,1.729921000658328,-0.6702484237731866
5,5,0,5,5,5,5,5,5,5,5,5,5,5,6,5,5,6.0,4.0,5,4,5,4,5,5,5,4,4,3,5,5,5,5,6,5,5,6,5,4,5,5,6,2,5,0.0,5,5,5,5,6,6.0,5,5,,5,0,5,5,5,5,4,5,0.0,6,6.0,5,,5,5,,4,4,6,5,6,4,5,6,4,5,4,5,1,5,6,4,4,4,5,5,6,5,6.0,5,,5,5,6,2,5,5,5,4,5,4,4,6.0,5.0,1,6,5,6,5,3,6.0,4,3,5,5,6,6.0,6,6,4,5,5,5,5,6,4,6,5,6.0,6.0,6,5,6,6.0,4,5,5,4,1,5,5,6,5,,5,6.0,6.0,6.0,4,,5,6,6.0,5,5,3,0,5,6,5,6,5,,,5,5,5,6.0,3,6,6,6.0,6,6,6.0,4,5,5,6.0,6,5,5,5,5,6,6,4,5,3,5,5,5,5,0,3,5,6.0,5,5,5,6.0,4,5,1,5,5,6,5,6.0,,5,2,5,6,4,5,6,5,5,4,6,,6.0,6,6.0,,,5,5,6,5,5,6.0,,6.0,5,6,5,2,5,2,6,6,5,6,6.0,6.0,5,5,5,6.0,6.0,6.0,5,5,5,6,6.0,5,,6,5,5,6,5,5,6.0,5,5,6,5,6,2,3.0,0.0,,6,5,6,,5,6,6,5,5,5,5,5,5,5,6,6,6,,6.0,4,2,5,4,,5,5,6.0,6,4,6.0,6,6.0,6.0,5,,5,5,6.0,6,5,5,6.0,5,6,5,6.0,5,6.0,5,,4,5,5,5,5,,6.0,6,6.0,6.0,6,6,5,3,5,4,6.0,6,5,5,5,4,6,6,5,4,0,5,,0,5,,5,5,4,6,5,6,6.0,5,5,5,5,5,5,5,4,6.0,,5,5,6.0,,6.0,,6.0,6,6,6,5.0,,,,5,,5,0.0,,5,5,6,4.0,,182,10,1.7550008265829062,-0.6321928975115383
5,5,5,4,0,0,5,5,4,5,4,4,5,4,5,5,5,6.0,6.0,5,3,6,5,5,5,5,5,2,5,5,5,4,5,6,4,4,6,5,4,5,5,5,5,5,6.0,5,5,5,5,5,6.0,5,4,,5,4,5,5,5,4,3,5,6.0,5,6.0,5,,5,5,,4,4,5,5,5,3,5,5,5,5,3,5,3,4,5,4,5,4,5,5,6,3,6.0,0,,0,5,5,4,2,5,5,0,5,4,1,6.0,6.0,5,5,5,5,5,4,6.0,4,5,5,5,3,6.0,5,5,5,4,5,5,5,5,5,5,4,6.0,6.0,6,5,6,6.0,4,5,5,2,5,5,5,5,5,,5,6.0,6.0,6.0,4,,5,6,6.0,0,6,4,0,5,5,5,5,5,6.0,,5,3,5,3.0,4,4,5,3.0,5,5,6.0,5,5,5,6.0,6,4,5,4,5,6,5,4,5,5,5,5,5,5,4,5,5,6.0,4,5,5,6.0,5,4,5,5,5,5,3,6.0,,5,5,5,5,4,5,5,5,4,4,5,,1.0,5,6.0,,,5,5,5,5,3,6.0,,6.0,5,5,5,5,5,5,6,5,1,5,6.0,6.0,5,5,4,6.0,6.0,6.0,5,5,5,5,0.0,4,,5,4,5,6,5,5,6.0,5,5,5,5,5,5,6.0,6.0,,5,5,5,,5,5,5,5,5,0,0,3,4,5,5,5,5,,6.0,1,2,5,4,,5,5,6.0,5,5,5.0,5,6.0,6.0,5,,5,5,6.0,6,6,5,6.0,5,5,5,5.0,3,6.0,4,,5,5,5,5,5,,6.0,6,5.0,6.0,5,5,5,5,4,5,6.0,5,5,5,4,5,5,5,5,5,5,5,,4,4,,5,4,5,5,4,6,6.0,5,6,5,5,5,5,4,5,6.0,,5,5,6.0,6.0,6.0,,6.0,5,5,6,6.0,,,6.0,5,,6,,,5,5,5,6.0,6.0,183,10,1.7508896797153028,-0.6621427144080689
6,6,6,5,6,6,6,6,6,6,6,6,6,0,7,6,6,7.0,7.0,6,5,6,6,4,6,6,5,6,6,6,6,6,6,7,6,6,7,7,6,6,6,6,3,7,0.0,7,6,6,1,7,7.0,6,6,,6,5,2,6,6,5,6,5,7.0,6,,7,,7,6,,3,6,7,7,6,6,7,6,7,6,6,6,6,5,7,6,6,6,7,6,7,3,,7,,6,5,7,6,7,6,6,6,1,5,0,7.0,7.0,6,6,6,6,7,0,7.0,5,6,6,6,7,7.0,7,7,5,5,6,6,5,7,7,7,6,7.0,7.0,7,6,7,7.0,6,7,7,5,7,6,7,6,6,,6,7.0,7.0,7.0,6,7.0,2,4,7.0,7,7,6,7,7,6,6,7,7,,,3,6,7,7.0,5,7,7,6.0,0,7,7.0,2,6,6,7.0,7,5,7,6,6,7,7,5,6,6,6,7,3,6,4,7,4,7.0,6,6,0,3.0,6,6,6,6,7,6,3,7.0,,6,6,7,7,6,6,7,7,6,5,7,,,7,7.0,7.0,,7,6,7,7,6,7.0,,7.0,6,7,7,6,6,3,0,7,5,6,7.0,,6,6,6,7.0,7.0,7.0,7,6,6,6,7.0,6,,7,6,7,6,6,6,7.0,6,6,7,6,6,5,7.0,7.0,,7,6,7,,6,7,6,5,7,6,6,6,6,6,6,7,7,,0.0,6,7,6,5,,7,6,7.0,7,6,7.0,7,7.0,7.0,5,,6,6,7.0,7,4,7,7.0,6,7,6,7.0,6,7.0,6,,6,6,6,6,5,,7.0,7,7.0,,7,7,0,6,4,6,7.0,7,7,7,7,7,7,7,7,6,6,6,,6,0,,7,6,4,6,6,7,7.0,6,6,6,6,6,6,6,7,7.0,,6,6,7.0,,7.0,,7.0,7,7,7,7.0,,,,6,,7,,,6,7,6,7.0,,184,10,1.9163405088062622,-0.6623230980202162
2,4,2,4,4,5,4,5,5,5,4,5,5,5,5,5,5,6.0,5.0,4,4,5,4,5,2,4,4,5,5,4,4,4,5,5,5,3,4,5,4,5,0,5,5,5,6.0,5,5,5,1,5,6.0,4,4,,5,4,4,2,5,4,4,4,5.0,5,6.0,0,,5,5,,4,4,6,5,5,4,5,5,5,4,3,4,4,5,5,4,5,4,5,5,6,3,6.0,3,,4,4,5,5,5,4,5,4,5,1,4,6.0,5.0,5,5,5,1,5,3,6.0,4,5,5,5,5,5.0,5,5,4,0,4,5,5,0,5,5,4,6.0,5.0,5,5,5,6.0,4,5,5,4,5,5,5,5,3,6.0,4,6.0,6.0,6.0,4,,5,5,6.0,0,5,4,5,5,5,5,5,5,6.0,,4,4,5,4.0,3,5,5,5.0,2,5,5.0,5,4,5,6.0,5,4,5,5,4,5,5,3,2,3,4,5,4,5,3,5,4,5.0,5,4,3,6.0,5,5,5,5,5,5,5,6.0,,5,5,4,5,4,5,3,2,4,0,5,5.0,6.0,5,6.0,,,5,5,0,5,5,5.0,,6.0,5,5,4,4,4,5,5,5,4,5,5.0,6.0,5,5,5,6.0,6.0,5.0,5,5,4,5,5.0,4,5.0,5,5,1,5,4,5,6.0,5,5,0,5,4,5,6.0,6.0,5.0,5,5,5,,5,5,5,4,5,5,5,3,5,5,5,5,5,,6.0,4,5,5,4,,5,5,6.0,5,5,6.0,5,6.0,6.0,4,,4,4,5.0,5,5,5,6.0,5,5,5,5.0,0,5.0,4,,5,5,5,4,5,,6.0,5,6.0,6.0,5,5,5,5,5,5,6.0,5,5,5,4,5,5,5,5,4,5,5,,4,4,,5,1,5,4,4,5,6.0,4,5,5,5,4,5,5,5,5.0,,5,5,6.0,6.0,5.0,,6.0,5,5,5,6.0,,6.0,0.0,2,,5,6.0,6.0,5,5,5,6.0,4.0,185,10,1.641267262388303,-0.634220803425788
6,6,6,5,5,6,6,6,5,6,6,6,6,6,7,6,6,7.0,7.0,6,4,7,5,6,6,4,6,6,6,6,6,6,6,7,6,6,7,6,6,7,7,6,6,6,7.0,6,6,6,6,7,7.0,6,1,,6,0,6,6,6,6,6,6,0.0,6,,6,,7,6,,5,5,7,6,6,6,6,6,6,7,5,6,4,6,6,6,6,5,6,6,7,4,7.0,5,,5,5,7,6,6,6,5,6,6,5,6,7.0,7.0,6,7,4,7,7,5,7.0,5,6,6,6,7,7.0,7,7,5,3,6,6,6,6,6,7,5,7.0,7.0,7,5,6,7.0,5,6,7,5,6,6,6,6,6,,2,7.0,7.0,7.0,6,,6,7,7.0,7,7,6,7,7,7,6,7,5,,,6,5,7,7.0,6,7,7,7.0,7,7,7.0,0,6,6,7.0,6,6,6,6,6,7,7,5,6,6,6,2,6,6,1,6,6,7.0,0,6,6,7.0,6,6,6,6,6,7,6,7.0,,5,6,6,7,4,6,7,7,6,6,7,,7.0,6,7.0,,,7,6,7,6,6,7.0,7.0,7.0,6,6,6,6,5,6,7,6,2,6,7.0,7.0,6,6,6,7.0,7.0,7.0,6,6,6,6,7.0,6,,7,6,4,4,5,6,0.0,6,6,6,0,6,6,7.0,1.0,7.0,7,6,6,,6,6,5,6,6,6,6,5,6,6,7,7,7,,7.0,5,6,5,6,,7,5,7.0,6,5,5.0,7,7.0,7.0,6,,6,6,7.0,7,6,6,7.0,0,6,1,0.0,6,7.0,6,,0,6,7,6,3,,7.0,7,7.0,7.0,6,5,6,6,6,6,7.0,2,7,6,6,6,6,7,7,5,6,6,,5,6,,6,5,4,6,6,5,7.0,6,6,6,6,6,6,5,7,7.0,,6,6,7.0,,7.0,,7.0,7,7,3,7.0,,,,6,,7,,,6,6,7,0.0,,186,10,1.882343261477703,-0.6251960689498725
3,4,2,3,3,1,4,4,2,3,0,4,3,3,4,4,3,4.0,5.0,4,2,4,4,4,4,4,3,3,4,4,4,3,4,4,3,1,4,4,4,4,4,4,4,4,5.0,4,3,4,4,4,5.0,0,3,,4,4,4,4,4,3,3,3,5.0,4,5.0,4,,4,3,,3,2,4,4,4,3,4,4,4,4,2,4,3,3,4,2,4,3,4,4,4,3,5.0,0,,3,0,4,4,0,4,4,4,4,3,3,5.0,5.0,4,4,4,4,2,4,4.0,4,4,4,4,5,5.0,4,1,4,3,4,3,4,4,4,4,3,3.0,4.0,4,4,5,5.0,3,4,4,1,4,4,3,4,4,5.0,4,5.0,5.0,1.0,2,,4,5,5.0,4,4,3,4,4,4,0,4,4,5.0,,3,4,4,5.0,3,4,4,5.0,3,4,5.0,3,4,4,5.0,4,3,4,3,4,5,5,2,3,3,4,4,4,4,3,4,3,5.0,4,4,4,5.0,2,4,4,3,4,4,4,5.0,,4,4,4,4,3,4,1,4,3,0,4,,0.0,4,3.0,,,4,4,4,4,1,4.0,3.0,5.0,4,4,4,4,3,4,5,4,3,4,4.0,5.0,4,4,4,5.0,4.0,4.0,4,1,4,4,4.0,4,,4,4,4,4,4,4,5.0,1,0,4,4,4,4,4.0,5.0,,4,4,4,,4,4,4,4,4,3,3,3,3,4,4,4,4,,5.0,3,4,4,0,,4,4,5.0,4,4,5.0,3,5.0,5.0,4,,4,4,5.0,5,4,4,5.0,4,2,4,4.0,4,5.0,4,,4,2,4,4,3,4.0,5.0,4,5.0,5.0,4,5,4,3,4,4,5.0,4,4,4,4,4,2,4,4,4,4,3,,3,2,,4,3,4,4,3,5,5.0,4,4,4,4,4,4,4,4,5.0,,4,4,5.0,5.0,5.0,,5.0,4,4,4,5.0,,3.0,,4,,4,,,3,4,4,5.0,5.0,187,10,1.577469553450609,-0.6277286282093254
5,5,5,4,4,4,3,5,5,5,5,5,4,5,6,5,5,6.0,6.0,5,4,0,5,5,5,5,0,5,5,5,5,4,5,6,5,2,6,5,5,6,6,5,5,6,,5,5,5,5,0,6.0,5,5,,5,5,5,5,5,4,5,5,6.0,6,,6,,5,5,,4,4,6,5,5,5,5,6,6,6,5,5,4,5,5,4,5,5,6,5,6,2,6.0,5,,4,4,5,5,6,3,5,5,5,4,5,6.0,6.0,5,5,5,5,6,5,6.0,4,5,5,6,6,6.0,6,6,5,5,5,5,5,6,5,6,2,6.0,6.0,6,4,6,6.0,4,5,6,4,5,5,5,6,5,,5,6.0,6.0,6.0,5,,5,6,5.0,6,6,5,5,6,3,4,6,6,,,5,5,5,6.0,4,5,6,0.0,6,5,6.0,5,6,5,6.0,6,4,5,5,5,6,6,4,5,5,2,5,5,5,3,5,3,6.0,5,4,5,6.0,0,5,5,3,6,5,5,6.0,,5,5,6,6,5,5,5,6,5,5,6,,6.0,6,6.0,,0.0,5,5,6,5,5,6.0,,6.0,5,5,5,5,5,5,6,6,0,6,6.0,,5,5,4,5.0,6.0,6.0,5,5,5,5,6.0,5,,6,5,6,6,5,5,6.0,6,6,4,5,5,5,6.0,6.0,,6,5,6,,5,5,5,5,6,5,5,4,5,5,5,4,5,0.0,6.0,2,6,3,5,,6,5,6.0,5,5,6.0,2,6.0,6.0,5,,5,6,6.0,6,6,6,5.0,6,6,5,6.0,6,6.0,0,5.0,5,5,6,6,5,,6.0,5,6.0,6.0,6,6,4,5,5,5,6.0,5,6,6,5,5,6,6,6,4,5,5,,5,5,,5,1,5,6,5,6,,4,6,5,5,3,4,5,5,6.0,,5,5,4.0,6.0,6.0,,6.0,6,6,6,6.0,,,,2,,6,,,5,5,6,6.0,0.0,188,10,1.7013029853207984,-0.6132687910126571
5,5,5,5,4,6,5,6,6,6,5,5,5,5,6,6,6,,6.0,4,4,6,6,6,6,6,5,6,6,5,5,5,6,6,5,5,6,6,6,4,4,5,6,4,,6,6,3,5,6,,4,4,,5,5,6,5,6,5,5,5,6.0,6,,6,,6,4,,5,5,6,6,6,5,6,6,6,6,5,5,5,5,0,5,5,5,6,5,6,3,0.0,2,,3,4,5,6,6,5,5,5,6,3,5,,6.0,5,6,5,5,6,5,6.0,5,5,6,5,6,6.0,6,6,5,2,5,6,6,6,6,6,0,6.0,6.0,6,5,6,,5,3,6,5,6,1,5,3,5,,6,,,,5,,5,6,6.0,6,6,5,6,6,1,5,6,6,,,5,5,6,5.0,4,4,0,6.0,6,6,6.0,6,6,6,,6,5,6,5,5,6,6,3,5,5,5,6,5,6,4,6,4,,5,5,5,6.0,6,6,5,5,6,6,6,5.0,,5,6,0,6,5,5,6,6,5,4,5,,,5,,,,6,6,6,5,6,6.0,,6.0,6,6,6,6,5,6,6,6,5,4,6.0,0.0,6,6,6,,6.0,6.0,6,5,5,6,6.0,5,,5,6,6,6,0,5,6.0,5,6,6,6,0,6,6.0,,,6,5,6,,6,6,5,5,6,6,5,5,5,6,6,6,6,,,5,6,6,5,,6,6,6.0,5,6,,6,6.0,,6,,5,5,6.0,6,6,6,,6,6,5,4.0,5,6.0,6,6.0,6,6,3,0,6,,6.0,6,6.0,,6,6,6,6,6,5,6.0,6,6,6,6,6,6,6,6,4,6,1,,5,5,,5,5,6,6,0,6,,5,6,5,5,4,6,5,6,,,5,6,6.0,,6.0,,6.0,6,6,6,6.0,,,,5,,6,,,6,6,6,,,189,10,1.7038411878631372,-0.5032874457001845
5,5,3,5,5,6,6,6,6,6,6,6,6,5,6,6,6,7.0,5.0,5,4,6,6,6,6,6,5,5,5,6,6,5,6,6,5,5,6,6,6,6,6,5,6,6,7.0,2,5,0,6,6,6.0,6,5,,2,5,6,5,6,4,5,5,6.0,6,7.0,6,,6,6,,5,4,6,6,6,5,6,7,6,6,4,6,5,6,5,5,6,5,0,6,6,5,7.0,6,,0,5,6,5,6,6,6,5,0,1,4,7.0,6.0,2,6,6,6,6,5,7.0,5,5,6,6,6,7.0,6,6,5,5,6,5,6,6,6,6,5,7.0,7.0,7,6,6,7.0,5,6,6,4,3,5,6,6,6,7.0,6,7.0,7.0,7.0,5,,6,6,6.0,6,6,5,6,5,6,5,6,6,7.0,7.0,0,6,6,7.0,4,5,6,7.0,6,6,7.0,6,6,6,7.0,6,5,6,1,6,6,6,1,6,5,6,6,5,6,3,6,5,6.0,6,4,6,5.0,5,6,6,5,6,0,6,7.0,,6,6,6,6,5,4,6,6,5,5,6,,7.0,6,7.0,,,6,5,6,6,6,7.0,,7.0,6,0,6,6,5,6,6,6,5,6,5.0,7.0,6,5,5,7.0,6.0,7.0,6,5,6,6,7.0,5,,6,6,6,6,6,6,7.0,3,6,0,6,6,6,6.0,7.0,,6,6,6,,6,6,5,5,5,6,5,5,4,6,6,6,6,,7.0,5,6,6,5,,3,6,6.0,6,6,7.0,6,7.0,7.0,5,,6,4,6.0,6,6,5,7.0,6,6,6,6.0,6,7.0,6,,6,5,6,6,6,,7.0,6,6.0,7.0,6,6,6,6,6,6,7.0,6,6,6,0,6,6,6,6,4,6,5,,5,6,,6,5,5,6,5,6,7.0,5,6,6,6,6,6,5,6,6.0,,3,5,4.0,6.0,7.0,0.0,7.0,6,6,6,6.0,,7.0,,4,,6,,6.0,4,6,6,7.0,7.0,190,10,1.8223187007557484,-0.6336531061421947
6,6,6,5,6,6,3,6,5,6,5,5,6,5,6,6,6,6.0,0.0,4,5,6,6,6,0,6,6,5,6,6,5,5,6,6,6,6,7,6,6,6,6,6,6,6,7.0,6,6,6,6,6,7.0,6,4,,6,6,6,6,6,6,5,5,6.0,6,7.0,6,,6,5,,3,4,6,6,6,2,6,6,0,6,4,3,4,6,6,5,6,5,6,6,7,5,7.0,6,,5,5,6,5,6,6,5,5,6,5,5,6.0,6.0,4,6,5,6,6,5,7.0,5,6,6,6,6,7.0,6,6,6,5,6,6,6,6,5,6,4,6.0,5.0,6,5,6,7.0,3,6,6,5,6,5,5,6,6,,6,7.0,7.0,7.0,5,,6,6,1.0,6,0,5,6,0,6,6,6,6,7.0,7.0,5,6,6,7.0,5,6,6,7.0,7,7,7.0,6,6,6,7.0,4,6,6,5,6,6,0,5,6,5,6,6,6,6,5,6,5,6.0,6,6,6,7.0,6,6,4,6,6,7,4,7.0,,5,6,6,6,2,3,7,6,6,5,7,,7.0,6,6.0,,0.0,6,5,6,5,6,7.0,,7.0,5,6,6,6,5,4,6,6,6,6,6.0,4.0,6,6,6,7.0,7.0,7.0,6,5,6,6,7.0,5,,6,6,6,7,6,6,7.0,6,6,6,6,6,6,7.0,7.0,,6,0,6,,0,6,6,6,6,4,6,4,3,6,6,6,4,,5.0,5,5,6,6,,6,5,7.0,6,6,0.0,1,6.0,7.0,6,7.0,6,6,7.0,6,7,6,7.0,6,3,6,6.0,6,7.0,5,,6,6,6,6,5,,7.0,6,7.0,7.0,6,6,6,4,6,6,7.0,6,6,5,6,6,6,6,6,5,6,6,,5,6,,6,5,6,6,5,7,7.0,6,6,6,3,6,6,5,3,7.0,,6,6,6.0,7.0,7.0,,7.0,6,7,6,7.0,,,,6,,6,,,6,6,6,6.0,7.0,191,10,1.6959639759839893,-0.5771119526834607
4,0,4,4,4,4,5,5,4,5,1,4,4,4,5,5,2,5.0,5.0,4,3,5,3,5,5,4,4,4,5,5,4,4,5,5,4,4,5,5,2,5,5,5,5,5,,5,2,0,5,5,,5,3,,5,4,4,4,4,4,3,4,5.0,5,,5,,5,2,,0,4,4,5,5,4,5,5,4,5,3,4,4,4,5,4,4,3,5,5,5,3,,5,,4,4,5,5,5,5,4,4,5,4,4,,5.0,5,4,4,5,5,4,,4,5,5,5,5,,5,5,4,4,5,4,5,5,5,5,3,5.0,5.0,5,4,5,,1,5,5,4,5,4,5,5,5,,5,3.0,,,3,,5,5,5.0,5,5,4,5,2,0,4,5,5,,,4,5,5,4.0,3,5,5,0.0,0,5,5.0,5,5,5,,5,3,5,0,5,5,5,4,4,4,4,5,4,5,3,4,4,5.0,5,3,5,,5,5,4,4,2,5,5,,,4,5,5,5,4,5,5,0,4,4,5,,,4,5.0,,,5,4,5,3,5,5.0,,,4,5,4,5,4,5,5,5,3,5,5.0,,4,4,4,,5.0,5.0,5,4,4,4,5.0,0,,5,5,5,5,5,4,5.0,5,5,5,4,5,4,5.0,5.0,,2,4,5,,5,5,5,5,5,4,4,1,4,5,5,5,5,,,4,5,4,5,,5,5,5.0,5,4,,5,5.0,,5,,5,5,5.0,5,5,5,,5,5,4,5.0,5,5.0,4,,5,4,5,5,4,,5.0,3,5.0,,4,5,5,2,2,5,5.0,5,5,5,5,5,5,5,5,4,5,4,,4,5,,5,4,5,5,4,5,,4,5,4,4,5,5,4,5,,,4,5,5.0,,5.0,,,5,5,5,5.0,,,,5,,5,,0.0,4,2,5,5.0,,192,10,1.6122031766000944,-0.5855250216582752
5,5,1,6,6,6,7,6,6,6,6,6,6,4,7,6,5,7.0,7.0,6,5,6,5,6,6,6,2,6,6,4,6,6,6,7,6,6,4,7,6,6,7,6,6,6,7.0,6,6,6,6,6,5.0,6,5,,6,6,6,0,6,5,4,6,7.0,3,,6,,6,6,,5,5,7,7,6,6,6,5,6,4,4,6,5,6,6,5,6,3,6,0,7,5,7.0,3,,6,5,7,6,6,6,6,6,6,5,6,7.0,7.0,6,6,6,6,6,5,7.0,5,6,6,5,7,7.0,7,7,6,6,6,6,6,7,7,3,5,7.0,7.0,7,6,7,7.0,5,6,7,6,7,6,6,7,6,7.0,6,7.0,7.0,7.0,5,,6,7,7.0,6,7,5,6,7,6,6,7,7,,,6,6,7,7.0,5,6,6,7.0,5,6,7.0,1,6,6,7.0,6,5,6,2,6,7,7,5,6,5,6,7,6,6,4,6,6,7.0,6,5,6,7.0,6,7,6,4,6,4,6,7.0,,6,6,6,7,6,6,7,7,5,6,7,,7.0,2,6.0,,,6,6,7,6,6,5.0,,7.0,6,7,6,6,5,6,7,7,5,6,7.0,0.0,3,6,6,7.0,7.0,7.0,6,6,6,6,7.0,6,,7,6,6,7,6,6,7.0,7,6,7,6,6,6,6.0,7.0,0.0,6,6,6,,6,6,6,6,7,6,6,5,6,6,6,7,6,,7.0,6,0,6,6,,7,6,7.0,6,6,7.0,7,7.0,7.0,6,,6,6,7.0,7,6,7,7.0,7,6,6,7.0,7,7.0,6,,6,0,6,6,6,,2.0,7,7.0,7.0,6,7,6,6,6,5,7.0,6,7,7,6,6,0,6,6,4,6,6,,5,6,,6,6,6,7,6,7,,0,7,0,6,6,7,6,7,7.0,,6,6,7.0,7.0,7.0,,7.0,7,6,7,7.0,,,,0,,7,6.0,,6,4,6,5.0,7.0,193,10,1.7856558048141478,-0.5991666703556123
4,4,4,3,3,4,4,4,4,4,3,4,4,4,5,4,4,5.0,5.0,4,3,5,4,5,4,4,4,4,4,4,4,4,0,5,4,4,5,5,4,5,5,5,4,5,4.0,0,4,5,4,5,5.0,4,4,,4,4,4,4,0,4,4,4,5.0,5,,4,,4,4,,1,3,5,5,4,3,5,5,4,4,1,4,3,4,4,4,4,3,5,5,5,3,5.0,4,,4,4,5,4,4,4,0,2,5,3,4,5.0,5.0,4,4,2,4,2,4,5.0,4,4,4,5,5,5.0,5,5,1,4,4,4,4,5,4,5,3,5.0,5.0,5,5,5,5.0,4,5,5,3,5,4,4,5,4,,4,5.0,5.0,5.0,3,,4,5,5.0,4,5,4,5,5,5,4,4,5,5.0,,4,4,5,5.0,2,5,5,5.0,5,4,5.0,4,5,4,5.0,5,1,4,4,4,5,4,2,4,4,4,4,4,5,3,4,4,5.0,3,3,4,5.0,4,5,4,2,4,3,4,5.0,,4,4,4,0,4,4,5,0,3,4,5,,5.0,4,5.0,,,5,4,5,4,4,5.0,,5.0,4,5,5,2,4,4,5,4,3,4,5.0,5.0,4,0,4,5.0,5.0,5.0,4,4,4,4,3.0,4,,3,2,5,5,4,2,5.0,4,5,5,4,3,4,5.0,5.0,,5,5,5,,4,4,4,4,5,4,4,3,4,5,4,5,4,,5.0,3,3,1,4,,5,4,5.0,4,4,1.0,5,5.0,5.0,4,,5,4,2.0,4,5,4,0.0,5,4,4,5.0,5,5.0,4,,4,1,5,0,4,,5.0,0,5.0,5.0,4,5,5,4,4,4,5.0,5,5,5,4,5,5,5,5,4,4,4,,3,4,,4,4,4,3,4,5,,3,4,4,4,4,5,4,5,5.0,,4,3,5.0,3.0,5.0,,4.0,4,5,3,5.0,,,,5,,5,4.0,,4,4,5,5.0,5.0,194,10,1.5885817111074758,-0.6156330047973394
4,4,4,4,3,4,4,4,4,4,4,4,5,4,5,5,5,5.0,5.0,5,4,5,4,5,4,4,4,4,4,4,4,4,4,5,4,4,5,5,4,5,4,5,0,5,5.0,4,4,4,4,2,5.0,4,3,,4,0,3,4,4,4,3,3,5.0,3,,5,,5,4,,4,3,5,5,5,4,5,5,5,4,3,4,3,1,1,4,3,3,5,4,5,3,0.0,4,,4,2,5,4,4,4,4,0,5,3,4,5.0,5.0,4,5,4,5,5,4,5.0,4,4,1,4,5,5.0,5,4,2,3,4,4,4,5,5,5,4,5.0,5.0,5,4,5,5.0,4,4,4,3,4,4,5,0,5,,5,5.0,5.0,5.0,4,,4,5,5.0,5,5,3,5,4,4,4,4,5,5.0,0.0,4,4,2,5.0,3,4,4,5.0,5,5,5.0,5,4,4,5.0,5,4,5,4,4,5,5,3,4,4,4,4,4,5,3,5,4,5.0,4,4,4,5.0,4,4,4,4,5,5,5,5.0,,4,4,4,5,2,4,5,5,4,2,5,,5.0,5,5.0,,,5,4,4,4,5,5.0,4.0,5.0,4,5,5,4,4,4,0,4,3,5,5.0,,5,5,4,5.0,2.0,5.0,4,4,4,5,5.0,4,,4,4,4,4,4,5,5.0,4,4,5,4,4,4,5.0,5.0,,4,3,5,,4,5,4,4,5,4,1,2,3,4,5,5,5,,5.0,3,5,4,4,,5,4,5.0,4,4,5.0,5,5.0,5.0,4,,4,0,3.0,5,0,5,3.0,4,5,4,5.0,4,5.0,4,5.0,4,4,4,2,5,5.0,5.0,5,5.0,5.0,4,4,5,4,4,3,5.0,5,4,4,4,5,5,5,5,4,4,4,,1,0,,4,1,3,4,3,5,5.0,4,5,4,4,4,5,4,3,5.0,,4,4,5.0,,5.0,,5.0,2,5,5,5.0,,,,4,,5,,,4,4,4,5.0,,195,10,1.5704053394107114,-0.6561232535236251
4,4,5,2,3,0,4,4,4,4,4,4,4,0,5,4,4,5.0,5.0,5,2,5,4,5,4,2,3,4,4,4,4,4,4,4,1,4,5,5,4,5,5,5,4,4,,4,4,5,4,5,5.0,4,4,,4,4,5,4,4,3,4,3,5.0,4,,5,,4,4,,3,1,5,4,4,3,5,5,5,5,3,3,4,4,5,1,0,3,4,4,5,3,4.0,4,,3,3,4,4,4,4,5,5,5,4,1,5.0,0.0,4,5,4,5,4,4,,3,4,0,4,5,5.0,4,5,4,4,3,4,2,5,5,5,0,5.0,5.0,5,4,5,,2,5,4,3,4,4,3,5,5,4.0,4,5.0,3.0,5.0,4,,5,5,5.0,5,5,3,4,5,5,4,5,5,,,4,5,5,5.0,3,4,5,5.0,5,5,5.0,5,4,4,5.0,5,3,4,4,4,5,5,4,4,4,4,4,4,4,3,5,4,5.0,4,4,4,5.0,3,4,4,4,2,0,1,5.0,,4,5,5,5,4,4,5,5,4,4,4,,5.0,4,5.0,,,4,4,5,4,4,5.0,,5.0,4,5,3,4,4,4,5,5,4,5,5.0,,4,0,4,,5.0,5.0,5,4,4,4,5.0,4,,5,4,5,5,5,5,5.0,5,5,5,4,4,4,5.0,5.0,,5,4,5,,4,5,5,4,5,4,3,4,4,5,4,5,5,,,4,5,3,4,,5,5,5.0,4,4,5.0,5,5.0,5.0,4,,4,5,5.0,5,5,4,5.0,5,5,4,4.0,4,5.0,4,0.0,5,3,5,4,4,,5.0,5,5.0,5.0,0,5,5,4,4,5,5.0,5,5,5,4,5,5,5,5,4,4,2,,3,2,,4,4,4,5,4,5,5.0,4,5,4,4,5,5,4,5,5.0,,4,4,3.0,5.0,5.0,,5.0,5,5,5,5.0,,,,4,,5,,,4,4,5,5.0,,196,10,1.6225992317541613,-0.648017468243488
4,1,4,3,2,1,4,4,4,4,4,4,4,4,5,4,4,5.0,5.0,4,3,2,4,5,4,2,4,4,4,4,4,4,4,5,4,3,5,4,4,5,4,4,5,5,5.0,4,3,4,3,4,5.0,4,3,,4,4,4,4,4,4,3,4,5.0,4,5.0,4,,4,3,,1,3,5,4,4,4,5,5,4,4,2,4,4,3,4,4,3,0,4,4,4,3,5.0,4,,4,4,5,3,4,2,4,0,4,3,4,5.0,5.0,4,4,4,5,5,3,5.0,3,3,4,3,3,5.0,5,4,4,4,4,4,0,5,5,5,4,5.0,5.0,5,4,5,5.0,4,4,4,3,4,4,4,4,4,,4,5.0,5.0,5.0,3,,4,4,5.0,5,5,3,4,5,4,4,4,4,5.0,,0,4,4,4.0,3,4,1,4.0,0,4,5.0,4,4,4,5.0,5,3,4,4,3,5,4,4,4,4,4,4,4,4,2,4,3,5.0,4,4,4,5.0,4,4,4,4,4,5,4,5.0,,3,4,4,5,3,4,4,5,1,3,5,,5.0,5,5.0,,,5,4,5,4,4,5.0,,5.0,3,4,4,4,0,4,5,4,3,5,5.0,5.0,4,4,4,5.0,4.0,5.0,4,4,4,4,5.0,4,,4,4,4,4,4,4,5.0,4,5,5,4,4,1,5.0,5.0,,0,4,4,,4,5,4,1,4,4,2,3,3,4,4,4,5,,5.0,3,5,5,3,,4,4,5.0,4,4,5.0,3,5.0,5.0,4,,4,4,5.0,5,4,5,5.0,4,4,4,5.0,4,5.0,4,,4,4,4,4,2,,5.0,4,5.0,4.0,4,4,4,4,4,3,5.0,4,4,4,4,4,4,5,5,2,4,4,,2,3,,4,3,1,4,3,5,5.0,3,4,0,4,4,4,4,4,5.0,,4,4,5.0,5.0,5.0,,5.0,5,5,4,5.0,0.0,5.0,,4,5.0,5,,0.0,4,4,4,5.0,5.0,197,10,1.6048333333333333,-0.7028950206900224
5,5,5,4,4,5,5,5,4,4,4,4,4,3,5,5,2,5.0,5.0,5,1,5,4,5,4,5,4,4,4,5,5,4,5,5,5,4,5,5,4,5,5,5,5,5,6.0,5,5,5,5,5,6.0,5,4,,5,5,4,5,3,4,4,5,5.0,5,6.0,5,,5,4,,3,3,4,5,5,5,5,5,5,5,3,0,4,4,5,4,4,3,4,5,5,3,6.0,2,,4,4,5,1,5,5,5,2,5,4,5,6.0,6.0,5,5,4,5,5,4,6.0,3,2,0,5,5,6.0,5,5,3,4,5,5,5,5,5,5,4,6.0,5.0,2,4,5,6.0,4,5,5,4,5,5,5,5,5,6.0,5,6.0,6.0,6.0,5,,5,5,5.0,5,6,4,5,5,5,5,5,5,6.0,,4,5,5,6.0,4,5,5,5.0,5,5,6.0,5,5,5,6.0,5,4,5,4,5,5,5,4,4,5,2,5,4,5,3,4,4,5.0,4,5,5,6.0,5,5,4,5,5,5,5,6.0,,5,4,5,5,4,4,5,5,4,4,5,,6.0,0,5.0,,,5,2,5,5,5,5.0,5.0,6.0,4,5,5,4,2,5,5,5,4,5,5.0,6.0,5,5,5,6.0,5.0,6.0,0,4,4,5,6.0,0,,5,5,5,5,5,5,5.0,3,5,5,5,5,5,6.0,5.0,6.0,5,2,3,,5,4,5,4,5,1,5,4,5,4,5,5,5,,6.0,4,3,5,5,,5,4,5.0,5,0,6.0,5,6.0,6.0,4,,5,3,0.0,5,5,5,6.0,0,4,3,5.0,5,5.0,4,,4,4,4,5,5,,6.0,5,6.0,6.0,4,5,5,4,2,5,5.0,5,5,5,5,5,5,5,5,4,5,5,,4,4,,5,4,4,0,4,5,6.0,4,5,5,4,5,5,4,5,6.0,,4,4,6.0,6.0,5.0,,6.0,0,5,5,5.0,,6.0,,5,,5,,5.0,4,4,5,3.0,6.0,198,10,1.6636290967226224,-0.6696161805511526
3,3,4,3,3,3,3,4,3,4,3,4,4,3,4,4,4,4.0,4.0,3,1,4,3,4,3,3,3,3,3,3,3,3,3,4,3,3,4,4,3,4,0,2,4,4,4.0,1,0,4,3,4,4.0,4,3,,3,2,3,3,4,3,3,3,4.0,4,,4,,4,3,,2,2,4,4,4,3,4,4,3,4,1,3,3,3,4,3,3,3,4,4,4,2,,3,,2,2,4,3,3,3,1,0,3,2,3,4.0,3.0,3,4,3,4,4,3,4.0,2,3,4,3,4,4.0,4,4,3,1,3,4,4,4,4,4,3,4.0,4.0,4,3,4,4.0,3,4,4,3,4,3,4,4,3,,4,,4.0,,1,,4,4,4.0,4,4,3,2,4,4,3,4,3,,,3,3,4,2.0,3,4,4,4.0,4,0,4.0,4,3,4,4.0,4,3,3,3,4,4,4,2,3,3,3,3,3,3,2,4,3,4.0,4,2,4,4.0,0,1,3,3,4,4,4,,,3,0,4,4,2,0,4,4,3,2,4,,4.0,4,4.0,,,4,3,4,3,3,4.0,,4.0,4,4,4,3,1,3,4,4,1,4,4.0,,4,4,3,4.0,4.0,4.0,3,0,3,2,4.0,2,,4,3,3,4,4,3,4.0,3,4,4,3,2,3,4.0,4.0,,4,4,4,,3,4,3,3,3,3,3,1,2,4,4,4,4,,4.0,2,0,3,3,,4,3,4.0,3,3,,4,4.0,4.0,3,,3,3,4.0,4,3,4,4.0,3,4,3,4.0,4,4.0,3,,3,3,4,3,3,,4.0,4,4.0,,4,4,4,2,3,3,4.0,2,4,4,3,3,4,4,4,1,4,3,,3,3,,3,3,3,4,3,4,,3,4,3,3,0,4,3,4,4.0,,3,4,4.0,,4.0,,4.0,3,4,4,4.0,,,,3,,4,,,3,3,4,4.0,,199,10,1.4784757653061225,-0.6832203665905019
