0,1,2,3,4,5,6,7,8,9,10,11,12,13,14,15,16,17,18,19,20,21,22,23,24,25,26,27,28,29,30,31,32,33,34,35,36,37,38,39,40,41,42,43,44,45,46,47,48,49,50,51,52,53,54,55,56,57,58,59,60,61,62,63,64,65,66,67,68,69,70,71,72,73,74,75,76,77,78,79,80,81,82,83,84,85,86,87,88,89,90,91,92,93,94,95,96,97,98,99,100,101,102,103,104,105,106,107,108,109,110,111,112,113,114,115,116,117,118,119,120,121,122,123,124,125,126,127,128,129,130,131,132,133,134,135,136,137,138,139,140,141,142,143,144,145,146,147,148,149,150,151,152,153,154,155,156,157,158,159,160,161,162,163,164,165,166,167,168,169,170,171,172,173,174,175,176,177,178,179,180,181,182,183,184,185,186,187,188,189,190,191,192,193,194,195,196,197,198,199,200,201,202,203,204,205,206,207,208,209,210,211,212,213,214,215,216,217,218,219,220,221,222,223,224,225,226,227,228,229,230,231,232,233,234,235,236,237,238,239,240,241,242,243,244,245,246,247,248,249,250,251,252,253,254,255,256,257,258,259,260,261,262,263,264,265,266,267,268,269,270,271,272,273,274,275,276,277,278,279,280,281,282,283,284,285,286,287,288,289,290,291,292,293,294,295,296,297,298,299,300,301,302,303,304,305,306,307,308,309,310,311,312,313,314,315,316,317,318,319,320,321,322,323,324,325,326,327,328,329,330,331,332,333,334,335,336,337,338,339,340,341,342,343,344,345,346,347,348,349,350,351,352,353,354,355,356,357,358,359,360,361,362,363,364,365,366,367,368,369,370,371,372,373,374,375,376,377,378,379,380,381,382,383,384,385,386,387,388,389,390,391,392,393,394,395,396,397,398,399,400,401,402,403,404,405,406,407,408,409,410,411,412,413,414,415,416,417,418,419,420,421,422,423,424,425,426,427,428,429,430,431,432,433,434,435,436,437,438,439,440,441,442,443,444,445,446,447,448,449,450,451,452,453,454,455,456,457,458,459,460,461,462,463,464,465,466,467,468,469,470,471,472,473,474,475,476,477,478,479,480,481,482,483,484,485,486,487,488,489,490,491,492,493,494,495,496,497,498,499,500,501,502,503,504,505,506,507,508,509,510,511,512,513,514,515,516,517,518,519,520,521,522,523,524,525,526,527,528,529,530,531,532,533,534,535,536,537,538,539,540,541,542,543,544,545,546,547,548,549,550,551,552,553,554,555,556,557,558,559,560,561,562,563,564,565,566,567,568,569,570,571,572,573,574,575,576,577,578,579,580,581,582,583,584,585,586,587,588,589,590,591,592,593,594,595,596,597,598,599,600,601,602,603,604,605,606,607,608,609,610,611,612,613,614,615,616,617,618,619,620,621,622,623,624,625,626,627,628,629,630,631,632,633,634,635,636,637,638,639,640,641,642,643,644,645,646,647,648,649,650,651,652,653,654,655,656,657,658,659,660,661,662,663,664,665,666,667,668,669,670,671,672,673,674,675,676,677,678,679,680,681,682,683,684,685,686,687,688,689,690,691,692,693,694,695,696,697,698,699,700,701,702,703,704,705,706,707,708,709,710,711,712,713,714,715,716,717,718,719,720,721,722,723,724,725,726,727,728,729,730,731,732,733,734,735,736,737,738,739,740,741,742,743,744,745,746,747,748,749,750,751,752,753,754,755,756,757,758,759,760,761,762,763,764,765,766,767,768,769,770,771,772,773,774,775,776,777,778,779,780,781,782,783,784,785,786,787,788,789,790,791,792,793,794,795,796,797,798,799,800,801,802,803,804,805,806,807,808,809,810,811,812,813,814,815,816,817,818,819,820,821,822,823,824,825,826,827,828,829,830,831,832,833,834,835,836,837,838,839,840,841,842,843,844,845,846,847,848,849,850,851,852,853,854,855,856,857,858,859,860,861,862,863,864,865,866,867,868,869,870,871,872,873,874,875,876,877,878,879,880,881,882,883,884,885,886,887,888,889,890,891,892,893,894,895,896,897,898,899,900,901,902,903,904,905,906,907,908,909,910,911,912,913,914,915,916,917,918,919,920,921,922,923,924,925,926,927,928,929,930,931,932,933,934,935,936,937,938,939,940,941,942,943,944,945,946,947,948,949,950,951,952,953,954,955,956,957,958,959,960,961,962,963,964,965,966,967,968,969,970,971,972,973,974,975,976,977,978,979,980,981,982,983,984,985,seed,complex_param
6,5,2,5,4,5,5,6,6,7,5,6,5,5,5,5,5,4,5,5,5,5,6,5,6,6,6,0,5,6,5,5,6,6,6,4,5,6,6,6,4,5,5,8,5,5,4,5,5,7,6,5,6,6,3,5,5,2,4,5,4,6,4,4,5,2,6,30.0,5,6,6,6,7.0,6,5,6,6,5,6,5,5,5,4,4,1,6,4,4,5,5,6,4,6,5,6,6,5,6,6,5,6,6,6,6,6,4,5,4,6,32.0,12.0,,6,5,5,4,5,6,6,6,6,4,6,6,6,6,4,5,4,4,6,5,5,5,6,6,6,5,5,6,6,6,4,5,3,3,6,5,7,6,6,5,5,5,5,5,6,4,5,4,3,5,2,5,6,4,4,6,5,5,4,6,5,5,5,6,6,5,6,5,5,6,6,5,5,7,5,1,6,5,5,5,6,6,5,6,6,6,6,6,6,5,22.0,5,6,6,5,6,5,5,5,4,5,7,3,2,6,3,5,6,6,5,5,5,7,3,5,6,6,6,6,0,5,3,5,6,5,6,6,6,6,6,6,5,6,5,8,8,6,4,6,6,4,5,5,5,3,6,5,6,7,5,6,5,6,6,7,7,6,5,6,5,6,6,6,6,,6,5,5.0,5,5,4,0,6,5,5,6,5,8.0,5,6,5,7,6,5,5,7,7,7,3,5,5,5,6,5,5,6,5,6,5,6,6,7,5,,3,6,4,6,6,6,5,5,7,6,5,6,6,5,,6,7,4,7,7,6,6,5,6,5,7,5,6,7,6,6,6,22.0,7,7,5,6,5,6,5,5,5,6,7,6,5,5,5,29.0,5,0,5,5,30.0,6,5,4,5,7,5,6,5,6,6,6,6,21.0,7.0,5,6,,6,5,5,6,7,7,5,6,5,7,6,17.0,6,6,5,17.0,6,4,5,6,7,5,5,6,5,5,4,25.0,36.0,8.0,5,6,4,5,6,5,6,5,6,5,5,6,6,5,5,3.0,5,4,7,0.0,6,5,,5,5,6,6,6,4,7,6,6,,5,8,7,5,22.0,6,30.0,6,5,5,5,7,6,,5,7,6,6,6,6,6,7,10.0,5,5,28.0,34.0,7,5,25.0,5,5,0,6,6,6,5,8,8,5,5,7,4,5,4,5,7,6,6,7,7,7,7,8,6,8,5,6.0,6,5,7,7,32.0,5,7,6,7,7,5,6,5,7,9.0,7,,7,5,6,8,7,8.0,5,5,5,23.0,23.0,6,6,9.0,31.0,12.0,6,6,6,5,6,2,6,5,6,5,6,5,25.0,24.0,7,,4,8,8.0,6,,6,6,6,8,7,,6,6,7,6,6,7,13.0,7,6,6,,7,6,7,,25.0,8,5,6,6,5,6,,7,6,6.0,,17.0,5,,6,7,5,7,,4.0,32.0,,6,7,,6,6,5,20.0,12.0,3,37.0,10.0,7,,7.0,6,,23.0,8,12.0,,7,40.0,21.0,,7.0,34.0,,6,,7.0,6,22.0,7,6,6,6,6,37.0,37.0,6,11.0,,6,,5,6,6,,,6,5,6,7,5,6,6,,,6,7,,7,39.0,26.0,7,6,,6,19.0,,5,7,26.0,,,6,15.0,31.0,,6,28.0,34.0,0,7,7,,,,,7,7,6,0.0,7,7.0,20.0,6,,,,14.0,7,8,,37.0,10.0,28.0,6,6,0.0,7,12.0,6,6.0,7,7.0,9.0,,6,0.0,,30.0,,10.0,10.0,5,5,20.0,,,26.0,6,6,,6,,2,17.0,7.0,,,,,7,,18.0,7,,,21.0,,,,6,7,18.0,15.0,,31.0,,19.0,,7.0,20.0,,,7,,13.0,,19.0,39.0,,11.0,37.0,37.0,25.0,13.0,14.0,6,8,,10.0,7.0,5,6,34.0,5,6,14.0,6,6,6.0,7,12.0,4,28.0,6,6,,30.0,6,,5,,,,6,34.0,,40.0,13.0,,,9.0,6,,,,17.0,6,,6,,28.0,39.0,8,,,8.0,30.0,5,5.0,,5,7,,,,,12.0,,30.0,13.0,29.0,23.0,,7,13.0,10.0,,,6.0,30.0,,3,,22.0,7,,20.0,6,,,31.0,,28.0,6,35.0,,11.0,6,,16.0,,6,,,11.0,,8.0,18.0,8,7,,,,,6,6,,,6,6,7,38.0,7,6,,7,6,7,8,,8,8,7,5,7,8.0,21.0,4,6.0,,34.0,6.0,,36.0,,,23.0,,19.0,,6,5,16.0,35.0,7,,11.0,7,9.0,,,,,,5,19.0,,6.0,8.0,,20.0,20.0,6,,,24.0,,6,40.0,,10.0,,6,,6.0,19.0,,32.0,7,23.0,,6,22.0,,,,,,24.0,,,27.0,5,,,,0,10
6,6,5,5,5,4,6,5,6,7,5,5,5,5,6,5,5,5,6,5,5,3,6,5,6,6,6,5,5,5,4,5,6,5,6,5,5,6,6,6,6,5,5,8,5,5,5,5,6,8,7,5,7,6,6,6,6,6,5,6,6,6,4,4,5,5,6,36.0,5,5,6,7,,6,5,6,6,6,6,6,5,4,4,4,5,6,4,4,6,5,6,6,6,5,6,6,5,7,6,6,6,6,7,6,6,4,4,4,6,,,37.0,6,4,4,5,3,6,6,7,7,4,7,6,6,6,6,5,5,4,6,5,4,5,5,6,5,5,6,6,6,5,5,5,6,5,6,5,7,7,6,6,5,5,5,5,7,6,3,5,4,5,5,5,6,5,5,6,4,3,5,6,5,5,5,7,6,6,7,6,5,6,7,2,5,6,4,5,5,3,5,5,7,6,6,6,6,6,3,6,6,5,26.0,5,6,6,6,6,5,5,4,4,4,6,6,5,6,6,6,7,6,5,5,5,7,5,5,6,6,6,5,6,6,5,5,6,0,6,6,7,6,6,5,5,6,3,7,7,6,4,6,4,3,5,4,2,3,6,5,6,6,6,7,5,6,6,6,7,6,5,6,5,6,6,6,6,9.0,6,5,17.0,5,5,4,4,6,5,5,6,5,17.0,5,6,6,6,6,5,5,7,7,6,5,5,6,4,6,6,5,7,5,6,6,6,6,7,5,25.0,6,6,5,7,6,6,7,6,7,5,5,6,6,1,,6,7,5,7,7,6,6,5,5,5,7,6,6,8,6,6,6,12.0,7,7,5,6,5,6,0,5,3,4,7,6,5,5,5,18.0,5,5,5,6,39.0,6,4,5,6,7,5,6,5,7,6,6,7,6.0,,7,7,17.0,5,6,6,6,7,7,5,7,6,7,7,31.0,6,5,5,16.0,7,5,2,7,6,6,6,6,5,5,6,17.0,,14.0,5,6,5,5,6,5,6,4,6,5,5,7,6,5,6,,6,4,7,11.0,6,5,8.0,5,5,6,6,6,5,7,7,6,,5,7,6,4,7.0,6,,6,5,5,5,7,4,,4,7,6,5,5,5,6,6,3.0,5,5,,6.0,7,4,17.0,5,6,6,6,0,6,5,3,7,5,5,6,5,4,5,5,6,7,5,6,7,7,7,8,6,7,5,,6,3,6,6,11.0,5,7,6,8,8,1,6,6,7,,6,,6,6,7,8,0,26.0,5,6,4,24.0,23.0,7,6,,,28.0,6,6,5,5,6,5,6,5,5,5,6,5,36.0,22.0,7,5.0,6,8,10.0,0,,6,7,6,8,7,20.0,5,6,7,6,6,6,,8,6,6,,6,6,6,,37.0,8,6,7,6,5,6,8.0,7,6,20.0,,13.0,6,39.0,6,7,5,6,,,,0.0,5,7,9.0,6,5,5,9.0,11.0,5,32.0,29.0,7,34.0,23.0,7,,27.0,7,11.0,,7,8.0,9.0,,36.0,25.0,,7,,12.0,6,12.0,7,6,5,7,6,7.0,24.0,6,16.0,,5,9.0,5,6,8,,,4,6,6,7,6,6,6,,6.0,6,7,,7,29.0,37.0,7,6,,7,,8.0,6,8,9.0,,18.0,6,42.0,,,4,,10.0,6,6,5,,14.0,,34.0,9,6,7,,6,31.0,35.0,6,7.0,,29.0,16.0,8,7,15.0,,27.0,,6,5,32.0,7,19.0,6,8.0,7,21.0,10.0,0.0,5,,7.0,14.0,42.0,11.0,32.0,5,5,12.0,,34.0,34.0,7,6,,6,21.0,7,,31.0,,,,14.0,6,37.0,16.0,7,10.0,,14.0,,,,7,7,17.0,16.0,,,,19.0,,16.0,12.0,,,7,,8.0,,11.0,12.0,,18.0,17.0,,37.0,12.0,8.0,7,8,24.0,,7.0,6,6,40.0,6,6,,7,7,42.0,0,,4,23.0,6,7,,26.0,7,,5,,,,6,13.0,,34.0,21.0,,15.0,,6,,21.0,,,6,,6,20.0,18.0,17.0,8,25.0,,19.0,,3,,,5,6,,,,,32.0,14.0,18.0,8.0,,,,7,8.0,,,,,35.0,,6,,7.0,7,,19.0,7,30.0,,16.0,,13.0,6,21.0,,39.0,5,,7.0,,6,,,,,30.0,7.0,8,7,21.0,,,11.0,3,6,,,7,7,7,,7,2,,7,7,6,7,,8,7,5,5,8,21.0,22.0,7,18.0,,17.0,14.0,,20.0,,,16.0,,,,6,6,25.0,,7,11.0,14.0,6,26.0,10.0,,,,32.0,5,,,16.0,26.0,10.0,,6.0,6,0.0,0.0,,,6,17.0,23.0,20.0,15.0,6,,19.0,,,11.0,5,25.0,23.0,7,8.0,,,,,,,,,,8,,,,1,10
18,18,17,17,17,16,17,17,14,15,17,17,17,16,17,18,17,17,17,17,17,15,18,16,17,17,17,17,16,14,16,16,17,17,17,12,17,0,17,16,17,17,17,19,17,18,17,17,17,19,18,17,19,18,17,17,17,17,12,17,18,18,16,17,16,14,18,,17,17,18,18,,18,17,18,18,17,18,17,17,17,16,16,15,18,11,16,18,15,17,18,17,12,18,18,16,19,18,18,18,18,18,18,19,16,16,16,17,,50.0,,18,15,17,14,17,18,18,18,18,16,19,17,18,18,18,17,17,16,18,17,15,17,18,15,17,17,14,18,18,15,16,17,18,17,18,17,19,18,18,17,16,14,17,17,19,18,0,17,16,17,17,17,17,15,16,18,17,16,17,17,17,17,17,19,18,18,18,18,17,18,19,17,17,19,17,17,18,17,17,17,18,18,18,18,18,18,18,18,18,17,,18,18,18,18,18,17,17,17,17,17,17,17,17,18,18,18,18,18,17,17,17,19,18,17,18,18,17,17,18,17,17,17,18,17,18,18,18,18,18,17,13,14,17,19,18,18,16,18,17,16,17,17,17,17,18,17,18,18,17,18,17,17,18,18,19,18,17,18,17,18,18,19,18,,18,17,44.0,17,17,15,17,18,17,17,18,17,26.0,17,18,18,18,18,18,17,19,19,18,17,16,17,16,18,17,17,17,17,17,18,18,18,19,17,20.0,17,18,17,19,18,18,19,18,18,18,17,17,18,17,50.0,18,18,16,19,19,17,17,17,17,17,19,17,18,18,18,18,18,31.0,19,19,17,18,17,20,17,17,17,16,18,18,17,17,17,,17,17,17,18,40.0,18,17,17,17,18,17,18,17,19,18,18,19,27.0,22.0,19,19,23.0,18,19,18,18,19,19,17,19,18,19,19,,18,17,17,,18,17,17,18,16,17,16,18,17,17,18,35.0,40.0,,17,18,17,17,17,17,17,17,14,16,15,18,18,17,17,28.0,18,16,19,20.0,17,16,20.0,17,16,18,17,18,18,19,19,18,,17,19,18,17,38.0,17,21.0,18,17,17,17,19,17,,17,19,15,17,18,18,16,19,33.0,17,17,24.0,39.0,19,17,23.0,17,17,18,18,18,18,17,19,20,16,17,19,17,17,16,17,18,18,17,18,18,19,18,19,17,19,17,27.0,17,17,0,18,28.0,17,19,17,19,17,17,18,17,19,51.0,18,,17,17,18,20,18,28.0,17,18,16,43.0,18.0,18,18,27.0,34.0,,18,18,17,17,17,17,18,17,18,17,18,17,0.0,20.0,18,,18,19,39.0,18,,18,15,18,19,19,24.0,18,18,19,18,17,18,35.0,19,18,18,,19,18,18,,19.0,19,18,18,14,18,15,23.0,19,18,25.0,,45.0,18,,18,17,17,18,,23.0,51.0,,18,18,41.0,17,18,17,29.0,,17,,38.0,19,,,18,,35.0,20,20.0,,19,22.0,29.0,,,25.0,,19,,,18,29.0,19,18,18,18,18,,19.0,18,38.0,,18,21.0,17,18,19,,,17,18,18,0,18,18,18,,26.0,18,18,,18,,21.0,18,17,,18,25.0,36.0,16,20,36.0,,22.0,18,,,21.0,18,37.0,21.0,16,18,18,,21.0,,21.0,13,18,19,0.0,18,,36.0,18,50.0,,22.0,23.0,20,18,27.0,40.0,29.0,21.0,18,18,32.0,18,42.0,18,28.0,19,23.0,23.0,,18,,29.0,31.0,27.0,34.0,21.0,17,17,28.0,,27.0,19.0,18,17,,18,27.0,19,30.0,28.0,,,,21.0,18,23.0,18.0,19,,,,,,,18,19,,19.0,,24.0,43.0,,,23.0,45.0,,,19,,,,0.0,,,24.0,45.0,32.0,18.0,,22.0,18,18,40.0,33.0,,17,18,,17,18,31.0,18,18,32.0,18,38.0,17,36.0,18,18,,,18,,17,,,,18,22.0,,39.0,0.0,,39.0,21.0,18,24.0,,,37.0,18,,18,,39.0,,20,42.0,,42.0,44.0,16,,,17,18,0.0,,,,,40.0,36.0,41.0,37.0,30.0,,19,21.0,39.0,,,32.0,,,18,,21.0,18,,25.0,18,28.0,,25.0,,36.0,18,49.0,,,18,,,,16,,,23.0,,38.0,26.0,20,19,18.0,,19.0,26.0,18,17,,,19,18,18,22.0,19,19,31.0,19,18,19,20,,20,20,19,17,20,34.0,35.0,18,21.0,,37.0,41.0,,43.0,,,,,45.0,,18,17,36.0,22.0,17,28.0,38.0,18,27.0,,,,,,17,23.0,,36.0,,,,50.0,18,41.0,,18.0,,18,19.0,27.0,27.0,21.0,18,,20.0,39.0,,18.0,18,,0.0,18,25.0,,,,,,30.0,,,35.0,19,,,,2,10
6,6,5,5,5,5,5,6,6,7,5,6,5,4,4,4,4,5,5,5,3,5,6,5,6,6,6,5,5,6,5,6,6,6,6,5,5,6,6,6,6,5,5,8,5,5,5,5,6,8,7,5,6,5,6,5,6,5,0,6,6,2,4,5,4,4,6,14.0,5,5,6,7,12.0,6,5,6,6,5,6,5,5,5,4,4,5,6,4,4,5,5,6,6,6,5,5,5,5,7,6,6,6,6,6,5,6,4,5,4,6,8.0,,17.0,6,5,5,5,6,6,6,7,6,4,6,6,6,6,6,6,5,4,5,5,5,5,6,6,6,5,6,6,6,5,4,5,6,3,6,5,7,6,6,6,5,3,5,5,6,5,5,4,4,6,5,5,5,5,4,3,4,5,5,6,4,5,5,7,6,5,6,5,5,5,6,4,5,7,6,5,5,6,5,5,6,0,5,6,5,0,5,5,3,5,14.0,5,5,6,0,5,5,5,5,4,4,6,5,5,6,6,5,4,6,5,5,5,7,6,5,6,6,6,5,5,3,5,5,6,5,6,6,6,6,4,6,5,6,5,6,7,6,4,6,6,4,5,5,5,4,6,5,6,6,6,6,5,6,6,0,7,6,0,6,2,6,6,6,5,,6,5,,3,5,4,4,6,1,5,6,5,8.0,5,5,3,6,6,5,5,7,7,6,5,5,6,5,5,5,5,6,5,6,6,6,6,7,5,17.0,6,6,5,7,3,6,7,6,7,6,4,6,6,5,7.0,6,7,4,7,7,6,5,5,6,5,7,5,6,7,6,6,6,,6,6,5,6,5,8,5,5,5,6,7,6,6,5,5,7.0,5,4,5,5,17.0,6,5,5,5,7,5,6,5,6,6,5,6,35.0,15.0,7,5,,6,6,5,6,6,6,5,6,5,7,6,14.0,6,6,5,31.0,6,2,5,6,6,4,0,6,5,5,5,,23.0,21.0,5,6,5,5,6,5,6,3,6,3,5,6,6,5,6,9.0,6,1,6,21.0,6,5,17.0,3,5,6,6,6,5,6,6,5,,2,8,7,5,12.0,6,8.0,5,5,6,5,7,5,,5,7,6,6,6,6,7,7,,5,5,6.0,12.0,7,5,8.0,5,6,6,5,4,6,5,8,8,5,5,7,5,4,5,5,7,6,5,6,7,7,7,7,6,8,5,9.0,6,5,7,6,,5,7,4,7,7,2,7,5,7,20.0,6,,6,5,6,7,6,27.0,5,6,4,12.0,11.0,7,6,29.0,11.0,,6,6,5,5,6,3,6,6,6,6,6,5,14.0,12.0,7,32.0,6,8,,6,,5,6,6,6,7,16.0,5,6,7,6,5,6,6.0,7,6,6,,7,6,7,,13.0,6,6,6,6,5,6,7.0,7,5,15.0,,33.0,6,7.0,6,7,5,7,,7.0,30.0,,6,7,18.0,7,5,5,25.0,,5,7.0,7.0,7,24.0,,6,,12.0,8,29.0,,7,,15.0,,,16.0,,7,,,6,18.0,7,6,6,7,6,11.0,,6,14.0,,6,16.0,5,6,7,,,6,6,6,7,6,6,6,,7.0,6,7,,7,13.0,13.0,7,6,,6,12.0,21.0,6,7,,,23.0,6,18.0,0.0,,6,11.0,28.0,6,7,7,,20.0,,13.0,5,6,6,21.0,7,18.0,19.0,5,13.0,,15.0,15.0,7,7,6.0,,26.0,7.0,7,6,,7,16.0,6,10.0,6,20.0,7.0,,6,8.0,23.0,34.0,10.0,18.0,,5,5,10.0,,14.0,13.0,6,7,,6,0.0,7,,40.0,,,,16.0,7,36.0,7.0,6,31.0,,12.0,,,,6,7,16.0,7.0,,18.0,,,,,,,,7,,8.0,,7.0,,,7.0,8.0,37.0,,21.0,5.0,6,8,,10.0,,6,6,29.0,5,3,9.0,6,7,6.0,5,36.0,4,,6,7,,,6,,5,31.0,,,6,,,8.0,14.0,,8.0,,5,17.0,,25.0,8.0,6,,6,,40.0,7.0,7,12.0,,,24.0,5,,,5,7,,,,,16.0,17.0,26.0,11.0,14.0,16.0,,4,,30.0,,,8.0,,,6,,16.0,7,,8.0,7,9.0,,30.0,,20.0,6,11.0,,6.0,6,,,,6,,,12.0,,14.0,31.0,7,5,5.0,,24.0,8.0,7,6,,,6,6,8,,7,6,25.0,7,7,7,8,,8,8,7,5,7,18.0,,6,34.0,,,17.0,,15.0,,,10.0,,,,6,5,,18.0,7,23.0,11.0,7,10.0,12.0,,,,,5,12.0,,,17.0,12.0,9.0,,6,,,33.0,,7,38.0,17.0,34.0,8.0,7,,6.0,11.0,,11.0,7,35.0,21.0,0,7.0,,,,,,18.0,,,,1,,,,3,10
6,6,5,5,5,5,6,6,6,7,5,4,5,5,6,6,5,5,6,5,5,5,6,5,6,6,6,5,5,5,5,3,6,4,6,5,5,6,6,6,6,5,5,8,5,6,4,6,6,8,7,3,7,6,6,6,6,6,5,6,6,6,4,5,3,5,6,20.0,5,5,6,7,34.0,7,5,7,6,6,3,5,3,5,4,5,5,6,4,5,6,5,6,6,6,4,6,6,4,7,6,6,6,6,7,6,5,4,5,2,6,,20.0,,6,5,1,0,5,5,4,7,7,2,7,5,6,5,6,6,5,4,6,5,5,5,6,6,6,5,6,6,6,5,5,5,6,5,6,5,7,7,6,6,5,5,0,5,6,6,6,6,4,3,6,5,6,2,5,6,5,5,5,6,5,5,5,7,6,5,7,6,5,6,7,4,5,7,6,5,6,4,5,5,7,7,6,6,4,6,5,6,6,5,,5,6,6,6,6,5,5,5,5,4,7,6,5,6,7,6,6,6,6,5,5,7,6,5,6,6,6,6,6,6,5,6,6,5,6,6,7,7,7,6,6,6,5,8,7,7,4,6,3,5,5,5,5,4,6,4,6,6,5,0,5,6,7,7,7,6,5,5,5,6,6,7,6,39.0,6,5,39.0,5,5,4,5,5,5,6,4,6,8.0,5,6,6,6,6,6,5,7,7,6,5,5,6,5,6,6,5,7,4,6,6,6,6,7,5,7.0,6,7,5,7,6,0,7,6,7,6,5,6,6,4,20.0,6,7,5,8,8,6,6,5,6,5,7,6,6,7,6,6,6,30.0,7,7,5,6,6,7,5,5,5,6,7,6,5,5,5,27.0,5,5,5,6,14.0,6,5,6,5,7,5,6,4,7,6,7,6,11.0,15.0,7,7,8.0,6,6,6,6,7,7,5,7,6,7,7,20.0,6,5,3,,7,5,5,7,7,6,6,6,2,6,6,22.0,,7.0,5,6,5,5,6,6,6,5,6,5,5,7,7,5,6,21.0,6,4,8,37.0,6,4,13.0,6,5,5,6,6,6,7,7,6,,5,8,6,5,28.0,6,,6,5,5,5,7,6,,4,7,6,6,6,6,6,7,10.0,5,5,23.0,44.0,7,5,,5,6,6,6,6,6,5,8,8,5,5,7,5,5,5,5,6,7,6,7,7,7,7,8,6,8,5,15.0,6,3,7,6,17.0,6,7,6,8,8,5,7,6,8,16.0,7,,7,6,5,8,6,16.0,2,6,5,,17.0,7,6,15.0,31.0,,6,6,6,3,6,5,6,5,6,5,6,4,15.0,16.0,7,16.0,6,9,39.0,6,,6,7,6,8,7,31.0,6,6,0,6,6,6,10.0,6,6,6,,7,6,6,,34.0,8,6,7,6,6,6,9.0,7,5,9.0,,,0,14.0,7,6,6,7,,,,,6,7,,7,6,6,27.0,26.0,6,,43.0,8,,,6,,13.0,8,,,5,11.0,8.0,,,22.0,,7,,11.0,6,18.0,7,6,6,7,6,,30.0,7,31.0,,6,13.0,6,6,6,,,6,6,6,7,6,6,6,,,5,7,,8,,15.0,7,6,,6,45.0,27.0,6,7,9.0,,19.0,6,,19.0,10.0,6,13.0,29.0,6,7,7,,,,,9,7,7,34.0,7,30.0,40.0,6,29.0,,0.0,13.0,8,8,23.0,8.0,17.0,,7,6,23.0,6,31.0,6,16.0,7,10.0,0.0,,6,27.0,,25.0,8.0,19.0,,5,5,9.0,,17.0,16.0,7,7,,6,28.0,7,22.0,10.0,,,,,7,42.0,45.0,7,28.0,,11.0,,,,6,7,12.0,11.0,,,,31.0,,6.0,18.0,,,7,,,0.0,9.0,34.0,,35.0,,19.0,,14.0,,7,8,31.0,,12.0,6,6,15.0,6,7,28.0,4,7,,7,27.0,5,13.0,7,7,,,7,,5,34.0,,,6,,,28.0,35.0,,15.0,,7,18.0,26.0,,,6,,7,31.0,17.0,30.0,7,28.0,,42.0,40.0,5,19.0,,5,6,,,,,35.0,10.0,,16.0,21.0,20.0,,7,30.0,22.0,,,6.0,42.0,,6,,28.0,7,,11.0,6,,,14.0,,33.0,6,,,,6,,22.0,,6,,,12.0,,6.0,41.0,8,7,,,18.0,29.0,7,6,,,7,6,7,45.0,7,7,,7,7,7,8,,9,8,7,5,8,29.0,17.0,7,,,26.0,12.0,,25.0,,,7.0,,20.0,,6,6,,15.0,7,16.0,,7,33.0,32.0,,,,,6,11.0,,7.0,37.0,13.0,0.0,,6,25.0,,11.0,,6,7.0,23.0,11.0,29.0,6,,10.0,15.0,,13.0,7,10.0,32.0,7,15.0,,,,,,14.0,,,36.0,8,,,,4,10
6,6,5,5,5,5,6,6,7,8,6,6,5,5,6,6,6,5,5,5,6,5,7,5,6,6,6,6,5,6,5,6,6,6,5,5,5,6,6,6,6,5,5,9,5,6,6,6,6,8,7,6,7,6,6,6,6,6,5,6,6,6,4,5,5,6,7,34.0,6,6,6,7,,7,6,7,7,6,6,6,5,5,3,5,5,6,5,5,6,6,6,7,6,5,6,6,6,7,7,6,6,7,7,6,7,5,5,4,6,11.0,8.0,14.0,7,5,3,5,5,6,6,8,7,5,7,6,6,6,4,6,5,3,6,4,5,0,7,6,6,5,6,6,6,6,5,6,7,5,6,6,7,7,7,6,5,6,5,6,7,6,5,6,4,5,6,5,6,5,4,4,5,5,4,6,5,5,6,7,0,6,7,6,5,6,7,4,5,7,6,5,6,6,6,6,7,6,4,6,6,6,6,6,7,5,,6,6,6,6,6,6,5,5,5,5,7,3,6,7,7,4,6,7,5,6,6,7,6,5,7,6,6,6,6,6,6,6,7,6,6,6,7,7,7,6,5,6,5,8,8,7,4,6,6,5,6,5,5,5,6,6,7,7,6,7,5,7,7,7,8,6,5,6,6,6,7,7,6,,7,5,14.0,5,6,5,5,6,5,6,7,6,22.0,5,4,6,7,6,6,4,7,7,7,0,6,6,5,6,6,6,7,6,6,6,6,6,7,5,27.0,6,7,5,8,6,7,7,6,7,6,6,6,7,5,19.0,7,8,4,8,8,6,6,5,6,5,7,6,4,8,6,6,7,12.0,7,7,5,6,6,8,5,5,6,7,7,6,6,5,6,20.0,5,5,4,6,31.0,6,5,6,6,8,6,7,5,7,6,7,7,19.0,29.0,7,7,7.0,7,7,6,6,7,7,5,7,6,7,7,10.0,6,6,5,,5,5,2,8,7,6,6,7,5,6,6,,,,2,6,4,2,5,6,6,5,4,5,5,7,7,5,6,25.0,7,2,8,11.0,6,5,,6,4,6,6,6,6,7,7,7,,5,8,7,6,21.0,6,26.0,6,6,5,5,7,6,,5,7,7,6,6,7,7,7,14.0,5,5,,29.0,8,6,15.0,6,6,6,5,6,6,5,8,8,6,5,7,6,3,5,5,7,7,6,7,8,8,7,7,6,9,6,,6,4,7,7,29.0,6,8,6,6,8,5,6,6,8,9.0,7,,7,5,7,8,7,11.0,1,7,5,9.0,13.0,7,6,,,14.0,3,6,6,6,6,4,6,6,6,6,6,6,11.0,12.0,7,,7,7,30.0,6,,6,7,6,9,8,14.0,6,6,8,6,6,7,27.0,8,6,7,,8,6,7,,31.0,8,6,7,0,6,6,13.0,7,6,8.0,,32.0,7,,7,7,6,7,,28.0,,,6,8,,7,5,6,6.0,16.0,6,,16.0,8,,8.0,7,,,8,10.0,,7,19.0,20.0,0.0,10.0,18.0,,7,,,6,6.0,7,6,6,7,7,28.0,,7,9.0,,7,19.0,6,6,8,,,6,6,7,7,6,6,6,,20.0,6,7,,8,31.0,17.0,7,7,,6,16.0,0.0,6,8,10.0,,7.0,7,14.0,9.0,14.0,6,33.0,36.0,6,8,8,,15.0,,25.0,9,7,7,18.0,7,12.0,7.0,6,15.0,,6.0,35.0,8,8,13.0,22.0,30.0,,7,6,6.0,7,8.0,6,17.0,7,34.0,,,6,12.0,8.0,31.0,21.0,22.0,11.0,6,6,17.0,,,9.0,7,7,0.0,7,,7,35.0,10.0,,,,11.0,7,,7.0,8,,0.0,,,,,7,7,25.0,34.0,,,7.0,25.0,,24.0,35.0,,,7,,14.0,,23.0,32.0,,14.0,,10.0,,20.0,18.0,7,9,,17.0,,5,7,36.0,6,7,22.0,7,7,,7,33.0,5,,7,8,,,5,,6,11.0,,,6,27.0,,21.0,,,,17.0,7,23.0,18.0,28.0,32.0,6,,7,0.0,10.0,7.0,8,21.0,,24.0,22.0,6,15.0,,5,7,,,,,,18.0,6.0,18.0,27.0,19.0,,7,11.0,,,,27.0,,,6,,19.0,6,,18.0,8,,,9.0,,13.0,6,15.0,,,6,,,,6,,,11.0,,15.0,30.0,8,7,19.0,,11.0,11.0,8,6,,,7,7,8,12.0,7,7,29.0,7,7,7,8,,9,8,7,5,8,17.0,,7,26.0,,,10.0,,,,,14.0,,,,7,6,27.0,8.0,7,0.0,12.0,7,13.0,13.0,,,,,6,9.0,,14.0,,10.0,18.0,14.0,6,12.0,,24.0,,7,,12.0,22.0,10.0,6,,,8.0,,,7,32.0,,7,15.0,,,,,,9.0,,,,6,,,,5,10
5,4,4,4,4,4,5,5,6,6,5,5,5,5,5,5,4,0,1,5,4,4,6,4,6,6,6,5,4,5,5,5,6,6,5,5,5,6,6,6,6,4,5,7,4,3,5,5,5,7,6,5,5,5,5,0,5,5,4,5,5,5,3,2,4,5,6,,5,5,5,6,11.0,5,3,6,6,5,4,5,5,4,3,4,4,4,1,2,5,5,5,5,5,5,5,5,5,6,6,5,5,6,6,5,5,4,4,3,5,10.0,11.0,,6,5,4,4,5,5,5,7,5,3,6,5,5,5,5,5,4,4,5,4,4,4,6,6,6,4,5,5,4,5,4,5,5,4,4,4,6,6,4,5,4,4,4,5,6,5,5,5,3,4,2,4,5,5,2,5,5,4,5,5,4,4,4,6,6,4,6,5,4,5,5,4,4,6,5,4,5,4,5,5,6,3,5,4,5,5,5,5,6,2,,5,5,6,5,5,5,4,4,4,4,6,5,4,5,5,3,5,5,2,1,4,6,3,4,5,5,5,5,5,0,3,4,5,4,5,5,6,6,6,5,5,5,5,7,7,5,3,5,6,4,4,4,4,4,6,5,6,6,5,6,5,6,6,6,7,5,4,6,5,5,5,6,5,15.0,6,5,7.0,4,5,2,3,5,4,5,5,5,14.0,4,5,5,6,5,4,4,6,6,6,4,4,5,4,5,5,5,5,5,5,2,5,1,5,4,2.0,5,5,5,6,4,5,6,5,4,6,5,5,6,5,,5,6,4,6,6,6,5,5,6,4,6,5,6,7,6,5,6,,6,6,5,6,5,7,4,5,5,6,6,6,6,4,4,,4,4,5,5,7.0,6,4,5,5,7,5,5,4,4,5,5,6,16.0,30.0,6,6,35.0,5,5,5,5,6,6,3,6,3,6,5,6.0,5,5,5,,6,4,4,6,5,5,5,6,5,2,3,8.0,28.0,9.0,5,5,4,4,5,5,6,4,5,2,4,6,6,5,5,0.0,5,4,7,12.0,6,5,37.0,5,4,6,5,6,5,5,6,4,,4,7,5,5,11.0,6,18.0,5,5,4,5,6,5,,5,6,6,5,5,6,6,6,17.0,4,4,24.0,11.0,7,5,14.0,5,5,5,5,5,6,5,7,6,5,5,6,4,4,4,4,6,6,5,6,7,7,6,7,5,7,5,17.0,5,5,6,6,6.0,5,7,5,7,7,4,5,5,7,12.0,6,,6,4,6,7,6,19.0,5,5,3,,16.0,6,5,18.0,7.0,11.0,5,6,5,5,6,4,6,5,5,5,5,5,19.0,15.0,6,6.0,5,8,31.0,5,,5,6,5,7,6,23.0,5,6,7,5,5,6,0.0,7,5,5,,6,5,6,,,8,5,6,6,5,6,8.0,6,5,24.0,,6.0,6,,6,7,5,6,,22.0,,,5,6,25.0,6,5,5,24.0,17.0,5,32.0,,7,23.0,12.0,6,,33.0,7,36.0,,6,9.0,,,18.0,31.0,,6,,0.0,6,6.0,6,5,5,6,5,37.0,,6,26.0,,6,,5,5,7,,,5,5,6,6,5,5,5,,10.0,5,5,,7,19.0,29.0,5,6,,6,7.0,22.0,5,7,9.0,,9.0,3,9.0,35.0,,5,0.0,15.0,6,7,6,,7.0,,33.0,9,4,4,8.0,6,7.0,,5,9.0,,5.0,,6,7,28.0,,9.0,37.0,6,5,,6,25.0,6,10.0,6,,9.0,,5,15.0,14.0,31.0,22.0,28.0,8.0,4,5,34.0,,22.0,,7,6,,5,20.0,6,27.0,26.0,,,,15.0,6,,21.0,6,32.0,,6.0,,,,6,6,17.0,17.0,,,,8.0,,,11.0,,,7,,7.0,,30.0,17.0,,,16.0,12.0,10.0,,17.0,0,7,0.0,6.0,15.0,3,6,12.0,4,6,23.0,6,6,21.0,6,28.0,4,,6,6,,12.0,5,,5,11.0,,,5,37.0,,30.0,24.0,,15.0,37.0,6,16.0,7.0,,,5,,6,14.0,28.0,31.0,7,37.0,,24.0,,4,27.0,,4,6,,,,,,,,10.0,,38.0,,6,,23.0,,,5.0,25.0,,5,,26.0,7,,18.0,6,27.0,,,,10.0,5,12.0,,13.0,5,,24.0,,6,,,,,21.0,8.0,7,6,10.0,,8.0,26.0,6,6,,,6,6,7,,4,6,27.0,6,6,6,7,,7,6,6,4,7,6.0,18.0,6,31.0,,,,,,,,,,,,6,5,15.0,,7,9.0,8.0,0,8.0,10.0,,,,,5,,,,31.0,16.0,34.0,38.0,5,11.0,,19.0,,6,,13.0,15.0,21.0,6,,35.0,6.0,,14.0,7,16.0,6.0,5,17.0,,,,,,32.0,,,,6,,,,6,10
6,6,6,6,5,5,4,6,6,7,6,6,6,5,6,6,5,5,5,6,6,5,7,5,0,0,6,6,5,6,6,6,7,6,7,6,6,7,6,6,6,5,6,8,5,6,6,6,6,8,7,5,7,6,6,6,6,6,5,6,7,6,4,5,5,5,7,4.0,6,6,6,7,15.0,7,3,7,6,6,6,6,6,5,5,5,5,5,4,3,6,6,6,7,6,6,6,6,5,7,7,6,6,6,7,6,7,5,5,4,6,37.0,15.0,,7,0,5,5,6,7,6,7,4,4,7,6,5,6,6,6,5,5,6,5,5,5,6,6,6,6,7,7,6,5,5,6,7,6,6,6,7,7,7,6,5,5,5,6,7,6,6,6,3,6,6,5,6,5,5,6,6,5,5,6,5,5,5,7,7,6,7,6,5,6,7,5,5,7,6,5,6,6,6,6,7,7,6,6,6,6,6,6,6,5,14.0,6,0,6,5,6,6,6,5,5,5,7,6,6,7,7,6,7,7,6,6,6,7,6,5,7,6,6,6,6,1,5,6,7,5,0,6,7,7,7,6,6,6,6,4,7,7,5,7,6,5,6,5,5,4,7,6,7,7,6,7,5,6,7,3,7,6,5,0,6,6,7,7,6,,6,6,13.0,5,6,5,5,4,0,6,7,6,27.0,5,6,6,7,7,6,5,7,7,7,6,6,6,5,6,6,5,6,6,6,6,6,5,7,6,31.0,6,4,5,8,6,6,7,6,5,5,6,6,7,5,,7,7,5,8,8,6,6,6,6,5,7,6,7,8,7,6,7,35.0,5,7,6,7,6,8,6,6,6,6,7,6,6,5,6,35.0,6,1,6,6,31.0,6,4,6,6,7,6,6,6,7,4,6,7,30.0,27.0,7,7,29.0,7,7,6,7,7,7,5,7,6,7,7,18.0,7,5,6,,7,5,5,7,7,6,6,7,3,6,6,37.0,,16.0,6,6,6,6,6,4,6,5,6,2,6,7,7,5,6,30.0,6,5,6,34.0,6,5,19.0,5,0,4,2,4,6,7,7,7,,6,8,7,6,5.0,6,7.0,6,6,6,6,7,6,,6,7,6,6,7,7,7,7,6.0,5,6,10.0,,8,6,16.0,6,6,5,6,6,6,6,8,8,6,6,7,6,5,5,6,7,7,2,6,7,8,7,8,6,8,5,,6,4,7,7,7.0,5,8,6,8,8,3,7,6,7,17.0,7,,7,6,5,8,6,20.0,6,6,4,,8.0,7,6,19.0,29.0,10.0,6,7,6,6,4,5,6,6,6,6,6,6,,6.0,7,6.0,4,9,10.0,6,,6,7,7,8,7,39.0,6,7,8,7,6,7,17.0,8,6,6,,8,6,7,,8.0,9,6,7,6,6,6,28.0,7,4,8.0,,32.0,5,9.0,7,8,6,7,,,,,6,3,7.0,7,6,6,15.0,12.0,6,16.0,22.0,8,25.0,17.0,7,,26.0,8,7.0,,7,,,,7.0,17.0,,6,,28.0,7,7.0,7,6,6,7,6,7.0,,7,,,7,,6,6,7,,,6,6,7,7,6,7,6,,21.0,6,7,,8,33.0,8.0,7,7,,7,,17.0,6,8,,,14.0,5,9.0,11.0,25.0,6,15.0,23.0,4,7,7,,5.0,,32.0,10,7,7,12.0,7,16.0,18.0,7,13.0,,37.0,32.0,8,7,15.0,13.0,21.0,35.0,7,5,14.0,7,,7,20.0,7,9.0,,,6,,34.0,28.0,18.0,10.0,,6,6,6.0,,16.0,22.0,7,7,,7,,7,13.0,17.0,,,,10.0,7,19.0,26.0,7,14.0,,8.0,,,,7,7,13.0,,,,14.0,6.0,,,,,,8,,25.0,,39.0,,,,,22.0,25.0,41.0,20.0,7,8,13.0,23.0,,6,7,8.0,6,7,16.0,7,7,39.0,7,,5,,7,7,,23.0,7,,6,,,,7,,,30.0,11.0,,19.0,32.0,6,24.0,27.0,,24.0,7,,6,,19.0,10.0,8,,,6.0,19.0,5,27.0,,6,7,,,,,12.0,13.0,9.0,,,16.0,,7,39.0,12.0,,,0.0,19.0,,6,,27.0,8,,25.0,8,29.0,,33.0,,,6,,,11.0,6,,21.0,,6,,,,,35.0,12.0,8,7,12.0,,33.0,9.0,7,7,,,7,6,7,,8,7,22.0,8,7,7,8,,9,7,8,2,8,25.0,21.0,7,38.0,,9.0,,0.0,15.0,,,14.0,,18.0,,7,6,13.0,11.0,7,25.0,22.0,7,7.0,12.0,,,,37.0,6,,,22.0,,,26.0,6.0,6,24.0,,23.0,,6,9.0,39.0,29.0,,5,,,13.0,,7.0,7,,40.0,7,8.0,,,,,,,,,,8,,,,7,10
8,8,6,6,6,4,6,8,9,10,8,8,8,6,7,7,7,7,7,8,7,7,8,7,8,8,8,7,7,7,3,8,8,8,8,7,6,8,8,8,8,7,7,11,7,8,7,8,8,10,9,8,8,7,7,7,3,6,4,7,7,6,6,6,7,8,8,9.0,8,8,8,9,29.0,9,8,9,9,8,0,7,7,6,6,7,7,8,7,7,7,6,8,8,8,7,8,8,7,9,8,8,8,8,8,4,7,7,7,6,8,,18.0,17.0,9,7,7,6,8,8,6,9,9,6,8,8,8,8,7,8,5,7,8,7,7,7,8,8,8,6,7,8,8,8,7,8,9,7,8,7,9,8,7,8,7,7,7,7,8,4,7,7,5,8,7,7,7,7,6,7,7,7,7,8,7,7,6,8,8,8,8,7,7,6,7,7,7,9,8,8,8,7,8,7,7,7,7,7,8,8,8,7,8,7,37.0,8,8,6,8,8,7,6,7,5,7,9,7,7,8,8,8,8,9,8,7,8,9,8,7,8,8,8,8,8,7,7,7,8,7,7,8,8,8,8,8,6,8,8,10,10,9,6,5,8,6,8,7,7,7,9,8,9,9,8,8,7,9,9,9,10,8,7,8,6,8,8,9,8,8.0,8,7,8.0,7,6,7,4,8,6,0,8,8,35.0,7,8,8,8,8,7,7,9,9,9,7,5,8,4,7,7,8,9,7,8,8,8,8,9,8,32.0,8,9,7,9,3,2,9,8,9,8,8,8,9,7,12.0,8,10,7,9,9,8,8,7,8,7,9,5,8,9,8,8,8,,7,9,7,8,7,10,7,7,7,9,9,8,8,7,7,26.0,7,7,7,0,7.0,8,7,8,7,9,7,6,6,7,6,7,7,23.0,14.0,8,7,,7,7,7,7,8,7,5,6,7,8,7,12.0,8,8,8,,8,7,7,9,9,2,8,8,6,7,8,,36.0,21.0,8,8,7,7,8,8,8,6,8,8,7,9,8,7,7,,8,6,9,,8,7,32.0,7,8,8,7,8,8,9,9,8,,7,10,9,8,16.0,8,22.0,8,7,8,8,9,8,,8,9,8,8,8,9,8,9,,7,7,,,9,8,14.0,8,7,6,7,8,8,7,11,10,7,7,8,8,7,7,7,9,8,8,9,9,10,10,10,8,10,7,38.0,8,8,9,8,33.0,8,9,8,8,6,7,8,6,9,30.0,9,,9,7,8,9,9,12.0,8,7,7,12.0,14.0,8,5,16.0,12.0,,8,8,8,8,8,7,8,7,8,8,8,4,,15.0,9,,8,11,33.0,8,,8,8,8,11,10,13.0,8,9,10,0,8,9,16.0,9,6,8,,9,8,8,,18.0,9,8,8,8,8,8,30.0,9,8,18.0,,18.0,8,37.0,8,8,7,8,,11.0,,,8,9,0.0,8,8,7,31.0,,8,29.0,,10,30.0,,9,,8.0,8,30.0,,9,35.0,30.0,0.0,9.0,9.0,,8,,10.0,8,33.0,9,8,8,9,8,,18.0,8,32.0,,8,17.0,8,8,9,,,8,8,9,9,7,9,8,,20.0,8,8,,10,14.0,23.0,9,9,,8,14.0,37.0,7,9,40.0,,,8,20.0,8.0,,8,21.0,25.0,7,9,9,,15.0,,27.0,10,9,9,,9,13.0,19.0,8,,,8.0,,7,10,0.0,,18.0,34.0,9,8,23.0,9,,9,17.0,9,13.0,,,7,,,15.0,17.0,28.0,27.0,6,7,19.0,,7.0,11.0,9,9,,8,9.0,9,23.0,17.0,,,,,9,,,9,9.0,,15.0,,,,9,9,32.0,11.0,,17.0,24.0,8.0,,31.0,,,,9,,19.0,,10.0,35.0,,,,24.0,16.0,9.0,35.0,8,10,,7.0,26.0,7,8,22.0,6,8,,8,9,,9,,7,0.0,9,10,,,5,,8,24.0,,,7,,,15.0,13.0,,15.0,20.0,8,12.0,,,15.0,7,,9,31.0,31.0,8.0,10,,,30.0,,7,26.0,,5,9,,,,,11.0,26.0,39.0,,30.0,20.0,,9,16.0,22.0,,,7.0,15.0,,7,,8.0,9,,33.0,9,14.0,,8.0,,,8,,,27.0,8,,,,8,,,27.0,0.0,,33.0,10,9,29.0,,17.0,32.0,10,8,,,9,8,10,33.0,8,9,,8,9,9,10,0.0,10,9,9,7,9,13.0,23.0,9,,,24.0,40.0,,28.0,,,,,21.0,,7,8,28.0,25.0,9,25.0,24.0,9,29.0,29.0,,,,,8,25.0,,29.0,10.0,25.0,,12.0,7,28.0,,31.0,,9,22.0,26.0,25.0,10.0,9,,9.0,14.0,,32.0,9,30.0,21.0,6,27.0,,,,,,26.0,,,10.0,9,,,,8,10
8,8,0,6,6,3,6,8,8,9,7,8,8,6,7,7,7,7,7,7,7,7,9,7,8,8,8,8,7,8,8,8,8,8,8,7,7,9,8,8,8,7,6,10,7,7,7,8,8,10,9,8,9,8,7,7,7,6,6,7,8,8,6,6,6,7,5,18.0,7,7,8,9,15.0,8,7,9,8,8,8,6,7,7,6,6,7,8,6,5,7,7,8,8,8,7,8,8,6,9,9,8,8,8,8,8,9,7,7,6,8,10.0,24.0,23.0,8,7,7,7,7,8,8,7,8,6,9,8,8,8,5,8,4,7,8,7,6,7,7,8,8,7,7,8,7,7,7,7,8,7,8,7,9,8,8,8,7,7,7,7,9,8,7,7,6,8,7,4,7,7,6,8,7,7,5,8,7,7,6,8,8,7,8,8,7,8,9,6,7,9,8,7,8,7,7,7,8,7,5,7,8,7,8,7,8,7,26.0,7,8,8,8,8,6,2,7,5,7,9,7,7,8,8,7,8,8,7,7,7,9,8,7,8,8,8,8,8,8,7,7,8,5,8,7,8,8,8,7,7,8,7,9,8,8,6,9,8,4,7,7,7,7,9,7,8,8,8,8,7,9,9,9,10,8,6,8,7,7,5,8,8,22.0,8,7,22.0,7,7,7,6,8,7,7,8,7,37.0,5,8,7,9,8,8,7,9,8,7,7,6,7,6,7,7,7,8,7,6,8,8,8,9,7,12.0,8,8,7,9,8,8,8,8,9,6,7,7,8,7,9.0,8,9,6,9,9,8,8,7,8,7,9,8,8,0,8,8,8,16.0,9,9,8,8,8,10,7,7,6,9,9,8,8,7,7,15.0,7,7,7,8,,8,7,7,7,9,7,8,7,9,8,9,9,12.0,,9,9,22.0,8,9,8,8,9,9,7,9,8,8,9,9.0,8,7,8,,8,7,6,9,9,6,8,8,3,7,8,23.0,12.0,18.0,7,8,7,7,8,7,8,7,8,7,7,8,8,7,8,10.0,8,5,9,29.0,8,7,22.0,8,7,8,8,8,7,8,8,6,,7,0,9,7,17.0,8,,8,7,7,7,8,8,,8,9,8,8,8,8,8,9,17.0,7,7,35.0,31.0,9,7,35.0,3,7,8,8,8,7,7,10,10,7,7,9,7,7,7,7,9,9,8,9,10,10,8,10,8,10,7,10.0,8,7,9,9,14.0,7,9,8,9,9,7,8,5,9,27.0,8,,9,8,8,8,9,14.0,7,8,6,17.0,27.0,8,8,13.0,15.0,14.0,8,9,8,8,8,7,8,8,0,8,6,7,,28.0,9,9.0,8,10,,8,,8,8,7,10,9,7.0,8,8,9,7,8,9,9.0,9,8,8,,9,8,8,,35.0,11,7,8,9,8,7,26.0,8,8,,,18.0,8,,3,10,0,9,,,,,8,9,13.0,8,5,7,25.0,24.0,7,,,10,29.0,13.0,9,,7.0,9,,,8,25.0,27.0,,14.0,,,6,,22.0,8,11.0,9,8,8,9,8,,,8,28.0,,8,,7,8,10,,,8,8,8,9,7,8,8,,21.0,8,9,,9,22.0,25.0,9,8,,9,25.0,32.0,7,10,,,20.0,8,,9.0,12.0,8,9.0,20.0,7,10,9,,14.0,,,10,9,9,21.0,8,37.0,,8,19.0,,20.0,,9,10,15.0,13.0,14.0,,8,8,22.0,6,27.0,8,9.0,9,27.0,34.0,,7,19.0,7.0,28.0,13.0,20.0,26.0,7,7,,,22.0,33.0,9,9,,8,,9,30.0,,,,,30.0,9,,23.0,8,10.0,,20.0,0.0,,,9,9,,26.0,,10.0,22.0,36.0,,29.0,28.0,,,9,,,,9.0,0.0,,,21.0,30.0,,,17.0,8,10,11.0,32.0,28.0,7,8,,6,8,20.0,7,9,33.0,9,,6,18.0,9,10,,,7,,8,0.0,,,7,,,12.0,0.0,,19.0,,9,,,,36.0,7,,9,,10.0,25.0,10,9.0,,31.0,20.0,7,,,6,9,,,,,,9.0,15.0,18.0,,10.0,,9,22.0,,,,28.0,22.0,,6,,14.0,9,,28.0,8,24.0,,13.0,,10.0,8,,,9.0,8,,26.0,,8,,,18.0,,21.0,12.0,10,9,25.0,,14.0,10.0,10,8,,,9,8,10,,8,9,35.0,0,9,9,9,,8,9,8,7,9,13.0,21.0,9,22.0,,9.0,34.0,,31.0,,,12.0,,18.0,,8,7,18.0,11.0,9,11.0,,8,19.0,33.0,,,,,7,14.0,,32.0,,9.0,16.0,20.0,7,28.0,,23.0,,9,,,10.0,23.0,9,,11.0,,,10.0,9,18.0,11.0,4,21.0,,,,,,27.0,,,13.0,9,,,,9,10
9,9,9,9,9,9,9,7,7,6,9,8,8,9,9,8,9,8,9,5,8,8,10,8,10,10,10,9,8,9,9,9,9,10,10,9,9,10,10,10,10,9,8,10,7,8,9,10,10,11,10,9,10,9,10,10,10,10,8,10,10,9,8,9,8,8,9,,3,8,9,9,18.0,10,7,10,10,9,9,9,9,8,8,8,9,10,6,7,9,9,9,9,9,9,10,10,9,10,10,9,9,10,10,10,10,5,8,8,9,38.0,,12.0,10,9,8,8,9,10,9,11,9,7,11,10,9,10,10,9,8,8,10,9,9,9,10,10,10,9,10,9,10,7,7,9,10,8,9,9,10,10,10,9,8,8,9,9,10,9,9,6,7,8,9,8,9,8,8,10,9,9,9,10,9,8,9,11,10,9,10,9,8,10,10,8,8,11,9,6,9,9,9,9,11,10,10,10,10,10,10,9,10,9,27.0,9,10,10,10,10,9,9,8,8,6,8,9,8,9,10,8,10,9,9,8,0,10,7,8,9,10,9,9,10,9,8,9,10,8,9,9,10,0,10,9,9,10,9,9,9,9,7,10,10,9,9,9,9,8,10,9,10,10,9,10,9,9,9,9,10,9,9,9,9,10,10,10,10,15.0,9,9,17.0,9,9,8,8,10,9,10,7,9,14.0,9,10,10,8,10,9,9,10,10,10,9,8,10,8,8,10,9,10,9,9,9,9,9,10,9,22.0,9,10,9,11,10,10,10,10,10,9,9,9,10,8,,9,8,9,11,11,10,10,9,10,8,10,9,10,11,10,10,10,,11,11,9,10,9,12,9,9,9,8,9,9,10,8,9,11.0,6,8,9,8,39.0,10,9,9,9,9,9,10,9,10,10,10,10,21.0,24.0,11,11,12.0,10,10,10,10,11,11,9,10,9,10,10,15.0,10,7,9,37.0,10,8,8,8,6,10,9,10,9,9,10,20.0,,29.0,9,9,8,8,8,9,10,8,10,9,9,10,10,8,9,12.0,10,8,11,15.0,10,9,26.0,9,8,10,10,10,9,10,10,8,,9,10,8,9,39.0,10,11.0,10,9,8,9,10,9,0.0,9,10,7,9,9,10,10,10,25.0,8,8,,39.0,10,8,24.0,9,10,9,9,10,10,9,10,10,9,9,10,9,9,2,9,9,10,8,4,9,9,9,10,0,10,5,15.0,9,9,1,10,34.0,8,11,10,12,12,9,10,8,11,25.0,10,,0,9,10,12,8,23.0,9,10,8,15.0,26.0,10,9,22.0,21.0,19.0,9,10,9,9,10,8,10,9,8,8,9,10,24.0,25.0,9,15.0,9,11,31.0,9,,10,10,10,10,9,17.0,9,8,10,9,10,8,21.0,11,9,10,,9,10,10,,33.0,12,10,10,10,9,10,,10,10,,,,10,25.0,10,11,9,9,,15.0,42.0,,9,9,18.0,11,10,9,23.0,21.0,9,15.0,,11,,11.0,10,,10.0,11,21.0,,10,24.0,44.0,43.0,,0.0,,11,,12.0,10,,11,9,9,11,10,25.0,32.0,10,29.0,,10,0.0,9,10,12,,,8,10,10,11,10,9,0,,14.0,9,9,,9,24.0,21.0,10,10,,10,15.0,41.0,10,11,,,14.0,9,42.0,26.0,15.0,9,18.0,31.0,10,9,9,,,,26.0,13,9,10,14.0,10,13.0,12.0,10,,,14.0,39.0,11,6,21.0,19.0,24.0,,11,9,22.0,10,28.0,10,23.0,10,,,,10,,,26.0,13.0,13.0,27.0,9,9,26.0,,17.0,,10,9,,9,43.0,10,,20.0,,,,,5,,23.0,11,42.0,,25.0,,,,10,10,23.0,11.0,,,27.0,15.0,,38.0,23.0,,,11,,42.0,,22.0,,,9.0,15.0,20.0,12.0,43.0,25.0,11,10,,25.0,,9,10,17.0,9,10,26.0,10,9,26.0,10,26.0,8,37.0,8,9,,33.0,10,,9,15.0,,,10,20.0,,19.0,20.0,,13.0,22.0,9,29.0,,,36.0,10,,10,33.0,,,12,15.0,,,0.0,7,44.0,,9,11,,,,,20.0,,26.0,17.0,,30.0,,11,25.0,21.0,,,41.0,28.0,,10,,,11,,16.0,11,12.0,,17.0,0.0,14.0,9,14.0,,11.0,9,,12.0,,10,,,14.0,,,19.0,12,10,,,,,9,10,,,10,10,12,17.0,11,10,,10,11,10,11,,12,11,10,6,11,12.0,16.0,11,25.0,,12.0,34.0,,34.0,,,22.0,,39.0,,10,9,40.0,11.0,11,,,9,41.0,,,,,,9,20.0,,,,24.0,,20.0,9,23.0,,,,11,31.0,15.0,17.0,44.0,11,,18.0,14.0,,,11,11.0,37.0,10,,,,,,,13.0,,,,12,,,,10,10
4,4,5,5,4,2,5,5,5,6,4,5,5,4,4,5,4,4,2,4,4,4,6,4,5,0,5,3,4,4,4,5,5,5,5,4,5,5,5,5,5,4,5,7,4,5,4,5,5,6,6,5,5,5,5,4,5,5,4,5,0,4,3,4,4,4,4,33.0,4,4,5,6,39.0,5,4,6,6,5,5,5,4,4,3,2,4,5,1,4,5,5,5,5,5,4,5,3,4,6,6,5,5,5,6,4,0,1,4,3,5,19.0,21.0,,6,4,4,4,5,5,5,7,5,0,6,5,5,3,5,5,4,4,5,5,4,4,5,5,4,4,5,5,5,4,4,5,6,4,5,4,5,5,3,2,4,4,4,5,6,5,4,5,3,5,5,4,5,4,4,5,5,3,4,5,4,4,5,6,5,4,5,4,4,5,5,4,4,6,5,4,4,4,5,4,6,6,5,5,5,5,5,5,3,4,9.0,5,5,5,4,5,5,4,4,4,4,6,5,3,5,5,4,5,5,4,2,4,6,5,4,5,5,5,4,5,4,2,4,5,3,5,5,6,6,5,5,5,5,5,7,7,5,4,5,5,4,5,4,3,3,5,5,5,6,5,6,4,5,6,6,7,5,4,5,5,5,6,6,5,19.0,6,5,19.0,4,4,4,3,5,4,5,5,5,31.0,4,5,5,0,5,4,4,6,6,6,4,4,5,2,5,5,2,5,5,5,5,5,3,6,4,29.0,1,5,4,6,5,5,6,5,6,5,4,5,6,4,11.0,5,6,4,6,6,4,5,4,5,4,6,5,6,6,5,5,6,26.0,6,6,4,5,5,7,4,3,5,6,6,5,5,4,4,34.0,4,4,4,3,18.0,5,4,5,5,6,4,5,4,5,4,1,5,26.0,,2,5,5.0,4,5,5,5,6,5,4,5,4,6,5,30.0,5,5,4,,5,4,4,6,6,4,4,6,5,5,5,,38.0,9.0,5,5,4,3,5,5,5,3,0,4,5,6,6,4,5,21.0,5,4,6,,5,4,38.0,4,5,5,5,5,4,6,5,5,,2,7,6,4,,5,28.0,2,4,5,5,6,5,,4,6,5,5,5,6,6,6,8.0,5,4,25.0,,6,4,,5,5,5,5,5,5,5,7,7,4,5,6,5,4,4,4,6,6,5,4,7,7,6,6,5,7,4,10.0,5,4,6,6,22.0,5,7,5,7,7,4,5,5,6,8.0,5,,6,4,6,6,6,10.0,5,6,3,26.0,7.0,6,0,9.0,6.0,7.0,5,5,3,5,5,4,6,5,2,5,5,5,12.0,5.0,6,11.0,5,8,11.0,5,,2,5,5,8,7,6.0,5,6,7,5,5,6,35.0,6,5,5,,6,5,5,,13.0,6,5,6,5,5,5,,6,5,12.0,,11.0,5,5.0,6,6,3,6,,11.0,,,5,6,5.0,6,5,5,16.0,26.0,5,36.0,,7,4.0,5.0,6,,10.0,7,10.0,,6,,17.0,,13.0,,,6,,8.0,5,,6,5,5,6,5,,24.0,5,22.0,,6,34.0,5,5,5,,,5,4,5,6,5,6,3,,18.0,5,6,,7,,28.0,6,5,,5,16.0,20.0,5,7,36.0,,11.0,5,20.0,12.0,15.0,5,,21.0,6,6,6,,,,10.0,0,6,6,32.0,5,25.0,,5,8.0,,6.0,10.0,6,7,,15.0,11.0,22.0,6,5,31.0,6,38.0,0,10.0,6,9.0,13.0,,3,19.0,23.0,,36.0,17.0,7.0,4,2,,,,,6,6,,5,,6,,35.0,,,,32.0,6,13.0,32.0,6,18.0,,18.0,,,,5,6,16.0,,,13.0,5.0,14.0,,39.0,8.0,,,6,,22.0,,,17.0,,,,5.0,26.0,,13.0,6,7,,31.0,7.0,5,6,15.0,4,5,22.0,6,6,5.0,3,18.0,4,6.0,6,7,,,6,,5,15.0,,,6,,,8.0,35.0,,11.0,12.0,5,11.0,24.0,13.0,,5,,6,17.0,34.0,24.0,7,,,24.0,8.0,5,,,5,6,,,,,7.0,,15.0,19.0,,13.0,,6,21.0,,,,,7.0,,5,,27.0,6,,36.0,6,,,15.0,,,5,0.0,,29.0,5,,14.0,,5,,,26.0,,16.0,19.0,7,6,8.0,,26.0,34.0,7,6,,,6,5,7,19.0,6,6,18.0,5,6,6,7,,7,7,6,4,7,5.0,11.0,6,20.0,,,6.0,,12.0,,,24.0,,19.0,,6,5,,26.0,6,9.0,15.0,6,22.0,5.0,,,,26.0,5,,,37.0,10.0,,33.0,36.0,5,23.0,,8.0,,6,27.0,19.0,6.0,,6,,,14.0,,7.0,6,24.0,26.0,6,,,,,,,,,,29.0,7,,,,11,10
6,6,6,0,6,5,6,6,6,7,6,5,6,6,6,6,6,5,3,5,6,5,7,5,7,7,7,5,5,6,6,6,7,7,7,6,6,7,7,7,7,5,5,8,5,6,6,6,6,8,7,6,7,6,7,6,7,5,5,7,6,4,4,5,5,6,7,10.0,6,6,6,7,10.0,7,6,7,7,6,7,6,6,5,5,5,5,7,5,3,6,6,6,5,7,6,6,6,6,7,7,6,6,0,7,4,7,5,5,2,7,9.0,39.0,,7,6,5,5,6,7,7,8,7,5,7,6,6,6,7,6,5,2,6,6,6,5,7,7,7,6,7,6,6,6,5,6,6,6,6,3,7,7,6,6,6,5,6,6,7,6,6,6,4,5,6,6,6,6,5,6,6,5,6,6,5,6,6,8,7,6,7,5,5,6,7,5,6,8,6,6,6,6,6,6,7,7,6,5,6,6,4,5,6,2,11.0,6,6,4,5,6,6,6,6,5,5,6,6,6,6,6,6,7,7,5,6,6,7,7,6,7,7,6,6,0,5,6,6,7,6,7,7,7,7,7,7,6,7,6,7,0,7,4,7,7,6,6,3,6,5,7,6,7,7,6,7,6,6,6,7,3,7,5,7,6,5,7,7,7,39.0,6,6,36.0,5,6,5,4,3,6,6,7,6,9.0,6,6,6,7,7,6,5,8,8,7,6,6,7,5,6,6,6,7,6,6,6,7,6,7,6,11.0,7,7,6,8,6,6,7,7,7,7,6,6,6,5,10.0,7,7,5,6,7,6,7,6,7,6,8,3,6,8,7,6,7,12.0,7,7,6,7,6,9,6,6,6,3,7,7,6,0,6,,6,5,6,6,15.0,7,5,4,6,7,6,6,5,7,6,6,7,10.0,25.0,7,7,11.0,6,6,7,7,7,7,5,7,6,7,6,19.0,7,6,6,10.0,7,5,5,7,7,6,6,7,6,6,7,,16.0,17.0,6,7,6,6,3,0,7,5,7,6,3,5,7,6,5,7.0,6,5,8,,7,6,,6,5,7,7,7,6,7,7,4,,6,7,6,6,,7,31.0,7,6,6,6,7,6,,6,7,2,6,6,7,7,7,15.0,5,6,24.0,34.0,8,6,22.0,6,6,7,6,7,7,6,5,7,5,6,7,6,5,6,6,6,7,5,6,7,7,7,8,6,8,6,22.0,6,6,7,7,13.0,6,8,7,8,8,5,7,6,8,21.0,7,,6,6,7,8,6,6.0,6,7,5,25.0,12.0,7,6,20.0,,16.0,7,7,6,6,7,5,7,6,6,6,7,6,34.0,13.0,7,14.0,0,8,,5,,7,7,7,8,0,21.0,6,6,7,7,6,6,7.0,8,6,7,,6,6,7,,26.0,9,6,7,7,6,7,,7,6,9.0,,19.0,7,7.0,7,8,6,6,,,,,6,7,11.0,7,6,6,25.0,,4,19.0,19.0,8,17.0,17.0,7,,13.0,8,11.0,,7,10.0,21.0,,12.0,,,7,,30.0,7,9.0,7,7,4,7,6,12.0,25.0,7,6.0,,7,14.0,6,7,8,,,6,7,7,8,6,6,7,,9.0,7,5,,7,39.0,22.0,7,7,,7,27.0,,7,8,13.0,,15.0,7,,,26.0,7,33.0,13.0,7,7,7,,34.0,,,10,6,7,18.0,7,8.0,14.0,7,6.0,,20.0,15.0,6,7,35.0,,17.0,37.0,7,6,15.0,7,,4,18.0,7,18.0,13.0,,7,21.0,9.0,29.0,11.0,34.0,11.0,6,6,8.0,,33.0,,7,7,,7,38.0,8,15.0,16.0,,,,21.0,7,,14.0,8,8.0,,36.0,,,,7,7,,0.0,,9.0,,,,,,,,8,,15.0,,32.0,22.0,,,10.0,12.0,17.0,20.0,,7,8,22.0,13.0,8.0,7,7,9.0,6,7,16.0,7,7,10.0,7,33.0,4,,7,7,,33.0,7,,6,,,,7,14.0,,7.0,12.0,,9.0,18.0,7,0.0,8.0,,,7,,7,,9.0,,8,7.0,,8.0,32.0,5,7.0,,6,6,,,,,38.0,19.0,11.0,10.0,33.0,36.0,,7,14.0,12.0,,,,13.0,,7,,24.0,8,,15.0,8,29.0,,9.0,,,7,14.0,,,6,,24.0,,7,,,27.0,,19.0,36.0,8,7,11.0,,20.0,21.0,7,7,,,7,7,8,,8,7,35.0,8,7,8,9,,8,9,8,5,8,11.0,13.0,7,38.0,,16.0,12.0,,,,,,,,,7,6,,,8,29.0,,7,11.0,12.0,,,,15.0,6,23.0,,22.0,6.0,17.0,31.0,18.0,6,21.0,,28.0,,6,23.0,,28.0,26.0,7,,,9.0,,,8,,,7,,,,,,,,,,8.0,8,,,,12,10
7,7,5,6,6,6,3,7,7,8,7,7,7,6,7,7,7,6,7,6,7,6,8,5,7,7,8,7,6,5,7,7,8,7,8,7,7,8,6,7,7,6,5,9,3,7,7,7,7,9,8,7,8,7,6,6,5,6,5,6,7,7,6,5,6,6,8,,7,7,8,8,11.0,8,7,8,8,7,7,7,7,6,5,6,6,8,4,6,7,6,7,8,7,6,7,5,6,8,8,7,7,8,7,7,8,6,6,5,7,8.0,,20.0,8,7,6,6,7,8,7,9,8,5,8,7,7,8,7,7,6,6,7,2,5,6,8,6,7,6,7,7,4,5,6,7,8,6,7,7,8,8,8,7,7,6,7,7,8,7,7,7,4,7,7,6,7,6,6,7,7,6,7,7,5,6,6,8,8,6,7,7,7,7,8,6,7,9,7,7,7,7,7,7,6,7,4,5,8,7,7,7,7,7,,7,7,7,7,7,6,6,6,6,6,8,7,7,8,7,7,8,8,6,7,7,8,7,6,8,7,7,7,7,6,7,6,7,7,7,7,7,8,8,7,7,7,7,9,9,8,6,6,7,6,7,6,7,6,8,7,8,8,7,8,7,8,8,7,9,7,7,8,6,7,7,8,7,10.0,8,7,0.0,6,6,6,6,7,0,6,8,7,,6,7,7,8,7,7,7,9,8,8,6,6,7,6,7,1,7,8,6,7,7,8,7,8,6,18.0,8,8,7,8,5,0,8,7,8,7,7,7,8,7,25.0,8,8,6,9,9,7,7,7,7,6,9,7,8,9,8,7,8,17.0,8,8,7,8,7,10,7,7,7,7,8,8,7,6,7,25.0,7,2,7,7,,8,7,7,7,8,7,7,6,8,7,7,8,20.0,,8,8,38.0,8,8,7,7,8,8,7,8,7,8,8,14.0,8,7,3,23.0,8,6,6,8,8,6,7,8,5,6,7,13.0,26.0,,7,7,7,6,7,7,7,6,7,7,7,8,8,6,7,9.0,8,6,9,7.0,7,6,36.0,7,7,8,7,7,7,8,8,8,,7,9,8,7,30.0,7,12.0,7,7,7,7,8,7,,5,8,7,7,8,8,8,8,33.0,6,5,,37.0,9,7,,7,6,7,3,5,8,7,9,9,4,7,8,7,6,6,7,8,8,6,8,8,9,8,9,7,9,6,14.0,7,7,8,8,,7,9,7,8,8,7,8,6,8,,8,,5,7,8,5,7,10.0,5,7,3,11.0,20.0,8,8,8.0,36.0,35.0,7,8,7,7,7,6,8,7,7,7,8,6,,19.0,8,,8,10,13.0,7,,0,7,7,7,9,20.0,7,8,9,7,7,8,34.0,9,5,8,,8,7,8,,31.0,0,7,7,8,7,7,,8,7,34.0,,33.0,7,10.0,8,9,6,8,,0.0,20.0,,7,8,35.0,7,7,6,19.0,22.0,7,10.0,19.0,9,13.0,14.0,8,,34.0,9,12.0,,8,34.0,32.0,,16.0,,,8,,13.0,8,7.0,8,7,7,8,7,,,8,8.0,,0,35.0,7,8,9,,,7,7,7,8,7,8,7,,19.0,8,8,,9,9.0,14.0,8,8,,8,,6.0,6,9,,,15.0,7,32.0,,17.0,8,9.0,,7,8,8,,,,22.0,9,8,8,,8,,11.0,7,27.0,,,30.0,9,7,,31.0,10.0,13.0,7,7,14.0,8,33.0,8,9.0,8,,13.0,,6,,,19.0,38.0,,7.0,7,7,32.0,,8.0,17.0,8,8,,8,36.0,9,,32.0,,,,,8,12.0,37.0,9,12.0,,17.0,,,,8,8,23.0,18.0,,23.0,20.0,25.0,,33.0,29.0,,,9,,23.0,,18.0,11.0,,22.0,24.0,33.0,11.0,31.0,12.0,6,9,29.0,12.0,,6,8,30.0,7,8,30.0,7,8,22.0,6,0.0,6,,8,8,,,7,,7,23.0,,,7,16.0,,9.0,10.0,,26.0,20.0,8,11.0,,26.0,22.0,7,,7,,13.0,,9,12.0,,11.0,,5,20.0,,4,8,,,,,13.0,,9.0,,10.0,10.0,,9,30.0,14.0,,,,15.0,,7,,24.0,9,,15.0,8,35.0,,37.0,,14.0,0,20.0,,9.0,7,,25.0,,7,,,,,25.0,7.0,9,8,18.0,,9.0,12.0,8,8,,,8,8,9,27.0,8,8,,8,8,8,9,,10,9,8,6,9,14.0,11.0,6,29.0,,9.0,35.0,,,,,24.0,,,,7,7,16.0,14.0,8,13.0,22.0,8,17.0,24.0,,,,34.0,5,9.0,,11.0,18.0,19.0,18.0,,7,30.0,,38.0,,8,,0.0,9.0,20.0,8,,,19.0,,24.0,8,14.0,22.0,7,30.0,,,,,,22.0,,,,8,,,,13,10
7,6,6,6,6,6,6,7,7,8,6,7,6,5,6,6,6,6,6,6,6,6,8,6,7,7,7,6,5,6,6,6,7,0,7,4,6,7,7,7,7,6,6,9,6,6,6,6,6,9,8,6,8,7,0,6,7,3,6,7,7,7,5,6,4,6,7,,6,6,7,8,8.0,7,6,7,7,6,4,4,6,6,5,6,6,7,5,5,7,6,6,7,7,6,7,7,6,8,7,7,7,7,7,7,7,6,5,4,7,,27.0,9.0,7,6,5,5,6,7,7,8,7,5,7,7,7,7,5,7,5,0,7,6,6,6,7,7,7,5,7,7,7,6,5,6,7,6,7,4,0,7,7,6,6,6,6,6,6,7,6,7,4,6,6,6,7,2,5,6,6,5,6,7,6,6,6,8,1,7,7,5,6,7,7,6,6,8,5,4,7,6,6,6,8,7,7,7,7,7,5,7,7,6,15.0,6,7,7,7,7,6,6,6,5,6,8,6,6,7,7,6,7,7,6,6,6,7,5,6,7,6,7,7,7,6,6,6,7,6,7,7,8,7,7,6,7,7,6,9,9,7,5,7,7,5,6,3,6,5,7,6,7,7,6,7,6,6,8,8,9,7,6,7,6,7,7,7,6,,7,6,11.0,6,6,5,6,7,6,6,7,7,,6,7,6,7,7,6,6,8,8,7,6,6,7,6,6,7,6,7,7,7,7,7,7,8,6,30.0,7,7,6,8,7,6,8,7,8,5,6,7,7,5,39.0,7,8,6,8,8,7,7,6,6,3,8,6,7,8,7,7,7,28.0,7,8,5,7,6,9,6,6,6,7,8,7,5,5,3,5.0,6,6,5,7,24.0,7,6,0,6,8,6,7,6,8,7,7,7,7.0,,8,8,20.0,7,7,7,7,8,8,6,8,7,8,7,26.0,7,7,6,,7,6,6,8,8,7,6,7,6,6,7,,,11.0,6,7,6,5,7,7,7,6,7,6,6,7,0,6,7,,5,5,8,35.0,7,4,20.0,6,6,7,7,7,6,8,7,7,,5,9,8,6,10.0,7,,7,6,6,0,8,7,,6,8,7,7,7,7,7,8,20.0,6,6,7.0,23.0,8,6,,6,7,3,7,7,7,6,9,9,6,3,7,6,6,6,6,8,6,7,7,8,8,8,9,6,9,6,28.0,7,6,7,7,,6,8,2,9,9,6,7,6,5,,8,,8,6,7,9,7,27.0,6,7,6,,9.0,7,7,,8.0,,5,7,7,7,7,6,6,6,7,6,7,6,,5.0,8,10.0,7,9,,7,,7,7,7,9,8,,7,7,8,7,7,8,,8,5,7,,8,7,8,,15.0,7,7,8,7,7,7,21.0,8,7,29.0,,26.0,0,4.0,7,8,6,8,,27.0,15.0,,7,8,19.0,7,0,7,18.0,17.0,6,37.0,,9,9.0,29.0,8,,16.0,8,33.0,,8,9.0,17.0,,23.0,35.0,,7,,9.0,7,23.0,8,7,5,8,7,18.0,10.0,7,24.0,,7,24.0,7,7,8,,,7,7,7,6,6,7,7,0.0,14.0,7,8,,8,8.0,22.0,8,7,,7,,27.0,7,9,17.0,,34.0,7,10.0,26.0,,7,25.0,,7,7,8,,18.0,,6.0,9,8,8,9.0,8,14.0,30.0,7,17.0,,18.0,18.0,8,9,,16.0,30.0,8.0,7,7,18.0,8,,7,14.0,8,34.0,11.0,,7,,21.0,21.0,11.0,15.0,30.0,6,6,26.0,,19.0,8.0,8,8,,7,17.0,8,21.0,16.0,,,,16.0,8,8.0,24.0,8,13.0,,29.0,,,,7,8,9.0,14.0,,,8.0,,,,,,,8,,9.0,,22.0,16.0,,35.0,9.0,35.0,,,9.0,7,9,22.0,12.0,12.0,7,7,,4,7,14.0,7,7,29.0,7,27.0,6,,8,8,,29.0,7,,7,10.0,,,7,7.0,,24.0,25.0,,,15.0,7,13.0,26.0,,10.0,7,,7,27.0,35.0,,8,25.0,,9.0,10.0,6,10.0,,6,8,,,,,10.0,,7.0,8.0,29.0,14.0,,8,18.0,9.0,,,,26.0,,7,,10.0,8,,,8,31.0,,9.0,,15.0,7,,,8.0,7,,23.0,,7,,,10.0,,29.0,8.0,9,8,,,15.0,13.0,8,7,,,8,7,8,12.0,8,8,,8,7,8,9,,8,9,8,5,9,30.0,20.0,8,,,13.0,18.0,,35.0,,,,,,,7,5,10.0,9.0,8,9.0,,8,11.0,,,,,,7,24.0,,21.0,23.0,8.0,13.0,8.0,7,11.0,,13.0,,7,,,7.0,18.0,7,,16.0,7.0,,7.0,6,,30.0,7,29.0,,,,,,12.0,,,18.0,8,,,,14,10
6,6,5,5,4,5,6,6,6,7,5,6,4,4,6,5,5,4,5,5,5,5,7,5,6,6,6,4,5,6,5,5,6,6,6,6,6,6,6,6,6,5,5,8,5,4,5,6,6,5,6,5,7,6,5,6,5,5,3,6,6,6,5,5,4,5,6,,5,5,6,6,,6,5,7,6,5,6,5,5,4,3,4,2,5,4,4,5,4,6,6,6,5,0,6,5,6,6,5,5,6,6,6,6,1,5,4,6,40.0,22.0,,6,5,5,4,5,6,6,7,6,3,6,6,3,5,6,6,5,5,6,5,5,5,6,5,6,5,6,6,6,5,0,6,6,2,6,5,7,6,6,5,4,5,5,5,7,6,0,4,4,5,5,5,6,5,1,6,5,5,5,6,5,5,4,7,6,6,7,6,5,6,6,5,5,7,6,5,6,6,5,5,7,6,6,6,6,6,6,2,6,5,26.0,6,6,6,6,6,5,4,4,2,4,6,5,5,6,6,5,6,6,5,5,5,7,6,5,6,6,6,5,6,6,1,5,6,5,5,5,6,6,6,5,5,5,6,8,7,6,4,6,6,4,5,5,5,4,6,5,6,6,6,6,5,6,7,7,0,5,5,6,3,6,5,6,6,25.0,7,5,24.0,5,5,4,3,6,5,5,6,5,28.0,5,6,6,6,6,5,5,7,7,7,5,5,6,4,0,5,5,6,5,6,6,0,6,6,5,,6,6,5,6,6,6,7,6,7,6,5,6,7,5,25.0,6,7,4,7,7,6,6,5,6,5,7,6,6,7,6,6,3,23.0,7,7,5,6,5,8,4,5,5,6,7,5,6,5,5,,5,4,5,5,19.0,6,4,5,5,7,3,6,5,7,6,7,7,,14.0,7,7,,6,7,6,6,7,7,5,7,5,7,7,7.0,6,6,4,12.0,6,4,4,7,7,6,6,6,5,5,6,38.0,,30.0,6,6,5,5,5,5,6,4,6,5,5,6,6,5,3,,6,4,8,26.0,6,5,6.0,5,5,6,6,6,5,7,6,6,,5,7,6,5,39.0,6,17.0,6,5,6,5,7,6,,6,7,6,5,6,6,6,6,,5,5,21.0,22.0,7,5,16.0,5,6,6,6,6,6,6,8,8,5,5,7,5,4,4,5,6,6,6,7,7,7,7,8,6,8,5,19.0,6,5,7,7,,5,8,6,8,8,4,7,5,7,19.0,7,,6,6,7,8,6,18.0,4,6,5,18.0,9.0,7,6,17.0,19.0,22.0,5,5,5,5,6,5,7,5,6,5,6,5,17.0,8.0,7,,6,8,42.0,6,,6,7,6,8,7,6.0,6,6,7,6,6,5,25.0,8,6,6,,5,6,7,,26.0,9,6,6,7,5,6,41.0,7,6,,,16.0,5,24.0,6,8,5,7,,30.0,,,6,7,16.0,6,6,4,8.0,33.0,5,,14.0,7,5.0,27.0,7,,21.0,8,17.0,,7,14.0,20.0,,7.0,18.0,,7,,,6,14.0,6,6,6,6,6,,10.0,6,12.0,,6,13.0,5,6,8,0.0,,6,5,6,3,5,6,5,,,6,7,,7,11.0,,7,6,,6,,10.0,6,8,12.0,,,5,,16.0,,6,34.0,17.0,6,7,7,,23.0,,6.0,8,7,6,,7,36.0,22.0,6,12.0,,33.0,6.0,8,7,32.0,37.0,18.0,33.0,7,6,15.0,7,11.0,6,11.0,7,,,,6,14.0,,9.0,19.0,14.0,,5,5,,,,12.0,7,6,,6,,7,8.0,14.0,,,,9.0,7,33.0,,7,,,3.0,,,,7,7,,14.0,,11.0,6.0,15.0,,34.0,9.0,,,7,,30.0,,7.0,,,9.0,,41.0,16.0,36.0,15.0,6,8,22.0,27.0,,5,6,7.0,5,6,25.0,6,7,16.0,7,36.0,5,20.0,7,7,,,6,,5,7.0,,,6,27.0,0.0,29.0,0.0,,11.0,32.0,6,,7.0,,22.0,6,,7,24.0,14.0,17.0,8,12.0,,,28.0,5,,,5,7,,,,,15.0,18.0,6.0,,39.0,11.0,,7,41.0,,,,9.0,42.0,,6,,,7,,42.0,7,36.0,,7.0,,26.0,6,13.0,,21.0,5,,12.0,,6,,,19.0,,8.0,8.0,8,6,35.0,,19.0,27.0,7,6,,,7,6,6,16.0,7,7,23.0,7,7,6,7,,8,7,5,5,8,10.0,,7,0.0,,12.0,8.0,,19.0,,,25.0,,6.0,,6,5,9.0,23.0,7,12.0,41.0,7,6.0,15.0,,,,,5,31.0,,,29.0,24.0,13.0,7.0,6,14.0,,,,7,8.0,10.0,36.0,39.0,7,,21.0,,,,7,,,6,29.0,,,,,,13.0,,,,7,,,,15,10
7,7,4,5,1,5,5,7,7,8,6,7,6,5,7,6,6,6,6,6,6,6,8,6,7,7,7,6,6,6,0,6,7,7,7,6,6,7,7,6,7,6,6,9,4,6,6,6,5,8,6,5,8,7,5,0,4,5,4,5,7,7,5,4,6,6,7,,6,6,7,7,9.0,7,6,7,7,6,6,6,6,5,5,5,6,7,6,5,3,5,7,7,7,6,7,7,5,8,7,7,6,7,7,7,7,5,6,5,7,26.0,13.0,11.0,7,6,5,6,6,7,7,8,7,4,8,7,7,7,3,7,6,5,7,5,6,6,7,7,7,5,5,6,0,6,5,6,7,6,7,6,8,7,7,5,6,6,6,6,7,6,6,6,4,6,5,6,5,5,2,7,6,5,6,7,6,6,5,7,7,7,5,7,6,6,7,5,6,8,6,6,6,6,0,6,6,6,5,6,7,7,7,7,7,6,17.0,6,7,7,7,7,5,5,5,5,5,8,6,6,7,0,6,7,7,6,6,6,5,7,6,7,7,7,6,7,6,6,6,7,6,6,6,7,7,7,6,6,7,6,9,8,7,5,7,7,4,6,6,6,5,7,6,7,7,6,7,6,7,7,8,8,6,6,7,5,6,6,7,6,29.0,7,6,20.0,5,5,5,5,7,2,3,7,6,13.0,6,7,7,6,7,6,6,8,8,7,6,6,6,4,6,5,6,7,4,7,7,7,7,7,6,25.0,7,6,6,7,7,7,7,6,8,7,6,7,7,3,10.0,7,8,6,7,7,7,6,6,7,6,8,6,7,8,7,5,7,,8,8,4,7,6,9,6,6,6,7,8,7,6,6,6,13.0,6,5,6,7,,7,6,6,5,8,6,7,6,7,6,7,7,27.0,,7,7,11.0,7,7,5,7,8,8,6,7,6,8,7,7.0,7,7,6,17.0,7,6,5,8,8,5,6,5,5,5,5,31.0,,7.0,6,6,6,6,7,6,6,5,7,6,6,7,3,6,6,12.0,7,5,7,28.0,7,6,23.0,6,6,7,7,7,6,7,7,6,,6,8,7,6,,6,25.0,7,6,6,6,7,6,,6,8,7,7,0,7,7,7,9.0,6,6,,21.0,8,6,40.0,6,5,7,7,7,7,6,9,9,6,6,8,5,6,5,6,7,7,5,7,8,8,8,9,7,9,6,,7,6,8,7,9.0,6,8,6,8,8,6,7,5,8,,8,,7,6,7,9,6,19.0,6,5,5,35.0,26.0,7,7,,35.0,,5,0,6,6,7,6,7,6,7,6,7,6,37.0,25.0,8,18.0,7,9,20.0,7,,7,7,6,9,8,36.0,7,7,8,6,7,7,31.0,8,6,7,,6,7,7,,23.0,9,6,7,7,6,7,,7,7,35.0,,16.0,7,11.0,7,8,6,7,,24.0,38.0,,7,8,,7,7,3,,16.0,6,15.0,14.0,9,,,8,,14.0,8,17.0,,7,18.0,29.0,,7.0,27.0,,6,,,7,30.0,8,7,7,7,7,40.0,18.0,7,15.0,,7,7.0,6,7,7,,,7,7,7,7,6,7,7,,16.0,7,8,,8,18.0,18.0,8,7,,7,19.0,,5,9,,,16.0,7,22.0,39.0,38.0,7,30.0,,6,8,8,,37.0,,17.0,10,7,7,31.0,7,34.0,12.0,7,8.0,,9.0,,8,8,19.0,32.0,23.0,13.0,8,7,19.0,6,14.0,7,24.0,8,8.0,10.0,,5,21.0,28.0,38.0,37.0,19.0,18.0,5,6,,,29.0,11.0,8,7,,7,,8,9.0,,,,,8.0,8,,37.0,8,34.0,,33.0,,,,8,8,9.0,15.0,,,21.0,29.0,,24.0,11.0,,,8,,24.0,,,10.0,,,,9.0,,22.0,19.0,0,9,20.0,,19.0,5,7,30.0,3,7,14.0,6,7,32.0,8,13.0,6,11.0,8,8,,,6,,6,11.0,,,6,36.0,,23.0,36.0,,23.0,34.0,7,16.0,8.0,,,6,,7,0.0,12.0,22.0,9,,,14.0,31.0,6,33.0,,5,7,,,,,24.0,27.0,16.0,,28.0,7.0,,8,21.0,,,,7.0,10.0,,3,,20.0,8,,12.0,7,40.0,,12.0,,33.0,7,20.0,,,6,,,,7,,,,,,7.0,9,8,34.0,,,10.0,8,7,,,8,8,8,22.0,7,8,33.0,0,7,7,9,,8,8,8,6,8,15.0,14.0,8,7.0,,24.0,39.0,,19.0,,,19.0,,,,6,6,,,8,32.0,,8,17.0,28.0,,,,,6,,,25.0,18.0,14.0,36.0,13.0,6,28.0,,,,7,,8.0,22.0,9.0,7,,8.0,16.0,,7.0,8,8.0,19.0,6,9.0,,,,,,,,,8.0,7,,,,16,10
8,8,7,7,6,6,7,8,8,8,7,7,7,5,7,7,7,7,7,7,7,3,8,7,7,7,8,7,6,7,6,7,7,7,8,5,6,8,7,7,7,3,7,10,5,7,7,7,7,7,8,6,7,7,7,7,8,7,7,7,8,5,6,4,6,7,8,,7,7,8,0,12.0,8,7,8,8,7,7,7,7,6,6,6,7,8,6,6,7,7,7,8,7,6,8,7,6,8,8,7,7,8,8,8,8,6,7,6,7,33.0,14.0,13.0,8,6,5,6,6,8,7,7,8,5,8,7,7,8,8,5,6,5,8,7,7,6,8,7,7,7,5,7,8,7,7,7,8,7,8,7,8,8,8,7,7,7,7,7,7,8,7,7,6,7,7,7,7,6,6,7,7,3,4,7,7,6,7,9,7,8,8,7,7,7,8,6,7,9,7,6,7,7,7,7,0,5,7,8,7,8,7,7,8,7,12.0,7,8,8,7,7,7,6,6,6,6,8,7,7,8,8,7,8,8,7,7,7,7,8,7,8,8,7,7,8,7,6,7,8,7,8,7,8,8,8,7,5,8,5,9,9,8,6,8,7,7,7,6,7,6,8,7,8,5,7,8,6,8,8,8,9,8,7,8,7,8,8,6,8,35.0,8,7,,1,7,6,6,8,7,7,8,7,,7,6,8,8,8,7,7,9,9,8,5,4,6,6,7,7,7,8,7,8,7,8,8,9,7,24.0,8,8,7,7,8,8,9,8,9,6,5,7,7,6,,8,9,6,9,9,0,7,7,7,4,9,7,8,9,8,7,8,20.0,8,9,7,6,7,10,7,7,7,8,6,8,7,7,7,7.0,7,7,6,7,11.0,8,6,7,7,9,4,8,7,8,8,8,8,,40.0,9,7,17.0,8,8,8,8,9,9,7,8,7,9,8,23.0,8,7,7,,8,7,6,9,9,7,7,8,7,7,8,38.0,19.0,38.0,7,7,6,6,7,7,7,6,8,7,7,8,8,7,8,16.0,7,6,9,12.0,7,5,,7,7,7,7,7,7,8,8,8,,7,9,8,7,32.0,7,12.0,8,7,7,7,9,7,,7,7,8,5,7,8,8,8,9.0,6,7,,18.0,9,7,16.0,7,7,7,7,8,8,7,9,9,7,7,8,7,7,7,7,8,8,7,8,9,9,9,10,8,10,7,22.0,7,7,9,8,,7,9,8,9,9,7,8,7,9,23.0,7,,8,7,8,9,8,8.0,7,8,6,28.0,11.0,8,8,26.0,29.0,6.0,8,8,7,7,7,7,8,7,7,7,8,7,,12.0,9,,8,10,41.0,8,,7,8,7,10,9,32.0,7,7,9,8,8,8,23.0,9,7,8,,7,4,8,,28.0,10,8,8,8,7,8,,8,8,29.0,,29.0,8,19.0,8,9,7,8,,21.0,0.0,,7,9,29.0,8,8,7,25.0,40.0,7,17.0,,9,21.0,31.0,8,,21.0,9,,,8,8.0,36.0,12.0,9.0,,,9,,,8,31.0,8,7,7,8,8,28.0,,8,24.0,,8,,7,7,9,,,8,8,8,9,7,8,8,,19.0,8,8,,9,22.0,14.0,8,8,,8,28.0,,8,0,21.0,,20.0,8,,,24.0,8,13.0,9.0,8,0,9,,24.0,,7.0,11,8,8,,8,,31.0,8,35.0,,,36.0,9,9,37.0,26.0,23.0,12.0,8,8,,8,37.0,7,18.0,0,,21.0,,8,7.0,21.0,24.0,38.0,39.0,41.0,7,7,,,0.0,32.0,8,8,,8,41.0,9,20.0,16.0,,,,27.0,9,24.0,,9,28.0,,7.0,,,,8,8,15.0,18.0,,9.0,31.0,16.0,,,23.0,,,9,,20.0,,40.0,12.0,,43.0,14.0,18.0,17.0,,9.0,8,9,16.0,22.0,,7,8,7.0,7,8,20.0,8,8,11.0,8,9.0,6,,9,9,,22.0,8,,7,,,,8,37.0,,25.0,10.0,,35.0,10.0,8,,,,,8,0.0,8,25.0,,,9,14.0,,17.0,40.0,7,18.0,,7,8,,,,,20.0,12.0,10.0,15.0,25.0,16.0,,9,,18.0,,,9.0,15.0,,8,,31.0,8,,30.0,9,26.0,,28.0,0.0,29.0,7,12.0,,16.0,7,,23.0,,8,,,,,24.0,22.0,10,8,,,18.0,27.0,9,7,,,8,8,9,,9,8,26.0,8,8,9,10,,10,10,9,7,9,,,9,11.0,,25.0,43.0,,17.0,,,40.0,,10.0,,8,7,22.0,21.0,9,10.0,31.0,9,19.0,9.0,,,,13.0,7,19.0,,26.0,17.0,,,43.0,4,18.0,,,,8,,,,42.0,8,,17.0,26.0,,,8,13.0,34.0,8,,,,,,,8.0,,,,9,,,,17,10
5,5,4,5,4,3,5,5,6,7,5,5,5,3,5,5,4,4,5,5,5,3,6,4,5,5,5,5,4,5,5,5,5,4,6,5,5,6,0,5,5,4,4,8,4,5,4,5,5,7,6,5,6,5,5,5,5,5,1,5,5,5,4,4,4,5,5,,5,5,5,6,9.0,6,4,6,6,5,5,5,4,4,4,3,4,5,4,4,5,5,5,5,5,5,5,5,4,6,6,5,5,6,6,6,6,3,4,3,5,18.0,27.0,,6,4,3,3,4,4,5,6,6,3,6,5,5,5,5,5,4,4,5,4,4,4,5,5,5,4,5,5,5,5,4,5,5,4,5,4,6,6,5,5,4,2,3,4,6,5,5,5,4,5,5,4,5,4,4,1,4,4,4,1,4,4,4,6,0,5,6,5,4,5,6,4,4,6,5,5,5,5,5,5,6,6,5,5,5,5,0,2,5,5,11.0,5,5,3,5,5,4,4,4,4,3,6,5,4,4,5,5,6,6,4,5,5,6,5,4,5,5,5,5,2,5,4,3,5,4,5,5,6,0,6,5,4,5,5,7,7,5,3,6,4,4,4,3,4,3,6,4,6,6,5,6,5,6,6,6,7,5,4,6,5,5,5,6,5,20.0,6,5,20.0,4,4,4,4,5,3,3,6,2,,4,5,5,6,6,5,4,6,6,6,5,4,5,4,5,0,4,6,5,0,5,5,5,6,5,,5,6,4,6,6,6,5,5,6,5,5,5,6,1,19.0,6,7,0,6,6,5,5,5,5,2,6,5,5,4,6,5,6,6.0,6,6,5,6,5,6,4,4,4,6,7,6,5,4,4,26.0,4,4,4,5,22.0,2,4,5,3,7,4,6,5,6,5,6,6,0.0,,4,6,13.0,6,6,6,6,6,6,2,6,5,7,6,6.0,6,5,5,17.0,6,4,4,7,6,5,5,6,4,4,5,13.0,,31.0,4,5,3,4,1,4,5,4,5,5,4,6,6,5,5,29.0,5,3,5,10.0,5,4,,5,5,5,5,5,5,6,6,5,,0,7,6,4,10.0,5,32.0,6,5,2,5,6,5,,5,6,6,5,5,6,4,6,21.0,4,4,18.0,,6,5,26.0,5,3,5,5,5,5,5,8,7,4,5,6,4,4,4,4,6,4,5,6,7,7,7,8,6,7,5,5.0,5,5,6,6,,4,7,5,1,4,4,6,5,7,9.0,6,,6,5,6,4,6,8.0,4,5,4,,11.0,6,5,6.0,13.0,29.0,5,6,5,5,6,4,5,5,5,5,6,5,29.0,10.0,6,17.0,6,8,6.0,5,,6,6,5,8,0,24.0,5,5,7,5,5,6,10.0,7,5,5,,6,5,6,,9.0,8,5,6,6,5,5,29.0,6,5,38.0,,6.0,6,39.0,5,7,4,6,,,35.0,,5,6,,6,4,2,,15.0,1,,22.0,7,,15.0,6,,5.0,7,13.0,,6,6.0,6.0,,6.0,11.0,,6,,23.0,5,,6,5,5,6,5,11.0,27.0,6,13.0,,6,4.0,4,2,4,,,5,5,6,6,5,6,5,,20.0,5,6,,7,20.0,36.0,6,6,,6,28.0,39.0,5,4,36.0,,14.0,5,,14.0,9.0,5,,,5,7,6,,25.0,,12.0,9,6,6,,6,,11.0,5,7.0,,5.0,,7,7,33.0,10.0,8.0,8.0,5,5,,6,12.0,5,7.0,6,28.0,,,5,27.0,,,28.0,6.0,39.0,5,5,,,29.0,33.0,6,6,,5,,6,,22.0,,,,24.0,6,27.0,5.0,7,,,13.0,,,,6,6,11.0,22.0,,,,6.0,,,12.0,,,7,,,,,24.0,,23.0,,5.0,24.0,11.0,18.0,6,7,9.0,17.0,5.0,5,6,32.0,5,5,20.0,5,6,15.0,6,,4,6.0,6,7,,38.0,6,,5,,,,5,15.0,,,8.0,,12.0,,6,10.0,,36.0,6.0,5,,5,11.0,22.0,21.0,7,15.0,,6.0,21.0,4,13.0,,4,6,,,,,3.0,,10.0,26.0,8.0,7.0,,6,27.0,16.0,,,28.0,5.0,,5,,7.0,6,,9.0,6,33.0,,36.0,,16.0,5,24.0,,,5,,10.0,,5,,,21.0,,,30.0,7,6,34.0,,21.0,21.0,6,5,,,6,6,7,6.0,6,4,33.0,6,6,6,7,,7,7,6,4,7,7.0,14.0,6,,,9.0,11.0,,9.0,,,,,19.0,,5,5,16.0,36.0,6,12.0,16.0,5,17.0,13.0,,,,37.0,5,,,21.0,,11.0,,7.0,5,19.0,,,,6,15.0,19.0,6.0,14.0,6,,17.0,5.0,,28.0,6,,15.0,6,35.0,,,,,,,,,26.0,7,,,,18,10
7,7,6,7,6,3,7,7,7,8,6,7,6,5,7,6,1,6,6,6,6,5,8,0,7,7,7,6,6,4,6,6,7,7,7,6,6,7,7,7,7,6,6,9,6,5,6,7,7,9,8,7,8,7,7,7,7,7,6,7,7,7,5,6,2,7,7,,3,6,7,8,24.0,7,6,7,7,7,6,6,6,6,5,6,6,7,5,5,7,6,6,7,7,6,7,7,6,6,7,7,7,7,7,7,8,6,6,5,7,,6.0,41.0,8,6,6,5,6,7,7,8,8,5,8,7,7,7,7,7,6,6,7,6,6,6,7,7,7,6,7,7,7,7,6,5,7,6,7,6,8,8,7,7,6,0,6,7,8,7,7,5,5,7,7,6,6,6,6,7,6,6,6,6,3,6,7,8,7,7,8,7,6,7,8,5,5,8,7,6,6,6,6,6,8,8,7,7,7,7,5,7,6,6,12.0,7,7,7,7,6,7,6,6,5,6,8,6,4,7,7,6,7,7,6,4,7,8,7,6,7,7,3,6,7,6,6,6,7,6,7,0,6,6,7,7,7,7,6,8,9,7,5,8,7,6,6,6,6,6,8,5,7,7,6,6,5,8,8,8,9,7,6,7,5,7,7,7,7,10.0,8,7,12.0,6,4,6,6,7,6,7,7,7,,6,7,7,8,8,6,6,8,8,7,6,6,0,6,3,7,6,8,6,7,7,7,7,8,6,22.0,7,7,4,6,7,7,8,6,8,7,6,7,7,6,,7,8,5,8,8,7,6,6,7,4,8,7,7,9,7,7,8,8.0,8,8,7,8,6,9,6,6,6,7,7,7,6,6,6,15.0,6,6,6,7,11.0,7,6,7,7,8,6,7,7,8,7,8,8,18.0,11.0,8,8,,7,8,7,7,8,8,6,8,7,8,8,,7,6,7,28.0,8,6,6,8,8,7,6,7,6,7,7,,26.0,44.0,6,7,3,5,7,6,7,5,7,6,6,7,7,6,7,16.0,7,5,8,19.0,7,6,,6,6,7,7,7,6,7,7,0,,6,9,8,7,31.0,6,30.0,7,6,6,6,8,7,,5,8,7,7,7,7,7,8,8.0,6,4,35.0,34.0,8,6,30.0,6,7,7,7,7,7,6,9,9,6,6,8,7,6,5,6,8,7,7,7,8,8,8,9,7,9,6,23.0,7,6,8,7,,6,8,7,9,9,6,7,7,8,26.0,8,,8,6,7,9,6,14.0,6,7,6,,13.0,7,7,,44.0,,7,7,7,7,7,6,7,6,7,7,7,7,11.0,12.0,8,8.0,7,10,35.0,5,,7,8,7,9,8,,7,7,8,7,7,8,,9,7,7,,8,7,0,,9.0,9,7,8,7,7,7,8.0,7,7,36.0,,,7,34.0,8,8,7,8,,,,,7,8,,8,7,7,10.0,23.0,6,17.0,24.0,8,,36.0,8,,34.0,9,15.0,,8,13.0,22.0,12.0,,9.0,,8,,31.0,7,14.0,8,7,7,8,7,0.0,41.0,7,14.0,,7,29.0,7,7,9,,,7,7,7,8,7,7,7,,13.0,7,7,,9,33.0,10.0,8,7,,8,19.0,8.0,7,9,26.0,,,7,,,15.0,7,,7.0,7,8,8,,26.0,,13.0,10,8,8,36.0,8,13.0,,7,13.0,,,32.0,9,9,37.0,19.0,,,8,7,42.0,8,17.0,7,,8,19.0,15.0,,7,35.0,16.0,20.0,38.0,39.0,7.0,6,7,,,15.0,10.0,6,8,,7,11.0,7,,9.0,,,,22.0,6,19.0,23.0,8,31.0,,14.0,,,,8,8,8.0,25.0,,10.0,41.0,,,23.0,11.0,0.0,,9,,33.0,,,13.0,,8.0,,38.0,25.0,23.0,38.0,8,9,8.0,,35.0,7,7,22.0,6,7,11.0,8,7,16.0,8,,6,18.0,8,8,,,7,,6,24.0,,,8,31.0,,39.0,32.0,,11.0,36.0,7,37.0,,,36.0,7,,7,27.0,,14.0,7,38.0,,,16.0,6,18.0,,6,7,,,,,13.0,43.0,21.0,,,22.0,,8,18.0,12.0,,,22.0,,,7,,7.0,8,,8.0,8,20.0,,10.0,,,7,15.0,,41.0,7,,24.0,,7,,,23.0,,,13.0,9,8,0.0,,9.0,14.0,7,7,,,8,8,8,13.0,0,8,,8,8,8,9,,9,8,8,6,8,20.0,40.0,8,20.0,,9.0,36.0,,44.0,,,,,15.0,,8,7,32.0,,8,45.0,21.0,8,27.0,11.0,,,,16.0,7,36.0,,18.0,,,37.0,23.0,7,9.0,,15.0,,7,41.0,,,11.0,7,,29.0,,,19.0,8,19.0,16.0,8,11.0,,,,,,10.0,,,28.0,9,,,,19,10
6,6,5,5,5,5,5,6,6,7,3,5,5,3,0,5,5,5,5,5,5,3,6,5,6,5,6,4,5,5,5,5,6,6,6,5,5,6,6,3,6,4,5,8,5,6,5,5,5,7,7,1,5,5,4,5,2,1,5,5,6,6,4,5,4,5,6,16.0,5,5,6,7,11.0,6,5,6,6,6,5,5,5,4,1,5,2,6,4,5,5,5,5,6,6,4,5,5,4,7,6,6,6,6,6,6,6,4,5,4,5,0.0,19.0,,6,5,4,5,5,6,3,7,6,4,6,4,6,6,6,5,2,4,5,4,5,4,6,6,6,4,5,6,6,5,4,0,6,5,6,5,7,6,6,5,5,5,5,5,7,6,5,6,3,4,6,5,6,2,4,2,5,5,5,5,5,5,5,7,6,6,6,5,5,6,6,4,5,7,6,5,5,5,5,5,6,6,5,6,1,4,5,5,6,5,26.0,5,6,5,5,5,5,5,5,4,4,6,5,5,6,6,5,6,6,5,5,5,7,6,5,6,6,5,6,6,5,5,5,6,5,6,6,6,6,6,6,5,6,5,7,6,6,4,6,6,5,5,5,5,4,5,5,6,6,5,6,5,6,5,6,7,6,5,6,5,6,6,6,6,17.0,6,5,35.0,4,5,5,5,6,5,5,6,6,,2,5,5,6,6,5,5,7,6,6,5,5,5,2,5,5,5,6,5,6,5,6,6,7,5,13.0,6,6,5,7,6,6,7,6,5,5,5,2,6,4,5.0,6,7,5,7,7,5,5,5,5,4,7,5,6,7,6,6,6,,7,6,5,6,5,8,5,5,5,6,7,6,5,5,5,11.0,5,5,3,6,6.0,6,5,6,5,7,5,6,5,7,6,6,7,18.0,16.0,7,7,12.0,6,6,6,6,7,7,5,7,6,7,6,13.0,6,5,5,7.0,6,5,5,7,6,3,5,6,5,5,6,20.0,28.0,,5,6,5,4,6,5,6,5,6,5,5,7,6,5,6,16.0,6,4,7,11.0,5,4,31.0,5,5,6,6,6,5,7,7,6,,5,7,6,5,8.0,6,10.0,6,5,4,5,7,6,,5,7,6,5,6,5,6,6,6.0,5,5,,16.0,7,5,7.0,5,5,5,5,6,6,4,8,7,5,5,6,5,5,4,5,6,6,5,6,7,7,7,8,5,8,5,,5,5,7,6,20.0,5,5,5,7,7,5,6,5,7,,6,,6,5,6,8,6,8.0,5,6,4,26.0,30.0,6,6,6.0,24.0,35.0,6,6,5,3,6,5,6,5,5,3,6,5,28.0,29.0,6,21.0,6,8,12.0,6,,6,0,6,8,7,31.0,5,6,7,6,5,6,14.0,7,3,6,,7,6,6,,26.0,8,6,6,6,5,6,5.0,7,5,,,,6,32.0,6,7,5,7,,21.0,,,4,7,8.0,0,6,5,7.0,,6,,19.0,7,5.0,,6,,9.0,7,,,6,,15.0,,10.0,,,7,,7.0,6,24.0,7,6,6,6,6,,11.0,6,21.0,,5,17.0,6,6,7,,,6,6,6,7,6,6,5,,12.0,6,5,,7,24.0,25.0,6,0,,6,38.0,0.0,5,8,,,9.0,6,18.0,,22.0,6,20.0,27.0,4,7,7,0.0,9.0,,,8,6,7,11.0,6,7.0,18.0,6,,,5.0,8.0,7,7,10.0,17.0,8.0,7.0,6,6,,6,20.0,6,7.0,7,10.0,10.0,,6,,,29.0,7.0,33.0,12.0,5,5,,,25.0,36.0,7,6,,6,10.0,7,16.0,18.0,,,,38.0,5,16.0,38.0,7,11.0,,,,,,6,5,,22.0,,18.0,20.0,14.0,,17.0,6.0,,,7,,21.0,,12.0,,,19.0,19.0,19.0,35.0,24.0,10.0,6,8,26.0,,24.0,5,6,9.0,5,6,30.0,6,6,13.0,6,29.0,4,22.0,6,7,,10.0,6,,5,8.0,,,5,34.0,,17.0,31.0,,14.0,10.0,6,8.0,11.0,,13.0,6,,6,13.0,27.0,,7,,,,,5,20.0,,5,6,,,,,,6.0,21.0,14.0,18.0,15.0,,7,10.0,8.0,,,,11.0,,4,,16.0,7,,29.0,7,26.0,,6.0,,,6,,,,6,,7.0,,6,,,,,16.0,,8,6,,,37.0,12.0,7,6,,,6,5,7,32.0,7,6,,7,6,7,8,,8,8,7,5,8,,26.0,5,9.0,,6.0,24.0,,8.0,,,0.0,,,,6,6,18.0,12.0,7,26.0,,7,12.0,28.0,,,,,6,12.0,,,16.0,0.0,,19.0,6,22.0,,,,6,11.0,29.0,13.0,11.0,6,,16.0,30.0,,,7,20.0,26.0,6,30.0,,,,,,26.0,,,,7,,,,20,10
7,6,3,6,5,5,6,5,6,7,6,6,6,5,6,5,6,5,6,5,5,5,7,5,6,6,7,6,5,6,6,6,7,7,6,4,6,7,6,6,6,5,5,8,5,5,3,6,6,7,7,6,7,6,6,6,6,6,5,6,6,6,4,5,5,0,6,16.0,6,6,4,7,10.0,7,6,7,7,6,6,6,6,5,4,4,5,7,5,5,6,6,5,7,6,6,6,6,5,7,7,6,6,6,7,5,7,5,5,4,6,6.0,15.0,,7,6,5,5,6,7,6,8,7,4,7,6,6,6,6,6,5,4,6,5,5,5,7,6,5,5,6,5,0,6,5,6,5,4,6,5,7,6,6,6,3,5,5,5,7,6,6,6,3,6,5,5,5,5,4,6,5,5,6,6,5,4,5,7,3,6,5,2,0,6,7,5,5,7,6,5,6,6,6,6,7,6,6,6,6,6,6,6,6,5,12.0,5,6,7,3,6,6,5,5,5,5,7,5,6,6,6,6,7,7,6,6,6,7,7,6,7,6,6,6,6,6,5,6,6,5,6,6,7,7,7,6,6,6,4,8,8,7,4,7,6,5,6,5,5,5,7,6,6,7,6,7,6,7,7,7,8,6,2,7,6,6,6,6,6,7.0,5,6,,5,6,5,5,6,5,6,7,6,11.0,5,6,6,7,6,6,4,8,7,7,5,5,6,5,6,6,6,7,6,7,6,7,6,7,6,34.0,6,7,6,7,6,6,6,6,7,6,6,6,7,5,,7,8,2,6,4,6,5,6,6,5,8,5,6,7,6,6,7,,3,5,6,2,6,8,5,6,6,7,7,6,6,5,4,36.0,5,3,5,6,,7,5,6,6,7,6,6,5,7,6,6,0,13.0,23.0,7,7,15.0,6,6,6,7,7,7,5,6,6,7,5,29.0,7,6,6,35.0,7,5,5,7,5,6,6,7,6,5,6,14.0,24.0,40.0,6,6,6,5,6,0,6,5,6,5,5,6,0,5,6,34.0,6,5,8,11.0,7,6,27.0,6,5,7,6,7,6,6,6,4,,6,8,7,6,38.0,6,35.0,7,6,6,6,6,6,,6,7,6,6,6,7,7,7,13.0,5,5,32.0,34.0,8,6,,6,6,6,6,5,7,5,8,8,6,6,7,6,5,5,5,7,7,6,7,8,8,7,8,6,8,6,,6,6,7,7,32.0,6,8,6,8,8,5,7,4,0,29.0,7,,7,6,7,8,7,9.0,6,6,3,32.0,8.0,7,6,8.0,,,0,7,6,6,7,5,7,6,6,6,7,5,38.0,7.0,7,,7,9,41.0,6,,6,7,6,8,7,,6,6,8,6,6,7,,7,6,6,,7,6,7,,19.0,8,6,7,7,6,7,40.0,6,6,30.0,,15.0,7,28.0,7,6,5,7,,,13.0,,6,7,9.0,7,6,6,8.0,36.0,1,24.0,32.0,6,22.0,17.0,7,,14.0,7,,,6,7.0,15.0,,36.0,7.0,,7,,28.0,6,36.0,7,6,6,6,6,,38.0,7,19.0,,6,24.0,5,6,8,,,6,6,7,7,6,6,6,,16.0,6,7,,8,12.0,21.0,7,7,,5,,,5,8,28.0,,30.0,6,,36.0,37.0,6,29.0,,6,8,8,,13.0,,12.0,9,7,7,25.0,7,33.0,8.0,2,6.0,,6.0,15.0,8,8,15.0,38.0,10.0,7.0,7,6,,7,18.0,7,9.0,7,14.0,,,6,12.0,,30.0,10.0,,19.0,5,6,,,41.0,,7,7,,6,7.0,7,,7.0,,,,10.0,7,15.0,14.0,7,26.0,,18.0,,,,7,7,32.0,,,10.0,,16.0,,,4.0,,,7,,13.0,,8.0,,,11.0,7.0,18.0,,26.0,18.0,7,8,19.0,29.0,8.0,6,7,,5,7,,6,7,30.0,7,8.0,4,14.0,7,7,,,6,,6,,,,6,26.0,,22.0,8.0,,11.0,21.0,7,8.0,,,6.0,6,,7,26.0,12.0,20.0,5,37.0,,,6.0,5,12.0,,5,7,,,,,39.0,0.0,27.0,14.0,34.0,33.0,,8,16.0,14.0,,,41.0,29.0,,6,,38.0,8,,7.0,0,31.0,,,,,6,,,9.0,6,,,,7,,,28.0,,18.0,29.0,8,7,32.0,,17.0,13.0,8,7,,,7,7,8,30.0,7,7,34.0,7,7,6,8,,7,7,7,5,6,23.0,16.0,7,16.0,,22.0,30.0,,33.0,,,,,29.0,,7,2,16.0,11.0,8,30.0,31.0,7,14.0,,,,,,6,,,,,30.0,16.0,19.0,6,28.0,,36.0,,7,26.0,,12.0,9.0,7,,,,,9.0,8,23.0,9.0,7,27.0,,,,,,8.0,,,19.0,8,,,,21,10
6,5,5,5,5,4,5,6,6,7,5,5,5,4,5,4,5,5,5,5,5,4,6,4,5,5,1,4,0,5,4,5,5,5,6,5,5,5,5,5,5,3,5,8,5,5,5,2,5,7,7,5,6,5,6,5,6,5,5,6,6,6,4,4,5,5,5,36.0,5,5,5,6,6.0,6,5,6,6,5,5,5,5,3,0,4,2,6,4,4,5,5,5,6,6,5,6,5,4,7,6,6,5,6,6,6,6,4,4,1,5,25.0,6.0,13.0,6,5,4,4,4,0,5,7,6,4,5,5,6,6,6,5,4,4,5,5,5,4,6,0,5,5,6,6,6,5,4,5,6,5,6,5,6,6,6,5,5,5,5,5,6,6,3,5,3,3,5,5,5,3,4,5,5,4,4,5,5,5,5,7,6,6,6,5,5,6,6,4,5,7,5,5,5,5,5,5,6,6,6,6,6,5,5,5,6,5,17.0,4,6,4,5,5,5,5,5,4,4,7,5,5,6,6,5,6,5,5,3,5,5,6,5,6,6,5,5,3,5,5,5,6,3,6,6,6,6,6,5,5,6,5,8,7,6,4,6,5,4,5,5,5,4,6,5,6,6,1,6,5,6,6,7,7,6,5,6,5,5,6,6,6,25.0,6,2,9.0,4,5,4,2,6,5,5,6,5,12.0,3,5,5,0,6,5,5,7,7,6,5,5,6,5,5,5,2,6,5,6,5,6,6,6,5,,6,6,5,7,6,4,7,5,7,5,5,5,6,4,18.0,6,7,4,7,7,3,5,5,5,5,7,5,6,7,6,5,6,17.0,5,6,5,6,5,8,5,5,5,6,7,6,5,5,5,25.0,5,4,5,5,,6,4,5,5,7,5,6,5,7,6,6,7,21.0,30.0,7,7,12.0,6,6,6,6,7,7,5,6,4,7,6,7.0,6,3,5,0.0,6,5,4,7,7,5,4,2,3,5,6,22.0,19.0,,5,5,5,4,6,5,5,5,3,4,5,6,6,5,6,11.0,6,4,7,21.0,5,5,37.0,5,5,6,5,4,5,6,6,6,,5,7,6,5,6.0,5,19.0,5,5,5,5,6,5,,5,7,6,5,5,4,6,6,36.0,5,3,,26.0,6,5,,5,5,4,5,6,6,5,7,8,5,5,6,5,4,4,5,6,6,6,7,7,7,7,8,6,8,5,15.0,6,5,7,6,13.0,5,7,6,7,7,5,6,5,7,7.0,6,,6,5,6,8,6,27.0,4,6,4,,23.0,6,6,26.0,11.0,11.0,6,6,5,5,6,5,6,5,5,5,6,5,35.0,22.0,7,18.0,6,6,4.0,5,,6,6,6,8,7,10.0,3,6,7,6,5,6,23.0,7,5,6,,7,5,6,,,8,6,6,6,5,5,,6,5,15.0,,30.0,5,,6,7,5,5,,25.0,,,5,6,,6,5,5,17.0,24.0,5,15.0,14.0,7,16.0,,6,,5.0,0,,,6,15.0,9.0,,16.0,,,7,,,6,31.0,7,6,5,6,6,17.0,34.0,6,10.0,,6,33.0,5,5,7,,,4,6,5,7,6,6,5,,6.0,6,7,,7,,,6,6,,6,17.0,27.0,6,8,11.0,,,5,17.0,33.0,11.0,6,20.0,13.0,6,7,7,,13.0,,0.0,9,7,6,10.0,6,13.0,8.0,6,18.0,,29.0,,7,7,0.0,9.0,11.0,,6,4,,6,9.0,6,12.0,7,,22.0,,6,29.0,19.0,17.0,13.0,9.0,20.0,3,5,31.0,,36.0,30.0,6,6,,6,17.0,7,,27.0,,,,7.0,7,35.0,26.0,7,7.0,,,,,,6,7,,11.0,,8.0,,12.0,,16.0,11.0,,,5,,25.0,,9.0,15.0,,16.0,31.0,33.0,7.0,18.0,23.0,7,8,36.0,9.0,,6,6,,5,6,29.0,6,6,12.0,6,,4,12.0,6,7,,,6,,5,,,,6,12.0,,,12.0,,19.0,,6,14.0,32.0,11.0,,6,,6,8.0,6.0,,7,22.0,,,22.0,5,,,5,6,,,,,,19.0,,17.0,,21.0,,7,10.0,11.0,,,,33.0,,6,,26.0,6,,,7,10.0,,11.0,,,6,,,17.0,5,,26.0,,6,,,33.0,,18.0,,7,6,,,4.0,,7,6,,,6,6,7,17.0,7,6,22.0,0,6,6,7,,8,4,7,5,7,25.0,13.0,4,23.0,,9.0,28.0,,13.0,,,14.0,,24.0,,6,6,31.0,33.0,6,,14.0,7,8.0,20.0,,,,,5,12.0,,10.0,16.0,15.0,16.0,37.0,5,34.0,,15.0,,6,,17.0,18.0,7.0,6,,9.0,9.0,,16.0,7,,13.0,6,10.0,,,,,,,,,6.0,8,,,,22,10
5,3,4,3,3,3,4,4,2,5,4,3,2,3,4,4,3,4,4,3,4,3,5,4,5,5,5,4,3,4,4,4,5,5,5,4,4,5,5,5,5,3,4,6,1,4,4,4,4,6,5,4,5,4,4,1,4,4,3,4,4,4,3,3,3,4,4,10.0,3,4,4,5,22.0,5,4,5,5,4,4,4,4,1,2,3,3,5,2,3,4,4,4,4,4,3,4,4,4,5,5,4,4,5,5,4,5,3,3,0,4,,20.0,12.0,5,4,3,3,4,5,4,6,5,2,5,4,4,5,4,4,2,3,4,3,3,3,5,5,5,3,4,4,4,3,3,4,5,3,4,3,5,4,5,4,2,3,3,4,5,5,4,4,2,4,4,4,4,4,0,4,4,3,4,4,4,4,4,5,4,4,5,4,4,4,5,1,3,6,4,4,4,4,3,4,5,5,4,4,4,4,4,4,5,0,7.0,4,4,5,4,4,4,1,3,2,3,4,4,3,5,3,4,5,5,4,4,4,4,5,4,5,5,4,4,5,4,4,4,5,0,4,4,5,5,5,4,4,3,4,6,5,5,2,5,5,3,4,4,4,3,5,4,5,5,4,5,4,5,5,5,6,4,3,4,4,4,5,5,5,,5,4,31.0,3,4,3,1,5,3,4,5,4,33.0,3,4,4,4,5,4,4,6,5,5,3,4,4,3,4,4,4,5,4,5,4,4,5,5,4,12.0,5,5,4,6,4,5,5,5,5,4,2,4,5,3,7.0,5,5,3,6,6,4,4,4,5,3,6,4,5,6,5,5,5,37.0,5,5,4,5,4,7,3,4,4,4,5,4,4,3,4,,3,3,3,3,5.0,5,3,4,4,5,4,4,3,5,4,2,5,18.0,37.0,5,5,6.0,5,5,5,5,5,5,3,5,4,5,5,,5,4,3,,5,4,3,5,5,4,4,5,4,4,5,10.0,,24.0,4,4,3,3,4,4,4,3,4,3,4,5,4,1,4,,5,3,6,14.0,5,3,17.0,4,3,4,4,5,4,5,5,5,,2,6,5,4,19.0,4,30.0,4,4,4,4,5,4,,4,5,4,4,5,5,5,5,22.0,4,3,,6.0,5,2,27.0,4,4,4,4,5,5,4,6,6,4,4,5,4,3,3,4,5,5,4,5,5,6,5,6,4,6,4,16.0,4,4,5,5,10.0,2,6,4,6,6,3,5,4,6,39.0,5,,4,4,5,6,4,8.0,4,3,3,5.0,7.0,5,5,,,16.0,4,5,4,4,4,4,5,4,4,4,5,4,5.0,6.0,5,,5,6,8.0,4,,2,5,4,6,4,5.0,0,4,5,4,4,4,6.0,6,4,2,,6,5,5,,,7,4,5,5,4,5,,5,4,9.0,,,5,,5,6,1,2,,16.0,,,4,5,,5,4,4,17.0,,4,,17.0,6,6.0,,5,,,6,27.0,,5,9.0,15.0,18.0,19.0,32.0,,5,,5.0,4,21.0,4,4,4,5,5,19.0,39.0,5,8.0,,5,27.0,4,5,6,,,4,4,5,5,2,4,5,,13.0,5,5,,5,6.0,32.0,5,5,,5,26.0,7.0,4,6,,,15.0,4,22.0,28.0,11.0,4,,19.0,5,5,0,0.0,8.0,,7.0,8,5,5,24.0,5,27.0,17.0,4,22.0,,,20.0,6,5,15.0,17.0,7.0,30.0,5,4,,4,,4,8.0,5,11.0,,,4,,27.0,12.0,37.0,12.0,,4,4,7.0,,,,6,3,,5,4.0,5,15.0,24.0,,,,,5,,,6,24.0,,15.0,,,,5,5,29.0,13.0,,6.0,,23.0,,16.0,4.0,,,6,,,,18.0,18.0,,5.0,,8.0,6.0,21.0,21.0,5,6,34.0,10.0,13.0,4,5,,4,5,27.0,5,5,,5,37.0,3,38.0,5,5,,,5,,4,,,,5,18.0,,6.0,14.0,,34.0,14.0,5,29.0,16.0,6.0,19.0,4,,5,,8.0,22.0,6,21.0,,22.0,19.0,3,12.0,,3,5,0.0,,,,6.0,,7.0,11.0,,8.0,,6,18.0,,,,,31.0,,4,,39.0,6,,,5,30.0,,8.0,,,4,34.0,,,4,,7.0,,5,,,9.0,,16.0,5.0,6,5,23.0,,12.0,21.0,4,5,,,5,5,6,31.0,5,5,,3,5,5,7,,7,6,6,3,6,38.0,23.0,5,28.0,,7.0,0.0,,26.0,,,19.0,,24.0,,5,4,23.0,9.0,6,35.0,6.0,5,23.0,35.0,,,,,4,9.0,,35.0,13.0,,13.0,,4,25.0,,21.0,,5,32.0,,13.0,7.0,5,,24.0,0.0,,8.0,5,26.0,12.0,5,5.0,,,,,,23.0,,,,6,,,,23,10
6,6,5,5,5,5,6,6,6,7,5,6,5,4,6,5,5,5,2,5,3,5,7,5,6,6,6,6,5,6,5,5,6,6,6,5,6,7,6,6,6,5,5,8,5,5,5,6,6,8,7,6,7,6,6,6,6,6,5,6,6,6,4,5,5,6,6,23.0,5,5,6,7,,6,5,7,7,6,6,5,5,5,1,4,5,4,4,5,6,6,6,6,6,5,6,6,5,7,6,5,6,6,7,6,6,5,5,4,6,28.0,,,7,5,5,5,5,6,6,7,6,4,7,6,6,6,6,6,4,1,6,5,5,5,6,6,6,5,6,6,6,5,4,0,7,5,4,5,7,6,6,6,5,5,5,6,6,6,5,6,4,6,5,3,6,5,4,6,5,5,5,6,5,5,5,7,7,6,7,5,5,6,6,5,5,7,6,5,6,6,6,5,7,6,5,6,6,6,4,6,7,3,15.0,5,6,6,6,6,3,3,5,4,5,7,5,5,6,6,5,6,6,5,5,5,7,6,0,6,6,6,6,6,6,5,6,6,5,6,6,7,7,7,6,6,6,6,8,8,6,4,6,6,5,5,5,5,5,7,5,6,7,6,6,5,7,7,7,8,6,5,7,6,6,6,6,6,16.0,7,5,31.0,5,6,4,5,6,5,6,6,6,11.0,5,6,6,7,5,3,5,7,7,7,4,5,6,5,6,6,6,6,0,6,6,6,6,7,5,21.0,6,6,5,7,6,6,7,6,7,6,5,6,6,5,38.0,6,7,5,7,7,6,6,4,6,5,7,6,6,8,6,6,6,39.0,7,7,6,7,5,8,5,5,5,6,7,6,6,5,6,13.0,5,5,5,6,16.0,6,5,6,5,7,5,4,5,7,6,7,7,32.0,,7,7,8.0,6,6,6,6,7,7,5,7,5,4,6,10.0,6,6,6,,7,3,4,7,5,6,6,7,5,6,6,29.0,32.0,20.0,6,6,5,2,6,6,6,4,6,6,5,7,7,5,6,10.0,6,4,8,13.0,6,4,,6,5,6,6,6,6,7,7,6,,5,8,7,5,,6,21.0,7,5,5,5,7,6,,3,7,6,6,6,6,5,7,8.0,5,3,19.0,15.0,7,5,13.0,5,6,6,6,6,6,6,8,8,5,5,6,6,5,5,0,7,7,6,7,8,8,7,8,6,0,5,15.0,6,6,7,6,,6,7,6,8,8,5,7,6,7,,7,,7,5,7,8,7,8.0,5,6,5,17.0,11.0,7,6,26.0,28.0,,4,6,5,6,6,5,7,6,6,6,6,6,13.0,12.0,7,13.0,6,9,,6,,7,4,6,7,7,38.0,6,6,8,6,6,7,34.0,8,6,5,,7,6,7,,37.0,7,6,7,7,6,6,6.0,7,6,,,,6,8.0,7,8,5,7,,9.0,,,6,7,34.0,7,6,5,37.0,39.0,6,,,6,36.0,12.0,7,,13.0,7,14.0,,7,10.0,31.0,,29.0,,,7,,39.0,6,18.0,7,6,6,7,6,10.0,39.0,6,14.0,,6,16.0,6,6,8,,,6,6,6,7,6,6,6,,12.0,6,7,,8,,11.0,7,6,,6,15.0,39.0,6,8,8.0,,,6,22.0,,,6,26.0,38.0,6,8,7,,22.0,,36.0,6,7,7,,7,7.0,19.0,6,23.0,,,10.0,7,8,,21.0,28.0,,7,6,12.0,7,,6,27.0,7,,24.0,,5,,9.0,10.0,19.0,22.0,6.0,5,5,,,32.0,24.0,7,7,,6,9.0,7,33.0,,,,,,7,,30.0,7,34.0,,,,,,7,7,9.0,30.0,,9.0,13.0,0.0,,37.0,12.0,,,8,,,,23.0,8.0,,11.0,19.0,34.0,29.0,20.0,,7,8,23.0,12.0,26.0,6,7,26.0,5,6,17.0,7,7,36.0,7,13.0,5,38.0,7,7,,,6,,6,6.0,,,6,27.0,,8.0,7.0,,9.0,24.0,7,8.0,24.0,,,6,,7,29.0,7.0,30.0,8,,,22.0,14.0,5,,,5,7,,,,,29.0,20.0,28.0,36.0,28.0,11.0,,7,,16.0,,,27.0,9.0,,6,,12.0,7,,9.0,7,29.0,,6.0,,8.0,6,19.0,,28.0,6,,,,6,,,15.0,,,7.0,8,7,16.0,,23.0,19.0,8,6,,,7,7,8,11.0,7,7,,7,7,7,8,,8,8,7,5,8,10.0,,7,13.0,,34.0,,,28.0,,,28.0,,0.0,,7,6,35.0,,7,36.0,21.0,7,0.0,38.0,,,0.0,,6,23.0,,23.0,32.0,16.0,10.0,9.0,6,29.0,,16.0,,7,9.0,30.0,8.0,10.0,7,,15.0,,,,7,10.0,,7,9.0,,,,,,0.0,,,11.0,8,,,,24,10
6,5,5,5,5,2,5,6,6,7,5,5,5,4,5,5,5,4,5,5,5,4,6,4,5,5,5,5,3,2,5,5,5,5,6,0,5,6,5,5,5,4,5,7,5,5,5,5,5,7,7,5,6,5,6,6,6,5,5,6,6,6,4,4,4,5,6,32.0,5,5,6,7,,6,5,6,6,5,5,5,5,4,4,4,4,6,4,4,5,4,6,6,6,5,6,5,5,6,6,5,5,6,6,6,6,4,4,4,5,23.0,7.0,8.0,6,5,4,4,5,4,5,7,6,2,6,5,5,4,6,5,4,4,6,5,5,5,3,5,5,5,6,6,6,5,4,5,6,5,5,5,6,6,6,5,5,5,5,5,6,5,5,5,3,5,5,5,3,1,4,5,5,4,4,5,5,4,5,7,6,5,6,5,3,6,6,4,4,7,5,4,5,5,5,5,6,6,6,6,6,6,5,5,6,5,,5,6,6,6,6,5,5,4,5,4,6,5,5,6,6,5,6,6,5,5,0,6,5,5,6,5,5,3,6,5,5,5,6,5,5,6,6,6,0,5,4,5,5,7,7,6,2,6,4,4,3,5,5,3,6,5,6,6,5,6,5,6,6,6,6,4,5,4,5,6,0,5,6,,6,5,0.0,2,5,4,4,6,5,6,6,5,12.0,5,5,5,6,6,5,5,7,6,6,5,4,5,4,5,5,5,6,5,6,5,1,3,6,5,20.0,5,6,5,7,6,6,6,6,7,5,5,5,6,5,,6,7,3,7,5,5,5,5,5,4,7,5,6,7,6,6,6,10.0,4,5,5,6,5,8,5,5,5,6,7,6,5,4,5,18.0,5,4,4,6,27.0,6,4,5,5,7,5,6,5,7,6,6,6,24.0,,7,7,8.0,6,6,6,6,7,7,5,6,5,7,6,44.0,6,5,5,6.0,6,5,4,7,7,5,5,6,5,5,6,34.0,24.0,8.0,5,5,4,4,5,5,5,4,6,5,5,6,6,5,6,14.0,6,4,7,7.0,3,4,46.0,5,5,6,5,6,5,6,6,6,,4,7,6,5,6.0,5,11.0,6,3,5,5,6,5,,5,6,6,5,6,6,6,6,10.0,4,5,6.0,,7,5,14.0,3,6,4,5,5,6,5,8,7,5,5,6,3,4,4,5,6,6,5,6,7,7,7,8,6,8,5,7.0,5,5,7,6,30.0,5,7,5,7,7,2,6,5,7,10.0,6,,6,5,6,8,6,,5,6,1,5.0,16.0,6,6,,,11.0,6,6,4,5,6,5,4,5,3,5,5,4,14.0,15.0,7,17.0,6,8,33.0,5,,4,6,6,8,7,31.0,5,6,7,6,5,6,13.0,7,5,4,,7,5,6,,8.0,8,6,6,6,5,3,34.0,6,6,,,21.0,6,40.0,6,7,5,7,,39.0,20.0,,5,7,36.0,6,5,5,5.0,,5,43.0,45.0,7,,22.0,5,,25.0,7,6.0,,6,8.0,,33.0,7.0,18.0,,7,,34.0,6,44.0,5,5,5,6,5,,26.0,6,12.0,,6,22.0,5,5,7,,,6,6,6,7,6,6,5,,,5,7,,7,20.0,19.0,0,6,,6,36.0,,6,7,15.0,,,5,,,18.0,6,12.0,23.0,6,7,7,,13.0,,31.0,9,7,6,15.0,6,30.0,10.0,5,,,15.0,39.0,7,7,24.0,41.0,21.0,,6,4,5.0,6,,6,21.0,7,,7.0,,6,28.0,36.0,37.0,10.0,,,5,5,,,,22.0,6,6,,5,18.0,7,35.0,7.0,,,,42.0,7,0.0,36.0,7,,,46.0,,,,6,6,19.0,28.0,,18.0,14.0,,,26.0,25.0,,,7,,17.0,,17.0,38.0,,4.0,6.0,13.0,15.0,32.0,25.0,7,8,,25.0,35.0,6,6,,5,6,,6,6,,4,25.0,4,18.0,6,7,,45.0,6,,3,42.0,,,6,,,,14.0,,22.0,29.0,6,30.0,37.0,35.0,27.0,6,,6,5.0,,14.0,7,37.0,,8.0,,5,13.0,,5,6,,,,,,46.0,36.0,,,38.0,,7,15.0,13.0,,,0.0,,,6,,19.0,6,,,7,14.0,,9.0,,7.0,5,8.0,,12.0,5,,,0.0,5,,,16.0,,,28.0,7,6,28.0,,6.0,30.0,7,6,,,6,6,7,13.0,7,6,,7,6,6,8,,8,7,7,3,7,38.0,,6,,,32.0,16.0,,41.0,,,29.0,,9.0,,6,5,32.0,16.0,6,7.0,17.0,7,33.0,7.0,,,,,5,16.0,,22.0,12.0,20.0,10.0,,6,,,14.0,,6,16.0,40.0,6.0,8.0,6,,,10.0,,,6,,,6,0.0,,,,,,6.0,,,42.0,8,,,,25,10
7,6,6,6,5,6,6,6,5,7,6,6,6,5,6,6,6,5,6,4,5,5,7,6,7,6,7,6,5,6,6,6,7,7,7,6,6,7,7,6,7,5,6,8,5,6,6,6,6,8,7,6,7,7,6,6,6,6,5,5,7,7,4,5,5,6,6,28.0,5,5,6,7,,7,5,7,7,6,6,6,4,5,4,5,5,7,5,5,6,6,6,6,6,6,7,6,5,7,7,6,6,7,7,7,7,5,5,4,6,24.0,24.0,39.0,7,6,5,5,6,6,6,7,7,4,7,6,6,7,7,6,5,5,7,6,5,6,7,6,7,5,6,6,6,6,5,5,7,5,6,6,8,7,7,6,5,5,6,6,8,7,6,6,4,6,6,5,6,5,4,6,6,5,6,6,6,4,6,7,7,6,7,5,4,7,7,4,5,8,6,5,5,5,3,4,7,7,6,7,6,6,6,6,7,6,15.0,5,7,7,6,7,6,5,5,6,5,7,6,6,6,6,6,7,6,5,6,4,7,6,5,7,7,6,2,6,6,5,3,6,6,6,6,7,7,7,6,6,6,6,8,8,7,5,7,7,3,6,5,6,5,7,6,6,7,6,7,6,7,7,7,8,6,5,7,6,6,7,7,7,39.0,7,6,,6,6,1,5,7,6,6,6,6,12.0,5,7,7,7,7,6,6,7,7,6,5,5,6,5,6,6,6,7,6,7,6,6,6,7,6,,6,7,5,7,7,7,7,7,7,6,6,6,7,5,43.0,7,8,5,8,8,6,6,6,6,3,8,6,6,8,7,6,7,21.0,8,8,6,7,6,9,6,5,6,7,7,6,6,5,6,24.0,5,0,5,6,12.0,7,5,6,6,7,5,7,6,8,7,7,7,35.0,20.0,8,8,26.0,7,7,7,7,8,8,6,7,6,8,7,10.0,7,6,6,24.0,7,5,5,7,7,6,5,7,6,6,7,32.0,,,6,6,6,5,6,6,6,5,7,6,6,7,7,6,6,10.0,7,3,8,,7,6,,6,3,7,6,6,6,7,7,5,,6,8,7,0,16.0,6,40.0,7,6,5,5,7,6,,6,6,6,6,7,7,5,7,,5,5,18.0,32.0,7,6,,3,6,6,6,6,7,6,8,8,6,6,7,6,5,5,6,7,7,6,7,6,8,7,8,6,7,5,15.0,5,5,7,7,,6,8,7,8,8,5,7,6,8,8.0,7,,7,6,6,9,7,10.0,0,7,5,17.0,8.0,7,6,9.0,7.0,,7,7,6,6,7,5,7,6,3,5,6,6,14.0,5.0,7,21.0,7,9,32.0,6,,7,7,6,8,8,27.0,6,6,8,7,7,7,43.0,8,6,7,,8,6,6,,28.0,9,6,7,7,6,7,14.0,7,7,,,,5,,7,8,4,7,,7.0,,,6,7,25.0,7,7,6,20.0,11.0,6,13.0,,6,41.0,,7,,16.0,8,14.0,,6,12.0,,21.0,14.0,15.0,,8,,,6,20.0,7,6,6,7,7,11.0,38.0,7,19.0,,7,12.0,6,7,8,,,6,6,6,8,6,6,4,,,6,6,,7,9.0,13.0,0,6,,7,18.0,39.0,6,6,24.0,,,6,11.0,20.0,27.0,6,8.0,24.0,7,8,7,,26.0,,23.0,8,7,7,,5,,18.0,7,,,16.0,,8,8,24.0,12.0,11.0,26.0,7,6,9.0,7,41.0,7,10.0,8,,,,7,26.0,0.0,0.0,20.0,21.0,10.0,5,5,7.0,,6.0,6.0,7,5,,6,,7,,,,,,,7,30.0,36.0,8,20.0,,15.0,,,,7,7,20.0,,,30.0,15.0,33.0,,14.0,5.0,,,8,,11.0,,19.0,13.0,,11.0,16.0,5.0,18.0,13.0,,7,8,6.0,11.0,25.0,6,7,43.0,6,7,,7,0,,0,43.0,5,34.0,8,8,,41.0,7,,6,6.0,,,7,25.0,,37.0,35.0,,,15.0,7,11.0,19.0,,20.0,7,,7,18.0,19.0,,0,26.0,,8.0,39.0,3,15.0,,5,7,,,,,,,26.0,11.0,19.0,29.0,,8,10.0,36.0,,,17.0,22.0,,6,,5.0,8,,33.0,5,29.0,,19.0,,18.0,6,,,32.0,5,,,,7,,,,,21.0,15.0,9,7,28.0,,11.0,42.0,8,7,,,7,7,8,16.0,8,7,21.0,8,7,7,9,,9,8,8,5,8,,21.0,7,14.0,,16.0,15.0,,21.0,,,,,28.0,,7,6,7.0,15.0,8,,9.0,7,8.0,34.0,,,,39.0,6,9.0,,,16.0,19.0,21.0,36.0,4,,,17.0,,7,38.0,11.0,,12.0,7,,31.0,0.0,,,7,25.0,11.0,7,9.0,,,,,,,,,12.0,8,,,,26,10
7,7,4,6,6,5,7,7,8,9,0,7,7,6,7,7,7,6,7,6,6,6,8,0,7,7,6,7,6,6,6,7,7,3,7,6,7,7,7,7,6,6,6,10,5,7,6,7,7,9,8,7,8,7,7,7,7,7,6,7,7,7,5,6,6,3,7,10.0,7,7,7,8,,8,6,8,8,7,7,7,6,5,6,6,6,7,5,6,7,6,7,7,7,7,7,7,4,8,8,7,7,8,8,8,8,6,6,5,7,27.0,,7.0,8,6,6,6,7,7,7,8,8,5,8,7,7,7,7,7,6,6,7,6,6,6,7,7,7,6,7,7,7,7,6,7,8,6,7,7,8,8,8,6,6,4,5,7,8,8,7,7,5,7,7,6,7,5,5,7,7,5,6,7,6,6,7,8,8,6,8,7,6,8,8,6,6,8,7,7,7,7,7,7,7,7,7,7,7,7,7,7,8,7,30.0,7,7,8,7,7,7,6,6,4,6,8,7,6,7,8,6,8,7,7,6,0,8,7,4,7,7,0,7,7,7,7,5,7,6,7,7,8,8,8,7,7,7,7,9,9,8,6,8,7,6,7,6,6,2,8,7,7,8,7,8,7,8,8,8,9,7,6,8,5,7,8,8,7,,8,7,10.0,6,6,6,6,6,6,7,7,7,,6,7,7,8,8,7,7,8,8,8,6,7,7,6,7,7,6,7,7,7,7,7,7,8,6,30.0,7,8,7,8,8,8,8,7,8,7,7,7,8,6,9.0,7,9,6,9,9,7,7,6,7,6,8,7,8,9,8,7,8,14.0,9,8,7,8,7,9,7,7,7,8,9,7,7,6,7,14.0,6,3,6,7,6.0,7,5,7,7,9,6,6,7,8,8,8,8,38.0,40.0,9,8,14.0,8,8,8,8,9,8,7,8,6,9,8,32.0,8,7,7,38.0,8,6,6,9,8,5,2,6,6,6,8,11.0,33.0,13.0,6,7,6,6,7,7,7,6,7,7,6,8,8,6,7,11.0,7,3,9,18.0,7,7,7.0,7,6,7,7,8,7,8,8,7,,6,9,8,7,,7,,8,7,5,7,8,7,,7,8,8,6,7,8,8,8,,6,6,,,8,7,11.0,7,7,7,7,8,7,7,10,9,7,7,8,7,6,6,6,8,8,7,8,9,9,9,10,7,8,4,,7,6,8,8,29.0,7,9,7,9,8,6,8,7,9,31.0,8,,8,7,8,9,8,17.0,7,8,6,9.0,28.0,8,7,16.0,9.0,8.0,7,8,7,7,7,6,8,7,7,7,7,7,28.0,29.0,8,7.0,6,10,,7,,8,8,7,10,9,20.0,7,8,9,7,7,8,0.0,9,6,8,,8,7,8,,41.0,10,7,0,7,7,7,15.0,8,6,36.0,,36.0,8,,8,9,7,7,,6.0,21.0,,7,9,7.0,8,7,7,9.0,8.0,7,39.0,33.0,9,,14.0,8,,16.0,9,13.0,,8,,11.0,,14.0,36.0,,8,,12.0,7,16.0,8,7,7,8,8,0.0,16.0,8,12.0,,8,10.0,7,7,9,,,7,7,8,7,7,7,7,,,7,8,,9,,,8,8,,8,20.0,7.0,7,9,18.0,,17.0,7,8.0,22.0,,7,8.0,40.0,7,9,8,,14.0,,7.0,11,8,8,,8,34.0,27.0,7,,,21.0,11.0,9,9,31.0,,8.0,9.0,8,7,34.0,8,30.0,8,9.0,8,15.0,30.0,,5,11.0,29.0,8.0,,32.0,10.0,7,5,9.0,,17.0,15.0,8,8,,7,12.0,8,17.0,38.0,,,,0.0,8,20.0,8.0,9,12.0,,,,,,8,8,25.0,,0.0,9.0,10.0,36.0,,,37.0,,,9,,,,0.0,28.0,,26.0,,14.0,17.0,10.0,,8,10,,12.0,,7,8,18.0,7,8,34.0,8,8,21.0,8,28.0,6,,8,9,,15.0,8,,7,,,,7,20.0,,,11.0,,,8.0,8,,13.0,31.0,38.0,7,,8,13.0,7.0,19.0,9,24.0,,13.0,41.0,6,7.0,,6,7,,,,,20.0,,,22.0,29.0,17.0,,8,,10.0,,,23.0,,,7,,,8,,,9,13.0,,33.0,,40.0,7,,,23.0,7,,,,7,,,9.0,,22.0,15.0,10,8,12.0,,,8.0,9,8,,,8,8,9,27.0,8,8,,8,8,7,9,,10,8,8,6,9,11.0,,8,7.0,,16.0,21.0,,27.0,,,19.0,,27.0,,8,7,21.0,20.0,8,,,8,22.0,22.0,,,,38.0,7,18.0,,39.0,10.0,25.0,12.0,22.0,7,19.0,,,,8,11.0,10.0,27.0,7.0,8,,41.0,18.0,,,8,,,7,11.0,,,,,,20.0,,,29.0,9,,,,27,10
4,4,3,3,3,3,3,4,4,5,3,4,3,3,3,3,3,2,3,3,3,0,5,3,4,4,4,4,2,4,1,3,4,4,4,3,3,4,4,4,4,3,3,6,2,4,1,4,4,6,5,3,5,4,4,4,4,4,3,4,4,4,1,0,3,4,4,16.0,3,3,4,5,18.0,4,3,5,5,4,4,4,3,2,2,3,3,4,2,2,4,3,3,4,4,3,4,4,3,5,4,4,4,4,4,4,4,1,2,3,4,10.0,11.0,29.0,5,3,2,2,3,4,4,5,5,2,5,4,4,4,4,4,2,2,4,3,3,3,4,4,4,3,0,4,4,4,3,3,4,3,4,3,5,5,4,4,3,3,3,0,5,4,4,4,2,3,3,3,3,3,3,4,3,2,3,4,3,3,3,5,4,3,5,4,3,2,4,2,3,5,3,2,3,3,3,4,5,4,4,4,2,4,4,3,4,3,21.0,3,4,4,4,4,3,3,3,2,3,5,3,3,4,4,3,4,3,3,3,3,5,4,3,4,4,4,3,4,4,3,4,4,3,4,4,5,5,5,4,4,4,3,6,6,4,2,4,4,3,3,3,3,2,4,3,4,5,3,5,3,3,5,5,6,4,3,4,3,4,4,5,4,13.0,4,3,17.0,1,3,3,2,4,3,3,4,4,21.0,3,4,4,5,2,3,3,5,5,0,3,3,4,2,4,4,3,4,3,4,4,4,4,5,3,,4,4,3,5,4,4,5,4,5,4,3,4,4,3,6.0,4,6,3,5,5,4,3,3,4,3,5,4,4,6,4,4,4,31.0,5,4,3,5,3,6,3,3,3,5,5,4,4,3,1,,3,1,2,4,10.0,4,3,4,4,6,3,4,3,5,3,4,4,24.0,19.0,5,5,14.0,4,4,4,4,0,5,3,5,4,5,4,29.0,4,4,3,8.0,4,3,3,5,5,4,3,4,3,3,4,5.0,3.0,6.0,4,4,0,2,4,2,4,0,4,3,3,5,4,3,4,14.0,4,2,5,16.0,4,3,,4,3,4,4,4,3,5,5,4,,3,6,5,3,19.0,4,27.0,4,3,3,3,5,4,,1,5,4,4,4,4,4,4,20.0,3,3,23.0,24.0,5,4,11.0,3,4,4,4,4,4,3,6,6,3,3,5,4,3,3,3,4,5,4,5,6,6,6,6,4,6,3,33.0,4,3,4,5,3.0,4,5,4,6,6,3,4,1,5,9.0,5,,5,1,4,6,5,7.0,3,4,3,18.0,16.0,5,4,5.0,18.0,5.0,4,4,3,3,4,3,4,3,4,3,4,3,14.0,15.0,5,16.0,4,6,,4,,4,4,4,6,5,13.0,4,4,5,4,4,4,9.0,6,4,4,,5,4,5,,,6,4,5,4,4,4,,5,4,19.0,,19.0,4,33.0,5,5,4,5,,5.0,,,3,5,,5,4,4,28.0,5.0,3,13.0,,6,37.0,24.0,5,,9.0,6,,,5,,,,8.0,16.0,,2,,21.0,4,14.0,5,4,4,5,4,7.0,,4,7.0,,4,13.0,3,4,6,,,3,4,4,5,4,4,4,,16.0,4,5,,5,,6.0,5,4,,5,6.0,21.0,4,6,21.0,,,4,22.0,23.0,29.0,4,21.0,0.0,4,6,5,,,,4.0,7,5,5,17.0,4,14.0,25.0,4,,,,8.0,5,6,,13.0,7.0,17.0,5,4,15.0,5,6.0,4,6.0,5,,,,1,22.0,20.0,19.0,7.0,20.0,5.0,3,3,,,30.0,6.0,5,5,,4,9.0,5,17.0,,,,,14.0,5,,33.0,5,15.0,,27.0,,,,4,5,15.0,21.0,,10.0,28.0,,,11.0,4.0,,,6,,,,27.0,,,26.0,6.0,11.0,,8.0,6.0,5,6,14.0,7.0,,4,4,,3,4,29.0,4,5,6.0,5,,0,30.0,5,5,,11.0,4,,4,,,,4,23.0,,26.0,31.0,,,,5,31.0,,,11.0,4,,5,6.0,5.0,32.0,6,18.0,,23.0,,3,37.0,,3,4,,,,,20.0,21.0,37.0,13.0,30.0,,,5,15.0,14.0,,,28.0,9.0,,4,,,5,,17.0,5,13.0,,8.0,,25.0,4,,,4.0,4,,,,4,,,21.0,,12.0,16.0,6,3,,,14.0,23.0,6,4,,,5,4,6,7.0,4,5,15.0,3,5,5,6,,6,5,5,3,6,,,5,13.0,,,10.0,,6.0,,,,,22.0,,4,4,,7.0,5,35.0,12.0,3,27.0,7.0,,,,24.0,4,25.0,,12.0,28.0,5.0,14.0,32.0,4,16.0,,6.0,,5,25.0,5.0,16.0,10.0,5,,,,,15.0,5,,5.0,4,,,,,,,29.0,,,5.0,6,,,,28,10
5,4,5,3,5,5,5,6,6,7,5,5,5,5,5,6,5,5,5,5,4,4,6,5,6,6,6,6,5,6,5,5,6,6,6,5,5,6,6,6,5,5,5,6,5,5,5,5,6,7,7,5,6,5,5,5,6,5,4,6,5,4,4,5,5,5,6,,5,5,6,6,,6,3,6,6,5,6,6,5,3,4,5,2,6,4,4,6,5,6,6,4,5,6,5,5,6,6,6,5,4,6,1,5,4,2,3,6,,,7.0,6,4,4,5,5,6,6,0,6,4,6,3,5,6,6,5,4,5,6,5,4,5,6,6,6,5,6,6,6,5,4,5,6,5,6,5,7,6,5,6,5,5,5,3,6,5,5,5,3,5,5,5,6,5,4,5,4,4,5,6,5,5,5,7,6,6,5,5,5,0,5,1,5,7,6,5,5,5,5,5,5,6,5,6,6,6,6,5,6,4,,5,6,6,4,6,5,5,4,4,4,6,5,5,6,6,5,6,6,5,5,5,6,6,5,6,6,6,5,4,5,5,5,6,5,6,6,6,6,6,6,5,6,5,7,7,6,4,3,6,4,5,5,5,5,0,5,6,6,5,6,5,6,6,6,7,5,5,6,5,6,6,6,6,6.0,6,5,,4,5,4,4,5,5,6,6,5,19.0,5,6,5,6,6,0,4,7,7,6,5,5,6,2,6,6,5,6,5,6,5,6,6,4,4,,6,6,5,5,4,4,7,6,7,6,5,6,5,5,8.0,6,7,4,7,7,6,6,5,6,5,5,5,6,7,6,6,6,,6,6,4,6,5,8,5,5,5,6,7,6,6,5,5,29.0,5,5,5,5,12.0,6,4,5,3,5,5,5,3,5,5,2,5,5.0,,6,5,,6,5,5,5,3,6,2,5,5,6,4,30.0,6,5,6,31.0,6,5,4,7,6,6,6,6,2,5,6,10.0,26.0,10.0,5,5,5,5,6,5,6,5,6,5,5,7,6,5,6,5.0,6,4,7,11.0,6,4,19.0,5,4,6,6,6,6,7,7,5,,5,7,6,5,3.0,5,33.0,5,5,5,5,7,5,,5,7,6,5,6,6,6,7,16.0,4,4,21.0,,7,5,,0,6,6,5,6,6,5,8,7,5,5,6,5,5,3,5,6,7,5,6,7,7,7,7,6,7,5,35.0,4,5,7,6,9.0,5,7,6,7,5,3,6,5,7,14.0,6,,6,5,6,7,6,5.0,5,6,5,,12.0,6,5,21.0,15.0,19.0,6,5,5,5,6,5,6,5,5,5,6,5,16.0,13.0,7,16.0,6,8,14.0,5,,6,6,6,8,7,8.0,6,6,7,6,6,6,,7,6,4,,7,6,6,,35.0,8,6,6,6,5,6,17.0,7,5,18.0,,10.0,6,,7,7,5,6,,6.0,15.0,,6,7,18.0,6,6,5,18.0,17.0,5,14.0,21.0,0,17.0,27.0,6,,,7,9.0,,7,7.0,,24.0,,,,7,,,1,,7,6,5,7,6,,0.0,6,13.0,,5,10.0,6,6,7,,,6,6,6,7,5,6,6,,8.0,6,6,,7,27.0,25.0,6,6,,6,10.0,6.0,6,7,10.0,,10.0,6,,28.0,31.0,6,7.0,,6,7,7,,24.0,,29.0,9,6,6,,6,7.0,,6,11.0,,36.0,26.0,6,7,,11.0,23.0,27.0,6,5,15.0,6,,6,22.0,6,24.0,21.0,,6,20.0,,16.0,,,24.0,5,5,16.0,,7.0,21.0,6,6,,6,24.0,7,10.0,9.0,,,,,7,,14.0,7,20.0,,6.0,,,,6,7,16.0,6.0,,8.0,15.0,12.0,,17.0,29.0,,,7,,,,6.0,30.0,,12.0,6.0,,,33.0,13.0,6,8,10.0,9.0,5.0,6,6,6.0,5,6,,6,6,20.0,6,33.0,5,11.0,6,7,,26.0,6,,5,,,,6,14.0,,13.0,27.0,0.0,23.0,29.0,6,,19.0,,11.0,6,,6,22.0,,17.0,7,22.0,,7.0,25.0,5,21.0,,5,6,,,,,,16.0,14.0,7.0,17.0,,,7,,28.0,,,4.0,8.0,,6,,,7,,18.0,7,15.0,,,,25.0,6,,,6.0,0,,19.0,,6,,,15.0,,35.0,20.0,7,5,23.0,,25.0,28.0,7,6,,,6,6,0,27.0,7,6,27.0,7,6,7,8,,8,8,7,5,8,25.0,20.0,6,24.0,,,17.0,,10.0,,,,,3.0,,6,5,10.0,,7,27.0,19.0,6,11.0,24.0,,,,28.0,5,7.0,,21.0,,13.0,28.0,11.0,6,35.0,,22.0,,6,32.0,29.0,13.0,25.0,6,,16.0,32.0,,,7,,11.0,6,14.0,,,,,,,,,18.0,7,,,,29,10
7,7,6,6,6,6,6,7,8,8,6,7,6,4,7,6,6,6,6,6,6,6,8,6,7,7,8,7,6,7,6,6,7,7,8,7,7,7,7,7,7,6,6,9,3,7,6,7,7,8,8,6,7,7,6,4,0,6,3,7,7,7,5,2,6,7,7,22.0,7,7,7,6,,8,7,8,8,7,7,2,6,6,5,6,6,7,5,6,7,6,7,7,6,6,7,7,5,8,8,7,7,8,7,7,8,6,6,5,7,27.0,17.0,,8,7,6,6,7,7,7,9,8,5,8,7,7,7,6,7,2,6,7,6,6,6,7,7,7,6,7,7,7,7,6,7,8,5,7,7,8,8,8,7,6,6,6,7,8,7,6,6,5,7,7,6,6,6,5,7,7,6,6,7,6,6,6,7,8,7,8,7,6,7,8,5,6,8,7,6,7,7,7,7,0,7,6,7,7,7,7,7,8,6,,7,7,7,7,7,7,5,6,5,6,8,7,6,7,7,7,8,8,7,6,6,8,7,0,8,7,7,6,8,7,6,4,7,6,7,7,8,7,7,6,5,7,7,9,9,8,6,8,7,6,7,6,6,5,8,7,8,7,7,8,6,8,8,8,9,7,6,8,4,7,5,0,8,,8,7,31.0,6,6,6,5,7,6,4,7,7,15.0,6,7,7,8,8,7,7,8,8,8,6,6,7,6,6,6,7,5,7,7,7,7,7,8,4,13.0,7,8,6,8,6,8,7,7,6,7,7,7,8,6,29.0,8,8,5,8,8,5,7,6,7,6,8,7,8,9,8,7,8,11.0,8,8,7,8,7,9,6,6,7,8,6,7,7,6,7,,2,6,6,7,17.0,7,6,7,7,8,6,7,7,8,7,8,8,36.0,41.0,8,8,35.0,8,8,8,8,8,8,6,8,7,8,8,41.0,6,7,7,13.0,8,6,6,8,8,6,7,7,5,6,7,,40.0,30.0,6,6,6,6,6,7,7,6,8,7,6,7,3,6,7,11.0,7,6,9,,7,7,,7,7,8,7,7,7,8,8,7,,6,9,8,7,7.0,7,,7,7,7,7,8,7,,7,8,7,7,8,8,8,7,,6,4,15.0,19.0,8,7,14.0,7,6,7,7,8,7,6,9,9,7,6,8,7,6,6,6,8,8,7,8,9,9,8,9,7,9,6,6.0,7,7,8,8,13.0,7,0,7,7,6,6,8,6,9,20.0,8,,8,7,8,9,7,10.0,6,7,6,16.0,9.0,8,7,9.0,9.0,12.0,7,8,7,7,7,6,8,7,7,7,8,6,19.0,8.0,8,34.0,7,0,13.0,7,,8,8,3,9,9,,7,7,9,7,7,8,13.0,9,7,8,,8,7,8,,17.0,9,5,7,8,7,6,7.0,8,7,13.0,,40.0,8,23.0,7,7,6,8,,8.0,,,5,8,25.0,8,7,7,41.0,,7,21.0,12.0,9,17.0,,8,,19.0,9,15.0,,8,9.0,24.0,33.0,36.0,,,8,,7.0,7,,8,7,7,8,8,20.0,17.0,8,20.0,,7,,7,7,9,,,7,7,8,9,7,7,7,,13.0,7,8,,8,,,8,8,,8,,18.0,7,6,22.0,,8.0,7,,,14.0,7,15.0,19.0,7,8,8,,8.0,,23.0,10,8,8,19.0,8,7.0,41.0,7,16.0,,33.0,22.0,9,8,,19.0,11.0,8.0,8,7,25.0,8,27.0,8,10.0,8,8.0,,,7,,,10.0,16.0,23.0,25.0,7,7,19.0,,9.0,,8,6,,7,20.0,8,28.0,15.0,,,,,8,,15.0,9,11.0,,,,,,8,8,10.0,17.0,,8.0,23.0,26.0,,17.0,13.0,,,9,,8.0,,40.0,9.0,,13.0,24.0,,21.0,,19.0,7,9,12.0,19.0,19.0,6,8,12.0,7,8,29.0,5,8,8.0,8,8.0,0,11.0,8,9,,,7,,7,26.0,,,7,13.0,,7.0,17.0,,21.0,,7,21.0,12.0,,0.0,7,,8,,13.0,31.0,9,25.0,,13.0,11.0,6,6.0,,6,7,,,,,14.0,29.0,24.0,,15.0,17.0,,8,10.0,17.0,,,,40.0,,7,,10.0,8,,27.0,8,,,32.0,,31.0,7,13.0,,,7,,8.0,,7,,,12.0,,8.0,7.0,9,8,18.0,,32.0,24.0,9,8,,,8,8,9,41.0,8,8,22.0,8,8,7,0,,0,8,8,6,8,,9.0,8,8.0,,40.0,,,38.0,,,11.0,,,,7,7,8.0,9.0,8,24.0,,8,9.0,,,,,,6,25.0,,11.0,11.0,27.0,9.0,4.0,7,,,4.0,,8,38.0,8.0,8.0,21.0,8,,,8.0,,14.0,8,24.0,,7,18.0,,,,,,11.0,,,,8,,,,30,10
5,5,2,5,4,4,5,5,6,5,5,5,4,4,5,3,2,4,4,5,4,4,6,4,5,5,6,5,4,5,3,5,5,6,6,5,5,6,5,5,5,4,5,8,4,4,4,5,5,6,6,3,6,5,5,5,5,5,4,5,5,5,3,4,4,5,5,,4,1,5,6,24.0,6,2,6,6,5,5,5,0,4,3,4,4,5,4,4,5,5,5,5,5,4,6,5,4,6,5,5,5,6,6,5,5,4,4,3,5,,21.0,16.0,6,5,4,4,5,0,5,7,6,3,6,5,5,5,5,1,4,4,0,5,4,4,5,5,5,4,5,5,5,5,4,2,6,3,5,4,6,6,6,5,4,4,5,5,6,5,4,4,0,5,4,5,1,4,3,5,5,4,4,5,1,4,2,6,6,5,6,5,4,5,6,4,3,6,5,4,3,4,5,5,6,6,5,5,5,5,5,5,6,5,18.0,5,5,6,5,5,5,4,4,4,4,6,5,5,5,5,5,5,6,4,4,5,6,5,5,5,5,5,5,5,5,4,5,5,5,3,5,6,5,6,5,5,5,5,7,7,6,4,5,3,4,4,5,4,4,6,5,5,6,5,6,4,6,6,6,7,5,4,5,5,5,5,2,6,,6,4,35.0,4,4,4,4,5,4,5,5,5,,4,5,4,6,6,5,5,6,5,5,5,5,5,4,5,3,5,6,5,5,3,5,3,6,4,22.0,1,4,5,6,6,5,5,5,6,5,5,4,6,4,46.0,6,6,2,6,6,5,5,5,5,4,6,5,5,7,6,5,5,11.0,6,6,5,6,5,7,4,4,4,6,5,5,5,4,5,,5,4,4,5,13.0,6,4,5,5,7,5,5,4,6,3,6,6,23.0,16.0,6,6,36.0,6,2,5,5,6,6,4,6,4,6,6,14.0,5,5,3,20.0,5,2,4,6,6,5,4,6,5,5,5,13.0,,8.0,3,4,4,4,5,5,5,3,4,4,5,5,0,5,5,21.0,5,4,7,6.0,4,5,5.0,5,5,6,5,6,5,5,5,4,,5,7,6,5,6.0,5,6.0,5,5,4,5,6,5,,5,5,4,5,0,6,6,6,8.0,4,4,27.0,13.0,6,5,13.0,4,5,3,5,5,5,5,7,7,5,5,6,5,4,4,4,6,6,5,6,7,7,7,7,6,7,5,21.0,5,5,6,6,7.0,5,7,5,7,5,4,5,5,6,18.0,6,,6,5,6,7,6,,5,5,4,,7.0,6,5,,,21.0,5,4,5,5,5,4,6,3,1,5,5,5,30.0,4.0,6,8.0,5,8,,5,,5,6,5,8,7,9.0,5,6,7,5,5,6,9.0,6,5,6,,6,5,5,,27.0,8,5,6,6,5,5,19.0,6,5,8.0,,10.0,6,46.0,6,7,5,6,,42.0,41.0,,5,6,29.0,6,5,5,3.0,,5,24.0,,7,37.0,9.0,6,,41.0,7,24.0,,5,26.0,22.0,15.0,,32.0,,5,,,5,18.0,6,5,5,5,6,10.0,27.0,6,19.0,,6,,5,5,7,,,5,5,5,6,5,6,5,,6.0,5,6,,7,9.0,,6,5,,6,20.0,20.0,5,7,24.0,,,5,,17.0,6.0,5,14.0,,6,7,6,,26.0,,25.0,7,6,6,0.0,3,38.0,41.0,4,7.0,,42.0,44.0,7,7,16.0,,18.0,0.0,5,2,30.0,6,18.0,6,11.0,6,39.0,,,5,9.0,23.0,17.0,14.0,18.0,19.0,4,5,13.0,,,35.0,6,6,,6,14.0,6,0.0,33.0,,,,10.0,6,,36.0,5,,,5.0,,,,6,0,3.0,8.0,,8.0,15.0,6.0,,27.0,,,,7,,,,28.0,9.0,,12.0,,4.0,15.0,5.0,46.0,6,7,,15.0,,4,6,5.0,5,6,33.0,6,6,16.0,6,25.0,4,11.0,6,7,,,6,,5,6.0,,,6,17.0,,9.0,,,27.0,32.0,6,,,12.0,23.0,5,,5,15.0,19.0,40.0,5,,,20.0,15.0,5,17.0,,3,6,,,,,8.0,9.0,44.0,24.0,14.0,10.0,,6,39.0,31.0,,,,,,5,,,6,,,4,27.0,,26.0,,20.0,5,10.0,,31.0,5,,6.0,,5,,,18.0,,,25.0,7,6,,,13.0,12.0,7,6,,,6,6,7,45.0,6,6,37.0,6,4,4,7,,7,6,6,5,5,26.0,23.0,6,,,42.0,23.0,,,,,,,,,6,5,11.0,,6,5.0,14.0,6,12.0,43.0,,,,,3,25.0,,12.0,15.0,6.0,,,3,14.0,,,,6,18.0,8.0,9.0,15.0,6,,30.0,,,18.0,6,28.0,34.0,6,11.0,,,,,,8.0,,,9.0,7,,,,31,10
13,12,12,12,12,12,12,13,13,14,12,12,12,8,12,12,12,12,12,11,12,11,13,12,13,12,13,12,11,12,12,12,13,13,11,12,12,13,12,10,12,12,11,15,12,12,12,12,12,14,14,12,13,12,12,13,13,12,12,13,13,13,11,11,11,12,12,39.0,11,11,13,14,37.0,13,12,13,13,12,12,12,12,11,11,11,9,13,11,10,12,12,12,12,0,12,13,13,12,13,13,12,12,13,13,13,13,7,11,11,6,0.0,39.0,,13,12,11,12,12,13,11,14,13,9,13,13,12,12,13,12,11,11,13,12,12,12,13,11,13,11,13,12,13,12,11,12,11,11,12,12,12,13,13,12,11,12,12,12,13,13,12,12,9,12,12,12,12,11,11,11,11,11,11,12,12,12,12,14,13,12,13,11,12,13,13,10,11,14,12,11,12,12,0,12,13,13,13,13,13,13,12,10,13,12,14.0,12,13,13,13,13,12,11,11,11,11,13,12,12,13,13,12,13,13,11,12,12,11,13,10,13,13,12,12,13,12,12,12,13,10,11,12,13,13,13,12,12,12,11,14,14,13,11,13,13,11,12,12,12,11,13,12,13,13,11,13,12,13,13,14,14,12,10,13,12,13,13,13,13,25.0,12,12,,12,12,11,10,13,12,9,12,12,40.0,12,13,12,13,13,12,12,14,13,13,7,12,12,11,12,12,10,13,12,13,12,13,13,13,12,21.0,13,13,12,14,13,13,13,13,14,12,11,12,13,8,,13,14,11,14,14,12,12,12,12,12,14,12,13,14,13,13,13,,13,14,12,13,12,13,12,11,12,13,13,13,10,12,12,23.0,10,11,12,12,,13,11,12,12,14,12,13,12,14,13,13,12,32.0,18.0,14,14,42.0,13,13,13,13,14,14,12,13,12,14,10,19.0,13,12,12,17.0,13,12,11,14,14,12,12,13,12,12,13,45.0,0.0,21.0,12,12,11,12,12,12,12,11,13,12,12,13,11,12,13,20.0,13,11,0,13.0,13,11,13.0,12,12,13,12,13,12,13,13,13,,12,14,13,12,,12,22.0,13,12,12,12,13,12,,12,14,13,12,13,13,13,13,,11,11,0.0,49.0,13,12,14.0,8,13,13,12,11,13,12,15,15,11,12,13,12,11,11,12,11,13,13,14,13,14,14,15,13,15,12,39.0,12,7,14,13,19.0,12,14,12,14,14,12,13,12,14,22.0,13,,13,12,13,12,13,26.0,12,13,11,,33.0,13,13,,33.0,46.0,13,13,12,12,13,12,13,12,10,12,12,12,,32.0,14,23.0,12,15,11.0,10,,13,13,9,15,14,,12,13,14,13,12,13,13.0,14,12,13,,14,13,12,,,15,13,13,13,12,12,29.0,12,13,13.0,,46.0,13,17.0,13,14,12,13,,20.0,,,12,14,15.0,13,12,12,26.0,25.0,12,18.0,23.0,14,22.0,25.0,13,,15.0,14,,,13,39.0,15.0,,29.0,35.0,,14,,29.0,13,14.0,13,13,12,13,13,33.0,,13,19.0,,13,30.0,12,13,14,,,11,12,13,14,12,13,11,,20.0,12,14,,14,34.0,,13,13,,12,32.0,21.0,13,14,32.0,,43.0,13,14.0,25.0,16.0,13,17.0,23.0,13,14,14,,18.0,,30.0,16,13,13,32.0,13,,26.0,13,39.0,,33.0,,14,14,34.0,34.0,44.0,19.0,13,13,22.0,13,18.0,13,25.0,14,13.0,,,13,,17.0,,25.0,,41.0,12,12,19.0,,15.0,,13,13,,13,17.0,14,,26.0,,0.0,,19.0,14,,,14,18.0,,,,0.0,,13,14,,,,27.0,23.0,21.0,,23.0,26.0,,,14,,14.0,,,,,12.0,35.0,32.0,16.0,21.0,24.0,13,15,23.0,34.0,16.0,13,11,,12,13,24.0,13,13,,13,31.0,11,,13,14,,,13,,0,36.0,,,13,36.0,,15.0,,,36.0,22.0,13,0.0,,,19.0,13,,13,20.0,,31.0,15,,,17.0,18.0,12,24.0,,12,13,,,,,36.0,32.0,36.0,35.0,,13.0,,14,,15.0,,,32.0,,,13,,19.0,14,,18.0,14,14.0,,35.0,,33.0,13,15.0,,,12,,31.0,,13,,,,,13.0,38.0,14,13,37.0,,20.0,,14,13,,,13,13,14,21.0,14,13,,14,13,13,14,,15,13,14,12,14,43.0,27.0,13,26.0,,28.0,18.0,,14.0,,,15.0,,22.0,,13,12,31.0,26.0,13,,42.0,14,24.0,32.0,,,,,12,35.0,,,36.0,48.0,18.0,27.0,13,40.0,,,,13,24.0,16.0,,15.0,13,,16.0,,,14.0,13,,18.0,13,37.0,,,,,,28.0,,,31.0,14,,,,32,10
4,4,2,3,3,3,4,2,4,5,4,4,4,1,3,3,3,3,4,1,3,3,5,1,4,2,4,3,3,3,2,4,4,2,4,3,3,4,4,4,4,3,3,6,3,2,3,4,3,6,5,3,5,3,4,4,4,4,3,4,4,4,1,2,3,2,4,,3,4,4,5,5.0,5,4,5,5,4,4,4,3,3,2,2,3,4,3,3,4,3,4,4,4,3,4,4,3,5,5,4,4,4,5,4,4,3,3,2,4,6.0,0.0,9.0,4,3,3,3,3,4,4,5,5,0,5,4,4,4,4,4,1,2,4,3,3,3,5,4,4,2,4,4,4,4,2,3,4,3,4,3,5,4,4,4,2,3,3,3,5,4,2,4,2,4,3,3,3,3,3,3,3,1,3,4,2,2,3,5,3,4,4,3,3,4,5,2,3,5,4,3,4,4,4,4,4,4,4,4,4,4,4,3,4,3,,3,4,4,4,4,2,3,3,3,2,4,3,4,4,4,3,2,4,3,4,4,5,4,3,5,4,4,4,3,1,3,4,4,3,3,4,4,4,4,2,4,4,4,5,4,5,2,4,4,3,4,3,3,3,4,4,5,5,4,4,3,4,4,5,5,4,1,3,4,4,4,4,3,24.0,4,3,,2,3,3,3,4,3,4,0,4,4.0,3,4,3,5,4,3,3,5,5,4,3,3,4,3,4,4,4,5,4,4,4,4,4,5,4,,4,5,4,5,4,4,2,4,5,4,4,4,5,3,14.0,4,5,2,5,4,4,4,4,4,3,5,3,4,5,4,4,5,,5,5,4,4,4,6,3,3,3,4,5,3,4,3,3,0.0,3,3,3,2,12.0,4,3,4,4,5,3,4,3,5,4,4,5,23.0,5.0,5,5,9.0,4,3,4,4,5,4,1,4,4,5,4,,4,4,3,,4,2,3,5,4,4,3,5,4,4,3,,25.0,28.0,4,4,3,3,3,3,4,3,4,3,3,4,4,3,4,4.0,4,0,5,5.0,4,3,18.0,3,3,4,4,4,4,4,4,4,,0,6,4,4,25.0,4,,4,3,4,4,5,4,,3,5,3,4,4,5,4,4,12.0,3,3,6.0,25.0,5,4,6.0,4,4,4,3,2,4,3,6,4,2,3,5,4,1,3,3,5,5,3,4,5,5,5,6,4,6,3,,4,3,5,5,13.0,4,6,3,6,6,3,5,4,6,,5,,4,0,5,5,4,10.0,3,4,3,,9.0,5,4,16.0,,,4,4,3,3,4,3,5,4,4,4,4,4,28.0,10.0,5,,4,6,19.0,4,,4,4,4,6,5,,4,4,3,4,4,5,26.0,5,4,4,,5,4,5,,8.0,6,4,5,4,4,4,15.0,5,4,7.0,,13.0,5,13.0,4,5,4,5,,5.0,35.0,,4,5,17.0,5,4,3,23.0,22.0,3,,7.0,6,33.0,34.0,4,,,6,10.0,,5,33.0,,14.0,9.0,13.0,,5,,9.0,4,16.0,5,4,4,5,4,,5.0,4,7.0,,4,14.0,4,2,6,,,4,4,5,5,4,4,4,,,4,5,,5,12.0,26.0,5,5,,5,6.0,,4,4,,,8.0,4,,16.0,24.0,4,9.0,5.0,5,5,5,,10.0,,,6,5,5,19.0,5,19.0,0.0,4,21.0,,,18.0,6,5,10.0,35.0,18.0,17.0,5,4,32.0,5,31.0,4,17.0,5,18.0,16.0,,4,,18.0,21.0,4.0,,4.0,4,4,28.0,,18.0,13.0,5,5,,5,,5,6.0,35.0,,,,11.0,4,6.0,,5,10.0,,11.0,,,,4,5,26.0,31.0,,28.0,12.0,3.0,,9.0,19.0,,,4,,23.0,,0.0,28.0,,,8.0,4.0,26.0,29.0,13.0,5,6,16.0,16.0,29.0,4,5,,3,4,,4,5,11.0,5,29.0,2,,4,5,,18.0,5,,3,26.0,,,4,22.0,,18.0,20.0,,37.0,8.0,4,11.0,22.0,,26.0,4,,5,14.0,23.0,12.0,6,,,,0.0,3,4.0,,3,5,,,,,,,20.0,,,22.0,,5,8.0,18.0,,,37.0,13.0,,4,,11.0,5,,21.0,5,,,20.0,,23.0,4,25.0,,5.0,3,,19.0,,4,,,25.0,,29.0,7.0,6,5,28.0,,30.0,,5,4,,,3,4,6,8.0,5,5,31.0,5,5,5,6,,6,6,5,3,5,8.0,33.0,4,5.0,,18.0,25.0,,37.0,,,,,,,5,4,5.0,,5,14.0,,5,6.0,,,,,,4,21.0,,19.0,14.0,20.0,,19.0,4,17.0,,7.0,,5,24.0,12.0,,30.0,5,,4.0,17.0,,31.0,5,12.0,9.0,3,16.0,,,,,,7.0,,,,6,,,,33,10
8,8,8,9,8,7,7,9,7,9,7,8,8,8,7,9,8,8,8,8,9,8,10,8,9,9,9,9,8,9,8,9,9,9,10,8,9,10,9,9,9,8,8,11,8,9,9,9,9,11,10,4,8,8,9,9,9,9,8,9,6,5,8,8,5,7,9,38.0,9,9,9,9,16.0,9,8,10,9,9,9,8,8,8,7,8,8,9,7,6,9,9,9,9,9,8,8,4,8,10,10,9,9,9,10,5,3,8,8,8,9,39.0,18.0,0.0,10,8,8,8,7,9,9,10,9,8,8,9,9,10,9,9,7,7,8,7,8,7,9,9,9,9,9,9,9,8,8,8,10,8,9,9,9,8,7,9,8,8,8,8,8,6,9,9,5,8,8,8,9,8,7,8,8,8,8,9,8,8,9,10,9,8,7,7,8,6,7,8,8,10,9,8,9,9,9,8,10,9,9,9,9,8,8,8,8,8,24.0,8,8,8,8,9,8,9,8,8,8,8,8,8,10,10,9,9,9,8,9,8,8,9,8,9,9,9,9,8,2,9,8,9,9,9,9,10,10,10,9,9,9,9,10,10,9,8,7,9,8,8,9,8,7,9,9,9,10,9,9,9,4,0,8,5,9,8,9,9,9,10,10,4,9.0,9,8,10.0,7,9,8,6,5,8,9,10,9,12.0,8,9,8,9,9,7,7,10,10,10,9,8,9,8,9,9,8,9,8,9,9,9,9,10,9,16.0,9,9,9,10,0,1,10,9,8,9,9,9,10,8,28.0,9,9,8,11,10,9,9,9,9,8,10,7,9,9,9,8,9,22.0,9,8,7,9,9,11,9,9,9,9,9,9,9,6,9,17.0,8,8,8,3,14.0,10,8,9,9,10,5,6,6,7,6,7,8,8.0,,8,8,,7,4,7,7,8,0,7,7,7,7,7,34.0,8,9,8,28.0,9,9,7,9,9,9,9,10,8,7,9,27.0,32.0,,9,9,8,8,9,9,9,8,9,8,9,10,10,8,9,25.0,10,7,11,20.0,9,8,38.0,6,6,10,9,9,8,10,10,10,,8,10,9,9,29.0,9,35.0,7,8,8,8,10,9,,8,10,7,9,9,10,9,10,18.0,8,9,36.0,11.0,10,9,14.0,9,9,9,8,9,9,8,8,10,8,8,9,8,8,8,8,9,10,7,8,10,10,10,10,9,10,8,,9,9,9,9,34.0,9,11,8,11,11,8,10,9,10,34.0,9,,9,8,10,10,9,,9,9,7,24.0,14.0,10,8,,24.0,,9,9,9,9,9,8,10,7,9,9,9,9,12.0,13.0,9,11.0,5,10,12.0,9,,8,9,9,0,10,,9,9,10,9,8,9,37.0,9,9,9,,11,9,9,,25.0,10,9,10,9,9,9,,10,0,14.0,,,9,24.0,10,10,9,9,,19.0,31.0,,9,8,17.0,10,9,9,10.0,39.0,9,,29.0,10,35.0,12.0,9,,13.0,11,14.0,,10,27.0,12.0,,17.0,,,10,,34.0,10,17.0,10,9,9,10,9,21.0,18.0,9,12.0,,10,,9,9,10,,,9,10,10,10,9,9,9,,,9,10,,10,28.0,22.0,10,10,,9,14.0,8.0,9,11,34.0,,28.0,9,39.0,,24.0,9,36.0,25.0,9,10,8,,29.0,,28.0,9,9,10,24.0,10,,,9,,,16.0,31.0,9,9,35.0,18.0,0.0,10.0,10,9,13.0,10,14.0,9,11.0,9,,11.0,,9,31.0,,19.0,18.0,,13.0,9,9,8.0,,15.0,33.0,8,9,,9,,10,23.0,16.0,,,,24.0,10,31.0,12.0,10,15.0,,19.0,,,,9,9,30.0,18.0,,23.0,,14.0,,14.0,28.0,,,9,,13.0,,,22.0,,30.0,39.0,,,,,10,9,31.0,26.0,,9,10,19.0,9,9,,10,10,29.0,0,18.0,7,,9,9,,17.0,10,,9,37.0,,,9,15.0,,35.0,11.0,,25.0,11.0,9,,33.0,,15.0,9,,10,24.0,16.0,,10,17.0,,,36.0,8,8.0,,8,10,,,,,28.0,,24.0,39.0,27.0,26.0,,10,17.0,27.0,,,18.0,16.0,,9,,22.0,10,,20.0,11,34.0,,36.0,,21.0,9,,,,9,,,,9,,,20.0,,16.0,11.0,10,9,36.0,,35.0,,10,9,,,9,9,11,36.0,10,9,,10,10,10,11,,12,11,10,8,11,30.0,17.0,0,26.0,,39.0,16.0,,32.0,,,,,13.0,,10,9,,26.0,9,,6.0,9,24.0,13.0,,,,27.0,8,,,27.0,,28.0,30.0,12.0,8,15.0,,25.0,,10,,13.0,0.0,32.0,10,,10.0,12.0,,21.0,10,27.0,,10,,,,,,,11.0,,,23.0,11,,,,34,10
7,7,6,6,6,6,7,7,7,8,3,6,6,5,6,6,6,6,6,6,6,5,7,6,6,6,7,6,3,6,6,6,6,7,7,5,6,7,7,6,4,6,6,8,6,5,6,6,6,8,8,6,8,7,7,7,7,7,6,7,7,3,5,6,6,6,7,25.0,6,6,7,8,15.0,7,6,7,7,6,0,5,6,6,3,6,6,7,5,6,7,6,7,7,7,6,7,7,3,8,7,7,6,7,7,7,7,5,5,5,7,23.0,17.0,13.0,7,6,5,5,5,7,7,8,8,5,8,6,7,7,7,6,5,4,7,6,6,6,7,6,7,6,7,7,7,6,5,6,7,6,7,6,8,7,7,5,6,6,6,6,8,7,6,7,2,6,6,6,6,5,5,7,6,5,6,6,5,5,6,8,7,7,7,6,6,7,7,6,6,8,7,4,7,6,6,6,8,7,7,7,7,3,7,7,7,6,29.0,7,7,0,7,7,7,6,6,6,6,7,4,6,7,7,6,7,7,6,4,6,8,7,6,7,7,7,6,7,7,6,6,7,6,7,7,8,7,7,6,7,7,6,8,8,7,5,7,6,6,6,6,6,5,8,6,7,7,5,7,4,7,7,7,8,7,6,7,6,7,7,7,7,18.0,8,6,21.0,6,6,5,5,7,4,7,7,7,17.0,6,7,7,7,7,6,6,8,8,7,5,6,6,5,7,7,6,7,6,7,6,7,7,8,6,0.0,7,7,6,8,7,7,8,7,7,5,6,6,7,6,18.0,7,8,5,8,8,7,6,6,6,4,8,6,7,8,7,7,7,24.0,8,8,6,7,6,9,6,5,6,7,8,7,6,6,6,12.0,6,6,5,7,15.0,7,6,6,7,8,6,7,6,7,4,7,7,,16.0,8,8,10.0,7,7,7,7,8,0,6,7,7,8,7,11.0,7,6,6,18.0,7,6,6,7,7,7,6,4,6,7,5,33.0,31.0,8.0,6,7,6,6,7,7,6,6,7,6,6,7,7,6,7,,7,5,8,,7,5,18.0,6,4,7,6,6,6,7,7,7,0.0,6,8,6,6,,6,34.0,7,6,6,6,8,7,,6,8,4,6,7,7,7,8,,6,6,,18.0,8,6,,6,6,4,6,7,7,6,9,9,6,6,7,6,6,4,6,7,7,6,7,0,8,8,8,7,6,6,32.0,7,6,8,7,13.0,6,8,7,9,9,6,7,7,8,15.0,8,,7,7,7,8,7,12.0,4,7,4,8.0,0.0,7,7,13.0,33.0,21.0,7,7,7,7,7,6,7,6,7,6,7,7,22.0,9.0,5,15.0,7,9,9.0,7,,7,8,7,9,8,12.0,7,7,8,7,7,7,14.0,7,6,6,,8,7,8,,33.0,9,7,8,7,6,7,15.0,7,6,26.0,,7.0,7,11.0,7,8,6,5,,,,,7,8,,5,7,6,18.0,,6,28.0,17.0,9,0.0,16.0,7,,30.0,8,9.0,,6,15.0,,30.0,8.0,19.0,,8,,19.0,7,11.0,8,7,7,7,7,,18.0,6,16.0,,7,,7,6,9,,,7,7,7,8,6,7,7,,22.0,7,8,,8,8.0,19.0,7,7,,7,,27.0,7,8,,,10.0,7,13.0,,18.0,7,,12.0,7,8,8,,,,32.0,10,7,8,,7,13.0,28.0,7,13.0,,19.0,8.0,8,6,,33.0,13.0,15.0,7,7,20.0,7,15.0,7,14.0,8,,24.0,,7,19.0,34.0,21.0,24.0,15.0,8.0,5,6,12.0,,13.0,8.0,7,7,,7,22.0,8,,9.0,,,,25.0,8,14.0,11.0,8,,,20.0,,,,7,7,,13.0,,26.0,32.0,17.0,,,18.0,,,8,,9.0,,19.0,22.0,,10.0,17.0,33.0,26.0,15.0,6.0,8,8,29.0,,7.0,5,8,,6,7,25.0,8,7,12.0,7,20.0,6,23.0,8,8,,16.0,8,,6,20.0,,,7,11.0,,,31.0,,,9.0,7,,,24.0,27.0,7,,7,,14.0,,8,8.0,,,32.0,6,6.0,,6,7,,,,,,,30.0,,19.0,21.0,,8,16.0,11.0,,,,,,7,,,8,,,8,18.0,,7.0,,,6,19.0,,21.0,6,,25.0,,7,,,27.0,,21.0,,9,8,27.0,,27.0,16.0,8,7,,,7,7,7,14.0,8,8,28.0,8,7,8,9,,9,9,8,6,8,16.0,,8,7.0,,10.0,7.0,,,,0.0,,,11.0,,7,7,11.0,0.0,8,18.0,12.0,8,12.0,7.0,,,,,4,25.0,,,21.0,21.0,25.0,14.0,7,19.0,,,,6,14.0,10.0,,23.0,6,,,,,10.0,8,10.0,,7,26.0,,,,,,7.0,,,15.0,9,,,,35,10
7,6,3,6,5,5,6,6,6,7,6,6,6,5,5,0,5,5,5,2,6,5,7,5,7,7,7,6,3,6,6,6,7,7,7,6,6,7,6,6,6,5,6,9,4,6,5,6,6,6,7,5,7,6,6,6,6,6,5,6,6,6,2,5,5,6,7,26.0,6,6,7,7,6.0,7,6,6,7,5,6,6,5,5,4,5,6,6,5,5,6,6,5,7,7,6,6,6,4,7,7,6,6,7,7,6,6,5,5,4,6,26.0,25.0,10.0,7,5,5,5,6,7,6,8,7,5,7,6,6,6,6,6,1,5,6,5,6,5,7,6,7,6,7,6,4,6,5,6,7,6,6,6,6,7,6,6,5,5,6,6,7,6,6,6,4,6,5,6,5,5,0,6,6,5,4,6,5,6,5,7,7,6,7,5,5,1,6,5,6,7,6,6,6,6,6,6,7,7,6,6,6,6,6,6,7,5,,6,6,5,6,5,6,3,5,5,5,7,6,6,6,7,6,6,7,4,6,6,7,6,5,7,6,5,5,6,6,6,6,7,6,6,7,7,7,7,6,6,7,6,8,8,7,4,6,6,6,6,6,5,5,7,6,7,6,6,7,6,7,7,7,8,6,6,7,6,6,6,7,7,,7,5,11.0,5,6,5,4,6,6,6,7,6,30.0,6,6,6,7,7,4,5,7,7,7,6,5,6,5,6,6,6,0,6,6,3,6,6,7,5,33.0,7,6,5,8,6,6,7,6,7,6,6,3,7,5,,7,8,5,7,7,6,6,6,6,5,7,6,6,8,6,6,7,30.0,7,7,2,7,4,8,5,6,6,7,8,6,6,5,6,25.0,5,5,5,6,19.0,7,5,6,6,8,6,6,5,6,6,7,7,30.0,19.0,7,7,12.0,6,6,6,6,7,7,1,7,3,7,7,22.0,7,6,6,7.0,7,5,5,8,7,6,6,7,6,6,7,10.0,30.0,12.0,6,7,6,5,6,6,6,4,7,6,6,7,7,6,6,,7,5,8,24.0,7,6,,6,6,7,6,7,6,6,7,6,,6,8,7,6,15.0,6,17.0,7,6,6,6,7,6,,6,7,7,6,6,7,7,7,23.0,6,5,19.0,16.0,8,6,,6,6,6,3,7,5,6,8,8,6,6,7,6,5,5,5,7,7,6,7,8,8,8,9,7,9,6,27.0,6,6,7,7,7.0,6,8,6,8,8,6,7,6,7,,7,,7,6,7,8,7,11.0,6,7,5,7.0,16.0,7,7,,19.0,33.0,6,7,6,6,7,5,6,6,6,6,7,6,19.0,15.0,7,8.0,6,9,9.0,6,,7,7,6,9,7,13.0,6,7,0,5,6,7,25.0,8,6,7,,7,6,6,,,7,6,7,7,6,7,21.0,7,6,7.0,,6.0,7,7.0,7,8,6,7,,6.0,30.0,,6,8,6.0,7,6,6,16.0,36.0,6,11.0,,8,15.0,35.0,7,,14.0,8,16.0,,7,10.0,14.0,,,8.0,,6,,17.0,7,21.0,7,6,6,7,7,24.0,,7,24.0,,7,,6,7,8,,,6,6,7,8,6,6,7,,,6,7,,8,11.0,18.0,7,7,,7,13.0,16.0,6,8,13.0,,32.0,6,,15.0,24.0,6,13.0,,7,8,7,,24.0,,,8,7,7,35.0,7,,0.0,7,8.0,,18.0,29.0,8,8,18.0,7.0,19.0,,7,6,,7,25.0,7,20.0,7,25.0,17.0,,7,6.0,6.0,16.0,28.0,17.0,19.0,6,5,,,21.0,6.0,7,7,,7,,8,7.0,34.0,,,,17.0,7,,9.0,8,5.0,,,,,,7,7,16.0,,,,19.0,19.0,,26.0,8.0,,,6,,24.0,,11.0,13.0,,23.0,23.0,,17.0,18.0,16.0,7,9,11.0,8.0,15.0,6,7,,5,7,18.0,7,7,9.0,7,,4,25.0,7,2,,21.0,7,,5,,,,7,33.0,,,16.0,,9.0,,6,20.0,21.0,26.0,,7,,7,24.0,29.0,13.0,8,18.0,,29.0,,5,7.0,,6,7,,0.0,,,15.0,14.0,32.0,30.0,7.0,27.0,,7,16.0,22.0,,,9.0,,,6,,7.0,8,,15.0,7,,,17.0,,,6,14.0,0.0,,6,,22.0,,7,,,,,8.0,,8,6,9.0,,34.0,14.0,8,7,,,2,6,8,,8,7,26.0,8,7,7,8,,8,8,8,5,7,,17.0,7,,,27.0,,,,,,,,3.0,,7,0,36.0,21.0,8,35.0,7.0,7,24.0,7.0,,,,36.0,6,26.0,0.0,17.0,,13.0,9.0,0.0,6,,,23.0,,7,,27.0,,14.0,7,,14.0,,,,8,8.0,10.0,7,,,,,,,34.0,,,31.0,8,,,,36,10
5,5,4,2,4,4,4,5,2,6,5,0,4,4,5,3,1,4,5,4,5,4,6,4,5,5,6,5,4,5,5,5,5,5,6,5,5,6,5,5,4,3,4,7,2,5,4,5,5,6,6,4,6,5,5,5,5,5,4,5,5,5,3,4,3,5,5,6.0,5,5,5,6,27.0,6,5,5,6,5,5,5,3,4,4,4,4,6,4,4,5,5,5,5,5,4,5,3,5,6,5,2,5,4,5,5,6,4,4,3,4,,,5.0,6,3,4,4,5,6,5,7,6,3,6,5,5,5,5,5,3,4,5,5,4,4,6,5,5,4,5,5,5,4,4,5,5,4,5,4,0,5,5,5,4,4,5,1,6,5,5,1,1,5,5,5,5,4,4,5,4,4,4,5,4,4,4,4,6,5,6,4,4,5,6,3,4,6,5,4,5,5,5,5,4,5,3,5,5,5,5,5,6,4,,5,5,5,5,5,5,0,4,4,4,5,5,4,5,5,5,6,6,5,5,5,4,5,5,6,5,5,5,5,5,4,5,5,4,5,5,6,5,6,5,3,5,5,6,6,6,3,5,5,4,5,3,5,4,6,5,6,6,5,5,5,5,5,5,6,5,4,5,5,4,5,6,5,,6,5,29.0,1,4,4,3,5,4,5,6,5,9.0,0,5,5,5,6,5,4,6,6,6,4,4,5,4,5,5,4,6,5,5,5,5,5,6,5,8.0,5,5,5,5,2,5,6,5,4,5,5,5,6,4,,6,6,4,6,6,5,5,5,4,4,6,4,4,6,5,5,6,0.0,1,6,5,6,5,7,4,3,4,5,6,5,5,4,5,6.0,4,4,4,5,10.0,6,4,5,5,6,4,5,4,6,5,5,6,,10.0,6,6,17.0,6,6,5,6,6,6,4,6,5,6,5,14.0,5,5,4,4.0,6,4,4,6,5,5,5,6,4,5,5,,29.0,9.0,4,5,4,4,5,5,5,4,5,5,5,6,5,3,3,24.0,5,1,6,,6,5,22.0,4,4,6,5,6,5,6,6,5,,4,6,5,5,,5,21.0,6,3,5,5,6,5,,5,4,3,5,5,6,6,6,25.0,4,4,,,6,5,31.0,5,5,5,5,5,6,4,7,7,5,4,5,5,4,4,4,5,6,5,5,6,6,6,7,5,7,4,26.0,5,5,5,6,,5,7,5,6,6,4,6,5,7,13.0,6,,4,5,6,7,5,33.0,5,5,3,9.0,12.0,6,6,32.0,15.0,28.0,5,5,5,5,6,4,5,5,5,4,5,5,10.0,11.0,6,5.0,5,7,,5,,5,5,5,7,3,6.0,5,5,6,5,5,5,,7,5,5,,6,5,6,,,6,5,6,6,5,6,17.0,6,5,5.0,,22.0,5,6.0,6,7,5,4,,,,,5,6,17.0,6,5,5,9.0,14.0,0,9.0,24.0,7,26.0,8.0,6,,35.0,6,8.0,,6,14.0,16.0,35.0,10.0,13.0,,6,,13.0,5,26.0,6,5,5,6,5,19.0,,6,17.0,,5,,5,5,7,,,3,5,6,5,5,5,5,,24.0,5,6,,6,,,6,6,,6,26.0,5.0,5,7,19.0,,13.0,5,7.0,0.0,13.0,5,11.0,27.0,6,6,6,,10.0,,28.0,4,5,6,8.0,6,28.0,,5,14.0,,31.0,6.0,7,6,15.0,12.0,12.0,12.0,6,5,12.0,6,16.0,6,0.0,6,29.0,22.0,,5,16.0,6.0,9.0,,,29.0,5,4,14.0,,23.0,13.0,6,5,,5,9.0,6,14.0,,,,,22.0,6,8.0,34.0,6,6.0,,32.0,,,,6,6,6.0,14.0,,35.0,8.0,,,18.0,17.0,,,7,,5.0,0.0,14.0,10.0,,,22.0,20.0,12.0,5.0,11.0,6,7,6.0,9.0,18.0,5,0,30.0,5,6,,6,6,,6,25.0,4,,6,6,,24.0,5,,5,,,,5,31.0,,8.0,29.0,,14.0,6.0,6,33.0,8.0,21.0,21.0,5,,6,,7.0,22.0,7,,,,,4,20.0,,3,6,,,,,,5.0,35.0,9.0,8.0,,,6,,24.0,,,16.0,14.0,,5,,15.0,6,,14.0,6,8.0,,,,,4,22.0,,21.0,5,,,,5,,,,,14.0,28.0,7,6,33.0,,8.0,17.0,6,6,,,6,6,7,29.0,6,6,,6,6,6,5,,7,6,6,4,7,21.0,17.0,5,,,,29.0,,,,,,,18.0,,6,5,,,6,13.0,9.0,6,14.0,9.0,,,,29.0,5,17.0,,,,30.0,,,5,20.0,,13.0,,5,8.0,19.0,22.0,10.0,6,,10.0,10.0,,15.0,6,15.0,8.0,6,,,,,,,35.0,,,7.0,7,,,,37,10
6,6,6,6,5,5,6,6,7,7,0,6,6,4,6,4,6,5,4,6,5,1,7,5,6,3,6,3,5,4,5,6,6,6,6,5,5,6,6,6,5,5,6,8,5,6,5,6,4,7,7,5,7,6,6,6,6,6,5,7,6,3,4,5,4,6,7,14.0,5,5,7,7,,7,6,7,7,6,6,6,5,5,4,5,6,6,5,5,6,3,6,6,6,5,0,5,5,7,7,6,6,7,7,5,7,5,5,5,6,,,,7,5,5,5,5,6,6,7,7,4,7,6,6,6,7,6,4,5,6,6,6,5,6,6,6,6,6,6,6,5,5,5,7,5,6,5,7,7,6,6,5,6,6,6,7,5,5,6,4,6,6,6,6,5,5,6,5,5,5,4,5,5,6,6,5,6,7,6,5,6,7,5,5,7,6,2,6,5,6,6,7,7,6,7,6,6,6,6,6,3,,6,2,6,6,6,6,5,5,5,5,6,6,5,6,7,6,7,7,6,5,6,5,6,4,6,6,6,6,6,5,6,6,7,6,7,6,7,7,7,6,6,6,5,7,7,7,5,7,6,6,6,6,6,5,7,6,6,6,6,7,5,6,7,7,8,6,5,7,6,6,7,5,6,15.0,7,6,28.0,5,6,5,5,6,6,6,6,6,25.0,5,6,6,7,7,6,6,7,7,7,5,5,6,5,6,6,0,7,6,6,6,6,6,7,6,25.0,6,7,6,6,6,6,7,5,7,1,5,5,7,2,,7,7,5,7,7,6,5,6,6,5,7,6,7,8,7,0,7,11.0,7,7,6,7,6,8,5,6,6,0,7,7,0,5,6,29.0,5,5,5,6,9.0,6,5,6,6,7,6,6,6,7,6,6,7,25.0,,7,7,17.0,7,7,6,6,7,7,4,7,6,7,7,,7,6,6,24.0,7,5,5,7,0,6,5,7,6,6,6,38.0,,12.0,6,6,5,5,6,6,6,3,7,6,6,7,7,6,6,,7,2,8,43.0,6,6,20.0,5,6,6,6,6,6,7,7,6,,6,8,7,6,43.0,6,,7,3,5,5,7,6,,6,7,6,6,7,7,7,7,,4,5,27.0,16.0,6,6,30.0,6,6,6,6,6,7,5,8,8,6,6,7,6,6,5,5,7,7,6,3,7,8,7,8,6,8,6,7.0,6,5,7,7,,6,8,6,8,8,4,4,6,8,41.0,7,,6,6,6,8,7,22.0,6,7,1,14.0,6.0,7,5,,18.0,,6,7,6,6,5,6,6,6,6,6,6,6,31.0,9.0,7,17.0,6,9,14.0,6,,7,7,6,8,7,6.0,6,7,8,7,6,7,23.0,8,6,7,,7,6,7,,7.0,9,6,7,6,6,6,27.0,7,6,6.0,,35.0,7,8.0,7,8,6,6,,6.0,,,6,7,13.0,7,6,5,7.0,38.0,6,34.0,20.0,8,,,7,,44.0,8,7.0,,7,11.0,35.0,15.0,10.0,,,8,,13.0,6,14.0,7,6,6,7,7,40.0,30.0,7,6.0,,6,,6,6,8,,,6,6,6,8,6,7,6,,17.0,6,7,,8,40.0,23.0,7,7,,7,44.0,19.0,7,8,38.0,,13.0,6,23.0,9.0,34.0,6,,7.0,7,7,5,,,,,10,7,7,41.0,7,12.0,20.0,6,6.0,,22.0,,8,7,15.0,21.0,8.0,22.0,7,6,,1,18.0,6,9.0,7,,22.0,,7,44.0,23.0,45.0,,45.0,18.0,6,6,25.0,,,,7,7,,7,39.0,7,,7.0,,,,19.0,7,,19.0,6,40.0,,41.0,,,,7,7,16.0,16.0,,,15.0,,,,14.0,,,8,,,,26.0,,,18.0,18.0,23.0,7.0,9.0,31.0,7,8,29.0,,25.0,6,7,,6,7,31.0,7,0,38.0,7,27.0,5,9.0,7,7,,24.0,7,,6,32.0,,,7,28.0,,23.0,26.0,,,10.0,7,41.0,33.0,28.0,,7,,6,40.0,11.0,7.0,8,,0.0,26.0,27.0,6,23.0,,6,7,,,,,,29.0,43.0,11.0,,7.0,,7,24.0,14.0,,,8.0,6.0,,7,,18.0,7,,7.0,8,30.0,,19.0,,37.0,6,,,14.0,6,,30.0,,6,,,31.0,,,16.0,8,7,,,40.0,,7,6,,,6,6,8,24.0,8,7,20.0,8,7,8,9,,8,9,8,5,8,17.0,18.0,7,11.0,,36.0,,,21.0,,,6.0,,37.0,,7,6,15.0,7.0,0,,11.0,7,11.0,7.0,,,,29.0,6,18.0,,19.0,18.0,10.0,9.0,,6,26.0,,,,7,24.0,11.0,14.0,8.0,7,,22.0,,,25.0,7,21.0,15.0,6,16.0,,,,,,,,,15.0,8,,,,38,10
5,5,1,3,4,4,0,5,5,6,3,5,4,4,4,5,4,3,4,4,4,4,6,5,5,5,6,5,4,4,5,5,5,5,6,4,5,6,5,5,5,4,4,7,4,5,0,5,5,7,6,5,6,5,4,4,4,4,3,1,5,5,3,3,4,1,5,10.0,4,4,5,6,7.0,6,5,6,5,5,3,5,4,3,3,4,4,5,4,4,5,4,5,5,5,4,5,5,4,6,6,5,5,5,5,5,5,4,4,3,5,0.0,12.0,20.0,6,4,4,4,5,5,5,6,6,3,6,5,5,5,5,5,4,3,5,4,4,4,5,5,5,4,5,5,5,5,4,5,6,4,5,5,6,6,5,5,4,4,4,4,6,5,4,5,3,3,4,5,5,4,4,5,4,3,4,4,4,4,4,6,6,5,6,4,4,5,5,2,4,6,5,2,4,4,4,5,5,2,4,4,5,5,5,5,6,4,30.0,5,5,6,5,5,4,4,4,1,4,6,5,4,5,5,5,6,6,4,3,5,6,5,4,5,5,5,5,5,5,4,5,5,4,5,5,6,5,6,5,5,5,5,7,6,6,3,5,5,3,4,4,4,4,6,5,5,6,5,6,5,6,6,6,7,5,4,5,4,5,5,6,5,5.0,6,5,27.0,4,4,4,2,5,4,4,5,5,15.0,4,5,5,6,5,5,3,6,5,5,4,4,5,4,5,4,4,5,4,5,0,5,5,6,4,,5,6,5,6,5,5,6,5,6,5,5,5,6,4,12.0,6,7,4,7,6,5,5,4,5,4,6,5,6,7,5,3,6,12.0,6,6,4,5,5,7,4,4,5,6,6,5,5,4,4,12.0,4,4,4,5,,6,1,5,5,6,5,4,4,5,5,5,6,17.0,,6,6,17.0,5,4,5,5,6,5,4,5,5,6,4,9.0,5,5,4,,3,4,4,6,6,4,0,5,4,4,5,8.0,,,5,1,2,4,5,5,5,4,5,2,4,6,6,2,5,,5,3,7,21.0,5,5,19.0,5,4,6,5,5,5,6,6,5,,4,7,6,5,26.0,5,,5,4,5,4,6,5,,5,6,5,5,5,6,5,6,19.0,2,4,,,6,5,,4,4,5,5,5,6,4,7,7,4,4,6,5,4,4,4,6,6,5,6,7,5,6,7,4,5,5,42.0,3,4,6,6,19.0,5,7,3,2,6,4,6,4,6,23.0,6,,6,4,5,6,6,41.0,4,5,4,25.0,30.0,6,5,,,6.0,5,5,5,5,6,4,6,4,4,4,5,5,41.0,31.0,6,22.0,6,8,,5,,5,5,3,8,7,34.0,5,4,7,5,4,6,27.0,7,5,5,,6,5,5,,9.0,8,5,5,6,5,5,32.0,6,5,20.0,,36.0,5,10.0,5,7,5,6,,40.0,9.0,,5,6,41.0,5,5,5,32.0,12.0,5,38.0,20.0,7,,,6,,31.0,7,4.0,,6,38.0,19.0,,27.0,,,6,,43.0,0,15.0,6,5,5,6,5,,6.0,5,14.0,,6,7.0,5,3,7,,,5,5,5,6,5,5,5,,41.0,5,6,,7,8.0,24.0,6,5,,6,23.0,,4,7,,,,5,17.0,10.0,11.0,5,24.0,,5,6,6,,37.0,,18.0,9,6,6,22.0,0,28.0,23.0,5,8.0,,28.0,11.0,6,7,36.0,10.0,7.0,6.0,6,5,7.0,6,13.0,5,7.0,6,30.0,5.0,,5,10.0,15.0,5.0,19.0,14.0,13.0,4,4,11.0,,,37.0,6,6,,6,,5,44.0,15.0,,,,42.0,6,20.0,25.0,6,10.0,,25.0,,,,6,6,8.0,,,9.0,,,,23.0,39.0,,,6,,0.0,,39.0,,,5.0,6.0,5.0,44.0,18.0,39.0,5,7,27.0,,,5,5,5.0,4,5,9.0,5,6,18.0,6,16.0,4,36.0,6,7,,24.0,5,,5,7.0,,,5,9.0,,5.0,9.0,,14.0,34.0,5,8.0,7.0,,,0,,6,32.0,39.0,17.0,7,6.0,,24.0,27.0,5,32.0,,4,6,,,,,18.0,,,19.0,,,,6,10.0,,,,7.0,7.0,,5,,7.0,6,,,6,43.0,,43.0,,24.0,5,25.0,,25.0,5,,27.0,,5,,,14.0,,,,7,6,8.0,,22.0,26.0,6,5,,,6,6,7,24.0,6,6,10.0,6,6,6,7,,7,7,6,4,7,7.0,8.0,6,,,,,,25.0,,,11.0,,30.0,,5,5,12.0,7.0,5,35.0,17.0,6,13.0,,,,,,0,26.0,,10.0,19.0,30.0,40.0,,5,13.0,,,,6,,27.0,13.0,,6,,,,,44.0,6,15.0,40.0,5,30.0,,,,,,7.0,,,,6,,,,39,10
6,6,5,5,5,3,6,6,6,7,5,5,5,4,6,5,4,5,5,5,5,5,7,3,6,6,6,6,5,6,5,6,6,6,6,5,5,6,6,6,6,4,5,8,5,5,5,6,6,8,7,5,5,6,6,6,6,6,5,6,6,6,2,5,4,5,6,31.0,5,5,6,7,7.0,6,5,6,7,6,6,6,4,5,4,1,5,6,4,4,6,6,6,6,6,5,1,0,5,7,6,6,6,6,5,6,6,5,5,4,6,30.0,7.0,20.0,6,5,3,5,5,6,6,7,6,2,6,6,6,6,6,6,4,3,6,5,5,5,6,6,6,5,6,6,6,5,4,4,6,5,6,5,7,6,6,6,5,5,5,5,7,6,5,5,4,6,6,5,6,5,4,5,5,5,5,5,5,4,5,7,6,6,7,5,5,6,6,4,5,7,6,5,6,5,5,5,7,6,6,6,5,5,0,5,6,5,8.0,5,6,6,5,3,5,5,2,4,5,7,5,5,6,0,5,6,6,5,5,5,7,6,5,6,6,5,6,6,5,3,5,4,5,3,5,6,6,6,5,5,6,5,7,7,6,4,6,6,5,5,5,5,5,6,5,6,7,6,6,6,6,7,7,8,6,1,6,5,6,6,6,6,,6,5,23.0,5,5,5,5,6,5,6,6,6,42.0,5,6,6,6,6,6,5,7,7,6,5,5,6,5,6,5,5,6,5,6,6,6,6,7,5,25.0,6,6,5,6,6,6,6,6,7,6,5,6,6,5,17.0,6,7,5,5,7,6,6,5,6,5,7,5,6,7,6,6,6,7.0,7,6,5,6,5,7,5,5,5,6,7,6,6,5,5,10.0,4,5,5,6,11.0,6,5,5,6,7,5,6,5,7,6,7,7,37.0,,7,7,46.0,6,7,5,6,7,7,5,7,5,7,6,17.0,6,6,4,27.0,6,5,5,7,7,6,6,6,6,6,6,9.0,31.0,23.0,5,5,5,5,6,5,6,5,6,5,5,6,6,5,6,18.0,6,4,6,19.0,6,5,31.0,5,5,6,6,6,6,6,0,5,,5,8,7,5,36.0,6,32.0,6,0,5,5,3,5,,5,7,6,6,6,7,6,7,10.0,5,5,36.0,43.0,7,6,24.0,5,6,6,6,0,6,5,8,8,5,5,7,6,5,4,5,7,7,6,7,7,8,7,8,6,6,3,11.0,6,5,7,6,,3,7,5,8,8,5,7,6,7,,7,,6,5,7,8,6,20.0,5,6,4,18.0,8.0,5,6,,22.0,41.0,6,6,5,5,6,4,6,6,6,6,6,6,14.0,9.0,7,15.0,6,9,27.0,6,,6,6,6,8,7,8.0,6,6,7,6,6,6,18.0,8,6,6,,5,6,6,,16.0,8,4,7,6,6,6,12.0,6,5,18.0,,14.0,6,13.0,6,7,5,7,,,10.0,,6,7,19.0,7,6,5,29.0,16.0,4,16.0,23.0,8,28.0,11.0,6,,12.0,7,36.0,,7,,18.0,,7.0,19.0,,7,,,6,14.0,7,6,6,7,6,10.0,,6,34.0,,6,39.0,6,4,8,,,6,6,6,7,6,6,6,,5.0,6,7,,8,35.0,7.0,7,5,,6,9.0,36.0,6,8,5.0,,,6,44.0,19.0,26.0,6,11.0,30.0,6,7,7,,10.0,,38.0,9,7,7,,7,17.0,9.0,5,38.0,,10.0,,7,7,27.0,19.0,,30.0,7,6,38.0,7,33.0,6,,7,,,,6,,0.0,31.0,41.0,18.0,36.0,4,6,16.0,,5.0,13.0,7,7,,6,39.0,7,34.0,10.0,,,,,7,,6.0,7,,,12.0,,,,6,7,,,,22.0,7.0,,,,8.0,,,7,,11.0,,,,,8.0,,15.0,25.0,21.0,,7,8,19.0,18.0,7.0,6,0,14.0,5,4,10.0,7,7,33.0,7,6.0,4,,6,7,,,7,,5,,,,6,,,30.0,30.0,,,,5,37.0,8.0,,33.0,6,,6,14.0,19.0,,7,46.0,,,17.0,5,7.0,,5,7,,,,,13.0,30.0,,38.0,21.0,43.0,,7,,43.0,,,11.0,16.0,,6,,30.0,7,,19.0,7,17.0,,12.0,,,6,7.0,,6.0,6,,14.0,,6,,,28.0,,23.0,28.0,8,6,41.0,0.0,,,7,6,,,6,6,8,,7,7,,7,7,6,7,,7,6,7,5,7,32.0,34.0,2,31.0,,22.0,15.0,,,,,11.0,,,,7,6,,32.0,7,28.0,0.0,7,46.0,38.0,,,,,5,7.0,,13.0,,13.0,,29.0,6,18.0,,6.0,,7,17.0,32.0,24.0,7.0,7,,46.0,12.0,,41.0,7,,46.0,6,35.0,,,,,,9.0,,,19.0,8,,,,40,10
5,5,5,5,5,5,5,5,6,7,5,5,5,5,4,5,5,4,5,5,5,5,6,5,6,6,6,6,5,6,5,5,6,6,6,5,5,6,6,6,6,5,5,8,5,5,5,5,6,7,5,5,6,5,6,6,6,6,4,6,5,5,4,5,3,4,6,31.0,5,5,6,6,,6,5,6,6,5,6,5,5,5,3,4,4,4,3,4,6,5,6,6,5,5,5,5,5,7,6,5,6,6,6,5,6,4,5,4,4,7.0,12.0,,6,5,5,4,5,6,6,7,6,1,6,6,5,6,6,5,4,4,0,2,5,5,6,6,6,5,6,6,6,5,4,5,6,5,6,5,6,6,6,6,4,2,5,5,6,5,5,5,3,5,5,5,6,5,4,5,5,5,5,6,1,4,5,7,5,2,6,5,2,5,6,4,4,7,5,5,5,5,5,5,7,6,6,6,5,6,6,3,6,5,17.0,5,5,6,5,6,5,5,5,5,4,6,4,4,6,6,0,6,6,4,4,5,6,5,4,6,5,6,5,5,5,5,5,6,5,6,6,6,5,6,6,5,6,5,7,7,6,3,6,6,5,5,5,5,2,6,5,6,6,6,6,5,6,6,6,7,5,5,6,5,6,6,6,5,11.0,6,5,16.0,4,5,4,3,6,5,6,6,5,17.0,4,5,5,6,6,5,5,6,7,6,4,5,6,5,6,6,5,6,5,5,5,5,0,6,5,,5,6,5,7,4,5,7,6,4,4,5,6,6,5,11.0,6,7,4,7,7,6,6,5,6,5,7,5,6,7,6,6,6,21.0,6,6,5,6,5,8,5,5,5,6,7,6,6,5,5,5.0,5,1,5,5,,6,5,5,5,7,5,6,4,6,6,5,6,,,5,6,13.0,6,6,6,4,6,6,5,6,5,6,6,,5,5,5,23.0,4,5,5,7,6,6,5,6,5,6,5,8.0,28.0,10.0,6,6,4,4,6,5,6,4,5,4,5,7,6,4,4,23.0,6,4,7,6.0,6,5,32.0,2,3,6,6,6,5,7,6,6,,4,7,6,5,5.0,6,11.0,5,4,5,5,7,5,,5,6,6,5,6,6,6,6,29.0,5,5,11.0,10.0,7,5,8.0,5,6,5,4,6,6,5,8,7,5,5,6,5,2,5,5,6,6,5,6,7,7,7,8,6,8,5,20.0,5,5,7,6,10.0,3,7,5,8,8,5,6,4,7,,6,,6,0,6,7,6,9.0,5,6,4,33.0,12.0,6,6,22.0,36.0,14.0,6,5,5,5,6,4,6,5,5,6,6,6,10.0,11.0,5,22.0,6,8,30.0,6,,5,6,6,8,7,8.0,5,5,7,6,5,6,20.0,7,6,6,,7,6,6,,26.0,8,4,7,6,5,6,16.0,7,5,22.0,,,6,23.0,7,7,5,6,,11.0,24.0,,5,7,,7,6,5,19.0,12.0,5,8.0,36.0,7,,7.0,5,,18.0,5,16.0,,6,9.0,7.0,,22.0,35.0,,7,,,6,,7,6,5,6,6,14.0,,6,20.0,,6,,5,4,7,,,6,6,6,6,6,6,6,,33.0,6,7,,7,7.0,19.0,0,6,0.0,6,17.0,10.0,6,7,10.0,,18.0,6,,,24.0,6,,,6,6,0,,,,,9,6,6,,6,18.0,,5,22.0,,13.0,21.0,7,7,,19.0,24.0,31.0,7,5,5.0,6,19.0,6,23.0,6,22.0,20.0,,6,,14.0,12.0,11.0,9.0,5.0,5,5,8.0,,28.0,24.0,7,6,,6,10.0,6,14.0,,,,,14.0,7,28.0,13.0,7,8.0,,30.0,,,,6,7,,,,13.0,24.0,11.0,,,17.0,,,7,,6.0,,,27.0,,,19.0,27.0,,12.0,21.0,7,8,29.0,18.0,12.0,6,6,,5,3,,6,7,6.0,6,10.0,4,13.0,6,7,,,6,,5,21.0,,,6,10.0,,,24.0,,7.0,19.0,5,32.0,24.0,22.0,,6,,7,22.0,30.0,20.0,7,16.0,,35.0,,5,,,5,7,,,,,11.0,,22.0,8.0,,7.0,,7,,12.0,,,8.0,,,6,,5.0,7,,18.0,0,6.0,,15.0,,7.0,6,,,20.0,6,,33.0,,5,,,,,14.0,15.0,7,6,22.0,,21.0,17.0,7,6,,,6,6,8,,7,6,,7,7,7,8,,8,8,7,5,7,,24.0,4,26.0,,18.0,11.0,,9.0,,0.0,34.0,,,,6,5,11.0,,7,20.0,5.0,6,12.0,13.0,,,,34.0,5,,,23.0,14.0,,8.0,25.0,6,33.0,,9.0,,7,30.0,11.0,9.0,11.0,7,,36.0,,,8.0,7,8.0,,6,9.0,,,,,,,,,19.0,8,,0.0,,41,10
7,7,6,7,7,6,6,7,7,8,6,7,7,6,7,7,7,4,6,7,7,6,8,6,7,7,8,7,6,7,7,7,7,8,8,7,7,8,7,7,7,6,7,10,6,7,7,7,7,9,8,7,8,7,7,6,6,7,6,7,7,7,5,7,4,6,7,34.0,6,3,7,8,13.0,7,6,8,8,7,7,6,6,6,5,6,6,7,5,6,7,7,4,7,7,6,7,7,5,8,8,7,7,7,8,7,7,5,6,5,7,16.0,,,8,7,6,6,7,7,7,9,8,5,8,7,7,8,7,7,6,6,7,7,7,6,7,6,7,7,7,7,6,7,6,7,8,6,7,6,8,8,7,7,6,6,7,7,6,7,7,5,3,7,7,6,7,6,3,7,2,6,6,7,6,6,7,8,8,7,8,7,6,7,7,6,6,9,7,6,7,6,6,6,8,8,7,8,7,7,7,7,6,6,32.0,7,7,7,7,7,7,6,6,6,6,8,7,6,7,8,5,7,6,6,5,6,8,7,6,7,4,7,7,7,7,6,7,7,6,7,7,8,7,8,7,7,7,7,9,8,7,6,7,6,6,7,7,6,6,8,7,7,7,7,8,7,8,8,8,9,7,6,8,7,7,8,8,0,3.0,8,7,,6,7,6,6,6,6,7,7,7,8.0,5,7,7,8,7,6,6,8,8,0,7,6,7,6,7,7,7,7,4,7,6,6,4,8,6,37.0,5,7,7,8,7,7,8,8,8,7,7,7,8,6,12.0,7,9,6,7,9,5,7,7,7,5,8,5,7,9,7,5,8,43.0,8,8,7,7,7,10,6,7,7,8,8,8,7,6,7,22.0,6,6,6,7,39.0,8,7,7,7,9,6,7,6,8,6,7,8,19.0,22.0,8,8,,7,7,6,7,8,8,5,8,7,8,7,8.0,7,4,7,,7,6,6,8,8,7,7,8,7,7,7,,15.0,11.0,7,7,6,6,7,7,7,6,7,6,6,8,8,7,7,44.0,8,5,9,0.0,7,6,8.0,7,4,7,7,7,7,8,8,8,,3,0,8,7,43.0,7,7.0,7,6,6,7,8,7,,7,8,7,7,7,8,8,8,,6,6,33.0,7.0,8,7,14.0,7,7,7,7,7,8,7,9,9,7,7,6,7,6,0,6,8,6,7,8,9,9,9,9,7,10,6,27.0,7,6,8,7,,7,9,7,9,9,7,8,7,8,9.0,7,,8,6,8,9,8,37.0,6,8,6,17.0,13.0,8,7,36.0,5.0,42.0,7,7,7,7,7,6,7,7,6,7,7,7,,12.0,8,44.0,7,10,7.0,7,,7,8,7,8,9,44.0,7,8,9,8,7,8,28.0,9,5,8,,8,5,7,0.0,33.0,10,7,8,8,7,1,14.0,8,7,14.0,,29.0,8,13.0,8,9,7,8,,34.0,34.0,,7,8,44.0,7,7,7,10.0,0.0,7,27.0,37.0,9,25.0,30.0,8,,20.0,9,8.0,,8,40.0,23.0,,12.0,15.0,,8,,,7,,8,7,7,7,7,,8.0,8,25.0,,8,25.0,7,7,9,,,7,8,7,8,7,8,4,,16.0,7,7,,9,23.0,22.0,8,7,,8,34.0,,7,9,7.0,,39.0,7,9.0,24.0,,7,9.0,,8,9,8,,,,14.0,10,8,8,17.0,8,,29.0,7,38.0,,11.0,39.0,0,9,,35.0,7.0,44.0,8,7,11.0,6,,0,9.0,8,43.0,14.0,,7,21.0,21.0,,38.0,16.0,23.0,0,7,,,9.0,9.0,8,8,,7,34.0,8,,32.0,,,,31.0,8,,23.0,9,12.0,,29.0,,,,8,8,28.0,23.0,,,29.0,,,32.0,25.0,,,8,,,,44.0,11.0,,,32.0,22.0,,30.0,26.0,8,9,16.0,10.0,37.0,7,8,,7,7,,8,8,,8,36.0,6,,8,9,,27.0,8,,7,13.0,,,8,27.0,,37.0,9.0,,,12.0,3,6.0,8.0,,,8,,8,12.0,16.0,33.0,9,9.0,,15.0,10.0,6,20.0,,7,8,,,,,15.0,24.0,39.0,9.0,18.0,8.0,,8,14.0,20.0,,,44.0,14.0,,7,,22.0,8,,,9,10.0,,22.0,,,7,,,12.0,7,,23.0,,7,,,10.0,,8.0,32.0,9,8,,,7.0,31.0,8,7,,,8,5,9,32.0,9,8,37.0,9,8,8,9,,9,9,8,6,9,29.0,33.0,8,37.0,,,,,24.0,,,8.0,,,,8,7,11.0,18.0,8,29.0,8.0,8,12.0,10.0,,,,32.0,7,14.0,,16.0,8.0,13.0,,,7,12.0,,,,8,,30.0,11.0,35.0,7,,,35.0,,8.0,8,22.0,17.0,8,30.0,,,,,,42.0,,,12.0,9,,,,42,10
8,8,7,7,7,7,7,8,8,9,8,8,8,7,8,6,7,7,8,7,8,7,9,7,8,8,9,8,7,8,6,8,8,8,9,8,7,9,8,8,8,7,7,10,5,8,7,8,8,10,9,3,9,8,8,8,8,6,7,8,8,8,6,5,7,8,8,,7,8,8,9,13.0,9,7,9,8,7,7,0,7,7,6,6,7,8,7,6,8,5,8,8,8,7,8,8,7,9,9,8,8,9,8,8,8,6,7,4,8,11.0,9.0,0.0,9,7,7,7,8,8,8,9,9,6,9,8,8,8,8,8,6,7,8,7,7,7,8,8,8,7,8,8,8,8,7,7,9,7,8,7,9,8,8,8,7,7,7,8,9,8,7,8,6,7,7,7,8,7,7,8,7,7,7,8,7,7,7,8,8,8,9,7,7,7,9,6,6,9,8,7,8,8,8,8,9,8,8,8,8,8,8,7,8,7,13.0,7,8,8,6,8,7,7,7,6,6,9,7,7,8,8,8,8,8,7,8,8,9,8,7,8,8,8,8,8,8,7,8,8,7,7,8,9,8,9,8,7,8,8,10,10,9,6,8,8,7,7,7,7,4,8,7,8,9,8,9,8,8,9,9,10,8,7,9,8,8,8,9,8,26.0,7,8,34.0,7,5,7,7,8,7,6,8,7,16.0,7,8,8,7,8,8,6,9,9,9,7,7,8,7,8,8,8,9,8,8,8,8,8,9,8,32.0,8,9,6,9,8,8,9,8,9,8,8,8,8,7,,8,9,7,9,9,8,8,7,8,6,9,7,8,9,8,6,8,0.0,8,9,7,8,8,8,7,7,7,9,9,8,8,7,7,9.0,7,7,7,8,,9,7,8,8,9,7,8,7,9,8,9,8,10.0,19.0,9,9,27.0,8,8,8,7,9,9,7,9,5,8,8,28.0,8,8,7,32.0,9,7,7,6,9,8,8,8,7,7,8,,,,8,8,6,7,8,8,8,3,8,8,7,9,9,7,8,25.0,8,5,10,,8,7,24.0,6,7,8,8,8,7,9,9,8,,7,10,9,7,10.0,8,26.0,8,8,8,7,9,0,,7,9,8,8,8,8,9,9,24.0,7,4,32.0,14.0,9,7,23.0,8,8,5,6,8,8,7,10,10,7,5,8,8,7,7,7,9,0,8,9,9,10,9,10,8,10,5,10.0,8,7,9,8,12.0,7,9,8,10,10,7,9,8,9,29.0,9,,8,7,9,10,7,23.0,7,8,7,9.0,11.0,7,8,30.0,19.0,11.0,8,8,8,7,8,4,9,7,8,8,8,7,30.0,12.0,9,24.0,8,11,,8,,8,8,8,10,10,8.0,8,7,9,8,8,9,17.0,10,8,8,,9,8,9,,38.0,10,8,8,8,7,9,8.0,8,8,35.0,,28.0,8,,9,9,8,9,,10.0,,,6,9,,9,8,7,19.0,34.0,8,11.0,,0,,,9,,30.0,9,33.0,,9,,,,17.0,,,9,,34.0,8,34.0,9,8,8,9,7,32.0,14.0,7,25.0,,6,,8,8,10,,,8,8,8,8,7,8,8,,18.0,8,9,,10,,29.0,9,8,,9,15.0,,8,10,12.0,,10.0,8,0.0,10.0,,8,28.0,11.0,8,9,9,,16.0,,11.0,11,9,9,12.0,9,27.0,19.0,8,,,14.0,17.0,10,9,10.0,20.0,0.0,8.0,9,8,11.0,9,,8,10.0,9,9.0,,,8,22.0,27.0,8.0,24.0,29.0,,7,8,,,10.0,36.0,9,9,,8,,9,32.0,12.0,,,,36.0,9,0.0,9.0,10,10.0,,11.0,,,,9,9,,,,14.0,15.0,23.0,,,8.0,,,9,,29.0,,28.0,38.0,,25.0,25.0,32.0,16.0,23.0,11.0,9,10,,33.0,,8,9,1.0,8,8,,8,9,19.0,9,9.0,2,35.0,9,9,,10.0,9,,8,8.0,,,8,8.0,,19.0,34.0,,14.0,15.0,9,12.0,12.0,24.0,8.0,8,,9,19.0,16.0,21.0,10,29.0,,26.0,,7,13.0,,7,9,,,,,27.0,10.0,33.0,11.0,,28.0,,9,10.0,10.0,,,19.0,9.0,,8,,32.0,9,,27.0,9,19.0,,30.0,,,8,,,,8,,16.0,,8,,0.0,14.0,,30.0,37.0,10,9,13.0,,28.0,,9,8,,,9,8,10,,9,9,10.0,9,9,9,10,,10,10,9,7,10,9.0,,9,17.0,,20.0,22.0,,11.0,,,,,,,7,8,12.0,,9,21.0,15.0,8,13.0,18.0,,,,,8,18.0,,25.0,,,,11.0,8,14.0,,11.0,,9,,20.0,26.0,18.0,9,,,19.0,,19.0,9,15.0,,9,,,,,,,11.0,,,,10,,,,43,10
5,5,5,4,5,5,5,5,5,6,5,5,5,4,1,5,2,4,5,4,5,4,6,5,6,5,6,5,4,5,5,5,5,6,5,0,5,6,6,5,5,4,4,7,4,5,3,5,5,7,6,4,6,5,5,5,6,5,4,6,5,5,3,4,4,3,6,7.0,5,5,2,6,24.0,5,5,6,6,5,5,5,5,4,4,4,4,5,4,4,5,5,5,6,5,4,5,5,5,5,6,5,5,6,6,5,5,4,4,4,5,24.0,13.0,20.0,6,5,4,4,4,6,5,7,6,3,6,5,5,6,6,5,1,3,5,5,4,4,6,5,5,5,6,5,6,2,4,5,6,5,5,5,6,5,4,5,5,5,5,5,6,5,5,5,3,5,5,5,5,4,4,5,2,4,5,5,3,4,5,7,5,5,5,3,4,2,6,4,5,7,5,5,5,5,5,5,6,6,5,6,5,5,5,5,5,5,15.0,4,5,5,3,5,5,4,3,4,4,6,4,5,6,5,5,6,6,3,5,5,6,5,2,6,5,5,5,4,4,5,5,6,5,6,5,6,6,6,5,5,6,5,6,6,4,4,5,5,5,4,5,5,4,5,5,6,6,5,5,5,5,6,6,7,5,4,5,5,6,6,6,5,33.0,5,3,,3,5,4,0,5,4,5,6,1,7.0,4,5,2,6,5,4,4,6,6,6,5,3,5,4,5,5,5,6,5,5,5,5,5,6,5,5.0,5,6,5,7,5,5,7,6,6,5,5,5,6,4,13.0,6,6,4,7,7,5,5,5,5,4,6,4,5,6,6,5,6,32.0,6,6,5,5,5,8,5,4,5,3,6,5,5,2,4,9.0,4,5,4,5,,6,4,5,5,6,5,5,4,5,5,5,5,,12.0,6,6,35.0,6,5,5,5,6,6,5,6,5,6,6,16.0,5,5,3,7.0,5,5,4,6,5,5,5,5,3,5,5,,,30.0,4,5,4,4,5,5,5,4,5,4,4,6,6,4,0,7.0,6,3,7,7.0,6,5,,4,5,6,5,6,5,6,6,6,,4,3,0,5,32.0,5,9.0,3,5,5,5,7,5,,5,6,5,5,5,6,6,6,,2,5,35.0,5.0,7,5,,5,5,5,5,5,6,4,7,7,5,5,6,5,0,4,4,6,6,4,5,6,6,3,7,5,5,4,15.0,5,5,6,6,,5,7,4,7,7,5,6,5,6,,6,,5,4,6,7,5,14.0,5,6,4,,8.0,6,5,13.0,23.0,11.0,5,5,5,5,6,5,6,5,4,5,6,5,5.0,7.0,6,,6,7,8.0,3,,2,6,5,7,6,11.0,5,5,6,6,5,5,18.0,6,5,5,,7,5,4,,7.0,8,6,6,6,5,6,6.0,6,5,31.0,,0.0,6,22.0,6,7,3,6,,10.0,,,5,6,9.0,6,5,5,14.0,13.0,5,17.0,30.0,7,,33.0,6,,,7,19.0,,6,8.0,,,11.0,23.0,,5,,11.0,6,18.0,6,5,5,6,6,,5.0,6,4.0,,6,14.0,5,5,7,,,5,6,6,6,5,5,5,,,5,6,,7,32.0,35.0,6,6,,6,0.0,24.0,6,7,16.0,,14.0,5,18.0,5.0,24.0,6,29.0,32.0,6,6,6,,11.0,,7.0,9,6,5,16.0,6,21.0,15.0,5,,,8.0,33.0,7,7,10.0,14.0,11.0,8.0,6,5,20.0,6,16.0,6,12.0,6,16.0,8.0,,6,,9.0,,13.0,18.0,32.0,5,5,,,10.0,,6,6,,6,17.0,6,14.0,17.0,,,,15.0,6,7.0,10.0,6,31.0,,11.0,,,,6,6,17.0,6.0,,32.0,11.0,18.0,,,10.0,,,6,,,,7.0,27.0,,11.0,,14.0,,,21.0,6,7,16.0,,12.0,5,6,,5,5,,6,6,22.0,6,7.0,4,,6,6,,24.0,6,,5,,,,6,16.0,,16.0,13.0,,17.0,,5,10.0,,32.0,0.0,6,,6,,,28.0,7,,,,,4,4.0,,5,6,,,,,29.0,,22.0,23.0,5.0,15.0,,6,33.0,0.0,,,12.0,,,6,,29.0,6,,8.0,7,0.0,,16.0,,21.0,5,11.0,,12.0,5,,19.0,,6,,,15.0,,,23.0,7,6,26.0,,29.0,16.0,6,6,,,6,5,7,,7,6,21.0,7,6,7,8,,8,7,6,5,7,6.0,8.0,6,7.0,,14.0,17.0,,,,,,,8.0,,6,5,16.0,12.0,7,30.0,19.0,6,17.0,,,,,,5,7.0,,20.0,9.0,7.0,6.0,24.0,5,30.0,,,,6,16.0,,28.0,18.0,6,,8.0,8.0,,9.0,7,16.0,13.0,6,27.0,,,,,,18.0,,,16.0,7,,,,44,10
5,3,5,4,5,4,5,5,6,7,5,5,5,4,5,5,5,2,4,5,5,4,6,4,6,5,6,5,4,5,4,5,6,5,6,5,3,6,5,5,5,3,2,8,2,5,3,5,5,5,6,4,4,5,6,5,6,6,5,6,5,5,4,4,4,5,6,11.0,4,5,6,5,13.0,5,4,6,6,5,5,5,5,4,1,4,5,5,4,4,5,5,5,6,5,4,5,5,5,6,6,0,5,6,6,5,4,4,4,4,5,7.0,40.0,11.0,6,4,4,4,5,6,5,7,6,3,6,5,5,5,6,5,4,1,5,5,5,0,6,5,5,5,6,1,5,5,4,5,6,5,5,4,6,6,5,5,3,5,3,3,6,5,5,5,3,5,5,5,5,4,4,5,4,4,5,4,3,4,5,7,6,5,6,4,4,5,6,3,5,7,2,4,5,5,5,5,6,6,6,6,5,5,5,4,6,4,5.0,5,5,5,5,5,5,4,5,4,4,6,5,4,3,6,2,5,5,4,4,4,5,0,4,5,4,5,5,4,5,5,5,6,5,6,6,6,6,6,5,5,6,5,7,7,6,4,5,5,5,5,4,4,4,5,5,6,5,5,5,5,6,6,6,7,5,4,5,5,5,5,5,5,5.0,6,2,24.0,4,5,4,4,5,4,5,6,5,,5,5,5,6,6,3,5,6,7,6,3,2,5,4,5,6,5,6,5,3,5,5,5,6,3,10.0,5,5,2,7,5,4,6,6,6,5,5,5,6,5,29.0,5,7,4,5,6,4,5,5,5,4,6,3,5,7,5,5,6,,5,6,5,6,5,8,5,5,5,3,7,6,5,5,5,,4,5,4,5,,6,4,5,5,7,5,5,4,5,5,6,6,,8.0,6,6,7.0,5,5,5,5,6,6,4,6,5,6,6,23.0,5,4,5,6.0,6,5,4,6,6,5,3,6,5,5,5,,32.0,27.0,5,5,5,4,5,5,0,4,6,4,5,5,4,5,6,12.0,6,4,7,7.0,6,5,10.0,5,5,6,5,5,5,5,6,5,,4,7,6,5,16.0,5,37.0,5,5,5,5,6,5,,5,6,6,5,5,6,6,6,27.0,5,4,17.0,,7,5,34.0,5,6,4,5,6,5,4,8,7,5,5,6,5,4,5,4,6,6,5,6,7,7,7,5,6,8,5,9.0,6,5,6,6,12.0,5,7,5,7,5,5,6,5,7,25.0,6,,6,4,6,7,6,9.0,5,6,4,6.0,12.0,6,5,41.0,12.0,6.0,5,6,5,5,5,5,5,5,5,5,6,5,24.0,11.0,6,21.0,6,8,13.0,5,,6,6,6,8,7,,3,6,7,6,5,6,12.0,7,5,5,,6,5,6,,,0,6,5,6,5,6,22.0,4,5,14.0,,,6,10.0,6,7,5,6,,,25.0,,5,6,,6,5,5,24.0,12.0,5,5.0,22.0,7,23.0,9.0,6,,10.0,7,9.0,,6,12.0,11.0,,11.0,21.0,,7,,,6,19.0,6,5,5,6,6,7.0,25.0,6,40.0,,6,,5,5,7,,,6,6,6,7,5,6,5,,19.0,5,6,,7,12.0,8.0,5,6,,6,,27.0,6,7,34.0,,6.0,5,18.0,,8.0,5,40.0,12.0,6,7,7,,,,25.0,7,6,6,21.0,6,,36.0,5,8.0,,6.0,11.0,7,7,,22.0,14.0,,6,5,8.0,6,39.0,5,8.0,6,22.0,22.0,,6,7.0,26.0,37.0,,,36.0,5,5,15.0,,29.0,9.0,6,5,,5,,6,19.0,6.0,,,,41.0,6,14.0,,7,8.0,,22.0,,,,6,6,27.0,22.0,,14.0,5.0,16.0,,39.0,15.0,,,7,,9.0,,,24.0,,9.0,14.0,16.0,8.0,7.0,,6,7,8.0,34.0,0.0,6,6,,5,6,8.0,6,6,20.0,6,0.0,3,,6,7,,18.0,6,,5,,,,6,34.0,,,,,28.0,22.0,6,,8.0,,32.0,6,,6,,24.0,28.0,7,,,7.0,24.0,5,15.0,,5,6,,,,,29.0,32.0,,34.0,17.0,7.0,,5,33.0,30.0,,,,,,6,,11.0,7,,0.0,7,,,16.0,,14.0,4,39.0,,21.0,5,,29.0,,6,,,26.0,,,28.0,7,6,12.0,,36.0,7.0,0,6,,,6,0,7,15.0,7,6,13.0,7,6,7,8,,7,7,6,4,6,22.0,,6,20.0,,41.0,8.0,,35.0,,,25.0,,,,6,5,5.0,6.0,7,14.0,,6,8.0,9.0,,,,13.0,4,17.0,,40.0,21.0,,27.0,,5,8.0,,8.0,,3,13.0,,6.0,,6,,32.0,19.0,,10.0,7,,,5,15.0,,,,,,,,,,7,,,,45,10
6,6,5,6,5,5,5,7,7,8,6,6,6,5,6,6,6,5,5,6,6,5,7,6,7,6,7,6,6,6,6,6,7,7,7,6,6,7,0,6,6,5,5,9,6,6,6,6,6,8,7,6,7,5,4,1,0,6,5,6,2,6,4,5,5,6,7,21.0,6,4,7,7,37.0,6,5,7,7,6,6,5,6,5,4,5,5,6,5,5,6,6,6,7,7,5,6,6,6,7,7,6,6,7,7,6,6,5,5,5,6,,26.0,,7,6,5,4,5,7,6,8,6,4,7,6,6,7,2,6,5,5,6,6,5,5,6,6,6,4,6,6,6,6,5,6,7,6,6,5,7,5,6,6,4,6,6,6,7,0,6,6,3,6,4,6,6,5,0,6,6,5,6,6,6,5,5,7,7,3,7,6,6,5,6,5,4,8,6,5,6,5,6,6,7,7,6,6,6,6,6,6,7,6,,6,6,7,4,6,6,5,5,5,5,7,6,6,6,6,5,3,7,5,2,6,6,6,0,7,6,6,6,6,6,6,6,7,6,6,7,7,7,7,6,6,6,5,7,8,6,5,6,4,5,6,6,5,5,7,6,7,7,6,6,5,7,7,7,8,6,6,7,6,6,7,7,7,10.0,7,6,,5,6,5,4,6,5,6,6,6,20.0,3,6,6,7,7,5,5,7,7,7,2,5,6,5,6,4,6,2,6,5,6,6,6,7,5,,6,6,6,8,2,5,7,6,8,6,6,6,7,5,20.0,7,8,5,8,8,6,0,6,6,5,7,4,6,8,7,6,7,12.0,7,7,6,7,6,9,5,6,6,7,8,7,6,6,6,27.0,5,5,6,6,,1,6,6,6,8,6,1,5,6,6,6,6,7.0,14.0,7,6,31.0,6,6,6,6,7,6,5,6,6,7,6,21.0,7,6,6,7.0,7,6,3,8,8,6,6,7,6,6,6,31.0,,37.0,6,6,5,5,6,6,6,5,7,6,6,7,7,6,5,20.0,7,5,8,8.0,6,6,28.0,6,6,6,6,6,5,7,7,7,,6,8,7,6,27.0,6,39.0,7,6,6,6,7,6,,6,7,7,6,6,7,7,7,,6,6,7.0,19.0,8,6,,6,6,6,6,7,7,6,7,7,6,6,7,6,5,5,5,7,7,7,7,8,8,8,9,7,9,6,7.0,5,6,8,7,8.0,6,8,6,8,8,6,7,6,7,,7,,7,6,7,8,7,10.0,6,6,5,20.0,30.0,7,6,9.0,,9.0,6,7,6,6,7,5,3,5,6,0,6,6,39.0,31.0,8,,7,9,,4,,7,7,6,9,8,0.0,6,7,8,5,6,7,,8,6,7,,7,6,6,,13.0,9,6,7,7,6,7,11.0,7,6,27.0,,15.0,7,,7,8,6,7,,24.0,,,0,8,,7,6,6,18.0,,6,23.0,13.0,8,18.0,33.0,7,,35.0,8,14.0,,7,6.0,,,20.0,,,7,,,6,24.0,7,6,5,7,7,10.0,39.0,7,28.0,,7,33.0,6,7,8,,,7,7,7,8,6,7,4,,10.0,6,8,,8,10.0,12.0,7,7,,7,10.0,6.0,6,8,10.0,,34.0,6,24.0,30.0,13.0,6,4.0,10.0,6,8,8,,34.0,,24.0,10,7,7,13.0,7,9.0,12.0,7,18.0,,,,7,8,12.0,,9.0,24.0,7,6,7.0,7,27.0,7,8.0,7,10.0,24.0,,5,,8.0,,9.0,29.0,12.0,5,6,9.0,,23.0,,7,7,,7,,7,,22.0,,,,6.0,7,26.0,39.0,8,,,37.0,,,,7,7,28.0,36.0,,8.0,15.0,21.0,,31.0,30.0,,,8,,7.0,,,22.0,,15.0,,4.0,11.0,12.0,7.0,7,9,7.0,,10.0,6,7,34.0,6,7,38.0,7,7,18.0,7,16.0,5,,7,8,,0.0,5,,6,8.0,,,7,6.0,,18.0,18.0,,9.0,32.0,7,16.0,23.0,,40.0,6,,7,14.0,8.0,38.0,8,17.0,,,13.0,6,10.0,,6,7,,,,,37.0,,25.0,7.0,32.0,,,7,36.0,29.0,,,12.0,10.0,,6,,26.0,8,,10.0,7,,,35.0,,34.0,6,17.0,,22.0,6,,8.0,,7,,,,,,21.0,8,7,14.0,,10.0,17.0,8,7,,,7,7,8,24.0,7,8,,7,7,6,8,,9,8,8,6,8,,,7,,,13.0,19.0,,37.0,,,39.0,,12.0,,6,6,,,7,25.0,32.0,8,35.0,,,,,,6,22.0,,,22.0,27.0,7.0,,6,34.0,,18.0,,7,24.0,26.0,7.0,8.0,6,,11.0,14.0,,9.0,8,10.0,14.0,7,35.0,,,,,,37.0,,,,8,,,,46,10
10,9,9,9,9,9,9,10,10,11,9,9,9,7,9,9,9,9,9,9,9,8,10,8,9,9,9,8,8,9,9,9,9,9,9,9,7,9,9,9,9,8,9,12,9,9,9,8,3,11,10,9,10,9,9,8,9,9,8,10,10,10,4,8,7,9,10,27.0,5,8,10,10,22.0,10,8,9,9,9,9,9,8,8,7,8,8,9,8,8,9,8,8,9,9,8,9,9,8,10,10,9,9,10,10,10,10,8,8,7,9,,9.0,35.0,10,8,7,8,8,10,9,10,10,8,10,9,9,10,9,9,8,8,9,9,9,8,9,9,9,9,10,10,10,9,8,9,10,9,9,9,11,10,10,7,9,8,9,8,10,9,9,8,6,9,9,9,9,8,8,9,8,8,8,8,8,8,9,11,9,8,10,9,9,10,10,7,6,11,9,8,9,9,9,9,11,10,10,10,9,8,9,9,10,9,,9,10,9,0,9,9,8,7,8,7,10,8,9,10,9,9,10,9,7,7,8,10,9,8,10,9,8,9,9,9,9,9,10,9,10,9,10,10,10,9,9,9,8,10,11,10,8,10,9,9,9,9,8,8,10,9,9,10,6,10,8,10,10,10,11,9,9,9,9,10,10,10,9,,10,9,14.0,8,9,8,8,9,9,9,6,9,42.0,8,9,0,10,10,9,9,10,10,10,6,9,9,8,9,9,9,10,9,9,9,9,9,10,9,24.0,9,10,8,11,10,10,10,10,10,9,4,8,9,8,39.0,10,11,8,11,11,9,9,9,9,8,10,9,8,11,10,9,10,38.0,11,10,9,10,9,12,8,9,9,9,11,10,8,9,9,33.0,9,8,8,10,13.0,7,8,6,9,11,9,10,9,10,8,10,10,16.0,13.0,11,10,13.0,10,10,10,10,11,11,9,10,9,11,10,39.0,9,9,9,,10,9,8,11,11,10,9,10,9,9,9,17.0,25.0,12.0,8,9,8,8,9,8,7,8,10,8,8,10,9,9,9,,10,8,11,,6,8,19.0,9,9,9,4,8,9,10,9,10,,5,11,10,9,25.0,8,33.0,10,8,9,9,10,9,,9,10,10,9,10,10,9,10,20.0,8,8,29.0,9.0,11,9,22.0,9,9,6,9,7,9,8,12,11,9,9,10,9,7,7,9,10,10,10,10,11,11,11,12,10,12,9,13.0,9,8,9,10,10.0,9,11,9,12,12,9,10,9,10,35.0,10,,10,9,0,12,10,18.0,9,10,9,,12.0,10,9,,,,10,6,0,9,9,9,9,9,0,9,9,9,9.0,11.0,9,,10,12,24.0,9,,10,10,10,12,11,19.0,9,10,11,10,9,10,31.0,9,9,10,,11,10,10,,38.0,12,10,10,9,9,9,14.0,10,9,31.0,,9.0,10,33.0,10,11,9,9,,16.0,,,9,11,,10,9,9,13.0,18.0,9,26.0,24.0,11,36.0,21.0,9,0.0,,11,21.0,,10,,,21.0,20.0,16.0,,10,,36.0,10,26.0,11,9,9,10,10,11.0,17.0,10,28.0,,10,9.0,9,9,11,,,10,9,9,11,9,10,9,,41.0,9,11,,11,24.0,,10,10,,10,23.0,15.0,10,9,13.0,,27.0,9,,21.0,13.0,10,23.0,19.0,0,11,11,,,,,13,10,10,11.0,10,30.0,22.0,9,,,28.0,19.0,11,11,,9.0,24.0,26.0,9,10,39.0,10,38.0,10,25.0,10,25.0,8.0,,10,13.0,28.0,23.0,,18.0,19.0,9,9,21.0,,16.0,19.0,10,10,,10,,10,41.0,21.0,,,,20.0,11,13.0,31.0,11,0.0,,,,,,10,10,29.0,14.0,,28.0,23.0,15.0,,38.0,14.0,,,11,,12.0,,,29.0,,,24.0,,34.0,22.0,41.0,10,12,,,,10,10,10.0,9,10,11.0,10,9,29.0,10,20.0,8,17.0,10,11,,31.0,10,,9,18.0,,,10,,,14.0,20.0,,41.0,,10,18.0,21.0,20.0,33.0,10,,9,,17.0,,11,,,42.0,,9,9.0,,9,10,,,,0.0,,17.0,17.0,20.0,,,,11,19.0,26.0,,,19.0,,,10,,9.0,10,,,11,25.0,,,,,9,11.0,,,9,,19.0,,9,,,33.0,,18.0,26.0,12,10,20.0,,27.0,,11,8,,,10,10,10,27.0,11,10,,11,0,11,12,,12,12,11,8,11,27.0,,10,28.0,,,29.0,,,,,16.0,,22.0,,10,9,40.0,29.0,10,14.0,23.0,11,41.0,30.0,,,,40.0,9,41.0,,23.0,19.0,11.0,,17.0,9,20.0,,13.0,,2,16.0,19.0,17.0,,8,,35.0,14.0,,13.0,10,,13.0,10,19.0,,,,,,42.0,,,11.0,11,,,,47,10
7,6,5,5,5,5,6,6,7,8,6,6,6,6,6,6,6,6,6,6,6,5,7,5,7,7,7,7,5,6,6,6,7,6,7,6,6,7,7,7,7,5,6,9,5,6,6,6,7,8,8,6,7,6,6,3,6,6,3,6,6,6,4,5,6,6,7,10.0,6,6,6,7,21.0,7,6,7,7,6,6,6,5,5,2,5,5,7,5,5,6,6,6,7,4,6,7,6,6,7,7,6,6,6,7,6,7,5,5,5,6,20.0,,7.0,7,6,5,5,6,7,7,8,7,5,5,6,6,7,6,6,4,5,6,5,6,6,7,7,7,5,6,6,7,6,5,6,7,6,7,6,8,7,6,7,6,5,6,6,6,6,6,0,4,6,6,6,6,6,5,6,4,5,6,7,6,5,4,7,7,6,7,6,5,6,7,5,5,8,6,6,6,6,6,6,7,6,6,6,7,7,6,6,7,6,,6,7,7,6,7,6,6,5,1,0,7,6,6,5,7,6,7,7,6,6,6,7,7,6,7,7,6,6,5,6,5,6,7,6,6,6,7,7,7,6,6,7,6,8,8,7,5,7,7,5,6,6,5,5,6,6,7,7,6,7,6,7,7,7,8,6,5,7,6,6,7,7,7,,7,6,22.0,5,5,5,5,6,5,6,0,6,,5,6,6,7,7,6,6,8,7,7,6,6,6,5,6,6,6,7,6,7,6,7,7,7,6,,6,7,6,8,6,2,7,7,7,7,6,6,7,4,21.0,6,7,4,8,8,7,6,6,7,5,8,6,7,8,7,7,7,14.0,7,7,6,7,6,9,2,5,6,7,8,7,7,4,6,22.0,6,6,6,6,12.0,7,5,6,6,8,6,4,5,7,6,7,0,,,0,7,39.0,7,6,7,6,7,7,5,7,6,7,7,34.0,5,6,6,44.0,7,6,5,8,7,4,6,7,6,6,7,15.0,18.0,25.0,6,6,5,5,6,6,7,5,6,6,6,7,7,6,6,,7,5,8,,7,6,38.0,6,6,7,7,7,6,7,7,7,,5,8,7,6,27.0,7,29.0,6,6,5,6,6,6,,6,7,7,6,7,7,7,7,38.0,6,5,,,8,6,11.0,5,3,7,6,7,7,6,8,8,6,5,7,6,4,5,6,7,7,6,7,8,8,8,9,7,6,6,11.0,6,6,7,7,17.0,3,8,6,8,8,5,7,6,8,33.0,7,,7,3,7,8,7,10.0,6,7,4,14.0,9.0,7,7,33.0,25.0,,7,7,6,6,7,2,7,6,6,6,7,6,10.0,10.0,7,19.0,7,9,23.0,6,,7,7,6,9,8,,6,7,8,6,6,7,,8,6,7,,7,7,7,,39.0,9,6,7,7,5,7,22.0,7,6,,,41.0,7,44.0,7,8,5,7,,14.0,42.0,,6,8,9.0,7,6,6,31.0,,6,38.0,18.0,8,,,7,,23.0,8,31.0,,7,,39.0,31.0,9.0,11.0,,7,,12.0,6,10.0,7,6,6,8,7,22.0,21.0,7,10.0,,7,,6,7,8,,,6,7,7,7,6,7,7,,0.0,6,7,,8,26.0,25.0,7,7,,7,20.0,,6,8,11.0,,9.0,7,19.0,10.0,39.0,7,9.0,14.0,0,8,8,,39.0,,22.0,10,7,7,24.0,7,8.0,35.0,7,35.0,,43.0,27.0,8,8,9.0,26.0,16.0,38.0,8,7,18.0,7,26.0,7,13.0,7,36.0,10.0,,6,19.0,30.0,,36.0,37.0,9.0,6,6,9.0,,11.0,11.0,8,7,,7,,7,17.0,,,,,31.0,7,,14.0,8,8.0,,11.0,,,,7,8,,,,24.0,4.0,,,7.0,36.0,,,8,,13.0,,18.0,,,16.0,,26.0,,27.0,29.0,7,9,26.0,9.0,40.0,6,7,43.0,6,7,43.0,7,8,38.0,7,33.0,5,,7,8,,21.0,7,,6,39.0,,,6,12.0,,10.0,30.0,,14.0,,5,16.0,,,16.0,6,,7,,11.0,19.0,7,20.0,,38.0,,5,34.0,,5,7,,,,,18.0,13.0,21.0,35.0,,10.0,,8,15.0,32.0,,,30.0,0.0,,6,,28.0,8,,,7,29.0,,42.0,,10.0,7,0.0,,17.0,6,,34.0,,7,,,,,8.0,18.0,8,7,,,,25.0,8,7,,,7,0,9,,7,7,15.0,7,8,7,8,,9,6,7,4,8,41.0,17.0,7,27.0,,43.0,9.0,,43.0,,,26.0,,7.0,,7,6,33.0,,8,16.0,,7,17.0,7.0,,,,,5,,,,16.0,16.0,15.0,15.0,6,42.0,,36.0,,8,14.0,,26.0,13.0,8,,22.0,6.0,,,8,,29.0,7,,,,,,,,,,41.0,8,,,,48,10
7,8,7,7,6,6,6,5,6,7,3,2,6,2,7,7,7,7,7,6,7,6,8,7,8,7,8,8,7,8,7,7,8,8,8,7,7,8,8,8,8,7,7,8,4,7,7,7,8,9,8,7,8,7,7,7,7,7,3,7,8,7,6,6,6,7,8,24.0,7,7,8,8,7.0,8,7,8,8,7,7,7,7,6,6,6,6,8,6,4,7,7,8,8,7,7,6,7,7,8,8,7,7,8,8,8,8,6,6,6,8,10.0,33.0,19.0,8,7,6,6,7,6,7,9,8,5,8,8,6,8,0,7,6,6,8,7,7,7,8,8,8,6,7,7,8,5,6,7,8,6,8,7,6,8,8,8,7,7,7,7,8,7,7,7,5,6,7,7,7,7,6,8,5,7,7,7,7,6,7,8,8,7,8,7,7,8,8,6,7,9,7,7,6,7,7,7,7,8,7,7,8,8,7,7,8,7,23.0,7,8,8,7,7,7,6,6,5,6,5,5,7,8,8,7,8,8,6,6,7,8,8,7,8,8,8,7,8,7,5,4,8,7,7,7,8,0,8,7,7,7,7,7,7,8,6,8,8,6,7,7,7,5,8,7,8,8,8,8,7,7,7,6,8,7,7,8,6,5,8,8,8,14.0,8,7,7.0,7,5,6,6,8,6,7,8,7,13.0,6,8,8,7,6,7,7,9,8,0,7,7,7,6,7,7,4,8,6,8,7,8,8,8,7,8.0,8,8,7,9,7,8,8,7,6,7,7,7,8,7,,8,7,6,9,9,8,8,7,8,7,9,7,8,9,6,7,8,13.0,7,8,7,4,7,10,7,7,7,4,7,7,8,6,7,,6,6,7,8,22.0,8,7,7,7,7,7,8,7,8,8,8,8,32.0,15.0,9,9,15.0,8,8,8,8,9,9,7,7,8,9,8,25.0,8,7,7,9.0,8,7,6,7,7,7,7,8,5,7,8,22.0,24.0,,7,7,7,7,5,7,8,6,7,7,7,8,8,6,7,41.0,6,4,9,36.0,8,7,,7,4,8,7,8,7,8,8,8,,7,8,6,7,10.0,8,,8,7,7,7,8,7,,7,8,0,7,8,8,8,8,41.0,6,7,11.0,15.0,9,7,30.0,7,7,7,6,8,8,7,8,9,7,7,8,7,7,7,7,7,8,6,7,8,8,7,8,7,8,6,17.0,5,7,7,8,,7,9,7,9,9,6,8,7,9,36.0,8,,7,7,8,8,6,14.0,7,8,6,,11.0,8,8,42.0,,23.0,8,7,7,7,8,3,8,7,7,7,7,6,8.0,10.0,4,11.0,8,9,43.0,7,,8,8,7,0,3,7.0,8,7,8,7,7,7,10.0,9,8,8,,9,8,8,,,10,7,8,8,0,8,,8,8,10.0,,34.0,4,,8,9,7,7,,7.0,29.0,,7,1,27.0,8,7,7,23.0,38.0,7,32.0,,9,25.0,9.0,6,,11.0,9,39.0,,8,14.0,25.0,44.0,15.0,21.0,,8,,31.0,8,13.0,8,8,7,9,8,9.0,32.0,8,25.0,,6,21.0,7,8,9,,,0,8,8,8,7,7,7,,13.0,8,8,,8,35.0,22.0,8,8,,8,,,7,9,43.0,,19.0,8,33.0,30.0,11.0,7,17.0,,7,8,7,,,,40.0,11,7,8,,8,27.0,34.0,8,9.0,,15.0,31.0,9,7,13.0,26.0,0.0,,8,8,,8,24.0,8,9.0,7,22.0,19.0,,7,16.0,8.0,12.0,,,8.0,7,7,,,15.0,19.0,9,2,,8,24.0,9,11.0,18.0,,,,6.0,7,18.0,22.0,9,,,9.0,,0.0,,8,8,13.0,18.0,,,,23.0,,,,,,7,,,,13.0,,,10.0,8.0,18.0,,,9.0,8,8,10.0,16.0,8.0,7,8,21.0,7,8,39.0,8,9,,8,14.0,6,33.0,8,7,,,8,,7,,,,8,,,40.0,,,,9.0,8,11.0,15.0,28.0,40.0,7,,8,13.0,7.0,8.0,9,26.0,,,43.0,6,,,7,9,,,,,16.0,29.0,11.0,,,18.0,,9,42.0,,,,7.0,28.0,,7,,7.0,9,,,9,24.0,,14.0,,21.0,8,,,39.0,7,,33.0,,8,,,,,,12.0,9,8,11.0,,13.0,28.0,8,8,,,8,8,9,41.0,8,8,9.0,8,8,8,9,,10,9,6,7,9,,,7,9.0,,8.0,13.0,,44.0,,,11.0,,15.0,,8,7,26.0,36.0,9,,23.0,7,16.0,38.0,,,,,7,12.0,,39.0,,26.0,18.0,,7,,,40.0,,7,17.0,17.0,19.0,25.0,8,,33.0,34.0,,,9,22.0,38.0,8,33.0,,,0.0,,,23.0,,,,9,,,,49,10
7,7,6,7,7,5,7,7,8,9,7,7,7,7,3,7,7,7,7,7,7,6,8,7,8,8,8,8,7,7,7,8,8,8,8,7,7,8,8,8,8,7,7,10,7,7,7,6,8,10,9,7,8,7,8,8,7,8,7,8,7,7,6,7,2,3,8,,7,7,8,9,7.0,8,7,9,8,8,8,7,7,7,6,6,7,8,6,6,8,8,8,8,8,7,7,3,7,9,8,7,8,8,8,8,8,6,6,6,8,20.0,23.0,,8,7,7,7,7,8,7,9,8,6,8,8,8,8,8,0,6,4,7,5,7,6,8,8,8,7,8,8,8,5,6,7,7,7,8,7,9,8,8,8,7,7,7,7,8,7,7,8,4,6,7,7,6,7,7,7,6,6,7,8,6,7,7,9,8,8,4,7,7,7,8,5,7,9,7,7,7,7,7,7,8,7,6,8,8,8,7,7,8,7,,7,7,8,7,8,7,7,7,7,7,8,7,7,8,8,7,8,8,7,7,7,9,8,7,8,8,8,7,7,6,7,7,6,7,8,8,8,8,8,8,7,8,8,9,9,8,6,8,8,7,7,7,6,7,8,7,8,9,8,8,7,8,8,7,9,7,7,8,7,8,8,8,7,,8,7,40.0,0,7,6,6,7,7,8,8,8,18.0,5,7,7,8,8,7,7,9,9,8,4,7,8,7,8,8,7,8,7,8,8,8,8,8,7,25.0,8,8,7,9,7,8,9,0,8,8,7,7,8,7,22.0,8,9,7,9,9,8,8,7,8,7,9,7,8,9,8,7,8,19.0,8,8,6,8,7,10,7,7,7,8,9,8,8,7,7,16.0,6,7,7,7,21.0,8,7,7,7,9,7,8,6,7,4,8,8,20.0,0.0,8,8,11.0,8,8,8,8,8,8,7,8,7,8,7,25.0,8,7,7,26.0,8,7,7,9,8,8,8,8,7,8,7,,26.0,18.0,7,8,6,4,8,7,7,7,8,7,7,9,8,6,8,39.0,8,6,9,9.0,8,7,29.0,7,7,8,8,8,7,8,8,8,,6,9,8,7,11.0,8,9.0,7,4,7,7,9,8,,7,9,7,8,8,9,8,8,19.0,7,7,27.0,26.0,9,8,,7,8,7,5,7,8,7,10,9,7,7,8,7,6,7,5,8,8,7,8,9,9,9,10,8,10,7,,8,6,0,4,15.0,8,9,7,9,9,7,8,8,9,,0,,8,6,8,9,8,16.0,7,8,6,9.0,15.0,8,8,15.0,,33.0,8,8,7,7,8,7,8,7,8,8,8,8,15.0,14.0,8,,8,10,11.0,8,,7,8,8,10,9,29.0,7,8,9,8,7,8,22.0,9,6,8,,9,8,9,,31.0,10,8,9,8,7,8,30.0,9,8,24.0,,28.0,8,16.0,9,9,7,8,,11.0,,,7,8,21.0,8,7,8,15.0,,5,31.0,,9,,29.0,8,,9.0,9,17.0,,9,,25.0,22.0,20.0,,,8,,20.0,7,15.0,9,8,7,9,8,35.0,39.0,8,35.0,,6,9.0,5,8,9,,,8,8,8,9,8,8,8,,,8,9,,9,38.0,13.0,9,8,,8,0.0,,8,9,,,9.0,8,27.0,24.0,15.0,8,19.0,14.0,8,9,9,,24.0,,25.0,11,8,8,13.0,9,11.0,,7,,,0.0,9.0,8,9,14.0,0.0,11.0,39.0,9,8,10.0,8,34.0,8,6.0,8,24.0,15.0,,8,28.0,,40.0,,,23.0,7,7,25.0,,,19.0,9,8,,8,11.0,9,13.0,,,,,23.0,7,26.0,19.0,9,16.0,,34.0,,,,8,8,,37.0,,,13.0,19.0,,17.0,,,,5,,,,23.0,17.0,,25.0,27.0,39.0,,9.0,,9,9,23.0,26.0,15.0,7,8,,8,8,,9,9,23.0,9,,6,8.0,8,9,,10.0,8,,7,16.0,,,8,22.0,,,27.0,,40.0,9.0,8,18.0,25.0,32.0,11.0,8,,8,14.0,11.0,,9,13.0,,40.0,24.0,7,8.0,,7,9,,,,,,9.0,10.0,12.0,15.0,,,9,33.0,40.0,,,9.0,17.0,,8,,37.0,8,,21.0,9,10.0,,25.0,,,8,10.0,,8.0,8,,35.0,,8,,,17.0,,22.0,14.0,9,8,14.0,,36.0,23.0,9,8,,,8,8,10,20.0,9,8,,9,9,9,10,,10,9,9,7,9,8.0,19.0,6,28.0,,22.0,37.0,,24.0,,,,,,,8,8,34.0,16.0,9,13.0,19.0,8,35.0,30.0,,,,,7,10.0,,,15.0,34.0,18.0,,8,25.0,,30.0,,9,,22.0,28.0,9.0,9,,,15.0,,12.0,9,,18.0,8,21.0,,,,,,0.0,,,,8,,,,50,10
7,7,1,6,5,2,5,7,5,8,6,6,6,3,6,6,6,6,6,6,6,5,7,5,4,6,6,2,4,5,5,6,6,0,6,4,5,6,5,6,5,5,6,9,6,3,6,6,6,8,7,5,7,6,6,6,6,5,5,6,7,6,5,4,4,5,7,,5,6,7,7,7.0,7,6,7,7,6,6,6,6,6,5,5,6,7,2,5,6,4,6,6,6,5,6,3,5,6,7,7,6,7,7,7,7,5,6,5,6,,9.0,,7,6,5,4,5,7,6,7,7,5,7,6,7,7,6,6,4,5,7,3,5,6,7,6,6,6,6,7,6,6,6,4,7,6,7,6,8,7,7,6,5,6,6,6,7,7,3,6,4,6,6,5,0,5,5,6,6,2,5,6,5,6,6,7,7,5,7,6,6,7,7,5,5,8,6,6,6,6,6,6,7,6,6,6,6,0,6,6,6,5,34.0,5,6,3,6,6,6,6,5,5,5,7,6,6,7,7,6,7,7,6,6,6,8,7,6,7,7,6,6,6,6,6,6,7,6,6,6,7,7,7,6,6,7,6,8,8,7,5,7,6,3,6,6,4,6,7,6,7,7,5,7,6,7,7,7,8,7,6,7,5,6,6,7,7,24.0,7,5,27.0,6,5,5,5,7,5,6,7,6,,6,7,6,7,7,6,6,5,8,7,6,5,6,5,6,5,6,7,6,7,6,7,7,8,6,13.0,7,7,6,8,7,6,4,6,0,6,6,6,7,6,11.0,7,8,5,8,7,6,6,5,5,6,8,6,7,8,7,3,7,24.0,7,7,6,7,6,9,6,6,6,7,8,7,6,6,6,,6,6,6,7,18.0,6,6,6,6,8,6,7,6,7,7,7,7,18.0,15.0,8,7,,7,7,6,7,8,8,6,7,6,8,7,32.0,7,6,6,10.0,7,6,5,7,7,6,0,7,5,6,6,10.0,14.0,40.0,6,6,5,6,6,6,6,6,7,6,6,7,7,6,6,,7,5,8,16.0,3,5,33.0,5,6,7,6,7,6,7,7,6,,6,8,7,6,10.0,5,28.0,6,6,6,6,6,6,,6,8,3,7,6,5,6,7,12.0,6,6,34.0,22.0,7,6,11.0,6,6,6,6,7,7,6,9,8,6,6,7,6,6,5,6,7,6,6,7,8,8,8,8,6,9,2,10.0,7,6,7,7,11.0,6,8,6,8,8,6,7,5,8,32.0,7,,7,6,7,9,7,20.0,6,7,5,28.0,9.0,7,7,19.0,8.0,,7,7,6,6,6,6,7,6,7,6,7,6,29.0,8.0,7,,7,9,12.0,7,,6,7,6,9,8,23.0,7,7,8,6,7,7,,8,6,7,,7,6,7,,11.0,9,6,7,6,6,1,6.0,7,5,11.0,,11.0,7,39.0,7,8,6,7,,17.0,30.0,,7,8,8.0,5,6,6,22.0,9.0,6,8.0,13.0,8,21.0,20.0,6,,31.0,8,27.0,,7,26.0,7.0,20.0,15.0,,,7,,22.0,7,8.0,7,7,6,7,7,20.0,9.0,7,10.0,,7,15.0,5,6,8,,,7,7,7,7,6,7,7,,13.0,7,6,,8,37.0,8.0,7,7,,7,,21.0,6,8,11.0,,,7,,,,7,17.0,34.0,6,8,8,,,,11.0,10,7,7,,7,39.0,13.0,6,8.0,,10.0,,7,8,33.0,13.0,21.0,39.0,7,7,29.0,7,,7,20.0,8,39.0,32.0,,3,12.0,,,,33.0,7.0,6,6,6.0,,,6.0,7,7,,7,11.0,7,,20.0,,,,21.0,7,,20.0,8,38.0,,23.0,,,,7,7,,11.0,,19.0,11.0,10.0,,16.0,11.0,,,8,,,,33.0,32.0,,,,36.0,,10.0,8.0,7,9,12.0,8.0,7.0,5,7,17.0,6,7,9.0,7,6,15.0,7,14.0,5,,7,8,,22.0,4,,6,13.0,,,6,13.0,,32.0,,,0.0,35.0,7,,39.0,25.0,9.0,6,,6,32.0,0.0,,8,11.0,,25.0,,6,23.0,,5,6,,,,,5.0,23.0,6.0,12.0,,13.0,,8,,18.0,,,,6.0,,6,,12.0,7,,26.0,7,23.0,,11.0,0.0,,7,12.0,,7.0,6,,,,0,,,,,10.0,10.0,8,6,,,7.0,19.0,8,6,,,6,6,8,37.0,7,7,,7,7,0,8,,8,8,7,5,8,,23.0,7,,,10.0,11.0,,11.0,,,32.0,,36.0,,6,6,9.0,39.0,7,15.0,,6,10.0,,,,,,6,24.0,,10.0,9.0,18.0,,11.0,6,12.0,,,,7,,13.0,34.0,12.0,7,,,19.0,,,4,20.0,29.0,6,24.0,,,,,,11.0,,,9.0,8,,,,51,10
6,6,5,5,5,5,5,0,5,5,5,5,5,5,5,6,3,5,5,5,5,4,7,4,6,6,5,6,5,6,5,5,6,6,6,5,5,6,6,6,6,5,5,7,4,6,5,6,6,8,7,5,7,6,6,5,6,6,5,6,6,6,2,5,4,5,5,19.0,5,5,6,7,24.0,6,5,7,7,6,5,5,5,5,4,4,5,6,4,5,6,6,4,6,6,3,6,6,5,7,7,6,6,6,6,6,6,5,4,4,5,4.0,28.0,23.0,6,5,4,5,5,6,6,7,7,4,7,6,6,6,6,6,5,4,6,5,5,5,6,6,6,5,6,6,6,5,4,0,6,5,5,5,7,7,6,6,5,5,5,6,7,6,6,4,4,5,5,4,6,5,4,6,5,5,5,6,3,5,5,7,6,6,6,6,5,6,2,4,3,7,6,5,5,6,5,5,7,6,6,6,6,6,6,6,6,5,,5,6,6,6,4,6,5,5,5,5,6,5,5,0,6,6,6,6,5,5,5,7,6,5,6,6,6,5,6,6,5,5,6,5,6,6,7,6,6,6,6,6,6,4,5,6,4,6,6,5,5,5,5,4,6,5,5,7,6,7,5,6,6,6,7,6,5,6,5,6,6,7,6,34.0,6,5,17.0,5,4,3,4,6,5,6,6,6,40.0,1,0,6,3,6,5,5,7,6,6,5,5,6,5,6,6,5,6,5,6,6,6,6,7,5,6.0,6,6,5,5,6,6,7,6,6,6,5,6,6,3,17.0,6,4,5,8,8,6,6,5,6,5,7,6,6,8,6,6,7,9.0,7,7,5,6,5,8,5,5,5,5,6,6,6,5,5,12.0,5,3,5,5,35.0,6,5,4,5,4,5,6,5,7,6,6,7,19.0,23.0,7,7,26.0,6,6,6,6,7,7,5,7,0,7,6,6.0,6,6,5,15.0,6,5,5,5,3,6,6,7,5,6,5,,,10.0,5,6,5,5,5,5,6,3,6,5,5,7,7,5,6,,5,4,7,32.0,6,5,,5,5,6,6,6,5,7,7,6,,5,7,6,5,,6,6.0,6,4,5,6,7,6,,5,7,4,5,6,6,6,6,12.0,5,5,,7.0,7,5,30.0,5,6,5,6,3,6,5,7,7,5,6,7,6,5,4,5,6,4,5,5,6,7,6,7,1,6,0,24.0,6,5,6,7,14.0,6,7,6,8,8,5,6,6,7,19.0,5,,5,5,6,8,5,,3,6,5,38.0,7.0,6,6,,31.0,14.0,6,6,5,6,6,5,6,5,6,6,5,6,16.0,4.0,6,,6,7,,6,,5,5,6,7,6,16.0,6,6,7,6,6,6,30.0,8,6,6,,7,6,7,,18.0,8,6,7,6,5,6,40.0,7,6,5.0,,4.0,6,16.0,7,7,5,6,,15.0,,,5,6,14.0,7,6,6,6.0,24.0,5,11.0,8.0,7,6.0,10.0,7,0.0,13.0,8,34.0,,7,22.0,26.0,,14.0,9.0,,7,,15.0,6,32.0,7,6,6,7,6,,24.0,6,14.0,,6,,6,6,8,,,6,6,6,7,6,6,6,,24.0,6,6,,1,13.0,,7,6,,6,34.0,,6,8,25.0,,9.0,6,12.0,,19.0,6,9.0,,6,6,4,,,,25.0,9,6,7,7.0,7,37.0,38.0,3,32.0,,37.0,7.0,7,6,,,10.0,9.0,7,6,25.0,6,18.0,7,11.0,7,31.0,27.0,,6,27.0,9.0,22.0,17.0,20.0,16.0,5,5,,,35.0,,7,6,,6,,7,10.0,38.0,,,,,6,10.0,25.0,7,,,11.0,,,,7,6,5.0,10.0,,,,,,9.0,15.0,,,7,,8.0,,,37.0,,17.0,12.0,38.0,11.0,15.0,18.0,7,6,15.0,35.0,8.0,6,7,10.0,5,6,18.0,7,7,,7,,3,,6,6,,22.0,7,,6,26.0,,,6,4.0,,19.0,,,34.0,18.0,6,13.0,10.0,33.0,21.0,5,,6,,17.0,18.0,8,,,32.0,,4,29.0,,4,7,,,,,20.0,16.0,17.0,17.0,0.0,36.0,,7,,11.0,,,9.0,11.0,,6,,30.0,7,,0.0,7,27.0,,36.0,,33.0,6,,,15.0,6,,,,6,,,16.0,,,27.0,8,7,33.0,,9.0,17.0,3,6,,,7,6,8,,0,6,,7,7,7,8,,9,7,7,5,8,19.0,12.0,7,,,15.0,,,,,,12.0,,23.0,,6,6,11.0,,7,5.0,15.0,6,8.0,,,,,,6,40.0,,22.0,5.0,8.0,36.0,40.0,3,8.0,,34.0,,7,31.0,19.0,38.0,15.0,7,,33.0,38.0,,8.0,7,11.0,21.0,6,,,,,,,18.0,,,10.0,8,,,,52,10
5,6,5,5,3,5,2,4,6,6,5,5,5,4,5,5,5,5,5,5,5,5,6,5,6,6,6,6,5,5,5,6,6,6,6,5,6,6,6,6,6,5,4,6,1,6,5,4,6,7,7,5,7,6,5,5,0,5,4,6,6,6,3,4,4,5,6,,5,2,6,6,7.0,6,5,7,6,6,6,5,5,4,4,0,5,6,4,4,5,5,6,5,6,5,6,6,5,7,6,6,5,6,6,6,6,4,4,4,6,20.0,13.0,20.0,6,5,4,5,5,6,6,7,6,4,6,5,6,6,6,6,4,5,5,5,5,4,6,6,6,5,5,6,6,0,4,5,6,3,6,5,6,6,6,6,5,5,5,5,7,6,5,5,4,5,5,5,6,5,4,6,3,5,5,6,5,5,5,6,6,6,6,5,5,6,6,4,5,7,6,5,5,5,5,5,6,6,5,6,6,6,6,5,6,5,12.0,5,6,6,5,6,5,5,5,4,2,5,5,5,6,6,5,6,6,5,5,5,7,6,5,6,6,6,6,4,5,4,5,6,5,6,6,4,6,6,5,5,6,5,6,6,6,4,5,6,3,5,5,5,4,6,5,6,6,6,5,5,3,2,6,6,6,5,6,5,6,6,6,6,,6,5,6.0,5,5,5,4,6,4,5,6,4,26.0,5,6,6,6,6,5,5,7,5,6,5,5,6,5,6,5,5,6,5,6,5,6,6,6,5,16.0,6,6,5,7,6,6,7,6,6,6,4,5,6,5,8.0,6,6,5,7,6,6,6,5,6,5,7,6,6,7,6,6,6,14.0,7,7,5,6,5,8,5,5,5,5,2,6,6,5,4,,5,4,5,6,6.0,6,5,5,5,6,5,6,5,6,6,6,7,19.0,,7,7,34.0,6,6,6,6,6,7,5,5,6,7,6,21.0,6,5,5,7.0,6,5,5,6,2,5,6,6,5,3,6,10.0,18.0,31.0,5,0,5,5,5,5,6,5,6,5,5,7,6,5,5,34.0,6,2,7,8.0,6,5,20.0,5,5,6,6,6,5,7,7,6,,5,7,6,3,6.0,6,14.0,6,5,5,5,7,6,,6,7,5,5,6,6,6,6,24.0,3,5,,11.0,7,5,14.0,5,5,6,6,5,6,5,7,7,3,5,7,5,5,5,5,5,7,5,6,5,7,6,7,5,5,5,14.0,5,5,6,6,18.0,6,7,5,7,7,5,6,5,7,,7,,6,5,6,8,6,9.0,5,6,4,,7.0,6,6,,20.0,7.0,6,6,6,5,6,5,6,5,5,5,6,5,28.0,8.0,0,9.0,6,7,7.0,6,,6,6,6,7,7,15.0,6,6,7,5,6,6,29.0,7,6,6,,5,6,6,0.0,,8,5,6,6,5,6,,7,6,11.0,,,6,18.0,6,7,5,6,,27.0,35.0,,0,0,10.0,6,6,5,14.0,25.0,5,,23.0,6,13.0,14.0,6,,13.0,7,27.0,,6,,,,13.0,11.0,,7,,,6,18.0,7,6,5,7,6,13.0,16.0,6,7.0,,6,22.0,5,6,7,,,5,6,6,6,5,6,3,,28.0,6,7,,6,13.0,7.0,7,6,,6,25.0,13.0,5,8,,,17.0,6,16.0,16.0,9.0,6,8.0,27.0,6,7,6,,15.0,,14.0,9,6,7,22.0,6,,38.0,6,,,32.0,,7,6,13.0,38.0,16.0,22.0,7,6,14.0,6,5.0,6,9.0,7,,,,6,9.0,20.0,,12.0,15.0,10.0,5,5,,,4.0,8.0,7,6,,6,,7,34.0,30.0,,,,38.0,6,15.0,11.0,7,,,15.0,,,,6,7,10.0,16.0,,24.0,,26.0,,35.0,9.0,,,7,,12.0,,7.0,20.0,,31.0,11.0,,38.0,34.0,,6,7,13.0,8.0,,5,6,21.0,5,6,30.0,6,7,34.0,6,25.0,3,37.0,7,6,,15.0,6,,5,,,,6,11.0,,14.0,14.0,,12.0,36.0,6,,,,,6,,6,,,9.0,8,9.0,,,,4,16.0,,5,7,,,,,,6.0,25.0,,37.0,15.0,,7,14.0,6.0,,,16.0,37.0,,6,,,7,,30.0,7,0.0,,17.0,,11.0,6,,,,6,,,,6,,,,,18.0,24.0,8,7,26.0,,,37.0,7,6,,,7,6,8,,7,6,18.0,7,7,7,8,,8,8,7,5,7,16.0,31.0,5,21.0,,32.0,35.0,,33.0,,,8.0,,,,6,6,20.0,,7,37.0,33.0,6,21.0,7.0,,,,,5,24.0,,,25.0,17.0,6.0,27.0,6,19.0,,0.0,,7,13.0,,,6.0,7,,11.0,12.0,,7.0,7,30.0,14.0,6,14.0,,,,,,21.0,,,15.0,7,,,,53,10
11,11,8,10,9,4,10,11,10,12,10,11,10,9,11,10,10,10,10,10,10,9,12,9,10,10,8,10,6,9,9,10,7,10,5,9,10,10,10,10,10,10,10,13,10,11,10,10,11,13,12,10,12,9,10,10,10,10,9,10,11,11,9,6,10,10,11,22.0,10,10,11,12,,11,10,11,11,0,10,10,10,10,9,10,9,11,9,10,10,10,11,11,11,10,11,11,6,7,11,10,0,11,11,11,12,10,10,9,11,16.0,27.0,25.0,11,10,8,9,9,9,10,11,12,9,12,10,11,11,11,10,8,10,11,10,10,10,11,10,10,10,10,11,11,10,10,10,11,10,11,10,12,11,11,10,10,10,10,10,12,10,10,11,9,11,10,10,10,6,9,10,10,9,10,10,10,10,10,12,11,11,12,10,10,11,12,9,10,12,10,10,11,10,10,11,5,11,10,6,11,11,11,11,11,8,20.0,10,11,9,11,10,9,10,10,9,10,11,11,10,11,11,10,11,11,10,10,11,12,11,10,11,11,10,10,11,11,10,10,11,10,11,11,10,11,12,11,10,11,10,12,12,11,9,11,10,10,10,10,10,10,11,11,11,11,10,11,10,11,12,10,12,11,9,11,10,11,11,12,11,,12,10,10.0,10,10,10,10,10,10,10,11,11,15.0,10,11,11,11,11,10,10,12,12,11,10,10,10,9,9,10,10,11,9,11,11,11,11,12,11,28.0,11,11,10,11,11,11,10,10,12,11,8,10,11,10,31.0,11,12,9,12,12,10,10,10,9,10,12,10,11,12,11,11,11,,12,12,11,11,10,13,10,10,10,11,12,11,10,10,10,30.0,10,10,10,11,11.0,11,10,11,11,12,10,11,11,12,11,11,12,14.0,,12,12,28.0,11,11,11,11,12,11,10,11,11,12,11,18.0,11,11,11,49.0,11,10,10,12,11,10,8,11,7,10,11,14.0,,17.0,10,11,10,9,10,10,10,8,11,10,10,11,11,10,11,,11,9,12,26.0,10,9,15.0,11,10,11,10,11,10,11,11,11,,10,11,11,10,27.0,10,17.0,11,10,8,10,12,10,,7,12,11,11,11,10,11,11,0.0,10,10,,,12,11,,10,10,11,11,11,11,10,12,13,10,10,11,10,10,10,10,11,11,10,12,12,12,12,13,11,11,10,16.0,11,11,12,11,,10,11,11,11,0,10,11,10,12,13.0,12,,11,10,11,12,11,39.0,10,11,5,48.0,13.0,12,11,38.0,,12.0,11,12,11,11,10,10,11,10,11,11,11,10,24.0,14.0,12,,11,13,18.0,11,,11,12,11,13,12,,11,11,12,11,11,11,29.0,13,11,11,,12,10,12,,,14,11,11,10,11,0,13.0,12,11,,,,11,15.0,11,13,11,12,,18.0,38.0,,11,12,14.0,11,11,10,22.0,21.0,10,17.0,26.0,12,17.0,0.0,12,,21.0,12,10.0,,12,13.0,17.0,,46.0,17.0,,12,,12.0,11,,12,11,11,12,11,22.0,,11,21.0,,11,,10,11,12,,,11,11,10,12,11,11,11,,18.0,11,12,,13,14.0,42.0,12,11,0.0,10,,26.0,11,13,13.0,,25.0,11,15.0,,26.0,11,15.0,,11,12,12,,34.0,,14.0,15,12,11,,12,,18.0,11,10.0,,0.0,39.0,13,12,44.0,31.0,26.0,33.0,11,11,36.0,12,20.0,11,27.0,12,11.0,27.0,,10,12.0,35.0,21.0,12.0,,,11,11,17.0,,40.0,11.0,11,12,,9,14.0,12,44.0,28.0,,,,12.0,12,,30.0,12,22.0,,,,,,10,12,,27.0,,16.0,20.0,24.0,,18.0,,,,12,,16.0,,38.0,17.0,,,18.0,17.0,17.0,16.0,20.0,11,13,19.0,13.0,,8,11,15.0,10,12,27.0,11,11,,12,49.0,9,21.0,11,12,,29.0,11,,11,12.0,,,11,,,46.0,27.0,,14.0,27.0,11,,34.0,,,11,,9,,16.0,44.0,13,14.0,,21.0,19.0,10,17.0,,10,11,,,,,31.0,12.0,19.0,,33.0,17.0,,12,43.0,,,,,31.0,,11,,,11,,14.0,12,13.0,,11.0,,12.0,11,48.0,,36.0,10,0.0,20.0,,9,,,15.0,,33.0,23.0,13,11,35.0,,13.0,21.0,12,11,,,11,11,12,33.0,10,11,32.0,12,11,12,13,,13,12,12,10,12,22.0,,12,,,41.0,20.0,,,,,,,39.0,,11,0,42.0,20.0,11,34.0,39.0,12,43.0,31.0,,,,42.0,11,37.0,,,29.0,,,,11,,,30.0,,11,,36.0,,10.0,11,,25.0,17.0,,39.0,11,24.0,19.0,9,,,,,,,18.0,,,20.0,12,,,,54,10
7,6,6,6,6,5,6,6,7,8,6,6,6,5,6,6,6,5,6,5,5,3,7,5,6,6,6,6,5,6,5,6,6,6,6,5,5,6,6,6,6,5,5,9,4,6,6,5,6,7,7,6,7,6,6,6,6,6,5,6,6,6,4,5,5,3,6,31.0,5,5,6,5,0.0,7,5,6,6,4,5,6,5,5,4,4,0,6,5,5,6,6,6,6,4,6,6,6,5,7,7,5,6,6,6,6,7,5,4,4,6,37.0,24.0,8.0,7,5,5,1,5,6,6,7,7,4,7,6,6,6,6,6,5,4,6,6,6,3,6,6,6,5,7,6,7,6,5,6,6,5,6,5,7,7,7,5,5,5,5,6,7,6,6,6,4,6,0,1,6,5,5,6,5,4,5,5,5,5,6,7,6,6,7,6,5,5,7,5,5,7,6,5,6,5,6,6,7,7,6,7,6,6,6,6,6,6,,6,7,7,6,5,6,5,5,5,5,7,6,6,7,3,6,7,6,5,6,6,7,5,6,6,6,6,6,4,6,4,6,7,6,6,6,7,7,7,6,6,6,5,8,8,7,5,7,6,5,5,5,5,5,7,6,6,7,5,7,5,7,7,7,8,6,5,6,5,6,7,7,6,15.0,7,6,25.0,5,6,4,5,6,6,6,6,5,9.0,5,6,6,7,7,6,6,7,7,7,5,6,6,5,6,6,5,7,6,6,6,6,6,7,6,31.0,6,7,5,7,6,7,7,6,7,6,6,6,7,5,27.0,7,8,4,8,8,6,6,5,6,5,7,6,6,8,7,5,7,20.0,7,7,6,7,6,8,5,5,5,7,8,6,6,5,6,9.0,5,5,1,6,,6,5,5,2,6,5,7,5,7,6,7,6,24.0,13.0,7,7,8.0,7,7,6,6,7,7,5,7,6,7,6,31.0,7,6,5,33.0,7,5,5,8,7,6,6,6,5,6,6,10.0,20.0,0.0,5,6,5,5,6,6,6,5,6,5,5,7,7,6,6,23.0,6,2,8,,6,0,26.0,6,5,6,6,6,6,7,7,7,,5,8,7,6,17.0,6,14.0,6,6,6,6,7,6,,6,7,7,6,6,7,6,5,,5,5,27.0,24.0,7,2,,4,6,6,6,6,6,0,9,8,6,6,7,6,5,5,5,7,7,6,7,8,8,8,8,7,9,6,7.0,3,6,7,7,,6,8,6,8,8,5,0,6,7,12.0,7,,7,6,7,8,7,13.0,5,7,5,,17.0,7,6,12.0,13.0,,6,7,6,6,6,2,6,5,6,4,6,6,15.0,16.0,7,30.0,7,9,,6,,6,7,6,9,8,27.0,6,7,0,6,6,7,25.0,8,6,6,,8,6,6,,,8,6,7,6,6,6,9.0,7,7,16.0,,19.0,7,,7,8,5,7,,12.0,20.0,,6,8,,7,6,5,13.0,38.0,5,20.0,11.0,8,7.0,28.0,7,,20.0,8,22.0,,7,,,,7.0,,,7,,27.0,6,34.0,7,6,6,7,7,15.0,,7,13.0,,7,10.0,6,6,8,,,6,6,6,7,6,6,6,,25.0,6,7,,8,,17.0,7,6,,7,,6.0,6,8,20.0,,18.0,6,22.0,37.0,25.0,6,,14.0,7,8,7,,17.0,,,9,7,7,8.0,7,9.0,,6,23.0,,8.0,38.0,8,8,27.0,,13.0,27.0,7,6,27.0,5,,7,11.0,7,12.0,7.0,,7,6.0,16.0,19.0,14.0,,,5,6,8.0,,37.0,,6,7,,6,29.0,7,35.0,18.0,,,,13.0,7,,15.0,7,15.0,,,,,,7,7,33.0,7.0,,,17.0,,,12.0,,,,7,,30.0,,12.0,12.0,,,24.0,11.0,30.0,,36.0,7,9,,7.0,24.0,6,7,26.0,5,7,,7,7,30.0,7,20.0,5,29.0,7,8,,21.0,7,,6,,,,6,31.0,,5.0,14.0,,29.0,32.0,7,13.0,21.0,,6.0,7,,6,9.0,24.0,12.0,0,8.0,,,18.0,5,12.0,,6,7,,,,,37.0,25.0,6.0,38.0,,,,7,16.0,38.0,,,21.0,38.0,,6,,10.0,7,,10.0,7,,,18.0,,36.0,6,22.0,,11.0,6,,36.0,,3,0.0,,,,7.0,10.0,8,7,,,7.0,,8,6,,,7,7,7,16.0,8,7,16.0,8,7,7,9,,9,8,8,5,8,14.0,12.0,7,,,35.0,,,26.0,,,29.0,,37.0,,7,6,7.0,12.0,6,11.0,17.0,7,9.0,7.0,,,,,6,,,32.0,,9.0,33.0,13.0,6,16.0,,32.0,,6,20.0,,34.0,27.0,6,,,26.0,,19.0,7,,22.0,7,7.0,,,,,,13.0,,,18.0,8,,,,55,10
5,5,5,4,4,5,5,5,5,5,4,4,5,4,5,4,4,2,3,4,4,3,6,4,5,5,5,4,4,5,4,4,3,5,5,4,5,5,5,5,5,4,4,7,0,5,4,5,5,7,6,5,6,5,5,5,5,5,4,5,3,5,3,4,4,5,5,4.0,4,4,5,6,,5,4,6,6,5,5,5,4,3,0,3,3,5,3,2,5,5,5,5,5,4,5,5,4,6,6,5,5,5,6,0,5,4,1,3,5,25.0,20.0,,6,4,4,4,4,5,5,6,6,3,6,4,5,5,5,5,3,4,5,4,4,4,5,5,5,4,5,5,5,4,4,4,5,0,5,4,6,6,5,5,4,4,4,4,6,5,5,5,3,4,3,4,5,4,4,5,3,4,4,5,4,3,5,6,6,5,6,4,3,5,5,4,4,6,5,4,2,4,4,5,6,6,5,5,5,5,5,5,6,4,9.0,5,5,6,5,5,5,2,4,4,4,6,5,4,0,5,4,5,5,4,4,4,6,2,4,5,5,5,4,5,5,4,5,5,4,5,5,6,6,6,5,5,5,3,7,7,4,3,5,5,4,4,4,4,4,5,5,5,6,5,5,2,6,6,6,7,5,4,5,5,5,5,5,5,14.0,6,4,12.0,4,5,3,1,5,4,5,5,5,,4,5,5,4,4,4,4,6,6,6,4,4,5,4,5,5,4,5,5,5,4,5,5,6,4,16.0,5,5,4,6,5,5,6,5,4,4,3,5,6,4,33.0,5,6,4,6,6,5,5,4,5,3,6,4,5,7,5,5,6,33.0,6,6,5,5,5,7,4,4,2,5,6,5,5,4,4,8.0,4,4,4,5,21.0,5,4,4,5,4,4,3,4,5,5,5,6,37.0,31.0,6,3,19.0,5,5,5,5,6,6,4,5,4,5,5,11.0,5,5,4,30.0,5,4,4,6,6,5,5,6,5,5,5,27.0,,6.0,5,5,4,4,5,5,5,3,5,4,4,6,5,4,5,8.0,5,4,6,8.0,5,2,,5,4,5,5,5,5,6,6,5,,4,7,6,4,28.0,5,13.0,4,5,4,5,6,5,,5,6,5,5,5,6,5,6,5.0,4,4,,5.0,6,4,,5,5,5,5,5,5,4,7,7,5,4,4,5,4,4,4,6,6,5,6,6,7,6,7,3,7,5,10.0,5,5,6,6,37.0,5,7,5,7,7,4,6,5,6,18.0,6,,6,4,6,7,5,,4,5,2,38.0,8.0,6,5,,19.0,19.0,4,5,3,5,0,4,5,4,4,5,5,5,6.0,7.0,1,11.0,6,7,19.0,5,,5,4,5,7,6,6.0,5,5,7,5,5,6,19.0,7,5,5,,6,5,5,,,8,5,6,5,5,5,,6,5,0.0,,27.0,6,15.0,6,7,4,6,,28.0,20.0,,5,6,23.0,6,5,4,11.0,10.0,4,7.0,24.0,5,6.0,,5,,10.0,7,18.0,,6,20.0,31.0,,38.0,12.0,,6,,29.0,5,24.0,6,5,5,6,6,0.0,14.0,6,39.0,,6,17.0,4,5,7,,,5,5,5,6,5,5,5,,17.0,5,6,,6,13.0,23.0,6,5,,6,18.0,24.0,5,7,12.0,,30.0,5,14.0,14.0,,5,20.0,30.0,6,6,6,,11.0,,34.0,9,6,5,11.0,6,15.0,26.0,5,26.0,,6.0,22.0,6,5,,11.0,27.0,31.0,6,5,,6,,6,28.0,6,10.0,39.0,,5,16.0,6.0,17.0,7.0,,9.0,4,5,7.0,,0.0,30.0,5,5,,5,,6,7.0,23.0,,,,23.0,6,17.0,7.0,6,10.0,,8.0,,,,6,6,33.0,19.0,,,10.0,12.0,,,,,,6,,5.0,,16.0,32.0,,,9.0,,,15.0,31.0,6,7,,15.0,,5,6,20.0,5,6,22.0,6,0,13.0,4,20.0,4,39.0,6,6,,,6,,5,,,,4,8.0,,11.0,,,,22.0,6,,23.0,19.0,,6,,6,14.0,11.0,,7,8.0,,9.0,24.0,4,13.0,,5,4,,,,,,,23.0,18.0,14.0,32.0,,6,25.0,12.0,,,11.0,39.0,,5,,,6,,18.0,6,,,23.0,,15.0,5,15.0,,11.0,5,,10.0,,5,,,38.0,,,6.0,7,6,6.0,,15.0,,6,5,,,6,6,7,17.0,7,6,38.0,7,6,6,7,,7,7,6,4,7,12.0,23.0,6,12.0,,12.0,,,,,,,,21.0,,6,5,13.0,,6,23.0,7.0,6,7.0,,,,,,5,16.0,,8.0,11.0,,,6.0,4,,,14.0,,6,11.0,31.0,12.0,28.0,6,,6.0,5.0,,,6,11.0,,6,36.0,,,,,,,,,,7,,,,56,10
6,6,5,5,5,5,6,6,6,7,5,6,6,4,3,5,5,5,5,5,5,5,7,5,6,6,6,6,5,6,5,5,6,6,6,5,5,6,6,6,6,3,5,8,5,6,5,1,4,7,6,5,7,6,6,6,4,6,5,5,6,6,4,5,5,5,6,10.0,5,5,6,5,35.0,6,5,6,6,5,6,5,3,3,4,4,3,6,4,4,6,5,6,6,6,5,6,6,5,7,6,6,6,6,7,6,7,4,5,4,6,12.0,8.0,6.0,6,5,4,1,3,6,0,7,7,4,6,6,6,6,6,5,4,4,6,5,5,5,6,6,6,5,6,6,4,5,4,5,6,2,6,5,7,6,6,6,5,5,5,5,7,6,5,5,4,5,5,2,5,5,4,6,5,4,5,5,2,5,5,7,6,6,7,6,5,6,7,5,5,7,6,5,6,5,5,5,6,6,6,6,6,6,6,6,6,5,9.0,5,6,6,5,6,6,0,5,5,4,7,5,5,6,6,6,6,6,5,5,5,7,6,5,6,6,6,5,6,6,5,4,6,5,6,6,6,6,6,5,4,6,5,8,7,6,4,6,6,4,4,5,5,4,6,5,6,6,5,7,5,6,7,7,7,6,5,6,5,6,6,6,6,25.0,6,5,4.0,4,5,4,3,6,5,6,6,5,29.0,5,6,6,7,6,5,5,7,7,6,5,5,5,2,6,6,5,7,6,6,6,6,6,7,6,,6,6,5,7,6,6,0,6,7,6,5,6,6,5,,6,7,3,7,7,6,6,5,5,5,7,6,6,7,6,6,6,,7,7,5,6,5,8,5,5,5,6,7,6,5,5,5,17.0,5,5,5,6,5.0,5,5,5,5,7,5,6,5,7,6,6,7,,,7,7,24.0,6,6,6,6,7,7,5,7,6,7,7,16.0,6,6,5,26.0,6,5,5,7,0,6,6,6,5,6,6,17.0,,28.0,5,6,5,5,6,5,4,5,6,5,0,6,6,5,5,,6,4,7,8.0,6,5,10.0,5,5,4,0,5,6,6,6,6,,5,8,7,5,5.0,5,18.0,6,5,5,5,7,6,,5,7,6,6,6,6,6,6,9.0,5,5,34.0,6.0,7,5,,5,6,6,6,6,5,5,8,8,5,5,7,5,5,5,5,7,6,6,7,7,8,7,8,6,8,5,15.0,5,5,7,6,36.0,5,7,6,8,8,5,6,6,7,0.0,4,,7,5,4,8,7,17.0,5,6,4,11.0,28.0,6,6,20.0,34.0,,5,6,6,5,5,1,6,5,6,5,6,6,26.0,27.0,7,30.0,6,8,8.0,6,,6,6,6,8,7,37.0,6,5,7,6,6,6,16.0,8,6,6,,7,6,6,,,8,6,7,6,5,6,,7,6,7.0,,28.0,6,,7,7,5,7,,23.0,,,5,6,0.0,5,6,4,8.0,10.0,5,,,7,19.0,37.0,7,,,8,16.0,,6,9.0,22.0,7.0,10.0,20.0,,7,,,6,16.0,7,6,6,5,6,27.0,20.0,6,9.0,,6,,5,6,8,,,6,6,6,7,6,6,6,,10.0,6,7,,7,14.0,,7,6,,7,20.0,8.0,6,8,,,,6,21.0,5.0,10.0,6,,14.0,6,8,7,,12.0,,0.0,9,6,7,7.0,7,22.0,20.0,6,15.0,,16.0,15.0,8,8,23.0,32.0,21.0,,6,6,,7,7.0,6,8.0,7,19.0,21.0,,6,26.0,18.0,12.0,26.0,,10.0,5,5,,,,,7,7,,6,16.0,7,29.0,31.0,,,,,7,24.0,,7,8.0,,6.0,,,,7,7,13.0,,,,18.0,29.0,,14.0,5.0,,,7,,,,10.0,,,19.0,17.0,21.0,24.0,7.0,,7,8,8.0,12.0,0.0,6,7,31.0,5,6,7.0,7,7,27.0,6,,5,6.0,7,7,,,6,,5,6.0,,,6,9.0,,20.0,,,13.0,22.0,6,13.0,11.0,,12.0,6,,6,23.0,19.0,16.0,8,,,5.0,26.0,5,10.0,,5,6,,,,,7.0,30.0,31.0,19.0,20.0,,,7,,29.0,,,15.0,25.0,,6,,22.0,7,,34.0,7,,,7.0,,31.0,6,20.0,,7.0,6,,17.0,,6,,,19.0,,7.0,31.0,8,7,19.0,,10.0,30.0,7,6,,,6,6,7,,7,7,20.0,7,2,7,8,,5,8,7,5,7,14.0,9.0,6,,,13.0,6.0,,,,,13.0,,12.0,,6,6,29.0,14.0,7,,18.0,7,6.0,37.0,,,,,5,,,,13.0,,9.0,35.0,6,31.0,,,,2,,32.0,8.0,17.0,5,,7.0,24.0,,17.0,7,14.0,19.0,6,15.0,,,,,,35.0,,,15.0,8,,,,57,10
5,5,5,5,4,4,5,5,1,0,4,5,5,5,5,5,5,4,5,4,5,1,6,4,6,5,6,5,4,5,5,5,6,6,6,5,5,6,6,5,6,4,4,6,4,5,5,5,5,7,6,4,6,5,5,5,5,5,4,5,5,5,3,4,3,4,4,12.0,4,5,5,6,22.0,6,5,6,6,5,5,5,4,4,3,4,4,6,3,4,5,5,5,5,5,4,0,5,4,6,6,5,3,5,6,5,6,4,4,4,5,39.0,24.0,5.0,6,5,4,4,5,6,5,7,6,3,6,5,5,5,5,5,4,4,5,3,4,4,6,5,5,4,5,5,6,4,2,1,4,4,5,5,6,6,5,5,4,4,4,5,6,5,5,5,3,5,5,5,6,4,4,5,5,4,5,5,4,4,5,6,6,5,6,5,5,5,6,4,3,6,5,4,5,5,5,5,6,6,5,6,5,4,5,5,5,4,28.0,5,3,5,5,5,5,2,4,4,4,5,5,4,6,5,5,6,6,5,5,5,6,0,4,6,6,5,5,5,4,4,5,4,4,5,5,6,5,4,5,3,5,5,6,4,6,4,6,5,5,5,5,5,4,6,5,6,6,5,6,5,5,5,3,6,5,5,6,5,6,6,4,6,38.0,6,5,15.0,4,5,4,3,5,5,5,6,5,27.0,4,5,5,6,5,4,4,6,7,6,4,4,5,4,5,5,5,6,5,5,5,5,5,6,5,15.0,4,6,5,6,0,5,7,5,5,5,5,5,6,3,10.0,5,6,4,7,7,5,5,5,5,4,6,5,6,7,6,5,6,43.0,6,6,5,6,4,7,4,0,4,5,4,5,5,3,5,18.0,4,4,2,5,6.0,6,4,5,5,6,4,5,4,6,5,3,6,31.0,19.0,6,6,11.0,5,6,5,5,6,6,2,5,5,6,2,,6,5,5,,6,4,4,4,5,5,5,6,5,5,6,,,30.0,5,5,4,4,5,5,5,4,6,5,5,6,6,5,5,15.0,6,3,7,14.0,6,5,28.0,5,4,6,5,6,5,6,6,6,,5,6,5,4,,5,41.0,6,5,5,5,7,5,,4,6,5,5,6,6,6,6,,5,4,31.0,13.0,6,5,24.0,4,4,5,5,5,6,4,5,6,5,5,6,5,5,4,5,6,6,5,5,6,6,6,6,5,7,5,26.0,5,5,6,6,,5,7,5,7,7,4,6,5,7,,6,,2,5,6,7,5,9.0,5,6,4,28.0,15.0,6,5,8.0,7.0,14.0,5,6,5,5,6,1,6,0,5,5,6,5,36.0,16.0,4,9.0,5,6,5.0,4,,6,6,5,7,0,,5,5,6,6,5,5,30.0,7,5,5,,7,5,6,,20.0,8,5,6,6,5,6,11.0,6,5,,,8.0,3,15.0,6,7,5,6,,13.0,,,5,6,13.0,6,5,5,13.0,,5,41.0,7.0,7,7.0,6.0,6,,9.0,7,,,6,25.0,,,23.0,,,6,,,5,24.0,6,5,5,6,6,18.0,12.0,6,20.0,,6,,5,6,7,,,5,5,6,7,5,5,5,,7.0,5,6,,6,23.0,21.0,6,6,,6,9.0,6.0,6,7,5.0,,13.0,5,18.0,7.0,27.0,5,11.0,,6,6,6,,,,20.0,9,5,6,34.0,6,,,5,37.0,,8.0,34.0,7,4,35.0,,5.0,,6,5,23.0,6,38.0,6,7.0,6,,21.0,,5,21.0,31.0,31.0,19.0,35.0,21.0,5,5,,,34.0,,7,5,,5,30.0,6,23.0,,,,,6.0,6,22.0,5.0,6,15.0,,30.0,,,,4,6,22.0,,,25.0,11.0,15.0,,36.0,14.0,,,7,,,,17.0,8.0,,15.0,35.0,26.0,13.0,,25.0,6,6,,9.0,8.0,5,6,23.0,5,6,15.0,6,6,6.0,6,,0,13.0,6,6,,,6,,5,,,,6,23.0,,44.0,,,14.0,8.0,6,38.0,10.0,,6.0,6,,6,25.0,15.0,,7,18.0,,,26.0,4,17.0,,4,6,,,,,12.0,6.0,20.0,18.0,,11.0,,6,,8.0,,,17.0,14.0,,5,,43.0,7,,8.0,6,,,,,,5,,,13.0,5,,8.0,,6,,,,,18.0,22.0,7,6,16.0,,,44.0,6,6,,,6,5,7,41.0,7,6,39.0,7,6,5,7,,8,6,6,4,7,13.0,14.0,6,32.0,,20.0,8.0,,22.0,,,8.0,,,,6,5,27.0,,7,16.0,4.0,6,25.0,9.0,,,,,0,24.0,,8.0,8.0,,0.0,44.0,3,16.0,,10.0,,6,25.0,8.0,12.0,8.0,6,,29.0,40.0,,,7,32.0,21.0,6,,,,,,,38.0,,,6.0,7,,,,58,10
7,7,6,6,6,5,6,7,7,8,3,6,7,6,6,5,6,6,6,6,4,5,8,6,7,7,7,6,6,7,5,6,7,7,7,6,6,7,7,7,7,3,6,9,6,6,6,6,7,7,8,6,7,7,6,6,7,3,5,6,7,7,2,6,5,6,6,,6,6,7,8,12.0,7,6,7,7,7,7,6,6,6,5,5,6,7,5,5,7,6,7,7,7,6,6,6,6,8,7,7,7,7,7,6,7,6,6,4,7,0.0,,13.0,5,6,6,6,6,7,0,8,7,5,7,7,7,7,7,7,3,5,7,6,6,0,7,7,7,6,7,7,6,6,5,5,6,6,7,6,8,7,7,6,6,6,6,7,8,7,7,7,2,7,6,6,6,5,4,6,6,6,6,7,5,6,6,7,7,7,7,6,6,7,7,5,6,8,7,6,6,6,7,6,7,7,7,7,6,4,6,5,7,5,34.0,6,6,6,5,6,6,6,6,6,6,8,4,6,7,7,4,7,7,6,5,6,8,7,6,7,7,7,3,7,6,6,6,7,6,7,7,8,7,7,7,6,7,6,8,8,7,5,7,3,4,4,6,6,6,7,3,7,7,6,7,6,7,8,8,9,7,6,7,6,7,7,7,7,9.0,7,6,,6,6,5,5,7,6,5,5,6,,6,7,6,7,7,6,6,8,7,7,6,6,7,6,7,6,6,7,6,7,6,7,7,8,6,20.0,7,7,6,8,7,7,7,7,8,7,6,6,7,6,,7,8,5,8,8,7,7,6,7,5,8,6,7,8,7,6,7,8.0,8,7,6,7,6,9,6,6,6,7,8,7,7,6,7,10.0,6,5,6,6,18.0,7,6,6,6,8,6,7,6,7,7,7,7,,19.0,8,8,,7,7,7,5,8,8,6,7,6,8,4,,7,6,6,32.0,7,6,6,3,7,7,6,3,6,6,7,23.0,30.0,13.0,6,7,6,6,7,7,7,5,7,4,6,7,7,6,7,34.0,7,5,9,30.0,7,6,16.0,6,6,7,7,7,6,7,5,4,,6,7,8,6,30.0,7,11.0,7,3,6,7,7,7,,6,8,7,6,7,7,7,8,23.0,6,6,28.0,0.0,8,6,,6,6,3,6,7,7,6,9,8,6,6,7,6,6,6,6,7,6,6,7,0,8,8,9,7,8,6,10.0,7,6,8,7,,6,8,7,8,8,6,8,6,6,37.0,8,,7,6,7,9,7,37.0,6,7,6,29.0,8.0,7,7,,28.0,36.0,7,7,7,7,7,6,7,6,7,7,7,6,22.0,9.0,8,18.0,7,9,,7,,7,6,7,9,8,9.0,7,7,8,6,6,7,,8,7,7,,8,7,3,,7.0,7,7,8,7,7,7,6.0,7,6,6.0,,17.0,6,11.0,8,8,6,7,,5.0,,,7,8,30.0,7,7,6,15.0,14.0,6,17.0,31.0,9,0.0,19.0,7,,10.0,8,9.0,,6,29.0,,26.0,8.0,18.0,,8,,13.0,7,10.0,8,7,7,8,7,20.0,26.0,7,17.0,,7,23.0,7,7,8,,,7,7,7,8,5,7,7,,20.0,7,8,,9,,26.0,8,7,,7,16.0,25.0,6,9,8.0,,20.0,6,,11.0,16.0,7,15.0,18.0,7,5,8,,11.0,,22.0,9,8,8,7.0,7,9.0,36.0,7,10.0,,38.0,25.0,8,8,10.0,12.0,25.0,,8,5,21.0,7,16.0,6,15.0,8,15.0,10.0,,5,,,28.0,26.0,,12.0,6,5,34.0,,10.0,31.0,7,8,,7,34.0,8,21.0,15.0,,,,,6,28.0,7.0,8,0.0,,8.0,,,,0,8,,19.0,,,,18.0,,29.0,,,,8,,38.0,,39.0,23.0,,26.0,,11.0,20.0,38.0,,7,9,,22.0,29.0,7,7,21.0,4,7,8.0,7,8,11.0,8,21.0,5,,7,8,,24.0,7,,7,21.0,,,7,6.0,,18.0,34.0,,15.0,,7,15.0,37.0,,,7,,7,,24.0,14.0,8,,,,20.0,6,,,6,7,,,,,,10.0,21.0,35.0,,,,8,17.0,29.0,,,22.0,13.0,,6,,,8,,21.0,8,31.0,,11.0,,30.0,7,10.0,,8.0,7,,18.0,,5,,,16.0,,,,9,7,20.0,,33.0,8.0,8,7,,,7,6,9,12.0,8,7,,8,7,8,8,,0,7,7,6,7,9.0,26.0,7,16.0,,,11.0,,36.0,,,22.0,,7.0,,5,7,28.0,14.0,8,7.0,11.0,8,21.0,32.0,,,,,7,19.0,,29.0,20.0,,15.0,,7,13.0,,38.0,,8,18.0,28.0,12.0,35.0,8,,11.0,,,0.0,8,,,7,,,,,,,24.0,,,39.0,8,,,,59,10
9,8,7,8,7,8,8,8,9,9,7,8,8,5,8,8,7,7,8,7,8,7,9,7,9,8,9,8,7,8,8,8,8,9,9,8,8,9,6,8,8,7,8,11,7,8,7,8,8,9,9,8,9,8,0,8,8,8,7,8,8,8,6,7,7,8,8,36.0,7,7,8,9,,9,8,8,9,7,8,8,7,7,6,7,7,8,7,6,8,8,8,8,8,8,9,8,8,9,9,8,8,9,9,8,9,6,7,6,8,,8.0,16.0,9,8,7,7,8,9,8,9,9,6,9,8,8,8,8,8,7,6,8,7,7,7,9,8,8,7,8,8,8,8,5,8,8,7,8,7,9,9,9,8,7,4,4,8,9,8,8,8,6,8,8,7,8,7,7,8,7,7,7,8,7,7,6,9,9,8,9,8,7,8,4,6,7,9,8,7,8,8,7,8,8,9,8,8,8,9,8,8,9,8,,8,9,9,8,9,8,7,7,7,7,9,8,8,7,6,8,9,9,7,7,8,9,8,7,8,8,8,8,8,8,7,8,9,7,8,8,9,9,9,8,8,8,8,10,10,9,6,8,8,7,7,7,7,3,9,7,9,9,8,9,8,9,9,9,10,8,7,9,8,8,8,9,8,,9,7,7.0,7,7,5,7,8,7,8,8,6,,7,8,8,9,9,8,7,10,9,8,7,8,8,7,8,8,8,9,8,9,8,8,8,9,8,,8,9,8,10,8,8,8,8,9,8,8,8,9,7,20.0,9,10,7,9,9,8,8,8,8,6,9,8,9,10,8,8,9,16.0,9,9,8,9,8,10,6,7,7,9,10,8,8,7,8,29.0,7,7,7,8,33.0,9,7,8,8,10,7,8,7,9,8,0,9,,35.0,9,9,20.0,8,8,8,6,9,9,7,9,8,9,8,32.0,6,8,7,19.0,8,7,5,10,9,8,8,9,8,8,8,13.0,23.0,16.0,7,6,7,7,8,8,9,7,8,8,7,9,8,8,8,11.0,8,7,10,23.0,9,7,32.0,8,7,9,8,9,8,9,9,8,,7,10,9,8,15.0,8,10.0,8,7,8,8,9,8,,8,9,9,6,8,9,8,9,14.0,7,7,21.0,10.0,9,8,27.0,7,8,8,8,8,9,8,9,10,7,7,9,7,3,7,7,9,9,8,9,10,10,10,11,9,11,8,,8,0,9,9,19.0,7,10,8,10,10,7,9,8,9,27.0,9,,9,4,9,10,9,18.0,7,8,7,18.0,10.0,9,8,17.0,34.0,13.0,9,7,7,7,8,0,9,8,8,8,8,8,9.0,7.0,9,,0,11,6.0,8,,8,9,8,11,10,20.0,8,8,10,8,8,9,,10,8,8,0.0,9,8,7,,21.0,9,8,9,9,8,9,,9,9,,,,8,35.0,9,8,8,9,,15.0,32.0,,8,10,10.0,9,8,8,18.0,11.0,8,15.0,18.0,10,35.0,9.0,9,,,10,15.0,,9,13.0,16.0,36.0,41.0,,,9,,38.0,8,,9,8,8,7,9,,40.0,9,40.0,,9,,7,8,10,,,8,8,8,9,8,8,8,,13.0,8,9,,10,41.0,30.0,9,9,,9,20.0,12.0,8,10,28.0,,18.0,9,15.0,7.0,,8,10.0,31.0,9,10,9,,22.0,,15.0,10,9,0,35.0,9,,8.0,8,,,27.0,32.0,9,10,12.0,,19.0,24.0,9,8,13.0,9,39.0,9,18.0,9,,31.0,,8,,8.0,15.0,25.0,38.0,37.0,7,7,,,41.0,28.0,9,9,,9,,9,9.0,,,,,41.0,8,,,9,13.0,,37.0,,,,8,9,,,,23.0,18.0,35.0,,19.0,29.0,,,10,,0.0,,17.0,11.0,,8.0,14.0,17.0,21.0,22.0,8.0,9,11,12.0,35.0,,8,9,13.0,7,8,26.0,9,9,,9,,7,18.0,9,10,,,9,,8,20.0,,,9,30.0,,23.0,25.0,,27.0,11.0,9,,37.0,28.0,22.0,8,,9,9.0,8.0,18.0,10,,,13.0,10.0,7,11.0,,5,9,,,,,10.0,21.0,,38.0,0.0,37.0,,9,16.0,13.0,,,24.0,20.0,,8,,9.0,9,,9.0,9,32.0,,15.0,,19.0,8,15.0,,22.0,8,,21.0,,9,,,,,9.0,23.0,10,9,23.0,,16.0,,10,9,0.0,,9,9,10,11.0,9,9,33.0,9,9,9,11,,10,10,10,7,10,,13.0,9,,,,10.0,,28.0,,,,,20.0,,9,8,,14.0,10,,8.0,9,33.0,17.0,,,,,8,10.0,,18.0,33.0,11.0,,,8,27.0,,,,9,19.0,28.0,,,9,,14.0,27.0,,9.0,10,36.0,,9,16.0,,,,,,36.0,,,,10,,,,60,10
6,3,5,5,5,5,6,6,7,7,5,6,6,2,5,6,5,5,6,5,5,0,6,5,5,6,6,5,4,5,5,5,6,3,6,5,4,5,6,6,6,2,5,8,5,6,5,5,6,8,7,5,4,5,6,6,6,6,5,5,6,6,5,5,5,5,6,,0,5,6,7,,6,5,6,6,5,5,5,5,5,4,4,5,6,4,4,6,4,6,6,2,5,6,5,5,6,6,6,6,6,7,6,5,4,4,4,6,,12.0,8.0,6,5,0,5,5,6,6,7,6,4,4,5,6,6,6,5,4,4,1,5,5,5,6,6,6,5,6,6,6,6,5,5,6,5,6,5,7,6,6,6,5,5,5,5,6,5,5,6,3,5,5,5,6,5,4,5,5,4,5,6,5,5,5,7,6,6,5,5,2,6,6,5,5,7,6,4,4,5,5,0,7,7,6,6,6,3,6,5,6,5,15.0,5,6,6,5,6,5,5,3,5,4,7,5,5,6,6,5,6,6,5,5,5,7,6,5,6,6,6,6,2,5,5,5,6,5,6,6,7,5,6,6,6,6,5,8,7,6,4,6,6,5,5,4,5,4,6,5,6,3,6,6,5,6,7,7,7,6,5,6,6,6,7,7,6,12.0,6,5,13.0,4,6,4,3,5,5,6,6,6,13.0,3,6,6,7,6,5,5,7,7,6,5,5,6,5,6,6,5,6,5,6,6,6,6,7,5,8.0,6,6,5,7,6,6,7,6,7,6,4,5,6,4,10.0,6,7,5,7,6,5,4,5,3,5,7,4,5,7,5,5,6,28.0,7,2,0,1,5,8,5,5,5,6,7,6,6,5,5,13.0,5,5,5,5,24.0,6,3,5,5,7,5,6,5,6,6,6,6,17.0,7.0,7,7,,6,5,5,6,7,7,5,6,6,7,6,20.0,6,6,5,27.0,6,4,5,7,7,6,5,6,6,6,6,16.0,22.0,11.0,6,6,5,4,6,5,6,5,6,5,5,7,7,5,6,0.0,6,4,8,28.0,6,5,6.0,6,5,6,6,6,6,4,7,6,,5,8,7,5,5.0,6,21.0,6,5,5,6,7,6,,5,7,6,5,6,7,7,7,20.0,5,5,15.0,19.0,7,6,,5,6,6,6,6,6,5,8,8,5,5,6,5,5,5,5,7,6,6,7,7,8,8,8,6,8,5,40.0,6,5,7,6,27.0,6,7,6,8,8,5,7,6,7,24.0,7,,7,5,7,8,7,28.0,5,6,5,18.0,11.0,6,6,,20.0,39.0,6,6,6,6,6,5,6,5,5,5,6,6,27.0,10.0,7,27.0,6,8,,6,,6,6,6,8,6,20.0,5,6,7,6,6,7,8.0,3,6,6,,7,6,6,,14.0,8,6,7,6,5,6,16.0,7,6,8.0,,,7,24.0,7,8,5,7,,,17.0,,6,7,12.0,6,6,6,30.0,,5,,22.0,7,29.0,24.0,6,,23.0,5,24.0,,6,18.0,,30.0,25.0,10.0,,7,,7.0,6,,7,6,5,7,6,6.0,,6,10.0,,6,9.0,6,6,7,,,6,6,6,7,6,6,6,,,6,6,,7,26.0,,7,6,,6,,40.0,6,7,0.0,,9.0,6,5.0,13.0,21.0,6,,,7,8,7,,39.0,,29.0,5,0,7,,6,6.0,,6,25.0,,7.0,22.0,7,8,,35.0,8.0,35.0,7,6,,6,9.0,6,6.0,7,33.0,13.0,,6,,,9.0,27.0,16.0,6.0,5,5,,,37.0,,7,7,,6,25.0,7,39.0,9.0,,,,,7,36.0,14.0,7,12.0,,19.0,,,,6,7,12.0,20.0,,,32.0,12.0,,11.0,21.0,,,7,,,,20.0,,,,5.0,8.0,,18.0,20.0,7,8,20.0,,15.0,6,7,18.0,6,7,,7,7,13.0,6,11.0,4,8.0,6,7,,,7,,5,,,,6,10.0,,37.0,24.0,,14.0,,6,,11.0,,6.0,6,,7,27.0,14.0,,7,22.0,,11.0,39.0,5,,,5,6,,,,,,32.0,32.0,20.0,14.0,,,7,35.0,33.0,,,7.0,0.0,,6,,21.0,7,,,7,8.0,,28.0,,12.0,6,10.0,,15.0,6,,,,6,,,,,6.0,10.0,8,6,7.0,,11.0,17.0,7,6,,,6,6,8,12.0,7,7,,7,7,7,8,,8,8,7,3,8,,17.0,6,6.0,,7.0,,,,,,11.0,,39.0,,7,6,27.0,39.0,7,5.0,8.0,7,9.0,25.0,,,,,5,27.0,,11.0,33.0,19.0,,6.0,6,14.0,,16.0,,7,7.0,6.0,21.0,26.0,7,,9.0,19.0,,19.0,7,31.0,20.0,7,,,,,,,7.0,,,6.0,8,,0.0,,61,10
13,12,12,12,12,11,12,13,13,14,12,12,12,6,9,12,12,12,12,12,12,11,13,11,12,11,12,11,11,11,11,11,12,12,12,7,9,12,12,12,11,11,12,15,12,12,12,0,12,14,14,11,13,12,12,12,13,12,12,13,12,12,11,11,11,11,12,32.0,12,12,13,14,,13,12,12,12,12,12,12,12,11,10,11,12,12,11,11,12,12,12,12,12,10,12,12,11,14,13,12,12,13,13,12,11,11,11,10,12,18.0,,14.0,13,10,10,11,11,12,12,11,13,10,13,10,13,13,13,12,11,10,12,11,12,10,13,11,12,12,13,13,13,12,11,11,13,12,12,12,14,13,13,11,12,12,12,12,13,13,12,12,10,12,12,11,12,5,11,12,11,10,11,12,11,12,12,14,12,11,13,12,12,11,13,11,10,14,12,12,12,12,12,12,13,13,13,13,12,12,12,11,12,12,,12,12,11,12,12,12,12,12,11,11,13,12,11,13,13,12,13,13,12,11,12,13,13,12,13,13,12,12,12,11,12,12,13,12,13,13,13,13,13,12,12,13,11,14,14,13,11,13,12,11,12,12,12,11,13,12,13,13,11,13,8,13,13,13,14,12,12,12,12,13,13,13,12,,10,9,,7,12,12,11,12,12,12,13,12,14.0,11,9,12,13,12,12,12,14,14,13,12,11,12,11,12,12,12,13,12,13,12,13,12,13,12,22.0,12,13,11,14,12,13,14,13,14,12,12,12,13,11,12.0,13,14,11,14,14,11,11,11,11,11,14,12,13,13,13,12,13,,13,13,12,13,12,15,12,12,12,13,14,13,7,11,12,28.0,11,12,8,12,24.0,12,12,12,12,14,11,13,12,13,13,13,12,,27.0,14,13,16.0,13,13,12,13,13,13,12,13,12,14,12,28.0,12,12,12,27.0,12,12,11,14,14,12,11,12,12,12,12,31.0,,15.0,11,12,11,11,12,12,11,11,12,11,12,13,13,12,13,36.0,13,11,0,20.0,9,9,32.0,12,12,12,11,12,12,13,13,13,,8,14,13,12,21.0,11,23.0,12,11,12,12,14,12,,11,13,13,12,13,13,12,13,16.0,11,12,18.0,,13,12,14.0,12,12,11,12,12,12,11,15,14,8,12,12,12,11,11,12,13,13,12,13,14,12,14,15,13,15,12,22.0,12,12,14,13,,12,14,12,14,14,12,13,12,14,,13,,13,11,12,0,13,21.0,11,13,11,38.0,19.0,13,12,,12.0,40.0,12,12,10,12,11,12,12,12,12,9,13,12,,18.0,14,13.0,12,15,27.0,12,,11,13,13,15,14,33.0,12,13,14,13,12,12,39.0,0,12,13,,14,12,13,,14.0,14,13,13,12,12,12,,14,12,18.0,,13.0,13,14.0,13,13,12,13,,43.0,25.0,,12,14,20.0,13,11,12,27.0,26.0,12,38.0,28.0,14,25.0,32.0,13,,,14,37.0,,13,24.0,15.0,44.0,,15.0,,14,,35.0,13,27.0,14,12,12,13,13,14.0,,13,18.0,,13,22.0,12,12,14,,,13,13,13,13,13,13,12,,37.0,13,14,,14,24.0,27.0,13,13,,13,,21.0,13,14,43.0,,31.0,11,,35.0,,11,,,13,14,14,,27.0,,13.0,15,13,13,16.0,13,25.0,27.0,12,17.0,,25.0,27.0,14,14,17.0,42.0,18.0,25.0,12,13,31.0,0,17.0,13,16.0,13,26.0,,,13,,0.0,17.0,15.0,,41.0,12,12,,,,37.0,12,13,,13,26.0,13,31.0,,,,,33.0,14,26.0,44.0,14,,,18.0,,,,13,13,12.0,14.0,,37.0,25.0,16.0,,,,0.0,,14,,38.0,,,27.0,,20.0,24.0,17.0,,15.0,31.0,13,15,42.0,,,12,13,,12,12,39.0,13,10,13.0,13,27.0,11,,13,14,,35.0,13,,11,19.0,0.0,,13,28.0,,29.0,40.0,,36.0,30.0,12,26.0,14.0,,28.0,13,,12,,25.0,36.0,14,31.0,,18.0,21.0,12,,,12,12,,,,,22.0,21.0,38.0,19.0,14.0,34.0,,14,13.0,17.0,,,19.0,17.0,0.0,13,,,13,,,14,,,33.0,,35.0,12,16.0,,,12,,26.0,,12,,,24.0,,12.0,30.0,14,13,11.0,,21.0,36.0,14,12,,,13,13,13,,14,13,17.0,14,12,14,13,,15,14,13,11,14,19.0,,13,29.0,,21.0,44.0,,,,,22.0,,38.0,,13,12,20.0,20.0,13,12.0,37.0,14,18.0,26.0,,,,,12,33.0,,32.0,,25.0,,,9,,,32.0,,12,,0.0,13.0,27.0,12,,27.0,30.0,,34.0,13,30.0,,12,,,,,,,13.0,,,32.0,14,,,,62,10
4,6,5,5,0,4,1,5,5,5,5,3,3,4,5,5,5,5,5,5,5,4,6,5,6,6,6,5,4,5,5,5,6,6,6,5,5,6,6,6,6,4,5,8,4,5,5,5,6,8,7,4,6,5,6,5,6,6,5,6,6,5,4,5,4,5,5,0.0,5,5,6,7,31.0,6,5,7,6,5,6,4,5,4,4,5,5,6,4,4,6,5,5,5,6,5,5,5,5,7,6,6,5,6,6,6,6,4,5,4,5,22.0,24.0,8.0,0,3,4,5,5,4,6,7,6,4,6,6,6,6,6,5,0,2,6,5,5,4,6,6,6,5,6,5,6,5,4,2,6,5,5,5,6,6,6,6,5,5,5,5,6,4,5,5,3,5,5,5,6,4,4,5,4,4,5,5,5,3,4,7,6,5,6,5,5,4,6,1,5,7,6,3,5,5,5,5,7,6,6,6,5,5,1,5,6,5,4.0,5,6,6,2,5,5,5,5,4,5,6,5,3,6,6,5,6,6,5,5,5,7,6,5,6,6,5,6,5,5,5,5,6,5,6,6,6,4,6,6,5,6,5,7,7,6,4,6,6,5,5,5,5,4,6,0,6,6,5,6,5,6,6,6,7,6,5,6,6,6,6,6,6,9.0,5,5,12.0,4,5,5,5,5,5,5,6,6,8.0,5,5,5,6,6,5,5,7,7,6,5,5,6,5,6,6,3,6,5,5,6,6,6,6,5,15.0,6,6,5,7,6,6,7,6,6,5,5,5,6,4,26.0,6,7,5,7,7,6,6,5,6,5,7,5,6,7,6,5,6,,5,6,5,4,5,8,5,5,5,6,7,6,5,4,5,10.0,4,5,5,5,15.0,6,5,6,5,7,5,6,5,6,6,6,6,18.0,39.0,7,7,26.0,6,6,6,6,7,7,5,6,6,7,6,9.0,5,5,5,7.0,6,4,2,7,6,6,3,6,5,5,5,11.0,,,5,5,5,5,1,5,5,5,6,5,5,6,6,4,6,21.0,6,4,5,17.0,6,5,29.0,2,5,6,6,6,5,6,6,6,,5,7,6,5,7.0,6,39.0,6,5,5,5,7,6,,5,6,6,6,6,4,6,6,,5,5,38.0,6.0,6,3,35.0,5,5,6,5,6,6,5,7,7,5,5,6,5,5,5,5,6,6,5,6,7,7,6,7,5,8,5,,6,5,6,6,,6,7,5,8,8,5,6,5,7,16.0,6,,6,5,4,8,6,8.0,5,6,4,29.0,7.0,6,6,5.0,11.0,19.0,6,6,5,5,6,5,6,5,5,5,6,6,20.0,6.0,6,21.0,6,8,20.0,6,,6,6,6,5,7,8.0,5,6,7,6,6,0,7.0,7,6,5,,7,5,6,,7.0,8,6,7,6,6,6,24.0,7,6,10.0,,13.0,6,21.0,6,7,5,6,,29.0,36.0,,5,6,,6,5,5,18.0,29.0,5,,10.0,7,8.0,15.0,6,,9.0,7,20.0,,7,26.0,21.0,35.0,16.0,14.0,,7,,,6,,7,6,6,7,6,15.0,6.0,6,10.0,,6,,5,6,7,,,5,6,4,6,6,6,5,,7.0,6,6,,6,8.0,19.0,7,6,,6,16.0,22.0,6,7,7.0,,,6,8.0,,23.0,6,16.0,10.0,6,7,7,,34.0,,,9,6,7,7.0,6,,25.0,6,16.0,,27.0,26.0,7,7,12.0,,7.0,26.0,7,6,,6,9.0,6,0.0,6,25.0,5.0,,6,7.0,6.0,23.0,25.0,36.0,9.0,5,5,16.0,,,,6,6,,6,27.0,7,15.0,15.0,,,,,0,8.0,25.0,7,38.0,,,,,,6,6,,22.0,,20.0,,6.0,,9.0,,,,7,,37.0,,,,,,,,31.0,21.0,14.0,7,7,10.0,9.0,,6,6,6.0,5,6,8.0,6,6,,6,13.0,3,,6,7,,17.0,6,,4,15.0,,,6,,,,28.0,,7.0,,5,9.0,30.0,27.0,34.0,2,,6,7.0,7.0,10.0,7,,,18.0,19.0,5,,,5,6,,,,,,17.0,7.0,8.0,11.0,25.0,,7,7.0,,,,26.0,,,6,,,7,,26.0,7,31.0,,,,33.0,6,9.0,,14.0,5,,,,4,,,26.0,,30.0,15.0,7,6,,,32.0,18.0,7,0,,,6,6,7,,7,6,,7,6,7,8,,8,8,7,5,7,17.0,9.0,6,7.0,,,,,33.0,,,11.0,,24.0,,6,4,6.0,,7,35.0,,6,8.0,18.0,,0.0,,36.0,5,9.0,,,16.0,19.0,,26.0,6,9.0,,,,6,,10.0,38.0,28.0,6,,11.0,26.0,,22.0,7,10.0,21.0,6,15.0,,,,,,9.0,,,26.0,8,,,,63,10
9,8,8,9,8,8,9,9,9,10,8,9,9,8,8,9,4,7,8,8,7,7,10,8,9,9,10,9,8,9,9,9,9,8,10,9,9,10,9,9,9,8,6,10,8,9,8,9,9,11,10,8,10,9,9,9,9,9,8,9,9,9,8,8,7,8,9,22.0,8,6,9,10,12.0,9,7,10,10,9,9,9,8,7,7,7,8,9,7,7,9,9,9,9,9,8,9,9,8,0,9,9,8,9,9,9,10,7,2,8,9,11.0,32.0,19.0,9,8,8,8,8,9,9,10,10,7,10,9,9,9,9,9,8,8,9,8,8,7,9,9,9,8,9,9,8,8,4,8,9,8,9,8,10,10,9,9,8,8,8,8,10,9,9,9,7,8,8,8,9,8,8,9,8,8,8,9,8,8,9,10,9,9,10,9,8,9,10,7,8,10,9,8,8,6,7,8,10,10,9,9,6,9,9,8,9,8,10.0,8,9,9,9,9,9,8,8,8,7,10,9,8,9,9,8,9,9,8,3,6,9,8,8,6,8,9,8,9,9,8,9,9,8,9,9,10,10,10,9,8,9,8,11,11,9,7,9,9,8,8,8,8,7,9,8,9,9,9,9,8,9,10,10,11,4,8,9,8,9,9,9,9,,9,8,18.0,6,9,7,7,9,8,9,9,9,13.0,8,9,8,10,9,8,8,10,10,9,8,7,9,8,7,9,7,9,6,8,8,4,9,9,8,20.0,8,9,8,10,9,9,10,9,10,9,8,9,9,6,14.0,9,10,8,10,10,9,9,8,9,8,9,9,9,11,9,9,9,41.0,10,10,0,9,8,11,8,8,8,9,10,9,9,8,8,32.0,5,8,8,9,8.0,9,8,8,7,10,8,9,8,10,9,9,10,20.0,34.0,10,10,24.0,10,10,9,9,10,10,8,10,9,10,10,30.0,9,8,8,13.0,9,8,7,10,10,9,9,9,8,9,9,10.0,,37.0,9,9,8,8,9,8,9,4,9,7,8,10,9,8,9,9.0,9,7,10,19.0,9,8,23.0,8,8,9,9,9,9,10,10,9,0.0,8,11,10,8,,9,30.0,9,8,7,8,10,3,,7,10,9,8,9,9,9,9,,8,8,16.0,24.0,10,8,19.0,8,9,9,9,9,9,8,0,11,8,8,9,9,5,8,7,9,10,9,10,10,11,10,11,9,11,7,28.0,8,8,10,10,16.0,8,10,8,0,10,8,0,9,10,42.0,10,,10,8,10,11,9,17.0,8,9,7,,22.0,10,8,16.0,45.0,21.0,9,9,8,9,9,8,9,8,8,8,9,9,,23.0,10,20.0,9,11,32.0,8,,9,9,9,11,10,22.0,9,9,10,9,7,10,,11,9,9,,10,9,9,,13.0,9,0,10,10,8,9,12.0,10,9,9.0,,9.0,9,,10,8,9,10,,42.0,20.0,,8,10,9.0,10,9,8,21.0,41.0,8,8.0,25.0,10,35.0,15.0,10,,31.0,10,15.0,,10,,,11.0,19.0,15.0,,10,,9.0,9,,10,9,8,10,9,35.0,21.0,9,18.0,,9,22.0,9,9,11,,,9,8,8,10,9,9,9,,19.0,8,10,,11,32.0,35.0,10,9,,10,28.0,13.0,9,9,32.0,,,8,15.0,8.0,,8,16.0,36.0,10,10,10,,19.0,,26.0,11,10,9,9.0,9,,,9,18.0,,32.0,37.0,11,11,,33.0,9.0,,10,7,16.0,10,42.0,9,11.0,10,44.0,39.0,,9,12.0,14.0,24.0,27.0,19.0,,8,8,,,,22.0,10,10,,8,,10,30.0,39.0,,,,11.0,10,13.0,,10,17.0,,17.0,,,,9,10,24.0,20.0,,20.0,,14.0,,,10.0,,,10,,42.0,,,37.0,,21.0,,9.0,18.0,,,10,11,12.0,12.0,,9,9,22.0,9,9,16.0,10,10,,9,33.0,8,18.0,9,10,,24.0,10,,9,22.0,,,9,12.0,,36.0,34.0,,33.0,0.0,9,19.0,,24.0,44.0,9,,10,,27.0,13.0,11,,,15.0,,8,34.0,,8,10,,,,,9.0,31.0,11.0,31.0,32.0,,,10,,41.0,,,12.0,14.0,,9,,13.0,10,,28.0,10,24.0,,,,9.0,8,37.0,,,9,,13.0,,9,,,,,23.0,36.0,11,10,32.0,,,,10,9,,,10,9,11,,10,10,,10,10,10,11,,11,11,10,8,11,,0.0,10,,,19.0,45.0,,,,,37.0,,20.0,,10,9,21.0,,10,17.0,45.0,10,22.0,18.0,,,,23.0,9,26.0,,0.0,,19.0,13.0,11.0,9,,,20.0,,10,,9.0,45.0,10.0,10,,,,,23.0,10,26.0,20.0,10,,,,,,,11.0,,,,11,,,,64,10
5,4,4,4,4,4,4,5,5,6,5,5,4,2,4,4,4,4,4,4,5,4,6,4,5,5,5,5,4,5,4,5,5,5,5,4,4,5,4,5,5,4,4,7,4,3,2,3,5,7,6,4,5,5,5,5,0,5,4,5,5,4,0,4,4,4,5,,4,5,4,6,31.0,6,4,6,5,5,3,4,4,4,3,4,4,5,4,4,5,4,5,5,5,4,5,5,4,6,5,5,5,5,5,4,4,4,0,3,5,14.0,,16.0,6,4,3,2,4,6,5,6,6,3,5,5,4,5,5,5,3,2,5,4,4,4,5,5,5,4,5,5,5,5,3,4,6,4,5,4,4,5,3,5,4,4,4,3,6,1,4,4,3,5,5,4,5,4,4,5,4,3,4,5,4,4,4,6,5,5,5,4,4,5,3,3,4,6,5,1,5,5,5,4,6,5,5,5,5,3,5,5,6,4,,5,5,4,5,5,4,3,4,3,4,6,4,4,5,5,5,5,5,4,4,5,6,5,2,5,5,5,5,5,5,4,5,5,4,5,5,6,5,6,5,5,5,4,7,7,5,4,0,5,4,4,4,4,3,6,5,5,6,5,5,4,0,6,6,7,3,4,5,4,5,5,5,5,,5,4,4.0,4,4,4,3,5,4,4,5,5,13.0,2,5,5,5,5,2,4,6,6,6,4,4,5,4,5,5,5,4,4,5,5,5,5,6,4,,5,5,4,6,5,5,6,5,6,5,4,5,6,4,33.0,5,7,4,6,6,5,5,4,5,3,6,4,5,6,5,2,5,32.0,5,6,4,0,5,7,1,4,4,5,6,5,5,4,4,10.0,4,4,4,4,18.0,5,4,5,4,6,4,5,4,5,5,4,5,,14.0,5,5,20.0,3,5,5,4,6,5,4,5,4,5,5,42.0,5,5,5,15.0,5,4,3,6,6,5,5,5,3,5,5,20.0,23.0,,5,5,2,4,5,5,5,4,5,5,4,6,5,3,5,14.0,5,3,6,14.0,5,4,37.0,5,4,5,5,5,5,6,6,5,,4,7,6,4,8.0,5,,5,4,4,5,6,4,,4,6,5,5,5,6,5,6,12.0,4,4,25.0,7.0,6,5,,4,3,5,5,5,5,4,7,6,4,4,6,5,4,2,4,6,6,5,6,6,7,6,7,5,7,4,47.0,5,4,6,6,,3,7,4,7,7,4,4,5,6,7.0,6,,6,4,5,6,6,12.0,4,5,4,,41.0,6,4,11.0,6.0,,5,5,5,3,5,3,5,4,4,5,5,5,,42.0,6,20.0,5,8,13.0,5,,5,4,5,7,6,5.0,5,5,6,5,5,6,9.0,6,5,5,,6,5,5,,11.0,7,5,6,5,5,5,,6,5,43.0,,26.0,6,,5,6,4,6,,21.0,38.0,,5,6,15.0,5,5,5,22.0,,5,13.0,33.0,7,,,6,,6.0,7,,,6,19.0,26.0,,45.0,17.0,,6,,12.0,5,39.0,5,5,5,6,5,28.0,5.0,5,8.0,,5,,5,5,6,,,5,5,5,6,5,5,5,,17.0,5,6,,7,,,6,6,,5,,28.0,5,7,5.0,,38.0,5,34.0,,38.0,5,,15.0,5,6,6,,6.0,,,8,6,6,,6,,,5,17.0,,12.0,14.0,6,7,39.0,5.0,13.0,9.0,6,1,5.0,6,0.0,6,12.0,6,30.0,4.0,,5,34.0,10.0,11.0,29.0,10.0,14.0,5,4,,,12.0,,6,6,,5,14.0,6,,,,,,11.0,6,,9.0,6,10.0,,34.0,,,,5,6,12.0,18.0,0.0,35.0,20.0,26.0,,,11.0,,,6,,,,47.0,8.0,,13.0,,38.0,45.0,18.0,25.0,6,7,9.0,,,5,6,10.0,4,5,25.0,6,6,6.0,6,,4,,5,6,,39.0,5,,4,20.0,,,4,5.0,,16.0,41.0,,25.0,17.0,6,6.0,21.0,,7.0,5,,5,29.0,44.0,25.0,7,34.0,,45.0,7.0,4,12.0,,2,3,,,,,,14.0,17.0,41.0,9.0,14.0,,6,39.0,16.0,,,,,,5,,17.0,6,,9.0,6,20.0,,5.0,,27.0,5,25.0,,11.0,5,,11.0,,0,,,15.0,,31.0,9.0,7,5,,,27.0,,7,5,,,6,5,7,24.0,6,6,18.0,0,5,6,7,,7,7,6,3,7,19.0,23.0,6,5.0,,27.0,28.0,,8.0,,,47.0,,,,5,5,10.0,15.0,6,30.0,6.0,6,11.0,33.0,,,,,5,9.0,,12.0,30.0,9.0,42.0,5.0,5,,,9.0,,6,13.0,26.0,10.0,5.0,6,,,8.0,,27.0,6,34.0,,5,7.0,,,,,,21.0,,,19.0,7,,,,65,10
6,6,6,6,6,5,6,6,7,7,6,6,6,5,6,6,6,5,6,6,6,5,7,6,6,7,7,6,5,6,6,6,7,7,6,6,6,7,7,6,7,6,6,8,5,6,6,6,6,8,7,6,7,6,6,6,6,6,5,6,6,6,5,5,5,5,7,10.0,6,6,7,6,22.0,7,6,7,0,4,6,6,3,5,4,5,5,7,5,5,6,6,6,6,6,5,6,5,5,7,7,6,6,7,7,7,7,5,5,5,6,10.0,,7.0,7,6,5,5,6,7,0,8,7,0,7,6,6,6,7,6,5,4,6,5,6,4,7,6,5,6,7,5,7,6,5,5,7,5,7,6,7,7,7,6,6,6,6,6,7,7,6,6,4,6,6,6,5,5,5,6,2,5,6,6,5,6,6,7,7,6,7,6,5,6,7,2,6,7,6,6,6,6,6,4,7,5,6,7,6,6,6,6,7,6,20.0,6,7,7,6,6,6,6,6,5,3,7,6,5,7,7,6,7,7,6,6,6,7,5,6,7,5,6,6,4,6,6,6,7,4,7,6,0,5,7,6,6,7,6,8,8,7,5,5,6,4,6,6,6,5,6,6,7,7,6,7,6,7,7,7,7,6,6,6,6,6,7,7,0,6.0,7,6,27.0,5,6,5,5,5,3,6,5,6,18.0,5,6,6,7,7,6,6,7,7,7,6,6,6,5,6,6,6,7,6,3,6,6,0,7,6,23.0,7,7,6,8,7,7,7,7,7,6,6,6,7,6,29.0,7,8,4,8,8,6,6,6,6,6,8,6,6,7,7,6,7,34.0,8,7,6,7,3,8,6,4,6,7,7,6,6,5,6,0.0,5,3,5,6,27.0,7,6,6,2,8,6,7,6,7,6,7,7,22.0,20.0,7,7,14.0,7,7,7,7,7,7,6,6,6,8,7,10.0,6,6,3,17.0,7,5,6,7,7,6,6,7,5,6,6,15.0,29.0,,6,6,5,5,6,6,6,5,4,5,6,7,7,6,6,,7,5,8,,7,6,37.0,6,6,7,6,5,6,7,7,7,,5,8,5,6,22.0,5,20.0,6,5,5,6,6,6,,6,7,6,6,7,7,7,7,29.0,6,5,14.0,,8,5,38.0,6,4,6,6,6,5,5,8,8,6,6,7,6,4,5,6,7,7,6,7,8,8,7,8,7,8,4,27.0,6,6,6,6,24.0,6,8,6,8,8,6,7,6,8,14.0,7,,7,3,6,8,5,11.0,6,7,5,,8.0,7,7,32.0,13.0,16.0,7,6,6,4,7,5,6,6,6,6,7,6,13.0,9.0,7,20.0,7,9,17.0,6,,6,6,7,9,8,18.0,5,7,8,7,6,7,32.0,8,6,7,,8,6,7,,,9,6,7,7,6,7,,7,7,6.0,,30.0,6,14.0,7,8,6,7,,24.0,,,6,7,10.0,7,6,6,8.0,32.0,6,,,8,17.0,8.0,7,0.0,21.0,8,8.0,,7,12.0,7.0,33.0,22.0,,,8,,7.0,7,,7,7,6,7,7,,19.0,7,9.0,,7,9.0,6,6,8,,,6,6,7,7,6,7,7,,10.0,6,7,,8,37.0,13.0,7,7,,7,22.0,28.0,6,8,37.0,,38.0,6,20.0,4.0,33.0,6,25.0,27.0,7,8,7,,22.0,,,10,7,7,14.0,7,30.0,17.0,6,,,16.0,17.0,8,6,,15.0,17.0,,7,6,22.0,7,8.0,7,7.0,7,,10.0,,6,,23.0,24.0,36.0,20.0,11.0,4,6,37.0,,24.0,,7,7,,3,14.0,7,,30.0,,,,34.0,7,16.0,7.0,8,,,,,,,7,7,,14.0,,32.0,27.0,,,17.0,,,,8,,6.0,,7.0,24.0,,8.0,19.0,18.0,33.0,20.0,37.0,7,8,34.0,,7.0,6,7,15.0,6,6,32.0,7,7,21.0,7,9.0,5,18.0,7,8,,,6,,6,21.0,,,7,21.0,,,21.0,,19.0,,6,9.0,12.0,22.0,23.0,6,,7,18.0,19.0,21.0,8,16.0,,37.0,34.0,6,,,6,7,,,,,,0.0,7.0,11.0,,12.0,,8,38.0,14.0,,,,19.0,,7,,28.0,8,,,8,31.0,,9.0,,10.0,7,,,,6,,12.0,,6,,,27.0,,,,9,7,7.0,,,33.0,7,7,,,7,6,8,,8,7,16.0,7,6,8,9,,9,8,7,5,8,36.0,38.0,7,,,20.0,27.0,,25.0,,,15.0,,12.0,,5,4,14.0,,8,10.0,32.0,0,15.0,12.0,,,,14.0,6,37.0,,,37.0,10.0,,22.0,6,,,13.0,,7,32.0,,9.0,15.0,7,,,7.0,,17.0,7,34.0,,7,15.0,,,,,,9.0,,,,8,,,,66,10
7,6,6,6,5,6,6,6,6,7,6,6,3,1,6,6,5,5,6,5,5,5,7,5,6,6,6,0,5,5,4,5,6,6,5,5,5,2,6,6,6,5,6,8,5,6,6,6,6,8,7,6,7,6,6,6,6,6,5,7,7,6,4,5,5,3,7,,5,6,7,6,6.0,7,6,7,7,6,6,6,2,5,4,5,5,7,4,5,6,6,6,5,6,5,6,4,5,7,7,6,6,7,7,7,7,5,5,4,6,24.0,6.0,16.0,7,5,5,5,6,6,6,7,7,4,7,6,6,7,6,6,5,4,6,6,6,5,7,6,6,4,6,6,7,6,3,6,7,1,6,6,8,7,7,5,6,5,6,6,7,7,6,6,4,6,6,6,6,5,5,6,2,5,5,6,5,5,6,7,6,5,5,6,3,6,7,4,5,8,6,5,6,6,6,6,7,7,6,7,6,6,6,6,6,6,10.0,6,6,6,5,5,6,5,5,5,5,7,6,6,7,7,6,6,7,6,6,6,7,7,6,7,7,6,6,6,6,6,6,7,5,7,7,7,7,7,6,6,6,6,8,8,7,1,7,6,6,6,6,6,5,7,6,7,7,6,7,3,7,7,7,8,6,6,7,6,7,7,7,6,20.0,7,6,6.0,5,6,5,5,7,5,6,6,6,35.0,5,6,5,7,6,6,6,8,7,7,6,5,6,5,6,6,6,0,6,7,6,6,7,7,6,,7,7,6,8,7,7,8,7,7,6,6,6,7,5,6.0,7,8,5,8,8,6,6,5,6,5,8,6,7,8,7,6,7,23.0,8,7,6,7,6,9,6,5,5,7,7,6,6,5,6,33.0,5,5,5,6,42.0,6,5,6,6,8,6,7,6,7,7,7,7,24.0,9.0,8,8,9.0,7,7,7,7,8,8,5,7,6,8,7,15.0,6,6,5,38.0,7,5,5,7,7,6,6,7,6,6,6,9.0,25.0,18.0,6,6,5,5,6,6,6,5,6,3,2,7,7,5,6,42.0,7,5,8,29.0,6,4,11.0,6,6,6,6,6,6,7,7,7,,2,8,7,6,5.0,6,15.0,6,5,6,6,8,6,,6,7,7,6,7,7,7,7,16.0,6,5,27.0,8.0,8,6,7.0,6,6,5,6,6,7,6,8,8,6,6,7,6,5,5,6,7,7,5,6,8,8,7,8,6,8,6,,6,6,7,7,30.0,6,8,6,8,8,6,7,6,8,27.0,7,,7,5,7,9,7,30.0,5,7,5,12.0,11.0,7,7,,15.0,15.0,5,6,0,6,6,5,7,5,6,6,7,6,42.0,12.0,7,25.0,7,9,16.0,6,,6,7,6,9,7,8.0,3,6,8,7,6,7,27.0,8,6,7,,8,6,7,,,8,6,7,1,6,6,0.0,7,6,31.0,,13.0,7,21.0,7,7,6,7,,36.0,41.0,,6,7,,7,6,6,22.0,21.0,6,42.0,7.0,6,,8.0,7,,35.0,8,28.0,,7,,,,29.0,24.0,,7,,8.0,6,0.0,7,6,6,6,7,8.0,,7,12.0,,7,18.0,6,6,8,,,6,6,7,7,5,6,6,,,4,7,,8,,20.0,7,7,,7,,,5,8,,,0.0,6,,18.0,17.0,6,40.0,37.0,7,8,7,,7.0,,8.0,9,7,7,7.0,7,,42.0,6,,,11.0,19.0,8,8,25.0,,8.0,12.0,7,7,,7,40.0,7,9.0,8,8.0,11.0,,7,28.0,10.0,,13.0,9.0,,5,5,41.0,,6.0,,7,7,,7,,8,20.0,38.0,,,,15.0,7,42.0,,8,,,19.0,,,,7,7,9.0,,,23.0,39.0,18.0,,23.0,,,,8,,34.0,,21.0,21.0,,38.0,,,27.0,30.0,26.0,7,8,23.0,,18.0,6,7,,6,6,11.0,7,7,15.0,7,18.0,5,,7,8,,26.0,7,,6,,,,7,6.0,0.0,21.0,,,8.0,19.0,5,17.0,6.0,24.0,33.0,7,,6,32.0,,,8,9.0,,15.0,8.0,5,16.0,,6,7,,0.0,,,13.0,40.0,31.0,,11.0,13.0,,8,26.0,9.0,,,,32.0,,6,,18.0,7,,39.0,8,9.0,,,,41.0,6,,,25.0,6,,13.0,,0,,,30.0,,20.0,16.0,9,7,,,34.0,,7,6,,,5,7,7,,8,7,28.0,8,7,7,9,,9,8,8,5,8,19.0,,7,8.0,,7.0,19.0,,,,,25.0,,29.0,,6,0,7.0,11.0,7,15.0,10.0,6,8.0,11.0,,,,13.0,6,33.0,,37.0,18.0,,,16.0,6,26.0,,29.0,,7,16.0,37.0,,5.0,7,,18.0,,,,7,23.0,21.0,7,29.0,,,,,,8.0,,,10.0,8,,,,67,10
6,5,5,5,5,4,5,6,5,7,5,6,6,5,5,5,5,4,5,5,5,4,6,5,6,6,6,5,5,5,5,5,6,6,6,5,5,6,6,6,6,0,3,8,5,5,4,0,0,5,6,5,6,5,6,6,6,6,4,6,5,5,4,5,5,5,6,12.0,5,5,6,6,16.0,6,5,6,1,5,5,5,5,4,4,4,5,6,4,4,6,5,6,6,6,4,5,5,5,7,6,6,6,6,6,6,6,4,5,3,6,,,16.0,6,4,3,4,5,6,6,7,6,4,6,5,6,6,6,5,4,4,5,5,5,4,6,6,6,4,6,5,6,5,4,5,6,5,6,5,7,6,6,6,2,2,5,5,4,6,5,5,4,5,5,5,6,4,3,0,5,4,5,5,4,0,5,7,6,6,6,5,5,5,6,5,5,7,5,5,5,5,5,5,6,6,6,6,5,5,5,5,5,4,19.0,5,5,5,2,3,5,5,5,5,4,6,5,5,6,6,5,6,6,5,5,5,6,6,5,6,6,6,5,5,3,5,5,6,5,6,6,6,6,6,6,5,6,5,7,7,6,4,6,6,4,5,4,5,4,6,5,6,6,5,6,4,6,6,7,7,6,5,5,5,6,6,6,6,24.0,6,5,13.0,2,5,4,3,5,5,6,6,5,,4,5,5,7,6,5,3,7,7,6,5,5,6,3,6,5,5,6,5,6,5,6,6,7,5,17.0,6,6,5,7,5,6,4,6,7,6,5,5,6,5,,6,7,1,6,7,6,5,5,6,4,7,5,6,7,6,5,6,13.0,6,6,5,6,5,6,4,5,5,6,7,6,5,5,5,30.0,5,4,5,5,25.0,6,5,5,5,7,5,6,5,6,6,6,6,18.0,28.0,7,6,16.0,6,6,6,6,7,7,4,6,5,7,6,25.0,6,6,5,24.0,6,5,4,7,6,5,5,6,5,5,6,,,9.0,5,6,5,4,6,4,5,5,6,5,5,6,4,5,5,,6,2,7,6.0,6,5,,5,5,6,5,4,5,6,6,6,,5,8,7,5,14.0,5,24.0,6,5,5,5,6,5,,5,7,5,5,5,6,6,6,,4,5,21.0,24.0,7,5,10.0,5,6,5,5,6,6,5,8,7,5,5,6,5,4,5,4,6,6,6,6,7,6,7,8,6,8,5,12.0,6,5,7,6,,5,7,5,7,6,5,6,5,7,19.0,6,,6,5,3,8,6,9.0,2,6,3,,8.0,6,6,8.0,12.0,,6,6,5,5,6,5,5,4,6,5,6,6,31.0,7.0,6,23.0,6,8,7.0,6,,6,6,6,8,7,6.0,5,6,7,6,5,6,13.0,7,5,6,,7,5,7,,19.0,8,6,6,6,5,5,5.0,7,5,27.0,,22.0,6,,7,7,5,7,,8.0,,,5,7,24.0,7,6,5,19.0,23.0,5,11.0,15.0,7,6.0,7.0,6,,,7,15.0,,7,,30.0,,,19.0,,7,,20.0,6,6.0,7,6,5,6,6,18.0,6.0,6,8.0,,6,20.0,5,6,7,,,6,6,6,7,5,6,6,,20.0,6,7,,7,,27.0,7,6,,6,,,6,7,10.0,,13.0,6,7.0,,10.0,6,,22.0,6,7,7,,26.0,,,9,7,7,,6,9.0,,5,23.0,,10.0,16.0,7,7,,,10.0,11.0,6,5,28.0,7,0.0,6,9.0,6,28.0,17.0,,6,20.0,8.0,20.0,14.0,9.0,11.0,5,5,19.0,,,6.0,7,6,,6,24.0,7,7.0,,,,,,7,9.0,8.0,7,12.0,,20.0,,,,6,6,17.0,23.0,,9.0,19.0,13.0,,,4.0,,,7,,,,18.0,16.0,,,29.0,15.0,,8.0,25.0,7,8,24.0,,23.0,6,5,10.0,5,6,13.0,6,7,20.0,7,10.0,4,10.0,6,7,,13.0,6,,5,26.0,,,6,,,,12.0,,8.0,9.0,6,17.0,,8.0,7.0,6,,6,15.0,6.0,21.0,7,27.0,,25.0,16.0,5,11.0,,5,6,,0.0,,,26.0,16.0,,16.0,11.0,31.0,,7,,27.0,,,11.0,12.0,,6,,6.0,7,,14.0,7,0.0,,11.0,,19.0,6,12.0,,4.0,5,,18.0,,6,,,17.0,,27.0,,7,3,,,,7.0,7,6,,,6,5,7,12.0,7,6,17.0,7,6,7,7,,8,6,7,4,7,,29.0,6,,0.0,24.0,,,28.0,,,10.0,,23.0,,6,3,10.0,29.0,7,9.0,27.0,7,9.0,30.0,,,,,5,14.0,,22.0,0.0,,,6.0,6,17.0,,,,6,,22.0,16.0,17.0,6,,,21.0,,,7,11.0,,6,8.0,,,,,,9.0,,,4.0,8,,,,68,10
6,6,2,5,5,4,5,6,7,8,6,6,6,5,6,5,6,5,6,5,5,5,7,6,7,7,7,7,5,6,6,6,7,7,7,6,6,7,7,7,7,6,0,9,5,0,5,6,7,7,7,6,7,4,5,0,6,4,4,6,7,6,5,5,5,6,5,23.0,5,6,7,6,,7,5,7,7,6,6,6,6,5,5,5,6,7,5,4,6,5,5,6,6,6,6,6,6,7,7,6,6,7,6,6,7,5,5,5,6,13.0,16.0,0.0,7,6,5,5,6,7,6,8,7,5,7,7,6,6,6,6,3,5,7,5,5,6,7,7,7,5,6,6,6,6,5,6,7,1,6,6,7,7,7,7,5,6,6,5,8,7,5,5,3,5,4,5,6,6,5,6,6,5,6,7,6,6,6,7,7,6,7,6,6,7,7,3,6,8,6,2,6,6,6,6,6,6,5,6,7,7,6,6,7,6,7.0,6,4,7,6,7,6,5,5,4,4,7,6,3,6,7,5,6,7,6,6,6,7,6,5,7,7,7,6,7,6,6,5,6,6,6,6,7,6,7,6,6,6,6,8,8,7,5,7,7,5,6,6,5,5,7,6,7,7,6,7,6,7,7,7,8,6,5,7,0,6,6,6,7,28.0,7,6,16.0,5,5,5,5,7,5,6,7,6,20.0,5,7,7,0,7,6,6,6,5,7,4,6,4,5,6,5,6,7,3,6,6,7,6,7,6,18.0,6,7,6,7,7,7,7,6,7,7,6,6,7,5,22.0,7,8,5,7,7,7,6,6,7,5,7,6,7,8,7,7,7,16.0,8,7,6,7,6,9,6,5,6,7,8,6,7,5,6,5.0,6,6,6,7,10.0,7,5,6,6,8,6,0,6,7,7,7,7,17.0,23.0,8,7,30.0,7,7,6,7,8,7,6,7,6,8,7,10.0,7,6,6,36.0,7,5,4,7,7,5,6,7,5,5,6,26.0,30.0,23.0,6,6,5,4,6,6,6,5,7,6,6,4,6,6,6,18.0,6,4,8,9.0,7,6,29.0,6,4,7,7,7,6,7,7,6,,6,8,7,6,9.0,6,8.0,7,6,4,6,7,6,,6,7,7,6,7,7,7,7,12.0,6,5,23.0,22.0,7,5,,6,2,6,6,7,7,6,8,8,6,6,7,6,6,6,5,7,7,6,7,7,8,8,8,7,9,6,11.0,6,6,7,7,12.0,6,8,6,7,4,5,7,5,6,11.0,0,,7,6,7,6,7,8.0,6,6,2,24.0,11.0,7,7,,22.0,13.0,6,7,6,6,7,5,7,6,6,6,7,5,,10.0,7,16.0,7,9,16.0,6,,7,7,6,9,8,,6,7,7,4,6,7,15.0,8,6,7,,7,7,7,,,9,6,6,7,6,7,,7,7,27.0,,37.0,7,6.0,7,8,6,5,,26.0,24.0,,6,8,7.0,7,6,6,18.0,7.0,6,5.0,24.0,8,17.0,33.0,7,,,8,36.0,,7,7.0,,32.0,37.0,28.0,,7,,,6,20.0,7,6,6,8,7,32.0,18.0,7,15.0,,5,8.0,6,7,8,,,6,7,7,8,6,7,6,,,5,7,,8,,19.0,7,7,,7,25.0,,6,8,26.0,,14.0,6,15.0,,16.0,6,6.0,23.0,2,8,7,,,,16.0,8,7,7,35.0,7,36.0,32.0,7,,,8.0,,8,8,,14.0,21.0,7.0,8,6,32.0,7,,7,22.0,7,9.0,15.0,,6,,,10.0,13.0,0.0,6.0,6,6,24.0,,,,8,7,,6,27.0,7,6.0,,,,,34.0,7,7.0,9.0,8,,,12.0,,,,7,7,15.0,27.0,,30.0,8.0,15.0,,27.0,35.0,,,8,,,,21.0,28.0,,23.0,11.0,,31.0,28.0,26.0,6,9,7.0,35.0,6.0,5,6,10.0,6,7,,7,8,15.0,5,18.0,5,,7,8,,28.0,6,,0,37.0,,,6,,,24.0,,,,9.0,7,,15.0,,12.0,6,,7,,19.0,15.0,8,,,15.0,29.0,6,12.0,,5,7,,,,,37.0,27.0,23.0,,12.0,14.0,,8,15.0,24.0,,,9.0,33.0,,6,,,8,,36.0,7,23.0,,14.0,,34.0,2,,,12.0,6,,25.0,,7,,,15.0,,,33.0,9,7,7.0,,,13.0,8,7,,,7,7,8,29.0,7,7,24.0,7,7,7,8,,6,8,7,6,8,24.0,,7,14.0,,7.0,18.0,,37.0,,,37.0,,8.0,,5,6,14.0,,8,,,7,15.0,,,,,,5,19.0,,9.0,8.0,11.0,12.0,,6,28.0,,36.0,,7,35.0,,20.0,28.0,7,,37.0,,,29.0,8,15.0,27.0,6,12.0,,,,,,10.0,,,,7,,,,69,10
7,7,6,6,4,6,6,3,5,5,6,5,1,6,6,6,6,6,6,4,4,6,7,6,7,7,8,7,6,7,7,7,8,8,8,7,6,8,7,7,7,6,6,6,4,7,6,7,7,8,8,7,8,7,7,7,7,7,6,7,7,6,5,6,6,6,7,35.0,6,6,7,7,6.0,7,6,8,8,6,7,7,6,4,5,5,6,7,5,4,7,7,7,7,5,7,7,7,6,7,7,7,7,7,7,7,7,5,2,5,7,26.0,27.0,17.0,8,7,6,6,7,7,7,9,8,5,8,7,7,7,7,7,6,6,7,6,6,6,7,7,7,6,7,7,7,4,5,7,7,6,7,6,8,6,7,7,6,6,6,6,8,7,6,6,5,2,6,6,7,6,5,7,6,6,6,7,6,6,6,8,8,7,7,7,6,7,7,5,6,8,7,6,6,6,6,6,8,7,7,7,7,7,7,7,8,6,,7,7,7,7,7,7,6,6,6,5,5,7,6,7,7,6,7,7,5,6,6,8,7,6,7,7,7,7,7,6,6,7,7,6,5,6,8,7,7,7,7,7,7,6,3,7,5,7,7,0,4,6,6,6,7,6,7,7,7,8,7,4,0,5,4,6,6,7,7,4,7,7,7,13.0,7,6,11.0,6,7,6,6,7,6,7,7,6,27.0,6,7,7,6,7,6,6,8,7,7,6,6,7,6,7,7,6,7,7,7,6,0,7,7,6,24.0,7,7,7,6,7,7,8,7,6,7,6,6,7,6,24.0,7,5,6,8,6,7,7,6,7,6,8,7,7,9,7,7,7,14.0,8,8,6,7,6,9,6,6,6,4,5,5,7,5,6,11.0,5,6,6,7,10.0,8,6,7,7,6,6,7,6,8,7,7,8,11.0,7.0,8,8,14.0,7,7,7,5,8,8,6,8,7,8,7,20.0,7,6,6,22.0,7,6,4,4,1,7,7,7,6,7,7,11.0,,22.0,7,7,6,6,6,6,7,6,0,6,6,7,7,5,6,11.0,7,5,9,24.0,7,6,23.0,6,5,8,7,7,7,7,7,5,,6,6,5,6,7.0,7,7.0,7,6,3,7,8,7,,7,8,5,6,7,8,8,7,32.0,6,6,16.0,23.0,8,7,8.0,6,7,7,7,7,8,6,7,7,6,5,8,7,5,6,6,6,8,2,5,4,6,4,0,5,6,5,28.0,7,6,6,8,17.0,6,8,7,8,9,6,7,6,7,,8,,5,6,8,9,6,9.0,6,7,5,13.0,7.0,6,7,8.0,,15.0,7,7,6,7,7,6,8,6,0,6,7,6,26.0,9.0,6,,7,7,26.0,6,,7,7,7,6,2,7.0,7,0,1,7,7,6,24.0,8,7,7,,8,7,6,,0.0,10,7,8,8,6,8,13.0,8,7,19.0,,,7,,8,9,6,5,,,29.0,,6,5,12.0,8,7,6,16.0,8.0,6,27.0,10.0,8,26.0,36.0,7,,23.0,9,24.0,,7,23.0,15.0,30.0,12.0,15.0,,8,,11.0,7,,8,7,7,8,7,34.0,36.0,8,32.0,,7,21.0,7,7,9,,,4,7,7,8,7,6,7,,,7,6,,2,35.0,,7,7,,8,,,7,9,23.0,,,7,12.0,,31.0,7,,18.0,8,6,5,,,,,11,3,8,20.0,7,19.0,35.0,7,20.0,,9.0,,8,4,21.0,31.0,10.0,10.0,8,7,20.0,7,31.0,6,9.0,8,14.0,,,7,4.0,,16.0,35.0,30.0,,6,7,28.0,,14.0,,8,5,,4,,8,,26.0,,,,,6,9.0,12.0,8,9.0,,23.0,,,,8,8,18.0,12.0,,12.0,13.0,,,9.0,,,,8,,28.0,,28.0,29.0,,0.0,32.0,,6.0,12.0,26.0,8,6,17.0,,,7,7,21.0,6,7,17.0,8,8,12.0,7,29.0,6,,8,5,,28.0,8,,6,,,,7,,,,,,28.0,14.0,7,14.0,12.0,13.0,7.0,7,,8,20.0,11.0,33.0,9,16.0,,33.0,35.0,2,,,6,8,,,,,24.0,14.0,,10.0,18.0,28.0,,8,32.0,36.0,,,,29.0,,7,,,9,,7.0,8,,,,,10.0,7,23.0,,10.0,5,,,,7,,,19.0,,10.0,6.0,9,8,6.0,,7.0,,6,7,,,8,8,9,,8,5,,8,8,8,9,,9,9,8,6,8,,8.0,8,,,8.0,17.0,,22.0,,,14.0,,9.0,,8,7,10.0,13.0,8,27.0,,6,11.0,23.0,,,,26.0,7,22.0,,21.0,9.0,25.0,14.0,7.0,4,27.0,,25.0,,8,,36.0,12.0,29.0,8,,30.0,21.0,,17.0,8,10.0,,8,8.0,,,,,,0.0,,,16.0,9,,,,70,10
6,6,6,5,5,5,4,6,4,6,6,6,6,5,5,6,5,5,6,5,6,4,6,5,6,6,6,6,5,5,5,6,6,6,6,4,5,6,6,6,6,5,6,8,5,6,5,6,0,8,7,6,6,6,6,6,6,6,5,6,6,3,4,3,5,6,6,39.0,5,5,6,6,16.0,7,5,6,6,6,6,6,5,5,4,5,5,6,5,5,6,6,6,6,6,4,6,6,5,7,7,6,6,7,7,2,6,5,5,4,6,6.0,11.0,,7,5,5,3,5,6,6,6,7,4,7,4,6,6,6,6,5,5,6,6,5,5,6,6,6,5,6,6,6,6,5,6,5,6,6,5,7,7,6,6,6,6,6,6,7,6,6,6,3,4,6,6,6,5,5,6,5,5,5,6,5,5,5,7,6,6,4,5,5,6,7,5,2,7,6,5,0,5,5,6,7,6,4,6,6,6,6,6,7,5,35.0,6,6,7,6,6,6,5,5,5,5,7,6,5,6,7,6,7,6,5,6,6,7,6,5,0,6,6,6,6,5,5,6,0,5,6,6,7,7,7,4,6,6,5,8,8,6,5,6,6,5,5,5,5,5,7,6,6,5,5,7,2,5,7,7,8,6,5,6,6,6,7,7,6,16.0,7,6,35.0,5,6,5,4,4,5,6,6,6,6.0,5,6,6,0,7,5,1,7,7,6,5,5,6,5,6,6,6,7,6,6,6,6,6,7,5,,4,7,5,7,6,6,7,6,7,5,6,6,7,5,6.0,6,7,5,8,8,6,6,5,6,5,7,6,7,7,7,6,7,,7,7,6,7,6,8,5,4,5,7,7,6,5,5,5,,5,5,3,6,19.0,6,4,6,6,7,5,6,5,6,2,0,6,31.0,9.0,7,6,22.0,6,6,6,6,7,7,5,6,6,6,6,33.0,7,6,6,11.0,6,6,5,7,7,6,6,5,5,5,6,8.0,15.0,7.0,3,4,5,5,6,6,6,5,7,6,5,7,7,6,6,42.0,6,4,7,,6,5,6.0,6,5,6,4,6,6,7,7,6,,6,8,7,6,19.0,6,14.0,7,6,6,6,7,6,,6,7,6,6,6,6,6,6,44.0,4,5,16.0,32.0,7,0,15.0,3,6,6,6,6,6,4,8,8,6,6,7,6,5,5,5,7,7,6,7,7,8,7,8,6,8,6,30.0,6,5,7,7,12.0,6,8,6,8,8,5,6,6,8,11.0,7,,7,6,6,8,6,19.0,5,7,5,,27.0,7,6,,35.0,8.0,6,7,6,6,6,6,6,6,0,6,2,6,43.0,28.0,7,18.0,6,8,10.0,6,,6,7,6,7,8,29.0,6,6,7,5,6,7,20.0,8,6,6,,7,6,6,,,8,6,7,6,6,6,32.0,7,6,31.0,,,7,43.0,7,8,6,7,,,10.0,,6,7,19.0,7,6,6,15.0,14.0,6,8.0,29.0,8,,,7,,27.0,8,40.0,,7,29.0,8.0,26.0,14.0,26.0,,7,,21.0,6,,7,6,6,7,4,24.0,12.0,6,25.0,,7,18.0,6,6,5,,,3,6,6,8,6,6,6,,33.0,1,7,,7,,23.0,6,6,,7,,,6,0,,,14.0,6,11.0,27.0,10.0,6,,17.0,7,7,7,,6.0,,11.0,6,7,7,7.0,6,31.0,9.0,6,12.0,,,7.0,7,7,8.0,,11.0,13.0,6,6,39.0,7,,7,12.0,7,30.0,6.0,,6,9.0,,,,33.0,,5,6,16.0,,34.0,8.0,7,6,,6,,7,8.0,,,,,11.0,6,8.0,,7,26.0,,6.0,,,,7,6,,12.0,,16.0,15.0,,,44.0,11.0,,,8,,38.0,,11.0,20.0,,,,30.0,34.0,20.0,40.0,7,8,8.0,43.0,,6,7,44.0,6,7,,7,7,33.0,7,13.0,5,18.0,7,7,,,7,,6,,,,7,19.0,,22.0,,,27.0,43.0,7,,35.0,44.0,12.0,6,,6,32.0,26.0,,8,11.0,,,43.0,6,26.0,,6,7,,,,,5.0,23.0,10.0,,23.0,32.0,,7,13.0,13.0,,,6.0,17.0,,6,,36.0,7,,16.0,8,,,,,22.0,6,27.0,,10.0,6,,42.0,,6,,,,,14.0,41.0,8,7,11.0,,10.0,15.0,7,6,,,7,7,7,29.0,7,7,35.0,7,6,7,9,,9,8,8,5,8,12.0,0.0,7,37.0,,7.0,26.0,,9.0,,,13.0,,19.0,,7,6,13.0,,7,41.0,41.0,6,8.0,33.0,,,,,6,10.0,,,16.0,,,12.0,5,8.0,,,,4,12.0,21.0,40.0,27.0,6,,31.0,16.0,,8.0,7,21.0,,7,,,,,,,40.0,,,8.0,8,,,,71,10
12,11,11,11,8,11,11,12,12,13,11,11,12,11,12,11,8,11,11,11,11,10,12,11,12,12,12,12,11,12,11,11,12,12,12,11,12,12,12,12,12,11,11,14,9,11,7,12,12,13,12,12,12,12,11,11,12,11,11,12,12,11,10,10,10,12,12,,7,10,8,0,23.0,12,11,13,12,11,12,12,7,10,10,10,10,12,11,10,11,11,12,12,12,11,12,12,11,12,12,12,11,12,12,12,12,10,10,6,12,12.0,23.0,46.0,13,11,11,11,11,12,12,13,13,9,13,12,10,12,12,11,11,10,12,11,11,11,12,12,12,11,10,11,11,11,10,10,12,11,11,10,13,12,12,12,11,11,11,11,13,11,11,11,8,11,11,11,11,11,10,11,11,11,11,12,11,11,11,13,12,12,12,12,11,12,12,10,11,13,11,9,9,11,11,11,12,12,12,12,12,12,11,12,11,11,,12,12,12,12,12,11,11,11,10,11,12,11,11,11,12,11,12,12,11,9,11,13,12,11,12,12,12,10,12,12,11,11,12,11,12,12,12,12,9,12,8,12,10,13,13,12,10,12,12,7,11,11,11,11,12,11,11,12,12,12,11,12,12,13,13,12,0,12,10,11,12,12,12,15.0,13,11,25.0,11,11,10,10,12,11,11,12,11,37.0,11,12,12,12,12,11,11,13,13,12,11,10,11,11,12,11,11,12,10,12,10,10,12,0,11,36.0,12,12,11,13,11,12,12,10,13,12,11,9,12,11,22.0,10,12,11,12,12,12,10,11,12,11,13,11,12,12,10,12,12,24.0,13,12,11,11,11,0,11,11,11,12,13,12,12,11,11,30.0,11,11,11,12,25.0,12,11,11,11,0,11,12,12,13,12,11,12,16.0,17.0,13,13,28.0,12,12,12,12,13,13,11,13,11,13,12,,12,11,11,12.0,13,11,11,9,12,11,12,12,10,11,12,,31.0,,12,8,11,11,12,11,12,10,12,11,10,12,9,11,11,42.0,12,10,13,20.0,12,11,19.0,10,11,12,12,12,12,9,12,11,,11,13,12,9,46.0,12,,12,11,11,11,8,12,,11,13,12,11,12,12,12,12,45.0,10,11,31.0,,13,11,30.0,11,11,12,12,12,12,11,13,14,11,11,13,11,11,11,11,12,13,11,12,13,13,13,13,12,13,11,22.0,11,11,13,11,,11,13,12,13,13,11,12,10,13,14.0,13,,12,12,12,14,10,16.0,11,12,10,,31.0,12,11,15.0,25.0,28.0,12,12,11,11,12,11,12,11,11,11,12,11,32.0,30.0,11,,12,0,,12,,12,12,12,14,13,29.0,12,12,13,12,12,12,,13,12,12,,12,12,12,,12.0,15,11,12,13,11,12,35.0,12,12,40.0,,16.0,12,22.0,12,14,9,11,,21.0,,,11,13,31.0,12,12,11,24.0,,8,24.0,23.0,11,,30.0,13,,18.0,13,33.0,,12,13.0,33.0,44.0,16.0,0.0,,13,,30.0,12,20.0,13,12,11,13,12,17.0,,12,15.0,,12,20.0,11,12,13,,,12,12,0,13,12,12,11,,21.0,11,13,,13,13.0,27.0,12,12,,12,33.0,13.0,12,13,22.0,,18.0,12,29.0,18.0,21.0,12,14.0,26.0,12,13,13,,0.0,,14.0,16,12,12,17.0,12,,15.0,12,11.0,,34.0,19.0,13,13,,43.0,17.0,,13,12,40.0,12,15.0,12,16.0,13,16.0,12.0,,12,25.0,25.0,34.0,43.0,22.0,,11,11,12.0,,,32.0,13,12,,12,27.0,13,27.0,27.0,,,,16.0,13,40.0,,13,0.0,,24.0,,,,13,12,35.0,,,30.0,,24.0,,,,,,13,,36.0,,38.0,15.0,,34.0,23.0,24.0,,13.0,29.0,12,14,35.0,48.0,12.0,8,12,42.0,11,12,47.0,12,13,20.0,12,,11,29.0,13,13,,18.0,12,,11,41.0,,,12,33.0,,46.0,23.0,,,25.0,13,30.0,18.0,,13.0,12,,13,33.0,15.0,,13,,,21.0,47.0,11,,,11,13,,,,,23.0,48.0,,,,,,13,32.0,40.0,,,37.0,37.0,,11,,13.0,13,,27.0,13,47.0,,,,26.0,12,27.0,,,12,,13.0,,12,,,33.0,,27.0,17.0,14,13,12.0,,16.0,15.0,11,12,,,13,13,14,32.0,13,13,26.0,13,13,13,14,,13,14,13,10,13,14.0,46.0,13,,,,,,27.0,,,48.0,,48.0,,12,12,,37.0,12,13.0,28.0,12,,,,,,,11,23.0,,,16.0,20.0,27.0,39.0,12,18.0,,,,13,22.0,33.0,,25.0,13,,39.0,,,48.0,13,13.0,32.0,12,25.0,,,,,,,,,32.0,13,,,,72,10
6,6,5,5,5,5,5,6,6,7,5,6,6,3,5,5,2,5,5,5,5,4,7,4,6,3,6,5,4,5,5,5,6,6,6,5,5,6,6,6,5,5,5,8,5,5,5,5,5,7,7,4,7,6,6,6,6,6,5,5,6,6,3,5,4,5,6,32.0,5,5,6,7,14.0,6,5,6,6,5,5,5,5,4,4,2,5,6,5,4,6,5,5,5,6,4,6,6,5,7,6,6,6,6,6,6,6,4,4,4,2,23.0,33.0,26.0,6,5,2,4,5,6,5,7,6,3,6,6,6,6,6,5,4,4,6,4,5,5,6,6,6,5,6,6,6,5,4,5,6,3,6,5,7,5,6,6,5,5,5,5,7,6,5,6,4,5,5,4,6,5,5,5,5,4,5,0,5,5,5,7,6,6,6,5,4,6,6,4,3,7,5,4,5,5,5,5,6,6,6,6,6,6,6,5,6,5,27.0,5,6,6,6,6,5,5,5,4,4,7,5,5,6,6,5,6,6,5,5,5,7,6,5,6,6,6,5,5,5,5,5,6,5,6,6,7,6,6,6,6,4,5,8,8,6,4,6,6,5,5,5,4,4,5,5,6,6,5,6,4,6,7,7,8,6,5,6,5,6,5,5,5,7.0,6,5,7.0,4,4,4,4,6,5,6,6,6,13.0,4,6,5,7,6,5,5,7,7,6,5,5,6,3,4,6,5,6,5,6,5,6,6,7,5,7.0,6,6,0,7,6,6,7,6,7,6,3,5,6,4,,6,7,2,7,7,6,5,5,6,4,7,6,6,7,6,6,6,16.0,6,7,5,6,5,8,5,1,5,6,7,6,5,5,5,17.0,5,5,5,6,26.0,6,5,5,5,7,0,6,5,6,6,6,7,18.0,22.0,7,7,,6,6,6,6,7,7,5,7,6,7,6,16.0,6,6,5,,0,5,4,7,7,6,2,6,5,5,6,27.0,,13.0,5,5,5,4,5,5,5,4,6,5,5,6,6,5,6,,6,0,7,6.0,6,5,14.0,5,5,6,6,6,5,7,6,6,,5,8,7,5,30.0,5,,4,5,5,5,7,5,,5,7,6,6,6,6,6,6,8.0,4,4,22.0,13.0,7,5,15.0,5,6,6,6,6,6,5,8,8,3,5,6,5,5,5,5,6,6,6,7,7,8,7,8,6,8,5,,6,5,7,6,33.0,5,7,3,7,7,5,6,6,7,18.0,6,,7,5,6,8,6,17.0,5,6,4,26.0,16.0,6,6,38.0,,,6,6,5,5,0,5,6,5,5,5,6,5,14.0,15.0,7,17.0,6,8,11.0,6,,6,6,6,8,7,,5,6,7,6,4,7,14.0,7,5,6,,7,6,6,,8.0,8,6,7,6,5,6,36.0,7,6,,0.0,7.0,6,29.0,6,7,4,7,,,16.0,,5,7,32.0,6,6,2,33.0,32.0,5,,,7,38.0,,6,,28.0,7,17.0,,6,12.0,17.0,35.0,,,,7,,8.0,6,8.0,7,6,5,6,5,29.0,16.0,6,14.0,,6,10.0,5,6,7,,,6,6,6,7,6,6,5,,11.0,6,7,,7,11.0,23.0,6,6,0.0,7,8.0,,6,8,,,12.0,6,0.0,,,6,,12.0,6,7,7,,7.0,,,9,7,7,21.0,6,6.0,25.0,6,14.0,,24.0,,7,8,35.0,26.0,8.0,27.0,6,6,,7,,6,6.0,7,17.0,18.0,,6,,16.0,14.0,11.0,,9.0,5,5,,,21.0,38.0,7,7,,6,30.0,7,29.0,23.0,,,,9.0,7,19.0,0.0,7,5.0,,6.0,,,,6,7,25.0,30.0,,,33.0,,,13.0,18.0,,,7,,10.0,,28.0,,,6.0,7.0,,21.0,6.0,,6,8,17.0,19.0,12.0,6,6,,5,6,,7,6,,6,15.0,5,,6,7,,8.0,6,,3,,,,6,27.0,,13.0,,,14.0,12.0,6,17.0,25.0,,,6,,6,31.0,9.0,14.0,8,33.0,,15.0,38.0,5,18.0,,5,6,,,,,21.0,35.0,,8.0,15.0,15.0,,7,25.0,11.0,,,17.0,6.0,,6,,,5,,16.0,7,,,38.0,,20.0,6,,,18.0,5,,8.0,,6,,,31.0,,11.0,21.0,8,7,19.0,,11.0,8.0,7,6,,,6,6,7,13.0,7,7,7.0,7,6,7,8,,8,8,7,5,8,22.0,14.0,6,12.0,,,,,31.0,,,8.0,,10.0,,6,5,25.0,35.0,6,15.0,16.0,7,10.0,,,,,,5,17.0,,11.0,,30.0,35.0,30.0,6,11.0,,23.0,,6,,7.0,16.0,31.0,6,,24.0,10.0,,,6,12.0,,6,9.0,,,,,,9.0,,,24.0,7,,,,73,10
5,5,5,5,5,5,5,6,6,7,5,5,5,4,5,5,5,1,5,5,4,4,6,5,6,6,6,5,4,5,3,5,5,6,6,5,5,6,6,6,5,4,4,8,5,5,5,5,5,7,7,4,6,5,6,6,6,6,5,6,4,5,3,5,4,5,6,10.0,5,5,6,6,33.0,6,5,6,6,5,5,5,5,4,4,5,5,2,4,4,6,5,6,6,5,5,5,5,4,7,6,6,5,6,6,6,4,4,4,3,6,35.0,22.0,,6,5,3,4,5,6,4,7,6,4,6,5,6,6,6,4,4,4,5,5,5,4,6,5,5,3,6,5,6,5,4,5,6,5,5,4,7,6,6,4,2,5,5,5,6,6,5,6,3,5,5,5,5,3,4,5,5,4,2,5,2,5,5,7,6,6,6,5,5,3,6,2,5,6,5,4,1,5,5,5,7,6,6,6,3,0,5,5,5,5,12.0,5,5,5,4,4,5,5,5,5,4,6,5,5,4,5,5,6,6,5,5,5,6,6,5,6,6,5,5,5,5,5,5,6,5,0,6,7,6,6,5,6,6,5,7,7,6,4,6,5,5,4,4,5,4,6,5,6,6,5,6,5,5,6,6,7,6,3,6,5,6,6,6,6,9.0,6,5,26.0,4,5,4,4,6,5,6,6,5,,5,6,5,6,6,5,5,7,7,6,5,5,6,5,6,6,5,4,5,6,2,6,6,6,5,22.0,5,6,5,7,5,6,7,6,6,6,5,5,6,5,27.0,6,7,4,7,7,0,5,5,5,5,7,2,5,7,6,5,6,22.0,6,6,5,6,5,8,5,5,5,6,7,6,5,3,5,27.0,4,0,5,5,6.0,6,5,5,5,7,5,5,3,6,6,6,6,9.0,5.0,6,6,6.0,0,5,6,6,6,6,5,6,5,7,6,23.0,6,5,5,25.0,6,5,5,7,7,6,5,6,5,6,6,30.0,13.0,6.0,5,5,5,4,5,5,6,4,6,5,4,6,6,5,6,13.0,6,4,5,,6,5,28.0,5,5,6,5,6,5,6,6,6,,5,7,6,5,6.0,6,23.0,6,5,5,5,6,5,,5,6,6,5,6,6,6,6,20.0,5,5,,8.0,7,5,16.0,5,6,6,5,6,6,5,8,8,5,5,6,5,5,4,5,6,6,6,6,7,7,7,8,4,6,5,9.0,5,5,6,6,8.0,5,7,6,8,8,5,6,5,7,15.0,6,,6,5,6,6,6,9.0,5,6,4,19.0,9.0,6,6,15.0,24.0,33.0,6,6,5,5,4,5,6,5,5,5,6,6,,10.0,7,,6,7,0.0,6,,6,6,5,8,7,28.0,6,6,7,6,6,6,18.0,7,5,6,,7,6,6,,15.0,8,6,7,6,5,6,22.0,7,5,13.0,,,6,29.0,6,7,5,7,,,,,5,7,5.0,7,6,5,11.0,37.0,5,9.0,8.0,7,26.0,10.0,6,,,7,16.0,,6,9.0,,27.0,15.0,34.0,,7,,37.0,6,6.0,7,6,5,6,6,,33.0,6,29.0,,6,29.0,6,6,7,,,6,6,6,7,6,6,5,,,5,7,,7,10.0,10.0,6,0,,6,29.0,16.0,6,7,18.0,,21.0,6,9.0,15.0,12.0,5,11.0,8.0,6,7,7,,27.0,,18.0,9,6,6,11.0,6,13.0,16.0,6,11.0,,5.0,21.0,7,7,12.0,20.0,13.0,,6,0,,6,,6,14.0,6,31.0,18.0,,6,,19.0,6.0,21.0,,20.0,5,5,,,18.0,,6,6,,6,,6,,37.0,,,,20.0,7,7.0,31.0,6,5.0,,8.0,,,,5,7,21.0,18.0,,,20.0,29.0,,5.0,34.0,,,7,,,,15.0,12.0,,6.0,,36.0,6.0,7.0,,7,8,9.0,37.0,27.0,5,6,31.0,5,6,25.0,5,6,,6,10.0,1,,6,7,,29.0,6,,6,25.0,,,6,8.0,,7.0,12.0,,10.0,,6,10.0,11.0,,20.0,6,,6,,11.0,37.0,7,36.0,,16.0,,5,9.0,,5,6,,,,,7.0,32.0,,11.0,15.0,8.0,,7,18.0,,,,24.0,,,6,,11.0,6,,37.0,7,,,,,32.0,6,,,20.0,6,,11.0,0.0,6,,,14.0,,,,7,6,16.0,,22.0,26.0,7,6,,,6,3,7,20.0,7,7,37.0,7,6,7,8,,8,8,7,5,7,17.0,10.0,5,11.0,,34.0,,,30.0,,,10.0,,29.0,,6,5,11.0,34.0,7,14.0,9.0,7,12.0,,,,,,6,17.0,,13.0,24.0,9.0,25.0,37.0,5,,,14.0,,6,33.0,7.0,11.0,,6,,9.0,30.0,,,7,17.0,,6,19.0,0.0,,,,,,,,27.0,8,,,,74,10
6,6,6,5,5,5,6,6,6,7,6,5,6,5,5,4,0,5,5,5,3,5,6,5,6,6,6,5,5,5,5,6,6,6,6,5,5,6,6,6,6,4,5,8,5,5,5,6,6,7,7,5,6,6,6,6,6,6,5,6,6,5,1,5,4,5,6,,2,5,0,7,9.0,6,5,7,6,6,6,6,5,5,4,5,5,6,4,5,6,5,6,6,6,2,5,5,5,7,6,6,6,6,7,6,6,5,4,4,6,16.0,21.0,,7,5,5,5,5,6,6,7,6,4,6,6,6,6,6,6,4,4,6,6,5,3,6,6,6,5,6,6,6,5,5,5,7,5,6,5,6,6,4,6,5,5,3,5,7,6,6,3,4,6,5,5,6,5,5,5,5,3,3,6,5,5,5,7,6,4,6,5,5,6,6,4,5,7,6,3,5,5,6,5,7,7,6,6,5,4,5,5,1,0,35.0,5,0,5,5,5,6,5,4,5,5,6,5,5,6,6,5,6,6,5,5,5,7,6,5,6,6,6,6,6,5,5,6,6,5,5,6,7,6,6,6,5,6,5,7,7,6,4,6,6,5,6,5,5,4,6,5,6,7,6,5,5,6,6,6,7,6,5,6,6,6,6,6,6,,6,5,22.0,4,5,5,4,6,5,5,6,6,5.0,5,6,5,6,6,5,5,5,7,7,5,5,6,3,6,6,5,6,5,6,6,6,6,7,5,8.0,6,6,5,7,6,6,7,6,7,6,5,6,6,5,25.0,6,7,5,7,7,6,6,5,6,5,7,5,6,7,6,6,5,16.0,6,6,5,6,5,8,5,5,5,6,6,6,6,5,5,,2,5,5,6,35.0,6,5,6,6,7,5,6,0,6,6,6,6,7.0,18.0,7,7,25.0,6,6,6,6,7,7,5,7,5,7,6,12.0,6,5,5,30.0,6,5,5,7,7,6,6,6,6,6,6,33.0,,26.0,5,5,5,5,6,6,6,4,6,4,4,7,6,5,6,31.0,6,4,7,13.0,6,5,27.0,5,5,6,6,6,5,6,7,3,,5,8,7,6,19.0,6,6.0,6,5,5,5,7,6,,5,7,6,6,6,7,7,7,14.0,4,5,,15.0,7,6,23.0,6,6,3,5,6,6,5,8,8,5,5,5,6,5,5,4,7,6,4,6,7,7,7,8,6,8,6,,6,6,7,6,14.0,6,7,6,8,8,5,0,5,5,14.0,6,,5,5,7,8,6,8.0,5,6,5,0.0,8.0,6,6,6.0,32.0,24.0,6,6,5,5,4,5,6,5,6,5,6,6,6.0,7.0,7,23.0,6,0,26.0,6,,5,7,6,8,7,,6,6,7,6,6,6,11.0,5,6,6,,7,6,6,,22.0,8,6,7,6,5,6,22.0,7,5,12.0,,17.0,7,32.0,7,7,5,6,,16.0,,,6,7,20.0,7,6,6,9.0,24.0,6,17.0,32.0,7,10.0,25.0,6,,5.0,8,18.0,,7,14.0,12.0,,12.0,,,7,,,6,14.0,7,6,6,7,5,16.0,29.0,6,11.0,,7,31.0,6,6,7,,,6,6,6,7,6,6,6,,36.0,6,7,,7,,,7,6,,5,,,6,7,10.0,,,6,15.0,13.0,11.0,6,23.0,17.0,7,6,7,,36.0,,,9,7,7,11.0,7,16.0,17.0,6,,,12.0,6.0,7,7,9.0,13.0,7.0,15.0,7,6,24.0,7,,6,8.0,7,16.0,22.0,,6,20.0,8.0,13.0,,13.0,9.0,5,5,23.0,,8.0,11.0,7,7,,6,,7,6.0,8.0,,,,13.0,7,22.0,7.0,7,38.0,,,,,,6,5,9.0,31.0,,28.0,,,,,23.0,,,7,,,,,,,,,8.0,11.0,,20.0,7,6,24.0,0.0,7.0,6,6,39.0,6,6,12.0,7,7,25.0,7,14.0,1,,6,7,,8.0,7,,6,18.0,,,7,12.0,,31.0,28.0,,32.0,33.0,6,8.0,18.0,,,6,,6,39.0,,10.0,7,21.0,,8.0,17.0,5,26.0,,5,4,,,,,8.0,25.0,19.0,29.0,15.0,34.0,,7,11.0,6.0,,,,34.0,,6,,8.0,7,,23.0,7,18.0,,16.0,,9.0,6,15.0,,21.0,6,,21.0,,6,,,21.0,,36.0,21.0,8,6,,,,0.0,7,6,,,3,5,8,22.0,7,7,20.0,7,7,7,8,,8,8,7,5,8,7.0,30.0,6,15.0,,,31.0,,,,,15.0,,36.0,,7,6,8.0,11.0,6,,,7,9.0,22.0,,,,,6,,,7.0,,,13.0,32.0,6,26.0,,,,7,,38.0,6.0,38.0,7,,,36.0,,,7,14.0,30.0,7,18.0,,,,,,16.0,,,,8,,,,75,10
6,5,5,5,5,5,5,6,6,7,5,5,5,4,5,5,5,5,5,5,5,5,6,5,6,4,6,5,5,5,5,5,6,6,5,5,5,6,6,6,6,5,5,7,5,2,0,5,6,7,7,5,6,5,5,6,6,5,5,6,2,5,4,4,4,5,6,20.0,5,4,6,6,,6,5,6,6,5,5,3,5,5,4,3,4,6,4,4,6,5,6,4,6,5,5,5,5,5,6,6,6,6,6,6,6,4,4,4,6,24.0,21.0,17.0,6,5,4,5,2,4,3,7,6,4,6,5,5,6,6,5,4,3,4,5,5,2,6,6,6,5,2,2,6,5,4,5,6,5,6,5,6,0,4,6,5,5,5,5,4,5,5,6,1,5,5,3,5,3,4,5,5,5,5,5,4,5,5,7,0,5,6,0,5,5,6,4,5,7,4,5,5,5,5,5,6,6,6,6,6,6,6,5,6,5,12.0,5,6,6,5,6,5,5,5,4,2,6,5,5,6,6,5,4,6,3,5,3,7,6,5,6,6,6,5,5,5,5,5,6,5,6,6,6,6,6,6,5,6,4,7,7,6,4,6,6,5,5,5,5,4,6,5,6,7,6,6,5,6,6,7,7,6,5,6,5,6,6,6,4,20.0,4,5,15.0,4,5,4,4,5,3,5,5,4,,5,6,5,6,6,5,5,7,6,6,5,5,6,5,6,5,5,6,5,6,5,6,6,7,5,35.0,6,6,5,7,5,5,3,6,7,6,5,6,6,5,14.0,6,7,5,7,7,6,6,5,5,4,6,5,6,4,5,6,2,31.0,4,4,2,6,4,8,5,5,5,6,7,6,5,5,5,,5,5,5,5,14.0,6,5,5,5,6,5,6,3,6,6,6,6,29.0,,6,6,,6,5,6,6,6,5,5,6,5,6,6,16.0,6,6,5,38.0,6,5,5,7,7,0,5,6,5,5,6,22.0,37.0,19.0,5,6,5,1,6,5,6,5,6,5,5,6,6,5,6,25.0,6,4,7,9.0,6,5,,5,5,6,6,6,5,6,6,6,,2,7,6,5,18.0,6,8.0,6,5,5,5,6,6,,2,7,6,5,6,6,6,6,,4,5,,22.0,7,5,33.0,5,3,3,5,6,6,5,8,8,5,5,6,5,5,5,5,6,4,6,5,7,7,7,8,6,8,4,,6,5,7,6,8.0,5,7,5,7,7,5,6,5,7,34.0,6,,6,5,6,7,6,7.0,5,6,4,,,6,6,26.0,8.0,5.0,6,6,6,5,6,5,6,5,5,5,6,5,,,7,,6,8,10.0,6,,6,6,6,8,7,17.0,5,6,7,6,5,6,8.0,7,5,6,,7,5,6,,13.0,6,5,6,6,5,6,,6,5,20.0,,25.0,6,9.0,6,3,4,6,,15.0,9.0,,5,7,,6,5,5,13.0,,5,29.0,24.0,7,8.0,38.0,6,,30.0,7,28.0,,7,,34.0,29.0,,26.0,,7,,,6,24.0,7,6,6,7,6,,8.0,4,35.0,,6,8.0,5,6,7,,,6,6,6,7,6,6,6,,,6,7,,7,23.0,34.0,7,6,,6,14.0,7.0,5,7,8.0,,26.0,6,,17.0,8.0,6,12.0,19.0,6,7,7,,,,24.0,7,7,6,7.0,6,11.0,16.0,6,10.0,,15.0,23.0,7,7,,6.0,10.0,22.0,6,6,9.0,7,,6,11.0,6,,19.0,,6,21.0,33.0,35.0,,20.0,0.0,5,5,6.0,,21.0,20.0,7,7,,6,32.0,7,16.0,11.0,,,,,7,30.0,,7,33.0,,34.0,,,,6,6,14.0,33.0,,16.0,,7.0,,,7.0,,,7,0.0,,0.0,12.0,,,18.0,23.0,13.0,27.0,24.0,28.0,6,8,,25.0,23.0,6,6,38.0,5,6,26.0,6,7,25.0,6,8.0,4,34.0,6,7,,12.0,4,,5,9.0,,,6,,,7.0,0.0,,,,6,17.0,23.0,28.0,9.0,5,0.0,6,6.0,,,7,32.0,,23.0,20.0,5,8.0,,5,6,,,,,35.0,,9.0,13.0,6.0,8.0,,7,,32.0,,,25.0,6.0,,6,,,7,,,6,12.0,,,,33.0,4,18.0,,20.0,6,,,,6,,,,,33.0,11.0,7,6,17.0,,31.0,12.0,7,5,,,6,6,7,,7,7,,7,7,7,8,,8,8,7,5,7,,23.0,6,31.0,,17.0,23.0,,20.0,,,14.0,,31.0,,6,6,16.0,38.0,7,,6.0,7,17.0,11.0,,,,,6,11.0,,8.0,,11.0,25.0,26.0,6,29.0,,6.0,,6,14.0,,15.0,20.0,6,,23.0,13.0,,20.0,6,16.0,16.0,6,10.0,,,,,,34.0,,,21.0,7,,,,76,10
4,6,6,6,6,6,7,7,7,8,6,7,7,6,7,7,6,1,4,6,6,6,8,6,7,7,7,7,6,7,6,6,7,7,7,6,6,7,7,6,7,6,6,0,6,6,6,6,7,8,8,7,7,7,7,7,7,7,6,7,7,6,5,6,5,7,7,38.0,6,5,7,7,,4,5,7,7,6,6,6,6,6,5,5,6,6,5,6,7,6,7,7,7,6,6,7,6,8,7,7,7,7,8,3,6,5,6,5,7,7.0,,26.0,7,6,2,5,4,7,7,8,7,5,7,7,6,7,7,7,5,6,7,6,6,6,7,7,7,6,7,7,7,6,5,6,7,6,7,6,7,7,7,7,6,6,6,6,5,6,6,7,5,7,0,6,7,6,5,7,6,6,6,7,6,5,6,8,6,6,7,4,6,3,7,6,6,8,7,6,7,6,6,6,8,7,7,7,7,7,0,6,7,6,8.0,6,7,7,7,7,7,6,6,6,5,8,7,2,7,6,3,7,0,5,6,5,7,5,6,7,7,7,6,7,7,2,6,7,6,7,7,8,7,7,6,7,7,6,9,9,6,5,7,7,6,6,6,6,6,8,6,7,7,6,5,6,8,8,8,9,6,6,7,7,7,7,7,7,26.0,8,6,6.0,6,6,5,5,7,6,5,7,4,11.0,6,7,7,8,7,5,6,7,8,7,6,6,7,6,7,7,4,7,6,5,4,6,6,4,4,20.0,6,6,6,8,6,6,8,7,8,7,6,7,7,5,18.0,7,9,4,8,8,7,7,6,7,3,5,6,7,8,7,7,7,37.0,7,8,7,7,6,9,6,4,6,7,8,7,6,6,6,,6,4,6,6,13.0,7,6,6,6,8,6,6,6,7,7,7,7,27.0,,7,7,20.0,7,5,7,7,8,7,6,7,6,8,7,7.0,7,6,7,,8,4,5,8,8,7,7,7,6,7,7,29.0,27.0,,6,7,6,6,7,7,7,5,8,7,6,8,7,7,7,,7,5,9,,7,5,13.0,6,6,7,7,7,6,8,8,7,,6,9,8,6,16.0,7,8.0,8,7,6,7,8,7,,7,8,7,7,7,7,7,8,8.0,6,6,24.0,11.0,8,6,35.0,6,7,7,7,7,7,6,9,9,7,6,8,6,6,6,6,7,7,7,8,9,9,8,9,7,9,6,,7,6,8,7,26.0,6,8,7,9,9,6,7,7,8,9.0,8,,8,7,0,8,8,19.0,6,7,6,20.0,10.0,8,7,,22.0,7.0,7,8,7,7,7,6,7,6,6,6,7,7,8.0,9.0,8,34.0,7,10,6.0,5,,7,8,7,9,8,19.0,7,7,9,0,7,8,16.0,8,7,7,,8,7,7,,7.0,9,7,8,7,6,7,23.0,8,7,,,12.0,8,21.0,8,7,6,8,,22.0,,,7,8,,7,7,2,21.0,,6,21.0,29.0,9,8.0,12.0,8,,14.0,9,8.0,,8,27.0,,,15.0,12.0,,8,,0.0,7,25.0,8,7,7,7,7,,14.0,8,10.0,,7,,6,7,8,,,7,7,7,7,7,7,7,,26.0,7,8,,9,37.0,9.0,7,7,,7,30.0,24.0,7,9,12.0,,24.0,7,34.0,19.0,38.0,7,31.0,21.0,8,9,8,,16.0,,9.0,10,8,8,,8,9.0,,7,13.0,,24.0,27.0,8,9,,,14.0,25.0,8,6,12.0,7,9.0,8,6.0,0,9.0,6.0,,7,11.0,7.0,24.0,18.0,17.0,19.0,6,6,19.0,,14.0,37.0,8,8,,7,30.0,7,16.0,,,,,,8,10.0,19.0,8,21.0,,11.0,,,,7,8,7.0,33.0,,10.0,17.0,10.0,,,12.0,,,8,,,,25.0,,,19.0,24.0,14.0,27.0,,36.0,8,9,,,,7,7,25.0,6,8,19.0,8,8,20.0,8,23.0,6,24.0,8,8,,13.0,8,,4,28.0,,,7,30.0,,16.0,15.0,,33.0,8.0,8,38.0,,,,7,,8,,,,9,,,8.0,,6,6.0,,4,8,,,,,11.0,,20.0,20.0,0.0,,,8,15.0,10.0,,,23.0,12.0,,7,,8.0,8,,23.0,8,0.0,,31.0,,37.0,6,8.0,,,5,,14.0,,7,,,,,22.0,18.0,8,8,18.0,,22.0,13.0,9,7,,,8,8,8,,8,8,30.0,8,8,8,9,,9,9,8,6,9,,27.0,7,,,12.0,26.0,,,,,8.0,,,,8,6,9.0,34.0,8,13.0,15.0,8,10.0,7.0,,,,26.0,6,14.0,,8.0,24.0,,17.0,33.0,7,,,29.0,,7,16.0,17.0,10.0,31.0,7,,33.0,22.0,,28.0,8,27.0,25.0,8,33.0,,,,,,,,,25.0,9,,,,77,10
5,5,4,2,3,3,0,5,5,6,4,5,5,4,4,5,4,4,2,4,4,4,6,4,1,5,3,4,4,4,4,5,5,5,5,4,4,5,5,5,5,4,4,7,4,5,4,5,5,6,6,4,6,5,4,4,5,4,4,5,5,5,3,3,3,4,5,0.0,4,4,5,6,9.0,6,4,6,5,5,5,4,4,4,3,4,4,5,3,4,5,3,5,5,5,4,5,5,4,6,5,5,5,5,0,5,5,4,4,4,5,11.0,17.0,,6,3,3,4,4,5,5,6,5,3,4,5,5,5,5,5,3,4,5,4,4,3,5,5,5,4,5,5,4,3,1,0,5,4,5,4,6,5,5,5,4,4,4,4,5,5,4,5,3,5,4,4,5,4,3,0,2,0,4,5,4,3,4,6,5,4,6,4,4,2,5,3,4,6,5,4,5,4,5,4,5,5,4,4,5,5,4,5,5,4,30.0,4,5,5,4,5,3,4,4,1,4,6,5,4,5,5,4,5,5,5,4,5,6,5,4,5,5,5,5,5,4,4,4,5,2,5,5,0,3,5,4,4,5,4,6,6,6,3,5,5,4,5,4,3,4,5,4,5,6,4,5,4,5,6,5,6,5,4,4,2,5,5,6,5,20.0,5,4,10.0,3,4,4,4,5,4,4,5,5,16.0,3,3,4,5,5,4,4,6,6,6,4,4,5,4,5,4,4,0,4,5,4,5,5,6,4,6.0,5,5,4,6,5,5,6,4,4,5,4,5,6,4,21.0,5,6,3,6,6,5,5,4,5,2,6,5,5,6,5,4,5,,5,6,5,5,4,7,4,4,4,5,6,5,4,4,4,,4,4,4,5,,5,4,5,4,4,4,3,4,5,5,5,6,18.0,11.0,6,6,21.0,5,5,5,5,6,6,4,5,5,6,5,15.0,5,5,5,4.0,5,3,4,6,5,4,5,5,3,4,5,39.0,,20.0,4,3,4,4,5,5,4,4,5,1,4,6,5,4,5,,4,3,7,,5,2,18.0,4,4,5,5,5,4,6,6,5,,4,6,6,4,14.0,4,,5,4,5,4,6,5,,4,6,5,5,5,5,5,6,9.0,2,4,18.0,14.0,6,5,30.0,4,4,5,4,5,5,4,7,7,4,5,6,5,4,4,4,6,6,5,4,6,6,6,7,4,7,4,21.0,5,5,6,5,16.0,5,7,5,1,5,4,5,4,6,32.0,6,,5,4,5,3,5,20.0,2,5,2,,8.0,6,5,38.0,,12.0,5,5,5,5,5,4,5,3,5,5,5,4,23.0,9.0,6,27.0,5,7,,5,,5,5,5,7,6,,5,5,6,5,4,6,8.0,7,5,0,,6,5,5,,9.0,7,5,5,5,5,5,,6,5,12.0,,29.0,5,42.0,5,6,4,6,,27.0,,,5,6,11.0,6,5,5,15.0,23.0,5,33.0,17.0,7,7.0,24.0,6,,19.0,7,11.0,,6,10.0,17.0,,35.0,7.0,,6,,20.0,5,32.0,6,5,5,5,5,18.0,7.0,6,14.0,,5,,5,4,7,,,5,5,5,6,5,5,5,,11.0,5,6,,6,12.0,27.0,6,5,,6,13.0,21.0,5,7,38.0,,,5,,4.0,7.0,5,17.0,,5,6,6,,16.0,,5.0,7,6,6,8.0,6,,8.0,5,9.0,,42.0,23.0,6,6,30.0,31.0,16.0,15.0,6,5,40.0,6,13.0,5,8.0,6,11.0,,,2,9.0,18.0,23.0,,11.0,42.0,4,5,15.0,,30.0,18.0,6,4,,5,6.0,6,,20.0,,,,,6,29.0,11.0,6,12.0,,20.0,,,,5,6,6.0,,,24.0,24.0,8.0,,31.0,4.0,,,6,,,,14.0,29.0,,5.0,43.0,24.0,34.0,6.0,12.0,5,7,,,,4,5,30.0,4,5,11.0,5,5,37.0,6,,4,,4,6,,41.0,5,,5,19.0,,,5,37.0,,,8.0,,,14.0,5,,24.0,,21.0,5,,5,7.0,16.0,8.0,7,,,,37.0,4,,,4,5,,,,,,,16.0,,,15.0,,6,24.0,,,,16.0,14.0,,5,,16.0,6,,32.0,6,9.0,,16.0,,8.0,5,33.0,,39.0,5,,9.0,,5,,,12.0,,,32.0,6,6,20.0,,,,6,3,,,5,5,6,,6,6,35.0,6,5,6,7,,7,7,6,3,7,21.0,16.0,5,31.0,,23.0,7.0,,8.0,,,15.0,,40.0,,5,5,9.0,31.0,0,,25.0,6,10.0,11.0,,,,,4,16.0,,,15.0,13.0,7.0,38.0,5,25.0,,9.0,,5,5.0,5.0,11.0,7.0,5,,,13.0,,20.0,4,15.0,,5,19.0,,,,,,,,,15.0,6,,,,78,10
10,10,10,10,10,9,1,10,10,11,10,7,10,9,9,10,10,10,10,10,8,9,11,10,10,11,11,8,9,10,10,10,10,11,11,10,10,11,10,10,10,9,10,12,9,10,9,10,10,13,12,9,11,10,11,10,11,9,10,11,10,9,7,10,9,9,11,,10,10,11,12,15.0,11,10,11,11,10,0,5,8,9,9,9,10,11,9,9,11,10,10,11,9,10,10,10,9,11,11,10,10,11,11,9,10,10,9,9,10,21.0,,24.0,11,9,9,9,9,11,10,11,6,9,9,10,10,10,11,7,8,8,10,10,10,8,11,10,10,10,11,8,10,7,9,9,11,10,11,10,11,7,10,10,10,10,10,10,10,4,11,11,7,10,8,10,10,9,9,9,9,9,9,10,9,8,10,12,10,10,10,9,9,9,10,9,10,11,10,10,10,10,10,10,11,9,11,11,10,10,10,10,8,9,41.0,10,0,10,9,10,10,10,10,10,10,10,10,10,11,11,10,11,11,10,10,10,11,11,10,11,10,10,10,10,8,10,10,11,10,11,11,12,11,11,11,10,11,10,11,11,11,9,10,10,10,10,10,10,9,11,10,11,11,10,9,8,9,10,10,11,11,10,10,10,9,11,11,10,33.0,10,10,23.0,9,10,9,8,10,10,10,10,10,,9,10,10,11,10,9,9,12,11,11,10,10,10,10,10,11,10,11,10,11,10,11,11,11,10,27.0,11,11,8,12,10,6,11,11,11,10,10,10,10,10,14.0,11,11,9,11,11,10,10,8,10,9,10,7,9,11,10,10,6,,10,11,10,10,10,12,10,10,10,10,10,11,8,9,10,15.0,9,10,9,10,24.0,10,10,10,10,11,10,10,5,7,9,10,10,0.0,19.0,11,10,10.0,10,10,6,10,11,10,9,10,10,11,10,11.0,10,10,10,,11,10,9,11,11,11,10,11,10,10,10,39.0,42.0,,10,11,10,9,10,10,10,9,11,7,10,11,11,10,11,32.0,11,9,12,,10,10,33.0,9,10,11,10,11,7,8,11,10,,9,10,0,10,15.0,10,31.0,10,10,10,10,11,10,,10,11,10,10,10,11,11,11,,10,10,17.0,12.0,12,10,,10,11,10,10,10,11,9,6,11,10,10,6,10,9,9,10,10,5,5,9,11,10,11,12,10,12,10,11.0,11,10,11,11,18.0,10,12,9,12,12,10,11,10,12,20.0,11,,8,10,10,12,10,16.0,9,11,8,25.0,18.0,11,10,15.0,24.0,36.0,10,11,10,9,11,10,10,6,10,10,10,10,17.0,17.0,11,18.0,6,12,30.0,10,,0,10,11,12,11,42.0,10,10,11,11,8,11,13.0,10,10,11,,11,2,11,,10.0,13,11,12,11,10,11,28.0,11,10,26.0,,,11,,12,12,10,10,,21.0,38.0,,9,11,29.0,11,10,10,21.0,20.0,10,,12.0,12,14.0,23.0,11,,42.0,12,19.0,0.0,11,11.0,27.0,37.0,14.0,,,12,,16.0,11,12.0,10,11,11,12,11,27.0,30.0,11,24.0,,11,19.0,10,10,11,,,10,11,0,12,11,10,11,,,11,11,,11,29.0,19.0,11,10,,10,15.0,12.0,11,12,0.0,,,11,,16.0,43.0,10,,,10,11,11,,11.0,,31.0,14,9,11,17.0,11,19.0,20.0,10,,,13.0,,11,11,,17.0,16.0,29.0,11,11,,11,23.0,11,13.0,11,40.0,,,9,,38.0,,17.0,24.0,12.0,10,10,32.0,,11.0,0.0,11,10,,11,14.0,12,,12.0,,,,12.0,11,21.0,,12,34.0,,13.0,,,,10,11,18.0,24.0,,14.0,15.0,,,35.0,,,,11,,13.0,,,23.0,,25.0,31.0,22.0,26.0,27.0,12.0,11,10,25.0,37.0,13.0,11,11,26.0,10,11,29.0,11,8,13.0,11,15.0,9,,10,10,,,11,,10,10.0,,,11,29.0,,,,,,19.0,10,25.0,19.0,,,11,,11,28.0,,30.0,11,22.0,,25.0,,10,30.0,,10,11,,,,,30.0,,25.0,42.0,11.0,17.0,,11,,42.0,,,31.0,13.0,,11,,18.0,11,,10.0,12,25.0,,36.0,,12.0,10,41.0,,,10,,12.0,,10,,,33.0,,17.0,,11,9,13.0,,29.0,12.0,11,10,,,10,8,12,16.0,12,9,,12,11,12,13,,12,13,12,10,12,31.0,,10,24.0,,12.0,,,23.0,,,16.0,,,,11,10,24.0,29.0,11,24.0,24.0,11,25.0,,,,,,11,0.0,,32.0,14.0,13.0,16.0,27.0,10,15.0,,18.0,,11,34.0,,,14.0,11,,38.0,31.0,,,11,18.0,,11,26.0,,,,,,44.0,,,,11,,,,79,10
6,6,4,4,3,3,4,6,6,7,5,5,5,4,6,5,5,5,5,5,5,5,6,4,6,6,6,5,5,5,5,5,6,5,6,5,5,6,6,6,5,5,5,8,5,5,5,4,4,8,7,5,6,6,5,5,4,4,1,5,6,6,4,1,1,5,6,,5,5,6,7,32.0,6,5,6,6,5,6,5,5,5,4,5,5,6,4,5,5,4,6,6,6,5,6,6,2,4,5,5,5,6,5,6,6,5,5,3,6,,11.0,17.0,6,5,2,4,5,6,6,7,7,4,6,5,5,5,5,6,5,4,6,5,5,5,6,5,5,4,5,5,5,5,4,5,6,5,6,5,7,6,6,5,5,5,5,5,6,2,5,5,4,5,5,5,5,5,4,6,5,4,4,5,5,3,4,6,6,6,6,5,3,6,6,4,5,3,6,5,5,6,5,3,6,5,5,5,6,6,6,6,6,5,26.0,6,6,6,6,6,5,5,5,4,4,6,5,5,6,6,6,6,6,5,5,5,7,6,5,6,6,4,5,6,6,5,5,6,5,6,6,6,6,6,6,5,6,5,7,7,6,4,6,5,4,5,0,5,4,6,5,6,6,5,5,5,6,6,7,7,6,5,6,5,5,6,6,6,20.0,7,5,10.0,5,4,4,4,6,4,0,6,5,12.0,5,6,6,0,6,5,5,7,7,6,5,5,5,4,5,5,5,6,5,6,6,6,6,7,5,11.0,6,6,5,7,5,6,6,0,7,6,5,5,6,5,20.0,6,7,4,7,6,6,5,5,5,5,7,5,6,7,6,6,6,30.0,6,7,5,6,5,7,3,5,5,6,4,1,3,5,5,17.0,5,5,5,6,,6,4,5,5,7,5,6,5,6,5,6,6,9.0,6.0,7,7,9.0,6,6,6,6,7,7,5,6,6,7,5,7.0,6,6,5,37.0,6,5,4,7,7,4,5,6,3,5,6,10.0,18.0,24.0,5,6,5,4,5,5,5,5,6,5,5,4,6,5,6,35.0,6,4,7,10.0,5,3,13.0,5,0,6,4,5,6,6,0,6,,5,7,6,5,13.0,2,7.0,6,5,6,5,6,2,,5,7,6,6,6,6,6,6,22.0,5,5,8.0,,7,6,17.0,5,5,6,6,6,6,4,8,8,5,5,7,5,5,5,5,6,6,3,7,7,7,7,8,6,6,5,33.0,6,5,7,6,34.0,5,7,6,7,6,5,7,5,7,14.0,7,,6,5,6,8,6,13.0,5,6,4,37.0,9.0,6,6,16.0,16.0,26.0,6,6,6,5,6,5,6,5,6,5,6,4,7.0,8.0,7,17.0,6,8,15.0,6,,6,6,6,8,7,6.0,6,6,7,5,6,6,13.0,7,6,6,,6,6,7,,7.0,8,5,6,6,6,6,13.0,6,6,23.0,,,6,6.0,6,7,5,7,,,38.0,,6,7,6.0,6,5,5,,,5,6.0,12.0,6,14.0,18.0,6,,,7,13.0,,7,,28.0,,36.0,,,6,,23.0,6,21.0,2,6,6,7,6,,33.0,6,14.0,0.0,6,,5,3,7,,,6,6,6,7,5,6,6,,0.0,6,7,,7,13.0,,7,6,,6,8.0,13.0,0,5,10.0,,14.0,6,,18.0,38.0,6,8.0,,5,7,7,,,,18.0,9,6,6,16.0,6,22.0,24.0,6,20.0,,17.0,7.0,7,7,12.0,17.0,17.0,,6,6,26.0,7,38.0,6,6.0,7,12.0,12.0,,5,,,19.0,23.0,12.0,26.0,5,5,20.0,,29.0,21.0,6,6,,6,23.0,7,17.0,,,,,33.0,6,28.0,,6,,,,,,,7,7,13.0,25.0,,22.0,19.0,10.0,,,19.0,,,6,,,,,34.0,,,16.0,,19.0,16.0,30.0,3,8,8.0,20.0,36.0,5,6,12.0,5,6,,5,6,,7,31.0,5,,7,7,,20.0,5,,5,38.0,,,5,20.0,,,18.0,,21.0,30.0,6,,17.0,24.0,22.0,5,,6,,5.0,15.0,8,15.0,,10.0,,5,19.0,,4,6,,,,,,9.0,22.0,,,7.0,,7,9.0,,,,9.0,10.0,,1,,,7,,32.0,7,13.0,,34.0,,10.0,6,38.0,,26.0,5,,10.0,,5,,,38.0,,9.0,,8,7,13.0,,24.0,21.0,7,4,,,7,7,7,26.0,6,7,16.0,6,6,7,8,,7,7,7,5,7,31.0,17.0,7,,,13.0,,,,,,11.0,,26.0,,4,5,31.0,20.0,7,7.0,13.0,5,8.0,,,,,,6,,,33.0,31.0,19.0,10.0,16.0,5,,,,,6,23.0,36.0,,19.0,6,,6.0,18.0,,6.0,6,0.0,13.0,5,17.0,,,,,,34.0,,,19.0,6,,,,80,10
6,6,3,6,6,5,6,7,7,8,6,6,6,6,6,6,6,5,5,6,5,4,7,6,7,7,7,5,6,6,6,6,7,7,7,6,6,7,7,5,7,6,6,9,6,6,6,6,7,6,8,6,7,6,6,4,7,6,5,6,6,6,4,5,5,6,7,7.0,6,6,7,7,17.0,7,3,7,7,7,6,6,6,6,2,5,6,6,5,4,7,6,6,7,7,6,7,6,6,7,7,6,6,7,7,6,7,6,5,5,7,12.0,,,7,6,5,5,6,7,7,8,7,5,7,7,6,5,7,6,5,5,7,6,6,0,7,7,7,6,7,7,7,6,5,4,7,6,7,6,5,7,5,7,6,6,6,6,6,6,6,7,4,6,4,6,7,6,1,6,2,6,6,7,6,6,4,7,5,6,7,2,6,6,7,5,3,8,7,6,6,6,6,6,7,7,6,7,5,7,6,6,7,6,,6,7,7,6,7,6,6,6,6,6,7,6,6,7,7,3,5,7,6,6,6,7,6,6,7,7,6,4,0,6,6,6,7,6,7,7,7,7,7,7,6,7,6,8,8,7,5,7,7,6,6,6,6,6,7,6,7,5,6,7,6,7,7,7,8,7,6,7,6,7,7,7,7,,7,6,34.0,5,6,5,5,6,5,0,7,6,26.0,5,7,1,7,7,6,6,7,5,7,5,6,7,6,7,6,6,0,6,6,6,6,6,7,5,,6,7,6,8,7,7,8,7,8,7,5,6,7,5,6.0,7,8,5,8,8,7,7,6,7,6,7,6,7,8,7,7,7,,7,8,6,7,6,8,6,6,6,7,8,7,6,5,6,28.0,6,4,6,6,,7,6,6,6,8,6,6,5,7,6,0,7,27.0,34.0,7,7,6.0,7,7,7,7,7,7,6,7,6,7,7,,7,6,6,33.0,7,6,5,8,8,6,6,3,6,6,7,10.0,13.0,,6,7,6,5,6,6,7,5,7,6,6,8,7,6,7,12.0,7,5,8,21.0,7,5,15.0,6,6,7,7,7,6,8,7,7,,6,8,7,6,,7,,7,6,6,7,8,7,,6,7,7,6,7,7,7,7,15.0,6,6,15.0,7.0,8,6,16.0,6,5,6,7,6,7,6,9,8,6,6,7,6,6,6,6,7,7,7,7,8,7,8,9,7,9,6,13.0,7,6,8,7,5.0,6,8,7,8,8,6,7,6,8,,7,,7,6,7,8,7,19.0,6,7,6,10.0,11.0,4,7,18.0,,20.0,7,7,6,6,7,6,7,6,6,7,7,6,,12.0,8,16.0,7,9,,4,,7,7,7,9,8,6.0,6,7,8,7,6,7,,7,5,7,,8,6,7,,24.0,9,7,7,7,6,7,5.0,8,7,20.0,,8.0,8,,7,8,6,8,,,28.0,,7,8,39.0,7,6,6,18.0,8.0,6,11.0,8.0,8,17.0,6.0,7,,31.0,8,9.0,,7,,7.0,0.0,12.0,,,8,,19.0,7,21.0,7,7,6,7,7,12.0,16.0,7,10.0,,7,11.0,6,7,8,,,7,7,7,8,6,7,7,,0.0,7,8,,8,30.0,,7,7,,7,9.0,10.0,6,8,,,16.0,6,,11.0,,7,18.0,15.0,7,8,8,,,,,8,7,7,,7,10.0,,7,,,13.0,22.0,8,8,12.0,23.0,11.0,13.0,8,6,,7,9.0,7,7.0,7,20.0,13.0,,7,8.0,10.0,29.0,0.0,,16.0,6,6,0.0,,37.0,9.0,8,7,,7,37.0,7,38.0,25.0,,,,38.0,8,24.0,,8,13.0,,10.0,,,,7,7,16.0,14.0,,32.0,21.0,16.0,,14.0,,,,8,,,,,22.0,,,25.0,,15.0,33.0,16.0,7,9,28.0,,34.0,6,7,,6,7,36.0,7,8,13.0,7,27.0,5,8.0,7,8,,10.0,7,,6,7.0,,,7,19.0,,11.0,8.0,,,15.0,7,22.0,,16.0,17.0,7,,7,14.0,,27.0,8,29.0,,,15.0,6,31.0,,5,8,,,,,10.0,8.0,34.0,38.0,,20.0,,7,8.0,8.0,,,16.0,7.0,,6,,6.0,8,,28.0,8,,,19.0,,14.0,7,28.0,,15.0,6,,17.0,,7,,,8.0,,20.0,17.0,8,7,11.0,,31.0,29.0,5,7,,,7,6,8,31.0,8,7,15.0,8,7,8,9,,7,8,8,6,8,9.0,35.0,7,10.0,,35.0,,,17.0,,,28.0,,19.0,,7,6,19.0,7.0,8,,,8,19.0,12.0,,,,18.0,6,39.0,,39.0,,10.0,,16.0,6,0.0,,,,7,37.0,8.0,,16.0,7,,33.0,18.0,,21.0,8,34.0,8.0,7,15.0,,,,,,,,,5.0,8,,,,81,10
8,7,7,7,7,4,7,7,8,9,8,8,8,7,5,8,7,4,7,8,7,7,9,7,8,8,8,8,5,7,7,3,8,8,8,7,8,0,8,8,8,7,7,10,7,7,8,8,8,10,9,8,8,7,8,7,8,7,7,8,8,8,7,7,7,8,8,10.0,6,7,6,9,37.0,8,6,9,9,8,8,8,7,7,6,7,7,2,6,7,8,7,8,8,8,8,8,8,6,9,9,8,8,8,9,8,8,7,7,7,8,8.0,34.0,12.0,9,8,7,7,7,8,8,9,9,2,9,8,8,8,8,8,7,7,8,7,7,7,8,8,8,7,8,8,8,8,7,8,8,7,0,7,9,9,8,8,7,7,7,7,7,8,6,8,6,8,8,7,8,7,6,8,7,7,7,8,7,5,7,9,9,8,9,8,5,6,8,6,7,9,5,7,8,1,7,7,9,8,8,8,8,8,8,8,7,8,27.0,8,8,9,8,8,4,6,7,6,7,9,8,7,8,8,7,5,8,7,7,4,8,8,7,8,7,8,8,8,8,7,7,8,7,8,8,9,8,9,8,7,8,8,10,10,8,7,8,8,7,8,7,8,6,9,8,7,8,7,9,8,9,9,9,10,8,7,8,7,8,8,9,8,,9,8,15.0,7,7,7,7,8,3,8,8,8,28.0,7,7,8,7,8,7,7,9,9,8,7,7,8,7,0,5,7,8,5,8,8,5,7,8,7,11.0,7,6,7,9,8,8,9,8,9,6,7,8,9,7,,8,9,6,10,10,8,8,7,8,7,9,8,8,10,8,8,7,18.0,8,9,8,9,8,10,8,8,8,9,9,8,8,7,8,,7,7,7,7,,8,7,8,8,6,8,8,7,9,7,8,9,,,9,8,12.0,8,8,6,8,9,9,7,6,8,9,8,,9,8,8,13.0,8,7,7,9,0,0,8,9,4,8,8,26.0,25.0,27.0,8,8,7,6,8,8,7,7,8,8,7,9,9,7,8,,8,6,10,10.0,8,7,0.0,8,7,8,8,8,8,9,9,8,,7,10,9,8,25.0,8,25.0,9,7,6,7,9,8,,8,9,8,8,0,8,8,9,18.0,7,7,13.0,15.0,9,8,15.0,8,8,8,8,8,8,7,10,10,8,8,9,8,7,7,7,9,9,7,9,10,9,9,10,8,10,7,11.0,8,8,8,9,24.0,8,10,8,10,10,7,8,7,9,26.0,9,,9,7,9,10,8,28.0,7,8,6,22.0,28.0,9,0,27.0,,40.0,8,8,8,8,7,7,9,8,8,8,8,7,26.0,27.0,9,9.0,9,11,,8,,8,9,8,10,10,24.0,8,8,10,8,8,9,11.0,10,8,9,,9,8,9,,8.0,11,8,9,8,8,8,,9,8,25.0,,,8,,5,10,8,9,,,,,8,9,24.0,9,8,7,24.0,12.0,8,27.0,17.0,10,23.0,8.0,9,,28.0,10,29.0,,9,8.0,21.0,,13.0,,,9,,28.0,8,30.0,9,8,8,9,6,,27.0,9,11.0,,8,19.0,8,8,10,,,8,8,8,9,8,9,8,,22.0,8,9,,9,21.0,,9,8,,9,25.0,,8,10,10.0,,18.0,8,16.0,16.0,19.0,8,22.0,24.0,8,10,9,,12.0,,40.0,12,9,9,,9,,25.0,8,10.0,,,,9,10,9.0,26.0,10.0,12.0,9,4,18.0,8,9.0,8,11.0,9,,8.0,,8,15.0,15.0,35.0,26.0,,,8,8,15.0,,,10.0,8,9,,8,39.0,9,27.0,,,,,11.0,9,18.0,35.0,9,10.0,,28.0,,,,9,9,13.0,15.0,,17.0,39.0,19.0,,18.0,12.0,,,10,,10.0,,,16.0,,10.0,18.0,9.0,16.0,,29.0,9,10,10.0,,8.0,8,8,27.0,8,9,30.0,8,9,28.0,8,14.0,7,36.0,9,10,,13.0,9,,6,37.0,,,8,,,,11.0,,12.0,,9,35.0,25.0,,14.0,7,,9,8.0,30.0,,10,27.0,,35.0,17.0,8,9.0,,7,9,,,,,32.0,25.0,37.0,,21.0,17.0,,9,20.0,23.0,,,30.0,,,8,,40.0,9,,8.0,9,13.0,,15.0,,18.0,8,23.0,,19.0,8,,,,8,,,,,13.0,,10,9,8.0,,13.0,18.0,9,8,,,8,9,10,,9,9,26.0,9,9,9,10,,11,9,6,7,10,33.0,22.0,9,8.0,,30.0,,,33.0,,,,,,,8,7,39.0,27.0,9,36.0,23.0,9,40.0,38.0,,,0.0,0.0,8,8.0,,12.0,8.0,14.0,,36.0,8,12.0,,11.0,,9,37.0,,,24.0,9,,26.0,27.0,,,9,,28.0,8,16.0,,,,,,26.0,,,,8,,,,82,10
5,5,4,4,4,4,5,5,6,5,4,5,5,4,5,5,1,3,4,4,3,4,6,3,5,5,5,5,4,4,4,4,5,5,5,4,4,5,5,5,5,4,4,7,4,5,4,5,4,7,6,5,6,5,5,5,5,5,4,5,5,5,0,4,3,5,5,17.0,4,4,5,6,23.0,5,4,5,5,5,4,5,4,4,3,4,4,5,4,4,5,4,5,5,5,4,5,5,4,6,5,5,5,5,6,5,6,3,3,3,5,31.0,23.0,6.0,6,4,3,3,4,5,5,6,6,3,6,5,5,5,5,5,4,4,5,4,4,4,5,5,5,4,5,5,5,4,4,5,5,4,5,2,6,6,6,4,4,4,0,4,6,5,5,5,3,5,5,4,5,2,4,5,5,3,0,4,4,4,5,6,6,5,6,5,4,5,6,2,4,6,5,4,4,2,4,5,6,5,5,5,5,5,5,5,6,4,26.0,5,5,5,5,5,5,4,4,4,4,6,5,4,5,5,5,6,5,4,4,4,4,5,4,5,5,4,4,5,5,4,5,5,4,5,5,6,6,5,5,5,5,1,7,7,5,3,6,5,4,4,4,4,3,6,4,5,5,4,6,4,6,6,6,7,5,4,6,5,5,6,6,6,15.0,6,5,17.0,4,4,4,4,5,5,5,5,5,14.0,4,5,5,6,6,5,4,6,6,5,4,4,5,4,5,5,4,6,4,5,5,4,5,6,4,22.0,5,5,0,6,6,6,6,5,6,5,4,5,6,4,24.0,5,6,3,7,5,5,4,4,5,4,6,5,6,7,6,5,6,6.0,6,6,5,6,5,7,4,3,4,6,6,5,2,4,4,,4,2,3,5,23.0,5,4,5,5,7,4,6,5,6,5,6,6,13.0,22.0,6,5,,5,6,6,6,6,6,4,6,5,7,6,,6,5,5,19.0,6,4,0,6,6,5,5,5,4,2,6,12.0,17.0,9.0,4,5,4,4,5,4,4,3,6,5,4,6,6,5,5,,5,3,5,11.0,5,4,5.0,5,4,5,4,5,5,6,6,6,,4,6,6,5,14.0,2,,6,5,5,4,5,5,,4,6,6,5,5,6,5,5,22.0,1,4,29.0,,6,5,,4,5,5,5,6,3,4,7,7,4,4,6,4,4,4,4,6,6,5,6,7,7,6,7,5,4,5,18.0,5,4,6,6,,5,7,5,7,7,4,6,5,7,15.0,6,,6,5,5,7,6,18.0,1,5,4,27.0,11.0,6,5,17.0,7.0,7.0,5,5,5,5,5,4,4,4,5,4,5,5,9.0,10.0,6,,6,8,26.0,5,,6,6,5,8,7,12.0,5,6,7,5,5,6,13.0,7,5,5,,6,5,5,,33.0,8,5,6,5,5,5,9.0,6,5,8.0,,5.0,5,8.0,6,7,5,6,,,33.0,,5,7,9.0,6,5,4,7.0,6.0,4,,,7,,,6,,9.0,7,,,6,6.0,,,11.0,25.0,,6,,13.0,5,16.0,4,5,5,6,5,17.0,27.0,6,13.0,,6,27.0,5,5,7,,,5,5,5,6,5,5,0,,,5,6,,7,12.0,15.0,6,5,,6,34.0,15.0,5,7,,,,5,9.0,,16.0,5,16.0,20.0,6,7,6,,18.0,,8.0,9,6,6,15.0,6,19.0,7.0,5,9.0,,9.0,,7,7,12.0,,18.0,18.0,5,5,19.0,6,12.0,5,6.0,6,13.0,,,5,,20.0,7.0,18.0,21.0,14.0,4,4,22.0,,,,5,6,,5,22.0,6,6.0,17.0,,,,,6,15.0,33.0,6,22.0,,,,,,6,6,,25.0,,12.0,10.0,27.0,,22.0,,,,7,,13.0,,,9.0,,4.0,,,,15.0,11.0,6,8,20.0,,5.0,5,6,22.0,5,6,11.0,6,3,21.0,6,17.0,4,15.0,6,7,,33.0,4,,4,29.0,,,5,24.0,,7.0,,,14.0,0.0,6,,,36.0,9.0,5,,5,5.0,,15.0,6,,,16.0,11.0,4,6.0,,0,5,,,,,16.0,25.0,5.0,,13.0,,,6,17.0,20.0,,,25.0,8.0,,5,,32.0,6,,,6,14.0,,,0.0,,5,,,,5,,,,5,,,15.0,,12.0,5.0,7,6,9.0,,35.0,,7,5,,,6,6,6,,6,6,32.0,6,5,6,8,,7,7,7,4,7,10.0,10.0,6,13.0,,14.0,34.0,,,,,13.0,,29.0,,6,5,11.0,15.0,6,13.0,5.0,6,9.0,12.0,,,,17.0,5,7.0,,0.0,20.0,30.0,16.0,8.0,5,15.0,,7.0,,5,8.0,,34.0,19.0,5,,5.0,14.0,,25.0,6,36.0,7.0,6,27.0,,,,,,,,,13.0,7,,,,83,10
7,7,1,3,5,5,5,7,7,8,6,6,6,5,6,6,6,4,6,6,6,6,7,6,7,7,7,7,6,6,6,6,6,7,7,6,6,7,7,7,7,6,6,9,6,6,5,6,6,8,7,6,6,6,6,6,5,5,5,5,7,7,5,5,6,6,5,17.0,6,6,7,7,,7,6,7,7,6,6,6,6,5,1,5,6,7,5,6,6,6,7,7,7,4,7,6,2,8,7,7,6,7,7,7,7,5,6,5,6,,41.0,14.0,7,6,5,5,6,6,7,8,7,5,7,6,7,7,6,7,6,5,7,6,6,6,7,6,7,6,6,6,7,6,4,6,4,6,7,6,8,7,7,6,6,6,6,6,7,7,6,5,4,6,2,6,6,5,5,7,6,5,4,7,6,6,6,7,7,7,7,6,6,6,7,5,6,8,0,6,6,6,6,6,7,0,6,6,7,7,7,7,7,6,27.0,6,7,7,6,7,6,6,6,5,5,8,6,6,7,7,6,0,7,6,6,6,8,7,6,6,7,7,6,7,5,6,6,7,3,6,7,7,7,7,6,6,7,6,9,9,7,5,7,7,4,6,5,6,4,7,6,7,7,6,7,6,7,7,8,8,7,6,7,6,5,7,7,6,,7,6,,5,6,6,5,7,5,6,6,6,,6,6,7,7,7,6,6,8,7,7,5,6,6,4,4,6,6,7,6,7,6,7,7,8,6,,7,7,6,8,7,5,7,7,8,7,6,6,7,6,20.0,7,8,5,8,8,6,6,6,7,6,8,5,6,8,7,7,7,10.0,7,8,6,7,3,9,6,6,6,7,8,7,6,6,6,24.0,6,6,6,7,16.0,7,6,6,6,8,6,6,6,7,7,7,7,9.0,29.0,8,5,18.0,7,7,7,7,8,8,6,7,6,8,7,,7,7,6,6.0,7,6,6,8,8,6,6,7,6,5,7,,32.0,12.0,6,6,6,4,7,6,6,5,7,6,6,7,7,5,6,14.0,7,5,8,11.0,6,6,,6,6,7,7,7,6,7,7,7,,6,9,5,6,,6,7.0,7,5,7,6,7,6,,0,8,7,6,7,7,7,8,26.0,6,6,,,8,6,28.0,6,6,7,6,7,7,6,9,9,6,6,7,3,6,5,6,8,7,7,8,8,8,8,9,7,7,6,18.0,5,6,8,7,42.0,6,8,7,8,8,6,7,6,8,11.0,8,,8,6,7,9,7,10.0,6,7,6,12.0,13.0,7,7,9.0,,0.0,7,7,6,6,7,6,7,6,7,6,7,6,20.0,12.0,7,10.0,7,9,39.0,7,,7,3,7,9,8,20.0,7,7,8,6,7,7,22.0,8,6,7,,8,7,7,,,9,6,6,7,6,7,8.0,7,7,37.0,,19.0,7,16.0,7,8,6,8,,10.0,,,7,8,16.0,7,6,5,0.0,37.0,6,,26.0,9,24.0,,7,,28.0,8,14.0,,7,21.0,,,42.0,14.0,,7,,30.0,7,12.0,8,7,7,7,7,,16.0,7,12.0,,7,,6,7,8,,,7,7,7,8,6,7,7,,17.0,7,8,,8,,15.0,8,7,,7,13.0,36.0,3,7,,,26.0,7,11.0,8.0,8.0,7,9.0,30.0,6,8,8,,10.0,,6.0,9,8,8,14.0,7,18.0,22.0,7,,,34.0,31.0,8,7,20.0,23.0,11.0,22.0,8,6,14.0,8,12.0,7,10.0,8,15.0,21.0,,0,,28.0,34.0,22.0,18.0,33.0,6,6,16.0,,33.0,28.0,6,7,,7,,8,,19.0,,,,17.0,8,,21.0,8,,0.0,,,,,7,8,,34.0,,21.0,7.0,,,21.0,,,,8,,11.0,,,16.0,,,,40.0,13.0,34.0,14.0,7,9,39.0,8.0,10.0,6,7,16.0,6,7,13.0,7,7,,8,0.0,5,,5,8,,16.0,6,,6,42.0,,,6,,,7.0,9.0,,,13.0,7,16.0,39.0,40.0,11.0,3,,7,29.0,14.0,,9,,,28.0,28.0,6,8.0,,5,7,,,,,4.0,26.0,18.0,11.0,,12.0,,8,9.0,17.0,,,,21.0,0.0,6,,6.0,8,,21.0,8,,,32.0,,19.0,7,8.0,,6.0,6,,28.0,,7,,,,,22.0,,8,7,6.0,,,38.0,8,7,,,8,7,8,20.0,7,8,,7,7,7,9,,9,8,8,5,8,28.0,,7,16.0,,22.0,11.0,,10.0,,,17.0,,19.0,,7,7,,20.0,8,21.0,18.0,8,28.0,18.0,,,,22.0,6,19.0,,9.0,,8.0,22.0,30.0,5,10.0,,28.0,,7,31.0,42.0,11.0,31.0,7,,19.0,,,9.0,8,12.0,16.0,6,27.0,,,,,,20.0,,,,8,,,,84,10
6,5,5,5,5,4,5,5,6,7,5,5,5,2,5,5,4,5,5,5,5,4,6,5,5,5,6,5,4,5,5,5,5,6,6,4,5,6,5,5,5,5,0,8,5,5,5,5,5,7,6,5,6,5,5,5,6,5,5,6,6,5,4,4,2,5,6,14.0,5,5,6,6,14.0,6,5,6,6,5,5,5,4,4,4,0,5,6,4,4,5,5,5,6,6,4,4,5,4,6,6,5,5,6,6,6,6,4,4,4,5,6.0,21.0,21.0,6,4,2,4,4,6,5,7,0,3,6,5,5,6,6,5,4,4,6,5,5,4,6,5,5,4,6,5,6,5,4,5,6,5,6,5,7,6,6,5,4,5,5,5,6,6,5,5,3,5,5,5,5,4,4,5,4,3,4,5,4,5,5,7,6,5,6,5,5,5,6,3,4,7,5,5,5,5,3,5,6,6,5,6,5,6,5,5,6,5,13.0,5,5,6,5,5,5,3,2,4,4,6,5,5,6,6,4,6,3,5,5,5,6,6,5,6,6,5,5,5,4,5,5,6,5,5,5,6,6,6,4,5,6,5,7,7,6,4,6,5,4,5,5,4,4,6,5,6,6,0,6,5,6,5,6,7,5,5,6,5,6,6,6,5,9.0,6,5,22.0,4,5,4,4,6,4,5,6,5,,1,4,5,6,6,5,5,7,7,6,4,5,5,4,5,5,5,6,5,6,5,5,5,6,5,,6,6,4,7,6,6,6,6,6,6,5,5,6,4,7.0,6,7,4,7,6,5,5,0,1,4,7,5,6,7,6,5,6,26.0,6,6,5,6,5,8,3,5,5,6,7,6,5,3,5,,4,5,4,5,20.0,6,4,5,5,7,5,6,5,6,6,6,6,9.0,10.0,7,7,,6,6,6,6,7,7,5,6,4,7,6,,6,5,5,34.0,6,5,4,6,0,5,5,6,5,5,5,23.0,29.0,,5,4,5,3,5,5,5,4,6,5,4,6,6,4,5,17.0,6,1,7,17.0,5,5,,3,5,6,5,6,5,6,6,4,,4,7,6,5,7.0,5,6.0,5,1,4,5,6,5,,5,7,6,5,6,6,6,6,8.0,5,5,,16.0,7,5,24.0,5,5,5,5,5,6,5,7,7,5,5,5,5,5,4,5,6,6,5,6,7,5,7,7,6,8,5,15.0,5,5,6,6,19.0,5,7,5,7,7,5,6,5,7,29.0,5,,6,4,6,8,6,26.0,5,6,4,,10.0,6,6,25.0,23.0,13.0,6,5,5,5,6,5,5,5,5,5,6,5,8.0,9.0,6,,6,8,8.0,5,,6,6,5,8,7,23.0,0,6,7,6,5,6,8.0,5,5,6,,7,6,6,,,7,6,6,4,4,6,,6,6,,,20.0,6,27.0,6,6,5,6,,13.0,29.0,,5,6,22.0,6,5,5,8.0,23.0,5,31.0,,7,14.0,13.0,6,,6.0,7,27.0,,6,16.0,,32.0,10.0,,,7,,31.0,6,31.0,6,5,3,6,6,22.0,7.0,2,23.0,,6,28.0,5,5,7,,,5,6,6,7,5,6,6,,28.0,5,6,,7,16.0,,6,6,,6,12.0,33.0,6,7,,,18.0,6,,5.0,23.0,5,,20.0,6,7,7,,13.0,,6.0,8,6,6,10.0,6,20.0,29.0,5,,,33.0,31.0,7,7,19.0,17.0,26.0,28.0,6,5,,6,22.0,6,16.0,7,21.0,9.0,,6,10.0,,,22.0,19.0,19.0,5,5,,,,34.0,6,6,,6,8.0,6,15.0,13.0,,,,27.0,6,19.0,,7,,,16.0,,,,6,6,21.0,10.0,,0.0,9.0,9.0,,,13.0,,,7,,,,11.0,16.0,,21.0,31.0,20.0,18.0,29.0,,6,7,11.0,17.0,14.0,6,6,10.0,5,5,17.0,6,6,31.0,6,21.0,4,,6,7,,28.0,6,,5,,,,6,19.0,,31.0,21.0,,14.0,15.0,5,,,26.0,16.0,6,,0,30.0,34.0,12.0,7,29.0,,5.0,33.0,5,13.0,,5,6,,,,,10.0,12.0,30.0,33.0,8.0,11.0,,7,13.0,,,,24.0,18.0,,6,0.0,34.0,6,,10.0,7,13.0,,10.0,,,6,7.0,,,5,,7.0,,5,,,10.0,,,17.0,7,6,,,,29.0,7,5,,,6,6,7,25.0,7,6,29.0,7,6,6,8,,8,7,7,4,7,20.0,,6,,,6.0,9.0,,29.0,,,15.0,,8.0,,6,5,11.0,10.0,7,8.0,29.0,6,12.0,16.0,,,,,5,,,24.0,,19.0,11.0,28.0,5,20.0,,,,6,6.0,,12.0,9.0,6,,,,,22.0,6,,26.0,6,18.0,,,,,,,,,7.0,7,,,,85,10
8,8,6,7,6,7,7,8,8,8,7,7,7,6,5,7,6,7,7,7,7,7,8,6,7,7,6,5,4,6,4,7,7,7,7,6,7,7,6,5,6,6,7,10,7,7,7,7,7,9,9,6,8,8,7,7,7,7,6,6,8,7,6,6,7,7,6,,7,4,7,8,29.0,8,7,8,0,8,7,7,7,7,6,7,7,8,6,6,7,2,7,8,8,6,8,7,6,9,8,8,8,8,8,8,8,6,7,6,7,49.0,22.0,26.0,8,6,4,6,2,8,8,8,8,4,8,7,8,8,5,7,6,6,8,7,7,6,8,1,7,6,7,7,8,7,7,7,5,7,8,7,9,8,8,7,7,7,7,7,9,8,7,7,5,5,7,7,7,6,7,7,7,5,6,7,6,7,7,8,8,8,8,7,7,8,8,6,7,9,7,7,7,7,6,7,8,7,7,7,7,7,8,7,8,7,24.0,7,7,8,7,8,6,7,5,6,6,8,7,7,8,8,7,8,8,7,7,7,9,8,7,8,5,7,7,8,7,7,7,8,7,8,8,8,8,8,8,7,8,6,9,9,8,6,6,7,6,7,7,7,6,8,7,8,8,5,8,7,0,8,7,9,8,7,8,7,7,8,7,7,15.0,8,7,18.0,6,5,7,6,8,7,7,8,7,15.0,6,7,7,8,8,7,7,9,9,8,7,7,7,6,7,7,7,8,7,8,7,8,8,9,7,,8,8,6,9,8,8,8,7,8,8,7,8,8,6,20.0,8,9,6,9,9,7,7,6,6,7,9,7,8,9,8,8,8,,9,9,7,8,7,10,7,7,7,8,9,8,7,7,7,,7,7,6,8,,0,6,7,7,9,7,8,7,9,8,8,8,,42.0,9,9,,8,8,7,8,9,9,6,8,7,9,8,32.0,8,8,7,18.0,8,7,6,9,8,7,0,8,7,7,8,,20.0,20.0,6,8,7,6,7,7,7,6,8,7,7,8,8,6,8,,8,3,9,14.0,7,6,38.0,7,7,5,6,7,7,8,8,7,,4,9,8,7,7.0,6,9.0,8,7,7,7,8,7,,7,9,8,8,8,8,8,8,18.0,7,7,11.0,12.0,9,7,14.0,7,7,7,7,8,7,7,9,9,7,7,8,7,7,6,5,8,8,7,8,9,9,9,10,8,10,7,,8,7,8,8,34.0,6,9,3,9,7,7,8,6,9,37.0,8,,8,7,8,10,8,14.0,7,7,6,,11.0,8,8,19.0,21.0,,8,8,7,7,7,5,7,7,8,7,8,7,21.0,12.0,8,42.0,8,10,19.0,8,,8,8,7,10,9,17.0,7,8,9,7,8,8,,9,7,8,0.0,9,8,8,,7.0,10,8,8,7,8,7,,8,8,,,29.0,8,37.0,8,9,7,8,,44.0,,,7,8,,8,8,7,37.0,,7,,11.0,9,29.0,31.0,8,,27.0,9,,,8,31.0,,,23.0,,,0,,14.0,8,,9,8,8,8,8,,30.0,8,23.0,,8,,7,7,9,,,7,8,8,9,7,8,8,,24.0,8,9,,9,14.0,9.0,9,7,,8,16.0,28.0,7,9,46.0,,16.0,8,10.0,16.0,22.0,8,,10.0,8,9,9,,9.0,,49.0,11,8,9,37.0,8,,22.0,8,42.0,,,15.0,9,9,34.0,,21.0,,5,8,13.0,9,22.0,8,20.0,9,39.0,26.0,,7,43.0,13.0,31.0,13.0,23.0,45.0,7,7,24.0,,0.0,15.0,8,8,,8,9.0,7,9.0,9.0,,,,17.0,7,,8.0,9,16.0,,14.0,,,,8,7,20.0,14.0,,19.0,9.0,29.0,,8.0,13.0,,,9,,43.0,,36.0,,,13.0,,31.0,41.0,23.0,38.0,7,9,25.0,17.0,,7,8,8.0,4,8,11.0,8,8,,8,,7,10.0,8,9,,31.0,7,,7,27.0,,,8,24.0,,16.0,18.0,,38.0,0.0,8,15.0,,,35.0,0,,7,,38.0,29.0,10,14.0,,34.0,18.0,7,35.0,,6,7,,,,,20.0,19.0,22.0,29.0,13.0,,,9,21.0,,,,16.0,,,7,,12.0,6,,,9,20.0,,27.0,,,8,11.0,,44.0,7,,,,7,,,40.0,,,28.0,10,8,22.0,,10.0,43.0,9,7,,,8,8,8,21.0,8,8,30.0,8,0,9,10,,8,8,9,7,9,13.0,15.0,8,42.0,,22.0,,,,,,38.0,,,,8,7,27.0,6.0,8,33.0,19.0,9,18.0,37.0,,,,48.0,7,32.0,,18.0,,9.0,36.0,18.0,7,20.0,,42.0,,7,23.0,7.0,34.0,10.0,7,,7.0,,,10.0,8,8.0,,6,20.0,,,,,,9.0,,,8.0,9,,,,86,10
1,5,5,5,5,5,5,5,6,6,5,5,5,4,4,5,4,4,5,5,3,4,6,4,5,5,5,2,4,5,4,5,5,5,6,5,5,5,5,5,5,4,4,8,2,5,5,5,5,7,6,4,5,5,5,6,6,5,5,6,5,5,3,4,3,0,3,,5,5,5,6,23.0,5,4,6,6,5,5,5,4,4,3,4,4,5,4,4,5,5,5,5,2,5,5,5,4,6,6,5,5,2,6,5,6,4,4,3,5,,3.0,9.0,5,4,4,2,4,6,5,7,6,3,6,5,5,5,6,4,4,4,5,5,5,4,6,5,5,4,6,6,6,5,4,4,6,4,5,5,6,6,5,5,4,5,5,5,6,5,5,4,1,5,5,4,5,4,3,5,4,4,4,5,1,4,5,6,5,5,6,5,5,5,6,4,4,6,5,5,3,4,5,5,6,6,6,6,5,5,5,5,5,5,9.0,5,5,5,5,5,5,5,5,4,4,6,5,4,6,6,5,5,5,2,4,5,6,5,4,5,5,5,5,3,4,4,5,6,5,6,5,6,6,6,5,5,6,5,7,7,5,4,6,3,5,5,4,3,4,6,4,5,6,5,6,5,6,6,5,7,5,5,5,5,6,6,6,5,11.0,6,5,5.0,4,5,4,4,5,4,5,5,5,13.0,4,5,5,6,5,4,5,6,6,6,4,4,5,4,5,5,5,6,5,5,5,5,5,3,4,13.0,5,5,5,7,5,5,7,6,6,5,5,5,5,4,7.0,6,7,4,6,7,5,5,4,3,2,6,5,6,5,5,5,4,8.0,6,6,5,6,5,7,5,4,4,6,7,6,5,3,5,5.0,5,4,4,5,,3,4,5,5,7,3,5,4,5,3,5,6,17.0,,6,4,8.0,5,6,2,5,6,6,5,6,5,6,6,23.0,5,5,4,5.0,5,4,4,6,6,5,5,6,5,5,5,10.0,16.0,24.0,4,5,4,4,5,5,5,4,5,4,4,6,6,4,5,,6,3,7,,5,4,,5,5,5,5,5,5,6,5,6,,4,7,6,2,10.0,5,22.0,5,3,0,5,7,5,,5,6,5,5,5,4,6,6,12.0,4,2,5.0,4.0,6,0,35.0,4,5,5,3,5,5,4,7,7,5,5,6,5,4,4,5,6,6,4,6,7,7,7,7,6,8,5,,5,5,6,6,15.0,5,6,5,7,7,5,4,5,7,16.0,6,0.0,6,5,5,7,6,13.0,5,5,4,31.0,13.0,6,5,24.0,6.0,21.0,6,5,5,0,5,4,5,5,5,5,5,5,18.0,12.0,6,8.0,6,7,9.0,5,,3,6,5,8,7,,5,6,7,6,5,6,6.0,7,5,5,,7,5,6,,,0,5,6,6,5,5,18.0,6,0,23.0,,24.0,6,18.0,6,7,5,6,,,,,5,6,,6,5,5,10.0,6.0,5,24.0,30.0,7,26.0,20.0,6,,10.0,7,28.0,,6,18.0,,,12.0,25.0,,7,,,6,19.0,6,5,5,6,6,23.0,14.0,6,11.0,,6,,5,5,7,,,5,5,6,6,5,6,5,,,5,5,,7,32.0,14.0,6,6,,6,,,4,6,17.0,,,5,12.0,7.0,,5,,11.0,6,7,7,,,,,7,6,6,14.0,6,9.0,13.0,5,12.0,,9.0,13.0,7,7,35.0,19.0,14.0,8.0,6,5,,4,12.0,6,15.0,0,,6.0,,6,18.0,26.0,6.0,27.0,19.0,16.0,5,5,,,10.0,,6,6,,5,,6,16.0,10.0,,,,,6,21.0,6.0,7,,0.0,32.0,,,,6,6,32.0,,,,,17.0,,,,,,7,,6.0,,9.0,20.0,,27.0,13.0,5.0,21.0,,5.0,6,7,12.0,14.0,26.0,5,6,21.0,5,6,,6,6,21.0,5,33.0,4,11.0,6,7,,18.0,6,,5,33.0,,,6,24.0,,24.0,29.0,,14.0,,5,6.0,,,8.0,6,,5,23.0,36.0,26.0,7,,,21.0,,5,17.0,,5,5,,,,,27.0,10.0,16.0,22.0,22.0,,,6,33.0,8.0,,,36.0,15.0,,6,,24.0,6,,7.0,7,7.0,,28.0,,12.0,3,,,17.0,5,,6.0,,5,,,10.0,,14.0,19.0,7,6,23.0,,5.0,8.0,7,5,,,6,5,7,26.0,7,6,,7,6,7,8,,8,7,6,4,7,33.0,29.0,6,,,9.0,34.0,,22.0,,,,,5.0,,6,5,9.0,25.0,6,31.0,27.0,6,10.0,27.0,,,,,5,,,25.0,30.0,,18.0,,5,11.0,,9.0,,6,11.0,9.0,,13.0,6,,19.0,8.0,,13.0,6,16.0,12.0,6,21.0,,,,,,15.0,,,0.0,7,,,,87,10
6,5,3,5,5,5,5,6,6,7,5,5,5,5,5,5,5,4,4,5,5,4,6,4,6,6,6,5,4,5,5,5,6,6,6,5,0,6,6,6,6,4,5,8,4,3,4,5,5,7,6,5,6,6,5,5,5,5,4,5,5,6,4,4,5,5,6,13.0,5,5,5,6,18.0,6,5,6,6,5,5,5,4,4,3,4,4,6,4,4,5,5,5,6,6,5,6,6,5,6,6,5,5,6,6,5,6,4,4,4,3,,,8.0,6,5,4,4,5,6,6,7,7,3,6,5,5,6,5,5,2,4,6,4,5,5,6,5,6,5,6,4,5,4,3,0,6,5,6,5,7,6,6,5,4,4,5,5,6,6,5,5,4,5,5,5,5,4,4,5,5,4,5,5,5,5,0,6,6,5,6,5,5,6,6,4,5,7,5,0,5,5,5,5,6,6,4,5,5,6,6,5,6,5,8.0,5,6,6,6,6,5,5,4,4,3,6,5,3,5,6,5,6,6,5,5,5,6,6,5,6,6,5,5,6,6,4,5,6,5,6,6,6,6,6,6,5,6,5,7,7,6,4,5,5,4,5,3,5,4,6,5,6,6,5,6,5,5,7,7,7,4,4,6,2,5,6,6,6,10.0,6,5,13.0,5,5,4,3,6,4,5,6,5,34.0,5,6,5,6,6,4,4,7,6,6,4,5,6,4,5,5,5,6,5,6,5,5,6,6,5,17.0,5,6,5,5,5,6,6,6,7,6,5,6,6,4,18.0,6,7,4,6,6,6,5,5,6,4,7,5,6,7,6,6,6,13.0,6,7,4,6,5,8,5,5,5,6,7,6,5,5,2,20.0,5,4,2,5,36.0,6,4,5,5,7,4,5,4,6,5,6,5,,30.0,6,5,6.0,5,6,6,6,6,4,2,6,5,7,6,16.0,6,5,5,,6,4,4,6,7,5,5,6,1,5,6,13.0,30.0,9.0,5,6,5,4,5,5,6,1,6,5,5,6,6,5,5,5.0,6,4,7,0.0,5,4,10.0,6,5,5,6,5,5,6,6,5,,5,8,6,5,6.0,4,22.0,6,5,5,5,6,5,,5,7,6,5,6,6,6,6,,5,2,0.0,27.0,7,5,34.0,5,5,6,5,6,6,5,8,8,5,5,6,5,4,3,4,6,6,6,7,7,7,7,8,6,5,5,,5,4,6,6,6.0,5,7,6,7,7,5,6,5,7,8.0,6,,6,5,6,7,6,14.0,5,6,5,11.0,7.0,6,6,13.0,16.0,32.0,6,6,5,5,6,4,6,5,5,5,6,5,34.0,8.0,7,,6,8,16.0,5,,6,6,6,8,7,18.0,5,6,7,6,6,6,6.0,7,5,5,,7,6,6,,25.0,0,5,6,6,0,6,16.0,6,6,17.0,,23.0,5,13.0,6,7,5,7,,22.0,28.0,,5,7,23.0,6,6,5,25.0,24.0,5,23.0,31.0,7,18.0,12.0,6,,6.0,7,9.0,,6,,22.0,,18.0,,,6,,7.0,5,,6,5,5,6,6,29.0,20.0,6,13.0,,6,19.0,5,6,7,,,5,5,6,7,5,6,6,,,5,7,,7,14.0,6.0,6,6,,6,15.0,34.0,5,7,21.0,,15.0,6,,11.0,,6,32.0,11.0,6,7,7,,16.0,,18.0,8,6,6,15.0,6,18.0,17.0,6,20.0,,3.0,,7,7,11.0,22.0,15.0,6.0,7,4,27.0,6,12.0,6,14.0,7,,25.0,,5,,18.0,,,24.0,23.0,5,5,13.0,,20.0,5.0,6,6,,6,16.0,7,7.0,24.0,,,,,7,14.0,11.0,7,,,10.0,,,,6,7,6.0,14.0,,,12.0,22.0,,,11.0,,,7,,,,,,,,26.0,30.0,,25.0,,6,8,13.0,9.0,22.0,5,6,30.0,5,6,7.0,6,6,35.0,7,19.0,4,7.0,7,7,,,6,,5,35.0,,,6,25.0,,29.0,,,7.0,,6,,,26.0,6.0,6,,6,14.0,,18.0,8,13.0,,,13.0,5,26.0,,4,6,,,,,17.0,0.0,18.0,6.0,6.0,29.0,,7,11.0,,,,24.0,,,5,,10.0,7,,5.0,7,36.0,,,,,5,17.0,,15.0,5,,22.0,,6,,,10.0,,22.0,11.0,8,6,9.0,,,0.0,7,5,,,6,6,7,9.0,7,6,,7,6,7,8,,7,8,7,1,5,17.0,8.0,7,12.0,,16.0,,,13.0,,,10.0,,22.0,,6,4,28.0,19.0,7,13.0,23.0,7,14.0,35.0,,,,,5,14.0,,,36.0,,9.0,19.0,6,29.0,,,,6,,26.0,7.0,17.0,6,,33.0,6.0,,11.0,7,,,6,12.0,,,,,,11.0,,,,7,,,,88,10
5,5,4,4,4,4,4,5,5,6,4,5,5,4,4,5,4,4,4,5,3,4,6,4,5,5,5,4,3,4,4,2,2,5,5,3,1,5,5,5,4,4,4,7,4,5,4,5,5,7,6,4,5,5,5,5,5,5,4,5,4,4,4,4,3,4,5,15.0,5,5,5,6,36.0,5,4,5,6,5,5,4,4,4,3,3,3,5,3,4,5,5,5,5,5,4,5,5,4,6,6,5,5,5,6,5,5,2,4,3,5,31.0,23.0,15.0,6,3,3,4,4,5,5,6,6,3,5,4,5,5,5,4,3,3,5,4,4,1,5,5,5,4,0,5,5,4,4,4,5,4,5,3,6,5,5,4,4,4,3,4,5,1,5,5,2,5,4,4,5,0,3,5,2,4,1,5,4,4,4,6,5,5,5,4,0,4,5,4,4,6,5,4,5,5,5,4,6,5,5,5,5,4,5,4,5,4,11.0,4,5,5,5,5,5,4,4,4,4,6,2,4,6,4,5,5,5,4,4,4,6,5,4,5,5,5,5,5,5,4,5,6,5,5,5,6,6,6,5,5,5,4,6,7,5,4,5,5,4,5,4,4,3,5,5,5,6,4,4,4,6,6,6,7,5,4,5,5,5,5,6,5,19.0,5,4,19.0,3,3,4,3,5,3,5,5,5,26.0,4,5,5,6,5,4,4,6,0,6,4,3,5,4,5,5,4,5,4,5,5,5,5,6,4,25.0,5,5,4,6,5,5,6,5,6,5,4,5,6,4,38.0,5,6,4,7,7,5,4,4,4,4,6,4,5,6,5,5,5,,5,6,4,5,5,7,4,4,5,4,6,5,4,4,4,14.0,4,4,0,4,7.0,5,4,4,2,6,4,4,4,5,2,5,5,4.0,23.0,5,0,24.0,5,5,5,3,5,5,2,4,4,5,5,5.0,3,5,4,,5,4,4,6,6,5,4,6,4,5,5,38.0,24.0,32.0,4,4,4,2,5,4,5,4,5,4,4,6,6,4,5,18.0,5,3,7,18.0,5,3,,5,4,5,5,5,5,6,6,5,,4,7,6,4,,5,,4,4,5,5,6,5,,4,6,0,5,5,6,5,6,,4,4,7.0,,6,5,,5,5,5,5,5,5,1,7,7,5,4,6,4,4,4,2,6,6,5,6,6,7,6,7,5,7,5,9.0,5,5,6,5,36.0,5,7,5,7,6,4,6,5,6,7.0,5,,6,4,5,6,6,,4,5,4,16.0,7.0,5,5,,11.0,20.0,5,5,4,5,5,4,5,5,5,5,5,5,11.0,5.0,6,5.0,5,8,4.0,5,,5,5,5,7,6,16.0,5,5,7,5,5,6,21.0,6,4,5,,6,5,6,,5.0,5,5,6,5,5,5,7.0,6,5,26.0,,32.0,5,7.0,6,5,3,5,,7.0,,,5,5,10.0,6,5,5,15.0,,4,11.0,,7,11.0,34.0,6,,28.0,7,6.0,,6,10.0,10.0,,9.0,,,5,,13.0,5,38.0,6,5,5,6,5,15.0,21.0,5,18.0,,6,25.0,5,5,6,,,5,5,6,6,5,5,5,,13.0,5,6,,7,21.0,33.0,6,6,,5,,5.0,5,7,9.0,,0.0,5,,13.0,6.0,5,10.0,17.0,5,5,6,,30.0,,21.0,7,6,6,8.0,6,6.0,17.0,5,12.0,,33.0,19.0,6,7,21.0,27.0,12.0,23.0,3,5,5.0,6,25.0,6,7.0,6,17.0,,,5,8.0,21.0,,,25.0,,5,4,,,34.0,9.0,6,6,,5,,6,,21.0,,,,34.0,6,6.0,33.0,6,14.0,,21.0,,,,5,6,11.0,39.0,,17.0,10.0,37.0,,12.0,17.0,,,6,,,,14.0,12.0,,,,7.0,,13.0,,5,7,,,,5,6,39.0,5,5,,6,6,25.0,4,30.0,4,,6,6,,11.0,6,,5,,,,5,,,27.0,13.0,,,15.0,5,16.0,15.0,30.0,8.0,5,,5,7.0,37.0,26.0,7,,,15.0,35.0,4,,,4,5,,,,,23.0,13.0,,13.0,25.0,12.0,,6,,29.0,,,5.0,0.0,,5,,4.0,6,,,6,,,22.0,,24.0,5,17.0,,24.0,5,,29.0,,5,,,11.0,,5.0,12.0,7,0,23.0,,20.0,5.0,6,5,,,5,5,7,29.0,6,6,21.0,6,6,6,7,,8,7,6,4,7,32.0,,6,,,22.0,11.0,,,,,,,5.0,,5,5,7.0,8.0,6,,13.0,6,8.0,6.0,,,,9.0,5,7.0,,9.0,26.0,20.0,9.0,,5,11.0,,7.0,,6,7.0,19.0,21.0,29.0,6,,,,,23.0,6,20.0,22.0,5,31.0,,,,,,6.0,,,,7,,,,89,10
3,4,5,5,4,4,5,5,5,6,4,5,5,4,3,5,4,4,4,4,4,4,6,4,5,5,5,5,4,5,4,5,5,5,3,4,4,5,5,5,5,4,4,7,3,5,4,4,5,3,5,4,5,4,5,5,5,5,4,5,5,5,4,4,3,4,5,7.0,4,4,5,4,10.0,5,4,6,5,5,5,5,4,4,3,3,4,5,3,2,5,5,5,5,3,4,5,5,4,6,4,5,5,5,6,5,6,2,4,4,5,34.0,,24.0,6,4,2,4,4,5,5,6,4,3,6,5,5,5,5,5,3,3,5,5,4,4,5,5,5,4,5,5,4,4,4,4,5,4,5,4,6,5,5,5,4,4,4,5,6,5,5,5,3,4,4,4,5,0,2,4,4,4,4,4,1,4,5,6,4,5,5,5,4,5,5,3,4,6,5,4,5,4,4,3,6,5,5,5,5,5,5,5,5,4,5.0,4,5,5,5,5,5,4,4,4,3,6,4,4,5,4,4,5,2,2,3,4,5,5,4,5,5,2,5,5,3,4,5,5,4,5,5,6,6,6,5,5,5,4,7,7,5,3,5,5,4,4,4,4,4,5,4,5,5,5,6,4,5,6,6,7,5,4,5,5,5,6,6,5,34.0,5,4,9.0,3,5,4,4,5,4,4,5,4,10.0,4,5,4,5,5,3,4,6,6,5,4,5,5,4,5,5,4,6,4,5,5,5,5,6,4,13.0,5,5,4,6,5,5,6,5,6,5,4,5,4,3,14.0,4,6,4,5,6,5,5,4,5,4,5,5,5,6,5,5,6,,6,6,4,5,4,7,4,4,4,5,6,4,5,4,4,0.0,4,4,4,4,5.0,5,4,5,5,0,5,5,4,6,5,5,6,20.0,,6,6,13.0,5,6,5,5,6,6,4,6,5,6,5,11.0,3,5,4,38.0,4,4,1,6,5,5,3,5,5,5,5,26.0,,25.0,3,5,4,4,5,5,5,3,5,0,4,6,6,4,2,,0,0,7,19.0,5,4,8.0,4,4,5,5,5,5,5,6,5,,1,7,6,5,23.0,5,,5,4,4,5,6,5,,3,6,5,5,5,6,5,6,32.0,3,4,38.0,39.0,6,5,25.0,4,5,5,5,5,4,4,7,7,4,4,6,3,3,4,4,5,6,4,5,6,6,6,7,5,6,4,15.0,5,3,6,6,32.0,4,6,4,7,6,4,6,5,6,15.0,5,,6,4,6,7,5,11.0,4,5,4,27.0,6.0,5,5,24.0,14.0,24.0,5,5,4,5,5,4,5,5,5,3,5,5,,7.0,6,18.0,5,8,,5,,5,5,5,7,6,33.0,5,5,6,5,1,6,14.0,6,5,4,,6,4,6,,6.0,7,5,6,5,4,5,,6,5,20.0,,32.0,6,38.0,6,6,4,6,0.0,20.0,21.0,,5,6,10.0,6,4,5,14.0,31.0,5,9.0,23.0,6,28.0,18.0,6,,19.0,7,,,6,25.0,6.0,14.0,35.0,8.0,,6,,15.0,5,17.0,5,5,5,5,5,,6.0,5,8.0,,6,22.0,4,5,7,,,5,5,5,6,5,5,5,,11.0,5,6,,7,,10.0,6,6,,6,28.0,14.0,5,7,12.0,,0.0,5,,4.0,8.0,5,,,6,6,6,,5.0,,4.0,8,6,6,18.0,4,16.0,8.0,5,9.0,,18.0,19.0,6,7,17.0,37.0,7.0,,6,5,,6,7.0,6,8.0,6,,,,5,,24.0,,10.0,,29.0,4,5,8.0,,13.0,,4,6,,5,5.0,6,5.0,39.0,,,,,6,16.0,20.0,6,,,12.0,,,,5,6,23.0,12.0,,7.0,5.0,32.0,,23.0,,,,6,,18.0,,6.0,28.0,,14.0,16.0,15.0,8.0,39.0,17.0,6,7,29.0,,0.0,5,6,25.0,4,5,,6,6,12.0,6,17.0,4,,5,6,,25.0,6,,5,14.0,,,6,5.0,,6.0,9.0,,,9.0,5,,,,,5,,5,5.0,11.0,,7,14.0,,5.0,,4,27.0,,4,6,,,,,,15.0,26.0,,18.0,11.0,,6,19.0,24.0,,,6.0,8.0,,5,,13.0,6,,32.0,6,,,5.0,,38.0,5,,,18.0,5,,23.0,,5,,,,,33.0,25.0,7,6,30.0,,31.0,6.0,6,5,,,6,5,6,,6,6,31.0,6,6,6,7,,7,7,6,4,7,,37.0,6,,,26.0,,,10.0,,,21.0,,16.0,,6,5,21.0,6.0,6,15.0,,6,22.0,6.0,,,,21.0,5,16.0,,21.0,9.0,17.0,15.0,29.0,5,25.0,,16.0,,5,,,0.0,7.0,5,,21.0,20.0,,,6,,9.0,6,,,,,,,,,,10.0,7,,,,90,10
6,6,5,6,5,3,6,3,6,7,6,6,6,5,6,6,6,2,5,5,5,5,7,5,6,6,6,6,5,6,5,6,6,6,6,5,5,6,6,6,6,5,4,8,5,6,5,6,6,6,7,6,7,6,5,6,6,6,5,6,6,6,4,5,4,5,6,10.0,5,6,3,6,32.0,6,5,6,6,5,6,6,6,5,4,4,5,6,1,4,6,5,6,6,6,4,6,6,5,0,0,5,5,6,6,6,7,5,5,4,6,9.0,16.0,12.0,7,2,5,4,5,6,6,7,7,4,7,6,5,5,6,6,4,5,6,5,5,5,6,6,6,5,6,6,6,5,4,5,6,5,6,5,7,7,6,6,5,5,5,6,7,6,6,6,4,6,5,3,6,5,4,6,5,5,5,5,3,5,6,7,0,6,7,5,3,6,7,5,5,6,6,5,6,5,6,5,7,7,6,6,6,6,6,6,6,5,24.0,6,6,7,6,6,6,5,5,5,4,6,5,5,7,6,6,7,6,5,5,5,7,6,5,6,6,5,6,6,6,2,4,6,5,6,6,7,6,6,6,5,6,5,4,7,6,4,7,6,5,5,5,5,5,7,6,6,7,6,6,5,6,7,7,7,6,5,6,6,6,6,7,6,11.0,7,6,12.0,5,5,5,5,6,4,6,6,6,,5,6,6,6,6,5,5,7,6,7,5,5,6,5,6,6,5,7,6,6,6,6,6,7,6,16.0,6,6,5,7,6,6,7,5,0,6,6,6,7,5,29.0,6,6,3,7,7,6,6,5,5,5,7,6,6,8,6,6,7,9.0,7,7,6,6,5,3,5,6,5,6,7,6,5,5,6,5.0,5,5,5,6,9.0,6,5,5,5,4,6,6,5,7,6,6,7,40.0,6.0,7,7,,6,5,6,6,7,6,5,7,6,7,7,,6,6,5,9.0,5,1,5,7,6,6,6,7,5,6,6,21.0,,20.0,5,6,5,5,5,5,4,5,6,5,5,7,6,4,6,16.0,0,4,7,,5,3,23.0,5,5,6,6,6,6,7,7,6,,5,8,6,5,11.0,6,,6,0,5,6,7,6,,6,7,6,6,6,7,7,6,39.0,5,5,26.0,24.0,7,6,,6,6,6,6,6,6,5,8,7,5,5,7,5,3,5,5,6,7,5,0,7,7,7,8,3,7,5,38.0,6,6,5,7,,6,8,6,8,8,5,6,6,7,31.0,4,,6,6,6,7,6,21.0,5,6,4,,26.0,0,6,32.0,11.0,11.0,6,6,5,6,6,5,6,6,6,6,6,6,30.0,25.0,7,,6,8,,6,,5,7,6,8,7,39.0,6,6,7,6,6,6,21.0,8,5,7,,7,6,7,,39.0,8,5,7,6,6,6,10.0,7,6,19.0,,13.0,7,16.0,7,7,5,6,,9.0,23.0,,5,7,21.0,7,6,5,33.0,41.0,5,19.0,20.0,6,36.0,26.0,7,,,8,,,4,26.0,7.0,,13.0,15.0,,7,,8.0,6,10.0,6,6,6,7,6,,35.0,6,10.0,,6,19.0,5,6,7,,,6,6,5,7,6,6,6,,11.0,6,7,,7,30.0,13.0,7,7,,7,,6.0,6,8,11.0,,7.0,6,,10.0,21.0,6,22.0,10.0,6,7,6,,27.0,,,9,5,1,7.0,7,17.0,9.0,6,9.0,,6.0,31.0,8,7,14.0,,34.0,27.0,6,6,35.0,7,9.0,7,33.0,7,13.0,,,6,,13.0,38.0,,15.0,13.0,5,6,0.0,,,34.0,6,6,,6,9.0,7,12.0,,,,,8.0,6,16.0,6.0,3,,,13.0,,,,7,7,,,,12.0,12.0,10.0,,15.0,8.0,,,7,,,,15.0,9.0,,10.0,24.0,27.0,17.0,7.0,13.0,7,8,10.0,29.0,22.0,6,7,6.0,5,6,,7,7,25.0,6,,5,8.0,7,7,,,6,,5,28.0,,,6,31.0,,22.0,22.0,,40.0,13.0,6,29.0,,,12.0,6,,6,18.0,11.0,,6,24.0,,15.0,11.0,5,32.0,,5,7,,,,,29.0,24.0,39.0,,23.0,,,7,,28.0,,,35.0,6.0,,6,,6.0,7,,12.0,7,19.0,,0.0,,30.0,6,21.0,,12.0,6,,,,6,,,13.0,,6.0,24.0,6,7,,,,,5,6,,,7,7,6,18.0,7,7,,7,7,7,8,,8,8,7,4,8,29.0,11.0,7,5.0,,19.0,15.0,,21.0,,,18.0,,31.0,,7,6,,16.0,7,5.0,15.0,6,,18.0,,,,,5,27.0,,36.0,31.0,,8.0,27.0,6,,,,,6,,,28.0,10.0,6,,20.0,13.0,,,7,37.0,7.0,7,,,,,,,,,,17.0,8,,,,91,10
8,7,5,7,7,6,7,7,8,9,6,7,7,7,6,7,6,6,7,7,7,7,8,7,8,8,8,8,7,7,7,7,8,6,8,7,7,8,8,8,8,7,7,9,7,7,6,7,7,9,8,7,8,7,8,7,8,7,3,8,8,7,5,7,4,7,8,8.0,7,5,8,8,,8,6,8,6,7,7,7,7,7,6,6,6,7,4,6,8,7,8,8,8,7,8,7,7,8,8,7,8,8,8,8,8,6,6,6,7,12.0,19.0,10.0,8,7,6,6,7,8,8,8,8,5,8,8,7,8,8,7,6,6,8,7,7,7,7,8,8,7,8,8,8,7,6,7,8,6,8,7,9,8,8,6,6,7,7,7,9,8,7,8,6,7,7,5,7,0,6,8,7,6,7,8,7,6,7,9,8,8,8,8,7,8,8,6,7,9,7,7,7,7,7,7,7,8,5,8,8,8,7,8,8,7,,7,8,8,7,8,7,7,7,6,6,8,7,7,8,8,7,8,8,7,7,7,8,8,7,8,8,7,7,8,7,7,7,8,7,8,8,8,8,8,8,6,8,7,9,9,8,6,8,8,7,7,7,5,6,8,7,0,8,7,8,7,8,8,8,9,0,7,8,7,6,8,8,8,13.0,8,7,20.0,6,7,6,6,7,7,8,8,7,18.0,5,8,8,6,8,7,7,8,9,8,1,7,8,7,8,7,7,8,7,7,5,7,4,8,2,42.0,8,8,7,9,8,8,8,8,8,8,7,7,8,6,26.0,8,9,4,9,9,8,7,7,7,6,7,8,8,9,7,8,8,12.0,9,9,7,8,7,10,7,7,7,8,9,8,7,5,7,,7,5,7,8,38.0,8,7,0,7,8,7,8,7,9,8,8,9,22.0,9.0,9,9,41.0,8,8,8,8,9,9,7,9,7,8,8,27.0,8,7,7,23.0,8,7,6,9,8,7,7,8,7,7,8,12.0,30.0,9.0,7,8,5,6,7,7,8,7,8,7,7,8,7,7,7,23.0,7,6,9,10.0,8,7,15.0,7,7,8,8,8,7,8,8,8,,7,9,8,6,36.0,7,,8,7,7,7,9,7,,7,9,7,7,8,8,8,8,21.0,6,7,0.0,46.0,8,7,42.0,7,8,8,8,8,5,7,10,9,7,7,8,7,7,6,7,8,7,4,8,9,9,9,9,8,10,7,,7,7,8,8,18.0,7,9,8,9,9,7,8,8,9,23.0,8,,8,7,8,10,6,11.0,7,8,6,13.0,0.0,8,8,,33.0,18.0,8,8,7,7,7,6,8,6,7,7,8,8,7.0,9.0,8,11.0,8,10,17.0,7,,8,8,8,10,8,12.0,8,8,9,8,7,8,39.0,9,7,8,,9,8,8,,18.0,10,8,8,8,7,8,8.0,9,8,12.0,,,8,,9,9,7,6,,28.0,18.0,,7,8,0.0,8,8,7,20.0,,7,7.0,,9,18.0,,8,,23.0,9,8.0,,9,10.0,,,29.0,29.0,,9,,24.0,8,44.0,8,8,7,8,8,46.0,9.0,8,7.0,,8,45.0,7,8,9,,,8,6,8,9,7,8,8,,12.0,8,9,,9,,12.0,8,8,,7,27.0,11.0,8,7,7.0,,37.0,6,19.0,,34.0,8,10.0,29.0,8,9,9,,,,,11,8,8,,8,,35.0,8,,,,45.0,9,9,11.0,40.0,20.0,,8,7,12.0,8,28.0,8,9.0,9,23.0,13.0,,8,,16.0,31.0,,36.0,,7,7,41.0,,44.0,16.0,8,8,,8,,9,16.0,33.0,,,,17.0,8,14.0,,9,44.0,,12.0,,,,8,8,11.0,20.0,,10.0,39.0,19.0,,32.0,,,,9,,39.0,,29.0,,,11.0,18.0,19.0,17.0,23.0,,8,9,20.0,,44.0,8,8,18.0,7,8,,8,7,21.0,5,45.0,7,8.0,8,9,,19.0,8,,7,,,,8,16.0,,13.0,17.0,,26.0,46.0,8,24.0,22.0,36.0,,8,,8,32.0,8.0,,10,,,21.0,,0,,,7,8,,,,,39.0,,31.0,41.0,9.0,,,9,19.0,18.0,,,24.0,34.0,,8,,34.0,9,,12.0,9,34.0,,7.0,,11.0,8,,,,7,,11.0,,8,,,18.0,,,20.0,10,8,8.0,,13.0,,9,8,,,9,8,9,,9,8,,9,8,9,10,,10,10,9,7,9,7.0,22.0,8,13.0,,19.0,12.0,,0.0,,,42.0,,,,8,7,23.0,11.0,9,16.0,,8,22.0,9.0,,0.0,,,7,,,14.0,11.0,37.0,13.0,,8,21.0,,,,8,21.0,10.0,25.0,26.0,8,,24.0,22.0,,21.0,9,,43.0,8,35.0,,,,,,12.0,,,17.0,9,,,,92,10
8,7,7,7,7,4,7,8,8,9,6,7,7,6,7,6,7,6,7,7,5,6,6,6,7,6,7,6,5,0,5,6,6,1,6,6,6,2,6,6,4,6,7,10,6,7,7,7,7,9,0,7,8,8,8,8,8,8,7,8,8,8,6,7,7,7,8,,7,7,8,8,,8,6,7,8,7,7,7,7,7,5,6,6,7,5,6,8,7,7,8,7,6,8,7,6,8,8,7,5,8,8,8,8,6,6,6,8,10.0,34.0,19.0,8,6,6,6,4,8,7,8,8,2,8,7,8,7,8,7,6,6,8,7,7,4,8,6,7,7,8,7,8,6,6,7,8,7,7,7,9,8,8,6,7,7,7,7,7,8,7,8,5,7,7,7,7,6,6,7,7,6,6,7,7,3,7,9,8,7,8,7,7,7,8,6,7,9,7,6,7,7,7,7,9,8,8,8,8,7,7,7,8,7,16.0,7,8,8,6,7,8,7,7,7,6,9,7,7,8,8,7,8,8,7,7,7,8,6,7,8,8,4,6,8,7,7,7,8,7,8,8,8,8,8,7,7,8,6,10,9,8,6,8,7,7,7,7,6,6,8,7,8,8,6,8,6,8,9,9,10,7,7,8,7,6,8,8,8,,8,7,,7,7,6,5,5,7,8,8,7,45.0,7,8,7,8,8,4,7,9,9,8,7,7,7,7,8,8,7,8,7,8,7,7,7,8,7,,5,8,5,9,8,8,8,8,9,6,4,7,8,7,26.0,8,9,6,0,8,7,7,6,6,6,9,7,8,9,8,7,8,30.0,8,9,7,8,7,10,7,7,7,8,9,8,3,7,7,13.0,7,6,6,7,,5,7,7,7,9,7,8,6,8,8,8,8,,0.0,8,8,19.0,7,8,8,7,9,8,5,7,6,9,8,29.0,8,7,7,18.0,8,7,6,9,9,8,6,8,7,8,8,21.0,24.0,8.0,6,7,6,6,7,7,7,4,6,7,7,8,8,7,7,,8,6,9,29.0,7,0,7.0,7,7,7,7,7,6,8,8,7,,7,9,8,7,22.0,7,32.0,8,7,7,7,8,7,,7,9,8,6,8,8,7,8,0.0,7,7,15.0,8.0,9,7,43.0,7,8,7,7,8,7,7,10,10,7,7,8,7,7,6,7,8,8,8,9,8,9,9,10,8,10,7,13.0,8,7,9,8,13.0,7,9,8,10,10,7,8,7,9,19.0,8,,8,7,8,9,8,16.0,7,8,6,16.0,11.0,8,8,15.0,22.0,7.0,8,8,7,5,7,7,7,7,7,7,8,8,9.0,10.0,9,31.0,8,8,45.0,7,,8,8,8,8,9,11.0,7,8,9,8,8,8,13.0,9,7,8,,8,7,8,,18.0,9,8,9,7,7,5,14.0,8,7,7.0,,13.0,8,25.0,8,9,6,9,,12.0,34.0,,7,9,8.0,7,8,7,18.0,20.0,7,10.0,15.0,9,17.0,,8,,16.0,9,20.0,,8,33.0,,,16.0,,,9,,8.0,8,38.0,9,7,7,8,8,34.0,,8,0.0,,8,18.0,7,7,9,,,8,8,8,9,8,8,8,,,8,9,,9,16.0,,8,8,,8,13.0,28.0,8,9,17.0,,40.0,7,30.0,35.0,,8,33.0,33.0,8,9,9,,23.0,,,8,9,8,,8,38.0,22.0,8,22.0,,12.0,8.0,9,9,14.0,,17.0,44.0,7,7,38.0,8,,8,16.0,8,14.0,8.0,,8,31.0,,16.0,11.0,18.0,26.0,7,4,18.0,,13.0,19.0,8,8,,8,16.0,9,,40.0,,,,,9,34.0,22.0,9,11.0,,32.0,,,,8,9,9.0,,,10.0,,17.0,,25.0,26.0,,,9,,15.0,,8.0,27.0,,39.0,24.0,19.0,15.0,,11.0,8,10,46.0,,,8,8,,7,8,42.0,9,8,,8,26.0,6,,8,9,,,9,,7,19.0,,,8,15.0,,32.0,41.0,,27.0,46.0,8,10.0,,16.0,15.0,8,,8,15.0,,,10,35.0,,30.0,,7,41.0,,7,8,,,,,27.0,33.0,29.0,,,32.0,,9,,23.0,,,12.0,39.0,,8,,35.0,8,,46.0,9,27.0,,,,,7,23.0,,8.0,7,,,,7,,,43.0,,32.0,9.0,9,8,39.0,,,11.0,9,7,0.0,,8,8,9,,9,9,41.0,9,8,9,10,,9,9,7,6,9,21.0,25.0,8,,,13.0,46.0,,20.0,,,46.0,,12.0,,8,0,,14.0,8,22.0,32.0,9,,17.0,,,,44.0,3,9.0,,8.0,,34.0,18.0,27.0,7,37.0,,27.0,,8,21.0,,17.0,8.0,8,,34.0,9.0,,23.0,8,13.0,0.0,8,,,,,,,15.0,,,46.0,10,,,,93,10
5,5,4,5,4,3,5,5,6,6,2,5,5,4,5,5,4,4,5,4,4,4,6,4,4,5,5,5,4,3,4,4,5,5,5,5,5,5,5,5,5,4,3,8,4,2,4,5,5,6,6,5,6,5,5,5,5,5,4,5,5,5,3,4,4,5,5,11.0,5,5,5,6,34.0,6,4,6,6,5,5,5,4,4,3,3,4,5,2,3,5,5,5,5,2,5,5,5,4,6,6,5,5,5,6,5,5,1,4,4,5,34.0,,,6,4,4,2,4,5,5,6,5,3,6,5,5,5,5,5,4,4,5,4,4,4,5,5,5,4,5,5,5,5,3,4,5,4,5,4,6,6,5,5,0,1,4,5,2,5,5,4,1,5,4,4,5,4,3,5,4,4,4,5,4,4,5,6,6,5,6,4,0,3,6,4,4,6,5,4,5,5,4,4,6,6,5,5,5,5,5,4,6,4,30.0,4,5,6,5,5,5,4,4,3,4,5,5,4,5,5,5,6,5,4,4,4,6,5,4,4,4,5,5,5,5,4,4,5,4,5,5,6,5,6,4,5,5,4,7,7,5,3,5,5,4,4,4,4,3,6,4,5,6,5,5,3,6,5,6,7,5,4,5,4,5,5,5,5,9.0,6,4,7.0,4,5,3,3,5,4,5,5,2,12.0,4,5,5,6,6,4,4,6,6,6,4,4,5,4,5,5,4,6,4,5,4,5,5,6,5,28.0,5,5,4,6,5,5,6,5,6,5,5,5,6,4,13.0,5,7,4,6,6,5,5,4,4,3,6,5,5,7,5,5,3,20.0,6,6,4,3,4,7,4,4,4,6,6,5,5,4,4,8.0,4,4,4,5,10.0,5,4,4,4,7,4,5,2,6,5,6,6,39.0,7.0,6,6,31.0,5,5,5,5,6,6,4,6,4,6,5,0.0,6,5,5,,6,4,4,7,6,5,5,6,5,5,5,34.0,8.0,14.0,5,5,4,4,5,5,4,2,5,3,4,3,5,5,5,22.0,5,3,7,28.0,5,4,,5,4,5,5,5,5,0,5,5,,4,7,6,4,,5,27.0,6,4,4,5,6,5,,3,6,6,5,5,6,5,6,,4,4,6.0,,6,5,,5,5,5,5,5,5,5,7,7,5,5,6,4,4,4,4,6,6,5,6,7,7,7,8,5,8,4,34.0,5,5,6,6,23.0,4,7,5,7,7,4,5,5,6,27.0,6,,6,5,5,7,6,15.0,4,5,4,36.0,7.0,6,5,,34.0,10.0,5,6,5,5,4,4,5,0,5,5,6,5,,0.0,6,,5,8,17.0,5,,5,6,5,7,7,15.0,5,6,7,5,5,6,,7,5,5,,6,5,6,,,7,5,6,5,4,5,7.0,6,5,16.0,,7.0,6,28.0,6,5,5,6,,14.0,18.0,,5,6,5.0,6,5,3,34.0,,5,10.0,8.0,7,18.0,,6,,31.0,7,,,6,6.0,19.0,18.0,11.0,9.0,,6,,10.0,4,11.0,6,5,5,5,6,,,6,6.0,,5,5.0,2,5,7,,,5,5,6,6,5,5,5,,14.0,5,6,,7,18.0,,6,6,,5,18.0,10.0,5,7,,,,5,31.0,19.0,6.0,5,11.0,11.0,6,7,6,,28.0,,,7,6,6,28.0,6,7.0,,5,34.0,,,,7,7,14.0,35.0,25.0,,6,5,13.0,6,,6,13.0,6,30.0,,,5,38.0,11.0,12.0,,19.0,,4,5,,,,31.0,6,6,,5,7.0,4,9.0,20.0,,,,9.0,6,11.0,,6,9.0,,22.0,,,,6,6,14.0,19.0,,7.0,31.0,7.0,,,38.0,,,6,,5.0,,,31.0,,31.0,7.0,7.0,17.0,34.0,6.0,6,7,15.0,21.0,32.0,5,6,22.0,4,6,13.0,6,6,9.0,6,12.0,4,33.0,6,6,,30.0,6,,5,14.0,,,5,,,21.0,39.0,,,0.0,6,,28.0,38.0,9.0,5,,6,18.0,15.0,6.0,7,7.0,,33.0,20.0,4,37.0,,4,6,,,,,15.0,5.0,25.0,24.0,5.0,,,6,,30.0,,,11.0,25.0,,4,,0.0,6,,7.0,6,,,26.0,,35.0,5,,,29.0,5,,16.0,,5,,,19.0,,32.0,,7,5,24.0,,28.0,7.0,7,5,,,6,6,7,18.0,6,6,,6,6,6,7,,7,7,6,4,6,9.0,0.0,6,38.0,,14.0,,,25.0,,,,,12.0,,6,5,13.0,8.0,6,39.0,13.0,6,7.0,26.0,,,,,5,28.0,,7.0,12.0,,32.0,,5,12.0,,33.0,,6,16.0,18.0,,0.0,5,,37.0,13.0,,33.0,6,,9.0,6,15.0,,,,,,31.0,,,,7,,,,94,10
5,5,4,4,4,4,3,5,6,5,4,5,5,4,5,3,4,4,5,5,5,3,6,4,5,5,6,4,4,5,5,5,6,6,6,5,5,6,5,5,5,5,5,7,4,5,4,5,5,7,6,5,6,5,5,5,3,5,4,5,5,5,4,4,4,5,5,27.0,5,5,5,6,18.0,0,5,6,6,5,3,5,4,4,4,4,3,6,4,4,5,4,5,5,5,5,5,5,4,5,6,5,5,0,6,0,6,4,4,4,5,14.0,9.0,11.0,6,5,4,4,5,5,4,6,4,2,1,5,5,5,5,5,2,4,5,5,3,4,6,5,4,4,5,5,5,5,4,5,6,4,6,5,6,5,5,5,4,5,5,4,6,5,5,5,2,5,5,5,4,3,4,5,4,4,3,5,4,5,4,6,6,5,5,4,4,5,6,3,5,6,5,5,5,5,5,4,5,4,5,5,6,5,5,5,6,5,24.0,5,6,4,5,5,5,4,4,3,4,6,3,4,5,6,5,6,5,4,3,5,6,5,5,5,5,5,5,5,5,5,5,6,5,5,5,6,6,6,5,5,5,5,7,7,6,3,5,5,4,5,4,5,1,6,5,4,6,5,0,5,6,6,6,7,5,4,5,4,5,5,4,5,34.0,6,4,,2,4,4,3,5,3,5,6,5,10.0,4,5,5,6,5,5,4,6,6,6,5,4,5,2,5,5,5,6,5,5,5,5,5,6,5,,5,6,5,7,5,5,6,5,6,5,5,5,6,4,11.0,6,7,3,6,6,5,5,5,4,4,6,5,3,3,5,5,5,16.0,5,6,4,5,5,7,4,2,5,6,6,5,5,0,4,,4,4,4,5,,6,4,5,5,7,5,5,4,3,5,2,6,15.0,7.0,6,6,,6,5,5,5,6,6,5,6,5,6,5,6.0,5,5,5,,6,5,4,6,6,5,5,5,4,5,5,14.0,30.0,12.0,5,5,4,3,5,5,5,4,5,5,5,6,5,4,5,,6,4,7,30.0,5,5,12.0,4,5,6,5,6,5,6,6,5,,4,6,4,5,10.0,5,12.0,6,5,5,5,6,5,,5,6,5,5,5,6,6,6,,4,4,0.0,35.0,6,5,23.0,5,5,5,5,5,6,4,7,7,5,3,6,5,4,4,4,6,6,4,6,7,7,6,7,6,5,5,33.0,5,5,6,6,,4,7,5,7,7,3,6,4,7,10.0,6,,6,3,6,7,6,0.0,5,6,4,14.0,17.0,6,5,32.0,35.0,39.0,5,5,3,5,6,4,6,5,5,5,6,5,15.0,16.0,6,,5,7,17.0,5,,5,6,5,8,6,34.0,5,6,7,5,5,6,21.0,6,5,5,,6,5,6,,,8,5,6,6,0,5,33.0,6,5,5.0,,,5,13.0,6,7,5,6,,19.0,28.0,,5,6,28.0,6,5,5,20.0,10.0,5,13.0,14.0,6,24.0,18.0,6,,16.0,7,32.0,,6,,8.0,,,24.0,,6,,38.0,5,6.0,6,5,4,6,6,6.0,14.0,6,6.0,,6,20.0,5,5,2,,,5,6,6,6,5,6,5,,,5,6,,7,9.0,30.0,6,5,,5,12.0,,5,7,22.0,,20.0,5,14.0,15.0,,5,17.0,39.0,5,7,6,,28.0,,12.0,9,6,6,11.0,6,36.0,0.0,5,26.0,,,7.0,7,7,21.0,31.0,24.0,9.0,6,5,,6,9.0,6,25.0,6,12.0,23.0,,5,41.0,31.0,,,29.0,23.0,5,5,,,30.0,9.0,4,6,,4,13.0,6,,33.0,,,,5.0,6,11.0,11.0,6,,,12.0,,,,5,6,,39.0,,9.0,34.0,21.0,,25.0,26.0,,,6,,32.0,,,24.0,,21.0,23.0,27.0,17.0,,17.0,6,7,13.0,,41.0,5,6,41.0,5,6,11.0,6,6,,6,,4,19.0,6,7,,,5,,5,5.0,,,5,,,29.0,9.0,,,18.0,6,,23.0,,18.0,5,,6,14.0,14.0,31.0,7,28.0,,,19.0,5,17.0,,3,6,,,,,5.0,31.0,11.0,12.0,10.0,8.0,,7,41.0,18.0,,,,,,5,,6.0,7,,11.0,6,39.0,,22.0,,11.0,6,10.0,,6.0,5,,22.0,,5,,,,,0.0,26.0,7,6,21.0,,,35.0,7,6,,,6,6,7,18.0,6,6,34.0,6,6,6,7,,7,7,6,4,5,18.0,7.0,6,30.0,,9.0,,,21.0,,,,,21.0,,5,5,12.0,22.0,6,,12.0,6,13.0,,,,,,5,22.0,,30.0,19.0,10.0,31.0,10.0,5,18.0,,28.0,,6,26.0,15.0,5.0,14.0,6,,,,,,6,8.0,,6,33.0,,,,,,,,,24.0,7,,,,95,10
7,7,4,6,3,5,6,7,7,8,6,7,7,3,7,6,6,6,6,6,5,3,7,4,7,6,7,6,5,6,5,6,7,7,7,6,6,7,6,7,6,6,6,9,6,6,6,6,6,8,7,4,8,7,6,6,6,6,5,6,7,7,5,5,6,6,7,30.0,6,6,7,6,19.0,7,6,7,7,7,7,6,6,6,5,5,6,7,5,5,6,6,7,7,7,6,7,7,5,0,7,7,6,7,7,7,7,5,6,5,7,28.0,8.0,,7,6,2,5,6,7,7,8,7,4,8,6,7,7,7,6,5,5,7,6,6,6,7,6,0,5,7,7,7,6,6,6,7,5,5,6,8,7,7,6,6,6,4,6,8,7,1,6,4,6,4,6,6,3,5,6,6,5,5,6,6,6,6,8,7,7,8,6,6,7,7,5,6,8,6,6,5,6,6,6,7,7,6,6,7,7,7,6,7,6,,6,7,5,6,7,6,6,5,5,5,8,6,6,7,7,7,7,7,6,6,6,5,7,6,7,7,6,6,7,6,6,0,7,6,6,6,4,7,7,6,6,6,6,9,9,7,5,6,6,5,6,6,6,3,7,6,7,7,6,7,6,7,8,8,9,7,6,7,6,7,7,7,7,,7,6,23.0,5,6,6,0,7,6,6,7,6,,6,7,7,7,7,6,6,8,8,7,6,6,6,4,6,6,6,6,6,7,7,7,7,8,6,35.0,7,7,6,8,7,6,7,7,8,7,6,6,7,6,11.0,7,9,5,8,8,6,6,4,6,6,8,7,7,8,7,5,7,15.0,8,8,6,7,6,9,6,6,6,7,8,7,6,6,6,29.0,6,6,5,7,13.0,7,5,6,6,8,6,7,6,8,7,7,8,,25.0,8,8,43.0,7,7,7,7,8,8,6,8,7,8,7,34.0,7,7,6,7.0,7,6,5,8,8,6,6,7,6,6,7,,22.0,33.0,6,7,6,6,7,6,6,5,7,6,6,7,7,6,7,29.0,7,5,8,17.0,6,3,7.0,6,6,7,7,7,6,8,7,7,,6,9,8,6,21.0,5,,7,6,6,6,7,6,,6,8,7,7,7,7,7,8,16.0,6,6,,,8,6,41.0,6,6,7,7,7,7,6,9,9,6,6,7,6,6,6,6,7,7,7,8,8,9,8,8,7,9,6,20.0,7,6,8,7,,6,8,7,8,7,6,7,6,8,,8,,8,6,7,9,8,30.0,6,7,5,38.0,21.0,7,7,29.0,,,7,7,6,6,7,6,5,6,7,6,7,6,,21.0,8,9.0,7,9,7.0,6,,7,7,7,9,8,13.0,7,7,8,7,7,8,8.0,9,7,6,,8,7,7,,21.0,9,7,7,7,6,7,20.0,8,7,,,28.0,7,9.0,6,8,6,8,,38.0,,,7,8,25.0,7,7,6,12.0,11.0,6,,9.0,8,6.0,12.0,8,,10.0,8,0.0,,7,35.0,9.0,43.0,9.0,,,8,,25.0,7,19.0,8,7,7,6,7,35.0,35.0,7,21.0,,7,17.0,6,7,9,,,7,7,7,8,6,7,7,,,7,8,,8,19.0,,8,7,,7,19.0,13.0,7,9,13.0,,,7,15.0,,,7,30.0,11.0,7,9,8,,32.0,,7.0,10,8,7,11.0,7,17.0,,7,7.0,,41.0,,8,9,16.0,15.0,28.0,20.0,7,7,9.0,8,20.0,7,9.0,8,22.0,10.0,,7,,37.0,17.0,,,,6,6,18.0,,18.0,20.0,7,7,,7,39.0,8,18.0,12.0,,,,,8,15.0,23.0,7,20.0,,10.0,,,,7,8,17.0,25.0,,,10.0,,,,7.0,,,8,,27.0,,22.0,20.0,,11.0,,36.0,10.0,16.0,17.0,7,7,0.0,,12.0,6,7,21.0,6,6,39.0,7,7,9.0,0,8.0,5,14.0,8,8,,,5,,6,20.0,,,6,7.0,,,38.0,,,9.0,0,19.0,14.0,14.0,29.0,7,,7,35.0,31.0,27.0,9,23.0,,35.0,43.0,6,39.0,,6,7,,,,,22.0,12.0,18.0,34.0,,12.0,,8,25.0,,,,16.0,26.0,,7,,6.0,8,,13.0,8,22.0,,,,26.0,7,8.0,,10.0,6,,12.0,,6,,,,,,9.0,9,7,21.0,,,13.0,9,7,,,7,7,8,10.0,8,8,27.0,8,7,7,8,,9,8,0,6,8,14.0,31.0,8,39.0,0.0,17.0,38.0,,27.0,,,26.0,,39.0,,7,6,29.0,7.0,8,27.0,30.0,8,30.0,,,,,,6,32.0,,,,,22.0,38.0,5,12.0,,,,7,36.0,21.0,,9.0,7,,32.0,9.0,,38.0,7,16.0,37.0,7,10.0,,,,,,,,,19.0,8,,,,96,10
9,9,8,6,8,7,8,9,10,10,9,9,9,8,8,8,0,8,9,8,9,7,10,8,9,9,9,9,8,8,9,9,9,9,9,8,8,10,9,9,7,8,8,12,7,9,8,8,9,11,10,9,9,9,9,9,9,8,8,7,8,8,7,7,7,8,9,19.0,8,9,8,10,11.0,10,8,10,8,9,9,9,8,8,6,8,8,9,8,8,9,8,9,9,9,8,9,9,8,10,10,9,9,9,10,7,9,8,8,4,9,,12.0,9.0,10,6,8,8,8,9,9,10,10,7,0,9,9,9,9,9,8,7,9,8,8,8,9,9,9,8,9,7,9,9,8,9,10,8,9,9,10,9,9,9,8,9,9,9,9,8,8,9,7,9,8,9,9,8,8,9,0,8,8,9,8,8,5,10,9,6,8,8,8,9,9,5,8,10,9,8,9,9,9,9,10,9,9,9,9,9,9,9,9,8,35.0,9,9,9,9,9,9,5,8,8,7,10,9,8,9,9,9,9,7,8,8,9,10,9,7,9,9,9,9,8,8,8,9,9,8,7,9,10,9,10,9,9,9,9,11,11,10,7,9,9,8,9,8,8,8,9,9,10,10,9,9,8,10,10,10,10,9,8,9,9,9,9,0,9,42.0,9,8,45.0,8,8,8,7,6,8,8,9,9,9.0,8,9,8,10,9,8,8,10,10,10,8,8,9,7,9,9,9,9,8,9,9,9,8,10,9,,9,9,8,10,9,4,10,9,10,8,9,9,10,8,11.0,9,10,8,10,10,9,9,9,9,8,10,9,9,10,9,9,9,26.0,10,10,8,9,9,10,8,8,8,10,10,9,9,6,8,9.0,8,8,8,8,,9,8,9,9,10,8,8,7,9,8,5,9,,29.0,9,9,15.0,9,9,8,0,7,9,8,9,1,8,9,41.0,9,9,8,30.0,9,8,7,10,8,9,9,9,8,9,9,,,23.0,8,9,8,8,9,9,9,8,9,8,9,10,9,8,9,19.0,9,8,11,14.0,9,6,17.0,8,9,9,9,9,9,10,10,9,,8,11,10,9,,9,,9,8,8,9,10,9,,9,10,9,0,9,9,10,10,14.0,8,9,13.0,18.0,10,9,,9,9,9,9,9,9,6,11,11,5,8,10,9,8,8,8,10,10,9,10,11,11,11,11,9,11,9,12.0,9,9,10,10,20.0,9,11,9,11,11,8,10,8,10,12.0,10,,10,8,9,10,10,17.0,9,9,8,13.0,23.0,10,9,16.0,16.0,46.0,9,9,8,8,9,8,9,8,9,9,10,9,21.0,22.0,10,28.0,9,11,17.0,7,,9,10,9,11,11,25.0,5,10,11,9,9,10,25.0,10,9,9,,10,9,9,,10.0,11,9,10,9,9,9,,10,9,20.0,,,10,,9,10,8,9,,,,,9,10,20.0,9,9,9,12.0,11.0,9,14.0,38.0,11,0.0,11.0,9,,9.0,11,12.0,,10,16.0,9.0,,12.0,29.0,,9,,16.0,9,11.0,10,9,6,10,9,20.0,45.0,10,26.0,,10,27.0,9,9,9,,,9,9,10,10,9,8,9,,,9,10,,9,36.0,31.0,10,10,,9,,11.0,9,10,,,44.0,9,,,11.0,9,,34.0,9,10,9,,10.0,,,12,10,10,45.0,10,32.0,,9,,,13.0,17.0,10,11,30.0,35.0,16.0,11.0,10,9,,10,31.0,9,17.0,9,31.0,19.0,,9,13.0,25.0,12.0,22.0,15.0,39.0,9,8,9.0,,,,10,9,,9,33.0,10,25.0,,,,,30.0,10,11.0,23.0,10,41.0,,35.0,,,,10,10,28.0,15.0,,18.0,30.0,,,26.0,15.0,,,10,,10.0,,30.0,,,37.0,39.0,10.0,16.0,,9.0,10,11,,26.0,,9,9,9.0,9,9,,9,10,21.0,10,,8,,10,10,,37.0,10,,9,10.0,,,9,12.0,,11.0,45.0,,36.0,12.0,9,32.0,18.0,42.0,,6,,9,24.0,9.0,15.0,11,15.0,,6.0,22.0,8,17.0,,8,10,,,,,10.0,41.0,12.0,13.0,24.0,26.0,,10,38.0,,,,35.0,10.0,,9,,,0,,24.0,10,12.0,,,,23.0,9,28.0,,,9,,,,9,,,28.0,,,30.0,11,10,,,28.0,13.0,10,9,,,10,10,8,24.0,10,8,37.0,8,10,10,11,,11,11,10,8,11,,34.0,10,18.0,,33.0,16.0,,,,,29.0,,14.0,,9,9,16.0,,10,28.0,,10,11.0,,,,,0.0,9,17.0,,26.0,43.0,27.0,,,8,45.0,0.0,35.0,,9,17.0,41.0,29.0,34.0,9,,,,,,10,28.0,42.0,9,19.0,,,,,,15.0,,,17.0,11,,,,97,10
5,4,4,4,4,4,4,5,3,6,4,5,5,4,5,4,2,4,4,4,4,3,6,4,5,5,6,5,4,5,5,5,5,6,6,5,4,6,5,5,5,4,4,7,4,5,4,5,5,7,6,5,6,5,4,5,5,5,4,5,5,5,3,3,3,5,5,16.0,4,4,5,6,21.0,6,4,3,5,5,5,5,3,3,1,2,4,4,4,4,5,4,5,5,5,4,5,5,4,6,6,5,5,5,5,5,5,3,3,1,5,28.0,,29.0,6,4,4,4,4,5,5,6,6,3,6,5,5,5,5,4,3,3,5,4,4,4,5,5,5,4,3,5,5,4,3,4,6,4,5,4,6,6,5,5,4,4,4,3,6,5,4,5,3,5,4,4,5,4,2,5,4,4,4,5,4,4,4,6,5,4,6,4,4,5,5,3,4,6,5,0,4,3,4,5,6,5,5,5,5,5,5,5,5,4,13.0,4,5,6,5,5,4,4,3,3,4,6,3,4,5,5,5,5,5,4,4,4,6,5,4,5,5,5,4,5,5,4,5,5,4,5,5,6,6,6,5,5,5,4,6,7,5,2,5,3,4,4,4,4,4,6,4,5,6,5,5,4,6,6,5,7,5,4,5,4,5,5,5,5,19.0,6,4,32.0,2,4,4,3,5,2,4,5,5,,4,5,5,5,5,4,4,6,6,5,4,4,5,4,5,5,4,5,4,5,5,5,5,6,4,,5,5,4,4,5,5,5,5,6,5,4,5,5,1,27.0,5,6,4,6,6,5,5,4,5,4,6,5,5,7,4,5,6,,6,6,4,5,5,7,4,4,4,5,6,5,5,4,4,,4,4,2,5,9.0,5,4,4,5,4,4,5,4,6,5,6,6,10.0,9.0,6,6,5.0,5,5,5,5,6,6,4,6,0,6,5,17.0,5,5,4,31.0,5,4,3,6,5,5,5,5,4,4,5,7.0,14.0,,5,4,4,4,5,5,5,3,5,4,4,6,5,4,3,,5,4,6,,5,4,,5,4,5,5,5,5,6,6,5,,4,7,6,4,16.0,5,0.0,5,4,4,5,6,5,0.0,5,6,5,4,5,5,0,5,23.0,4,4,7.0,28.0,6,4,19.0,2,5,5,5,5,5,4,7,5,4,4,5,5,4,4,4,6,6,5,5,6,6,6,6,5,3,4,6.0,5,4,6,6,5.0,5,6,5,7,7,4,5,4,6,,6,,4,5,5,7,5,13.0,4,5,4,17.0,35.0,5,5,26.0,29.0,25.0,3,5,4,3,5,4,5,4,0,4,5,2,,34.0,6,17.0,5,8,35.0,5,,5,6,5,7,6,13.0,5,5,7,3,5,5,21.0,7,0,5,,6,5,5,,27.0,7,4,6,6,4,6,31.0,6,5,15.0,,,5,,6,6,4,6,,,23.0,,5,6,6.0,6,5,5,10.0,9.0,5,,14.0,7,6.0,5.0,6,,23.0,6,19.0,,5,11.0,,20.0,7.0,,,6,,33.0,5,,5,5,5,6,5,10.0,,5,20.0,,5,,5,5,7,,,5,5,5,6,5,5,5,,7.0,4,5,,7,7.0,31.0,6,4,,6,18.0,16.0,5,7,23.0,,33.0,5,15.0,32.0,,4,13.0,9.0,5,6,6,,8.0,,16.0,8,6,6,7.0,5,20.0,,5,14.0,,10.0,,6,6,,6.0,27.0,,6,5,23.0,6,,6,22.0,6,,14.0,,5,20.0,7.0,6.0,32.0,,16.0,4,4,,,6.0,14.0,4,6,,5,,6,18.0,13.0,,,,29.0,6,,,6,16.0,,30.0,,,,6,4,3.0,,,10.0,12.0,12.0,,,23.0,,,6,,,,34.0,24.0,,8.0,12.0,7.0,,8.0,19.0,6,7,7.0,20.0,,0,5,9.0,5,5,25.0,5,5,,6,18.0,4,,6,6,,27.0,5,,5,,,,5,32.0,,32.0,18.0,,32.0,31.0,6,13.0,,21.0,12.0,5,,6,25.0,10.0,34.0,7,18.0,,12.0,,4,15.0,,4,5,,,,0.0,21.0,25.0,21.0,12.0,30.0,22.0,,6,13.0,31.0,,,18.0,7.0,,5,,7.0,6,,17.0,6,22.0,,21.0,,6.0,5,23.0,,,5,,16.0,,5,,,19.0,,23.0,,7,4,,,11.0,15.0,6,0,,,6,4,5,8.0,6,6,34.0,6,6,6,7,,7,6,6,4,7,5.0,,6,21.0,,17.0,30.0,,24.0,,,6.0,,23.0,,5,5,,24.0,6,28.0,,6,,16.0,,,,,5,,,5.0,8.0,13.0,25.0,17.0,1,24.0,,7.0,,6,10.0,15.0,11.0,4.0,6,,,,,16.0,6,,18.0,6,6.0,,,,,,22.0,,,11.0,7,,,,98,10
7,6,6,6,4,6,6,7,7,8,6,6,6,4,6,6,6,4,6,6,6,5,7,6,7,7,7,6,6,6,6,6,7,7,7,6,6,7,7,7,7,5,6,9,6,6,6,6,6,8,0,6,1,6,6,7,7,7,6,7,6,6,5,6,5,6,7,45.0,6,6,7,7,27.0,7,6,7,7,6,6,6,6,6,5,5,5,7,5,5,7,6,6,7,7,6,6,6,6,8,7,6,7,7,7,6,7,5,5,5,7,,,10.0,7,6,5,5,6,7,6,8,7,5,7,6,7,7,7,6,5,5,6,6,6,4,7,7,7,6,7,7,7,6,3,6,7,5,7,6,5,7,7,6,6,6,6,6,7,6,6,7,4,6,1,6,7,5,3,6,6,5,6,6,5,6,6,8,4,6,7,6,4,3,7,4,6,8,6,6,6,6,6,6,7,7,7,6,6,6,6,6,6,6,24.0,6,2,7,6,6,6,6,6,6,4,7,6,6,7,7,6,7,7,6,6,6,7,7,6,7,6,7,6,6,4,6,6,7,6,7,7,5,7,7,6,6,7,6,8,8,7,5,7,7,6,6,6,6,5,7,6,7,7,6,7,6,7,7,5,8,7,6,7,6,7,7,6,6,26.0,6,6,11.0,5,6,5,5,7,6,7,7,6,27.0,6,6,6,7,7,6,6,8,7,7,6,6,7,5,6,7,6,0,6,7,7,7,7,8,6,7.0,7,7,1,7,7,7,8,7,8,7,0,6,7,6,7.0,7,8,5,8,8,6,6,6,7,6,8,5,6,8,7,6,1,10.0,7,0,6,7,6,9,6,6,6,7,8,7,5,6,6,,6,6,0,6,0.0,7,6,6,6,8,6,7,0,7,7,7,7,,30.0,7,7,23.0,7,7,7,7,8,7,6,7,6,8,7,,7,6,6,7.0,7,6,5,8,8,7,5,7,4,6,6,28.0,,15.0,6,7,6,5,7,6,6,5,7,6,6,7,7,6,6,15.0,7,5,8,35.0,7,6,,6,6,7,6,7,6,8,8,7,,5,8,7,6,25.0,7,23.0,7,6,6,6,8,6,,6,8,7,6,6,7,7,8,,6,6,8.0,18.0,7,6,20.0,6,7,3,6,7,7,6,9,9,6,6,7,6,5,6,6,7,7,7,8,8,8,8,9,7,9,6,,7,6,8,7,34.0,6,8,6,8,8,6,7,7,8,,7,,7,6,7,8,7,32.0,6,7,6,41.0,,7,7,,13.0,10.0,7,7,6,6,7,6,7,6,6,5,0,7,,,7,18.0,7,9,22.0,7,,5,7,7,8,8,20.0,6,7,8,7,6,6,28.0,8,6,7,,8,6,7,,,9,7,8,7,6,7,,8,6,7.0,,,7,9.0,7,8,6,8,,24.0,,,7,8,8.0,8,6,6,15.0,45.0,5,12.0,8.0,8,28.0,30.0,7,,25.0,8,34.0,,8,,11.0,14.0,35.0,11.0,,7,,31.0,7,16.0,8,6,6,7,7,28.0,17.0,7,27.0,,7,10.0,6,7,8,,,7,7,7,8,6,7,7,,31.0,7,8,,8,,,7,7,,4,,,7,8,18.0,,33.0,7,9.0,9.0,12.0,7,7.0,13.0,7,8,8,,8.0,,24.0,10,7,8,27.0,7,23.0,10.0,7,18.0,,31.0,,7,8,9.0,7.0,8.0,19.0,7,6,10.0,7,26.0,7,3.0,8,,29.0,,7,29.0,10.0,42.0,21.0,,11.0,6,5,,,7.0,7.0,8,7,,7,16.0,6,9.0,,,,,36.0,8,26.0,7.0,8,21.0,,15.0,,,,4,7,,20.0,,27.0,33.0,45.0,,,37.0,,,8,,11.0,,15.0,14.0,,7.0,,39.0,,36.0,12.0,7,9,17.0,19.0,,7,8,20.0,6,7,,8,7,15.0,5,25.0,0,17.0,7,8,,30.0,7,,5,,,,7,18.0,,9.0,,,29.0,28.0,7,29.0,18.0,,10.0,7,,7,19.0,41.0,11.0,7,13.0,,,,6,,,6,7,,,,,7.0,18.0,28.0,,31.0,,,5,,,,,27.0,8.0,,7,,13.0,8,,6.0,8,28.0,,45.0,,23.0,7,9.0,,,6,,,,7,,,44.0,,16.0,26.0,6,7,22.0,,,23.0,8,7,,,4,7,8,,8,8,4.0,7,7,8,9,,9,9,8,6,9,15.0,,7,32.0,,,,,11.0,,,15.0,,12.0,,7,6,,8.0,8,21.0,33.0,8,9.0,27.0,,,,42.0,7,8.0,,29.0,26.0,33.0,22.0,16.0,7,26.0,,6.0,,7,8.0,25.0,24.0,9.0,7,,0.0,23.0,,13.0,8,9.0,13.0,7,10.0,,,,,,35.0,,,,8,,,,99,10
8,8,7,7,7,7,7,7,8,9,8,7,7,4,6,8,7,7,5,7,7,7,8,7,8,8,8,7,7,8,7,8,8,8,8,7,7,8,8,8,8,3,4,10,7,8,7,5,8,9,9,7,7,7,8,8,8,8,7,8,7,6,6,7,6,1,8,31.0,7,7,8,9,27.0,8,7,9,8,8,8,7,7,7,6,7,7,8,6,6,8,8,8,7,8,7,7,7,7,9,8,8,8,8,9,7,7,6,7,6,8,,36.0,8.0,8,7,6,7,7,8,8,9,8,6,8,8,7,8,8,7,6,5,7,7,7,6,8,8,8,7,8,8,8,7,7,7,8,7,8,7,8,8,7,7,7,7,7,7,8,7,7,8,6,7,7,7,8,7,6,7,7,7,7,7,7,7,7,9,2,7,0,7,7,7,8,7,7,9,8,7,8,7,7,7,8,8,8,8,8,8,8,7,7,7,16.0,7,7,8,5,8,7,7,7,7,5,7,7,7,8,8,8,8,8,7,7,8,9,8,7,8,8,8,8,6,1,7,5,8,7,8,8,0,8,8,8,7,8,7,8,9,8,1,5,8,7,7,7,7,7,8,7,8,9,8,8,7,8,8,7,9,8,7,8,8,8,8,9,7,24.0,8,7,31.0,6,8,7,6,8,7,8,8,8,15.0,7,8,7,8,8,4,7,8,9,8,7,7,8,7,8,8,7,8,7,8,8,8,8,9,7,16.0,8,8,7,9,0,7,7,8,8,8,7,8,8,7,34.0,8,9,6,9,9,8,7,8,8,7,9,7,6,7,8,6,8,10.0,8,2,7,7,7,10,7,7,6,8,8,6,7,4,7,31.0,7,7,7,7,33.0,8,5,8,8,9,8,7,6,8,7,7,8,18.0,9.0,8,8,7.0,8,8,7,7,8,7,3,7,7,4,8,24.0,8,8,7,20.0,8,7,7,9,8,8,7,8,7,8,7,28.0,39.0,16.0,6,8,7,7,7,7,7,7,8,5,7,9,8,0,8,,8,6,9,32.0,8,7,28.0,6,5,7,8,8,8,9,9,8,,7,9,8,7,26.0,8,31.0,7,7,7,7,9,6,,7,9,8,8,8,9,8,8,14.0,6,7,11.0,,9,8,24.0,8,8,7,7,7,7,7,9,8,0,7,8,7,7,7,7,8,8,7,8,9,9,9,10,8,10,7,24.0,8,7,9,8,17.0,8,9,5,9,10,7,8,8,9,28.0,8,,8,7,8,8,8,14.0,7,8,6,15.0,24.0,8,4,37.0,,20.0,8,8,8,7,8,7,8,7,8,7,8,8,,25.0,8,17.0,8,9,28.0,8,,7,8,8,9,9,,8,6,9,8,7,8,19.0,9,7,8,,9,8,8,,16.0,10,8,9,8,8,8,,9,7,28.0,,25.0,8,21.0,9,9,7,8,,19.0,23.0,,8,8,22.0,9,8,8,19.0,17.0,8,7.0,12.0,9,,34.0,8,,21.0,9,8.0,,9,6.0,31.0,,21.0,28.0,,9,,13.0,8,9.0,9,8,8,9,8,19.0,19.0,8,0.0,,7,25.0,8,8,4,,,8,8,8,9,8,6,8,,23.0,8,9,,9,,14.0,9,8,,8,,24.0,8,9,14.0,,13.0,8,,,11.0,8,10.0,24.0,8,9,9,,,,16.0,11,8,9,,9,15.0,0.0,8,25.0,,8.0,19.0,9,9,41.0,19.0,12.0,13.0,9,8,20.0,9,35.0,8,13.0,8,,33.0,,8,0.0,12.0,,17.0,,13.0,7,7,,,12.0,13.0,9,8,,8,17.0,9,11.0,25.0,,,,30.0,8,11.0,26.0,9,,,14.0,,,,8,9,12.0,11.0,,34.0,,17.0,,13.0,12.0,,,9,,20.0,,,41.0,,,20.0,22.0,20.0,,28.0,9,9,41.0,,33.0,8,8,21.0,8,8,13.0,9,9,,9,,6,,8,9,,13.0,9,,8,18.0,,,8,,,,14.0,,,16.0,6,,29.0,,,8,,8,12.0,17.0,,9,31.0,,,39.0,7,9.0,,7,9,,,,,8.0,8.0,,13.0,,24.0,,9,9.0,27.0,,,,,,8,,17.0,9,,20.0,9,,,8.0,,,8,,,29.0,8,,28.0,,8,,,36.0,,14.0,16.0,9,7,10.0,,,,9,8,,,8,8,9,14.0,9,8,,9,9,9,10,,10,0,9,7,9,17.0,30.0,8,14.0,,4.0,,,10.0,,,20.0,,6.0,,9,8,,25.0,9,,21.0,8,34.0,34.0,,,,,8,30.0,,,,30.0,31.0,15.0,8,29.0,,39.0,,8,19.0,39.0,11.0,18.0,8,,,31.0,,11.0,9,27.0,21.0,9,29.0,,,,,,0.0,,,21.0,10,,,,100,10
6,6,5,5,5,5,6,6,6,7,6,6,6,5,6,3,5,4,5,5,5,5,7,5,6,6,6,6,5,6,5,5,6,6,6,5,6,6,6,6,6,5,5,8,5,5,5,6,5,7,6,6,7,6,5,5,6,6,5,6,6,6,4,4,5,6,6,40.0,6,6,6,4,29.0,6,0,6,6,5,4,5,5,5,3,4,4,6,4,4,6,4,6,6,6,5,6,6,5,7,6,6,5,6,6,6,6,4,5,4,6,22.0,,6.0,7,5,5,4,5,6,6,7,7,1,7,6,6,6,6,6,5,3,6,5,5,5,6,0,6,5,6,6,6,5,5,6,6,5,6,5,7,7,6,6,5,5,5,4,5,6,5,6,2,3,4,5,6,4,4,6,5,5,5,5,5,5,5,7,7,6,7,6,3,6,7,5,5,7,5,5,6,5,5,5,7,6,4,6,6,6,6,6,7,6,26.0,6,6,7,6,6,5,5,5,4,4,6,6,5,6,6,5,6,6,5,5,5,7,6,5,6,5,6,6,6,6,5,5,6,5,6,5,6,6,6,6,5,6,6,7,7,6,4,6,6,3,4,5,5,5,6,5,6,6,6,7,6,6,7,7,7,6,5,7,6,6,6,6,6,20.0,7,6,16.0,5,5,4,5,6,4,6,6,5,,5,6,6,7,7,5,5,7,7,6,5,5,6,5,6,6,6,6,5,6,5,6,6,7,5,8.0,6,6,5,7,6,6,7,6,7,6,5,6,7,5,37.0,4,7,3,7,7,6,6,5,6,5,7,6,6,8,6,6,7,14.0,7,7,6,7,5,8,5,6,6,6,7,6,5,5,5,,5,5,5,6,5.0,6,5,5,4,7,6,6,5,7,6,7,7,9.0,8.0,7,7,12.0,6,7,6,6,7,7,2,7,6,7,7,26.0,6,6,5,,6,1,5,7,5,6,6,7,5,5,6,,,20.0,5,6,5,5,5,5,6,5,5,6,5,7,6,5,5,38.0,6,4,6,13.0,6,5,26.0,6,5,6,6,6,6,7,7,6,,5,7,5,5,18.0,3,,6,5,3,6,7,5,,2,7,6,6,6,6,6,6,38.0,5,5,,,7,6,24.0,5,6,4,6,5,6,6,8,8,5,3,7,3,5,5,5,6,6,5,6,7,7,7,8,6,8,3,16.0,5,5,7,7,25.0,5,8,6,8,8,5,6,6,7,7.0,7,,6,6,7,8,6,12.0,5,6,4,32.0,12.0,7,5,,,21.0,6,6,6,5,6,5,6,5,5,6,6,5,21.0,11.0,7,,6,5,30.0,6,,6,0,6,8,7,8.0,6,6,7,5,6,6,,8,6,6,,7,6,6,,36.0,9,5,6,7,5,6,24.0,7,6,17.0,,22.0,7,26.0,7,8,5,6,,8.0,29.0,,5,6,11.0,7,6,5,15.0,7.0,5,,32.0,8,,,7,,15.0,8,11.0,,7,,,15.0,,42.0,,7,,,6,7.0,7,6,6,0,6,,35.0,6,7.0,,6,,0,6,8,,,6,6,6,7,6,6,6,,26.0,6,7,,7,42.0,12.0,7,6,,7,28.0,,6,8,,,8.0,6,23.0,,,6,17.0,36.0,6,0,7,,11.0,,20.0,10,7,7,16.0,7,,,6,36.0,,27.0,25.0,8,7,6.0,19.0,10.0,31.0,7,6,11.0,7,7.0,7,11.0,7,0.0,4.0,,6,5.0,,19.0,14.0,14.0,33.0,5,6,19.0,,26.0,18.0,7,7,,6,34.0,7,16.0,26.0,,,,21.0,7,24.0,,7,28.0,,,,,,7,7,42.0,33.0,,27.0,20.0,28.0,,11.0,36.0,,,8,,25.0,,,,,7.0,21.0,26.0,,36.0,24.0,6,8,,18.0,7.0,6,7,27.0,5,6,,7,7,38.0,7,20.0,5,6.0,0,7,,19.0,6,,6,14.0,,,6,10.0,,9.0,32.0,0.0,16.0,38.0,7,31.0,6.0,15.0,16.0,6,,6,20.0,15.0,,8,,,15.0,27.0,4,14.0,,5,7,,,,,15.0,,23.0,22.0,41.0,,,7,10.0,28.0,,,17.0,40.0,,6,,11.0,7,,,7,21.0,,24.0,,,6,8.0,,,6,,21.0,,6,,,15.0,,21.0,8.0,8,7,37.0,,,,7,6,,,7,7,7,12.0,7,7,19.0,7,7,7,8,,8,8,7,4,8,11.0,25.0,7,10.0,,,16.0,,17.0,,,,,15.0,,6,5,21.0,14.0,7,33.0,,7,12.0,11.0,,,,15.0,5,20.0,,17.0,20.0,,26.0,16.0,6,,,,,6,,7.0,,19.0,6,0.0,35.0,9.0,,39.0,7,17.0,37.0,6,,,,,,,11.0,,,8.0,7,,,,101,10
6,5,6,6,6,5,6,6,7,7,6,6,6,5,6,6,6,4,5,6,6,5,7,5,6,7,7,6,5,6,6,6,6,7,7,6,6,7,7,7,7,5,5,9,5,6,6,6,6,8,7,6,6,6,6,6,6,6,5,6,2,6,4,5,5,6,7,,5,6,6,7,21.0,6,5,7,7,6,6,6,5,5,4,5,6,6,5,5,6,6,6,7,6,6,6,6,6,7,6,6,6,7,7,5,6,4,4,4,6,,27.0,29.0,7,6,5,5,6,6,6,8,7,4,7,6,6,6,6,6,5,5,6,6,6,5,7,7,7,5,6,6,7,6,5,6,7,5,6,0,7,5,6,6,5,5,5,3,7,6,6,5,4,2,6,5,6,6,5,6,6,5,6,6,6,5,6,6,7,6,7,5,5,6,6,5,3,7,6,5,5,2,5,6,7,7,6,7,6,6,6,3,7,5,22.0,6,6,7,6,5,6,6,5,5,5,7,5,4,7,7,6,0,6,5,5,5,7,6,5,6,6,6,6,6,3,6,6,7,6,6,6,7,7,7,6,5,6,6,8,8,6,5,6,7,5,5,6,4,5,7,6,6,7,5,6,6,6,7,7,8,6,5,7,6,6,7,7,6,43.0,6,4,20.0,5,2,5,4,5,5,6,6,6,13.0,5,6,6,7,6,5,5,7,7,6,5,4,6,5,6,6,6,7,6,6,6,4,5,7,1,28.0,5,6,6,8,6,6,7,7,7,6,6,6,7,5,7.0,6,7,5,8,8,7,6,6,7,5,7,1,6,8,6,6,7,28.0,7,7,5,6,6,8,5,6,5,7,7,6,6,6,5,41.0,5,5,5,6,43.0,7,5,6,6,7,6,6,2,3,6,6,6,6.0,9.0,7,6,,4,6,6,6,7,6,5,7,6,7,6,20.0,7,6,6,45.0,7,5,5,5,7,6,6,7,5,6,7,31.0,,40.0,6,3,5,5,6,6,6,5,7,6,6,7,7,6,6,7.0,7,5,8,,7,6,9.0,6,5,7,6,7,5,7,7,7,,5,8,7,5,18.0,6,37.0,7,5,6,6,7,6,,6,7,6,6,6,7,7,7,45.0,5,5,8.0,10.0,8,6,17.0,6,6,6,6,6,7,6,8,8,6,6,7,6,5,5,3,7,6,6,7,7,7,8,8,0,8,5,11.0,6,5,7,3,,6,8,6,8,8,5,7,6,8,,7,,7,6,7,6,7,13.0,6,7,5,12.0,8.0,7,6,21.0,14.0,31.0,6,7,6,6,7,2,7,6,5,6,6,6,24.0,6.0,7,,6,9,13.0,6,,7,7,6,9,8,13.0,6,7,8,6,6,7,,8,6,6,,6,6,6,,,8,7,7,7,6,7,21.0,7,6,32.0,,32.0,7,12.0,7,7,6,7,,,39.0,,6,6,23.0,7,6,6,16.0,11.0,1,12.0,27.0,8,15.0,36.0,7,,8.0,8,,,7,25.0,22.0,,,37.0,,7,,,7,40.0,7,6,6,7,7,42.0,21.0,7,10.0,,7,28.0,6,6,8,,,6,6,6,8,6,7,6,,10.0,6,7,,8,10.0,6.0,0,6,,6,7.0,41.0,6,8,,,7.0,6,26.0,,24.0,6,,7.0,7,6,7,,24.0,,,9,7,7,,7,36.0,,6,23.0,,22.0,14.0,7,7,12.0,33.0,11.0,32.0,7,0,,7,9.0,7,12.0,7,9.0,7.0,,6,,,27.0,22.0,13.0,,3,5,,,0.0,6.0,8,7,,6,,7,14.0,42.0,,,,,7,11.0,8.0,8,30.0,,13.0,,,,7,7,22.0,,,22.0,,7.0,,21.0,44.0,,,7,,22.0,,22.0,,,14.0,,36.0,0.0,27.0,31.0,7,8,7.0,,,6,6,38.0,6,7,29.0,7,7,20.0,7,18.0,5,,7,8,,17.0,7,,6,34.0,,,7,30.0,,20.0,31.0,,15.0,43.0,7,11.0,8.0,21.0,8.0,7,,7,28.0,27.0,34.0,8,,,7.0,26.0,5,39.0,,6,7,,,,,,,,39.0,,15.0,,7,,9.0,,,7.0,9.0,,6,,7.0,8,,29.0,8,,,21.0,,10.0,5,8.0,,19.0,6,,,0.0,7,,,39.0,,33.0,20.0,8,7,28.0,,14.0,30.0,8,7,,,7,6,8,,8,7,37.0,7,7,7,8,,9,8,7,6,8,37.0,10.0,7,,,17.0,,,,,,29.0,,15.0,,0,6,,,8,14.0,15.0,7,14.0,33.0,,,,,5,0.0,,22.0,15.0,14.0,13.0,38.0,6,10.0,,17.0,,7,37.0,16.0,,,7,,30.0,42.0,,12.0,8,8.0,41.0,7,,,,,,,18.0,,,39.0,8,,,,102,10
5,5,4,4,1,4,5,5,5,6,5,0,5,4,5,5,5,4,5,4,2,4,6,5,5,5,6,5,4,5,5,5,6,6,6,5,5,6,5,5,5,4,4,7,4,5,4,4,5,7,6,5,6,5,5,5,5,5,3,5,6,5,4,4,4,5,5,17.0,4,5,5,6,15.0,6,5,6,5,5,5,5,5,0,3,3,4,5,4,4,5,4,5,5,5,5,5,5,4,6,6,5,5,5,6,6,6,4,4,3,5,10.0,,23.0,6,4,4,4,5,5,3,6,6,3,6,5,5,5,5,5,4,4,5,4,3,4,6,5,5,4,5,5,5,4,4,5,6,4,5,5,6,6,6,5,4,4,4,4,6,5,5,1,4,5,4,3,5,4,4,5,5,4,4,5,4,4,4,0,6,5,6,5,4,5,6,3,4,6,5,4,5,5,5,5,6,6,5,5,6,5,5,5,6,5,21.0,5,6,6,5,5,5,3,4,2,4,6,3,4,5,5,5,6,5,5,4,4,6,3,4,6,5,5,5,5,5,4,4,5,4,5,5,6,0,5,5,5,4,5,7,5,6,3,5,5,3,5,4,5,3,6,5,6,6,5,6,5,5,6,6,6,5,4,5,4,5,0,6,6,37.0,6,4,23.0,4,4,4,4,5,4,5,3,5,18.0,4,4,5,6,6,5,5,6,6,6,5,2,5,4,5,5,5,6,5,5,5,5,5,6,5,30.0,5,6,4,6,6,6,6,5,6,5,5,5,6,4,12.0,5,6,1,6,5,5,5,5,5,4,6,5,5,7,6,5,6,38.0,7,6,5,6,5,7,4,4,5,6,6,2,5,4,5,38.0,4,2,4,5,23.0,2,4,5,5,6,5,6,5,5,6,6,6,21.0,13.0,7,6,24.0,6,6,6,6,7,7,5,6,5,7,6,15.0,6,5,5,30.0,6,4,4,6,6,5,5,6,4,5,5,12.0,,8.0,5,5,4,1,5,5,5,4,6,5,5,6,6,3,5,12.0,5,4,4,28.0,5,5,,3,4,5,2,5,5,6,6,5,,4,7,4,5,26.0,0,14.0,6,5,5,4,6,5,,5,6,5,5,5,6,6,6,28.0,4,4,29.0,29.0,6,5,36.0,4,5,5,5,5,5,5,7,7,5,5,6,5,5,2,4,6,6,5,6,7,7,6,7,5,7,5,10.0,5,5,6,6,33.0,5,7,4,7,7,1,6,5,6,31.0,6,,6,5,5,8,5,22.0,4,5,4,13.0,8.0,5,5,,13.0,6.0,5,5,5,5,6,4,5,5,5,5,6,5,18.0,7.0,6,,6,7,10.0,5,,6,6,5,7,6,33.0,5,1,5,5,5,5,16.0,7,5,6,,6,3,6,,,8,5,4,6,5,6,38.0,6,5,,,22.0,5,14.0,6,7,4,6,,0.0,30.0,,5,6,25.0,6,4,2,8.0,,5,7.0,30.0,7,22.0,,3,,19.0,3,,,6,28.0,8.0,31.0,10.0,,,6,,6.0,5,27.0,6,5,5,6,6,37.0,36.0,6,17.0,,5,13.0,5,5,7,,,5,5,6,7,2,5,5,,13.0,5,6,,6,,12.0,6,6,,6,,,5,7,,,20.0,5,24.0,16.0,,5,,20.0,5,6,5,,,,7.0,9,6,6,,6,8.0,31.0,6,12.0,,11.0,9.0,7,6,,,15.0,,6,5,6.0,6,28.0,5,16.0,6,27.0,11.0,,5,14.0,28.0,,,16.0,12.0,5,5,15.0,,9.0,8.0,6,5,,5,,6,19.0,36.0,,,,30.0,6,,,6,13.0,,6.0,,,,6,6,8.0,10.0,,,32.0,,,25.0,13.0,,0.0,7,,,,,10.0,,10.0,9.0,38.0,39.0,31.0,7.0,6,7,13.0,40.0,24.0,5,6,7.0,5,6,13.0,6,6,21.0,6,11.0,4,5.0,6,6,,31.0,6,,5,,,,5,37.0,,36.0,22.0,,18.0,,6,,33.0,36.0,29.0,5,,5,11.0,13.0,,7,,,23.0,,4,35.0,,4,6,,,,,33.0,,20.0,11.0,,,,6,16.0,8.0,,,29.0,8.0,,5,,32.0,7,,28.0,6,9.0,,13.0,,22.0,5,26.0,,9.0,5,,10.0,,5,,,,,,37.0,8,6,22.0,,13.0,,6,5,,,6,6,6,9.0,6,6,22.0,0,6,6,7,,7,7,6,4,7,,,6,5.0,,,,,,,,29.0,,19.0,,6,5,10.0,12.0,6,0.0,13.0,6,8.0,7.0,,,,22.0,4,8.0,,,,27.0,7.0,29.0,5,34.0,,29.0,,6,30.0,31.0,12.0,,2,,8.0,35.0,,13.0,6,,,6,15.0,,,,,,23.0,,,,7,,,,103,10
7,7,6,6,5,5,6,7,7,8,7,7,7,5,7,7,6,6,7,6,6,6,8,6,7,7,7,7,6,7,6,7,7,7,8,6,7,8,7,7,7,6,6,9,6,7,6,6,7,9,8,5,8,7,6,4,3,6,0,6,7,7,6,5,6,6,7,6.0,7,7,7,8,7.0,7,6,8,7,7,7,6,6,6,5,0,5,6,5,6,7,6,7,7,7,6,7,7,6,8,8,7,7,7,7,7,8,5,6,6,7,12.0,25.0,25.0,8,6,6,6,7,7,7,8,8,5,8,7,7,7,6,7,3,5,7,5,6,6,7,7,7,6,0,7,7,7,6,6,7,6,7,6,7,8,7,7,6,6,6,7,8,7,6,7,5,7,6,6,7,6,5,7,6,6,6,7,6,6,6,8,7,6,8,5,6,7,8,6,5,8,7,7,7,7,6,6,6,7,6,7,7,6,7,4,7,6,40.0,6,7,7,4,7,6,6,2,5,6,8,6,6,7,7,6,8,7,7,7,6,8,7,6,8,7,7,7,7,7,6,6,7,6,7,7,7,7,7,7,3,7,7,7,9,7,6,7,7,5,7,6,6,6,8,7,8,8,7,7,7,8,8,8,9,7,6,7,3,7,7,8,7,11.0,8,6,11.0,6,6,4,6,7,6,6,7,6,,6,7,7,8,7,7,5,8,8,8,7,6,7,6,6,6,6,7,7,7,7,7,7,8,7,25.0,7,8,6,8,7,7,8,7,8,7,7,7,8,6,38.0,7,8,5,8,8,7,7,6,7,6,8,7,7,8,7,7,8,7.0,8,8,6,7,7,9,6,7,7,8,8,7,7,6,6,8.0,6,4,6,7,,7,6,7,5,8,6,7,7,8,7,8,8,,,8,8,,8,8,7,8,8,7,6,8,7,8,8,,7,7,5,7.0,8,6,6,8,8,6,7,8,6,6,7,26.0,15.0,,7,7,6,5,7,4,7,5,7,7,6,8,8,6,7,33.0,7,6,8,35.0,7,7,36.0,7,6,7,7,6,3,6,8,7,,6,9,7,6,7.0,4,20.0,7,7,7,7,8,7,,6,8,7,7,7,8,8,8,32.0,6,6,33.0,,8,7,27.0,6,6,7,6,7,7,6,9,9,7,7,8,6,6,6,6,8,8,5,8,9,9,8,9,7,9,5,11.0,7,7,8,8,,6,9,7,8,8,5,8,6,8,29.0,8,,8,6,7,8,7,7.0,7,7,6,,9.0,8,7,11.0,32.0,9.0,7,8,7,7,7,6,7,6,7,7,8,5,30.0,8.0,8,16.0,7,10,21.0,7,,7,7,7,9,7,10.0,7,7,8,7,7,8,31.0,9,7,7,,8,0,8,,35.0,9,5,7,8,7,8,39.0,8,7,19.0,,21.0,8,6.0,7,9,6,8,,39.0,22.0,,7,8,11.0,7,7,4,30.0,,6,11.0,16.0,9,,16.0,8,,22.0,9,13.0,,8,14.0,32.0,,26.0,,,6,,,7,,8,7,7,8,7,28.0,0.0,8,23.0,,7,8.0,4,7,9,,,7,7,8,0,7,7,7,,12.0,7,8,,9,,27.0,8,8,,8,,24.0,7,9,,,,7,,,10.0,7,25.0,27.0,6,8,8,,,,19.0,8,8,8,27.0,7,12.0,,7,16.0,,,27.0,8,0,22.0,21.0,13.0,,8,7,28.0,8,22.0,8,12.0,8,13.0,17.0,,6,11.0,19.0,14.0,29.0,16.0,8.0,6,7,,,19.0,8.0,8,8,,7,24.0,8,37.0,10.0,,,,,8,,15.0,8,14.0,,,,,,8,8,27.0,40.0,,10.0,26.0,9.0,,31.0,10.0,,,8,,14.0,,9.0,,,22.0,18.0,10.0,17.0,30.0,9.0,7,9,19.0,27.0,26.0,6,8,,6,8,,7,8,,8,,2,29.0,8,8,,28.0,6,,7,13.0,,,7,34.0,,22.0,10.0,,34.0,,8,31.0,37.0,21.0,12.0,7,,7,24.0,,12.0,9,12.0,,21.0,,6,29.0,,6,8,,,,,24.0,8.0,29.0,31.0,8.0,13.0,,8,39.0,,0.0,,30.0,,,6,,6.0,8,,33.0,7,10.0,,,,25.0,7,8.0,,22.0,7,,13.0,,5,,0.0,14.0,,7.0,17.0,8,8,18.0,,31.0,29.0,9,7,,,7,7,9,9.0,6,8,,8,8,8,9,,9,8,8,6,9,24.0,,8,,,20.0,10.0,,,,,9.0,,11.0,,7,6,9.0,25.0,8,29.0,,8,8.0,16.0,,,,31.0,6,25.0,,,19.0,12.0,,,6,23.0,,6.0,,8,14.0,,14.0,17.0,8,,,,,19.0,8,12.0,39.0,7,,,,,,,0.0,,,,8,,,,104,10
8,9,9,10,9,9,9,10,10,11,9,10,10,8,8,9,9,9,9,9,9,9,11,9,10,10,10,9,9,9,9,10,10,10,10,8,9,10,10,10,10,8,9,12,9,10,9,7,10,0,11,9,10,9,10,10,10,10,9,10,8,6,8,9,7,8,10,11.0,9,9,10,10,,10,9,11,10,10,9,9,9,9,8,9,6,10,8,9,10,10,10,10,10,8,8,5,9,10,10,10,10,10,11,9,10,9,9,8,10,,,41.0,10,8,9,9,9,10,10,11,10,8,6,9,10,10,10,9,8,8,0,9,9,5,10,10,10,9,10,10,10,9,8,9,10,9,10,9,10,9,9,10,9,9,9,9,10,9,10,10,8,10,9,9,10,9,8,3,5,9,9,9,8,9,9,11,9,9,9,9,8,8,10,8,9,11,10,9,10,10,10,9,11,11,10,10,9,9,9,8,9,9,30.0,9,8,9,8,9,10,9,9,8,7,10,9,9,10,10,9,9,10,9,8,9,10,10,9,10,10,10,10,8,7,9,10,10,9,10,10,11,11,11,10,10,10,9,11,11,10,9,9,10,9,9,9,9,9,5,9,10,11,10,10,9,10,11,10,11,10,9,10,10,10,10,11,9,14.0,5,9,,7,9,7,8,8,9,9,10,10,18.0,8,9,9,11,9,9,9,11,11,10,9,9,10,9,10,10,9,10,9,10,10,10,10,10,10,19.0,10,10,9,11,9,9,11,10,11,10,9,10,11,9,32.0,10,11,9,11,11,8,10,9,9,9,11,7,9,10,10,9,10,11.0,10,10,9,9,9,11,9,9,9,9,11,10,9,9,10,,9,9,9,9,28.0,10,9,10,9,11,9,9,7,8,8,9,10,9.0,23.0,10,10,17.0,10,7,9,9,10,10,9,10,9,10,10,29.0,6,10,9,19.0,9,9,9,11,10,10,9,10,9,10,9,17.0,,14.0,8,10,9,9,10,8,10,6,9,4,9,11,10,9,9,15.0,10,8,12,16.0,10,9,10.0,8,9,10,9,10,9,11,11,10,,8,12,10,9,,10,13.0,9,9,10,10,11,10,,9,11,10,10,7,10,10,11,,9,9,27.0,19.0,11,9,,9,10,9,4,10,10,9,12,12,10,10,10,10,6,9,9,11,10,9,10,11,11,11,12,10,12,10,11.0,10,9,11,10,11.0,10,12,8,12,12,9,11,10,9,23.0,10,,9,7,10,11,10,11.0,9,10,9,,21.0,11,10,28.0,,21.0,10,9,9,9,10,9,10,10,10,10,10,10,,20.0,11,17.0,10,12,24.0,10,,9,10,10,12,11,25.0,9,10,11,10,9,10,30.0,10,9,10,,11,10,10,,15.0,12,10,11,10,10,10,10.0,11,0,,,16.0,10,25.0,11,11,9,10,,27.0,25.0,,10,11,,11,9,9,12.0,11.0,9,15.0,12.0,11,10.0,,10,,0.0,12,,,0,41.0,,32.0,17.0,,,11,,14.0,10,30.0,11,10,10,11,10,13.0,11.0,10,10.0,,11,15.0,10,10,11,,,10,10,10,11,10,10,10,,,10,11,,11,0.0,29.0,11,10,,10,,,10,12,17.0,,32.0,10,,,15.0,10,33.0,10.0,10,11,11,,31.0,,,13,10,11,20.0,11,16.0,,8,30.0,,26.0,27.0,10,11,16.0,,29.0,,0,10,21.0,11,11.0,10,24.0,10,12.0,18.0,,10,21.0,12.0,37.0,18.0,39.0,17.0,9,9,24.0,,9.0,15.0,11,11,,9,29.0,11,30.0,25.0,,,,18.0,11,,33.0,11,12.0,0.0,16.0,,,,9,10,,22.0,,37.0,,25.0,,14.0,10.0,,,11,,29.0,,14.0,17.0,,18.0,18.0,13.0,26.0,20.0,12.0,11,12,,26.0,36.0,9,10,,10,9,13.0,11,11,14.0,11,29.0,8,31.0,10,11,,,11,,10,11.0,,,10,12.0,,36.0,25.0,,26.0,22.0,7,16.0,10.0,40.0,33.0,10,,9,,36.0,,0,,,22.0,,9,22.0,,9,10,,,,,37.0,,19.0,,23.0,,,9,35.0,21.0,,,,17.0,,10,,32.0,11,,,11,,,17.0,,,10,14.0,,16.0,10,,25.0,,10,,,32.0,,,24.0,11,9,,,35.0,18.0,11,10,,,7,9,11,24.0,11,10,39.0,11,10,11,12,,12,12,11,9,12,12.0,29.0,9,,,,21.0,,19.0,,,37.0,,,,10,10,11.0,17.0,11,28.0,10.0,11,12.0,11.0,,,,13.0,10,37.0,,38.0,20.0,,,24.0,9,41.0,,,,10,12.0,11.0,12.0,17.0,10,,19.0,20.0,0.0,26.0,11,,23.0,11,12.0,,,,,,,,,21.0,12,,,,105,10
6,6,5,5,5,4,3,6,6,7,5,6,5,4,3,5,5,4,5,5,5,5,7,5,6,6,6,6,5,3,5,5,6,6,6,5,5,6,2,6,6,5,5,8,5,6,5,5,5,7,6,5,6,5,5,3,6,5,4,6,6,5,4,5,5,5,5,3.0,5,5,6,7,10.0,6,5,6,6,5,6,5,5,5,4,4,3,4,2,5,6,5,3,5,6,5,6,6,4,3,5,5,4,6,4,6,6,4,5,4,5,7.0,3.0,,6,5,4,4,5,6,6,7,6,3,7,6,5,5,6,6,5,5,6,5,5,5,6,5,6,5,6,6,6,5,5,5,6,5,6,5,7,7,6,6,5,5,5,5,7,6,5,5,4,6,5,5,6,5,4,6,5,5,5,5,4,4,5,7,6,5,6,6,5,6,6,4,5,4,2,5,5,5,5,4,6,6,5,6,6,6,6,6,6,5,13.0,6,6,6,6,6,6,5,5,4,5,6,5,5,6,6,5,6,6,5,5,5,7,6,5,6,6,6,5,6,5,5,0,6,5,6,6,6,6,6,4,5,6,5,7,7,6,5,6,6,2,5,5,5,5,6,4,6,6,5,6,5,6,7,7,7,6,5,6,5,3,6,6,6,14.0,6,6,39.0,5,5,4,4,6,5,6,6,5,,4,6,5,6,6,5,5,7,7,6,5,5,6,5,6,6,5,6,3,6,5,5,5,6,5,,6,0,5,7,6,6,7,5,7,6,5,5,6,5,,6,7,4,7,7,6,6,5,6,5,7,5,6,7,6,6,6,6.0,7,7,6,6,5,7,5,5,5,6,7,6,5,5,6,26.0,5,5,5,5,16.0,6,5,5,5,5,4,6,5,7,6,6,7,33.0,,7,6,,6,6,5,6,7,7,3,4,6,7,6,16.0,6,6,5,,6,2,5,7,6,5,6,7,3,5,6,13.0,26.0,28.0,5,6,5,5,5,5,5,5,6,5,5,7,6,2,6,37.0,6,4,7,32.0,6,5,13.0,6,5,5,1,0,6,7,7,6,,5,8,6,5,23.0,5,7.0,6,5,5,5,7,5,,5,7,6,0,6,0,6,6,,4,1,24.0,,3,2,9.0,5,5,6,6,6,3,5,7,6,5,6,7,5,4,5,5,6,7,5,6,7,0,7,8,6,8,5,34.0,6,5,7,7,13.0,5,7,6,7,7,5,6,5,7,8.0,6,,6,5,6,8,6,19.0,5,6,0,7.0,9.0,6,4,18.0,16.0,12.0,6,6,4,5,6,5,6,6,6,6,6,5,27.0,10.0,7,15.0,6,8,6.0,6,,6,5,6,8,7,19.0,6,5,7,6,6,6,26.0,8,6,6,,7,0,7,,10.0,8,6,6,6,6,6,28.0,7,6,8.0,,,6,18.0,6,7,5,6,,10.0,,,6,7,14.0,6,6,3,12.0,,5,23.0,27.0,6,11.0,23.0,7,,19.0,5,26.0,,7,,20.0,,12.0,8.0,,7,,17.0,6,,6,6,6,4,6,17.0,28.0,6,19.0,,6,,5,6,8,,,6,5,6,7,6,6,6,,9.0,6,7,,7,17.0,,7,6,,6,17.0,,6,8,,,15.0,6,26.0,16.0,,6,11.0,,6,7,7,,9.0,,11.0,9,6,3,6.0,6,13.0,,6,14.0,,17.0,7.0,7,7,12.0,,13.0,38.0,6,5,13.0,7,18.0,6,14.0,7,15.0,12.0,,6,14.0,,9.0,16.0,12.0,10.0,5,5,17.0,,24.0,18.0,7,7,,6,7.0,6,16.0,8.0,,,,21.0,7,14.0,5.0,6,18.0,,8.0,,,,7,7,39.0,,,23.0,14.0,37.0,,28.0,21.0,,,7,,27.0,,11.0,,,,34.0,6.0,7.0,11.0,9.0,6,8,21.0,30.0,26.0,6,6,12.0,5,6,30.0,6,7,14.0,7,21.0,5,19.0,4,7,,29.0,6,,6,7.0,,,6,,,9.0,,,21.0,37.0,6,8.0,19.0,38.0,28.0,6,,6,,39.0,,8,24.0,,,21.0,5,27.0,,5,6,,,,,7.0,17.0,8.0,12.0,,17.0,,7,30.0,14.0,,,6.0,30.0,,6,,23.0,7,,38.0,7,9.0,,0.0,,7.0,6,10.0,,30.0,6,,13.0,,6,,,,,9.0,32.0,8,7,,,,,7,6,,,7,6,6,19.0,7,6,,7,6,7,8,,8,8,7,4,8,29.0,10.0,7,12.0,,21.0,,,,,,,,,,6,5,,24.0,7,19.0,32.0,7,,33.0,,,,,5,28.0,,,25.0,18.0,18.0,36.0,6,9.0,,35.0,,6,,,,8.0,0,,13.0,7.0,,20.0,7,22.0,23.0,6,,,,,,,,,,6.0,7,,,,106,10
5,4,5,5,5,4,5,5,5,6,5,5,3,4,5,5,5,4,5,3,5,4,6,4,0,5,5,5,4,5,4,4,5,4,5,4,5,4,3,5,5,1,4,8,4,5,5,5,5,7,6,5,6,5,6,5,6,5,4,6,4,5,3,4,4,5,6,22.0,5,5,5,6,9.0,6,4,6,6,4,5,5,4,4,3,4,4,5,2,4,5,5,5,6,6,5,2,4,5,6,5,5,5,6,6,5,6,3,4,3,5,25.0,,6.0,6,5,4,4,5,6,6,7,6,3,6,5,5,0,6,5,4,4,5,5,5,5,6,5,6,5,6,6,6,5,3,5,5,4,5,1,6,6,5,5,4,4,4,5,6,5,5,5,4,5,5,4,5,3,3,5,5,3,4,5,4,4,5,6,6,5,6,5,4,5,3,4,0,6,5,5,5,5,5,5,6,6,5,6,5,5,3,4,4,4,,4,5,5,5,5,5,5,4,4,0,6,5,5,5,5,5,6,6,5,5,5,6,5,4,5,5,3,5,5,5,4,5,6,5,5,6,6,6,6,5,5,5,5,7,7,6,4,5,5,4,3,2,4,4,6,4,6,5,5,6,5,6,6,0,7,5,4,6,5,5,6,6,5,10.0,6,5,20.0,4,5,4,4,5,5,5,6,2,27.0,4,5,4,6,6,3,0,6,6,6,5,5,5,4,5,5,5,6,4,5,5,5,5,6,5,,5,6,5,7,5,5,6,5,6,5,5,0,6,4,12.0,5,7,4,7,7,4,5,5,5,4,6,0,5,7,6,5,5,8.0,6,6,5,2,4,7,4,5,5,6,6,5,5,4,5,17.0,4,4,4,5,26.0,6,4,5,5,7,5,5,4,6,5,5,5,,32.0,6,6,,5,5,5,5,6,6,2,6,5,4,6,23.0,6,5,5,12.0,6,4,4,7,6,5,5,6,5,5,6,12.0,,,5,5,4,4,5,2,6,4,6,5,4,6,6,4,5,,5,2,7,,5,5,25.0,5,4,6,5,5,5,5,6,6,,4,7,6,4,14.0,5,20.0,6,5,4,5,6,5,,5,6,5,5,5,6,6,6,7.0,4,4,,11.0,7,5,16.0,5,5,5,5,5,6,5,7,7,5,4,6,5,4,4,4,6,6,5,6,7,7,7,8,5,8,5,18.0,5,5,6,6,5.0,5,7,5,7,7,4,5,5,7,20.0,6,,6,5,6,7,6,35.0,4,5,4,30.0,12.0,6,6,34.0,5.0,,6,6,5,4,5,4,6,5,5,5,5,5,10.0,11.0,6,,6,8,,5,,6,6,6,8,7,0.0,5,5,7,6,5,6,31.0,7,5,6,,6,5,6,,21.0,8,5,6,5,5,3,6.0,6,4,4.0,,18.0,6,23.0,6,7,5,6,,,,,5,6,37.0,6,5,5,15.0,11.0,3,33.0,32.0,7,19.0,,6,,,7,32.0,,6,,9.0,,6.0,16.0,,7,,,6,6.0,6,5,5,6,5,10.0,,6,24.0,,6,19.0,3,5,7,,,5,5,6,7,5,5,5,,,5,6,,7,27.0,20.0,6,6,,6,15.0,19.0,6,7,15.0,,15.0,5,7.0,9.0,12.0,5,37.0,,6,7,7,,11.0,,12.0,9,6,6,11.0,6,11.0,19.0,5,21.0,,6.0,6.0,7,7,,,13.0,,6,5,16.0,6,23.0,6,9.0,6,6.0,4.0,,6,36.0,,12.0,,,,4,5,9.0,,7.0,,6,6,,5,7.0,6,18.0,,,,,15.0,6,,12.0,6,9.0,,25.0,,,,5,6,34.0,13.0,,22.0,,,,,19.0,,,6,,7.0,,14.0,28.0,,14.0,,16.0,8.0,6.0,10.0,6,7,10.0,21.0,15.0,6,6,36.0,5,6,,6,6,28.0,6,20.0,4,13.0,6,7,,17.0,6,,5,6.0,,,6,10.0,,8.0,18.0,,19.0,18.0,6,,12.0,11.0,17.0,6,,6,,29.0,32.0,7,33.0,,12.0,,4,,,4,6,,,,,13.0,36.0,28.0,28.0,16.0,7.0,,6,,17.0,,,21.0,,,5,,8.0,6,,,7,,,8.0,,29.0,5,32.0,,,5,,,,6,,0.0,,,10.0,15.0,7,6,22.0,,,10.0,7,6,,,6,5,7,25.0,7,6,,7,6,6,7,,8,7,6,4,7,16.0,18.0,6,14.0,,12.0,11.0,,19.0,,,7.0,,4.0,,6,3,27.0,19.0,6,9.0,9.0,6,14.0,24.0,,,,28.0,5,22.0,,11.0,10.0,26.0,10.0,5.0,6,9.0,,9.0,,6,23.0,22.0,,8.0,6,,,15.0,,23.0,7,21.0,,6,11.0,,,,,,13.0,,,6.0,7,,,,107,10
6,5,5,5,5,5,5,5,6,6,5,5,2,4,5,5,4,4,4,5,4,4,6,5,6,6,6,5,1,5,5,5,6,6,6,3,5,6,5,4,5,4,5,8,4,5,5,5,5,7,5,5,6,5,6,5,6,5,4,6,5,2,4,4,4,5,6,,5,5,5,6,,6,5,6,6,5,5,5,5,3,0,4,4,6,4,4,5,5,5,6,6,5,5,5,5,6,6,5,5,6,6,5,6,4,4,4,5,,16.0,,6,3,4,4,4,6,5,7,6,3,6,5,5,3,6,5,4,4,5,5,5,5,6,6,6,5,6,6,6,5,4,5,6,4,6,5,6,6,5,5,4,5,5,5,6,5,5,5,3,5,5,3,5,4,1,5,4,4,4,5,4,5,5,7,6,5,6,5,4,5,5,4,4,6,5,5,5,5,5,5,6,6,5,6,6,6,5,5,6,5,26.0,5,6,6,5,5,4,5,4,4,4,6,4,5,6,6,5,6,6,5,3,3,6,5,5,5,5,5,5,5,5,5,2,6,5,6,6,6,6,6,5,5,5,5,7,7,6,4,5,5,4,5,4,4,4,6,5,6,6,5,0,3,6,6,4,7,5,4,0,5,6,6,6,6,27.0,6,4,14.0,1,5,3,3,5,5,5,6,5,16.0,4,5,5,6,6,3,4,6,6,6,4,4,5,4,5,5,5,6,5,6,5,5,5,6,5,19.0,5,6,5,7,5,5,7,6,6,6,5,5,6,3,10.0,5,6,4,7,6,5,5,5,5,4,4,5,5,7,5,5,2,,6,6,5,6,5,7,2,1,5,6,6,6,5,4,5,15.0,4,4,4,5,8.0,6,4,5,5,6,5,3,4,5,5,5,6,,22.0,6,6,26.0,5,5,5,5,6,6,4,6,5,6,4,13.0,5,5,5,10.0,6,4,4,4,6,5,5,6,5,5,5,,21.0,,5,5,4,3,5,5,5,4,5,4,5,6,6,5,5,11.0,6,4,7,9.0,6,5,24.0,5,5,6,5,6,5,6,6,6,,3,7,6,3,19.0,5,25.0,6,5,5,5,7,5,,5,5,5,5,6,6,6,6,,4,4,38.0,23.0,7,5,8.0,5,5,5,5,5,6,1,7,7,5,5,6,5,4,4,5,6,6,5,6,6,5,7,7,5,7,5,40.0,5,3,6,6,11.0,5,7,5,7,7,2,6,5,7,20.0,6,,0,5,6,7,6,27.0,5,6,4,,12.0,6,5,26.0,13.0,6.0,6,6,5,5,6,5,6,5,5,5,5,5,10.0,11.0,6,24.0,6,8,17.0,5,,6,6,5,8,7,6.0,5,6,7,6,5,6,26.0,7,5,6,,7,6,6,,40.0,8,6,6,6,5,6,28.0,6,5,31.0,,7.0,6,22.0,6,7,5,6,,,15.0,,5,6,11.0,6,5,0,37.0,,5,,30.0,7,20.0,,6,,27.0,7,,,6,39.0,8.0,,9.0,7.0,,7,,16.0,5,,6,5,5,6,6,,17.0,6,10.0,,6,34.0,5,5,7,,,5,5,6,6,5,6,5,,40.0,5,6,,7,16.0,6.0,6,6,,6,,9.0,6,7,20.0,,6.0,5,26.0,,31.0,5,25.0,,6,7,7,0.0,27.0,,32.0,9,4,6,10.0,6,15.0,,5,15.0,,,17.0,6,6,19.0,10.0,20.0,,6,5,10.0,6,9.0,6,21.0,6,26.0,6.0,,6,17.0,5.0,22.0,0.0,17.0,18.0,5,5,,,26.0,23.0,6,6,,6,19.0,7,,9.0,,,,0.0,6,9.0,6.0,7,,,22.0,,,,6,7,,8.0,,36.0,33.0,,,25.0,10.0,,,7,,5.0,,,26.0,,7.0,12.0,,33.0,38.0,,6,7,22.0,,,5,6,,5,6,10.0,6,6,,6,16.0,4,15.0,6,7,,23.0,6,,5,25.0,,,6,33.0,,16.0,32.0,,18.0,14.0,6,11.0,,22.0,,6,,6,,27.0,12.0,7,15.0,,20.0,6.0,4,,,5,6,,,,,,38.0,36.0,24.0,19.0,35.0,,7,25.0,14.0,,,8.0,,,6,,4.0,7,,0.0,7,38.0,,28.0,,10.0,5,11.0,,,5,,7.0,,6,,,11.0,,15.0,6.0,7,6,11.0,,,23.0,6,4,,,6,6,7,15.0,7,6,,7,6,7,8,,8,8,7,2,7,14.0,40.0,6,0.0,,8.0,9.0,,31.0,,,29.0,,30.0,,6,5,23.0,,7,,24.0,6,9.0,33.0,,,,,5,22.0,,,6.0,29.0,33.0,13.0,6,17.0,,16.0,,6,,23.0,,20.0,5,,18.0,,,,6,,25.0,6,15.0,,,,,,39.0,,,28.0,7,,,,108,10
5,4,4,4,4,4,4,5,5,6,4,4,4,3,4,4,4,1,4,4,4,3,5,4,5,5,5,4,3,4,4,4,5,5,4,4,4,5,5,4,5,3,4,7,4,4,4,4,4,6,6,4,3,4,5,5,4,5,4,5,5,4,2,2,4,2,5,17.0,4,4,5,6,35.0,5,0,5,5,4,4,4,4,3,1,3,4,4,3,3,5,4,5,5,5,4,4,4,4,6,5,5,5,5,5,5,5,3,3,2,4,20.0,23.0,29.0,5,4,1,3,4,5,5,6,5,3,5,4,5,5,5,4,3,3,4,4,4,0,5,5,5,4,5,5,5,4,3,4,5,4,4,4,6,5,5,5,3,4,4,4,5,5,3,4,3,4,4,4,5,1,3,4,3,3,4,4,3,4,4,6,5,5,5,3,4,5,5,3,4,6,4,4,4,4,4,4,5,5,5,3,5,4,4,4,5,4,9.0,4,5,4,4,5,4,4,4,3,3,5,4,4,5,5,4,5,5,4,4,4,6,5,3,5,4,5,4,4,4,4,4,5,4,5,5,5,5,5,4,3,5,4,6,6,5,3,5,5,2,4,3,3,3,5,4,5,4,4,5,4,5,5,5,6,5,4,5,4,5,5,5,3,7.0,5,4,17.0,3,4,3,3,5,4,4,5,4,38.0,3,4,4,5,5,4,4,6,6,5,4,4,5,3,4,4,4,5,4,5,4,5,5,5,0,6.0,5,5,4,6,4,5,6,5,5,5,3,4,5,0,24.0,5,6,1,5,6,4,4,4,5,2,6,4,5,6,4,4,5,11.0,5,5,4,5,4,7,4,2,4,5,6,5,4,2,4,33.0,3,3,3,4,21.0,5,4,4,4,6,4,5,4,6,5,5,5,,8.0,6,6,27.0,5,5,5,5,6,6,4,5,5,6,5,9.0,4,4,4,15.0,5,4,3,6,6,5,4,5,4,4,4,9.0,20.0,13.0,4,5,3,3,4,4,5,3,5,4,4,6,5,4,5,37.0,5,0,6,18.0,5,4,12.0,4,3,5,4,5,4,6,5,5,,3,6,5,4,4.0,5,13.0,5,1,4,4,6,4,,4,6,5,4,5,5,5,5,36.0,4,4,,5.0,6,4,7.0,4,5,4,2,5,5,3,7,6,4,4,5,4,3,4,4,5,5,4,5,6,6,6,7,5,7,4,,5,4,6,5,11.0,4,6,4,6,6,4,5,4,6,,5,,5,4,5,7,5,,3,5,3,8.0,18.0,5,5,,12.0,24.0,5,0,4,4,5,4,5,4,5,4,5,4,,17.0,5,7.0,5,7,4.0,5,0.0,4,5,5,7,6,,3,5,6,3,4,5,12.0,6,3,5,,6,4,5,,33.0,5,5,6,5,4,5,15.0,6,3,7.0,,17.0,5,4.0,5,6,4,5,,11.0,,,4,6,2.0,5,4,4,23.0,,4,15.0,16.0,6,,5.0,5,,11.0,6,,,5,6.0,18.0,27.0,,6.0,,6,,36.0,5,37.0,6,4,4,5,5,34.0,,5,,,5,0.0,2,5,6,,,5,5,5,6,4,5,5,,17.0,5,6,,6,6.0,41.0,5,5,,5,36.0,6.0,5,6,12.0,,34.0,5,6.0,14.0,,4,,,5,6,6,,,,8.0,6,5,6,35.0,5,18.0,5.0,4,,,20.0,,6,4,10.0,,7.0,20.0,5,2,,5,,5,6.0,6,,,,5,36.0,7.0,,35.0,14.0,9.0,4,4,6.0,,20.0,5.0,6,5,,5,41.0,6,,,,,,5.0,5,,4.0,6,16.0,,,,,,5,5,12.0,20.0,,13.0,6.0,7.0,,12.0,,,,6,,15.0,,17.0,22.0,,33.0,11.0,25.0,,5.0,,5,6,23.0,18.0,,5,5,0.0,4,5,,5,6,11.0,6,,3,14.0,5,6,,0.0,5,,4,,,,5,16.0,,13.0,9.0,,8.0,23.0,5,41.0,26.0,,36.0,5,,5,,8.0,15.0,6,,,5.0,6.0,4,36.0,,3,5,,,,,16.0,15.0,11.0,,37.0,30.0,,6,15.0,12.0,,,29.0,,,5,,35.0,6,,7.0,6,23.0,,41.0,,4.0,3,36.0,,31.0,4,,,,5,,,25.0,,5.0,11.0,6,5,6.0,,40.0,36.0,6,5,,,4,5,6,25.0,6,4,9.0,6,5,6,7,,7,7,6,4,6,13.0,12.0,5,16.0,,6.0,,,23.0,,,10.0,,6.0,,5,4,14.0,12.0,6,11.0,6.0,4,15.0,25.0,,,,,4,,,,23.0,7.0,5.0,16.0,3,,,26.0,,5,6.0,,19.0,26.0,5,,,9.0,,,6,20.0,8.0,5,30.0,,,,,,,,,17.0,6,,,,109,10
8,8,7,7,7,7,8,8,8,9,7,7,8,7,8,8,7,7,7,7,7,5,8,7,8,8,9,8,6,8,7,8,8,8,8,7,7,8,8,8,8,7,7,10,7,8,7,8,8,9,8,8,9,8,8,8,8,0,7,8,8,8,6,7,6,7,8,29.0,7,7,8,9,18.0,8,7,9,9,8,8,7,7,7,6,4,7,8,6,7,8,7,0,8,8,7,8,8,7,9,8,8,8,8,9,8,9,0,7,6,8,27.0,44.0,,9,7,5,6,7,8,8,10,9,6,9,8,8,8,8,8,6,5,8,7,7,7,8,8,8,7,8,8,8,7,7,7,9,7,8,7,9,9,8,8,7,7,7,7,9,8,7,7,6,8,8,7,8,7,5,8,7,7,7,8,7,3,7,9,8,8,9,8,7,8,9,6,7,9,8,7,8,8,8,6,9,8,8,8,8,7,8,8,9,7,,7,8,8,8,8,8,5,7,7,7,9,7,7,8,8,8,8,8,7,7,7,9,8,7,8,8,0,8,8,8,7,7,8,6,8,8,9,8,8,8,7,8,8,10,10,9,6,7,8,7,6,7,7,7,0,7,8,8,8,8,8,9,9,9,10,8,7,8,8,8,6,9,8,11.0,9,7,13.0,7,7,6,7,8,7,8,8,8,,7,8,8,8,8,8,7,8,9,8,7,7,7,7,8,8,7,9,8,8,8,8,8,9,8,,8,9,7,9,8,9,9,8,9,8,7,8,8,7,,8,9,7,10,9,8,8,7,8,7,9,8,8,10,8,8,9,14.0,9,9,8,8,7,10,7,7,7,9,9,8,8,7,7,28.0,6,2,7,8,,8,7,7,8,9,7,8,7,9,8,9,9,9.0,,9,9,,8,9,8,8,9,9,7,9,8,9,8,,8,5,2,28.0,8,7,7,9,9,8,8,8,7,8,8,12.0,25.0,,7,8,7,7,8,8,8,7,8,7,7,9,9,7,8,20.0,8,6,10,9.0,8,7,0.0,8,7,8,8,8,8,9,9,8,0.0,7,10,9,7,39.0,8,8.0,8,7,8,8,8,7,,8,9,8,8,8,8,9,9,34.0,7,6,22.0,42.0,9,5,25.0,7,8,8,8,8,8,7,10,10,6,7,9,8,7,7,7,9,9,8,9,10,10,9,8,8,10,3,,8,7,9,7,11.0,7,9,8,10,10,7,9,6,9,,9,,9,7,9,10,7,,7,8,7,9.0,18.0,8,8,,12.0,44.0,8,6,7,7,8,7,9,7,8,8,7,8,23.0,19.0,9,30.0,8,8,44.0,8,,8,8,8,10,10,24.0,8,8,10,8,8,9,15.0,10,7,8,,9,8,9,,22.0,10,8,9,8,8,8,30.0,9,8,30.0,,11.0,9,18.0,9,9,2,9,,,,,8,9,8.0,8,8,8,22.0,11.0,8,30.0,,8,,33.0,9,,12.0,9,11.0,,8,29.0,43.0,,26.0,37.0,,9,,28.0,8,26.0,9,7,8,9,8,34.0,40.0,8,20.0,,8,9.0,8,8,10,,,8,8,8,9,8,8,8,,,8,9,,9,,,9,8,,9,24.0,8.0,8,10,38.0,,44.0,8,25.0,19.0,18.0,8,,,8,10,9,,38.0,,0.0,9,9,9,27.0,9,27.0,15.0,8,26.0,,32.0,15.0,8,10,,,40.0,,9,8,26.0,9,19.0,9,16.0,9,11.0,34.0,,8,,25.0,22.0,27.0,29.0,42.0,7,8,25.0,,,,9,7,,8,18.0,9,31.0,,,,,8.0,9,33.0,18.0,9,29.0,,22.0,,,,9,9,,,,,36.0,10.0,,14.0,,,,9,,9.0,,21.0,,,9.0,,14.0,32.0,22.0,,9,10,22.0,37.0,13.0,8,8,26.0,7,8,22.0,9,9,,9,,7,22.0,9,9,,,9,,8,9.0,,,8,,,39.0,0.0,,12.0,43.0,8,,12.0,,11.0,8,,9,,,26.0,10,,,,22.0,7,7.0,,7,9,,,,,22.0,25.0,16.0,21.0,13.0,17.0,,9,34.0,,,,12.0,25.0,,8,,34.0,9,,,9,14.0,,18.0,,,8,9.0,,34.0,8,,13.0,,8,,,10.0,,40.0,14.0,10,9,31.0,,21.0,22.0,10,8,,,9,9,10,19.0,9,9,39.0,9,9,0,10,,10,9,9,7,9,16.0,34.0,9,8.0,,25.0,27.0,,33.0,,,13.0,,8.0,,8,6,18.0,8.0,9,29.0,15.0,9,19.0,9.0,,,,,7,10.0,,16.0,22.0,25.0,8.0,11.0,8,17.0,,34.0,,9,,10.0,24.0,18.0,9,,9.0,12.0,,10.0,9,15.0,,8,28.0,,,,,,20.0,,,43.0,10,,,,110,10
10,9,7,3,7,2,8,9,9,10,9,3,0,9,9,9,9,8,9,9,9,9,10,9,10,10,10,10,9,10,9,9,10,10,10,9,10,10,10,10,10,9,9,11,9,7,8,9,9,11,10,9,10,10,8,8,8,5,7,0,10,9,7,8,8,9,9,8.0,9,9,10,10,30.0,10,9,10,10,9,9,9,9,8,8,8,8,10,8,8,9,8,9,7,10,9,10,9,8,10,10,9,9,10,9,9,8,8,8,7,9,20.0,15.0,39.0,10,9,8,8,9,10,10,11,10,8,10,9,9,9,9,10,9,8,9,8,8,9,10,10,10,8,8,9,9,8,8,9,10,8,10,9,11,10,10,10,9,9,5,9,10,9,9,9,6,9,8,7,8,9,8,9,9,9,9,10,8,9,8,10,10,10,10,9,7,9,10,8,9,10,9,9,9,9,9,9,1,8,7,8,10,10,10,9,10,8,,7,10,10,9,10,7,9,9,8,8,9,9,9,5,10,9,10,10,9,9,9,11,10,9,10,10,10,9,9,9,9,9,10,9,9,9,10,10,10,9,9,10,9,10,11,10,8,10,10,7,9,9,9,8,10,9,10,10,9,10,9,9,8,10,10,10,8,7,8,8,9,9,10,26.0,5,9,9.0,9,8,8,8,4,8,8,10,9,29.0,9,10,9,10,10,9,9,11,0,10,9,9,9,8,9,8,9,10,9,10,0,10,10,11,9,,10,10,9,10,9,9,9,0,9,10,9,9,10,9,10.0,10,10,8,10,10,10,10,9,10,9,11,8,10,11,10,10,10,16.0,10,10,9,10,8,11,9,9,9,10,4,5,9,9,9,21.0,9,9,9,9,11.0,10,8,9,9,11,9,9,9,10,9,10,10,35.0,34.0,10,10,23.0,10,10,9,10,8,10,7,10,9,10,10,17.0,10,9,9,14.0,10,8,8,10,10,7,9,10,8,3,10,,,12.0,9,10,8,9,9,9,9,8,10,9,9,7,9,8,9,10.0,10,8,11,,10,9,15.0,8,9,10,10,10,9,9,9,3,,8,11,9,9,13.0,9,21.0,10,9,9,9,0,9,,9,11,9,9,10,9,10,10,26.0,9,8,19.0,,10,9,13.0,9,8,10,10,10,10,9,11,10,9,9,11,9,9,8,9,10,10,9,10,10,11,10,11,8,11,9,19.0,9,8,10,10,22.0,9,11,9,8,9,9,10,8,11,28.0,10,,10,9,10,11,10,22.0,9,9,6,21.0,15.0,10,10,39.0,10.0,9.0,10,10,9,9,10,8,10,9,9,9,10,9,13.0,14.0,10,39.0,10,11,,10,,10,10,9,10,10,11.0,10,1,10,9,7,9,14.0,11,10,10,,10,10,10,,10.0,12,9,10,10,9,10,,8,10,,,18.0,10,37.0,10,11,8,10,,29.0,,,9,10,10.0,10,6,9,34.0,,9,26.0,35.0,11,,,10,,11.0,10,10.0,,10,,11.0,24.0,27.0,20.0,,10,,,10,17.0,10,9,9,10,10,12.0,23.0,0,18.0,,9,26.0,9,10,10,,,9,9,10,11,9,10,10,,,10,10,,10,13.0,32.0,10,10,,10,17.0,16.0,8,11,,,37.0,10,,33.0,37.0,10,36.0,,9,11,10,,19.0,,11.0,13,10,10,11.0,10,39.0,29.0,10,17.0,,22.0,13.0,11,11,0.0,22.0,11.0,25.0,11,7,,10,,10,11.0,10,9.0,22.0,,9,17.0,39.0,27.0,12.0,,34.0,9,9,19.0,,15.0,16.0,11,10,,10,,10,36.0,9.0,,,,23.0,10,14.0,,11,23.0,,39.0,,,,10,11,12.0,12.0,,16.0,14.0,32.0,,19.0,,,,11,,24.0,,,,,,20.0,,,38.0,,9,11,15.0,12.0,8.0,8,10,37.0,7,10,16.0,9,11,24.0,10,16.0,8,,10,10,,,8,,9,34.0,,,8,18.0,0.0,29.0,16.0,,15.0,,9,27.0,16.0,14.0,12.0,8,,10,15.0,23.0,10.0,11,37.0,,,28.0,8,,,4,10,,,,,12.0,39.0,18.0,29.0,15.0,36.0,,11,27.0,30.0,,,37.0,26.0,,8,,,11,,10.0,10,20.0,,20.0,,11.0,10,19.0,,,9,,35.0,,10,,,16.0,,14.0,24.0,11,10,26.0,,18.0,33.0,11,10,,,10,10,11,17.0,9,11,34.0,10,10,10,12,,11,11,11,8,10,10.0,18.0,10,9.0,,24.0,10.0,,14.0,,,,,,,9,9,8.0,18.0,11,29.0,22.0,10,10.0,,,,,,9,,,10.0,14.0,,31.0,,0,12.0,,31.0,,10,,22.0,,17.0,10,,,19.0,,13.0,11,17.0,25.0,9,12.0,,,,,,21.0,,,27.0,10,,,,111,10
5,5,4,4,4,4,4,5,5,6,5,5,5,4,4,5,4,4,5,4,4,4,6,4,5,5,5,5,3,5,3,4,5,5,5,1,4,5,5,5,5,4,5,6,4,2,0,5,5,7,6,4,5,5,5,5,5,5,4,5,5,5,3,4,4,3,5,34.0,5,5,5,6,,6,5,6,6,4,5,5,4,3,3,4,3,5,0,3,4,5,5,5,5,4,5,5,4,6,5,5,5,5,5,5,5,4,4,3,5,34.0,,14.0,6,4,3,4,4,5,4,6,6,3,6,5,5,5,5,5,3,1,5,4,4,4,5,5,5,4,5,5,5,5,3,5,5,4,5,4,6,5,5,5,4,4,4,4,5,4,5,5,3,2,4,4,5,4,4,5,4,4,4,5,4,4,2,6,5,5,5,4,1,5,5,4,4,6,4,4,5,5,5,4,6,5,5,5,4,5,5,5,6,4,10.0,5,5,5,5,5,4,4,4,4,4,6,4,4,5,0,5,5,6,4,4,5,6,5,4,5,5,5,5,5,4,4,5,5,4,5,5,6,6,6,5,5,5,4,7,7,6,3,5,5,4,4,4,4,3,6,4,6,6,4,5,3,6,6,6,7,5,4,3,5,5,5,5,5,35.0,6,4,5.0,4,5,3,3,5,4,5,5,5,39.0,4,5,5,6,5,4,4,6,6,6,4,4,5,4,5,5,4,6,5,5,5,5,5,6,4,8.0,5,4,4,6,2,5,6,5,6,5,4,5,6,4,15.0,5,7,2,6,6,5,5,4,5,4,6,5,5,6,2,5,5,,6,5,0,5,4,7,4,4,4,6,6,5,5,4,1,9.0,2,4,4,5,9.0,5,3,5,5,6,4,5,4,5,5,5,5,5.0,,6,6,,5,5,0,5,6,6,4,5,5,6,3,19.0,5,5,3,24.0,5,4,4,5,6,5,5,5,3,5,5,12.0,13.0,32.0,4,5,4,4,5,5,5,4,5,4,4,2,5,4,5,,5,3,7,16.0,5,4,13.0,5,4,0,5,5,5,6,6,5,,3,7,6,4,,5,,4,4,5,5,6,5,,5,6,5,5,5,6,5,6,,4,4,11.0,12.0,6,3,8.0,5,5,4,4,5,5,2,7,7,4,4,6,5,4,4,4,6,6,5,6,7,7,6,7,5,7,4,,5,5,6,5,,5,7,5,7,7,4,6,5,6,16.0,6,,6,5,5,7,6,10.0,0,5,4,4.0,8.0,6,5,17.0,4.0,6.0,5,5,5,4,5,4,5,4,5,5,6,4,4.0,7.0,6,,5,8,8.0,5,,5,5,5,7,7,6.0,5,5,7,5,2,6,15.0,6,5,5,,6,5,6,,,7,5,6,4,5,5,7.0,6,5,34.0,,6.0,5,,6,6,4,6,,11.0,17.0,,5,6,11.0,6,5,5,38.0,37.0,5,9.0,,7,39.0,20.0,6,,41.0,7,14.0,,6,22.0,36.0,19.0,,,,6,,13.0,5,40.0,6,5,5,6,5,,7.0,5,18.0,,0,5.0,5,5,7,,,5,5,6,6,5,5,5,,42.0,5,4,,7,17.0,24.0,6,6,,3,12.0,,5,7,23.0,,,5,22.0,20.0,,5,9.0,29.0,5,6,7,,33.0,,,8,6,6,41.0,6,23.0,42.0,5,,,,,6,7,32.0,5.0,18.0,,6,5,10.0,6,17.0,6,18.0,6,,,,5,,,33.0,36.0,,15.0,5,4,42.0,,29.0,7.0,6,6,,6,40.0,6,23.0,10.0,,,,42.0,6,,18.0,0,,,7.0,,,,6,6,,20.0,,22.0,22.0,10.0,,36.0,33.0,,,6,,40.0,,7.0,26.0,,16.0,,30.0,,9.0,10.0,6,6,,6.0,28.0,5,5,41.0,1,5,28.0,6,6,13.0,6,6.0,4,13.0,6,7,,40.0,6,,5,15.0,,,5,,,,13.0,,37.0,28.0,5,9.0,17.0,13.0,41.0,5,,6,8.0,8.0,7.0,6,,,12.0,26.0,4,15.0,,4,6,,,,,35.0,,13.0,9.0,5.0,20.0,,6,8.0,6.0,,,4.0,26.0,,5,0.0,,6,,37.0,6,14.0,,26.0,,39.0,5,22.0,,38.0,5,,8.0,,5,,,24.0,,34.0,,7,6,34.0,,26.0,8.0,7,5,,,6,5,7,27.0,6,5,33.0,6,6,6,7,,7,7,6,2,7,22.0,30.0,6,,,5.0,,,20.0,,,32.0,,30.0,,6,5,7.0,12.0,6,,21.0,6,6.0,11.0,,,,22.0,5,27.0,,,39.0,23.0,9.0,35.0,5,15.0,,,,6,,15.0,15.0,30.0,6,,,27.0,,,6,34.0,,6,19.0,,,,,,10.0,,,5.0,7,,,,112,10
7,7,6,7,6,4,6,7,7,8,6,7,7,6,6,7,6,6,6,6,6,5,7,6,7,7,7,6,4,6,6,6,7,7,7,6,6,7,7,7,7,0,6,10,6,7,6,6,4,9,8,6,6,6,7,7,7,7,6,7,7,7,5,6,3,6,7,9.0,6,7,7,8,23.0,7,6,7,7,7,7,6,6,6,4,6,6,7,6,6,7,6,7,7,7,6,7,7,5,8,7,7,7,7,8,7,8,5,6,4,7,,,25.0,8,6,4,2,6,7,7,8,6,5,7,2,7,5,7,6,5,5,7,6,6,5,7,6,4,6,7,7,7,6,6,6,7,6,7,6,6,7,7,5,6,6,6,6,7,7,7,7,5,6,6,6,7,5,3,7,6,5,5,6,6,6,6,8,7,7,7,6,6,7,7,6,6,8,7,6,6,7,7,6,8,8,7,7,7,7,7,7,6,6,24.0,6,7,7,6,7,7,6,6,6,5,8,6,5,7,7,6,7,7,6,6,6,8,7,6,7,6,7,6,5,6,6,6,7,6,7,7,8,8,8,7,7,7,6,9,9,7,5,7,6,6,6,6,6,6,8,6,7,8,6,2,5,7,8,8,9,7,6,7,7,7,7,8,7,,7,6,23.0,6,7,5,5,7,6,7,7,7,,6,7,7,8,7,7,6,8,8,8,6,6,6,6,7,7,6,7,6,7,7,7,7,8,6,32.0,7,7,6,8,7,7,8,7,8,7,6,6,7,6,13.0,7,9,5,8,8,6,6,5,6,5,8,6,7,8,5,7,0,20.0,7,8,6,7,7,9,6,6,6,8,8,7,6,6,6,6.0,6,6,6,7,,7,5,7,7,9,6,7,6,8,7,7,8,0.0,,8,8,39.0,8,8,7,7,8,8,6,8,7,8,7,23.0,7,7,7,30.0,7,6,6,8,8,7,7,7,6,7,7,,,30.0,6,7,6,3,7,6,6,6,7,6,6,8,6,5,7,,7,6,9,7.0,6,0,,5,6,7,6,7,7,6,8,7,,6,8,8,6,,6,9.0,7,6,7,6,8,7,,6,8,7,7,7,6,7,8,32.0,6,6,13.0,39.0,8,7,40.0,7,7,5,7,7,7,5,9,9,6,6,7,6,6,6,5,8,7,7,8,9,9,9,9,7,10,7,25.0,7,6,8,7,,7,8,7,9,7,6,8,7,8,37.0,8,,8,7,7,9,8,30.0,6,7,6,10.0,9.0,8,7,29.0,27.0,40.0,7,8,7,7,5,6,7,6,7,7,7,7,15.0,6.0,8,,7,9,17.0,7,,7,7,7,9,9,31.0,7,7,8,7,7,8,,8,7,7,,8,7,8,,29.0,9,7,8,7,7,7,15.0,8,5,10.0,,,7,25.0,8,8,6,8,,,,,7,8,11.0,8,7,3,21.0,,7,43.0,8.0,9,20.0,8.0,8,,21.0,6,26.0,,8,0.0,43.0,,35.0,36.0,,8,,34.0,7,32.0,8,6,7,8,7,,22.0,7,16.0,,7,8.0,7,6,8,,,7,7,7,8,7,7,7,,18.0,7,8,,9,25.0,12.0,8,7,,7,,,7,6,7.0,,21.0,7,20.0,32.0,19.0,7,,,8,9,8,,30.0,,14.0,10,8,8,15.0,8,12.0,29.0,7,16.0,,,18.0,6,9,23.0,26.0,30.0,31.0,7,0,38.0,8,,6,24.0,8,15.0,,,7,,8.0,39.0,18.0,,43.0,6,6,28.0,,7.0,0.0,7,8,,7,31.0,8,26.0,19.0,,,,42.0,8,,11.0,8,6.0,,11.0,,,,7,8,19.0,39.0,,16.0,30.0,23.0,,23.0,,,,8,,14.0,,18.0,34.0,,31.0,24.0,18.0,29.0,23.0,20.0,8,9,23.0,31.0,34.0,7,8,8.0,7,6,,8,7,27.0,8,15.0,5,38.0,7,8,,,8,,7,12.0,,,7,0.0,,21.0,36.0,,35.0,9.0,7,,11.0,37.0,43.0,7,,7,32.0,15.0,8.0,8,,,41.0,7.0,6,,,6,7,,,,,10.0,29.0,,27.0,15.0,18.0,,8,30.0,30.0,,,9.0,24.0,,7,,,8,,36.0,8,,,,,,7,,,18.0,7,,,,4,,,24.0,,38.0,34.0,0,7,18.0,,21.0,42.0,9,7,,,8,7,8,,8,6,34.0,8,7,8,9,,9,9,8,6,9,38.0,,7,17.0,,34.0,,,15.0,,,,,9.0,,8,7,16.0,30.0,8,6.0,,8,17.0,39.0,,,,40.0,7,23.0,,,,17.0,29.0,35.0,7,15.0,,10.0,,7,32.0,,,6.0,7,,18.0,13.0,0.0,10.0,7,33.0,16.0,8,,,,,,,,,,25.0,9,,,,113,10
5,5,5,5,5,5,5,4,6,7,5,5,5,5,4,5,4,4,5,4,5,4,6,4,6,6,6,5,4,5,5,5,6,6,6,5,5,6,5,5,5,4,5,8,5,4,5,5,5,7,6,5,6,5,6,6,6,6,5,6,6,5,3,5,4,5,6,16.0,5,4,6,6,,5,4,0,6,5,5,5,2,4,3,2,4,5,4,4,6,5,5,6,6,5,5,5,4,7,6,6,6,6,6,5,6,4,4,3,5,8.0,8.0,,6,5,4,4,4,6,4,7,6,3,6,5,5,6,6,5,0,4,6,5,5,5,6,5,5,5,6,6,6,5,4,5,6,5,5,4,6,6,6,5,3,5,5,5,6,6,5,5,4,5,5,5,5,4,4,5,5,4,4,5,5,5,5,7,6,5,6,5,5,6,6,4,4,7,5,4,5,2,5,5,7,6,6,6,5,4,5,0,5,4,27.0,2,4,5,3,2,5,5,3,4,4,6,5,4,6,6,4,6,5,4,2,5,6,3,5,5,5,5,5,5,5,5,5,6,5,4,6,6,6,6,5,5,6,5,7,7,6,3,6,5,5,0,5,4,4,6,5,5,6,5,6,5,6,6,6,7,5,5,5,5,6,6,6,6,27.0,6,5,4.0,4,5,4,4,6,5,6,5,5,6.0,5,6,5,6,6,5,4,6,6,6,5,5,6,4,5,5,5,6,5,5,3,5,3,6,0,3.0,3,5,4,7,6,6,7,6,7,6,5,6,6,4,13.0,6,7,4,7,7,5,5,5,3,4,6,5,6,7,6,6,6,7.0,7,6,5,6,5,8,5,5,5,6,5,6,5,5,5,,4,4,2,5,41.0,5,5,5,5,7,5,6,4,6,6,6,6,14.0,,7,6,21.0,6,6,5,6,7,7,5,6,3,7,6,,6,5,5,,6,5,4,7,6,6,5,6,5,6,6,7.0,17.0,7.0,3,5,5,4,5,5,5,4,6,5,0,6,6,5,5,19.0,6,2,7,6.0,5,5,31.0,5,5,6,4,6,5,6,6,6,,5,7,6,5,10.0,5,26.0,6,5,4,5,7,5,,5,6,6,5,6,6,6,6,8.0,5,4,,10.0,7,5,13.0,5,6,5,5,6,5,5,7,6,5,5,6,5,5,4,4,6,6,5,6,7,7,7,8,6,8,5,12.0,5,5,7,6,,5,7,6,8,8,5,6,6,7,13.0,6,,6,5,6,8,6,39.0,5,6,4,,15.0,6,5,,5.0,,6,6,5,4,6,4,6,5,5,5,3,6,13.0,14.0,6,36.0,6,8,12.0,5,,6,6,6,8,7,21.0,5,6,7,6,5,6,6.0,7,5,0,,7,6,5,,,8,6,7,6,5,6,25.0,7,3,36.0,,18.0,6,8.0,6,7,5,6,,27.0,,,5,7,,7,6,5,27.0,,5,23.0,15.0,7,,31.0,6,,28.0,7,,,6,,13.0,,,22.0,,7,,17.0,6,11.0,7,5,5,6,6,10.0,11.0,6,11.0,,6,24.0,5,6,7,,,6,5,6,7,6,6,5,,,5,6,,7,,,6,6,,6,23.0,19.0,6,7,,,,5,12.0,30.0,13.0,5,7.0,27.0,6,7,7,,26.0,,8.0,9,6,7,15.0,6,29.0,40.0,6,,,6.0,24.0,7,7,38.0,,25.0,28.0,0,5,9.0,6,,6,26.0,6,18.0,32.0,,6,41.0,6.0,21.0,7.0,,13.0,5,5,17.0,,15.0,,6,6,,5,26.0,6,,29.0,,,,11.0,6,,11.0,7,15.0,,10.0,,,,5,6,24.0,19.0,,,,,,,11.0,,,7,,10.0,,6.0,0.0,,11.0,12.0,35.0,7.0,14.0,21.0,7,6,29.0,,10.0,6,6,7.0,5,6,11.0,7,6,6.0,6,20.0,4,14.0,6,7,,,7,,5,8.0,,,6,12.0,,,,,,21.0,6,29.0,33.0,,,6,,6,30.0,8.0,,7,12.0,,11.0,10.0,5,35.0,,5,6,,,,,21.0,17.0,13.0,20.0,24.0,27.0,,7,7.0,10.0,,,,,,6,,16.0,7,,27.0,7,23.0,,12.0,,21.0,4,0.0,,6.0,5,,11.0,,6,,,17.0,,,5.0,8,5,11.0,,7.0,38.0,7,6,,,5,5,7,14.0,7,5,,7,5,6,8,,8,7,7,4,7,21.0,,6,8.0,,31.0,23.0,,32.0,,,15.0,,,,6,5,9.0,6.0,7,28.0,31.0,6,10.0,15.0,,,,19.0,5,24.0,,18.0,16.0,7.0,,7.0,6,,,41.0,,6,16.0,40.0,29.0,27.0,6,,6.0,13.0,,9.0,7,18.0,10.0,6,12.0,,,,,,16.0,,,27.0,8,,,,114,10
9,9,9,9,9,8,8,9,10,11,9,9,9,8,9,9,8,9,9,9,9,8,10,9,10,10,10,9,8,9,9,9,10,10,10,9,9,10,10,9,9,8,9,12,9,9,9,9,0,11,10,9,10,9,9,9,0,9,8,9,9,9,8,8,8,9,10,0.0,9,9,10,10,12.0,10,9,10,10,9,9,9,9,8,8,8,7,10,8,8,9,9,9,8,10,9,9,9,9,11,10,9,9,10,10,9,10,8,8,8,9,,9.0,12.0,10,8,8,5,9,9,9,11,10,8,10,9,10,10,10,9,6,7,9,9,9,8,10,9,10,9,9,10,9,9,8,9,10,9,9,8,10,10,9,9,9,9,9,9,10,9,9,7,7,9,9,9,9,8,8,9,9,6,9,9,8,9,8,10,10,9,10,9,9,9,8,8,9,11,9,9,9,9,9,9,10,10,9,10,9,9,9,9,9,9,21.0,9,6,9,8,9,9,9,8,8,5,10,9,9,10,9,9,10,10,9,9,8,10,10,8,9,9,9,9,9,2,9,9,10,9,9,9,10,10,10,9,9,9,9,11,11,10,6,9,10,8,9,9,9,8,10,9,9,10,9,10,6,10,9,10,11,9,9,10,9,9,10,10,9,,10,9,27.0,3,9,9,7,5,9,9,10,8,45.0,9,0,9,10,1,9,8,10,10,10,9,8,9,7,9,9,9,10,7,10,9,10,10,10,9,21.0,9,10,8,11,9,6,10,10,10,10,9,9,10,9,12.0,10,11,8,11,11,9,9,9,10,8,11,9,10,11,10,9,9,11.0,10,10,9,10,9,12,9,9,9,10,11,10,9,9,8,14.0,8,9,8,9,22.0,10,8,9,9,11,9,9,8,10,0,9,10,14.0,37.0,7,10,41.0,9,9,9,9,10,10,8,10,9,10,9,32.0,10,9,9,14.0,10,9,8,11,10,9,7,10,9,9,10,,30.0,28.0,9,9,8,8,9,8,9,8,9,9,9,10,10,8,9,31.0,10,8,11,,10,9,12.0,9,9,10,9,9,9,10,10,10,,8,11,10,9,34.0,9,,9,9,9,9,10,9,,9,10,10,9,10,10,10,10,27.0,9,9,,,11,9,37.0,9,9,9,9,10,10,8,12,11,7,9,9,9,8,8,9,10,10,8,10,11,11,11,12,10,12,9,26.0,10,9,11,10,,9,11,9,11,11,9,10,9,10,,10,,10,9,9,11,10,21.0,9,10,8,22.0,15.0,10,10,20.0,17.0,16.0,10,10,9,0,10,9,9,9,9,9,10,9,35.0,14.0,10,12.0,10,12,46.0,9,,9,10,10,12,11,28.0,8,10,11,10,9,10,37.0,11,9,10,,11,9,10,,,12,10,10,10,9,10,17.0,10,9,12.0,,23.0,10,9.0,10,11,8,10,,46.0,,,7,10,35.0,10,9,9,12.0,11.0,9,20.0,31.0,11,14.0,10.0,8,,27.0,11,,,10,26.0,,23.0,15.0,28.0,,11,,11.0,10,15.0,11,9,9,10,10,41.0,19.0,10,20.0,,10,,9,9,11,,,10,10,10,10,9,10,10,,24.0,8,10,,11,11.0,10.0,10,10,,10,29.0,13.0,9,11,,,26.0,10,13.0,,21.0,9,10.0,,10,11,11,,,,,12,10,10,28.0,10,17.0,30.0,9,,,14.0,36.0,10,11,10.0,30.0,21.0,13.0,10,10,16.0,10,19.0,9,18.0,10,,,,9,38.0,13.0,33.0,29.0,12.0,,9,9,14.0,,17.0,14.0,10,10,,10,35.0,10,18.0,23.0,,,,,10,17.0,18.0,11,42.0,,39.0,,,,10,10,,22.0,,,17.0,14.0,,10.0,11.0,,,11,,26.0,,0.0,,,45.0,,16.0,37.0,,0.0,10,11,33.0,27.0,40.0,9,10,12.0,8,7,37.0,10,10,9.0,10,,8,30.0,10,11,,,10,,9,,,,10,22.0,,,16.0,,,,10,19.0,12.0,42.0,,10,,10,28.0,,25.0,11,10.0,,29.0,34.0,9,20.0,,9,10,,,,,24.0,15.0,34.0,14.0,26.0,43.0,,11,14.0,,,,41.0,23.0,,9,,,11,,,10,38.0,,22.0,,11.0,10,12.0,,21.0,9,,12.0,,10,,,12.0,,,39.0,10,8,,,,22.0,10,7,,,7,9,11,,11,10,,11,10,10,11,,12,11,0,7,11,,29.0,10,13.0,,34.0,23.0,,36.0,0.0,,,,,,10,9,15.0,9.0,11,25.0,28.0,10,16.0,,,,,,9,17.0,,36.0,14.0,44.0,43.0,9.0,9,30.0,,,,10,15.0,35.0,14.0,36.0,10,,36.0,41.0,,,11,31.0,24.0,10,,,,,,,,,,35.0,11,,,,115,10
6,6,0,5,5,4,6,6,6,7,6,6,6,5,6,5,5,5,5,6,5,5,7,5,6,6,7,6,5,6,6,6,6,6,7,5,6,7,6,6,6,5,5,7,5,6,5,6,6,8,7,6,7,6,6,6,6,6,4,6,6,5,4,5,5,5,6,25.0,5,5,6,7,16.0,7,5,7,7,6,6,6,5,5,4,5,5,6,5,4,6,6,6,6,6,5,6,6,6,7,6,6,6,6,7,6,6,5,3,3,6,17.0,19.0,22.0,7,5,5,5,6,6,6,8,7,5,7,6,6,6,6,6,3,5,6,5,5,5,6,6,6,5,6,6,6,5,4,6,6,5,3,5,7,6,6,6,5,5,5,5,6,5,5,6,2,6,6,5,6,5,4,6,5,5,4,6,5,5,6,7,5,6,5,5,5,5,6,4,5,6,6,3,3,5,5,5,7,7,6,6,6,6,6,6,6,5,10.0,5,6,6,6,6,5,3,5,5,5,7,6,5,6,6,6,6,0,5,5,6,7,6,5,6,6,6,6,6,6,5,5,6,5,6,6,7,6,7,6,6,6,6,8,8,6,4,6,6,5,5,5,5,5,7,5,6,7,6,6,6,6,7,7,8,6,5,6,6,6,4,7,6,22.0,7,5,25.0,4,5,5,4,6,5,6,6,6,25.0,5,6,6,7,6,5,5,7,7,6,5,5,6,5,6,6,6,7,5,6,6,6,6,7,6,26.0,6,7,5,7,0,5,7,5,7,5,6,6,7,5,31.0,6,8,5,7,7,6,6,5,6,5,7,5,6,7,6,6,6,11.0,6,3,5,6,6,8,5,4,5,7,7,6,6,5,6,12.0,5,5,5,6,,7,5,6,5,8,6,5,4,4,5,6,3,18.0,6.0,6,3,9.0,6,6,6,3,6,6,1,6,5,6,6,26.0,6,6,6,18.0,7,5,5,7,7,6,4,4,6,6,6,18.0,10.0,32.0,6,0,5,5,6,5,5,4,6,6,5,6,6,5,6,,6,4,7,17.0,7,6,25.0,6,5,7,6,6,6,7,5,6,,5,8,7,5,11.0,6,11.0,7,5,5,6,7,6,,5,7,6,6,6,7,7,7,23.0,5,5,17.0,15.0,7,6,,5,6,4,5,6,6,5,8,6,6,4,6,6,3,4,5,7,7,6,7,8,8,8,8,6,8,5,,6,5,7,7,27.0,6,8,6,8,8,5,6,6,7,,7,,7,6,7,8,7,,5,6,4,20.0,9.0,7,6,,14.0,27.0,6,6,5,6,7,5,7,5,6,6,6,6,23.0,8.0,7,22.0,6,9,9.0,6,,7,6,6,8,8,15.0,6,7,8,6,5,7,29.0,7,6,7,,6,6,6,,24.0,8,6,7,7,6,7,21.0,7,2,19.0,,,7,34.0,4,8,0,7,,19.0,,,6,7,27.0,7,6,6,24.0,14.0,0,23.0,,7,31.0,,7,,12.0,7,15.0,,7,30.0,19.0,,21.0,7.0,,7,,6.0,6,23.0,7,4,6,7,7,20.0,,6,33.0,,6,34.0,6,6,8,,,6,6,6,7,6,6,6,,,6,5,,8,20.0,,7,6,,6,8.0,26.0,6,0,23.0,,11.0,6,27.0,35.0,,6,,6.0,7,8,7,,20.0,,,6,7,7,34.0,6,11.0,,6,27.0,,8.0,,7,8,11.0,,13.0,,7,6,,7,32.0,6,7.0,7,8.0,,,6,10.0,19.0,19.0,32.0,,23.0,5,6,,,6.0,,7,7,,6,18.0,7,34.0,,,,,25.0,7,22.0,,7,9.0,,17.0,,,,4,7,24.0,11.0,,18.0,10.0,11.0,,21.0,13.0,,,7,,11.0,,,22.0,,29.0,7.0,7.0,13.0,,19.0,7,8,8.0,28.0,,6,6,25.0,5,7,7.0,7,7,,7,34.0,4,25.0,0,7,,31.0,7,,6,31.0,,,6,21.0,,,30.0,,11.0,,7,17.0,9.0,20.0,6.0,6,,7,,,15.0,7,22.0,,,,5,13.0,,5,7,,,,,29.0,31.0,12.0,5.0,,32.0,,6,12.0,,,,,7.0,,6,,7.0,7,,14.0,7,25.0,,7.0,,11.0,6,33.0,,,6,,25.0,,6,,,,,19.0,20.0,7,7,,,7.0,,8,6,,,7,6,8,32.0,7,7,12.0,7,7,7,8,,8,8,7,5,8,16.0,,6,17.0,,,32.0,,25.0,,,17.0,,32.0,,7,6,15.0,33.0,7,24.0,14.0,7,16.0,11.0,,,,27.0,6,0.0,,19.0,8.0,26.0,,6.0,6,10.0,,5.0,,7,,,18.0,12.0,6,,13.0,,,,7,13.0,25.0,6,,,,,0.0,,11.0,,,23.0,7,,,,116,10
6,4,5,5,5,4,5,6,6,6,5,5,5,5,2,4,5,5,5,5,5,5,5,5,5,6,6,3,5,5,5,5,5,6,6,5,5,6,5,6,5,5,1,8,5,5,5,4,5,7,7,5,6,5,6,6,6,6,5,4,6,4,4,5,4,5,6,5.0,5,5,6,7,23.0,6,5,6,5,6,5,5,5,5,3,4,5,6,0,4,6,5,5,3,4,5,6,6,1,3,6,4,5,5,4,6,6,4,5,4,5,27.0,11.0,,6,5,4,4,4,6,5,6,6,4,6,5,5,5,6,5,4,4,6,5,5,5,6,5,5,5,6,2,5,5,5,5,6,5,6,5,7,6,6,5,5,5,5,5,6,6,5,5,3,5,5,3,5,4,4,6,5,4,4,5,5,5,5,7,6,6,6,5,5,5,6,4,5,6,6,5,5,5,5,5,6,6,6,6,6,6,5,5,6,5,36.0,1,6,6,5,6,5,3,5,5,5,6,5,3,6,6,5,6,6,5,5,5,6,6,5,6,4,5,5,5,5,5,5,6,5,6,6,6,6,6,5,5,6,2,7,7,6,4,6,5,5,5,5,5,5,6,5,6,6,2,6,1,6,6,6,7,5,1,6,5,6,6,6,6,,3,4,20.0,4,5,5,4,5,4,5,6,6,4.0,5,5,4,6,6,5,5,7,7,6,3,4,5,4,6,6,5,6,5,6,5,6,6,6,5,,6,6,3,7,6,6,6,4,7,6,5,5,1,4,34.0,6,7,4,5,0,5,5,5,5,5,7,5,6,7,6,6,6,,7,7,5,6,5,7,5,5,5,6,3,6,0,5,5,14.0,5,5,4,5,15.0,5,5,5,5,7,5,0,5,6,6,4,6,,8.0,7,6,,6,6,6,6,7,6,5,6,5,7,6,,6,6,5,14.0,6,5,4,7,7,6,5,6,5,6,5,28.0,,,4,6,3,4,5,5,5,5,6,5,5,6,5,5,6,,6,4,7,,3,5,7.0,5,5,5,5,5,5,6,6,5,,5,7,0,5,26.0,3,14.0,6,3,0,5,6,6,,5,7,6,6,6,6,6,6,18.0,5,5,26.0,16.0,7,5,9.0,5,6,5,6,6,5,5,7,7,5,5,7,5,5,4,4,4,6,5,6,7,7,7,8,6,7,5,31.0,6,5,7,6,35.0,5,7,5,7,7,5,6,5,7,10.0,6,,6,5,6,5,6,10.0,5,6,2,,13.0,6,6,9.0,7.0,,0,6,5,5,6,5,5,5,6,6,6,6,,14.0,7,6.0,6,8,11.0,5,,6,6,6,8,7,18.0,5,6,7,6,6,6,36.0,7,6,6,,6,3,7,,18.0,8,6,7,6,6,6,,6,6,19.0,,20.0,6,34.0,6,7,5,6,,19.0,,,5,7,16.0,6,5,6,12.0,11.0,5,31.0,10.0,7,6.0,9.0,6,,30.0,7,19.0,,7,,32.0,16.0,8.0,11.0,,7,,0.0,6,20.0,6,5,5,6,6,0.0,19.0,6,18.0,,6,22.0,5,5,7,,,4,6,6,7,6,6,6,,19.0,6,7,,7,,29.0,7,6,,6,,,6,7,20.0,,19.0,6,,,15.0,6,15.0,8.0,6,7,7,,,,30.0,9,6,6,8.0,6,24.0,,5,,,,35.0,7,7,10.0,,9.0,6.0,6,6,20.0,6,17.0,6,9.0,7,17.0,,,6,23.0,7.0,26.0,21.0,,8.0,5,5,11.0,,15.0,24.0,6,6,,6,24.0,7,13.0,27.0,,,,21.0,7,34.0,,6,6.0,,34.0,,,,6,7,35.0,11.0,,,10.0,,,,9.0,,,7,,19.0,,,,,11.0,,8.0,12.0,33.0,12.0,7,8,,26.0,13.0,6,6,28.0,5,6,13.0,6,6,23.0,6,35.0,5,8.0,6,7,,11.0,6,,4,21.0,,,6,,,30.0,10.0,,23.0,8.0,6,25.0,,,6.0,6,,6,19.0,36.0,13.0,8,,,17.0,6.0,5,27.0,,5,6,,,,,,,16.0,17.0,24.0,10.0,,7,7.0,34.0,,,17.0,16.0,,6,,20.0,7,,25.0,7,11.0,,9.0,,17.0,6,36.0,,18.0,5,,16.0,,6,,,23.0,,14.0,25.0,8,6,,,25.0,19.0,7,6,,,6,6,7,11.0,6,6,33.0,7,5,7,8,,0,7,6,5,2,24.0,,6,,,33.0,7.0,,14.0,,,,,31.0,,6,6,22.0,6.0,7,,31.0,6,19.0,,,,,,6,21.0,,11.0,,31.0,17.0,12.0,6,13.0,,22.0,,6,19.0,27.0,9.0,25.0,6,,17.0,10.0,,15.0,7,16.0,,6,30.0,,,,,,34.0,,,34.0,8,,,,117,10
9,8,8,8,8,7,8,7,8,9,5,2,8,8,8,8,8,7,8,7,8,7,9,8,8,7,7,8,7,8,8,7,8,8,8,6,8,8,8,8,0,8,8,10,7,8,8,8,8,10,9,8,9,8,9,9,9,9,7,9,8,8,7,8,6,8,8,23.0,8,8,9,9,19.0,9,8,9,9,8,9,8,8,7,4,7,8,9,6,7,9,8,8,6,6,8,8,8,7,9,9,8,8,9,9,8,8,7,7,7,8,,31.0,20.0,9,8,7,7,5,9,9,9,9,7,8,8,8,9,9,8,7,7,9,8,8,7,9,8,8,8,9,9,8,7,7,7,9,8,9,8,9,9,8,8,5,8,6,8,9,8,8,8,6,8,8,8,9,7,7,8,8,7,7,8,8,7,8,10,9,9,9,8,8,8,6,6,8,10,8,8,8,8,8,8,9,9,9,9,8,9,8,6,9,8,39.0,8,7,9,8,9,8,8,8,7,5,8,8,8,9,9,8,9,9,8,8,8,8,9,8,9,9,8,8,9,8,8,8,8,8,9,9,9,9,9,9,8,9,8,9,9,9,6,7,8,6,8,8,7,7,9,7,9,9,5,8,7,9,6,9,9,8,8,9,8,9,9,9,9,7.0,9,8,,7,8,7,7,9,8,8,9,8,,8,9,8,9,9,8,7,10,10,9,8,8,8,8,9,9,8,9,8,9,8,9,9,9,8,18.0,9,8,8,10,8,8,10,9,9,8,8,8,7,5,28.0,8,8,7,10,10,8,8,8,8,7,10,8,9,10,9,9,9,31.0,9,9,8,9,8,11,8,8,8,8,8,5,8,7,8,,0,7,7,8,44.0,9,7,8,8,9,8,5,7,9,8,9,8,,10.0,9,9,23.0,6,8,8,8,9,0,7,9,8,9,9,45.0,9,8,8,39.0,9,6,8,8,7,9,8,6,8,8,9,29.0,,12.0,8,9,7,8,8,8,8,8,9,5,8,9,9,7,8,,9,7,10,,8,7,33.0,8,8,8,8,9,8,9,8,9,,7,4,8,8,23.0,6,42.0,9,8,8,8,10,8,,8,10,0,8,9,9,8,9,17.0,8,8,,43.0,9,8,40.0,8,9,8,8,8,9,8,9,10,8,8,9,7,8,7,8,4,9,7,8,9,9,9,7,8,9,4,44.0,8,8,9,9,14.0,8,9,9,10,10,7,9,8,10,16.0,9,,8,8,9,10,8,41.0,8,9,7,9.0,,9,9,,22.0,9.0,9,9,8,8,8,8,9,8,6,7,9,9,,,9,14.0,9,10,18.0,8,,9,9,9,10,5,11.0,8,8,8,9,0,8,17.0,10,8,9,,10,9,9,,,10,9,10,9,8,7,17.0,9,8,19.0,,,9,13.0,10,10,8,8,,,32.0,,8,9,9.0,9,8,8,18.0,,8,18.0,19.0,10,16.0,23.0,9,,19.0,10,36.0,,9,16.0,,,49.0,14.0,,10,,27.0,9,12.0,10,9,8,9,9,,,9,15.0,,9,37.0,8,8,10,,,8,9,7,9,9,8,9,,47.0,9,6,,9,,,9,9,,9,,11.0,9,10,25.0,,,8,28.0,15.0,,9,17.0,26.0,9,9,9,,39.0,,31.0,11,9,9,10.0,9,9.0,10.0,8,,,,31.0,10,9,19.0,19.0,30.0,11.0,9,8,0.0,9,14.0,9,31.0,10,,39.0,,9,27.0,45.0,16.0,10.0,11.0,,8,8,14.0,,41.0,16.0,9,9,,9,,10,41.0,41.0,,,,46.0,8,36.0,16.0,10,14.0,,44.0,,,,2,9,33.0,20.0,,27.0,9.0,27.0,,37.0,25.0,,,10,,,,17.0,28.0,,43.0,31.0,18.0,33.0,,19.0,10,10,11.0,,8.0,9,9,11.0,8,9,0.0,9,9,,9,45.0,7,23.0,9,9,,,9,,8,,,0.0,9,15.0,,33.0,12.0,,,20.0,9,21.0,15.0,,33.0,9,,9,,25.0,,10,,,21.0,39.0,8,49.0,,8,8,,,,,11.0,24.0,13.0,23.0,,11.0,,10,,28.0,,,28.0,,,9,,15.0,9,,39.0,8,24.0,,16.0,,21.0,8,21.0,,,7,,22.0,,8,,,19.0,,33.0,,10,9,8.0,,23.0,49.0,9,9,,,9,9,10,19.0,10,9,,10,9,10,11,,11,11,10,8,10,14.0,,0,34.0,,24.0,,,21.0,,,,,22.0,,9,8,21.0,10.0,9,41.0,14.0,9,22.0,,,,,,8,15.0,,17.0,41.0,11.0,,8.0,8,21.0,,18.0,,9,12.0,26.0,27.0,15.0,9,,38.0,14.0,,22.0,9,9.0,11.0,9,9.0,,,,,,34.0,,,19.0,11,0.0,,,118,10
7,6,6,6,5,5,6,6,7,8,6,6,6,0,6,6,4,6,6,6,6,5,7,4,6,7,7,6,5,6,5,6,6,7,7,6,6,7,6,6,6,4,6,9,3,6,6,6,6,7,8,5,7,6,6,6,6,6,6,7,7,5,5,2,4,6,7,10.0,5,6,6,8,7.0,7,6,7,7,6,6,6,6,5,5,5,6,7,5,5,6,6,7,7,6,5,6,6,5,8,7,7,6,7,7,7,7,5,6,5,6,0.0,,,7,6,4,5,5,7,7,7,7,4,7,6,7,7,7,0,5,5,7,6,6,5,6,6,6,4,7,7,7,6,5,6,7,6,7,6,8,7,7,6,6,6,6,6,8,7,6,6,4,6,6,6,6,2,5,6,6,5,5,2,0,6,6,8,7,7,7,6,6,7,7,5,6,8,6,6,6,6,6,6,7,7,6,6,6,6,6,6,3,6,7.0,6,6,7,4,2,6,6,5,5,4,7,6,6,7,7,6,7,7,6,6,6,8,7,6,7,7,6,6,6,6,6,6,7,6,7,7,7,7,7,6,6,7,6,8,8,7,5,7,6,4,6,5,1,5,7,6,7,7,0,6,6,7,7,7,0,7,6,7,6,7,7,7,7,13.0,7,6,,5,4,6,5,7,6,6,7,7,,6,6,6,7,7,6,6,8,8,7,6,6,6,5,6,6,6,7,6,7,6,7,7,8,6,44.0,7,7,6,8,7,7,8,7,0,7,6,6,7,5,33.0,7,8,5,8,8,6,6,6,6,6,8,6,6,8,7,6,7,7.0,7,7,6,7,6,9,6,6,6,6,8,7,6,6,6,,5,6,5,5,30.0,7,6,6,6,8,6,7,6,8,7,7,7,25.0,,8,8,37.0,7,7,7,7,8,8,6,7,6,8,7,22.0,7,6,6,21.0,7,6,5,8,7,6,6,7,5,6,2,,12.0,43.0,6,7,2,5,0,6,6,5,7,6,6,7,7,4,7,,7,5,8,14.0,7,6,7.0,6,6,7,6,7,6,7,7,7,,6,8,7,6,20.0,6,6.0,6,6,6,6,8,6,,6,8,7,7,7,7,7,7,16.0,6,6,,8.0,8,6,32.0,6,6,6,6,7,7,6,9,8,6,6,7,6,6,6,6,7,7,6,7,8,8,8,8,7,9,6,,7,6,7,7,37.0,6,8,6,8,7,6,7,6,8,23.0,7,,7,6,7,6,7,22.0,6,7,5,39.0,22.0,7,6,,19.0,,7,7,6,6,7,6,7,6,7,6,6,4,,21.0,7,14.0,7,9,20.0,7,,7,7,7,9,8,34.0,6,7,7,6,7,7,11.0,8,6,7,,8,6,8,,,9,7,7,7,6,7,,8,7,22.0,,15.0,7,19.0,7,8,6,7,,19.0,,,6,7,,7,6,6,27.0,33.0,6,43.0,44.0,8,,,7,,26.0,8,,,8,11.0,38.0,,17.0,25.0,,8,,33.0,7,43.0,8,7,6,7,7,14.0,10.0,7,9.0,,7,30.0,6,2,8,,,7,7,7,8,6,7,7,,26.0,7,8,,8,26.0,29.0,7,7,,7,41.0,25.0,7,8,,,,7,41.0,38.0,29.0,7,36.0,9.0,7,8,8,,11.0,,9.0,10,7,8,44.0,7,21.0,33.0,7,14.0,,25.0,12.0,8,8,9.0,,38.0,44.0,7,7,,7,,7,9.0,8,24.0,31.0,,6,,,8.0,8.0,28.0,9.0,6,6,16.0,,13.0,,7,7,,7,24.0,8,,24.0,,,,,7,,38.0,8,21.0,,7.0,,,,7,7,9.0,22.0,,,18.0,35.0,,,,,,8,,25.0,,35.0,21.0,,10.0,20.0,13.0,18.0,6.0,16.0,7,8,14.0,8.0,35.0,6,7,6.0,6,7,13.0,6,7,27.0,7,,5,,7,8,,37.0,7,,6,40.0,,,7,23.0,,26.0,24.0,,15.0,,7,,19.0,,26.0,7,,7,7.0,30.0,25.0,8,32.0,,18.0,18.0,6,23.0,,6,7,,,,0.0,22.0,23.0,8.0,35.0,16.0,,,8,10.0,9.0,,,,37.0,,7,,18.0,7,,,8,,,27.0,,15.0,7,30.0,,,6,0.0,14.0,,7,,,8.0,,,10.0,9,7,24.0,,13.0,8.0,8,7,,,7,6,8,24.0,8,7,,8,7,7,8,,9,8,6,5,8,22.0,10.0,7,11.0,,,25.0,,16.0,,,15.0,,40.0,,7,7,11.0,8.0,8,31.0,12.0,7,12.0,14.0,,,,29.0,6,,,13.0,,14.0,16.0,11.0,7,9.0,,,,7,12.0,24.0,21.0,5.0,7,,29.0,23.0,,10.0,8,10.0,19.0,7,,,,,,,28.0,,,41.0,8,,,,119,10
21,21,19,17,19,19,19,21,21,22,20,20,20,19,20,20,20,20,20,20,17,19,20,20,21,21,21,18,19,20,20,20,21,21,21,20,20,21,21,21,20,20,20,23,20,20,18,20,20,22,21,19,21,20,20,20,20,19,16,19,21,21,19,18,20,13,21,25.0,20,20,21,21,18.0,21,20,21,0,21,20,20,20,19,19,17,20,21,18,19,20,19,21,21,11,20,21,21,19,20,21,20,18,19,20,21,21,19,19,19,20,0.0,24.0,,21,20,19,19,20,20,20,22,21,19,21,20,20,20,20,20,19,19,20,20,20,20,21,20,21,19,19,20,20,20,19,20,21,20,21,20,22,21,21,20,20,20,20,20,22,21,20,20,18,20,20,20,20,20,19,20,20,20,20,20,19,19,19,21,21,20,21,20,20,21,21,19,20,21,21,20,20,18,20,20,20,20,20,17,21,16,20,20,21,20,38.0,20,21,21,20,20,20,20,20,19,20,21,20,20,21,19,20,20,21,20,18,20,22,21,20,21,21,21,20,16,20,20,20,21,20,21,20,21,21,21,20,20,21,20,22,22,21,19,21,20,19,20,20,20,20,21,20,17,21,20,21,20,21,21,21,22,21,20,20,20,20,21,21,21,46.0,21,20,39.0,20,19,19,20,21,14,19,21,20,23.0,20,21,20,21,21,20,20,22,21,21,20,17,20,19,20,19,20,21,20,21,20,20,21,22,20,21.0,21,21,19,20,21,21,21,20,22,20,20,20,21,20,38.0,21,22,20,22,21,20,20,20,19,20,22,20,21,22,21,20,21,,21,22,20,21,20,22,20,20,20,21,21,21,20,20,20,,20,19,20,21,,21,19,20,20,22,20,21,20,22,21,21,21,22.0,,22,22,22.0,21,21,21,21,22,22,20,21,21,22,21,29.0,21,20,15,37.0,21,19,20,22,22,19,17,21,18,19,21,36.0,,,19,20,20,19,20,20,20,19,20,20,20,21,21,20,21,,21,19,22,,21,19,24.0,19,20,21,20,20,20,19,21,21,,20,21,21,18,25.0,20,40.0,0,20,20,20,21,20,,20,21,21,20,21,21,21,21,29.0,20,20,,29.0,22,20,26.0,20,20,21,21,21,19,17,23,23,20,20,21,21,20,20,20,21,21,19,21,22,22,22,22,21,23,18,38.0,20,20,20,21,21.0,20,22,20,21,20,20,21,15,22,35.0,21,,21,20,21,23,21,0.0,20,20,18,,28.0,21,20,12.0,36.0,32.0,19,21,20,20,21,20,21,20,20,19,21,19,39.0,29.0,22,26.0,21,23,43.0,21,,20,21,21,23,22,39.0,20,21,22,20,21,20,23.0,22,21,21,,22,20,21,,21.0,23,20,21,21,20,21,52.0,21,21,23.0,,,21,25.0,21,22,20,20,,,51.0,,20,22,0.0,21,20,18,34.0,41.0,20,23.0,,22,52.0,42.0,19,,33.0,22,22.0,,21,31.0,23.0,,50.0,22.0,,21,,29.0,21,35.0,21,20,21,21,21,,,21,23.0,,21,,20,21,22,,,21,21,21,19,20,21,20,,21.0,21,22,,22,38.0,27.0,21,21,,21,52.0,37.0,19,22,51.0,,34.0,20,32.0,,20.0,20,23.0,,20,22,22,,45.0,,20.0,22,21,21,39.0,21,,25.0,21,52.0,,25.0,36.0,22,22,,54.0,23.0,,21,21,34.0,21,22.0,21,22.0,22,,,,20,,51.0,25.0,24.0,30.0,54.0,20,20,,,,33.0,21,21,,21,27.0,22,25.0,34.0,,,,,22,26.0,41.0,21,21.0,,25.0,,,,21,21,0.0,,,,23.0,,,29.0,51.0,,,22,,29.0,,49.0,53.0,,42.0,27.0,,30.0,39.0,,20,23,41.0,23.0,31.0,20,19,38.0,19,21,22.0,16,21,,15,,19,,21,22,,,20,0.0,20,22.0,,,20,51.0,,41.0,54.0,,44.0,22.0,21,44.0,25.0,48.0,33.0,18,,21,29.0,23.0,26.0,23,41.0,,48.0,,20,,,19,21,,,,,37.0,40.0,,23.0,27.0,26.0,,22,52.0,44.0,,,21.0,26.0,,17,,,22,0.0,28.0,19,22.0,,,,,21,35.0,,23.0,20,,,,21,,,36.0,,,39.0,23,21,21.0,,24.0,,22,21,,,21,21,22,39.0,18,22,,21,21,22,23,,23,22,22,20,22,30.0,,21,26.0,,,33.0,,23.0,0.0,,49.0,,35.0,,20,20,38.0,37.0,22,,0.0,22,39.0,37.0,,,,51.0,18,28.0,,34.0,,23.0,21.0,20.0,20,36.0,,26.0,,21,,26.0,42.0,26.0,21,,34.0,23.0,,48.0,20,26.0,,17,,,,,,,26.0,,,30.0,20,,,,120,10
7,6,5,6,5,5,5,6,6,7,6,5,6,1,5,6,0,6,6,5,6,5,7,5,6,6,6,4,5,6,5,6,6,6,6,5,5,7,6,6,6,5,5,8,5,6,5,6,6,8,7,2,7,6,6,6,6,6,5,6,3,6,4,5,4,3,6,13.0,5,2,7,7,33.0,7,6,7,7,6,6,5,5,4,5,5,6,6,4,5,6,6,6,6,6,5,6,6,5,7,7,6,6,7,6,6,7,5,5,4,6,16.0,11.0,35.0,7,5,5,5,5,6,6,7,7,4,7,6,6,6,4,6,4,3,6,6,5,5,7,6,6,5,6,6,6,3,3,6,7,6,7,6,7,7,7,6,6,6,6,6,7,6,5,6,4,6,6,6,4,5,5,6,5,5,5,6,5,5,6,7,6,6,7,6,5,6,7,5,5,7,6,5,6,6,6,6,7,7,6,6,6,6,6,6,6,5,15.0,6,6,4,5,6,6,5,5,2,5,7,5,6,6,7,6,0,7,6,6,6,7,7,6,7,7,6,6,6,5,2,4,6,5,0,0,7,6,6,1,6,6,6,7,7,7,5,7,6,5,6,6,6,5,7,6,7,7,6,7,6,6,7,6,7,7,5,6,6,5,6,7,6,7.0,6,6,,2,6,5,5,6,5,6,6,6,,5,4,6,6,6,6,6,8,7,7,5,6,6,5,6,6,0,7,6,7,6,7,6,7,6,25.0,7,7,6,7,6,7,7,6,7,6,6,6,7,5,23.0,7,7,5,8,8,6,6,6,6,5,8,6,0,8,7,6,7,11.0,5,7,6,7,6,8,6,5,6,6,7,6,6,3,6,21.0,5,5,5,6,25.0,7,5,6,6,7,5,7,6,7,6,7,7,17.0,30.0,7,7,9.0,7,7,7,7,7,5,6,7,6,7,7,13.0,5,6,6,6.0,6,5,5,7,6,6,5,5,6,6,5,26.0,,,6,6,6,5,6,6,6,5,6,4,6,7,7,5,6,8.0,7,4,8,22.0,6,5,13.0,5,5,6,6,7,6,7,7,6,,5,8,6,6,17.0,6,,6,5,6,6,7,6,,6,7,4,6,7,7,6,7,34.0,5,5,,22.0,7,6,8.0,5,6,6,6,6,7,6,8,7,6,6,7,6,5,5,5,6,7,5,5,7,7,7,8,6,8,4,8.0,6,6,7,7,39.0,6,8,4,8,8,5,6,6,6,19.0,7,,6,5,7,8,6,16.0,6,7,5,,10.0,7,7,15.0,,,5,6,6,6,6,6,7,6,6,6,6,6,8.0,9.0,7,12.0,6,7,5.0,6,,6,6,6,6,7,,6,6,7,6,6,6,16.0,8,6,7,,7,3,7,,14.0,8,6,7,6,6,6,26.0,7,6,31.0,,32.0,7,,7,6,6,6,,13.0,,,6,7,,7,6,6,10.0,9.0,6,,18.0,6,14.0,,7,,15.0,6,14.0,,7,10.0,29.0,31.0,12.0,22.0,,6,,20.0,6,,7,6,6,6,7,,10.0,7,8.0,,7,9.0,6,6,8,,,6,6,6,7,6,6,4,,34.0,6,7,,7,27.0,,7,3,,7,,,6,8,7.0,,,7,19.0,,30.0,6,,17.0,7,7,7,,22.0,,33.0,9,7,7,,7,10.0,18.0,6,16.0,,14.0,6.0,8,7,29.0,15.0,15.0,14.0,7,7,9.0,7,6.0,7,16.0,7,13.0,,,6,11.0,6.0,,9.0,30.0,19.0,6,6,24.0,,8.0,6.0,7,5,,7,,7,37.0,,,,,36.0,7,,,8,,,13.0,,,,7,7,25.0,,,28.0,,31.0,,19.0,6.0,,,8,,30.0,,25.0,13.0,,9.0,,8.0,21.0,11.0,21.0,7,8,,28.0,8.0,6,7,,6,6,20.0,7,7,14.0,7,,5,,7,7,0.0,18.0,7,,6,0.0,,,7,18.0,,8.0,,,,17.0,6,11.0,,0.0,12.0,6,,7,20.0,,13.0,8,29.0,,15.0,6.0,5,31.0,,6,7,,,,,14.0,36.0,0.0,10.0,20.0,9.0,,8,,26.0,,,33.0,18.0,,6,,29.0,7,,6.0,7,11.0,,,,39.0,6,14.0,,31.0,6,,,,6,,,10.0,,,32.0,8,7,9.0,,22.0,24.0,7,6,,,7,6,8,18.0,7,6,,7,7,7,8,,9,7,5,5,8,,8.0,7,,,33.0,13.0,,27.0,,,31.0,,9.0,,7,6,14.0,37.0,7,13.0,,7,15.0,22.0,,,,31.0,6,36.0,,,11.0,10.0,14.0,23.0,6,39.0,,,,7,23.0,9.0,12.0,38.0,7,,7.0,24.0,,,7,16.0,29.0,7,,,,,,,40.0,,,15.0,8,,,,121,10
7,7,4,6,6,6,7,7,8,8,7,7,7,6,7,7,6,6,6,6,7,6,8,6,7,7,8,7,6,7,6,7,7,7,8,7,7,8,6,7,7,6,6,9,5,7,7,7,7,8,8,4,8,7,7,7,7,7,6,7,7,7,5,6,3,6,7,14.0,7,7,7,6,15.0,7,7,8,6,7,7,7,7,6,6,6,6,7,5,6,7,5,7,7,2,6,7,7,6,8,8,7,7,7,7,7,8,6,6,5,7,26.0,9.0,,8,6,5,5,6,8,7,8,8,5,8,7,7,7,7,7,6,6,7,6,6,6,8,7,7,6,7,7,7,6,6,7,7,6,7,7,8,8,8,7,6,7,7,7,8,8,6,5,5,5,7,6,7,6,6,7,6,6,4,7,6,6,7,8,7,7,8,7,7,8,8,6,6,8,7,6,7,7,7,7,8,7,6,7,7,4,7,6,7,6,,7,7,7,6,7,7,5,6,6,6,8,7,4,8,7,7,8,8,6,7,7,8,7,6,8,7,7,7,7,3,6,5,7,7,7,6,7,7,7,7,7,7,7,8,8,8,3,8,7,6,7,6,6,6,8,7,8,8,5,8,0,7,8,8,8,7,7,7,7,7,8,8,7,,8,7,30.0,1,7,6,5,6,6,7,8,7,34.0,2,7,7,8,7,7,7,6,8,8,6,6,7,6,7,7,6,8,7,7,7,7,7,8,7,28.0,7,8,6,8,7,8,8,7,8,7,7,7,8,5,39.0,8,8,6,9,9,7,7,7,7,6,8,7,8,9,8,7,8,14.0,8,8,7,8,7,9,6,6,7,5,8,7,7,6,7,14.0,6,4,6,7,,7,6,7,0,8,6,8,6,8,8,8,8,9.0,29.0,9,8,19.0,8,7,8,8,9,8,7,8,7,9,8,13.0,7,7,7,35.0,8,6,4,8,8,7,7,8,6,7,7,41.0,31.0,32.0,7,7,6,6,7,7,6,6,7,6,7,8,8,7,7,40.0,8,6,9,12.0,7,6,,6,7,7,7,7,7,8,8,8,,7,9,8,7,,7,7.0,5,7,7,7,8,7,,7,8,7,7,8,8,8,8,32.0,7,6,,25.0,8,7,,7,7,7,7,6,7,6,9,8,7,7,8,0,6,6,6,8,8,6,7,8,8,8,9,7,9,6,22.0,7,7,8,8,31.0,7,9,7,6,8,6,8,7,9,,8,,7,7,7,9,8,0.0,6,7,6,32.0,8.0,8,8,41.0,38.0,,7,8,7,7,7,6,7,7,7,7,8,7,29.0,10.0,8,12.0,7,10,12.0,7,,7,7,7,9,8,7.0,7,7,7,7,7,8,10.0,9,7,7,,9,7,8,,,7,7,8,8,7,7,23.0,8,7,10.0,,20.0,8,,8,9,7,8,,0.0,,,7,8,39.0,8,7,7,13.0,20.0,7,33.0,18.0,9,12.0,33.0,8,,,8,27.0,,8,,15.0,,13.0,,,8,,41.0,7,11.0,8,7,7,8,8,21.0,16.0,7,9.0,,6,24.0,7,7,9,,,7,7,8,8,7,7,7,,9.0,7,7,,9,34.0,,7,8,,8,16.0,38.0,4,9,,,11.0,7,,24.0,7.0,8,36.0,24.0,7,8,8,,41.0,,30.0,8,8,8,32.0,8,,0.0,7,41.0,,15.0,10.0,9,9,22.0,7.0,15.0,,8,0,38.0,8,39.0,8,9.0,8,17.0,33.0,,7,,25.0,32.0,22.0,37.0,27.0,7,7,17.0,,,6.0,8,8,,8,34.0,8,,,,0.0,,33.0,8,14.0,,8,29.0,,,,,,8,8,16.0,12.0,0.0,31.0,7.0,29.0,,20.0,15.0,,,9,,24.0,,12.0,,,10.0,14.0,,,7.0,10.0,8,8,22.0,,,7,8,,6,8,,8,8,29.0,8,,6,36.0,8,8,,14.0,7,,7,23.0,,,7,10.0,,28.0,,,,21.0,5,30.0,21.0,,,7,,7,12.0,12.0,24.0,9,26.0,,16.0,15.0,7,18.0,,6,8,,,,,,8.0,,12.0,21.0,15.0,,8,,40.0,,,25.0,40.0,,7,,8.0,8,,24.0,8,17.0,,27.0,,10.0,7,30.0,,24.0,7,,,,7,,,14.0,,,13.0,9,8,12.0,,28.0,8.0,8,7,,,7,7,6,15.0,8,8,17.0,8,6,8,9,,10,9,8,7,9,9.0,15.0,5,13.0,,30.0,16.0,,17.0,,,8.0,,20.0,,8,7,,19.0,8,21.0,7.0,8,,28.0,,,,,7,,,12.0,11.0,39.0,,28.0,7,,,8.0,,7,27.0,38.0,16.0,35.0,7,,0.0,12.0,,,8,37.0,10.0,7,,,,,,,17.0,,,31.0,9,,,,122,10
7,6,6,6,6,6,6,4,7,7,6,6,6,5,6,6,6,5,6,6,6,3,6,5,7,7,7,6,5,6,6,6,6,7,6,6,6,7,6,7,6,5,5,8,4,6,6,6,3,8,8,6,7,6,6,7,7,6,6,7,6,6,5,6,2,6,6,,6,6,7,8,29.0,7,6,6,7,6,6,6,6,5,5,5,6,6,5,4,6,6,6,7,6,6,6,3,3,8,7,7,6,7,7,6,7,5,5,4,6,6.0,,,7,3,5,4,6,7,6,8,7,5,7,6,6,7,7,6,5,5,7,6,6,6,7,6,6,6,7,6,6,6,5,6,7,6,7,0,7,7,6,6,6,6,6,6,7,6,6,6,4,6,6,6,6,1,5,6,6,5,6,6,6,5,5,8,7,6,7,5,6,6,0,5,6,8,6,6,6,6,6,5,8,7,7,7,6,6,6,6,7,6,22.0,4,6,7,6,6,6,6,6,5,5,7,6,6,3,7,6,7,4,6,6,6,7,7,6,7,6,6,6,5,5,6,6,6,6,5,6,7,6,7,6,6,7,6,7,8,7,5,6,6,6,6,5,6,5,7,4,7,7,6,7,6,5,7,7,8,7,5,7,6,6,7,7,7,,7,6,,3,6,5,5,6,6,7,7,6,25.0,6,7,6,7,7,6,5,8,8,7,0,6,4,5,5,7,6,7,6,7,6,7,5,7,5,,6,7,6,7,6,3,7,7,7,7,6,6,7,5,13.0,7,7,5,7,7,6,6,5,6,5,8,6,6,8,7,7,7,13.0,7,7,6,7,6,9,6,6,6,6,7,7,6,5,6,7.0,6,6,4,6,,7,6,6,6,7,6,6,5,6,6,6,7,14.0,18.0,7,5,,7,6,6,6,7,7,6,7,6,7,4,,7,6,6,23.0,7,6,5,7,7,7,6,7,6,6,7,32.0,40.0,19.0,5,6,5,5,6,6,6,5,7,6,5,7,7,6,7,39.0,7,3,8,16.0,7,5,,6,6,7,6,6,6,7,7,6,,6,8,7,6,29.0,6,23.0,7,6,6,6,0,6,,6,7,6,6,5,7,7,7,18.0,5,6,17.0,21.0,8,6,22.0,5,7,0,6,7,7,6,8,8,6,6,7,6,6,6,5,7,7,3,6,7,7,7,8,6,8,4,13.0,6,6,7,7,37.0,5,8,7,9,9,6,7,6,8,17.0,7,,7,4,7,8,7,11.0,6,7,5,,13.0,7,7,10.0,23.0,7.0,7,7,6,6,7,5,7,6,6,6,7,5,29.0,12.0,7,6.0,7,9,9.0,6,,7,7,6,9,8,41.0,6,7,8,7,7,7,16.0,8,6,7,,7,7,7,,13.0,7,7,7,7,6,7,24.0,2,6,33.0,,30.0,7,,6,8,6,7,,15.0,23.0,,6,7,36.0,6,7,4,18.0,17.0,6,,11.0,8,10.0,35.0,7,,11.0,8,13.0,,7,11.0,16.0,,19.0,10.0,,8,,,6,22.0,7,6,4,7,7,23.0,,7,15.0,,7,16.0,6,6,8,,,6,7,7,8,6,7,6,,17.0,6,7,,8,,18.0,7,7,,7,,9.0,7,8,39.0,,12.0,7,,29.0,15.0,5,20.0,,7,8,7,,,,29.0,8,7,7,7.0,7,7.0,31.0,7,24.0,,9.0,22.0,6,8,17.0,,12.0,30.0,7,5,,7,14.0,7,11.0,7,37.0,14.0,,7,6.0,19.0,15.0,,,6.0,6,6,12.0,,14.0,29.0,7,7,,7,41.0,7,13.0,,,,,25.0,5,13.0,,8,,,24.0,,,,7,7,7.0,31.0,,26.0,12.0,39.0,,,,,,8,,37.0,,24.0,,,10.0,18.0,,10.0,7.0,23.0,7,8,8.0,27.0,24.0,7,7,13.0,6,7,36.0,7,7,19.0,6,28.0,5,7.0,7,8,,18.0,7,,6,12.0,,,7,,,11.0,29.0,,,7.0,7,18.0,40.0,,7.0,7,,6,24.0,10.0,,7,,,,,5,22.0,,6,7,,,,,18.0,,6.0,,40.0,8.0,,8,,12.0,,,13.0,18.0,,7,,,8,,21.0,8,23.0,,11.0,,17.0,6,28.0,,,5,,21.0,,7,,,39.0,,18.0,11.0,8,0,,,28.0,0.0,7,7,,,5,7,8,,8,7,15.0,8,7,7,8,,8,7,0,3,5,,8.0,7,16.0,,34.0,18.0,,11.0,,,16.0,,16.0,,7,6,16.0,12.0,8,40.0,15.0,0,17.0,8.0,,,,,6,24.0,,15.0,11.0,31.0,28.0,29.0,6,20.0,,26.0,,7,,0.0,8.0,29.0,7,,16.0,9.0,,21.0,8,,32.0,7,7.0,,,,,,,,,,8,,,,123,10
7,7,6,6,5,5,6,7,7,8,6,6,6,5,6,6,5,6,6,6,3,5,6,5,6,6,6,5,3,6,5,5,6,6,6,5,6,6,6,6,6,6,6,9,3,6,5,6,6,8,7,6,7,6,6,6,6,6,5,6,7,6,5,5,5,6,6,16.0,6,6,7,7,14.0,7,6,7,2,6,6,6,0,5,4,5,6,7,5,5,6,6,6,6,5,6,7,7,4,0,7,6,6,7,6,7,7,5,5,4,6,7.0,,6.0,7,5,0,5,5,6,6,7,7,4,8,6,6,6,7,6,5,4,7,6,6,5,7,6,6,5,6,0,6,5,5,6,7,6,7,6,8,7,7,6,6,6,6,6,7,6,6,6,4,6,6,6,6,5,2,7,6,5,4,6,6,6,6,7,7,7,7,6,5,7,7,5,5,8,6,6,6,5,5,6,7,7,6,6,7,7,6,6,7,6,25.0,6,7,7,7,7,6,5,5,4,5,7,6,6,7,5,6,5,7,6,6,6,8,7,6,7,7,6,6,7,6,6,3,7,6,6,6,7,7,7,6,6,6,6,8,8,7,5,7,5,5,6,6,6,5,6,6,7,7,5,7,6,7,7,7,8,7,6,7,6,7,7,7,7,,7,6,8.0,6,6,5,5,7,5,6,5,6,28.0,5,7,7,7,7,6,6,8,7,7,6,5,6,5,6,6,6,7,6,7,6,6,7,7,6,29.0,7,7,5,0,7,0,7,7,8,6,6,6,7,5,14.0,7,8,5,8,8,6,3,2,6,5,8,6,7,8,7,6,7,17.0,7,8,6,7,6,9,5,1,3,7,8,6,6,6,6,39.0,6,5,5,6,9.0,6,5,6,6,8,5,7,6,7,2,6,7,7.0,,7,7,,7,7,7,7,7,7,6,3,6,7,7,18.0,7,6,6,24.0,7,6,5,8,7,6,6,6,6,6,7,17.0,34.0,9.0,6,6,5,5,6,6,6,4,7,6,6,7,7,6,6,,7,5,8,31.0,4,2,0.0,6,6,7,6,5,6,7,7,7,,6,7,7,6,27.0,6,10.0,7,6,6,6,7,6,,6,7,7,6,7,7,7,7,9.0,5,5,,,7,6,33.0,6,6,6,6,7,6,6,8,8,6,6,7,6,6,6,5,7,7,6,7,8,8,8,9,7,9,6,39.0,6,6,8,7,14.0,6,8,7,8,8,6,7,6,8,16.0,8,,7,6,7,8,7,19.0,6,7,5,,21.0,7,7,18.0,19.0,12.0,6,7,6,6,6,6,6,6,5,6,6,6,19.0,20.0,8,10.0,7,9,,6,,7,7,6,9,8,28.0,6,7,8,7,7,7,16.0,8,6,7,,8,6,7,,18.0,8,7,7,7,6,6,5.0,7,7,18.0,,32.0,7,16.0,6,8,6,7,,20.0,,,6,8,25.0,7,6,6,14.0,26.0,6,33.0,8.0,8,24.0,25.0,7,,18.0,8,24.0,,7,,,36.0,,29.0,,8,,,6,,7,6,6,7,7,23.0,,7,,,7,31.0,6,6,9,,,6,7,6,8,6,7,6,,,6,8,,8,9.0,26.0,7,7,,7,0.0,8.0,6,8,16.0,,7.0,6,23.0,28.0,18.0,6,34.0,11.0,7,8,8,,,,27.0,7,7,7,39.0,7,14.0,29.0,7,14.0,,,10.0,8,8,30.0,38.0,15.0,5.0,7,6,28.0,7,,7,16.0,8,,,,6,10.0,12.0,21.0,,26.0,22.0,3,6,23.0,,,13.0,7,7,,7,,7,10.0,15.0,,,,28.0,8,27.0,29.0,8,,,,,,,7,7,10.0,17.0,,25.0,13.0,35.0,,,5.0,,,8,,22.0,,22.0,39.0,,35.0,7.0,5.0,10.0,30.0,26.0,7,9,31.0,,,6,7,39.0,6,7,14.0,7,7,,7,26.0,5,8.0,6,8,,20.0,7,,6,,,,7,17.0,,20.0,32.0,,38.0,32.0,7,24.0,12.0,,,7,,7,14.0,13.0,,8,8.0,,6.0,,6,20.0,,6,6,,,,,12.0,,17.0,26.0,,9.0,,8,8.0,7.0,,,22.0,,,6,,,7,,10.0,7,29.0,,30.0,,32.0,6,35.0,,15.0,6,,24.0,,0,,,19.0,,31.0,,9,7,23.0,,17.0,26.0,8,6,,,7,7,8,,8,7,34.0,8,6,7,8,,9,8,7,6,8,17.0,32.0,8,19.0,,25.0,21.0,,26.0,,,22.0,,,,7,6,17.0,9.0,4,6.0,31.0,8,9.0,16.0,,,,22.0,6,22.0,,29.0,7.0,21.0,10.0,11.0,6,,,9.0,0.0,7,18.0,,20.0,,7,,7.0,,,,7,39.0,7.0,6,13.0,,,,,,23.0,,,,8,,,,124,10
7,7,6,6,4,4,4,7,0,8,7,7,7,7,7,7,7,6,6,7,7,6,8,4,7,8,8,7,6,7,7,7,8,6,5,7,7,8,7,6,7,6,7,9,6,7,7,7,7,9,7,7,8,7,7,7,7,7,6,7,7,7,5,6,6,7,8,,7,7,8,8,7.0,8,6,8,8,7,5,7,7,6,3,6,7,7,3,6,7,7,8,8,8,7,8,7,7,7,4,6,6,7,7,7,8,6,6,5,8,,,13.0,8,7,6,6,7,7,8,9,8,6,8,7,1,3,5,7,6,6,8,7,6,5,8,8,8,6,6,7,7,6,6,7,8,7,6,7,7,8,8,7,7,6,7,7,8,7,7,7,5,6,7,7,7,6,5,7,7,6,6,7,6,7,6,8,8,7,8,7,7,7,7,6,6,7,7,7,7,7,7,7,8,7,7,7,8,8,7,7,8,6,27.0,7,7,8,7,7,7,6,6,6,6,8,7,7,8,8,7,8,8,7,7,7,8,8,7,8,8,7,7,7,7,6,6,8,6,3,7,8,7,0,7,7,7,6,9,9,8,4,8,7,6,7,7,7,6,8,7,8,8,7,0,7,8,8,8,8,8,7,6,7,7,8,8,8,8.0,8,7,26.0,6,7,6,4,8,6,7,8,7,16.0,7,8,7,7,8,7,6,9,8,8,6,7,7,6,7,7,7,7,6,8,4,8,7,8,7,,7,8,7,9,7,8,6,6,8,8,7,7,8,7,18.0,8,8,6,8,0,8,7,7,7,6,9,7,8,8,8,7,8,34.0,8,8,7,8,0,6,7,7,7,8,8,7,7,6,7,16.0,6,6,6,7,7.0,8,6,7,7,8,7,4,6,8,5,8,6,34.0,18.0,8,8,,7,7,7,8,8,8,6,8,7,8,8,20.0,8,7,7,23.0,8,6,6,8,8,7,7,8,7,7,8,,38.0,8.0,7,6,7,6,7,7,8,5,8,7,7,8,4,6,7,22.0,8,6,9,,7,7,,7,6,8,7,8,7,8,8,8,,7,9,8,7,12.0,7,21.0,8,7,7,7,8,7,,7,8,7,7,8,7,8,8,29.0,7,7,24.0,8.0,9,7,14.0,7,7,7,7,8,8,4,9,9,7,7,8,7,6,7,7,8,8,7,8,7,9,8,9,7,9,7,,7,7,8,8,7.0,7,9,7,9,9,7,8,7,9,9.0,8,,8,7,8,9,8,10.0,7,7,6,9.0,22.0,8,8,41.0,8.0,7.0,8,8,7,7,8,7,8,7,7,7,8,7,,23.0,8,20.0,8,9,13.0,8,,7,8,7,9,8,,7,3,0,7,7,8,28.0,8,8,8,,8,7,8,,,10,7,0,8,7,8,15.0,8,8,19.0,,23.0,8,7.0,8,9,7,5,,,39.0,,7,7,45.0,8,7,7,36.0,18.0,7,13.0,,8,35.0,28.0,8,,20.0,9,14.0,,8,,,13.0,31.0,33.0,,0,,,8,,2,7,7,8,8,10.0,39.0,8,19.0,,8,24.0,7,8,7,,,7,7,8,9,7,7,7,,9.0,8,8,,8,25.0,15.0,8,8,,8,28.0,31.0,7,9,28.0,,14.0,8,21.0,,,8,15.0,12.0,8,8,8,,,,,11,7,7,11.0,8,30.0,10.0,8,30.0,,8.0,17.0,9,8,20.0,21.0,23.0,8.0,8,7,27.0,8,,8,24.0,8,24.0,37.0,,7,13.0,17.0,13.0,,13.0,31.0,7,7,,,,6.0,8,6,,8,14.0,8,35.0,23.0,,,,20.0,8,24.0,24.0,7,39.0,,39.0,,,,8,8,,10.0,,14.0,23.0,,,,21.0,,,9,,38.0,,36.0,38.0,,28.0,24.0,,36.0,32.0,,8,9,9.0,23.0,30.0,7,8,20.0,7,8,22.0,8,8,16.0,8,8.0,6,,8,8,,45.0,7,,7,35.0,,,6,5.0,,22.0,18.0,,,14.0,8,16.0,8.0,,9.0,7,,8,37.0,8.0,32.0,9,44.0,,,28.0,7,6.0,,6,8,,,,,25.0,8.0,25.0,0.0,16.0,,,8,,12.0,,,39.0,24.0,,0,,22.0,7,,10.0,9,,,13.0,,,7,42.0,,,7,,,,8,,,9.0,,27.0,9.0,9,8,8.0,,41.0,,7,8,,,8,8,9,22.0,8,8,25.0,8,8,8,9,,9,8,8,7,9,,,8,28.0,,12.0,13.0,,,,,34.0,,18.0,,8,6,,,9,19.0,33.0,8,13.0,28.0,,,,,7,22.0,,44.0,18.0,36.0,21.0,17.0,7,19.0,,17.0,,8,,8.0,18.0,15.0,8,,39.0,23.0,,,9,,,8,30.0,,,,,,24.0,,,,5,,,,125,10
6,6,4,5,5,5,2,6,6,7,0,5,5,3,6,5,5,2,5,5,5,4,6,5,6,6,6,6,5,6,5,6,6,6,6,5,5,6,6,5,6,5,5,8,5,5,5,5,5,7,6,5,7,6,5,5,6,5,1,6,6,6,4,4,4,5,6,5.0,5,5,6,6,10.0,6,5,6,6,5,5,5,5,4,4,4,4,6,1,4,6,5,0,6,4,5,6,6,5,7,6,6,6,6,6,6,6,4,4,4,6,7.0,,,6,5,4,4,5,6,5,7,7,3,7,6,6,6,0,5,4,4,6,5,5,5,0,6,6,5,6,6,5,5,5,5,6,4,6,5,7,6,6,6,5,5,5,5,6,6,5,5,3,5,5,5,5,5,4,6,5,4,5,6,5,4,5,7,6,6,7,5,5,6,6,4,5,7,5,5,5,5,5,5,6,6,5,6,6,6,6,6,7,5,31.0,5,6,6,6,6,5,4,4,4,4,7,5,5,6,6,5,6,6,5,5,5,5,6,4,6,6,6,5,6,6,5,2,6,5,5,5,6,6,6,5,5,6,5,8,7,6,4,6,6,5,5,5,5,4,6,5,6,6,6,6,5,6,7,7,8,6,5,6,5,6,6,6,6,15.0,7,5,38.0,5,5,4,4,6,5,5,6,5,18.0,5,6,6,6,6,5,5,7,7,6,3,5,5,5,6,5,5,6,5,6,5,6,6,7,5,14.0,6,6,5,7,6,6,6,6,7,6,5,5,6,5,9.0,6,7,4,7,7,6,6,5,6,4,7,6,6,7,6,6,6,27.0,7,7,5,6,5,8,5,5,5,6,7,6,6,5,3,26.0,3,4,5,6,31.0,6,5,0,5,7,5,5,5,6,4,6,7,16.0,28.0,7,6,,5,6,6,6,7,5,5,6,5,7,6,15.0,6,5,5,,6,5,0,7,7,6,3,6,5,5,6,14.0,,26.0,5,6,5,5,5,5,6,5,6,5,5,6,6,3,5,30.0,2,4,8,6.0,6,5,30.0,5,5,6,5,4,5,6,5,4,,5,6,6,5,,6,29.0,6,5,5,5,6,5,,5,7,6,5,6,6,6,5,9.0,5,5,,25.0,7,5,,5,5,6,6,6,6,5,6,8,5,5,7,5,5,5,5,6,6,6,7,7,7,7,8,6,6,5,12.0,6,5,7,7,25.0,5,6,6,7,7,5,7,5,7,,6,,6,6,6,7,6,18.0,2,6,5,7.0,3.0,6,6,19.0,15.0,17.0,6,5,5,5,6,2,6,5,6,5,6,5,30.0,8.0,7,14.0,6,8,7.0,6,,6,6,5,8,7,20.0,6,6,7,6,6,6,16.0,8,6,6,,7,6,7,,9.0,8,4,6,6,5,5,7.0,7,6,23.0,,5.0,6,11.0,6,7,3,7,,6.0,29.0,,6,7,0.0,6,6,5,20.0,19.0,5,13.0,27.0,7,15.0,10.0,7,,15.0,7,,,7,9.0,25.0,,20.0,,,6,,10.0,6,30.0,7,6,5,6,6,39.0,10.0,5,20.0,,6,7.0,5,6,8,,,6,6,6,7,5,6,6,,21.0,6,7,,7,19.0,24.0,6,6,,6,39.0,32.0,6,8,29.0,,14.0,6,23.0,,17.0,6,,20.0,6,7,7,,,,,9,7,7,24.0,6,23.0,,6,22.0,,5.0,14.0,7,7,9.0,17.0,21.0,,6,6,0.0,6,19.0,6,20.0,7,29.0,13.0,,6,16.0,18.0,39.0,15.0,,,5,5,22.0,,18.0,22.0,7,6,,6,10.0,7,11.0,13.0,,,,16.0,5,16.0,10.0,7,7.0,,12.0,,,,7,7,10.0,19.0,,,,12.0,,,14.0,,,7,,,,,22.0,,,,15.0,27.0,8.0,18.0,0,8,9.0,,11.0,6,6,18.0,5,6,21.0,6,7,,6,,4,19.0,7,7,,29.0,6,,5,15.0,,,6,20.0,,18.0,17.0,,17.0,18.0,6,7.0,8.0,,22.0,6,,6,,33.0,16.0,8,,,,16.0,5,35.0,,5,7,,,,,25.0,14.0,26.0,19.0,10.0,,,7,10.0,,,,12.0,6.0,,6,,,7,,8.0,7,36.0,,28.0,,,6,8.0,,6.0,5,,6.0,,6,,,,,8.0,15.0,8,7,38.0,,14.0,14.0,7,6,,,7,7,7,36.0,7,7,24.0,7,6,6,7,,8,6,7,5,7,,,5,,,22.0,16.0,,,,,,,13.0,,6,5,10.0,,7,26.0,9.0,7,11.0,15.0,,,,,5,18.0,,,,,16.0,31.0,6,,,11.0,,6,16.0,0.0,24.0,11.0,6,,14.0,18.0,,,7,19.0,,6,6.0,,,,,,7.0,,,34.0,7,,,,126,10
5,4,4,4,4,4,5,5,5,6,4,5,0,4,4,5,4,4,4,4,4,3,6,4,5,5,5,4,4,5,4,0,5,5,3,4,4,4,5,2,5,2,4,7,4,5,4,5,5,7,6,5,6,5,5,5,5,5,4,5,5,5,2,4,4,4,5,8.0,2,4,5,6,27.0,5,3,5,4,4,5,4,4,4,3,3,3,5,3,4,5,5,5,5,5,4,5,5,4,6,5,5,5,5,6,5,6,2,3,3,5,37.0,35.0,8.0,5,4,3,4,4,5,5,6,5,2,6,5,5,5,5,5,4,3,3,4,4,4,5,5,5,4,5,5,5,4,3,4,5,4,5,4,6,5,5,4,4,4,4,4,6,5,5,5,3,4,4,4,5,4,4,5,4,4,4,5,4,4,5,6,5,5,6,3,4,5,6,3,4,6,4,4,4,4,4,4,6,6,5,5,5,5,5,5,6,4,23.0,4,5,5,5,5,5,4,4,4,4,6,4,2,4,5,4,3,5,0,4,4,5,3,4,5,5,5,4,5,4,4,5,5,4,5,5,6,6,6,5,5,5,4,7,6,5,3,5,5,4,2,1,3,3,5,4,5,6,5,5,4,5,6,6,7,5,4,5,5,5,5,6,5,21.0,5,4,20.0,1,4,0,3,5,4,5,5,5,6.0,4,5,5,5,5,4,4,6,6,6,4,5,5,3,5,5,4,5,4,5,4,5,5,5,4,21.0,5,5,4,6,5,5,6,5,6,5,4,5,5,4,18.0,5,6,3,6,6,5,5,4,5,4,6,4,5,7,5,5,5,31.0,6,6,4,5,4,7,4,4,4,5,6,5,4,4,4,21.0,4,4,4,5,35.0,3,4,4,4,6,4,5,4,6,5,5,6,17.0,,6,6,34.0,6,5,5,5,6,6,4,6,5,6,5,7.0,5,4,4,8.0,5,4,4,6,6,5,5,5,4,5,5,6.0,20.0,16.0,4,5,1,4,5,5,5,4,5,4,4,6,6,4,5,14.0,5,3,5,7.0,5,4,18.0,5,4,5,5,5,5,6,5,5,,0,7,6,4,8.0,5,14.0,5,4,4,4,6,5,,4,6,4,5,5,5,5,6,,4,4,12.0,,6,4,13.0,2,5,5,5,5,5,4,7,7,4,4,6,4,3,3,4,5,6,5,6,6,7,6,7,4,7,5,13.0,5,4,6,6,29.0,5,6,5,7,7,4,6,5,6,,5,,5,4,6,7,5,8.0,4,5,4,0.0,5.0,5,5,7.0,30.0,,5,5,4,4,5,4,5,4,5,4,5,5,,7.0,6,17.0,5,8,14.0,1,,5,5,5,7,6,8.0,5,5,6,5,5,6,8.0,6,5,5,,0,5,6,,17.0,7,5,6,5,4,5,18.0,5,5,15.0,,,6,10.0,6,6,3,6,,,16.0,,5,6,18.0,6,5,5,13.0,33.0,4,14.0,,6,12.0,14.0,6,,12.0,7,35.0,,6,12.0,,39.0,,,,6,,20.0,5,32.0,6,5,5,6,5,24.0,39.0,5,7.0,,6,12.0,5,5,7,,,5,5,5,6,5,5,5,,,5,6,,7,,,6,5,,5,15.0,8.0,5,7,13.0,,31.0,5,17.0,5.0,,5,14.0,7.0,6,6,6,,6.0,,,7,6,6,34.0,6,15.0,7.0,5,14.0,,28.0,16.0,7,7,29.0,,9.0,16.0,5,5,14.0,6,17.0,5,8.0,6,,9.0,,5,,,7.0,33.0,20.0,39.0,4,4,,,15.0,14.0,6,6,,5,13.0,6,6.0,,,,,12.0,6,,8.0,6,,,36.0,,,,5,6,,31.0,,17.0,,16.0,,7.0,11.0,,,6,,29.0,,8.0,29.0,,,13.0,,9.0,13.0,13.0,6,7,,28.0,0.0,5,6,,5,5,23.0,6,5,19.0,6,8.0,4,6.0,6,6,,,6,,5,33.0,,,5,5.0,,5.0,0.0,,9.0,17.0,5,10.0,19.0,16.0,,5,,6,21.0,28.0,,7,27.0,,,,4,13.0,,4,6,,,,,7.0,,23.0,12.0,,11.0,,6,,25.0,,,,36.0,,5,,9.0,6,,,6,11.0,,13.0,,15.0,5,39.0,,0.0,5,,22.0,,5,,,39.0,,19.0,9.0,7,6,7.0,,38.0,,6,5,,,6,4,6,,6,6,12.0,6,6,6,7,,7,7,6,4,7,18.0,31.0,6,37.0,,20.0,8.0,,36.0,,,11.0,,14.0,,6,5,21.0,25.0,6,,10.0,6,22.0,,,,,,5,16.0,,9.0,,24.0,12.0,14.0,5,24.0,,18.0,,5,,10.0,8.0,8.0,5,,,39.0,,10.0,6,,11.0,6,11.0,,,,,,,,,32.0,7,,,,127,10
6,5,5,5,5,5,6,5,6,7,5,6,6,5,6,2,5,5,5,5,2,4,7,5,6,6,7,6,5,6,6,6,6,7,7,6,6,7,6,6,6,5,5,8,5,5,5,6,6,8,7,5,7,6,6,6,6,6,5,6,6,5,4,5,4,5,6,23.0,5,5,6,7,8.0,7,5,7,7,5,6,5,5,4,1,4,5,6,4,4,6,6,6,6,6,5,6,6,5,7,6,6,6,6,7,6,6,5,4,4,6,14.0,15.0,33.0,6,5,5,5,6,6,6,7,7,4,7,6,6,6,6,6,4,5,6,5,5,5,6,6,6,5,6,6,6,5,4,5,6,5,6,5,7,7,6,6,5,5,3,5,7,6,6,6,4,6,5,5,6,5,3,6,5,5,5,6,5,5,5,7,7,6,7,4,5,6,6,5,5,7,6,3,6,5,5,5,7,6,6,6,6,6,6,6,7,5,,5,6,6,6,6,6,4,5,5,5,6,5,5,6,6,6,6,6,5,5,5,7,6,5,0,6,6,5,6,6,5,5,6,5,6,6,7,6,7,6,5,6,6,8,7,6,4,4,6,5,1,5,5,5,7,5,6,7,6,6,6,6,7,7,7,6,5,6,6,6,6,7,6,20.0,7,5,8.0,3,6,4,4,6,5,6,3,6,7.0,5,6,6,7,5,3,5,7,7,6,5,5,6,5,6,6,5,7,6,6,6,6,6,7,5,17.0,5,6,5,7,6,6,7,6,7,6,5,6,6,5,34.0,6,7,5,7,7,6,6,6,6,5,7,6,6,8,6,6,6,9.0,7,7,5,6,5,8,5,5,5,6,7,6,6,0,5,13.0,5,5,5,6,,7,4,5,0,6,5,6,5,7,6,7,7,18.0,14.0,7,7,38.0,6,6,6,6,7,7,5,7,5,7,7,17.0,6,6,6,10.0,7,5,5,7,7,6,6,6,6,5,6,11.0,17.0,17.0,6,6,5,4,6,6,6,5,6,5,5,7,6,5,6,34.0,6,4,7,9.0,7,6,,6,5,7,6,6,0,7,7,6,,3,8,7,5,10.0,6,21.0,6,5,5,6,7,6,,6,7,6,5,6,7,7,7,16.0,5,5,8.0,31.0,7,6,,5,6,6,6,6,6,5,7,8,2,5,7,6,5,5,5,7,7,6,7,7,8,7,0,6,7,5,9.0,6,5,7,7,,6,7,6,8,8,5,6,6,7,19.0,7,,7,6,7,3,6,,5,6,5,,14.0,6,6,,27.0,,6,7,6,6,7,5,7,5,6,5,6,6,12.0,13.0,7,36.0,6,8,9.0,6,,7,6,6,8,7,14.0,6,6,7,6,6,5,9.0,8,6,6,,7,6,7,,,9,5,7,7,6,7,19.0,7,6,22.0,,,7,13.0,6,8,5,7,,,,,6,7,,7,6,6,19.0,25.0,5,8.0,,8,18.0,38.0,7,,,5,,,7,34.0,19.0,,19.0,11.0,,7,,21.0,6,24.0,5,6,6,7,6,15.0,12.0,6,22.0,,6,10.0,6,6,8,,,6,6,6,7,6,6,6,,24.0,6,7,,7,29.0,7.0,7,6,,7,37.0,16.0,6,8,26.0,,21.0,6,11.0,28.0,,6,8.0,7.0,7,7,7,,16.0,,7.0,10,6,7,8.0,7,7.0,6.0,6,14.0,,10.0,24.0,8,7,,12.0,33.0,26.0,7,6,6.0,7,21.0,7,20.0,7,13.0,6.0,,6,,6.0,,22.0,,0.0,5,6,,,,,7,7,,6,17.0,7,34.0,33.0,,,,,7,20.0,,7,28.0,,34.0,,,,7,7,20.0,17.0,0.0,8.0,7.0,14.0,,11.0,,,,7,,19.0,,0.0,29.0,,,22.0,20.0,24.0,17.0,7.0,7,8,38.0,14.0,18.0,6,7,21.0,5,7,33.0,7,7,16.0,7,,1,13.0,7,7,,,6,,6,,,,6,10.0,,,29.0,,8.0,20.0,7,15.0,14.0,,8.0,6,,7,37.0,6.0,29.0,8,7.0,,,28.0,5,13.0,,5,7,,,,,28.0,,,,36.0,,,7,25.0,38.0,,,18.0,,,6,,15.0,7,,,7,19.0,,11.0,,12.0,6,20.0,,8.0,6,,,,7,,,13.0,,11.0,,8,7,5.0,,,14.0,7,7,,,7,7,8,28.0,7,7,,7,7,7,8,,8,8,7,0,8,,17.0,7,,,11.0,23.0,,22.0,,,17.0,,31.0,,7,6,28.0,30.0,8,30.0,10.0,7,27.0,23.0,,,,0.0,3,12.0,,21.0,,8.0,19.0,7.0,6,12.0,,15.0,,7,13.0,15.0,,6.0,7,,,14.0,,16.0,6,26.0,33.0,7,21.0,,,,,,11.0,,,32.0,8,,,,128,10
7,7,7,7,6,5,7,6,7,6,6,5,2,5,7,7,7,6,6,6,4,5,8,3,7,7,7,6,3,0,6,7,7,7,6,6,6,7,7,7,7,6,6,4,6,7,6,7,7,9,7,7,8,7,7,7,7,7,6,7,7,7,5,6,6,7,7,36.0,6,7,7,8,37.0,7,6,8,7,7,7,7,6,6,5,6,6,7,6,6,0,6,7,5,7,4,7,7,4,8,8,7,7,8,8,7,8,6,6,6,7,23.0,,42.0,8,6,5,6,6,7,7,8,8,5,8,7,7,7,7,7,6,6,7,7,7,6,7,7,7,6,7,7,7,6,6,7,8,6,7,6,8,7,7,7,6,6,6,7,6,7,7,7,5,6,7,6,7,6,5,7,6,5,6,7,6,6,7,8,7,7,8,4,6,7,8,4,2,8,7,6,7,6,7,6,8,8,7,7,7,7,7,7,8,6,18.0,7,7,8,7,7,7,6,6,6,6,7,5,6,7,8,6,7,7,7,6,7,8,7,6,7,7,7,7,7,7,7,7,8,7,8,7,8,8,8,7,7,7,6,8,8,7,5,8,7,6,7,7,6,6,8,7,7,8,6,7,4,7,7,7,8,7,6,7,7,7,8,8,7,27.0,8,6,,6,5,5,6,7,6,7,7,7,,6,7,7,8,8,7,7,8,8,8,6,1,7,6,7,7,6,7,7,4,6,7,7,8,0,13.0,7,7,6,9,7,6,8,7,7,7,6,6,8,6,32.0,7,8,6,9,9,5,6,6,6,6,0,7,7,8,7,7,8,18.0,8,8,5,7,7,9,6,6,4,3,8,7,7,6,6,18.0,1,6,6,7,12.0,7,6,7,7,8,6,7,6,7,7,8,0,21.0,15.0,8,8,22.0,7,6,7,7,8,8,6,8,7,8,8,14.0,7,7,7,,8,6,6,7,8,7,6,8,6,7,7,12.0,,8.0,6,7,6,6,6,4,7,6,7,7,6,8,8,6,7,14.0,8,6,9,,7,6,20.0,6,6,7,7,7,7,8,8,7,,6,8,7,7,,7,28.0,7,7,6,7,8,7,,6,8,7,7,7,8,7,8,20.0,6,6,,10.0,8,7,19.0,6,7,7,7,7,7,6,9,9,7,5,6,7,6,6,6,7,7,7,7,8,5,8,9,7,9,7,35.0,7,5,8,7,39.0,4,9,5,9,9,6,8,6,9,,8,,7,7,8,9,7,16.0,6,8,6,9.0,11.0,8,7,15.0,24.0,25.0,6,8,7,7,5,6,7,4,7,7,6,7,45.0,10.0,7,,8,9,12.0,7,,7,8,7,9,8,,7,0,8,7,7,7,20.0,9,7,7,,8,7,7,,,10,7,8,7,7,7,11.0,8,7,,,37.0,7,41.0,8,9,7,7,,21.0,28.0,,7,8,,8,7,7,23.0,22.0,7,45.0,,9,,18.0,8,,13.0,6,8.0,,7,32.0,17.0,25.0,,12.0,,8,,11.0,7,25.0,8,7,6,8,8,41.0,39.0,8,10.0,,8,39.0,6,7,9,,0.0,7,7,7,8,7,7,7,,,7,8,,8,45.0,32.0,6,7,,7,18.0,,7,4,,,45.0,6,,11.0,22.0,5,9.0,14.0,8,8,8,,41.0,,21.0,11,7,8,12.0,8,,19.0,7,,,33.0,25.0,9,8,,,0.0,11.0,7,7,19.0,8,,8,9.0,8,10.0,45.0,,7,33.0,27.0,,42.0,33.0,20.0,6,7,11.0,,20.0,9.0,8,7,,7,15.0,8,43.0,13.0,,,,,7,18.0,34.0,9,11.0,,22.0,,,,8,8,14.0,11.0,,45.0,37.0,7.0,,19.0,36.0,,,8,,40.0,,10.0,,,39.0,,,36.0,29.0,,8,9,,9.0,,7,7,12.0,7,8,45.0,8,7,12.0,8,,6,9.0,8,8,,34.0,8,,7,,,,8,16.0,,10.0,,,11.0,15.0,8,,,,40.0,7,,7,,10.0,,9,36.0,,45.0,40.0,6,20.0,,6,7,,,,,8.0,15.0,,45.0,38.0,16.0,,8,8.0,33.0,,,12.0,10.0,,7,,34.0,8,,20.0,9,27.0,,9.0,,13.0,6,8.0,,36.0,7,,33.0,,7,,,36.0,,28.0,,9,8,7.0,,23.0,18.0,8,7,,,8,8,7,18.0,8,8,17.0,8,8,9,9,,10,9,9,6,9,8.0,,8,,,,13.0,,25.0,,,9.0,0.0,40.0,,8,7,18.0,,6,,19.0,8,7.0,15.0,,,,,7,6.0,,17.0,43.0,36.0,7.0,17.0,6,,,10.0,,8,35.0,45.0,16.0,11.0,8,,17.0,,,12.0,8,,18.0,8,0.0,,,,,,19.0,,,34.0,9,,,,129,10
5,6,5,6,6,6,6,7,7,8,6,7,6,6,6,6,6,4,5,6,6,5,7,6,7,7,7,5,6,6,6,6,7,7,7,6,6,7,7,7,7,5,6,9,6,6,6,6,6,8,7,6,7,7,6,7,7,6,5,5,7,7,4,5,5,6,7,5.0,6,6,7,7,28.0,6,3,7,6,6,6,6,6,5,2,5,6,6,5,5,4,0,6,7,6,6,7,6,5,7,5,5,6,7,7,7,7,5,5,4,6,,8.0,25.0,7,6,5,5,6,7,7,8,7,5,7,6,6,6,7,6,6,5,4,6,6,5,7,6,6,6,7,6,7,6,3,6,7,5,6,6,7,7,7,6,6,5,6,6,7,7,6,6,4,6,6,6,6,5,5,6,6,5,1,6,6,5,6,8,7,6,7,6,6,7,7,5,6,8,6,6,5,6,6,6,7,7,6,7,6,7,6,6,7,5,25.0,6,7,7,6,7,6,6,6,6,5,8,6,6,7,7,1,6,7,5,5,6,7,6,2,7,6,6,6,7,6,6,6,7,6,7,5,7,7,7,6,6,7,6,8,8,6,5,7,6,6,6,2,5,5,7,6,6,7,6,7,6,7,7,7,8,5,6,7,6,7,7,7,7,12.0,6,6,25.0,3,6,0,5,6,6,6,7,6,44.0,5,5,7,7,7,6,6,7,8,7,6,6,6,5,6,7,6,7,6,2,0,2,6,6,5,19.0,6,6,3,8,7,7,7,7,8,7,6,6,7,6,14.0,7,8,5,8,8,6,6,6,6,5,5,6,7,8,7,7,7,26.0,8,8,6,7,4,9,6,6,6,7,8,7,6,6,6,,6,5,5,6,30.0,7,6,6,6,8,4,7,6,7,5,7,7,,44.0,8,8,0.0,7,6,7,7,8,8,6,7,6,8,7,43.0,7,4,6,19.0,7,6,5,8,8,6,6,7,6,6,7,12.0,36.0,9.0,6,7,6,6,7,6,6,5,7,6,4,7,7,6,6,12.0,7,5,8,12.0,6,5,42.0,6,6,7,6,6,6,7,6,7,,6,9,8,6,16.0,6,32.0,7,6,6,6,8,6,,6,8,7,6,7,7,7,7,20.0,6,5,,10.0,8,6,26.0,6,7,5,6,7,7,6,9,8,6,6,7,6,6,5,5,6,7,6,7,8,8,8,9,7,9,6,17.0,7,6,8,7,26.0,6,8,7,8,8,6,7,6,8,27.0,8,,7,6,7,9,7,10.0,6,7,5,,7.0,7,7,,17.0,30.0,7,6,6,6,7,6,7,6,6,6,7,7,33.0,9.0,5,,7,9,42.0,5,,7,7,7,9,8,12.0,6,7,8,7,6,7,16.0,8,7,6,,8,7,7,,,9,7,7,7,6,7,13.0,7,6,36.0,,19.0,7,30.0,7,8,6,7,,,16.0,,6,8,18.0,7,7,6,28.0,36.0,6,14.0,25.0,8,27.0,7.0,7,,12.0,8,40.0,,8,17.0,32.0,,13.0,,,8,,18.0,7,14.0,7,5,6,7,7,14.0,25.0,7,,,7,20.0,6,7,8,,,7,7,7,8,6,7,7,,41.0,6,0,,8,,19.0,7,7,,7,10.0,,7,8,7.0,,24.0,5,10.0,42.0,39.0,7,9.0,40.0,7,8,8,,13.0,,24.0,10,7,7,,7,26.0,43.0,7,7.0,,12.0,16.0,8,8,27.0,31.0,10.0,17.0,7,6,19.0,7,,7,7.0,7,,,,7,20.0,14.0,36.0,24.0,14.0,,6,6,19.0,,30.0,19.0,8,7,,6,17.0,7,,11.0,,,,13.0,8,44.0,11.0,8,,,,,,,0,7,,26.0,,,13.0,17.0,,39.0,,,,8,,18.0,,13.0,15.0,,31.0,7.0,,,29.0,,7,9,15.0,,15.0,7,7,8.0,6,6,,7,7,,7,24.0,5,,7,8,,23.0,7,,5,10.0,,,7,13.0,,14.0,,,32.0,11.0,7,,,15.0,,7,,6,17.0,31.0,8.0,9,,,21.0,9.0,4,,,5,7,,,,,,7.0,15.0,15.0,41.0,27.0,,8,,24.0,,,29.0,41.0,,7,,11.0,8,0.0,32.0,8,28.0,,,,,6,18.0,,,6,,21.0,,7,,,26.0,,15.0,9.0,9,7,38.0,,16.0,17.0,8,7,,,7,7,7,,8,7,9.0,8,7,7,0,,9,8,7,6,8,,22.0,7,,,36.0,14.0,,11.0,,,21.0,,37.0,,7,6,21.0,,8,11.0,13.0,8,13.0,14.0,,,,,6,,,0.0,30.0,43.0,9.0,,7,30.0,,15.0,,7,,27.0,33.0,7.0,7,,,0.0,,20.0,8,35.0,,7,13.0,,,,,,19.0,,,39.0,8,,,,130,10
4,5,5,5,5,5,6,6,6,7,5,6,6,5,2,6,5,2,0,5,6,5,7,4,6,6,6,5,5,6,5,6,6,6,6,5,4,6,6,6,6,4,5,8,5,6,5,6,6,7,7,3,6,5,6,6,6,6,5,6,5,1,4,5,4,5,6,,6,6,6,7,,6,5,7,7,6,6,5,5,5,3,5,5,5,4,5,6,6,6,6,6,5,6,5,5,7,7,6,6,6,7,5,5,4,5,4,6,28.0,15.0,,7,5,5,5,5,6,6,7,5,4,6,6,6,6,6,4,2,5,6,5,5,4,6,6,6,5,6,6,6,5,5,5,7,5,6,5,7,6,0,6,5,5,5,5,6,6,5,5,3,6,5,5,6,5,0,5,5,5,5,6,5,5,6,7,6,5,6,3,5,5,3,5,5,6,6,5,6,5,5,5,7,7,4,6,4,5,6,5,6,5,23.0,5,5,6,5,6,6,5,5,5,5,7,5,3,7,6,5,4,6,4,5,5,6,6,5,6,6,6,6,6,5,5,5,6,5,4,6,7,6,6,1,6,6,6,7,8,6,4,5,6,5,5,5,5,4,7,6,7,7,6,6,6,6,7,7,8,4,5,6,6,6,7,7,6,10.0,6,6,20.0,4,6,5,3,6,6,6,6,6,13.0,5,6,6,6,6,4,5,6,7,7,5,5,6,5,6,6,5,6,5,5,5,6,6,6,2,17.0,6,6,5,7,5,6,7,6,7,6,6,6,7,5,,6,8,2,8,8,6,6,5,6,4,7,5,6,7,6,6,6,6.0,7,6,5,6,6,8,5,6,6,7,7,6,6,5,5,11.0,5,5,5,5,,6,5,6,6,7,6,5,4,6,6,6,6,33.0,,6,6,13.0,6,5,6,6,6,6,5,6,5,6,6,16.0,6,6,6,26.0,5,5,5,7,7,6,6,7,6,6,6,,23.0,22.0,6,6,5,5,6,6,6,5,6,5,5,7,7,5,6,7.0,6,4,7,31.0,6,5,12.0,6,5,6,6,6,0,7,7,6,,5,8,7,6,27.0,6,8.0,6,5,5,6,7,6,,4,7,6,6,6,7,6,4,28.0,5,5,7.0,11.0,7,6,13.0,6,6,6,5,5,6,5,8,8,6,5,5,6,5,5,5,7,7,6,7,7,8,8,8,6,8,6,8.0,6,6,7,7,32.0,6,8,6,8,8,5,6,6,7,34.0,7,,7,6,7,8,7,22.0,5,6,4,34.0,14.0,7,6,21.0,6.0,,6,7,6,6,6,5,7,5,6,4,6,6,12.0,13.0,7,6.0,6,7,13.0,6,,6,6,6,8,8,28.0,6,6,7,6,6,7,21.0,7,6,6,,7,6,6,,27.0,9,6,7,6,6,6,,7,5,,,33.0,7,8.0,7,8,5,7,,,12.0,,6,7,13.0,7,6,6,28.0,,6,33.0,,8,18.0,8.0,5,,24.0,8,13.0,,7,25.0,,,15.0,,,7,,30.0,6,12.0,7,0,6,7,7,8.0,7.0,0,21.0,,7,30.0,6,6,7,,,6,6,7,7,6,6,6,,,6,6,,8,26.0,14.0,7,7,,7,,6.0,6,8,28.0,,8.0,6,16.0,6.0,28.0,6,5.0,18.0,7,8,7,,,,,10,7,7,7.0,7,33.0,,6,7.0,,4.0,6.0,7,8,6.0,,22.0,33.0,7,6,20.0,7,20.0,4,22.0,6,11.0,6.0,,6,6.0,18.0,6.0,12.0,,,5,5,13.0,,,16.0,0,7,,6,,7,,13.0,,,,24.0,7,,,7,5.0,,7.0,,,0.0,6,7,21.0,9.0,,26.0,6.0,9.0,,,20.0,,,7,,17.0,,27.0,13.0,,31.0,5.0,,16.0,10.0,8.0,7,8,,15.0,9.0,6,6,18.0,6,7,11.0,7,7,17.0,7,,4,8.0,6,7,,23.0,7,,6,,,,6,13.0,,32.0,23.0,,,10.0,7,15.0,32.0,,32.0,6,,7,,6.0,7.0,8,11.0,,,,5,10.0,,5,7,,,,,33.0,17.0,,,6.0,16.0,,3,9.0,17.0,,,,6.0,0.0,6,,16.0,7,,14.0,7,10.0,,8.0,,21.0,6,25.0,,,6,,19.0,,6,,,,,9.0,13.0,8,6,25.0,,13.0,32.0,8,6,,,6,3,8,,7,7,24.0,7,7,7,8,,9,8,7,5,8,12.0,11.0,6,30.0,,27.0,20.0,,10.0,0.0,,9.0,,,,7,6,29.0,15.0,7,21.0,32.0,7,25.0,17.0,,,,,6,12.0,,17.0,,,13.0,19.0,6,,,,,7,,10.0,,26.0,7,,,,,18.0,7,11.0,11.0,7,,,,,,,19.0,,,9.0,8,,,,131,10
8,8,7,8,7,7,7,6,7,9,8,5,7,6,3,7,8,8,8,7,8,7,9,8,9,9,9,8,6,8,8,8,9,9,9,8,8,9,9,9,9,7,8,10,7,8,8,0,8,9,9,8,6,6,7,8,8,6,7,8,8,7,6,5,7,7,9,,8,8,9,9,8.0,9,8,9,9,8,8,8,8,7,7,7,7,9,7,7,8,8,8,9,8,7,8,8,8,9,8,8,8,9,8,7,8,7,7,7,8,,29.0,15.0,9,7,7,7,8,9,8,10,9,7,9,8,8,8,6,8,7,6,8,7,7,7,9,8,9,7,8,8,8,7,7,8,9,5,9,8,9,8,8,8,6,8,8,8,8,8,8,8,6,8,6,8,8,7,7,7,5,7,8,8,6,8,7,9,8,8,8,2,7,6,8,7,8,9,8,8,8,8,8,8,9,9,8,8,8,8,8,8,9,8,31.0,8,8,0,8,7,8,7,8,7,7,8,8,7,9,8,8,9,9,8,8,8,9,9,8,9,9,8,8,7,7,8,8,9,8,8,8,9,9,9,8,8,9,8,9,9,9,4,8,9,7,8,8,7,7,8,8,9,9,8,8,8,8,7,8,9,8,8,8,7,8,8,9,8,6.0,9,7,18.0,7,7,7,7,8,5,7,9,8,,7,8,8,8,8,7,7,8,8,9,8,7,8,7,8,6,7,9,8,9,8,9,8,9,8,37.0,9,9,8,10,7,0,9,8,9,8,8,8,9,8,19.0,9,9,6,9,9,8,8,8,8,7,10,8,8,9,8,8,8,19.0,9,9,7,8,8,9,6,8,8,8,9,8,8,7,8,24.0,7,6,8,7,27.0,9,7,8,8,9,8,8,4,8,8,8,8,,11.0,9,8,38.0,8,8,8,4,9,8,7,8,8,9,4,24.0,8,8,8,41.0,8,7,7,9,8,8,8,8,8,8,8,14.0,,,8,9,8,7,8,8,8,7,8,4,7,9,9,6,8,,9,7,10,15.0,9,8,36.0,4,8,9,8,9,8,7,9,8,,7,10,8,7,,8,,8,7,8,8,9,8,,8,9,8,8,9,9,9,9,22.0,8,8,34.0,21.0,10,8,39.0,8,8,8,4,8,9,7,10,10,8,8,9,8,7,6,8,9,9,8,8,9,9,9,10,8,10,7,28.0,9,8,8,9,16.0,8,10,8,9,9,0,9,8,10,,9,,8,7,9,10,8,15.0,8,8,7,21.0,,9,8,14.0,,,8,9,8,8,9,7,9,8,8,8,9,7,,,8,24.0,8,10,,8,,8,9,8,10,9,31.0,8,8,9,6,8,8,22.0,9,8,9,,9,8,9,,24.0,11,8,9,9,8,9,35.0,8,8,43.0,,8.0,9,,9,10,8,9,,23.0,20.0,,8,9,34.0,9,8,8,30.0,,8,,16.0,10,,25.0,9,,19.0,10,,,9,8.0,12.0,37.0,,19.0,,8,,18.0,7,,9,8,8,9,9,41.0,10.0,9,13.0,,9,14.0,8,8,8,,,8,8,9,9,8,8,9,,27.0,9,9,,8,16.0,35.0,9,9,,9,12.0,14.0,8,10,26.0,,36.0,8,40.0,31.0,11.0,9,29.0,23.0,8,8,9,,27.0,,9.0,12,9,9,,9,25.0,13.0,8,23.0,,31.0,15.0,9,8,13.0,0.0,16.0,,9,8,13.0,9,24.0,8,15.0,9,,26.0,,8,10.0,14.0,0.0,,0.0,24.0,8,8,17.0,,,28.0,10,0,,9,10.0,10,16.0,15.0,,,,16.0,9,15.0,18.0,9,13.0,,7.0,,,,9,9,,,,,22.0,17.0,,18.0,23.0,,,9,,12.0,,,0.0,,12.0,20.0,35.0,18.0,16.0,14.0,9,9,12.0,9.0,,6,9,12.0,6,8,12.0,9,9,,9,,7,26.0,9,9,,29.0,8,,8,27.0,,,9,12.0,,10.0,17.0,,43.0,12.0,8,11.0,16.0,,28.0,8,,9,27.0,20.0,31.0,10,,,24.0,25.0,6,12.0,,8,9,,,,,7.0,,,11.0,43.0,,,10,28.0,16.0,,,23.0,26.0,,8,,20.0,10,,22.0,9,,,9.0,,41.0,9,,,16.0,8,,,,9,,,30.0,,,12.0,10,9,,,40.0,37.0,9,9,,,9,8,10,14.0,9,9,26.0,9,9,9,10,,10,10,9,8,10,26.0,13.0,9,,,19.0,22.0,,24.0,,,19.0,,14.0,,0,8,12.0,,10,,24.0,9,13.0,19.0,,,,37.0,8,20.0,,11.0,13.0,24.0,,20.0,8,16.0,,12.0,,9,,21.0,9.0,11.0,9,,,18.0,,23.0,10,12.0,42.0,9,43.0,,,,,,22.0,,,8.0,10,,,,132,10
5,5,4,5,4,4,5,5,6,7,2,5,5,5,1,3,5,3,5,5,5,4,6,5,6,6,6,6,5,4,4,5,6,6,6,5,5,6,6,6,6,4,5,8,4,5,5,5,5,7,6,5,6,5,2,5,5,4,4,5,6,5,4,4,4,5,5,38.0,5,5,6,6,,6,4,6,6,5,5,5,4,4,1,4,5,1,3,4,5,0,6,6,6,5,5,5,4,6,6,5,5,6,6,5,5,4,4,3,6,,22.0,11.0,6,5,4,4,5,3,5,7,6,2,6,6,5,5,5,5,4,4,4,4,5,5,6,6,6,3,5,5,5,5,4,5,6,4,5,4,6,6,6,5,5,4,3,5,6,5,5,5,3,5,5,5,5,5,4,5,5,4,5,5,5,4,4,6,6,5,6,5,5,6,6,4,5,7,5,5,5,4,5,5,6,5,5,5,5,5,5,3,6,5,21.0,5,6,0,5,5,5,4,4,4,4,6,5,4,6,6,0,6,6,4,4,4,6,5,0,5,4,5,5,6,5,5,5,6,5,4,5,6,6,6,5,5,6,5,7,7,5,4,6,6,2,5,5,4,3,6,5,6,6,5,6,4,6,6,6,7,5,4,6,4,5,5,5,6,11.0,6,5,21.0,5,0,4,4,6,4,5,6,5,10.0,5,6,5,6,6,5,5,6,6,6,3,4,5,4,4,5,5,6,5,5,5,5,2,6,4,,5,5,3,7,6,3,6,5,6,5,5,5,6,5,26.0,6,7,4,6,6,6,5,5,5,4,6,5,4,7,6,6,6,20.0,6,6,5,6,5,8,5,5,5,6,7,6,5,5,5,31.0,4,4,5,5,10.0,6,5,5,5,7,5,6,2,6,5,6,6,,,6,6,31.0,6,6,6,6,6,6,4,6,5,7,6,11.0,6,5,5,31.0,6,4,4,7,6,5,5,6,4,3,6,36.0,32.0,42.0,5,5,4,5,5,5,5,4,6,5,2,6,6,5,5,,6,4,7,25.0,6,5,20.0,5,5,6,5,6,5,6,6,5,,5,7,6,5,15.0,5,8.0,6,5,5,3,6,5,,5,6,6,5,5,6,6,6,16.0,5,4,,14.0,7,5,18.0,5,5,5,5,6,6,5,8,7,5,5,6,5,4,4,4,6,6,5,6,7,6,7,8,6,8,5,17.0,5,5,6,6,22.0,5,7,6,7,7,4,6,5,5,14.0,6,,6,5,6,7,6,18.0,5,5,4,34.0,16.0,6,5,17.0,,8.0,5,5,5,5,6,1,6,4,2,5,5,4,14.0,15.0,6,,6,8,8.0,5,,6,6,5,8,7,,6,6,7,5,5,6,,7,5,6,,6,6,6,,12.0,6,5,6,6,5,6,41.0,4,5,14.0,,17.0,5,,6,7,4,6,,,,,5,7,18.0,6,5,5,18.0,35.0,5,30.0,33.0,7,9.0,19.0,6,,22.0,7,25.0,,6,12.0,21.0,14.0,,8.0,,6,,29.0,6,8.0,6,5,5,6,6,23.0,,6,8.0,,6,6.0,5,6,7,,,4,6,5,7,5,6,6,,,0,6,,7,,7.0,6,4,,6,19.0,,5,7,,,,5,32.0,,19.0,5,27.0,0.0,5,7,7,,,0.0,19.0,7,6,6,31.0,6,18.0,,4,,,0.0,24.0,7,7,34.0,,19.0,43.0,6,5,26.0,6,7.0,6,18.0,6,35.0,,,5,,11.0,19.0,25.0,43.0,8.0,5,5,,,8.0,,5,6,,6,15.0,6,28.0,15.0,,,,18.0,6,9.0,25.0,7,7.0,,,,,,6,6,,,,,11.0,21.0,,15.0,23.0,,,7,,20.0,,17.0,,,,33.0,23.0,14.0,19.0,9.0,5,8,7.0,,17.0,5,6,33.0,0,6,11.0,6,6,21.0,6,6.0,4,15.0,6,7,,,5,,5,37.0,,,5,40.0,,17.0,14.0,,14.0,34.0,6,9.0,,,19.0,5,,6,32.0,16.0,25.0,7,28.0,,,6.0,5,5.0,,4,6,,,,,16.0,18.0,,,16.0,9.0,,7,,41.0,,,5.0,41.0,,5,,7.0,7,,27.0,5,21.0,,10.0,,,5,33.0,,,5,,10.0,,6,,,25.0,,,13.0,7,6,,,10.0,11.0,7,6,,,6,6,7,11.0,6,6,41.0,4,6,6,8,,7,7,7,4,7,19.0,12.0,6,,,17.0,30.0,,,,,8.0,,23.0,,5,5,34.0,11.0,7,8.0,19.0,6,18.0,21.0,,,,25.0,5,11.0,,6.0,33.0,33.0,20.0,30.0,5,23.0,,10.0,,6,35.0,,,13.0,6,,23.0,36.0,,22.0,5,,,6,10.0,,,,,,15.0,,,10.0,7,,,,133,10
8,7,7,7,7,7,7,8,8,9,7,7,7,6,7,7,7,6,6,6,7,7,8,6,7,8,8,5,6,7,6,7,6,8,8,7,7,8,8,7,7,6,7,10,4,7,7,7,7,9,8,7,7,7,6,7,7,7,6,7,6,6,5,6,7,7,8,,7,7,7,8,27.0,8,7,8,8,7,7,7,7,6,2,3,5,7,5,6,7,7,8,8,8,7,8,7,7,8,8,7,7,6,8,5,6,6,6,5,8,8.0,,8.0,8,7,6,6,7,8,7,7,8,3,0,7,7,8,7,7,6,6,7,0,4,6,8,8,8,7,8,8,8,7,5,7,8,7,8,7,8,8,7,6,6,6,7,7,7,6,7,7,5,7,7,6,6,7,6,7,7,7,7,7,3,6,7,8,8,7,8,6,6,0,2,6,7,8,7,7,7,7,7,7,8,8,7,8,8,8,7,7,8,7,,7,8,8,7,8,7,6,6,6,6,8,7,7,8,7,7,7,7,7,7,7,8,6,7,8,7,7,7,7,6,6,7,8,7,8,8,8,8,8,7,7,8,7,9,9,8,6,7,7,6,7,7,7,6,8,7,8,8,7,8,5,0,8,8,9,7,7,7,4,8,8,8,7,26.0,8,6,30.0,6,7,6,3,7,6,7,8,5,10.0,6,7,7,8,8,6,6,9,8,8,7,7,7,6,7,7,6,8,7,8,7,8,7,8,6,,8,8,6,9,7,6,9,7,9,7,7,7,8,7,,8,9,6,9,9,7,7,7,7,7,7,7,7,9,7,7,7,29.0,8,8,5,8,7,9,7,7,7,8,9,8,7,7,7,34.0,7,5,6,6,,7,7,0,7,9,7,6,5,5,6,7,7,43.0,,7,4,,4,7,7,6,7,4,6,7,6,7,7,,8,6,7,39.0,8,6,6,9,9,8,7,8,7,7,7,16.0,25.0,15.0,7,7,6,7,7,7,7,6,6,5,7,8,8,7,7,40.0,7,6,9,,8,7,16.0,7,6,8,6,8,7,8,8,8,,6,9,8,6,12.0,7,32.0,7,6,7,7,9,7,,7,8,8,7,7,8,8,8,,7,7,11.0,,9,7,,7,7,8,7,8,8,7,10,9,7,7,8,7,6,6,6,8,8,7,8,9,9,9,10,8,10,7,8.0,8,7,8,8,,7,9,7,8,8,6,8,7,9,32.0,8,,8,6,8,9,8,11.0,7,7,7,7.0,15.0,8,8,10.0,13.0,,8,8,7,7,8,7,8,7,7,7,8,7,22.0,15.0,9,,8,10,,6,,7,8,8,10,9,21.0,7,8,9,8,7,8,16.0,9,7,7,,9,7,8,,30.0,10,7,7,8,7,8,29.0,9,8,11.0,,,8,17.0,8,9,7,8,,13.0,38.0,,7,9,22.0,8,7,6,23.0,13.0,7,,24.0,9,43.0,9.0,8,,0.0,9,7.0,,8,,15.0,,10.0,27.0,,8,,14.0,8,22.0,8,7,7,8,8,17.0,12.0,6,5.0,,8,0.0,6,7,9,,,7,8,8,8,7,8,8,,21.0,8,9,,9,13.0,13.0,8,8,,8,25.0,14.0,7,9,8.0,,11.0,8,15.0,12.0,16.0,8,12.0,13.0,8,9,9,,10.0,,28.0,11,8,8,15.0,7,22.0,12.0,7,36.0,,11.0,36.0,8,9,8.0,31.0,12.0,17.0,8,7,10.0,8,8.0,8,11.0,8,,14.0,,7,9.0,18.0,6.0,,9.0,,4,0,16.0,,31.0,12.0,8,8,,8,0.0,9,,,,,,37.0,9,28.0,40.0,9,,,25.0,,,,6,9,40.0,42.0,,,12.0,25.0,,,,,,9,,10.0,,22.0,16.0,,,35.0,8.0,16.0,25.0,,8,10,37.0,12.0,,6,8,19.0,7,8,13.0,8,8,,8,27.0,6,8.0,8,9,,17.0,8,,7,,,,8,38.0,,20.0,11.0,,14.0,10.0,8,28.0,,,26.0,8,,8,,9.0,19.0,9,,,18.0,31.0,6,20.0,,6,8,,,,,,8.0,13.0,,7.0,26.0,,8,21.0,13.0,,,,18.0,,7,,41.0,8,,12.0,8,,,,,14.0,7,10.0,,12.0,7,,10.0,,8,,,24.0,,28.0,17.0,9,8,11.0,,22.0,18.0,9,8,,,7,8,9,12.0,9,7,25.0,9,8,9,10,,10,10,9,7,9,9.0,23.0,8,19.0,,,,,0.0,,,39.0,,15.0,,5,7,,34.0,9,25.0,16.0,8,15.0,39.0,,,,,7,35.0,,30.0,14.0,,24.0,8.0,7,10.0,,31.0,,8,,16.0,21.0,9.0,8,,,31.0,,19.0,8,,22.0,8,32.0,,,,,,24.0,,,,9,,,,134,10
8,8,7,8,7,7,7,8,8,9,7,8,7,7,8,3,7,7,7,7,7,7,9,7,8,8,9,8,7,8,7,8,8,8,9,8,8,9,8,8,6,7,7,10,6,7,7,8,8,9,9,8,9,8,8,8,8,8,7,8,8,8,7,7,7,8,0,26.0,7,6,8,8,17.0,8,7,8,9,8,8,8,7,7,6,3,6,8,7,6,8,8,8,8,8,8,8,8,7,0,8,8,8,8,9,8,9,4,6,6,8,,,,8,7,7,7,7,8,8,9,9,6,9,8,8,8,8,8,7,6,8,7,7,7,7,8,8,7,8,0,0,7,7,7,8,6,8,7,9,8,8,8,6,7,7,7,9,8,8,7,5,7,7,7,8,7,2,8,7,7,7,8,7,7,7,9,9,8,9,8,7,8,9,7,7,9,8,7,8,8,7,7,9,9,8,8,7,8,8,8,9,8,26.0,8,8,9,8,8,7,7,7,5,7,9,7,7,8,7,8,8,8,7,7,7,9,8,7,8,8,8,8,8,8,7,8,8,7,8,8,9,8,8,8,7,8,7,10,10,8,6,8,8,7,7,7,7,7,9,7,8,9,8,8,8,8,9,9,10,8,6,8,8,8,8,8,8,19.0,9,7,27.0,7,8,6,5,8,7,8,8,7,19.0,7,8,8,9,8,8,7,9,9,8,7,6,8,7,8,8,7,9,7,8,8,8,8,9,7,20.0,8,8,7,9,8,7,5,8,9,8,8,8,8,4,23.0,8,9,7,9,8,8,8,7,8,7,9,8,8,10,8,8,5,21.0,9,9,7,8,3,10,7,7,7,0,9,8,8,6,7,,7,7,7,8,,8,7,7,5,9,7,8,7,9,8,9,9,12.0,44.0,9,9,8.0,9,9,8,8,9,9,7,9,8,9,9,11.0,8,8,7,12.0,9,7,6,7,9,8,8,8,6,8,8,15.0,,24.0,8,8,5,7,8,7,8,6,8,8,7,8,7,7,8,32.0,8,6,10,,8,8,14.0,8,7,8,8,8,8,8,8,7,,7,9,8,7,,8,13.0,9,8,5,8,8,7,,8,9,8,8,8,8,9,9,15.0,7,6,20.0,,9,5,43.0,7,8,8,8,8,8,7,9,8,7,7,9,8,7,7,7,8,9,8,9,9,9,9,10,8,10,7,24.0,8,7,9,7,,7,9,8,10,10,7,9,8,9,22.0,9,,9,8,9,10,8,40.0,7,8,7,9.0,10.0,9,8,41.0,,,8,8,7,8,8,4,8,6,8,7,7,7,9.0,8.0,9,37.0,9,7,9.0,4,,9,9,8,10,9,15.0,8,6,9,8,8,8,22.0,9,8,8,,9,8,9,,14.0,11,8,9,8,7,8,41.0,8,7,32.0,,15.0,9,41.0,9,10,7,9,,17.0,,,8,9,13.0,7,8,7,13.0,12.0,7,29.0,36.0,9,23.0,13.0,9,,14.0,9,24.0,,9,,11.0,,25.0,43.0,,9,,10.0,8,15.0,9,8,8,9,8,10.0,7.0,9,21.0,,8,39.0,8,8,10,,,8,7,8,9,8,8,8,,17.0,8,9,,9,0.0,34.0,9,8,,8,16.0,34.0,8,10,,0.0,,8,16.0,7.0,11.0,8,13.0,24.0,8,9,9,,,0.0,18.0,12,9,8,21.0,9,27.0,41.0,8,21.0,,26.0,12.0,10,10,28.0,15.0,20.0,11.0,9,8,,9,,9,11.0,9,21.0,12.0,,8,,11.0,,20.0,14.0,16.0,7,7,10.0,,,16.0,9,9,,8,11.0,9,40.0,0.0,,,,32.0,9,,,9,,,32.0,,,,9,9,32.0,,,41.0,37.0,43.0,,12.0,10.0,,,9,,8.0,,9.0,25.0,,20.0,44.0,,9.0,13.0,25.0,8,10,8.0,12.0,43.0,8,8,12.0,8,9,26.0,9,8,15.0,8,27.0,6,,9,9,,,9,,7,18.0,,,8,15.0,,33.0,44.0,,36.0,,9,,,22.0,14.0,8,,9,,24.0,10.0,0,43.0,,21.0,25.0,7,,,7,9,,,,,8.0,,33.0,13.0,12.0,22.0,,9,17.0,22.0,,,,44.0,,8,,,9,,9.0,8,13.0,,41.0,,,8,11.0,,11.0,8,,23.0,,8,,,,,9.0,41.0,10,9,24.0,,,9.0,9,8,,,9,9,10,,9,9,32.0,9,9,9,10,,9,10,9,7,4,,11.0,9,,,21.0,34.0,,,,,,,,,8,8,44.0,14.0,7,9.0,18.0,9,,16.0,,,,19.0,8,,,30.0,30.0,,23.0,25.0,8,10.0,,15.0,,9,,25.0,13.0,12.0,9,,9.0,22.0,,,9,,15.0,9,,,,,,,37.0,,,12.0,10,,,,135,10
5,5,5,5,4,4,5,5,5,6,5,5,4,4,5,5,4,4,4,4,4,3,6,4,5,5,6,5,4,5,5,5,6,4,6,4,5,6,5,5,5,4,5,7,4,5,5,5,5,7,6,5,6,5,5,5,5,5,4,5,5,5,3,4,4,4,5,14.0,4,4,5,6,,6,4,6,6,4,5,4,1,4,1,4,2,5,3,4,5,5,5,5,2,5,5,5,4,5,6,5,5,6,6,5,6,4,4,3,5,20.0,40.0,8.0,6,5,4,4,5,5,5,7,6,3,6,5,5,5,5,4,4,3,5,4,4,4,6,5,6,4,5,4,5,4,4,5,5,4,5,4,6,6,6,5,0,4,4,5,6,5,5,5,3,5,5,4,5,4,3,5,4,4,4,5,4,2,4,6,6,5,6,3,4,5,6,3,4,6,5,4,4,4,5,5,6,5,5,5,5,5,5,5,6,4,,3,5,6,5,5,5,4,4,1,4,6,5,5,5,5,5,6,6,4,4,4,6,5,4,5,5,5,5,5,5,3,5,5,4,5,4,6,6,6,5,5,5,5,7,7,5,3,6,5,4,4,3,4,4,4,5,5,6,5,5,5,6,6,6,7,5,4,6,5,5,6,6,5,,6,5,,4,5,2,4,5,4,5,3,5,16.0,2,5,5,5,6,5,4,6,6,6,4,3,5,4,5,5,5,6,5,5,5,4,5,6,5,16.0,5,6,5,6,5,6,6,6,6,5,4,5,6,4,10.0,5,6,4,7,6,5,5,5,5,4,6,5,6,7,6,5,6,11.0,6,6,5,6,5,7,4,4,4,5,6,5,5,2,5,17.0,4,4,4,5,18.0,6,4,5,5,0,4,5,5,6,5,6,6,,7.0,6,6,29.0,6,6,6,6,6,6,4,6,5,6,6,28.0,6,5,4,,6,4,4,6,6,5,5,6,5,5,4,25.0,16.0,8.0,5,5,5,4,5,5,5,4,5,4,4,5,5,3,5,,4,4,4,,6,5,,5,4,6,5,6,5,6,6,6,,5,7,6,4,15.0,5,6.0,5,4,2,5,6,5,,5,6,5,5,5,6,6,6,6.0,4,4,33.0,6.0,6,5,0.0,0,2,5,5,5,6,5,7,7,5,5,6,5,4,4,4,6,6,5,6,5,5,6,7,5,7,4,30.0,5,5,6,6,31.0,4,7,5,7,7,4,5,5,7,,6,,6,5,6,7,3,26.0,4,5,3,,7.0,6,5,25.0,,10.0,5,6,5,5,5,4,6,4,4,5,5,5,31.0,8.0,6,26.0,5,8,28.0,5,,5,6,5,7,6,23.0,3,5,7,5,5,6,34.0,7,5,6,,6,5,5,,,8,5,6,6,5,6,4.0,6,5,,,5.0,6,12.0,6,7,5,5,0.0,12.0,29.0,,5,6,,6,5,5,11.0,22.0,5,0.0,12.0,7,26.0,23.0,6,,30.0,7,,,6,,,24.0,7.0,,,6,,,5,,6,5,5,6,5,9.0,10.0,5,6.0,,3,,5,5,7,,,5,5,0,6,5,5,5,,22.0,4,6,,7,,,6,5,,6,7.0,5.0,5,7,,,26.0,5,12.0,15.0,7.0,5,12.0,13.0,6,6,6,,0.0,,,8,6,6,14.0,6,37.0,,5,4.0,,30.0,16.0,7,7,,6.0,8.0,,6,5,32.0,6,23.0,6,9.0,5,10.0,36.0,,5,10.0,9.0,13.0,24.0,18.0,11.0,4,5,,,13.0,,6,6,,5,8.0,6,16.0,20.0,,,,13.0,6,12.0,0.0,7,22.0,,18.0,,,,6,6,,28.0,,22.0,31.0,15.0,,,32.0,,,7,,26.0,,,9.0,,10.0,33.0,,8.0,19.0,,6,7,12.0,6.0,7.0,5,6,,5,6,41.0,6,6,10.0,5,14.0,2,,6,6,,19.0,6,,4,34.0,,,6,7.0,,,11.0,,36.0,12.0,5,,16.0,39.0,27.0,5,,6,13.0,17.0,16.0,7,41.0,,33.0,,4,4.0,,4,6,,,,,18.0,30.0,7.0,39.0,26.0,6.0,,6,23.0,9.0,,,31.0,15.0,,5,,16.0,7,,31.0,6,6.0,,30.0,,24.0,5,39.0,,14.0,5,,27.0,,6,,,11.0,,,25.0,7,6,4.0,,28.0,10.0,6,6,,,6,6,7,20.0,6,6,,6,6,6,8,,7,7,7,4,7,,11.0,4,36.0,,20.0,,,14.0,,,16.0,,,,4,0,8.0,,7,9.0,5.0,6,9.0,,,,,,5,14.0,,31.0,18.0,20.0,,,5,9.0,,16.0,,6,29.0,12.0,6.0,9.0,6,,41.0,27.0,,21.0,7,6.0,8.0,6,6.0,,,,,,,,,,7,,,,136,10
5,2,4,4,4,4,5,5,5,6,4,5,2,3,5,3,3,4,4,4,2,3,5,4,5,5,5,5,4,4,4,5,5,5,5,4,4,5,5,5,4,4,4,5,4,3,4,5,5,7,6,5,6,5,5,5,5,5,3,5,5,5,1,2,4,5,5,10.0,4,4,5,6,14.0,6,4,5,5,5,4,4,4,4,3,4,4,5,3,3,5,4,5,5,5,4,5,5,4,6,5,5,3,5,6,5,5,4,3,3,5,6.0,6.0,,6,4,4,4,0,5,5,6,6,1,6,5,5,5,5,4,4,3,5,4,4,4,5,5,5,2,5,5,5,5,4,4,6,4,5,4,6,6,5,5,4,4,4,4,6,5,4,5,3,4,3,4,4,4,4,5,4,3,4,5,4,4,4,6,5,5,6,3,4,5,5,1,4,6,5,4,4,4,2,5,6,5,5,5,5,5,5,5,6,4,28.0,3,5,6,5,5,4,4,4,2,4,5,4,4,5,5,5,5,5,4,4,5,6,5,4,5,5,5,4,5,5,4,5,5,4,5,5,6,6,6,5,5,5,4,7,6,6,3,5,5,4,0,4,4,4,6,4,5,5,5,5,4,5,6,6,7,5,4,5,5,5,5,5,5,7.0,6,4,19.0,3,4,4,4,5,4,4,5,5,11.0,4,5,3,6,5,4,4,6,6,5,4,4,5,4,4,5,4,6,4,5,5,5,5,6,4,10.0,5,5,4,6,4,5,5,5,6,5,4,5,6,3,,5,6,4,6,6,5,4,4,4,2,6,5,5,7,5,5,6,,6,6,4,5,4,7,4,4,4,5,6,5,5,4,4,5.0,4,4,4,5,31.0,5,4,5,5,6,4,5,4,6,5,6,6,17.0,40.0,6,6,37.0,5,5,5,5,6,6,4,4,5,6,5,,5,4,4,13.0,5,4,3,6,4,5,5,5,5,5,5,42.0,,15.0,5,4,3,3,5,5,4,3,5,4,4,5,0,4,4,,5,3,7,,5,2,,5,4,5,5,5,5,5,5,5,,4,7,4,5,15.0,5,5.0,5,4,4,5,5,4,,4,6,5,5,5,6,5,0,5.0,4,4,15.0,,6,5,17.0,2,5,5,5,5,5,4,7,7,4,4,0,5,4,4,4,6,5,5,6,6,6,6,7,5,7,5,,5,0,6,6,29.0,5,7,5,7,7,4,6,4,6,28.0,6,,6,2,5,7,6,14.0,4,5,4,8.0,7.0,6,5,41.0,31.0,8.0,5,5,4,5,5,4,5,1,5,4,5,4,22.0,0.0,6,20.0,5,7,7.0,5,,5,6,5,7,6,20.0,5,5,6,5,5,6,12.0,7,5,5,,6,5,5,,5.0,7,5,6,5,5,5,7.0,4,5,26.0,,,6,5.0,5,6,5,5,,11.0,,,5,6,10.0,6,5,5,10.0,10.0,5,6.0,18.0,7,36.0,29.0,6,,18.0,6,,,6,0.0,,,,40.0,,6,,19.0,5,,6,5,4,6,5,,26.0,5,11.0,,6,12.0,5,5,7,,,5,5,5,6,5,5,5,,8.0,5,6,,6,12.0,11.0,6,5,,6,,15.0,5,7,30.0,,8.0,5,12.0,10.0,5.0,4,13.0,,5,6,6,,32.0,,,7,6,6,18.0,6,12.0,32.0,4,26.0,,9.0,30.0,6,7,0.0,25.0,8.0,39.0,5,5,23.0,6,13.0,6,9.0,6,,0.0,,5,9.0,11.0,20.0,27.0,18.0,44.0,4,4,,,30.0,17.0,6,5,,5,24.0,6,,7.0,,,,12.0,6,14.0,36.0,6,6.0,,26.0,,,,6,6,9.0,6.0,,7.0,8.0,5.0,,5.0,8.0,,,6,,8.0,,,27.0,,,25.0,26.0,28.0,,7.0,6,7,,8.0,26.0,5,5,,4,5,8.0,3,6,,6,,4,,6,4,,,6,,4,,,,5,8.0,,7.0,14.0,,21.0,11.0,6,36.0,42.0,22.0,,4,,5,25.0,9.0,33.0,7,,,16.0,22.0,4,10.0,,4,5,,,,,7.0,23.0,17.0,38.0,34.0,14.0,,6,,39.0,,,11.0,9.0,,5,,,5,,13.0,6,,,,,36.0,5,,,,5,,28.0,,5,,,40.0,,16.0,9.0,7,6,,,,19.0,6,5,,,6,6,7,,6,6,19.0,5,6,6,7,,7,7,6,4,6,,9.0,6,27.0,,6.0,27.0,,10.0,,,15.0,,13.0,,6,5,12.0,22.0,6,11.0,7.0,6,13.0,,,,,,5,24.0,,11.0,12.0,9.0,5.0,36.0,5,,,5.0,,6,,25.0,17.0,8.0,6,,,20.0,,7.0,6,,,6,16.0,,,,,,13.0,,,36.0,7,,,,137,10
11,10,10,10,10,10,9,6,11,11,10,10,10,9,10,10,10,9,8,10,10,9,11,10,11,11,11,10,10,10,9,10,11,11,11,10,10,11,11,9,11,8,10,12,10,9,10,10,10,11,1,10,11,11,11,11,11,11,10,11,11,11,5,10,10,10,11,9.0,9,10,10,0,20.0,11,10,11,11,10,10,9,10,9,9,9,4,11,8,9,11,10,11,11,11,10,10,10,10,11,0,10,10,11,11,11,11,9,9,8,10,22.0,27.0,31.0,7,10,9,10,10,11,11,12,11,9,11,10,10,11,11,10,9,9,11,10,10,10,11,11,11,10,11,11,11,10,9,10,11,10,10,10,12,11,11,11,9,10,10,10,12,11,10,10,9,7,10,10,11,10,9,10,10,9,10,11,10,10,10,12,11,11,11,10,9,11,11,10,10,11,10,10,10,7,10,10,11,11,11,11,11,10,11,10,11,10,48.0,10,11,11,5,10,10,10,7,9,9,11,7,10,11,11,10,11,11,10,10,10,11,11,10,11,8,10,10,10,10,10,9,11,10,11,9,11,11,11,10,10,11,10,12,12,11,9,11,11,10,6,10,10,9,11,9,11,11,10,11,10,11,11,11,12,11,10,11,10,11,11,11,11,37.0,11,10,44.0,6,9,9,10,11,10,11,11,10,,9,11,9,11,11,10,10,12,12,11,10,10,11,7,11,11,10,11,10,11,10,11,11,11,10,23.0,11,11,10,12,11,11,12,9,11,11,10,10,11,10,27.0,11,9,9,12,12,10,10,8,11,10,12,10,11,12,11,10,11,11.0,12,12,10,11,10,12,10,10,9,8,11,11,10,10,10,22.0,10,10,10,11,34.0,11,8,9,10,11,10,11,10,12,11,11,12,45.0,,11,12,17.0,11,11,11,11,12,12,10,12,11,12,11,32.0,11,11,10,,11,10,9,11,9,11,10,11,9,10,11,41.0,,21.0,10,10,9,10,10,10,11,10,11,10,10,12,11,10,0,14.0,2,8,12,,11,10,23.0,10,10,11,11,11,10,12,11,11,,8,12,11,10,,11,34.0,11,10,10,10,12,10,,10,12,10,10,11,11,11,11,16.0,10,9,39.0,16.0,12,10,13.0,10,11,10,11,11,11,10,12,12,10,10,11,10,10,9,10,11,11,10,9,11,12,11,12,10,12,9,27.0,10,10,10,11,35.0,10,12,10,12,12,9,11,11,12,,11,,11,10,11,13,11,15.0,10,11,9,40.0,21.0,11,11,14.0,13.0,15.0,11,11,10,10,11,10,11,10,10,10,11,10,19.0,20.0,11,25.0,11,13,41.0,10,,11,11,11,12,12,,11,10,12,11,11,11,16.0,12,10,11,,12,11,11,,,13,11,11,11,10,0,,12,10,11.0,,19.0,11,10.0,11,12,10,11,,23.0,,,10,11,39.0,12,11,10,15.0,13.0,10,28.0,29.0,12,20.0,30.0,11,,27.0,12,17.0,,11,23.0,20.0,40.0,32.0,35.0,,12,,27.0,11,12.0,11,11,10,11,11,27.0,,11,21.0,,11,,10,11,12,,,10,7,11,12,11,11,8,,36.0,8,12,,11,,37.0,12,11,,11,31.0,,11,13,,,17.0,11,15.0,15.0,32.0,11,19.0,27.0,11,11,11,,46.0,,13.0,14,11,8,28.0,11,,33.0,11,,,39.0,16.0,12,9,40.0,18.0,16.0,26.0,12,10,,12,20.0,10,15.0,12,,,,11,,48.0,,,,16.0,10,10,37.0,,0.0,,12,0,,11,,12,,35.0,,,,17.0,11,12.0,23.0,11,10.0,,23.0,,,,11,12,,,,39.0,42.0,26.0,,25.0,14.0,,,10,,14.0,,14.0,30.0,,40.0,45.0,32.0,20.0,44.0,32.0,12,12,,11.0,,11,11,10.0,10,9,20.0,12,12,32.0,11,,9,,11,12,,26.0,11,,10,,,,11,12.0,,,,,,27.0,11,30.0,,,23.0,11,,11,11.0,33.0,22.0,13,26.0,,,24.0,10,29.0,,10,11,,,,,11.0,48.0,14.0,29.0,34.0,31.0,,12,,,,,41.0,45.0,,11,,,12,,23.0,12,16.0,,20.0,,,11,43.0,,10.0,10,,,,11,0.0,,12.0,,20.0,29.0,13,11,30.0,,16.0,21.0,11,11,,0.0,7,0,12,40.0,12,11,16.0,12,11,12,13,,13,13,12,9,12,42.0,23.0,11,29.0,,42.0,18.0,,0.0,,,26.0,,15.0,,11,10,23.0,24.0,12,10.0,,11,18.0,15.0,,,,,10,45.0,,11.0,16.0,47.0,23.0,,11,25.0,,25.0,,11,26.0,26.0,36.0,,11,,20.0,,,42.0,12,,,11,23.0,,,,,,15.0,,,18.0,13,,,,138,10
6,6,4,6,5,0,5,5,5,2,5,5,6,5,5,6,6,5,6,5,6,5,7,0,6,6,7,6,5,6,6,5,6,6,7,6,6,1,6,6,6,5,5,7,5,6,6,6,0,8,7,6,7,6,6,6,6,5,5,6,7,6,5,5,4,5,4,23.0,6,6,7,7,8.0,6,5,7,7,6,6,6,6,6,4,5,5,5,4,5,6,2,6,0,6,6,6,6,4,7,7,6,5,7,7,6,7,5,5,4,6,31.0,21.0,,7,4,5,5,5,6,6,8,7,5,7,6,7,7,6,6,5,5,6,5,3,2,6,6,6,6,6,7,7,4,5,6,7,6,6,6,7,7,6,6,6,6,6,6,7,7,6,6,4,5,4,6,6,5,5,5,6,5,5,6,6,5,6,7,6,6,7,6,6,6,6,5,6,8,6,6,6,5,6,6,7,6,6,6,6,6,6,6,5,6,6.0,5,6,6,4,6,6,6,6,5,3,6,6,5,7,7,6,7,7,6,6,6,7,7,6,7,6,6,6,6,5,6,6,6,5,6,5,7,5,7,6,4,7,6,7,7,7,5,7,6,4,5,6,6,5,7,6,6,7,5,7,6,3,6,6,7,6,6,6,6,6,7,7,6,9.0,6,6,33.0,5,6,6,5,6,5,6,7,6,21.0,6,6,5,6,7,6,6,5,7,7,6,6,5,6,6,3,1,7,6,4,6,6,6,7,6,,6,6,6,7,7,6,8,6,6,6,6,6,7,5,,6,6,5,7,8,6,1,5,6,4,7,6,7,7,7,6,7,18.0,7,7,6,7,6,9,6,6,6,6,6,0,6,5,6,,6,6,5,6,38.0,6,6,6,6,0,5,7,6,7,7,7,7,7.0,46.0,7,7,23.0,7,7,6,7,7,7,6,7,6,8,7,21.0,7,6,6,27.0,7,6,5,6,6,6,6,7,5,6,6,16.0,16.0,,5,6,5,5,4,6,6,5,6,6,5,7,7,6,6,,7,5,7,35.0,6,3,42.0,3,3,7,6,6,6,7,7,7,,3,7,6,6,,6,18.0,5,6,6,6,8,6,,6,7,5,6,6,1,7,7,24.0,6,5,,40.0,7,6,30.0,6,6,5,6,6,6,6,7,0,6,6,7,4,6,5,4,6,7,5,1,6,7,6,7,6,7,5,11.0,7,6,6,2,15.0,6,8,6,8,8,6,7,6,8,31.0,7,,6,5,6,8,1,27.0,6,6,5,25.0,29.0,7,6,,15.0,13.0,6,7,6,6,7,6,7,6,6,6,7,6,27.0,28.0,6,,7,8,20.0,6,,6,7,7,8,7,35.0,6,6,6,7,6,6,6.0,7,6,7,,8,4,7,,9.0,6,6,7,7,6,6,20.0,7,6,10.0,,13.0,7,8.0,6,8,6,6,,,,,6,6,12.0,7,6,6,21.0,24.0,6,30.0,18.0,8,12.0,,7,,28.0,8,38.0,,6,24.0,,,,,,7,,20.0,7,38.0,8,7,6,7,7,16.0,43.0,7,8.0,0.0,7,14.0,6,6,8,,,6,7,7,7,6,6,6,,15.0,6,7,,7,16.0,28.0,7,7,,7,9.0,24.0,6,8,26.0,,10.0,6,37.0,,15.0,6,8.0,12.0,6,2,6,,12.0,,9.0,8,6,7,10.0,7,,8.0,6,31.0,,33.0,18.0,8,5,7.0,19.0,18.0,,7,6,11.0,2,5.0,7,15.0,7,10.0,9.0,,6,,19.0,,14.0,45.0,18.0,6,6,16.0,,23.0,39.0,7,6,,6,,7,47.0,,,,,7.0,6,30.0,,8,21.0,,8.0,,,,5,7,13.0,17.0,,,,0.0,,11.0,41.0,,,8,,,,20.0,26.0,,14.0,8.0,29.0,31.0,16.0,,7,7,44.0,,,6,7,,5,7,,7,7,30.0,7,11.0,5,14.0,7,7,,29.0,5,,6,27.0,,,6,15.0,,36.0,13.0,,8.0,39.0,6,,12.0,,,5,,7,11.0,,11.0,8,,,,38.0,6,15.0,,5,7,,,,,7.0,29.0,24.0,8.0,,31.0,,7,31.0,30.0,,,,25.0,,6,,31.0,7,,,8,12.0,,20.0,,39.0,6,13.0,,,6,,7.0,,6,,,10.0,,,,8,7,,,8.0,15.0,7,6,,,7,6,8,,7,6,17.0,7,7,7,8,,9,8,7,5,8,22.0,,7,13.0,0.0,14.0,31.0,,,,,42.0,,11.0,,6,6,,10.0,3,28.0,,7,8.0,37.0,,,,39.0,6,47.0,,7.0,7.0,10.0,,9.0,6,19.0,,44.0,,7,36.0,17.0,,17.0,7,,36.0,18.0,,,7,15.0,43.0,6,35.0,,,,,,10.0,,,,8,,,,139,10
8,7,6,7,6,6,7,7,8,8,6,7,7,5,7,7,7,6,7,6,0,4,8,4,7,6,6,6,5,4,6,6,6,7,7,6,6,6,6,6,6,6,6,8,6,7,6,6,7,9,8,7,8,7,7,7,7,7,6,7,7,7,5,4,6,7,7,9.0,7,7,7,8,25.0,8,6,0,7,7,6,7,6,4,5,5,2,7,6,6,7,6,7,7,6,6,7,7,4,8,8,7,7,7,8,7,8,6,5,6,7,20.0,7.0,8.0,8,6,5,5,4,7,7,8,8,5,8,6,7,7,7,7,6,6,8,7,6,6,7,6,6,6,7,7,7,4,6,6,8,6,7,6,9,8,8,6,6,7,7,7,8,8,7,7,5,7,7,6,7,5,6,7,6,5,5,7,6,6,7,8,8,7,8,7,7,8,8,6,6,8,7,6,6,6,7,7,8,8,7,7,7,7,7,7,8,7,30.0,7,7,8,7,7,7,6,6,6,6,6,7,7,8,8,7,8,7,7,6,7,8,7,7,7,7,7,7,7,6,5,7,7,6,7,7,8,8,8,4,5,7,6,9,9,7,4,8,5,6,7,6,6,6,8,7,7,3,6,8,6,8,8,8,9,0,7,7,7,7,8,8,8,15.0,8,6,,6,7,6,6,7,5,7,7,7,36.0,6,7,7,8,6,7,7,8,8,7,7,6,7,6,7,7,6,8,7,7,7,7,7,8,7,21.0,7,8,6,8,6,7,8,7,8,7,6,7,8,6,19.0,7,8,6,9,9,0,6,6,1,6,8,7,7,9,8,7,8,,8,8,7,0,7,9,6,7,7,8,8,4,6,6,6,18.0,6,6,6,7,10.0,7,6,7,7,9,6,6,7,8,8,8,8,,29.0,8,8,12.0,7,8,8,8,8,8,7,8,7,9,8,14.0,8,6,7,,8,6,6,8,8,7,6,8,6,7,7,,,36.0,6,7,6,6,7,7,7,6,7,7,6,8,8,7,7,21.0,8,6,9,10.0,5,3,27.0,7,7,7,6,7,7,8,8,7,,7,9,8,7,23.0,6,,5,7,7,6,8,6,,7,8,7,7,8,8,7,8,24.0,6,6,,11.0,8,7,29.0,7,7,6,7,7,7,6,7,9,7,7,8,7,6,6,6,8,7,7,8,8,9,9,9,7,9,6,27.0,7,7,8,7,23.0,7,9,7,9,9,6,8,7,9,,8,,8,7,7,9,8,8.0,6,8,3,35.0,13.0,8,7,,,34.0,8,8,7,7,7,6,7,6,7,7,7,7,11.0,12.0,8,12.0,7,10,,7,,8,8,7,10,9,29.0,7,7,9,7,7,8,20.0,9,7,7,,8,6,7,,,9,7,8,7,7,7,17.0,8,7,26.0,,28.0,7,19.0,8,7,6,8,,13.0,,,7,8,22.0,8,7,7,8.0,,7,8.0,9.0,9,21.0,30.0,8,,22.0,0,13.0,,8,,32.0,15.0,21.0,23.0,,8,,32.0,7,,8,7,7,8,8,19.0,32.0,8,12.0,,7,,7,7,9,,,7,7,7,8,7,8,7,,11.0,7,8,,9,32.0,,8,4,,8,34.0,21.0,7,9,8.0,,24.0,5,10.0,8.0,8.0,3,,8.0,8,9,8,,8.0,,25.0,9,8,8,,8,8.0,26.0,7,,,10.0,11.0,8,9,20.0,7.0,12.0,32.0,7,7,12.0,7,11.0,7,13.0,8,15.0,,,7,,30.0,10.0,,,24.0,7,7,12.0,,16.0,17.0,7,8,,7,15.0,8,26.0,16.0,,,,12.0,8,,24.0,8,22.0,,11.0,,,,8,8,10.0,,,9.0,9.0,13.0,,9.0,,,,9,,8.0,,15.0,,,12.0,,15.0,12.0,11.0,14.0,7,9,23.0,,,7,8,22.0,7,8,,8,7,16.0,8,13.0,6,25.0,8,9,,26.0,8,,7,23.0,,,8,23.0,,18.0,17.0,,20.0,,8,,28.0,,12.0,7,,7,10.0,,15.0,9,21.0,,26.0,27.0,7,32.0,0.0,7,6,,,,,12.0,29.0,9.0,28.0,13.0,17.0,,7,12.0,,,,8.0,7.0,0.0,7,,16.0,3,,,9,33.0,,20.0,,,7,8.0,,,7,,10.0,,7,,,,,,11.0,9,8,,,28.0,25.0,9,7,,,8,8,8,19.0,8,8,13.0,8,7,8,9,,10,9,8,6,9,20.0,,8,26.0,,27.0,22.0,,18.0,,,14.0,,14.0,,8,7,19.0,18.0,8,13.0,10.0,8,15.0,,,,,,7,9.0,,,19.0,36.0,11.0,,2,22.0,,13.0,,7,11.0,11.0,,16.0,7,,,31.0,,,8,,24.0,8,,,,,0.0,,,,,8.0,0,,,,140,10
6,5,5,5,5,5,5,5,6,6,5,5,2,4,5,5,5,5,4,5,5,4,6,5,6,6,6,6,5,5,5,5,6,6,6,5,5,6,6,6,6,5,5,8,5,5,3,6,5,7,6,5,5,5,6,6,6,6,5,6,5,5,4,4,4,5,6,18.0,5,5,6,0,36.0,6,5,6,6,5,5,5,5,4,3,4,5,5,4,4,5,4,6,6,6,5,5,5,5,5,6,6,6,6,6,5,0,4,4,4,6,26.0,13.0,12.0,6,5,4,5,5,6,6,7,6,1,6,6,6,6,6,5,4,4,5,5,5,5,6,6,6,3,6,5,6,5,4,5,6,5,5,5,5,5,5,6,1,5,5,5,6,3,5,3,3,3,5,5,5,5,4,5,5,4,5,6,5,5,5,7,6,6,6,4,5,5,6,4,5,7,5,5,5,5,5,3,6,6,6,6,6,6,6,5,6,5,26.0,5,6,6,5,6,5,2,4,4,4,5,5,5,6,6,5,6,6,5,5,5,6,6,2,6,6,6,5,3,5,5,5,6,5,4,5,6,6,6,5,5,6,5,6,5,6,4,6,6,4,5,4,0,4,6,5,6,6,6,5,5,3,6,0,6,6,3,6,5,6,6,6,6,19.0,4,4,30.0,2,5,4,4,5,5,5,4,5,30.0,5,6,5,6,6,3,5,7,7,6,4,5,6,2,5,5,5,6,5,6,5,6,6,6,5,18.0,6,6,5,7,5,5,7,6,6,6,5,5,6,5,,6,7,5,7,7,6,6,5,6,4,7,0,5,7,2,5,5,15.0,6,6,4,6,5,8,2,5,5,6,7,6,6,5,5,14.0,4,5,5,4,0.0,6,4,5,3,7,5,5,4,6,5,6,6,8.0,20.0,6,6,36.0,6,5,5,5,6,5,5,6,4,6,6,8.0,5,6,5,26.0,6,5,5,7,6,5,5,6,5,5,6,23.0,31.0,18.0,6,6,5,4,5,5,6,4,6,5,5,6,6,5,5,25.0,6,4,7,,6,5,,5,5,6,6,6,5,6,6,6,,5,7,6,5,,6,10.0,6,5,5,5,7,5,0.0,4,7,6,5,6,6,6,6,13.0,5,5,11.0,36.0,6,5,17.0,5,5,6,1,6,6,3,8,8,5,4,6,5,5,5,5,6,6,6,6,7,7,7,8,6,8,5,14.0,6,5,6,6,10.0,5,7,6,7,7,5,6,5,7,26.0,6,,6,5,5,6,6,5.0,4,6,4,17.0,11.0,6,6,9.0,19.0,,6,6,5,5,6,5,6,5,6,5,6,5,,10.0,6,10.0,6,8,11.0,6,,6,6,4,3,7,12.0,6,6,7,4,6,6,7.0,7,5,6,,7,6,6,,,8,6,6,6,5,6,,6,6,15.0,,,6,37.0,6,7,5,6,,,36.0,,5,6,9.0,7,5,4,25.0,38.0,5,7.0,18.0,7,,20.0,6,,13.0,7,11.0,,7,14.0,14.0,19.0,31.0,36.0,,5,,38.0,6,28.0,7,6,5,6,6,6.0,,6,22.0,,6,9.0,5,6,7,,,5,6,6,7,5,5,6,,,6,7,,4,13.0,8.0,7,6,,6,,11.0,6,7,16.0,,24.0,6,6.0,32.0,,6,38.0,16.0,6,7,6,,37.0,,12.0,8,6,7,37.0,6,,27.0,5,14.0,,23.0,,7,7,6.0,7.0,6.0,21.0,7,3,8.0,5,32.0,6,8.0,6,19.0,,,6,,10.0,8.0,9.0,,,5,5,,,5.0,4.0,7,6,,6,12.0,6,18.0,29.0,,,,33.0,7,15.0,,7,24.0,,19.0,,,,6,7,14.0,7.0,,,,25.0,,10.0,27.0,,,7,,,,8.0,,,16.0,,,31.0,9.0,,7,7,,26.0,,5,6,14.0,5,5,,6,0,15.0,7,,4,,6,6,,,6,,5,,,,6,,,31.0,7.0,,,15.0,6,20.0,14.0,,21.0,6,,7,,,32.0,7,,,32.0,,5,19.0,,5,7,,,,,30.0,10.0,0.0,,8.0,,,7,21.0,18.0,,,,16.0,,6,,20.0,7,,0.0,7,26.0,,7.0,,33.0,6,12.0,,,5,,22.0,,6,,,23.0,,15.0,14.0,7,6,11.0,,,21.0,7,6,,,6,6,8,15.0,7,7,12.0,7,7,5,7,,8,7,6,5,7,,13.0,6,13.0,,27.0,10.0,,15.0,,,22.0,,7.0,,6,4,27.0,,7,14.0,5.0,6,14.0,,,,,,5,38.0,,9.0,17.0,9.0,8.0,32.0,6,11.0,,30.0,,7,12.0,23.0,7.0,13.0,7,,29.0,32.0,,29.0,7,16.0,37.0,6,,,,,,,14.0,,,30.0,6,,,,141,10
7,7,7,7,7,6,7,7,8,9,7,7,6,7,7,7,7,6,7,7,6,6,8,7,8,8,8,8,6,7,5,7,8,8,8,7,7,8,8,8,8,6,5,10,6,8,7,7,8,9,9,7,8,7,8,8,8,8,7,8,7,7,6,5,7,7,8,13.0,6,6,8,8,9.0,8,6,8,8,7,7,7,0,6,3,6,6,7,3,6,8,7,8,8,4,7,8,5,7,9,8,8,8,8,8,7,7,5,5,6,7,,33.0,9.0,8,7,6,6,7,8,7,9,8,4,8,7,8,8,8,7,6,6,5,7,7,7,8,8,8,7,8,8,8,7,6,7,8,5,7,6,8,5,7,7,7,7,7,7,8,7,7,7,4,7,7,7,8,7,6,7,7,6,7,8,6,6,7,9,8,7,8,7,7,7,7,6,5,9,7,6,3,5,6,7,8,8,8,8,8,7,7,7,8,7,33.0,7,8,8,7,7,7,7,7,7,6,8,6,6,8,8,7,8,8,7,6,7,8,7,7,8,7,6,6,7,7,7,7,8,7,8,8,8,8,8,8,7,8,7,9,9,8,6,0,8,7,7,7,6,6,8,7,7,8,7,8,7,8,8,8,9,7,7,8,7,8,8,8,8,,8,7,23.0,6,7,6,6,7,7,5,7,7,39.0,7,8,7,8,8,7,6,8,6,7,7,7,8,7,8,8,7,8,7,7,7,7,7,8,7,7.0,2,8,7,9,7,7,9,8,8,7,7,7,8,6,,8,8,7,9,9,7,7,5,7,7,8,7,8,9,8,8,8,11.0,8,8,7,8,7,10,7,7,7,8,9,8,8,7,7,27.0,7,6,6,7,25.0,8,7,7,7,9,7,7,3,8,0,8,5,22.0,6.0,8,8,35.0,6,0,8,7,8,8,6,6,7,8,8,20.0,8,7,7,7.0,7,7,6,9,8,7,7,8,7,7,8,15.0,,23.0,7,7,7,6,7,7,8,6,8,7,7,9,8,7,7,8.0,8,6,9,40.0,8,7,,7,7,8,8,8,7,9,8,8,,6,9,8,7,,7,,6,7,6,5,9,7,,7,8,8,0,8,8,8,8,,6,7,,,9,7,12.0,2,8,8,7,8,8,7,9,9,6,6,8,7,7,7,6,8,8,6,8,9,9,9,10,8,10,7,8.0,6,6,9,8,15.0,7,9,8,9,9,7,8,7,9,,8,,8,7,8,9,8,13.0,5,8,6,,24.0,7,7,12.0,8.0,4.0,8,8,7,7,8,6,8,7,1,7,6,8,22.0,23.0,8,13.0,8,10,22.0,7,,8,8,8,8,9,,7,8,9,8,8,8,,9,8,7,,9,8,7,,10.0,7,8,8,8,7,8,20.0,9,7,30.0,,15.0,8,,9,9,7,8,,24.0,30.0,,7,9,26.0,8,7,7,9.0,,7,37.0,15.0,9,,35.0,8,,26.0,9,8.0,,8,27.0,,28.0,10.0,28.0,,9,,12.0,8,18.0,9,7,7,9,8,31.0,14.0,8,,,8,33.0,8,8,9,,,8,7,2,9,8,7,7,,36.0,7,8,,9,11.0,,8,7,,8,,27.0,8,9,15.0,,,7,,6.0,,7,,,8,9,9,,13.0,,18.0,9,8,9,,7,12.0,32.0,8,30.0,,8.0,27.0,9,9,18.0,,8.0,9.0,8,7,21.0,8,42.0,8,9.0,8,14.0,17.0,,8,,37.0,,23.0,40.0,24.0,3,5,,,12.0,,9,8,,7,33.0,8,11.0,21.0,,,,22.0,8,38.0,7.0,9,13.0,,24.0,,,0.0,8,8,7.0,,,17.0,31.0,,,18.0,9.0,,,9,,27.0,0.0,6.0,,,30.0,24.0,,18.0,,9.0,8,9,29.0,26.0,20.0,7,8,18.0,7,8,21.0,8,8,,8,23.0,6,,8,9,,30.0,8,,7,22.0,,,8,,,12.0,13.0,,13.0,15.0,8,26.0,21.0,,0.0,8,,8,17.0,,20.0,9,,,23.0,10.0,7,15.0,,7,8,,,,,15.0,,23.0,,9.0,,,8,15.0,33.0,,,34.0,8.0,,8,,31.0,9,,33.0,9,,,15.0,,18.0,8,,,10.0,7,,25.0,,8,,,20.0,,8.0,20.0,9,8,24.0,,37.0,21.0,9,8,,,8,8,9,34.0,9,8,14.0,9,8,9,10,,10,10,9,7,9,28.0,19.0,8,8.0,,,30.0,,11.0,,,13.0,,,,8,7,15.0,15.0,8,11.0,,8,16.0,29.0,,,,34.0,7,13.0,,20.0,0.0,0.0,13.0,,7,,,11.0,,8,10.0,38.0,26.0,7.0,8,,28.0,,,13.0,9,40.0,30.0,8,10.0,,,,,,,,,21.0,9,,,,142,10
6,6,4,5,4,4,4,6,6,7,6,6,6,4,6,5,5,5,5,5,5,5,7,5,3,6,6,6,5,6,5,6,6,6,6,5,6,5,6,6,6,5,5,8,5,6,5,6,5,7,6,6,7,6,5,5,5,4,3,5,6,6,5,4,2,5,6,16.0,5,5,6,6,15.0,6,5,6,6,5,6,6,3,5,4,4,4,6,5,4,5,5,6,4,6,5,6,6,5,7,6,6,6,6,6,6,6,4,5,4,6,7.0,0.0,19.0,6,5,4,3,5,6,6,7,5,4,7,6,6,6,5,6,5,4,6,5,5,5,6,6,6,4,5,6,5,5,5,6,6,5,6,5,7,6,6,6,5,5,5,5,7,6,5,6,4,6,5,5,5,5,2,5,5,5,5,3,5,5,4,6,6,6,7,6,5,6,6,4,5,7,6,5,6,5,5,5,6,5,5,2,6,6,6,6,6,5,,6,6,7,6,6,5,5,5,4,4,4,5,5,5,6,5,6,6,2,5,5,7,6,5,6,6,6,6,6,5,5,5,6,5,6,6,6,5,6,6,5,6,6,7,7,6,4,6,6,3,5,5,3,5,6,5,6,6,4,7,5,6,7,7,8,4,5,6,4,0,6,6,6,6.0,7,5,,4,4,0,4,6,1,5,6,5,9.0,3,6,6,6,6,5,5,7,6,6,5,5,5,5,5,4,5,6,4,0,6,5,6,6,5,27.0,6,6,5,7,6,4,7,5,7,6,5,6,6,5,26.0,6,7,5,7,6,6,5,5,6,5,7,6,6,8,6,6,6,,7,7,5,6,6,8,5,5,5,6,7,6,6,5,5,12.0,5,5,5,6,,5,5,5,5,7,5,6,5,5,5,6,7,12.0,10.0,7,6,7.0,6,6,6,6,7,7,5,7,5,7,6,18.0,6,6,5,,6,5,5,7,6,1,6,6,1,5,5,41.0,,16.0,6,6,5,5,6,5,6,5,6,5,5,6,6,5,5,8.0,6,4,7,35.0,6,5,,5,5,6,6,6,6,6,6,6,,5,7,7,5,,5,28.0,6,5,5,5,7,5,,5,6,6,6,6,6,6,7,24.0,5,5,15.0,28.0,7,5,11.0,5,5,6,6,6,6,5,8,8,5,5,7,5,5,5,5,6,7,6,6,7,7,7,8,6,8,5,,6,5,7,6,,5,7,6,7,7,5,6,2,7,22.0,7,,2,5,6,8,6,20.0,5,6,0,16.0,14.0,6,6,22.0,,9.0,5,6,6,5,6,2,6,6,3,5,6,5,,15.0,7,25.0,6,8,3.0,6,,6,6,6,8,7,7.0,6,6,7,5,5,6,,8,6,6,,7,6,5,,8.0,8,5,6,6,5,6,18.0,7,6,,,,6,12.0,6,7,5,7,,4.0,,,6,7,15.0,6,6,5,30.0,40.0,5,31.0,8.0,8,27.0,17.0,7,,13.0,8,13.0,,6,,10.0,,29.0,12.0,,6,,39.0,6,15.0,7,6,6,7,6,12.0,22.0,6,22.0,,6,27.0,5,6,8,,,6,6,6,7,5,6,6,,13.0,6,7,,8,14.0,,6,6,,7,23.0,12.0,0,8,40.0,,,6,17.0,27.0,,6,7.0,34.0,5,7,7,,11.0,,32.0,9,7,7,21.0,7,,25.0,6,,,17.0,17.0,7,7,32.0,,24.0,6.0,7,6,21.0,5,28.0,5,23.0,7,26.0,,,5,7.0,42.0,,3.0,17.0,5.0,5,6,9.0,,,39.0,7,7,,5,,7,7.0,,,,,30.0,5,30.0,18.0,7,6.0,,13.0,,,,7,7,12.0,13.0,,8.0,6.0,18.0,,10.0,6.0,,,7,,,,29.0,16.0,,31.0,30.0,18.0,8.0,20.0,14.0,6,8,21.0,,,5,6,38.0,5,6,31.0,5,7,10.0,6,14.0,5,,6,7,,42.0,5,,6,,,,5,16.0,,9.0,21.0,,,26.0,6,31.0,7.0,19.0,16.0,5,,6,,8.0,36.0,8,,,,,5,,,4,6,,,,,36.0,,29.0,38.0,34.0,0.0,,7,15.0,21.0,,,,14.0,,5,,32.0,7,,,7,7.0,,9.0,,18.0,6,33.0,,,6,,7.0,,0,,,13.0,,7.0,26.0,8,7,14.0,,39.0,31.0,7,6,,,7,7,8,,6,7,38.0,6,7,7,8,,8,7,7,5,7,19.0,18.0,7,,,19.0,9.0,,,,,29.0,,38.0,,0,6,,32.0,6,29.0,34.0,7,16.0,25.0,,,,,6,32.0,,,0.0,17.0,,7.0,6,25.0,,,,7,18.0,21.0,33.0,8.0,7,,22.0,35.0,,16.0,7,5.0,,5,13.0,,,,,,27.0,,,25.0,7,,,,143,10
6,6,5,5,5,4,5,6,6,7,6,5,5,5,6,5,5,5,5,5,5,4,6,5,6,0,6,5,5,5,3,5,6,6,6,5,5,6,6,4,6,5,4,8,3,5,5,6,6,7,7,5,7,6,5,5,5,5,5,2,6,6,4,4,5,6,6,12.0,5,6,6,6,20.0,6,5,7,6,5,4,6,5,5,4,5,5,6,5,4,5,5,6,6,6,5,6,6,5,7,6,6,6,6,6,6,6,4,5,4,6,12.0,,26.0,7,5,1,5,5,6,6,7,7,4,7,6,6,6,6,5,4,3,6,5,5,5,6,5,6,0,6,6,6,6,5,6,6,5,6,5,7,6,4,6,5,5,5,4,7,6,5,5,4,5,5,5,6,5,4,6,5,4,4,6,5,5,5,7,7,6,7,6,5,6,6,4,5,7,6,5,5,5,6,6,6,6,3,6,6,6,3,5,6,5,33.0,5,6,6,4,6,5,5,0,4,3,7,5,5,6,6,5,6,6,5,5,5,7,6,5,6,6,6,6,6,6,5,5,6,4,6,6,7,6,6,6,5,6,5,8,8,6,4,6,6,3,5,4,5,5,7,5,6,6,6,7,5,7,7,7,8,6,5,4,5,6,5,6,6,13.0,7,5,6.0,5,5,5,4,6,5,5,6,6,34.0,5,6,6,6,6,5,5,6,7,7,2,1,0,4,6,6,6,6,5,6,6,6,6,7,5,18.0,6,6,5,7,6,6,7,6,7,6,5,5,6,5,13.0,0,7,5,7,7,5,6,5,6,5,7,6,6,8,6,6,7,,7,7,5,6,5,8,5,5,5,6,7,5,6,5,4,,5,5,5,6,28.0,5,5,6,6,7,5,5,5,7,6,7,7,,35.0,7,7,7.0,6,6,6,6,7,7,5,7,6,7,6,32.0,6,6,6,7.0,6,5,5,7,7,5,6,6,5,5,6,,,26.0,5,6,2,5,6,5,6,5,6,5,5,7,6,5,6,24.0,6,4,8,11.0,6,5,7.0,6,5,6,6,6,6,7,7,6,0.0,5,8,7,4,19.0,6,,7,6,4,5,7,5,,5,7,6,6,6,7,6,6,29.0,5,5,35.0,,7,6,42.0,5,5,6,6,6,6,5,8,8,5,5,7,5,5,5,3,7,6,6,7,8,8,7,8,6,8,5,16.0,5,5,7,7,32.0,5,7,6,7,7,5,6,5,7,31.0,7,,7,5,6,8,7,13.0,5,6,5,,19.0,7,6,,22.0,7.0,6,7,6,5,6,4,6,5,6,5,6,5,17.0,18.0,7,8.0,6,9,18.0,6,,6,7,6,8,7,23.0,6,6,8,6,6,7,13.0,8,6,6,,7,5,6,,9.0,9,6,6,6,6,6,26.0,7,6,36.0,,23.0,6,13.0,6,8,6,7,,9.0,,,6,7,,0,6,6,10.0,,5,22.0,8.0,8,9.0,7.0,7,,8.0,8,,,7,,27.0,38.0,17.0,,,7,,31.0,6,,7,6,5,7,6,,,7,42.0,,6,19.0,6,6,8,,,6,6,6,7,6,6,6,,15.0,6,7,,8,10.0,15.0,7,6,,7,15.0,,6,8,0.0,,0.0,6,18.0,,,6,26.0,,6,7,7,,12.0,,34.0,10,7,7,,7,,19.0,6,16.0,,22.0,14.0,7,6,12.0,6.0,19.0,11.0,6,6,27.0,7,41.0,6,6.0,7,17.0,12.0,,6,29.0,21.0,,23.0,39.0,28.0,6,5,9.0,,17.0,36.0,6,7,,6,,7,21.0,0.0,,,,8.0,7,,11.0,7,30.0,,,,,,7,7,19.0,8.0,,13.0,13.0,,,15.0,21.0,,,7,,17.0,,,18.0,,9.0,31.0,32.0,10.0,,20.0,6,8,13.0,8.0,,5,2,23.0,5,7,12.0,5,7,,7,,3,,7,7,,18.0,6,,5,,,,6,14.0,,25.0,,,14.0,11.0,7,27.0,16.0,40.0,8.0,6,,6,,15.0,9.0,8,32.0,,23.0,12.0,5,15.0,,3,6,,,,,36.0,,,36.0,15.0,12.0,,7,17.0,21.0,,,9.0,25.0,,6,,15.0,7,,10.0,7,16.0,,9.0,,10.0,6,38.0,,14.0,6,,40.0,,6,,,,,7.0,6.0,8,7,,,,12.0,8,6,,,7,6,8,10.0,7,7,36.0,7,7,7,8,,8,7,2,4,8,,13.0,7,,,10.0,13.0,,,,,,,13.0,,4,6,9.0,,7,13.0,36.0,7,8.0,10.0,,,,,5,10.0,,27.0,14.0,,32.0,40.0,6,,,21.0,,7,30.0,16.0,,34.0,7,,18.0,22.0,,7.0,7,11.0,,6,6.0,,,,,,20.0,,,32.0,7,,,,144,10
8,8,7,6,6,6,7,7,7,4,7,7,6,6,6,7,6,7,7,6,6,6,8,7,8,8,8,7,6,7,7,7,8,8,8,7,7,8,8,8,8,7,7,9,6,7,7,7,6,9,8,7,8,7,7,7,7,7,6,7,8,7,5,6,6,7,7,16.0,6,4,8,8,19.0,8,7,8,8,7,7,7,0,5,5,6,6,8,6,6,7,7,7,7,7,7,7,7,6,8,8,7,7,8,8,8,8,6,6,5,7,,,21.0,8,6,6,6,7,7,7,9,8,5,8,7,7,7,7,7,6,6,7,6,6,7,8,8,8,4,7,8,8,4,6,7,8,7,8,7,9,8,8,7,7,7,6,7,9,8,3,7,4,6,7,7,7,7,6,7,7,6,6,7,6,6,6,8,8,7,8,7,7,8,8,2,6,8,7,7,7,7,5,7,8,8,7,7,6,8,8,7,8,7,,7,8,7,7,8,7,4,6,6,6,7,7,7,8,5,7,8,8,7,7,7,9,8,7,7,8,7,7,7,7,6,7,7,4,7,7,8,7,8,7,6,7,7,8,8,8,5,7,7,6,7,7,7,6,8,7,7,8,7,8,7,7,7,8,8,8,7,7,7,7,8,8,8,11.0,8,7,33.0,3,7,6,6,8,6,7,7,7,,7,8,7,8,8,7,7,9,8,8,7,7,7,6,7,7,0,8,7,8,7,7,8,8,7,17.0,8,8,7,8,8,8,9,6,8,7,7,7,8,6,11.0,8,6,6,9,9,7,7,5,7,6,9,7,8,9,8,7,8,17.0,9,8,0,8,7,9,7,6,6,7,8,7,7,6,7,,6,6,6,8,17.0,8,6,7,7,8,7,8,7,8,8,8,8,,10.0,9,9,8.0,8,8,8,8,9,9,7,8,7,9,8,,8,5,7,12.0,8,3,6,8,8,7,7,8,7,7,0,19.0,,27.0,7,7,7,6,7,7,7,5,7,6,7,8,8,7,7,,8,6,9,18.0,8,7,25.0,7,7,8,7,8,7,8,8,8,,7,8,0,7,,7,30.0,8,7,7,7,9,7,,7,8,7,7,8,8,8,8,26.0,6,6,,29.0,8,7,10.0,7,5,8,7,8,8,5,6,9,7,7,8,7,6,6,7,8,8,7,7,0,8,8,9,7,6,7,42.0,7,6,8,8,11.0,7,9,7,9,9,6,8,7,9,36.0,8,,7,7,8,10,7,12.0,7,7,6,28.0,15.0,8,7,37.0,19.0,17.0,8,8,7,7,8,6,8,7,7,7,7,7,33.0,16.0,8,,8,6,10.0,7,,8,8,7,9,8,9.0,7,7,8,7,7,7,8.0,9,7,8,,9,8,8,,23.0,10,7,8,8,7,8,10.0,9,7,15.0,,30.0,8,,8,9,7,8,,14.0,22.0,,7,8,,8,7,7,22.0,,7,17.0,38.0,0,21.0,13.0,8,,,9,23.0,,8,14.0,17.0,,8.0,33.0,,8,,13.0,7,17.0,8,7,7,8,8,12.0,14.0,8,6.0,,8,9.0,7,8,9,,,7,7,8,8,7,7,7,,33.0,7,8,,8,,12.0,8,8,,8,24.0,32.0,7,9,19.0,,9.0,7,14.0,32.0,27.0,7,28.0,,8,8,8,,11.0,,21.0,11,5,8,15.0,7,22.0,39.0,7,,,,39.0,9,8,18.0,24.0,9.0,13.0,8,8,28.0,8,25.0,8,7.0,9,24.0,41.0,,7,13.0,10.0,26.0,,,32.0,7,7,34.0,,19.0,15.0,9,8,,8,20.0,8,39.0,,,,,,8,17.0,33.0,9,16.0,,7.0,,,,8,8,20.0,,,42.0,,30.0,,12.0,,,,9,,20.0,,16.0,28.0,,33.0,,18.0,36.0,18.0,11.0,8,9,21.0,,8.0,7,8,8.0,7,8,9.0,8,8,,8,33.0,6,35.0,6,5,,8.0,8,,7,19.0,,,8,,,10.0,10.0,,19.0,,8,20.0,12.0,17.0,,7,,8,22.0,9.0,,9,39.0,,8.0,7.0,6,21.0,,6,8,,,,,,15.0,7.0,9.0,31.0,,,9,0.0,,,,15.0,35.0,,7,,32.0,9,,12.0,8,9.0,,37.0,,13.0,8,10.0,,,7,,17.0,,8,,,40.0,,11.0,8.0,10,8,17.0,,,24.0,8,8,,,8,8,9,,8,8,,8,8,8,9,,10,5,8,7,9,26.0,,8,10.0,,,20.0,,,,,,,14.0,,8,0,15.0,28.0,9,12.0,13.0,8,15.0,26.0,,,,,0,,,13.0,26.0,29.0,31.0,,7,,,15.0,,8,18.0,33.0,29.0,21.0,8,,,19.0,,20.0,9,11.0,11.0,8,20.0,,,,,,,,,13.0,9,,,,145,10
10,10,9,9,9,9,9,10,11,11,9,10,10,9,10,10,9,9,10,9,9,8,11,9,10,10,10,10,9,10,8,9,9,10,10,10,10,11,10,10,10,9,9,12,9,10,9,10,10,11,10,10,11,10,6,9,9,9,8,10,10,10,8,5,9,10,10,10.0,9,10,10,10,,10,9,10,10,9,10,10,9,9,8,8,8,10,9,8,3,9,10,10,10,9,10,10,5,11,11,10,10,10,10,10,10,8,9,8,10,15.0,23.0,,10,9,9,8,9,10,10,11,11,8,11,10,9,10,7,10,9,9,10,9,9,9,10,0,8,9,10,10,10,10,8,9,0,6,10,9,9,0,10,10,9,9,8,10,11,10,9,9,7,10,9,9,10,9,8,10,9,9,9,10,9,9,9,11,10,10,11,10,5,9,10,5,9,11,10,9,10,10,10,9,10,10,10,10,10,10,10,10,11,10,34.0,10,10,11,10,10,9,9,9,9,4,11,10,9,10,8,10,10,10,9,9,9,11,10,9,10,10,10,10,10,10,6,9,10,9,10,10,10,10,10,8,9,10,10,12,12,10,8,10,9,8,9,9,9,9,11,9,10,11,10,10,9,11,11,11,12,10,9,10,8,10,10,10,10,,11,9,19.0,9,9,7,7,10,8,8,10,9,,8,10,10,11,10,9,8,11,11,10,9,9,9,9,9,10,10,11,9,10,10,10,10,10,10,10.0,10,10,9,11,10,10,11,10,11,10,9,10,10,9,23.0,9,12,9,11,11,10,10,9,10,9,11,10,10,11,11,10,10,10.0,11,11,10,11,10,12,9,9,9,11,11,10,10,9,9,,9,9,9,10,0.0,10,9,9,9,12,9,10,9,11,10,11,11,30.0,28.0,11,9,31.0,10,10,8,10,11,11,9,11,10,11,10,15.0,10,10,9,27.0,11,9,9,11,11,9,10,10,8,9,10,17.0,29.0,24.0,9,9,9,9,10,9,10,9,10,9,9,11,10,8,9,,10,8,11,11.0,10,8,25.0,10,9,10,9,10,9,11,11,9,,9,12,11,9,,9,10.0,11,9,10,10,11,10,,10,11,10,10,8,8,10,11,36.0,9,7,,23.0,9,9,19.0,9,9,8,10,10,10,9,12,12,10,9,11,9,9,9,9,11,11,10,11,12,12,12,12,10,13,9,15.0,10,9,11,11,20.0,9,11,10,11,11,9,11,9,11,36.0,11,,11,10,10,12,11,11.0,9,10,9,19.0,11.0,11,10,10.0,11.0,14.0,10,10,8,10,10,9,10,10,9,10,10,9,12.0,12.0,11,19.0,10,13,23.0,10,,10,10,10,13,11,10.0,10,10,12,10,8,11,10.0,12,0,10,,11,10,10,,11.0,13,10,10,11,9,10,31.0,11,10,,,22.0,10,24.0,10,12,9,11,,29.0,0.0,,10,11,,10,10,9,12.0,16.0,9,0.0,17.0,12,,15.0,8,,20.0,12,,,11,33.0,31.0,27.0,14.0,22.0,,10,,,10,,11,10,10,10,10,11.0,22.0,10,25.0,,10,10.0,9,10,12,,,10,10,10,11,9,10,10,,32.0,10,11,,12,28.0,13.0,11,10,,11,19.0,,10,12,25.0,,22.0,10,25.0,,21.0,10,17.0,33.0,10,12,11,,28.0,,28.0,14,11,11,28.0,11,,27.0,10,26.0,,29.0,32.0,10,12,11.0,37.0,13.0,38.0,11,10,14.0,11,32.0,10,12.0,11,,,,10,21.0,29.0,33.0,10.0,16.0,23.0,9,8,15.0,,,,11,11,,9,,11,,,,,,36.0,11,,27.0,11,26.0,,,,,,11,11,34.0,14.0,,20.0,19.0,16.0,,,,,,12,,28.0,,,20.0,,24.0,31.0,9.0,23.0,,38.0,10,12,,25.0,,9,10,21.0,9,11,27.0,10,11,,11,11.0,9,12.0,0,12,,33.0,8,,10,35.0,,,10,0.0,,,21.0,,0.0,10.0,11,19.0,28.0,24.0,35.0,10,,10,,20.0,27.0,12,,,,,9,17.0,,9,10,,,,,21.0,19.0,25.0,15.0,20.0,14.0,,11,22.0,25.0,,,,28.0,,10,,,11,,,11,26.0,,16.0,,38.0,10,16.0,,26.0,10,,20.0,,6,,,,,22.0,17.0,12,11,23.0,,10.0,,12,7,,,11,11,11,12.0,11,11,,11,11,11,11,,12,12,11,9,12,23.0,,11,32.0,,16.0,19.0,,16.0,,,38.0,,25.0,,10,10,34.0,20.0,11,12.0,10.0,9,18.0,34.0,,,,,9,29.0,,,32.0,,15.0,,10,,,,,10,22.0,33.0,17.0,,11,,30.0,11.0,,23.0,11,16.0,29.0,10,25.0,,,,,,17.0,,,23.0,11,,,,146,10
6,6,4,3,4,4,5,6,7,7,5,6,6,1,5,5,5,5,5,5,5,5,7,5,6,6,6,4,5,5,5,6,6,6,6,5,4,6,6,6,6,5,5,9,5,6,5,5,6,7,7,6,7,4,2,5,4,0,3,5,6,6,5,4,5,5,6,31.0,6,4,6,7,32.0,5,6,7,6,6,6,6,5,5,5,5,5,6,4,5,5,5,0,6,6,5,6,6,5,7,6,5,6,6,6,6,6,5,5,4,5,20.0,17.0,37.0,6,5,4,5,5,6,6,7,7,4,7,5,6,6,5,6,5,3,6,5,5,5,6,6,6,0,4,6,6,6,4,5,6,4,6,5,7,6,6,6,5,5,5,4,7,5,5,5,3,6,5,5,5,5,4,6,5,5,5,5,5,5,4,6,6,6,6,6,5,6,6,4,5,7,6,5,6,6,6,5,6,5,5,5,6,6,4,6,7,5,22.0,6,6,6,6,6,1,2,4,3,5,7,4,5,6,6,5,7,6,4,6,6,7,6,5,7,6,6,6,6,6,5,5,6,5,6,6,7,6,7,6,5,6,6,8,8,6,4,6,6,4,6,5,5,5,7,3,6,5,6,6,6,7,7,7,8,6,5,6,4,5,3,6,6,13.0,7,5,22.0,5,4,5,4,6,4,4,6,6,9.0,5,6,4,7,6,5,5,5,0,6,5,5,6,5,5,2,5,6,0,6,6,6,5,7,6,8.0,6,6,4,7,6,6,7,6,5,4,4,6,6,5,9.0,6,7,5,7,7,6,6,5,6,5,7,6,6,7,6,6,6,33.0,7,7,5,6,5,7,5,5,5,7,7,6,6,5,5,18.0,5,5,5,5,6.0,5,4,6,6,7,5,0,5,6,6,6,5,6.0,26.0,7,7,26.0,6,4,6,6,7,7,5,6,6,7,6,14.0,6,6,6,22.0,6,5,5,0,7,5,3,6,5,4,6,21.0,,10.0,5,6,5,3,6,6,6,5,4,5,5,6,6,5,6,23.0,6,4,8,18.0,6,5,18.0,6,6,6,4,6,6,7,6,6,,5,8,7,6,,6,7.0,6,5,6,4,7,6,,5,7,6,6,6,6,6,7,27.0,5,5,16.0,31.0,7,2,18.0,5,4,6,3,6,6,5,8,8,5,5,7,6,5,5,5,7,7,6,7,7,8,8,8,6,8,5,34.0,5,6,7,7,24.0,6,7,6,7,7,5,7,4,7,,7,,7,5,6,8,7,19.0,5,5,5,7.0,19.0,6,6,18.0,,29.0,6,7,6,6,6,5,6,4,6,6,6,5,24.0,18.0,7,12.0,6,9,31.0,6,,6,6,5,9,8,27.0,6,7,8,5,6,7,15.0,7,6,6,,7,6,6,,7.0,8,6,6,6,6,6,,7,6,,,19.0,6,7.0,6,7,5,6,,29.0,,,6,7,27.0,6,6,6,,,5,,12.0,8,,28.0,6,,13.0,7,9.0,,7,17.0,,13.0,20.0,,,6,,,6,6.0,7,6,6,7,6,,15.0,6,10.0,,6,,6,6,7,,,6,5,6,7,5,7,6,,38.0,6,7,,8,19.0,35.0,7,6,,6,7.0,,4,8,20.0,,10.0,6,,6.0,11.0,6,26.0,,5,7,7,,7.0,,10.0,9,6,7,,7,,20.0,5,,,13.0,19.0,7,7,17.0,,11.0,9.0,6,6,,7,9.0,6,8.0,7,,38.0,,5,29.0,,,31.0,24.0,13.0,6,6,,,24.0,26.0,7,7,,6,7.0,7,9.0,7.0,,,,8.0,7,29.0,30.0,7,14.0,,27.0,,,,6,7,,33.0,,22.0,,20.0,,,,,,7,,6.0,,19.0,,,7.0,13.0,28.0,15.0,15.0,,6,8,,9.0,23.0,5,6,10.0,4,6,8.0,5,7,18.0,7,27.0,5,,6,8,,15.0,5,,6,,0.0,,5,19.0,,26.0,,,21.0,15.0,6,17.0,10.0,33.0,25.0,5,,6,13.0,13.0,9.0,6,,,14.0,21.0,6,,,5,7,,,,,,12.0,,27.0,,31.0,,7,9.0,12.0,,,,30.0,,4,,20.0,7,,10.0,6,8.0,,15.0,,,6,9.0,,24.0,6,,31.0,,6,,,31.0,0.0,10.0,20.0,8,7,,,,20.0,8,6,,0.0,5,7,8,23.0,6,7,10.0,7,7,7,8,,8,7,6,5,8,37.0,7.0,7,,,,27.0,,30.0,,,9.0,,28.0,,5,6,18.0,23.0,7,34.0,24.0,7,19.0,16.0,,,,32.0,6,35.0,,25.0,11.0,,,,5,22.0,,6.0,,7,,38.0,38.0,8.0,7,,30.0,8.0,,10.0,7,8.0,15.0,5,8.0,,,,,,22.0,,,,7,,,,147,10
9,9,7,8,7,6,5,9,9,10,9,9,9,8,8,8,8,8,8,8,8,7,10,8,9,9,10,9,8,9,9,9,9,9,10,9,9,10,9,9,9,8,7,11,8,9,8,9,9,10,10,9,9,9,5,1,7,7,7,4,8,8,7,7,7,8,0,25.0,8,8,7,9,40.0,9,8,10,10,9,9,9,6,8,6,8,8,9,8,8,8,8,9,9,9,8,9,9,7,10,9,9,9,9,7,8,8,7,8,7,9,24.0,39.0,,9,8,8,8,8,9,9,10,9,7,9,9,9,9,8,9,8,8,9,8,7,8,9,9,9,7,8,9,9,8,8,9,9,8,9,8,10,9,6,9,6,8,8,8,9,8,7,9,6,9,8,7,8,8,7,9,8,8,8,9,8,8,7,9,9,9,9,8,8,7,8,7,8,10,9,8,8,8,8,8,9,8,8,8,9,9,9,8,9,0,,8,9,9,9,9,7,8,8,7,8,10,9,8,9,9,8,9,9,8,8,7,10,9,8,9,9,9,8,9,8,8,8,9,8,9,9,9,9,9,9,8,9,9,10,11,9,7,8,9,6,8,8,8,8,9,8,9,10,9,9,9,9,10,10,11,9,8,8,8,9,9,10,7,22.0,9,8,20.0,4,5,6,7,9,7,8,9,8,0.0,8,9,9,9,9,8,6,10,9,9,8,8,9,8,8,0,9,9,8,9,9,9,9,10,8,10.0,9,9,8,10,8,8,10,9,10,9,8,8,9,8,25.0,9,10,7,10,10,9,9,8,9,8,10,8,9,10,9,7,9,34.0,9,9,8,9,9,11,8,8,8,9,10,9,9,8,8,33.0,8,8,8,8,26.0,10,8,8,8,8,8,6,7,9,5,8,9,13.0,20.0,9,8,20.0,8,8,0,6,9,9,7,9,4,9,8,13.0,9,9,8,22.0,9,8,8,10,9,8,9,9,7,8,8,20.0,34.0,12.0,9,9,8,7,9,8,9,8,9,8,8,10,9,8,9,14.0,9,8,10,34.0,9,8,25.0,8,8,10,9,9,9,10,10,9,,8,11,10,8,,9,,9,8,8,9,10,8,,8,10,9,9,9,9,9,10,34.0,6,8,,10.0,10,9,17.0,8,8,9,9,9,9,8,11,11,8,8,10,8,8,5,8,10,10,9,9,10,10,10,9,9,11,8,33.0,9,8,10,9,,9,10,7,8,4,8,9,5,10,22.0,10,,10,8,10,10,9,11.0,8,8,8,,33.0,10,9,10.0,8.0,10.0,7,9,9,9,9,8,10,9,9,9,9,8,,34.0,10,33.0,9,11,16.0,9,,7,9,9,11,10,,9,9,10,8,9,10,10.0,10,9,9,,10,9,9,,41.0,10,9,9,10,9,9,23.0,10,9,26.0,,11.0,10,,9,11,8,10,,40.0,12.0,,9,10,,9,8,8,11.0,10.0,8,,22.0,10,9.0,9.0,10,,10.0,11,,,9,,13.0,31.0,17.0,32.0,,9,,,9,36.0,10,9,9,10,9,,,8,11.0,,9,12.0,8,9,10,,,9,9,9,10,8,8,9,,28.0,9,10,,10,16.0,9.0,10,9,,8,,10.0,8,11,,,14.0,9,15.0,,36.0,9,,,8,10,10,,20.0,,20.0,9,10,10,13.0,10,42.0,19.0,9,13.0,,22.0,4.0,9,11,,41.0,12.0,,10,9,10.0,10,9.0,10,11.0,10,16.0,41.0,,8,20.0,12.0,31.0,16.0,0.0,33.0,8,9,26.0,,10.0,23.0,10,0,,9,,10,9.0,28.0,,,,,10,19.0,39.0,10,,,37.0,,,,9,10,,35.0,,29.0,13.0,16.0,,18.0,,,,8,,,,,13.0,,37.0,11.0,13.0,20.0,42.0,10.0,9,11,14.0,40.0,20.0,8,9,15.0,8,9,14.0,8,10,27.0,10,27.0,8,29.0,10,10,,,8,,9,20.0,,,8,18.0,,10.0,,,16.0,42.0,9,,16.0,,19.0,8,,10,13.0,16.0,33.0,10,12.0,,32.0,34.0,8,20.0,,8,10,,,,,22.0,0.0,15.0,33.0,12.0,12.0,,9,,41.0,,,,30.0,,8,,18.0,10,,,10,,,,,22.0,9,29.0,,25.0,9,,14.0,,9,,,25.0,,17.0,20.0,11,10,19.0,,19.0,,10,9,0.0,,10,9,9,40.0,9,9,26.0,9,10,10,11,,11,10,10,8,11,,42.0,10,15.0,,14.0,26.0,,,,,,,13.0,,8,8,21.0,16.0,10,15.0,15.0,10,20.0,,,,,,9,,,12.0,23.0,27.0,20.0,29.0,9,26.0,,,,10,30.0,29.0,,28.0,10,,,,,,10,30.0,,9,,,,,,,15.0,,,9.0,10,,,0.0,148,10
7,7,6,6,6,3,6,5,7,0,7,7,6,6,7,7,6,6,7,3,6,6,8,6,7,7,7,6,6,6,6,5,7,6,7,6,7,7,7,7,7,6,6,9,6,7,6,7,6,9,8,7,8,7,7,7,7,7,6,7,7,7,5,6,6,7,7,15.0,7,7,7,8,20.0,8,7,7,7,7,7,7,6,6,5,6,6,7,6,6,6,6,7,7,7,6,7,7,6,8,8,7,7,7,7,7,8,5,6,5,7,12.0,35.0,35.0,6,6,6,5,6,7,7,8,8,5,8,7,7,7,7,7,6,6,7,6,0,6,8,5,7,6,6,7,7,7,6,6,7,4,7,6,8,8,8,7,6,6,6,6,8,7,6,4,5,6,6,5,7,6,5,7,6,3,6,7,6,6,6,8,7,6,8,7,6,7,8,5,6,8,7,6,7,7,7,7,8,7,7,7,7,7,7,7,8,0,18.0,7,7,8,7,7,7,6,6,6,6,8,7,6,7,7,6,6,7,6,6,7,8,7,6,7,7,7,7,7,7,6,6,7,6,5,7,8,7,7,7,6,7,6,8,8,7,3,8,7,5,5,6,6,5,8,6,7,8,4,8,0,7,8,8,8,7,6,7,6,7,7,8,7,14.0,8,7,11.0,6,6,5,5,7,6,7,7,0,38.0,6,7,7,8,8,7,6,8,8,8,4,6,7,6,7,7,6,8,6,7,7,7,7,8,6,10.0,7,8,4,8,7,7,8,7,8,7,7,7,7,6,19.0,7,8,5,9,9,7,4,6,6,6,8,7,8,9,7,7,8,27.0,8,8,7,8,7,9,6,6,6,7,8,7,6,6,6,14.0,6,6,6,7,27.0,7,6,7,7,8,6,8,7,8,7,8,8,,15.0,8,8,,8,8,7,8,8,8,6,8,7,0,8,9.0,7,7,6,23.0,8,6,5,8,8,7,7,8,4,7,7,12.0,,8.0,5,7,6,6,7,5,7,6,7,5,6,8,8,6,7,22.0,7,3,8,35.0,5,6,14.0,7,6,7,6,7,7,8,8,7,,6,9,7,7,6.0,6,34.0,7,7,7,6,8,7,,7,8,7,7,6,7,7,8,,6,4,9.0,34.0,8,5,,7,7,7,7,7,7,6,9,8,6,7,8,6,4,6,6,8,8,7,6,8,8,8,9,7,9,6,,7,6,7,8,11.0,7,8,7,5,8,0,8,7,9,,7,,8,7,7,9,7,8.0,6,7,6,23.0,11.0,8,7,27.0,8.0,,7,6,7,7,7,6,7,6,7,7,7,7,35.0,10.0,8,8.0,8,9,38.0,7,,6,8,7,9,8,19.0,7,7,8,7,6,7,19.0,9,7,7,,8,7,8,,25.0,10,7,8,7,7,7,10.0,8,7,23.0,,11.0,7,29.0,8,9,6,8,,16.0,,,7,8,22.0,8,7,6,7.0,14.0,6,15.0,10.0,9,,37.0,8,,35.0,9,29.0,,8,19.0,15.0,,13.0,13.0,,8,,22.0,6,24.0,7,7,7,8,7,25.0,19.0,8,11.0,,7,26.0,7,7,8,,,7,7,8,8,7,6,7,,12.0,7,6,,6,26.0,,7,8,,8,19.0,0.0,7,9,8.0,,11.0,7,24.0,30.0,8.0,7,36.0,20.0,7,8,8,,38.0,,12.0,9,7,8,13.0,8,,,7,,,33.0,11.0,9,8,14.0,17.0,26.0,,7,7,24.0,8,10.0,7,27.0,7,29.0,7.0,,7,,27.0,,10.0,,,7,6,,,,,8,7,,7,,8,,8.0,,,,34.0,7,34.0,14.0,8,14.0,,14.0,,,0.0,8,8,,16.0,,,,34.0,,12.0,10.0,,,9,,,,,22.0,,6.0,17.0,9.0,,20.0,35.0,8,9,34.0,26.0,,7,7,,7,8,22.0,8,7,18.0,8,36.0,6,35.0,8,8,,,8,,7,33.0,,,7,11.0,,21.0,26.0,,20.0,15.0,8,,38.0,,35.0,7,,7,,14.0,32.0,9,24.0,,11.0,,6,38.0,,6,5,,,,,10.0,21.0,,23.0,12.0,16.0,,8,12.0,,,,33.0,,,7,,10.0,8,,34.0,8,12.0,,10.0,,27.0,7,,,23.0,7,,19.0,,7,,,29.0,,35.0,,9,8,,,33.0,10.0,8,7,,,8,8,8,20.0,8,8,,8,7,8,9,,10,9,8,6,9,12.0,13.0,8,20.0,,13.0,,,32.0,,,,,34.0,,7,7,10.0,,8,20.0,15.0,8,11.0,11.0,,,,35.0,7,,,,8.0,21.0,34.0,20.0,7,,,,,7,11.0,,29.0,31.0,7,,20.0,37.0,,,5,27.0,15.0,8,,0.0,,,,,38.0,,,26.0,9,,,,149,10
7,7,6,7,6,6,7,6,7,7,6,4,6,6,5,7,4,6,5,6,6,6,8,4,7,7,7,6,6,6,6,0,5,7,7,3,6,4,7,7,7,6,6,7,6,3,6,7,7,8,8,7,8,7,7,7,6,7,6,7,7,7,5,6,6,3,7,,3,0,7,6,,8,6,7,8,6,7,6,6,6,5,6,5,7,5,5,7,7,7,5,7,6,7,7,6,8,7,7,7,6,8,7,8,6,6,4,7,22.0,16.0,18.0,7,6,5,5,6,7,7,8,8,5,8,7,7,7,7,6,6,5,0,4,6,6,7,7,7,6,7,7,7,6,5,4,7,6,7,6,8,8,7,5,6,6,6,7,8,7,7,6,4,0,7,3,7,6,5,7,6,6,6,7,6,6,6,8,7,7,8,7,6,7,8,6,6,8,7,6,7,6,6,6,8,8,7,7,7,7,7,7,8,6,,7,7,7,7,7,6,6,6,6,5,7,7,6,7,7,7,7,7,6,6,7,8,7,6,7,7,7,7,7,7,6,7,7,6,7,7,8,7,8,7,7,7,7,8,8,7,5,7,7,6,6,6,6,6,8,6,7,8,6,8,6,7,0,7,5,7,6,7,7,7,7,7,7,37.0,7,5,10.0,6,5,1,6,7,6,7,7,7,0.0,6,7,7,7,7,6,6,8,8,7,6,6,7,6,7,7,6,7,7,7,5,7,7,8,6,15.0,7,7,6,8,6,7,7,7,7,7,6,7,7,6,15.0,7,8,6,8,8,7,7,6,7,6,8,7,7,9,7,7,7,32.0,8,8,7,8,6,9,6,6,6,7,4,7,6,6,6,14.0,6,6,6,7,23.0,7,6,6,6,8,6,7,6,8,7,7,8,18.0,18.0,8,8,16.0,8,7,7,7,8,8,6,7,7,8,8,,7,6,6,7.0,7,6,6,8,7,7,7,7,6,7,7,10.0,18.0,22.0,6,7,6,5,7,6,7,6,7,6,6,6,8,6,7,,7,5,5,24.0,7,4,13.0,6,6,7,7,7,7,8,8,7,,6,8,7,6,,7,29.0,7,7,6,7,8,7,,6,8,6,6,7,7,7,8,19.0,6,3,8.0,29.0,8,6,29.0,6,7,7,7,7,7,6,8,9,6,6,8,7,6,6,6,7,7,7,7,8,8,8,9,7,9,6,14.0,7,5,7,8,25.0,7,6,7,9,9,6,7,7,0,35.0,8,,7,7,8,9,7,20.0,6,7,6,,8.0,8,7,,11.0,,7,8,7,7,7,6,7,6,6,7,7,5,24.0,9.0,7,9.0,7,6,15.0,7,,7,7,7,8,5,7.0,7,7,2,6,7,7,7.0,9,7,7,,8,7,7,,,10,6,8,7,7,7,12.0,8,7,19.0,,,8,16.0,8,9,7,8,,29.0,36.0,,7,7,,8,5,6,14.0,20.0,6,14.0,12.0,9,13.0,,7,,10.0,9,11.0,,0,8.0,30.0,,9.0,,,8,,28.0,7,7.0,8,7,7,8,7,31.0,8.0,7,22.0,,7,,7,7,9,,,5,6,7,8,6,6,7,,7.0,7,7,,7,36.0,,4,7,,8,38.0,,7,9,22.0,,25.0,7,12.0,14.0,,7,8.0,13.0,7,8,7,0.0,41.0,,7.0,10,7,8,,8,16.0,33.0,7,39.0,,27.0,29.0,9,6,28.0,25.0,13.0,,8,7,,8,27.0,8,14.0,7,15.0,35.0,,7,,41.0,30.0,28.0,14.0,7.0,6,7,19.0,,17.0,13.0,7,7,,7,22.0,8,,13.0,,,,12.0,8,20.0,28.0,8,29.0,,12.0,,,,8,8,21.0,26.0,,36.0,,41.0,,17.0,19.0,,,9,,22.0,,9.0,10.0,,20.0,7.0,,,16.0,7.0,8,8,12.0,,27.0,7,8,,6,8,19.0,8,8,14.0,7,,6,,8,7,,39.0,7,,7,21.0,,,7,35.0,,,37.0,,12.0,17.0,7,,19.0,10.0,,7,,8,12.0,25.0,24.0,9,26.0,,7.0,,6,,,6,8,,,,,,,15.0,20.0,,11.0,,8,14.0,18.0,,,7.0,11.0,,7,,10.0,8,,23.0,8,9.0,,,,19.0,7,36.0,,9.0,7,,,,7,,,32.0,,21.0,12.0,9,8,6.0,,,22.0,8,7,,,8,8,9,31.0,8,8,27.0,8,8,8,9,,9,7,8,2,9,8.0,,8,8.0,,,13.0,,11.0,,,8.0,,,,7,7,,,8,7.0,12.0,8,,,,,,,7,,,,10.0,25.0,0.0,41.0,6,37.0,,30.0,,8,12.0,17.0,15.0,22.0,8,,16.0,8.0,,11.0,8,21.0,,8,10.0,,,,,,9.0,,,,9,,,,150,10
5,6,6,5,6,6,6,7,7,8,6,6,6,6,6,4,6,5,4,6,4,5,7,6,7,7,7,7,6,6,6,7,7,7,7,6,6,7,6,7,7,6,6,8,6,6,6,7,7,8,7,6,7,6,7,5,7,6,5,7,6,6,2,6,6,4,7,25.0,6,6,7,6,8.0,7,6,7,7,6,7,6,6,5,4,5,5,7,5,4,6,6,6,7,7,6,7,7,6,7,7,6,6,7,7,6,7,5,5,5,7,,,13.0,7,6,6,6,6,7,6,8,7,5,7,7,6,6,7,6,5,5,7,4,6,3,7,7,7,6,7,0,6,6,5,6,7,6,6,6,7,7,7,7,6,6,4,6,7,7,6,6,4,6,6,5,7,6,5,6,6,6,6,7,6,6,6,7,7,6,7,6,6,6,7,5,6,8,7,5,6,2,6,6,8,7,7,7,7,7,7,6,5,6,28.0,6,7,7,6,7,6,3,5,5,5,7,6,5,6,7,6,7,7,6,5,6,7,6,6,6,7,7,6,7,6,6,6,6,6,7,7,7,7,7,6,6,0,7,8,8,7,4,6,7,5,6,6,5,5,7,6,6,7,7,7,6,7,7,7,8,6,6,7,6,7,4,7,7,31.0,7,6,19.0,5,6,5,3,7,6,6,0,6,10.0,6,7,6,7,7,3,3,7,7,7,6,6,7,5,6,6,6,7,6,6,6,6,3,7,6,6.0,6,7,6,8,6,6,7,7,7,7,6,7,7,6,31.0,7,8,6,8,5,7,7,6,7,6,7,6,7,8,7,7,7,35.0,7,8,6,7,6,9,6,6,6,5,8,7,7,5,6,7.0,6,5,6,6,,7,5,6,6,0,6,6,0,7,7,6,7,18.0,9.0,7,6,,7,6,7,7,7,7,5,4,6,7,7,6.0,7,6,6,18.0,7,5,5,7,7,7,5,7,6,6,7,16.0,23.0,8.0,6,6,6,5,7,6,7,3,7,6,6,7,7,6,6,,7,5,8,,7,7,14.0,6,5,7,7,7,6,7,7,6,,6,8,7,6,6.0,7,13.0,7,6,6,6,5,6,,6,7,7,6,7,7,7,7,15.0,6,6,7.0,8.0,8,6,20.0,6,7,7,6,7,7,6,9,8,6,6,7,6,5,5,5,7,7,6,7,8,8,8,8,6,8,6,29.0,6,4,7,7,10.0,6,8,7,7,8,4,7,6,8,37.0,7,,7,6,7,8,7,8.0,6,7,5,21.0,11.0,7,7,19.0,6.0,15.0,6,7,6,6,7,6,7,6,4,6,6,6,13.0,10.0,7,,7,9,23.0,4,,7,7,7,9,8,,6,7,8,7,7,7,20.0,8,6,7,,7,6,0,,12.0,8,7,8,7,6,7,10.0,7,7,29.0,,37.0,7,21.0,7,8,6,7,,7.0,35.0,,6,7,7.0,7,6,6,31.0,34.0,6,11.0,,8,13.0,19.0,7,,29.0,8,35.0,,7,18.0,22.0,,,26.0,,8,,,7,11.0,7,6,6,8,7,12.0,13.0,7,,,7,,6,7,8,,,6,0,7,8,6,7,6,,12.0,6,8,,8,27.0,12.0,7,7,,6,19.0,,6,8,25.0,0.0,,6,33.0,,8.0,6,24.0,,7,8,8,,26.0,,,9,7,7,,7,,22.0,7,13.0,,6.0,9.0,8,8,14.0,12.0,21.0,10.0,8,6,18.0,7,,7,20.0,7,,20.0,,6,11.0,,,16.0,31.0,5.0,5,6,,,17.0,,8,6,,7,27.0,8,33.0,14.0,,,,11.0,7,,23.0,8,,,17.0,,,,7,6,17.0,23.0,,,30.0,7.0,,8.0,,,,8,,9.0,,,20.0,,30.0,23.0,24.0,10.0,34.0,,8,8,19.0,,33.0,7,7,21.0,6,7,10.0,7,8,12.0,7,17.0,5,22.0,7,8,,21.0,7,,7,,,,7,29.0,,,,,12.0,15.0,7,12.0,34.0,,12.0,7,,7,7.0,12.0,,9,12.0,,36.0,29.0,6,,,6,8,,,,,10.0,20.0,16.0,,,32.0,,8,32.0,21.0,,,11.0,11.0,0.0,7,,7.0,8,,8.0,8,14.0,,9.0,,18.0,7,,,32.0,7,,10.0,,7,,,,,,27.0,9,7,,,13.0,19.0,8,7,,,7,7,9,28.0,8,6,,8,8,8,9,,8,9,8,6,6,29.0,37.0,8,8.0,,28.0,,,17.0,,0.0,11.0,,11.0,,7,6,9.0,23.0,8,6.0,,7,10.0,31.0,,,,,6,,,7.0,31.0,,11.0,9.0,5,25.0,,21.0,,8,18.0,11.0,28.0,13.0,8,,,11.0,,23.0,8,,13.0,7,,,,,,,,,,28.0,9,,,,151,10
6,6,1,5,4,5,5,6,6,7,5,3,6,5,6,6,4,5,6,5,5,2,7,5,6,6,7,6,5,4,5,6,6,6,7,6,6,7,6,6,6,5,5,9,5,5,5,6,6,8,7,5,7,6,2,5,4,5,4,5,6,5,5,5,5,6,6,,5,5,6,7,15.0,6,4,7,7,6,6,6,5,3,5,5,5,6,4,4,5,5,6,6,6,6,6,6,5,7,6,6,4,6,5,6,6,5,5,4,6,7.0,,10.0,7,6,5,5,6,6,6,8,7,4,4,6,6,5,5,6,5,5,6,5,5,5,6,6,6,5,5,6,6,6,5,6,6,5,6,6,7,7,6,6,5,5,5,6,3,6,5,5,4,6,5,5,6,5,0,6,6,5,5,6,6,5,5,7,6,6,7,6,2,6,6,4,4,7,6,5,6,5,5,5,6,6,5,5,6,6,6,6,7,6,8.0,6,6,7,6,6,5,5,4,4,5,7,6,5,6,6,4,7,0,5,5,5,7,6,5,4,6,6,6,6,6,5,5,6,5,6,6,7,6,7,6,5,6,6,8,8,6,4,6,6,4,5,5,5,5,7,5,6,7,6,6,5,7,7,6,6,0,5,6,2,6,6,6,7,22.0,7,6,37.0,5,5,3,4,6,5,4,6,5,23.0,5,6,6,7,7,5,4,7,7,6,5,3,6,5,3,5,6,7,1,6,6,6,6,0,5,8.0,6,6,5,7,5,6,7,6,7,6,6,6,6,5,,6,8,5,7,7,6,6,5,6,5,7,6,6,7,6,5,6,19.0,6,7,5,6,6,8,5,5,5,7,7,6,6,5,5,12.0,5,5,5,6,,7,5,6,6,8,5,6,5,6,6,5,6,12.0,9.0,7,5,15.0,6,6,6,0,7,7,5,6,6,7,6,10.0,7,3,6,,7,5,4,7,7,5,6,6,3,5,7,26.0,,22.0,6,6,5,5,6,6,6,5,6,6,5,7,4,5,6,16.0,6,4,8,20.0,6,5,22.0,6,5,7,6,6,5,7,7,6,,6,8,7,6,16.0,6,,7,6,5,5,7,6,,6,7,6,6,6,7,7,7,14.0,5,5,,,7,6,8.0,5,5,6,6,7,6,5,8,8,0,6,7,6,5,3,5,7,7,6,7,8,8,8,8,6,9,5,34.0,6,5,7,7,9.0,2,0,6,7,7,5,6,5,7,17.0,7,,7,6,7,8,7,37.0,6,6,5,29.0,19.0,7,6,,27.0,,6,7,6,6,6,5,7,6,6,4,6,5,37.0,18.0,7,9.0,6,9,,6,,6,7,4,8,8,10.0,6,6,7,6,6,7,22.0,8,6,6,,7,6,7,,22.0,8,2,6,7,6,6,,7,6,16.0,,33.0,6,17.0,6,6,5,7,,41.0,,,6,7,6.0,6,6,6,19.0,18.0,6,12.0,35.0,8,32.0,11.0,7,,17.0,8,10.0,,7,28.0,8.0,,25.0,7.0,,6,,,6,17.0,7,6,6,7,6,,11.0,7,8.0,,6,41.0,6,6,8,,,6,6,6,7,6,6,6,,8.0,6,7,,7,16.0,,7,6,,7,,23.0,5,8,24.0,,41.0,6,29.0,,29.0,6,,,6,8,7,,22.0,,,9,7,7,17.0,7,19.0,8.0,5,25.0,,8.0,8.0,7,8,27.0,15.0,22.0,20.0,7,6,22.0,7,32.0,6,20.0,7,9.0,,,0,23.0,23.0,,18.0,41.0,,5,6,20.0,,20.0,7.0,7,7,,1,15.0,7,,13.0,,,,18.0,7,,12.0,7,41.0,,23.0,,,,7,7,12.0,16.0,,24.0,8.0,,,8.0,,,,8,,16.0,,11.0,12.0,,12.0,,,30.0,7.0,,6,8,16.0,7.0,10.0,5,6,8.0,5,7,36.0,6,7,18.0,7,31.0,5,,7,8,,21.0,6,,6,20.0,,,6,10.0,,,25.0,,19.0,30.0,7,,11.0,38.0,16.0,6,,7,35.0,18.0,27.0,8,15.0,,12.0,,5,,,5,6,,,,,28.0,15.0,17.0,8.0,,21.0,,7,37.0,17.0,,,26.0,35.0,,5,,24.0,7,,8.0,7,38.0,,,,22.0,6,28.0,,,6,,23.0,,6,,,34.0,,12.0,13.0,0,7,10.0,,33.0,,8,7,,,7,7,8,39.0,7,7,36.0,7,7,7,7,,8,8,7,5,8,15.0,21.0,7,39.0,,15.0,11.0,,28.0,,,41.0,,6.0,,6,6,,,7,13.0,,0,8.0,8.0,,,,14.0,6,12.0,,,31.0,27.0,,6.0,6,26.0,,,,7,8.0,6.0,,10.0,7,,,41.0,,10.0,7,8.0,12.0,6,,,,,,,21.0,,,16.0,7,,,,152,10
6,6,5,6,5,6,6,6,6,7,6,6,5,5,6,5,5,5,5,5,5,5,7,5,6,6,7,6,5,6,5,6,6,6,7,5,6,6,6,6,6,5,5,8,5,5,5,6,6,8,7,6,7,6,6,6,6,6,4,6,6,6,4,5,5,6,6,,4,5,6,7,19.0,7,5,7,7,6,6,6,5,4,4,4,5,6,4,2,6,5,5,6,6,5,6,6,5,6,6,6,5,6,7,6,7,4,5,4,5,19.0,,20.0,6,5,5,5,6,5,6,8,7,2,7,5,6,6,6,6,5,5,6,3,5,5,6,6,6,5,6,6,6,5,4,5,6,4,6,5,7,7,7,6,5,5,5,6,7,6,6,6,4,3,6,5,0,0,5,6,5,5,5,6,5,5,5,7,7,6,7,6,5,6,7,3,5,7,6,5,5,6,5,5,7,7,6,6,6,6,6,6,7,6,18.0,5,6,7,6,6,6,5,5,5,4,7,6,5,6,6,6,7,6,6,5,5,7,6,5,6,6,6,6,6,6,5,5,6,5,6,6,7,6,7,6,6,6,6,6,7,6,4,6,6,5,5,5,5,5,7,3,6,7,6,5,6,6,7,7,8,6,5,7,5,6,6,6,6,16.0,7,6,,5,5,4,3,6,5,6,6,5,19.0,5,6,6,7,0,6,5,7,6,7,5,4,6,5,6,6,5,7,6,6,6,6,6,7,5,24.0,6,7,5,7,7,6,6,6,7,6,5,6,6,5,28.0,6,7,5,6,7,5,6,5,6,5,7,6,5,8,6,6,7,12.0,7,7,6,7,5,8,5,5,5,6,7,6,6,5,5,15.0,5,4,5,6,23.0,7,5,3,4,7,5,6,6,7,6,7,7,35.0,33.0,7,7,24.0,7,7,6,7,7,7,5,7,5,7,7,7.0,6,6,5,,7,0,5,7,7,6,6,6,5,6,6,,39.0,17.0,6,6,5,5,6,5,6,1,6,6,5,5,6,6,6,6.0,6,4,8,,6,6,,6,5,6,6,6,5,6,4,3,,5,6,7,5,10.0,6,36.0,7,5,6,6,6,6,,6,7,6,6,6,4,7,7,7.0,5,3,8.0,7.0,4,3,20.0,6,6,6,6,6,6,5,8,7,6,4,7,6,5,2,5,7,7,6,7,7,8,7,8,6,8,5,9.0,6,5,7,7,35.0,6,7,6,8,8,2,7,6,7,,7,,7,6,7,8,6,15.0,5,6,5,,20.0,7,6,14.0,12.0,15.0,6,6,5,5,4,5,7,6,6,5,6,5,23.0,19.0,7,,7,8,,6,,7,6,6,6,7,,6,0,7,6,6,7,,8,6,6,,5,6,7,,22.0,9,6,7,7,5,6,,6,7,18.0,,23.0,5,7.0,7,8,5,4,,32.0,,,6,7,,5,6,5,14.0,8.0,5,,,7,15.0,32.0,7,,13.0,7,19.0,,7,,12.0,0.0,18.0,32.0,,7,,36.0,6,18.0,7,6,6,7,7,,6.0,7,29.0,,6,,6,6,8,,,6,6,6,7,6,6,6,,,6,7,,7,,,7,6,,7,33.0,19.0,6,8,5.0,,26.0,6,25.0,,17.0,6,10.0,40.0,5,7,7,,,,21.0,10,7,7,35.0,7,23.0,,6,14.0,,32.0,21.0,8,8,13.0,7.0,9.0,38.0,7,6,,7,28.0,7,8.0,7,27.0,10.0,,4,10.0,,20.0,15.0,12.0,24.0,5,6,,,28.0,16.0,7,7,,6,40.0,7,27.0,30.0,,,,31.0,7,9.0,17.0,7,,,,,,,7,7,5.0,35.0,,,40.0,39.0,,30.0,21.0,0.0,,8,,27.0,,32.0,14.0,,,,13.0,26.0,10.0,20.0,7,7,7.0,6.0,,6,6,23.0,5,6,9.0,7,7,6.0,7,8.0,5,,7,7,,0.0,7,,6,31.0,,,6,37.0,,28.0,18.0,,12.0,,7,11.0,16.0,,7.0,6,,7,,,23.0,8,37.0,,12.0,31.0,5,18.0,,5,7,,,,,17.0,,,8.0,13.0,8.0,,7,,21.0,,,9.0,15.0,,5,0.0,6.0,6,,7.0,7,15.0,,10.0,,12.0,6,,,11.0,6,,14.0,,6,,,21.0,,7.0,29.0,8,7,21.0,,28.0,10.0,7,6,,,7,7,8,29.0,7,7,14.0,7,7,7,8,,7,8,7,5,7,30.0,12.0,6,11.0,,0.0,27.0,,19.0,,,33.0,,23.0,,6,6,,,7,12.0,17.0,7,13.0,23.0,,,,,5,11.0,,,,12.0,10.0,17.0,6,25.0,,23.0,,7,27.0,11.0,14.0,10.0,7,,,,,33.0,7,34.0,27.0,7,35.0,,,,,,,,,29.0,8,,,,153,10
6,6,6,7,6,5,7,7,7,8,6,7,6,5,7,6,6,2,6,6,6,4,7,5,7,7,7,6,5,6,6,6,7,6,6,4,6,7,7,7,6,6,6,9,6,6,6,6,7,8,8,6,8,7,7,7,6,7,6,7,6,7,5,6,6,6,7,,6,6,7,8,26.0,7,5,6,7,6,7,6,6,6,5,5,6,6,5,5,7,7,6,7,7,6,7,7,6,8,7,6,7,7,8,7,7,5,6,1,7,,9.0,27.0,7,6,6,5,6,7,7,8,7,5,7,6,7,7,7,6,6,5,7,6,6,5,4,0,3,6,7,7,7,6,5,6,7,6,7,6,7,6,6,6,6,6,6,6,8,7,6,7,4,3,6,6,7,5,5,7,6,5,2,6,4,3,6,8,7,6,7,5,6,7,7,6,6,8,6,6,6,6,6,6,7,8,7,7,7,7,7,7,7,6,,6,7,7,7,7,6,6,6,6,5,8,6,6,7,7,6,4,7,6,5,4,7,5,6,7,6,7,6,7,6,6,6,7,6,0,7,8,5,7,6,6,7,7,8,8,7,5,6,6,6,6,5,6,5,7,6,7,6,6,7,6,7,8,8,9,7,6,7,7,7,7,7,7,,7,6,9.0,5,6,5,6,7,6,7,7,6,36.0,6,6,7,8,7,6,6,7,8,7,6,6,7,6,7,7,4,7,4,6,6,7,5,7,0,28.0,6,7,6,8,7,7,8,7,8,7,6,6,7,6,17.0,7,8,6,8,8,6,6,6,6,6,8,6,5,8,7,6,7,35.0,8,8,6,7,6,9,6,6,6,7,8,7,6,6,6,,6,6,6,7,32.0,7,6,6,6,8,6,7,6,7,6,7,7,37.0,39.0,8,8,15.0,7,7,7,7,8,8,5,7,7,8,7,20.0,7,6,6,17.0,7,4,6,8,8,7,4,7,7,7,7,9.0,16.0,12.0,6,5,6,5,6,6,7,5,7,6,6,8,7,6,7,,7,5,8,9.0,7,6,12.0,7,6,7,7,7,5,8,8,7,,6,9,8,4,,7,31.0,7,6,6,6,8,6,,6,8,7,6,7,7,7,7,36.0,6,6,,7.0,8,6,,6,7,6,6,7,7,6,9,9,6,6,7,6,6,6,6,7,7,7,8,8,9,8,9,7,6,6,,7,6,8,7,16.0,6,8,7,9,9,6,7,7,6,,8,,7,6,8,9,7,21.0,6,4,5,18.0,0.0,8,7,33.0,15.0,11.0,7,7,6,6,7,6,7,6,7,6,7,7,27.0,8.0,8,23.0,7,9,28.0,5,,7,8,7,9,8,,7,7,8,7,7,8,18.0,8,7,7,,8,0,7,,24.0,8,7,8,6,6,7,32.0,8,7,18.0,,,7,,8,6,7,8,0.0,33.0,16.0,,6,8,37.0,7,7,6,20.0,14.0,5,7.0,17.0,9,39.0,35.0,7,,,8,11.0,,8,8.0,30.0,,34.0,8.0,,8,,,7,12.0,8,7,4,8,7,15.0,,7,11.0,,7,19.0,6,7,8,,,7,7,7,8,7,7,7,,22.0,7,8,,8,26.0,22.0,7,7,,7,20.0,,7,8,14.0,,,7,,16.0,22.0,7,6.0,29.0,7,8,8,,22.0,,11.0,9,8,8,31.0,7,13.0,12.0,7,,,,29.0,8,9,23.0,,35.0,24.0,7,7,21.0,7,,7,34.0,8,35.0,6.0,,7,18.0,12.0,12.0,,,,6,6,23.0,,27.0,,7,8,,7,25.0,8,,13.0,,,,28.0,8,12.0,18.0,8,0.0,,15.0,,,,8,4,10.0,31.0,,36.0,12.0,32.0,,39.0,,,,8,,7.0,,24.0,0.0,,21.0,15.0,33.0,,14.0,22.0,8,9,12.0,19.0,12.0,7,7,35.0,6,7,14.0,8,7,7.0,7,,2,39.0,8,8,,,8,,6,0.0,,,7,36.0,,39.0,31.0,,16.0,,7,,,,8.0,7,,7,,13.0,39.0,9,,,31.0,24.0,6,,,6,7,,,,,,19.0,17.0,16.0,18.0,16.0,,2,,26.0,,,33.0,,,7,,10.0,8,,,8,13.0,,28.0,,10.0,5,38.0,,33.0,7,,32.0,,7,,,,,10.0,21.0,9,8,27.0,,,8.0,8,7,,,8,8,9,27.0,8,8,,8,8,8,9,,9,9,8,2,9,20.0,,8,14.0,,15.0,11.0,,22.0,,,11.0,,8.0,,8,6,13.0,10.0,8,35.0,15.0,8,14.0,7.0,,,,15.0,6,,,11.0,,14.0,28.0,33.0,7,13.0,,21.0,,8,19.0,,13.0,26.0,8,,25.0,20.0,,34.0,8,10.0,25.0,8,20.0,,,,,,25.0,,0.0,28.0,9,,,,154,10
0,5,5,5,5,4,5,6,6,7,5,5,5,3,0,5,5,5,5,5,5,5,6,4,6,6,5,5,5,5,5,5,6,6,6,5,5,6,5,5,6,5,5,8,5,5,5,4,5,7,6,5,6,5,6,5,6,5,4,6,5,5,4,4,4,4,6,11.0,5,5,6,6,13.0,6,4,6,6,6,5,5,5,4,4,4,4,6,4,5,5,5,6,6,6,5,5,5,3,7,6,6,5,6,6,5,6,4,5,4,5,,36.0,20.0,6,5,4,4,0,5,6,7,6,3,3,5,6,6,6,5,4,0,5,5,5,4,6,5,6,5,6,6,6,5,5,5,6,5,6,5,6,6,6,5,5,5,5,4,6,6,5,5,3,5,5,5,5,4,5,5,4,4,5,3,4,5,5,7,6,5,6,5,5,5,6,4,5,7,6,5,5,5,4,5,6,6,6,6,6,5,5,5,6,5,8.0,5,6,6,5,5,5,5,3,4,5,6,5,2,6,0,5,5,6,4,5,5,6,5,5,6,5,5,5,5,5,5,5,6,5,6,6,6,6,6,5,5,6,5,7,7,6,4,6,5,5,5,5,5,5,6,5,6,6,5,6,4,6,6,6,7,5,5,6,5,6,6,3,6,9.0,6,5,22.0,4,5,4,4,5,2,5,6,5,23.0,4,6,5,6,6,5,5,6,4,6,5,5,5,4,5,5,5,5,5,3,5,6,6,6,5,14.0,0,6,4,7,6,4,6,6,7,6,5,5,6,5,7.0,6,7,4,7,7,4,5,5,5,4,7,5,6,7,6,5,6,,6,6,5,6,5,8,5,5,5,6,7,6,5,3,5,10.0,5,5,5,5,,6,4,5,5,7,5,6,2,6,6,6,6,,9.0,6,6,8.0,6,6,6,6,7,6,5,6,5,7,6,8.0,6,5,5,6.0,6,5,1,7,5,5,5,5,2,5,5,35.0,39.0,,5,5,1,5,5,5,5,5,6,5,5,6,6,5,6,4.0,6,4,7,26.0,5,5,,5,4,6,5,5,5,6,6,5,,5,7,6,5,5.0,5,14.0,6,5,5,1,7,6,,5,6,6,6,5,6,6,6,,4,5,17.0,32.0,7,5,38.0,5,5,3,5,5,6,5,8,7,5,5,6,5,5,3,4,6,6,5,6,7,7,7,8,6,8,5,9.0,6,5,7,6,13.0,5,7,5,7,7,5,6,5,7,22.0,6,,6,5,6,7,6,15.0,5,6,1,9.0,18.0,6,6,,,,6,6,5,5,6,5,6,5,2,5,6,6,,17.0,7,28.0,6,8,8.0,5,,6,6,6,8,7,39.0,5,6,7,6,3,6,34.0,7,5,6,,6,6,6,,32.0,8,6,6,6,5,6,0.0,0,5,,,10.0,6,9.0,6,7,5,6,,,,,6,7,25.0,4,6,5,6.0,,5,,9.0,7,27.0,27.0,6,,20.0,7,27.0,,7,,15.0,,38.0,32.0,,7,,30.0,6,6.0,7,6,6,6,6,21.0,25.0,6,8.0,,6,21.0,5,5,7,,,6,6,6,6,6,6,6,,,6,7,,7,19.0,7.0,6,6,,6,33.0,32.0,6,5,23.0,,8.0,5,21.0,,5.0,6,9.0,5.0,6,7,7,,6.0,,39.0,7,7,5,,6,11.0,39.0,2,18.0,,16.0,,7,7,11.0,14.0,7.0,38.0,6,6,23.0,6,10.0,6,8.0,3,6.0,,,6,,29.0,6.0,8.0,16.0,,5,5,15.0,,,19.0,7,7,,6,23.0,0,0.0,38.0,,,,29.0,7,,30.0,6,31.0,,11.0,,,,6,7,11.0,25.0,,10.0,,,,,25.0,,,7,,19.0,,,,,,16.0,5.0,24.0,8.0,16.0,7,8,,,17.0,6,6,15.0,5,6,9.0,6,6,13.0,6,35.0,4,,6,7,,,6,,5,,,,6,7.0,,16.0,8.0,,39.0,7.0,6,,16.0,,29.0,6,,6,32.0,36.0,25.0,7,26.0,,38.0,32.0,5,11.0,,5,6,,,,,27.0,18.0,8.0,9.0,17.0,29.0,,6,,16.0,,,35.0,17.0,,6,,12.0,7,,13.0,7,19.0,,,,24.0,6,12.0,,,6,,10.0,,6,,,13.0,,,24.0,7,6,15.0,,,26.0,7,6,,,6,3,7,25.0,7,6,8.0,7,6,7,8,,8,8,7,5,7,7.0,8.0,6,13.0,,30.0,11.0,,13.0,,,24.0,,6.0,,6,6,26.0,,7,,10.0,7,26.0,,,,,,6,33.0,,25.0,16.0,7.0,12.0,,6,29.0,,39.0,,6,8.0,,28.0,24.0,6,,38.0,9.0,,7.0,7,7.0,,6,23.0,,,,,,8.0,,,19.0,8,,,,155,10
11,11,10,10,10,9,10,11,11,12,10,10,10,10,11,10,9,10,10,10,10,9,11,10,11,11,11,11,10,10,10,11,11,11,11,10,10,11,11,11,11,10,10,13,9,10,8,11,10,12,11,10,12,11,9,10,10,10,8,10,11,11,8,9,10,11,11,19.0,10,10,11,11,10.0,11,10,12,11,10,11,10,9,9,9,9,10,11,10,9,8,10,11,11,11,10,11,9,10,12,11,11,11,11,11,11,11,9,7,9,10,0.0,,,11,10,9,10,10,11,11,12,11,9,12,11,11,11,11,10,8,9,11,10,10,10,11,11,11,10,11,11,11,10,9,10,11,7,11,10,12,11,11,11,10,10,10,10,12,11,9,10,9,10,10,10,11,10,9,11,10,9,10,11,10,10,7,12,11,11,12,10,10,11,11,9,10,12,10,10,10,10,10,10,11,11,10,9,11,11,9,10,11,10,27.0,10,11,11,11,11,10,9,9,5,9,12,10,10,11,11,10,11,11,10,10,10,12,11,10,11,11,11,10,11,11,10,10,11,10,10,11,12,11,11,10,10,11,10,13,12,11,7,11,11,9,10,9,10,9,12,5,10,11,11,11,10,11,12,12,12,11,10,11,10,11,11,11,11,,0,10,10.0,10,10,10,9,11,10,10,11,9,22.0,9,11,11,11,11,10,10,12,12,11,9,10,10,6,10,10,10,11,10,11,10,11,11,12,10,,11,11,10,10,11,11,12,11,10,11,10,10,11,9,13.0,0,12,9,12,12,11,11,10,11,9,11,11,11,12,11,11,11,16.0,12,12,10,11,10,13,10,10,10,11,10,11,11,10,10,28.0,9,10,10,11,22.0,11,9,11,11,12,10,11,10,12,11,12,12,43.0,29.0,12,12,26.0,11,11,11,11,12,12,10,12,10,12,11,,11,11,10,13.0,12,10,9,12,12,9,11,10,10,10,11,24.0,34.0,,10,11,10,10,11,10,10,9,11,10,10,12,11,10,10,10.0,11,8,12,,11,10,46.0,11,10,11,11,11,9,11,12,11,,10,13,11,10,0.0,9,22.0,10,10,10,10,12,10,,10,12,11,10,11,7,11,11,,10,10,44.0,22.0,12,10,26.0,10,10,11,11,11,11,8,13,13,10,10,12,10,10,10,10,11,12,11,12,12,12,12,13,11,13,10,16.0,11,10,12,12,,10,12,11,12,12,0,11,10,12,,12,,12,11,11,13,11,26.0,10,11,9,46.0,18.0,11,11,,33.0,43.0,11,11,10,10,11,10,11,10,11,10,11,10,18.0,19.0,12,34.0,11,13,,11,,11,12,10,13,12,13.0,11,11,12,11,11,11,15.0,13,11,11,,12,11,12,,19.0,13,11,11,11,10,11,24.0,12,11,25.0,,38.0,11,43.0,11,12,10,12,,37.0,,,10,12,,11,11,10,35.0,14.0,10,17.0,,13,40.0,,11,,17.0,13,14.0,,12,,,,19.0,19.0,,12,,25.0,10,13.0,12,11,10,11,11,25.0,40.0,11,,,11,,8,11,13,,,11,11,11,12,10,11,11,,,11,12,,12,,22.0,12,11,,11,47.0,34.0,11,13,26.0,,18.0,10,18.0,29.0,,11,28.0,13.0,11,12,12,,26.0,,17.0,14,11,12,15.0,12,17.0,38.0,11,33.0,,16.0,14.0,12,12,,11.0,47.0,15.0,12,11,41.0,11,,11,,12,18.0,,,10,14.0,21.0,43.0,16.0,23.0,,10,10,17.0,,,14.0,12,11,,11,24.0,12,,,,,,,12,19.0,11.0,10,0.0,,25.0,,,,12,10,15.0,21.0,,13.0,44.0,23.0,,,,,,12,,31.0,,,23.0,,,38.0,29.0,16.0,22.0,17.0,11,13,29.0,10.0,11.0,9,11,12.0,10,11,40.0,11,12,29.0,12,15.0,8,23.0,12,12,,,11,,10,16.0,,,11,0.0,,,13.0,,25.0,42.0,12,12.0,35.0,18.0,,10,,11,26.0,39.0,,13,14.0,,,19.0,10,31.0,,10,12,,,,,18.0,12.0,,24.0,47.0,,,12,,,,,14.0,44.0,,11,,19.0,12,,44.0,12,20.0,,17.0,,12.0,11,34.0,,24.0,10,,34.0,,11,,,15.0,,46.0,,13,12,,,29.0,18.0,12,11,,,12,11,12,14.0,12,12,,0,11,11,13,,13,12,12,10,13,15.0,15.0,12,14.0,,,46.0,,28.0,,,18.0,,15.0,,11,8,12.0,35.0,12,,,12,13.0,25.0,,,,29.0,10,21.0,,11.0,23.0,29.0,23.0,40.0,11,25.0,,24.0,,11,,14.0,43.0,25.0,11,,43.0,,,19.0,12,39.0,31.0,11,34.0,,,,,,15.0,,,31.0,12,,0.0,0.0,156,10
12,0,11,12,11,11,12,12,12,13,11,12,12,11,8,12,12,11,12,12,11,7,13,11,12,10,12,10,11,11,10,9,12,12,12,11,10,12,12,12,11,11,11,14,11,12,11,8,11,14,13,11,13,12,12,12,12,12,11,12,12,12,11,11,10,12,12,,8,12,12,13,28.0,12,11,12,12,12,12,11,11,11,10,11,11,12,7,11,12,11,12,12,12,9,12,12,8,13,13,12,12,13,13,12,13,11,11,10,12,15.0,23.0,30.0,13,11,10,11,11,12,12,13,13,10,13,12,12,12,12,11,10,10,12,12,11,11,12,12,12,11,9,12,12,9,10,11,13,11,12,12,13,13,13,11,11,11,12,12,13,12,12,12,10,12,12,12,12,9,9,12,11,11,11,12,11,11,12,13,12,12,13,12,11,12,13,11,11,13,12,11,12,12,12,11,13,13,12,12,12,12,12,12,13,11,35.0,9,12,12,12,12,12,11,11,11,11,13,10,11,13,12,11,12,9,11,11,11,13,12,11,12,12,12,12,12,12,11,11,11,9,11,12,13,12,13,12,12,12,11,13,14,12,11,13,12,11,12,11,12,10,13,12,12,13,11,12,11,13,13,12,14,11,11,12,12,12,13,13,12,20.0,12,11,17.0,11,12,11,11,12,11,12,12,12,,11,12,12,13,12,12,11,13,13,13,9,10,12,11,12,12,11,13,12,12,12,12,12,13,12,14.0,12,12,11,13,13,13,13,12,13,12,12,12,13,11,,12,14,10,13,13,12,11,11,11,11,13,12,12,14,12,12,13,15.0,13,13,12,13,10,14,11,12,12,13,13,12,11,11,12,48.0,11,11,11,12,20.0,12,11,12,12,14,11,13,11,13,12,13,13,17.0,20.0,13,13,,13,13,13,12,13,13,12,13,12,13,13,,12,12,7,19.0,12,11,11,13,13,12,11,13,12,12,12,31.0,,,11,12,11,11,12,12,11,11,12,11,11,13,13,11,11,31.0,12,11,14,26.0,11,10,12.0,12,12,12,12,12,12,13,13,12,,11,14,13,12,33.0,12,44.0,11,12,12,12,13,12,,12,13,13,12,12,13,12,13,,11,11,,,13,12,18.0,12,12,0,12,12,12,11,14,14,12,12,13,12,11,9,11,13,12,12,11,14,14,13,14,12,14,12,,12,12,13,11,42.0,12,14,12,14,14,12,13,0,13,,13,,13,12,12,13,13,19.0,11,12,11,35.0,15.0,13,12,18.0,40.0,28.0,12,13,12,12,12,12,12,12,12,12,13,12,10.0,14.0,13,17.0,12,15,40.0,12,,10,13,12,15,14,29.0,12,13,14,12,11,13,22.0,14,12,13,,12,12,13,,20.0,15,12,13,12,12,12,22.0,13,12,13.0,,40.0,13,,13,14,11,13,,13.0,31.0,,12,13,20.0,13,12,12,40.0,,12,28.0,,14,23.0,0.0,0,,17.0,14,,,13,30.0,18.0,,13.0,41.0,,13,,38.0,12,17.0,13,12,12,13,13,,,13,14.0,,12,44.0,12,12,14,,,12,12,12,13,12,13,12,,29.0,12,13,,14,24.0,31.0,13,13,,13,27.0,20.0,12,8,0.0,,39.0,12,,38.0,48.0,12,,29.0,13,13,13,,22.0,,,16,13,13,25.0,13,24.0,13.0,12,33.0,,28.0,16.0,11,14,14.0,,20.0,27.0,12,12,13.0,13,,13,19.0,13,,15.0,,12,12.0,18.0,17.0,,24.0,23.0,12,12,,,13.0,16.0,12,13,,10,21.0,13,25.0,,,,,14.0,13,22.0,15.0,13,40.0,,17.0,,,,13,13,15.0,38.0,,,41.0,42.0,,14.0,,,,14,,,,,24.0,,19.0,26.0,11.0,36.0,12.0,23.0,13,14,35.0,16.0,23.0,12,12,31.0,12,13,,13,10,14.0,13,32.0,11,32.0,13,14,,24.0,13,,12,43.0,,,13,29.0,,,38.0,,16.0,26.0,12,32.0,,,27.0,12,,10,31.0,14.0,25.0,14,,0.0,46.0,,12,20.0,,12,12,,,,,12.0,,20.0,,,32.0,,13,0.0,,,,22.0,0.0,,12,,37.0,13,,34.0,13,32.0,,20.0,,24.0,12,,,,12,,18.0,,12,,,,,34.0,16.0,14,13,,,,17.0,13,12,,,13,13,13,,13,13,37.0,13,12,13,12,,14,13,13,11,14,12.0,16.0,13,16.0,,23.0,,,26.0,,,17.0,,,,13,11,12.0,,12,23.0,17.0,13,14.0,42.0,,,,,12,15.0,,23.0,39.0,19.0,42.0,38.0,12,36.0,,12.0,,11,15.0,42.0,12.0,22.0,12,,,16.0,,,13,16.0,21.0,13,43.0,,,,,,14.0,,,17.0,14,,,0.0,157,10
5,5,4,4,3,3,2,5,6,7,4,5,4,4,5,5,4,4,5,5,4,4,6,5,5,5,6,5,4,5,5,5,5,6,6,5,5,6,5,5,5,5,4,8,5,4,3,5,5,7,6,5,6,5,4,4,1,4,4,4,6,5,4,4,3,5,4,,4,5,5,6,,6,4,6,5,5,5,3,3,4,4,4,4,5,4,3,5,0,5,5,5,5,6,5,0,6,6,5,5,6,5,6,6,4,4,3,5,,8.0,,6,4,3,4,3,5,5,6,6,3,6,5,5,6,5,5,4,4,6,4,4,4,5,5,5,4,5,5,5,5,4,5,6,4,5,5,6,6,6,5,4,3,4,5,6,5,5,5,3,4,5,5,5,4,4,5,5,3,4,5,5,4,4,6,5,5,6,5,4,6,5,3,4,7,5,4,5,5,5,5,5,5,4,5,6,6,5,5,6,5,28.0,5,6,6,4,6,5,4,4,3,4,6,5,4,5,6,5,6,6,5,3,5,6,5,4,5,5,5,5,5,5,5,4,5,4,5,3,6,5,6,5,4,5,5,7,6,6,4,6,5,1,5,4,4,4,6,5,5,6,5,6,4,6,6,6,0,5,4,6,4,5,5,5,6,35.0,6,5,,4,4,4,4,5,4,4,5,5,,4,5,5,6,6,5,5,6,6,6,2,4,4,3,5,4,5,6,4,5,5,5,5,6,5,13.0,3,6,4,6,6,6,6,5,5,5,4,3,6,1,16.0,6,7,4,6,6,5,5,4,5,4,6,5,6,7,6,5,5,15.0,6,6,5,6,5,8,4,4,5,6,6,6,5,5,5,9.0,4,5,4,5,32.0,6,2,5,5,7,2,5,5,6,5,6,6,36.0,39.0,6,6,31.0,6,6,4,6,6,6,5,5,5,7,4,11.0,6,3,5,25.0,6,5,3,7,6,4,5,6,1,2,6,20.0,21.0,36.0,4,5,1,4,5,5,5,4,6,5,5,4,5,5,5,22.0,6,4,7,6.0,5,2,23.0,5,5,5,5,3,5,6,6,5,,4,6,6,5,26.0,4,28.0,6,5,5,5,6,5,,5,6,6,5,6,5,6,6,0.0,4,4,28.0,35.0,6,5,,4,4,5,5,6,5,4,7,7,4,5,6,5,5,4,2,6,6,5,6,7,7,7,8,6,8,5,18.0,5,5,6,6,,2,7,5,6,6,5,6,4,7,,6,,6,5,5,7,6,25.0,4,5,4,36.0,18.0,6,5,,16.0,7.0,5,6,5,5,5,5,5,5,5,5,6,4,16.0,17.0,6,21.0,6,8,32.0,5,,6,6,5,8,7,,5,6,0,5,5,6,35.0,7,4,6,,6,5,4,,12.0,8,5,5,6,5,6,18.0,6,6,8.0,,,6,,6,7,5,6,,23.0,26.0,,5,6,12.0,5,2,5,15.0,36.0,5,9.0,15.0,7,6.0,14.0,6,,22.0,7,9.0,,6,14.0,,,11.0,29.0,,6,,14.0,5,30.0,6,5,0,6,6,39.0,19.0,6,14.0,,6,0.0,5,5,7,,,5,0,6,7,5,6,5,,,5,6,,7,12.0,14.0,6,6,,6,,,5,7,8.0,,6.0,5,16.0,,18.0,5,12.0,15.0,5,7,2,,22.0,,0.0,9,6,6,24.0,6,17.0,20.0,6,20.0,,9.0,9.0,6,7,15.0,,7.0,,6,5,18.0,6,,6,8.0,6,16.0,,,5,,27.0,10.0,15.0,,11.0,5,5,34.0,,19.0,11.0,6,6,,5,7.0,6,20.0,13.0,,,,15.0,6,27.0,18.0,7,19.0,,,,,,6,6,21.0,,,25.0,28.0,,,,11.0,,,7,,20.0,,,18.0,,,,,23.0,18.0,34.0,5,6,8.0,,10.0,4,6,24.0,5,6,8.0,5,6,22.0,6,12.0,4,9.0,6,7,,26.0,5,,3,,,,5,23.0,,11.0,,,7.0,23.0,6,10.0,8.0,,30.0,5,,5,13.0,32.0,37.0,7,35.0,,20.0,,5,16.0,,4,6,,,,,12.0,10.0,7.0,,31.0,18.0,,6,,11.0,,,22.0,,,3,,30.0,6,,17.0,6,33.0,,4.0,,10.0,5,11.0,,,4,,6.0,,5,,,14.0,,14.0,,7,6,7.0,,16.0,7.0,7,5,,,6,6,6,,4,6,9.0,6,6,6,7,,7,6,6,4,7,22.0,6.0,5,,,12.0,24.0,,35.0,,,6.0,,31.0,,5,5,11.0,,6,5.0,,6,12.0,35.0,,,,,4,,,20.0,19.0,13.0,,6.0,5,8.0,,9.0,,6,18.0,,20.0,8.0,5,,5.0,,0.0,18.0,6,8.0,6.0,5,28.0,,,,,,,,,11.0,6,,,,158,10
9,8,3,7,7,6,7,8,9,10,8,8,8,7,8,8,8,7,8,8,7,7,9,7,8,8,8,7,7,2,7,6,4,8,8,7,7,6,8,8,7,7,7,11,7,8,7,8,6,10,9,7,9,8,8,5,7,8,6,8,8,8,6,7,8,8,8,31.0,8,8,8,9,34.0,9,8,8,8,8,8,8,7,7,5,7,7,8,6,7,8,7,8,8,8,5,8,8,7,7,7,8,8,8,7,8,7,7,7,7,8,16.0,8.0,12.0,9,7,6,7,7,0,6,9,9,6,9,8,8,8,8,8,6,7,8,7,1,7,8,8,8,7,8,8,8,8,7,7,9,5,8,7,9,9,8,7,7,7,7,7,9,7,2,8,4,8,8,7,8,7,6,8,7,7,7,8,7,7,7,9,8,8,9,8,7,8,9,7,7,9,8,8,4,6,7,8,8,8,8,7,8,8,8,8,9,7,38.0,8,8,8,8,8,8,7,7,7,7,9,8,7,8,8,8,9,9,8,8,8,9,8,7,9,8,8,8,8,6,7,0,8,7,5,8,9,8,8,7,8,8,4,10,10,9,7,9,8,6,8,7,8,7,9,8,9,9,7,9,7,9,9,9,10,8,7,8,7,7,8,9,8,21.0,9,6,26.0,7,7,7,7,8,7,8,8,8,13.0,7,8,8,9,9,8,8,10,9,9,7,7,8,7,8,8,8,9,8,9,8,8,8,9,8,,8,9,7,9,8,8,9,8,9,8,7,8,7,7,38.0,9,10,6,9,9,8,6,7,8,7,9,8,8,10,6,8,9,14.0,9,9,8,9,8,10,7,8,8,9,9,9,7,7,8,,7,7,7,8,16.0,8,7,8,8,10,8,8,8,9,8,9,9,22.0,,9,9,,8,7,8,9,9,9,7,9,8,9,9,,7,8,8,22.0,9,7,7,10,9,8,8,9,7,8,8,16.0,17.0,12.0,7,8,7,7,8,8,7,6,8,7,7,9,8,8,8,29.0,8,7,10,17.0,8,7,26.0,6,8,0,8,8,8,9,7,8,,8,10,9,8,11.0,8,12.0,8,7,8,8,9,6,,8,7,9,8,7,9,8,9,25.0,6,3,26.0,37.0,0,8,37.0,8,8,7,8,8,5,0,10,9,8,8,9,8,7,7,7,9,9,8,9,10,10,10,11,9,11,8,,8,7,9,9,20.0,8,9,8,9,9,7,9,7,9,17.0,9,,9,8,8,10,9,11.0,8,8,3,,10.0,9,8,16.0,,,8,9,8,8,8,7,8,8,8,8,8,8,,0.0,9,16.0,8,10,9.0,8,,8,0,6,11,10,12.0,8,9,10,8,7,9,,9,8,9,,9,8,9,,30.0,10,8,9,8,8,8,,9,7,39.0,,22.0,8,35.0,6,10,8,9,,23.0,24.0,,8,10,13.0,9,8,8,34.0,39.0,8,23.0,20.0,9,,24.0,9,,31.0,8,,,9,24.0,25.0,,24.0,11.0,,9,,15.0,8,16.0,9,8,8,9,9,17.0,41.0,9,23.0,,8,41.0,5,8,10,,,8,8,9,9,8,9,8,,24.0,8,9,,10,40.0,18.0,9,9,,9,,19.0,8,10,16.0,,18.0,8,26.0,32.0,,8,40.0,18.0,8,10,10,,22.0,,11.0,7,9,8,13.0,9,30.0,8.0,8,,,,,10,10,11.0,,18.0,36.0,7,8,19.0,9,,9,17.0,9,21.0,10.0,,0,,,,10.0,15.0,25.0,8,8,10.0,,17.0,41.0,9,9,,9,22.0,9,31.0,14.0,,,,,9,24.0,14.0,9,,,,,,,9,8,41.0,21.0,,,33.0,23.0,,,9.0,,,10,,34.0,,,12.0,,,,12.0,13.0,8.0,19.0,9,11,11.0,19.0,32.0,8,9,36.0,7,9,14.0,9,9,,9,16.0,7,9.0,8,10,,,8,,8,38.0,,,8,37.0,,15.0,31.0,,32.0,29.0,9,10.0,32.0,36.0,29.0,8,,8,,29.0,9.0,10,23.0,,9.0,14.0,8,0.0,,7,9,,,,,10.0,14.0,,17.0,12.0,0.0,,10,,41.0,,,8.0,22.0,,8,,7.0,9,,25.0,7,25.0,,21.0,,,8,16.0,,35.0,8,,41.0,,8,,,10.0,,,20.0,10,9,8.0,,37.0,26.0,10,8,,,9,9,9,,9,9,32.0,9,8,9,10,,10,9,8,7,10,,37.0,8,,,18.0,8.0,,,,,,,11.0,,8,8,22.0,15.0,9,,8.0,9,23.0,12.0,,,,15.0,8,9.0,,,11.0,10.0,,15.0,8,11.0,,16.0,,8,13.0,,,13.0,8,,24.0,37.0,,,9,19.0,,9,14.0,,,,,,,,,27.0,10,,,,159,10
5,5,5,5,4,4,5,5,6,7,5,5,5,4,5,5,4,4,5,3,4,4,6,4,5,5,6,5,4,4,4,5,5,5,5,5,5,6,5,5,5,4,2,8,4,5,4,5,5,7,6,5,6,5,4,5,5,5,4,5,5,5,4,4,4,5,5,24.0,5,5,5,6,30.0,5,4,6,6,5,5,5,4,4,3,4,2,5,4,3,5,5,5,5,5,4,6,5,5,6,6,5,5,6,6,6,6,4,4,3,5,11.0,23.0,23.0,6,5,4,1,4,3,5,7,6,1,6,5,5,5,5,5,4,3,5,5,4,2,5,5,3,4,5,5,5,5,3,4,3,2,5,4,6,6,6,5,4,4,5,5,6,5,5,5,3,4,5,4,5,4,3,5,4,3,4,5,0,4,5,6,6,5,5,5,4,6,6,3,4,6,5,4,5,5,5,5,6,6,5,5,5,5,5,5,6,5,23.0,5,6,6,5,5,5,4,4,4,4,6,5,4,6,6,5,5,6,4,5,4,6,5,4,5,5,5,5,5,5,4,5,5,4,5,5,6,6,6,5,5,3,4,7,7,5,3,6,5,4,4,4,4,4,6,5,6,6,5,6,5,6,6,6,7,5,4,5,5,5,6,6,5,23.0,6,4,15.0,4,5,4,4,5,4,5,6,5,34.0,4,5,5,6,6,5,4,6,6,6,4,4,5,2,5,5,5,6,5,5,5,5,5,6,5,28.0,5,6,5,0,6,6,6,5,6,5,5,5,6,4,7.0,4,7,4,7,5,5,5,4,5,2,6,5,5,7,6,5,6,12.0,7,6,5,6,0,7,4,4,5,6,7,5,5,4,5,,4,4,4,5,21.0,6,4,3,5,7,5,6,5,6,5,6,6,,,6,5,23.0,6,6,6,6,6,6,4,6,5,7,6,6.0,5,4,3,28.0,6,4,3,7,6,5,5,6,4,5,5,,31.0,10.0,5,5,4,4,5,4,5,4,5,4,4,6,6,5,5,26.0,5,3,7,15.0,5,4,15.0,5,4,6,5,5,3,6,6,6,,4,7,6,4,12.0,5,8.0,6,5,0,0,6,5,,1,6,6,4,3,6,6,6,,4,4,7.0,,5,5,,5,5,5,5,5,5,5,8,7,5,4,6,5,4,4,4,6,6,5,6,6,6,7,8,5,8,5,,5,5,6,6,5.0,4,7,5,7,7,4,6,5,7,9.0,6,,6,5,6,7,6,32.0,4,5,4,10.0,18.0,6,5,31.0,6.0,8.0,5,6,5,5,5,4,6,4,5,5,6,5,,17.0,6,13.0,6,8,,5,,6,6,5,8,7,22.0,5,6,7,5,5,6,10.0,7,5,6,,7,5,6,,31.0,8,5,6,6,4,5,15.0,6,6,33.0,,0.0,2,,6,7,5,6,,22.0,20.0,,5,7,,6,5,5,12.0,11.0,4,28.0,,7,6.0,,6,,4.0,7,7.0,,5,6.0,12.0,,23.0,7.0,,6,,27.0,5,,6,5,5,6,6,7.0,11.0,6,,,6,14.0,5,4,7,,,5,5,6,6,5,5,5,,,5,6,,7,,,6,6,,6,7.0,11.0,5,7,32.0,,13.0,5,11.0,16.0,14.0,5,29.0,20.0,6,7,7,,34.0,,12.0,9,6,6,32.0,6,,10.0,5,17.0,,17.0,7.0,7,7,9.0,17.0,33.0,25.0,6,5,,6,,5,32.0,6,10.0,,,5,21.0,,18.0,9.0,19.0,25.0,5,5,23.0,,29.0,28.0,6,6,,3,,6,7.0,18.0,,,,,6,,,7,,,,,,,6,6,,32.0,,9.0,17.0,15.0,,20.0,29.0,,,7,,10.0,,14.0,,,7.0,12.0,21.0,15.0,,,6,8,9.0,19.0,10.0,5,5,14.0,5,6,19.0,6,6,9.0,6,21.0,4,16.0,6,7,0.0,,6,,2,16.0,,,6,16.0,,8.0,,,11.0,6.0,6,,13.0,,,6,,6,14.0,10.0,14.0,7,14.0,,29.0,6.0,4,12.0,,4,6,,,,,21.0,20.0,9.0,11.0,14.0,15.0,,6,9.0,31.0,,,17.0,23.0,,5,,,6,,20.0,7,10.0,,22.0,,30.0,5,34.0,,17.0,5,,9.0,,2,,,8.0,,,25.0,8,6,0.0,,34.0,,7,5,,,6,6,7,0.0,7,6,,5,6,6,8,,8,7,7,4,7,,27.0,6,13.0,,,13.0,,16.0,,,28.0,,,,6,5,19.0,,6,,20.0,6,12.0,23.0,,,,,5,33.0,,,10.0,16.0,10.0,20.0,5,9.0,,,,6,12.0,5.0,,,6,,34.0,7.0,,10.0,6,10.0,11.0,6,14.0,0.0,,,,,22.0,,,,7,,,,160,10
8,7,5,5,5,6,6,7,8,7,6,7,7,6,7,7,7,7,7,7,4,5,8,7,8,8,8,7,6,7,7,7,8,8,8,7,7,8,7,8,8,6,7,9,6,7,3,7,7,9,8,7,8,7,5,0,3,4,5,1,8,7,5,5,6,7,7,,7,7,7,8,7.0,8,7,8,6,7,7,7,6,6,5,6,6,8,6,6,6,6,7,7,7,7,7,7,0,8,7,7,7,8,7,8,8,6,6,5,7,,,,8,7,3,6,7,7,7,8,8,6,7,7,6,7,6,7,6,6,7,6,6,7,8,8,8,5,0,7,7,7,6,5,8,6,8,7,9,8,8,7,7,7,7,7,8,7,6,7,3,7,7,7,6,7,6,7,7,6,6,6,7,6,6,8,8,8,7,7,7,7,8,6,7,8,6,7,7,7,7,7,7,6,6,6,7,7,7,7,8,7,18.0,7,7,8,5,7,6,6,6,3,6,8,7,7,7,6,7,8,8,7,7,7,8,8,7,8,8,7,7,7,7,7,7,7,6,7,7,8,8,8,7,7,7,7,9,9,8,6,7,8,5,7,5,6,6,8,4,8,8,7,8,7,8,8,8,9,7,6,8,6,7,7,8,8,36.0,8,7,,6,6,6,6,7,5,6,8,7,20.0,6,7,7,8,7,7,7,9,8,8,7,6,7,5,7,6,7,7,7,8,7,8,7,8,7,38.0,8,8,7,8,8,8,8,7,8,7,5,7,7,6,14.0,8,8,6,8,8,7,7,7,7,6,9,7,8,9,8,7,8,15.0,8,8,6,8,7,9,6,7,7,8,8,8,7,7,7,,6,6,7,7,16.0,8,4,7,7,8,7,8,6,8,7,8,8,28.0,36.0,8,8,18.0,8,8,5,8,8,8,7,8,7,9,8,39.0,8,7,7,41.0,8,6,6,8,8,6,6,8,6,6,8,29.0,31.0,25.0,7,7,6,6,7,7,7,6,6,7,7,0,7,7,7,21.0,8,6,9,25.0,8,7,32.0,7,7,8,7,7,7,8,8,7,,7,9,8,7,5.0,7,17.0,8,7,7,7,8,7,,0,8,8,7,8,8,8,8,,7,6,38.0,45.0,8,7,,7,4,7,7,7,8,6,9,9,7,7,8,7,4,6,6,8,8,7,5,8,4,7,9,0,9,6,,7,7,8,8,,7,8,7,8,8,6,8,6,9,22.0,8,,8,7,6,9,8,13.0,7,7,6,9.0,10.0,8,8,16.0,22.0,,7,8,7,7,8,7,7,7,7,7,8,6,41.0,9.0,8,0.0,8,10,16.0,7,,8,8,7,8,8,9.0,7,8,9,6,7,8,24.0,9,7,8,,8,8,8,,,10,6,7,8,7,8,25.0,8,7,10.0,,13.0,8,24.0,7,9,5,8,,,22.0,,7,8,18.0,2,7,7,20.0,10.0,7,25.0,12.0,9,19.0,,8,,18.0,9,7.0,,8,,,33.0,25.0,17.0,,7,,20.0,7,32.0,5,6,7,8,8,9.0,41.0,8,14.0,,7,,7,8,9,,,7,7,8,8,6,8,8,,45.0,7,8,,9,24.0,,8,8,,8,14.0,12.0,4,9,29.0,,21.0,7,,37.0,35.0,7,,10.0,6,8,8,,22.0,,,11,8,8,38.0,8,45.0,,7,20.0,,16.0,37.0,9,9,22.0,10.0,18.0,,8,8,17.0,7,15.0,0,17.0,8,12.0,25.0,,6,,9.0,9.0,,,17.0,7,7,,,35.0,23.0,9,8,,8,44.0,8,15.0,,,,,43.0,8,21.0,10.0,8,22.0,,19.0,,,,0,8,,35.0,,,21.0,13.0,,24.0,6.0,,,8,,15.0,,40.0,27.0,,15.0,18.0,7.0,28.0,26.0,,7,9,35.0,13.0,23.0,6,8,8.0,6,8,9.0,7,8,45.0,8,30.0,6,,8,9,,34.0,6,,7,12.0,,,5,21.0,,21.0,33.0,,29.0,26.0,8,,11.0,17.0,11.0,6,,6,11.0,11.0,25.0,9,17.0,,16.0,,7,11.0,,6,8,,,,,22.0,9.0,,,42.0,23.0,,8,36.0,38.0,,,,13.0,,6,,,9,,20.0,0,16.0,,,,,7,,,13.0,7,,,,8,,,23.0,,41.0,19.0,9,8,,,39.0,18.0,9,8,,,6,8,9,43.0,7,8,37.0,8,8,8,9,,9,8,8,6,9,17.0,40.0,8,7.0,,,11.0,,26.0,,,10.0,,23.0,,6,5,,,9,18.0,11.0,8,,18.0,,,,25.0,7,35.0,,33.0,31.0,,17.0,29.0,7,12.0,,31.0,,8,30.0,19.0,18.0,7.0,8,,38.0,11.0,,34.0,8,,,7,18.0,,,,,,25.0,,,13.0,8,,,,161,10
6,5,6,5,5,5,6,6,6,6,3,5,5,5,6,6,5,5,6,5,5,5,7,5,6,6,7,6,5,5,6,6,6,7,7,6,6,7,6,6,6,5,5,8,5,6,5,6,6,8,7,6,7,6,6,6,6,3,4,6,6,6,4,5,1,6,6,4.0,5,5,6,7,,6,5,6,7,6,6,6,0,2,4,5,5,6,5,5,6,5,6,6,6,5,4,6,6,7,7,6,6,7,7,6,7,4,4,5,6,26.0,38.0,33.0,7,5,5,5,6,6,6,8,7,4,7,6,6,6,6,6,3,5,6,5,5,5,6,5,6,5,6,6,6,5,4,6,6,5,6,5,5,6,6,6,5,5,5,5,7,6,5,0,4,5,6,5,6,5,4,6,5,5,5,6,5,5,6,7,7,6,7,6,5,6,7,4,5,7,6,5,5,1,4,6,7,7,6,6,6,4,6,6,7,5,,6,6,6,6,6,6,5,2,5,5,2,6,5,6,7,6,7,6,5,5,6,7,6,5,6,6,6,6,6,6,5,5,6,5,6,6,7,6,6,3,5,6,6,7,7,5,4,6,6,5,6,5,5,5,7,6,6,6,6,7,6,6,3,6,7,6,5,7,2,6,7,7,6,20.0,7,6,15.0,5,5,5,5,6,5,6,6,6,,5,6,6,6,6,6,5,7,7,6,5,5,6,5,6,6,5,7,6,6,6,6,6,7,6,36.0,6,7,6,7,6,7,7,6,7,6,5,6,7,5,7.0,6,6,5,7,7,6,6,6,6,5,7,6,7,7,7,6,7,9.0,7,7,4,7,6,8,3,5,5,5,6,6,6,5,6,7.0,5,5,5,6,24.0,7,5,6,6,7,5,7,5,7,6,7,7,19.0,11.0,7,7,9.0,6,7,6,7,7,7,5,7,6,7,7,,6,6,6,9.0,7,5,5,7,6,6,6,7,5,6,6,13.0,22.0,31.0,6,6,5,5,6,6,6,5,7,6,5,7,7,6,6,7.0,6,4,8,23.0,7,6,40.0,6,3,7,6,7,6,7,7,6,,5,7,6,6,43.0,6,38.0,5,5,5,5,7,6,,6,7,5,5,6,7,7,7,9.0,2,5,,8.0,7,6,,5,6,6,6,6,7,6,0,7,6,4,7,6,3,5,5,6,7,5,6,6,7,7,8,5,8,6,12.0,5,5,7,7,31.0,6,8,6,8,8,5,7,6,7,0.0,5,,6,6,7,8,0,25.0,6,6,4,23.0,25.0,7,4,28.0,9.0,16.0,6,7,6,6,6,5,7,6,1,4,6,6,,26.0,6,34.0,7,8,,6,0.0,7,7,6,8,7,32.0,6,6,7,6,6,6,16.0,8,6,6,,7,6,6,,25.0,9,6,7,7,6,7,,6,6,7.0,,10.0,6,,7,8,6,6,,,40.0,,6,7,11.0,7,6,6,17.0,,6,42.0,7.0,8,19.0,10.0,7,,,8,29.0,,7,7.0,42.0,30.0,,32.0,,7,,,6,11.0,7,6,6,7,7,41.0,26.0,5,16.0,,7,30.0,6,6,8,,,6,6,0,6,6,6,5,,37.0,6,7,,7,20.0,17.0,7,6,,7,,20.0,6,8,31.0,,26.0,6,42.0,,9.0,6,25.0,41.0,6,7,7,,11.0,,,10,6,7,19.0,6,40.0,24.0,6,7.0,,8.0,10.0,8,7,32.0,8.0,16.0,,7,6,15.0,7,,6,17.0,7,29.0,20.0,,6,,38.0,30.0,,17.0,15.0,5,5,26.0,,25.0,20.0,7,6,,6,21.0,7,9.0,8.0,,,,26.0,7,31.0,16.0,8,17.0,,,,,,7,7,29.0,16.0,,,23.0,,,,21.0,,,6,,31.0,,,28.0,,8.0,15.0,4.0,16.0,16.0,17.0,7,8,6.0,36.0,22.0,6,7,29.0,6,7,9.0,7,7,13.0,7,21.0,5,,7,7,,,7,,6,,,,6,,,28.0,15.0,,9.0,,7,11.0,,,16.0,6,,7,26.0,0.0,17.0,8,,,,11.0,5,33.0,,5,7,,,,,20.0,17.0,,11.0,,,,6,,11.0,,,,21.0,,5,,0.0,7,,20.0,6,13.0,,6.0,,17.0,6,35.0,,,6,,26.0,,6,,,,,19.0,10.0,8,7,19.0,,,7.0,7,7,,,7,7,8,27.0,6,7,17.0,7,7,0,7,,8,7,4,5,6,20.0,,7,25.0,,29.0,11.0,,18.0,,,24.0,,,,6,6,21.0,,7,27.0,19.0,5,11.0,11.0,,,,18.0,5,33.0,,38.0,8.0,16.0,12.0,,6,41.0,,16.0,,7,,25.0,9.0,22.0,6,,16.0,28.0,,,7,,43.0,7,32.0,,,,,,,,,,8,,,,162,10
5,3,0,5,3,1,4,0,5,6,5,4,4,3,4,4,3,5,5,5,5,4,6,4,5,5,5,3,4,5,4,5,5,5,5,4,5,5,0,5,5,4,5,7,5,5,4,5,5,7,6,4,6,5,5,5,5,4,4,5,5,5,1,4,3,4,6,12.0,5,5,6,6,30.0,6,5,6,6,5,5,5,5,4,4,4,3,6,3,4,5,5,5,6,5,4,4,4,4,6,5,5,5,5,5,5,6,4,4,4,5,32.0,20.0,,6,4,4,4,3,5,5,6,6,4,5,5,5,2,2,5,4,4,5,4,5,4,6,5,5,4,5,5,5,4,4,5,6,5,6,5,6,5,5,2,5,2,5,4,6,5,5,5,3,5,5,5,2,4,4,1,4,4,4,5,4,5,4,6,5,5,5,3,5,5,6,4,5,6,5,5,5,5,5,4,5,5,5,5,1,2,5,0,3,4,7.0,5,5,3,3,4,5,0,4,3,4,5,5,5,5,6,5,6,6,5,5,5,6,6,5,6,5,5,5,0,4,5,5,6,5,5,5,6,6,6,5,5,5,5,6,6,6,4,6,5,4,4,5,5,4,6,5,6,6,5,6,5,5,1,0,6,5,5,6,4,5,5,6,5,32.0,5,5,21.0,4,4,4,4,5,1,4,6,5,17.0,4,5,5,6,5,5,5,6,6,6,5,4,5,4,5,4,5,6,5,6,5,5,5,6,5,,5,6,5,7,5,5,6,1,6,5,5,5,6,4,11.0,6,6,4,6,6,5,5,4,5,4,7,4,5,6,6,5,6,10.0,6,6,2,5,5,7,5,5,3,5,6,2,5,5,5,6.0,5,5,5,5,,5,4,5,5,6,5,5,4,6,5,5,6,32.0,7.0,6,6,7.0,6,6,6,6,6,6,4,6,5,6,6,18.0,5,5,5,12.0,6,4,4,6,6,2,4,6,4,5,5,7.0,,20.0,4,5,5,3,5,5,5,4,5,5,5,6,5,4,4,12.0,6,4,7,26.0,5,4,,4,5,6,5,5,5,6,6,4,,2,6,5,5,19.0,5,22.0,5,4,5,5,6,5,,3,6,5,5,6,6,5,5,6.0,5,5,,,6,5,6.0,5,5,5,4,5,6,5,7,7,4,5,6,5,5,1,5,5,6,4,6,6,6,6,7,5,7,4,31.0,6,3,6,6,12.0,5,7,5,3,2,5,6,4,7,9.0,6,,5,5,6,7,4,26.0,5,5,4,17.0,7.0,6,5,25.0,24.0,,5,6,5,5,5,5,6,5,5,5,6,5,25.0,6.0,6,8.0,5,7,10.0,5,,5,6,5,7,6,23.0,4,5,6,5,5,6,31.0,6,5,6,,6,5,6,,32.0,7,5,6,5,5,5,12.0,6,5,12.0,,9.0,6,13.0,6,5,5,6,,22.0,33.0,,5,6,15.0,5,5,5,19.0,17.0,5,21.0,,0,18.0,7.0,6,,,5,12.0,,6,13.0,22.0,,24.0,,,6,,,6,,6,5,5,6,6,13.0,29.0,6,13.0,,6,33.0,5,3,7,,,2,5,6,6,5,5,5,,,5,6,,6,22.0,22.0,6,6,,6,20.0,14.0,5,7,8.0,,28.0,6,29.0,,18.0,6,8.0,17.0,5,6,6,,,,34.0,8,6,6,22.0,6,,19.0,5,6.0,,18.0,9.0,7,6,8.0,9.0,27.0,,6,5,,6,12.0,5,26.0,6,21.0,,,3,12.0,,9.0,30.0,,7.0,5,5,5.0,,,,6,6,,6,24.0,6,8.0,12.0,,,,8.0,6,7.0,,6,,,24.0,,,,5,6,10.0,15.0,,16.0,27.0,,,30.0,,,,6,,,,28.0,,,9.0,12.0,21.0,25.0,12.0,,6,7,,,15.0,4,5,32.0,5,6,31.0,6,6,21.0,6,13.0,4,,6,6,,,6,,5,28.0,,,5,25.0,,9.0,15.0,,9.0,8.0,5,20.0,28.0,0.0,19.0,5,,5,11.0,20.0,8.0,7,15.0,,,26.0,5,15.0,,5,6,,,,,18.0,29.0,34.0,34.0,27.0,14.0,,7,34.0,13.0,,,29.0,,,5,,5.0,6,,29.0,6,,,8.0,,17.0,6,20.0,,15.0,5,,,,5,,,,,8.0,23.0,7,5,8.0,,6.0,22.0,6,5,,,5,5,7,,6,6,29.0,6,6,6,7,,7,7,6,5,7,24.0,,6,20.0,,13.0,16.0,,8.0,,,,,,,5,5,,6.0,5,6.0,6.0,6,7.0,8.0,,,,,5,15.0,,,,21.0,9.0,,5,28.0,,9.0,,6,0.0,6.0,,8.0,6,,13.0,6.0,,23.0,6,17.0,,6,33.0,,,,,,8.0,,,19.0,7,,,,163,10
5,3,5,5,5,3,5,4,5,6,5,4,5,2,5,5,5,5,4,5,4,2,6,5,6,6,5,5,4,5,5,5,6,6,6,5,5,6,6,6,5,1,5,7,4,4,5,5,1,7,6,5,6,5,6,6,6,5,5,6,6,6,4,4,4,5,5,9.0,5,5,6,6,3.0,6,5,6,5,5,6,5,4,4,4,4,4,6,4,4,5,1,5,6,5,5,5,5,4,7,6,6,5,6,6,6,6,4,2,4,6,26.0,10.0,,6,4,3,4,5,6,5,6,6,4,6,5,6,6,6,5,4,4,6,5,5,5,6,5,5,5,6,6,6,0,4,5,6,5,6,5,6,6,6,5,5,5,5,5,6,6,5,5,3,5,5,5,6,4,4,5,5,4,5,5,5,5,5,7,6,5,0,5,5,5,6,4,5,7,5,5,5,5,5,5,6,6,6,6,6,5,5,5,6,5,6.0,5,6,0,5,3,5,5,0,3,4,2,5,2,6,6,5,6,6,5,4,5,6,5,5,6,6,5,5,5,5,5,5,4,4,6,5,6,6,5,5,5,6,5,6,6,6,3,6,6,4,5,5,4,4,6,5,6,6,3,6,4,6,6,5,7,6,5,6,5,6,6,6,6,25.0,6,3,6.0,4,5,5,4,6,5,5,6,5,,5,6,5,6,6,5,5,7,7,6,5,5,2,4,5,5,5,6,5,6,5,6,6,6,5,,6,6,5,7,6,6,7,6,6,5,4,3,6,4,,6,6,0,7,7,5,4,5,5,5,7,5,6,7,6,6,6,24.0,7,7,2,6,5,8,5,5,5,5,6,5,5,5,4,3.0,1,5,5,6,,6,4,5,5,6,5,6,5,5,6,6,6,,,7,7,11.0,6,6,6,6,7,7,5,6,6,7,6,26.0,6,5,5,,6,5,4,6,2,5,5,6,5,5,6,33.0,11.0,23.0,5,6,5,4,5,5,4,5,6,5,5,7,6,5,5,33.0,6,4,7,26.0,5,5,11.0,5,5,5,5,4,5,7,6,6,,5,6,1,5,,4,5.0,6,5,5,5,7,5,,5,7,5,5,6,5,6,6,30.0,5,5,34.0,28.0,7,5,31.0,5,6,6,5,6,5,4,7,7,5,5,6,5,5,5,4,1,6,5,5,6,6,6,7,5,7,3,,5,5,6,6,8.0,5,6,6,7,7,5,6,5,7,33.0,6,,6,5,2,8,5,15.0,5,6,4,,9.0,6,6,,29.0,13.0,6,6,5,5,6,5,5,5,5,4,6,5,25.0,10.0,6,24.0,6,7,33.0,0,,6,6,6,7,1,,5,5,6,6,6,5,20.0,7,5,6,,7,6,6,,38.0,6,6,6,6,5,6,,7,6,,,26.0,6,,6,7,5,6,,15.0,16.0,,5,6,,6,5,5,12.0,,5,38.0,,7,11.0,8.0,4,,,3,9.0,,6,29.0,24.0,,19.0,22.0,,7,,28.0,6,,7,5,5,6,6,29.0,38.0,6,35.0,,6,,5,6,7,,,5,6,6,7,6,4,6,,5.0,6,6,,6,8.0,32.0,6,6,,6,12.0,11.0,6,4,10.0,,9.0,6,18.0,12.0,19.0,5,28.0,,6,6,6,,10.0,,11.0,7,6,7,16.0,6,10.0,,6,35.0,,,9.0,7,6,,7.0,29.0,14.0,6,6,8.0,6,37.0,6,13.0,6,,24.0,,6,20.0,8.0,,29.0,27.0,21.0,5,5,7.0,,9.0,,6,6,,6,25.0,7,,6.0,,,,27.0,6,,18.0,7,7.0,,,,,,6,7,27.0,13.0,,16.0,27.0,13.0,,27.0,6.0,,,7,,,,11.0,9.0,,9.0,7.0,10.0,,25.0,19.0,7,7,21.0,,26.0,6,6,18.0,5,6,17.0,6,6,9.0,6,11.0,4,9.0,6,0,,37.0,6,,5,14.0,,,6,24.0,,,15.0,,17.0,10.0,6,0.0,13.0,,22.0,6,,3,,34.0,38.0,8,9.0,,13.0,,5,5.0,,5,5,,,,,,26.0,10.0,10.0,13.0,10.0,,7,14.0,17.0,,,34.0,12.0,,6,,14.0,7,,28.0,7,11.0,,13.0,,23.0,6,26.0,,,5,,,,6,,,,,,,8,6,17.0,,35.0,8.0,6,5,,,6,6,6,14.0,7,6,36.0,7,0,7,8,,8,6,7,5,7,15.0,,6,6.0,,25.0,10.0,,,,,7.0,,,,6,6,17.0,24.0,7,8.0,34.0,6,13.0,9.0,,,,10.0,5,,,22.0,14.0,7.0,35.0,38.0,5,8.0,,31.0,,5,34.0,5.0,19.0,17.0,5,,,19.0,,,6,14.0,22.0,6,9.0,,,,,,9.0,,,27.0,8,0.0,,,164,10
5,4,4,4,4,4,5,5,6,6,4,5,5,4,4,4,4,4,4,4,4,3,5,4,5,5,5,5,0,5,4,5,5,5,5,4,4,5,5,5,5,2,4,7,4,5,2,4,5,7,6,4,5,5,5,5,5,5,4,5,5,5,3,4,4,4,5,23.0,4,5,5,6,23.0,5,3,6,6,5,2,4,4,4,1,4,4,5,3,4,5,4,5,5,5,4,5,5,4,6,5,5,5,5,6,5,5,3,3,1,5,26.0,37.0,,6,4,3,4,4,4,5,6,6,3,5,5,4,5,5,2,3,3,5,5,4,4,5,5,4,4,5,5,4,5,4,4,5,3,5,4,6,5,5,5,3,4,4,4,6,5,4,5,3,4,3,4,5,4,3,4,4,4,4,5,4,4,5,6,5,5,6,4,4,5,5,3,4,6,4,4,4,4,5,5,6,5,5,4,5,5,5,4,5,4,16.0,0,5,5,5,5,5,4,4,4,4,6,4,4,5,5,2,5,5,4,4,4,5,5,0,5,5,5,5,5,5,4,4,5,4,5,5,6,5,6,5,5,5,5,6,7,5,3,5,5,4,4,4,4,3,5,4,5,6,5,5,4,6,6,6,7,5,4,5,5,5,5,5,5,33.0,5,4,24.0,1,5,4,3,5,4,4,5,5,17.0,4,5,5,6,5,4,4,6,6,6,4,4,5,4,5,5,4,5,4,5,4,5,5,5,2,19.0,5,4,4,6,5,5,6,5,6,5,4,5,6,4,,5,6,4,6,6,5,5,4,5,3,6,4,5,6,5,5,4,34.0,6,6,1,5,4,7,4,4,4,6,6,5,5,4,4,,4,4,4,0,29.0,5,4,5,5,7,4,5,4,5,5,5,5,28.0,10.0,6,6,23.0,5,4,5,5,6,6,4,5,5,6,4,22.0,5,5,3,,5,4,1,6,6,4,5,5,5,5,5,14.0,17.0,7.0,5,5,4,4,5,5,5,4,5,4,4,6,5,4,5,31.0,5,3,7,9.0,5,4,11.0,4,4,5,5,5,5,6,6,3,,4,7,6,5,9.0,5,21.0,5,4,4,5,6,4,,4,6,6,5,3,6,6,6,20.0,4,3,40.0,24.0,6,5,17.0,4,3,5,5,5,5,2,7,7,3,4,5,5,4,4,4,6,5,5,5,7,7,7,7,5,7,5,18.0,5,5,6,6,20.0,4,7,0,7,5,4,6,5,6,12.0,6,,5,4,6,5,6,20.0,4,5,4,9.0,9.0,5,5,19.0,34.0,,5,5,5,5,5,4,5,3,5,5,5,5,8.0,8.0,6,7.0,5,8,13.0,5,,5,6,5,8,6,26.0,0,5,5,5,5,6,5.0,7,5,5,,6,5,6,,,7,5,6,5,5,5,32.0,6,5,39.0,,,6,,0,6,4,6,,22.0,41.0,,5,5,14.0,6,5,4,22.0,21.0,5,15.0,10.0,7,33.0,22.0,6,,36.0,7,23.0,,6,,0.0,,17.0,,,6,,10.0,5,33.0,6,5,5,6,5,,38.0,5,23.0,,6,,5,5,7,,,5,5,5,6,5,5,5,,31.0,5,6,,7,22.0,7.0,6,5,,5,,,4,6,,,8.0,5,38.0,18.0,7.0,5,6.0,15.0,6,6,6,,,,20.0,8,6,5,32.0,6,41.0,10.0,5,,,15.0,5.0,6,7,,38.0,21.0,10.0,6,5,,6,22.0,5,20.0,6,22.0,11.0,,5,17.0,32.0,11.0,8.0,22.0,21.0,4,4,15.0,,14.0,36.0,6,6,,5,10.0,6,6.0,17.0,,,,26.0,6,6.0,14.0,6,,,14.0,,,,5,6,,20.0,,,11.0,30.0,,16.0,19.0,,,6,,35.0,,16.0,17.0,,12.0,,,6.0,7.0,,6,7,38.0,0.0,,5,6,30.0,5,5,11.0,6,6,10.0,6,15.0,4,11.0,6,7,,24.0,5,,5,31.0,,,5,36.0,,6.0,28.0,,,,5,5.0,24.0,41.0,,5,,5,,,32.0,7,15.0,,9.0,0.0,4,20.0,,4,5,,,,,15.0,20.0,14.0,,21.0,,,6,15.0,28.0,,,29.0,18.0,,5,,32.0,6,,4.0,6,5.0,,36.0,,,5,15.0,,,5,,,,5,,,23.0,,28.0,27.0,7,6,33.0,,10.0,16.0,6,5,,,6,5,7,,6,6,,6,6,6,7,,7,7,6,4,7,31.0,14.0,6,19.0,,,5.0,,12.0,,,18.0,,,,6,5,26.0,16.0,6,28.0,14.0,6,10.0,10.0,,,,,5,,,,,,,10.0,5,16.0,,9.0,,6,,26.0,,5.0,6,,,,,39.0,6,8.0,12.0,5,39.0,,,,,,8.0,,,,7,,,,165,10
6,6,6,5,5,5,5,6,6,7,5,3,6,5,6,5,3,5,4,5,5,4,6,3,6,4,6,6,5,4,5,5,6,6,6,5,5,6,6,6,6,5,5,8,4,6,2,6,6,8,7,6,7,6,6,6,6,6,5,6,6,6,5,5,4,5,6,7.0,2,5,6,7,12.0,6,5,7,7,6,6,6,0,4,4,5,5,6,5,4,6,6,6,6,6,5,6,6,5,6,6,6,6,4,7,6,6,5,1,4,6,12.0,,,7,5,5,5,5,6,5,8,7,4,7,6,6,6,6,5,4,4,6,5,5,5,6,6,6,5,6,6,6,5,4,6,6,5,6,5,7,6,6,6,4,5,5,0,7,1,6,6,4,5,5,4,6,5,5,6,5,4,5,6,5,5,5,7,6,5,7,6,5,4,6,4,5,7,6,5,5,5,6,6,7,7,6,6,6,6,6,6,7,5,12.0,6,6,7,6,6,5,5,5,5,5,7,6,5,6,6,6,6,4,5,3,5,7,6,5,6,6,6,6,6,6,5,6,6,5,6,6,7,6,7,6,6,6,6,8,8,6,2,6,6,5,5,5,5,5,7,5,0,6,6,7,6,6,7,7,7,6,5,6,6,6,7,7,6,16.0,7,5,,5,6,5,5,6,5,6,6,6,18.0,5,6,6,7,6,5,5,7,7,5,5,5,6,5,6,6,5,6,5,6,6,6,6,7,6,,6,6,6,7,6,6,7,3,7,6,5,6,7,5,,6,7,5,7,7,6,6,5,6,5,7,6,6,8,6,6,5,,7,7,5,6,0,4,5,5,5,6,7,6,6,5,3,28.0,5,5,5,6,,7,4,6,6,7,5,6,5,7,6,6,7,25.0,23.0,7,7,0.0,6,6,6,6,7,7,5,7,5,7,6,,5,5,4,20.0,7,5,5,7,7,6,6,6,6,6,6,18.0,,22.0,6,6,5,5,6,5,6,5,6,6,5,7,6,5,6,16.0,6,4,7,20.0,6,5,8.0,5,5,7,6,6,6,7,7,6,,5,8,7,6,14.0,6,6.0,6,5,5,5,7,6,,5,7,6,6,6,7,7,7,29.0,5,5,33.0,10.0,7,6,21.0,6,6,6,6,6,6,5,8,8,5,0,7,5,3,5,5,6,7,6,7,7,8,7,8,6,8,6,,5,5,7,7,9.0,6,8,6,8,8,5,6,6,7,29.0,7,,7,5,6,8,3,8.0,5,6,2,14.0,24.0,7,6,21.0,,31.0,6,6,5,6,6,4,7,5,5,5,6,6,24.0,23.0,7,33.0,6,8,,6,,6,7,6,7,7,0.0,6,6,7,6,6,7,22.0,8,6,6,,7,6,5,,39.0,8,6,7,6,6,6,17.0,7,6,32.0,,20.0,6,6.0,7,7,6,7,,19.0,17.0,,6,0,15.0,7,6,6,20.0,10.0,5,,11.0,7,,37.0,7,,13.0,8,18.0,,7,11.0,34.0,,17.0,11.0,,7,,33.0,6,,7,6,6,7,5,12.0,,6,7.0,,7,10.0,6,6,8,,,6,6,4,7,6,6,6,,,6,7,,7,30.0,13.0,7,6,,7,,21.0,6,8,12.0,,7.0,6,,18.0,17.0,6,34.0,11.0,7,7,7,,31.0,,8.0,9,7,6,30.0,6,21.0,31.0,6,16.0,,29.0,,7,7,36.0,35.0,22.0,,7,6,8.0,7,7.0,6,18.0,7,,,,6,,22.0,30.0,8.0,25.0,,4,5,14.0,,17.0,19.0,7,6,,6,32.0,7,7.0,,,,,16.0,7,38.0,22.0,5,,,,,,,7,7,38.0,10.0,,31.0,35.0,,,39.0,,,,7,,5.0,,19.0,14.0,,5.0,14.0,,16.0,,16.0,7,8,9.0,33.0,12.0,6,7,15.0,6,6,,7,7,,6,,3,,7,7,,,7,,3,9.0,,,7,21.0,,,21.0,,9.0,,6,10.0,,,,6,,7,,8.0,10.0,8,,,8.0,19.0,5,8.0,,5,7,,,,,15.0,31.0,31.0,10.0,34.0,16.0,,7,7.0,30.0,,,4.0,22.0,,4,,34.0,7,,,7,23.0,,11.0,,,6,12.0,,28.0,6,,28.0,,0,,,10.0,,17.0,9.0,8,7,22.0,,19.0,17.0,7,6,,,6,7,8,18.0,7,7,,7,7,7,8,,8,8,7,5,8,,12.0,7,19.0,,35.0,15.0,,12.0,,,8.0,,31.0,,0,6,,15.0,7,8.0,15.0,7,8.0,14.0,,,,22.0,6,28.0,,,10.0,13.0,,7.0,6,31.0,,21.0,,7,,35.0,7.0,12.0,7,,18.0,37.0,,19.0,7,16.0,21.0,7,9.0,,,,,,11.0,,,13.0,8,,,,166,10
6,6,5,5,5,4,5,6,6,7,5,5,6,5,6,5,0,5,6,6,5,5,6,5,6,6,6,5,5,5,5,6,6,6,5,5,5,6,6,6,5,5,5,8,5,6,5,0,1,8,7,6,7,6,4,5,5,5,5,5,6,6,4,5,4,5,6,33.0,5,5,6,7,8.0,7,5,4,4,0,6,5,5,5,4,4,5,6,5,5,6,3,6,6,6,5,6,6,2,7,7,6,6,6,6,6,7,4,4,2,6,6.0,10.0,12.0,6,5,4,4,5,6,5,7,7,4,7,6,6,6,6,6,5,5,6,4,5,3,6,5,3,5,6,6,6,6,5,5,6,5,6,5,7,7,6,6,5,5,5,5,7,6,5,3,4,6,5,5,6,4,2,6,5,4,5,5,5,5,5,7,6,5,7,5,5,6,7,4,5,7,6,5,6,6,5,5,6,6,6,6,6,6,6,6,7,5,7.0,6,6,7,6,6,5,4,2,4,4,7,6,5,5,6,6,6,6,5,5,5,7,5,5,6,6,6,5,6,5,5,5,6,5,5,6,6,6,6,5,5,6,5,8,8,6,5,7,5,3,5,5,5,5,7,5,6,6,5,7,5,7,7,7,8,6,5,6,5,6,6,6,6,13.0,7,6,18.0,5,5,2,4,6,5,5,6,6,,1,6,6,7,7,6,5,7,7,6,5,5,6,5,5,5,6,6,5,6,6,6,6,7,5,,6,7,3,7,6,6,7,6,7,6,5,6,7,5,24.0,6,8,4,7,7,5,5,5,5,5,7,6,6,8,5,6,7,32.0,7,7,5,6,6,8,5,5,3,7,7,6,5,5,4,12.0,5,5,5,6,18.0,6,5,5,5,7,5,6,6,7,6,7,7,20.0,14.0,7,7,25.0,6,7,6,6,7,7,5,7,6,7,7,36.0,6,6,5,31.0,7,5,5,7,7,4,5,6,5,5,6,39.0,,,5,6,5,3,6,6,5,5,6,5,5,5,6,5,6,24.0,6,4,8,13.0,2,5,,6,5,6,5,5,6,7,7,6,,5,8,7,5,11.0,5,33.0,6,5,6,6,7,6,,5,7,6,6,6,0,6,7,27.0,5,5,18.0,24.0,7,5,15.0,3,5,2,6,6,6,5,8,8,5,5,7,5,5,5,5,7,6,6,7,8,8,7,8,5,8,5,12.0,6,5,7,7,21.0,6,8,0,7,7,5,7,4,7,,7,,7,6,3,8,6,8.0,5,6,5,,11.0,7,6,14.0,10.0,22.0,6,6,6,5,6,5,5,6,6,5,6,4,,10.0,7,,6,8,23.0,6,,6,6,6,8,7,17.0,4,6,7,6,6,7,42.0,0,6,6,,7,6,6,,11.0,8,6,6,6,5,6,8.0,7,6,20.0,,,6,28.0,6,7,5,7,,33.0,33.0,,6,7,9.0,6,6,5,27.0,8.0,5,24.0,36.0,8,,34.0,7,,8.0,8,11.0,,7,37.0,,,23.0,,,7,,34.0,6,0.0,6,6,6,7,6,20.0,,6,14.0,,6,6.0,6,6,8,,,6,6,6,7,6,6,6,,,6,5,,7,23.0,40.0,7,6,,6,,12.0,6,8,16.0,,36.0,6,34.0,,,6,18.0,25.0,6,7,7,,12.0,,9.0,9,7,7,46.0,7,29.0,17.0,6,28.0,,,26.0,8,8,10.0,,16.0,29.0,6,6,,7,20.0,7,15.0,5,29.0,43.0,,6,14.0,7.0,9.0,45.0,,4.0,5,6,19.0,,,29.0,7,7,,6,45.0,7,,,,,,12.0,7,14.0,45.0,7,,,,,,,7,7,,21.0,,,,,,,7.0,,,7,,7.0,,,9.0,,46.0,11.0,8.0,6.0,39.0,29.0,6,8,8.0,44.0,46.0,5,6,33.0,5,6,13.0,6,6,17.0,7,41.0,4,20.0,7,6,,26.0,6,,6,15.0,,,6,7.0,,19.0,16.0,,26.0,26.0,6,,,,15.0,4,,6,16.0,28.0,10.0,7,13.0,,24.0,11.0,5,34.0,,5,6,,,,,21.0,17.0,,,28.0,21.0,,7,45.0,30.0,,,,9.0,,6,,13.0,7,,40.0,7,,,19.0,,7.0,6,18.0,,15.0,6,,22.0,,6,,,36.0,,,17.0,8,7,21.0,,15.0,37.0,6,6,,,7,7,7,21.0,6,7,20.0,7,6,7,8,,8,7,7,5,8,7.0,21.0,7,,,,7.0,,34.0,,,38.0,,10.0,,6,6,32.0,,0,19.0,46.0,7,13.0,10.0,,,,,6,,,14.0,,27.0,27.0,,4,22.0,,10.0,,6,12.0,19.0,0.0,28.0,0,,6.0,38.0,,31.0,7,,,6,13.0,,,,,,16.0,,,17.0,7,,,,167,10
7,8,7,8,7,4,8,8,8,9,8,8,8,7,8,8,8,7,4,8,8,7,9,8,8,8,9,8,7,8,8,8,8,9,9,8,8,9,8,8,6,8,8,10,8,8,7,8,8,10,9,8,0,3,8,8,8,8,7,8,9,8,7,7,7,7,9,8.0,8,8,9,9,40.0,8,7,8,9,8,7,8,8,7,6,7,7,8,7,8,8,8,9,9,9,6,8,8,7,9,9,8,6,9,9,8,9,8,7,6,8,13.0,,39.0,9,7,7,7,7,8,8,9,9,6,9,8,8,9,8,8,7,7,9,8,7,5,9,6,8,7,8,8,8,8,7,8,9,8,8,8,9,9,7,8,8,8,8,8,9,8,8,8,5,8,8,8,6,7,7,8,8,7,7,8,8,8,8,9,9,5,9,8,8,9,9,7,8,10,8,8,8,8,8,8,9,8,8,8,9,8,9,8,9,8,32.0,8,9,9,8,9,8,7,8,7,7,9,8,7,8,9,7,9,9,5,6,8,6,0,7,9,8,8,8,8,8,8,8,9,8,9,9,9,9,9,8,8,9,8,10,10,8,7,9,8,5,8,4,8,7,9,8,9,9,7,9,8,9,9,9,10,8,7,9,5,8,8,9,9,41.0,9,8,12.0,7,7,7,6,9,5,8,9,8,21.0,7,8,8,9,9,8,8,9,9,9,8,7,8,7,8,8,8,8,7,8,8,8,8,9,8,39.0,8,9,8,10,7,9,9,8,9,9,8,8,9,8,39.0,9,9,7,4,9,8,8,8,8,8,9,8,9,10,9,9,9,20.0,9,9,8,8,8,11,8,8,8,9,9,9,8,8,8,,8,7,7,8,12.0,9,8,8,8,10,8,8,8,9,8,8,9,13.0,,10,9,,9,9,9,9,9,8,8,9,8,9,7,16.0,7,8,8,,9,8,8,9,9,8,8,9,5,8,8,33.0,40.0,,8,9,8,7,8,8,8,7,8,8,7,9,8,6,8,36.0,9,8,10,17.0,8,5,12.0,8,8,9,8,9,8,8,9,3,,8,10,7,8,9.0,8,,8,8,8,8,9,0,,8,9,7,8,9,9,6,9,42.0,8,8,,17.0,10,8,34.0,8,8,7,8,8,9,8,8,10,8,8,9,5,7,2,8,6,9,8,9,10,10,9,10,7,10,8,,9,8,9,9,,8,10,8,10,10,8,9,8,9,12.0,9,,9,8,9,10,9,,8,9,7,33.0,20.0,9,8,,6.0,,8,9,8,8,9,8,9,8,8,8,9,8,18.0,19.0,9,,9,10,7.0,8,,7,0,8,10,10,12.0,8,9,10,8,8,9,34.0,9,8,9,,9,6,9,,22.0,11,8,9,9,8,9,12.0,8,9,,,23.0,9,13.0,9,10,8,9,,,,,9,9,21.0,9,8,8,,,8,11.0,41.0,10,,8.0,9,,12.0,10,10.0,,9,20.0,22.0,42.0,20.0,15.0,,9,,38.0,9,9.0,9,8,9,9,9,40.0,19.0,9,0.0,,0,37.0,8,8,10,,,7,9,9,9,8,9,9,,41.0,9,9,,10,42.0,26.0,9,9,,9,17.0,26.0,8,10,23.0,,20.0,8,30.0,27.0,0.0,9,11.0,29.0,7,10,9,,42.0,,8.0,10,8,9,,9,9.0,26.0,9,29.0,,24.0,9.0,9,10,17.0,,14.0,39.0,9,8,10.0,9,15.0,8,15.0,9,18.0,28.0,,8,16.0,,24.0,13.0,,39.0,8,8,12.0,,20.0,25.0,9,9,,9,17.0,8,24.0,33.0,,,,14.0,9,,10.0,10,,,21.0,,,,9,9,17.0,,,,30.0,23.0,,21.0,6.0,,,10,,,,23.0,21.0,,30.0,17.0,26.0,,20.0,12.0,9,10,,10.0,,8,9,11.0,8,9,42.0,9,9,,9,31.0,7,36.0,0,9,,,9,,9,,,,9,37.0,,,23.0,,11.0,19.0,7,13.0,28.0,23.0,10.0,8,,8,36.0,18.0,37.0,10,,,,30.0,8,,,8,9,,,,,36.0,17.0,41.0,26.0,31.0,,,9,,29.0,,,18.0,,,8,,,9,,18.0,9,34.0,,15.0,,,9,17.0,,18.0,8,,11.0,,8,,,34.0,,16.0,10.0,10,9,22.0,,,,10,8,,,9,9,10,31.0,9,9,25.0,8,9,9,10,,10,10,8,8,0,22.0,19.0,9,42.0,,18.0,40.0,,30.0,,,9.0,,13.0,,9,8,,8.0,9,14.0,0.0,9,,24.0,,,,,8,11.0,,17.0,19.0,11.0,14.0,,8,16.0,,10.0,,9,32.0,20.0,12.0,18.0,9,,32.0,38.0,,32.0,9,,12.0,9,,,,,,,12.0,,,24.0,10,,,,168,10
5,4,5,5,3,0,5,5,6,7,5,5,5,5,5,5,4,5,5,5,5,3,6,5,6,6,6,6,5,5,5,5,6,6,6,5,5,6,6,6,6,5,4,8,5,5,4,5,6,8,7,5,6,5,5,5,6,3,4,5,6,5,4,4,4,4,6,6.0,5,5,6,7,19.0,6,1,6,3,5,5,5,5,5,4,5,5,6,4,0,5,5,5,6,5,5,6,6,5,6,6,5,5,6,6,5,6,4,4,4,6,16.0,7.0,,6,5,2,4,5,6,6,7,6,3,6,6,5,6,5,4,4,4,6,5,2,5,2,6,6,5,4,6,6,5,3,5,6,4,6,5,6,6,6,6,4,4,5,5,6,4,5,5,4,5,5,5,6,5,4,6,5,4,5,6,5,4,5,6,6,5,6,5,5,6,6,4,5,6,0,5,5,5,5,5,6,6,5,6,6,6,6,5,6,5,19.0,5,6,6,6,6,5,5,4,4,4,6,5,5,6,6,5,6,0,5,4,5,6,5,4,5,6,6,5,5,1,5,5,6,5,6,6,6,6,6,5,0,6,5,7,7,6,4,0,6,5,5,4,1,2,6,5,6,6,3,6,5,6,6,5,7,5,5,6,5,6,6,6,6,16.0,6,5,,5,5,4,4,6,5,5,6,5,6.0,5,6,6,6,6,5,5,7,6,6,3,5,6,4,5,5,5,6,5,6,5,6,5,6,5,30.0,5,5,5,7,5,6,7,6,6,6,5,5,6,5,,3,5,5,7,7,6,6,5,6,4,7,5,6,7,4,6,6,32.0,6,6,5,6,5,7,5,5,5,6,7,6,6,5,5,17.0,5,5,5,5,30.0,6,3,5,5,7,5,6,4,6,5,6,6,20.0,15.0,6,6,,6,6,6,4,6,6,5,6,5,6,6,11.0,6,5,5,8.0,6,5,4,7,0,5,6,6,4,5,6,8.0,10.0,14.0,5,6,4,5,6,5,5,4,6,5,5,7,6,5,6,,6,4,7,,6,5,15.0,5,5,6,6,6,5,7,6,6,,5,7,6,5,13.0,5,6.0,6,5,2,5,7,3,,5,6,6,5,6,6,6,6,34.0,5,5,,11.0,7,6,,5,5,5,2,6,6,5,7,7,5,5,6,5,5,4,4,5,6,5,6,7,7,7,8,6,8,4,,6,5,7,6,17.0,5,7,6,7,7,5,6,5,6,8.0,6,,6,5,6,7,6,8.0,5,6,5,18.0,12.0,6,0,6.0,35.0,5.0,6,6,5,5,6,4,6,3,5,5,6,5,10.0,11.0,6,6.0,6,8,0.0,5,,6,6,6,8,7,8.0,6,6,7,6,6,6,17.0,6,6,6,,7,6,6,,14.0,8,6,6,6,5,6,5.0,7,6,,,,6,17.0,6,7,5,6,,5.0,24.0,,5,6,,6,5,5,1.0,21.0,5,10.0,,7,12.0,6.0,5,,26.0,6,12.0,,6,,9.0,36.0,,13.0,,6,,26.0,6,11.0,7,5,5,7,6,35.0,30.0,6,23.0,,6,21.0,5,6,7,,,6,6,6,7,5,6,6,,7.0,6,7,,7,25.0,23.0,6,6,,6,19.0,5.0,4,4,10.0,,36.0,5,13.0,,24.0,5,31.0,14.0,5,6,7,,21.0,,,9,6,6,8.0,6,9.0,15.0,6,18.0,,33.0,,7,7,6.0,,8.0,10.0,7,5,23.0,6,22.0,6,7.0,6,21.0,23.0,,5,9.0,,,,27.0,6.0,5,5,8.0,,13.0,9.0,7,6,,5,,7,30.0,14.0,,,,,7,,9.0,7,9.0,,30.0,,,,6,6,6.0,38.0,,40.0,,22.0,,,15.0,,,7,,32.0,,7.0,37.0,,14.0,24.0,21.0,16.0,,,6,7,7.0,26.0,16.0,5,6,,4,6,19.0,6,7,,6,21.0,4,17.0,6,7,,19.0,6,,5,,,,6,10.0,,18.0,,,6.0,21.0,6,7.0,14.0,24.0,14.0,6,,6,,40.0,,7,12.0,,13.0,30.0,5,7.0,,5,7,,,,,27.0,,13.0,,8.0,24.0,,7,,15.0,,,6.0,,,5,,,7,,6.0,7,,,10.0,,17.0,6,13.0,,22.0,5,,30.0,,6,,,,,20.0,16.0,8,5,13.0,,23.0,26.0,0,6,,,7,6,7,31.0,7,6,24.0,7,6,6,7,,8,7,4,5,7,7.0,15.0,7,35.0,,21.0,,,23.0,,,28.0,,,,6,5,39.0,,7,14.0,11.0,6,15.0,11.0,,,,34.0,5,12.0,,34.0,9.0,,40.0,14.0,6,18.0,,30.0,,6,,,,,6,,,24.0,,24.0,7,22.0,,6,37.0,,,,,,20.0,,,,7,,,,169,10
5,5,5,5,4,5,5,6,6,7,5,5,5,2,5,5,5,4,5,5,4,4,6,4,6,6,6,5,2,5,5,5,6,6,6,5,5,6,5,5,5,2,5,6,5,5,5,5,5,7,6,5,6,5,5,5,5,5,4,6,5,4,3,4,4,4,6,36.0,5,5,6,6,,6,5,6,6,5,5,5,0,4,3,4,4,6,4,4,5,5,5,5,5,5,5,4,4,6,6,5,4,6,6,3,6,4,4,3,5,,24.0,13.0,6,4,4,2,3,5,5,7,6,3,6,5,5,4,6,5,4,4,6,5,5,5,6,4,5,5,6,5,6,5,1,2,6,0,6,5,6,6,5,5,4,5,5,5,4,5,5,5,3,5,5,5,5,4,4,4,5,4,4,5,4,5,5,7,6,5,6,5,5,5,0,4,4,6,5,5,5,5,5,5,6,6,6,6,4,5,5,5,6,5,8.0,5,5,6,5,5,5,5,5,4,4,6,5,5,6,6,5,6,6,5,5,5,6,6,5,6,6,5,3,6,5,4,5,6,5,0,6,6,6,6,5,5,4,5,7,7,6,4,3,5,5,5,5,5,4,6,5,6,6,5,5,5,6,6,6,7,6,5,6,5,6,6,6,6,10.0,6,5,14.0,4,5,4,4,6,4,5,6,5,40.0,5,6,5,6,6,5,4,7,7,6,5,5,5,4,5,5,5,6,5,6,5,6,6,6,5,10.0,6,6,5,7,5,5,6,6,7,5,4,5,6,4,7.0,6,7,4,7,7,5,5,3,5,4,7,5,6,7,6,6,6,17.0,6,6,5,6,5,7,5,2,4,6,7,6,5,5,5,9.0,5,4,4,5,7.0,6,5,5,5,7,2,5,5,6,5,5,4,,6.0,6,6,20.0,5,6,5,5,6,6,4,6,1,6,6,8.0,6,5,5,28.0,6,5,4,7,7,5,5,6,5,5,6,21.0,25.0,,5,6,5,4,4,5,4,4,6,5,5,6,6,5,5,33.0,6,4,7,29.0,6,5,30.0,5,5,6,5,6,5,6,6,6,,5,7,6,5,5.0,5,39.0,6,3,5,5,6,5,,5,7,6,5,6,6,6,6,10.0,5,1,11.0,7.0,7,5,,5,5,5,5,6,6,5,6,7,5,5,6,5,4,4,5,6,6,5,6,7,7,7,8,6,8,5,14.0,5,5,7,6,16.0,5,7,5,7,7,5,6,3,7,16.0,6,,6,5,6,7,6,6.0,5,6,4,,7.0,6,5,19.0,15.0,,6,6,5,5,6,5,6,5,5,5,6,5,12.0,8.0,7,6.0,6,8,29.0,5,,6,6,6,8,7,9.0,5,6,7,6,5,6,11.0,7,5,6,,7,6,6,,14.0,8,5,6,6,5,5,,5,5,,,15.0,6,27.0,6,7,5,6,,26.0,,,5,7,,4,6,5,6.0,28.0,5,11.0,10.0,7,8.0,,6,,37.0,7,11.0,,0,20.0,10.0,12.0,12.0,,,0,,24.0,6,11.0,6,6,5,6,6,19.0,,6,21.0,,6,38.0,5,5,7,,,5,5,6,7,5,6,6,,6.0,5,7,,7,7.0,16.0,6,6,,6,,31.0,6,7,15.0,,17.0,6,34.0,,24.0,6,,,6,7,7,,,,,9,6,4,27.0,6,6.0,14.0,5,23.0,,19.0,19.0,7,7,13.0,11.0,21.0,16.0,6,5,15.0,6,20.0,6,20.0,6,17.0,20.0,,6,,6.0,5.0,,11.0,,5,5,7.0,,13.0,27.0,6,6,,6,14.0,7,0.0,12.0,,,,7.0,7,35.0,4.0,6,28.0,,5.0,,,,6,6,11.0,,,9.0,30.0,18.0,,30.0,26.0,,,7,,,,29.0,,,5.0,16.0,,,0.0,10.0,6,8,15.0,9.0,16.0,6,6,,5,6,24.0,6,6,0.0,6,,4,14.0,6,7,0.0,,6,,5,19.0,,,6,36.0,,,22.0,,,34.0,6,8.0,,16.0,20.0,6,,6,14.0,22.0,8.0,7,8.0,,17.0,,5,,,5,6,,,,,19.0,9.0,6.0,17.0,16.0,,,7,16.0,30.0,,,17.0,,,5,,22.0,7,,12.0,7,20.0,,11.0,,,6,8.0,,12.0,5,,,,6,,,14.0,,10.0,10.0,7,6,8.0,,,,7,5,,,6,6,7,,7,6,22.0,7,6,6,8,,6,7,7,5,7,8.0,5.0,6,,,20.0,33.0,,,,,12.0,,24.0,,6,5,,,7,16.0,37.0,7,6.0,24.0,,,,,5,,,,,33.0,11.0,,5,12.0,,5.0,,6,10.0,39.0,23.0,15.0,6,,6.0,6.0,,34.0,6,8.0,20.0,6,,,,,,,,,,16.0,7,,,,170,10
6,6,5,5,2,5,5,6,6,7,5,4,6,5,6,6,3,5,6,5,5,4,6,5,6,6,7,6,5,6,5,6,6,6,6,5,6,7,6,6,6,5,5,8,5,5,5,6,6,7,7,6,7,6,5,5,5,4,5,6,6,6,4,4,5,6,6,,5,5,6,0,20.0,6,5,7,6,4,5,6,5,4,4,4,5,6,4,4,6,5,6,6,6,6,6,6,5,7,6,6,6,6,6,6,7,5,1,3,6,,34.0,30.0,7,5,4,5,5,6,6,7,7,4,7,6,6,6,6,6,5,4,6,5,5,5,6,6,6,5,4,5,6,6,5,6,6,5,6,5,7,7,6,6,3,5,5,5,7,6,5,6,4,5,5,5,6,5,5,6,5,5,5,6,4,5,5,7,7,6,7,6,5,6,7,4,5,7,3,5,5,0,5,6,6,6,5,6,6,6,5,6,7,6,29.0,6,6,7,6,6,3,5,4,4,5,7,6,5,6,6,6,7,6,5,5,5,7,6,5,6,6,5,6,6,6,5,6,6,5,6,6,7,6,7,6,5,6,5,8,8,6,4,6,6,5,5,5,3,4,7,5,6,7,6,7,4,7,7,7,8,6,5,6,0,6,6,6,6,39.0,7,5,29.0,5,4,4,2,6,5,5,6,6,9.0,5,6,6,7,7,5,5,7,7,6,5,5,6,2,5,5,5,7,5,6,6,6,6,7,5,31.0,4,6,5,7,6,6,7,6,7,6,5,6,7,5,15.0,6,8,5,7,7,6,6,5,6,5,7,6,6,8,6,6,6,19.0,7,7,5,7,5,8,5,5,5,7,7,6,6,5,5,24.0,5,5,5,6,,6,5,5,6,7,5,6,5,7,6,7,7,19.0,,7,7,22.0,6,7,6,6,7,7,4,7,5,7,7,7.0,6,2,5,9.0,6,5,3,7,7,5,6,6,5,5,6,0.0,6.0,,6,4,5,5,6,6,6,5,6,5,5,7,6,5,6,,6,4,7,,6,5,15.0,6,5,6,6,6,6,7,7,6,,5,8,7,5,13.0,6,21.0,7,5,5,5,7,6,0.0,6,7,5,5,6,7,6,7,20.0,5,5,9.0,9.0,7,6,18.0,5,5,6,6,6,6,5,8,8,4,0,7,5,5,5,5,6,7,6,7,8,8,7,8,6,8,0,28.0,6,5,7,7,,5,8,6,7,7,5,6,5,7,39.0,7,,7,6,6,8,6,37.0,5,6,5,21.0,14.0,6,6,,42.0,,6,0,6,5,6,5,6,5,6,5,6,5,37.0,15.0,7,,6,9,,6,,6,7,6,9,8,,6,6,8,6,6,7,38.0,8,6,6,,7,6,5,,,9,6,6,7,5,6,13.0,7,6,29.0,,37.0,6,35.0,6,8,5,7,,41.0,20.0,,6,7,14.0,6,6,5,21.0,,5,20.0,24.0,8,,18.0,7,,8.0,8,9.0,,7,9.0,24.0,,24.0,,,7,,,6,,7,6,4,7,6,,21.0,6,22.0,,6,,6,6,8,,,6,6,6,7,6,6,6,,12.0,6,7,,8,24.0,26.0,7,6,,7,9.0,24.0,5,8,13.0,,15.0,2,,21.0,32.0,6,10.0,,0,7,7,,0.0,,42.0,10,7,5,12.0,6,20.0,17.0,6,17.0,,11.0,34.0,8,8,,17.0,10.0,14.0,7,5,12.0,7,21.0,6,11.0,7,11.0,17.0,,6,,24.0,,,8.0,,5,5,34.0,,,15.0,7,7,,6,22.0,7,,29.0,,,,7.0,7,30.0,15.0,7,28.0,,34.0,,,,7,7,12.0,,,34.0,31.0,23.0,,27.0,15.0,,,8,,,,,18.0,,9.0,7.0,19.0,20.0,,8.0,6,8,11.0,30.0,39.0,5,6,11.0,5,7,17.0,6,7,8.0,7,15.0,5,13.0,7,8,,31.0,6,,6,16.0,,,6,17.0,,,22.0,,14.0,26.0,7,14.0,,,11.0,6,,7,12.0,,,8,26.0,,6.0,22.0,5,13.0,,4,7,,,,,17.0,24.0,,36.0,10.0,25.0,,7,,21.0,,,23.0,36.0,,6,,14.0,7,,7.0,7,22.0,,22.0,,9.0,6,,,14.0,4,,19.0,,6,,,25.0,,11.0,,8,7,22.0,,23.0,28.0,8,6,,,7,7,8,9.0,5,7,18.0,7,7,7,7,,8,7,6,2,8,6.0,21.0,7,19.0,,,27.0,,,,,,,,,6,6,19.0,8.0,7,19.0,10.0,7,20.0,19.0,,,,,5,,,21.0,11.0,,36.0,7.0,6,41.0,,6.0,,7,27.0,9.0,,8.0,7,,,,,9.0,7,7.0,8.0,6,36.0,,,,,,11.0,,,17.0,7,,,,171,10
6,6,5,5,5,2,5,3,6,6,5,5,5,4,5,6,5,5,5,5,5,5,7,0,6,6,6,6,5,5,5,5,6,2,6,5,6,6,6,6,5,4,5,8,5,6,5,6,6,7,7,6,6,0,6,6,6,4,5,6,6,6,4,3,4,5,6,,5,5,6,6,8.0,6,5,7,7,5,6,5,5,5,3,4,5,6,4,5,6,5,6,6,6,5,6,6,5,5,6,5,6,6,6,6,7,4,4,4,6,25.0,11.0,38.0,6,5,5,4,5,6,6,7,6,4,7,6,6,6,6,6,5,5,6,5,5,5,6,6,6,5,6,6,6,5,4,5,6,5,4,0,7,5,6,6,5,5,5,6,7,5,6,6,4,5,6,5,6,5,5,6,5,5,3,6,5,5,5,0,6,5,6,6,5,6,6,4,2,3,5,5,5,5,5,5,7,6,6,6,6,6,5,5,6,4,18.0,5,6,6,6,6,6,5,5,5,4,6,6,5,6,6,5,6,6,5,5,5,7,6,3,6,6,6,2,4,5,5,5,3,5,6,6,7,6,6,6,5,6,6,7,7,6,4,6,6,5,5,4,3,4,6,5,6,6,6,6,5,6,6,6,7,6,5,6,5,6,6,7,6,,6,5,8.0,5,5,1,4,6,5,6,6,6,27.0,5,6,6,6,6,5,5,5,7,6,5,5,6,5,6,6,5,6,6,6,5,6,6,7,5,,6,6,5,7,6,6,7,5,6,6,5,6,6,5,8.0,6,7,5,8,7,6,6,5,6,5,7,6,6,7,6,6,5,,7,7,5,6,5,7,5,5,3,6,5,6,6,5,5,23.0,5,4,5,5,0.0,6,5,0,5,6,5,6,5,7,6,6,7,11.0,,7,7,22.0,6,6,6,6,7,7,5,6,6,6,6,18.0,6,6,5,11.0,6,5,5,5,6,6,6,6,5,6,6,13.0,37.0,10.0,5,6,5,0,6,6,6,5,6,5,5,7,7,5,6,22.0,6,4,7,14.0,6,5,32.0,3,4,6,6,6,5,7,7,6,,5,7,6,5,16.0,6,,6,3,6,5,7,6,,6,7,6,6,6,6,6,7,12.0,5,5,11.0,25.0,7,5,13.0,5,6,6,6,6,6,5,7,7,5,5,7,5,5,5,5,6,6,5,6,7,7,7,7,6,7,5,36.0,5,5,6,6,11.0,5,6,6,8,8,5,5,4,7,,7,,4,5,6,8,6,5.0,2,6,2,30.0,21.0,7,6,19.0,,31.0,6,6,6,6,6,5,6,5,6,5,6,6,,20.0,5,24.0,6,8,21.0,6,,6,6,6,8,7,15.0,6,5,7,6,0,6,29.0,6,6,6,,7,6,6,,13.0,8,6,7,6,5,6,10.0,7,6,17.0,,37.0,6,19.0,7,7,5,6,,,,,6,7,28.0,6,6,5,16.0,15.0,5,13.0,15.0,7,18.0,13.0,6,,10.0,8,7.0,,7,20.0,12.0,28.0,,,,7,,19.0,6,28.0,7,6,6,7,6,,38.0,6,8.0,,5,13.0,6,6,8,,,4,6,6,7,5,6,6,,7.0,6,6,,7,9.0,,7,6,,6,16.0,,6,8,,,23.0,6,13.0,13.0,29.0,6,17.0,,6,7,7,,,,,8,6,4,0.0,6,,9.0,6,10.0,,12.0,,7,7,20.0,,8.0,9.0,7,6,12.0,7,7.0,6,5.0,7,8.0,,,6,,8.0,,16.0,13.0,31.0,5,5,0.0,,15.0,,7,6,,6,16.0,7,18.0,18.0,,,,22.0,6,,23.0,7,27.0,,15.0,,,,5,7,9.0,10.0,,32.0,15.0,32.0,,,,,,7,,6.0,,12.0,15.0,,,,,9.0,,25.0,7,8,,32.0,7.0,5,6,,5,6,,7,6,7.0,7,37.0,5,,7,7,,16.0,6,,6,,,,6,15.0,,28.0,8.0,,28.0,17.0,6,24.0,22.0,35.0,,6,,7,8.0,18.0,7.0,7,8.0,,,7.0,5,,,4,7,,,,,8.0,10.0,8.0,17.0,30.0,29.0,,7,19.0,16.0,,,30.0,18.0,,6,,13.0,7,,21.0,7,10.0,,7.0,,19.0,6,,,22.0,6,,14.0,,6,,,,,6.0,6.0,8,7,23.0,,21.0,,7,5,,,7,6,8,27.0,7,6,6.0,7,7,7,8,,7,8,7,4,8,16.0,37.0,6,6.0,,,15.0,,32.0,,,10.0,,11.0,,6,6,,22.0,7,11.0,,6,30.0,29.0,,,,30.0,5,,,14.0,,28.0,38.0,12.0,6,,,7.0,,7,7.0,17.0,9.0,17.0,7,,26.0,14.0,,12.0,6,21.0,,6,21.0,,,,,,35.0,,,13.0,8,,,,172,10
7,6,5,6,6,5,3,7,7,8,6,6,6,6,6,6,6,5,4,6,6,5,7,6,7,7,7,6,5,6,6,6,7,7,7,6,6,7,7,7,7,4,5,9,6,6,4,6,6,8,7,6,7,6,6,6,6,6,5,6,6,6,5,5,5,6,6,11.0,5,6,6,7,,7,6,7,7,6,6,5,4,5,4,2,5,5,5,2,6,6,7,7,6,6,7,7,6,7,7,6,6,7,7,6,7,4,5,5,6,28.0,10.0,,7,6,5,5,6,7,6,8,7,3,7,6,6,6,6,6,5,5,7,5,6,5,6,7,7,5,6,6,6,6,5,6,6,2,6,5,8,7,7,6,5,6,5,6,7,6,6,6,5,6,6,6,6,4,5,6,6,5,6,6,6,5,6,7,7,6,7,6,4,6,7,5,6,8,6,6,6,6,6,6,7,7,6,6,7,7,6,6,7,6,11.0,6,7,7,6,7,6,4,4,5,5,7,6,6,6,7,6,0,7,6,6,6,7,7,6,7,4,6,6,7,6,6,6,7,6,6,7,7,7,7,6,6,7,6,8,8,7,5,7,7,5,6,4,5,1,7,6,7,7,6,7,6,7,7,7,8,7,0,7,6,6,3,7,7,13.0,7,6,8.0,5,6,5,5,6,6,6,7,6,6.0,5,7,6,7,7,6,0,8,0,7,6,2,6,5,6,6,6,7,6,6,6,7,6,7,6,9.0,7,7,6,8,6,4,7,7,8,7,6,6,7,5,,7,8,5,8,8,6,6,6,7,5,8,6,7,8,7,6,7,23.0,7,7,6,7,6,9,6,6,6,7,8,7,6,6,6,32.0,5,5,6,6,21.0,7,5,0,6,8,6,6,6,7,6,7,5,17.0,8.0,7,7,,6,7,7,7,7,7,5,6,6,7,7,32.0,7,6,6,15.0,6,5,5,8,8,6,6,7,6,5,7,,,29.0,6,6,6,5,6,6,6,5,7,4,6,7,7,6,5,37.0,6,5,8,31.0,7,5,9.0,6,6,7,6,7,6,7,7,7,,6,8,7,6,19.0,6,32.0,7,6,6,6,7,3,,6,7,7,6,7,7,6,7,9.0,5,5,25.0,,8,6,32.0,6,6,6,6,6,7,6,9,9,6,5,7,0,6,6,5,7,6,7,8,8,8,8,9,7,9,6,11.0,6,6,8,7,7.0,6,8,7,8,8,4,7,6,7,23.0,6,,7,6,7,8,7,10.0,6,7,5,10.0,8.0,7,7,14.0,8.0,15.0,7,7,6,4,4,5,7,6,6,6,7,6,7.0,6.0,7,18.0,7,9,,6,,7,7,7,9,8,8.0,6,7,8,6,6,7,16.0,8,6,7,,7,6,7,,16.0,9,6,7,7,6,7,12.0,7,7,13.0,,,7,28.0,7,8,6,8,,33.0,18.0,,6,8,29.0,7,6,6,14.0,18.0,6,15.0,,8,34.0,25.0,7,,9.0,8,22.0,,7,10.0,21.0,24.0,17.0,10.0,,7,,,7,9.0,7,6,6,7,0,22.0,34.0,7,33.0,,7,,6,7,8,,,7,7,7,8,6,7,6,,0.0,6,8,,8,13.0,43.0,7,7,,7,31.0,22.0,6,8,,,,7,33.0,6.0,7.0,6,,9.0,7,8,8,,19.0,,,8,7,7,27.0,7,15.0,24.0,7,10.0,,,12.0,8,8,10.0,42.0,16.0,,7,6,,7,,7,15.0,6,24.0,14.0,,6,40.0,10.0,8.0,32.0,20.0,9.0,6,6,15.0,,40.0,13.0,7,6,,7,,8,8.0,,,,,13.0,8,12.0,29.0,6,8.0,,,,,,7,7,30.0,,,,13.0,,,,6.0,,,8,,44.0,,,,,,17.0,10.0,,44.0,,7,9,26.0,33.0,,6,7,13.0,6,6,11.0,6,7,8.0,7,22.0,5,11.0,7,8,,,6,,6,35.0,,,7,,,,12.0,,21.0,7.0,7,,7.0,,22.0,6,,7,11.0,35.0,41.0,8,,,16.0,29.0,6,12.0,,6,7,,,,,35.0,8.0,20.0,10.0,,0.0,,7,22.0,36.0,,,6.0,22.0,,6,,9.0,8,,,7,35.0,,,,27.0,7,12.0,,43.0,6,,,,7,,,24.0,,16.0,34.0,8,7,40.0,,11.0,40.0,8,7,,,7,7,8,,7,8,24.0,7,7,7,9,,9,8,8,5,8,40.0,,7,31.0,,20.0,10.0,,29.0,,,8.0,,0.0,,7,6,8.0,,8,37.0,17.0,8,9.0,,,,,,6,14.0,,,,,33.0,18.0,7,19.0,,36.0,,7,15.0,31.0,8.0,11.0,7,,17.0,8.0,,21.0,8,30.0,12.0,7,11.0,,,,,,20.0,,,,8,,,,173,10
6,7,5,0,5,5,5,7,7,7,7,6,5,6,7,6,6,6,7,6,6,6,7,6,7,7,7,7,6,7,7,7,7,7,7,6,6,7,7,7,7,6,6,9,6,7,6,7,7,8,8,7,8,7,6,6,4,6,5,6,7,7,5,2,6,7,7,10.0,7,7,7,7,33.0,7,7,8,8,7,7,6,6,6,5,3,6,7,6,6,7,6,7,7,7,6,7,7,6,8,7,7,7,7,0,7,8,5,6,5,7,,20.0,36.0,8,6,6,6,6,7,7,8,8,5,8,6,7,7,6,4,4,5,7,6,6,6,8,7,6,6,5,7,7,6,6,7,7,4,6,6,5,7,7,7,6,5,6,6,8,7,6,4,3,6,0,6,7,5,5,7,6,6,6,7,6,6,6,3,7,7,6,6,6,7,8,5,3,8,7,6,7,6,7,4,6,6,3,4,7,5,7,7,7,6,27.0,6,6,5,7,7,6,5,6,5,5,7,6,6,7,7,7,8,8,6,7,7,8,7,6,7,7,7,6,7,7,6,6,7,3,6,6,7,7,7,6,6,7,6,8,8,7,5,7,7,5,6,6,6,6,7,6,7,8,7,7,7,7,7,7,8,7,6,7,6,7,7,8,0,26.0,8,6,8.0,6,6,6,6,7,6,6,7,6,12.0,6,7,7,7,7,7,6,8,8,8,6,6,7,6,7,6,7,8,6,7,7,7,7,8,6,25.0,7,8,6,8,7,7,8,7,8,7,7,5,8,6,11.0,8,8,5,8,8,7,7,6,7,6,8,7,7,8,7,6,7,7.0,8,8,7,7,7,9,4,6,6,7,8,7,7,6,6,12.0,6,6,6,7,9.0,7,6,7,7,8,6,7,5,8,7,8,8,6.0,27.0,8,8,34.0,7,8,7,7,8,8,5,8,7,8,8,12.0,7,7,6,33.0,7,6,5,8,8,4,7,7,6,5,7,13.0,,20.0,5,7,6,6,7,6,7,6,7,6,6,8,7,4,6,10.0,7,5,9,12.0,6,6,,6,6,7,7,7,7,8,8,7,,6,8,7,7,32.0,7,30.0,7,5,7,7,8,6,,6,8,7,7,4,8,7,8,25.0,6,6,22.0,,8,7,,6,6,7,7,6,7,6,9,9,6,6,8,6,6,6,6,4,8,6,8,8,8,8,9,7,9,6,9.0,7,7,8,7,6.0,7,8,7,7,7,6,8,6,9,18.0,8,,8,6,7,9,7,20.0,6,7,5,30.0,12.0,7,7,,17.0,18.0,6,7,6,6,7,6,6,7,7,7,7,6,27.0,13.0,8,8.0,7,9,17.0,7,,7,7,7,8,8,36.0,7,7,8,6,7,7,,8,7,7,,8,7,7,,,8,6,6,7,7,8,16.0,8,7,7.0,,24.0,7,13.0,4,8,6,7,,13.0,,,7,8,15.0,7,7,6,20.0,30.0,6,13.0,8.0,9,,29.0,8,,16.0,9,13.0,,7,,,21.0,0.0,21.0,,7,,0.0,6,43.0,8,6,7,8,7,18.0,,7,16.0,,6,29.0,6,7,9,,,7,7,7,8,6,7,6,,21.0,7,8,,8,27.0,,8,8,,7,8.0,,6,9,,,9.0,7,,26.0,39.0,7,10.0,30.0,7,8,8,,14.0,,17.0,9,8,8,14.0,8,34.0,33.0,6,16.0,,23.0,,9,8,,23.0,21.0,34.0,8,7,21.0,8,15.0,7,22.0,8,13.0,,,6,6.0,24.0,12.0,19.0,,20.0,6,7,,,36.0,18.0,8,7,,7,13.0,8,33.0,,,,,26.0,8,16.0,,8,33.0,,24.0,,,,8,8,26.0,28.0,,23.0,20.0,16.0,,27.0,,,,8,,,,18.0,,,35.0,29.0,12.0,37.0,,,7,9,,8.0,16.0,6,7,25.0,5,7,15.0,7,8,38.0,8,14.0,6,9.0,8,8,,41.0,6,,7,39.0,,0.0,6,11.0,,12.0,43.0,,22.0,11.0,7,26.0,13.0,,19.0,6,,7,7.0,9.0,18.0,9,34.0,,10.0,15.0,0,12.0,,6,7,,,,0.0,,,14.0,,21.0,,,8,36.0,,,,34.0,21.0,,6,,21.0,8,,43.0,8,,,,,,7,,,,7,,,,7,,,12.0,,39.0,,9,8,26.0,,,,8,7,,,8,8,9,12.0,7,8,39.0,8,8,7,8,,7,8,7,6,9,,26.0,8,14.0,,26.0,20.0,,,,,23.0,,,,7,6,21.0,16.0,8,21.0,,8,22.0,34.0,,,,39.0,5,,,,8.0,17.0,,,6,32.0,,16.0,0.0,8,22.0,,11.0,14.0,8,,,31.0,,8.0,8,24.0,28.0,6,15.0,,,,,,14.0,,,19.0,8,,,,174,10
5,4,4,4,4,2,5,2,4,5,4,4,4,2,4,4,4,1,4,4,4,3,5,4,5,3,5,4,2,4,4,4,5,5,5,2,4,5,5,3,5,3,4,7,3,5,4,4,5,6,6,1,5,5,5,5,5,5,3,5,5,3,3,4,4,4,2,,3,4,5,5,6.0,5,4,5,5,4,5,4,4,3,3,3,4,2,2,3,5,4,5,5,5,4,5,4,3,6,5,5,4,5,5,5,5,2,3,3,5,,8.0,15.0,5,4,3,4,4,5,4,6,5,3,6,5,5,5,5,4,3,3,5,4,4,4,5,5,5,4,5,5,5,4,3,4,5,3,5,4,6,5,5,4,4,4,3,4,5,5,4,5,0,4,4,4,5,4,1,5,4,4,4,4,3,4,4,6,5,5,5,4,3,4,5,4,4,6,5,4,4,4,4,4,4,5,5,5,5,5,5,4,5,4,16.0,4,5,5,5,5,5,4,4,4,1,5,4,4,5,5,4,5,5,4,4,4,4,5,4,5,5,5,3,5,4,4,4,5,4,5,5,5,5,5,4,4,5,4,6,3,5,3,4,5,4,4,4,3,4,5,4,5,5,4,5,4,4,3,1,0,5,4,5,4,5,5,6,5,,5,4,14.0,4,4,3,1,5,4,5,5,4,24.0,4,4,5,5,5,4,4,6,6,5,4,4,5,3,5,5,0,5,4,5,4,5,5,5,4,5.0,5,5,4,6,5,5,6,5,5,5,4,4,5,3,,5,6,3,6,6,5,5,4,5,4,6,4,5,6,5,4,5,,6,6,2,5,4,7,4,4,4,5,5,5,4,4,4,27.0,4,4,4,5,19.0,5,4,4,4,6,4,5,4,5,5,5,5,,21.0,6,6,9.0,5,5,5,5,6,6,4,5,5,6,5,21.0,5,4,4,24.0,5,4,4,6,5,5,4,5,4,5,5,13.0,,0.0,3,5,4,4,4,4,4,3,5,4,4,6,5,4,4,10.0,5,3,6,8.0,5,4,11.0,4,4,5,5,5,4,6,5,5,,4,6,4,4,4.0,5,11.0,5,4,4,5,6,4,,4,6,5,4,5,5,5,5,,4,4,16.0,18.0,5,1,20.0,4,5,5,4,5,5,4,6,6,4,4,6,4,4,4,4,5,5,4,5,6,6,5,6,5,7,4,34.0,5,4,5,5,29.0,5,6,5,6,6,4,5,5,6,17.0,6,,5,4,5,7,4,8.0,4,5,3,,8.0,3,5,7.0,28.0,,5,5,5,4,5,4,5,4,5,4,5,5,6.0,7.0,5,34.0,5,6,16.0,5,,5,5,5,6,6,,5,3,5,5,5,5,12.0,6,4,5,,6,5,6,,9.0,7,5,6,5,4,5,,6,5,10.0,,10.0,5,28.0,6,6,4,5,,17.0,,,5,5,34.0,5,5,4,24.0,34.0,4,10.0,27.0,7,20.0,17.0,5,,17.0,7,32.0,,6,12.0,10.0,,7.0,,,6,,,5,,6,5,5,6,5,,5.0,5,27.0,,5,4.0,4,5,7,,,4,5,5,6,5,5,5,,32.0,5,6,,5,36.0,11.0,6,5,0.0,5,,,5,6,11.0,,29.0,5,,26.0,11.0,5,40.0,28.0,5,6,5,,13.0,,16.0,7,5,6,21.0,5,24.0,30.0,5,8.0,,8.0,,6,6,0.0,13.0,9.0,32.0,6,0,0.0,4,,6,8.0,6,,7.0,,5,40.0,13.0,26.0,28.0,,6.0,4,4,7.0,,34.0,5.0,5,5,,3,9.0,6,6.0,,,,,7.0,5,26.0,,6,30.0,,17.0,,,,5,6,26.0,12.0,,12.0,,4.0,,13.0,18.0,,,6,,7.0,,23.0,27.0,,18.0,15.0,2.0,,,40.0,6,6,31.0,,,5,6,18.0,4,5,40.0,6,6,40.0,6,21.0,3,36.0,4,5,,9.0,6,,5,20.0,,,5,32.0,,6.0,40.0,,11.0,6.0,5,16.0,,,,5,,5,40.0,,,7,18.0,,14.0,37.0,2,34.0,,4,6,,,,,16.0,18.0,24.0,13.0,10.0,40.0,,6,11.0,7.0,,,,,,5,,21.0,6,,20.0,6,,,38.0,,6.0,5,10.0,,,4,,22.0,,5,,,32.0,,8.0,31.0,7,6,,,32.0,7.0,6,5,,,5,5,6,14.0,6,5,9.0,6,5,6,7,,7,7,6,4,6,6.0,34.0,6,6.0,,37.0,21.0,,,,,11.0,,,,6,0,19.0,27.0,6,,,5,7.0,,,,,,4,,,,13.0,6.0,35.0,8.0,5,15.0,,,,5,16.0,15.0,,6.0,5,,8.0,9.0,,5.0,6,,31.0,5,14.0,,,,,,0.0,,,,7,,,,175,10
8,8,5,4,6,6,6,8,8,9,7,7,7,6,7,7,7,7,8,7,7,7,8,7,8,8,8,8,7,8,7,8,8,8,8,7,7,8,8,8,6,7,7,10,7,7,7,0,4,9,8,7,8,8,1,7,7,6,6,6,8,7,6,6,6,7,8,6.0,7,7,8,9,,8,7,8,8,8,8,7,7,7,6,7,7,8,4,6,7,0,8,8,8,7,8,6,6,9,8,8,8,8,8,8,8,7,7,5,8,16.0,,11.0,9,7,6,7,7,8,8,9,9,6,8,8,8,8,7,8,7,6,8,7,3,7,8,8,8,5,7,6,8,7,6,7,8,7,8,7,9,8,8,8,7,5,7,7,7,8,7,7,5,8,7,7,7,7,6,8,6,7,7,7,4,7,7,9,8,7,8,8,7,8,8,5,6,8,8,7,8,7,7,7,7,7,7,7,8,8,8,8,8,7,,7,8,8,8,8,7,6,6,4,6,8,6,7,8,8,7,8,8,7,7,7,9,8,7,8,8,8,8,8,7,7,7,0,6,7,3,8,6,8,7,6,7,7,9,9,8,6,8,8,4,7,7,7,6,8,7,8,9,7,8,7,8,8,8,9,8,7,8,6,7,8,8,8,14.0,8,7,,7,6,7,6,8,6,7,8,8,37.0,7,8,8,8,8,7,7,9,8,8,7,7,5,6,7,7,7,8,7,8,8,8,8,9,7,8.0,8,8,7,8,7,0,8,8,8,8,7,8,8,7,,8,9,6,9,9,8,8,7,8,7,8,7,8,9,8,8,8,,8,9,7,8,7,9,7,7,7,8,9,8,7,6,7,18.0,7,7,7,8,5.0,8,7,7,7,8,7,8,7,9,8,8,8,25.0,26.0,9,9,23.0,8,8,6,8,9,9,7,8,8,9,8,39.0,8,8,7,28.0,8,7,7,9,8,7,8,8,7,6,8,15.0,29.0,,7,8,7,7,8,7,7,7,8,7,7,8,8,7,8,,8,6,9,9.0,8,7,21.0,0,7,8,8,8,7,8,8,8,,7,9,8,7,8.0,7,20.0,8,7,6,7,9,8,,7,8,6,8,8,8,8,9,29.0,7,7,20.0,12.0,9,8,12.0,7,7,3,1,8,8,7,10,10,7,7,9,7,7,7,7,8,8,7,8,9,9,9,9,8,10,7,,8,7,8,8,15.0,7,9,7,8,7,5,8,3,9,27.0,9,,7,7,8,10,8,11.0,7,8,6,19.0,10.0,8,8,10.0,12.0,14.0,8,8,8,7,8,7,8,7,7,8,8,7,6.0,10.0,9,8.0,8,10,14.0,8,,8,8,8,10,9,23.0,8,8,9,7,8,8,10.0,9,8,8,,7,8,8,,15.0,10,7,6,8,7,7,13.0,8,8,15.0,,,8,,7,9,7,8,,,,,8,9,10.0,8,7,7,18.0,17.0,7,10.0,40.0,9,12.0,12.0,8,,8.0,10,9.0,,8,30.0,,,18.0,31.0,,8,,25.0,8,,9,8,8,8,8,,18.0,8,28.0,,8,22.0,8,8,9,,,7,8,8,9,7,8,7,,20.0,8,9,,9,15.0,,9,8,,8,10.0,12.0,7,9,6.0,,17.0,8,37.0,12.0,,8,19.0,,7,9,9,,11.0,,25.0,11,8,9,,8,,8.0,8,,,21.0,17.0,9,9,13.0,10.0,12.0,28.0,8,7,,9,27.0,8,11.0,8,38.0,,,7,12.0,31.0,11.0,23.0,0.0,39.0,7,8,14.0,,37.0,28.0,9,8,,8,40.0,9,15.0,8.0,,,,6.0,9,29.0,,9,19.0,,28.0,,,,8,8,,16.0,,,11.0,35.0,,8.0,7.0,,,9,,32.0,,19.0,,,39.0,21.0,34.0,16.0,13.0,7.0,7,10,,12.0,4.0,6,8,31.0,0,8,,8,8,25.0,8,10.0,7,12.0,9,9,,28.0,7,0.0,8,19.0,,,7,,,,,,,13.0,8,39.0,10.0,,24.0,7,,6,17.0,26.0,0.0,10,,,30.0,27.0,7,,,6,9,,,,,15.0,11.0,,28.0,19.0,13.0,,9,,40.0,,,,,,6,,21.0,9,,13.0,9,,,37.0,,14.0,8,33.0,,24.0,8,,9.0,,8,,,20.0,,18.0,8.0,10,9,,,35.0,17.0,9,8,,,9,8,9,,8,9,23.0,6,8,8,9,,10,9,8,7,9,0.0,40.0,9,37.0,,23.0,34.0,,,,,,,18.0,,7,8,30.0,29.0,9,8.0,12.0,9,31.0,36.0,,,,37.0,7,,,11.0,10.0,26.0,14.0,,7,,,24.0,,8,17.0,36.0,30.0,,8,,26.0,,,10.0,9,,28.0,7,22.0,,,,,,15.0,,,,8,,,,176,10
6,6,5,5,5,5,5,6,6,7,5,6,5,5,3,5,5,5,5,5,5,5,7,5,6,6,7,6,5,6,5,5,6,6,7,6,6,7,6,6,6,5,5,9,5,6,5,6,6,5,7,5,6,5,4,5,6,5,5,6,6,6,4,5,1,6,6,,5,5,6,7,12.0,6,3,7,7,6,5,6,5,1,3,4,5,6,4,4,6,5,6,6,6,5,6,6,5,7,6,6,6,6,6,5,6,4,4,4,5,33.0,14.0,11.0,6,5,5,5,6,6,6,7,7,4,6,6,6,6,6,6,4,5,6,5,5,5,6,6,6,4,5,6,6,5,4,6,6,5,6,3,7,6,6,6,5,5,5,5,6,6,5,6,4,6,5,5,6,5,4,5,5,5,5,6,5,5,5,7,6,6,7,5,5,2,6,5,5,7,6,5,6,5,6,5,7,6,6,6,6,6,4,5,6,5,0.0,5,5,6,5,6,5,5,5,4,4,7,5,5,6,6,5,6,6,5,5,0,7,6,1,6,6,6,6,6,6,5,6,6,5,6,6,7,6,7,6,5,6,6,8,8,6,4,6,6,3,5,5,3,4,7,5,5,6,6,6,5,7,6,7,8,6,5,6,5,6,6,6,6,,6,5,,5,5,5,4,6,3,6,6,6,15.0,5,6,6,6,6,5,5,7,7,6,5,5,6,4,0,6,5,6,5,6,6,6,6,7,5,7.0,6,6,5,7,6,5,7,6,7,5,5,6,6,5,34.0,6,7,5,7,7,6,4,5,6,5,6,2,6,7,6,4,6,11.0,6,6,5,6,5,8,0,4,5,7,7,6,6,5,5,12.0,0,5,4,5,32.0,7,5,5,6,7,5,6,1,6,6,6,6,19.0,,7,6,33.0,6,6,3,6,7,7,5,6,5,7,6,33.0,6,6,5,,6,5,5,7,7,6,6,6,5,0,6,26.0,21.0,,5,6,5,5,6,6,6,3,6,5,5,7,5,5,6,16.0,6,4,7,7.0,6,5,16.0,6,5,6,6,6,6,6,7,6,,5,8,7,5,9.0,6,21.0,5,5,5,6,7,6,,6,7,6,6,6,6,7,6,18.0,5,5,20.0,,7,5,32.0,5,5,6,6,6,6,5,8,8,5,5,7,0,5,5,5,7,7,6,7,7,8,8,8,6,8,5,10.0,4,5,7,6,20.0,5,7,6,8,8,5,6,5,7,36.0,4,,7,6,6,8,7,5.0,5,6,5,12.0,9.0,6,6,14.0,9.0,7.0,6,7,6,6,6,5,6,5,6,5,6,5,18.0,10.0,7,,6,8,10.0,6,,6,7,6,8,8,13.0,6,6,7,6,6,7,,7,6,6,,7,6,6,,6.0,8,6,7,7,5,7,9.0,7,5,10.0,,21.0,7,23.0,6,8,5,7,,6.0,29.0,,5,7,,6,6,5,16.0,15.0,5,23.0,15.0,6,17.0,,7,,10.0,8,,,7,31.0,25.0,,9.0,15.0,,7,,31.0,2,7.0,7,6,6,7,6,25.0,26.0,6,7.0,,6,,6,6,8,,,6,6,6,7,5,6,6,,9.0,6,7,,7,,,7,6,,6,,9.0,0,8,27.0,,8.0,6,29.0,10.0,19.0,6,4.0,10.0,3,6,7,,15.0,,35.0,9,7,7,6.0,7,6.0,29.0,6,,,,8.0,7,8,,11.0,10.0,,7,6,,7,24.0,7,11.0,7,,22.0,,6,12.0,,23.0,,,14.0,5,5,29.0,,,18.0,7,7,,6,13.0,7,22.0,20.0,,,,,7,,16.0,7,20.0,,35.0,,,,6,7,,8.0,,,29.0,7.0,,13.0,8.0,,,7,,13.0,,12.0,9.0,,23.0,5.0,5.0,,,8.0,6,8,,9.0,23.0,5,6,11.0,5,7,17.0,6,7,9.0,7,17.0,5,6.0,6,7,,28.0,6,,5,31.0,,,6,,,16.0,34.0,,29.0,8.0,7,30.0,7.0,14.0,30.0,6,,7,20.0,13.0,31.0,0,,,31.0,13.0,5,9.0,,5,7,,,,,36.0,,11.0,,32.0,10.0,,7,18.0,,,,13.0,18.0,,6,,15.0,6,,6.0,7,,,,,,6,14.0,,7.0,6,,9.0,,6,,,12.0,,,22.0,7,0,,,18.0,30.0,8,6,,,6,2,8,30.0,7,7,,7,7,7,8,,8,8,7,5,8,13.0,,6,16.0,,26.0,15.0,,15.0,,,,,,,6,6,16.0,,6,13.0,15.0,7,14.0,30.0,,,,,6,32.0,,13.0,11.0,,7.0,17.0,6,10.0,,29.0,,7,7.0,18.0,17.0,6.0,7,,11.0,15.0,,22.0,7,25.0,,6,10.0,,,,,,13.0,,,13.0,7,,,,177,10
7,7,6,7,7,6,7,7,7,8,7,7,6,6,7,7,7,6,6,6,6,3,8,6,8,7,8,7,6,7,7,7,8,8,8,7,7,8,8,7,8,6,6,9,5,7,7,7,7,9,8,7,8,7,7,7,7,7,4,6,7,7,5,6,6,7,8,11.0,6,7,0,8,24.0,8,6,7,8,6,7,6,6,6,5,5,6,7,5,5,7,7,7,7,6,7,7,7,7,8,8,7,7,8,8,7,8,6,6,5,6,,32.0,10.0,8,7,6,6,7,8,7,9,8,5,6,7,7,7,7,7,6,5,7,6,6,6,7,7,8,4,7,7,7,6,6,7,7,6,7,6,8,7,7,7,6,6,6,4,8,7,7,7,5,7,6,6,7,6,6,7,6,6,7,7,6,6,6,8,8,7,8,7,3,7,8,6,6,9,4,6,7,5,6,6,8,8,7,7,7,7,7,7,8,6,23.0,7,7,8,4,7,7,6,6,6,4,8,6,6,8,7,7,7,7,6,6,7,6,7,6,7,7,7,7,7,4,6,7,8,6,7,7,8,8,8,7,7,7,7,9,9,7,5,8,7,6,6,6,6,6,8,7,7,8,7,7,6,8,8,8,9,7,6,7,7,7,8,8,7,,7,6,19.0,6,0,4,6,7,6,7,7,7,,5,7,7,8,6,7,6,8,8,8,7,6,7,6,7,7,7,8,7,7,7,7,7,8,7,15.0,7,8,6,9,7,7,8,8,8,7,7,7,8,6,12.0,7,8,5,9,9,7,7,7,7,6,8,7,7,7,7,7,7,30.0,8,8,3,0,7,10,6,7,6,8,8,7,7,6,6,10.0,5,6,6,7,30.0,8,6,6,7,9,7,7,6,7,7,8,8,,,7,8,35.0,8,8,8,8,8,8,6,8,7,8,8,,8,7,7,14.0,8,6,6,8,8,7,7,8,7,7,7,19.0,,42.0,7,7,6,5,7,6,7,6,7,6,6,8,8,6,7,16.0,7,6,9,12.0,8,6,13.0,7,6,8,7,8,7,8,8,8,,6,9,8,6,,7,,7,7,6,7,8,7,,7,8,7,7,7,8,7,8,23.0,7,6,,28.0,9,7,42.0,7,7,7,7,0,8,7,9,9,7,6,8,7,6,3,6,8,8,7,8,9,9,9,9,7,9,6,13.0,7,6,8,8,7.0,7,9,7,9,9,6,8,7,9,,8,,8,7,8,9,8,14.0,3,7,6,27.0,9.0,7,7,13.0,8.0,13.0,7,8,7,7,8,6,8,7,7,7,7,7,,10.0,7,9.0,7,9,42.0,7,,7,8,6,7,8,30.0,7,7,9,7,7,8,14.0,0,7,7,,9,7,8,,7.0,9,7,8,8,5,8,,8,7,36.0,,25.0,8,,8,9,6,8,,11.0,20.0,,7,7,0.0,8,7,7,,24.0,3,34.0,,9,,22.0,6,,8.0,9,15.0,,8,42.0,25.0,35.0,9.0,37.0,,8,,7.0,7,34.0,8,7,7,8,8,,11.0,8,12.0,,7,19.0,7,7,9,,,7,7,7,8,7,7,7,,0.0,7,8,,8,14.0,,8,8,,7,24.0,17.0,7,0,35.0,,16.0,0,38.0,10.0,14.0,7,12.0,23.0,8,7,8,,16.0,,11.0,8,8,8,,7,31.0,23.0,7,38.0,,,23.0,9,8,10.0,19.0,15.0,,8,7,7.0,7,,8,14.0,8,28.0,15.0,,7,10.0,,10.0,11.0,11.0,12.0,6,7,41.0,,,33.0,8,8,,7,12.0,8,38.0,22.0,,,,,8,,15.0,9,6.0,,25.0,,,,8,8,22.0,21.0,,28.0,,,,21.0,30.0,,,8,,27.0,,,,,31.0,9.0,24.0,11.0,8.0,21.0,8,9,42.0,8.0,19.0,7,8,0.0,7,7,,8,8,,6,,6,,8,8,,15.0,8,,7,11.0,,,8,6.0,,,29.0,,20.0,17.0,6,16.0,,36.0,30.0,7,,8,38.0,17.0,,8,21.0,,,18.0,6,,,6,8,,,,,,11.0,8.0,32.0,15.0,17.0,,8,,27.0,,,14.0,13.0,,7,,,9,,12.0,8,26.0,,13.0,,21.0,7,9.0,,,7,,42.0,,8,,,40.0,,32.0,28.0,9,8,14.0,,,17.0,9,8,,,8,8,9,13.0,8,8,33.0,8,8,8,9,,10,9,8,6,8,20.0,10.0,8,,,23.0,,,14.0,,,9.0,,25.0,,8,7,9.0,39.0,9,42.0,14.0,8,10.0,11.0,,,,24.0,7,,,,36.0,11.0,10.0,,7,19.0,,23.0,,8,15.0,7.0,20.0,13.0,8,,24.0,15.0,,8.0,9,12.0,9.0,8,,,,,,,9.0,,,33.0,9,,,,178,10
7,1,6,6,6,6,6,6,7,8,6,6,6,6,6,6,6,5,6,5,6,5,7,6,7,7,7,7,6,7,6,6,7,7,7,6,6,7,7,7,6,6,6,9,6,6,6,7,6,0,3,6,7,6,7,7,7,7,5,7,6,6,5,6,6,6,7,34.0,6,6,7,7,39.0,7,6,7,7,4,6,6,6,6,4,1,5,7,5,5,7,6,7,7,7,6,7,7,6,7,7,7,6,7,6,6,7,5,5,5,7,18.0,,0.0,7,6,5,5,6,7,7,8,7,4,7,7,6,6,7,6,5,5,2,6,6,6,7,7,7,6,7,7,7,6,2,6,7,5,6,6,7,7,5,7,5,0,6,6,7,6,6,6,4,6,6,6,7,6,5,7,6,6,6,7,6,6,6,8,7,6,7,6,5,6,7,5,6,8,5,6,6,5,6,6,7,7,7,7,7,7,7,6,7,6,,6,7,7,7,7,6,6,6,5,5,7,3,3,7,6,6,7,7,5,6,6,7,7,6,7,7,7,6,7,6,6,6,7,6,7,7,7,7,7,7,6,7,6,8,8,7,5,7,7,6,6,6,6,5,7,6,7,7,7,7,6,7,7,7,8,6,5,7,6,7,7,7,7,8.0,7,1,10.0,4,6,5,5,6,6,7,7,6,,6,7,6,7,7,6,5,8,6,7,6,6,7,6,7,7,6,7,6,7,6,7,7,7,6,26.0,7,6,6,8,6,4,8,5,7,7,6,7,7,6,9.0,7,8,5,8,8,7,6,6,7,5,8,6,6,8,0,7,7,20.0,5,7,6,7,4,9,6,6,6,7,8,7,7,4,6,11.0,6,4,6,6,11.0,7,6,6,6,7,6,6,5,5,7,7,6,7.0,30.0,7,7,20.0,6,6,5,7,7,7,3,7,6,6,7,,7,7,6,6.0,7,5,5,6,6,7,7,7,6,7,6,33.0,22.0,,7,7,4,6,6,4,7,5,7,6,6,8,7,6,6,14.0,6,5,8,,7,6,7.0,6,6,7,7,7,6,8,8,7,,6,8,7,6,40.0,7,25.0,7,6,6,6,8,6,,6,8,7,6,6,7,7,7,12.0,6,5,26.0,,8,6,21.0,6,7,7,6,7,7,6,8,8,6,6,7,6,5,6,6,7,7,7,7,8,8,8,8,7,8,5,24.0,7,6,8,7,5.0,6,8,7,8,8,6,7,7,8,,7,,7,6,7,8,7,7.0,6,7,5,9.0,10.0,7,7,17.0,14.0,7.0,7,7,6,6,7,3,7,0,6,6,6,7,6.0,9.0,8,,7,9,31.0,0,,7,7,7,9,8,17.0,7,7,8,7,7,7,17.0,8,5,7,,8,7,7,,,9,7,8,7,6,7,33.0,8,7,7.0,,7.0,7,37.0,8,8,6,8,,,,,6,8,27.0,8,6,6,17.0,,6,7.0,9.0,8,0.0,8.0,7,,23.0,8,,,8,,9.0,15.0,21.0,25.0,,8,,36.0,7,10.0,7,7,6,7,7,,16.0,7,,,6,14.0,6,7,8,,,7,6,7,8,7,6,7,,,7,6,,8,20.0,31.0,8,7,,7,13.0,8.0,7,8,32.0,,22.0,7,,5.0,30.0,7,20.0,20.0,7,8,8,,11.0,,26.0,10,7,7,,8,10.0,,6,,,12.0,,8,8,19.0,29.0,16.0,35.0,8,6,29.0,8,,7,9.0,7,13.0,,,7,37.0,10.0,34.0,12.0,15.0,12.0,6,6,23.0,,14.0,33.0,8,7,,7,40.0,8,9.0,7.0,,,,11.0,8,12.0,37.0,8,29.0,,10.0,,,,7,8,37.0,10.0,,33.0,23.0,,,26.0,18.0,,,8,,,,,34.0,,,27.0,,11.0,10.0,21.0,8,9,40.0,14.0,21.0,7,7,9.0,6,6,32.0,8,7,7.0,7,,5,28.0,7,8,,,8,,0,20.0,,,7,,,,10.0,,,11.0,7,11.0,21.0,,8.0,7,,7,12.0,31.0,,6,21.0,,,39.0,5,18.0,,6,7,,,,,37.0,16.0,29.0,14.0,21.0,7.0,,8,12.0,,,,,15.0,,7,,16.0,8,,21.0,8,29.0,,,,23.0,6,8.0,,13.0,7,0.0,39.0,,7,,,24.0,,26.0,6.0,8,8,20.0,,40.0,,8,6,,,7,7,9,,8,7,,8,8,8,9,,9,9,8,6,9,10.0,27.0,8,33.0,,40.0,9.0,,38.0,,,,,40.0,,7,6,13.0,,8,13.0,19.0,8,0.0,14.0,,,,,6,20.0,,25.0,15.0,,,7.0,7,,,6.0,,8,10.0,,,,8,,19.0,30.0,,36.0,8,23.0,,7,15.0,,,,,,26.0,,,22.0,9,,,,179,10
8,8,7,2,7,6,7,7,7,3,7,7,7,7,8,7,7,7,5,7,7,7,8,7,8,8,8,8,7,7,7,8,8,8,8,7,8,8,8,0,8,7,7,9,6,7,7,7,8,10,9,8,9,8,8,7,8,7,6,8,8,8,6,7,7,7,8,,8,8,8,9,,8,6,8,8,8,8,7,8,7,5,7,6,8,6,7,8,7,8,8,8,7,8,8,7,9,8,8,8,8,8,7,8,6,7,6,8,9.0,33.0,12.0,9,7,6,7,7,8,8,9,8,6,9,8,8,8,8,8,7,7,8,7,7,4,8,8,8,7,8,4,8,7,7,8,8,7,6,7,9,9,8,8,7,7,7,7,9,8,7,6,5,7,7,7,8,3,6,8,7,7,7,8,7,7,7,9,8,8,9,7,7,8,9,7,7,9,8,7,8,7,7,6,8,8,7,8,8,8,8,8,8,7,37.0,8,8,8,7,8,7,7,7,7,7,8,7,7,8,8,7,8,8,7,7,7,8,8,7,8,8,8,7,8,7,7,3,8,7,8,7,8,4,8,7,7,8,7,8,8,8,6,8,8,6,7,7,7,7,9,7,8,9,7,7,7,7,8,8,9,8,2,7,7,8,8,8,8,,9,8,9.0,7,7,6,7,8,7,8,8,0,20.0,7,8,8,5,8,8,7,9,9,8,7,7,8,7,8,8,8,8,8,6,7,8,8,8,7,,8,8,7,9,8,8,8,0,8,8,8,8,9,7,32.0,8,7,5,9,3,8,8,7,4,7,9,8,8,10,8,8,8,16.0,9,9,7,8,7,10,7,7,8,4,6,8,7,7,8,38.0,7,7,7,8,36.0,8,7,8,7,8,7,8,8,9,8,9,9,25.0,22.0,9,9,,9,9,8,8,9,9,7,9,8,9,9,10.0,8,8,7,,9,7,6,3,8,0,8,9,5,8,8,,34.0,17.0,7,8,7,7,7,8,8,7,8,7,7,8,8,7,8,10.0,8,6,10,,7,7,10.0,6,0,8,7,8,8,4,8,8,,7,8,8,8,0.0,8,,7,8,7,8,8,8,,7,9,7,8,8,9,8,9,16.0,7,7,,17.0,9,8,12.0,7,7,8,8,8,8,8,8,9,8,8,9,7,7,7,7,8,9,6,7,8,8,8,9,6,9,5,8.0,8,8,8,8,12.0,8,10,8,9,9,6,9,7,7,34.0,9,,1,8,8,10,7,6.0,7,8,1,24.0,14.0,8,8,38.0,15.0,15.0,8,9,8,8,8,7,7,8,7,6,8,8,17.0,15.0,8,9.0,8,9,,7,,8,8,8,9,8,14.0,8,7,8,8,8,8,17.0,10,7,9,,9,8,8,,14.0,11,8,8,8,8,8,8.0,9,8,13.0,,,8,26.0,8,10,7,8,,23.0,,0.0,8,8,8.0,8,8,7,28.0,,7,42.0,,10,27.0,26.0,9,,38.0,9,28.0,,9,,25.0,,11.0,20.0,,9,,13.0,8,42.0,9,8,8,9,8,,25.0,9,9.0,,8,27.0,7,8,10,,,7,8,8,9,8,8,8,,20.0,8,8,,8,9.0,,9,9,,9,,14.0,8,10,7.0,,32.0,8,,,,8,,22.0,8,7,5,,,,,12,8,9,13.0,9,12.0,15.0,8,31.0,,19.0,,10,8,30.0,41.0,17.0,15.0,7,8,30.0,9,0.0,8,18.0,9,14.0,33.0,,8,8.0,24.0,,,30.0,,7,8,21.0,,28.0,14.0,9,8,,7,33.0,9,8.0,21.0,,,,14.0,0,10.0,34.0,9,34.0,,38.0,,,,8,9,,,,21.0,31.0,,,13.0,29.0,,,9,,31.0,,17.0,14.0,,36.0,,6.0,26.0,,22.0,9,9,12.0,27.0,,8,8,36.0,7,9,,8,7,11.0,8,37.0,7,20.0,9,8,,,8,,8,18.0,,,8,38.0,,16.0,11.0,,19.0,15.0,8,,10.0,38.0,,8,,8,18.0,30.0,31.0,10,30.0,,24.0,11.0,7,41.0,,4,8,,,,,28.0,,18.0,22.0,33.0,17.0,,9,27.0,33.0,,,12.0,13.0,,8,,13.0,9,,19.0,9,10.0,,30.0,,29.0,8,26.0,,8.0,8,,14.0,,8,,,32.0,,24.0,,10,9,21.0,,,7.0,8,8,,,9,9,9,29.0,9,8,22.0,9,8,8,9,,10,6,0,7,9,32.0,,9,26.0,,31.0,11.0,,,,,11.0,,12.0,,8,8,,14.0,9,,24.0,8,39.0,27.0,,,,,5,20.0,,,,38.0,16.0,15.0,3,15.0,,31.0,,6,28.0,,15.0,24.0,7,,9.0,,,8.0,9,17.0,15.0,8,,,,,,,17.0,,,19.0,10,,,,180,10
8,8,7,8,7,4,8,6,8,8,8,3,7,7,7,7,7,7,7,7,7,7,9,7,2,8,8,7,7,7,7,7,8,6,0,7,7,8,8,8,8,0,7,9,7,8,7,7,7,9,9,7,8,5,8,8,8,8,5,8,8,7,6,7,7,7,8,,7,8,8,9,27.0,8,7,8,8,8,8,7,7,7,6,7,6,8,4,7,8,7,8,8,8,7,5,8,7,9,8,8,8,8,9,7,8,6,7,7,8,7.0,14.0,16.0,7,7,7,6,7,8,8,9,8,6,6,8,8,5,8,8,6,6,8,8,7,7,8,8,8,7,8,8,7,7,6,7,8,7,8,7,9,8,8,7,7,7,7,7,8,4,8,7,6,7,7,7,8,3,6,7,7,7,7,7,7,7,7,9,6,8,8,7,5,7,7,7,7,9,8,7,8,8,8,7,9,9,8,8,8,8,8,7,8,7,8.0,7,8,8,8,8,8,7,7,7,7,8,7,7,8,8,7,8,8,7,8,8,8,8,7,8,8,8,8,7,7,5,7,8,7,7,8,9,8,8,8,8,8,7,9,9,8,6,8,8,7,8,7,7,7,8,8,9,9,7,8,7,8,0,8,8,8,7,8,8,8,8,8,8,26.0,8,7,9.0,7,7,7,6,8,7,8,8,8,22.0,7,8,8,8,8,7,7,9,8,9,7,7,8,7,8,8,8,8,7,8,8,8,8,9,8,30.0,8,8,7,9,7,7,9,8,8,8,8,8,9,7,23.0,8,8,5,9,9,8,8,7,7,6,9,7,8,9,8,7,8,,8,8,6,8,7,10,6,7,8,8,8,7,7,6,7,31.0,7,7,5,7,26.0,6,7,8,8,8,8,4,7,8,6,6,8,,35.0,8,8,17.0,8,7,8,5,0,8,7,8,7,8,8,,0,8,7,22.0,8,7,7,8,8,8,8,9,7,8,8,9.0,11.0,31.0,7,8,7,7,7,7,8,6,8,7,6,9,8,7,8,8.0,8,6,10,,8,7,11.0,7,7,8,5,8,7,9,9,8,,7,8,5,7,14.0,8,21.0,8,7,8,6,9,8,,7,9,7,8,8,9,8,8,,7,7,,,9,8,,8,8,6,7,8,8,7,7,9,8,8,8,7,3,7,7,8,8,7,7,9,9,9,9,8,9,7,29.0,8,8,8,8,18.0,8,10,8,0,10,7,9,8,9,31.0,9,,0,7,8,9,7,9.0,7,8,5,14.0,8.0,9,8,,14.0,22.0,8,8,8,8,8,7,8,7,8,8,9,8,18.0,7.0,8,35.0,8,9,,8,,7,8,8,9,6,19.0,8,8,9,8,8,8,15.0,9,8,8,,9,8,9,,19.0,10,8,9,7,8,8,16.0,9,7,20.0,,26.0,8,30.0,8,9,7,5,,26.0,,,8,8,,9,7,7,21.0,11.0,7,12.0,,9,20.0,34.0,8,,10.0,9,28.0,,9,36.0,13.0,,,11.0,,9,,19.0,8,,9,8,8,9,8,,23.0,8,,,8,22.0,0,8,9,,,8,8,8,9,8,7,8,,10.0,8,9,,7,31.0,27.0,9,9,,8,16.0,12.0,8,10,9.0,,,8,,26.0,24.0,8,15.0,,9,8,8,,,,21.0,11,8,9,,9,9.0,23.0,8,15.0,,32.0,37.0,9,6,,25.0,16.0,38.0,8,8,12.0,9,,8,17.0,8,23.0,,,8,22.0,8.0,17.0,,13.0,30.0,7,7,14.0,,26.0,22.0,9,8,,8,29.0,9,24.0,16.0,,,,,6,18.0,35.0,9,,,21.0,,,,8,9,10.0,22.0,,22.0,,16.0,,32.0,25.0,,,9,,8.0,,,,,23.0,21.0,,26.0,32.0,,9,9,,17.0,39.0,8,9,10.0,8,8,29.0,9,9,34.0,9,,6,15.0,7,8,,,9,,8,12.0,,,9,15.0,,9.0,24.0,,24.0,8.0,8,39.0,34.0,,11.0,8,,8,18.0,33.0,,9,,,11.0,,7,10.0,,7,9,,,,,39.0,16.0,33.0,36.0,8.0,14.0,,9,22.0,,,,13.0,32.0,,0,,,8,,,9,14.0,,,0.0,18.0,7,,,33.0,8,,35.0,,8,,,15.0,,24.0,8.0,9,8,11.0,,28.0,14.0,9,8,,,8,8,9,22.0,9,8,19.0,9,8,9,10,,10,10,9,7,10,28.0,19.0,8,38.0,,,16.0,,19.0,,,25.0,,39.0,,9,8,24.0,14.0,9,15.0,,8,25.0,13.0,,,,28.0,8,12.0,,,14.0,30.0,22.0,9.0,8,,,11.0,,8,35.0,9.0,17.0,25.0,8,,18.0,13.0,,34.0,9,34.0,31.0,9,9.0,,,,,,23.0,,,16.0,8,,,,181,10
7,6,4,4,2,5,0,6,6,7,6,6,6,3,6,6,5,6,6,6,6,5,7,6,6,6,7,6,5,6,0,6,7,7,7,5,6,7,6,6,7,6,5,8,5,6,5,6,6,8,7,6,7,6,5,5,5,5,4,5,7,7,5,4,5,6,0,9.0,6,5,7,7,19.0,7,6,7,7,6,6,6,5,4,5,5,5,7,5,5,6,5,2,6,6,6,7,6,5,6,7,6,6,7,6,6,7,5,5,3,6,7.0,18.0,27.0,7,6,3,5,6,6,6,8,7,5,7,6,6,6,6,6,4,5,7,5,5,5,7,6,6,4,5,5,6,6,5,6,7,5,7,6,8,7,7,6,6,6,6,5,7,6,5,6,3,6,0,6,6,5,5,6,6,4,5,6,6,5,5,6,7,7,7,6,6,7,7,4,4,7,6,6,6,6,6,6,6,5,3,5,7,7,6,6,7,6,12.0,6,7,7,6,7,5,5,5,4,5,7,6,5,6,6,6,7,6,4,6,6,7,7,6,7,7,6,6,7,6,6,6,6,5,6,6,7,7,7,6,6,6,6,6,7,7,4,7,6,4,6,5,5,5,7,6,6,7,6,7,6,7,7,7,8,6,0,7,5,6,6,7,7,24.0,7,6,,5,5,5,5,6,5,5,0,6,12.0,5,7,6,7,7,6,6,8,6,6,5,4,6,5,6,5,6,7,6,7,6,6,6,7,6,24.0,7,7,6,7,7,7,7,6,7,6,6,4,7,5,8.0,7,7,5,7,7,6,6,6,6,5,8,6,7,8,7,6,7,,6,8,6,7,6,8,5,5,6,0,7,6,6,5,6,14.0,5,5,5,6,12.0,6,5,6,6,7,5,7,6,7,6,7,7,,,8,7,19.0,7,7,6,7,8,7,6,7,6,8,7,14.0,7,6,6,16.0,7,5,5,7,7,3,6,7,5,2,7,,23.0,9.0,6,1,5,5,5,6,5,5,6,6,6,7,6,5,6,16.0,7,3,8,7.0,6,6,36.0,6,6,7,6,6,6,7,7,6,,6,8,7,6,,6,12.0,7,6,6,6,5,6,,6,7,6,6,7,6,7,7,,5,5,24.0,11.0,7,6,22.0,5,5,6,6,7,7,5,8,8,6,6,7,6,6,5,6,7,7,6,7,8,8,7,6,6,8,6,34.0,6,2,7,7,12.0,6,8,6,7,7,5,7,5,8,24.0,7,,7,6,6,8,7,20.0,5,6,5,22.0,20.0,7,7,19.0,35.0,4.0,6,7,6,6,7,5,7,6,5,6,6,5,28.0,19.0,7,22.0,7,9,,6,,7,7,6,8,4,,6,6,7,5,6,7,0.0,8,6,7,,7,6,6,,8.0,8,5,6,7,6,7,8.0,7,7,32.0,,,7,12.0,6,7,6,7,,,,,6,6,14.0,6,2,6,32.0,35.0,6,12.0,7.0,8,,,7,,13.0,8,23.0,,7,15.0,11.0,16.0,21.0,14.0,,7,,12.0,6,20.0,7,6,6,4,7,,34.0,7,27.0,,7,34.0,6,6,8,,,6,6,7,7,5,7,6,,20.0,6,7,,8,,15.0,7,7,,7,,30.0,5,8,30.0,,12.0,6,,29.0,,6,9.0,,6,8,7,,,,13.0,9,7,7,32.0,7,12.0,26.0,7,19.0,,22.0,23.0,7,8,,,9.0,12.0,7,7,20.0,7,26.0,7,10.0,7,,12.0,,4,11.0,12.0,13.0,25.0,26.0,,6,6,33.0,0.0,5.0,8.0,8,7,,7,,8,29.0,17.0,,,,24.0,7,11.0,27.0,7,11.0,,,,,,7,7,22.0,10.0,,35.0,,,,,28.0,,,8,,10.0,,16.0,22.0,,29.0,,8.0,31.0,15.0,23.0,6,8,5.0,13.0,28.0,5,7,9.0,5,7,13.0,6,7,32.0,5,35.0,5,9.0,7,7,,10.0,5,,6,,,,3,7.0,,,9.0,,10.0,15.0,7,31.0,8.0,,,5,,7,29.0,,26.0,9,16.0,,,7.0,6,18.0,,4,7,,,,,7.0,,7.0,15.0,,,,8,9.0,19.0,,,,7.0,,5,,,8,,22.0,7,18.0,,7.0,,,6,20.0,,,3,,7.0,,7,,,12.0,,18.0,29.0,8,7,,,,20.0,7,7,,,7,7,6,36.0,6,7,,7,7,6,8,,8,7,7,5,8,,0.0,7,14.0,,13.0,31.0,,10.0,,,,,12.0,,6,6,15.0,34.0,8,8.0,26.0,6,16.0,6.0,,,,23.0,6,,,15.0,11.0,19.0,6.0,,3,,,18.0,,6,18.0,11.0,6.0,25.0,7,,26.0,23.0,,32.0,8,28.0,14.0,5,29.0,,,,,,,,,21.0,7,,,,182,10
8,10,11,12,12,12,12,13,13,14,12,13,12,12,12,11,12,10,9,12,11,11,14,12,13,13,14,13,12,13,13,13,13,12,13,13,12,13,12,13,13,12,10,15,12,13,12,13,13,14,14,13,11,13,13,13,13,13,12,13,13,13,8,12,11,13,13,35.0,12,12,13,12,32.0,12,10,13,14,12,13,12,12,12,11,11,11,12,11,11,13,12,13,13,13,13,13,13,12,14,13,13,13,13,13,13,13,11,10,11,13,18.0,,17.0,13,12,12,12,12,10,13,14,13,11,14,13,13,13,13,12,12,12,13,12,12,12,13,13,13,12,13,13,13,12,11,12,12,12,12,12,14,12,13,13,12,12,12,12,14,13,12,13,10,12,12,12,13,12,11,13,12,12,12,13,12,12,12,14,14,12,13,13,12,13,13,11,12,14,13,11,12,11,5,12,13,13,13,13,13,13,13,12,14,12,38.0,12,13,13,13,13,13,12,12,12,11,14,12,10,13,13,11,13,13,11,11,9,13,11,10,11,12,13,11,13,13,12,12,13,12,13,13,13,13,14,13,12,13,13,15,14,12,11,12,13,12,5,12,12,12,14,12,12,13,13,14,12,13,14,14,14,11,12,13,12,13,13,13,13,,13,11,22.0,12,12,11,11,13,12,13,13,12,,12,13,13,13,14,12,12,13,14,13,12,12,13,12,13,13,12,13,12,9,12,12,11,12,9,32.0,6,12,11,14,13,13,14,13,14,13,12,13,13,12,,12,14,11,14,14,13,13,12,13,11,13,13,13,14,13,13,13,,14,14,12,13,12,15,12,12,12,13,14,13,13,12,12,18.0,12,11,12,12,,13,12,12,12,14,12,13,12,14,13,13,14,24.0,,14,14,11.0,13,14,13,13,14,14,12,14,13,13,13,,14,12,13,26.0,13,12,12,14,14,11,12,14,11,13,13,16.0,,,13,0,12,12,13,12,13,12,13,12,11,14,13,11,12,43.0,13,11,15,32.0,13,12,25.0,13,12,13,13,13,13,14,14,13,,12,15,14,12,13.0,13,17.0,14,12,3,12,14,12,,13,14,13,12,13,13,13,13,32.0,12,9,41.0,20.0,14,12,,12,13,0,13,13,13,13,15,15,12,12,13,12,12,12,11,10,13,12,14,14,15,14,15,12,15,12,17.0,12,11,14,14,44.0,12,14,13,14,0,12,13,13,14,24.0,14,,14,13,13,15,13,14.0,9,13,12,,39.0,13,12,,12.0,27.0,13,14,13,13,13,12,13,12,11,12,13,13,,40.0,14,13.0,13,15,13.0,8,,13,14,11,12,14,,13,13,14,13,13,13,16.0,14,13,13,,14,13,13,,23.0,16,13,14,14,0,13,11.0,14,13,21.0,,,13,28.0,14,15,12,14,,22.0,,,12,14,29.0,13,13,12,21.0,34.0,11,24.0,,15,,13.0,14,,39.0,14,14.0,,14,19.0,25.0,,17.0,41.0,,14,,20.0,13,47.0,14,13,12,14,13,,41.0,14,24.0,,13,,13,13,15,,,13,13,13,14,13,13,13,,25.0,12,14,,14,20.0,,13,13,,13,15.0,20.0,13,15,27.0,,38.0,12,15.0,25.0,15.0,12,46.0,47.0,13,14,14,,,,27.0,16,13,14,30.0,13,25.0,38.0,13,12.0,,0.0,35.0,14,14,38.0,30.0,0.0,,14,12,21.0,13,33.0,13,14.0,13,38.0,,,13,,13.0,38.0,,43.0,33.0,11,12,20.0,,13.0,22.0,14,14,,12,36.0,14,32.0,,,,,,12,29.0,20.0,14,24.0,,31.0,,,,14,13,19.0,36.0,,,,47.0,0.0,13.0,23.0,,0.0,14,,38.0,,15.0,,,,26.0,19.0,16.0,24.0,26.0,14,13,27.0,22.0,22.0,13,13,13.0,12,13,39.0,14,14,14.0,14,18.0,12,19.0,14,14,,37.0,13,,13,19.0,,,13,,,16.0,33.0,,32.0,17.0,13,47.0,37.0,,,13,,14,25.0,,40.0,15,,,,22.0,12,,,12,14,,,,,,36.0,44.0,,25.0,32.0,,13,40.0,,,,40.0,27.0,,13,0.0,0.0,14,,15.0,14,16.0,,22.0,,21.0,13,33.0,,13.0,13,,43.0,,13,,,30.0,,10.0,14.0,15,14,,,39.0,41.0,14,13,,,14,14,15,,14,13,13.0,14,14,14,15,,15,15,14,12,15,,25.0,14,21.0,,,19.0,,30.0,,,15.0,,22.0,,13,13,42.0,33.0,14,28.0,,13,43.0,25.0,,,,,13,41.0,,16.0,24.0,,46.0,43.0,13,27.0,,30.0,,14,,30.0,43.0,18.0,14,,33.0,34.0,,,14,17.0,31.0,13,,,,,,,16.0,,,32.0,15,,,,183,10
7,7,4,5,4,5,5,0,0,3,6,5,6,5,6,6,6,6,6,6,6,6,7,6,7,7,7,6,5,6,6,6,7,7,7,6,4,7,7,7,7,6,6,7,5,3,6,6,6,8,7,6,7,6,6,6,5,5,4,5,7,6,2,4,5,6,7,,6,6,6,7,22.0,7,6,7,7,6,6,6,6,5,5,5,4,7,3,5,6,5,6,7,5,6,7,6,5,7,7,6,6,7,6,7,7,5,5,4,6,25.0,23.0,,7,6,5,5,6,7,6,8,6,5,7,7,6,6,4,6,3,5,7,5,5,6,7,7,7,5,1,5,6,5,4,6,7,6,7,6,6,7,7,7,6,6,6,6,7,7,6,5,5,6,2,6,6,6,5,7,6,5,6,6,6,6,5,6,7,7,7,6,6,7,7,5,5,7,5,6,6,6,6,6,6,5,6,6,7,6,7,6,7,6,,6,7,7,6,7,6,5,5,5,5,6,6,6,6,6,6,7,7,6,6,6,7,7,6,7,7,6,6,7,6,4,6,6,6,6,6,7,7,7,6,6,6,6,7,7,7,5,7,7,5,6,5,5,5,7,6,7,7,6,7,6,6,6,4,7,6,5,7,5,6,6,7,7,9.0,7,4,33.0,6,5,5,5,7,5,6,7,6,33.0,6,7,7,7,7,6,6,8,7,7,5,3,6,5,6,6,6,7,6,7,6,7,7,7,6,22.0,7,7,6,7,7,5,7,6,7,7,6,6,7,6,9.0,7,6,5,0,7,6,6,6,7,6,8,6,7,8,7,7,6,12.0,7,8,6,7,5,8,6,6,6,4,6,6,6,5,6,19.0,6,5,6,6,16.0,7,4,6,6,6,4,7,6,7,7,7,6,13.0,,6,8,39.0,7,6,7,7,8,8,6,6,6,8,7,21.0,7,6,6,11.0,7,5,5,6,6,0,6,7,5,0,7,27.0,14.0,18.0,6,6,6,6,6,6,4,5,7,6,6,7,6,6,6,10.0,7,5,8,13.0,7,6,7.0,6,5,7,6,6,6,7,7,6,,6,7,5,4,18.0,6,7.0,7,6,6,6,7,6,,6,7,4,6,7,7,7,6,,6,6,30.0,24.0,8,6,,6,6,7,7,7,7,6,7,8,6,6,8,6,6,5,6,6,7,5,6,6,7,1,7,5,7,5,28.0,6,6,6,7,35.0,6,7,6,7,7,6,7,5,8,27.0,7,,6,5,7,9,4,11.0,6,6,5,25.0,12.0,7,7,27.0,,13.0,6,7,6,6,7,5,7,6,0,6,7,6,10.0,11.0,7,34.0,6,8,,6,,7,7,6,8,1,19.0,7,6,5,6,7,6,,8,6,7,,7,7,7,,,9,5,7,7,6,7,,7,4,27.0,0.0,,7,17.0,7,8,6,6,,21.0,29.0,,6,6,16.0,7,6,5,20.0,30.0,6,36.0,,8,8.0,,7,,24.0,8,,,7,22.0,30.0,32.0,9.0,14.0,,7,,24.0,7,8.0,7,6,6,7,7,24.0,32.0,7,9.0,,7,39.0,6,7,8,,,6,6,7,6,6,6,6,,14.0,7,7,,7,,21.0,5,7,,7,12.0,29.0,6,8,16.0,,,6,,25.0,27.0,7,11.0,29.0,6,6,7,,,,37.0,10,6,7,,7,12.0,22.0,7,31.0,,15.0,,8,6,,9.0,28.0,8.0,7,6,22.0,7,13.0,7,27.0,8,8.0,17.0,,6,9.0,10.0,18.0,29.0,10.0,19.0,4,6,,,,18.0,8,6,,7,31.0,7,19.0,31.0,,,,28.0,6,,21.0,8,,,36.0,,,,7,8,19.0,10.0,,8.0,18.0,8.0,,12.0,,,,8,,,,19.0,18.0,,13.0,,,28.0,15.0,,6,7,22.0,,,5,7,22.0,5,7,31.0,6,7,21.0,7,,5,10.0,7,7,,,6,,6,21.0,,,3,13.0,,,39.0,,12.0,11.0,7,,37.0,,9.0,3,,7,15.0,38.0,7.0,9,11.0,,29.0,,3,14.0,,3,7,,,,,28.0,22.0,11.0,17.0,11.0,7.0,,8,35.0,,,,10.0,22.0,,6,,16.0,8,,12.0,7,0.0,,20.0,,19.0,7,26.0,,31.0,6,,21.0,,7,,,32.0,,,,9,0,20.0,,26.0,,7,7,,,7,7,8,9.0,7,7,,7,7,7,9,,8,8,8,5,8,8.0,8.0,8,16.0,,9.0,24.0,,,0.0,,,,,,6,6,10.0,,8,,24.0,7,6.0,12.0,,,,23.0,6,39.0,,8.0,12.0,32.0,38.0,10.0,3,,,10.0,,7,7.0,,20.0,28.0,7,,7.0,12.0,,19.0,7,15.0,15.0,6,6.0,,,,,,18.0,,,,7,,,,184,10
6,7,6,7,6,5,4,7,8,8,6,7,7,6,6,7,6,6,7,7,6,3,0,6,7,7,7,7,6,7,6,7,7,7,7,6,6,7,7,7,7,6,6,10,6,7,6,7,7,9,8,7,8,7,4,7,7,7,6,7,7,7,6,6,5,7,3,,6,6,8,8,17.0,8,6,7,7,7,7,7,6,6,4,6,6,7,5,4,7,6,7,7,7,6,7,7,1,7,8,7,7,8,8,7,8,5,6,5,5,,42.0,0.0,6,6,5,5,0,7,7,7,8,5,8,6,7,7,7,7,6,6,7,6,6,6,7,6,7,6,7,7,7,6,6,7,8,6,7,6,8,8,8,7,6,7,6,7,8,6,7,6,5,7,7,4,7,6,6,7,7,5,3,7,6,6,7,8,7,7,8,7,7,7,8,5,6,8,7,6,6,5,6,7,8,8,7,7,7,7,7,7,7,6,,7,7,8,7,7,7,6,6,6,6,8,7,6,7,7,6,8,7,7,6,7,8,7,6,8,7,7,5,7,6,7,7,7,6,7,7,8,8,8,7,6,7,6,9,9,7,5,8,6,6,7,7,6,6,8,6,7,7,6,8,6,8,8,8,9,7,6,7,7,7,8,8,7,7.0,8,7,24.0,6,6,6,6,7,6,7,7,7,42.0,6,7,7,8,8,7,6,8,8,5,6,6,7,6,7,7,6,8,7,7,7,7,7,8,7,,7,8,6,8,7,8,8,7,8,3,6,4,4,6,,7,9,6,8,8,7,6,5,6,6,8,7,8,8,8,7,8,,8,8,7,8,7,9,6,6,6,8,9,7,7,6,6,,6,6,6,7,28.0,0,6,7,7,9,2,8,7,8,7,8,8,19.0,22.0,8,8,34.0,8,8,7,7,8,8,6,8,7,8,8,15.0,8,6,7,13.0,8,6,6,8,8,7,7,8,5,7,8,,,,6,7,6,6,7,7,7,6,8,7,6,8,8,7,7,29.0,8,6,9,7.0,7,2,,7,6,7,7,7,7,8,8,7,,6,9,8,6,13.0,6,30.0,8,7,6,6,8,7,,6,8,7,7,8,7,7,8,14.0,2,6,33.0,,8,6,36.0,6,7,7,7,7,7,6,9,9,6,7,8,7,6,6,6,8,8,7,8,9,9,9,9,8,10,7,30.0,7,0,8,8,17.0,6,8,7,9,9,6,8,7,8,8.0,8,,8,7,7,9,8,25.0,4,7,6,35.0,21.0,8,7,,10.0,28.0,7,8,7,7,7,6,7,6,6,6,7,7,,20.0,8,10.0,7,10,14.0,7,,7,7,7,10,9,29.0,7,8,9,7,7,8,,7,7,7,,8,7,7,,16.0,10,7,8,7,7,7,,8,7,,,12.0,7,,8,9,7,8,,23.0,16.0,,7,8,7.0,8,7,7,7.0,10.0,7,21.0,24.0,9,,12.0,8,,10.0,9,29.0,,7,22.0,,,7.0,,,8,,38.0,7,16.0,8,7,7,5,7,,,8,10.0,,8,8.0,7,7,9,,,5,7,7,9,7,7,4,,,7,8,,9,,,8,7,,8,24.0,33.0,7,9,13.0,,19.0,7,30.0,20.0,19.0,7,35.0,30.0,7,9,8,,10.0,,21.0,11,8,8,28.0,7,22.0,11.0,7,15.0,,15.0,18.0,9,7,21.0,28.0,23.0,,7,7,,7,29.0,7,16.0,7,40.0,13.0,,7,9.0,27.0,,42.0,,,6,7,26.0,,,29.0,8,8,,7,32.0,8,12.0,11.0,,,,29.0,8,32.0,22.0,8,34.0,,,,,,8,8,20.0,29.0,,26.0,16.0,41.0,,28.0,16.0,,,9,,,,8.0,17.0,,31.0,8.0,20.0,23.0,,,8,9,21.0,10.0,6.0,7,8,7.0,7,8,15.0,6,7,15.0,8,21.0,6,,0,9,,22.0,8,,7,20.0,,,8,,,15.0,18.0,,13.0,29.0,8,27.0,11.0,34.0,10.0,7,,7,29.0,42.0,22.0,9,,,8.0,7.0,7,,,6,7,,,,,29.0,,15.0,9.0,11.0,24.0,,8,,25.0,,,13.0,30.0,,7,,,8,,12.0,8,22.0,,28.0,,,7,0.0,,11.0,7,,39.0,,6,,,13.0,,29.0,28.0,9,8,15.0,,35.0,9.0,9,7,,,8,8,8,21.0,8,8,37.0,8,7,8,10,,9,9,9,6,0,16.0,38.0,6,12.0,0.0,11.0,30.0,,10.0,,,16.0,,,,7,7,,20.0,8,,32.0,8,21.0,11.0,,,,18.0,6,,,19.0,,10.0,19.0,10.0,7,,,9.0,,7,26.0,11.0,25.0,14.0,6,,9.0,9.0,,8.0,3,21.0,,8,8.0,,,,0.0,,,,,24.0,9,,,,185,10
5,3,4,4,4,3,5,5,6,7,5,5,5,4,5,5,4,4,4,5,5,4,5,4,5,5,5,5,2,4,4,4,5,5,5,4,4,5,5,5,5,4,4,8,3,5,4,5,4,7,5,4,5,5,5,4,5,5,4,5,5,5,2,4,4,4,5,8.0,5,5,5,6,13.0,6,4,5,5,5,5,5,4,4,3,4,4,0,3,4,5,4,4,5,5,4,5,3,4,6,5,4,5,5,6,5,5,4,4,3,5,,12.0,15.0,6,4,3,3,2,5,5,6,6,3,6,2,5,5,5,5,4,1,5,1,4,4,6,4,5,4,5,5,5,5,4,5,5,4,5,4,6,6,5,5,4,4,4,4,6,5,5,5,3,5,5,4,5,4,3,5,4,3,3,5,4,4,4,6,4,5,6,5,4,5,5,4,4,6,5,4,5,4,0,5,6,5,5,5,5,5,5,5,5,4,12.0,5,5,5,5,5,4,4,3,3,4,6,5,4,5,6,4,5,5,4,4,5,6,5,4,5,5,5,4,5,5,4,4,4,4,5,5,6,5,6,5,5,5,4,7,6,5,4,4,5,4,5,4,1,4,6,5,6,6,2,5,4,6,6,6,7,5,4,5,4,5,5,6,5,9.0,6,5,17.0,4,4,3,0,5,2,5,6,5,9.0,4,5,5,6,5,2,4,6,6,6,4,4,5,4,5,5,4,5,4,5,5,5,5,6,3,31.0,5,5,1,6,3,5,5,5,6,5,5,5,6,4,,5,7,4,6,6,5,5,4,4,4,6,5,6,7,5,5,6,13.0,6,6,4,6,5,7,3,4,5,6,7,5,4,4,4,,4,4,4,4,10.0,5,0,5,5,7,4,5,4,6,5,6,6,,31.0,6,6,5.0,5,6,5,5,6,6,3,6,5,6,6,9.0,5,5,4,12.0,5,4,4,7,6,5,5,6,1,5,5,10.0,28.0,0.0,4,5,4,4,5,4,5,4,0,4,4,6,4,4,5,11.0,5,3,7,,5,4,23.0,5,4,5,5,5,5,6,6,5,,4,7,6,4,35.0,0,10.0,5,5,4,5,6,5,,3,5,6,5,5,6,5,6,24.0,4,4,7.0,5.0,6,5,22.0,5,5,5,5,5,5,4,8,7,4,5,6,5,4,4,4,6,6,5,6,7,7,7,8,5,8,5,23.0,5,5,6,6,,4,7,5,7,4,4,6,4,7,,6,,6,5,5,7,6,23.0,4,5,4,30.0,12.0,6,5,29.0,,,5,6,5,5,3,4,5,4,5,5,5,5,,13.0,6,31.0,5,8,26.0,5,,5,6,5,8,7,28.0,5,6,7,5,5,6,8.0,6,5,5,,6,5,6,,11.0,6,5,6,5,5,5,13.0,6,5,10.0,,,5,7.0,6,6,5,6,,23.0,19.0,,5,7,35.0,5,4,5,36.0,,3,,,7,35.0,7.0,6,,9.0,7,31.0,,4,13.0,22.0,,22.0,27.0,,6,,15.0,5,,6,4,5,6,5,,21.0,6,,,6,8.0,5,5,7,,,5,5,6,6,5,4,5,,,5,6,,7,26.0,33.0,6,6,,6,,25.0,5,5,20.0,,25.0,5,,5.0,36.0,2,22.0,10.0,5,7,7,,24.0,,4.0,6,6,6,,6,35.0,,5,7.0,,6.0,,6,7,6.0,8.0,24.0,10.0,3,4,26.0,6,,6,14.0,6,12.0,,,5,21.0,12.0,22.0,19.0,,36.0,5,5,5.0,,11.0,27.0,6,6,,5,27.0,6,36.0,37.0,,,,34.0,6,,8.0,6,4.0,,34.0,,,,6,6,18.0,,,7.0,6.0,7.0,,34.0,13.0,,,7,,11.0,,11.0,18.0,,8.0,23.0,28.0,5.0,7.0,,6,8,11.0,24.0,26.0,5,5,31.0,5,5,9.0,5,6,,6,12.0,4,10.0,6,7,,26.0,6,,5,12.0,,,5,,,34.0,22.0,,10.0,,6,19.0,14.0,,19.0,5,,5,22.0,,,7,12.0,,13.0,13.0,4,24.0,,4,5,,,,,31.0,,,,36.0,15.0,,6,,7.0,,,,8.0,,4,,14.0,6,,,6,,,10.0,,12.0,5,29.0,,9.0,5,,22.0,,5,,,8.0,,16.0,21.0,7,6,,,0.0,19.0,7,5,,,5,6,6,,6,6,35.0,6,5,6,7,,7,6,4,4,7,25.0,15.0,6,11.0,,35.0,8.0,,33.0,,,13.0,0.0,16.0,,3,5,20.0,21.0,6,11.0,6.0,6,21.0,28.0,,,,35.0,5,26.0,,12.0,35.0,12.0,17.0,,5,0.0,,,,5,,,21.0,28.0,5,,,17.0,,,6,28.0,37.0,6,12.0,,,,,,,,,,7,,,,186,10
5,5,4,4,3,4,3,5,6,7,5,5,5,4,5,5,5,4,4,4,4,4,6,4,5,3,5,5,4,5,4,5,5,5,6,5,5,6,5,5,5,4,4,8,4,5,5,4,5,7,6,5,6,5,5,5,5,5,3,5,5,5,3,4,4,5,5,30.0,4,5,5,6,,5,3,6,6,4,5,5,4,4,2,3,1,4,2,3,5,5,5,5,5,2,5,5,4,6,6,5,4,6,5,5,6,1,4,3,5,36.0,14.0,15.0,6,5,4,4,5,5,5,7,6,3,6,5,5,5,5,5,4,4,3,4,4,4,5,5,5,4,5,5,5,5,3,4,5,4,5,0,6,6,5,5,4,4,4,5,6,5,4,4,2,5,4,4,5,4,3,5,4,4,4,5,4,4,4,6,6,5,6,5,4,5,4,4,4,6,5,4,4,5,5,4,6,5,5,5,4,5,5,5,6,5,5.0,5,5,6,5,5,5,4,3,4,3,6,5,4,6,5,5,5,5,4,4,4,6,3,4,5,5,5,5,5,5,1,4,5,4,0,5,5,5,5,3,4,5,5,7,7,5,4,5,5,3,4,4,4,4,6,5,5,6,5,6,5,6,6,6,7,5,4,6,5,5,6,6,5,18.0,6,5,10.0,4,4,4,4,5,4,5,5,2,15.0,4,5,3,6,6,4,4,6,5,6,5,4,5,4,5,5,3,6,3,4,5,5,5,6,5,,5,5,5,6,5,5,6,5,6,5,4,5,6,4,,5,7,4,7,7,5,5,5,5,4,6,5,5,7,6,5,6,20.0,6,6,5,6,5,7,4,5,4,6,6,5,5,4,5,6.0,5,4,4,5,6.0,6,4,4,4,7,5,5,4,6,5,6,6,5.0,,6,6,7.0,5,5,5,5,6,6,2,6,5,6,5,19.0,6,5,5,10.0,6,3,4,7,6,5,4,6,4,4,0,17.0,23.0,32.0,5,5,5,4,5,4,5,3,5,4,4,6,6,5,5,5.0,5,4,7,,5,4,10.0,5,4,6,5,6,5,6,6,6,,4,7,6,4,19.0,5,28.0,6,4,3,5,6,5,,5,6,6,5,5,5,6,6,13.0,4,4,26.0,12.0,6,5,,5,5,5,5,5,6,5,7,7,5,5,6,5,4,4,4,6,6,5,6,7,7,7,8,5,8,5,11.0,5,4,6,6,27.0,4,7,5,7,7,4,6,3,6,31.0,6,,6,5,6,7,6,8.0,5,5,4,37.0,10.0,5,5,33.0,5.0,15.0,5,6,5,5,0,0,6,5,5,5,5,4,20.0,9.0,6,7.0,6,0,,5,,5,5,5,8,7,34.0,5,6,7,5,5,6,12.0,7,4,6,,7,5,6,,,6,4,5,5,5,5,19.0,6,4,12.0,,5.0,6,,5,7,4,6,,,20.0,,5,7,11.0,6,5,4,34.0,,2,12.0,,6,24.0,,6,,7.0,7,8.0,,6,22.0,,27.0,15.0,,,6,,0.0,6,26.0,6,5,5,6,5,12.0,14.0,5,9.0,,5,8.0,4,5,7,,,5,5,5,6,5,5,5,,12.0,5,6,,7,12.0,,6,6,,6,19.0,16.0,5,7,31.0,,11.0,5,,14.0,13.0,5,18.0,22.0,5,7,7,,18.0,,22.0,7,6,6,17.0,6,12.0,24.0,5,,,7.0,27.0,6,7,,6.0,13.0,,6,5,20.0,6,8.0,6,9.0,6,6.0,13.0,,5,10.0,9.0,8.0,9.0,,6.0,4,0,,,,6.0,6,6,,5,24.0,6,0.0,,,,,9.0,6,,34.0,7,4.0,,32.0,,,,6,6,5.0,25.0,,13.0,,23.0,,5.0,29.0,,,7,,30.0,,33.0,,,8.0,,16.0,,10.0,27.0,6,8,11.0,,,5,5,14.0,4,6,37.0,6,6,9.0,6,22.0,4,21.0,5,7,,12.0,5,,5,,,,5,23.0,,24.0,,,15.0,15.0,6,,17.0,,,5,,6,,7.0,20.0,7,19.0,,37.0,22.0,4,23.0,,2,6,,,,,10.0,12.0,15.0,12.0,25.0,25.0,,6,9.0,19.0,,,,26.0,,5,,30.0,6,,10.0,6,13.0,,24.0,,29.0,5,,,24.0,5,,,,5,,,34.0,,,,7,6,,,37.0,18.0,7,6,,,6,6,7,23.0,6,6,17.0,6,6,5,6,,8,6,0,4,7,16.0,16.0,4,9.0,,,,,31.0,,,,,7.0,,5,4,20.0,19.0,6,6.0,10.0,6,8.0,8.0,,,,10.0,1,6.0,,6.0,,26.0,14.0,,5,,,27.0,,6,13.0,29.0,,25.0,6,,10.0,12.0,,12.0,6,,,6,24.0,,,,,,25.0,,,31.0,7,,,,187,10
5,5,3,4,4,3,0,5,6,7,5,5,5,1,5,4,4,4,5,5,5,1,6,4,5,5,5,5,4,4,4,5,5,5,3,4,4,5,5,5,5,4,4,7,4,5,4,5,5,7,6,4,6,5,4,4,4,4,3,4,5,5,4,3,4,4,5,,5,5,5,6,4.0,6,5,6,5,5,5,4,5,4,4,3,4,5,4,4,5,4,5,4,3,4,5,5,4,6,6,5,5,5,5,5,6,4,4,3,5,11.0,7.0,,6,4,3,2,4,5,5,6,6,3,6,5,5,5,5,5,3,4,5,4,4,4,5,5,5,4,4,5,1,5,4,3,4,4,5,2,6,3,5,5,4,4,3,4,6,5,5,5,3,5,5,4,4,4,4,5,4,4,4,5,4,4,4,6,5,5,6,5,5,5,6,4,4,6,5,5,5,5,5,5,5,5,4,4,5,0,5,4,5,4,30.0,4,5,3,2,5,4,4,4,3,4,6,4,4,3,5,5,6,6,3,5,5,6,5,5,6,5,3,5,5,5,4,4,5,4,5,4,6,5,6,5,5,5,0,7,7,6,4,6,5,1,5,4,4,4,6,5,5,6,5,6,4,6,6,6,7,5,4,6,4,0,2,5,5,21.0,6,4,8.0,3,4,4,4,5,3,4,6,4,31.0,4,5,5,6,5,5,4,6,5,6,5,4,5,4,5,4,5,6,4,5,5,5,5,6,4,14.0,3,6,4,6,5,5,5,5,6,5,4,5,6,4,9.0,6,7,4,3,6,5,5,4,4,4,6,5,5,7,6,5,6,,6,6,5,6,5,7,4,5,5,6,7,6,2,4,2,16.0,4,4,4,5,8.0,5,4,5,4,7,4,5,5,6,5,6,6,,36.0,6,5,,6,6,5,4,6,6,5,6,5,6,6,28.0,5,5,5,31.0,5,4,4,6,6,4,1,6,3,4,5,33.0,,,4,5,2,2,5,5,5,4,5,5,5,5,5,0,5,22.0,5,1,6,14.0,5,5,16.0,5,5,3,5,5,5,5,5,5,,4,7,6,5,,5,25.0,5,4,5,5,5,5,,5,6,6,5,6,5,6,6,29.0,4,4,6.0,16.0,6,5,29.0,5,2,5,5,5,4,4,8,7,4,5,6,5,5,4,4,6,6,5,6,7,7,7,7,5,5,4,0.0,5,5,6,6,,4,7,5,6,6,4,0,4,6,,6,,6,5,5,7,6,6.0,5,5,4,13.0,16.0,5,5,35.0,6.0,,5,6,5,5,5,4,5,5,5,5,6,4,20.0,17.0,6,5.0,5,8,35.0,5,,6,6,5,8,7,11.0,5,6,7,5,5,6,31.0,7,5,5,,5,5,6,,11.0,8,5,5,5,5,5,17.0,5,5,20.0,,,5,10.0,6,7,5,6,,17.0,,,5,7,,5,5,5,,,5,27.0,8.0,7,19.0,18.0,6,,23.0,6,,,6,20.0,18.0,20.0,13.0,,,6,,16.0,5,5.0,6,5,5,6,5,,20.0,5,7.0,,0,20.0,5,5,7,,,5,5,6,6,5,6,5,,5.0,5,6,,7,12.0,,6,6,,6,,37.0,4,7,27.0,,,5,29.0,4.0,10.0,5,37.0,14.0,5,7,7,,7.0,,15.0,9,6,6,28.0,6,27.0,10.0,4,,,6.0,,7,7,11.0,,36.0,26.0,5,5,,6,14.0,6,23.0,6,16.0,19.0,,4,,5.0,30.0,25.0,17.0,,5,5,13.0,,16.0,29.0,6,6,,5,25.0,6,,6.0,,,,28.0,6,,5.0,6,28.0,,24.0,,,,6,6,33.0,16.0,,14.0,23.0,30.0,0.0,25.0,,,,7,,30.0,,,23.0,,,20.0,,,22.0,31.0,5,8,35.0,24.0,31.0,4,6,,4,6,40.0,5,6,12.0,6,,4,12.0,6,7,,,2,,5,,,,5,6.0,,,13.0,,13.0,18.0,6,8.0,,,11.0,5,,6,23.0,23.0,,7,18.0,,8.0,,5,27.0,,4,6,,,,,30.0,9.0,5.0,27.0,37.0,36.0,,6,32.0,14.0,,,38.0,,,5,,5.0,6,,15.0,6,11.0,,29.0,,40.0,5,15.0,,0.0,5,,10.0,,5,,,7.0,,23.0,22.0,7,5,13.0,,33.0,13.0,7,5,,,5,5,6,,6,6,38.0,6,6,6,7,,6,5,6,4,6,5.0,10.0,6,7.0,,8.0,7.0,,,,,15.0,,21.0,,4,5,34.0,7.0,6,,,6,14.0,,,,,,5,,,,9.0,9.0,24.0,38.0,5,31.0,,18.0,,5,15.0,38.0,8.0,12.0,5,,14.0,28.0,,11.0,6,19.0,10.0,5,,,,,,,12.0,,,36.0,6,,,,188,10
6,6,5,5,4,1,5,6,6,7,5,6,6,5,6,5,5,6,5,6,6,5,7,6,6,6,7,6,5,6,5,3,6,6,7,6,6,7,6,6,6,5,5,8,5,6,5,6,6,8,7,2,7,6,6,3,6,5,5,6,6,6,5,4,4,5,6,32.0,6,6,7,7,,7,5,7,7,6,6,5,5,5,3,5,5,6,5,5,6,5,6,6,6,5,6,5,5,7,7,6,6,7,6,6,7,4,5,4,6,17.0,21.0,9.0,0,5,5,5,5,7,6,8,7,4,7,6,6,6,6,6,4,5,6,5,5,4,6,6,6,5,6,5,5,6,5,2,7,6,6,5,7,6,7,6,5,5,5,6,7,6,6,6,4,6,5,6,6,5,5,5,5,5,5,6,5,5,5,7,6,6,7,5,5,6,7,5,4,7,6,6,6,6,6,6,6,6,6,6,0,5,5,1,1,0,,5,6,6,5,6,5,5,5,4,5,7,6,5,6,7,5,7,7,6,6,6,7,6,5,7,6,6,6,6,5,6,6,6,5,6,6,6,7,7,6,2,6,6,8,8,7,4,7,6,5,6,5,5,4,7,5,7,7,6,7,6,7,6,7,8,6,5,6,5,6,6,6,6,6.0,7,5,23.0,4,2,5,5,6,5,6,7,6,35.0,5,6,6,7,6,6,5,7,7,7,6,5,6,5,6,5,6,6,6,6,6,6,6,7,6,,6,7,6,7,6,6,7,6,7,6,6,6,7,5,,7,8,5,0,7,4,6,5,6,3,7,6,6,8,7,6,7,36.0,7,7,6,7,5,8,5,5,5,7,7,6,6,2,5,27.0,5,5,5,6,32.0,6,5,6,6,8,5,6,6,7,6,7,7,34.0,14.0,7,7,9.0,6,7,6,7,7,7,6,7,6,7,7,14.0,6,6,0,15.0,7,6,5,7,7,6,6,6,5,0,6,,19.0,23.0,6,6,2,3,6,6,4,5,6,6,6,7,6,5,6,14.0,7,4,6,13.0,6,5,,6,6,7,6,6,5,6,6,6,,5,6,5,4,28.0,6,32.0,4,6,5,6,7,6,,5,7,6,6,6,6,7,7,28.0,5,5,11.0,11.0,7,6,,6,6,6,6,6,6,5,8,8,5,5,7,6,5,6,5,7,7,6,7,8,7,7,8,5,8,6,,6,6,7,7,15.0,6,8,6,7,0,5,7,5,8,18.0,7,,7,5,6,8,7,8.0,5,6,5,16.0,19.0,7,6,16.0,15.0,7.0,4,7,6,6,6,5,5,6,6,6,7,5,17.0,18.0,7,23.0,6,8,18.0,6,,6,7,6,8,7,15.0,6,6,7,6,6,7,31.0,8,6,6,,7,6,7,,37.0,9,6,7,7,6,7,17.0,7,6,5.0,,9.0,7,32.0,7,8,6,7,,13.0,,,6,7,9.0,6,5,6,13.0,,6,7.0,,8,27.0,,7,,9.0,8,,,7,28.0,23.0,,,8.0,,7,,18.0,6,,7,6,5,7,6,,15.0,7,7.0,,7,,6,6,8,,,6,7,7,7,6,7,6,,,6,7,,7,,,7,7,,6,8.0,15.0,6,8,6.0,,24.0,6,,26.0,31.0,6,30.0,17.0,6,8,7,,14.0,,18.0,10,7,7,,7,,0.0,6,14.0,,27.0,27.0,8,8,18.0,15.0,18.0,21.0,7,6,8.0,7,20.0,6,17.0,7,,13.0,,6,12.0,30.0,25.0,,22.0,19.0,6,6,32.0,,,25.0,7,7,,6,9.0,7,,8.0,,,,,7,,6.0,8,,,21.0,,,,6,7,,33.0,,,13.0,21.0,,10.0,29.0,,,8,,21.0,,,36.0,,12.0,,17.0,16.0,12.0,9.0,7,8,,24.0,15.0,6,7,12.0,6,7,,6,7,10.0,7,18.0,3,12.0,7,7,,36.0,7,,6,13.0,,,6,22.0,,,33.0,,,28.0,6,37.0,26.0,,9.0,6,,7,,,8.0,8,23.0,,0.0,13.0,6,,,5,7,,,,,6.0,33.0,13.0,,15.0,0.0,,7,31.0,9.0,,,37.0,24.0,,6,,,7,,10.0,7,9.0,,,,7.0,6,9.0,,34.0,6,,,,6,,,19.0,,,10.0,8,6,9.0,,27.0,,8,6,,,6,6,8,9.0,7,7,35.0,7,7,7,8,,8,8,7,5,7,13.0,10.0,7,21.0,,,9.0,,8.0,,,21.0,,9.0,,6,6,26.0,,7,6.0,17.0,7,27.0,18.0,,,,,6,26.0,,16.0,15.0,11.0,12.0,24.0,2,,,6.0,,7,23.0,12.0,6.0,10.0,7,,13.0,30.0,,29.0,7,22.0,12.0,6,10.0,,,,,,11.0,,,6.0,8,,,,189,10
4,4,4,4,4,3,4,4,5,6,3,4,4,4,4,4,4,3,4,4,3,3,5,3,5,5,5,4,3,4,4,4,5,5,5,4,4,5,4,0,5,3,3,6,3,4,4,4,4,6,5,3,5,5,4,4,5,4,3,5,4,4,0,3,3,4,4,23.0,3,3,4,5,12.0,5,3,5,5,4,3,4,3,3,1,3,3,4,2,0,4,3,4,0,4,4,4,4,4,5,5,4,4,5,5,5,5,2,1,2,4,26.0,14.0,17.0,5,4,3,3,4,4,4,6,5,1,4,4,4,4,5,4,3,3,4,3,3,3,4,5,5,4,5,5,5,4,3,4,5,3,4,3,5,5,5,4,3,1,3,4,5,5,4,4,2,4,4,1,5,3,3,4,4,3,3,4,3,3,4,6,5,4,4,4,3,4,5,1,3,5,4,3,4,4,3,4,4,5,4,5,5,4,4,4,5,4,5.0,4,5,5,4,5,4,4,3,3,2,5,4,4,5,5,4,5,4,4,3,3,5,4,3,5,3,4,4,4,4,3,4,5,3,4,4,5,5,5,4,4,5,4,6,6,5,2,5,4,3,4,4,3,1,5,3,4,5,4,5,3,5,5,5,6,4,3,5,4,5,5,5,5,,5,4,19.0,3,4,2,3,4,4,4,4,4,13.0,3,2,4,5,5,4,3,5,5,5,4,4,4,3,4,4,3,5,4,4,4,4,4,5,3,23.0,3,5,4,6,5,4,6,5,5,2,3,0,5,3,28.0,5,6,3,6,6,4,4,4,4,3,5,4,5,6,5,4,5,17.0,5,5,4,5,4,6,3,3,3,5,6,5,4,3,4,,2,3,3,4,,5,3,4,4,6,4,5,3,5,4,5,5,,5.0,4,5,24.0,5,5,5,5,5,5,3,5,4,6,5,10.0,5,4,3,15.0,5,3,3,6,5,4,4,5,4,4,5,,26.0,20.0,4,4,3,3,4,4,5,3,5,4,3,6,5,4,4,16.0,5,3,6,8.0,5,4,,4,3,5,4,5,4,6,5,5,,3,6,5,4,15.0,4,23.0,5,4,4,4,6,4,,4,5,5,4,4,5,5,5,14.0,3,3,7.0,22.0,5,4,8.0,3,4,4,4,5,5,4,6,5,3,3,5,4,3,3,3,5,5,4,5,6,6,6,7,5,7,4,,4,2,5,5,17.0,4,4,4,5,6,3,5,4,6,22.0,5,,5,4,5,6,5,,3,5,3,14.0,24.0,5,4,,4.0,6.0,5,5,4,4,5,3,5,4,4,4,4,4,22.0,23.0,5,,5,7,22.0,4,,5,5,4,7,6,,4,5,6,5,4,5,,6,4,5,,6,4,5,,13.0,6,4,4,5,4,5,7.0,5,4,25.0,,13.0,5,13.0,5,6,3,4,,11.0,,,4,6,30.0,5,4,4,15.0,14.0,4,,,6,9.0,,0,,14.0,6,12.0,,5,22.0,13.0,,17.0,8.0,,5,,17.0,4,5.0,5,4,4,5,4,32.0,29.0,5,8.0,,5,18.0,4,5,6,0.0,,4,4,5,6,4,5,4,,16.0,4,5,,6,11.0,6.0,5,5,,5,12.0,4.0,5,6,4.0,,14.0,4,10.0,18.0,6.0,4,16.0,20.0,5,6,5,,,,30.0,7,5,5,5.0,5,16.0,0.0,4,16.0,,25.0,,6,6,23.0,20.0,11.0,18.0,5,4,19.0,5,,5,12.0,5,7.0,3.0,,5,4.0,,13.0,12.0,6.0,8.0,0,4,7.0,,20.0,19.0,5,5,,4,29.0,5,15.0,32.0,,,,28.0,5,12.0,,6,28.0,,12.0,,,,5,5,15.0,0.0,,,5.0,15.0,,19.0,12.0,,,6,,13.0,,,,,5.0,17.0,22.0,22.0,4.0,6.0,5,7,28.0,,,4,4,11.0,4,5,20.0,5,5,29.0,5,31.0,2,12.0,5,6,,19.0,5,,4,16.0,,,5,9.0,,,11.0,,,15.0,5,6.0,6.0,,,5,,5,,4.0,18.0,6,,,7.0,,3,8.0,,3,5,,,,,4.0,29.0,6.0,19.0,,11.0,,5,8.0,,,,15.0,12.0,,5,,23.0,6,,15.0,6,6.0,,12.0,,,4,17.0,,18.0,4,,17.0,,4,,,,,10.0,16.0,6,5,32.0,,18.0,6.0,6,5,,,5,5,6,,6,5,25.0,6,5,5,6,,7,5,6,3,6,,19.0,5,13.0,,5.0,,,,,,,,,,5,4,10.0,,6,8.0,22.0,5,10.0,,,,,,4,,,,12.0,,25.0,,4,11.0,,8.0,,5,8.0,,11.0,22.0,5,,7.0,12.0,,11.0,4,6.0,28.0,5,6.0,,,,,,,,,31.0,6,,,,190,10
7,7,7,7,7,6,7,3,7,8,5,7,6,4,6,7,6,0,3,6,6,5,8,6,7,7,7,7,4,6,6,7,7,5,7,6,7,8,7,7,7,6,4,0,5,7,6,7,7,9,8,6,8,4,7,7,8,7,6,8,7,7,5,6,6,7,7,23.0,7,7,7,8,21.0,7,6,8,8,6,5,6,7,6,6,6,6,7,5,3,7,7,7,7,7,7,7,7,6,8,8,7,7,8,8,7,8,6,6,6,7,8.0,14.0,35.0,8,6,6,5,6,7,0,8,8,5,8,7,7,7,8,7,5,6,7,7,7,6,7,7,7,7,8,7,7,6,6,6,7,5,7,6,8,8,8,7,6,6,6,1,8,7,7,7,5,7,7,6,7,6,6,5,6,6,6,7,6,6,7,9,8,7,8,7,6,7,8,6,6,8,7,6,6,6,7,7,8,8,7,8,7,7,7,7,6,6,,7,7,7,7,6,7,6,6,6,6,6,7,5,8,8,6,7,7,6,6,7,6,7,6,7,7,7,7,6,6,7,7,8,6,7,7,8,8,8,7,7,7,7,8,8,7,3,7,7,6,7,6,6,6,8,7,8,8,7,8,5,4,7,7,8,7,5,7,7,7,8,8,7,12.0,8,7,26.0,6,7,6,6,7,6,7,8,7,35.0,5,7,7,7,8,7,6,8,8,8,6,6,7,6,7,7,6,8,7,7,7,7,5,8,6,9.0,7,7,7,9,7,8,8,8,8,7,6,7,8,6,31.0,7,8,5,9,9,7,7,7,5,2,8,7,7,9,8,7,8,27.0,8,8,7,6,7,9,7,7,7,7,8,7,7,6,3,,6,6,6,7,11.0,7,6,6,7,8,7,8,7,8,7,8,8,11.0,27.0,8,8,,8,8,7,7,8,8,6,6,7,8,8,16.0,8,7,7,31.0,7,6,6,1,7,7,7,8,7,7,7,11.0,,,7,7,6,5,7,6,6,6,7,7,6,7,8,6,7,,7,6,9,26.0,7,6,27.0,7,6,7,7,7,7,8,8,8,,7,8,7,7,,7,13.0,7,7,6,7,8,7,,7,0,7,7,7,8,8,8,15.0,6,6,,36.0,8,7,,7,7,7,7,7,7,6,9,8,7,7,8,7,6,6,6,7,8,4,7,8,8,8,8,7,8,6,,7,7,8,8,30.0,6,9,7,9,9,6,7,7,8,,8,,7,6,7,9,7,9.0,6,8,5,20.0,0.0,8,7,29.0,,33.0,7,8,7,7,7,6,6,7,7,7,7,7,9.0,4.0,7,15.0,7,9,9.0,7,,7,8,7,9,8,12.0,7,7,8,8,7,6,26.0,9,7,8,,9,7,8,,,8,7,8,7,7,7,23.0,8,7,9.0,,12.0,8,22.0,8,7,7,8,,34.0,13.0,,7,8,8.0,8,7,7,10.0,8.0,6,,,9,29.0,,8,,,8,25.0,,8,,33.0,36.0,34.0,,,9,,14.0,7,18.0,8,7,7,8,8,12.0,15.0,8,9.0,,7,24.0,7,7,9,,,7,7,8,8,7,7,7,,7.0,7,0,,8,,31.0,8,8,,8,38.0,8.0,8,9,34.0,,,7,,,7.0,7,,,8,7,8,,13.0,,,9,7,8,,8,,19.0,7,7.0,,31.0,18.0,9,8,17.0,25.0,7.0,13.0,8,7,40.0,8,7.0,7,9.0,8,9.0,23.0,,8,11.0,8.0,,37.0,26.0,13.0,7,7,13.0,,25.0,25.0,8,8,,7,15.0,8,,,,,,15.0,7,14.0,30.0,9,24.0,,13.0,,,,8,3,8.0,15.0,,25.0,10.0,28.0,,18.0,17.0,,,8,,35.0,,9.0,39.0,,,36.0,23.0,,,,8,6,25.0,25.0,22.0,7,8,7.0,7,8,16.0,8,8,0.0,8,9.0,4,34.0,8,8,,18.0,8,,7,,,,8,14.0,,18.0,14.0,,24.0,,7,11.0,9.0,14.0,10.0,8,,7,,7.0,20.0,9,27.0,,29.0,33.0,6,28.0,,7,8,,,,,14.0,17.0,25.0,,18.0,10.0,,7,10.0,36.0,,,12.0,9.0,,8,,23.0,6,,40.0,9,,,7.0,,,5,,,,7,,,,7,,,35.0,,,15.0,9,8,,,9.0,0.0,8,7,,,8,7,0,22.0,9,7,,8,8,8,10,,10,9,9,6,9,16.0,13.0,7,14.0,,13.0,24.0,,25.0,,,33.0,,32.0,,8,7,7.0,7.0,8,,9.0,8,9.0,12.0,,,,,7,15.0,0.0,28.0,12.0,,17.0,18.0,7,10.0,,18.0,,8,15.0,28.0,,7.0,8,,32.0,17.0,,,8,10.0,40.0,8,15.0,,,,,,18.0,,,,9,,,,191,10
12,11,11,11,11,10,11,11,12,13,11,11,11,6,11,11,11,11,11,11,11,8,12,10,11,11,8,11,10,11,10,11,11,11,12,11,11,12,11,11,11,10,11,14,10,11,11,11,11,13,12,11,12,11,12,12,12,11,11,12,11,11,9,10,10,11,12,15.0,11,11,11,12,23.0,12,11,12,12,11,11,11,11,10,9,7,10,12,9,10,11,11,11,12,12,10,11,10,10,12,12,11,11,12,12,12,12,10,10,10,11,24.0,40.0,40.0,12,10,10,10,10,12,10,13,12,10,11,10,11,12,12,11,10,8,11,11,11,10,7,11,11,11,12,12,9,9,10,11,12,11,11,11,13,12,12,11,11,11,11,11,12,11,11,11,9,11,11,11,11,9,10,11,10,9,10,11,10,10,11,13,11,12,11,11,10,12,12,10,11,13,10,11,11,11,11,11,12,12,12,12,12,11,11,11,12,11,30.0,11,11,12,11,11,11,11,8,10,10,12,10,11,12,12,11,12,12,11,11,11,13,12,11,12,12,11,11,11,11,11,11,12,11,12,12,12,12,12,11,11,12,11,13,13,12,10,12,0,11,11,10,10,9,12,11,12,12,11,12,11,12,12,12,13,11,11,12,11,11,12,12,11,16.0,12,10,41.0,10,11,10,10,11,11,11,12,11,11.0,10,11,11,12,10,11,11,13,12,12,11,11,8,10,11,11,11,12,11,12,11,12,12,12,11,,12,12,10,13,12,12,12,12,13,11,0,11,12,10,12.0,12,13,10,12,11,11,8,11,11,6,13,11,11,13,11,11,12,35.0,12,0,11,5,11,14,11,11,11,12,12,12,11,11,11,18.0,10,10,10,10,,12,10,10,11,12,11,12,11,12,12,11,12,15.0,32.0,13,12,,12,12,12,12,13,12,11,12,11,13,12,19.0,12,11,11,16.0,12,11,10,13,12,12,11,12,11,11,11,25.0,43.0,25.0,11,12,7,10,10,11,11,10,12,11,11,12,12,11,11,,11,10,11,16.0,11,10,29.0,11,11,12,11,12,11,12,12,11,,10,13,12,11,14.0,11,,12,9,11,11,10,11,,11,12,12,11,12,12,12,12,32.0,11,11,28.0,45.0,13,11,13.0,11,12,10,7,11,12,11,13,12,11,11,11,11,11,10,11,12,12,11,12,0,13,12,13,11,13,11,35.0,12,11,12,12,41.0,11,13,11,13,13,11,12,11,12,29.0,12,,12,11,12,13,10,14.0,8,12,10,,13.0,11,12,15.0,19.0,38.0,12,12,11,11,11,11,12,10,11,11,12,12,8.0,0.0,12,21.0,12,14,18.0,12,,12,12,12,14,13,13.0,11,12,13,12,11,11,42.0,13,11,12,,10,11,12,,12.0,14,12,13,12,11,11,,12,11,,,40.0,12,41.0,12,13,11,11,,42.0,28.0,,11,13,13.0,12,9,11,29.0,18.0,11,35.0,,13,31.0,15.0,12,,31.0,12,36.0,,12,18.0,,0.0,,30.0,,13,,,12,,13,11,11,12,12,,31.0,12,13.0,,12,29.0,11,11,13,,,12,12,12,13,11,12,12,,32.0,12,13,,13,30.0,27.0,12,12,,7,,13.0,12,13,30.0,,21.0,12,12.0,,,12,13.0,44.0,12,13,13,,21.0,,,15,12,12,18.0,12,31.0,,11,19.0,,42.0,32.0,13,13,,27.0,17.0,,12,12,31.0,12,30.0,12,16.0,13,0.0,32.0,,12,14.0,22.0,21.0,20.0,35.0,29.0,10,11,16.0,,26.0,27.0,12,12,,12,13.0,13,45.0,,,,,,12,8.0,,13,21.0,,35.0,,,,12,12,20.0,31.0,,,,39.0,,15.0,27.0,,,0,,20.0,,28.0,15.0,,11.0,,18.0,34.0,,27.0,13,14,20.0,16.0,17.0,11,12,17.0,11,12,,12,12,23.0,12,,10,15.0,12,13,,,12,,11,29.0,,,12,34.0,,16.0,45.0,,27.0,,12,,14.0,,26.0,12,,12,35.0,0.0,36.0,12,,,15.0,29.0,11,20.0,,11,9,,,,,29.0,,20.0,21.0,36.0,42.0,,13,19.0,,,,14.0,,,12,,,12,,17.0,13,,,26.0,,,11,23.0,,20.0,11,,39.0,,11,,,39.0,,37.0,31.0,12,12,12.0,,25.0,21.0,13,11,,,12,12,13,,13,12,19.0,13,12,12,14,,11,13,13,10,13,36.0,32.0,12,29.0,,19.0,12.0,,,,,,,,,12,11,11.0,,12,45.0,,12,14.0,14.0,,,,26.0,11,,,39.0,30.0,,44.0,15.0,12,,,0.0,,12,32.0,14.0,,14.0,12,,11.0,,,36.0,12,18.0,14.0,12,26.0,,,,,,32.0,,,,14,,,,192,10
8,7,6,6,5,6,6,8,8,9,7,7,7,6,7,7,7,7,7,7,7,5,8,7,8,8,8,7,6,7,7,7,8,8,8,7,7,8,7,8,7,6,7,10,7,7,6,7,5,9,8,7,8,7,6,6,7,0,5,7,8,8,6,4,6,7,8,13.0,7,7,8,7,14.0,8,7,8,5,7,7,7,7,6,6,6,6,6,6,6,7,6,8,8,8,7,7,7,6,8,8,7,7,8,8,7,8,6,6,6,8,39.0,,,8,6,5,6,7,7,7,8,8,6,8,7,6,7,7,7,6,6,8,6,7,7,8,7,7,6,7,7,7,7,0,7,8,7,7,7,9,8,8,7,7,7,7,7,9,8,7,7,5,7,7,7,7,7,6,7,7,5,6,0,7,7,6,8,8,8,8,7,7,8,8,6,5,8,7,7,7,7,7,7,8,7,7,7,0,7,7,7,8,5,,7,8,8,7,7,6,6,6,5,6,8,7,7,8,8,7,7,8,7,7,7,9,8,7,8,8,7,7,8,7,7,7,8,7,7,7,8,8,8,7,7,7,4,9,9,8,6,8,7,6,7,3,7,6,8,7,8,8,7,8,6,8,8,8,9,8,7,8,6,7,8,8,8,26.0,8,7,10.0,6,6,6,3,8,6,7,8,7,22.0,7,8,8,8,8,7,7,9,8,8,7,6,7,2,3,7,7,8,7,8,7,8,8,8,7,14.0,8,8,6,9,8,8,8,7,8,8,7,7,8,6,,8,9,6,9,9,7,7,6,7,6,9,6,8,9,8,7,8,,9,8,7,8,7,9,6,7,7,8,9,8,7,7,7,16.0,6,6,6,8,,7,4,7,7,9,7,8,7,8,8,8,9,13.0,,9,9,16.0,8,8,8,8,9,9,7,8,7,9,8,,8,7,7,13.0,8,5,6,9,9,7,7,8,5,6,8,,21.0,,6,7,7,6,8,7,3,6,7,7,7,8,8,7,7,7.0,8,6,9,10.0,6,7,8.0,7,7,7,6,6,6,8,8,8,,7,0,8,7,14.0,4,8.0,8,7,7,7,8,7,,7,9,8,7,8,8,8,8,,7,7,30.0,17.0,9,7,17.0,7,7,7,7,7,5,6,10,10,7,7,0,6,7,7,7,8,8,8,9,9,9,9,10,8,10,7,,8,7,9,8,27.0,7,9,8,9,9,7,8,7,9,14.0,7,,8,7,7,10,8,32.0,7,6,6,36.0,11.0,8,8,33.0,,16.0,8,8,7,7,8,7,7,7,7,7,8,7,7.0,10.0,7,35.0,8,10,22.0,8,,8,8,5,10,9,11.0,8,8,9,7,7,8,29.0,9,7,8,,9,8,8,,24.0,10,7,8,8,7,8,23.0,8,7,9.0,,,8,,8,9,5,9,,19.0,,,7,9,30.0,8,7,7,16.0,9.0,7,29.0,19.0,9,,8.0,8,,11.0,9,12.0,,8,30.0,18.0,,,24.0,,8,,22.0,7,30.0,8,7,7,8,8,37.0,,8,16.0,,8,,7,8,9,,,8,7,8,9,7,8,8,,12.0,8,9,,9,16.0,,8,8,,8,35.0,8.0,7,10,15.0,,17.0,6,9.0,37.0,,7,10.0,9.0,4,9,9,,28.0,,,11,9,8,13.0,8,26.0,8.0,8,27.0,,31.0,24.0,9,8,36.0,9.0,29.0,0.0,8,6,17.0,6,15.0,8,17.0,9,19.0,18.0,,3,24.0,10.0,,17.0,,12.0,7,7,27.0,,34.0,34.0,8,8,,8,22.0,9,10.0,16.0,,,,,9,23.0,15.0,8,29.0,,24.0,,,,8,9,8.0,34.0,,15.0,14.0,12.0,,,,,,9,,12.0,,15.0,11.0,,24.0,,,10.0,9.0,26.0,8,9,,19.0,11.0,6,8,7.0,7,8,28.0,8,8,22.0,8,,6,,8,9,,,7,0.0,7,,,,7,20.0,,,,,38.0,14.0,8,28.0,,,,7,,7,13.0,5.0,26.0,9,11.0,,31.0,23.0,7,,,6,8,,,,0.0,14.0,26.0,11.0,39.0,,39.0,,9,21.0,9.0,,,14.0,18.0,,7,,23.0,9,0.0,,9,15.0,,8.0,,29.0,7,11.0,,12.0,7,,10.0,,7,,,18.0,,,,10,8,9.0,,29.0,30.0,9,8,,,7,8,8,10.0,8,9,33.0,8,7,8,10,,10,9,9,6,9,14.0,28.0,8,9.0,,11.0,,,15.0,,,24.0,,33.0,,7,7,15.0,11.0,9,12.0,,9,16.0,22.0,,,,,7,30.0,,30.0,27.0,24.0,,,7,19.0,,13.0,,4,24.0,18.0,17.0,23.0,5,,,29.0,,8.0,8,11.0,31.0,8,26.0,,,,,,,,,39.0,7,,,,193,10
5,5,4,5,3,4,5,5,6,7,4,5,5,4,4,5,4,4,5,5,5,4,6,4,6,5,6,5,4,5,5,5,6,6,6,5,5,6,5,5,6,0,1,8,4,5,4,5,5,7,6,5,6,5,5,5,5,5,4,5,4,1,4,4,3,4,5,,4,4,5,6,,6,5,6,6,5,5,4,5,4,4,4,4,5,3,4,4,5,5,6,5,5,5,5,5,6,5,4,5,5,6,2,5,4,3,3,5,24.0,29.0,33.0,6,4,4,4,5,6,5,7,6,4,6,4,5,5,5,5,4,0,5,4,5,4,5,5,6,4,5,5,5,5,4,5,5,3,5,5,6,6,5,5,4,5,5,5,6,4,5,5,3,5,4,4,5,4,4,5,5,4,4,5,0,4,5,6,6,5,6,5,4,4,5,4,4,6,5,4,5,5,5,5,6,6,5,5,5,5,4,5,6,5,5.0,5,5,6,5,5,3,5,4,4,3,6,5,4,4,6,5,5,5,5,4,5,6,5,5,5,5,3,5,5,5,5,5,6,5,6,6,6,6,5,5,5,6,5,7,7,6,4,5,5,4,5,4,2,4,6,5,6,6,5,6,5,6,6,6,7,3,4,5,5,5,6,6,5,28.0,6,5,4.0,4,5,4,3,5,3,5,5,5,7.0,4,5,5,6,6,1,3,6,6,6,4,5,5,4,5,5,5,6,5,2,4,5,5,6,5,23.0,5,6,5,7,5,4,6,5,6,5,5,5,4,2,6.0,5,7,4,7,7,5,5,5,5,4,0,5,5,7,5,4,4,9.0,6,6,5,5,3,6,3,5,5,6,7,6,5,5,4,,4,4,4,5,7.0,6,4,5,5,6,5,4,4,5,4,5,5,9.0,0.0,5,5,17.0,2,5,0,4,5,2,4,5,4,3,5,,6,5,5,18.0,6,3,4,7,6,5,5,6,5,5,5,8.0,18.0,9.0,5,5,4,2,5,5,5,4,5,2,5,6,6,5,5,10.0,5,1,7,32.0,6,5,26.0,5,5,6,5,6,5,6,6,5,,4,7,6,5,14.0,5,13.0,5,4,5,5,6,5,,5,6,6,5,5,6,6,2,,4,4,20.0,,7,5,20.0,5,5,5,5,6,6,4,8,7,3,4,6,2,4,4,4,6,6,5,6,7,7,7,7,6,8,5,15.0,5,5,6,6,9.0,5,7,5,7,7,4,6,5,6,23.0,6,,6,4,6,7,6,22.0,5,6,4,5.0,9.0,6,5,25.0,6.0,13.0,5,6,5,5,6,4,6,5,5,5,5,5,,8.0,6,16.0,5,8,24.0,5,,5,6,5,8,7,24.0,5,5,7,5,5,6,6.0,7,3,5,,6,5,6,,17.0,3,5,6,6,5,6,14.0,6,5,,,14.0,6,0.0,6,7,5,6,,33.0,,,5,7,12.0,6,5,5,9.0,12.0,5,,22.0,7,26.0,0.0,6,,15.0,6,25.0,,6,,,,,24.0,,6,,,5,32.0,4,5,5,6,6,30.0,16.0,6,,,6,,5,5,7,,,5,5,6,6,5,6,5,,9.0,5,6,,7,22.0,21.0,0,6,,5,15.0,33.0,5,7,,,9.0,5,16.0,14.0,31.0,5,10.0,,6,7,7,,13.0,,14.0,7,6,6,30.0,6,11.0,9.0,3,24.0,,6.0,7.0,6,7,27.0,9.0,8.0,11.0,6,5,,6,,6,9.0,6,9.0,,,5,,24.0,28.0,,,14.0,5,5,20.0,,,7.0,7,6,,5,26.0,6,16.0,17.0,,,,,6,10.0,,6,19.0,,,,,,6,6,,28.0,,30.0,,,,,18.0,,,6,,,,27.0,8.0,,9.0,11.0,,30.0,30.0,,6,8,,,,5,5,22.0,5,6,5.0,6,6,28.0,6,9.0,4,27.0,6,7,,29.0,6,,5,10.0,,,6,16.0,,27.0,9.0,,14.0,25.0,4,10.0,14.0,,32.0,6,,6,,15.0,10.0,7,11.0,,8.0,9.0,5,5.0,,5,6,,,,,22.0,,9.0,9.0,8.0,28.0,,6,32.0,,,,5.0,10.0,,5,,19.0,7,,,7,11.0,,17.0,,27.0,5,28.0,,12.0,5,,,,6,,,12.0,,28.0,14.0,7,6,28.0,,18.0,,7,6,0.0,,6,6,7,14.0,7,6,24.0,7,6,7,8,,8,8,7,2,7,31.0,14.0,6,,,,22.0,,24.0,,,6.0,,33.0,,6,5,15.0,27.0,7,6.0,30.0,6,16.0,,,,,,5,6.0,,23.0,32.0,31.0,10.0,,5,13.0,,17.0,,6,,21.0,30.0,17.0,6,,10.0,,,18.0,7,8.0,15.0,6,12.0,,,,,,16.0,,,7.0,7,,,,194,10
7,7,5,6,5,6,6,6,7,8,6,6,6,6,6,6,6,6,6,6,6,5,7,5,7,7,7,6,5,6,6,6,7,7,7,6,6,7,7,7,7,6,6,7,5,6,6,6,6,8,7,0,7,7,6,6,6,5,5,6,7,6,5,5,2,2,7,12.0,6,6,7,6,,7,6,7,7,5,6,6,6,5,5,6,6,7,5,5,6,6,7,7,7,6,6,6,6,7,7,6,6,7,7,7,7,5,6,4,6,19.0,9.0,29.0,7,6,2,5,6,7,7,8,7,5,7,6,6,7,6,6,5,5,7,6,6,5,7,4,6,6,6,7,7,6,5,6,7,6,7,6,8,7,7,6,6,6,6,6,7,7,6,6,4,6,6,6,6,5,4,6,5,5,5,6,4,6,6,7,7,7,7,6,6,7,7,2,5,8,6,6,6,6,6,6,7,7,6,6,6,6,3,6,6,6,,6,6,6,3,6,3,5,5,5,4,7,0,6,7,5,6,7,7,6,6,6,8,7,6,7,5,4,6,6,6,6,6,7,6,7,6,7,7,7,6,3,7,6,8,7,7,5,7,6,5,6,5,6,5,7,6,7,7,6,7,6,7,0,7,8,7,6,7,6,7,7,7,7,11.0,7,6,,5,6,5,6,7,6,6,7,6,7.0,5,6,6,7,7,6,6,8,7,7,6,6,6,5,6,6,6,7,6,7,6,7,7,8,6,32.0,7,7,6,8,7,7,8,7,8,7,6,7,7,5,9.0,7,7,5,8,8,6,6,0,5,6,8,6,7,8,7,5,7,,8,7,6,7,6,9,6,6,5,7,7,7,6,6,6,9.0,6,6,6,7,8.0,7,5,6,6,8,6,7,6,8,7,7,7,12.0,28.0,8,8,31.0,7,7,7,7,8,8,6,8,7,8,7,,7,6,6,15.0,7,4,5,7,7,6,6,7,5,4,7,22.0,,9.0,6,7,5,5,5,6,7,5,7,6,6,7,7,6,7,9.0,7,1,8,22.0,7,6,6.0,6,6,7,6,5,5,7,7,6,,6,8,6,6,19.0,6,10.0,7,6,6,6,8,6,,6,8,7,6,7,7,7,7,18.0,6,6,22.0,9.0,8,6,22.0,6,6,6,6,7,7,6,8,8,6,6,7,6,6,6,6,7,7,4,7,8,8,8,8,5,8,6,11.0,6,3,7,7,,6,8,6,8,0,6,7,6,8,8.0,5,,6,6,0,9,7,11.0,6,7,5,8.0,13.0,7,7,,,8.0,7,7,6,6,7,6,7,6,6,6,7,6,19.0,12.0,7,9.0,7,9,14.0,7,,4,7,3,9,8,,6,7,8,7,5,7,8.0,8,7,7,,8,7,7,,7.0,9,5,7,7,6,7,25.0,7,6,20.0,,,6,13.0,7,8,6,7,,35.0,23.0,,6,6,13.0,7,6,6,13.0,35.0,6,,,8,15.0,16.0,7,,,8,11.0,,7,25.0,25.0,,37.0,18.0,,7,,23.0,4,,7,7,6,7,7,26.0,20.0,7,18.0,,7,16.0,6,7,8,,,7,7,7,8,6,7,7,,13.0,5,8,,8,8.0,,7,7,,7,20.0,10.0,6,8,18.0,,,7,34.0,23.0,,7,35.0,28.0,7,8,8,,26.0,,8.0,10,7,7,,7,,,7,11.0,,,10.0,8,8,8.0,10.0,19.0,,7,7,34.0,6,27.0,7,9.0,8,20.0,7.0,,6,,10.0,25.0,12.0,16.0,11.0,6,6,8.0,,15.0,,7,7,,7,,8,18.0,11.0,,,,,7,14.0,36.0,8,33.0,,,,,,7,7,,9.0,,,13.0,,,14.0,9.0,,,8,,17.0,,,,,7.0,21.0,15.0,17.0,14.0,6.0,7,8,20.0,34.0,6.0,6,7,33.0,6,7,23.0,7,7,10.0,7,,5,15.0,7,8,,,7,,6,,,,6,,,9.0,,,,17.0,7,,,,,6,,7,8.0,8.0,29.0,8,9.0,,11.0,23.0,5,,,6,7,,,,,20.0,12.0,0.0,10.0,20.0,11.0,,8,,27.0,,,,7.0,,6,,,8,,37.0,7,14.0,,15.0,,17.0,5,24.0,,,0,,15.0,,4,,,23.0,,7.0,0.0,9,5,24.0,,,23.0,8,6,,,7,7,8,20.0,7,7,18.0,7,7,4,8,,9,8,7,6,8,33.0,31.0,7,32.0,,,25.0,,0.0,,,27.0,,32.0,,7,6,,10.0,8,13.0,28.0,7,23.0,8.0,,,,11.0,6,25.0,,9.0,10.0,22.0,7.0,36.0,7,16.0,,14.0,,7,12.0,22.0,25.0,,7,,28.0,21.0,,20.0,7,9.0,18.0,7,30.0,,,,,,33.0,,,8.0,8,,,,195,10
5,4,4,4,4,4,5,5,5,6,4,5,5,4,4,5,4,3,3,4,4,3,5,4,5,5,5,5,4,4,4,4,5,5,5,4,4,5,5,5,5,0,4,7,4,5,4,4,4,6,5,4,5,5,5,5,5,5,4,3,5,5,4,4,4,4,5,30.0,3,2,5,0,24.0,5,4,0,5,4,5,4,4,4,3,3,3,2,3,3,5,5,5,5,5,4,5,4,4,6,5,5,5,5,6,5,5,3,0,3,5,38.0,,10.0,5,4,3,3,4,5,5,4,5,2,5,5,5,5,5,4,2,3,5,4,4,4,5,5,5,4,5,5,5,5,3,4,5,3,4,1,6,5,5,5,4,4,4,4,5,5,5,5,1,4,4,4,5,4,3,5,4,4,4,4,4,4,4,6,5,5,0,4,2,5,6,4,4,6,5,4,4,0,4,4,6,5,5,5,1,0,5,4,5,4,39.0,4,5,5,4,5,5,4,4,4,3,6,2,4,5,5,4,5,3,4,3,4,6,5,4,5,5,5,4,4,4,4,4,5,4,5,5,6,5,6,5,4,5,4,7,7,5,1,5,5,2,4,4,4,4,5,4,5,4,3,5,4,5,6,6,6,3,4,5,5,5,5,6,5,8.0,5,4,23.0,3,4,3,4,5,4,5,5,4,16.0,4,5,5,6,5,4,4,6,5,5,4,4,5,3,5,4,4,5,5,5,4,5,5,5,4,,3,5,4,6,5,5,6,5,6,5,4,5,5,4,43.0,5,7,3,7,7,5,5,4,5,4,6,4,5,4,5,5,5,,6,3,4,5,4,7,4,4,4,6,6,5,0,4,4,20.0,4,4,4,5,43.0,5,4,4,4,6,3,5,4,6,5,5,6,9.0,16.0,6,6,11.0,5,2,5,5,6,6,4,6,5,6,5,16.0,5,5,4,26.0,5,4,4,6,4,5,5,4,4,5,5,,37.0,24.0,5,5,4,4,5,4,5,3,5,5,4,6,6,4,4,,5,2,6,28.0,5,4,31.0,5,4,5,1,5,3,6,6,5,,4,7,6,4,26.0,5,36.0,5,4,4,4,6,5,,4,5,5,4,5,5,5,6,41.0,4,4,11.0,,6,4,32.0,4,5,5,4,5,5,4,7,7,2,4,6,4,4,4,4,6,6,5,6,7,7,6,7,5,7,5,41.0,5,4,6,5,,4,6,5,7,6,4,5,5,6,39.0,6,,6,4,5,7,6,22.0,4,5,3,32.0,25.0,3,5,27.0,,5.0,5,5,4,4,5,4,5,5,4,4,5,5,43.0,26.0,6,15.0,5,5,25.0,5,,5,5,5,7,6,,5,5,0,5,5,5,34.0,6,5,5,,6,5,5,,,7,5,6,5,4,5,13.0,6,3,38.0,,17.0,5,7.0,6,6,4,6,,42.0,,,5,6,11.0,6,5,4,7.0,22.0,4,,23.0,6,,11.0,6,,,7,38.0,,5,19.0,,,12.0,,,6,,14.0,5,,6,2,5,6,5,29.0,8.0,5,27.0,,5,14.0,4,5,6,,,5,5,5,4,5,5,5,,5.0,5,6,,6,12.0,13.0,6,5,,5,,,5,7,,,16.0,5,23.0,45.0,16.0,4,23.0,34.0,5,7,6,,10.0,,10.0,8,6,6,,6,24.0,,5,34.0,,19.0,5.0,6,7,45.0,9.0,11.0,34.0,6,4,14.0,6,26.0,5,10.0,6,14.0,7.0,,5,38.0,,,18.0,,14.0,4,4,7.0,,,14.0,6,6,,5,8.0,6,5.0,19.0,,,,15.0,6,,17.0,6,7.0,,12.0,,,,5,6,12.0,,,7.0,44.0,24.0,,18.0,3.0,,,6,,,,22.0,,,7.0,28.0,34.0,16.0,10.0,,6,7,8.0,5.0,,4,6,6.0,4,5,28.0,6,6,24.0,6,18.0,3,33.0,5,6,,11.0,5,,5,,,,5,6.0,,,8.0,,10.0,11.0,5,,,,,5,,5,,,15.0,3,22.0,,18.0,8.0,4,5.0,,4,6,,,,,5.0,30.0,12.0,,7.0,20.0,,6,18.0,34.0,,,10.0,11.0,,5,,14.0,6,,26.0,6,,,11.0,,12.0,5,12.0,,7.0,5,,19.0,,5,,,24.0,,19.0,9.0,6,5,30.0,,,17.0,6,5,,,5,4,6,33.0,5,6,,6,6,6,7,,8,5,6,4,7,14.0,33.0,5,22.0,,21.0,36.0,,42.0,,,39.0,,36.0,,4,3,26.0,28.0,6,27.0,5.0,6,13.0,9.0,0.0,,,,5,,,,,42.0,23.0,43.0,5,16.0,,4.0,,5,8.0,7.0,,9.0,5,,15.0,12.0,,,6,,,5,18.0,,,,,,30.0,,,21.0,7,,,,196,10
9,8,8,8,8,8,8,9,9,10,8,8,9,8,8,9,4,8,8,8,8,6,9,8,9,9,9,9,8,9,8,9,9,9,9,8,8,9,9,9,9,8,6,11,8,9,8,8,8,10,10,8,8,8,9,9,9,9,8,9,9,7,8,7,7,8,9,9.0,8,8,9,10,10.0,9,8,9,0,9,0,8,8,7,7,8,8,9,7,8,9,8,9,9,9,8,9,9,8,10,9,9,9,9,10,9,9,7,8,7,9,,9.0,12.0,9,8,7,7,8,9,9,10,9,6,10,9,8,9,9,8,7,6,9,8,8,6,9,9,9,7,9,9,9,9,8,8,9,8,9,8,10,9,7,9,8,8,8,8,10,9,8,2,7,8,8,8,9,8,5,9,8,5,8,9,8,8,8,9,9,9,9,8,8,9,9,7,8,10,9,8,8,8,8,8,10,9,9,9,9,9,9,8,9,8,12.0,8,9,9,9,9,8,8,7,8,6,10,8,6,9,9,8,9,9,8,0,8,10,9,8,9,9,9,9,9,8,8,8,9,8,9,7,8,0,5,9,8,9,8,11,10,9,7,9,9,8,8,8,8,8,9,8,9,9,8,9,5,0,9,10,10,9,8,9,9,9,10,10,9,37.0,9,8,13.0,7,8,8,7,9,8,8,9,9,,8,9,9,10,9,8,8,10,10,9,8,8,9,8,9,9,8,9,8,9,9,9,9,10,8,,9,9,8,10,9,9,10,9,10,9,8,9,9,7,26.0,9,10,7,11,11,9,8,6,9,8,10,9,9,9,8,9,9,9.0,10,10,8,9,8,11,8,8,8,9,10,9,9,8,8,11.0,8,8,8,8,,9,8,9,9,10,7,9,8,9,9,9,9,36.0,29.0,0,10,24.0,9,9,9,9,9,10,8,9,8,10,9,,9,8,8,31.0,9,8,7,10,10,9,9,9,8,9,9,16.0,28.0,12.0,8,9,8,8,9,8,9,7,9,8,8,10,9,8,9,34.0,9,7,9,11.0,9,8,14.0,7,8,9,9,9,9,10,10,10,,8,11,10,8,16.0,9,36.0,9,8,7,8,10,9,,8,10,9,9,9,9,9,10,,8,8,28.0,15.0,10,8,,8,9,9,9,9,9,7,11,11,8,8,10,8,8,8,8,10,9,8,9,10,10,10,11,9,11,9,34.0,9,8,10,10,,8,10,9,11,11,7,9,9,10,31.0,10,,9,8,9,10,10,15.0,8,9,8,,20.0,9,9,14.0,,,9,9,8,7,9,8,9,8,9,8,9,8,18.0,19.0,10,20.0,9,11,14.0,9,,9,9,9,11,10,27.0,9,9,10,9,9,10,,10,9,9,,10,9,10,,16.0,10,8,10,9,8,9,10.0,10,9,13.0,,12.0,9,,9,8,8,9,,9.0,,,9,10,15.0,10,9,9,16.0,19.0,8,10.0,28.0,11,12.0,,10,,13.0,11,,,10,18.0,,,23.0,19.0,,10,,,9,,10,9,9,9,9,14.0,28.0,9,17.0,,10,13.0,9,9,10,,,9,9,9,10,9,9,9,,38.0,9,10,,10,21.0,,10,9,,9,,12.0,9,8,11.0,,15.0,9,30.0,,13.0,9,,15.0,9,10,10,,19.0,,12.0,11,10,10,10.0,9,,,9,23.0,,35.0,12.0,10,11,,22.0,16.0,8.0,9,9,30.0,9,,9,15.0,10,39.0,13.0,,9,14.0,29.0,9.0,22.0,,31.0,8,8,39.0,,30.0,9.0,10,10,,7,13.0,10,31.0,17.0,,,,,10,34.0,10.0,10,11.0,,36.0,,,,10,10,,36.0,,39.0,21.0,12.0,,14.0,10.0,,,10,,,,15.0,29.0,,,,35.0,12.0,38.0,28.0,10,11,12.0,10.0,41.0,9,10,20.0,9,9,,10,10,35.0,8,30.0,7,,10,10,,,10,,0,20.0,,,9,11.0,,27.0,,,18.0,10.0,9,32.0,19.0,32.0,16.0,9,,9,36.0,20.0,14.0,9,37.0,,18.0,,8,14.0,,8,9,,,,,15.0,29.0,,12.0,33.0,,,10,15.0,18.0,,,,35.0,,9,,26.0,9,,13.0,10,,,20.0,,24.0,9,38.0,,23.0,8,,37.0,,9,,,17.0,,10.0,19.0,11,10,14.0,,,31.0,10,9,,,10,9,10,,10,10,16.0,9,9,10,11,,12,10,0,8,11,,21.0,10,14.0,,26.0,17.0,,14.0,,,15.0,,25.0,,9,9,27.0,10.0,10,,41.0,10,28.0,16.0,,,0.0,,8,34.0,,,28.0,15.0,,27.0,9,28.0,,,,9,15.0,,13.0,14.0,9,,,,,23.0,10,0.0,15.0,10,36.0,,,,,,41.0,,,25.0,11,,,,197,10
5,4,4,4,4,4,4,4,4,5,4,4,4,4,4,4,4,3,4,0,4,3,5,4,5,5,5,5,4,4,4,4,5,5,4,4,4,5,5,5,5,4,4,3,3,4,4,5,5,6,6,4,5,2,5,5,5,5,4,5,5,0,3,3,3,4,5,6.0,4,4,5,6,27.0,5,4,5,5,4,4,4,4,1,3,4,4,5,3,1,5,4,5,5,5,4,5,4,4,6,5,4,5,5,6,4,5,3,3,3,4,33.0,7.0,33.0,5,4,3,2,4,5,5,6,5,3,5,5,4,5,5,4,2,3,5,4,2,4,5,5,5,4,5,4,5,4,3,4,5,4,5,4,6,4,5,5,4,4,4,1,5,3,4,5,2,4,4,4,4,4,3,4,4,4,4,5,4,4,4,6,5,5,5,4,4,4,5,3,2,6,5,4,4,4,4,4,6,5,5,5,5,5,5,4,5,4,14.0,4,5,5,3,5,4,4,4,4,3,5,4,4,5,5,4,5,5,4,2,4,5,5,4,5,5,5,4,5,0,4,4,5,4,5,5,6,5,5,5,5,5,4,6,6,5,3,5,5,4,4,4,4,3,5,3,5,5,5,5,4,4,3,5,0,5,1,5,4,5,5,5,5,,5,4,20.0,3,4,3,3,5,4,5,5,4,11.0,4,5,5,5,5,4,3,4,6,5,4,3,5,4,5,5,4,5,4,5,4,5,5,5,4,7.0,5,5,4,6,4,4,6,5,5,5,4,5,5,3,6.0,5,5,3,6,6,5,5,4,3,4,6,4,5,6,5,5,5,6.0,5,5,4,5,4,7,4,4,4,2,5,5,4,4,4,12.0,4,4,2,4,6.0,5,0,4,4,5,4,4,4,5,3,4,5,,4.0,5,5,36.0,5,5,5,5,5,5,4,5,4,5,5,,5,4,3,18.0,5,0,3,5,5,5,5,5,4,5,5,12.0,0.0,,4,4,4,3,4,3,5,3,5,4,4,5,5,4,5,8.0,5,2,6,6.0,5,4,19.0,4,4,5,5,5,0,5,5,5,,4,6,5,4,,5,6.0,5,4,4,4,6,5,,4,4,5,0,5,5,4,5,31.0,2,4,8.0,16.0,6,4,34.0,4,5,5,5,5,5,4,6,6,4,4,5,4,4,4,4,5,5,4,1,5,6,3,5,4,6,4,15.0,4,4,5,5,29.0,4,6,5,7,7,4,5,4,6,31.0,6,,5,4,5,6,5,20.0,4,5,3,8.0,13.0,3,4,24.0,20.0,8.0,5,5,4,4,5,4,5,4,4,4,5,5,28.0,12.0,5,5.0,5,5,23.0,4,,5,5,5,7,6,15.0,4,5,5,5,4,5,18.0,6,3,5,,6,3,5,,6.0,7,5,6,5,4,5,5.0,6,5,,,9.0,5,19.0,6,6,4,5,,5.0,,,3,5,11.0,6,5,4,14.0,22.0,4,6.0,13.0,7,13.0,35.0,5,,14.0,6,,,6,33.0,18.0,16.0,29.0,,,6,,24.0,5,,6,4,4,6,5,10.0,,5,5.0,,4,,5,5,6,,,5,5,5,6,5,5,5,,30.0,5,5,,6,16.0,9.0,6,5,0.0,5,8.0,17.0,5,4,,,6.0,5,32.0,,36.0,5,,13.0,5,6,5,,26.0,,6.0,8,5,5,5.0,5,27.0,30.0,5,8.0,,11.0,29.0,6,6,,25.0,5.0,11.0,5,5,19.0,6,,5,7.0,5,6.0,10.0,,5,22.0,,10.0,20.0,30.0,26.0,4,3,29.0,,32.0,,6,5,,5,,6,21.0,,,,,24.0,5,,12.0,6,15.0,,29.0,,,,5,6,,21.0,,10.0,25.0,28.0,,,,,,6,,19.0,,6.0,,,30.0,7.0,14.0,,6.0,17.0,6,6,7.0,35.0,34.0,5,3,,5,5,11.0,6,6,,5,,4,8.0,5,6,,8.0,6,,4,10.0,,,5,29.0,,17.0,,,10.0,,4,29.0,23.0,,34.0,5,,5,,11.0,24.0,5,12.0,,28.0,,4,5.0,,4,6,,,,,14.0,5.0,25.0,,37.0,37.0,,6,23.0,11.0,,,15.0,20.0,,5,,17.0,6,,,6,9.0,,,,,3,7.0,,,4,,6.0,,5,,,,,6.0,14.0,6,5,18.0,,,16.0,5,5,,,5,3,6,32.0,6,3,,6,6,6,7,,7,7,6,4,6,35.0,23.0,5,,,,29.0,,,,,14.0,,,,5,5,7.0,7.0,6,,8.0,4,8.0,23.0,,,,32.0,4,21.0,,11.0,,16.0,6.0,6.0,5,15.0,,16.0,,5,,12.0,,,6,,32.0,10.0,,23.0,6,,6.0,6,11.0,,,,,,32.0,,,10.0,6,,,,198,10
6,0,4,6,5,6,5,7,7,8,7,7,7,6,7,7,6,6,5,7,6,6,7,5,6,7,8,7,6,7,6,7,7,7,8,7,7,8,7,7,7,6,6,10,6,7,6,7,7,8,6,7,8,7,6,6,6,6,5,4,7,7,4,5,5,7,7,12.0,7,6,7,7,,8,7,8,8,7,7,7,6,6,6,6,1,7,6,5,6,6,7,7,7,7,7,7,6,8,7,7,7,7,5,7,8,6,6,6,7,8.0,19.0,12.0,8,7,6,6,7,7,7,9,8,5,8,7,7,7,6,7,6,4,7,6,6,6,7,7,7,5,6,7,0,7,6,7,7,6,7,6,8,8,7,7,6,6,6,4,8,7,6,7,5,7,6,6,6,6,6,6,7,6,6,6,6,6,5,8,8,7,8,6,6,7,8,6,6,8,7,6,7,6,7,7,7,6,6,6,7,7,7,7,8,6,8.0,7,7,8,7,7,0,6,6,1,6,8,7,6,7,2,7,8,8,7,7,7,8,7,7,8,7,7,7,7,6,5,7,7,6,7,7,8,7,8,7,6,7,7,9,9,8,5,8,7,6,7,6,6,6,8,7,8,8,7,8,7,8,8,8,9,7,6,8,5,7,7,8,8,20.0,8,7,,6,6,6,6,7,5,6,7,7,16.0,7,7,7,8,8,7,7,8,8,7,7,6,7,6,7,5,7,8,7,7,6,7,7,8,7,17.0,6,8,7,8,8,8,7,6,8,7,7,7,8,6,16.0,8,9,5,8,8,7,7,7,7,6,7,7,8,9,8,7,8,17.0,8,8,7,8,7,9,6,7,7,8,8,7,7,6,6,,6,6,6,7,,8,6,7,5,9,7,7,7,8,7,8,8,32.0,27.0,8,7,29.0,8,8,8,8,8,8,6,8,7,9,8,30.0,8,7,7,25.0,8,6,6,8,8,0,5,8,4,3,8,18.0,33.0,20.0,7,5,6,6,7,7,7,6,8,7,6,8,7,6,7,0.0,7,5,9,8.0,8,7,21.0,7,4,8,7,8,7,8,8,7,,7,9,8,7,15.0,7,26.0,8,7,7,7,8,7,,7,8,0,7,7,8,8,8,15.0,5,6,13.0,16.0,8,7,11.0,7,6,7,7,8,8,7,9,9,4,7,8,5,6,6,6,8,8,7,8,9,9,9,9,7,10,6,,7,7,8,8,,7,9,7,8,8,6,7,6,9,32.0,8,,8,7,6,9,8,23.0,7,7,6,36.0,12.0,8,7,,13.0,15.0,5,8,7,7,7,6,8,7,7,7,7,6,22.0,11.0,8,,6,10,11.0,7,,8,8,7,9,9,27.0,7,8,9,6,7,8,37.0,9,7,8,,8,7,7,,29.0,10,6,7,8,7,7,24.0,8,7,24.0,,10.0,8,32.0,6,9,7,8,,,,,6,8,,7,7,4,27.0,34.0,6,,14.0,9,26.0,23.0,8,,19.0,9,5.0,,8,27.0,,,12.0,39.0,,7,,9.0,7,13.0,8,7,7,8,6,13.0,17.0,8,13.0,,7,27.0,3,7,9,,,7,7,8,8,6,8,6,,7.0,7,8,,9,12.0,19.0,8,8,,8,33.0,23.0,3,9,30.0,,25.0,7,,,16.0,7,7.0,24.0,6,9,8,,,,7.0,9,8,8,,8,31.0,,7,,,14.0,8.0,9,9,14.0,19.0,19.0,0.0,8,5,28.0,7,12.0,8,12.0,8,7.0,,,6,,33.0,,25.0,,,7,7,,,20.0,31.0,8,7,,8,,8,16.0,22.0,,,,,8,9.0,11.0,8,12.0,,18.0,,,,8,8,26.0,10.0,,33.0,21.0,9.0,,12.0,29.0,,,9,,,,14.0,,,21.0,24.0,,31.0,36.0,38.0,7,8,,16.0,10.0,6,8,28.0,6,8,9.0,7,8,27.0,8,,4,,8,9,,32.0,6,,7,12.0,,,6,18.0,,,0.0,,16.0,,8,35.0,24.0,,11.0,6,,8,,31.0,10.0,8,23.0,,27.0,8.0,6,26.0,,6,8,,,,,23.0,,8.0,23.0,20.0,34.0,,8,15.0,26.0,,,23.0,20.0,,6,,18.0,8,,32.0,8,,,8.0,,,8,18.0,,16.0,7,,23.0,,8,,,39.0,,32.0,18.0,9,8,23.0,,33.0,8.0,9,8,,,8,8,9,39.0,7,8,18.0,7,8,8,9,,9,8,8,6,9,35.0,29.0,8,,,,13.0,,18.0,,,28.0,,12.0,,7,7,39.0,,8,13.0,,8,31.0,7.0,,,,0.0,7,,,22.0,,8.0,25.0,27.0,7,17.0,,31.0,,8,24.0,38.0,16.0,,8,,,,,9.0,9,,18.0,7,15.0,,,,,,,,,0.0,8,,,,199,10
