0,1,2,3,4,5,6,7,8,9,10,11,12,13,14,15,16,17,18,19,20,21,22,23,24,25,26,27,28,29,30,31,32,33,34,35,36,37,38,39,40,41,42,43,44,45,46,47,48,49,50,51,52,53,54,55,56,57,58,59,60,61,62,63,64,65,66,67,68,69,70,71,72,73,74,75,76,77,78,79,80,81,82,83,84,85,86,87,88,89,90,91,92,93,94,95,96,97,98,99,100,101,102,103,104,105,106,107,108,109,110,111,112,113,114,115,116,117,118,119,120,121,122,123,124,125,126,127,128,129,130,131,132,133,134,135,136,137,138,139,140,141,142,143,144,145,146,147,148,149,150,151,152,153,154,155,156,157,158,159,160,161,162,163,164,165,166,167,168,169,170,171,172,173,174,175,176,177,178,179,180,181,182,183,184,185,186,187,188,189,190,191,192,193,194,195,196,197,198,199,200,201,202,203,204,205,206,207,208,209,210,211,212,213,214,215,216,217,218,219,220,221,222,223,224,225,226,227,228,229,230,231,232,233,234,235,236,237,238,239,240,241,242,243,244,245,246,247,248,249,250,251,252,253,254,255,256,257,258,259,260,261,262,263,264,265,266,267,268,269,270,271,272,273,274,275,276,277,278,279,280,281,282,283,284,285,286,287,288,289,290,291,292,293,294,295,296,297,298,299,300,301,302,303,304,305,306,307,308,309,310,311,312,313,314,315,316,317,318,319,320,321,322,323,324,325,326,327,328,329,330,331,332,333,334,335,336,337,338,339,340,341,342,343,344,345,346,347,348,349,350,351,352,353,354,355,356,357,358,359,360,361,362,363,364,365,366,367,368,369,370,371,372,373,374,375,376,377,378,379,380,381,382,383,384,385,386,387,388,389,390,391,392,393,394,395,396,397,398,399,400,401,402,seed,complex_param,EPH,corr
5,5,6,5,4,6,6,6,6,6,5,5,6,5,6,6,6,7.0,7,5,1,5,6,7,6,6,5,6,6,6,5,5,6,7,6,5,6,7,5,6,2,6,6,6,,6,5,4,6,6,,6,5,,6,5,6,5,5,0,5,6,7.0,6,,0,,6,1,,3,4,7,7,6,5,6,7,0,6,4,6,5,6,6,6,6,5,7,6,6,2,7.0,6,,4,5,6,6,6,5,5,5,6,5,6,7.0,7,6,6,6,6,6,5,7.0,6,6,6,2,7,7.0,7.0,6,5,5,6,6,6,7,6,6,5,7.0,7.0,6,6,7,7.0,6,7,6,5,0,6,6,6,6,,6,7.0,6.0,,5,,6,6,3.0,6,7,4,6,6,6,5,6,6,,,5,6,2,7.0,4,3,7,7.0,7,6,7.0,6,6,2,7.0,6,5,6,6,6,7,6,4,2,5,5,6,6,6,4,0,0,7.0,6,5,6,,5,6,6,4,6,6,6,7.0,,1,6,6,7,5,6,1,6,5,3,6,,7.0,6,7.0,,0.0,6,6,7,3,6,7.0,5.0,7.0,5,6,2,6,5,6,7,6,5,6,7,,6,3,6,7.0,7,7.0,6,5,6,6,7.0,5,,6,6,6,7,6,6,7.0,6,6,7.0,6,6,5,7.0,7.0,,2,6,6,,6,6,1,5,6,6,5,5,6,6,6,0,7,0.0,,5,7,6,6,,7,6,7.0,6,6,,6,7.0,,6,,6,6,7,7,6,6,7.0,7,4,5,7,6,0.0,6,,6,5,6,6,6,,7.0,6,7.0,7.0,5,4,6,6,6,6,7.0,6,6,6,6,6,6,7,6,6,5,5,,2,6,,3,5,6,6,5,7.0,,5,6,6,5,6,7,6,6,4.0,,6,4,7.0,,7.0,,7.0,6,6,6,7,,,,6,,7,,,6,6,7,7.0,,0,13,2.0093443858327054,-0.6186401626162616
4,3,5,4,4,5,5,5,5,5,4,5,5,5,6,5,5,6.0,6,4,4,5,3,5,5,1,4,4,5,0,4,3,5,6,5,4,5,5,5,5,5,5,5,5,,5,5,5,5,5,6.0,1,4,,4,5,5,4,5,4,4,4,0.0,5,,5,,5,1,,3,4,6,5,5,2,5,6,5,5,3,5,1,4,5,5,5,4,3,5,6,4,0.0,5,,4,3,6,5,5,5,5,5,5,4,5,,6,4,2,5,5,5,4,6.0,4,5,5,5,6,6.0,5.0,5,4,4,5,5,5,6,4,6,1,6.0,6.0,6,5,6,6.0,3,4,5,4,3,5,5,5,0,,2,6.0,6.0,,4,,5,6,6.0,5,6,2,5,5,5,5,6,6,,,4,3,5,6.0,0,6,3,6.0,6,5,6.0,5,5,5,6.0,5,3,5,5,5,1,5,3,4,4,5,5,4,5,3,5,4,6.0,5,4,5,,2,3,4,5,5,5,5,6.0,,4,4,5,6,4,5,5,4,5,4,6,,,5,6.0,,,5,5,6,5,5,6.0,,0.0,5,5,5,5,2,3,6,5,4,4,6,,5,5,5,,6,2.0,5,5,4,5,6.0,5,,5,5,5,6,5,2,6.0,5,5,6.0,5,5,5,6.0,6.0,,5,5,6,,5,6,5,4,5,5,5,4,0,5,6,6,0,5.0,,4,6,5,4,,5,5,6.0,4,5,,6,6.0,,5,,5,4,6,1,6,5,6.0,5,5,5,6,5,6.0,5,5.0,5,4,6,5,5,,6.0,5,6.0,6.0,5,6,5,5,5,5,6.0,5,5,5,5,5,5,6,5,1,5,5,,2,0,,5,4,5,5,3,6.0,,5,6,5,5,5,0,4,5,6.0,,5,5,6.0,,6.0,,6.0,6,6,5,6,,,,5,,5,,,5,5,5,6.0,,1,13,1.8471129582900403,-0.6652057464184375
6,5,7,6,6,7,7,7,7,7,6,5,7,7,8,7,6,8.0,8,7,0,7,7,8,7,5,7,7,6,7,7,7,0,8,7,7,8,8,7,7,7,7,7,7,,7,7,7,7,6,8.0,7,6,,7,0,7,7,7,6,6,6,8.0,8,7.0,7,8.0,7,6,,7,6,6,8,7,6,7,0,7,7,4,6,6,2,7,6,4,6,5,7,4,6,8.0,4,,6,5,8,7,7,0,7,7,7,6,7,8.0,6,7,0,7,7,7,6,8.0,6,7,7,6,8,8.0,8.0,7,6,7,7,7,7,8,7,8,6,8.0,8.0,8,7,5,8.0,7,7,7,7,7,7,7,7,7,,7,,,,6,,7,8,8.0,8,8,6,0,8,7,7,8,8,7.0,,7,4,8,8.0,6,7,8,8.0,8,7,8.0,7,7,6,8.0,8,6,7,7,6,8,8,6,6,7,7,6,5,7,6,0,7,0.0,7,7,7,,7,7,3,7,7,8,7,8.0,,7,7,7,8,2,7,2,7,6,6,7,,6.0,8,1.0,,,7,7,8,7,7,8.0,,6.0,7,7,7,2,6,5,8,8,7,7,8,,7,7,7,8.0,8,7.0,7,7,7,7,8.0,5,,8,7,7,8,7,2,2.0,3,8,7.0,4,7,7,8.0,8.0,,8,7,8,,7,7,7,7,8,7,7,5,4,7,8,8,8,,,7,8,6,1,,8,7,5.0,7,7,,8,7.0,,7,,7,7,8,8,8,8,8.0,7,7,7,8,7,8.0,7,,7,7,8,7,7,,8.0,7,8.0,8.0,5,5,0,7,7,7,8.0,7,7,7,7,7,7,8,8,6,7,2,,7,6,,7,6,6,7,6,7.0,,6,7,1,7,7,7,6,8,8.0,,7,6,8.0,,8.0,,8.0,7,7,8,7,,,,7,,8,,,3,7,7,8.0,,2,13,2.1867515537365465,-0.5984960133292759
5,5,5,5,4,4,6,5,5,5,4,5,2,4,5,5,0,6.0,4,6,3,6,5,6,3,5,4,5,5,2,5,5,6,6,4,5,6,6,5,6,6,6,6,2,,5,5,6,5,6,,5,5,,5,6,6,6,5,5,5,5,,6,,6,,0,5,,4,3,3,6,6,4,6,6,6,5,4,5,5,5,6,2,5,5,6,6,1,4,,3,,5,2,5,0,5,5,6,4,6,4,0,6.0,2,5,6,5,6,6,5,6.0,4,6,6,5,6,,6.0,6,5,5,6,5,6,6,6,6,5,6.0,6.0,6,1,6,3.0,5,6,6,4,3,5,6,6,2,,6,6.0,,,5,,6,0,6.0,6,6,3,6,6,6,6,6,6,6.0,,5,6,6,,5,6,6,,6,6,,6,3,6,,6,5,6,5,5,6,6,4,5,2,4,6,5,5,4,5,5,,6,5,5,,5,6,5,6,0,5,6,,,5,6,6,6,5,5,6,2,3,1,6,,,6,,,,6,5,6,6,4,6.0,,6.0,0,6,6,5,5,5,6,6,5,6,6,,6,6,5,,6,6.0,3,6,5,5,,5,,5,6,6,6,6,6,5.0,6,6,5.0,4,5,5,,6.0,,6,1,6,,5,6,6,2,6,5,4,5,5,5,2,5,0,,6.0,5,6,6,5,,6,5,6.0,6,5,,6,,,1,,6,6,6,6,6,6,,6,5,6,6,6,0.0,6,5.0,6,5,6,6,5,4.0,6.0,6,,,5,6,6,6,3,6,5.0,0,5,6,5,6,6,6,6,5,6,5,,5,5,,6,4,5,6,5,6.0,,4,6,6,5,6,6,5,6,6.0,,5,5,,,6.0,,,2,6,6,6,,,,6,,6,,,6,6,6,,,3,13,1.9227299185098952,-0.5441127028262777
5,1,5,2,4,4,0,5,5,5,4,5,5,3,1,5,5,6.0,6,5,4,1,1,5,5,1,4,4,4,5,4,4,5,6,4,1,6,5,4,5,4,2,5,5,4.0,3,1,5,5,5,6.0,5,4,,5,5,5,5,5,4,5,0,5.0,5,,5,,5,4,,2,3,6,3,5,4,5,6,5,5,3,4,4,5,5,5,3,3,5,5,6,3,6.0,5,,4,4,5,5,5,0,5,4,5,4,5,6.0,6,5,5,5,5,5,4,4.0,4,4,5,5,6,6.0,6.0,5,4,4,5,5,5,2,5,6,4,6.0,6.0,6,5,6,6.0,4,5,5,4,2,5,5,5,5,,5,5.0,6.0,4.0,4,,5,3,4.0,5,5,4,4,3,5,5,5,5,,,4,5,5,3.0,4,5,5,5.0,5,4,6.0,5,5,5,6.0,5,0,5,5,5,5,4,4,4,5,5,2,5,5,2,5,4,6.0,3,4,5,,5,5,4,5,5,5,5,6.0,,4,5,5,6,3,5,5,5,4,4,6,,6.0,5,6.0,,,5,5,5,5,5,6.0,,6.0,4,5,5,4,4,3,6,5,3,1,6,,5,5,5,6.0,6,6.0,5,5,5,4,6.0,4,,5,4,5,5,4,5,6.0,2,5,5.0,0,5,4,6.0,6.0,,5,5,5,,4,5,5,3,5,5,4,0,4,5,5,5,5,3.0,6.0,4,6,5,5,,6,2,6.0,5,4,,5,6.0,0.0,5,,3,5,6,6,5,0,6.0,5,5,4,2,5,6.0,4,,5,5,0,5,5,,6.0,5,6.0,6.0,5,4,5,5,0,5,4.0,5,4,2,5,5,5,6,6,4,5,4,,5,4,,5,4,5,5,5,6.0,,5,5,5,5,5,2,5,5,6.0,5.0,5,5,6.0,,6.0,,6.0,6,6,5,6,,,,5,,6,,,5,5,5,6.0,,4,13,1.870524248375888,-0.5872592431852962
5,5,5,4,5,5,1,2,5,5,4,5,5,4,6,5,3,6.0,6,5,4,6,5,5,5,5,4,4,5,5,5,5,2,6,5,5,6,6,5,6,5,2,6,6,,5,5,5,5,0,,5,0,,5,3,5,5,1,4,4,5,4.0,6,,5,,6,5,,4,0,6,6,5,5,5,6,5,6,4,5,4,4,5,5,5,3,5,5,6,4,,3,,5,3,6,3,5,5,5,5,6,4,5,,6,5,5,5,5,5,5,,4,5,5,4,6,4.0,6.0,2,0,4,6,3,0,5,5,5,4,6.0,6.0,6,5,6,,5,6,5,4,6,5,5,6,5,,5,,,,5,6.0,5,6,6.0,6,6,4,6,6,5,5,6,6,6.0,4.0,5,5,6,6.0,4,6,6,6.0,6,6,6.0,5,5,5,,6,2,5,5,5,6,6,4,5,4,5,3,4,5,3,5,5,6.0,5,5,5,,3,5,6,5,6,6,3,6.0,,5,3,5,6,4,5,6,6,0,5,5,,,6,6.0,,,6,5,6,5,5,6.0,5.0,,5,6,5,5,5,6,6,6,4,6,6,,5,6,5,,6,6.0,5,5,1,3,6.0,1,,6,5,6,6,6,5,6.0,5,6,6.0,5,5,6,6.0,6.0,,6,5,0,,5,6,5,5,6,5,5,4,5,5,6,6,6,6.0,,5,6,5,5,,6,5,6.0,5,5,,2,5.0,,5,,4,5,6,6,6,6,0.0,6,5,5,6,6,6.0,5,0.0,6,5,5,5,5,,3.0,6,6.0,,2,4,6,5,5,6,6.0,6,6,6,1,5,6,6,6,4,5,5,,5,2,,5,0,5,6,4,6.0,,5,6,5,4,6,6,1,1,,,5,4,,,6.0,,6.0,6,6,6,6,,,,5,,6,,,5,5,5,6.0,,5,13,1.9256198347107438,-0.6217456000443257
5,3,5,3,4,5,5,5,5,5,4,5,5,0,5,5,5,6.0,6,4,3,5,5,6,5,5,4,5,4,5,5,4,5,5,2,4,6,5,5,5,5,5,5,6,,5,5,5,5,5,6.0,5,5,0.0,5,2,5,5,3,4,4,0,6.0,6,,5,6.0,5,5,,4,3,6,5,5,4,6,6,6,6,4,3,4,5,5,5,5,2,1,5,6,4,6.0,5,,4,4,6,1,5,5,5,4,5,4,5,,6,5,6,4,6,6,5,6.0,4,5,5,5,6,6.0,6.0,4,5,5,5,5,5,6,5,6,5,6.0,6.0,6,5,6,,1,6,5,4,6,5,5,6,4,,5,,,,5,,5,6,6.0,6,6,4,6,2,5,5,0,6,,,4,2,6,6.0,4,6,6,6.0,6,5,6.0,5,5,5,,5,4,5,5,5,6,6,2,5,0,5,5,5,4,3,5,4,6.0,5,3,5,5.0,5,5,5,5,3,6,3,6.0,,5,5,5,6,4,5,6,0,4,4,6,,,6,5.0,,,6,5,6,5,0,6.0,,6.0,5,6,5,5,5,1,6,5,4,5,6,,5,5,5,6.0,6,6.0,5,5,5,5,6.0,5,,6,5,5,6,3,5,6.0,5,6,6.0,5,5,5,6.0,6.0,,5,5,0,,5,6,5,0,5,4,4,4,5,5,5,6,5,,,5,4,5,5,,6,5,6.0,5,4,,6,6.0,,5,,5,5,6,6,6,5,6.0,6,6,4,6,5,6.0,5,,5,5,5,5,4,6.0,6.0,6,6.0,6.0,3,3,6,5,5,5,6.0,5,3,3,5,5,6,6,6,1,5,3,,5,2,,5,5,5,5,5,6.0,,5,5,5,5,5,0,4,6,,,5,5,6.0,,6.0,,6.0,6,6,6,6,,,,5,,1,5.0,,5,3,5,6.0,,6,13,1.8585782843431315,-0.6647941566156587
5,5,3,5,2,5,5,5,5,5,5,5,5,5,6,5,4,6.0,6,5,4,5,4,5,5,5,0,3,5,5,5,4,5,6,4,4,6,4,5,5,6,6,5,6,,5,5,5,5,3,6.0,5,4,,5,5,5,5,5,4,5,1,6.0,6,,6,,6,5,,5,2,6,6,5,3,6,6,3,5,0,5,4,5,5,5,5,4,5,6,6,4,,5,,4,4,6,0,5,5,5,5,6,4,5,,6,5,4,5,5,6,5,,2,5,5,5,6,6.0,6.0,6,5,5,5,4,5,6,4,1,4,6.0,5.0,6,5,6,,5,6,6,4,6,5,5,6,4,,5,,,,5,,5,6,6.0,6,6,4,6,6,5,3,6,6,,,5,1,6,6.0,4,6,6,5.0,6,6,6.0,5,5,4,,6,3,5,5,0,0,5,4,5,5,3,5,4,5,3,3,5,6.0,5,4,5,,5,5,5,4,5,6,1,6.0,,5,5,6,0,4,5,6,6,4,5,6,,,0,,,,5,5,6,5,6,6.0,,,5,5,5,5,5,6,6,3,4,6,6,,5,5,5,,6,6.0,2,5,5,5,6.0,5,,5,5,4,6,6,5,6.0,5,6,6.0,5,5,5,6.0,6.0,,5,2,6,,5,3,5,5,6,1,5,4,0,6,5,6,6,,,4,6,6,5,,6,6,6.0,5,5,,6,,,5,,5,5,6,6,6,6,6.0,6,5,5,6,5,6.0,5,,5,4,5,0,6,,6.0,6,6.0,,5,6,6,5,5,4,6.0,6,6,6,2,6,6,6,6,5,5,5,,4,3,,5,4,4,6,3,6.0,,5,6,5,5,5,6,5,6,6.0,,5,5,0.0,3.0,6.0,,6.0,6,6,6,6,,5.0,,5,,6,,,5,5,3,6.0,,7,13,1.8909009278659084,-0.6446033024418706
0,5,6,4,5,6,5,1,4,5,5,5,5,5,6,6,6,6.0,6,6,2,6,5,6,6,6,4,5,5,6,5,4,6,6,5,5,6,3,5,3,6,6,6,6,,6,5,6,5,6,5.0,5,5,6.0,5,5,6,5,2,0,5,2,7.0,6,,6,,6,4,,1,4,6,6,6,5,6,6,6,6,4,5,4,5,6,5,5,5,6,5,6,3,7.0,6,,0,5,0,6,6,6,6,5,2,3,6,7.0,2,5,4,6,6,6,5,7.0,5,5,6,5,6,7.0,6.0,6,5,5,0,6,6,6,6,6,5,7.0,7.0,6,3,1,7.0,5,6,6,4,6,5,6,6,6,,3,7.0,7.0,6.0,5,,6,6,7.0,6,6,5,5,6,6,6,6,1,7.0,,5,5,3,6.0,5,6,6,6.0,1,4,7.0,6,0,6,7.0,6,5,6,6,6,6,6,5,5,5,6,0,4,5,4,6,4,7.0,6,5,6,,5,6,6,6,6,0,6,7.0,,4,5,6,6,5,6,2,6,5,4,6,,7.0,6,7.0,,,6,3,6,6,5,7.0,,7.0,5,5,6,5,4,5,6,6,5,6,5,,6,6,5,7.0,6,7.0,6,5,5,6,7.0,5,,3,6,6,6,6,6,7.0,6,6,6.0,5,6,5,5.0,7.0,,5,6,6,,6,6,6,5,6,5,6,3,5,5,5,6,6,,7.0,5,3,2,5,,3,5,0.0,5,4,,6,7.0,,5,5.0,6,6,6,6,6,5,2.0,6,6,5,7,6,7.0,5,,6,5,6,6,6,,7.0,6,6.0,7.0,6,6,6,6,5,0,7.0,2,6,6,5,6,6,6,6,5,6,5,,5,5,,5,5,1,6,4,6.0,,4,4,6,5,3,6,5,6,7.0,,6,5,4.0,,6.0,,7.0,6,6,6,6,,,,6,,7,,,5,3,6,7.0,7.0,8,13,1.9764344262295082,-0.5900141811545391
6,5,0,2,5,6,6,6,6,2,5,6,6,5,6,3,6,0.0,0,6,5,6,6,6,6,6,4,6,6,6,3,5,0,7,5,5,7,6,6,7,6,6,6,7,,6,6,2,6,6,7.0,6,5,,6,5,6,0,6,5,5,6,7.0,5,,6,,6,6,,5,5,6,6,3,5,6,6,4,6,4,5,5,6,6,1,6,4,6,6,7,4,7.0,6,,0,5,7,6,0,6,6,6,7,5,5,7.0,7,6,6,6,6,6,6,,4,5,6,6,7,7.0,7.0,6,5,5,6,6,6,7,7,6,5,7.0,7.0,7,6,7,,1,7,6,5,7,6,7,7,6,,7,,7.0,,6,,6,7,7.0,6,6,6,3,6,6,6,3,7,,,6,6,7,7.0,5,7,7,7.0,7,7,7.0,7,6,4,,7,5,6,6,6,7,7,5,6,6,6,6,6,7,4,6,6,7.0,6,5,6,,6,6,5,6,7,6,6,7.0,,6,5,6,7,6,6,7,6,5,5,6,,2.0,6,5.0,,,6,6,7,6,6,7.0,,7.0,6,4,6,6,5,6,7,0,2,6,7,,5,6,6,6.0,6,7.0,6,6,6,6,7.0,5,,6,6,6,7,7,6,7.0,7,6,7.0,6,6,6,7.0,7.0,,7,6,6,,6,7,6,6,7,6,6,3,4,6,7,7,6,,0.0,5,7,6,5,,7,6,7.0,0,6,,6,7.0,,6,,6,3,7,7,7,7,7.0,7,7,6,7,6,7.0,2,,6,6,6,6,6,,7.0,7,7.0,7.0,5,5,7,6,6,6,7.0,7,7,7,6,6,7,7,7,5,6,6,,2,5,,6,5,6,6,6,7.0,,6,7,6,6,6,4,5,7,,,6,6,7.0,,7.0,,7.0,7,7,7,7,,,,2,,7,,,6,6,6,7.0,,9,13,1.9545926695355393,-0.6292640304009921
6,7,7,5,6,7,7,4,6,7,7,7,7,6,7,7,7,8.0,8,7,5,6,7,8,7,6,6,7,7,7,1,2,7,8,6,6,7,7,7,7,7,3,7,7,7.0,7,7,7,7,7,8.0,7,6,,7,7,0,7,7,6,6,6,8.0,5,,7,,7,6,,6,5,8,7,7,6,1,8,7,7,5,0,5,7,7,6,4,6,7,7,8,5,8.0,7,,6,6,7,6,7,7,7,6,7,5,7,8.0,8,7,7,0,0,7,6,8.0,6,7,7,7,8,7.0,7.0,3,6,6,7,7,7,7,7,8,6,8.0,8.0,8,7,7,8.0,6,3,7,6,8,6,7,3,7,,7,8.0,8.0,,6,8.0,7,8,8.0,7,8,3,7,8,7,7,5,8,,,7,7,7,8.0,6,8,8,8.0,8,8,6.0,7,7,7,8.0,7,5,5,7,7,8,4,5,6,6,7,0,0,7,5,7,6,8.0,7,7,7,8.0,7,7,7,7,7,0,7,8.0,8.0,6,6,7,7,6,7,8,7,6,6,7,,8.0,7,8.0,4.0,,7,7,7,7,7,8.0,,8.0,6,7,7,7,7,7,7,7,6,7,8,,7,7,7,6.0,7,8.0,7,7,7,7,8.0,2,,7,3,6,8,7,7,0.0,7,7,8.0,7,7,6,8.0,8.0,,7,7,7,,7,7,7,6,7,6,7,0,4,7,7,8,7,,,6,8,7,6,,7,7,5.0,7,7,,7,8.0,,7,,5,7,8,8,8,7,8.0,7,8,4,8,7,8.0,7,,7,7,7,4,7,,8.0,8,8.0,8.0,7,7,7,7,7,7,8.0,7,7,7,5,7,7,7,7,7,7,7,,6,6,,7,6,6,7,6,8.0,,7,7,7,7,7,7,6,7,8.0,,7,2,8.0,0.0,6.0,,8.0,8,8,8,8,,,,7,,8,,,6,4,4,8.0,,10,13,2.110028914929234,-0.6312670222935708
5,6,6,5,5,6,6,6,5,5,5,5,5,1,6,6,2,2.0,6,5,0,6,6,7,6,5,5,5,6,5,6,5,5,6,5,5,6,2,5,6,6,6,3,6,,6,5,6,1,3,7.0,6,5,,6,6,6,3,6,5,0,6,7.0,6,,6,,6,5,7.0,5,4,6,5,6,5,6,6,6,6,4,5,5,6,4,5,6,5,6,6,6,4,7.0,6,,5,3,6,5,4,6,6,5,6,4,5,7.0,7,4,6,6,6,6,6,7.0,5,5,6,6,6,7.0,6.0,6,5,5,6,6,6,6,6,6,5,7.0,6.0,6,6,7,7.0,6,7,6,5,6,6,6,6,6,,6,7.0,7.0,,5,,6,7,7.0,6,7,5,6,6,6,6,0,2,,,5,6,7,7.0,1,7,7,7.0,7,6,7.0,5,6,3,7.0,6,2,6,5,6,7,6,4,5,5,5,6,6,6,3,6,4,7.0,6,5,6,,0,6,6,5,6,6,6,7.0,,5,6,6,4,5,6,1,6,5,5,6,,7.0,6,7.0,,,5,5,7,6,6,6.0,,7.0,5,6,6,6,4,6,7,6,4,6,7,,5,6,3,7.0,6,7.0,0,5,5,6,6.0,5,,6,6,6,0,6,2,5.0,6,6,2.0,5,6,6,7.0,7.0,,6,6,6,,6,6,5,6,6,5,5,1,5,6,6,3,6,,,5,7,6,0,,6,5,7.0,6,6,7.0,6,4.0,,6,,6,6,7,7,6,6,7.0,6,6,5,7,6,7.0,6,0.0,6,5,6,6,4,,7.0,6,7.0,7.0,6,6,6,6,6,6,7.0,6,6,6,2,6,6,6,6,3,6,5,,5,5,0.0,6,4,5,4,4,6.0,,1,6,5,5,6,7,6,5,7.0,,6,5,7.0,,7.0,,7.0,6,6,6,7,,,,6,,6,0.0,,6,5,6,7.0,7.0,11,13,2.035275175644028,-0.6191540453237623
5,0,4,5,1,6,0,6,4,5,5,5,5,5,6,6,5,6.0,7,5,2,0,6,6,5,6,5,5,5,5,5,5,6,6,5,0,5,6,6,0,6,6,6,5,,6,5,6,6,6,7.0,6,4,,3,5,6,6,6,5,5,5,7.0,6,,6,,6,5,,1,4,6,6,6,5,6,5,6,6,4,6,4,5,6,5,5,0,6,6,7,4,7.0,6,,5,5,6,5,6,5,2,5,6,4,6,,7,5,6,5,6,6,5,7.0,5,6,6,6,6,7.0,6.0,6,6,5,5,3,2,6,6,6,5,7.0,4.0,6,6,7,7.0,5,6,6,5,6,5,6,6,6,,6,0.0,7.0,7.0,1,,6,7,7.0,6,7,5,3,6,6,6,6,6,7.0,,4,6,2,4.0,5,6,6,7.0,6,6,6.0,3,5,5,7.0,6,5,6,5,6,6,6,5,5,5,5,6,4,6,3,6,0,0.0,6,5,6,7.0,6,4,6,6,6,1,6,7.0,,5,6,6,6,5,6,1,6,5,5,6,,7.0,6,7.0,,,6,6,6,5,2,7.0,,7.0,3,6,6,6,5,6,7,6,4,6,6,,6,6,6,7.0,7,7.0,4,5,6,6,7.0,5,,6,6,6,7,6,6,7.0,6,6,6.0,6,6,5,6.0,7.0,,6,3,6,,6,6,6,5,6,5,5,4,5,6,6,6,6,,7.0,5,6,5,6,,6,6,7.0,6,6,,6,7.0,,6,,2,6,7,6,6,6,7.0,6,6,6,7,6,7.0,6,,6,5,6,6,5,,7.0,6,7.0,7.0,2,6,6,3,6,6,7.0,6,6,2,2,6,6,6,6,5,6,6,,6,5,,6,5,6,6,5,3.0,,6,6,6,6,6,6,5,6,6.0,,5,5,0.0,6.0,7.0,4.0,2.0,5,6,3,7,,,,6,,5,,,6,6,6,7.0,7.0,12,13,2.0343488649940262,-0.5954170510968052
8,9,9,7,8,9,8,0,8,8,5,8,3,6,8,9,7,6.0,4,9,7,9,3,6,9,2,7,8,8,9,9,8,9,10,8,8,9,9,8,9,9,9,8,9,,9,9,9,9,9,10.0,9,8,,9,8,8,9,5,8,8,9,10.0,9,,9,0.0,9,8,0.0,8,7,9,9,8,8,0,9,9,9,8,7,7,5,9,8,8,8,9,9,9,2,6.0,9,,8,8,9,9,9,9,9,9,9,8,9,5.0,9,8,5,9,9,9,9,10.0,8,8,9,8,0,10.0,7.0,9,7,6,9,8,9,10,5,10,7,8.0,10.0,9,8,9,10.0,9,9,8,8,9,8,9,9,9,,9,10.0,3.0,10.0,9,9.0,7,10,10.0,9,9,8,10,9,6,0,9,9,10.0,,8,0,9,10.0,8,9,9,9.0,3,9,10.0,5,8,9,10.0,10,8,9,9,8,10,9,7,8,8,9,9,8,8,6,9,7,10.0,9,8,9,,8,9,3,9,9,9,9,10.0,,9,1,9,9,8,9,9,9,8,8,9,,10.0,9,10.0,,,8,8,9,0,9,10.0,,10.0,9,4,9,8,8,9,9,9,8,9,10,,7,9,9,10.0,9,10.0,9,9,8,9,10.0,8,9.0,9,9,9,9,9,9,0.0,9,9,9.0,6,9,9,10.0,7.0,,9,9,9,,9,9,9,8,9,8,9,9,8,9,9,9,10,,,8,10,9,8,8.0,9,5,10.0,8,6,,9,9.0,2.0,8,,9,9,7,10,7,9,9.0,9,8,8,5,9,9.0,8,,9,7,9,9,8,0.0,10.0,9,9.0,10.0,9,9,9,9,3,5,7.0,9,5,9,9,9,9,9,9,9,9,8,,8,9,,9,9,7,9,8,9.0,8.0,8,8,9,8,9,8,9,9,10.0,,9,9,10.0,,10.0,,10.0,9,9,9,9,,,,9,,9,8.0,,6,9,9,10.0,,13,13,2.256913470115968,-0.48943507323401
6,0,6,3,5,6,6,6,6,6,5,6,5,6,0,6,3,7.0,7,6,3,6,6,7,6,6,5,5,5,6,6,5,3,7,6,5,7,6,6,6,4,6,2,6,,6,6,6,6,6,7.0,6,5,,6,6,6,6,4,1,0,5,7.0,7,,6,,7,6,,5,5,7,6,6,5,6,6,3,7,4,5,4,6,7,6,6,4,6,6,7,4,7.0,6,,4,5,7,6,6,6,6,6,6,4,6,7.0,6,5,2,5,6,6,6,7.0,5,2,6,6,7,7.0,3.0,7,5,6,6,5,6,7,6,7,0,7.0,7.0,7,6,7,,5,7,6,5,6,5,6,7,6,,6,,7.0,,6,,6,7,7.0,7,7,6,7,7,6,6,7,7,,,5,6,7,7.0,5,7,7,7.0,7,7,7.0,6,6,6,,3,5,0,6,6,7,7,5,5,6,6,6,6,7,4,6,5,7.0,6,5,6,7.0,6,3,5,6,7,7,6,7.0,,5,6,6,7,6,6,7,6,6,6,7,,,6,7.0,,,6,6,4,6,6,7.0,,6.0,6,6,6,6,6,5,4,6,1,6,7,,4,6,6,7.0,7,7.0,6,6,6,6,7.0,5,,4,6,6,7,6,6,0.0,6,6,7.0,6,6,6,7.0,7.0,,0,6,6,,6,7,6,6,7,6,6,5,6,6,7,6,7,,,5,7,6,6,,7,6,7.0,6,5,,6,7.0,,6,,6,5,7,7,7,6,7.0,7,6,4,7,6,7.0,6,,6,6,6,6,6,,7.0,1,7.0,7.0,5,7,6,6,6,6,7.0,6,2,7,6,6,6,7,6,5,6,0,,5,6,,6,5,5,6,5,7.0,,5,6,0,5,6,6,2,7,7.0,,2,6,7.0,,7.0,,4.0,6,7,5,7,,,,6,,6,0.0,5.0,6,2,6,7.0,,14,13,2.0103200717918037,-0.6465753389227542
6,6,7,6,5,7,7,7,7,7,6,7,6,7,7,7,7,8.0,8,7,1,0,7,7,7,1,2,7,2,3,7,6,7,8,6,6,7,7,7,7,7,8,7,7,,7,7,7,6,7,8.0,7,7,,7,7,7,7,7,6,6,6,8.0,8,,7,,0,6,,6,5,5,7,7,6,7,7,7,8,4,2,6,7,7,6,6,5,7,7,8,6,8.0,7,,5,6,7,7,6,7,5,6,7,6,7,,8,7,7,0,5,3,6,8.0,6,6,6,3,8,8.0,8.0,8,7,7,0,7,7,7,3,8,6,2.0,8.0,8,6,8,8.0,7,7,7,6,8,6,7,7,7,,7,8.0,8.0,,7,,7,8,8.0,8,8,5,8,8,7,4,7,8,,,6,7,7,8.0,6,8,1,8.0,8,7,8.0,7,7,7,8.0,7,4,7,7,6,8,7,6,6,6,7,7,7,7,6,8,6,8.0,7,0,7,8.0,7,7,7,7,7,7,7,8.0,,0,6,7,8,6,7,7,5,7,7,5,,8.0,8,8.0,,,7,7,8,7,7,8.0,,8.0,0,7,0,7,7,7,8,7,6,7,8,,5,7,3,8.0,8,8.0,7,6,7,7,8.0,6,,8,7,7,6,7,7,8.0,7,7,7.0,7,7,7,8.0,8.0,,7,4,8,,7,8,7,7,7,7,7,6,0,7,0,8,7,,,6,8,7,7,,8,7,6.0,7,7,,7,8.0,,7,,7,7,8,8,7,7,8.0,5,7,7,8,7,8.0,7,,7,7,7,7,7,,8.0,7,8.0,8.0,5,7,7,7,6,7,8.0,7,7,7,7,7,2,8,7,6,7,7,,7,5,,6,6,7,7,6,8.0,,1,7,7,7,7,7,6,7,8.0,,7,7,8.0,,8.0,,8.0,6,8,7,8,,,,7,,7,,,1,7,7,8.0,7.0,15,13,2.3181201988251234,-0.6830014453047205
5,5,6,4,1,4,5,4,5,5,5,5,5,5,6,6,5,6.0,6,6,4,6,5,6,3,5,0,5,5,6,6,2,5,6,5,5,6,6,5,6,6,6,6,6,3.0,4,6,6,4,6,7.0,6,4,,5,5,5,5,5,5,5,5,6.0,6,,6,,5,5,,5,4,4,6,3,5,0,6,6,6,4,5,5,5,6,5,5,4,5,3,6,4,7.0,6,,5,5,6,6,5,5,6,3,0,5,5,7.0,6,5,6,1,6,6,5,7.0,5,6,6,2,6,7.0,4.0,6,5,2,5,6,3,6,6,6,5,0.0,7.0,6,0,6,7.0,5,5,6,2,6,5,6,3,6,,6,7.0,7.0,,5,,0,6,1.0,6,6,4,6,6,5,3,6,6,7.0,,4,4,6,7.0,5,6,6,6.0,6,3,7.0,6,5,6,7.0,6,5,6,5,5,6,6,5,5,5,5,5,5,6,4,6,5,7.0,2,5,6,,6,6,5,5,6,6,6,7.0,,5,5,6,6,4,5,6,6,5,4,6,,7.0,6,6.0,,0.0,6,5,6,5,5,7.0,,7.0,5,0,6,5,5,6,6,6,4,6,6,7.0,6,6,6,7.0,4,7.0,3,6,5,6,6.0,5,,6,5,6,6,5,6,6.0,1,6,6.0,5,6,5,7.0,6.0,,5,6,6,,6,6,6,5,6,5,5,0,5,6,4,6,6,,7.0,4,6,4,5,,6,5,6.0,5,5,,6,7.0,,5,6.0,6,5,1,6,6,6,6.0,6,6,4,6,6,6.0,3,,6,3,6,5,6,,7.0,6,6.0,7.0,6,6,6,5,5,6,6.0,0,6,5,5,5,6,4,6,5,5,5,,3,5,,6,2,5,6,5,6.0,,5,6,6,3,6,4,5,6,7.0,7.0,5,5,7.0,,6.0,,7.0,6,6,6,6,,,,6,,6,,,5,6,6,7.0,7.0,16,13,1.9128848679410477,-0.6715327495424057
6,5,5,5,5,6,6,6,5,2,5,6,6,5,6,6,4,3.0,7,5,4,6,5,6,6,6,5,5,4,6,5,5,6,6,5,5,6,6,6,6,6,6,6,6,,6,6,6,6,6,7.0,5,4,,6,6,5,5,0,5,5,5,7.0,4,,6,,6,5,,5,4,6,4,6,5,6,6,6,6,4,5,3,5,6,4,5,2,6,6,6,4,7.0,5,0.0,1,5,5,6,6,6,2,4,4,5,5,7.0,0,5,6,5,6,3,5,7.0,5,6,6,1,7,6.0,6.0,0,6,5,4,5,5,6,3,7,5,7.0,7.0,7,6,7,7.0,5,6,6,5,4,5,6,6,6,,6,7.0,7.0,,6,,6,7,7.0,6,6,5,6,6,6,5,6,6,3.0,,5,6,6,7.0,4,6,6,7.0,5,6,7.0,6,3,6,7.0,6,4,6,5,6,6,6,4,5,6,5,6,2,6,2,6,0,0.0,6,3,6,7.0,6,6,5,5,6,6,6,7.0,,5,6,6,6,3,6,6,6,6,5,6,,7.0,6,7.0,,,5,3,4,6,6,4.0,7.0,7.0,5,6,6,5,5,5,6,6,1,6,7,,5,6,6,0.0,6,7.0,6,3,5,6,7.0,5,,6,4,6,6,6,6,7.0,6,6,6.0,5,4,6,7.0,7.0,,6,3,6,,6,6,6,6,5,5,5,5,5,6,6,7,0,3.0,7.0,5,6,6,6,,7,6,7.0,6,5,,6,7.0,,5,,6,6,7,6,6,6,7.0,6,6,5,6,6,7.0,6,,6,5,5,6,6,,7.0,6,7.0,7.0,3,6,6,5,6,6,7.0,6,6,6,6,6,7,6,5,5,6,6,,6,5,,6,5,6,6,3,7.0,5.0,6,6,6,5,6,6,5,6,7.0,,5,5,7.0,,7.0,,7.0,6,6,0,7,,,,6,,7,,,6,6,6,7.0,0.0,17,13,1.8889712422176104,-0.5808859478299662
6,0,7,6,6,7,0,7,7,7,7,7,7,7,8,7,8,8.0,8,3,5,6,7,8,7,7,1,7,7,6,6,6,5,8,7,6,5,8,7,7,7,8,6,8,,4,7,8,7,7,0.0,7,6,,7,7,7,6,7,6,7,7,0.0,7,,8,,7,6,,5,6,6,8,6,4,6,7,7,8,2,7,6,7,7,6,7,6,8,7,8,7,8.0,7,,4,7,7,7,7,5,7,6,7,6,7,,8,7,4,7,7,7,5,8.0,6,7,7,7,8,7.0,8.0,7,6,7,7,7,7,8,7,8,6,8.0,8.0,8,4,8,8.0,7,7,7,6,7,7,7,8,1,,7,8.0,8.0,7.0,7,,0,7,8.0,8,8,6,8,8,7,6,8,8,0.0,,6,7,5,8.0,5,8,8,8.0,8,8,7.0,7,7,4,8.0,7,6,7,7,6,3,8,5,6,6,7,7,7,8,0,8,6,8.0,7,7,3,,7,8,7,7,7,0,7,8.0,,6,7,7,8,6,7,7,7,7,2,8,,,8,8.0,,,7,7,8,7,8,8.0,,8.0,7,7,7,7,7,8,8,7,0,8,8,,7,7,7,8.0,8,8.0,7,7,7,7,8.0,7,,8,7,5,8,3,7,6.0,7,8,4.0,7,7,6,7.0,6.0,,8,7,8,8.0,6,8,7,4,7,7,7,6,7,7,7,5,8,,,6,8,7,3,,6,7,8.0,7,7,,8,4.0,,7,,7,7,8,8,7,7,8.0,4,8,7,8,7,8.0,6,,8,7,8,7,7,,8.0,8,8.0,8.0,8,8,7,7,7,7,8.0,8,8,7,7,7,7,8,7,6,7,6,,7,7,,7,6,7,8,7,8.0,,6,0,7,7,7,7,7,7,,,7,7,8.0,,8.0,,8.0,8,8,7,8,,,,7,,7,7.0,,7,7,8,8.0,,18,13,2.181640917954102,-0.5922001054077457
6,5,6,5,5,6,6,6,6,6,5,6,6,5,6,6,6,7.0,5,2,4,6,6,6,6,5,5,5,6,6,6,5,6,5,5,5,6,2,5,6,6,6,6,6,,6,6,6,5,3,7.0,6,5,,5,5,6,5,6,0,5,5,7.0,6,,6,,6,6,0.0,4,4,7,6,1,5,6,7,6,6,4,6,5,6,6,4,6,5,6,6,7,5,7.0,6,,5,5,6,5,6,6,6,5,6,4,6,5.0,7,5,6,5,6,6,5,7.0,5,6,6,6,7,7.0,7.0,6,3,5,6,6,6,7,6,6,4,7.0,0.0,6,4,7,7.0,5,6,6,3,7,6,6,6,6,7.0,6,7.0,,,5,,6,7,7.0,6,7,4,7,6,6,6,6,0,,,1,6,7,7.0,4,7,6,7.0,7,6,7.0,5,6,0,7.0,6,5,6,6,5,7,6,5,6,5,6,5,6,6,1,6,5,7.0,3,5,6,,6,6,6,6,6,7,6,7.0,,0,6,2,6,5,6,6,7,1,5,1,6.0,3.0,6,7.0,,,6,6,7,6,6,7.0,,7.0,6,6,6,6,5,6,7,6,5,7,7,,6,6,6,7.0,6,7.0,6,6,3,6,7.0,6,,4,6,6,7,6,6,7.0,6,6,7.0,6,4,6,7.0,6.0,,6,5,6,,6,6,6,1,0,5,6,6,5,6,6,7,6,,,5,7,6,6,6.0,6,6,6.0,6,6,,7,7.0,7.0,6,,6,6,5,0,6,6,7.0,6,0,3,7,6,7.0,6,,6,3,6,6,5,,7.0,6,7.0,7.0,6,6,6,5,6,6,7.0,6,6,6,5,6,6,6,6,3,6,5,,5,5,,6,0,6,6,4,6.0,,6,6,6,3,6,6,4,6,6.0,,5,6,7.0,7.0,5.0,6.0,7.0,7,5,6,7,,,,6,,7,,,5,6,6,6.0,7.0,19,13,1.950615430801561,-0.6425364544652636
1,4,3,5,4,6,6,6,5,5,0,5,5,2,6,3,4,6.0,7,5,3,6,5,5,6,6,4,5,6,6,6,5,6,7,6,5,6,6,6,6,6,6,6,6,,6,6,0,3,6,,6,5,,3,5,6,6,6,4,5,6,7.0,6,,6,4.0,6,5,,5,4,6,6,6,6,6,6,6,6,5,6,5,5,6,5,6,5,6,6,7,4,7.0,6,,5,5,6,6,6,6,6,2,6,4,6,,7,6,6,6,6,6,5,7.0,5,6,6,1,7,7.0,7.0,7,5,6,4,5,6,7,6,7,5,7.0,4.0,3,6,7,7.0,6,7,6,5,6,5,4,6,6,,2,7.0,7.0,,5,7.0,6,7,7.0,6,7,5,6,7,6,6,7,2,,7.0,5,5,6,7.0,4,3,7,7.0,7,6,7.0,6,6,6,7.0,0,4,6,6,6,7,7,5,5,5,2,3,5,6,0,1,4,7.0,6,4,5,7.0,6,6,6,1,6,6,6,7.0,,5,6,6,6,6,6,2,6,5,6,6,,5.0,4,7.0,,,5,5,7,6,6,7.0,,7.0,6,6,6,6,5,5,7,6,5,6,7,,5,2,6,,7,7.0,6,6,6,5,7.0,4,,7,6,6,6,6,6,7.0,6,6,6.0,5,6,6,7.0,7.0,,3,6,6,,6,6,3,5,6,6,6,5,6,6,6,7,6,,7.0,5,6,6,6,,7,5,7.0,1,5,,0,7.0,,6,,6,6,7,2,0,6,0.0,6,5,6,6,6,7.0,6,,6,1,6,6,6,,7.0,6,7.0,7.0,6,6,6,6,6,6,2.0,6,7,6,0,6,6,7,6,5,6,5,7.0,6,6,,6,5,6,6,5,7.0,,5,6,6,6,6,6,6,6,7.0,,6,6,7.0,,7.0,,0.0,1,4,6,7,,,,6,,7,,,6,6,7,7.0,0.0,20,13,1.981725584182145,-0.554505358385241
5,4,5,4,5,5,5,5,5,0,5,5,5,2,6,5,5,6.0,6,5,4,6,5,6,6,1,5,5,5,6,5,5,5,6,5,4,6,0,5,6,6,3,6,6,,6,5,6,5,6,5.0,6,0,,4,4,5,5,1,2,4,0,6.0,6,,5,,6,5,,4,3,6,6,3,5,5,6,6,5,3,5,5,4,6,5,5,4,6,5,6,4,6.0,6,,4,4,6,5,6,5,5,5,6,2,5,0.0,6,5,6,5,2,6,5,,5,5,5,5,6,6.0,6.0,6,4,4,6,5,5,6,5,6,4,6.0,6.0,6,5,6,,5,6,6,4,6,5,5,6,6,4.0,5,,,,5,,5,6,,6,6,5,6,6,6,6,6,6,,,5,6,6,6.0,2,6,6,4.0,6,6,,6,5,5,,6,4,6,5,5,6,6,4,5,5,5,5,5,5,3,6,5,6.0,5,5,6,,3,5,5,5,6,6,6,,,5,5,4,6,5,5,6,6,5,4,0,,,5,,,,5,5,6,5,6,6.0,,,0,6,6,0,5,5,6,6,5,6,6,,6,6,2,,6,6.0,1,5,5,5,6.0,4,,5,1,6,6,6,5,6.0,6,6,6.0,6,5,6,6.0,6.0,,6,5,6,,1,6,6,5,0,5,5,3,5,6,6,6,6,,,5,6,5,5,,6,5,,5,5,,2,6.0,,5,,5,0,6,2,6,6,6.0,6,6,5,6,6,6.0,5,,6,3,6,2,5,,6.0,6,6.0,6.0,5,6,6,5,5,1,5.0,6,6,6,6,6,6,4,6,4,6,5,,5,5,,1,5,5,6,5,6.0,,5,3,6,5,6,6,5,6,,,5,4,,,6.0,,6.0,6,6,6,6,,,,5,,6,,,5,5,6,6.0,,21,13,1.9332744144940341,-0.6307338413179662
7,7,7,6,5,6,7,7,7,7,7,7,7,7,7,8,7,8.0,8,7,2,7,7,7,7,7,6,7,7,7,3,6,7,8,5,6,7,8,7,5,8,8,7,8,,7,0,8,7,5,8.0,4,3,,7,7,7,7,7,6,7,3,8.0,5,,7,,7,6,,4,4,8,7,7,6,7,8,8,7,5,7,6,7,8,6,7,5,7,7,8,5,8.0,7,,4,6,8,7,7,7,7,6,7,6,6,8.0,8,7,8,7,7,8,7,8.0,7,7,8,7,0,0.0,8.0,4,7,6,7,7,7,5,7,8,7,8.0,8.0,8,7,8,,6,8,7,6,8,7,7,7,7,0.0,8,8.0,8.0,5.0,4,,7,8,,8,8,7,8,8,8,6,7,8,,,7,7,7,8.0,6,8,8,8.0,8,8,8.0,8,7,7,,8,6,4,7,7,8,7,6,6,6,7,7,7,3,5,7,6,8.0,7,7,7,,7,7,7,7,4,7,7,8.0,,7,7,8,8,6,7,8,8,7,6,8,,,7,,,,7,7,8,7,6,6.0,,,6,7,8,7,7,5,8,7,3,8,8,,7,7,6,,8,8.0,7,6,7,8,8.0,0,5.0,7,7,7,8,7,7,0.0,8,7,8.0,7,7,6,8.0,8.0,,8,7,8,,7,8,8,7,8,3,7,6,6,8,7,8,7,7.0,,5,8,8,4,,8,7,8.0,7,7,,8,8.0,,7,,7,7,8,8,8,8,8.0,8,8,5,8,8,5.0,7,,5,7,8,7,7,,0.0,8,0.0,,7,8,8,7,7,7,8.0,8,8,8,7,7,7,8,8,6,7,6,,7,7,7.0,7,6,7,7,7,8.0,,7,8,7,7,7,7,6,0,8.0,,3,7,0.0,,8.0,,8.0,8,8,8,8,,,8.0,7,,8,,,7,7,7,8.0,5.0,22,13,1.9777415046742834,-0.5589583907881523
5,2,6,4,4,6,6,4,5,6,5,6,6,5,6,5,6,6.0,4,5,3,6,5,6,5,5,4,5,6,5,5,5,1,6,5,5,6,6,4,6,6,6,6,6,,6,5,6,5,6,7.0,5,5,7.0,5,5,5,5,5,5,5,3,6.0,6,,6,0.0,6,5,,5,5,7,6,6,5,6,6,6,6,4,1,5,6,5,2,5,4,6,6,6,0,7.0,6,,5,4,6,6,5,1,6,5,6,4,5,7.0,6,5,6,5,6,6,4,7.0,4,5,0,5,6,7.0,7.0,6,5,5,4,6,6,6,6,6,4,5.0,7.0,6,5,6,7.0,5,6,6,4,6,5,6,6,6,,6,7.0,5.0,5.0,5,,6,0,6.0,6,6,5,6,6,6,6,6,6,,,4,1,6,6.0,0,0,4,6.0,6,6,6.0,6,6,5,7.0,6,4,6,5,5,0,6,4,5,1,2,6,5,6,3,6,5,7.0,5,5,5,7.0,6,5,5,3,6,6,6,7.0,,2,5,6,6,5,5,6,2,5,4,6,,7.0,6,7.0,,,6,6,6,3,6,7.0,,7.0,6,6,6,1,5,6,6,6,4,6,6,6.0,5,6,5,5.0,6,7.0,6,5,5,5,6.0,5,,6,6,3,6,6,5,7.0,5,6,4.0,5,3,5,6.0,7.0,,6,5,4,5.0,5,6,6,5,6,5,5,4,5,6,6,6,6,,7.0,5,6,6,5,,6,5,7.0,5,5,0.0,6,4.0,,5,,6,3,6,6,6,6,0.0,6,6,5,6,6,6.0,5,,6,5,6,6,5,,7.0,6,7.0,7.0,6,6,6,5,5,5,7.0,4,6,6,5,6,0,6,6,2,6,5,,5,5,,6,5,5,6,1,6.0,,5,6,3,4,6,6,5,6,7.0,,6,5,7.0,6.0,6.0,,7.0,6,6,6,6,,,,6,,6,,,6,6,6,7.0,7.0,23,13,1.931494792430688,-0.6472808649952644
5,5,5,4,5,5,6,6,4,1,5,5,4,4,5,3,5,6.0,6,6,2,5,0,6,5,5,4,5,5,5,5,0,5,6,2,5,6,6,5,6,6,6,3,6,0.0,6,6,6,6,6,7.0,6,5,,1,5,6,6,5,4,5,4,7.0,4,,6,,6,5,5.0,4,1,3,6,5,5,5,6,6,6,5,0,5,5,6,5,6,4,5,6,4,3,7.0,6,,5,5,6,5,5,6,6,2,6,4,2,7.0,7,5,6,5,6,6,5,7.0,5,3,5,0,6,7.0,6.0,6,5,5,6,5,4,6,6,7,5,7.0,6.0,6,5,6,7.0,6,6,6,4,6,5,5,6,6,,6,7.0,0.0,7.0,5,,0,6,7.0,3,6,4,7,6,6,4,6,6,7.0,,5,6,6,6.0,5,6,5,6.0,6,6,7.0,6,6,6,1.0,6,2,4,5,6,0,6,5,5,5,5,5,4,6,3,6,5,7.0,6,6,6,,6,6,5,6,6,6,6,7.0,,5,6,5,6,5,6,6,6,5,5,6,,7.0,6,7.0,,,6,5,6,6,0,7.0,,6.0,5,5,6,5,5,5,6,6,1,6,6,,6,6,6,7.0,7,7.0,6,5,5,3,7.0,3,,6,6,6,6,6,6,7.0,6,6,6.0,5,6,3,7.0,6.0,,6,6,6,,6,6,6,5,6,5,6,5,6,6,5,4,6,,7.0,5,6,6,6,7.0,6,6,7.0,0,5,,6,7.0,,5,,6,6,6,7,6,6,7.0,6,5,5,6,6,6.0,5,,6,4,6,6,5,,7.0,6,7.0,7.0,3,6,6,5,6,6,7.0,2,4,6,6,4,6,2,4,4,6,5,,6,6,,6,5,5,6,5,7.0,,5,6,6,6,6,4,6,6,6.0,,6,5,7.0,,7.0,,6.0,6,6,6,1,,7.0,,6,,6,,,5,6,6,6.0,7.0,24,13,1.9943437273386513,-0.6433038068638046
6,6,6,6,5,6,6,7,6,7,3,6,6,6,7,6,7,7.0,7,6,5,7,6,7,7,6,6,6,6,6,6,6,6,7,1,6,7,7,5,7,7,7,7,2,,6,6,7,6,7,8.0,7,5,,6,4,6,2,7,2,6,6,7.0,7,,6,,7,6,,6,5,7,7,2,6,7,7,7,7,5,6,5,7,7,6,6,4,7,7,7,6,7.0,7,,5,0,7,6,6,6,7,6,7,6,1,8.0,7,6,7,6,7,0,5,8.0,0,6,6,7,7,7.0,4.0,7,4,6,6,6,7,7,6,7,6,2.0,7.0,7,6,7,8.0,6,7,0,5,7,5,6,7,7,,7,8.0,8.0,,5,,7,7,8.0,7,7,2,7,7,7,6,7,7,8.0,,6,7,7,8.0,5,7,7,7.0,7,7,8.0,7,7,4,8.0,7,6,6,4,6,7,6,5,6,0,6,7,6,7,5,6,6,7.0,7,4,6,,6,1,7,6,0,7,6,8.0,5.0,5,6,7,7,6,6,7,7,6,6,7,,8.0,7,8.0,,,6,6,7,7,7,8.0,8.0,8.0,6,7,0,6,4,7,7,7,5,7,7,8.0,6,4,6,0.0,7,0.0,6,6,5,7,8.0,6,,4,7,7,7,6,7,7.0,7,7,7.0,4,7,6,7.0,7.0,,0,7,7,,7,7,4,6,7,6,6,6,6,7,7,7,7,,8.0,6,7,7,6,,7,7,7.0,5,6,7.0,7,8.0,,6,,6,7,7,7,7,7,7.0,7,6,6,7,7,4.0,4,,7,6,7,6,6,,4.0,7,8.0,8.0,6,7,7,6,7,7,8.0,7,7,7,6,7,7,7,1,6,7,6,,6,6,,6,6,6,7,5,7.0,,5,7,6,6,7,7,6,7,8.0,,6,6,8.0,,8.0,,8.0,7,7,7,7,,,,6,,7,,,7,7,7,4.0,8.0,25,13,2.0468360005872848,-0.6798707822220416
6,6,4,6,5,7,7,7,6,6,6,5,7,6,7,7,6,8.0,7,6,5,7,6,7,7,4,5,6,6,6,0,5,7,7,6,6,0,5,6,7,7,7,6,7,,7,6,7,6,7,8.0,6,6,,7,6,6,6,6,6,6,6,8.0,7,,3,,7,6,,5,5,7,7,7,6,7,7,7,5,5,6,4,7,7,6,6,4,7,6,7,6,8.0,7,,6,6,6,6,7,6,5,6,7,4,7,6.0,8,6,7,6,7,7,5,8.0,6,7,0,7,7,7.0,7.0,7,6,6,6,7,7,7,7,5,6,8.0,8.0,7,4,7,8.0,6,7,7,6,7,6,7,7,3,,7,8.0,8.0,,6,,0,7,8.0,7,7,5,7,7,7,6,7,7,,,6,6,7,8.0,5,7,8,7.0,7,7,7.0,7,7,6,1.0,7,5,6,5,6,0,6,5,5,1,6,4,6,7,5,5,3,8.0,7,6,4,,6,7,7,7,7,7,7,8.0,,5,6,7,7,6,7,7,7,6,6,5,,8.0,7,8.0,,,7,5,7,7,7,8.0,,8.0,2,6,6,6,6,7,7,7,6,7,8,,7,5,7,8.0,7,7.0,7,7,6,7,8.0,6,,7,7,7,7,7,3,0.0,7,4,6.0,7,7,6,7.0,7.0,,7,7,7,,6,7,1,6,7,6,6,6,7,7,2,6,7,8.0,8.0,2,7,6,6,,7,4,3.0,7,6,,0,7.0,,6,,7,6,7,7,7,7,8.0,5,7,6,7,7,7.0,0,,7,7,7,7,7,,8.0,7,8.0,8.0,7,7,7,7,6,6,8.0,7,7,7,7,7,7,7,7,6,7,2,0.0,6,7,8.0,6,6,6,7,7,7.0,,2,7,7,7,7,7,6,7,8.0,0.0,6,6,8.0,,7.0,,8.0,7,7,7,7,,,,7,,7,,,6,7,7,3.0,8.0,26,13,1.9152271737552613,-0.6084944753029775
5,5,5,0,5,4,5,6,5,5,4,5,3,5,6,5,5,6.0,6,5,4,0,5,6,5,5,4,4,5,0,4,4,1,6,5,4,2,6,5,1,6,6,5,6,,5,4,5,5,3,6.0,5,2,,2,5,5,5,5,1,4,5,6.0,6,,6,,6,5,,3,4,6,6,5,5,5,6,6,6,4,5,4,5,6,4,5,3,6,5,6,1,,5,,5,3,6,5,5,5,5,5,5,4,4,,6,4,2,5,5,6,5,6.0,5,4,5,6,6,6.0,6.0,6,4,4,4,5,5,6,6,6,5,6.0,6.0,6,5,6,,5,6,1,5,0,5,5,6,5,,5,0.0,,,5,,2,6,,6,6,5,6,6,5,5,6,5,,,5,5,6,6.0,3,6,6,6.0,6,6,4.0,5,5,5,5.0,6,4,5,5,4,5,6,3,5,4,4,5,5,6,2,6,0,6.0,5,4,5,,5,5,5,5,6,5,5,6.0,,5,5,6,6,5,5,6,6,1,5,6,,,6,6.0,,,3,5,6,5,5,6.0,,6.0,5,6,5,5,4,5,6,6,4,6,6,,5,5,5,,5,6.0,5,5,3,6,6.0,5,,5,2,0,6,6,5,6.0,6,6,6.0,5,5,5,6.0,6.0,,6,2,4,,5,6,5,5,6,5,5,4,5,6,6,6,6,,,4,4,2,4,,5,5,6.0,5,5,,6,6.0,,5,,6,5,4,6,6,6,6.0,6,5,5,6,5,6.0,5,5.0,6,5,5,4,3,,6.0,6,6.0,,6,6,3,5,5,1,6.0,6,6,6,5,6,6,3,5,4,0,4,,1,5,,5,4,5,6,4,6.0,,5,6,5,5,5,6,5,6,,,0,5,6.0,6.0,6.0,,,6,6,6,6,0.0,,,5,,6,,,5,5,5,6.0,,27,13,1.9129989764585467,-0.6292647315960544
6,6,7,6,6,2,7,7,4,6,7,4,7,6,7,7,6,8.0,6,7,6,7,7,8,7,7,6,7,7,7,6,5,7,8,6,6,7,7,7,7,7,7,7,7,,7,6,7,7,7,8.0,7,5,,7,7,3,6,7,6,4,0,8.0,7,,7,8.0,7,6,,6,5,7,7,7,6,7,7,7,7,5,6,6,7,7,6,7,5,7,7,8,5,8.0,7,7.0,6,6,7,4,7,5,7,6,7,6,6,8.0,8,6,7,7,7,7,6,8.0,6,7,7,7,8,8.0,7.0,7,6,6,7,7,7,8,7,8,6,8.0,8.0,8,7,8,8.0,6,7,7,0,7,7,7,7,7,,7,8.0,8.0,,6,,7,7,8.0,7,7,5,7,7,7,7,7,7,,8.0,6,7,7,8.0,5,7,8,8.0,8,7,8.0,7,3,7,6.0,7,2,7,7,4,8,7,5,2,6,6,7,7,7,5,0,5,8.0,6,6,0,,7,7,6,7,7,7,7,8.0,4.0,6,7,7,7,5,7,7,7,6,6,7,0.0,8.0,5,8.0,,,7,7,7,6,7,8.0,,8.0,6,4,7,7,6,7,8,7,6,7,8,0.0,7,7,6,8.0,8,8.0,7,7,6,7,8.0,6,7.0,7,7,7,8,7,4,8.0,7,7,8.0,7,7,4,8.0,8.0,,7,7,7,,7,7,7,0,7,7,6,2,7,7,7,7,7,8.0,,6,8,7,6,,7,6,8.0,7,7,,0,8.0,,2,,7,7,4,0,7,7,8.0,7,7,2,7,2,8.0,7,8.0,7,7,7,7,7,,8.0,7,8.0,8.0,7,7,7,7,7,7,8.0,6,7,7,7,6,7,4,8,3,7,4,,6,6,,6,6,7,7,6,8.0,,7,7,7,6,0,7,7,7,8.0,,7,7,8.0,,8.0,,8.0,8,8,7,8,,,,7,,8,,,6,7,7,8.0,,28,13,2.042768042768042,-0.6780516731053471
5,5,6,5,4,3,6,6,6,6,6,6,6,4,7,6,6,7.0,7,0,4,7,6,6,6,6,6,5,6,0,6,5,0,7,6,6,7,6,6,7,6,6,6,7,,6,6,0,5,6,,3,4,0.0,3,3,2,6,6,6,5,6,7.0,6,,4,,7,6,,5,5,6,7,6,6,6,7,6,6,4,6,5,6,3,5,6,5,6,6,7,5,7.0,6,,4,5,6,6,6,5,6,6,6,4,6,7.0,7,6,6,1,6,6,5,7.0,5,6,2,6,7,7.0,2.0,6,6,5,6,5,6,7,6,7,2,3.0,7.0,3,6,7,,5,7,6,0,6,6,6,6,6,,7,,,,5,7.0,6,7,7.0,6,7,6,0,7,6,6,6,7,,,6,6,7,7.0,5,7,7,7.0,7,6,7.0,7,6,6,7.0,6,4,6,6,6,1,6,5,5,5,6,6,6,6,3,6,5,7.0,6,5,6,,1,6,6,3,6,7,6,7.0,,5,6,6,7,5,6,7,7,6,5,6,,7.0,0,7.0,,,6,6,7,5,6,7.0,,7.0,5,6,6,6,5,6,7,6,5,5,7,,6,6,6,,7,7.0,6,6,6,6,7.0,5,0.0,6,6,6,7,6,6,7.0,6,6,7.0,6,6,6,7.0,7.0,7.0,7,6,6,,6,7,6,6,7,6,6,3,5,6,7,6,6,,,2,7,6,6,,5,5,7.0,6,6,,7,7.0,,6,,6,6,7,7,7,6,3.0,7,0,6,7,7,2.0,5,,6,6,6,5,6,,7.0,6,7.0,,6,5,7,6,6,6,7.0,7,7,7,6,4,5,7,6,5,6,6,,6,6,,6,5,6,6,5,7.0,,6,7,6,2,6,7,5,6,,,6,6,7.0,,6.0,,7.0,7,7,7,7,,,,6,,7,,,6,6,7,6.0,,29,13,1.9518724620243646,-0.6076087191862948
6,5,6,5,5,6,6,6,6,6,6,6,2,6,6,6,6,7.0,6,6,3,6,6,6,6,5,5,5,5,6,5,5,6,7,2,5,6,6,0,6,6,6,5,6,,6,5,6,6,6,7.0,6,5,6.0,6,6,6,5,4,5,5,6,7.0,3,,6,,6,6,,4,4,7,6,6,5,6,7,6,6,4,6,5,6,6,5,5,4,6,6,7,5,7.0,6,,2,4,6,1,5,0,6,6,6,5,5,4.0,6,6,6,5,6,6,1,7.0,2,3,6,6,7,5.0,6.0,6,6,5,5,6,3,6,6,7,5,0.0,7.0,7,5,7,7.0,5,4,6,4,6,6,6,6,3,,6,7.0,0.0,7.0,6,,6,7,7.0,6,7,5,6,6,6,6,6,6,,,5,6,7,7.0,5,7,7,7.0,7,6,7.0,6,5,6,7.0,6,5,6,6,2,5,6,5,0,5,6,6,5,6,4,7,5,7.0,6,6,6,,6,6,6,6,6,4,6,7.0,,3,6,6,7,5,6,6,7,5,5,7,,7.0,3,7.0,,,6,6,6,6,6,7.0,,7.0,6,6,1,0,5,5,0,6,5,6,6,,5,6,6,7.0,6,7.0,6,5,6,6,7.0,5,,6,6,6,5,6,6,7.0,6,6,7.0,0,6,5,7.0,7.0,,6,6,6,,6,7,6,5,6,5,5,3,5,6,6,6,6,,0.0,4,6,6,5,,6,6,7.0,6,5,,7,7.0,,5,,6,6,6,7,6,6,7.0,6,6,6,7,6,7.0,2,,6,6,6,5,6,,7.0,6,6.0,7.0,6,7,6,5,6,5,7.0,5,6,6,6,6,6,7,3,5,6,0,,5,5,,6,3,5,6,5,5.0,,1,6,6,4,6,6,5,6,7.0,,5,5,7.0,,5.0,,7.0,7,6,6,4,,,,6,,6,,,5,6,6,7.0,7.0,30,13,2.0082138590203105,-0.6503387272820257
3,2,5,5,5,6,6,6,6,6,6,6,6,5,7,6,6,7.0,7,6,5,6,5,6,6,5,5,6,6,5,2,5,6,0,1,5,6,6,5,6,6,6,6,6,,6,6,6,2,2,7.0,6,5,,6,5,6,6,1,5,5,5,7.0,6,,6,,6,4,,5,4,7,6,6,6,6,7,3,6,5,6,5,6,6,6,6,4,6,6,7,0,7.0,6,,5,4,6,5,6,6,6,5,6,5,6,7.0,7,5,6,6,6,6,3,7.0,4,6,6,6,4,7.0,7.0,7,5,1,6,6,6,2,6,6,5,7.0,7.0,3,5,7,7.0,5,7,3,5,6,6,6,6,6,2.0,6,7.0,7.0,4.0,6,,6,6,7.0,5,7,5,0,7,6,6,6,6,,,5,6,6,7.0,5,7,7,7.0,4,6,7.0,6,6,4,7.0,3,5,6,6,6,7,6,5,6,6,6,6,6,5,4,6,5,0.0,6,6,6,3.0,6,6,6,5,6,6,6,7.0,,5,6,6,6,5,6,6,6,6,5,6,,7.0,6,6.0,,,6,6,6,5,6,7.0,,7.0,6,0,6,6,5,6,7,6,5,5,7,,6,6,4,7.0,7,7.0,1,5,5,6,7.0,5,7.0,6,6,6,6,6,6,0.0,6,6,7.0,0,6,4,7.0,7.0,,6,1,7,,6,7,6,5,6,5,6,3,6,3,4,6,7,,7.0,5,6,6,6,,7,4,7.0,6,3,,7,7.0,0.0,5,,6,0,6,6,4,6,7.0,5,6,5,0,6,5.0,5,,6,6,6,6,6,,7.0,6,7.0,7.0,6,6,6,6,6,6,7.0,6,5,6,6,5,6,7,6,1,6,1,,5,5,6.0,6,6,3,6,6,6.0,,6,6,6,6,6,6,4,6,7.0,,5,6,7.0,,6.0,,7.0,7,5,7,7,,,,6,,7,,,5,6,6,6.0,7.0,31,13,2.0044173648134045,-0.5678422124765885
5,5,4,5,2,6,6,6,4,6,4,6,5,0,6,6,5,7.0,6,5,4,5,6,6,6,4,5,5,6,5,6,5,6,7,5,5,6,6,5,0,6,6,6,6,7.0,6,6,6,5,6,7.0,6,6,,6,5,6,4,3,4,5,6,7.0,6,,6,,6,6,,5,5,6,6,2,4,6,6,6,6,5,4,4,6,6,6,6,6,6,5,7,4,7.0,6,,5,0,6,6,6,6,6,6,6,5,2,7.0,0,6,6,6,4,5,1,7.0,5,6,6,5,7,7.0,7.0,6,5,5,6,6,6,6,6,6,5,4.0,7.0,6,5,6,0.0,5,7,6,5,6,5,5,6,6,,6,7.0,7.0,,6,,6,6,7.0,6,3,4,7,6,6,6,6,7,,,6,6,5,7.0,2,6,7,7.0,7,6,7.0,6,6,6,6.0,3,3,6,6,6,5,6,3,6,5,5,6,6,6,4,6,5,7.0,6,5,4,7.0,6,6,6,5,5,6,3,7.0,6.0,2,3,6,6,5,6,6,6,6,5,6,6.0,7.0,6,5.0,,,6,6,7,6,6,7.0,,7.0,6,6,0,5,6,6,7,7,2,7,7,,6,6,6,7.0,6,7.0,6,6,1,3,7.0,6,,6,6,6,7,6,6,0.0,6,6,7.0,5,6,5,7.0,7.0,,4,6,6,,6,6,5,5,6,6,6,5,5,6,6,7,6,,0.0,6,7,6,6,,7,5,7.0,6,6,,6,7.0,,5,,6,6,7,4,6,6,7.0,6,6,6,7,6,7.0,6,,6,6,6,6,6,,7.0,6,7.0,7.0,6,6,6,6,6,6,7.0,6,7,6,6,6,6,6,6,5,6,5,7.0,6,6,,4,5,5,6,5,5.0,,6,6,6,3,6,7,6,6,7.0,,3,5,7.0,,7.0,,0.0,6,6,7,7,,,,6,,6,,,6,6,6,7.0,0.0,32,13,1.9470077661032434,-0.600234431719446
6,6,7,6,6,7,7,7,7,7,7,7,7,7,8,6,7,8.0,8,6,6,7,4,7,7,6,6,6,6,6,7,6,7,7,6,6,7,7,7,7,3,7,7,7,,7,6,7,7,7,8.0,7,6,,6,6,7,6,7,4,6,4,7.0,7,,7,,7,6,,6,6,8,7,7,5,7,8,6,7,5,6,6,7,7,6,6,5,7,7,8,5,8.0,7,,5,0,8,7,7,2,7,6,7,5,6,8.0,8,6,7,7,7,7,5,8.0,5,6,6,7,8,8.0,8.0,7,6,6,7,7,7,7,7,7,5,8.0,8.0,8,6,8,8.0,6,7,7,1,7,6,7,7,7,,7,8.0,8.0,,3,,7,7,8.0,7,7,5,7,7,7,7,7,7,8.0,,6,7,7,8.0,6,7,7,8.0,6,7,8.0,6,7,0,0.0,7,5,7,7,6,7,7,5,6,6,7,7,6,7,5,7,5,8.0,7,6,7,,0,7,5,6,7,7,7,8.0,8.0,6,2,7,8,6,4,7,7,6,6,7,,8.0,7,8.0,,,7,7,7,6,7,8.0,,8.0,7,7,7,6,6,7,7,7,6,7,8,0.0,7,5,7,8.0,6,8.0,4,4,7,6,8.0,6,,7,0,7,7,7,2,8.0,6,7,7.0,0,7,6,7.0,4.0,,7,7,7,,6,8,7,6,7,7,7,6,6,7,7,7,7,,8.0,6,7,7,6,,7,7,8.0,7,6,,7,8.0,,6,,7,7,3,7,7,7,0.0,4,7,6,7,0,8.0,6,,7,5,7,7,7,,8.0,7,8.0,8.0,7,7,4,2,7,3,8.0,7,7,7,7,7,7,7,7,1,7,5,,4,6,2.0,6,6,1,0,6,7.0,,6,7,7,7,7,6,7,7,8.0,,6,7,8.0,,3.0,,8.0,7,8,7,7,,,,7,,7,,4.0,6,7,7,8.0,,33,13,2.0514403292181065,-0.6478401505398284
6,6,7,5,6,4,6,7,6,6,5,6,6,6,6,7,6,7.0,7,7,3,7,6,7,7,6,5,6,5,6,6,5,6,7,6,6,7,2,6,7,3,7,7,7,,4,7,7,6,7,8.0,6,6,,7,6,6,2,6,6,6,6,6.0,0,8.0,7,,7,6,,6,2,7,7,7,0,7,7,7,7,5,6,6,6,6,6,6,1,7,7,7,2,8.0,6,,5,5,7,7,7,4,7,6,7,5,6,8.0,7,6,7,6,7,7,6,5.0,6,6,7,6,7,8.0,2.0,1,6,6,6,2,7,7,7,7,6,7.0,7.0,7,7,7,8.0,5,7,6,5,7,6,6,4,7,,7,8.0,8.0,,6,8.0,6,7,8.0,7,0,6,7,7,7,0,7,7,8.0,8.0,5,4,1,3.0,5,7,7,7.0,7,6,8.0,7,7,7,8.0,7,5,7,6,6,7,7,4,6,6,6,7,6,6,4,7,5,8.0,4,6,6,8.0,5,7,6,6,5,7,7,7.0,,6,6,7,7,5,6,7,7,6,5,7,,8.0,7,8.0,,,7,6,7,7,6,7.0,,7.0,6,7,6,6,6,0,4,6,5,7,7,8.0,2,4,6,8.0,7,7.0,7,6,7,0,7.0,5,,7,6,7,7,7,6,8.0,7,5,7.0,6,7,6,7.0,7.0,,7,7,0,,7,7,7,6,7,7,6,4,6,7,7,7,7,,8.0,6,7,7,6,,7,3,8.0,7,6,,7,8.0,,6,,7,6,7,7,7,7,8.0,1,7,3,7,7,7.0,6,,7,7,7,7,6,,8.0,7,8.0,8.0,7,7,7,6,6,6,8.0,7,7,0,7,7,7,7,7,6,7,6,,6,6,,7,6,6,7,6,7.0,,6,2,7,6,7,7,6,7,8.0,,6,6,7.0,0.0,7.0,,5.0,7,7,7,5,,,,6,,7,,,6,6,0,8.0,8.0,34,13,2.0820078797606882,-0.6421263005786138
6,5,6,5,4,6,5,6,5,6,0,5,6,5,6,6,6,7.0,7,6,3,6,5,6,5,5,5,6,6,6,6,5,6,7,5,5,6,6,5,6,6,6,6,6,,6,6,6,6,6,7.0,6,5,,6,5,6,3,6,5,5,3,3.0,6,,6,,6,2,,4,5,0,6,6,5,6,6,6,6,0,5,5,6,3,5,0,5,6,6,7,4,7.0,6,3.0,5,4,6,6,6,5,0,5,6,5,5,,7,5,6,5,3,6,5,7.0,4,6,6,6,7,7.0,7.0,6,6,5,2,6,6,7,6,0,4,7.0,7.0,7,6,6,7.0,6,6,6,5,6,1,6,6,6,,6,7.0,7.0,,5,,6,7,7.0,6,7,4,6,6,6,6,6,2,,,6,6,6,7.0,4,6,6,5.0,6,4,7.0,2,6,6,7.0,6,5,6,6,5,7,7,5,5,5,6,0,5,6,4,6,5,7.0,5,5,6,,6,6,6,6,6,6,2,7.0,,5,6,2,7,5,5,6,2,6,5,7,,7.0,6,7.0,,,6,3,7,6,6,7.0,,6.0,6,6,6,6,6,5,7,6,4,6,6,7.0,6,6,5,,7,7.0,6,2,6,5,6.0,6,,6,2,6,7,0,6,7.0,6,6,6.0,6,6,6,7.0,6.0,,7,6,6,,6,6,4,5,6,6,6,5,5,6,6,7,6,,7.0,4,6,6,6,,7,6,7.0,6,6,,6,7.0,,6,,6,6,7,6,7,4,7.0,6,6,6,7,3,7.0,6,,6,5,0,6,3,,7.0,6,7.0,5.0,6,6,6,6,5,2,7.0,6,6,6,6,6,6,6,7,5,6,1,,5,5,6.0,5,5,6,6,6,7.0,0.0,5,7,3,6,6,6,4,4,7.0,,6,6,7.0,,7.0,,7.0,7,6,6,7,,,,6,,7,,,6,6,6,7.0,,35,13,1.9549562898207142,-0.6308354824508982
5,3,5,4,4,5,6,5,5,6,5,5,5,5,6,3,6,6.0,6,0,4,6,6,6,5,5,5,5,5,6,1,5,5,6,5,5,6,6,5,6,5,6,6,6,,6,5,6,5,6,0.0,5,4,,5,5,5,3,5,5,4,5,5.0,6,,0,,6,2,,2,3,6,6,4,5,6,6,6,4,2,5,4,2,5,5,5,3,6,6,6,4,7.0,6,,4,4,6,5,6,5,2,4,6,0,4,7.0,6,5,2,5,6,6,5,7.0,5,5,6,6,5,5.0,6.0,6,5,5,6,6,6,6,6,6,5,7.0,7.0,6,5,6,7.0,4,6,5,5,6,5,6,3,0,,6,7.0,7.0,,5,,6,7,6.0,6,5,4,6,6,6,0,6,6,7.0,,5,6,6,6.0,4,6,6,6.0,6,5,1.0,6,1,6,7.0,5,5,5,5,5,6,6,5,5,4,6,5,5,6,4,6,5,6.0,6,5,6,,6,6,5,6,6,6,6,7.0,,5,6,6,6,4,2,6,6,5,5,6,,7.0,6,7.0,,,6,5,6,6,6,6.0,,7.0,5,6,6,5,5,3,6,6,5,5,6,7.0,6,6,6,7.0,6,5.0,6,5,5,6,7.0,5,,6,5,5,6,5,6,6.0,4,6,6.0,6,6,5,7.0,6.0,,6,5,6,7.0,0,6,6,5,6,5,5,1,5,6,6,6,6,,7.0,5,6,6,3,,6,0,6.0,6,5,,6,7.0,,5,,0,5,6,6,6,6,6.0,6,6,5,4,6,4.0,5,,5,4,6,5,3,,6.0,6,7.0,7.0,5,6,6,5,5,5,6.0,6,6,6,5,6,6,6,6,4,6,5,,5,0,,5,4,5,4,5,6.0,,1,6,6,5,5,6,3,6,7.0,,5,5,6.0,,6.0,,6.0,6,5,1,6,,,,6,,6,,,5,6,6,6.0,7.0,36,13,1.958393527882115,-0.6862119646107858
5,5,6,5,3,1,6,6,6,6,5,6,6,6,7,4,6,7.0,7,6,4,7,6,6,6,6,6,3,6,6,6,6,6,7,6,6,7,7,6,7,6,6,7,7,,6,6,6,0,6,,6,5,,6,5,6,6,7,6,5,6,7.0,7,,7,,7,6,,5,5,0,6,6,1,7,7,6,6,4,4,3,6,7,6,5,4,7,6,7,5,6.0,6,,4,4,7,6,6,6,6,3,7,4,0,,7,6,7,5,7,6,3,,5,6,6,6,7,7.0,7.0,6,6,5,6,6,6,7,6,7,0,7.0,7.0,7,6,7,,5,6,5,5,6,6,6,6,6,,7,,,,5,,6,7,7.0,7,7,5,6,6,7,6,3,6,,,6,4,7,3.0,5,6,0,7.0,7,6,7.0,6,6,6,,7,5,6,5,6,7,7,5,6,5,6,6,6,6,4,6,6,7.0,6,6,6,,6,6,6,6,0,7,6,,,5,6,6,7,5,6,7,7,6,3,6,,7.0,6,7.0,,,7,6,7,6,5,7.0,,7.0,6,5,6,6,6,6,7,6,4,3,7,,6,6,6,,7,7.0,6,6,6,6,7.0,5,,7,0,7,7,6,5,7.0,6,3,7.0,6,6,5,7.0,7.0,,6,6,7,,6,7,6,6,6,6,3,4,5,6,7,7,3,,,1,6,6,6,,7,6,0.0,6,6,,7,5.0,7.0,6,,6,6,7,7,7,6,7.0,7,7,5,7,6,7.0,5,,6,6,6,6,5,,4.0,7,7.0,7.0,5,6,6,0,6,6,7.0,6,6,6,5,0,6,7,6,5,6,6,,5,5,,6,5,5,7,5,7.0,,6,7,6,2,6,7,3,7,,,6,6,7.0,,7.0,,7.0,7,7,7,5,,,,6,,7,,,6,6,6,7.0,,37,13,1.9693712266234722,-0.6245749305638547
6,6,5,6,6,7,6,6,7,6,6,6,6,6,7,7,7,6.0,7,6,5,7,6,6,7,6,6,6,6,6,6,6,7,7,6,6,7,7,5,5,7,6,7,7,,7,7,7,6,7,,7,5,,6,6,0,6,0,6,6,6,7.0,5,,6,,7,6,0.0,6,5,7,7,5,5,6,3,7,7,4,6,2,7,2,6,6,5,6,3,7,6,,6,,5,6,7,4,6,7,6,5,7,5,3,,7,6,7,6,7,6,6,,5,6,7,6,7,7.0,7.0,7,5,3,7,6,3,4,7,7,4,7.0,,6,6,5,,5,7,7,6,7,6,7,7,6,,7,,,5.0,6,,4,7,7.0,7,7,5,7,7,7,6,7,7,,4.0,6,7,7,,0,7,7,,7,7,7.0,7,7,7,7.0,7,5,6,6,6,7,7,5,6,6,6,7,6,6,5,7,6,,6,0,6,7.0,6,7,6,0,5,7,7,,,4,6,6,7,5,6,7,7,6,4,7,,,7,,,,7,6,7,6,7,7.0,,,6,7,7,6,4,7,7,7,5,7,7,,7,7,0,,7,7.0,6,6,4,6,7.0,6,,7,6,7,7,7,6,7.0,6,7,7.0,6,6,6,7.0,,,7,7,7,,6,7,7,6,7,6,6,6,6,7,7,0,7,,,4,7,7,6,,7,7,7.0,6,6,,7,,,6,,3,6,2,7,7,2,7.0,6,7,6,7,6,1.0,6,,6,7,7,6,7,,,7,7.0,,6,7,6,6,7,7,,7,7,7,7,6,7,7,7,1,6,6,0.0,6,6,,6,5,6,7,6,7.0,0.0,6,7,6,6,6,7,3,1,,,6,6,,,7.0,,,7,7,7,7,,,,7,,4,,,2,6,7,7.0,,38,13,1.9819286031699008,-0.5328520330281138
6,5,4,5,5,6,6,5,5,2,5,5,5,4,6,6,3,5.0,7,6,0,6,5,6,3,3,5,6,5,6,5,5,6,6,5,5,6,6,6,6,6,6,6,6,,6,6,6,6,6,7.0,6,4,,6,5,2,5,6,5,0,5,7.0,6,,6,,6,5,,5,3,6,4,6,4,6,6,6,6,1,5,5,0,6,5,5,2,2,5,6,4,7.0,6,,4,5,6,6,6,6,6,5,6,4,3,7.0,7,5,6,5,6,6,5,7.0,5,6,6,6,7,6.0,6.0,5,5,4,6,2,5,7,6,6,5,7.0,7.0,6,6,7,7.0,0,6,6,5,6,5,6,6,6,,6,7.0,7.0,,5,,6,7,7.0,6,6,4,6,6,6,1,6,6,,,5,6,6,7.0,4,6,7,7.0,7,6,7.0,6,5,5,7.0,5,5,6,2,6,7,6,4,5,5,5,6,5,5,4,6,2,0.0,6,6,6,7.0,6,6,4,6,6,6,6,7.0,,2,6,6,6,5,5,6,6,5,5,3,,7.0,5,5.0,,,5,5,6,5,6,5.0,,7.0,5,5,6,5,5,6,6,6,5,6,7,,6,6,5,3.0,1,7.0,6,6,6,6,7.0,5,0.0,6,6,6,7,6,6,7.0,6,6,2.0,5,6,5,7.0,7.0,6.0,6,6,6,,6,6,6,5,6,5,5,5,5,6,6,6,4,,7.0,5,6,0,5,0.0,6,6,7.0,4,6,7.0,6,7.0,,6,,6,5,7,6,6,2,7.0,6,6,5,6,6,7.0,5,,6,0,3,6,5,,7.0,6,7.0,7.0,5,6,6,5,6,6,5.0,6,6,6,6,6,6,6,6,3,6,5,,5,1,,6,5,6,6,5,6.0,,6,6,6,5,6,6,4,6,7.0,,6,6,7.0,,7.0,,7.0,4,6,6,5,,,,6,,7,,,6,5,0,7.0,5.0,39,13,2.0311169822398356,-0.6141620633285051
6,6,7,6,0,6,3,3,4,6,4,6,6,6,7,6,6,7.0,7,6,4,7,6,7,6,6,5,5,6,6,6,6,6,7,6,6,7,7,6,7,7,7,7,7,,6,2,7,6,7,,6,5,,6,6,0,6,6,6,5,6,7.0,7,,3,,3,6,,6,5,7,7,6,5,7,7,7,7,5,6,4,6,7,6,6,6,7,7,5,5,,6,,5,5,4,6,7,6,2,4,5,5,6,,7,5,6,6,7,6,3,7.0,5,6,7,6,7,7.0,7.0,7,6,6,6,6,6,7,6,7,1,7.0,7.0,3,3,7,4.0,6,0,7,5,7,6,6,7,6,,7,7.0,6.0,,5,,7,7,,7,7,4,7,7,6,6,7,6,,,5,1,7,7.0,3,6,7,7.0,7,1,7.0,6,6,5,,7,5,7,6,0,7,6,5,6,5,6,6,0,2,5,6,6,7.0,6,4,6,,6,7,6,6,7,7,6,,,5,6,7,7,4,6,7,7,6,5,7,,,7,7.0,,,6,6,7,6,7,7.0,,,6,7,3,6,6,6,7,7,6,7,7,,6,6,6,,7,7.0,6,6,6,6,7.0,6,,7,6,7,6,6,2,7.0,6,7,7.0,6,7,6,7.0,7.0,,7,7,7,,2,6,6,5,7,7,6,6,6,7,6,7,7,,,6,7,0,6,,7,7,7.0,6,6,,7,,0.0,6,,6,7,7,7,0,7,7.0,7,6,6,7,7,1.0,6,,7,7,7,6,6,,7.0,7,7.0,,7,7,7,6,6,4,7.0,7,7,7,6,0,2,7,7,6,7,6,6.0,6,6,,6,6,6,7,6,1.0,,5,7,7,4,7,7,6,7,,0.0,6,6,7.0,,7.0,,,7,7,5,7,,,,6,,7,,,7,6,7,7.0,,40,13,2.018293575296356,-0.5993014106170035
5,5,2,5,5,1,6,4,5,5,5,5,5,0,6,6,5,6.0,6,5,4,6,5,6,6,5,4,6,6,5,3,4,6,7,5,3,4,6,5,6,6,6,6,6,,6,5,6,6,0,7.0,6,5,,6,5,6,5,5,4,5,3,7.0,0,6.0,6,,5,2,,0,4,6,6,6,5,6,6,6,6,4,6,5,6,6,5,6,4,6,6,6,3,7.0,6,,5,5,6,5,6,5,6,5,5,4,5,7.0,6,5,6,5,6,6,5,7.0,5,5,6,6,6,7.0,7.0,6,5,5,6,6,6,6,6,4,5,3.0,7.0,6,5,6,7.0,5,6,6,5,6,6,6,6,6,,6,7.0,7.0,,5,,6,6,0.0,6,6,5,6,6,6,6,6,6,,,5,6,6,7.0,5,6,6,7.0,7,6,4.0,2,6,6,7.0,3,4,6,6,5,6,6,5,5,5,5,6,5,6,4,6,5,6.0,6,5,6,,6,6,6,5,0,5,4,7.0,,3,1,6,5,5,6,6,6,5,5,6,,7.0,5,5.0,6.0,,6,1,6,6,6,6.0,,7.0,6,4,6,5,5,6,7,6,4,6,6,,6,0,6,7.0,6,5.0,6,3,6,3,6.0,5,,6,6,6,7,6,5,0.0,6,6,6.0,2,6,5,6.0,6.0,,6,6,6,,6,3,4,2,6,5,6,4,5,6,6,3,6,,7.0,5,6,6,6,,7,5,7.0,6,6,,6,7.0,,2,,4,6,6,6,6,6,7.0,6,6,5,7,6,7.0,5,,6,5,6,6,5,,7.0,6,7.0,7.0,6,6,6,6,6,6,7.0,0,6,6,6,6,6,6,6,2,6,5,,6,5,,5,5,6,3,5,6.0,,5,6,6,6,1,6,5,6,0.0,,6,5,7.0,,5.0,,7.0,6,6,6,7,,,,6,,6,,,4,5,6,7.0,7.0,41,13,1.8864409285819903,-0.5977520330290463
6,5,5,4,5,6,5,6,5,5,5,5,5,4,6,6,5,6.0,6,1,5,6,5,6,5,2,5,6,5,6,5,5,6,0,2,4,6,6,5,6,6,6,0,6,,6,5,6,5,6,7.0,6,4,,5,5,5,5,4,5,5,5,6.0,6,5.0,6,,6,5,,0,4,1,6,5,5,5,0,6,6,4,5,5,5,6,5,5,2,6,6,6,3,7.0,6,,5,5,6,5,5,6,6,5,4,4,5,7.0,6,4,6,5,6,6,5,7.0,4,5,5,6,5,7.0,7.0,6,2,5,2,5,6,6,6,6,5,7.0,6.0,6,6,7,0.0,5,6,6,5,6,1,6,6,6,,6,7.0,7.0,,6,,6,6,7.0,6,6,4,6,6,6,5,6,6,,,5,6,6,7.0,4,6,6,6.0,6,6,7.0,6,6,5,7.0,6,5,5,4,5,7,6,5,1,4,6,6,6,6,3,6,5,6.0,2,5,6,,6,4,6,6,6,6,6,7.0,,5,6,6,6,5,6,6,6,5,5,6,,7.0,6,3.0,,,6,5,6,6,6,7.0,6.0,7.0,6,6,6,1,5,5,6,3,4,6,6,7.0,2,6,6,7.0,6,7.0,6,6,5,6,7.0,3,,6,5,6,6,6,6,7.0,6,6,6.0,5,5,5,6.0,6.0,,1,0,3,0.0,6,6,6,5,6,5,6,5,5,6,6,5,6,,7.0,4,6,0,5,,6,5,7.0,4,5,,6,7.0,,5,,3,5,6,2,3,4,6.0,6,6,6,7,3,6.0,5,,6,6,3,6,6,,7.0,6,7.0,7.0,6,6,6,6,6,5,7.0,6,6,0,6,6,6,6,6,5,6,5,6.0,5,5,,5,5,5,6,5,6.0,,5,6,4,5,3,6,5,6,7.0,,6,6,7.0,,7.0,,7.0,6,6,3,7,,,0.0,5,,7,,,6,6,5,6.0,7.0,42,13,1.8476900149031297,-0.6065742677170984
7,6,8,7,7,7,7,8,7,7,7,7,7,7,8,8,8,8.0,8,7,6,7,7,8,7,7,4,7,7,7,7,6,7,8,7,7,8,8,7,8,7,8,7,8,,8,7,8,7,8,7.0,8,7,,7,7,7,7,7,6,7,5,0.0,7,0.0,8,,8,7,8.0,7,6,8,8,8,7,7,8,8,8,6,6,6,7,8,7,7,4,8,7,8,6,,8,,5,7,5,7,8,7,8,7,7,6,7,6.0,8,4,8,7,7,8,7,,7,7,8,8,8,8.0,7.0,8,6,6,7,7,8,8,4,8,7,8.0,8.0,8,7,8,7.0,7,8,0,6,5,7,7,6,7,,8,,,,3,,8,7,8.0,8,8,7,8,8,8,7,8,4,,,5,7,8,8.0,5,8,6,8.0,8,7,8.0,8,8,7,,8,6,8,7,7,8,7,6,7,6,7,8,7,7,5,7,4,8.0,7,6,4,7.0,4,8,3,7,8,8,8,,,0,7,8,8,6,7,8,7,7,6,8,,,8,,,,8,7,8,7,8,8.0,,8.0,1,7,7,7,7,7,8,8,4,8,8,,7,7,6,,8,0.0,8,7,7,6,8.0,3,,3,8,8,8,7,7,8.0,3,8,7.0,7,7,7,8.0,0.0,,8,8,2,,7,8,8,7,8,7,5,7,7,8,8,8,8,,,7,7,8,7,,8,7,8.0,8,7,0.0,6,6.0,,7,,7,7,8,7,8,1,8.0,8,8,7,8,8,8.0,5,,8,8,8,8,7,,8.0,8,,,8,8,7,7,6,7,8.0,8,8,8,7,0,8,8,8,6,7,7,,7,7,,8,7,7,8,6,8.0,,7,8,7,7,8,7,7,4,7.0,,5,7,8.0,,8.0,,8.0,8,8,8,7,,7.0,,0,,8,,,7,7,8,8.0,0.0,43,13,1.9591988130563796,-0.518009550869168
5,4,5,4,5,5,5,6,5,6,5,5,5,5,6,6,5,6.0,6,5,4,6,5,6,6,5,5,5,5,5,5,5,6,5,5,5,6,6,5,6,6,6,6,6,,6,5,1,5,6,3.0,5,4,,5,5,4,5,5,5,2,5,6.0,6,,6,,6,5,6.0,4,4,6,6,4,5,4,6,6,6,3,5,4,5,6,5,5,4,6,6,6,4,,6,,5,5,6,5,6,5,6,5,6,5,5,5.0,0,5,1,2,6,6,4,,5,6,4,6,6,6.0,6.0,6,5,4,0,5,2,6,6,6,5,2.0,5.0,4,5,2,,5,6,6,5,6,5,6,5,6,,6,,6.0,,5,,6,6,6.0,6,6,4,6,6,6,5,6,6,,,5,0,6,6.0,4,6,6,6.0,6,6,,6,6,5,,3,5,5,5,5,5,6,4,3,5,5,3,5,6,3,6,5,6.0,5,0,5,3.0,6,6,5,6,6,6,5,6.0,,5,5,6,6,4,6,6,6,5,4,6,,,4,,,,6,5,6,5,6,6.0,,,2,6,6,5,5,6,6,6,5,6,6,,6,6,5,,6,6.0,6,5,4,6,,1,,5,5,3,6,5,6,6.0,6,6,6.0,5,0,3,,6.0,,2,6,6,4.0,5,6,6,5,6,5,3,0,5,6,6,6,6,,,4,6,6,0,,6,5,,6,5,,0,,,5,,6,5,3,1,6,6,6.0,6,3,5,6,3,4.0,5,,6,5,6,5,6,,,6,,,1,5,6,6,5,5,6.0,6,6,5,6,6,6,6,6,5,5,0,,1,5,,6,4,5,6,5,6.0,,2,6,5,5,5,3,5,6,6.0,,5,5,,,6.0,,,6,6,5,6,,0.0,,5,,3,,,5,5,6,6.0,,44,13,1.8568904593639577,-0.5273875991379887
6,3,6,5,5,6,6,6,6,6,5,6,6,6,7,6,6,7.0,7,6,3,6,6,7,6,0,5,6,6,6,6,3,6,7,6,5,7,3,0,1,7,6,5,7,,3,5,6,6,7,5.0,6,0,,6,5,4,6,2,5,5,5,7.0,7,,6,,6,5,,6,4,7,5,6,5,6,7,1,6,4,6,5,6,6,6,6,5,4,2,7,5,7.0,6,,6,5,6,6,6,6,2,5,6,0,6,7.0,7,6,6,5,6,4,4,7.0,5,6,6,6,6,7.0,6.0,2,5,1,6,6,6,0,6,7,5,5.0,7.0,7,2,6,7.0,5,7,6,5,7,6,6,2,6,,6,,7.0,,5,,6,6,7.0,6,7,5,7,6,6,6,6,6,0.0,,6,5,6,7.0,5,7,7,7.0,7,6,7.0,7,6,6,7.0,6,5,7,6,6,7,6,5,5,6,6,6,5,6,4,6,5,7.0,6,6,6,,6,6,6,6,6,7,6,7.0,,0,5,0,7,5,6,3,6,5,5,0,,4.0,6,7.0,,,7,6,6,6,6,7.0,,7.0,5,4,6,4,5,6,6,6,6,6,3,,6,6,6,7.0,7,7.0,6,6,6,6,7.0,5,7.0,4,6,6,7,6,6,7.0,6,6,6.0,6,6,6,7.0,7.0,,7,6,7,,6,7,6,6,6,6,6,1,6,4,6,7,6,,2.0,5,6,6,5,,7,6,7.0,6,6,,6,7.0,,6,0.0,6,6,7,7,6,6,7.0,6,6,6,7,6,7.0,5,,6,6,5,6,6,,7.0,6,2.0,7.0,6,4,6,6,2,6,7.0,7,6,6,6,6,6,7,7,5,6,6,,6,6,,6,5,6,6,6,7.0,7.0,5,6,6,6,6,6,1,6,7.0,,6,2,7.0,,7.0,,7.0,3,6,3,7,,,,6,,5,,,6,6,5,7.0,,45,13,2.0852488963312528,-0.5606783675406048
4,5,6,5,5,6,5,6,6,6,5,6,6,6,7,4,6,7.0,7,6,5,7,6,6,6,6,2,6,5,6,6,6,2,6,1,6,7,7,6,7,6,7,6,6,,6,6,6,3,7,7.0,6,5,,6,5,6,6,6,6,5,5,7.0,7,,7,,7,6,,5,5,3,7,6,6,6,7,6,7,5,4,4,6,7,5,6,5,7,7,7,5,,6,,1,5,7,6,6,6,6,5,7,0,6,0.0,7,6,7,1,7,6,6,,5,4,5,6,7,7.0,5.0,7,5,6,7,6,5,7,7,7,5,7.0,7.0,7,6,7,6.0,0,7,4,4,7,6,6,5,7,,7,,,,6,0.0,6,6,7.0,7,7,1,7,7,4,6,7,7,,,6,6,7,7.0,5,7,7,7.0,7,7,7.0,6,6,4,7.0,7,6,6,6,6,7,7,5,6,6,6,7,6,6,5,3,6,,6,6,6,,6,6,4,6,6,7,7,7.0,,6,3,7,7,6,6,5,7,6,6,6,,,7,,,,7,6,7,6,5,7.0,,7.0,6,7,7,6,6,6,7,7,6,6,7,,6,7,6,,7,7.0,6,6,3,7,7.0,6,,7,6,7,7,7,7,7.0,6,6,7.0,6,6,6,3.0,7.0,7.0,7,6,7,,6,7,7,6,7,6,6,6,6,0,6,7,7,,,4,7,7,6,,7,6,0.0,6,4,,7,7.0,,6,,6,3,7,7,7,7,7.0,6,0,0,7,3,7.0,6,7.0,6,6,6,6,6,,5.0,7,,,6,7,6,6,6,5,7.0,6,4,6,6,7,7,7,5,5,6,6,,2,5,,6,6,5,6,5,7.0,,5,7,6,6,7,6,5,7,,7.0,6,6,,,7.0,,0.0,7,7,7,7,,,,6,,7,,,6,6,6,0.0,,46,13,1.983523823660383,-0.6231829074239829
5,4,6,5,5,5,5,3,5,5,6,6,6,5,6,6,5,7.0,6,4,4,6,5,6,1,5,5,5,4,5,6,5,5,6,5,5,6,3,5,6,6,6,5,6,,6,5,6,5,6,7.0,6,3,,6,5,5,5,6,5,2,5,6.0,6,,5,,6,5,,4,4,6,6,6,0,6,6,6,6,4,5,5,4,6,5,5,4,3,6,4,5,7.0,6,,5,5,6,5,5,5,4,4,6,4,5,7.0,6,5,5,5,6,2,4,7.0,5,2,6,5,6,7.0,6.0,6,4,5,4,6,5,6,6,6,5,6.0,6.0,5,5,3,7.0,4,6,6,4,6,5,6,6,6,,6,7.0,7.0,,5,,6,7,7.0,6,6,3,6,6,6,5,6,6,7.0,,5,6,6,7.0,5,6,4,6.0,3,6,7.0,6,0,6,7.0,6,6,6,5,4,6,6,5,5,5,6,6,2,6,1,6,5,6.0,5,5,6,,1,6,5,6,6,6,6,7.0,,4,5,6,6,1,5,6,6,5,4,6,,7.0,6,6.0,4.0,,6,6,6,5,6,6.0,,7.0,5,2,6,5,0,6,6,6,5,6,6,3.0,6,6,6,2.0,6,7.0,6,5,6,6,7.0,4,,6,6,6,6,6,6,6.0,2,6,7.0,6,6,3,6.0,7.0,,6,6,0,,5,6,6,0,6,5,5,5,5,4,6,6,6,,7.0,4,4,6,5,,6,6,7.0,6,5,,6,7.0,,5,,6,5,6,6,0,6,7.0,5,6,5,6,5,6.0,3,,6,6,6,5,5,,6.0,6,7.0,7.0,5,6,0,5,6,5,7.0,6,0,5,5,4,6,6,6,4,6,5,6.0,5,5,,5,5,5,6,5,6.0,0.0,5,6,6,5,1,6,1,6,6.0,7.0,5,5,6.0,7.0,6.0,,6.0,6,5,2,6,,,,0,,6,,,5,6,6,6.0,7.0,47,13,1.949247565653585,-0.6465240416984205
7,7,3,7,7,7,7,8,7,7,7,4,7,6,8,7,7,8.0,8,7,6,8,6,8,7,7,7,7,7,7,7,6,6,8,7,3,4,8,7,8,8,8,7,7,,7,7,8,7,8,,7,3,,7,7,7,7,7,6,7,7,8.0,5,,6,8.0,8,7,,6,4,6,8,5,7,7,8,7,8,6,5,7,7,7,7,7,5,7,5,8,6,8.0,7,,0,6,8,7,7,7,7,6,5,6,7,,8,7,7,7,7,8,6,8.0,6,7,7,7,8,8.0,6.0,7,7,6,7,7,7,8,7,8,6,8.0,6.0,8,5,8,,7,6,7,6,7,7,7,7,7,,7,8.0,,0.0,6,,7,8,,8,8,6,8,8,7,7,8,8,,,7,7,5,8.0,6,8,8,8.0,8,7,8.0,7,5,7,,7,7,7,7,6,8,8,5,6,6,7,7,7,6,2,7,6,8.0,7,1,7,,2,7,4,7,7,8,7,8.0,,7,7,7,8,2,7,8,6,3,6,8,,,7,0.0,0.0,,6,7,6,7,8,8.0,,8.0,7,7,5,7,7,7,8,8,6,5,8,,7,7,7,,8,0.0,7,3,7,7,8.0,7,,7,7,7,8,7,7,8.0,7,3,8.0,5,7,3,8.0,8.0,6.0,8,7,0,,7,7,0,7,8,3,7,6,7,5,8,8,8,,,6,8,7,6,,7,7,8.0,7,7,,8,8.0,,6,,0,7,8,8,3,7,8.0,8,7,6,8,7,8.0,7,,7,7,7,5,7,,8.0,8,6.0,8.0,7,4,7,7,7,7,8.0,7,8,7,7,8,7,8,0,6,7,5,,6,7,,7,3,7,7,6,7.0,,7,8,7,7,3,7,6,7,8.0,,7,7,8.0,,8.0,,8.0,8,8,7,8,,,,7,0.0,8,,,7,7,8,8.0,,48,13,2.0959999999999996,-0.5555073296349672
6,6,7,6,6,6,6,7,6,2,6,6,6,5,5,7,6,7.0,8,7,5,7,6,7,7,7,6,6,6,7,7,5,7,7,6,6,7,7,6,5,7,7,7,7,3.0,5,7,7,7,7,8.0,3,6,0.0,6,6,7,2,6,5,3,6,8.0,7,,0,,7,6,,6,6,7,7,7,6,7,7,7,7,4,3,5,6,7,6,6,6,7,7,7,4,8.0,5,,5,6,7,6,6,7,7,6,7,6,6,8.0,7,6,7,6,7,7,5,8.0,5,0,7,6,7,8.0,8.0,7,6,6,7,7,7,7,7,7,6,8.0,8.0,7,6,7,8.0,6,7,7,4,7,6,7,7,6,,7,8.0,8.0,,0,,7,7,8.0,7,7,6,5,7,7,6,7,7,,,6,1,7,8.0,5,7,7,7.0,7,5,8.0,7,7,3,8.0,7,5,7,6,6,7,7,4,6,6,6,6,6,7,4,7,6,8.0,7,6,6,,6,7,7,5,4,7,7,8.0,,6,6,7,7,5,7,7,7,6,6,7,,8.0,7,8.0,,,6,0,7,7,7,8.0,,8.0,6,7,1,6,6,5,7,7,6,7,7,,3,0,7,8.0,3,8.0,7,6,5,6,8.0,6,,7,7,7,7,3,7,8.0,7,7,5.0,6,7,6,8.0,7.0,,7,7,7,0.0,7,0,6,6,7,2,6,5,6,5,7,7,7,,8.0,6,7,6,6,,7,7,7.0,7,5,,5,8.0,,6,,7,7,7,7,7,7,8.0,7,7,6,7,7,7.0,6,,6,5,7,6,7,,8.0,7,8.0,8.0,7,7,7,3,6,7,7.0,7,7,7,6,7,7,0,7,6,7,6,,6,6,,7,6,2,7,0,7.0,,6,7,6,6,7,7,7,7,8.0,,7,7,8.0,,7.0,,8.0,7,7,6,6,,,,7,,7,,,2,6,7,8.0,8.0,49,13,1.9719421306444536,-0.6554696193852584
6,6,6,6,3,6,7,7,7,6,6,6,7,6,7,7,7,7.0,8,7,5,7,4,7,7,6,6,6,7,7,7,6,7,8,7,6,7,8,6,7,7,7,7,4,,5,2,7,7,7,8.0,7,6,,7,6,1,7,7,5,6,6,8.0,7,,7,,7,6,,6,3,8,7,7,7,7,8,5,7,5,6,6,7,7,6,7,4,7,0,8,5,8.0,7,,6,6,7,7,7,0,7,6,7,6,6,8.0,8,7,7,6,7,7,6,5.0,6,7,7,7,8,8.0,8.0,7,6,7,7,7,7,7,7,8,6,8.0,8.0,7,6,7,8.0,7,7,7,1,7,7,6,7,7,,7,8.0,8.0,0.0,6,,7,7,8.0,7,7,6,7,7,3,7,5,7,,,6,7,7,8.0,5,5,8,8.0,8,7,8.0,7,7,6,8.0,7,1,7,7,7,8,7,6,5,6,5,7,6,6,5,7,6,8.0,7,0,7,,5,7,4,7,7,7,7,8.0,0.0,6,6,7,7,5,7,1,7,0,6,7,,8.0,7,8.0,,,0,7,7,7,7,8.0,,8.0,1,7,7,7,6,7,7,7,6,4,8,,7,7,5,8.0,7,5.0,7,7,6,7,3.0,6,,7,7,7,4,7,6,8.0,5,7,7.0,1,7,6,8.0,8.0,,7,7,4,,7,7,6,6,7,7,6,6,7,7,7,7,7,,8.0,6,7,5,7,,7,7,8.0,7,6,,7,8.0,,6,,7,6,7,0,7,7,8.0,7,7,7,7,7,8.0,6,,7,6,7,7,7,,8.0,0,5.0,8.0,7,7,7,7,4,7,8.0,7,7,7,6,7,6,7,7,6,7,6,,6,6,,7,4,6,7,6,7.0,,5,7,7,6,7,7,6,7,8.0,,0,7,8.0,,6.0,,8.0,7,7,8,8,,,,7,,8,,,6,4,7,8.0,8.0,50,13,2.088885591334025,-0.6165176022527803
5,5,5,5,5,5,5,3,5,5,5,5,5,4,6,6,5,6.0,6,5,4,2,5,6,6,4,4,5,5,0,5,4,5,6,5,5,6,6,5,5,6,6,6,5,6.0,6,5,4,5,6,,5,4,,5,5,5,5,2,1,5,0,6.0,6,,6,,6,5,,4,3,6,6,5,5,5,6,6,5,4,5,4,5,5,5,3,5,6,1,6,3,,6,,5,4,5,5,6,0,6,5,6,4,5,5.0,6,5,6,6,2,6,4,,5,5,1,5,6,6.0,6.0,6,5,5,5,5,5,4,5,0,0,,6.0,6,5,6,,5,6,6,5,6,5,6,6,5,,3,,,6.0,5,5.0,2,6,,6,6,4,0,6,2,6,6,6,,,5,4,4,2.0,4,5,5,6.0,6,5,6.0,6,5,5,5.0,6,1,4,5,6,6,6,4,5,3,5,0,5,6,3,6,4,6.0,5,5,5,,5,6,5,5,6,6,5,,,4,5,5,6,5,5,6,6,5,5,6,,6.0,6,,,,6,5,6,6,6,6.0,,,5,5,5,5,5,5,6,6,4,6,6,,5,5,5,,6,6.0,5,5,5,1,3.0,5,,2,5,6,6,0,1,6.0,6,6,3.0,5,5,5,6.0,6.0,,5,5,6,,1,6,5,5,6,5,5,4,5,6,5,0,6,,6.0,5,6,1,5,,6,2,6.0,3,6,,6,6.0,0.0,5,,4,4,6,6,6,6,3.0,6,5,5,6,6,4.0,3,,6,5,2,6,6,,6.0,6,6.0,,5,6,6,5,5,6,4.0,6,6,6,6,6,6,6,6,4,6,5,,5,5,,5,5,5,6,5,6.0,5.0,5,6,6,5,6,6,6,6,,,5,2,,,6.0,,6.0,6,6,6,6,,,,5,,6,,,5,6,6,6.0,,51,13,1.8883081977004625,-0.5455879275310752
5,5,6,5,0,6,6,6,3,6,6,5,6,6,6,6,6,7.0,7,4,0,7,6,3,6,6,5,5,6,6,6,5,6,5,6,5,4,7,6,7,6,6,3,6,,6,6,6,6,7,7.0,2,5,,5,4,6,5,6,5,5,5,2.0,6,,7,,6,5,,5,4,7,6,6,5,6,7,6,7,5,6,5,5,6,4,6,5,6,6,5,4,7.0,6,,6,5,6,6,6,6,6,6,6,5,5,,7,6,6,5,6,6,3,7.0,4,6,6,6,7,7.0,7.0,7,6,5,6,6,6,6,6,7,6,7.0,6.0,7,6,0,7.0,6,7,6,4,6,6,6,7,6,,6,5.0,7.0,7.0,6,7.0,6,4,7.0,6,7,5,7,6,6,5,7,6,,,5,3,6,4.0,4,6,7,0.0,6,2,7.0,7,6,6,,0,5,6,1,5,7,7,4,5,0,6,6,6,6,1,6,1,7.0,6,5,6,0.0,5,6,6,6,6,7,6,7.0,,6,1,6,7,5,6,7,6,6,5,7,,,7,7.0,,,6,5,7,6,2,7.0,,7.0,6,6,6,6,6,6,7,6,6,7,7,,6,6,6,5.0,6,7.0,6,6,6,6,7.0,6,,4,6,6,6,3,6,7.0,6,6,7.0,6,6,6,7.0,7.0,,7,6,7,,6,6,2,5,6,5,1,5,6,6,6,7,7,,7.0,5,6,5,6,,7,5,5.0,6,6,,7,7.0,7.0,6,,6,6,0,7,7,6,0.0,6,6,5,7,6,7.0,6,,6,6,6,2,6,,7.0,6,7.0,7.0,6,7,6,6,4,6,6.0,3,3,6,6,6,6,7,6,5,6,4,,6,6,,2,6,5,5,6,7.0,,5,6,6,6,6,6,5,6,7.0,,1,6,7.0,,7.0,,7.0,7,2,6,7,,,,6,,6,,0.0,6,6,6,7.0,,52,13,2.0774144486692014,-0.5670907106617074
6,7,7,6,6,7,7,7,7,7,7,7,7,7,7,7,7,8.0,8,6,5,7,7,8,7,7,6,7,6,7,7,4,7,8,7,7,7,8,6,7,7,7,7,7,7.0,7,7,7,7,0,8.0,7,6,7.0,7,6,7,6,7,6,6,6,8.0,7,,7,,7,7,,6,4,8,8,7,6,7,8,7,8,6,6,7,7,7,7,3,6,7,7,8,6,8.0,7,,6,6,4,7,7,7,7,6,7,6,7,,8,7,7,7,7,7,6,8.0,7,5,7,7,8,8.0,8.0,7,6,6,7,7,7,8,7,8,6,8.0,8.0,8,7,8,8.0,7,7,7,6,8,7,7,4,7,,8,8.0,,,6,,7,6,8.0,7,7,5,8,0,7,6,8,7,,,5,0,7,8.0,5,7,6,0.0,7,7,8.0,7,7,5,8.0,7,6,7,3,6,8,8,2,3,5,6,7,7,7,4,7,0,8.0,7,7,4,,6,7,0,7,8,8,7,8.0,8.0,7,7,7,8,1,5,4,8,6,5,8,,8.0,7,8.0,,,7,6,8,7,7,8.0,8.0,8.0,7,4,7,7,5,7,8,0,6,8,8,7.0,7,7,3,8.0,8,8.0,7,7,6,7,8.0,7,,7,7,7,7,3,7,8.0,7,3,7.0,7,7,7,8.0,8.0,,8,7,8,8.0,7,8,7,7,0,7,7,6,6,7,7,6,8,,8.0,6,7,7,7,8.0,8,7,8.0,7,7,,3,8.0,,6,,7,7,8,8,8,7,8.0,7,8,7,8,7,8.0,7,,7,7,7,7,7,,6.0,7,8.0,8.0,7,7,7,3,6,7,8.0,8,7,7,7,7,7,8,7,6,7,6,,6,6,,3,3,7,7,7,8.0,,6,5,7,7,7,6,7,7,8.0,,7,7,8.0,,8.0,0.0,8.0,7,7,0,8,,,,7,,5,,,5,7,5,8.0,,53,13,2.0398424481139217,-0.6409124181609833
7,6,6,6,6,7,7,7,6,7,1,4,6,4,7,6,3,7.0,8,7,5,7,7,8,7,6,6,6,7,7,7,7,7,8,7,6,8,8,7,8,7,8,7,7,8.0,7,7,7,7,8,8.0,7,6,,7,7,7,7,7,3,6,7,8.0,8,,7,,7,7,,6,5,7,7,7,5,5,7,7,4,5,6,7,7,8,7,7,7,7,8,8,5,3.0,7,,7,0,8,6,4,6,7,6,7,2,6,8.0,8,7,8,7,8,7,7,8.0,2,7,7,7,8,8.0,8.0,7,6,7,7,7,6,8,7,8,5,8.0,8.0,7,7,8,,7,8,7,6,1,6,7,8,7,,7,,8.0,,6,,7,8,5.0,7,7,5,8,8,7,0,2,6,,7.0,7,7,8,8.0,6,8,8,8.0,8,7,8.0,0,7,7,,8,7,7,7,7,8,8,2,6,7,7,7,7,7,6,7,6,8.0,7,7,7,,7,7,7,7,7,8,3,8.0,7.0,7,7,7,8,6,6,8,4,5,6,8,,8.0,8,8.0,7.0,0.0,7,7,0,7,7,7.0,,8.0,7,6,7,7,6,7,5,8,6,8,0,,7,7,7,8.0,8,8.0,7,7,7,0,8.0,7,,7,7,8,8,7,6,8.0,7,8,8.0,6,7,7,0.0,8.0,,8,7,7,,7,7,7,6,7,6,7,7,0,7,8,8,8,,,6,8,7,7,,8,7,8.0,7,7,,7,8.0,,7,0.0,8,7,8,5,7,7,8.0,8,7,7,8,7,6.0,7,,8,6,7,7,7,,8.0,7,8.0,8.0,7,7,8,7,7,7,8.0,7,7,7,7,8,8,8,8,4,7,7,,7,3,,5,6,7,6,6,8.0,,4,7,8,7,7,8,7,7,8.0,,7,7,8.0,,8.0,,8.0,8,8,8,8,,,,7,,8,,,6,7,6,6.0,,54,13,2.1225445754004224,-0.5933704357228129
5,5,6,5,5,5,0,6,5,6,5,5,6,5,5,5,5,6.0,6,5,0,6,6,6,5,5,0,5,5,6,5,5,5,6,5,5,6,6,5,6,6,6,6,6,,6,5,6,5,6,7.0,6,4,,5,5,5,0,6,5,5,5,6.0,2,6.0,6,,6,5,,4,3,6,6,5,4,6,6,6,6,3,5,4,6,6,4,5,3,6,6,6,4,7.0,5,,4,4,6,5,2,5,6,4,6,4,5,6.0,6,5,6,0,6,6,5,7.0,4,5,6,6,6,6.0,6.0,6,5,5,4,0,5,0,6,6,2,6.0,0.0,6,5,7,7.0,4,6,6,5,6,5,6,6,6,,6,7.0,7.0,,5,,6,6,7.0,3,6,2,6,6,6,5,6,6,7.0,,5,6,6,7.0,5,6,6,7.0,6,6,7.0,5,5,5,7.0,6,5,2,1,3,7,6,4,5,5,6,6,5,6,4,6,5,6.0,6,5,5,7.0,6,6,5,3,4,6,6,7.0,,5,5,6,6,4,1,6,6,5,5,2,,7.0,5,3.0,,,4,5,6,5,6,6.0,,7.0,5,6,1,6,5,6,6,6,5,6,6,7.0,5,6,6,3.0,6,7.0,6,5,5,5,6.0,5,,6,5,6,6,6,5,7.0,0,6,2.0,5,6,5,6.0,6.0,,6,5,6,,5,6,4,5,6,5,5,2,5,6,5,6,0,,4.0,5,6,6,5,,6,6,7.0,6,5,,6,7.0,,5,,6,6,6,6,6,4,6.0,6,6,5,6,6,7.0,5,6.0,5,5,6,5,1,,4.0,6,7.0,7.0,6,6,6,5,6,5,7.0,6,6,6,6,6,6,6,6,4,6,5,,5,5,,6,4,6,6,5,6.0,,5,6,6,1,6,6,2,6,7.0,,4,4,7.0,,7.0,,7.0,3,6,6,6,,,,4,,4,,,3,5,6,7.0,2.0,55,13,1.9692798145196349,-0.6320343342017367
8,8,8,7,1,1,9,5,8,8,7,8,8,8,9,9,8,0.0,9,9,6,9,4,9,8,8,7,8,8,8,8,7,9,9,8,4,9,9,8,9,9,9,3,6,,8,9,9,8,9,,8,8,,8,8,9,8,2,8,8,8,9.0,9,,9,0.0,8,7,,8,6,9,9,9,0,9,9,9,9,5,8,7,7,9,7,8,7,8,9,0,5,,8,,8,8,9,8,9,8,9,8,7,7,8,,9,8,9,8,9,9,7,,8,8,8,9,9,,9.0,9,8,8,9,8,9,9,9,9,8,9.0,,9,8,9,,8,9,9,7,8,8,8,7,9,,9,,,,8,,9,9,8.0,8,9,7,8,1,5,8,9,9,,0.0,8,8,9,9.0,6,9,0,9.0,3,9,,9,9,9,,9,6,9,0,8,9,8,8,8,7,8,8,8,9,7,9,8,,9,8,8,,8,9,8,9,9,9,7,,,8,8,9,0,7,8,9,9,8,7,9,,,9,,,,9,8,9,9,2,9.0,,,8,9,9,8,8,9,9,9,8,9,9,,9,9,8,,9,8.0,5,8,8,9,,8,7.0,9,9,6,9,8,9,9.0,6,9,9.0,8,7,8,,9.0,,9,9,9,,8,9,9,8,9,8,6,7,8,5,8,9,9,,,4,9,9,8,,9,9,9.0,8,8,,9,,,8,,8,8,9,9,9,9,,9,9,9,9,8,9.0,8,,9,7,9,8,8,,9.0,9,9.0,,9,9,9,8,8,8,9.0,9,7,8,8,9,5,0,9,8,9,8,,8,7,,8,8,5,9,8,9.0,,7,9,8,8,9,9,8,9,9.0,,9,8,,9.0,9.0,,,5,0,9,9,,,,9,,8,,,8,9,9,9.0,4.0,56,13,2.1664237831535997,-0.5268428713988016
7,7,7,7,5,7,7,7,7,7,1,7,7,7,8,7,7,8.0,8,7,4,7,7,8,7,7,6,4,6,7,7,6,6,6,5,6,8,8,6,7,7,8,3,4,,7,7,7,7,7,8.0,7,7,,7,6,7,4,7,2,6,6,8.0,8,,7,,0,6,,6,5,8,6,7,6,8,8,8,8,5,7,6,7,5,6,7,4,7,7,8,6,8.0,7,8.0,6,6,1,7,7,7,7,7,7,6,7,,8,7,7,6,7,8,7,8.0,6,3,7,7,8,8.0,8.0,8,6,7,7,7,7,5,7,8,6,8.0,8.0,8,1,0,8.0,6,1,8,2,7,7,7,8,7,,8,,8.0,,5,,7,8,5.0,8,8,0,8,6,7,5,7,0,,,6,7,8,8.0,6,8,8,8.0,8,7,8.0,7,7,7,8.0,7,6,8,7,7,8,8,5,0,6,7,7,7,8,6,8,7,8.0,7,7,7,,7,8,7,7,8,0,7,8.0,,6,7,7,8,6,7,8,8,6,6,5,,8.0,8,8.0,,,8,3,8,7,7,8.0,,8.0,7,7,7,7,7,7,8,7,6,7,8,,7,3,7,8.0,8,8.0,7,7,7,7,8.0,7,,8,7,7,8,6,4,8.0,7,8,8.0,7,7,7,7.0,8.0,8.0,8,6,8,0.0,7,8,7,5,7,7,7,6,7,7,7,8,7,,0.0,7,7,8,7,8.0,8,7,8.0,7,7,6.0,8,8.0,,7,,7,7,8,8,3,7,8.0,7,8,7,8,7,8.0,7,,8,7,0,7,7,,8.0,3,8.0,8.0,7,8,4,7,6,7,8.0,8,7,7,7,8,7,8,0,6,4,7,,7,7,,7,6,7,7,7,8.0,,7,7,7,7,7,7,5,7,8.0,,7,7,6.0,4.0,8.0,,8.0,7,7,8,8,,,,7,,7,6.0,,7,7,7,8.0,,57,13,2.0765758989017598,-0.5791799576359979
5,5,6,5,3,5,6,6,6,6,5,6,6,5,6,0,6,7.0,7,5,4,6,6,6,6,5,5,5,6,6,5,4,5,3,2,5,0,6,5,6,6,6,6,6,,6,4,5,6,6,7.0,5,5,,6,5,6,5,6,5,5,5,7.0,6,,6,0.0,6,4,,0,4,7,6,6,5,6,7,6,5,4,6,5,6,6,3,1,4,6,6,7,4,7.0,6,,5,4,6,6,6,5,6,5,1,5,5,7.0,4,5,5,5,6,6,4,7.0,5,6,6,6,7,7.0,6.0,6,5,5,5,6,6,7,6,7,6,7.0,7.0,7,6,7,7.0,5,6,6,5,3,6,6,5,6,,5,7.0,7.0,,5,,3,6,7.0,6,7,2,6,6,6,4,6,4,,,5,6,6,7.0,4,0,6,7.0,7,6,5.0,6,6,6,7.0,4,5,6,0,5,7,6,1,0,5,5,6,4,6,4,6,2,7.0,6,5,6,,6,6,6,6,6,6,6,5.0,5.0,5,6,6,7,5,5,6,7,5,3,6,,7.0,6,7.0,,,6,5,7,4,6,7.0,,7.0,6,6,6,6,5,6,6,6,4,7,7,,6,6,6,7.0,7,7.0,6,5,5,6,7.0,5,,6,6,6,6,6,6,3.0,6,6,7.0,6,6,2,6.0,7.0,6.0,6,6,6,0.0,6,3,6,5,6,5,2,4,3,6,6,7,6,,7.0,5,6,6,5,,7,6,0.0,6,6,,7,7.0,,6,,6,6,6,6,7,6,7.0,6,6,6,7,6,7.0,6,,6,6,6,6,6,,7.0,6,7.0,7.0,0,6,6,5,6,6,7.0,6,6,6,6,6,6,6,6,3,6,5,,6,5,,6,5,6,5,6,7.0,,6,6,6,5,6,6,6,6,7.0,,6,6,7.0,,7.0,,5.0,6,6,6,7,,,,6,7.0,6,7.0,,5,6,6,7.0,,58,13,1.9229618548990277,-0.6132295158703314
6,6,7,5,6,0,6,6,5,6,0,6,7,6,7,6,2,3.0,7,7,4,7,2,0,6,2,6,6,6,7,6,5,6,7,5,5,7,7,6,7,6,7,6,7,,7,6,7,6,7,,6,5,,6,5,1,6,6,6,6,5,7.0,7,,7,,3,6,,6,5,7,7,6,5,7,7,7,4,5,6,6,6,6,6,6,5,7,0,7,4,5.0,6,,2,5,7,7,6,4,7,5,7,5,6,,7,6,7,6,7,7,5,,6,6,7,6,7,3.0,6.0,7,6,6,7,6,6,7,6,7,5,6.0,7.0,7,6,7,,5,7,6,5,7,6,7,7,7,,7,,,,6,,7,7,7.0,7,7,3,7,7,7,6,7,0,,,5,3,7,7.0,5,6,7,7.0,7,7,,6,6,4,,7,6,7,6,6,7,7,4,5,6,6,7,4,6,4,7,5,7.0,6,6,6,,6,7,6,7,7,7,6,,,6,6,7,7,0,0,7,7,6,5,7,,,6,7.0,,,6,6,7,3,6,7.0,,,6,6,5,6,6,7,7,7,6,7,7,,6,7,6,0.0,7,,7,6,6,7,7.0,6,,7,6,7,7,7,6,7.0,6,7,7.0,6,6,0,3.0,6.0,,7,6,7,,4,7,7,6,7,7,1,6,6,7,7,7,7,,,6,7,7,4,,7,6,,7,6,,7,7.0,,6,,6,7,7,7,7,7,6.0,7,7,6,7,4,7.0,6,,7,6,7,7,6,,7.0,7,7.0,,6,7,6,6,6,6,,7,7,7,6,7,7,7,7,4,6,6,0.0,6,2,,6,6,6,7,6,5.0,,6,7,7,5,7,7,6,7,,,7,5,,,7.0,,7.0,7,7,7,7,,,,6,,7,,,6,7,7,,,59,13,1.9734228971962617,-0.6072086900161383
5,4,6,5,5,3,6,5,1,5,5,5,5,4,6,5,5,6.0,6,6,4,6,6,6,6,5,3,5,5,6,5,5,6,6,5,5,6,6,6,6,6,6,6,2,,6,5,6,6,6,7.0,6,5,,5,5,6,5,6,5,5,5,7.0,6,,6,,5,5,,4,0,6,6,0,5,4,6,6,6,4,2,4,0,6,5,5,4,6,5,6,4,7.0,5,,5,5,6,6,6,6,6,6,6,4,5,7.0,7,5,6,5,6,6,5,7.0,5,6,6,5,7,7.0,7.0,6,5,5,6,5,6,6,6,6,4,7.0,7.0,6,6,7,7.0,2,6,6,5,6,6,6,6,6,,1,7.0,7.0,,1,,6,6,7.0,6,6,5,6,5,6,6,6,6,,,5,6,6,6.0,4,6,6,6.0,6,5,7.0,4,5,6,5.0,6,0,6,3,1,6,4,4,5,5,6,5,5,6,0,6,5,7.0,6,5,6,,6,6,6,2,6,6,5,7.0,,5,5,6,6,5,6,6,6,5,5,6,,7.0,6,7.0,,,6,5,7,6,2,6.0,,7.0,5,6,6,5,5,6,6,6,5,6,6,,6,6,4,7.0,6,7.0,6,6,5,4,7.0,5,,4,6,6,6,6,5,7.0,6,6,6.0,4,6,5,3.0,7.0,,2,6,5,,6,6,6,5,6,5,5,3,5,6,6,6,6,,7.0,1,6,6,5,,5,0,0.0,0,6,,6,6.0,,6,,6,6,2,6,6,6,6.0,6,5,5,7,6,6.0,5,,5,5,6,6,5,,6.0,6,4.0,7.0,6,6,0,3,6,6,7.0,5,6,6,6,6,6,3,6,5,6,5,,5,4,,6,5,6,6,5,7.0,,5,6,6,6,4,6,5,6,7.0,,6,5,7.0,,7.0,,6.0,6,4,6,0,,,,6,,6,7.0,,6,1,6,7.0,7.0,60,13,2.0540901007705985,-0.6382088729532193
5,6,6,6,6,6,7,6,6,6,0,6,6,6,7,7,6,7.0,7,7,4,7,6,7,6,6,5,6,6,6,6,0,6,0,5,5,7,7,1,7,7,7,1,3,0.0,6,6,7,7,7,,6,6,,7,6,7,7,7,5,6,0,7.0,7,,7,,5,2,,1,4,7,7,7,6,7,7,3,7,4,6,6,6,7,5,6,2,7,7,7,4,,7,,4,6,7,6,6,5,7,6,6,5,6,,7,6,7,6,7,7,6,,6,6,7,6,7,,,7,6,6,6,3,7,7,7,7,6,,7.0,7,6,2,7.0,6,7,7,5,0,6,6,7,6,,7,7.0,6.0,0.0,6,,7,7,,7,7,6,7,7,7,3,7,3,7.0,,6,7,3,7.0,6,7,7,4.0,7,6,,4,7,7,,6,6,5,6,6,2,7,6,6,5,6,6,6,7,3,7,5,,7,6,7,7.0,6,7,6,6,5,7,7,,,6,7,7,7,5,6,7,7,6,5,6,,,7,7.0,,,7,6,7,0,7,3.0,,,7,7,7,6,6,6,7,5,5,7,2,,6,6,6,,7,,7,5,7,5,,6,,7,7,7,7,5,7,,7,7,7.0,6,7,6,7.0,0.0,5.0,7,7,7,,6,7,7,6,7,6,6,5,6,7,7,7,7,,,5,7,7,6,4.0,7,7,2.0,7,6,,7,,,7,,6,7,7,7,1,7,,6,7,6,7,7,7.0,6,,5,6,7,7,6,,7.0,7,,,7,7,7,7,6,7,7.0,7,7,7,6,7,7,7,7,6,6,6,,7,3,,6,6,6,7,7,,,6,7,7,6,4,7,5,4,,,7,6,7.0,,7.0,,0.0,7,7,7,7,,,,7,,7,,5.0,6,7,7,7.0,,61,13,2.0209192692987625,-0.44103974420947784
5,5,5,1,4,5,5,5,5,5,2,4,2,4,2,5,4,6.0,6,5,3,6,4,6,5,5,0,2,5,5,5,5,5,6,5,4,6,6,4,6,6,5,2,5,,5,5,5,5,5,,5,0,,5,5,5,0,5,4,4,5,6.0,5,,5,,6,5,,4,4,5,3,5,4,0,5,6,5,3,5,4,4,5,5,5,0,2,5,6,3,6.0,5,,4,4,6,5,5,5,2,1,5,4,5,4.0,6,4,2,4,6,5,5,6.0,5,5,5,5,6,6.0,5.0,5,5,4,5,5,5,6,5,6,4,6.0,4.0,5,4,6,,5,6,5,4,6,5,3,5,6,,6,,,,5,,5,6,6.0,6,6,5,6,6,6,5,5,5,4.0,,4,5,6,6.0,4,6,1,3.0,0,5,6.0,6,5,5,,6,4,5,4,5,6,5,2,4,0,5,5,5,5,3,6,4,6.0,5,5,5,,5,5,5,5,6,6,5,0.0,,5,5,5,6,4,5,5,6,4,3,6,,6.0,5,,,,5,4,6,2,5,6.0,,6.0,5,5,5,5,4,5,6,5,3,5,6,,2,5,4,,6,6.0,5,2,5,5,6.0,4,,6,3,6,6,5,5,6.0,5,6,6.0,5,5,5,6.0,6.0,,6,5,5,,5,5,5,5,5,5,5,4,4,6,5,6,6,,6.0,4,5,6,5,,6,5,6.0,5,5,0.0,3,6.0,,5,,5,5,6,6,6,5,6.0,6,4,5,6,5,6.0,5,,5,5,2,5,5,,6.0,6,6.0,6.0,5,6,6,5,5,5,6.0,6,0,5,5,5,5,6,5,4,5,5,,3,5,,5,3,5,6,5,6.0,,4,6,5,5,5,5,5,6,6.0,,5,5,6.0,,6.0,,5.0,6,6,5,6,,,,5,,6,,,5,1,6,6.0,,62,13,1.887945164655044,-0.6270338587587879
3,6,6,6,6,7,7,4,6,7,6,7,3,7,7,7,7,8.0,8,6,5,7,7,8,7,6,6,7,7,6,0,6,7,8,6,6,7,7,7,4,7,7,7,7,,7,7,4,7,7,8.0,7,6,,7,6,2,6,7,0,6,5,8.0,8,,7,,7,7,,5,6,7,7,7,6,5,8,7,7,4,2,5,6,7,7,2,6,4,0,8,5,8.0,7,,6,6,7,6,7,7,7,7,7,6,7,,8,7,7,7,7,3,5,8.0,7,6,7,7,8,8.0,8.0,7,6,6,7,7,7,8,7,0,0,8.0,8.0,8,7,8,8.0,0,8,7,6,7,7,7,3,7,,7,8.0,8.0,,6,,7,8,8.0,7,8,6,7,7,4,6,8,7,,,7,7,7,3.0,6,1,5,8.0,7,7,8.0,7,7,7,8.0,7,1,0,7,7,7,7,5,7,6,7,6,6,7,5,7,6,8.0,7,6,7,,4,7,7,7,7,0,7,8.0,,6,7,7,8,6,7,8,7,7,6,8,,,7,8.0,,,7,7,8,7,7,8.0,,8.0,7,7,4,7,6,6,8,6,6,8,8,,7,7,7,8.0,7,8.0,7,6,7,3,8.0,7,,7,7,7,8,7,7,8.0,7,7,8.0,7,7,7,8.0,8.0,,8,7,8,,7,8,7,5,7,7,7,6,7,7,7,8,8,,,6,8,7,5,,8,6,8.0,7,7,,7,8.0,,7,,6,7,8,1,8,7,4.0,7,7,7,8,7,8.0,6,,7,6,6,7,7,0.0,5.0,7,8.0,8.0,7,8,7,7,7,7,8.0,6,7,7,7,4,8,8,5,6,7,6,,7,7,,7,7,7,7,6,8.0,,7,8,2,7,7,7,7,7,8.0,8.0,7,7,8.0,,8.0,,8.0,8,8,8,8,,0.0,,7,,8,,,7,7,7,8.0,,63,13,2.090990721340915,-0.6302526794327411
6,5,6,5,5,6,6,3,6,6,6,6,6,6,7,6,6,7.0,7,6,5,4,6,7,6,6,5,6,5,6,0,6,6,6,3,5,7,7,5,7,7,6,6,2,,6,6,7,1,7,7.0,0,5,,6,6,6,6,6,6,6,2,7.0,7,,7,,5,6,,5,5,7,7,3,6,5,7,7,4,5,6,5,6,7,5,3,4,7,6,7,4,,6,,5,5,6,6,6,6,6,4,6,5,6,7.0,7,6,5,1,3,7,6,,0,6,6,7,7,7.0,7.0,7,6,5,6,6,6,7,6,7,6,7.0,7.0,7,4,7,,6,7,7,5,7,6,6,6,6,,7,,,,6,,6,7,7.0,7,6,6,7,7,7,6,7,7,,,6,6,7,7.0,6,7,7,7.0,7,7,7.0,7,6,6,,7,5,6,6,2,4,7,5,2,6,6,6,6,7,5,7,6,4.0,6,6,6,,6,6,6,6,7,7,6,,,6,6,7,7,5,6,7,7,6,5,7,,,7,7.0,,,7,6,4,6,7,7.0,,7.0,6,7,7,6,0,0,7,0,4,7,0,,6,6,3,,7,3.0,7,6,6,7,7.0,6,,7,6,6,7,6,6,0.0,6,6,7.0,7,6,6,7.0,7.0,,7,6,7,,6,7,6,6,7,6,6,4,6,7,6,7,7,6.0,,4,7,5,6,,7,6,7.0,6,1,,6,7.0,0.0,5,,6,6,7,7,7,7,7.0,7,7,6,7,6,7.0,5,,6,6,7,6,6,,7.0,7,7.0,,6,7,6,6,3,7,7.0,6,6,7,0,6,7,7,7,5,6,6,7.0,2,2,,6,5,6,7,6,7.0,,6,7,6,6,4,7,6,6,7.0,,6,6,7.0,5.0,7.0,,7.0,6,7,7,7,,,,7,,7,,,6,6,6,7.0,7.0,64,13,1.9864725775621233,-0.6355598229275082
6,5,6,5,3,6,1,6,6,6,3,6,6,5,7,6,6,7.0,7,6,4,6,6,2,6,6,5,5,6,6,6,4,6,7,6,5,7,6,5,6,6,6,6,6,0.0,6,6,6,5,6,7.0,5,5,,6,2,6,6,6,5,5,5,7.0,7,,6,,6,6,,6,5,7,7,6,5,6,7,6,6,0,6,5,6,6,6,2,5,6,2,7,5,7.0,6,5.0,5,4,7,5,6,6,6,5,1,5,5,7.0,3,6,6,6,6,6,4,7.0,4,6,6,4,0,7.0,7.0,6,5,1,6,6,6,7,6,7,5,7.0,7.0,7,6,2,7.0,6,6,6,4,6,0,6,6,6,,6,,,,5,,6,7,7.0,6,6,4,6,7,4,6,7,6,,,5,6,7,7.0,5,7,7,7.0,7,6,7.0,6,4,6,7.0,7,5,6,6,5,6,6,1,5,5,6,6,6,6,5,7,5,7.0,6,6,6,,6,6,6,5,6,7,6,7.0,,5,6,6,7,5,5,6,7,6,4,6,,7.0,7,7.0,0.0,,6,6,7,6,6,7.0,,5.0,6,6,6,2,0,6,7,6,6,7,7,,6,6,6,7.0,7,7.0,6,6,5,3,7.0,5,,0,6,6,7,6,2,7.0,6,6,6.0,6,3,6,7.0,7.0,,0,1,6,,6,6,6,1,6,6,6,5,6,6,6,7,7,,,6,7,6,4,,7,6,7.0,6,6,,5,7.0,,6,,6,6,0,7,7,6,7.0,6,2,6,4,6,7.0,6,,6,6,6,3,6,,7.0,6,7.0,7.0,6,6,6,6,6,5,7.0,6,5,6,6,6,1,7,7,5,6,5,,5,5,,6,6,6,6,6,7.0,7.0,5,6,6,6,6,3,6,7,7.0,,5,6,7.0,,7.0,,7.0,7,7,7,7,,,,6,,7,,,6,6,0,7.0,,65,13,2.055731284832053,-0.6270514254062577
8,8,5,8,6,9,9,8,8,8,8,8,8,6,9,9,7,9.0,9,8,7,7,7,9,9,8,3,8,8,9,8,8,9,4,8,8,8,9,8,9,9,9,9,9,,9,9,6,8,9,10.0,9,8,,8,8,9,9,8,8,8,8,9.0,9,,9,,9,7,,8,7,5,9,4,6,8,9,9,9,7,8,7,8,0,7,8,6,9,9,8,1,10.0,9,,7,7,5,0,9,9,9,8,9,7,8,10.0,9,8,9,8,9,9,8,10.0,0,8,9,9,10,10.0,9.0,9,9,8,9,8,9,9,3,9,8,10.0,9.0,9,8,0,10.0,9,9,9,8,9,8,8,0,9,,9,10.0,10.0,,9,5.0,9,10,3.0,9,5,8,9,9,9,9,9,9,8.0,,9,9,9,9.0,8,9,9,10.0,9,9,10.0,8,9,9,10.0,9,7,0,9,8,8,9,8,8,8,9,8,8,9,7,9,8,9.0,9,3,9,,9,6,8,4,9,9,0,10.0,,8,7,9,9,8,9,9,9,8,8,9,,10.0,9,10.0,,,9,8,9,9,9,10.0,,10.0,8,9,9,7,8,4,9,9,8,9,9,9.0,8,9,9,10.0,9,10.0,9,8,9,8,10.0,8,10.0,9,8,9,9,9,9,10.0,9,9,9.0,8,9,8,10.0,9.0,,9,9,0,,9,9,9,9,9,8,9,8,8,9,9,9,6,,10.0,7,9,3,7,8.0,9,8,10.0,9,8,,5,0.0,5.0,9,,2,9,9,9,9,9,9.0,9,9,9,9,9,9.0,8,,9,6,9,9,8,,10.0,9,10.0,10.0,9,9,9,9,7,8,10.0,9,9,9,9,9,9,9,9,8,9,7,,8,8,,8,8,8,9,8,9.0,,7,9,9,9,7,9,8,9,10.0,,8,6,10.0,,9.0,,10.0,9,9,9,9,,0.0,,9,,9,,,8,9,9,10.0,10.0,66,13,2.2391176470588237,-0.5889783210508824
7,7,7,7,7,8,8,8,7,7,7,5,7,3,6,8,7,8.0,8,8,5,3,7,8,8,7,7,7,7,8,7,6,7,8,7,5,8,8,7,8,8,8,8,8,,8,8,8,7,2,9.0,8,7,,8,7,7,1,7,7,7,7,9.0,3,,8,,8,7,,7,6,8,8,8,6,8,8,8,6,5,7,7,6,8,7,7,6,8,8,8,5,6.0,7,,6,7,8,7,7,8,8,7,8,7,6,9.0,2,7,0,8,8,8,7,9.0,7,5,8,8,8,8.0,8.0,8,7,7,8,8,8,6,8,8,7,8.0,9.0,8,8,8,9.0,7,8,7,1,8,7,6,1,6,7.0,8,9.0,9.0,7.0,7,,0,8,9.0,4,8,7,8,0,8,8,8,8,9.0,8.0,7,8,8,9.0,6,8,8,9.0,8,5,9.0,8,7,8,9.0,8,7,8,7,7,9,8,6,6,7,7,3,7,7,6,8,6,8.0,8,7,7,9.0,7,8,7,8,8,8,8,9.0,,7,8,8,8,6,7,8,8,1,0,8,,9.0,8,9.0,,,7,7,8,7,8,8.0,,9.0,0,8,4,6,7,7,8,8,6,8,8,,7,8,4,9.0,8,9.0,8,8,7,8,9.0,7,,8,7,8,8,8,7,9.0,8,8,8.0,8,8,7,8.0,8.0,,8,8,8,,8,8,8,7,8,8,7,4,7,8,8,8,8,,9.0,7,8,5,7,,8,7,5.0,8,7,,8,9.0,,7,,8,8,8,8,8,8,8.0,8,8,7,8,8,9.0,0,,8,7,8,8,8,,8.0,8,9.0,9.0,6,1,8,7,7,7,0.0,6,8,8,8,8,8,8,8,7,8,7,0.0,7,7,,8,7,7,8,6,8.0,,7,8,6,8,6,8,8,0,9.0,,8,7,9.0,,8.0,,7.0,8,8,8,8,,,,2,,5,,,8,7,8,9.0,0.0,67,13,2.1591042154566744,-0.5943976091237668
6,6,3,5,5,4,6,5,4,5,4,6,2,5,6,6,5,6.0,7,6,4,6,6,5,6,2,5,5,5,6,6,5,6,7,0,5,6,7,6,6,6,7,6,6,,4,6,6,6,6,7.0,6,5,,6,6,6,5,5,3,6,6,7.0,6,,6,,5,6,,2,5,1,6,6,5,6,6,6,6,5,5,4,6,2,5,6,6,6,1,7,0,7.0,6,,6,5,6,6,3,6,6,6,6,5,6,7.0,7,6,6,6,7,6,5,6.0,6,6,6,6,7,7.0,7.0,7,5,4,6,6,0,6,6,4,0,7.0,7.0,3,4,7,7.0,5,7,6,5,6,6,6,6,5,,0,2.0,7.0,7.0,5,,6,7,7.0,6,0,5,7,6,6,6,7,7,,,5,6,7,5.0,5,7,7,7.0,7,6,7.0,6,6,6,7.0,6,4,6,6,6,4,6,4,6,6,6,3,2,5,5,6,5,7.0,6,6,6,,4,6,6,5,3,6,6,7.0,,4,6,2,7,6,6,0,5,5,6,6,0.0,7.0,6,7.0,,,6,6,7,6,6,7.0,0.0,7.0,6,6,6,6,5,6,7,7,5,7,7,,6,6,6,7.0,7,7.0,6,6,5,5,7.0,6,,6,6,6,7,6,6,7.0,6,6,6.0,5,5,6,6.0,7.0,,6,6,6,,6,6,0,6,6,2,6,5,5,7,6,6,3,,,5,7,6,6,,7,6,7.0,6,6,,7,7.0,,6,,6,6,7,7,6,6,7.0,6,6,6,5,7,4.0,6,,6,5,6,6,1,,5.0,7,7.0,7.0,6,7,6,6,6,6,7.0,6,6,7,6,7,7,7,6,4,6,6,,6,5,7.0,6,5,6,6,2,7.0,,4,6,6,6,6,7,5,6,7.0,,6,6,7.0,,7.0,,7.0,7,7,7,7,,,,6,,7,,,6,6,6,7.0,7.0,68,13,1.9597274791824375,-0.5986268454070561
4,5,6,5,5,6,6,4,4,5,5,5,5,4,5,6,5,6.0,0,5,4,6,5,6,5,5,5,5,5,5,5,0,5,6,5,5,6,6,5,6,6,6,6,6,,6,3,6,5,6,6.0,6,4,,6,5,6,0,1,5,5,5,7.0,6,,3,,6,5,,5,4,6,6,6,4,6,5,6,6,4,5,4,5,6,5,6,0,5,6,6,3,7.0,5,,4,0,6,5,3,0,6,5,6,5,5,7.0,7,5,6,5,6,6,5,7.0,5,5,6,6,6,7.0,6.0,6,5,5,6,5,6,6,6,6,4,7.0,7.0,6,5,6,7.0,0,6,6,5,6,6,6,6,6,,6,7.0,7.0,,5,6.0,6,6,6.0,6,6,5,6,6,6,5,6,6,,,5,5,6,7.0,5,6,3,4.0,6,6,7.0,6,5,6,7.0,6,5,5,5,6,5,6,4,5,6,6,5,6,6,3,6,5,7.0,5,5,6,,6,6,6,5,6,6,6,7.0,,5,5,6,6,4,5,6,6,5,5,6,,7.0,6,7.0,,,6,5,6,1,6,7.0,,7.0,5,6,6,6,5,6,6,6,5,6,6,,4,3,6,7.0,6,7.0,3,5,5,6,4.0,1,,6,5,6,7,6,5,7.0,6,6,6.0,5,0,6,6.0,6.0,,2,2,6,,5,6,6,5,6,2,5,4,3,6,6,6,6,,7.0,5,6,6,5,,7,0,7.0,5,1,,6,7.0,,5,,6,6,6,6,3,4,6.0,6,6,5,6,6,6.0,5,,6,5,3,6,6,,7.0,6,7.0,7.0,6,2,6,5,6,6,7.0,6,6,4,6,6,6,6,6,4,6,5,,5,5,,6,4,6,6,1,6.0,,5,6,6,0,6,6,5,6,4.0,,5,6,6.0,7.0,7.0,,7.0,6,6,6,7,,,,6,,6,,,5,2,6,6.0,7.0,69,13,1.9970785860356413,-0.692682176534547
6,6,6,2,5,6,6,7,5,6,6,6,0,3,6,6,6,7.0,7,6,4,6,6,6,6,6,5,4,6,6,6,6,6,7,4,6,7,7,5,6,7,6,5,6,,7,3,6,6,6,,6,5,,6,5,4,6,6,5,5,6,7.0,0,,6,,7,6,,5,5,6,7,6,6,6,7,7,6,5,6,5,6,7,6,6,5,6,6,6,5,,6,,6,5,7,6,6,6,6,5,7,4,6,7.0,5,6,4,5,6,6,0,7.0,5,6,7,6,6,5.0,7.0,5,6,1,6,6,6,7,6,7,5,7.0,7.0,7,0,6,5.0,6,7,7,5,7,6,6,6,4,,6,,,7.0,6,,6,3,7.0,6,7,6,7,7,6,4,7,7,,,5,6,7,7.0,6,7,7,7.0,7,7,7.0,6,6,6,7.0,7,5,6,6,6,5,6,5,6,6,6,6,6,7,4,7,5,7.0,6,6,0,,6,6,7,6,7,7,4,7.0,6.0,5,6,0,6,6,6,0,7,5,5,7,,,6,7.0,,,6,2,7,6,6,0.0,,7.0,6,7,1,6,5,6,7,6,5,7,7,,6,7,6,7.0,7,7.0,6,6,5,6,7.0,6,,2,4,6,7,6,6,7.0,6,6,7.0,5,6,2,7.0,7.0,,7,6,4,,6,7,6,6,7,5,6,5,6,7,6,7,7,,,6,7,6,6,,7,4,7.0,0,6,6.0,7,7.0,,6,,7,6,7,7,7,6,0.0,7,1,6,7,7,7.0,6,,6,5,6,6,6,,7.0,7,7.0,7.0,6,7,6,6,3,6,7.0,6,6,5,6,7,7,5,7,6,6,6,,6,6,,6,1,6,6,3,7.0,,6,6,6,6,6,7,1,7,7.0,,6,2,7.0,4.0,7.0,,7.0,5,7,6,7,,,,6,,7,,,6,6,6,7.0,,70,13,2.0001510345869202,-0.5996330268332611
5,5,6,5,5,6,6,6,6,6,6,6,6,5,7,5,6,7.0,7,2,4,6,2,7,0,5,1,5,6,6,6,5,6,7,6,0,6,7,5,6,6,3,5,7,,6,6,6,6,6,,6,5,,6,5,6,6,6,5,6,6,7.0,6,,6,,6,5,,5,5,7,7,6,6,6,7,6,6,5,4,5,6,2,5,3,4,6,6,7,4,7.0,6,,5,4,6,6,6,6,6,5,6,0,6,0.0,7,5,6,6,6,6,6,0.0,1,6,6,6,7,6.0,7.0,7,6,3,6,6,6,7,6,7,5,7.0,7.0,7,6,7,4.0,6,7,6,6,7,6,6,6,6,0.0,6,7.0,7.0,,6,,6,7,7.0,6,5,5,7,7,6,6,7,6,,,5,5,7,7.0,2,6,7,7.0,6,1,7.0,6,6,6,,7,4,6,5,5,7,7,4,1,5,5,6,5,4,3,6,5,7.0,5,4,6,,6,6,6,6,6,7,6,7.0,,5,6,6,7,4,6,6,6,5,5,7,,7.0,6,7.0,,,7,6,7,0,6,7.0,,7.0,6,6,6,6,5,4,6,6,5,7,7,,2,6,6,7.0,7,7.0,6,5,6,0,7.0,5,,7,6,6,7,6,0,7.0,6,6,7.0,6,6,1,7.0,7.0,,7,6,6,,6,7,6,6,6,5,6,5,6,6,6,1,7,,,5,7,6,3,,7,6,7.0,1,6,,6,7.0,,6,,3,6,7,7,6,6,7.0,6,6,5,7,6,7.0,6,,6,6,6,6,6,,7.0,7,7.0,7.0,6,6,6,6,6,6,7.0,6,6,6,6,6,7,6,6,5,6,5,,6,6,,6,5,6,6,6,7.0,,6,7,3,6,0,6,4,6,7.0,,5,6,7.0,,7.0,,7.0,7,6,7,7,,,,6,,7,,,6,6,7,7.0,,71,13,2.0570668243642816,-0.6887139074743299
6,4,1,6,3,6,7,7,6,6,6,6,6,6,7,6,6,7.0,7,6,4,7,6,7,7,6,5,6,6,6,6,6,7,7,6,6,7,7,6,7,7,5,5,3,,7,6,6,1,7,8.0,7,5,,6,6,6,2,7,5,6,6,8.0,7,,7,,7,6,,6,5,7,6,7,6,7,7,7,7,5,6,5,6,7,6,6,5,0,4,7,5,8.0,6,,0,6,7,6,7,6,7,6,7,6,6,8.0,7,4,7,6,7,7,5,8.0,5,6,7,6,7,8.0,4.0,0,6,5,6,6,6,7,7,4,5,8.0,6.0,7,6,7,8.0,6,7,7,5,4,5,7,7,7,,7,8.0,4.0,8.0,6,0.0,7,7,8.0,7,7,4,7,7,7,6,7,7,7.0,7.0,6,7,7,7.0,6,7,7,8.0,7,7,8.0,7,3,0,8.0,7,4,6,5,6,7,7,5,0,6,6,7,6,7,3,7,5,5.0,7,6,6,,3,0,6,7,7,7,6,8.0,,6,7,7,7,6,6,7,7,6,6,7,6.0,8.0,7,8.0,,,6,2,7,6,7,4.0,,7.0,6,7,6,6,6,7,0,7,6,7,8,,6,7,7,3.0,7,8.0,6,7,5,6,8.0,6,,7,5,7,7,7,7,8.0,7,5,5.0,7,7,6,7.0,7.0,,7,7,4,,7,7,7,6,7,6,6,5,6,0,7,7,7,,8.0,6,7,1,6,,0,6,8.0,4,6,,7,7.0,,6,,7,6,7,5,7,7,8.0,7,6,6,7,7,7.0,6,,7,5,7,7,7,,7.0,7,5.0,7.0,7,7,7,3,7,7,8.0,7,7,7,7,7,7,7,7,6,7,6,,6,6,,6,6,6,4,6,7.0,,6,7,7,6,7,7,6,7,8.0,,7,6,8.0,,7.0,,7.0,7,7,7,7,,,,7,,7,,,6,6,7,7.0,8.0,72,13,1.9816784869976354,-0.5931498442931201
5,1,5,4,3,4,5,5,4,5,4,4,5,4,5,5,5,0.0,5,4,3,5,5,6,5,4,4,5,5,5,5,4,5,6,4,5,5,6,2,5,5,5,5,5,,5,4,5,5,5,6.0,5,3,,5,4,5,5,5,0,4,4,6.0,6,5.0,5,,5,2,,5,4,6,6,5,5,1,0,5,5,4,3,4,0,5,5,4,4,5,5,3,0,6.0,5,,2,4,6,5,5,5,5,4,5,4,1,6.0,6,3,5,5,5,5,2,6.0,3,4,5,5,6,6.0,6.0,6,5,4,5,5,5,6,5,6,4,6.0,6.0,5,1,6,6.0,5,5,5,3,5,5,5,5,5,,6,6.0,,,0,,5,6,6.0,5,6,3,1,5,5,5,3,5,,0.0,5,5,6,6.0,4,5,6,6.0,6,5,6.0,3,2,5,6.0,6,4,5,5,4,6,5,4,4,5,5,5,5,5,3,6,5,6.0,5,1,5,,5,5,4,5,5,6,4,6.0,,4,5,5,6,4,3,5,5,5,4,5,,3.0,6,6.0,,,5,5,5,5,5,6.0,,6.0,5,5,5,5,4,5,6,5,4,6,6,,5,5,4,6.0,0,6.0,5,4,1,5,6.0,5,,5,5,5,6,5,5,6.0,5,5,6.0,5,5,4,6.0,5.0,,5,5,6,,5,5,5,5,5,5,1,4,5,2,5,6,6,,,4,6,5,4,,5,5,6.0,5,5,,5,6.0,,4,,4,5,6,6,5,5,6.0,5,5,2,6,5,6.0,5,,5,5,5,0,3,,5.0,6,6.0,6.0,5,4,5,5,5,5,6.0,5,5,5,5,5,5,6,6,4,5,2,,1,4,,5,4,0,5,4,6.0,,5,5,3,5,5,5,4,5,6.0,,5,5,6.0,,6.0,,5.0,6,6,5,6,,,,5,,6,,,5,5,5,6.0,,73,13,1.9298351731438081,-0.6889727929011917
5,5,5,5,5,5,5,6,4,5,5,4,6,5,6,6,6,5.0,6,5,5,6,6,6,6,5,4,5,4,5,4,4,4,6,5,5,6,6,6,6,5,6,6,6,,3,5,6,5,6,7.0,6,4,,5,5,5,3,6,4,5,5,7.0,6,,6,,6,6,,5,5,6,6,6,5,6,2,6,5,3,5,4,6,6,5,5,5,6,6,6,4,7.0,5,,5,5,6,6,5,4,6,5,3,4,6,7.0,7,5,4,3,6,6,5,4.0,5,5,5,6,6,6.0,6.0,6,0,0,6,6,6,6,6,2,5,7.0,7.0,6,5,7,7.0,5,6,6,0,6,6,6,6,0,,6,7.0,7.0,,5,0.0,5,5,7.0,6,6,5,6,6,3,6,6,6,5.0,7.0,5,5,6,6.0,4,6,6,0.0,6,3,6.0,6,6,6,7.0,6,5,6,4,5,1,6,4,5,5,5,6,5,6,3,6,5,7.0,1,5,3,6.0,5,2,6,6,6,6,6,7.0,,5,5,6,6,4,4,6,6,6,4,5,,7.0,2,7.0,,,6,5,2,6,6,7.0,,7.0,5,4,6,5,3,6,6,6,5,6,6,,6,6,6,0.0,6,7.0,6,6,5,6,7.0,5,,3,4,2,6,6,6,7.0,5,0,7.0,6,6,6,6.0,7.0,,1,6,6,7.0,5,6,5,5,6,5,6,4,3,6,6,6,6,,7.0,5,6,6,5,,1,5,6.0,6,3,7.0,6,7.0,,5,,6,1,6,6,6,6,7.0,6,6,5,7,6,6.0,5,,6,5,0,5,6,,7.0,6,7.0,7.0,6,6,6,6,6,6,7.0,6,6,6,5,6,3,6,6,4,6,5,,4,5,,5,5,5,6,0,6.0,,5,6,6,5,5,6,6,6,7.0,,5,6,7.0,5.0,5.0,,7.0,6,6,6,7,,,,6,,6,,,5,6,6,7.0,7.0,74,13,1.8181155192532088,-0.5964052124668522
7,7,3,7,7,8,6,8,7,7,7,4,8,7,8,7,8,8.0,0,7,6,8,8,8,7,8,7,7,7,7,8,5,8,8,7,7,8,8,7,8,8,8,8,8,,2,0,8,8,8,9.0,8,7,,8,8,8,8,7,6,7,7,9.0,8,,8,,8,7,,7,5,8,8,8,7,8,8,4,8,6,6,6,7,8,7,7,7,7,8,8,6,7.0,6,,7,7,8,8,8,8,8,8,7,7,8,9.0,5,8,8,6,8,8,7,9.0,7,6,8,8,7,9.0,0.0,8,7,7,5,8,8,8,8,8,5,9.0,9.0,8,8,8,9.0,7,8,8,7,8,7,8,5,8,,8,9.0,9.0,,7,,8,9,9.0,8,8,7,8,8,8,8,8,8,,,6,7,8,8.0,6,8,0,8.0,5,0,9.0,8,3,8,8.0,6,7,8,7,8,9,8,6,7,7,7,0,8,8,6,8,5,9.0,8,1,7,,8,8,8,8,8,8,8,9.0,,3,7,8,8,7,8,8,8,7,7,8,,9.0,8,9.0,,,8,8,8,8,8,9.0,,9.0,8,8,8,8,7,8,8,8,7,8,8,,8,8,8,9.0,9,8.0,7,6,8,8,9.0,0,,8,8,8,8,8,8,9.0,8,8,8.0,7,8,7,8.0,9.0,,8,8,8,,7,8,3,7,8,5,6,7,8,8,8,9,8,9.0,9.0,7,8,8,8,,9,7,9.0,7,8,,8,9.0,2.0,7,,7,8,7,8,5,8,9.0,8,8,8,8,8,9.0,7,,8,8,5,8,7,,9.0,8,9.0,9.0,3,9,8,8,7,7,8.0,8,8,8,8,7,8,9,8,7,8,7,,8,7,,8,6,8,6,7,8.0,,8,8,0,5,8,5,7,8,2.0,,4,7,0.0,9.0,8.0,,9.0,8,8,8,9,,,9.0,0,,8,,,8,8,8,9.0,9.0,75,13,2.0595808383233534,-0.6095999084248486
7,7,8,7,7,8,8,7,7,8,7,8,6,8,8,8,8,9.0,7,7,6,8,4,8,8,7,7,7,7,8,0,7,7,8,4,7,8,8,6,8,8,8,8,8,,8,7,8,8,7,9.0,0,6,,8,7,7,7,7,7,7,7,9.0,8,,8,,8,4,,7,7,8,8,8,7,6,8,8,8,3,7,6,8,8,7,7,6,8,6,8,7,9.0,5,,2,7,8,8,8,8,8,7,8,7,8,9.0,9,8,8,7,8,8,6,9.0,7,7,7,4,9,8.0,5.0,8,3,7,8,7,2,8,8,8,7,8.0,9.0,9,8,8,9.0,6,8,8,7,8,7,8,8,8,,8,6.0,0.0,9.0,7,,8,9,9.0,8,8,7,8,8,8,7,8,8,9.0,,7,8,8,9.0,6,8,5,9.0,8,8,0.0,8,7,8,9.0,8,7,8,4,4,8,5,6,7,7,5,8,7,8,6,8,7,9.0,8,7,8,9.0,8,8,8,8,8,7,8,5.0,,5,7,8,8,7,8,8,8,8,7,8,,9.0,6,9.0,,,8,8,8,7,7,9.0,,9.0,7,8,8,8,7,8,8,8,7,4,8,8.0,8,8,7,9.0,8,9.0,8,7,7,8,9.0,7,,8,8,8,8,5,8,8.0,8,8,5.0,7,8,7,9.0,9.0,9.0,8,8,8,,8,8,8,7,8,8,7,6,7,8,8,9,8,,9.0,7,8,8,8,,8,8,9.0,8,8,,8,9.0,,6,,8,8,8,0,8,8,9.0,8,8,3,9,8,7.0,6,,8,8,8,0,8,,9.0,8,9.0,7.0,8,8,8,7,7,7,8.0,8,5,8,8,8,0,9,8,5,8,7,,7,7,,8,7,0,6,7,8.0,0.0,7,2,6,4,8,8,7,8,9.0,,8,7,9.0,,8.0,9.0,9.0,8,9,8,8,,,,8,,8,9.0,,8,8,8,9.0,0.0,76,13,2.060741402411791,-0.6010877387750144
6,6,6,5,4,6,7,7,6,6,6,6,6,3,4,0,6,7.0,7,6,2,7,6,7,6,6,5,5,6,7,7,6,6,7,6,6,7,7,6,7,7,7,7,7,,6,0,2,5,7,,7,0,,6,5,6,6,7,6,5,6,7.0,4,,7,,7,6,,6,5,7,7,6,6,7,7,7,7,4,6,6,6,7,5,6,5,7,7,7,5,,6,,6,4,7,6,6,5,7,6,0,5,1,,7,6,7,6,7,6,5,7.0,6,6,7,6,7,,7.0,0,6,3,7,2,1,7,7,7,6,7.0,7.0,4,6,7,,4,7,6,5,7,6,6,7,7,,7,,,,6,,7,7,,7,7,3,7,7,3,6,7,7,4.0,,6,7,7,,6,7,7,7.0,7,7,,7,6,6,6.0,7,6,7,6,6,7,7,5,6,6,5,6,6,7,4,7,5,,6,6,6,0.0,7,6,6,7,7,7,7,,,6,6,7,7,5,6,7,7,5,5,6,7.0,,7,,,,7,6,7,6,7,7.0,,,6,7,6,6,6,7,7,7,6,7,7,,0,7,7,4.0,7,,7,6,6,7,,5,,7,7,6,7,0,6,7.0,6,7,7.0,4,7,6,7.0,7.0,,7,7,7,6.0,6,7,6,6,7,6,6,4,5,7,7,7,7,,,6,7,7,6,,7,6,,6,5,,7,7.0,,6,7.0,7,1,7,7,7,7,7.0,7,7,3,7,7,,5,,7,6,5,6,4,,7.0,7,,,6,0,6,6,6,6,7.0,7,7,6,7,7,7,7,7,6,6,6,,6,6,,6,5,6,7,5,7.0,,3,7,7,6,7,7,6,7,,,6,6,,,6.0,,7.0,7,7,7,7,,0.0,,3,,7,,,6,6,7,,,77,13,1.9401301518438179,-0.6203040687373959
6,7,6,6,6,7,7,1,7,7,7,6,7,7,8,7,7,8.0,8,7,6,7,7,8,3,7,6,7,6,7,6,7,4,8,7,5,8,7,7,7,7,8,7,7,,7,7,8,0,7,8.0,7,6,,7,7,7,7,7,6,6,6,8.0,7,,7,,7,7,,6,5,8,7,7,6,7,8,7,7,3,6,7,1,7,3,5,5,7,7,8,5,2.0,6,0.0,6,6,7,7,7,7,7,6,7,4,7,8.0,8,7,7,5,8,7,7,8.0,6,7,7,7,8,8.0,7.0,7,6,6,7,7,7,6,8,8,6,8.0,8.0,8,7,5,8.0,6,7,7,6,7,0,7,7,7,7.0,7,8.0,8.0,,5,,7,8,0.0,7,8,6,8,8,7,7,7,8,,,6,7,8,7.0,5,4,8,8.0,8,8,8.0,7,1,7,,8,6,0,0,0,8,8,4,7,6,7,6,7,7,6,7,7,6.0,7,7,7,,7,7,7,7,8,7,7,8.0,,6,7,7,8,5,7,8,4,7,6,5,,8.0,4,8.0,,,4,7,8,7,7,8.0,,0.0,7,0,7,6,6,7,8,7,6,7,8,,7,7,7,,8,8.0,7,7,6,7,7.0,6,,8,7,1,0,7,7,8.0,7,7,8.0,7,7,7,8.0,8.0,,8,7,7,,7,8,7,7,7,7,5,5,7,7,7,8,7,,,6,8,7,6,,8,7,8.0,7,2,,8,8.0,8.0,6,,7,5,8,8,8,7,8.0,5,7,7,8,7,8.0,7,,7,3,7,7,6,,8.0,8,8.0,8.0,7,8,7,7,7,7,8.0,7,7,7,7,7,7,8,8,6,7,7,,7,6,,7,4,7,7,7,8.0,,7,8,7,4,7,8,6,8,8.0,,7,7,6.0,,8.0,,8.0,8,8,8,8,,,,7,,8,,,7,7,7,8.0,,78,13,2.0668346176644925,-0.6309880201097819
7,8,7,7,4,8,5,4,8,4,7,7,8,7,8,7,7,9.0,9,8,6,8,8,8,7,5,7,7,8,8,8,7,8,9,7,7,8,9,7,8,8,8,8,8,,8,7,8,8,8,9.0,8,6,,8,2,8,7,8,6,7,8,9.0,8,,8,,8,7,9.0,7,6,9,8,8,8,8,9,8,8,7,8,7,7,6,8,7,7,8,8,8,6,0.0,8,,7,2,9,8,8,8,8,7,8,6,8,9.0,9,8,8,8,8,8,7,9.0,8,8,8,8,9,9.0,9.0,9,6,7,8,8,8,9,8,0,7,8.0,9.0,8,8,8,9.0,8,8,8,7,8,8,8,8,8,,9,6.0,9.0,9.0,7,,8,9,9.0,8,9,7,8,8,8,7,8,8,,3.0,7,7,8,1.0,6,8,8,6.0,8,0,9.0,8,8,8,9.0,0,7,8,8,8,9,9,4,8,8,5,8,8,8,5,5,7,9.0,8,7,8,,7,8,8,8,8,9,8,9.0,,7,8,7,8,6,8,8,8,7,7,8,,9.0,8,9.0,,,8,8,8,8,8,9.0,,8.0,8,8,8,8,7,8,8,8,0,8,9,,8,8,8,9.0,9,9.0,8,8,8,5,8.0,7,,8,8,0,9,3,7,9.0,8,8,8.0,2,8,8,9.0,9.0,7.0,7,8,8,7.0,8,8,8,7,8,8,8,6,7,8,8,8,9,0.0,9.0,7,8,8,8,,9,8,8.0,3,8,7.0,8,9.0,,7,,8,8,1,9,8,8,9.0,0,8,7,9,8,9.0,8,,8,8,3,8,8,,9.0,8,9.0,9.0,8,3,8,8,8,4,9.0,8,6,8,5,4,8,9,8,2,8,8,,7,7,,8,7,7,0,0,9.0,,7,6,8,7,8,8,7,1,8.0,,7,8,9.0,,9.0,,9.0,8,8,8,9,,,,8,,9,,,8,8,8,5.0,,79,13,2.2667370325693605,-0.5712626017214083
6,5,6,4,5,6,6,6,5,6,6,6,6,2,6,6,6,7.0,6,6,3,6,6,6,5,6,5,5,6,6,6,5,6,7,5,6,6,6,5,6,6,6,6,6,,6,6,5,4,6,7.0,6,2,,6,5,6,6,6,5,5,5,7.0,6,,6,,6,6,,5,4,6,6,5,5,6,5,6,2,5,5,5,5,6,5,4,5,6,6,3,3,7.0,6,,2,4,0,6,4,5,6,5,6,0,1,7.0,7,6,7,6,6,6,4,7.0,5,5,6,6,0,7.0,7.0,6,5,5,6,6,6,6,6,5,5,7.0,6.0,6,5,6,7.0,5,6,6,4,6,6,6,6,6,7.0,6,0.0,7.0,7.0,6,7.0,6,7,7.0,6,7,5,6,6,4,6,6,3,,,5,6,6,7.0,5,4,6,7.0,6,3,7.0,3,6,6,7.0,6,6,6,6,6,7,6,4,5,5,6,0,5,5,3,6,5,7.0,6,5,5,7.0,6,6,5,6,6,7,4,7.0,,6,5,6,2,5,4,6,4,5,5,7,,7.0,6,7.0,,,6,6,7,6,6,7.0,,7.0,5,6,6,6,5,6,6,6,5,6,0,,6,6,6,7.0,7,3.0,6,5,6,6,7.0,6,,5,6,6,6,6,6,7.0,6,6,6.0,6,6,6,7.0,7.0,,6,6,6,6.0,4,6,6,5,6,5,6,5,5,6,6,6,6,,6.0,0,6,6,3,,0,6,4.0,6,2,,6,7.0,,5,,6,6,6,6,6,6,7.0,6,6,5,7,6,7.0,5,,6,5,6,6,6,,7.0,4,7.0,7.0,6,6,6,0,5,2,0.0,6,6,6,6,6,6,6,6,5,6,3,,5,5,,6,5,1,6,5,6.0,5.0,4,6,6,5,6,2,2,6,7.0,,5,6,7.0,5.0,2.0,,7.0,6,7,6,7,,,,6,,7,,,6,4,6,7.0,6.0,80,13,1.957765667574932,-0.5822705709684487
7,8,8,8,5,8,8,8,8,6,7,8,7,5,9,8,1,9.0,9,8,5,9,8,8,8,8,7,7,8,7,8,7,9,9,8,7,9,9,8,8,9,9,8,9,,9,8,8,8,9,,8,7,,5,8,8,8,8,7,8,8,9.0,6,,9,,8,8,,8,7,9,9,8,8,8,9,9,9,7,8,7,8,9,8,8,7,9,8,4,6,,9,,8,7,9,8,8,8,8,8,9,6,8,,9,5,9,8,8,9,8,0.0,8,4,8,8,9,9.0,9.0,9,8,7,8,8,8,9,8,9,7,9.0,0.0,7,0,9,9.0,8,9,8,7,9,7,8,8,8,,6,,9.0,,8,,8,9,,9,9,7,9,9,8,8,9,9,,,8,8,9,9.0,7,9,0,9.0,9,9,9.0,8,9,8,9.0,9,4,7,8,8,9,8,6,8,8,8,8,4,8,6,8,7,9.0,3,8,8,,8,8,8,8,8,8,8,9.0,,7,5,8,9,8,7,6,9,7,7,4,,9.0,0,9.0,2.0,,8,8,7,8,7,9.0,9.0,,7,8,8,8,8,8,9,9,5,9,9,,8,2,8,,9,9.0,8,8,8,8,9.0,8,,8,9,9,9,8,2,9.0,8,8,7.0,8,8,8,9.0,9.0,,3,4,9,,8,9,8,8,9,8,8,8,8,9,8,0,9,,,8,9,9,8,0.0,8,8,9.0,8,8,0.0,9,9.0,,8,,9,8,9,9,8,9,9.0,7,8,8,9,9,3.0,8,,9,8,0,8,6,,9.0,9,9.0,,8,9,9,8,8,9,9.0,8,9,6,8,9,9,7,9,8,9,7,,8,8,,8,8,8,9,5,0.0,,7,9,8,8,9,9,8,9,9.0,,1,8,9.0,,9.0,,9.0,9,9,9,9,,,,8,,6,,,8,8,9,9.0,,81,13,2.1133474576271185,-0.5523887727964605
6,5,1,0,2,6,5,6,6,5,5,5,6,5,6,6,5,7.0,6,5,0,6,6,6,6,5,5,5,5,6,6,5,6,7,5,5,6,6,6,6,6,6,6,6,,6,6,6,4,5,7.0,6,5,,6,5,5,6,6,5,5,5,6.0,6,,6,0.0,6,5,,5,5,6,6,6,4,0,6,6,6,3,5,5,4,6,5,3,4,6,6,6,4,7.0,6,,5,4,6,6,6,6,6,5,6,4,5,7.0,7,6,6,6,6,6,5,7.0,5,5,6,6,7,7.0,7.0,6,4,2,6,1,6,2,6,6,5,7.0,7.0,6,0,7,6.0,5,7,6,5,6,5,6,6,6,,7,7.0,,,6,,6,7,7.0,6,6,5,7,6,3,6,6,6,6.0,,4,6,6,7.0,1,4,7,7.0,7,6,7.0,6,6,5,,4,6,6,6,6,7,7,5,6,5,5,6,6,6,5,6,4,0.0,6,5,6,,6,6,1,6,6,7,6,7.0,,1,5,2,6,4,3,6,6,5,4,6,,5.0,6,7.0,,,6,6,6,6,6,7.0,6.0,5.0,6,6,6,0,5,6,7,6,4,6,7,,6,6,5,7.0,6,7.0,6,6,5,6,7.0,5,,6,1,6,7,6,5,7.0,0,5,7.0,6,6,5,7.0,7.0,0.0,6,6,6,,2,6,3,6,6,6,6,5,5,6,6,6,6,,7.0,5,6,6,6,,6,3,7.0,6,6,,6,7.0,,2,,3,5,6,6,6,6,7.0,6,6,5,6,4,7.0,6,,6,6,6,6,6,,7.0,6,7.0,7.0,6,6,6,5,6,6,7.0,6,5,6,6,3,6,7,6,5,6,5,,5,5,,4,5,5,6,5,7.0,7.0,5,6,6,6,6,6,6,0,7.0,,6,6,7.0,,7.0,,7.0,7,6,6,7,,,,6,,7,,,6,6,6,7.0,,82,13,2.031426030240142,-0.6657141308962505
7,6,7,6,6,6,7,7,7,7,7,7,7,7,8,7,7,8.0,8,7,6,7,7,7,7,7,7,7,2,0,6,6,0,7,6,6,7,7,7,4,7,7,7,3,,7,0,7,7,7,8.0,7,1,,4,6,7,3,7,6,6,6,8.0,7,7.0,7,,7,5,,1,5,8,8,7,6,7,8,7,7,5,7,6,6,7,6,7,5,7,7,8,5,8.0,7,,4,5,8,7,6,0,7,5,7,6,4,,8,7,7,6,7,7,5,8.0,6,7,7,7,7,8.0,8.0,7,7,6,7,7,2,6,7,8,7,8.0,8.0,8,7,8,8.0,6,7,7,6,7,7,7,7,7,7.0,2,8.0,7.0,8.0,4,,7,8,8.0,7,8,6,7,7,7,7,7,7,,,6,7,7,8.0,6,7,8,8.0,8,7,8.0,7,7,7,,7,6,7,6,6,8,8,6,6,5,7,7,6,7,1,7,6,8.0,7,7,0,,6,7,5,7,3,7,7,8.0,,7,7,7,8,6,7,7,8,6,6,8,7.0,8.0,2,8.0,,,7,7,8,7,7,8.0,,8.0,6,7,7,7,7,7,7,4,6,5,8,,7,7,7,8.0,8,8.0,7,7,6,7,8.0,7,,7,4,7,2,0,7,8.0,7,7,0.0,7,7,3,8.0,8.0,,7,0,7,0.0,7,8,7,7,7,7,6,5,6,7,7,7,7,,,6,8,7,6,6.0,4,7,8.0,7,6,,8,8.0,,6,,7,7,8,8,7,7,8.0,7,7,7,8,7,8.0,7,,7,6,7,2,6,,8.0,7,8.0,8.0,7,8,7,7,5,7,8.0,7,7,7,7,7,7,8,7,6,7,6,,6,4,,7,6,7,7,6,7.0,,7,7,7,7,7,7,7,5,6.0,,7,7,8.0,,8.0,,8.0,8,7,7,8,,,,7,,8,8.0,,7,7,7,0.0,,83,13,2.1671232876712323,-0.6494716361053852
4,6,6,5,5,0,6,6,5,6,5,6,6,5,6,6,6,7.0,7,6,4,7,6,7,6,2,4,6,5,6,6,5,6,7,5,5,6,7,4,6,6,6,6,6,,6,6,6,6,6,7.0,6,0,,6,5,6,5,5,5,5,6,7.0,6,,6,,6,5,,0,0,4,6,5,5,6,6,7,6,4,6,5,5,6,4,3,5,6,6,1,3,7.0,6,,5,5,6,6,6,6,6,6,6,1,5,7.0,0,6,6,6,6,6,2,7.0,5,6,6,6,7,7.0,7.0,6,6,5,6,6,6,7,6,7,5,7.0,7.0,7,6,7,7.0,6,7,6,5,6,6,6,6,0,,6,7.0,7.0,,1,,5,6,7.0,2,7,4,6,3,4,6,6,7,,,6,6,6,7.0,5,6,5,4.0,6,6,7.0,7,6,6,,7,5,6,6,6,7,7,5,5,6,6,4,6,6,0,6,5,7.0,1,5,6,,6,1,6,6,6,6,6,7.0,,6,5,2,7,5,6,6,7,5,5,7,,7.0,6,7.0,,,6,6,7,6,5,5.0,,7.0,6,6,6,6,6,6,6,6,5,6,7,,4,6,6,7.0,7,7.0,4,6,5,6,5.0,5,,6,0,6,7,6,6,7.0,6,6,7.0,6,6,6,7.0,7.0,,7,6,7,,6,6,6,5,6,3,6,5,4,6,3,6,6,5.0,,4,7,6,5,,7,1,7.0,6,6,7.0,6,7.0,,6,,6,6,7,7,6,6,2.0,6,6,6,7,6,1.0,6,,6,5,6,6,6,0.0,7.0,7,7.0,5.0,6,6,6,6,6,6,7.0,6,5,0,6,6,7,6,6,5,6,6,,6,6,,6,5,6,7,6,7.0,,5,7,6,6,5,6,6,6,7.0,,6,6,7.0,,7.0,,3.0,7,2,6,7,,6.0,,6,,7,,,1,6,6,7.0,,84,13,2.198543910207796,-0.5972231932489034
6,6,5,5,4,6,6,6,6,3,6,6,6,5,7,6,5,7.0,6,6,3,7,6,7,6,6,6,6,5,6,6,5,6,7,6,5,7,7,6,7,7,7,6,4,,6,6,6,0,4,,7,5,,6,5,6,6,7,2,6,6,7.0,7,,7,,7,6,,5,3,7,5,2,6,6,7,6,7,5,6,6,6,7,6,6,5,7,7,6,5,7.0,6,,6,5,7,6,6,6,6,5,6,5,6,,7,2,7,6,7,7,5,7.0,1,5,3,6,7,7.0,7.0,6,5,5,6,6,6,7,7,7,5,4.0,0.0,6,6,7,,6,7,6,5,5,6,7,6,7,,7,,,,6,,6,7,7.0,7,7,6,7,7,6,6,6,7,,,6,6,7,7.0,6,7,7,7.0,7,7,7.0,6,6,6,,7,6,6,6,6,7,7,5,6,6,6,6,6,6,4,5,6,7.0,6,6,6,,4,6,6,6,7,7,6,7.0,,6,6,6,4,5,6,7,7,6,4,4,,7.0,0,7.0,,,6,6,5,6,6,7.0,,7.0,6,3,6,1,4,0,7,7,5,7,7,6.0,6,7,6,,7,7.0,6,5,2,6,7.0,6,,6,6,3,7,2,7,7.0,6,7,7.0,6,6,6,7.0,7.0,,7,6,4,,0,7,6,6,7,6,4,5,5,6,7,7,7,,7.0,5,5,6,6,,7,6,7.0,6,6,,7,7.0,,6,,6,6,7,7,7,7,7.0,7,6,6,7,7,7.0,6,,6,0,6,6,6,5.0,7.0,7,0.0,7.0,6,6,3,6,6,6,7.0,7,6,7,6,6,7,7,7,4,6,5,,4,5,,2,5,0,7,2,7.0,,5,6,0,6,6,7,5,6,7.0,,6,6,7.0,,7.0,,7.0,7,7,7,7,,,,6,,7,0.0,7.0,6,5,6,7.0,,85,13,1.9901931649331353,-0.6256440278148272
6,0,6,0,5,6,6,6,5,3,1,5,0,5,5,6,5,6.0,7,6,3,6,6,7,6,6,5,6,5,6,6,5,2,7,5,5,7,7,6,6,6,6,6,6,7.0,6,5,7,6,7,7.0,6,4,7.0,6,6,6,6,6,5,6,6,7.0,7,,6,,7,6,,4,4,6,4,6,6,5,6,6,7,5,3,1,6,6,5,6,5,6,6,7,4,7.0,6,,5,5,7,6,6,6,6,6,7,5,6,,7,4,6,2,6,6,6,7.0,5,6,6,5,7,3.0,7.0,7,6,6,6,6,6,4,6,7,5,7.0,0.0,6,6,7,,6,0,6,6,6,6,2,7,6,,4,,7.0,,6,,3,7,,7,7,5,7,7,6,6,7,7,,,6,6,7,7.0,5,7,7,7.0,7,7,7.0,6,6,6,,7,5,6,6,6,7,7,5,0,6,6,6,2,6,4,6,5,7.0,6,6,6,,6,6,6,6,3,7,4,7.0,,6,6,6,7,6,6,6,6,5,3,7,,,6,7.0,,,3,6,7,6,1,7.0,,0.0,6,6,6,6,5,4,6,7,5,6,7,,6,6,6,7.0,0,7.0,6,6,6,6,7.0,5,5.0,6,6,7,7,7,6,7.0,7,6,7.0,4,6,6,7.0,7.0,0.0,6,6,6,,5,4,6,5,6,5,6,5,6,6,6,7,7,,,5,7,3,6,,7,6,7.0,6,6,,6,7.0,,6,,7,6,7,7,7,6,7.0,6,1,6,7,6,7.0,6,,6,4,6,6,6,7.0,7.0,6,7.0,7.0,4,7,7,6,3,6,7.0,6,6,2,6,6,7,4,7,6,6,6,,5,6,,6,6,5,7,6,7.0,,6,6,6,6,6,2,5,7,7.0,,6,6,5.0,,6.0,,0.0,7,7,7,7,,,,6,6.0,7,,,6,4,6,7.0,,86,13,1.998022813688213,-0.5876335323221953
5,5,6,4,5,2,3,6,5,6,5,5,6,5,4,5,6,6.0,6,5,4,6,5,6,5,5,5,5,5,6,6,5,6,6,0,5,6,6,5,6,6,6,6,6,,6,5,6,6,6,7.0,6,1,,6,5,2,5,5,5,5,5,6.0,6,,6,,6,5,,4,4,6,6,6,5,2,6,6,6,2,5,5,5,6,5,5,3,6,6,4,5,7.0,4,,4,5,6,5,5,5,4,5,6,5,3,7.0,6,1,6,5,6,0,5,7.0,5,0,6,5,6,6.0,6.0,6,5,5,4,6,5,3,3,4,5,6.0,6.0,6,5,6,7.0,5,6,6,4,6,5,6,6,6,,6,7.0,7.0,,4,,6,6,7.0,6,6,4,6,6,6,5,6,6,7.0,,3,6,6,6.0,4,6,6,6.0,6,6,7.0,6,5,0,7.0,6,5,6,5,5,4,1,4,3,5,5,6,5,6,4,6,3,7.0,5,5,5,7.0,3,6,5,2,1,6,6,7.0,,4,5,6,6,4,5,6,6,5,0,6,,7.0,6,7.0,,,6,6,6,6,6,7.0,,7.0,5,6,6,6,5,6,6,6,4,6,6,7.0,6,6,5,7.0,6,6.0,6,5,5,5,6.0,5,,5,5,6,6,6,6,7.0,6,6,6.0,0,5,3,7.0,7.0,,6,6,6,,5,6,6,5,6,4,5,5,3,6,6,6,6,,7.0,5,6,6,5,,6,6,5.0,6,5,,6,5.0,,5,,5,5,6,3,6,6,0.0,6,6,5,6,6,4.0,6,,6,5,6,6,5,,7.0,6,7.0,7.0,6,6,6,5,6,6,7.0,6,6,0,6,6,6,6,6,2,0,6,,5,5,,5,4,5,6,4,6.0,,5,6,5,5,6,5,5,5,7.0,,6,6,0.0,5.0,7.0,,6.0,6,6,6,6,,7.0,,5,7.0,6,6.0,,5,6,6,7.0,7.0,87,13,1.8996499416569428,-0.6941028053117257
4,5,5,5,4,6,4,5,5,5,5,5,5,2,4,6,5,6.0,6,5,1,6,5,6,5,5,2,5,6,1,5,4,5,6,5,5,5,6,5,5,6,5,6,6,,5,3,6,5,6,,2,5,,5,5,6,5,6,5,5,5,6.0,4,,6,,3,5,,4,4,6,6,6,5,5,6,6,6,5,1,5,6,6,5,5,4,5,6,2,4,,5,,5,4,6,5,5,5,5,5,6,4,5,,6,5,6,5,5,6,4,6.0,4,5,3,5,6,,6.0,6,5,4,5,5,6,6,6,6,4,6.0,6.0,6,5,6,,6,0,3,5,5,5,6,0,2,,6,,,,5,,1,6,6.0,6,6,0,6,6,6,5,6,6,,0.0,5,5,6,,4,6,6,6.0,6,6,6.0,0,6,6,4.0,6,1,6,5,5,6,6,3,3,4,5,6,4,5,3,6,3,6.0,5,4,2,,5,6,5,6,6,6,6,,,5,5,6,6,3,5,6,6,5,1,6,,,6,5.0,,,6,5,6,6,6,6.0,,,5,0,5,4,5,6,6,6,4,6,6,,4,5,6,,6,6.0,5,0,5,6,6.0,5,,6,5,5,0,5,5,6.0,0,5,5.0,6,6,5,6.0,6.0,,6,6,6,,4,6,4,5,4,6,5,5,5,6,3,6,6,,,5,6,6,5,,6,5,,6,5,,6,,,5,,5,5,6,6,6,6,,5,6,5,6,6,6.0,6,,6,5,5,5,6,,,6,6.0,,5,6,6,5,5,2,6.0,6,6,6,4,6,6,6,6,5,6,5,,5,5,,5,5,4,6,5,5.0,,5,6,5,5,6,6,6,6,,,5,5,6.0,,6.0,,6.0,6,6,6,0,,,,5,,6,,,5,6,6,6.0,,88,13,1.8959613696224757,-0.600040281905836
4,1,5,4,4,5,5,5,4,4,4,0,5,5,5,5,4,6.0,6,3,3,6,5,6,5,5,1,5,5,5,5,4,0,6,1,4,3,6,5,5,6,6,5,6,,5,5,5,5,5,,5,4,,5,5,3,3,5,4,5,5,6.0,6,,5,,5,2,,4,4,6,5,5,5,0,5,5,6,4,5,4,5,5,5,5,3,6,6,6,3,,5,,4,4,6,5,2,5,5,5,5,5,5,,6,4,5,5,0,5,5,,4,5,5,4,6,6.0,6.0,6,3,5,5,0,5,0,5,6,5,6.0,6.0,6,3,6,,5,6,5,5,6,5,6,6,5,4.0,5,6.0,6.0,,5,5.0,5,6,6.0,6,6,5,6,6,2,5,6,6,,,5,5,6,6.0,4,6,6,6.0,6,6,6.0,5,5,5,,6,0,5,5,2,6,1,3,4,5,4,5,0,6,3,5,4,6.0,5,5,5,,5,6,6,5,6,6,5,6.0,,5,4,6,6,4,5,5,6,5,5,5,,6.0,5,6.0,,,3,4,6,1,6,6.0,,5.0,5,5,6,5,4,3,6,6,4,0,6,,1,5,5,,6,6.0,5,5,5,5,2.0,5,,6,5,6,6,6,6,,5,6,6.0,5,6,5,6.0,6.0,,6,5,6,,5,5,5,5,6,5,5,4,3,4,6,6,6,,,5,6,5,5,,6,1,6.0,5,5,,6,3.0,,5,,5,5,6,6,6,6,6.0,6,5,5,4,6,6.0,5,,5,5,6,6,5,,6.0,6,6.0,,5,6,6,5,5,6,6.0,5,6,6,5,5,6,6,6,4,5,5,,5,5,,5,5,5,5,5,6.0,,5,6,0,2,5,5,4,6,,,5,5,6.0,,6.0,,6.0,6,6,6,6,,,,6,,6,,,4,5,6,6.0,,89,13,1.8688524590163937,-0.6567540871310591
5,4,5,4,4,5,2,5,3,1,4,4,2,4,4,5,4,5.0,5,4,3,4,4,5,4,5,1,1,1,4,4,2,5,6,4,4,5,5,4,0,5,5,5,2,,5,4,5,2,5,6.0,5,4,,5,4,4,5,4,3,3,3,5.0,5,,5,,5,5,,4,3,5,5,5,4,4,1,5,2,3,3,3,4,5,4,4,3,5,5,5,3,0.0,5,,4,4,5,4,0,5,0,2,5,4,5,6.0,5,5,5,4,5,5,4,6.0,4,4,5,0,5,6.0,5.0,5,4,4,5,4,5,5,3,5,4,6.0,5.0,5,4,6,6.0,5,5,5,2,5,4,5,5,5,,5,6.0,6.0,,4,,5,6,6.0,5,5,4,4,5,5,5,5,5,6.0,,4,5,5,6.0,4,5,5,6.0,5,5,5.0,5,4,5,6.0,5,1,5,4,5,5,5,4,4,4,4,5,4,5,4,5,3,5.0,5,3,5,,5,5,3,5,5,5,5,6.0,,2,5,5,5,4,5,5,2,5,4,5,,6.0,5,6.0,,,4,5,5,5,5,6.0,,5.0,0,5,5,4,4,5,5,5,3,5,5,6.0,4,5,4,6.0,6,6.0,5,4,4,5,3.0,1,0.0,5,4,5,5,5,5,6.0,5,5,5.0,4,5,4,6.0,6.0,,5,4,5,,4,5,5,4,5,4,5,4,4,5,5,5,5,,6.0,4,5,5,5,,5,5,6.0,5,0,,5,6.0,,4,,5,5,6,5,4,5,5.0,5,3,4,0,5,5.0,4,5.0,5,4,5,5,4,,6.0,5,6.0,6.0,2,5,5,4,5,1,6.0,5,5,2,2,5,5,0,5,4,5,4,,5,5,,5,4,5,5,4,6.0,,5,5,5,5,5,5,4,5,6.0,,5,5,6.0,,6.0,,6.0,5,6,5,5,,,,5,,5,,,5,4,5,5.0,,90,13,1.775289231681994,-0.6884358228187604
5,4,5,5,5,5,5,6,5,4,5,5,6,4,6,5,5,6.0,6,5,4,5,5,6,5,6,5,5,5,6,5,5,5,6,5,5,6,6,5,6,6,6,6,6,,6,5,6,3,0,,6,0,,0,5,5,4,6,5,5,5,6.0,6,,6,,6,5,,4,1,4,6,5,5,5,6,6,6,4,4,5,5,6,5,5,4,6,6,6,3,,6,,2,4,6,5,6,5,5,5,5,4,4,,6,4,1,4,6,3,5,2.0,1,5,6,6,6,6.0,6.0,6,5,4,5,5,5,6,6,6,4,,6.0,6,5,6,,5,6,6,4,6,5,6,6,6,,6,,,,4,,6,6,,6,6,5,6,6,6,3,6,6,,,5,6,6,,4,6,6,6.0,6,6,,5,6,6,,6,5,5,3,5,4,6,1,5,5,6,5,2,6,3,5,5,6.0,6,5,5,,5,1,5,6,6,6,6,,,5,6,6,6,4,5,6,4,5,5,6,,,5,,,,6,0,6,5,5,6.0,,0.0,5,6,6,5,0,5,6,6,5,6,6,,5,6,5,3.0,6,,5,5,4,6,,5,,2,5,6,6,6,6,,6,6,6.0,6,6,5,6.0,6.0,,6,5,5,,5,6,6,5,1,4,5,1,5,6,2,6,6,,,5,6,5,5,,6,6,6.0,5,5,,6,,,5,,6,6,6,6,6,5,6.0,6,6,4,2,6,6.0,5,,6,5,6,5,0,,6.0,6,,,1,6,6,3,6,6,4.0,6,6,6,6,5,6,3,6,5,6,4,,5,5,5.0,5,5,5,6,5,6.0,,5,6,6,5,0,5,1,4,6.0,,4,5,6.0,0.0,4.0,,6.0,6,6,5,3,,4.0,5.0,3,,6,,,5,0,6,4.0,5.0,91,13,1.968209786111925,-0.48265756920089886
7,7,4,6,6,7,7,0,7,7,7,7,7,7,8,7,7,8.0,8,7,5,7,3,8,7,7,7,7,7,5,7,6,0,7,6,6,5,7,7,7,7,8,6,7,,7,7,6,7,7,8.0,7,6,,7,7,7,6,7,7,6,6,8.0,7,,8,,7,6,,4,6,8,8,7,7,7,8,7,7,6,6,7,7,7,7,7,5,7,7,6,6,8.0,7,,6,6,7,7,2,7,7,0,7,6,7,,8,7,7,5,7,8,6,8.0,6,6,1,7,7,0.0,8.0,7,7,5,7,7,7,7,7,8,7,8.0,8.0,8,7,8,6.0,5,7,7,6,7,7,7,7,7,7.0,8,8.0,,,7,,7,7,8.0,8,8,6,8,8,7,7,8,8,,,6,7,8,8.0,0,8,8,8.0,8,8,8.0,7,7,7,8.0,8,6,7,7,6,3,8,6,5,6,7,7,6,8,2,8,7,8.0,7,6,0,,7,7,7,7,8,8,7,8.0,,6,7,7,8,5,7,8,8,0,6,8,0.0,,8,0.0,,,8,7,8,7,7,8.0,,8.0,7,8,7,7,6,7,8,5,6,8,8,,7,7,6,8.0,8,8.0,7,7,5,7,8.0,7,,2,7,7,8,7,5,8.0,7,8,8.0,6,7,4,8.0,8.0,,8,7,7,,7,8,7,6,7,7,7,6,6,7,7,6,8,,,6,8,7,7,,8,7,8.0,7,7,,8,8.0,,7,,2,7,8,7,7,8,8.0,7,8,7,8,7,8.0,7,,7,7,7,5,4,,8.0,8,8.0,8.0,7,8,7,7,2,7,4.0,7,7,7,7,7,7,7,7,5,7,3,,6,4,,7,6,6,7,4,6.0,7.0,7,7,0,6,4,3,6,7,8.0,,7,7,8.0,,8.0,,5.0,4,8,7,8,,,,7,,7,,,7,7,7,8.0,,92,13,2.113151658767772,-0.6261343334725877
5,5,6,5,4,5,6,6,5,5,5,6,6,5,6,6,5,7.0,5,5,3,6,2,6,5,0,0,5,5,6,5,4,5,6,3,4,6,6,5,6,6,6,6,6,,2,5,6,6,4,7.0,3,5,,6,5,0,5,4,5,5,5,7.0,6,,6,,0,5,,5,4,6,6,6,0,6,6,6,6,4,5,5,6,6,5,4,4,6,6,6,4,7.0,6,,5,5,6,5,2,6,6,5,6,5,6,7.0,6,4,6,5,6,6,5,7.0,5,5,6,1,6,7.0,6.0,6,5,5,3,5,6,6,6,6,5,4.0,7.0,6,5,2,7.0,5,6,6,5,6,5,6,6,6,,6,7.0,7.0,,5,,5,7,7.0,6,7,5,6,6,6,5,6,6,7.0,,5,0,6,6.0,4,6,0,4.0,6,4,7.0,6,5,2,7.0,6,5,6,5,5,6,6,4,1,5,2,6,5,4,4,4,5,7.0,6,5,6,,6,6,5,6,6,6,6,7.0,,5,5,6,6,1,6,6,6,5,5,6,,7.0,6,7.0,,,6,5,6,0,6,6.0,,7.0,5,3,6,5,5,6,6,6,5,6,6,,6,6,6,7.0,6,7.0,6,5,6,6,7.0,4,,6,6,6,6,6,6,6.0,6,6,7.0,6,6,6,7.0,7.0,,6,6,0,,6,3,6,5,6,5,6,5,3,6,6,6,6,,7.0,4,6,6,6,,6,6,7.0,6,6,,6,6.0,,6,,6,6,6,6,6,6,7.0,6,6,5,3,6,7.0,6,,6,5,6,6,6,,7.0,6,7.0,7.0,6,6,6,4,6,6,7.0,6,6,6,6,6,6,6,6,5,6,0,,5,5,,2,5,5,5,5,6.0,4.0,5,6,6,5,6,6,5,6,7.0,,3,6,7.0,,7.0,,5.0,6,6,6,6,,,,6,,6,7.0,,6,6,6,7.0,7.0,93,13,1.9449814126394052,-0.6947167775115988
7,3,8,6,7,6,8,8,5,8,7,7,8,7,7,8,8,9.0,8,7,6,8,8,8,7,7,5,7,3,8,7,7,8,8,7,7,8,8,7,8,8,3,8,8,,8,4,7,7,8,9.0,8,7,,8,7,7,7,8,7,3,7,6.0,8,,8,,8,6,,7,6,8,8,8,7,8,8,2,8,5,2,6,8,8,7,7,6,8,8,8,7,9.0,8,,7,7,8,6,7,8,8,7,8,0,7,9.0,9,7,2,7,8,8,7,9.0,6,7,8,8,8,9.0,8.0,8,7,7,7,8,8,0,8,8,6,8.0,9.0,8,8,8,9.0,7,8,8,7,8,7,8,8,8,,8,9.0,9.0,,7,,8,9,9.0,8,9,6,8,8,8,7,8,8,0.0,,7,8,8,9.0,5,8,8,9.0,8,8,9.0,8,8,8,9.0,8,1,8,7,7,9,8,5,7,7,7,8,7,8,6,8,6,8.0,8,6,8,,8,8,7,8,8,8,8,9.0,,7,7,8,8,5,8,8,0,7,7,8,,9.0,8,0.0,,7.0,8,7,9,8,8,8.0,,9.0,7,8,7,7,7,8,8,6,7,8,8,9.0,8,8,8,9.0,8,9.0,8,8,8,7,9.0,4,9.0,8,7,8,8,8,8,9.0,8,8,8.0,8,8,6,7.0,9.0,,8,8,6,,7,8,8,7,8,7,7,6,7,7,8,8,6,,9.0,2,8,7,7,,8,7,9.0,8,7,,8,9.0,,8,,8,8,8,8,8,5,9.0,8,8,7,8,8,9.0,6,,8,8,8,8,7,,8.0,4,9.0,9.0,0,8,8,8,7,8,0.0,8,6,7,8,7,8,8,8,7,8,7,,7,8,,4,7,7,7,7,8.0,,7,8,8,5,0,6,7,0,9.0,,7,7,9.0,9.0,8.0,8.0,8.0,8,4,8,7,,,,8,0.0,8,,,6,7,8,9.0,9.0,94,13,2.1006012611819913,-0.621592581947353
6,6,6,5,5,6,6,2,6,6,6,6,6,5,7,6,5,7.0,7,6,5,6,6,7,6,1,1,6,6,6,6,5,6,7,5,1,6,7,6,7,6,6,6,6,,6,5,6,6,6,7.0,6,5,0.0,6,6,6,6,6,5,5,4,7.0,7,,6,,6,6,,5,1,7,6,6,6,6,7,7,7,4,6,5,6,6,0,6,3,7,6,7,4,7.0,6,,5,5,7,6,6,0,6,6,7,5,6,,7,6,6,6,6,7,5,7.0,5,5,6,6,7,7.0,6.0,6,6,5,6,6,6,6,6,7,5,7.0,7.0,7,5,7,,5,7,6,5,7,6,6,6,6,,7,7.0,,7.0,6,,6,7,4.0,7,7,4,7,6,6,6,7,7,,7.0,6,6,7,7.0,5,7,7,7.0,7,6,7.0,6,6,3,,7,5,6,6,6,3,7,5,3,5,6,6,6,6,4,6,4,0.0,5,5,6,,6,6,6,6,6,7,6,7.0,,1,6,6,7,6,6,7,7,5,6,7,,,7,7.0,,,6,6,6,7,6,2.0,,7.0,6,4,0,6,6,7,7,7,5,7,7,,6,6,6,7.0,7,7.0,6,6,3,6,7.0,5,,5,6,6,7,7,6,7.0,6,7,7.0,6,6,5,2.0,7.0,,0,6,7,,1,7,6,5,7,6,1,5,6,6,5,7,7,,7.0,6,0,6,6,,0,6,7.0,4,6,,7,6.0,,6,,6,3,6,7,6,7,7.0,7,5,3,7,6,7.0,6,,7,6,4,6,6,,7.0,7,7.0,7.0,6,7,6,4,6,6,7.0,6,6,6,6,6,2,7,7,0,6,6,,6,0,,6,5,6,6,4,7.0,,6,7,6,5,7,7,6,5,7.0,,6,6,7.0,,7.0,,7.0,7,7,7,7,,,,6,,5,,,6,6,6,7.0,,95,13,2.057640348243771,-0.6592239377721353
2,5,4,4,4,5,5,0,4,0,4,4,4,3,5,5,0,5.0,6,1,4,5,5,6,3,4,4,4,4,5,5,4,5,6,4,5,5,6,5,5,5,5,2,5,,5,5,5,5,3,6.0,5,4,,5,5,5,5,4,1,4,5,6.0,5,,0,,5,5,,2,3,5,5,4,5,3,4,5,5,4,3,4,1,5,5,5,4,5,5,6,3,6.0,5,,3,1,6,5,5,5,5,5,5,4,4,,6,5,5,5,5,5,5,6.0,5,5,5,3,6,6.0,6.0,6,5,5,5,5,5,6,5,6,3,6.0,6.0,5,5,5,6.0,5,6,5,3,6,5,5,5,5,,5,6.0,,,5,,5,6,6.0,6,6,4,6,5,0,5,0,5,,,5,5,6,6.0,4,6,6,6.0,6,5,6.0,4,4,5,,6,4,5,5,4,6,6,4,4,5,5,5,4,5,4,5,1,5.0,5,2,5,,5,5,5,5,5,6,5,6.0,,5,5,5,6,4,5,5,6,2,5,6,,6.0,6,6.0,,,5,1,5,5,5,6.0,,6.0,5,3,4,5,5,5,6,6,4,6,5,,5,3,4,6.0,6,6.0,5,5,5,5,6.0,3,,5,3,6,6,5,5,6.0,5,5,6.0,4,5,5,6.0,6.0,,6,5,5,,5,5,5,4,5,5,5,4,4,5,5,6,5,,,4,6,4,5,,6,4,6.0,5,5,,5,5.0,,4,,5,5,3,6,5,3,6.0,6,5,5,6,5,6.0,5,,5,3,5,6,0,,6.0,5,6.0,6.0,5,6,6,3,5,4,4.0,2,5,5,5,6,6,4,6,4,5,5,,5,5,,5,3,5,6,5,6.0,,4,5,5,5,5,5,5,5,6.0,,5,5,6.0,5.0,6.0,,6.0,5,6,0,3,,,0.0,5,,5,,,5,4,5,0.0,,96,13,1.8055220277610142,-0.6291731119584361
5,5,5,4,4,5,0,3,4,5,4,5,5,4,5,5,4,6.0,6,5,3,6,5,5,5,5,5,4,4,6,5,2,5,6,0,4,6,6,5,6,5,6,1,4,,5,5,6,5,6,,5,5,,5,0,5,5,5,4,2,5,6.0,6,,5,,6,5,,4,2,6,6,5,5,6,6,6,5,4,2,4,2,5,5,5,4,6,6,4,3,6.0,4,,4,4,6,5,5,3,6,5,5,4,5,,6,5,6,5,6,5,4,,4,5,6,3,6,6.0,6.0,6,5,5,5,5,5,6,6,6,4,6.0,6.0,6,5,6,,5,5,5,2,5,5,5,6,6,3.0,6,,,,5,,5,6,,6,6,4,6,6,5,5,6,6,,,5,5,6,6.0,4,6,6,6.0,6,6,,5,5,4,,6,5,5,5,5,6,6,5,5,5,5,5,5,6,3,6,4,6.0,5,5,5,,5,5,5,5,2,6,5,6.0,,3,5,5,6,4,3,6,6,0,5,6,,,6,6.0,6.0,,0,5,6,5,5,6.0,,,5,6,5,1,5,5,6,6,5,6,6,,0,4,6,,6,6.0,6,5,5,3,6.0,5,,6,5,6,6,6,5,6.0,6,6,6.0,5,6,2,4.0,6.0,,6,5,5,,2,4,5,4,5,5,5,5,5,5,4,6,6,,,0,6,5,5,,6,5,6.0,1,5,4.0,6,6.0,,5,,6,6,6,6,6,6,6.0,6,5,4,6,6,6.0,5,0.0,6,4,5,6,0,,6.0,4,6.0,,5,6,5,1,2,5,6.0,5,6,6,5,6,6,6,6,4,5,5,,5,5,,5,5,5,6,5,6.0,,5,6,6,5,6,0,5,6,6.0,,4,5,,,6.0,,6.0,6,6,6,3,,,,5,,6,,,5,5,6,,,97,13,1.8962800875273522,-0.656869981709787
6,6,6,5,6,6,7,7,6,5,6,6,6,1,7,3,6,7.0,7,7,4,6,6,7,7,6,5,2,5,7,6,6,6,7,6,6,7,7,6,7,7,7,6,7,,7,6,7,6,5,8.0,7,6,,6,2,6,7,6,6,6,3,8.0,7,,7,,7,6,,6,5,7,7,7,6,7,7,7,7,0,6,6,4,3,6,5,5,7,7,7,5,8.0,6,,5,4,0,6,6,6,7,7,7,5,4,4.0,7,7,7,6,7,7,6,8.0,6,6,7,6,7,8.0,7.0,7,3,6,7,7,7,7,5,7,6,0.0,8.0,7,6,7,8.0,6,7,7,5,7,7,7,7,6,,7,8.0,8.0,6.0,6,,6,7,8.0,7,7,5,5,7,7,6,7,7,8.0,,6,7,7,8.0,1,7,7,8.0,7,7,8.0,6,6,6,8.0,7,6,7,0,6,7,7,5,6,6,6,6,6,7,5,7,3,8.0,6,6,7,,6,7,6,7,7,7,7,8.0,,6,6,7,7,6,6,7,7,3,6,7,,8.0,7,8.0,,,7,6,7,7,7,7.0,,8.0,7,7,7,6,6,7,7,7,4,7,7,,6,7,6,8.0,7,8.0,7,7,7,7,8.0,6,,7,1,7,7,7,7,0.0,7,3,7.0,0,6,6,7.0,7.0,,7,6,7,,6,7,7,6,7,6,6,0,5,7,7,7,7,,8.0,6,7,3,6,,7,6,8.0,6,6,,7,7.0,,6,,7,7,1,7,4,4,7.0,7,7,6,7,7,7.0,6,,7,7,7,7,6,,7.0,2,8.0,8.0,7,7,7,6,5,7,6.0,7,7,7,7,7,0,7,0,6,6,6,,0,4,,6,5,6,7,6,7.0,,6,7,7,6,7,7,7,7,8.0,,6,6,8.0,,7.0,,7.0,7,7,7,6,,,,6,,7,,,6,7,7,8.0,8.0,98,13,2.1536109493302265,-0.6759262809224522
5,5,5,0,5,5,5,0,4,5,5,6,5,5,6,6,4,6.0,6,6,1,6,5,6,5,5,5,5,4,1,5,5,5,6,4,4,6,6,5,6,6,6,2,6,,5,5,6,5,6,4.0,5,4,,3,5,5,5,6,5,5,0,6.0,3,,6,,6,5,,5,3,6,5,6,5,6,6,6,4,4,5,4,5,6,4,5,4,6,6,6,3,,3,,4,4,5,5,5,6,3,5,6,4,5,,6,5,6,5,6,6,5,,2,5,5,5,6,6.0,6.0,6,5,5,6,0,5,6,6,6,5,,,5,6,6,,5,6,6,5,6,5,6,6,5,0.0,2,,,,5,,6,4,,6,6,5,6,6,6,5,6,6,,,4,5,6,6.0,5,6,6,6.0,6,6,,5,6,5,,6,5,5,2,6,3,6,4,5,5,4,5,4,0,4,6,5,6.0,6,5,6,0.0,5,1,5,5,6,6,0,,,5,6,6,6,4,5,6,6,5,5,6,6.0,,6,,,,6,5,6,5,5,6.0,,,5,6,6,5,5,4,6,3,4,6,6,,4,6,6,,6,,6,3,5,6,,5,,6,5,6,6,6,6,,5,6,6.0,6,5,4,6.0,6.0,,6,6,6,,5,6,6,5,6,5,5,4,5,6,6,6,6,,,0,6,5,2,,6,5,6.0,5,5,,6,6.0,,5,,6,6,6,6,6,3,6.0,1,6,5,6,6,6.0,5,,6,5,6,6,4,,6.0,6,6.0,,2,6,6,6,6,5,5.0,6,6,6,5,2,6,6,6,4,2,5,,5,5,4.0,5,5,0,6,2,6.0,,5,6,5,5,6,6,5,6,,,5,5,,,,,6.0,6,6,6,6,,,,6,,6,,,5,5,5,4.0,,99,13,1.8840622683469237,-0.5601965808245699
6,6,7,5,1,5,7,7,7,7,6,7,7,7,7,7,7,8.0,7,6,5,7,6,7,5,4,6,6,6,3,6,5,7,7,6,6,7,7,4,7,3,7,7,7,8.0,7,6,7,7,7,8.0,3,6,8.0,7,7,0,6,6,6,6,5,7.0,7,,7,,6,2,,6,5,8,7,7,6,7,7,7,7,5,6,6,6,5,6,6,5,7,6,4,5,8.0,6,,5,1,7,6,6,6,6,6,7,6,6,8.0,7,7,7,0,7,6,5,8.0,6,6,7,7,7,8.0,0.0,7,6,4,7,7,7,6,0,7,6,7.0,8.0,8,7,7,8.0,6,7,7,6,7,2,7,6,7,,7,8.0,8.0,,6,0.0,7,7,6.0,7,7,5,7,7,2,6,7,6,,,6,6,7,7.0,5,6,7,5.0,7,7,8.0,7,4,7,8.0,7,6,7,6,6,7,7,3,0,1,6,7,6,7,5,7,6,7.0,6,6,6,,7,6,6,6,7,7,7,8.0,7.0,5,3,6,7,5,6,7,7,6,2,7,0.0,8.0,7,8.0,,,7,7,7,6,6,7.0,7.0,8.0,6,7,7,6,6,7,7,7,6,7,7,8.0,7,7,7,8.0,7,8.0,7,0,6,6,7.0,6,,7,6,7,7,6,5,7.0,6,7,8.0,7,7,6,7.0,8.0,,7,7,7,,7,7,7,6,7,6,2,5,2,7,7,7,7,8.0,8.0,3,6,7,4,,7,7,8.0,6,7,,7,8.0,,6,,6,7,7,7,7,7,8.0,7,7,6,7,7,7.0,6,,7,7,7,7,6,,8.0,7,6.0,8.0,6,7,7,6,7,6,8.0,7,4,7,7,6,7,7,7,6,7,6,,6,6,,7,6,6,7,6,7.0,,6,7,7,6,7,7,6,7,8.0,,6,6,8.0,,4.0,,8.0,7,7,7,6,,7.0,,7,,7,0.0,0.0,6,7,7,8.0,,100,13,2.06573116691285,-0.644439355888345
7,7,6,6,6,7,6,7,6,7,7,7,7,3,8,6,7,8.0,8,7,5,8,7,8,7,7,6,7,7,7,7,6,7,6,3,6,7,8,7,8,8,2,7,0,,7,7,8,7,8,,7,7,,6,4,7,7,7,5,7,7,6.0,8,,8,,4,7,,6,5,8,8,7,7,7,8,4,8,6,6,7,8,8,1,7,7,8,8,8,5,,7,,7,6,5,7,7,7,7,7,7,3,7,,8,7,8,7,7,7,6,0.0,6,7,7,7,8,,8.0,8,6,6,7,8,7,8,8,0,1,8.0,8.0,6,7,8,,7,0,8,0,7,7,7,8,8,,7,,8.0,,6,,8,8,,8,8,6,7,8,7,7,8,8,,8.0,7,7,8,8.0,7,7,8,8.0,8,2,,5,7,7,,8,6,8,7,5,8,8,6,6,7,7,7,7,8,5,8,7,8.0,7,0,7,,7,7,8,7,8,7,7,8.0,,7,7,8,8,7,7,8,8,7,7,8,,,8,8.0,,,7,7,8,7,8,8.0,,8.0,7,7,7,7,6,7,8,8,4,8,8,,7,7,7,7.0,8,8.0,7,7,7,7,8.0,7,,7,7,7,8,8,7,8.0,8,8,8.0,7,7,4,8.0,8.0,,8,8,6,,8,7,7,6,8,4,7,5,7,7,7,6,8,,,6,8,7,7,,0,6,8.0,7,7,4.0,8,,4.0,7,,8,7,8,8,8,6,8.0,8,7,7,8,7,8.0,7,,8,4,7,7,7,,8.0,8,8.0,8.0,7,8,0,7,7,7,8.0,5,2,8,6,7,0,2,3,6,8,7,,7,7,,7,6,7,8,6,8.0,0.0,4,8,7,7,7,6,7,8,8.0,,7,7,8.0,,8.0,,8.0,8,8,8,8,,,,7,,8,,,5,7,8,8.0,,101,13,2.0783995275358036,-0.5665470828948878
6,1,6,6,6,7,7,7,6,5,5,6,4,5,1,6,5,0.0,4,6,4,6,6,7,7,6,5,6,1,6,6,6,0,7,6,4,7,7,6,7,7,7,7,7,8.0,7,3,7,7,7,8.0,7,6,,6,6,7,6,6,6,6,5,6.0,7,,7,,7,6,,6,4,7,7,7,5,7,7,7,7,5,6,6,6,3,6,0,5,7,7,7,5,8.0,7,,6,5,7,0,6,7,7,6,7,4,6,8.0,7,6,7,6,7,7,6,8.0,5,6,7,6,7,8.0,7.0,7,6,6,7,6,7,7,7,7,6,7.0,0.0,7,0,7,5.0,6,7,7,6,7,7,7,7,7,,7,8.0,8.0,,6,,7,6,2.0,7,7,6,7,4,7,7,7,7,8.0,,6,7,7,8.0,3,7,7,8.0,7,7,8.0,7,6,7,8.0,6,5,7,6,6,7,7,5,6,6,6,7,4,7,5,7,5,8.0,7,0,7,,7,7,6,6,7,7,6,8.0,,3,7,7,6,6,6,7,7,1,4,7,,8.0,7,8.0,,,6,7,7,7,0,8.0,,8.0,7,7,7,3,6,6,7,7,5,7,7,8.0,6,7,6,8.0,7,8.0,7,6,7,6,7.0,6,,7,7,7,7,7,6,8.0,6,7,7.0,6,6,5,7.0,7.0,,2,6,7,,7,7,2,6,7,7,6,6,6,7,7,7,7,,7.0,6,7,7,7,,7,6,8.0,7,6,,7,7.0,,7,,7,7,8,7,4,7,8.0,7,6,6,7,7,8.0,6,,7,6,7,7,0,7.0,8.0,7,7.0,8.0,6,7,5,6,6,7,8.0,7,7,7,7,7,7,7,7,5,7,6,,7,6,,7,6,7,7,6,7.0,,7,7,7,6,7,7,6,7,8.0,,6,6,8.0,,8.0,,7.0,7,7,7,7,,,,7,,0,3.0,,7,6,7,4.0,8.0,102,13,2.0515147080345377,-0.6573479946387332
4,5,6,4,0,6,6,6,6,6,6,5,6,6,7,6,6,7.0,7,6,5,6,6,5,6,6,5,6,6,6,6,5,6,7,6,5,2,7,6,6,2,6,6,7,,6,6,2,6,5,7.0,6,0,,6,6,6,6,6,0,5,6,7.0,7,,5,7.0,7,5,,5,4,5,7,6,5,6,7,6,6,2,6,5,5,6,6,6,4,6,6,7,4,7.0,6,,5,4,7,6,6,1,6,5,6,5,6,7.0,6,6,5,5,6,7,5,7.0,5,6,6,6,3,7.0,7.0,6,5,5,6,6,6,7,6,7,5,7.0,7.0,7,6,7,,6,6,6,5,6,6,6,7,6,,7,7.0,7.0,,6,,6,7,7.0,7,7,0,7,7,6,6,6,7,,,5,6,4,7.0,3,6,7,7.0,0,6,7.0,4,6,6,,6,6,6,6,5,7,7,5,5,5,5,6,6,6,4,6,5,4.0,6,5,6,7.0,6,6,6,6,7,7,6,7.0,,5,6,6,7,5,6,6,7,5,5,7,,7.0,5,7.0,,7.0,6,6,7,6,6,7.0,,7.0,6,6,6,6,6,6,2,2,5,4,7,,6,6,2,7.0,7,7.0,6,6,6,6,7.0,5,,6,6,6,7,6,6,7.0,6,6,7.0,6,6,6,7.0,7.0,,7,0,6,,1,6,3,4,6,6,0,5,5,6,6,7,7,,,1,7,6,5,,7,6,7.0,6,6,,7,7.0,,6,,6,6,7,7,7,7,7.0,7,6,6,7,6,7.0,5,,6,6,6,6,6,,7.0,6,7.0,7.0,6,7,6,6,6,4,7.0,7,7,6,6,6,6,7,6,5,0,5,,3,1,,6,4,6,6,5,7.0,7.0,6,6,6,5,6,6,6,6,0.0,,2,0,7.0,2.0,7.0,,7.0,7,6,6,7,,,,6,,7,,,6,6,6,7.0,,103,13,2.0705900060204696,-0.668984612205567
5,2,6,5,4,6,6,6,6,5,5,6,6,2,6,6,6,0.0,7,3,4,6,6,7,6,2,4,5,6,5,5,2,6,7,5,5,6,7,6,6,6,6,6,7,0.0,6,6,6,6,6,7.0,0,6,,6,6,6,5,1,5,5,5,0.0,6,,6,,6,5,,4,1,7,6,6,3,6,7,4,6,3,6,5,6,6,6,6,5,6,6,6,3,7.0,6,7.0,5,5,6,5,6,6,6,6,6,5,4,7.0,7,6,6,6,6,6,5,7.0,5,6,0,4,4,7.0,7.0,7,5,6,6,4,6,7,5,1,5,7.0,7.0,5,6,7,7.0,6,7,7,5,6,6,6,7,6,,6,7.0,7.0,,6,,6,7,7.0,6,7,4,7,6,6,3,6,7,,,5,6,6,7.0,5,7,7,7.0,7,4,7.0,6,6,6,7.0,6,4,6,6,6,6,5,5,5,5,5,6,4,6,3,6,5,7.0,6,5,6,,6,6,5,6,7,6,6,7.0,,5,6,6,7,1,6,6,4,5,5,7,,7.0,7,7.0,,,6,6,7,6,6,7.0,,7.0,6,6,6,6,6,6,7,7,6,7,7,,3,0,6,,7,7.0,6,6,6,5,7.0,6,4.0,6,6,6,7,6,4,0.0,6,1,7.0,6,6,6,7.0,7.0,,7,6,7,,0,6,6,5,6,6,6,5,5,6,3,6,7,,,5,7,6,6,,7,6,7.0,6,6,,6,7.0,,0,,6,6,7,7,7,6,7.0,6,6,6,7,6,7.0,6,,7,5,6,6,6,,7.0,6,7.0,7.0,5,7,6,6,1,6,7.0,6,7,6,6,6,7,7,7,5,6,6,,0,5,,6,5,6,6,6,7.0,,5,6,6,5,6,6,6,6,7.0,,6,6,4.0,,7.0,,4.0,6,6,3,7,,,,6,,4,,,6,6,6,7.0,,104,13,2.051117734724292,-0.6404596716465651
5,5,5,4,4,4,6,5,5,5,5,5,5,4,6,6,5,6.0,6,5,2,6,5,6,5,5,1,5,4,5,5,5,5,6,5,4,6,6,5,6,2,6,5,6,,6,5,6,3,6,,5,4,,5,5,5,5,5,4,4,0,6.0,6,,5,,6,4,,5,4,6,6,5,5,6,6,5,6,4,5,5,2,6,5,5,3,6,5,0,3,6.0,4,,4,5,6,5,4,6,6,5,6,4,5,,6,5,6,5,5,6,5,,5,5,6,5,6,6.0,6.0,5,5,1,5,4,5,6,6,6,5,6.0,6.0,6,5,6,,5,6,5,5,6,5,6,6,6,,6,,4.0,,5,,5,4,6.0,6,6,5,6,6,5,3,3,4,,,4,5,6,6.0,4,6,6,0.0,6,6,,6,6,3,,6,4,6,5,5,6,6,4,5,5,0,5,2,5,1,4,2,,5,5,5,,5,6,5,0,6,2,4,,,4,6,6,4,5,5,5,4,5,4,6,,6.0,6,,,,6,5,6,0,6,3.0,,,5,5,3,6,5,6,6,6,4,6,6,,5,5,5,,6,6.0,6,5,5,5,6.0,5,,6,5,6,6,3,5,6.0,5,6,6.0,5,2,5,6.0,6.0,,6,6,6,,5,6,5,5,6,5,1,4,5,6,5,6,6,,,5,5,6,5,,6,6,6.0,5,5,,6,6.0,,5,,5,3,6,6,6,0,6.0,6,6,3,2,6,6.0,5,,6,5,6,5,5,,6.0,6,6.0,,0,6,6,6,5,6,6.0,6,3,5,5,5,6,6,6,5,6,5,6.0,5,5,,5,4,5,4,2,6.0,,5,6,6,5,6,6,5,5,,,5,3,,,6.0,,6.0,6,6,0,6,,4.0,,6,6.0,6,0.0,,5,5,5,,,105,13,1.8602420306965761,-0.5728197536627725
5,5,5,3,5,5,1,6,5,5,5,5,5,5,6,6,6,6.0,6,5,4,5,5,6,1,5,5,5,5,5,5,3,5,3,5,5,6,2,5,2,6,6,0,6,,5,5,6,2,6,,5,4,,5,5,0,5,6,5,4,2,6.0,6,4.0,5,,0,5,,4,4,6,6,5,5,6,6,6,6,4,5,1,5,6,5,5,0,6,5,6,5,,5,,5,4,6,5,5,5,5,4,5,3,5,,3,5,6,5,5,6,4,,4,5,5,6,6,6.0,6.0,6,2,3,5,5,5,6,6,2,5,6.0,,6,5,6,,1,6,5,4,6,5,6,5,5,,6,,,,4,,5,5,,5,6,4,4,6,6,5,6,6,,,5,5,5,6.0,1,6,4,6.0,6,6,6.0,6,5,5,,6,5,5,5,5,6,6,4,5,5,5,5,5,6,0,6,4,,4,5,5,,5,6,5,6,6,6,6,,,5,6,6,6,4,5,0,4,4,4,6,,,2,,,,6,5,6,5,6,2.0,,,3,6,4,5,3,5,6,6,4,6,6,,6,6,5,,6,6.0,0,5,4,6,6.0,5,,6,5,5,6,6,5,,5,6,6.0,6,0,5,6.0,6.0,,6,6,6,,5,6,3,5,6,5,5,4,5,5,6,2,6,,,4,6,5,1,,6,6,6.0,5,5,,6,,,5,0.0,6,5,6,6,6,6,,4,6,5,6,5,6.0,5,,6,6,0,5,6,,6.0,6,,,5,6,6,6,5,5,6.0,6,6,5,5,6,6,6,6,5,5,1,,5,5,,5,5,5,5,5,6.0,3.0,5,6,3,5,5,6,5,6,,,5,2,6.0,,6.0,,6.0,6,6,6,6,,,,5,,6,,,4,5,6,3.0,,106,13,1.9735598227474151,-0.5648801208260943
7,7,7,5,6,7,7,7,6,6,7,7,7,6,7,7,7,3.0,1,7,5,0,7,7,7,7,7,0,6,7,7,4,7,8,6,3,8,8,6,7,7,7,7,8,,7,7,8,7,6,8.0,7,7,,7,7,7,7,1,6,0,7,6.0,8,,7,7.0,3,6,,6,5,7,7,7,6,7,7,7,7,5,0,0,7,8,7,7,6,7,7,8,5,8.0,7,,7,6,7,7,4,7,7,7,7,6,6,8.0,2,7,7,4,7,7,5,8.0,6,7,7,7,8,4.0,8.0,8,7,4,7,7,6,7,6,8,1,8.0,8.0,8,7,8,8.0,6,7,7,6,6,7,7,7,7,,8,,,8.0,6,,7,8,8.0,7,8,6,8,7,7,7,7,7,,,7,7,1,8.0,6,8,8,8.0,8,3,8.0,7,7,7,3.0,7,6,8,7,7,8,0,6,7,7,7,7,7,7,4,2,6,7.0,7,7,7,8.0,0,7,7,6,7,8,7,7.0,,6,4,7,8,6,7,7,7,6,6,7,,8.0,7,8.0,,0.0,0,7,8,7,7,8.0,,8.0,6,6,7,7,7,7,8,8,6,7,8,,7,7,7,8.0,8,8.0,7,7,7,7,8.0,6,,7,7,8,8,8,7,8.0,7,7,8.0,7,7,1,5.0,8.0,,8,7,4,,7,8,7,6,7,7,7,6,7,8,7,8,7,0.0,,6,8,7,7,,8,7,8.0,7,7,,8,8.0,2.0,7,,7,7,8,8,7,7,8.0,7,7,7,8,7,7.0,4,,7,7,5,7,6,,8.0,8,8.0,8.0,7,8,7,3,7,7,7.0,7,7,7,7,7,8,8,7,6,7,7,,7,7,,7,6,6,7,7,8.0,,7,8,7,7,5,7,6,7,8.0,,5,2,8.0,,8.0,,8.0,8,7,8,8,,,,7,,8,,,7,7,7,8.0,5.0,107,13,2.2345392702535554,-0.5885844039925606
5,5,6,5,4,6,6,6,5,6,3,5,6,5,6,6,6,6.0,6,5,4,6,5,6,6,5,0,5,2,6,5,5,6,6,5,5,6,6,2,6,6,6,5,6,,6,3,6,5,6,7.0,5,5,6.0,6,5,4,5,5,5,4,5,7.0,6,,6,7.0,6,0,,4,3,6,6,6,5,6,6,6,2,4,5,5,5,0,5,5,4,1,6,6,4,7.0,6,,5,4,6,5,6,5,6,5,6,4,5,6.0,0,4,6,0,6,6,5,7.0,5,6,6,6,6,7.0,6.0,6,6,5,6,5,6,6,4,4,5,5.0,7.0,6,6,7,7.0,5,6,6,5,6,5,6,2,6,,6,7.0,7.0,,2,,6,6,6.0,6,0,5,6,6,6,5,3,6,,,5,6,6,7.0,0,4,6,6.0,6,6,7.0,6,6,6,7.0,6,4,6,1,6,5,6,4,3,3,5,6,5,6,0,6,1,7.0,6,5,6,,6,6,6,5,6,6,5,7.0,,5,6,6,6,5,6,6,6,5,5,6,,7.0,6,7.0,,,6,5,6,6,6,6.0,,7.0,5,6,5,5,5,6,6,6,5,6,6,,5,3,6,7.0,6,7.0,6,5,6,6,7.0,5,,6,6,6,6,6,6,7.0,6,6,7.0,5,6,5,7.0,7.0,,6,6,3,,5,6,6,5,6,6,5,5,5,6,0,6,6,,7.0,3,6,6,5,,7,4,7.0,6,6,,6,7.0,,6,,3,6,6,6,6,6,7.0,6,6,5,7,6,6.0,6,,4,2,6,6,5,,7.0,6,7.0,7.0,6,6,6,6,6,6,7.0,5,4,6,6,6,4,6,6,5,6,5,,5,5,,6,5,6,5,6,0.0,,5,6,5,5,6,6,2,6,7.0,,5,5,7.0,,7.0,,7.0,6,6,6,7,,4.0,,6,,6,,,6,5,6,7.0,7.0,108,13,2.0269270602160083,-0.6733647463968471
5,0,5,1,4,6,6,6,6,6,5,5,5,6,3,6,6,7.0,6,5,4,6,5,6,5,0,5,5,3,6,6,5,6,7,5,5,6,6,6,6,6,6,3,2,,6,5,6,5,6,7.0,6,4,,6,5,3,5,5,4,5,5,1.0,6,,5,,6,3,,0,4,7,6,6,5,6,6,5,0,4,5,5,5,6,5,6,4,6,6,6,4,7.0,6,,5,5,6,6,6,5,2,4,6,5,6,7.0,7,5,3,3,6,6,5,6.0,5,6,6,6,7,7.0,6.0,6,5,5,6,6,6,6,6,0,1,7.0,6.0,5,1,5,7.0,5,6,6,5,0,5,6,6,6,,5,7.0,7.0,,4,,2,6,7.0,6,6,4,5,6,6,6,5,6,,,5,6,6,7.0,4,6,7,7.0,6,6,7.0,6,6,6,7.0,6,5,6,5,6,7,6,5,5,1,3,6,5,3,3,6,5,7.0,6,5,6,7.0,6,6,5,5,6,6,6,7.0,,5,4,5,7,5,6,6,6,5,5,6,,7.0,6,7.0,,,6,6,6,6,6,4.0,,7.0,5,3,6,5,5,6,6,6,5,6,7,,6,6,0,7.0,6,7.0,6,6,5,6,7.0,5,,6,6,6,6,6,6,7.0,6,5,7.0,6,6,5,7.0,7.0,,6,6,6,,5,6,6,5,6,6,5,5,5,6,6,6,6,,7.0,4,6,6,6,,7,5,7.0,6,5,,6,7.0,,5,,0,6,6,2,6,6,7.0,6,4,6,7,6,6.0,5,,6,5,6,6,6,,7.0,2,7.0,7.0,4,6,6,5,6,6,7.0,6,0,5,6,5,6,6,6,0,6,5,,5,5,,5,5,6,6,6,6.0,,4,6,6,5,6,6,5,6,6.0,,5,5,6.0,5.0,4.0,,7.0,6,5,6,7,,5.0,,6,,6,7.0,,6,5,6,7.0,7.0,109,13,1.9635531946288918,-0.6580828274631649
8,8,8,7,7,8,8,8,8,8,1,8,8,7,9,8,8,0.0,6,8,7,9,8,9,4,8,8,8,8,8,8,7,8,9,8,8,9,9,7,9,9,9,8,9,,8,8,8,7,4,,8,1,,8,8,8,3,8,7,7,5,9.0,8,,2,,9,8,,7,6,9,9,8,8,9,4,9,8,6,7,7,8,8,8,8,7,8,8,9,5,9.0,8,9.0,6,7,9,8,8,8,8,8,8,6,0,9.0,7,8,8,8,4,8,1,9.0,2,8,8,8,9,6.0,0.0,8,8,7,8,8,8,9,1,9,7,9.0,9.0,0,7,9,,8,9,8,7,9,8,8,8,8,,9,,,,7,,8,9,4.0,9,0,7,9,7,9,8,9,9,,,8,9,9,9.0,7,9,9,9.0,9,9,9.0,9,8,8,,9,8,8,8,8,8,8,5,7,8,8,8,7,8,6,8,8,9.0,8,5,6,6.0,8,8,8,8,4,9,8,,,8,8,7,9,7,8,9,9,7,7,9,,,9,9.0,,,8,8,8,8,8,9.0,,9.0,8,9,7,8,8,8,9,9,8,9,9,9.0,8,8,8,9.0,9,9.0,8,7,8,8,9.0,8,,8,8,9,9,8,8,9.0,5,8,9.0,8,8,8,9.0,9.0,,9,8,9,,8,9,8,8,8,7,8,7,8,9,9,9,9,,,7,9,8,8,,9,8,9.0,8,8,0.0,7,9.0,,6,0.0,8,8,8,9,9,8,9.0,9,8,8,9,9,0.0,8,,9,8,8,7,8,0.0,9.0,8,9.0,,6,9,9,8,8,8,9.0,9,9,8,8,8,9,9,8,7,8,0,,8,8,9.0,8,2,8,9,8,9.0,,8,9,8,8,8,9,6,9,,,6,6,9.0,,9.0,,9.0,9,9,9,9,,,,8,,9,,,2,8,9,9.0,9.0,110,13,2.311281128112811,-0.6024191611660725
6,6,6,6,5,6,7,7,7,6,4,6,7,7,7,7,7,8.0,7,5,5,7,6,5,7,5,6,6,5,7,6,6,4,7,6,6,7,7,6,7,7,7,6,7,,6,3,7,6,7,8.0,7,5,,6,3,3,4,4,5,6,4,8.0,5,,7,,7,6,8.0,6,5,7,7,6,5,7,7,7,7,5,6,2,6,7,6,6,5,7,7,7,5,8.0,7,,4,6,7,6,6,6,6,6,7,6,6,8.0,8,6,7,6,7,7,6,8.0,5,6,6,6,7,7.0,7.0,7,5,6,7,4,7,7,7,7,6,7.0,8.0,7,6,6,8.0,6,7,7,4,7,6,7,7,0,,7,8.0,8.0,,6,,0,7,8.0,7,7,6,7,7,4,6,0,7,8.0,,6,6,7,7.0,5,7,7,5.0,0,7,8.0,7,7,7,8.0,7,5,6,6,6,7,6,5,4,6,6,7,6,7,5,7,6,8.0,0,6,6,,7,7,6,6,7,7,6,8.0,,6,7,7,7,6,6,7,7,2,6,7,,5.0,7,8.0,,,7,7,6,7,7,7.0,,8.0,6,7,7,6,6,7,7,7,5,7,7,,6,6,0,8.0,7,8.0,6,6,5,7,6.0,6,,4,6,7,7,7,6,8.0,7,7,8.0,6,7,7,8.0,8.0,,7,7,7,,7,7,7,6,7,6,6,6,6,7,7,7,7,,8.0,6,7,7,6,,7,7,8.0,6,6,,7,8.0,7.0,6,5.0,6,7,3,0,7,7,8.0,6,7,6,6,7,7.0,6,,7,7,7,6,7,,8.0,7,7.0,8.0,6,7,7,6,7,5,8.0,4,7,7,6,7,7,7,7,5,6,6,,6,1,,7,0,6,7,6,7.0,,6,7,7,6,7,4,5,5,8.0,,1,0,8.0,,7.0,,8.0,7,7,7,7,,,,7,,0,,,6,6,7,7.0,8.0,111,13,1.945027704870224,-0.6703464748596173
7,6,8,1,7,8,7,7,7,7,7,7,8,3,8,8,7,8.0,8,7,6,8,5,1,8,6,7,6,7,8,6,7,8,8,7,7,7,8,6,8,8,7,8,8,7.0,8,7,7,7,8,,8,6,,7,6,2,7,7,7,6,7,8.0,8,,8,,8,7,,7,6,8,8,7,7,8,8,1,2,5,6,7,8,7,7,0,7,8,8,8,5,,8,,7,6,8,4,8,7,7,6,8,5,7,8.0,6,7,8,0,8,8,1,,7,7,8,5,8,8.0,8.0,8,7,7,7,7,7,8,7,3,6,7.0,8.0,8,7,8,8.0,7,8,7,7,8,7,8,5,8,,8,0.0,,,7,,8,8,8.0,8,8,5,8,8,5,7,8,8,,,7,7,8,6.0,6,8,8,8.0,8,8,,8,8,0,,8,4,7,7,8,8,8,7,7,7,7,8,7,7,6,8,6,8.0,0,7,8,,8,8,3,8,8,8,8,,,6,0,7,8,7,8,8,8,7,6,8,,,8,,,,8,7,8,7,8,,,,7,8,3,6,7,4,8,8,7,8,8,,7,8,8,,8,,8,7,7,0,8.0,7,,8,8,8,0,7,7,8.0,4,7,8.0,7,5,7,8.0,8.0,8.0,8,8,8,8.0,7,8,6,7,8,7,8,7,7,8,8,8,8,,,6,6,7,7,,7,7,,8,7,,8,,,7,,7,8,8,8,8,7,5.0,8,7,7,8,8,6.0,7,,8,7,8,8,7,,8.0,8,8.0,,7,8,8,2,7,7,8.0,8,8,8,8,8,8,8,8,7,8,7,,7,7,,0,7,6,8,7,8.0,,7,8,8,7,8,8,2,8,,,8,8,,,8.0,,,8,8,8,8,,,,8,,8,,,8,7,8,0.0,,112,13,2.2349557522123886,-0.5857447493171654
0,7,8,6,7,8,5,8,8,8,8,8,8,8,2,8,8,9.0,9,8,7,8,8,7,8,8,4,8,5,0,8,7,2,9,0,7,7,9,8,8,8,8,8,9,,8,6,8,8,8,9.0,8,7,,8,8,8,7,8,7,7,7,9.0,9,,8,,6,8,,7,5,9,9,8,8,8,9,8,9,4,8,3,7,8,8,8,8,9,8,9,6,,8,,7,6,9,8,7,8,8,5,8,7,8,,9,7,6,8,8,9,8,7.0,6,8,8,7,9,9.0,9.0,8,7,7,8,8,8,9,0,8,7,9.0,9.0,9,7,9,8.0,8,9,8,7,3,8,8,8,8,,8,9.0,,,7,,8,9,9.0,8,9,5,9,9,8,7,9,8,,,8,4,8,9.0,7,8,9,9.0,5,8,9.0,8,8,8,,9,7,8,8,8,9,8,6,8,8,8,8,8,8,7,8,7,9.0,6,7,8,9.0,8,8,8,8,7,9,8,9.0,,7,5,8,9,7,7,9,9,8,7,9,,,9,8.0,7.0,,8,7,7,8,8,9.0,,4.0,8,8,8,8,6,8,9,8,7,9,2,,8,8,8,9.0,8,9.0,8,8,8,8,9.0,7,,6,8,8,9,8,8,8.0,8,8,9.0,8,8,8,9.0,9.0,,8,6,9,,3,8,8,7,8,8,8,7,1,8,8,9,9,,,7,9,8,2,,9,7,9.0,8,7,,9,9.0,0.0,8,,8,8,9,9,0,8,9.0,8,8,7,9,5,9.0,8,,8,7,8,8,8,6.0,9.0,9,9.0,0.0,8,9,8,8,8,8,9.0,0,8,8,8,5,9,9,8,7,8,8,,7,8,,8,8,8,9,7,9.0,,8,9,8,8,7,8,8,9,9.0,,7,8,9.0,,9.0,,9.0,9,8,9,9,,,,8,,8,,,8,8,0,9.0,0.0,113,13,2.2398361650485437,-0.6072786487335653
6,6,4,6,6,7,7,0,7,7,7,6,7,4,7,7,7,8.0,8,7,4,7,6,7,7,6,6,4,7,7,7,6,7,7,6,5,7,7,7,7,7,7,7,7,6.0,7,7,7,5,7,8.0,4,6,,7,7,4,7,7,6,6,6,8.0,7,,0,,4,6,,6,6,8,7,7,2,7,8,0,7,4,6,6,7,7,7,7,5,7,6,7,6,8.0,7,,6,6,7,6,7,6,7,6,7,5,7,8.0,8,1,7,6,0,7,6,0.0,6,0,7,7,7,8.0,7.0,6,6,6,7,7,7,1,7,7,5,8.0,8.0,5,5,6,8.0,6,7,7,6,7,7,7,7,7,,7,8.0,8.0,,6,,6,5,8.0,7,7,5,7,7,0,7,7,8,,,6,7,8,8.0,5,7,8,7.0,8,7,8.0,7,7,7,5.0,7,6,7,6,7,8,7,5,7,7,6,7,6,7,5,7,6,8.0,7,6,7,,7,7,7,2,7,7,7,0.0,,6,6,7,8,5,6,7,7,5,3,7,,8.0,7,8.0,,,7,7,7,7,7,8.0,7.0,8.0,1,7,7,7,6,7,7,7,6,7,8,,7,7,7,8.0,7,8.0,7,7,7,7,8.0,6,,7,7,7,8,7,2,8.0,7,7,7.0,6,7,4,7.0,8.0,,0,0,7,,3,8,7,6,7,7,7,6,6,7,3,6,7,8.0,8.0,6,8,7,7,,8,6,8.0,7,7,,7,8.0,,6,,6,3,7,7,3,7,8.0,7,7,6,8,3,7.0,7,,7,7,7,7,1,,8.0,7,8.0,8.0,7,7,7,7,4,7,8.0,7,7,6,7,7,7,7,7,6,7,7,,6,6,,7,6,5,7,6,8.0,,5,4,6,6,7,7,5,7,8.0,,6,7,8.0,,8.0,,8.0,8,7,7,8,,,,7,,8,8.0,,7,6,7,8.0,5.0,114,13,2.038816180844735,-0.6317372380464261
6,6,6,5,6,7,7,7,6,1,6,6,6,3,7,7,7,5.0,7,7,5,0,6,7,6,3,6,6,7,6,3,6,6,7,6,4,7,7,6,7,7,7,7,7,,7,6,7,6,7,8.0,7,6,7.0,6,5,6,6,7,5,6,6,7.0,7,,3,,7,6,,5,6,7,7,7,6,6,7,2,7,4,5,6,7,7,6,0,5,7,7,7,6,8.0,7,,5,5,7,6,6,6,6,6,0,5,6,8.0,1,6,7,7,7,7,6,8.0,5,6,6,6,7,7.0,8.0,7,0,6,7,7,7,7,7,7,6,7.0,8.0,7,6,7,8.0,6,7,0,6,7,4,7,7,6,,4,8.0,8.0,,6,,6,7,6.0,5,7,6,7,7,6,6,7,7,,,6,6,7,7.0,5,4,7,7.0,6,7,8.0,7,7,4,8.0,7,6,5,6,6,7,7,5,6,6,6,7,6,7,4,7,5,7.0,7,6,7,8.0,6,7,6,7,7,7,7,8.0,,6,7,7,7,5,6,5,7,2,0,7,,8.0,7,5.0,,,6,6,7,7,7,8.0,,8.0,6,7,7,6,3,7,7,7,1,7,7,8.0,7,7,7,8.0,7,7.0,7,2,7,7,8.0,6,,7,5,6,7,1,7,8.0,7,7,7.0,7,7,6,8.0,8.0,,7,7,7,0.0,6,7,7,6,7,6,7,0,6,7,5,7,7,,8.0,6,0,7,6,,7,7,8.0,6,6,,7,8.0,,6,,4,7,7,7,7,0,6.0,5,7,7,7,7,7.0,7,6.0,7,7,7,7,7,,8.0,7,8.0,8.0,7,7,7,6,3,6,7.0,7,7,7,6,7,7,5,7,6,7,6,,6,6,,5,6,6,7,6,7.0,,4,7,6,6,7,4,6,7,8.0,,6,6,7.0,6.0,7.0,,8.0,7,3,7,7,,,,7,,7,,,6,7,7,7.0,5.0,115,13,2.0843479536452976,-0.6300342278846975
7,7,7,6,6,0,7,7,7,7,7,7,7,7,8,8,7,7.0,8,7,6,1,7,8,6,6,4,7,7,7,7,5,5,8,6,3,8,7,7,8,7,8,7,8,,5,7,8,7,8,8.0,7,7,,7,6,5,7,7,7,6,6,8.0,8,,8,,7,6,,2,5,8,7,7,0,7,8,8,7,5,7,6,7,3,6,3,6,7,5,8,6,8.0,7,7.0,6,2,6,7,7,7,7,7,7,6,7,,8,7,8,7,0,7,7,6.0,1,7,6,7,8,8.0,8.0,8,7,6,7,7,5,8,7,8,7,8.0,8.0,8,7,8,6.0,7,8,7,6,8,7,0,7,7,,8,,4.0,,6,,7,0,8.0,7,8,1,7,8,7,7,8,0,,,7,7,8,8.0,4,8,8,8.0,8,8,8.0,8,7,7,8.0,8,5,7,7,7,8,8,6,7,6,7,7,7,8,6,8,6,7.0,7,7,0,,7,7,5,7,7,7,7,8.0,,5,7,7,8,6,0,8,8,6,6,5,,8.0,8,8.0,,,6,7,8,6,7,8.0,,,7,7,7,6,4,0,3,8,6,8,8,,7,7,7,,8,8.0,7,7,7,7,8.0,7,,8,7,7,4,7,7,8.0,7,8,8.0,7,7,7,8.0,8.0,,8,7,8,,7,8,8,6,7,7,5,6,7,8,7,8,7,,8.0,6,8,7,7,,8,7,4.0,7,7,,8,8.0,,7,,7,7,8,8,8,7,6.0,7,8,7,8,7,8.0,7,,8,7,0,7,7,,8.0,8,5.0,8.0,7,8,7,7,2,7,8.0,7,8,7,7,8,8,8,8,6,7,7,,7,7,,7,7,7,8,7,8.0,,7,8,7,7,7,7,7,8,8.0,,7,7,8.0,,8.0,,8.0,8,3,8,7,,,,7,,8,,,7,7,7,8.0,,116,13,2.187152098691138,-0.622745633292246
4,0,4,4,4,5,5,5,5,0,4,2,4,4,5,5,5,6.0,6,2,3,5,5,6,5,5,3,5,2,5,3,4,2,5,4,4,5,6,4,5,3,5,5,5,0.0,5,5,5,5,5,6.0,5,4,,4,5,5,4,5,4,5,4,4.0,5,,5,,5,5,,3,3,5,5,5,4,3,3,6,6,3,4,4,5,5,3,4,4,5,5,6,4,6.0,5,,4,4,5,5,5,5,5,4,5,3,2,,6,4,5,4,5,5,5,6.0,4,5,5,5,6,6.0,6.0,6,2,5,5,5,5,6,5,6,5,6.0,2.0,5,5,6,6.0,5,6,5,4,6,5,5,5,5,,5,6.0,6.0,,5,,5,6,6.0,6,6,1,6,5,5,4,5,4,,,5,5,6,6.0,0,5,6,6.0,2,5,6.0,5,5,5,,5,4,3,0,2,6,6,3,5,4,5,5,5,5,4,5,4,3.0,5,5,5,,5,5,4,5,5,5,5,6.0,4.0,5,5,5,6,5,5,6,5,5,4,5,,6.0,5,6.0,,,3,0,6,4,5,6.0,,6.0,4,5,5,5,5,5,6,6,4,5,6,,5,2,2,0.0,3,6.0,5,5,5,5,6.0,4,,5,5,5,6,1,5,6.0,5,5,6.0,5,5,5,6.0,6.0,,2,5,6,,5,5,5,4,5,4,5,4,5,5,2,5,6,5.0,,5,6,5,2,,6,5,6.0,5,5,,5,5.0,,5,,5,5,6,6,5,5,6.0,6,5,5,6,2,6.0,4,,6,5,5,5,5,,6.0,6,6.0,6.0,5,6,5,5,5,5,6.0,5,5,5,5,5,6,5,0,4,5,5,,5,4,,5,4,0,5,1,6.0,,4,5,5,5,5,5,5,5,6.0,6.0,5,2,5.0,,5.0,,2.0,6,5,4,6,,,,5,,6,,,5,5,5,0.0,,117,13,1.8481362172112292,-0.5961497684604841
7,7,7,5,7,7,7,7,3,6,6,6,6,6,5,7,7,7.0,8,7,5,7,6,8,7,7,5,7,4,7,7,6,7,8,6,7,7,7,7,7,7,7,6,7,0.0,4,7,7,7,7,8.0,7,6,,7,7,7,7,7,6,6,7,0.0,7,,7,,7,7,,6,5,7,6,7,7,7,7,7,8,6,6,5,7,7,7,7,6,0,7,8,5,8.0,7,,6,6,8,7,7,7,7,7,6,6,7,,6,6,7,6,4,7,7,8.0,6,7,7,7,8,8.0,8.0,8,6,6,5,7,7,7,7,5,6,8.0,8.0,8,5,8,8.0,7,8,7,7,7,0,8,7,6,,0,8.0,,,7,,7,8,8.0,7,8,6,8,8,7,7,8,8,,,7,7,8,7.0,6,8,6,8.0,8,8,7.0,7,7,7,,8,6,7,7,7,8,8,6,7,7,7,7,6,7,4,7,3,8.0,7,6,7,,7,7,7,7,4,8,7,0.0,,7,1,7,8,3,7,7,7,7,5,8,,,7,8.0,,7.0,4,7,7,7,7,8.0,,8.0,7,7,7,7,6,7,8,7,6,7,8,,7,7,7,5.0,4,8.0,7,7,7,7,8.0,6,,7,7,7,7,8,8,8.0,7,7,7.0,4,4,6,8.0,8.0,,7,6,7,,5,7,7,7,8,5,7,6,4,7,8,8,7,,,6,8,7,7,,8,0,8.0,7,6,,7,8.0,,0,,7,7,7,8,1,7,8.0,7,6,2,8,7,8.0,7,,0,6,7,7,7,,8.0,8,8.0,8.0,7,8,8,7,7,7,8.0,6,7,1,7,7,7,6,8,7,7,7,,6,7,,7,4,6,7,7,0.0,,3,7,7,7,5,7,6,8,8.0,,7,7,8.0,,8.0,,8.0,8,8,8,5,,,,7,,8,,,4,5,7,8.0,,118,13,2.0039495670666865,-0.5634347696123669
5,2,2,4,5,5,5,5,3,5,4,5,1,4,4,5,5,6.0,6,1,3,5,5,6,5,5,2,5,5,5,5,5,5,5,5,4,5,6,5,4,5,5,4,5,,5,5,5,5,4,6.0,5,4,,5,5,5,4,5,4,3,5,6.0,5,,5,,5,4,,0,3,6,6,5,5,5,6,5,6,2,4,4,5,5,4,3,4,5,5,6,4,6.0,5,,5,4,5,5,5,5,5,5,4,4,5,,6,5,5,5,5,5,4,6.0,4,5,5,5,6,6.0,6.0,6,5,5,5,5,5,6,6,2,4,6.0,6.0,5,5,6,6.0,5,6,5,4,5,5,3,5,5,,5,6.0,6.0,,5,,5,6,6.0,6,6,4,6,6,5,5,6,6,3.0,,4,5,6,6.0,1,6,4,6.0,6,6,6.0,5,5,5,,6,3,5,5,5,6,3,4,5,5,5,5,5,6,3,6,4,6.0,5,4,5,,5,6,5,5,5,0,5,6.0,,2,5,5,0,4,5,5,6,4,4,6,,5.0,6,6.0,,6.0,5,5,6,5,5,6.0,,5.0,4,5,0,5,4,5,6,5,4,0,6,,5,5,5,,6,6.0,5,5,5,5,6.0,4,,5,5,5,5,5,5,6.0,5,6,6.0,4,3,3,6.0,6.0,,5,5,5,,5,5,0,5,6,2,5,4,5,5,5,6,6,,,4,6,5,5,,6,5,6.0,5,5,,0,6.0,6.0,5,,5,5,3,6,5,5,6.0,3,5,0,6,5,6.0,2,,6,4,5,5,5,,6.0,5,6.0,0.0,5,6,1,5,4,5,4.0,5,5,5,5,5,5,6,5,4,5,5,,3,5,,5,3,1,5,4,6.0,,2,5,5,4,5,5,1,5,6.0,,4,5,0.0,,6.0,,6.0,6,6,6,6,,,,5,,6,,,2,5,5,6.0,4.0,119,13,1.8438882954372047,-0.6292075132971622
7,8,8,5,6,7,8,8,1,6,3,7,7,7,8,6,7,6.0,8,7,5,8,8,8,7,7,7,7,7,1,7,6,7,9,0,7,8,8,7,8,8,8,8,8,,8,7,8,7,8,9.0,8,7,,8,7,8,8,8,7,7,8,9.0,8,,8,,8,7,,1,5,8,5,3,7,4,8,3,8,6,7,7,8,8,8,7,7,8,8,9,6,9.0,8,,7,6,8,8,4,7,8,8,8,1,7,9.0,9,8,8,7,8,8,7,9.0,7,6,8,8,8,9.0,9.0,8,7,7,0,8,8,9,8,8,7,9.0,8.0,8,8,9,9.0,8,0,8,7,8,8,8,8,8,,8,7.0,9.0,9.0,7,,4,9,9.0,3,8,7,8,8,0,2,8,8,,,7,8,8,9.0,7,8,8,6.0,8,8,9.0,7,7,8,9.0,8,7,7,8,6,9,8,6,7,7,8,4,8,8,6,8,6,9.0,7,7,8,,7,8,8,8,8,8,8,9.0,,4,8,7,8,7,6,8,8,7,7,5,,7.0,8,9.0,9.0,,8,7,8,8,8,9.0,,0.0,8,8,8,7,6,7,6,8,6,8,8,,8,5,7,9.0,8,9.0,8,7,7,7,9.0,7,0.0,8,0,8,8,8,7,8.0,8,8,8.0,8,8,8,9.0,9.0,,8,8,2,,7,8,8,7,8,8,7,7,8,8,8,9,8,,9.0,7,8,8,7,,8,7,7.0,8,8,,8,9.0,,8,,8,8,9,8,8,8,9.0,8,8,7,9,8,9.0,8,,8,7,8,0,6,,5.0,8,9.0,9.0,8,8,8,7,8,8,9.0,7,8,8,6,8,8,8,8,5,8,4,,7,7,,8,6,7,8,7,9.0,,7,0,7,7,8,8,8,8,9.0,,7,7,9.0,,9.0,,9.0,8,8,4,8,0.0,,,7,,8,7.0,,8,8,7,9.0,9.0,120,13,2.1739827913081524,-0.5887860982092016
5,5,6,4,5,6,6,6,5,3,5,2,6,5,6,6,2,7.0,7,6,4,6,6,6,6,4,5,5,6,6,6,5,6,5,5,5,6,0,6,6,6,6,6,6,,6,5,6,6,6,7.0,6,4,,6,5,6,5,6,6,5,5,7.0,6,,6,,6,4,,5,4,6,6,6,5,6,6,6,3,4,5,5,5,6,6,5,5,6,6,6,3,7.0,6,,6,5,6,1,6,5,6,5,6,1,5,,7,5,6,2,6,6,0,7.0,4,6,6,6,7,7.0,7.0,6,3,1,3,6,6,7,6,6,5,7.0,7.0,6,6,7,7.0,5,1,6,5,6,6,6,6,6,6.0,6,7.0,7.0,7.0,6,,5,2,7.0,6,7,4,4,3,6,6,6,6,,,6,6,7,7.0,5,3,7,7.0,7,6,7.0,6,6,6,7.0,7,5,6,6,0,7,7,5,4,6,6,6,6,6,4,6,0,0.0,0,6,6,,6,6,6,6,6,5,6,7.0,,5,6,6,7,5,6,6,6,5,5,6,,7.0,6,7.0,,,6,6,7,6,6,7.0,6.0,7.0,5,6,6,5,5,6,6,6,5,6,7,,6,6,6,4.0,0,7.0,6,6,6,6,7.0,5,,7,6,6,6,6,6,7.0,6,6,7.0,6,6,5,7.0,7.0,,5,6,6,,3,6,6,4,6,6,5,5,5,6,6,7,6,,,5,7,6,5,,7,6,7.0,6,5,,6,7.0,,6,0.0,6,6,7,7,6,6,6.0,6,6,1,7,6,7.0,3,,6,3,6,6,6,,7.0,7,7.0,7.0,6,6,6,6,6,2,7.0,4,6,6,6,6,7,6,7,5,6,6,,5,5,,6,5,0,7,6,6.0,,6,6,6,6,6,6,6,6,7.0,,6,6,7.0,,7.0,,7.0,0,7,7,7,,,,6,,6,,,6,6,3,7.0,4.0,121,13,2.0396129422437252,-0.6340793626831075
8,8,8,7,2,8,8,8,8,8,8,4,8,8,9,8,8,9.0,9,8,6,8,8,8,8,8,8,8,7,8,7,8,8,5,2,7,9,9,7,9,6,8,8,9,,8,8,9,8,9,9.0,8,7,,7,7,8,8,8,7,7,5,9.0,8,,8,,8,7,,6,6,9,8,8,6,8,8,8,8,6,8,7,8,8,3,7,4,8,8,9,7,9.0,0,,6,7,9,6,8,8,8,7,8,7,7,9.0,9,8,8,7,9,9,8,9.0,7,8,8,8,9,9.0,9.0,0,8,7,8,8,8,9,7,9,7,9.0,9.0,9,8,9,,6,9,8,7,8,8,8,8,5,,6,,,,8,9.0,8,9,0.0,9,9,7,4,9,9,7,8,8,,,7,8,8,8.0,7,9,9,9.0,9,9,9.0,9,8,8,,6,7,8,5,8,9,8,7,7,7,8,8,8,8,6,8,7,9.0,8,8,8,,0,8,5,8,9,8,8,9.0,,8,8,8,9,7,8,9,9,7,7,7,,9.0,5,9.0,,,8,8,9,8,8,8.0,,0.0,1,9,8,8,8,8,9,8,5,8,6,,8,8,8,9.0,9,9.0,8,8,8,8,9.0,8,,8,7,3,9,8,8,9.0,8,8,9.0,8,8,8,9.0,9.0,,9,8,9,,8,8,8,7,0,7,7,5,7,8,8,9,8,,9.0,7,0,8,4,,8,8,9.0,8,8,,9,9.0,,8,,8,8,9,9,9,8,9.0,9,9,8,9,8,9.0,7,,0,8,8,8,8,,9.0,0,9.0,9.0,8,8,9,8,8,8,9.0,9,3,8,4,8,9,9,8,7,8,8,,7,6,,8,7,8,8,8,9.0,,8,8,8,8,8,8,7,0,9.0,,1,7,9.0,,9.0,,9.0,9,8,9,9,,,,8,,9,,,8,7,8,8.0,9.0,122,13,2.1036069467121865,-0.6231996528913429
11,10,10,9,10,11,11,11,11,11,11,11,11,10,6,5,11,12.0,11,11,9,11,10,9,11,10,10,10,10,11,10,10,11,0,10,9,11,11,10,11,8,11,0,11,,11,11,11,11,11,12.0,11,10,,0,10,11,11,11,10,10,8,12.0,11,,11,,11,10,,8,9,12,11,11,10,11,12,11,0,8,10,10,10,11,10,11,4,11,11,11,9,12.0,11,,10,10,11,10,11,3,11,10,11,9,10,12.0,12,10,11,10,11,11,9,12.0,10,8,9,11,11,12.0,12.0,11,10,10,11,11,11,12,11,11,6,12.0,9.0,11,11,12,12.0,10,10,11,9,6,10,11,11,11,,11,12.0,12.0,,10,,7,0,12.0,11,11,9,11,11,11,11,11,11,,,10,11,11,9.0,10,11,12,12.0,12,11,0.0,11,11,11,12.0,11,10,11,11,11,11,11,10,6,10,11,11,10,11,8,11,10,0.0,10,11,11,0.0,11,11,8,11,11,6,11,12.0,,10,11,7,12,10,11,11,10,6,9,11,,12.0,11,12.0,,,11,11,12,11,11,5.0,,12.0,11,8,11,10,10,11,11,10,10,11,12,,11,11,11,12.0,12,12.0,11,11,11,11,12.0,10,,11,11,6,9,11,10,12.0,11,11,12.0,11,11,10,0.0,12.0,,11,11,11,10.0,10,11,11,10,11,10,10,9,10,11,11,11,11,,0.0,10,11,11,10,,11,11,12.0,10,10,,11,12.0,,10,,9,11,11,11,11,3,12.0,11,10,11,11,11,12.0,10,,11,2,11,11,10,,12.0,11,12.0,12.0,9,11,11,10,11,11,12.0,11,11,11,11,11,11,11,11,9,11,10,,10,10,,10,8,10,11,8,11.0,12.0,10,11,11,10,11,10,11,11,12.0,,11,10,12.0,,12.0,,12.0,11,11,11,12,,,,11,,11,,,10,11,10,12.0,12.0,123,13,2.2771066588096645,-0.5843065303009756
6,6,7,6,6,7,7,7,5,7,7,7,6,6,7,7,7,8.0,8,7,6,7,7,8,7,6,6,7,6,7,3,6,7,8,6,3,7,7,6,7,7,7,7,7,8.0,7,6,7,2,7,8.0,7,6,,7,7,7,6,7,3,6,7,8.0,7,7.0,7,,7,6,,3,4,7,4,6,5,7,8,7,7,0,7,6,5,7,6,7,6,7,7,8,1,8.0,7,,5,6,6,7,7,6,7,6,7,6,6,8.0,8,6,7,7,7,7,7,0.0,7,7,7,7,8,8.0,8.0,0,7,6,7,7,7,8,7,7,6,8.0,8.0,8,6,7,5.0,6,8,7,6,7,7,7,6,7,,7,4.0,8.0,,6,,7,8,8.0,0,7,6,7,7,7,7,7,7,,7.0,6,7,7,8.0,2,4,8,8.0,8,7,6.0,7,7,6,,7,6,5,7,7,8,7,5,7,5,7,4,7,7,5,7,6,8.0,6,6,7,,7,4,7,7,7,7,7,7.0,,7,7,7,7,6,7,7,7,7,3,8,8.0,8.0,7,6.0,,,7,6,8,7,7,8.0,0.0,8.0,7,6,7,6,6,5,8,7,6,8,8,,7,7,7,8.0,8,8.0,7,7,0,3,8.0,6,,4,7,7,5,6,7,8.0,1,7,7.0,7,7,7,8.0,8.0,,8,7,7,,6,7,7,6,7,6,6,5,6,7,7,8,2,,8.0,6,7,7,6,,8,3,8.0,7,7,,7,8.0,,7,,7,7,8,8,7,4,8.0,7,0,6,8,7,8.0,7,,7,6,7,7,6,,0.0,7,8.0,8.0,7,7,7,2,7,7,7.0,4,7,7,7,7,7,7,7,5,0,6,,7,6,,7,5,7,3,6,8.0,8.0,5,7,7,7,7,7,6,7,8.0,,7,7,7.0,,7.0,,8.0,8,5,6,8,,,,1,,8,,0.0,7,7,7,8.0,,124,13,2.162481315396113,-0.5795892698123596
4,4,4,4,4,5,5,5,4,0,2,4,4,4,5,4,4,5.0,6,4,3,5,4,5,5,4,2,4,4,4,4,3,5,6,4,4,0,5,2,5,5,5,4,5,,5,4,2,5,5,6.0,5,4,,4,1,5,4,1,3,4,4,6.0,5,,5,,5,5,,4,3,5,3,5,5,5,5,5,5,4,4,4,5,5,4,4,3,4,5,5,3,6.0,5,,4,3,5,5,5,4,5,4,4,3,5,6.0,6,2,5,5,1,0,3,6.0,4,5,5,5,6,6.0,6.0,5,4,4,5,4,5,6,5,6,4,6.0,6.0,5,5,5,6.0,5,4,3,4,5,5,4,5,5,,5,6.0,6.0,,4,,2,5,6.0,5,6,4,6,5,0,5,5,5,,,4,5,6,6.0,1,5,5,6.0,6,5,6.0,5,3,5,0.0,5,4,3,2,1,5,5,0,2,4,4,5,4,5,3,5,0,6.0,5,3,4,,5,5,4,5,5,5,5,6.0,,4,4,5,5,4,5,5,5,4,4,5,,6.0,5,6.0,,,5,5,5,5,5,3.0,,6.0,5,5,5,5,4,5,5,6,4,5,5,,4,5,5,6.0,6,6.0,5,4,4,5,6.0,5,,5,5,5,5,2,5,5.0,0,5,6.0,5,5,5,6.0,6.0,,5,2,5,,5,5,4,4,5,5,5,4,5,5,5,6,6,,6.0,5,5,5,5,,6,5,6.0,5,5,,5,6.0,,2,,5,5,5,6,5,5,6.0,5,5,5,6,5,6.0,5,,4,5,5,5,5,,6.0,3,6.0,6.0,5,5,5,4,5,2,6.0,5,5,5,5,5,5,5,5,0,5,4,,5,5,,5,4,4,5,4,5.0,,4,5,5,4,5,1,5,5,6.0,,0,4,6.0,,6.0,,6.0,2,5,5,5,,,,5,,5,,,2,5,5,6.0,,125,13,1.8637622031181702,-0.6939315176645496
6,6,6,5,5,6,4,6,0,6,6,6,5,4,6,5,5,7.0,7,6,4,7,0,6,6,6,4,1,6,6,6,6,0,7,3,6,7,7,5,7,6,6,6,6,,7,6,6,6,7,,6,5,,6,5,6,6,6,5,5,5,7.0,7,7.0,4,,6,6,,6,5,0,6,6,5,6,6,7,7,2,6,5,6,6,5,6,5,0,5,7,3,7.0,6,7.0,5,3,7,6,6,6,5,6,7,5,5,,7,6,7,6,7,3,2,,5,5,6,6,7,7.0,6.0,7,6,2,6,1,6,7,6,6,5,7.0,7.0,7,6,7,,4,7,6,4,7,6,3,7,6,,7,,7.0,,5,,6,7,5.0,2,7,4,7,7,6,6,7,7,,7.0,0,6,7,7.0,6,7,7,7.0,7,7,7.0,7,4,6,,7,5,5,6,6,7,6,5,6,5,6,6,6,6,5,7,5,7.0,6,6,6,7.0,6,6,6,6,6,7,1,7.0,,5,6,6,0,5,6,7,7,6,5,7,,,7,7.0,,,6,6,7,6,6,0.0,,,6,7,5,4,6,6,7,7,6,7,7,,6,7,6,,7,7.0,6,6,6,6,7.0,5,,7,6,7,7,6,6,7.0,6,7,7.0,6,7,6,7.0,7.0,,7,6,7,,5,7,6,6,7,6,6,6,6,6,7,7,7,,,6,7,6,6,,7,6,7.0,6,6,,7,7.0,,6,7.0,6,6,7,7,7,7,7.0,7,6,6,7,6,7.0,5,,6,6,7,6,6,,7.0,7,7.0,7.0,3,4,6,6,6,6,7.0,7,7,7,6,3,6,7,7,5,6,0,,6,6,3.0,6,6,6,6,0,4.0,,6,7,6,6,7,7,5,7,5.0,,6,6,7.0,6.0,7.0,6.0,7.0,7,7,7,7,,,,6,7.0,7,,,6,6,7,7.0,,126,13,2.009621077560687,-0.6640024783931391
6,3,6,6,6,7,7,6,0,6,6,4,6,0,6,6,6,5.0,7,6,5,7,6,7,6,7,5,6,0,6,6,6,6,7,6,6,7,7,6,7,7,7,6,6,,6,6,7,6,7,,6,5,,3,4,6,6,6,6,5,7,7.0,7,,7,,7,6,,6,4,7,7,6,7,6,7,7,7,3,4,5,4,7,6,6,6,7,7,7,5,,6,,6,6,7,7,6,7,7,6,7,5,6,,6,6,7,7,7,7,6,,5,6,7,6,7,7.0,7.0,7,6,6,3,6,7,6,7,7,6,7.0,7.0,7,6,7,,6,7,7,5,7,6,6,0,2,,7,,,,5,,6,7,,0,5,6,7,7,7,7,7,7,,,6,0,7,,2,7,7,,7,7,,7,6,7,,7,6,7,6,6,7,7,5,6,6,6,6,6,2,4,7,5,,7,6,6,6.0,6,7,6,7,6,0,6,7.0,,6,5,7,7,6,7,7,5,5,6,7,,,7,,,,7,6,7,7,7,7.0,,,6,7,7,6,6,7,4,7,6,7,7,,4,7,6,,7,7.0,5,6,6,7,5.0,5,,3,7,7,7,7,7,,7,7,7.0,3,6,7,,7.0,,7,7,7,6.0,6,7,6,6,7,4,6,6,6,7,7,7,7,6.0,,5,7,6,6,,7,5,7.0,7,6,,7,,5.0,7,0.0,7,6,7,7,7,7,7.0,7,7,6,7,7,7.0,6,,6,6,7,2,6,,1.0,7,7.0,2.0,4,7,7,6,6,6,7.0,6,0,6,7,7,7,7,4,6,7,6,,6,6,,3,1,4,7,5,7.0,5.0,5,7,0,7,7,1,5,7,,,6,6,,,7.0,,,7,7,7,7,,,,6,,7,,,7,6,7,,,127,13,2.0363556723609286,-0.5572095867736775
7,5,7,6,7,7,8,7,7,7,7,8,7,6,8,8,8,8.0,8,7,6,5,7,7,8,7,7,7,7,8,7,7,7,8,7,7,8,8,7,7,8,8,8,8,,8,7,8,7,8,9.0,7,7,9.0,8,7,7,7,8,7,7,2,9.0,2,,8,,8,7,8.0,6,7,8,8,8,1,8,8,8,8,5,7,6,7,8,5,7,6,8,7,8,7,8.0,8,,7,7,8,7,7,7,8,7,8,6,7,9.0,8,7,8,2,8,8,6,9.0,7,7,8,6,8,8.0,8.0,0,5,0,7,7,4,6,8,8,7,8.0,7.0,8,7,8,9.0,1,8,7,7,8,7,8,8,7,,5,9.0,9.0,,8,,4,8,9.0,8,0,5,8,8,8,7,3,8,9.0,,6,7,8,0.0,6,6,8,8.0,8,8,9.0,8,8,7,9.0,8,6,7,7,5,8,8,7,7,7,8,8,7,8,5,8,3,9.0,8,8,8,9.0,8,8,1,7,8,8,8,9.0,,7,8,8,8,6,7,4,8,7,6,8,,9.0,8,9.0,,,8,7,8,7,0,8.0,,9.0,7,6,8,7,7,8,8,8,6,7,8,,6,8,7,9.0,8,9.0,8,7,2,8,9.0,6,0.0,8,7,7,0,8,8,9.0,8,8,8.0,5,7,7,9.0,8.0,,8,8,8,,7,8,8,6,8,7,7,6,4,8,8,8,8,,9.0,7,6,8,7,,8,8,9.0,8,7,,8,9.0,,7,,8,7,7,8,8,8,9.0,7,8,7,8,8,8.0,7,,8,3,6,7,8,,9.0,0,8.0,9.0,7,8,8,7,7,7,9.0,7,8,8,8,5,8,8,8,7,7,7,,6,7,,8,6,7,8,7,8.0,,7,8,6,7,7,8,8,8,9.0,7.0,7,7,9.0,,9.0,,8.0,8,8,8,8,,,,8,0.0,8,,,2,0,8,9.0,8.0,128,13,2.1159654009676,-0.6371607727668335
3,0,6,6,5,7,7,6,6,6,6,6,7,6,7,7,7,7.0,7,6,5,7,6,7,4,6,5,6,3,5,6,5,6,7,6,2,7,7,6,7,3,7,6,7,,6,6,7,6,7,,6,6,,6,4,6,6,6,5,6,6,7.0,7,6.0,7,,7,6,,6,5,7,7,7,6,7,7,6,7,5,6,6,7,7,6,6,6,7,7,7,5,,6,,5,4,7,6,6,6,6,6,4,5,6,,7,0,7,7,7,7,6,,5,6,6,6,7,,,7,5,6,6,6,7,7,7,7,6,,,7,7,7,,6,6,7,0,7,6,7,7,7,,7,,,,6,,6,7,7.0,7,7,1,7,7,7,3,7,7,,7.0,6,4,7,,5,7,7,7.0,7,7,,6,6,6,6.0,7,6,7,6,5,5,7,5,6,6,6,7,4,7,4,7,5,7.0,6,6,0,3.0,6,7,6,6,7,7,7,,,6,6,7,7,5,6,7,7,6,6,7,,7.0,7,5.0,,,7,6,7,7,7,7.0,,,7,6,7,5,6,4,2,7,5,7,7,,6,2,6,,7,7.0,7,6,6,6,7.0,0,,6,6,7,7,7,7,7.0,6,6,7.0,7,7,6,7.0,,,7,6,7,,7,7,7,1,7,6,6,5,6,3,7,7,4,0.0,,5,7,7,6,,7,6,,6,6,,7,,,0,,7,7,0,5,7,7,7.0,1,7,6,7,6,7.0,6,,7,7,7,7,7,,7.0,7,,,7,7,7,6,6,6,7.0,7,7,7,6,2,7,7,7,5,7,6,,3,6,,6,6,5,7,6,7.0,,6,7,7,6,6,6,6,7,7.0,,0,6,1.0,,4.0,0.0,,7,7,5,7,,,,6,,7,,6.0,6,7,7,7.0,,129,13,1.98093282487533,-0.5687237274362693
5,4,4,3,3,5,5,5,1,4,4,5,5,4,5,5,5,6.0,6,5,2,5,4,5,4,4,0,4,4,5,4,1,5,4,1,3,5,5,5,5,5,5,5,2,,4,1,5,4,5,6.0,5,4,,4,5,5,4,4,0,1,4,2.0,5,2.0,5,,5,4,,3,2,5,5,5,4,5,5,5,5,3,4,4,4,5,0,4,1,5,5,5,3,6.0,5,,4,4,5,1,4,5,5,4,5,4,4,6.0,6,4,5,4,5,5,4,6.0,0,5,5,5,5,6.0,5.0,5,4,3,0,4,1,5,5,5,4,6.0,6.0,5,4,6,6.0,4,5,5,3,5,5,5,5,5,,5,6.0,6.0,,4,,5,6,6.0,6,5,4,5,3,5,5,5,5,,,5,5,5,6.0,4,5,6,6.0,5,5,6.0,5,5,5,6.0,5,4,5,5,5,5,5,4,3,4,0,2,4,5,3,4,4,6.0,4,4,5,,5,3,5,5,5,5,5,6.0,,4,5,5,1,4,5,5,5,0,4,5,,4.0,5,6.0,,,5,5,0,5,5,6.0,0.0,6.0,4,5,5,5,4,5,6,5,4,5,5,0.0,5,5,5,6.0,6,6.0,5,5,4,5,6.0,3,,3,4,5,6,5,5,6.0,5,5,6.0,5,5,5,6.0,6.0,,5,5,5,,5,5,5,4,5,4,4,1,3,5,5,4,5,,6.0,4,5,5,4,,5,5,6.0,5,5,,5,6.0,,3,,5,5,6,6,5,3,6.0,5,5,5,6,5,6.0,2,6.0,5,4,5,5,5,,6.0,5,6.0,6.0,3,5,5,5,5,5,6.0,5,5,5,4,5,5,5,5,4,5,4,,4,5,,5,4,5,4,4,6.0,,5,5,5,5,5,5,4,5,6.0,,4,1,6.0,,6.0,,6.0,5,5,5,3,,3.0,,5,,5,,,4,5,5,6.0,6.0,130,13,1.895087303936076,-0.6741389792708374
8,7,8,8,8,9,8,9,8,8,8,9,9,8,9,9,9,7.0,9,8,8,9,5,9,9,8,8,8,7,8,3,7,8,9,8,8,9,9,8,8,9,9,9,9,,9,8,9,8,5,10.0,8,7,,8,8,8,8,8,8,8,7,10.0,9,,7,,9,6,,8,7,9,9,9,8,9,9,9,9,7,7,7,8,9,8,8,7,9,9,9,6,10.0,9,,8,7,9,8,9,8,8,8,9,7,8,10.0,9,0,8,8,9,9,2,10.0,8,8,9,8,9,9.0,9.0,9,8,7,8,8,9,9,9,9,5,9.0,9.0,9,8,9,10.0,8,9,9,6,9,8,7,9,8,,9,10.0,10.0,,8,9.0,9,10,10.0,9,0,6,9,9,9,2,9,9,10.0,,8,4,9,10.0,7,7,9,9.0,9,9,3.0,9,9,0,10.0,9,7,8,8,8,9,9,7,0,7,6,9,7,9,6,9,8,9.0,9,8,8,8.0,8,9,8,9,9,7,9,10.0,,8,8,9,9,8,8,5,9,8,8,9,,10.0,9,10.0,,,9,8,9,9,9,10.0,,10.0,8,9,9,9,8,9,0,9,7,9,8,,5,9,8,10.0,9,9.0,8,7,8,9,10.0,6,,9,9,9,9,3,9,10.0,9,9,9.0,9,0,9,10.0,9.0,,9,0,9,,8,9,9,7,9,8,8,8,8,9,9,9,9,,10.0,8,9,9,0,,9,9,10.0,8,9,,9,10.0,,2,,9,8,9,9,9,8,9.0,9,9,8,9,9,9.0,8,,9,8,4,8,9,,10.0,9,10.0,10.0,8,9,9,8,9,8,9.0,9,9,9,9,9,5,9,9,5,9,8,,8,8,,9,8,8,9,8,9.0,6.0,8,9,9,8,9,9,8,9,9.0,,8,8,10.0,7.0,9.0,,9.0,9,4,9,9,,0.0,,8,,9,,,8,9,9,9.0,0.0,131,13,2.163369217340704,-0.6542673525294954
8,8,5,8,8,8,8,9,8,9,8,8,9,8,9,9,9,9.0,9,8,6,4,8,9,8,8,8,8,3,8,8,7,8,9,8,8,9,9,1,3,9,9,8,9,,9,8,9,9,9,,9,8,,8,8,8,8,8,8,8,7,9.0,9,,9,,9,8,9.0,8,6,9,0,9,8,9,9,9,0,7,8,8,8,5,8,8,7,9,1,9,7,,9,,5,7,9,8,8,8,9,7,8,6,8,9.0,9,8,9,7,9,9,7,,8,8,9,8,9,9.0,0.0,9,8,8,9,9,8,9,8,9,7,9.0,,9,8,9,,8,4,8,7,9,8,8,9,8,,5,,,,8,,9,9,2.0,9,9,8,9,9,9,8,9,7,,0.0,8,8,5,9.0,6,0,4,7.0,7,1,9.0,7,8,9,,9,8,7,8,8,3,9,7,7,8,8,9,8,9,7,9,7,9.0,8,8,9,8.0,8,9,8,8,9,9,9,,,7,9,5,8,6,8,9,9,7,7,9,,,9,9.0,,,6,8,2,8,9,9.0,,,9,9,2,8,3,8,9,9,8,9,0,9.0,8,9,8,,9,6.0,8,8,8,9,9.0,8,0.0,9,9,9,9,9,8,9.0,8,9,,9,9,8,9.0,,,9,9,9,,8,9,9,8,9,9,8,0,7,9,9,9,9,,,8,9,9,8,,9,8,2.0,9,8,,9,,,8,,8,7,9,9,8,6,9.0,9,9,6,9,9,9.0,8,,8,8,8,8,8,,9.0,9,,,9,9,6,8,9,8,,9,9,9,8,9,9,9,7,0,9,8,,8,8,,9,0,8,9,8,9.0,,9,9,8,8,9,9,8,9,7.0,,8,8,9.0,9.0,7.0,,,9,9,9,9,,,,8,,9,,,4,5,9,9.0,,132,13,2.2446149306580114,-0.4549906627048882
5,5,5,5,4,5,6,6,5,5,5,5,6,5,6,6,2,6.0,7,5,4,6,5,6,6,2,0,4,5,6,5,5,6,7,5,5,6,6,0,6,6,6,6,6,,6,5,5,6,6,7.0,6,4,0.0,5,5,4,6,5,5,5,6,7.0,6,,6,,6,3,,5,4,6,6,5,5,5,4,6,6,3,6,1,2,6,5,5,1,2,6,6,4,7.0,5,,4,5,6,6,6,6,0,5,6,4,5,7.0,7,6,6,5,6,6,5,7.0,5,6,6,6,6,5.0,6.0,0,2,5,6,0,5,6,6,6,5,7.0,7.0,6,6,7,7.0,5,6,6,5,3,6,6,6,6,,6,7.0,6.0,3.0,5,,6,7,7.0,6,6,5,6,6,6,2,6,6,7.0,,5,5,6,3.0,4,6,6,3.0,6,6,7.0,6,6,6,7.0,0,4,6,5,5,6,5,4,2,5,5,6,5,5,3,6,5,7.0,5,1,6,7.0,5,6,6,6,6,6,6,4.0,,5,6,6,6,5,6,6,6,5,5,4,,7.0,5,7.0,0.0,,6,5,6,6,6,7.0,,7.0,6,6,6,6,4,5,6,6,4,6,6,,5,5,6,7.0,7,7.0,5,5,5,6,7.0,5,,0,6,6,7,6,6,7.0,4,6,7.0,5,6,6,7.0,7.0,,6,6,6,5.0,6,3,0,5,6,5,5,5,4,6,6,6,6,,7.0,5,6,6,5,,6,1,4.0,6,6,,6,7.0,,6,,6,6,6,6,6,6,7.0,6,6,6,7,6,6.0,6,,6,5,6,6,6,,7.0,6,7.0,7.0,6,6,6,6,3,6,7.0,6,6,6,5,6,6,6,3,5,6,5,,5,5,,6,2,5,6,5,7.0,,6,6,6,5,6,6,5,6,6.0,,5,5,7.0,,6.0,,7.0,6,6,6,7,,,,6,,7,,,5,6,6,7.0,5.0,133,13,1.9751871971810306,-0.6283693369920313
4,1,5,5,4,5,6,6,5,5,5,5,5,3,6,4,5,2.0,6,5,1,0,5,6,5,5,4,5,5,5,5,4,5,6,5,5,6,6,4,5,5,6,6,6,,5,5,6,5,5,,2,5,,0,5,5,2,5,3,4,0,6.0,5,4.0,6,,5,2,,4,4,6,6,5,5,5,6,4,6,4,5,4,5,6,5,5,1,6,6,6,4,,5,,5,4,6,5,5,5,6,3,5,4,5,6.0,6,5,6,5,5,6,5,,4,5,5,5,6,6.0,6.0,6,4,4,5,6,5,6,6,6,5,6.0,6.0,6,5,6,,5,6,6,4,6,5,5,3,5,,5,,6.0,5.0,5,,2,6,,6,6,0,6,6,0,5,6,6,,,2,5,6,6.0,3,6,6,6.0,6,6,6.0,6,5,5,6.0,5,4,6,5,3,6,6,3,5,2,5,5,5,6,3,4,4,6.0,5,5,5,,5,6,5,5,6,6,5,6.0,,5,5,6,6,4,5,5,6,4,4,2,,0.0,6,0.0,,0.0,5,5,6,5,6,2.0,,,5,5,4,5,0,5,4,6,1,6,6,,5,5,5,,3,6.0,5,4,5,5,6.0,5,,6,6,5,6,5,5,6.0,6,4,6.0,5,5,5,6.0,6.0,,6,6,6,,5,6,5,5,6,5,5,5,5,6,5,6,6,,,5,6,6,5,,6,5,2.0,5,2,,6,6.0,,5,6.0,5,5,6,6,6,6,6.0,5,5,5,6,5,6.0,5,,6,5,6,5,5,,6.0,4,6.0,6.0,5,6,6,5,5,5,6.0,5,6,6,0,5,6,6,3,4,5,5,5.0,5,5,,5,4,5,5,5,6.0,,4,6,5,5,5,3,5,6,,,3,5,6.0,,6.0,,6.0,4,6,5,6,,,,5,,6,,,5,5,5,6.0,,134,13,1.8910170749814403,-0.6227547536551349
7,6,7,6,4,7,7,7,7,7,7,7,7,7,8,7,7,8.0,8,7,5,8,7,8,7,3,6,7,7,7,7,6,7,8,6,7,4,7,7,8,7,7,7,8,,7,7,3,6,7,8.0,7,6,,7,6,7,0,5,3,6,7,8.0,8,,6,,7,7,,5,6,8,7,7,7,7,8,7,7,5,7,6,6,7,7,7,6,7,7,0,6,8.0,7,,6,5,8,7,7,7,0,7,5,6,7,,8,7,7,0,7,8,6,8.0,4,7,7,7,6,8.0,6.0,7,6,6,5,7,7,8,7,5,6,8.0,8.0,7,5,8,8.0,6,8,8,5,8,7,7,7,7,,7,8.0,8.0,,7,,5,8,8.0,8,8,6,5,7,0,7,8,7,,,7,7,8,8.0,6,8,8,8.0,8,7,8.0,7,7,7,,8,6,7,7,7,8,8,6,6,7,7,7,7,7,5,8,7,8.0,7,6,7,,7,7,7,0,7,8,7,8.0,,6,7,7,8,6,7,8,8,6,6,8,,,7,8.0,,,8,6,8,7,7,0.0,,8.0,7,7,7,7,7,7,8,7,6,8,4,,7,7,0,1.0,0,8.0,7,6,7,4,8.0,7,0.0,5,7,7,7,4,7,8.0,7,5,8.0,7,7,7,8.0,8.0,,8,7,6,,7,8,7,6,7,6,7,2,6,7,7,8,8,,,6,8,7,7,,8,7,8.0,4,7,,8,8.0,,7,,7,5,8,4,8,7,8.0,7,7,7,8,7,8.0,7,,7,7,7,7,7,,8.0,7,7.0,8.0,7,7,7,7,7,7,8.0,7,8,7,7,7,7,8,8,6,7,5,,3,2,,7,6,6,7,2,8.0,,6,5,7,7,3,7,6,8,8.0,,7,7,8.0,,8.0,,8.0,8,8,7,8,,,,7,,8,,,7,7,7,8.0,,135,13,1.9809709319748272,-0.6142657455079742
7,6,7,6,6,0,7,7,7,7,6,7,7,7,8,7,7,8.0,8,7,6,8,6,8,7,6,7,7,7,8,7,7,7,8,7,7,8,7,7,8,8,7,0,8,,8,7,7,7,7,,7,6,0.0,7,7,7,7,1,6,6,7,8.0,8,,7,,8,7,,6,5,8,8,7,7,7,8,7,0,5,3,6,7,7,7,1,6,8,7,8,5,,6,,6,7,8,7,7,7,7,7,7,6,4,8.0,6,7,3,7,7,5,7,,0,6,7,7,8,8.0,8.0,8,7,6,7,7,7,8,7,8,6,8.0,8.0,8,7,8,,7,7,7,6,8,7,8,7,7,8.0,8,,,,7,7.0,7,8,8.0,8,8,6,8,8,7,7,8,8,,7.0,6,7,8,8.0,5,8,8,8.0,8,7,8.0,8,7,1,,8,5,7,7,7,8,8,6,4,7,7,7,7,7,5,7,7,8.0,7,0,7,,7,7,7,3,7,8,8,8.0,,6,7,7,8,6,7,7,0,6,6,8,,,8,,,,0,7,8,5,7,8.0,,,7,8,7,7,7,7,4,8,6,8,8,,7,7,7,6.0,8,8.0,7,7,5,0,8.0,7,,8,7,7,7,5,7,8.0,7,8,2.0,7,7,7,8.0,8.0,,8,7,8,,7,8,7,7,8,5,7,6,7,7,8,3,8,,,4,8,8,6,,8,7,8.0,7,7,,8,8.0,8.0,7,,5,7,8,8,8,6,8.0,8,7,7,8,8,8.0,7,,8,7,8,7,7,,8.0,7,8.0,,7,8,8,7,4,7,8.0,8,8,7,7,7,8,8,8,7,7,7,8.0,7,6,,7,4,7,8,4,8.0,,6,0,7,7,3,7,7,8,,,7,6,8.0,,5.0,,8.0,8,8,4,8,,,,7,,8,8.0,,6,7,8,8.0,6.0,136,13,2.0811813594538435,-0.6498996232470654
7,7,7,6,7,7,8,8,7,3,7,0,7,5,8,7,7,8.0,8,7,6,8,7,8,8,7,6,6,6,0,7,7,7,8,7,6,8,8,6,8,8,7,7,0,,7,3,8,7,8,,8,6,,7,7,7,7,7,2,6,7,8.0,8,,5,,8,7,,6,5,8,8,7,6,6,8,8,8,5,7,7,7,7,1,7,5,7,7,8,4,8.0,0,,6,6,8,7,7,7,7,7,5,7,7,0.0,8,7,7,7,8,8,2,,7,7,8,7,8,8.0,8.0,8,7,7,7,7,7,8,8,8,7,8.0,8.0,8,7,8,,6,8,8,7,8,7,8,8,6,,7,,,,6,,7,8,,8,8,6,8,8,8,7,8,5,,,2,8,8,,6,8,8,8.0,8,8,8.0,8,7,7,,8,6,7,0,7,8,8,7,7,7,7,7,7,8,6,7,6,8.0,7,7,8,0.0,8,7,8,7,8,7,7,8.0,,7,7,7,8,7,7,5,8,7,7,8,,5.0,8,0.0,,,7,7,8,7,7,8.0,,,7,8,7,6,6,7,8,7,6,4,8,,7,7,7,,8,8.0,8,7,7,8,8.0,7,,8,2,7,8,8,7,8.0,8,8,8.0,7,8,7,8.0,8.0,,8,5,8,,7,8,7,7,8,6,7,3,4,8,8,8,0,,4.0,3,8,7,4,,8,7,8.0,7,5,,8,8.0,8.0,7,,7,7,8,8,7,7,8.0,8,7,7,8,8,8.0,6,,8,2,8,8,7,,,8,8.0,,7,8,8,7,7,7,8.0,8,8,8,7,8,8,8,8,5,8,7,,7,7,,7,6,7,8,7,8.0,,7,8,8,7,7,8,6,8,8.0,,7,7,6.0,,8.0,,8.0,8,8,8,8,,,,8,,8,,0.0,6,7,8,8.0,,137,13,2.0665986592830072,-0.6215258315950962
6,5,6,5,6,6,6,7,6,6,5,6,6,3,7,4,6,7.0,7,6,5,7,7,7,7,2,6,6,6,6,6,5,6,7,6,5,7,7,6,7,7,7,7,7,,7,7,6,6,7,6.0,7,5,,6,6,0,6,7,6,4,6,7.0,7,,6,,7,6,,4,4,7,7,7,6,7,7,7,7,5,6,5,6,7,6,6,5,7,7,7,5,,7,,6,5,7,7,6,6,7,6,7,5,6,,7,6,7,6,7,7,6,7.0,6,5,7,0,7,7.0,7.0,0,6,5,7,6,6,7,6,7,6,,7.0,7,6,7,,0,7,3,6,7,6,7,7,7,,6,,,,6,,7,7,,7,7,5,7,7,7,6,7,7,,,6,6,3,7.0,2,7,7,7.0,7,7,7.0,7,7,6,,2,6,6,3,7,7,5,6,6,6,6,7,6,7,4,1,6,,4,7,7,,6,4,6,7,6,7,0,,,6,6,7,7,6,6,7,7,6,5,7,,,7,,,,7,5,7,7,6,7.0,,3.0,6,7,7,6,6,7,7,7,6,7,7,,0,7,7,5.0,7,7.0,7,7,6,7,7.0,6,,7,6,7,7,7,7,,7,7,7.0,4,7,6,0.0,,,7,6,6,,7,5,7,6,7,6,6,2,5,7,7,7,7,0.0,,6,7,6,6,,3,6,7.0,6,7,,7,,,7,,6,6,7,7,7,7,7.0,7,7,5,7,5,4.0,6,,7,6,3,6,6,,7.0,7,7.0,,6,7,2,5,6,6,,0,7,7,6,7,6,7,7,5,6,6,,1,6,,1,5,6,7,0,7.0,,3,7,7,6,6,7,6,7,,,6,7,5.0,,,6.0,1.0,3,7,7,7,,,,7,,7,,,6,6,2,,,138,13,2.0124782356355193,-0.5238624054382389
7,7,0,7,7,7,7,7,7,7,7,4,7,7,8,7,7,8.0,8,7,5,8,6,0,7,7,6,7,7,4,7,7,7,8,7,7,8,8,6,7,7,8,7,7,,5,7,7,6,8,,8,6,,6,7,7,7,4,6,7,6,8.0,7,,7,,7,7,,7,5,8,8,7,6,4,8,7,0,6,6,7,7,3,7,7,5,7,7,6,5,8.0,7,,7,6,8,7,7,7,7,6,7,6,4,8.0,3,7,8,7,8,7,5,8.0,7,0,7,7,8,8.0,6.0,7,7,5,7,7,7,6,7,8,7,8.0,8.0,6,7,8,,7,8,7,6,8,7,7,4,7,,8,,,,5,,7,8,8.0,7,1,7,8,8,8,8,8,8,,,6,7,8,0.0,5,8,8,8.0,8,8,8.0,8,6,7,,8,6,7,7,7,4,6,6,7,7,7,7,7,7,3,8,7,8.0,7,0,7,,7,8,7,7,8,6,7,8.0,,7,6,8,8,0,7,0,8,7,6,8,,,8,8.0,,,7,7,8,7,8,8.0,,,7,8,7,7,6,8,8,8,6,7,8,,7,7,7,,8,8.0,7,4,6,8,8.0,7,,7,7,7,3,2,7,8.0,7,8,7.0,2,7,7,8.0,8.0,,8,7,8,,7,8,7,7,8,7,7,6,7,8,8,8,8,,,6,0,8,7,,8,7,8.0,7,7,,8,8.0,8.0,6,,7,3,8,8,7,7,8.0,8,7,7,8,7,8.0,4,,7,7,8,7,7,,8.0,8,8.0,,7,8,8,7,7,7,8.0,8,8,8,7,8,8,8,7,6,8,7,,3,7,,7,6,6,8,7,8.0,,7,7,2,6,7,8,7,8,8.0,,7,7,8.0,,8.0,,8.0,8,6,0,8,,8.0,,7,,8,,,7,7,5,8.0,,139,13,2.0826408823085054,-0.6399813944811261
5,5,6,5,4,6,6,6,0,5,5,3,6,5,6,6,5,6.0,7,5,4,6,6,7,6,6,4,5,3,6,0,5,5,6,5,1,6,6,6,6,6,6,6,6,,6,6,5,2,6,7.0,0,5,,6,5,6,2,6,5,5,5,7.0,6,,6,,6,3,,5,4,4,6,6,5,6,6,6,6,4,5,5,6,6,5,6,4,6,6,7,4,7.0,6,,2,4,6,6,2,6,6,5,3,5,5,7.0,7,5,6,5,6,2,6,7.0,5,6,1,6,6,7.0,7.0,6,6,5,6,6,6,6,6,6,5,4.0,7.0,3,6,7,7.0,4,6,6,5,6,6,6,6,6,,7,5.0,6.0,7.0,5,,6,7,7.0,6,7,5,6,3,6,5,6,6,,,6,6,7,7.0,5,6,7,7.0,7,6,7.0,6,6,6,7.0,6,5,6,5,6,7,6,4,5,5,6,6,6,6,4,6,5,7.0,6,5,6,,6,6,6,6,6,6,6,7.0,,6,6,6,6,5,6,6,6,5,5,6,,7.0,6,7.0,,,5,2,6,6,6,7.0,,7.0,5,6,6,5,5,6,7,6,5,6,7,,5,3,6,7.0,7,7.0,6,6,6,6,7.0,6,,0,6,6,7,6,6,7.0,6,6,3.0,6,6,6,7.0,7.0,,7,6,3,,5,6,6,5,6,6,5,1,5,6,6,7,6,,7.0,5,6,6,6,,7,5,7.0,6,6,,6,7.0,,6,,0,6,7,6,6,6,7.0,6,6,1,7,6,7.0,6,,6,5,6,2,6,,7.0,6,7.0,7.0,6,6,0,5,0,6,7.0,6,6,6,6,6,6,6,6,5,6,6,0.0,6,5,,0,5,6,6,5,7.0,,5,2,6,3,6,6,5,5,7.0,,4,6,7.0,,0.0,,7.0,6,6,6,7,,,,6,,6,,,6,5,6,7.0,7.0,140,13,1.9619076184763047,-0.6565939250901973
6,6,6,4,5,5,6,6,6,0,5,6,6,6,6,6,6,7.0,7,4,3,6,6,7,6,3,5,5,6,5,6,5,6,7,5,5,6,6,5,6,6,0,6,6,,6,3,6,6,6,7.0,3,4,,6,5,5,5,6,5,5,5,7.0,7,,6,,6,5,,0,4,7,6,6,5,6,7,6,7,4,6,5,5,6,5,6,3,6,4,7,4,7.0,6,,4,5,6,6,6,6,6,6,6,5,6,,7,5,6,2,6,6,5,7.0,5,6,6,6,7,7.0,6.0,2,2,5,6,6,6,6,6,7,5,7.0,7.0,7,6,7,7.0,4,6,6,5,6,6,6,6,6,,5,5.0,7.0,6.0,6,,6,6,7.0,6,7,5,6,6,6,6,6,0,,,6,6,7,7.0,5,6,6,7.0,7,6,7.0,6,6,6,7.0,6,5,6,5,5,7,6,5,5,5,5,6,6,6,4,6,5,7.0,0,6,6,7.0,6,6,6,6,6,6,6,7.0,,5,6,6,7,1,6,6,7,5,4,6,,7.0,6,7.0,,,6,6,6,0,6,7.0,,7.0,5,6,6,6,5,6,7,6,1,2,6,,6,6,6,7.0,7,7.0,6,5,5,6,0.0,1,,6,5,6,7,6,6,0.0,6,6,7.0,6,6,5,6.0,7.0,,6,4,7,,6,4,6,5,6,5,2,0,5,6,6,7,3,,,5,7,6,6,,3,6,7.0,6,6,,7,7.0,,5,,6,6,4,7,6,6,7.0,6,6,5,7,6,7.0,5,,6,6,6,6,6,,7.0,6,7.0,7.0,6,6,6,6,6,6,7.0,4,6,6,6,6,7,6,6,3,2,6,,5,5,,6,4,4,6,5,7.0,,6,7,6,2,6,7,6,6,7.0,,5,6,7.0,,7.0,,7.0,7,7,7,7,0.0,,,6,,7,,,6,5,6,7.0,,141,13,1.9634128055180686,-0.6507991735380374
4,6,7,6,6,1,7,7,0,7,6,6,6,6,7,7,7,7.0,8,7,6,7,6,7,7,7,6,7,7,7,6,5,5,7,6,2,7,4,7,7,7,7,7,7,8.0,7,6,7,7,7,8.0,6,5,,6,6,7,6,7,6,3,6,8.0,0,,7,,7,6,,5,6,7,7,7,7,0,7,7,7,4,6,2,4,5,6,3,5,7,7,8,5,8.0,6,,6,6,7,7,7,7,7,7,7,3,7,,8,7,6,7,7,7,6,8.0,2,7,7,6,8,8.0,8.0,7,6,6,7,7,7,8,7,0,6,8.0,8.0,8,7,5,6.0,7,7,7,6,7,7,7,7,6,,7,8.0,8.0,,5,,7,8,8.0,7,8,6,7,7,7,7,8,7,,,6,2,7,8.0,5,7,7,8.0,7,6,8.0,7,7,7,8.0,7,5,6,5,6,7,7,5,6,6,6,6,7,7,5,7,6,8.0,6,0,0,8.0,6,7,7,7,0,7,0,4.0,,6,7,7,7,6,7,7,3,6,6,8,,8.0,7,5.0,,,7,7,7,7,7,6.0,,8.0,7,7,7,6,6,7,8,7,6,8,8,,7,7,6,8.0,8,8.0,7,7,4,7,8.0,6,,4,7,5,7,7,7,8.0,5,0,8.0,7,7,7,8.0,8.0,,6,7,7,,7,7,6,5,7,6,7,6,6,7,7,8,8,,8.0,6,7,0,6,,6,7,8.0,7,7,,7,8.0,,7,,7,7,8,6,7,7,8.0,7,7,7,8,5,8.0,7,,7,7,7,6,6,,8.0,7,8.0,8.0,7,8,7,7,6,7,8.0,7,7,7,7,7,7,7,7,6,3,4,,6,6,,7,6,7,7,6,8.0,,7,7,7,7,7,7,6,7,8.0,,6,7,8.0,,8.0,,8.0,8,7,7,8,,,8.0,7,,8,,,4,7,7,8.0,7.0,142,13,2.0405485107637857,-0.6480311223931287
8,7,8,7,7,7,8,8,8,8,7,8,7,5,8,8,8,9.0,6,8,7,8,8,8,8,7,7,7,8,8,8,7,8,9,8,8,8,8,8,8,8,8,8,8,,0,8,8,8,8,9.0,8,6,,6,8,7,8,7,7,4,8,9.0,8,,4,,5,7,,4,6,9,8,8,7,8,9,4,7,6,8,3,3,8,7,8,7,8,5,8,7,9.0,8,,7,6,8,7,8,5,8,8,8,5,7,0.0,0,7,8,8,8,8,7,9.0,7,8,8,7,9,9.0,9.0,6,7,7,8,8,8,9,8,8,7,8.0,9.0,8,7,8,9.0,7,8,8,6,0,8,8,8,0,,8,9.0,9.0,,0,,8,8,9.0,8,8,6,8,8,8,8,8,8,,,8,8,8,0.0,6,8,8,9.0,3,0,9.0,8,8,8,9.0,8,7,8,7,7,8,8,6,8,7,8,7,8,7,6,8,7,9.0,8,7,8,,5,8,7,6,4,5,8,9.0,,3,7,8,9,7,8,8,8,4,1,9,,9.0,8,9.0,7.0,,8,8,8,8,8,9.0,,9.0,7,7,8,8,8,8,8,8,7,8,8,,7,8,8,9.0,9,9.0,8,8,8,2,9.0,7,8.0,8,8,8,9,8,8,9.0,8,8,8.0,7,8,8,9.0,5.0,,8,8,8,,8,8,8,7,8,8,8,7,7,8,8,6,8,8.0,,7,9,6,7,,8,8,5.0,7,8,,8,9.0,,8,,8,8,4,9,9,8,9.0,8,8,8,9,8,0.0,8,,7,8,8,5,8,,9.0,8,9.0,9.0,8,9,9,8,8,7,9.0,8,8,9,8,8,8,8,8,7,0,8,,7,8,,8,7,8,8,7,9.0,,6,8,8,8,8,8,8,8,7.0,,8,7,9.0,,9.0,,9.0,9,3,9,9,,,,8,,9,,,8,4,8,9.0,9.0,143,13,2.1306775313113024,-0.5633199044566679
6,2,6,6,6,7,7,7,6,7,6,7,6,5,7,7,7,1.0,7,6,0,7,6,7,6,6,6,6,6,7,6,6,7,7,6,2,0,7,6,7,7,7,3,7,,7,6,2,6,7,8.0,6,6,,6,6,6,0,7,5,6,6,8.0,7,,7,,7,6,,4,4,7,6,6,6,7,7,7,4,5,6,6,7,7,5,6,6,7,5,8,2,8.0,6,,6,6,7,6,7,5,7,6,1,5,6,8.0,7,5,3,6,7,7,6,8.0,6,7,7,6,8,8.0,7.0,5,6,0,6,5,7,7,7,7,6,7.0,8.0,7,7,8,8.0,6,6,7,6,7,6,7,7,7,,7,3.0,8.0,8.0,6,,7,8,0.0,7,7,5,7,7,7,2,7,7,0.0,,6,2,7,3.0,5,7,7,7.0,7,7,8.0,7,7,5,8.0,7,6,7,6,6,7,0,5,4,6,6,7,6,7,3,7,0,8.0,7,5,7,,6,7,7,7,5,7,7,8.0,6.0,6,7,1,7,6,2,7,5,6,5,5,,8.0,7,7.0,,,7,6,7,4,7,8.0,,8.0,6,7,7,7,6,7,7,7,6,7,7,,7,7,7,8.0,7,6.0,7,7,7,7,7.0,6,,7,7,7,7,7,6,8.0,7,7,8.0,7,7,2,7.0,8.0,,0,6,7,,7,7,6,6,7,6,6,5,6,7,7,7,7,,8.0,6,7,7,6,,7,7,8.0,7,7,,7,8.0,,7,,7,7,8,7,7,7,8.0,7,7,7,6,7,8.0,7,,7,1,7,7,7,,0.0,7,8.0,8.0,7,7,7,7,7,7,8.0,7,3,7,4,7,7,7,7,6,5,6,,6,7,,7,6,7,7,6,8.0,,6,7,5,7,7,7,7,3,8.0,,7,7,8.0,,8.0,,8.0,7,7,7,8,,,,7,8.0,5,,,6,6,7,8.0,8.0,144,13,2.20098185063969,-0.5869780270087633
6,6,7,6,6,7,7,7,6,7,6,7,7,6,7,7,7,7.0,8,6,4,7,6,7,7,6,6,6,7,6,7,6,7,7,6,7,2,7,6,7,3,4,7,4,,7,6,7,6,7,8.0,0,6,,6,6,7,6,7,5,6,6,8.0,7,,7,,7,6,,6,1,7,7,7,6,7,8,1,7,5,6,6,7,7,5,7,6,7,7,7,5,8.0,3,,6,5,7,5,7,7,7,6,6,5,0,8.0,8,6,7,7,7,7,6,8.0,6,7,4,6,7,8.0,8.0,7,6,5,6,6,7,7,5,7,6,8.0,8.0,7,7,7,8.0,6,8,7,6,7,7,7,7,7,,7,8.0,8.0,,6,,4,7,8.0,7,7,5,7,7,7,6,7,3,,,6,7,7,8.0,1,7,6,8.0,7,7,8.0,7,7,7,8.0,7,6,7,5,7,7,7,4,6,6,7,7,6,7,5,7,4,7.0,7,6,7,,6,7,7,1,5,7,7,5.0,,6,6,2,7,6,7,0,7,6,6,7,,8.0,6,8.0,,,6,7,7,7,7,8.0,,8.0,6,7,7,7,5,7,7,7,5,7,8,,7,7,6,8.0,7,8.0,0,6,0,2,8.0,3,,7,7,7,7,4,7,8.0,7,7,7.0,6,6,6,8.0,8.0,,7,7,7,,7,7,7,6,7,4,7,6,3,7,7,7,3,,8.0,6,7,7,4,7.0,7,5,8.0,7,7,,7,8.0,,6,,7,6,8,6,7,7,8.0,7,0,7,8,7,7.0,6,,7,6,7,0,7,,8.0,2,8.0,0.0,7,7,7,7,6,7,8.0,7,7,7,7,7,7,7,7,0,7,6,7.0,6,6,2.0,7,6,6,7,6,7.0,,6,7,1,5,7,7,7,7,8.0,,7,7,8.0,,0.0,,8.0,8,7,7,8,,,,7,8.0,7,,,7,7,7,8.0,8.0,145,13,2.137177230046948,-0.6433926842792159
9,8,9,8,7,9,9,9,9,9,8,9,9,8,9,9,9,10.0,7,8,7,9,3,9,9,8,8,8,8,9,7,8,9,9,8,8,9,9,3,9,9,6,8,9,,6,9,9,9,9,10.0,9,8,,8,8,0,8,9,8,7,8,10.0,9,,9,,9,8,0.0,8,7,9,9,7,6,9,9,0,9,7,8,8,9,9,8,8,7,9,9,9,8,10.0,9,,8,8,9,8,9,8,9,8,8,8,8,9.0,9,9,9,8,9,5,7,10.0,5,9,8,9,9,10.0,9.0,9,8,8,9,9,8,9,9,9,8,9.0,10.0,10,9,9,10.0,8,9,7,8,9,3,9,9,9,,9,10.0,10.0,,8,,9,9,6.0,9,9,8,9,0,1,8,9,5,10.0,,8,9,9,9.0,7,9,9,7.0,9,9,10.0,9,7,8,10.0,7,8,9,7,6,9,9,8,8,8,9,9,9,9,7,9,8,10.0,9,8,9,,9,9,2,9,9,9,9,10.0,,8,8,9,10,7,9,0,9,8,8,9,,9.0,9,10.0,,,9,9,9,8,9,5.0,,10.0,8,9,8,6,8,9,9,9,8,9,9,,9,9,9,10.0,9,10.0,9,9,9,6,10.0,8,,9,9,6,9,5,9,6.0,9,9,9.0,7,9,8,10.0,10.0,,9,9,9,,9,9,9,8,9,9,8,7,8,9,9,9,9,,10.0,0,9,8,8,,7,8,10.0,9,8,,0,10.0,,8,,9,8,9,9,9,9,10.0,9,9,8,9,9,10.0,6,10.0,9,9,9,8,8,,8.0,0,10.0,10.0,2,7,9,8,5,8,9.0,9,9,9,9,9,9,9,9,8,9,6,,8,8,,8,8,7,4,6,5.0,0.0,8,9,9,8,9,5,0,9,10.0,,8,8,10.0,,9.0,,9.0,9,9,8,9,,,,9,,4,,,9,9,9,9.0,,146,13,2.167513448894202,-0.5683587345960399
7,7,7,6,6,7,7,0,7,5,6,7,7,6,7,7,7,8.0,7,7,5,7,7,8,7,7,6,6,2,7,6,6,6,8,6,6,7,7,6,7,7,7,7,7,,7,7,7,4,7,8.0,7,6,,7,7,2,6,7,4,6,6,8.0,7,,7,,7,7,,6,5,8,7,7,4,7,7,7,7,4,6,6,4,7,5,6,5,7,7,7,5,8.0,7,,5,6,7,6,5,7,7,0,7,5,6,8.0,7,7,6,6,7,7,6,8.0,6,4,7,7,7,8.0,7.0,7,6,2,7,6,7,2,7,8,6,7.0,8.0,8,7,7,8.0,1,7,7,6,7,6,7,7,7,,7,8.0,0.0,,6,,4,8,2.0,7,0,6,7,3,7,0,7,7,,,3,7,7,8.0,6,7,8,8.0,8,7,8.0,7,4,6,8.0,7,6,5,3,6,8,7,3,6,3,7,7,4,7,6,7,6,8.0,7,6,7,,7,7,7,7,8,7,7,8.0,,5,7,7,7,5,6,7,7,6,6,7,,8.0,7,8.0,0.0,,7,7,7,7,7,8.0,6.0,8.0,5,7,7,7,6,7,7,7,6,7,7,,4,7,7,0.0,7,8.0,7,7,7,7,8.0,6,0.0,7,7,7,8,7,3,8.0,6,7,8.0,7,7,6,7.0,8.0,,7,4,7,,7,7,7,6,5,7,6,6,6,7,7,7,7,,8.0,6,7,7,6,,7,7,8.0,7,7,,7,8.0,,6,,7,7,8,7,8,7,8.0,7,7,7,8,7,8.0,7,,7,7,7,7,6,,8.0,7,8.0,8.0,5,7,7,6,0,6,7.0,7,7,7,0,6,7,7,7,6,7,6,,7,6,,7,6,7,7,6,7.0,,6,7,7,6,7,7,6,7,8.0,,6,7,8.0,,8.0,,8.0,8,7,7,8,,,,7,,5,,,5,6,7,8.0,,147,13,2.0253542132736757,-0.6502830895252316
7,5,6,7,6,0,8,0,2,7,7,4,7,7,8,7,8,8.0,8,7,6,8,7,8,8,7,6,7,7,6,7,7,8,8,7,0,8,8,7,6,8,8,8,8,9.0,8,8,5,5,8,9.0,4,7,,7,7,7,7,7,7,2,7,7.0,8,,8,,6,6,,7,5,8,8,8,7,3,8,8,8,5,7,7,7,8,7,1,6,8,8,1,6,9.0,8,,7,6,8,7,8,8,8,7,8,6,7,9.0,9,8,8,7,8,8,7,7.0,7,8,8,8,8,8.0,7.0,8,7,3,3,8,8,8,8,8,7,9.0,9.0,8,1,8,3.0,6,8,8,7,8,7,8,8,8,,8,9.0,9.0,7.0,7,,8,8,9.0,8,8,7,6,8,8,7,8,8,9.0,,3,8,8,9.0,6,8,0,8.0,8,8,9.0,8,3,8,9.0,8,6,8,8,8,8,8,7,7,7,8,8,7,8,7,8,7,9.0,8,7,8,2.0,8,8,7,8,6,8,8,8.0,,7,8,8,8,6,7,8,8,7,6,8,,9.0,8,9.0,,,7,7,8,8,8,9.0,7.0,9.0,7,8,8,7,7,7,8,7,7,8,8,9.0,8,8,8,9.0,8,9.0,8,8,8,8,8.0,7,,8,8,8,0,7,8,6.0,0,8,8.0,3,8,7,7.0,9.0,,8,8,8,,8,8,8,7,8,8,7,7,4,8,5,8,8,,9.0,7,8,8,8,,8,8,9.0,8,8,,8,9.0,,8,,8,7,8,8,8,6,9.0,8,8,7,8,8,8.0,8,,8,7,8,8,7,,8.0,8,9.0,0.0,7,8,8,1,7,8,8.0,8,8,7,8,8,8,9,8,7,8,7,,7,7,,8,7,7,8,7,9.0,0.0,7,8,8,7,7,8,0,6,7.0,,8,8,9.0,9.0,9.0,8.0,8.0,8,2,8,8,,,,8,9.0,7,,,0,8,8,9.0,9.0,148,13,2.2506619593998236,-0.6122418619550404
5,5,6,5,6,6,2,6,6,6,6,4,6,5,7,5,6,7.0,7,6,5,6,4,6,3,6,5,6,6,6,6,5,6,7,6,6,7,6,5,6,4,6,6,7,,6,5,5,6,6,7.0,6,5,,5,5,6,5,0,1,5,6,5.0,6,5.0,6,7.0,5,6,7.0,5,3,7,0,6,6,6,7,3,6,5,5,4,6,6,6,6,5,6,1,7,4,7.0,6,,5,5,6,4,6,6,6,5,6,4,6,,7,6,6,6,6,6,6,7.0,5,6,6,6,7,7.0,7.0,5,5,5,6,6,6,7,6,6,5,7.0,7.0,7,5,7,,5,7,6,5,7,6,6,6,0,,5,,7.0,,1,,6,7,7.0,6,7,4,7,7,6,6,7,6,,,5,3,6,7.0,5,6,7,7.0,4,6,7.0,7,6,6,,6,5,6,6,6,7,6,1,5,5,6,6,6,0,3,6,5,7.0,6,6,6,,6,6,6,6,6,7,6,7.0,,0,5,6,7,5,6,7,6,6,5,7,,,6,,,,6,4,7,6,6,7.0,,7.0,5,6,0,6,5,6,1,6,5,7,7,,4,6,4,7.0,7,7.0,1,6,6,6,7.0,5,,6,6,6,7,6,6,7.0,6,6,7.0,6,6,6,7.0,7.0,,1,6,6,,6,7,6,2,3,5,5,4,6,6,6,6,2,,7.0,6,6,7,6,,7,6,7.0,6,2,,6,7.0,,6,,6,6,7,7,7,6,7.0,6,6,4,7,6,7.0,5,,6,6,6,5,6,4.0,7.0,6,7.0,7.0,6,6,7,6,6,6,7.0,6,7,0,6,4,0,6,6,5,6,6,0.0,6,5,,6,6,5,6,2,7.0,,1,6,6,6,6,6,6,6,,,6,6,7.0,,0.0,,7.0,7,7,7,7,,5.0,7.0,6,,7,,,6,6,6,7.0,,149,13,2.0116138763197586,-0.6059491295616926
6,6,6,5,5,6,6,6,6,6,6,6,7,4,7,7,7,7.0,7,6,5,7,6,7,7,6,5,6,6,6,6,6,6,7,6,6,2,7,6,7,6,7,7,7,,7,6,7,6,7,,6,6,,6,6,6,6,6,6,5,6,7.0,7,,7,,7,6,,5,4,7,7,6,6,7,7,7,7,4,6,4,6,6,6,6,5,7,6,0,5,7.0,6,0.0,6,5,7,5,6,6,6,5,6,5,6,,7,6,7,6,0,6,2,7.0,5,5,6,6,7,7.0,7.0,7,6,5,6,6,0,7,7,7,6,7.0,7.0,7,6,7,,3,7,7,0,7,6,4,7,5,,6,,,,6,,6,7,7.0,7,7,5,7,7,6,6,7,7,,,5,2,7,7.0,1,3,3,7.0,7,7,7.0,7,6,7,,7,5,6,6,6,7,7,5,6,5,6,6,5,6,4,7,6,7.0,6,6,6,,6,6,3,4,7,7,6,,,6,6,7,7,6,6,7,6,6,5,7,,,7,,,,7,6,7,6,6,7.0,,,6,6,6,6,0,7,6,7,6,5,7,,6,2,6,,7,7.0,6,4,6,7,7.0,6,,6,6,6,7,6,6,7.0,6,0,7.0,6,5,6,7.0,7.0,,6,6,7,,6,7,6,6,7,1,6,5,5,6,4,7,7,,0.0,5,4,3,6,7.0,7,6,7.0,6,6,,7,7.0,,6,,6,6,7,7,7,7,7.0,7,7,6,7,2,7.0,5,,0,6,3,1,7,,7.0,7,7.0,6.0,6,7,7,6,3,6,7.0,7,7,7,6,7,6,7,7,5,6,6,,1,6,,1,6,5,0,5,7.0,,5,6,3,6,5,7,6,7,7.0,,6,5,7.0,,7.0,,7.0,7,7,4,7,,4.0,,3,,7,,,6,6,7,7.0,,150,13,2.001772787708672,-0.6074799337716442
8,8,8,8,7,9,8,8,7,6,8,0,8,7,9,8,8,9.0,9,5,3,9,7,1,8,8,7,8,8,8,8,7,8,9,8,8,0,9,8,9,9,9,8,9,,7,6,8,7,4,,5,7,,4,7,8,8,8,7,8,8,9.0,8,,9,,9,8,0.0,7,7,9,9,8,8,2,9,9,8,7,8,8,9,9,8,6,8,8,8,9,6,,8,,8,7,9,6,8,8,9,8,8,7,5,8.0,7,3,9,8,8,8,7,,7,0,7,4,9,9.0,9.0,9,7,8,8,8,7,8,8,9,8,9.0,9.0,9,8,9,,3,9,9,8,9,8,8,8,8,3.0,1,9.0,,,8,,9,9,9.0,9,9,8,9,9,8,8,9,9,,,1,6,9,9.0,7,9,9,9.0,9,9,9.0,9,8,8,,9,7,9,8,8,9,6,7,8,7,8,9,7,9,6,8,7,9.0,9,8,8,,8,8,9,8,4,9,8,9.0,,8,8,9,5,8,8,9,8,8,8,9,,,8,,0.0,,8,8,9,9,9,9.0,,7.0,8,9,9,8,8,9,9,9,8,0,9,,8,9,9,,8,9.0,8,8,8,8,9.0,8,8.0,8,9,9,0,9,9,9.0,8,9,9.0,0,8,8,9.0,9.0,,9,4,9,,9,8,8,8,6,3,8,8,8,9,9,8,9,,9.0,8,9,8,8,,9,8,9.0,9,7,,9,,,8,,8,8,9,9,9,9,9.0,9,8,6,8,8,9.0,8,,4,7,8,8,8,,9.0,0,9.0,,9,9,9,8,8,8,,7,9,9,9,9,9,9,9,8,9,8,,8,8,,8,8,5,8,7,9.0,8.0,8,9,8,6,9,9,8,9,,,8,8,9.0,,9.0,0.0,5.0,9,9,9,6,,,,9,,9,,,8,8,9,9.0,,151,13,2.1294187250406744,-0.5199237858973518
4,6,0,6,6,7,6,7,6,5,6,6,6,6,7,7,6,7.0,7,6,1,5,6,7,7,6,6,6,6,0,6,6,6,7,5,6,7,7,6,7,7,7,7,7,,6,7,7,7,7,,7,6,0.0,6,5,6,6,5,6,6,6,7.0,7,,7,,6,6,6.0,6,5,7,7,7,6,6,7,2,7,5,6,6,5,7,6,6,5,7,0,7,6,,6,,6,3,7,6,6,7,6,6,7,4,6,,6,6,7,5,7,7,6,,6,6,2,6,7,7.0,7.0,7,4,5,7,7,7,7,7,0,5,7.0,7.0,7,6,7,,6,7,7,6,7,7,7,7,3,,7,,,,5,,7,7,7.0,7,7,5,7,7,7,6,7,7,,,6,4,7,7.0,5,7,7,7.0,7,7,7.0,7,7,6,,7,6,6,6,7,1,7,3,6,6,6,7,5,6,3,7,6,7.0,6,6,7,,6,7,6,6,7,7,7,,,6,5,7,5,5,6,7,7,6,5,7,,,7,0.0,0.0,,2,6,7,6,7,7.0,,,6,7,7,6,4,7,7,7,5,4,0,,7,7,7,,7,7.0,6,3,6,7,7.0,6,,5,6,6,7,6,6,,6,7,7.0,5,7,6,7.0,,,7,7,7,,6,7,7,6,7,6,6,1,6,7,5,7,4,,,6,7,7,6,,5,6,,6,5,,7,3.0,,6,,3,1,7,7,7,7,7.0,7,7,7,7,7,7.0,6,,7,6,7,7,6,,,0,7.0,,6,7,7,4,6,7,7.0,7,7,7,6,2,7,7,6,0,7,7,,6,6,,7,1,6,7,6,6.0,,6,7,7,6,7,6,6,5,,,6,6,,,7.0,,7.0,7,5,7,7,,,,6,,7,7.0,,1,6,5,7.0,6.0,152,13,2.052717070289427,-0.5388550669138575
6,6,6,5,5,6,6,6,1,6,6,6,6,5,7,6,5,7.0,7,6,3,7,6,7,5,6,5,6,6,6,0,5,6,7,4,5,7,7,6,7,7,6,6,6,,6,6,6,6,6,7.0,6,5,6.0,6,6,4,6,6,6,5,1,7.0,6,,7,,5,5,,5,5,7,6,6,5,6,7,7,6,4,6,5,6,6,6,6,4,7,6,7,4,7.0,6,,5,5,6,6,6,0,6,5,6,4,6,7.0,7,6,6,5,6,5,5,7.0,5,6,6,6,5,7.0,7.0,6,6,5,6,6,6,3,6,7,5,7.0,7.0,7,6,4,7.0,3,5,6,5,7,6,6,7,6,,7,,7.0,,6,,6,6,5.0,6,7,5,7,5,6,6,6,7,,,6,6,7,7.0,5,7,7,7.0,5,7,7.0,2,6,6,0.0,7,5,6,5,5,2,7,1,0,6,6,6,5,7,4,6,6,7.0,6,6,6,,6,6,6,6,7,6,3,7.0,7.0,6,6,6,7,1,6,7,7,2,5,6,,7.0,6,0.0,,,2,6,7,3,0,7.0,,7.0,6,6,6,0,5,6,7,6,5,6,4,,5,6,6,7.0,7,7.0,6,6,6,6,7.0,5,,6,2,6,7,3,5,7.0,6,6,7.0,6,6,5,7.0,7.0,0.0,0,6,5,,6,6,3,5,6,6,6,4,6,6,4,5,7,,,5,7,6,6,,7,6,7.0,6,6,,7,7.0,,6,,6,6,7,7,4,6,7.0,6,6,5,7,6,7.0,5,,6,6,6,3,6,,7.0,7,7.0,7.0,6,7,6,6,6,6,7.0,6,6,6,6,6,6,7,7,6,6,5,,0,6,,6,6,6,7,6,7.0,,6,6,7,6,6,2,3,7,5.0,,6,6,7.0,,7.0,,7.0,5,6,7,7,,,,6,,4,,,6,6,6,7.0,,153,13,1.9906316107585373,-0.5829064734526004
6,6,7,7,5,7,7,7,6,7,3,7,7,6,7,7,7,8.0,7,7,4,7,6,7,7,7,6,6,7,7,5,6,7,8,7,4,4,8,6,7,0,7,7,7,,7,6,7,7,7,,7,6,,1,3,7,7,7,6,7,7,8.0,7,,7,,7,6,,6,5,7,7,4,6,4,7,7,6,5,6,6,7,7,6,6,6,7,7,8,5,8.0,7,,6,6,5,5,7,7,5,7,7,5,3,5.0,7,7,7,7,7,7,0,8.0,5,7,7,6,8,8.0,8.0,8,6,6,7,7,7,8,7,8,6,8.0,8.0,3,3,8,,7,1,7,1,5,6,7,7,7,,7,8.0,,,6,,7,8,7.0,7,8,6,8,8,7,6,7,7,,,1,7,7,8.0,6,7,8,8.0,8,7,8.0,7,7,7,8.0,7,6,7,6,7,6,7,5,6,2,0,6,0,7,4,7,6,8.0,7,6,7,7.0,3,7,7,7,7,7,7,8.0,,7,7,6,5,6,7,7,7,6,6,8,,8.0,7,8.0,,,7,7,8,7,7,8.0,,8.0,7,8,7,7,6,7,8,7,6,7,8,,6,3,7,8.0,8,8.0,7,7,7,7,8.0,7,,7,6,7,5,7,7,8.0,7,7,8.0,7,7,7,8.0,0.0,4.0,7,7,7,,7,7,7,0,7,4,6,6,7,5,7,7,7,,,0,8,7,7,,8,7,8.0,7,6,,7,8.0,8.0,7,,7,7,7,8,8,7,8.0,7,7,7,6,7,8.0,7,,7,7,7,7,7,0.0,8.0,8,6.0,7.0,7,8,8,6,7,7,8.0,7,7,7,7,7,7,8,0,6,7,6,4.0,7,6,,7,6,7,7,7,8.0,7.0,7,7,7,7,7,7,6,7,8.0,,7,7,8.0,,8.0,,8.0,8,7,6,8,0.0,,,7,,8,,,7,7,8,7.0,8.0,154,13,2.1348724179829883,-0.5760833139301282
6,6,6,6,5,7,6,7,6,6,6,6,6,6,7,7,2,7.0,7,6,5,7,7,7,6,7,6,6,7,6,6,6,6,0,6,2,7,7,6,7,7,7,1,7,,7,6,7,4,7,8.0,7,6,,7,6,7,6,7,5,5,6,8.0,0,,7,,7,6,,6,0,7,7,7,6,7,7,7,7,5,6,6,7,7,6,6,5,6,5,5,4,8.0,6,,6,1,7,7,7,7,7,6,7,5,6,7.0,7,7,7,0,7,7,6,8.0,6,7,7,6,8,8.0,7.0,7,6,5,4,6,7,7,7,7,6,4.0,7.0,7,7,7,8.0,6,7,0,1,7,6,7,7,7,,7,8.0,8.0,,6,,7,8,8.0,7,5,6,7,7,7,4,5,7,6.0,,6,7,7,8.0,5,7,7,7.0,7,7,8.0,7,7,7,8.0,4,5,7,6,7,8,7,5,6,0,6,0,7,7,4,7,5,8.0,6,4,6,,6,7,7,7,7,7,7,8.0,,1,7,7,7,6,7,7,7,6,6,7,,8.0,7,8.0,,,7,6,7,7,7,7.0,,8.0,6,7,1,6,6,7,7,7,5,7,7,,6,4,7,8.0,7,7.0,7,6,4,6,8.0,6,,7,7,7,2,0,7,8.0,7,7,7.0,6,7,6,8.0,8.0,,7,7,0,,7,7,6,6,7,3,6,5,6,7,7,7,6,,8.0,6,7,7,6,,7,7,7.0,7,7,0.0,7,8.0,,6,7.0,7,7,8,7,7,7,8.0,7,7,6,8,7,8.0,6,,7,7,7,7,7,,8.0,7,8.0,8.0,7,7,7,6,3,7,8.0,7,7,7,3,7,7,7,7,6,7,6,,6,6,,7,5,6,7,3,7.0,,6,6,6,6,7,7,7,7,8.0,,6,6,5.0,,8.0,,7.0,7,1,7,6,,,,6,,7,,,7,6,6,8.0,8.0,155,13,2.1701414200320737,-0.6517768600978037
4,5,5,2,3,5,5,5,4,4,4,5,5,0,5,5,5,3.0,6,5,3,5,4,5,4,5,4,4,5,5,0,4,4,6,4,4,6,6,5,5,5,5,5,5,,5,5,5,5,6,6.0,5,4,,5,4,5,5,5,4,5,5,6.0,1,,5,,5,5,,1,4,4,5,5,4,5,5,5,5,4,5,3,5,5,5,5,4,5,2,6,3,6.0,5,,4,4,6,5,3,4,5,3,5,3,3,6.0,6,5,5,1,5,5,4,6.0,5,5,5,4,6,6.0,5.0,5,4,4,5,5,5,6,5,5,4,6.0,6.0,6,5,6,6.0,4,5,5,4,5,5,5,4,4,,5,,6.0,6.0,2,,5,6,6.0,5,6,4,5,5,5,3,5,6,,,4,5,6,6.0,4,2,6,6.0,6,6,6.0,5,5,5,6.0,5,3,5,4,5,6,5,4,5,5,5,5,5,5,0,5,4,6.0,5,5,5,,5,5,5,5,5,5,2,6.0,,4,5,5,5,4,5,5,6,4,3,0,,6.0,5,6.0,,,5,5,0,5,5,6.0,,6.0,0,5,5,5,4,5,6,4,3,5,6,,5,5,5,6.0,6,6.0,5,5,2,5,6.0,4,,4,4,5,0,2,2,3.0,5,5,6.0,5,5,2,6.0,6.0,,5,5,5,,0,5,5,5,5,3,5,4,3,5,5,6,5,,6.0,4,5,5,4,,3,2,6.0,5,2,,5,6.0,,4,,5,5,6,6,5,5,6.0,2,5,5,6,5,6.0,3,,5,4,5,5,5,0.0,6.0,6,5.0,4.0,5,5,5,2,5,5,6.0,5,5,5,1,5,5,5,5,4,5,4,,4,5,,5,4,4,5,4,6.0,,5,5,0,5,5,5,5,5,6.0,,5,3,6.0,4.0,6.0,,6.0,6,5,6,5,,,,5,,6,,,5,5,5,6.0,,156,13,1.8199404761904767,-0.6422628513091307
6,6,0,6,3,7,7,7,7,7,7,7,7,6,7,3,7,3.0,6,7,6,7,6,7,1,7,6,6,6,7,7,7,7,7,7,7,1,8,6,7,7,6,6,7,7.0,7,7,7,7,7,8.0,7,6,8.0,4,7,7,4,7,6,6,6,8.0,7,,4,,7,7,,6,5,8,8,7,7,7,8,7,6,5,7,5,7,7,6,7,5,7,7,8,5,8.0,7,,6,6,8,7,7,6,5,6,7,6,5,8.0,8,7,7,6,7,7,1,8.0,6,7,6,7,8,8.0,8.0,7,6,5,7,7,7,8,7,8,6,0.0,8.0,8,7,8,8.0,6,7,7,0,7,7,7,6,7,,6,8.0,8.0,7.0,7,,7,8,8.0,7,8,6,8,8,7,5,7,8,,,6,7,8,8.0,4,8,8,7.0,8,7,8.0,7,0,7,,7,6,7,7,2,8,8,6,6,6,0,7,7,7,5,8,7,8.0,7,6,7,,7,7,7,7,8,8,7,8.0,,4,6,7,8,6,7,7,7,6,6,8,,8.0,7,8.0,,,7,7,8,7,7,8.0,,8.0,5,7,0,7,7,7,8,7,6,6,7,,7,7,6,8.0,8,8.0,7,5,7,7,8.0,7,,7,7,7,7,7,7,8.0,7,7,6.0,7,7,7,8.0,8.0,,7,7,7,,7,6,7,6,7,6,7,6,7,7,8,8,8,,8.0,3,6,7,6,,7,0,8.0,7,7,,8,8.0,,7,,2,7,8,7,7,7,8.0,7,7,7,8,7,8.0,6,,7,7,7,4,7,,8.0,7,8.0,8.0,7,7,8,7,7,7,8.0,7,5,7,6,7,0,7,7,6,5,6,,3,6,,7,5,7,7,6,3.0,,7,7,7,1,7,7,6,3,8.0,,0,6,8.0,,8.0,,8.0,4,7,7,8,,,,7,,7,8.0,0.0,7,5,7,8.0,,157,13,2.0986547085201788,-0.6321503427071127
4,5,5,4,5,5,6,5,5,5,5,5,1,4,6,5,5,6.0,4,5,4,6,5,6,5,0,1,5,5,5,5,4,5,0,4,4,6,6,5,6,6,6,5,6,,5,5,6,5,6,4.0,5,5,,5,5,2,5,5,5,5,5,6.0,6,,6,,1,5,,4,0,6,6,5,1,5,6,6,6,3,5,4,5,6,4,5,4,6,5,4,3,,5,,5,4,6,5,5,5,6,5,6,4,4,0.0,2,5,6,5,6,5,5,,3,5,5,5,6,,6.0,6,0,5,5,5,6,6,6,6,4,3.0,6.0,6,5,6,,5,6,5,3,6,5,6,6,6,2.0,6,,,,5,,6,6,6.0,6,6,1,6,5,6,5,6,6,,,5,0,6,,4,6,6,6.0,6,6,5.0,2,5,5,5.0,6,5,6,5,4,6,6,4,5,5,3,6,5,5,4,6,3,6.0,5,5,5,,6,6,5,5,6,0,5,,,4,5,4,6,4,5,6,6,5,4,6,,,6,6.0,,,5,4,6,5,5,6.0,,,5,5,6,2,3,5,6,6,5,6,0,,6,6,3,,6,6.0,6,5,5,6,6.0,5,,6,5,6,6,6,5,6.0,6,6,6.0,5,5,5,4.0,6.0,,6,6,6,,5,6,6,5,6,5,5,4,4,6,6,5,6,,,4,6,5,5,,6,5,,4,5,,6,6.0,,5,4.0,6,6,6,6,6,5,6.0,6,5,5,6,5,6.0,2,,6,1,6,6,5,,6.0,6,6.0,,6,6,6,5,6,5,,5,6,6,5,6,6,6,6,5,3,5,,0,4,,2,5,5,6,5,6.0,,5,6,6,5,3,6,2,6,,,5,5,,,6.0,,6.0,6,6,6,6,,6.0,,5,,6,,,5,0,6,5.0,,158,13,1.9236363636363636,-0.618115728225119
8,7,8,0,7,8,8,8,7,7,3,8,6,7,8,8,2,8.0,7,8,6,9,8,0,8,6,7,7,8,8,8,7,8,9,7,8,5,8,8,9,8,9,8,8,,3,8,8,7,8,9.0,8,8,,8,8,8,8,8,7,7,8,9.0,9,,8,,6,8,,7,7,6,8,8,7,8,8,0,4,7,7,6,7,9,8,8,7,9,8,9,5,9.0,8,,7,7,9,8,8,8,0,8,8,5,8,9.0,9,8,9,8,8,8,7,9.0,8,8,4,0,9,9.0,9.0,9,4,8,8,8,8,8,8,9,7,9.0,9.0,8,8,8,,5,9,8,7,0,0,8,8,8,,8,9.0,9.0,8.0,8,,8,5,9.0,8,0,7,9,9,8,8,9,9,,8.0,8,8,9,9.0,6,8,9,6.0,9,9,9.0,8,8,7,,8,7,8,7,8,9,9,6,8,8,7,5,7,8,7,8,5,9.0,8,8,8,,8,9,8,8,8,8,8,9.0,,7,3,8,9,8,8,8,8,8,7,9,,,8,9.0,,,8,8,9,8,6,9.0,,9.0,8,8,8,5,7,8,9,9,8,8,9,,8,8,8,,9,9.0,8,8,8,0,9.0,8,,9,7,9,9,8,8,9.0,9,8,8.0,3,8,8,9.0,9.0,,9,8,8,9.0,6,0,8,7,8,8,8,7,8,6,8,9,9,,,8,9,8,8,,9,8,9.0,8,8,8.0,8,9.0,,8,,9,8,9,9,9,8,9.0,9,8,2,9,8,9.0,8,,8,7,9,8,8,,9.0,8,9.0,9.0,6,9,9,8,7,8,9.0,8,9,8,8,9,8,9,9,8,8,8,8.0,8,8,,8,8,8,9,8,9.0,,7,7,8,8,9,8,8,9,9.0,,8,8,9.0,,5.0,,9.0,9,9,9,9,,7.0,8.0,7,9.0,9,9.0,,6,8,8,9.0,,159,13,2.1664407290254557,-0.619140679391982
6,6,5,5,6,6,6,6,5,6,6,6,6,6,7,7,7,,7,6,5,7,1,7,7,6,6,6,6,1,6,6,6,7,5,4,7,7,6,7,7,7,6,7,,7,6,7,6,7,,7,6,,6,6,6,6,7,6,6,6,7.0,7,,7,,7,6,,3,5,4,7,6,5,6,7,7,0,5,6,0,6,6,0,6,5,7,7,4,5,,3,,5,5,7,6,6,5,0,6,7,1,6,,7,5,7,4,6,7,6,,4,6,6,7,7,7.0,7.0,7,5,5,6,6,7,7,6,7,5,,6.0,7,7,7,,6,7,7,6,7,6,7,7,7,,7,5.0,1.0,,6,,6,7,,7,7,6,7,7,7,7,7,7,,7.0,4,7,7,0.0,5,7,7,7.0,7,7,7.0,7,7,0,4.0,7,6,6,6,7,7,1,4,6,6,7,7,6,7,5,7,6,,6,6,7,,7,1,7,6,5,7,7,,,6,6,7,7,6,0,7,7,6,4,2,,,7,,,,7,6,7,6,6,7.0,,,6,7,7,6,3,7,7,7,6,7,7,,7,7,7,,7,7.0,6,5,6,7,7.0,6,,7,4,6,7,7,6,,7,7,7.0,7,6,6,7.0,,,7,0,7,,6,7,7,6,7,6,6,5,0,3,7,7,7,6.0,,5,7,7,6,,7,7,7.0,7,7,,7,,,6,,3,6,7,7,7,7,,7,7,6,7,7,7.0,6,,6,6,7,7,6,,7.0,7,5.0,,6,5,7,6,6,6,,7,7,7,6,7,7,7,0,6,7,6,,6,6,,6,6,4,7,5,6.0,,6,7,5,6,6,7,6,7,7.0,,6,6,6.0,,7.0,,7.0,7,7,7,7,,,,7,,7,,,6,4,6,7.0,,160,13,2.018953200174953,-0.5709367614492353
0,7,5,7,7,8,8,8,8,7,7,7,6,7,4,8,2,9.0,9,8,5,8,7,0,8,7,7,7,7,8,8,7,8,9,7,7,8,7,7,8,8,7,8,8,,8,8,8,7,8,9.0,8,7,,8,7,8,8,8,7,6,7,9.0,8,7.0,8,,8,8,,7,6,0,6,8,2,7,8,8,8,5,7,7,8,8,7,8,3,8,8,9,7,9.0,8,,6,6,9,8,8,8,8,7,8,6,7,9.0,9,8,8,8,8,8,7,6.0,7,8,8,5,9,9.0,9.0,8,4,8,8,4,8,9,8,7,7,9.0,8.0,6,8,9,9.0,8,8,8,6,8,8,8,8,8,,8,9.0,9.0,,7,,8,8,9.0,8,4,7,9,8,6,7,8,5,,,8,8,1,9.0,6,8,9,9.0,2,8,9.0,6,8,8,9.0,9,8,8,8,8,9,8,6,7,7,7,8,7,8,5,8,7,9.0,8,8,6,9.0,7,8,8,7,8,8,8,9.0,,7,8,4,9,7,7,8,8,7,4,8,,9.0,8,2.0,,0.0,8,8,8,8,8,9.0,,9.0,8,8,8,8,8,8,3,8,3,9,0,,8,8,8,9.0,9,9.0,8,1,8,8,7.0,7,0.0,5,8,8,9,8,8,9.0,8,8,0.0,8,8,8,9.0,9.0,,8,8,8,,8,8,8,7,8,8,8,7,6,8,8,9,8,,9.0,7,8,8,8,,9,8,9.0,8,8,,8,9.0,,8,,8,8,9,9,8,8,9.0,8,8,7,9,8,9.0,8,,8,7,0,8,8,,9.0,8,9.0,4.0,8,8,8,3,8,7,9.0,8,8,8,8,8,8,9,8,7,6,7,,7,7,,8,7,0,4,7,9.0,,8,8,8,8,8,8,7,8,9.0,,7,7,9.0,,9.0,,9.0,8,9,9,6,,8.0,,0,,8,,,8,8,8,9.0,,161,13,2.167406092871931,-0.5515357707241008
5,6,6,5,5,2,3,6,3,3,6,6,6,6,6,6,6,7.0,7,6,4,7,6,7,6,6,6,5,6,6,6,5,6,7,4,6,6,7,6,7,6,7,6,6,,6,6,6,6,7,7.0,5,5,,6,6,6,6,6,5,6,5,7.0,6,2.0,7,,6,6,,4,5,7,7,6,5,6,7,7,6,1,6,5,6,6,0,5,5,6,5,7,4,7.0,6,,5,6,7,6,5,4,6,0,6,5,5,7.0,7,6,7,5,7,6,4,7.0,6,6,5,6,7,7.0,7.0,7,5,6,0,6,6,6,6,7,5,6.0,7.0,7,6,7,,6,2,6,0,7,6,6,2,6,,7,,,,6,,6,7,7.0,6,0,5,7,7,6,6,7,7,,,6,6,7,7.0,5,6,7,7.0,7,7,7.0,6,6,6,7.0,7,6,6,4,6,3,7,5,5,6,6,6,6,6,4,6,5,7.0,6,6,5,6.0,6,7,6,6,6,7,6,7.0,,5,1,6,7,5,6,6,7,6,5,3,6.0,7.0,6,7.0,,,6,0,2,6,6,7.0,,7.0,5,3,6,6,5,6,7,6,2,6,7,,6,6,4,5.0,0,0.0,6,6,6,6,6.0,5,,4,4,6,7,6,6,7.0,6,6,7.0,6,6,3,7.0,7.0,,7,6,6,,4,7,7,1,6,5,6,5,6,7,6,7,6,,7.0,5,6,6,6,,7,6,7.0,6,6,,7,7.0,,1,6.0,6,6,7,7,7,6,7.0,6,6,6,7,6,7.0,6,,6,6,6,6,6,,7.0,7,7.0,7.0,6,6,7,6,6,3,7.0,6,6,6,6,6,4,7,7,5,6,6,,6,6,,6,5,6,2,6,7.0,5.0,5,0,6,6,6,6,4,6,7.0,,6,6,7.0,,7.0,,7.0,0,7,7,7,,,,6,,7,,,6,6,6,7.0,,162,13,2.042122871046229,-0.6274244438264379
3,1,3,5,5,5,6,5,5,5,4,5,0,4,6,1,5,5.0,6,5,4,6,2,3,5,5,4,5,5,5,4,5,5,6,5,5,6,5,5,6,6,5,1,6,,2,5,5,6,6,,5,4,,4,5,5,5,5,4,5,5,6.0,6,,6,,6,5,,4,3,6,6,5,5,5,6,6,6,4,5,4,5,5,5,5,4,3,5,6,2,5.0,0,,5,4,6,5,6,3,6,5,6,0,5,5.0,6,5,6,5,6,6,5,,5,5,5,5,6,6.0,6.0,6,5,5,6,5,5,6,3,6,5,6.0,6.0,6,5,6,,3,6,5,4,5,5,5,6,5,,6,,,,5,,6,6,6.0,6,6,4,6,6,6,5,6,6,,,4,5,6,6.0,4,6,0,6.0,6,6,6.0,6,5,5,,6,4,6,5,5,0,6,4,2,5,5,5,3,5,4,2,4,6.0,6,5,6,,5,6,6,5,5,5,5,6.0,,5,4,6,6,5,5,5,6,3,5,6,,,6,,,,5,3,6,6,5,6.0,,,5,6,6,5,5,6,6,6,5,6,6,0.0,5,5,6,,6,6.0,5,5,5,5,6.0,2,,1,6,6,6,6,5,6.0,4,6,6.0,2,5,5,6.0,6.0,,0,5,6,,5,6,5,5,6,5,5,4,2,3,6,6,6,,,5,6,6,5,,6,5,6.0,5,5,,0,6.0,,6,,6,5,6,6,6,6,6.0,6,5,0,6,6,6.0,5,,6,4,6,6,6,,6.0,6,6.0,,5,6,6,5,6,5,6.0,5,6,6,5,6,6,6,6,4,6,5,4.0,5,5,,5,5,5,1,0,6.0,,5,6,6,5,6,6,5,6,,,6,5,6.0,,6.0,,4.0,6,6,4,6,,,,6,,6,6.0,,2,5,6,6.0,,163,13,1.8551065393093313,-0.6232636899160927
6,5,6,5,5,6,6,6,6,6,6,6,6,6,7,6,3,5.0,6,6,4,6,6,6,6,0,5,5,6,6,5,6,6,7,5,2,6,6,6,6,6,7,6,0,,6,6,5,6,6,7.0,6,6,,6,6,5,6,6,5,5,5,7.0,7,,7,,6,6,,5,5,6,4,6,5,6,7,7,6,3,6,5,6,6,5,5,1,6,6,7,5,7.0,6,,4,5,7,6,6,6,6,5,2,5,5,7.0,7,6,0,2,4,6,4,7.0,5,5,6,1,7,7.0,6.0,7,6,6,3,6,6,4,6,7,5,7.0,7.0,7,6,7,,4,0,6,5,7,2,0,6,6,4.0,7,7.0,4.0,7.0,6,,6,7,7.0,7,7,5,0,7,7,6,6,7,7.0,,5,6,7,7.0,4,7,7,2.0,7,6,7.0,6,0,6,7.0,6,2,6,6,1,6,7,5,5,5,6,6,6,6,4,7,6,7.0,6,6,6,,6,6,6,4,7,0,6,7.0,,5,6,6,7,5,3,7,7,5,3,6,,7.0,6,7.0,,7.0,6,6,7,6,6,7.0,,7.0,6,6,6,5,5,6,6,6,5,7,0,,6,6,6,7.0,7,7.0,6,5,6,6,7.0,5,,7,6,6,7,7,6,7.0,6,6,7.0,6,6,6,7.0,7.0,,7,6,6,,4,6,6,4,6,6,5,4,1,6,6,7,6,,0.0,5,6,6,5,,7,5,7.0,6,6,,7,7.0,,6,,6,6,7,7,7,6,7.0,6,6,6,7,6,7.0,4,,6,6,7,6,6,,7.0,6,7.0,7.0,6,7,6,5,6,1,7.0,6,6,6,5,6,6,7,7,1,6,6,,5,3,,6,5,6,7,6,7.0,,6,6,4,5,6,6,6,7,7.0,,6,6,7.0,,7.0,7.0,7.0,7,7,6,7,,,,6,,7,,,6,6,6,7.0,,164,13,2.0001493428912784,-0.6501103383226228
5,6,6,5,6,6,6,6,6,6,4,6,6,3,7,7,6,7.0,7,6,0,7,6,5,6,6,5,6,6,6,6,6,4,7,6,6,7,7,6,0,7,6,7,7,,7,7,7,6,7,,7,5,,7,6,7,5,6,6,6,6,0.0,6,6.0,7,,7,6,,5,5,7,7,4,6,7,7,7,3,6,5,5,6,6,6,7,5,7,7,7,5,,7,,5,5,7,6,7,6,7,5,7,4,6,0.0,7,1,7,6,7,7,6,,6,6,7,6,7,7.0,7.0,7,6,6,6,6,6,7,7,7,5,7.0,,7,6,7,,6,7,7,6,7,6,7,7,6,,7,,,,6,,6,0,7.0,7,7,5,7,3,7,6,7,7,3.0,,5,6,7,,5,7,7,7.0,7,7,2.0,7,6,6,,7,3,6,6,3,7,7,5,6,6,6,7,6,3,3,7,6,,2,6,3,,6,7,6,0,6,6,6,,,6,6,7,7,6,6,7,2,6,5,0,,,7,,,,7,6,5,6,7,,,,6,7,7,6,6,7,7,7,1,7,7,,6,6,5,,7,7.0,7,6,6,7,7.0,2,,6,6,7,7,7,6,7.0,7,7,7.0,6,6,6,7.0,7.0,,7,6,7,,6,7,7,6,7,6,7,6,5,7,1,7,5,,,6,6,7,6,,7,6,7.0,6,6,,4,7.0,,2,,7,6,7,7,7,7,7.0,7,7,4,7,6,7.0,6,,0,1,4,6,7,,,7,7.0,,6,7,7,6,7,6,7.0,7,7,7,6,7,7,7,7,6,5,6,,3,6,,7,0,6,7,6,7.0,,6,7,7,6,0,7,6,7,,,7,6,,,7.0,,7.0,7,7,4,7,,7.0,,6,,4,,,7,6,7,,,165,13,2.0596289752650176,-0.5396831443232282
6,5,6,5,5,6,6,6,3,6,6,6,6,4,7,4,6,7.0,7,6,4,7,4,0,6,6,5,6,6,6,6,5,6,7,6,6,6,6,6,7,7,7,6,7,,7,6,6,5,3,,6,6,,6,5,4,4,6,6,5,5,7.0,7,,6,,6,6,,5,3,7,7,6,6,6,7,6,7,4,6,5,6,6,6,6,5,6,6,4,5,7.0,6,,5,5,6,6,6,6,6,2,4,5,6,,7,0,6,5,6,6,5,7.0,5,2,4,6,7,7.0,6.0,7,6,5,6,6,6,7,0,7,1,7.0,7.0,7,6,7,,5,7,6,5,7,2,6,6,6,,7,7.0,7.0,,6,5.0,6,7,7.0,7,6,4,7,7,6,6,7,7,,,6,6,7,7.0,5,7,7,7.0,7,7,7.0,7,6,0,,6,5,6,6,6,7,6,5,6,6,6,0,6,6,5,7,2,7.0,5,6,6,,5,6,5,6,7,7,6,1.0,,6,6,6,7,4,3,7,7,5,6,7,,,6,7.0,,0.0,6,5,7,6,6,7.0,,7.0,1,7,6,6,5,6,7,7,6,7,7,,6,6,6,5.0,7,7.0,6,6,5,6,7.0,6,,7,6,0,7,6,6,7.0,6,6,7.0,6,6,6,7.0,7.0,,7,6,6,,6,7,6,6,7,6,0,5,3,6,0,7,6,,7.0,6,6,6,6,,7,6,7.0,6,6,,7,7.0,,3,,6,6,7,6,7,6,7.0,7,6,6,7,7,7.0,6,,4,6,6,6,6,,7.0,7,7.0,4.0,3,6,6,6,6,6,0.0,7,6,6,6,6,6,7,7,2,6,5,5.0,6,6,,3,6,6,7,5,7.0,,5,5,6,5,7,6,6,6,7.0,,6,6,7.0,,7.0,,7.0,7,7,6,7,,6.0,,6,,7,,,6,6,7,7.0,5.0,166,13,1.9376038676537242,-0.6262660145812641
6,6,6,5,6,6,6,6,6,6,6,7,7,6,7,7,7,8.0,7,6,6,7,6,7,7,6,5,6,6,7,6,1,6,7,6,3,4,7,6,7,7,7,7,7,0.0,3,1,7,6,0,8.0,7,3,5.0,7,6,6,6,6,5,3,6,0.0,7,,7,8.0,5,5,,5,4,7,7,6,6,7,7,6,7,4,4,5,6,7,6,6,5,3,7,7,5,8.0,6,,5,6,7,7,6,6,7,6,4,5,6,8.0,7,6,6,6,7,7,6,8.0,6,6,7,7,7,8.0,7.0,7,2,6,7,6,7,7,7,0,5,7.0,6.0,7,6,7,8.0,6,7,6,5,2,6,7,7,7,,7,8.0,8.0,,0,,7,6,0.0,7,2,4,7,7,7,7,7,7,8.0,7.0,6,6,7,7.0,1,7,7,7.0,7,7,8.0,7,7,6,8.0,7,5,6,6,6,8,7,5,6,6,6,6,7,7,4,7,6,8.0,0,0,6,,6,7,5,7,7,7,7,8.0,,6,5,7,7,5,6,7,7,6,5,7,,8.0,7,8.0,,,7,6,7,5,7,7.0,,8.0,6,7,6,6,6,2,7,7,6,7,7,8.0,7,6,7,8.0,7,8.0,6,6,6,7,8.0,6,,7,6,7,7,7,7,8.0,6,7,7.0,6,7,6,8.0,8.0,,7,7,7,,6,7,6,6,5,6,6,5,2,7,7,7,7,,8.0,6,0,7,6,,7,7,7.0,7,6,6.0,7,8.0,,6,,7,6,7,7,7,7,8.0,7,7,6,5,7,7.0,6,7.0,7,7,6,6,6,,7.0,7,8.0,8.0,7,7,7,6,7,7,8.0,7,7,6,6,7,6,7,7,5,6,5,,6,6,,6,5,6,7,4,7.0,,6,7,7,0,6,2,4,7,8.0,,6,7,8.0,,1.0,,8.0,8,7,7,7,,,,6,,7,,,6,6,7,8.0,8.0,167,13,2.0518786127167625,-0.6598975151766768
6,6,6,5,2,6,6,6,6,6,6,6,6,6,7,6,6,7.0,0,5,5,5,6,7,0,6,6,6,6,5,2,5,3,6,6,5,7,6,5,6,6,6,6,7,,2,6,5,5,1,7.0,6,5,,6,6,6,0,6,5,3,5,7.0,6,7.0,6,,6,6,,4,5,7,7,6,5,6,7,6,2,4,6,5,6,6,5,6,5,7,6,7,1,7.0,6,,4,4,7,5,3,5,6,5,6,4,5,7.0,4,5,6,6,6,7,4,7.0,5,6,6,6,7,7.0,7.0,6,5,5,2,6,6,7,6,6,5,7.0,6.0,7,6,0,7.0,5,7,6,5,6,5,6,6,6,,6,7.0,7.0,6.0,6,,6,3,7.0,7,7,5,7,6,6,6,6,6,,,6,6,7,7.0,4,7,7,7.0,7,7,7.0,6,6,0,7.0,6,5,6,6,5,7,6,5,6,6,6,6,6,6,5,7,0,6.0,6,5,6,,6,6,6,6,7,7,6,7.0,,5,6,6,7,4,6,7,7,5,1,7,,7.0,6,7.0,,,6,5,7,6,6,7.0,,0.0,6,6,6,6,3,6,7,6,5,7,7,,6,6,3,7.0,7,7.0,6,0,6,6,4.0,5,,6,6,6,7,6,5,7.0,6,7,7.0,6,6,5,6.0,7.0,,7,6,7,,6,6,6,6,4,6,6,4,6,6,6,7,6,,0.0,5,7,6,5,5.0,2,5,7.0,6,6,,7,7.0,,6,7.0,6,6,7,6,3,6,7.0,6,7,6,7,6,7.0,4,,6,6,7,6,6,,7.0,6,7.0,7.0,6,6,6,6,6,6,7.0,6,6,6,5,6,6,6,6,5,6,5,,2,5,,6,2,6,6,5,4.0,7.0,5,7,5,6,6,7,6,6,6.0,,5,6,7.0,7.0,7.0,7.0,7.0,7,0,6,7,,,,6,,7,,,3,2,6,7.0,,168,13,1.9896173242361317,-0.63213066266472
6,5,6,4,5,6,5,5,0,5,5,5,6,5,6,6,6,6.0,6,6,4,6,5,6,5,5,5,4,5,6,6,5,6,7,6,5,6,6,5,6,6,6,6,6,7.0,6,5,6,4,6,7.0,6,4,,6,5,5,5,6,5,4,5,7.0,6,,6,,6,5,,5,4,6,6,6,5,6,6,6,6,4,0,3,6,6,5,5,4,6,6,7,5,7.0,6,,5,2,6,5,5,5,0,5,6,4,5,7.0,7,0,6,5,6,6,5,7.0,2,1,6,6,6,7.0,6.0,6,3,3,5,6,6,6,6,6,4,7.0,7.0,6,5,6,0.0,3,6,6,5,6,4,6,6,6,,6,7.0,7.0,,3,,5,6,6.0,6,7,5,6,6,6,6,6,6,,,3,6,6,7.0,3,6,7,7.0,7,6,7.0,2,6,5,7.0,6,5,6,5,6,7,6,4,5,5,5,6,5,5,4,0,5,7.0,6,5,6,6.0,6,6,6,3,6,6,6,7.0,,4,5,6,6,1,5,6,6,5,4,6,,6.0,6,7.0,,,6,5,6,5,6,7.0,,7.0,5,6,6,6,5,6,6,6,5,6,6,,6,6,6,7.0,0,7.0,5,5,6,6,6.0,5,,6,6,6,6,6,5,7.0,4,6,5.0,5,6,5,6.0,7.0,6.0,6,5,6,,2,5,6,5,6,5,5,2,1,6,6,6,6,,7.0,5,6,6,5,,6,6,0.0,6,5,,6,7.0,,6,,6,5,6,6,6,6,7.0,6,6,5,6,6,6.0,6,,6,5,6,5,5,,5.0,0,2.0,7.0,6,6,6,5,5,5,3.0,6,6,6,6,6,6,6,6,5,5,6,,4,5,,6,5,3,6,3,6.0,,2,6,6,5,5,6,5,6,7.0,,5,5,0.0,3.0,7.0,,7.0,6,6,6,7,,,,6,,7,,,6,5,6,7.0,7.0,169,13,1.9107898963352314,-0.6825479799671562
6,6,6,5,6,6,1,3,5,5,5,5,4,5,6,3,6,7.0,7,6,4,6,6,7,6,6,5,5,5,6,6,6,6,7,5,5,7,7,4,7,6,5,1,7,,0,6,7,6,7,7.0,6,5,,6,6,6,6,6,6,5,5,7.0,6,,6,,7,6,,5,3,6,2,6,5,6,6,7,7,5,0,5,6,6,6,6,4,6,6,2,4,7.0,6,,5,6,7,6,6,6,7,6,7,5,6,,7,6,6,6,7,6,6,,6,6,0,6,7,7.0,7.0,7,6,6,6,6,6,7,7,7,5,7.0,7.0,7,6,7,,6,7,6,6,7,6,6,7,7,7.0,7,,,,5,,6,7,7.0,0,7,5,7,6,1,6,7,7,,,6,6,7,7.0,4,7,7,7.0,7,7,7.0,7,6,6,,7,1,6,6,6,7,7,5,6,6,2,6,6,4,4,6,6,7.0,6,6,6,,6,7,5,6,0,7,6,,7.0,5,6,5,7,5,6,7,7,3,6,7,7.0,,6,7.0,,,1,6,7,6,6,7.0,0.0,7.0,6,6,2,1,5,6,7,7,5,7,7,7.0,6,6,6,7.0,7,7.0,6,6,6,6,5.0,6,,7,6,7,7,7,6,7.0,6,7,7.0,6,6,6,7.0,7.0,,7,6,6,,2,6,6,6,7,6,2,0,6,7,6,1,7,,,5,6,4,6,,7,6,7.0,6,6,,7,7.0,,6,,6,6,7,7,7,5,7.0,7,6,0,4,5,7.0,5,,7,6,1,6,6,,7.0,7,7.0,7.0,6,7,5,0,6,6,7.0,6,7,7,6,6,7,7,6,5,6,6,,6,6,,6,1,6,7,5,7.0,,6,7,6,6,6,7,6,7,0.0,,6,5,7.0,,7.0,5.0,7.0,7,7,7,7,,,,6,,4,,,6,4,6,7.0,,170,13,2.102059221403878,-0.6363686816762631
6,6,7,6,6,6,7,6,6,6,6,6,6,6,7,6,6,7.0,7,6,5,7,6,7,6,6,5,6,6,6,4,6,6,7,6,6,7,7,6,3,7,7,4,7,0.0,6,4,7,0,7,,7,6,,7,5,6,6,7,6,6,6,7.0,7,,6,,7,6,,6,5,7,7,7,6,7,7,7,7,5,6,6,7,7,6,3,5,7,6,7,3,,7,,6,5,6,6,7,6,7,6,7,1,6,,7,6,7,6,7,6,2,,6,5,7,5,7,,7.0,7,5,6,7,6,6,7,7,7,6,,7.0,7,6,7,4.0,5,6,5,6,7,6,7,7,7,,7,,,,2,,7,7,,7,7,6,7,7,7,6,7,7,,,4,6,7,0.0,6,7,7,7.0,7,7,7.0,6,0,7,,7,6,7,6,6,7,7,5,6,6,6,7,6,7,5,7,5,,7,6,7,,4,0,5,6,7,7,5,,,6,6,7,4,4,6,7,7,6,6,7,,,7,,,,7,7,7,6,0,7.0,,,6,7,7,4,6,7,7,7,5,7,7,,4,7,7,,7,,7,6,6,6,7.0,6,,7,7,7,5,6,1,4.0,6,4,7.0,7,7,5,7.0,7.0,0.0,7,7,7,,7,0,5,5,7,3,6,0,6,5,7,7,7,,,6,7,7,6,,7,6,,7,5,7.0,7,,,1,,7,6,7,7,5,7,7.0,7,7,6,7,7,7.0,4,,7,6,7,7,3,,7.0,6,7.0,,7,7,3,6,6,1,,7,7,7,7,7,7,7,7,4,7,6,,6,6,,6,6,3,7,6,7.0,0.0,6,7,6,6,7,7,6,7,,,7,7,7.0,,7.0,,,7,7,7,7,,,,7,,7,7.0,,6,6,7,7.0,7.0,171,13,1.9806556408741878,-0.5772469323014646
6,5,6,5,6,6,6,6,6,3,5,6,6,2,7,6,6,6.0,7,6,4,6,5,5,6,1,3,6,6,6,6,5,6,7,6,6,7,6,2,6,6,3,7,7,,6,6,7,6,6,,6,5,,6,6,6,6,4,6,5,6,7.0,6,7.0,6,,6,6,,5,4,7,7,6,6,6,7,6,6,5,1,2,6,6,6,6,5,6,6,7,5,7.0,6,7.0,5,5,5,5,5,5,6,1,6,4,1,3.0,7,6,7,6,6,6,4,7.0,5,6,6,6,7,7.0,5.0,6,6,5,6,6,6,4,6,7,5,7.0,7.0,7,5,7,,6,7,6,5,6,6,6,6,6,,5,,,,6,,6,7,7.0,7,7,0,7,7,6,6,7,7,,,6,6,2,7.0,5,7,7,7.0,7,7,7.0,6,6,6,,7,5,6,4,6,7,7,5,6,5,0,6,5,6,3,6,6,7.0,6,6,2,,6,6,6,6,6,7,6,5.0,,5,0,7,7,5,6,4,0,6,1,7,,,6,7.0,,,6,6,7,6,5,6.0,,7.0,4,6,6,6,5,6,7,7,5,0,7,6.0,6,6,6,7.0,7,7.0,6,6,6,6,7.0,5,,7,6,6,6,6,6,7.0,1,6,7.0,4,6,6,6.0,0.0,,6,6,6,,6,6,6,5,7,6,6,4,6,6,7,6,7,,,5,7,6,6,,7,6,7.0,4,6,,7,7.0,,5,,6,6,7,7,7,6,7.0,7,6,6,7,6,7.0,6,,6,0,6,6,6,,7.0,6,7.0,4.0,6,6,7,6,6,6,7.0,6,6,6,6,0,3,7,7,6,6,6,6.0,5,6,,6,6,2,7,5,7.0,,5,6,6,5,6,7,6,6,,,6,5,7.0,,7.0,,7.0,7,7,0,7,,,,6,,7,,,6,6,7,0.0,,172,13,2.1313912911546047,-0.6217470377913262
5,5,5,5,4,6,2,0,0,5,5,5,5,5,6,6,0,6.0,6,6,4,6,6,6,6,5,4,4,5,5,6,5,2,6,4,5,6,6,5,6,6,6,3,5,,5,2,6,5,0,7.0,6,4,,6,5,6,5,6,3,5,5,7.0,6,0.0,6,,6,5,,5,4,6,6,6,5,6,6,6,6,3,5,0,5,6,2,5,5,6,6,6,3,7.0,3,,4,5,6,5,6,6,6,5,6,5,5,7.0,6,5,6,5,6,6,3,7.0,5,6,6,0,7,6.0,7.0,3,5,5,2,5,6,5,6,6,5,7.0,7.0,6,6,6,7.0,5,6,6,5,6,5,6,6,5,,6,7.0,4.0,7.0,5,,6,6,7.0,6,6,5,6,6,6,6,0,6,,,4,5,6,6.0,5,2,6,7.0,6,6,7.0,6,6,5,7.0,5,1,6,2,6,6,6,4,5,6,1,5,5,2,4,6,5,6.0,6,5,6,,6,6,5,5,6,6,6,7.0,,4,6,6,6,5,6,6,6,5,5,6,,0.0,6,7.0,,,6,5,6,6,6,0.0,,7.0,5,6,6,5,5,6,6,6,4,6,7,,3,6,6,7.0,6,7.0,6,6,5,5,7.0,5,,6,6,6,3,6,6,7.0,6,6,6.0,5,6,4,7.0,1.0,1.0,6,6,5,,5,5,6,2,6,6,5,4,5,6,6,6,6,6.0,,5,7,4,6,,7,5,6.0,2,6,,6,7.0,,5,,6,5,6,6,6,6,7.0,6,5,5,6,4,7.0,5,,6,6,6,6,6,,7.0,6,7.0,7.0,6,6,6,6,6,6,7.0,6,6,6,6,6,6,6,6,5,6,5,4.0,6,5,,6,5,4,6,5,7.0,,6,6,6,5,6,6,6,6,7.0,6.0,6,5,7.0,,7.0,,7.0,6,5,6,6,,,,6,,6,,,6,5,6,6.0,7.0,173,13,1.908929889298893,-0.6298908651616819
5,5,5,4,4,5,5,5,4,5,4,5,4,4,5,5,5,5.0,6,5,3,5,1,6,5,4,4,5,5,5,4,5,5,6,2,4,6,6,4,5,6,6,5,5,,5,3,5,5,4,6.0,5,4,,5,5,0,5,5,4,5,4,6.0,5,4.0,5,,5,1,,0,3,5,5,5,4,5,6,6,5,0,5,5,5,6,5,5,4,5,5,6,3,6.0,5,,4,4,6,5,5,5,3,5,5,4,5,,6,4,5,1,5,5,5,6.0,4,5,5,5,6,6.0,6.0,5,5,4,5,1,5,6,4,6,2,6.0,6.0,6,4,6,,4,6,5,4,5,5,5,5,5,,5,,6.0,,4,,5,6,,5,6,5,6,6,6,5,5,5,,,5,6,6,6.0,4,6,6,6.0,6,5,0.0,3,5,5,,5,5,5,2,5,6,3,4,4,4,5,5,4,3,4,5,1,6.0,5,5,5,,3,5,4,5,5,5,5,2.0,,5,5,2,6,4,5,5,6,5,3,5,,6.0,5,6.0,,,5,3,6,5,5,3.0,,6.0,5,5,5,2,4,5,6,5,4,6,3,0.0,5,5,3,,6,6.0,5,5,5,5,6.0,4,,5,5,5,6,5,5,6.0,3,5,6.0,1,5,4,6.0,6.0,,6,5,5,,5,5,6,4,5,0,5,1,4,6,5,6,6,,,4,6,5,5,,6,5,6.0,5,5,,6,6.0,,5,,5,6,6,0,6,5,6.0,6,5,5,6,6,6.0,0,,5,2,6,5,4,,6.0,6,6.0,0.0,5,6,6,4,5,4,6.0,3,3,5,5,5,6,6,6,5,6,5,0.0,5,5,,1,5,5,5,5,6.0,,5,6,5,5,3,5,4,6,6.0,,5,5,6.0,,6.0,,6.0,6,6,6,6,,,,5,,6,,,5,5,4,6.0,,174,13,1.8705270972531554,-0.617203840877361
6,6,2,5,6,6,7,7,6,6,6,7,6,6,7,7,6,7.0,8,7,5,7,7,7,4,3,6,4,6,6,6,6,5,7,6,6,7,5,7,7,7,7,6,7,,5,1,7,0,5,8.0,7,6,,7,6,6,6,6,5,5,6,8.0,7,,7,,7,6,,6,5,7,0,6,6,7,7,7,7,5,6,6,4,7,6,6,5,7,7,6,5,8.0,6,,2,4,7,6,7,7,7,6,7,5,6,8.0,8,6,6,6,7,7,6,8.0,3,7,7,6,7,8.0,7.0,7,6,6,6,7,7,7,7,7,6,8.0,4.0,7,7,7,8.0,6,7,7,6,4,6,7,7,7,,7,8.0,8.0,,6,,7,8,8.0,7,7,6,0,7,7,6,7,2,8.0,,6,6,7,5.0,5,7,7,7.0,2,7,8.0,7,7,6,8.0,6,5,7,6,7,7,7,1,5,3,0,7,6,7,4,7,0,7.0,7,5,6,8.0,6,7,7,2,7,7,7,8.0,,6,7,7,4,6,7,7,7,0,6,7,,5.0,7,0.0,,,7,7,7,6,7,8.0,,8.0,7,7,7,7,6,7,0,7,2,6,7,,4,5,7,8.0,7,8.0,7,6,6,6,8.0,6,,7,6,7,7,7,6,8.0,7,7,7.0,7,6,2,7.0,8.0,,7,7,7,,7,7,7,6,6,7,6,5,6,7,7,7,7,6.0,8.0,5,7,7,6,,7,7,7.0,0,7,,7,7.0,8.0,6,,7,7,7,7,3,7,8.0,7,7,6,7,7,7.0,6,,7,7,7,7,6,7.0,7.0,7,8.0,8.0,7,7,7,7,6,6,8.0,7,7,7,6,7,7,7,7,6,7,6,,7,6,,7,6,6,7,6,7.0,,6,7,2,6,3,7,6,7,8.0,,6,6,7.0,,8.0,,7.0,7,6,7,7,,8.0,,7,,7,,,7,6,7,7.0,0.0,175,13,2.0742422023722353,-0.6237091018316988
7,6,7,5,6,7,7,7,6,7,0,7,7,6,0,7,6,8.0,8,7,2,7,7,4,7,6,6,4,7,7,7,6,7,8,6,6,7,7,7,7,7,7,7,7,,7,4,7,7,7,8.0,7,0,0.0,6,6,7,4,7,6,6,7,8.0,7,,7,,7,6,,5,4,7,7,6,6,7,7,7,3,5,3,6,6,7,6,6,6,7,7,8,5,8.0,7,8.0,6,6,5,7,7,7,7,7,7,2,6,,8,6,7,4,7,7,5,8.0,6,6,7,7,8,8.0,8.0,7,6,6,0,7,7,0,7,7,6,8.0,8.0,3,7,8,8.0,7,7,7,6,7,7,7,7,7,,3,8.0,8.0,,7,,7,8,8.0,7,8,6,7,7,7,3,7,7,,,6,0,7,8.0,5,7,7,8.0,8,0,8.0,7,7,4,8.0,7,6,6,6,6,8,7,5,6,6,6,7,6,7,5,7,6,8.0,7,7,7,8.0,7,5,4,7,7,7,7,8.0,,6,7,7,3,5,7,7,7,3,6,7,,8.0,7,8.0,,,7,7,8,7,7,8.0,,8.0,6,7,7,7,6,7,7,7,4,7,8,,7,7,7,8.0,8,6.0,7,7,6,7,8.0,6,,7,7,7,7,7,7,8.0,7,7,8.0,7,7,6,8.0,8.0,,7,7,7,,2,7,7,6,7,6,7,6,6,6,7,7,7,,,6,8,7,6,,7,7,8.0,7,7,,7,8.0,0.0,7,,7,7,8,8,8,7,8.0,7,7,7,5,7,3.0,6,,7,6,7,7,6,0.0,8.0,7,8.0,8.0,7,7,7,7,6,7,8.0,7,7,7,7,7,6,7,7,6,7,6,,6,7,,7,4,4,7,6,8.0,,7,5,7,7,7,7,7,7,8.0,,7,6,8.0,,8.0,,8.0,8,8,7,8,,,,7,,8,,,4,6,7,8.0,,176,13,2.02881027018958,-0.6445046415077893
7,0,7,1,7,7,8,8,7,8,7,7,8,7,8,8,8,8.0,8,5,6,8,7,8,8,7,7,7,7,7,7,6,7,8,7,7,8,8,7,2,8,7,7,8,8.0,8,7,7,7,8,9.0,7,6,,7,7,0,7,7,7,7,7,8.0,8,,8,,6,7,,6,6,8,8,7,7,8,8,6,8,6,7,6,8,8,7,7,5,8,8,8,6,9.0,8,,6,7,8,7,5,7,8,6,4,6,7,9.0,8,7,8,7,8,8,6,9.0,6,5,8,7,2,0.0,8.0,8,7,7,7,7,6,7,4,8,7,9.0,9.0,8,7,8,9.0,6,8,8,7,8,7,8,8,0,,8,9.0,9.0,0.0,7,,0,8,9.0,8,8,7,8,8,8,8,8,7,9.0,,7,7,8,9.0,6,8,8,8.0,6,8,8.0,8,7,8,9.0,2,5,7,7,8,8,8,6,5,7,7,3,7,8,4,8,5,8.0,7,7,8,,4,8,8,7,8,8,8,9.0,,7,7,8,8,7,7,8,8,7,7,8,,9.0,3,9.0,,,8,7,8,7,8,8.0,,9.0,7,7,8,8,6,8,8,8,6,8,8,9.0,7,8,8,9.0,8,8.0,8,6,0,8,8.0,1,7.0,8,7,8,6,8,8,9.0,8,8,8.0,4,8,7,9.0,9.0,,8,8,0,,7,8,8,7,8,7,8,5,4,8,8,8,8,,9.0,7,8,7,7,,8,7,8.0,7,7,,6,8.0,,7,,8,8,8,8,8,8,8.0,8,8,0,8,8,1.0,7,9.0,7,7,8,7,7,,8.0,8,9.0,9.0,8,8,8,7,7,7,8.0,8,8,8,7,8,8,8,8,3,8,2,,7,7,,7,7,7,8,7,8.0,,6,8,7,7,8,8,7,8,9.0,,7,8,9.0,,8.0,,8.0,8,8,8,0,,,,7,,8,,,7,7,8,8.0,9.0,177,13,2.137269158063109,-0.6757785894493236
7,6,7,6,6,7,7,7,6,7,6,7,7,3,7,7,7,8.0,8,7,4,2,7,8,7,6,2,7,6,7,0,6,7,8,6,5,7,8,7,7,7,7,7,7,,5,5,5,7,7,8.0,5,7,,7,7,7,6,6,5,6,6,8.0,0,,7,,7,6,,6,2,7,7,7,6,7,7,7,7,5,6,6,7,7,6,7,6,7,7,6,2,8.0,6,,6,6,7,7,0,7,7,7,7,6,7,7.0,8,7,7,5,6,7,7,8.0,6,7,7,7,8,8.0,7.0,7,6,6,7,7,7,8,6,0,5,8.0,7.0,8,7,8,8.0,0,8,7,6,7,4,7,7,7,,7,4.0,8.0,,7,,7,8,8.0,8,8,6,8,7,6,7,7,7,7.0,,6,7,8,6.0,4,8,8,8.0,8,7,8.0,7,7,7,,7,6,7,7,7,8,7,6,7,6,6,7,7,7,5,8,6,7.0,7,6,7,,7,7,7,7,7,0,7,8.0,,6,7,7,7,6,7,8,7,6,6,8,,8.0,7,8.0,,,6,7,5,7,7,8.0,,8.0,6,7,0,7,7,7,6,7,7,7,8,7.0,7,7,7,8.0,8,8.0,7,7,7,3,8.0,2,,7,7,7,8,7,7,8.0,7,7,7.0,5,7,4,8.0,8.0,,8,7,7,,7,7,7,6,7,5,7,6,7,7,7,7,3,8.0,,6,8,7,7,,8,7,8.0,6,5,,7,8.0,,7,,7,7,7,8,8,7,8.0,7,4,7,8,6,8.0,6,,7,6,7,7,7,,8.0,7,8.0,8.0,7,8,5,7,6,7,8.0,7,7,7,7,7,8,7,7,6,7,7,,7,7,,7,6,7,7,2,8.0,,3,3,7,7,7,7,7,8,8.0,,2,2,6.0,,8.0,,8.0,8,3,8,8,,0.0,,7,7.0,8,,,7,7,0,8.0,0.0,178,13,2.1318195672051194,-0.6067022878631813
5,7,8,6,7,8,8,8,7,7,8,7,8,6,8,4,7,0.0,9,8,7,7,8,9,7,8,7,8,5,8,8,7,7,8,8,8,8,8,7,8,7,8,8,6,9.0,8,8,8,6,8,9.0,8,7,,8,8,2,8,8,7,6,8,9.0,8,,5,0.0,8,8,,7,5,9,9,8,8,8,8,8,8,6,1,6,8,8,8,7,6,8,8,9,7,9.0,8,,7,7,9,8,8,8,7,7,8,6,8,9.0,9,7,8,7,6,8,7,9.0,7,7,8,8,8,9.0,9.0,8,7,7,7,8,8,8,8,7,7,8.0,0.0,8,7,8,3.0,7,8,8,7,8,8,8,0,8,,8,9.0,9.0,,7,,2,8,8.0,8,9,7,8,8,8,8,8,8,,,7,8,8,9.0,3,8,8,9.0,8,8,9.0,8,7,8,9.0,8,7,8,8,8,9,8,7,8,7,0,8,7,8,4,2,6,9.0,8,7,2,,8,8,7,8,8,9,0,9.0,,2,7,8,8,2,8,8,8,7,7,9,,9.0,8,9.0,,,8,8,8,8,8,9.0,,9.0,7,8,8,7,7,8,8,8,7,8,9,,8,8,8,8.0,8,9.0,8,8,7,8,9.0,7,,8,8,8,8,8,8,9.0,2,8,9.0,7,8,8,9.0,9.0,,8,8,6,,0,8,8,6,8,8,7,7,7,8,8,9,8,,,7,9,5,8,,9,8,9.0,8,6,6.0,8,9.0,3.0,3,,8,8,7,9,8,0,3.0,2,8,7,9,8,9.0,8,,8,7,5,8,8,,9.0,9,9.0,9.0,8,8,8,8,8,8,9.0,8,8,4,8,8,8,8,8,7,8,8,,7,0,,8,7,7,8,6,9.0,,8,8,7,7,8,5,6,8,9.0,,7,6,9.0,,9.0,,9.0,8,9,8,9,,,,8,,9,,,8,8,6,0.0,,179,13,2.2046292201090965,-0.6058309015077504
6,6,6,6,5,6,7,6,4,0,6,6,6,6,7,6,6,7.0,7,6,5,7,6,4,6,6,5,6,6,3,6,6,6,7,6,6,6,6,3,7,6,7,7,4,,5,6,7,6,7,,6,6,,6,5,6,6,6,6,6,6,7.0,7,,7,,7,4,,6,4,7,7,7,6,6,7,7,6,5,6,5,6,7,6,6,5,7,6,7,5,,7,,6,5,7,6,6,2,6,1,7,5,5,,7,5,7,6,7,0,2,,3,5,0,6,3,7.0,7.0,7,6,5,6,6,6,7,6,7,6,4.0,0.0,7,5,7,,6,7,6,6,7,6,6,0,6,0.0,7,6.0,7.0,4.0,6,,7,7,4.0,7,7,4,7,7,6,6,7,6,,,6,6,7,5.0,5,4,7,7.0,7,7,7.0,6,7,7,,7,5,6,6,4,7,7,5,6,5,6,6,6,7,3,7,1,5.0,6,5,6,,6,0,5,1,0,7,6,7.0,,5,2,7,7,6,6,7,7,6,6,7,,,4,7.0,,,6,0,7,6,7,7.0,6.0,7.0,6,5,4,6,6,6,2,7,6,7,7,,2,6,6,,7,4.0,6,5,6,6,7.0,6,,3,5,7,7,6,6,7.0,2,2,7.0,4,7,6,7.0,7.0,,7,6,7,,6,7,6,5,7,6,6,5,6,7,7,6,7,,,6,7,6,6,,7,6,5.0,6,6,,7,7.0,,6,,2,6,7,7,3,6,7.0,7,6,6,7,7,7.0,2,,6,5,7,6,6,,7.0,7,7.0,,7,7,7,4,6,6,7.0,6,7,7,6,7,7,7,7,6,7,6,,6,6,,6,6,6,7,6,7.0,,6,7,7,6,7,7,6,7,7.0,,6,6,7.0,,7.0,6.0,,7,7,7,7,,0.0,,6,,7,,,6,6,7,7.0,,180,13,2.0163690476190474,-0.5571640818638758
6,6,6,6,6,5,7,6,6,5,5,6,5,5,6,6,1,7.0,7,6,4,6,6,7,6,0,4,5,5,6,4,3,6,7,5,1,7,7,5,7,7,7,6,1,,6,6,7,6,7,,7,6,7.0,7,6,6,6,5,0,6,5,7.0,7,,3,,6,6,,5,4,7,6,6,6,6,6,7,7,5,6,6,6,7,6,6,6,7,6,7,3,,6,,5,5,0,6,6,6,7,6,6,5,6,4.0,7,6,7,6,7,6,6,,6,6,6,0,7,7.0,4.0,7,6,6,6,6,6,7,7,7,6,3.0,7.0,7,6,7,,6,7,6,6,7,6,6,7,7,,7,,7.0,6.0,2,,7,7,7.0,6,1,6,7,7,0,6,7,7,,,5,6,7,7.0,5,7,7,4.0,7,7,,7,6,6,0.0,7,6,7,3,6,7,6,5,6,6,6,6,5,6,5,7,2,,4,6,7,6.0,6,7,7,6,7,7,6,,,5,0,7,7,6,6,6,7,6,0,7,,,7,,,,6,6,7,7,6,7.0,,6.0,6,6,7,6,5,2,7,7,6,7,7,,6,6,6,,7,7.0,7,4,6,6,7.0,6,,7,7,7,7,7,6,7.0,5,7,7.0,3,7,6,7.0,4.0,,7,7,7,,6,7,6,6,7,6,6,6,6,7,7,7,7,,,5,7,6,6,,7,6,7.0,6,6,,7,7.0,,6,,6,7,4,7,7,2,7.0,4,0,6,7,7,7.0,7,,6,6,7,7,6,,7.0,4,7.0,,6,7,7,6,6,7,7.0,7,4,7,7,7,7,4,7,3,7,6,,6,6,,6,6,6,7,6,7.0,,5,7,7,6,7,7,6,7,7.0,,6,6,,,,,7.0,7,7,7,7,,,,6,,0,,,7,6,7,5.0,,181,13,2.071066746126341,-0.573453278802627
6,6,0,5,6,6,6,6,2,4,6,6,4,6,6,6,5,7.0,7,6,5,6,6,7,5,6,5,6,5,6,6,6,6,7,6,6,7,7,6,7,3,6,6,7,0.0,7,6,6,6,7,,6,5,,6,0,3,6,6,6,5,6,0.0,7,,7,,7,6,,6,4,7,7,6,6,6,7,7,7,5,1,4,6,7,6,6,5,7,6,6,5,7.0,6,6.0,6,6,7,5,2,6,6,6,7,5,3,6.0,7,6,7,6,6,5,6,6.0,5,6,6,6,7,7.0,7.0,7,5,5,6,6,6,7,7,6,5,7.0,7.0,7,6,5,7.0,6,7,6,5,7,5,6,3,6,,4,,,,6,,6,7,7.0,6,7,4,0,7,7,4,7,7,,,6,6,7,7.0,5,5,7,7.0,7,7,7.0,3,6,6,,7,5,6,6,3,7,7,2,6,6,4,6,6,7,0,7,5,7.0,6,4,6,,6,7,6,6,7,6,6,7.0,5.0,6,6,7,7,5,6,7,7,6,5,7,,,4,7.0,,,6,6,7,6,6,7.0,,,6,7,7,6,6,6,7,7,5,7,7,,6,6,6,,7,7.0,6,6,6,7,7.0,6,,6,1,6,7,6,7,7.0,6,7,7.0,5,6,6,7.0,0.0,,1,6,6,6.0,5,7,6,6,7,6,6,5,2,6,7,7,7,3.0,,6,7,6,5,,7,6,7.0,6,6,,7,7.0,,6,7.0,6,6,5,4,1,6,7.0,6,6,6,7,6,7.0,6,,7,5,7,1,6,,7.0,7,7.0,,6,7,7,6,6,6,7.0,6,4,6,6,7,7,7,7,6,0,6,,0,6,,6,5,6,7,6,7.0,,6,6,7,1,6,7,1,6,7.0,,6,6,7.0,,7.0,7.0,7.0,7,7,7,7,,,,5,,7,0.0,,6,6,4,7.0,,182,13,2.0334448160535117,-0.5857388500356071
6,2,6,5,0,0,6,6,6,6,5,6,6,6,7,6,6,7.0,4,2,4,7,6,7,6,6,6,6,6,6,5,5,6,7,6,5,7,7,6,7,6,4,7,7,7.0,6,6,7,6,7,,6,5,,6,6,6,6,6,6,5,6,7.0,7,,7,,7,3,,5,2,7,7,6,5,7,7,7,6,4,6,5,5,6,6,6,4,6,2,7,4,7.0,0,,0,6,7,6,6,6,6,0,7,5,5,7.0,7,6,6,6,7,6,6,,6,6,7,6,7,7.0,5.0,6,6,6,5,6,6,7,7,7,5,7.0,7.0,7,6,7,6.0,6,7,6,5,6,6,6,7,4,,7,6.0,,,5,,6,4,7.0,0,7,5,0,6,7,6,6,7,7.0,,6,6,7,7.0,5,7,7,7.0,7,7,7.0,7,6,6,,7,5,6,6,6,7,6,4,6,6,2,6,6,6,5,6,5,7.0,6,6,6,,6,6,4,5,6,7,6,,7.0,5,6,3,7,5,6,7,7,5,5,7,,,6,,,,6,6,3,6,6,7.0,,7.0,6,7,6,6,6,6,7,3,5,7,7,,7,6,6,,7,7.0,6,6,6,6,0.0,5,,7,6,7,7,7,6,7.0,7,6,7.0,6,6,6,7.0,7.0,,7,6,7,,3,7,5,6,6,0,0,5,4,7,7,7,7,,,6,7,7,5,,7,6,7.0,6,6,,7,7.0,,6,,6,6,6,7,7,6,7.0,7,6,6,7,7,7.0,6,,5,4,7,6,5,,7.0,7,7.0,,6,7,7,6,6,6,7.0,2,7,6,6,6,7,7,7,3,6,6,,6,6,,6,1,7,7,6,7.0,,6,7,7,6,6,7,5,6,7.0,,6,6,2.0,,7.0,,7.0,7,1,7,7,,,,6,,7,,,6,6,5,7.0,,183,13,2.0435951030158255,-0.6318640826180147
7,8,8,8,7,8,9,8,8,8,8,8,8,0,9,8,8,9.0,6,7,7,9,3,9,9,7,7,8,8,6,8,8,1,9,8,8,9,9,7,8,9,9,9,9,0.0,8,8,9,8,9,,8,7,,8,6,8,7,9,8,8,8,9.0,8,,9,,8,8,,7,7,9,9,9,7,8,9,8,8,6,8,5,8,9,8,8,8,9,8,8,5,,8,,6,7,9,8,8,8,8,8,9,8,0,9.0,9,8,8,8,9,8,0,,7,8,8,8,9,9.0,9.0,9,8,7,8,8,8,9,8,4,8,3.0,9.0,9,8,9,9.0,7,9,9,7,6,8,8,9,4,,9,,9.0,,4,,9,9,3.0,8,9,7,9,8,9,8,9,9,,,8,8,9,9.0,8,9,9,9.0,0,9,9.0,8,8,8,,9,7,8,8,7,8,9,7,8,8,8,9,8,8,6,9,7,9.0,8,8,0,,8,9,8,8,9,5,2,9.0,,8,9,6,9,5,8,9,9,8,7,9,,,9,,,,9,4,6,8,8,9.0,,9.0,8,9,9,7,8,3,0,9,7,9,9,9.0,7,8,8,,9,,8,8,8,8,9.0,8,,9,8,8,9,8,8,9.0,9,9,9.0,8,9,8,6.0,6.0,,9,8,9,,8,9,9,8,6,8,8,7,8,9,8,9,9,,0.0,8,8,9,2,,9,8,,8,8,,9,9.0,,8,,9,8,9,9,9,9,9.0,9,7,8,9,9,9.0,8,,9,3,9,8,8,,9.0,9,9.0,,9,9,0,7,9,5,9.0,9,9,9,8,9,8,9,9,7,9,8,,8,0,7.0,8,8,8,9,8,9.0,,8,9,8,8,8,8,8,9,,,8,8,9.0,,9.0,,9.0,9,6,9,9,,,,8,,9,,,8,8,9,5.0,,184,13,2.259861131629487,-0.571921492679103
6,6,1,5,6,6,6,7,6,6,6,6,6,6,7,7,7,7.0,7,6,5,2,6,7,6,6,6,6,6,6,6,1,7,7,6,6,7,7,6,7,0,7,7,5,,7,6,7,6,7,7.0,6,5,,1,6,6,5,6,6,6,6,,6,,0,,7,6,,5,4,7,7,3,6,6,6,7,7,6,2,6,6,7,6,6,5,7,1,5,5,,6,,6,6,7,6,6,6,7,6,7,5,6,,7,6,7,3,7,7,6,,5,6,7,7,7,6.0,7.0,7,6,0,6,7,7,0,7,7,6,7.0,7.0,7,6,7,,6,7,6,4,7,6,7,7,7,,7,,,7.0,6,,4,2,,0,7,5,7,7,7,5,7,7,,,6,6,3,7.0,5,7,5,7.0,7,5,,7,6,7,,6,6,7,6,6,7,7,5,4,5,6,7,6,7,3,7,5,,6,6,6,,6,7,6,7,7,7,7,,,4,6,7,7,5,6,7,7,6,0,7,,7.0,7,,,,7,5,0,6,7,7.0,7.0,,6,7,3,6,5,7,7,7,6,7,4,,7,7,7,5.0,7,7.0,6,6,6,7,,6,,7,5,3,7,6,7,7.0,7,4,0.0,7,5,1,7.0,,,7,7,7,,6,7,6,6,7,6,6,5,6,7,4,7,7,,,5,7,7,6,,6,7,,6,4,,7,7.0,,6,,6,7,7,7,7,6,7.0,7,7,6,7,0,7.0,6,,7,6,7,6,6,,7.0,7,2.0,,7,7,7,7,6,7,7.0,7,7,7,7,7,7,7,7,6,3,6,,6,6,,7,2,6,7,6,7.0,,6,7,7,5,4,7,6,7,,,7,6,,,7.0,,6.0,7,7,7,7,,,0.0,6,,7,,,6,6,7,,,185,13,1.9757933579335794,-0.5286001681710075
6,5,6,5,5,6,6,5,4,5,5,5,5,4,6,6,5,6.0,6,6,3,6,5,4,6,2,5,5,5,6,6,5,5,6,4,5,6,6,5,6,6,6,6,6,3.0,6,5,6,6,6,7.0,6,5,,5,0,6,5,6,5,5,5,0.0,6,,6,,6,5,,4,4,6,6,6,5,6,6,6,6,4,5,4,3,6,5,6,4,6,6,4,4,7.0,6,,5,4,6,5,2,5,6,5,6,1,5,7.0,6,3,6,5,6,6,5,7.0,5,6,6,6,6,7.0,6.0,6,5,5,6,6,6,6,3,6,4,7.0,6.0,6,1,6,7.0,5,6,5,1,6,6,6,6,6,,5,7.0,7.0,,5,,6,7,7.0,6,6,4,6,6,6,6,6,6,,,6,6,6,7.0,5,6,7,7.0,7,6,7.0,0,5,6,7.0,6,5,6,2,6,4,6,5,5,6,6,5,5,6,4,6,5,6.0,0,6,6,,6,6,5,6,6,6,6,7.0,,5,5,6,6,5,5,6,6,5,5,6,,7.0,6,7.0,,,5,5,6,6,6,7.0,,7.0,2,6,6,5,5,6,6,6,5,4,6,7.0,6,6,6,4.0,6,7.0,6,6,6,5,7.0,5,,6,2,5,6,6,6,0.0,6,6,6.0,0,6,4,6.0,6.0,,6,5,3,,5,6,6,5,6,5,5,4,5,6,6,6,6,,7.0,5,6,6,5,,6,5,7.0,5,5,,6,7.0,,6,,6,6,6,6,6,6,6.0,0,3,5,0,6,6.0,4,,0,1,6,6,5,,7.0,6,7.0,7.0,6,6,4,5,6,6,5.0,3,6,6,6,6,6,6,6,5,6,5,,5,5,,1,3,5,6,5,6.0,,5,2,6,3,6,6,5,6,7.0,,3,6,7.0,,7.0,5.0,7.0,6,6,6,6,,,,5,,7,,,6,5,6,0.0,7.0,186,13,1.9103098927294397,-0.6270919321176815
4,5,2,4,3,2,5,5,5,4,0,5,5,4,6,5,5,6.0,6,4,3,6,5,6,5,5,1,5,4,4,5,3,1,6,4,1,3,6,5,2,5,6,3,5,,5,5,6,5,5,6.0,0,5,,5,5,5,5,3,4,5,4,6.0,2,,5,,5,4,5.0,5,3,6,6,5,4,5,2,6,4,4,5,4,2,5,4,5,4,5,4,6,3,6.0,0,,4,0,5,5,0,5,5,5,5,4,5,,6,5,5,5,6,6,4,6.0,5,5,5,5,6,6.0,6.0,5,4,5,5,4,5,6,6,6,4,6.0,6.0,6,5,6,,5,6,4,4,5,5,5,6,5,,5,6.0,,,5,,5,6,6.0,6,6,5,6,6,2,0,6,5,,,2,5,5,6.0,4,6,6,6.0,6,6,6.0,5,5,5,,6,4,5,5,5,6,6,3,4,4,5,5,1,6,4,5,4,6.0,1,5,5,,5,6,5,5,6,5,5,6.0,,5,5,6,6,4,1,5,6,5,0,6,,0.0,6,,,,5,3,6,5,5,6.0,,6.0,5,5,6,5,5,5,6,6,5,6,2,,5,5,5,,6,6.0,5,5,5,6,6.0,5,,6,3,5,6,5,5,6.0,5,0,6.0,5,5,5,6.0,6.0,,6,5,6,6.0,5,5,5,5,6,4,5,4,5,6,4,6,6,5.0,,5,6,6,0,,6,5,6.0,5,5,,4,6.0,,5,,5,6,6,6,6,2,6.0,6,6,5,6,6,6.0,5,,6,5,6,5,5,,6.0,6,6.0,6.0,5,6,6,5,5,4,6.0,6,5,5,5,6,6,6,6,5,5,5,,5,4,,5,5,5,5,5,6.0,,5,5,5,5,5,2,2,6,6.0,,5,5,6.0,,6.0,,6.0,6,6,6,6,,4.0,,5,,4,,,5,5,5,6.0,,187,13,1.9129596678529066,-0.6530851546310864
5,6,6,5,5,5,6,6,6,5,5,3,6,5,6,6,3,6.0,7,3,4,0,6,6,6,5,0,5,6,6,6,5,5,7,5,6,7,6,5,6,6,6,6,7,,6,4,6,1,0,7.0,6,5,,6,5,5,6,6,5,5,6,7.0,6,,6,,6,6,,5,5,6,6,6,5,6,6,6,7,4,6,5,6,6,6,5,5,6,4,7,4,7.0,6,,5,4,6,4,6,6,6,6,6,5,6,,7,5,6,6,6,6,6,7.0,5,6,6,6,5,7.0,7.0,4,5,5,6,6,6,7,3,3,4,7.0,7.0,6,6,7,7.0,5,7,6,5,7,6,6,6,6,,6,7.0,,,5,,6,7,7.0,6,7,5,1,6,6,6,7,6,,,6,6,6,1.0,4,6,6,0.0,6,1,7.0,6,6,6,7.0,7,5,6,6,6,7,6,5,5,5,4,6,3,4,4,6,1,7.0,6,5,6,7.0,0,6,6,6,6,7,4,7.0,,5,5,3,7,6,6,7,6,6,5,6,6.0,7.0,6,7.0,,0.0,6,6,7,1,6,7.0,,7.0,6,6,6,6,5,6,7,6,0,6,7,,6,2,2,,7,5.0,6,6,6,2,7.0,5,,6,6,6,7,7,6,7.0,6,6,7.0,6,6,6,7.0,7.0,,7,6,6,,6,6,6,6,6,6,6,2,5,6,7,7,6,0.0,,4,7,6,3,,7,5,7.0,6,5,,6,7.0,,6,,6,6,7,6,7,6,7.0,6,6,6,7,6,7.0,0,,6,6,6,6,6,,7.0,6,7.0,7.0,6,6,6,6,6,6,7.0,6,7,6,6,6,6,7,6,5,6,6,,3,5,,6,5,6,2,6,7.0,,6,7,6,2,6,6,4,7,,,6,6,7.0,,7.0,,7.0,7,7,7,7,,,,6,,7,,,6,5,6,7.0,0.0,188,13,1.9526591760299625,-0.6114654872281423
6,6,6,6,4,6,6,6,6,7,6,6,7,6,7,4,7,6.0,7,6,5,7,5,7,6,6,5,6,6,6,6,6,6,7,3,6,7,7,6,7,6,7,6,7,,7,6,7,3,7,,6,6,,6,2,6,6,6,6,6,5,7.0,7,6.0,7,,6,6,,6,4,5,6,6,5,7,7,6,6,5,6,5,6,0,6,6,5,6,6,1,5,0.0,6,,5,5,7,6,6,6,6,5,4,4,6,7.0,7,6,7,2,7,6,5,7.0,6,6,6,6,7,7.0,7.0,7,6,5,6,6,6,7,6,7,0,7.0,7.0,7,6,4,,5,7,7,5,7,6,1,6,7,,7,,,,6,,7,7,5.0,7,7,5,7,5,6,6,6,7,,,6,4,7,7.0,5,6,0,7.0,7,7,7.0,7,6,6,,6,5,6,6,6,7,7,5,6,5,6,6,6,6,5,7,6,7.0,6,5,6,,6,4,3,6,7,7,6,,,4,6,0,7,1,2,7,7,5,5,7,,,6,7.0,,,7,6,7,4,6,7.0,,,6,7,6,6,6,7,7,6,6,7,4,0.0,7,6,6,,7,5.0,6,6,6,7,7.0,6,,7,6,4,7,0,6,7.0,6,7,7.0,6,0,6,7.0,7.0,,7,6,7,,2,7,6,6,7,6,1,5,5,6,3,3,7,,,3,5,6,6,,7,4,7.0,6,6,,7,7.0,,6,,4,6,7,5,7,3,7.0,7,7,6,7,6,7.0,6,,6,6,7,0,6,,7.0,7,7.0,7.0,7,5,6,6,6,6,6.0,7,7,6,6,7,6,7,7,3,6,6,,6,5,,6,5,5,7,0,7.0,,6,7,6,6,6,7,5,7,7.0,,6,6,6.0,,7.0,,,7,7,7,7,,,,6,,6,,,6,6,6,7.0,,189,13,1.9518215613382899,-0.559912620429123
5,5,6,5,5,6,6,6,5,6,6,6,5,6,6,6,6,7.0,6,5,4,6,5,6,6,6,5,5,6,6,5,5,6,7,5,1,6,6,6,6,6,6,6,6,,6,5,0,6,6,7.0,6,4,,6,5,6,5,5,4,5,5,7.0,6,,6,,6,5,,4,5,7,6,6,5,6,7,6,2,3,6,1,5,1,5,6,2,0,4,6,4,7.0,5,,0,5,6,6,6,5,6,4,0,3,6,7.0,7,5,6,5,6,6,2,7.0,5,5,6,6,7,7.0,6.0,6,5,5,6,6,5,6,6,7,5,7.0,7.0,7,6,7,5.0,5,6,6,4,4,5,6,6,1,,6,7.0,7.0,,2,,6,6,7.0,6,7,5,6,6,6,5,6,6,5.0,,0,6,6,7.0,4,6,6,7.0,7,6,7.0,6,6,6,7.0,6,3,6,2,5,7,6,4,5,5,5,1,5,6,3,6,5,7.0,6,2,6,,6,6,6,6,6,0,6,4.0,,5,6,6,4,5,6,6,6,5,5,6,,7.0,6,7.0,,,6,3,7,6,6,7.0,,7.0,5,0,6,6,5,6,6,3,5,7,7,,6,6,6,7.0,7,7.0,6,5,6,6,7.0,5,4.0,6,6,6,7,6,4,7.0,6,6,0.0,6,6,5,6.0,5.0,,6,6,6,5.0,6,6,5,2,6,6,5,4,6,6,6,7,6,,7.0,5,6,6,5,,6,6,7.0,6,6,,6,7.0,,6,,6,6,7,6,6,6,7.0,4,6,6,7,6,7.0,6,,6,6,6,6,6,,7.0,6,7.0,7.0,6,6,6,5,5,5,6.0,6,3,3,0,6,6,7,6,4,6,5,,6,5,,6,5,6,6,5,7.0,,6,4,6,5,6,5,5,6,7.0,,5,6,7.0,,7.0,0.0,7.0,6,7,6,7,,,,6,,7,,,5,5,6,7.0,,190,13,2.0014779781259238,-0.62332570860082
6,6,5,5,6,6,6,7,6,6,6,6,6,2,7,7,7,7.0,0,6,5,7,6,7,0,7,6,6,6,6,6,6,7,7,6,6,7,7,6,7,4,7,6,7,,7,7,3,6,7,8.0,5,4,7.0,6,6,6,6,6,4,5,6,8.0,7,,6,,7,6,,4,5,7,7,6,6,6,7,0,6,5,5,5,1,7,3,6,5,7,7,7,4,6.0,6,,5,5,7,6,7,7,7,6,7,4,3,7.0,3,6,7,6,7,7,6,8.0,6,6,7,7,7,7.0,7.0,7,6,6,7,5,7,7,7,7,6,7.0,7.0,7,3,7,8.0,6,7,7,5,7,6,7,7,7,,7,8.0,8.0,,5,,7,8,7.0,7,0,6,7,0,7,7,7,7,8.0,,6,7,7,8.0,4,7,7,7.0,7,7,8.0,7,7,6,8.0,7,5,6,5,7,7,0,6,6,6,6,6,6,7,1,7,6,7.0,7,6,6,,2,6,6,7,7,7,7,8.0,,6,7,7,7,6,6,7,7,6,3,7,,8.0,7,8.0,,0.0,7,6,7,7,7,7.0,,7.0,6,7,7,6,3,7,7,7,6,7,7,,7,6,7,8.0,7,7.0,7,4,6,7,8.0,2,,7,6,5,5,7,7,8.0,7,7,7.0,6,7,6,7.0,8.0,,7,0,7,,0,7,7,7,7,6,6,5,6,7,7,7,7,,8.0,2,7,7,6,,7,7,7.0,6,6,0.0,7,8.0,,6,,7,6,7,7,7,7,8.0,7,6,6,7,7,5.0,6,,7,6,7,7,6,,7.0,7,8.0,8.0,5,7,7,6,6,7,4.0,7,7,7,6,5,7,7,7,6,7,6,,6,6,,7,6,6,7,2,7.0,,6,7,7,6,7,7,6,7,8.0,,6,6,7.0,,8.0,,8.0,7,6,7,7,,,,6,,7,,,7,6,7,8.0,8.0,191,13,2.0574981711777607,-0.6891364691034344
7,0,6,6,6,7,7,7,7,7,7,7,7,7,8,7,7,8.0,8,2,6,7,7,7,1,7,6,7,4,5,6,6,6,7,7,7,7,7,7,7,7,7,7,7,,7,7,0,6,3,8.0,7,6,,6,6,7,6,7,6,5,4,7.0,7,,7,,7,7,,0,5,8,8,7,6,7,8,7,7,5,6,3,6,7,7,7,6,7,7,8,6,8.0,7,,5,6,8,7,7,6,7,5,7,5,7,6.0,8,6,7,7,7,7,6,8.0,6,7,7,7,8,8.0,8.0,7,6,7,6,7,7,8,7,8,6,8.0,8.0,8,7,8,8.0,6,8,7,6,7,1,6,7,7,,5,8.0,8.0,,7,5.0,7,8,8.0,7,8,5,7,1,0,7,7,4,,,6,7,7,8.0,4,2,7,0.0,0,7,8.0,7,7,7,,5,6,7,0,7,8,8,6,7,6,6,7,6,4,5,7,6,8.0,7,4,7,,3,7,6,7,7,7,7,8.0,,6,3,7,8,6,7,7,0,7,6,8,,8.0,7,8.0,,,7,7,8,7,7,8.0,,8.0,7,7,7,6,7,7,8,7,6,8,8,,5,7,2,8.0,8,8.0,7,6,7,7,8.0,0,,7,7,7,7,7,7,8.0,7,7,8.0,7,7,7,7.0,8.0,,8,7,8,,5,8,7,7,8,6,7,6,6,7,5,8,8,,8.0,1,7,7,7,,8,7,8.0,7,7,,8,8.0,,3,,4,7,8,5,8,7,8.0,7,6,7,8,7,8.0,7,,7,7,7,7,7,,8.0,7,8.0,8.0,7,7,7,7,7,7,8.0,8,3,6,7,7,4,8,7,6,7,6,,7,6,,4,6,7,7,7,8.0,6.0,6,7,7,7,7,7,6,7,7.0,,7,7,8.0,,8.0,,8.0,8,8,7,8,,,,7,,8,,0.0,7,6,7,8.0,,192,13,2.0950272982145486,-0.6391961233789422
7,7,7,4,6,7,8,8,7,7,7,7,8,7,8,8,7,8.0,8,7,5,5,7,8,8,7,2,7,7,7,7,6,7,8,7,7,8,8,7,8,5,8,8,8,,8,7,7,6,8,4.0,7,6,,7,3,7,0,5,6,6,7,8.0,6,,8,,8,7,,7,6,8,8,7,7,8,8,8,8,4,7,6,7,7,7,7,7,8,0,7,6,,8,,7,6,7,7,7,7,8,7,8,6,7,,8,7,8,7,7,7,7,8.0,7,6,7,5,8,,8.0,8,7,6,7,6,7,8,8,8,7,8.0,8.0,8,7,8,,7,8,8,7,8,7,7,7,8,,3,,,,7,,6,8,,8,8,6,8,8,3,5,8,8,,,7,7,8,8.0,6,5,8,8.0,8,8,8.0,8,6,7,,8,6,8,7,7,8,8,6,7,7,7,8,7,8,3,8,4,,5,7,7,,7,8,8,3,8,8,8,7.0,,6,7,7,8,7,7,8,8,6,7,4,,,8,,,,8,7,8,8,8,,,,7,8,7,8,7,8,8,8,7,8,8,0.0,8,8,8,,8,8.0,7,8,7,7,8.0,7,,8,8,8,8,3,6,,7,8,8.0,7,7,7,8.0,8.0,0.0,5,7,8,,7,6,7,7,8,7,7,6,2,8,7,6,8,,,7,0,8,7,,8,8,,1,7,,8,8.0,,7,,8,7,8,8,8,8,8.0,8,8,7,8,8,8.0,8,,8,0,7,5,7,,8.0,4,8.0,,7,8,8,7,5,7,8.0,8,8,7,7,8,0,8,8,6,7,7,,7,7,,6,5,7,8,7,8.0,,0,7,0,7,8,5,7,8,,,5,7,,,8.0,,8.0,8,8,8,8,,,,0,,4,,,7,7,7,8.0,,193,13,2.071678832116788,-0.5610448530144574
1,3,6,5,5,6,6,6,6,6,5,6,6,5,6,6,6,7.0,6,6,4,6,4,7,2,6,5,1,5,6,6,5,0,6,5,5,7,7,6,6,6,6,6,6,,0,6,6,6,6,7.0,6,6,,6,5,6,6,0,5,5,1,7.0,6,,6,7.0,6,6,,5,4,7,6,6,6,6,7,6,6,4,5,5,6,6,5,6,5,7,6,7,5,7.0,6,,5,3,6,6,6,6,0,5,7,4,6,7.0,7,6,6,6,6,6,5,7.0,4,6,5,4,7,7.0,7.0,7,6,5,6,6,6,7,6,7,5,7.0,7.0,7,6,7,7.0,6,6,6,4,5,6,6,6,6,,6,,7.0,,2,,6,6,7.0,7,7,5,7,7,6,6,6,7,,,5,6,7,7.0,4,7,7,7.0,7,6,7.0,6,6,3,,7,5,6,6,6,7,7,5,5,6,6,6,5,6,5,6,6,7.0,4,6,6,,6,4,6,6,6,6,6,7.0,,5,6,6,0,5,6,6,0,3,5,7,,7.0,7,7.0,,,7,6,6,6,6,7.0,,7.0,6,7,6,6,6,2,6,6,5,7,7,7.0,6,0,6,5.0,7,7.0,6,6,6,6,7.0,5,5.0,6,6,6,7,6,6,7.0,6,2,7.0,2,6,6,7.0,7.0,,7,6,6,,6,6,6,5,6,6,6,2,5,6,3,7,6,,7.0,5,1,1,6,,7,6,7.0,6,6,,6,7.0,,6,,6,6,7,7,6,6,0.0,7,6,5,7,6,7.0,6,,6,2,6,0,5,,7.0,0,7.0,7.0,6,7,6,6,5,6,7.0,6,6,6,5,2,6,7,7,5,6,5,,6,3,,6,5,6,6,5,7.0,,6,6,6,5,6,6,5,6,7.0,,6,5,7.0,,7.0,,7.0,6,7,4,6,,5.0,,3,,7,,,6,6,6,3.0,,194,13,1.9860965764688294,-0.6506426488425284
5,5,6,5,4,6,6,6,4,5,6,5,6,6,6,6,6,6.0,7,6,5,6,6,7,4,6,4,5,5,5,6,5,5,3,3,5,5,6,6,6,6,6,0,6,,6,1,6,5,6,7.0,6,5,,6,0,6,6,6,2,6,6,7.0,6,,6,,6,6,,5,4,7,6,6,5,6,7,6,6,4,6,5,6,6,6,6,4,5,6,6,5,0.0,6,,5,4,7,6,6,5,6,0,6,5,6,7.0,7,5,6,5,6,6,5,7.0,5,6,2,6,7,7.0,7.0,7,5,5,6,6,1,7,6,7,6,7.0,7.0,7,6,7,7.0,6,6,6,5,6,6,6,0,6,,6,7.0,6.0,,5,,6,4,7.0,6,6,5,7,6,2,6,3,6,,0.0,5,6,7,7.0,5,6,7,7.0,6,6,7.0,6,5,6,7.0,6,5,6,6,6,7,7,4,5,5,5,6,6,6,3,6,4,5.0,6,3,6,,5,6,6,3,6,5,6,7.0,,5,6,5,7,5,6,6,4,6,5,6,,6.0,6,7.0,,,6,6,6,6,6,7.0,,7.0,6,6,6,6,5,6,0,2,4,4,7,6.0,6,6,6,7.0,6,7.0,6,5,6,6,7.0,6,,2,6,2,6,6,6,7.0,6,6,7.0,6,5,6,5.0,7.0,,6,6,6,,6,6,6,1,6,6,6,5,5,6,6,7,7,,7.0,5,6,6,6,,7,6,7.0,6,5,,7,7.0,,5,,6,0,7,7,0,6,7.0,6,6,5,7,6,3.0,6,6.0,6,6,5,6,6,,7.0,6,7.0,7.0,6,2,6,5,6,1,7.0,6,6,4,6,6,6,7,4,2,6,5,,6,0,,6,5,5,6,6,7.0,,6,6,5,5,6,6,5,6,3.0,,5,6,7.0,6.0,7.0,,7.0,7,7,7,6,,,,1,,2,6.0,,6,6,6,7.0,,195,13,1.9587675577707295,-0.5876915954547668
4,2,5,4,3,0,5,5,4,5,4,4,5,0,5,5,4,5.0,6,5,3,5,1,5,5,4,1,4,4,5,4,4,5,5,4,4,5,6,5,5,5,5,3,5,,5,3,5,5,5,6.0,5,4,,5,4,5,5,2,4,5,4,6.0,5,,4,,5,4,,4,4,5,5,5,4,4,5,5,5,3,4,4,3,4,4,0,1,5,5,5,1,6.0,5,,3,4,2,5,5,5,5,4,5,3,4,5.0,0,1,5,5,5,5,4,6.0,4,5,0,5,6,6.0,3.0,5,4,5,5,5,5,6,2,6,0,6.0,6.0,5,5,6,6.0,4,3,5,4,5,5,5,5,5,,5,6.0,6.0,5.0,5,,5,5,5.0,5,6,4,5,5,5,2,5,5,,,4,5,6,6.0,2,5,6,5.0,5,5,6.0,5,2,5,6.0,5,3,4,5,3,6,5,4,4,5,5,5,5,5,4,5,4,6.0,5,5,5,,5,5,5,5,5,0,5,6.0,,4,5,5,6,4,2,5,5,4,4,5,,6.0,5,4.0,,,3,4,3,5,1,6.0,5.0,6.0,5,5,5,4,2,5,6,5,2,6,6,,5,0,5,6.0,6,6.0,5,5,5,2,6.0,4,6.0,5,4,5,6,5,5,6.0,5,5,5.0,5,5,5,6.0,6.0,,5,5,5,,5,5,5,4,5,5,4,4,4,5,4,2,5,,6.0,4,5,5,5,,6,4,4.0,5,5,,5,6.0,,4,,5,5,6,6,5,1,6.0,3,5,5,6,5,6.0,5,0.0,5,4,5,5,4,,6.0,5,6.0,6.0,0,5,5,5,5,5,4.0,5,5,5,5,5,5,4,6,3,5,4,,5,4,,5,3,5,5,3,5.0,,4,5,5,4,5,5,5,5,6.0,,5,5,6.0,,6.0,,6.0,5,5,5,6,,,,5,,5,,,5,5,5,6.0,5.0,196,13,1.8564787042591484,-0.6313205643946701
5,5,6,5,5,1,5,6,6,6,5,6,6,5,6,6,2,7.0,6,5,3,6,1,6,6,5,5,4,5,6,6,5,5,6,6,5,6,6,3,6,6,6,6,6,,4,5,6,4,6,7.0,6,5,,6,5,1,5,5,1,3,6,7.0,4,,5,,6,6,,5,5,7,6,6,5,6,6,2,6,3,5,5,5,6,6,4,0,6,6,6,5,7.0,6,,5,5,6,5,6,6,4,0,2,4,5,7.0,3,5,6,5,6,3,5,7.0,5,5,6,2,6,7.0,6.0,6,5,5,6,6,0,6,6,6,5,7.0,6.0,6,5,6,7.0,5,6,6,5,6,5,6,6,6,,6,7.0,7.0,,4,,6,6,7.0,6,6,4,6,6,6,6,4,6,,,0,5,6,6.0,4,5,6,6.0,0,6,7.0,6,6,6,7.0,6,5,2,5,6,7,6,4,5,5,4,6,5,6,4,6,5,7.0,5,5,6,,6,6,5,5,6,6,6,7.0,,4,6,2,6,4,5,6,6,5,4,6,,7.0,6,7.0,3.0,,6,5,6,2,6,7.0,,7.0,5,6,6,5,0,6,6,4,1,5,6,,6,6,6,7.0,6,4.0,6,5,5,5,6.0,5,,6,6,6,6,5,3,7.0,5,6,6.0,6,6,5,7.0,7.0,,0,4,6,,6,6,6,5,3,6,5,5,5,3,6,2,6,,7.0,5,6,6,6,,6,6,7.0,6,6,,6,6.0,,5,,6,6,6,6,6,6,7.0,6,5,6,6,6,6.0,5,,6,6,6,5,5,,7.0,6,7.0,7.0,6,6,6,1,6,5,7.0,6,6,6,5,6,6,7,6,4,6,5,,5,5,6.0,6,4,5,6,4,6.0,,1,6,0,5,6,6,5,6,7.0,,2,6,7.0,,7.0,,7.0,7,6,6,6,0.0,,,6,,5,,0.0,6,6,6,6.0,7.0,197,13,2.0428152492668623,-0.6311474409581098
6,6,6,5,5,4,5,2,6,6,6,6,4,5,7,6,6,7.0,7,6,5,7,5,5,6,6,3,6,6,6,6,5,6,7,6,5,7,6,6,6,3,6,6,6,,6,6,6,6,6,7.0,6,5,,5,6,6,6,6,5,5,6,7.0,6,,6,,6,4,,5,5,7,6,6,5,4,6,6,6,1,0,4,5,6,5,6,5,6,6,7,4,7.0,6,,3,5,7,6,6,6,6,5,6,5,6,6.0,7,6,7,6,5,6,6,7.0,5,6,0,6,6,7.0,7.0,6,4,4,6,6,6,7,6,5,2,7.0,7.0,7,6,6,5.0,5,7,6,4,6,6,4,6,6,,6,,7.0,,5,,6,7,7.0,6,7,5,6,7,6,6,6,7,7.0,,6,6,6,7.0,5,7,7,7.0,7,6,7.0,6,6,6,,7,6,6,3,6,7,7,5,5,5,6,6,5,6,4,6,5,7.0,6,6,6,,2,3,5,6,6,6,6,7.0,,6,1,6,7,4,4,7,7,6,5,7,,,0,7.0,,,6,5,7,6,6,7.0,,7.0,6,6,6,6,6,6,7,6,5,6,7,,6,6,5,,7,7.0,0,6,6,6,7.0,0,,4,6,6,7,6,6,7.0,6,6,6.0,6,6,6,7.0,7.0,,6,6,6,,6,7,6,4,6,3,6,5,2,6,6,7,6,,7.0,5,6,6,4,,6,6,7.0,6,0,,2,7.0,,4,,6,6,0,7,7,3,7.0,0,6,6,7,3,7.0,6,,6,5,6,6,6,,7.0,7,7.0,6.0,6,6,6,6,6,6,7.0,6,7,6,6,6,6,7,6,5,6,6,,5,2,,6,5,5,0,5,3.0,,5,6,6,5,6,7,5,6,7.0,5.0,6,6,7.0,,7.0,,7.0,0,7,7,7,,,,6,,7,,,6,6,6,7.0,,198,13,1.9221422142214222,-0.6396742098940282
5,5,6,5,5,5,6,6,6,6,6,6,6,5,6,6,2,7.0,7,6,4,6,6,6,6,5,5,5,5,6,6,5,6,7,1,5,6,7,6,6,0,6,3,6,,6,0,6,6,6,7.0,6,5,,6,6,6,2,6,5,5,5,7.0,6,,4,,6,6,,5,4,7,6,6,5,6,6,6,7,1,5,1,3,6,5,6,5,6,6,7,4,7.0,6,,4,5,7,6,6,6,4,0,6,5,5,7.0,2,6,6,6,6,6,5,7.0,5,6,6,3,7,7.0,7.0,6,4,5,6,6,6,7,6,7,6,7.0,7.0,3,4,7,7.0,5,7,6,5,6,6,6,6,6,,6,7.0,7.0,,6,,6,7,7.0,6,7,5,7,6,3,6,4,7,,,6,6,7,7.0,5,6,7,7.0,6,0,6.0,6,1,6,,7,5,6,6,6,7,7,3,5,6,5,6,6,6,4,6,5,6.0,6,5,6,,0,6,6,6,6,4,6,6.0,,6,0,6,7,5,0,6,7,6,5,7,,7.0,6,7.0,,,6,6,7,6,6,7.0,,7.0,6,6,6,6,5,6,7,6,2,7,7,,6,6,6,,7,7.0,6,0,2,6,7.0,5,,5,6,6,7,6,6,3.0,6,6,7.0,6,6,6,7.0,5.0,,6,6,6,,6,6,3,5,6,5,6,5,4,6,6,7,6,,7.0,5,0,6,6,,7,6,7.0,6,5,,7,7.0,,6,7.0,6,6,7,7,6,6,7.0,6,6,6,7,6,7.0,3,,6,6,6,6,6,,7.0,7,7.0,7.0,6,6,6,5,6,6,7.0,6,6,6,6,6,6,7,7,5,6,6,,6,6,,6,5,5,7,6,7.0,,5,7,6,6,0,7,3,2,7.0,,6,6,7.0,,7.0,,7.0,7,7,6,7,,,,6,,6,6.0,,6,6,6,7.0,,199,13,2.0728915662650604,-0.6825056418892778
