0,1,2,3,4,5,6,7,8,9,10,11,12,13,14,15,16,17,18,19,20,21,22,23,24,25,26,27,28,29,30,31,32,33,34,35,36,37,38,39,40,41,42,43,44,45,46,47,48,49,50,51,52,53,54,55,56,57,58,59,60,61,62,63,64,65,66,67,68,69,70,71,72,73,74,75,76,77,78,79,80,81,82,83,84,85,86,87,88,89,90,91,92,93,94,95,96,97,98,99,100,101,102,103,104,105,106,107,108,109,110,111,112,113,114,115,116,117,118,119,120,121,122,123,124,125,126,127,128,129,130,131,132,133,134,135,136,137,138,139,140,141,142,143,144,145,146,147,148,149,150,151,152,153,154,155,156,157,158,159,160,161,162,163,164,165,166,167,168,169,170,171,172,173,174,175,176,177,178,179,180,181,182,183,184,185,186,187,188,189,190,191,192,193,194,195,196,197,198,199,200,201,202,203,204,205,206,207,208,209,210,211,212,213,214,215,216,217,218,219,220,221,222,223,224,225,226,227,228,229,230,231,232,233,234,235,236,237,238,239,240,241,242,243,244,245,246,247,248,249,250,251,252,253,254,255,256,257,258,259,260,261,262,263,264,265,266,267,268,269,270,271,272,273,274,275,276,277,278,279,280,281,282,283,284,285,286,287,288,289,290,291,292,293,294,295,296,297,298,299,300,301,302,303,304,305,306,307,308,309,310,311,312,313,314,315,316,317,318,319,320,321,322,323,324,325,326,327,328,329,330,331,332,333,334,335,336,337,338,339,340,341,342,343,344,345,346,347,348,349,350,351,352,353,354,355,356,357,358,359,360,361,362,363,364,365,366,367,368,369,370,371,372,373,374,375,376,377,378,379,380,381,382,383,384,385,386,387,388,389,390,391,392,393,394,395,396,397,398,399,400,401,402,403,404,405,406,407,408,409,410,411,412,413,414,415,416,417,418,419,420,421,422,423,424,425,426,427,428,429,430,431,432,433,434,435,436,437,438,439,440,441,442,443,444,445,446,447,448,449,450,451,452,453,454,455,456,457,458,459,460,461,462,463,464,465,466,467,468,469,470,471,472,473,474,475,476,477,478,479,480,481,482,483,484,485,486,487,488,489,490,491,492,493,494,495,496,497,498,499,500,501,502,503,504,505,506,507,508,509,510,511,512,513,514,515,516,517,518,519,520,521,522,523,524,525,526,527,528,529,530,531,532,533,534,535,536,537,538,539,540,541,542,543,544,545,546,547,548,549,550,551,552,553,554,555,556,557,558,559,560,561,562,563,564,565,566,567,568,569,570,571,572,573,574,575,576,577,578,579,580,581,582,583,584,585,586,587,588,589,590,seed,complex_param,EPH,corr
2,2,2,3,2,2,2,3,2,3.0,2,3,2,3,0,3,3,3.0,2,2,2,2,2,2,3,2,2,2,3,3,2,2,2,2,3,2,3,3,3,2,2,2,2,3,2,2,2,2,3,2,2,2,2,3.0,3,2,2,2,2,3,2,2,2,2.0,2,2,2,3,3.0,2,2,3,2,2,2,2,2,2,2,3,3,2,2,1,3,0,2,2,2,3.0,2,2,1,2,2,2,2,3,2,2,2,2,2,2,2,2,3,3,2,2,2,2,2,2,2,3.0,3,2,2,2,2,2,2,2,2,2,2,2,2,2,2,2,0,3,1,3,2,3,2,3.0,2,3,1,3,3,2,2,2,2,3,2,2,2,2,2,3,2,2,2,3,2,2,2,2,2,2,3,3.0,2,2,2,2,2,2,2,2,1,2,2,2,2,2,3,3,2,3,3,3,2,2,3,2,3.0,2,2,2,3,3,3,3,3,3.0,3,1,3,2,2,2,3,2,3.0,3.0,2,0,2,2,3,3,2,2,2,3,3,2,3,0,3,3,2,1,3,3,2,2,2,3,3,3,3,2,3,1,3,2,3,3,3,2,2,3,3,2,3,3.0,2,3,2.0,3,3,3,1,2,3,3,2,2,3.0,2,3.0,2,2,2,2,3,3,2,2,1,2,3,2,2.0,2,2,2,3,2.0,2,2,2,3.0,3,3,3.0,2,3.0,2,3,2,3,3,3,3,2,2,3,2,3,2,2,3,2,3.0,2,2,3,2,3,3,3,2,3,3,2,3,3,3,3,3,2,3,2,3,2,2,3,2,3,3,3,3,3,1,2,3,3,3,3,2,3,3.0,3.0,3,3,2,2,2,2,3.0,3,3,3.0,2,2,2,3,2,2,2,3,3,2,1,3.0,3.0,2,2,2,2,3,2,3,1,3,2,2,2,2,2,2,2,2,2,3,2,2,2,2,2,2,2,2,3,2,2,2,2,3,2,3,2,2,2,2,3,2,2,2,0,3.0,2,3,3,3,3,3,2,2,3.0,3.0,3,3.0,3,3,3,2,3,3,2,3,3,3,3.0,3,2,2,3,2,3,3,2,2,2,3.0,2,3,2,2,2,3,2,2,2,3,2,3,3.0,2,2,3,2,2,3,3,2,2,3,2,3,2,2,3,3,2,3,3,2,2,2,2,3,3,2,3,3,2,3,3,2,3,3,3,2,2,3,3.0,2,2,3,2,3,3,2,2,2,3,3,2,2,2,2,2.0,2,2,3,2,3,2,3.0,3,3,2,2,3.0,3,2,3,2,1,2,3,3,3,3.0,2,2,3,3,3,3,3,3.0,3.0,3,3.0,3,3.0,2,3,2,3,3,2,3,3,3.0,2,3,3,3.0,2,3,3.0,3,2,3,3.0,2,2,3,3.0,3.0,3,3.0,3,2,3,3.0,2,2,3.0,0,5,1.0850570814965526,-0.5003110416336205
2,3,3,3,3,3,3,2,2,3.0,2,3,2,3,3,3,3,3.0,3,1,3,3,3,0,3,3,3,3,3,3,2,2,3,3,2,3,3,2,3,3,3,2,2,2,3,2,3,2,2,3,2,3,2,3.0,3,3,1,3,2,3,3,3,3,3.0,2,2,3,3,3.0,2,3,2,3,3,3,3,3,3,2,3,3,3,3,3,3,2,2,3,3,3.0,0,3,2,2,3,3,3,2,2,3,3,2,2,3,3,2,3,2,2,3,3,3,2,3,2,3.0,3,3,3,3,0,3,3,3,2,3,3,3,2,3,2,3,2,2,2,3,3,3,3,3.0,3,2,2,3,3,3,3,2,3,3,3,2,2,3,3,3,3,3,3,3,3,2,3,3,3,3,3,3.0,2,2,2,2,2,3,3,1,2,3,3,1,3,3,3,3,3,3,3,3,3,3,3,2,3.0,3,2,3,3,3,3,3,2,3.0,3,2,3,3,2,3,3,2,3.0,3.0,3,2,2,3,2,3,3,2,3,2,3,2,3,2,3,2,3,3,3,3,3,2,3,3,3,3,3,3,3,3,3,3,3,3,3,3,3,2,3,2,3,3.0,2,3,3.0,0,3,3,3,2,3,3,2,3,3.0,3,3.0,2,3,3,3,3,3,2,3,2,3,2,3,3.0,3,3,2,3,3.0,3,2,2,3.0,3,3,3.0,3,3.0,3,3,3,3,3,3,2,3,3,3,2,3,2,3,3,3,3.0,3,2,3,3,3,3,3,3,3,3,3,3,2,3,1,3,3,3,2,2,3,3,3,3,2,3,3,2,3,3,3,3,3,3,3,3,3,3.0,3.0,3,2,3,3,3,3,3.0,3,3,3.0,3,2,3,3,2,3,2,3,3,3,3,3.0,3.0,3,3,3,3,3,3,2,3,3,3,3,3,3,2,3,2,2,3,2,3,3,2,3,2,2,3,3,2,3,3,3,2,3,3,2,2,3,3,3,3,3,2,3,3,3.0,3,3,3,2,3,3,3,2,3.0,3.0,3,3.0,3,3,3,3,3,3,3,3,3,3,3.0,3,3,3,3,3,3,3,2,3,3,3.0,2,2,2,2,0,3,3,2,2,3,3,3,,3,3,3,3,3,3,3,3,2,3,3,3,3,3,1,3,3,3,3,3,3,3,3,2,2,3,3,3,3,3,3,3,2,3,3,3,3,3,,3,3,3,0,3,3,2,3,3,3,2,3,3,3,3,3.0,3,2,3,3,3,3,3.0,3,3,3,2,2.0,3,3,3,3,3,3,3,3,3,3.0,1,3,3,3,3,3,3,3.0,3.0,2,3.0,3,3.0,3,3,3,2,3,1,3,2,3.0,2,3,3,1.0,3,3,3.0,3,3,3,3.0,3,3,3,,3.0,3,3.0,3,3,3,3.0,2,3,3.0,1,5,1.1164977327287278,-0.3202679752547038
3,3,2,3,3,3,2,2,2,3.0,3,3,2,3,3,3,2,3.0,3,2,3,3,2,3,3,2,3,3,3,3,2,3,3,3,2,2,3,2,3,2,3,3,2,3,2,2,2,3,2,3,2,3,3,3.0,3,3,3,3,2,3,2,3,2,3.0,2,2,2,3,3.0,2,3,3,2,2,2,3,3,2,3,3,0,2,1,2,2,2,2,3,2,3.0,2,3,2,3,3,2,2,3,2,1,2,3,2,2,2,2,3,3,2,3,3,2,3,3,3,3.0,3,2,3,3,3,3,3,2,2,2,3,3,3,3,2,3,3,3,3,3,3,3,3,3.0,2,0,2,3,3,3,2,2,3,3,2,3,2,3,2,2,3,3,3,3,3,3,2,3,3,3,3,3.0,3,3,2,3,2,3,3,2,2,2,2,3,3,3,3,3,3,1,3,2,3,3,3,2,3.0,2,2,3,3,3,3,3,2,1.0,3,2,3,3,3,3,3,2,3.0,3.0,3,3,2,3,3,3,3,1,3,2,3,3,3,2,2,2,3,3,3,3,2,2,3,3,2,3,3,3,3,2,3,2,3,3,3,2,3,3,2,3,3,3.0,3,3,3.0,3,3,3,2,2,3,3,1,2,3.0,2,3.0,2,3,3,3,3,2,3,2,2,3,3,3,0.0,3,3,2,3,3.0,2,3,2,3.0,3,3,3.0,3,3.0,3,3,3,3,3,3,3,3,3,3,2,3,3,3,2,3,3.0,2,3,3,3,3,3,3,3,2,3,3,3,2,3,3,3,3,3,2,2,3,3,3,3,3,3,2,2,3,2,3,3,3,3,3,3,2,3.0,3.0,3,2,3,2,3,3,3.0,3,3,3.0,2,2,3,2,2,3,2,2,3,3,3,3.0,3.0,2,3,2,3,3,3,3,2,3,3,3,3,3,2,3,3,3,3,3,3,2,3,3,3,2,3,2,2,2,3,3,1,2,3,2,2,3,3,3,3,3,2,3,3,3.0,3,3,3,2,2,3,0,2,3.0,2.0,3,3.0,3,3,3,3,3,3,3,3,3,3,2.0,3,3,2,2,2,2,3,3,3,3,3.0,3,2,2,2,2,3,3,2,2,3,2,2,3.0,2,2,3,3,3,2,3,2,2,2,3,3,2,2,3,3,2,3,2,3,3,3,2,3,2,3,2,3,3,1,2,3,2,3,3,2,3,3,3.0,3,3,3,1,3,2,3,2,3,3,1,2,2,2,3,3.0,3,2,2,2,3,3,3.0,3,3,3,0,2.0,2,3,3,3,3,2,2,3,3,3.0,3,2,2,3,3,3,3,3.0,3.0,3,3.0,3,3.0,2,3,2,3,3,3,3,2,3.0,3,3,3,3.0,2,3,3.0,3,2,3,3.0,2,3,3,3.0,0.0,3,3.0,3,3,3,3.0,3,3,3.0,2,5,1.0925809223718133,-0.3507709846209864
3,3,2,2,3,2,2,3,2,3.0,2,3,3,2,3,2,3,3.0,3,2,2,2,3,2,2,2,2,2,3,3,2,2,3,3,2,2,2,3,2,2,2,2,3,2,2,2,2,2,3,2,3,3,2,3.0,2,2,2,2,2,2,2,3,3,3.0,3,2,3,3,2.0,3,3,2,2,3,3,3,3,3,2,2,3,2,2,3,3,2,2,3,2,3.0,3,2,2,2,3,2,3,3,2,2,2,3,3,3,2,3,3,0,2,3,2,2,3,3,3,3.0,3,2,3,2,3,2,2,3,2,3,3,3,2,3,1,0,3,2,2,3,2,3,2,3.0,2,3,3,3,2,3,3,2,3,2,3,2,2,2,3,3,2,2,2,3,3,3,2,3,2,3,3,3.0,3,3,2,3,2,3,2,3,2,3,2,3,3,3,2,2,2,3,3,2,0,3,2,2,3.0,3,2,3,2,3,3,3,2,3.0,2,2,2,2,3,2,3,2,3.0,3.0,1,2,3,3,3,2,2,2,3,2,3,2,2,2,3,2,2,2,2,3,2,1,2,3,2,2,3,2,3,0,3,3,3,2,2,3,3,2,3,2,2,3.0,3,3,3.0,2,3,2,2,2,2,3,1,3,3.0,2,3.0,3,2,3,3,2,2,2,3,3,3,3,3,3.0,3,3,2,2,3.0,2,3,2,2.0,3,3,3.0,1,3.0,3,3,3,1,2,3,3,2,3,3,3,3,2,1,3,3,3.0,3,3,2,3,2,3,2,2,3,3,3,2,1,2,3,2,2,3,2,3,3,2,2,1,2,2,3,3,3,2,3,2,3,2,3,3,3,3.0,2.0,3,2,2,2,2,3,3.0,3,3,3.0,2,3,3,3,2,3,3,3,3,2,3,3.0,3.0,2,3,2,2,2,3,2,2,3,3,3,3,3,2,3,3,3,2,2,3,2,2,3,3,2,3,3,2,2,3,2,2,2,3,2,3,3,2,3,2,3,2,3,3,3.0,3,2,3,3,3,2,2,2,3.0,3.0,1,3.0,2,3,2,3,0,3,3,3,3,3,3.0,3,2,2,2,3,1,3,2,2,3,2.0,2,2,2,2,3,3,2,2,2,2,3,3,3.0,2,2,2,3,2,2,2,2,3,2,2,3,3,2,2,3,2,1,2,3,2,2,3,3,2,3,3,3,2,2,2,3,2,3,3,2,2,3,3.0,3,3,3,2,3,3,3,2,2,3,2,2,2,2,2,2.0,0,3,2,2,3,3,3.0,3,2,3,2,3.0,2,2,2,3,3,3,3,2,3,3.0,2,2,2,3,2,3,3,3.0,3.0,2,3.0,2,2.0,2,3,3,3,3,3,3,3,2.0,2,3,3,3.0,2,2,3.0,3,3,2,3.0,2,3,2,3.0,3.0,3,3.0,3,3,3,3.0,3,3,3.0,3,5,1.0839624094900633,-0.3430942049758036
3,2,3,3,3,2,2,2,3,3.0,3,3,2,2,3,3,2,3.0,3,2,3,2,3,3,2,2,3,3,3,3,2,2,2,2,2,3,3,2,3,2,3,2,3,3,2,3,2,3,2,3,3,3,3,3.0,3,3,2,3,3,3,3,3,3,2.0,3,2,3,3,3.0,2,3,3,3,2,2,3,2,2,2,3,2,2,3,3,2,3,2,3,2,3.0,2,3,2,3,3,3,2,3,2,3,2,3,1,2,2,3,3,1,2,2,2,2,2,3,2,3.0,3,2,2,2,2,3,2,3,2,3,3,3,3,3,2,3,3,3,3,3,2,3,2,3.0,2,2,3,3,3,2,2,3,3,2,3,3,2,2,3,3,2,3,2,3,3,2,2,3,3,2,3,3.0,2,3,2,2,2,3,3,2,3,3,3,3,3,2,3,3,3,2,2,3,3,3,3,3,3.0,2,2,3,2,3,3,3,2,3.0,3,3,2,2,2,2,2,3,3.0,3.0,3,3,0,3,2,2,2,2,3,2,2,2,3,2,3,2,3,3,3,3,2,2,2,3,3,3,3,3,2,2,3,2,2,3,1,3,3,3,3,3,2,3.0,3,3,3.0,3,3,3,3,2,3,2,2,2,2.0,2,3.0,2,3,2,3,3,2,3,3,3,3,1,3,3.0,3,2,2,3,3.0,2,2,3,3.0,3,3,3.0,3,3.0,2,2,3,2,3,1,3,3,2,2,2,1,3,2,3,3,2.0,2,2,3,3,2,3,2,3,3,3,3,3,2,2,2,3,2,3,2,2,2,3,3,3,2,1,2,2,3,2,3,2,3,3,3,3,3,3.0,3.0,3,2,3,2,2,2,3.0,3,3,3.0,3,2,3,2,3,3,2,3,2,1,3,3.0,3.0,3,3,2,2,3,3,3,0,3,2,3,3,2,2,3,3,3,3,2,2,3,2,3,0,3,2,2,2,2,3,2,2,2,3,2,3,2,3,3,3,3,2,3,3,3.0,1,3,3,2,3,3,2,3,3.0,3.0,3,3.0,3,3,2,2,3,3,2,3,3,3,3.0,3,3,3,3,3,3,3,2,3,3,3.0,2,0,2,2,2,3,2,2,3,2,3,3,3.0,2,3,2,3,2,3,3,3,3,3,3,3,3,3,1,3,2,3,3,3,2,2,0,2,2,3,2,3,3,3,3,2,2,3,3,2,2,3,3.0,3,3,2,2,3,3,2,3,3,3,1,3,3,2,2,3.0,3,2,3,2,3,1,3.0,3,3,3,3,2.0,3,3,2,3,2,2,2,3,3,3.0,3,3,3,2,3,2,3,3.0,3.0,3,3.0,3,3.0,2,3,2,3,3,3,3,2,3.0,3,3,2,3.0,3,3,3.0,0,2,3,3.0,3,2,2,3.0,3.0,3,3.0,3,3,3,3.0,3,3,3.0,4,5,1.0881758194976587,-0.3579325742229747
3,3,2,3,3,3,3,3,3,3.0,3,3,2,3,3,3,3,,3,3,3,3,2,3,3,3,3,3,2,3,2,3,3,2,3,3,3,3,1,2,3,3,3,3,3,0,2,3,3,3,3,3,3,3.0,3,3,3,3,3,3,3,3,3,3.0,3,3,3,3,0.0,3,3,2,3,3,2,2,2,3,2,3,3,3,3,3,3,3,3,3,3,,3,3,3,3,2,3,3,2,3,2,3,2,3,3,3,3,3,3,3,3,2,3,3,3,3,3.0,3,3,3,3,2,3,3,3,3,3,3,3,3,3,3,2,2,3,3,3,3,3,3,3.0,3,3,3,3,3,3,3,3,3,3,3,3,3,2,3,3,3,3,3,2,2,3,3,3,3,2,3,3.0,3,3,3,3,2,3,3,3,2,3,3,3,3,3,2,3,3,3,3,2,3,3,3,3,,3,3,3,3,3,3,3,3,3.0,2,2,2,3,2,3,3,3,3.0,3.0,3,3,3,1,3,3,2,3,3,3,3,3,2,3,3,2,3,3,3,3,3,3,3,3,3,3,3,3,2,3,3,3,2,3,3,3,3,3,3,2,3,3.0,3,3,3.0,3,0,3,3,2,3,3,3,3,3.0,3,3.0,3,3,3,3,3,3,3,2,0,3,3,3,3.0,3,3,3,3,3.0,2,2,3,3.0,3,0,,3,3.0,3,3,3,3,3,3,2,3,3,3,3,3,3,3,1,2,3.0,3,3,3,3,3,3,3,3,3,3,3,3,3,3,3,3,3,1,3,3,3,3,3,3,3,3,3,3,3,3,3,3,3,2,3,3,3,3.0,3.0,3,3,2,3,3,3,3.0,3,3,3.0,3,3,3,3,3,3,3,3,3,3,3,3.0,3.0,3,3,3,3,2,3,3,3,3,3,3,3,3,3,3,3,3,1,3,3,3,3,3,3,3,3,3,3,3,3,3,2,3,3,3,3,3,3,3,3,3,3,3,3,3.0,3,3,3,3,3,3,3,3,3.0,3.0,3,3.0,3,3,3,3,3,3,3,3,3,3,,3,3,3,3,3,3,3,3,3,2,3.0,3,3,2,3,3,3,2,2,3,3,2,2,,3,3,3,3,3,3,2,2,3,3,3,3,3,3,3,3,3,3,3,3,2,3,3,3,3,3,3,3,3,3,2,3,3,3,3,3,3,3,,3,3,3,3,3,3,3,3,3,3,3,3,3,3,3,0.0,2,3,3,3,3,3,,3,3,3,3,3.0,3,3,3,3,3,3,3,3,3,3.0,3,3,3,3,3,3,3,,3.0,2,3.0,3,3.0,3,3,3,3,3,3,3,3,3.0,3,3,3,,3,3,3.0,3,3,3,3.0,3,3,3,3.0,,3,3.0,3,3,3,,3,3,,5,5,1.1998660863742885,-0.16826603494880976
3,2,2,2,2,2,3,3,3,3.0,2,3,0,3,3,3,3,3.0,3,3,3,3,3,3,3,3,2,2,3,2,3,3,3,3,3,3,3,3,2,2,2,3,3,3,3,3,2,3,3,2,2,3,2,2.0,2,3,2,3,3,3,3,3,2,2.0,1,2,2,3,2.0,3,3,3,3,3,3,3,3,3,2,3,3,2,3,2,3,3,2,3,2,3.0,3,1,2,3,3,2,3,3,2,3,3,3,2,3,3,3,2,3,2,2,3,3,3,2,2,2.0,3,3,3,3,3,3,3,3,3,3,2,3,3,2,3,3,3,3,2,3,2,3,3,3.0,3,2,3,2,3,2,3,3,2,2,3,3,3,3,2,3,3,3,3,3,3,2,3,3,3,3,3,3.0,3,3,3,3,2,3,3,2,3,2,2,2,3,2,3,3,2,3,2,3,3,3,3,2,3.0,2,3,2,2,2,2,3,3,3.0,3,3,3,3,2,3,3,3,3.0,0.0,2,2,3,2,2,3,1,3,3,3,0,3,3,2,2,3,2,2,3,3,3,2,2,2,2,3,3,3,1,3,1,2,1,2,3,3,3,3,2,2,3,3.0,3,3,3.0,2,3,2,2,2,3,3,3,2,3.0,3,3.0,3,3,2,2,3,2,1,2,2,3,3,2,3.0,2,2,3,3,3.0,3,3,3,3.0,2,3,3.0,3,2.0,2,3,2,3,3,3,3,3,3,2,2,3,2,3,2,3,3.0,3,1,3,3,2,1,2,3,3,2,2,2,3,3,3,2,3,2,2,3,3,3,3,2,2,3,2,2,2,3,3,2,3,3,3,2,0,3.0,3.0,3,3,2,3,3,2,3.0,2,3,3.0,3,3,3,2,2,3,3,3,3,2,3,3.0,3.0,3,3,3,2,3,3,3,3,3,3,2,2,3,3,3,2,3,3,2,3,3,2,3,3,2,3,3,3,3,3,3,3,3,3,3,3,3,2,3,3,3,2,3,3,3.0,3,2,3,2,3,3,3,3,3.0,3.0,3,3.0,2,3,2,3,2,2,3,3,3,3,3.0,3,3,3,3,3,3,3,2,3,0,3.0,3,3,2,3,3,3,2,3,3,3,2,3,,3,3,3,3,2,2,3,3,3,3,3,2,3,3,3,3,3,3,3,3,3,3,3,3,3,3,3,3,2,3,3,3,3,3,3,3,3,3,0.0,3,3,3,3,3,3,2,3,3,3,3,2,2,3,3,3.0,3,3,3,2,3,3,3.0,2,3,3,3,3.0,3,3,3,3,3,3,3,3,3,3.0,2,2,3,2,3,3,3,3.0,3.0,3,3.0,2,3.0,3,3,3,3,3,3,3,3,3.0,3,3,3,3.0,3,3,3.0,2,2,3,3.0,3,3,3,2.0,,3,3.0,3,3,3,3.0,3,3,3.0,6,5,1.1078042328042328,-0.2773752911322291
3,3,3,3,2,3,2,2,3,3.0,3,3,2,3,3,3,3,,3,3,3,3,2,3,3,3,3,3,3,3,2,2,2,3,3,3,3,3,3,3,3,3,3,3,3,3,3,3,2,3,3,3,3,3.0,3,3,3,3,3,3,3,3,2,3.0,3,3,2,3,3.0,3,2,3,3,2,3,3,3,2,3,3,2,2,3,2,2,3,3,2,2,3.0,3,3,3,3,3,3,3,3,3,3,3,3,3,3,3,3,3,3,3,3,3,3,3,3,3,3.0,3,1,3,3,3,3,3,3,2,3,3,3,3,3,3,3,3,3,3,3,3,2,3,3.0,2,3,3,3,3,3,3,3,2,2,3,3,3,2,3,2,2,2,2,3,3,3,3,3,3,3,2,3.0,3,3,2,2,2,3,3,3,2,2,3,3,3,2,3,2,3,3,3,3,3,3,3,3,3.0,2,3,2,3,3,1,3,3,3.0,3,2,2,3,3,3,2,2,3.0,3.0,3,2,3,2,3,3,3,2,3,3,3,3,3,3,3,3,3,2,3,3,2,3,2,3,3,3,3,2,2,2,3,2,3,3,3,3,3,3,2,3,3,2.0,3,3,3.0,3,3,3,2,1,3,3,2,3,3.0,3,3.0,2,3,3,3,3,3,3,3,3,3,3,3,3.0,2,3,2,3,3.0,3,3,3,1.0,3,3,1.0,2,3.0,3,2,3,3,3,3,3,3,3,3,3,3,3,2,3,3,3.0,2,3,3,3,3,3,3,2,3,1,3,3,3,3,3,2,3,3,3,3,3,3,3,2,3,3,3,3,3,3,3,3,3,3,3,3,3,3.0,3.0,3,2,2,3,3,3,3.0,3,3,3.0,3,3,3,3,3,3,3,3,3,3,3,2.0,3.0,2,3,0,2,2,3,3,2,3,3,3,3,3,3,3,3,3,3,2,2,3,3,3,3,3,3,3,3,2,3,3,3,3,3,2,3,2,3,3,3,3,3,3,3,3.0,3,2,3,3,3,3,2,3,3.0,3.0,3,3.0,2,3,3,3,3,3,3,3,3,2,3.0,3,3,3,2,3,2,2,3,3,2,3.0,2,3,3,3,3,2,2,3,3,3,3,3,,3,3,3,3,3,2,3,3,2,3,0,0,3,3,3,3,3,3,3,3,3,3,3,3,3,3,3,3,3,3,3,3,2,3,3,2,2,3,3.0,3,3,3,2,3,3,3,3,3,3,2,2,3,3,3,3.0,3,3,3,3,3,3,3.0,3,3,3,2,3.0,3,3,0,3,3,2,3,0,3,3.0,3,3,3,3,3,3,3,3.0,3.0,3,3.0,3,3.0,1,3,2,3,3,2,3,2,3.0,3,3,3,3.0,2,3,3.0,3,3,3,3.0,1,3,2,3.0,0.0,3,3.0,2,3,2,3.0,3,3,,7,5,1.1236072683765799,-0.2178991191520746
3,2,2,2,2,2,2,2,2,3.0,3,3,2,2,3,3,3,3.0,3,2,2,3,2,3,2,3,3,3,2,2,3,3,2,2,3,2,2,2,2,3,2,2,2,3,2,2,2,3,3,2,2,3,2,3.0,3,2,2,2,2,3,2,3,2,2.0,3,2,2,2,3.0,2,3,3,2,2,2,2,2,2,2,3,3,2,2,2,3,3,2,1,2,3.0,2,3,2,2,3,2,3,3,2,2,2,2,3,2,2,2,3,3,2,2,2,3,3,2,3,3.0,3,2,3,3,3,3,3,3,3,3,3,3,3,3,2,3,3,3,2,3,2,2,3,3.0,2,2,2,2,3,3,2,1,3,3,1,2,2,2,2,3,2,3,2,3,3,2,3,2,3,3,3,3.0,2,3,1,2,2,3,3,2,2,3,3,2,3,2,3,2,3,0,3,2,3,3,3,2,3.0,2,0,2,2,3,3,3,2,3.0,2,2,3,3,1,3,3,2,3.0,3.0,3,2,2,2,3,3,2,2,2,3,3,2,2,3,3,2,2,1,1,3,2,2,2,3,3,3,2,2,3,2,2,3,3,3,2,3,3,3,3,2,2,3.0,3,3,3.0,3,2,3,3,2,2,3,2,3,2.0,3,3.0,3,2,3,3,3,0,3,2,2,3,3,2,2.0,3,3,2,3,3.0,2,2,2,3.0,1,3,3.0,2,3.0,3,3,3,3,2,3,2,3,2,3,3,3,2,3,2,2,3.0,2,3,2,2,2,3,2,2,2,3,2,3,2,3,3,3,2,3,2,3,3,3,3,2,1,2,3,3,2,2,3,2,3,3,3,2,3,3.0,3.0,2,1,2,2,3,3,3.0,2,3,3.0,3,2,3,3,3,3,3,3,3,2,2,3.0,3.0,2,3,3,2,2,3,3,2,3,2,2,3,3,2,2,3,3,2,3,2,2,2,2,2,3,1,2,3,2,3,3,3,2,2,2,3,2,3,3,3,2,3,3,3,3.0,0,3,1,2,2,3,2,2,3.0,3.0,3,2.0,2,2,3,2,2,3,3,3,3,3,3.0,2,3,3,2,2,2,2,3,3,2,3.0,3,3,2,2,3,3,2,2,3,2,3,3,3.0,2,2,2,2,3,2,2,3,2,2,2,3,2,3,3,3,3,0,3,3,3,3,3,3,3,2,2,3,2,3,2,2,2,3,2,2,2,2,3.0,3,3,2,2,0,2,3,3,3,3,3,2,2,3,3,3.0,3,3,2,2,3,2,3.0,2,3,2,2,3.0,2,3,1,3,3,2,3,2,2,3.0,3,2,3,2,3,2,3,3.0,3.0,2,3.0,2,3.0,2,2,2,3,3,3,3,3,3.0,3,3,3,3.0,3,3,3.0,2,3,3,3.0,2,2,3,3.0,3.0,3,3.0,2,3,3,3.0,3,3,3.0,8,5,1.0827201085538336,-0.4458286872933644
2,2,3,2,3,2,3,3,3,2.0,3,3,2,2,3,2,3,3.0,3,3,3,3,3,3,3,2,2,3,3,3,2,2,3,3,3,3,3,3,2,2,0,3,3,1,2,3,2,3,3,3,3,3,3,2.0,3,2,2,2,3,3,0,3,2,3.0,3,3,3,3,3.0,3,3,3,2,3,3,3,3,2,2,3,2,3,3,3,2,3,2,3,1,1.0,3,3,2,3,3,3,3,3,3,3,2,3,3,2,3,3,3,3,2,3,3,3,3,3,3,3.0,3,3,3,3,3,3,3,3,2,3,3,3,3,2,3,3,3,3,2,3,3,3,3,3.0,2,2,3,3,3,2,2,2,3,2,3,3,3,3,3,3,3,3,3,2,3,2,3,3,2,3,3,3.0,3,3,2,2,2,3,2,3,3,2,2,3,3,2,3,3,2,3,2,2,3,3,3,2,3.0,2,2,2,2,3,3,3,0,3.0,3,3,3,2,2,2,3,2,2.0,3.0,3,2,2,2,1,2,2,2,2,2,2,3,1,3,3,1,2,2,3,3,3,2,2,2,2,3,2,2,2,3,2,3,2,2,2,2,3,2,3,3,2,3.0,3,3,2.0,3,3,2,3,2,2,3,3,2,1.0,3,3.0,3,3,3,3,2,2,2,3,3,3,2,2,3.0,3,2,2,3,2.0,2,3,2,3.0,3,3,3.0,2,2.0,3,3,3,3,3,3,2,3,2,3,3,3,1,2,3,3,3.0,3,3,2,2,2,3,2,2,3,2,2,3,2,3,2,3,2,3,3,3,3,2,3,3,2,3,0,3,3,3,3,2,2,2,2,3,0,3.0,3.0,3,2,3,2,2,3,3.0,3,3,3.0,3,3,0,3,3,3,3,3,3,2,3,3.0,2.0,2,3,3,2,2,3,3,3,2,2,3,2,3,3,2,2,2,2,2,3,3,2,2,3,3,2,3,3,2,3,3,2,3,3,3,3,3,3,3,3,3,3,3,3,3.0,3,3,3,2,1,2,2,3,2.0,3.0,2,3.0,3,3,2,1,1,3,3,3,3,3,3.0,3,3,3,3,3,3,3,3,3,2,3.0,2,3,3,2,2,2,2,3,3,2,3,2,3.0,3,2,2,3,3,3,2,3,3,3,3,3,3,3,3,3,3,3,3,3,2,2,3,2,2,3,3,3,3,2,2,2,3,2,3,3,3,2,3.0,2,3,2,3,3,3,3,3,3,3,3,3,3,3,3,3.0,3,3,3,2,3,3,3.0,3,2,2,2,2.0,3,3,3,3,3,3,3,3,2,3.0,2,3,2,3,3,2,3,3.0,3.0,3,3.0,2,2.0,3,3,3,2,3,3,3,3,3.0,3,3,3,3.0,3,3,3.0,2,3,3,3.0,3,2,2,3.0,3.0,3,3.0,3,3,3,3.0,3,3,3.0,9,5,1.0955202392159034,-0.2983371945073313
3,2,2,3,3,2,2,2,2,2.0,3,3,2,2,2,2,2,3.0,2,2,2,2,2,3,2,3,3,2,3,3,2,2,2,0,3,2,2,2,3,2,3,3,2,3,1,0,2,3,3,2,2,3,3,3.0,3,3,2,3,3,2,3,2,2,3.0,3,2,3,3,3.0,2,3,3,2,2,2,2,3,2,3,3,1,2,3,3,3,3,2,2,2,3.0,2,2,2,2,2,2,3,3,2,2,2,3,3,3,2,3,3,3,2,3,2,2,3,3,2,3.0,3,2,3,2,2,3,2,3,2,2,2,3,2,3,2,3,2,3,3,2,2,3,3,3.0,2,3,2,2,3,3,2,2,3,3,2,2,2,3,3,3,2,3,3,3,2,3,2,2,3,2,3,3.0,3,3,2,3,2,2,3,3,1,3,3,3,3,3,2,2,2,3,3,3,2,3,2,3,3.0,2,2,2,2,3,3,2,2,3.0,2,2,2,2,2,2,3,2,3.0,3.0,2,2,2,2,3,3,3,2,3,2,3,2,3,2,2,2,3,2,1,2,3,3,3,2,2,2,2,2,3,2,3,2,3,3,2,3,3,3,3,3,3,3.0,3,3,2.0,3,3,3,2,2,2,3,2,2,3.0,3,3.0,2,2,2,2,2,3,2,2,2,3,3,2,2.0,3,3,2,3,3.0,2,3,3,3.0,3,2,3.0,2,3.0,2,2,3,3,2,3,1,3,2,3,1,2,3,1,2,2,2.0,2,3,1,2,2,2,2,2,2,3,3,3,2,2,3,3,3,3,2,2,3,2,3,2,2,2,2,3,2,2,3,2,3,3,3,3,3,3.0,3.0,3,3,1,2,3,3,3.0,3,3,3.0,2,2,3,2,2,3,2,2,2,3,2,3.0,0.0,3,2,3,1,3,3,2,2,2,2,2,2,3,2,3,3,3,2,3,3,2,2,2,3,3,3,2,0,2,2,3,2,2,3,2,3,2,2,3,2,0,3,2,3,2.0,2,2,3,2,2,3,2,3,3.0,3.0,3,3.0,2,3,3,2,2,3,3,3,3,3,3.0,2,2,2,3,3,3,3,1,2,2,3.0,2,2,2,2,2,3,2,2,2,2,3,2,3.0,2,2,3,2,2,2,2,2,2,3,3,2,2,1,3,2,2,3,3,3,2,3,3,1,2,3,2,3,3,3,2,3,2,3,3,2,3,2,3.0,3,0,2,3,3,3,3,2,2,3,2,2,2,2,3,3.0,2,2,3,2,3,2,3.0,3,2,2,2,3.0,2,2,2,2,3,3,3,3,3,3.0,2,2,3,3,3,3,3,3.0,2.0,3,3.0,3,3.0,2,3,2,2,3,2,2,3,3.0,2,3,3,3.0,3,3,3.0,3,2,3,3.0,2,3,2,3.0,3.0,3,3.0,3,3,3,2.0,2,3,3.0,10,5,1.0782894051463696,-0.42271115574005375
3,3,2,2,3,2,1,3,2,3.0,2,2,2,2,3,2,3,3.0,3,3,3,3,2,3,3,2,2,3,2,3,2,2,2,2,3,2,3,3,3,2,2,3,2,3,2,2,3,3,2,3,3,3,2,3.0,2,3,2,3,2,2,3,2,3,2.0,2,2,2,3,3.0,3,3,2,2,2,2,2,3,3,3,3,2,3,2,2,2,2,3,2,2,3.0,3,3,2,2,3,2,2,3,2,2,3,1,3,3,2,3,3,3,2,2,2,3,3,3,2,3.0,3,2,2,3,3,3,3,3,2,3,3,3,3,3,2,2,3,3,3,3,2,2,3,3.0,2,2,3,3,3,2,3,2,2,3,2,2,3,2,2,3,2,2,2,3,3,2,2,3,3,3,3,3.0,3,2,2,3,2,3,3,3,2,3,2,2,3,3,2,3,3,2,2,2,3,2,3,3,3.0,2,2,2,2,3,2,3,2,3.0,2,2,3,3,2,2,3,1,3.0,2.0,2,2,3,2,3,2,2,2,3,3,2,2,3,2,3,2,2,2,2,3,2,2,2,2,2,3,2,3,2,2,3,0,2,3,3,2,2,2,3,2,2,3.0,3,3,3.0,2,3,3,2,2,3,2,2,1,3.0,2,2.0,2,2,3,3,2,2,2,2,2,2,3,2,2.0,2,2,2,2,3.0,2,3,3,3.0,2,2,3.0,2,3.0,3,3,2,3,3,3,2,3,2,3,2,3,0,2,0,3,3.0,2,3,3,3,2,3,2,3,3,3,2,3,3,2,3,3,3,3,3,3,2,3,1,2,2,3,2,2,2,3,3,2,3,3,2,2,3,3.0,2.0,3,2,1,2,2,3,3.0,3,3,3.0,2,3,3,3,2,2,2,3,2,3,2,3.0,3.0,2,2,3,2,2,3,3,2,2,3,3,2,2,2,3,2,3,2,2,2,3,2,1,3,2,3,2,2,2,3,3,2,3,3,2,3,3,3,3,3,3,3,3,2,3.0,2,2,3,2,3,3,2,3,2.0,3.0,2,1.0,2,3,3,3,3,3,3,3,2,2,3.0,3,3,3,2,3,3,1,2,2,2,2.0,3,3,2,2,3,3,2,2,2,3,3,2,3.0,2,2,2,3,2,1,2,2,2,2,2,2,3,3,3,3,3,3,1,3,2,3,3,3,2,2,3,3,3,3,2,2,3,3,2,2,3,2,3.0,3,2,2,3,1,3,3,3,3,3,2,2,2,2,3,3.0,2,3,3,2,3,3,3.0,2,3,3,2,3.0,3,0,2,2,2,2,3,2,3,2.0,2,3,3,3,3,3,0,3.0,2.0,2,3.0,1,2.0,2,3,1,2,2,3,3,2,3.0,3,3,3,3.0,3,3,3.0,3,3,3,3.0,0,2,2,3.0,3.0,3,3.0,3,3,3,3.0,2,2,3.0,11,5,1.078297051809002,-0.4039177967947917
3,3,3,3,2,2,3,3,3,3.0,2,2,2,3,3,3,3,3.0,3,3,3,3,3,2,3,3,3,3,3,2,3,2,2,2,3,3,3,3,2,3,2,3,3,2,3,3,3,3,3,2,3,3,3,3.0,3,2,3,1,2,3,3,3,3,3.0,3,2,2,1,3.0,3,3,3,2,3,3,2,3,2,3,3,3,2,3,3,3,3,2,2,3,3.0,3,3,3,3,3,2,3,3,3,2,3,2,3,0,3,3,3,3,3,2,3,3,3,3,2,2.0,3,2,3,3,2,3,2,3,3,2,2,2,3,2,3,3,3,2,3,2,3,3,2,3.0,3,2,3,3,2,3,3,3,3,3,3,2,3,3,2,2,2,2,2,3,3,2,3,3,3,2,3,3.0,2,2,2,2,3,3,2,2,2,2,3,3,3,3,3,3,3,3,2,3,3,2,3,3,3.0,2,2,3,3,2,3,3,2,3.0,2,2,2,3,2,3,3,3,3.0,3.0,2,2,2,2,3,3,2,3,2,3,2,3,3,3,2,2,3,2,3,2,3,3,2,2,3,3,2,3,3,2,3,2,3,3,3,2,2,3,2,2,3,3.0,3,3,1.0,3,3,3,2,2,2,3,3,2,3.0,3,3.0,2,3,3,0,3,3,2,3,3,3,2,2,3.0,3,3,2,3,3.0,2,3,3,3.0,3,2,3.0,3,3.0,2,3,2,3,2,3,2,3,2,3,3,3,2,2,3,3,2.0,0,2,3,2,2,3,3,3,3,3,2,3,3,2,3,3,3,2,3,3,3,3,3,3,3,3,2,2,3,3,3,1,3,3,3,2,3,3.0,3.0,3,3,3,3,3,2,3.0,3,3,3.0,2,2,3,3,1,3,3,3,3,2,3,2.0,2.0,3,3,2,2,3,2,2,3,2,2,2,2,3,3,2,2,2,3,3,2,3,1,2,3,3,2,3,3,2,3,3,2,3,3,3,3,3,3,3,3,2,3,3,3,3.0,3,3,3,3,2,3,3,2,3.0,3.0,2,3.0,3,3,3,0,3,2,3,3,3,3,3.0,3,2,3,1,3,3,3,3,3,3,3.0,3,2,2,2,3,3,2,2,3,3,3,3,,2,3,3,2,3,3,3,2,3,3,3,3,3,3,3,2,2,3,3,3,3,2,3,0,3,3,3,3,2,3,3,2,3,3,3,3,3,3,3.0,1,3,1,3,3,3,3,3,2,3,3,2,3,3,2,3.0,3,3,3,3,3,3,3.0,3,3,2,3,3.0,3,3,3,3,3,3,3,3,3,0.0,2,2,3,2,3,2,3,3.0,3.0,3,3.0,3,2.0,3,2,2,2,3,2,3,3,3.0,3,3,3,3.0,3,3,3.0,2,3,3,3.0,3,2,3,3.0,3.0,2,3.0,3,3,3,3.0,3,3,3.0,12,5,1.1040944971321482,-0.30557523177600787
1,3,2,3,2,2,2,3,2,3.0,3,2,2,2,3,3,2,3.0,3,3,3,3,3,3,3,3,1,2,3,0,1,3,2,3,3,2,3,2,3,1,3,3,3,3,3,2,2,3,3,3,3,2,2,3.0,3,2,3,2,3,3,3,3,2,2.0,3,2,2,3,3.0,2,3,3,3,3,3,3,3,2,3,3,3,2,2,2,2,3,3,3,2,2.0,2,3,2,2,3,3,3,2,3,2,2,3,3,2,2,2,3,3,2,3,3,3,3,3,2,2.0,2,3,3,3,3,2,3,3,3,3,3,3,3,2,3,3,3,3,3,2,3,3,3,3.0,2,3,3,1,0,3,3,2,2,3,2,2,2,3,3,3,3,3,2,2,3,3,2,2,3,2,3,3.0,3,2,2,3,3,3,3,3,3,3,3,3,3,3,3,3,3,3,3,3,3,2,3,3,2.0,2,3,3,2,3,3,2,2,3.0,3,3,2,3,2,2,3,2,3.0,3.0,3,3,2,2,2,1,3,3,3,3,3,2,3,2,3,2,3,3,3,3,3,2,2,2,3,3,3,3,3,2,2,3,3,3,3,3,3,3,3,3,3,3.0,3,3,3.0,3,3,2,3,3,3,3,3,3,3.0,2,3.0,3,2,3,3,3,3,3,3,2,3,3,3,3.0,3,3,3,2,3.0,3,3,3,3.0,3,3,3.0,3,3.0,3,3,3,3,1,3,3,2,3,3,3,3,3,2,2,3,3.0,3,3,3,3,3,3,3,2,2,2,2,3,3,3,3,3,3,3,2,3,3,2,3,3,1,3,3,2,2,3,3,2,3,3,3,3,3,3.0,2.0,3,3,2,3,2,3,3.0,3,3,2.0,3,3,2,2,2,3,3,3,3,3,3,3.0,3.0,3,3,2,3,2,3,2,3,3,3,3,2,3,3,3,3,2,3,3,3,3,2,3,3,3,3,3,3,2,3,3,3,3,0,3,3,3,3,2,2,3,3,3,3,3.0,3,3,3,3,3,3,3,3,3.0,3.0,3,3.0,3,3,3,3,3,2,3,3,0,2,3.0,3,3,3,3,3,2,3,2,3,3,3.0,2,3,3,3,3,3,2,3,3,3,3,2,3.0,3,3,3,3,3,2,3,3,3,3,3,3,3,3,0,3,3,2,3,3,3,3,3,3,3,3,3,3,2,3,2,1,2,3,3,3,3,3,3.0,3,0,3,3,3,3,3,3,3,3,3,3,3,3,3,3.0,3,2,3,3,3,3,3.0,3,3,3,2,3.0,3,2,2,3,3,3,3,3,3,3.0,2,3,2,2,3,3,3,3.0,3.0,3,3.0,3,3.0,3,2,3,3,3,3,3,2,3.0,3,3,3,3.0,3,3,3.0,3,3,3,3.0,3,3,3,3.0,3.0,3,3.0,3,3,3,3.0,3,3,3.0,13,5,1.1058786346396965,-0.26659398335675966
2,2,2,1,3,3,2,3,3,2.0,2,2,2,2,3,2,2,3.0,3,3,0,2,3,1,3,3,3,3,2,3,3,2,3,2,3,3,2,2,2,2,1,3,3,2,2,3,2,3,3,2,2,3,2,2.0,2,3,3,2,3,2,3,3,3,2.0,3,1,3,3,2.0,3,3,2,2,3,2,2,3,3,2,1,3,2,3,2,3,3,2,3,3,3.0,3,3,2,2,2,2,2,3,2,3,0,2,3,3,3,3,3,3,2,2,2,2,3,3,2,3.0,3,2,3,3,2,3,2,3,2,2,3,2,2,2,2,2,2,3,3,2,3,3,3,3.0,2,3,2,3,3,3,3,3,3,1,3,3,2,3,2,3,3,3,3,2,3,3,2,3,3,3,3,3.0,3,2,2,3,2,3,2,3,3,2,3,3,3,2,3,3,2,2,3,2,2,3,3,3,3.0,2,2,1,0,3,3,3,2,3.0,2,3,2,2,2,2,3,2,3.0,3.0,2,2,3,2,3,2,3,3,2,3,3,1,2,3,2,2,2,2,2,2,3,2,2,2,2,2,2,3,3,2,3,2,3,2,2,3,3,3,3,2,2,3.0,2,2,3.0,2,3,2,2,3,3,3,2,2,2.0,3,3.0,3,2,2,2,2,3,2,3,2,3,3,2,3.0,1,3,2,3,3.0,2,3,1,3.0,3,2,3.0,2,3.0,2,3,3,3,2,2,1,0,2,3,3,3,2,3,3,3,2.0,3,3,2,2,2,3,2,2,2,2,2,3,2,3,2,2,2,3,2,3,2,2,3,3,2,2,3,2,2,3,3,2,3,3,3,3,3,3.0,2.0,3,2,2,2,3,3,3.0,3,3,3.0,2,2,2,3,2,3,3,2,3,3,2,2.0,2.0,3,2,3,2,2,3,3,3,3,3,2,2,3,3,3,2,3,3,2,2,3,3,2,2,3,3,3,3,3,3,3,2,3,3,3,3,3,3,3,2,2,3,3,3,3.0,3,2,3,3,3,2,2,3,2.0,2.0,2,3.0,2,2,3,3,2,3,3,3,3,3,3.0,3,2,2,3,3,2,2,3,3,2,2.0,2,3,2,2,3,2,2,3,2,2,3,3,2.0,2,2,1,2,3,2,2,2,2,1,2,3,3,1,3,2,3,2,3,2,3,3,2,3,3,2,3,3,2,3,2,2,2,2,2,2,2,2,2.0,2,3,3,2,2,0,3,3,2,2,3,2,3,2,3,3.0,3,3,2,3,3,3,3.0,2,2,3,2,3.0,3,2,2,2,2,3,3,3,3,3.0,3,2,3,3,3,2,3,3.0,3.0,2,2.0,2,3.0,3,3,2,3,2,3,2,3,3.0,3,3,3,3.0,3,3,3.0,3,3,3,3.0,3,2,3,3.0,3.0,3,3.0,3,3,3,3.0,3,3,0.0,14,5,1.078162603327404,-0.28716584874667106
2,2,2,3,2,2,3,3,3,3.0,1,3,2,2,3,2,1,3.0,3,3,3,3,3,2,2,3,2,3,1,2,1,2,3,3,2,2,2,3,2,3,2,2,2,3,3,2,2,2,3,2,2,2,0,3.0,2,2,3,2,2,1,2,2,2,2.0,2,2,3,3,3.0,3,3,3,3,3,3,2,3,3,3,2,3,2,3,2,3,3,2,2,2,3.0,3,3,2,2,3,2,2,2,2,2,3,3,3,2,2,2,3,3,2,3,3,3,2,3,3,3.0,2,3,3,2,2,2,2,3,3,2,2,2,2,2,3,3,2,3,3,2,3,2,3,3.0,2,0,3,3,3,1,2,2,2,3,2,2,3,2,3,3,3,2,2,3,3,1,2,2,2,2,3,3.0,3,2,2,3,2,3,2,2,3,2,2,3,3,2,3,3,3,3,3,3,2,2,0,3,3.0,2,2,3,3,2,3,3,2,3.0,2,2,3,3,2,2,3,2,3.0,3.0,2,2,2,2,2,2,1,3,1,2,2,2,2,2,2,2,2,2,3,3,2,2,2,2,3,3,2,2,3,1,3,2,2,3,2,2,3,3,3,2,2,3.0,3,3,3.0,2,3,3,3,3,3,3,2,2,3.0,3,2.0,3,3,2,1,2,2,2,2,2,3,2,2,3.0,2,2,2,3,3.0,3,2,2,3.0,2,2,3.0,3,3.0,2,3,3,3,3,3,3,3,3,2,2,3,3,3,3,3,3.0,2,0,3,2,3,3,3,2,3,3,2,3,3,3,2,3,2,0,2,3,2,3,3,3,2,3,2,2,2,3,2,2,3,3,3,2,3,3.0,3.0,2,3,3,3,2,3,3.0,2,3,3.0,2,3,3,3,2,2,3,3,3,3,3,3.0,3.0,2,3,3,2,2,3,3,3,3,3,3,2,2,2,3,3,2,3,3,2,3,2,2,3,2,3,3,2,2,3,3,3,3,3,2,2,3,3,3,3,3,2,3,3,3.0,2,3,3,2,3,3,3,3,3.0,3.0,2,3.0,3,3,2,3,3,2,2,3,3,3,3.0,2,2,3,3,2,2,3,2,3,2,3.0,2,3,3,3,2,3,2,3,2,2,3,3,3.0,2,3,3,2,3,3,3,2,2,3,2,3,3,2,3,3,3,3,3,3,2,2,2,3,3,3,2,3,3,3,2,3,3,3,3,2,3,3,3.0,3,3,2,2,3,3,3,3,3,3,2,3,2,3,3,3.0,3,3,2,3,3,2,3.0,3,3,2,3,2.0,3,2,3,3,2,2,3,2,3,2.0,2,2,2,2,3,3,2,3.0,3.0,2,3.0,3,3.0,3,3,3,2,3,3,3,2,2.0,3,3,3,3.0,3,2,3.0,2,2,3,3.0,3,3,3,3.0,3.0,3,3.0,3,3,3,3.0,3,0,3.0,15,5,1.0836928835057442,-0.4257957069452167
3,2,2,3,3,3,3,3,3,3.0,3,3,3,2,3,3,3,3.0,3,3,3,3,3,3,3,3,2,3,3,3,3,3,3,3,3,3,1,3,2,3,3,3,3,2,3,3,2,3,3,3,3,3,2,2.0,3,2,3,3,3,3,3,3,2,3.0,3,2,3,2,3.0,3,3,3,3,3,2,3,3,3,3,3,3,2,3,3,3,3,3,3,3,3.0,3,3,3,3,3,3,2,3,3,3,2,3,3,3,1,1,3,3,2,2,3,3,3,3,3,3.0,3,3,3,3,3,3,2,3,2,2,3,3,3,3,3,3,3,3,3,2,3,3,3,3.0,3,2,3,3,1,3,3,3,3,3,3,3,3,3,3,3,3,3,3,3,3,2,3,3,3,3,3,3.0,2,3,3,3,2,3,3,3,3,3,2,3,3,2,3,3,3,3,2,3,3,2,3,3,3.0,2,3,3,3,2,2,3,3,3.0,2,3,3,3,3,3,2,3,3.0,3.0,3,2,2,2,0,3,2,3,2,3,2,2,3,2,3,3,2,2,3,3,3,3,3,2,0,3,1,2,2,3,3,2,0,3,2,3,3,3,3,2,2,3.0,3,3,3.0,3,3,3,3,2,3,1,3,2,2.0,3,3.0,3,3,3,2,3,3,2,3,3,3,3,2,3.0,3,2,3,3,3.0,3,3,3,3.0,3,3,3.0,3,3.0,3,3,2,3,3,2,3,3,3,3,3,3,3,3,3,3,0.0,3,3,2,2,3,3,2,2,3,3,3,3,2,3,3,2,2,3,3,3,3,3,3,3,3,3,2,2,3,3,3,2,3,2,3,2,3,3.0,3.0,3,2,3,2,2,3,3.0,3,3,3.0,3,3,3,2,3,3,3,3,2,3,3,3.0,3.0,3,3,3,2,3,3,3,3,2,3,3,1,1,3,3,3,2,3,2,3,3,2,2,3,3,3,3,3,3,3,3,3,3,3,3,3,3,3,2,3,3,2,3,3,3.0,2,3,3,2,2,2,3,3,3.0,3.0,2,3.0,2,3,2,3,3,3,3,3,3,3,3.0,3,3,3,3,3,3,2,3,2,3,3.0,3,2,3,3,2,2,2,3,3,2,3,3,3.0,3,2,3,3,3,3,2,3,3,3,2,0,3,3,3,3,3,3,3,3,3,3,3,2,3,3,3,3,3,3,2,3,3,3,3,3,3,3,3.0,3,3,3,2,3,3,3,3,3,3,3,3,3,3,0,3.0,2,3,2,3,3,3,3.0,3,3,3,3,3.0,3,3,3,3,3,3,3,3,3,3.0,3,3,3,3,3,3,3,,3.0,2,3.0,2,3.0,3,3,3,3,3,3,3,2,3.0,3,3,3,3.0,3,3,3.0,3,3,3,3.0,3,3,3,3.0,,3,3.0,3,3,2,2.0,3,3,3.0,16,5,1.1276723426599655,-0.22495836597352067
3,2,2,3,3,2,2,2,3,3.0,3,3,2,3,3,3,2,3.0,3,2,3,2,3,3,3,2,3,2,3,3,2,2,2,3,2,2,3,2,3,2,3,3,2,3,3,3,3,3,3,3,3,3,3,3.0,3,3,2,3,2,3,3,3,2,2.0,3,2,2,3,3.0,2,3,2,2,2,2,3,3,3,2,3,3,2,3,2,3,2,2,3,3,3.0,2,3,2,3,3,2,2,3,2,1,3,3,2,2,2,3,3,2,2,3,3,2,2,3,3,3.0,3,2,2,3,3,3,2,3,3,3,3,3,3,3,2,3,3,3,2,3,0,3,3,3.0,2,2,3,3,3,2,2,2,3,3,2,2,1,2,3,2,3,3,2,3,3,2,3,1,3,3,3,3.0,3,2,2,3,3,2,3,2,2,3,3,3,3,3,3,3,3,3,3,3,3,3,3,3,3.0,3,2,3,2,3,3,3,2,3.0,3,3,3,3,2,3,3,3,3.0,3.0,3,3,2,3,3,2,2,2,2,2,3,2,3,2,3,2,3,3,3,3,3,2,3,3,3,3,3,2,3,2,3,3,3,3,3,0,2,3,2,3,3,3.0,3,3,3.0,3,3,3,3,2,3,3,3,3,3.0,3,3.0,2,2,3,3,3,2,3,3,2,3,2,3,3.0,3,2,1,3,3.0,2,2,3,3.0,2,0,3.0,3,3.0,2,3,3,3,3,3,3,3,3,2,2,3,3,2,3,3,3.0,3,3,3,3,3,3,2,3,3,3,3,3,2,2,3,3,3,3,3,3,3,3,3,3,3,3,2,3,3,2,3,3,3,3,3,3,3,3.0,3.0,3,3,3,2,2,3,3.0,3,3,3.0,2,2,3,2,2,2,2,3,3,3,2,3.0,3.0,3,3,3,3,3,3,2,2,3,3,3,3,2,1,3,2,3,2,3,2,3,3,3,3,2,3,3,3,2,3,2,2,2,2,2,3,3,3,1,3,3,0,2,3,2.0,2,3,3,2,3,3,2,2,3.0,3.0,3,3.0,3,3,3,3,3,2,2,3,3,3,3.0,2,2,3,0,3,3,3,2,3,3,3.0,3,2,2,3,3,3,2,3,2,3,2,3,3.0,3,2,3,3,3,3,3,2,2,3,3,3,2,2,0,3,3,3,3,3,3,3,1,3,2,2,2,3,3,3,3,3,3,3,3,3,3,3,,2,3,3,3,3,3,2,2,3,3,1,2,3,2,2,3.0,2,2,3,2,3,2,3.0,3,2,3,2,2.0,3,2,3,3,3,3,3,3,2,3.0,2,3,3,3,3,3,3,3.0,3.0,3,3.0,3,3.0,3,3,2,3,3,3,3,2,3.0,3,3,2,3.0,3,3,3.0,3,2,3,3.0,3,2,3,3.0,3.0,2,3.0,3,3,3,3.0,2,3,3.0,17,5,1.104725787631272,-0.3822801229374395
3,2,3,2,3,2,3,3,3,3.0,2,3,2,2,3,2,3,3.0,3,3,3,3,3,3,3,3,2,3,3,3,3,3,3,2,3,3,2,3,2,3,3,3,3,0,3,3,2,2,3,3,3,0,2,3.0,0,3,3,2,3,2,3,3,3,1.0,3,3,3,3,3.0,3,3,3,3,3,3,2,3,3,3,3,3,3,3,3,2,3,2,3,3,3.0,3,3,3,3,3,2,3,3,2,3,2,3,3,3,3,2,3,3,2,3,3,3,3,3,3,3.0,3,3,3,3,3,3,3,3,2,3,3,2,3,3,3,3,3,3,3,2,3,3,3,3.0,2,2,3,3,3,2,3,3,3,3,3,3,3,3,3,3,3,3,2,3,3,2,3,3,3,3,3,3.0,3,3,3,3,3,3,3,3,3,2,3,3,2,3,3,3,2,1,1,3,3,3,1,3,3.0,2,3,3,2,3,3,3,3,2.0,2,2,3,3,3,2,3,3,3.0,3.0,2,2,3,2,3,3,3,2,2,3,2,2,3,2,3,2,2,2,3,3,3,3,2,3,3,3,3,3,3,3,3,3,3,2,2,3,3,3,3,3,3,3.0,3,3,3.0,3,3,3,3,3,3,3,2,2,3.0,3,3.0,2,3,3,2,3,3,2,3,3,3,3,2,3.0,3,3,3,3,3.0,2,3,3,2.0,3,3,3.0,3,3.0,3,3,3,3,3,3,3,3,2,3,3,3,3,3,3,3,3.0,3,3,2,2,2,3,2,3,3,2,2,3,2,3,3,3,2,3,3,3,3,3,3,3,3,3,3,2,2,3,3,3,3,3,0,2,3,3.0,3.0,2,3,3,3,3,0,3.0,3,3,3.0,3,3,3,3,3,1,3,1,3,3,3,3.0,2.0,3,3,3,2,2,3,3,3,2,3,3,3,3,3,3,3,2,3,3,3,3,3,3,3,3,3,3,3,3,3,3,3,3,3,2,3,3,3,3,3,3,3,3,3,3.0,2,3,3,3,3,0,3,3,3.0,3.0,2,3.0,2,3,3,2,2,3,2,3,3,3,3.0,3,3,3,3,3,2,3,3,3,1,3.0,3,3,3,2,3,3,2,2,3,3,2,2,3.0,2,2,3,3,3,3,3,3,3,3,3,3,3,3,3,3,3,3,3,3,3,3,3,3,3,3,3,1,2,3,3,3,3,3,3,3,3,3,3.0,3,3,3,3,3,3,3,3,3,2,3,3,3,3,3,3.0,3,3,3,3,3,3,3.0,3,3,3,3,3.0,3,3,3,3,3,3,3,3,3,3.0,2,3,3,3,3,3,3,,2.0,3,3.0,2,3.0,3,3,3,3,3,3,3,3,3.0,3,3,3,,3,3,3.0,3,3,3,3.0,3,3,3,3.0,,2,3.0,3,3,3,3.0,3,3,3.0,18,5,1.1268082486919053,-0.2647483750088331
1,2,2,2,3,2,1,2,2,3.0,3,2,2,2,2,2,2,3.0,2,3,2,2,3,2,2,2,3,3,2,3,2,2,2,2,2,2,1,2,1,2,2,3,2,3,2,2,2,2,2,2,2,3,2,3.0,0,3,3,2,3,2,2,3,2,2.0,2,0,2,3,3.0,2,3,3,2,2,2,0,2,3,2,3,2,2,2,2,2,3,2,2,2,3.0,2,3,2,2,3,2,2,3,2,2,2,3,3,2,2,2,3,3,0,2,2,2,2,2,2,3.0,2,2,2,2,2,3,2,3,2,3,2,2,2,2,2,2,2,2,2,2,2,2,2,3.0,2,2,2,2,3,3,2,2,2,3,0,3,2,2,2,3,2,2,2,3,2,2,2,2,2,2,3,3.0,2,2,2,2,3,3,3,3,2,2,3,2,3,3,2,3,2,3,3,3,2,2,3,2,3.0,3,2,2,3,3,3,2,2,3.0,3,2,3,2,2,3,3,2,3.0,3.0,2,3,2,2,3,3,3,2,3,3,2,2,3,2,2,2,2,2,2,2,3,2,2,3,3,3,2,3,3,3,2,3,3,3,3,2,3,3,3,3,2,3.0,3,3,3.0,3,3,3,2,3,2,3,2,2,3.0,2,3.0,2,3,3,2,3,2,2,2,2,3,2,2,2.0,2,3,3,3,2.0,2,3,2,3.0,2,2,3.0,3,3.0,2,3,3,3,3,3,2,3,3,2,2,3,3,3,3,3,3.0,2,2,3,2,2,3,2,2,2,3,2,3,3,2,2,3,2,2,3,3,2,3,3,2,3,3,3,2,2,2,2,2,3,3,2,3,3,3.0,3.0,3,2,1,3,2,2,2.0,3,3,3.0,3,2,3,2,2,2,2,2,3,2,2,3.0,2.0,3,3,3,2,3,3,2,3,3,3,3,3,2,2,3,2,3,3,3,2,2,2,1,2,3,2,2,2,3,3,3,1,2,3,2,3,3,2,3,2,2,2,3,3,3.0,2,2,3,3,3,3,2,2,3.0,3.0,2,2.0,2,3,3,2,3,3,3,2,3,3,3.0,3,2,2,3,0,3,3,3,3,2,3.0,3,3,2,2,1,3,2,2,3,2,2,2,3.0,3,3,2,3,2,2,3,3,2,3,3,2,2,3,3,3,3,3,3,3,1,2,3,2,2,2,2,3,3,3,2,1,2,3,3,2,3,3,3.0,3,2,2,2,2,2,3,3,3,3,2,3,2,3,2,3.0,3,3,3,2,3,1,3.0,2,2,1,2,2.0,2,2,3,2,3,3,2,3,2,3.0,3,2,3,3,2,3,3,3.0,3.0,2,3.0,3,3.0,3,1,2,3,3,2,3,3,3.0,3,1,3,3.0,3,3,3.0,3,2,3,3.0,2,3,3,3.0,3.0,3,3.0,3,2,2,3.0,2,2,3.0,19,5,1.0820583408332891,-0.4402733012911118
3,2,2,3,2,2,2,2,2,3.0,2,3,2,0,3,2,3,3.0,3,3,3,3,1,2,3,3,2,2,2,0,2,2,3,2,3,3,3,3,3,3,3,3,2,3,2,2,2,2,2,2,2,3,2,3.0,2,2,3,2,3,3,2,2,2,2.0,3,2,2,3,3.0,2,2,3,2,2,2,3,2,2,2,3,3,2,2,2,2,3,2,2,2,3.0,3,3,2,3,3,2,2,2,2,1,2,3,2,3,2,2,3,3,2,2,2,3,3,3,2,3.0,2,3,3,2,2,3,2,3,2,2,3,3,3,2,3,3,3,3,3,2,2,2,2,3.0,2,2,3,3,3,2,2,2,2,3,3,3,3,2,3,2,2,3,2,3,3,2,2,2,3,3,3,3.0,3,2,2,2,2,3,2,2,2,3,2,3,3,2,2,3,2,3,2,3,3,2,1,2,3.0,2,2,2,2,2,3,3,2,3.0,2,2,2,3,2,2,2,2,3.0,0.0,2,2,0,2,2,2,1,2,2,2,2,2,2,2,1,2,2,2,2,3,2,2,2,2,2,3,3,3,3,3,2,2,2,3,3,2,2,3,3,1,2,2.0,3,3,2.0,2,3,3,2,2,3,3,2,2,3.0,3,2.0,2,2,3,2,3,2,2,2,2,3,2,1,3.0,2,2,2,2,3.0,2,2,2,3.0,2,3,3.0,2,3.0,2,3,2,3,3,3,2,3,2,2,2,3,2,2,2,3,3.0,2,2,2,2,2,3,2,3,3,3,2,3,2,3,3,3,2,1,2,3,3,2,3,2,3,3,3,2,2,2,3,2,3,2,0,2,2,3.0,3.0,3,3,2,2,2,3,3.0,3,3,3.0,3,2,3,2,3,3,3,2,3,3,2,3.0,3.0,2,3,3,2,2,3,3,1,3,2,2,2,2,3,3,2,2,3,2,3,3,2,3,3,2,3,3,2,2,3,3,2,3,3,2,3,2,2,2,3,3,2,3,3,3.0,2,3,3,2,3,3,3,3,2.0,3.0,2,3.0,2,3,3,2,3,2,2,3,2,3,3.0,3,2,2,1,3,2,2,2,3,2,2.0,1,1,3,3,2,3,2,2,3,3,3,2,3.0,2,3,2,2,3,3,3,3,2,3,2,2,2,2,3,3,2,3,3,3,3,2,3,3,3,3,2,3,2,2,3,3,3,3,2,2,3,3,3.0,3,3,2,3,3,3,3,2,3,2,3,2,2,3,2,3.0,2,3,3,2,3,3,3.0,0,2,3,3,3.0,3,3,2,3,3,2,2,2,3,2.0,1,2,2,2,2,3,3,3.0,3.0,2,3.0,2,3.0,2,3,1,3,3,3,3,2,3.0,2,3,3,3.0,3,3,2.0,2,2,3,3.0,2,2,2,3.0,3.0,3,3.0,3,3,3,3.0,3,2,3.0,20,5,1.077171737903433,-0.4645974290384973
3,3,3,2,0,3,2,3,3,3.0,2,3,2,2,3,2,3,3.0,3,2,3,3,3,2,3,2,2,3,3,3,2,2,3,3,3,3,3,3,2,2,3,2,3,2,2,3,2,2,3,3,3,1,2,2.0,3,2,2,2,2,2,3,3,2,2.0,3,2,3,2,3.0,3,3,3,3,3,2,3,3,3,3,3,2,3,3,2,3,3,1,2,3,3.0,2,2,2,3,3,3,3,2,2,2,2,3,2,2,2,3,3,2,2,2,3,2,2,3,3,2.0,2,2,2,3,2,2,2,3,2,3,3,3,3,2,3,2,3,3,3,2,3,2,2,3.0,3,2,3,2,3,3,3,2,2,3,3,3,3,2,2,3,3,3,2,3,2,2,0,2,3,3,3,3.0,3,3,3,3,2,3,2,3,2,2,2,3,3,2,3,3,3,3,2,3,3,2,2,2,3.0,2,3,2,2,2,2,2,3,2.0,2,3,3,2,2,2,3,3,3.0,3.0,2,0,2,2,2,3,2,3,3,3,2,2,3,2,2,2,3,2,3,2,3,2,3,2,2,3,2,2,3,3,3,2,2,3,1,2,2,3,2,1,3,2.0,3,3,2.0,1,2,3,2,2,2,2,2,2,3.0,3,3.0,3,2,2,2,3,3,2,2,3,2,3,2,3.0,2,0,2,2,3.0,3,3,3,3.0,2,3,3.0,3,3.0,2,3,2,3,3,3,2,3,2,2,2,2,2,3,2,3,2.0,3,2,2,2,2,3,2,2,3,3,2,3,2,3,3,3,2,3,2,3,2,3,3,3,2,3,3,2,2,3,3,2,2,3,3,2,3,3.0,3.0,3,3,3,2,3,3,3.0,3,3,3.0,3,3,2,3,2,2,2,3,3,2,3,3.0,2.0,3,3,2,2,3,3,3,3,2,3,3,2,2,3,3,3,2,2,2,2,3,2,3,3,3,3,3,3,3,3,3,3,3,3,3,2,3,3,2,3,3,2,2,3,3.0,2,3,3,3,3,3,2,3,2.0,3.0,2,3.0,2,3,2,3,3,3,3,3,3,2,3.0,2,3,1,3,3,3,3,2,2,3,3.0,2,3,3,3,3,3,1,1,3,2,3,2,3.0,3,3,3,2,3,3,3,3,3,3,3,3,3,3,3,2,3,3,3,3,3,3,3,0,2,3,3,3,3,3,2,3,2,1,3,3,3,3,3.0,3,3,3,3,3,3,3,3,0,3,3,2,2,3,2,3.0,3,3,3,3,3,3,3.0,3,3,2,3,3.0,3,3,3,3,2,3,3,3,3,2.0,3,1,2,2,3,2,2,3.0,3.0,2,3.0,3,3.0,3,3,2,2,3,3,3,3,3.0,3,3,3,3.0,3,3,3.0,3,2,3,3.0,3,3,3,3.0,3.0,3,3.0,3,3,3,3.0,2,2,3.0,21,5,1.093260104511038,-0.36647253193801677
3,2,1,3,3,3,2,3,2,3.0,3,3,2,3,3,1,2,3.0,3,3,1,3,2,3,3,2,2,3,3,3,2,3,2,2,3,3,3,3,3,2,3,2,2,3,2,2,3,3,2,2,2,3,3,2.0,3,3,2,3,3,3,3,3,2,3.0,2,2,2,3,3.0,3,3,2,2,3,2,2,3,3,3,3,3,2,3,2,3,3,3,2,3,3.0,3,2,2,2,2,2,3,3,2,2,2,3,3,3,3,3,3,3,2,3,3,2,2,3,3,3.0,3,2,3,2,2,2,3,3,3,3,3,0,3,2,2,2,3,3,3,3,3,3,2,3.0,2,3,2,3,3,3,3,3,3,3,2,2,2,3,2,3,3,2,3,3,2,2,3,3,3,2,3,3.0,3,2,2,3,2,3,3,2,1,2,3,3,3,3,3,3,3,3,3,3,3,1,3,3,3.0,2,2,2,2,3,2,0,2,3.0,2,2,3,3,3,3,3,2,3.0,3.0,2,0,2,3,3,3,3,2,3,3,3,2,2,2,2,2,2,3,3,3,2,2,3,2,2,2,2,2,3,2,2,2,3,3,3,3,3,1,3,2,3,3.0,2,3,3.0,3,3,3,2,2,3,2,2,2,3.0,2,3.0,3,2,3,3,2,3,2,2,2,3,3,3,3.0,2,2,2,3,2.0,2,3,2,2.0,3,3,3.0,3,3.0,3,2,3,3,2,3,3,3,2,3,2,3,2,2,2,3,3.0,3,3,2,2,2,3,2,2,2,3,3,3,3,3,2,3,3,3,2,3,3,2,3,2,3,3,3,2,2,2,3,2,2,3,3,3,3,3.0,3.0,3,3,3,3,3,3,3.0,3,2,3.0,2,2,3,3,0,3,2,2,3,2,2,3.0,3.0,3,2,3,3,1,3,2,3,3,3,3,3,3,2,3,2,3,2,3,2,2,2,2,3,2,2,2,2,3,2,3,2,3,2,2,2,2,3,2,3,3,3,3,3,3.0,3,3,3,3,3,3,3,2,3.0,3.0,2,3.0,2,3,3,3,3,2,2,3,3,3,3.0,3,3,2,3,3,2,3,0,2,3,2.0,2,3,3,2,3,3,2,2,2,3,1,3,3.0,3,3,3,2,1,3,3,2,3,2,2,3,2,2,3,3,3,3,2,2,2,3,3,2,3,2,3,2,2,3,3,2,3,3,2,3,2,3,3.0,2,3,3,3,3,3,2,3,3,3,2,3,2,2,0,3.0,3,3,3,2,3,3,3.0,3,2,3,3,3.0,1,3,3,3,3,3,3,3,3,3.0,3,2,3,3,3,3,3,3.0,3.0,3,2.0,2,3.0,3,3,2,3,3,3,3,3,3.0,3,3,3,3.0,2,3,3.0,3,3,3,3.0,3,3,3,3.0,3.0,3,2.0,3,2,3,3.0,2,3,3.0,22,5,1.0981033004714962,-0.36330751793171584
3,3,2,3,3,2,2,3,3,3.0,2,3,2,3,3,3,2,3.0,3,2,3,2,3,3,2,3,3,3,3,3,3,3,3,2,3,2,3,3,3,2,3,2,2,3,2,2,3,2,2,3,2,3,3,2.0,2,3,2,2,2,3,2,3,3,3.0,2,2,3,3,3.0,3,3,3,2,2,3,3,3,3,3,3,3,2,1,2,3,3,3,3,3,3.0,3,3,1,3,2,3,3,2,3,3,3,2,2,2,3,3,3,3,3,3,3,3,3,3,3,3.0,3,2,3,2,2,3,2,3,2,2,2,3,3,3,3,3,3,2,3,3,2,3,3,0.0,2,2,3,3,3,3,2,3,2,3,2,2,3,2,3,3,3,3,3,3,3,2,3,3,2,1,3,3.0,3,3,2,2,1,3,3,2,2,3,2,3,3,2,3,3,3,3,3,3,2,3,3,3,3.0,3,3,3,2,3,2,3,2,3.0,2,2,2,2,2,3,3,3,3.0,3.0,1,2,2,2,3,2,3,3,3,2,2,3,3,2,3,2,3,3,3,3,3,2,3,3,3,2,2,2,3,2,3,3,2,3,3,2,3,3,2,3,3,3.0,2,3,3.0,2,3,3,3,1,3,2,2,2,3.0,2,3.0,2,3,2,2,2,2,2,3,3,3,3,3,2.0,2,3,3,3,3.0,2,3,3,3.0,3,2,3.0,2,3.0,3,2,2,3,3,3,2,3,2,3,2,3,3,2,2,0,3.0,2,2,3,2,2,3,2,3,3,3,3,3,3,3,3,3,3,3,3,2,2,3,0,3,3,3,3,2,3,3,3,3,3,2,3,3,3,3.0,3.0,3,2,3,3,3,3,3.0,3,3,3.0,2,3,3,3,3,3,3,2,3,3,3,3.0,3.0,3,3,3,2,3,3,3,3,3,3,3,3,3,3,2,3,3,2,2,3,3,0,2,3,3,3,2,1,2,3,3,2,2,3,2,3,3,3,3,3,3,3,3,3,3.0,3,3,2,2,3,3,3,2,3.0,3.0,3,3.0,2,3,3,3,2,3,3,3,3,3,3.0,3,3,3,3,3,3,3,2,2,2,3.0,2,2,3,2,2,3,3,3,3,2,3,2,3.0,2,3,3,2,3,3,1,2,2,3,3,1,3,2,3,3,3,3,3,3,3,3,3,2,2,3,2,3,3,3,3,2,2,3,3,3,2,3,3.0,3,3,3,3,3,3,3,2,3,3,0,3,3,3,3,3.0,3,3,3,3,3,2,3.0,3,3,3,2,2.0,2,3,3,3,3,3,3,3,3,3.0,2,3,3,3,3,3,3,3.0,3.0,3,3.0,3,2.0,3,3,2,2,3,3,3,3,0.0,2,3,2,3.0,3,3,3.0,3,3,3,3.0,3,3,3,3.0,3.0,3,3.0,3,2,3,3.0,2,3,3.0,23,5,1.0989815768394553,-0.3208861295755817
3,2,2,2,3,3,2,2,2,3.0,2,3,2,2,2,3,2,3.0,2,2,2,3,2,2,2,3,2,3,2,3,2,2,2,3,3,3,3,3,3,3,2,3,2,2,2,2,2,3,2,2,2,3,3,3.0,3,2,2,3,2,2,2,2,2,3.0,3,2,2,3,3.0,2,2,3,2,2,2,3,3,3,2,3,3,2,2,2,2,3,2,2,2,3.0,3,2,2,3,2,3,1,3,2,2,2,2,2,2,2,2,3,3,2,0,3,2,2,3,2,3.0,3,2,3,3,3,3,2,2,2,3,3,2,2,2,2,2,2,3,0,2,3,3,2,3.0,2,2,3,3,3,2,2,2,2,3,2,3,2,2,2,2,2,2,1,3,3,2,2,2,3,2,3,2.0,2,3,2,2,3,3,2,2,2,3,3,2,2,3,2,3,3,3,2,2,2,3,3,3,3.0,2,3,3,3,2,2,3,2,3.0,3,2,3,2,3,3,2,3,3.0,3.0,2,2,2,0,2,3,2,2,2,2,2,2,3,2,3,2,3,2,3,3,2,2,3,1,2,3,2,3,3,2,2,2,2,3,3,2,2,3,3,3,2,3.0,2,3,2.0,3,3,2,2,2,3,3,2,3,3.0,2,2.0,2,3,3,3,3,3,2,2,2,3,2,3,3.0,3,2,2,3,3.0,2,2,2,3.0,3,2,3.0,3,3.0,3,2,3,3,3,3,3,1,2,3,2,3,2,2,2,3,3.0,2,3,2,2,2,3,3,2,3,3,3,3,2,3,2,3,3,3,3,0,3,3,3,2,3,2,3,3,2,2,3,2,3,3,3,2,2,3.0,3.0,3,3,3,3,2,2,3.0,3,3,3.0,2,2,3,3,2,2,2,2,3,2,2,3.0,3.0,2,3,2,2,2,3,3,1,3,2,3,2,2,3,2,3,3,2,3,2,2,2,3,2,2,3,2,2,2,3,2,2,2,3,2,2,2,3,2,3,2,2,3,3,3.0,2,2,3,2,3,2,1,3,2.0,3.0,2,3.0,3,3,3,2,3,3,3,3,3,3,3.0,3,3,2,3,3,2,2,2,2,3,3.0,2,3,2,2,2,3,3,2,1,3,3,3,3.0,2,2,3,2,3,3,3,2,2,3,0,2,1,2,2,3,2,3,2,3,2,2,2,2,1,2,2,1,2,3,3,3,2,3,3,2,2,3,3.0,3,3,3,2,3,3,1,2,3,3,2,2,2,2,3,2.0,3,2,3,2,3,3,3.0,2,2,3,2,2.0,3,2,3,2,0,2,3,1,3,3.0,3,3,3,3,3,3,3,3.0,3.0,3,3.0,1,3.0,2,3,2,3,2,3,3,2,3.0,3,3,3,3.0,2,2,3.0,3,2,3,3.0,1,2,3,3.0,3.0,3,3.0,3,3,3,3.0,2,3,3.0,24,5,1.0850788054749068,-0.4084691330908796
2,2,2,2,2,2,2,2,2,3.0,2,3,2,3,3,2,2,3.0,2,2,3,2,2,3,2,2,2,2,2,2,2,3,2,1,2,2,3,3,2,0,2,2,2,3,2,2,2,3,3,3,2,3,1,3.0,3,3,2,3,3,2,2,3,3,2.0,2,2,2,2,3.0,3,3,1,2,2,2,3,3,2,3,3,2,3,3,2,2,2,2,2,2,3.0,2,2,2,1,2,3,3,2,2,3,2,3,2,2,2,0,3,2,2,3,2,3,3,3,2,3.0,3,2,3,3,2,3,2,2,2,3,2,2,2,2,2,3,2,2,3,2,2,3,3,3.0,2,2,3,3,3,2,2,3,3,2,2,2,2,3,3,3,2,2,2,2,3,3,3,3,3,2,3,3.0,2,2,2,3,2,2,2,2,2,2,2,2,3,2,2,3,3,2,2,3,3,2,3,2,3.0,2,2,2,3,3,3,3,2,3.0,3,1,3,2,2,0,3,2,3.0,3.0,2,2,1,2,2,2,2,2,3,2,2,2,2,2,2,2,2,2,2,3,2,2,0,2,3,3,3,2,3,2,3,2,3,3,2,2,2,3,1,2,3,2.0,3,3,3.0,3,3,2,2,2,3,3,1,2,3.0,2,2.0,2,2,2,3,3,3,2,2,2,3,3,3,3.0,3,2,2,2,3.0,2,2,2,2.0,3,3,3.0,3,2.0,0,2,2,3,2,2,3,3,2,3,2,2,3,2,3,2,3.0,2,1,3,3,2,3,2,2,3,2,2,3,2,3,3,2,3,3,2,3,2,3,2,2,2,3,3,2,3,3,3,2,3,3,3,3,2,3.0,3.0,3,3,2,2,2,2,3.0,3,3,3.0,2,3,3,3,2,2,2,3,3,2,2,2.0,3.0,2,2,1,2,3,2,2,2,3,2,2,3,2,2,3,2,2,2,2,2,2,2,2,3,2,2,2,3,2,3,2,2,3,3,2,3,3,2,2,3,2,2,0,3,3.0,2,3,3,2,3,3,2,2,3.0,3.0,3,3.0,3,3,3,3,3,2,3,3,3,3,3.0,3,3,3,3,3,3,3,2,2,2,3.0,2,3,2,2,2,2,2,2,2,3,2,2,3.0,2,2,3,2,3,2,3,2,2,3,2,3,3,2,3,3,1,3,3,3,1,3,3,1,2,3,3,3,3,3,3,2,3,3,3,3,3,3,3.0,3,3,3,2,3,3,3,2,2,3,2,2,2,3,2,2.0,2,2,2,2,3,2,3.0,3,3,2,3,2.0,3,2,3,3,3,2,3,2,2,2.0,3,2,3,3,3,3,3,3.0,3.0,2,3.0,3,3.0,3,2,2,3,3,3,3,2,3.0,2,3,3,3.0,3,3,3.0,3,3,2,3.0,2,3,3,3.0,3.0,3,3.0,3,2,1,3.0,3,3,3.0,25,5,1.0811735434376946,-0.4818218350142768
3,3,2,2,3,3,2,3,2,3.0,3,3,2,3,3,3,3,3.0,3,2,2,2,3,3,3,3,3,2,3,2,3,2,3,3,3,2,3,2,3,2,3,3,2,3,3,2,2,3,3,3,2,3,3,3.0,3,3,3,3,3,3,2,3,3,3.0,3,3,2,3,3.0,3,3,2,3,3,2,3,2,3,2,3,3,2,3,3,3,3,2,2,3,3.0,3,3,2,3,2,2,3,2,2,2,3,3,3,3,3,2,3,3,3,3,2,2,3,2,3,3.0,3,3,3,3,3,3,3,3,2,3,3,3,3,3,0,3,3,3,2,3,2,3,3,3.0,2,3,2,3,3,3,2,2,2,3,2,3,2,2,3,0,3,3,3,3,3,3,3,3,3,3,2,3.0,3,3,2,2,2,3,3,3,2,3,3,2,3,3,3,3,3,3,3,3,3,3,3,3,3.0,3,3,3,3,3,3,3,2,3.0,3,3,3,3,3,3,3,3,3.0,3.0,3,3,3,2,3,3,3,3,3,2,3,3,3,2,3,2,3,3,3,3,3,1,3,2,3,3,3,3,0,2,3,3,3,3,3,3,3,3,3,3,2,3.0,3,2,3.0,3,2,3,3,2,3,3,2,2,3.0,2,3.0,3,3,3,3,2,2,3,3,2,3,3,1,3.0,3,3,3,3,3.0,2,3,1,3.0,3,3,3.0,2,3.0,3,3,3,3,3,3,3,2,3,3,3,3,3,3,3,3,3.0,2,2,2,3,3,3,2,3,3,3,3,3,2,3,3,3,3,3,3,3,3,3,3,3,3,3,3,2,3,3,2,3,3,3,3,3,3,3.0,3.0,3,3,3,3,1,3,3.0,3,3,3.0,2,2,3,3,3,3,2,3,3,2,3,3.0,3.0,3,3,3,3,3,3,2,3,3,3,3,3,3,3,3,3,2,2,3,2,3,3,2,3,2,2,3,3,2,3,3,3,3,3,3,3,3,2,2,0,3,3,3,3,2.0,3,3,3,3,3,3,3,3,3.0,3.0,3,3.0,3,3,3,3,2,3,3,3,3,3,3.0,3,3,3,2,3,3,3,2,3,3,3.0,2,2,2,3,2,3,3,2,2,3,2,3,,2,2,2,3,3,3,3,2,3,2,3,3,3,2,3,3,3,3,3,1,2,3,2,3,2,3,3,2,2,2,3,3,2,3,3,2,2,3,3.0,3,3,3,2,3,3,0,1,0,3,2,2,2,2,2,3.0,2,2,2,1,3,3,3.0,3,2,3,2,3.0,2,3,2,3,2,3,3,3,3,3.0,3,3,3,3,3,3,3,3.0,3.0,2,3.0,3,3.0,1,3,3,3,3,3,3,3,3.0,3,3,3,3.0,2,3,3.0,3,3,3,3.0,3,3,3,3.0,3.0,3,3.0,3,3,3,3.0,2,3,3.0,26,5,1.1100532623169108,-0.2936605829211827
2,2,2,2,2,3,2,3,3,3.0,2,3,2,3,3,3,3,3.0,3,2,1,2,3,0,3,2,2,3,3,3,2,2,3,2,2,3,3,3,3,3,3,2,3,2,2,3,2,2,3,2,3,3,2,3.0,2,2,1,2,3,2,3,3,3,2.0,2,2,3,3,3.0,2,3,2,3,2,3,2,3,3,3,3,2,2,3,2,2,3,3,3,2,3.0,3,3,2,2,3,2,3,3,3,3,2,2,2,3,3,3,3,2,2,2,2,3,1,3,3,2.0,3,0,2,2,3,2,2,3,2,2,3,3,2,2,3,3,2,2,3,2,2,3,3,3.0,3,2,3,2,3,3,3,2,2,2,2,3,3,3,3,3,2,2,3,3,3,2,2,2,3,2,3,3.0,3,3,3,2,2,3,1,2,2,1,2,3,3,2,1,2,3,3,1,3,2,2,2,3,2.0,2,2,2,2,2,2,3,3,2.0,2,2,2,2,2,2,2,2,3.0,2.0,2,1,3,3,2,3,2,3,3,3,0,1,2,2,2,2,3,2,3,3,2,2,2,2,3,3,3,3,2,2,2,2,2,2,1,2,2,2,2,2,3,2.0,3,2,2.0,2,2,2,1,2,3,2,2,2,2.0,2,2.0,2,2,2,2,2,3,2,3,3,3,3,2,3.0,2,2,3,2,3.0,3,2,3,2.0,2,3,3.0,2,0.0,2,3,2,3,3,2,2,3,2,3,2,2,2,3,3,3,2.0,2,3,3,2,0,2,2,2,2,2,2,3,2,3,3,2,2,3,2,3,2,2,3,1,3,3,2,2,3,3,3,2,2,3,2,2,3,3.0,2.0,2,3,2,2,2,3,3.0,3,3,3.0,3,3,2,1,3,3,2,2,3,2,3,2.0,2.0,2,3,2,2,2,2,3,2,2,3,2,2,2,3,3,2,3,3,2,3,2,2,3,2,2,3,2,3,3,3,3,3,3,3,3,2,3,3,3,3,2,2,3,3,3.0,3,2,3,3,2,2,2,2,3.0,3.0,2,2.0,3,3,0,3,2,3,3,3,1,2,3.0,3,2,2,3,3,2,2,2,2,3,3.0,2,3,3,2,3,3,2,2,3,3,3,3,3.0,2,3,3,3,3,2,3,2,3,3,2,3,2,3,3,2,2,3,3,3,3,2,3,3,3,3,2,3,3,3,3,2,3,3,3,3,3,2,3.0,3,3,3,2,2,3,3,3,3,3,3,3,2,3,3,3.0,3,2,3,3,3,2,3.0,2,3,3,3,3.0,2,3,3,2,2,3,3,2,2,2.0,2,2,3,2,3,2,3,3.0,3.0,2,3.0,3,3.0,3,2,3,2,2,2,3,2,3.0,3,3,3,3.0,3,3,3.0,3,3,3,3.0,3,3,2,3.0,3.0,3,2.0,3,3,3,3.0,2,3,3.0,27,5,1.0836146455466114,-0.2941812901692342
2,1,2,2,3,2,3,3,2,2.0,2,3,2,2,3,3,3,0.0,2,3,3,3,2,3,3,3,3,3,3,3,2,2,2,3,3,3,2,3,2,2,3,2,3,3,2,2,2,2,2,3,2,3,3,3.0,3,2,3,3,2,3,3,2,2,2.0,3,2,3,3,3.0,2,3,3,2,2,2,3,2,2,2,2,3,2,3,2,3,2,3,3,2,2.0,3,3,2,2,3,2,2,2,3,2,2,3,3,2,2,2,3,2,2,2,3,3,2,2,3,2.0,2,0,2,0,2,2,3,3,2,3,2,2,2,2,2,3,3,3,2,3,1,2,3,3.0,3,2,3,2,3,2,2,2,2,2,2,2,3,1,2,3,2,3,3,3,2,3,2,2,2,2,3,3.0,3,2,3,2,2,2,2,3,2,3,3,3,2,2,3,2,3,3,3,3,2,2,3,3,3.0,2,3,3,2,3,3,3,3,2.0,2,2,1,2,2,2,0,3,3.0,3.0,3,3,2,2,3,3,3,2,2,3,3,3,3,2,2,2,3,3,3,2,2,3,2,2,3,3,2,3,2,2,2,2,3,2,2,2,3,2,3,2,3,3.0,3,1,3.0,3,2,3,2,2,2,2,3,2,3.0,2,3.0,2,3,3,3,2,2,2,3,2,3,2,2,3.0,3,3,2,2,3.0,2,0,3,3.0,3,2,3.0,1,3.0,2,3,3,3,3,3,2,3,3,2,2,3,3,2,3,2,3.0,2,2,2,2,2,3,2,2,3,2,2,3,2,2,1,2,2,2,2,3,2,2,2,2,3,2,3,2,3,2,1,2,3,2,3,2,2,3.0,2.0,3,3,2,2,2,1,3.0,2,3,3.0,2,2,3,2,2,2,3,2,2,2,3,3.0,3.0,3,3,3,2,2,3,2,2,3,2,2,3,2,2,2,2,3,3,3,3,3,2,2,2,2,3,3,2,3,3,2,3,3,3,2,3,2,3,3,3,2,3,3,3,3.0,1,2,3,3,3,3,2,2,2.0,3.0,3,2.0,0,3,3,2,3,2,2,2,2,2,3.0,2,3,3,2,3,2,3,3,3,2,3.0,1,3,2,3,3,2,2,2,2,3,3,2,3.0,3,2,2,3,3,3,3,2,3,3,2,2,1,3,3,3,2,3,2,3,3,2,2,3,3,2,2,3,3,3,2,2,2,3,3,2,3,3,3.0,3,1,1,2,3,3,2,3,3,3,2,3,2,3,3,2.0,2,3,3,3,3,2,3.0,3,3,2,3,3.0,3,2,2,3,2,3,2,3,2,3.0,3,2,3,3,3,2,3,3.0,2.0,3,3.0,3,3.0,2,3,2,3,2,3,3,2,3.0,2,3,3,3.0,3,2,3.0,2,2,2,3.0,3,3,2,3.0,3.0,3,3.0,3,3,3,3.0,3,3,3.0,28,5,1.0805298146655924,-0.37543105042762864
3,3,2,3,3,3,2,3,2,0.0,3,3,3,2,3,3,2,3.0,3,0,3,2,3,3,3,2,3,3,3,3,3,3,3,3,2,2,3,3,3,2,3,3,3,3,3,2,2,3,3,3,3,3,3,3.0,3,3,3,2,3,3,3,3,3,3.0,3,3,3,3,3.0,3,3,2,2,2,3,3,3,2,3,3,2,3,3,3,3,3,2,3,3,3.0,3,3,3,2,3,3,2,3,2,2,3,3,3,3,2,3,3,0,3,2,3,2,3,3,3,3.0,3,2,3,3,3,3,2,3,2,3,3,3,3,3,2,2,3,2,2,3,2,3,3,3.0,2,3,3,3,3,3,3,3,2,3,3,3,2,2,3,3,3,3,3,3,3,2,2,2,3,3,3,3.0,3,3,2,2,3,2,3,3,2,3,3,3,3,3,2,3,3,2,3,3,3,3,3,3,,3,2,3,2,3,3,3,2,3.0,2,2,2,2,3,3,3,3,,3.0,3,3,2,3,3,2,3,2,3,3,3,2,3,2,3,2,3,3,3,3,1,1,3,2,3,3,2,3,3,2,3,3,3,3,3,3,1,3,3,3,3,3.0,3,2,3.0,3,3,3,3,2,3,3,2,3,3.0,2,3.0,3,3,3,3,3,3,3,3,3,3,3,3,3.0,3,2,2,3,3.0,2,3,3,3.0,3,3,3.0,3,3.0,3,3,3,2,3,3,3,2,3,3,3,3,3,2,3,3,3.0,3,3,3,2,3,3,3,3,3,3,3,2,2,3,3,3,3,3,3,2,3,3,3,3,3,3,3,3,3,3,3,3,3,3,3,3,3,3.0,3.0,3,3,3,3,3,3,3.0,3,3,3.0,1,3,3,3,2,3,3,3,3,2,2,2.0,3.0,3,3,3,3,3,3,2,3,3,3,2,3,3,2,3,3,3,2,3,3,3,2,0,3,3,3,3,2,3,3,0,3,3,3,1,3,3,3,0,2,3,3,3,3,2.0,3,3,3,3,3,3,3,3,3.0,3.0,3,,3,3,3,3,3,3,3,3,3,3,3.0,3,3,1,3,3,3,2,3,2,3,3.0,2,2,2,2,2,3,3,3,2,3,3,3,3.0,2,2,3,3,3,3,3,2,3,3,3,3,3,1,3,3,3,3,2,2,3,3,3,3,2,3,2,3,2,3,2,3,2,3,3,3,3,3,,2,3,3,3,3,3,3,2,2,3,2,2,3,3,2,3.0,3,2,2,2,3,3,3.0,2,3,3,3,3.0,2,3,3,2,3,3,3,2,3,3.0,3,3,3,3,3,3,3,3.0,3.0,3,3.0,3,3.0,3,3,2,3,3,3,3,3,3.0,2,3,3,,3,3,3.0,3,3,3,3.0,2,3,3,3.0,3.0,3,3.0,3,3,3,3.0,3,3,3.0,29,5,1.1246629771533987,-0.26402170130801683
3,2,1,3,2,1,3,2,3,3.0,3,3,2,3,3,3,3,3.0,3,3,3,3,3,3,3,3,3,3,3,3,3,3,3,2,3,3,3,2,2,2,3,3,2,3,3,3,3,3,2,3,2,3,2,3.0,3,3,3,3,3,3,3,3,2,2.0,3,3,3,3,3.0,3,3,3,2,2,3,3,2,3,3,2,3,2,2,2,3,3,2,3,3,3.0,2,2,3,2,3,3,2,3,3,3,3,3,3,3,3,3,3,3,0,3,3,3,3,2,3,3.0,3,2,3,3,3,3,2,3,3,3,3,2,2,3,3,2,3,2,2,3,3,2,3,3.0,2,3,3,3,3,2,2,3,3,3,2,2,2,2,3,2,3,3,3,3,2,3,3,3,3,3,2,3.0,3,3,3,3,3,2,3,3,3,3,3,3,3,2,3,0,2,3,3,3,2,3,3,3,3.0,3,2,3,2,3,3,3,3,3.0,0,2,3,3,3,2,3,2,3.0,3.0,3,3,2,2,3,3,2,2,3,3,3,3,3,2,3,2,3,3,3,3,3,2,2,3,3,3,2,2,3,3,3,3,3,3,2,2,3,3,3,2,3,3.0,3,2,3.0,3,3,3,3,2,3,3,2,3,3.0,2,3.0,3,3,3,3,3,3,3,3,3,3,2,3,3.0,2,3,2,3,3.0,2,3,3,3.0,3,3,3.0,3,3.0,3,3,3,3,3,3,3,3,3,2,3,3,2,3,3,3,3.0,2,0,3,3,3,3,1,2,3,3,2,3,2,3,3,3,3,2,2,3,2,3,3,3,3,3,3,2,2,2,0,2,3,3,3,2,2,3.0,3.0,3,3,2,3,3,1,1.0,2,3,3.0,3,3,3,3,3,3,3,3,3,2,3,3.0,3.0,3,3,3,3,3,3,3,3,3,3,3,3,2,3,3,3,2,3,3,2,3,3,3,3,3,3,3,3,3,3,3,2,3,3,2,3,3,3,0,3,3,1,3,3,3.0,2,3,3,3,3,3,3,2,3.0,3.0,2,3.0,3,3,3,2,3,3,3,3,3,3,,3,3,3,3,2,3,3,3,3,2,3.0,2,3,3,3,3,3,2,3,3,1,2,3,,2,3,3,3,3,3,3,3,2,3,3,3,3,2,3,3,2,2,2,3,3,2,3,3,3,3,3,3,3,3,2,2,3,3,3,3,3,3,3.0,3,3,3,3,3,3,3,3,3,3,3,2,3,3,2,3.0,3,3,2,3,3,2,3.0,3,3,3,3,3.0,3,3,2,3,3,3,2,3,3,3.0,3,3,3,3,3,3,3,3.0,3.0,2,3.0,3,3.0,3,3,3,3,3,3,3,3,2.0,3,3,3,3.0,3,3,3.0,3,3,3,3.0,3,3,3,3.0,,3,3.0,3,3,3,3.0,3,3,3.0,30,5,1.1292357243508018,-0.3024881148804612
2,2,2,2,2,1,3,2,2,3.0,3,2,2,2,3,3,3,3.0,3,3,2,3,3,2,2,3,3,3,3,3,2,2,3,2,3,2,2,2,3,3,3,2,2,3,2,2,2,2,3,2,3,3,3,2.0,2,3,3,3,2,3,3,3,2,2.0,3,2,2,2,3.0,2,3,3,2,3,2,3,2,3,2,3,3,2,3,2,3,3,3,3,2,3.0,2,3,2,3,3,2,3,3,2,3,0,2,3,3,2,3,3,3,3,3,2,3,3,3,2,3.0,2,2,3,2,2,2,3,3,3,3,3,3,2,2,1,3,3,3,2,3,2,3,3,0.0,3,2,2,1,3,3,2,2,2,3,2,2,3,2,3,2,3,3,2,3,3,2,3,2,3,2,3,3.0,3,2,2,2,2,3,2,1,2,2,3,3,2,1,3,3,3,3,3,3,2,3,2,2,3.0,1,2,2,3,3,3,0,3,3.0,2,2,3,3,2,2,3,2,2.0,3.0,3,2,2,3,2,3,2,3,2,2,3,2,3,2,3,2,2,3,3,2,3,3,2,2,3,3,3,2,2,3,2,2,3,2,2,3,3,3,3,2,3,3.0,3,3,2.0,3,3,3,2,3,2,3,2,2,3.0,3,3.0,2,2,3,3,3,3,3,2,2,3,3,2,3.0,2,2,3,3,3.0,2,3,2,3.0,3,2,1.0,3,3.0,2,3,3,3,3,3,3,3,3,3,2,3,3,2,3,3,3.0,3,2,3,3,1,2,2,3,3,2,2,3,3,3,2,3,3,2,2,3,2,3,3,2,3,3,3,2,2,3,3,2,2,3,3,3,2,3.0,3.0,3,2,2,2,2,3,3.0,3,3,3.0,0,1,2,2,2,2,3,3,3,2,3,3.0,2.0,3,3,2,0,2,3,3,3,3,3,2,3,3,3,3,2,2,3,2,2,3,2,3,3,2,2,3,2,2,2,3,2,3,3,2,2,2,3,3,3,2,2,3,3,3.0,2,2,3,3,3,3,2,3,3.0,3.0,3,3.0,3,3,3,2,3,3,2,3,2,2,3.0,3,3,3,2,3,3,3,3,3,2,3.0,3,3,2,3,2,3,2,2,3,2,2,3,3.0,3,2,2,3,3,2,3,3,3,3,2,3,2,3,3,3,3,2,2,3,3,2,2,3,2,2,3,3,2,3,2,2,3,2,3,3,3,1,3.0,3,2,3,3,3,2,3,3,3,2,2,2,1,2,3,3.0,3,3,3,3,3,3,3.0,3,3,3,3,3.0,3,3,3,3,3,3,3,3,0,2.0,2,2,3,3,3,3,3,3.0,3.0,2,3.0,2,3.0,3,2,3,2,3,3,3,3,3.0,3,3,3,3.0,2,3,3.0,2,2,3,3.0,3,2,3,3.0,3.0,3,3.0,3,2,3,2.0,3,3,3.0,31,5,1.090768117440298,-0.4042273606227943
2,2,2,3,3,2,3,3,2,3.0,2,3,2,2,3,2,2,3.0,3,2,3,2,3,2,3,2,2,2,3,3,2,3,3,1,2,1,3,3,2,2,2,2,2,3,3,2,2,3,3,2,2,1,2,2.0,3,2,2,2,2,3,3,3,2,3.0,2,2,3,3,3.0,3,3,3,2,2,3,3,3,3,2,3,2,3,3,2,3,3,3,2,3,3.0,3,3,2,2,3,2,3,3,2,2,3,3,3,2,2,3,3,3,2,2,3,2,3,2,3,2.0,3,2,2,2,3,3,2,3,3,2,3,2,0,2,2,3,3,2,3,3,2,3,3,3.0,2,2,3,2,3,3,2,2,3,3,1,3,2,3,3,3,2,3,2,3,2,3,2,2,3,2,3,3.0,2,3,2,3,0,2,2,3,2,2,3,3,3,2,0,2,2,3,3,3,2,2,3,1,3.0,3,2,2,3,1,3,2,2,2.0,2,2,3,2,2,2,3,2,2.0,3.0,3,2,2,2,3,3,2,3,2,2,3,2,2,2,2,1,2,2,3,0,2,2,2,3,2,3,2,2,3,2,3,3,3,2,3,3,3,2,3,3,3,3.0,3,3,2.0,3,2,2,3,2,2,3,2,2,3.0,2,3.0,3,2,3,3,2,2,2,2,2,3,3,2,3.0,2,3,2,3,3.0,2,3,3,2.0,2,1,3.0,2,3.0,2,2,3,2,3,3,3,3,2,3,2,3,2,3,3,3,2.0,3,3,2,2,3,3,2,3,3,2,3,3,3,3,3,3,2,3,2,3,3,3,3,2,3,3,0,3,3,3,3,3,3,3,3,3,3,3.0,3.0,3,3,2,2,2,3,3.0,3,3,3.0,3,2,3,2,3,2,3,3,3,2,3,3.0,2.0,3,3,3,2,3,3,3,3,3,3,3,3,2,1,3,3,3,2,2,2,1,2,2,3,2,3,3,2,3,3,2,2,3,3,3,3,3,3,3,2,2,2,3,3,3.0,2,3,3,3,3,3,2,2,3.0,3.0,3,3.0,3,3,3,2,2,3,3,3,3,3,3.0,3,3,2,3,3,3,3,3,3,2,3.0,2,3,3,2,3,3,3,2,3,3,3,2,3.0,3,3,3,3,3,2,3,2,3,3,2,3,3,2,3,3,3,3,3,3,3,3,3,3,2,3,3,3,3,3,2,2,3,3,3,2,3,3,3.0,3,3,3,2,3,2,3,3,3,0,3,2,2,3,3,3.0,3,3,2,3,3,2,3.0,3,2,3,2,2.0,3,2,3,3,3,3,2,3,2,3.0,3,3,3,2,3,3,3,3.0,3.0,3,3.0,3,3.0,3,3,2,2,3,3,3,3,3.0,3,2,3,3.0,3,3,3.0,3,2,3,3.0,3,3,3,3.0,,3,3.0,3,3,3,3.0,2,3,3.0,32,5,1.0884633397512622,-0.4476915511675918
2,1,2,3,3,2,3,2,3,3.0,2,2,2,3,2,3,3,3.0,2,3,2,3,3,2,3,3,3,3,2,2,2,2,3,3,3,2,2,3,2,3,2,3,3,3,3,2,2,2,2,3,2,3,3,1.0,3,3,3,2,2,3,3,2,2,3.0,3,2,2,3,2.0,1,3,3,2,3,2,2,2,2,3,3,2,3,3,2,2,3,3,3,2,3.0,3,3,3,2,3,2,3,3,3,2,2,2,2,2,2,2,3,3,2,3,3,3,2,2,2,2.0,3,2,3,1,2,2,2,3,2,3,2,2,2,2,3,3,2,2,2,2,2,2,2,2.0,2,2,3,2,3,3,2,2,2,3,2,2,2,2,3,2,2,2,2,3,3,3,2,2,2,2,3,3.0,3,0,3,2,2,2,2,3,2,2,3,3,3,2,2,3,2,3,2,3,2,2,3,3,3.0,2,3,2,2,2,3,2,2,3.0,2,2,2,2,2,3,3,3,2.0,3.0,2,3,2,2,3,3,3,2,0,3,2,2,2,2,1,2,2,2,3,2,3,2,2,2,2,3,3,3,2,3,2,3,3,2,2,2,3,3,3,3,2,3.0,2,3,3.0,2,3,3,2,3,2,3,3,2,2.0,3,3.0,2,3,2,3,2,3,2,3,2,3,2,2,3.0,3,2,2,2,3.0,3,2,3,2.0,2,2,2.0,2,3.0,2,3,3,3,3,2,3,3,2,2,3,3,3,3,3,3,3.0,0,2,2,2,2,3,2,2,3,1,2,3,2,2,2,3,2,2,2,3,2,3,3,3,3,3,2,3,3,3,2,2,3,3,2,3,2,2.0,3.0,3,2,2,2,2,2,2.0,2,3,3.0,2,2,3,2,2,2,2,2,3,2,3,2.0,3.0,3,2,2,1,3,3,3,2,2,2,2,1,2,3,3,3,2,3,3,3,3,2,1,3,3,2,3,2,3,3,1,2,3,3,3,3,3,2,3,3,3,3,3,3,3.0,2,2,3,3,3,3,2,3,1.0,3.0,3,2.0,2,3,3,2,3,0,2,0,3,3,3.0,3,2,2,3,3,3,3,3,2,2,3.0,3,3,2,2,2,3,2,2,2,3,3,3,3.0,3,3,2,3,3,3,3,2,3,3,3,2,2,3,3,3,3,3,2,3,3,3,2,2,3,1,2,3,3,3,2,2,3,3,3,2,3,3,3.0,3,2,1,3,3,3,3,2,3,2,3,2,3,3,3,3.0,3,3,3,3,3,2,3.0,3,3,2,3,3.0,3,3,3,3,2,3,1,3,2,2.0,3,2,3,3,3,3,2,3.0,3.0,2,3.0,2,2.0,3,0,3,2,3,3,3,3,3.0,3,2,3,3.0,2,2,3.0,3,2,3,3.0,3,2,3,3.0,3.0,3,3.0,3,2,3,3.0,2,3,3.0,33,5,1.0797558598758785,-0.31442950801281383
2,2,2,2,3,2,2,0,2,3.0,3,2,2,3,3,3,3,3.0,3,2,3,3,2,3,2,2,2,3,3,3,2,2,3,3,2,2,3,3,2,2,2,2,2,3,3,3,2,3,2,2,3,2,2,3.0,3,3,2,3,2,2,2,3,2,2.0,3,2,3,2,3.0,2,3,3,3,3,3,2,3,2,3,3,2,3,2,2,3,3,2,2,3,2.0,2,3,2,2,1,2,2,3,2,2,2,3,2,2,2,2,3,1,2,2,2,2,2,3,3,1.0,3,2,2,2,2,2,2,3,2,2,2,3,2,2,2,2,3,3,1,2,2,3,2,2.0,2,2,3,2,3,1,2,2,2,2,3,3,3,2,2,2,2,3,2,2,3,0,0,1,3,2,3,3.0,2,2,2,2,2,3,2,2,2,2,2,3,3,2,2,3,3,3,2,3,2,2,3,2,2.0,2,3,2,3,2,2,1,3,1.0,3,3,2,2,2,3,3,2,3.0,3.0,2,2,2,2,2,3,2,2,3,3,2,3,2,2,2,2,3,2,3,2,3,2,3,2,3,3,2,2,2,3,2,2,2,2,2,2,2,2,2,2,3,3.0,3,2,2.0,2,3,2,2,2,2,2,3,2,3.0,3,2.0,2,3,2,1,3,2,2,2,2,2,2,2,3.0,3,0,2,2,3.0,3,3,2,3.0,3,3,3.0,3,2.0,0,3,2,3,3,2,3,3,2,2,2,3,3,3,2,3,2.0,2,2,3,2,2,3,1,3,3,3,2,3,2,3,3,3,3,3,3,2,2,2,3,3,3,3,2,1,3,3,2,2,1,3,3,3,3,3.0,3.0,3,3,3,2,2,2,3.0,3,2,3.0,3,3,3,3,2,2,2,3,3,2,3,2.0,2.0,2,3,2,3,2,3,3,2,2,3,3,3,2,3,3,3,2,3,3,2,3,2,3,2,2,2,3,3,2,3,3,2,3,3,3,2,3,3,2,2,2,2,3,3,3.0,2,3,3,2,2,3,3,2,3.0,3.0,3,3.0,2,3,3,3,3,2,2,3,2,2,3.0,2,2,2,3,3,3,2,3,2,3,3.0,2,3,2,3,3,2,2,3,3,3,3,3,3.0,2,3,3,2,3,3,3,2,3,3,3,3,3,2,2,3,2,3,3,3,2,2,2,2,2,3,3,3,2,3,2,0,3,2,3,3,3,3,3.0,3,3,3,1,3,2,3,3,3,3,2,3,3,3,3,3.0,3,3,2,3,3,3,3.0,3,3,2,2,3.0,3,3,3,3,2,2,2,2,2,2.0,3,2,2,3,3,2,2,3.0,3.0,2,3.0,3,3.0,3,2,3,3,2,3,2,3,3.0,3,2,3,3.0,2,3,3.0,3,2,3,3.0,3,2,3,3.0,3.0,3,3.0,3,3,3,2.0,3,2,3.0,34,5,1.0871001031991745,-0.35313830390413375
2,3,3,3,3,3,3,3,2,3.0,2,3,2,2,3,3,3,3.0,3,3,3,3,3,2,3,2,2,3,3,3,3,2,3,3,3,2,2,3,3,3,3,3,2,3,3,2,3,3,3,3,2,0,2,3.0,3,3,2,2,3,1,2,3,2,3.0,3,3,3,3,3.0,3,3,3,3,2,2,3,3,2,2,3,3,3,2,2,3,3,2,3,2,3.0,3,2,2,3,3,3,3,2,3,2,3,3,2,3,2,2,3,3,1,3,3,3,2,3,3,3.0,3,3,2,3,3,3,3,3,3,3,2,2,3,3,3,3,3,3,2,3,3,3,3,3.0,2,1,3,3,3,0,3,3,3,3,3,3,3,3,3,3,2,2,2,3,3,3,3,2,3,2,3,3.0,3,2,2,1,3,3,3,3,2,3,3,3,3,2,3,3,3,3,3,3,3,3,0,3,3.0,3,3,3,3,3,3,3,2,3.0,3,2,3,2,3,3,3,2,3.0,3.0,2,3,2,3,3,3,3,3,3,2,2,3,3,2,3,3,3,3,2,3,3,2,3,3,3,3,3,3,3,3,3,3,3,2,3,2,3,3,3,2,3,3.0,3,3,3.0,3,3,3,3,3,3,3,2,3,3.0,2,3.0,2,3,3,3,3,3,3,3,2,3,3,2,3.0,3,3,2,3,3.0,3,3,3,3.0,3,3,3.0,3,3.0,3,2,3,3,3,3,3,3,3,3,3,3,3,2,3,3,3.0,2,3,3,2,3,3,2,3,3,2,3,3,3,3,3,3,2,3,3,2,3,3,3,3,3,3,3,2,2,3,2,3,3,3,3,3,3,3.0,3.0,3,3,2,2,3,3,3.0,3,3,3.0,3,2,3,3,3,2,0,3,3,3,1,3.0,3.0,2,3,3,3,2,3,3,3,3,3,3,3,3,3,3,3,2,3,3,3,3,2,2,2,3,3,2,1,2,3,3,3,2,2,2,3,3,3,3,3,3,3,3,3,3.0,2,3,3,2,3,3,2,3,3.0,3.0,2,3.0,3,3,3,2,3,0,3,3,3,3,,3,2,3,2,3,3,3,2,3,3,3.0,3,2,2,3,2,3,2,3,3,3,3,3,,1,3,3,3,3,3,3,3,3,3,3,3,3,3,3,3,3,3,3,3,3,3,2,3,2,3,3,3,3,3,3,3,3,3,3,3,3,3,,3,3,3,3,3,3,3,3,3,3,2,3,3,3,3,3.0,3,3,2,3,3,3,3.0,3,3,3,3,2.0,3,3,3,2,3,2,3,3,2,3.0,2,3,3,3,2,3,3,3.0,3.0,3,3.0,3,3.0,2,3,0,3,3,3,3,3,3.0,2,3,3,3.0,3,3,3.0,3,2,2,3.0,3,2,3,,3.0,3,3.0,3,3,3,3.0,2,2,3.0,35,5,1.1246887966804981,-0.3062282968694437
2,3,2,3,2,2,2,3,3,3.0,2,3,1,3,3,2,3,3.0,3,3,3,3,2,3,3,2,3,2,3,3,3,2,2,2,3,2,3,3,3,0,2,3,2,2,2,2,3,2,3,2,2,2,3,2.0,3,2,2,2,2,3,2,3,2,3.0,2,2,2,3,3.0,2,3,3,2,0,2,2,3,2,2,3,3,0,3,1,3,2,2,2,2,3.0,2,2,2,2,2,2,3,3,2,2,2,3,3,3,2,3,3,3,2,3,2,3,2,3,3,3.0,3,2,3,3,2,3,3,2,2,3,2,3,3,3,3,3,3,3,3,3,3,2,3,3.0,2,3,3,3,3,3,2,2,2,0,2,2,2,2,3,3,2,2,3,2,2,3,2,2,3,2,3,3.0,2,3,2,1,3,3,2,3,3,2,3,2,3,2,2,3,3,3,3,3,3,3,3,2,3.0,3,0,2,3,2,3,3,2,3.0,3,2,3,2,2,3,3,2,3.0,3.0,3,2,2,2,3,3,1,3,3,3,3,2,3,2,3,1,2,3,3,3,3,2,2,3,3,3,3,3,3,2,3,3,3,3,2,3,3,3,3,3,3,3.0,3,3,3.0,3,2,3,3,2,2,3,2,2,3.0,3,3.0,3,2,2,3,3,2,2,2,2,3,3,3,3.0,3,3,3,3,3.0,2,3,2,3.0,3,2,3.0,2,3.0,3,2,3,3,3,3,2,2,2,2,1,3,3,3,3,2,3.0,2,2,3,2,2,2,2,2,3,2,2,3,2,3,3,3,2,3,3,3,2,2,3,3,2,3,3,3,3,2,3,3,3,3,3,3,3,3.0,3.0,3,3,2,3,3,2,3.0,3,3,3.0,2,3,3,2,3,3,2,2,3,2,3,3.0,3.0,2,2,3,3,2,3,2,2,2,3,3,3,3,2,2,2,2,2,2,2,2,3,3,3,2,2,2,2,3,3,2,2,2,2,2,3,2,3,2,3,2,3,2,3,3.0,2,3,1,2,3,3,2,3,0.0,2.0,3,3.0,3,3,3,2,3,3,3,2,3,3,3.0,3,3,3,2,3,3,3,2,3,2,3.0,2,3,2,2,2,3,2,2,2,3,2,3,3.0,2,3,3,3,3,2,3,2,3,2,3,2,2,2,3,3,3,3,3,2,3,3,3,3,3,3,3,3,2,3,2,2,2,3,3,2,3,3,1.0,3,3,3,3,3,2,3,3,2,2,2,2,2,2,1,3.0,3,3,3,2,3,3,3.0,3,2,2,3,3.0,3,2,3,3,3,3,3,2,2,3.0,3,3,3,3,3,3,3,3.0,3.0,3,3.0,3,3.0,3,2,2,3,3,3,3,3,3.0,3,3,3,3.0,3,3,3.0,2,3,3,3.0,2,3,3,3.0,3.0,3,3.0,3,2,3,3.0,1,3,3.0,36,5,1.096003846564804,-0.43898929370705625
3,2,2,2,2,1,2,2,2,3.0,2,2,2,2,3,2,3,3.0,2,3,3,2,2,3,2,2,3,2,2,3,2,2,3,3,3,2,2,2,2,2,2,3,2,2,2,1,2,2,3,2,2,3,2,2.0,2,2,3,2,3,3,2,3,2,2.0,3,2,2,2,3.0,2,3,3,2,3,2,2,2,2,2,3,3,2,2,2,2,2,3,2,2,3.0,2,2,2,2,3,2,3,2,2,2,2,2,2,3,3,2,3,3,2,3,2,2,3,3,2,2.0,2,2,2,2,3,3,3,3,2,3,2,2,2,2,2,3,2,3,2,3,2,3,2,2.0,2,3,3,2,3,2,2,2,2,3,2,3,2,2,3,3,2,3,2,3,2,2,3,3,3,3,2,3.0,3,2,2,2,2,2,2,3,2,2,2,2,3,2,3,2,2,3,2,2,2,2,3,2,3.0,2,2,2,2,2,3,3,3,3.0,2,2,2,2,2,2,3,3,3.0,3.0,3,2,2,2,2,3,2,1,2,2,2,2,3,2,2,2,3,2,2,2,3,2,2,2,2,3,2,2,2,3,2,2,3,1,2,2,2,3,3,2,2,3.0,3,3,2.0,2,2,2,3,2,1,0,2,2,2.0,3,2.0,2,2,2,3,3,2,3,2,1,2,3,2,3.0,1,3,3,2,3.0,2,3,2,3.0,2,2,2.0,2,3.0,3,3,2,3,3,2,3,0,2,3,2,2,2,2,2,3,2.0,3,1,2,3,2,3,2,2,3,3,1,3,2,2,3,3,2,2,2,3,2,3,3,2,0,2,3,2,2,1,2,2,3,3,3,2,3,3.0,3.0,2,0,2,2,3,2,3.0,3,3,3.0,2,2,2,3,3,3,1,2,2,2,2,2.0,3.0,2,2,3,1,3,2,3,2,3,0,2,2,2,3,3,2,2,3,2,2,3,2,2,2,2,2,3,3,2,3,2,2,3,3,2,3,2,2,3,1,3,2,3,3,3.0,2,2,3,3,2,3,2,3,3.0,3.0,3,3.0,2,2,3,2,3,3,3,3,3,3,3.0,2,2,3,2,2,2,3,2,3,2,3.0,2,3,2,3,2,2,2,2,3,2,2,2,3.0,3,2,2,3,3,2,1,3,2,3,2,2,3,3,3,2,2,2,3,3,3,2,2,3,2,2,2,2,2,3,2,2,2,3,3,3,2,3,3.0,3,3,3,2,2,3,3,3,3,3,3,2,2,3,3,3.0,2,3,2,2,3,2,3.0,3,3,3,2,3.0,3,2,3,3,3,2,3,2,2,2.0,2,2,2,3,3,3,3,3.0,3.0,0,3.0,2,3.0,2,2,3,3,3,2,3,2,3.0,2,3,3,3.0,3,3,3.0,3,2,3,3.0,3,2,2,3.0,3.0,3,3.0,1,3,3,2.0,3,3,3.0,37,5,1.0756688963210703,-0.4336423210037633
3,2,3,3,3,3,2,3,3,3.0,3,3,2,3,3,3,3,,3,3,3,3,3,3,3,1,3,3,3,3,2,3,3,3,3,2,3,3,3,3,3,3,2,3,2,3,2,3,3,3,2,3,3,3.0,3,3,2,3,3,3,3,3,3,3.0,2,2,3,3,3.0,3,3,3,3,2,3,2,3,3,3,3,3,3,3,3,3,3,3,3,3,3.0,3,3,1,3,3,3,3,2,3,0,3,3,3,2,3,3,3,3,3,3,2,3,2,3,3,2.0,3,3,3,2,3,0,3,3,3,2,2,3,3,2,3,3,2,3,3,3,2,3,3,3.0,3,3,2,3,3,3,2,2,3,3,3,3,3,3,3,3,2,3,3,3,3,2,2,3,3,3,3,3.0,3,2,3,2,3,3,3,3,3,3,3,3,3,3,3,3,3,3,3,3,2,3,3,3,3.0,3,3,2,3,2,3,2,2,3.0,3,2,2,2,3,3,3,3,3.0,3.0,3,2,2,3,2,3,2,3,3,3,3,2,3,2,3,2,3,2,3,2,2,2,3,3,3,3,3,3,3,2,2,3,3,2,2,2,2,3,3,2,3,3.0,3,3,3.0,3,3,3,2,3,0,3,2,2,2.0,3,3.0,2,3,3,3,3,3,3,3,3,3,3,3,3.0,3,2,3,3,3.0,2,3,3,3.0,3,3,3.0,3,3.0,3,3,2,3,3,3,3,3,2,3,3,3,3,3,3,3,3.0,3,3,3,3,2,3,1,2,3,3,2,0,2,2,3,3,2,3,3,3,3,3,3,2,3,2,2,2,3,3,3,2,3,3,1,3,0,3.0,2.0,3,3,2,3,2,3,3.0,3,3,3.0,3,3,3,3,3,3,3,3,3,3,3,3.0,2.0,3,3,3,2,2,3,3,3,3,2,3,3,3,3,2,2,3,3,3,3,3,1,3,3,3,2,3,3,3,3,3,2,2,3,3,3,3,3,3,3,3,3,3,3,3.0,3,3,3,3,2,3,3,3,3.0,3.0,3,3.0,3,3,3,2,3,3,2,3,3,2,3.0,3,3,2,3,3,3,3,3,3,3,2.0,3,3,3,3,2,3,3,3,3,3,3,3,3.0,3,3,3,3,3,3,3,3,3,3,3,3,3,3,3,3,3,3,3,3,3,2,3,2,3,3,3,3,3,3,2,3,3,2,3,3,3,3,3.0,3,3,2,3,3,3,3,3,3,3,2,2,2,3,3,3.0,3,3,3,3,3,3,3.0,2,2,2,3,3.0,3,3,3,3,3,3,2,3,3,3.0,3,0,3,2,3,3,3,3.0,3.0,3,3.0,3,3.0,2,3,3,3,3,3,3,3,3.0,3,3,3,,3,3,3.0,3,1,3,3.0,3,2,3,3.0,3.0,1,3.0,3,3,3,3.0,3,3,3.0,38,5,1.1334753283635075,-0.27519711709325073
2,2,2,2,3,3,2,3,0,3.0,3,3,2,3,3,3,3,3.0,3,3,3,2,3,3,3,3,3,3,1,3,2,2,2,2,2,2,3,2,3,2,2,3,3,2,2,2,3,2,3,2,3,3,3,3.0,3,3,3,3,3,2,2,3,2,3.0,3,2,3,2,3.0,3,3,3,3,2,2,3,3,3,2,3,3,3,2,2,3,3,3,3,3,3.0,3,3,1,2,3,2,3,3,2,2,2,2,3,3,2,3,3,3,2,2,2,1,3,3,3,3.0,3,2,3,3,3,3,2,3,2,3,3,3,2,2,2,2,3,3,3,3,3,3,3,3.0,1,3,3,3,3,3,3,2,3,3,3,2,2,3,3,3,3,2,3,3,3,3,2,3,3,2,2,3.0,3,3,2,3,2,3,2,3,2,3,3,0,3,2,3,3,2,3,3,3,3,2,2,3,3.0,3,2,2,3,3,3,2,2,3.0,1,3,3,3,3,3,3,2,3.0,3.0,3,1,3,2,3,3,3,2,3,3,3,2,2,3,2,2,2,2,3,3,3,2,3,3,2,2,2,2,3,2,2,3,3,3,2,2,3,3,3,2,2,3.0,3,3,3.0,3,3,3,3,3,3,3,2,2,3.0,3,3.0,3,2,3,2,3,3,2,3,3,3,3,2,3.0,2,3,2,2,3.0,1,3,3,2.0,2,0,3.0,3,3.0,3,3,2,3,1,3,2,3,2,3,3,3,3,3,3,3,3.0,3,2,3,2,3,3,2,2,3,3,3,3,2,2,3,3,3,3,2,2,3,3,3,3,2,3,3,3,2,2,3,3,3,3,3,3,3,3.0,3.0,3,3,3,3,3,3,3.0,3,3,3.0,3,3,0,3,3,3,2,3,3,3,3,3.0,3.0,3,3,3,2,2,3,3,3,3,3,3,2,3,3,3,3,3,2,3,3,3,3,3,3,2,3,3,3,3,3,2,3,3,3,2,2,3,3,3,2,3,3,3,2,3.0,2,3,3,3,3,2,3,2,3.0,0.0,3,3.0,3,3,3,3,2,2,1,3,3,3,3.0,3,3,2,3,3,2,3,2,3,2,3.0,2,3,3,3,3,3,2,3,2,3,3,3,3.0,3,3,3,3,3,3,3,3,2,3,3,2,3,2,3,3,2,3,2,3,3,2,3,3,3,2,2,3,3,3,2,2,2,3,3,2,2,3,3.0,3,2,3,2,2,2,2,2,3,3,2,3,2,3,2,3.0,3,2,3,3,3,3,3.0,3,3,3,2,3.0,3,2,3,3,3,3,3,3,3,3.0,3,3,2,3,3,3,3,3.0,2.0,3,3.0,3,3.0,2,3,3,3,3,3,2,3,3.0,3,3,3,3.0,3,3,3.0,3,2,2,3.0,2,3,3,3.0,,3,3.0,0,3,3,3.0,3,3,3.0,39,5,1.0924504525146064,-0.35329199373058817
2,2,2,2,2,2,3,3,2,3.0,2,3,0,2,2,3,3,3.0,3,2,2,3,3,2,3,3,2,2,3,2,2,2,3,3,3,2,2,3,2,2,2,2,2,3,2,3,2,2,2,2,2,0,2,3.0,3,3,3,2,2,3,2,2,2,2.0,2,2,2,3,3.0,3,3,3,2,3,2,2,2,2,2,3,3,3,3,2,3,2,2,2,2,3.0,3,2,2,2,3,2,2,2,2,2,3,3,1,2,2,2,3,3,2,3,3,3,2,2,2,2.0,1,2,2,2,3,2,2,3,1,2,2,1,2,2,3,3,1,3,2,3,2,2,3,3.0,2,0,2,2,3,2,2,2,2,3,2,3,2,2,2,3,2,2,2,3,3,2,2,2,2,3,3,3.0,3,2,2,2,2,2,3,2,3,3,3,3,3,1,3,3,3,3,2,3,2,2,2,2,3.0,2,2,3,3,3,3,2,2,3.0,3,2,3,2,2,2,3,3,3.0,3.0,2,3,2,2,3,3,2,2,2,3,2,2,3,2,2,2,2,2,3,3,3,2,2,2,3,3,2,3,2,3,2,2,3,2,2,2,2,3,3,2,3,3.0,1,3,3.0,3,2,3,2,3,2,3,3,2,3.0,3,3.0,2,3,3,3,3,2,3,3,2,1,2,2,3.0,2,3,2,3,3.0,3,0,2,3.0,3,3,0.0,3,3.0,3,3,2,3,3,3,3,2,3,2,3,2,3,3,3,3,3.0,2,2,3,2,2,3,2,3,3,2,2,3,2,3,3,3,2,2,2,3,2,3,3,2,3,3,3,2,2,2,2,3,2,3,3,3,2,3.0,3.0,1,2,2,3,2,2,3.0,2,2,3.0,3,2,2,2,2,2,2,2,3,2,3,3.0,3.0,2,3,3,2,3,3,3,2,3,2,3,2,3,3,2,2,2,2,2,2,2,2,3,3,3,2,3,2,2,3,2,2,3,2,2,2,1,1,3,3,2,3,3,3,3.0,2,3,3,2,3,3,2,3,3.0,3.0,2,2.0,3,3,3,2,3,2,2,2,3,2,3.0,2,3,2,2,1,3,3,3,3,2,3.0,3,3,2,2,2,3,2,2,2,3,2,3,3.0,3,2,3,3,2,3,3,3,3,3,3,3,3,3,3,3,3,3,3,3,3,2,2,3,2,3,1,3,3,3,3,2,2,3,3,3,3,3,3.0,1,3,1,2,3,3,3,3,3,0,2,2,2,3,2,3.0,2,3,3,3,3,2,3.0,3,3,3,3,2.0,3,2,2,3,2,3,2,3,2,3.0,3,2,3,2,2,3,3,3.0,3.0,3,3.0,3,3.0,2,2,2,3,3,3,3,3,3.0,2,2,3,3.0,3,2,3.0,2,1,3,3.0,3,2,2,3.0,3.0,3,3.0,3,3,3,3.0,2,2,3.0,40,5,1.0814237216210483,-0.4031323226993485
3,2,2,2,3,3,2,2,3,2.0,3,3,2,2,3,3,3,3.0,2,3,2,2,2,3,3,3,3,2,2,3,2,2,3,2,3,3,3,3,3,2,2,3,3,2,3,2,2,3,3,3,2,3,3,2.0,3,2,3,3,3,2,3,3,3,2.0,3,3,2,2,3.0,3,3,3,2,3,2,3,3,3,3,2,3,3,3,3,3,2,3,2,3,3.0,3,2,3,1,2,2,2,3,2,3,2,2,3,2,2,2,3,3,3,3,3,3,3,3,2,3.0,3,2,3,2,3,2,2,3,3,2,2,3,3,2,2,2,3,3,2,2,3,3,3,3.0,2,3,3,3,3,3,2,2,3,3,2,1,2,2,3,3,3,3,3,2,2,3,3,3,3,3,3,2.0,2,3,2,3,2,3,3,2,2,3,3,3,2,3,2,3,2,3,2,3,3,3,3,3,3.0,2,2,3,1,3,2,3,2,3.0,2,2,1,2,3,3,2,2,3.0,3.0,2,2,3,2,2,2,3,0,3,3,3,2,2,2,2,3,3,1,2,2,3,3,3,3,2,2,2,3,3,2,2,3,3,2,2,2,3,2,3,2,2,3.0,3,3,3.0,3,3,3,3,2,2,3,2,3,2.0,2,2.0,3,2,2,2,2,3,2,1,3,3,3,3,3.0,3,3,2,3,3.0,2,3,2,3.0,2,3,3.0,2,3.0,2,3,3,3,3,3,2,2,3,3,2,2,3,3,3,3,3.0,3,2,3,2,2,3,2,1,3,2,3,2,2,2,3,3,2,3,2,3,2,3,2,3,2,2,3,2,2,3,3,0,3,3,3,3,3,3.0,3.0,3,2,2,2,2,2,3.0,3,3,3.0,2,2,3,3,3,3,2,3,3,3,0,3.0,3.0,3,3,3,2,3,3,3,3,3,3,2,2,3,2,3,3,3,3,3,2,3,3,2,3,3,2,2,3,2,3,3,3,3,3,2,3,3,3,3,3,3,3,1,3,3.0,3,2,3,3,3,2,3,2,3.0,3.0,2,3.0,3,3,3,2,3,3,3,3,3,3,3.0,3,3,2,3,3,2,3,2,2,2,2.0,3,3,2,2,3,3,2,3,2,2,3,3,3.0,2,2,1,1,3,2,3,3,2,3,3,2,3,3,3,3,3,2,3,2,3,3,2,2,3,3,3,3,2,3,2,2,3,3,3,3,2,3,3.0,3,3,3,3,3,3,3,3,3,3,3,2,3,3,3,3.0,3,3,3,3,3,3,3.0,3,3,3,3,3.0,3,3,3,3,3,3,2,3,3,3.0,2,2,3,3,3,3,3,3.0,3.0,3,2.0,0,3.0,2,3,3,3,3,2,3,2,3.0,3,0,3,3.0,3,3,3.0,3,3,2,3.0,3,2,3,3.0,,3,3.0,0,3,3,2.0,3,3,3.0,41,5,1.0919993517368052,-0.3344748894156289
2,3,2,2,3,3,2,3,2,3.0,3,2,2,3,3,2,2,3.0,3,3,3,3,2,3,2,2,3,3,3,3,0,3,2,2,2,2,2,2,2,2,2,3,2,2,2,2,2,3,3,2,1,3,3,3.0,3,3,3,3,3,3,2,3,3,1.0,2,1,2,3,3.0,2,3,3,3,3,3,3,2,2,3,3,2,2,3,2,3,3,2,3,3,3.0,3,3,2,2,2,2,2,3,3,2,2,2,3,2,3,3,1,3,2,3,2,2,2,3,3,3.0,3,3,3,3,3,2,2,3,2,2,3,2,2,2,3,2,3,3,3,3,3,3,3,3.0,1,2,2,3,3,3,3,2,2,2,2,2,3,2,3,3,2,3,3,3,3,2,2,3,2,0,3,2.0,3,3,2,2,3,3,3,3,2,2,3,3,3,3,3,3,3,3,3,3,2,3,3,3,3.0,3,3,0,3,2,3,3,2,3.0,3,3,2,3,3,3,3,3,3.0,3.0,3,2,2,2,3,3,3,3,2,3,3,2,3,2,2,2,3,2,3,2,3,2,2,3,3,3,3,3,3,2,3,3,3,2,3,3,3,3,3,3,3,3.0,3,3,3.0,3,3,3,3,3,1,3,3,3,3.0,2,3.0,3,3,3,3,3,3,2,2,2,3,3,3,3.0,3,3,3,2,3.0,2,3,2,3.0,3,3,3.0,3,3.0,3,2,3,3,3,3,3,3,2,3,3,3,3,3,3,3,3.0,3,2,3,2,3,3,2,2,2,2,2,3,3,3,2,3,3,3,2,3,2,2,3,2,2,3,3,2,2,2,2,2,3,3,3,2,3,3.0,3.0,2,3,2,3,3,3,3.0,3,3,3.0,2,2,3,3,2,3,2,2,3,3,3,3.0,2.0,3,3,2,2,2,3,3,3,3,3,3,3,3,3,3,3,3,2,3,2,3,2,3,2,3,2,3,3,2,3,3,2,3,1,3,3,3,3,3,2,2,3,3,2,3.0,3,3,3,3,3,3,3,3,3.0,3.0,2,3.0,3,3,3,2,2,3,3,3,3,3,3.0,3,2,2,3,3,3,3,3,3,2,0.0,2,3,2,3,3,3,2,3,2,2,3,3,3.0,3,3,3,3,2,2,3,3,3,3,3,3,2,3,3,3,2,3,3,3,3,3,2,2,2,3,3,3,3,3,2,2,2,2,3,2,1,3,0.0,3,3,3,3,2,2,3,3,3,3,2,2,2,1,3,3.0,3,3,2,2,3,3,3.0,3,3,3,2,3.0,3,2,3,3,3,3,3,3,2,3.0,2,2,2,3,3,3,3,3.0,3.0,3,3.0,2,3.0,2,2,3,3,3,3,3,3,3.0,3,3,3,3.0,3,1,1.0,3,3,3,3.0,3,3,3,3.0,3.0,3,3.0,3,3,0,3.0,3,3,3.0,42,5,1.0906853146853146,-0.3592134707526563
2,2,1,3,2,2,3,3,2,3.0,2,3,2,2,2,3,2,3.0,2,2,3,2,1,3,3,2,1,2,3,2,2,2,3,2,3,2,3,3,3,2,3,3,3,2,2,2,2,2,3,2,2,2,2,3.0,3,3,3,2,2,3,3,3,2,3.0,3,2,2,3,2.0,3,3,3,3,3,2,2,2,3,2,3,3,2,3,2,3,3,3,2,2,3.0,2,2,2,2,3,3,3,3,2,3,2,2,2,3,2,2,3,3,3,3,2,3,1,3,3,3.0,3,3,3,3,3,2,3,3,3,3,3,3,3,3,3,3,1,3,3,3,2,2,3,3.0,3,2,2,2,3,2,3,2,2,1,2,3,2,2,2,3,3,3,2,3,3,2,3,2,2,3,2,3.0,3,3,3,3,2,3,3,3,2,2,2,3,2,2,3,3,3,3,3,2,3,3,3,2,3.0,2,3,2,2,3,2,3,3,3.0,3,2,3,2,2,3,2,3,3.0,3.0,3,2,2,2,3,3,2,2,3,3,3,2,3,2,2,2,2,2,3,3,3,2,2,2,2,2,2,3,3,2,3,2,3,3,3,2,3,3,2,2,3,3.0,3,3,3.0,3,3,3,0,2,3,3,2,1,3.0,2,3.0,3,1,2,2,3,2,2,3,2,3,3,2,3.0,2,2,2,2,3.0,2,2,3,2.0,3,3,3.0,3,2.0,2,2,2,3,2,3,2,2,2,0,3,3,3,3,2,3,3.0,2,3,3,2,2,1,2,2,3,2,2,3,3,3,2,3,2,3,3,3,2,2,3,3,3,3,3,2,2,2,3,3,3,3,3,3,3,3.0,2.0,3,3,2,2,2,3,3.0,3,3,3.0,3,1,2,3,2,2,3,3,3,2,2,2.0,2.0,2,2,2,3,2,3,3,3,2,3,3,2,2,3,3,2,0,2,2,3,3,2,3,3,3,2,2,2,2,3,2,2,3,3,2,2,2,3,2,3,2,2,2,2,3.0,3,3,3,2,3,3,2,2,3.0,3.0,2,3.0,2,3,2,3,3,3,3,3,2,2,3.0,3,2,2,2,3,1,3,2,2,2,3.0,2,3,3,3,2,3,0,3,3,3,2,3,0.0,3,3,3,3,2,2,2,3,3,3,3,3,2,2,3,3,3,2,3,3,3,3,3,3,2,0,2,3,3,2,3,3,3,3,3,2,3,3,3.0,3,3,3,3,3,3,3,3,3,3,3,3,2,3,3,3.0,3,3,2,2,3,3,3.0,3,2,3,3,3.0,3,3,3,3,3,3,3,3,2,3.0,2,2,3,3,3,3,3,3.0,3.0,2,3.0,2,3.0,3,3,3,3,3,3,3,3,3.0,2,3,3,3.0,3,3,3.0,3,3,3,3.0,3,3,3,3.0,3.0,3,3.0,3,3,3,3.0,3,2,3.0,43,5,1.087159493151388,-0.40857489470024105
2,2,2,2,3,3,2,2,2,2.0,2,2,2,2,3,3,3,3.0,2,3,3,1,3,3,2,2,3,3,2,2,2,2,2,2,2,2,2,3,0,3,2,2,2,2,3,2,2,3,1,2,2,3,2,2.0,2,3,2,2,2,2,2,3,2,1.0,2,2,3,3,3.0,3,3,0,2,2,3,2,2,2,2,2,2,2,2,2,2,3,2,3,3,3.0,2,2,2,2,3,1,3,2,2,2,2,2,2,1,2,2,3,3,2,2,2,2,3,2,3,2.0,3,2,2,2,2,3,3,2,2,3,2,2,2,2,3,2,3,3,1,2,3,3,3,3.0,2,2,2,3,2,2,2,2,2,3,2,2,2,2,3,3,2,2,2,2,2,2,2,3,3,3,3,2.0,2,3,2,3,2,3,3,2,2,2,2,2,2,2,2,3,2,1,3,2,2,2,3,3,3.0,3,3,3,2,2,2,2,2,3.0,2,1,2,2,3,3,3,3,3.0,3.0,2,3,2,2,2,3,2,0,2,2,3,2,2,3,3,2,2,3,2,2,2,2,3,3,3,2,3,2,2,2,2,2,3,2,2,2,2,3,3,3,2,3.0,3,3,2.0,3,2,2,3,2,2,2,2,2,3.0,1,1.0,3,3,2,3,2,2,2,2,2,3,2,2,3.0,2,3,2,3,0.0,2,3,2,3.0,2,2,3.0,2,3.0,2,2,3,3,2,3,3,3,3,3,2,3,3,2,2,2,3.0,2,2,3,2,2,3,2,2,2,3,3,3,2,2,3,3,2,3,2,2,3,2,2,3,2,2,3,1,2,3,2,2,2,3,3,3,3,3.0,3.0,3,2,2,2,3,2,3.0,2,3,3.0,2,3,3,3,3,2,2,2,1,2,3,3.0,2.0,2,3,3,3,2,3,3,2,2,3,3,3,3,2,3,3,3,2,2,2,2,2,2,2,2,2,2,3,2,3,2,2,3,3,2,3,3,3,2,3,3,2,3,3,3.0,2,3,3,2,3,2,3,2,3.0,3.0,2,3.0,2,3,3,2,1,3,3,3,2,2,3.0,3,2,2,2,3,3,3,3,3,2,2.0,3,2,3,2,2,3,2,2,3,2,2,2,3.0,2,2,2,2,2,2,2,2,1,2,3,2,3,2,3,2,2,2,2,2,3,3,3,2,3,2,3,3,2,2,1,2,2,2,3,3,2,3,3.0,3,2,3,2,2,2,2,2,2,3,2,3,3,3,3,3.0,2,2,3,2,3,3,3.0,3,2,3,2,2.0,3,2,2,3,3,3,3,3,3,3.0,3,2,3,2,3,3,1,3.0,3.0,2,3.0,2,3.0,2,3,3,2,2,3,3,3,3.0,3,0,3,3.0,3,3,3.0,3,3,3,3.0,3,2,3,2.0,3.0,0,3.0,3,3,2,3.0,2,2,3.0,44,5,1.0696093300559595,-0.34544899853031225
2,3,2,2,2,2,2,2,2,3.0,2,3,2,2,2,3,2,3.0,2,2,2,3,1,2,3,2,3,2,3,3,3,2,3,2,3,3,3,3,3,3,2,3,3,2,3,2,2,3,3,2,2,2,2,3.0,3,3,3,2,2,2,3,2,2,3.0,3,2,2,3,3.0,3,3,3,2,3,1,2,3,2,3,3,3,2,3,2,3,3,3,2,2,3.0,3,2,2,2,2,2,3,3,2,2,2,2,3,3,3,2,3,3,2,2,3,3,2,3,3,3.0,3,2,3,2,3,3,2,3,2,3,0,1,3,2,3,3,3,3,2,3,2,2,3,3.0,2,2,3,3,3,1,3,3,3,3,2,3,2,2,2,3,2,2,2,3,3,2,3,2,3,2,2,2.0,3,2,2,2,3,3,3,3,2,2,3,3,3,3,3,3,3,3,3,3,2,2,3,3,3.0,2,2,3,2,2,3,3,2,3.0,3,2,3,2,3,3,2,3,3.0,3.0,2,1,2,2,3,3,2,3,3,2,3,2,2,2,3,2,3,2,1,3,2,2,2,3,3,2,2,2,3,3,2,3,1,3,3,2,3,3,3,2,2,3.0,3,3,3.0,3,3,3,3,2,2,3,2,2,3.0,2,2.0,2,3,3,2,2,2,2,3,2,3,2,2,3.0,2,3,2,2,3.0,3,3,2,3.0,2,3,3.0,3,3.0,3,3,3,3,3,3,2,2,2,3,2,3,3,3,3,3,3.0,2,3,3,2,3,3,2,2,3,2,3,3,3,3,3,3,3,3,3,3,2,3,3,3,3,3,2,2,2,2,2,3,3,3,3,3,2,3.0,2.0,3,3,3,2,2,2,3.0,3,3,3.0,2,2,3,3,2,3,2,2,3,3,2,3.0,3.0,2,3,3,2,2,3,3,2,3,3,1,2,2,3,3,3,2,2,2,2,3,2,0,2,2,2,2,2,2,3,2,2,2,3,2,2,2,2,3,3,3,2,2,3,3.0,2,3,3,3,2,3,2,3,2.0,3.0,3,3.0,2,3,3,3,2,3,3,1,3,3,3.0,3,3,2,2,3,2,2,2,3,3,3.0,2,2,2,2,2,3,2,2,3,3,3,3,3.0,2,3,3,0,1,2,3,3,3,3,2,3,2,2,3,2,3,3,3,3,3,3,3,2,1,1,2,3,2,3,3,3,2,3,1,1,2,3,3.0,3,3,3,2,3,2,2,2,3,3,3,2,2,3,3,3.0,3,2,2,2,0,3,2.0,2,0,3,3,3.0,3,3,3,3,3,3,3,0,2,3.0,2,2,2,3,2,3,3,3.0,3.0,3,3.0,2,3.0,2,3,2,3,3,3,3,3,3.0,3,3,3,3.0,2,3,3.0,2,3,2,2.0,2,3,3,3.0,3.0,3,3.0,3,3,3,3.0,2,3,3.0,45,5,1.084734535819831,-0.41197001568263836
3,3,2,2,3,3,2,3,2,3.0,3,3,1,3,3,2,2,3.0,2,3,2,3,2,3,3,3,3,2,3,3,3,3,3,2,3,2,3,3,3,2,3,3,2,3,1,2,2,3,1,3,3,2,3,3.0,3,3,3,3,2,3,3,3,3,3.0,2,2,2,3,3.0,3,3,3,2,2,2,2,2,2,2,3,3,2,2,2,3,2,2,2,2,3.0,3,2,2,2,3,2,3,3,3,3,3,2,3,3,3,3,2,3,2,3,2,3,3,2,2,3.0,3,2,2,3,3,3,3,3,2,3,3,3,3,3,2,3,3,3,2,3,2,2,3,3.0,2,2,3,3,3,3,3,3,3,3,3,3,2,2,3,3,2,3,2,3,2,2,2,3,2,2,2,3.0,2,3,3,3,3,3,3,3,2,3,3,3,3,3,3,3,3,3,2,3,2,3,3,3,3.0,2,2,2,3,3,3,3,2,3.0,2,2,3,2,2,2,3,3,3.0,3.0,1,0,2,2,3,3,2,2,3,3,3,2,3,2,3,2,3,3,3,3,2,2,2,3,3,2,2,3,3,2,3,3,3,3,3,3,3,3,3,3,2,3.0,3,3,3.0,3,3,3,2,2,2,3,3,3,3.0,2,3.0,2,3,3,3,3,3,3,3,1,3,3,2,3.0,3,3,2,3,3.0,2,2,2,3.0,3,3,3.0,3,3.0,2,2,2,3,2,3,3,2,3,3,3,3,3,2,3,3,3.0,2,2,2,2,2,3,2,3,3,2,2,3,2,3,3,3,3,2,2,2,2,3,3,2,3,3,3,3,2,2,3,3,3,3,3,2,3,3.0,3.0,3,3,2,3,3,3,3.0,2,3,3.0,2,2,3,2,2,3,2,3,3,3,2,3.0,3.0,3,2,3,2,2,3,2,2,2,2,2,3,3,3,2,2,3,2,2,2,3,2,2,3,2,2,3,2,2,3,3,2,3,3,2,2,2,3,3,3,2,3,3,3,3.0,3,3,3,2,3,3,2,3,3.0,3.0,3,3.0,3,3,3,3,2,3,2,3,3,3,3.0,3,2,2,2,3,3,3,2,3,2,2.0,2,2,2,2,2,3,2,2,2,2,3,3,3.0,2,2,3,3,3,2,3,2,2,1,3,2,2,2,3,3,3,3,3,2,3,1,3,3,0,2,0,0,2,3,3,3,2,3,3,3,1,3,3.0,2,3,3,2,3,3,2,2,2,3,2,2,2,2,0,1.0,2,2,3,1,3,3,3.0,3,3,3,3,3.0,2,2,2,0,3,3,3,3,3,3.0,3,2,2,3,3,3,3,3.0,3.0,3,3.0,2,3.0,3,3,3,3,3,2,3,3,3.0,2,3,3,3.0,3,3,3.0,3,3,3,3.0,3,3,3,3.0,3.0,3,3.0,3,3,3,3.0,2,3,3.0,46,5,1.0906717432689692,-0.421655721445123
2,2,2,3,3,2,3,2,3,3.0,3,3,2,1,3,2,2,2.0,3,3,2,2,2,2,3,3,2,3,3,3,2,3,3,2,3,2,3,3,2,2,3,3,2,2,2,3,2,3,3,3,3,3,3,3.0,3,3,3,2,2,3,2,3,3,2.0,3,2,2,2,3.0,3,3,2,2,3,2,3,2,2,1,2,3,3,3,3,3,3,3,3,3,3.0,2,3,3,3,3,2,2,3,3,2,2,2,2,2,3,2,3,3,2,2,3,2,2,3,2,3.0,2,3,3,2,2,3,2,3,2,2,3,2,3,3,3,3,2,3,3,2,2,1,3,3.0,2,2,3,3,3,3,2,3,3,2,2,2,2,2,3,2,3,3,2,3,3,3,3,3,3,2,2,3.0,3,3,2,2,2,3,3,2,2,2,3,2,3,2,2,3,2,3,3,3,3,3,2,2,3.0,2,3,3,1,3,2,3,3,3.0,2,3,2,2,2,2,3,3,3.0,3.0,3,2,3,2,3,2,2,2,2,3,2,2,2,2,2,2,2,3,3,2,3,2,3,2,3,2,3,3,2,3,3,3,3,3,1,2,3,3,3,2,3,3.0,3,2,3.0,3,2,3,3,2,3,2,2,3,3.0,2,3.0,2,3,2,3,2,3,2,3,2,3,2,3,3.0,3,2,3,2,3.0,3,0,2,2.0,2,0,3.0,2,3.0,2,1,3,3,2,3,2,3,3,2,3,1,2,2,3,2,1.0,3,2,2,2,2,3,2,2,2,3,3,3,2,2,3,2,2,3,0,3,3,2,3,2,2,2,3,1,2,3,3,3,3,3,3,3,3,3.0,3.0,2,3,3,2,3,3,3.0,2,3,3.0,3,0,3,3,3,3,2,2,3,2,3,3.0,3.0,3,3,3,2,3,3,1,2,3,2,2,2,2,3,3,3,3,2,2,3,2,3,3,2,3,3,3,3,3,3,2,2,3,3,2,2,3,3,3,3,2,2,3,3,3.0,3,3,3,3,2,3,3,2,3.0,3.0,3,3.0,2,2,2,3,2,3,2,3,2,3,3.0,3,3,3,3,2,2,3,2,3,2,3.0,2,2,2,3,2,3,2,3,3,2,3,3,3.0,2,3,2,2,2,3,2,3,2,3,3,2,2,2,2,3,3,3,3,3,3,2,3,2,3,3,3,3,2,0,2,3,2,3,3,3,3,3,3.0,3,3,3,3,3,2,2,2,2,3,3,2,3,3,3,3.0,2,3,3,3,3,2,3.0,3,2,2,1,3.0,3,3,3,3,3,2,2,3,1,3.0,2,2,3,2,3,2,3,3.0,3.0,3,3.0,3,3.0,3,3,3,3,3,3,3,3,3.0,3,3,3,0.0,3,3,3.0,2,3,3,3.0,3,3,3,3.0,3.0,3,3.0,3,2,3,3.0,2,3,3.0,47,5,1.0818815331010454,-0.3182150687698526
2,2,2,3,3,3,2,2,2,3.0,3,2,1,3,3,2,2,3.0,3,3,3,3,2,3,2,3,3,3,3,3,2,3,1,2,2,2,3,2,0,2,3,3,3,3,3,3,2,3,3,3,3,2,2,3.0,3,3,3,3,2,3,3,1,3,3.0,2,2,0,3,3.0,3,3,2,2,3,3,2,2,3,3,3,3,3,3,2,3,3,3,3,2,3.0,3,3,2,2,2,2,3,3,2,2,3,2,3,3,2,3,3,3,2,3,2,3,3,3,3,3.0,3,2,3,3,3,3,3,3,3,3,3,2,2,3,3,3,3,2,3,3,2,3,3,3.0,2,3,3,3,3,3,3,3,3,3,3,2,2,2,2,3,2,2,3,3,2,2,2,2,3,3,3,3.0,3,3,2,2,2,2,3,2,3,3,3,2,3,3,0,3,3,2,3,3,3,3,3,2,3.0,3,1,3,3,3,3,3,3,3.0,2,2,2,2,2,3,3,2,3.0,3.0,3,3,2,3,3,3,3,3,3,3,3,2,3,2,3,2,3,3,3,3,2,1,2,2,3,3,2,3,3,2,2,2,3,3,2,3,3,2,2,3,3,3.0,3,3,3.0,3,3,3,3,2,3,3,2,3,3.0,2,3.0,2,3,3,3,2,3,2,3,2,3,3,3,3.0,3,3,2,3,3.0,2,3,2,3.0,3,2,3.0,3,3.0,3,3,3,3,2,3,3,3,3,3,3,3,3,3,3,3,3.0,3,3,2,2,2,3,3,3,3,3,3,3,2,3,3,0,3,3,3,3,2,3,3,2,3,3,3,3,2,2,3,3,3,3,2,3,3,3.0,3.0,3,3,2,2,2,3,3.0,3,3,3.0,3,3,3,2,3,3,2,2,3,2,3,3.0,3.0,2,2,3,3,2,3,2,2,3,1,2,3,3,2,3,2,3,0,3,2,3,2,3,3,2,2,2,3,2,3,2,3,2,0,3,2,2,3,3,3,2,3,2,3,3.0,2,3,3,2,3,3,2,2,3.0,3.0,3,3.0,3,3,3,2,3,3,2,2,3,3,,3,1,2,2,3,3,3,3,3,2,3.0,3,3,2,3,3,3,2,2,2,3,3,3,3.0,3,2,3,3,2,2,3,3,3,2,3,3,3,3,3,3,3,3,3,3,3,3,3,2,3,3,2,3,3,3,3,3,2,3,3,3,3,3,3.0,2,3,3,2,3,3,3,3,3,3,3,2,2,2,2,3.0,2,2,2,2,3,3,3.0,3,3,3,3,3.0,3,3,2,3,2,3,2,3,3,3.0,3,3,3,3,3,3,3,3.0,3.0,3,3.0,3,3.0,3,3,2,3,3,3,3,3,3.0,3,3,3,3.0,3,3,2.0,3,3,3,3.0,2,3,3,3.0,3.0,3,3.0,3,3,3,3.0,3,3,3.0,48,5,1.1028245933407717,-0.3677986854973729
3,3,2,2,3,2,3,3,2,3.0,3,3,2,2,3,3,2,3.0,2,3,3,2,2,2,3,3,3,2,2,3,2,2,2,3,3,2,3,2,2,2,3,2,2,3,2,2,3,3,3,2,2,3,3,3.0,3,2,3,2,2,3,2,3,1,3.0,2,2,3,3,3.0,2,2,3,2,2,3,2,2,3,2,3,3,2,3,2,2,2,2,2,2,3.0,3,3,2,3,3,3,3,3,3,2,3,3,2,2,2,2,3,2,2,2,2,3,2,2,2,3.0,3,2,2,3,3,2,2,3,2,2,2,2,3,3,2,3,3,2,3,3,2,3,2,3.0,2,2,2,3,3,3,2,2,2,3,2,2,3,3,2,3,2,2,2,3,2,2,1,0,3,2,2,3.0,3,2,2,2,3,2,3,3,3,2,3,2,3,3,2,3,2,3,3,3,2,2,3,2,3.0,2,3,3,3,3,3,2,2,3.0,2,2,3,3,3,3,3,2,3.0,3.0,3,3,2,3,3,3,2,3,3,2,3,2,3,2,3,2,3,3,3,3,2,3,2,3,3,3,3,2,3,3,2,3,3,3,3,2,3,2,3,2,3,3.0,2,3,3.0,3,3,3,2,3,3,1,2,3,3.0,2,3.0,0,3,3,2,3,2,3,2,2,3,3,3,2.0,2,3,3,3,3.0,2,3,3,3.0,3,3,3.0,3,2.0,3,2,2,2,3,3,2,3,3,2,2,3,3,2,2,3,3.0,2,3,3,3,3,3,2,3,3,3,2,3,3,3,3,3,3,3,3,2,2,3,3,2,3,3,2,3,2,2,3,3,3,3,3,3,2,3.0,2.0,3,3,2,3,2,2,3.0,3,3,3.0,2,2,3,2,2,2,2,3,3,3,2,3.0,3.0,2,2,2,3,3,3,2,2,2,2,2,2,2,2,3,1,3,3,2,2,0,2,2,2,3,2,1,1,2,2,2,1,3,2,2,2,2,3,3,3,2,2,3,2,3.0,2,3,3,2,3,3,3,3,3.0,3.0,3,3.0,3,3,3,2,2,3,3,3,3,3,3.0,3,0,2,2,3,3,3,2,3,2,3.0,1,3,2,3,2,3,3,2,3,3,2,3,3.0,3,2,3,2,3,3,3,3,3,3,2,2,0,2,3,3,3,3,0,3,2,2,2,3,2,3,2,3,3,3,3,3,2,3,3,2,3,2,3.0,3,2,3,3,3,3,3,2,3,3,2,3,1,2,3,3.0,3,3,3,2,3,2,2.0,3,3,2,2,2.0,3,2,2,3,3,2,2,1,2,3.0,3,3,3,3,2,3,3,3.0,3.0,3,3.0,3,3.0,2,2,2,3,3,3,3,2,3.0,2,3,2,3.0,2,3,2.0,3,3,3,3.0,2,2,2,3.0,3.0,3,3.0,3,2,3,3.0,1,2,3.0,49,5,1.0900497240587945,-0.33140363602164336
2,2,2,3,2,2,2,3,2,3.0,3,0,2,3,3,3,3,3.0,2,2,3,2,2,0,3,2,2,2,3,3,2,3,3,1,2,2,3,3,3,2,3,2,2,3,2,2,2,2,2,2,2,3,2,3.0,3,3,2,2,2,2,2,3,3,2.0,2,2,2,2,3.0,2,2,3,2,2,2,3,3,2,3,3,3,2,2,2,3,2,3,2,2,3.0,3,2,2,2,2,3,3,2,0,2,2,3,2,3,1,3,3,2,2,2,2,2,2,3,2,3.0,3,2,3,3,2,2,2,2,2,2,3,3,2,3,1,3,2,3,3,3,2,3,2,3.0,2,2,2,3,3,2,2,2,2,3,2,0,3,2,3,3,2,3,3,2,2,3,2,2,2,2,3,2.0,3,2,2,3,2,2,3,3,2,2,3,3,3,2,1,3,3,3,2,3,2,3,3,2,3.0,2,2,2,3,2,3,3,3,2.0,2,2,3,2,2,2,3,2,3.0,3.0,3,2,1,2,3,2,2,2,3,2,3,3,3,3,2,2,2,2,2,2,2,2,2,3,3,3,3,2,3,2,3,3,3,3,2,3,1,3,1,2,3,3.0,3,2,2.0,3,2,2,2,2,2,3,2,3,3.0,3,3.0,2,2,2,3,3,3,2,3,3,3,3,2,2.0,2,3,2,3,3.0,0,3,3,3.0,3,2,3.0,2,3.0,2,2,3,3,3,3,2,2,2,3,2,3,2,2,3,2,3.0,3,2,3,2,2,3,2,2,3,3,0,3,2,3,3,2,3,3,2,2,3,3,2,3,2,3,3,2,2,3,3,2,2,1,3,3,2,3.0,3.0,1,2,2,2,2,2,3.0,3,3,3.0,2,2,3,3,3,2,2,2,3,3,2,2.0,3.0,2,2,2,3,3,3,2,2,2,3,3,3,2,2,3,2,2,2,1,3,2,2,2,3,2,3,2,2,3,3,3,3,3,2,2,2,2,2,3,3,2,2,1,2,3.0,2,3,2,3,3,2,3,2,3.0,3.0,3,3.0,3,3,3,2,2,3,3,3,3,3,3.0,3,2,2,2,3,2,3,2,3,2,3.0,2,3,2,2,2,3,2,2,2,2,3,2,3.0,2,2,2,3,3,2,3,2,2,2,3,3,3,2,2,2,3,2,2,3,3,2,2,3,2,3,2,3,2,2,2,3,2,2,3,3,3,2,3.0,3,2,3,2,3,2,3,3,3,3,2,2,2,3,2,2.0,2,2,2,2,3,2,3.0,3,3,2,3,3.0,2,2,3,3,2,3,3,3,2,3.0,3,2,3,3,2,3,3,3.0,3.0,3,3.0,3,3.0,3,3,2,3,3,3,3,3,3.0,3,3,3,3.0,3,3,1.0,3,3,2,3.0,3,2,3,3.0,3.0,1,3.0,3,3,3,3.0,1,3,3.0,50,5,1.0879646290679144,-0.42838890801262053
2,2,2,1,3,2,2,3,3,2.0,3,3,2,2,2,2,3,3.0,2,2,2,2,3,2,3,3,3,3,3,2,2,2,3,2,2,2,2,3,1,3,2,2,2,2,3,2,2,3,3,2,2,3,3,3.0,2,3,2,3,2,3,3,2,2,3.0,2,2,3,3,3.0,3,3,3,3,3,3,2,2,2,2,2,3,2,3,2,3,2,2,3,2,3.0,2,3,2,2,3,2,2,3,2,3,3,3,3,2,2,3,3,2,2,2,3,3,2,3,2,3.0,3,2,3,2,2,1,3,3,2,0,3,3,2,3,0,2,2,2,3,3,1,1,2,3.0,2,3,2,3,3,2,2,2,2,3,2,2,3,2,2,2,2,3,3,3,2,2,2,2,2,2,3,2.0,2,2,3,2,2,2,3,3,2,3,3,3,3,3,3,3,3,3,3,3,2,3,3,2,3.0,2,2,3,2,3,3,0,3,3.0,2,3,3,2,2,3,3,2,3.0,3.0,2,2,2,3,3,3,2,3,2,3,3,3,3,2,3,2,3,2,3,3,2,2,2,2,2,3,3,1,3,3,2,3,3,2,2,2,3,2,3,3,2,3.0,3,3,3.0,3,2,3,3,2,3,2,2,2,3.0,3,3.0,2,3,2,3,3,2,2,2,2,3,0,2,3.0,3,3,2,3,3.0,2,3,3,3.0,3,2,3.0,2,3.0,2,3,3,1,3,3,3,2,2,2,2,3,3,2,3,3,3.0,3,2,3,2,2,3,2,2,2,2,2,3,3,3,3,2,3,3,2,3,3,3,2,2,3,1,3,3,2,2,3,2,3,3,3,3,2,3.0,3.0,3,3,2,2,2,3,3.0,2,3,3.0,3,3,3,2,3,2,2,3,3,2,3,3.0,3.0,2,1,3,2,2,3,2,2,3,2,2,3,2,2,3,0,2,3,3,2,2,2,3,2,2,3,3,2,2,2,3,2,2,2,3,3,2,3,3,3,2,2,2,3,3.0,2,3,3,3,2,3,3,2,3.0,3.0,3,2.0,0,3,3,1,2,2,2,2,3,3,3.0,3,2,2,2,3,3,3,1,3,2,3.0,2,3,2,1,2,3,3,3,3,3,2,2,3.0,3,2,2,2,3,2,3,3,2,2,3,2,2,3,3,3,3,3,2,3,3,2,2,2,2,2,2,3,3,3,2,2,2,2,2,2,2,2,3.0,3,2,2,2,3,2,2,3,3,3,3,3,3,3,3,2.0,3,3,3,3,3,2,3.0,3,2,3,3,3.0,3,3,2,3,2,2,3,2,2,3.0,2,2,3,3,2,2,2,3.0,2.0,2,3.0,3,3.0,3,2,2,3,3,3,3,3,1.0,2,3,3,3.0,2,2,2.0,3,2,3,3.0,3,1,2,3.0,2.0,2,3.0,3,2,3,3.0,2,2,3.0,51,5,1.0841717664142725,-0.3336134791806738
2,3,3,2,3,3,3,3,3,3.0,3,2,3,3,3,2,3,,3,3,3,3,3,3,3,3,2,3,3,3,3,2,2,3,3,3,3,3,3,3,3,3,3,2,3,3,1,3,3,2,3,3,3,3.0,3,3,3,3,3,1,3,3,3,3.0,3,3,3,2,2.0,3,3,3,3,3,3,3,3,2,3,3,3,3,3,3,2,3,3,2,2,0.0,3,3,3,2,3,3,3,3,3,3,3,3,2,3,3,3,3,3,3,3,3,3,3,3,2,3.0,3,3,3,3,3,3,3,3,3,3,3,3,3,2,3,3,3,3,2,3,3,3,1,3.0,3,3,3,3,3,3,3,3,3,3,2,3,3,3,3,3,3,3,3,1,3,3,2,3,3,3,3,3.0,3,3,3,3,3,3,3,3,3,2,3,3,3,3,3,3,3,3,3,3,3,3,3,3,3.0,3,3,3,3,2,3,2,3,2.0,3,3,2,3,3,3,2,3,3.0,3.0,2,3,2,2,3,2,3,3,3,3,3,3,3,3,2,2,3,2,3,3,3,3,2,3,2,3,2,3,3,3,3,2,3,2,2,2,2,3,3,2,3,3.0,3,2,2.0,3,3,3,3,3,1,3,3,2,3.0,3,0.0,3,3,3,3,3,3,2,3,3,3,3,3,,3,2,3,3,3.0,3,3,3,3.0,3,2,3.0,2,3.0,3,3,3,3,3,3,2,3,3,3,3,3,3,3,3,3,3.0,3,3,2,3,3,3,3,2,3,2,2,3,3,3,2,2,2,3,2,3,3,2,3,3,2,3,2,3,3,3,3,3,3,2,3,2,3,3.0,0.0,3,3,3,2,2,3,3.0,3,3,3.0,3,3,3,3,2,3,3,2,3,3,3,3.0,3.0,3,3,2,2,2,2,3,2,2,2,3,3,2,3,3,3,3,3,0,3,3,3,3,3,3,3,3,3,3,3,3,2,3,3,3,3,2,3,3,3,3,3,3,3,,3,2,3,3,2,2,3,3,3.0,3.0,3,3.0,3,3,3,2,3,1,3,3,2,2,3.0,3,3,3,3,3,3,3,3,3,3,3.0,2,3,2,2,3,0,2,3,3,3,3,3,,3,2,3,3,3,3,3,3,3,3,3,3,3,3,3,3,3,3,3,3,3,3,3,3,2,3,3,3,3,3,2,2,3,3,3,3,3,3,3.0,3,3,3,3,3,3,3,3,3,3,3,3,3,3,3,3.0,3,3,3,3,3,3,3.0,3,3,3,3,3.0,3,3,3,3,1,3,3,2,3,3.0,2,3,3,3,3,3,3,,2.0,3,3.0,2,3.0,3,2,2,3,3,3,1,2,3.0,3,3,3,,3,3,3.0,3,3,3,3.0,3,3,3,3.0,0.0,3,3.0,1,3,3,3.0,3,3,,52,5,1.1254566589173034,-0.11904547780933605
3,2,2,2,3,3,3,3,0,3.0,2,3,2,3,3,3,3,3.0,2,3,3,2,2,3,3,3,3,2,3,3,3,1,2,2,3,3,3,3,3,2,3,3,2,3,2,2,3,3,3,3,3,3,3,3.0,3,3,3,3,3,3,3,3,3,3.0,3,2,2,3,3.0,3,3,3,2,2,2,3,3,2,2,3,2,2,3,3,2,2,3,2,2,3.0,2,2,3,3,3,3,2,2,2,3,3,3,2,2,2,2,3,3,2,2,2,2,3,3,3,3.0,3,2,3,2,3,3,3,0,2,3,3,3,3,3,2,3,3,3,2,3,2,3,2,3.0,2,3,3,3,3,2,2,2,3,3,2,3,1,2,3,3,2,3,3,3,3,3,3,3,3,3,3,3.0,2,3,2,3,3,3,3,3,3,3,3,2,3,3,3,3,3,3,2,3,3,3,3,3,3.0,2,2,3,3,2,3,2,3,3.0,2,2,2,3,2,3,3,3,3.0,3.0,3,3,2,3,3,2,3,2,3,3,3,3,3,2,3,3,3,3,3,3,3,3,3,3,3,3,3,3,3,2,2,0,3,3,3,3,3,3,3,3,3,2.0,3,3,3.0,3,2,3,2,2,3,3,3,2,3.0,3,3.0,2,2,3,3,3,3,3,2,2,3,3,3,3.0,2,3,3,3,3.0,2,3,2,3.0,3,2,3.0,3,3.0,3,2,3,3,3,3,2,3,3,3,2,3,3,3,3,3,3.0,3,3,2,3,1,2,2,1,3,3,2,2,2,2,3,3,3,3,3,3,3,3,3,3,2,3,3,3,2,2,3,3,3,3,3,3,3,3.0,3.0,3,3,3,3,2,3,3.0,2,3,0.0,2,2,3,2,2,3,2,3,1,3,2,3.0,3.0,3,3,3,2,2,3,3,2,3,2,3,3,3,2,2,3,2,2,3,3,3,2,3,3,3,3,3,3,3,3,2,2,3,3,2,3,3,2,3,3,3,3,1,3,3.0,1,3,3,2,3,3,2,3,3.0,3.0,3,3.0,3,3,3,3,3,3,3,3,3,2,3.0,3,3,2,3,3,3,3,2,3,2,3.0,3,3,2,3,3,3,3,2,2,3,3,3,,3,3,3,3,3,1,2,3,2,3,3,3,3,3,3,2,3,3,2,3,3,3,1,3,3,3,3,3,3,3,2,3,3,3,3,2,3,3,3.0,3,3,3,2,2,3,2,3,2,3,3,2,2,2,2,3.0,3,3,3,0,3,2,3.0,3,3,3,3,3.0,2,2,3,3,2,3,3,3,3,3.0,3,2,3,3,3,3,3,3.0,3.0,3,3.0,3,3.0,2,2,3,3,3,0,3,3,3.0,3,3,3,3.0,3,3,3.0,3,3,3,3.0,3,3,3,3.0,3.0,3,3.0,3,3,3,3.0,3,3,,53,5,1.1042911130074362,-0.3330927281235689
3,2,2,3,2,2,0,3,2,3.0,3,3,2,3,2,3,2,3.0,3,2,3,3,2,2,2,2,2,2,2,3,2,2,2,2,2,2,3,2,2,2,2,2,2,2,2,2,2,3,3,2,2,3,2,3.0,2,2,2,3,2,3,2,2,2,3.0,2,2,1,3,3.0,2,3,2,2,2,2,3,2,1,2,3,2,2,2,2,2,3,2,2,2,3.0,2,3,2,2,2,2,3,3,2,2,2,3,1,3,2,2,3,2,2,2,2,2,3,3,2,3.0,2,2,3,2,2,2,2,3,2,2,3,3,3,2,2,3,2,3,3,2,2,3,2,3.0,2,2,3,3,3,2,2,2,3,2,3,2,2,2,3,2,2,3,2,3,3,2,2,3,3,2,2,3.0,3,3,2,2,2,2,3,2,2,2,2,2,3,2,2,3,3,2,3,3,3,2,3,2,3.0,2,2,2,3,3,3,3,2,3.0,3,2,3,2,2,2,2,2,3.0,3.0,3,2,1,2,2,2,2,2,3,1,2,2,3,2,3,2,2,2,2,3,2,2,1,3,3,3,2,2,2,2,2,1,3,2,2,3,2,3,2,2,2,3.0,2,3,2.0,3,2,2,2,0,3,2,0,2,3.0,2,3.0,2,2,3,3,3,2,2,3,2,3,3,2,1.0,2,3,2,3,3.0,2,2,2,2.0,2,3,3.0,3,3.0,2,2,3,3,3,3,2,3,2,3,2,3,3,2,3,2,3.0,2,2,3,3,2,2,2,2,3,3,2,3,2,3,3,3,3,1,2,2,2,2,3,1,2,2,3,2,2,2,2,2,3,3,3,3,2,3.0,3.0,3,1,2,2,2,2,3.0,3,3,3.0,2,2,1,2,2,3,2,3,2,2,3,2.0,3.0,2,3,3,2,2,3,2,2,2,2,2,3,2,2,2,0,2,2,2,2,2,2,2,2,2,2,2,2,1,2,3,2,3,3,2,2,2,3,3,3,3,2,3,2,3.0,2,3,3,2,3,3,2,2,3.0,3.0,3,3.0,2,3,3,2,2,2,3,3,3,3,3.0,3,2,2,2,3,3,3,2,2,2,3.0,3,2,2,2,2,2,2,2,2,3,3,2,3.0,2,2,2,2,3,2,3,3,2,2,3,2,2,2,2,3,2,3,2,3,2,2,3,2,2,2,2,3,3,2,1,2,2,2,3,2,2,2,3.0,2,2,2,2,3,3,2,2,3,3,2,2,1,2,2,3.0,2,2,2,2,3,2,3.0,3,3,1,2,2.0,2,2,2,3,0,1,2,2,2,3.0,2,2,3,2,2,2,3,3.0,3.0,2,3.0,3,3.0,2,2,2,2,2,3,3,2,3.0,2,3,2,3.0,2,3,0.0,2,2,2,3.0,2,2,2,3.0,2.0,3,3.0,3,2,3,3.0,2,3,3.0,54,5,1.0806060947445502,-0.48280046570382484
3,3,3,3,3,3,2,3,3,3.0,3,3,2,2,3,0,3,3.0,3,3,3,2,2,3,3,3,3,3,3,3,3,2,3,2,3,3,3,3,3,2,3,3,3,3,3,3,2,3,3,3,2,3,3,3.0,3,3,2,3,2,3,3,3,2,2.0,3,2,2,2,3.0,3,3,2,2,3,2,2,2,2,3,2,2,3,3,2,2,2,2,2,2,3.0,3,3,2,2,3,2,3,3,2,2,3,3,3,3,3,3,3,3,2,3,2,3,3,3,2,2.0,3,3,3,3,3,3,3,3,3,3,2,3,3,3,3,2,3,3,3,3,3,3,3,3.0,3,2,3,2,3,2,3,3,2,3,2,3,2,3,3,3,2,3,2,3,3,2,3,3,3,3,3,3.0,3,3,2,2,3,3,3,2,2,2,3,3,3,3,3,3,3,3,3,3,3,2,3,2,3.0,2,1,3,3,3,3,3,3,3.0,2,2,2,2,2,2,3,2,3.0,3.0,3,3,1,2,3,3,2,2,3,2,3,2,3,2,3,2,2,2,3,3,3,2,3,2,3,2,3,2,3,3,3,3,3,3,3,3,3,3,3,3,3,3.0,3,3,3.0,3,2,3,3,3,3,3,3,2,3.0,3,2.0,2,2,3,3,3,3,2,2,1,3,3,2,3.0,3,3,2,3,3.0,2,3,2,3.0,3,3,3.0,3,3.0,2,3,3,3,2,3,2,3,3,3,3,3,3,2,3,3,3.0,3,3,2,2,2,3,3,2,3,3,3,3,2,3,3,3,3,3,3,2,2,3,3,3,2,3,2,3,2,3,3,2,3,3,3,2,3,3.0,2.0,3,2,2,3,2,3,3.0,3,3,3.0,2,2,3,3,3,3,3,3,3,3,3,2.0,1.0,3,2,3,2,2,0,2,3,3,1,3,3,3,3,3,2,2,3,3,1,3,2,2,3,2,3,3,3,2,3,3,2,3,3,3,3,3,3,3,3,3,3,3,3,3.0,3,3,3,3,3,3,2,2,3.0,3.0,3,3.0,3,3,3,2,3,3,3,2,3,2,1.0,2,2,1,0,3,3,3,2,3,3,3.0,2,3,2,3,2,3,2,3,2,2,2,2,3.0,2,2,2,3,3,2,3,0,2,2,3,3,3,3,2,3,3,3,3,0,3,3,3,3,3,3,2,3,0,3,3,3,2,3,2,3,2,3,3.0,3,3,3,3,3,3,3,2,3,3,3,2,2,3,2,3.0,2,3,3,2,3,3,3.0,3,1,3,2,3.0,3,3,3,3,3,2,3,3,3,3.0,3,3,3,3,3,3,3,3.0,3.0,3,3.0,3,3.0,3,3,2,2,3,3,3,2,3.0,3,3,3,3.0,3,3,3.0,3,2,3,3.0,3,2,3,3.0,3.0,3,3.0,3,3,3,3.0,3,3,3.0,55,5,1.1029186738452819,-0.41180891192115965
2,2,2,2,3,2,2,3,3,3.0,2,3,2,2,3,2,3,3.0,2,2,3,3,2,3,3,3,2,0,0,1,3,2,3,3,2,2,2,3,2,3,2,2,3,2,2,2,2,2,3,3,3,3,2,3.0,3,2,2,2,2,2,3,3,2,3.0,2,3,2,3,3.0,3,3,3,3,2,2,3,3,2,3,3,3,3,3,3,3,2,3,3,3,3.0,3,3,1,2,3,2,3,3,2,3,3,2,2,2,3,2,3,3,2,2,3,3,2,3,2,3.0,3,2,3,3,2,3,3,3,2,3,3,3,3,2,3,3,3,3,3,2,3,3,3,3.0,2,2,2,3,3,3,2,2,3,2,2,2,3,3,3,3,3,3,3,3,3,3,3,3,3,3,1,3.0,2,3,3,3,1,3,3,2,2,2,2,3,2,2,3,3,2,3,0,3,2,2,2,2,3.0,3,2,2,2,3,3,3,2,3.0,2,3,2,0,2,2,1,2,3.0,2.0,2,2,2,2,2,2,2,2,3,2,2,3,2,2,3,2,1,2,3,2,2,2,2,3,3,3,2,2,2,3,2,2,0,2,2,2,3,2,2,2,2,2.0,3,3,3.0,3,3,3,2,2,3,3,2,2,3.0,2,3.0,2,2,3,2,3,2,2,2,3,3,2,2,3.0,1,3,2,2,2.0,3,3,3,1.0,2,2,3.0,3,3.0,2,2,2,3,0,3,2,3,2,3,2,2,2,2,3,3,2.0,2,2,3,2,3,3,2,2,3,3,3,3,3,2,3,2,3,3,3,2,3,3,3,3,3,1,2,2,2,2,3,2,3,2,3,3,3,3.0,3.0,3,2,3,3,2,3,3.0,3,3,3.0,3,3,3,3,2,3,3,3,3,3,3,3.0,3.0,3,3,3,2,3,2,2,3,2,3,2,2,2,3,3,2,2,2,3,3,3,2,2,2,3,2,3,2,3,3,3,3,3,3,3,3,3,3,3,3,3,3,3,3,3.0,3,2,3,1,2,2,2,2,3.0,3.0,3,3.0,3,3,2,2,3,2,3,3,2,2,3.0,2,3,3,3,2,2,3,3,2,2,3.0,2,2,3,3,1,2,2,3,3,3,3,3,3.0,2,3,2,3,3,3,3,3,2,3,3,3,3,3,3,3,2,3,3,3,3,3,3,1,3,2,3,2,3,3,2,3,3,3,3,3,2,3,3.0,3,3,3,3,2,3,2,3,3,3,2,2,3,3,3,3.0,3,2,3,2,3,3,3.0,3,2,3,2,2.0,3,3,3,3,3,3,3,3,3,3.0,2,2,3,3,2,3,3,3.0,2.0,3,3.0,3,3.0,2,2,3,3,3,3,3,3,3.0,3,3,3,3.0,3,3,2.0,3,3,3,3.0,3,3,3,3.0,3.0,3,3.0,3,2,3,3.0,2,3,3.0,56,5,1.0878273470655213,-0.3497287611240976
2,2,2,3,3,2,2,3,3,3.0,2,2,2,2,2,3,2,1.0,3,2,3,3,2,3,3,0,2,2,1,2,2,2,3,3,3,2,3,2,3,2,2,2,2,2,2,2,2,1,3,1,2,3,2,3.0,2,3,2,2,2,3,2,2,1,2.0,2,2,2,3,3.0,2,3,3,3,2,2,2,0,2,2,3,3,2,3,2,2,3,2,2,2,3.0,3,3,2,3,3,2,3,2,3,2,2,1,2,2,2,2,3,3,2,2,3,3,2,3,2,2.0,0,2,3,2,2,2,2,3,3,2,2,3,2,2,3,3,2,2,2,2,2,3,2,3.0,2,2,2,3,3,2,3,2,2,3,2,1,3,2,2,2,2,2,2,2,3,2,2,2,3,0,3,3.0,3,2,2,1,3,3,2,3,2,3,3,3,1,2,3,2,2,3,3,3,2,2,3,2,3.0,2,2,2,3,3,3,2,2,3.0,3,2,3,2,2,2,3,2,3.0,3.0,2,2,1,2,3,3,2,2,2,2,3,2,2,2,3,2,3,3,3,3,2,2,3,2,3,2,2,2,3,2,3,2,2,3,2,3,3,3,3,3,2,3.0,3,3,3.0,3,3,3,3,2,3,3,2,2,3.0,3,3.0,2,3,2,2,3,2,2,3,2,1,3,2,3.0,2,2,2,3,3.0,2,3,3,3.0,3,3,3.0,3,3.0,2,2,3,3,3,3,3,3,2,2,1,3,3,2,3,2,3.0,2,3,3,3,2,3,2,2,3,2,2,3,3,3,3,3,2,3,3,3,3,3,3,2,3,3,3,2,2,2,2,2,2,3,3,3,2,3.0,3.0,3,2,3,3,2,3,3.0,3,3,3.0,2,2,3,3,2,2,2,3,3,2,2,3.0,3.0,2,2,3,2,1,3,3,2,3,2,2,3,3,3,2,2,3,2,2,2,3,2,3,2,2,3,2,2,0,2,3,2,3,2,2,3,2,3,3,2,2,3,3,3,3.0,2,3,2,3,2,3,2,3,3.0,3.0,2,3.0,2,3,3,2,3,3,2,3,3,3,3.0,2,2,2,2,3,2,2,2,2,3,3.0,3,2,2,3,2,3,2,2,2,3,3,3,3.0,2,3,2,2,2,2,3,3,2,2,2,3,2,3,2,3,3,3,3,3,2,2,3,2,2,2,2,3,3,3,3,3,3,3,3,3,2,2,3.0,3,2,2,3,3,3,3,2,3,3,2,2,3,2,3,3.0,3,3,2,3,3,3,1.0,2,3,2,2,3.0,3,3,2,3,3,0,3,2,3,3.0,2,2,3,2,2,3,2,3.0,3.0,2,3.0,3,3.0,3,3,2,3,3,3,3,2,3.0,2,3,2,3.0,2,3,3.0,3,2,3,3.0,2,1,2,3.0,3.0,3,3.0,2,2,3,3.0,3,2,3.0,57,5,1.0784673445853865,-0.4300544311606289
2,2,2,2,2,2,2,1,2,3.0,2,3,1,2,3,3,2,3.0,3,2,3,2,2,2,2,3,2,2,3,1,3,3,2,2,2,2,3,2,2,2,2,2,2,3,2,2,2,3,3,1,2,3,2,3.0,3,2,2,2,2,3,3,3,2,2.0,2,2,2,2,3.0,2,3,1,2,2,2,2,3,2,2,3,3,0,2,2,3,2,2,2,2,3.0,2,2,2,2,2,2,2,2,1,2,2,2,3,2,2,2,3,2,2,3,3,3,2,3,2,3.0,3,2,3,2,3,3,3,2,3,3,2,2,3,2,2,3,2,2,2,2,2,2,3,3.0,2,3,2,3,3,2,2,2,3,3,2,2,2,2,3,2,2,2,2,2,2,3,3,2,3,2,3,2.0,2,2,2,3,2,2,3,2,1,3,2,2,3,2,0,3,2,3,3,3,3,3,3,3,3.0,2,2,2,2,3,3,3,2,3.0,3,2,2,2,2,2,3,2,3.0,3.0,3,3,2,2,3,3,2,2,2,2,3,2,2,2,3,1,2,3,3,3,3,2,2,3,3,3,2,3,2,2,3,3,3,2,3,3,3,3,3,3,3,3.0,0,3,3.0,3,2,3,3,2,3,3,2,2,3.0,2,3.0,3,3,3,3,3,2,3,2,2,3,3,2,3.0,3,3,2,3,3.0,2,3,2,3.0,2,3,3.0,3,3.0,3,2,3,2,3,3,3,2,3,3,2,3,3,2,3,2,3.0,2,2,3,2,2,2,2,3,3,3,2,3,3,2,3,3,2,2,3,2,2,0,3,2,2,3,3,2,2,2,3,2,3,3,3,3,3,3.0,3.0,3,2,2,3,3,2,3.0,3,3,3.0,0,3,3,2,2,2,2,2,3,3,2,3.0,3.0,1,2,3,3,3,3,2,3,2,2,2,3,3,2,2,2,2,2,2,2,2,2,2,3,2,1,2,1,2,2,3,2,2,2,2,3,2,2,2,3,2,3,2,3,3.0,2,3,3,2,2,3,2,2,3.0,3.0,3,3.0,3,3,3,3,2,3,3,3,3,3,3.0,3,2,3,2,3,3,3,2,2,0,3.0,2,3,1,2,2,3,2,2,2,3,2,2,3.0,2,2,2,3,3,2,3,2,2,2,3,2,2,2,2,3,3,3,2,2,3,3,2,3,2,2,2,2,2,3,3,2,2,3,3,2,2,3,3.0,2,3,3,2,3,3,2,3,2,3,2,2,2,2,2,3.0,2,2,3,2,3,3,3.0,3,3,2,2,3.0,2,2,3,1,3,3,3,2,2,3.0,3,3,3,2,3,3,3,3.0,3.0,3,3.0,3,3.0,2,3,2,3,3,2,3,3,3.0,3,3,3,3.0,3,3,3.0,2,3,2,3.0,2,3,2,3.0,3.0,3,3.0,3,3,3,3.0,3,3,3.0,58,5,1.082852386237514,-0.46049406468452675
2,2,1,2,3,2,2,3,2,2.0,2,2,2,2,3,0,3,3.0,2,2,3,2,2,3,2,2,3,2,2,3,2,3,2,2,3,2,3,3,2,2,2,2,3,3,2,2,2,1,3,2,2,3,1,3.0,2,2,2,2,2,2,3,3,3,2.0,2,2,2,2,2.0,2,3,2,2,3,2,2,2,2,3,2,3,2,2,2,2,2,2,2,2,3.0,2,3,2,2,2,2,2,2,2,2,2,3,3,3,3,2,3,3,2,3,2,3,0,3,3,3.0,3,2,3,3,2,2,3,3,3,3,2,3,3,2,2,2,2,2,2,2,3,2,3,3.0,2,3,2,3,2,2,3,3,2,3,2,2,2,2,3,3,2,2,0,3,3,2,2,3,2,2,2,2.0,3,3,2,2,2,3,3,3,2,3,2,3,2,3,2,3,3,2,3,3,3,2,3,3,3.0,2,2,3,2,3,2,2,3,3.0,2,3,2,3,2,2,2,2,3.0,3.0,3,3,3,2,3,3,2,2,2,2,3,2,2,3,3,2,2,3,2,3,2,2,2,2,2,2,2,2,3,1,3,2,3,3,2,2,2,3,3,3,2,3.0,3,3,3.0,3,3,3,3,2,3,3,2,3,3.0,1,3.0,3,2,2,3,2,3,2,2,2,3,3,2,3.0,2,2,2,2,3.0,2,3,2,2.0,3,2,3.0,2,3.0,2,2,3,3,2,3,2,3,2,2,3,3,2,2,2,3,3.0,3,3,2,2,2,2,2,2,3,2,2,3,2,3,2,2,2,3,3,2,3,3,2,2,1,3,3,2,2,2,3,2,3,3,2,2,3,3.0,2.0,3,2,2,2,2,2,3.0,3,3,3.0,2,3,3,3,2,3,2,3,2,2,3,2.0,3.0,3,3,3,2,1,3,3,3,3,3,3,3,3,3,3,3,3,2,2,1,2,2,2,1,2,3,2,3,2,3,3,3,3,2,2,2,3,3,3,3,2,2,3,3,3.0,2,3,3,3,3,3,3,2,3.0,3.0,2,3.0,1,3,3,3,3,2,3,3,3,3,3.0,2,3,3,3,3,2,3,3,2,2,2.0,2,3,2,2,3,2,2,0,2,2,3,3,3.0,2,0,2,2,3,2,2,3,2,2,2,3,2,2,2,3,2,2,2,3,2,3,3,2,2,2,2,2,2,3,2,2,3,3,2,2,2,3,3.0,2,3,3,3,1,3,3,2,3,2,3,1,2,3,3,3.0,2,2,2,2,3,3,3.0,2,2,2,3,3.0,2,2,3,3,3,3,3,2,3,3.0,3,2,3,3,3,2,3,3.0,2.0,2,3.0,0,3.0,2,3,2,3,3,3,1,2,3.0,3,3,3,3.0,2,2,3.0,3,3,3,3.0,2,3,3,3.0,3.0,3,3.0,3,3,3,3.0,3,3,3.0,59,5,1.0846616148419128,-0.40266891118089093
2,2,2,2,2,2,2,2,2,3.0,0,3,2,2,3,2,2,3.0,2,2,2,2,2,2,2,3,3,2,3,2,2,2,2,2,2,2,3,3,2,2,2,2,2,2,2,2,2,2,2,3,2,2,2,3.0,3,2,2,1,2,3,2,3,2,2.0,2,2,2,2,3.0,2,2,0,1,2,0,3,2,2,2,2,2,2,3,1,2,2,1,2,2,3.0,2,2,2,2,2,2,2,2,2,2,2,2,2,2,2,2,3,3,2,2,2,2,2,2,2,3.0,3,2,2,2,2,3,1,2,2,2,2,2,2,2,2,1,1,2,3,2,2,2,3,2.0,2,2,2,3,2,2,1,2,2,1,2,2,2,2,3,2,2,2,2,3,2,2,2,2,2,2,3,2.0,2,2,2,2,2,3,3,2,2,2,2,2,2,2,2,3,2,2,3,3,3,3,3,2,3.0,3,2,3,2,3,2,3,2,3.0,3,2,2,2,3,2,3,2,3.0,3.0,2,2,2,2,2,3,3,2,2,2,2,2,2,2,2,2,2,2,3,3,2,2,2,3,3,3,2,2,3,2,3,3,2,3,3,2,3,3,3,3,3,3.0,2,3,3.0,3,2,3,2,0,3,3,2,2,3.0,2,3.0,2,2,3,3,3,2,2,2,2,3,2,2,2.0,3,3,1,3,3.0,2,2,2,2.0,3,2,3.0,3,3.0,2,2,3,3,3,3,2,2,2,2,2,3,2,2,3,2,3.0,2,2,3,2,2,3,2,2,2,2,3,3,2,2,3,3,3,2,2,2,2,2,3,2,3,3,2,2,2,2,2,2,3,3,3,3,3,3.0,3.0,3,3,2,2,3,2,3.0,2,3,3.0,1,2,3,3,3,3,2,2,3,2,2,2.0,3.0,2,3,2,3,2,3,2,2,3,3,2,3,3,2,2,2,2,2,3,2,2,2,2,3,2,2,2,2,2,2,2,2,3,2,2,2,2,2,2,3,2,2,2,3,3.0,2,3,3,2,3,3,2,1,3.0,3.0,2,3.0,2,3,2,3,2,3,3,3,3,3,3.0,2,3,2,2,2,2,3,2,2,2,3.0,2,2,2,2,2,3,2,2,2,2,0,2,3.0,2,3,3,2,2,3,2,2,2,3,2,2,2,2,2,2,3,3,2,2,3,2,3,1,2,2,2,3,2,3,2,2,2,3,3,2,2,3,3.0,2,3,0,1,3,2,2,2,2,3,2,1,2,2,2,3.0,3,2,2,2,3,2,2.0,3,3,2,1,2.0,3,2,3,3,2,2,2,2,3,3.0,3,2,3,3,3,3,3,3.0,3.0,3,3.0,3,3.0,3,3,2,3,3,3,3,2,3.0,2,2,2,3.0,3,3,3.0,3,3,3,3.0,2,3,2,3.0,3.0,3,3.0,3,3,2,3.0,2,2,3.0,60,5,1.0809782608695653,-0.5009539836501727
2,1,2,3,3,2,2,3,2,3.0,3,3,2,2,2,0,1,3.0,3,3,3,2,3,3,2,3,2,1,3,3,2,2,3,2,3,2,3,3,3,2,3,2,2,2,0,2,3,3,3,2,2,3,2,3.0,2,3,3,3,2,3,3,3,2,2.0,2,2,2,2,3.0,2,3,2,2,2,2,2,3,3,2,3,3,3,3,2,3,3,2,2,2,3.0,3,3,2,2,3,2,3,2,2,2,1,3,2,3,3,2,1,2,2,2,3,3,3,2,2,3.0,3,2,2,2,2,3,0,2,2,3,3,3,3,2,3,2,2,3,3,2,2,3,3,3.0,2,3,2,3,3,3,2,2,2,2,2,2,3,3,3,2,3,2,2,2,2,3,2,2,3,2,2,3.0,2,3,3,3,2,2,3,2,2,1,2,2,3,3,1,3,3,3,3,2,2,2,2,3,3.0,2,2,3,2,3,3,3,2,2.0,3,2,3,2,2,2,3,2,3.0,3.0,3,2,2,3,3,3,3,2,3,2,3,2,3,2,3,2,3,2,3,3,3,2,2,3,3,3,3,3,3,2,3,3,3,2,2,3,3,3,2,2,3,3.0,2,3,2.0,3,2,3,2,3,3,3,2,3,3.0,2,3.0,2,2,3,3,3,3,3,3,2,3,2,3,3.0,3,3,3,2,2.0,2,2,3,2.0,3,2,3.0,3,3.0,2,2,3,3,0,2,2,2,3,3,2,2,3,1,3,2,2.0,2,2,2,2,2,3,2,2,3,2,2,3,2,3,3,2,3,2,2,3,2,2,3,2,2,3,3,3,2,2,3,2,3,3,3,3,2,3.0,3.0,3,3,2,2,3,2,3.0,2,3,3.0,2,2,3,2,2,3,2,2,3,2,3,2.0,2.0,3,2,3,2,2,2,2,2,2,3,2,3,2,2,2,2,2,2,3,2,1,2,2,3,3,3,2,2,3,2,2,2,3,3,2,3,2,2,2,3,0,3,2,3,2.0,2,2,3,3,3,3,2,2,3.0,3.0,3,3.0,3,3,3,2,3,3,3,2,3,3,3.0,3,2,3,3,3,3,3,1,3,3,3.0,2,3,2,2,2,2,2,2,2,3,3,3,3.0,2,3,3,3,2,3,3,2,3,2,2,3,2,2,3,3,3,3,3,3,3,2,3,3,2,3,2,3,3,3,3,3,2,3,3,3,2,3,2.0,3,2,3,3,3,3,3,2,0,3,3,2,3,2,3,3.0,2,2,3,2,3,3,3.0,3,3,2,2,3.0,3,3,3,3,1,3,1,2,3,3.0,3,3,3,3,3,3,2,3.0,3.0,3,3.0,3,3.0,3,3,3,3,3,3,3,3,3.0,3,3,3,3.0,3,2,3.0,3,3,3,3.0,2,3,2,3.0,3.0,3,3.0,3,3,3,3.0,2,3,3.0,61,5,1.0849165529547604,-0.38457170849957045
3,2,2,2,3,3,2,3,2,2.0,2,3,2,2,3,3,3,,3,2,3,2,3,3,2,3,3,3,3,3,3,3,3,2,3,3,3,3,3,2,3,3,3,3,3,3,2,2,3,3,3,3,3,3.0,3,3,2,3,3,3,3,3,3,3.0,3,2,3,3,2.0,3,3,3,2,3,2,3,3,2,3,3,3,2,2,2,1,3,2,3,3,3.0,3,3,3,2,3,2,3,3,3,3,2,2,2,3,3,3,3,3,3,2,3,2,3,3,3,2.0,3,3,3,3,3,3,3,3,3,3,3,3,3,2,3,3,3,3,3,3,2,3,3,3.0,2,2,3,3,3,3,3,3,3,2,3,0,3,2,3,3,2,3,3,2,3,3,3,2,3,3,3,3.0,3,3,2,3,2,3,3,3,2,3,1,3,3,3,2,3,2,3,3,3,3,3,3,3,3.0,3,3,2,2,3,3,3,2,3.0,2,3,2,3,3,2,3,3,3.0,3.0,3,2,2,3,2,3,3,2,3,3,3,2,3,2,3,3,3,3,3,3,3,2,3,2,3,1,1,3,2,2,3,3,2,3,2,2,0,3,3,2,2,3.0,3,3,3.0,2,3,2,3,2,3,2,3,3,3.0,2,3.0,2,2,2,3,3,3,3,3,3,3,3,3,3.0,3,2,3,2,3.0,2,3,3,3.0,3,3,3.0,3,3.0,2,1,3,3,3,3,3,3,3,3,3,3,3,1,2,2,3.0,3,3,2,2,3,3,3,2,3,3,3,2,1,2,3,2,3,3,3,3,3,2,1,3,2,3,3,2,3,3,3,3,2,2,3,3,3,3.0,2.0,3,2,3,2,2,3,3.0,3,3,3.0,3,2,3,3,3,2,0,2,3,3,3,3.0,3.0,3,3,3,3,2,3,3,2,3,2,3,2,3,3,3,3,3,3,2,2,3,2,3,3,3,3,3,3,2,3,3,3,3,3,2,3,3,3,2,3,3,2,3,1,3.0,3,3,3,3,3,2,3,3,3.0,3.0,3,3.0,3,3,3,3,3,3,3,3,3,3,3.0,3,3,3,3,3,2,2,2,2,3,2.0,2,3,2,3,3,3,2,2,3,3,3,2,3.0,3,2,3,3,2,2,0,3,2,2,3,3,2,3,3,0,2,3,2,3,3,3,2,2,2,3,2,3,3,3,2,3,2,2,3,3,2,3,3.0,3,3,3,3,3,3,3,3,3,3,3,2,3,3,3,3.0,3,2,2,3,3,3,3.0,2,3,3,2,3.0,3,3,2,3,3,3,3,3,3,3.0,3,3,3,3,3,2,3,3.0,3.0,3,3.0,2,3.0,3,3,0,3,3,3,3,3,3.0,2,3,3,3.0,3,3,3.0,3,3,3,3.0,3,2,3,3.0,3.0,3,3.0,3,3,3,3.0,2,3,3.0,62,5,1.110053103827138,-0.29896975562414857
3,2,2,3,2,2,2,2,2,3.0,2,3,2,2,2,3,3,3.0,3,3,3,3,2,3,2,3,3,3,2,3,2,2,3,2,3,2,3,3,2,0,3,3,2,3,2,2,2,3,3,3,2,3,3,3.0,3,3,3,3,2,2,3,3,3,2.0,3,3,2,2,2.0,2,2,2,2,3,3,3,2,2,2,3,3,2,3,3,2,2,3,1,2,0.0,2,2,3,2,2,2,2,3,2,2,2,2,2,3,3,3,3,3,2,3,3,2,2,3,3,3.0,3,2,3,3,2,3,3,3,2,3,2,3,3,2,2,2,3,2,2,2,2,2,3,3.0,2,2,3,3,3,2,2,2,3,3,2,2,2,2,3,3,2,3,3,2,3,3,2,3,3,2,2,2.0,3,3,2,3,2,3,3,2,3,2,3,3,3,2,3,2,3,3,2,3,2,3,2,2,3.0,2,2,2,3,2,3,3,2,3.0,2,2,3,2,2,1,3,3,3.0,3.0,3,3,2,1,3,2,1,1,3,3,2,3,2,2,3,2,2,2,3,3,3,2,3,3,2,3,2,2,3,2,2,3,3,3,2,2,3,3,3,3,2,3.0,3,2,2.0,3,3,3,2,2,3,3,2,2,3.0,2,3.0,3,2,2,2,3,3,3,2,2,3,2,2,3.0,2,2,3,3,3.0,2,2,3,3.0,2,3,3.0,2,3.0,2,2,2,3,2,3,2,3,2,3,3,3,3,3,3,2,3.0,2,2,2,2,2,3,0,2,3,2,2,3,3,3,2,3,2,2,2,3,3,2,3,3,2,3,2,2,2,2,2,2,3,3,3,3,2,2.0,2.0,3,2,2,2,3,2,2.0,1,3,3.0,2,3,3,3,2,3,3,2,3,2,3,3.0,1.0,3,3,3,3,2,3,1,3,3,2,1,2,2,3,3,3,3,3,2,2,3,2,2,1,3,2,3,2,2,3,2,2,3,3,3,3,3,3,3,3,2,2,3,3,3.0,2,3,3,3,2,3,2,3,3.0,3.0,3,2.0,2,3,3,3,2,3,3,3,3,2,3.0,3,3,3,2,1,3,3,2,2,2,3.0,2,3,2,2,2,2,2,2,1,2,3,2,3.0,2,1,3,2,2,3,3,2,3,3,3,3,2,2,3,3,3,3,3,3,3,2,3,2,3,3,2,2,2,3,2,2,3,3,3,2,3,3,3.0,2,3,3,3,3,3,2,2,3,0,3,2,3,3,2,2.0,2,2,3,2,3,2,3.0,3,3,3,2,2.0,2,2,2,2,3,2,2,3,2,3.0,2,2,3,0,3,2,3,3.0,3.0,2,3.0,3,3.0,3,3,3,3,3,3,2,3,3.0,3,3,3,3.0,3,0,3.0,2,2,3,3.0,2,3,2,3.0,3.0,3,3.0,3,3,3,3.0,2,3,3.0,63,5,1.0765884257385676,-0.3958951405760953
2,2,2,2,3,2,2,0,3,3.0,2,3,2,2,3,3,3,3.0,3,3,3,3,2,3,3,3,3,3,3,3,2,2,2,3,3,3,3,3,2,3,3,3,3,2,3,2,2,3,3,3,3,3,3,3.0,3,2,3,2,3,2,3,3,2,3.0,3,0,3,3,3.0,1,3,3,3,3,3,1,3,2,2,3,3,2,2,3,3,3,2,2,3,3.0,3,3,2,3,3,3,3,3,3,2,2,3,2,3,3,3,3,3,2,2,3,2,2,3,3,3.0,1,2,2,3,3,3,3,3,2,3,3,3,2,2,2,3,3,3,3,2,3,3,3,3.0,2,2,3,3,3,1,3,3,3,3,2,3,2,2,3,3,2,3,3,3,3,1,3,3,3,2,3,3.0,2,2,3,3,3,3,3,3,3,2,3,3,3,2,3,3,3,3,2,3,2,2,3,3,3.0,2,2,2,3,3,2,3,3,3.0,3,3,3,3,3,3,3,3,3.0,3.0,2,3,2,3,2,3,2,3,3,3,2,3,3,2,2,2,3,2,3,3,3,3,3,3,3,3,3,2,2,3,3,2,0,1,2,2,3,3,3,2,2,3.0,3,3,3.0,3,3,3,3,3,3,2,2,2,3.0,2,3.0,2,3,3,2,3,2,2,3,2,3,3,2,3.0,3,2,2,2,3.0,3,3,2,3.0,2,3,3.0,3,3.0,2,3,2,3,3,2,2,3,2,2,3,0,3,3,3,3,0.0,2,2,3,2,3,3,2,2,3,3,3,3,3,2,2,2,2,3,3,3,2,3,3,3,2,3,3,2,3,2,3,2,3,3,3,1,3,2.0,3.0,3,2,2,2,3,3,3.0,2,3,3.0,2,3,2,3,2,2,2,3,3,3,2,3.0,3.0,2,3,3,2,2,3,3,2,2,3,3,3,2,2,3,2,3,3,2,3,3,2,3,3,3,2,3,3,2,3,3,2,3,2,2,3,3,3,3,3,2,2,3,2,3.0,3,2,3,3,3,3,3,3,2.0,3.0,3,3.0,2,3,2,2,3,3,2,3,3,3,3.0,2,3,2,2,3,3,2,3,2,2,3.0,3,2,2,3,2,2,2,2,2,3,3,3,3.0,2,2,3,3,3,3,3,3,1,3,2,3,1,3,3,3,3,3,3,3,3,1,2,2,2,3,3,3,3,3,3,2,3,3,3,3,2,3,3.0,3,3,3,2,3,3,2,3,3,3,2,3,3,3,3,3.0,3,2,3,1,3,3,3.0,3,2,3,3,3.0,3,2,3,3,2,3,2,3,3,3.0,3,3,2,3,3,2,3,3.0,3.0,2,3.0,3,3.0,0,3,3,3,2,3,3,3,3.0,3,3,3,3.0,2,3,3.0,3,3,3,3.0,3,3,2,3.0,3.0,2,3.0,3,3,3,3.0,2,3,3.0,64,5,1.0956596847333189,-0.3601315937746257
3,2,2,3,3,2,2,3,3,3.0,3,3,2,3,3,3,3,,2,3,3,2,2,3,3,3,3,3,2,2,3,2,3,2,3,2,3,3,2,2,3,3,2,3,3,3,2,3,3,2,3,3,3,3.0,3,3,3,3,3,2,3,3,3,3.0,3,3,3,2,3.0,3,3,2,3,3,3,3,3,3,2,1,3,3,3,2,3,3,3,2,2,3.0,3,3,3,3,3,3,3,3,2,3,2,3,3,3,3,3,3,3,3,2,3,3,2,3,3,3.0,3,3,3,3,3,3,3,3,2,3,2,3,3,3,3,3,3,2,2,3,3,0,2,2.0,2,3,3,3,3,3,3,3,3,2,3,3,2,3,2,2,3,3,2,3,3,3,3,3,3,2,3,3.0,3,2,3,2,2,3,3,3,2,2,3,1,3,3,3,3,3,3,3,3,2,3,3,3,3.0,2,3,3,3,1,3,2,2,2.0,3,2,3,3,3,3,3,3,3.0,3.0,2,2,3,3,3,3,3,3,2,3,3,2,3,3,3,3,3,3,3,3,3,2,3,3,3,2,2,3,3,3,1,3,3,3,2,3,3,3,3,2,3,3.0,3,3,0.0,3,3,2,3,3,2,3,2,2,3.0,3,3.0,2,2,3,3,3,2,2,3,3,3,3,2,3.0,3,3,2,3,3.0,3,3,3,0.0,2,3,3.0,3,3.0,3,3,3,3,2,3,3,3,3,3,3,3,3,2,3,3,3.0,3,3,2,2,3,3,2,3,3,3,3,3,3,3,3,2,3,3,2,3,3,3,3,3,2,3,2,3,3,3,3,3,2,3,3,3,3,3.0,3.0,3,3,3,3,3,2,3.0,3,3,0.0,3,3,3,3,3,3,2,1,3,3,3,3.0,3.0,2,3,3,2,2,3,2,2,3,3,2,3,2,3,3,2,3,2,3,2,1,2,2,3,3,3,3,3,2,3,3,3,3,3,2,2,3,3,2,3,3,2,3,3,2.0,2,3,3,3,3,3,3,3,3.0,3.0,2,3.0,2,3,3,1,3,3,3,3,3,3,3.0,3,2,3,3,3,2,3,2,3,3,3.0,3,3,2,3,3,3,2,3,3,3,3,3,,3,3,3,3,1,3,3,3,2,2,3,3,2,3,3,3,3,3,2,2,3,3,3,3,3,2,3,3,3,3,2,3,2,3,3,3,2,3,3.0,3,3,2,2,3,3,2,3,1,3,3,3,3,3,3,3.0,2,3,3,2,3,2,3.0,3,3,3,3,3.0,3,3,0,3,3,3,2,1,3,3.0,3,3,3,3,3,3,3,3.0,3.0,3,3.0,3,3.0,3,3,2,3,3,3,0,3,3.0,3,3,1,3.0,3,3,3.0,3,3,3,3.0,3,3,3,3.0,3.0,3,3.0,3,3,3,3.0,2,3,3.0,65,5,1.1064021641118125,-0.2484966277892669
2,2,2,2,2,3,2,2,2,3.0,3,2,2,3,3,3,3,3.0,2,2,3,2,0,3,2,3,3,2,2,3,2,3,3,3,3,3,1,3,3,2,3,3,2,3,3,2,2,3,3,2,2,3,2,3.0,3,3,2,3,2,3,3,3,3,3.0,3,2,2,2,3.0,3,3,3,2,2,2,3,3,3,3,3,3,2,3,3,3,2,2,3,3,3.0,3,3,2,2,3,2,0,3,0,3,2,1,3,2,2,3,3,3,2,1,3,2,3,3,3,3.0,3,2,3,3,3,3,2,3,2,3,3,3,2,2,2,3,3,3,2,2,2,3,3,3.0,2,3,2,2,3,3,3,2,2,3,2,2,3,2,3,3,3,3,3,3,2,2,3,2,3,3,0,3.0,3,3,3,3,3,2,3,2,2,3,3,3,3,3,1,3,3,3,3,3,3,3,3,2,3.0,3,2,3,2,3,3,3,2,3.0,2,2,2,2,2,2,3,2,3.0,3.0,3,3,2,2,3,3,2,2,3,3,2,3,3,2,3,2,3,3,2,3,3,2,2,1,3,3,2,3,2,3,3,3,3,3,2,3,2,3,3,2,2,3.0,3,3,3.0,3,2,3,3,3,3,2,2,3,3.0,3,3.0,3,3,3,3,3,3,3,2,2,3,2,3,3.0,3,3,3,3,3.0,3,3,3,2.0,3,2,3.0,3,3.0,3,3,2,3,3,3,3,3,3,3,3,3,2,3,3,3,3.0,3,0,2,2,3,3,3,2,2,3,2,3,2,2,2,3,3,2,2,2,3,3,3,3,3,3,3,2,2,2,3,2,3,3,3,3,3,3.0,3.0,3,3,2,3,2,3,3.0,3,3,3.0,2,3,3,3,2,3,1,3,3,3,2,3.0,3.0,3,3,3,2,3,3,2,3,3,2,2,3,2,1,3,3,3,3,2,3,3,2,2,3,3,2,2,3,3,3,3,3,2,3,3,3,3,3,3,1,3,2,2,3,3.0,2,3,3,3,3,3,2,2,3.0,3.0,3,3.0,3,3,3,3,3,3,3,3,3,3,3.0,3,3,2,2,3,2,3,2,3,2,3.0,2,3,2,2,3,3,2,3,2,3,2,3,3.0,3,3,3,3,3,2,3,3,3,3,3,2,3,2,3,3,2,3,3,2,3,2,2,3,3,3,2,3,1,2,3,2,3,3,3,3,3,3,3.0,2,3,3,3,3,3,3,3,3,2,3,2,3,3,3,3.0,3,3,3,2,3,2,3.0,3,3,3,3,3.0,3,3,3,3,3,3,3,2,2,0.0,3,2,3,1,3,3,3,3.0,3.0,3,3.0,3,2.0,3,3,2,3,3,2,3,3,3.0,3,3,3,3.0,3,3,3.0,3,3,3,3.0,3,2,3,3.0,3.0,3,3.0,3,3,3,3.0,3,3,3.0,66,5,1.1001185168463232,-0.38338168567684594
3,3,3,3,3,3,2,2,3,3.0,2,3,3,3,3,3,2,3.0,3,3,2,3,3,3,3,3,3,3,3,3,2,3,3,3,0,3,3,2,0,3,1,3,2,3,3,2,3,3,2,3,2,3,2,3.0,3,3,3,3,3,3,3,3,2,3.0,2,2,3,3,3.0,3,1,2,3,3,2,2,3,3,3,3,3,2,3,2,3,3,2,2,3,3.0,3,3,2,3,3,2,3,3,3,3,3,3,3,2,2,3,3,3,2,3,3,3,3,2,3,3.0,3,3,3,3,3,3,3,3,2,3,3,3,3,3,2,3,3,3,3,3,3,3,3,3.0,2,2,3,3,3,3,3,3,3,2,2,3,2,3,3,3,3,3,3,2,3,2,3,2,3,3,3,3.0,3,2,2,3,2,3,3,2,2,3,3,3,3,3,3,3,3,3,3,3,2,3,3,2,3.0,3,2,3,2,3,3,3,3,3.0,3,2,2,3,3,3,3,2,3.0,3.0,3,3,2,3,2,3,3,2,3,3,3,2,3,2,3,2,3,3,1,3,1,2,3,3,3,3,2,3,3,3,3,3,3,3,2,3,3,3,3,3,3,3.0,3,3,3.0,3,3,3,3,2,3,3,2,3,3.0,3,3.0,2,3,3,3,3,0,3,3,3,3,3,3,2.0,3,3,2,3,3.0,3,3,3,3.0,3,3,3.0,3,3.0,3,3,3,3,3,3,3,3,3,3,3,3,3,3,3,3,3.0,2,3,3,3,3,3,3,3,3,3,3,3,3,3,3,3,3,3,2,3,3,3,3,3,2,3,3,3,2,2,3,3,3,3,2,3,3,3.0,3.0,3,3,2,3,3,3,3.0,3,3,3.0,3,3,3,3,3,3,3,3,3,3,2,3.0,3.0,2,3,3,3,3,3,3,2,3,3,3,3,3,3,3,3,3,3,3,3,3,3,3,3,3,2,2,3,3,3,3,3,3,2,2,3,3,3,3,3,3,3,3,3,3.0,3,3,3,2,3,3,3,3,3.0,3.0,3,3.0,3,3,3,3,3,3,3,3,3,3,3.0,3,3,2,3,3,3,3,3,3,3,3.0,2,3,3,3,1,3,3,3,2,1,3,3,3.0,3,3,3,3,0,3,3,3,3,3,2,3,3,3,3,3,3,3,3,3,3,3,3,3,3,3,2,3,3,3,3,2,2,3,3,3,3,2,3.0,3,3,3,1,3,3,3,3,3,3,2,2,3,3,3,3.0,3,2,2,3,3,3,3.0,3,2,3,2,3.0,3,3,3,3,3,0,2,2,3,3.0,3,3,3,3,3,3,3,3.0,3.0,2,3.0,3,3.0,0,3,2,3,3,3,3,3,3.0,3,3,2,3.0,3,3,3.0,3,3,3,3.0,3,3,3,3.0,3.0,2,,3,3,3,3.0,3,3,3.0,67,5,1.13637070440056,-0.2928530277044472
3,2,2,3,2,3,3,2,2,3.0,2,3,2,2,3,3,3,3.0,3,3,3,2,3,3,2,3,2,2,2,2,2,3,3,2,3,2,3,3,3,3,3,2,3,2,2,3,2,2,3,3,2,3,2,3.0,3,2,2,3,2,2,2,2,3,2.0,3,2,3,3,3.0,3,3,3,3,3,3,3,2,2,2,3,3,3,1,2,3,2,3,2,2,3.0,3,3,2,2,3,2,3,2,2,2,2,3,2,3,3,3,3,3,2,2,2,2,0,2,3,3.0,3,2,3,2,2,2,3,3,2,3,2,3,2,3,3,3,2,2,2,2,2,2,3,3.0,2,2,3,3,3,3,1,0,2,2,3,2,2,3,3,2,2,3,3,3,3,2,2,2,3,2,3,3.0,3,2,2,3,2,3,2,2,3,2,2,3,3,2,3,3,3,3,2,3,2,2,2,3,1.0,2,2,3,2,2,3,3,3,0.0,3,2,3,2,3,2,2,2,3.0,3.0,2,2,2,2,3,3,2,3,3,3,2,3,3,3,3,2,3,2,3,2,2,2,2,2,3,3,2,3,2,3,3,2,1,2,1,2,3,3,2,2,2,3.0,3,3,2.0,3,2,3,2,3,2,2,2,3,3.0,3,3.0,2,3,2,3,3,2,2,2,3,3,3,2,3.0,2,2,3,3,3.0,3,1,3,0.0,2,2,3.0,2,3.0,0,3,2,3,3,3,3,3,2,3,3,3,2,3,3,2,2.0,3,3,3,2,2,3,1,2,2,2,2,2,2,2,3,2,1,3,3,3,2,3,3,3,3,3,3,2,3,1,2,2,3,2,3,3,3,3.0,3.0,3,2,2,2,2,3,3.0,2,3,3.0,3,3,3,3,3,3,3,3,3,2,3,3.0,3.0,2,3,3,2,3,2,3,2,2,3,3,3,2,3,3,3,3,1,2,2,2,2,3,3,2,3,3,3,3,3,3,3,3,3,3,2,3,3,3,3,2,2,3,3,3.0,2,3,3,3,2,3,2,2,3.0,3.0,3,3.0,3,3,3,3,2,3,2,3,3,2,3.0,2,3,3,3,3,2,3,3,3,2,3.0,2,3,3,3,3,2,2,3,3,2,3,2,3.0,2,2,3,2,3,3,3,3,2,3,3,3,3,2,3,2,1,3,3,3,3,2,3,2,3,3,2,3,3,3,3,2,3,3,3,2,3,3,3.0,3,3,3,2,3,3,2,3,2,3,3,3,3,3,3,3.0,3,3,2,3,3,3,3.0,3,3,3,2,3.0,3,3,3,3,3,3,2,3,2,2.0,3,2,3,3,3,3,0,3.0,3.0,2,3.0,3,3.0,3,2,3,3,3,3,3,3,3.0,2,2,3,3.0,3,2,3.0,3,2,3,3.0,3,3,3,3.0,3.0,3,3.0,3,3,3,3.0,3,3,3.0,68,5,1.0892550813536417,-0.37955882493910686
2,2,3,3,2,3,2,2,2,3.0,3,3,2,2,3,3,3,0.0,3,3,3,3,3,3,3,3,2,2,3,2,2,2,2,2,3,2,3,2,2,2,3,2,2,2,2,3,2,3,2,3,2,2,3,3.0,3,2,3,2,2,3,2,2,2,3.0,3,2,3,3,3.0,3,3,3,2,2,2,3,3,3,2,3,3,2,3,2,3,3,2,2,2,3.0,3,3,2,2,3,2,2,2,2,2,3,3,2,2,1,2,3,3,2,2,3,2,2,1,3,3.0,2,2,2,3,1,2,2,3,2,2,3,2,2,2,2,3,3,3,2,3,2,3,1,3.0,2,2,3,3,3,2,1,2,2,3,2,3,2,2,2,3,2,2,3,3,2,2,2,2,2,3,3,3.0,3,2,2,3,2,3,2,2,3,3,3,3,3,2,3,3,3,1,3,3,2,2,3,3,3.0,2,3,3,3,2,3,2,2,3.0,2,2,2,2,2,2,3,3,3.0,3.0,1,3,2,2,2,3,2,3,2,3,2,2,2,2,0,3,3,0,3,2,3,2,3,2,3,2,3,2,1,3,2,2,3,3,3,3,3,3,3,2,3,3.0,3,3,3.0,3,2,3,3,2,2,3,2,2,3.0,3,3.0,2,3,2,2,2,3,2,2,3,2,3,2,3.0,2,0,2,3,3.0,3,3,2,2.0,3,3,3.0,3,3.0,2,3,3,3,3,3,3,3,2,2,3,3,3,3,2,2,3.0,2,2,3,2,3,3,2,2,3,2,3,3,2,3,3,3,2,3,2,2,2,3,1,3,3,3,3,2,2,3,3,2,3,2,3,3,3,3.0,3.0,3,3,2,2,2,3,3.0,3,0,3.0,2,3,2,3,2,3,3,3,3,2,3,3.0,3.0,2,3,3,2,2,3,0,3,3,3,3,2,3,3,2,3,2,3,3,2,3,2,3,2,2,3,3,3,2,3,3,2,1,2,2,3,2,3,2,3,2,2,3,2,3.0,2,3,3,2,2,3,3,2,3.0,3.0,2,3.0,2,3,3,3,2,2,2,3,2,2,3.0,3,3,2,3,3,3,2,2,2,3,2.0,3,2,2,2,2,3,3,3,3,3,2,3,3.0,3,3,3,3,3,3,3,2,2,3,2,3,3,2,2,3,3,3,3,3,3,3,3,2,3,3,2,3,2,3,2,2,3,3,2,3,3,3,3.0,2,3,3,2,3,1,2,2,3,3,2,1,3,3,1,3.0,3,3,2,3,3,2,3.0,3,3,3,2,3.0,3,2,2,3,2,3,2,2,3,3.0,2,2,3,3,1,2,2,3.0,3.0,3,3.0,2,3.0,3,2,2,3,2,3,3,3,3.0,3,3,3,3.0,3,3,3.0,3,2,3,3.0,3,3,2,3.0,3.0,3,3.0,3,2,3,3.0,2,2,3.0,69,5,1.0826913199794557,-0.4054981506562519
2,2,2,2,2,3,2,3,2,2.0,3,3,2,3,2,3,2,3.0,3,2,3,2,3,3,2,3,3,3,3,2,2,2,3,2,3,2,3,3,3,2,2,2,3,3,2,2,2,2,3,2,2,3,2,3.0,3,2,2,2,1,2,2,3,2,3.0,3,2,2,3,2.0,2,3,3,2,2,0,2,2,2,2,3,3,2,3,2,3,3,2,2,2,3.0,3,2,2,2,3,2,3,2,2,2,1,2,3,2,2,2,3,2,2,3,2,3,2,3,2,2.0,3,3,3,1,3,2,2,3,2,2,2,3,2,2,2,3,0,3,2,3,2,2,2,3.0,0,2,3,3,3,2,3,1,2,2,3,2,2,2,3,2,2,3,2,3,2,2,2,2,2,2,3,3.0,3,2,2,1,3,3,2,3,2,3,3,3,3,2,2,3,3,3,3,3,3,2,2,3,3.0,2,2,2,2,2,3,2,2,3.0,3,2,2,2,2,3,3,3,3.0,3.0,2,3,1,2,2,3,2,2,3,3,3,2,2,2,2,2,2,2,3,3,3,2,2,2,3,3,2,3,2,3,3,3,3,2,3,3,3,3,3,2,3,3.0,2,2,3.0,3,2,3,3,3,2,2,2,3,3.0,3,3.0,2,3,3,3,3,3,3,3,2,3,3,2,3.0,3,3,3,3,3.0,2,2,2,2.0,2,2,2.0,2,3.0,2,2,3,3,3,3,2,2,3,2,2,3,3,2,3,2,3.0,3,2,2,3,2,3,1,2,3,3,2,3,2,3,3,3,2,2,3,3,2,3,3,2,3,3,3,2,3,2,2,3,3,3,3,3,3,3.0,3.0,3,3,2,2,2,3,3.0,2,3,3.0,2,2,2,2,3,1,2,3,2,2,2,2.0,3.0,2,2,3,2,3,3,2,2,3,2,2,3,2,2,3,2,3,2,3,3,3,2,3,3,3,3,2,2,2,3,2,2,3,3,2,3,2,3,3,0,2,3,2,3,3.0,2,3,3,2,2,3,2,2,3.0,3.0,2,3.0,3,3,3,3,2,1,2,2,3,3,3.0,3,0,2,2,3,3,3,1,3,2,3.0,2,3,1,2,3,3,2,3,3,2,3,3,3.0,2,3,2,3,2,3,3,3,2,2,2,3,3,3,3,3,3,3,2,3,2,2,3,2,2,2,2,3,3,3,2,2,2,3,3,2,2,2,3.0,3,2,2,2,3,3,3,3,3,3,2,2,3,2,3,3.0,3,2,2,2,3,2,3.0,3,3,2,2,2.0,3,2,0,3,2,2,3,2,2,2.0,3,2,3,3,3,3,3,2.0,3.0,3,3.0,3,3.0,3,2,2,3,3,3,3,3,3.0,2,3,2,3.0,3,3,2.0,3,3,3,3.0,3,2,2,3.0,3.0,3,3.0,3,3,3,3.0,3,3,3.0,70,5,1.0837658666940748,-0.45446778578915553
3,2,2,3,3,3,3,3,3,3.0,2,3,2,3,3,3,3,,3,3,3,3,3,3,3,3,3,3,3,3,3,3,3,3,3,3,1,3,3,3,3,2,2,3,3,2,3,3,3,2,3,3,2,3.0,3,3,3,3,3,3,2,3,3,3.0,0,3,3,3,3.0,3,3,3,2,3,3,2,3,3,2,3,3,2,3,3,3,3,3,3,0,3.0,3,3,3,3,3,2,3,3,3,3,1,3,3,3,3,3,3,3,2,3,3,3,3,3,2,3.0,3,3,3,3,3,3,2,3,3,3,3,3,3,3,3,3,3,3,2,3,3,3,3,3.0,3,3,3,3,3,3,3,3,2,3,3,3,3,3,2,3,3,3,3,3,3,3,3,3,3,3,3,3.0,3,3,3,3,2,0,3,3,3,3,3,1,3,2,3,3,3,3,3,3,3,3,3,3,3.0,3,3,3,3,3,3,3,3,3.0,3,2,3,3,3,3,3,3,3.0,3.0,1,3,3,2,3,3,3,3,3,3,3,3,3,2,3,3,3,3,3,3,3,3,3,3,3,3,3,2,3,3,3,3,3,3,3,3,3,3,3,3,3,3.0,2,3,3.0,3,3,3,3,3,3,3,2,2,3.0,3,3.0,3,2,3,3,3,3,3,3,2,3,3,2,3.0,3,3,3,3,3.0,3,3,3,3.0,3,3,3.0,3,3.0,3,3,3,3,3,3,3,3,3,3,3,3,3,2,1,3,3.0,3,3,2,3,3,3,3,3,3,3,3,3,3,3,3,3,2,2,2,3,3,3,3,3,3,3,3,3,3,3,3,3,3,2,3,3,3,3.0,3.0,3,2,2,3,3,3,3.0,0,3,0.0,2,3,3,3,3,3,3,3,3,3,3,3.0,3.0,3,3,3,3,3,3,3,3,3,3,3,3,3,3,2,3,3,3,3,3,3,3,2,3,3,2,3,2,3,3,3,1,3,3,3,3,3,2,3,3,3,2,3,3,3.0,2,3,3,3,3,3,3,3,3.0,,2,3.0,3,3,3,3,2,3,3,3,3,3,,3,3,3,3,3,3,3,3,3,2,3.0,3,3,3,3,3,3,3,3,3,0,3,3,,3,3,3,3,3,2,3,3,3,3,3,3,3,3,3,3,3,3,3,3,3,3,3,3,3,3,3,3,3,3,2,2,3,2,3,3,3,3,3.0,3,2,3,3,3,3,3,3,3,3,3,3,3,3,2,3.0,3,3,3,3,3,3,3.0,3,3,3,3,3.0,3,3,2,3,3,3,3,3,3,3.0,3,3,3,3,3,3,3,3.0,3.0,3,,2,3.0,3,3,3,3,3,2,3,3,3.0,3,3,3,3.0,3,3,3.0,3,3,3,3.0,3,3,3,3.0,3.0,3,,3,3,3,3.0,3,3,,71,5,1.1954714504484796,-0.18027782872255907
2,3,2,3,3,3,3,2,2,3.0,3,3,2,2,0,2,3,3.0,2,2,2,2,2,2,3,3,3,2,3,3,2,2,2,2,3,2,3,3,2,2,3,3,2,2,2,3,2,2,3,2,2,2,3,3.0,2,3,2,3,2,2,3,3,2,2.0,2,2,2,3,3.0,3,3,3,2,2,2,2,3,2,2,3,3,1,3,2,3,3,2,2,2,3.0,3,2,2,1,3,2,3,3,2,2,3,3,2,2,3,3,3,3,2,2,3,2,2,2,2,3.0,2,3,3,2,3,3,3,3,2,2,2,3,2,3,2,3,2,3,2,3,2,2,2,2.0,2,2,2,3,3,3,2,2,3,3,2,0,2,2,2,2,2,3,3,3,2,3,2,3,2,2,2,3.0,2,2,2,1,3,2,3,2,2,3,3,2,3,2,3,3,0,3,3,3,3,3,3,2,3.0,2,2,3,2,3,3,3,3,3.0,3,2,3,2,2,3,3,2,3.0,3.0,3,3,2,2,3,3,2,3,2,2,3,2,3,2,2,2,2,3,2,3,3,2,2,2,3,2,2,3,3,2,3,3,3,3,3,2,3,3,3,3,2,3.0,3,3,3.0,3,2,3,2,2,2,3,3,3,3.0,3,3.0,2,3,3,3,2,2,2,2,0,3,2,2,2.0,3,3,3,3,3.0,2,1,2,3.0,3,2,3.0,2,3.0,3,2,3,3,3,3,2,3,3,3,2,3,3,2,3,2,3.0,2,3,3,3,2,3,2,3,2,3,3,3,2,3,3,3,0,2,3,2,3,3,3,3,3,3,3,2,2,2,2,3,3,2,3,3,3,3.0,3.0,3,2,1,3,2,2,3.0,2,3,1.0,2,2,2,2,3,3,2,2,3,2,2,2.0,3.0,2,2,3,2,3,3,2,2,3,2,2,3,2,2,3,2,2,2,2,2,2,2,2,3,2,2,2,2,2,2,2,2,3,3,2,0,2,2,3,3,1,3,3,2,2.0,3,3,3,2,3,2,2,2,3.0,3.0,3,3.0,3,3,3,2,3,3,3,2,3,3,3.0,2,2,3,1,3,3,2,1,1,2,3.0,3,3,2,3,2,3,2,2,2,2,2,2,3.0,2,2,2,3,2,2,3,2,3,2,3,2,2,2,3,3,3,3,2,2,3,2,3,2,2,3,2,3,2,3,3,3,2,3,3,2,3,3,3.0,3,2,2,3,3,1,2,3,2,3,3,2,2,3,2,3.0,2,2,3,2,3,2,3.0,3,1,2,2,2.0,3,2,2,3,3,3,3,3,2,3.0,2,3,3,3,3,3,3,3.0,3.0,3,3.0,3,3.0,2,3,3,3,3,2,3,2,3.0,2,3,3,3.0,3,3,3.0,3,2,3,2.0,3,2,2,3.0,3.0,3,3.0,3,3,3,3.0,1,3,3.0,72,5,1.086785752717099,-0.3901031679514139
3,3,2,2,2,3,3,3,3,3.0,3,3,2,3,3,2,3,3.0,3,3,3,3,3,3,3,3,2,2,3,3,3,0,3,3,3,3,3,3,2,2,1,3,3,2,3,3,2,3,3,3,3,3,3,2.0,3,2,3,2,2,3,3,3,2,3.0,2,2,2,3,0.0,3,3,3,2,3,3,2,3,3,3,3,3,3,3,3,3,2,3,3,3,3.0,3,3,2,3,3,3,2,3,3,2,2,3,2,2,3,2,3,3,3,3,3,3,3,3,2,3.0,2,3,3,2,3,3,3,3,3,3,3,3,2,2,3,3,2,3,3,3,3,2,3,3.0,2,2,3,3,3,1,3,3,3,3,3,3,3,3,3,3,2,2,3,3,3,3,3,2,3,3,3,3.0,3,3,2,2,2,3,3,1,2,3,2,3,3,2,3,2,2,3,3,2,2,3,2,0,3.0,3,3,2,3,2,3,3,3,3.0,2,3,3,3,2,3,2,3,3.0,3.0,3,2,2,2,2,3,2,2,3,2,3,3,2,2,3,2,3,2,3,3,3,2,2,2,1,2,2,3,3,3,3,3,3,2,3,2,3,3,3,2,3,3.0,3,3,3.0,2,3,3,2,0,2,2,3,2,3.0,3,3.0,2,2,2,0,2,3,2,3,2,2,2,2,3.0,2,2,3,3,3.0,2,0,2,2.0,3,2,3.0,2,3.0,2,3,3,3,3,3,2,3,3,3,3,3,2,3,3,3,3.0,3,2,3,3,3,3,3,3,3,3,3,3,2,3,3,3,2,3,3,3,3,3,3,2,3,3,2,3,3,3,2,3,3,3,3,2,2,3.0,3.0,3,2,3,3,3,3,3.0,2,3,3.0,3,3,3,2,2,3,3,3,3,3,3,3.0,3.0,2,3,3,3,2,3,3,2,3,2,3,2,3,2,2,2,2,2,2,3,3,3,2,3,3,3,3,3,3,3,3,2,3,3,3,2,3,3,3,3,3,2,3,3,3.0,3,3,3,2,3,3,3,3,3.0,3.0,2,3.0,3,3,1,3,3,3,3,3,3,3,3.0,3,2,3,2,3,2,3,3,3,2,3.0,3,2,2,3,3,2,1,3,2,3,3,3,3.0,3,3,3,2,3,2,3,3,3,1,3,3,3,3,3,3,3,2,3,3,3,1,3,3,3,3,2,3,3,3,3,3,3,1,3,2,3,3,3.0,3,3,2,2,3,3,3,3,3,3,3,3,3,3,3,3.0,3,2,2,3,3,2,3.0,3,3,3,3,3.0,3,3,2,3,3,2,3,3,2,3.0,2,2,3,2,3,3,3,3.0,3.0,3,3.0,3,3.0,3,3,2,2,3,3,2,3,2.0,3,2,3,3.0,3,3,3.0,3,3,3,3.0,3,3,3,3.0,3.0,3,3.0,3,3,3,3.0,3,3,3.0,73,5,1.1097117946233954,-0.25397328478287823
2,3,2,2,3,2,2,3,2,3.0,2,3,2,2,3,2,2,3.0,2,2,3,3,2,2,2,3,2,3,2,3,2,2,1,1,2,2,3,3,2,2,3,3,2,3,2,1,2,2,2,3,3,0,2,3.0,2,3,2,3,2,2,3,3,2,2.0,3,2,2,3,3.0,2,3,1,2,2,2,3,2,2,2,2,3,2,3,2,2,3,3,2,2,3.0,2,2,2,2,2,3,3,2,2,2,3,2,2,2,2,3,3,3,2,3,2,2,3,3,3,2.0,3,2,2,2,3,3,2,0,2,3,2,2,2,3,3,2,3,2,2,2,2,3,2,3.0,2,2,3,2,0,2,3,2,3,3,2,2,3,2,2,3,2,2,2,3,2,2,3,2,3,2,2,3.0,3,3,2,3,3,3,2,2,2,3,3,2,3,2,2,3,2,3,3,3,2,3,3,3,3.0,2,2,3,3,3,3,3,2,3.0,2,2,2,3,2,3,2,2,3.0,3.0,2,2,2,2,2,3,3,2,3,2,3,2,2,2,3,2,3,2,3,3,2,2,3,2,3,3,2,2,3,2,3,3,3,3,2,3,3,2,3,2,3,3.0,3,3,3.0,3,3,3,3,2,2,3,2,3,3.0,2,2.0,2,2,3,3,3,3,3,3,2,3,3,2,3.0,3,3,2,3,3.0,2,2,2,2.0,3,3,3.0,2,3.0,3,2,3,3,3,3,3,2,2,3,3,3,2,2,2,2,3.0,2,3,2,2,2,2,2,2,3,2,3,2,0,2,3,2,1,3,3,2,2,3,2,1,2,3,3,3,2,3,3,2,3,3,3,3,3,3.0,2.0,3,2,2,2,2,2,3.0,2,3,3.0,2,2,3,2,2,2,2,3,2,2,2,3.0,3.0,3,3,3,2,2,3,2,2,3,1,3,2,3,2,2,2,3,2,3,2,2,2,2,3,2,3,2,3,3,3,2,3,3,3,2,3,3,3,2,3,2,3,2,3,3.0,2,3,3,3,3,2,3,2,3.0,3.0,2,3.0,3,3,3,2,3,3,1,3,1,3,3.0,3,2,3,2,3,3,3,2,3,2,3.0,2,3,2,1,3,3,2,2,3,3,3,2,3.0,2,2,3,3,3,2,3,2,2,2,3,1,3,2,2,3,2,3,3,3,0,3,3,2,3,3,1,2,2,3,2,3,2,3,3,1,2,3,3.0,3,3,3,2,3,3,3,2,3,3,2,2,2,3,2,3.0,2,1,3,3,3,2,3.0,3,2,3,2,3.0,2,2,3,3,2,3,3,3,2,3.0,2,2,3,3,2,2,3,3.0,3.0,3,3.0,1,3.0,2,3,2,0,2,3,3,2,3.0,2,3,3,3.0,2,3,3.0,3,3,3,3.0,2,2,3,3.0,3.0,2,3.0,3,3,3,3.0,3,3,3.0,74,5,1.077178079353569,-0.43525852599065507
3,2,3,3,3,3,3,3,2,3.0,3,3,2,2,3,3,3,3.0,3,3,3,3,1,3,3,3,2,3,3,3,2,2,3,3,2,2,2,3,2,2,2,3,2,3,3,2,2,3,3,3,3,3,3,3.0,2,3,3,3,3,3,3,3,3,3.0,3,2,2,2,3.0,3,3,3,0,3,2,2,3,3,3,3,2,3,3,3,2,3,2,2,2,3.0,2,2,2,3,3,2,2,3,2,3,3,3,3,2,2,2,3,3,2,3,2,3,3,3,3,3.0,2,2,3,3,2,3,3,3,3,2,3,3,2,2,3,3,3,3,3,3,3,2,0,3.0,2,3,3,3,3,3,2,2,3,3,3,3,3,3,3,2,3,3,3,3,3,2,2,2,3,2,3,3.0,3,3,3,3,2,3,1,2,3,3,3,3,3,2,3,3,2,3,3,3,3,2,3,3,3.0,3,3,3,2,3,3,3,3,3.0,2,2,1,2,2,3,3,2,3.0,3.0,3,2,2,3,3,3,3,3,2,3,3,3,3,2,2,3,0,2,3,2,3,1,3,3,3,2,2,2,3,3,3,3,3,2,3,3,2,3,3,2,3,3.0,3,3,3.0,3,3,3,2,2,3,3,2,3,3.0,3,2.0,3,3,3,3,3,3,2,3,2,3,3,3,3.0,2,3,2,3,3.0,3,2,3,3.0,3,2,3.0,3,3.0,3,3,3,3,3,3,3,3,3,3,2,3,3,2,3,3,3.0,2,3,3,3,2,3,2,2,3,3,3,3,2,3,3,3,2,3,3,3,2,3,3,2,3,3,2,3,3,3,3,2,3,3,3,3,3,3.0,3.0,3,3,2,3,2,2,3.0,3,3,2.0,3,3,3,3,3,1,3,3,1,2,3,3.0,3.0,3,3,3,2,2,0,3,3,3,2,3,3,3,3,2,3,2,2,3,2,3,2,3,3,3,3,2,3,2,3,3,3,3,3,3,2,3,1,2,3,3,3,2,3,3.0,2,3,3,2,3,2,2,2,3.0,3.0,3,0.0,2,3,3,2,2,3,3,2,2,2,3.0,3,3,2,3,3,3,3,2,3,3,3.0,2,3,2,2,3,3,3,2,2,2,3,3,,3,2,3,3,3,3,3,3,3,3,3,2,3,3,3,3,3,3,3,3,3,2,3,2,3,3,3,3,3,3,2,3,3,3,3,3,3,3,3.0,3,3,3,2,3,1,2,3,3,3,3,3,3,3,3,3.0,3,1,3,3,3,2,3.0,2,3,3,3,2.0,3,2,3,3,1,3,3,3,2,2.0,3,2,3,3,3,3,3,3.0,3.0,3,3.0,3,3.0,3,3,2,0,3,3,3,3,3.0,3,3,3,3.0,3,3,3.0,3,2,3,3.0,2,3,3,3.0,3.0,3,3.0,3,3,3,3.0,2,3,3.0,75,5,1.105423808405729,-0.3326611527221134
3,2,2,2,3,2,2,3,2,3.0,3,3,2,2,2,2,2,3.0,2,2,3,2,2,2,3,2,2,2,3,2,3,3,3,2,2,2,3,3,2,2,3,2,2,3,2,2,0,3,2,2,2,2,2,3.0,3,3,2,2,2,3,3,2,3,3.0,2,0,2,3,3.0,2,3,1,2,3,2,2,2,2,2,3,3,3,2,3,3,3,2,3,2,3.0,2,3,2,2,3,2,3,3,3,2,2,2,2,2,2,2,3,2,2,2,2,2,3,3,3,2.0,3,3,3,3,3,3,3,3,3,3,3,3,3,2,3,2,3,2,3,2,2,3,3,3.0,2,2,2,2,3,2,2,2,3,3,2,2,2,2,3,2,3,3,2,3,3,2,2,3,3,2,3,3.0,2,2,2,2,2,3,2,0,2,2,3,3,3,2,2,3,2,2,2,3,2,2,2,2,3.0,2,2,2,3,3,2,2,2,3.0,2,2,2,1,1,3,2,2,3.0,3.0,2,2,2,2,2,3,3,2,2,2,2,2,2,2,2,2,2,2,3,2,3,2,3,2,2,2,2,1,2,3,2,3,2,3,1,2,3,3,3,3,3,3.0,3,2,3.0,3,2,3,3,2,2,3,2,2,3.0,2,3.0,3,2,2,3,2,3,3,2,2,3,3,2,3.0,3,2,2,3,3.0,2,3,2,2.0,3,3,3.0,3,3.0,2,2,3,3,3,3,2,3,2,3,3,3,2,3,3,3,2.0,3,2,2,2,2,3,1,2,3,3,3,2,2,2,2,3,2,3,2,3,3,3,2,2,2,2,3,1,2,2,2,3,3,2,3,3,3,3.0,3.0,2,2,2,2,2,2,3.0,3,3,3.0,3,1,0,3,3,3,3,3,3,0,3,3.0,2.0,3,3,3,3,2,3,2,2,3,3,3,2,2,2,2,3,2,2,2,2,2,2,3,2,2,2,2,3,3,3,3,2,3,3,2,3,2,3,3,3,2,2,3,3,3.0,3,3,3,3,3,3,2,2,3.0,3.0,3,3.0,2,3,2,3,3,3,3,3,1,3,3.0,3,3,2,2,3,3,3,2,2,2,2.0,2,2,2,2,2,3,2,2,1,3,3,2,3.0,0,2,2,2,3,2,3,3,3,3,3,3,2,3,3,3,3,2,3,3,2,3,3,2,3,1,2,2,2,3,2,2,2,2,3,2,2,2,3.0,3,3,3,3,3,2,2,3,3,3,3,2,2,3,3,3.0,3,2,3,2,2,2,3.0,3,3,3,2,3.0,2,3,3,3,3,3,3,3,2,3.0,3,2,3,2,3,2,3,3.0,3.0,2,3.0,3,3.0,3,2,3,3,3,3,3,3,3.0,3,3,3,3.0,2,3,3.0,3,3,3,3.0,3,3,3,3.0,3.0,3,3.0,3,2,3,3.0,3,3,3.0,76,5,1.0889793840671929,-0.4614752564775136
3,2,2,3,3,3,2,2,2,3.0,2,3,2,3,3,2,2,3.0,3,3,2,3,2,3,3,3,3,3,2,3,2,3,1,2,3,3,3,2,3,2,2,2,2,3,2,2,2,2,3,3,2,3,2,2.0,3,2,3,3,3,2,2,2,2,2.0,2,2,3,3,3.0,2,3,2,2,2,2,3,3,2,3,2,2,2,3,2,3,2,2,3,2,3.0,2,3,2,3,1,3,2,3,2,2,2,3,2,3,3,3,3,3,2,2,2,2,3,3,3,2.0,3,2,3,2,3,2,2,3,2,2,3,2,2,2,2,3,3,3,3,2,2,3,2,3.0,2,2,3,3,3,2,2,2,2,2,3,2,2,2,3,3,2,0,2,3,2,2,2,2,1,2,3,2.0,3,2,2,3,2,2,2,3,2,3,1,3,3,3,3,3,3,3,2,3,2,3,3,3,3.0,2,1,2,2,3,3,3,1,3.0,2,2,3,2,2,3,3,3,3.0,3.0,2,2,2,2,3,3,3,2,2,3,2,3,2,2,3,2,3,2,3,3,2,2,0,2,2,2,2,3,3,2,3,2,3,3,3,2,3,3,2,2,3,3.0,3,3,3.0,3,3,3,2,2,2,3,2,2,3.0,3,3.0,2,2,3,2,3,3,2,2,2,3,3,2,3.0,2,3,3,3,3.0,2,0,2,3.0,3,2,3.0,2,3.0,3,3,3,3,2,3,2,2,2,3,2,3,2,2,2,3,2.0,2,3,2,2,2,3,2,1,3,2,3,3,2,3,3,3,3,3,2,3,3,2,2,2,3,1,3,3,2,1,2,3,3,3,3,3,3,3.0,3.0,3,2,2,2,3,3,3.0,3,3,3.0,3,2,2,2,1,3,2,3,3,3,2,2.0,3.0,2,2,3,2,0,3,2,2,3,2,2,2,2,2,2,2,2,2,2,2,2,2,2,2,2,2,3,2,2,2,3,2,2,2,3,2,2,3,2,3,1,3,3,2,3.0,2,3,3,3,3,1,2,3,3.0,3.0,2,3.0,3,3,3,3,2,3,2,2,3,2,3.0,2,3,2,3,2,3,3,2,3,2,3.0,2,1,2,3,2,3,2,2,2,3,3,3,3.0,3,3,2,3,3,2,3,2,2,2,3,3,2,0,3,3,3,3,3,2,3,3,3,2,3,2,2,3,2,3,3,2,2,3,3,3,2,3,3.0,3,1,2,3,3,3,2,2,2,3,2,2,2,2,2,3.0,2,3,2,2,3,2,3.0,3,3,2,2,3.0,3,3,3,3,2,2,2,2,2,3.0,3,2,3,3,3,2,3,3.0,2.0,3,3.0,2,3.0,2,3,3,3,3,2,2,3,3.0,2,3,3,3.0,3,2,3.0,3,0,3,3.0,2,2,3,3.0,3.0,3,3.0,3,3,3,3.0,2,3,3.0,77,5,1.0830379746835446,-0.4336189429270033
3,3,3,3,2,2,3,3,2,3.0,3,3,2,3,3,3,3,,3,3,3,3,3,3,3,3,3,3,3,3,3,2,3,3,3,3,3,3,2,3,3,3,3,3,2,3,3,3,3,3,3,3,3,3.0,3,3,3,3,3,3,3,3,3,3.0,3,2,2,3,3.0,3,3,3,3,3,3,3,3,3,3,3,3,3,3,3,3,3,3,3,3,3.0,3,3,2,3,3,2,3,3,0,3,3,3,3,3,3,3,3,2,3,3,3,3,3,3,3,3.0,3,1,2,3,3,3,3,3,3,3,2,0,3,2,3,3,3,3,2,3,3,3,3,3.0,3,3,3,3,3,3,3,3,3,2,3,3,3,3,3,3,3,3,3,3,3,2,3,3,3,3,3,3.0,3,3,3,3,2,3,3,3,3,3,2,3,3,3,3,3,3,3,2,3,3,3,3,2,3.0,2,3,2,2,3,3,3,3,3.0,2,3,2,2,3,0,2,3,3.0,3.0,3,2,3,3,3,3,3,3,2,3,2,3,3,3,3,1,3,3,3,3,3,2,3,3,3,3,3,2,2,2,1,3,3,3,2,3,3,3,2,3,3,3.0,3,0,2.0,3,3,3,3,3,3,3,3,2,2.0,3,3.0,2,2,3,3,3,3,3,3,3,3,3,3,3.0,3,2,3,2,3.0,3,3,3,3.0,3,3,2.0,3,3.0,2,3,2,3,3,3,3,3,3,3,3,3,3,3,3,3,3.0,3,3,3,0,3,3,2,2,3,3,3,3,3,3,3,2,3,3,3,3,3,2,3,2,2,3,3,2,3,3,3,2,3,2,3,3,3,3.0,3.0,3,3,3,2,3,3,,3,3,,3,3,3,3,3,3,2,3,2,3,3,3.0,3.0,3,3,3,2,3,3,3,3,2,3,2,3,2,3,3,2,3,3,3,3,3,3,2,3,3,3,3,3,3,3,3,3,3,3,3,3,3,3,3,3,3,3,3,3,3.0,3,2,3,3,3,3,2,3,3.0,3.0,3,3.0,2,3,3,3,3,3,3,3,3,3,,3,3,3,3,3,2,3,3,3,3,3.0,3,3,3,2,2,2,3,3,3,2,3,3,,3,3,3,3,3,3,2,2,3,3,3,3,3,3,3,3,1,3,3,3,3,3,3,3,3,3,3,2,3,3,2,3,3,3,3,3,3,3,3.0,3,3,3,3,3,3,3,3,3,3,2,3,3,3,3,3.0,3,3,3,3,3,3,3.0,3,3,3,3,3.0,3,3,3,3,3,3,3,3,3,2.0,3,1,3,3,3,3,3,3.0,3.0,3,3.0,3,3.0,3,3,3,3,3,3,3,3,3.0,3,3,3,3.0,3,0,3.0,3,3,3,3.0,3,3,3,3.0,,3,3.0,3,3,3,3.0,3,3,,78,5,1.1745562130177516,-0.21564586367204472
0,3,2,2,2,2,2,2,2,3.0,2,2,1,3,3,2,2,3.0,2,2,3,3,1,3,2,3,3,2,3,2,2,2,2,2,2,3,3,2,3,2,3,3,2,3,2,2,2,3,3,2,2,3,3,2.0,3,3,2,3,2,3,3,3,2,2.0,2,2,2,3,3.0,2,3,3,3,2,2,2,2,0,3,2,3,0,2,2,3,3,2,2,2,3.0,2,2,2,2,2,2,2,3,2,2,2,2,3,2,2,3,3,3,3,2,2,2,3,2,2,3.0,3,3,3,2,3,3,3,3,2,3,3,3,3,3,2,2,3,2,3,2,2,1,2,3.0,1,2,2,3,3,2,2,2,3,2,2,2,2,2,3,2,2,2,3,3,2,2,3,3,3,3,2,2.0,3,3,2,2,2,3,3,2,2,3,3,3,3,2,3,3,3,2,3,1,3,3,3,3,3.0,3,1,2,3,3,2,3,2,3.0,3,2,2,2,2,3,3,3,3.0,3.0,3,3,2,2,3,3,2,2,3,2,3,2,3,2,3,2,2,3,3,3,3,3,2,3,3,3,2,3,3,2,3,3,3,3,2,3,3,3,3,3,2,3.0,3,3,3.0,3,2,3,3,2,3,3,2,3,3.0,2,3.0,3,3,3,3,3,3,2,2,2,3,0,3,3.0,3,3,3,3,3.0,2,3,3,3.0,0,3,3.0,3,3.0,3,2,3,3,3,3,2,3,2,3,2,3,3,3,3,1,3.0,2,2,3,2,3,3,2,2,3,3,3,3,2,3,3,3,3,2,2,3,3,3,3,3,2,3,3,3,3,2,3,3,3,3,3,2,2,3.0,3.0,3,2,3,2,3,3,3.0,2,3,3.0,2,3,3,3,3,3,2,2,3,2,3,3.0,3.0,2,3,3,3,2,3,2,3,3,2,2,3,3,3,3,2,3,2,3,2,3,3,3,3,2,2,3,2,2,3,2,2,2,2,2,3,3,3,3,3,2,3,3,3,3.0,3,3,3,2,3,3,3,3,3.0,3.0,3,3.0,3,3,3,2,3,3,3,3,3,2,3.0,3,3,3,0,3,3,3,3,3,2,3.0,2,3,2,3,1,3,2,3,2,3,3,3,3.0,3,3,3,3,3,2,3,2,3,2,2,2,2,2,3,3,3,3,3,3,3,3,3,3,3,2,2,3,3,3,3,2,2,3,2,2,2,3,3.0,3,3,3,2,3,3,3,3,3,3,2,2,2,3,3,3.0,2,2,3,2,3,3,3.0,3,2,3,2,3.0,3,2,2,3,3,2,3,2,2,2.0,3,3,2,2,3,3,3,3.0,3.0,3,3.0,2,3.0,2,3,2,3,3,3,3,3,3.0,3,3,3,3.0,3,3,3.0,2,3,3,3.0,2,3,3,3.0,3.0,3,3.0,1,3,3,3.0,3,3,3.0,79,5,1.0928407976462897,-0.4065027128733006
2,2,2,2,2,2,2,2,3,3.0,2,3,2,2,2,2,2,3.0,1,2,3,2,2,3,2,3,2,2,2,3,2,2,3,3,2,2,2,3,3,3,3,2,1,2,2,2,2,2,3,2,2,3,2,2.0,2,2,2,2,0,2,2,2,2,2.0,3,2,2,2,2.0,2,3,3,2,2,2,2,2,2,2,2,2,2,3,2,2,2,2,2,2,3.0,2,2,2,2,3,2,2,3,2,2,0,2,2,3,3,3,3,3,2,2,2,3,2,2,2,2.0,3,2,3,2,2,2,2,3,2,2,2,2,2,3,2,2,2,3,2,2,2,3,2,3.0,2,2,2,3,3,2,2,1,2,2,2,2,2,2,3,3,2,2,3,3,2,2,2,2,2,2,3,2.0,2,3,2,2,2,2,2,2,2,2,2,2,2,2,2,2,3,3,2,2,2,3,3,2,3.0,0,1,3,2,1,3,2,2,3.0,2,2,2,2,2,2,3,2,3.0,3.0,2,2,2,2,1,2,1,2,2,2,2,2,3,2,2,2,2,2,3,2,3,2,2,2,2,3,2,2,2,2,2,3,2,3,2,2,2,3,2,2,2,3.0,2,3,3.0,3,3,2,2,2,2,2,2,2,2.0,3,2.0,2,3,2,2,3,2,2,2,0,2,2,2,2.0,2,3,2,2,2.0,2,3,2,2.0,2,2,3.0,3,3.0,2,2,2,3,2,2,2,2,2,2,2,3,2,1,3,2,3.0,2,2,2,2,2,3,2,1,2,2,2,3,2,2,2,3,3,2,1,2,1,2,3,2,2,2,2,2,2,2,3,3,2,2,2,3,2,3.0,2.0,3,2,2,2,2,3,2.0,2,3,3.0,2,2,3,2,2,2,2,3,3,3,2,2.0,2.0,2,2,3,2,2,0,2,2,2,1,2,2,2,2,3,2,2,3,2,3,3,2,1,2,3,3,2,1,2,3,2,2,2,3,2,2,2,2,3,3,2,2,2,3,3.0,2,3,2,2,2,3,1,2,3.0,3.0,2,3.0,3,3,2,2,2,3,2,3,2,2,3.0,2,2,2,2,2,2,3,2,2,2,2.0,2,0,2,2,1,3,2,2,2,2,2,2,3.0,2,2,2,2,2,2,1,3,2,2,2,2,2,3,3,3,3,3,2,2,2,2,2,2,2,2,2,3,2,3,2,2,2,3,3,2,2,2,3.0,3,2,2,3,3,3,3,3,2,2,2,2,2,3,3,2.0,2,3,2,2,3,2,3.0,3,2,3,2,3.0,3,2,2,2,2,2,3,3,2,2.0,2,2,3,2,2,2,3,3.0,3.0,2,3.0,2,3.0,3,3,2,3,3,2,3,2,3.0,2,3,2,3.0,3,2,2.0,3,2,3,3.0,3,2,2,1.0,3.0,3,3.0,3,3,3,2.0,2,2,3.0,80,5,1.0853733546561692,-0.45429550086440296
2,2,2,2,2,2,2,2,1,3.0,3,3,2,1,3,2,2,3.0,3,3,2,3,2,2,2,3,2,2,2,3,2,2,3,2,2,2,2,3,0,2,2,2,2,3,2,2,2,3,2,3,2,2,2,3.0,2,3,2,2,2,3,2,3,2,2.0,2,2,2,3,3.0,3,3,2,1,2,2,2,3,3,2,2,2,2,3,2,3,3,3,2,2,3.0,3,2,2,3,3,1,3,2,2,2,2,2,3,2,2,2,3,2,2,2,2,3,3,2,2,3.0,3,2,3,2,2,3,2,3,2,2,3,2,3,3,1,2,2,3,2,3,2,3,2,3.0,2,2,3,3,3,2,3,2,3,3,2,2,2,2,3,3,2,2,2,2,1,3,3,2,3,3,3,2.0,3,3,2,3,2,3,2,2,2,2,3,2,3,2,2,3,2,3,3,3,3,3,2,2,3.0,3,2,2,2,3,3,3,2,3.0,2,2,2,2,2,2,3,0,3.0,3.0,2,3,3,2,3,2,2,2,3,2,3,2,2,2,3,1,2,2,3,3,2,2,0,3,3,2,3,2,3,2,3,3,3,3,3,2,3,3,3,2,3,3.0,3,3,3.0,3,2,3,3,2,3,3,2,2,3.0,3,3.0,2,2,3,3,3,2,2,2,1,3,3,2,3.0,2,3,3,3,3.0,2,2,2,3.0,2,2,3.0,3,3.0,3,2,3,3,2,3,2,2,3,3,2,3,3,2,3,3,2.0,2,2,3,3,2,2,2,2,3,3,3,3,2,3,3,3,2,3,3,3,2,2,3,1,2,3,3,3,2,3,2,2,3,3,3,3,3,3.0,3.0,3,3,1,3,3,3,3.0,3,3,3.0,0,2,3,2,2,2,2,3,3,2,2,3.0,3.0,2,3,3,2,3,3,2,2,3,2,2,2,2,2,3,2,2,3,3,2,2,3,2,3,3,3,2,2,3,3,0,2,3,2,3,3,3,2,3,3,3,3,2,2,3.0,2,3,3,3,3,3,2,3,3.0,3.0,3,3.0,2,3,3,3,3,3,2,3,3,3,3.0,3,2,3,2,3,3,3,2,3,2,3.0,2,3,2,2,2,3,0,3,2,2,2,2,3.0,2,2,3,3,3,2,3,2,3,2,3,2,2,3,2,3,2,3,2,3,3,3,3,2,3,3,2,3,2,3,2,3,3,3,3,2,2,3,3.0,3,3,3,2,2,3,2,2,3,2,3,2,2,2,3,2.0,2,2,2,2,3,3,3.0,3,2,2,2,3.0,2,2,2,2,3,3,3,3,2,3.0,3,3,3,3,2,3,3,3.0,3.0,2,3.0,3,3.0,3,2,3,2,3,2,3,3,3.0,3,3,3,3.0,3,3,3.0,3,3,2,3.0,2,3,3,3.0,3.0,3,3.0,3,3,3,3.0,2,2,3.0,81,5,1.0867322772485661,-0.48335354160211597
3,2,3,2,3,3,3,3,3,3.0,3,3,2,3,3,3,3,,2,2,3,3,3,3,3,3,2,3,3,3,3,3,3,3,2,3,3,3,3,2,3,3,3,3,3,3,3,2,3,2,3,3,3,3.0,3,3,2,3,1,3,3,3,3,3.0,3,3,3,3,3.0,3,3,3,2,3,2,3,3,3,2,3,3,3,3,3,3,2,2,3,3,3.0,3,3,2,3,3,2,2,3,3,3,3,3,2,2,3,3,3,2,3,2,3,3,3,3,2,2.0,3,2,3,3,2,2,3,3,1,2,3,3,3,3,3,3,3,3,3,3,2,3,3,3.0,3,3,2,3,3,3,2,2,3,2,3,2,3,3,3,3,3,3,3,3,3,2,3,2,3,2,3,2.0,3,3,2,3,2,3,2,3,3,2,2,3,3,3,3,3,3,3,2,3,3,2,3,3,3.0,2,3,2,3,3,3,3,3,2.0,2,3,3,0,3,2,2,3,3.0,2.0,3,2,3,3,3,2,2,3,3,3,0,3,3,2,2,3,3,3,3,3,3,2,3,2,3,3,3,2,3,3,2,2,2,3,3,2,2,0,3,2,3,3.0,3,3,2.0,2,3,2,2,2,3,2,3,2,2.0,3,3.0,2,3,2,2,3,3,1,3,3,3,3,3,3.0,1,2,1,1,2.0,3,3,3,3.0,3,3,0.0,3,2.0,2,3,2,3,3,3,3,3,2,3,2,3,2,2,2,3,3.0,3,3,3,2,3,3,3,3,3,2,2,3,2,2,3,2,3,3,3,3,2,2,3,3,3,3,2,2,3,2,3,3,2,3,3,3,3,3.0,3.0,3,3,2,3,3,2,3.0,3,3,3.0,3,3,2,3,2,2,3,3,1,3,3,2.0,2.0,3,3,2,3,2,1,3,3,2,3,3,2,3,2,3,0,3,3,2,3,3,2,2,3,3,3,3,3,2,3,3,2,3,3,3,3,2,3,3,3,3,3,3,2,3.0,3,3,3,3,3,3,2,3,3.0,3.0,3,3.0,3,3,2,3,3,3,3,3,3,2,0.0,3,3,2,3,3,3,3,3,3,3,2.0,2,3,3,2,3,2,2,3,3,3,3,2,,3,3,3,2,3,3,2,3,3,3,3,3,3,3,3,3,2,3,3,3,2,3,3,2,3,3,2,3,3,3,2,3,3,3,3,3,3,3,3.0,3,3,3,2,3,3,3,3,3,3,3,3,2,3,3,3.0,3,3,2,3,3,3,3.0,3,2,3,2,3.0,3,2,3,3,3,3,3,2,3,3.0,3,2,3,3,3,2,3,3.0,3.0,3,3.0,3,3.0,3,3,3,3,3,3,3,3,3.0,3,3,3,3.0,3,3,3.0,3,3,3,3.0,3,3,3,3.0,3.0,3,3.0,3,3,3,2.0,3,2,3.0,82,5,1.1046315516346652,-0.23122627326441686
2,2,1,2,2,2,2,3,3,3.0,2,3,2,2,3,3,3,3.0,2,2,2,2,2,2,3,3,2,2,3,3,2,3,3,2,3,3,2,3,2,2,3,2,0,2,3,2,2,3,3,3,2,2,2,2.0,3,3,2,2,2,2,3,2,2,2.0,1,2,2,3,3.0,3,3,2,2,2,2,2,3,2,2,2,3,3,3,2,3,2,2,2,3,3.0,3,3,2,3,2,2,2,3,2,2,3,2,3,2,2,2,3,3,2,3,2,3,2,2,3,2.0,2,2,3,3,2,2,2,3,3,3,2,3,1,2,2,2,3,3,2,3,2,2,3,3.0,2,2,2,0,2,1,2,2,2,2,2,2,2,2,2,3,2,2,3,2,3,3,3,2,2,2,3,2.0,3,2,2,2,2,3,2,2,2,2,3,3,2,2,3,2,2,2,3,3,3,3,2,2,3.0,2,2,3,0,3,3,2,2,3.0,2,2,2,2,2,2,3,3,3.0,3.0,1,2,2,2,3,3,2,3,1,2,3,2,2,2,2,2,3,2,2,3,3,2,2,3,3,2,2,2,2,3,2,3,3,3,3,2,3,3,3,2,2,3.0,2,3,3.0,3,2,3,3,2,3,3,2,2,2.0,2,3.0,1,2,2,3,2,2,2,2,2,3,2,2,3.0,2,2,1,3,3.0,2,2,2,2.0,2,2,3.0,3,3.0,2,2,3,2,3,3,2,3,1,2,2,3,3,2,3,1,3.0,2,0,2,2,2,3,2,2,3,2,3,3,2,3,2,2,2,2,2,3,2,2,2,3,2,3,3,2,3,3,3,2,3,2,2,3,3,3.0,3.0,2,2,2,2,3,2,3.0,3,3,2.0,3,2,3,3,2,2,2,2,3,2,2,2.0,3.0,2,3,3,2,2,3,2,3,3,3,3,2,3,3,3,2,3,2,3,2,3,2,2,3,3,2,2,2,2,3,3,3,3,3,2,3,3,2,3,3,3,2,2,3,2.0,3,2,3,2,3,3,2,1,3.0,3.0,2,3.0,1,3,2,2,2,3,3,3,3,3,3.0,3,2,3,2,3,2,3,2,3,2,3.0,2,2,2,2,2,3,1,3,2,2,2,2,3.0,2,2,2,2,0,2,3,2,2,3,3,2,2,3,2,3,3,2,2,3,3,2,2,2,3,2,2,3,2,3,2,2,2,3,1,3,2,3,3.0,2,3,2,2,2,2,3,3,3,3,2,2,3,3,3,3.0,3,3,3,2,3,3,3.0,3,2,2,3,2.0,3,3,3,3,3,3,2,3,3,3.0,3,2,3,2,3,0,3,3.0,3.0,2,3.0,2,3.0,3,2,2,2,2,2,3,3,2.0,3,3,3,3.0,3,3,3.0,2,3,3,3.0,3,3,2,3.0,3.0,3,3.0,3,2,3,3.0,2,2,3.0,83,5,1.0790517907755734,-0.45223350007801444
2,2,2,3,3,2,2,2,2,3.0,3,3,2,3,2,2,2,3.0,3,2,1,2,2,2,2,3,2,3,2,3,2,2,2,2,2,2,2,2,2,2,2,2,2,2,1,2,1,2,3,2,2,3,2,2.0,2,2,2,2,2,3,2,2,2,2.0,2,2,2,3,2.0,1,3,3,3,2,2,2,2,2,2,3,3,2,3,2,3,2,2,2,2,3.0,0,3,2,2,3,3,3,2,2,2,2,2,2,2,2,2,3,3,2,2,1,2,3,3,2,2.0,2,2,2,3,2,3,3,3,2,2,2,3,3,2,2,3,3,2,2,3,2,3,3,3.0,2,2,2,3,3,2,3,2,2,2,2,3,2,2,2,2,3,2,2,3,3,2,2,2,3,2,3,3.0,2,2,2,2,2,2,2,2,2,2,1,3,3,2,3,2,3,2,1,3,2,2,3,2,2.0,2,2,2,2,2,2,2,2,2.0,2,2,3,2,2,2,1,2,3.0,2.0,2,1,2,2,2,2,1,2,2,2,2,2,3,2,2,2,2,2,3,3,2,2,2,2,0,3,2,2,3,2,3,2,2,2,2,2,3,3,3,2,2,3.0,3,3,2.0,2,2,3,2,1,2,2,2,2,3.0,2,2.0,2,3,2,2,2,3,2,2,2,3,3,2,2.0,2,2,2,2,3.0,2,3,2,3.0,3,3,3.0,2,3.0,2,2,2,3,3,3,2,3,2,2,2,3,3,2,3,3,2.0,2,2,2,2,2,2,2,2,2,2,2,3,2,3,3,3,2,3,2,2,3,2,2,2,2,2,2,2,2,2,3,2,2,3,3,2,3,3.0,3.0,2,2,2,2,2,2,3.0,3,3,3.0,2,2,3,3,2,3,2,2,3,1,2,3.0,3.0,3,2,3,2,2,3,2,2,2,2,3,2,2,2,2,2,2,3,2,2,2,1,3,0,2,2,2,2,1,2,3,1,3,3,0,2,2,0,3,3,3,2,3,3,3.0,2,3,3,2,2,3,2,2,3.0,3.0,2,3.0,2,3,2,2,3,3,3,3,2,3,3.0,3,3,3,2,3,2,1,2,2,2,3.0,2,1,2,3,2,2,2,2,2,3,3,2,3.0,2,3,2,2,3,2,3,3,2,3,2,3,2,3,3,3,3,3,3,3,3,3,3,2,2,2,2,2,2,3,2,2,2,3,2,2,2,2,3.0,3,3,3,2,3,2,2,2,3,3,2,2,0,2,3,3.0,2,2,2,2,3,2,3.0,3,2,2,2,2.0,2,3,2,3,3,2,3,2,2,3.0,2,2,3,3,3,2,3,3.0,3.0,3,3.0,2,3.0,2,2,2,3,3,2,3,2,3.0,2,3,2,3.0,2,3,3.0,2,2,2,3.0,2,2,2,3.0,3.0,3,2.0,3,2,3,3.0,2,3,3.0,84,5,1.075092513521207,-0.5213983517487373
2,2,2,2,2,3,3,3,3,3.0,2,3,2,2,3,2,2,3.0,3,3,3,3,2,3,3,3,2,3,2,3,2,3,3,3,3,2,3,3,3,2,2,3,2,3,3,3,2,2,3,3,2,2,0,3.0,3,2,3,3,2,3,3,3,2,2.0,3,2,3,3,3.0,3,3,3,3,3,2,2,3,3,2,3,3,3,3,2,3,3,3,2,3,3.0,3,0,2,1,3,3,3,2,2,3,2,3,3,2,3,2,3,3,2,3,3,3,2,3,3,3.0,3,3,3,3,2,2,2,2,3,2,3,3,3,2,3,3,3,3,3,3,2,3,3,3.0,2,3,3,3,3,3,2,3,0,3,1,3,3,3,2,3,3,2,2,2,3,3,3,2,3,3,3,3.0,3,2,3,1,2,3,3,3,2,3,2,3,3,2,3,3,2,3,3,3,3,3,3,2,3.0,3,3,1,3,3,2,0,3,3.0,3,3,3,3,2,2,3,2,2.0,0.0,2,2,3,3,3,3,2,3,3,3,3,2,2,2,2,3,2,2,3,2,3,3,3,3,2,2,3,3,3,3,3,2,3,3,2,3,3,3,2,1,3,2.0,3,3,3.0,2,3,3,2,3,3,2,3,2,3.0,3,3.0,3,2,2,3,3,3,1,3,2,3,3,2,3.0,2,2,3,3,3.0,2,2,3,3.0,3,3,3.0,3,3.0,2,3,2,3,3,3,3,3,3,3,2,3,3,3,2,3,3.0,3,2,3,3,2,3,3,3,3,2,2,3,3,3,2,3,2,3,3,3,3,2,3,2,3,3,3,2,3,3,3,2,3,3,3,3,3,3.0,3.0,3,3,2,3,2,3,3.0,3,3,3.0,3,3,3,3,3,2,2,3,3,3,3,3.0,2.0,3,3,3,3,3,3,3,3,3,3,3,2,3,3,3,3,3,3,3,2,3,3,3,3,3,3,3,3,3,3,3,3,3,3,3,3,3,2,3,3,3,3,3,3,3.0,3,3,3,3,3,3,3,3,3.0,3.0,3,3.0,2,3,2,3,3,2,3,3,2,3,,3,3,2,3,3,3,3,3,3,2,2.0,3,3,3,3,3,3,0,2,3,2,3,3,3.0,3,3,3,2,3,3,3,3,3,3,3,3,3,3,3,3,3,3,3,3,3,3,3,3,3,2,3,3,3,3,3,2,3,3,3,3,3,3,3.0,3,3,3,2,3,3,3,3,3,3,3,2,3,3,3,3.0,3,3,3,3,3,3,3.0,3,3,2,3,3.0,3,3,3,3,3,3,3,3,2,3.0,3,3,3,3,3,3,2,3.0,3.0,3,3.0,3,2.0,3,2,3,2,3,3,3,3,3.0,3,3,3,3.0,3,3,3.0,3,3,3,3.0,3,3,3,3.0,,3,3.0,2,3,3,3.0,3,1,3.0,85,5,1.121068056007815,-0.2996067756949862
2,2,3,2,1,2,2,3,2,2.0,2,2,2,2,3,3,2,2.0,3,3,2,2,2,2,2,1,2,2,1,3,2,2,2,3,3,2,3,3,2,2,3,2,2,2,3,2,2,2,3,2,2,3,3,2.0,3,2,3,2,3,1,2,3,2,3.0,2,2,2,2,3.0,3,2,3,2,2,2,2,1,2,2,2,2,1,3,2,2,2,3,3,2,3.0,3,2,2,2,3,2,3,3,2,2,2,3,2,2,2,3,3,2,2,2,3,3,2,3,1,0.0,3,1,3,3,3,2,2,3,3,2,3,3,2,2,2,3,3,3,2,2,2,3,3,3.0,2,2,2,2,1,3,2,2,2,2,3,3,3,1,2,3,2,2,2,2,3,2,3,2,3,2,2,3.0,2,3,2,2,2,3,2,3,2,0,2,3,2,3,2,2,3,3,2,3,3,2,3,2,3.0,2,2,2,2,2,3,3,2,2.0,2,2,0,2,2,2,2,2,3.0,2.0,2,2,2,2,3,2,2,2,2,3,2,2,3,2,2,2,3,3,2,2,1,2,2,3,2,2,2,2,2,2,2,2,2,2,2,2,2,2,2,2,2,1.0,3,2,2.0,3,2,0,2,2,2,2,2,2,2.0,2,2.0,2,2,3,2,2,2,2,3,3,3,2,2,3.0,2,3,2,2,2.0,2,3,3,3.0,2,3,2.0,0,2.0,2,2,2,3,3,2,2,2,2,3,3,2,3,2,3,3,3.0,2,2,2,2,2,2,2,2,2,2,2,2,2,2,3,1,2,2,2,3,3,2,3,2,2,2,1,2,2,2,3,1,2,2,3,2,3,2.0,2.0,2,2,2,2,2,2,3.0,3,3,3.0,3,2,3,3,2,3,3,3,2,2,3,2.0,2.0,3,3,2,2,2,2,2,3,2,3,2,2,2,2,2,2,3,1,2,2,3,2,2,3,2,3,2,2,3,2,2,2,3,2,3,3,3,3,2,2,3,2,3,3,3.0,2,2,3,2,2,2,2,3,3.0,3.0,2,3.0,2,3,2,2,1,2,3,3,3,2,3.0,3,3,3,2,3,2,2,3,2,2,3.0,2,3,2,3,3,2,2,2,2,2,2,2,3.0,3,2,2,3,2,2,3,2,2,3,2,2,2,3,3,3,2,2,2,3,3,3,2,2,3,3,2,3,2,2,2,2,2,2,3,2,2,2,2.0,2,3,3,2,2,3,3,2,3,3,2,2,0,2,2,3.0,2,2,2,2,3,3,3.0,3,3,2,2,3.0,2,2,2,3,3,3,3,2,2,2.0,2,2,3,2,3,1,3,3.0,2.0,2,3.0,2,2.0,3,3,3,2,2,3,2,3,3.0,2,3,3,3.0,2,2,2.0,3,3,2,3.0,3,3,3,2.0,3.0,2,3.0,3,3,3,2.0,3,3,3.0,86,5,1.0780078840708456,-0.3468960718555157
3,3,3,3,3,2,2,0,2,3.0,2,3,2,3,3,3,2,3.0,3,2,2,3,3,2,2,2,3,3,2,3,3,2,2,2,3,3,3,2,2,3,3,3,2,2,2,2,2,3,3,2,3,3,3,3.0,2,3,3,3,2,1,3,3,3,2.0,3,3,2,3,3.0,3,3,3,2,3,3,3,3,2,3,3,2,2,2,3,3,3,2,2,3,3.0,2,3,2,2,3,2,3,3,3,1,2,2,2,2,3,3,3,3,2,2,3,2,3,3,3,3.0,3,3,3,3,2,3,3,3,3,3,3,3,3,2,2,2,3,3,2,2,3,3,3,3.0,2,2,3,3,3,3,2,3,3,3,2,3,2,3,3,3,3,3,3,3,3,2,3,3,3,3,3,2.0,3,2,2,3,3,3,3,2,2,2,3,3,3,3,3,3,3,3,3,3,2,3,3,3,3.0,2,0,3,3,2,2,3,2,3.0,3,1,3,3,3,3,2,2,3.0,3.0,3,3,2,2,3,3,3,2,3,2,1,3,3,3,2,2,2,3,3,3,3,2,3,3,3,3,2,3,3,2,3,2,3,3,3,2,3,3,3,3,3,2.0,3,3,3.0,3,3,3,3,2,3,3,3,3,3.0,2,3.0,2,3,3,3,3,2,3,3,3,3,3,3,3.0,3,3,2,3,3.0,2,2,3,3.0,3,3,3.0,3,3.0,3,3,3,3,3,3,3,3,3,3,3,3,3,3,3,3,3.0,3,3,3,2,3,3,2,3,2,3,3,3,3,3,3,3,3,3,3,2,3,3,3,2,1,3,2,2,2,3,3,3,3,3,3,2,3,3.0,3.0,3,3,3,2,3,3,3.0,3,3,2.0,2,2,3,3,3,3,2,2,3,3,3,3.0,3.0,3,3,3,3,3,3,3,3,3,3,3,3,3,2,3,3,3,2,3,2,3,2,2,3,2,3,2,3,2,3,3,2,2,3,3,3,3,3,3,3,3,2,3,3,3.0,3,3,3,2,3,3,2,3,3.0,3.0,3,3.0,3,2,3,3,3,2,3,3,3,3,0.0,3,3,3,2,3,3,3,2,3,3,3.0,3,2,3,3,2,3,2,3,1,3,3,3,3.0,3,2,3,3,3,2,3,2,3,3,3,3,2,3,2,3,2,3,3,3,3,3,3,2,2,3,3,3,2,3,3,3,3,3,3,0,2,3,3.0,2,3,0,2,3,3,3,3,3,3,1,3,3,2,3,3.0,3,3,3,2,3,3,3.0,3,2,2,0,2.0,3,3,3,3,3,3,3,3,3,3.0,3,2,3,1,3,2,3,3.0,3.0,3,3.0,3,3.0,2,3,3,3,3,2,3,3,3.0,3,3,3,3.0,3,2,3.0,3,3,3,3.0,2,3,3,3.0,3.0,3,3.0,3,3,3,3.0,2,3,,87,5,1.1081817056566408,-0.3393295311350787
2,2,2,3,3,2,1,3,2,3.0,3,3,2,3,3,3,2,3.0,2,2,3,3,2,2,1,2,3,2,3,3,2,2,0,2,3,2,3,2,3,2,3,2,2,3,2,2,3,3,2,2,2,3,3,3.0,3,3,2,3,2,3,2,2,2,3.0,1,3,2,3,3.0,2,3,3,2,2,3,2,2,3,2,3,3,2,3,2,3,3,3,3,3,3.0,2,3,2,2,2,2,3,3,3,1,3,3,2,2,2,3,3,3,2,2,2,2,2,1,3,3.0,3,2,3,2,3,1,2,3,2,2,3,3,2,3,2,3,3,3,2,2,2,3,3,3.0,2,2,0,3,3,3,2,2,2,3,3,1,3,2,3,2,3,2,3,3,2,2,2,3,3,3,3,2.0,2,3,2,2,2,2,3,2,2,2,3,3,3,3,2,3,3,2,3,3,3,2,3,3,3.0,2,2,3,2,2,3,3,2,3.0,3,2,3,2,2,3,3,2,3.0,3.0,3,3,2,2,3,3,3,2,3,2,3,3,2,0,2,3,3,3,3,3,2,2,3,3,3,3,3,3,3,0,3,3,3,3,3,2,3,3,3,3,3,3.0,2,3,3.0,3,3,3,2,2,3,3,2,3,3.0,2,3.0,3,3,2,3,3,3,3,2,2,3,3,3,2.0,3,3,1,2,3.0,2,3,2,3.0,3,3,3.0,3,3.0,2,3,3,3,3,3,3,3,3,3,2,3,3,2,3,3,3.0,3,2,3,3,3,2,3,3,3,0,2,3,2,3,3,3,3,3,3,3,3,2,3,2,3,3,2,3,3,2,3,2,3,3,3,3,3,3.0,3.0,3,3,2,2,2,3,3.0,3,3,3.0,2,2,3,3,1,3,2,3,3,2,2,3.0,3.0,3,2,3,3,3,3,3,3,3,3,2,3,3,2,2,2,2,2,3,2,3,2,3,2,2,2,2,3,2,2,3,2,3,2,2,3,3,2,3,3,3,2,3,2,3.0,2,3,3,2,2,3,2,2,3.0,3.0,2,3.0,2,3,3,3,3,2,2,3,3,2,3.0,3,2,2,3,3,3,3,2,3,3,3.0,3,2,3,3,2,3,2,2,2,3,2,3,,3,2,3,3,2,2,3,2,3,3,3,3,2,2,2,3,3,3,3,3,3,3,3,3,2,3,3,3,3,3,3,3,2,3,3,2,2,3,3.0,2,3,3,3,3,3,3,2,3,3,3,2,2,2,2,3.0,3,2,1,2,2,3,3.0,3,3,2,2,3.0,2,2,3,3,3,3,3,3,3,0.0,3,2,3,3,3,3,3,3.0,2.0,3,3.0,3,3.0,3,2,3,3,3,2,3,2,3.0,3,3,3,3.0,2,2,3.0,3,2,3,3.0,2,2,3,3.0,3.0,3,3.0,3,2,3,3.0,2,2,3.0,88,5,1.0971507037418469,-0.39352253196729853
2,2,2,2,3,2,1,3,3,3.0,2,0,2,2,3,3,2,3.0,3,3,2,3,2,2,1,2,3,3,2,3,2,2,2,2,2,2,3,2,2,2,2,2,3,3,2,2,2,3,3,1,2,3,3,3.0,3,3,3,2,2,2,3,3,2,2.0,3,2,2,2,3.0,3,3,2,1,3,2,2,2,2,3,2,3,2,2,2,3,3,3,2,3,3.0,2,2,3,2,3,2,3,3,2,3,2,2,3,2,3,2,3,2,2,2,2,2,2,3,2,2.0,3,2,3,1,3,3,3,3,3,3,2,2,2,2,3,2,2,3,2,2,2,3,3,3.0,2,3,2,3,3,3,2,2,3,3,3,3,2,2,3,2,2,3,2,2,3,2,2,3,3,2,3,3.0,3,2,2,2,2,2,2,3,2,2,3,2,3,2,2,3,2,3,3,3,3,2,2,2,3.0,2,2,3,2,2,3,2,3,3.0,1,2,2,3,2,2,3,3,3.0,3.0,2,2,2,2,2,2,3,2,2,2,2,2,2,2,2,2,2,2,2,2,3,2,3,3,2,2,3,2,2,2,2,3,3,3,2,2,3,1,3,3,2,3.0,3,3,3.0,3,3,2,3,2,2,2,2,2,2.0,2,3.0,3,2,3,3,2,2,2,3,3,3,3,3,3.0,2,2,2,2,1.0,3,3,2,2.0,2,0,3.0,2,3.0,2,3,3,2,2,2,3,3,2,2,3,3,3,2,2,2,2.0,2,3,2,3,2,2,1,2,3,3,3,2,2,2,3,3,3,3,3,3,3,3,2,2,2,2,3,2,2,3,3,2,2,2,3,3,3,2.0,2.0,3,2,2,2,3,2,3.0,3,2,3.0,2,3,3,3,2,3,2,2,2,0,3,3.0,3.0,2,3,3,1,1,3,2,2,3,3,3,3,2,2,3,2,3,2,2,2,3,2,2,3,2,3,2,3,2,2,2,2,2,2,2,3,3,3,2,3,2,2,3,3,3.0,2,3,3,3,3,2,3,2,3.0,3.0,3,3.0,2,3,3,2,3,3,3,3,3,3,3.0,3,2,3,3,3,2,3,2,2,2,3.0,2,3,2,3,3,2,3,2,2,3,3,2,3.0,2,2,2,3,2,3,2,2,0,3,3,2,3,2,3,3,2,2,3,3,2,3,3,3,3,3,3,3,2,3,2,2,2,3,3,2,3,2,3.0,2,3,3,2,3,2,3,3,3,3,3,2,2,2,3,3.0,3,2,0,3,3,3,3.0,2,3,1,3,3.0,2,2,3,2,2,3,2,3,3,3.0,3,2,3,3,3,3,3,3.0,2.0,2,3.0,3,3.0,3,3,3,3,0,3,3,3,3.0,3,2,1,3.0,2,3,3.0,3,3,3,3.0,2,3,3,3.0,3.0,3,3.0,3,3,2,3.0,2,3,3.0,89,5,1.077500888189616,-0.3879992744337429
2,3,2,3,3,3,3,3,3,3.0,3,1,2,3,3,3,3,3.0,2,3,3,1,2,3,3,3,2,3,3,3,2,2,3,1,3,3,3,3,3,2,2,3,2,3,3,3,3,3,3,2,3,3,3,3.0,3,3,2,3,2,3,3,2,3,3.0,3,2,2,3,3.0,3,3,3,2,3,2,3,3,3,2,3,3,3,2,2,3,0,3,2,2,3.0,2,2,2,2,3,1,3,3,3,3,2,2,3,2,3,1,3,2,2,2,3,3,2,3,2,2.0,3,3,3,3,2,2,3,3,2,3,3,3,2,2,2,3,2,3,2,3,2,2,3,2.0,2,2,1,3,3,3,2,3,2,3,3,2,3,2,3,3,2,3,2,3,3,3,3,3,3,3,3,3.0,3,3,3,3,3,3,3,3,2,3,2,2,3,2,2,2,3,3,3,3,3,2,2,3,3.0,3,2,2,2,3,3,3,1,3.0,3,3,3,2,3,3,3,3,3.0,3.0,3,3,2,2,3,3,3,3,3,3,3,2,3,3,3,3,3,3,3,3,2,2,3,2,3,3,2,2,3,2,3,3,3,2,3,2,2,3,3,3,2,3.0,3,3,3.0,3,3,1,3,2,3,3,2,3,3.0,3,3.0,2,2,3,3,3,3,3,3,2,3,3,3,3.0,3,3,2,3,3.0,2,3,3,3.0,3,3,3.0,3,3.0,3,3,3,3,3,3,3,3,3,3,2,3,3,0,2,3,3.0,2,2,3,2,3,3,3,2,3,3,3,3,3,3,3,3,3,3,3,2,2,3,3,3,3,3,3,3,3,3,2,3,3,3,3,3,2,3.0,3.0,3,3,2,3,3,2,3.0,2,2,3.0,2,2,3,2,2,0,2,3,3,3,2,3.0,3.0,2,3,3,3,3,3,2,3,3,3,3,2,3,2,2,2,3,2,3,2,3,3,2,3,2,3,3,3,2,3,3,2,3,3,2,3,2,3,3,3,3,3,3,3,3.0,2,3,3,2,3,3,3,2,3.0,3.0,3,0.0,3,3,3,2,3,2,3,3,3,3,3.0,3,2,3,2,2,3,3,2,3,3,3.0,2,3,2,2,3,3,2,2,3,3,2,2,3.0,3,3,2,2,3,2,2,2,2,2,3,3,2,2,3,3,3,3,3,3,2,1,3,3,3,2,2,3,2,3,2,3,3,3,3,3,3,2,3.0,2,3,2,3,3,3,3,2,3,3,3,2,2,2,2,1.0,2,2,3,2,3,2,3.0,3,2,3,2,2.0,3,2,0,3,3,3,3,3,2,3.0,3,3,2,3,2,3,2,3.0,3.0,2,3.0,1,3.0,3,3,2,3,3,3,3,3,3.0,2,3,3,3.0,3,3,3.0,3,3,3,3.0,3,2,3,3.0,3.0,3,0.0,3,3,3,3.0,2,3,3.0,90,5,1.0961527500712454,-0.3125991089404599
1,2,2,2,3,2,2,2,3,3.0,2,2,2,2,3,2,2,3.0,2,2,3,2,2,2,2,2,2,3,2,2,2,0,2,0,2,2,3,2,3,2,2,2,3,2,2,2,2,2,2,2,2,3,2,3.0,3,0,0,2,2,2,2,2,2,2.0,2,2,2,2,2.0,2,2,2,1,3,2,2,3,2,2,2,3,2,2,2,2,2,2,2,1,3.0,2,2,2,2,2,2,2,2,2,2,2,2,2,2,2,2,3,2,2,2,2,2,2,3,2,3.0,3,2,3,2,2,2,2,2,2,2,3,2,2,3,1,2,2,2,2,2,2,3,2,3.0,2,2,2,3,3,2,2,2,2,2,2,2,2,2,3,3,2,3,0,2,3,2,3,2,3,2,3,2.0,2,2,2,2,3,3,2,2,2,2,3,3,2,2,2,3,2,3,3,2,2,2,3,2,3.0,2,1,2,2,3,2,3,2,3.0,2,2,2,2,2,3,2,2,3.0,3.0,2,2,2,2,3,3,2,2,3,2,2,2,3,2,3,2,3,2,3,3,2,2,2,3,3,2,2,2,2,2,3,2,2,3,2,3,3,3,3,2,3,3.0,3,3,3.0,3,3,3,3,2,3,3,2,2,3.0,2,3.0,2,3,3,3,2,3,2,3,2,3,2,2,2.0,3,2,2,3,3.0,2,3,2,2.0,3,2,3.0,2,3.0,1,2,2,3,3,3,2,3,3,2,2,3,2,2,3,3,3.0,2,3,2,2,2,3,3,2,3,2,3,3,2,3,3,3,2,3,3,2,2,3,2,2,2,3,2,3,2,2,2,1,3,3,3,2,3,3.0,3.0,3,2,2,2,3,2,3.0,3,2,3.0,2,2,3,2,2,3,2,1,3,2,3,3.0,3.0,2,2,3,2,0,3,2,1,2,2,3,3,2,2,2,3,2,2,1,2,3,2,3,2,2,3,2,3,3,3,2,2,3,2,2,2,2,3,3,3,2,3,3,3,3.0,2,3,2,2,3,3,2,1,3.0,3.0,2,3.0,2,3,3,2,2,3,3,3,3,3,3.0,3,3,2,2,3,3,2,2,3,2,3.0,2,3,2,2,2,2,2,3,2,3,3,1,3.0,2,2,2,2,3,2,3,1,2,2,2,3,3,3,3,3,3,3,2,2,2,2,2,2,3,3,2,3,2,3,2,3,3,3,3,2,3,3,3.0,3,2,2,2,3,3,3,3,2,3,2,2,2,3,2,2.0,2,2,2,2,3,2,3.0,3,2,2,2,3.0,2,2,2,2,3,3,2,2,3,3.0,2,2,3,3,2,3,3,3.0,2.0,3,3.0,3,3.0,3,2,2,3,3,3,3,1,3.0,2,2,2,3.0,3,3,3.0,3,3,3,3.0,2,3,3,3.0,3.0,3,3.0,3,3,3,3.0,2,2,3.0,91,5,1.0840501890307381,-0.5413615163761208
3,2,2,3,3,3,3,0,3,3.0,3,3,2,3,3,3,3,,3,3,2,3,3,3,2,3,3,2,3,3,3,3,2,3,3,3,3,2,3,3,3,3,3,3,3,3,3,3,3,2,3,3,3,3.0,3,3,3,3,3,3,3,3,2,2.0,1,3,3,3,3.0,3,3,3,2,3,2,3,3,3,3,3,3,3,3,1,3,3,3,3,3,3.0,3,3,2,2,3,2,3,3,3,3,2,3,3,3,3,3,3,3,2,2,3,2,3,3,2,3.0,3,2,3,3,3,3,3,3,3,3,3,3,3,2,2,3,3,3,3,3,3,3,3,3.0,2,2,3,3,3,3,3,3,3,3,3,3,3,3,3,3,2,3,3,3,3,3,3,3,3,2,3,3.0,3,3,3,3,2,3,3,3,3,3,3,3,3,3,3,3,2,3,3,3,2,3,3,3,3.0,2,3,3,2,3,3,3,2,3.0,2,2,2,3,3,2,3,3,3.0,3.0,3,2,2,3,3,3,3,3,3,3,2,3,3,2,3,3,3,3,3,3,3,2,3,2,3,3,3,3,3,2,1,3,3,3,3,2,3,3,2,3,3,3.0,3,3,2.0,3,3,3,3,3,3,3,3,3,3.0,3,0.0,3,2,3,3,3,2,3,2,2,2,3,3,3.0,3,3,3,3,3.0,3,3,3,3.0,3,3,1.0,3,3.0,3,3,3,3,3,3,3,3,3,2,2,3,3,1,2,3,3.0,3,2,3,2,1,3,2,3,3,3,3,3,3,3,3,2,3,3,3,3,3,3,3,3,3,3,3,3,3,2,0,3,2,3,3,3,3,3.0,3.0,2,3,2,3,3,3,3.0,3,0,3.0,3,3,3,3,3,3,3,3,3,3,2,3.0,3.0,3,3,3,2,2,2,3,3,3,3,2,3,3,3,3,2,3,3,3,3,3,3,3,3,2,3,3,3,3,3,3,3,3,3,3,3,3,2,3,3,3,3,3,3,3.0,3,3,3,3,3,3,3,3,3.0,3.0,3,3.0,2,3,3,3,3,3,3,3,3,3,3.0,3,3,2,3,3,2,3,1,3,3,3.0,3,2,3,3,3,3,3,3,3,3,2,3,3.0,2,3,3,3,0,3,2,3,2,3,3,3,2,3,2,3,1,3,3,3,3,3,2,3,3,3,3,3,3,3,2,2,3,3,3,3,3,3,,3,3,3,3,3,3,3,3,3,2,3,3,3,2,3,3.0,3,3,3,3,3,3,3.0,3,2,2,2,3.0,3,3,3,0,3,3,3,2,3,3.0,3,3,3,3,3,3,3,,3.0,2,3.0,3,3.0,3,3,2,3,3,3,3,3,3.0,3,3,3,3.0,3,2,3.0,3,3,3,3.0,3,3,3,3.0,3.0,3,3.0,3,3,3,3.0,2,3,3.0,92,5,1.1397168113901277,-0.21832276133234543
3,3,3,3,3,3,3,3,3,4.0,3,3,3,3,3,3,3,4.0,3,3,3,3,3,3,3,3,3,3,3,3,3,3,3,3,3,3,3,3,2,3,2,3,3,3,3,3,0,3,3,3,3,4,3,3.0,3,3,3,3,3,3,3,3,3,3.0,0,3,3,3,3.0,3,3,3,3,3,4,3,3,4,3,4,4,3,4,3,4,3,3,3,3,4.0,3,3,3,3,4,3,3,3,2,2,3,3,3,1,3,3,4,4,3,3,2,3,3,3,2,3.0,3,3,3,3,3,3,3,4,3,3,3,4,3,3,3,3,3,3,3,3,3,3,3,4.0,3,3,3,3,3,3,3,2,3,3,3,3,3,3,3,3,3,3,3,3,3,3,3,3,3,3,4,4.0,3,3,3,3,3,3,4,3,3,3,3,4,4,3,3,3,3,4,3,3,3,3,4,3,4.0,3,3,3,3,3,3,3,3,3.0,3,3,3,3,3,3,3,3,4.0,4.0,4,3,3,2,3,4,3,3,3,3,3,3,3,3,2,3,3,3,4,3,4,3,3,3,3,3,3,3,3,3,4,3,3,3,3,3,4,3,4,3,3,4.0,3,3,4.0,4,3,4,3,3,3,3,3,2,3.0,3,4.0,3,3,3,3,3,3,3,2,3,4,3,3,3.0,3,3,3,4,4.0,3,3,3,3.0,3,3,4.0,3,4.0,3,3,3,4,4,3,3,3,3,3,3,4,3,3,3,3,3.0,3,2,3,3,3,4,3,3,3,3,3,3,3,3,3,3,3,3,3,3,3,3,3,0,3,3,3,3,3,3,3,3,4,3,3,3,3,3.0,4.0,3,4,3,3,3,4,1.0,3,4,4.0,3,3,4,3,3,2,3,3,4,3,0,3.0,3.0,3,3,3,3,3,3,3,3,3,3,3,3,3,2,3,3,3,3,3,3,3,2,3,4,3,3,3,3,3,3,3,2,3,4,3,4,3,3,3,4,3,3,3,3,4.0,3,3,4,3,3,3,3,3,1.0,4.0,3,4.0,3,4,3,3,3,4,3,3,3,4,4.0,3,3,1,3,3,4,3,3,3,3,3.0,3,3,3,3,3,2,2,3,2,3,3,3,4.0,3,3,3,3,3,3,4,3,3,4,3,3,3,3,3,4,4,3,3,4,3,3,3,3,3,3,3,3,2,4,3,3,3,3,3,3,3,3,4.0,3,3,3,3,4,3,3,3,3,3,3,3,3,3,4,3.0,2,3,3,3,3,3,4.0,3,3,3,3,3.0,3,3,3,3,3,3,3,3,3,3.0,3,3,4,3,4,3,3,4.0,3.0,3,4.0,3,0.0,4,3,3,3,4,3,4,3,3.0,4,3,4,4.0,3,3,4.0,3,2,4,4.0,3,3,4,0.0,4.0,4,4.0,3,3,3,3.0,3,3,4.0,93,5,1.1772402513557718,-0.4264924488802223
2,2,2,2,2,2,2,3,2,3.0,2,2,2,3,3,0,3,3.0,2,2,2,3,3,3,2,3,2,2,2,1,2,2,2,2,3,2,1,2,2,2,2,2,2,2,2,2,2,2,2,2,3,2,2,2.0,2,2,3,2,2,2,2,3,2,3.0,2,2,2,2,2.0,2,3,2,2,2,2,2,2,2,1,2,3,2,3,2,3,3,2,2,2,3.0,2,0,2,2,3,2,2,2,2,1,2,2,2,0,2,3,2,3,2,2,2,2,3,3,2,2.0,2,2,2,2,2,3,3,2,2,2,3,3,2,2,2,2,3,2,2,2,2,2,2,3.0,2,2,2,2,2,3,2,2,2,2,2,3,2,2,2,2,2,3,2,2,2,2,3,3,2,3,3,3.0,3,2,2,2,1,3,2,2,2,2,2,0,2,2,2,2,2,3,2,3,3,2,2,2,3.0,1,2,2,2,2,2,3,1,2.0,2,2,2,2,2,2,1,2,3.0,2.0,2,3,2,2,2,3,2,2,2,2,2,2,2,2,2,2,2,2,2,2,2,2,2,2,2,2,2,2,2,2,2,2,2,2,2,2,2,2,2,2,2,3.0,2,2,2.0,3,2,2,2,2,2,2,2,1,2.0,2,3.0,2,3,2,2,2,2,2,2,2,3,2,2,2.0,3,2,2,2,2.0,2,2,2,2.0,2,2,3.0,2,2.0,2,3,2,3,3,1,2,3,2,3,2,2,2,2,3,2,2.0,2,2,2,2,2,3,2,2,2,3,3,1,2,2,3,2,2,2,2,3,2,2,3,3,2,2,2,2,2,2,3,0,2,2,2,2,3,3.0,3.0,3,2,2,2,2,2,3.0,3,3,3.0,2,2,2,1,2,3,2,2,3,2,2,2.0,2.0,2,3,2,2,2,3,3,2,2,3,3,3,2,3,3,2,2,2,2,2,3,2,2,2,2,3,3,2,3,3,2,2,3,2,2,3,2,2,3,3,3,2,3,3,3.0,2,1,3,2,3,2,2,3,2.0,3.0,2,3.0,2,3,3,1,3,2,3,2,3,2,3.0,3,3,2,3,2,3,2,2,3,2,2.0,2,2,3,2,2,2,2,1,1,2,2,2,3.0,3,2,2,2,2,2,3,3,2,3,3,2,2,2,2,3,2,2,3,2,2,3,2,3,3,3,2,2,1,3,2,2,2,2,3,2,3,3,3.0,2,3,2,2,3,1,2,3,2,3,3,3,2,2,2,3.0,2,3,3,2,3,2,3.0,3,2,2,2,3.0,2,3,2,2,3,3,3,2,2,2.0,2,2,3,3,3,0,3,3.0,3.0,2,3.0,2,2.0,3,3,3,2,2,2,3,3,3.0,3,3,3,3.0,3,2,3.0,2,3,2,3.0,2,2,2,3.0,3.0,2,3.0,3,2,3,2.0,2,2,3.0,94,5,1.0802187237110925,-0.37926612252874664
2,2,2,1,2,2,2,2,2,3.0,3,2,2,2,3,3,3,3.0,3,3,3,3,2,3,3,2,2,1,2,3,3,3,3,3,3,2,2,2,2,2,0,2,2,2,2,2,2,3,2,2,3,3,2,2.0,3,2,2,2,2,2,3,3,2,2.0,3,2,2,3,3.0,2,3,2,2,1,2,2,2,3,2,2,3,2,2,2,3,3,3,2,2,3.0,3,2,2,2,3,2,3,3,0,2,2,2,2,2,3,3,3,2,2,2,2,3,3,3,2,3.0,2,2,3,2,3,3,3,3,2,3,2,3,2,2,2,2,3,3,3,2,2,2,3,3.0,2,3,3,2,3,3,2,2,2,3,1,3,2,2,2,3,3,3,3,2,2,3,3,2,3,2,2,3.0,3,2,2,2,2,3,3,2,2,3,2,3,3,2,3,2,2,3,2,2,3,3,3,0,3.0,2,2,2,2,3,2,3,2,3.0,2,2,3,3,2,2,2,2,3.0,1.0,2,2,2,2,2,2,1,2,3,3,3,2,3,2,2,2,1,2,3,3,2,2,2,3,2,3,2,3,3,2,3,2,3,2,3,3,3,3,2,2,2,3.0,3,3,3.0,3,2,2,2,2,3,3,2,2,3.0,2,3.0,0,2,3,3,3,2,2,2,2,3,3,2,3.0,2,3,2,2,3.0,1,3,2,2.0,2,3,3.0,2,3.0,3,2,3,3,2,3,2,2,2,2,3,3,2,2,3,2,3.0,1,2,2,2,2,3,2,2,3,3,2,3,3,3,3,3,2,2,3,3,3,3,3,2,3,3,2,3,2,2,3,2,3,3,3,2,2,3.0,3.0,3,3,1,3,2,2,3.0,2,3,3.0,2,2,2,2,2,3,2,3,3,3,2,3.0,3.0,2,3,2,2,2,3,2,3,3,2,2,2,3,2,3,2,3,2,3,2,3,2,2,3,2,2,2,2,2,3,3,2,2,2,2,2,3,2,3,3,2,2,2,2,3.0,2,2,3,2,3,2,2,2,3.0,3.0,2,3.0,2,2,3,2,2,3,3,2,3,3,3.0,3,3,2,2,3,2,3,2,2,0,2.0,2,2,2,2,2,3,2,2,3,2,2,2,3.0,2,2,2,3,3,2,3,2,3,3,3,2,3,2,3,3,3,2,2,2,2,3,2,3,3,3,2,1,2,2,3,2,2,3,3,2,2,2,3.0,2,3,3,2,3,3,2,2,2,3,1,2,2,2,2,3.0,1,3,3,1,3,2,3.0,3,2,2,3,2.0,3,2,2,2,3,3,3,3,2,3.0,2,3,3,3,2,3,3,3.0,3.0,3,2.0,0,3.0,2,2,2,3,3,2,3,3,3.0,3,3,3,3.0,2,3,2.0,2,3,3,3.0,2,2,3,3.0,3.0,2,3.0,3,2,3,3.0,2,3,3.0,95,5,1.0848706558662138,-0.4526426238730416
3,2,3,3,3,3,3,3,3,3.0,3,3,3,3,3,3,3,3.0,3,3,3,3,3,3,3,3,3,3,3,3,3,3,3,2,3,3,3,3,3,3,0,3,3,2,2,3,2,3,3,3,3,3,3,3.0,3,3,3,3,3,3,3,3,2,3.0,3,3,3,3,3.0,3,3,3,3,3,2,3,3,3,3,3,3,3,3,2,3,3,3,3,3,3.0,3,3,2,2,3,2,3,3,3,2,2,3,3,3,3,3,3,3,3,3,3,3,3,3,3,3.0,3,3,3,3,3,2,3,3,2,2,3,3,2,2,3,3,2,3,2,2,3,3,3,3.0,2,3,0,3,3,3,3,3,2,3,3,3,3,2,3,2,3,3,3,3,3,3,2,3,3,3,3,3.0,3,3,2,3,2,3,2,3,3,3,3,3,3,3,3,3,3,3,3,3,3,2,3,2,3.0,3,3,3,3,3,3,3,3,3.0,3,3,3,2,3,2,3,3,3.0,3.0,3,2,3,3,3,3,3,2,3,3,3,3,3,2,3,3,3,3,3,3,1,2,2,3,3,3,3,3,3,2,3,3,3,3,2,2,3,3,0,2,3,3.0,3,3,3.0,3,3,3,3,2,3,3,2,3,0.0,3,2.0,3,3,3,3,3,3,2,3,3,3,2,3,3.0,3,3,3,3,3.0,2,3,3,3.0,3,3,3.0,3,3.0,3,3,2,3,3,3,3,3,3,3,1,3,3,3,3,3,3.0,3,2,3,3,3,3,3,2,3,3,2,3,3,3,3,3,3,3,1,3,3,3,3,3,3,3,3,2,3,0,2,3,3,1,3,3,3,3.0,3.0,3,3,3,3,3,3,3.0,3,3,3.0,3,3,2,3,3,3,3,3,3,3,3,3.0,3.0,3,3,3,2,2,3,3,3,3,3,3,3,3,3,2,2,3,3,3,2,2,2,3,2,0,3,3,3,3,3,3,3,3,3,3,3,3,3,3,3,3,3,3,3,3.0,2,3,3,3,3,3,2,3,3.0,3.0,2,3.0,2,3,3,3,2,3,3,3,3,3,3.0,3,3,3,3,3,3,3,3,3,3,3.0,2,3,3,3,2,3,3,2,3,2,3,2,,3,3,2,2,2,3,3,3,3,3,2,3,3,3,3,3,3,3,3,3,3,3,3,3,3,3,3,3,2,3,3,3,3,3,3,3,3,3,,3,3,3,3,3,3,3,1,3,3,3,2,2,3,3,3.0,3,3,3,3,3,1,3.0,3,3,3,2,3.0,3,3,3,3,3,3,3,3,3,3.0,2,3,3,3,3,3,3,,3.0,3,1.0,3,3.0,3,3,3,3,3,3,3,3,3.0,3,3,3,,3,3,3.0,3,3,3,3.0,3,3,3,3.0,,3,3.0,3,3,3,3.0,3,3,3.0,96,5,1.1611130195809003,-0.2879831623807199
2,2,2,3,3,2,3,3,3,3.0,2,3,2,3,2,3,2,3.0,2,3,3,2,1,3,2,3,2,2,3,3,2,3,3,2,3,2,3,3,3,3,2,3,3,3,2,2,3,3,3,2,2,3,3,3.0,3,2,2,3,3,3,3,2,2,3.0,3,3,2,3,2.0,3,3,3,2,2,2,3,2,2,2,3,3,2,3,2,2,3,2,2,2,3.0,2,2,2,2,3,3,3,3,2,3,3,0,2,2,3,3,3,3,2,3,2,2,3,3,3,3.0,3,3,3,0,2,2,2,3,3,2,3,3,3,3,3,3,3,3,3,3,2,3,3,3.0,2,3,2,3,3,3,3,3,3,3,2,3,1,2,2,3,2,3,2,2,0,2,3,2,3,3,3,3.0,2,3,2,3,2,2,3,2,2,3,3,3,3,2,2,3,3,3,3,3,3,1,3,2,3.0,2,2,3,2,3,0,3,2,3.0,2,2,3,2,2,3,2,3,2.0,3.0,3,2,2,2,1,3,2,2,3,3,3,2,3,1,2,2,3,2,3,3,3,3,2,0,2,2,2,2,2,3,3,2,3,3,3,3,3,3,3,2,2,3.0,3,3,3.0,3,2,3,3,3,3,2,2,2,3.0,2,2.0,3,2,3,3,3,3,2,2,2,3,2,3,3.0,2,3,2,3,3.0,2,2,3,3.0,3,3,3.0,3,3.0,2,2,2,3,3,3,2,2,2,2,2,3,3,3,2,2,3.0,3,2,2,3,2,3,3,2,3,2,3,3,2,3,3,3,3,3,3,2,2,2,3,3,3,3,3,2,0,2,3,2,3,3,3,3,3,3.0,3.0,3,3,2,2,2,3,3.0,3,3,2.0,2,2,3,3,2,2,2,3,2,2,2,3.0,3.0,3,2,3,2,2,3,2,3,3,2,2,2,2,3,3,3,3,3,2,2,3,2,2,3,3,3,2,1,2,3,3,2,3,3,1,3,2,2,3,3,2,3,2,3,3.0,3,3,3,2,3,3,3,3,3.0,3.0,2,3.0,2,3,3,3,3,3,2,3,2,3,3.0,3,2,2,2,3,3,3,2,3,2,3.0,2,3,1,3,2,3,2,2,2,3,2,3,,3,3,2,1,2,3,3,3,3,3,2,2,3,2,3,3,3,3,3,3,3,2,3,2,2,3,3,3,3,3,2,3,2,3,3,2,3,2,3.0,2,3,3,3,2,3,3,3,3,3,2,2,2,2,3,3.0,3,3,3,2,3,3,3.0,3,3,3,2,3.0,2,3,3,3,2,3,3,2,3,3.0,2,2,3,3,3,3,3,3.0,3.0,3,3.0,3,3.0,2,2,2,1,2,2,3,2,3.0,2,3,2,3.0,3,3,3.0,3,3,2,3.0,2,2,3,3.0,3.0,3,3.0,3,3,3,3.0,2,3,3.0,97,5,1.0897402529800637,-0.4250506381123934
3,3,3,3,3,3,2,2,3,3.0,3,3,3,2,3,3,3,3.0,2,3,3,3,3,3,2,3,3,3,3,3,3,3,0,3,3,3,3,2,3,3,3,3,2,3,3,3,2,3,3,3,3,3,3,3.0,2,3,3,3,3,2,3,3,3,3.0,3,2,3,3,3.0,3,3,3,2,2,3,3,3,2,2,3,3,3,3,3,3,3,3,3,3,3.0,3,3,2,3,3,3,3,3,3,3,3,3,3,3,3,3,3,3,2,3,1,3,3,3,3,3.0,3,2,2,3,3,3,2,3,3,3,3,3,3,3,3,2,3,3,2,3,3,3,3,3.0,3,3,3,3,3,2,3,3,3,3,2,3,2,3,3,3,3,2,3,3,3,3,3,3,3,3,3,0.0,3,3,2,3,3,3,3,3,3,3,3,3,3,1,3,3,3,3,2,3,2,2,3,3,3.0,3,3,3,3,3,3,3,3,3.0,2,3,3,3,2,3,2,3,3.0,3.0,3,3,3,2,3,3,3,3,3,3,2,3,3,3,2,2,3,2,3,3,3,3,3,2,3,3,3,3,3,3,2,2,3,3,2,3,3,3,3,0,3,2.0,3,3,3.0,3,1,3,3,3,3,3,3,3,3.0,2,3.0,3,3,3,3,3,3,3,3,3,3,3,3,3.0,3,3,3,3,3.0,2,3,3,2.0,2,3,3.0,2,3.0,3,3,2,3,3,3,3,3,3,2,3,3,2,3,2,3,3.0,3,3,3,2,3,3,3,3,3,3,2,3,3,3,3,3,2,3,3,3,3,3,3,3,3,3,3,3,3,3,3,2,3,1,3,3,3,3.0,3.0,3,3,3,3,3,3,3.0,3,3,3.0,3,3,3,3,3,3,2,3,3,3,3,3.0,3.0,2,3,3,3,2,3,3,3,3,3,3,3,1,3,3,3,3,3,3,2,3,3,3,2,2,3,3,3,3,3,3,3,0,3,3,3,3,3,3,3,3,3,3,3,3.0,2,3,3,3,3,3,3,3,3.0,3.0,3,3.0,3,3,3,3,3,3,3,3,3,2,0.0,2,3,3,3,3,1,0,3,3,3,3.0,3,3,3,3,2,3,2,2,3,3,3,3,,3,3,3,3,3,3,3,3,2,3,3,3,3,3,3,3,3,3,3,3,3,3,3,3,3,3,3,3,2,3,3,3,3,3,3,2,2,3,3.0,3,3,3,3,3,3,3,3,3,3,3,3,2,3,3,3.0,3,3,3,3,2,3,3.0,3,3,3,2,3.0,2,3,3,3,3,2,3,3,3,3.0,3,3,2,3,3,3,3,3.0,3.0,3,3.0,3,3.0,1,3,3,3,3,3,3,3,3.0,3,3,3,,3,3,3.0,3,3,3,3.0,3,3,3,3.0,,3,3.0,3,3,3,3.0,3,3,,98,5,1.163106796116505,-0.17860007343076711
2,3,2,3,2,3,3,3,3,3.0,0,3,2,2,3,3,2,3.0,3,2,3,3,3,2,3,3,2,3,2,2,2,2,3,3,3,2,3,3,3,3,2,3,3,3,2,3,3,2,3,3,2,2,2,3.0,3,2,2,3,2,3,2,2,2,2.0,3,3,3,3,3.0,3,3,2,2,2,2,3,3,3,2,3,2,3,3,2,2,3,2,2,2,3.0,3,3,2,3,3,2,2,3,2,3,3,3,2,2,1,2,3,3,2,2,3,3,1,3,3,3.0,2,2,2,2,2,2,1,2,2,2,3,2,2,3,2,3,2,3,3,2,2,3,3,3.0,2,0,3,2,2,2,2,1,2,2,3,2,3,3,3,2,2,3,2,2,3,2,2,2,2,2,3,3.0,2,2,2,2,2,3,3,2,2,3,3,3,2,2,3,3,3,3,3,2,2,2,2,3,3.0,2,3,3,3,2,3,3,3,3.0,3,3,3,2,3,3,3,3,3.0,3.0,2,3,2,3,3,3,3,2,3,3,3,2,3,2,2,3,3,2,3,3,2,3,2,2,3,3,2,2,3,3,3,1,3,3,3,2,3,3,3,2,3,3.0,3,3,3.0,3,3,3,3,3,3,3,2,2,3.0,3,3.0,2,3,3,3,3,3,3,2,3,2,2,2,3.0,2,3,1,3,3.0,3,3,2,3.0,3,3,3.0,2,3.0,2,3,2,1,3,3,3,3,2,2,2,3,3,3,3,3,3.0,3,3,3,3,2,3,3,3,3,2,2,3,3,3,3,3,3,2,3,3,2,2,3,2,3,3,2,3,2,2,0,3,3,3,3,3,3,3.0,3.0,3,3,3,2,2,2,2.0,2,3,3.0,2,2,3,2,2,2,3,3,3,3,3,2.0,3.0,2,3,3,2,3,3,3,2,3,2,2,3,2,2,3,3,3,3,3,3,3,2,3,3,2,3,2,2,2,3,3,3,3,3,2,2,2,3,2,3,0,2,3,3,3.0,2,3,3,2,3,2,2,2,3.0,3.0,2,3.0,3,3,3,3,2,3,2,2,2,3,3.0,2,0,2,2,2,3,2,3,3,3,3.0,2,3,3,3,2,3,2,3,3,2,3,3,,3,3,3,2,3,3,3,3,3,3,0,3,3,3,3,3,3,3,3,3,3,2,2,2,3,3,2,3,3,3,3,3,2,3,3,2,3,3,3.0,3,2,2,2,2,3,3,3,3,3,3,3,3,3,3,3.0,3,3,2,3,3,2,3.0,3,3,2,3,3.0,2,2,3,3,2,2,3,2,2,2.0,2,3,3,3,3,3,2,3.0,3.0,3,3.0,3,3.0,3,2,1,1,3,3,3,1,1.0,2,3,2,3.0,3,2,3.0,3,2,3,3.0,3,2,2,3.0,3.0,3,3.0,2,3,3,3.0,3,2,3.0,99,5,1.0901839131398183,-0.2953512844877425
3,3,2,3,3,3,2,3,2,3.0,3,3,2,3,3,3,3,,3,3,3,2,3,3,3,3,2,2,3,3,3,2,3,2,3,3,3,2,3,3,2,3,2,3,2,2,2,3,3,3,3,3,3,3.0,3,3,3,3,3,3,3,3,2,3.0,3,3,2,3,3.0,3,3,3,3,2,3,3,3,3,0,3,3,2,3,3,3,3,3,2,3,3.0,3,3,3,3,3,2,3,3,2,2,3,3,3,3,3,3,3,3,2,3,2,2,3,3,3,3.0,3,3,3,3,3,2,3,3,2,3,3,3,2,3,1,3,3,3,3,3,2,3,3,3.0,0,3,3,3,3,3,3,2,2,3,2,2,2,3,3,3,3,3,3,3,3,2,3,3,3,3,3,3.0,3,3,3,2,3,3,3,3,2,3,3,3,3,3,3,3,3,3,3,3,3,3,3,3,,3,3,3,3,3,3,0,2,3.0,3,2,3,3,3,3,3,3,3.0,3.0,3,3,3,3,3,3,3,3,3,3,3,3,3,2,2,2,3,3,3,3,1,2,3,3,3,3,2,3,0,3,3,3,3,3,3,3,3,3,3,3,3,3.0,3,3,3.0,3,3,3,3,3,3,3,2,3,3.0,3,3.0,3,3,3,3,3,3,3,3,2,1,3,3,3.0,3,2,3,3,3.0,2,3,3,3.0,3,3,3.0,3,3.0,3,3,3,3,3,3,3,2,3,3,3,3,3,3,3,3,3.0,3,3,3,2,3,3,3,3,3,3,3,3,3,3,3,3,2,3,3,2,3,3,3,3,3,3,3,2,2,2,3,3,3,3,3,3,3,3.0,3.0,3,3,3,3,2,3,3.0,3,3,2.0,3,3,3,3,3,3,2,3,3,2,3,3.0,3.0,3,3,3,3,3,3,3,3,3,3,3,3,3,3,3,3,0,3,3,3,3,2,3,3,3,3,2,2,3,3,3,2,3,3,2,3,3,3,3,3,2,2,3,3,3.0,3,3,3,3,3,3,3,3,3.0,3.0,3,3.0,3,3,3,3,3,2,3,3,3,3,,3,3,3,3,3,3,3,0,3,3,3.0,3,3,2,3,2,3,3,3,2,3,3,3,,2,3,2,3,2,3,3,3,3,3,3,3,3,3,3,3,3,3,3,2,3,3,3,2,3,2,3,3,3,3,3,3,3,3,3,2,3,3,3.0,3,3,3,3,3,3,2,2,3,3,2,1,2,3,3,3.0,3,2,2,2,3,3,3.0,3,3,3,3,3.0,2,3,2,3,3,3,3,3,3,3.0,2,3,3,3,3,3,3,3.0,3.0,3,,3,3.0,3,3,3,3,3,1,3,3,3.0,2,3,3,3.0,3,3,3.0,3,3,3,3.0,3,3,3,3.0,,3,3.0,3,2,3,3.0,3,3,3.0,100,5,1.162821798729522,-0.3165638374432639
2,3,2,2,3,3,3,2,1,3.0,3,3,2,2,3,3,2,3.0,1,2,3,3,2,3,0,3,2,3,3,3,2,3,3,3,2,2,3,2,2,3,3,3,2,3,3,2,3,3,3,3,3,3,3,2.0,3,3,3,3,1,3,2,3,1,3.0,2,3,2,3,3.0,2,3,3,2,3,2,3,2,3,2,3,3,2,2,2,2,2,3,2,3,3.0,3,2,2,2,3,2,3,3,3,2,3,3,2,2,2,2,3,3,3,2,3,2,3,3,3,3.0,3,2,3,3,3,3,2,3,2,2,2,3,3,3,2,3,2,3,2,3,2,3,3,3.0,3,2,2,3,3,2,3,2,3,3,3,2,2,2,1,3,3,3,2,3,2,2,2,3,3,2,3,2.0,3,3,2,3,2,3,3,2,2,3,3,2,3,3,3,3,3,3,3,3,2,3,3,2,3.0,3,2,3,1,3,3,3,2,3.0,3,2,2,2,2,3,3,3,3.0,3.0,3,2,2,2,3,3,3,3,3,2,3,3,3,2,3,2,2,3,3,3,3,2,3,3,3,3,3,3,2,2,2,3,3,3,3,3,3,3,3,2,3,3.0,3,3,3.0,3,3,3,2,3,3,3,3,3,3.0,3,3.0,2,3,3,3,3,3,3,3,2,3,3,3,3.0,2,3,2,3,3.0,3,3,2,3.0,3,3,3.0,3,3.0,3,3,3,3,3,3,3,3,3,3,3,3,3,3,3,2,3.0,2,2,3,3,3,3,3,3,3,3,3,3,2,3,3,3,3,3,3,3,3,3,3,3,2,3,3,3,2,2,3,3,3,3,3,3,3,3.0,3.0,3,3,2,3,3,3,3.0,3,3,3.0,2,1,3,3,2,3,2,2,3,3,3,3.0,3.0,3,3,3,3,3,3,3,3,3,3,3,3,3,2,3,1,3,2,3,2,2,2,3,3,2,0,2,3,2,3,3,2,2,2,2,0,2,3,3,3,2,2,3,3,3.0,2,3,3,2,3,3,2,2,3.0,3.0,3,3.0,3,3,3,3,3,3,3,3,3,3,3.0,0,3,2,3,3,3,3,2,3,3,3.0,3,3,2,2,2,3,3,3,2,3,1,3,,3,3,3,3,2,3,3,3,2,2,3,3,2,3,3,3,2,3,3,2,3,3,3,3,2,2,2,3,2,0,2,2,2,3,3,2,2,2,3.0,2,3,3,0,3,3,3,2,3,3,3,2,2,3,3,3.0,3,2,2,3,3,3,3.0,3,2,3,2,3.0,3,2,3,3,3,3,3,2,3,3.0,3,3,3,3,2,3,3,3.0,3.0,2,3.0,3,3.0,3,3,3,3,3,3,3,3,3.0,3,3,3,3.0,3,3,3.0,3,3,3,3.0,3,3,2,3.0,3.0,3,3.0,3,3,3,3.0,2,3,3.0,101,5,1.0962892256294,-0.4007024006866905
3,3,2,1,3,3,3,3,2,3.0,2,3,2,3,3,3,3,3.0,2,2,2,3,3,3,3,3,2,3,3,3,3,2,3,3,2,2,3,3,3,3,3,3,3,2,2,2,2,3,3,3,3,3,2,3.0,3,3,2,3,3,3,3,3,2,3.0,3,3,2,3,3.0,1,3,2,3,2,2,3,3,2,2,3,3,2,2,2,3,3,2,2,2,3.0,3,3,2,3,2,2,3,2,2,2,3,2,2,2,3,2,3,3,2,3,2,3,3,2,3,3.0,3,2,3,2,3,3,2,0,3,3,3,3,2,2,2,2,1,3,3,3,2,3,2,2.0,3,2,3,3,3,2,2,3,3,3,2,3,2,2,2,3,3,3,2,2,3,2,2,3,3,2,3,3.0,2,3,2,2,2,2,3,2,2,3,3,3,1,2,3,3,3,2,3,3,0,3,3,2,3.0,2,3,3,2,2,3,2,3,3.0,3,3,3,2,3,2,3,3,3.0,3.0,2,3,1,2,2,3,3,2,3,1,3,3,3,2,2,2,2,2,3,3,3,3,3,3,3,3,2,3,3,3,3,3,2,3,3,3,3,3,3,2,3,3.0,3,3,3.0,3,3,3,2,2,3,2,2,2,3.0,2,3.0,2,3,3,3,3,2,3,3,3,3,3,3,3.0,3,3,0,3,3.0,3,3,3,3.0,3,3,3.0,3,3.0,2,2,3,2,3,3,3,2,3,2,3,3,3,2,0,3,3.0,3,2,3,3,3,3,2,2,3,3,3,3,2,3,3,3,2,2,2,2,2,2,3,3,2,3,3,2,3,2,3,2,3,3,3,3,3,3.0,3.0,3,3,3,3,2,2,3.0,3,3,3.0,2,2,2,3,2,3,2,3,3,2,3,3.0,3.0,2,3,3,2,3,3,3,2,3,3,3,3,3,3,3,2,2,2,2,2,2,2,3,3,3,3,2,2,2,3,3,2,3,2,1,2,3,3,2,3,2,1,3,3,3.0,2,3,3,2,3,3,3,3,3.0,3.0,3,3.0,3,3,2,3,3,3,3,3,2,3,3.0,3,2,3,2,3,3,3,2,2,3,3.0,2,2,3,3,2,3,3,3,3,3,3,3,3.0,2,3,3,3,3,3,2,3,2,3,2,3,3,3,3,3,3,3,3,2,3,3,3,1,2,3,2,3,3,3,3,3,2,3,3,3,2,2,3.0,3,3,2,2,3,3,3,3,3,3,2,2,3,3,3,3.0,3,2,2,3,3,2,3.0,3,3,2,3,2.0,2,3,3,3,2,2,0,2,3,3.0,3,3,3,3,3,3,3,3.0,3.0,3,3.0,3,3.0,3,3,3,3,3,3,3,2,3.0,2,3,2,3.0,2,3,3.0,3,3,3,3.0,3,3,3,3.0,0.0,3,3.0,3,1,3,3.0,3,3,3.0,102,5,1.0896260894011807,-0.3424019061664913
3,2,2,3,2,2,2,3,3,3.0,2,3,2,2,3,2,3,3.0,3,2,3,3,3,3,3,3,2,2,3,3,3,2,3,3,3,2,3,3,2,2,3,3,3,3,2,3,2,2,3,3,3,3,2,2.0,2,3,3,3,2,3,3,1,2,3.0,3,3,2,3,3.0,3,3,3,2,3,2,3,3,3,3,2,3,2,3,2,2,2,2,3,3,3.0,3,3,3,3,3,2,3,3,3,2,3,3,2,3,2,2,3,2,3,3,3,3,3,3,2,3.0,2,3,3,3,3,3,3,3,3,3,3,3,3,2,2,2,3,3,3,3,2,3,3,3.0,2,2,3,1,2,2,2,2,2,3,3,3,2,3,2,3,2,3,3,2,3,3,3,2,3,3,3,3.0,3,2,2,3,2,3,2,2,2,2,2,3,3,2,3,2,3,2,3,0,2,2,3,1,3.0,3,2,2,3,3,3,3,3,2.0,2,3,3,3,2,2,3,3,2.0,2.0,3,2,2,2,3,2,2,3,3,2,2,2,2,2,2,2,1,3,3,2,3,3,2,2,3,3,2,2,2,2,1,2,3,2,2,2,3,3,2,2,2,2.0,3,2,2.0,2,3,2,0,2,3,3,2,2,3.0,3,3.0,3,2,3,3,3,2,2,3,3,3,3,3,3.0,1,3,2,1,2.0,2,2,2,3.0,2,3,3.0,3,3.0,3,3,3,3,2,3,3,2,2,3,3,3,2,2,0,3,3.0,3,3,2,3,2,0,2,2,3,2,3,3,2,0,2,2,3,2,2,3,2,3,3,3,2,3,2,2,2,3,3,2,2,3,3,2,3,3.0,2.0,3,2,2,2,2,3,3.0,3,2,3.0,2,3,2,2,2,3,3,3,2,2,3,2.0,2.0,2,3,3,2,2,2,3,3,2,2,2,2,3,3,2,2,3,2,2,2,3,2,3,3,2,2,3,3,3,3,3,2,2,3,3,2,2,3,3,3,3,2,3,3,3.0,3,3,3,1,3,3,2,2,3.0,3.0,3,3.0,3,3,2,3,3,3,3,3,2,2,3.0,3,2,2,1,2,2,2,3,2,2,2.0,2,3,3,3,3,3,2,3,3,2,1,3,3.0,3,3,3,3,3,2,1,3,2,2,2,3,3,3,3,3,3,2,3,3,3,3,3,2,3,3,3,3,2,2,2,2,2,3,3,2,3,3,3.0,3,3,3,2,2,3,2,3,3,2,3,3,2,3,1,3.0,2,2,1,2,3,3,3.0,3,2,3,3,3.0,3,2,3,3,1,2,3,3,3,3.0,2,2,2,0,2,3,3,3.0,3.0,2,3.0,2,3.0,3,3,2,3,3,2,3,3,3.0,2,3,3,3.0,3,3,3.0,3,3,3,3.0,3,3,3,3.0,3.0,3,3.0,2,2,3,3.0,3,3,3.0,103,5,1.0816060147235422,-0.28262672007626694
3,3,2,2,3,3,2,3,2,3.0,3,3,3,2,3,3,3,3.0,3,3,3,2,3,3,3,2,3,3,2,3,2,2,3,2,3,2,3,3,2,2,2,1,3,3,3,3,2,2,3,2,3,3,3,3.0,3,2,3,3,2,3,3,3,3,3.0,3,2,2,3,3.0,3,3,2,2,2,3,3,3,2,3,3,3,2,2,2,3,2,2,3,2,3.0,3,3,3,2,2,2,3,3,2,3,2,2,2,3,2,2,3,2,2,3,3,3,2,3,2,2.0,3,1,3,2,3,3,3,3,2,2,3,3,2,3,2,3,3,3,2,3,2,3,0,3.0,2,3,2,3,3,3,3,2,3,3,3,3,3,2,3,3,3,3,3,3,3,3,3,3,2,2,3,3.0,3,3,3,3,3,3,3,2,2,3,3,3,3,3,2,3,2,2,3,3,3,3,2,2,3.0,2,2,3,2,2,3,3,3,3.0,2,3,2,2,2,3,3,2,3.0,3.0,3,2,2,3,3,3,3,2,3,3,3,2,3,2,3,3,3,2,2,3,2,2,3,3,2,2,2,3,2,2,3,3,3,3,2,2,3,3,3,2,2,3.0,3,3,3.0,3,3,3,3,2,3,3,0,2,3.0,3,3.0,2,2,3,3,2,3,3,3,3,3,3,3,2.0,3,3,2,3,3.0,1,3,2,2.0,3,3,3.0,2,3.0,3,2,3,3,3,3,3,3,3,3,3,2,3,2,3,2,3.0,2,3,2,2,2,3,2,2,3,3,3,2,2,3,3,2,1,3,3,3,3,3,3,3,2,3,3,3,3,3,3,2,3,3,3,3,3,3.0,3.0,2,2,2,2,3,3,3.0,3,3,3.0,2,3,3,3,3,3,2,2,3,2,3,3.0,3.0,3,3,3,3,2,3,3,3,2,3,2,3,3,3,3,2,3,2,3,2,3,2,3,3,3,3,2,3,3,3,3,3,3,3,2,3,3,2,3,2,3,3,3,2,3.0,3,3,3,3,3,3,3,2,3.0,3.0,3,3.0,3,3,3,2,0,3,3,3,3,2,3.0,3,3,3,3,3,2,3,3,2,2,3.0,2,3,1,2,3,2,2,3,2,0,3,0,3.0,2,1,2,3,3,2,3,2,3,3,3,3,3,2,3,3,2,0,2,3,1,3,3,3,2,3,2,3,2,3,2,3,1,3,3,2,3,2,3.0,3,3,3,3,3,3,2,2,3,3,2,3,2,3,1,3.0,3,2,2,2,3,2,3.0,3,2,3,3,3.0,3,2,3,2,3,3,3,3,3,3.0,3,3,3,3,3,2,3,3.0,2.0,3,3.0,3,3.0,3,3,3,3,3,3,3,3,3.0,3,3,3,3.0,2,3,3.0,3,3,3,3.0,3,3,2,3.0,3.0,3,3.0,3,2,3,3.0,3,3,,104,5,1.0984130544496158,-0.379970672627022
2,2,2,3,3,2,0,2,2,3.0,3,3,2,3,3,3,2,3.0,2,2,2,0,3,2,3,2,3,2,3,2,2,2,3,2,2,2,3,3,2,2,3,2,3,2,2,3,2,3,2,3,2,3,3,1.0,3,2,2,3,2,2,3,3,2,3.0,2,3,2,3,3.0,3,3,3,2,3,2,2,3,2,2,3,3,1,2,2,3,2,3,3,2,3.0,3,3,2,2,3,2,3,3,2,2,2,2,2,2,3,3,3,2,2,2,3,2,1,3,3,3.0,2,3,3,2,2,2,3,3,2,2,3,3,3,2,2,3,2,2,2,3,2,3,2,3.0,2,2,3,3,3,3,2,2,2,3,2,1,1,2,2,2,2,2,2,0,3,3,3,3,3,2,3,2.0,2,2,2,2,2,2,3,2,2,3,3,3,3,3,2,3,2,2,3,3,3,3,3,3,3.0,2,2,3,2,3,3,3,2,3.0,2,2,3,1,3,3,2,3,3.0,3.0,3,3,2,2,3,3,3,2,3,2,3,3,3,2,2,2,3,2,3,3,3,2,2,3,3,3,3,2,3,2,0,3,3,3,2,2,3,3,3,3,2,3.0,3,3,3.0,3,2,3,2,2,2,3,2,3,3.0,2,3.0,2,2,3,3,3,2,2,2,2,3,3,3,2.0,2,3,2,3,3.0,2,1,3,1.0,2,0,3.0,3,3.0,2,2,3,3,3,3,2,3,3,2,2,3,3,2,2,2,3.0,3,2,3,3,3,3,2,2,3,3,3,3,3,2,2,2,3,3,3,2,3,3,3,2,2,3,2,3,3,2,3,3,3,3,3,3,3,3.0,3.0,3,2,1,2,2,2,3.0,3,3,3.0,2,2,3,2,3,2,2,2,3,2,3,3.0,3.0,2,3,3,2,3,3,2,3,2,3,3,2,2,2,2,3,0,2,2,2,2,2,2,2,3,3,2,2,3,3,2,3,2,3,2,2,3,3,2,3,3,3,3,3,3.0,3,3,2,2,3,3,2,2,2.0,3.0,2,2.0,3,3,3,3,3,2,3,2,2,3,3.0,3,3,3,3,3,2,3,2,3,3,3.0,3,3,2,3,2,3,2,3,2,2,2,3,3.0,3,2,2,3,2,2,2,2,2,3,3,2,3,2,3,2,3,3,2,2,3,3,2,2,1,3,3,3,3,3,2,3,2,3,3,2,3,3,3.0,3,3,3,3,2,3,2,2,2,3,2,2,3,3,3,3.0,2,2,2,2,3,3,3.0,3,2,2,2,1.0,3,2,3,3,3,3,2,3,3,3.0,3,2,3,3,2,3,3,1.0,2.0,2,3.0,3,3.0,3,3,3,3,3,3,3,3,3.0,3,3,2,3.0,3,3,3.0,3,3,3,3.0,3,3,3,3.0,3.0,3,3.0,3,3,3,3.0,2,3,3.0,105,5,1.0862360143550773,-0.3880693308033065
2,3,2,3,2,2,2,3,2,3.0,3,3,2,2,3,3,2,3.0,3,3,3,2,1,3,3,3,2,2,3,3,2,2,3,2,3,2,2,3,3,0,3,3,3,3,3,3,2,2,2,3,2,3,1,3.0,3,3,2,2,2,3,1,3,2,3.0,3,3,2,3,2.0,3,3,3,2,3,2,3,3,2,2,3,3,3,2,2,3,2,2,2,1,3.0,3,3,2,2,3,3,3,2,2,3,3,3,3,2,2,2,3,0,2,3,3,3,3,3,2,3.0,2,3,3,3,3,3,2,2,2,3,3,3,2,3,2,2,2,3,3,2,2,2,2,3.0,2,2,3,3,3,2,2,2,2,3,2,2,2,3,3,3,0,2,3,2,3,2,2,2,2,3,3,3.0,3,3,2,2,3,3,3,2,3,3,2,3,3,2,2,3,3,2,3,3,3,3,3,3,3.0,3,2,2,3,3,2,3,2,3.0,3,3,3,2,2,2,3,2,3.0,3.0,2,2,2,2,3,3,2,3,3,3,3,2,3,2,3,2,3,2,3,3,3,2,2,2,3,3,3,3,3,3,3,3,3,3,3,2,3,3,3,2,3,3.0,3,3,3.0,3,2,3,2,2,3,2,2,3,3.0,3,3.0,2,3,2,3,3,3,3,3,2,3,3,3,3.0,2,3,3,3,3.0,2,2,2,3.0,3,3,3.0,3,1.0,2,3,0,3,2,3,3,3,3,2,2,3,3,2,3,3,3.0,2,1,3,3,3,3,3,2,3,2,2,3,3,3,3,3,3,3,3,3,2,2,3,2,3,3,3,3,3,3,2,2,3,3,3,3,2,3.0,3.0,3,3,2,3,2,3,3.0,2,3,3.0,2,3,3,2,3,2,3,3,3,3,2,3.0,3.0,2,2,3,2,3,3,3,2,2,2,2,2,2,2,2,2,3,2,2,2,3,3,3,3,2,2,3,3,2,3,3,2,3,3,3,3,2,2,3,2,2,3,2,3,3.0,3,3,3,2,3,3,3,2,3.0,3.0,3,3.0,3,3,3,2,2,3,2,3,3,3,3.0,3,2,3,2,1,3,3,3,3,2,3.0,2,3,1,2,2,3,1,3,3,3,3,3,,3,3,3,3,3,2,3,2,3,3,2,3,3,3,3,3,3,3,3,3,2,2,3,3,3,2,2,3,3,3,2,3,2,3,3,2,3,3,2.0,2,3,2,3,3,3,2,3,2,3,3,2,2,3,0,1.0,2,2,2,2,3,2,3.0,3,3,3,3,2.0,3,3,2,3,3,2,3,3,2,3.0,2,3,3,3,3,3,3,1.0,3.0,3,3.0,3,3.0,3,2,2,3,3,3,3,3,3.0,2,3,3,3.0,3,3,2.0,2,2,3,3.0,2,0,3,3.0,2.0,3,3.0,3,3,3,3.0,2,3,3.0,106,5,1.0937913542126159,-0.35286441398015556
3,3,2,2,3,2,2,3,3,3.0,3,3,2,3,3,2,3,3.0,3,2,2,3,3,3,3,3,2,2,2,3,2,2,3,3,2,2,3,3,3,2,3,0,2,3,2,3,2,3,2,3,3,3,3,2.0,2,3,3,3,2,3,2,3,3,3.0,2,3,2,3,3.0,2,3,3,3,2,2,3,2,3,3,3,3,3,2,2,3,2,2,2,3,3.0,3,3,3,2,3,3,3,3,2,2,2,3,2,3,2,3,3,3,2,2,3,3,3,0,3,3.0,3,2,3,3,3,2,3,3,2,3,3,3,2,1,2,3,3,3,3,3,2,3,3,3.0,2,2,2,3,3,3,3,2,3,3,2,3,2,2,0,3,3,2,3,3,2,2,2,3,3,3,3,3.0,3,3,2,2,2,3,3,2,2,3,1,2,3,2,3,1,2,2,3,2,3,3,3,3,3.0,3,3,2,2,3,3,1,2,3.0,3,2,2,2,2,2,3,3,3.0,3.0,3,2,2,2,2,3,2,3,2,2,2,2,2,2,2,2,2,2,3,2,3,2,2,3,3,3,2,2,3,2,2,3,3,3,2,3,3,3,3,2,2,3.0,3,3,2.0,3,3,3,3,2,3,2,2,3,3.0,3,3.0,3,2,3,2,3,2,2,2,2,3,3,2,3.0,3,2,2,3,3.0,3,3,3,3.0,3,3,3.0,2,2.0,2,2,3,3,2,1,3,3,3,3,2,3,3,1,2,2,3.0,2,2,3,3,3,3,2,2,3,2,3,3,3,3,3,2,3,3,2,3,2,2,3,3,2,3,3,2,3,2,3,3,2,3,2,3,2,3.0,3.0,3,3,3,2,2,2,3.0,3,2,3.0,2,2,3,3,3,2,2,3,3,3,2,3.0,3.0,2,3,3,3,2,3,2,2,3,2,3,2,2,2,3,3,0,3,3,2,3,2,3,2,3,3,3,3,1,3,3,2,3,2,2,2,3,2,2,3,3,3,1,3,3.0,3,3,3,3,3,3,2,3,3.0,3.0,3,3.0,2,3,3,2,2,3,2,3,3,3,3.0,3,3,3,3,3,2,3,2,2,3,3.0,3,1,2,2,1,3,2,2,3,3,3,3,3.0,3,3,3,3,3,2,2,3,2,3,3,3,3,2,2,3,3,3,3,2,3,3,3,2,2,2,2,3,2,3,0,2,2,3,3,2,3,3,3.0,2,3,3,2,3,3,2,2,1,3,3,1,2,3,3,3.0,2,2,3,2,3,3,3.0,3,3,3,2,2.0,3,2,2,3,3,2,2,2,3,3.0,2,2,0,3,3,3,3,3.0,3.0,2,3.0,3,3.0,3,2,2,3,3,3,3,3,3.0,2,3,2,3.0,2,3,3.0,3,3,3,3.0,3,3,3,3.0,3.0,3,3.0,3,2,3,3.0,3,3,3.0,107,5,1.0865525161829195,-0.37337098482859726
2,2,2,2,3,2,2,3,2,3.0,2,3,2,2,3,3,2,3.0,3,3,3,3,3,3,3,3,3,3,3,3,2,2,2,2,3,2,1,2,2,1,3,3,2,3,2,3,2,3,3,3,2,3,2,3.0,2,3,3,3,3,3,2,2,2,2.0,2,3,2,2,3.0,3,2,2,2,3,2,3,2,3,2,1,3,2,3,2,2,2,2,2,2,3.0,3,3,2,2,3,2,3,3,2,2,2,3,3,2,2,2,3,3,2,3,2,3,3,2,3,2.0,3,2,3,3,2,2,2,3,2,3,3,3,2,3,2,2,2,3,3,2,2,3,3,3.0,2,2,3,2,2,3,3,1,0,2,3,2,3,3,3,3,2,1,3,3,3,2,2,3,3,3,2,2.0,2,2,2,2,2,3,3,2,2,3,3,3,3,2,3,3,2,3,2,3,3,3,2,3,3.0,2,2,3,2,3,3,3,2,3.0,3,3,3,2,3,2,3,3,3.0,3.0,3,3,2,3,2,3,3,2,3,3,2,2,3,2,3,3,3,2,3,3,2,2,2,3,3,3,2,2,0,2,3,2,3,2,2,3,3,3,3,2,2,3.0,3,3,3.0,3,3,2,2,2,2,3,0,2,3.0,3,3.0,1,3,3,3,3,3,2,2,2,3,3,3,3.0,3,2,3,3,3.0,3,3,3,3.0,3,3,3.0,2,3.0,2,3,2,3,3,3,3,2,3,3,3,3,3,2,3,2,3.0,2,3,2,2,2,3,2,2,3,2,2,2,2,2,3,3,0,3,2,3,3,3,3,3,3,3,2,2,2,2,2,2,3,2,3,3,3,3.0,3.0,3,3,2,1,2,2,3.0,3,3,3.0,2,2,3,3,2,2,3,3,3,2,3,3.0,3.0,2,3,3,2,2,3,2,2,3,2,2,2,3,2,3,3,3,1,3,2,3,2,2,3,2,2,2,3,2,3,3,2,2,3,2,2,3,2,3,3,2,2,3,3,3.0,3,3,3,2,3,3,2,2,3.0,3.0,2,3.0,2,3,3,2,2,3,3,3,3,2,3.0,3,3,2,2,1,2,2,3,3,2,3.0,2,3,2,3,2,3,2,2,3,3,3,2,3.0,2,2,2,3,3,3,3,2,2,3,2,3,3,2,3,3,3,2,3,3,2,3,3,3,3,3,2,3,1,3,3,2,2,2,3,2,3,3,3.0,3,3,3,2,3,3,3,2,2,3,2,2,3,2,2,3.0,2,2,2,3,3,3,3.0,3,3,1,2,3.0,3,3,3,3,2,0,2,2,3,3.0,3,3,3,3,3,2,2,3.0,3.0,3,3.0,2,3.0,3,3,2,3,3,3,3,1,3.0,2,3,3,3.0,2,3,3.0,3,3,3,3.0,2,2,3,3.0,3.0,3,3.0,3,2,3,0.0,2,3,3.0,108,5,1.0861406170966112,-0.47837548120768253
2,2,2,3,2,3,2,2,3,3.0,1,3,2,3,3,3,3,3.0,3,3,3,3,3,2,2,3,3,2,3,2,2,2,3,2,3,3,3,3,3,2,1,3,3,2,3,3,2,2,3,2,2,3,3,3.0,3,2,2,3,3,2,3,3,3,2.0,3,3,2,2,3.0,3,2,2,2,3,2,3,3,3,3,3,3,2,2,2,2,0,2,2,2,3.0,3,2,2,2,3,2,2,2,1,3,3,2,3,3,2,2,3,3,2,3,3,2,2,3,2,3.0,3,2,3,2,0,3,2,2,2,2,3,2,2,2,2,3,2,3,2,3,2,2,3,2.0,2,2,3,3,3,2,1,2,2,3,2,2,2,2,3,2,3,3,3,3,3,2,2,2,2,3,3,2.0,3,2,2,2,2,2,3,2,2,3,2,3,3,3,3,3,3,2,3,2,3,2,3,3,3.0,2,2,2,3,3,3,3,3,3.0,3,2,3,3,2,3,3,2,3.0,3.0,3,3,2,2,2,3,2,1,3,3,3,2,3,2,3,2,2,2,3,3,2,2,2,3,3,3,2,2,3,3,3,3,3,3,2,3,3,3,2,3,3,2.0,3,3,3.0,2,2,2,3,2,3,2,2,2,3.0,3,2.0,2,2,3,3,3,2,2,3,2,3,2,3,3.0,2,3,2,2,3.0,2,3,2,3.0,3,3,3.0,3,3.0,2,3,3,3,3,3,3,0,3,3,2,3,3,2,1,3,3.0,2,2,3,2,3,3,2,3,3,3,2,3,2,3,3,3,3,2,2,3,2,3,3,3,2,2,0,2,3,2,0,3,3,3,3,3,2,3.0,3.0,3,3,2,2,2,2,3.0,2,2,3.0,2,3,3,3,2,3,2,3,2,3,2,2.0,3.0,2,1,3,2,2,2,3,3,3,2,2,3,2,2,3,3,3,2,3,1,3,2,2,3,2,3,3,3,3,3,3,3,3,3,2,2,2,2,1,3,2,2,3,3,3.0,2,3,3,2,3,3,3,3,3.0,0.0,3,2.0,3,3,3,2,3,3,3,2,3,3,3.0,2,2,2,3,2,2,3,3,3,2,3.0,2,3,2,2,2,3,2,2,3,2,2,3,,3,2,2,2,3,3,3,2,2,3,2,3,3,2,3,3,3,3,2,3,2,2,2,2,2,2,2,3,3,3,3,3,2,3,3,3,3,3,3.0,3,2,2,2,3,3,3,2,3,3,3,2,2,2,2,3.0,3,2,1,3,3,2,3.0,3,3,2,2,3.0,3,2,3,3,1,2,2,2,1,3.0,3,3,2,3,3,3,3,3.0,3.0,3,3.0,2,3.0,3,3,2,2,3,3,3,2,3.0,1,2,3,3.0,3,2,3.0,3,3,3,3.0,3,3,2,3.0,3.0,3,3.0,3,3,3,3.0,2,2,3.0,109,5,1.0781152809454697,-0.3641114972322369
3,2,2,2,3,2,2,3,2,3.0,3,2,2,2,3,2,3,3.0,2,2,3,2,2,3,2,2,2,3,2,3,2,3,2,2,3,2,3,2,3,2,3,3,2,3,2,2,3,3,3,2,2,3,2,3.0,3,3,3,3,3,2,3,3,2,3.0,2,2,2,2,3.0,2,3,2,2,2,2,2,2,3,2,2,3,2,3,1,3,3,2,2,3,3.0,0,2,2,2,2,2,3,3,2,2,2,2,2,3,2,3,3,2,2,2,3,2,3,3,2,2.0,3,2,3,2,3,3,3,3,2,3,3,2,3,3,2,2,3,2,2,2,3,3,2,3.0,1,3,2,3,3,3,2,2,3,3,2,2,2,2,3,3,3,2,2,3,2,3,2,2,3,2,3,3.0,2,3,2,3,2,3,3,2,2,3,3,2,3,2,2,3,3,2,2,3,3,3,3,3,3.0,1,2,3,2,3,3,3,2,3.0,2,1,2,3,2,2,3,3,3.0,3.0,3,2,2,2,3,0,3,2,3,3,3,2,3,2,3,2,3,3,3,2,3,1,2,3,3,2,2,2,3,2,2,3,3,3,2,2,2,2,3,2,3,3.0,3,3,3.0,3,2,3,2,2,3,3,2,3,3.0,2,3.0,2,1,3,3,3,2,3,2,2,3,3,3,2.0,2,3,3,2,3.0,2,3,2,2.0,3,3,3.0,3,3.0,2,2,3,3,3,3,3,3,3,2,2,3,3,3,2,2,3.0,2,2,2,2,2,3,2,2,3,3,2,3,2,3,3,3,3,3,2,2,3,2,3,2,2,3,3,3,2,2,3,2,2,3,3,1,2,3.0,3.0,3,3,2,2,3,2,3.0,3,3,3.0,2,2,2,3,0,2,2,2,3,1,3,3.0,3.0,3,3,2,3,2,3,3,3,2,3,3,3,3,2,3,2,3,2,2,2,3,2,3,2,2,3,2,2,2,3,2,2,3,3,2,2,2,2,2,3,3,2,0,2,2.0,2,2,3,3,2,3,3,3,3.0,3.0,2,3.0,3,3,3,3,3,3,3,3,3,2,3.0,3,3,2,3,3,2,3,2,3,3,3.0,3,2,2,2,2,3,2,1,2,3,3,2,3.0,2,3,3,3,3,2,3,3,3,2,2,0,2,2,3,3,3,1,2,3,2,3,3,3,2,2,2,2,3,2,2,2,2,3,3,2,3,3,3.0,2,3,3,2,3,3,2,3,2,3,2,2,2,2,3,3.0,2,2,2,2,3,3,3.0,3,2,2,2,3.0,2,2,2,2,3,1,3,2,3,3.0,3,3,2,3,1,2,3,3.0,3.0,3,3.0,2,3.0,3,3,2,2,3,2,3,2,3.0,3,3,3,3.0,2,3,3.0,3,3,0,3.0,2,3,3,3.0,3.0,3,3.0,3,3,3,3.0,3,3,3.0,110,5,1.0809601516028848,-0.4352436126934847
2,2,2,3,3,2,1,3,2,3.0,3,3,2,3,3,3,3,3.0,2,2,2,2,2,0,3,3,3,2,3,3,2,3,3,2,3,2,3,2,3,0,3,3,2,3,2,2,3,2,3,3,2,3,3,3.0,3,3,2,3,2,3,2,2,3,3.0,2,2,2,3,3.0,2,3,2,2,2,2,3,3,2,1,3,3,2,3,2,3,2,2,2,2,3.0,3,3,2,2,2,2,3,2,2,2,2,3,2,3,3,2,3,2,2,2,2,2,2,2,3,3.0,3,3,3,3,2,0,3,2,2,2,3,3,3,3,2,3,3,2,2,3,3,2,2,3.0,2,3,3,3,3,3,2,2,2,3,2,2,0,2,2,3,2,3,2,2,2,3,2,3,3,2,3,3.0,2,3,3,2,3,2,3,3,2,3,3,2,3,3,3,3,3,2,3,3,3,3,3,3,3.0,3,2,2,2,3,3,3,2,3.0,2,3,3,2,2,3,3,1,3.0,3.0,3,2,2,1,3,3,3,3,3,2,3,2,3,2,2,2,3,2,3,3,2,2,3,3,3,3,3,3,3,2,2,3,3,3,2,2,3,3,3,2,2,3.0,3,3,3.0,3,2,3,3,2,3,3,2,3,3.0,3,3.0,3,3,3,3,3,3,3,2,2,3,3,3,3.0,3,3,3,3,3.0,2,2,3,3.0,3,2,3.0,3,3.0,3,3,3,3,3,3,3,2,3,2,3,3,3,2,3,2,3.0,3,2,2,3,3,3,2,1,2,2,3,3,3,2,3,3,3,3,3,2,3,2,3,3,2,3,3,2,2,2,3,1,3,3,3,3,3,2.0,3.0,3,3,2,3,2,2,3.0,3,3,3.0,2,2,3,2,3,2,2,2,3,2,2,3.0,3.0,3,1,3,3,3,3,2,3,3,3,2,2,2,2,2,2,2,2,2,2,2,2,2,2,2,3,3,3,2,3,3,2,0,2,1,3,3,3,2,3,3,2,3,2,3.0,2,3,3,3,3,3,2,3,3.0,3.0,2,3.0,2,3,3,2,3,3,3,3,3,3,3.0,3,2,3,2,3,3,3,2,3,2,3.0,2,2,2,3,2,3,3,3,2,3,3,2,3.0,2,2,2,3,2,3,3,2,2,2,2,2,2,2,2,3,3,3,3,2,3,3,2,2,2,2,3,2,2,3,2,2,2,3,3,2,3,3,3.0,2,3,3,3,3,3,2,1,0,3,2,2,2,3,1,3.0,2,2,2,2,3,3,3.0,3,3,3,2,2.0,3,3,3,3,3,3,3,3,2,3.0,3,2,3,3,3,3,3,3.0,2.0,3,3.0,3,3.0,3,3,3,3,3,2,3,3,3.0,3,3,3,3.0,3,3,3.0,3,3,3,3.0,2,3,3,3.0,3.0,3,3.0,3,2,3,3.0,1,3,3.0,111,5,1.0920787221283323,-0.4127788772021204
2,2,2,2,2,2,2,2,2,3.0,2,2,1,2,3,3,2,3.0,2,2,3,2,2,3,0,2,2,2,2,2,2,2,2,2,3,2,3,2,3,2,2,3,2,2,2,2,3,2,2,2,2,3,2,2.0,2,2,2,2,2,2,3,3,2,2.0,3,2,2,2,3.0,2,3,3,2,2,2,2,2,2,2,3,3,2,2,2,2,2,3,2,2,3.0,2,2,2,2,2,2,3,2,2,2,2,2,2,3,3,3,2,3,2,1,2,2,0,3,2,2.0,3,2,3,2,2,2,2,3,2,2,2,2,2,2,2,3,3,2,2,2,2,3,2,3.0,2,2,3,3,2,2,2,2,2,3,2,3,1,2,2,3,2,2,2,3,2,2,2,2,2,2,2,1.0,2,3,3,2,1,2,2,3,2,2,2,2,3,2,2,3,3,3,2,3,3,0,3,2,3.0,2,3,2,2,2,3,2,0,2.0,2,2,2,2,2,2,2,2,1.0,3.0,2,2,1,1,3,1,0,2,2,2,2,2,2,2,2,2,2,2,2,2,2,2,2,2,2,3,2,2,2,2,2,2,2,2,2,2,2,3,3,2,2,2.0,2,2,2.0,3,2,3,2,2,2,2,2,2,3.0,2,2.0,2,2,3,2,2,3,2,2,2,2,2,2,2.0,2,2,2,3,3.0,2,2,2,2.0,2,2,2.0,2,2.0,2,2,1,2,2,2,2,3,2,2,2,2,2,2,2,2,3.0,2,2,2,2,2,3,2,3,3,2,2,3,2,3,2,2,2,3,3,3,3,3,3,3,2,3,3,2,2,2,3,0,3,2,2,3,3,3.0,3.0,3,3,2,2,3,3,3.0,2,3,3.0,2,2,3,3,2,3,2,2,3,2,2,3.0,3.0,2,3,3,3,3,3,1,2,2,2,2,2,2,3,2,2,2,2,2,2,2,2,3,2,2,2,2,2,2,2,2,2,2,2,2,3,2,3,2,3,3,2,3,3,3.0,2,2,3,3,3,3,2,3,3.0,3.0,2,3.0,2,3,3,2,3,3,2,3,3,2,3.0,3,2,2,2,3,2,2,2,3,2,3.0,2,2,2,3,2,2,3,2,2,3,3,2,3.0,3,2,2,2,3,3,3,2,2,3,3,3,2,3,2,3,2,2,2,3,3,2,2,3,3,3,3,3,2,3,2,3,2,2,3,2,2,2,3.0,3,3,3,3,3,3,2,3,2,2,2,2,2,2,2,3.0,2,2,2,2,3,3,3.0,3,2,3,2,3.0,2,2,3,3,3,3,2,2,3,2.0,1,2,1,2,2,3,2,3.0,3.0,2,2.0,2,3.0,1,3,2,3,1,3,3,3,3.0,3,3,3,3.0,3,2,3.0,2,3,3,3.0,2,2,2,3.0,3.0,1,2.0,3,2,3,3.0,2,3,3.0,112,5,1.0834428008452797,-0.45473800168687145
3,3,2,3,3,3,2,2,3,3.0,3,3,2,3,3,3,3,3.0,3,2,3,3,3,3,3,1,3,2,3,3,3,2,3,3,3,2,3,3,3,3,3,2,3,2,3,3,2,3,3,2,2,3,3,3.0,3,3,2,3,2,2,3,3,3,3.0,2,3,2,3,3.0,3,3,3,2,3,3,3,3,3,3,3,3,2,2,2,3,2,3,3,2,3.0,3,3,2,2,3,2,3,2,3,2,2,2,2,2,3,3,3,3,3,2,3,3,1,3,1,3.0,3,3,3,3,2,3,3,3,3,2,2,3,3,3,2,3,3,3,2,3,2,3,3,3.0,3,3,1,3,2,3,2,3,3,3,3,2,3,3,3,3,3,3,3,3,3,2,3,3,3,3,3,3.0,2,3,3,3,3,2,2,1,2,3,2,3,3,3,2,3,3,3,3,3,3,3,3,3,3.0,3,2,2,2,3,3,3,3,3.0,2,3,2,2,3,2,2,2,3.0,3.0,3,2,2,2,3,3,3,2,3,3,3,2,2,2,3,2,3,2,3,2,3,2,2,3,3,3,2,3,3,2,3,3,3,3,2,3,3,3,3,2,3,3.0,3,3,3.0,3,3,3,2,2,3,3,2,3,0.0,3,3.0,2,3,3,3,3,2,2,3,2,3,3,3,3.0,2,3,3,3,3.0,2,2,3,3.0,3,3,3.0,1,3.0,3,3,0,3,3,3,3,3,3,3,3,3,2,3,3,3,3.0,3,3,3,3,3,3,2,3,3,3,2,3,2,3,3,3,2,3,3,3,3,3,3,2,3,3,3,3,3,3,3,2,3,1,3,3,3,3.0,3.0,3,3,2,2,3,3,3.0,3,3,3.0,3,2,3,3,3,3,3,3,3,2,3,3.0,3.0,3,3,3,2,2,3,3,3,3,3,2,2,3,3,3,2,3,3,2,0,3,2,3,3,2,3,3,3,3,3,3,3,3,3,2,3,3,3,3,3,3,3,3,3,3.0,2,3,3,2,3,0,3,2,3.0,3.0,2,3.0,2,3,3,3,3,3,3,3,3,3,,3,3,3,3,2,3,3,3,1,3,3.0,2,2,1,3,3,3,3,0,2,3,3,3,3.0,3,2,2,3,3,2,2,3,3,3,2,3,3,3,3,3,3,3,2,3,3,2,3,2,3,3,2,3,2,3,3,3,2,3,3,2,3,2,3.0,2,3,2,3,3,3,3,3,2,3,3,2,2,3,2,0.0,2,3,3,3,3,2,3.0,3,3,3,3,3.0,3,2,3,3,3,3,3,3,3,3.0,3,3,3,3,3,3,3,3.0,3.0,3,3.0,3,2.0,3,2,2,3,3,3,3,3,3.0,3,3,3,3.0,3,3,2.0,3,3,3,3.0,3,3,3,3.0,3.0,3,3.0,3,3,3,3.0,3,3,3.0,113,5,1.1116835326586936,-0.37643584049751044
2,2,2,2,2,2,2,3,2,0.0,2,2,2,2,3,2,3,3.0,3,2,2,2,3,2,3,2,3,2,2,3,2,3,2,2,2,3,3,3,2,2,3,2,2,2,2,3,1,3,3,3,2,3,2,3.0,2,3,3,3,2,3,2,3,3,2.0,2,2,2,2,2.0,3,2,1,2,2,3,3,3,2,2,3,2,2,2,2,3,3,2,3,2,3.0,2,2,2,3,2,2,3,3,2,2,2,3,2,3,2,3,2,3,1,2,3,3,3,3,3,3.0,3,2,2,3,3,3,3,2,2,3,3,3,3,3,2,2,3,2,3,2,2,3,2,3.0,1,2,2,3,2,2,3,2,3,1,2,3,3,2,3,3,3,2,3,3,2,2,2,3,3,2,3,3.0,2,2,2,2,2,3,2,2,2,0,3,3,3,2,2,3,2,3,2,2,2,3,1,1,3.0,2,2,3,2,3,3,3,2,2.0,2,1,3,2,3,2,2,3,3.0,3.0,3,2,2,3,3,3,3,2,3,3,2,2,2,2,2,2,3,3,3,3,2,2,3,3,2,3,2,3,1,2,3,3,2,2,2,2,2,3,2,2,3,3.0,3,2,3.0,3,2,2,2,2,3,2,0,2,3.0,2,3.0,0,2,3,3,3,3,3,3,2,3,3,2,3.0,3,2,2,2,3.0,2,2,3,2.0,3,3,3.0,2,3.0,2,2,2,3,3,3,2,2,3,3,3,2,3,2,3,2,3.0,2,3,2,2,2,3,2,2,3,3,2,2,0,2,3,2,2,3,2,2,3,3,2,2,2,3,3,3,2,2,2,3,3,2,3,3,3,3.0,3.0,2,2,2,2,3,3,3.0,3,3,3.0,2,2,2,3,3,3,2,2,3,2,3,3.0,2.0,3,3,2,2,3,3,1,2,2,3,3,3,3,2,2,2,2,2,2,2,2,2,3,3,3,3,2,2,2,2,3,2,3,3,3,3,3,2,2,2,3,2,2,2,3.0,3,3,3,3,2,2,2,2,3.0,3.0,2,3.0,3,3,2,2,2,3,3,3,3,1,3.0,3,3,3,2,3,3,3,2,3,3,3.0,2,2,2,2,2,3,2,3,2,2,3,3,3.0,2,2,3,3,2,2,2,2,2,2,3,3,3,2,3,2,2,3,2,3,2,3,3,3,2,3,2,3,2,3,3,3,2,2,3,2,2,3,3.0,3,3,3,2,3,2,2,2,0,3,2,3,2,3,2,3.0,2,2,2,3,3,3,3.0,3,3,3,2,2.0,3,2,2,3,3,3,3,3,3,2.0,3,2,3,3,3,2,3,3.0,3.0,3,3.0,2,3.0,2,3,2,3,3,3,3,2,3.0,1,3,3,3.0,3,3,3.0,3,3,3,3.0,3,3,2,3.0,3.0,3,3.0,3,2,3,3.0,2,3,3.0,114,5,1.0848525194592382,-0.38863756561134716
3,2,2,3,3,3,3,3,2,3.0,2,0,2,3,2,3,3,3.0,3,3,2,3,3,2,3,2,2,3,3,3,1,3,3,3,3,2,3,3,3,3,3,3,2,3,2,3,3,3,3,2,3,3,3,3.0,3,3,3,3,3,3,3,3,2,3.0,2,3,3,3,3.0,3,3,3,3,3,2,3,3,3,3,3,3,3,3,0,3,3,3,3,3,3.0,3,3,2,3,3,3,2,3,3,3,3,3,3,3,2,3,3,3,2,3,3,3,3,3,3,3.0,3,2,3,2,3,3,3,3,2,3,3,3,2,2,3,3,3,3,3,3,2,3,3,3.0,2,3,3,2,3,3,3,2,3,3,2,3,3,3,3,3,3,3,3,3,3,3,2,3,2,2,3,3.0,3,3,3,3,1,3,2,3,3,2,3,3,3,2,3,3,3,3,2,3,3,3,2,2,3.0,3,3,2,3,3,3,3,3,3.0,3,3,2,3,3,2,3,3,3.0,3.0,3,2,2,2,3,3,3,3,3,2,2,2,3,2,2,3,3,2,3,3,3,2,3,2,3,3,3,2,3,3,2,3,3,3,2,3,3,3,3,3,3,3.0,3,3,3.0,3,2,3,1,2,2,3,0,2,3.0,3,3.0,3,2,3,3,3,3,3,2,3,2,3,3,3.0,3,3,3,3,3.0,2,3,3,3.0,3,3,2.0,3,2.0,3,3,3,3,3,3,3,3,3,3,3,3,3,3,3,3,3.0,3,3,3,3,1,3,3,3,3,3,3,3,3,3,3,3,3,3,2,3,2,3,3,3,3,3,3,3,2,3,3,3,3,3,3,3,3,3.0,3.0,3,3,2,3,3,3,3.0,3,3,3.0,3,0,3,3,2,3,2,3,3,3,3,3.0,3.0,3,3,3,3,3,3,3,3,3,3,3,3,3,3,2,3,3,2,3,2,3,2,3,3,3,3,3,3,2,3,3,3,3,3,3,3,3,3,3,3,3,3,3,3,3.0,3,3,3,3,3,3,2,3,3.0,1.0,3,0.0,3,3,3,3,3,3,3,3,3,3,3.0,3,3,3,3,3,3,3,3,3,3,3.0,3,3,3,3,3,3,3,3,3,3,2,3,3.0,3,3,3,3,3,3,3,3,3,3,3,3,3,2,3,3,3,3,3,3,3,3,3,3,3,3,3,3,3,3,2,2,3,3,3,3,3,3,3.0,3,3,3,3,3,3,3,3,3,3,3,3,3,3,3,3.0,3,3,3,3,3,3,3.0,3,3,3,3,3.0,3,3,3,3,3,3,3,3,3,3.0,2,2,3,0,3,3,3,3.0,3.0,3,3.0,3,3.0,3,3,2,3,3,3,3,3,3.0,3,3,3,,3,3,3.0,3,3,3,3.0,3,3,3,3.0,,3,3.0,1,3,3,3.0,3,3,3.0,115,5,1.1615225486139844,-0.3005512245895677
3,3,3,3,3,3,3,3,3,3.0,3,3,2,3,3,3,3,3.0,3,3,2,3,3,3,3,3,3,3,3,3,3,3,3,1,3,3,3,3,3,3,3,3,2,3,3,3,3,3,3,3,3,3,3,3.0,3,3,3,3,3,3,3,3,3,3.0,3,3,3,3,,3,3,3,3,3,3,3,3,3,3,3,3,3,3,3,3,3,3,3,3,3.0,3,3,0,3,3,3,1,3,3,3,3,3,3,2,3,3,3,3,2,3,3,3,3,3,3,3.0,3,3,1,3,3,3,3,3,3,3,3,3,3,3,3,3,3,3,3,3,3,3,3,3.0,2,3,3,3,3,3,3,3,3,3,3,2,3,3,3,3,3,3,3,3,3,3,2,3,3,3,3,3.0,3,2,3,3,3,3,3,3,3,3,2,3,3,3,3,3,3,3,3,3,2,3,3,3,3.0,3,3,3,3,3,3,3,3,3.0,2,3,3,3,3,3,3,3,3.0,,3,3,2,3,3,3,3,3,2,3,3,3,3,2,3,3,3,2,3,3,3,2,3,3,3,3,3,3,3,3,3,3,3,3,3,3,3,3,3,3,3,,3,3,3.0,3,3,3,3,3,3,3,3,3,,2,3.0,3,3,3,3,3,2,3,3,3,3,3,3,3.0,3,2,3,3,2.0,3,3,3,,3,3,3.0,3,,3,3,3,3,3,3,3,3,3,3,3,3,3,3,3,3,3.0,3,3,3,3,3,3,3,2,3,3,3,3,3,3,3,3,3,3,3,3,3,3,3,3,3,3,3,3,3,3,3,3,3,3,3,2,3,3.0,3.0,3,3,3,3,2,0,3.0,3,2,,2,3,3,3,3,3,3,3,3,0,2,3.0,3.0,3,3,3,3,3,3,3,2,3,3,3,3,3,3,2,3,3,3,3,3,3,3,3,3,3,3,3,3,3,3,3,3,3,3,3,3,3,3,3,3,3,3,3,3,3.0,3,3,3,3,3,3,3,3,3.0,,3,3.0,3,3,3,3,3,3,3,3,2,3,,3,3,0,3,3,3,3,3,1,3,0.0,3,3,3,3,3,3,3,3,2,3,3,3,,2,3,2,3,3,3,3,3,3,3,3,3,3,2,3,3,3,3,3,3,3,3,3,3,3,3,2,3,3,3,3,3,2,3,3,3,3,3,0.0,3,3,3,2,3,2,3,3,3,3,3,3,3,3,3,,3,3,3,3,3,3,,3,3,3,3,3.0,3,3,3,2,3,2,3,3,3,,3,2,3,3,3,3,3,3.0,3.0,3,3.0,2,,3,3,3,3,3,3,3,3,3.0,3,3,3,,3,3,,3,3,3,3.0,3,3,3,,,3,3.0,3,3,3,,3,3,,116,5,1.2683365831708415,-0.10758448809746912
3,2,3,2,2,3,2,3,2,3.0,3,1,2,3,3,2,3,3.0,3,2,3,3,2,3,2,2,2,2,2,3,2,2,2,3,2,2,3,3,2,3,3,2,2,3,3,2,3,3,2,2,3,3,3,3.0,2,3,2,3,3,2,2,3,3,3.0,1,2,2,2,3.0,3,3,3,2,2,3,2,3,3,3,2,3,2,3,2,2,3,3,3,2,3.0,3,2,2,2,3,2,3,3,2,2,3,3,3,2,2,3,3,3,2,3,2,3,3,3,3,3.0,3,3,3,3,3,3,3,1,3,3,3,2,3,3,3,3,3,3,2,2,3,3,3,3.0,2,3,2,3,3,3,3,3,3,3,3,3,2,3,2,3,2,2,2,3,2,3,2,2,3,3,3,3.0,3,2,2,3,2,3,3,3,2,3,3,2,3,2,2,3,3,2,3,3,3,3,3,3,3.0,2,3,3,2,2,3,3,2,3.0,2,2,3,2,2,2,3,2,3.0,3.0,3,2,3,2,3,2,3,3,2,3,3,2,3,2,2,3,3,2,3,2,2,0,2,2,2,2,3,2,3,2,3,2,3,3,3,3,2,2,3,3,3,3.0,2,3,3.0,3,3,3,3,2,3,3,2,2,3.0,2,3.0,3,3,3,2,3,2,3,2,2,3,3,2,3.0,2,3,3,3,3.0,3,3,2,3.0,3,3,3.0,3,2.0,3,2,2,3,3,3,3,1,3,3,3,3,3,2,3,3,3.0,3,3,0,2,2,2,2,3,3,3,2,3,2,3,3,1,3,3,3,3,3,3,3,3,3,3,2,3,2,2,3,2,3,3,3,2,3,3.0,3.0,3,3,2,2,2,3,3.0,3,3,3.0,2,2,3,3,1,3,2,2,3,2,3,2.0,3.0,3,3,2,2,2,2,3,3,2,3,3,1,3,2,3,2,3,3,3,2,3,2,2,3,2,3,2,2,3,3,3,2,1,3,2,3,3,3,3,2,3,3,2,2,3.0,3,2,3,3,3,3,3,3,3.0,3.0,2,3.0,2,3,3,3,3,3,3,3,3,3,3.0,3,3,3,3,3,3,3,2,3,2,3.0,3,3,2,2,3,3,2,0,3,3,3,2,3.0,3,2,3,3,3,2,3,3,3,3,2,1,3,3,3,3,3,3,3,3,3,3,3,3,3,3,3,2,2,3,3,3,2,3,3,2,2,2,3.0,3,3,3,2,3,3,3,3,2,3,3,2,0,3,2,3.0,3,3,2,2,0,3,3.0,3,3,3,2,3.0,3,2,3,2,3,3,3,3,3,0.0,2,3,3,3,3,3,3,3.0,3.0,2,3.0,2,3.0,3,1,3,2,3,2,3,3,3.0,3,3,3,3.0,2,3,3.0,3,3,3,3.0,1,3,3,3.0,,3,3.0,2,3,2,3.0,2,3,,117,5,1.0975489659700186,-0.34524656651292
2,1,2,2,2,2,2,2,2,3.0,2,2,2,2,2,2,2,3.0,2,1,2,2,2,2,2,2,2,2,3,2,1,2,2,2,2,2,2,3,2,2,2,2,1,2,1,2,2,2,3,2,2,3,2,3.0,3,2,1,2,2,2,2,2,2,2.0,2,2,2,2,2.0,2,3,2,2,2,1,2,2,2,2,3,2,2,2,2,2,0,2,2,2,3.0,2,2,2,2,3,2,2,2,2,2,2,0,2,2,2,2,3,3,2,2,2,3,2,2,3,2.0,2,2,3,2,1,1,2,2,2,1,2,2,2,2,2,2,1,2,2,2,1,2,3,3.0,2,2,2,3,3,2,2,0,2,2,2,1,2,1,2,2,2,2,2,3,2,2,2,2,2,2,2,2.0,2,2,2,2,2,2,2,1,0,2,2,2,2,2,2,3,2,2,2,2,2,2,3,2,3.0,2,2,2,1,2,2,2,2,2.0,2,2,3,2,2,2,2,2,3.0,1.0,2,2,2,2,2,2,2,2,2,2,2,2,2,2,2,2,2,2,2,2,2,2,2,2,1,3,2,2,3,2,2,2,2,2,2,2,1,3,2,2,2,2.0,2,2,2.0,2,2,2,2,2,2,2,2,2,3.0,2,2.0,2,2,2,2,2,2,2,2,2,2,2,2,2.0,2,3,2,2,2.0,2,2,2,3.0,2,2,2.0,2,2.0,2,2,2,3,2,3,2,2,2,2,2,3,1,2,2,2,2.0,2,2,2,2,2,2,2,2,2,2,2,2,2,2,3,2,2,2,2,2,2,3,2,2,2,2,0,2,2,2,3,2,2,3,3,2,3,2.0,3.0,3,2,2,2,2,3,3.0,2,3,3.0,2,2,3,2,2,2,2,2,2,2,1,3.0,2.0,2,2,2,2,2,2,2,2,2,3,0,2,2,2,2,2,2,2,2,2,3,1,1,2,2,2,2,2,2,2,3,2,1,2,2,2,2,2,2,2,2,2,2,2,3.0,2,3,2,2,2,2,2,2,3.0,3.0,2,2.0,3,3,2,3,2,3,2,3,3,3,3.0,1,2,2,2,3,2,3,2,2,2,3.0,2,2,2,2,2,3,2,2,2,2,2,2,3.0,2,2,2,2,2,2,2,2,2,3,2,2,2,2,2,3,3,3,2,2,2,2,2,2,2,2,2,2,2,2,2,2,2,2,2,2,2,2,3.0,2,2,2,2,2,3,2,2,2,3,2,2,2,2,2,3.0,2,2,2,2,3,2,3.0,2,3,2,2,2.0,3,2,2,2,2,2,3,2,2,2.0,2,2,2,2,2,2,2,2.0,2.0,2,3.0,2,3.0,3,2,2,2,3,2,2,2,2.0,2,3,2,3.0,3,3,3.0,3,2,2,3.0,2,2,2,3.0,3.0,2,3.0,3,3,3,3.0,2,1,3.0,118,5,1.093202404131042,-0.45792973536901976
3,2,3,2,3,2,3,3,3,2.0,3,3,2,3,3,2,3,3.0,3,3,2,3,2,3,3,3,2,3,2,3,2,3,3,3,3,3,2,2,3,3,2,3,3,2,2,2,3,3,3,3,2,3,2,2.0,2,2,3,3,2,2,3,3,3,2.0,3,2,3,2,2.0,3,3,3,3,3,3,2,3,3,3,3,2,2,0,3,2,2,3,3,3,3.0,3,3,3,3,3,2,3,3,2,3,1,3,3,3,3,3,3,3,3,3,3,3,3,3,3,2.0,3,2,3,3,3,3,3,3,3,3,3,3,3,2,3,3,3,3,3,2,3,3,3,3.0,2,2,3,2,3,3,3,3,2,2,3,3,2,3,3,3,3,3,3,2,3,2,2,3,3,3,3,3.0,3,3,3,3,2,3,2,3,2,2,1,3,3,3,3,2,3,3,2,2,2,2,3,3,3.0,2,2,2,2,2,2,3,2,2.0,2,3,1,3,3,2,2,2,2.0,3.0,2,2,2,2,2,2,2,2,3,3,2,2,3,3,2,2,3,2,1,2,3,2,3,0,2,3,2,3,3,3,2,2,2,2,2,2,2,3,2,2,3,3.0,3,2,2.0,1,3,2,3,3,2,2,3,2,2.0,3,1.0,2,2,3,2,3,2,2,1,3,3,3,3,3.0,2,2,3,2,2.0,3,3,2,3.0,2,3,2.0,2,3.0,2,3,2,3,2,3,1,3,2,2,3,3,2,2,2,3,2.0,3,3,2,0,2,3,2,2,3,3,2,3,2,1,2,2,3,3,3,3,3,2,2,3,2,2,2,2,2,3,3,2,3,3,2,2,3,2.0,2.0,2,2,2,2,3,3,3.0,3,3,3.0,3,2,2,3,3,3,3,2,1,3,3,3.0,0.0,1,3,2,2,2,3,3,2,2,3,3,2,3,3,3,3,3,3,2,2,3,2,3,3,3,3,3,3,3,3,2,3,2,3,3,3,3,3,2,2,2,3,3,3,3.0,3,2,3,3,2,2,2,3,2.0,3.0,2,3.0,3,3,2,3,2,3,3,3,2,1,3.0,3,2,2,2,3,2,3,3,3,2,2.0,2,3,3,2,3,1,3,2,3,2,3,2,3.0,3,2,2,2,3,2,2,3,2,3,3,3,3,3,3,3,2,3,3,3,3,3,3,2,3,3,3,3,2,3,2,2,2,3,3,3,3,2,3.0,3,1,3,2,3,3,3,3,3,3,3,3,3,3,3,3.0,3,3,2,3,3,3,3.0,3,2,3,3,3.0,3,3,3,3,3,3,3,2,3,2.0,2,2,2,3,3,2,3,3.0,2.0,3,3.0,0,3.0,2,3,3,2,2,3,2,2,3.0,2,3,3,3.0,3,3,3.0,3,3,3,3.0,3,2,3,0.0,3.0,3,3.0,3,3,3,2.0,3,3,3.0,119,5,1.0899293081469463,-0.16905813069448927
2,2,2,2,3,3,2,2,2,3.0,2,2,2,2,3,3,3,3.0,3,3,2,3,3,3,2,3,2,3,2,3,3,3,2,2,2,2,2,2,1,3,2,2,2,2,2,3,2,2,2,2,1,3,1,3.0,2,3,2,3,2,2,3,3,3,2.0,2,2,3,2,3.0,2,3,3,2,2,2,2,2,3,3,2,2,2,2,2,3,2,2,2,3,3.0,2,2,2,3,3,2,2,2,3,3,2,2,3,3,2,3,3,3,1,2,2,3,3,2,3,3.0,3,2,3,3,2,3,2,3,2,3,3,3,2,2,3,2,3,3,3,3,2,3,3,3.0,1,2,3,3,2,2,3,2,3,2,2,2,3,2,3,2,2,3,2,3,2,3,2,2,3,3,3,2.0,2,2,1,2,2,3,2,3,2,2,2,3,3,2,2,3,2,3,0,3,2,3,2,2,2.0,2,2,2,2,3,2,0,2,2.0,1,2,2,3,2,2,3,3,3.0,3.0,3,2,2,2,2,3,3,2,2,3,2,2,2,3,2,2,2,2,2,2,3,2,2,2,3,2,2,2,3,2,2,2,3,2,2,2,2,3,2,2,2,2.0,3,2,2.0,3,3,3,2,2,2,2,2,2,3.0,2,3.0,3,2,2,3,3,3,2,2,3,3,3,2,3.0,2,2,3,0,2.0,2,3,2,2.0,2,2,3.0,2,3.0,2,2,3,3,2,3,2,2,2,3,3,2,3,3,2,3,2.0,3,2,2,2,1,3,1,2,3,2,2,3,2,2,3,2,2,3,2,3,2,2,2,2,2,0,3,2,2,2,3,2,3,2,3,2,3,2.0,1.0,1,1,2,1,3,3,3.0,3,3,3.0,3,3,2,3,2,3,3,3,2,2,3,1.0,2.0,3,3,3,2,2,2,3,3,2,3,3,2,3,3,3,2,3,3,3,2,3,2,2,2,3,3,2,2,3,3,2,2,3,3,2,3,3,3,3,3,3,2,3,3,3.0,0,2,3,3,2,2,2,2,3.0,3.0,2,3.0,2,2,2,2,2,2,2,3,3,2,3.0,3,3,2,3,3,2,3,3,2,2,2.0,2,2,2,3,2,2,3,2,3,2,3,3,3.0,2,2,2,3,3,2,2,3,2,3,2,2,3,2,3,2,2,2,2,3,3,3,3,3,3,3,3,3,3,3,2,2,2,3,2,2,3,3,3.0,3,3,3,3,2,2,3,3,3,2,2,3,2,3,2,3.0,3,2,2,2,3,3,2.0,0,3,3,2,3.0,2,3,3,2,3,2,3,3,3,2.0,3,2,3,3,3,2,3,3.0,2.0,2,2.0,2,3.0,2,2,2,3,3,3,3,2,3.0,3,3,3,3.0,3,3,3.0,3,2,2,3.0,3,2,3,3.0,3.0,2,3.0,3,3,3,3.0,3,2,3.0,120,5,1.0746642980302001,-0.3381804342153844
2,2,2,2,3,2,2,3,2,3.0,2,2,2,2,2,2,3,3.0,2,2,2,2,3,2,2,2,2,3,2,3,2,2,2,2,1,2,3,3,2,3,3,2,2,2,2,2,2,3,0,3,3,2,2,3.0,2,3,2,2,2,0,2,2,3,3.0,2,2,3,2,3.0,2,3,2,2,2,3,3,2,2,0,2,2,2,3,2,2,2,3,2,3,3.0,2,3,2,2,3,2,3,3,2,2,2,2,2,2,2,2,3,2,1,2,3,3,2,3,2,3.0,3,2,2,3,3,2,2,3,2,2,1,2,3,3,2,2,3,3,2,2,3,2,3,3.0,2,2,3,3,2,2,3,2,2,2,3,2,2,2,3,3,2,2,1,3,3,2,2,2,3,3,3,2.0,2,3,2,2,2,3,2,3,2,1,3,3,3,2,3,2,3,2,2,3,3,3,2,3,3.0,3,3,3,2,2,3,2,2,3.0,2,2,2,2,2,2,2,2,3.0,3.0,3,2,2,3,3,3,2,2,3,2,2,2,3,2,2,2,3,2,2,3,2,2,2,2,2,3,3,3,2,2,3,3,3,2,2,2,2,3,2,2,3,3.0,3,3,3.0,2,3,2,2,0,3,2,1,2,3.0,2,3.0,2,3,3,3,2,3,2,3,2,2,3,3,2.0,3,2,2,3,3.0,2,3,3,2.0,3,2,2.0,2,3.0,2,2,1,3,3,3,3,3,3,3,3,2,3,3,3,3,3.0,2,3,3,2,2,2,2,2,2,2,2,3,2,3,3,3,2,3,2,3,3,3,3,3,2,2,3,2,2,2,3,2,3,2,3,2,2,3.0,3.0,3,2,2,2,2,3,2.0,3,3,3.0,3,1,3,3,2,1,3,2,3,2,2,2.0,2.0,3,3,2,2,3,3,3,2,2,3,3,3,2,2,2,2,2,3,2,2,2,2,2,2,2,3,2,3,2,3,2,2,3,0,2,3,3,3,3,3,3,2,2,3,3.0,2,2,3,2,3,3,2,2,3.0,3.0,2,3.0,3,2,3,3,3,0,2,3,3,3,3.0,3,3,3,3,3,2,3,3,3,3,3.0,2,3,2,2,2,2,2,3,2,2,3,3,3.0,2,2,1,2,3,2,3,3,2,3,3,3,3,2,3,2,1,2,3,3,2,3,2,2,2,2,3,3,3,2,1,2,3,3,3,2,3,3,3.0,2,3,3,2,3,2,3,3,3,3,2,2,2,3,2,3.0,3,3,3,3,3,3,3.0,3,3,3,2,2.0,3,3,3,3,3,3,3,2,3,2.0,2,2,3,2,3,2,3,3.0,2.0,3,1.0,3,3.0,2,2,2,2,3,3,3,3,3.0,3,3,3,3.0,2,3,3.0,3,3,3,3.0,2,2,3,3.0,3.0,3,3.0,3,2,3,3.0,3,3,3.0,121,5,1.0817893336063058,-0.41358207254911633
2,2,2,2,3,2,2,2,2,3.0,3,3,2,2,3,3,2,3.0,3,3,0,2,0,2,2,3,3,3,2,3,2,2,2,2,2,3,2,2,3,3,2,1,2,3,2,2,2,3,2,2,2,3,2,3.0,2,3,3,3,2,2,3,3,2,3.0,3,3,3,3,2.0,3,3,3,2,3,3,3,2,2,3,3,3,1,2,2,3,2,3,3,3,3.0,2,3,3,3,2,2,2,3,2,3,2,2,3,3,2,3,3,2,3,3,2,1,3,3,3,3.0,3,2,3,3,3,3,3,3,2,3,3,3,2,2,2,2,3,2,2,3,2,3,3,2.0,2,3,2,3,3,3,2,2,3,3,2,2,2,2,3,3,2,2,3,3,3,3,3,3,3,3,2,2.0,3,2,3,3,1,2,3,3,2,2,2,2,3,3,2,2,3,2,2,2,2,3,3,3,3.0,2,2,2,2,3,2,2,2,3.0,0,3,2,3,2,2,3,2,3.0,3.0,2,2,2,2,3,3,3,2,2,2,3,2,2,2,2,2,2,2,2,2,3,3,2,3,3,3,2,2,2,2,2,3,3,2,2,3,2,2,3,3,2,2.0,3,3,3.0,2,3,3,2,2,3,3,2,2,3.0,2,2.0,2,2,2,2,2,2,3,3,2,3,2,3,2.0,2,3,3,2,3.0,2,3,3,3.0,2,2,3.0,2,3.0,3,3,3,3,3,3,2,2,2,3,2,3,3,2,2,2,2.0,2,3,3,2,2,3,2,2,3,3,2,3,2,2,3,2,3,3,2,3,3,3,2,2,2,2,3,3,3,2,3,3,3,3,3,3,3,3.0,2.0,3,2,2,1,3,2,3.0,3,3,3.0,2,2,3,3,2,3,2,3,3,3,2,3.0,3.0,1,3,2,1,2,3,3,2,3,3,2,2,3,2,3,2,3,3,2,2,3,3,3,3,3,3,3,2,2,2,3,3,2,3,2,3,3,3,2,3,3,3,3,3,2.0,2,2,3,2,3,2,3,3,3.0,3.0,2,3.0,2,2,3,2,3,3,3,3,3,3,3.0,3,2,2,2,3,2,3,3,2,3,3.0,1,3,3,2,2,3,2,2,2,2,3,3,3.0,3,2,2,3,3,3,2,2,2,3,2,2,2,1,3,3,2,3,2,3,3,3,0,3,2,3,2,3,3,3,3,3,2,3,3,2,2,3,3.0,2,3,3,2,3,2,3,2,3,3,2,2,2,0,2,3.0,2,3,2,2,3,3,3.0,2,2,2,2,3.0,2,3,2,3,3,0,3,2,3,3.0,2,2,3,3,3,3,3,3.0,3.0,1,3.0,1,3.0,1,3,3,3,3,3,2,3,3.0,2,3,3,3.0,3,3,3.0,3,3,3,3.0,2,2,2,3.0,3.0,3,3.0,3,3,2,3.0,3,3,3.0,122,5,1.0815917843388962,-0.35579983439286794
2,2,2,3,3,3,2,3,3,3.0,3,3,2,3,3,3,3,3.0,3,2,3,2,3,3,3,3,3,3,2,3,2,3,3,2,3,1,3,3,3,3,3,3,3,3,3,2,2,3,2,2,3,3,3,3.0,0,3,3,3,3,2,2,3,3,3.0,3,2,2,3,3.0,2,3,3,3,2,3,3,3,3,2,3,2,2,3,2,2,2,2,2,3,3.0,3,2,2,2,3,2,3,3,3,2,3,3,3,2,3,3,3,3,3,3,3,3,3,3,3,2.0,3,3,3,3,3,3,2,3,3,2,3,3,3,2,2,2,3,3,3,3,2,3,3,3.0,1,3,3,3,3,3,1,3,3,3,2,2,3,2,3,3,3,3,1,3,3,3,3,3,3,3,3,2.0,3,3,2,3,3,3,3,3,2,3,3,3,3,3,3,3,3,3,3,3,3,3,3,3,0.0,3,2,3,3,3,3,3,3,3.0,3,3,3,3,3,3,3,3,3.0,3.0,3,3,3,3,3,3,3,3,3,3,3,2,3,3,3,2,3,3,3,2,3,2,3,3,3,3,2,3,3,3,3,3,3,3,3,3,3,3,3,3,2,3.0,3,3,3.0,3,3,3,3,2,3,3,3,3,3.0,2,3.0,3,3,3,3,1,2,3,3,2,3,2,2,3.0,3,3,3,3,3.0,3,3,3,3.0,3,2,3.0,3,3.0,2,2,3,3,3,3,2,2,3,3,3,3,3,3,3,3,3.0,2,3,3,2,3,3,2,2,2,3,3,3,2,3,3,2,3,3,3,3,3,3,3,3,3,3,3,3,3,3,3,3,3,3,3,3,3,3.0,3.0,3,3,2,3,3,3,3.0,3,3,3.0,3,2,3,3,3,3,3,2,2,2,3,3.0,3.0,3,3,3,2,3,3,3,3,3,3,3,2,3,3,3,3,3,2,3,2,3,2,3,2,3,3,3,3,3,3,3,2,3,3,2,3,3,3,3,3,0,2,3,3,3.0,2,3,3,2,3,3,3,3,3.0,3.0,3,3.0,2,3,3,3,2,3,3,3,3,3,3.0,3,3,3,3,3,3,3,2,3,2,3.0,3,3,2,2,3,3,2,2,3,3,3,3,3.0,3,3,2,3,3,1,3,3,3,3,3,1,2,3,3,3,3,3,2,3,3,3,3,0,2,3,3,2,3,2,2,3,2,3,1,3,3,3,3.0,3,3,3,3,2,2,0,3,3,3,2,2,2,3,3,3.0,3,2,3,2,3,3,0.0,3,2,3,2,3.0,2,3,3,3,3,3,3,2,2,3.0,3,3,3,3,3,3,3,3.0,3.0,3,3.0,3,3.0,3,3,3,3,3,3,3,3,3.0,3,3,3,3.0,3,3,3.0,3,2,2,3.0,2,3,3,3.0,,3,3.0,3,3,3,3.0,3,3,3.0,123,5,1.1156528343575227,-0.3136603245639483
3,2,3,3,3,3,3,3,3,3.0,3,3,2,2,3,3,3,3.0,3,3,3,3,3,3,3,3,3,3,3,3,3,2,3,3,3,2,3,3,3,3,3,3,3,3,2,3,3,3,2,3,3,3,3,3.0,3,3,3,3,3,3,3,3,3,3.0,3,3,3,3,3.0,3,3,3,3,3,3,2,3,3,3,2,3,2,3,3,3,3,3,3,3,3.0,3,3,3,3,3,3,3,3,3,3,3,3,3,3,3,3,3,3,2,3,3,3,3,0,3,3.0,3,3,3,3,3,3,2,3,3,2,3,3,3,3,3,3,3,3,2,3,3,3,0,3.0,2,3,3,3,1,3,3,2,2,2,3,3,3,3,3,3,2,3,3,3,2,2,2,3,3,3,3,3.0,3,3,2,3,3,3,2,3,3,3,3,3,3,2,3,3,2,3,3,3,3,3,3,3,3.0,3,3,3,3,3,3,3,3,3.0,3,3,3,3,3,3,2,3,3.0,3.0,1,2,3,3,3,3,3,2,3,3,2,3,3,2,3,3,3,2,3,3,2,2,3,3,3,3,3,2,3,3,3,3,3,3,3,3,3,3,3,2,3,3.0,3,3,3.0,3,3,3,2,3,3,3,3,3,3.0,3,2.0,3,3,3,3,3,3,3,3,3,3,3,3,3.0,3,3,2,3,3.0,2,3,3,3.0,3,3,3.0,3,3.0,3,3,2,3,3,3,3,0,2,3,1,3,3,2,3,3,3.0,3,3,3,3,3,3,3,3,3,3,3,3,2,3,3,3,2,3,3,3,3,3,3,3,3,1,3,3,3,2,3,2,3,3,3,3,3,3.0,3.0,3,3,3,3,3,3,3.0,3,3,3.0,3,3,0,2,3,3,3,3,3,3,3,3.0,3.0,3,3,3,2,3,3,3,1,3,2,3,3,3,3,3,2,3,3,3,3,3,3,3,3,1,3,3,3,3,3,3,3,3,3,3,3,3,3,0,3,3,3,3,3,3.0,3,3,3,3,3,0,2,3,3.0,3.0,2,3.0,3,3,3,3,2,3,2,3,3,3,,3,3,3,3,3,3,2,3,3,3,3.0,3,3,3,3,3,3,2,3,3,3,3,3,,3,3,3,3,3,3,3,3,3,3,3,3,3,3,3,3,3,3,3,3,3,3,3,3,3,3,3,3,3,3,3,3,3,3,3,3,3,3,3.0,3,3,3,3,3,3,2,3,3,3,3,3,3,3,3,3.0,3,3,3,3,3,3,3.0,3,3,3,3,3.0,3,3,3,3,3,3,3,3,3,3.0,2,3,3,3,3,3,3,3.0,3.0,3,3.0,3,3.0,3,3,3,2,3,3,3,3,3.0,2,3,3,,3,3,3.0,3,3,3,3.0,3,3,3,,3.0,3,3.0,3,3,3,3.0,2,3,,124,5,1.1825447570332481,-0.2022428354423182
2,2,2,3,3,3,3,3,2,3.0,3,3,2,3,3,3,3,3.0,3,3,3,2,3,3,3,2,2,3,3,3,2,3,3,3,3,2,3,3,2,3,1,3,3,3,3,3,2,3,1,2,3,3,3,3.0,2,2,3,2,3,1,3,3,2,3.0,3,2,2,3,3.0,3,3,3,2,3,2,2,3,3,3,3,3,2,2,2,3,3,3,3,2,3.0,3,3,3,2,3,2,3,3,3,3,2,2,3,0,3,2,2,3,2,2,3,3,3,2,3,2.0,3,2,3,2,3,3,3,3,3,2,2,3,3,3,3,3,2,3,3,2,2,3,3,3.0,2,2,3,2,3,3,3,3,3,3,3,3,2,3,3,3,3,3,2,3,2,3,2,2,0,2,3,3.0,3,3,2,2,2,3,3,3,0,2,2,3,3,2,3,3,2,3,3,3,3,3,3,3,3.0,2,3,3,3,2,3,3,2,3.0,3,3,3,2,3,3,2,2,3.0,3.0,2,2,2,3,3,3,1,2,2,3,2,3,3,3,2,2,3,3,3,2,3,2,2,2,2,3,3,3,3,3,3,3,3,2,3,2,2,3,3,2,3,3.0,3,3,2.0,2,3,3,2,2,3,3,2,2,3.0,3,2.0,3,3,2,3,2,3,2,2,1,3,2,2,3.0,2,2,3,3,3.0,3,3,2,3.0,2,3,3.0,3,3.0,0,1,2,3,3,3,2,3,3,3,3,3,3,3,3,2,3.0,3,3,2,2,3,3,3,2,3,2,2,3,3,3,3,3,3,3,2,3,3,2,3,3,3,3,2,2,3,3,3,2,3,3,3,3,3,3.0,2.0,2,0,2,2,3,3,3.0,3,3,3.0,3,2,3,3,2,3,3,3,3,3,3,3.0,3.0,3,3,3,2,3,2,2,3,3,3,3,3,3,3,3,3,2,3,2,2,3,2,2,3,2,2,3,2,2,3,2,3,2,3,3,3,3,3,3,3,3,3,2,3,3.0,3,2,3,3,2,3,2,3,3.0,3.0,2,3.0,2,3,3,3,2,3,3,3,3,1,3.0,3,2,3,3,3,3,3,2,3,3,3.0,3,3,2,3,3,3,2,3,3,2,3,3,3.0,3,2,3,2,3,3,3,3,2,3,3,2,3,3,3,3,2,3,3,3,3,3,3,3,3,3,3,3,2,3,2,2,2,2,3,3,3,0,3.0,3,3,3,2,3,3,2,1,3,3,2,2,2,3,2,3.0,3,3,3,2,3,3,3.0,3,3,3,3,3.0,3,2,3,3,3,3,3,3,3,1.0,2,2,3,3,3,2,3,3.0,2.0,3,3.0,2,3.0,3,3,3,2,3,2,2,3,3.0,3,3,3,3.0,3,3,3.0,3,3,3,3.0,2,2,3,3.0,3.0,3,3.0,3,3,3,1.0,3,2,3.0,125,5,1.104486717320171,-0.3527193383560815
2,2,1,3,3,2,2,3,3,3.0,3,3,2,3,2,3,2,3.0,3,3,3,3,2,3,2,3,3,2,3,3,1,2,3,2,3,2,3,3,2,2,3,2,1,3,3,2,2,3,3,3,2,3,2,3.0,3,3,3,3,2,3,3,2,2,3.0,2,2,2,3,3.0,2,3,3,2,3,1,3,3,2,2,3,3,2,3,2,3,2,2,2,2,3.0,3,3,2,2,3,2,2,3,2,2,3,2,3,3,3,2,3,3,2,3,3,3,2,2,2,3.0,3,3,3,2,2,3,2,3,2,2,3,2,3,2,2,2,3,2,3,2,2,3,2,3.0,2,2,3,3,3,3,2,3,3,3,1,2,2,2,3,3,2,2,2,2,2,3,2,2,2,2,3,3.0,3,2,2,2,2,2,2,3,2,2,3,3,3,3,3,3,2,3,3,2,2,2,3,3,3.0,3,3,3,3,2,3,2,2,3.0,2,3,3,3,2,3,3,3,3.0,3.0,3,3,2,2,3,3,3,2,3,3,3,3,2,2,1,2,2,2,3,2,2,2,2,3,3,3,3,3,3,3,3,3,3,3,3,3,3,3,3,2,3,3.0,3,3,3.0,3,3,3,2,3,2,3,3,3,3.0,2,3.0,2,2,2,2,3,2,2,2,2,3,3,2,3.0,2,3,2,1,3.0,2,2,3,3.0,3,0,3.0,3,3.0,2,2,3,3,3,3,3,3,2,2,2,3,3,2,0,2,3.0,2,2,3,3,2,3,2,3,3,2,2,3,3,3,3,3,3,2,2,3,0,3,3,3,3,3,3,2,3,2,3,2,3,3,3,2,2,3.0,3.0,3,3,2,2,2,2,3.0,2,3,3.0,2,2,3,2,2,3,2,3,3,1,2,2.0,2.0,3,2,2,3,2,3,2,2,3,3,1,3,2,2,0,2,3,2,3,3,2,2,3,2,3,3,2,3,2,3,2,0,2,3,2,3,3,2,3,3,2,2,3,3,3.0,2,3,3,3,3,3,3,2,3.0,3.0,2,2.0,3,3,2,3,3,2,3,2,2,3,3.0,3,2,2,2,2,2,3,2,2,3,3.0,2,3,2,2,2,3,2,2,2,3,2,2,,3,3,3,2,2,2,2,2,2,3,2,2,2,3,3,3,3,3,3,3,2,1,3,2,2,2,2,3,3,3,3,2,2,3,3,3,3,3,3.0,3,2,2,2,3,2,3,3,2,3,3,2,3,3,3,2.0,3,3,3,2,3,2,3.0,3,3,2,2,3.0,3,3,3,3,2,3,0,3,2,3.0,3,2,3,3,3,3,2,3.0,3.0,3,1.0,2,3.0,3,2,2,3,3,2,3,3,3.0,2,2,3,3.0,3,3,3.0,2,3,3,3.0,2,2,3,3.0,3.0,3,3.0,3,2,3,3.0,2,3,3.0,126,5,1.085080792762642,-0.4057276508925072
2,2,2,2,3,2,2,2,2,3.0,3,2,1,2,2,2,3,3.0,3,3,3,2,2,2,3,2,3,2,1,2,0,2,2,2,3,2,2,2,1,2,2,3,2,2,2,2,2,3,2,3,2,2,2,3.0,3,3,2,2,2,2,2,2,2,2.0,2,2,2,3,3.0,3,3,3,2,2,2,2,2,3,2,2,2,2,2,2,3,2,2,2,2,3.0,2,2,2,2,2,2,2,3,2,2,3,2,3,2,2,2,2,3,1,2,1,2,2,0,3,3.0,2,2,2,2,3,1,2,3,2,2,3,3,1,2,2,3,2,2,3,3,2,2,2,3.0,1,3,2,3,3,0,2,2,2,3,2,3,2,2,2,2,2,2,2,3,2,2,2,2,2,2,3,3.0,2,2,2,2,3,2,3,3,2,3,3,2,2,2,2,3,2,3,3,3,2,2,3,2,3.0,3,2,3,3,2,3,2,2,3.0,2,2,3,2,2,3,3,3,3.0,3.0,3,3,2,2,3,3,2,3,2,3,3,2,2,1,2,2,2,2,3,2,2,2,2,2,3,1,3,3,3,2,3,3,3,2,3,2,3,3,3,3,3,2.0,3,3,3.0,3,2,3,3,2,2,3,2,3,3.0,2,3.0,3,3,2,3,2,2,3,2,1,3,2,2,3.0,2,3,2,3,3.0,2,3,2,3.0,2,3,3.0,3,3.0,2,2,3,3,2,3,2,2,3,2,2,3,3,3,3,2,3.0,2,0,3,3,2,3,2,2,2,2,2,3,3,3,3,3,2,2,2,2,2,3,2,2,3,3,3,3,2,2,2,2,3,3,3,3,3,3.0,3.0,3,3,0,2,2,2,3.0,3,3,3.0,2,2,3,2,3,2,2,2,3,2,2,3.0,3.0,2,2,3,2,3,3,1,3,3,3,2,3,3,3,3,2,2,2,3,2,2,2,2,2,2,3,3,3,2,2,2,2,3,2,2,3,2,2,3,3,2,2,2,2,3.0,2,3,3,3,3,3,2,2,3.0,3.0,2,3.0,2,3,3,2,2,3,2,3,3,2,3.0,3,2,2,3,2,3,3,2,3,2,3.0,3,2,2,3,2,3,2,3,3,2,2,2,3.0,2,3,2,3,3,3,3,2,3,2,3,2,2,2,3,2,3,3,2,3,3,3,2,3,3,3,3,3,2,2,2,2,2,3,3,3,2,3,3.0,3,3,3,2,2,0,2,3,2,3,2,2,2,3,2,3.0,3,2,3,2,3,2,3.0,3,3,2,2,2.0,2,2,2,3,3,3,3,3,3,3.0,2,2,2,2,3,3,2,3.0,3.0,2,3.0,3,3.0,2,2,2,3,3,2,3,3,3.0,3,3,3,3.0,3,3,3.0,3,2,3,3.0,2,3,2,3.0,3.0,3,3.0,3,2,2,3.0,2,2,3.0,127,5,1.0809773501270339,-0.42673910366191076
2,2,2,3,2,3,2,2,2,2.0,3,2,2,2,3,3,2,3.0,3,2,3,2,3,3,2,2,1,3,2,2,2,2,3,2,2,2,3,2,2,2,2,2,2,2,2,2,2,3,2,3,2,2,3,3.0,3,3,2,2,0,3,2,3,2,3.0,3,2,2,3,3.0,3,2,2,2,3,2,3,3,2,3,3,2,3,1,2,1,2,2,2,3,3.0,2,2,2,2,3,2,3,1,2,3,2,2,2,1,2,2,3,3,2,2,3,2,2,3,2,3.0,2,2,3,2,3,3,3,3,2,2,3,3,2,3,2,3,3,2,3,3,2,3,2,3.0,1,2,3,2,0,2,3,2,3,3,2,2,2,2,3,2,2,3,2,3,3,2,2,3,3,3,3,3.0,3,2,2,2,2,3,3,2,2,2,2,3,3,2,2,2,3,3,2,3,3,2,3,3,3.0,2,2,3,3,3,3,3,2,2.0,2,2,2,2,2,1,3,2,2.0,3.0,3,2,2,2,2,2,2,0,3,2,3,2,2,3,3,2,2,3,3,3,2,2,3,3,3,3,2,2,2,2,3,3,3,3,3,2,3,2,3,2,2,3.0,3,3,3.0,2,2,3,3,2,3,2,2,2,3.0,2,2.0,2,2,3,3,3,2,3,3,2,3,2,2,1.0,3,3,2,2,3.0,2,3,2,3.0,2,3,3.0,2,3.0,2,3,2,3,3,3,3,3,3,3,3,3,3,2,2,3,3.0,2,3,2,2,2,3,3,2,3,3,2,3,1,2,3,2,2,3,2,2,2,3,3,3,2,3,3,2,1,2,2,3,2,2,2,3,3,3.0,3.0,3,2,2,2,3,2,2.0,3,3,3.0,3,2,3,1,3,2,3,2,2,2,3,3.0,3.0,2,3,3,3,2,3,3,2,3,2,3,3,3,3,3,3,3,3,2,2,2,2,2,3,2,3,2,2,2,3,3,3,2,2,2,1,2,3,3,3,3,2,3,2,3.0,3,3,3,2,3,2,3,2,3.0,3.0,2,3.0,2,3,2,2,3,3,2,3,3,3,3.0,2,3,2,2,3,3,3,2,3,2,3.0,2,3,2,2,2,3,2,3,2,2,3,1,3.0,0,2,2,3,3,2,2,2,2,2,2,2,3,3,3,3,2,2,2,2,2,2,2,3,2,3,2,3,2,2,2,2,2,3,3,3,2,3,3.0,3,3,3,0,2,2,3,3,3,3,3,2,3,3,3,2.0,3,2,2,2,3,3,3.0,3,3,3,2,3.0,2,2,3,3,3,2,2,2,3,3.0,2,2,2,3,2,3,2,3.0,3.0,0,3.0,3,3.0,3,3,2,3,3,3,3,2,3.0,3,3,3,3.0,3,3,3.0,3,3,3,3.0,3,3,2,3.0,3.0,3,3.0,3,3,3,3.0,3,3,3.0,128,5,1.0839247145942612,-0.4300486536018879
3,2,2,1,2,3,2,3,2,2.0,2,2,2,2,3,3,3,3.0,3,3,2,3,3,2,2,3,2,2,2,3,2,2,3,3,3,3,2,2,2,3,2,2,2,3,2,3,2,3,3,2,2,3,2,2.0,2,3,3,3,2,0,3,3,3,2.0,2,2,2,3,3.0,2,3,3,3,2,3,2,3,3,2,2,2,3,3,2,3,3,3,3,2,3.0,2,3,2,2,3,2,3,3,2,2,2,3,2,2,3,2,3,0,2,2,2,2,3,3,1,2.0,3,3,3,3,3,3,2,3,2,3,3,3,3,2,2,2,3,3,3,2,2,3,2,3.0,2,3,2,3,3,3,3,2,3,3,3,3,2,3,2,3,2,3,3,2,2,3,2,2,3,3,3,3.0,3,3,3,2,2,3,3,3,2,1,3,3,3,2,3,3,2,3,3,2,2,2,1,2,3.0,2,3,2,2,2,3,3,3,2.0,1,2,2,2,2,2,3,2,3.0,3.0,2,2,3,2,3,2,2,2,2,3,3,2,3,2,1,2,2,3,3,2,3,2,1,3,2,2,2,3,3,3,2,3,3,2,2,2,2,3,3,2,3,3.0,2,3,3.0,3,3,2,2,3,3,2,2,2,3.0,3,3.0,2,2,2,3,2,3,2,3,2,3,3,2,3.0,2,2,3,2,3.0,2,2,3,2.0,2,3,2.0,2,3.0,3,3,2,3,3,3,2,3,2,3,3,3,3,3,3,3,3.0,2,2,2,2,2,2,2,2,3,2,2,3,2,2,0,2,2,3,2,3,3,2,3,2,3,3,3,1,3,3,3,2,2,2,3,2,2,3.0,3.0,2,3,2,2,2,2,3.0,3,3,3.0,2,2,2,3,1,3,2,2,3,2,3,2.0,2.0,3,2,2,2,2,2,3,2,2,3,2,3,3,3,3,2,3,3,2,2,2,3,2,3,2,2,3,3,3,3,3,0,3,3,2,3,3,0,3,2,2,2,3,0,3.0,2,3,3,3,2,2,3,2,3.0,1.0,2,3.0,2,3,3,3,2,3,3,3,3,2,3.0,3,3,3,2,3,3,3,3,3,1,2.0,2,3,2,3,2,3,2,3,3,3,2,2,3.0,2,2,3,3,3,2,3,2,2,2,3,2,2,3,3,3,3,3,2,3,3,3,3,2,3,3,2,2,2,1,2,2,3,2,3,3,3,3,2.0,3,3,3,3,3,2,2,2,3,2,2,1,2,3,3,3.0,2,3,3,2,3,2,3.0,3,3,3,2,3.0,2,2,3,2,3,3,3,3,2,2.0,2,2,3,2,2,3,3,3.0,2.0,2,3.0,3,2.0,3,3,3,2,3,2,3,3,3.0,3,3,3,3.0,2,3,3.0,3,3,3,3.0,3,3,3,3.0,3.0,3,3.0,3,2,3,3.0,3,3,3.0,129,5,1.0810156571899465,-0.3580876539473563
3,2,3,0,3,3,3,3,3,3.0,3,3,2,3,3,3,3,3.0,2,3,3,3,3,3,3,3,3,3,2,3,3,3,3,3,3,3,3,3,3,3,3,3,3,3,3,3,2,2,3,2,3,3,3,3.0,3,3,3,3,3,3,3,3,3,2.0,3,2,3,3,3.0,3,3,3,3,3,3,1,3,3,3,3,3,3,3,3,3,3,3,3,2,3.0,3,2,3,2,3,0,3,3,3,2,2,3,3,3,2,3,3,3,3,2,3,3,3,2,3,2.0,3,3,3,3,2,3,2,3,2,3,3,3,3,2,2,3,3,3,3,3,2,3,3,3.0,2,2,3,2,3,2,3,2,3,3,2,3,3,2,3,3,3,3,3,2,3,2,2,3,3,2,3,3.0,3,3,3,3,3,3,3,3,2,2,3,3,3,2,3,3,3,3,3,3,2,0,3,3,3.0,2,3,2,3,2,3,3,3,3.0,2,3,3,3,2,3,3,2,3.0,3.0,3,2,2,2,3,2,3,3,3,3,3,3,3,2,3,2,3,2,3,3,2,2,2,3,3,3,3,2,3,3,2,3,3,2,3,3,0,3,3,3,3,3.0,3,3,3.0,3,3,3,3,3,2,3,3,2,3.0,2,3.0,2,3,3,2,3,3,2,3,2,3,3,3,3.0,2,3,3,3,2.0,3,3,3,3.0,2,3,3.0,3,3.0,3,3,3,3,3,3,3,3,2,2,2,3,3,3,3,3,3.0,3,3,3,3,2,3,3,2,3,2,2,3,3,2,3,3,3,3,3,3,2,3,3,3,3,3,3,2,2,3,3,3,1,3,3,3,0,3.0,3.0,3,3,3,3,3,0,3.0,3,3,3.0,2,1,3,3,2,2,3,3,3,2,3,3.0,2.0,3,3,3,3,3,3,3,3,2,3,1,3,3,3,3,3,3,3,3,2,3,3,2,3,3,2,3,3,3,3,3,2,3,3,2,3,3,3,3,3,3,3,3,2,3.0,3,3,3,3,3,3,3,3,3.0,3.0,3,3.0,3,3,3,3,3,3,3,3,1,2,3.0,3,2,3,2,3,3,2,3,3,2,2.0,2,3,3,3,3,2,2,2,3,3,2,3,,2,3,3,2,3,3,3,3,3,3,3,3,3,3,3,3,3,3,3,3,3,3,3,3,3,1,2,2,1,2,3,2,3,3,3,3,3,3,3.0,3,3,2,3,3,3,3,3,3,3,3,2,2,3,3,3.0,3,3,3,2,3,3,3.0,3,3,3,3,3.0,3,3,3,3,2,3,3,3,2,2.0,2,3,3,3,3,3,3,3.0,3.0,2,3.0,3,3.0,3,2,3,3,3,3,3,3,3.0,3,3,3,,3,2,3.0,3,3,3,3.0,3,2,3,3.0,3.0,3,3.0,3,2,3,3.0,3,3,3.0,130,5,1.128135593220339,-0.2951888795758619
2,3,2,2,3,3,3,3,3,3.0,3,2,2,2,3,3,2,3.0,2,2,3,0,3,3,3,3,3,3,3,3,2,2,3,2,2,2,3,2,2,2,3,3,2,3,2,2,2,3,3,3,3,2,3,2.0,3,3,3,2,2,3,1,1,2,3.0,3,2,2,3,3.0,3,3,3,2,2,3,2,3,3,2,3,3,3,2,2,3,3,2,2,2,3.0,3,3,2,3,3,2,3,3,3,2,3,3,3,2,2,3,2,3,2,2,3,3,2,2,3,3.0,2,2,2,0,3,2,3,3,2,2,3,2,1,2,2,3,3,1,2,3,2,3,3,3.0,2,3,3,3,3,2,2,2,2,3,2,2,3,2,3,2,2,3,3,3,3,3,2,2,2,2,3,3.0,3,2,2,2,2,2,3,3,2,3,3,3,3,2,2,3,2,3,3,3,2,3,3,1,3.0,2,3,3,2,3,3,1,3,3.0,2,3,3,2,2,3,3,3,3.0,3.0,0,3,2,3,3,3,2,3,3,3,3,2,2,2,2,2,3,3,3,2,3,1,2,3,3,2,3,2,3,2,3,3,3,3,3,3,3,3,3,3,3,3.0,3,3,3.0,3,2,3,3,2,3,2,3,3,3.0,3,3.0,3,2,2,3,3,3,2,3,2,3,3,2,3.0,3,3,3,3,3.0,3,3,2,3.0,3,3,3.0,3,3.0,2,3,3,3,3,3,3,2,3,3,3,3,3,2,3,2,3.0,3,2,3,3,2,3,2,3,2,2,3,3,3,3,3,3,3,3,2,2,2,3,3,3,3,3,3,3,2,2,3,2,2,3,3,3,3,3.0,3.0,3,3,2,3,2,3,3.0,3,3,3.0,3,2,3,3,3,2,3,2,3,2,3,3.0,3.0,3,2,3,3,2,3,2,2,3,3,2,3,3,2,3,3,3,2,2,3,3,3,2,2,2,3,3,2,2,1,2,2,3,3,3,3,2,3,3,3,1,3,3,3,2.0,3,3,3,2,3,3,2,2,3.0,3.0,3,3.0,2,3,3,3,2,3,2,3,2,3,3.0,2,3,2,3,3,3,3,2,3,2,3.0,3,3,2,3,3,3,2,3,3,3,3,1,3.0,2,2,3,2,3,2,3,2,2,3,3,3,3,2,3,3,3,3,3,3,3,3,2,2,3,1,2,3,3,3,2,2,2,3,3,3,3,3,3.0,3,2,3,2,3,0,3,2,3,3,3,3,2,3,3,3.0,2,3,3,0,3,3,3.0,3,3,3,2,2.0,3,3,2,3,3,3,3,3,3,3.0,2,2,3,3,3,3,2,3.0,3.0,2,3.0,3,3.0,3,2,3,3,3,2,3,3,3.0,3,3,3,3.0,2,3,3.0,3,2,3,3.0,3,3,3,3.0,3.0,3,3.0,3,2,3,3.0,2,0,3.0,131,5,1.0948796835512582,-0.3857982812816704
2,2,2,2,3,2,2,3,2,3.0,3,3,2,2,0,3,3,1.0,3,2,3,3,3,3,3,3,2,3,3,3,2,3,3,2,3,2,3,3,3,2,2,2,3,3,3,3,2,3,2,2,3,3,3,3.0,3,3,3,3,2,2,0,2,3,3.0,3,3,2,3,3.0,3,3,3,2,2,2,3,2,2,3,2,3,3,1,2,3,3,2,2,3,3.0,2,3,2,2,3,2,3,3,3,3,3,3,2,2,2,2,3,3,2,3,3,3,3,3,3,3.0,3,2,3,0,3,2,3,3,3,2,3,3,2,3,3,3,3,3,3,3,2,3,3,3.0,2,2,3,3,3,2,3,3,3,3,3,2,2,3,3,3,3,3,3,3,3,2,2,3,3,2,3,3.0,3,3,2,2,2,3,3,2,2,3,3,2,3,2,3,3,3,2,3,3,3,3,3,3,3.0,2,3,3,2,3,3,3,3,3.0,2,2,3,3,2,2,3,3,3.0,3.0,3,3,3,3,3,2,3,3,3,3,2,1,3,3,2,2,3,3,3,3,3,3,2,2,2,3,3,3,3,2,3,3,3,3,3,3,3,3,3,3,3,3.0,3,3,3.0,3,3,3,2,1,3,2,2,2,3.0,2,3.0,2,3,1,3,2,2,2,2,2,3,3,3,3.0,3,3,2,3,3.0,3,1,3,3.0,3,2,3.0,3,3.0,3,3,3,3,3,3,2,3,3,3,2,3,3,2,2,2,3.0,2,3,3,3,2,3,3,3,3,3,3,3,2,3,3,3,3,3,3,3,3,3,1,3,3,3,3,2,3,3,3,3,3,3,3,0,3,3.0,3.0,3,3,2,3,3,3,3.0,3,3,3.0,3,3,2,3,2,1,3,3,3,2,2,3.0,3.0,3,3,3,3,2,3,3,2,3,3,3,3,3,3,3,3,3,3,2,2,3,2,2,3,2,3,2,3,2,3,3,3,3,3,2,3,3,3,2,3,2,3,3,3,3.0,2,1,3,2,3,3,3,3,3.0,3.0,2,3.0,2,3,3,3,2,3,3,3,3,3,,2,3,3,2,3,3,3,3,3,2,3.0,3,0,2,2,3,3,2,2,2,3,3,2,3.0,3,3,3,2,3,3,3,3,2,2,3,3,3,2,3,3,3,3,3,3,3,3,3,2,2,2,2,3,3,3,2,2,3,3,3,2,3,2,3.0,2,3,3,3,3,3,2,3,3,2,2,0,3,3,3,3.0,2,3,3,3,3,2,3.0,3,2,3,3,3.0,3,1,3,3,3,2,3,3,3,3.0,3,2,3,3,3,3,3,2.0,3.0,3,3.0,3,3.0,3,2,2,3,3,3,3,2,3.0,3,2,3,3.0,3,3,3.0,3,3,3,3.0,2,3,3,3.0,3.0,3,3.0,3,3,3,3.0,3,3,3.0,132,5,1.1060132082029892,-0.3895339099568111
3,3,3,3,3,2,3,3,3,3.0,2,3,2,2,3,3,3,,3,3,3,2,3,3,3,3,3,3,3,3,3,2,3,3,3,3,3,3,3,1,3,3,3,3,3,3,3,2,3,3,2,3,3,1.0,3,3,3,3,3,3,3,2,3,3.0,3,3,3,3,3.0,3,3,3,2,3,3,3,3,2,3,3,3,3,3,3,0,3,3,3,2,3.0,3,2,2,3,3,3,3,3,2,3,3,3,3,3,3,3,2,3,2,3,3,3,3,3,3,3.0,3,2,3,3,3,3,3,3,2,3,3,3,3,3,2,3,3,3,3,3,3,3,2,3.0,3,3,3,3,3,3,3,2,3,1,3,2,2,3,3,3,2,3,3,3,3,3,2,3,3,2,3,3.0,2,3,3,3,3,3,3,3,3,3,3,3,3,2,3,3,2,3,2,3,2,3,3,3,3.0,2,3,2,3,2,3,2,3,3.0,3,2,3,3,3,3,3,3,3.0,3.0,3,3,2,3,3,3,3,3,3,3,3,2,3,3,3,2,3,3,3,0,3,3,2,2,3,3,3,3,3,3,2,3,3,3,3,3,3,3,3,3,3,3.0,3,3,3.0,3,3,3,3,3,3,3,2,3,3.0,3,3.0,2,3,3,3,3,3,3,2,2,3,3,3,3.0,3,3,3,3,3.0,2,3,3,3.0,3,3,3.0,3,3.0,3,3,3,3,3,3,2,2,2,3,3,3,3,3,3,3,3.0,3,3,3,3,1,3,2,3,3,2,3,3,3,3,3,3,3,3,3,3,3,3,2,3,3,3,3,3,3,3,3,3,3,3,3,3,3,3.0,3.0,3,3,2,2,3,3,3.0,3,3,3.0,2,3,3,3,3,3,3,2,3,3,2,3.0,3.0,3,3,3,3,3,3,3,3,3,2,0,3,3,3,3,3,3,3,3,3,3,3,2,3,3,3,3,3,3,3,3,2,3,3,3,3,3,3,3,3,3,3,3,3,3.0,3,3,1,3,3,3,3,3,3.0,3.0,2,3.0,3,3,3,2,3,3,3,3,3,3,,3,3,2,3,3,3,3,3,3,2,3.0,2,3,3,3,3,3,3,2,3,3,2,3,,3,3,3,2,3,3,3,3,3,3,3,3,2,2,3,3,3,3,1,3,3,3,0,3,3,3,3,3,3,3,3,3,3,3,3,3,3,3,,3,3,3,3,3,3,3,3,3,3,3,3,3,3,3,3.0,3,3,3,2,3,3,3.0,1,3,3,3,3.0,3,3,3,3,3,3,3,3,2,3.0,3,3,3,2,3,3,3,3.0,3.0,3,3.0,3,3.0,3,2,3,3,3,3,3,3,3.0,3,3,3,,3,3,3.0,3,2,3,3.0,3,3,3,2.0,3.0,3,3.0,3,0,3,3.0,0,3,3.0,133,5,1.1698113207547172,-0.21431463946453017
3,3,3,3,3,3,2,2,2,3.0,3,3,2,3,3,3,3,3.0,3,3,3,2,3,3,2,3,3,2,3,3,2,2,3,3,3,3,3,2,3,2,2,2,3,2,2,3,3,3,3,3,3,3,3,3.0,3,3,2,3,2,3,2,3,3,2.0,3,3,3,3,3.0,3,3,2,2,3,2,2,3,2,2,3,3,0,3,3,3,3,2,3,2,3.0,2,3,2,3,3,2,3,3,2,2,0,3,3,3,3,3,3,3,3,2,3,3,3,3,3,3.0,3,3,3,3,2,3,3,3,3,2,3,3,3,3,3,3,3,3,2,3,3,3,3,3.0,2,3,3,3,3,3,2,1,2,2,2,3,2,2,3,3,2,3,3,3,2,3,3,3,3,3,2,2.0,3,3,3,3,2,3,3,3,2,2,3,2,3,3,3,3,3,2,3,3,3,3,3,3,3.0,2,2,3,3,3,3,3,2,3.0,3,3,3,3,2,3,3,3,3.0,3.0,3,3,2,2,3,3,2,3,3,2,3,1,3,3,3,3,3,3,3,2,3,2,2,3,3,3,2,3,3,2,3,3,3,3,3,3,3,3,3,3,3,3.0,3,3,3.0,3,0,3,3,2,3,3,2,3,3.0,2,3.0,0,3,3,3,3,3,3,3,2,3,3,3,3.0,2,3,3,3,3.0,3,3,1,3.0,3,3,3.0,2,3.0,3,3,3,3,3,3,3,3,3,3,2,3,3,2,3,2,3.0,2,3,2,3,2,3,3,2,3,3,3,3,2,3,3,3,3,3,3,3,3,3,3,3,3,3,0,3,3,2,3,3,2,3,3,3,3,3.0,3.0,3,3,2,3,3,3,3.0,3,3,3.0,3,2,3,3,3,3,2,3,3,2,3,3.0,3.0,2,3,3,3,3,3,2,3,3,2,2,2,3,3,3,3,3,3,3,3,3,2,2,3,3,3,3,3,2,3,3,2,3,3,3,3,3,3,3,3,3,2,3,3,2.0,3,3,3,2,2,3,3,3,3.0,3.0,3,3.0,3,3,3,3,3,3,3,3,3,3,1.0,3,2,3,2,3,3,3,2,3,2,3.0,2,3,2,3,2,3,2,3,3,2,3,2,,2,3,3,3,3,3,3,2,3,3,2,3,2,3,3,3,3,3,2,1,3,3,3,3,2,3,3,3,2,3,3,2,2,3,3,3,2,3,3.0,3,2,2,2,3,3,3,3,2,3,2,2,2,2,3,3.0,3,3,3,2,3,3,3.0,3,3,3,1,3.0,3,3,1,3,3,2,3,3,3,3.0,3,3,3,3,3,3,3,3.0,3.0,3,3.0,3,3.0,0,3,2,3,3,2,3,3,3.0,3,3,1,3.0,3,3,3.0,3,3,3,3.0,3,2,2,3.0,3.0,3,3.0,3,3,3,3.0,2,3,3.0,134,5,1.1270028121116997,-0.35560720549917296
2,2,2,2,2,2,1,2,0,3.0,2,2,1,2,2,2,2,2.0,2,2,2,2,2,2,2,2,2,2,2,2,2,2,2,2,2,2,3,2,2,2,2,2,2,2,1,2,2,2,3,2,2,2,2,3.0,3,1,2,0,2,2,2,2,2,2.0,3,2,2,2,3.0,2,2,3,2,2,1,2,2,2,2,3,3,1,2,2,2,2,2,2,2,3.0,2,2,2,2,2,2,3,2,1,2,2,2,2,2,2,2,3,2,2,2,2,2,2,2,2,2.0,2,2,3,2,3,2,2,3,2,3,2,2,2,2,2,2,2,2,2,3,2,2,2,2.0,2,2,2,3,2,2,2,2,2,2,1,2,2,0,3,2,2,2,1,3,2,2,2,2,2,2,2,2.0,2,2,2,1,2,2,3,2,2,2,3,2,2,2,2,3,3,2,3,3,1,2,3,2,3.0,2,2,2,2,3,2,3,2,3.0,2,2,3,2,2,2,3,2,3.0,3.0,3,2,2,2,2,3,2,2,2,2,3,2,3,2,3,2,2,2,2,3,2,2,2,2,3,2,2,2,2,1,3,3,3,3,2,2,3,3,3,3,2,3.0,3,3,3.0,3,2,3,2,2,2,3,2,1,3.0,2,3.0,2,2,2,3,3,2,3,2,2,3,2,2,3.0,2,2,2,3,3.0,2,2,2,2.0,2,3,3.0,2,3.0,2,2,3,3,3,3,3,2,3,1,2,3,3,2,3,2,3.0,2,2,2,2,2,2,2,2,3,2,2,3,2,2,3,3,2,2,2,2,3,2,3,2,2,3,3,2,2,2,3,2,3,3,3,3,2,3.0,2.0,3,2,2,2,0,2,3.0,3,3,3.0,2,2,3,3,2,2,2,2,3,1,2,3.0,3.0,2,2,2,2,2,3,2,2,2,2,2,2,2,2,2,2,2,2,3,2,2,2,2,2,2,2,2,2,1,2,2,2,2,2,1,3,2,2,2,3,2,2,2,2,3.0,2,3,3,2,2,2,2,2,3.0,3.0,2,3.0,2,3,3,2,2,3,3,2,2,3,3.0,2,2,2,2,2,3,2,2,2,2,3.0,2,2,2,2,2,3,2,2,2,2,3,3,3.0,2,2,2,2,2,2,3,2,2,2,2,2,2,2,2,3,3,3,2,2,2,2,2,3,2,0,1,2,1,3,2,2,2,3,3,2,2,2,3.0,2,2,2,2,3,3,2,2,2,3,2,0,2,2,2,3.0,2,2,2,2,3,2,3.0,3,3,2,2,2.0,2,2,2,2,2,2,2,2,2,3.0,2,2,3,3,2,2,3,3.0,3.0,2,3.0,3,3.0,2,2,2,2,3,2,3,2,3.0,3,2,2,3.0,2,3,2.0,3,2,2,3.0,2,2,2,3.0,3.0,3,3.0,2,2,3,3.0,2,2,3.0,135,5,1.0845118769737747,-0.5452590282480341
3,2,2,3,3,3,3,3,3,3.0,2,3,2,3,2,3,3,3.0,3,2,3,3,3,2,3,3,2,2,3,3,3,3,3,3,3,3,3,3,2,2,3,2,2,3,3,3,1,3,3,2,1,3,2,3.0,3,3,2,3,3,3,3,3,3,2.0,3,2,2,3,3.0,2,3,3,2,3,2,3,2,3,0,3,3,3,3,2,3,3,2,3,2,3.0,2,3,2,3,3,3,1,3,3,3,3,3,2,2,3,3,3,3,2,3,2,3,3,3,2,3.0,3,3,2,3,3,3,3,3,3,3,3,3,2,3,3,3,3,3,3,3,2,2,3,3.0,3,2,3,3,3,2,3,3,3,3,2,2,2,3,3,3,3,3,3,3,3,3,3,2,3,3,3,3.0,3,3,3,2,3,2,3,2,3,3,3,3,3,2,3,3,3,3,3,3,2,3,3,0,3.0,3,3,2,3,3,3,3,3,3.0,2,3,3,3,1,2,3,3,3.0,3.0,3,3,2,2,2,2,2,2,3,2,3,3,3,2,2,2,0,2,3,3,3,3,2,3,3,3,2,3,3,3,3,3,3,3,3,3,3,3,2,2,3,1.0,3,3,3.0,3,3,3,2,3,3,3,3,2,3.0,3,3.0,3,2,3,3,3,3,3,3,2,3,3,3,3.0,3,2,3,2,3.0,3,2,3,3.0,3,2,3.0,3,3.0,3,3,3,3,3,3,3,3,3,3,3,3,2,3,3,3,3.0,3,2,3,2,3,3,3,2,2,3,2,2,2,3,3,2,3,3,2,3,2,3,3,2,3,3,3,2,3,2,2,3,3,3,3,3,2,3.0,3.0,3,3,3,3,3,3,3.0,2,3,3.0,3,3,3,3,3,3,2,3,3,2,3,3.0,3.0,3,3,3,2,3,3,3,3,3,2,3,3,2,3,3,2,3,3,0,3,3,3,3,3,3,3,3,3,3,3,3,2,3,3,3,3,3,3,3,3,2,1,3,1,3.0,3,3,3,3,3,3,2,3,3.0,3.0,3,3.0,3,3,3,3,3,3,3,3,3,3,,3,3,3,3,3,3,3,3,3,2,3.0,3,3,2,2,3,3,2,3,2,3,3,3,3.0,3,2,3,3,3,3,3,3,3,3,3,3,3,3,3,3,3,3,3,0,3,3,3,3,3,3,3,3,2,2,3,3,3,2,3,3,3,3,3.0,3,3,3,3,3,2,3,3,3,3,3,2,2,3,3,3.0,2,3,3,3,3,0,3.0,3,3,3,3,3.0,3,3,3,3,2,3,3,3,3,3.0,2,3,3,2,3,3,3,3.0,3.0,2,3.0,3,3.0,3,3,3,3,3,3,3,2,3.0,3,2,3,3.0,3,3,3.0,3,2,3,3.0,3,3,3,3.0,3.0,3,3.0,3,2,3,3.0,2,3,,136,5,1.1277804393949764,-0.30429623253860266
2,2,2,1,2,2,2,3,3,3.0,2,3,1,3,3,3,3,3.0,3,3,3,2,2,3,2,3,2,0,0,2,3,1,3,3,3,1,2,2,3,2,2,3,3,3,2,2,1,2,2,2,2,3,2,3.0,3,1,3,2,3,2,3,3,3,2.0,3,2,2,3,3.0,3,3,3,2,2,3,2,2,3,2,3,2,3,3,2,3,3,3,2,2,3.0,3,2,2,1,3,2,3,2,2,3,2,3,2,3,3,2,3,3,2,3,2,2,2,2,2,2.0,3,2,2,2,3,3,3,3,2,2,2,2,3,2,2,3,2,2,3,2,2,2,2,3.0,2,2,3,2,3,2,2,2,3,3,2,3,2,2,2,3,2,2,3,3,2,2,2,3,3,2,2,3.0,3,2,2,3,2,2,3,3,2,2,3,2,2,2,2,3,2,3,3,3,2,2,3,2,3.0,3,2,2,3,2,3,2,2,3.0,2,3,3,2,3,3,2,2,3.0,3.0,2,3,2,2,3,3,2,2,3,3,3,2,3,2,2,2,2,2,3,2,3,2,2,1,2,3,2,3,3,2,3,3,3,2,2,2,3,3,3,3,3,3.0,2,3,3.0,3,2,3,2,2,3,3,2,2,3.0,2,3.0,2,3,3,2,3,2,2,2,2,3,2,2,1.0,2,3,3,3,3.0,2,2,2,2.0,2,3,3.0,2,3.0,3,3,2,0,3,3,2,3,3,2,2,3,3,3,3,3,3.0,2,2,2,2,2,3,2,2,3,2,3,3,2,3,2,3,2,3,3,2,3,3,2,2,3,3,2,3,2,2,2,3,3,2,3,2,2,3.0,3.0,2,2,2,3,2,3,3.0,3,3,3.0,2,2,3,2,3,3,3,2,3,3,2,3.0,3.0,1,3,3,2,3,3,3,2,3,2,2,3,2,3,3,3,3,3,3,3,2,3,0,3,2,2,2,0,2,2,3,2,3,3,3,3,3,2,2,2,2,3,3,3,3.0,2,3,3,2,3,3,3,3,3.0,3.0,3,3.0,3,3,3,3,2,3,3,3,2,3,3.0,3,2,2,2,3,3,3,3,2,1,3.0,3,2,2,3,2,3,2,2,3,3,2,2,3.0,2,2,3,2,3,2,3,3,3,2,3,2,2,2,3,3,3,3,2,3,3,2,3,3,3,3,2,2,2,3,2,2,3,3,3,2,2,3,3.0,3,3,3,3,3,2,2,3,3,2,3,2,2,3,3,3.0,3,3,3,3,3,2,3.0,3,3,3,3,3.0,3,2,2,2,3,3,2,3,3,2.0,2,2,3,3,3,3,3,3.0,3.0,2,3.0,3,0.0,3,2,2,3,3,3,3,3,3.0,2,3,3,3.0,3,3,3.0,2,1,3,3.0,2,3,2,3.0,3.0,3,3.0,3,3,3,3.0,2,3,3.0,137,5,1.079969340827798,-0.40322716333215514
2,2,2,2,2,3,3,3,3,3.0,2,3,2,2,0,3,3,3.0,3,3,2,3,3,3,3,3,3,2,2,3,3,2,3,3,2,3,0,3,2,3,3,2,2,2,3,3,3,2,3,2,3,3,2,3.0,2,2,2,3,2,1,3,2,3,2.0,2,2,3,2,3.0,3,3,2,2,2,2,2,3,3,3,3,3,3,3,2,3,3,3,3,3,3.0,3,3,3,3,3,2,3,2,2,2,2,2,2,3,2,1,3,3,1,2,3,3,3,2,3,2.0,3,2,3,3,2,3,0,3,3,3,3,3,3,2,3,3,3,3,3,2,3,3,3,3.0,2,2,3,3,2,3,3,3,3,3,2,3,2,3,3,3,3,3,2,2,2,2,3,3,3,3,3,3.0,2,3,2,3,2,3,1,3,2,3,3,3,3,2,3,2,1,3,3,3,3,3,2,3,3.0,2,2,3,2,2,3,2,2,3.0,1,3,3,3,3,2,2,3,3.0,3.0,2,3,2,2,3,3,3,2,2,3,2,2,2,2,2,2,2,2,2,3,3,2,2,2,3,3,2,2,3,3,2,3,3,2,3,2,3,3,3,2,2,3.0,3,3,3.0,3,3,2,3,3,3,3,2,2,3.0,3,3.0,3,2,2,3,3,3,2,2,3,3,1,2,3.0,2,2,1,3,2.0,2,2,3,2.0,3,0,3.0,2,3.0,2,3,3,3,3,3,2,3,2,2,2,2,3,2,2,3,3.0,2,3,2,3,2,3,2,2,3,3,3,3,2,2,2,3,2,3,2,3,2,3,3,3,1,3,3,2,3,2,2,2,3,2,3,3,3,3.0,3.0,3,2,2,2,3,2,3.0,3,2,3.0,3,3,0,3,3,3,2,3,3,2,3,3.0,2.0,3,3,3,2,2,3,3,2,3,3,3,3,3,3,3,2,3,3,2,2,3,2,2,3,3,3,3,3,2,3,2,2,2,2,2,2,3,3,3,3,3,2,3,3,3.0,3,2,3,3,3,2,2,2,3.0,2.0,2,3.0,2,2,2,2,3,2,3,2,2,3,3.0,2,3,2,3,2,0,3,3,3,3,2.0,2,3,3,3,1,3,2,3,3,2,3,3,3.0,3,2,2,2,3,3,2,3,2,3,2,3,3,2,3,3,1,2,3,3,3,3,3,2,3,3,3,3,2,3,3,2,2,3,3,3,3,3,3.0,3,3,3,2,2,2,3,3,3,3,2,3,3,3,3,3.0,3,3,2,3,3,3,3.0,2,2,2,3,2.0,3,3,3,3,3,3,3,3,3,3.0,3,3,3,3,3,3,3,3.0,2.0,2,3.0,3,3.0,3,3,3,3,3,3,3,3,3.0,3,3,3,3.0,3,3,3.0,3,3,3,3.0,3,3,3,3.0,3.0,3,3.0,3,2,3,3.0,3,3,3.0,138,5,1.0904051172707891,-0.33046319272071883
3,2,2,3,3,3,2,3,3,3.0,2,3,3,3,3,3,3,3.0,3,3,3,3,3,1,3,3,3,2,1,3,3,2,3,3,3,3,3,3,3,2,3,3,3,3,2,3,3,2,3,2,3,3,3,3.0,3,3,3,3,3,3,3,3,2,3.0,3,3,2,3,3.0,3,3,3,3,3,3,3,3,2,3,3,3,2,3,2,3,3,3,3,3,3.0,3,3,3,3,3,2,3,3,2,3,3,3,2,3,3,3,3,2,3,3,3,3,3,3,3,2.0,3,3,2,3,3,3,3,3,3,3,3,3,2,2,3,3,3,3,3,3,3,3,3,3.0,3,3,3,3,3,2,2,2,3,3,3,3,2,3,3,3,3,3,3,3,3,3,3,3,3,3,2,3.0,3,3,2,3,2,3,2,3,3,2,2,3,3,2,3,3,3,3,3,3,3,2,3,0,3.0,2,3,2,3,3,3,3,3,3.0,2,2,3,3,3,2,3,2,3.0,2.0,3,3,3,3,3,2,2,3,3,3,3,3,2,2,2,2,3,3,3,3,0,3,1,2,3,3,3,3,1,3,3,2,3,3,3,2,2,3,2,2,3,3.0,3,3,2.0,3,3,0,1,3,3,3,2,2,3.0,3,3.0,2,2,2,3,3,3,2,3,3,3,3,2,3.0,0,3,3,2,3.0,2,3,3,3.0,3,3,3.0,3,2.0,3,3,2,3,3,2,3,3,2,3,3,3,3,3,3,3,3.0,3,3,3,3,2,3,3,3,2,2,2,3,3,3,3,3,3,3,2,2,3,3,3,3,3,3,3,3,2,3,3,3,1,3,3,2,3,3.0,3.0,3,3,3,3,3,3,3.0,3,3,0.0,3,2,2,3,2,3,3,3,3,3,3,2.0,3.0,3,3,2,3,2,3,3,2,3,3,3,3,3,3,3,2,3,2,3,3,3,3,3,3,2,3,3,2,3,2,3,2,3,3,3,3,3,3,3,3,3,2,3,2,3.0,3,2,3,2,3,3,2,3,3.0,3.0,3,3.0,3,3,3,3,2,3,3,3,3,2,3.0,3,3,3,3,3,3,3,3,3,2,3.0,2,3,3,3,3,3,2,3,3,3,3,3,,3,3,3,3,3,3,3,2,3,3,3,3,3,0,3,3,3,3,3,3,3,3,3,3,3,3,3,3,3,3,3,3,3,3,3,3,3,3,3.0,1,3,3,3,3,3,3,3,3,3,3,2,2,3,2,3.0,2,3,2,3,3,3,3.0,3,3,3,3,3.0,3,2,2,2,3,3,3,2,2,3.0,2,2,3,3,3,3,3,2.0,3.0,3,3.0,3,3.0,3,3,3,3,3,3,3,3,3.0,3,3,3,3.0,3,3,1.0,3,3,3,3.0,3,3,3,3.0,3.0,3,3.0,3,3,3,3.0,3,3,,139,5,1.128842380640942,-0.2426872229222946
3,2,3,3,3,2,3,3,1,3.0,2,3,3,2,3,3,3,3.0,3,3,3,3,3,3,3,3,3,3,3,3,2,3,3,3,3,3,3,3,3,3,3,3,3,2,2,3,3,3,3,3,2,3,3,3.0,3,3,3,3,3,3,2,3,2,2.0,3,3,3,3,3.0,3,3,3,3,3,2,3,3,0,3,3,3,3,3,3,3,3,3,3,3,3.0,3,3,3,3,3,2,3,3,3,3,3,3,3,2,2,3,3,3,2,3,3,3,3,3,3,3.0,2,3,3,3,3,2,3,3,3,3,3,3,3,3,3,3,3,3,3,3,3,3,3,3.0,3,1,3,3,3,2,3,3,3,3,3,3,3,3,3,0,3,3,2,3,3,3,3,3,3,3,3,3.0,3,2,2,3,3,3,3,3,3,3,3,3,3,2,3,3,3,3,3,3,3,3,3,3,3.0,2,3,3,3,3,3,3,3,3.0,2,2,3,3,3,3,3,3,3.0,3.0,3,3,3,3,3,3,3,3,3,2,3,3,3,3,3,3,3,3,2,3,3,3,3,3,3,3,3,1,2,3,3,3,3,3,3,3,3,3,3,3,3,3.0,3,3,3.0,3,3,3,3,3,3,3,2,2,3.0,3,3.0,2,3,3,3,3,3,3,3,2,3,3,2,3.0,3,3,3,3,3.0,3,3,3,3.0,3,3,3.0,3,3.0,3,3,3,3,3,3,3,3,3,3,3,3,3,3,3,3,3.0,3,2,3,3,3,3,2,3,2,3,3,0,2,3,3,3,3,2,2,3,3,3,3,3,2,3,3,3,1,3,3,3,3,3,3,3,0,3.0,3.0,3,3,3,3,2,3,3.0,2,3,3.0,3,3,3,3,3,2,2,3,3,3,3,3.0,3.0,3,3,3,3,3,3,3,3,3,3,3,3,3,3,3,3,3,3,3,3,3,3,3,3,3,3,3,3,2,3,3,3,3,3,3,3,3,3,3,3,3,3,3,3,3.0,3,3,3,2,0,3,3,3,3.0,3.0,3,3.0,3,3,3,3,3,3,2,3,3,3,,2,3,2,3,3,3,3,3,3,2,3.0,3,3,3,3,3,2,2,3,2,3,3,2,,2,2,3,3,3,3,3,2,3,3,3,3,3,3,3,3,3,3,3,3,3,3,2,2,3,3,3,3,3,3,3,3,2,3,3,2,3,3,,3,3,3,3,3,3,2,3,3,3,3,3,3,2,3,3.0,2,2,3,3,3,3,,3,3,3,2,3.0,3,3,3,1,3,3,3,3,3,3.0,2,3,3,3,3,3,3,,3.0,3,3.0,3,3.0,3,3,2,3,3,3,3,3,3.0,3,3,3,,3,3,3.0,3,3,3,3.0,3,3,3,3.0,,3,3.0,3,3,3,3.0,3,0,3.0,140,5,1.1721261444557478,-0.20476418164454993
3,2,2,3,3,2,2,3,2,3.0,3,3,2,3,3,3,3,,3,3,2,2,3,3,3,3,3,3,2,3,2,3,3,3,3,2,3,3,3,3,2,3,3,3,3,3,3,3,3,3,3,3,3,3.0,3,3,3,3,3,2,3,3,3,3.0,3,3,3,3,3.0,3,3,3,2,0,3,3,3,2,3,3,3,3,3,3,3,3,3,3,3,3.0,2,3,3,1,3,3,3,3,2,3,2,3,2,3,3,3,3,3,3,3,3,3,3,3,3,3.0,3,2,3,3,3,3,3,3,2,2,3,3,3,2,3,3,3,3,3,3,3,3,3,3.0,2,3,3,3,3,3,3,3,3,3,3,2,2,3,3,3,3,3,3,3,2,3,3,3,3,3,3,3.0,3,3,2,3,2,3,0,2,2,3,3,0,3,3,2,3,3,3,2,3,3,3,3,3,3.0,2,2,3,3,3,3,3,3,3.0,2,3,3,3,3,3,1,3,3.0,3.0,3,3,2,2,3,3,3,3,3,3,2,2,3,3,3,2,3,3,3,3,3,3,3,3,3,3,3,3,3,3,3,3,3,3,2,2,3,3,3,2,3,3.0,3,3,3.0,3,3,3,3,3,3,3,1,3,3.0,2,3.0,3,3,3,2,2,3,2,2,3,3,3,3,3.0,3,3,2,3,3.0,2,3,3,3.0,3,1,3.0,2,3.0,2,3,3,3,3,3,3,2,2,3,3,2,3,3,3,2,3.0,3,2,3,3,3,3,2,3,3,2,3,3,3,3,3,3,2,3,2,3,3,3,2,3,3,3,2,3,3,3,3,2,2,3,3,3,3,3.0,3.0,3,3,2,2,2,3,0.0,3,3,3.0,3,3,3,3,3,2,3,3,3,3,3,3.0,3.0,3,3,3,3,3,3,3,3,3,3,3,3,1,3,3,3,2,3,3,3,2,3,2,3,3,3,3,3,3,3,3,3,3,3,3,3,3,3,3,3,3,3,3,3,2.0,3,3,3,2,2,3,2,2,3.0,3.0,3,3.0,3,3,3,3,3,2,3,3,2,2,3.0,3,3,3,3,3,3,3,3,0,3,3.0,3,3,3,3,3,3,3,2,3,3,3,3,3.0,3,2,3,3,3,3,3,3,3,3,3,2,3,3,3,3,3,3,1,3,3,3,3,3,3,3,3,3,3,3,2,3,3,3,3,2,3,3,3.0,3,3,3,3,3,3,3,3,3,3,3,3,3,3,3,3.0,2,3,3,3,3,3,3.0,3,3,3,3,3.0,3,3,3,3,3,3,3,3,3,3.0,3,3,3,3,3,1,3,,3.0,3,3.0,3,3.0,3,3,3,0,3,3,3,3,3.0,3,3,3,,3,3,3.0,3,3,2,3.0,3,3,3,3.0,3.0,3,3.0,3,3,3,3.0,3,3,3.0,141,5,1.1473258501155499,-0.25332115668875077
3,2,2,3,3,2,2,2,2,3.0,3,3,2,3,3,3,2,3.0,3,3,3,2,3,3,2,3,2,2,2,3,2,3,3,3,3,2,2,2,3,2,2,3,3,3,2,2,2,3,2,2,3,3,2,3.0,2,3,2,2,2,3,2,3,2,3.0,3,2,2,3,3.0,2,3,3,2,2,3,2,3,2,2,3,2,2,2,2,2,2,2,3,2,3.0,2,3,2,2,3,2,3,3,2,2,2,3,2,2,2,3,2,2,2,2,2,3,3,2,2,2.0,3,2,2,2,2,2,2,3,0,2,2,3,2,2,3,3,3,3,3,2,2,2,3,3.0,2,2,2,3,3,2,2,2,3,2,3,2,3,3,3,2,2,3,3,2,3,2,2,2,3,3,3,3.0,2,3,2,2,2,3,2,3,2,2,2,2,3,3,3,3,3,3,2,2,2,2,3,2,3.0,2,2,2,3,2,2,3,2,3.0,3,3,3,3,2,2,2,2,3.0,3.0,2,2,2,2,2,3,2,3,3,3,1,2,3,2,2,2,3,2,3,3,3,2,2,2,2,3,2,3,2,3,2,2,2,3,2,2,3,3,1,2,2,2.0,3,3,2.0,2,3,2,2,3,3,2,2,2,2.0,3,2.0,2,2,2,0,3,1,2,2,2,3,3,2,3.0,2,2,3,2,3.0,3,3,2,3.0,3,3,1.0,2,1.0,2,3,2,2,2,0,2,3,3,3,2,0,2,2,2,3,2.0,2,2,3,2,2,2,3,2,2,2,2,3,3,3,3,2,3,3,2,3,3,2,3,3,2,3,2,2,3,2,3,2,2,3,3,2,2,3.0,3.0,3,2,2,2,2,3,3.0,3,3,3.0,3,2,2,2,2,3,3,2,3,3,2,2.0,2.0,1,3,2,2,2,3,3,2,2,3,1,2,1,2,2,2,3,3,2,3,3,2,2,2,3,1,3,2,2,3,3,0,2,3,2,3,2,3,2,2,2,2,3,3,3.0,2,2,3,2,2,2,2,3,3.0,3.0,2,3.0,3,3,2,2,1,3,3,3,2,3,3.0,3,2,3,2,2,3,1,2,3,2,3.0,2,0,1,3,2,2,2,3,3,2,2,3,3.0,2,2,2,2,3,2,2,3,2,2,2,3,2,3,2,3,2,3,3,3,2,2,3,2,2,3,2,3,3,3,1,1,2,3,3,3,3,2,3.0,3,2,2,2,2,2,3,3,3,3,2,3,2,3,3,3.0,2,3,2,2,3,3,1.0,2,2,2,2,3.0,3,2,2,3,3,2,3,2,2,2.0,2,2,2,2,3,3,3,3.0,3.0,2,3.0,3,3.0,3,2,2,2,2,3,3,2,2.0,1,3,2,3.0,2,3,3.0,2,2,3,3.0,2,2,1,3.0,3.0,3,2.0,3,3,2,3.0,3,3,3.0,142,5,1.07486097996013,-0.3468589279412729
3,2,2,2,3,3,2,3,3,3.0,2,3,2,2,3,3,3,3.0,3,3,3,3,3,3,3,3,3,3,3,3,2,3,3,3,3,3,2,3,2,3,2,3,2,2,3,2,2,2,3,3,3,3,3,3.0,3,3,3,2,3,3,3,3,3,2.0,2,2,3,3,3.0,3,1,3,2,3,2,3,2,3,3,3,3,2,3,2,3,3,2,2,3,3.0,3,2,3,3,3,1,2,3,2,2,2,3,3,3,3,2,3,3,3,3,2,3,3,3,3,2.0,3,2,2,3,3,2,2,3,2,3,3,3,3,2,3,3,2,3,3,2,3,3,2,2.0,1,2,3,3,3,2,3,2,3,3,2,3,2,3,3,3,3,3,3,3,3,3,3,2,2,3,3,3.0,3,3,2,2,3,3,2,3,3,3,1,3,2,2,3,3,3,3,2,2,2,2,3,3,3.0,2,2,2,2,2,3,3,2,3.0,2,3,2,3,2,3,3,3,3.0,3.0,2,2,2,2,3,3,3,3,1,2,3,2,3,2,2,2,3,2,3,3,2,2,2,2,3,2,2,3,3,2,2,3,3,2,3,2,3,3,3,2,2,3.0,3,2,3.0,3,3,3,2,2,2,3,3,2,2.0,3,3.0,3,2,3,3,3,3,2,3,2,3,2,3,3.0,2,3,2,3,0.0,2,0,3,3.0,2,2,3.0,2,3.0,3,3,3,3,2,2,3,3,2,2,3,3,3,2,3,3,2.0,2,2,2,2,2,3,2,1,3,3,3,2,2,2,3,3,2,0,3,3,2,3,2,3,2,3,3,2,2,3,2,0,2,2,3,3,3,3.0,2.0,3,2,2,3,3,3,3.0,3,3,3.0,3,3,2,2,3,3,3,3,2,3,2,2.0,3.0,3,3,1,2,1,2,0,2,3,3,3,2,3,3,3,3,3,2,2,2,3,3,3,3,3,2,3,3,2,3,3,3,3,2,2,3,3,3,3,3,3,3,3,3,3.0,3,3,3,3,3,3,2,3,3.0,3.0,3,3.0,3,3,3,3,2,3,3,3,3,2,3.0,3,3,1,3,2,2,3,2,3,2,2.0,2,3,2,3,3,3,2,3,2,2,2,3,3.0,3,2,3,3,2,2,1,2,2,3,2,3,3,2,0,2,2,3,3,3,3,2,3,3,3,3,3,3,2,3,2,2,3,3,3,3,3,3,3.0,3,3,3,3,2,2,2,3,3,3,2,3,3,3,2,3.0,2,3,2,3,3,3,3.0,2,3,3,2,3.0,3,3,3,3,2,2,2,2,3,2.0,3,2,2,3,3,3,3,3.0,3.0,2,3.0,3,3.0,3,3,3,2,3,3,3,3,3.0,3,3,3,3.0,3,2,3.0,3,1,3,3.0,3,3,3,3.0,3.0,3,3.0,3,3,3,3.0,2,3,3.0,143,5,1.089808814866385,-0.31473993030779707
2,2,2,2,3,2,2,2,2,3.0,3,1,2,2,3,3,3,3.0,3,2,3,2,2,3,2,3,2,3,3,3,2,2,3,2,0,2,3,3,3,3,2,2,3,2,2,2,3,3,2,3,2,3,2,2.0,3,3,3,3,2,3,3,3,2,2.0,3,2,3,3,3.0,3,3,3,1,3,2,2,3,2,2,3,3,2,0,3,3,3,3,2,3,0.0,2,2,2,3,3,2,3,2,2,3,3,3,3,2,2,2,3,2,2,2,2,3,2,3,3,3.0,1,3,3,2,3,3,2,3,1,3,3,3,3,3,3,3,3,3,2,3,3,3,3,3.0,2,2,3,3,3,2,3,3,3,3,3,2,3,3,3,3,3,3,2,2,3,3,3,2,3,3,3,1.0,2,3,3,3,2,3,3,2,2,3,3,3,3,0,3,2,2,3,3,3,3,3,3,2,3.0,2,2,3,2,3,3,3,3,3.0,2,2,2,2,2,3,2,2,3.0,3.0,2,2,1,3,3,3,2,2,2,3,2,2,2,2,3,3,2,3,2,3,3,2,3,2,3,2,3,3,2,3,3,3,3,2,1,3,3,3,3,2,2,3.0,3,3,2.0,3,3,3,3,3,3,3,2,2,2.0,3,3.0,3,3,3,2,2,3,3,3,3,3,3,3,3.0,3,3,2,3,3.0,3,3,2,3.0,0,3,3.0,2,3.0,2,3,3,3,3,3,3,3,2,3,3,2,3,2,3,3,3.0,2,3,3,2,2,3,2,3,3,2,2,3,3,3,3,3,2,3,3,3,3,3,3,3,2,3,2,2,3,3,3,1,3,2,3,3,3,3.0,3.0,3,2,3,2,2,2,3.0,3,3,3.0,3,3,3,3,3,3,2,3,3,3,3,3.0,3.0,3,3,3,3,3,3,3,2,3,3,3,2,2,3,3,2,3,3,3,2,2,3,2,2,3,3,3,3,2,3,3,3,3,2,3,3,3,3,3,3,3,3,3,3,3.0,2,3,3,2,3,3,3,2,3.0,3.0,3,3.0,3,2,3,3,3,3,2,3,3,3,3.0,3,3,3,3,3,3,3,3,3,3,3.0,2,3,2,2,3,3,2,3,3,3,3,2,3.0,2,2,0,1,3,3,3,3,2,3,3,3,3,3,3,3,3,3,3,3,3,2,2,2,3,3,2,3,2,3,2,2,2,3,3,3,3,3,3.0,3,3,3,2,2,2,3,3,3,3,3,2,3,3,2,3.0,3,3,3,3,3,3,3.0,3,3,3,3,3.0,3,3,3,3,3,3,3,3,3,3.0,3,3,2,3,3,3,2,3.0,3.0,2,3.0,2,3.0,3,3,3,3,3,3,3,3,3.0,2,3,3,3.0,3,3,3.0,3,3,2,3.0,3,2,3,3.0,3.0,3,3.0,2,3,3,3.0,3,3,3.0,144,5,1.0976284584980238,-0.3733259011747708
1,2,2,2,3,2,3,3,3,3.0,3,3,2,2,3,3,3,3.0,3,3,3,3,3,3,3,3,3,3,3,3,2,3,3,3,3,3,3,3,3,3,3,3,2,3,2,2,2,3,3,3,3,2,2,3.0,3,2,3,3,2,3,3,2,2,2.0,2,2,3,3,3.0,3,3,3,2,2,3,3,3,2,3,3,3,2,3,3,2,2,2,3,2,3.0,3,3,2,3,3,3,2,3,2,3,3,3,3,2,2,3,2,2,3,3,2,3,2,3,2,3.0,2,2,2,2,2,2,0,3,2,2,3,2,3,3,2,2,3,3,3,3,2,3,2,3.0,3,2,3,3,3,2,2,2,3,3,1,2,2,3,3,3,2,3,2,3,2,0,2,2,3,2,3,3.0,3,2,3,2,3,3,3,3,3,3,3,3,3,3,2,3,3,3,3,3,3,2,3,3,,2,2,3,2,3,3,2,3,3.0,3,3,3,3,2,3,3,3,3.0,3.0,3,3,2,3,3,2,3,2,0,1,3,3,3,2,3,3,3,2,3,3,3,3,3,3,3,3,3,3,3,2,3,3,3,3,3,2,3,3,3,3,3,3.0,3,3,3.0,3,3,3,3,3,3,3,2,3,3.0,3,3.0,2,3,3,3,3,3,3,3,2,3,3,3,3.0,3,3,2,3,3.0,3,3,3,3.0,3,3,3.0,3,3.0,3,3,3,3,3,3,3,3,3,1,2,3,3,2,3,3,3.0,3,3,3,3,3,3,3,1,3,3,3,3,3,3,3,3,3,3,3,3,3,3,3,3,3,3,3,3,3,3,3,2,3,3,3,3,3,3.0,3.0,3,3,3,3,2,3,3.0,3,3,3.0,3,2,3,3,3,2,2,3,3,3,3,2.0,3.0,2,3,3,2,3,3,3,1,3,3,2,3,3,2,3,3,3,3,3,3,3,2,3,3,3,3,3,3,2,3,3,3,2,3,2,3,2,3,3,3,3,2,3,3,3.0,3,3,3,3,3,3,2,3,3.0,3.0,3,3.0,3,3,3,3,3,2,2,3,2,3,3.0,3,2,2,3,3,2,3,3,3,3,3.0,3,3,3,3,2,3,3,3,3,2,3,3,,3,3,3,2,3,3,3,3,3,3,3,3,2,3,3,3,3,3,3,3,3,3,0,3,3,3,2,3,3,3,3,3,3,3,3,3,3,3,,3,0,2,3,3,3,2,3,3,3,3,3,3,3,3,3.0,3,3,3,3,3,2,3.0,3,3,2,3,3.0,3,3,3,3,3,3,3,3,3,3.0,3,3,3,3,0,3,2,3.0,3.0,3,,3,,3,3,3,3,3,3,3,2,3.0,3,3,3,3.0,3,3,3.0,3,3,3,3.0,3,1,2,3.0,3.0,3,3.0,3,3,3,3.0,3,3,3.0,145,5,1.1235915982751428,-0.3166786361669591
3,3,2,3,3,2,3,3,2,3.0,2,3,2,3,3,3,3,3.0,3,2,3,3,3,2,3,3,2,3,3,3,2,2,2,2,3,2,3,3,2,3,2,3,2,3,3,3,3,2,3,2,3,3,2,3.0,3,3,2,2,2,3,3,3,3,2.0,3,2,3,2,3.0,3,3,3,3,3,3,3,3,3,3,3,3,2,3,0,3,3,2,3,3,3.0,3,3,2,2,3,2,3,3,3,2,3,3,3,2,2,2,3,3,3,3,3,3,2,3,3,3.0,2,3,3,2,2,3,3,3,3,3,2,3,1,2,3,3,2,1,2,2,3,3,3,3.0,3,3,2,3,3,2,2,2,3,3,2,2,3,2,3,2,1,2,2,3,3,3,3,2,2,3,3,3.0,2,2,3,3,3,3,3,3,3,3,2,3,3,2,2,3,3,3,3,3,2,3,3,3,3.0,3,3,3,3,3,3,3,3,3.0,2,3,3,2,3,3,3,3,3.0,3.0,2,2,3,2,3,3,2,3,2,3,3,2,3,2,2,3,3,3,3,2,3,2,2,2,3,3,3,3,3,1,3,3,3,3,3,3,2,3,3,3,3,2.0,3,3,3.0,3,3,3,2,2,3,3,3,2,3.0,3,3.0,3,3,3,3,2,2,3,3,3,3,3,3,3.0,0,3,3,3,3.0,3,3,3,3.0,3,3,3.0,3,3.0,3,3,3,3,3,3,3,3,3,3,2,3,3,2,3,3,3.0,3,3,3,3,2,3,3,2,3,3,2,3,3,3,3,3,3,3,3,3,2,1,3,3,3,3,3,3,2,2,3,2,3,3,0,3,3,3.0,3.0,3,3,2,3,2,1,3.0,3,3,3.0,3,3,3,3,3,3,3,2,3,2,3,3.0,2.0,3,3,3,2,3,3,2,3,3,3,3,1,3,3,3,3,3,2,3,3,2,2,3,3,2,3,3,3,2,3,2,3,3,3,2,3,3,3,3,3,3,3,3,3,3.0,2,3,0,3,3,3,3,3,3.0,3.0,3,2.0,3,3,3,2,3,3,3,2,3,3,3.0,3,2,3,3,2,3,3,3,3,3,2.0,2,3,3,2,3,3,2,1,3,3,3,3,3.0,3,3,3,3,3,3,3,3,3,3,3,3,3,3,3,3,3,3,3,3,3,2,2,3,3,3,3,3,3,3,2,2,2,3,3,3,3,3,3.0,3,3,3,2,2,0,3,2,3,2,3,3,2,3,3,3.0,3,3,3,3,3,2,3.0,3,3,3,2,3.0,3,3,3,3,3,3,3,3,3,3.0,3,2,3,3,3,3,3,3.0,3.0,2,3.0,2,3.0,3,3,2,3,3,3,3,3,3.0,3,3,3,3.0,3,3,3.0,3,3,3,3.0,2,3,3,3.0,3.0,3,3.0,3,3,3,3.0,3,0,3.0,146,5,1.1145488746189272,-0.3213576967604531
2,3,2,2,2,2,3,3,3,2.0,1,3,2,2,3,2,3,3.0,3,2,2,3,2,2,3,3,2,3,2,3,2,2,3,3,3,3,2,3,2,2,0,3,3,1,2,3,2,2,3,2,2,3,2,2.0,3,2,2,2,2,2,3,3,2,2.0,3,2,2,2,3.0,3,3,3,2,3,3,2,3,1,2,3,2,2,3,3,2,3,3,2,3,3.0,3,3,2,3,3,2,3,2,2,3,2,3,2,2,3,3,3,2,2,3,3,2,2,3,2,2.0,3,3,3,2,2,3,3,2,3,3,3,3,3,2,3,2,2,3,3,2,2,2,2,1.0,2,3,2,2,3,2,3,3,3,3,3,2,2,3,3,3,3,3,3,2,3,3,2,3,3,2,2,3.0,2,2,2,2,2,3,2,3,2,2,2,3,3,2,2,2,2,2,3,2,2,2,3,2,3.0,2,2,1,2,2,2,3,2,3.0,2,3,2,2,2,2,2,2,2.0,3.0,2,1,2,2,3,2,2,3,2,3,2,3,0,2,2,1,2,2,3,2,3,2,2,2,2,2,2,2,3,2,2,2,2,2,2,3,2,3,3,2,2,2.0,3,3,2.0,2,3,3,2,2,2,3,3,2,2.0,3,2.0,3,2,2,2,2,3,2,3,2,3,3,2,3.0,0,3,3,2,2.0,3,3,2,2.0,2,2,3.0,2,2.0,2,3,2,3,3,2,1,3,2,3,2,3,0,3,3,3,2.0,2,3,2,2,2,3,2,2,3,2,2,3,2,3,2,3,3,3,2,3,2,2,3,2,2,3,2,2,2,3,3,2,2,2,2,2,3,3.0,3.0,3,1,2,3,3,3,3.0,3,3,3.0,2,3,3,3,1,3,3,2,3,2,3,3.0,2.0,3,3,2,2,2,3,3,3,2,3,2,2,3,3,3,3,2,2,2,3,3,2,2,2,3,2,3,2,2,3,3,2,3,3,2,3,3,3,3,3,3,3,3,3,3.0,2,2,1,3,3,2,2,3,2.0,2.0,2,3.0,1,3,3,3,2,3,3,3,3,3,1.0,2,3,3,2,3,2,2,3,2,2,3.0,2,3,2,2,2,3,2,3,3,2,3,3,3.0,3,2,2,2,3,2,2,2,3,2,2,2,2,1,3,2,2,3,2,3,3,3,3,2,3,3,3,2,2,3,2,2,2,2,2,2,3,3,3.0,2,3,2,2,3,3,3,3,3,2,3,3,2,2,3,3.0,3,3,3,2,3,3,3.0,3,2,3,2,3.0,3,3,3,3,3,3,3,3,2,3.0,1,2,3,0,3,2,3,3.0,2.0,2,2.0,2,0.0,2,3,2,2,3,3,3,3,3.0,2,3,3,3.0,3,3,3.0,2,3,3,3.0,3,2,2,3.0,3.0,3,3.0,3,3,3,2.0,3,3,3.0,147,5,1.073774319066148,-0.32034776499228684
2,2,2,2,2,2,2,3,2,3.0,2,3,2,2,3,2,3,3.0,3,3,3,3,2,2,3,3,2,2,2,1,2,2,3,2,2,2,3,3,3,3,2,2,2,3,2,2,1,2,3,2,2,2,2,3.0,2,2,3,2,2,3,2,3,2,2.0,2,2,2,2,3.0,3,2,2,2,2,2,2,3,2,2,2,3,2,2,1,3,2,2,2,2,3.0,2,2,2,2,3,2,2,1,2,2,2,2,2,2,2,2,3,3,2,2,2,2,2,2,2,2.0,2,2,3,2,2,2,2,3,1,2,3,3,2,0,3,3,2,2,2,2,2,3,2,3.0,2,2,3,2,2,2,2,2,3,3,2,2,3,3,3,2,2,2,2,3,3,3,2,2,3,2,2,3.0,2,3,3,2,2,2,2,0,2,2,2,3,2,1,2,3,2,3,2,3,2,2,2,2,3.0,2,2,2,2,2,3,2,2,2.0,2,2,2,2,2,2,2,2,2.0,3.0,2,2,2,2,2,3,2,2,2,2,2,3,2,2,2,2,0,2,3,3,3,2,2,3,3,3,2,2,2,3,2,3,3,2,2,2,3,3,2,1,3,3.0,3,3,2.0,3,3,3,2,2,2,3,0,2,2.0,2,3.0,2,2,3,2,3,2,2,3,2,3,2,2,3.0,2,2,3,2,2.0,2,2,3,2.0,2,3,3.0,3,3.0,2,1,2,3,3,3,3,3,2,2,2,2,2,2,3,3,2.0,2,2,2,3,2,2,2,3,2,2,2,2,2,3,2,3,2,2,1,3,2,3,3,0,2,3,2,2,2,2,3,1,1,2,3,3,2,3.0,3.0,3,2,3,2,2,3,3.0,2,2,3.0,2,3,2,2,2,2,3,2,3,2,3,2.0,3.0,2,3,2,2,2,3,3,2,2,3,1,2,2,3,3,2,2,3,3,2,3,2,3,3,2,3,3,2,2,1,2,2,3,3,3,3,2,3,3,3,2,2,2,2,3.0,2,3,3,2,2,3,2,3,3.0,3.0,2,3.0,3,3,2,3,3,3,2,3,3,2,3.0,2,2,2,3,2,3,2,2,2,2,3.0,3,2,2,2,2,3,2,2,3,3,2,3,3.0,2,2,3,2,3,3,3,3,3,2,3,3,2,3,3,3,3,3,3,3,2,2,3,2,3,2,2,3,2,3,2,2,3,3,3,2,3,2,3.0,3,3,2,3,2,2,3,3,2,2,3,2,2,2,2,3.0,3,3,3,3,2,2,3.0,3,3,3,2,3.0,3,3,3,3,2,3,2,2,2,3.0,2,2,2,3,1,2,2,3.0,3.0,2,3.0,2,3.0,3,2,2,2,3,3,2,2,3.0,2,3,3,3.0,2,3,3.0,3,3,3,3.0,2,1,2,3.0,3.0,3,3.0,2,3,3,0.0,3,3,3.0,148,5,1.0795344846079589,-0.43324601651640465
2,2,1,2,3,2,2,2,1,1.0,3,2,2,3,2,3,2,3.0,2,3,3,2,2,3,2,3,3,3,3,2,2,2,2,1,3,3,3,3,1,2,3,3,3,2,2,2,2,3,2,3,2,3,2,3.0,3,3,2,3,3,2,3,2,3,3.0,3,2,2,3,2.0,3,3,3,3,3,2,2,3,2,2,2,3,2,2,2,3,3,2,2,2,3.0,2,1,2,2,2,2,3,2,2,2,3,2,3,2,3,3,3,3,2,3,2,2,2,3,2,3.0,3,2,3,2,3,3,3,3,3,3,3,3,3,3,3,2,2,3,2,3,2,3,3,3.0,2,2,3,3,3,2,3,3,3,3,2,2,2,2,3,3,2,3,2,2,3,2,3,3,2,2,3,2.0,3,2,2,2,2,3,2,3,2,3,2,2,3,3,2,3,2,3,3,3,3,2,3,2,2.0,2,2,3,2,2,3,3,2,3.0,2,2,2,3,2,2,2,3,3.0,3.0,3,3,1,2,2,3,2,2,3,2,2,3,2,2,3,2,2,2,2,3,2,2,3,2,2,3,1,3,2,2,3,3,2,2,2,3,3,3,3,2,2,3.0,3,3,3.0,3,3,3,2,2,3,0,2,2,3.0,3,3.0,2,2,3,3,3,3,3,2,2,3,3,2,3.0,2,2,3,3,3.0,2,3,3,2.0,3,3,3.0,2,3.0,2,1,3,3,3,2,3,3,3,3,2,3,3,2,3,2,3.0,3,2,2,2,3,3,0,2,3,3,3,3,2,2,3,2,2,3,3,2,2,2,2,3,3,3,3,2,3,2,3,2,3,3,3,3,3,3.0,0.0,3,2,2,3,0,3,3.0,3,3,3.0,2,2,3,3,2,3,1,2,3,2,2,3.0,3.0,3,2,3,2,3,3,2,3,3,3,2,2,3,3,3,2,2,2,2,2,3,2,3,2,2,3,2,2,2,2,3,2,3,3,2,3,3,3,2,2,2,2,2,2,3.0,2,1,3,2,3,3,3,3,3.0,3.0,2,3.0,2,3,3,2,2,2,2,3,3,3,3.0,3,2,2,3,3,3,3,0,2,2,3.0,3,2,0,2,2,2,2,2,2,2,2,2,3.0,2,2,2,2,2,2,2,3,2,3,3,2,3,2,2,2,2,2,2,2,2,2,2,2,2,3,2,3,3,2,2,3,3,2,2,2,2,2,3.0,3,3,3,3,2,3,3,3,2,3,3,2,2,2,2,3.0,3,2,3,2,3,2,3.0,3,2,3,2,3.0,2,2,2,2,3,3,3,3,2,3.0,1,2,3,3,3,3,3,3.0,3.0,3,3.0,2,3.0,3,3,3,3,3,3,3,3,3.0,2,3,2,3.0,3,3,3.0,3,3,3,3.0,2,2,2,3.0,3.0,3,3.0,3,2,3,3.0,3,3,3.0,149,5,1.086353835096006,-0.4015225428241339
3,3,3,3,3,3,3,3,2,3.0,3,3,3,3,3,3,3,,3,2,3,2,3,3,3,3,3,3,3,3,3,2,3,2,0,3,3,2,3,3,3,3,3,3,3,3,3,3,3,3,3,3,3,3.0,3,3,3,3,3,3,3,3,3,,3,3,3,3,3.0,3,1,3,3,3,2,3,3,3,3,3,3,3,3,3,3,3,3,3,2,0.0,3,3,3,3,3,3,3,3,3,3,3,3,2,3,3,3,3,3,3,3,3,3,3,3,2,,3,3,3,3,3,3,3,3,3,3,3,3,3,3,0,3,3,3,2,3,3,3,3,,3,2,3,3,3,3,3,3,3,3,3,3,3,3,3,3,3,3,3,3,3,3,3,3,3,3,3,3.0,3,3,3,3,3,3,3,3,3,3,3,3,3,3,3,3,2,3,3,3,3,3,3,3,,3,3,3,3,3,3,3,2,,3,3,3,3,3,3,2,3,,,3,3,2,3,1,3,3,2,3,2,3,3,3,3,3,3,3,3,3,3,3,3,3,3,3,3,1,3,2,3,3,3,3,3,3,3,3,3,3,3,3,3.0,3,3,,3,3,3,3,3,3,3,3,3,2.0,3,,3,3,3,3,3,2,3,3,2,3,3,3,3.0,3,3,2,3,,3,3,3,3.0,3,3,,3,,3,3,3,3,3,3,3,3,3,3,3,3,3,0,3,3,3.0,3,3,3,3,3,3,3,3,3,1,3,3,2,3,3,3,2,3,3,3,3,3,3,3,3,3,3,3,3,3,3,3,3,3,3,3,3,,,3,3,3,2,2,3,3.0,3,3,0.0,3,3,3,3,3,3,2,3,2,3,3,,,3,3,3,3,3,3,2,3,3,3,3,3,3,2,3,3,2,0,3,3,3,3,3,3,3,3,2,3,3,3,3,3,3,3,3,3,3,3,2,3,3,3,3,3,3.0,3,3,3,3,3,3,3,2,3.0,,3,3.0,3,3,3,3,3,3,3,3,3,3,,3,3,3,3,3,3,3,3,3,3,,2,3,3,3,2,3,3,3,3,3,3,3,,3,3,3,3,3,2,3,3,3,2,3,3,3,3,3,3,3,3,3,3,3,3,3,2,2,3,3,2,3,3,3,3,3,3,3,2,3,3,,3,3,3,3,3,3,3,3,3,3,3,3,3,3,2,3.0,2,2,3,3,3,3,3.0,3,1,3,3,3.0,3,3,3,3,3,3,3,3,3,3.0,3,3,3,3,3,3,3,,,3,,3,3.0,3,3,3,3,3,3,3,3,,3,3,2,,3,3,3.0,3,3,3,3.0,3,3,3,,1.0,3,3.0,3,3,3,3.0,3,3,,150,5,1.2477800057290174,-0.074998360363043
2,3,2,3,3,2,2,1,2,3.0,3,3,2,3,3,3,2,3.0,2,3,3,3,1,3,2,3,3,2,3,2,2,3,1,2,2,2,3,3,3,2,3,3,2,3,2,0,3,3,2,3,3,3,3,3.0,3,3,3,3,2,3,3,3,2,3.0,3,2,3,3,2.0,2,3,3,2,2,3,3,3,3,3,3,3,2,2,2,3,3,2,3,3,3.0,2,2,3,2,3,3,3,3,2,2,3,2,3,3,2,3,3,3,2,0,3,2,3,3,3,3.0,3,2,2,3,2,2,3,3,3,3,3,2,2,3,2,3,3,3,3,3,3,3,3,3.0,2,3,2,3,3,3,3,3,3,3,3,3,3,2,3,3,3,3,3,3,1,2,3,0,3,3,3,2.0,3,2,3,3,3,3,3,3,2,3,3,3,3,3,2,3,3,3,3,3,3,3,3,3,3.0,3,2,3,3,3,3,3,2,3.0,3,2,2,3,3,3,3,3,3.0,3.0,3,3,2,3,3,3,3,1,3,3,3,3,3,2,3,2,3,3,3,3,3,3,3,3,3,3,3,3,3,3,3,3,3,3,3,3,3,3,3,2,3,3.0,3,3,3.0,3,3,3,3,2,3,3,2,3,3.0,2,3.0,3,3,3,3,3,3,3,2,2,3,3,3,3.0,3,3,3,3,3.0,0,3,3,3.0,3,3,3.0,3,3.0,3,3,3,3,3,3,3,3,2,2,2,3,3,3,3,3,2.0,2,3,3,3,3,3,2,3,3,3,3,3,2,3,3,3,3,3,3,3,3,3,3,3,3,3,3,3,3,2,3,3,3,3,3,3,3,3.0,3.0,3,3,2,3,3,3,3.0,3,3,3.0,2,3,3,3,2,3,2,3,3,3,2,3.0,3.0,3,3,3,3,3,3,2,3,3,3,3,3,3,2,3,3,3,3,3,3,3,3,3,3,3,2,2,3,2,3,3,2,3,3,3,3,3,3,3,3,3,3,3,3,3.0,3,3,2,3,3,3,3,3,0.0,3.0,3,3.0,3,3,3,3,3,3,3,3,3,3,,3,3,3,2,3,3,3,2,3,2,2.0,2,3,3,3,1,3,2,3,2,3,3,3,,3,3,3,3,3,3,3,3,3,3,2,3,2,2,3,3,3,3,2,3,3,3,3,3,3,3,2,3,3,3,3,3,2,3,3,3,2,3,,2,3,3,3,3,3,3,3,3,3,3,2,2,3,3,3.0,3,2,3,3,3,3,2.0,3,3,3,2,3.0,2,3,3,3,3,3,3,3,3,3.0,3,3,3,3,3,3,3,,3.0,3,3.0,3,3.0,2,3,3,3,3,3,3,3,3.0,3,2,3,3.0,3,3,3.0,3,3,3,3.0,2,3,3,,,3,,3,3,3,3.0,3,3,0.0,151,5,1.1272171253822632,-0.2885133745690138
3,3,3,3,3,3,2,3,3,,3,3,3,3,3,3,3,3.0,3,3,3,3,3,3,3,3,3,3,3,0,3,2,3,3,3,3,3,3,3,3,3,3,3,3,3,3,3,3,3,3,3,3,3,,3,3,3,3,3,3,0,3,3,3.0,3,3,3,3,3.0,3,3,3,3,3,3,3,3,3,3,3,3,3,2,3,3,2,2,3,2,3.0,3,3,2,2,3,3,3,3,2,3,3,3,3,3,3,1,3,3,2,3,3,3,2,3,2,3.0,3,2,3,2,3,3,3,2,3,3,3,3,3,3,2,3,3,3,3,3,3,3,0,3.0,3,2,3,3,3,3,2,2,3,3,3,3,3,2,3,3,2,3,3,3,3,3,3,3,3,3,3,3.0,3,3,3,2,3,3,3,2,3,3,3,3,3,3,3,3,3,3,3,3,3,3,3,3,,3,1,3,3,3,3,3,3,3.0,3,3,3,3,3,3,3,3,,3.0,3,3,2,3,2,3,3,1,3,3,3,3,3,2,3,3,3,3,3,3,3,3,3,3,3,3,3,3,3,2,3,3,3,3,3,3,3,3,3,3,3,3.0,3,3,3.0,3,3,3,3,2,3,3,2,3,,3,3.0,2,3,3,3,3,2,3,3,3,3,3,3,0.0,3,3,3,3,3.0,2,3,3,3.0,3,3,,3,3.0,3,3,3,3,3,3,3,3,3,3,3,3,3,3,3,3,,3,3,3,2,3,3,3,3,3,3,3,3,3,3,3,3,3,3,3,3,3,3,3,3,3,3,3,3,3,3,3,3,3,3,2,3,3,3.0,3.0,3,3,3,3,3,3,3.0,3,3,,3,3,3,3,3,3,3,3,3,2,3,3.0,3.0,2,3,3,3,3,3,3,2,3,2,3,3,3,3,3,3,3,3,3,3,3,3,3,3,3,3,3,3,2,3,3,3,3,3,3,3,2,3,2,3,3,3,3,3,3.0,2,3,3,2,3,3,3,3,,,3,3.0,3,3,3,2,3,3,3,3,3,3,,3,3,3,2,3,3,3,3,3,3,3.0,2,3,2,3,2,3,3,3,3,3,3,3,,2,3,3,3,3,3,3,2,3,2,3,3,3,3,3,3,3,3,3,3,2,3,3,3,3,3,3,3,2,3,3,3,3,3,3,3,3,3,,3,3,3,2,3,3,3,3,3,3,3,3,3,3,0,3.0,3,3,3,3,3,3,3.0,3,3,3,3,3.0,3,3,3,3,3,3,2,3,3,3.0,3,3,3,3,3,3,3,3.0,3.0,3,,3,,3,3,3,3,3,3,3,3,3.0,0,3,1,3.0,2,3,3.0,3,3,3,,3,3,2,,3.0,3,3.0,3,3,3,,2,3,,152,5,1.1812389380530974,-0.20337957969867204
2,2,2,2,2,2,2,3,3,3.0,2,3,2,2,3,2,3,3.0,3,2,3,3,2,3,3,2,2,2,1,3,2,3,1,2,3,2,2,3,3,2,2,2,2,2,2,2,2,2,2,3,3,2,2,2.0,3,3,3,2,2,2,3,3,2,2.0,2,2,2,2,3.0,2,3,3,1,3,1,2,2,3,2,3,2,2,3,2,3,2,2,2,3,3.0,3,3,2,3,3,2,3,3,2,2,1,3,3,2,2,2,3,3,2,3,3,3,3,3,2,2.0,3,2,3,2,3,3,2,2,3,2,3,3,3,0,3,2,3,3,3,2,2,3,3,3.0,2,3,3,1,3,3,2,3,3,2,2,3,2,3,1,3,3,2,2,2,3,2,2,2,3,2,3,3.0,3,2,2,1,1,2,2,2,2,2,3,3,2,2,3,2,2,3,2,2,3,2,3,3,3.0,2,2,2,2,2,2,2,2,3.0,2,2,2,2,2,2,2,2,2.0,3.0,2,2,2,2,2,2,2,2,2,2,2,2,2,2,2,2,2,2,3,2,2,3,2,2,2,2,2,2,3,3,2,2,1,2,2,2,3,2,3,2,2,3.0,2,3,2.0,3,3,3,2,2,2,1,2,2,2.0,3,2.0,2,3,3,2,2,2,2,2,2,3,3,2,3.0,2,2,3,2,3.0,2,1,2,2.0,0,2,3.0,2,2.0,2,2,3,3,2,2,2,2,2,2,3,2,2,2,2,2,3.0,2,3,2,3,2,3,2,2,3,3,3,3,2,3,2,2,2,3,3,3,2,2,3,3,2,0,2,2,2,3,3,2,3,2,3,2,3,2.0,3.0,2,2,2,2,2,2,3.0,2,3,3.0,3,2,3,3,2,3,3,3,2,3,3,2.0,2.0,2,3,3,2,2,1,3,2,2,2,3,2,2,3,0,2,3,3,2,2,3,2,2,3,2,3,2,3,2,3,0,3,3,3,3,3,3,3,3,3,3,3,2,3,3.0,2,2,3,3,2,2,2,3,3.0,3.0,2,3.0,2,3,2,2,2,3,3,3,2,2,3.0,3,3,3,2,2,3,3,3,3,2,3.0,2,3,2,3,3,2,0,3,2,2,3,2,3.0,2,3,2,3,3,2,3,2,3,3,3,2,3,3,3,3,3,3,2,3,3,2,3,2,3,2,3,3,2,3,2,3,3,3,3,2,3,3,3.0,2,3,2,3,3,3,2,2,3,3,3,2,2,3,2,3.0,2,2,2,3,3,3,3.0,2,3,3,2,3.0,3,2,2,3,2,2,3,3,2,3.0,3,2,3,3,3,3,3,3.0,3.0,3,1.0,2,3.0,2,3,3,1,3,3,3,3,3.0,3,2,3,3.0,3,3,3.0,3,2,3,3.0,3,3,3,3.0,3.0,3,2.0,2,3,2,3.0,3,3,3.0,153,5,1.0784665913989533,-0.3842611299471626
2,1,2,1,3,2,3,3,3,3.0,2,2,2,2,3,2,3,3.0,2,2,2,2,2,2,3,2,2,3,2,3,2,2,2,2,3,2,2,3,3,2,2,2,2,3,2,2,2,2,2,2,3,2,2,3.0,2,3,2,3,2,2,3,2,2,3.0,2,2,2,3,3.0,3,2,3,1,2,2,3,3,3,2,2,2,3,3,2,3,2,3,2,2,3.0,3,2,2,2,3,2,3,3,2,2,2,0,3,2,2,2,3,2,2,3,2,3,3,3,2,3.0,3,2,3,2,2,1,2,3,2,2,3,2,2,2,2,2,3,3,3,2,2,3,2,3.0,2,3,3,3,3,2,3,2,2,3,2,2,2,2,3,3,3,2,3,2,3,3,2,2,3,3,3,2.0,3,2,2,3,2,3,2,2,2,2,2,3,3,2,2,3,2,3,2,2,2,2,2,3,3.0,2,2,2,1,3,3,3,2,2.0,2,2,2,2,2,2,3,2,3.0,3.0,2,2,2,2,2,2,2,2,2,2,2,2,2,2,2,2,2,2,2,2,2,3,3,2,2,2,2,2,2,2,2,2,2,2,2,2,3,3,2,2,2,2.0,3,3,2.0,1,2,2,2,2,3,3,0,2,3.0,2,3.0,2,2,3,2,3,2,2,2,2,2,2,3,0.0,2,3,2,1,3.0,1,3,3,3.0,3,2,3.0,2,3.0,2,2,3,3,2,3,3,2,3,0,3,3,2,1,2,2,3.0,1,3,2,2,2,2,2,2,3,2,2,3,2,2,2,2,3,2,2,2,2,2,2,2,2,2,2,2,3,2,3,2,3,2,3,2,3,3.0,2.0,3,2,2,1,2,2,3.0,3,3,3.0,2,2,3,3,2,2,2,2,2,2,2,3.0,3.0,2,3,2,2,2,2,2,2,2,2,2,3,3,3,2,3,2,2,2,2,3,2,2,3,2,3,2,2,2,3,3,2,3,2,2,2,3,3,2,3,3,2,2,3,3.0,2,3,3,2,3,2,3,2,3.0,0.0,1,3.0,2,3,3,2,2,2,2,3,1,3,3.0,3,2,2,3,3,2,3,2,1,2,2.0,0,2,2,2,2,2,2,2,2,2,3,2,3.0,2,2,2,3,2,2,2,2,2,3,2,2,3,2,3,2,3,3,2,2,2,2,2,3,3,3,2,2,3,3,2,3,2,3,3,2,3,2,3.0,2,2,2,2,3,3,3,2,3,3,2,2,3,2,2,2.0,3,2,2,2,3,2,3.0,2,3,3,3,3.0,3,2,3,2,3,3,3,2,3,3.0,3,2,2,3,1,2,3,3.0,3.0,2,3.0,2,3.0,2,3,2,2,3,1,3,1,3.0,2,2,3,3.0,2,3,3.0,3,3,2,3.0,2,2,2,3.0,3.0,3,3.0,3,2,3,3.0,3,3,3.0,154,5,1.0710959497509205,-0.4207098624456164
2,3,2,2,3,2,2,2,2,3.0,3,3,2,2,3,3,0,3.0,3,3,3,2,3,2,1,3,2,3,3,0,2,2,3,2,3,2,3,2,3,2,3,2,2,3,2,2,2,3,3,3,3,3,2,3.0,3,2,2,3,2,3,0,2,1,3.0,3,2,2,2,3.0,2,3,2,2,2,2,3,3,3,3,2,3,2,2,2,2,3,1,2,3,3.0,2,2,3,2,2,2,3,2,2,2,2,2,3,2,2,2,3,2,2,2,3,2,2,3,3,3.0,2,3,3,2,3,3,3,3,2,2,3,3,3,3,2,3,2,1,2,2,2,3,3,3.0,2,2,3,3,3,2,2,2,2,3,2,2,2,2,3,2,2,3,3,3,2,2,2,2,3,2,3,3.0,2,3,2,3,2,2,2,3,2,3,2,3,3,2,2,3,3,3,3,3,3,3,3,3,3.0,2,3,3,2,3,3,3,2,3.0,2,2,3,2,3,3,2,1,3.0,3.0,3,3,2,2,2,3,2,3,3,2,2,1,3,2,3,2,3,3,3,3,2,2,2,3,3,3,2,2,3,2,2,3,3,3,2,2,3,3,3,3,3,3.0,3,3,3.0,3,2,2,3,2,3,3,2,3,3.0,3,3.0,3,3,3,3,2,3,3,2,3,3,3,3,3.0,3,3,2,3,3.0,3,3,2,3.0,3,3,3.0,3,3.0,3,3,3,1,3,3,3,1,3,3,2,3,3,2,3,2,3.0,3,2,2,3,3,3,2,3,3,3,3,3,2,3,3,0,3,3,3,2,2,3,3,2,3,3,3,2,2,2,3,1,3,3,3,3,3,3.0,3.0,3,3,2,3,2,3,3.0,3,3,3.0,2,2,3,3,2,2,2,3,3,3,2,3.0,3.0,3,3,3,3,2,3,3,3,3,3,3,3,3,2,2,3,2,3,2,2,2,2,3,2,2,3,2,2,2,0,3,2,3,2,2,3,3,3,2,3,3,2,3,3,3.0,2,3,3,0,2,3,2,3,3.0,3.0,2,3.0,3,3,3,3,3,3,3,3,3,3,3.0,3,2,3,3,3,3,3,1,3,2,3.0,3,2,2,2,2,3,2,3,3,3,2,3,,2,2,2,3,3,3,2,2,3,3,2,3,2,3,2,3,3,3,2,3,3,3,3,2,1,2,3,3,2,3,3,3,2,3,3,3,2,3,1.0,3,3,3,2,3,3,2,2,2,3,2,3,2,2,2,3.0,3,2,3,2,3,3,3.0,3,3,2,2,3.0,3,3,3,3,3,2,3,2,3,3.0,2,3,3,3,2,2,3,3.0,3.0,3,3.0,3,3.0,3,3,2,3,3,3,3,2,3.0,2,3,3,3.0,3,3,3.0,3,3,3,3.0,2,3,2,3.0,3.0,3,3.0,3,3,3,3.0,2,2,3.0,155,5,1.083542234332425,-0.4391567996105875
2,3,2,2,3,2,2,2,2,3.0,2,3,2,2,3,3,2,3.0,3,2,3,3,3,2,2,3,3,2,3,3,2,3,3,3,3,2,3,3,3,2,3,2,2,3,3,2,2,3,3,3,2,3,2,3.0,3,2,3,3,3,2,2,2,3,3.0,3,2,2,3,3.0,3,3,3,3,2,2,2,2,1,3,3,3,3,3,2,2,3,2,2,3,3.0,2,2,2,0,1,2,2,2,3,3,3,3,3,3,2,3,3,2,2,3,3,3,2,3,3,3.0,3,3,3,3,2,1,3,3,2,2,3,3,2,3,2,0,3,3,2,3,3,3,3,3.0,2,2,3,3,3,3,3,1,2,2,3,2,2,2,3,3,2,2,3,2,2,2,2,2,3,3,3,2.0,3,2,2,3,2,3,3,3,2,3,3,3,3,3,3,3,3,2,3,3,3,2,3,3,3.0,3,3,3,3,3,3,2,3,3.0,3,2,2,2,3,3,2,3,3.0,3.0,0,3,2,2,3,3,3,3,2,2,2,2,3,2,2,3,3,3,3,2,1,2,3,2,3,2,2,2,3,2,3,2,2,3,3,2,3,3,3,2,3,3.0,3,3,3.0,3,3,3,3,2,3,3,2,3,3.0,2,3.0,2,3,3,3,3,3,2,2,3,2,2,3,3.0,3,2,3,3,3.0,2,3,3,3.0,3,3,3.0,2,2.0,2,3,3,3,3,3,3,2,3,1,3,3,3,2,3,3,3.0,2,3,3,3,2,3,2,3,3,2,3,3,3,3,2,3,2,3,3,2,3,3,2,3,3,3,2,2,2,3,3,2,3,3,3,3,3,3.0,3.0,3,3,2,3,2,3,3.0,3,3,3.0,3,2,3,3,2,1,3,3,3,3,3,3.0,3.0,3,3,3,2,2,3,3,3,3,3,2,3,3,3,3,3,2,2,3,3,3,2,2,2,3,3,3,3,2,3,3,3,3,3,2,3,3,3,3,3,3,3,3,3,3.0,2,3,3,2,3,3,3,2,3.0,3.0,3,3.0,2,3,3,3,3,0,2,3,3,3,,3,2,2,3,3,3,3,2,0,3,3.0,2,3,2,3,3,3,3,3,3,2,3,2,3.0,2,3,3,2,2,3,3,3,2,3,3,3,3,3,3,3,3,3,3,3,3,3,2,1,3,3,2,3,3,3,3,0,2,3,3,2,3,3,3.0,3,2,3,3,2,3,3,2,3,3,3,2,3,1,2,3.0,3,3,2,3,3,3,3.0,3,3,2,3,3.0,3,2,3,3,3,2,3,3,3,3.0,3,2,3,3,3,3,3,3.0,3.0,3,3.0,3,2.0,3,1,3,3,3,3,3,2,2.0,3,3,3,3.0,3,2,3.0,3,3,3,3.0,2,2,3,3.0,3.0,3,3.0,3,3,3,3.0,2,3,3.0,156,5,1.0999269785991126,-0.353316952425902
3,2,2,2,2,2,2,3,2,3.0,3,3,2,2,3,2,3,3.0,3,2,3,2,3,3,2,3,2,3,2,3,3,3,3,2,2,1,3,3,3,2,3,2,3,2,2,2,2,3,3,2,2,2,2,3.0,3,2,3,3,2,3,2,3,3,3.0,3,2,2,1,3.0,3,3,2,2,2,2,3,3,3,3,3,3,2,3,2,3,3,2,2,2,3.0,3,3,2,2,3,2,3,3,2,2,1,3,2,3,3,3,3,3,2,3,2,3,3,3,2,3.0,3,2,2,3,3,3,2,3,2,3,3,2,2,2,3,3,3,3,2,2,2,3,2,3.0,1,2,2,3,2,2,2,2,3,2,2,2,3,2,3,2,2,2,2,3,2,3,2,3,3,3,2,3.0,3,3,2,2,2,3,3,2,2,3,3,3,0,3,2,3,3,3,2,3,2,3,3,1,3.0,2,2,3,3,2,3,3,3,3.0,2,3,3,3,2,0,2,2,3.0,3.0,3,2,2,2,2,2,2,2,3,3,3,2,3,2,3,2,3,2,3,3,2,2,2,3,2,2,2,2,3,3,3,3,3,2,3,3,2,2,2,2,3,3.0,2,3,3.0,3,3,2,2,2,3,3,2,3,3.0,2,3.0,2,1,3,3,3,3,3,3,2,3,3,2,3.0,3,2,2,2,3.0,2,3,2,2.0,2,2,3.0,2,3.0,2,2,2,2,3,3,2,1,2,3,2,2,3,2,3,3,3.0,2,2,2,2,3,2,2,2,3,3,2,3,3,3,3,2,3,1,2,2,2,2,3,2,2,3,3,3,2,2,3,3,3,2,3,2,2,3.0,3.0,3,3,2,2,3,3,3.0,2,3,3.0,2,2,2,3,3,3,3,3,3,2,3,3.0,3.0,3,3,3,3,2,3,3,2,2,2,3,3,2,2,3,2,3,3,2,2,2,2,2,3,2,3,3,3,2,3,2,2,3,3,2,2,2,3,3,2,2,0,3,3,3.0,3,2,1,2,3,3,3,2,3.0,3.0,2,3.0,3,3,3,2,2,3,3,3,3,3,3.0,3,2,3,2,2,3,3,3,3,2,3.0,2,3,2,0,2,1,2,2,3,3,3,3,3.0,2,2,2,3,2,2,3,3,2,2,3,3,3,2,3,3,2,3,2,3,3,2,3,3,3,2,2,1,2,2,2,2,2,2,3,2,2,3,3.0,3,3,2,2,3,3,2,3,3,3,2,1,2,3,3,3.0,2,3,2,2,3,3,0.0,3,2,3,2,3.0,3,2,0,3,2,2,3,2,2,3.0,3,2,2,3,2,3,3,3.0,3.0,3,3.0,3,3.0,2,3,1,3,3,3,3,2,3.0,2,3,1,3.0,2,3,3.0,3,3,2,3.0,2,2,3,3.0,3.0,3,3.0,3,2,3,3.0,3,3,3.0,157,5,1.0775237605959416,-0.41003705023298076
2,3,2,3,2,2,2,3,2,3.0,2,3,2,2,3,2,3,3.0,2,2,3,3,2,3,3,3,2,3,3,3,2,3,3,3,2,3,3,2,2,3,2,3,3,2,3,3,2,2,3,3,3,1,3,3.0,3,2,2,2,2,2,2,0,2,3.0,3,2,2,0,3.0,3,3,2,3,3,2,3,3,2,2,3,3,3,3,2,2,3,2,3,3,3.0,3,3,2,3,3,2,3,3,2,2,2,2,2,2,2,3,2,3,2,1,2,1,3,3,1,2.0,3,3,3,3,2,3,2,3,2,3,3,2,2,3,2,3,3,3,3,3,2,3,3,3.0,2,2,3,2,2,2,3,2,3,3,3,2,2,3,3,3,2,2,2,3,3,0,3,2,3,2,3,3.0,2,3,2,2,2,3,2,2,2,2,3,3,3,3,3,3,3,2,3,3,3,3,3,2,3.0,2,3,3,2,2,3,3,2,3.0,3,3,2,2,2,3,3,2,3.0,3.0,3,2,2,2,3,2,0,3,3,2,2,3,3,2,2,2,3,2,3,2,3,1,3,3,2,3,2,3,2,2,3,2,2,3,2,2,2,3,2,1,3,3.0,3,3,2.0,3,3,2,2,2,2,3,3,2,3.0,2,3.0,2,2,3,3,3,2,2,2,2,3,3,3,3.0,3,2,2,3,3.0,2,2,2,3.0,3,3,3.0,3,2.0,2,2,2,3,3,3,3,3,2,2,2,3,3,3,3,3,2.0,3,3,2,2,3,3,2,3,2,3,2,3,2,3,3,2,3,3,3,3,3,3,2,3,2,3,2,2,3,2,3,2,2,3,3,2,2,3.0,3.0,3,3,3,2,3,3,3.0,3,3,3.0,3,2,3,3,2,3,2,3,3,2,3,3.0,3.0,3,3,3,2,3,3,3,3,3,3,2,2,3,2,2,2,2,3,2,2,3,2,3,2,3,3,3,2,2,3,2,3,3,2,1,2,2,3,2,3,3,2,3,2,3.0,2,3,3,2,2,3,2,2,3.0,3.0,0,3.0,2,3,2,3,3,2,3,3,2,3,3.0,3,3,2,2,3,3,2,2,3,3,3.0,3,2,2,3,2,2,2,2,3,2,3,3,3.0,2,2,3,2,3,3,3,3,3,3,3,3,3,3,2,3,2,3,3,3,3,3,3,1,1,3,3,3,2,2,2,3,2,3,3,3,2,3,3.0,2,3,3,3,3,3,3,2,3,3,2,2,2,3,3,3.0,0,3,2,2,3,3,3.0,3,3,3,2,2.0,3,2,2,3,3,2,3,3,2,3.0,2,2,3,1,2,1,3,3.0,3.0,3,3.0,3,3.0,3,3,2,2,3,3,3,3,3.0,2,3,3,3.0,3,3,3.0,3,2,2,3.0,2,3,3,3.0,3.0,3,3.0,3,3,3,3.0,3,3,3.0,158,5,1.0902515885726096,-0.42158314126129764
3,3,2,3,3,3,3,3,3,3.0,2,3,2,2,3,3,2,3.0,3,2,3,3,3,3,3,3,2,3,3,3,2,3,3,3,2,3,3,3,3,3,3,3,3,3,2,3,3,3,3,3,3,3,2,3.0,2,3,2,3,2,3,2,2,2,3.0,3,3,2,3,3.0,2,3,3,3,3,2,3,3,2,2,3,3,3,3,2,0,3,2,2,3,3.0,3,3,2,2,3,3,2,3,2,3,3,3,2,2,2,3,2,3,2,2,3,3,3,3,2,3.0,3,2,2,2,2,2,2,3,2,3,3,2,2,3,2,3,3,3,3,2,2,2,3,3.0,2,2,3,3,3,2,2,2,2,2,3,1,3,2,3,2,2,3,3,3,3,1,2,2,2,3,3,3.0,0,2,2,3,3,3,3,2,2,3,3,3,3,2,3,3,2,3,2,3,2,2,3,3,3.0,2,3,3,3,3,2,0,3,3.0,3,3,3,3,3,3,3,3,3.0,3.0,3,3,2,3,2,3,2,2,3,3,2,3,3,2,3,3,3,2,3,3,3,2,3,1,3,3,2,2,1,2,3,2,2,3,2,3,3,3,3,2,3,3.0,3,3,2.0,3,3,3,3,2,3,2,3,3,3.0,2,3.0,2,3,3,3,3,3,3,3,2,2,3,3,3.0,3,2,2,3,3.0,3,3,0,3.0,3,3,3.0,3,2.0,2,3,2,2,3,2,3,3,3,2,3,3,3,3,2,3,3.0,3,3,3,2,2,3,3,3,3,2,3,3,2,3,3,3,3,3,2,3,2,2,3,3,2,3,2,2,2,3,2,3,3,3,3,2,3,3.0,3.0,3,3,3,3,2,3,3.0,2,2,3.0,3,2,3,3,2,2,2,3,2,3,3,3.0,3.0,3,3,3,2,2,3,3,2,2,2,3,2,2,3,3,2,3,2,3,2,3,2,3,3,3,3,3,3,1,2,3,3,3,3,2,2,3,3,1,3,3,1,3,3,3.0,2,3,3,2,3,3,3,3,3.0,3.0,3,3.0,3,3,3,2,3,2,0,3,2,3,,2,2,1,3,3,3,2,3,3,3,3.0,3,2,3,3,3,2,2,3,3,3,2,3,,3,3,3,2,3,3,3,2,2,3,2,3,3,3,3,3,2,3,3,3,2,2,3,2,3,3,3,3,3,3,3,3,2,3,3,3,3,3,3.0,3,2,3,3,3,3,3,3,3,3,2,3,3,3,3,3.0,3,2,2,3,3,2,3.0,3,3,3,2,3.0,3,2,2,3,1,2,3,2,3,2.0,2,3,3,3,2,3,2,3.0,3.0,3,3.0,3,3.0,3,3,2,3,2,3,3,1,3.0,2,3,2,3.0,2,3,3.0,3,2,3,3.0,3,2,0,3.0,3.0,3,2.0,3,3,3,3.0,2,2,3.0,159,5,1.0916982867655514,-0.27896759726446735
3,3,3,3,3,3,3,3,3,3.0,3,3,2,3,3,3,3,,3,3,3,0,3,2,0,3,3,3,3,3,2,3,3,2,3,2,3,3,3,3,3,3,3,3,3,3,3,3,3,3,3,3,3,3.0,3,3,3,3,2,3,3,3,2,3.0,3,3,2,3,3.0,3,2,3,2,3,3,3,3,3,3,3,3,3,2,3,3,2,3,3,3,3.0,3,3,2,2,3,3,3,3,2,3,3,3,3,3,3,3,3,3,3,3,3,3,3,3,2,3.0,3,0,1,3,3,2,3,3,2,3,3,3,2,3,3,3,3,3,2,3,3,3,3,3.0,3,3,3,3,3,3,3,3,3,2,3,3,3,2,3,3,3,3,3,3,2,2,3,3,3,3,3,3.0,2,3,2,3,3,3,2,3,3,2,3,2,3,3,2,3,3,3,3,3,3,3,3,3,3.0,3,3,3,2,2,3,3,3,3.0,3,3,3,3,3,3,3,3,3.0,3.0,3,2,3,3,3,3,2,3,3,3,3,3,3,2,3,3,3,3,3,3,3,3,3,3,3,3,3,3,3,3,3,3,3,3,3,3,3,3,3,2,3,1.0,3,3,3.0,3,3,3,3,3,3,2,3,3,3.0,3,3.0,3,3,3,3,3,3,3,3,3,3,3,3,3.0,2,3,3,3,3.0,3,3,3,3.0,3,3,2.0,2,3.0,3,3,3,3,3,3,3,2,3,3,3,3,3,2,3,3,3.0,3,3,3,2,3,3,3,3,3,3,3,3,3,3,3,3,3,3,3,3,3,3,3,3,3,3,3,3,3,3,3,3,3,2,3,2,3,3.0,3.0,3,3,3,3,3,3,,3,3,3.0,3,3,3,3,2,2,2,3,3,3,3,3.0,3.0,3,3,3,3,3,3,2,3,3,3,3,3,3,2,3,2,3,3,0,3,3,3,3,3,3,3,3,3,3,3,3,3,3,3,2,3,3,3,1,3,2,2,3,2,3.0,3,3,3,3,3,3,3,3,3.0,,3,3.0,3,3,3,3,3,3,3,3,3,3,,3,3,3,3,3,2,3,3,3,3,3.0,3,3,2,2,3,3,3,3,3,3,3,3,,3,2,3,3,3,3,3,2,2,1,3,3,2,3,3,3,3,3,3,3,3,3,2,3,3,3,2,3,3,3,3,3,2,3,3,3,3,0,3.0,3,3,3,3,3,3,3,3,3,3,3,3,3,3,3,3.0,2,2,3,3,3,3,3.0,2,3,3,3,3.0,3,1,3,3,3,3,3,3,3,3.0,3,3,3,3,3,3,3,3.0,3.0,3,1.0,3,3.0,2,3,3,3,3,3,3,3,3.0,2,3,3,0.0,3,3,3.0,3,3,3,3.0,3,3,3,,3.0,3,3.0,3,3,3,3.0,1,3,,160,5,1.1824979789814067,-0.15117744490131582
2,2,2,2,3,2,2,3,2,1.0,3,2,2,0,3,2,1,3.0,3,2,2,3,2,2,2,3,2,2,2,3,0,2,2,2,1,2,3,2,2,2,3,2,2,2,2,2,2,3,2,3,3,2,2,3.0,3,3,2,3,2,2,2,2,2,2.0,2,2,2,3,3.0,3,2,2,2,3,3,3,3,2,3,3,2,1,2,2,2,2,2,2,3,3.0,2,2,2,3,3,2,2,3,2,2,2,3,2,2,2,2,3,2,2,2,3,2,2,3,3,2.0,2,2,2,2,3,2,2,3,2,2,3,3,2,3,2,2,3,3,2,3,2,2,3,3.0,2,2,3,3,3,2,2,2,2,2,2,1,3,2,2,2,2,2,2,2,2,2,2,1,3,2,3,2.0,3,2,2,3,2,3,2,3,2,2,2,2,2,2,2,3,2,2,2,3,3,2,2,2,3.0,2,2,3,2,2,2,2,3,3.0,2,2,2,3,2,2,2,3,3.0,3.0,2,2,2,2,2,1,2,2,3,2,2,2,2,2,1,2,3,2,3,2,2,2,2,2,3,2,2,2,0,2,3,2,3,2,2,2,2,3,2,2,2,3.0,3,2,1.0,3,2,3,3,1,2,3,2,2,2.0,2,3.0,2,2,2,3,2,2,2,2,2,2,2,3,2.0,2,3,2,2,3.0,2,2,3,1.0,2,2,2.0,2,3.0,2,2,2,3,2,2,2,3,1,2,2,3,3,2,2,3,3.0,2,3,2,2,2,3,2,1,2,2,2,2,2,2,3,2,2,3,2,3,3,2,2,2,2,2,2,3,2,2,3,2,3,1,3,3,3,3.0,2.0,3,2,3,3,2,2,3.0,3,3,3.0,2,2,2,3,2,2,2,2,3,2,3,3.0,2.0,3,2,2,2,2,2,3,0,2,3,2,2,2,2,3,2,2,2,2,2,3,2,2,2,2,3,2,2,2,3,2,2,3,2,2,3,3,3,2,3,2,2,3,2,3.0,2,2,3,2,3,3,3,2,2.0,3.0,2,3.0,2,2,3,3,2,2,2,3,2,3,3.0,2,2,2,3,3,2,3,2,3,2,2.0,1,3,2,2,3,2,2,0,2,2,3,2,3.0,2,2,2,2,3,1,2,2,2,3,2,2,2,2,3,2,2,3,3,3,3,2,2,2,3,2,2,2,3,3,2,2,2,2,3,2,2,3,3.0,2,2,3,2,3,2,2,2,2,3,2,2,2,2,2,3.0,2,3,3,2,3,3,3.0,3,2,2,2,3.0,2,2,3,3,3,2,3,2,3,2.0,2,2,2,2,2,3,1,3.0,3.0,2,3.0,2,3.0,2,2,3,2,2,2,3,2,3.0,3,3,3,3.0,3,3,3.0,3,3,2,3.0,2,2,2,3.0,3.0,3,3.0,3,3,3,3.0,3,0,3.0,161,5,1.0821643286573146,-0.4415392046012804
3,2,2,3,3,2,3,3,3,3.0,2,3,2,3,3,3,3,,3,3,2,3,3,3,3,3,2,2,1,3,3,3,3,2,3,3,3,3,3,2,3,3,3,3,3,3,2,3,3,2,2,3,3,3.0,3,3,3,3,3,2,3,3,3,3.0,3,2,2,3,3.0,3,3,3,3,3,2,3,3,3,0,3,3,3,2,1,3,2,3,3,3,3.0,3,3,3,2,0,2,3,3,2,3,2,3,2,3,3,3,3,3,3,2,2,3,3,3,2,3.0,3,3,3,3,3,3,3,3,2,3,3,3,3,3,3,3,3,3,3,3,2,3,3,3.0,3,3,3,3,3,2,3,3,3,3,3,3,3,3,3,3,3,3,2,3,3,3,3,3,3,2,3,3.0,3,3,3,3,3,3,3,3,2,2,0,3,3,3,3,2,3,3,3,3,3,3,3,2,3.0,2,3,2,3,3,3,3,2,3.0,2,2,3,3,2,3,3,3,3.0,3.0,3,3,2,2,3,2,2,3,3,3,3,2,3,2,2,2,2,3,3,2,3,2,2,3,3,2,2,3,3,3,2,3,3,3,3,2,3,3,3,3,3,3.0,3,3,3.0,3,3,3,2,2,3,3,2,3,3.0,3,3.0,3,0,3,3,3,2,3,3,3,3,3,3,3.0,2,3,3,3,2.0,2,3,3,3.0,2,3,3.0,3,2.0,3,3,3,3,3,3,3,3,2,3,3,3,3,2,3,2,3.0,3,3,3,3,1,3,2,3,3,3,2,3,3,3,3,3,3,3,3,3,2,3,3,3,3,3,3,3,3,3,3,2,3,3,3,3,1,3.0,3.0,3,2,3,3,3,3,3.0,3,3,3.0,3,3,2,3,3,3,3,3,3,3,3,3.0,3.0,3,3,3,3,2,3,3,3,3,2,2,3,3,3,3,2,3,2,2,3,3,3,3,3,3,2,3,3,3,3,3,3,3,3,3,3,3,3,3,3,2,2,3,2,3.0,3,3,3,3,3,3,3,3,3.0,3.0,3,3.0,2,3,3,3,2,3,3,3,3,3,,3,2,3,3,3,1,3,3,3,2,3.0,2,3,1,3,3,3,2,2,3,3,3,3,3.0,3,3,2,3,3,2,2,3,3,3,3,3,2,3,3,3,3,3,3,2,3,3,3,3,3,3,3,3,3,2,2,2,2,0,3,2,3,3,3.0,3,3,3,3,2,3,3,3,2,2,3,3,3,3,3,3.0,2,3,3,2,3,2,3.0,3,3,3,3,3.0,3,0,3,3,3,3,3,2,2,2.0,3,2,2,1,3,3,3,,3.0,3,2.0,2,3.0,3,3,3,3,3,2,3,3,1.0,2,3,3,3.0,2,2,3.0,3,3,3,3.0,3,3,3,3.0,3.0,3,3.0,3,3,3,3.0,2,3,,162,5,1.1276100499760389,-0.26387157841830955
2,3,3,2,2,3,2,3,3,3.0,2,3,2,2,3,3,3,3.0,3,2,3,3,3,2,3,2,3,2,1,3,2,3,3,3,3,2,3,3,2,3,3,3,2,3,2,3,2,2,3,2,2,3,2,3.0,3,3,3,2,2,3,3,3,2,3.0,2,2,2,3,3.0,3,1,3,3,3,3,3,3,3,2,2,1,3,3,2,3,3,2,2,3,3.0,3,3,0,3,3,2,3,3,2,2,2,3,2,2,3,3,3,2,2,3,3,3,3,3,3,3.0,3,2,3,3,2,3,1,3,2,1,2,2,3,3,3,3,3,3,3,2,2,3,3,3.0,2,3,3,3,3,3,3,3,3,3,2,3,3,3,2,3,3,3,2,3,3,3,3,2,3,2,3,2.0,3,3,2,3,2,3,3,3,2,2,3,3,3,2,2,3,2,2,3,3,2,3,2,1,3.0,3,2,2,2,3,3,3,3,3.0,2,3,3,2,2,3,3,2,3.0,3.0,3,3,2,2,3,1,2,2,3,3,3,2,2,2,2,1,3,3,3,2,2,2,2,3,2,3,3,3,3,3,3,3,3,2,3,2,3,2,3,2,3,3.0,3,3,3.0,3,3,3,2,3,3,2,3,3,3.0,3,3.0,3,3,3,2,2,2,3,3,2,3,3,0,3.0,2,3,3,3,3.0,3,3,3,2.0,2,3,3.0,2,2.0,3,3,3,3,3,2,3,3,3,3,2,3,2,3,3,3,3.0,3,3,3,2,3,3,2,3,3,3,3,3,3,3,3,3,2,3,3,3,3,3,3,2,3,3,3,3,2,3,3,2,3,3,3,3,2,3.0,3.0,3,3,2,3,3,3,3.0,3,3,3.0,3,3,3,0,2,3,3,3,3,3,3,3.0,3.0,3,3,3,3,3,3,3,2,3,3,2,3,2,2,3,2,3,3,2,3,3,2,2,3,2,2,3,2,3,3,3,1,3,3,3,3,2,3,2,2,2,3,3,2,3.0,3,3,3,3,3,3,2,3,3.0,3.0,3,3.0,3,3,3,3,2,3,3,3,3,3,3.0,3,3,2,3,3,3,3,2,3,2,3.0,2,3,3,3,2,3,2,2,2,3,3,2,3.0,3,3,2,3,3,2,3,2,3,3,3,3,2,2,3,3,3,3,2,3,3,3,3,2,3,3,2,2,3,3,2,2,3,0,3,2,3,2,3.0,3,3,2,3,3,3,3,3,3,2,3,2,2,3,3,3.0,2,3,3,3,3,3,0.0,0,2,2,3,3.0,1,2,3,3,2,3,3,2,3,3.0,3,2,2,2,2,3,3,3.0,2.0,3,3.0,3,3.0,3,3,2,3,3,3,3,3,3.0,3,3,3,3.0,3,3,3.0,3,2,2,3.0,2,3,3,3.0,3.0,3,3.0,3,3,3,3.0,2,3,3.0,163,5,1.0969563498785928,-0.3376784467272882
3,2,2,2,3,3,2,2,2,3.0,2,2,2,2,3,2,2,3.0,3,2,2,2,3,3,2,2,3,3,3,3,2,2,3,2,2,2,3,2,3,3,3,3,3,2,0,2,3,2,3,2,3,0,3,3.0,2,3,1,3,3,3,3,3,2,3.0,3,3,3,3,3.0,2,3,3,3,2,2,2,3,3,2,3,2,2,3,2,3,3,2,2,2,3.0,2,3,3,3,3,2,3,3,3,1,2,2,3,3,2,3,3,3,2,2,2,3,2,2,3,3.0,3,2,3,2,3,3,2,3,2,3,3,3,3,2,2,3,3,2,3,3,3,3,3,3.0,2,2,3,3,3,2,3,2,2,3,3,3,2,2,3,2,3,3,2,3,2,3,3,3,3,2,3,3.0,2,3,2,2,2,3,0,2,3,3,3,3,3,2,3,3,2,3,2,3,3,3,3,3,3.0,2,2,3,2,3,3,2,2,3.0,2,3,3,2,2,1,3,3,1.0,3.0,3,2,2,3,3,3,3,2,2,2,3,2,3,2,3,2,2,2,2,3,3,2,3,3,3,3,3,2,3,2,2,3,3,2,2,2,2,3,2,2,3,3.0,3,3,3.0,3,3,2,2,2,3,3,2,2,3.0,2,3.0,2,2,3,3,3,3,3,2,2,2,3,2,3.0,2,2,1,2,3.0,2,3,2,3.0,3,3,3.0,3,3.0,2,3,3,3,3,3,2,3,2,3,2,3,3,2,2,3,3.0,2,2,2,2,1,2,2,2,3,3,2,3,2,2,3,3,2,3,2,3,2,3,3,2,2,3,3,2,2,3,3,2,3,3,3,3,3,2.0,3.0,3,2,2,2,3,3,3.0,3,3,3.0,0,3,2,3,2,3,2,2,3,1,2,3.0,3.0,3,3,3,3,3,3,3,3,3,3,3,3,2,2,2,3,3,3,3,2,3,2,3,3,2,3,2,3,2,3,3,2,3,2,2,2,3,3,3,3,3,2,3,3,2.0,2,2,3,2,3,3,2,3,3.0,3.0,2,3.0,3,3,3,3,2,3,3,3,2,3,3.0,3,3,2,3,3,2,3,2,3,3,3.0,2,3,2,3,2,3,3,2,2,3,3,3,3.0,2,3,0,3,3,2,1,3,2,3,1,3,2,3,2,3,2,3,3,1,3,3,3,3,2,3,3,3,3,3,2,3,2,3,3,3,2,3,3.0,2,3,3,2,0,1,3,2,3,3,3,2,3,3,2,3.0,3,2,3,3,3,3,3.0,2,2,2,2,3.0,2,3,3,3,3,3,3,3,3,3.0,3,3,3,3,3,3,3,3.0,3.0,2,3.0,3,3.0,3,3,2,3,3,2,3,3,3.0,2,3,3,3.0,3,3,3.0,3,3,3,3.0,2,3,3,3.0,3.0,3,3.0,3,3,3,3.0,2,3,3.0,164,5,1.0882291557967236,-0.45037712987540574
3,2,2,3,3,3,3,3,3,3.0,3,3,2,2,3,3,3,3.0,3,3,2,3,2,3,3,3,2,3,3,3,3,3,3,3,3,3,3,3,3,3,3,3,3,3,2,3,2,3,0,2,3,3,3,3.0,3,3,3,3,2,3,3,3,2,3.0,3,2,2,3,3.0,3,2,3,3,2,3,3,3,3,2,3,2,3,3,2,2,3,2,2,2,3.0,3,3,2,3,3,3,2,3,3,2,3,3,2,2,3,3,3,3,2,2,3,3,2,3,1,3.0,3,3,3,3,3,3,2,3,3,3,3,2,3,3,2,3,3,3,3,3,2,3,3,3.0,2,3,3,0,3,2,2,3,3,3,3,3,3,3,3,3,2,3,2,3,3,3,2,2,3,3,3,3.0,2,3,2,2,3,3,3,3,3,3,3,3,3,3,3,3,3,3,3,3,2,3,3,3,3.0,2,3,3,3,3,3,3,3,3.0,3,3,3,3,3,3,3,3,3.0,3.0,3,2,3,3,3,2,3,3,3,3,3,2,3,3,3,3,3,2,2,3,3,3,3,3,3,3,3,2,3,3,2,2,3,3,3,3,3,3,3,3,3,3.0,3,3,0.0,3,3,3,3,3,3,3,3,3,3.0,2,3.0,2,3,3,3,3,2,3,3,2,3,3,3,3.0,3,3,2,3,3.0,2,2,3,2.0,3,3,3.0,3,3.0,3,3,2,3,3,3,3,3,3,3,3,3,3,2,3,3,3.0,3,3,3,2,3,3,3,3,1,3,2,3,3,3,3,3,3,3,2,3,3,3,3,2,3,3,3,3,2,3,2,2,3,3,3,3,3,3.0,3.0,3,3,3,3,3,3,3.0,0,3,3.0,3,2,3,3,3,3,3,3,3,3,3,2.0,3.0,2,3,3,3,2,3,3,2,1,2,3,3,3,3,3,2,3,3,3,2,0,3,3,3,2,2,3,3,3,3,3,2,1,3,3,2,1,3,2,3,3,2,3,3,3.0,2,2,3,2,3,3,3,3,3.0,3.0,3,3.0,3,3,3,2,3,3,3,3,3,2,3.0,3,3,3,2,3,3,2,3,3,3,3.0,3,3,3,3,2,3,2,3,1,3,3,3,3.0,3,3,3,3,3,3,3,3,3,2,0,3,3,3,3,3,2,1,3,3,3,3,3,3,3,3,2,3,3,3,2,2,2,3,3,3,3,3,3.0,2,3,3,2,3,3,3,3,3,3,3,3,3,3,2,3.0,3,3,3,3,3,2,3.0,3,3,3,2,3.0,3,2,2,3,3,2,3,2,3,3.0,3,3,3,3,3,3,3,3.0,2.0,2,3.0,3,3.0,3,3,1,3,3,3,3,1,3.0,2,3,3,3.0,3,3,3.0,3,3,3,3.0,2,3,2,,3.0,3,3.0,3,3,3,3.0,3,3,,165,5,1.125484393715212,-0.2559832719965009
3,3,3,3,3,3,3,3,3,3.0,1,3,2,3,3,3,3,,3,3,3,3,3,2,3,1,3,3,3,3,3,3,3,3,3,3,2,3,3,3,3,3,3,3,3,2,2,3,3,3,3,3,3,3.0,3,3,2,3,3,2,3,3,2,3.0,3,3,3,3,3.0,3,3,3,3,2,3,2,3,3,2,3,3,3,3,2,2,3,2,2,2,3.0,3,3,2,3,3,3,3,3,2,3,3,3,2,3,3,3,2,3,2,3,3,3,2,3,3,3.0,3,2,3,3,2,2,2,3,1,3,3,3,3,3,3,3,3,3,3,2,2,3,3,3.0,3,3,3,3,2,3,3,3,3,2,3,3,3,3,3,3,3,2,2,3,3,3,3,3,3,3,3,3.0,0,3,3,2,3,3,3,3,3,2,3,3,3,3,3,3,3,3,2,3,3,3,3,3,3.0,3,3,3,3,2,2,3,3,3.0,2,3,3,2,2,3,3,3,3.0,3.0,3,3,2,0,3,3,3,3,3,3,2,3,3,2,3,3,3,3,3,3,2,3,3,2,3,3,2,2,3,3,3,2,0,3,3,3,3,3,3,3,3,3.0,3,3,3.0,3,3,3,2,3,3,2,3,3,3.0,3,3.0,2,3,3,2,3,3,3,3,3,3,3,2,3.0,2,2,2,3,3.0,3,3,3,3.0,3,3,3.0,3,3.0,3,3,3,3,3,3,3,3,3,3,3,3,3,3,3,3,3.0,3,3,3,3,3,3,3,3,3,0,2,3,3,3,3,3,2,3,3,3,3,2,3,3,3,3,3,2,3,3,3,2,3,3,3,2,3,3.0,3.0,3,3,3,3,3,3,3.0,3,3,3.0,3,3,3,3,3,2,3,3,3,3,3,3.0,3.0,3,3,2,3,3,3,3,2,3,3,2,2,1,3,3,3,3,3,2,3,3,2,2,3,3,3,3,3,3,3,3,2,3,3,3,3,3,3,3,2,3,3,3,3,3.0,3,3,3,3,3,3,3,3,3.0,3.0,2,3.0,2,3,3,3,3,3,2,3,3,3,3.0,3,3,3,3,3,3,2,3,3,3,3.0,3,3,3,3,3,2,1,3,3,3,2,3,,3,3,3,2,3,3,3,3,3,3,3,3,3,3,3,3,2,3,3,3,3,3,3,2,3,3,3,3,3,3,3,3,3,3,3,2,3,3,0.0,3,3,3,3,3,3,3,3,3,3,3,3,3,3,3,3.0,3,3,3,3,3,3,3.0,3,3,3,3,3.0,3,3,3,3,3,2,3,3,3,3.0,3,3,3,3,3,2,3,3.0,3.0,3,3.0,3,3.0,3,3,1,2,3,3,3,3,3.0,3,3,3,3.0,3,3,3.0,3,3,3,3.0,3,3,2,3.0,0.0,3,3.0,3,3,2,3.0,3,3,3.0,166,5,1.1458623087621698,-0.20325199071260897
3,2,2,2,2,2,2,3,3,2.0,2,2,2,2,3,3,3,3.0,3,3,2,2,2,2,2,3,3,3,1,3,3,2,2,2,3,2,3,2,2,2,2,3,2,3,2,3,2,2,3,1,2,3,3,3.0,3,3,3,3,3,2,3,3,2,2.0,2,2,2,3,2.0,3,3,2,2,3,3,2,2,2,3,2,3,2,3,2,3,2,3,3,2,3.0,3,3,2,2,3,2,2,3,2,2,2,3,3,2,3,2,3,3,2,3,3,2,2,3,2,2.0,3,2,2,3,2,3,3,3,2,3,2,2,3,2,2,3,2,2,2,2,2,2,3,3.0,2,3,3,3,3,3,3,2,3,2,2,3,2,2,2,2,2,3,2,3,3,2,2,3,3,2,3,2.0,3,2,2,1,2,3,2,3,2,2,3,2,3,2,2,2,2,3,3,2,2,3,2,2,3.0,2,2,2,0,3,3,2,2,3.0,2,3,2,2,2,3,3,2,3.0,3.0,3,2,2,2,2,2,2,2,2,3,2,2,2,2,2,1,2,3,2,2,2,2,2,3,3,2,2,3,2,2,1,3,3,2,2,2,3,3,3,2,2,1.0,3,3,3.0,3,3,3,3,2,2,3,2,2,3.0,3,3.0,2,2,2,2,2,2,3,2,3,3,2,2,3.0,2,2,3,2,3.0,2,3,3,3.0,2,2,3.0,3,3.0,3,0,3,3,2,3,3,2,3,2,3,3,3,2,2,2,2.0,2,3,2,2,2,3,1,2,3,2,2,2,2,2,3,3,2,2,3,3,3,2,3,2,2,2,2,2,3,1,2,2,2,2,3,3,3,3.0,2.0,2,2,2,2,2,2,3.0,3,3,3.0,3,2,3,2,2,3,2,2,3,2,3,3.0,3.0,1,3,3,2,2,3,3,2,3,2,2,3,3,3,2,2,3,2,2,2,3,2,2,3,3,2,3,2,3,3,2,2,2,3,2,3,3,3,2,3,2,3,3,3,3.0,2,2,3,3,2,3,2,3,3.0,3.0,2,3.0,2,3,3,0,2,3,3,3,3,3,3.0,2,2,3,2,3,2,3,2,2,2,3.0,0,2,2,2,2,2,2,2,2,2,3,2,3.0,2,1,2,3,3,2,2,2,2,3,2,2,2,0,2,3,2,3,2,2,3,3,2,2,2,3,2,2,2,2,2,3,1,3,2,2,2,3,3.0,2,2,3,2,2,2,2,1,2,2,3,2,2,2,2,3.0,2,2,2,2,3,3,3.0,2,2,2,2,3.0,3,2,2,3,3,3,3,2,1,3.0,3,2,2,2,3,2,2,3.0,3.0,2,3.0,3,3.0,1,3,2,0,3,3,3,3,3.0,2,3,3,3.0,3,3,3.0,3,2,3,3.0,2,3,2,3.0,3.0,3,3.0,3,3,3,3.0,3,3,3.0,167,5,1.0803525409751573,-0.42750618970001797
3,3,3,3,3,2,2,3,2,3.0,2,3,2,2,3,3,2,3.0,3,3,3,3,3,2,2,2,2,3,2,3,2,2,3,2,3,2,3,3,3,3,3,3,2,3,3,2,3,3,2,3,2,2,2,3.0,3,3,3,2,2,3,2,2,2,2.0,3,3,1,3,3.0,3,3,3,3,3,2,3,3,3,3,3,3,2,3,2,2,3,2,2,2,3.0,3,3,2,0,3,2,3,3,3,2,3,3,2,3,3,2,3,3,2,3,3,3,2,3,2,3.0,2,2,3,3,3,3,2,3,3,3,3,3,3,3,3,3,3,3,2,3,2,2,3,3.0,2,1,3,3,3,2,2,2,2,3,2,2,2,3,2,2,2,2,2,3,3,3,3,2,2,3,3,3.0,3,1,2,3,3,3,3,3,2,3,3,3,3,2,2,2,3,2,3,3,3,3,3,2,3.0,2,2,3,3,3,3,3,2,3.0,3,3,3,3,3,1,3,3,3.0,3.0,3,3,2,3,2,3,2,3,3,3,3,2,3,2,2,3,2,2,3,3,0,2,2,3,3,3,2,2,3,2,1,2,3,3,2,2,3,3,3,3,3,3.0,3,3,2.0,3,3,3,3,2,3,3,2,2,3.0,3,3.0,3,2,3,2,3,3,3,3,2,3,2,2,3.0,3,3,2,2,3.0,2,2,2,3.0,3,3,3.0,2,3.0,2,2,3,3,3,3,3,3,3,3,2,3,3,3,2,3,3.0,2,2,3,3,3,3,2,2,3,2,3,3,3,3,3,3,2,2,2,3,2,3,3,3,3,3,3,3,2,3,2,2,3,3,3,3,3,3.0,3.0,3,3,3,3,2,2,3.0,0,3,3.0,2,3,3,3,3,2,2,3,3,3,3,3.0,3.0,2,3,3,0,2,3,3,3,3,2,2,3,2,3,3,3,2,2,3,2,2,3,3,3,2,2,2,3,2,3,1,2,2,3,2,2,3,3,2,3,3,2,3,3,3.0,2,3,1,2,3,3,2,2,3.0,3.0,3,2.0,3,3,3,2,2,3,2,2,3,3,3.0,3,2,3,2,2,3,3,3,3,3,3.0,3,3,2,3,2,2,2,2,3,3,3,3,3.0,3,3,3,3,2,3,3,2,3,3,2,2,2,3,3,3,3,3,3,3,3,2,2,3,3,3,2,3,3,3,3,2,3,3,3,3,3,3,,2,3,2,3,3,3,3,2,3,3,2,2,2,3,1,3.0,0,3,2,3,3,2,3.0,2,2,3,2,3.0,3,2,3,3,2,2,3,2,2,3.0,2,3,3,3,2,3,3,3.0,3.0,2,3.0,3,3.0,3,3,1,3,3,3,3,2,3.0,3,3,3,3.0,2,3,3.0,3,3,3,3.0,0,3,3,3.0,3.0,3,3.0,1,3,3,3.0,3,1,3.0,168,5,1.0981303241509017,-0.3587191694595283
3,2,2,3,3,2,2,2,3,3.0,2,2,2,3,3,3,2,,3,3,3,3,1,2,3,3,3,2,3,3,2,3,3,2,3,3,3,3,3,1,3,2,2,3,2,3,2,2,3,2,2,3,3,3.0,3,3,3,2,3,3,3,3,3,3.0,3,3,2,3,3.0,3,3,2,2,3,2,3,3,2,3,3,3,3,2,3,3,3,3,2,3,3.0,3,3,2,3,3,2,3,3,2,3,2,0,3,2,3,3,3,1,3,3,2,2,3,3,2,2.0,3,2,3,3,3,3,3,3,3,2,3,3,3,2,3,2,3,3,3,3,3,3,2,3.0,2,3,3,3,3,3,3,2,2,3,2,2,3,2,3,2,2,3,3,3,3,2,3,3,3,3,3,3.0,3,3,2,2,2,3,3,3,2,3,3,3,3,3,2,3,3,3,2,3,3,3,3,3,3.0,1,2,2,2,3,3,3,3,3.0,2,2,3,2,2,3,3,1,3.0,3.0,3,2,2,2,3,2,3,2,0,3,3,2,2,2,2,2,2,2,2,3,3,2,2,3,2,3,2,3,3,2,2,3,3,3,2,2,2,3,3,2,1,3.0,3,3,2.0,3,3,2,3,2,1,3,3,2,3.0,3,3.0,3,2,2,3,3,3,3,2,2,3,3,3,3.0,0,2,3,2,2.0,2,3,3,3.0,3,3,3.0,3,3.0,3,2,2,3,2,3,3,2,2,3,2,3,3,2,3,3,3.0,2,3,3,2,2,3,2,2,3,2,2,3,3,2,3,3,3,3,2,3,3,3,3,1,2,2,3,3,3,2,3,2,3,3,3,3,3,3.0,3.0,2,2,2,2,2,3,3.0,3,3,3.0,2,2,3,3,3,3,3,3,3,2,2,3.0,2.0,2,3,2,2,2,2,2,2,3,3,2,3,2,2,3,3,3,3,2,2,3,2,2,3,2,2,3,3,2,3,2,2,3,2,2,3,3,3,3,3,3,3,3,3,3.0,3,3,3,2,0,3,3,3,3.0,3.0,3,3.0,2,3,3,3,3,3,3,3,3,2,3.0,3,3,3,3,3,3,0,2,3,2,3.0,2,3,2,2,2,3,2,3,2,3,3,2,3.0,1,2,2,3,3,2,3,2,1,2,2,2,2,3,3,3,3,3,3,2,2,2,2,3,2,3,3,3,3,2,2,3,3,3,3,3,2,3,3.0,3,3,3,3,2,3,0,3,3,3,2,2,3,3,3,3.0,3,3,2,2,3,3,3.0,3,2,3,3,3.0,3,3,2,3,3,3,3,2,2,3.0,2,2,3,3,3,3,3,3.0,3.0,2,3.0,3,3.0,3,3,3,2,2,2,3,3,3.0,3,3,3,3.0,3,3,3.0,3,3,2,3.0,2,3,3,3.0,3.0,3,3.0,3,3,3,2.0,3,3,3.0,169,5,1.0921830873341505,-0.40270298639396096
2,3,2,3,3,3,3,3,2,2.0,0,3,2,2,3,2,3,3.0,3,3,3,3,3,3,3,3,2,3,2,2,2,2,3,3,2,2,3,3,3,3,2,3,3,3,3,3,2,2,2,2,3,1,2,3.0,2,3,3,2,2,2,2,3,2,2.0,3,3,2,3,3.0,3,3,3,3,3,2,3,3,3,3,3,2,3,2,0,1,3,2,3,3,3.0,3,3,3,2,3,3,1,3,2,2,2,3,2,2,2,2,3,3,2,2,3,2,2,3,2,3.0,3,2,2,2,2,3,2,3,2,3,3,2,3,3,2,2,2,3,3,2,3,1,3,3.0,2,2,3,2,3,2,2,3,3,2,3,2,3,3,3,3,2,2,2,3,3,2,2,2,3,3,3,3.0,3,2,2,2,2,3,3,3,3,3,3,3,3,2,3,3,3,2,3,2,2,2,3,2,3.0,2,3,2,3,3,3,3,3,3.0,3,3,3,3,2,2,3,2,3.0,3.0,3,2,2,2,2,2,2,3,2,3,2,3,2,2,3,2,1,3,3,2,2,2,2,2,3,3,3,3,0,3,3,3,2,3,3,3,3,3,3,2,3,3.0,3,3,3.0,3,3,2,2,2,3,2,3,2,3.0,3,3.0,2,2,3,3,0,2,3,3,2,3,3,3,3.0,3,2,3,3,3.0,3,3,3,3.0,3,2,3.0,3,3.0,3,3,2,1,3,3,3,3,3,3,2,3,2,3,0,3,3.0,3,3,3,2,2,3,2,3,3,2,1,3,3,3,3,3,3,3,3,3,3,3,3,2,2,3,3,2,3,3,2,3,3,3,3,3,3,3.0,3.0,3,3,3,3,3,2,3.0,3,3,3.0,3,3,3,3,2,3,3,3,3,2,3,2.0,3.0,2,2,3,2,3,3,3,2,1,3,2,2,2,3,3,3,3,3,3,3,3,3,3,3,3,3,3,3,3,3,3,3,3,3,3,3,2,3,3,1,3,2,3,2,3.0,2,3,3,3,3,3,3,3,2.0,3.0,3,3.0,3,3,3,3,2,2,3,3,2,3,3.0,3,3,3,3,3,2,2,3,3,3,3.0,2,3,3,2,3,3,3,3,3,3,3,3,3.0,3,2,3,2,3,3,2,2,3,3,2,3,2,3,3,3,3,3,3,3,3,3,3,3,3,3,3,3,3,2,2,2,3,3,3,3,3,3,3.0,3,3,3,2,2,3,3,3,3,2,3,3,3,3,2,3.0,3,3,3,3,3,2,3.0,3,2,3,3,3.0,3,1,3,3,2,2,3,2,3,2.0,2,3,3,3,3,3,0,3.0,3.0,3,3.0,3,3.0,3,2,2,3,2,3,3,2,3.0,3,3,3,3.0,3,3,3.0,3,3,3,3.0,1,3,2,3.0,3.0,3,3.0,2,3,3,3.0,3,2,3.0,170,5,1.102746292223538,-0.28881389403042673
3,2,3,3,3,3,3,3,3,3.0,3,3,2,3,3,1,3,3.0,3,3,3,3,3,3,3,3,3,3,3,3,2,3,3,3,3,2,3,3,3,3,2,3,3,3,2,3,2,3,3,3,3,3,3,2.0,3,3,3,3,3,3,3,3,3,3.0,3,2,3,3,3.0,3,3,3,3,3,3,3,3,3,3,3,3,3,3,2,3,3,3,3,3,3.0,3,3,3,3,3,3,3,3,3,3,2,3,3,3,3,3,3,3,3,3,3,3,3,3,3,3.0,3,3,3,3,3,3,3,3,3,2,3,3,3,3,3,3,3,3,3,3,1,3,3,3.0,3,3,3,3,3,3,3,2,3,3,3,3,3,3,2,3,3,3,3,3,3,3,3,2,3,3,3,3.0,3,3,3,3,2,3,3,3,3,2,3,3,2,2,3,3,3,3,3,1,3,3,3,2,3.0,3,3,2,3,3,3,0,3,3.0,2,3,3,3,2,1,3,2,2.0,3.0,3,2,3,3,3,3,3,3,3,3,3,3,2,3,2,2,2,3,3,2,3,3,2,2,3,3,3,3,3,3,3,2,3,3,3,3,3,3,3,2,3,3.0,3,3,3.0,2,3,3,2,3,3,2,2,3,2.0,3,3.0,3,2,2,3,3,3,3,3,3,3,3,2,3.0,3,2,3,3,3.0,3,3,3,3.0,3,3,0.0,3,3.0,3,3,3,3,3,3,2,3,3,3,3,3,3,3,3,3,3.0,3,3,2,3,3,3,3,3,3,3,2,3,3,3,3,3,3,3,3,3,3,2,3,3,3,3,3,3,3,3,2,3,3,3,3,2,3,3.0,3.0,3,3,1,3,3,3,3.0,3,3,3.0,3,3,3,3,2,3,3,3,3,3,3,3.0,2.0,3,3,3,2,3,3,3,3,2,3,3,3,3,3,3,2,3,3,2,2,3,2,3,3,0,0,3,3,3,3,3,3,2,2,3,3,3,3,3,3,3,3,3,3,,3,3,3,3,3,0,3,3,3.0,3.0,3,3.0,3,3,3,3,2,3,3,3,3,3,,3,3,3,3,3,3,3,3,2,2,3.0,3,3,3,3,3,3,3,3,3,3,2,3,,3,3,3,3,3,3,2,3,3,3,3,3,3,3,3,2,3,3,3,3,3,3,3,3,3,3,3,3,3,3,3,3,3,1,2,3,3,3,3.0,3,3,3,3,3,3,3,3,3,3,3,3,2,3,3,3.0,2,3,3,3,3,3,3.0,3,3,3,3,,3,3,3,3,3,3,3,3,3,2.0,3,3,0,3,3,3,3,,3.0,3,3.0,3,3.0,3,3,3,3,3,3,3,3,,3,3,3,,3,3,3.0,3,3,3,3.0,3,3,3,3.0,,3,3.0,3,3,3,3.0,3,3,,171,5,1.18261316872428,-0.1468765974994838
2,2,2,3,2,2,1,3,2,3.0,2,3,2,3,3,2,3,3.0,1,3,3,2,2,3,2,3,2,2,2,3,2,2,2,2,3,2,3,3,2,2,3,2,2,3,2,3,2,1,3,2,0,3,2,3.0,2,3,3,3,2,2,3,3,3,3.0,3,2,2,3,3.0,2,3,3,2,2,2,2,2,2,3,3,0,2,3,3,2,3,3,2,2,3.0,2,3,2,2,3,2,3,3,2,2,2,2,2,2,3,3,3,3,2,2,3,3,2,3,3,2.0,3,2,3,3,2,2,2,3,3,2,2,3,3,2,3,3,3,3,2,3,3,3,3,3.0,2,3,2,2,3,3,3,2,2,3,2,2,2,2,3,3,2,3,2,3,2,3,2,3,3,3,3,2.0,2,3,1,3,2,3,3,3,2,2,2,3,3,2,2,3,3,3,2,3,2,1,3,3,2.0,2,2,1,2,2,3,3,2,2.0,2,2,2,2,2,2,3,3,3.0,3.0,2,2,2,2,3,2,2,2,2,3,3,3,3,2,2,2,2,2,3,1,2,2,2,2,2,1,3,2,3,2,2,2,3,2,3,2,2,2,3,2,2,3.0,3,3,1.0,3,3,2,2,3,2,3,2,2,3.0,1,3.0,2,1,2,3,2,3,2,2,2,3,3,2,3.0,0,3,2,2,3.0,2,3,3,2.0,2,3,2.0,2,2.0,2,2,2,3,2,3,3,3,2,3,2,3,3,3,2,2,3.0,2,3,0,3,2,3,2,3,3,2,2,3,3,2,2,2,3,3,3,3,2,2,3,2,3,3,2,2,2,2,3,2,2,2,3,2,2,3.0,2.0,3,3,2,2,3,3,3.0,3,3,3.0,2,2,2,3,1,3,2,3,2,2,2,2.0,0.0,3,2,2,2,2,2,3,2,2,3,0,3,2,3,3,2,3,3,3,2,3,2,2,3,2,3,2,2,3,3,3,2,3,3,2,3,3,3,3,2,2,3,3,3,3.0,2,3,3,3,2,2,3,2,3.0,3.0,2,3.0,2,3,3,3,3,3,3,3,2,2,3.0,3,2,2,3,3,2,3,2,3,2,3.0,2,3,2,3,2,3,2,2,2,2,3,3,,3,3,3,2,2,2,2,3,2,2,3,2,2,2,3,3,3,3,3,2,3,3,3,2,3,2,2,3,2,2,2,2,3,2,3,2,2,3,3.0,2,3,3,3,2,3,2,3,2,2,3,1,2,2,3,3.0,2,2,3,2,3,3,3.0,3,3,3,3,3.0,2,2,3,2,3,2,3,3,2,3.0,2,2,3,2,3,2,3,3.0,3.0,3,3.0,2,3.0,2,3,2,2,2,2,3,3,3.0,3,3,3,3.0,3,3,3.0,3,3,3,3.0,2,3,3,3.0,3.0,3,3.0,3,3,3,2.0,3,3,3.0,172,5,1.0816661536883145,-0.4434161236668707
3,2,3,3,2,2,2,2,3,3.0,2,2,2,2,3,3,2,3.0,3,3,2,3,2,3,2,3,3,3,3,2,3,2,3,2,3,3,3,2,3,3,3,2,3,3,3,2,3,3,3,3,2,3,2,3.0,3,3,3,3,2,3,3,3,2,3.0,3,3,3,2,3.0,3,2,3,2,3,2,2,3,3,3,3,3,2,2,2,2,3,2,1,2,3.0,3,3,2,3,3,3,1,3,3,3,2,2,3,2,2,2,3,3,2,0,2,3,2,3,2,3.0,3,2,2,3,3,3,3,3,2,2,3,3,3,3,3,3,3,3,3,3,3,3,3,3.0,2,2,2,1,3,2,2,2,2,3,3,3,2,3,3,2,2,2,3,3,3,2,3,2,3,3,3,3.0,2,3,2,2,2,3,3,1,3,3,2,3,3,2,3,3,3,3,3,3,2,3,3,2,3.0,2,2,2,3,2,3,2,3,3.0,2,2,2,3,3,3,3,2,3.0,2.0,3,2,2,3,3,3,3,2,3,2,2,2,3,1,3,2,3,2,3,3,2,2,3,2,3,2,3,2,2,3,2,2,2,3,3,3,3,3,3,2,3,3.0,2,3,3.0,3,3,3,2,2,0,1,2,3,3.0,3,2.0,2,2,3,3,3,2,3,2,2,3,2,3,3.0,2,2,2,2,3.0,2,2,2,3.0,2,3,3.0,3,3.0,3,3,1,3,3,3,3,3,2,2,3,3,2,2,2,3,3.0,3,2,3,3,2,3,2,2,3,3,3,3,2,3,2,3,3,3,3,3,3,3,3,2,1,3,3,2,2,2,3,2,2,2,3,2,2,3.0,3.0,3,3,3,2,3,3,3.0,3,0,3.0,3,2,3,3,3,3,3,3,2,3,3,3.0,3.0,2,3,3,3,1,3,3,2,2,2,3,2,3,3,3,2,2,3,3,2,2,2,3,2,2,2,3,3,2,3,3,3,3,2,2,2,2,3,3,3,3,2,3,3,3.0,2,3,3,3,3,3,2,2,3.0,3.0,3,3.0,3,3,2,3,3,3,3,3,3,3,3.0,2,3,2,3,3,2,2,3,3,3,3.0,2,3,3,3,2,2,2,3,2,3,3,3,3.0,3,3,3,3,3,3,2,3,2,3,0,3,2,3,3,3,3,2,3,3,3,3,3,2,3,3,2,3,2,3,2,3,2,3,3,2,2,3,3.0,3,3,3,2,2,3,3,3,3,3,3,3,3,3,2,3.0,3,3,1,3,3,3,3.0,3,3,3,2,3.0,3,3,3,3,3,0,3,0,3,3.0,3,2,2,3,3,3,3,3.0,3.0,2,3.0,3,3.0,1,2,2,3,3,3,3,2,3.0,2,3,2,3.0,3,3,3.0,3,3,3,3.0,2,3,2,3.0,3.0,3,3.0,2,3,3,3.0,3,3,3.0,173,5,1.0911673276878553,-0.3485713803049606
3,2,3,3,3,3,2,2,3,3.0,2,3,2,3,3,3,3,3.0,3,3,3,3,3,3,3,3,2,3,3,3,3,2,3,3,2,2,3,3,3,3,3,3,2,2,2,3,2,3,2,3,2,3,3,3.0,3,3,2,3,2,3,2,3,2,3.0,3,3,2,3,3.0,1,3,3,2,0,2,3,3,3,3,3,2,3,3,2,3,3,2,2,2,3.0,2,3,2,2,3,1,2,3,2,2,2,3,2,3,2,3,2,3,2,3,2,3,2,2,3,3.0,3,2,3,2,2,3,2,3,2,3,3,3,2,2,2,3,3,3,3,3,2,3,3,3.0,2,2,3,3,3,3,3,2,2,3,2,2,2,2,2,0,3,2,3,2,3,2,2,3,3,2,3,3.0,3,2,2,3,2,3,3,2,3,2,3,2,3,2,2,3,3,3,2,3,2,2,3,3,3.0,2,2,3,3,2,3,3,2,3.0,2,2,3,3,3,3,2,2,3.0,3.0,2,3,2,2,1,3,3,2,3,2,2,2,3,2,2,2,2,2,3,3,2,3,2,3,3,3,2,3,2,2,3,2,2,3,3,3,3,3,3,2,2,3.0,3,3,3.0,3,3,3,2,2,3,2,2,3,3.0,2,3.0,3,3,2,2,3,3,2,2,3,3,2,2,3.0,3,2,1,3,3.0,2,3,3,3.0,3,0,3.0,3,3.0,2,3,0,3,3,3,3,2,3,2,2,3,3,3,3,2,1.0,2,2,2,2,3,3,1,2,3,3,3,3,2,3,3,3,2,2,2,2,2,2,3,3,3,2,3,2,3,2,2,2,3,3,3,3,2,3.0,3.0,3,2,2,2,2,3,2.0,3,3,3.0,2,3,3,3,2,2,2,3,3,2,2,3.0,3.0,3,3,3,2,3,3,3,2,3,2,3,3,2,2,2,3,2,2,2,2,3,2,3,3,2,3,2,2,2,3,3,3,3,3,2,2,2,3,2,3,2,2,3,3,3.0,2,3,3,2,3,3,1,3,3.0,3.0,3,3.0,3,3,2,3,3,3,2,3,2,3,3.0,3,3,2,2,3,3,3,2,2,3,3.0,2,2,3,2,2,2,3,2,2,2,3,3,3.0,3,2,2,3,3,3,3,2,3,3,2,3,2,2,2,3,3,3,3,3,2,2,2,2,2,2,0,3,3,3,2,2,2,3,3,2,3,3,3.0,3,2,3,2,3,3,3,3,3,3,2,2,3,2,3,3.0,3,0,2,2,3,2,3.0,3,3,2,2,3.0,3,1,3,3,1,3,1,2,2,3.0,3,2,3,3,3,3,3,3.0,2.0,3,3.0,3,3.0,1,3,2,3,3,2,3,1,3.0,3,2,3,3.0,2,2,3.0,3,3,3,3.0,2,3,3,3.0,3.0,3,3.0,3,3,3,3.0,2,3,3.0,174,5,1.087434827945777,-0.42999004968232374
2,2,2,2,3,2,2,2,2,3.0,3,3,2,2,2,3,2,3.0,3,2,2,2,2,2,2,2,2,2,3,2,2,2,2,2,3,2,2,2,3,2,2,2,2,3,2,2,3,2,2,2,2,2,2,3.0,2,2,2,3,2,2,2,2,2,2.0,2,2,2,3,3.0,2,3,2,2,2,3,2,2,2,2,2,3,2,3,2,3,2,2,2,2,3.0,2,2,2,3,3,2,3,3,2,2,2,3,2,2,2,2,3,3,2,2,2,2,2,1,2,2.0,3,2,2,2,2,2,2,3,1,2,2,2,2,2,2,3,3,3,2,2,2,3,2,3.0,2,2,2,3,3,2,3,2,2,3,2,1,2,2,2,2,2,1,3,3,2,2,2,2,3,3,3,1.0,2,2,2,3,2,3,2,2,1,3,0,3,3,2,2,3,2,3,2,2,2,3,3,3,3.0,2,2,2,3,2,3,3,2,3.0,2,2,3,2,3,2,3,0,3.0,3.0,2,2,2,2,3,3,2,2,3,3,3,1,3,1,2,2,3,2,3,2,2,2,2,2,2,3,3,3,3,2,3,2,3,3,3,2,3,3,3,2,3,3.0,2,3,2.0,3,2,3,2,2,3,3,2,2,3.0,2,3.0,2,2,2,2,2,2,2,2,2,3,2,2,2.0,2,3,2,2,3.0,2,3,3,3.0,3,3,3.0,3,3.0,2,2,2,3,2,3,2,3,2,3,1,3,2,2,2,3,3.0,2,3,1,2,2,2,2,2,3,2,2,3,2,3,3,3,2,2,3,3,3,2,3,2,3,3,2,2,3,2,2,2,2,3,2,3,2,3.0,3.0,3,3,2,2,3,2,3.0,3,3,3.0,2,2,3,2,0,2,2,2,3,3,2,3.0,1.0,2,2,3,3,3,3,2,2,3,2,0,2,2,2,2,2,0,2,3,2,3,2,2,2,3,2,2,2,2,2,2,1,2,2,2,2,2,3,0,3,2,2,3,2,3.0,2,3,3,3,2,3,2,2,3.0,3.0,2,3.0,3,3,3,2,3,3,2,3,2,3,3.0,2,2,2,3,3,2,3,2,2,2,2.0,2,3,2,2,2,3,2,2,2,2,3,3,3.0,3,3,3,2,2,3,3,2,2,2,3,3,2,2,3,3,3,3,3,2,2,2,2,2,3,2,2,3,2,3,2,3,2,3,3,3,3,2,3.0,1,2,3,2,3,3,2,2,2,3,2,2,2,2,2,3.0,2,3,2,2,3,3,3.0,3,3,2,2,3.0,2,2,2,2,3,2,3,2,3,3.0,1,2,3,3,2,3,3,3.0,2.0,3,3.0,2,3.0,3,3,2,2,3,2,3,3,2.0,2,3,3,3.0,3,3,3.0,3,3,3,3.0,2,1,2,3.0,3.0,3,3.0,3,3,2,3.0,2,3,2.0,175,5,1.080414188147169,-0.48534226574450723
2,2,2,2,2,2,2,2,2,3.0,2,3,1,2,3,1,2,3.0,3,3,2,3,1,3,0,2,3,2,2,3,2,2,1,2,2,2,3,2,2,2,2,2,2,3,2,2,2,3,1,2,2,2,2,3.0,3,2,2,2,2,3,2,2,2,2.0,2,2,2,3,3.0,2,3,2,2,2,2,2,2,2,2,3,2,2,2,2,3,3,2,0,2,3.0,2,2,2,2,2,2,2,2,2,2,2,2,2,2,2,3,3,2,2,2,2,2,2,1,3,2.0,2,2,2,2,3,2,2,2,2,3,2,2,2,3,2,0,2,3,2,2,2,2,3,3.0,2,2,3,3,3,2,2,1,2,2,2,2,2,2,2,2,2,2,2,3,2,2,1,2,2,2,3,3.0,3,2,2,3,2,2,3,2,2,3,2,1,3,2,2,3,3,3,3,3,2,2,3,2,3.0,2,2,3,2,2,3,2,2,3.0,3,2,2,2,2,2,2,3,3.0,3.0,3,2,2,2,3,3,2,2,3,2,3,2,3,2,2,2,3,3,3,2,2,2,2,1,2,3,2,2,2,2,2,2,3,3,2,3,3,3,2,2,2,2.0,2,3,3.0,3,2,3,2,2,2,3,2,2,3.0,2,3.0,2,2,3,2,3,2,3,2,2,2,2,3,3.0,3,3,2,2,3.0,2,2,1,3.0,3,3,3.0,3,3.0,3,2,2,3,3,2,2,2,2,2,2,3,2,2,2,2,3.0,2,2,2,2,2,2,2,3,3,2,2,3,2,3,3,3,2,2,2,2,2,3,2,3,2,1,3,2,2,2,3,2,3,3,3,3,2,3.0,3.0,3,2,2,2,2,2,2.0,2,2,3.0,1,2,3,2,2,0,2,3,3,2,2,2.0,3.0,2,3,2,2,2,3,2,2,3,2,2,3,2,2,1,2,2,2,3,2,2,2,2,3,2,2,1,2,2,3,2,2,2,2,2,2,2,2,2,3,2,2,2,3,3.0,2,2,3,2,3,3,2,2,3.0,3.0,2,2.0,2,3,3,3,3,3,2,2,2,3,3.0,2,2,2,2,2,3,3,2,3,2,3.0,2,3,2,2,2,3,2,2,2,2,2,3,3.0,3,2,3,2,2,2,3,3,2,3,3,2,2,2,3,3,2,3,2,2,3,2,2,3,2,2,2,1,2,3,2,2,2,3,3,2,2,2,3.0,2,3,3,1,2,2,2,3,2,3,1,2,2,2,2,3.0,3,2,2,2,3,3,3.0,3,3,2,2,3.0,2,2,2,3,2,2,0,2,3,3.0,3,0,3,3,3,3,3,3.0,3.0,3,3.0,2,3.0,2,2,2,3,2,3,2,2,3.0,2,3,3,3.0,1,2,3.0,2,2,3,3.0,2,2,3,3.0,3.0,3,3.0,3,3,2,3.0,2,2,3.0,176,5,1.0809819580005915,-0.48113272319511147
2,3,2,0,2,3,3,3,3,2.0,2,0,2,2,3,3,3,3.0,3,2,2,3,3,3,3,3,2,3,3,3,2,2,3,3,3,3,3,3,3,3,3,2,3,3,3,3,3,3,3,3,2,3,2,3.0,3,1,3,3,3,2,3,3,2,2.0,3,2,3,3,3.0,3,3,3,2,3,2,2,3,2,3,3,3,2,3,2,3,2,3,2,2,3.0,3,3,2,2,3,3,2,2,2,3,2,2,3,2,2,2,2,3,2,2,3,2,2,3,2,3.0,3,2,3,2,2,3,3,3,2,2,3,3,2,3,3,3,3,3,3,3,2,3,3,3.0,2,1,3,3,3,2,2,2,3,3,2,2,2,0,1,3,1,3,2,3,3,2,2,3,3,3,3,3.0,1,3,3,3,3,3,3,3,2,3,3,3,3,2,3,3,3,2,3,3,2,3,3,3,3.0,2,2,3,3,2,3,3,2,3.0,3,3,2,2,3,3,3,2,3.0,3.0,3,3,2,2,3,3,3,3,3,3,3,0,3,2,3,2,3,2,3,3,3,2,3,3,3,3,2,3,3,3,3,3,3,3,3,3,3,3,3,3,3,3.0,3,3,3.0,0,3,3,3,3,3,3,3,2,3.0,2,3.0,3,3,3,3,3,3,2,2,3,3,2,2,3.0,2,3,2,3,3.0,3,2,3,3.0,3,3,3.0,3,3.0,3,3,3,2,2,3,3,3,3,3,3,3,3,3,2,3,3.0,2,3,2,3,2,3,2,3,3,3,3,3,3,3,3,3,2,3,3,2,2,3,3,3,3,3,3,3,2,3,3,2,3,3,3,3,2,3.0,3.0,3,2,2,3,2,3,3.0,2,3,3.0,2,2,3,2,3,2,2,3,3,3,3,3.0,3.0,3,2,3,3,3,3,3,2,3,3,1,3,3,3,3,3,3,2,3,2,3,3,2,3,3,3,3,2,2,2,3,2,3,3,2,3,3,3,3,3,3,3,3,2,3.0,1,3,2,3,3,3,3,3,2.0,3.0,3,3.0,3,3,3,2,3,3,2,3,3,3,3.0,3,2,3,2,1,3,3,3,2,2,3.0,2,3,2,3,3,3,2,2,3,3,3,3,3.0,3,3,2,3,3,3,3,3,2,3,2,3,3,3,3,3,3,3,3,3,3,2,1,3,3,3,2,3,3,2,3,2,2,3,3,3,3,3,3.0,2,3,2,2,3,3,3,3,3,3,3,3,3,3,2,3.0,3,3,3,3,3,2,3.0,2,3,3,3,3.0,3,3,2,3,3,3,2,3,2,3.0,2,3,3,3,3,3,3,3.0,3.0,2,3.0,3,3.0,3,3,3,3,3,3,3,3,3.0,2,0,3,3.0,3,3,3.0,3,2,3,3.0,2,3,3,3.0,3.0,3,3.0,3,3,3,3.0,3,3,3.0,177,5,1.1068747413844062,-0.35116878849621336
3,2,2,3,3,3,3,3,3,3.0,2,3,2,3,3,2,3,3.0,3,3,3,3,3,3,3,3,3,2,3,1,3,3,2,2,3,3,3,3,2,3,3,3,3,3,3,3,2,3,2,3,3,3,3,2.0,3,3,3,3,3,3,3,3,3,3.0,3,1,3,3,3.0,3,3,3,3,2,3,3,2,3,3,3,3,3,3,3,3,3,3,3,3,,3,2,3,3,3,3,3,3,2,3,3,3,3,3,3,2,3,3,3,3,3,3,3,2,2,3.0,3,3,3,3,3,3,3,3,3,3,3,3,3,2,3,3,2,2,3,3,3,3,3,3.0,2,3,3,3,3,3,3,3,3,3,3,3,3,3,3,3,3,3,3,3,3,3,3,2,3,2,3,3.0,3,3,3,3,2,2,1,3,3,3,3,3,3,1,3,3,3,3,3,3,3,3,2,3,3.0,3,2,2,3,2,3,3,3,3.0,1,3,3,3,3,3,2,3,2.0,3.0,3,2,2,3,3,3,3,3,2,3,3,2,3,2,3,2,3,3,3,3,3,2,3,3,3,3,2,2,3,3,2,3,3,3,3,3,3,3,3,2,3,3.0,3,3,3.0,3,3,3,3,3,3,3,2,3,3.0,3,3.0,3,3,3,3,2,3,2,3,3,3,3,3,3.0,2,3,3,2,0.0,0,3,2,3.0,3,2,3.0,3,3.0,3,3,3,3,3,3,2,3,3,2,3,3,3,3,3,3,3.0,2,3,3,3,2,3,3,2,3,3,3,3,2,2,3,3,3,2,3,3,3,3,3,3,3,3,3,2,3,3,3,2,2,3,3,3,3,3.0,2.0,3,3,3,3,3,3,3.0,3,0,3.0,3,3,2,3,3,3,3,3,3,3,3,3.0,3.0,3,3,3,3,2,2,0,3,3,3,3,2,3,3,3,3,3,1,3,2,3,3,3,3,2,3,3,3,3,3,3,3,3,2,3,3,3,3,3,3,2,3,3,3,0.0,3,3,3,3,3,3,3,2,3.0,3.0,3,3.0,2,3,3,3,3,3,3,3,2,2,,3,3,3,3,3,3,3,2,3,2,3.0,3,3,3,3,3,3,2,3,3,3,3,2,,3,2,3,3,3,3,2,3,2,3,3,3,3,2,3,3,3,3,2,3,3,3,3,0,3,3,3,3,3,3,3,3,3,3,3,3,3,3,,2,3,3,3,3,3,3,3,3,3,2,3,3,3,2,3.0,3,2,3,3,3,3,3.0,3,3,3,3,3.0,3,3,3,2,3,3,3,3,3,3.0,3,3,3,3,3,3,3,,3.0,3,3.0,3,3.0,3,3,3,3,3,3,3,3,3.0,3,3,3,,3,3,3.0,3,3,3,3.0,3,3,3,3.0,,3,3.0,3,3,3,3.0,3,3,,178,5,1.1487659574468088,-0.17270239268989826
2,3,2,2,2,3,2,3,2,3.0,0,3,2,2,3,2,2,3.0,2,3,3,3,2,3,2,2,3,2,2,3,2,2,3,2,3,0,3,2,3,2,3,3,2,3,2,1,2,2,3,0,3,2,2,3.0,3,2,2,2,2,2,2,3,2,2.0,3,2,2,2,3.0,2,3,1,2,2,2,3,2,3,2,3,2,2,3,2,2,3,2,2,2,3.0,3,3,2,3,3,2,3,2,2,1,2,3,3,2,3,3,3,3,2,2,3,2,3,3,3,3.0,3,3,3,2,2,3,2,3,2,3,3,3,3,2,3,3,2,3,2,2,3,3,3,3.0,2,2,2,3,2,3,2,2,3,3,3,1,2,3,3,3,3,2,2,2,3,2,2,3,3,2,3,3.0,3,3,2,3,2,2,3,3,2,3,2,1,3,3,2,2,3,3,3,3,3,2,3,2,3.0,2,2,3,2,2,3,3,1,3.0,3,2,3,3,2,2,3,2,3.0,3.0,2,3,3,1,3,3,2,2,3,2,2,2,3,2,3,2,3,2,3,3,2,2,3,2,3,3,2,2,3,2,3,1,3,3,2,2,3,3,3,3,3,3.0,2,3,3.0,3,3,3,3,2,3,3,2,3,3.0,3,3.0,3,2,3,3,3,2,2,2,2,3,3,2,3.0,3,2,2,3,3.0,2,3,2,0.0,3,2,3.0,3,3.0,3,2,3,3,3,3,3,3,2,3,2,3,3,3,2,3,3.0,2,3,2,2,3,2,2,3,2,3,2,3,3,2,3,3,3,3,3,3,3,2,3,2,2,3,3,2,2,3,2,2,3,3,3,3,3,3.0,3.0,3,2,2,3,3,3,3.0,3,3,3.0,2,2,3,3,2,3,3,2,2,3,3,3.0,3.0,3,3,3,3,3,3,3,3,3,3,2,2,2,3,3,3,3,2,2,1,2,2,2,3,2,3,2,2,3,2,3,2,2,2,3,3,3,3,3,3,2,3,3,3,3.0,2,3,3,3,3,3,3,3,3.0,3.0,2,3.0,2,3,3,3,3,3,3,3,3,3,3.0,3,3,3,3,3,2,2,2,3,2,3.0,2,3,3,3,3,3,2,2,3,3,3,3,3.0,3,3,3,2,2,2,0,2,2,3,3,3,2,2,2,3,1,2,3,3,2,3,3,2,3,3,3,3,2,3,2,2,2,3,3,2,2,3,3.0,3,3,2,2,3,3,2,2,3,3,2,2,2,3,2,3.0,2,3,3,3,3,3,3.0,3,3,2,2,3.0,3,3,3,3,3,2,3,2,3,3.0,2,3,3,1,3,3,3,3.0,3.0,3,3.0,3,3.0,3,3,2,3,3,3,3,3,0.0,3,3,3,3.0,2,2,3.0,3,3,3,3.0,2,3,3,3.0,3.0,3,3.0,3,3,3,3.0,3,3,3.0,179,5,1.087951301427372,-0.4494946864367921
2,2,2,2,2,2,2,3,2,2.0,2,3,2,2,3,3,2,3.0,2,3,2,3,2,2,3,3,3,3,2,2,2,2,3,3,2,2,3,2,1,3,2,2,2,3,2,3,2,2,2,2,2,2,2,3.0,0,2,3,2,2,2,2,2,2,2.0,2,2,1,3,3.0,3,3,0,3,3,2,2,2,3,2,3,2,3,2,2,3,2,2,3,2,3.0,3,3,2,2,3,3,2,3,2,2,3,3,2,0,2,3,3,3,2,2,2,3,3,3,2,2.0,3,2,3,2,2,3,2,2,2,2,3,2,2,2,3,2,3,2,2,2,2,2,2,2.0,2,3,2,2,3,2,2,2,2,3,2,2,2,2,3,2,2,3,3,3,2,2,2,3,3,2,3,3.0,2,2,2,2,2,2,3,2,2,3,2,3,3,3,2,3,2,3,2,3,1,2,3,2,3.0,2,2,2,2,2,3,3,3,3.0,2,2,2,1,2,2,2,3,3.0,3.0,2,2,2,2,2,2,2,3,2,3,2,2,2,2,2,2,2,2,3,1,3,2,2,2,2,3,3,2,2,2,2,2,3,2,3,2,3,3,3,2,2,3.0,3,3,2.0,3,2,2,2,2,2,3,2,1,3.0,2,2.0,2,2,2,3,0,2,2,2,2,3,2,2,3.0,0,3,2,2,3.0,3,3,2,3.0,3,2,3.0,2,3.0,2,2,3,2,3,3,3,3,2,3,2,3,2,2,2,2,3.0,2,1,3,2,1,3,2,2,3,2,2,3,2,2,2,2,3,3,2,3,2,2,3,2,3,3,2,2,2,3,2,2,3,3,3,3,3,3.0,2.0,3,3,2,2,2,3,3.0,3,2,3.0,2,2,2,3,1,3,3,3,2,2,2,2.0,2.0,3,3,3,2,2,3,2,3,2,3,2,2,3,2,3,2,2,2,2,2,3,2,3,3,3,2,3,2,2,3,3,2,3,3,3,3,2,1,2,3,2,1,2,2,3.0,3,3,3,3,3,2,2,2,3.0,3.0,2,3.0,2,2,3,2,2,3,3,3,2,2,3.0,3,2,2,3,2,1,2,2,3,2,2.0,2,3,3,2,2,3,2,2,2,3,2,3,3.0,3,3,2,2,2,3,3,3,2,3,2,3,3,2,3,3,3,3,3,3,3,2,3,3,2,3,3,3,2,2,2,2,2,3,3,2,1,2,3.0,3,3,3,2,2,2,2,3,2,2,3,3,2,2,3,3.0,2,3,3,3,3,2,3.0,2,2,3,2,3.0,2,1,3,3,3,3,3,2,2,3.0,0,2,3,3,3,3,3,3.0,2.0,2,2.0,2,3.0,2,2,3,2,3,2,2,2,3.0,3,3,3,3.0,3,3,3.0,3,3,3,3.0,3,3,3,3.0,3.0,2,3.0,3,3,3,3.0,3,3,3.0,180,5,1.0789893480162611,-0.45488746698930665
2,2,2,3,2,2,3,3,3,3.0,2,3,3,2,3,2,3,3.0,3,2,3,0,3,2,3,3,2,3,3,3,3,2,3,3,2,2,3,3,3,2,3,2,2,3,3,3,2,2,3,2,2,3,1,3.0,2,2,3,2,2,2,2,3,2,2.0,3,2,2,3,3.0,3,3,3,1,3,2,3,3,2,3,2,3,3,3,2,2,3,2,3,2,3.0,2,3,2,0,3,2,2,2,2,3,3,3,2,2,3,2,3,2,2,3,2,3,2,3,3,3.0,3,3,3,3,3,3,3,3,2,3,2,2,2,3,3,3,1,3,2,3,3,2,3,0.0,2,0,2,3,3,2,2,3,3,3,2,2,3,2,3,2,2,3,2,3,3,3,3,2,2,3,3,3.0,3,3,3,2,2,3,3,2,2,3,3,3,2,2,2,3,3,2,3,3,2,3,3,0,3.0,2,2,3,2,3,3,3,3,3.0,3,3,3,3,0,2,2,3,3.0,2.0,3,3,2,2,2,3,2,2,2,2,2,2,3,2,2,3,2,3,3,3,3,3,2,2,3,2,3,2,3,2,3,2,3,3,2,2,2,3,3,2,3,2.0,3,3,3.0,1,2,3,2,2,2,3,2,3,3.0,1,3.0,3,2,2,3,2,2,2,3,2,3,2,2,3.0,3,3,3,2,3.0,2,2,2,3.0,3,3,3.0,2,3.0,2,3,3,3,3,3,2,3,3,2,3,3,2,2,3,3,3.0,3,2,2,3,3,3,2,3,2,3,2,3,2,3,2,3,2,2,1,3,2,3,2,2,2,3,3,1,2,2,1,3,3,3,3,3,2,3.0,3.0,2,2,3,2,2,3,2.0,2,3,3.0,2,3,3,3,3,2,2,3,3,2,3,3.0,3.0,2,3,3,3,3,3,2,3,3,2,3,3,2,2,3,3,3,3,2,2,2,3,3,2,3,3,2,3,3,3,2,3,3,3,2,2,3,3,2,3,2,2,3,3,3.0,2,3,3,2,3,3,2,2,3.0,3.0,3,3.0,3,2,3,2,3,3,3,3,3,3,3.0,3,3,2,3,2,3,3,3,3,2,3.0,3,3,2,2,2,3,2,2,3,2,3,3,3.0,2,3,2,3,3,3,3,3,3,2,3,3,3,3,3,3,3,3,2,3,3,1,3,3,3,3,2,3,2,3,3,2,3,3,3,3,3,3,3.0,3,3,2,2,3,3,3,3,3,2,3,2,3,3,3,3.0,3,3,2,3,3,2,3.0,1,2,3,3,2.0,2,3,2,3,2,3,3,3,3,3.0,2,2,3,2,3,1,2,3.0,3.0,3,3.0,3,3.0,3,3,2,3,3,3,3,2,3.0,2,2,3,3.0,3,3,3.0,3,2,3,3.0,3,3,3,3.0,3.0,3,3.0,3,2,2,3.0,3,3,3.0,181,5,1.097220754517595,-0.33551255536498786
2,3,2,2,3,2,2,2,0,0.0,3,3,2,3,3,3,3,3.0,3,3,3,3,2,3,3,3,2,1,3,0,2,2,3,2,3,2,3,3,3,2,3,3,3,2,3,3,2,3,3,3,3,3,3,3.0,3,3,3,3,3,2,3,3,3,3.0,3,2,2,3,3.0,3,3,3,3,3,2,3,3,2,3,3,2,3,2,2,3,2,3,3,3,3.0,3,3,2,2,3,2,3,3,2,3,3,3,2,2,3,3,3,3,3,3,3,3,3,3,3,2.0,3,3,3,3,2,3,3,3,3,3,3,3,2,2,3,3,3,3,3,2,3,3,2,3.0,2,2,3,3,3,2,3,2,3,2,3,2,1,3,3,3,2,3,3,2,3,3,3,3,2,3,3,3.0,3,3,3,3,2,3,2,2,2,3,3,3,3,3,3,3,3,3,2,3,3,3,3,2,3.0,3,2,2,2,3,3,3,3,3.0,3,2,2,3,2,2,3,3,3.0,2.0,2,3,1,3,2,1,3,3,3,2,3,3,2,2,3,2,3,3,3,3,3,2,2,3,3,3,2,3,2,3,3,3,3,3,3,3,2,3,3,3,3,0.0,3,3,3.0,3,3,2,2,2,3,3,3,2,3.0,3,3.0,2,3,3,3,3,3,3,3,3,3,3,2,3.0,2,3,2,2,3.0,3,3,3,3.0,3,3,0.0,3,2.0,3,2,3,3,2,3,3,3,3,3,3,3,3,2,3,3,3.0,3,2,3,2,3,3,2,3,3,3,2,2,2,2,3,2,3,3,3,3,3,1,3,3,3,3,3,3,3,3,3,2,3,3,3,3,3,3.0,3.0,3,3,3,3,2,3,3.0,3,3,3.0,3,3,2,3,2,3,3,3,3,3,3,2.0,3.0,2,3,2,3,3,2,3,3,2,3,2,2,3,3,3,2,2,2,2,3,3,3,3,3,3,3,2,3,2,3,3,3,2,3,2,2,3,3,2,2,3,3,3,2,3.0,2,3,3,3,3,3,3,3,3.0,3.0,3,3.0,2,3,3,3,1,3,3,3,3,1,3.0,3,3,3,2,3,2,3,2,3,3,3.0,2,2,1,3,3,3,3,3,3,3,3,3,,2,2,2,3,3,3,3,3,2,3,3,3,3,3,3,3,2,3,2,3,3,2,3,1,2,3,3,3,3,2,2,3,3,2,3,3,3,3,3.0,3,3,3,1,3,3,3,3,3,3,2,2,3,3,2,3.0,3,3,3,2,3,2,3.0,3,2,3,2,3.0,3,2,3,3,3,3,3,2,2,3.0,3,2,3,3,3,3,3,3.0,3.0,3,3.0,3,3.0,3,3,3,3,3,3,3,3,0.0,2,3,3,3.0,3,3,3.0,3,3,2,2.0,3,3,2,3.0,3.0,3,3.0,3,2,3,3.0,3,3,,182,5,1.0992774303236383,-0.27090903542028416
2,3,3,2,2,3,3,3,3,3.0,2,3,2,2,3,1,3,3.0,3,3,3,2,3,2,1,3,2,2,3,1,3,3,3,2,3,3,3,3,3,2,3,3,2,2,2,2,2,2,3,2,3,2,3,3.0,3,2,2,0,3,3,3,3,3,2.0,3,3,2,3,3.0,3,3,3,2,3,2,3,3,2,3,3,3,3,2,2,3,3,3,2,3,3.0,3,2,3,3,2,3,3,2,2,3,2,2,3,3,3,3,3,3,2,3,3,3,3,3,3,2.0,2,2,3,2,3,3,3,3,3,3,3,3,3,2,3,2,2,3,3,2,3,2,3,3.0,3,3,3,3,3,2,3,3,3,2,3,3,2,3,3,3,3,3,2,2,3,3,3,3,3,2,3,3.0,3,3,2,1,2,3,3,3,2,2,2,2,3,3,2,3,3,3,3,3,3,3,3,3,3.0,3,3,3,2,3,3,3,3,0.0,3,3,3,3,2,2,3,3,3.0,3.0,3,1,2,3,3,3,3,3,3,3,3,3,2,2,3,2,2,3,3,3,3,2,2,3,2,3,3,3,3,2,3,2,3,3,2,3,3,3,3,3,3,3.0,3,3,3.0,3,1,3,3,3,2,2,2,3,3.0,2,3.0,3,2,3,3,3,3,3,3,2,3,3,2,3.0,3,2,3,2,2.0,3,2,3,2.0,3,3,3.0,3,3.0,3,0,3,3,3,2,2,3,3,3,3,3,3,2,3,2,3.0,3,3,2,2,2,3,3,3,3,3,2,3,3,3,3,0,3,3,2,3,3,2,3,2,3,3,3,2,3,3,3,3,3,2,3,2,2,3.0,3.0,3,3,3,3,3,3,3.0,3,3,3.0,1,3,3,3,3,3,2,1,3,2,3,3.0,3.0,3,3,3,2,3,3,2,3,2,3,3,3,3,3,3,3,2,2,2,2,3,2,2,3,3,2,3,3,3,3,3,2,3,2,2,3,3,3,3,3,3,3,3,3,3.0,2,3,3,3,3,3,2,3,3.0,3.0,2,3.0,3,3,3,3,3,3,3,3,3,3,3.0,3,3,3,3,3,3,3,2,2,3,3.0,2,3,2,3,3,3,2,3,3,3,3,2,,2,2,3,3,2,3,1,3,3,3,3,3,3,3,3,3,3,2,2,0,3,3,3,3,2,2,3,3,2,3,3,3,2,3,3,3,2,3,3.0,3,3,2,2,3,3,2,3,2,3,3,2,2,3,3,3.0,3,2,2,3,3,3,3.0,3,3,3,2,3.0,3,3,3,3,3,3,3,3,3,3.0,3,2,3,3,3,3,3,3.0,3.0,3,3.0,3,3.0,3,3,3,3,1,3,3,3,3.0,3,3,3,3.0,0,3,3.0,3,3,3,3.0,2,3,3,3.0,2.0,3,3.0,3,3,2,3.0,2,3,3.0,183,5,1.1066846725185686,-0.25898208884761487
3,2,2,2,3,2,2,3,3,3.0,2,2,2,3,3,3,3,3.0,3,2,3,3,2,3,3,2,3,3,3,3,2,2,3,3,3,2,3,3,3,2,2,3,2,2,3,3,2,3,3,2,3,3,3,2.0,3,2,2,3,3,3,3,3,2,3.0,2,2,2,3,3.0,3,3,3,2,3,3,2,3,2,2,3,3,2,3,3,3,3,2,3,3,3.0,3,3,3,3,3,2,3,3,2,3,2,3,2,3,3,3,3,3,3,2,3,2,3,3,3,2.0,3,2,1,3,2,3,2,3,2,2,3,3,3,2,3,3,3,3,3,3,2,3,3,3.0,2,2,3,3,3,3,2,3,3,3,3,2,3,3,3,2,3,3,3,3,2,1,3,3,3,3,1,3.0,3,3,2,3,1,3,3,2,1,2,3,3,3,3,2,3,3,3,3,3,2,2,3,2,3.0,2,2,1,2,2,2,2,3,3.0,2,3,3,2,3,3,3,2,3.0,3.0,3,2,2,2,2,3,2,2,3,2,2,2,2,2,2,3,2,2,3,3,3,3,3,3,2,3,2,3,2,3,2,2,2,3,2,2,2,3,3,2,0,3.0,3,3,3.0,3,3,2,3,2,2,0,2,2,3.0,3,2.0,2,2,2,3,2,2,2,2,2,3,2,2,3.0,2,2,0,3,3.0,2,3,3,3.0,3,3,3.0,2,2.0,3,3,2,3,3,2,3,3,2,2,1,3,3,2,3,3,3.0,2,3,2,2,3,3,2,3,3,3,2,3,3,2,3,3,3,3,3,2,2,2,3,3,2,3,1,2,3,3,3,2,2,3,3,3,3,3.0,3.0,3,2,2,2,2,3,3.0,3,3,3.0,3,3,3,3,2,2,2,3,3,3,3,3.0,2.0,3,3,3,3,3,3,3,3,3,3,3,2,3,2,3,2,2,3,2,2,3,2,2,3,3,2,2,3,2,3,3,2,3,3,2,1,3,3,3,3,2,2,3,1,3.0,3,3,3,3,2,3,3,3,3.0,3.0,3,3.0,3,3,2,3,2,3,3,3,3,3,3.0,3,2,3,3,3,3,3,3,3,3,3.0,3,3,3,3,2,3,2,3,2,2,3,3,3.0,3,2,3,2,2,2,3,3,3,3,3,2,3,3,3,3,3,2,3,3,3,3,3,2,3,2,3,3,3,3,2,1,2,3,3,3,2,0,3.0,3,3,3,2,3,3,3,3,3,3,2,2,2,3,3,3.0,3,3,3,2,3,2,3.0,3,3,2,3,3.0,3,2,3,3,3,3,3,3,3,3.0,3,3,3,3,3,0,3,3.0,3.0,3,3.0,3,3.0,3,3,3,3,3,3,3,3,0.0,2,3,3,3.0,3,3,3.0,3,2,3,3.0,3,3,2,2.0,3.0,3,3.0,3,3,3,3.0,3,3,3.0,184,5,1.0923989218328842,-0.411045811815105
3,3,3,3,3,3,2,3,3,3.0,3,3,2,3,3,3,2,3.0,3,3,3,2,3,3,3,3,2,3,3,3,2,3,3,3,3,3,3,3,3,2,3,3,3,3,3,3,3,3,3,3,3,3,3,3.0,3,3,3,3,3,3,3,3,3,3.0,3,3,3,3,3.0,3,3,3,2,3,3,3,3,3,3,3,3,2,3,3,3,3,3,3,2,3.0,3,0,3,2,2,3,3,3,2,3,3,3,2,3,3,3,3,3,3,3,3,3,3,3,3,3.0,3,3,3,3,3,3,3,3,3,3,3,3,3,2,3,3,3,3,3,3,3,3,3,3.0,2,3,3,3,3,3,3,3,3,3,3,3,0,2,3,3,3,2,3,3,3,2,3,3,3,3,3,3.0,3,3,3,3,2,3,3,2,3,3,3,2,3,3,3,2,3,3,3,3,3,3,3,3,3.0,3,3,3,2,0,3,3,0,3.0,3,3,3,3,3,0,3,3,3.0,3.0,3,3,3,3,3,1,2,2,3,3,3,2,3,3,3,2,3,2,3,3,3,2,3,3,3,3,3,2,3,3,3,3,3,3,3,3,3,3,3,2,3,3.0,3,3,3.0,3,3,3,2,3,2,3,2,3,3.0,3,3.0,3,1,3,3,3,3,3,3,2,3,3,3,3.0,3,3,3,2,3.0,2,3,3,2.0,3,3,3.0,3,3.0,3,3,3,3,3,1,2,1,3,3,3,3,3,2,3,3,2.0,3,3,3,3,3,3,3,2,3,3,3,3,3,3,3,2,3,3,3,3,3,2,3,3,3,2,3,3,3,3,3,3,3,3,3,3,3,3.0,3.0,3,3,3,3,3,3,3.0,3,2,3.0,2,2,3,3,2,3,3,3,3,2,2,3.0,3.0,3,3,2,3,3,3,1,3,3,3,3,3,2,3,3,3,3,3,2,3,3,2,3,3,2,3,3,3,0,3,3,3,3,3,2,3,3,3,3,3,3,2,3,3,3.0,3,3,3,2,3,3,3,3,3.0,3.0,3,3.0,3,3,3,3,3,3,3,3,3,3,,3,2,3,3,3,3,3,2,3,3,3.0,3,2,3,3,2,3,3,3,3,3,2,3,,3,3,3,3,3,3,2,2,2,2,3,3,3,2,2,3,3,3,3,3,3,3,3,3,3,2,3,3,3,3,3,3,3,3,3,3,3,3,3.0,3,3,3,3,3,3,2,3,2,3,2,3,3,2,3,3.0,2,2,3,2,3,3,3.0,3,2,3,2,3.0,3,2,3,3,3,3,3,3,3,2.0,2,3,3,3,2,3,1,,3.0,3,3.0,3,3.0,3,3,3,3,2,3,3,3,3.0,3,3,3,3.0,3,3,3.0,3,3,3,3.0,3,3,3,,3.0,3,3.0,3,2,3,3.0,2,3,,185,5,1.1662747147461023,-0.17614855884310504
2,2,2,2,3,2,2,3,2,3.0,3,3,1,3,2,3,2,3.0,1,3,3,3,2,3,2,2,3,2,3,3,2,2,2,2,3,2,3,3,3,2,2,2,3,2,2,2,2,2,2,2,2,3,3,3.0,2,1,3,3,3,3,3,2,3,2.0,3,1,0,3,3.0,2,3,3,3,2,2,2,2,2,2,3,3,3,3,2,3,3,2,2,2,3.0,2,3,2,2,3,2,2,2,2,2,2,3,3,3,2,3,3,3,2,2,3,2,2,3,2,3.0,3,2,3,2,2,3,2,3,3,3,2,3,3,2,3,3,3,2,3,2,2,2,2,3.0,2,2,3,3,3,2,3,2,2,3,2,2,2,3,2,3,2,3,2,3,3,2,2,3,3,2,3,3.0,3,3,2,2,2,3,3,3,2,3,2,3,3,2,3,3,3,3,3,3,2,2,3,2,3.0,2,2,1,2,2,3,3,2,3.0,3,2,3,2,2,2,2,3,3.0,3.0,2,2,1,2,2,3,2,2,2,2,2,2,3,2,3,2,2,2,3,2,3,2,3,0,2,3,2,3,2,2,2,2,2,2,3,3,2,2,3,2,3,3.0,2,3,2.0,3,2,2,3,2,3,2,2,2,3.0,3,0.0,3,3,3,2,2,2,2,3,2,3,3,3,3.0,3,2,2,3,3.0,3,3,3,3.0,3,3,3.0,3,3.0,3,2,2,2,3,3,3,2,2,2,0,3,3,2,3,3,1.0,2,2,2,2,2,3,3,3,3,2,2,3,3,3,3,3,2,3,3,3,2,3,1,3,2,3,3,2,3,0,2,2,3,3,2,3,2,3.0,3.0,3,2,2,2,2,3,3.0,2,3,3.0,3,2,3,2,2,2,2,3,3,3,3,3.0,2.0,2,2,3,2,2,3,3,2,3,2,2,3,3,3,2,2,2,2,3,3,3,2,3,3,2,2,3,2,2,2,3,2,3,3,2,3,3,3,3,3,2,2,2,3,3.0,2,3,2,2,3,2,2,2,3.0,3.0,3,3.0,2,3,3,3,3,3,3,2,2,3,3.0,3,2,2,3,3,3,2,2,3,2,3.0,2,3,2,3,2,3,2,1,2,3,3,2,3.0,3,2,3,2,3,2,3,3,3,3,3,2,2,3,3,3,2,3,3,3,3,2,3,2,2,2,2,0,3,3,3,2,3,3,3,2,2,2,3.0,3,2,3,3,3,3,1,3,3,3,3,2,2,2,3,3.0,3,3,3,3,3,2,3.0,3,2,3,3,3.0,3,2,2,2,3,3,3,3,2,2.0,1,2,3,3,3,3,3,3.0,3.0,3,3.0,2,3.0,2,2,3,3,2,2,3,3,1.0,2,3,3,3.0,2,3,2.0,3,2,3,3.0,2,1,2,3.0,3.0,3,3.0,3,3,3,3.0,3,3,3.0,186,5,1.0841805612037416,-0.4141063416062955
3,2,3,2,3,3,3,3,3,3.0,2,3,2,3,3,3,3,,3,3,3,3,3,3,3,3,3,3,3,3,3,1,3,3,3,2,3,3,2,3,3,3,3,3,2,2,3,2,3,3,3,2,3,3.0,3,2,3,2,3,3,3,3,3,3.0,3,3,3,3,3.0,3,3,3,3,3,3,2,3,3,3,3,3,3,3,3,3,3,3,3,3,3.0,3,3,3,3,3,3,3,2,3,3,2,3,3,3,3,3,3,3,3,3,3,3,3,3,3,2.0,3,2,3,2,3,3,3,3,2,3,3,3,3,3,3,3,3,0,3,3,3,3,3,2.0,3,3,3,3,3,3,3,3,3,3,2,3,3,3,3,3,3,3,3,3,3,3,3,3,3,3,3,,3,3,3,3,0,3,2,3,3,2,3,3,3,3,3,3,3,3,3,3,1,3,3,3,3.0,2,3,3,3,2,3,3,2,3.0,2,3,3,3,3,0,3,3,3.0,3.0,3,2,2,3,2,3,3,3,3,3,3,3,3,2,3,3,3,3,3,3,3,3,2,2,3,3,0,2,3,3,2,3,3,3,3,2,2,3,3,3,3,3.0,3,3,3.0,3,3,2,2,3,3,3,3,2,3.0,3,3.0,2,3,3,3,3,2,3,3,3,3,2,3,3.0,2,3,3,2,1.0,3,3,3,3.0,3,3,3.0,3,3.0,2,3,3,3,3,3,3,3,3,3,2,3,3,3,3,3,3.0,3,3,3,3,1,3,3,3,3,3,2,3,2,3,3,1,3,3,3,3,3,2,3,3,3,3,3,3,3,3,3,3,2,3,3,3,3,3.0,3.0,3,3,3,3,3,3,3.0,3,3,3.0,3,3,3,3,3,3,3,3,3,3,3,2.0,3.0,3,3,2,3,3,3,3,3,3,3,3,3,3,3,3,3,3,2,2,3,3,3,3,3,3,3,3,3,3,3,3,3,3,1,3,3,3,3,3,3,3,3,3,3,3.0,3,3,3,3,3,3,3,3,3.0,3.0,3,3.0,3,3,3,3,3,3,3,3,2,2,0.0,3,3,3,3,3,3,3,3,3,3,3.0,2,3,3,3,2,3,3,3,3,3,3,3,,3,3,3,3,3,3,3,3,3,3,3,3,3,3,3,3,3,3,3,3,3,3,3,3,3,3,3,3,3,3,3,3,3,3,3,3,3,3,3.0,3,3,3,3,3,3,3,3,3,3,3,3,3,3,3,3.0,3,3,3,3,3,3,3.0,3,3,3,3,3.0,3,3,3,3,3,3,3,3,3,2.0,3,2,3,3,3,3,3,,3.0,3,3.0,3,3.0,3,3,3,3,3,3,3,3,3.0,3,3,3,0.0,3,3,3.0,3,3,3,3.0,3,3,3,3.0,,3,3.0,3,3,3,3.0,3,3,,187,5,1.1985551416638447,-0.18531380131022487
3,2,2,3,3,2,2,3,2,3.0,3,3,2,3,2,2,2,3.0,3,3,3,2,2,3,2,3,3,3,2,3,2,3,3,1,3,2,2,3,3,2,3,3,2,2,2,2,2,3,3,3,2,3,3,2.0,2,2,3,3,3,3,3,3,2,3.0,3,2,2,3,3.0,3,3,3,2,3,2,3,3,2,2,2,3,2,3,2,3,3,3,1,2,3.0,3,3,3,3,2,2,3,3,2,3,2,2,3,3,3,3,3,3,3,3,3,2,3,3,3,3.0,3,3,3,3,3,3,3,3,3,3,3,3,3,2,2,3,3,3,3,3,3,3,3,3.0,2,3,3,3,3,2,3,3,3,3,3,3,2,3,2,3,3,3,2,3,3,2,3,3,3,3,3,3.0,3,3,2,2,2,3,2,3,2,3,3,3,3,3,3,2,3,2,3,3,3,0,3,3,3.0,2,3,3,2,3,3,2,3,3.0,2,2,2,3,2,3,3,3,3.0,3.0,3,3,1,2,3,2,2,2,3,3,3,2,3,3,2,2,3,2,0,3,2,3,3,3,3,3,2,3,2,2,2,3,3,3,2,3,3,3,3,3,0,3.0,3,3,3.0,3,3,3,3,2,3,2,3,2,3.0,3,3.0,3,2,3,3,3,3,2,3,3,3,3,2,3.0,2,3,2,3,3.0,2,3,3,3.0,3,2,3.0,2,3.0,3,3,3,3,2,2,2,3,3,3,3,3,3,2,3,3,3.0,3,3,2,2,2,3,2,1,3,3,3,3,2,2,3,3,2,3,3,2,3,3,2,3,2,2,3,2,2,2,3,2,3,2,3,3,3,3.0,2.0,3,2,3,2,3,3,3.0,3,3,0.0,3,2,3,3,3,3,2,2,2,2,3,3.0,3.0,3,2,3,2,2,3,2,3,3,3,3,2,3,3,3,3,3,2,2,2,2,2,2,3,2,3,3,3,2,3,3,2,2,3,0,3,3,3,3,2,3,3,3,3,3.0,3,3,3,3,3,3,3,2,3.0,3.0,1,2.0,1,3,3,3,3,3,3,3,2,3,3.0,3,3,3,2,3,1,3,2,3,3,3.0,2,3,2,3,3,3,2,2,3,2,3,2,3.0,2,2,2,2,2,1,2,3,2,3,2,2,3,2,3,3,2,3,3,3,3,3,3,2,2,2,3,2,2,3,1,3,2,3,3,3,2,3,3.0,3,3,3,3,2,2,3,1,3,3,2,2,2,3,2,3.0,3,2,2,2,3,3,3.0,3,2,3,3,3.0,3,3,0,3,3,2,3,3,3,3.0,3,2,3,3,3,3,3,3.0,3.0,3,3.0,3,3.0,2,3,2,3,3,3,3,3,3.0,3,3,3,3.0,3,3,3.0,3,3,2,3.0,3,3,3,3.0,3.0,3,3.0,3,3,3,3.0,3,3,3.0,188,5,1.0954207212364053,-0.3651503410128083
3,2,2,3,2,3,2,2,3,3.0,2,3,1,2,3,3,3,3.0,3,3,3,1,2,3,2,3,3,2,2,3,2,2,2,2,3,3,2,3,2,2,3,3,2,3,2,2,2,3,2,2,2,3,2,2.0,2,3,3,2,2,2,3,3,3,3.0,3,3,2,3,3.0,2,3,3,2,2,2,3,3,3,2,3,3,2,3,2,3,2,3,3,3,3.0,3,3,2,2,2,2,3,3,2,3,2,2,2,2,3,3,3,2,3,2,3,2,3,3,3,3.0,3,2,3,2,3,3,3,3,3,2,2,2,3,3,2,3,3,3,2,0,2,3,3,3.0,2,3,2,3,2,2,3,2,3,2,3,2,2,2,2,3,3,3,3,2,3,3,2,3,3,2,2,2.0,2,3,3,3,2,3,3,2,2,2,3,3,3,3,2,3,3,3,2,3,3,2,3,2,3.0,2,2,2,2,3,2,3,2,3.0,3,2,3,2,2,3,1,3,3.0,3.0,3,2,3,1,3,2,2,1,3,3,2,2,3,2,2,2,3,2,3,2,3,2,2,3,2,2,2,2,3,2,2,2,3,2,2,2,3,2,3,3,2,0.0,3,3,3.0,3,3,2,2,2,2,3,2,2,3.0,2,3.0,3,1,2,3,2,3,3,0,2,3,3,2,0.0,3,3,2,2,3.0,2,3,2,3.0,2,2,2.0,3,3.0,2,3,2,3,2,3,2,2,2,3,3,2,3,2,2,2,2.0,2,3,2,1,2,3,2,3,2,2,2,3,3,3,2,2,3,3,2,3,3,2,3,2,2,2,3,2,2,2,3,2,3,2,3,2,3,3.0,3.0,3,2,2,1,3,2,3.0,3,3,3.0,2,2,3,3,1,3,2,2,3,2,2,3.0,2.0,3,3,2,3,3,3,2,3,2,3,3,2,3,2,3,2,2,2,2,2,2,3,2,2,3,1,2,2,2,3,3,2,3,2,3,3,3,3,2,3,2,3,3,2,3.0,2,2,3,2,2,2,2,2,3.0,3.0,2,3.0,3,2,2,2,2,3,3,3,3,3,3.0,2,3,2,2,3,2,2,3,3,2,3.0,2,3,2,0,2,2,2,2,1,2,2,2,3.0,2,2,0,2,3,2,2,2,2,2,3,2,2,2,3,3,3,2,2,2,3,3,3,3,2,2,2,2,2,3,3,2,2,3,3,2,2,3,2.0,3,3,3,2,3,3,3,3,3,3,2,2,2,2,3,3.0,2,2,3,2,3,3,3.0,2,3,3,3,2.0,2,2,3,2,3,3,3,3,3,2.0,2,2,3,1,3,2,3,3.0,3.0,3,3.0,2,3.0,3,3,3,2,3,2,3,3,3.0,3,3,3,3.0,3,2,3.0,3,3,2,3.0,3,3,3,3.0,3.0,3,3.0,3,3,3,3.0,3,3,3.0,189,5,1.077018249304052,-0.3854120582696719
3,3,2,3,3,2,3,3,3,3.0,3,3,2,3,3,3,3,0.0,3,3,3,3,3,3,3,3,3,3,2,3,2,3,3,2,3,3,3,3,3,2,3,3,2,3,2,3,2,3,3,3,3,3,3,3.0,3,3,3,3,2,3,3,3,3,3.0,3,2,2,3,3.0,3,3,3,2,3,2,3,3,3,3,3,3,2,3,3,3,2,3,2,2,3.0,3,3,2,3,3,3,3,3,3,3,3,2,3,2,3,3,3,3,3,3,3,3,2,3,1,3.0,3,3,3,2,3,3,3,2,2,3,2,3,3,3,3,2,3,3,3,3,2,3,3,3.0,2,2,3,3,3,3,2,2,3,3,3,3,3,2,3,3,3,3,3,2,2,3,3,3,3,3,1,3.0,3,3,3,3,3,3,3,2,2,3,3,2,3,3,3,3,3,3,3,3,3,3,3,3,3.0,2,3,3,2,3,3,3,3,3.0,2,2,3,3,2,3,3,3,3.0,3.0,3,3,2,2,3,3,2,3,3,3,3,2,3,2,3,1,3,3,3,3,3,3,2,3,3,3,2,3,3,3,3,3,3,3,3,3,3,3,3,3,3,3.0,3,3,3.0,3,3,3,3,2,3,3,3,2,3.0,3,3.0,2,2,3,3,3,3,3,2,2,3,3,3,3.0,2,3,3,3,3.0,2,2,3,3.0,3,3,3.0,3,3.0,3,3,3,3,3,3,3,3,3,3,3,3,3,3,3,0,3.0,3,3,3,3,2,3,3,1,3,2,2,3,3,3,3,3,3,3,3,3,1,2,3,3,3,3,3,3,3,3,3,2,2,3,3,3,3,3.0,3.0,3,2,2,3,2,3,2.0,2,2,3.0,2,3,3,3,3,3,2,3,3,3,3,2.0,3.0,2,3,3,2,3,3,3,3,3,2,2,2,3,3,2,3,3,2,2,3,3,3,2,3,3,3,2,3,2,3,3,2,3,3,2,3,3,3,3,2,3,3,3,3,3.0,3,3,3,2,3,3,2,3,3.0,3.0,3,3.0,3,3,3,3,2,3,3,2,3,3,3.0,3,2,3,2,0,3,3,2,3,2,3.0,2,3,1,2,2,3,3,3,3,3,3,2,,3,3,3,3,3,2,3,2,3,3,3,0,3,3,3,3,3,3,3,2,3,2,3,2,3,3,2,3,3,3,2,3,2,3,3,3,3,3,3.0,3,0,2,3,3,3,3,3,2,3,3,2,3,3,1,2.0,2,3,3,2,3,2,3.0,3,2,3,3,3.0,3,2,2,3,2,3,3,3,2,3.0,3,3,3,3,3,3,3,3.0,3.0,3,3.0,3,3.0,3,3,3,1,3,1,3,3,3.0,3,3,0,3.0,3,3,3.0,2,3,3,3.0,3,2,3,3.0,3.0,2,3.0,3,3,3,3.0,3,3,,190,5,1.1074616695059627,-0.2825925052927427
3,0,2,3,3,3,2,3,3,3.0,3,1,3,3,3,3,3,,3,2,3,2,3,3,3,2,2,3,3,3,2,3,3,3,2,2,3,3,2,3,2,3,2,3,3,2,2,3,3,3,3,3,2,3.0,3,3,2,3,2,2,3,3,3,2.0,3,2,3,3,3.0,3,3,3,2,2,3,2,3,3,3,3,3,3,3,3,3,2,2,3,3,3.0,3,3,2,3,3,2,3,3,2,2,3,3,3,3,3,3,3,3,2,2,2,2,2,3,2,3.0,3,2,3,3,3,3,3,3,2,3,3,3,3,3,2,3,3,3,3,3,3,3,3,3.0,2,2,3,3,3,3,3,0,3,2,2,2,3,2,3,3,3,3,3,3,3,3,2,3,3,2,3,3.0,3,3,3,3,1,3,2,2,1,2,0,3,3,2,2,3,3,3,2,3,3,3,2,3,3.0,2,2,3,3,3,3,3,2,2.0,3,2,3,2,2,2,3,2,3.0,2.0,2,0,2,3,3,3,2,2,2,3,2,2,2,2,3,2,3,2,3,2,3,1,2,2,2,3,2,3,2,2,2,2,3,2,3,2,3,3,2,2,2,3.0,3,3,3.0,2,3,3,2,2,2,3,2,2,3.0,3,3.0,2,2,2,3,3,3,2,2,3,3,3,3,0.0,2,3,2,2,3.0,2,3,3,3.0,3,3,3.0,3,3.0,2,3,3,3,2,3,3,2,2,3,2,3,2,2,2,3,3.0,2,3,3,2,2,3,2,3,2,3,1,2,3,3,3,3,3,3,3,2,1,3,3,2,2,3,3,3,3,3,3,2,2,3,3,3,3,3.0,3.0,3,3,2,3,3,3,3.0,3,3,3.0,3,2,3,3,3,3,2,3,3,3,3,3.0,3.0,3,2,3,3,3,3,3,3,3,3,2,3,3,0,3,3,3,3,3,3,3,2,2,3,3,2,3,3,3,3,3,3,3,2,3,2,3,3,3,3,3,3,3,3,3.0,3,3,3,3,2,3,3,2,3.0,3.0,3,3.0,3,3,3,3,3,3,3,3,3,3,3.0,3,3,2,3,3,3,3,2,3,3,2.0,2,3,2,3,3,3,3,3,2,3,3,3,3.0,3,3,3,3,3,3,3,3,2,3,3,3,3,2,3,1,3,3,3,2,3,3,3,3,3,3,3,3,2,3,2,3,2,3,3,3,3,3,3.0,3,3,3,2,3,3,3,3,2,3,3,3,3,3,3,3.0,3,3,2,2,3,3,3.0,3,3,3,3,1.0,3,3,3,3,3,3,3,3,3,3.0,3,3,3,3,3,3,3,3.0,2.0,3,3.0,3,3.0,3,2,3,3,3,3,3,3,3.0,3,3,3,3.0,3,3,3.0,3,3,2,3.0,3,3,3,3.0,3.0,3,3.0,3,3,3,3.0,3,3,3.0,191,5,1.1183120265151516,-0.3788594264287369
3,2,2,3,3,3,3,3,3,3.0,3,3,2,3,3,3,3,,3,2,3,2,3,2,3,3,3,3,3,2,3,2,3,2,3,2,3,2,3,2,3,2,3,3,2,3,3,3,3,3,3,3,3,3.0,3,2,3,2,3,3,3,3,3,3.0,3,3,2,3,3.0,3,3,3,2,3,3,3,3,3,3,3,3,3,3,2,3,3,3,3,3,3.0,3,3,1,3,3,3,3,3,3,3,3,3,3,2,3,2,3,3,3,3,3,3,2,3,3,2.0,3,2,3,1,2,2,3,3,3,3,2,2,3,3,3,3,2,1,3,3,2,3,3,3.0,3,3,3,3,3,2,2,2,2,2,3,2,3,3,3,3,2,3,3,3,3,3,2,3,2,2,3,3.0,3,2,2,0,2,3,3,3,3,3,3,3,3,3,3,3,3,0,2,3,2,3,3,3,3.0,3,3,3,3,3,3,2,3,3.0,3,3,3,0,2,3,3,3,3.0,3.0,3,3,2,3,3,2,3,3,3,3,3,3,3,2,3,2,3,3,3,3,3,2,2,3,3,3,3,3,3,2,3,3,3,3,3,3,3,3,3,3,3,1.0,3,3,3.0,3,3,3,2,3,3,3,2,3,3.0,3,3.0,3,3,1,3,3,3,2,3,3,3,2,3,3.0,2,3,3,3,3.0,3,2,3,3.0,3,3,3.0,3,3.0,2,3,2,3,0,3,3,3,3,3,3,3,3,2,2,3,3.0,3,2,3,3,2,3,2,3,3,3,2,3,2,3,3,3,3,2,2,3,2,3,2,3,3,3,3,3,3,3,3,3,3,3,3,3,3,3.0,3.0,3,3,2,3,2,2,3.0,3,3,3.0,3,2,3,3,2,3,3,3,3,2,3,3.0,3.0,2,3,3,3,3,3,2,3,2,3,3,3,3,3,3,3,3,3,3,3,3,3,3,2,3,3,3,2,3,2,3,3,3,3,3,3,3,3,3,3,2,3,3,2,3.0,3,3,3,3,2,3,2,3,3.0,3.0,3,3.0,3,3,3,3,3,3,3,3,3,0,,3,3,2,3,1,3,3,3,3,3,3.0,3,3,3,2,3,3,2,3,3,3,2,3,,3,2,3,3,2,3,3,3,2,3,3,3,3,0,3,3,3,3,3,3,3,3,3,3,3,3,3,3,3,3,2,3,3,3,3,3,3,3,3.0,3,3,3,3,3,3,3,3,3,3,3,3,3,3,3,3.0,3,3,3,3,3,2,3.0,3,3,3,3,3.0,3,3,3,3,2,3,3,2,3,3.0,3,2,3,3,3,3,3,2.0,2.0,3,3.0,3,3.0,3,3,3,3,3,2,3,3,3.0,3,3,3,3.0,3,2,3.0,3,1,3,3.0,3,3,3,3.0,,3,3.0,3,3,3,3.0,3,3,3.0,192,5,1.137341675568442,-0.22939645891056681
3,3,2,2,2,2,2,3,2,3.0,3,3,2,2,3,3,3,3.0,3,3,2,3,2,3,3,3,3,3,3,3,2,2,3,3,2,3,2,2,0,2,3,3,3,3,2,3,2,3,2,3,2,3,3,3.0,3,2,3,3,2,2,3,3,2,2.0,0,2,2,2,3.0,3,3,2,2,3,3,3,2,3,3,3,3,2,2,3,2,3,3,3,2,3.0,3,3,2,3,3,2,2,3,2,3,2,3,3,2,2,2,3,3,2,3,2,3,2,3,2,2.0,3,2,2,3,3,3,3,3,3,3,3,3,3,2,3,2,3,2,3,3,2,3,3,3.0,3,2,2,3,3,2,2,2,2,3,2,3,2,3,3,3,3,3,3,3,2,2,2,2,3,3,3,3.0,3,2,3,3,2,3,0,3,3,3,2,3,3,2,3,2,3,3,3,3,1,3,3,2,3.0,2,2,3,2,2,3,3,2,3.0,0,2,2,3,2,3,3,2,3.0,3.0,3,2,2,2,3,3,2,2,2,1,3,3,2,2,2,2,2,2,3,2,3,2,2,3,3,3,3,3,2,2,3,2,3,2,2,2,2,3,3,2,2,3.0,3,2,3.0,3,3,3,2,2,3,3,2,3,3.0,2,3.0,2,3,3,2,3,3,2,2,2,3,2,2,3.0,2,2,2,2,3.0,3,3,3,3.0,1,3,3.0,2,3.0,2,3,1,3,3,3,3,3,2,3,2,3,3,3,3,3,3.0,2,3,2,2,2,3,2,3,3,2,2,3,2,2,3,2,3,3,3,3,2,3,2,2,3,3,2,3,2,2,3,2,3,3,3,3,3,3.0,3.0,2,2,3,2,2,2,3.0,2,2,3.0,3,3,3,2,2,3,2,2,3,2,2,3.0,3.0,1,3,3,2,2,2,3,2,2,2,2,2,3,2,2,2,3,3,2,2,3,3,2,3,2,3,3,3,3,3,3,1,2,3,2,3,2,3,3,3,3,2,3,3,3.0,1,2,3,2,2,3,3,3,2.0,3.0,2,2.0,1,2,2,2,3,3,2,3,3,2,3.0,3,2,1,2,2,2,3,3,2,2,3.0,2,3,2,3,2,3,3,3,3,3,3,2,3.0,3,1,3,3,2,3,3,3,3,3,3,3,3,2,3,3,2,3,2,3,3,2,3,3,3,3,1,3,3,3,2,3,2,3,2,3,3,3,3.0,3,3,3,0,3,2,3,3,3,3,2,3,2,3,3,3.0,3,2,3,2,3,3,3.0,3,3,3,2,3.0,3,2,2,2,3,3,2,2,3,0.0,3,2,2,3,3,3,3,3.0,2.0,3,3.0,3,3.0,2,3,2,3,3,3,3,2,3.0,3,3,3,3.0,3,2,3.0,3,2,3,3.0,3,2,2,3.0,3.0,3,3.0,3,3,3,3.0,3,2,3.0,193,5,1.0896704849371754,-0.40675908223411367
2,3,2,2,2,3,2,3,2,3.0,2,2,2,2,3,3,2,3.0,3,3,2,3,2,3,3,2,2,2,3,3,2,2,2,2,3,2,2,2,2,2,2,2,2,3,3,2,2,2,1,1,2,3,2,3.0,3,2,3,3,2,3,2,3,2,3.0,2,2,2,3,3.0,2,2,2,2,2,0,3,2,2,2,3,3,2,2,0,2,2,2,2,2,3.0,2,3,2,2,2,2,3,3,2,2,1,2,2,1,2,1,3,3,2,2,2,2,2,3,2,3.0,3,2,3,2,3,3,2,0,2,3,2,2,3,3,2,2,2,2,3,3,2,3,3,3.0,2,2,2,3,3,2,2,3,2,3,2,3,2,2,3,3,2,2,2,3,2,3,2,2,3,3,3,3.0,2,2,2,2,3,2,3,2,2,3,3,3,3,2,2,3,3,3,3,3,3,3,3,3,3.0,2,3,3,3,3,3,3,2,3.0,3,2,3,2,3,2,3,3,3.0,3.0,3,2,2,2,1,3,3,3,2,2,3,2,3,2,3,3,3,2,3,3,2,2,3,3,3,3,2,2,3,2,2,3,3,3,3,3,3,3,3,2,3,3.0,2,3,3.0,3,3,2,3,2,3,3,0,2,3.0,3,3.0,3,3,3,3,3,2,2,2,2,3,2,3,3.0,2,3,2,3,3.0,2,3,2,3.0,3,3,3.0,3,3.0,2,3,3,3,3,3,3,3,3,2,3,3,3,2,3,2,3.0,2,2,3,2,2,3,2,2,3,2,2,2,2,2,3,3,3,3,3,2,2,3,3,2,3,3,3,2,2,2,3,2,2,3,3,3,3,3.0,3.0,3,3,2,2,2,3,3.0,2,3,3.0,2,2,3,3,2,3,3,2,3,3,2,2.0,3.0,3,3,3,3,2,3,2,3,3,3,3,3,3,2,3,3,2,1,2,2,2,2,3,3,2,2,2,2,2,3,2,2,2,2,2,3,3,2,2,3,2,2,1,1,3.0,2,3,3,2,3,3,2,2,3.0,3.0,2,3.0,3,3,3,3,3,3,3,2,3,3,3.0,3,3,3,3,3,3,3,2,2,2,3.0,2,3,2,2,2,3,2,2,2,2,2,3,3.0,3,2,3,3,2,2,3,3,2,3,1,3,1,2,2,3,3,3,3,3,3,3,3,2,3,2,2,3,2,2,2,2,2,3,3,2,2,2,3.0,3,3,3,2,2,3,2,2,2,3,1,3,2,2,1,3.0,2,2,2,2,3,2,3.0,3,3,3,2,3.0,3,2,3,3,3,3,3,2,3,3.0,2,2,3,3,3,3,3,3.0,3.0,0,3.0,2,3.0,3,3,2,3,3,2,3,2,3.0,2,3,3,3.0,2,3,3.0,3,3,3,3.0,2,3,3,3.0,3.0,3,3.0,2,2,2,0.0,2,3,3.0,194,5,1.0863125366295487,-0.46936124228906556
2,2,3,2,2,2,2,3,3,3.0,3,1,2,2,2,3,2,1.0,2,3,3,2,3,2,3,2,3,3,1,3,3,2,2,2,3,3,3,3,3,2,3,3,3,3,2,2,3,2,2,3,3,3,2,3.0,3,3,3,3,3,2,2,3,2,3.0,3,2,2,3,3.0,3,2,3,2,3,2,1,3,2,3,3,3,2,3,2,3,3,3,2,3,3.0,3,2,3,2,3,2,3,3,2,2,3,3,3,3,3,2,3,3,2,3,3,3,3,2,3,3.0,3,2,3,2,3,2,3,3,3,2,0,3,2,2,2,3,3,3,2,2,3,3,3,3.0,2,3,3,2,3,3,3,3,2,3,3,3,2,3,2,3,2,2,3,3,3,3,3,3,3,2,3,3.0,3,3,2,3,2,3,3,3,2,2,3,2,2,2,3,3,2,3,2,3,3,2,3,3,3.0,2,2,3,0,3,3,2,2,3.0,2,2,3,3,3,3,3,2,3.0,3.0,3,3,3,2,3,2,3,2,3,3,3,2,3,2,3,2,3,2,2,3,0,2,3,2,3,2,2,3,3,2,2,3,3,3,2,2,3,3,3,3,2,3.0,3,3,3.0,3,2,3,3,2,3,3,2,3,3.0,3,3.0,3,3,3,3,3,2,3,3,2,3,3,3,3.0,3,3,2,3,3.0,2,3,3,2.0,2,3,2.0,3,3.0,2,2,3,3,1,3,2,1,3,3,3,3,3,3,3,3,3.0,2,3,3,2,2,3,2,3,2,3,3,3,3,2,3,3,2,3,3,2,3,3,3,3,2,2,3,2,2,2,3,1,3,3,3,3,2,3.0,3.0,3,3,2,2,2,2,3.0,3,2,3.0,2,3,3,1,2,3,2,2,2,2,3,3.0,3.0,2,2,3,3,2,3,3,3,3,3,3,3,3,3,3,3,3,2,3,1,3,2,2,2,0,3,3,3,2,2,3,2,3,2,2,3,3,3,3,3,3,3,3,3,3.0,2,3,3,3,2,3,3,3,3.0,3.0,3,3.0,2,3,3,3,3,3,3,3,3,3,3.0,3,3,3,3,3,2,2,2,3,3,3.0,2,3,3,2,3,3,2,2,3,3,3,3,3.0,2,2,2,2,3,2,2,2,2,3,2,2,2,2,2,3,2,2,3,2,3,3,2,1,3,3,2,2,2,3,2,2,2,2,2,2,3,3,3.0,2,3,3,3,2,3,3,1,2,2,2,2,2,3,2,3.0,3,2,2,2,3,2,3.0,0,2,3,2,3.0,3,3,3,3,3,2,2,2,3,0.0,2,2,2,3,3,3,3,3.0,3.0,3,3.0,3,3.0,3,2,3,3,3,3,3,2,3.0,3,3,3,3.0,3,2,3.0,3,3,3,3.0,1,2,3,3.0,3.0,3,3.0,2,3,3,3.0,1,3,3.0,195,5,1.094013876189964,-0.30853033424264786
3,3,3,3,3,2,2,3,2,3.0,3,3,2,2,3,2,2,0.0,3,2,3,3,3,3,3,3,3,3,3,3,3,3,3,3,3,2,3,2,3,2,3,3,2,2,2,2,3,3,3,3,3,3,3,3.0,3,3,2,3,2,3,1,3,2,3.0,3,3,3,3,3.0,1,3,3,3,3,2,3,3,3,2,3,3,3,3,2,3,3,2,2,3,3.0,3,3,2,3,2,3,3,3,3,2,2,3,2,3,3,3,2,3,2,3,2,2,3,2,3,3.0,2,2,3,3,3,3,3,3,3,3,3,2,3,3,2,3,3,3,3,3,2,3,3,3.0,2,2,3,3,3,2,3,3,3,0,2,3,2,3,3,3,3,3,3,3,3,2,2,2,3,2,3,3.0,3,3,2,3,1,3,3,3,3,2,2,3,3,2,3,3,3,3,2,3,3,3,3,0,3.0,3,2,3,3,2,2,3,1,3.0,3,2,3,3,2,3,3,3,3.0,2.0,3,3,2,2,2,3,2,3,3,2,2,2,3,2,3,2,3,3,3,3,2,2,3,3,3,3,2,2,2,2,2,3,0,3,3,2,3,3,2,3,3,3.0,3,3,3.0,3,3,2,3,2,3,2,3,2,3.0,3,3.0,2,3,3,3,2,3,2,3,3,3,3,2,3.0,3,3,2,3,3.0,2,3,2,3.0,3,3,3.0,3,3.0,2,3,3,2,3,2,2,3,3,2,2,3,3,3,3,3,3.0,2,3,3,3,3,3,2,3,2,3,3,3,3,3,3,3,3,3,3,2,3,3,3,3,3,3,1,2,3,2,1,3,3,3,3,3,3,3.0,3.0,3,2,3,2,3,3,3.0,3,3,3.0,3,2,3,3,2,3,3,3,2,3,3,3.0,3.0,3,3,3,3,3,3,3,3,3,3,3,3,3,3,3,3,3,0,2,2,3,2,3,3,2,3,3,2,2,2,3,2,2,3,3,2,3,3,3,3,3,2,3,3,3.0,3,2,3,2,3,3,2,3,3.0,3.0,3,3.0,3,3,3,2,3,3,2,3,3,3,3.0,3,3,3,3,3,3,3,3,2,2,3.0,3,2,3,2,2,3,2,3,3,3,3,3,3.0,3,2,3,3,2,3,1,2,3,3,3,3,2,2,2,3,2,3,3,3,3,3,3,2,0,3,2,3,3,2,2,3,3,3,3,3,3,3,3.0,3,3,3,3,3,3,2,2,3,3,1,3,3,2,3,3.0,2,2,2,3,3,3,3.0,3,2,1,2,2.0,3,3,3,3,3,3,3,2,3,3.0,3,2,3,3,1,3,3,3.0,3.0,2,3.0,3,3.0,3,3,2,3,3,3,3,3,3.0,3,3,3,3.0,3,3,3.0,2,3,3,3.0,3,3,2,3.0,3.0,3,3.0,3,3,3,3.0,2,3,3.0,196,5,1.1053657348194166,-0.30721713446784243
2,2,2,3,2,2,2,1,3,3.0,1,3,2,3,2,3,2,3.0,2,3,2,2,2,2,2,2,3,0,2,2,2,1,2,2,3,2,3,2,2,2,2,3,2,3,2,2,2,2,3,2,2,2,3,3.0,3,0,3,2,3,2,2,2,2,2.0,2,3,2,3,3.0,3,3,3,2,1,2,2,2,2,2,3,3,2,3,2,3,2,2,2,2,3.0,2,3,1,2,2,3,1,2,2,2,3,2,2,2,2,2,3,3,2,2,2,2,2,3,2,2.0,3,2,2,0,2,2,2,2,2,2,2,1,3,3,2,2,2,2,2,2,2,2,2,2.0,2,2,2,3,3,2,2,2,3,3,2,2,2,2,3,2,2,2,3,3,2,2,3,2,2,2,2,3.0,3,1,2,2,2,2,2,2,2,2,2,3,3,2,3,3,2,3,2,3,2,3,3,2,3.0,2,2,2,2,2,3,2,3,3.0,2,2,3,2,2,3,3,2,3.0,3.0,3,2,2,3,3,3,2,2,2,2,2,3,3,1,3,2,3,3,3,2,2,2,3,3,3,3,3,3,3,2,3,3,3,2,3,0,3,3,3,2,3,3.0,2,3,3.0,3,2,3,2,2,3,3,2,2,3.0,2,3.0,2,3,3,3,3,2,2,2,2,3,2,3,2.0,2,3,3,3,2.0,2,2,2,3.0,3,2,3.0,3,3.0,2,3,2,2,3,3,3,3,2,2,2,3,3,3,3,1,3.0,2,2,3,3,2,3,2,2,3,3,3,3,3,3,3,3,2,3,3,3,2,3,3,2,3,3,2,3,3,2,2,2,3,3,3,3,2,3.0,3.0,3,3,2,3,2,2,3.0,2,3,3.0,2,2,3,2,2,3,2,3,3,1,2,2.0,3.0,3,3,3,2,3,3,2,2,3,2,2,2,2,2,2,2,2,2,3,2,2,2,3,2,2,0,2,2,3,2,2,2,2,3,2,3,2,2,3,3,2,3,2,2,2.0,2,3,3,2,2,3,2,2,3.0,3.0,3,2.0,3,3,2,2,3,3,2,0,2,2,3.0,3,2,2,3,2,3,3,1,3,2,3.0,2,3,2,2,2,3,3,2,2,3,2,3,3.0,2,3,3,2,2,3,3,2,3,3,3,3,1,2,3,3,3,3,3,2,3,2,2,3,3,3,2,3,3,3,3,2,2,3,3,3,2,3,3.0,3,2,2,2,3,3,2,3,2,3,2,2,2,2,3,3.0,3,2,3,2,2,2,2.0,2,2,2,2,2.0,3,2,3,3,2,3,2,3,2,3.0,2,2,3,3,2,3,3,3.0,3.0,3,3.0,3,3.0,1,3,2,2,3,2,3,3,3.0,2,2,3,3.0,2,2,3.0,2,1,3,3.0,2,2,2,3.0,3.0,2,3.0,3,2,3,3.0,2,3,3.0,197,5,1.0772800984174915,-0.3787330792760212
3,2,2,2,2,2,3,3,3,3.0,3,3,2,3,3,2,3,3.0,3,3,3,3,2,3,3,3,3,2,3,3,2,1,2,2,3,2,3,2,3,1,3,2,3,3,2,2,2,3,2,2,3,3,2,2.0,2,3,3,3,3,2,2,3,3,3.0,3,3,2,3,3.0,3,3,3,3,3,3,2,3,2,3,3,3,0,3,3,3,3,3,3,2,3.0,2,2,3,2,3,2,2,3,3,3,2,3,2,3,3,2,3,3,3,3,3,2,3,2,3,3.0,3,3,3,2,3,3,3,3,3,3,3,3,3,2,3,3,3,3,2,2,3,3,3,3.0,2,2,2,3,3,3,2,3,3,2,3,2,3,3,3,3,3,3,3,1,3,3,3,3,3,3,2,3.0,3,3,2,3,2,3,3,3,2,3,3,3,3,2,3,3,3,0,3,3,3,0,3,3,3.0,3,2,0,3,3,3,2,3,3.0,2,3,3,2,2,3,3,2,3.0,3.0,3,2,2,2,3,3,2,2,2,3,3,2,2,3,2,2,2,3,2,2,3,2,1,3,3,3,3,2,3,1,2,3,3,3,3,3,2,3,2,3,2,2.0,3,3,3.0,3,3,2,2,2,3,3,3,3,3.0,3,3.0,3,2,2,3,3,3,3,2,2,3,3,3,3.0,2,3,3,3,3.0,2,3,2,3.0,2,1,3.0,2,2.0,3,3,3,3,0,2,3,3,2,3,3,3,3,2,2,2,3.0,3,3,3,3,3,3,3,2,3,1,2,3,2,3,3,3,3,3,2,3,3,2,2,3,3,3,3,3,3,3,3,2,3,3,3,3,2,3.0,2.0,3,3,2,2,3,3,3.0,3,3,3.0,3,3,2,2,2,3,3,3,3,3,3,2.0,3.0,3,2,2,3,2,3,3,2,3,3,2,3,3,3,3,2,3,2,3,3,3,3,3,3,3,2,3,3,3,2,3,2,3,2,3,3,3,3,3,3,3,3,3,3,3.0,3,3,3,3,3,3,3,2,3.0,3.0,3,3.0,2,3,3,3,3,2,3,3,2,3,3.0,3,3,3,2,3,2,3,3,3,2,2.0,2,3,2,3,3,3,2,2,3,3,3,3,3.0,3,3,3,3,3,2,2,3,3,2,3,3,3,2,3,3,3,3,3,3,3,2,3,3,3,2,3,3,3,3,2,2,3,3,3,3,2,3,3.0,3,3,2,3,3,0,3,3,3,3,3,2,2,3,2,3.0,3,3,3,2,3,3,3.0,3,3,3,2,3.0,3,3,1,3,3,3,3,3,2,3.0,3,2,1,3,3,3,3,3.0,3.0,2,3.0,3,3.0,2,2,3,3,3,3,3,3,2.0,3,3,3,,3,3,3.0,3,3,3,3.0,2,3,3,3.0,3.0,3,3.0,3,3,3,3.0,3,3,3.0,198,5,1.1077125276300854,-0.2678520604318851
2,3,2,2,2,2,2,3,3,3.0,2,3,2,1,3,3,2,3.0,3,3,2,2,3,3,3,3,2,3,1,2,2,2,3,3,3,2,3,2,3,3,3,3,2,3,2,2,3,2,3,2,3,2,2,3.0,2,2,3,2,2,3,2,3,2,2.0,3,2,2,3,3.0,2,0,3,2,3,2,2,3,3,2,3,3,2,3,2,3,3,2,3,2,3.0,3,2,3,3,3,2,3,3,2,2,3,3,3,3,2,1,3,2,2,2,3,3,3,3,3,3.0,0,3,2,2,3,2,2,3,3,3,3,3,3,1,2,3,3,3,3,3,3,2,2,3.0,1,2,3,3,2,0,3,3,3,3,3,3,2,2,3,2,3,2,2,3,3,2,3,2,3,3,3,3.0,3,2,2,2,2,1,3,3,3,3,3,3,3,2,3,3,2,3,3,3,3,2,3,2,3.0,3,3,3,2,3,3,3,2,3.0,2,2,2,3,3,3,3,3,3.0,3.0,2,3,2,2,3,2,1,2,2,3,3,2,2,1,2,2,2,2,3,3,2,2,3,3,3,3,2,0,1,2,3,3,2,3,3,2,3,3,3,2,2,3.0,2,3,2.0,3,3,3,2,3,3,3,2,3,3.0,3,3.0,3,3,3,3,2,3,2,3,3,3,2,2,3.0,2,3,2,3,3.0,2,3,2,2.0,2,3,3.0,3,3.0,2,2,3,3,3,3,3,2,2,1,3,3,3,3,3,3,3.0,2,2,3,3,3,3,2,2,3,3,2,3,3,3,3,3,3,3,2,3,2,3,3,3,2,3,3,2,2,2,2,3,3,3,2,3,3,3.0,3.0,3,3,2,3,3,2,3.0,2,3,3.0,2,2,3,3,3,2,3,3,3,3,3,3.0,3.0,3,3,3,2,2,3,2,3,3,3,3,2,3,3,2,3,3,2,2,2,2,2,2,2,2,3,3,2,2,3,2,3,3,3,2,3,2,2,2,3,3,2,2,2,3.0,2,3,3,2,3,3,3,2,3.0,3.0,2,3.0,2,3,3,3,2,3,2,2,3,3,,2,3,3,2,3,2,3,2,3,2,3.0,2,3,2,2,3,3,2,3,2,3,3,2,3.0,2,3,3,3,2,3,3,0,2,3,2,2,2,2,0,3,2,3,3,3,3,3,2,3,3,3,3,3,2,3,2,3,3,2,3,3,3,3,3.0,3,3,3,3,3,3,2,1,2,2,2,2,3,2,2,3.0,2,3,2,2,3,2,3.0,3,3,3,3,3.0,3,2,3,2,2,2,2,2,3,3.0,2,2,2,3,2,3,2,3.0,3.0,2,3.0,3,3.0,3,3,2,3,3,3,3,2,3.0,3,3,3,3.0,3,3,3.0,3,3,3,3.0,3,3,2,3.0,3.0,3,3.0,3,3,3,3.0,3,2,3.0,199,5,1.0860543501158628,-0.35394588886866335
