0,1,2,3,4,5,6,7,8,9,10,11,12,13,14,15,16,17,18,19,20,21,22,23,24,25,26,27,28,29,30,31,32,33,34,35,36,37,38,39,40,41,42,43,44,45,46,47,48,49,50,51,52,53,54,55,56,57,58,59,60,61,62,63,64,65,66,67,68,69,70,71,72,73,74,75,76,77,78,79,80,81,82,83,84,85,86,87,88,89,90,91,92,93,94,95,96,97,98,99,100,101,102,103,104,105,106,107,108,109,110,111,112,113,114,115,116,117,118,119,120,121,122,123,124,125,126,127,128,129,130,131,132,133,134,135,136,137,138,139,140,141,142,143,144,145,146,147,148,149,150,151,152,153,154,155,156,157,158,159,160,161,162,163,164,165,166,167,168,169,170,171,172,173,174,175,176,177,178,179,180,181,182,183,184,185,186,187,188,189,190,191,192,193,194,195,196,197,198,199,200,201,202,203,204,205,206,207,208,209,210,211,212,213,214,215,216,217,218,219,220,221,222,223,224,225,226,227,228,229,230,231,232,233,234,235,236,237,238,239,240,241,242,243,244,245,246,247,248,249,250,251,252,253,254,255,256,257,258,259,260,261,262,263,264,265,266,267,268,269,270,271,272,273,274,275,276,277,278,279,280,281,282,283,284,285,286,287,288,289,290,291,292,293,294,295,296,297,298,299,300,301,302,303,304,305,306,307,308,309,310,311,312,313,314,315,316,317,318,319,320,321,322,323,324,325,326,327,328,329,330,331,332,333,334,335,336,337,338,339,340,341,342,343,344,345,346,347,348,349,350,351,352,353,354,355,356,357,358,359,360,361,362,363,364,365,366,367,368,369,370,371,372,373,374,375,376,377,378,379,380,381,382,383,384,385,386,387,388,389,390,391,392,393,394,395,396,397,398,399,400,401,402,403,404,405,406,407,408,409,410,411,412,413,414,415,416,417,418,419,420,421,422,423,424,425,426,427,428,429,430,431,432,433,434,435,436,437,438,439,440,441,442,443,444,445,446,447,448,449,450,451,452,453,454,455,456,457,458,459,460,461,462,463,464,465,466,467,468,469,470,471,472,473,474,475,476,477,478,479,480,481,482,483,484,485,486,487,488,489,490,491,492,493,494,495,496,497,498,499,500,501,502,503,504,505,506,507,508,509,510,511,512,513,514,515,516,517,518,519,520,521,522,523,524,525,526,527,528,529,530,531,532,533,534,535,536,537,538,539,540,541,542,543,544,545,546,547,548,549,550,551,552,553,554,555,556,557,558,559,560,561,562,563,564,565,566,567,568,569,570,571,572,573,574,575,576,577,578,579,580,581,582,583,584,585,586,587,588,589,590,seed,complex_param,EPH,corr
3.0,2,2,3,3,3,3,3.0,3,3.0,3,3,2,2,0.0,3,3.0,,3.0,3.0,3.0,3.0,3,3.0,3.0,3.0,3,2,3.0,3.0,3,3,3,3.0,3.0,3,,3.0,3.0,3,2,3.0,3,2.0,3,3,3,3,3.0,3,3,3.0,3,3.0,3,2.0,3.0,2,3,3,3.0,3.0,3.0,3,3.0,3,2,3.0,3.0,3.0,,3.0,3,3,3,3,3.0,3.0,2,3.0,3.0,3,3.0,3,3.0,0.0,3,3,3,2.0,3,3.0,2,3,3.0,3,3.0,3.0,3,3,3,3.0,3.0,3,3.0,3,3.0,3.0,3,3,3,3.0,3.0,3,3.0,3.0,3.0,3,3.0,3.0,3,3.0,3,3.0,3,3.0,3.0,3,3,3,3.0,2.0,0.0,3.0,3.0,2.0,3,3.0,2.0,3.0,3,3,2.0,3,3.0,3.0,3,3,3,3.0,3,3.0,3,3,3,3.0,3,3.0,3,3.0,3.0,3,3,3,3.0,3,3.0,3.0,3.0,3.0,3,1,3,2.0,3,3.0,3,3.0,3,3.0,3.0,3,3.0,,3.0,3.0,3.0,3.0,3,3.0,3.0,3,,2,3,3,3.0,3.0,3.0,,3,3.0,3,3,3.0,2,3,3,3.0,3,3.0,3.0,3.0,0,2,3,3.0,3.0,3,3,3.0,3,2.0,3,3.0,0,3,3,3,3,3.0,3.0,3.0,3,3,3,1.0,3.0,3,3,3.0,3,3.0,3.0,3.0,3.0,3.0,2,3.0,,3.0,3,3.0,3.0,1.0,,3.0,3.0,3.0,3.0,3,2,3.0,3.0,2,3,2.0,3,3.0,3,3,3.0,3.0,3.0,3,3,2,2,3.0,3.0,3,3.0,3,3.0,1,2.0,3.0,3,3,3,3.0,3,3.0,3.0,3,3.0,3,3.0,3.0,3.0,3.0,3.0,3.0,3.0,3.0,3.0,3,3.0,3.0,3,3.0,3,2.0,3,3.0,3,3,3,3.0,3,3,3.0,3.0,3.0,3.0,3,3.0,3.0,3.0,3,3.0,3,3.0,3.0,3.0,3.0,3,3,3.0,1.0,3,3,2,3.0,3,3.0,3.0,3.0,3.0,3.0,3.0,3.0,3.0,3,3,3.0,3,3.0,,3.0,3.0,,3,3,3.0,,2,2.0,3,3,2.0,3,2.0,3.0,3.0,3.0,3.0,3.0,3,3,3.0,3.0,3.0,3.0,3.0,3.0,2,3,3,3.0,3,1,3,3,3,3.0,3,3,2.0,3,1.0,3.0,3.0,3.0,3.0,3,3,2.0,3.0,3,3.0,3.0,3.0,3,2.0,3.0,3.0,2.0,0.0,3.0,3,3.0,3.0,3,3.0,3.0,3,3.0,,,3,,3,,3.0,3,3.0,3.0,3.0,3.0,3.0,3.0,,3.0,3.0,3,3,3.0,3.0,,3,3,3,3.0,3.0,3.0,2,3,3,3.0,3,3,3,3.0,3,3,,3,3,3,2,3.0,3,3.0,3.0,3.0,3.0,3.0,3.0,3.0,3,3.0,3.0,3,3.0,3.0,3.0,3.0,3.0,3.0,3,3.0,3.0,3.0,3.0,3,3.0,3,3,2,3.0,3.0,3,3.0,3.0,,3.0,3.0,3.0,3,,,3.0,3.0,3.0,,3,3,2,3.0,3.0,,3,3.0,3,3.0,3.0,3.0,,,3,3.0,3,3.0,3.0,3,3.0,3.0,3.0,3.0,3.0,3.0,3.0,3.0,2.0,3.0,2.0,3,3.0,3.0,,3.0,3.0,3.0,3.0,1.0,3.0,3.0,3.0,3.0,3.0,3.0,3.0,3.0,3.0,,3.0,,3.0,,3.0,,3.0,2.0,3.0,3.0,,3.0,3.0,3.0,,,,3.0,,3.0,3.0,3.0,3,3.0,,0,7,1.3110199761873265,-0.07317304292720456
3.0,3,3,4,4,3,4,2.0,3,4.0,3,4,3,4,4.0,4,3.0,4.0,3.0,3.0,3.0,4.0,4,0.0,4.0,4.0,2,3,3.0,3.0,3,3,3,3.0,4.0,3,4.0,3.0,3.0,4,3,3.0,3,4.0,3,3,4,3,4.0,3,3,4.0,4,4.0,3,4.0,3.0,3,3,1,4.0,4.0,2.0,4,3.0,3,4,4.0,4.0,3.0,4.0,4.0,3,4,3,3,4.0,4.0,3,4.0,3.0,3,4.0,3,4.0,3.0,3,4,3,4.0,0,3.0,3,3,4.0,3,3.0,3.0,3,3,4,3.0,2.0,3,3.0,3,4.0,3.0,3,3,3,3.0,2.0,3,3.0,3.0,3.0,3,3.0,3.0,0,4.0,3,4.0,3,3.0,3.0,4,3,3,3.0,3.0,4.0,3.0,3.0,3.0,4,4.0,3.0,3.0,3,3,3.0,4,4.0,3.0,3,3,3,3.0,3,3.0,4,1,4,3.0,3,4.0,4,4.0,4.0,3,3,3,2.0,3,4.0,3.0,3.0,2.0,3,3,3,4.0,3,3.0,3,4.0,3,2.0,4.0,3,4.0,4.0,3.0,4.0,4.0,4.0,3,3.0,4.0,3,4.0,3,3,4,4.0,4.0,4.0,4.0,3,4.0,3,3,4.0,3,4,3,3.0,2,4.0,3.0,3.0,3,3,4,3.0,4.0,3,3,3.0,4,3.0,3,4.0,2,3,3,4,3,4.0,3.0,3.0,3,3,4,4.0,4.0,4,3,4.0,3,4.0,4.0,3.0,4.0,3.0,3,3.0,4.0,4.0,3,4.0,4.0,4.0,4.0,4.0,0.0,4.0,4.0,3,3,4.0,4.0,3,3,4.0,4,4.0,3,4,3.0,3.0,4.0,3,3,3,3,4.0,3.0,3,3.0,2,4.0,3,3.0,4.0,3,4,3,4.0,4,4.0,4.0,4,4.0,3,4.0,3.0,4.0,4.0,4.0,4.0,3.0,3.0,3.0,3,4.0,4.0,4,4.0,4,4.0,2,3.0,4,3,3,4.0,3,4,4.0,3.0,3.0,4.0,3,4.0,4.0,4.0,3,3.0,3,3.0,1.0,4.0,4.0,3,4,4.0,4.0,2,4,3,3.0,3,4.0,4.0,4.0,4.0,4.0,4.0,2.0,4.0,3,3,2.0,3,3.0,4.0,3.0,4.0,4.0,3,3,4.0,3.0,3,3.0,3,4,4.0,3,3.0,3.0,4.0,4.0,4.0,4.0,4,4,4.0,3.0,4.0,4.0,4.0,3.0,3,3,3,3.0,3,3,4,3,3,3.0,4,3,3.0,2,4.0,4.0,3.0,3.0,3.0,4,3,3.0,3.0,3,3.0,3.0,4.0,4,4.0,4.0,3.0,4.0,3.0,4.0,3,4.0,3.0,3,4.0,4.0,4,4.0,4.0,4.0,3,4.0,4,4.0,3.0,3,4.0,4.0,3.0,3.0,3.0,3.0,4.0,4.0,3.0,3,4,2.0,4.0,4.0,3,3,3,4.0,3.0,3.0,3,3,0,4.0,3,4,3,4.0,3,4,4.0,3,3,4,4,4.0,4,3.0,3.0,3.0,4.0,3.0,3.0,4.0,4,3.0,4.0,4,4.0,3.0,3.0,4.0,3.0,3.0,4,3.0,4.0,3.0,4.0,4,4.0,4,3,3,4.0,4.0,3,3.0,4.0,4.0,3.0,4.0,3.0,0,4.0,4.0,4.0,4.0,3.0,4.0,3,4,3,3.0,3.0,4.0,4,3.0,3,3.0,4.0,4.0,4.0,4.0,4,3.0,3,3.0,3.0,3,4.0,1.0,3.0,3.0,1.0,3.0,3.0,4.0,1.0,3.0,4.0,4,4.0,3.0,4.0,4.0,3.0,3.0,3.0,4.0,4.0,4.0,4.0,3.0,4.0,3.0,4.0,4.0,3.0,4.0,3.0,3.0,4.0,4.0,4.0,3.0,4.0,4.0,4.0,4.0,4.0,3.0,4.0,4.0,4.0,4.0,4.0,4.0,4.0,4.0,4.0,4.0,3,3.0,4.0,1,7,1.1712673165726013,-0.4424864027530135
2.0,3,3,3,3,2,2,3.0,3,3.0,3,3,2,3,3.0,3,3.0,3.0,3.0,3.0,3.0,3.0,3,3.0,3.0,3.0,3,3,3.0,3.0,3,2,3,3.0,3.0,3,3.0,1.0,3.0,3,3,3.0,3,3.0,2,3,3,3,3.0,2,2,3.0,3,3.0,3,3.0,3.0,3,3,3,2.0,3.0,2.0,3,3.0,2,2,3.0,3.0,3.0,3.0,3.0,3,3,2,3,3.0,2.0,3,3.0,0.0,1,3.0,2,3.0,3.0,3,3,2,3.0,3,3.0,3,3,3.0,3,1.0,3.0,3,2,2,3.0,2.0,2,3.0,3,3.0,3.0,2,3,3,1.0,3.0,3,3.0,3.0,3.0,3,3.0,3.0,3,3.0,3,3.0,2,3.0,3.0,3,3,3,2.0,3.0,3.0,3.0,2.0,3.0,3,3.0,3.0,3.0,2,0,3.0,3,3.0,3.0,3,3,3,3.0,3,2.0,3,3,3,3.0,3,3.0,3,3.0,3.0,3,3,3,3.0,3,1.0,3.0,3.0,3.0,3,3,3,3.0,3,3.0,3,3.0,3,2.0,3.0,3,3.0,3.0,3.0,2.0,3.0,3.0,3,3.0,3.0,3,,2,2,3,3.0,3.0,3.0,3.0,2,3.0,3,3,3.0,3,3,3,3.0,3,,3.0,3.0,3,3,3,1.0,3.0,3,2,3.0,3,3.0,3,3.0,2,3,3,3,3,3.0,3.0,3.0,3,3,3,3.0,3.0,3,3,3.0,3,3.0,3.0,3.0,3.0,2.0,3,3.0,3.0,3.0,3,3.0,,3.0,3.0,3.0,3.0,3.0,3.0,3,3,3.0,3.0,2,3,3.0,3,3.0,3,3,3.0,3.0,3.0,3,3,3,3,,3.0,3,0.0,3,3.0,3,3.0,3.0,3,3,3,3.0,3,3.0,3.0,3,,3,3.0,3.0,3.0,3.0,3.0,3.0,1.0,3.0,3.0,2,3.0,3.0,3,3.0,3,3.0,3,3.0,3,3,2,3.0,3,3,3.0,3.0,3.0,3.0,3,3.0,3.0,3.0,3,3.0,3,3.0,3.0,3.0,3.0,3,3,1.0,3.0,3,2,2,3.0,3,3.0,3.0,3.0,3.0,3.0,3.0,3.0,3.0,1,3,2.0,3,3.0,3.0,3.0,3.0,,3,2,3.0,3.0,3,3.0,2,3,3.0,3,3.0,3.0,3.0,2.0,3.0,3.0,3,3,3.0,3.0,2.0,3.0,3.0,3.0,3,3,3,3.0,3,3,3,3,2,3.0,3,3,3.0,3,3.0,3.0,2.0,3.0,3.0,3,3,3.0,3.0,3,3.0,1.0,3.0,3,3.0,1.0,3.0,3.0,3.0,3.0,3,3.0,3.0,3,3.0,3.0,0,3.0,,,3,3.0,3,3.0,3.0,3,2.0,3.0,3.0,3.0,3.0,3.0,,3.0,3.0,2,2,3.0,3.0,,3,3,3,3.0,3.0,3.0,3,3,3,3.0,3,3,2,2.0,3,3,,3,3,3,3,3.0,2,2.0,3.0,3.0,2.0,3.0,3.0,2.0,2,3.0,3.0,3,3.0,3.0,3.0,3.0,3.0,2.0,3,3.0,3.0,3.0,3.0,3,3.0,3,2,3,3.0,3.0,1,3.0,3.0,,3.0,3.0,3.0,2,3.0,3.0,3.0,3.0,3.0,3.0,3,3,2,3.0,3.0,3.0,3,3.0,3,3.0,3.0,3.0,3.0,3.0,3,3.0,0,3.0,3.0,3,3.0,3.0,3.0,3.0,3.0,3.0,3.0,3.0,3.0,3.0,3.0,3,3.0,3.0,3.0,,3.0,3.0,,3.0,,2.0,3.0,3.0,3.0,3.0,3.0,,3.0,3.0,3.0,3.0,3.0,,3.0,3.0,3.0,3.0,3.0,3.0,,3.0,3.0,3.0,,0.0,3.0,,3.0,3.0,3.0,3.0,3,3.0,,2,7,1.235689549806478,-0.23208868874411262
3.0,3,3,3,3,3,3,3.0,3,4.0,1,3,3,3,4.0,3,3.0,4.0,3.0,2.0,4.0,3.0,3,3.0,3.0,3.0,3,3,3.0,3.0,3,3,3,3.0,3.0,3,3.0,4.0,3.0,3,3,3.0,3,3.0,3,3,3,3,3.0,3,3,3.0,3,3.0,4,3.0,2.0,2,3,3,3.0,4.0,3.0,3,3.0,3,3,3.0,3.0,3.0,4.0,3.0,3,3,3,4,3.0,3.0,3,3.0,3.0,3,3.0,3,4.0,3.0,3,3,1,4.0,3,3.0,2,2,2.0,3,3.0,3.0,2,3,3,3.0,3.0,3,3.0,3,4.0,0.0,2,3,3,3.0,3.0,3,2.0,4.0,3.0,3,4.0,3.0,3,3.0,3,3.0,3,3.0,3.0,3,3,3,2.0,0.0,3.0,3.0,3.0,3.0,3,3.0,3.0,3.0,3,3,3.0,4,3.0,3.0,3,3,3,3.0,3,3.0,3,3,3,3.0,3,3.0,3,4.0,3.0,3,4,3,3.0,3,4.0,3.0,3.0,3.0,3,3,2,3.0,4,3.0,3,3.0,3,3.0,3.0,3,3.0,4.0,3.0,3.0,3.0,3.0,0,3.0,3.0,3,4.0,3,3,3,3.0,3.0,3.0,4.0,3,3.0,3,3,3.0,3,3,3,3.0,3,4.0,3.0,3.0,3,3,3,3.0,3.0,2,3,3.0,3,3.0,3,3.0,3,3,3,1,3,3.0,3.0,3.0,1,3,3,3.0,3.0,3,3,3.0,0,4.0,3.0,3.0,4.0,3.0,3,3.0,3.0,3.0,3,3.0,3.0,3.0,3.0,4.0,3.0,3.0,3.0,3,2,3.0,3.0,2,1,4.0,2,4.0,3,3,3.0,4.0,3.0,3,3,3,3,4.0,3.0,3,3.0,3,4.0,1,3.0,4.0,3,3,3,3.0,3,3.0,4.0,3,3.0,3,3.0,3.0,4.0,3.0,3.0,3.0,3.0,3.0,3.0,3,3.0,3.0,2,4.0,3,3.0,3,3.0,3,3,3,3.0,3,3,3.0,3.0,3.0,3.0,3,3.0,3.0,3.0,3,4.0,3,3.0,3.0,2.0,4.0,3,3,3.0,3.0,3,3,3,4.0,4,4.0,4.0,4.0,4.0,3.0,4.0,4.0,4.0,3,3,3.0,3,3.0,4.0,3.0,3.0,4.0,3,3,4.0,4.0,3,3.0,3,3,4.0,3,3.0,3.0,4.0,3.0,3.0,3.0,3,3,3.0,3.0,3.0,3.0,3.0,3.0,4,3,3,3.0,3,3,2,3,3,3.0,3,3,3.0,3,3.0,3.0,1.0,3.0,4.0,2,3,3.0,3.0,3,3.0,3.0,3.0,3,4.0,3.0,3.0,3.0,3.0,3.0,3,3.0,4.0,3,4.0,4.0,2,3.0,4.0,4.0,3,4.0,3,4.0,4.0,4,0.0,4.0,3.0,4.0,4.0,4.0,4.0,4.0,3.0,3,3,3.0,3.0,4.0,3,3,3,3.0,3.0,3.0,3,3,3,3.0,2,3,3,3.0,3,3,4.0,3,2,3,3,3.0,3,3.0,3.0,3.0,3.0,3.0,3.0,3.0,3,3.0,4.0,3,3.0,3.0,3.0,3.0,3.0,3.0,3,3.0,3.0,3.0,3.0,3,3.0,3,3,3,4.0,3.0,3,3.0,3.0,4.0,3.0,3.0,3.0,3,3.0,4.0,2.0,3.0,2.0,3.0,2,3,3,3.0,3.0,3.0,0,3.0,2,2.0,3.0,3.0,4.0,4.0,3,4.0,3,3.0,3.0,3,3.0,3.0,3.0,3.0,4.0,3.0,3.0,4.0,3.0,3.0,3.0,3,3.0,4.0,4.0,4.0,4.0,3.0,4.0,3.0,3.0,3.0,3.0,3.0,3.0,4.0,3.0,4.0,3.0,4.0,3.0,4.0,3.0,4.0,1.0,3.0,4.0,4.0,4.0,3.0,4.0,3.0,3.0,3.0,4.0,4.0,4.0,4.0,3.0,3.0,3.0,4.0,3,3.0,4.0,3,7,1.2412260177819372,-0.47065807223480177
3.0,3,2,3,3,3,3,2.0,3,3.0,3,3,2,2,3.0,3,3.0,,3.0,2.0,2.0,2.0,2,3.0,3.0,3.0,3,3,2.0,3.0,2,3,3,3.0,3.0,3,3.0,3.0,3.0,2,3,3.0,3,3.0,2,3,2,3,3.0,3,3,3.0,3,3.0,3,3.0,2.0,3,3,3,3.0,3.0,3.0,3,3.0,2,3,3.0,3.0,3.0,3.0,3.0,3,2,2,3,3.0,2.0,3,3.0,3.0,3,3.0,2,3.0,2.0,2,1,2,3.0,3,3.0,2,2,3.0,3,3.0,3.0,2,3,3,3.0,3.0,3,3.0,3,3.0,3.0,3,3,3,2.0,1.0,3,3.0,3.0,3.0,2,3.0,3.0,2,3.0,3,3.0,2,3.0,3.0,3,3,3,3.0,3.0,3.0,3.0,3.0,3.0,3,3.0,3.0,3.0,3,2,2.0,3,3.0,3.0,3,3,3,3.0,3,3.0,2,3,1,3.0,3,3.0,3,3.0,3.0,2,3,3,3.0,2,3.0,3.0,3.0,3.0,3,3,3,3.0,3,3.0,2,3.0,3,3.0,3.0,3,3.0,3.0,3.0,3.0,3.0,3.0,3,3.0,3.0,3,3.0,2,3,3,2.0,3.0,3.0,2.0,3,3.0,3,2,3.0,2,3,3,3.0,3,3.0,3.0,3.0,1,0,1,3.0,3.0,2,2,3.0,3,3.0,3,3.0,3,3,2,3,3,3.0,3.0,3.0,2,3,3,3.0,3.0,3,3,3.0,3,3.0,2.0,3.0,3.0,2.0,3,3.0,3.0,3.0,3,3.0,3.0,3.0,3.0,3.0,3.0,3.0,3.0,3,2,3.0,3.0,2,3,3.0,3,3.0,3,3,3.0,3.0,3.0,2,3,2,3,3.0,3.0,3,3.0,3,3.0,2,3.0,3.0,2,2,3,3.0,3,3.0,3.0,3,3.0,3,3.0,3.0,3.0,3.0,3.0,3.0,3.0,2.0,2.0,3,3.0,3.0,3,3.0,3,3.0,3,1.0,3,3,3,3.0,2,3,3.0,3.0,3.0,3.0,3,3.0,3.0,3.0,3,3.0,3,3.0,3.0,3.0,3.0,3,3,3.0,3.0,3,3,3,3.0,3,3.0,3.0,3.0,3.0,3.0,3.0,2.0,3.0,3,2,3.0,2,3.0,3.0,3.0,3.0,3.0,3,3,3.0,3.0,3,2.0,3,3,3.0,3,3.0,3.0,3.0,3.0,2.0,3.0,2,3,3.0,3.0,0.0,3.0,3.0,3.0,3,2,1,3.0,3,3,3,2,3,3.0,2,3,0.0,2,3.0,3.0,2.0,2.0,3.0,3,2,3.0,3.0,2,3.0,3.0,3.0,3,3.0,3.0,3.0,3.0,3.0,3.0,2,3.0,3.0,3,3.0,3.0,2,2.0,3.0,3.0,3,3.0,3,3.0,3.0,3,3.0,3.0,3.0,3.0,3.0,3.0,,3.0,3.0,2,3,3.0,3.0,3.0,3,2,3,3.0,3.0,0.0,2,3,2,3.0,3,2,3,3.0,3,3,,3,3,3,2,3.0,3,3.0,3.0,1.0,3.0,3.0,3.0,3.0,1,3.0,3.0,3,3.0,2.0,3.0,3.0,2.0,0.0,3,3.0,3.0,3.0,3.0,3,3.0,3,3,3,3.0,3.0,2,2.0,1.0,,3.0,3.0,3.0,3,3.0,3.0,3.0,3.0,2.0,3.0,3,2,2,3.0,3.0,3.0,3,3.0,3,2.0,3.0,2.0,3.0,3.0,3,3.0,3,2.0,3.0,3,3.0,3.0,3.0,3.0,3.0,2.0,3.0,3.0,3.0,3.0,3.0,3,3.0,3.0,3.0,,3.0,3.0,,3.0,3.0,3.0,3.0,3.0,3.0,3.0,3.0,3.0,1.0,3.0,3.0,3.0,3.0,,3.0,3.0,2.0,0.0,3.0,1.0,3.0,3.0,2.0,3.0,,3.0,3.0,,3.0,3.0,3.0,,3,3.0,3.0,4,7,1.1913409961685826,-0.305208930561265
3.0,3,3,4,4,4,3,4.0,3,4.0,4,4,3,4,4.0,4,3.0,4.0,4.0,4.0,4.0,3.0,3,4.0,4.0,4.0,3,3,4.0,4.0,4,3,4,3.0,4.0,3,4.0,4.0,3.0,3,4,4.0,3,4.0,4,0,3,4,4.0,4,3,4.0,4,4.0,4,4.0,4.0,4,3,4,3.0,4.0,4.0,4,4.0,3,3,4.0,0.0,4.0,4.0,4.0,3,2,3,3,3.0,3.0,2,4.0,4.0,3,3.0,3,4.0,3.0,4,3,4,4.0,3,3.0,4,4,3.0,3,4.0,3.0,3,3,3,3.0,4.0,2,4.0,4,4.0,4.0,3,3,1,4.0,4.0,4,3.0,4.0,4.0,3,4.0,3.0,3,4.0,3,4.0,3,3.0,3.0,4,3,4,3.0,3.0,3.0,4.0,4.0,4.0,3,4.0,4.0,4.0,3,3,4.0,3,4.0,4.0,3,4,4,3.0,3,3.0,3,4,4,4.0,3,3.0,3,4.0,3.0,4,4,3,4.0,3,4.0,4.0,4.0,4.0,2,3,3,4.0,4,3.0,3,3.0,4,4.0,4.0,3,3.0,4.0,4.0,4.0,4.0,4.0,3,4.0,4.0,4,4.0,3,3,3,2.0,4.0,4.0,4.0,4,4.0,3,3,3.0,3,3,4,4.0,4,4.0,4.0,4.0,4,3,3,4.0,4.0,3,4,4.0,4,4.0,4,3.0,3,4,3,4,3,4.0,3.0,4.0,3,4,4,4.0,4.0,3,3,4.0,3,4.0,4.0,4.0,4.0,4.0,4,4.0,4.0,4.0,4,4.0,4.0,4.0,4.0,4.0,4.0,0.0,4.0,4,3,3.0,4.0,3,3,4.0,4,4.0,4,4,4.0,4.0,4.0,4,3,3,0,4.0,4.0,4,4.0,4,4.0,3,4.0,1.0,2,3,3,4.0,3,0.0,4.0,4,4.0,2,3.0,4.0,4.0,3.0,4.0,4.0,4.0,4.0,4.0,3,4.0,4.0,4,4.0,2,4.0,4,3.0,4,3,4,4.0,2,3,4.0,4.0,4.0,4.0,3,3.0,4.0,4.0,4,4.0,4,4.0,4.0,4.0,3.0,4,4,4.0,4.0,3,4,4,3.0,4,4.0,4.0,4.0,4.0,1.0,4.0,4.0,4.0,3,4,3.0,4,4.0,1.0,3.0,4.0,4.0,3,3,4.0,4.0,3,4.0,3,3,4.0,3,3.0,4.0,2.0,4.0,3.0,4.0,4,3,4.0,4.0,4.0,4.0,3.0,4.0,4,4,4,4.0,3,3,3,4,3,4.0,3,3,4.0,4,4.0,3.0,4.0,3.0,4.0,3,3,4.0,4.0,3,4.0,4.0,4.0,4,4.0,3.0,4.0,3.0,4.0,4.0,3,4.0,4.0,4,3.0,4.0,4,4.0,4.0,4.0,4,4.0,4,4.0,4.0,3,4.0,4.0,4.0,4.0,4.0,4.0,,4.0,4.0,4,4,4.0,4.0,4.0,3,4,3,4.0,3.0,4.0,2,4,4,4.0,3,4,4,4.0,4,4,,3,4,4,4,4.0,4,3.0,3.0,3.0,4.0,4.0,4.0,4.0,3,4.0,4.0,4,4.0,4.0,3.0,1.0,3.0,4.0,1,4.0,4.0,4.0,4.0,4,4.0,3,4,4,4.0,4.0,3,4.0,4.0,4.0,4.0,4.0,4.0,4,4.0,4.0,3.0,3.0,4.0,4.0,4,3,3,3.0,3.0,0.0,3,3.0,1,3.0,4.0,3.0,4.0,4.0,4,3.0,4,4.0,4.0,3,4.0,4.0,4.0,4.0,4.0,4.0,4.0,4.0,3.0,4.0,4.0,4,3.0,4.0,4.0,4.0,4.0,4.0,4.0,4.0,4.0,4.0,4.0,4.0,4.0,4.0,3.0,4.0,4.0,4.0,4.0,4.0,4.0,4.0,4.0,4.0,4.0,3.0,4.0,3.0,4.0,4.0,4.0,4.0,4.0,,4.0,3.0,4.0,3.0,4.0,4.0,3,4.0,4.0,5,7,1.1954567475911073,-0.41275747271485763
3.0,3,2,3,3,3,3,3.0,3,4.0,3,2,0,4,4.0,4,3.0,4.0,3.0,4.0,4.0,4.0,3,4.0,1.0,3.0,3,4,4.0,4.0,3,3,3,3.0,4.0,3,4.0,3.0,3.0,3,2,3.0,3,3.0,4,3,3,4,4.0,3,2,4.0,3,4.0,4,4.0,3.0,3,3,3,4.0,4.0,4.0,3,3.0,3,2,3.0,4.0,3.0,4.0,4.0,3,4,3,3,4.0,3.0,3,4.0,3.0,3,3.0,3,4.0,4.0,3,3,3,4.0,3,3.0,3,3,3.0,3,3.0,3.0,3,3,3,3.0,3.0,3,4.0,4,3.0,4.0,2,3,3,3.0,4.0,3,3.0,2.0,4.0,3,4.0,3.0,4,4.0,4,4.0,3,3.0,3.0,4,4,3,3.0,4.0,4.0,4.0,4.0,4.0,3,4.0,4.0,4.0,1,3,4.0,3,4.0,4.0,3,3,4,3.0,3,3.0,3,3,4,4.0,3,3.0,3,4.0,3.0,2,4,4,4.0,4,4.0,3.0,1.0,3.0,3,3,3,4.0,3,4.0,3,3.0,3,3.0,4.0,4,4.0,4.0,4.0,4.0,3.0,4.0,3,4.0,4.0,4,4.0,3,2,3,4.0,3.0,4.0,4.0,4,4.0,4,1,4.0,3,3,4,4.0,4,4.0,0.0,3.0,3,3,3,3.0,4.0,3,3,3.0,4,0.0,4,4.0,3,4,3,3,3,3.0,4.0,4.0,3,3,3,4.0,4.0,3,4,3.0,3,4.0,4.0,3.0,4.0,4.0,4,4.0,4.0,4.0,3,4.0,4.0,4.0,4.0,3.0,4.0,4.0,4.0,3,3,4.0,4.0,3,3,4.0,3,4.0,4,4,4.0,4.0,4.0,4,3,4,3,4.0,4.0,3,4.0,3,4.0,3,4.0,4.0,3,3,4,4.0,4,4.0,4.0,4,1.0,4,3.0,4.0,4.0,4.0,4.0,4.0,3.0,4.0,4.0,3,4.0,3.0,4,4.0,3,4.0,4,3.0,3,3,3,4.0,3,4,4.0,3.0,3.0,4.0,3,4.0,4.0,4.0,4,4.0,4,3.0,3.0,4.0,4.0,3,2,4.0,3.0,3,3,3,4.0,3,4.0,4.0,2.0,4.0,0.0,4.0,4.0,4.0,3,3,4.0,4,4.0,4.0,4.0,4.0,4.0,4,4,4.0,4.0,3,4.0,1,3,4.0,3,4.0,4.0,4.0,3.0,3.0,4.0,3,3,4.0,4.0,4.0,4.0,4.0,4.0,4,4,3,3.0,3,3,3,4,3,4.0,3,3,4.0,3,3.0,3.0,3.0,3.0,4.0,4,3,3.0,4.0,3,4.0,4.0,3.0,4,4.0,4.0,3.0,3.0,4.0,4.0,3,4.0,4.0,3,4.0,4.0,3,3.0,4.0,4.0,4,1.0,4,4.0,4.0,4,4.0,3.0,4.0,4.0,4.0,4.0,3.0,4.0,4.0,4,3,3.0,4.0,3.0,3,4,0,4.0,4.0,3.0,3,4,3,4.0,3,3,3,4.0,4,4,4.0,3,3,3,4,4.0,3,4.0,4.0,4.0,4.0,3.0,4.0,3.0,4,4.0,4.0,3,3.0,4.0,4.0,4.0,4.0,4.0,3,3.0,3.0,3.0,4.0,3,4.0,4,3,3,4.0,4.0,2,3.0,4.0,0.0,4.0,4.0,4.0,3,4.0,4.0,4.0,4.0,4.0,4.0,4,3,3,4.0,4.0,4.0,4,3.0,4,3.0,4.0,4.0,4.0,4.0,4,4.0,4,4.0,4.0,3,4.0,4.0,4.0,4.0,4.0,4.0,3.0,4.0,2.0,3.0,4.0,4,4.0,4.0,4.0,4.0,4.0,3.0,4.0,4.0,4.0,3.0,3.0,4.0,4.0,4.0,3.0,4.0,4.0,4.0,4.0,4.0,4.0,4.0,4.0,4.0,4.0,3.0,3.0,4.0,4.0,3.0,4.0,3.0,4.0,4.0,4.0,4.0,4.0,4.0,4.0,4.0,3,4.0,4.0,6,7,1.1898289783840714,-0.5024395256412276
3.0,3,3,3,3,3,3,3.0,3,3.0,1,3,2,2,3.0,2,3.0,,3.0,3.0,3.0,3.0,3,3.0,3.0,3.0,3,3,3.0,3.0,2,2,3,3.0,3.0,3,3.0,3.0,3.0,3,3,3.0,3,3.0,3,3,3,3,3.0,3,3,3.0,3,3.0,3,3.0,3.0,3,3,2,3.0,3.0,3.0,2,3.0,3,3,3.0,3.0,3.0,3.0,3.0,3,3,2,3,3.0,1.0,3,3.0,3.0,3,3.0,3,3.0,3.0,3,2,3,2.0,3,3.0,3,3,3.0,3,3.0,3.0,3,3,3,3.0,3.0,3,2.0,3,,3.0,3,3,3,3.0,2.0,3,3.0,3.0,3.0,3,3.0,3.0,3,3.0,2,3.0,3,3.0,3.0,3,3,3,3.0,3.0,3.0,3.0,2.0,3.0,3,3.0,3.0,3.0,3,2,3.0,3,3.0,3.0,3,3,3,3.0,3,3.0,3,3,3,3.0,3,3.0,3,3.0,3.0,3,3,3,3.0,3,3.0,3.0,,3.0,3,2,2,3.0,3,3.0,2,2.0,3,3.0,3.0,2,3.0,3.0,3.0,3.0,3.0,3.0,3,3.0,3.0,3,3.0,2,3,3,2.0,3.0,3.0,1.0,3,3.0,3,2,3.0,3,3,3,3.0,3,3.0,3.0,3.0,3,2,3,3.0,3.0,3,1,3.0,3,3.0,2,3.0,3,1,3,3,3,3.0,3.0,3.0,3,3,1,3.0,3.0,3,3,3.0,3,3.0,3.0,3.0,3.0,3.0,1,3.0,2.0,3.0,3,3.0,3.0,3.0,3.0,3.0,3.0,3.0,3.0,3,3,3.0,3.0,3,3,3.0,3,3.0,3,2,3.0,3.0,3.0,3,2,3,3,3.0,3.0,3,3.0,2,3.0,2,3.0,3.0,3,3,3,3.0,3,3.0,3.0,3,3.0,3,3.0,3.0,3.0,3.0,3.0,3.0,3.0,3.0,3.0,3,3.0,3.0,3,3.0,3,3.0,2,3.0,3,3,3,3.0,3,3,3.0,3.0,3.0,3.0,3,3.0,3.0,3.0,3,3.0,3,3.0,3.0,3.0,3.0,3,3,3.0,3.0,3,3,3,3.0,3,3.0,3.0,3.0,3.0,3.0,3.0,3.0,3.0,3,3,3.0,3,3.0,3.0,3.0,3.0,,1,3,3.0,3.0,3,3.0,3,3,3.0,3,3.0,3.0,3.0,2.0,3.0,0.0,3,3,3.0,3.0,2.0,3.0,3.0,3.0,3,3,3,3.0,3,3,3,3,2,3.0,3,2,3.0,2,3.0,3.0,3.0,2.0,3.0,3,3,3.0,3.0,3,3.0,3.0,3.0,3,3.0,3.0,3.0,3.0,3.0,3.0,3,3.0,3.0,3,3.0,3.0,3,3.0,3.0,,3,3.0,3,3.0,3.0,3,2.0,3.0,3.0,3.0,3.0,3.0,,3.0,1.0,3,2,3.0,2.0,3.0,3,3,3,3.0,2.0,3.0,3,3,3,3.0,3,3,3,3.0,3,3,,3,3,3,3,3.0,3,3.0,3.0,2.0,3.0,0.0,0.0,3.0,3,3.0,3.0,3,3.0,2.0,3.0,3.0,3.0,3.0,3,3.0,3.0,3.0,3.0,1,3.0,3,3,2,3.0,3.0,3,3.0,3.0,,3.0,3.0,3.0,3,3.0,3.0,3.0,3.0,3.0,2.0,3,3,3,3.0,3.0,,3,3.0,3,3.0,,3.0,,3.0,1,3.0,3,3.0,3.0,3,0.0,3.0,2.0,2.0,3.0,0.0,3.0,3.0,3.0,3.0,3.0,3,3.0,3.0,3.0,,3.0,3.0,,3.0,3.0,3.0,3.0,2.0,3.0,3.0,3.0,2.0,3.0,3.0,3.0,3.0,3.0,,3.0,3.0,3.0,3.0,3.0,3.0,,3.0,2.0,3.0,,0.0,3.0,3.0,3.0,3.0,3.0,3.0,3,3.0,,7,7,1.2795623836126628,-0.2037747317660053
3.0,3,3,3,3,3,3,3.0,3,3.0,3,3,2,3,,3,,,,3.0,2.0,3.0,3,3.0,3.0,3.0,2,3,3.0,3.0,3,3,3,,3.0,3,3.0,3.0,3.0,3,3,3.0,3,3.0,3,3,2,3,3.0,3,3,2.0,2,3.0,3,3.0,3.0,3,3,3,3.0,3.0,3.0,3,3.0,2,3,3.0,,3.0,,,3,3,3,3,3.0,3.0,3,3.0,3.0,3,3.0,3,3.0,3.0,3,3,3,,3,3.0,3,3,,2,3.0,3.0,3,3,3,,3.0,3,3.0,3,,3.0,3,3,3,3.0,3.0,3,3.0,3.0,3.0,3,3.0,3.0,3,3.0,3,3.0,3,2.0,3.0,3,3,3,3.0,3.0,3.0,3.0,3.0,3.0,3,3.0,3.0,,3,2,3.0,3,3.0,3.0,3,3,3,3.0,3,3.0,3,3,3,3.0,3,3.0,3,3.0,,3,3,1,,3,3.0,3.0,,3.0,2,3,3,3.0,3,3.0,3,3.0,3,3.0,3.0,3,3.0,3.0,3.0,0.0,3.0,3.0,3,3.0,3.0,2,3.0,3,0,3,3.0,3.0,,3.0,3,,3,3,3.0,3,2,3,3.0,3,3.0,1.0,3.0,3,3,3,3.0,3.0,3,3,3.0,1,3.0,3,3.0,3,3,2,3,3,3.0,3.0,3.0,3,2,3,3.0,3.0,3,3,3.0,3,3.0,3.0,3.0,3.0,3.0,3,3.0,3.0,3.0,3,3.0,3.0,,3.0,3.0,3.0,3.0,3.0,3,3,3.0,,3,3,,3,,3,3,3.0,3.0,3.0,0,3,3,3,3.0,3.0,2,3.0,3,3.0,3,3.0,,3,3,2,3.0,3,3.0,3.0,3,3.0,3,3.0,3.0,3.0,3.0,,3.0,3.0,3.0,3.0,3,3.0,3.0,3,3.0,3,3.0,3,3.0,3,1,2,3.0,2,3,3.0,3.0,3.0,3.0,3,3.0,3.0,3.0,1,3.0,2,3.0,3.0,3.0,3.0,3,2,3.0,3.0,3,2,3,3.0,3,3.0,3.0,3.0,3.0,3.0,3.0,3.0,3.0,3,2,3.0,3,,,3.0,3.0,,3,3,3.0,3.0,3,3.0,2,3,,3,3.0,3.0,3.0,3.0,,,3,3,3.0,,3.0,3.0,3.0,,3,2,3,3.0,3,3,3,3,3,3.0,3,3,3.0,3,3.0,3.0,3.0,3.0,,1,3,3.0,3.0,3,3.0,3.0,3.0,3,3.0,3.0,3.0,3.0,,,0,1.0,,2,3.0,,3,3.0,,3.0,3,3.0,3,2.0,,3,3.0,3.0,3.0,,2.0,3.0,,3.0,3.0,3,3,3.0,3.0,3.0,3,3,3,3.0,3.0,3.0,3,3,1,3.0,3,3,3,3.0,3,3,3.0,3,2,2,3,,3,3.0,3.0,3.0,3.0,3.0,3.0,3.0,3,3.0,3.0,3,0.0,3.0,,,3.0,3.0,3,3.0,3.0,3.0,3.0,3,3.0,3,3,3,3.0,2.0,3,3.0,3.0,,3.0,,,3,0.0,3.0,3.0,,,3.0,3,3,3,3.0,3.0,,3,3.0,3,3.0,3.0,3.0,3.0,2.0,3,3.0,3,3.0,3.0,3,3.0,3.0,3.0,3.0,3.0,3.0,3.0,3.0,3.0,2.0,2.0,3,3.0,3.0,3.0,,3.0,3.0,,3.0,,3.0,3.0,3.0,3.0,,3.0,,3.0,,,,3.0,,3.0,,3.0,3.0,1.0,3.0,3.0,3.0,3.0,3.0,,,,,3.0,3.0,,,3,3.0,,8,7,1.376867469879518,-0.12422173425982357
3.0,3,3,3,3,3,2,3.0,3,3.0,3,3,3,3,3.0,3,3.0,4.0,3.0,3.0,3.0,3.0,3,3.0,3.0,3.0,3,3,3.0,4.0,3,3,3,3.0,3.0,3,3.0,3.0,3.0,3,0,3.0,3,3.0,3,3,3,3,3.0,3,3,3.0,3,4.0,4,3.0,3.0,4,3,3,0.0,3.0,3.0,3,3.0,3,3,4.0,4.0,3.0,4.0,3.0,2,3,3,3,3.0,3.0,2,3.0,1.0,3,3.0,3,3.0,3.0,3,3,3,4.0,3,3.0,3,3,4.0,3,3.0,4.0,3,3,3,3.0,3.0,3,3.0,3,3.0,3.0,2,3,2,2.0,3.0,3,3.0,3.0,3.0,3,4.0,4.0,3,3.0,3,4.0,3,3.0,3.0,3,3,3,3.0,3.0,3.0,4.0,3.0,3.0,3,4.0,3.0,4.0,2,2,2.0,3,3.0,3.0,3,3,3,3.0,3,3.0,3,3,3,3.0,3,3.0,3,3.0,3.0,3,3,3,3.0,3,4.0,3.0,3.0,3.0,3,3,3,3.0,3,3.0,3,3.0,3,3.0,4.0,3,3.0,3.0,3.0,2.0,3.0,4.0,3,3.0,1.0,3,4.0,3,1,3,3.0,4.0,4.0,4.0,0,3.0,3,3,3.0,3,3,3,3.0,3,4.0,4.0,4.0,3,2,3,2.0,2.0,3,3,3.0,1,3.0,3,3.0,3,3,2,3,3,3.0,3.0,3.0,3,3,3,4.0,3.0,3,3,3.0,3,3.0,4.0,3.0,3.0,3.0,2,3.0,4.0,4.0,3,3.0,4.0,4.0,4.0,3.0,4.0,3.0,3.0,3,3,3.0,4.0,3,3,2.0,3,3.0,3,3,4.0,4.0,3.0,3,3,3,3,4.0,3.0,3,3.0,3,3.0,2,4.0,4.0,3,3,2,3.0,3,3.0,4.0,4,3.0,3,3.0,4.0,4.0,3.0,4.0,3.0,3.0,3.0,3.0,3,4.0,3.0,3,3.0,3,3.0,3,3.0,3,3,3,4.0,2,3,3.0,3.0,3.0,3.0,3,3.0,4.0,4.0,3,3.0,3,3.0,3.0,3.0,4.0,3,3,3.0,0.0,3,3,3,3.0,3,3.0,3.0,4.0,4.0,0.0,4.0,4.0,3.0,3,3,3.0,3,3.0,4.0,4.0,4.0,4.0,3,3,0.0,2.0,3,4.0,3,3,3.0,3,3.0,3.0,3.0,3.0,3.0,3.0,3,3,2.0,3.0,3.0,3.0,3.0,3.0,3,3,3,3.0,3,3,2,3,1,3.0,3,3,3.0,3,3.0,3.0,3.0,3.0,3.0,3,3,3.0,2.0,3,3.0,4.0,4.0,3,3.0,3.0,3.0,3.0,2.0,3.0,3,3.0,4.0,3,3.0,4.0,3,3.0,4.0,4.0,3,4.0,3,4.0,4.0,3,3.0,3.0,3.0,3.0,4.0,3.0,4.0,3.0,3.0,3,3,3.0,3.0,4.0,3,3,3,3.0,3.0,3.0,3,3,3,4.0,3,3,3,3.0,3,3,4.0,3,3,3,3,3.0,3,3.0,3.0,3.0,3.0,3.0,4.0,3.0,1,3.0,3.0,3,4.0,3.0,3.0,3.0,3.0,3.0,2,3.0,3.0,3.0,3.0,3,3.0,3,3,2,3.0,3.0,3,3.0,3.0,1.0,3.0,3.0,3.0,3,3.0,3.0,3.0,3.0,3.0,4.0,3,3,2,3.0,3.0,3.0,3,3.0,3,2.0,4.0,3.0,4.0,3.0,3,2.0,2,1.0,3.0,3,3.0,3.0,3.0,3.0,3.0,3.0,3.0,4.0,3.0,2.0,3.0,3,3.0,3.0,4.0,4.0,3.0,3.0,4.0,3.0,4.0,3.0,3.0,3.0,3.0,4.0,4.0,3.0,3.0,4.0,3.0,4.0,4.0,4.0,3.0,4.0,4.0,3.0,3.0,3.0,4.0,3.0,3.0,3.0,4.0,3.0,4.0,4.0,4.0,3.0,3.0,4.0,3,3.0,3.0,9,7,1.2127477652545666,-0.43635673107357903
3.0,3,3,4,4,3,3,3.0,3,4.0,4,4,3,3,1.0,4,3.0,4.0,3.0,3.0,3.0,3.0,2,4.0,3.0,4.0,4,3,3.0,4.0,3,3,4,0.0,4.0,3,2.0,3.0,3.0,3,3,3.0,3,4.0,3,0,3,3,3.0,3,2,4.0,4,4.0,4,4.0,3.0,3,3,4,3.0,3.0,3.0,3,3.0,3,3,4.0,4.0,3.0,4.0,2.0,1,3,3,3,2.0,3.0,3,4.0,4.0,3,3.0,3,4.0,4.0,3,3,3,4.0,3,3.0,3,3,1.0,3,3.0,3.0,3,3,3,3.0,3.0,2,3.0,4,4.0,4.0,3,3,3,3.0,4.0,3,3.0,4.0,4.0,3,3.0,3.0,3,3.0,3,3.0,3,3.0,3.0,4,2,4,3.0,3.0,3.0,4.0,4.0,3.0,3,4.0,4.0,4.0,3,4,3.0,4,4.0,4.0,3,3,3,4.0,3,3.0,3,3,4,4.0,3,3.0,3,4.0,3.0,4,3,3,4.0,3,4.0,3.0,3.0,3.0,3,3,4,3.0,4,3.0,3,4.0,4,3.0,4.0,4,3.0,4.0,3.0,4.0,4.0,4.0,3,4.0,3.0,4,4.0,3,3,4,3.0,4.0,4.0,4.0,2,4.0,3,3,3.0,3,3,3,4.0,3,4.0,4.0,4.0,3,3,3,4.0,4.0,3,3,3.0,3,4.0,3,4.0,3,4,3,4,4,4.0,4.0,3.0,3,3,4,4.0,4.0,3,4,4.0,3,4.0,4.0,4.0,4.0,4.0,4,4.0,4.0,4.0,3,4.0,4.0,4.0,4.0,4.0,4.0,3.0,4.0,3,3,4.0,4.0,3,3,4.0,3,4.0,3,3,4.0,3.0,3.0,4,3,3,3,4.0,4.0,4,3.0,3,4.0,3,4.0,1.0,3,4,3,4.0,4,4.0,4.0,4,4.0,4,3.0,4.0,3.0,4.0,4.0,3.0,4.0,4.0,4.0,2,4.0,4.0,3,4.0,3,4.0,3,3.0,3,3,3,4.0,3,3,4.0,3.0,3.0,4.0,4,3.0,4.0,4.0,3,3.0,4,3.0,4.0,3.0,4.0,3,4,4.0,4.0,4,3,3,4.0,3,4.0,4.0,4.0,4.0,4.0,4.0,4.0,4.0,3,2,3.0,3,3.0,4.0,4.0,4.0,4.0,3,3,4.0,3.0,3,4.0,3,3,4.0,3,3.0,4.0,0.0,3.0,3.0,3.0,3,3,3.0,2.0,4.0,4.0,3.0,3.0,4,4,3,3.0,3,4,3,3,3,3.0,3,3,4.0,4,3.0,3.0,0.0,3.0,3.0,3,3,4.0,3.0,2,3.0,4.0,3.0,3,4.0,0.0,4.0,3.0,2.0,3.0,3,4.0,4.0,3,3.0,4.0,3,3.0,4.0,4.0,3,4.0,3,4.0,4.0,3,3.0,4.0,4.0,4.0,4.0,4.0,4.0,3.0,3.0,4,4,3.0,4.0,4.0,2,4,3,4.0,2.0,3.0,2,3,1,4.0,4,3,2,4.0,3,3,4.0,3,4,3,3,3.0,3,4.0,3.0,3.0,4.0,3.0,3.0,3.0,2,4.0,3.0,4,4.0,3.0,3.0,4.0,4.0,3.0,4,4.0,3.0,3.0,4.0,3,4.0,3,4,3,4.0,3.0,3,3.0,4.0,4.0,3.0,0.0,4.0,3,4.0,4.0,3.0,3.0,3.0,3.0,3,3,3,3.0,3.0,4.0,3,3.0,4,3.0,4.0,4.0,4.0,2.0,3,3.0,3,4.0,3.0,3,4.0,3.0,4.0,3.0,4.0,4.0,3.0,1.0,3.0,3.0,4.0,4,3.0,4.0,3.0,4.0,4.0,4.0,4.0,4.0,4.0,3.0,3.0,3.0,4.0,4.0,2.0,4.0,4.0,4.0,3.0,3.0,4.0,4.0,4.0,4.0,4.0,4.0,3.0,4.0,4.0,3.0,4.0,4.0,4.0,4.0,4.0,4.0,4.0,3.0,3.0,4.0,3,4.0,4.0,10,7,1.1716859297845788,-0.4364672945955312
3.0,3,2,3,3,2,3,3.0,3,,3,3,3,3,3.0,3,3.0,,3.0,3.0,3.0,3.0,3,,3.0,3.0,3,3,3.0,,3,3,3,3.0,3.0,3,3.0,3.0,3.0,3,3,3.0,3,,3,3,3,3,3.0,3,3,3.0,3,,3,3.0,3.0,3,2,2,2.0,3.0,3.0,3,3.0,3,1,2.0,3.0,,3.0,1.0,2,3,2,3,3.0,2.0,3,3.0,3.0,3,3.0,3,3.0,3.0,3,3,3,,3,,3,3,3.0,3,3.0,3.0,3,3,3,3.0,3.0,3,3.0,3,3.0,3.0,3,3,3,3.0,3.0,3,3.0,3.0,3.0,3,3.0,2.0,3,3.0,3,3.0,1,,3.0,3,3,3,3.0,3.0,,,3.0,3.0,3,3.0,3.0,3.0,3,3,3.0,3,3.0,3.0,3,3,3,3.0,3,3.0,3,3,3,3.0,3,2.0,3,3.0,3.0,3,3,3,,3,3.0,3.0,3.0,3.0,3,3,3,3.0,3,3.0,3,3.0,3,3.0,3.0,3,3.0,3.0,3.0,3.0,3.0,3.0,3,3.0,,3,,3,2,3,3.0,3.0,3.0,3.0,3,3.0,3,3,3.0,3,3,3,2.0,3,,3.0,3.0,3,3,3,3.0,3.0,3,3,3.0,3,3.0,3,3.0,3,3,3,3,3,,3.0,3.0,3,3,3,3.0,3.0,2,2,3.0,3,3.0,0.0,3.0,,3.0,3,3.0,3.0,3.0,3,3.0,,3.0,,,3.0,3.0,3.0,3,2,,3.0,3,3,,3,3.0,3,2,3.0,3.0,3.0,3,3,3,3,3.0,,3,3.0,3,3.0,3,3.0,,3,3,3,3.0,3,3.0,3.0,3,,3,3.0,3.0,3.0,3.0,3.0,3.0,3.0,3.0,3.0,3,3.0,0.0,3,0.0,3,3.0,3,3.0,3,3,3,,3,3,,3.0,2.0,,3,3.0,3.0,3.0,3,3.0,3,,3.0,3.0,1.0,3,2,,3.0,3,3,3,,3,3.0,3.0,,3.0,,3.0,3.0,,3,3,3.0,3,3.0,,3.0,3.0,,3,3,3.0,,3,3.0,3,3,3.0,2,3.0,1.0,3.0,3.0,3.0,3.0,3,2,2.0,3.0,3.0,3.0,3.0,3.0,3,1,2,1.0,3,3,3,3,2,3.0,3,3,3.0,3,3.0,3.0,,3.0,,3,3,3.0,3.0,3,3.0,3.0,3.0,3,,3.0,3.0,3.0,3.0,3.0,2,3.0,,3,3.0,3.0,2,3.0,,,3,,3,3.0,3.0,3,,3.0,3.0,3.0,3.0,3.0,,3.0,,3,3,3.0,3.0,2.0,3,3,3,3.0,3.0,3.0,3,3,3,2.0,3,3,3,3.0,3,3,,3,3,3,3,3.0,3,3.0,3.0,3.0,1.0,3.0,3.0,,3,3.0,3.0,3,3.0,3.0,3.0,3.0,3.0,3.0,3,3.0,3.0,3.0,,3,,3,3,3,3.0,3.0,3,3.0,,,3.0,3.0,3.0,3,3.0,,3.0,3.0,3.0,,3,3,3,3.0,2.0,3.0,3,3.0,3,3.0,3.0,3.0,,3.0,3,,3,3.0,,0,,,3.0,3.0,,3.0,3.0,3.0,3.0,2.0,3.0,3,3.0,3.0,0.0,,2.0,3.0,,3.0,,3.0,3.0,3.0,,3.0,,3.0,3.0,,3.0,,,,3.0,3.0,,,3.0,3.0,,0.0,3.0,3.0,,,,,3.0,,,3.0,3,3.0,,11,7,1.390085037090646,-0.06740974426008708
3.0,3,3,3,3,3,3,4.0,3,4.0,3,3,3,3,4.0,4,4.0,4.0,3.0,3.0,4.0,4.0,3,4.0,3.0,3.0,3,3,3.0,3.0,3,3,3,3.0,3.0,3,3.0,4.0,3.0,3,3,3.0,3,3.0,3,3,3,4,3.0,3,4,3.0,3,3.0,4,3.0,3.0,3,3,3,3.0,4.0,2.0,3,3.0,3,3,4.0,3.0,3.0,4.0,3.0,2,3,3,3,3.0,3.0,3,3.0,3.0,3,3.0,3,3.0,3.0,3,3,3,4.0,3,3.0,3,3,4.0,2,4.0,4.0,3,3,3,3.0,1.0,0,3.0,3,4.0,4.0,3,3,3,3.0,4.0,3,3.0,3.0,3.0,3,4.0,3.0,3,3.0,3,3.0,3,3.0,3.0,3,4,3,3.0,4.0,4.0,3.0,3.0,3.0,3,4.0,3.0,4.0,3,2,3.0,3,3.0,3.0,3,3,2,3.0,3,3.0,3,3,3,3.0,3,3.0,3,3.0,3.0,3,3,3,4.0,3,4.0,4.0,3.0,3.0,3,3,3,3.0,3,3.0,1,3.0,3,4.0,3.0,1,3.0,2.0,3.0,4.0,2.0,4.0,3,3.0,3.0,3,3.0,3,3,3,3.0,3.0,3.0,3.0,3,4.0,3,3,3.0,3,3,3,3.0,3,4.0,3.0,3.0,2,3,3,3.0,3.0,2,3,3.0,3,2.0,3,3.0,3,3,3,3,3,4.0,3.0,3.0,3,3,3,2.0,3.0,3,3,3.0,3,3.0,3.0,2.0,3.0,3.0,3,3.0,4.0,3.0,3,3.0,4.0,4.0,4.0,3.0,3.0,3.0,4.0,3,2,3.0,3.0,3,3,4.0,3,3.0,3,3,3.0,0.0,3.0,2,3,3,3,3.0,3.0,1,3.0,3,3.0,2,3.0,4.0,3,3,3,3.0,3,3.0,4.0,3,3.0,3,3.0,3.0,4.0,3.0,4.0,3.0,4.0,3.0,3.0,3,3.0,3.0,3,3.0,3,3.0,0,3.0,3,3,3,3.0,3,3,4.0,3.0,3.0,3.0,3,3.0,4.0,3.0,3,3.0,4,3.0,3.0,3.0,4.0,3,3,3.0,3.0,3,3,3,3.0,2,3.0,3.0,3.0,3.0,4.0,4.0,4.0,4.0,3,3,3.0,3,3.0,4.0,3.0,4.0,4.0,3,3,4.0,3.0,2,3.0,3,3,3.0,3,3.0,3.0,3.0,3.0,4.0,3.0,3,3,4.0,3.0,3.0,3.0,3.0,3.0,3,3,3,3.0,3,2,2,3,3,4.0,2,3,3.0,3,3.0,3.0,3.0,2.0,4.0,4,3,4.0,3.0,3,3.0,3.0,2.0,3,4.0,3.0,1.0,2.0,4.0,4.0,3,3.0,4.0,3,3.0,3.0,3,3.0,4.0,4.0,3,4.0,3,4.0,3.0,0,3.0,3.0,3.0,4.0,3.0,3.0,4.0,3.0,3.0,3,3,3.0,3.0,4.0,3,3,3,3.0,3.0,3.0,3,3,3,4.0,2,3,2,3.0,3,3,4.0,3,3,3,3,3.0,3,4.0,3.0,3.0,3.0,3.0,3.0,3.0,3,3.0,1.0,3,3.0,4.0,1.0,3.0,3.0,4.0,0,3.0,3.0,3.0,3.0,3,4.0,3,4,3,3.0,4.0,3,3.0,3.0,4.0,3.0,4.0,3.0,3,3.0,4.0,3.0,3.0,3.0,4.0,3,3,3,3.0,3.0,4.0,3,3.0,3,2.0,4.0,3.0,4.0,4.0,4,3.0,3,3.0,3.0,3,3.0,4.0,3.0,3.0,3.0,3.0,3.0,0.0,3.0,3.0,3.0,3,3.0,3.0,3.0,4.0,4.0,3.0,4.0,3.0,4.0,4.0,3.0,3.0,2.0,4.0,3.0,4.0,3.0,4.0,3.0,4.0,3.0,4.0,3.0,4.0,4.0,3.0,4.0,3.0,3.0,4.0,3.0,3.0,4.0,4.0,3.0,3.0,3.0,4.0,4.0,3.0,3,3.0,4.0,12,7,1.2122177185871454,-0.4896352330004192
3.0,3,3,3,3,3,3,3.0,3,4.0,3,3,3,3,4.0,3,3.0,4.0,3.0,3.0,3.0,3.0,3,2.0,3.0,3.0,3,3,3.0,0.0,2,3,3,3.0,3.0,3,3.0,3.0,3.0,3,3,3.0,3,3.0,3,3,3,3,4.0,3,3,3.0,4,3.0,4,3.0,1.0,3,3,3,3.0,3.0,2.0,3,1.0,3,3,3.0,4.0,3.0,3.0,3.0,3,3,3,3,3.0,3.0,3,4.0,3.0,2,3.0,3,4.0,3.0,3,3,3,4.0,3,1.0,3,3,3.0,3,1.0,3.0,3,3,3,3.0,2.0,3,2.0,3,4.0,3.0,2,3,3,3.0,3.0,3,3.0,4.0,3.0,3,2.0,3.0,3,3.0,3,3.0,3,3.0,3.0,3,3,3,3.0,3.0,3.0,3.0,3.0,3.0,3,3.0,3.0,4.0,3,3,3.0,3,0.0,3.0,3,2,3,3.0,3,3.0,3,3,3,3.0,3,3.0,3,4.0,3.0,3,3,3,3.0,3,4.0,3.0,3.0,3.0,3,3,3,3.0,3,3.0,3,3.0,3,3.0,4.0,3,3.0,3.0,1.0,4.0,4.0,3.0,3,3.0,3.0,3,4.0,3,3,4,2.0,3.0,3.0,3.0,2,4.0,3,3,3.0,3,3,3,3.0,3,4.0,4.0,3.0,3,3,3,3.0,3.0,3,3,3.0,3,3.0,3,3.0,2,3,1,3,3,4.0,3.0,3.0,2,3,3,2.0,3.0,3,3,3.0,2,3.0,3.0,4.0,4.0,3.0,3,4.0,4.0,3.0,3,3.0,4.0,4.0,3.0,3.0,4.0,3.0,3.0,3,2,3.0,3.0,3,3,3.0,3,3.0,3,3,3.0,3.0,3.0,3,3,3,3,4.0,3.0,3,1.0,3,3.0,3,4.0,3.0,3,3,3,4.0,3,2.0,4.0,3,4.0,3,3.0,4.0,3.0,3.0,3.0,3.0,3.0,3.0,3.0,3,4.0,4.0,3,4.0,3,1.0,3,3.0,3,3,3,4.0,3,3,3.0,3.0,4.0,4.0,3,4.0,4.0,4.0,3,4.0,4,3.0,3.0,3.0,3.0,3,3,4.0,2.0,3,3,2,4.0,3,3.0,2.0,4.0,4.0,4.0,4.0,3.0,4.0,3,3,3.0,3,3.0,4.0,4.0,4.0,4.0,3,3,4.0,3.0,3,3.0,3,3,4.0,3,3.0,4.0,4.0,3.0,4.0,3.0,3,3,4.0,3.0,3.0,4.0,4.0,3.0,3,3,3,3.0,3,3,3,3,3,3.0,3,3,3.0,3,3.0,3.0,3.0,3.0,3.0,3,3,3.0,0.0,3,3.0,3.0,3.0,2,4.0,3.0,3.0,3.0,3.0,3.0,3,4.0,3.0,3,3.0,3.0,3,3.0,4.0,4.0,3,4.0,3,4.0,3.0,3,3.0,3.0,3.0,4.0,0.0,4.0,4.0,3.0,3.0,3,3,4.0,3.0,3.0,2,4,3,4.0,3.0,3.0,3,3,3,3.0,2,3,3,3.0,3,3,4.0,3,3,3,2,3.0,3,3.0,3.0,3.0,3.0,3.0,3.0,3.0,3,0.0,4.0,3,3.0,3.0,3.0,4.0,3.0,3.0,3,3.0,3.0,3.0,3.0,3,3.0,3,3,3,4.0,3.0,2,3.0,4.0,4.0,3.0,0.0,4.0,3,4.0,3.0,3.0,3.0,3.0,4.0,3,3,3,3.0,3.0,4.0,3,3.0,3,3.0,4.0,4.0,4.0,3.0,3,3.0,3,3.0,3.0,3,4.0,3.0,3.0,3.0,4.0,1.0,4.0,4.0,3.0,3.0,3.0,3,3.0,3.0,2.0,4.0,4.0,3.0,4.0,3.0,4.0,3.0,3.0,3.0,3.0,3.0,4.0,3.0,3.0,4.0,3.0,4.0,4.0,4.0,3.0,4.0,4.0,4.0,3.0,3.0,4.0,3.0,3.0,3.0,4.0,4.0,4.0,4.0,4.0,3.0,3.0,2.0,2,3.0,4.0,13,7,1.1985250297973777,-0.4548996449441737
3.0,3,3,2,3,3,3,3.0,3,3.0,3,3,2,3,3.0,3,3.0,,3.0,3.0,0.0,3.0,3,,3.0,3.0,3,2,3.0,3.0,3,3,3,3.0,3.0,3,3.0,,3.0,3,3,3.0,3,2.0,3,3,3,3,3.0,3,3,,3,1.0,3,3.0,3.0,3,3,3,3.0,3.0,3.0,3,2.0,2,3,,3.0,3.0,2.0,3.0,3,3,3,2,3.0,3.0,3,3.0,3.0,3,3.0,3,3.0,3.0,3,3,3,,3,3.0,3,3,3.0,3,3.0,,3,3,0,3.0,3.0,3,3.0,3,3.0,3.0,3,3,3,3.0,3.0,3,3.0,3.0,3.0,3,3.0,3.0,3,3.0,3,2.0,3,3.0,3.0,3,3,2,3.0,3.0,3.0,3.0,,3.0,3,3.0,,3.0,3,3,3.0,3,3.0,3.0,3,3,3,3.0,3,3.0,3,3,3,,3,3.0,3,3.0,3.0,1,3,3,3.0,3,3.0,3.0,3.0,3.0,3,3,3,3.0,3,3.0,2,3.0,3,3.0,3.0,3,1.0,3.0,3.0,3.0,,2.0,3,3.0,3.0,3,,3,3,3,0.0,3.0,3.0,3.0,3,3.0,3,3,3.0,3,3,3,3.0,3,3.0,3.0,3.0,3,3,3,3.0,3.0,3,3,3.0,3,3.0,2,3.0,3,3,2,2,2,3.0,3.0,3.0,3,3,3,3.0,1.0,3,3,3.0,3,3.0,3.0,2.0,3.0,2.0,3,,3.0,3.0,3,3.0,,3.0,3.0,3.0,,2.0,3.0,3,3,3.0,3.0,3,3,3.0,3,3.0,3,3,3.0,3.0,3.0,3,3,3,3,3.0,3.0,3,,3,3.0,3,3.0,3.0,3,3,3,3.0,3,3.0,2.0,3,,3,3.0,3.0,,3.0,3.0,3.0,0.0,3.0,3.0,3,3.0,3.0,3,3.0,3,3.0,3,3.0,2,3,3,2.0,3,3,3.0,3.0,3.0,3.0,3,3.0,3.0,3.0,3,3.0,3,3.0,2.0,3.0,3.0,3,3,2.0,3.0,3,3,3,,3,3.0,3.0,3.0,3.0,3.0,,3.0,3.0,3,3,3.0,3,3.0,3.0,,,,3,3,3.0,3.0,2,3.0,3,2,3.0,3,3.0,3.0,3.0,3.0,3.0,3.0,1,3,3.0,3.0,3.0,3.0,3.0,3.0,3,3,3,3.0,3,3,3,3,2,3.0,2,2,3.0,3,3.0,3.0,3.0,3.0,,3,3,3.0,3.0,2,3.0,3.0,3.0,3,3.0,3.0,3.0,2.0,,3.0,3,3.0,,3,3.0,2.0,2,3.0,3.0,3.0,3,,3,3.0,3.0,3,2.0,,3.0,3.0,,3.0,,3.0,3.0,2,3,3.0,3.0,3.0,3,1,3,3.0,3.0,3.0,3,3,3,3.0,3,3,3,3.0,3,3,,3,3,2,3,3.0,3,3.0,3.0,3.0,3.0,3.0,3.0,3.0,2,3.0,3.0,3,3.0,3.0,1.0,,3.0,3.0,3,3.0,1.0,3.0,3.0,2,3.0,3,3,1,3.0,3.0,3,3.0,3.0,3.0,3.0,3.0,1.0,3,3.0,0.0,3.0,3.0,3.0,3.0,3,2,3,,3.0,,3,3.0,3,3.0,3.0,3.0,3.0,3.0,3,3.0,3,,3.0,3,3.0,3.0,3.0,3.0,3.0,3.0,3.0,,3.0,3.0,3.0,3,3.0,3.0,3.0,,3.0,3.0,3.0,3.0,,,3.0,3.0,3.0,,3.0,,3.0,,3.0,,3.0,,3.0,,,3.0,3.0,3.0,,3.0,3.0,3.0,3.0,,3.0,3.0,3.0,3.0,3.0,3.0,3,,0.0,14,7,1.339453717754173,-0.038558956893345035
3.0,2,3,3,2,2,3,2.0,3,3.0,3,3,2,2,3.0,2,3.0,3.0,3.0,3.0,3.0,3.0,3,2.0,3.0,2.0,2,3,3.0,3.0,2,2,2,3.0,2.0,3,3.0,3.0,2.0,2,2,3.0,2,1.0,3,3,2,2,3.0,3,3,3.0,0,3.0,3,3.0,2.0,2,2,2,3.0,2.0,2.0,2,3.0,2,3,3.0,3.0,3.0,3.0,3.0,2,2,2,2,3.0,3.0,3,3.0,3.0,2,3.0,2,3.0,2.0,2,3,3,3.0,3,3.0,3,3,3.0,2,2.0,2.0,3,2,2,3.0,2.0,2,2.0,2,3.0,3.0,2,3,2,3.0,2.0,3,3.0,3.0,2.0,3,3.0,3.0,2,3.0,2,3.0,3,2.0,1.0,3,3,3,3.0,3.0,3.0,2.0,3.0,3.0,3,2.0,3.0,1.0,2,0,3.0,2,3.0,2.0,2,3,2,3.0,2,3.0,3,3,3,2.0,3,3.0,3,3.0,3.0,2,2,2,2.0,3,3.0,3.0,3.0,1.0,2,2,2,3.0,3,2.0,3,2.0,3,3.0,3.0,2,3.0,3.0,2.0,3.0,3.0,3.0,2,3.0,0.0,2,3.0,2,3,3,3.0,2.0,3.0,2.0,3,3.0,3,3,3.0,3,2,3,2.0,3,3.0,1.0,3.0,2,2,2,2.0,2.0,2,2,3.0,2,2.0,2,3.0,2,2,2,3,2,1.0,3.0,2.0,3,3,2,2.0,3.0,2,2,3.0,2,3.0,3.0,3.0,2.0,3.0,2,3.0,3.0,3.0,2,3.0,3.0,3.0,3.0,3.0,3.0,3.0,3.0,3,1,3.0,1.0,3,2,3.0,3,3.0,2,3,2.0,3.0,3.0,3,2,2,2,3.0,1.0,2,3.0,3,3.0,2,3.0,3.0,3,2,3,3.0,3,3.0,3.0,2,3.0,2,3.0,3.0,3.0,2.0,3.0,2.0,3.0,3.0,2.0,3,3.0,3.0,3,2.0,3,3.0,2,0.0,3,2,2,3.0,2,3,3.0,3.0,2.0,3.0,2,3.0,3.0,3.0,1,0.0,2,3.0,1.0,3.0,3.0,3,2,3.0,2.0,2,1,3,2.0,2,3.0,3.0,3.0,3.0,2.0,3.0,3.0,2.0,3,2,3.0,2,3.0,3.0,2.0,3.0,3.0,3,2,3.0,3.0,3,2.0,3,3,3.0,2,3.0,3.0,3.0,2.0,3.0,3.0,2,3,3.0,3.0,3.0,3.0,2.0,3.0,3,2,3,3.0,1,2,3,3,3,3.0,3,3,3.0,3,2.0,1.0,3.0,2.0,3.0,3,3,3.0,3.0,2,3.0,3.0,3.0,3,3.0,3.0,2.0,3.0,3.0,3.0,2,3.0,3.0,2,1.0,2.0,3,3.0,3.0,3.0,3,2.0,3,2.0,3.0,3,2.0,3.0,3.0,2.0,1.0,3.0,3.0,3.0,2.0,2,2,2.0,3.0,3.0,2,3,2,2.0,3.0,3.0,3,3,2,3.0,1,3,3,3.0,2,3,3.0,2,2,3,2,3.0,3,3.0,3.0,3.0,3.0,3.0,3.0,3.0,3,3.0,3.0,3,3.0,3.0,3.0,3.0,2.0,3.0,2,2.0,3.0,2.0,3.0,2,3.0,2,3,3,3.0,3.0,2,3.0,2.0,3.0,3.0,3.0,3.0,2,3.0,2.0,3.0,3.0,3.0,1.0,2,3,3,3.0,3.0,3.0,3,3.0,3,3.0,3.0,2.0,3.0,3.0,2,3.0,1,3.0,3.0,3,3.0,3.0,2.0,2.0,2.0,3.0,3.0,3.0,2.0,2.0,3.0,2,3.0,3.0,2.0,3.0,3.0,2.0,3.0,3.0,3.0,3.0,3.0,3.0,3.0,3.0,3.0,3.0,2.0,3.0,2.0,3.0,2.0,3.0,3.0,3.0,3.0,3.0,2.0,3.0,3.0,3.0,3.0,3.0,3.0,3.0,3.0,3.0,3.0,3.0,3.0,3.0,3,0.0,3.0,15,7,1.1183923343092894,-0.34627908552741155
3.0,2,2,3,3,3,3,1.0,3,3.0,3,2,3,2,3.0,3,3.0,,3.0,3.0,3.0,3.0,3,3.0,3.0,3.0,3,3,3.0,3.0,3,3,3,3.0,3.0,3,3.0,3.0,2.0,3,2,3.0,3,2.0,3,3,3,3,3.0,3,3,3.0,3,3.0,3,3.0,3.0,3,3,3,3.0,3.0,3.0,3,3.0,3,3,3.0,3.0,3.0,3.0,3.0,3,3,3,3,3.0,3.0,3,3.0,1.0,3,3.0,3,3.0,3.0,3,3,3,3.0,3,3.0,3,3,3.0,3,3.0,3.0,3,3,2,3.0,3.0,3,3.0,3,3.0,3.0,3,3,3,3.0,3.0,3,3.0,3.0,3.0,3,3.0,3.0,3,3.0,3,3.0,3,3.0,3.0,3,3,3,3.0,2.0,3.0,3.0,3.0,2.0,3,3.0,3.0,3.0,3,3,3.0,3,3.0,3.0,3,3,3,3.0,3,3.0,3,3,3,3.0,3,3.0,3,3.0,3.0,3,3,3,3.0,3,3.0,3.0,3.0,3.0,3,3,2,,3,3.0,2,3.0,1,3.0,3.0,3,3.0,2.0,3.0,3.0,2.0,2.0,3,3.0,3.0,3,3.0,2,2,3,2.0,3.0,2.0,3.0,3,3.0,3,3,2.0,3,3,3,3.0,3,3.0,3.0,2.0,2,2,3,0.0,3.0,3,2,3.0,3,2.0,3,3.0,3,3,2,3,3,3.0,2.0,3.0,2,3,2,0.0,3.0,2,3,2.0,3,2.0,2.0,0.0,2.0,2.0,3,3.0,3.0,3.0,3,3.0,3.0,3.0,3.0,3.0,3.0,3.0,2.0,3,2,3.0,2.0,3,2,3.0,3,3.0,3,3,3.0,2.0,3.0,2,2,3,3,1.0,3.0,2,3.0,3,2.0,3,2.0,3.0,3,3,2,3.0,3,3.0,3.0,3,3.0,3,3.0,3.0,,3.0,3.0,2.0,3.0,3.0,3.0,3,3.0,1.0,3,2.0,2,0.0,3,3.0,3,2,1,3.0,1,2,3.0,3.0,3.0,3.0,2,3.0,3.0,2.0,2,3.0,3,3.0,3.0,1.0,3.0,3,3,3.0,2.0,2,3,3,3.0,2,3.0,3.0,3.0,3.0,3.0,3.0,3.0,3.0,2,3,2.0,3,3.0,3.0,3.0,3.0,3.0,3,3,3.0,2.0,2,3.0,3,3,3.0,3,3.0,3.0,3.0,3.0,3.0,3.0,3,3,3.0,3.0,3.0,2.0,2.0,3.0,2,3,3,3.0,3,3,3,3,3,,3,3,3.0,3,3.0,3.0,3.0,3.0,3.0,3,3,3.0,3.0,3,3.0,3.0,3.0,3,3.0,3.0,3.0,,3.0,3.0,3,2.0,,3,3.0,2.0,2,3.0,3.0,3.0,2,3.0,3,3.0,3.0,3,3.0,3.0,3.0,3.0,3.0,3.0,,3.0,3.0,3,3,3.0,2.0,3.0,3,2,3,3.0,2.0,2.0,3,3,3,3.0,3,3,3,3.0,3,3,,3,3,1,3,3.0,3,3.0,3.0,2.0,3.0,3.0,0.0,3.0,3,3.0,3.0,3,3.0,3.0,3.0,3.0,3.0,3.0,3,3.0,3.0,3.0,3.0,3,3.0,2,3,3,3.0,3.0,3,3.0,2.0,3.0,3.0,3.0,3.0,1,3.0,3.0,3.0,3.0,3.0,3.0,3,3,3,3.0,0.0,,3,3.0,3,3.0,3.0,3.0,3.0,3.0,3,3.0,3,3.0,3.0,3,3.0,3.0,3.0,3.0,3.0,3.0,3.0,3.0,3.0,2.0,3.0,3,3.0,3.0,,,3.0,3.0,3.0,1.0,3.0,3.0,3.0,3.0,3.0,3.0,3.0,3.0,3.0,,3.0,,3.0,,3.0,3.0,3.0,3.0,3.0,3.0,3.0,3.0,3.0,3.0,3.0,,3.0,3.0,3.0,,3.0,3.0,3,3.0,,16,7,1.205929261656816,-0.16288236892324257
3.0,2,1,3,2,3,3,2.0,3,3.0,3,3,2,3,3.0,3,3.0,,3.0,2.0,3.0,2.0,3,3.0,3.0,3.0,3,3,3.0,3.0,2,2,3,3.0,3.0,2,3.0,3.0,3.0,3,3,2.0,2,3.0,3,3,2,3,3.0,3,3,3.0,3,3.0,3,3.0,2.0,3,2,3,3.0,3.0,2.0,2,3.0,2,3,3.0,3.0,3.0,3.0,3.0,3,3,3,3,3.0,3.0,2,3.0,3.0,3,3.0,3,3.0,3.0,1,3,3,3.0,3,3.0,2,3,3.0,3,3.0,2.0,3,3,3,3.0,2.0,3,3.0,3,3.0,3.0,3,3,3,3.0,1.0,3,3.0,3.0,3.0,3,1.0,3.0,3,3.0,2,3.0,2,3.0,3.0,3,3,3,2.0,3.0,3.0,3.0,3.0,3.0,0,3.0,3.0,3.0,2,3,3.0,3,3.0,3.0,2,3,3,3.0,3,2.0,2,2,3,3.0,3,3.0,3,3.0,3.0,2,3,2,3.0,3,2.0,3.0,3.0,1.0,3,3,3,3.0,3,3.0,3,3.0,3,3.0,3.0,3,3.0,3.0,3.0,3.0,3.0,3.0,3,3.0,3.0,2,3.0,3,3,3,3.0,3.0,3.0,3.0,3,3.0,2,3,3.0,3,2,3,3.0,1,,3.0,3.0,3,3,3,3.0,3.0,2,3,3.0,3,3.0,3,3.0,2,3,3,3,3,3.0,3.0,3.0,3,2,3,3.0,3.0,3,3,3.0,2,3.0,3.0,3.0,1.0,3.0,0,3.0,3.0,3.0,3,3.0,3.0,3.0,3.0,3.0,1.0,3.0,3.0,3,3,3.0,3.0,3,3,,3,3.0,3,3,3.0,3.0,3.0,3,3,3,3,3.0,3.0,2,3.0,2,3.0,2,3.0,3.0,2,3,3,3.0,3,0.0,3.0,3,3.0,3,3.0,3.0,3.0,3.0,3.0,3.0,3.0,3.0,2.0,3,3.0,3.0,3,3.0,3,,3,3.0,3,3,3,3.0,2,3,3.0,3.0,3.0,3.0,3,3.0,3.0,3.0,2,3.0,3,3.0,2.0,3.0,3.0,3,3,3.0,3.0,3,3,3,3.0,3,3.0,3.0,3.0,3.0,3.0,3.0,3.0,3.0,3,3,3.0,2,3.0,3.0,3.0,3.0,3.0,3,3,3.0,3.0,3,2.0,3,3,3.0,3,3.0,3.0,3.0,3.0,3.0,3.0,2,3,3.0,3.0,3.0,3.0,3.0,3.0,3,2,3,3.0,3,3,3,3,3,3.0,3,3,3.0,3,3.0,3.0,2.0,3.0,3.0,3,2,3.0,3.0,3,3.0,3.0,3.0,3,1.0,3.0,0.0,3.0,3.0,3.0,3,3.0,3.0,3,3.0,3.0,3,3.0,3.0,,3,3.0,3,3.0,3.0,3,3.0,3.0,3.0,3.0,3.0,3.0,,3.0,2.0,3,0,3.0,3.0,,3,3,2,3.0,3.0,3.0,3,3,3,3.0,3,3,3,3.0,3,3,,3,3,3,3,3.0,3,3.0,2.0,3.0,3.0,3.0,3.0,3.0,3,0.0,3.0,3,3.0,3.0,3.0,3.0,3.0,2.0,3,3.0,3.0,3.0,3.0,3,3.0,3,3,2,3.0,,3,3.0,3.0,,3.0,3.0,3.0,3,3.0,3.0,3.0,3.0,3.0,3.0,2,3,3,3.0,3.0,3.0,3,3.0,3,3.0,3.0,3.0,3.0,3.0,3,3.0,3,3.0,3.0,3,3.0,3.0,2.0,3.0,3.0,3.0,3.0,3.0,3.0,3.0,3.0,3,3.0,3.0,3.0,3.0,3.0,1.0,3.0,3.0,,1.0,3.0,3.0,3.0,,3.0,,3.0,3.0,3.0,3.0,3.0,,3.0,3.0,3.0,3.0,3.0,3.0,3.0,3.0,2.0,3.0,,,3.0,3.0,3.0,3.0,3.0,3.0,2,3.0,3.0,17,7,1.254204335569165,-0.28842361532278715
3.0,3,3,3,3,3,3,3.0,3,3.0,3,3,3,3,,3,,,,3.0,3.0,3.0,3,3.0,3.0,3.0,3,3,3.0,3.0,3,3,3,3.0,3.0,3,3.0,3.0,3.0,3,3,3.0,3,0.0,3,3,3,2,3.0,3,3,0.0,3,3.0,0,3.0,3.0,3,3,3,3.0,3.0,3.0,2,3.0,3,3,3.0,3.0,3.0,3.0,3.0,3,3,3,1,3.0,,2,3.0,3.0,3,3.0,3,3.0,3.0,3,3,3,,3,3.0,3,3,,3,3.0,3.0,3,3,3,3.0,3.0,3,3.0,3,,1.0,3,3,3,3.0,3.0,3,3.0,3.0,3.0,3,3.0,3.0,3,3.0,3,,2,3.0,3.0,3,3,2,3.0,3.0,3.0,3.0,3.0,3.0,3,3.0,3.0,,3,3,,3,3.0,3.0,2,3,3,3.0,3,2.0,3,3,3,,3,,3,3.0,,3,3,3,3.0,3,3.0,3.0,,3.0,3,3,3,,3,3.0,3,3.0,3,3.0,3.0,3,3.0,3.0,3.0,3.0,3.0,3.0,3,3.0,3.0,3,3.0,3,2,3,3.0,3.0,3.0,3.0,3,3.0,2,3,3.0,3,3,3,3.0,2,3.0,3.0,2.0,2,3,2,3.0,3.0,3,3,3.0,3,2.0,3,2.0,3,3,2,3,2,3.0,3.0,3.0,3,3,3,3.0,3.0,3,3,3.0,3,3.0,1.0,3.0,2.0,3.0,3,3.0,3.0,3.0,3,3.0,3.0,,3.0,3.0,2.0,3.0,3.0,3,3,3.0,3.0,3,2,3.0,3,3.0,3,3,3.0,3.0,3.0,2,2,3,3,3.0,3.0,3,3.0,3,3.0,3,3.0,3.0,2,3,3,3.0,3,3.0,,3,3.0,3,,3.0,,3.0,3.0,2.0,3.0,1.0,3.0,3,3.0,3.0,3,1.0,3,3.0,3,,3,3,2,,3,3,3.0,,3.0,3.0,3,3.0,3.0,3.0,3,,3,,3.0,3.0,3.0,3,3,3.0,3.0,3,3,3,,3,1.0,3.0,0.0,3.0,3.0,,3.0,3.0,3,3,3.0,3,0.0,3.0,3.0,3.0,,3,3,3.0,,3,3.0,3,2,2.0,3,3.0,3.0,3.0,3.0,3.0,3.0,3,2,3.0,,3.0,3.0,,3.0,3,3,3,3.0,3,3,1,3,3,,3,3,3.0,3,3.0,3.0,3.0,3.0,,3,3,,3.0,3,3.0,3.0,,3,,3.0,3.0,,3.0,,3,3.0,,3,3.0,0.0,3,3.0,3.0,,3,,3,3.0,3.0,3,3.0,3.0,3.0,,3.0,3.0,,,3.0,3,3,,3.0,3.0,3,3,3,3.0,3.0,,3,3,3,3.0,3,3,3,2.0,3,3,,3,3,3,3,3.0,3,3.0,3.0,3.0,,3.0,3.0,,3,3.0,3.0,3,3.0,3.0,3.0,3.0,3.0,3.0,3,3.0,,3.0,3.0,3,,3,3,3,3.0,3.0,3,,,,3.0,3.0,3.0,3,3.0,3.0,3.0,,3.0,3.0,3,3,3,,3.0,,2,2.0,3,3.0,,3.0,3.0,3.0,3,3.0,3,3.0,3.0,3,,,3.0,,3.0,3.0,3.0,,3.0,3.0,2.0,3,,2.0,,,3.0,3.0,3.0,3.0,,,3.0,,3.0,3.0,3.0,,,,3.0,,,,,3.0,,1.0,3.0,3.0,1.0,3.0,,,,,3.0,3.0,3.0,,,3.0,3,3.0,,18,7,1.3474219572079973,-0.039214279260348414
2.0,2,3,3,3,3,2,3.0,3,3.0,3,3,3,1,3.0,3,3.0,3.0,3.0,3.0,2.0,3.0,3,3.0,3.0,2.0,3,3,3.0,,2,3,3,3.0,3.0,3,2.0,3.0,2.0,3,3,3.0,3,3.0,3,3,3,3,3.0,3,3,3.0,2,3.0,0,3.0,3.0,3,3,2,3.0,3.0,1.0,2,3.0,0,3,3.0,,3.0,3.0,3.0,3,3,2,0,3.0,3.0,3,3.0,3.0,3,3.0,2,3.0,3.0,1,3,3,3.0,3,3.0,3,3,3.0,3,3.0,3.0,3,3,3,3.0,3.0,3,3.0,3,3.0,3.0,0,3,3,3.0,3.0,3,3.0,3.0,2.0,3,3.0,3.0,3,3.0,1,3.0,2,3.0,3.0,3,2,3,3.0,2.0,3.0,3.0,3.0,3.0,2,3.0,3.0,,2,2,3.0,3,3.0,3.0,3,3,3,3.0,0,3.0,3,3,3,3.0,2,3.0,3,3.0,3.0,3,3,2,3.0,3,3.0,3.0,3.0,3.0,2,3,3,3.0,3,3.0,3,2.0,3,3.0,3.0,3,2.0,3.0,3.0,3.0,3.0,3.0,3,2.0,3.0,2,3.0,3,3,3,3.0,3.0,3.0,3.0,2,3.0,3,3,3.0,2,2,3,3.0,3,3.0,3.0,3.0,3,3,3,3.0,3.0,3,3,3.0,3,3.0,2,3.0,2,3,3,3,2,3.0,3.0,3.0,3,3,3,3.0,3.0,3,3,3.0,3,3.0,3.0,3.0,3.0,3.0,3,3.0,3.0,3.0,3,3.0,3.0,3.0,,3.0,3.0,3.0,3.0,3,3,3.0,3.0,3,3,,3,3.0,3,3,3.0,3.0,3.0,3,3,3,3,3.0,3.0,3,3.0,3,3.0,2,3.0,3.0,3,3,3,3.0,3,3.0,3.0,3,3.0,3,3.0,3.0,3.0,3.0,3.0,3.0,3.0,3.0,3.0,3,3.0,3.0,3,3.0,3,3.0,3,3.0,3,2,2,3.0,3,3,3.0,3.0,3.0,3.0,3,3.0,3.0,3.0,2,3.0,1,3.0,3.0,3.0,3.0,3,2,3.0,3.0,3,2,3,3.0,3,3.0,3.0,3.0,3.0,3.0,3.0,3.0,3.0,3,2,1.0,3,3.0,3.0,3.0,3.0,,3,3,3.0,3.0,3,3.0,3,3,3.0,3,3.0,3.0,3.0,3.0,3.0,3.0,3,3,3.0,3.0,3.0,3.0,3.0,3.0,3,3,2,3.0,3,3,3,3,2,3.0,3,3,3.0,2,3.0,3.0,3.0,3.0,3.0,3,2,3.0,3.0,3,3.0,3.0,3.0,3,3.0,3.0,3.0,3.0,3.0,,3,3.0,,3,3.0,3.0,2,3.0,3.0,3.0,2,3.0,3,1.0,3.0,3,2.0,3.0,3.0,3.0,3.0,3.0,,3.0,2.0,3,3,0.0,2.0,3.0,3,3,3,3.0,3.0,3.0,3,3,2,3.0,2,3,3,3.0,3,3,3.0,3,3,2,3,3.0,3,3.0,3.0,3.0,3.0,3.0,3.0,3.0,3,3.0,3.0,3,3.0,3.0,3.0,3.0,3.0,3.0,3,3.0,3.0,3.0,3.0,3,3.0,3,3,3,3.0,3.0,3,3.0,3.0,,3.0,3.0,3.0,3,1.0,3.0,3.0,3.0,3.0,3.0,3,3,3,3.0,3.0,3.0,3,3.0,3,3.0,3.0,3.0,3.0,2.0,1,3.0,2,3.0,3.0,3,3.0,3.0,3.0,3.0,3.0,3.0,3.0,3.0,3.0,3.0,3.0,3,3.0,3.0,3.0,,3.0,3.0,3.0,3.0,3.0,3.0,3.0,3.0,3.0,3.0,3.0,3.0,3.0,,3.0,3.0,3.0,,3.0,3.0,3.0,3.0,3.0,3.0,,3.0,3.0,3.0,3.0,,3.0,,3.0,3.0,3.0,,3,2.0,,19,7,1.276121027427079,-0.28224885488516216
3.0,3,3,3,3,3,3,3.0,3,3.0,3,3,2,0,3.0,1,3.0,3.0,3.0,3.0,3.0,3.0,3,3.0,3.0,3.0,2,3,3.0,0.0,3,3,3,3.0,3.0,3,3.0,3.0,2.0,3,3,3.0,3,3.0,3,2,3,3,3.0,1,3,3.0,3,3.0,3,3.0,3.0,2,3,3,3.0,3.0,3.0,2,3.0,2,3,3.0,3.0,3.0,3.0,3.0,3,3,3,2,3.0,3.0,3,3.0,3.0,3,3.0,3,3.0,3.0,2,2,3,3.0,3,3.0,3,3,3.0,3,3.0,3.0,3,3,3,3.0,3.0,3,3.0,2,,3.0,3,3,3,3.0,2.0,3,3.0,3.0,3.0,3,3.0,3.0,3,3.0,2,3.0,2,3.0,3.0,3,3,3,3.0,3.0,3.0,3.0,3.0,3.0,3,3.0,3.0,3.0,3,3,3.0,3,3.0,3.0,3,3,3,3.0,3,3.0,3,3,3,3.0,2,3.0,2,3.0,3.0,3,3,3,3.0,3,3.0,3.0,3.0,3.0,3,3,3,3.0,2,3.0,3,3.0,2,3.0,3.0,2,3.0,3.0,3.0,3.0,3.0,3.0,3,2.0,3.0,2,3.0,2,3,2,3.0,3.0,3.0,3.0,3,3.0,3,3,3.0,3,2,3,3.0,3,3.0,0.0,2.0,2,0,3,3.0,3.0,2,3,3.0,3,3.0,2,3.0,3,3,3,3,3,3.0,3.0,3.0,3,3,2,3.0,3.0,3,3,3.0,3,3.0,1.0,3.0,3.0,3.0,3,3.0,3.0,3.0,2,3.0,3.0,3.0,3.0,3.0,3.0,3.0,3.0,3,3,3.0,3.0,3,2,3.0,3,3.0,3,3,3.0,3.0,3.0,3,2,3,3,3.0,3.0,2,,3,2.0,3,2.0,3.0,3,3,3,2.0,3,3.0,3.0,3,3.0,3,3.0,3.0,,3.0,3.0,3.0,3.0,1.0,3.0,2,3.0,2.0,3,3.0,3,3.0,3,3.0,2,3,2,3.0,3,3,3.0,3.0,2.0,3.0,3,3.0,3.0,3.0,2,3.0,2,3.0,3.0,2.0,3.0,3,2,3.0,3.0,1,2,3,3.0,3,3.0,3.0,0.0,3.0,3.0,,3.0,3.0,3,3,3.0,3,3.0,3.0,3.0,3.0,,3,3,3.0,3.0,3,1.0,1,1,3.0,3,3.0,3.0,3.0,3.0,3.0,3.0,3,3,3.0,,3.0,3.0,3.0,3.0,3,3,3,3.0,3,3,3,3,3,3.0,3,3,3.0,3,3.0,3.0,3.0,3.0,3.0,3,3,3.0,3.0,3,3.0,3.0,3.0,3,3.0,3.0,3.0,3.0,3.0,,3,2.0,,3,3.0,3.0,3,3.0,3.0,3.0,3,3.0,3,3.0,3.0,3,3.0,3.0,3.0,3.0,3.0,3.0,,3.0,3.0,3,3,3.0,3.0,2.0,2,3,3,3.0,3.0,3.0,3,3,3,3.0,2,3,3,3.0,3,2,,3,3,3,3,3.0,3,3.0,3.0,3.0,3.0,3.0,3.0,3.0,3,3.0,3.0,3,2.0,3.0,3.0,3.0,3.0,3.0,3,3.0,3.0,3.0,3.0,2,3.0,3,3,3,1.0,3.0,3,3.0,3.0,,3.0,3.0,3.0,3,3.0,3.0,3.0,,3.0,3.0,3,3,3,3.0,3.0,,3,3.0,3,2.0,3.0,3.0,,0.0,3,3.0,3,3.0,3.0,3,3.0,3.0,3.0,3.0,,3.0,2.0,3.0,3.0,3.0,3.0,3,3.0,3.0,3.0,,3.0,3.0,,3.0,3.0,3.0,3.0,3.0,3.0,3.0,3.0,3.0,3.0,,3.0,,3.0,,3.0,,1.0,3.0,3.0,3.0,3.0,3.0,3.0,3.0,3.0,,3.0,3.0,3.0,3.0,,3.0,3,3.0,,20,7,1.2625813077713113,-0.1905048019120432
3.0,3,3,3,0,3,3,4.0,3,4.0,3,3,3,3,4.0,3,4.0,4.0,4.0,2.0,4.0,3.0,3,3.0,3.0,3.0,3,3,3.0,4.0,1,3,3,4.0,3.0,3,4.0,3.0,3.0,3,4,3.0,3,3.0,3,3,3,3,3.0,3,3,3.0,3,3.0,4,3.0,3.0,3,3,3,3.0,3.0,3.0,3,3.0,2,3,4.0,4.0,3.0,4.0,3.0,3,3,3,4,3.0,4.0,3,4.0,3.0,3,4.0,3,4.0,3.0,2,3,3,4.0,3,3.0,2,3,4.0,3,3.0,3.0,3,3,3,4.0,3.0,3,3.0,3,4.0,3.0,3,3,3,4.0,3.0,4,4.0,3.0,3.0,3,4.0,3.0,4,3.0,3,4.0,3,3.0,3.0,4,3,3,1.0,3.0,3.0,3.0,3.0,3.0,3,4.0,3.0,4.0,3,3,3.0,3,4.0,3.0,3,2,3,3.0,3,3.0,3,3,2,4.0,4,3.0,3,4.0,3.0,3,0,3,3.0,4,4.0,3.0,3.0,3.0,4,3,3,4.0,4,4.0,2,3.0,3,4.0,4.0,3,3.0,3.0,4.0,4.0,3.0,3.0,3,3.0,4.0,3,4.0,3,3,3,3.0,2.0,3.0,3.0,3,3.0,3,3,3.0,3,3,3,4.0,3,4.0,3.0,3.0,0,3,3,3.0,4.0,3,3,3.0,3,3.0,3,3.0,3,2,3,3,3,4.0,3.0,3.0,3,3,3,3.0,3.0,3,2,3.0,4,3.0,3.0,3.0,4.0,3.0,3,3.0,3.0,3.0,3,3.0,3.0,4.0,4.0,3.0,3.0,3.0,2.0,3,3,3.0,3.0,3,3,4.0,3,3.0,3,3,3.0,3.0,4.0,3,3,3,3,3.0,4.0,3,4.0,3,0.0,3,3.0,4.0,3,3,3,3.0,3,4.0,3.0,4,4.0,3,4.0,3.0,4.0,3.0,3.0,3.0,4.0,3.0,4.0,3,3.0,3.0,4,3.0,3,3.0,3,3.0,3,3,3,4.0,3,2,3.0,3.0,2.0,4.0,3,4.0,3.0,3.0,3,3.0,3,3.0,3.0,3.0,4.0,3,1,4.0,3.0,3,2,3,4.0,3,3.0,4.0,4.0,3.0,4.0,4.0,4.0,4.0,3,3,3.0,3,3.0,4.0,3.0,4.0,4.0,4,3,3.0,1.0,3,3.0,3,3,3.0,4,4.0,1.0,3.0,4.0,3.0,3.0,3,3,3.0,3.0,3.0,3.0,4.0,3.0,1,3,3,4.0,4,3,3,3,3,4.0,3,3,3.0,4,3.0,4.0,3.0,3.0,4.0,4,3,3.0,3.0,3,3.0,3.0,3.0,3,3.0,3.0,3.0,3.0,3.0,4.0,3,3.0,4.0,3,3.0,4.0,3,4.0,4.0,4.0,3,4.0,3,3.0,3.0,4,3.0,3.0,3.0,4.0,3.0,3.0,4.0,4.0,3.0,3,3,3.0,3.0,4.0,3,3,3,3.0,3.0,4.0,3,2,3,4.0,2,3,3,3.0,4,4,4.0,3,3,3,3,4.0,3,3.0,3.0,3.0,4.0,3.0,3.0,4.0,3,3.0,3.0,3,3.0,4.0,4.0,4.0,4.0,3.0,0,3.0,4.0,3.0,4.0,3,4.0,3,3,3,4.0,4.0,3,3.0,4.0,4.0,3.0,3.0,4.0,3,3.0,3.0,4.0,4.0,0.0,4.0,3,2,3,4.0,3.0,4.0,3,3.0,3,3.0,2.0,3.0,4.0,3.0,3,4.0,3,4.0,4.0,3,4.0,4.0,3.0,3.0,4.0,4.0,3.0,3.0,4.0,2.0,3.0,3,3.0,3.0,3.0,4.0,4.0,3.0,4.0,2.0,4.0,3.0,3.0,3.0,3.0,4.0,4.0,3.0,3.0,4.0,4.0,4.0,4.0,4.0,4.0,4.0,4.0,4.0,4.0,3.0,4.0,4.0,3.0,4.0,4.0,4.0,4.0,4.0,3.0,4.0,2.0,4.0,3,1.0,4.0,21,7,1.1966150522146202,-0.4788012003334608
3.0,3,3,3,3,3,2,3.0,1,3.0,3,3,2,3,3.0,3,3.0,3.0,3.0,3.0,3.0,3.0,3,3.0,2.0,3.0,2,3,3.0,3.0,2,2,3,3.0,3.0,2,3.0,3.0,3.0,3,3,3.0,2,3.0,2,3,3,3,2.0,2,3,3.0,3,3.0,3,3.0,3.0,3,3,3,3.0,3.0,2.0,1,3.0,3,2,3.0,3.0,3.0,3.0,3.0,3,3,2,3,3.0,2.0,3,3.0,3.0,2,3.0,2,3.0,3.0,2,3,3,3.0,3,2.0,2,1,3.0,3,3.0,3.0,3,2,2,3.0,2.0,3,2.0,3,3.0,3.0,2,3,3,3.0,3.0,3,1.0,3.0,3.0,3,3.0,2.0,3,3.0,3,3.0,2,3.0,3.0,0,3,3,3.0,3.0,3.0,3.0,3.0,3.0,3,3.0,3.0,3.0,2,3,3.0,3,3.0,3.0,3,3,3,3.0,3,3.0,2,3,3,3.0,3,2.0,3,3.0,3.0,2,3,3,3.0,3,3.0,3.0,3.0,3.0,2,3,3,3.0,3,2.0,1,3.0,3,3.0,3.0,3,3.0,3.0,3.0,3.0,3.0,3.0,3,3.0,3.0,1,3.0,3,2,3,3.0,3.0,3.0,0.0,2,3.0,2,2,3.0,3,3,3,2.0,3,3.0,3.0,3.0,0,2,3,3.0,1.0,3,3,3.0,2,3.0,2,3.0,2,2,2,2,3,3.0,3.0,2.0,2,2,3,3.0,3.0,3,3,3.0,2,3.0,3.0,3.0,3.0,3.0,3,3.0,3.0,3.0,3,3.0,3.0,3.0,3.0,3.0,3.0,3.0,3.0,3,2,3.0,3.0,2,3,3.0,3,3.0,3,3,3.0,3.0,2.0,3,3,3,2,3.0,3.0,3,3.0,3,3.0,3,3.0,3.0,2,3,2,3.0,3,3.0,3.0,3,3.0,3,3.0,3.0,3.0,2.0,3.0,3.0,3.0,3.0,3.0,3,3.0,3.0,3,2.0,3,3.0,3,2.0,2,3,3,3.0,3,2,3.0,3.0,3.0,3.0,1,3.0,3.0,3.0,3,3.0,2,3.0,3.0,2.0,3.0,2,3,3.0,3.0,2,2,2,3.0,3,3.0,3.0,3.0,3.0,3.0,3.0,3.0,3.0,2,3,3.0,3,3.0,3.0,3.0,3.0,3.0,3,2,3.0,3.0,0,3.0,2,3,3.0,3,3.0,3.0,3.0,3.0,3.0,3.0,2,2,3.0,3.0,3.0,3.0,3.0,3.0,3,3,2,3.0,3,1,3,2,2,3.0,2,3,3.0,2,2.0,2.0,3.0,2.0,2.0,3,3,3.0,3.0,2,2.0,3.0,3.0,2,3.0,3.0,2.0,3.0,3.0,3.0,3,3.0,3.0,1,3.0,3.0,3,3.0,3.0,3.0,3,3.0,3,2.0,3.0,2,3.0,3.0,2.0,3.0,3.0,3.0,,3.0,3.0,3,3,2.0,3.0,3.0,0,3,3,3.0,3.0,3.0,2,3,2,3.0,2,3,3,3.0,3,3,,3,3,3,3,3.0,3,3.0,3.0,3.0,3.0,3.0,3.0,3.0,3,2.0,3.0,3,3.0,3.0,3.0,3.0,2.0,3.0,2,2.0,3.0,3.0,3.0,2,3.0,3,2,2,3.0,3.0,3,3.0,3.0,3.0,3.0,3.0,3.0,2,3.0,3.0,2.0,3.0,3.0,3.0,2,3,3,3.0,0.0,3.0,3,2.0,2,3.0,3.0,3.0,3.0,3.0,2,3.0,1,3.0,3.0,3,3.0,3.0,3.0,3.0,3.0,1.0,3.0,3.0,2.0,2.0,3.0,3,3.0,3.0,2.0,3.0,3.0,3.0,3.0,3.0,3.0,3.0,3.0,2.0,3.0,3.0,3.0,3.0,3.0,3.0,3.0,3.0,3.0,3.0,3.0,3.0,3.0,3.0,3.0,3.0,3.0,2.0,3.0,3.0,3.0,,3.0,3.0,3.0,3.0,3.0,3.0,3,3.0,,22,7,1.1801634727659867,-0.38401125162917943
3.0,2,3,3,3,3,3,3.0,3,1.0,3,3,2,3,3.0,3,3.0,,3.0,3.0,3.0,3.0,3,3.0,3.0,3.0,3,3,3.0,3.0,3,2,3,3.0,3.0,3,3.0,3.0,3.0,3,3,3.0,3,3.0,3,3,3,2,3.0,3,3,3.0,3,3.0,3,3.0,3.0,3,3,3,3.0,3.0,3.0,3,3.0,3,3,3.0,3.0,3.0,3.0,3.0,3,2,3,3,3.0,3.0,3,1.0,3.0,3,2.0,3,3.0,3.0,2,3,3,,3,3.0,3,3,3.0,3,3.0,3.0,3,3,3,3.0,2.0,3,3.0,2,3.0,3.0,3,3,3,3.0,3.0,3,3.0,3.0,3.0,3,1.0,2.0,3,3.0,2,2.0,3,3.0,2.0,3,3,3,3.0,3.0,3.0,3.0,3.0,3.0,2,3.0,3.0,0.0,3,2,3.0,3,3.0,3.0,2,2,3,3.0,3,3.0,3,3,3,3.0,1,3.0,3,3.0,2.0,3,3,3,3.0,3,3.0,3.0,3.0,2.0,2,2,3,3.0,3,3.0,3,3.0,3,3.0,3.0,3,3.0,3.0,3.0,3.0,3.0,3.0,3,3.0,,3,,3,3,3,3.0,3.0,3.0,3.0,2,,3,3,3.0,3,3,3,3.0,3,3.0,,3.0,3,2,3,3.0,3.0,3,3,3.0,3,3.0,3,3.0,3,3,2,3,3,,3.0,3.0,3,1,3,3.0,3.0,2,3,3.0,3,3.0,3.0,3.0,3.0,3.0,3,3.0,3.0,3.0,3,2.0,,1.0,,,,3.0,3.0,3,2,3.0,3.0,3,3,,3,,3,3,3.0,3.0,3.0,3,3,3,3,3.0,3.0,3,3.0,3,3.0,3,,2.0,3,3,3,,3,3.0,,2,,3,3.0,3.0,3.0,3.0,3.0,3.0,3.0,3.0,3.0,3,,,3,3.0,0,,3,3.0,3,3,3,3.0,3,3,3.0,3.0,3.0,3.0,3,3.0,3.0,3.0,1,3.0,3,3.0,2.0,3.0,0.0,3,3,3.0,3.0,3,3,3,3.0,3,3.0,3.0,3.0,3.0,3.0,3.0,3.0,3.0,3,3,3.0,3,3.0,3.0,1.0,3.0,3.0,3,3,3.0,3.0,3,3.0,3,3,3.0,3,3.0,3.0,3.0,3.0,3.0,3.0,3,3,3.0,3.0,3.0,3.0,3.0,3.0,3,3,3,3.0,3,3,3,3,3,3.0,0,3,3.0,3,3.0,3.0,3.0,3.0,3.0,3,2,3.0,3.0,3,3.0,3.0,3.0,3,3.0,3.0,2.0,3.0,2.0,3.0,2,3.0,3.0,2,3.0,3.0,3,3.0,,,3,3.0,3,,3.0,2,3.0,3.0,3.0,3.0,3.0,3.0,,3.0,3.0,3,3,3.0,3.0,3.0,3,3,3,3.0,3.0,3.0,2,3,3,,3,3,3,3.0,3,3,,3,3,3,3,3.0,3,3.0,2.0,3.0,3.0,3.0,3.0,3.0,3,3.0,,3,3.0,3.0,3.0,3.0,3.0,3.0,3,3.0,3.0,3.0,3.0,3,,3,3,3,3.0,3.0,3,3.0,1.0,,3.0,3.0,3.0,3,3.0,3.0,3.0,3.0,1.0,3.0,0,2,3,3.0,3.0,3.0,3,3.0,3,3.0,,2.0,3.0,3.0,3,3.0,3,3.0,2.0,3,3.0,,3.0,3.0,3.0,3.0,3.0,,3.0,3.0,3.0,3,3.0,3.0,3.0,3.0,3.0,2.0,,3.0,,3.0,3.0,3.0,2.0,,3.0,,3.0,0.0,1.0,3.0,3.0,,3.0,3.0,3.0,1.0,2.0,3.0,3.0,3.0,3.0,2.0,,,3.0,,,3.0,3.0,,2,3.0,,23,7,1.3018916155419222,-0.07766107448079007
3.0,3,3,3,3,4,3,3.0,2,4.0,3,3,3,3,4.0,4,3.0,4.0,3.0,3.0,4.0,3.0,3,4.0,3.0,4.0,4,3,4.0,4.0,1,3,4,3.0,4.0,3,4.0,3.0,3.0,3,3,3.0,3,3.0,3,3,3,4,4.0,3,3,3.0,4,4.0,4,1.0,3.0,3,3,2,3.0,3.0,3.0,3,4.0,3,3,4.0,4.0,3.0,3.0,4.0,3,3,3,3,4.0,3.0,3,4.0,3.0,3,3.0,3,1.0,3.0,2,3,3,4.0,3,3.0,3,3,4.0,4,3.0,3.0,3,3,3,3.0,3.0,3,3.0,3,3.0,4.0,3,0,4,3.0,3.0,1,3.0,4.0,4.0,3,3.0,3.0,3,3.0,3,4.0,3,3.0,3.0,3,3,3,3.0,3.0,3.0,3.0,0.0,4.0,2,3.0,3.0,4.0,2,3,4.0,4,4.0,3.0,2,2,3,4.0,3,3.0,3,3,3,3.0,3,3.0,3,4.0,3.0,2,3,3,3.0,3,3.0,3.0,3.0,3.0,3,3,4,3.0,4,3.0,3,3.0,3,3.0,4.0,4,3.0,4.0,4.0,3.0,4.0,3.0,3,3.0,4.0,3,4.0,3,3,3,4.0,3.0,3.0,3.0,3,4.0,4,3,4.0,3,3,4,4.0,4,4.0,4.0,3.0,3,3,0,3.0,4.0,3,3,4.0,3,3.0,3,3.0,3,4,3,4,2,4.0,3.0,3.0,3,3,4,3.0,4.0,3,2,3.0,4,4.0,3.0,2.0,4.0,4.0,4,4.0,4.0,4.0,3,4.0,4.0,4.0,4.0,4.0,4.0,3.0,3.0,3,3,4.0,3.0,3,3,4.0,4,3.0,3,3,4.0,3.0,3.0,3,3,3,2,4.0,3.0,3,4.0,4,3.0,3,4.0,4.0,4,4,3,4.0,3,4.0,4.0,4,4.0,3,4.0,3.0,4.0,4.0,4.0,3.0,3.0,3.0,4.0,3,4.0,4.0,3,3.0,3,4.0,3,3.0,3,3,4,4.0,4,3,1.0,3.0,3.0,4.0,4,4.0,4.0,3.0,3,4.0,3,0.0,3.0,4.0,4.0,3,3,4.0,3.0,3,3,3,3.0,3,3.0,4.0,4.0,3.0,3.0,4.0,4.0,4.0,4,3,3.0,3,3.0,3.0,3.0,4.0,4.0,4,3,4.0,3.0,3,3.0,3,4,3.0,4,4.0,4.0,4.0,3.0,3.0,3.0,3,3,3.0,3.0,3.0,4.0,3.0,3.0,3,3,4,4.0,3,3,3,3,3,3.0,3,3,3.0,3,4.0,4.0,3.0,3.0,2.0,3,3,3.0,4.0,3,3.0,3.0,3.0,3,4.0,3.0,3.0,4.0,3.0,4.0,3,4.0,3.0,3,3.0,3.0,2,3.0,4.0,4.0,3,4.0,4,4.0,3.0,3,3.0,4.0,3.0,4.0,3.0,4.0,4.0,3.0,3.0,3,3,3.0,4.0,3.0,3,3,3,4.0,3.0,2.0,3,1,3,3.0,3,4,3,4.0,3,3,4.0,4,3,4,3,4.0,4,4.0,3.0,3.0,4.0,0.0,3.0,3.0,3,3.0,4.0,3,3.0,3.0,4.0,4.0,4.0,4.0,3,3.0,3.0,3.0,4.0,3,4.0,3,3,2,4.0,4.0,3,3.0,4.0,4.0,4.0,3.0,4.0,3,4.0,3.0,3.0,3.0,4.0,4.0,3,3,3,3.0,4.0,3.0,4,3.0,3,3.0,4.0,4.0,4.0,4.0,4,3.0,3,3.0,4.0,3,2.0,4.0,0.0,3.0,3.0,2.0,4.0,4.0,3.0,3.0,1.0,3,4.0,3.0,4.0,4.0,4.0,3.0,4.0,4.0,4.0,4.0,4.0,3.0,4.0,4.0,4.0,4.0,3.0,4.0,3.0,4.0,3.0,4.0,4.0,4.0,4.0,4.0,3.0,3.0,4.0,3.0,4.0,3.0,4.0,4.0,4.0,4.0,4.0,4.0,3.0,4.0,3,3.0,4.0,24,7,1.1851281487185128,-0.4654813985387565
3.0,3,2,3,3,3,3,3.0,3,3.0,3,3,2,3,3.0,3,3.0,,3.0,3.0,3.0,3.0,3,3.0,3.0,3.0,2,3,3.0,3.0,2,2,3,3.0,3.0,2,3.0,3.0,2.0,0,2,3.0,3,3.0,2,3,3,3,3.0,3,3,3.0,2,3.0,3,2.0,3.0,3,3,3,3.0,3.0,3.0,3,3.0,2,3,3.0,3.0,3.0,3.0,3.0,3,3,3,3,3.0,3.0,3,3.0,3.0,3,3.0,2,3.0,3.0,3,3,2,3.0,2,3.0,2,2,3.0,3,3.0,3.0,2,3,1,3.0,3.0,3,2.0,0,3.0,3.0,2,3,3,3.0,3.0,3,3.0,2.0,3.0,3,3.0,3.0,3,3.0,3,3.0,3,3.0,3.0,3,1,2,2.0,3.0,3.0,2.0,3.0,2.0,2,3.0,1.0,3.0,3,3,3.0,3,3.0,3.0,2,3,3,2.0,1,2.0,3,3,3,3.0,2,3.0,3,3.0,3.0,3,2,2,3.0,2,3.0,3.0,3.0,3.0,3,3,2,3.0,2,3.0,3,3.0,3,3.0,3.0,3,3.0,2.0,3.0,3.0,2.0,3.0,1,2.0,3.0,2,3.0,2,3,2,3.0,3.0,3.0,3.0,3,3.0,3,3,3.0,3,2,0,3.0,3,3.0,3.0,3.0,1,3,3,3.0,3.0,3,3,3.0,3,2.0,2,3.0,2,2,3,2,2,3.0,3.0,3.0,3,0,2,3.0,3.0,3,2,3.0,3,3.0,2.0,3.0,2.0,3.0,2,2.0,3.0,3.0,2,3.0,3.0,2.0,3.0,3.0,3.0,3.0,3.0,2,2,2.0,3.0,2,2,3.0,3,3.0,3,3,2.0,3.0,3.0,3,3,3,2,3.0,3.0,3,3.0,2,2.0,3,3.0,3.0,3,3,3,3.0,3,3.0,2.0,3,1.0,0,3.0,2.0,3.0,3.0,3.0,3.0,3.0,3.0,3.0,2,3.0,3.0,2,3.0,3,2.0,3,2.0,3,3,2,3.0,3,2,3.0,2.0,2.0,3.0,3,3.0,3.0,3.0,3,3.0,2,3.0,3.0,2.0,3.0,3,3,2.0,3.0,3,3,3,3.0,2,3.0,3.0,3.0,3.0,3.0,3.0,3.0,3.0,3,2,2.0,2,3.0,3.0,3.0,3.0,,3,3,3.0,3.0,2,3.0,3,3,3.0,3,3.0,3.0,3.0,3.0,3.0,2.0,2,3,3.0,3.0,3.0,2.0,3.0,3.0,3,3,3,3.0,3,3,3,2,3,3.0,3,3,3.0,3,3.0,3.0,3.0,3.0,3.0,3,2,3.0,3.0,3,3.0,3.0,3.0,3,3.0,3.0,2.0,0.0,3.0,3.0,3,1.0,3.0,3,3.0,3.0,2,3.0,3.0,3.0,3,3.0,3,3.0,3.0,3,3.0,3.0,3.0,3.0,1.0,3.0,3.0,3.0,3.0,2,3,3.0,3.0,3.0,3,3,3,3.0,2.0,3.0,3,3,1,3.0,2,3,3,3.0,3,3,,3,3,3,3,3.0,3,3.0,3.0,2.0,3.0,3.0,3.0,3.0,2,3.0,3.0,3,3.0,2.0,3.0,3.0,3.0,2.0,3,3.0,3.0,3.0,3.0,3,3.0,3,3,3,3.0,2.0,3,3.0,3.0,3.0,3.0,3.0,3.0,3,3.0,3.0,3.0,3.0,3.0,3.0,3,3,3,3.0,3.0,3.0,3,3.0,3,3.0,3.0,3.0,3.0,3.0,3,3.0,3,3.0,3.0,3,3.0,3.0,3.0,3.0,3.0,3.0,2.0,2.0,3.0,1.0,3.0,3,3.0,3.0,3.0,3.0,3.0,3.0,3.0,3.0,3.0,3.0,1.0,3.0,3.0,3.0,2.0,3.0,3.0,3.0,3.0,3.0,3.0,,3.0,3.0,3.0,3.0,3.0,3.0,3.0,3.0,3.0,3.0,3.0,,3.0,3.0,3.0,2.0,3.0,3.0,2,3.0,3.0,25,7,1.1802556510435476,-0.3204149004511825
3.0,3,3,3,3,3,3,1.0,3,3.0,4,3,2,4,4.0,4,3.0,4.0,3.0,3.0,4.0,3.0,3,4.0,3.0,3.0,4,3,3.0,3.0,3,3,3,3.0,4.0,3,3.0,3.0,3.0,3,4,3.0,3,3.0,3,3,3,3,4.0,3,3,4.0,4,4.0,3,4.0,3.0,3,3,4,3.0,4.0,3.0,3,3.0,3,3,3.0,4.0,3.0,4.0,3.0,3,3,3,3,3.0,3.0,3,4.0,4.0,2,3.0,3,4.0,3.0,3,3,3,3.0,3,3.0,3,3,3.0,3,3.0,3.0,3,3,3,3.0,3.0,3,3.0,3,4.0,3.0,3,3,3,3.0,3.0,3,3.0,4.0,4.0,3,4.0,1.0,3,3.0,4,4.0,3,3.0,3.0,3,3,4,0.0,3.0,3.0,3.0,3.0,4.0,3,3.0,3.0,4.0,2,3,3.0,4,4.0,3.0,3,2,3,3.0,3,3.0,3,2,3,0.0,3,3.0,3,4.0,3.0,3,3,4,3.0,2,4.0,3.0,3.0,3.0,3,3,3,3.0,2,3.0,3,3.0,3,3.0,4.0,3,4.0,4.0,3.0,3.0,3.0,3.0,3,4.0,4.0,4,4.0,3,3,4,3.0,4.0,3.0,3.0,3,4.0,3,3,3.0,3,3,4,4.0,4,4.0,4.0,4.0,3,3,3,3.0,3.0,3,3,3.0,3,3.0,3,3.0,3,3,3,4,4,3.0,4.0,3.0,2,3,3,4.0,3.0,1,3,0.0,3,3.0,4.0,4.0,4.0,3.0,4,4.0,4.0,3.0,4,3.0,4.0,4.0,3.0,4.0,3.0,3.0,3.0,4,2,4.0,3.0,3,3,3.0,3,4.0,3,3,4.0,4.0,3.0,2,4,3,3,4.0,4.0,3,3.0,3,4.0,3,4.0,4.0,3,3,3,3.0,3,4.0,4.0,3,4.0,3,3.0,4.0,4.0,4.0,4.0,3.0,3.0,3.0,4.0,3,4.0,4.0,3,3.0,3,4.0,3,2.0,3,3,1,3.0,3,3,3.0,3.0,3.0,3.0,2,3.0,3.0,4.0,3,4.0,3,3.0,3.0,4.0,4.0,3,3,4.0,3.0,3,3,3,3.0,3,3.0,4.0,4.0,4.0,4.0,3.0,3.0,3.0,4,3,3.0,3,3.0,4.0,3.0,4.0,4.0,2,3,4.0,4.0,3,4.0,3,3,4.0,2,3.0,4.0,4.0,3.0,3.0,3.0,3,3,4.0,1.0,3.0,4.0,3.0,3.0,4,4,3,3.0,3,3,3,3,3,3.0,3,3,3.0,3,3.0,3.0,3.0,3.0,3.0,3,3,3.0,3.0,3,3.0,3.0,3.0,3,0.0,3.0,3.0,3.0,3.0,3.0,3,4.0,3.0,3,3.0,3.0,3,3.0,4.0,4.0,3,4.0,3,4.0,3.0,3,3.0,4.0,4.0,4.0,3.0,4.0,4.0,4.0,3.0,3,3,4.0,3.0,4.0,2,3,3,4.0,3.0,3.0,2,3,3,3.0,3,3,3,3.0,3,3,4.0,3,3,3,4,3.0,3,4.0,2.0,2.0,3.0,3.0,3.0,3.0,3,3.0,4.0,4,4.0,3.0,3.0,3.0,3.0,3.0,3,3.0,3.0,4.0,4.0,3,3.0,3,3,3,4.0,4.0,3,3.0,4.0,4.0,3.0,4.0,4.0,3,4.0,4.0,0.0,2.0,0.0,4.0,2,3,1,3.0,2.0,3.0,2,3.0,3,3.0,4.0,4.0,4.0,4.0,3,3.0,3,3.0,3.0,3,3.0,4.0,4.0,3.0,3.0,3.0,4.0,4.0,3.0,3.0,3.0,4,4.0,4.0,4.0,4.0,4.0,3.0,4.0,4.0,4.0,3.0,4.0,3.0,4.0,4.0,4.0,4.0,3.0,4.0,1.0,4.0,3.0,4.0,3.0,4.0,4.0,4.0,3.0,3.0,4.0,3.0,3.0,4.0,4.0,4.0,4.0,4.0,1.0,4.0,4.0,4.0,3,4.0,4.0,26,7,1.184163275077807,-0.4721253844235676
3.0,3,3,3,2,3,3,3.0,2,3.0,2,3,3,3,3.0,3,3.0,4.0,4.0,4.0,3.0,3.0,3,0.0,4.0,3.0,3,3,3.0,3.0,3,3,4,4.0,4.0,3,3.0,3.0,3.0,4,3,3.0,3,3.0,3,3,3,2,4.0,3,3,3.0,3,3.0,3,3.0,4.0,3,3,3,3.0,4.0,3.0,3,3.0,3,3,3.0,4.0,3.0,3.0,4.0,3,3,1,3,3.0,3.0,4,3.0,3.0,3,4.0,3,3.0,4.0,3,3,3,3.0,4,4.0,3,3,4.0,3,4.0,3.0,3,3,3,3.0,3.0,3,3.0,2,4.0,3.0,3,3,3,3.0,3.0,3,3.0,3.0,3.0,0,3.0,3.0,3,3.0,3,3.0,3,3.0,1.0,3,3,2,3.0,3.0,3.0,3.0,3.0,3.0,3,3.0,3.0,3.0,3,3,2.0,3,3.0,3.0,3,3,3,3.0,3,3.0,3,3,3,4.0,2,3.0,3,3.0,4.0,3,2,3,3.0,3,3.0,4.0,3.0,3.0,3,3,3,4.0,2,3.0,3,2.0,3,3.0,3.0,2,4.0,3.0,3.0,4.0,3.0,3.0,3,3.0,3.0,4,3.0,2,3,3,3.0,3.0,3.0,3.0,4,3.0,3,3,2.0,3,3,3,2.0,3,3.0,3.0,2.0,2,3,3,3.0,4.0,3,4,3.0,4,0.0,3,3.0,3,3,3,3,3,4.0,1.0,3.0,3,3,3,3.0,4.0,3,3,3.0,3,3.0,3.0,3.0,2.0,2.0,3,3.0,3.0,3.0,3,3.0,3.0,4.0,4.0,3.0,3.0,3.0,3.0,3,3,3.0,3.0,3,3,3.0,4,3.0,3,3,3.0,3.0,2.0,3,2,3,3,3.0,3.0,3,4.0,3,3.0,3,3.0,3.0,3,3,3,4.0,3,3.0,3.0,3,0.0,3,3.0,3.0,4.0,4.0,3.0,3.0,4.0,3.0,3.0,3,3.0,3.0,3,3.0,3,3.0,3,3.0,3,3,0,4.0,3,3,3.0,3.0,2.0,3.0,3,3.0,3.0,3.0,2,3.0,3,4.0,3.0,3.0,3.0,3,3,3.0,3.0,2,3,3,4.0,1,1.0,3.0,3.0,3.0,3.0,4.0,4.0,3.0,3,3,3.0,3,3.0,4.0,3.0,3.0,4.0,4,3,3.0,4.0,3,3.0,3,3,3.0,3,3.0,3.0,3.0,3.0,4.0,3.0,3,3,3.0,4.0,3.0,3.0,4.0,3.0,3,3,4,2.0,3,3,3,3,3,3.0,3,4,3.0,3,3.0,4.0,3.0,3.0,2.0,3,3,4.0,3.0,3,3.0,3.0,3.0,3,3.0,3.0,3.0,4.0,4.0,4.0,3,3.0,4.0,3,3.0,3.0,3,3.0,3.0,4.0,3,3.0,3,3.0,0.0,3,3.0,3.0,3.0,3.0,3.0,3.0,4.0,3.0,3.0,3,4,3.0,3.0,3.0,3,3,3,3.0,3.0,3.0,3,3,3,3.0,3,3,3,3.0,3,3,4.0,4,3,1,3,3.0,3,4.0,3.0,3.0,4.0,3.0,4.0,3.0,3,4.0,3.0,3,4.0,4.0,4.0,2.0,4.0,4.0,3,3.0,4.0,3.0,4.0,3,4.0,3,3,4,3.0,4.0,3,3.0,2.0,4.0,4.0,4.0,2.0,4,3.0,3.0,4.0,3.0,4.0,3.0,3,4,3,4.0,3.0,4.0,4,3.0,3,4.0,4.0,4.0,3.0,3.0,3,3.0,3,4.0,4.0,3,4.0,3.0,3.0,4.0,4.0,3.0,3.0,3.0,3.0,2.0,3.0,3,3.0,3.0,3.0,4.0,3.0,3.0,4.0,3.0,4.0,4.0,3.0,3.0,3.0,3.0,3.0,4.0,3.0,4.0,3.0,3.0,4.0,4.0,3.0,3.0,4.0,3.0,3.0,4.0,4.0,4.0,3.0,3.0,4.0,4.0,3.0,3.0,1.0,3.0,4.0,3.0,3,3.0,4.0,27,7,1.1992276394731398,-0.33517537641006684
3.0,4,3,4,4,4,4,4.0,4,4.0,4,4,3,3,4.0,4,4.0,0.0,4.0,4.0,4.0,4.0,4,4.0,4.0,4.0,4,4,4.0,4.0,2,3,4,4.0,4.0,4,4.0,4.0,4.0,4,4,4.0,3,4.0,4,4,4,4,4.0,4,4,4.0,4,4.0,4,4.0,4.0,3,3,4,4.0,4.0,4.0,4,4.0,3,3,4.0,4.0,4.0,4.0,4.0,3,4,4,4,4.0,3.0,4,4.0,4.0,4,4.0,4,4.0,4.0,4,4,4,4.0,3,4.0,4,4,4.0,4,4.0,4.0,4,4,4,4.0,4.0,3,3.0,3,4.0,3.0,3,4,4,4.0,3.0,4,4.0,4.0,4.0,0,2.0,0.0,4,4.0,3,4.0,3,3.0,3.0,4,3,4,4.0,4.0,4.0,1.0,4.0,4.0,3,3.0,4.0,2.0,4,4,4.0,4,4.0,4.0,3,4,3,4.0,4,4.0,4,4,4,4.0,3,4.0,4,4.0,3.0,3,4,3,4.0,4,4.0,4.0,4.0,3.0,4,3,3,4.0,4,4.0,3,4.0,4,4.0,4.0,4,4.0,4.0,4.0,4.0,4.0,4.0,4,3.0,4.0,4,4.0,3,4,4,4.0,4.0,4.0,4.0,4,4.0,4,4,4.0,3,4,4,0.0,4,4.0,4.0,4.0,4,4,3,4.0,4.0,4,4,4.0,4,4.0,4,4.0,4,4,4,4,3,4.0,4.0,4.0,4,4,3,4.0,4.0,3,4,4.0,4,4.0,4.0,3.0,4.0,4.0,4,4.0,4.0,4.0,3,4.0,4.0,4.0,4.0,4.0,4.0,4.0,4.0,4,4,4.0,2.0,4,4,,4,4.0,3,4,4.0,4.0,4.0,4,4,4,4,4.0,3.0,4,4.0,4,4.0,4,4.0,4.0,4,0,4,4.0,4,4.0,4.0,4,4.0,3,4.0,4.0,4.0,4.0,4.0,1.0,4.0,4.0,2.0,4,4.0,4.0,4,4.0,4,3.0,3,4.0,4,4,4,4.0,4,4,4.0,4.0,4.0,4.0,4,4.0,4.0,4.0,4,4.0,3,4.0,3.0,4.0,4.0,4,4,,4.0,4,4,4,4.0,4,4.0,4.0,4.0,3.0,4.0,4.0,4.0,4.0,4,3,4.0,3,4.0,4.0,4.0,4.0,,4,4,4.0,4.0,4,4.0,4,4,4.0,4,4.0,4.0,4.0,4.0,3.0,4.0,4,4,,3.0,3.0,4.0,4.0,4.0,4,3,4,4.0,4,4,4,3,4,4.0,1,4,4.0,3,4.0,4.0,4.0,3.0,4.0,4,4,4.0,4.0,4,4.0,4.0,4.0,4,4.0,3.0,4.0,4.0,4.0,4.0,3,4.0,4.0,4,4.0,4.0,4,4.0,4.0,,4,4.0,0,4.0,4.0,4,4.0,4.0,3.0,4.0,4.0,4.0,,3.0,4.0,4,4,1.0,4.0,4.0,4,4,4,4.0,4.0,4.0,4,3,4,4.0,4,4,4,4.0,4,4,3.0,4,4,4,4,4.0,4,4.0,2.0,3.0,4.0,4.0,4.0,4.0,4,4.0,4.0,4,4.0,4.0,4.0,4.0,2.0,4.0,4,4.0,4.0,3.0,4.0,4,4.0,4,4,4,4.0,4.0,4,4.0,4.0,,4.0,4.0,4.0,3,4.0,4.0,4.0,4.0,4.0,4.0,4,4,4,4.0,4.0,4.0,4,4.0,3,4.0,4.0,3.0,,4.0,4,4.0,4,4.0,4.0,4,4.0,4.0,4.0,4.0,3.0,4.0,4.0,4.0,3.0,3.0,4.0,4,2.0,4.0,4.0,4.0,4.0,4.0,,4.0,,4.0,4.0,4.0,4.0,4.0,4.0,4.0,3.0,4.0,3.0,4.0,3.0,4.0,4.0,4.0,3.0,4.0,4.0,4.0,,4.0,4.0,1.0,,4.0,4.0,4.0,4.0,4.0,4.0,,4,3.0,4.0,28,7,1.33206106870229,-0.1969211258669414
3.0,3,2,3,4,3,3,3.0,3,0.0,4,3,3,3,3.0,3,3.0,4.0,3.0,0.0,4.0,3.0,3,3.0,3.0,3.0,3,3,2.0,4.0,1,3,3,3.0,3.0,3,3.0,3.0,3.0,3,3,3.0,3,3.0,3,3,3,3,3.0,3,3,4.0,3,4.0,4,4.0,3.0,3,3,2,3.0,3.0,3.0,4,3.0,2,2,4.0,3.0,4.0,3.0,3.0,2,3,3,2,3.0,3.0,3,3.0,3.0,3,2.0,3,4.0,3.0,3,3,3,4.0,3,3.0,3,3,3.0,3,3.0,2.0,3,3,3,3.0,3.0,3,3.0,3,4.0,0.0,3,3,3,3.0,3.0,3,3.0,3.0,3.0,3,4.0,3.0,3,4.0,3,3.0,3,3.0,3.0,4,3,3,3.0,3.0,3.0,3.0,2.0,3.0,3,3.0,3.0,4.0,2,3,3.0,3,4.0,3.0,3,3,3,4.0,3,3.0,2,3,3,3.0,3,3.0,3,3.0,3.0,3,1,3,3.0,4,1.0,3.0,4.0,3.0,3,3,3,3.0,3,3.0,3,3.0,3,3.0,3.0,3,3.0,3.0,3.0,3.0,4.0,3.0,3,3.0,3.0,3,3.0,3,3,3,3.0,4.0,4.0,4.0,3,4.0,3,3,2.0,3,3,4,4.0,3,4.0,4.0,3.0,3,3,3,4.0,3.0,3,3,4.0,3,3.0,3,3.0,3,3,3,4,3,3.0,3.0,3.0,2,3,3,3.0,3.0,3,4,3.0,3,4.0,4.0,4.0,3.0,2.0,3,3.0,3.0,3.0,3,3.0,4.0,4.0,3.0,4.0,3.0,3.0,3.0,4,3,3.0,4.0,3,3,3.0,3,4.0,3,3,4.0,4.0,3.0,3,3,3,3,4.0,3.0,3,3.0,3,3.0,3,3.0,4.0,3,3,3,4.0,3,3.0,4.0,3,4.0,3,3.0,4.0,4.0,3.0,4.0,3.0,3.0,4.0,3.0,4,4.0,4.0,3,2.0,3,3.0,3,3.0,3,3,3,4.0,3,1,3.0,4.0,3.0,1.0,2,3.0,4.0,3.0,3,2.0,3,3.0,3.0,3.0,4.0,4,3,3.0,4.0,3,3,3,4.0,3,4.0,3.0,4.0,4.0,4.0,4.0,3.0,3.0,3,3,3.0,3,3.0,4.0,4.0,4.0,4.0,3,3,4.0,3.0,3,3.0,3,3,3.0,3,3.0,4.0,4.0,2.0,3.0,3.0,3,3,3.0,3.0,3.0,4.0,3.0,3.0,3,3,3,4.0,4,3,3,3,3,4.0,3,0,3.0,1,3.0,2.0,3.0,3.0,4.0,0,3,3.0,3.0,2,3.0,3.0,3.0,0,2.0,3.0,3.0,3.0,3.0,3.0,3,3.0,4.0,3,2.0,4.0,3,3.0,3.0,4.0,3,4.0,3,3.0,3.0,3,3.0,3.0,4.0,4.0,3.0,4.0,4.0,4.0,3.0,3,3,3.0,3.0,3.0,3,3,3,3.0,2.0,3.0,2,3,3,3.0,3,3,3,3.0,3,3,4.0,3,3,3,4,3.0,2,3.0,3.0,3.0,3.0,3.0,3.0,3.0,3,3.0,3.0,3,4.0,3.0,3.0,3.0,3.0,1.0,3,3.0,3.0,3.0,3.0,3,3.0,3,3,3,4.0,4.0,3,3.0,4.0,4.0,3.0,4.0,4.0,3,3.0,4.0,3.0,3.0,3.0,4.0,3,3,3,3.0,3.0,3.0,3,3.0,3,3.0,4.0,4.0,4.0,3.0,3,4.0,3,3.0,4.0,3,3.0,4.0,4.0,4.0,3.0,3.0,3.0,3.0,3.0,3.0,3.0,4,3.0,4.0,4.0,2.0,4.0,3.0,4.0,3.0,1.0,3.0,3.0,3.0,3.0,3.0,4.0,4.0,4.0,4.0,3.0,4.0,4.0,4.0,4.0,4.0,4.0,4.0,3.0,3.0,4.0,3.0,3.0,4.0,4.0,4.0,3.0,4.0,4.0,4.0,3.0,4.0,3,3.0,4.0,29,7,1.1870660583217616,-0.4194462493476948
3.0,3,2,3,3,3,3,3.0,3,3.0,3,3,3,3,3.0,3,3.0,,3.0,3.0,3.0,1.0,3,3.0,3.0,3.0,3,2,3.0,3.0,3,3,2,2.0,3.0,3,3.0,3.0,2.0,3,3,3.0,3,3.0,3,3,3,3,3.0,3,2,3.0,3,3.0,3,,3.0,3,3,3,3.0,3.0,2.0,3,3.0,3,3,3.0,3.0,3.0,3.0,3.0,3,2,3,3,3.0,3.0,3,3.0,3.0,3,3.0,2,3.0,3.0,3,3,3,,3,3.0,3,1,3.0,3,3.0,3.0,2,3,3,3.0,3.0,3,3.0,3,,3.0,0,3,3,3.0,3.0,3,3.0,3.0,,3,3.0,3.0,3,3.0,3,3.0,3,3.0,3.0,3,3,3,3.0,3.0,3.0,3.0,3.0,3.0,3,3.0,3.0,,2,3,3.0,3,3.0,3.0,2,3,3,3.0,3,3.0,2,3,3,3.0,3,3.0,3,,3.0,3,3,3,3.0,3,3.0,3.0,3.0,3.0,3,3,1,3.0,3,3.0,2,3.0,3,2.0,3.0,3,3.0,0.0,3.0,3.0,3.0,3.0,3,3.0,3.0,3,,3,2,3,2.0,3.0,3.0,3.0,3,3.0,0,3,2.0,3,3,3,3.0,1,,,3.0,2,3,3,3.0,3.0,3,3,3.0,3,3.0,2,3.0,2,2,3,3,3,3.0,3.0,3.0,2,3,3,3.0,3.0,3,3,3.0,2,3.0,3.0,3.0,3.0,2.0,2,3.0,3.0,3.0,3,3.0,,3.0,3.0,,3.0,3.0,,3,3,3.0,3.0,3,3,,3,3.0,3,3,3.0,,3.0,3,3,3,2,,3.0,3,3.0,3,,3,3.0,3.0,2,3,3,3.0,3,3.0,,3,3.0,3,3.0,3.0,3.0,3.0,3.0,3.0,2.0,3.0,3.0,3,2.0,3.0,3,3.0,3,3.0,3,0.0,3,3,3,3.0,2,3,3.0,3.0,3.0,3.0,3,3.0,,3.0,3,3.0,3,3.0,3.0,3.0,1.0,3,3,3.0,,3,3,3,0.0,3,3.0,3.0,3.0,2.0,3.0,3.0,3.0,3.0,3,3,3.0,3,2.0,3.0,3.0,,3.0,3,3,3.0,3.0,3,3.0,3,3,3.0,3,3.0,,3.0,3.0,3.0,,3,3,3.0,3.0,3.0,3.0,3.0,3.0,3,3,2,3.0,3,3,3,3,3,3.0,3,3,3.0,3,3.0,3.0,3.0,3.0,3.0,3,3,3.0,3.0,3,3.0,3.0,3.0,0,,3.0,3.0,3.0,3.0,3.0,3,3.0,,3,3.0,3.0,3,3.0,,3.0,3,,3,3.0,,3,3.0,,3.0,3.0,3.0,3.0,,3.0,3.0,3,3,3.0,3.0,3.0,1,3,3,3.0,3.0,3.0,3,3,3,3.0,3,3,3,1.0,2,3,,2,3,3,3,3.0,3,3.0,2.0,3.0,3.0,3.0,3.0,3.0,2,3.0,3.0,3,3.0,3.0,3.0,3.0,3.0,3.0,3,3.0,3.0,3.0,3.0,3,,3,3,3,3.0,3.0,3,3.0,3.0,,3.0,,,3,3.0,3.0,3.0,3.0,1.0,,3,3,3,3.0,2.0,3.0,3,3.0,3,3.0,3.0,3.0,3.0,3.0,3,3.0,3,3.0,3.0,3,3.0,3.0,3.0,3.0,3.0,3.0,3.0,,3.0,3.0,3.0,3,3.0,3.0,,,3.0,3.0,3.0,3.0,,2.0,,3.0,3.0,3.0,3.0,,3.0,,,3.0,,,3.0,3.0,,,3.0,3.0,3.0,3.0,,3.0,,,,,3.0,3.0,3.0,,3,3.0,,30,7,1.329911404865701,-0.18906631825791717
3.0,2,3,2,3,3,3,3.0,3,3.0,3,3,2,2,3.0,3,3.0,,3.0,3.0,1.0,3.0,3,3.0,3.0,3.0,3,3,2.0,3.0,2,2,3,2.0,2.0,3,2.0,3.0,3.0,3,1,3.0,3,1.0,3,2,2,1,3.0,2,3,3.0,2,3.0,3,3.0,2.0,2,3,3,3.0,3.0,3.0,2,3.0,2,2,2.0,3.0,2.0,3.0,3.0,2,3,3,3,3.0,3.0,3,3.0,3.0,2,3.0,2,3.0,2.0,3,3,2,3.0,3,3.0,3,3,3.0,3,3.0,3.0,3,3,0,3.0,3.0,3,3.0,2,3.0,3.0,2,3,3,3.0,2.0,3,2.0,3.0,3.0,2,3.0,2.0,3,3.0,3,3.0,2,3.0,3.0,3,3,3,3.0,3.0,3.0,3.0,3.0,3.0,3,2.0,3.0,0.0,2,2,3.0,3,3.0,3.0,3,2,2,3.0,3,3.0,2,3,2,3.0,3,3.0,3,3.0,3.0,2,3,3,2.0,3,3.0,3.0,3.0,2.0,3,2,3,3.0,3,2.0,2,2.0,2,3.0,3.0,3,3.0,3.0,3.0,3.0,3.0,3.0,2,3.0,3.0,3,3.0,2,2,3,2.0,3.0,3.0,0.0,2,3.0,3,3,3.0,3,2,2,3.0,3,3.0,3.0,3.0,2,2,2,2.0,3.0,3,3,2.0,1,3.0,3,3.0,2,2,2,2,3,3.0,3.0,3.0,3,2,2,3.0,3.0,1,3,3.0,3,3.0,3.0,3.0,3.0,3.0,2,3.0,3.0,3.0,3,3.0,3.0,2.0,3.0,3.0,3.0,3.0,3.0,3,3,3.0,3.0,3,2,3.0,3,3.0,3,3,3.0,3.0,3.0,2,2,3,3,3.0,3.0,3,3.0,3,3.0,3,3.0,3.0,2,1,3,3.0,3,3.0,3.0,3,2.0,2,3.0,3.0,3.0,3.0,3.0,3.0,3.0,3.0,2.0,3,3.0,3.0,2,3.0,3,3.0,1,3.0,3,1,2,3.0,2,3,3.0,3.0,3.0,3.0,2,3.0,3.0,3.0,3,2.0,2,3.0,2.0,3.0,3.0,3,2,3.0,3.0,3,3,3,3.0,2,3.0,3.0,2.0,3.0,3.0,3.0,3.0,2.0,2,2,3.0,1,3.0,3.0,3.0,3.0,,0,3,3.0,3.0,3,3.0,3,2,3.0,3,3.0,3.0,3.0,2.0,3.0,3.0,0,3,3.0,3.0,3.0,3.0,1.0,3.0,3,3,3,3.0,3,3,3,3,2,3.0,3,3,3.0,3,3.0,3.0,3.0,3.0,3.0,3,3,3.0,3.0,2,3.0,3.0,3.0,3,3.0,3.0,3.0,3.0,3.0,3.0,3,3.0,3.0,2,1.0,3.0,3,3.0,3.0,3.0,3,3.0,3,3.0,3.0,2,3.0,3.0,2.0,3.0,3.0,3.0,3.0,3.0,2.0,3,3,3.0,3.0,3.0,3,3,2,3.0,3.0,2.0,3,2,2,3.0,2,3,2,3.0,3,3,,3,3,2,3,3.0,3,2.0,3.0,3.0,3.0,3.0,3.0,3.0,3,2.0,3.0,3,3.0,3.0,2.0,3.0,3.0,2.0,2,3.0,3.0,3.0,3.0,3,3.0,3,2,1,3.0,3.0,3,3.0,3.0,3.0,3.0,3.0,3.0,3,3.0,3.0,3.0,3.0,3.0,3.0,3,3,3,3.0,1.0,3.0,3,3.0,3,3.0,3.0,3.0,3.0,3.0,2,3.0,3,3.0,3.0,3,3.0,3.0,2.0,2.0,2.0,3.0,0.0,3.0,3.0,2.0,3.0,3,3.0,3.0,3.0,3.0,3.0,3.0,3.0,2.0,2.0,2.0,3.0,3.0,3.0,3.0,3.0,3.0,3.0,3.0,3.0,3.0,3.0,3.0,3.0,3.0,3.0,3.0,2.0,3.0,3.0,3.0,3.0,2.0,3.0,3.0,3.0,3.0,3.0,3.0,3.0,2.0,3,3.0,,31,7,1.1642746314972847,-0.306139826576395
3.0,2,3,3,3,1,3,3.0,3,,3,3,1,3,,3,3.0,,3.0,3.0,,3.0,3,3.0,3.0,3.0,3,3,3.0,3.0,3,3,3,3.0,3.0,2,3.0,3.0,3.0,3,3,3.0,3,3.0,3,3,3,3,3.0,3,3,3.0,3,3.0,3,3.0,3.0,3,3,3,3.0,3.0,3.0,3,3.0,2,3,3.0,,3.0,,,3,3,3,3,3.0,3.0,3,3.0,3.0,3,3.0,3,3.0,3.0,3,3,3,,3,3.0,3,2,,3,3.0,3.0,3,3,3,3.0,3.0,3,3.0,3,3.0,3.0,3,3,3,3.0,3.0,3,3.0,3.0,3.0,2,3.0,2.0,3,3.0,3,3.0,3,3.0,3.0,3,0,2,3.0,3.0,3.0,2.0,3.0,3.0,3,3.0,3.0,3.0,2,3,3.0,3,,3.0,2,3,3,3.0,3,3.0,3,3,3,3.0,3,,3,,3.0,3,2,3,3.0,3,3.0,3.0,,3.0,3,3,0,3.0,3,3.0,3,3.0,3,3.0,3.0,3,0.0,,3.0,,3.0,,1,3.0,3.0,2,2.0,3,3,3,,2.0,3.0,3.0,3,,3,3,3.0,2,3,3,3.0,3,3.0,3.0,3.0,3,3,3,1.0,3.0,3,3,3.0,3,3.0,3,3.0,3,3,3,3,3,,0.0,3.0,3,3,3,3.0,3.0,3,3,3.0,3,3.0,3.0,3.0,3.0,3.0,3,3.0,3.0,3.0,3,3.0,3.0,3.0,,3.0,,2.0,3.0,3,3,3.0,2.0,3,3,3.0,3,3.0,3,3,3.0,3.0,3.0,3,2,3,3,3.0,1.0,3,,3,3.0,3,3.0,3.0,3,3,3,3.0,3,3.0,,3,3.0,3,3.0,3.0,3.0,,,3.0,1.0,3.0,3.0,2,3.0,3.0,3,3.0,3,3.0,3,3.0,3,3,2,3.0,3,3,3.0,3.0,3.0,,3,3.0,3.0,3.0,3,3.0,2,3.0,3.0,3.0,3.0,3,3,3.0,0.0,2,2,3,3.0,3,3.0,3.0,3.0,3.0,3.0,,3.0,3.0,3,3,2.0,3,3.0,3.0,3.0,,,3,3,,3.0,3,3.0,3,3,3.0,3,3.0,3.0,3.0,3.0,3.0,3.0,3,3,,3.0,3.0,3.0,3.0,3.0,3,3,3,3.0,3,3,3,3,3,3.0,2,3,3.0,1,3.0,3.0,3.0,3.0,3.0,3,3,3.0,3.0,3,3.0,3.0,,3,3.0,1.0,3.0,3.0,3.0,3.0,3,3.0,,3,3.0,,3,3.0,,,3,3.0,3,3.0,3.0,3,3.0,,3.0,3.0,3.0,3.0,,,3.0,3,3,3.0,3.0,3.0,3,3,3,3.0,3.0,,3,3,3,3.0,3,3,3,3.0,3,3,,3,3,3,3,,3,3.0,,,3.0,,,3.0,3,,,3,3.0,3.0,,3.0,3.0,3.0,3,3.0,3.0,2.0,,3,,3,3,3,,,3,3.0,3.0,,,3.0,3.0,3,3.0,3.0,3.0,3.0,,0.0,3,3,3,3.0,3.0,2.0,3,3.0,3,,3.0,3.0,,3.0,3,3.0,2,3.0,3.0,2,,3.0,3.0,3.0,3.0,3.0,2.0,3.0,3.0,3.0,3.0,3,3.0,3.0,,,,,,3.0,,,3.0,3.0,3.0,2.0,3.0,,3.0,3.0,3.0,3.0,3.0,,,3.0,,3.0,3.0,3.0,,3.0,3.0,,,,3.0,,,,3.0,3.0,3,3.0,,32,7,1.4114384748700173,-0.1298019492194761
3.0,3,3,3,3,2,3,3.0,3,3.0,3,1,3,3,,3,3.0,,3.0,3.0,3.0,,2,3.0,3.0,3.0,3,3,3.0,3.0,3,2,3,,3.0,3,3.0,3.0,3.0,3,3,3.0,3,3.0,3,3,3,3,3.0,3,3,3.0,3,3.0,3,3.0,3.0,3,3,3,,3.0,3.0,3,3.0,2,3,3.0,,3.0,,,3,3,3,3,3.0,3.0,3,3.0,3.0,3,3.0,3,,,3,3,3,,3,3.0,3,3,3.0,3,3.0,3.0,3,3,3,3.0,3.0,2,2.0,3,3.0,3.0,3,3,3,3.0,3.0,3,3.0,3.0,3.0,3,3.0,3.0,3,2.0,3,2.0,3,3.0,3.0,3,3,3,3.0,,3.0,3.0,3.0,3.0,3,2.0,3.0,3.0,3,2,3.0,3,,3.0,3,3,3,,3,3.0,3,3,3,3.0,3,3.0,3,3.0,1.0,3,2,3,3.0,3,3.0,,3.0,0.0,3,3,3,,3,3.0,3,,3,3.0,3.0,3,,3.0,3.0,3.0,3.0,,3,3.0,3.0,3,3.0,2,3,3,3.0,3.0,,3.0,3,2.0,3,2,2.0,3,3,3,3.0,3,3.0,,3.0,3,3,3,3.0,,3,3,0.0,3,3.0,3,3.0,3,2,3,2,3,3.0,3.0,3.0,3,3,3,3.0,3.0,3,3,3.0,3,3.0,3.0,,3.0,3.0,3,3.0,2.0,3.0,3,2.0,,,,,,3.0,3.0,3,3,3.0,3.0,3,3,3.0,3,,3,3,,3.0,3.0,3,3,3,2,3.0,3.0,3,,3,3.0,3,3.0,,3,3,3,3.0,3,3.0,3.0,3,3.0,3,,3.0,,3.0,3.0,3.0,,3.0,3.0,3,3.0,3.0,3,3.0,3,,0,3.0,3,3,3,3.0,3,3,3.0,3.0,3.0,3.0,3,3.0,3.0,,3,3.0,3,3.0,3.0,3.0,3.0,3,1,3.0,3.0,3,3,3,3.0,2,,3.0,3.0,3.0,3.0,3.0,3.0,3.0,3,3,3.0,3,3.0,3.0,3.0,3.0,,3,3,3.0,3.0,3,3.0,3,3,3.0,3,3.0,3.0,3.0,3.0,,3.0,2,3,3.0,3.0,3.0,3.0,3.0,3.0,2,3,3,3.0,3,1,3,3,3,,3,3,3.0,3,3.0,3.0,3.0,3.0,,3,3,3.0,,3,3.0,3.0,3.0,3,3.0,3.0,3.0,3.0,3.0,,3,3.0,,3,3.0,3.0,3,3.0,3.0,,3,3.0,1,,,3,3.0,0.0,3.0,0.0,3.0,3.0,,,3.0,3,3,3.0,3.0,2.0,3,3,2,3.0,3.0,3.0,3,3,3,,3,3,3,3.0,3,3,,3,3,3,3,3.0,3,,3.0,3.0,,3.0,3.0,3.0,3,3.0,3.0,3,3.0,3.0,3.0,3.0,3.0,3.0,3,3.0,3.0,3.0,,3,,3,2,3,3.0,,3,3.0,3.0,,3.0,2.0,3.0,3,1.0,3.0,3.0,3.0,3.0,2.0,3,3,3,3.0,,,1,,3,2.0,3.0,3.0,,3.0,3,3.0,3,,,3,3.0,,1.0,3.0,2.0,3.0,3.0,3.0,3.0,2.0,3.0,3,,3.0,3.0,,3.0,3.0,,3.0,3.0,3.0,0.0,3.0,3.0,3.0,3.0,,3.0,3.0,3.0,3.0,3.0,,3.0,3.0,,3.0,2.0,,,3.0,3.0,3.0,,,3.0,3.0,,3.0,3.0,3.0,3,3.0,,33,7,1.3915881073241478,-0.042471328045651964
3.0,3,3,3,3,3,3,0.0,3,3.0,3,2,2,3,3.0,3,3.0,,3.0,3.0,3.0,3.0,3,3.0,3.0,3.0,2,3,3.0,3.0,3,3,3,3.0,3.0,3,3.0,3.0,2.0,3,3,3.0,3,3.0,3,3,2,3,3.0,3,3,3.0,3,3.0,3,3.0,3.0,3,3,3,3.0,3.0,1.0,1,3.0,2,3,3.0,,2.0,3.0,3.0,3,3,3,3,3.0,3.0,3,3.0,3.0,3,3.0,3,3.0,3.0,2,3,3,,3,3.0,3,3,3.0,3,3.0,3.0,3,2,2,3.0,3.0,2,3.0,3,3.0,,3,3,2,3.0,3.0,3,3.0,3.0,3.0,2,3.0,3.0,3,3.0,3,,3,3.0,3.0,3,3,3,3.0,3.0,3.0,3.0,3.0,3.0,3,3.0,3.0,3.0,3,3,3.0,3,3.0,3.0,3,3,3,3.0,3,,3,3,3,3.0,3,3.0,3,3.0,3.0,0,0,3,3.0,2,,,3.0,3.0,3,3,3,3.0,2,3.0,3,3.0,3,3.0,3.0,3,3.0,3.0,3.0,3.0,3.0,,1,2.0,3.0,3,1.0,3,3,3,3.0,3.0,3.0,3.0,3,3.0,3,3,3.0,3,3,3,3.0,3,3.0,3.0,3.0,2,3,3,3.0,3.0,3,3,3.0,3,2.0,3,3.0,2,3,3,3,2,3.0,3.0,3.0,3,3,3,3.0,3.0,3,3,3.0,3,3.0,3.0,3.0,3.0,3.0,2,3.0,3.0,3.0,3,3.0,3.0,3.0,3.0,3.0,3.0,3.0,3.0,2,3,3.0,3.0,3,3,3.0,3,3.0,3,3,3.0,3.0,3.0,3,3,1,2,3.0,3.0,3,,3,0.0,2,3.0,3.0,3,3,3,3.0,3,3.0,3.0,3,3.0,0,3.0,2.0,,3.0,,3.0,3.0,2.0,3.0,3,3.0,3.0,3,3.0,3,3.0,3,3.0,3,1,3,,2,3,3.0,3.0,3.0,3.0,3,3.0,3.0,3.0,3,3.0,3,3.0,2.0,3.0,3.0,3,3,3.0,3.0,2,3,3,3.0,3,3.0,3.0,3.0,3.0,3.0,3.0,3.0,3.0,3,3,3.0,3,3.0,3.0,3.0,3.0,,3,3,2.0,3.0,3,3.0,3,3,2.0,3,3.0,3.0,3.0,3.0,3.0,3.0,3,3,3.0,3.0,3.0,3.0,3.0,3.0,3,3,3,3.0,3,3,3,3,2,3.0,3,3,3.0,3,3.0,3.0,3.0,2.0,3.0,3,3,3.0,3.0,3,3.0,3.0,3.0,3,3.0,3.0,2.0,3.0,3.0,,3,3.0,,3,2.0,3.0,3,3.0,3.0,,3,3.0,3,3.0,1.0,3,3.0,3.0,3.0,3.0,3.0,3.0,,3.0,3.0,2,3,3.0,3.0,3.0,3,3,3,3.0,3.0,3.0,3,3,3,3.0,3,3,3,3.0,1,3,,3,3,3,3,3.0,3,2.0,3.0,3.0,3.0,2.0,,3.0,3,3.0,3.0,3,3.0,3.0,3.0,3.0,3.0,3.0,3,2.0,3.0,3.0,,3,3.0,3,0,3,3.0,2.0,3,3.0,2.0,,3.0,3.0,3.0,3,3.0,3.0,3.0,3.0,3.0,3.0,3,3,3,3.0,3.0,,3,3.0,3,3.0,3.0,3.0,,3.0,3,3.0,3,3.0,3.0,3,3.0,3.0,3.0,3.0,3.0,3.0,3.0,2.0,3.0,3.0,3.0,3,3.0,3.0,3.0,,3.0,3.0,,3.0,,,3.0,3.0,3.0,3.0,3.0,3.0,3.0,3.0,3.0,3.0,,,3.0,3.0,,3.0,3.0,3.0,3.0,3.0,3.0,3.0,,,3.0,,3.0,3.0,3.0,3.0,3,3.0,,34,7,1.3304503020318506,-0.17576672979886404
3.0,3,3,3,3,3,3,3.0,2,,3,3,2,3,3.0,3,3.0,,3.0,3.0,,,3,3.0,3.0,3.0,2,3,3.0,,3,3,3,3.0,3.0,3,3.0,3.0,3.0,3,3,3.0,3,3.0,3,3,2,3,,3,3,0.0,2,,3,3.0,3.0,3,3,3,3.0,3.0,3.0,3,,3,1,3.0,,3.0,3.0,,3,3,3,3,3.0,3.0,3,,,3,3.0,2,3.0,3.0,3,3,3,,3,3.0,3,3,3.0,3,3.0,3.0,3,3,3,3.0,3.0,3,1.0,3,,,2,3,3,3.0,3.0,3,3.0,3.0,3.0,3,3.0,3.0,3,3.0,3,3.0,3,3.0,1.0,3,3,3,,3.0,3.0,3.0,3.0,3.0,3,3.0,3.0,3.0,3,2,3.0,3,3.0,0.0,3,3,3,2.0,3,3.0,3,3,3,3.0,3,3.0,3,,3.0,3,3,3,2.0,3,3.0,,,2.0,3,3,3,3.0,3,3.0,3,3.0,3,3.0,3.0,3,3.0,,3.0,2.0,3.0,,2,2.0,0.0,3,,3,3,3,3.0,3.0,3.0,3.0,3,3.0,3,3,,3,3,1,3.0,3,,,3.0,3,3,3,3.0,3.0,3,3,3.0,3,2.0,3,3.0,3,3,2,3,3,3.0,3.0,3.0,3,3,3,3.0,,3,3,3.0,3,3.0,3.0,3.0,3.0,3.0,2,3.0,3.0,3.0,3,2.0,,,3.0,3.0,3.0,3.0,3.0,3,3,3.0,3.0,2,1,,3,,2,3,3.0,3.0,3.0,3,3,3,2,3.0,3.0,3,,3,2.0,3,3.0,,3,3,3,3.0,3,,1.0,3,3.0,3,3.0,3.0,,3.0,3.0,,3.0,3.0,3.0,3,3.0,3.0,3,3.0,3,3.0,3,3.0,3,2,3,3.0,3,3,,3.0,3.0,3.0,2,3.0,3.0,3.0,3,3.0,3,3.0,3.0,3.0,,3,3,,3.0,3,3,3,3.0,3,,,,3.0,2.0,,,3.0,3,3,3.0,3,3.0,3.0,3.0,3.0,,3,3,3.0,3.0,3,2.0,0,3,3.0,3,,3.0,3.0,3.0,3.0,3.0,3,3,,3.0,3.0,3.0,3.0,3.0,3,3,3,,3,3,3,3,1,3.0,3,3,3.0,3,3.0,3.0,3.0,2.0,,3,3,,3.0,2,3.0,3.0,3.0,3,3.0,,2.0,3.0,3.0,2.0,3,3.0,,3,3.0,,3,3.0,,,3,3.0,3,,3.0,3,3.0,0.0,3.0,3.0,3.0,3.0,,3.0,3.0,3,3,3.0,,3.0,3,3,3,,3.0,3.0,3,3,3,3.0,3,3,3,3.0,3,3,,3,3,3,3,3.0,3,3.0,,3.0,3.0,3.0,3.0,3.0,3,,3.0,3,,,3.0,3.0,3.0,3.0,3,3.0,3.0,3.0,,3,,3,3,3,,3.0,3,3.0,3.0,,3.0,3.0,3.0,3,3.0,3.0,3.0,3.0,3.0,3.0,3,3,3,3.0,3.0,,3,3.0,3,3.0,3.0,3.0,,3.0,3,,3,3.0,3.0,3,3.0,3.0,3.0,3.0,3.0,3.0,2.0,3.0,3.0,3.0,3.0,3,3.0,3.0,3.0,,,3.0,,3.0,,3.0,3.0,0.0,3.0,3.0,3.0,,3.0,,3.0,3.0,3.0,,3.0,3.0,,3.0,3.0,3.0,,3.0,3.0,3.0,,,,,2.0,3.0,,,3,3.0,,35,7,1.3771807397069087,-0.11741365092501732
3.0,3,3,3,3,3,3,3.0,3,4.0,3,3,2,3,3.0,3,3.0,4.0,3.0,3.0,3.0,1.0,3,3.0,3.0,3.0,4,3,3.0,3.0,3,3,3,3.0,3.0,3,4.0,3.0,3.0,0,4,3.0,3,3.0,3,3,3,2,3.0,2,3,3.0,3,4.0,3,4.0,3.0,3,3,3,3.0,4.0,3.0,3,3.0,3,3,3.0,4.0,3.0,4.0,3.0,3,0,3,3,3.0,3.0,3,4.0,4.0,0,3.0,3,2.0,3.0,3,3,3,4.0,3,3.0,3,3,3.0,3,4.0,4.0,3,3,3,3.0,3.0,3,3.0,3,4.0,3.0,3,3,3,3.0,3.0,3,3.0,3.0,4.0,3,3.0,3.0,3,4.0,4,4.0,3,3.0,3.0,3,3,3,3.0,4.0,3.0,3.0,3.0,3.0,3,3.0,4.0,4.0,3,3,3.0,3,4.0,3.0,3,3,3,0.0,3,2.0,2,3,3,3.0,3,3.0,3,3.0,3.0,3,4,3,3.0,3,3.0,3.0,3.0,3.0,3,3,3,3.0,3,3.0,3,3.0,4,3.0,4.0,1,3.0,4.0,3.0,3.0,3.0,3.0,4,4.0,3.0,3,4.0,3,0,3,3.0,3.0,4.0,4.0,3,4.0,3,3,3.0,3,3,3,2.0,3,4.0,4.0,4.0,3,3,3,3.0,3.0,3,3,3.0,3,3.0,3,3.0,3,4,2,3,3,3.0,4.0,3.0,3,3,3,3.0,3.0,3,3,3.0,3,4.0,3.0,4.0,3.0,2.0,3,4.0,4.0,3.0,3,3.0,4.0,2.0,3.0,1.0,4.0,3.0,3.0,3,3,3.0,4.0,3,3,4.0,3,4.0,3,3,3.0,4.0,3.0,3,3,3,2,4.0,4.0,3,3.0,3,4.0,3,3.0,4.0,2,3,3,4.0,3,3.0,4.0,3,4.0,3,3.0,3.0,4.0,3.0,4.0,3.0,3.0,3.0,3.0,3,4.0,4.0,3,4.0,2,4.0,3,3.0,3,3,3,3.0,3,3,4.0,3.0,3.0,3.0,3,3.0,3.0,3.0,3,4.0,3,3.0,4.0,3.0,3.0,3,3,4.0,3.0,3,3,3,4.0,3,3.0,3.0,4.0,4.0,4.0,4.0,3.0,4.0,3,3,3.0,3,3.0,3.0,3.0,4.0,4.0,2,3,3.0,3.0,3,3.0,3,3,4.0,2,3.0,4.0,3.0,3.0,3.0,4.0,3,3,4.0,3.0,3.0,3.0,3.0,2.0,3,3,3,3.0,3,2,3,3,3,3.0,3,3,3.0,2,3.0,3.0,3.0,3.0,3.0,3,3,3.0,3.0,3,2.0,4.0,3.0,3,4.0,3.0,2.0,3.0,4.0,3.0,3,4.0,3.0,3,4.0,3.0,3,4.0,0.0,4.0,3,4.0,3,4.0,3.0,3,2.0,3.0,3.0,4.0,3.0,3.0,4.0,3.0,3.0,4,3,4.0,3.0,4.0,1,3,3,4.0,3.0,3.0,2,3,3,3.0,3,3,3,3.0,3,3,4.0,3,2,3,4,3.0,3,3.0,3.0,3.0,3.0,3.0,3.0,3.0,3,2.0,3.0,3,3.0,3.0,1.0,3.0,4.0,3.0,3,3.0,3.0,3.0,2.0,3,4.0,3,3,3,4.0,4.0,3,3.0,3.0,4.0,3.0,4.0,4.0,3,3.0,4.0,3.0,3.0,3.0,3.0,3,3,1,3.0,3.0,3.0,3,3.0,4,2.0,4.0,4.0,4.0,4.0,3,3.0,3,3.0,3.0,3,3.0,3.0,4.0,4.0,3.0,3.0,3.0,4.0,3.0,4.0,3.0,3,3.0,3.0,4.0,4.0,3.0,4.0,4.0,4.0,4.0,4.0,3.0,3.0,3.0,3.0,3.0,3.0,3.0,4.0,4.0,4.0,4.0,4.0,3.0,4.0,3.0,3.0,4.0,3.0,4.0,3.0,4.0,4.0,4.0,4.0,4.0,4.0,4.0,3.0,4.0,4.0,3,4.0,4.0,36,7,1.2006360806604413,-0.47515098123740696
3.0,3,3,3,2,2,2,3.0,3,3.0,2,3,2,3,3.0,3,3.0,3.0,3.0,3.0,3.0,3.0,3,3.0,3.0,3.0,3,3,3.0,3.0,3,2,3,2.0,3.0,3,3.0,3.0,3.0,3,3,3.0,3,3.0,2,3,2,3,3.0,3,3,3.0,2,2.0,3,2.0,3.0,3,2,3,3.0,3.0,2.0,3,3.0,3,3,3.0,3.0,3.0,3.0,3.0,3,3,2,3,3.0,2.0,3,3.0,3.0,1,2.0,3,3.0,3.0,2,3,3,3.0,3,3.0,3,3,3.0,2,3.0,3.0,2,3,2,3.0,3.0,2,3.0,3,3.0,3.0,3,3,3,3.0,3.0,3,3.0,3.0,3.0,3,3.0,3.0,3,3.0,3,3.0,3,3.0,3.0,3,3,2,3.0,3.0,3.0,3.0,3.0,3.0,3,3.0,3.0,3.0,2,2,3.0,3,2.0,3.0,3,3,3,2.0,3,3.0,3,3,3,3.0,3,3.0,2,3.0,3.0,3,3,2,3.0,3,3.0,3.0,3.0,3.0,1,1,3,3.0,3,3.0,2,2.0,1,3.0,3.0,2,2.0,3.0,3.0,3.0,3.0,3.0,3,3.0,3.0,2,3.0,2,2,3,2.0,3.0,3.0,3.0,2,3.0,2,2,3.0,3,2,3,3.0,3,3.0,3.0,3.0,3,2,2,2.0,3.0,2,2,3.0,1,2.0,3,3.0,2,3,3,3,3,3.0,3.0,3.0,2,3,3,3.0,3.0,2,2,3.0,3,3.0,3.0,3.0,3.0,2.0,3,3.0,3.0,3.0,3,2.0,3.0,3.0,3.0,3.0,3.0,3.0,3.0,3,2,3.0,0.0,2,3,3.0,3,3.0,3,2,2.0,3.0,3.0,3,3,3,3,3.0,3.0,2,3.0,3,3.0,2,3.0,3.0,2,2,2,1.0,3,3.0,3.0,3,3.0,2,3.0,3.0,3.0,3.0,3.0,3.0,0.0,2.0,3.0,3,3.0,3.0,2,3.0,3,2.0,3,3.0,2,2,3,3.0,2,3,3.0,3.0,3.0,3.0,2,3.0,3.0,3.0,3,3.0,2,3.0,3.0,3.0,3.0,3,0,2.0,3.0,2,2,3,3.0,2,3.0,3.0,3.0,3.0,3.0,3.0,3.0,3.0,0,3,1.0,3,3.0,3.0,3.0,3.0,,3,3,3.0,3.0,3,3.0,3,3,3.0,2,3.0,2.0,3.0,3.0,3.0,3.0,2,3,3.0,3.0,3.0,3.0,0.0,3.0,2,3,3,3.0,2,2,3,2,1,3.0,2,3,3.0,3,3.0,3.0,3.0,2.0,3.0,3,3,3.0,3.0,2,3.0,3.0,3.0,3,3.0,3.0,3.0,2.0,3.0,3.0,2,3.0,3.0,3,2.0,3.0,3,3.0,3.0,3.0,3,3.0,2,3.0,1.0,3,3.0,3.0,3.0,3.0,3.0,3.0,,3.0,3.0,3,2,3.0,3.0,3.0,3,3,3,3.0,3.0,3.0,3,3,2,3.0,1,3,3,2.0,3,3,,3,2,3,3,3.0,2,2.0,3.0,2.0,3.0,3.0,2.0,3.0,3,3.0,3.0,3,3.0,3.0,3.0,3.0,3.0,3.0,3,3.0,2.0,1.0,3.0,3,3.0,2,3,2,3.0,3.0,3,3.0,3.0,3.0,3.0,3.0,3.0,3,3.0,3.0,3.0,3.0,3.0,3.0,2,2,3,3.0,3.0,3.0,3,3.0,2,3.0,3.0,3.0,3.0,2.0,3,2.0,3,3.0,3.0,3,3.0,3.0,3.0,3.0,3.0,2.0,3.0,3.0,3.0,1.0,3.0,3,3.0,1.0,3.0,,3.0,0.0,3.0,3.0,3.0,3.0,3.0,3.0,2.0,3.0,3.0,3.0,3.0,3.0,3.0,3.0,3.0,,3.0,3.0,3.0,3.0,3.0,3.0,3.0,3.0,2.0,3.0,3.0,3.0,3.0,3.0,3.0,3.0,3.0,2.0,3,3.0,,37,7,1.1681911262798634,-0.3613271057387758
3.0,3,3,4,3,3,3,3.0,4,4.0,4,4,1,4,4.0,4,3.0,4.0,4.0,4.0,4.0,4.0,4,3.0,3.0,2.0,4,3,4.0,4.0,3,3,4,3.0,4.0,3,4.0,4.0,4.0,3,4,4.0,3,4.0,3,3,3,4,4.0,3,3,4.0,4,4.0,4,3.0,4.0,3,3,4,4.0,3.0,4.0,3,3.0,3,3,4.0,4.0,3.0,4.0,4.0,3,4,3,3,3.0,4.0,3,4.0,4.0,3,4.0,4,4.0,3.0,3,4,3,4.0,3,4.0,3,4,3.0,3,3.0,2.0,4,0,4,4.0,4.0,3,3.0,3,4.0,4.0,3,4,3,3.0,3.0,3,3.0,3.0,1.0,3,3.0,3.0,3,0.0,4,4.0,4,3.0,3.0,3,4,3,4.0,4.0,3.0,3.0,4.0,4.0,3,3.0,4.0,3.0,4,3,4.0,3,4.0,3.0,2,3,3,4.0,3,4.0,3,3,3,3.0,3,3.0,3,4.0,3.0,3,3,3,3.0,3,4.0,4.0,4.0,3.0,3,3,3,1.0,4,3.0,4,4.0,4,3.0,4.0,3,4.0,4.0,4.0,4.0,4.0,4.0,3,4.0,4.0,3,4.0,4,3,3,4.0,4.0,4.0,4.0,3,4.0,4,3,4.0,3,2,4,4.0,4,4.0,4.0,4.0,4,3,3,4.0,4.0,4,3,4.0,4,4.0,4,4.0,3,3,3,3,3,3.0,3.0,4.0,4,4,4,4.0,3.0,4,4,4.0,3,4.0,4.0,4.0,4.0,3.0,3,3.0,4.0,4.0,3,4.0,4.0,3.0,4.0,4.0,4.0,3.0,4.0,3,3,0.0,4.0,3,3,4.0,3,4.0,3,3,4.0,4.0,4.0,3,3,3,3,3.0,3.0,3,4.0,4,4.0,4,4.0,4.0,3,2,3,4.0,3,3.0,4.0,2,4.0,4,4.0,4.0,4.0,4.0,3.0,4.0,4.0,3.0,4.0,3,4.0,4.0,4,2.0,2,4.0,3,3.0,4,3,4,4.0,3,3,4.0,3.0,3.0,0.0,4,4.0,4.0,4.0,3,3.0,3,4.0,3.0,4.0,3.0,3,4,3.0,4.0,4,3,3,3.0,3,4.0,4.0,4.0,4.0,0.0,4.0,4.0,4.0,3,3,4.0,3,4.0,3.0,1.0,4.0,4.0,4,4,4.0,3.0,3,3.0,4,4,3.0,3,4.0,4.0,4.0,4.0,4.0,4.0,3,3,4.0,4.0,4.0,4.0,3.0,3.0,4,3,3,2.0,3,4,3,4,4,3.0,3,4,4.0,4,3.0,4.0,4.0,3.0,4.0,4,2,3.0,4.0,4,4.0,4.0,4.0,4,4.0,3.0,4.0,4.0,4.0,4.0,3,4.0,4.0,3,4.0,4.0,4,4.0,4.0,4.0,4,3.0,4,4.0,4.0,4,3.0,4.0,3.0,3.0,4.0,3.0,4.0,4.0,4.0,3,4,3.0,4.0,4.0,4,4,4,4.0,4.0,4.0,3,4,4,4.0,3,3,3,4.0,4,4,4.0,4,4,4,4,4.0,4,4.0,4.0,4.0,4.0,4.0,4.0,4.0,4,4.0,4.0,4,4.0,4.0,4.0,4.0,3.0,4.0,4,4.0,4.0,4.0,4.0,4,4.0,4,2,4,4.0,4.0,4,4.0,3.0,4.0,3.0,4.0,3.0,4,4.0,3.0,4.0,4.0,4.0,4.0,4,3,3,4.0,3.0,4.0,3,4.0,4,3.0,4.0,3.0,4.0,4.0,4,2.0,3,4.0,4.0,3,4.0,4.0,1.0,4.0,3.0,3.0,3.0,4.0,4.0,0.0,1.0,4,4.0,4.0,4.0,4.0,4.0,3.0,4.0,4.0,4.0,4.0,3.0,4.0,4.0,4.0,4.0,4.0,4.0,4.0,4.0,4.0,4.0,4.0,3.0,3.0,4.0,3.0,2.0,4.0,4.0,4.0,4.0,4.0,4.0,4.0,4.0,4.0,4.0,4.0,4.0,4.0,3,3.0,4.0,38,7,1.1882075471698113,-0.338338772278488
2.0,3,2,3,3,2,2,2.0,0,3.0,3,3,2,3,2.0,3,3.0,,3.0,3.0,3.0,3.0,3,3.0,1.0,3.0,3,1,3.0,1.0,3,3,1,2.0,3.0,3,3.0,3.0,3.0,1,3,3.0,3,3.0,3,3,3,3,3.0,3,3,3.0,3,3.0,3,3.0,3.0,3,3,3,3.0,,3.0,3,3.0,3,3,3.0,3.0,3.0,3.0,3.0,3,3,3,3,3.0,3.0,3,3.0,3.0,1,3.0,3,3.0,3.0,3,3,3,,3,3.0,3,3,3.0,3,3.0,3.0,3,3,3,3.0,3.0,3,3.0,3,3.0,3.0,2,3,3,3.0,3.0,3,3.0,,3.0,3,,3.0,3,3.0,3,3.0,3,3.0,3.0,3,3,3,3.0,3.0,3.0,3.0,3.0,3.0,3,3.0,3.0,,3,3,3.0,3,3.0,3.0,3,3,3,3.0,3,3.0,2,2,3,3.0,3,3.0,2,3.0,3.0,3,3,3,3.0,3,3.0,3.0,3.0,3.0,2,3,3,2.0,3,3.0,3,3.0,3,0.0,3.0,2,3.0,1.0,3.0,3.0,3.0,3.0,3,,3.0,3,,3,3,3,3.0,3.0,3.0,3.0,3,,3,3,3.0,3,2,3,3.0,3,,,,3,3,2,3.0,3.0,3,3,,3,3.0,3,3.0,3,3,2,3,3,3.0,,3.0,3,3,3,3.0,3.0,3,3,3.0,3,3.0,3.0,,3.0,2.0,3,,3.0,,3,3.0,,3.0,3.0,,,3.0,,3,3,3.0,,2,3,3.0,3,,3,3,3.0,,,3,3,3,3,,3.0,3,3.0,3,3.0,3,3.0,,2,1,3,3.0,3,0.0,,3,,3,2.0,,,3.0,,3.0,3.0,3.0,3.0,3,,3.0,3,3.0,3,,3,3.0,3,3,3,3.0,3,3,,3.0,3.0,3.0,2,3.0,3.0,3.0,3,3.0,3,3.0,3.0,3.0,3.0,2,3,3.0,3.0,3,3,3,,3,3.0,3.0,3.0,3.0,3.0,3.0,,2.0,3,3,3.0,3,3.0,3.0,3.0,,,2,3,0.0,3.0,3,3.0,2,3,,1,3.0,,3.0,3.0,3.0,3.0,3,3,,3.0,3.0,,3.0,3.0,3,3,3,3.0,3,2,3,3,2,3.0,3,2,3.0,3,3.0,3.0,3.0,3.0,3.0,3,3,2.0,3.0,3,3.0,3.0,3.0,3,3.0,3.0,3.0,3.0,3.0,3.0,2,,3.0,3,,3.0,3,3.0,3.0,0.0,3,3.0,3,3.0,3.0,3,3.0,3.0,3.0,3.0,,,,3.0,3.0,3,3,3.0,3.0,3.0,2,3,3,,3.0,3.0,2,3,3,3.0,3,2,3,3.0,3,3,,3,3,3,3,3.0,2,3.0,3.0,3.0,3.0,3.0,3.0,3.0,3,3.0,,3,3.0,3.0,3.0,3.0,3.0,2.0,3,1.0,3.0,3.0,3.0,3,,3,3,3,,,3,3.0,3.0,,3.0,3.0,3.0,3,3.0,3.0,3.0,3.0,2.0,,3,2,3,3.0,3.0,3.0,3,3.0,3,3.0,3.0,3.0,,3.0,3,3.0,2,3.0,3.0,3,3.0,3.0,,3.0,3.0,3.0,3.0,,3.0,3.0,3.0,3,3.0,,3.0,,,3.0,,3.0,,3.0,3.0,3.0,3.0,,3.0,,2.0,,3.0,,,,3.0,,3.0,3.0,3.0,3.0,,2.0,3.0,3.0,,,3.0,,0.0,3.0,3.0,,3,3.0,,39,7,1.2909323479249573,-0.1141482900844859
3.0,3,4,4,3,4,3,4.0,4,4.0,4,4,0,3,4.0,4,4.0,4.0,4.0,4.0,4.0,4.0,4,2.0,4.0,4.0,3,4,4.0,3.0,3,3,4,4.0,3.0,3,4.0,4.0,4.0,4,4,4.0,3,3.0,4,4,3,4,4.0,4,4,0.0,4,4.0,4,4.0,4.0,3,4,4,4.0,3.0,3.0,3,3.0,3,3,4.0,4.0,3.0,4.0,4.0,4,4,3,3,4.0,4.0,3,4.0,4.0,3,4.0,3,4.0,4.0,3,4,3,4.0,4,3.0,4,4,4.0,3,4.0,4.0,3,3,4,4.0,3.0,4,3.0,3,4.0,4.0,3,4,3,4.0,3.0,3,3.0,2.0,2.0,3,3.0,3.0,4,3.0,4,4.0,3,3.0,4.0,4,4,3,4.0,4.0,4.0,4.0,4.0,4.0,4,4.0,4.0,4.0,3,0,4.0,4,3.0,3.0,3,4,4,4.0,4,4.0,3,3,4,4.0,4,4.0,3,4.0,4.0,1,3,3,4.0,4,4.0,4.0,4.0,3.0,3,3,3,3.0,4,3.0,4,4.0,4,4.0,4.0,3,4.0,4.0,4.0,4.0,4.0,4.0,3,4.0,4.0,4,4.0,3,3,4,4.0,3.0,4.0,4.0,3,4.0,4,4,4.0,3,3,4,4.0,4,4.0,4.0,4.0,3,3,4,3.0,4.0,3,4,3.0,3,4.0,4,4.0,3,2,4,4,2,4.0,3.0,4.0,4,4,3,4.0,4.0,4,3,3.0,4,4.0,4.0,4.0,3.0,4.0,3,3.0,4.0,4.0,3,3.0,4.0,4.0,4.0,3.0,4.0,3.0,4.0,3,3,3.0,4.0,3,3,4.0,4,4.0,3,4,4.0,4.0,4.0,4,4,3,3,4.0,4.0,3,4.0,4,3.0,1,4.0,4.0,4,0,4,4.0,4,3.0,0.0,4,4.0,3,4.0,4.0,4.0,4.0,4.0,4.0,3.0,4.0,3.0,4,4.0,4.0,4,4.0,4,4.0,3,3.0,3,3,4,4.0,3,3,4.0,3.0,3.0,4.0,4,2.0,4.0,4.0,4,3.0,4,4.0,3.0,4.0,4.0,4,4,4.0,3.0,3,3,4,3.0,4,4.0,4.0,4.0,4.0,4.0,4.0,4.0,4.0,4,3,3.0,3,4.0,4.0,3.0,4.0,4.0,4,3,4.0,4.0,3,2.0,3,4,3.0,4,4.0,4.0,3.0,4.0,4.0,3.0,3,4,4.0,4.0,3.0,4.0,3.0,4.0,4,4,4,4.0,4,2,4,4,4,4.0,3,4,4.0,4,4.0,4.0,4.0,1.0,4.0,4,3,4.0,4.0,3,3.0,4.0,3.0,4,4.0,4.0,3.0,4.0,4.0,4.0,3,3.0,4.0,3,4.0,4.0,4,4.0,4.0,4.0,1,3.0,4,4.0,4.0,3,4.0,3.0,3.0,4.0,4.0,3.0,4.0,3.0,3.0,3,3,4.0,4.0,4.0,4,4,4,4.0,3.0,3.0,3,4,3,4.0,3,4,4,4.0,4,4,,4,4,4,3,4.0,4,4.0,4.0,4.0,4.0,4.0,4.0,4.0,4,4.0,4.0,4,4.0,4.0,4.0,3.0,3.0,4.0,3,3.0,4.0,4.0,4.0,3,4.0,4,3,4,4.0,4.0,4,4.0,3.0,4.0,4.0,4.0,3.0,4,4.0,4.0,4.0,4.0,4.0,0.0,3,4,4,4.0,4.0,4.0,4,4.0,3,2.0,4.0,4.0,3.0,4.0,4,2.0,4,4.0,3.0,3,4.0,4.0,3.0,4.0,1.0,4.0,3.0,4.0,4.0,3.0,4.0,3,3.0,4.0,4.0,4.0,4.0,4.0,3.0,4.0,4.0,4.0,3.0,4.0,4.0,3.0,2.0,4.0,4.0,4.0,4.0,4.0,4.0,4.0,4.0,4.0,4.0,4.0,2.0,4.0,4.0,4.0,4.0,3.0,4.0,4.0,4.0,4.0,4.0,4.0,4.0,4.0,4,3.0,4.0,40,7,1.2109404885512869,-0.3289810245271339
4.0,4,3,3,3,4,3,4.0,4,4.0,3,3,3,3,4.0,3,4.0,4.0,4.0,4.0,3.0,4.0,4,4.0,4.0,3.0,3,4,3.0,4.0,3,3,4,4.0,4.0,4,4.0,4.0,3.0,4,3,4.0,4,3.0,3,4,3,4,4.0,3,4,4.0,4,1.0,4,1.0,4.0,4,3,3,4.0,4.0,2.0,3,4.0,3,3,3.0,4.0,4.0,4.0,4.0,4,4,3,4,4.0,4.0,3,4.0,4.0,3,4.0,4,3.0,3.0,4,3,3,4.0,4,4.0,3,4,4.0,3,3.0,4.0,3,4,3,4.0,4.0,3,3.0,3,4.0,4.0,3,4,4,4.0,3.0,4,4.0,4.0,4.0,3,4.0,3.0,3,4.0,3,4.0,4,3.0,4.0,4,4,3,4.0,4.0,4.0,2.0,4.0,3.0,4,4.0,4.0,4.0,3,3,4.0,3,4.0,3.0,3,3,3,3.0,3,3.0,3,3,4,4.0,3,4.0,3,4.0,4.0,3,4,3,3.0,3,4.0,3.0,3.0,4.0,3,3,3,4.0,3,4.0,3,3.0,3,4.0,4.0,3,4.0,4.0,3.0,4.0,3.0,3.0,3,3.0,3.0,3,4.0,3,3,3,3.0,3.0,3.0,3.0,3,4.0,3,4,3.0,1,4,4,3.0,4,3.0,4.0,3.0,3,3,3,4.0,3.0,3,0,3.0,4,3.0,3,3.0,3,3,2,3,3,3.0,3.0,4.0,3,3,3,3.0,3.0,3,3,4.0,3,3.0,2.0,4.0,3.0,3.0,3,3.0,4.0,3.0,3,3.0,4.0,4.0,4.0,3.0,3.0,4.0,4.0,3,3,3.0,3.0,4,3,3.0,3,3.0,3,3,4.0,3.0,3.0,4,2,3,3,4.0,3.0,3,4.0,3,4.0,3,4.0,4.0,3,4,3,4.0,2,3.0,4.0,3,4.0,3,4.0,3.0,4.0,4.0,4.0,3.0,4.0,3.0,4.0,3,3.0,3.0,4,3.0,4,4.0,3,3.0,3,3,3,4.0,3,3,4.0,4.0,4.0,3.0,1,3.0,4.0,3.0,3,4.0,4,4.0,3.0,4.0,4.0,4,3,3.0,3.0,3,3,3,4.0,0,3.0,3.0,4.0,3.0,4.0,4.0,4.0,3.0,3,3,3.0,3,3.0,4.0,4.0,4.0,4.0,3,4,4.0,3.0,3,3.0,4,4,4.0,3,0.0,3.0,4.0,3.0,4.0,3.0,3,3,4.0,4.0,3.0,3.0,3.0,3.0,3,3,3,4.0,4,4,4,3,3,4.0,4,3,4.0,4,4.0,4.0,3.0,3.0,4.0,4,3,4.0,4.0,4,4.0,4.0,4.0,3,4.0,4.0,4.0,4.0,4.0,4.0,4,3.0,4.0,4,3.0,2.0,3,4.0,4.0,4.0,3,4.0,4,4.0,4.0,3,3.0,4.0,4.0,4.0,4.0,2.0,4.0,4.0,2.0,3,3,4.0,3.0,4.0,4,4,3,4.0,3.0,4.0,3,4,3,3.0,2,4,4,3.0,4,3,4.0,3,2,2,2,4.0,4,4.0,4.0,3.0,4.0,4.0,3.0,4.0,3,4.0,4.0,4,3.0,3.0,4.0,4.0,4.0,4.0,3,4.0,4.0,4.0,4.0,3,4.0,3,4,2,4.0,3.0,4,3.0,3.0,4.0,4.0,4.0,4.0,3,4.0,1.0,4.0,4.0,4.0,4.0,4,4,4,4.0,4.0,4.0,4,4.0,4,4.0,4.0,4.0,4.0,4.0,4,3.0,3,4.0,4.0,4,4.0,4.0,3.0,3.0,3.0,1.0,3.0,4.0,3.0,3.0,4.0,4,4.0,3.0,4.0,4.0,4.0,3.0,4.0,0.0,4.0,4.0,4.0,4.0,4.0,4.0,4.0,1.0,3.0,4.0,4.0,0.0,4.0,4.0,4.0,3.0,4.0,4.0,2.0,4.0,4.0,4.0,3.0,4.0,4.0,4.0,4.0,4.0,0.0,4.0,4.0,3.0,4,4.0,4.0,41,7,1.1768944099378882,-0.4247163760889658
3.0,4,4,3,4,4,4,4.0,3,4.0,4,4,3,4,4.0,4,4.0,4.0,4.0,4.0,3.0,4.0,4,4.0,4.0,2.0,4,4,4.0,4.0,0,4,3,4.0,4.0,3,4.0,4.0,3.0,4,3,4.0,4,4.0,4,4,3,3,4.0,4,3,4.0,4,4.0,4,4.0,4.0,4,4,3,3.0,4.0,3.0,4,3.0,3,4,4.0,4.0,1.0,4.0,4.0,4,3,4,3,2.0,4.0,4,4.0,3.0,4,4.0,3,4.0,4.0,3,4,4,4.0,4,4.0,3,4,4.0,4,4.0,4.0,4,4,3,4.0,4.0,3,4.0,4,4.0,4.0,3,4,4,4.0,3.0,4,4.0,2.0,4.0,3,4.0,3.0,4,3.0,3,4.0,4,3.0,2.0,4,4,3,4.0,4.0,4.0,4.0,4.0,3.0,3,4.0,4.0,4.0,3,4,4.0,3,4.0,4.0,4,3,4,4.0,3,4.0,4,4,3,4.0,4,4.0,3,4.0,4.0,3,4,4,4.0,0,4.0,4.0,4.0,3.0,4,3,4,4.0,3,3.0,3,3.0,4,4.0,4.0,3,4.0,4.0,4.0,4.0,4.0,4.0,4,4.0,4.0,4,4.0,4,3,0,4.0,3.0,4.0,3.0,3,4.0,4,4,3.0,3,3,4,3.0,4,4.0,4.0,4.0,3,3,4,4.0,4.0,4,4,3.0,4,4.0,3,3.0,4,3,3,4,3,4.0,2.0,4.0,3,4,3,4.0,3.0,4,4,4.0,3,3.0,4.0,4.0,3.0,3.0,3,4.0,4.0,4.0,1,4.0,4.0,4.0,4.0,4.0,4.0,4.0,4.0,4,4,3.0,4.0,4,3,4.0,4,4.0,4,4,4.0,4.0,3.0,4,3,4,3,4.0,4.0,3,4.0,3,3.0,4,4.0,4.0,4,4,4,4.0,4,4.0,3.0,3,4.0,3,4.0,4.0,4.0,4.0,4.0,3.0,4.0,4.0,4.0,4,4.0,4.0,3,3.0,4,4.0,4,4.0,4,3,3,3.0,3,4,4.0,4.0,3.0,4.0,3,4.0,3.0,4.0,3,4.0,3,4.0,4.0,4.0,4.0,4,3,4.0,4.0,3,4,4,4.0,3,4.0,3.0,2.0,3.0,4.0,4.0,4.0,4.0,3,3,4.0,3,4.0,4.0,4.0,4.0,4.0,4,3,4.0,4.0,3,4.0,4,4,4.0,1,4.0,4.0,3.0,4.0,4.0,4.0,4,2,4.0,4.0,4.0,4.0,4.0,4.0,4,4,4,4.0,4,3,3,3,3,4.0,3,3,4.0,4,4.0,4.0,4.0,4.0,4.0,2,3,4.0,3.0,3,4.0,4.0,4.0,4,4.0,4.0,4.0,4.0,4.0,4.0,4,4.0,4.0,4,4.0,4.0,4,4.0,3.0,4.0,4,4.0,4,4.0,3.0,3,3.0,4.0,4.0,4.0,4.0,4.0,4.0,1.0,4.0,4,4,4.0,4.0,4.0,4,4,4,0.0,4.0,4.0,4,4,4,4.0,4,4,4,3.0,4,4,4.0,3,4,1,3,4.0,4,4.0,4.0,4.0,4.0,4.0,4.0,4.0,4,4.0,2.0,4,4.0,4.0,4.0,4.0,3.0,4.0,2,4.0,4.0,3.0,4.0,4,3.0,2,3,4,2.0,4.0,4,3.0,4.0,0.0,4.0,3.0,4.0,4,4.0,4.0,4.0,3.0,4.0,4.0,4,4,4,4.0,4.0,4.0,4,4.0,4,4.0,4.0,4.0,3.0,4.0,4,3.0,4,4.0,4.0,4,4.0,4.0,4.0,4.0,4.0,4.0,4.0,4.0,3.0,3.0,3.0,3,4.0,4.0,4.0,4.0,4.0,4.0,4.0,3.0,4.0,4.0,3.0,4.0,3.0,4.0,4.0,3.0,4.0,4.0,4.0,3.0,4.0,,3.0,4.0,4.0,4.0,4.0,4.0,4.0,4.0,4.0,4.0,4.0,,4.0,4.0,4.0,4.0,0.0,4.0,4,4.0,4.0,42,7,1.2164577460564985,-0.2811415747435656
3.0,3,2,3,3,2,3,3.0,3,,3,3,2,3,3.0,3,3.0,3.0,3.0,3.0,2.0,3.0,2,3.0,3.0,3.0,3,3,3.0,3.0,3,2,3,3.0,2.0,3,3.0,3.0,3.0,3,3,3.0,1,3.0,2,3,2,3,3.0,2,3,3.0,3,3.0,2,3.0,3.0,3,3,3,3.0,3.0,2.0,3,3.0,2,3,3.0,3.0,3.0,3.0,,3,3,3,3,3.0,2.0,3,3.0,3.0,1,3.0,3,3.0,3.0,3,3,3,3.0,3,3.0,3,3,3.0,3,1.0,3.0,3,3,3,3.0,3.0,2,2.0,3,3.0,3.0,2,3,2,3.0,3.0,3,3.0,3.0,3.0,3,3.0,3.0,3,3.0,3,3.0,3,3.0,3.0,3,3,3,3.0,3.0,3.0,3.0,3.0,3.0,3,3.0,3.0,3.0,2,3,3.0,3,3.0,3.0,3,3,3,3.0,2,3.0,3,3,3,3.0,3,3.0,3,3.0,3.0,3,3,3,3.0,3,1.0,3.0,3.0,3.0,3,3,3,3.0,3,3.0,3,3.0,3,3.0,3.0,3,3.0,3.0,3.0,3.0,3.0,3.0,3,3.0,3.0,3,3.0,3,3,2,3.0,3.0,3.0,3.0,3,3.0,3,3,3.0,3,3,3,3.0,3,3.0,3.0,3.0,3,3,2,3.0,3.0,2,3,3.0,3,3.0,3,3.0,2,2,2,3,3,3.0,2.0,3.0,3,2,2,3.0,3.0,3,3,3.0,3,3.0,3.0,3.0,3.0,3.0,2,3.0,3.0,3.0,2,3.0,3.0,3.0,3.0,3.0,3.0,3.0,3.0,0,3,3.0,3.0,3,2,3.0,3,3.0,3,2,3.0,3.0,3.0,3,3,3,3,3.0,3.0,2,,1,3.0,2,3.0,3.0,3,3,3,3.0,3,3.0,3.0,3,3.0,3,3.0,3.0,3.0,3.0,3.0,3.0,3.0,3.0,0.0,3,3.0,3.0,3,3.0,3,3.0,3,3.0,3,3,2,3.0,3,2,3.0,2.0,3.0,3.0,3,3.0,3.0,3.0,3,3.0,3,3.0,3.0,3.0,3.0,3,3,3.0,3.0,3,3,3,3.0,3,3.0,3.0,3.0,3.0,3.0,3.0,3.0,3.0,3,2,3.0,3,3.0,3.0,3.0,3.0,3.0,3,2,1.0,3.0,2,3.0,3,3,3.0,3,2.0,2.0,3.0,3.0,3.0,3.0,3,3,3.0,3.0,3.0,3.0,1.0,3.0,2,3,3,3.0,2,0,3,2,3,3.0,2,3,3.0,3,3.0,3.0,3.0,3.0,3.0,3,1,3.0,3.0,3,3.0,3.0,3.0,3,3.0,3.0,3.0,3.0,1.0,3.0,3,2.0,3.0,3,3.0,3.0,3,3.0,3.0,,3,3.0,3,3.0,3.0,3,3.0,3.0,3.0,3.0,3.0,2.0,,3.0,3.0,1,3,3.0,3.0,3.0,3,3,3,3.0,3.0,3.0,3,3,3,1.0,0,3,3,2.0,3,3,0.0,3,3,3,3,3.0,2,3.0,3.0,3.0,3.0,3.0,2.0,3.0,3,3.0,3.0,3,3.0,3.0,3.0,3.0,3.0,3.0,3,3.0,0.0,3.0,3.0,3,3.0,3,3,3,3.0,3.0,3,3.0,3.0,,3.0,3.0,3.0,3,3.0,3.0,3.0,3.0,3.0,3.0,3,3,2,3.0,3.0,3.0,2,3.0,3,3.0,3.0,3.0,,3.0,3,3.0,3,3.0,3.0,3,3.0,3.0,2.0,2.0,3.0,3.0,3.0,3.0,3.0,2.0,3.0,3,2.0,3.0,3.0,,3.0,3.0,3.0,3.0,3.0,3.0,3.0,3.0,1.0,,3.0,3.0,3.0,3.0,3.0,3.0,3.0,,3.0,3.0,3.0,3.0,2.0,3.0,3.0,3.0,3.0,3.0,,,3.0,3.0,3.0,3.0,3.0,3.0,3,3.0,,43,7,1.2553818034118602,-0.21760483842807085
3.0,3,3,3,3,3,3,4.0,2,4.0,3,3,3,3,4.0,3,3.0,4.0,3.0,4.0,3.0,4.0,3,4.0,4.0,3.0,3,3,3.0,3.0,3,3,3,3.0,3.0,3,3.0,3.0,0.0,3,3,3.0,3,3.0,4,3,3,3,2.0,3,3,3.0,3,3.0,3,3.0,4.0,3,3,3,3.0,4.0,3.0,2,3.0,3,3,1.0,4.0,3.0,4.0,0.0,2,3,3,3,3.0,3.0,3,3.0,3.0,3,3.0,2,3.0,4.0,3,3,3,4.0,3,3.0,3,3,4.0,3,3.0,2.0,3,3,3,3.0,3.0,3,3.0,3,3.0,4.0,3,3,3,3.0,4.0,3,1.0,3.0,3.0,3,4.0,3.0,3,4.0,3,3.0,3,3.0,4.0,3,4,3,3.0,3.0,4.0,4.0,3.0,4.0,3,4.0,4.0,3.0,3,3,3.0,3,3.0,3.0,3,3,4,4.0,3,3.0,3,4,3,3.0,3,2.0,3,3.0,3.0,3,3,3,3.0,3,4.0,4.0,3.0,3.0,3,4,2,4.0,3,3.0,3,3.0,3,3.0,3.0,1,3.0,3.0,3.0,3.0,3.0,3.0,3,3.0,4.0,3,3.0,3,3,3,3.0,3.0,3.0,2.0,3,4.0,2,3,3.0,3,3,3,3.0,3,3.0,3.0,3.0,3,3,3,3.0,3.0,3,0,3.0,2,3.0,3,3.0,3,3,3,3,3,4.0,3.0,3.0,3,3,3,3.0,3.0,3,3,3.0,3,2.0,3.0,4.0,3.0,3.0,3,3.0,1.0,4.0,3,2.0,4.0,3.0,4.0,3.0,4.0,3.0,3.0,3,3,3.0,3.0,3,3,3.0,4,3.0,3,1,3.0,3.0,3.0,3,3,3,3,4.0,3.0,2,4.0,2,2.0,3,3.0,0.0,3,3,3,3.0,3,2.0,4.0,3,4.0,3,4.0,3.0,4.0,3.0,4.0,3.0,4.0,3.0,3.0,3,3.0,3.0,3,3.0,4,3.0,3,3.0,3,3,3,4.0,3,1,3.0,3.0,3.0,3.0,3,3.0,3.0,3.0,3,3.0,3,4.0,3.0,3.0,3.0,3,3,3.0,3.0,3,3,3,3.0,3,2.0,4.0,4.0,3.0,4.0,4.0,3.0,3.0,3,3,3.0,4,3.0,2.0,3.0,3.0,4.0,3,3,3.0,4.0,2,4.0,3,3,3.0,3,4.0,3.0,3.0,3.0,4.0,3.0,3,3,3.0,3.0,3.0,4.0,3.0,4.0,3,3,3,3.0,3,3,3,3,3,4.0,3,3,4.0,3,4.0,3.0,3.0,3.0,4.0,3,3,3.0,4.0,3,3.0,4.0,4.0,3,4.0,4.0,3.0,4.0,3.0,4.0,3,3.0,4.0,3,3.0,4.0,3,3.0,4.0,4.0,3,4.0,3,3.0,4.0,3,3.0,3.0,1.0,3.0,3.0,3.0,4.0,3.0,3.0,3,3,3.0,3.0,4.0,3,4,2,4.0,3.0,4.0,3,3,3,4.0,3,3,4,3.0,2,2,4.0,3,3,4,4,3.0,3,3.0,3.0,3.0,3.0,3.0,3.0,3.0,3,4.0,3.0,3,2.0,3.0,3.0,4.0,3.0,4.0,3,4.0,4.0,3.0,3.0,3,4.0,1,3,3,3.0,4.0,3,4.0,4.0,4.0,4.0,4.0,3.0,3,3.0,3.0,3.0,2.0,3.0,3.0,3,4,3,3.0,3.0,4.0,3,3.0,3,3.0,4.0,3.0,4.0,3.0,3,3.0,3,4.0,4.0,3,4.0,4.0,3.0,4.0,3.0,3.0,3.0,4.0,3.0,3.0,4.0,4,3.0,4.0,3.0,4.0,3.0,3.0,4.0,3.0,4.0,4.0,4.0,3.0,4.0,4.0,4.0,3.0,2.0,4.0,4.0,0.0,3.0,4.0,3.0,4.0,4.0,4.0,4.0,4.0,4.0,4.0,3.0,4.0,4.0,4.0,0.0,3.0,3.0,3.0,4.0,4.0,4,4.0,4.0,44,7,1.1827785909756252,-0.4022623448914979
3.0,3,3,3,3,4,3,3.0,3,4.0,3,4,2,3,4.0,3,3.0,4.0,3.0,3.0,4.0,4.0,3,4.0,3.0,3.0,3,3,2.0,4.0,4,2,3,3.0,3.0,3,3.0,4.0,3.0,3,3,3.0,3,4.0,3,3,3,3,3.0,3,3,3.0,2,3.0,3,4.0,3.0,3,2,3,3.0,4.0,3.0,3,3.0,3,3,3.0,4.0,3.0,4.0,3.0,3,3,3,3,3.0,3.0,3,4.0,4.0,3,3.0,2,3.0,3.0,3,3,4,4.0,3,3.0,3,3,4.0,3,4.0,3.0,3,2,3,3.0,3.0,3,3.0,3,4.0,3.0,3,3,3,4.0,3.0,3,3.0,4.0,3.0,3,4.0,3.0,3,4.0,3,3.0,3,3.0,0.0,3,4,3,3.0,3.0,3.0,3.0,3.0,3.0,3,3.0,4.0,4.0,3,3,3.0,3,4.0,3.0,3,4,3,4.0,3,3.0,2,3,3,3.0,3,3.0,3,4.0,3.0,3,3,3,4.0,3,3.0,3.0,2.0,3.0,1,3,3,4.0,4,2.0,3,4.0,3,3.0,4.0,3,3.0,4.0,3.0,3.0,4.0,3.0,3,3.0,4.0,3,4.0,3,3,3,3.0,4.0,4.0,4.0,1,4.0,3,3,4.0,3,1,4,3.0,3,4.0,4.0,4.0,3,3,3,4.0,3.0,3,3,4.0,3,3.0,3,3.0,3,3,2,3,4,4.0,4.0,3.0,3,3,3,4.0,3.0,3,3,4.0,3,3.0,4.0,4.0,3.0,4.0,3,4.0,4.0,3.0,3,4.0,3.0,3.0,4.0,4.0,3.0,3.0,4.0,4,3,4.0,4.0,3,3,4.0,3,4.0,3,3,4.0,3.0,3.0,1,4,3,3,4.0,3.0,3,3.0,3,3.0,3,2.0,4.0,3,3,2,3.0,2,3.0,4.0,4,3.0,3,3.0,4.0,3.0,3.0,3.0,3.0,4.0,3.0,3.0,3,4.0,3.0,3,1.0,3,4.0,2,3.0,4,3,3,3.0,3,3,4.0,4.0,3.0,3.0,4,4.0,4.0,4.0,3,3.0,4,4.0,3.0,4.0,4.0,3,3,4.0,4.0,3,3,3,3.0,3,3.0,3.0,3.0,3.0,3.0,4.0,4.0,4.0,1,3,4.0,3,3.0,4.0,3.0,3.0,4.0,3,3,4.0,3.0,3,4.0,3,3,4.0,3,3.0,4.0,3.0,3.0,4.0,4.0,3,3,4.0,3.0,4.0,4.0,3.0,3.0,3,3,3,3.0,3,3,3,4,3,3.0,3,0,4.0,3,3.0,3.0,2.0,4.0,3.0,3,3,3.0,3.0,3,4.0,3.0,3.0,3,4.0,4.0,4.0,3.0,4.0,4.0,3,4.0,4.0,3,4.0,4.0,3,3.0,4.0,4.0,3,4.0,3,4.0,4.0,4,4.0,3.0,4.0,3.0,4.0,4.0,4.0,3.0,4.0,4,3,3.0,3.0,4.0,3,3,3,4.0,3.0,1.0,3,3,3,4.0,3,2,3,3.0,3,3,4.0,3,4,3,0,4.0,3,3.0,3.0,3.0,4.0,3.0,3.0,3.0,3,3.0,4.0,3,3.0,3.0,4.0,4.0,4.0,3.0,3,3.0,3.0,3.0,3.0,3,4.0,3,3,3,4.0,4.0,3,3.0,4.0,4.0,3.0,4.0,3.0,3,3.0,4.0,3.0,3.0,3.0,3.0,3,3,3,3.0,2.0,4.0,3,3.0,3,3.0,0.0,3.0,4.0,3.0,0,3.0,3,3.0,4.0,3,3.0,4.0,4.0,3.0,3.0,0.0,4.0,4.0,3.0,3.0,3.0,3,4.0,4.0,4.0,4.0,4.0,2.0,4.0,3.0,4.0,4.0,3.0,3.0,4.0,4.0,3.0,4.0,3.0,4.0,3.0,4.0,4.0,4.0,3.0,4.0,4.0,2.0,4.0,3.0,4.0,3.0,4.0,4.0,4.0,4.0,4.0,4.0,4.0,3.0,4.0,4.0,4,4.0,4.0,45,7,1.1804892253931276,-0.4658762862040726
3.0,3,3,3,3,3,3,3.0,3,3.0,3,3,2,3,,3,3.0,,2.0,3.0,3.0,3.0,3,3.0,3.0,3.0,3,3,3.0,3.0,3,3,3,2.0,3.0,3,3.0,3.0,3.0,2,3,3.0,3,3.0,2,3,3,3,3.0,3,3,3.0,2,3.0,3,3.0,3.0,3,3,3,3.0,3.0,3.0,3,3.0,3,3,3.0,3.0,3.0,3.0,3.0,1,3,2,3,3.0,3.0,3,3.0,,3,3.0,3,3.0,3.0,3,3,3,,3,3.0,3,3,1.0,3,3.0,3.0,3,3,3,3.0,3.0,3,3.0,3,,3.0,3,3,3,3.0,3.0,3,3.0,3.0,3.0,3,3.0,3.0,3,3.0,3,3.0,3,3.0,3.0,3,3,3,3.0,3.0,3.0,3.0,3.0,3.0,1,3.0,3.0,,3,3,3.0,3,3.0,3.0,3,3,3,3.0,3,3.0,3,2,3,,3,3.0,3,2.0,3.0,3,3,3,3.0,3,3.0,3.0,3.0,3.0,3,3,3,3.0,2,3.0,2,3.0,3,3.0,3.0,3,3.0,3.0,3.0,3.0,3.0,3.0,2,3.0,2.0,3,,3,2,3,2.0,3.0,3.0,3.0,2,3.0,2,3,3.0,3,3,2,3.0,3,3.0,3.0,3.0,0,3,2,3.0,3.0,3,3,3.0,3,3.0,3,3.0,3,3,3,3,2,3.0,3.0,3.0,3,3,1,3.0,2.0,3,3,3.0,3,3.0,3.0,3.0,3.0,3.0,3,3.0,3.0,3.0,3,3.0,,,3.0,3.0,3.0,3.0,3.0,3,2,1.0,3.0,3,3,3.0,3,3.0,3,3,3.0,3.0,3.0,3,3,3,3,3.0,3.0,3,3.0,3,3.0,3,3.0,,2,3,2,3.0,3,3.0,3.0,3,3.0,3,3.0,3.0,3.0,3.0,3.0,1.0,3.0,2.0,3.0,3,3.0,3.0,3,1.0,3,3.0,3,3.0,2,3,2,3.0,3,3,3.0,3.0,3.0,3.0,3,3.0,3.0,3.0,3,2.0,3,3.0,3.0,3.0,3.0,3,3,3.0,3.0,3,3,3,,3,3.0,3.0,3.0,2.0,3.0,3.0,3.0,3.0,3,3,1.0,3,3.0,3.0,3.0,3.0,3.0,3,2,3.0,3.0,3,,3,3,3.0,3,3.0,3.0,3.0,3.0,3.0,3.0,3,2,3.0,3.0,3.0,3.0,2.0,3.0,3,3,3,3.0,3,3,2,3,3,3.0,3,3,3.0,3,3.0,2.0,3.0,3.0,3.0,3,3,3.0,3.0,3,3.0,3.0,,3,3.0,3.0,3.0,3.0,3.0,3.0,3,2.0,3.0,3,3.0,3.0,3,3.0,3.0,3.0,3,3.0,3,3.0,3.0,2,3.0,3.0,3.0,3.0,3.0,3.0,,3.0,3.0,3,2,3.0,3.0,3.0,3,3,3,3.0,2.0,3.0,2,3,3,3.0,3,3,3,3.0,3,3,,3,3,3,3,3.0,3,3.0,3.0,3.0,2.0,3.0,2.0,3.0,2,3.0,3.0,3,3.0,3.0,3.0,3.0,3.0,3.0,3,0.0,3.0,0.0,0.0,3,3.0,3,3,2,3.0,3.0,3,3.0,3.0,3.0,3.0,3.0,3.0,3,3.0,3.0,3.0,3.0,3.0,3.0,3,3,3,3.0,0.0,1.0,3,2.0,3,3.0,,3.0,,3.0,3,3.0,3,3.0,3.0,3,3.0,0.0,3.0,3.0,3.0,3.0,3.0,3.0,3.0,2.0,3.0,3,3.0,3.0,,,3.0,3.0,3.0,3.0,3.0,3.0,3.0,3.0,3.0,2.0,3.0,3.0,3.0,,3.0,,3.0,,3.0,3.0,3.0,1.0,3.0,3.0,,3.0,3.0,3.0,,,3.0,3.0,3.0,3.0,3.0,,3,,,46,7,1.314359637774903,-0.13549055602100532
3.0,3,3,3,3,3,3,3.0,2,4.0,4,3,2,3,3.0,3,3.0,4.0,3.0,3.0,3.0,3.0,3,3.0,3.0,3.0,3,3,3.0,3.0,2,3,3,3.0,3.0,3,3.0,3.0,3.0,1,3,3.0,3,3.0,3,3,2,3,4.0,3,3,3.0,3,3.0,4,4.0,3.0,3,3,3,3.0,3.0,3.0,3,3.0,3,3,4.0,4.0,3.0,3.0,3.0,3,3,2,3,3.0,3.0,3,4.0,3.0,3,3.0,3,3.0,3.0,3,3,3,4.0,3,3.0,3,2,3.0,3,3.0,3.0,3,2,3,3.0,3.0,3,3.0,2,3.0,3.0,3,3,3,3.0,3.0,3,3.0,3.0,3.0,3,4.0,3.0,3,3.0,3,4.0,3,3.0,3.0,3,3,3,2.0,3.0,3.0,3.0,3.0,3.0,3,3.0,3.0,3.0,2,3,3.0,3,3.0,3.0,3,3,3,3.0,3,3.0,2,3,3,3.0,3,3.0,3,4.0,3.0,3,3,3,3.0,1,3.0,4.0,4.0,1.0,3,3,3,3.0,3,3.0,3,3.0,3,3.0,4.0,3,3.0,3.0,3.0,3.0,4.0,4.0,3,3.0,4.0,2,4.0,4,3,3,3.0,4.0,4.0,3.0,3,4.0,3,3,3.0,3,2,3,3.0,3,4.0,3.0,4.0,3,3,3,3.0,3.0,3,3,3.0,3,3.0,3,3.0,3,2,3,3,3,4.0,3.0,3.0,2,1,3,4.0,3.0,3,3,3.0,3,3.0,4.0,4.0,3.0,4.0,3,3.0,4.0,3.0,3,3.0,4.0,4.0,4.0,4.0,4.0,3.0,3.0,3,3,3.0,4.0,3,3,4.0,3,4.0,3,3,3.0,3.0,3.0,2,3,3,2,4.0,3.0,3,4.0,4,3.0,3,3.0,4.0,3,0,3,3.0,3,0.0,4.0,3,4.0,3,3.0,4.0,4.0,3.0,3.0,3.0,3.0,3.0,3.0,3,3.0,3.0,3,4.0,3,4.0,3,2.0,3,3,3,4.0,3,3,3.0,3.0,3.0,4.0,3,3.0,3.0,4.0,3,3.0,0,3.0,3.0,3.0,3.0,3,3,4.0,3.0,3,3,3,3.0,3,4.0,4.0,4.0,3.0,3.0,3.0,4.0,3.0,3,3,3.0,3,4.0,3.0,1.0,4.0,4.0,3,0,4.0,3.0,3,3.0,3,3,4.0,3,2.0,4.0,4.0,3.0,3.0,4.0,2,4,4.0,3.0,3.0,4.0,3.0,3.0,3,3,3,3.0,3,3,3,3,3,3.0,3,3,3.0,3,3.0,3.0,3.0,3.0,3.0,3,3,3.0,3.0,3,3.0,3.0,3.0,3,1.0,3.0,2.0,3.0,3.0,3.0,3,4.0,4.0,3,3.0,4.0,3,3.0,4.0,4.0,3,3.0,3,4.0,4.0,3,3.0,1.0,3.0,3.0,3.0,4.0,4.0,3.0,3.0,3,3,3.0,3.0,4.0,3,3,2,4.0,3.0,3.0,2,3,3,4.0,3,3,3,3.0,1,3,4.0,3,3,3,3,3.0,3,4.0,3.0,3.0,3.0,3.0,3.0,3.0,2,3.0,3.0,3,4.0,3.0,3.0,3.0,3.0,3.0,3,1.0,3.0,3.0,3.0,3,0.0,3,3,3,3.0,3.0,3,3.0,3.0,4.0,3.0,3.0,3.0,3,4.0,3.0,3.0,1.0,3.0,3.0,3,3,3,3.0,3.0,3.0,2,3.0,3,3.0,3.0,3.0,4.0,4.0,3,3.0,3,3.0,3.0,3,3.0,3.0,3.0,3.0,3.0,3.0,3.0,4.0,3.0,3.0,3.0,3,3.0,4.0,3.0,4.0,4.0,3.0,4.0,4.0,3.0,3.0,3.0,3.0,3.0,2.0,3.0,4.0,3.0,4.0,3.0,3.0,4.0,0.0,3.0,4.0,4.0,3.0,3.0,3.0,4.0,3.0,3.0,3.0,4.0,4.0,4.0,4.0,3.0,3.0,2.0,4.0,3,3.0,4.0,47,7,1.2127383676582761,-0.44852030967743234
3.0,2,3,3,3,3,3,3.0,3,3.0,2,3,2,3,3.0,3,3.0,,3.0,3.0,3.0,3.0,3,3.0,3.0,3.0,2,3,3.0,3.0,3,3,3,2.0,3.0,3,3.0,3.0,0.0,3,3,3.0,3,3.0,3,3,2,2,3.0,3,3,3.0,2,3.0,2,3.0,3.0,3,3,3,3.0,3.0,3.0,1,3.0,3,0,3.0,3.0,3.0,3.0,3.0,3,3,3,3,2.0,3.0,3,3.0,3.0,3,3.0,2,3.0,1.0,3,3,3,,3,3.0,3,3,3.0,3,3.0,3.0,3,3,3,3.0,3.0,3,3.0,3,,3.0,3,3,2,3.0,3.0,3,3.0,3.0,3.0,3,3.0,3.0,3,3.0,3,3.0,3,3.0,3.0,3,3,3,3.0,3.0,3.0,3.0,2.0,3.0,2,3.0,3.0,3.0,2,3,3.0,3,3.0,3.0,3,3,3,3.0,3,3.0,3,3,3,,2,3.0,3,3.0,3.0,3,3,3,3.0,3,3.0,3.0,3.0,3.0,3,3,3,2.0,3,3.0,3,3.0,3,,3.0,3,0.0,3.0,3.0,3.0,3.0,3.0,3,3.0,3.0,3,3.0,3,3,3,3.0,3.0,3.0,3.0,3,3.0,3,2,3.0,2,3,3,3.0,3,3.0,3.0,3.0,2,3,3,3.0,3.0,3,3,2.0,3,3.0,3,3.0,3,3,2,3,3,3.0,3.0,3.0,3,2,3,3.0,3.0,3,3,3.0,3,3.0,3.0,3.0,3.0,3.0,2,1.0,3.0,3.0,3,3.0,3.0,3.0,3.0,3.0,3.0,3.0,3.0,3,3,3.0,3.0,3,3,3.0,3,3.0,3,3,3.0,2.0,3.0,3,3,3,3,3.0,3.0,3,3.0,2,3.0,3,3.0,1.0,2,3,3,3.0,3,3.0,3.0,3,3.0,2,3.0,3.0,3.0,2.0,2.0,3.0,3.0,3.0,1.0,3,3.0,3.0,3,3.0,3,3.0,3,3.0,3,1,3,3.0,3,3,3.0,3.0,1.0,3.0,3,3.0,3.0,0.0,3,3.0,3,3.0,1.0,2.0,2.0,3,3,,3.0,3,2,3,3.0,3,3.0,3.0,3.0,3.0,3.0,3.0,3.0,3.0,3,3,3.0,3,3.0,,3.0,3.0,,3,3,3.0,3.0,3,3.0,3,1,3.0,3,3.0,3.0,3.0,3.0,3.0,3.0,2,2,3.0,3.0,3.0,2.0,3.0,3.0,3,3,3,3.0,3,3,0,3,2,3.0,3,3,3.0,3,3.0,3.0,3.0,3.0,,3,3,3.0,0.0,3,3.0,3.0,3.0,3,3.0,3.0,2.0,3.0,3.0,3.0,3,3.0,3.0,3,3.0,3.0,3,2.0,3.0,3.0,3,,3,3.0,3.0,3,3.0,3.0,3.0,3.0,3.0,3.0,,3.0,3.0,3,2,3.0,3.0,3.0,3,3,3,3.0,3.0,3.0,2,3,3,3.0,3,3,2,3.0,3,3,,3,2,3,3,2.0,3,3.0,3.0,3.0,3.0,3.0,3.0,3.0,3,3.0,3.0,3,3.0,3.0,3.0,3.0,3.0,3.0,3,3.0,3.0,2.0,3.0,3,3.0,3,3,3,3.0,3.0,3,3.0,3.0,,3.0,3.0,3.0,3,3.0,3.0,3.0,3.0,3.0,3.0,3,3,3,3.0,2.0,1.0,3,3.0,3,3.0,,3.0,,3.0,3,3.0,3,3.0,3.0,3,3.0,3.0,3.0,3.0,3.0,3.0,3.0,3.0,3.0,3.0,3.0,3,3.0,3.0,3.0,,3.0,3.0,,3.0,,3.0,3.0,3.0,3.0,3.0,3.0,3.0,3.0,,3.0,3.0,3.0,,3.0,3.0,3.0,3.0,3.0,3.0,3.0,3.0,3.0,3.0,,,3.0,3.0,3.0,,,3.0,2,3.0,,48,7,1.3055112311280226,-0.16793274425275054
3.0,1,3,3,4,3,3,4.0,3,4.0,4,4,2,3,3.0,4,3.0,4.0,2.0,3.0,4.0,3.0,3,3.0,3.0,3.0,3,3,3.0,3.0,3,3,3,3.0,4.0,3,4.0,3.0,3.0,3,3,3.0,3,3.0,3,4,3,3,3.0,3,3,1.0,4,4.0,4,4.0,4.0,3,3,3,3.0,3.0,3.0,3,4.0,3,3,4.0,4.0,4.0,1.0,4.0,3,3,3,3,3.0,4.0,3,4.0,4.0,3,3.0,2,4.0,3.0,3,3,3,4.0,3,3.0,2,2,4.0,3,4.0,4.0,3,3,4,4.0,3.0,3,3.0,3,4.0,3.0,3,3,3,3.0,3.0,3,3.0,3.0,4.0,3,3.0,3.0,3,3.0,3,4.0,2,3.0,2.0,3,3,4,4.0,4.0,3.0,3.0,3.0,3.0,3,4.0,3.0,4.0,3,4,3.0,3,4.0,3.0,3,2,3,3.0,3,3.0,3,3,3,4.0,3,3.0,3,4.0,3.0,3,3,0,4.0,2,4.0,4.0,3.0,3.0,3,3,3,3.0,3,4.0,4,3.0,3,3.0,4.0,3,3.0,4.0,3.0,4.0,3.0,4.0,3,4.0,4.0,4,4.0,3,3,3,4.0,4.0,4.0,4.0,3,1.0,3,3,4.0,3,4,3,4.0,3,4.0,4.0,4.0,3,3,3,4.0,4.0,3,3,3.0,4,4.0,3,4.0,3,3,3,4,4,4.0,3.0,3.0,3,3,4,4.0,4.0,3,4,3.0,3,1.0,4.0,4.0,3.0,4.0,2,3.0,4.0,4.0,3,4.0,4.0,4.0,4.0,4.0,4.0,4.0,4.0,3,4,3.0,4.0,3,3,4.0,3,4.0,0,3,4.0,4.0,4.0,3,4,3,3,4.0,3.0,4,3.0,4,4.0,4,4.0,4.0,3,3,4,4.0,4,4.0,4.0,3,4.0,4,4.0,4.0,4.0,4.0,4.0,4.0,3.0,3.0,3.0,3,4.0,4.0,3,4.0,3,4.0,3,3.0,4,4,3,4.0,3,4,4.0,3.0,3.0,4.0,4,3.0,3.0,4.0,1,4.0,4,4.0,3.0,4.0,4.0,3,4,4.0,3.0,3,3,3,4.0,3,3.0,4.0,4.0,4.0,3.0,4.0,4.0,4.0,4,3,4.0,3,3.0,4.0,4.0,4.0,4.0,3,3,4.0,2.0,3,3.0,3,3,4.0,3,3.0,4.0,4.0,3.0,2.0,3.0,3,4,3.0,3.0,3.0,4.0,3.0,3.0,4,3,4,3.0,3,4,3,4,3,0.0,3,4,4.0,3,3.0,3.0,3.0,3.0,4.0,3,3,4.0,3.0,3,4.0,3.0,3.0,4,4.0,3.0,4.0,3.0,2.0,1.0,3,4.0,4.0,3,4.0,4.0,3,3.0,3.0,4.0,4,4.0,3,3.0,4.0,2,4.0,4.0,3.0,3.0,3.0,4.0,4.0,4.0,0.0,4,3,3.0,4.0,4.0,3,4,3,4.0,2.0,4.0,3,3,3,4.0,4,3,3,4.0,3,3,4.0,4,3,4,4,3.0,4,4.0,4.0,3.0,3.0,4.0,4.0,0.0,3,3.0,4.0,3,4.0,0.0,4.0,3.0,3.0,3.0,3,4.0,3.0,3.0,4.0,4,4.0,4,3,3,4.0,4.0,4,4.0,4.0,4.0,4.0,3.0,4.0,3,4.0,4.0,4.0,4.0,4.0,4.0,3,4,3,4.0,3.0,4.0,4,2.0,4,4.0,4.0,3.0,4.0,4.0,3,3.0,3,3.0,4.0,3,3.0,4.0,3.0,4.0,3.0,3.0,3.0,4.0,4.0,3.0,4.0,4,3.0,4.0,4.0,4.0,4.0,4.0,4.0,4.0,4.0,3.0,3.0,3.0,4.0,4.0,3.0,4.0,4.0,4.0,3.0,4.0,4.0,4.0,4.0,4.0,4.0,4.0,3.0,3.0,4.0,3.0,3.0,3.0,4.0,4.0,4.0,4.0,4.0,4.0,4.0,4.0,3,4.0,4.0,49,7,1.183703470362787,-0.4552349666141904
2.0,2,2,2,3,3,2,3.0,2,3.0,3,0,1,3,3.0,3,3.0,,3.0,3.0,3.0,3.0,3,0.0,3.0,2.0,3,3,3.0,3.0,3,3,3,2.0,3.0,3,3.0,3.0,3.0,3,3,3.0,3,3.0,3,3,3,3,3.0,2,2,3.0,3,3.0,3,3.0,3.0,3,3,3,3.0,3.0,3.0,2,3.0,2,3,3.0,3.0,3.0,3.0,3.0,2,3,2,3,3.0,2.0,3,3.0,3.0,2,2.0,2,3.0,3.0,3,3,2,3.0,3,3.0,3,3,3.0,3,3.0,3.0,0,3,3,2.0,3.0,3,3.0,3,3.0,3.0,1,3,3,3.0,3.0,3,2.0,3.0,3.0,3,3.0,3.0,3,3.0,3,3.0,2,2.0,3.0,3,3,3,2.0,3.0,3.0,3.0,3.0,3.0,2,3.0,3.0,3.0,2,2,1.0,3,3.0,3.0,2,3,3,3.0,3,0.0,3,2,3,3.0,3,3.0,3,3.0,3.0,3,3,3,3.0,3,3.0,3.0,3.0,3.0,2,3,3,3.0,3,3.0,3,3.0,3,3.0,3.0,3,3.0,3.0,3.0,3.0,3.0,3.0,3,3.0,3.0,3,3.0,2,3,3,3.0,3.0,3.0,3.0,3,3.0,3,2,3.0,3,3,3,3.0,3,3.0,3.0,3.0,2,2,3,3.0,3.0,3,2,3.0,3,3.0,3,3.0,3,3,3,3,3,2.0,3.0,3.0,2,3,3,3.0,3.0,3,3,3.0,2,3.0,3.0,3.0,3.0,3.0,3,3.0,3.0,3.0,3,1.0,,3.0,3.0,3.0,3.0,3.0,3.0,3,3,3.0,3.0,3,1,,2,3.0,2,3,3.0,3.0,3.0,3,3,3,3,,3.0,3,3.0,3,3.0,2,3.0,3.0,0,3,3,3.0,3,3.0,3.0,3,3.0,3,3.0,3.0,3.0,3.0,3.0,3.0,3.0,3.0,3.0,3,3.0,2.0,2,3.0,3,3.0,3,3.0,3,3,3,3.0,2,3,3.0,3.0,0.0,3.0,3,3.0,3.0,3.0,3,3.0,3,2.0,3.0,3.0,3.0,3,3,3.0,3.0,2,2,3,3.0,3,3.0,3.0,3.0,3.0,3.0,3.0,3.0,3.0,3,3,2.0,3,3.0,3.0,3.0,3.0,3.0,3,3,3.0,3.0,3,3.0,3,2,3.0,3,3.0,3.0,3.0,3.0,3.0,3.0,3,3,3.0,3.0,3.0,3.0,3.0,3.0,3,3,3,3.0,2,3,3,3,2,2.0,3,3,3.0,3,3.0,2.0,3.0,3.0,3.0,3,3,3.0,3.0,3,3.0,3.0,3.0,3,3.0,3.0,3.0,3.0,3.0,3.0,3,,3.0,3,3.0,3.0,3,3.0,3.0,,3,3.0,3,3.0,3.0,3,3.0,3.0,3.0,3.0,3.0,3.0,,3.0,3.0,3,3,3.0,3.0,3.0,3,3,2,3.0,3.0,2.0,2,3,3,3.0,2,3,3,3.0,3,3,,3,1,2,3,3.0,2,3.0,3.0,3.0,3.0,3.0,3.0,3.0,3,3.0,3.0,3,3.0,3.0,3.0,3.0,3.0,3.0,3,1.0,3.0,3.0,3.0,2,3.0,3,3,2,3.0,3.0,3,3.0,3.0,,3.0,3.0,1.0,3,3.0,3.0,3.0,3.0,3.0,3.0,2,2,2,3.0,3.0,3.0,3,3.0,3,2.0,3.0,3.0,3.0,3.0,3,3.0,3,3.0,3.0,2,3.0,3.0,2.0,3.0,3.0,3.0,3.0,3.0,3.0,3.0,3.0,3,3.0,3.0,,,3.0,3.0,,3.0,,3.0,3.0,1.0,3.0,3.0,3.0,3.0,3.0,,3.0,3.0,3.0,,3.0,3.0,3.0,3.0,3.0,3.0,3.0,3.0,3.0,3.0,,3.0,3.0,,3.0,2.0,3.0,,3,3.0,,50,7,1.2417279411764708,-0.34123940948841563
3.0,3,3,3,4,3,3,4.0,4,3.0,4,4,3,3,4.0,4,4.0,4.0,4.0,3.0,4.0,3.0,3,3.0,4.0,3.0,3,3,3.0,4.0,3,3,2,3.0,3.0,2,4.0,4.0,4.0,4,3,3.0,3,3.0,3,4,2,4,3.0,3,3,4.0,3,2.0,3,4.0,3.0,4,3,3,4.0,3.0,3.0,3,3.0,3,3,4.0,4.0,3.0,4.0,4.0,4,4,4,4,3.0,3.0,3,4.0,4.0,3,4.0,3,4.0,4.0,3,3,3,4.0,4,4.0,3,4,4.0,3,4.0,4.0,3,3,3,3.0,3.0,4,3.0,4,4.0,4.0,3,3,3,4.0,3.0,4,3.0,3.0,4.0,3,4.0,4.0,4,2.0,4,4.0,3,0.0,4.0,4,3,3,0.0,4.0,4.0,4.0,4.0,1.0,3,3.0,3.0,4.0,3,3,3.0,3,4.0,3.0,4,3,3,4.0,4,3.0,4,3,4,3.0,3,4.0,4,4.0,4.0,3,3,3,4.0,4,3.0,4.0,3.0,3.0,3,3,3,3.0,4,3.0,3,3.0,3,4.0,3.0,3,4.0,4.0,4.0,3.0,4.0,1.0,3,4.0,3.0,3,4.0,3,3,3,3.0,3.0,4.0,0.0,4,3.0,3,3,4.0,3,3,4,3.0,2,3.0,4.0,3.0,3,3,3,3.0,3.0,2,3,3.0,4,3.0,3,3.0,3,2,3,3,3,4.0,3.0,3.0,3,3,3,3.0,4.0,3,4,2.0,3,4.0,4.0,3.0,3.0,3.0,2,4.0,4.0,4.0,3,3.0,4.0,4.0,3.0,4.0,4.0,4.0,3.0,3,3,3.0,3.0,3,3,3.0,4,4.0,3,3,3.0,4.0,3.0,3,3,3,3,4.0,0.0,3,4.0,4,3.0,3,3.0,4.0,3,3,4,4.0,3,3.0,4.0,3,3.0,3,3.0,3.0,4.0,3.0,4.0,3.0,4.0,3.0,3.0,3,4.0,4.0,3,3.0,4,3.0,3,3.0,3,3,3,4.0,3,3,3.0,3.0,3.0,3.0,3,4.0,3.0,4.0,4,4.0,2,2.0,4.0,4.0,3.0,4,3,4.0,3.0,3,1,4,3.0,3,3.0,1.0,4.0,4.0,1.0,3.0,4.0,3.0,4,3,3.0,3,4.0,4.0,3.0,4.0,4.0,4,3,4.0,3.0,3,3.0,3,3,3.0,3,3.0,4.0,3.0,3.0,3.0,4.0,3,2,3.0,3.0,3.0,4.0,3.0,4.0,3,4,4,4.0,0,1,4,3,3,4.0,4,4,3.0,3,3.0,3.0,3.0,3.0,4.0,4,3,4.0,3.0,3,4.0,3.0,4.0,4,4.0,3.0,3.0,4.0,3.0,3.0,4,4.0,4.0,4,3.0,4.0,3,4.0,4.0,4.0,3,4.0,0,4.0,4.0,3,3.0,3.0,4.0,4.0,3.0,2.0,4.0,4.0,4.0,4,2,4.0,3.0,4.0,3,3,3,4.0,3.0,4.0,3,3,3,4.0,3,4,4,3.0,4,3,4.0,3,3,3,3,4.0,2,3.0,3.0,3.0,3.0,4.0,3.0,3.0,4,3.0,4.0,4,4.0,3.0,4.0,4.0,3.0,4.0,2,3.0,3.0,3.0,4.0,3,4.0,3,3,4,3.0,4.0,3,4.0,1.0,4.0,4.0,4.0,4.0,3,4.0,3.0,4.0,4.0,4.0,3.0,3,3,3,4.0,4.0,4.0,3,3.0,3,3.0,4.0,4.0,4.0,4.0,3,4.0,3,4.0,4.0,3,3.0,4.0,4.0,4.0,3.0,4.0,4.0,3.0,3.0,3.0,4.0,3,4.0,3.0,4.0,4.0,4.0,3.0,4.0,3.0,4.0,4.0,3.0,3.0,3.0,4.0,4.0,3.0,3.0,4.0,4.0,4.0,4.0,4.0,3.0,4.0,4.0,4.0,3.0,3.0,4.0,3.0,3.0,4.0,4.0,4.0,4.0,4.0,4.0,4.0,4.0,4.0,3,3.0,4.0,51,7,1.176621935223489,-0.457538595281
3.0,3,3,3,4,4,4,4.0,4,4.0,3,3,4,3,4.0,3,4.0,4.0,4.0,4.0,4.0,4.0,4,4.0,4.0,4.0,2,4,4.0,4.0,4,3,4,4.0,4.0,4,4.0,4.0,4.0,3,3,4.0,3,3.0,3,4,3,4,4.0,4,3,3.0,2,4.0,3,4.0,4.0,4,3,3,3.0,4.0,4.0,1,4.0,3,4,3.0,3.0,4.0,4.0,3.0,4,4,3,4,3.0,3.0,4,4.0,4.0,4,4.0,3,3.0,4.0,3,4,3,0.0,4,4.0,2,2,4.0,4,4.0,4.0,4,4,3,4.0,3.0,4,3.0,4,4.0,4.0,3,4,3,4.0,4.0,4,4.0,4.0,4.0,3,4.0,4.0,4,4.0,4,4.0,3,4.0,4.0,4,4,4,4.0,4.0,4.0,4.0,4.0,3.0,4,4.0,4.0,4.0,4,4,4.0,3,4.0,3.0,4,4,3,3.0,3,4.0,3,4,4,4.0,4,4.0,4,3.0,4.0,3,4,4,4.0,4,4.0,4.0,4.0,3.0,2,3,3,4.0,3,4.0,3,3.0,4,4.0,3.0,3,3.0,4.0,4.0,4.0,4.0,3.0,4,3.0,4.0,4,4.0,3,3,4,4.0,4.0,3.0,4.0,4,4.0,3,4,3.0,4,4,3,3.0,4,4.0,4.0,3.0,3,3,3,3.0,3.0,3,4,3.0,4,3.0,3,4.0,3,4,3,4,3,4.0,3.0,3.0,3,4,3,1.0,4.0,3,3,3.0,4,4.0,3.0,3.0,3.0,3.0,3,3.0,4.0,4.0,3,3.0,4.0,4.0,3.0,3.0,4.0,4.0,4.0,4,4,4.0,3.0,3,2,4.0,4,0.0,3,3,4.0,4.0,4.0,4,3,4,4,4.0,4.0,3,4.0,4,2.0,3,4.0,3.0,4,4,3,4.0,4,4.0,4.0,3,4.0,3,4.0,4.0,4.0,3.0,4.0,4.0,4.0,3.0,2.0,4,4.0,3.0,4,3.0,4,4.0,4,4.0,3,3,4,4.0,3,4,4.0,4.0,4.0,4.0,4,2.0,4.0,4.0,4,4.0,4,4.0,4.0,3.0,3.0,4,4,4.0,4.0,3,3,4,4.0,4,4.0,4.0,4.0,3.0,4.0,4.0,0.0,4.0,4,4,3.0,4,4.0,4.0,4.0,4.0,4.0,4,4,4.0,4.0,4,3.0,3,4,1.0,4,4.0,4.0,3.0,3.0,4.0,4.0,4,2,4.0,4.0,3.0,3.0,4.0,4.0,3,4,3,4.0,3,4,4,0,3,4.0,3,4,4.0,3,4.0,4.0,4.0,3.0,4.0,4,4,4.0,4.0,3,4.0,4.0,4.0,4,4.0,4.0,3.0,4.0,4.0,4.0,4,4.0,4.0,3,4.0,4.0,4,4.0,4.0,4.0,3,4.0,4,4.0,4.0,4,4.0,4.0,4.0,4.0,1.0,3.0,4.0,4.0,4.0,3,3,4.0,3.0,1.0,4,4,3,4.0,4.0,4.0,4,3,4,0.0,3,3,4,3.0,1,4,4.0,4,3,4,3,4.0,4,4.0,2.0,4.0,3.0,4.0,4.0,4.0,4,4.0,4.0,3,4.0,4.0,4.0,4.0,4.0,4.0,4,4.0,4.0,4.0,4.0,3,4.0,3,3,4,4.0,4.0,4,4.0,4.0,4.0,4.0,4.0,4.0,4,4.0,4.0,3.0,4.0,4.0,4.0,4,4,4,4.0,4.0,4.0,4,4.0,3,4.0,4.0,4.0,4.0,4.0,3,4.0,4,4.0,4.0,3,4.0,4.0,4.0,4.0,4.0,4.0,4.0,4.0,3.0,3.0,4.0,4,4.0,4.0,4.0,4.0,4.0,4.0,4.0,3.0,4.0,4.0,4.0,1.0,3.0,3.0,4.0,4.0,3.0,4.0,4.0,4.0,4.0,4.0,4.0,4.0,4.0,4.0,4.0,4.0,4.0,3.0,4.0,4.0,4.0,0.0,4.0,4.0,3.0,4.0,4.0,4.0,4,3.0,4.0,52,7,1.1876755420739242,-0.3176619315944321
3.0,3,2,3,2,3,2,3.0,0,3.0,3,3,2,3,3.0,3,3.0,,3.0,3.0,3.0,3.0,2,3.0,2.0,3.0,3,3,3.0,1.0,3,2,3,2.0,3.0,3,3.0,3.0,3.0,3,3,3.0,2,3.0,2,2,2,3,3.0,3,3,3.0,3,3.0,3,3.0,3.0,3,3,3,3.0,3.0,3.0,3,3.0,2,2,3.0,3.0,3.0,3.0,3.0,2,3,3,3,3.0,2.0,2,3.0,3.0,3,3.0,3,3.0,3.0,3,3,2,3.0,2,2.0,2,3,3.0,3,2.0,2.0,2,3,3,3.0,3.0,3,3.0,2,3.0,3.0,3,2,2,2.0,3.0,3,3.0,3.0,3.0,3,3.0,3.0,3,3.0,3,0.0,3,3.0,3.0,3,1,3,3.0,3.0,3.0,3.0,2.0,3.0,3,3.0,3.0,1.0,2,3,3.0,3,3.0,2.0,3,2,3,3.0,3,2.0,2,3,3,2.0,3,3.0,3,3.0,3.0,3,3,3,3.0,3,2.0,3.0,2.0,3.0,2,2,3,3.0,3,3.0,3,3.0,3,3.0,3.0,1,3.0,3.0,3.0,3.0,3.0,3.0,3,3.0,3.0,3,,2,3,3,3.0,3.0,3.0,3.0,3,3.0,3,2,3.0,2,3,3,3.0,3,3.0,3.0,3.0,3,3,3,3.0,3.0,3,3,3.0,3,3.0,3,3.0,1,3,3,3,3,3.0,3.0,3.0,3,2,3,3.0,3.0,3,3,2.0,3,3.0,0.0,3.0,3.0,3.0,3,3.0,3.0,3.0,3,3.0,3.0,2.0,3.0,3.0,3.0,3.0,3.0,2,3,3.0,3.0,3,3,,2,3.0,3,2,3.0,3.0,3.0,3,3,3,3,3.0,3.0,3,3.0,3,3.0,3,3.0,3.0,2,3,3,3.0,3,3.0,3.0,3,3.0,3,3.0,3.0,3.0,3.0,3.0,3.0,3.0,3.0,3.0,3,3.0,3.0,3,3.0,3,2.0,3,3.0,2,3,2,3.0,2,3,3.0,3.0,2.0,3.0,3,3.0,3.0,3.0,3,3.0,3,2.0,3.0,3.0,3.0,3,1,3.0,3.0,3,2,2,3.0,2,3.0,3.0,3.0,3.0,3.0,3.0,3.0,3.0,3,3,3.0,3,3.0,3.0,1.0,3.0,0.0,3,2,3.0,3.0,1,3.0,3,2,3.0,3,2.0,3.0,3.0,3.0,3.0,3.0,3,3,3.0,3.0,3.0,3.0,3.0,3.0,3,3,3,2.0,2,3,3,3,3,3.0,3,3,3.0,3,3.0,3.0,3.0,3.0,3.0,3,2,3.0,3.0,2,2.0,3.0,3.0,2,3.0,3.0,3.0,3.0,3.0,3.0,2,3.0,3.0,3,3.0,3.0,2,3.0,,,3,3.0,3,3.0,3.0,3,3.0,3.0,3.0,3.0,3.0,3.0,,2.0,3.0,3,3,3.0,3.0,3.0,3,3,3,3.0,3.0,3.0,3,3,3,3.0,3,3,1,3.0,3,3,,3,3,3,3,3.0,3,3.0,3.0,3.0,3.0,3.0,3.0,3.0,2,3.0,3.0,3,3.0,3.0,3.0,3.0,3.0,1.0,3,3.0,1.0,2.0,3.0,3,3.0,3,3,2,3.0,3.0,3,3.0,3.0,,3.0,3.0,3.0,2,3.0,3.0,3.0,3.0,3.0,3.0,3,3,2,3.0,2.0,3.0,3,1.0,3,0.0,3.0,3.0,3.0,3.0,3,3.0,3,3.0,2.0,2,3.0,3.0,3.0,3.0,3.0,3.0,3.0,3.0,3.0,2.0,3.0,3,3.0,1.0,3.0,3.0,3.0,3.0,,3.0,3.0,3.0,3.0,3.0,3.0,3.0,0.0,3.0,3.0,3.0,3.0,3.0,3.0,,3.0,3.0,3.0,3.0,3.0,3.0,3.0,3.0,2.0,2.0,,,3.0,3.0,3.0,3.0,3.0,3.0,3,3.0,,53,7,1.2066672350584025,-0.22337480603581641
3.0,3,3,4,3,3,0,3.0,3,4.0,3,3,2,3,3.0,1,3.0,4.0,4.0,3.0,3.0,3.0,3,3.0,3.0,3.0,3,3,2.0,3.0,3,3,3,3.0,3.0,3,3.0,3.0,3.0,2,3,3.0,3,3.0,2,3,3,3,3.0,3,3,3.0,3,4.0,3,3.0,3.0,3,3,3,3.0,3.0,3.0,3,3.0,3,2,3.0,4.0,3.0,3.0,3.0,3,3,3,3,3.0,2.0,3,3.0,3.0,3,2.0,3,3.0,3.0,3,3,1,4.0,3,3.0,3,3,3.0,3,3.0,3.0,3,3,3,3.0,3.0,3,3.0,3,4.0,3.0,3,3,3,3.0,3.0,3,2.0,3.0,3.0,3,4.0,3.0,3,3.0,2,3.0,3,3.0,3.0,3,3,3,3.0,3.0,3.0,3.0,3.0,3.0,3,3.0,3.0,3.0,3,3,3.0,3,4.0,2.0,3,2,3,3.0,3,3.0,3,3,3,3.0,2,3.0,3,3.0,3.0,3,3,3,3.0,3,3.0,3.0,3.0,3.0,3,3,3,3.0,4,3.0,3,3.0,3,3.0,3.0,3,3.0,4.0,3.0,3.0,3.0,3.0,3,3.0,3.0,3,4.0,3,3,3,3.0,3.0,3.0,4.0,3,4.0,3,3,3.0,3,3,3,3.0,3,4.0,4.0,3.0,3,2,3,3.0,3.0,3,3,4.0,3,3.0,3,3.0,3,4,3,3,3,4.0,4.0,3.0,3,1,3,4.0,3.0,3,3,3.0,2,3.0,3.0,4.0,3.0,3.0,3,3.0,4.0,3.0,3,3.0,3.0,3.0,4.0,3.0,4.0,3.0,3.0,3,0,4.0,3.0,0,3,4.0,3,4.0,3,3,3.0,4.0,3.0,3,3,3,2,4.0,4.0,3,3.0,3,3.0,3,3.0,4.0,2,3,3,3.0,3,3.0,4.0,3,3.0,3,3.0,3.0,4.0,3.0,4.0,3.0,3.0,3.0,3.0,3,3.0,4.0,3,4.0,3,3.0,3,3.0,3,2,3,3.0,3,3,4.0,3.0,3.0,3.0,3,3.0,4.0,3.0,4,3.0,3,3.0,3.0,2.0,4.0,3,3,3.0,3.0,3,3,2,3.0,3,4.0,3.0,4.0,4.0,3.0,3.0,3.0,4.0,3,3,3.0,3,3.0,3.0,3.0,4.0,4.0,3,3,4.0,3.0,3,3.0,3,3,3.0,3,3.0,3.0,4.0,3.0,3.0,4.0,3,3,3.0,3.0,3.0,3.0,3.0,2.0,4,3,3,3.0,0,2,1,3,2,3.0,2,3,3.0,3,3.0,3.0,3.0,2.0,3.0,3,3,3.0,3.0,3,3.0,2.0,3.0,3,4.0,3.0,2.0,3.0,3.0,3.0,3,4.0,3.0,3,4.0,4.0,3,3.0,4.0,4.0,3,4.0,3,4.0,4.0,3,3.0,3.0,3.0,3.0,3.0,4.0,4.0,3.0,3.0,3,3,3.0,3.0,4.0,1,3,3,4.0,3.0,3.0,2,3,3,3.0,3,3,3,3.0,3,3,4.0,3,2,3,3,3.0,2,3.0,3.0,1.0,2.0,3.0,3.0,3.0,3,3.0,4.0,3,4.0,3.0,3.0,3.0,3.0,3.0,3,3.0,3.0,3.0,3.0,3,3.0,3,3,3,4.0,4.0,3,3.0,3.0,4.0,3.0,3.0,3.0,3,3.0,4.0,3.0,3.0,2.0,4.0,3,2,2,3.0,3.0,3.0,3,3.0,3,2.0,4.0,3.0,4.0,3.0,4,3.0,3,3.0,3.0,3,3.0,3.0,0.0,3.0,3.0,3.0,3.0,3.0,3.0,3.0,3.0,3,3.0,4.0,3.0,4.0,3.0,3.0,4.0,3.0,4.0,3.0,3.0,3.0,3.0,3.0,3.0,4.0,3.0,4.0,2.0,4.0,3.0,4.0,3.0,2.0,0.0,3.0,3.0,3.0,4.0,2.0,1.0,3.0,4.0,3.0,4.0,4.0,3.0,3.0,4.0,4.0,2,4.0,4.0,54,7,1.216790086141756,-0.476977696319318
3.0,3,2,3,3,3,3,3.0,3,3.0,3,3,3,3,3.0,0,3.0,,3.0,3.0,3.0,3.0,3,3.0,3.0,3.0,3,3,3.0,,3,3,3,3.0,3.0,3,3.0,3.0,,3,3,3.0,3,3.0,3,3,3,3,3.0,3,3,3.0,3,,3,,3.0,3,3,3,3.0,,3.0,3,3.0,3,3,3.0,3.0,3.0,3.0,3.0,3,3,2,3,3.0,3.0,3,2.0,3.0,3,3.0,1,3.0,3.0,3,3,3,,3,3.0,3,3,3.0,2,3.0,3.0,3,3,3,3.0,3.0,3,3.0,3,3.0,3.0,2,3,3,3.0,3.0,3,3.0,3.0,,3,3.0,3.0,3,3.0,3,,3,3.0,3.0,3,3,3,3.0,3.0,3.0,3.0,3.0,3.0,3,3.0,3.0,,3,3,3.0,3,3.0,3.0,3,3,3,3.0,3,3.0,2,3,3,3.0,3,3.0,3,2.0,3.0,3,3,3,2.0,3,3.0,3.0,3.0,1.0,2,3,3,3.0,3,3.0,2,3.0,3,3.0,3.0,3,3.0,3.0,3.0,2.0,3.0,3.0,3,3.0,3.0,3,3.0,2,3,3,3.0,,3.0,3.0,2,,2,3,3.0,3,3,3,,3,,3.0,3.0,3,3,2,,3.0,3,3,3.0,3,3.0,1,3.0,2,3,3,3,3,3.0,3.0,3.0,3,3,3,3.0,3.0,3,3,3.0,2,3.0,3.0,3.0,,3.0,3,3.0,3.0,,3,3.0,,3.0,3.0,,,3.0,3.0,1,3,3.0,2.0,3,3,,3,,3,2,3.0,3.0,3.0,3,3,3,2,,3.0,3,1.0,3,3.0,3,3.0,3.0,2,3,3,3.0,3,3.0,,3,,3,2.0,3.0,,3.0,3.0,3.0,3.0,3.0,3.0,3,3.0,3.0,3,3.0,3,3.0,2,3.0,3,3,3,3.0,3,3,,,3.0,3.0,3,3.0,3.0,3.0,3,3.0,3,3.0,3.0,3.0,3.0,3,3,3.0,,1,3,3,3.0,3,3.0,3.0,,2.0,3.0,3.0,3.0,,3,3,3.0,3,3.0,,3.0,,,3,3,,3.0,3,3.0,3,3,,3,3.0,3.0,,3.0,3.0,3.0,3,3,0.0,3.0,,3.0,3.0,3.0,3,3,3,3.0,3,3,3,3,3,2.0,3,2,3.0,3,3.0,2.0,3.0,3.0,2.0,3,3,3.0,2.0,3,3.0,,3.0,3,,3.0,3.0,3.0,3.0,3.0,3,3.0,,3,3.0,3.0,3,3.0,3.0,3.0,3,,3,2.0,,3,3.0,,,,3.0,3.0,,3.0,3.0,3,0,3.0,3.0,3.0,3,3,3,3.0,3.0,3.0,3,3,3,3.0,2,3,2,3.0,3,3,,2,3,3,3,3.0,2,1.0,0.0,3.0,3.0,3.0,3.0,3.0,2,3.0,3.0,3,3.0,3.0,0.0,3.0,,3.0,3,3.0,3.0,3.0,3.0,0,3.0,3,3,3,,3.0,3,3.0,,,3.0,,3.0,3,3.0,,2.0,2.0,3.0,,3,3,3,3.0,3.0,3.0,2,3.0,3,1.0,3.0,3.0,,3.0,3,3.0,3,,3.0,3,3.0,3.0,3.0,3.0,3.0,3.0,3.0,,3.0,3.0,3.0,3,3.0,3.0,,,3.0,3.0,,3.0,3.0,3.0,3.0,3.0,,3.0,3.0,3.0,3.0,,3.0,,,,3.0,3.0,,,3.0,3.0,3.0,3.0,3.0,,,,,,3.0,3.0,3.0,,3,3.0,,55,7,1.3520887929705565,-0.11389949541408705
3.0,3,2,3,4,3,3,3.0,3,3.0,3,3,3,3,4.0,3,4.0,3.0,3.0,2.0,4.0,3.0,3,4.0,3.0,3.0,3,0,0.0,3.0,3,3,3,3.0,3.0,3,3.0,3.0,2.0,3,3,3.0,2,3.0,3,3,2,3,3.0,3,3,3.0,3,3.0,3,3.0,3.0,3,3,3,3.0,3.0,3.0,3,3.0,3,3,3.0,4.0,3.0,3.0,3.0,3,3,3,2,3.0,3.0,3,3.0,3.0,3,1.0,3,3.0,3.0,3,3,3,4.0,3,3.0,2,3,4.0,3,3.0,3.0,3,3,3,3.0,3.0,3,3.0,3,4.0,3.0,3,2,3,3.0,3.0,3,3.0,4.0,4.0,3,3.0,3.0,3,3.0,3,4.0,2,3.0,3.0,3,3,3,3.0,3.0,3.0,3.0,3.0,3.0,2,3.0,4.0,4.0,1,3,3.0,3,4.0,3.0,3,2,3,3.0,3,3.0,3,3,4,3.0,3,3.0,3,4.0,3.0,3,3,3,3.0,3,3.0,3.0,3.0,3.0,3,3,2,4.0,3,3.0,3,3.0,3,3.0,3.0,3,3.0,4.0,3.0,3.0,0.0,3.0,3,3.0,4.0,3,4.0,3,3,3,3.0,3.0,3.0,3.0,3,3.0,3,3,3.0,0,3,3,3.0,3,3.0,3.0,2.0,3,3,3,3.0,3.0,3,2,3.0,3,2.0,3,1.0,3,3,3,3,3,4.0,3.0,3.0,3,3,3,3.0,3.0,3,3,1.0,3,3.0,2.0,0.0,3.0,3.0,3,3.0,3.0,3.0,3,3.0,3.0,3.0,3.0,3.0,3.0,3.0,4.0,3,3,3.0,3.0,3,3,3.0,3,3.0,2,3,3.0,2.0,3.0,3,3,3,3,3.0,2.0,3,3.0,3,3.0,3,3.0,3.0,3,3,3,3.0,3,3.0,4.0,3,3.0,3,3.0,3.0,4.0,0.0,3.0,3.0,3.0,3.0,3.0,3,3.0,3.0,3,3.0,3,3.0,3,3.0,3,3,3,4.0,3,3,3.0,3.0,3.0,4.0,3,3.0,3.0,3.0,3,4.0,3,3.0,3.0,3.0,3.0,3,3,4.0,4.0,2,3,1,3.0,3,4.0,3.0,3.0,3.0,4.0,4.0,4.0,3.0,2,3,3.0,3,3.0,4.0,4.0,4.0,4.0,4,3,4.0,3.0,3,3.0,3,3,3.0,3,3.0,4.0,4.0,3.0,4.0,3.0,3,3,3.0,3.0,3.0,2.0,3.0,3.0,3,3,3,4.0,3,3,3,3,3,3.0,3,3,3.0,3,3.0,4.0,3.0,3.0,4.0,3,3,4.0,3.0,3,4.0,3.0,3.0,4,3.0,3.0,3.0,4.0,3.0,4.0,3,3.0,4.0,3,3.0,3.0,3,3.0,4.0,4.0,4,4.0,3,3.0,3.0,3,3.0,3.0,3.0,3.0,3.0,3.0,4.0,4.0,3.0,3,3,3.0,3.0,3.0,3,4,3,4.0,2.0,3.0,3,3,3,1.0,3,3,3,3.0,3,3,4.0,2,3,3,3,3.0,3,3.0,3.0,3.0,3.0,4.0,3.0,3.0,3,4.0,3.0,3,4.0,3.0,3.0,3.0,3.0,3.0,3,3.0,3.0,3.0,3.0,4,4.0,3,3,3,3.0,3.0,3,3.0,4.0,4.0,4.0,3.0,3.0,3,3.0,4.0,4.0,3.0,3.0,3.0,3,3,3,4.0,4.0,3.0,4,3.0,3,3.0,4.0,4.0,4.0,4.0,3,4.0,3,3.0,4.0,3,3.0,4.0,3.0,3.0,3.0,3.0,4.0,3.0,3.0,4.0,3.0,3,4.0,3.0,2.0,4.0,4.0,3.0,4.0,4.0,4.0,3.0,3.0,2.0,4.0,3.0,3.0,4.0,3.0,4.0,3.0,4.0,4.0,4.0,4.0,4.0,4.0,4.0,4.0,4.0,4.0,3.0,3.0,3.0,4.0,4.0,4.0,4.0,4.0,3.0,4.0,4.0,2,3.0,4.0,56,7,1.1995689014419504,-0.47805015240014953
3.0,3,4,3,4,3,3,4.0,3,4.0,4,4,3,3,4.0,4,3.0,4.0,4.0,4.0,4.0,4.0,4,4.0,4.0,0.0,3,4,4.0,4.0,3,2,4,4.0,4.0,3,4.0,4.0,4.0,4,4,4.0,4,4.0,3,3,3,4,3.0,4,3,4.0,4,4.0,4,4.0,4.0,3,4,4,4.0,2.0,2.0,4,4.0,3,4,4.0,4.0,3.0,4.0,4.0,4,3,4,3,0.0,4.0,4,4.0,4.0,3,4.0,3,4.0,4.0,3,3,4,4.0,4,2.0,3,4,4.0,4,4.0,3.0,4,3,4,4.0,4.0,4,4.0,3,4.0,4.0,3,4,4,4.0,3.0,4,4.0,4.0,0.0,4,4.0,3.0,1,4.0,4,4.0,4,4.0,4.0,3,4,3,3.0,4.0,4.0,3.0,4.0,4.0,3,4.0,4.0,4.0,4,3,3.0,4,4.0,3.0,4,4,4,3.0,3,4.0,4,3,4,4.0,3,4.0,3,4.0,4.0,3,4,4,4.0,0,4.0,4.0,4.0,3.0,4,3,4,2.0,4,4.0,3,4.0,4,4.0,4.0,3,4.0,4.0,3.0,4.0,4.0,4.0,3,4.0,4.0,4,4.0,4,4,4,4.0,4.0,4.0,3.0,3,4.0,4,3,4.0,3,4,4,4.0,4,4.0,4.0,4.0,4,2,4,4.0,4.0,3,3,4.0,4,4.0,4,4.0,3,3,4,4,4,3.0,4.0,3.0,4,4,4,4.0,4.0,4,3,4.0,4,3.0,4.0,4.0,4.0,4.0,3,4.0,4.0,4.0,4,4.0,4.0,4.0,4.0,4.0,4.0,4.0,4.0,4,3,4.0,4.0,4,3,4.0,4,4.0,3,4,4.0,4.0,4.0,4,4,4,3,4.0,4.0,4,4.0,3,4.0,3,4.0,4.0,3,4,4,4.0,2,4.0,4.0,4,4.0,3,4.0,4.0,4.0,4.0,4.0,4.0,4.0,4.0,3.0,3,4.0,4.0,4,4.0,4,4.0,4,4.0,4,4,4,4.0,4,4,4.0,4.0,3.0,4.0,4,4.0,4.0,4.0,4,4.0,4,4.0,3.0,4.0,4.0,4,4,4.0,4.0,4,4,3,4.0,4,4.0,4.0,2.0,4.0,4.0,4.0,4.0,4.0,4,4,4.0,4,3.0,4.0,4.0,4.0,4.0,4,3,4.0,4.0,4,3.0,4,4,4.0,3,4.0,4.0,3.0,3.0,4.0,4.0,3,3,4.0,4.0,3.0,4.0,2.0,4.0,4,4,4,3.0,3,2,3,4,3,1.0,3,4,4.0,3,4.0,4.0,3.0,0.0,4.0,4,3,4.0,4.0,3,4.0,4.0,3.0,4,4.0,4.0,3.0,4.0,4.0,4.0,3,4.0,4.0,3,4.0,4.0,4,4.0,4.0,4.0,4,4.0,4,4.0,4.0,3,4.0,4.0,4.0,4.0,2.0,4.0,,4.0,3.0,4,3,4.0,4.0,4.0,3,4,4,4.0,4.0,4.0,4,4,3,4.0,3,4,4,4.0,4,4,,4,4,4,3,4.0,4,4.0,4.0,2.0,4.0,4.0,4.0,4.0,4,3.0,4.0,3,4.0,4.0,4.0,4.0,4.0,4.0,3,4.0,3.0,4.0,4.0,4,4.0,4,4,4,4.0,4.0,4,4.0,4.0,,4.0,4.0,3.0,4,4.0,4.0,4.0,4.0,4.0,4.0,4,4,4,4.0,4.0,4.0,3,4.0,4,4.0,3.0,3.0,4.0,4.0,4,3.0,4,4.0,4.0,4,3.0,4.0,3.0,0.0,4.0,4.0,4.0,4.0,3.0,4.0,4.0,3,4.0,4.0,3.0,4.0,4.0,4.0,4.0,4.0,4.0,4.0,4.0,3.0,4.0,4.0,4.0,4.0,4.0,4.0,4.0,4.0,4.0,,4.0,4.0,4.0,4.0,4.0,4.0,4.0,4.0,4.0,3.0,4.0,4.0,2.0,4.0,4.0,4.0,3.0,4.0,4,4.0,4.0,57,7,1.2171317326411422,-0.305632869968812
3.0,3,2,3,3,3,3,3.0,3,3.0,3,3,2,2,4.0,3,3.0,4.0,3.0,3.0,4.0,3.0,3,2.0,3.0,3.0,3,3,3.0,3.0,3,3,3,3.0,3.0,3,3.0,3.0,2.0,3,3,3.0,3,1.0,3,2,3,3,3.0,3,3,3.0,3,3.0,4,3.0,3.0,3,3,3,3.0,4.0,1.0,3,3.0,3,3,4.0,3.0,3.0,4.0,3.0,3,3,3,3,3.0,3.0,3,3.0,3.0,0,3.0,3,3.0,3.0,3,3,3,4.0,3,3.0,3,3,3.0,2,4.0,3.0,3,3,3,3.0,3.0,3,3.0,3,4.0,3.0,3,4,3,3.0,3.0,3,4.0,4.0,3.0,3,3.0,3.0,3,4.0,3,4.0,3,3.0,3.0,3,3,3,3.0,3.0,3.0,3.0,4.0,3.0,2,3.0,4.0,4.0,2,3,4.0,3,3.0,3.0,3,3,4,3.0,3,3.0,3,3,3,3.0,3,3.0,3,3.0,3.0,3,3,3,4.0,3,3.0,3.0,3.0,3.0,3,3,3,3.0,4,3.0,2,3.0,4,3.0,3.0,3,0.0,3.0,3.0,3.0,3.0,3.0,4,3.0,3.0,3,4.0,3,3,3,3.0,3.0,3.0,4.0,3,4.0,3,3,3.0,3,3,3,4.0,3,4.0,4.0,3.0,3,3,3,3.0,4.0,3,3,4.0,2,3.0,3,3.0,3,3,2,3,3,3.0,4.0,3.0,3,3,3,3.0,3.0,2,3,3.0,3,3.0,4.0,3.0,3.0,2.0,3,4.0,3.0,4.0,3,3.0,4.0,0.0,3.0,4.0,4.0,3.0,4.0,3,3,3.0,3.0,3,3,3.0,3,4.0,3,3,3.0,4.0,3.0,3,3,3,3,4.0,4.0,1,4.0,3,3.0,2,4.0,3.0,3,3,3,2.0,3,3.0,4.0,3,3.0,3,3.0,4.0,4.0,3.0,2.0,3.0,3.0,3.0,3.0,3,3.0,4.0,3,3.0,3,3.0,3,3.0,3,2,3,3.0,3,3,4.0,3.0,3.0,3.0,3,3.0,4.0,3.0,3,4.0,3,3.0,3.0,0.0,1.0,3,3,3.0,3.0,3,2,3,4.0,3,4.0,3.0,3.0,4.0,3.0,4.0,4.0,3.0,3,3,3.0,3,3.0,4.0,3.0,4.0,4.0,0,3,3.0,3.0,3,3.0,3,2,1.0,3,3.0,4.0,4.0,4.0,4.0,4.0,3,3,4.0,3.0,3.0,3.0,3.0,3.0,3,3,3,4.0,3,3,3,3,2,3.0,3,3,3.0,3,3.0,3.0,2.0,3.0,3.0,3,3,3.0,3.0,2,3.0,3.0,3.0,3,4.0,3.0,3.0,3.0,4.0,3.0,3,3.0,4.0,3,3.0,3.0,3,3.0,3.0,4.0,3,4.0,3,4.0,3.0,4,3.0,4.0,3.0,4.0,4.0,4.0,4.0,3.0,3.0,3,3,4.0,3.0,4.0,3,3,0,3.0,3.0,3.0,3,3,3,3.0,2,3,3,3.0,3,3,4.0,2,3,3,3,1.0,3,3.0,3.0,3.0,3.0,3.0,3.0,3.0,3,3.0,3.0,3,3.0,3.0,3.0,3.0,4.0,3.0,3,3.0,1.0,3.0,3.0,3,4.0,3,3,3,3.0,3.0,3,3.0,4.0,4.0,3.0,2.0,4.0,3,3.0,3.0,3.0,3.0,3.0,3.0,3,3,3,3.0,3.0,4.0,3,3.0,3,2.0,4.0,4.0,4.0,3.0,3,3.0,3,3.0,3.0,3,3.0,3.0,4.0,3.0,4.0,3.0,3.0,4.0,3.0,3.0,3.0,1,3.0,3.0,4.0,4.0,4.0,3.0,4.0,3.0,4.0,3.0,3.0,3.0,3.0,3.0,3.0,3.0,3.0,4.0,3.0,4.0,3.0,4.0,4.0,4.0,3.0,3.0,4.0,3.0,3.0,3.0,4.0,3.0,4.0,4.0,4.0,4.0,4.0,4.0,4.0,4.0,3,3.0,4.0,58,7,1.209023742916577,-0.4476304797323764
3.0,3,3,3,3,3,3,3.0,3,4.0,3,4,1,3,3.0,0,4.0,4.0,4.0,3.0,4.0,3.0,3,4.0,3.0,3.0,3,3,3.0,4.0,3,3,3,3.0,3.0,3,4.0,3.0,3.0,3,3,3.0,3,3.0,3,3,3,3,4.0,3,3,3.0,3,3.0,3,3.0,3.0,3,3,3,3.0,3.0,3.0,3,3.0,2,3,3.0,4.0,2.0,3.0,3.0,3,4,3,3,3.0,3.0,3,3.0,4.0,3,3.0,2,3.0,4.0,3,3,3,4.0,3,3.0,3,3,3.0,3,4.0,4.0,3,3,3,3.0,4.0,3,3.0,3,4.0,4.0,3,3,3,4.0,0.0,3,3.0,1.0,4.0,3,4.0,3.0,3,3.0,4,4.0,3,4.0,3.0,3,3,3,3.0,4.0,3.0,3.0,3.0,3.0,3,4.0,4.0,4.0,3,3,3.0,3,3.0,4.0,3,3,3,3.0,3,3.0,3,3,3,4.0,4,3.0,0,1.0,4.0,3,3,3,4.0,3,3.0,3.0,4.0,4.0,3,3,3,3.0,3,3.0,3,4.0,4,4.0,3.0,3,3.0,4.0,3.0,3.0,3.0,4.0,4,3.0,4.0,3,4.0,2,3,4,3.0,4.0,4.0,4.0,3,4.0,3,3,3.0,3,2,4,3.0,3,4.0,3.0,4.0,3,3,2,3.0,3.0,3,3,3.0,3,4.0,3,3.0,3,4,3,3,3,4.0,3.0,3.0,3,3,3,3.0,3.0,3,3,4.0,2,4.0,3.0,4.0,4.0,3.0,3,4.0,4.0,3.0,3,3.0,4.0,4.0,4.0,4.0,4.0,3.0,3.0,3,3,3.0,3.0,3,3,3.0,3,4.0,3,3,3.0,4.0,2.0,3,3,2,3,4.0,4.0,4,4.0,4,3.0,3,3.0,4.0,3,3,3,3.0,4,3.0,4.0,3,4.0,3,3.0,4.0,4.0,3.0,4.0,3.0,4.0,3.0,3.0,3,4.0,4.0,3,4.0,4,4.0,3,3.0,3,3,3,3.0,3,3,4.0,3.0,3.0,3.0,3,3.0,3.0,3.0,3,4.0,3,3.0,3.0,3.0,3.0,3,3,4.0,3.0,3,3,1,3.0,3,4.0,4.0,4.0,4.0,4.0,4.0,3.0,4.0,3,3,3.0,3,3.0,2.0,4.0,4.0,3.0,3,3,4.0,4.0,3,3.0,3,3,4.0,2,3.0,3.0,4.0,4.0,4.0,3.0,3,3,4.0,3.0,3.0,3.0,4.0,4.0,3,3,3,3.0,3,3,3,3,2,3.0,3,4,3.0,3,3.0,3.0,3.0,3.0,4.0,4,3,3.0,3.0,3,3.0,3.0,3.0,4,4.0,3.0,4.0,4.0,3.0,4.0,3,4.0,4.0,3,4.0,4.0,1,3.0,3.0,4.0,3,3.0,3,4.0,4.0,4,1.0,4.0,4.0,4.0,3.0,4.0,4.0,2.0,3.0,3,2,4.0,4.0,4.0,3,3,3,4.0,3.0,3.0,3,2,3,3.0,3,0,3,3.0,3,4,4.0,3,0,3,3,2.0,3,3.0,3.0,4.0,3.0,3.0,4.0,3.0,3,3.0,4.0,4,3.0,3.0,4.0,4.0,4.0,4.0,3,3.0,3.0,3.0,3.0,2,3.0,3,3,3,4.0,3.0,3,3.0,3.0,4.0,3.0,4.0,4.0,3,4.0,4.0,3.0,3.0,4.0,4.0,2,3,3,4.0,3.0,4.0,3,2.0,4,3.0,3.0,3.0,4.0,4.0,3,3.0,3,4.0,2.0,3,4.0,3.0,4.0,4.0,3.0,4.0,3.0,4.0,4.0,3.0,4.0,3,4.0,3.0,4.0,4.0,3.0,3.0,4.0,0.0,3.0,3.0,2.0,3.0,3.0,4.0,3.0,4.0,3.0,4.0,4.0,4.0,3.0,4.0,3.0,3.0,4.0,4.0,3.0,4.0,4.0,3.0,4.0,4.0,4.0,4.0,4.0,4.0,4.0,4.0,4.0,4.0,3,4.0,4.0,59,7,1.1952356292076645,-0.5164965064069119
3.0,3,3,3,3,3,3,3.0,3,3.0,0,3,2,2,3.0,2,3.0,3.0,3.0,3.0,3.0,3.0,2,3.0,3.0,3.0,3,3,3.0,3.0,3,3,3,2.0,3.0,3,3.0,3.0,2.0,3,2,3.0,3,2.0,2,3,2,3,3.0,3,3,3.0,2,3.0,3,3.0,3.0,3,3,3,3.0,3.0,3.0,1,2.0,3,3,3.0,3.0,3.0,3.0,0.0,2,3,0,2,3.0,2.0,3,3.0,3.0,3,3.0,2,3.0,2.0,2,3,2,3.0,3,3.0,3,3,3.0,2,2.0,3.0,3,2,2,3.0,3.0,3,3.0,2,3.0,3.0,2,3,1,3.0,3.0,3,3.0,3.0,3.0,3,3.0,3.0,3,3.0,2,3.0,3,3.0,3.0,3,3,2,3.0,2.0,3.0,3.0,3.0,3.0,3,3.0,3.0,3.0,2,1,3.0,3,2.0,3.0,2,3,3,3.0,3,3.0,3,3,3,3.0,2,2.0,3,3.0,3.0,3,3,3,3.0,3,3.0,3.0,3.0,3.0,2,2,3,3.0,3,2.0,3,2.0,3,3.0,3.0,3,3.0,3.0,3.0,3.0,3.0,3.0,2,3.0,3.0,3,3.0,3,2,3,2.0,3.0,3.0,3.0,3,3.0,3,2,3.0,3,2,3,3.0,3,3.0,3.0,3.0,2,2,2,3.0,3.0,3,3,2.0,3,3.0,3,3.0,3,3,3,2,2,3.0,3.0,3.0,2,2,3,3.0,3.0,2,2,3.0,3,3.0,3.0,3.0,3.0,3.0,3,3.0,3.0,1.0,3,3.0,3.0,3.0,3.0,3.0,3.0,2.0,3.0,2,0,3.0,3.0,2,3,3.0,3,3.0,3,3,3.0,3.0,3.0,3,2,2,2,3.0,2.0,3,3.0,3,3.0,2,3.0,3.0,3,1,2,3.0,3,3.0,3.0,3,3.0,2,3.0,3.0,3.0,3.0,3.0,3.0,3.0,3.0,3.0,3,3.0,2.0,3,3.0,3,3.0,3,2.0,3,3,1,3.0,3,3,3.0,3.0,2.0,3.0,3,3.0,3.0,3.0,3,2.0,1,3.0,3.0,3.0,3.0,2,1,3.0,3.0,2,2,3,2.0,3,3.0,3.0,3.0,3.0,2.0,3.0,3.0,3.0,3,3,2.0,3,3.0,3.0,2.0,3.0,3.0,3,3,3.0,3.0,3,3.0,3,3,3.0,3,2.0,2.0,3.0,3.0,3.0,3.0,3,3,3.0,3.0,3.0,3.0,3.0,3.0,3,3,3,3.0,3,3,2,3,2,3.0,2,3,3.0,3,3.0,2.0,3.0,2.0,3.0,3,3,3.0,3.0,3,2.0,3.0,3.0,3,3.0,3.0,2.0,3.0,3.0,3.0,2,3.0,3.0,3,3.0,3.0,3,3.0,3.0,3.0,3,3.0,3,3.0,3.0,3,3.0,3.0,3.0,3.0,3.0,3.0,3.0,3.0,3.0,3,1,3.0,3.0,3.0,3,3,2,3.0,3.0,3.0,3,3,3,3.0,1,3,3,2.0,0,3,,3,3,3,3,2.0,2,3.0,3.0,3.0,3.0,3.0,3.0,3.0,3,3.0,3.0,3,3.0,3.0,3.0,3.0,2.0,3.0,2,3.0,2.0,3.0,3.0,2,3.0,3,2,3,3.0,3.0,2,3.0,3.0,,3.0,3.0,0.0,3,3.0,3.0,3.0,3.0,3.0,3.0,2,3,1,3.0,3.0,3.0,3,3.0,3,3.0,3.0,2.0,3.0,3.0,3,3.0,3,3.0,3.0,3,3.0,3.0,2.0,3.0,3.0,3.0,2.0,3.0,2.0,2.0,3.0,3,3.0,3.0,3.0,,3.0,3.0,3.0,3.0,3.0,3.0,3.0,2.0,3.0,3.0,3.0,3.0,2.0,3.0,3.0,1.0,3.0,3.0,3.0,3.0,3.0,3.0,3.0,3.0,3.0,3.0,3.0,3.0,3.0,3.0,3.0,3.0,3.0,3.0,3.0,3.0,3,3.0,,60,7,1.1839164414578922,-0.3209113502088609
3.0,3,3,3,3,3,3,3.0,3,3.0,3,3,2,2,3.0,0,3.0,,3.0,3.0,3.0,3.0,3,,3.0,,3,3,3.0,3.0,3,3,3,2.0,3.0,3,3.0,,3.0,3,3,3.0,3,3.0,0,3,3,3,3.0,3,3,3.0,3,3.0,3,3.0,3.0,3,3,3,3.0,3.0,3.0,3,3.0,3,3,3.0,,3.0,3.0,3.0,2,3,3,3,2.0,3.0,3,3.0,,3,3.0,2,3.0,3.0,3,1,2,,3,3.0,3,3,3.0,3,,3.0,3,3,2,3.0,3.0,3,3.0,2,,3.0,3,3,3,3.0,3.0,3,3.0,,3.0,3,3.0,3.0,3,3.0,0,3.0,2,3.0,3.0,3,3,3,3.0,3.0,3.0,3.0,3.0,3.0,3,3.0,,,3,3,3.0,3,3.0,3.0,3,3,1,3.0,3,3.0,3,3,3,3.0,3,3.0,3,3.0,3.0,3,3,3,3.0,3,,3.0,3.0,3.0,3,3,3,3.0,3,3.0,3,3.0,3,3.0,3.0,3,3.0,3.0,3.0,3.0,3.0,3.0,3,3.0,3.0,1,,3,2,3,3.0,,3.0,,3,,3,3,3.0,3,2,3,,3,,3.0,3.0,3,3,3,,3.0,3,3,3.0,3,3.0,3,3.0,3,3,2,3,3,3.0,3.0,3.0,3,3,3,3.0,1.0,3,2,3.0,3,3.0,3.0,,,3.0,3,3.0,3.0,3.0,3,3.0,,3.0,3.0,,,3.0,,3,3,3.0,3.0,3,3,3.0,3,,3,2,3.0,3.0,3.0,3,3,2,2,,3.0,3,3.0,3,3.0,3,3.0,3.0,3,3,3,3.0,3,3.0,,3,,3,3.0,,,0.0,3.0,3.0,3.0,3.0,3.0,3,3.0,3.0,3,3.0,3,3.0,3,3.0,3,3,3,3.0,3,3,3.0,3.0,3.0,3.0,2,3.0,,3.0,3,3.0,2,3.0,3.0,3.0,3.0,3,1,3.0,3.0,3,3,3,3.0,3,3.0,3.0,,3.0,3.0,,3.0,3.0,3,3,3.0,3,3.0,,1.0,3.0,3.0,3,3,3.0,3.0,3,3.0,3,3,3.0,3,3.0,3.0,3.0,3.0,3.0,3.0,3,3,,3.0,3.0,3.0,3.0,3.0,3,3,3,3.0,3,3,3,3,3,3.0,2,3,3.0,3,3.0,3.0,3.0,3.0,3.0,3,2,3.0,3.0,2,3.0,3.0,3.0,3,3.0,0.0,2.0,3.0,2.0,3.0,3,,,3,3.0,,2,3.0,,,3,,3,3.0,3.0,3,3.0,,3.0,3.0,3.0,3.0,,3.0,3.0,3,3,3.0,3.0,3.0,3,3,3,,3.0,3.0,3,3,3,3.0,2,3,3,3.0,1,3,,3,2,3,3,3.0,3,3.0,3.0,3.0,3.0,3.0,3.0,3.0,3,3.0,,3,3.0,3.0,3.0,2.0,3.0,,3,3.0,3.0,3.0,3.0,2,,3,3,3,3.0,3.0,3,3.0,3.0,,,3.0,3.0,3,3.0,,3.0,3.0,0.0,3.0,3,3,3,3.0,3.0,3.0,3,3.0,3,2.0,3.0,3.0,,3.0,3,3.0,3,1.0,3.0,3,3.0,3.0,3.0,3.0,,3.0,3.0,,3.0,3.0,1.0,3,3.0,3.0,3.0,,3.0,3.0,,3.0,,3.0,3.0,3.0,3.0,,3.0,,3.0,,3.0,3.0,3.0,,3.0,,,3.0,3.0,3.0,3.0,3.0,3.0,3.0,,,,,3.0,3.0,,,2,3.0,,61,7,1.3800934127878886,-0.17732024134781132
3.0,3,2,3,3,3,3,3.0,3,3.0,3,3,2,3,3.0,3,3.0,,3.0,3.0,,3.0,3,,3.0,3.0,3,3,3.0,,3,3,3,3.0,3.0,3,3.0,3.0,2.0,3,3,3.0,3,3.0,3,3,3,3,3.0,3,3,3.0,3,3.0,3,3.0,2.0,3,3,3,3.0,3.0,3.0,3,3.0,3,2,3.0,3.0,3.0,3.0,3.0,3,3,3,3,3.0,3.0,3,3.0,3.0,3,3.0,3,3.0,3.0,2,3,3,,3,3.0,3,3,3.0,3,3.0,3.0,3,3,3,3.0,3.0,3,3.0,3,,3.0,3,3,3,3.0,3.0,3,3.0,3.0,3.0,3,3.0,3.0,3,2.0,3,,3,3.0,3.0,3,3,3,3.0,3.0,3.0,3.0,3.0,3.0,3,3.0,3.0,,1,2,3.0,3,1.0,3.0,3,3,3,3.0,3,0.0,3,2,3,,3,3.0,3,3.0,3.0,3,3,3,3.0,3,3.0,3.0,3.0,,2,3,3,3.0,3,3.0,3,3.0,3,3.0,3.0,3,3.0,3.0,3.0,3.0,,3.0,3,3.0,3.0,3,,3,3,3,3.0,3.0,3.0,,3,,2,3,3.0,3,1,3,3.0,3,,,3.0,3,2,3,3.0,3.0,3,3,3.0,3,3.0,2,3.0,3,3,3,3,3,3.0,3.0,3.0,3,3,3,3.0,3.0,2,3,3.0,2,3.0,3.0,3.0,3.0,3.0,3,0.0,3.0,3.0,3,3.0,,,3.0,3.0,3.0,3.0,3.0,3,2,3.0,3.0,3,3,3.0,2,,1,2,3.0,,3.0,3,3,3,3,,3.0,3,3.0,3,3.0,2,3.0,,2,3,3,2.0,3,3.0,,3,,3,2.0,3.0,,3.0,3.0,2.0,3.0,1.0,3.0,3,3.0,3.0,2,3.0,3,,3,3.0,1,3,3,3.0,3,2,3.0,3.0,3.0,3.0,2,2.0,,3.0,2,3.0,3,3.0,3.0,3.0,3.0,3,2,3.0,3.0,3,3,3,3.0,3,3.0,3.0,,3.0,,3.0,3.0,,3,2,3.0,3,3.0,3.0,3.0,,,3,3,3.0,3.0,3,3.0,0,3,3.0,3,3.0,3.0,3.0,3.0,3.0,3.0,3,3,3.0,3.0,3.0,3.0,3.0,3.0,3,3,3,3.0,3,3,3,2,3,3.0,2,3,3.0,3,3.0,3.0,3.0,3.0,,3,3,3.0,2.0,1,3.0,3.0,3.0,3,3.0,3.0,1.0,3.0,3.0,,3,3.0,3.0,3,3.0,3.0,3,3.0,3.0,,3,,3,3.0,3.0,3,3.0,3.0,3.0,3.0,3.0,3.0,,3.0,3.0,3,2,3.0,3.0,3.0,3,3,3,3.0,3.0,3.0,3,3,3,3.0,3,3,3,2.0,3,3,,3,3,3,3,3.0,3,0.0,3.0,3.0,3.0,3.0,3.0,3.0,3,3.0,0.0,2,3.0,3.0,3.0,3.0,3.0,3.0,3,2.0,3.0,3.0,3.0,3,3.0,3,3,2,3.0,3.0,3,3.0,3.0,,3.0,3.0,3.0,3,3.0,3.0,3.0,3.0,3.0,,3,2,3,3.0,3.0,,3,1.0,3,3.0,,3.0,,3.0,3,3.0,3,3.0,3.0,3,3.0,3.0,3.0,3.0,,3.0,3.0,,3.0,3.0,3.0,3,3.0,3.0,,,3.0,3.0,3.0,3.0,,3.0,3.0,0.0,,,3.0,3.0,3.0,,3.0,,3.0,,3.0,3.0,3.0,,3.0,3.0,3.0,3.0,3.0,3.0,,,3.0,,3.0,3.0,,,3,,,62,7,1.3412421493370552,-0.225288032397879
3.0,3,2,3,3,3,3,3.0,3,4.0,3,3,2,3,4.0,4,4.0,4.0,4.0,4.0,4.0,4.0,3,3.0,3.0,3.0,3,3,3.0,4.0,3,3,4,3.0,4.0,3,3.0,4.0,3.0,0,3,4.0,3,4.0,3,3,3,4,3.0,3,3,3.0,3,2.0,4,3.0,3.0,4,3,2,3.0,4.0,2.0,3,2.0,3,3,4.0,4.0,4.0,4.0,4.0,3,3,3,3,3.0,3.0,3,4.0,3.0,3,4.0,3,4.0,4.0,3,3,3,0.0,3,4.0,3,2,3.0,3,3.0,3.0,3,3,3,4.0,3.0,3,3.0,3,4.0,4.0,3,4,3,4.0,3.0,3,3.0,3.0,3.0,3,4.0,3.0,3,4.0,4,4.0,3,3.0,2.0,4,4,3,4.0,3.0,3.0,3.0,3.0,3.0,3,3.0,4.0,4.0,3,3,3.0,3,3.0,3.0,3,3,3,3.0,3,3.0,3,3,3,3.0,3,3.0,4,3.0,4.0,4,3,3,3.0,3,1.0,4.0,4.0,4.0,3,1,3,4.0,4,3.0,3,3.0,4,4.0,4.0,2,4.0,3.0,3.0,4.0,4.0,3.0,3,4.0,4.0,3,4.0,3,3,2,3.0,3.0,4.0,3.0,3,4.0,3,3,3.0,3,3,4,3.0,3,3.0,4.0,3.0,3,3,2,4.0,4.0,3,3,3.0,4,4.0,3,3.0,3,3,3,3,3,4.0,1.0,4.0,2,3,3,3.0,3.0,3,3,3.0,3,3.0,4.0,4.0,3.0,3.0,3,3.0,3.0,4.0,4,3.0,4.0,4.0,3.0,4.0,4.0,3.0,3.0,3,3,3.0,4.0,3,3,4.0,3,4.0,4,3,2.0,4.0,3.0,3,3,3,3,4.0,4.0,3,4.0,3,4.0,3,4.0,4.0,3,3,2,4.0,3,3.0,4.0,3,3.0,3,3.0,4.0,2.0,4.0,4.0,4.0,4.0,4.0,4.0,3,4.0,3.0,4,4.0,4,4.0,3,3.0,2,3,3,4.0,0,3,4.0,3.0,2.0,4.0,3,4.0,3.0,4.0,3,3.0,3,4.0,3.0,3.0,4.0,4,3,4.0,4.0,1,3,4,3.0,3,3.0,3.0,4.0,4.0,3.0,3.0,3.0,3.0,3,2,3.0,3,3.0,4.0,3.0,4.0,4.0,4,3,3.0,3.0,3,3.0,3,4,4.0,3,3.0,3.0,3.0,3.0,3.0,4.0,3,3,4.0,4.0,4.0,4.0,3.0,3.0,3,3,3,4.0,3,4,3,3,3,3.0,3,3,3.0,3,3.0,3.0,3.0,3.0,4.0,3,3,4.0,3.0,3,4.0,4.0,3.0,4,3.0,3.0,4.0,3.0,4.0,4.0,3,4.0,4.0,3,4.0,4.0,3,3.0,4.0,4.0,3,4.0,3,3.0,4.0,3,4.0,4.0,4.0,3.0,4.0,4.0,4.0,4.0,3.0,3,3,1.0,4.0,4.0,3,3,3,4.0,3.0,4.0,3,3,3,3.0,1,3,4,3.0,3,3,4.0,3,3,4,3,4.0,3,3.0,3.0,3.0,3.0,4.0,1.0,3.0,4,4.0,3.0,3,3.0,4.0,3.0,4.0,3.0,3.0,3,4.0,3.0,3.0,3.0,3,4.0,3,3,4,3.0,4.0,3,4.0,3.0,4.0,4.0,4.0,4.0,4,4.0,3.0,4.0,3.0,4.0,0.0,3,3,3,4.0,4.0,2.0,3,4.0,3,3.0,4.0,3.0,4.0,4.0,4,3.0,4,4.0,4.0,3,3.0,3.0,4.0,3.0,4.0,4.0,2.0,4.0,3.0,3.0,4.0,0,4.0,3.0,4.0,4.0,4.0,3.0,4.0,3.0,4.0,4.0,3.0,3.0,3.0,4.0,3.0,4.0,4.0,4.0,4.0,4.0,4.0,4.0,4.0,0.0,3.0,3.0,3.0,3.0,4.0,3.0,4.0,4.0,4.0,4.0,3.0,4.0,3.0,3.0,3.0,4.0,4,4.0,4.0,63,7,1.165556964700909,-0.4348481330873613
4.0,4,3,3,4,4,4,0.0,4,4.0,3,4,4,4,4.0,4,3.0,,4.0,4.0,4.0,4.0,4,4.0,1.0,4.0,4,4,4.0,4.0,4,4,3,4.0,4.0,4,4.0,3.0,4.0,4,4,4.0,3,3.0,4,3,3,4,4.0,4,4,4.0,4,4.0,4,4.0,4.0,4,3,4,4.0,4.0,4.0,3,4.0,0,4,4.0,4.0,4.0,4.0,4.0,4,4,4,4,4.0,3.0,4,4.0,3.0,3,3.0,4,2.0,4.0,3,4,4,4.0,4,3.0,4,4,4.0,4,4.0,4.0,3,4,3,4.0,4.0,4,4.0,4,4.0,4.0,3,3,4,3.0,4.0,4,4.0,4.0,4.0,3,4.0,4.0,4,4.0,4,4.0,4,4.0,4.0,4,4,4,4.0,4.0,4.0,4.0,4.0,3.0,4,4.0,4.0,4.0,3,4,4.0,4,4.0,4.0,4,4,4,3.0,4,4.0,3,4,4,3.0,4,4.0,4,4.0,4.0,3,4,4,4.0,4,4.0,4.0,4.0,4.0,4,4,3,4.0,4,4.0,4,3.0,4,4.0,4.0,4,4.0,4.0,4.0,4.0,3.0,3.0,4,4.0,4.0,4,4.0,3,3,4,4.0,2.0,3.0,4.0,4,4.0,4,4,3.0,4,4,4,4.0,4,4.0,4.0,4.0,3,3,4,4.0,4.0,4,4,4.0,4,3.0,4,4.0,3,4,3,4,4,4.0,4.0,4.0,4,4,4,4.0,4.0,4,4,4.0,4,4.0,3.0,0.0,3.0,3.0,4,4.0,4.0,2.0,3,4.0,4.0,2.0,4.0,4.0,4.0,4.0,4.0,4,4,4.0,4.0,4,4,3.0,4,4.0,4,4,4.0,3.0,4.0,4,3,4,4,4.0,4.0,2,4.0,4,4.0,4,4.0,4.0,3,3,4,4.0,4,4.0,4.0,4,4.0,4,4.0,3.0,4.0,3.0,3.0,3.0,4.0,4.0,4.0,4,0.0,3.0,4,4.0,4,0.0,4,4.0,3,4,4,4.0,3,2,4.0,3.0,4.0,4.0,4,4.0,4.0,2.0,4,4.0,4,4.0,4.0,4.0,4.0,4,3,4.0,4.0,4,4,4,4.0,4,4.0,4.0,4.0,3.0,4.0,4.0,4.0,4.0,4,3,4.0,4,4.0,,4.0,4.0,4.0,4,4,4.0,4.0,3,4.0,4,3,4.0,4,4.0,3.0,4.0,3.0,4.0,4.0,4,4,4.0,3.0,4.0,3.0,4.0,4.0,3,3,4,4.0,4,4,4,3,4,4.0,4,4,4.0,4,4.0,4.0,4.0,4.0,4.0,4,3,2.0,4.0,4,4.0,4.0,4.0,4,3.0,4.0,4.0,4.0,4.0,4.0,4,4.0,4.0,4,4.0,1.0,4,4.0,4.0,4.0,4,4.0,4,4.0,4.0,4,3.0,4.0,4.0,4.0,4.0,4.0,4.0,4.0,3.0,4,4,4.0,3.0,4.0,2,4,3,4.0,4.0,4.0,4,4,3,3.0,3,3,4,4.0,4,4,,4,3,3,4,4.0,4,4.0,4.0,4.0,4.0,3.0,4.0,3.0,4,4.0,4.0,3,4.0,4.0,4.0,4.0,4.0,3.0,3,3.0,4.0,4.0,4.0,4,4.0,4,4,1,4.0,4.0,4,3.0,3.0,2.0,4.0,4.0,4.0,3,4.0,3.0,4.0,4.0,3.0,4.0,4,4,4,3.0,4.0,4.0,4,4.0,3,4.0,4.0,4.0,4.0,4.0,4,2.0,3,4.0,4.0,4,4.0,4.0,4.0,4.0,4.0,4.0,4.0,4.0,4.0,4.0,4.0,4,4.0,4.0,4.0,,4.0,4.0,4.0,4.0,4.0,0.0,4.0,4.0,4.0,4.0,4.0,4.0,4.0,4.0,4.0,,4.0,2.0,4.0,4.0,4.0,4.0,4.0,4.0,4.0,4.0,4.0,4.0,4.0,,4.0,4.0,4.0,4.0,4.0,4.0,3,4.0,4.0,64,7,1.255822775206737,-0.15936281665771992
3.0,3,3,3,3,3,3,3.0,4,4.0,4,4,3,3,3.0,3,3.0,4.0,4.0,3.0,4.0,3.0,3,3.0,4.0,4.0,3,3,3.0,4.0,3,3,1,3.0,3.0,3,4.0,4.0,2.0,3,3,3.0,3,3.0,3,3,3,3,4.0,3,4,4.0,3,3.0,3,4.0,3.0,3,3,3,3.0,4.0,3.0,3,3.0,3,3,4.0,4.0,4.0,4.0,3.0,3,3,3,3,4.0,3.0,3,2.0,4.0,3,4.0,3,3.0,3.0,3,3,3,4.0,3,4.0,3,3,4.0,3,4.0,4.0,3,3,3,4.0,1.0,3,3.0,4,4.0,4.0,3,3,3,3.0,3.0,4,4.0,3.0,4.0,3,3.0,3.0,4,4.0,3,2.0,4,3.0,3.0,3,4,2,4.0,4.0,4.0,2.0,3.0,3.0,3,0.0,3.0,4.0,3,3,3.0,3,3.0,3.0,3,4,4,4.0,3,4.0,2,3,3,3.0,3,3.0,3,4.0,3.0,3,3,3,4.0,3,3.0,4.0,3.0,3.0,3,3,3,3.0,3,3.0,3,3.0,4,3.0,3.0,3,3.0,3.0,4.0,3.0,4.0,4.0,3,4.0,4.0,2,4.0,3,3,3,3.0,3.0,3.0,4.0,3,4.0,3,3,3.0,4,3,3,3.0,3,4.0,4.0,3.0,3,4,3,4.0,3.0,3,3,3.0,3,3.0,3,4.0,3,3,3,3,3,3.0,4.0,3.0,3,3,3,3.0,3.0,2,3,3.0,3,3.0,3.0,4.0,3.0,3.0,2,3.0,3.0,3.0,3,3.0,4.0,3.0,3.0,0.0,4.0,3.0,3.0,3,2,3.0,4.0,4,3,3.0,3,3.0,3,1,4.0,4.0,3.0,3,3,4,3,4.0,4.0,3,4.0,3,3.0,3,4.0,4.0,3,3,2,0.0,3,3.0,4.0,3,3.0,3,3.0,4.0,1.0,3.0,4.0,3.0,4.0,3.0,4.0,4,4.0,3.0,4,4.0,3,4.0,3,3.0,3,3,3,4.0,3,3,3.0,4.0,3.0,3.0,3,4.0,3.0,3.0,3,4.0,3,3.0,4.0,3.0,3.0,3,3,4.0,3.0,3,2,3,4.0,3,3.0,4.0,3.0,3.0,4.0,3.0,3.0,4.0,3,3,3.0,3,4.0,4.0,3.0,4.0,0.0,3,3,3.0,3.0,2,4.0,4,3,3.0,3,4.0,3.0,4.0,3.0,4.0,3.0,3,2,4.0,4.0,3.0,4.0,3.0,3.0,3,2,3,3.0,2,3,3,3,1,3.0,3,1,3.0,3,4.0,3.0,3.0,3.0,4.0,3,3,3.0,3.0,3,3.0,3.0,4.0,3,4.0,3.0,3.0,3.0,3.0,1.0,3,3.0,4.0,3,3.0,4.0,4,3.0,4.0,4.0,3,4.0,3,3.0,4.0,3,3.0,3.0,4.0,4.0,3.0,1.0,4.0,4.0,3.0,4,3,4.0,3.0,4.0,3,4,3,4.0,4.0,3.0,3,4,3,4.0,2,4,3,4.0,3,3,4.0,3,3,4,3,3.0,3,3.0,2.0,3.0,3.0,4.0,3.0,4.0,4,3.0,4.0,4,3.0,3.0,3.0,4.0,4.0,4.0,3,3.0,2.0,3.0,3.0,3,4.0,3,3,3,3.0,4.0,3,3.0,3.0,4.0,3.0,4.0,4.0,3,4.0,3.0,3.0,4.0,3.0,4.0,4,3,3,3.0,3.0,4.0,3,3.0,3,3.0,4.0,4.0,4.0,3.0,3,4.0,2,3.0,3.0,4,0.0,4.0,4.0,3.0,4.0,3.0,3.0,4.0,3.0,3.0,4.0,3,4.0,1.0,4.0,4.0,4.0,3.0,4.0,3.0,2.0,3.0,3.0,3.0,3.0,4.0,3.0,0.0,3.0,4.0,3.0,4.0,4.0,4.0,3.0,4.0,4.0,4.0,4.0,3.0,4.0,4.0,4.0,3.0,4.0,4.0,4.0,4.0,4.0,4.0,3.0,3.0,3,4.0,4.0,65,7,1.167771034021939,-0.4009144708574116
2.0,3,2,3,3,2,3,3.0,2,3.0,3,3,2,3,3.0,3,3.0,,2.0,3.0,3.0,2.0,0,3.0,3.0,3.0,3,2,2.0,3.0,2,3,3,3.0,3.0,3,3.0,3.0,3.0,2,3,3.0,2,3.0,3,3,3,3,3.0,2,2,3.0,3,3.0,3,3.0,3.0,3,2,3,2.0,2.0,3.0,3,3.0,2,2,3.0,3.0,3.0,3.0,3.0,2,3,3,3,3.0,3.0,3,3.0,3.0,2,2.0,2,3.0,2.0,2,3,2,3.0,3,1.0,2,2,3.0,3,0.0,3.0,0,3,3,3.0,3.0,3,3.0,3,3.0,3.0,2,2,3,2.0,2.0,3,3.0,3.0,3.0,2,3.0,3.0,3,2.0,3,3.0,2,3.0,3.0,3,1,3,2.0,2.0,2.0,3.0,3.0,2.0,2,3.0,3.0,3.0,2,2,3.0,3,3.0,3.0,2,2,2,3.0,3,1.0,3,2,3,2.0,3,3.0,3,3.0,3.0,3,3,1,3.0,3,0.0,2.0,3.0,3.0,3,3,3,3.0,3,3.0,2,3.0,3,3.0,3.0,3,2.0,3.0,3.0,3.0,1.0,3.0,3,2.0,3.0,2,3.0,2,1,3,3.0,3.0,3.0,3.0,3,3.0,3,3,3.0,1,3,3,3.0,3,3.0,3.0,3.0,2,2,2,3.0,3.0,2,3,3.0,3,3.0,3,3.0,2,3,2,3,3,3.0,3.0,3.0,2,3,3,3.0,3.0,3,3,3.0,3,3.0,2.0,3.0,3.0,3.0,2,3.0,3.0,2.0,3,3.0,2.0,3.0,3.0,3.0,3.0,3.0,3.0,2,3,3.0,3.0,3,3,3.0,3,3.0,3,3,3.0,3.0,3.0,3,3,3,2,3.0,3.0,1,3.0,3,3.0,2,3.0,3.0,2,3,3,2.0,3,3.0,3.0,3,3.0,2,3.0,3.0,3.0,3.0,3.0,3.0,3.0,3.0,3.0,2,3.0,3.0,3,3.0,3,3.0,3,0.0,3,2,2,3.0,3,2,2.0,2.0,3.0,3.0,3,3.0,3.0,3.0,2,3.0,2,3.0,3.0,3.0,3.0,3,3,3.0,3.0,3,3,2,3.0,2,3.0,3.0,3.0,2.0,3.0,3.0,3.0,3.0,3,3,2.0,2,3.0,3.0,3.0,3.0,3.0,3,3,3.0,3.0,3,3.0,3,3,3.0,3,2.0,3.0,3.0,3.0,3.0,3.0,2,3,3.0,3.0,3.0,2.0,3.0,3.0,2,2,3,3.0,3,3,3,3,3,3.0,3,3,3.0,3,3.0,3.0,3.0,3.0,3.0,3,3,3.0,3.0,3,3.0,3.0,3.0,3,3.0,2.0,3.0,3.0,3.0,3.0,3,3.0,3.0,2,3.0,3.0,1,2.0,3.0,3.0,3,3.0,3,3.0,3.0,3,3.0,3.0,3.0,3.0,3.0,3.0,,3.0,3.0,1,3,3.0,1.0,3.0,3,3,2,3.0,3.0,3.0,3,3,3,3.0,2,2,2,3.0,2,3,,3,3,2,2,3.0,3,3.0,3.0,3.0,3.0,3.0,3.0,3.0,2,3.0,3.0,3,3.0,3.0,3.0,3.0,2.0,2.0,3,3.0,3.0,2.0,3.0,3,3.0,3,3,3,3.0,3.0,3,1.0,3.0,3.0,3.0,3.0,3.0,2,3.0,3.0,3.0,3.0,3.0,3.0,3,3,3,3.0,3.0,3.0,3,3.0,3,2.0,3.0,3.0,3.0,2.0,3,3.0,3,3.0,3.0,3,3.0,3.0,3.0,3.0,3.0,3.0,3.0,0.0,3.0,2.0,3.0,3,3.0,3.0,3.0,3.0,3.0,3.0,3.0,3.0,1.0,3.0,2.0,3.0,3.0,3.0,3.0,3.0,3.0,3.0,3.0,3.0,3.0,,3.0,3.0,3.0,3.0,3.0,3.0,3.0,3.0,3.0,3.0,,,3.0,3.0,3.0,3.0,3.0,3.0,3,3.0,3.0,66,7,1.1691466537476642,-0.35542364122048686
3.0,3,2,3,3,2,3,3.0,3,3.0,2,3,3,3,3.0,3,3.0,,3.0,3.0,2.0,3.0,3,3.0,3.0,3.0,3,3,3.0,3.0,3,3,3,3.0,0.0,3,3.0,3.0,0.0,3,3,3.0,3,3.0,3,2,2,3,3.0,3,2,3.0,3,3.0,3,3.0,3.0,3,2,3,3.0,3.0,3.0,3,3.0,3,3,3.0,3.0,3.0,3.0,3.0,2,3,2,3,3.0,2.0,3,3.0,3.0,3,3.0,3,3.0,3.0,3,1,3,3.0,3,3.0,3,3,3.0,2,3.0,3.0,3,3,3,1.0,3.0,3,2.0,2,,3.0,2,3,3,3.0,3.0,3,3.0,3.0,3.0,3,3.0,3.0,3,3.0,3,3.0,3,3.0,3.0,3,3,3,2.0,3.0,3.0,3.0,3.0,3.0,3,3.0,3.0,3.0,3,1,3.0,3,3.0,3.0,3,3,3,3.0,2,3.0,3,3,3,3.0,3,3.0,3,3.0,3.0,3,3,3,3.0,3,3.0,3.0,2.0,3.0,3,3,1,3.0,3,2.0,3,2.0,2,3.0,3.0,3,2.0,3.0,3.0,3.0,3.0,3.0,3,3.0,3.0,3,3.0,3,2,3,3.0,3.0,3.0,3.0,3,3.0,2,2,3.0,3,3,3,3.0,3,,3.0,3.0,3,2,3,3.0,3.0,3,3,3.0,3,2.0,3,3.0,3,2,3,3,3,3.0,3.0,3.0,3,3,3,3.0,3.0,2,3,3.0,3,3.0,3.0,3.0,3.0,3.0,2,3.0,3.0,3.0,3,3.0,3.0,2.0,3.0,3.0,3.0,3.0,3.0,3,2,3.0,3.0,2,3,3.0,3,3.0,3,2,3.0,3.0,3.0,0,3,2,2,3.0,3.0,3,3.0,1,3.0,2,3.0,3.0,3,3,3,3.0,3,2.0,3.0,3,3.0,2,3.0,3.0,3.0,2.0,3.0,3.0,3.0,3.0,3.0,3,3.0,3.0,2,2.0,3,3.0,3,3.0,3,3,3,3.0,3,3,3.0,3.0,3.0,3.0,3,3.0,3.0,3.0,3,3.0,3,3.0,3.0,3.0,3.0,3,3,3.0,3.0,3,3,3,3.0,3,3.0,3.0,3.0,3.0,3.0,3.0,3.0,3.0,3,3,3.0,2,3.0,3.0,3.0,3.0,,3,3,3.0,3.0,3,3.0,3,3,3.0,3,3.0,3.0,3.0,3.0,3.0,3.0,3,3,3.0,3.0,3.0,3.0,3.0,3.0,3,3,3,3.0,3,1,3,3,3,3.0,3,3,3.0,3,3.0,1.0,3.0,2.0,3.0,3,3,3.0,3.0,2,3.0,3.0,3.0,3,3.0,3.0,3.0,3.0,3.0,3.0,3,3.0,3.0,3,3.0,3.0,3,3.0,3.0,,3,3.0,3,2.0,3.0,3,3.0,3.0,3.0,3.0,3.0,3.0,,3.0,2.0,3,3,3.0,3.0,3.0,3,3,3,3.0,1.0,3.0,3,3,3,3.0,3,3,3,3.0,3,3,,3,3,3,3,0.0,3,3.0,3.0,3.0,3.0,2.0,3.0,3.0,3,3.0,3.0,3,3.0,3.0,3.0,3.0,3.0,3.0,3,3.0,3.0,3.0,3.0,3,3.0,3,3,3,3.0,3.0,3,3.0,3.0,,3.0,3.0,3.0,2,3.0,3.0,3.0,3.0,3.0,3.0,3,3,3,3.0,3.0,2.0,3,3.0,2,3.0,3.0,3.0,,3.0,2,3.0,3,3.0,3.0,3,3.0,2.0,3.0,0.0,3.0,3.0,3.0,3.0,3.0,3.0,3.0,3,3.0,3.0,3.0,,3.0,3.0,,3.0,,0.0,3.0,3.0,3.0,3.0,3.0,3.0,3.0,3.0,3.0,3.0,3.0,,3.0,3.0,,,3.0,3.0,,3.0,1.0,3.0,,,,,3.0,3.0,3.0,3.0,3,3.0,,67,7,1.2685629426547864,-0.1991047886967711
3.0,2,3,3,3,3,3,3.0,3,3.0,3,3,2,3,3.0,3,3.0,,3.0,3.0,3.0,2.0,3,3.0,2.0,3.0,3,3,3.0,3.0,3,2,3,3.0,3.0,1,3.0,3.0,3.0,3,3,3.0,3,3.0,2,3,2,3,3.0,3,2,3.0,2,3.0,3,3.0,3.0,3,3,3,3.0,3.0,3.0,1,3.0,3,3,3.0,3.0,3.0,3.0,3.0,3,3,3,3,2.0,3.0,3,3.0,3.0,3,3.0,2,3.0,3.0,3,3,3,3.0,3,3.0,3,3,3.0,3,3.0,3.0,2,2,3,3.0,3.0,3,3.0,3,,3.0,3,3,2,3.0,0.0,3,3.0,3.0,3.0,3,3.0,2.0,3,3.0,3,3.0,2,3.0,3.0,3,3,3,2.0,3.0,2.0,2.0,3.0,3.0,2,3.0,3.0,3.0,3,3,3.0,3,3.0,3.0,3,0,3,3.0,3,2.0,3,3,3,3.0,3,3.0,3,3.0,3.0,3,3,3,3.0,3,3.0,3.0,3.0,3.0,3,3,3,3.0,3,3.0,3,2.0,3,3.0,3.0,3,2.0,3.0,2.0,3.0,3.0,3.0,3,3.0,3.0,3,3.0,2,3,3,3.0,3.0,3.0,3.0,3,0.0,3,3,3.0,2,3,3,3.0,3,3.0,3.0,3.0,3,3,3,3.0,3.0,3,3,3.0,3,3.0,3,3.0,3,2,3,3,2,,3.0,3.0,3,2,3,3.0,3.0,3,3,3.0,2,3.0,3.0,3.0,3.0,3.0,3,3.0,,3.0,3,3.0,3.0,3.0,3.0,2.0,3.0,3.0,3.0,3,3,3.0,3.0,2,3,3.0,3,3.0,3,3,3.0,3.0,3.0,2,3,2,3,,3.0,2,3.0,3,3.0,3,3.0,3.0,3,3,3,0.0,2,3.0,3.0,3,3.0,0,3.0,2.0,3.0,3.0,3.0,3.0,3.0,3.0,3.0,2,3.0,3.0,3,3.0,3,3.0,3,3.0,3,3,3,3.0,2,3,3.0,3.0,2.0,3.0,3,3.0,3.0,3.0,3,3.0,3,3.0,2.0,3.0,3.0,3,3,,3.0,3,3,3,3.0,3,3.0,1.0,3.0,3.0,1.0,3.0,3.0,3.0,3,1,3.0,3,3.0,3.0,3.0,3.0,3.0,3,2,3.0,3.0,3,3.0,3,3,3.0,2,3.0,3.0,3.0,3.0,3.0,1.0,3,2,3.0,3.0,3.0,3.0,3.0,3.0,3,3,1,3.0,3,3,3,3,3,2.0,3,3,3.0,3,3.0,3.0,1.0,3.0,3.0,1,3,3.0,3.0,3,3.0,3.0,3.0,3,3.0,2.0,3.0,3.0,3.0,3.0,3,3.0,3.0,3,3.0,3.0,2,3.0,3.0,,3,3.0,3,,3.0,3,3.0,3.0,3.0,3.0,3.0,3.0,,2.0,3.0,3,3,3.0,3.0,,3,3,2,3.0,3.0,3.0,3,3,3,3.0,2,3,3,3.0,3,3,,3,3,3,3,3.0,3,3.0,3.0,3.0,3.0,3.0,3.0,3.0,3,3.0,3.0,3,3.0,1.0,3.0,3.0,3.0,2.0,3,3.0,3.0,3.0,3.0,3,3.0,3,3,3,,3.0,3,3.0,3.0,,3.0,3.0,3.0,3,3.0,3.0,3.0,3.0,3.0,3.0,3,3,3,3.0,3.0,3.0,3,3.0,3,3.0,3.0,3.0,3.0,3.0,3,1.0,3,2.0,3.0,3,3.0,3.0,3.0,3.0,3.0,3.0,3.0,3.0,3.0,3.0,,3,2.0,3.0,0.0,3.0,3.0,3.0,,3.0,,3.0,3.0,3.0,3.0,,3.0,3.0,3.0,3.0,3.0,3.0,,,3.0,3.0,,3.0,3.0,3.0,3.0,2.0,3.0,3.0,,,,3.0,3.0,3.0,3.0,3.0,3,3.0,,68,7,1.2809063645451517,-0.1827756567397286
3.0,3,3,3,3,3,4,4.0,3,4.0,3,4,3,3,4.0,3,4.0,0.0,4.0,3.0,3.0,4.0,4,3.0,4.0,3.0,3,4,4.0,4.0,3,3,4,4.0,4.0,3,3.0,4.0,3.0,3,3,3.0,3,3.0,3,4,3,4,3.0,3,3,3.0,3,3.0,4,3.0,3.0,3,4,3,4.0,3.0,3.0,3,4.0,2,3,3.0,4.0,3.0,4.0,4.0,3,3,3,3,3.0,4.0,4,3.0,3.0,3,4.0,3,4.0,4.0,1,4,4,4.0,4,4.0,3,3,4.0,3,3.0,4.0,3,3,3,4.0,3.0,3,3.0,4,4.0,4.0,2,3,4,4.0,4.0,2,3.0,3.0,3.0,3,3.0,4.0,4,4.0,3,4.0,3,4.0,4.0,4,3,2,4.0,4.0,4.0,4.0,3.0,3.0,3,4.0,4.0,4.0,3,3,3.0,3,4.0,4.0,3,3,3,3.0,3,4.0,3,4,4,4.0,3,3.0,4,4.0,3.0,3,3,3,3.0,3,1.0,4.0,3.0,4.0,4,4,3,4.0,3,3.0,3,3.0,3,4.0,2.0,3,4.0,3.0,4.0,4.0,3.0,3.0,3,3.0,4.0,3,3.0,3,4,2,4.0,3.0,3.0,3.0,3,3.0,3,4,3.0,3,3,3,3.0,4,3.0,3.0,1.0,2,3,3,4.0,4.0,3,4,3.0,4,3.0,3,3.0,3,0,3,3,0,3.0,1.0,4.0,3,2,3,3.0,3.0,3,3,4.0,3,3.0,3.0,3.0,3.0,4.0,3,3.0,4.0,3.0,3,3.0,3.0,4.0,3.0,3.0,3.0,4.0,3.0,1,4,3.0,3.0,3,3,3.0,3,3.0,4,2,3.0,3.0,3.0,4,2,3,3,4.0,4.0,3,4.0,3,0.0,3,3.0,4.0,3,3,3,4.0,3,3.0,3.0,4,3.0,2,3.0,3.0,4.0,4.0,4.0,3.0,4.0,3.0,4.0,3,4.0,3.0,4,3.0,4,4.0,3,3.0,3,3,3,3.0,3,3,3.0,3.0,3.0,4.0,4,4.0,3.0,4.0,3,4.0,3,3.0,3.0,3.0,4.0,4,4,4.0,3.0,3,4,3,4.0,3,3.0,3.0,3.0,2.0,4.0,4.0,4.0,4.0,3,3,3.0,3,4.0,4.0,4.0,0.0,4.0,4,3,3.0,4.0,3,4.0,4,4,4.0,3,4.0,3.0,1.0,4.0,4.0,3.0,3,3,3.0,0.0,4.0,3.0,4.0,4.0,2,3,4,3.0,3,3,3,3,3,4.0,3,4,4.0,4,4.0,4.0,4.0,3.0,4.0,4,3,3.0,4.0,4,4.0,4.0,4.0,4,4.0,3.0,3.0,4.0,3.0,4.0,3,3.0,2.0,4,3.0,3.0,3,3.0,4.0,4.0,3,3.0,3,4.0,3.0,3,3.0,3.0,4.0,4.0,3.0,2.0,4.0,4.0,3.0,3,3,2.0,3.0,4.0,4,4,3,3.0,3.0,3.0,3,3,3,4.0,3,3,4,3.0,4,4,4.0,4,4,4,3,3.0,4,4.0,4.0,3.0,4.0,4.0,4.0,4.0,4,3.0,4.0,2,4.0,4.0,3.0,4.0,3.0,4.0,3,4.0,4.0,4.0,2.0,4,4.0,3,3,3,3.0,4.0,3,3.0,4.0,4.0,3.0,4.0,2.0,4,4.0,3.0,4.0,4.0,4.0,4.0,2,4,3,4.0,3.0,3.0,4,4.0,4,4.0,4.0,3.0,4.0,4.0,4,3.0,3,4.0,4.0,4,4.0,4.0,3.0,4.0,3.0,4.0,3.0,3.0,3.0,3.0,3.0,3,4.0,4.0,4.0,4.0,4.0,4.0,4.0,3.0,3.0,4.0,3.0,3.0,3.0,3.0,4.0,3.0,3.0,4.0,4.0,4.0,4.0,4.0,2.0,3.0,4.0,3.0,3.0,4.0,4.0,4.0,4.0,3.0,4.0,4.0,4.0,4.0,3.0,3.0,4.0,4.0,3,3.0,4.0,69,7,1.1607326610413666,-0.3139945874548807
3.0,3,2,3,3,3,3,4.0,3,3.0,3,3,3,3,4.0,4,3.0,4.0,4.0,3.0,4.0,3.0,3,3.0,4.0,3.0,2,3,3.0,4.0,3,3,4,3.0,4.0,3,4.0,4.0,3.0,3,3,3.0,3,3.0,3,3,2,3,4.0,3,3,3.0,2,4.0,4,3.0,3.0,3,3,3,3.0,4.0,3.0,3,4.0,3,3,3.0,1.0,3.0,3.0,3.0,3,3,0,3,3.0,3.0,3,3.0,4.0,3,4.0,3,3.0,3.0,3,3,2,3.0,3,3.0,3,3,4.0,3,3.0,3.0,3,3,3,3.0,3.0,3,3.0,3,4.0,3.0,3,4,3,3.0,2.0,3,3.0,3.0,3.0,3,4.0,3.0,4,3.0,3,4.0,4,3.0,3.0,4,3,3,3.0,3.0,0.0,3.0,4.0,4.0,3,3.0,3.0,4.0,0,2,4.0,3,1.0,3.0,3,4,3,3.0,3,3.0,3,3,3,3.0,3,2.0,3,3.0,3.0,3,3,3,3.0,3,1.0,4.0,4.0,3.0,3,2,3,3.0,3,3.0,3,4.0,3,3.0,3.0,3,3.0,3.0,3.0,3.0,3.0,3.0,3,3.0,4.0,3,4.0,3,3,3,3.0,3.0,3.0,4.0,3,4.0,3,3,2.0,3,3,3,3.0,3,4.0,4.0,3.0,2,2,2,3.0,2.0,3,3,4.0,3,3.0,2,3.0,3,3,3,3,3,3.0,4.0,3.0,3,3,3,3.0,3.0,3,3,3.0,3,4.0,3.0,4.0,3.0,3.0,3,3.0,4.0,4.0,3,2.0,4.0,4.0,1.0,3.0,4.0,3.0,4.0,4,3,3.0,3.0,3,3,3.0,3,4.0,3,3,4.0,4.0,3.0,4,3,3,3,4.0,3.0,3,4.0,3,3.0,3,3.0,4.0,1,3,3,3.0,3,3.0,4.0,2,4.0,3,3.0,3.0,4.0,3.0,3.0,3.0,4.0,3.0,3.0,3,3.0,4.0,3,3.0,3,4.0,3,3.0,3,3,3,4.0,3,3,3.0,3.0,3.0,4.0,3,3.0,4.0,3.0,3,4.0,3,3.0,3.0,3.0,3.0,3,3,4.0,4.0,3,3,3,1.0,3,4.0,3.0,4.0,4.0,3.0,4.0,3.0,4.0,3,3,3.0,3,4.0,4.0,3.0,4.0,4.0,3,3,3.0,3.0,4,3.0,3,4,4.0,3,3.0,4.0,4.0,3.0,3.0,4.0,3,3,4.0,3.0,3.0,4.0,3.0,3.0,3,3,4,3.0,3,4,3,3,3,3.0,3,3,4.0,3,3.0,3.0,3.0,2.0,4.0,3,3,4.0,3.0,3,3.0,3.0,4.0,3,0.0,3.0,3.0,3.0,3.0,2.0,3,3.0,4.0,3,3.0,3.0,3,3.0,4.0,4.0,3,4.0,3,4.0,3.0,3,3.0,4.0,4.0,3.0,3.0,4.0,4.0,4.0,0.0,3,2,3.0,3.0,1.0,3,3,3,4.0,3.0,3.0,2,4,3,3.0,2,3,3,3.0,4,3,4.0,3,3,3,4,3.0,3,3.0,3.0,4.0,3.0,3.0,3.0,4.0,4,4.0,3.0,3,3.0,3.0,3.0,3.0,3.0,4.0,3,3.0,3.0,3.0,4.0,3,3.0,3,3,3,4.0,3.0,3,3.0,3.0,4.0,4.0,4.0,3.0,3,4.0,2.0,4.0,3.0,3.0,4.0,3,3,3,4.0,3.0,4.0,3,4.0,3,3.0,4.0,3.0,4.0,4.0,3,3.0,3,3.0,4.0,3,0.0,4.0,3.0,3.0,3.0,3.0,3.0,4.0,3.0,3.0,4.0,4,3.0,3.0,3.0,4.0,3.0,3.0,4.0,3.0,3.0,3.0,3.0,2.0,4.0,3.0,4.0,4.0,3.0,4.0,3.0,3.0,1.0,4.0,4.0,4.0,3.0,3.0,4.0,3.0,4.0,3.0,3.0,3.0,4.0,3.0,3.0,4.0,3.0,4.0,4.0,4.0,4,3.0,4.0,70,7,1.1834626940410615,-0.4413583040050651
3.0,2,3,3,3,3,3,3.0,3,3.0,3,2,2,3,3.0,4,3.0,4.0,3.0,3.0,3.0,2.0,3,3.0,3.0,3.0,3,3,3.0,3.0,2,3,3,3.0,3.0,3,3.0,3.0,3.0,3,1,3.0,2,3.0,3,3,2,3,3.0,3,3,3.0,3,3.0,4,3.0,3.0,3,3,3,3.0,3.0,3.0,3,0.0,3,3,4.0,4.0,3.0,4.0,4.0,2,3,3,3,3.0,3.0,2,4.0,3.0,2,3.0,3,4.0,3.0,3,3,0,4.0,3,3.0,3,3,4.0,1,3.0,3.0,3,3,3,3.0,4.0,3,2.0,3,3.0,3.0,3,3,3,2.0,3.0,3,3.0,3.0,3.0,3,4.0,3.0,3,3.0,3,3.0,3,3.0,3.0,3,3,3,3.0,3.0,2.0,1.0,3.0,3.0,3,3.0,3.0,4.0,2,2,3.0,3,3.0,3.0,3,3,3,4.0,3,3.0,3,3,3,3.0,3,3.0,3,3.0,3.0,3,3,3,2.0,3,3.0,3.0,4.0,2.0,3,3,3,0.0,3,3.0,3,4.0,4,3.0,3.0,3,3.0,4.0,3.0,4.0,4.0,4.0,3,3.0,3.0,3,4.0,3,3,3,3.0,3.0,4.0,3.0,3,4.0,3,3,3.0,3,3,3,3.0,3,4.0,4.0,3.0,3,3,2,3.0,3.0,3,3,3.0,3,4.0,3,3.0,3,3,3,3,3,3.0,3.0,4.0,3,3,3,3.0,3.0,3,3,4.0,3,3.0,3.0,4.0,3.0,3.0,3,4.0,4.0,4.0,3,3.0,4.0,3.0,4.0,4.0,4.0,3.0,4.0,3,3,3.0,4.0,2,3,4.0,3,3.0,3,3,4.0,3.0,3.0,3,3,3,2,4.0,3.0,3,4.0,4,4.0,3,4.0,3.0,3,3,3,3.0,3,2.0,4.0,4,4.0,3,3.0,4.0,4.0,2.0,4.0,3.0,3.0,4.0,3.0,3,3.0,4.0,3,3.0,3,4.0,3,2.0,3,3,3,3.0,3,3,3.0,3.0,3.0,3.0,3,3.0,3.0,3.0,3,3.0,3,3.0,3.0,3.0,3.0,3,3,3.0,3.0,3,3,3,3.0,3,3.0,3.0,4.0,4.0,3.0,4.0,3.0,3.0,3,2,3.0,3,3.0,3.0,0.0,4.0,0.0,1,3,3.0,3.0,3,3.0,3,3,4.0,3,3.0,4.0,3.0,3.0,3.0,4.0,3,3,4.0,3.0,3.0,4.0,3.0,3.0,3,3,3,3.0,3,1,3,4,3,3.0,3,3,3.0,3,3.0,2.0,3.0,3.0,3.0,1,2,3.0,3.0,3,3.0,3.0,2.0,3,3.0,3.0,3.0,3.0,3.0,3.0,3,4.0,3.0,3,4.0,3.0,3,3.0,4.0,4.0,3,3.0,3,2.0,4.0,3,1.0,3.0,3.0,3.0,3.0,4.0,4.0,3.0,3.0,3,3,3.0,4.0,4.0,3,4,3,4.0,3.0,3.0,3,3,3,3.0,3,3,3,0.0,3,3,4.0,3,3,3,4,3.0,3,3.0,3.0,3.0,3.0,3.0,3.0,3.0,3,4.0,3.0,4,3.0,3.0,3.0,3.0,3.0,3.0,3,3.0,3.0,3.0,4.0,3,3.0,3,1,3,4.0,4.0,3,3.0,3.0,4.0,4.0,3.0,3.0,3,3.0,3.0,3.0,3.0,3.0,4.0,3,3,3,3.0,3.0,4.0,3,3.0,3,3.0,4.0,3.0,4.0,3.0,3,3.0,3,1.0,3.0,3,3.0,3.0,3.0,3.0,3.0,3.0,3.0,4.0,3.0,3.0,1.0,3,3.0,4.0,3.0,4.0,4.0,3.0,4.0,3.0,4.0,3.0,3.0,3.0,4.0,4.0,3.0,4.0,3.0,3.0,3.0,3.0,4.0,4.0,4.0,4.0,4.0,3.0,3.0,3.0,4.0,3.0,3.0,3.0,4.0,4.0,4.0,4.0,4.0,3.0,3.0,4.0,3,3.0,4.0,71,7,1.2105457772518857,-0.41953402755890185
3.0,3,3,3,3,2,3,3.0,3,3.0,3,3,2,3,0.0,3,3.0,,3.0,3.0,2.0,3.0,2,3.0,3.0,3.0,3,3,3.0,3.0,3,3,3,3.0,3.0,3,3.0,3.0,3.0,3,3,3.0,3,3.0,3,3,3,3,3.0,2,3,1.0,3,3.0,3,3.0,3.0,3,3,3,3.0,3.0,3.0,3,3.0,3,2,3.0,3.0,3.0,3.0,3.0,2,3,2,2,3.0,3.0,3,,3.0,2,3.0,2,3.0,2.0,3,1,3,,2,3.0,3,3,3.0,3,3.0,3.0,3,3,3,3.0,3.0,3,3.0,3,3.0,3.0,3,2,3,3.0,3.0,3,3.0,3.0,3.0,3,3.0,3.0,3,2.0,3,3.0,3,3.0,3.0,3,3,3,3.0,3.0,3.0,3.0,3.0,3.0,3,3.0,3.0,,3,3,3.0,3,,3.0,3,3,3,3.0,2,0.0,2,3,3,3.0,3,3.0,3,3.0,3.0,3,2,3,3.0,3,3.0,3.0,3.0,3.0,3,3,3,3.0,3,3.0,2,3.0,3,3.0,3.0,3,3.0,,0.0,3.0,3.0,3.0,3,3.0,3.0,3,,3,3,3,3.0,3.0,3.0,3.0,3,,3,3,3.0,3,3,3,3.0,3,3.0,,3.0,3,3,3,3.0,3.0,3,3,3.0,3,3.0,3,3.0,2,3,2,3,2,3.0,3.0,3.0,2,3,3,3.0,3.0,3,3,3.0,3,3.0,3.0,3.0,3.0,3.0,3,3.0,3.0,2.0,3,3.0,,3.0,3.0,3.0,,3.0,,3,3,1.0,3.0,3,3,3.0,3,,2,3,3.0,3.0,3.0,3,3,3,0,,2.0,3,3.0,2,3.0,3,3.0,3.0,3,3,3,3.0,3,3.0,3.0,3,,3,3.0,3.0,,3.0,3.0,1.0,3.0,3.0,3.0,3,2.0,3.0,3,3.0,2,3.0,3,3.0,3,3,2,3.0,3,3,3.0,3.0,3.0,3.0,2,3.0,3.0,3.0,0,3.0,3,3.0,3.0,3.0,3.0,3,3,3.0,,3,3,3,3.0,3,3.0,3.0,3.0,3.0,3.0,,2.0,3.0,3,2,3.0,2,3.0,3.0,3.0,3.0,3.0,2,3,3.0,3.0,3,3.0,3,2,3.0,3,3.0,,3.0,3.0,3.0,3.0,3,3,3.0,3.0,3.0,3.0,3.0,1.0,3,3,3,3.0,3,3,3,3,3,3.0,2,3,3.0,3,3.0,2.0,3.0,3.0,3.0,3,3,3.0,3.0,3,0.0,3.0,1.0,3,3.0,3.0,3.0,1.0,3.0,3.0,3,3.0,,3,3.0,3.0,3,3.0,3.0,,3,3.0,3,3.0,3.0,3,3.0,,3.0,3.0,3.0,,,3.0,3.0,3,3,3.0,3.0,3.0,3,3,3,3.0,3.0,3.0,3,3,3,3.0,2,3,2,3.0,3,3,,3,3,3,3,3.0,3,3.0,3.0,3.0,3.0,3.0,3.0,3.0,3,3.0,2.0,3,3.0,3.0,3.0,3.0,3.0,3.0,2,3.0,3.0,2.0,3.0,3,,3,3,3,3.0,3.0,3,3.0,3.0,,3.0,3.0,3.0,1,3.0,3.0,3.0,3.0,3.0,3.0,3,3,3,3.0,3.0,,3,3.0,3,3.0,,3.0,,3.0,3,3.0,3,3.0,3.0,3,3.0,3.0,3.0,3.0,3.0,3.0,3.0,3.0,3.0,3.0,3.0,3,3.0,3.0,,,3.0,3.0,,3.0,,3.0,3.0,3.0,3.0,,3.0,,3.0,3.0,3.0,3.0,,,3.0,3.0,3.0,3.0,3.0,3.0,3.0,3.0,3.0,3.0,,,3.0,,3.0,3.0,3.0,3.0,2,3.0,,72,7,1.3008744038155804,-0.16104893017299282
3.0,3,3,3,3,3,4,1.0,3,3.0,3,4,3,3,4.0,3,4.0,4.0,4.0,4.0,3.0,3.0,3,4.0,4.0,3.0,3,3,3.0,3.0,3,0,4,3.0,3.0,3,4.0,4.0,3.0,3,3,2.0,3,3.0,3,3,3,3,4.0,3,4,4.0,3,3.0,3,3.0,4.0,3,4,3,4.0,3.0,4.0,3,3.0,3,3,3.0,0.0,4.0,4.0,4.0,3,4,4,3,3.0,4.0,4,4.0,4.0,3,3.0,3,4.0,3.0,3,3,3,4.0,4,4.0,3,3,3.0,3,3.0,3.0,2,3,3,4.0,3.0,3,4.0,3,4.0,4.0,3,4,4,4.0,4.0,4,4.0,3.0,4.0,3,4.0,3.0,4,3.0,4,4.0,3,3.0,4.0,4,3,3,3.0,4.0,2.0,4.0,4.0,3.0,3,3.0,4.0,4.0,3,3,4.0,4,4.0,4.0,3,3,3,4.0,3,3.0,3,4,3,4.0,3,4.0,3,3.0,3.0,3,3,3,2.0,3,4.0,4.0,3.0,3.0,3,3,3,4.0,3,3.0,3,3.0,3,4.0,4.0,3,3.0,3.0,3.0,3.0,3.0,3.0,3,3.0,4.0,0,3.0,3,3,3,3.0,4.0,3.0,2.0,4,3.0,3,3,4.0,3,2,3,3.0,4,3.0,3.0,3.0,3,3,3,4.0,3.0,3,3,3.0,3,3.0,2,3.0,4,2,3,3,3,4.0,3.0,4.0,4,3,3,3.0,3.0,3,4,4.0,3,4.0,3.0,3.0,3.0,3.0,3,4.0,3.0,3.0,3,3.0,1.0,4.0,3.0,4.0,3.0,4.0,4.0,2,0,3.0,3.0,3,2,4.0,4,4.0,3,3,3.0,0.0,3.0,3,3,4,3,4.0,4.0,2,4.0,3,3.0,3,3.0,4.0,3,0,3,3.0,4,3.0,4.0,3,3.0,1,4.0,3.0,4.0,3.0,3.0,3.0,4.0,3.0,4.0,3,3.0,3.0,2,3.0,4,4.0,3,3.0,3,3,3,4.0,3,4,3.0,3.0,4.0,4.0,3,4.0,3.0,3.0,3,4.0,3,4.0,3.0,3.0,3.0,3,3,3.0,3.0,3,3,3,4.0,4,4.0,4.0,4.0,1.0,4.0,4.0,4.0,4.0,4,3,3.0,3,4.0,4.0,3.0,4.0,4.0,4,3,3.0,4.0,3,3.0,3,2,4.0,3,3.0,3.0,3.0,4.0,4.0,3.0,3,3,4.0,3.0,3.0,2.0,3.0,4.0,3,3,3,3.0,3,3,4,3,3,4.0,3,3,4.0,3,4.0,3.0,4.0,4.0,4.0,4,3,3.0,4.0,4,4.0,3.0,4.0,4,4.0,3.0,4.0,4.0,4.0,4.0,4,3.0,4.0,4,4.0,4.0,4,4.0,3.0,4.0,3,4.0,1,4.0,3.0,4,3.0,4.0,4.0,4.0,3.0,3.0,4.0,4.0,4.0,3,3,4.0,3.0,4.0,3,4,3,4.0,3.0,3.0,3,3,3,3.0,2,3,3,4.0,4,3,4.0,3,3,3,2,4.0,3,3.0,3.0,3.0,3.0,4.0,4.0,4.0,4,4.0,3.0,4,4.0,4.0,4.0,4.0,3.0,4.0,3,4.0,4.0,4.0,3.0,3,2.0,3,3,3,2.0,3.0,3,4.0,4.0,4.0,4.0,3.0,3.0,3,4.0,3.0,4.0,4.0,3.0,4.0,4,1,3,4.0,4.0,4.0,3,3.0,4,3.0,4.0,3.0,4.0,4.0,3,4.0,4,4.0,4.0,4,3.0,4.0,3.0,4.0,4.0,4.0,4.0,3.0,3.0,3.0,3.0,3,4.0,4.0,4.0,4.0,4.0,3.0,4.0,4.0,4.0,4.0,3.0,3.0,4.0,4.0,4.0,3.0,4.0,4.0,4.0,4.0,4.0,4.0,3.0,3.0,4.0,4.0,4.0,4.0,4.0,3.0,4.0,4.0,4.0,4.0,4.0,4.0,4.0,3.0,4.0,4.0,4,3.0,4.0,73,7,1.1755208068048693,-0.4239158253146972
2.0,3,3,3,3,3,3,3.0,2,4.0,3,4,2,3,3.0,3,3.0,4.0,3.0,3.0,3.0,3.0,3,3.0,3.0,3.0,3,3,3.0,3.0,3,3,3,3.0,3.0,3,3.0,3.0,3.0,3,1,3.0,3,3.0,3,3,3,2,3.0,3,3,0.0,3,3.0,3,3.0,3.0,2,3,3,3.0,3.0,3.0,3,3.0,3,3,3.0,4.0,3.0,3.0,3.0,3,3,3,3,3.0,3.0,3,3.0,3.0,3,3.0,3,3.0,4.0,3,3,3,3.0,3,3.0,3,3,1.0,3,4.0,3.0,2,3,3,3.0,3.0,3,3.0,3,4.0,3.0,3,3,3,3.0,3.0,3,3.0,2.0,3.0,2,3.0,3.0,3,3.0,2,0.0,3,3.0,3.0,3,3,3,3.0,3.0,3.0,3.0,3.0,3.0,3,3.0,3.0,3.0,3,3,3.0,3,0.0,2.0,3,3,2,3.0,3,3.0,3,3,3,3.0,3,3.0,1,3.0,3.0,3,3,3,3.0,3,4.0,3.0,3.0,3.0,2,1,2,3.0,3,3.0,3,2.0,3,3.0,3.0,3,3.0,4.0,3.0,1.0,3.0,4.0,3,3.0,4.0,3,4.0,2,3,3,3.0,3.0,4.0,3.0,2,3.0,3,3,3.0,3,3,3,3.0,3,4.0,4.0,3.0,3,3,3,3.0,3.0,3,3,3.0,3,3.0,3,3.0,3,3,3,3,3,3.0,3.0,3.0,3,3,3,3.0,3.0,3,3,3.0,3,3.0,3.0,4.0,3.0,3.0,1,3.0,3.0,4.0,3,4.0,3.0,4.0,3.0,3.0,4.0,3.0,3.0,3,3,3.0,4.0,3,3,3.0,3,3.0,3,3,3.0,3.0,3.0,3,3,3,3,3.0,4.0,3,3.0,3,3.0,3,3.0,3.0,3,3,3,3.0,4,3.0,3.0,3,3.0,3,3.0,3.0,3.0,4.0,4.0,3.0,3.0,3.0,3.0,3,3.0,3.0,3,4.0,3,3.0,3,3.0,3,3,3,3.0,3,3,4.0,2.0,3.0,4.0,0,3.0,3.0,3.0,3,3.0,3,3.0,4.0,3.0,3.0,3,3,3.0,3.0,3,3,3,4.0,3,3.0,3.0,4.0,4.0,3.0,4.0,4.0,3.0,3,3,3.0,3,3.0,4.0,4.0,4.0,4.0,4,3,4.0,3.0,1,3.0,3,3,3.0,2,3.0,3.0,3.0,3.0,3.0,1.0,3,3,3.0,3.0,3.0,3.0,4.0,3.0,3,3,3,3.0,3,3,3,3,3,3.0,2,3,3.0,3,3.0,3.0,3.0,3.0,1.0,2,3,4.0,3.0,3,4.0,3.0,3.0,3,4.0,3.0,3.0,3.0,3.0,3.0,3,3.0,4.0,3,2.0,3.0,3,2.0,4.0,4.0,2,4.0,3,4.0,4.0,3,4.0,3.0,3.0,4.0,3.0,3.0,4.0,3.0,4.0,3,4,4.0,3.0,3.0,3,4,3,4.0,3.0,3.0,3,3,3,3.0,3,3,4,3.0,3,3,4.0,3,3,2,3,4.0,3,3.0,3.0,3.0,4.0,3.0,4.0,3.0,3,3.0,4.0,3,3.0,3.0,3.0,0.0,4.0,4.0,3,3.0,3.0,3.0,4.0,3,3.0,3,3,3,3.0,3.0,3,3.0,3.0,4.0,3.0,3.0,3.0,3,3.0,4.0,3.0,3.0,3.0,4.0,3,3,3,3.0,3.0,4.0,3,3.0,3,3.0,4.0,4.0,4.0,3.0,4,3.0,3,3.0,3.0,3,4.0,4.0,4.0,4.0,4.0,3.0,3.0,3.0,2.0,2.0,4.0,3,3.0,2.0,4.0,4.0,4.0,4.0,4.0,3.0,4.0,4.0,2.0,3.0,0.0,4.0,3.0,4.0,3.0,4.0,4.0,4.0,4.0,4.0,3.0,4.0,4.0,4.0,3.0,4.0,4.0,3.0,3.0,3.0,4.0,4.0,3.0,3.0,4.0,3.0,4.0,3.0,3,3.0,4.0,74,7,1.212291777591846,-0.44832242935059463
2.0,3,3,3,3,1,3,3.0,3,3.0,3,3,3,3,3.0,3,3.0,,3.0,3.0,3.0,3.0,3,3.0,3.0,3.0,3,3,3.0,3.0,3,2,3,3.0,3.0,3,3.0,3.0,3.0,3,3,3.0,3,3.0,3,3,2,1,3.0,3,3,3.0,3,3.0,3,3.0,3.0,2,3,3,3.0,3.0,3.0,3,2.0,3,3,2.0,3.0,,3.0,3.0,0,3,3,3,3.0,3.0,3,3.0,1.0,3,3.0,3,3.0,3.0,3,3,3,3.0,3,3.0,2,3,,3,3.0,3.0,3,3,3,3.0,3.0,3,,3,,3.0,3,3,3,3.0,3.0,3,3.0,3.0,3.0,3,3.0,3.0,3,3.0,3,3.0,3,3.0,3.0,3,3,3,1.0,3.0,3.0,3.0,3.0,3.0,3,2.0,0.0,1.0,3,3,3.0,3,3.0,3.0,2,3,3,3.0,3,3.0,3,3,3,3.0,3,3.0,3,3.0,3.0,3,3,3,3.0,3,3.0,3.0,3.0,3.0,3,3,2,3.0,3,3.0,3,3.0,3,3.0,3.0,3,3.0,3.0,1.0,,3.0,3.0,2,3.0,3.0,3,,3,3,3,3.0,3.0,3.0,3.0,3,3.0,2,3,3.0,3,3,3,3.0,2,3.0,3.0,3.0,3,3,3,3.0,3.0,3,3,3.0,3,3.0,3,3.0,3,2,2,0,3,3.0,3.0,,3,3,3,3.0,3.0,3,3,3.0,3,3.0,3.0,3.0,3.0,3.0,3,3.0,,3.0,2,1.0,3.0,3.0,3.0,3.0,3.0,3.0,3.0,3,3,3.0,3.0,3,3,3.0,3,3.0,3,3,3.0,3.0,3.0,3,3,3,3,3.0,3.0,3,,2,3.0,3,3.0,3.0,3,3,2,3.0,3,2.0,2.0,3,3.0,3,3.0,3.0,3.0,3.0,3.0,3.0,3.0,3.0,3.0,3,1.0,1.0,3,3.0,3,3.0,3,3.0,3,3,2,3.0,3,3,,3.0,3.0,2.0,3,3.0,3.0,3.0,3,3.0,3,3.0,3.0,3.0,3.0,3,3,3.0,2.0,3,3,3,3.0,2,3.0,3.0,3.0,3.0,3.0,3.0,3.0,3.0,3,2,3.0,3,2.0,,3.0,3.0,,3,3,3.0,3.0,3,3.0,3,3,3.0,3,3.0,3.0,3.0,2.0,3.0,3.0,2,3,0.0,3.0,2.0,3.0,3.0,3.0,3,3,3,3.0,3,3,3,3,3,3.0,3,3,,3,3.0,,3.0,3.0,,3,3,3.0,,3,3.0,3.0,2.0,3,3.0,3.0,3.0,3.0,3.0,,3,3.0,,3,3.0,3.0,3,3.0,,,3,0.0,3,,3.0,3,3.0,3.0,3.0,3.0,3.0,3.0,,,3.0,3,2,3.0,3.0,3.0,3,3,3,,3.0,,3,3,3,3.0,3,3,3,3.0,3,3,,3,2,3,3,,3,3.0,3.0,2.0,3.0,3.0,3.0,,3,3.0,,3,3.0,3.0,,3.0,3.0,3.0,3,3.0,,3.0,3.0,3,,3,3,3,3.0,3.0,3,3.0,,2.0,2.0,3.0,3.0,3,3.0,3.0,3.0,3.0,3.0,3.0,3,3,3,,3.0,,3,,3,3.0,3.0,3.0,,3.0,3,3.0,3,3.0,,3,3.0,3.0,3.0,3.0,3.0,3.0,3.0,3.0,3.0,2.0,3.0,3,3.0,3.0,,1.0,3.0,3.0,,3.0,,3.0,3.0,3.0,0.0,,3.0,3.0,3.0,,,3.0,3.0,,,3.0,,3.0,3.0,3.0,3.0,,3.0,3.0,,3.0,3.0,3.0,3.0,3.0,,3.0,3,,,75,7,1.342626326627594,-0.0596911433624968
3.0,2,3,3,3,3,3,3.0,3,3.0,3,2,2,3,3.0,3,3.0,3.0,3.0,3.0,2.0,3.0,3,3.0,3.0,1.0,3,3,3.0,3.0,3,3,3,3.0,3.0,3,1.0,3.0,2.0,3,3,3.0,3,3.0,3,3,0,3,3.0,2,3,3.0,3,3.0,3,3.0,3.0,3,3,3,3.0,3.0,3.0,3,3.0,0,3,3.0,3.0,3.0,3.0,3.0,3,3,3,2,3.0,3.0,2,3.0,3.0,3,3.0,3,3.0,3.0,2,3,3,3.0,3,3.0,2,3,3.0,2,1.0,3.0,3,3,3,3.0,3.0,2,3.0,3,3.0,3.0,2,2,2,3.0,3.0,3,3.0,3.0,3.0,3,3.0,3.0,3,3.0,3,3.0,3,3.0,3.0,1,3,3,3.0,3.0,3.0,3.0,3.0,3.0,2,3.0,3.0,3.0,2,3,3.0,3,3.0,3.0,3,2,3,3.0,2,3.0,3,3,3,3.0,3,3.0,3,3.0,3.0,2,3,3,3.0,2,3.0,3.0,3.0,3.0,3,2,3,3.0,3,0.0,3,2.0,3,3.0,3.0,2,3.0,3.0,3.0,3.0,3.0,3.0,3,1.0,3.0,2,3.0,2,2,3,3.0,3.0,3.0,3.0,3,3.0,3,3,3.0,3,2,3,3.0,3,2.0,3.0,3.0,3,2,2,3.0,3.0,3,2,3.0,2,3.0,2,3.0,2,3,2,2,2,3.0,3.0,3.0,2,3,3,3.0,3.0,3,3,3.0,3,3.0,3.0,3.0,3.0,2.0,3,3.0,3.0,3.0,1,3.0,3.0,3.0,3.0,3.0,3.0,3.0,3.0,3,3,3.0,3.0,2,3,3.0,2,3.0,3,2,3.0,3.0,3.0,3,3,3,3,3.0,3.0,2,3.0,3,2.0,2,3.0,3.0,2,3,3,3.0,3,3.0,3.0,3,3.0,3,3.0,3.0,3.0,3.0,3.0,3.0,3.0,3.0,3.0,3,3.0,3.0,3,3.0,3,3.0,3,2.0,3,3,3,3.0,3,3,1.0,3.0,3.0,3.0,3,3.0,2.0,3.0,2,3.0,3,3.0,2.0,3.0,3.0,3,3,3.0,3.0,2,3,3,2.0,2,3.0,3.0,3.0,3.0,3.0,3.0,3.0,3.0,3,3,3.0,3,3.0,3.0,3.0,3.0,,3,3,0.0,3.0,3,3.0,3,3,3.0,0,3.0,3.0,3.0,3.0,3.0,3.0,3,3,3.0,3.0,2.0,3.0,3.0,3.0,3,3,3,3.0,3,3,3,3,3,3.0,2,3,3.0,2,3.0,3.0,3.0,3.0,3.0,3,2,3.0,2.0,3,3.0,3.0,3.0,2,3.0,3.0,3.0,3.0,3.0,3.0,3,3.0,3.0,3,3.0,3.0,3,3.0,3.0,3.0,3,3.0,2,3.0,3.0,3,2.0,3.0,3.0,3.0,2.0,3.0,,3.0,3.0,1,3,3.0,3.0,3.0,3,3,2,3.0,3.0,3.0,3,3,3,3.0,2,2,2,2.0,3,3,3.0,0,3,3,3,2.0,2,3.0,3.0,3.0,3.0,3.0,3.0,3.0,3,3.0,3.0,3,3.0,1.0,3.0,3.0,3.0,3.0,3,3.0,3.0,3.0,3.0,3,3.0,3,3,2,3.0,3.0,3,3.0,3.0,3.0,3.0,3.0,3.0,2,3.0,2.0,3.0,3.0,3.0,3.0,3,3,2,3.0,3.0,3.0,3,3.0,3,1.0,3.0,3.0,3.0,3.0,3,3.0,3,3.0,3.0,3,3.0,3.0,2.0,3.0,3.0,3.0,3.0,3.0,3.0,3.0,3.0,3,3.0,3.0,3.0,3.0,3.0,2.0,,3.0,3.0,3.0,3.0,1.0,3.0,3.0,3.0,3.0,3.0,3.0,3.0,3.0,3.0,,2.0,3.0,3.0,3.0,3.0,3.0,3.0,3.0,3.0,3.0,,,3.0,3.0,3.0,3.0,3.0,3.0,3,3.0,3.0,76,7,1.2223062064331907,-0.31207738581827327
3.0,2,2,3,3,3,2,3.0,2,3.0,3,3,2,2,3.0,3,3.0,3.0,3.0,3.0,3.0,3.0,3,3.0,3.0,3.0,3,3,2.0,3.0,3,2,3,3.0,2.0,3,3.0,3.0,3.0,3,3,3.0,3,3.0,3,3,3,3,3.0,3,2,3.0,3,3.0,3,3.0,3.0,3,3,3,1.0,3.0,2.0,2,3.0,3,3,3.0,3.0,3.0,3.0,3.0,3,3,3,3,1.0,3.0,3,3.0,3.0,3,3.0,2,2.0,2.0,3,2,3,,3,3.0,3,2,3.0,3,3.0,3.0,3,2,3,3.0,3.0,3,3.0,3,3.0,3.0,2,3,3,3.0,3.0,3,3.0,3.0,3.0,3,3.0,3.0,3,3.0,3,3.0,3,3.0,3.0,3,3,2,1.0,3.0,3.0,3.0,3.0,3.0,3,3.0,3.0,3.0,2,3,3.0,3,3.0,3.0,3,3,3,3.0,3,2.0,3,3,3,3.0,2,0.0,2,3.0,3.0,2,3,2,3.0,3,3.0,3.0,3.0,3.0,1,3,3,3.0,3,2.0,3,2.0,3,3.0,3.0,2,3.0,3.0,3.0,3.0,3.0,3.0,3,3.0,3.0,3,3.0,3,3,3,3.0,3.0,3.0,3.0,2,3.0,1,2,3.0,3,3,3,3.0,3,3.0,3.0,3.0,3,3,3,3.0,3.0,3,3,3.0,3,3.0,2,3.0,3,3,2,3,3,3.0,3.0,3.0,2,0,2,3.0,3.0,3,2,3.0,2,3.0,3.0,3.0,3.0,3.0,2,3.0,3.0,3.0,3,2.0,3.0,3.0,3.0,3.0,3.0,3.0,3.0,3,3,3.0,3.0,2,3,3.0,3,1.0,3,3,2.0,3.0,3.0,3,3,3,3,3.0,3.0,3,3.0,3,3.0,3,3.0,3.0,3,0,3,3.0,3,2.0,3.0,3,3.0,3,3.0,3.0,3.0,3.0,2.0,3.0,3.0,3.0,3.0,3,3.0,3.0,3,3.0,3,3.0,3,3.0,3,3,3,3.0,3,3,3.0,3.0,3.0,3.0,3,3.0,3.0,3.0,3,3.0,3,3.0,3.0,3.0,3.0,3,3,3.0,3.0,3,1,3,3.0,3,3.0,3.0,3.0,3.0,3.0,3.0,3.0,3.0,2,3,3.0,3,3.0,3.0,3.0,3.0,3.0,3,3,3.0,3.0,2,3.0,3,3,3.0,3,3.0,3.0,3.0,3.0,3.0,3.0,3,0,3.0,3.0,3.0,3.0,3.0,3.0,3,3,3,3.0,3,3,2,2,2,3.0,3,1,2.0,1,3.0,3.0,2.0,2.0,3.0,3,3,3.0,2.0,3,3.0,3.0,3.0,3,3.0,3.0,3.0,3.0,3.0,3.0,2,3.0,3.0,3,3.0,3.0,3,3.0,3.0,,3,3.0,3,3.0,3.0,3,3.0,1.0,3.0,3.0,3.0,3.0,,3.0,3.0,3,3,3.0,3.0,3.0,3,3,3,3.0,3.0,3.0,3,3,3,3.0,3,3,3,3.0,3,3,,3,2,3,3,3.0,3,3.0,2.0,3.0,3.0,3.0,3.0,3.0,0,3.0,3.0,3,3.0,3.0,3.0,3.0,3.0,3.0,3,3.0,2.0,3.0,3.0,2,3.0,3,3,3,3.0,3.0,3,2.0,3.0,,3.0,3.0,3.0,3,3.0,3.0,3.0,2.0,3.0,3.0,3,2,2,3.0,3.0,2.0,3,3.0,2,3.0,3.0,3.0,3.0,3.0,3,3.0,3,3.0,3.0,3,3.0,3.0,3.0,3.0,3.0,2.0,3.0,3.0,3.0,2.0,3.0,3,3.0,3.0,3.0,,3.0,2.0,,3.0,3.0,3.0,3.0,3.0,3.0,3.0,3.0,3.0,3.0,,3.0,3.0,,,3.0,3.0,3.0,3.0,0.0,3.0,3.0,2.0,3.0,3.0,3.0,,3.0,3.0,3.0,3.0,3.0,3.0,3,2.0,,77,7,1.2345375449215057,-0.25808358186325786
3.0,3,3,3,2,1,3,3.0,2,,2,3,3,3,3.0,3,3.0,,3.0,3.0,3.0,3.0,3,3.0,3.0,3.0,3,3,3.0,3.0,3,3,3,3.0,3.0,3,3.0,3.0,3.0,2,3,3.0,3,3.0,3,2,3,3,3.0,3,3,3.0,3,3.0,3,3.0,3.0,3,3,3,1.0,3.0,3.0,3,3.0,3,2,3.0,,3.0,3.0,3.0,3,3,3,3,3.0,3.0,3,3.0,3.0,2,3.0,3,3.0,3.0,3,3,3,3.0,3,3.0,3,2,2.0,3,3.0,3.0,0,3,3,3.0,3.0,3,3.0,3,,3.0,3,3,3,3.0,3.0,3,3.0,3.0,3.0,2,3.0,3.0,3,3.0,3,3.0,3,3.0,3.0,0,3,3,3.0,3.0,3.0,3.0,2.0,3.0,3,3.0,3.0,,3,3,3.0,3,3.0,3.0,3,3,3,3.0,3,3.0,3,3,3,3.0,3,3.0,3,3.0,3.0,3,3,3,,3,3.0,3.0,3.0,3.0,3,3,3,3.0,3,3.0,3,3.0,2,1.0,,3,3.0,3.0,,3.0,3.0,3.0,3,3.0,3.0,3,3.0,3,3,2,3.0,3.0,3.0,,3,3.0,3,3,3.0,3,2,0,3.0,2,,3.0,3.0,2,3,3,,2.0,3,3,3.0,3,3.0,2,3.0,2,3,2,3,3,3.0,3.0,3.0,2,1,3,3.0,3.0,3,3,3.0,2,3.0,3.0,,3.0,2.0,3,3.0,3.0,3.0,3,3.0,3.0,3.0,0.0,3.0,3.0,3.0,3.0,3,3,3.0,3.0,3,3,3.0,3,3.0,2,2,3.0,,3.0,3,3,3,3,3.0,3.0,3,3.0,3,3.0,3,3.0,3.0,2,3,3,3.0,3,3.0,3.0,3,3.0,3,3.0,3.0,3.0,3.0,3.0,3.0,3.0,3.0,,3,3.0,3.0,2,3.0,3,3.0,3,3.0,3,0,3,3.0,3,3,3.0,3.0,3.0,3.0,3,3.0,1.0,3.0,3,,2,3.0,3.0,3.0,3.0,3,2,3.0,,3,3,3,3.0,3,3.0,3.0,3.0,3.0,3.0,,3.0,,3,3,3.0,3,3.0,,3.0,,,3,3,3.0,3.0,3,3.0,3,3,3.0,3,3.0,3.0,3.0,3.0,3.0,3.0,3,3,,3.0,3.0,3.0,3.0,3.0,3,3,3,3.0,2,3,3,3,3,3.0,3,2,3.0,2,3.0,3.0,3.0,3.0,3.0,3,3,3.0,3.0,3,3.0,3.0,3.0,3,3.0,3.0,3.0,3.0,3.0,3.0,2,3.0,,3,3.0,3.0,2,3.0,3.0,,3,,3,3.0,3.0,3,3.0,,3.0,,3.0,3.0,,3.0,3.0,3,3,,3.0,3.0,3,3,3,3.0,3.0,3.0,3,3,3,3.0,3,3,3,3.0,3,3,,3,3,3,3,3.0,1,1.0,1.0,3.0,3.0,3.0,3.0,3.0,3,3.0,3.0,2,3.0,3.0,3.0,3.0,3.0,3.0,3,3.0,3.0,3.0,3.0,2,3.0,3,3,3,3.0,3.0,3,3.0,3.0,,3.0,3.0,,3,3.0,,2.0,3.0,3.0,,3,2,3,3.0,3.0,3.0,3,3.0,3,2.0,,3.0,3.0,3.0,3,3.0,3,,3.0,3,3.0,3.0,3.0,3.0,3.0,3.0,3.0,3.0,2.0,3.0,3.0,3,3.0,3.0,,,3.0,3.0,,3.0,3.0,3.0,3.0,3.0,3.0,3.0,3.0,,3.0,,3.0,,,,1.0,0.0,3.0,3.0,3.0,3.0,3.0,3.0,3.0,3.0,,,,,3.0,3.0,3.0,,3,,,78,7,1.3216431465697918,-0.18115389952082692
0.0,3,3,3,3,3,2,3.0,3,4.0,3,4,3,3,4.0,4,4.0,4.0,4.0,1.0,4.0,3.0,3,3.0,3.0,4.0,4,3,3.0,3.0,3,3,3,3.0,3.0,3,4.0,3.0,3.0,3,4,3.0,3,3.0,3,3,3,4,3.0,4,3,4.0,4,3.0,4,2.0,3.0,3,3,3,4.0,4.0,4.0,3,4.0,3,3,4.0,4.0,3.0,3.0,3.0,3,3,3,3,4.0,0.0,3,3.0,3.0,0,2.0,3,4.0,3.0,3,3,3,4.0,3,3.0,3,3,3.0,2,3.0,3.0,3,3,3,3.0,3.0,3,3.0,3,4.0,3.0,3,3,3,3.0,3.0,3,3.0,3.0,3.0,3,3.0,3.0,3,4.0,1,4.0,3,4.0,4.0,3,2,3,3.0,3.0,3.0,3.0,3.0,3.0,3,4.0,3.0,3.0,3,3,3.0,4,2.0,3.0,2,3,3,4.0,3,3.0,2,3,4,3.0,3,3.0,3,4.0,3.0,3,3,3,3.0,4,4.0,3.0,3.0,3.0,3,2,3,4.0,4,3.0,3,3.0,4,4.0,4.0,3,3.0,4.0,3.0,3.0,4.0,4.0,3,4.0,4.0,4,4.0,4,3,3,1.0,3.0,3.0,2.0,3,4.0,3,3,3.0,3,3,4,4.0,4,4.0,4.0,4.0,3,3,3,4.0,1.0,3,3,3.0,3,4.0,3,3.0,3,4,3,3,4,4.0,4.0,4.0,3,3,4,4.0,4.0,3,3,3.0,3,3.0,3.0,4.0,4.0,3.0,4,4.0,3.0,4.0,3,3.0,4.0,4.0,4.0,2.0,4.0,3.0,4.0,3,3,4.0,4.0,3,4,3.0,4,4.0,3,3,4.0,4.0,4.0,4,3,4,3,4.0,0.0,4,4.0,3,4.0,3,4.0,4.0,3,4,3,4.0,0,3.0,4.0,3,4.0,4,3.0,4.0,4.0,3.0,4.0,4.0,4.0,4.0,4.0,3,4.0,4.0,4,4.0,3,4.0,3,3.0,3,3,4,4.0,3,3,4.0,3.0,4.0,4.0,2,3.0,4.0,3.0,3,4.0,3,4.0,3.0,3.0,4.0,4,3,3.0,4.0,3,3,3,3.0,3,4.0,3.0,4.0,4.0,4.0,4.0,4.0,4.0,3,3,3.0,3,3.0,4.0,3.0,4.0,4.0,3,4,4.0,4.0,4,4.0,3,4,4.0,3,3.0,4.0,4.0,3.0,4.0,3.0,3,4,4.0,4.0,3.0,4.0,3.0,4.0,1,3,1,3.0,3,3,3,3,3,4.0,3,3,4.0,3,2.0,3.0,4.0,3.0,3.0,2,4,3.0,4.0,3,4.0,3.0,4.0,3,4.0,3.0,3.0,4.0,4.0,4.0,3,4.0,4.0,3,4.0,2.0,4,3.0,4.0,4.0,3,4.0,3,4.0,4.0,3,3.0,4.0,4.0,4.0,4.0,4.0,4.0,4.0,3.0,4,0,4.0,3.0,4.0,3,4,4,4.0,3.0,4.0,2,3,3,4.0,4,3,3,3.0,3,3,4.0,3,3,3,3,4.0,3,3.0,3.0,3.0,4.0,4.0,3.0,3.0,3,3.0,4.0,4,4.0,3.0,3.0,4.0,3.0,3.0,3,4.0,3.0,3.0,4.0,3,3.0,3,3,3,4.0,3.0,4,3.0,4.0,4.0,3.0,4.0,3.0,3,3.0,4.0,3.0,3.0,3.0,4.0,3,3,3,4.0,3.0,4.0,3,3.0,3,3.0,4.0,3.0,4.0,4.0,3,3.0,3,4.0,3.0,3,4.0,4.0,4.0,3.0,2.0,3.0,3.0,4.0,4.0,3.0,4.0,3,4.0,4.0,4.0,4.0,4.0,3.0,4.0,3.0,4.0,2.0,4.0,3.0,4.0,4.0,3.0,4.0,4.0,4.0,4.0,3.0,4.0,4.0,4.0,4.0,4.0,4.0,4.0,4.0,4.0,4.0,4.0,3.0,4.0,4.0,4.0,4.0,4.0,4.0,4.0,4.0,4,4.0,4.0,79,7,1.1834752180498251,-0.49816956074390845
3.0,2,2,3,3,3,3,3.0,3,3.0,3,3,2,3,3.0,2,3.0,,3.0,3.0,3.0,3.0,3,3.0,3.0,3.0,3,3,2.0,3.0,3,3,3,3.0,3.0,3,3.0,3.0,3.0,3,3,3.0,3,3.0,3,3,2,3,3.0,3,3,3.0,3,3.0,3,3.0,3.0,3,0,3,3.0,3.0,3.0,3,3.0,3,3,3.0,3.0,3.0,,3.0,3,3,3,3,3.0,3.0,3,3.0,3.0,2,3.0,3,3.0,2.0,3,3,3,3.0,3,3.0,3,3,3.0,3,3.0,3.0,2,3,0,3.0,3.0,3,3.0,3,,3.0,3,3,2,2.0,3.0,3,3.0,3.0,3.0,3,3.0,3.0,3,3.0,3,3.0,3,2.0,3.0,3,3,3,3.0,3.0,3.0,3.0,3.0,1.0,2,3.0,3.0,3.0,3,3,3.0,3,3.0,3.0,3,2,3,3.0,3,2.0,3,3,3,3.0,3,3.0,3,3.0,3.0,3,3,3,3.0,3,3.0,3.0,3.0,3.0,2,3,2,3.0,2,3.0,3,2.0,3,3.0,3.0,3,3.0,3.0,3.0,3.0,3.0,3.0,3,3.0,3.0,3,3.0,0,1,3,3.0,3.0,3.0,3.0,3,3.0,2,3,3.0,3,2,3,3.0,3,3.0,3.0,3.0,2,2,3,3.0,3.0,3,3,3.0,3,3.0,3,2.0,3,3,3,1,3,3.0,3.0,3.0,3,3,3,2.0,3.0,2,3,3.0,2,3.0,3.0,3.0,3.0,3.0,2,3.0,2.0,3.0,3,3.0,3.0,3.0,3.0,2.0,3.0,3.0,3.0,3,3,3.0,3.0,1,2,3.0,3,3.0,2,3,3.0,3.0,3.0,3,3,3,0,3.0,3.0,3,3.0,3,3.0,2,2.0,3.0,3,3,2,3.0,3,3.0,3.0,3,1.0,2,3.0,2.0,3.0,3.0,3.0,3.0,3.0,3.0,3.0,3,3.0,3.0,2,3.0,3,3.0,3,3.0,3,2,3,3.0,3,2,3.0,3.0,3.0,3.0,2,1.0,3.0,3.0,3,3.0,2,2.0,3.0,3.0,3.0,3,2,3.0,2.0,3,3,1,3.0,3,3.0,3.0,3.0,3.0,3.0,3.0,3.0,3.0,3,3,3.0,2,3.0,3.0,3.0,3.0,,3,2,3.0,3.0,3,3.0,3,3,3.0,3,3.0,2.0,3.0,3.0,3.0,3.0,2,3,0.0,3.0,3.0,3.0,3.0,3.0,2,3,3,3.0,3,3,3,3,3,3.0,3,3,3.0,3,3.0,3.0,3.0,3.0,3.0,3,3,3.0,3.0,3,3.0,3.0,3.0,3,3.0,3.0,3.0,3.0,3.0,3.0,3,3.0,3.0,3,3.0,3.0,2,3.0,3.0,,3,3.0,3,3.0,3.0,3,3.0,3.0,3.0,3.0,2.0,2.0,3.0,3.0,3.0,2,3,3.0,3.0,3.0,3,3,2,3.0,3.0,0.0,2,3,2,3.0,3,3,3,3.0,3,3,,3,2,3,3,3.0,3,3.0,3.0,3.0,3.0,3.0,3.0,3.0,3,3.0,3.0,3,3.0,1.0,3.0,3.0,3.0,3.0,3,3.0,3.0,3.0,3.0,3,3.0,3,3,3,3.0,3.0,3,3.0,3.0,,3.0,1.0,3.0,2,3.0,3.0,3.0,3.0,3.0,3.0,3,3,3,3.0,3.0,3.0,3,3.0,3,3.0,2.0,3.0,,3.0,3,3.0,3,3.0,3.0,2,3.0,3.0,3.0,3.0,3.0,3.0,3.0,3.0,3.0,3.0,3.0,2,3.0,3.0,3.0,,3.0,3.0,,2.0,3.0,3.0,3.0,3.0,3.0,3.0,3.0,1.0,3.0,,3.0,,3.0,,3.0,3.0,3.0,3.0,3.0,3.0,3.0,3.0,3.0,3.0,3.0,,3.0,3.0,3.0,3.0,3.0,3.0,3,3.0,,80,7,1.2589970501474925,-0.23921641218121004
3.0,2,3,3,3,3,3,3.0,3,3.0,3,3,2,3,3.0,3,3.0,,3.0,3.0,3.0,3.0,2,3.0,3.0,3.0,3,3,3.0,3.0,3,2,3,3.0,3.0,3,1.0,3.0,0.0,2,2,3.0,3,2.0,2,3,2,3,3.0,3,2,3.0,2,3.0,3,3.0,3.0,3,3,3,3.0,3.0,3.0,3,3.0,3,2,3.0,3.0,3.0,3.0,3.0,3,3,2,2,3.0,3.0,2,3.0,3.0,3,3.0,2,3.0,3.0,2,3,2,,3,3.0,3,3,3.0,2,3.0,3.0,2,2,2,3.0,3.0,3,3.0,3,3.0,3.0,3,3,1,3.0,3.0,3,3.0,3.0,3.0,3,3.0,3.0,3,3.0,3,3.0,3,3.0,3.0,3,3,3,2.0,3.0,1.0,3.0,3.0,3.0,1,3.0,3.0,3.0,3,3,3.0,3,3.0,3.0,3,3,3,3.0,2,3.0,3,3,3,3.0,2,3.0,3,3.0,3.0,3,3,3,3.0,3,3.0,3.0,3.0,3.0,3,3,2,3.0,3,3.0,2,3.0,3,3.0,1.0,3,3.0,3.0,3.0,3.0,3.0,3.0,3,3.0,3.0,3,3.0,2,3,3,3.0,3.0,3.0,3.0,3,3.0,3,3,3.0,3,2,3,3.0,0,3.0,3.0,3.0,3,3,1,1.0,3.0,3,3,3.0,3,3.0,3,3.0,2,3,2,2,2,3.0,3.0,3.0,2,0,3,3.0,3.0,3,3,3.0,2,3.0,3.0,3.0,3.0,3.0,3,3.0,3.0,3.0,3,3.0,3.0,3.0,3.0,3.0,3.0,2.0,3.0,3,3,3.0,3.0,3,3,3.0,3,3.0,3,3,3.0,3.0,3.0,3,3,3,2,3.0,3.0,3,3.0,3,3.0,3,3.0,3.0,3,3,3,3.0,3,3.0,3.0,3,3.0,3,3.0,3.0,3.0,3.0,3.0,3.0,2.0,3.0,3.0,3,3.0,3.0,3,3.0,3,3.0,3,2.0,3,3,2,3.0,2,3,3.0,3.0,3.0,3.0,3,3.0,3.0,3.0,2,3.0,3,3.0,3.0,3.0,3.0,2,3,3.0,3.0,3,2,3,3.0,2,3.0,2.0,2.0,3.0,3.0,3.0,3.0,3.0,3,2,3.0,3,3.0,3.0,3.0,3.0,3.0,0,3,3.0,3.0,3,3.0,3,3,3.0,3,3.0,3.0,3.0,2.0,3.0,3.0,3,3,3.0,3.0,2.0,3.0,3.0,2.0,3,3,3,3.0,3,2,2,3,3,3.0,3,3,3.0,3,3.0,2.0,3.0,3.0,3.0,0,2,3.0,3.0,3,3.0,3.0,3.0,3,3.0,3.0,3.0,3.0,3.0,3.0,2,3.0,3.0,3,3.0,3.0,3,3.0,3.0,3.0,2,3.0,3,,3.0,3,3.0,3.0,3.0,3.0,3.0,3.0,3.0,,3.0,3,2,3.0,3.0,3.0,3,3,2,3.0,3.0,3.0,3,3,2,3.0,0,3,3,3.0,3,3,3.0,3,3,3,3,3.0,2,3.0,3.0,3.0,3.0,3.0,2.0,3.0,3,3.0,3.0,3,3.0,3.0,3.0,3.0,2.0,3.0,3,2.0,3.0,3.0,3.0,3,2.0,3,3,3,3.0,3.0,3,3.0,3.0,,3.0,3.0,3.0,3,3.0,3.0,3.0,3.0,3.0,3.0,3,2,2,3.0,3.0,3.0,2,2.0,3,1.0,3.0,3.0,3.0,3.0,3,3.0,3,3.0,3.0,3,3.0,3.0,3.0,3.0,3.0,3.0,3.0,3.0,3.0,3.0,3.0,3,3.0,3.0,3.0,3.0,3.0,3.0,1.0,3.0,3.0,3.0,3.0,3.0,3.0,,3.0,2.0,3.0,3.0,3.0,3.0,3.0,,3.0,3.0,3.0,3.0,3.0,3.0,3.0,1.0,3.0,3.0,,,3.0,3.0,3.0,3.0,3.0,3.0,1,3.0,,81,7,1.237215650591447,-0.2952692314527105
3.0,1,3,3,3,3,3,3.0,3,3.0,3,3,3,3,3.0,3,3.0,3.0,2.0,1.0,3.0,3.0,3,3.0,3.0,3.0,3,2,3.0,3.0,3,3,3,3.0,3.0,3,3.0,3.0,3.0,3,3,3.0,3,3.0,3,3,3,3,3.0,3,3,3.0,3,3.0,3,3.0,2.0,3,2,3,3.0,3.0,3.0,3,3.0,3,3,3.0,3.0,3.0,3.0,3.0,3,3,3,3,3.0,3.0,2,3.0,3.0,3,3.0,3,3.0,3.0,3,3,3,3.0,3,3.0,3,3,3.0,3,3.0,3.0,3,3,3,1.0,3.0,3,3.0,3,3.0,3.0,3,1,3,3.0,3.0,3,3.0,2.0,3.0,3,2.0,3.0,2,2.0,3,3.0,2,2.0,3.0,3,3,3,3.0,3.0,3.0,3.0,3.0,1.0,3,3.0,3.0,3.0,3,3,3.0,3,3.0,3.0,3,2,3,2.0,3,3.0,3,3,3,3.0,3,3.0,3,3.0,3.0,2,3,3,3.0,3,,3.0,2.0,3.0,3,3,2,3.0,3,3.0,3,2.0,3,3.0,3.0,3,3.0,3.0,3.0,3.0,2.0,3.0,3,3.0,3.0,3,3.0,2,3,3,3.0,3.0,3.0,3.0,3,3.0,3,3,3.0,0,3,2,2.0,3,3.0,3.0,3.0,3,2,3,2.0,2.0,3,3,3.0,3,0.0,3,3.0,3,3,3,3,3,3.0,3.0,3.0,2,3,2,3.0,3.0,2,3,3.0,3,2.0,2.0,2.0,3.0,3.0,3,3.0,0.0,3.0,3,3.0,3.0,3.0,3.0,2.0,3.0,3.0,3.0,3,3,3.0,1.0,3,2,3.0,3,2.0,2,3,3.0,3.0,3.0,3,3,3,2,3.0,2.0,3,3.0,2,3.0,3,3.0,3.0,3,3,3,3.0,3,3.0,0.0,3,2.0,3,3.0,2.0,3.0,3.0,3.0,3.0,3.0,3.0,3.0,3,3.0,3.0,3,3.0,3,3.0,3,3.0,3,3,3,3.0,3,3,3.0,3.0,3.0,3.0,3,3.0,3.0,2.0,3,3.0,3,3.0,3.0,3.0,3.0,3,3,3.0,2.0,2,3,2,3.0,3,3.0,2.0,3.0,3.0,3.0,,3.0,3.0,3,3,2.0,3,3.0,,3.0,3.0,3.0,3,2,3.0,3.0,2,3.0,3,3,3.0,2,3.0,3.0,3.0,3.0,3.0,2.0,2,3,1.0,3.0,2.0,2.0,3.0,3.0,2,3,3,3.0,0,3,3,2,3,3.0,2,3,3.0,3,3.0,3.0,3.0,3.0,3.0,3,3,3.0,3.0,3,3.0,3.0,3.0,3,3.0,2.0,3.0,,3.0,3.0,3,3.0,3.0,3,3.0,3.0,3,3.0,3.0,,3,,3,3.0,3.0,3,3.0,3.0,3.0,3.0,1.0,3.0,0.0,3.0,3.0,2,3,3.0,3.0,3.0,3,2,3,3.0,2.0,1.0,3,3,3,3.0,3,3,3,3.0,3,3,,3,3,3,3,3.0,3,3.0,3.0,3.0,3.0,3.0,3.0,3.0,3,3.0,3.0,3,,3.0,3.0,3.0,3.0,3.0,3,3.0,3.0,3.0,3.0,3,3.0,3,3,3,3.0,3.0,3,3.0,3.0,3.0,3.0,3.0,3.0,3,,,3.0,3.0,3.0,3.0,3,3,2,3.0,2.0,3.0,3,3.0,3,3.0,3.0,3.0,3.0,3.0,3,3.0,3,3.0,2.0,3,3.0,3.0,3.0,3.0,3.0,3.0,3.0,3.0,1.0,3.0,3.0,3,3.0,3.0,3.0,,3.0,3.0,3.0,3.0,3.0,3.0,3.0,3.0,3.0,3.0,3.0,3.0,3.0,3.0,3.0,,3.0,,3.0,3.0,3.0,3.0,3.0,3.0,,3.0,3.0,3.0,3.0,,3.0,1.0,,3.0,3.0,3.0,3,3.0,,82,7,1.2367991290146978,-0.11898551238451367
3.0,2,2,3,3,3,3,3.0,4,3.0,3,3,2,3,3.0,3,3.0,4.0,3.0,4.0,3.0,3.0,3,4.0,3.0,3.0,3,3,3.0,3.0,3,3,3,3.0,4.0,3,3.0,4.0,3.0,3,3,3.0,0,3.0,3,3,2,3,3.0,3,3,3.0,3,3.0,3,3.0,3.0,4,3,3,4.0,3.0,3.0,3,3.0,3,3,3.0,3.0,3.0,4.0,3.0,3,3,3,3,3.0,3.0,1,3.0,4.0,3,3.0,3,3.0,4.0,3,3,3,4.0,3,3.0,3,3,3.0,3,4.0,4.0,3,3,3,3.0,3.0,3,4.0,3,4.0,4.0,3,3,3,3.0,3.0,3,3.0,3.0,2.0,3,3.0,3.0,3,3.0,3,4.0,3,3.0,3.0,3,4,2,3.0,3.0,3.0,3.0,4.0,3.0,3,3.0,3.0,4.0,3,3,3.0,0,3.0,3.0,3,3,3,3.0,3,3.0,3,3,3,3.0,3,4.0,3,3.0,3.0,3,4,3,4.0,3,4.0,3.0,4.0,3.0,3,3,3,3.0,3,3.0,3,3.0,3,3.0,3.0,3,4.0,3.0,3.0,4.0,3.0,4.0,3,3.0,3.0,3,4.0,1,3,3,0.0,3.0,3.0,3.0,3,3.0,3,2,3.0,3,3,3,2.0,4,3.0,4.0,3.0,3,3,2,3.0,4.0,3,3,3.0,3,3.0,3,3.0,2,3,2,3,1,3.0,3.0,4.0,3,3,3,3.0,3.0,3,3,3.0,3,3.0,3.0,3.0,2.0,3.0,3,3.0,4.0,3.0,2,3.0,4.0,3.0,3.0,3.0,3.0,3.0,3.0,3,3,3.0,3.0,3,3,3.0,3,3.0,2,3,3.0,3.0,3.0,3,2,3,3,4.0,3.0,3,4.0,3,3.0,2,3.0,3.0,3,3,3,3.0,3,1.0,4.0,3,3.0,3,3.0,3.0,4.0,3.0,4.0,3.0,3.0,3.0,3.0,3,4.0,3.0,3,1.0,3,3.0,3,0.0,3,3,3,3.0,2,3,3.0,3.0,3.0,4.0,3,3.0,3.0,3.0,3,3.0,3,3.0,3.0,3.0,3.0,3,3,3.0,3.0,3,3,3,3.0,3,3.0,3.0,3.0,3.0,3.0,3.0,4.0,3.0,3,1,2.0,3,3.0,4.0,4.0,3.0,4.0,3,3,3.0,3.0,3,3.0,3,3,3.0,3,3.0,3.0,2.0,3.0,4.0,3.0,3,3,3.0,3.0,3.0,3.0,3.0,3.0,3,3,3,4.0,3,3,3,3,3,4.0,3,3,3.0,3,3.0,3.0,3.0,3.0,3.0,3,3,2.0,3.0,3,4.0,3.0,3.0,4,4.0,3.0,3.0,3.0,4.0,3.0,3,3.0,4.0,3,3.0,3.0,3,3.0,3.0,4.0,3,4.0,4,4.0,3.0,3,3.0,3.0,3.0,3.0,3.0,3.0,4.0,3.0,3.0,3,3,3.0,3.0,3.0,3,3,3,3.0,3.0,3.0,3,2,3,3.0,3,3,3,3.0,3,3,4.0,3,3,3,3,0.0,3,3.0,3.0,3.0,3.0,3.0,3.0,3.0,3,3.0,4.0,3,3.0,3.0,2.0,4.0,2.0,3.0,3,3.0,3.0,3.0,3.0,3,4.0,3,3,3,3.0,4.0,3,3.0,4.0,4.0,3.0,4.0,4.0,3,4.0,3.0,4.0,4.0,3.0,3.0,3,3,3,4.0,4.0,4.0,3,4.0,4,3.0,4.0,4.0,4.0,4.0,4,3.0,4,3.0,4.0,3,3.0,3.0,3.0,4.0,3.0,3.0,4.0,4.0,3.0,3.0,3.0,3,4.0,0.0,4.0,4.0,4.0,3.0,4.0,3.0,4.0,4.0,3.0,3.0,3.0,4.0,3.0,2.0,4.0,4.0,4.0,4.0,4.0,4.0,4.0,4.0,4.0,3.0,3.0,3.0,4.0,3.0,4.0,4.0,4.0,4.0,4.0,4.0,4.0,3.0,4.0,4.0,3,3.0,4.0,83,7,1.2067843193982353,-0.4505721050416669
3.0,3,3,3,3,3,3,3.0,3,3.0,3,3,2,3,3.0,3,3.0,,3.0,3.0,3.0,3.0,3,3.0,3.0,3.0,2,3,3.0,3.0,2,3,3,3.0,2.0,3,1.0,3.0,3.0,2,3,2.0,2,3.0,2,3,2,3,3.0,3,2,3.0,3,3.0,2,3.0,3.0,2,3,3,3.0,3.0,3.0,2,2.0,2,2,3.0,3.0,3.0,3.0,3.0,3,3,3,3,3.0,3.0,3,3.0,3.0,3,3.0,3,3.0,3.0,3,3,3,3.0,0,3.0,2,2,3.0,3,3.0,3.0,3,3,1,3.0,3.0,3,3.0,2,,3.0,3,3,2,2.0,3.0,3,3.0,3.0,3.0,3,3.0,3.0,3,3.0,1,3.0,3,3.0,3.0,3,3,3,3.0,3.0,3.0,2.0,3.0,3.0,3,3.0,3.0,3.0,3,3,3.0,3,3.0,3.0,3,3,3,3.0,2,3.0,3,3,3,3.0,3,3.0,3,3.0,3.0,3,3,3,3.0,3,3.0,3.0,3.0,3.0,2,1,3,3.0,2,3.0,3,2.0,3,3.0,3.0,3,3.0,3.0,3.0,3.0,3.0,3.0,3,3.0,3.0,3,3.0,2,3,3,3.0,3.0,2.0,3.0,3,2.0,3,3,3.0,3,1,3,3.0,3,3.0,3.0,3.0,2,2,2,2.0,3.0,3,3,3.0,3,3.0,2,3.0,2,3,3,3,2,3.0,3.0,3.0,2,3,3,0.0,3.0,2,3,3.0,3,3.0,3.0,3.0,3.0,2.0,3,3.0,2.0,3.0,2,3.0,3.0,3.0,3.0,3.0,3.0,3.0,1.0,3,2,3.0,3.0,1,2,3.0,2,1.0,3,3,3.0,3.0,3.0,3,3,3,3,3.0,3.0,3,3.0,3,3.0,3,3.0,3.0,3,3,2,3.0,3,3.0,2.0,3,3.0,3,3.0,3.0,3.0,3.0,2.0,3.0,3.0,3.0,3.0,3,3.0,3.0,3,3.0,3,3.0,3,3.0,3,3,3,3.0,3,3,3.0,3.0,3.0,3.0,2,3.0,3.0,3.0,3,3.0,3,3.0,3.0,3.0,1.0,3,3,2.0,3.0,2,3,3,3.0,3,3.0,3.0,3.0,3.0,3.0,3.0,3.0,3.0,2,2,3.0,3,2.0,,3.0,3.0,3.0,3,3,3.0,3.0,2,3.0,3,3,3.0,2,3.0,3.0,3.0,3.0,3.0,3.0,3,2,3.0,3.0,3.0,3.0,3.0,3.0,3,3,3,3.0,3,3,3,3,3,3.0,2,3,0.0,3,3.0,3.0,3.0,2.0,3.0,3,3,3.0,3.0,0,3.0,3.0,0.0,3,3.0,3.0,3.0,3.0,3.0,3.0,2,3.0,3.0,3,3.0,3.0,2,3.0,3.0,3.0,2,3.0,2,3.0,3.0,3,3.0,3.0,3.0,3.0,3.0,3.0,,3.0,3.0,3,3,3.0,3.0,3.0,3,3,3,3.0,3.0,2.0,3,3,3,2.0,3,3,3,3.0,3,3,,3,3,3,3,3.0,3,3.0,3.0,2.0,3.0,3.0,3.0,3.0,3,3.0,3.0,3,3.0,3.0,3.0,3.0,3.0,3.0,3,3.0,3.0,3.0,2.0,3,3.0,3,1,3,3.0,3.0,2,3.0,2.0,3.0,3.0,3.0,3.0,3,3.0,3.0,3.0,3.0,3.0,3.0,3,2,0,3.0,3.0,,3,3.0,3,3.0,3.0,3.0,3.0,3.0,3,3.0,3,3.0,3.0,3,3.0,3.0,3.0,3.0,3.0,3.0,3.0,3.0,3.0,3.0,3.0,3,3.0,3.0,,,3.0,3.0,3.0,2.0,3.0,3.0,3.0,3.0,3.0,3.0,3.0,3.0,3.0,,3.0,3.0,3.0,,3.0,3.0,3.0,3.0,3.0,3.0,,3.0,3.0,3.0,3.0,,3.0,3.0,3.0,3.0,3.0,3.0,3,3.0,,84,7,1.2249836494440813,-0.22237826758185844
3.0,3,3,3,3,3,4,4.0,4,4.0,2,4,4,4,4.0,3,4.0,4.0,2.0,3.0,4.0,3.0,3,4.0,4.0,4.0,3,4,4.0,4.0,4,4,4,3.0,4.0,4,4.0,3.0,4.0,3,3,4.0,3,4.0,3,3,3,3,4.0,4,3,3.0,0,3.0,4,4.0,3.0,3,3,3,4.0,4.0,4.0,3,4.0,3,4,3.0,4.0,4.0,4.0,4.0,3,4,3,3,4.0,4.0,3,4.0,4.0,4,4.0,3,4.0,3.0,3,3,2,4.0,4,0.0,3,4,4.0,4,4.0,4.0,4,4,3,2.0,4.0,3,3.0,3,2.0,3.0,3,3,4,4.0,3.0,4,3.0,4.0,4.0,3,4.0,4.0,3,2.0,4,3.0,3,3.0,4.0,4,3,3,3.0,4.0,4.0,4.0,4.0,4.0,3,4.0,4.0,4.0,3,4,4.0,3,4.0,3.0,4,3,0,3.0,4,3.0,3,3,4,4.0,4,4.0,3,3.0,4.0,4,4,3,3.0,4,4.0,4.0,4.0,3.0,4,4,3,4.0,3,4.0,3,3.0,3,4.0,3.0,3,4.0,4.0,3.0,4.0,3.0,3.0,4,3.0,3.0,4,3.0,3,4,3,3.0,3.0,3.0,0.0,4,3.0,3,3,4.0,3,3,3,3.0,4,3.0,0.0,1.0,2,3,3,4.0,4.0,3,3,4.0,4,3.0,3,3.0,3,3,3,3,3,4.0,3.0,3.0,4,3,3,3.0,3.0,4,3,4.0,3,3.0,2.0,3.0,4.0,3.0,4,4.0,4.0,4.0,2,4.0,3.0,3.0,4.0,1.0,3.0,4.0,4.0,3,3,4.0,3.0,4,3,4.0,4,3.0,3,3,3.0,4.0,4.0,4,2,4,4,4.0,3.0,3,4.0,3,3.0,4,3.0,4.0,2,4,4,4.0,3,3.0,4.0,3,3.0,3,4.0,3.0,4.0,3.0,4.0,1.0,4.0,2.0,3.0,3,4.0,3.0,3,3.0,4,3.0,3,1.0,4,3,3,4.0,4,3,4.0,4.0,3.0,4.0,3,4.0,3.0,4.0,3,4.0,3,4.0,4.0,3.0,4.0,3,4,4.0,3.0,3,4,3,4.0,3,4.0,3.0,3.0,3.0,4.0,4.0,4.0,4.0,4,4,4.0,4,2.0,4.0,4.0,4.0,4.0,4,4,3.0,3.0,4,3.0,4,3,4.0,4,3.0,4.0,4.0,4.0,4.0,4.0,3,3,4.0,4.0,3.0,3.0,4.0,3.0,3,3,4,4.0,4,4,3,2,3,4.0,3,3,4.0,3,4.0,4.0,4.0,4.0,4.0,4,3,4.0,4.0,3,4.0,3.0,4.0,4,4.0,4.0,4.0,4.0,4.0,4.0,4,3.0,4.0,4,4.0,3.0,4,4.0,3.0,4.0,3,4.0,3,4.0,4.0,3,4.0,3.0,4.0,4.0,3.0,3.0,4.0,4.0,3.0,3,4,4.0,3.0,2.0,4,4,3,4.0,3.0,4.0,4,4,4,3.0,0,4,3,3.0,4,4,4.0,3,4,4,3,4.0,3,3.0,4.0,3.0,4.0,3.0,4.0,4.0,4,4.0,4.0,4,4.0,4.0,4.0,3.0,4.0,4.0,3,4.0,4.0,4.0,4.0,4,4.0,2,3,4,4.0,4.0,4,4.0,4.0,4.0,3.0,3.0,4.0,4,4.0,3.0,4.0,4.0,4.0,4.0,4,4,3,4.0,4.0,4.0,4,4.0,4,4.0,4.0,4.0,4.0,4.0,4,3.0,4,4.0,4.0,3,4.0,4.0,3.0,4.0,4.0,3.0,4.0,3.0,3.0,3.0,4.0,4,4.0,4.0,4.0,4.0,4.0,4.0,4.0,3.0,4.0,4.0,4.0,4.0,3.0,4.0,4.0,3.0,3.0,4.0,4.0,4.0,4.0,3.0,4.0,4.0,4.0,4.0,4.0,4.0,4.0,4.0,4.0,4.0,4.0,4.0,4.0,4.0,3.0,3.0,4.0,4.0,3,3.0,4.0,85,7,1.1751243276159544,-0.3340903108937381
3.0,2,3,3,1,3,2,3.0,3,3.0,3,3,2,3,3.0,3,3.0,,3.0,3.0,3.0,3.0,3,2.0,3.0,3.0,3,3,3.0,3.0,3,2,1,3.0,3.0,3,3.0,3.0,3.0,3,3,2.0,2,2.0,2,3,2,3,3.0,3,3,3.0,3,3.0,3,3.0,3.0,2,3,2,3.0,3.0,3.0,3,3.0,2,3,3.0,3.0,3.0,3.0,3.0,3,3,3,3,3.0,3.0,3,2.0,2.0,2,3.0,3,3.0,3.0,3,3,3,3.0,3,3.0,2,3,3.0,3,3.0,3.0,3,3,3,3.0,3.0,3,3.0,3,3.0,3.0,3,3,2,3.0,3.0,3,3.0,0.0,3.0,2,3.0,3.0,3,3.0,3,3.0,3,3.0,3.0,3,3,2,3.0,3.0,3.0,3.0,3.0,2.0,3,3.0,3.0,3.0,3,3,3.0,2,2.0,3.0,2,2,3,2.0,3,3.0,3,2,3,2.0,2,3.0,3,3.0,3.0,2,3,3,3.0,3,3.0,3.0,3.0,3.0,3,3,2,3.0,2,3.0,2,0.0,2,3.0,3.0,3,2.0,3.0,3.0,3.0,2.0,3.0,3,3.0,3.0,2,3.0,2,3,2,3.0,3.0,3.0,3.0,3,3.0,2,3,0.0,3,2,2,3.0,3,3.0,3.0,1.0,2,1,3,3.0,3.0,2,2,3.0,3,2.0,3,3.0,2,2,2,3,2,3.0,2.0,2.0,3,2,2,1.0,3.0,2,3,1.0,3,3.0,3.0,3.0,2.0,2.0,2,2.0,3.0,1.0,2,3.0,2.0,3.0,3.0,3.0,3.0,2.0,0.0,2,2,2.0,2.0,2,2,3.0,3,2.0,3,3,3.0,3.0,3.0,3,2,3,3,3.0,3.0,2,3.0,3,3.0,3,3.0,3.0,2,3,3,2.0,3,3.0,3.0,0,3.0,3,2.0,2.0,3.0,3.0,2.0,3.0,3.0,3.0,3.0,3,3.0,3.0,3,3.0,3,3.0,3,1.0,2,3,2,3.0,2,3,3.0,2.0,2.0,1.0,2,3.0,3.0,2.0,2,3.0,1,3.0,3.0,2.0,3.0,1,3,3.0,2.0,1,3,3,3.0,2,2.0,2.0,3.0,3.0,1.0,3.0,2.0,2.0,3,3,2.0,3,3.0,3.0,3.0,3.0,3.0,3,3,3.0,3.0,2,3.0,3,3,3.0,2,3.0,2.0,2.0,3.0,3.0,2.0,2,3,3.0,3.0,3.0,3.0,3.0,3.0,3,3,3,3.0,2,3,3,3,3,2.0,3,3,3.0,3,3.0,3.0,3.0,3.0,3.0,3,3,3.0,3.0,3,3.0,3.0,3.0,3,3.0,3.0,3.0,3.0,3.0,3.0,3,3.0,3.0,3,3.0,1.0,3,3.0,3.0,3.0,3,3.0,3,3.0,3.0,3,2.0,3.0,3.0,3.0,3.0,2.0,1.0,3.0,3.0,3,2,3.0,3.0,3.0,3,3,3,3.0,3.0,3.0,3,3,3,3.0,2,3,3,3.0,3,3,,3,3,2,3,3.0,3,3.0,3.0,3.0,3.0,3.0,3.0,3.0,3,3.0,3.0,3,2.0,3.0,3.0,3.0,3.0,3.0,3,3.0,2.0,3.0,3.0,2,2.0,3,3,3,2.0,3.0,3,2.0,2.0,3.0,3.0,3.0,3.0,2,3.0,3.0,3.0,3.0,3.0,3.0,3,2,0,3.0,3.0,3.0,3,3.0,3,3.0,3.0,3.0,3.0,3.0,3,2.0,3,3.0,3.0,3,2.0,3.0,3.0,3.0,3.0,3.0,3.0,3.0,2.0,2.0,3.0,3,3.0,2.0,3.0,3.0,3.0,3.0,3.0,2.0,3.0,3.0,3.0,3.0,2.0,2.0,3.0,3.0,3.0,3.0,3.0,3.0,3.0,,3.0,3.0,3.0,2.0,3.0,3.0,3.0,3.0,3.0,3.0,3.0,,3.0,3.0,3.0,3.0,3.0,3.0,3,3.0,,86,7,1.1641930739403663,-0.23001944306060304
3.0,3,3,3,3,2,3,0.0,2,3.0,3,3,3,3,3.0,3,3.0,,3.0,3.0,3.0,3.0,3,3.0,3.0,3.0,3,3,3.0,3.0,3,2,3,3.0,3.0,3,,3.0,3.0,3,3,3.0,3,3.0,3,3,3,3,3.0,3,3,3.0,3,3.0,3,3.0,3.0,3,2,3,3.0,3.0,3.0,3,2.0,3,3,3.0,3.0,3.0,3.0,3.0,2,3,3,3,3.0,3.0,3,3.0,3.0,2,2.0,3,3.0,3.0,3,3,3,3.0,3,3.0,3,2,3.0,3,3.0,3.0,3,2,3,3.0,2.0,1,3.0,3,3.0,3.0,2,3,3,3.0,3.0,3,3.0,3.0,3.0,3,3.0,3.0,3,3.0,3,3.0,2,3.0,3.0,3,3,3,3.0,2.0,3.0,3.0,3.0,3.0,3,3.0,3.0,3.0,2,2,3.0,3,3.0,3.0,3,3,3,3.0,3,3.0,3,2,3,3.0,2,3.0,3,3.0,3.0,3,2,2,3.0,3,3.0,3.0,3.0,3.0,3,3,3,3.0,3,2.0,3,2.0,3,3.0,3.0,3,3.0,3.0,3.0,3.0,3.0,3.0,3,3.0,3.0,3,,2,0,3,3.0,3.0,3.0,3.0,3,3.0,3,2,3.0,3,3,1,3.0,3,,,3.0,3,3,3,3.0,3.0,3,3,3.0,3,1.0,3,2.0,3,1,3,3,3,3.0,3.0,3.0,2,2,3,3.0,3.0,3,3,3.0,3,3.0,3.0,3.0,3.0,3.0,3,3.0,3.0,2.0,3,3.0,3.0,,3.0,3.0,3.0,3.0,3.0,3,1,3.0,3.0,3,3,3.0,3,3.0,2,3,3.0,3.0,3.0,3,3,3,3,3.0,3.0,3,3.0,3,3.0,3,3.0,,3,3,3,3.0,3,3.0,3.0,3,3.0,3,2.0,3.0,3.0,3.0,3.0,3.0,3.0,3.0,3.0,3,3.0,3.0,3,3.0,3,3.0,3,3.0,3,3,3,3.0,3,3,3.0,3.0,3.0,3.0,3,3.0,3.0,3.0,3,3.0,3,3.0,3.0,3.0,3.0,3,3,3.0,2.0,3,3,3,3.0,3,2.0,3.0,,3.0,3.0,3.0,,,3,3,2.0,3,3.0,3.0,3.0,3.0,,3,3,3.0,3.0,3,3.0,3,3,3.0,3,3.0,1.0,3.0,3.0,3.0,3.0,3,3,3.0,3.0,3.0,3.0,3.0,3.0,3,2,2,2.0,3,3,3,2,2,3.0,3,3,3.0,3,3.0,3.0,3.0,2.0,3.0,3,3,3.0,3.0,3,2.0,3.0,3.0,3,3.0,3.0,3.0,3.0,1.0,3.0,3,3.0,3.0,2,3.0,3.0,3,3.0,,,3,,3,3.0,3.0,3,3.0,2.0,3.0,3.0,3.0,3.0,0.0,3.0,3.0,3,3,3.0,3.0,1.0,3,2,3,3.0,3.0,3.0,1,3,3,3.0,3,3,3,3.0,3,3,,3,3,3,3,3.0,3,2.0,3.0,3.0,3.0,3.0,3.0,3.0,3,3.0,3.0,3,,3.0,,3.0,3.0,3.0,3,1.0,2.0,3.0,,3,3.0,3,3,3,3.0,3.0,0,3.0,3.0,,3.0,3.0,0.0,3,3.0,3.0,3.0,3.0,3.0,,2,3,3,3.0,3.0,3.0,3,3.0,3,3.0,3.0,3.0,,3.0,3,3.0,0,3.0,3.0,2,3.0,3.0,3.0,3.0,3.0,3.0,3.0,3.0,2.0,2.0,3.0,3,3.0,3.0,3.0,,,3.0,3.0,3.0,3.0,3.0,2.0,3.0,3.0,3.0,3.0,3.0,3.0,3.0,3.0,,3.0,,3.0,3.0,3.0,3.0,3.0,3.0,,3.0,3.0,3.0,,,,3.0,3.0,3.0,3.0,3.0,3,3.0,,87,7,1.2900608519269776,-0.17809853822145946
3.0,2,3,3,3,3,3,3.0,3,3.0,3,3,2,3,3.0,3,2.0,3.0,2.0,2.0,3.0,3.0,2,2.0,3.0,3.0,3,3,3.0,1.0,3,2,0,3.0,3.0,3,3.0,3.0,3.0,3,3,2.0,3,3.0,2,2,2,3,3.0,3,2,3.0,3,3.0,3,3.0,3.0,3,2,3,3.0,3.0,3.0,3,2.0,3,3,3.0,2.0,1.0,3.0,3.0,1,3,3,3,3.0,3.0,3,3.0,3.0,2,3.0,3,3.0,3.0,3,3,3,3.0,2,3.0,2,3,3.0,3,3.0,3.0,3,3,2,2.0,2.0,2,3.0,3,3.0,3.0,3,3,2,3.0,3.0,3,2.0,3.0,3.0,3,3.0,2.0,3,2.0,3,3.0,3,3.0,3.0,3,3,3,3.0,3.0,3.0,3.0,3.0,3.0,3,3.0,2.0,3.0,3,2,0.0,3,3.0,3.0,2,2,3,3.0,3,3.0,3,2,3,2.0,3,3.0,3,3.0,2.0,3,3,3,3.0,3,3.0,3.0,3.0,3.0,3,3,2,3.0,3,1.0,3,2.0,3,3.0,3.0,3,3.0,3.0,3.0,3.0,2.0,3.0,3,3.0,2.0,2,3.0,2,2,3,3.0,3.0,3.0,3.0,3,3.0,3,2,3.0,3,2,3,3.0,2,3.0,3.0,3.0,2,3,3,3.0,3.0,3,2,3.0,3,3.0,3,3.0,0,3,3,3,3,3.0,3.0,3.0,3,3,3,3.0,3.0,3,3,3.0,0,3.0,3.0,3.0,3.0,3.0,3,3.0,3.0,1.0,3,3.0,3.0,3.0,3.0,3.0,3.0,3.0,3.0,2,2,3.0,3.0,2,3,3.0,2,3.0,3,2,3.0,3.0,3.0,3,3,2,3,3.0,3.0,3,3.0,3,3.0,2,3.0,3.0,2,3,3,3.0,3,3.0,3.0,3,3.0,2,3.0,3.0,3.0,3.0,3.0,3.0,3.0,3.0,3.0,3,3.0,3.0,3,2.0,1,3.0,3,2.0,3,3,3,3.0,3,3,3.0,0.0,3.0,3.0,3,3.0,3.0,3.0,3,3.0,1,3.0,3.0,3.0,3.0,1,3,3.0,3.0,3,3,3,3.0,3,3.0,3.0,3.0,3.0,3.0,3.0,3.0,3.0,3,3,2.0,3,3.0,2.0,3.0,3.0,3.0,2,1,3.0,3.0,2,3.0,3,3,3.0,2,3.0,3.0,3.0,3.0,3.0,3.0,3,3,3.0,2.0,3.0,3.0,3.0,3.0,3,3,3,3.0,2,3,2,3,2,3.0,3,3,3.0,3,3.0,3.0,3.0,3.0,3.0,3,3,3.0,3.0,3,3.0,2.0,3.0,3,3.0,2.0,2.0,3.0,3.0,3.0,3,3.0,3.0,3,3.0,3.0,2,3.0,3.0,,3,3.0,3,3.0,1.0,3,3.0,3.0,3.0,3.0,3.0,3.0,,3.0,3.0,3,3,3.0,3.0,3.0,2,3,3,3.0,3.0,3.0,3,2,2,2.0,3,2,2,3.0,3,3,,3,3,3,3,3.0,3,3.0,3.0,3.0,3.0,3.0,3.0,3.0,3,3.0,3.0,3,3.0,3.0,3.0,3.0,3.0,3.0,3,3.0,3.0,3.0,3.0,2,3.0,3,3,3,3.0,3.0,3,2.0,3.0,,1.0,3.0,3.0,3,3.0,3.0,3.0,3.0,3.0,3.0,3,2,3,2.0,3.0,3.0,3,3.0,3,3.0,3.0,3.0,3.0,3.0,3,3.0,2,3.0,3.0,3,3.0,3.0,3.0,3.0,3.0,3.0,3.0,0.0,3.0,3.0,3.0,3,3.0,3.0,3.0,3.0,3.0,3.0,,3.0,3.0,3.0,3.0,3.0,3.0,3.0,3.0,3.0,3.0,3.0,3.0,3.0,3.0,,2.0,3.0,3.0,3.0,3.0,3.0,,3.0,3.0,3.0,,,3.0,,3.0,3.0,3.0,3.0,3,3.0,,88,7,1.2102209709069194,-0.2435746722637841
3.0,3,3,3,4,3,2,3.0,3,2.0,3,0,3,4,4.0,4,4.0,4.0,3.0,1.0,4.0,3.0,4,3.0,3.0,3.0,4,4,4.0,4.0,3,4,3,2.0,4.0,3,4.0,4.0,3.0,4,4,4.0,4,4.0,3,4,3,3,4.0,4,3,4.0,4,4.0,4,4.0,3.0,3,3,4,4.0,4.0,3.0,4,4.0,3,3,4.0,4.0,3.0,4.0,4.0,3,4,3,3,3.0,3.0,3,4.0,4.0,3,3.0,3,4.0,4.0,2,3,4,4.0,3,4.0,3,3,4.0,3,3.0,3.0,3,2,4,4.0,3.0,3,4.0,3,4.0,4.0,3,3,3,3.0,3.0,4,4.0,4.0,4.0,3,4.0,2.0,4,4.0,3,4.0,4,4.0,4.0,4,3,3,3.0,4.0,3.0,1.0,3.0,4.0,3,4.0,4.0,4.0,3,4,4.0,4,4.0,4.0,3,3,3,4.0,4,3.0,3,2,4,4.0,3,4.0,3,4.0,4.0,3,3,4,4.0,3,4.0,4.0,4.0,3.0,3,3,3,3.0,3,4.0,3,4.0,2,4.0,4.0,3,3.0,4.0,4.0,4.0,4.0,4.0,4,4.0,3.0,3,4.0,4,3,4,3.0,4.0,4.0,3.0,3,4.0,3,3,3.0,3,4,4,4.0,4,4.0,4.0,4.0,3,3,3,4.0,3.0,4,3,4.0,3,3.0,4,3.0,3,3,4,3,3,4.0,4.0,3.0,3,4,4,3.0,3.0,3,4,3.0,1,4.0,3.0,4.0,4.0,4.0,4,4.0,4.0,4.0,4,3.0,4.0,4.0,4.0,4.0,4.0,4.0,4.0,2,3,4.0,3.0,3,3,4.0,3,4.0,3,4,4.0,4.0,4.0,3,4,4,4,4.0,4.0,4,3.0,4,3.0,3,4.0,4.0,4,3,3,4.0,4,0.0,4.0,4,4.0,3,4.0,4.0,4.0,4.0,4.0,3.0,4.0,4.0,3.0,4,4.0,4.0,3,3.0,3,4.0,3,4.0,4,3,4,4.0,3,3,4.0,4.0,4.0,4.0,3,3.0,1.0,4.0,4,4.0,4,4.0,3.0,4.0,3.0,4,4,4.0,4.0,3,3,3,4.0,3,4.0,4.0,4.0,4.0,4.0,4.0,4.0,4.0,4,3,3.0,3,4.0,4.0,4.0,4.0,4.0,3,4,4.0,4.0,3,4.0,1,3,4.0,0,4.0,4.0,4.0,4.0,3.0,4.0,4,3,4.0,3.0,4.0,2.0,4.0,4.0,3,4,3,4.0,4,3,3,3,3,4.0,2,3,4.0,3,4.0,3.0,4.0,3.0,4.0,3,3,4.0,3.0,3,3.0,4.0,4.0,3,4.0,4.0,3.0,4.0,4.0,4.0,3,4.0,4.0,3,4.0,4.0,3,4.0,4.0,4.0,4,4.0,3,4.0,3.0,4,4.0,4.0,4.0,4.0,4.0,4.0,,4.0,4.0,4,4,4.0,3.0,4.0,3,3,4,4.0,3.0,4.0,3,4,3,4.0,4,3,3,4.0,4,3,4.0,3,3,3,4,4.0,3,3.0,4.0,0.0,4.0,4.0,3.0,4.0,3,4.0,4.0,4,4.0,3.0,2.0,3.0,4.0,4.0,4,3.0,3.0,4.0,4.0,4,3.0,3,4,3,4.0,4.0,3,3.0,4.0,4.0,3.0,4.0,4.0,3,4.0,2.0,3.0,3.0,3.0,4.0,3,3,3,3.0,3.0,4.0,4,3.0,0,3.0,4.0,3.0,4.0,3.0,4,2.0,4,4.0,3.0,3,4.0,4.0,4.0,4.0,4.0,3.0,4.0,4.0,4.0,3.0,4.0,4,4.0,4.0,4.0,4.0,4.0,3.0,4.0,4.0,4.0,4.0,4.0,4.0,4.0,0.0,4.0,4.0,4.0,4.0,3.0,4.0,4.0,4.0,4.0,4.0,4.0,4.0,4.0,4.0,4.0,4.0,3.0,4.0,2.0,4.0,3.0,4.0,4.0,4.0,4.0,4.0,4,4.0,4.0,89,7,1.1810445859872611,-0.4503248596626162
3.0,3,3,3,3,3,3,3.0,2,3.0,3,2,2,3,3.0,3,3.0,3.0,2.0,2.0,3.0,2.0,3,3.0,3.0,3.0,3,3,3.0,2.0,2,3,2,1.0,1.0,3,3.0,3.0,3.0,3,3,3.0,3,2.0,2,3,3,3,3.0,3,3,3.0,3,3.0,3,3.0,2.0,3,2,3,3.0,3.0,2.0,3,3.0,3,3,3.0,3.0,3.0,3.0,3.0,3,3,3,3,3.0,2.0,3,3.0,3.0,3,3.0,3,3.0,0.0,2,2,2,3.0,3,3.0,2,3,3.0,3,3.0,3.0,3,3,3,3.0,2.0,2,2.0,3,3.0,3.0,2,3,3,3.0,2.0,3,3.0,3.0,3.0,2,3.0,3.0,3,2.0,3,3.0,2,2.0,3.0,3,2,3,3.0,3.0,3.0,3.0,3.0,3.0,2,3.0,3.0,3.0,3,2,3.0,3,3.0,3.0,3,3,3,3.0,3,2.0,2,2,3,3.0,2,2.0,3,3.0,3.0,2,3,3,3.0,3,3.0,3.0,3.0,2.0,3,2,3,3.0,3,3.0,2,3.0,3,3.0,3.0,3,3.0,3.0,3.0,3.0,3.0,3.0,3,3.0,3.0,3,3.0,2,3,3,3.0,2.0,3.0,2.0,3,3.0,2,3,3.0,1,3,3,3.0,2,2.0,3.0,3.0,3,2,3,3.0,3.0,3,3,3.0,3,3.0,3,3.0,3,3,3,3,2,3.0,3.0,3.0,2,3,3,3.0,2.0,3,2,3.0,3,3.0,3.0,3.0,3.0,3.0,2,1.0,3.0,3.0,3,3.0,3.0,3.0,3.0,3.0,3.0,3.0,2.0,3,2,3.0,3.0,2,3,3.0,3,3.0,2,3,3.0,2.0,3.0,3,3,3,2,3.0,3.0,3,3.0,2,3.0,2,3.0,3.0,3,3,3,3.0,3,3.0,1.0,3,3.0,3,2.0,3.0,3.0,3.0,3.0,3.0,3.0,3.0,2.0,3,3.0,3.0,0,3.0,3,3.0,2,3.0,3,3,3,3.0,3,3,3.0,3.0,3.0,2.0,1,3.0,3.0,3.0,3,3.0,3,1.0,3.0,3.0,3.0,3,3,3.0,2.0,3,3,2,3.0,3,3.0,3.0,3.0,3.0,3.0,3.0,3.0,3.0,2,3,2.0,2,3.0,3.0,2.0,3.0,,3,3,2.0,3.0,3,0.0,2,3,3.0,3,3.0,3.0,2.0,2.0,3.0,2.0,3,3,3.0,3.0,3.0,3.0,3.0,3.0,2,3,2,3.0,3,1,3,2,3,3.0,2,1,3.0,3,3.0,3.0,3.0,2.0,3.0,3,3,3.0,2.0,2,2.0,3.0,3.0,2,3.0,3.0,2.0,3.0,3.0,3.0,2,3.0,1.0,3,3.0,3.0,3,2.0,3.0,3.0,3,0.0,3,3.0,3.0,2,3.0,3.0,1.0,3.0,3.0,3.0,3.0,3.0,3.0,2,3,3.0,3.0,3.0,2,3,3,3.0,3.0,3.0,2,2,3,3.0,2,2,3,3.0,3,2,,2,3,3,3,3.0,3,3.0,3.0,1.0,3.0,3.0,3.0,3.0,3,3.0,3.0,3,3.0,3.0,3.0,3.0,2.0,3.0,3,3.0,3.0,2.0,3.0,3,3.0,2,3,2,3.0,3.0,3,3.0,3.0,,3.0,3.0,3.0,2,3.0,3.0,2.0,3.0,3.0,3.0,3,2,3,3.0,3.0,3.0,3,2.0,3,3.0,3.0,3.0,3.0,3.0,3,3.0,3,3.0,3.0,3,0.0,3.0,3.0,3.0,3.0,1.0,3.0,3.0,3.0,3.0,3.0,3,3.0,3.0,3.0,3.0,3.0,3.0,3.0,3.0,3.0,3.0,3.0,2.0,1.0,3.0,3.0,3.0,3.0,3.0,3.0,3.0,1.0,3.0,3.0,3.0,3.0,3.0,3.0,3.0,3.0,3.0,2.0,3.0,,3.0,3.0,0.0,3.0,3.0,2.0,3.0,3,1.0,3.0,90,7,1.164656935336013,-0.24114605281009338
2.0,2,3,3,3,2,3,3.0,3,3.0,1,3,2,3,2.0,3,3.0,,3.0,3.0,3.0,3.0,3,3.0,2.0,3.0,3,3,3.0,3.0,3,0,2,0.0,3.0,3,3.0,3.0,3.0,3,3,2.0,3,3.0,3,3,3,3,3.0,3,2,3.0,3,3.0,3,0.0,0.0,2,3,3,3.0,3.0,3.0,3,3.0,3,3,3.0,3.0,3.0,3.0,3.0,3,3,2,3,3.0,3.0,3,3.0,3.0,2,3.0,2,3.0,3.0,3,3,3,,3,3.0,3,3,3.0,3,3.0,3.0,3,3,3,3.0,3.0,3,3.0,2,,3.0,2,3,3,3.0,3.0,3,3.0,3.0,3.0,3,3.0,3.0,3,3.0,1,3.0,3,3.0,3.0,1,3,3,3.0,3.0,3.0,3.0,3.0,3.0,3,3.0,3.0,3.0,3,3,3.0,3,3.0,3.0,3,3,3,3.0,3,3.0,2,3,3,3.0,3,2.0,0,3.0,3.0,2,3,3,3.0,3,,3.0,3.0,3.0,2,2,3,3.0,2,3.0,3,2.0,3,3.0,3.0,3,3.0,,3.0,3.0,3.0,,3,3.0,3.0,3,,3,2,3,3.0,3.0,3.0,3.0,3,3.0,2,3,3.0,3,3,3,3.0,3,3.0,,3.0,3,2,3,3.0,3.0,3,3,3.0,3,3.0,3,3.0,3,3,2,3,3,3.0,3.0,3.0,3,3,3,3.0,3.0,2,3,3.0,3,3.0,3.0,3.0,3.0,3.0,3,3.0,3.0,3.0,3,3.0,3.0,3.0,3.0,3.0,3.0,3.0,3.0,3,2,3.0,3.0,3,2,3.0,3,3.0,3,3,3.0,3.0,3.0,3,3,3,3,,3.0,3,3.0,3,3.0,3,3.0,3.0,3,3,2,3.0,3,3.0,3.0,3,3.0,3,3.0,3.0,,3.0,3.0,3.0,3.0,3.0,3.0,3,3.0,3.0,3,3.0,3,3.0,3,3.0,2,3,3,2.0,3,3,3.0,3.0,3.0,3.0,1,3.0,3.0,3.0,3,3.0,3,3.0,3.0,3.0,3.0,3,3,3.0,1.0,3,3,2,3.0,3,3.0,3.0,3.0,3.0,3.0,1.0,3.0,3.0,3,3,3.0,3,3.0,,3.0,3.0,3.0,3,3,3.0,3.0,3,3.0,3,3,3.0,1,3.0,3.0,1.0,3.0,3.0,3.0,3,0,3.0,3.0,2.0,3.0,3.0,3.0,2,3,3,3.0,3,3,2,3,1,3.0,2,3,3.0,2,3.0,3.0,3.0,3.0,3.0,3,3,3.0,2.0,2,3.0,3.0,3.0,3,,3.0,3.0,3.0,,3.0,3,3.0,3.0,3,3.0,3.0,3,3.0,3.0,,3,,3,3.0,3.0,2,3.0,3.0,3.0,3.0,3.0,3.0,,3.0,3.0,3,3,3.0,3.0,3.0,3,3,3,3.0,3.0,3.0,3,3,3,2.0,3,2,3,3.0,3,3,,3,3,3,3,3.0,3,3.0,3.0,2.0,3.0,3.0,3.0,3.0,3,3.0,,3,3.0,3.0,3.0,3.0,3.0,3.0,3,3.0,3.0,3.0,3.0,3,3.0,3,3,3,3.0,3.0,3,3.0,3.0,,3.0,3.0,3.0,3,,3.0,3.0,3.0,3.0,3.0,3,3,3,3.0,3.0,,3,3.0,3,3.0,3.0,3.0,,3.0,3,3.0,3,3.0,3.0,3,3.0,3.0,3.0,3.0,3.0,3.0,3.0,2.0,3.0,3.0,3.0,3,3.0,2.0,3.0,,,3.0,,3.0,3.0,3.0,3.0,2.0,3.0,,1.0,,3.0,,3.0,3.0,3.0,,3.0,,,3.0,3.0,3.0,,3.0,3.0,3.0,,,3.0,,3.0,3.0,3.0,,3,3.0,,91,7,1.321963698379827,-0.21076792051073734
3.0,3,3,3,3,3,3,0.0,1,4.0,3,3,3,3,3.0,4,3.0,4.0,3.0,3.0,3.0,4.0,3,3.0,3.0,3.0,3,3,3.0,3.0,3,3,3,3.0,3.0,2,3.0,3.0,3.0,3,3,3.0,3,3.0,3,3,3,3,3.0,3,3,3.0,3,3.0,4,3.0,3.0,3,3,3,3.0,3.0,3.0,3,3.0,3,3,3.0,3.0,3.0,4.0,3.0,3,3,3,3,3.0,3.0,2,4.0,3.0,3,3.0,3,4.0,3.0,3,3,3,4.0,3,3.0,3,3,3.0,3,3.0,1.0,3,3,3,3.0,3.0,3,3.0,3,3.0,4.0,2,3,3,3.0,3.0,3,3.0,3.0,3.0,3,3.0,3.0,3,3.0,3,4.0,3,3.0,3.0,3,3,1,2.0,3.0,4.0,3.0,3.0,3.0,3,4.0,3.0,3.0,3,3,3.0,4,4.0,3.0,3,3,3,3.0,3,3.0,3,3,3,4.0,3,3.0,3,4.0,3.0,3,3,3,3.0,3,4.0,3.0,3.0,3.0,3,3,3,3.0,3,3.0,2,3.0,3,4.0,3.0,3,3.0,4.0,3.0,3.0,3.0,4.0,2,3.0,4.0,3,3.0,3,3,3,3.0,3.0,4.0,3.0,3,4.0,2,3,3.0,3,3,3,4.0,3,4.0,4.0,3.0,1,2,3,3.0,4.0,2,3,3.0,3,3.0,3,4.0,2,3,3,3,3,3.0,3.0,3.0,2,3,3,2.0,4.0,3,3,4.0,3,3.0,3.0,4.0,4.0,3.0,2,3.0,4.0,3.0,3,3.0,4.0,3.0,4.0,3.0,4.0,4.0,3.0,3,3,3.0,4.0,3,3,4.0,3,0.0,4,3,3.0,3.0,3.0,3,3,3,3,4.0,3.0,3,3.0,3,3.0,3,3.0,3.0,3,3,3,4.0,3,3.0,3.0,3,4.0,3,3.0,3.0,4.0,4.0,4.0,4.0,4.0,3.0,3.0,3,2.0,4.0,3,4.0,4,4.0,3,3.0,3,3,3,4.0,3,3,3.0,3.0,3.0,3.0,3,3.0,4.0,4.0,3,3.0,3,3.0,3.0,3.0,4.0,4,3,3.0,3.0,3,3,3,0.0,1,3.0,4.0,3.0,3.0,3.0,4.0,4.0,4.0,3,3,3.0,3,3.0,3.0,3.0,0.0,4.0,3,3,4.0,3.0,3,4.0,3,3,4.0,3,3.0,3.0,3.0,4.0,4.0,4.0,3,3,4.0,4.0,3.0,4.0,3.0,3.0,3,3,3,3.0,3,3,3,3,1,3.0,3,3,2.0,3,3.0,3.0,3.0,3.0,3.0,3,3,3.0,3.0,3,3.0,3.0,3.0,4,3.0,3.0,3.0,4.0,3.0,4.0,3,3.0,3.0,3,4.0,4.0,3,3.0,4.0,4.0,3,3.0,3,4.0,3.0,3,3.0,3.0,3.0,3.0,3.0,3.0,4.0,4.0,3.0,2,4,2.0,3.0,3.0,3,3,3,3.0,3.0,3.0,3,3,3,4.0,3,3,2,3.0,3,3,4.0,3,3,3,3,0.0,4,4.0,3.0,3.0,3.0,4.0,3.0,2.0,3,3.0,4.0,3,4.0,3.0,3.0,4.0,3.0,4.0,3,3.0,4.0,3.0,3.0,3,3.0,3,2,1,4.0,4.0,3,3.0,4.0,4.0,3.0,3.0,2.0,3,3.0,3.0,3.0,3.0,3.0,3.0,3,3,3,3.0,3.0,3.0,3,4.0,3,3.0,4.0,3.0,3.0,3.0,4,3.0,3,4.0,3.0,3,3.0,0.0,3.0,4.0,2.0,3.0,3.0,2.0,3.0,2.0,4.0,4,3.0,3.0,4.0,4.0,4.0,3.0,4.0,3.0,4.0,3.0,3.0,3.0,3.0,4.0,4.0,4.0,4.0,3.0,4.0,3.0,4.0,4.0,2.0,3.0,4.0,3.0,1.0,3.0,4.0,3.0,3.0,3.0,4.0,4.0,4.0,3.0,4.0,3.0,4.0,4.0,3,3.0,4.0,92,7,1.2011559063997745,-0.4570878171943187
3.0,3,3,4,3,3,3,3.0,3,4.0,3,4,2,2,3.0,3,3.0,4.0,3.0,3.0,3.0,4.0,3,3.0,3.0,3.0,3,3,3.0,4.0,3,2,3,3.0,3.0,3,4.0,3.0,3.0,3,3,3.0,3,2.0,2,3,0,3,3.0,3,3,3.0,3,4.0,3,4.0,3.0,1,3,3,3.0,3.0,3.0,3,0.0,3,3,4.0,4.0,1.0,3.0,4.0,2,3,3,3,3.0,3.0,3,4.0,4.0,3,4.0,3,4.0,4.0,3,3,1,3.0,2,3.0,3,3,3.0,3,3.0,3.0,2,2,3,3.0,3.0,3,3.0,3,3.0,4.0,3,3,2,1.0,3.0,3,3.0,3.0,4.0,3,4.0,3.0,4,3.0,3,4.0,3,3.0,3.0,2,4,3,3.0,3.0,3.0,3.0,3.0,3.0,3,3.0,3.0,4.0,3,3,3.0,3,4.0,3.0,3,3,3,3.0,3,3.0,3,3,3,3.0,3,3.0,3,3.0,3.0,3,3,3,4.0,2,3.0,4.0,3.0,3.0,3,3,3,3.0,4,3.0,3,2.0,4,3.0,4.0,3,3.0,3.0,3.0,3.0,3.0,4.0,3,4.0,4.0,3,4.0,2,3,3,3.0,3.0,4.0,4.0,3,3.0,3,3,3.0,3,3,3,4.0,3,4.0,4.0,3.0,3,3,3,3.0,4.0,3,3,3.0,3,4.0,3,4.0,2,3,3,3,3,4.0,4.0,3.0,3,3,3,4.0,3.0,3,3,3.0,2,4.0,3.0,4.0,4.0,3.0,3,4.0,4.0,4.0,3,4.0,4.0,3.0,4.0,4.0,4.0,3.0,4.0,3,3,3.0,4.0,3,3,4.0,3,4.0,3,3,3.0,3.0,4.0,4,3,3,3,4.0,3.0,3,3.0,3,4.0,3,3.0,4.0,1,3,2,3.0,4,4.0,4.0,3,4.0,3,3.0,3.0,4.0,4.0,4.0,3.0,3.0,4.0,3.0,3,4.0,3.0,3,4.0,3,4.0,3,3.0,3,3,3,3.0,3,3,4.0,3.0,2.0,4.0,3,4.0,4.0,4.0,3,3.0,3,3.0,3.0,3.0,4.0,0,3,4.0,3.0,3,2,3,3.0,3,4.0,3.0,4.0,4.0,2.0,4.0,4.0,3.0,3,3,3.0,3,3.0,3.0,3.0,4.0,4.0,3,2,4.0,3.0,3,3.0,3,3,4.0,3,0.0,3.0,4.0,3.0,3.0,3.0,3,3,4.0,3.0,3.0,4.0,3.0,2.0,4,3,3,3.0,3,3,3,3,3,3.0,3,3,3.0,3,3.0,3.0,3.0,3.0,3.0,3,2,4.0,3.0,2,3.0,3.0,3.0,4,4.0,3.0,3.0,3.0,4.0,4.0,3,4.0,4.0,3,4.0,3.0,1,4.0,4.0,4.0,3,4.0,3,4.0,4.0,3,3.0,4.0,4.0,3.0,3.0,4.0,4.0,3.0,3.0,3,3,3.0,4.0,4.0,3,3,3,4.0,3.0,3.0,3,3,3,4.0,3,3,2,3.0,3,3,4.0,3,4,3,3,4.0,3,4.0,3.0,3.0,3.0,3.0,3.0,3.0,3,3.0,3.0,4,3.0,3.0,4.0,3.0,3.0,3.0,3,3.0,3.0,3.0,3.0,3,3.0,3,3,4,4.0,4.0,3,3.0,3.0,4.0,4.0,3.0,3.0,3,4.0,3.0,3.0,3.0,4.0,4.0,3,3,3,3.0,3.0,3.0,3,3.0,4,3.0,3.0,3.0,4.0,3.0,4,3.0,3,3.0,3.0,3,3.0,3.0,3.0,4.0,3.0,3.0,3.0,4.0,3.0,3.0,4.0,4,4.0,3.0,4.0,4.0,3.0,4.0,4.0,3.0,0.0,3.0,3.0,3.0,3.0,4.0,3.0,4.0,3.0,3.0,4.0,3.0,4.0,4.0,3.0,1.0,4.0,3.0,3.0,3.0,4.0,3.0,4.0,3.0,0.0,4.0,4.0,4.0,4.0,3.0,4.0,4.0,3,4.0,4.0,93,7,1.179911077713069,-0.5072405492007511
3.0,1,3,3,3,3,3,3.0,3,3.0,3,3,3,2,4.0,0,3.0,4.0,4.0,3.0,3.0,4.0,3,3.0,3.0,3.0,3,3,3.0,3.0,3,3,3,3.0,3.0,3,3.0,3.0,3.0,3,2,3.0,2,3.0,3,3,3,3,3.0,3,3,3.0,1,3.0,3,3.0,3.0,3,3,3,3.0,4.0,3.0,3,3.0,2,3,3.0,3.0,3.0,4.0,3.0,2,3,3,2,3.0,3.0,3,3.0,3.0,2,3.0,3,3.0,4.0,3,3,3,4.0,3,0.0,3,3,4.0,3,4.0,3.0,3,3,3,3.0,3.0,0,3.0,3,4.0,3.0,3,3,3,3.0,4.0,3,3.0,3.0,3.0,3,2.0,3.0,3,3.0,3,3.0,3,3.0,3.0,3,3,3,4.0,3.0,3.0,3.0,3.0,3.0,3,3.0,3.0,4.0,3,3,3.0,3,3.0,4.0,3,3,3,3.0,3,3.0,3,3,3,3.0,3,3.0,3,3.0,3.0,3,3,2,3.0,3,4.0,3.0,3.0,3.0,1,3,2,4.0,3,3.0,3,1.0,3,0.0,3.0,3,3.0,3.0,3.0,3.0,3.0,3.0,4,3.0,3.0,3,4.0,2,2,3,2.0,3.0,3.0,3.0,2,3.0,3,3,3.0,3,3,3,3.0,3,3.0,4.0,3.0,3,3,3,3.0,3.0,3,3,3.0,3,3.0,3,3.0,3,2,1,3,1,3.0,3.0,3.0,2,3,3,3.0,3.0,3,3,3.0,3,3.0,3.0,3.0,3.0,2.0,3,3.0,3.0,3.0,3,3.0,3.0,3.0,3.0,3.0,3.0,3.0,3.0,3,3,3.0,3.0,3,3,4.0,3,3.0,3,3,3.0,3.0,3.0,3,2,3,3,4.0,2.0,3,3.0,4,3.0,3,3.0,3.0,3,3,3,3.0,3,3.0,3.0,3,3.0,3,3.0,3.0,4.0,3.0,3.0,3.0,3.0,3.0,3.0,3,3.0,3.0,3,3.0,3,3.0,3,3.0,3,2,3,3.0,2,3,3.0,3.0,3.0,3.0,3,3.0,3.0,3.0,2,4.0,3,3.0,3.0,3.0,3.0,3,2,3.0,3.0,3,3,3,4.0,0,3.0,3.0,3.0,3.0,4.0,4.0,3.0,3.0,3,3,3.0,3,3.0,4.0,3.0,3.0,4.0,3,3,3.0,4.0,2,3.0,3,3,3.0,3,3.0,3.0,3.0,3.0,4.0,3.0,3,3,3.0,3.0,3.0,3.0,4.0,3.0,3,3,3,3.0,3,3,3,3,2,4.0,3,3,3.0,3,3.0,3.0,3.0,3.0,3.0,3,3,3.0,3.0,3,3.0,4.0,3.0,3,4.0,3.0,4.0,4.0,4.0,4.0,3,3.0,4.0,3,3.0,3.0,3,3.0,3.0,4.0,3,4.0,3,3.0,4.0,3,3.0,3.0,3.0,4.0,4.0,3.0,4.0,3.0,3.0,3,4,3.0,3.0,3.0,3,4,3,3.0,3.0,4.0,3,3,3,3.0,3,2,3,3.0,3,3,4.0,3,3,3,3,4.0,3,3.0,3.0,3.0,4.0,3.0,3.0,3.0,3,3.0,3.0,3,3.0,4.0,3.0,3.0,4.0,3.0,3,4.0,3.0,3.0,3.0,3,3.0,3,3,3,3.0,3.0,3,3.0,3.0,4.0,3.0,4.0,4.0,3,4.0,3.0,3.0,3.0,3.0,3.0,4,3,3,3.0,3.0,4.0,3,3.0,3,3.0,4.0,3.0,4.0,3.0,3,3.0,3,4.0,3.0,3,4.0,3.0,4.0,4.0,3.0,3.0,3.0,3.0,3.0,3.0,3.0,3,3.0,0.0,4.0,4.0,4.0,3.0,4.0,3.0,3.0,4.0,4.0,3.0,3.0,4.0,3.0,4.0,3.0,4.0,4.0,4.0,4.0,4.0,4.0,3.0,4.0,4.0,3.0,3.0,4.0,3.0,3.0,4.0,4.0,4.0,4.0,4.0,3.0,4.0,3.0,4.0,3,3.0,4.0,94,7,1.2296396253373552,-0.4742514455085642
3.0,3,2,3,3,3,3,3.0,3,3.0,3,3,2,3,3.0,3,3.0,,3.0,3.0,3.0,3.0,3,3.0,3.0,3.0,3,3,3.0,3.0,2,3,3,3.0,3.0,3,3.0,3.0,2.0,3,0,2.0,3,3.0,3,3,2,3,3.0,3,3,3.0,3,2.0,3,1.0,3.0,3,3,3,3.0,3.0,3.0,2,3.0,3,3,3.0,3.0,3.0,3.0,3.0,2,3,3,2,3.0,3.0,3,3.0,3.0,3,3.0,2,3.0,3.0,3,3,3,,3,3.0,3,3,3.0,3,3.0,3.0,0,3,2,3.0,3.0,3,3.0,3,3.0,3.0,3,3,3,3.0,3.0,3,3.0,3.0,3.0,3,3.0,3.0,3,3.0,3,3.0,3,3.0,3.0,3,3,3,3.0,3.0,2.0,3.0,3.0,3.0,3,3.0,3.0,3.0,3,3,3.0,3,3.0,2.0,2,2,3,3.0,2,3.0,3,3,3,3.0,3,3.0,3,3.0,3.0,3,3,3,1.0,3,3.0,3.0,3.0,2.0,3,3,3,3.0,3,3.0,3,3.0,3,3.0,3.0,3,3.0,3.0,3.0,3.0,3.0,3.0,3,3.0,3.0,0,,2,2,3,3.0,3.0,3.0,3.0,3,3.0,3,3,3.0,3,3,3,3.0,3,3.0,3.0,3.0,2,3,2,3.0,3.0,2,3,3.0,3,3.0,3,3.0,3,3,2,3,3,3.0,3.0,3.0,3,3,3,3.0,3.0,3,3,3.0,3,3.0,3.0,3.0,3.0,3.0,3,3.0,3.0,3.0,3,3.0,,3.0,3.0,3.0,3.0,3.0,3.0,3,3,3.0,3.0,3,3,3.0,3,3.0,0,2,3.0,3.0,3.0,2,3,3,2,3.0,3.0,3,3.0,3,3.0,3,3.0,3.0,3,3,3,3.0,3,3.0,,2,,3,3.0,3.0,3.0,3.0,3.0,3.0,3.0,3.0,3.0,3,3.0,3.0,3,3.0,3,3.0,3,2.0,3,3,3,3.0,3,1,3.0,3.0,1.0,3.0,3,3.0,3.0,3.0,3,3.0,3,3.0,3.0,3.0,1.0,3,3,3.0,3.0,3,3,2,3.0,3,3.0,3.0,3.0,3.0,3.0,3.0,3.0,3.0,3,1,3.0,3,3.0,,3.0,,,3,3,3.0,3.0,3,3.0,3,3,,3,3.0,3.0,3.0,3.0,3.0,3.0,3,3,3.0,3.0,2.0,3.0,3.0,3.0,3,3,3,3.0,3,3,3,3,3,3.0,2,2,3.0,3,3.0,3.0,3.0,3.0,3.0,3,3,3.0,2.0,3,3.0,3.0,3.0,3,3.0,3.0,3.0,3.0,3.0,3.0,3,3.0,3.0,3,3.0,3.0,3,3.0,3.0,,2,3.0,3,3.0,3.0,3,2.0,,3.0,3.0,3.0,3.0,,3.0,3.0,3,3,3.0,3.0,3.0,3,3,0,3.0,3.0,3.0,3,3,3,3.0,2,3,3,3.0,1,3,,3,3,2,3,3.0,3,3.0,3.0,3.0,3.0,1.0,3.0,3.0,3,3.0,3.0,3,3.0,3.0,3.0,3.0,3.0,3.0,3,2.0,3.0,3.0,3.0,2,3.0,3,2,3,3.0,3.0,3,3.0,3.0,,3.0,3.0,3.0,2,3.0,3.0,3.0,3.0,3.0,3.0,3,3,2,,3.0,3.0,2,3.0,3,3.0,3.0,3.0,3.0,3.0,2,3.0,3,3.0,,3,3.0,3.0,3.0,3.0,3.0,3.0,3.0,3.0,3.0,3.0,3.0,3,3.0,3.0,3.0,,3.0,3.0,3.0,0.0,1.0,3.0,3.0,3.0,3.0,,3.0,,3.0,,3.0,3.0,3.0,,3.0,3.0,3.0,3.0,3.0,3.0,,3.0,3.0,,,,3.0,,3.0,3.0,,3.0,3,3.0,,95,7,1.3135593220338984,-0.23959994927600325
2.0,3,2,3,3,2,3,1.0,2,1.0,3,3,2,2,3.0,3,3.0,3.0,2.0,3.0,3.0,2.0,3,3.0,3.0,2.0,3,2,3.0,3.0,3,3,2,2.0,3.0,3,3.0,3.0,3.0,3,0,3.0,3,3.0,3,2,3,2,3.0,3,2,3.0,3,3.0,3,3.0,2.0,3,2,3,3.0,3.0,3.0,3,3.0,3,3,3.0,3.0,3.0,3.0,3.0,2,1,1,3,3.0,3.0,1,3.0,3.0,2,3.0,2,3.0,2.0,3,2,3,3.0,3,3.0,1,2,2.0,2,3.0,3.0,3,2,2,2.0,3.0,3,3.0,3,3.0,3.0,2,2,3,3.0,3.0,3,3.0,3.0,3.0,3,3.0,3.0,3,1.0,3,3.0,2,3.0,3.0,3,2,2,2.0,2.0,3.0,3.0,2.0,3.0,3,3.0,3.0,3.0,2,2,0.0,3,3.0,3.0,3,2,2,3.0,2,2.0,3,2,2,3.0,3,3.0,3,1.0,3.0,3,3,2,3.0,3,3.0,1.0,2.0,3.0,2,3,3,3.0,3,3.0,3,3.0,3,3.0,3.0,3,3.0,3.0,3.0,3.0,3.0,3.0,3,3.0,3.0,3,3.0,3,3,2,2.0,3.0,3.0,3.0,3,3.0,3,2,3.0,2,3,3,3.0,3,3.0,3.0,3.0,2,3,3,3.0,3.0,3,3,3.0,3,3.0,3,3.0,2,3,2,3,3,3.0,2.0,2.0,2,3,3,3.0,3.0,3,3,3.0,3,3.0,3.0,3.0,2.0,3.0,3,3.0,3.0,0.0,2,3.0,3.0,3.0,3.0,3.0,3.0,3.0,3.0,3,2,3.0,3.0,3,3,0.0,2,3.0,3,3,3.0,3.0,3.0,3,3,2,3,3.0,3.0,3,3.0,3,3.0,2,3.0,3.0,2,3,2,3.0,1,3.0,3.0,3,3.0,2,3.0,2.0,3.0,3.0,3.0,3.0,3.0,3.0,3.0,3,3.0,3.0,3,3.0,3,3.0,3,2.0,3,3,3,3.0,3,3,3.0,2.0,3.0,3.0,3,3.0,2.0,3.0,3,3.0,3,3.0,3.0,3.0,3.0,3,3,3.0,3.0,3,3,0,3.0,3,3.0,3.0,3.0,3.0,3.0,3.0,3.0,3.0,3,2,3.0,3,3.0,3.0,3.0,3.0,3.0,3,3,3.0,3.0,3,3.0,3,3,3.0,3,3.0,3.0,3.0,3.0,3.0,3.0,3,3,3.0,3.0,3.0,3.0,3.0,3.0,3,3,3,2.0,2,3,3,3,2,3.0,3,3,3.0,0,3.0,3.0,3.0,3.0,3.0,3,2,2.0,3.0,3,3.0,3.0,3.0,3,3.0,3.0,3.0,3.0,3.0,3.0,2,3.0,3.0,3,3.0,3.0,2,3.0,3.0,3.0,3,3.0,3,3.0,2.0,3,2.0,3.0,3.0,3.0,3.0,3.0,,3.0,3.0,3,3,3.0,3.0,2.0,3,3,2,3.0,3.0,3.0,3,3,3,3.0,3,2,2,3.0,3,3,,3,3,2,3,3.0,3,3.0,3.0,3.0,3.0,2.0,3.0,3.0,3,2.0,3.0,3,3.0,3.0,3.0,3.0,3.0,3.0,3,3.0,2.0,3.0,3.0,2,3.0,3,2,1,3.0,3.0,3,2.0,3.0,,1.0,3.0,3.0,2,3.0,3.0,3.0,2.0,3.0,3.0,3,2,3,3.0,3.0,3.0,3,3.0,3,3.0,3.0,3.0,3.0,3.0,3,3.0,2,3.0,3.0,3,3.0,1.0,3.0,3.0,3.0,3.0,3.0,3.0,3.0,3.0,3.0,3,3.0,3.0,3.0,3.0,3.0,3.0,2.0,3.0,3.0,3.0,3.0,3.0,3.0,3.0,3.0,3.0,3.0,3.0,3.0,3.0,3.0,,3.0,3.0,3.0,3.0,3.0,3.0,3.0,3.0,3.0,3.0,3.0,2.0,3.0,,3.0,3.0,3.0,3.0,2,3.0,,96,7,1.1781583295778881,-0.27457696676350596
3.0,3,3,3,3,2,4,4.0,4,4.0,3,4,3,3,3.0,3,4.0,4.0,4.0,4.0,4.0,4.0,3,4.0,4.0,4.0,4,1,4.0,4.0,3,3,4,4.0,4.0,4,4.0,4.0,3.0,4,4,4.0,4,4.0,4,3,3,4,4.0,4,4,4.0,3,4.0,3,4.0,4.0,3,4,4,4.0,4.0,3.0,3,4.0,3,4,4.0,4.0,4.0,4.0,4.0,4,4,4,1,4.0,4.0,4,4.0,4.0,4,4.0,4,3.0,4.0,4,4,4,4.0,4,4.0,3,4,4.0,4,4.0,4.0,3,4,4,0.0,4.0,3,3.0,4,4.0,4.0,4,4,4,4.0,4.0,4,4.0,4.0,4.0,4,4.0,0.0,4,3.0,4,4.0,4,4.0,4.0,4,3,4,4.0,2.0,4.0,4.0,4.0,4.0,4,3.0,4.0,4.0,3,4,4.0,4,4.0,1.0,4,4,3,4.0,4,4.0,4,3,4,4.0,3,4.0,3,4.0,0.0,4,3,3,4.0,4,4.0,4.0,4.0,4.0,4,4,3,4.0,4,4.0,4,4.0,4,4.0,4.0,3,4.0,4.0,4.0,4.0,4.0,4.0,4,2.0,4.0,4,4.0,4,4,3,4.0,4.0,0.0,3.0,4,4.0,3,4,3.0,4,3,4,4.0,4,4.0,4.0,4.0,4,3,3,4.0,4.0,3,4,4.0,4,4.0,4,4.0,3,3,3,4,3,4.0,3.0,4.0,4,4,0,4.0,4.0,4,3,3.0,4,3.0,4.0,4.0,4.0,4.0,4,4.0,4.0,4.0,4,3.0,4.0,4.0,4.0,4.0,4.0,4.0,4.0,4,4,4.0,3.0,4,3,4.0,3,4.0,3,4,4.0,4.0,4.0,4,3,3,2,2.0,4.0,3,4.0,3,4.0,4,4.0,4.0,4,4,4,4.0,4,3.0,4.0,4,4.0,3,4.0,3.0,4.0,4.0,4.0,3.0,4.0,4.0,3.0,3,4.0,4.0,4,3.0,3,4.0,4,4.0,4,3,3,4.0,4,2,4.0,3.0,4.0,4.0,3,4.0,3.0,4.0,4,4.0,4,4.0,3.0,4.0,4.0,4,3,4.0,4.0,3,0,3,4.0,3,4.0,4.0,4.0,4.0,4.0,4.0,4.0,4.0,4,3,4.0,4,4.0,4.0,4.0,4.0,4.0,3,3,4.0,4.0,4,3.0,4,4,4.0,4,4.0,4.0,4.0,4.0,4.0,4.0,3,3,4.0,3.0,4.0,4.0,4.0,3.0,4,4,4,4.0,4,4,4,4,3,4.0,4,3,4.0,4,4.0,4.0,2.0,3.0,4.0,4,4,4.0,4.0,3,3.0,4.0,4.0,4,4.0,4.0,4.0,4.0,4.0,4.0,4,4.0,4.0,4,4.0,4.0,4,4.0,4.0,4.0,4,4.0,2,4.0,3.0,4,4.0,2.0,3.0,4.0,3.0,4.0,,4.0,3.0,4,4,4.0,3.0,4.0,3,4,3,1.0,4.0,4.0,3,4,3,4.0,3,4,4,4.0,4,4,4.0,3,4,4,4,4.0,4,4.0,4.0,4.0,4.0,4.0,3.0,4.0,4,4.0,4.0,3,4.0,4.0,4.0,4.0,4.0,4.0,4,4.0,4.0,4.0,4.0,4,4.0,4,3,4,4.0,4.0,4,4.0,4.0,4.0,4.0,3.0,4.0,3,4.0,4.0,4.0,4.0,4.0,4.0,4,4,4,4.0,4.0,4.0,4,4.0,4,3.0,4.0,4.0,4.0,4.0,4,4.0,4,4.0,4.0,4,4.0,4.0,4.0,4.0,4.0,4.0,4.0,4.0,3.0,3.0,4.0,4,4.0,4.0,2.0,4.0,2.0,4.0,4.0,4.0,4.0,4.0,3.0,4.0,4.0,4.0,4.0,4.0,4.0,4.0,4.0,4.0,4.0,,4.0,4.0,4.0,3.0,4.0,4.0,4.0,4.0,3.0,4.0,4.0,,4.0,4.0,4.0,4.0,4.0,4.0,4,3.0,,97,7,1.2472079884377874,-0.31282041786811027
3.0,3,3,3,3,3,3,2.0,3,4.0,3,4,2,3,4.0,3,3.0,4.0,3.0,3.0,3.0,3.0,3,3.0,2.0,3.0,3,3,3.0,3.0,3,3,0,3.0,4.0,3,3.0,3.0,3.0,3,3,3.0,3,4.0,3,3,3,3,3.0,3,3,4.0,3,3.0,2,3.0,3.0,3,3,3,3.0,4.0,3.0,3,3.0,3,3,4.0,3.0,3.0,4.0,2.0,3,3,3,3,3.0,3.0,2,4.0,3.0,3,3.0,3,3.0,3.0,3,3,3,3.0,3,3.0,2,1,3.0,3,4.0,3.0,3,3,3,4.0,3.0,3,4.0,3,4.0,3.0,3,3,3,4.0,1.0,3,3.0,3.0,3.0,3,2.0,3.0,3,4.0,4,4.0,3,3.0,2.0,3,3,2,3.0,3.0,3.0,3.0,3.0,3.0,3,3.0,3.0,4.0,3,3,3.0,3,3.0,3.0,3,3,3,3.0,3,4.0,3,3,1,4.0,3,3.0,3,4.0,3.0,3,4,3,4.0,3,3.0,0.0,3.0,3.0,3,3,3,3.0,3,3.0,2,3.0,3,3.0,3.0,3,3.0,3.0,3.0,4.0,4.0,3.0,3,3.0,4.0,3,4.0,3,3,2,3.0,4.0,4.0,3.0,3,3.0,3,3,3.0,3,2,3,2.0,3,3.0,4.0,4.0,3,3,3,4.0,4.0,3,3,3.0,3,3.0,3,3.0,3,3,1,1,2,4.0,3.0,3.0,3,3,3,3.0,4.0,4,3,4.0,3,3.0,3.0,4.0,3.0,2.0,3,3.0,4.0,3.0,0,3.0,3.0,4.0,4.0,4.0,4.0,3.0,4.0,3,3,3.0,4.0,3,3,1.0,3,3.0,3,3,4.0,4.0,3.0,3,3,3,3,4.0,4.0,3,4.0,3,3.0,3,3.0,4.0,3,1,3,3.0,3,3.0,4.0,3,4.0,4,3.0,3.0,3.0,4.0,3.0,3.0,3.0,3.0,4.0,4,4.0,3.0,4,3.0,3,4.0,3,3.0,4,3,3,3.0,3,3,3.0,3.0,3.0,4.0,3,4.0,4.0,4.0,3,4.0,3,3.0,3.0,3.0,4.0,3,3,4.0,4.0,3,3,3,4.0,3,3.0,4.0,4.0,3.0,2.0,4.0,4.0,3.0,3,2,3.0,3,3.0,4.0,3.0,4.0,4.0,3,4,4.0,3.0,3,3.0,3,3,4.0,3,3.0,4.0,4.0,2.0,3.0,3.0,3,3,4.0,4.0,3.0,3.0,3.0,3.0,3,3,3,3.0,3,3,3,4,2,3.0,3,3,3.0,2,2.0,3.0,3.0,3.0,4.0,4,3,0.0,3.0,3,3.0,3.0,3.0,3,4.0,3.0,4.0,3.0,4.0,4.0,3,4.0,4.0,3,3.0,3.0,3,3.0,3.0,4.0,3,3.0,4,4.0,3.0,3,3.0,4.0,3.0,3.0,4.0,3.0,0.0,4.0,3.0,3,3,3.0,3.0,0.0,3,3,3,4.0,4.0,4.0,3,3,3,3.0,3,3,3,3.0,3,4,4.0,3,3,3,3,3.0,3,3.0,3.0,3.0,3.0,3.0,4.0,3.0,4,3.0,4.0,3,4.0,3.0,3.0,4.0,3.0,3.0,3,4.0,3.0,3.0,3.0,3,4.0,3,3,3,4.0,3.0,2,3.0,4.0,4.0,3.0,4.0,4.0,3,4.0,3.0,3.0,3.0,4.0,3.0,3,3,1,4.0,3.0,3.0,3,3.0,3,4.0,3.0,3.0,3.0,4.0,3,3.0,3,4.0,3.0,3,3.0,3.0,3.0,4.0,3.0,3.0,3.0,4.0,3.0,3.0,3.0,3,4.0,4.0,4.0,4.0,3.0,3.0,4.0,3.0,4.0,3.0,3.0,3.0,3.0,4.0,3.0,4.0,4.0,4.0,4.0,4.0,4.0,4.0,3.0,3.0,4.0,3.0,3.0,3.0,4.0,3.0,4.0,4.0,4.0,4.0,4.0,4.0,4.0,3.0,4.0,4.0,3,3.0,4.0,98,7,1.1826452503450873,-0.43826306050632813
3.0,3,2,3,3,3,3,3.0,3,3.0,0,3,2,3,3.0,3,3.0,3.0,2.0,2.0,2.0,2.0,3,3.0,3.0,3.0,3,3,3.0,3.0,2,2,3,3.0,3.0,2,3.0,3.0,2.0,3,3,3.0,3,3.0,3,2,2,3,3.0,3,2,3.0,3,3.0,3,3.0,3.0,3,2,3,3.0,3.0,3.0,2,3.0,2,2,3.0,3.0,3.0,3.0,3.0,2,2,2,3,3.0,3.0,2,3.0,3.0,3,3.0,2,3.0,2.0,2,2,2,3.0,3,3.0,1,3,3.0,1,3.0,3.0,2,2,3,1.0,3.0,2,2.0,3,3.0,3.0,2,2,3,3.0,2.0,3,2.0,3.0,3.0,3,3.0,2.0,2,2.0,2,3.0,3,2.0,3.0,2,2,3,3.0,3.0,2.0,3.0,2.0,3.0,3,3.0,3.0,3.0,2,0,3.0,3,3.0,2.0,2,1,3,3.0,2,2.0,3,3,3,3.0,3,3.0,2,3.0,3.0,2,2,2,2.0,3,3.0,3.0,3.0,2.0,3,2,3,3.0,3,2.0,3,3.0,3,3.0,3.0,3,3.0,3.0,2.0,3.0,2.0,3.0,2,3.0,3.0,3,3.0,2,2,2,1.0,2.0,3.0,3.0,3,3.0,3,3,3.0,2,2,3,3.0,3,3.0,3.0,3.0,3,2,3,3.0,3.0,2,2,3.0,3,3.0,2,3.0,2,3,2,3,3,3.0,3.0,3.0,3,2,2,3.0,3.0,2,2,3.0,3,2.0,3.0,3.0,3.0,3.0,2,3.0,3.0,3.0,2,3.0,3.0,3.0,3.0,3.0,3.0,3.0,3.0,3,3,3.0,3.0,2,3,3.0,3,3.0,2,3,3.0,3.0,3.0,3,3,2,1,3.0,3.0,2,3.0,2,3.0,2,3.0,3.0,3,3,3,3.0,3,3.0,3.0,2,3.0,3,3.0,3.0,3.0,3.0,3.0,3.0,3.0,3.0,3.0,2,3.0,3.0,3,3.0,2,3.0,2,3.0,3,3,3,3.0,2,1,3.0,2.0,2.0,3.0,3,3.0,3.0,3.0,3,2.0,2,3.0,2.0,3.0,3.0,2,2,3.0,3.0,3,2,2,0.0,3,3.0,3.0,3.0,3.0,3.0,2.0,3.0,3.0,3,2,3.0,2,3.0,3.0,2.0,3.0,3.0,3,2,3.0,3.0,3,2.0,2,3,3.0,3,3.0,3.0,3.0,3.0,3.0,3.0,2,3,2.0,3.0,3.0,3.0,2.0,2.0,2,3,3,3.0,2,3,3,3,3,3.0,2,2,3.0,3,3.0,3.0,2.0,2.0,3.0,3,2,3.0,3.0,2,3.0,2.0,3.0,3,3.0,0.0,1.0,3.0,3.0,3.0,3,3.0,3.0,3,3.0,3.0,2,3.0,3.0,3.0,3,3.0,3,3.0,3.0,3,3.0,3.0,2.0,1.0,2.0,3.0,3.0,2.0,0.0,2,2,2.0,3.0,3.0,2,3,2,3.0,2.0,3.0,1,3,1,3.0,2,3,3,3.0,3,3,,3,3,3,3,3.0,3,3.0,3.0,2.0,3.0,0.0,2.0,2.0,3,3.0,3.0,2,3.0,3.0,3.0,3.0,2.0,3.0,2,3.0,3.0,2.0,3.0,2,3.0,3,3,3,2.0,3.0,3,3.0,3.0,,3.0,3.0,2.0,3,3.0,3.0,3.0,3.0,3.0,3.0,3,2,3,3.0,3.0,3.0,3,3.0,3,3.0,3.0,2.0,3.0,3.0,3,3.0,3,3.0,3.0,3,3.0,3.0,2.0,2.0,3.0,3.0,2.0,2.0,3.0,3.0,3.0,3,2.0,3.0,2.0,3.0,3.0,3.0,3.0,3.0,3.0,3.0,1.0,2.0,3.0,3.0,2.0,3.0,2.0,3.0,2.0,3.0,2.0,3.0,3.0,3.0,3.0,3.0,3.0,3.0,3.0,3.0,2.0,3.0,3.0,1.0,3.0,3.0,3.0,3.0,3.0,3.0,3,1.0,3.0,99,7,1.1346468662301217,-0.3828710076185642
3.0,3,2,3,3,3,2,2.0,2,2.0,3,3,2,3,3.0,3,3.0,3.0,3.0,2.0,3.0,2.0,3,3.0,3.0,2.0,3,2,3.0,3.0,2,2,3,3.0,3.0,2,3.0,3.0,3.0,3,3,2.0,2,3.0,2,2,2,3,3.0,2,2,3.0,3,3.0,3,3.0,3.0,3,2,3,3.0,2.0,2.0,3,3.0,3,2,3.0,3.0,3.0,3.0,3.0,3,2,3,3,3.0,3.0,0,3.0,3.0,2,3.0,3,3.0,3.0,2,3,2,3.0,3,3.0,1,2,2.0,3,3.0,3.0,2,2,3,2.0,2.0,2,3.0,3,3.0,3.0,2,2,3,2.0,3.0,3,2.0,3.0,3.0,3,3.0,2.0,3,3.0,3,3.0,2,3.0,1.0,3,3,2,2.0,2.0,3.0,3.0,3.0,3.0,2,2.0,2.0,3.0,0,3,3.0,3,3.0,2.0,3,2,2,3.0,2,3.0,2,2,3,3.0,2,3.0,3,3.0,2.0,2,3,3,2.0,3,3.0,2.0,3.0,2.0,3,2,3,1.0,3,2.0,2,3.0,3,3.0,3.0,2,3.0,3.0,3.0,3.0,3.0,3.0,3,3.0,3.0,2,3.0,2,3,3,3.0,3.0,3.0,0.0,3,3.0,3,3,3.0,2,3,3,3.0,3,3.0,3.0,3.0,3,2,3,3.0,2.0,3,3,3.0,3,3.0,2,3.0,2,3,2,3,3,3.0,2.0,2.0,2,3,3,3.0,3.0,2,3,0.0,3,3.0,3.0,3.0,3.0,3.0,2,3.0,3.0,3.0,3,3.0,3.0,3.0,3.0,3.0,3.0,2.0,3.0,3,2,3.0,3.0,2,2,3.0,3,3.0,1,3,3.0,3.0,3.0,3,3,3,2,3.0,3.0,3,3.0,3,3.0,3,3.0,3.0,2,2,3,3.0,2,3.0,3.0,3,3.0,2,2.0,3.0,3.0,3.0,3.0,3.0,3.0,3.0,3.0,2,3.0,1.0,2,3.0,3,3.0,3,3.0,2,3,3,3.0,3,2,3.0,3.0,2.0,3.0,3,3.0,3.0,3.0,3,3.0,3,2.0,3.0,3.0,3.0,3,3,3.0,3.0,2,3,2,3.0,3,3.0,3.0,3.0,3.0,3.0,3.0,3.0,3.0,3,2,3.0,3,2.0,3.0,3.0,3.0,3.0,2,2,3.0,3.0,3,2.0,2,3,3.0,2,2.0,3.0,3.0,2.0,3.0,3.0,3,3,3.0,3.0,2.0,2.0,1.0,1.0,3,3,3,3.0,2,0,3,3,2,3.0,2,3,3.0,3,2.0,2.0,2.0,2.0,3.0,3,2,3.0,3.0,2,3.0,2.0,2.0,3,3.0,2.0,2.0,2.0,2.0,3.0,2,3.0,3.0,3,3.0,3.0,2,3.0,3.0,,2,3.0,3,3.0,3.0,2,3.0,3.0,3.0,3.0,3.0,3.0,3.0,3.0,2.0,3,2,3.0,3.0,3.0,0,3,3,3.0,2.0,3.0,1,3,2,3.0,3,3,3,3.0,3,3,,3,3,3,3,3.0,3,3.0,3.0,3.0,2.0,3.0,3.0,2.0,3,3.0,3.0,3,3.0,3.0,2.0,2.0,3.0,3.0,2,2.0,2.0,2.0,3.0,3,3.0,3,3,1,3.0,3.0,2,3.0,3.0,,3.0,2.0,3.0,3,3.0,3.0,2.0,3.0,1.0,3.0,1,3,2,3.0,2.0,3.0,2,2.0,3,2.0,3.0,3.0,3.0,3.0,3,3.0,2,2.0,3.0,3,2.0,3.0,3.0,1.0,3.0,2.0,3.0,3.0,2.0,3.0,3.0,3,3.0,3.0,3.0,3.0,3.0,3.0,3.0,3.0,3.0,3.0,3.0,2.0,3.0,3.0,1.0,3.0,3.0,3.0,2.0,3.0,2.0,3.0,2.0,3.0,3.0,3.0,3.0,3.0,3.0,1.0,2.0,2.0,3.0,3.0,3.0,2.0,3.0,2.0,3.0,1.0,2,3.0,3.0,100,7,1.1420984303080373,-0.3341520217979183
2.0,3,2,3,3,3,3,3.0,2,3.0,2,3,2,2,3.0,3,3.0,3.0,3.0,2.0,3.0,3.0,2,3.0,0.0,2.0,2,3,3.0,3.0,2,3,3,3.0,3.0,2,3.0,3.0,3.0,3,2,3.0,3,3.0,3,3,3,3,3.0,3,3,1.0,2,3.0,3,3.0,3.0,2,2,2,2.0,3.0,2.0,3,3.0,2,1,3.0,3.0,2.0,3.0,3.0,2,2,3,3,3.0,2.0,2,3.0,3.0,3,3.0,2,3.0,2.0,2,3,3,3.0,2,3.0,3,2,3.0,3,3.0,3.0,3,3,3,3.0,1.0,2,2.0,2,3.0,1.0,2,2,3,2.0,2.0,3,3.0,3.0,3.0,3,3.0,3.0,3,3.0,2,3.0,2,3.0,2.0,3,3,3,3.0,2.0,1.0,2.0,3.0,2.0,2,3.0,3.0,3.0,2,2,3.0,3,3.0,2.0,3,2,3,3.0,3,1.0,2,3,1,2.0,3,1.0,2,3.0,3.0,3,2,1,3.0,3,3.0,3.0,3.0,3.0,2,2,3,2.0,3,2.0,2,3.0,3,3.0,3.0,2,2.0,3.0,3.0,3.0,3.0,3.0,3,3.0,3.0,2,3.0,3,2,3,3.0,3.0,3.0,3.0,3,3.0,3,2,3.0,2,3,3,3.0,3,3.0,3.0,3.0,3,2,2,3.0,3.0,2,3,3.0,2,3.0,3,3.0,3,3,2,2,3,3.0,3.0,2.0,2,3,3,3.0,3.0,3,1,3.0,2,3.0,3.0,3.0,3.0,2.0,3,3.0,3.0,3.0,3,3.0,3.0,3.0,3.0,3.0,3.0,3.0,3.0,3,2,3.0,3.0,3,3,3.0,3,3.0,3,3,3.0,3.0,3.0,2,2,3,2,3.0,3.0,3,3.0,3,2.0,2,3.0,3.0,2,3,3,3.0,3,3.0,2.0,3,3.0,3,2.0,3.0,3.0,3.0,3.0,3.0,3.0,3.0,3.0,3,3.0,3.0,3,3.0,3,3.0,3,3.0,3,3,3,3.0,3,3,3.0,3.0,2.0,3.0,3,3.0,3.0,3.0,2,3.0,3,3.0,3.0,3.0,3.0,3,3,3.0,3.0,1,3,3,3.0,3,3.0,2.0,3.0,3.0,3.0,3.0,3.0,3.0,2,3,3.0,2,2.0,3.0,3.0,3.0,3.0,3,3,3.0,3.0,2,2.0,2,2,3.0,1,3.0,3.0,3.0,3.0,3.0,3.0,3,3,3.0,3.0,3.0,2.0,3.0,3.0,3,3,3,3.0,3,2,2,1,2,3.0,2,3,3.0,2,0.0,2.0,2.0,3.0,3.0,3,2,3.0,2.0,2,0.0,3.0,3.0,2,3.0,3.0,2.0,3.0,3.0,3.0,2,3.0,3.0,2,3.0,3.0,3,2.0,3.0,3.0,3,3.0,3,3.0,3.0,3,3.0,3.0,2.0,3.0,3.0,3.0,,0.0,3.0,3,3,3.0,3.0,3.0,2,3,3,3.0,3.0,3.0,2,2,2,3.0,2,2,2,3.0,3,3,3.0,3,3,3,3,3.0,3,3.0,2.0,3.0,3.0,3.0,3.0,3.0,3,3.0,3.0,3,3.0,3.0,3.0,3.0,3.0,3.0,3,2.0,3.0,2.0,3.0,3,0.0,3,3,1,3.0,3.0,3,3.0,3.0,,3.0,3.0,3.0,0,3.0,3.0,3.0,3.0,3.0,3.0,3,2,3,3.0,2.0,3.0,2,2.0,2,2.0,2.0,3.0,3.0,3.0,3,2.0,3,2.0,3.0,3,3.0,3.0,3.0,3.0,3.0,2.0,3.0,3.0,2.0,3.0,3.0,3,2.0,3.0,3.0,3.0,3.0,3.0,1.0,3.0,3.0,3.0,3.0,3.0,3.0,3.0,3.0,3.0,3.0,3.0,3.0,3.0,3.0,3.0,3.0,3.0,3.0,3.0,3.0,3.0,3.0,3.0,3.0,3.0,,,3.0,3.0,3.0,3.0,2.0,3.0,3,3.0,3.0,101,7,1.143424286344445,-0.3470271265920753
3.0,3,3,3,3,3,3,3.0,3,4.0,3,4,2,4,4.0,3,3.0,4.0,3.0,3.0,3.0,3.0,3,3.0,3.0,3.0,3,3,3.0,3.0,3,1,3,3.0,4.0,2,4.0,3.0,3.0,3,3,3.0,3,4.0,3,2,3,3,3.0,3,3,3.0,3,4.0,4,3.0,3.0,3,3,3,3.0,2.0,3.0,3,3.0,3,3,4.0,4.0,3.0,4.0,3.0,3,3,3,3,3.0,3.0,3,4.0,3.0,3,3.0,3,4.0,2.0,3,3,2,4.0,3,3.0,3,3,4.0,3,3.0,3.0,3,2,4,3.0,3.0,3,3.0,3,4.0,3.0,3,3,3,3.0,3.0,3,3.0,3.0,3.0,3,3.0,2.0,3,3.0,3,0.0,3,3.0,3.0,3,3,3,3.0,3.0,3.0,3.0,3.0,2.0,2,3.0,3.0,3.0,3,2,3.0,3,4.0,3.0,2,3,3,4.0,3,3.0,2,3,3,1.0,3,3.0,3,3.0,3.0,3,2,3,3.0,3,3.0,4.0,3.0,2.0,1,3,3,3.0,4,3.0,3,3.0,3,3.0,4.0,3,3.0,2.0,3.0,3.0,4.0,4.0,0,2.0,4.0,3,4.0,3,3,4,3.0,3.0,4.0,3.0,3,3.0,3,3,4.0,3,3,3,3.0,4,4.0,4.0,4.0,3,3,3,3.0,4.0,3,3,3.0,3,4.0,3,4.0,3,1,3,3,3,4.0,3.0,3.0,3,3,3,4.0,4.0,3,3,4.0,3,3.0,3.0,4.0,3.0,4.0,3,3.0,4.0,4.0,3,4.0,4.0,3.0,4.0,4.0,4.0,3.0,3.0,3,3,3.0,4.0,3,3,4.0,3,3.0,3,3,3.0,3.0,3.0,3,3,3,3,3.0,2.0,3,4.0,3,3.0,0,3.0,4.0,3,3,3,4.0,3,3.0,3.0,3,3.0,3,3.0,3.0,3.0,4.0,4.0,3.0,4.0,3.0,2.0,3,4.0,4.0,3,0.0,3,4.0,3,2.0,3,4,3,4.0,3,3,4.0,3.0,3.0,3.0,4,3.0,4.0,3.0,3,3.0,3,4.0,3.0,3.0,3.0,3,4,4.0,3.0,3,3,3,3.0,3,3.0,4.0,4.0,3.0,3.0,4.0,4.0,4.0,4,3,3.0,2,1.0,3.0,2.0,2.0,4.0,3,3,4.0,3.0,2,3.0,3,3,3.0,3,3.0,3.0,3.0,3.0,3.0,4.0,3,3,3.0,3.0,3.0,4.0,3.0,3.0,3,3,3,3.0,3,3,3,4,3,3.0,3,3,4.0,3,3.0,3.0,3.0,3.0,3.0,3,3,3.0,4.0,3,3.0,3.0,3.0,3,4.0,1.0,3.0,2.0,3.0,4.0,3,4.0,3.0,3,3.0,4.0,3,2.0,4.0,4.0,3,3.0,3,4.0,4.0,3,4.0,3.0,3.0,3.0,3.0,2.0,4.0,3.0,3.0,3,3,3.0,3.0,4.0,3,2,3,4.0,3.0,3.0,3,3,3,4.0,3,3,3,3.0,3,3,4.0,4,3,4,3,3.0,3,3.0,3.0,3.0,4.0,3.0,4.0,3.0,2,3.0,4.0,4,4.0,3.0,3.0,3.0,3.0,3.0,3,3.0,3.0,3.0,4.0,3,4.0,3,3,3,4.0,4.0,3,3.0,4.0,4.0,3.0,3.0,2.0,3,3.0,3.0,3.0,3.0,3.0,3.0,3,3,3,3.0,3.0,4.0,3,4.0,3,3.0,3.0,3.0,4.0,4.0,3,3.0,3,3.0,3.0,3,3.0,4.0,2.0,3.0,0.0,3.0,3.0,3.0,3.0,3.0,3.0,3,4.0,4.0,3.0,3.0,3.0,2.0,4.0,3.0,4.0,4.0,3.0,3.0,3.0,4.0,3.0,3.0,3.0,3.0,3.0,3.0,3.0,4.0,3.0,3.0,4.0,3.0,1.0,4.0,4.0,3.0,3.0,3.0,4.0,0.0,4.0,4.0,4.0,3.0,4.0,4.0,3,3.0,4.0,102,7,1.1828912556814328,-0.4153016411658556
3.0,3,3,3,3,4,3,3.0,2,4.0,3,3,2,3,4.0,4,4.0,4.0,4.0,3.0,1.0,3.0,3,4.0,4.0,3.0,3,2,3.0,4.0,3,4,4,4.0,4.0,3,3.0,4.0,4.0,4,1,4.0,4,2.0,3,3,3,4,4.0,3,3,4.0,4,3.0,3,4.0,4.0,3,4,3,4.0,4.0,3.0,4,4.0,3,3,4.0,3.0,3.0,4.0,4.0,4,3,3,3,4.0,4.0,4,4.0,3.0,3,3.0,3,4.0,3.0,3,4,4,4.0,4,4.0,3,4,4.0,3,3.0,4.0,3,4,3,4.0,4.0,3,3.0,4,4.0,4.0,3,3,4,4.0,4.0,4,4.0,4.0,4.0,3,4.0,4.0,4,4.0,4,4.0,3,3.0,4.0,3,4,3,3.0,4.0,4.0,4.0,4.0,2.0,3,4.0,4.0,4.0,3,4,4.0,3,4.0,4.0,3,3,4,3.0,4,3.0,3,3,3,4.0,3,4.0,3,3.0,4.0,4,3,4,4.0,4,4.0,4.0,2.0,4.0,3,3,3,4.0,4,3.0,3,3.0,4,4.0,4.0,4,4.0,4.0,3.0,4.0,4.0,0.0,3,4.0,4.0,3,4.0,3,4,3,3.0,4.0,4.0,3.0,4,4.0,3,4,3.0,3,3,3,4.0,3,4.0,4.0,4.0,3,4,3,3.0,3.0,3,4,3.0,3,3.0,3,4.0,3,3,3,2,3,3.0,4.0,4.0,3,4,3,3.0,3.0,3,4,3.0,3,3.0,4.0,3.0,3.0,3.0,4,4.0,4.0,3.0,4,4.0,4.0,4.0,3.0,3.0,3.0,4.0,3.0,0,3,2.0,3.0,3,3,3.0,4,4.0,3,3,3.0,3.0,4.0,3,3,4,4,4.0,4.0,3,4.0,3,4.0,4,3.0,4.0,4,3,4,4.0,4,4.0,4.0,4,4.0,3,3.0,3.0,4.0,3.0,3.0,3.0,3.0,3.0,4.0,4,4.0,4.0,3,0.0,4,3.0,3,4.0,3,3,3,0.0,3,3,2.0,4.0,3.0,1.0,3,0.0,3.0,4.0,3,4.0,2,3.0,4.0,3.0,4.0,3,3,4.0,3.0,3,3,3,4.0,3,4.0,3.0,4.0,3.0,4.0,4.0,4.0,4.0,4,3,3.0,4,4.0,4.0,4.0,4.0,4.0,4,3,4.0,4.0,3,4.0,4,3,4.0,3,3.0,3.0,3.0,4.0,4.0,4.0,3,3,3.0,4.0,4.0,2.0,4.0,3.0,3,4,4,4.0,4,3,4,3,3,3.0,2,3,3.0,3,3.0,4.0,2.0,4.0,4.0,3,4,3.0,4.0,3,4.0,4.0,4.0,4,4.0,3.0,4.0,4.0,4.0,4.0,3,3.0,4.0,3,4.0,3.0,3,4.0,4.0,4.0,4,4.0,4,4.0,3.0,4,3.0,4.0,4.0,4.0,4.0,3.0,4.0,4.0,4.0,3,3,4.0,3.0,4.0,4,4,3,4.0,3.0,3.0,4,3,3,4.0,3,3,3,4.0,4,4,4.0,4,4,3,4,4.0,3,2.0,4.0,3.0,4.0,1.0,4.0,3.0,4,4.0,4.0,3,4.0,3.0,4.0,4.0,4.0,2.0,3,4.0,2.0,3.0,2.0,3,4.0,3,3,3,3.0,4.0,3,3.0,3.0,4.0,4.0,4.0,4.0,3,3.0,4.0,4.0,4.0,4.0,4.0,4,3,3,4.0,4.0,4.0,4,3.0,4,3.0,4.0,4.0,2.0,2.0,3,3.0,4,4.0,4.0,4,4.0,3.0,4.0,4.0,4.0,4.0,4.0,4.0,3.0,3.0,3.0,0,4.0,3.0,4.0,4.0,4.0,3.0,4.0,3.0,4.0,4.0,3.0,4.0,4.0,4.0,4.0,4.0,4.0,4.0,3.0,4.0,4.0,4.0,3.0,4.0,4.0,4.0,3.0,4.0,4.0,4.0,4.0,4.0,4.0,4.0,4.0,4.0,4.0,3.0,4.0,4.0,4,4.0,4.0,103,7,1.1556638973185414,-0.3641600628503942
3.0,3,2,2,3,3,3,3.0,3,3.0,3,3,3,2,3.0,3,3.0,,3.0,3.0,3.0,3.0,3,3.0,3.0,3.0,2,3,2.0,3.0,3,3,3,3.0,3.0,2,3.0,3.0,2.0,3,2,3.0,3,3.0,3,3,3,3,3.0,3,3,3.0,2,3.0,3,2.0,3.0,3,3,3,3.0,3.0,3.0,3,3.0,2,3,3.0,3.0,3.0,3.0,3.0,2,3,3,2,3.0,3.0,3,2.0,3.0,3,3.0,3,3.0,3.0,3,3,2,,3,3.0,1,3,3.0,2,3.0,3.0,3,3,2,2.0,3.0,3,2.0,2,1.0,3.0,2,3,3,3.0,3.0,3,3.0,3.0,3.0,3,3.0,3.0,3,3.0,3,3.0,3,2.0,3.0,3,3,2,3.0,3.0,3.0,3.0,3.0,3.0,3,3.0,0.0,3.0,2,3,3.0,3,3.0,3.0,3,3,3,3.0,2,3.0,3,3,3,3.0,2,3.0,3,3.0,3.0,3,2,3,3.0,2,3.0,3.0,3.0,3.0,3,3,2,3.0,3,3.0,2,3.0,3,3.0,3.0,3,3.0,3.0,3.0,3.0,3.0,3.0,3,3.0,3.0,3,3.0,3,3,3,3.0,3.0,3.0,3.0,3,3.0,2,3,3.0,3,2,3,3.0,3,3.0,3.0,2.0,2,2,2,3.0,3.0,3,2,3.0,3,3.0,1,3.0,2,3,3,3,1,2.0,3.0,3.0,2,3,3,2.0,3.0,3,3,3.0,3,3.0,2.0,3.0,3.0,3.0,3,2.0,3.0,3.0,2,3.0,3.0,3.0,3.0,3.0,3.0,3.0,3.0,3,2,3.0,3.0,0,2,3.0,3,3.0,3,3,3.0,2.0,3.0,3,1,3,3,3.0,3.0,3,3.0,3,3.0,2,3.0,3.0,3,3,3,3.0,3,3.0,3.0,3,3.0,3,3.0,3.0,,3.0,3.0,3.0,3.0,2.0,3.0,3,3.0,3.0,2,1.0,3,3.0,2,3.0,3,3,3,3.0,2,2,3.0,3.0,3.0,3.0,3,3.0,3.0,3.0,2,3.0,3,3.0,3.0,3.0,3.0,2,3,3.0,3.0,3,3,3,3.0,3,3.0,3.0,3.0,3.0,3.0,2.0,3.0,3.0,3,2,3.0,3,3.0,3.0,3.0,3.0,,3,3,3.0,3.0,3,3.0,3,3,3.0,3,3.0,3.0,3.0,3.0,2.0,3.0,3,3,3.0,3.0,3.0,3.0,3.0,2.0,3,3,3,3.0,3,3,3,3,3,3.0,2,1,3.0,3,3.0,3.0,3.0,3.0,3.0,3,3,3.0,3.0,3,3.0,3.0,3.0,3,3.0,3.0,3.0,3.0,3.0,3.0,3,3.0,3.0,3,3.0,3.0,3,3.0,2.0,3.0,3,3.0,3,3.0,3.0,3,0.0,3.0,3.0,3.0,3.0,2.0,,3.0,1.0,3,3,3.0,3.0,3.0,3,2,1,1.0,2.0,3.0,3,3,3,3.0,2,3,3,0.0,3,0,,2,2,3,3,3.0,2,2.0,3.0,3.0,3.0,3.0,3.0,3.0,3,3.0,3.0,3,0.0,2.0,3.0,3.0,3.0,3.0,2,3.0,3.0,2.0,3.0,3,3.0,2,2,3,3.0,3.0,3,3.0,3.0,,3.0,3.0,3.0,3,3.0,3.0,3.0,3.0,3.0,3.0,3,3,3,3.0,3.0,3.0,2,3.0,2,3.0,3.0,3.0,3.0,3.0,3,3.0,3,3.0,3.0,3,3.0,3.0,3.0,3.0,3.0,3.0,3.0,3.0,3.0,3.0,3.0,3,3.0,3.0,3.0,,3.0,3.0,3.0,3.0,3.0,3.0,3.0,3.0,3.0,3.0,3.0,3.0,3.0,3.0,3.0,3.0,3.0,,3.0,,3.0,3.0,3.0,3.0,3.0,1.0,3.0,3.0,3.0,,3.0,3.0,3.0,3.0,3.0,3.0,3,3.0,,104,7,1.2131677887557928,-0.2697193567193949
2.0,3,3,3,3,3,0,3.0,3,3.0,3,3,2,3,3.0,3,3.0,,3.0,3.0,3.0,0.0,3,,3.0,3.0,2,3,3.0,3.0,3,2,3,3.0,3.0,2,3.0,,3.0,3,3,3.0,3,3.0,3,3,3,3,2.0,3,3,3.0,3,3.0,3,3.0,3.0,3,2,3,3.0,3.0,3.0,3,3.0,3,3,3.0,,3.0,3.0,3.0,3,3,3,1,3.0,3.0,1,,3.0,3,3.0,3,3.0,3.0,3,3,3,,3,3.0,3,3,3.0,2,,3.0,3,3,3,3.0,3.0,3,3.0,3,3.0,3.0,3,2,3,3.0,3.0,3,3.0,1.0,3.0,3,3.0,3.0,3,2.0,1,,3,3.0,3.0,3,3,3,3.0,3.0,3.0,3.0,3.0,3.0,2,3.0,3.0,,3,3,3.0,3,3.0,3.0,3,3,3,3.0,3,3.0,2,2,3,3.0,3,3.0,2,0.0,3.0,2,3,3,,3,3.0,3.0,3.0,3.0,2,3,3,3.0,3,3.0,3,3.0,3,3.0,3.0,2,3.0,2.0,3.0,3.0,3.0,,3,3.0,,3,,3,3,3,3.0,3.0,2.0,3.0,3,,3,3,3.0,3,3,3,3.0,3,3.0,,3.0,3,3,2,3.0,3.0,3,3,3.0,3,3.0,3,3.0,3,3,2,3,2,,,3.0,3,3,3,3.0,3.0,3,1,3.0,3,0.0,3.0,3.0,3.0,3.0,3,3.0,3.0,,3,3.0,,,,3.0,,2.0,,3,3,3.0,3.0,3,3,3.0,3,,3,3,,3.0,,3,3,3,2,,3.0,3,,3,3.0,2,,,3,3,3,3.0,3,0.0,,3,3.0,3,3.0,3.0,3.0,3.0,3.0,3.0,3.0,3.0,3.0,3,,3.0,3,3.0,3,3.0,3,3.0,3,3,3,3.0,3,3,3.0,3.0,3.0,,3,3.0,3.0,3.0,3,3.0,3,3.0,3.0,3.0,3.0,3,3,3.0,3.0,3,3,3,,3,3.0,3.0,3.0,3.0,3.0,,,,3,3,3.0,3,3.0,,3.0,,,3,3,3.0,3.0,3,3.0,3,3,3.0,3,3.0,3.0,3.0,3.0,,3.0,3,3,3.0,3.0,3.0,3.0,3.0,3.0,3,3,3,3.0,3,0,3,3,3,,2,3,3.0,3,3.0,3.0,3.0,3.0,3.0,3,3,3.0,3.0,3,3.0,3.0,3.0,3,,3.0,2.0,3.0,3.0,3.0,3,3.0,3.0,3,,3.0,3,2.0,3.0,,3,,3,,2.0,3,3.0,3.0,3.0,,3.0,3.0,,3.0,3.0,3,1,,3.0,3.0,3,3,3,,,3.0,3,3,3,3.0,3,3,3,3.0,3,3,,3,3,3,3,3.0,3,3.0,3.0,3.0,3.0,3.0,3.0,3.0,3,3.0,3.0,3,3.0,3.0,3.0,3.0,3.0,,3,3.0,3.0,3.0,3.0,3,3.0,3,3,3,,2.0,3,3.0,3.0,,3.0,,3.0,3,3.0,3.0,1.0,3.0,3.0,3.0,3,3,3,3.0,3.0,3.0,3,3.0,3,3.0,3.0,3.0,,3.0,3,3.0,3,2.0,3.0,3,3.0,3.0,,3.0,3.0,3.0,3.0,,3.0,3.0,3.0,3,3.0,,3.0,,3.0,3.0,,3.0,,,2.0,3.0,3.0,,3.0,,1.0,,3.0,,3.0,,3.0,,,3.0,3.0,3.0,,3.0,3.0,3.0,,,1.0,3.0,3.0,3.0,,,3,3.0,,105,7,1.386985172981878,-0.12411411647459773
2.0,3,2,3,2,3,3,3.0,3,3.0,2,3,3,3,3.0,2,3.0,,3.0,3.0,3.0,3.0,3,3.0,3.0,3.0,2,3,3.0,3.0,3,2,3,3.0,3.0,3,3.0,3.0,3.0,0,1,3.0,3,3.0,3,3,3,2,3.0,3,3,3.0,2,3.0,3,3.0,3.0,3,2,3,3.0,3.0,3.0,3,3.0,2,3,3.0,3.0,3.0,3.0,3.0,2,3,3,3,3.0,3.0,3,3.0,3.0,3,3.0,2,1.0,3.0,3,2,2,,3,3.0,1,3,3.0,3,3.0,3.0,2,3,3,3.0,3.0,3,2.0,3,3.0,0.0,3,1,3,3.0,2.0,3,2.0,3.0,3.0,3,3.0,3.0,3,3.0,3,3.0,2,3.0,3.0,3,3,3,2.0,3.0,3.0,3.0,3.0,3.0,3,3.0,3.0,3.0,2,3,3.0,3,3.0,3.0,3,3,2,3.0,3,3.0,2,2,3,3.0,0,3.0,3,3.0,3.0,3,2,2,3.0,3,3.0,3.0,3.0,3.0,2,2,3,3.0,3,3.0,3,3.0,2,3.0,3.0,3,3.0,3.0,3.0,3.0,3.0,3.0,3,3.0,3.0,3,3.0,3,2,2,3.0,3.0,3.0,3.0,2,3.0,2,3,3.0,3,3,3,3.0,1,3.0,3.0,1.0,3,2,3,3.0,3.0,2,3,3.0,3,3.0,3,3.0,2,3,2,3,3,3.0,3.0,3.0,2,2,3,3.0,3.0,3,3,3.0,3,3.0,3.0,2.0,3.0,3.0,2,3.0,3.0,3.0,2,3.0,3.0,3.0,3.0,3.0,3.0,3.0,3.0,3,3,3.0,3.0,3,3,3.0,3,3.0,2,3,3.0,3.0,3.0,3,3,3,2,3.0,3.0,3,3.0,3,3.0,3,3.0,3.0,3,3,3,3.0,3,3.0,3.0,3,3.0,2,3.0,0.0,3.0,3.0,3.0,3.0,3.0,3.0,3.0,3,3.0,2.0,2,3.0,3,3.0,3,3.0,3,3,3,3.0,3,3,3.0,3.0,3.0,3.0,3,3.0,3.0,2.0,3,3.0,3,3.0,3.0,3.0,3.0,2,3,3.0,3.0,3,3,3,3.0,1,3.0,3.0,3.0,3.0,3.0,3.0,3.0,3.0,3,3,3.0,3,3.0,3.0,3.0,3.0,,3,3,3.0,3.0,3,2.0,3,3,3.0,2,3.0,3.0,3.0,3.0,2.0,3.0,3,2,3.0,3.0,2.0,3.0,3.0,2.0,3,3,3,3.0,2,3,3,3,3,3.0,3,3,3.0,1,2.0,3.0,3.0,3.0,3.0,3,3,3.0,3.0,3,3.0,2.0,3.0,3,3.0,3.0,3.0,3.0,3.0,3.0,3,3.0,3.0,3,3.0,3.0,3,3.0,3.0,3.0,3,3.0,3,3.0,3.0,3,3.0,3.0,3.0,3.0,3.0,3.0,,3.0,3.0,3,1,3.0,3.0,3.0,3,3,2,3.0,3.0,3.0,2,3,3,2.0,3,3,3,3.0,3,3,,3,3,3,3,3.0,3,3.0,2.0,3.0,3.0,2.0,3.0,3.0,3,3.0,3.0,2,3.0,3.0,3.0,3.0,3.0,3.0,3,3.0,3.0,3.0,3.0,1,3.0,3,3,2,3.0,3.0,3,3.0,3.0,,3.0,3.0,3.0,3,3.0,3.0,3.0,3.0,3.0,3.0,3,3,3,3.0,0.0,3.0,3,3.0,2,3.0,3.0,3.0,3.0,3.0,3,3.0,2,3.0,3.0,3,3.0,3.0,3.0,3.0,3.0,3.0,3.0,3.0,2.0,3.0,3.0,3,3.0,3.0,3.0,3.0,3.0,3.0,2.0,3.0,3.0,3.0,3.0,2.0,3.0,3.0,3.0,3.0,3.0,,3.0,3.0,3.0,3.0,3.0,3.0,3.0,3.0,3.0,3.0,,3.0,0.0,2.0,,3.0,3.0,3.0,3.0,3.0,3.0,3.0,3,3.0,,106,7,1.2249032141892502,-0.305534693815836
2.0,3,3,3,3,3,3,3.0,2,4.0,3,4,2,3,4.0,4,3.0,4.0,4.0,4.0,3.0,4.0,3,3.0,4.0,3.0,3,3,3.0,3.0,3,2,4,3.0,3.0,3,3.0,3.0,3.0,3,3,0.0,3,3.0,3,3,3,3,2.0,3,3,3.0,4,4.0,3,3.0,3.0,3,3,3,3.0,3.0,3.0,4,3.0,3,3,3.0,4.0,3.0,3.0,4.0,3,3,3,3,3.0,3.0,3,4.0,4.0,3,3.0,3,3.0,3.0,3,2,3,4.0,3,3.0,3,3,3.0,3,3.0,3.0,3,3,4,3.0,3.0,1,3.0,2,4.0,3.0,3,3,3,3.0,3.0,0,3.0,3.0,3.0,3,3.0,3.0,3,3.0,4,3.0,3,3.0,3.0,1,3,3,3.0,4.0,4.0,3.0,3.0,4.0,3,3.0,3.0,4.0,3,3,3.0,3,4.0,3.0,1,3,3,4.0,3,3.0,3,3,0,3.0,3,3.0,3,4.0,3.0,3,3,3,3.0,4,3.0,4.0,4.0,3.0,2,3,3,4.0,4,3.0,3,4.0,4,3.0,4.0,3,4.0,4.0,4.0,3.0,4.0,4.0,4,3.0,4.0,4,4.0,3,3,3,4.0,4.0,4.0,3.0,3,4.0,4,3,4.0,2,3,4,3.0,4,4.0,4.0,4.0,4,3,3,4.0,4.0,3,3,3.0,4,4.0,3,4.0,3,3,3,3,3,4.0,3.0,4.0,3,3,3,4.0,4.0,4,4,3.0,3,3.0,3.0,4.0,4.0,4.0,3,4.0,4.0,4.0,3,4.0,4.0,3.0,4.0,4.0,4.0,4.0,4.0,3,3,3.0,3.0,3,2,4.0,4,1.0,3,4,3.0,4.0,4.0,3,4,3,3,4.0,3.0,3,2.0,3,3.0,3,4.0,4.0,3,3,3,4.0,3,4.0,4.0,3,4.0,3,4.0,4.0,4.0,4.0,4.0,4.0,4.0,4.0,4.0,4,4.0,4.0,4,4.0,3,4.0,3,3.0,4,3,4,3.0,3,4,4.0,1.0,3.0,4.0,4,4.0,4.0,4.0,3,4.0,3,3.0,3.0,4.0,3.0,4,3,4.0,4.0,3,4,3,3.0,4,4.0,4.0,3.0,4.0,4.0,4.0,4.0,4.0,4,3,4.0,3,3.0,3.0,3.0,4.0,4.0,4,3,4.0,4.0,3,3.0,3,4,4.0,3,4.0,3.0,4.0,4.0,4.0,4.0,3,3,4.0,3.0,3.0,4.0,4.0,4.0,3,3,3,3.0,3,0,3,4,3,3.0,3,4,4.0,3,4.0,3.0,3.0,4.0,4.0,3,3,3.0,3.0,3,3.0,3.0,3.0,4,4.0,4.0,3.0,3.0,3.0,4.0,3,4.0,4.0,3,4.0,4.0,3,3.0,4.0,4.0,4,3.0,4,4.0,4.0,3,3.0,3.0,3.0,4.0,3.0,4.0,4.0,4.0,4.0,3,4,3.0,4.0,4.0,4,4,4,4.0,3.0,3.0,3,3,3,4.0,3,3,4,4.0,4,4,4.0,4,4,4,3,4.0,3,4.0,3.0,4.0,4.0,4.0,4.0,3.0,4,2.0,4.0,4,4.0,4.0,4.0,4.0,4.0,4.0,4,3.0,3.0,3.0,4.0,3,4.0,0,3,4,4.0,4.0,3,4.0,4.0,4.0,3.0,4.0,4.0,3,4.0,3.0,3.0,3.0,3.0,2.0,3,3,3,4.0,2.0,4.0,4,3.0,3,3.0,3.0,4.0,4.0,4.0,2,4.0,3,3.0,3.0,3,4.0,4.0,2.0,4.0,3.0,3.0,3.0,4.0,4.0,3.0,0.0,4,2.0,4.0,4.0,4.0,4.0,3.0,4.0,4.0,4.0,4.0,2.0,3.0,3.0,4.0,3.0,4.0,4.0,4.0,4.0,4.0,4.0,4.0,2.0,4.0,4.0,4.0,4.0,4.0,4.0,3.0,4.0,4.0,4.0,4.0,4.0,4.0,4.0,3.0,4.0,4.0,3,3.0,4.0,107,7,1.1662011909153185,-0.4228392426122851
3.0,3,3,3,3,3,3,3.0,2,4.0,3,4,3,4,3.0,3,3.0,4.0,3.0,2.0,4.0,3.0,3,3.0,3.0,3.0,3,3,3.0,4.0,3,3,3,3.0,3.0,3,3.0,3.0,3.0,3,3,3.0,3,3.0,3,3,3,3,4.0,3,3,3.0,3,4.0,3,3.0,3.0,3,3,3,3.0,3.0,3.0,3,3.0,3,3,4.0,4.0,3.0,3.0,3.0,3,3,3,3,3.0,3.0,3,4.0,3.0,2,3.0,3,3.0,3.0,3,3,3,4.0,3,3.0,3,3,3.0,3,4.0,3.0,1,3,2,3.0,2.0,3,3.0,3,4.0,3.0,3,3,3,3.0,3.0,3,3.0,3.0,3.0,3,3.0,4.0,3,3.0,3,3.0,2,3.0,3.0,4,2,3,2.0,3.0,3.0,3.0,3.0,3.0,3,4.0,3.0,4.0,3,3,3.0,3,4.0,3.0,3,2,0,3.0,3,3.0,3,1,4,3.0,1,2.0,3,4.0,3.0,3,3,3,3.0,3,4.0,3.0,3.0,3.0,3,3,3,3.0,3,3.0,3,4.0,4,3.0,3.0,3,3.0,4.0,4.0,4.0,3.0,3.0,4,3.0,3.0,3,4.0,3,3,4,3.0,3.0,3.0,3.0,3,3.0,3,3,4.0,3,3,2,4.0,3,4.0,3.0,3.0,3,3,3,3.0,3.0,3,3,3.0,3,3.0,3,3.0,3,3,3,3,3,4.0,4.0,3.0,3,3,3,4.0,4.0,3,3,0.0,3,4.0,3.0,3.0,4.0,3.0,4,4.0,4.0,4.0,3,3.0,4.0,4.0,4.0,4.0,4.0,3.0,4.0,3,3,4.0,4.0,0,3,4.0,4,4.0,2,3,4.0,3.0,4.0,3,4,3,2,3.0,4.0,3,3.0,3,3.0,3,4.0,4.0,3,3,3,4.0,4,4.0,4.0,3,4.0,3,3.0,3.0,4.0,4.0,4.0,1.0,3.0,3.0,4.0,3,3.0,4.0,3,4.0,3,4.0,3,3.0,3,3,3,3.0,3,3,4.0,2.0,3.0,3.0,3,4.0,4.0,4.0,0,3.0,3,3.0,4.0,3.0,4.0,3,3,4.0,4.0,4,2,3,4.0,3,3.0,3.0,4.0,4.0,4.0,4.0,4.0,4.0,3,3,3.0,3,3.0,4.0,3.0,4.0,4.0,3,3,4.0,3.0,3,3.0,3,3,4.0,3,3.0,4.0,4.0,3.0,3.0,3.0,3,3,4.0,3.0,3.0,3.0,3.0,3.0,1,3,3,3.0,3,3,3,3,3,3.0,2,3,3.0,2,4.0,3.0,2.0,3.0,4.0,3,3,4.0,3.0,3,3.0,3.0,2.0,4,3.0,3.0,3.0,3.0,3.0,4.0,3,4.0,4.0,3,3.0,4.0,3,3.0,4.0,4.0,3,4.0,3,4.0,4.0,3,3.0,3.0,3.0,4.0,3.0,4.0,4.0,3.0,3.0,3,3,3.0,4.0,4.0,3,4,3,4.0,3.0,3.0,2,3,3,3.0,3,3,3,3.0,3,3,4.0,3,3,3,3,4.0,3,3.0,3.0,3.0,3.0,3.0,4.0,3.0,3,3.0,4.0,3,4.0,3.0,4.0,3.0,3.0,2.0,3,3.0,4.0,3.0,4.0,3,3.0,3,3,3,4.0,4.0,3,3.0,3.0,4.0,4.0,2.0,4.0,3,3.0,4.0,3.0,3.0,3.0,3.0,3,3,3,3.0,1.0,4.0,3,3.0,3,3.0,4.0,3.0,4.0,3.0,3,2.0,3,3.0,3.0,3,3.0,4.0,3.0,0.0,3.0,3.0,4.0,4.0,3.0,3.0,4.0,4,3.0,3.0,3.0,4.0,4.0,2.0,4.0,4.0,4.0,3.0,3.0,3.0,4.0,3.0,3.0,4.0,3.0,4.0,3.0,4.0,4.0,4.0,4.0,4.0,4.0,4.0,4.0,3.0,4.0,3.0,3.0,3.0,4.0,4.0,4.0,3.0,4.0,3.0,4.0,0.0,3,3.0,4.0,108,7,1.191961455559782,-0.5323369100440781
3.0,3,3,2,3,3,3,3.0,3,3.0,3,3,3,3,,3,,,3.0,3.0,1.0,3.0,3,3.0,3.0,3.0,3,3,3.0,3.0,3,3,3,3.0,3.0,3,3.0,3.0,3.0,2,3,3.0,3,3.0,3,3,2,3,3.0,3,3,3.0,3,3.0,3,3.0,2.0,3,3,3,3.0,,,3,3.0,3,3,3.0,3.0,3.0,3.0,3.0,3,3,3,3,3.0,3.0,3,3.0,3.0,3,3.0,2,3.0,0.0,3,3,3,,3,3.0,3,3,,1,3.0,3.0,3,3,3,3.0,3.0,3,3.0,3,,3.0,2,2,3,3.0,3.0,3,3.0,,3.0,3,,,0,3.0,3,,3,3.0,,3,3,3,2.0,3.0,3.0,3.0,3.0,3.0,3,3.0,,,3,3,3.0,3,3.0,3.0,3,3,3,3.0,3,3.0,3,3,3,3.0,3,3.0,3,3.0,,3,3,3,3.0,3,3.0,3.0,3.0,3.0,3,3,3,3.0,3,2.0,3,3.0,3,3.0,3.0,3,3.0,3.0,1.0,3.0,,3.0,3,3.0,3.0,3,,3,2,3,3.0,3.0,3.0,,3,,3,3,3.0,3,3,3,3.0,1,,3.0,3.0,3,3,3,3.0,3.0,3,3,3.0,3,3.0,3,3.0,3,3,2,3,3,3.0,3.0,3.0,2,3,3,3.0,3.0,2,3,3.0,3,3.0,,3.0,3.0,3.0,3,,3.0,,3,3.0,,,3.0,,3.0,3.0,,3,3,2.0,3.0,3,3,,3,,3,3,3.0,3.0,3.0,3,3,3,3,,3.0,2,3.0,3,3.0,2,3.0,,3,3,3,3.0,3,3.0,,2,,3,2.0,,,,,3.0,0.0,,,3,,3.0,3,,3,3.0,3,3.0,1,3,3,3.0,2,3,3.0,3.0,3.0,3.0,3,3.0,3.0,3.0,2,,3,3.0,3.0,3.0,3.0,3,2,3.0,0.0,3,3,3,0.0,3,3.0,3.0,,3.0,3.0,,3.0,3.0,3,3,3.0,3,,,3.0,2.0,,3,3,3.0,3.0,3,3.0,3,3,3.0,3,2.0,3.0,,3.0,3.0,,3,3,3.0,3.0,3.0,3.0,3.0,3.0,3,3,3,,3,3,3,1,3,,3,3,3.0,3,3.0,3.0,3.0,3.0,,3,3,,3.0,3,3.0,3.0,3.0,3,3.0,3.0,3.0,3.0,3.0,,3,,,3,3.0,3.0,3,3.0,3.0,0.0,3,,3,3.0,3.0,3,3.0,3.0,,3.0,,,,3.0,3.0,3,3,,3.0,,3,3,2,3.0,2.0,1.0,3,3,3,3.0,2,3,3,3.0,3,3,,3,1,2,3,3.0,3,3.0,2.0,3.0,1.0,3.0,3.0,3.0,3,3.0,3.0,3,3.0,3.0,3.0,3.0,3.0,3.0,3,3.0,3.0,3.0,3.0,3,3.0,3,3,3,3.0,3.0,3,3.0,3.0,3.0,3.0,3.0,3.0,3,3.0,3.0,3.0,3.0,3.0,3.0,3,3,3,3.0,3.0,3.0,3,3.0,3,3.0,3.0,3.0,,3.0,3,3.0,3,3.0,3.0,2,3.0,3.0,,3.0,,3.0,3.0,,,3.0,3.0,3,3.0,3.0,,,3.0,3.0,3.0,3.0,,3.0,3.0,3.0,3.0,,3.0,3.0,3.0,,3.0,3.0,3.0,,,,,,3.0,3.0,3.0,3.0,3.0,3.0,,,,,,,,3.0,3,3.0,,109,7,1.3779964221824688,-0.12587331718035266
3.0,3,2,3,3,3,3,3.0,3,3.0,3,3,2,2,3.0,3,3.0,4.0,3.0,3.0,3.0,3.0,3,4.0,3.0,3.0,3,3,3.0,4.0,2,3,3,3.0,3.0,3,3.0,3.0,3.0,3,3,3.0,3,4.0,3,3,3,3,3.0,3,3,3.0,3,3.0,3,3.0,3.0,4,3,2,3.0,4.0,3.0,3,3.0,3,2,4.0,3.0,3.0,3.0,3.0,3,3,2,3,3.0,3.0,3,3.0,4.0,3,3.0,3,3.0,3.0,3,3,1,4.0,0,2.0,2,3,3.0,3,4.0,3.0,3,3,3,3.0,3.0,3,3.0,3,4.0,4.0,3,3,3,3.0,3.0,3,3.0,3.0,4.0,3,4.0,3.0,3,3.0,3,4.0,3,3.0,3.0,3,3,3,3.0,3.0,3.0,3.0,3.0,3.0,3,3.0,4.0,3.0,3,3,3.0,3,4.0,3.0,3,3,3,3.0,1,3.0,3,3,3,3.0,3,3.0,3,3.0,2.0,3,3,3,3.0,3,3.0,3.0,4.0,3.0,2,3,3,3.0,4,3.0,2,3.0,3,3.0,3.0,3,3.0,4.0,3.0,3.0,4.0,3.0,3,3.0,3.0,3,4.0,3,3,3,3.0,3.0,4.0,4.0,3,4.0,3,2,3.0,3,3,3,3.0,3,4.0,4.0,3.0,3,3,2,3.0,0.0,3,3,4.0,3,3.0,2,3.0,3,3,3,3,3,3.0,3.0,3.0,3,3,3,3.0,3.0,3,3,3.0,3,4.0,4.0,4.0,3.0,3.0,3,3.0,3.0,4.0,3,3.0,4.0,3.0,4.0,4.0,4.0,3.0,3.0,3,3,3.0,3.0,3,3,4.0,3,4.0,3,3,3.0,4.0,3.0,3,2,3,3,4.0,4.0,3,3.0,3,3.0,3,3.0,4.0,3,3,3,3.0,3,3.0,3.0,3,4.0,3,2.0,3.0,4.0,3.0,4.0,3.0,3.0,4.0,3.0,3,4.0,4.0,3,2.0,3,3.0,3,3.0,2,3,3,3.0,2,3,3.0,3.0,3.0,4.0,3,3.0,4.0,3.0,3,4.0,3,2.0,3.0,3.0,4.0,3,3,4.0,3.0,3,1,3,4.0,3,3.0,3.0,4.0,3.0,3.0,4.0,3.0,4.0,3,2,3.0,3,3.0,4.0,3.0,4.0,4.0,3,3,4.0,3.0,0,3.0,3,3,3.0,3,3.0,3.0,3.0,3.0,3.0,3.0,3,3,4.0,3.0,3.0,4.0,3.0,3.0,3,3,3,3.0,3,3,3,3,3,3.0,3,3,3.0,3,3.0,2.0,3.0,3.0,3.0,3,3,3.0,3.0,2,3.0,3.0,3.0,3,4.0,3.0,3.0,0.0,3.0,3.0,3,3.0,3.0,3,3.0,3.0,3,3.0,3.0,4.0,3,1.0,3,3.0,4.0,4,3.0,3.0,3.0,3.0,3.0,3.0,4.0,4.0,3.0,3,3,3.0,1.0,3.0,2,3,3,3.0,3.0,3.0,3,3,3,3.0,2,2,3,3.0,3,3,4.0,1,3,3,3,3.0,3,3.0,3.0,3.0,3.0,3.0,0.0,3.0,3,3.0,3.0,3,3.0,3.0,3.0,3.0,3.0,3.0,3,3.0,3.0,3.0,3.0,3,4.0,3,3,3,4.0,4.0,3,3.0,2.0,4.0,3.0,3.0,4.0,3,3.0,3.0,3.0,3.0,3.0,4.0,3,2,3,3.0,3.0,4.0,3,3.0,3,3.0,4.0,3.0,4.0,3.0,3,3.0,2,3.0,3.0,3,3.0,3.0,3.0,3.0,4.0,3.0,3.0,4.0,3.0,3.0,3.0,3,3.0,1.0,4.0,4.0,4.0,3.0,3.0,3.0,4.0,3.0,3.0,3.0,3.0,3.0,3.0,3.0,3.0,4.0,3.0,4.0,3.0,4.0,3.0,4.0,3.0,3.0,3.0,0.0,4.0,1.0,2.0,4.0,4.0,4.0,4.0,4.0,3.0,4.0,3.0,3.0,3,3.0,4.0,110,7,1.2050045913682277,-0.4724493639610589
3.0,3,3,3,3,3,2,3.0,3,4.0,4,3,3,3,3.0,3,3.0,4.0,4.0,3.0,4.0,3.0,3,0.0,3.0,3.0,3,2,4.0,3.0,3,3,3,3.0,3.0,3,3.0,3.0,3.0,0,3,3.0,3,4.0,2,3,3,3,3.0,3,3,3.0,3,4.0,4,3.0,3.0,3,3,4,3.0,2.0,3.0,4,3.0,3,3,4.0,4.0,4.0,4.0,3.0,3,3,3,3,3.0,3.0,3,4.0,4.0,3,3.0,3,3.0,3.0,3,3,2,4.0,4,3.0,1,3,3.0,3,3.0,3.0,2,3,3,3.0,3.0,2,2.0,3,4.0,3.0,3,3,3,3.0,3.0,3,3.0,3.0,4.0,2,3.0,3.0,3,0.0,3,3.0,2,3.0,3.0,3,3,3,3.0,3.0,3.0,3.0,3.0,3.0,3,4.0,3.0,4.0,3,3,3.0,4,4.0,4.0,3,1,2,3.0,3,3.0,0,3,2,3.0,3,3.0,3,4.0,3.0,3,3,3,3.0,3,4.0,3.0,3.0,3.0,3,3,2,3.0,3,3.0,3,3.0,3,3.0,4.0,3,3.0,4.0,3.0,3.0,3.0,3.0,3,3.0,4.0,3,4.0,3,3,3,3.0,4.0,3.0,3.0,3,3.0,4,3,3.0,2,3,3,3.0,3,4.0,3.0,3.0,2,3,3,4.0,3.0,3,3,3.0,3,3.0,4,4.0,3,3,3,3,3,3.0,3.0,3.0,2,3,3,4.0,3.0,4,3,3.0,3,3.0,1.0,3.0,3.0,3.0,3,3.0,4.0,3.0,2,4.0,3.0,4.0,4.0,3.0,3.0,3.0,4.0,3,3,3.0,3.0,3,3,4.0,3,3.0,2,3,4.0,3.0,4.0,3,3,3,3,3.0,3.0,3,2.0,3,3.0,3,1.0,3.0,3,3,3,3.0,3,4.0,4.0,3,4.0,3,3.0,3.0,4.0,1.0,3.0,3.0,3.0,3.0,3.0,1,3.0,3.0,2,3.0,3,3.0,3,3.0,3,3,3,3.0,4,3,3.0,3.0,3.0,4.0,3,4.0,4.0,3.0,3,4.0,3,3.0,3.0,3.0,4.0,3,3,4.0,4.0,3,4,2,4.0,4,3.0,4.0,4.0,3.0,3.0,4.0,4.0,4.0,4,2,3.0,1,3.0,4.0,4.0,3.0,4.0,3,3,4.0,3.0,3,3.0,3,4,4.0,3,3.0,4.0,4.0,3.0,3.0,3.0,3,3,4.0,3.0,2.0,3.0,3.0,3.0,3,3,3,3.0,3,3,3,4,3,3.0,3,3,3.0,3,3.0,4.0,3.0,3.0,4.0,3,3,0.0,3.0,3,4.0,3.0,3.0,3,4.0,3.0,3.0,3.0,3.0,4.0,3,4.0,4.0,3,3.0,4.0,3,3.0,3.0,4.0,3,4.0,4,4.0,4.0,2,3.0,3.0,3.0,3.0,3.0,3.0,4.0,4.0,3.0,3,4,3.0,3.0,4.0,3,4,3,4.0,3.0,3.0,3,3,3,3.0,3,3,3,4.0,3,3,4.0,3,3,3,3,3.0,4,4.0,3.0,3.0,3.0,4.0,4.0,3.0,3,4.0,4.0,3,4.0,4.0,3.0,3.0,3.0,3.0,4,3.0,4.0,3.0,4.0,4,4.0,3,3,3,4.0,4.0,3,3.0,3.0,4.0,3.0,2.0,4.0,3,3.0,4.0,3.0,3.0,0.0,4.0,3,3,3,3.0,3.0,4.0,4,3.0,3,3.0,4.0,3.0,4.0,4.0,3,3.0,3,3.0,3.0,3,3.0,4.0,3.0,3.0,3.0,3.0,3.0,3.0,3.0,3.0,3.0,4,4.0,4.0,4.0,4.0,4.0,3.0,4.0,4.0,4.0,3.0,3.0,3.0,3.0,4.0,3.0,4.0,3.0,4.0,3.0,4.0,3.0,4.0,3.0,4.0,3.0,3.0,3.0,4.0,4.0,3.0,3.0,3.0,4.0,4.0,4.0,4.0,3.0,3.0,4.0,4.0,3,3.0,4.0,111,7,1.1932665944015812,-0.49020723739785177
3.0,3,3,3,2,3,3,4.0,3,4.0,3,3,3,3,4.0,3,3.0,4.0,3.0,3.0,4.0,3.0,3,3.0,0.0,3.0,3,3,3.0,3.0,2,2,3,3.0,3.0,3,3.0,3.0,3.0,3,3,3.0,3,3.0,3,3,3,3,4.0,3,3,3.0,3,3.0,3,2.0,3.0,3,2,3,3.0,3.0,3.0,3,3.0,3,2,3.0,4.0,3.0,4.0,3.0,3,3,3,3,3.0,3.0,3,4.0,3.0,3,3.0,3,3.0,3.0,3,3,3,4.0,3,3.0,3,3,2.0,3,3.0,3.0,3,3,3,3.0,3.0,3,3.0,3,4.0,3.0,3,2,3,3.0,0.0,3,2.0,3.0,3.0,3,3.0,3.0,3,2.0,3,3.0,3,3.0,3.0,3,1,1,3.0,4.0,3.0,3.0,3.0,3.0,3,3.0,3.0,3.0,3,3,3.0,3,3.0,3.0,3,1,2,3.0,3,3.0,3,3,3,2.0,3,3.0,3,3.0,3.0,3,3,2,3.0,3,3.0,3.0,3.0,3.0,3,3,2,3.0,3,3.0,3,3.0,3,3.0,2.0,3,3.0,1.0,3.0,4.0,3.0,4.0,3,0.0,4.0,3,4.0,3,3,3,3.0,3.0,3.0,3.0,0,4.0,3,3,3.0,3,3,3,3.0,3,4.0,4.0,3.0,3,3,2,4.0,4.0,0,3,3.0,3,3.0,3,3.0,3,3,3,3,3,4.0,3.0,3.0,3,2,2,3.0,3.0,3,3,3.0,3,3.0,3.0,3.0,3.0,3.0,3,3.0,3.0,3.0,3,4.0,3.0,3.0,4.0,3.0,4.0,3.0,3.0,3,3,3.0,3.0,3,3,4.0,3,3.0,3,3,2.0,3.0,3.0,3,3,3,3,3.0,3.0,3,2.0,3,3.0,3,3.0,4.0,3,3,3,1.0,3,3.0,3.0,3,3.0,3,3.0,3.0,3.0,3.0,3.0,3.0,3.0,2.0,3.0,3,4.0,3.0,2,3.0,3,3.0,3,3.0,3,3,3,4.0,3,4,3.0,1.0,3.0,4.0,3,3.0,3.0,4.0,3,3.0,3,3.0,3.0,3.0,4.0,3,3,4.0,3.0,3,3,3,3.0,0,3.0,4.0,3.0,3.0,3.0,4.0,4.0,4.0,3,3,3.0,3,3.0,4.0,3.0,3.0,4.0,3,3,4.0,3.0,3,3.0,3,3,2.0,3,3.0,3.0,3.0,3.0,3.0,3.0,3,3,4.0,3.0,3.0,3.0,3.0,3.0,3,2,2,3.0,3,3,3,3,3,3.0,3,3,3.0,3,3.0,3.0,3.0,3.0,3.0,3,3,3.0,3.0,3,4.0,3.0,3.0,3,4.0,3.0,3.0,4.0,3.0,4.0,3,3.0,3.0,3,3.0,3.0,3,3.0,4.0,4.0,3,3.0,3,4.0,3.0,3,3.0,3.0,3.0,3.0,3.0,4.0,4.0,3.0,3.0,3,3,3.0,3.0,3.0,3,4,2,4.0,3.0,4.0,3,4,3,4.0,3,2,3,4.0,3,3,4.0,4,4,4,2,3.0,3,3.0,3.0,3.0,3.0,3.0,3.0,3.0,3,3.0,4.0,3,4.0,4.0,4.0,4.0,3.0,3.0,3,4.0,3.0,3.0,4.0,3,4.0,3,3,3,3.0,4.0,3,3.0,3.0,4.0,3.0,3.0,3.0,3,3.0,3.0,2.0,4.0,3.0,4.0,3,3,3,3.0,3.0,3.0,3,3.0,3,3.0,3.0,3.0,4.0,4.0,3,3.0,3,3.0,3.0,3,3.0,4.0,3.0,3.0,3.0,3.0,3.0,2.0,3.0,2.0,3.0,3,3.0,3.0,1.0,4.0,4.0,3.0,3.0,3.0,3.0,4.0,2.0,4.0,3.0,3.0,3.0,4.0,4.0,4.0,3.0,4.0,4.0,4.0,3.0,3.0,3.0,4.0,3.0,3.0,4.0,3.0,2.0,3.0,4.0,4.0,4.0,4.0,4.0,4.0,4.0,4.0,2,2.0,4.0,112,7,1.2263542066845947,-0.43258956984962155
3.0,3,3,3,3,3,2,2.0,3,,3,3,3,3,3.0,3,3.0,,3.0,3.0,3.0,3.0,3,3.0,3.0,3.0,3,3,3.0,3.0,3,3,3,3.0,3.0,2,3.0,3.0,3.0,3,3,,3,3.0,3,3,2,3,3.0,3,3,3.0,3,3.0,3,3.0,3.0,3,3,2,3.0,,3.0,3,3.0,3,3,3.0,,3.0,3.0,3.0,3,2,3,3,3.0,3.0,3,,3.0,3,3.0,3,3.0,3.0,3,3,3,,3,3.0,3,3,3.0,3,3.0,3.0,3,2,3,3.0,,3,3.0,3,3.0,3.0,3,3,3,3.0,3.0,3,3.0,3.0,3.0,3,3.0,3.0,3,3.0,3,3.0,3,3.0,3.0,3,3,3,3.0,3.0,3.0,3.0,3.0,3.0,3,,3.0,,3,3,3.0,3,2.0,3.0,3,3,3,3.0,3,3.0,3,3,3,,3,3.0,3,3.0,3.0,3,3,3,,3,3.0,2.0,3.0,3.0,3,3,3,1.0,3,,3,3.0,3,3.0,3.0,3,2.0,,3.0,3.0,3.0,,3,3.0,3.0,3,,3,3,3,3.0,3.0,3.0,3.0,3,1.0,3,3,3.0,3,3,3,3.0,3,,,3.0,3,3,2,3.0,3.0,3,3,3.0,3,3.0,3,3.0,2,3,3,3,3,3.0,3.0,3.0,1,3,3,,3.0,3,3,,3,,3.0,,,3.0,3,3.0,3.0,3.0,3,3.0,,3.0,3.0,,3.0,3.0,,3,3,3.0,,3,3,0.0,2,,3,3,3.0,3.0,3.0,3,3,1,2,,3.0,3,3.0,3,3.0,3,3.0,,2,3,3,3.0,3,2.0,,3,,3,3.0,0.0,,3.0,,3.0,3.0,3.0,,3,,3.0,2,,3,,3,3.0,3,2,3,3.0,3,2,3.0,3.0,3.0,3.0,3,3.0,3.0,3.0,3,3.0,3,3.0,3.0,3.0,,3,3,,3.0,3,3,2,3.0,2,3.0,3.0,,3.0,,,3.0,3.0,3,2,3.0,3,3.0,,,3.0,,3,3,3.0,3.0,3,,3,3,3.0,2,3.0,,3.0,3.0,3.0,,3,3,3.0,3.0,3.0,3.0,3.0,3.0,3,3,3,3.0,3,3,3,3,0,2.0,2,1,3.0,1,3.0,3.0,3.0,3.0,,3,3,3.0,3.0,3,3.0,3.0,3.0,3,3.0,3.0,,3.0,3.0,3.0,2,3.0,3.0,3,3.0,0.0,3,3.0,,,3,,3,3.0,3.0,1,3.0,,3.0,3.0,3.0,,,3.0,,3,3,3.0,3.0,3.0,3,3,3,3.0,3.0,3.0,3,3,3,3.0,3,0,3,3.0,3,3,,3,3,3,3,3.0,3,3.0,3.0,3.0,,3.0,2.0,3.0,3,3.0,,3,,3.0,3.0,3.0,3.0,3.0,3,3.0,3.0,3.0,3.0,3,,3,3,3,,2.0,3,3.0,3.0,,3.0,,3.0,3,3.0,2.0,3.0,3.0,3.0,3.0,3,3,1,3.0,3.0,0.0,3,3.0,3,3.0,,3.0,3.0,,3,3.0,3,3.0,3.0,3,3.0,3.0,,3.0,3.0,3.0,,3.0,3.0,,2.0,3,3.0,3.0,,,3.0,3.0,,3.0,3.0,3.0,3.0,2.0,3.0,,3.0,,3.0,,3.0,3.0,,,3.0,3.0,,,3.0,3.0,,3.0,3.0,3.0,,,3.0,,3.0,3.0,2.0,,3,,,113,7,1.3849991092107607,-0.0718550252912021
3.0,3,3,2,3,3,2,3.0,3,0.0,3,3,2,2,3.0,3,3.0,,3.0,3.0,3.0,3.0,3,3.0,3.0,2.0,3,2,3.0,3.0,2,2,3,3.0,3.0,2,3.0,3.0,3.0,3,3,2.0,3,3.0,2,3,2,3,3.0,3,3,3.0,3,3.0,3,2.0,3.0,3,2,3,3.0,3.0,3.0,3,3.0,2,3,3.0,3.0,3.0,3.0,3.0,3,3,3,3,3.0,3.0,3,3.0,3.0,3,3.0,3,3.0,3.0,3,3,2,3.0,3,3.0,2,3,3.0,3,3.0,3.0,2,3,3,3.0,3.0,2,2.0,3,3.0,3.0,2,2,3,3.0,2.0,3,3.0,1.0,3.0,1,3.0,2.0,3,1.0,3,3.0,2,3.0,3.0,3,3,3,2.0,3.0,3.0,3.0,3.0,3.0,2,3.0,3.0,3.0,2,3,3.0,3,3.0,3.0,3,2,3,2.0,1,3.0,3,2,3,3.0,3,3.0,3,3.0,2.0,2,2,3,3.0,3,3.0,3.0,3.0,3.0,3,2,3,3.0,3,3.0,2,0.0,3,3.0,1.0,3,3.0,3.0,3.0,3.0,3.0,3.0,3,3.0,3.0,3,3.0,2,3,3,2.0,3.0,3.0,3.0,3,3.0,3,3,2.0,2,3,3,3.0,3,3.0,3.0,3.0,2,3,3,3.0,3.0,3,2,3.0,3,3.0,2,3.0,2,3,3,3,3,3.0,3.0,3.0,3,3,3,3.0,3.0,3,3,3.0,2,3.0,3.0,3.0,2.0,3.0,3,3.0,3.0,3.0,3,3.0,3.0,3.0,2.0,3.0,3.0,3.0,3.0,3,3,3.0,3.0,0,2,3.0,2,3.0,0,2,3.0,3.0,2.0,3,3,3,2,3.0,3.0,3,3.0,3,3.0,2,3.0,3.0,3,3,3,3.0,3,3.0,3.0,3,3.0,3,3.0,3.0,3.0,2.0,3.0,3.0,3.0,3.0,3.0,3,3.0,3.0,2,3.0,3,3.0,2,3.0,2,3,2,3.0,2,2,3.0,3.0,3.0,3.0,0,3.0,3.0,2.0,3,3.0,3,3.0,3.0,3.0,3.0,3,3,3.0,3.0,3,2,3,3.0,2,3.0,3.0,3.0,3.0,3.0,3.0,3.0,3.0,3,1,2.0,2,3.0,3.0,3.0,3.0,,1,3,3.0,3.0,3,1.0,2,3,3.0,3,3.0,3.0,3.0,3.0,3.0,3.0,3,3,3.0,3.0,3.0,3.0,3.0,3.0,3,3,2,3.0,3,3,3,3,2,3.0,3,3,3.0,3,3.0,3.0,2.0,3.0,3.0,3,2,3.0,3.0,2,3.0,3.0,3.0,3,3.0,3.0,3.0,2.0,3.0,3.0,3,3.0,3.0,3,3.0,3.0,3,3.0,3.0,3.0,3,3.0,3,2.0,3.0,3,3.0,3.0,3.0,3.0,3.0,3.0,3.0,3.0,3.0,2,3,3.0,3.0,3.0,3,3,3,3.0,2.0,3.0,2,3,3,3.0,2,3,3,3.0,3,3,,3,3,3,3,3.0,3,3.0,3.0,3.0,3.0,3.0,1.0,3.0,3,3.0,3.0,3,3.0,3.0,3.0,3.0,3.0,3.0,3,3.0,3.0,2.0,3.0,3,3.0,3,3,1,3.0,3.0,3,3.0,2.0,3.0,3.0,3.0,3.0,3,3.0,3.0,3.0,3.0,0.0,3.0,3,3,3,3.0,3.0,3.0,3,3.0,3,3.0,3.0,3.0,3.0,3.0,3,3.0,2,3.0,3.0,3,3.0,3.0,3.0,3.0,3.0,3.0,3.0,3.0,3.0,1.0,3.0,3,3.0,3.0,3.0,3.0,3.0,3.0,3.0,3.0,3.0,3.0,2.0,3.0,2.0,3.0,3.0,3.0,3.0,,3.0,3.0,3.0,,3.0,3.0,3.0,3.0,3.0,3.0,3.0,3.0,2.0,3.0,3.0,,3.0,,3.0,2.0,3.0,3.0,2,3.0,,114,7,1.2021674723218463,-0.36793075508860107
4.0,3,3,4,4,4,3,4.0,3,3.0,4,0,3,4,4.0,4,4.0,4.0,4.0,4.0,4.0,4.0,3,4.0,4.0,4.0,4,4,3.0,3.0,2,4,4,3.0,4.0,3,4.0,4.0,4.0,3,4,4.0,4,4.0,4,4,4,4,4.0,4,4,4.0,4,4.0,4,4.0,4.0,4,4,4,2.0,4.0,4.0,4,4.0,3,3,4.0,2.0,4.0,4.0,4.0,3,3,3,4,3.0,3.0,4,4.0,4.0,4,4.0,0,4.0,4.0,4,4,4,,4,4.0,4,4,3.0,3,4.0,4.0,4,3,4,3.0,4.0,3,3.0,4,4.0,4.0,3,4,3,4.0,4.0,4,4.0,4.0,3.0,4,4.0,4.0,4,4.0,4,4.0,4,4.0,4.0,4,3,4,4.0,4.0,4.0,4.0,4.0,4.0,3,4.0,4.0,4.0,3,4,4.0,4,4.0,3.0,4,3,4,4.0,3,4.0,4,4,4,4.0,4,4.0,4,4.0,4.0,4,3,4,4.0,3,4.0,4.0,4.0,4.0,3,4,3,4.0,4,4.0,3,4.0,4,4.0,4.0,4,4.0,4.0,4.0,4.0,4.0,4.0,4,4.0,4.0,4,4.0,4,4,4,4.0,4.0,4.0,4.0,4,4.0,4,3,4.0,4,3,4,4.0,4,4.0,4.0,4.0,3,3,3,4.0,4.0,4,3,4.0,3,4.0,4,1.0,4,4,3,4,3,4.0,4.0,4.0,3,4,4,4.0,4.0,2,4,4.0,3,4.0,4.0,4.0,4.0,4.0,4,4.0,4.0,4.0,4,4.0,4.0,4.0,4.0,4.0,4.0,4.0,4.0,4,2,4.0,4.0,0,4,4.0,4,3.0,4,3,4.0,4.0,3.0,4,4,4,4,4.0,4.0,4,4.0,4,4.0,4,4.0,4.0,1,4,4,4.0,4,4.0,4.0,4,4.0,4,1.0,4.0,4.0,4.0,4.0,4.0,4.0,4.0,2.0,4,4.0,4.0,4,4.0,4,4.0,3,4.0,4,4,4,4.0,4,4,4.0,4.0,4.0,4.0,4,4.0,4.0,4.0,4,4.0,4,4.0,3.0,4.0,4.0,4,4,4.0,4.0,4,4,4,4.0,4,4.0,4.0,4.0,4.0,4.0,4.0,4.0,4.0,4,4,4.0,4,4.0,4.0,4.0,4.0,4.0,4,0,4.0,4.0,4,4.0,3,4,4.0,3,4.0,4.0,4.0,4.0,4.0,1.0,4,3,4.0,3.0,4.0,4.0,4.0,4.0,4,4,3,4.0,4,3,3,3,3,4.0,4,4,4.0,4,4.0,3.0,4.0,3.0,4.0,4,4,4.0,3.0,4,4.0,4.0,4.0,4,4.0,4.0,3.0,4.0,4.0,4.0,3,4.0,4.0,4,4.0,4.0,4,4.0,4.0,,4,0.0,4,4.0,4.0,4,4.0,4.0,4.0,4.0,4.0,4.0,,4.0,4.0,4,4,4.0,3.0,4.0,3,4,4,4.0,3.0,4.0,3,2,4,4.0,3,4,4,4.0,4,4,,3,3,4,4,4.0,3,4.0,3.0,4.0,3.0,4.0,4.0,4.0,3,4.0,4.0,4,4.0,2.0,4.0,4.0,4.0,3.0,4,4.0,4.0,4.0,4.0,4,3.0,3,4,3,4.0,4.0,4,4.0,4.0,,3.0,4.0,4.0,3,4.0,4.0,4.0,4.0,4.0,4.0,4,3,3,4.0,4.0,4.0,4,3.0,4,4.0,4.0,3.0,4.0,4.0,4,4.0,3,4.0,4.0,4,4.0,4.0,4.0,4.0,4.0,4.0,3.0,4.0,4.0,4.0,4.0,0,4.0,4.0,4.0,,4.0,4.0,3.0,4.0,,3.0,4.0,4.0,4.0,4.0,4.0,4.0,4.0,4.0,4.0,4.0,4.0,4.0,4.0,4.0,4.0,4.0,4.0,3.0,,3.0,4.0,4.0,,,4.0,4.0,4.0,4.0,4.0,4.0,4,4.0,,115,7,1.288326729655593,-0.29130817213673577
3.0,3,3,4,4,4,3,4.0,4,4.0,4,3,3,4,4.0,4,4.0,4.0,1.0,3.0,4.0,3.0,4,4.0,4.0,4.0,4,4,4.0,4.0,3,3,4,4.0,4.0,3,3.0,3.0,2.0,3,3,4.0,3,4.0,3,4,3,2,4.0,4,3,4.0,3,4.0,4,4.0,3.0,3,3,4,4.0,4.0,4.0,3,3.0,3,4,4.0,3.0,4.0,4.0,3.0,3,2,4,3,3.0,4.0,4,3.0,3.0,3,4.0,3,4.0,3.0,3,4,4,4.0,4,4.0,0,4,4.0,4,3.0,4.0,3,3,3,3.0,4.0,3,3.0,3,4.0,4.0,2,3,3,3.0,3.0,4,4.0,4.0,4.0,3,4.0,4.0,3,4.0,3,4.0,3,4.0,3.0,4,3,4,3.0,4.0,4.0,4.0,3.0,4.0,3,4.0,4.0,4.0,3,4,4.0,4,4.0,4.0,4,1,3,3.0,3,3.0,3,3,4,4.0,1,3.0,4,4.0,3.0,3,4,3,4.0,3,4.0,3.0,3.0,3.0,3,3,4,4.0,4,4.0,4,3.0,4,4.0,4.0,3,4.0,4.0,4.0,4.0,3.0,3.0,3,4.0,4.0,4,4.0,3,2,4,4.0,3.0,4.0,3.0,3,2.0,3,3,3.0,3,3,4,4.0,3,4.0,4.0,4.0,3,3,3,4.0,4.0,4,3,3.0,4,4.0,4,3.0,3,3,3,3,3,4.0,3.0,4.0,3,4,3,4.0,4.0,4,4,4.0,3,3.0,3.0,4.0,3.0,4.0,4,4.0,4.0,4.0,3,4.0,4.0,4.0,4.0,4.0,4.0,4.0,4.0,3,4,3.0,4.0,3,3,4.0,3,4.0,3,2,4.0,4.0,3.0,4,4,4,4,4.0,4.0,4,4.0,3,4.0,4,4.0,4.0,3,4,4,4.0,4,4.0,4.0,4,4.0,4,4.0,4.0,4.0,4.0,4.0,4.0,4.0,3.0,3.0,4,4.0,4.0,3,4.0,3,4.0,4,3.0,3,3,3,4.0,2,3,4.0,4.0,3.0,4.0,3,4.0,3.0,4.0,3,4.0,4,4.0,4.0,3.0,4.0,3,4,4.0,4.0,3,4,4,4.0,3,4.0,4.0,4.0,3.0,4.0,4.0,4.0,4.0,4,3,4.0,3,0.0,4.0,4.0,4.0,4.0,4,4,4.0,4.0,3,4.0,4,4,4.0,0,3.0,4.0,3.0,4.0,4.0,4.0,3,4,4.0,4.0,3.0,4.0,4.0,4.0,4,4,2,3.0,3,4,4,4,3,4.0,3,4,4.0,4,4.0,3.0,4.0,4.0,4.0,4,3,1.0,4.0,4,4.0,3.0,4.0,4,4.0,3.0,3.0,4.0,4.0,4.0,3,4.0,4.0,4,3.0,4.0,3,3.0,4.0,4.0,3,4.0,4,3.0,3.0,3,4.0,4.0,3.0,4.0,4.0,3.0,4.0,4.0,3.0,0,4,4.0,4.0,4.0,4,4,3,0.0,3.0,4.0,4,4,3,4.0,4,4,3,3.0,3,4,4.0,3,4,4,3,3.0,4,4.0,4.0,3.0,4.0,4.0,4.0,4.0,2,4.0,1.0,3,4.0,4.0,4.0,4.0,4.0,4.0,3,4.0,4.0,3.0,4.0,4,4.0,3,3,3,4.0,3.0,4,3.0,4.0,0.0,4.0,2.0,4.0,4,4.0,3.0,4.0,4.0,3.0,1.0,4,4,4,4.0,4.0,4.0,4,4.0,3,3.0,4.0,4.0,4.0,3.0,4,3.0,3,3.0,4.0,3,4.0,4.0,4.0,4.0,4.0,4.0,4.0,4.0,4.0,3.0,4.0,4,4.0,4.0,4.0,4.0,4.0,3.0,4.0,3.0,4.0,4.0,4.0,4.0,4.0,4.0,3.0,4.0,4.0,4.0,4.0,4.0,4.0,4.0,4.0,4.0,4.0,4.0,4.0,4.0,4.0,4.0,3.0,2.0,4.0,4.0,2.0,4.0,4.0,4.0,4.0,4.0,3,4.0,4.0,116,7,1.1875543728570697,-0.4102976205517534
3.0,3,3,3,3,3,2,3.0,3,3.0,3,3,2,2,3.0,3,3.0,,3.0,3.0,3.0,3.0,3,3.0,3.0,3.0,3,2,3.0,3.0,1,3,2,3.0,3.0,2,3.0,3.0,3.0,3,3,2.0,2,3.0,3,3,3,3,3.0,3,3,3.0,3,3.0,3,3.0,3.0,3,3,2,3.0,3.0,3.0,3,3.0,3,3,3.0,,3.0,3.0,3.0,3,2,3,3,3.0,3.0,3,3.0,3.0,3,3.0,3,3.0,3.0,3,3,3,,3,3.0,2,3,3.0,2,3.0,3.0,3,2,3,3.0,3.0,3,3.0,3,3.0,3.0,3,3,3,3.0,3.0,3,3.0,3.0,3.0,2,3.0,3.0,3,3.0,3,3.0,3,3.0,3.0,3,3,3,3.0,3.0,3.0,3.0,3.0,3.0,2,3.0,3.0,,2,2,3.0,2,3.0,3.0,3,3,3,3.0,3,3.0,3,3,3,3.0,3,3.0,2,3.0,3.0,3,3,1,3.0,3,3.0,3.0,3.0,3.0,1,3,3,3.0,3,3.0,3,3.0,3,3.0,3.0,2,3.0,3.0,3.0,3.0,3.0,3.0,1,3.0,3.0,2,3.0,3,3,3,3.0,3.0,3.0,3.0,2,3.0,1,3,2.0,3,3,3,3.0,2,3.0,3.0,3.0,2,3,3,3.0,3.0,3,3,3.0,3,3.0,3,3.0,2,2,3,3,3,3.0,2.0,3.0,0,3,2,3.0,3.0,3,2,3.0,3,3.0,3.0,3.0,3.0,3.0,3,2.0,3.0,3.0,3,3.0,3.0,3.0,3.0,3.0,3.0,3.0,3.0,2,3,3.0,3.0,3,3,3.0,3,3.0,3,3,3.0,3.0,3.0,3,3,3,3,3.0,3.0,3,3.0,3,3.0,3,3.0,3.0,3,3,3,3.0,3,3.0,3.0,3,3.0,3,3.0,3.0,3.0,2.0,3.0,3.0,3.0,3.0,3.0,3,3.0,3.0,3,3.0,3,3.0,3,3.0,0,3,3,3.0,2,3,3.0,3.0,3.0,3.0,3,3.0,3.0,3.0,3,3.0,3,2.0,3.0,3.0,3.0,3,3,3.0,3.0,2,2,2,3.0,2,3.0,3.0,3.0,3.0,3.0,3.0,3.0,3.0,3,3,1.0,3,3.0,3.0,3.0,3.0,,3,1,3.0,3.0,2,3.0,3,3,3.0,3,3.0,3.0,3.0,3.0,3.0,3.0,3,3,3.0,3.0,3.0,3.0,3.0,3.0,3,3,3,3.0,3,3,3,3,3,3.0,3,2,3.0,3,3.0,3.0,3.0,3.0,3.0,2,2,3.0,3.0,3,3.0,3.0,3.0,3,3.0,2.0,3.0,3.0,3.0,3.0,2,3.0,3.0,2,3.0,3.0,2,3.0,,3.0,3,3.0,3,3.0,3.0,3,3.0,3.0,3.0,3.0,3.0,1.0,,3.0,3.0,3,3,3.0,3.0,3.0,3,3,3,3.0,3.0,3.0,3,3,2,3.0,3,0,3,3.0,3,2,,3,2,3,3,3.0,3,3.0,3.0,3.0,3.0,3.0,3.0,3.0,2,3.0,3.0,3,3.0,3.0,3.0,3.0,3.0,3.0,3,3.0,3.0,3.0,3.0,3,3.0,3,3,3,3.0,3.0,3,3.0,3.0,,3.0,3.0,3.0,3,3.0,3.0,3.0,3.0,3.0,3.0,3,3,0,3.0,3.0,3.0,2,3.0,3,3.0,0.0,3.0,3.0,2.0,3,3.0,3,3.0,3.0,3,3.0,3.0,3.0,3.0,3.0,3.0,3.0,0.0,3.0,2.0,3.0,3,3.0,3.0,3.0,,1.0,3.0,3.0,3.0,3.0,3.0,3.0,3.0,3.0,3.0,3.0,3.0,2.0,,3.0,3.0,3.0,,3.0,3.0,3.0,1.0,3.0,3.0,,3.0,3.0,3.0,3.0,,3.0,3.0,3.0,3.0,3.0,3.0,3,3.0,,117,7,1.2738133333333332,-0.25676850877858737
3.0,3,3,4,4,3,2,3.0,3,4.0,3,3,3,3,3.0,4,3.0,4.0,3.0,2.0,4.0,3.0,3,4.0,3.0,3.0,3,3,4.0,4.0,2,4,3,3.0,3.0,3,4.0,3.0,4.0,3,3,3.0,4,4.0,3,3,3,3,4.0,3,3,3.0,3,4.0,4,3.0,2.0,3,3,4,3.0,3.0,3.0,4,3.0,3,1,4.0,4.0,3.0,3.0,3.0,2,3,2,3,3.0,3.0,3,4.0,4.0,3,3.0,2,4.0,0.0,3,3,3,4.0,3,3.0,3,3,3.0,3,4.0,4.0,3,3,3,0.0,3.0,3,3.0,3,4.0,3.0,3,3,3,3.0,3.0,4,3.0,4.0,4.0,3,4.0,2.0,3,3.0,3,3.0,3,3.0,3.0,4,3,4,2.0,3.0,3.0,3.0,3.0,4.0,3,4.0,4.0,4.0,3,3,3.0,3,4.0,4.0,3,0,3,3.0,3,2.0,3,2,3,3.0,3,3.0,3,4.0,3.0,3,3,3,3.0,3,3.0,3.0,3.0,3.0,3,3,3,3.0,4,3.0,0,3.0,3,3.0,4.0,3,3.0,4.0,3.0,3.0,4.0,3.0,4,4.0,4.0,3,4.0,3,3,4,3.0,3.0,4.0,4.0,3,2.0,4,3,3.0,3,3,3,4.0,3,4.0,3.0,4.0,3,3,3,3.0,3.0,3,3,4.0,3,4.0,3,3.0,3,3,3,3,3,4.0,4.0,3.0,3,3,2,3.0,3.0,3,3,3.0,3,4.0,4.0,4.0,4.0,4.0,4,4.0,3.0,3.0,3,3.0,4.0,3.0,4.0,4.0,3.0,3.0,4.0,3,2,3.0,4.0,2,3,4.0,3,4.0,3,3,4.0,3.0,4.0,3,3,3,3,4.0,4.0,4,3.0,3,4.0,3,3.0,4.0,2,3,3,4.0,4,3.0,4.0,3,4.0,4,3.0,3.0,4.0,4.0,4.0,3.0,3.0,3.0,3.0,3,4.0,4.0,3,3.0,1,4.0,3,3.0,3,4,3,1.0,3,3,4.0,3.0,3.0,4.0,3,3.0,4.0,3.0,2,3.0,3,3.0,3.0,4.0,4.0,4,3,4.0,0.0,3,3,3,4.0,3,3.0,4.0,4.0,4.0,3.0,4.0,4.0,4.0,3,3,3.0,3,3.0,4.0,3.0,4.0,4.0,3,3,4.0,3.0,3,4.0,3,3,4.0,3,3.0,4.0,4.0,3.0,3.0,3.0,3,4,4.0,3.0,3.0,4.0,4.0,0.0,4,3,3,3.0,4,3,3,3,3,4.0,2,3,3.0,3,3.0,3.0,2.0,3.0,3.0,3,3,4.0,3.0,3,2.0,3.0,3.0,3,4.0,3.0,3.0,3.0,4.0,4.0,3,4.0,3.0,3,4.0,4.0,3,3.0,4.0,4.0,4,4.0,3,4.0,4.0,4,3.0,4.0,4.0,4.0,4.0,4.0,4.0,3.0,3.0,3,3,3.0,3.0,4.0,3,3,3,4.0,2.0,3.0,3,3,3,4.0,3,3,3,3.0,3,4,4.0,3,3,3,3,3.0,3,3.0,3.0,3.0,3.0,3.0,3.0,4.0,3,3.0,3.0,3,3.0,3.0,3.0,3.0,3.0,3.0,3,3.0,3.0,3.0,3.0,3,4.0,4,4,3,4.0,4.0,3,3.0,4.0,4.0,3.0,3.0,3.0,1,3.0,4.0,3.0,1.0,3.0,3.0,3,2,3,3.0,3.0,3.0,3,3.0,1,2.0,4.0,4.0,4.0,4.0,3,4.0,3,3.0,3.0,3,4.0,3.0,3.0,3.0,4.0,3.0,4.0,4.0,3.0,3.0,3.0,4,3.0,4.0,4.0,4.0,4.0,3.0,4.0,4.0,4.0,3.0,3.0,3.0,3.0,4.0,3.0,4.0,3.0,4.0,3.0,4.0,4.0,4.0,3.0,4.0,4.0,4.0,4.0,3.0,4.0,3.0,3.0,4.0,4.0,4.0,4.0,4.0,4.0,4.0,4.0,4.0,3,4.0,4.0,118,7,1.1829887977826539,-0.48952473635874144
3.0,3,3,3,3,3,3,3.0,3,3.0,3,3,2,3,2.0,3,4.0,4.0,4.0,3.0,3.0,4.0,3,3.0,3.0,3.0,3,3,4.0,4.0,3,3,3,4.0,3.0,3,3.0,3.0,3.0,3,3,4.0,3,2.0,3,3,3,3,3.0,3,3,3.0,3,3.0,3,3.0,3.0,3,3,3,4.0,3.0,3.0,2,4.0,2,3,2.0,3.0,3.0,4.0,3.0,3,3,3,3,3.0,4.0,3,3.0,3.0,3,0.0,3,3.0,3.0,3,3,4,4.0,3,3.0,3,3,4.0,3,3.0,4.0,3,3,3,4.0,3.0,3,3.0,4,4.0,3.0,3,3,4,3.0,4.0,3,4.0,3.0,3.0,3,3.0,3.0,4,4.0,3,4.0,3,3.0,4.0,4,3,3,4.0,1.0,4.0,4.0,4.0,3.0,3,3.0,4.0,4.0,3,3,4.0,3,4.0,3.0,3,3,3,3.0,3,3.0,1,3,3,4.0,3,3.0,4,4.0,4.0,3,3,3,4.0,3,4.0,4.0,4.0,2.0,3,3,3,4.0,3,3.0,3,3.0,3,3.0,4.0,3,4.0,3.0,3.0,2.0,3.0,3.0,3,3.0,3.0,2,3.0,3,3,3,3.0,3.0,3.0,3.0,3,3.0,3,3,2.0,3,1,3,3.0,4,3.0,3.0,3.0,2,3,3,3.0,3.0,3,3,3.0,3,2.0,3,3.0,3,3,3,3,3,3.0,2.0,4.0,2,3,0,3.0,3.0,3,3,3.0,3,3.0,3.0,3.0,3.0,3.0,3,3.0,3.0,3.0,2,4.0,3.0,4.0,3.0,3.0,3.0,3.0,3.0,3,3,3.0,1.0,3,2,3.0,3,1.0,3,3,3.0,3.0,3.0,3,3,3,3,3.0,4.0,3,4.0,3,3.0,3,3.0,3.0,3,3,3,3.0,3,3.0,4.0,3,4.0,3,4.0,3.0,4.0,3.0,3.0,2.0,4.0,2.0,3.0,3,4.0,3.0,3,2.0,3,1.0,3,3.0,3,0,3,4.0,2,3,3.0,3.0,3.0,3.0,3,2.0,3.0,3.0,3,4.0,3,3.0,3.0,3.0,3.0,3,3,3.0,3.0,3,3,3,4.0,3,3.0,3.0,3.0,3.0,4.0,4.0,3.0,3.0,3,3,3.0,3,3.0,4.0,4.0,3.0,4.0,4,3,3.0,4.0,3,3.0,3,3,2.0,3,4.0,3.0,0.0,4.0,3.0,3.0,3,3,3.0,4.0,3.0,3.0,3.0,4.0,3,3,3,4.0,3,3,3,3,3,4.0,3,3,4.0,3,4.0,4.0,3.0,3.0,4.0,3,3,3.0,4.0,3,4.0,3.0,3.0,3,3.0,3.0,3.0,4.0,4.0,4.0,3,3.0,4.0,3,3.0,3.0,2,3.0,3.0,4.0,3,4.0,3,3.0,3.0,4,3.0,4.0,3.0,4.0,2.0,3.0,4.0,4.0,1.0,3,3,4.0,2.0,3.0,3,3,3,3.0,3.0,3.0,3,3,3,3.0,3,1,3,3.0,3,3,4.0,3,3,3,3,3.0,3,3.0,3.0,3.0,3.0,4.0,4.0,3.0,3,4.0,3.0,3,3.0,4.0,4.0,4.0,4.0,3.0,3,3.0,3.0,4.0,3.0,3,4.0,3,3,3,3.0,4.0,3,3.0,3.0,3.0,3.0,3.0,4.0,3,3.0,3.0,4.0,4.0,3.0,4.0,3,4,3,3.0,3.0,4.0,3,3.0,3,3.0,3.0,3.0,4.0,3.0,3,3.0,3,4.0,3.0,3,3.0,3.0,3.0,4.0,4.0,3.0,3.0,3.0,3.0,3.0,3.0,3,4.0,3.0,3.0,4.0,3.0,3.0,3.0,0.0,3.0,4.0,3.0,3.0,3.0,3.0,3.0,4.0,4.0,4.0,3.0,4.0,4.0,4.0,4.0,4.0,4.0,4.0,3.0,4.0,4.0,3.0,4.0,3.0,0.0,4.0,4.0,3.0,3.0,4.0,4.0,3.0,4,2.0,4.0,119,7,1.192385820064216,-0.3588514820267793
4.0,3,3,3,3,3,3,4.0,4,4.0,3,3,3,3,4.0,3,4.0,4.0,4.0,3.0,3.0,4.0,4,4.0,4.0,3.0,2,3,4.0,4.0,3,3,4,4.0,4.0,3,3.0,4.0,3.0,3,3,3.0,3,4.0,3,4,3,3,4.0,3,3,3.0,3,3.0,3,3.0,3.0,3,3,3,4.0,3.0,4.0,3,4.0,3,4,3.0,4.0,3.0,4.0,4.0,3,3,3,3,4.0,3.0,3,4.0,3.0,4,4.0,3,3.0,3.0,4,3,2,4.0,4,4.0,2,3,4.0,3,3.0,4.0,3,4,3,4.0,4.0,3,3.0,4,4.0,4.0,3,3,3,4.0,3.0,4,4.0,4.0,4.0,3,4.0,3.0,4,4.0,4,4.0,3,4.0,4.0,4,4,3,4.0,3.0,4.0,4.0,4.0,3.0,3,4.0,4.0,4.0,3,3,4.0,2,4.0,4.0,4,3,3,3.0,3,4.0,1,3,3,4.0,3,4.0,4,4.0,4.0,3,3,3,3.0,4,4.0,3.0,4.0,1.0,4,3,2,4.0,3,3.0,3,3.0,3,4.0,4.0,2,4.0,4.0,3.0,4.0,0.0,3.0,3,3.0,3.0,3,1.0,3,3,3,3.0,4.0,3.0,0.0,4,3.0,3,3,3.0,3,3,3,1.0,4,3.0,3.0,3.0,3,3,3,3.0,3.0,3,3,2.0,3,3.0,3,3.0,3,3,3,3,3,3.0,3.0,4.0,3,3,3,3.0,3.0,3,3,3.0,3,3.0,2.0,3.0,3.0,3.0,3,3.0,3.0,3.0,3,3.0,3.0,4.0,3.0,3.0,3.0,4.0,3.0,2,3,3.0,2.0,3,3,4.0,3,3.0,3,3,3.0,3.0,3.0,3,3,3,3,3.0,4.0,3,4.0,3,1.0,3,0.0,4.0,3,3,3,4.0,3,3.0,3.0,3,3.0,2,3.0,3.0,4.0,3.0,4.0,3.0,4.0,3.0,3.0,3,3.0,1.0,3,3.0,4,3.0,4,3.0,3,3,2,4.0,2,4,4.0,3.0,3.0,4.0,3,3.0,3.0,3.0,3,4.0,3,3.0,3.0,3.0,3.0,4,3,0.0,2.0,3,3,3,4.0,3,4.0,4.0,4.0,3.0,4.0,4.0,3.0,2.0,3,3,2.0,3,4.0,4.0,4.0,4.0,4.0,4,3,4.0,3.0,3,3.0,4,4,3.0,3,3.0,3.0,3.0,3.0,4.0,4.0,3,3,3.0,4.0,3.0,3.0,4.0,4.0,3,3,4,3.0,3,3,3,3,3,3.0,3,3,4.0,4,4.0,4.0,4.0,3.0,4.0,4,3,4.0,4.0,4,4.0,4.0,4.0,3,4.0,3.0,4.0,4.0,4.0,4.0,0,3.0,4.0,3,3.0,3.0,3,4.0,4.0,4.0,3,4.0,4,4.0,3.0,3,3.0,3.0,3.0,4.0,3.0,3.0,4.0,4.0,3.0,2,4,4.0,2.0,3.0,4,1,3,4.0,4.0,4.0,4,4,4,3.0,3,4,3,4.0,4,3,4.0,3,2,3,3,4.0,4,3.0,4.0,3.0,4.0,4.0,4.0,4.0,3,4.0,3.0,3,3.0,4.0,4.0,4.0,3.0,4.0,3,4.0,4.0,4.0,4.0,3,4.0,3,3,3,4.0,4.0,4,4.0,4.0,4.0,4.0,3.0,4.0,4,3.0,4.0,3.0,4.0,4.0,3.0,3,4,3,4.0,4.0,4.0,4,3.0,4,3.0,4.0,4.0,4.0,0.0,4,4.0,4,4.0,4.0,3,4.0,3.0,3.0,4.0,4.0,4.0,4.0,3.0,4.0,3.0,3.0,4,4.0,3.0,4.0,4.0,3.0,3.0,3.0,3.0,4.0,4.0,3.0,4.0,4.0,3.0,3.0,3.0,3.0,4.0,4.0,4.0,4.0,4.0,4.0,4.0,4.0,4.0,3.0,4.0,4.0,4.0,3.0,3.0,4.0,4.0,4.0,3.0,4.0,4.0,4.0,4.0,3,3.0,4.0,120,7,1.1663362203902745,-0.3799599683235219
2.0,3,3,2,3,3,3,3.0,3,3.0,3,3,2,3,3.0,1,3.0,3.0,3.0,2.0,2.0,3.0,3,3.0,3.0,2.0,3,2,3.0,3.0,3,2,2,3.0,3.0,3,3.0,3.0,2.0,3,3,1.0,2,2.0,3,3,3,3,0.0,3,3,2.0,2,3.0,3,3.0,2.0,3,2,0,3.0,3.0,3.0,3,1.0,2,2,3.0,3.0,3.0,3.0,2.0,2,2,3,3,2.0,3.0,0,3.0,3.0,2,3.0,2,3.0,3.0,2,2,3,3.0,1,2.0,2,2,3.0,3,3.0,2.0,3,2,3,3.0,2.0,3,3.0,2,3.0,2.0,2,2,3,3.0,3.0,3,3.0,3.0,3.0,2,1.0,3.0,1,2.0,3,3.0,2,3.0,3.0,2,3,3,2.0,1.0,3.0,3.0,2.0,3.0,3,3.0,3.0,3.0,3,3,3.0,3,3.0,3.0,3,3,2,3.0,2,3.0,3,2,2,3.0,2,2.0,2,3.0,3.0,2,3,3,3.0,3,3.0,3.0,3.0,3.0,2,2,2,3.0,3,2.0,3,3.0,3,3.0,3.0,3,2.0,3.0,3.0,3.0,3.0,3.0,3,3.0,3.0,2,3.0,3,2,3,3.0,3.0,3.0,3.0,2,3.0,2,2,3.0,3,2,3,3.0,1,3.0,3.0,3.0,3,2,3,3.0,3.0,3,3,3.0,3,3.0,1,3.0,2,3,2,3,2,3.0,3.0,2.0,2,3,3,3.0,3.0,3,3,3.0,2,3.0,3.0,3.0,3.0,3.0,3,3.0,3.0,3.0,3,3.0,3.0,3.0,3.0,3.0,3.0,3.0,3.0,3,0,3.0,3.0,3,3,3.0,2,3.0,2,3,3.0,3.0,2.0,3,3,2,3,3.0,3.0,3,3.0,3,1.0,2,3.0,3.0,3,3,3,3.0,3,3.0,3.0,3,3.0,2,3.0,3.0,3.0,3.0,3.0,3.0,3.0,3.0,3.0,3,3.0,3.0,3,3.0,3,3.0,2,3.0,3,3,3,3.0,3,3,3.0,3.0,3.0,3.0,3,3.0,3.0,3.0,3,3.0,3,3.0,3.0,3.0,3.0,3,3,3.0,3.0,2,3,3,3.0,3,3.0,3.0,3.0,3.0,3.0,3.0,3.0,3.0,3,2,3.0,3,1.0,3.0,3.0,3.0,3.0,3,2,3.0,3.0,3,3.0,3,3,3.0,2,3.0,3.0,3.0,2.0,3.0,3.0,3,3,3.0,3.0,3.0,3.0,3.0,3.0,3,3,2,3.0,2,2,3,3,2,3.0,3,3,3.0,2,3.0,3.0,3.0,2.0,3.0,3,2,3.0,0.0,2,3.0,3.0,3.0,3,3.0,3.0,2.0,3.0,2.0,3.0,3,3.0,3.0,3,3.0,3.0,3,2.0,3.0,3.0,3,3.0,3,1.0,3.0,3,3.0,0.0,3.0,3.0,3.0,3.0,,3.0,3.0,3,3,3.0,3.0,3.0,3,3,3,3.0,3.0,3.0,3,3,3,3.0,3,3,2,3.0,3,3,3.0,2,3,3,3,3.0,2,3.0,3.0,3.0,3.0,2.0,3.0,3.0,3,3.0,3.0,3,3.0,3.0,3.0,3.0,2.0,3.0,3,3.0,3.0,3.0,3.0,3,3.0,3,3,3,3.0,3.0,3,3.0,3.0,,3.0,3.0,3.0,3,3.0,3.0,3.0,3.0,3.0,3.0,2,2,2,3.0,3.0,3.0,3,3.0,3,3.0,3.0,3.0,3.0,3.0,3,2.0,3,3.0,3.0,3,3.0,3.0,3.0,3.0,3.0,3.0,3.0,3.0,3.0,3.0,3.0,3,1.0,3.0,3.0,3.0,3.0,3.0,,3.0,3.0,3.0,3.0,3.0,3.0,3.0,3.0,3.0,2.0,3.0,3.0,3.0,3.0,3.0,3.0,3.0,3.0,3.0,3.0,3.0,3.0,3.0,3.0,3.0,,,3.0,3.0,3.0,1.0,3.0,,2,3.0,,121,7,1.1814017740293734,-0.32083682725609486
3.0,3,3,2,4,3,3,3.0,3,3.0,4,3,3,3,4.0,4,3.0,4.0,3.0,3.0,0.0,3.0,0,4.0,3.0,3.0,4,3,3.0,4.0,3,3,2,3.0,3.0,4,4.0,3.0,4.0,3,3,4.0,3,3.0,3,3,3,4,3.0,3,3,4.0,3,4.0,3,4.0,3.0,4,3,3,3.0,4.0,2.0,3,3.0,3,3,4.0,4.0,3.0,4.0,4.0,3,3,3,3,3.0,3.0,3,3.0,4.0,2,3.0,3,3.0,4.0,3,3,4,4.0,3,3.0,3,3,3.0,3,3.0,4.0,3,3,3,2.0,4.0,3,3.0,3,4.0,3.0,3,3,3,1.0,4.0,4,3.0,4.0,4.0,3,3.0,4.0,3,4.0,4,4.0,3,3.0,4.0,3,3,3,2.0,3.0,4.0,4.0,1.0,3.0,3,4.0,3.0,4.0,2,3,3.0,4,3.0,3.0,3,3,3,3.0,3,3.0,3,3,3,4.0,3,3.0,3,3.0,4.0,3,3,3,4.0,3,4.0,3.0,3.0,3.0,3,4,3,3.0,3,4.0,3,4.0,4,3.0,4.0,3,3.0,4.0,3.0,3.0,3.0,3.0,3,3.0,4.0,4,4.0,3,3,3,3.0,4.0,3.0,4.0,3,4.0,0,3,3.0,3,3,4,3.0,4,4.0,4.0,3.0,3,3,3,4.0,4.0,4,3,4.0,3,4.0,2,3.0,3,3,3,4,3,3.0,4.0,3.0,3,3,3,3.0,3.0,3,3,4.0,3,3.0,4.0,4.0,4.0,3.0,3,4.0,4.0,4.0,3,3.0,4.0,3.0,4.0,4.0,4.0,4.0,4.0,3,3,4.0,4.0,3,3,4.0,3,3.0,3,3,3.0,3.0,4.0,4,3,3,3,4.0,3.0,4,3.0,3,4.0,3,3.0,4.0,3,3,3,3.0,3,3.0,4.0,3,4.0,4,3.0,4.0,4.0,4.0,4.0,1.0,3.0,1.0,3.0,3,3.0,4.0,3,4.0,2,4.0,2,3.0,3,3,3,4.0,3,3,4.0,4.0,4.0,4.0,3,3.0,4.0,3.0,3,4.0,4,4.0,3.0,4.0,4.0,3,3,3.0,3.0,3,3,3,4.0,3,4.0,4.0,4.0,3.0,4.0,4.0,4.0,4.0,3,3,2.0,3,3.0,4.0,4.0,4.0,4.0,3,3,4.0,4.0,3,3.0,2,2,4.0,2,3.0,4.0,4.0,3.0,4.0,4.0,3,3,4.0,3.0,2.0,3.0,3.0,3.0,3,4,3,2.0,3,4,3,3,3,4.0,3,3,3.0,3,3.0,3.0,3.0,3.0,3.0,3,3,3.0,3.0,3,4.0,3.0,4.0,3,4.0,3.0,4.0,4.0,3.0,3.0,3,3.0,3.0,1,4.0,3.0,3,3.0,3.0,4.0,3,4.0,3,3.0,4.0,3,4.0,4.0,3.0,4.0,4.0,4.0,4.0,4.0,1.0,3,3,4.0,3.0,4.0,3,3,4,3.0,3.0,4.0,3,3,3,4.0,3,3,2,3.0,3,3,4.0,3,3,3,2,3.0,3,3.0,3.0,3.0,3.0,3.0,4.0,3.0,2,3.0,3.0,3,3.0,3.0,3.0,3.0,3.0,0.0,4,3.0,4.0,3.0,3.0,3,4.0,3,3,3,4.0,4.0,3,2.0,3.0,4.0,3.0,3.0,3.0,3,3.0,4.0,3.0,3.0,3.0,4.0,3,3,3,0.0,3.0,4.0,4,3.0,3,3.0,4.0,4.0,4.0,3.0,3,3.0,3,4.0,3.0,3,3.0,3.0,4.0,0.0,4.0,3.0,4.0,4.0,4.0,3.0,4.0,4,3.0,4.0,3.0,4.0,4.0,3.0,4.0,2.0,4.0,2.0,4.0,3.0,4.0,4.0,4.0,4.0,3.0,4.0,3.0,4.0,4.0,4.0,4.0,4.0,4.0,4.0,4.0,3.0,4.0,3.0,3.0,4.0,4.0,4.0,4.0,4.0,4.0,4.0,3.0,4.0,3,3.0,4.0,122,7,1.1696205344741375,-0.48461898024450156
3.0,3,3,3,4,4,3,4.0,3,4.0,3,4,3,4,4.0,4,4.0,4.0,4.0,3.0,3.0,2.0,4,4.0,4.0,4.0,4,4,4.0,2.0,3,3,4,3.0,4.0,3,4.0,4.0,3.0,4,4,4.0,3,4.0,4,4,3,3,4.0,3,3,3.0,4,4.0,0,4.0,4.0,3,4,3,3.0,4.0,4.0,2,3.0,1,3,3.0,4.0,4.0,4.0,3.0,3,3,3,3,4.0,4.0,3,4.0,4.0,4,4.0,2,4.0,3.0,3,3,4,4.0,4,4.0,3,3,4.0,3,4.0,4.0,3,2,3,4.0,4.0,3,4.0,3,4.0,4.0,3,3,3,4.0,3.0,4,3.0,4.0,4.0,3,4.0,3.0,4,4.0,2,4.0,3,3.0,4.0,4,3,3,3.0,3.0,3.0,3.0,3.0,4.0,3,4.0,4.0,4.0,3,4,4.0,4,4.0,4.0,3,3,4,4.0,4,4.0,3,4,4,4.0,4,3.0,4,4.0,4.0,3,3,3,4.0,4,4.0,4.0,4.0,3.0,4,4,4,4.0,4,4.0,4,3.0,4,4.0,4.0,4,4.0,3.0,3.0,4.0,4.0,4.0,3,3.0,4.0,4,0.0,4,3,4,3.0,4.0,4.0,4.0,4,4.0,2,4,4.0,4,3,4,4.0,3,4.0,4.0,4.0,3,3,4,4.0,4.0,3,4,3.0,4,4.0,3,4.0,3,3,3,4,4,4.0,4.0,4.0,3,4,4,4.0,4.0,4,4,4.0,3,3.0,4.0,4.0,4.0,3.0,3,4.0,4.0,4.0,3,4.0,4.0,4.0,4.0,4.0,4.0,3.0,4.0,4,3,4.0,4.0,2,3,4.0,3,4.0,4,4,4.0,4.0,4.0,4,4,4,3,4.0,3.0,3,4.0,4,4.0,4,4.0,4.0,3,4,4,4.0,4,4.0,4.0,4,3.0,3,4.0,3.0,3.0,4.0,4.0,4.0,3.0,4.0,1.0,4,4.0,4.0,4,3.0,4,3.0,4,3.0,4,3,4,4.0,3,4,4.0,4.0,4.0,4.0,3,4.0,3.0,4.0,4,3.0,3,4.0,3.0,4.0,4.0,4,4,4.0,4.0,4,4,3,4.0,3,4.0,4.0,4.0,4.0,4.0,4.0,4.0,4.0,4,4,4.0,3,4.0,4.0,4.0,4.0,4.0,3,4,4.0,4.0,4,4.0,4,4,4.0,2,4.0,4.0,4.0,4.0,4.0,4.0,3,4,4.0,3.0,4.0,4.0,4.0,4.0,4,2,3,3.0,4,4,3,4,3,3.0,3,4,4.0,3,4.0,3.0,4.0,4.0,4.0,3,3,4.0,4.0,4,4.0,4.0,1.0,3,4.0,0.0,3.0,3.0,4.0,4.0,3,4.0,4.0,3,4.0,4.0,3,4.0,4.0,4.0,4,3.0,4,4.0,4.0,3,4.0,4.0,4.0,3.0,3.0,4.0,,4.0,4.0,3,3,4.0,4.0,4.0,3,4,4,4.0,4.0,4.0,3,4,3,4.0,3,3,4,4.0,4,3,4.0,4,3,4,4,4.0,3,4.0,4.0,4.0,4.0,4.0,3.0,3.0,3,3.0,4.0,4,4.0,4.0,4.0,4.0,2.0,4.0,0,4.0,4.0,3.0,4.0,4,4.0,4,4,3,4.0,2.0,4,4.0,3.0,4.0,4.0,4.0,3.0,4,4.0,4.0,0.0,4.0,3.0,4.0,4,3,3,4.0,1.0,4.0,4,4.0,4,4.0,4.0,3.0,0.0,4.0,3,3.0,4,4.0,4.0,3,4.0,4.0,4.0,4.0,3.0,4.0,3.0,4.0,4.0,4.0,4.0,4,4.0,4.0,4.0,4.0,4.0,4.0,4.0,4.0,1.0,4.0,4.0,4.0,4.0,4.0,4.0,4.0,3.0,4.0,4.0,4.0,4.0,4.0,3.0,4.0,4.0,4.0,3.0,4.0,4.0,4.0,4.0,4.0,4.0,,3.0,4.0,4.0,3.0,4.0,4.0,4,4.0,4.0,123,7,1.180068691053808,-0.3633729518398929
3.0,2,2,2,3,3,3,3.0,3,3.0,3,3,2,3,3.0,3,3.0,,,,,,3,3.0,3.0,3.0,3,3,3.0,3.0,3,1,3,3.0,,3,3.0,3.0,3.0,3,3,3.0,3,3.0,3,3,3,3,3.0,3,3,3.0,3,3.0,3,3.0,,3,3,3,3.0,3.0,2.0,3,3.0,3,3,3.0,3.0,3.0,3.0,3.0,3,3,3,2,3.0,3.0,3,3.0,3.0,3,3.0,3,3.0,,3,3,3,,3,3.0,3,1,,3,3.0,3.0,3,3,3,3.0,3.0,3,3.0,3,,,3,3,3,3.0,3.0,0,3.0,3.0,,3,3.0,3.0,3,3.0,3,3.0,3,3.0,3.0,3,3,3,3.0,3.0,3.0,3.0,3.0,3.0,3,3.0,0.0,,3,3,3.0,3,3.0,3.0,2,3,3,3.0,3,3.0,3,3,3,3.0,3,3.0,2,3.0,3.0,3,3,3,2.0,3,3.0,3.0,3.0,3.0,2,3,3,3.0,2,3.0,3,3.0,3,3.0,,3,3.0,,2.0,1.0,3.0,3.0,3,3.0,3.0,3,,3,3,1,3.0,3.0,3.0,3.0,3,3.0,2,3,3.0,3,3,2,3.0,3,3.0,3.0,3.0,3,3,3,3.0,3.0,2,2,3.0,3,3.0,3,3.0,3,3,3,3,2,3.0,3.0,3.0,2,3,1,3.0,3.0,3,3,3.0,3,3.0,3.0,3.0,3.0,3.0,3,3.0,3.0,3.0,3,3.0,3.0,3.0,3.0,3.0,3.0,,3.0,2,3,3.0,3.0,3,3,3.0,3,3.0,3,3,3.0,3.0,3.0,3,1,3,3,3.0,3.0,3,,2,3.0,3,3.0,,2,3,3,3.0,3,3.0,3.0,3,3.0,3,3.0,3.0,,3.0,3.0,3.0,0.0,3.0,3.0,3,2.0,3.0,3,3.0,3,3.0,3,3.0,3,3,3,3.0,3,3,3.0,3.0,3.0,3.0,2,3.0,2.0,3.0,3,3.0,3,3.0,3.0,2.0,3.0,3,3,3.0,3.0,3,3,3,3.0,2,3.0,3.0,3.0,3.0,3.0,,3.0,,3,3,2.0,3,3.0,,3.0,1.0,,3,3,0.0,3.0,2,3.0,3,3,3.0,3,3.0,3.0,3.0,3.0,3.0,3.0,3,3,3.0,3.0,3.0,3.0,3.0,3.0,3,3,3,3.0,3,3,3,3,3,3.0,3,3,,3,3.0,3.0,3.0,3.0,3.0,3,3,,3.0,3,3.0,3.0,3.0,0,3.0,2.0,3.0,,3.0,3.0,3,1.0,3.0,3,3.0,0.0,3,3.0,3.0,3.0,3,,3,,3.0,3,3.0,3.0,3.0,3.0,3.0,3.0,,3.0,3.0,3,3,3.0,3.0,3.0,3,3,3,3.0,3.0,2.0,3,3,3,3.0,3,3,3,3.0,3,3,,3,3,3,3,,3,3.0,3.0,3.0,3.0,3.0,3.0,3.0,3,3.0,3.0,3,3.0,3.0,3.0,,3.0,,3,3.0,3.0,3.0,3.0,1,3.0,3,3,3,3.0,3.0,3,3.0,,,3.0,,,3,,3.0,3.0,3.0,,3.0,3,3,3,3.0,3.0,,3,3.0,3,3.0,2.0,3.0,,3.0,3,3.0,3,,3.0,3,3.0,3.0,,3.0,3.0,3.0,3.0,3.0,3.0,3.0,,3,3.0,3.0,3.0,,3.0,3.0,,3.0,3.0,,2.0,3.0,3.0,3.0,3.0,3.0,3.0,,,,,,,,,3.0,3.0,,,3.0,3.0,3.0,,,3.0,2.0,3.0,,,3.0,3,,,124,7,1.3612635078969244,-0.08214722316745919
2.0,2,2,3,3,3,3,3.0,3,3.0,3,3,3,3,3.0,3,3.0,,3.0,3.0,3.0,2.0,3,3.0,3.0,3.0,3,3,3.0,3.0,2,3,3,3.0,3.0,2,3.0,3.0,3.0,2,2,3.0,3,3.0,3,3,3,3,3.0,3,3,3.0,3,3.0,3,3.0,3.0,3,3,3,1.0,3.0,2.0,3,3.0,3,3,3.0,3.0,3.0,3.0,3.0,1,3,2,3,3.0,3.0,3,3.0,3.0,3,3.0,3,3.0,3.0,3,3,2,3.0,3,3.0,3,2,3.0,2,3.0,3.0,3,2,3,1.0,3.0,0,3.0,3,3.0,3.0,2,3,3,3.0,1.0,3,3.0,2.0,3.0,2,3.0,2.0,3,3.0,3,3.0,3,2.0,2.0,3,3,3,3.0,3.0,3.0,3.0,2.0,3.0,3,2.0,3.0,3.0,2,2,3.0,3,3.0,3.0,2,2,2,3.0,3,2.0,3,2,3,3.0,3,3.0,3,3.0,1.0,3,3,2,0.0,3,3.0,3.0,3.0,2.0,2,3,3,3.0,3,3.0,0,3.0,3,3.0,3.0,3,3.0,,3.0,3.0,3.0,3.0,3,3.0,3.0,3,1.0,3,3,3,3.0,3.0,,3.0,3,3.0,3,3,3.0,2,3,3,3.0,3,,3.0,3.0,3,3,3,3.0,3.0,3,3,3.0,3,3.0,2,3.0,3,3,3,3,3,3.0,3.0,3.0,3,3,3,3.0,3.0,3,3,3.0,3,3.0,3.0,3.0,3.0,3.0,3,3.0,3.0,3.0,3,3.0,2.0,3.0,,3.0,3.0,3.0,3.0,3,2,3.0,3.0,2,3,,3,3.0,3,3,3.0,3.0,3.0,3,3,3,2,3.0,3.0,3,3.0,3,3.0,3,3.0,,2,3,3,3.0,3,3.0,2.0,3,3.0,0,3.0,3.0,3.0,,3.0,3.0,3.0,3.0,3.0,3,3.0,3.0,3,3.0,3,,2,3.0,3,3,3,3.0,3,3,3.0,3.0,3.0,3.0,3,3.0,3.0,3.0,3,3.0,3,3.0,2.0,3.0,3.0,3,3,3.0,3.0,2,3,3,3.0,3,3.0,2.0,,3.0,3.0,2.0,3.0,3.0,0,2,3.0,3,3.0,3.0,1.0,3.0,,3,3,,3.0,3,3.0,1,3,3.0,3,3.0,3.0,3.0,3.0,3.0,3.0,3,3,3.0,3.0,3.0,3.0,3.0,3.0,3,3,3,3.0,3,3,3,2,3,3.0,3,3,3.0,3,3.0,3.0,3.0,3.0,3.0,2,3,3.0,3.0,3,3.0,3.0,3.0,3,3.0,3.0,3.0,3.0,3.0,3.0,3,3.0,3.0,3,3.0,3.0,2,3.0,3.0,,3,3.0,3,3.0,3.0,3,3.0,3.0,3.0,3.0,3.0,3.0,,3.0,2.0,3,3,3.0,3.0,3.0,3,2,3,3.0,3.0,3.0,2,3,3,3.0,3,3,3,3.0,3,3,,3,3,3,3,3.0,3,3.0,3.0,3.0,3.0,3.0,3.0,3.0,3,3.0,1.0,3,3.0,3.0,3.0,3.0,2.0,2.0,3,3.0,3.0,2.0,,3,3.0,3,3,2,3.0,3.0,3,3.0,0.0,,3.0,3.0,3.0,3,3.0,3.0,3.0,1.0,3.0,3.0,3,3,3,3.0,2.0,3.0,3,3.0,3,3.0,3.0,3.0,,3.0,3,3.0,3,3.0,3.0,2,3.0,3.0,3.0,3.0,3.0,3.0,3.0,1.0,3.0,3.0,3.0,3,3.0,3.0,3.0,3.0,3.0,3.0,,3.0,3.0,3.0,3.0,3.0,3.0,3.0,3.0,3.0,3.0,3.0,3.0,2.0,3.0,,3.0,3.0,3.0,3.0,3.0,3.0,,3.0,2.0,3.0,,,,,3.0,3.0,3.0,3.0,3,3.0,,125,7,1.2666807209866133,-0.1957575452161662
4.0,4,3,4,4,3,1,3.0,4,4.0,3,4,2,4,4.0,4,3.0,3.0,4.0,4.0,4.0,4.0,3,4.0,3.0,3.0,4,4,3.0,4.0,3,3,3,3.0,4.0,3,4.0,4.0,3.0,3,4,4.0,3,4.0,3,3,3,4,3.0,3,3,4.0,3,4.0,4,4.0,4.0,3,3,3,3.0,4.0,3.0,3,4.0,3,3,4.0,4.0,3.0,4.0,4.0,3,3,3,3,3.0,4.0,3,4.0,4.0,3,4.0,3,3.0,3.0,3,3,3,4.0,4,4.0,4,3,3.0,3,3.0,3.0,3,3,3,3.0,3.0,4,3.0,3,4.0,4.0,3,3,4,4.0,3.0,4,3.0,4.0,4.0,3,3.0,3.0,3,4.0,2,4.0,3,3.0,4.0,3,4,3,4.0,4.0,4.0,3.0,4.0,3.0,2,4.0,3.0,2.0,3,3,4.0,3,3.0,3.0,3,3,4,4.0,3,3.0,3,3,4,4.0,3,3.0,3,3.0,4.0,3,3,3,4.0,3,4.0,4.0,4.0,3.0,4,3,4,2.0,3,4.0,4,4.0,4,3.0,4.0,3,3.0,4.0,4.0,4.0,4.0,3.0,3,3.0,4.0,4,4.0,3,3,3,4.0,4.0,4.0,4.0,3,4.0,3,4,4.0,3,3,4,4.0,4,4.0,2.0,3.0,4,3,3,4.0,4.0,4,3,4.0,4,3.0,4,4.0,3,3,3,3,3,4.0,4.0,4.0,3,3,3,4.0,4.0,3,3,4.0,3,3.0,4.0,4.0,4.0,4.0,3,4.0,4.0,4.0,3,4.0,4.0,4.0,4.0,4.0,3.0,3.0,4.0,3,3,3.0,4.0,4,4,4.0,3,4.0,3,4,3.0,3.0,4.0,4,3,4,3,4.0,3.0,3,4.0,3,4.0,3,4.0,4.0,3,3,3,4.0,4,0.0,4.0,4,4.0,3,4.0,4.0,4.0,4.0,4.0,4.0,4.0,4.0,3.0,3,4.0,4.0,3,0.0,3,4.0,3,3.0,4,4,3,4.0,3,4,4.0,4.0,3.0,4.0,4,4.0,4.0,4.0,3,3.0,3,4.0,0.0,4.0,4.0,4,3,4.0,3.0,4,3,3,3.0,4,4.0,4.0,4.0,4.0,3.0,4.0,4.0,4.0,3,3,3.0,3,3.0,4.0,3.0,4.0,4.0,3,3,4.0,3.0,3,3.0,3,3,2.0,3,4.0,4.0,4.0,4.0,3.0,4.0,3,4,4.0,3.0,3.0,4.0,3.0,3.0,4,3,3,0.0,3,3,3,4,3,3.0,3,1,4.0,3,2.0,3.0,3.0,1.0,4.0,3,0,3.0,4.0,3,3.0,3.0,4.0,3,4.0,2.0,3.0,4.0,4.0,4.0,2,4.0,3.0,3,4.0,4.0,3,4.0,4.0,4.0,3,3.0,4,4.0,4.0,3,4.0,4.0,4.0,3.0,4.0,4.0,4.0,1.0,1.0,3,3,3.0,4.0,4.0,3,4,3,4.0,4.0,3.0,3,4,4,2.0,3,3,4,2.0,3,3,4.0,4,3,4,4,3.0,3,4.0,4.0,4.0,4.0,4.0,4.0,4.0,3,4.0,4.0,4,4.0,3.0,3.0,4.0,2.0,4.0,3,3.0,3.0,3.0,4.0,3,4.0,3,3,3,4.0,4.0,4,4.0,4.0,4.0,4.0,4.0,2.0,3,4.0,4.0,4.0,4.0,4.0,4.0,3,3,3,4.0,4.0,4.0,3,4.0,3,2.0,4.0,3.0,4.0,4.0,4,3.0,4,2.0,4.0,4,3.0,4.0,3.0,4.0,0.0,4.0,3.0,4.0,4.0,3.0,4.0,1,4.0,4.0,4.0,4.0,3.0,3.0,4.0,4.0,4.0,4.0,3.0,3.0,4.0,4.0,3.0,4.0,3.0,3.0,3.0,3.0,3.0,4.0,4.0,4.0,4.0,3.0,2.0,4.0,4.0,4.0,3.0,3.0,4.0,4.0,3.0,4.0,4.0,4.0,4.0,4.0,3,4.0,4.0,126,7,1.177227371726688,-0.4130728654622295
2.0,2,2,2,3,2,3,3.0,2,3.0,3,3,2,1,3.0,3,3.0,3.0,3.0,3.0,3.0,3.0,2,3.0,1.0,2.0,2,2,3.0,3.0,0,2,3,3.0,3.0,2,3.0,3.0,2.0,2,3,3.0,3,3.0,3,3,2,3,3.0,3,2,2.0,3,3.0,3,3.0,3.0,3,2,3,2.0,2.0,2.0,2,3.0,2,3,3.0,3.0,3.0,3.0,3.0,3,3,3,3,3.0,3.0,3,3.0,3.0,3,3.0,3,3.0,3.0,2,2,3,3.0,3,3.0,2,1,3.0,3,3.0,3.0,3,2,3,3.0,3.0,2,2.0,2,3.0,2.0,2,1,3,3.0,2.0,0,3.0,3.0,2.0,2,3.0,3.0,2,1.0,3,3.0,2,1.0,3.0,3,2,3,3.0,3.0,3.0,3.0,2.0,3.0,2,3.0,3.0,3.0,2,3,2.0,3,3.0,0.0,2,2,2,3.0,2,2.0,3,2,3,3.0,3,2.0,2,3.0,2.0,2,2,2,3.0,3,3.0,2.0,3.0,2.0,3,3,3,3.0,3,3.0,2,3.0,3,3.0,3.0,2,3.0,3.0,3.0,3.0,3.0,3.0,3,3.0,3.0,3,3.0,2,3,3,3.0,3.0,3.0,3.0,3,3.0,2,3,3.0,2,3,2,3.0,3,3.0,3.0,3.0,3,2,3,3.0,3.0,3,3,3.0,3,3.0,2,3.0,2,2,3,3,2,3.0,2.0,2.0,2,2,3,3.0,3.0,3,3,3.0,3,3.0,3.0,3.0,3.0,3.0,2,1.0,3.0,3.0,3,3.0,3.0,3.0,3.0,3.0,3.0,2.0,3.0,3,2,3.0,3.0,2,3,3.0,3,3.0,1,2,3.0,3.0,3.0,2,3,2,2,3.0,2.0,3,3.0,3,3.0,3,3.0,3.0,3,2,2,3.0,3,3.0,3.0,3,3.0,3,3.0,3.0,3.0,3.0,3.0,3.0,3.0,3.0,3.0,2,3.0,3.0,2,3.0,3,3.0,2,0.0,3,3,2,3.0,3,1,3.0,3.0,2.0,3.0,3,3.0,3.0,3.0,3,3.0,3,3.0,3.0,3.0,3.0,3,3,3.0,2.0,3,3,2,3.0,3,3.0,3.0,3.0,3.0,3.0,3.0,3.0,3.0,3,0,3.0,2,3.0,3.0,3.0,3.0,3.0,2,2,3.0,3.0,3,1.0,2,3,3.0,3,3.0,3.0,3.0,3.0,3.0,3.0,3,2,3.0,3.0,3.0,3.0,3.0,2.0,3,3,3,3.0,2,2,3,3,2,3.0,3,3,3.0,2,3.0,2.0,3.0,2.0,3.0,3,3,3.0,1.0,2,3.0,3.0,3.0,3,3.0,3.0,3.0,3.0,3.0,3.0,3,3.0,3.0,3,3.0,3.0,3,3.0,3.0,3.0,3,3.0,3,3.0,3.0,3,3.0,3.0,3.0,3.0,1.0,3.0,3.0,3.0,3.0,2,3,3.0,2.0,3.0,3,1,3,3.0,3.0,3.0,3,3,3,3.0,2,3,3,3.0,3,2,,2,3,3,3,3.0,3,3.0,3.0,3.0,3.0,3.0,2.0,3.0,3,3.0,3.0,3,3.0,3.0,3.0,3.0,2.0,3.0,3,3.0,3.0,2.0,3.0,3,3.0,2,2,2,3.0,3.0,3,3.0,3.0,3.0,1.0,2.0,3.0,3,2.0,0.0,3.0,3.0,3.0,3.0,3,2,3,3.0,3.0,3.0,3,3.0,3,3.0,3.0,3.0,3.0,3.0,3,2.0,2,3.0,3.0,3,3.0,3.0,2.0,3.0,3.0,3.0,3.0,3.0,3.0,2.0,3.0,3,3.0,3.0,3.0,3.0,3.0,3.0,3.0,3.0,3.0,3.0,2.0,2.0,2.0,3.0,3.0,3.0,3.0,3.0,3.0,3.0,3.0,3.0,3.0,3.0,3.0,3.0,3.0,3.0,3.0,3.0,3.0,3.0,,,3.0,3.0,3.0,3.0,3.0,3.0,3,2.0,3.0,127,7,1.1586967610303494,-0.3939368010396476
3.0,3,3,3,3,3,2,2.0,3,3.0,3,3,2,2,,3,3.0,,3.0,2.0,3.0,3.0,3,3.0,3.0,3.0,2,3,2.0,3.0,3,3,3,3.0,3.0,3,3.0,3.0,3.0,3,3,3.0,3,3.0,3,3,2,3,3.0,3,3,3.0,3,2.0,3,3.0,3.0,3,0,3,3.0,3.0,3.0,3,3.0,3,3,3.0,3.0,3.0,3.0,3.0,3,3,2,3,3.0,3.0,3,3.0,3.0,3,2.0,2,3.0,2.0,3,3,3,,3,3.0,3,3,3.0,3,3.0,3.0,3,3,3,3.0,2.0,3,2.0,3,,3.0,3,3,3,3.0,3.0,3,3.0,3.0,3.0,2,3.0,3.0,3,3.0,3,3.0,3,3.0,3.0,3,3,3,2.0,3.0,3.0,3.0,3.0,3.0,3,3.0,3.0,3.0,2,2,3.0,3,0.0,3.0,3,3,3,3.0,3,3.0,3,3,3,3.0,3,3.0,3,3.0,3.0,3,3,3,3.0,3,3.0,3.0,3.0,3.0,2,3,3,3.0,3,2.0,3,3.0,3,3.0,3.0,2,3.0,3.0,3.0,3.0,3.0,3.0,3,3.0,3.0,3,,1,3,3,2.0,3.0,2.0,3.0,3,3.0,2,3,3.0,3,3,3,3.0,3,3.0,3.0,3.0,3,3,3,1.0,3.0,3,0,3.0,2,3.0,2,2.0,3,3,2,3,3,3.0,3.0,2.0,3,3,3,3.0,3.0,2,2,2.0,2,3.0,3.0,3.0,3.0,3.0,3,3.0,3.0,3.0,3,3.0,3.0,,3.0,3.0,3.0,3.0,3.0,3,2,3.0,2.0,3,3,3.0,3,3.0,3,3,3.0,3.0,3.0,3,3,3,3,3.0,3.0,3,3.0,3,3.0,2,3.0,3.0,3,3,2,3.0,3,3.0,3.0,3,2.0,3,3.0,3.0,3.0,3.0,3.0,3.0,3.0,3.0,3.0,3,3.0,3.0,3,3.0,3,3.0,3,3.0,3,2,3,3.0,3,3,3.0,3.0,3.0,3.0,2,3.0,3.0,3.0,3,3.0,3,2.0,3.0,3.0,3.0,2,3,3.0,3.0,2,2,2,3.0,3,3.0,3.0,3.0,3.0,3.0,3.0,3.0,3.0,3,3,2.0,3,3.0,,3.0,3.0,,3,3,3.0,3.0,3,3.0,3,3,3.0,3,3.0,2.0,3.0,3.0,3.0,3.0,3,3,3.0,3.0,3.0,3.0,3.0,3.0,3,3,3,3.0,3,3,3,3,3,3.0,3,3,3.0,3,3.0,3.0,3.0,3.0,3.0,3,3,3.0,3.0,3,3.0,3.0,3.0,3,3.0,3.0,3.0,3.0,3.0,3.0,3,3.0,,2,3.0,3.0,3,3.0,3.0,3.0,3,,3,3.0,3.0,3,3.0,3.0,3.0,,3.0,3.0,2.0,3.0,3.0,3,2,3.0,2.0,3.0,3,2,3,3.0,3.0,2.0,3,3,2,3.0,1,3,3,2.0,3,3,,0,2,1,3,3.0,3,3.0,3.0,3.0,3.0,3.0,3.0,3.0,3,3.0,3.0,3,2.0,3.0,3.0,3.0,3.0,3.0,3,2.0,3.0,3.0,3.0,3,3.0,2,3,3,3.0,3.0,3,3.0,3.0,,1.0,3.0,3.0,0,3.0,3.0,3.0,3.0,3.0,3.0,1,3,3,3.0,3.0,3.0,3,3.0,3,2.0,3.0,3.0,3.0,3.0,3,3.0,3,3.0,3.0,3,3.0,3.0,3.0,3.0,3.0,3.0,3.0,3.0,3.0,1.0,1.0,3,3.0,3.0,3.0,,3.0,0.0,3.0,2.0,3.0,3.0,3.0,3.0,3.0,3.0,3.0,3.0,1.0,,3.0,,3.0,,3.0,,3.0,3.0,3.0,3.0,3.0,3.0,3.0,3.0,,,3.0,1.0,3.0,3.0,3.0,3.0,3,3.0,,128,7,1.2637819846057832,-0.19392263345306418
3.0,3,2,3,3,3,2,3.0,3,3.0,3,3,3,3,3.0,3,3.0,,3.0,3.0,3.0,3.0,3,3.0,2.0,3.0,3,3,3.0,3.0,3,3,3,3.0,3.0,3,3.0,3.0,3.0,2,3,3.0,3,3.0,3,2,2,3,2.0,3,3,3.0,2,3.0,3,3.0,3.0,3,3,0,3.0,3.0,3.0,3,3.0,2,3,,3.0,3.0,3.0,3.0,3,3,3,2,3.0,3.0,3,3.0,3.0,3,3.0,2,3.0,3.0,3,3,2,2.0,3,3.0,2,3,3.0,3,3.0,3.0,3,2,3,3.0,3.0,3,3.0,3,3.0,0.0,3,3,3,3.0,3.0,3,3.0,3.0,3.0,3,3.0,3.0,3,3.0,3,3.0,3,3.0,3.0,3,3,3,2.0,3.0,3.0,3.0,3.0,3.0,3,3.0,2.0,3.0,2,3,3.0,3,3.0,3.0,3,3,3,3.0,3,3.0,3,3,3,3.0,3,3.0,3,3.0,3.0,3,3,3,3.0,3,3.0,3.0,3.0,3.0,3,2,3,3.0,3,3.0,3,3.0,3,3.0,3.0,3,3.0,3.0,3.0,3.0,3.0,3.0,3,3.0,3.0,2,3.0,3,3,3,3.0,1.0,,3.0,3,3.0,3,3,3.0,3,3,3,3.0,3,3.0,3.0,3.0,3,1,3,3.0,2.0,3,3,3.0,3,3.0,3,3.0,2,2,3,3,3,3.0,3.0,1.0,2,2,3,2.0,3.0,3,3,3.0,3,3.0,3.0,3.0,3.0,3.0,3,3.0,3.0,3.0,3,3.0,,3.0,3.0,3.0,3.0,3.0,3.0,3,3,3.0,3.0,3,3,,3,,2,3,3.0,,3.0,3,3,3,2,,3.0,3,,3,3.0,3,3.0,3.0,3,3,3,3.0,2,,3.0,3,3.0,3,3.0,3.0,,3.0,3.0,3.0,3.0,3.0,3.0,3,,,3,3.0,3,3.0,3,3.0,3,3,3,3.0,2,3,3.0,3.0,3.0,3.0,3,3.0,0.0,3.0,2,3.0,2,2.0,3.0,3.0,3.0,3,3,3.0,2.0,3,3,3,3.0,3,3.0,3.0,,3.0,3.0,1.0,3.0,3.0,3,1,3.0,2,3.0,3.0,3.0,,,3,2,3.0,3.0,3,3.0,3,3,3.0,1,3.0,3.0,3.0,3.0,3.0,3.0,3,3,3.0,3.0,3.0,3.0,3.0,3.0,3,3,3,3.0,3,3,3,3,2,3.0,3,3,3.0,3,3.0,3.0,3.0,3.0,3.0,3,0,3.0,3.0,2,3.0,3.0,0.0,2,3.0,3.0,3.0,3.0,0.0,3.0,3,,,2,3.0,3.0,3,3.0,,,3,3.0,3,3.0,3.0,3,3.0,3.0,3.0,3.0,3.0,3.0,,3.0,3.0,3,3,3.0,3.0,3.0,2,3,3,3.0,3.0,3.0,3,3,3,3.0,3,3,3,3.0,3,3,,2,1,3,3,3.0,3,3.0,3.0,3.0,3.0,2.0,3.0,3.0,3,1.0,3.0,3,3.0,3.0,3.0,3.0,3.0,3.0,3,3.0,1.0,3.0,3.0,3,3.0,3,3,3,3.0,3.0,3,3.0,3.0,,3.0,3.0,3.0,3,3.0,3.0,3.0,3.0,3.0,3.0,2,3,2,3.0,3.0,3.0,3,3.0,3,3.0,,3.0,3.0,3.0,3,3.0,3,3.0,3.0,3,3.0,3.0,3.0,3.0,2.0,3.0,3.0,,3.0,3.0,3.0,3,3.0,3.0,3.0,3.0,3.0,3.0,,3.0,,3.0,3.0,3.0,3.0,3.0,3.0,3.0,3.0,,3.0,3.0,3.0,,3.0,,3.0,3.0,2.0,3.0,,3.0,3.0,3.0,,,3.0,,3.0,2.0,3.0,,3,3.0,,129,7,1.2846391116594695,-0.16857704443493254
3.0,3,3,0,3,3,3,3.0,3,,3,3,2,3,,3,3.0,,3.0,3.0,3.0,3.0,3,3.0,3.0,3.0,3,3,3.0,,3,3,3,2.0,3.0,3,2.0,3.0,3.0,3,3,3.0,1,3.0,3,3,3,3,3.0,2,3,3.0,3,3.0,3,3.0,3.0,3,3,3,3.0,3.0,3.0,3,3.0,2,3,3.0,3.0,3.0,3.0,3.0,3,3,3,3,3.0,3.0,3,3.0,3.0,3,3.0,3,3.0,3.0,3,3,3,,3,3.0,3,3,3.0,0,3.0,3.0,3,3,3,3.0,3.0,3,3.0,3,3.0,3.0,3,3,2,3.0,,3,3.0,3.0,3.0,3,3.0,3.0,3,,3,,2,3.0,3.0,3,3,3,3.0,2.0,3.0,3.0,3.0,,3,,,,3,3,3.0,3,,,3,3,3,3.0,3,3.0,1,3,3,3.0,3,3.0,3,3.0,3.0,3,3,3,3.0,3,3.0,3.0,,3.0,3,3,2,3.0,3,3.0,3,2.0,3,2.0,,3,3.0,3.0,3.0,3.0,3.0,3.0,3,0.0,3.0,3,3.0,2,1,3,3.0,2.0,3.0,3.0,3,3.0,2,3,3.0,3,2,3,,3,3.0,,3.0,1,3,2,3.0,3.0,3,3,3.0,3,3.0,3,3.0,3,3,2,3,3,3.0,3.0,3.0,2,3,3,3.0,3.0,3,3,3.0,3,3.0,3.0,,3.0,3.0,3,0.0,3.0,3.0,3,3.0,3.0,3.0,3.0,3.0,3.0,3.0,3.0,3,3,2.0,3.0,3,3,3.0,3,3.0,3,3,3.0,3.0,3.0,3,3,3,3,,3.0,2,3.0,3,3.0,2,3.0,3.0,3,3,3,3.0,3,3.0,3.0,3,3.0,3,3.0,3.0,,3.0,3.0,3.0,2.0,3.0,3.0,3,,3.0,3,3.0,1,,3,3.0,3,3,3,3.0,2,3,3.0,3.0,3.0,3.0,3,3.0,3.0,3.0,3,3.0,3,3.0,3.0,3.0,3.0,3,3,3.0,3.0,3,3,3,3.0,3,3.0,3.0,3.0,3.0,0.0,,3.0,3.0,3,3,3.0,3,0.0,,3.0,3.0,,3,2,3.0,3.0,3,3.0,2,3,3.0,3,3.0,3.0,3.0,3.0,3.0,3.0,3,3,3.0,3.0,3.0,3.0,3.0,3.0,3,3,3,3.0,3,3,2,3,2,3.0,3,3,3.0,3,3.0,2.0,3.0,3.0,3.0,3,3,3.0,3.0,3,3.0,3.0,3.0,3,3.0,3.0,3.0,3.0,2.0,,3,,,3,3.0,3.0,3,3.0,,,3,3.0,3,,3.0,3,3.0,3.0,2.0,,3.0,3.0,,,3.0,3,3,,3.0,,3,3,2,3.0,2.0,3.0,3,3,3,3.0,3,3,3,3.0,1,3,,3,3,3,3,3.0,3,3.0,1.0,3.0,3.0,3.0,3.0,3.0,3,3.0,3.0,3,3.0,3.0,3.0,3.0,3.0,3.0,3,3.0,3.0,3.0,3.0,3,3.0,2,2,3,3.0,3.0,3,3.0,1.0,,3.0,3.0,,3,3.0,3.0,3.0,3.0,3.0,3.0,3,3,3,3.0,3.0,3.0,3,2.0,3,3.0,3.0,3.0,,3.0,3,3.0,3,,3.0,3,3.0,3.0,3.0,,3.0,3.0,3.0,3.0,3.0,3.0,3.0,3,3.0,3.0,,,,1.0,,3.0,3.0,3.0,3.0,3.0,3.0,3.0,3.0,3.0,3.0,,,,,,3.0,3.0,,3.0,3.0,3.0,,3.0,3.0,,,,,,,3.0,3.0,,3,3.0,,130,7,1.3771249627199522,-0.17735470420628432
3.0,3,2,3,3,3,3,3.0,3,3.0,3,3,3,3,3.0,3,3.0,,3.0,3.0,3.0,0.0,2,3.0,3.0,3.0,3,3,3.0,3.0,1,3,3,3.0,3.0,2,3.0,3.0,2.0,3,3,3.0,3,3.0,3,3,2,3,3.0,3,3,3.0,3,3.0,3,3.0,3.0,3,3,3,2.0,3.0,3.0,3,3.0,2,2,3.0,3.0,3.0,3.0,3.0,3,3,3,3,3.0,3.0,3,3.0,1.0,3,2.0,3,2.0,3.0,3,2,3,,3,3.0,3,3,3.0,3,3.0,3.0,3,3,3,3.0,3.0,3,3.0,3,3.0,3.0,3,3,3,3.0,3.0,3,3.0,2.0,3.0,3,3.0,0.0,3,2.0,3,3.0,3,3.0,3.0,3,2,3,3.0,3.0,3.0,3.0,3.0,3.0,2,3.0,3.0,,3,3,3.0,3,3.0,3.0,3,3,2,3.0,3,3.0,3,3,3,3.0,3,3.0,3,3.0,3.0,3,3,3,3.0,3,3.0,3.0,3.0,3.0,3,3,3,3.0,3,3.0,3,3.0,3,3.0,3.0,2,3.0,3.0,3.0,3.0,3.0,3.0,3,3.0,3.0,1,3.0,2,3,3,3.0,3.0,3.0,3.0,3,3.0,2,3,3.0,3,3,3,3.0,3,3.0,3.0,0.0,2,2,2,3.0,3.0,2,3,3.0,3,3.0,2,3.0,2,3,2,3,3,3.0,3.0,3.0,2,3,3,3.0,2.0,3,3,3.0,3,3.0,3.0,3.0,2.0,3.0,3,3.0,3.0,3.0,2,3.0,3.0,3.0,1.0,3.0,3.0,3.0,3.0,3,3,3.0,3.0,3,3,3.0,3,3.0,3,3,3.0,3.0,3.0,3,3,3,2,3.0,3.0,2,3.0,3,3.0,3,3.0,3.0,3,3,3,3.0,3,3.0,3.0,3,3.0,3,3.0,3.0,,3.0,3.0,3.0,3.0,3.0,3.0,3,3.0,3.0,3,3.0,3,3.0,3,3.0,3,3,3,3.0,3,2,3.0,3.0,3.0,3.0,3,3.0,3.0,3.0,3,3.0,3,3.0,3.0,3.0,3.0,3,3,3.0,3.0,3,3,3,3.0,1,3.0,3.0,3.0,3.0,3.0,3.0,3.0,3.0,3,3,3.0,3,3.0,,3.0,3.0,,2,3,3.0,3.0,3,3.0,3,3,3.0,3,3.0,3.0,3.0,3.0,3.0,3.0,3,3,3.0,3.0,3.0,3.0,3.0,3.0,3,3,3,,3,3,3,3,3,3.0,3,3,3.0,3,3.0,3.0,3.0,3.0,3.0,3,3,3.0,3.0,3,3.0,3.0,3.0,3,3.0,3.0,3.0,3.0,3.0,3.0,3,3.0,3.0,3,3.0,3.0,3,3.0,3.0,,3,,3,3.0,3.0,3,3.0,3.0,3.0,3.0,3.0,3.0,,3.0,3.0,2,3,3.0,3.0,3.0,3,3,2,3.0,3.0,3.0,3,3,3,3.0,2,2,3,3.0,3,1,3.0,3,2,3,3,3.0,1,3.0,2.0,2.0,3.0,3.0,3.0,3.0,3,3.0,3.0,3,2.0,3.0,3.0,3.0,3.0,3.0,3,3.0,3.0,1.0,3.0,3,3.0,3,3,2,3.0,1.0,3,3.0,3.0,,3.0,3.0,,2,3.0,0.0,3.0,3.0,3.0,3.0,3,3,3,3.0,3.0,,3,3.0,3,0.0,3.0,3.0,3.0,3.0,3,3.0,3,3.0,3.0,3,3.0,3.0,3.0,3.0,3.0,3.0,3.0,3.0,3.0,3.0,3.0,2,3.0,3.0,3.0,,3.0,3.0,,3.0,3.0,3.0,3.0,3.0,3.0,3.0,3.0,,3.0,,3.0,,,,3.0,,3.0,3.0,3.0,3.0,3.0,3.0,3.0,3.0,3.0,,1.0,3.0,3.0,3.0,3.0,3.0,3,0.0,,131,7,1.2963731835388936,-0.21822770547193515
3.0,3,2,4,3,3,3,4.0,3,4.0,4,3,3,3,0.0,4,3.0,4.0,4.0,4.0,4.0,3.0,3,4.0,4.0,3.0,3,3,4.0,4.0,1,3,4,3.0,3.0,2,4.0,4.0,4.0,3,4,3.0,4,4.0,3,3,2,4,4.0,4,3,4.0,3,4.0,4,4.0,3.0,3,3,4,0.0,3.0,3.0,4,4.0,3,3,4.0,4.0,3.0,4.0,4.0,3,3,3,4,3.0,2.0,4,4.0,4.0,4,3.0,3,3.0,4.0,3,3,3,4.0,3,4.0,3,3,4.0,4,4.0,1.0,3,3,4,4.0,4.0,3,3.0,3,4.0,4.0,3,4,3,4.0,3.0,3,4.0,4.0,2.0,3,4.0,0.0,4,3.0,4,4.0,3,4.0,4.0,4,3,4,3.0,4.0,3.0,3.0,4.0,4.0,3,3.0,3.0,4.0,4,3,3.0,4,4.0,3.0,3,3,4,4.0,3,3.0,2,4,4,2.0,3,4.0,3,4.0,3.0,3,3,4,2.0,3,4.0,4.0,4.0,3.0,3,3,1,3.0,4,3.0,3,4.0,4,4.0,4.0,3,4.0,4.0,3.0,3.0,3.0,4.0,3,3.0,4.0,3,4.0,3,3,4,3.0,3.0,4.0,3.0,3,4.0,3,3,4.0,4,3,4,3.0,4,4.0,4.0,3.0,3,2,3,3.0,4.0,4,3,4.0,3,4.0,3,4.0,3,3,3,4,3,4.0,4.0,4.0,3,3,3,3.0,2.0,3,3,3.0,4,4.0,4.0,3.0,4.0,4.0,4,4.0,4.0,4.0,4,4.0,4.0,3.0,4.0,4.0,4.0,3.0,4.0,3,3,4.0,2.0,3,3,4.0,3,4.0,3,4,4.0,4.0,3.0,4,4,3,3,4.0,3.0,3,4.0,4,3.0,3,4.0,4.0,3,3,3,4.0,4,4.0,4.0,4,4.0,3,3.0,4.0,4.0,4.0,4.0,3.0,4.0,4.0,3.0,3,4.0,4.0,4,3.0,3,4.0,4,4.0,3,4,4,4.0,3,4,4.0,4.0,4.0,4.0,3,4.0,4.0,4.0,4,4.0,3,3.0,3.0,4.0,4.0,4,3,4.0,4.0,3,2,3,4.0,4,4.0,4.0,4.0,0.0,4.0,4.0,4.0,4.0,4,3,4.0,3,4.0,4.0,4.0,4.0,4.0,3,3,4.0,3.0,3,3.0,3,4,4.0,3,3.0,4.0,4.0,3.0,4.0,4.0,3,4,4.0,3.0,3.0,4.0,3.0,3.0,4,3,4,4.0,4,3,3,3,3,4.0,3,3,4.0,4,4.0,4.0,4.0,3.0,3.0,4,4,4.0,4.0,3,4.0,3.0,3.0,4,3.0,3.0,3.0,4.0,4.0,4.0,3,4.0,4.0,3,2.0,4.0,4,4.0,4.0,4.0,3,4.0,4,4.0,4.0,4,4.0,1.0,3.0,4.0,4.0,4.0,,4.0,4.0,4,3,4.0,4.0,4.0,3,4,3,4.0,4.0,0.0,3,3,4,4.0,3,4,3,4.0,4,3,4.0,3,3,4,4,4.0,3,4.0,4.0,3.0,3.0,4.0,4.0,4.0,4,1.0,4.0,4,4.0,4.0,3.0,4.0,4.0,3.0,3,3.0,3.0,2.0,4.0,4,4.0,3,3,3,4.0,4.0,3,3.0,4.0,4.0,4.0,3.0,4.0,3,4.0,3.0,3.0,3.0,4.0,4.0,3,0,4,3.0,3.0,4.0,3,4.0,4,3.0,4.0,4.0,4.0,4.0,4,4.0,3,4.0,4.0,3,4.0,4.0,3.0,4.0,3.0,4.0,4.0,4.0,4.0,4.0,4.0,4,4.0,3.0,4.0,1.0,4.0,4.0,4.0,4.0,4.0,4.0,4.0,3.0,4.0,4.0,4.0,4.0,3.0,4.0,3.0,4.0,4.0,4.0,4.0,4.0,4.0,4.0,4.0,3.0,4.0,3.0,3.0,4.0,4.0,4.0,4.0,4.0,4.0,4.0,4.0,4.0,3,4.0,4.0,132,7,1.1789596667682618,-0.45846903115816245
3.0,3,3,3,3,3,3,2.0,3,3.0,2,3,2,3,3.0,3,3.0,,3.0,3.0,1.0,3.0,3,3.0,3.0,3.0,3,3,3.0,3.0,2,3,3,3.0,3.0,3,3.0,3.0,3.0,2,3,3.0,3,3.0,3,3,3,3,2.0,3,2,3.0,3,3.0,3,3.0,3.0,3,3,2,3.0,3.0,3.0,3,3.0,2,3,3.0,3.0,3.0,3.0,3.0,3,3,3,3,3.0,3.0,2,3.0,3.0,3,3.0,3,0.0,3.0,1,3,3,3.0,3,2.0,3,3,3.0,3,3.0,3.0,1,3,3,3.0,2.0,3,3.0,3,3.0,3.0,3,3,3,3.0,3.0,3,3.0,3.0,3.0,2,3.0,3.0,3,3.0,3,3.0,3,3.0,3.0,3,3,3,3.0,3.0,3.0,3.0,3.0,3.0,3,3.0,3.0,3.0,3,3,3.0,3,3.0,3.0,3,2,3,3.0,3,3.0,3,3,3,3.0,3,3.0,3,3.0,3.0,3,2,3,3.0,3,2.0,3.0,3.0,3.0,3,3,3,3.0,3,3.0,3,2.0,3,2.0,3.0,3,3.0,3.0,3.0,3.0,2.0,3.0,3,3.0,3.0,3,3.0,3,2,3,2.0,2.0,3.0,3.0,2,3.0,3,3,3.0,3,3,3,3.0,3,3.0,3.0,3.0,3,2,3,3.0,3.0,3,1,3.0,3,3.0,3,3.0,3,2,2,3,3,3.0,0.0,2.0,2,3,2,3.0,3.0,2,3,3.0,3,3.0,3.0,1.0,3.0,3.0,3,3.0,1.0,3.0,3,3.0,3.0,3.0,3.0,3.0,3.0,3.0,1.0,3,3,2.0,3.0,3,3,3.0,3,3.0,2,3,3.0,3.0,3.0,3,3,3,2,2.0,3.0,3,3.0,2,3.0,3,3.0,3.0,3,3,3,3.0,3,3.0,3.0,3,3.0,3,3.0,3.0,3.0,3.0,3.0,3.0,3.0,3.0,2.0,3,3.0,3.0,3,3.0,3,3.0,3,3.0,2,3,2,3.0,2,3,3.0,3.0,3.0,3.0,3,3.0,3.0,3.0,3,3.0,2,3.0,3.0,3.0,3.0,3,3,3.0,3.0,2,2,3,3.0,3,3.0,3.0,3.0,3.0,3.0,3.0,3.0,3.0,3,2,3.0,3,2.0,3.0,3.0,3.0,,3,1,3.0,3.0,3,3.0,3,2,2.0,3,2.0,3.0,3.0,3.0,3.0,3.0,2,3,3.0,3.0,2.0,3.0,3.0,0.0,3,2,3,3.0,2,3,3,3,3,3.0,2,2,3.0,3,3.0,3.0,2.0,3.0,3.0,3,3,3.0,3.0,3,3.0,3.0,3.0,3,3.0,3.0,3.0,3.0,3.0,3.0,2,2.0,3.0,3,3.0,3.0,3,3.0,3.0,2.0,3,3.0,3,3.0,3.0,2,3.0,3.0,3.0,3.0,3.0,3.0,,2.0,3.0,3,3,3.0,3.0,3.0,3,3,3,3.0,1.0,3.0,3,3,2,3.0,3,2,3,3.0,3,3,,3,3,3,3,3.0,3,3.0,2.0,3.0,3.0,3.0,3.0,3.0,3,2.0,3.0,3,3.0,3.0,3.0,3.0,3.0,0.0,3,3.0,3.0,2.0,3.0,3,3.0,3,3,3,2.0,3.0,3,3.0,3.0,2.0,2.0,3.0,3.0,2,3.0,3.0,3.0,3.0,3.0,3.0,3,3,3,3.0,3.0,3.0,3,3.0,3,3.0,3.0,2.0,,3.0,3,3.0,3,3.0,3.0,3,3.0,3.0,3.0,3.0,1.0,3.0,3.0,3.0,3.0,3.0,2.0,1,3.0,1.0,3.0,,3.0,3.0,3.0,2.0,3.0,2.0,3.0,3.0,2.0,3.0,3.0,3.0,3.0,,3.0,3.0,3.0,,3.0,3.0,3.0,3.0,3.0,3.0,3.0,3.0,3.0,3.0,3.0,,3.0,3.0,3.0,0.0,3.0,3.0,0,3.0,,133,7,1.2273438218787378,-0.15278010700992933
2.0,3,3,3,2,2,3,2.0,3,3.0,2,3,2,2,3.0,3,3.0,3.0,3.0,3.0,3.0,2.0,2,2.0,3.0,3.0,3,2,3.0,3.0,2,2,3,3.0,3.0,2,3.0,2.0,3.0,3,2,2.0,3,3.0,2,2,3,3,3.0,3,2,3.0,3,3.0,3,2.0,2.0,3,2,3,3.0,3.0,2.0,3,3.0,3,3,3.0,3.0,3.0,3.0,3.0,2,2,3,3,3.0,2.0,2,3.0,3.0,0,3.0,3,3.0,3.0,3,3,2,3.0,3,3.0,1,3,3.0,3,3.0,3.0,3,2,0,3.0,3.0,2,1.0,2,3.0,3.0,3,2,2,2.0,1.0,3,2.0,3.0,2.0,2,3.0,2.0,2,2.0,2,3.0,2,3.0,2.0,3,3,2,2.0,3.0,2.0,2.0,3.0,3.0,3,3.0,3.0,1.0,2,3,3.0,3,3.0,2.0,2,2,2,2.0,2,2.0,2,2,3,2.0,2,3.0,3,3.0,2.0,3,3,3,3.0,3,3.0,3.0,3.0,2.0,3,1,3,3.0,2,3.0,3,2.0,3,3.0,3.0,2,3.0,3.0,3.0,3.0,3.0,3.0,3,3.0,2.0,3,3.0,2,2,3,1.0,3.0,3.0,3.0,2,3.0,3,3,2.0,3,3,2,3.0,3,3.0,3.0,3.0,2,2,3,2.0,3.0,3,3,3.0,3,3.0,3,3.0,2,3,2,2,2,3.0,3.0,3.0,3,3,3,3.0,3.0,3,3,3.0,2,3.0,3.0,3.0,2.0,2.0,2,3.0,3.0,3.0,1,3.0,3.0,3.0,3.0,1.0,3.0,0.0,3.0,3,3,3.0,3.0,2,2,3.0,2,3.0,0,3,3.0,3.0,3.0,3,3,3,3,3.0,3.0,3,3.0,3,3.0,2,3.0,3.0,3,3,3,3.0,2,3.0,3.0,2,3.0,3,3.0,2.0,2.0,3.0,3.0,3.0,3.0,3.0,3.0,2,3.0,3.0,2,3.0,3,3.0,3,3.0,2,3,2,3.0,2,3,3.0,3.0,2.0,3.0,1,2.0,3.0,3.0,2,3.0,3,3.0,2.0,3.0,3.0,2,3,3.0,0.0,3,2,2,3.0,2,3.0,3.0,3.0,3.0,3.0,3.0,3.0,3.0,3,2,3.0,3,3.0,3.0,3.0,3.0,3.0,1,3,3.0,3.0,2,2.0,2,3,3.0,2,2.0,3.0,2.0,1.0,3.0,3.0,2,2,3.0,3.0,2.0,3.0,3.0,3.0,3,3,3,2.0,2,3,3,3,3,3.0,2,2,2.0,3,3.0,2.0,1.0,2.0,3.0,2,2,3.0,3.0,2,3.0,2.0,2.0,3,1.0,3.0,3.0,3.0,3.0,3.0,3,3.0,3.0,3,2.0,3.0,3,3.0,3.0,3.0,1,3.0,3,3.0,3.0,3,3.0,3.0,3.0,3.0,3.0,3.0,3.0,3.0,2.0,3,2,3.0,3.0,3.0,2,3,3,3.0,2.0,3.0,2,3,3,3.0,3,3,3,2.0,3,3,,3,2,3,3,3.0,3,3.0,3.0,3.0,3.0,2.0,3.0,1.0,2,3.0,3.0,2,3.0,3.0,3.0,3.0,3.0,2.0,3,3.0,3.0,3.0,3.0,2,3.0,2,3,2,3.0,3.0,2,2.0,3.0,3.0,3.0,3.0,3.0,2,3.0,3.0,3.0,3.0,3.0,3.0,2,3,2,3.0,3.0,3.0,3,3.0,3,2.0,3.0,3.0,3.0,3.0,3,3.0,2,2.0,3.0,3,2.0,3.0,3.0,3.0,3.0,3.0,2.0,3.0,3.0,2.0,3.0,3,3.0,3.0,3.0,3.0,3.0,3.0,3.0,2.0,3.0,0.0,3.0,2.0,3.0,3.0,3.0,3.0,3.0,3.0,3.0,3.0,2.0,3.0,3.0,3.0,3.0,3.0,3.0,3.0,3.0,3.0,2.0,3.0,3.0,3.0,3.0,3.0,3.0,2.0,3.0,3.0,3,3.0,3.0,134,7,1.144788955527894,-0.4002234560401481
3.0,3,2,2,3,3,2,3.0,0,3.0,3,3,2,3,3.0,3,3.0,,3.0,3.0,3.0,3.0,3,3.0,3.0,3.0,3,3,3.0,3.0,2,3,3,3.0,2.0,3,3.0,3.0,3.0,3,3,3.0,3,3.0,3,3,3,3,3.0,3,3,3.0,3,3.0,3,3.0,3.0,0,3,3,3.0,3.0,3.0,3,3.0,3,3,,,3.0,3.0,3.0,3,3,2,3,3.0,3.0,3,3.0,3.0,3,3.0,3,3.0,3.0,3,3,3,3.0,3,3.0,3,2,3.0,2,3.0,3.0,3,3,3,3.0,3.0,2,3.0,3,1.0,3.0,2,3,3,3.0,2.0,3,3.0,3.0,3.0,3,3.0,3.0,3,3.0,3,,3,3.0,3.0,3,3,3,3.0,3.0,3.0,3.0,3.0,3.0,3,3.0,3.0,,2,3,3.0,3,3.0,3.0,3,3,3,3.0,2,3.0,2,0,3,3.0,3,3.0,2,3.0,3.0,3,2,3,3.0,3,3.0,3.0,3.0,3.0,3,3,3,3.0,3,3.0,1,3.0,3,3.0,3.0,3,3.0,,3.0,3.0,3.0,3.0,3,3.0,3.0,3,2.0,3,3,3,2.0,3.0,3.0,2.0,3,,3,3,3.0,3,3,3,3.0,2,,,3.0,3,3,3,3.0,3.0,3,3,,3,3.0,3,3.0,3,3,3,3,3,3.0,3.0,3.0,3,3,1,3.0,3.0,3,3,2.0,3,3.0,3.0,3.0,3.0,3.0,2,3.0,,,3,3.0,3.0,,3.0,3.0,3.0,3.0,3.0,3,3,3.0,3.0,3,3,3.0,3,,3,3,2.0,3.0,3.0,3,3,3,3,3.0,3.0,2,3.0,1,3.0,3,3.0,,3,3,3,2.0,3,3.0,3.0,3,3.0,3,2.0,3.0,3.0,3.0,,3.0,3.0,3.0,3.0,3,,3.0,3,3.0,3,3.0,3,3.0,3,3,3,3.0,1,3,3.0,3.0,3.0,3.0,3,3.0,3.0,3.0,3,3.0,3,2.0,3.0,3.0,3.0,3,3,3.0,3.0,3,3,2,3.0,3,3.0,,,3.0,3.0,3.0,3.0,3.0,3,3,3.0,0,3.0,,3.0,3.0,,2,3,3.0,3.0,3,3.0,3,3,3.0,2,3.0,3.0,3.0,3.0,3.0,3.0,3,3,3.0,3.0,3.0,3.0,3.0,3.0,3,3,3,3.0,3,3,3,3,1,3.0,3,2,3.0,3,3.0,3.0,3.0,3.0,3.0,3,2,3.0,3.0,2,3.0,3.0,3.0,3,3.0,3.0,3.0,3.0,3.0,3.0,3,3.0,,3,3.0,,3,3.0,,,3,,3,,3.0,3,3.0,1.0,3.0,3.0,3.0,3.0,,3.0,1.0,3,3,3.0,3.0,3.0,3,3,3,3.0,3.0,3.0,2,3,3,3.0,2,3,3,3.0,3,3,,3,1,3,3,3.0,3,3.0,3.0,2.0,3.0,3.0,3.0,3.0,2,3.0,3.0,3,3.0,3.0,3.0,3.0,3.0,3.0,3,3.0,0.0,2.0,3.0,3,3.0,3,3,3,3.0,3.0,2,3.0,3.0,,3.0,3.0,3.0,3,3.0,3.0,3.0,3.0,3.0,3.0,3,0,3,2.0,3.0,3.0,3,3.0,3,3.0,3.0,3.0,,3.0,3,3.0,3,3.0,3.0,2,3.0,3.0,,3.0,3.0,3.0,3.0,3.0,2.0,3.0,3.0,3,3.0,3.0,3.0,,3.0,3.0,,3.0,,3.0,3.0,3.0,3.0,3.0,3.0,3.0,3.0,,3.0,3.0,3.0,,3.0,,3.0,3.0,3.0,3.0,3.0,3.0,3.0,3.0,2.0,,3.0,3.0,,3.0,3.0,,3,3.0,,135,7,1.3450695076003638,-0.20399899272146485
3.0,3,2,3,3,3,3,3.0,3,,3,3,2,3,3.0,3,3.0,,2.0,2.0,3.0,3.0,3,,3.0,3.0,3,2,,3.0,3,3,3,3.0,3.0,3,3.0,,3.0,2,3,3.0,3,3.0,3,3,3,3,3.0,3,3,3.0,3,3.0,3,3.0,3.0,3,3,3,3.0,3.0,3.0,3,3.0,3,3,3.0,3.0,3.0,3.0,3.0,3,3,3,3,3.0,3.0,0,3.0,3.0,3,3.0,3,3.0,3.0,2,2,3,,3,3.0,3,3,3.0,3,3.0,3.0,3,3,3,3.0,3.0,3,,3,3.0,3.0,3,3,3,3.0,3.0,3,3.0,3.0,3.0,3,3.0,3.0,3,3.0,3,3.0,3,3.0,3.0,3,3,3,3.0,3.0,3.0,2.0,3.0,,3,3.0,,3.0,3,3,3.0,3,3.0,3.0,3,2,3,3.0,2,3.0,3,3,3,3.0,3,3.0,3,,2.0,3,3,3,3.0,3,3.0,3.0,3.0,3.0,3,3,3,3.0,3,3.0,3,3.0,3,3.0,,3,3.0,,3.0,3.0,3.0,3.0,3,3.0,,0,,3,3,3,3.0,3.0,,3.0,3,,3,3,,3,2,3,3.0,2,,3.0,3.0,3,3,2,3.0,3.0,3,3,3.0,3,3.0,3,3.0,3,3,3,0,3,,3.0,3.0,3,3,3,3.0,3.0,3,3,3.0,3,3.0,3.0,3.0,3.0,3.0,3,,3.0,3.0,3,,3.0,3.0,,,2.0,3.0,,3,3,3.0,,3,3,,3,,3,2,3.0,3.0,3.0,3,3,3,2,3.0,3.0,3,,3,3.0,3,3.0,,3,3,3,3.0,3,3.0,,3,,3,3.0,,3.0,3.0,,3.0,3.0,3.0,3.0,3,,3.0,3,3.0,1,,3,3.0,3,3,3,3.0,3,3,1.0,3.0,3.0,,2,3.0,3.0,,2,3.0,3,3.0,2.0,3.0,3.0,3,3,,3.0,2,3,3,3.0,3,3.0,3.0,,3.0,3.0,,,,3,3,,3,3.0,3.0,3.0,3.0,,3,3,2.0,3.0,3,3.0,2,3,3.0,3,3.0,3.0,,3.0,3.0,3.0,3,3,3.0,3.0,3.0,,2.0,3.0,3,2,3,,3,3,3,0,3,3.0,3,3,3.0,3,3.0,3.0,3.0,3.0,3.0,3,3,3.0,3.0,1,3.0,3.0,3.0,3,3.0,3.0,2.0,3.0,3.0,3.0,3,3.0,1.0,3,3.0,3.0,2,3.0,,,3,3.0,3,3.0,3.0,3,3.0,,3.0,3.0,3.0,,,3.0,3.0,3,3,3.0,3.0,3.0,3,3,3,,2.0,3.0,3,3,3,,3,1,3,3.0,1,3,,3,3,3,3,3.0,3,3.0,3.0,3.0,3.0,3.0,3.0,1.0,3,3.0,3.0,3,3.0,3.0,0.0,3.0,3.0,3.0,3,3.0,3.0,3.0,3.0,3,3.0,3,3,3,3.0,,3,3.0,3.0,,3.0,3.0,3.0,2,,3.0,3.0,,3.0,3.0,3,3,3,,3.0,3.0,2,3.0,3,3.0,3.0,0.0,3.0,3.0,3,3.0,3,3.0,3.0,3,3.0,,3.0,3.0,3.0,3.0,3.0,,3.0,3.0,3.0,3,3.0,3.0,,,,3.0,,3.0,,3.0,3.0,3.0,,,2.0,2.0,3.0,,3.0,3.0,3.0,3.0,3.0,3.0,,3.0,3.0,3.0,,3.0,3.0,3.0,,,,,3.0,2.0,,,2,3.0,,136,7,1.3577687900235929,-0.08433258178483402
3.0,3,2,3,3,3,3,3.0,3,3.0,3,3,2,3,3.0,3,3.0,,3.0,3.0,3.0,3.0,2,3.0,2.0,3.0,3,0,0.0,3.0,3,3,3,2.0,3.0,2,3.0,3.0,3.0,2,3,3.0,3,3.0,3,2,3,3,3.0,3,1,3.0,3,3.0,3,3.0,3.0,3,3,2,3.0,3.0,3.0,3,3.0,3,2,3.0,3.0,3.0,3.0,3.0,3,2,3,3,3.0,3.0,3,3.0,3.0,1,3.0,2,3.0,3.0,3,2,3,,3,3.0,2,2,3.0,3,3.0,3.0,2,3,3,3.0,3.0,3,3.0,3,3.0,3.0,3,3,3,3.0,3.0,3,3.0,3.0,3.0,3,3.0,3.0,3,3.0,3,3.0,3,3.0,1.0,3,3,3,3.0,3.0,3.0,3.0,3.0,3.0,3,3.0,3.0,,3,3,3.0,3,3.0,3.0,3,3,3,2.0,2,3.0,2,2,3,3.0,3,3.0,3,3.0,3.0,3,3,3,3.0,3,2.0,3.0,3.0,3.0,3,3,3,2.0,2,3.0,2,3.0,3,3.0,3.0,3,3.0,3.0,3.0,3.0,3.0,3.0,3,3.0,3.0,3,,3,3,3,3.0,3.0,3.0,3.0,3,,3,2,3.0,3,3,3,3.0,3,,,3.0,3,1,3,3.0,3.0,3,2,3.0,3,3.0,3,2.0,2,3,2,3,3,3.0,3.0,3.0,3,3,3,3.0,3.0,3,3,3.0,2,3.0,3.0,,3.0,3.0,3,3.0,3.0,3.0,3,3.0,3.0,2.0,3.0,,,3.0,3.0,3,3,3.0,3.0,3,3,3.0,1,3.0,3,3,3.0,3.0,3.0,3,3,3,3,,3.0,3,3.0,3,3.0,3,3.0,3.0,3,3,3,3.0,3,3.0,3.0,3,,3,2.0,3.0,0.0,3.0,3.0,3.0,3.0,3.0,3.0,3,3.0,3.0,3,3.0,3,,3,3.0,3,2,3,3.0,3,3,3.0,3.0,3.0,3.0,2,3.0,3.0,3.0,3,3.0,3,2.0,3.0,3.0,3.0,3,3,3.0,3.0,3,3,2,3.0,3,3.0,3.0,3.0,3.0,3.0,3.0,3.0,3.0,3,2,3.0,3,3.0,,3.0,3.0,3.0,2,3,3.0,3.0,3,3.0,3,3,3.0,2,3.0,,3.0,3.0,3.0,3.0,2,3,,3.0,3.0,3.0,3.0,3.0,3,3,3,3.0,3,3,3,3,2,3.0,2,0,2.0,3,2.0,3.0,0.0,3.0,3.0,3,2,3.0,3.0,2,3.0,3.0,3.0,3,3.0,2.0,3.0,3.0,3.0,3.0,2,3.0,3.0,3,3.0,3.0,3,3.0,3.0,3.0,3,3.0,3,3.0,3.0,3,2.0,,3.0,1.0,3.0,3.0,,3.0,3.0,3,2,3.0,3.0,3.0,3,3,2,3.0,3.0,3.0,3,2,3,3.0,3,2,3,3.0,3,3,,3,3,3,3,3.0,3,3.0,3.0,3.0,3.0,3.0,2.0,2.0,3,3.0,3.0,3,3.0,3.0,3.0,3.0,3.0,3.0,3,3.0,1.0,3.0,3.0,3,3.0,3,3,3,3.0,3.0,2,2.0,3.0,,3.0,3.0,3.0,3,3.0,3.0,3.0,3.0,3.0,3.0,3,1,2,3.0,3.0,3.0,3,3.0,3,3.0,3.0,3.0,3.0,3.0,3,3.0,3,3.0,3.0,3,3.0,3.0,3.0,3.0,3.0,3.0,3.0,3.0,3.0,3.0,2.0,3,3.0,3.0,,,3.0,,,1.0,0.0,1.0,3.0,3.0,3.0,3.0,3.0,3.0,3.0,3.0,3.0,3.0,3.0,,2.0,3.0,3.0,3.0,3.0,3.0,,3.0,3.0,3.0,,,2.0,,3.0,3.0,3.0,,3,3.0,,137,7,1.2419871794871795,-0.20187752630796302
3.0,2,3,3,3,3,3,3.0,3,3.0,3,3,3,3,0.0,3,3.0,,3.0,3.0,3.0,3.0,3,3.0,3.0,3.0,3,3,3.0,,3,3,3,3.0,3.0,3,0.0,,3.0,3,3,3.0,2,3.0,3,3,3,3,3.0,3,3,3.0,3,3.0,3,3.0,3.0,3,2,3,3.0,3.0,3.0,3,2.0,3,3,3.0,3.0,3.0,3.0,2.0,3,3,3,3,3.0,3.0,3,3.0,3.0,3,3.0,3,,3.0,3,2,3,,3,3.0,3,3,3.0,3,3.0,3.0,3,3,2,3.0,2.0,3,3.0,3,2.0,3.0,3,3,3,3.0,3.0,3,3.0,,3.0,3,,3.0,3,,0,3.0,3,3.0,3.0,3,3,3,3.0,3.0,3.0,2.0,3.0,3.0,3,,3.0,,3,3,3.0,3,3.0,3.0,3,3,3,3.0,3,3.0,2,3,3,3.0,3,3.0,3,3.0,3.0,3,3,3,3.0,3,,3.0,3.0,3.0,3,3,1,3.0,2,3.0,3,3.0,3,3.0,3.0,2,3.0,3.0,2.0,3.0,3.0,3.0,3,3.0,3.0,3,,3,2,3,3.0,3.0,3.0,3.0,3,,3,3,3.0,3,3,3,3.0,3,3.0,,3.0,3,3,2,3.0,2.0,3,3,3.0,3,3.0,3,3.0,3,3,3,3,3,3.0,3.0,3.0,2,3,3,3.0,3.0,2,3,3.0,3,3.0,3.0,3.0,3.0,1.0,3,3.0,,3.0,3,3.0,3.0,3.0,3.0,3.0,3.0,3.0,3.0,3,3,3.0,,3,3,3.0,3,,3,3,3.0,3.0,3.0,3,3,3,3,,,3,3.0,3,3.0,3,3.0,3.0,2,3,3,3.0,3,0.0,,3,,3,3.0,3.0,3.0,3.0,,3.0,3.0,3.0,3.0,3,,3.0,3,3.0,3,3.0,3,3.0,3,3,2,3.0,3,3,3.0,3.0,3.0,3.0,1,3.0,3.0,3.0,3,3.0,3,3.0,,3.0,3.0,3,3,3.0,3.0,3,3,3,,3,3.0,3.0,3.0,,,3.0,3.0,,3,3,3.0,3,3.0,,3.0,3.0,3.0,3,3,0.0,,3,3.0,3,3,3.0,2,3.0,3.0,3.0,3.0,2.0,3.0,3,3,3.0,3.0,3.0,3.0,3.0,3.0,2,3,3,3.0,3,3,3,3,3,3.0,1,3,3.0,3,,3.0,3.0,3.0,3.0,3,3,3.0,3.0,3,1.0,3.0,3.0,3,3.0,3.0,3.0,3.0,3.0,3.0,3,3.0,,3,3.0,3.0,2,2.0,3.0,,3,,2,3.0,3.0,3,3.0,3.0,3.0,3.0,3.0,3.0,,3.0,3.0,3,3,,0.0,,3,3,3,3.0,3.0,3.0,3,3,3,,3,3,1,3.0,3,3,,3,3,3,3,3.0,3,3.0,3.0,3.0,3.0,3.0,3.0,3.0,3,3.0,,3,3.0,3.0,3.0,3.0,,,3,3.0,3.0,3.0,3.0,3,3.0,3,3,3,3.0,,3,3.0,,,3.0,,3.0,3,,3.0,3.0,3.0,,1.0,3,3,3,3.0,3.0,3.0,3,3.0,3,3.0,,,,3.0,3,2.0,1,3.0,3.0,3,3.0,3.0,3.0,3.0,3.0,3.0,,,3.0,3.0,2.0,3,2.0,3.0,,,3.0,3.0,,3.0,,,3.0,3.0,,,3.0,2.0,3.0,,3.0,,3.0,,,,,,,,,3.0,,,,,3.0,,3.0,3.0,3.0,,3,3.0,,138,7,1.4033825116948542,-0.07219444121145727
4.0,3,3,4,3,4,4,4.0,3,4.0,2,4,4,3,4.0,4,4.0,4.0,4.0,1.0,4.0,4.0,4,3.0,2.0,4.0,3,4,4.0,4.0,4,3,4,4.0,4.0,3,4.0,4.0,4.0,4,4,4.0,3,4.0,4,4,4,4,4.0,4,4,3.0,4,4.0,4,4.0,4.0,4,4,4,2.0,4.0,3.0,4,4.0,4,4,4.0,4.0,4.0,2.0,4.0,3,4,4,4,4.0,4.0,3,4.0,4.0,4,4.0,3,4.0,4.0,3,3,4,4.0,4,4.0,3,4,4.0,4,4.0,4.0,4,4,4,4.0,3.0,4,4.0,3,4.0,3.0,3,3,4,4.0,3.0,4,4.0,4.0,4.0,4,4.0,4.0,4,2.0,4,4.0,3,4.0,4.0,4,4,4,3.0,4.0,4.0,4.0,4.0,4.0,3,4.0,4.0,4.0,4,4,4.0,4,4.0,4.0,3,3,4,4.0,4,4.0,4,3,4,4.0,3,4.0,4,4.0,4.0,4,3,3,4.0,4,4.0,4.0,4.0,4.0,3,3,3,4.0,3,4.0,4,4.0,4,4.0,4.0,3,3.0,4.0,4.0,4.0,4.0,4.0,4,4.0,4.0,0,4.0,4,3,3,3.0,4.0,4.0,4.0,4,4.0,3,3,4.0,4,4,3,4.0,4,4.0,4.0,4.0,4,4,3,4.0,3.0,3,4,4.0,4,4.0,3,4.0,3,3,4,4,4,4.0,3.0,0.0,4,3,3,4.0,4.0,4,3,4.0,3,4.0,4.0,4.0,4.0,4.0,3,4.0,4.0,4.0,4,4.0,4.0,4.0,4.0,4.0,3.0,4.0,0.0,2,3,4.0,4.0,4,3,4.0,4,4.0,3,3,3.0,4.0,4.0,4,3,4,4,4.0,4.0,4,4.0,0,4.0,4,3.0,4.0,4,4,4,4.0,4,4.0,4.0,4,4.0,4,4.0,4.0,4.0,4.0,4.0,4.0,4.0,4.0,4.0,3,4.0,4.0,4,4.0,4,4.0,4,4.0,4,4,3,4.0,4,4,4.0,3.0,1.0,4.0,4,4.0,4.0,4.0,4,4.0,4,4.0,4.0,4.0,4.0,3,4,4.0,4.0,4,4,4,4.0,4,4.0,4.0,4.0,4.0,4.0,1.0,2.0,4.0,4,2,4.0,4,4.0,4.0,4.0,4.0,0.0,4,4,1.0,4.0,3,4.0,4,4,4.0,4,3.0,3.0,4.0,4.0,4.0,3.0,4,3,3.0,4.0,4.0,4.0,4.0,3.0,4,4,3,4.0,3,4,3,3,3,4.0,3,4,4.0,4,4.0,4.0,4.0,4.0,4.0,4,3,4.0,3.0,4,3.0,4.0,4.0,4,4.0,3.0,4.0,4.0,1.0,4.0,4,4.0,4.0,4,4.0,4.0,3,4.0,4.0,4.0,3,4.0,4,4.0,4.0,4,4.0,4.0,4.0,4.0,4.0,3.0,,2.0,4.0,4,4,4.0,3.0,4.0,4,4,4,4.0,4.0,4.0,3,4,3,4.0,4,4,3,4.0,4,4,,4,4,4,4,4.0,4,3.0,4.0,4.0,4.0,4.0,4.0,4.0,0,4.0,4.0,4,4.0,3.0,4.0,4.0,4.0,4.0,4,4.0,4.0,4.0,4.0,4,4.0,4,4,4,4.0,4.0,4,4.0,4.0,4.0,4.0,4.0,4.0,4,4.0,4.0,4.0,4.0,2.0,4.0,4,3,3,4.0,4.0,4.0,3,4.0,3,4.0,4.0,4.0,4.0,4.0,4,4.0,4,4.0,4.0,4,4.0,4.0,4.0,3.0,4.0,4.0,4.0,4.0,3.0,3.0,4.0,4,2.0,4.0,4.0,4.0,4.0,4.0,4.0,4.0,4.0,4.0,4.0,4.0,4.0,4.0,4.0,4.0,4.0,4.0,4.0,4.0,4.0,4.0,4.0,4.0,4.0,4.0,4.0,4.0,,4.0,4.0,4.0,,,4.0,4.0,4.0,4.0,4.0,4.0,3,4.0,,139,7,1.262639154789761,-0.29106592672718645
4.0,3,3,4,4,3,4,3.0,4,4.0,4,3,3,4,4.0,4,3.0,4.0,4.0,4.0,4.0,4.0,3,4.0,4.0,4.0,4,3,3.0,2.0,3,3,4,3.0,4.0,4,4.0,3.0,4.0,3,4,3.0,4,4.0,3,3,3,4,4.0,4,3,4.0,4,4.0,4,4.0,4.0,3,4,4,3.0,4.0,3.0,4,4.0,3,4,3.0,4.0,4.0,4.0,4.0,3,4,4,4,4.0,0.0,3,4.0,4.0,3,2.0,3,4.0,4.0,3,3,4,4.0,4,3.0,3,4,4.0,3,3.0,3.0,3,3,4,4.0,4.0,3,3.0,3,4.0,4.0,4,4,4,3.0,3.0,4,3.0,4.0,3.0,3,4.0,3.0,4,4.0,3,4.0,3,3.0,3.0,4,3,4,4.0,4.0,4.0,3.0,4.0,4.0,3,3.0,4.0,4.0,3,2,4.0,4,4.0,3.0,3,3,3,4.0,4,3.0,3,4,4,0.0,4,4.0,4,3.0,4.0,3,3,3,3.0,4,4.0,4.0,4.0,3.0,3,3,2,4.0,4,3.0,4,3.0,3,4.0,4.0,3,4.0,3.0,3.0,3.0,3.0,4.0,3,4.0,4.0,4,4.0,3,4,1,4.0,4.0,4.0,3.0,3,3.0,3,4,3.0,4,3,4,3.0,3,4.0,4.0,3.0,4,3,4,4.0,4.0,3,3,3.0,3,4.0,3,4.0,3,4,4,4,3,4.0,3.0,4.0,3,3,4,4.0,4.0,3,3,3.0,3,3.0,4.0,4.0,3.0,4.0,3,4.0,4.0,4.0,3,3.0,4.0,4.0,3.0,4.0,4.0,3.0,4.0,4,3,3.0,4.0,3,3,4.0,4,4.0,3,4,3.0,3.0,3.0,3,3,3,3,4.0,3.0,3,4.0,3,4.0,3,4.0,4.0,3,1,3,4.0,4,4.0,4.0,4,4.0,3,4.0,3.0,4.0,4.0,4.0,3.0,4.0,4.0,3.0,2,4.0,4.0,4,4.0,4,3.0,3,3.0,4,4,3,4.0,2,4,4.0,3.0,4.0,0.0,3,4.0,4.0,4.0,3,2.0,3,4.0,3.0,4.0,3.0,4,3,4.0,4.0,1,4,4,3.0,3,4.0,3.0,4.0,4.0,0.0,4.0,4.0,4.0,3,3,4.0,3,4.0,4.0,3.0,4.0,4.0,3,4,4.0,3.0,3,3.0,3,4,4.0,4,4.0,4.0,4.0,4.0,4.0,4.0,4,3,4.0,4.0,3.0,4.0,3.0,3.0,4,4,4,4.0,4,3,3,3,3,4.0,4,4,4.0,4,4.0,4.0,1.0,3.0,4.0,4,4,4.0,4.0,4,4.0,4.0,4.0,4,4.0,3.0,3.0,4.0,4.0,2.0,4,4.0,4.0,4,0.0,4.0,3,4.0,4.0,4.0,4,3.0,4,4.0,4.0,4,4.0,4.0,4.0,3.0,4.0,3.0,4.0,3.0,3.0,4,4,4.0,4.0,4.0,3,4,3,4.0,4.0,4.0,4,4,3,4.0,2,4,3,3.0,4,4,,3,3,4,4,4.0,4,4.0,4.0,4.0,4.0,4.0,4.0,3.0,1,4.0,2.0,3,4.0,4.0,4.0,4.0,3.0,2.0,3,4.0,3.0,3.0,4.0,4,4.0,4,4,3,4.0,4.0,3,3.0,4.0,4.0,3.0,4.0,3.0,4,4.0,4.0,4.0,4.0,3.0,4.0,3,4,4,3.0,4.0,4.0,4,4.0,3,3.0,4.0,2.0,4.0,4.0,4,4.0,4,4.0,4.0,4,3.0,4.0,3.0,4.0,3.0,2.0,3.0,4.0,3.0,3.0,4.0,4,4.0,4.0,3.0,4.0,2.0,3.0,4.0,4.0,4.0,3.0,4.0,3.0,4.0,4.0,4.0,4.0,4.0,3.0,4.0,3.0,4.0,4.0,4.0,1.0,4.0,3.0,3.0,4.0,4.0,4.0,4.0,4.0,4.0,4.0,4.0,4.0,4.0,4.0,3.0,4.0,4,0.0,4.0,140,7,1.1783168367608596,-0.33106647477972834
4.0,3,4,4,4,4,4,,4,,4,4,4,4,4.0,4,4.0,,4.0,4.0,4.0,4.0,4,4.0,4.0,4.0,4,4,4.0,4.0,4,3,4,4.0,4.0,4,4.0,4.0,4.0,4,4,3.0,3,4.0,4,4,4,4,4.0,4,4,4.0,4,4.0,4,2.0,4.0,4,4,3,4.0,4.0,4.0,4,4.0,4,4,4.0,4.0,4.0,,,4,0,4,1,4.0,4.0,4,4.0,4.0,4,,4,4.0,4.0,4,4,4,4.0,4,,4,4,,4,4.0,4.0,4,4,3,4.0,4.0,4,4.0,4,,4.0,4,4,4,4.0,4.0,4,4.0,4.0,3.0,4,4.0,4.0,4,4.0,1,4.0,3,3.0,4.0,4,4,3,4.0,4.0,4.0,4.0,2.0,4.0,4,4.0,4.0,4.0,4,4,4.0,4,4.0,4.0,4,4,4,4.0,4,4.0,4,4,4,4.0,4,4.0,4,4.0,4.0,4,4,4,4.0,4,4.0,,4.0,4.0,4,3,3,,0,4.0,4,4.0,4,0.0,4.0,3,4.0,4.0,4.0,,4.0,3.0,4,3.0,4.0,4,4.0,4,4,3,4.0,4.0,4.0,4.0,4,4.0,4,4,4.0,4,4,4,4.0,1,4.0,4.0,4.0,4,3,4,4.0,4.0,4,4,4.0,4,4.0,4,4.0,4,4,3,4,4,4.0,2.0,4.0,4,4,4,4.0,4.0,4,4,4.0,4,4.0,4.0,4.0,4.0,4.0,4,4.0,4.0,4.0,3,4.0,4.0,4.0,4.0,4.0,4.0,4.0,4.0,4,4,4.0,2.0,4,3,4.0,4,4.0,4,4,4.0,4.0,4.0,4,3,3,3,2.0,4.0,4,,4,4.0,3,4.0,4.0,4,4,4,4.0,2,4.0,4.0,3,4.0,4,4.0,4.0,4.0,4.0,4.0,4.0,4.0,4.0,4.0,4,4.0,4.0,4,4.0,4,4.0,4,4.0,4,4,3,4.0,3,4,4.0,4.0,4.0,4.0,4,4.0,4.0,4.0,3,4.0,4,,4.0,4.0,4.0,4,4,4.0,4.0,4,4,4,4.0,3,3.0,4.0,4.0,4.0,4.0,4.0,1.0,4.0,4,4,4.0,4,4.0,0.0,4.0,4.0,2.0,4,4,4.0,4.0,4,4.0,4,4,4.0,4,4.0,4.0,4.0,4.0,4.0,4.0,4,4,4.0,4.0,4.0,4.0,4.0,4.0,4,4,4,4.0,4,4,4,4,4,,4,4,4.0,4,4.0,4.0,4.0,4.0,4.0,4,4,4.0,,4,,4.0,4.0,4,4.0,4.0,4.0,4.0,4.0,,4,4.0,,4,4.0,4.0,4,4.0,4.0,,4,,4,4.0,4.0,4,4.0,4.0,4.0,4.0,3.0,4.0,,4.0,4.0,3,4,4.0,4.0,4.0,4,0,3,4.0,4.0,4.0,3,4,4,4.0,4,4,4,4.0,4,4,,4,4,4,4,4.0,4,4.0,4.0,4.0,4.0,4.0,4.0,4.0,4,4.0,4.0,4,4.0,4.0,4.0,,4.0,,4,,4.0,,4.0,4,,3,4,4,4.0,4.0,3,4.0,4.0,,4.0,4.0,4.0,4,4.0,4.0,4.0,,4.0,4.0,4,4,4,,4.0,,4,4.0,4,4.0,4.0,4.0,,4.0,4,4.0,4,4.0,,4,4.0,4.0,4.0,4.0,4.0,,4.0,4.0,4.0,4.0,4.0,4,4.0,4.0,4.0,,4.0,4.0,,4.0,4.0,4.0,4.0,4.0,0.0,4.0,4.0,4.0,4.0,,4.0,4.0,4.0,,4.0,4.0,,4.0,4.0,4.0,,4.0,4.0,4.0,,,4.0,,,4.0,,4.0,4,4.0,,141,7,1.49547007277588,-0.13220512643660365
2.0,1,2,1,3,3,2,3.0,2,3.0,3,3,2,3,3.0,2,2.0,3.0,3.0,2.0,3.0,3.0,3,3.0,2.0,3.0,3,3,3.0,3.0,2,3,3,3.0,2.0,2,2.0,2.0,3.0,3,2,2.0,3,3.0,3,3,2,3,3.0,3,2,3.0,2,3.0,3,2.0,2.0,3,3,2,1.0,3.0,2.0,2,3.0,2,2,3.0,3.0,3.0,3.0,3.0,3,2,3,2,3.0,3.0,2,3.0,2.0,3,3.0,2,3.0,3.0,2,3,2,3.0,3,3.0,2,3,3.0,2,3.0,3.0,2,2,3,3.0,2.0,2,2.0,3,3.0,3.0,2,2,2,2.0,3.0,2,3.0,2.0,3.0,2,2.0,3.0,2,1.0,3,3.0,0,2.0,3.0,2,2,2,3.0,3.0,3.0,3.0,3.0,2.0,2,3.0,3.0,3.0,2,2,2.0,3,3.0,3.0,2,2,2,3.0,1,2.0,2,2,3,3.0,3,1.0,3,3.0,2.0,1,2,2,3.0,2,3.0,3.0,2.0,3.0,2,3,2,3.0,3,3.0,3,3.0,3,3.0,3.0,3,3.0,3.0,3.0,2.0,3.0,3.0,3,2.0,3.0,2,3.0,2,2,3,3.0,2.0,3.0,3.0,2,3.0,3,2,3.0,2,2,3,3.0,2,3.0,3.0,3.0,3,2,3,3.0,3.0,3,2,3.0,3,2.0,2,3.0,2,2,3,3,3,3.0,3.0,3.0,2,2,2,3.0,3.0,2,3,2.0,1,3.0,2.0,2.0,2.0,2.0,2,3.0,3.0,3.0,3,2.0,3.0,2.0,3.0,3.0,3.0,3.0,3.0,3,2,3.0,3.0,2,2,3.0,2,3.0,2,3,2.0,0.0,3.0,2,2,2,2,3.0,3.0,3,3.0,3,2.0,1,2.0,3.0,3,3,3,3.0,3,3.0,3.0,3,2.0,2,3.0,3.0,3.0,3.0,0.0,3.0,3.0,3.0,3.0,2,0.0,3.0,2,3.0,3,2.0,2,3.0,3,2,3,3.0,2,3,3.0,2.0,3.0,3.0,2,3.0,3.0,2.0,3,3.0,2,3.0,3.0,3.0,3.0,2,1,3.0,2.0,3,3,1,3.0,2,2.0,3.0,3.0,3.0,3.0,3.0,3.0,3.0,2,2,3.0,2,3.0,3.0,3.0,3.0,3.0,3,3,3.0,3.0,2,2.0,3,2,3.0,3,2.0,2.0,3.0,2.0,3.0,3.0,2,2,3.0,3.0,2.0,2.0,3.0,2.0,2,2,2,3.0,1,2,3,3,2,3.0,2,2,2.0,3,3.0,3.0,2.0,2.0,3.0,3,0,3.0,2.0,2,2.0,2.0,3.0,3,3.0,3.0,2.0,3.0,3.0,3.0,3,3.0,3.0,2,1.0,3.0,2,3.0,3.0,3.0,3,3.0,2,3.0,3.0,3,3.0,3.0,2.0,3.0,3.0,3.0,3.0,3.0,1.0,2,3,3.0,3.0,3.0,3,3,2,3.0,2.0,0.0,3,3,2,2.0,2,3,3,3.0,3,2,3.0,2,2,2,3,3.0,3,3.0,3.0,3.0,3.0,3.0,3.0,3.0,3,2.0,3.0,2,3.0,3.0,3.0,3.0,2.0,3.0,2,2.0,2.0,2.0,3.0,3,3.0,2,2,2,3.0,3.0,2,3.0,2.0,3.0,3.0,2.0,2.0,1,3.0,3.0,3.0,3.0,3.0,3.0,3,2,2,3.0,3.0,3.0,3,3.0,2,2.0,3.0,3.0,1.0,3.0,3,3.0,2,3.0,3.0,3,3.0,3.0,3.0,2.0,2.0,3.0,3.0,3.0,3.0,3.0,3.0,3,3.0,3.0,3.0,3.0,3.0,3.0,3.0,3.0,3.0,3.0,1.0,2.0,3.0,3.0,3.0,3.0,2.0,3.0,2.0,3.0,3.0,3.0,3.0,2.0,3.0,3.0,3.0,3.0,3.0,2.0,3.0,2.0,3.0,3.0,3.0,3.0,3.0,3.0,3.0,3.0,3,3.0,3.0,142,7,1.112268698491681,-0.4431509102090226
2.0,2,3,4,3,3,3,4.0,4,4.0,3,3,3,3,4.0,4,3.0,4.0,3.0,4.0,4.0,3.0,4,3.0,3.0,4.0,3,3,4.0,4.0,3,4,4,3.0,4.0,3,3.0,4.0,3.0,3,3,3.0,3,4.0,4,3,3,3,4.0,3,3,4.0,3,4.0,4,4.0,3.0,3,3,4,3.0,3.0,4.0,3,4.0,3,3,4.0,4.0,3.0,4.0,3.0,3,3,3,4,3.0,3.0,2,4.0,4.0,3,3.0,3,4.0,3.0,4,4,3,4.0,4,3.0,3,3,3.0,3,4.0,3.0,3,3,3,3.0,4.0,3,2.0,3,4.0,1.0,3,3,3,3.0,3.0,4,2.0,4.0,3.0,3,3.0,3.0,3,4.0,3,4.0,3,3.0,4.0,3,3,3,3.0,3.0,3.0,3.0,3.0,3.0,3,4.0,3.0,4.0,3,3,3.0,3,4.0,3.0,4,1,3,3.0,3,3.0,2,3,3,4.0,3,4.0,3,4.0,4.0,3,4,3,3.0,4,4.0,4.0,4.0,4.0,3,3,3,3.0,3,3.0,3,3.0,4,4.0,4.0,2,3.0,4.0,4.0,4.0,4.0,3.0,4,3.0,4.0,4,4.0,3,3,3,4.0,4.0,4.0,4.0,4,3.0,3,3,4.0,3,3,3,4.0,3,4.0,4.0,4.0,3,3,3,4.0,4.0,3,4,3.0,4,4.0,3,4.0,3,3,3,4,3,4.0,4.0,3.0,3,3,3,4.0,4.0,3,2,4.0,2,3.0,4.0,4.0,4.0,3.0,3,4.0,4.0,4.0,3,4.0,4.0,3.0,4.0,4.0,4.0,3.0,4.0,4,4,4.0,4.0,3,4,4.0,4,3.0,3,3,4.0,4.0,3.0,4,4,4,3,4.0,4.0,4,4.0,3,4.0,3,1.0,0.0,3,0,4,4.0,4,3.0,4.0,4,4.0,4,4.0,4.0,4.0,3.0,4.0,4.0,4.0,3.0,3.0,4,4.0,3.0,3,4.0,3,4.0,3,3.0,4,3,3,3.0,3,4,4.0,3.0,3.0,4.0,3,4.0,3.0,3.0,4,0.0,4,3.0,3.0,4.0,4.0,4,3,4.0,4.0,3,3,4,3.0,0,3.0,4.0,4.0,3.0,4.0,4.0,4.0,4.0,3,3,3.0,3,2.0,3.0,3.0,4.0,4.0,3,3,4.0,3.0,4,3.0,3,1,4.0,3,3.0,4.0,4.0,3.0,4.0,3.0,4,4,3.0,0.0,3.0,4.0,3.0,3.0,3,4,3,3.0,4,4,3,4,4,4.0,3,4,4.0,3,3.0,4.0,4.0,3.0,4.0,3,3,4.0,4.0,3,4.0,4.0,4.0,3,4.0,4.0,4.0,4.0,4.0,4.0,3,4.0,4.0,3,3.0,4.0,4,3.0,4.0,2.0,3,4.0,4,4.0,4.0,4,3.0,4.0,3.0,4.0,4.0,3.0,4.0,4.0,4.0,4,3,3.0,4.0,4.0,3,4,3,4.0,3.0,4.0,2,3,4,4.0,3,4,3,4.0,4,4,4.0,3,3,4,3,1.0,3,4.0,2.0,3.0,3.0,4.0,4.0,3.0,4,0.0,4.0,4,4.0,3.0,3.0,3.0,1.0,3.0,4,4.0,4.0,4.0,4.0,3,4.0,3,3,3,4.0,4.0,4,4.0,4.0,4.0,4.0,4.0,3.0,3,4.0,4.0,3.0,3.0,3.0,4.0,3,3,3,3.0,3.0,2.0,3,4.0,3,3.0,4.0,3.0,4.0,4.0,3,4.0,4,4.0,4.0,3,4.0,4.0,3.0,4.0,3.0,4.0,4.0,4.0,4.0,3.0,4.0,4,3.0,4.0,4.0,4.0,4.0,4.0,4.0,4.0,4.0,4.0,4.0,4.0,2.0,4.0,4.0,4.0,4.0,4.0,4.0,4.0,4.0,3.0,4.0,4.0,4.0,3.0,4.0,2.0,4.0,4.0,3.0,3.0,4.0,4.0,4.0,4.0,4.0,4.0,4.0,4.0,3,3.0,4.0,143,7,1.1664749712456868,-0.4294660524590575
2.0,2,3,2,2,1,2,3.0,2,3.0,2,2,2,2,3.0,2,3.0,3.0,3.0,2.0,3.0,3.0,3,3.0,2.0,3.0,3,3,2.0,3.0,3,1,3,3.0,0.0,2,1.0,3.0,3.0,3,2,2.0,3,3.0,2,3,2,3,3.0,3,3,2.0,2,2.0,3,3.0,3.0,2,2,3,3.0,3.0,2.0,2,3.0,2,3,3.0,3.0,3.0,3.0,3.0,2,3,3,3,3.0,3.0,2,3.0,3.0,2,0.0,3,3.0,3.0,3,1,3,0.0,3,3.0,2,3,3.0,2,3.0,2.0,2,3,3,3.0,1.0,2,3.0,2,3.0,3.0,2,1,3,3.0,3.0,3,3.0,3.0,3.0,2,3.0,3.0,3,3.0,3,3.0,2,3.0,3.0,3,3,3,2.0,3.0,3.0,3.0,2.0,3.0,3,3.0,3.0,3.0,3,2,3.0,3,3.0,2.0,3,3,3,3.0,3,3.0,3,3,3,3.0,2,3.0,1,3.0,3.0,3,3,3,3.0,3,3.0,3.0,3.0,3.0,3,3,2,3.0,3,2.0,3,3.0,3,3.0,3.0,0,3.0,2.0,2.0,3.0,3.0,3.0,3,3.0,3.0,2,3.0,2,2,3,3.0,3.0,3.0,2.0,3,3.0,3,3,3.0,3,2,3,2.0,3,3.0,3.0,3.0,3,2,3,2.0,3.0,2,2,1.0,1,3.0,2,2.0,2,2,2,1,3,3.0,3.0,3.0,3,2,3,3.0,3.0,3,3,2.0,3,2.0,3.0,3.0,2.0,2.0,3,3.0,3.0,3.0,2,3.0,3.0,3.0,3.0,3.0,3.0,3.0,3.0,3,3,3.0,3.0,3,2,3.0,3,3.0,3,3,3.0,3.0,3.0,3,3,3,2,3.0,3.0,2,3.0,3,2.0,3,3.0,3.0,3,3,2,3.0,0,2.0,3.0,3,3.0,3,3.0,3.0,2.0,3.0,3.0,3.0,3.0,1.0,3.0,3,3.0,3.0,3,3.0,3,3.0,3,3.0,3,3,3,3.0,3,3,3.0,3.0,2.0,3.0,2,3.0,3.0,3.0,2,2.0,3,3.0,3.0,3.0,3.0,3,2,3.0,3.0,2,3,3,3.0,2,3.0,3.0,3.0,2.0,3.0,3.0,3.0,3.0,2,3,3.0,3,3.0,3.0,3.0,3.0,,3,3,3.0,3.0,3,3.0,3,3,3.0,3,3.0,3.0,3.0,3.0,3.0,3.0,2,2,3.0,3.0,2.0,3.0,3.0,3.0,3,3,3,3.0,3,2,3,3,2,3.0,3,3,3.0,3,3.0,3.0,3.0,2.0,3.0,3,3,3.0,3.0,3,3.0,3.0,3.0,3,3.0,3.0,3.0,3.0,3.0,3.0,2,3.0,3.0,3,3.0,3.0,3,3.0,3.0,3.0,3,3.0,3,3.0,3.0,3,2.0,3.0,3.0,3.0,3.0,3.0,,3.0,3.0,3,3,3.0,3.0,3.0,3,2,3,3.0,3.0,3.0,3,2,3,1.0,2,3,3,3.0,3,3,3.0,3,3,0,3,3.0,3,3.0,3.0,3.0,3.0,3.0,3.0,3.0,3,3.0,3.0,3,3.0,3.0,2.0,3.0,3.0,3.0,3,3.0,3.0,3.0,3.0,3,3.0,2,3,2,3.0,3.0,3,3.0,3.0,3.0,3.0,3.0,3.0,3,3.0,2.0,3.0,3.0,3.0,3.0,3,3,3,3.0,3.0,3.0,3,3.0,3,3.0,3.0,3.0,3.0,3.0,3,3.0,3,3.0,3.0,3,3.0,3.0,3.0,3.0,3.0,2.0,3.0,3.0,3.0,3.0,2.0,3,3.0,3.0,3.0,3.0,3.0,3.0,3.0,3.0,3.0,3.0,3.0,3.0,3.0,3.0,3.0,3.0,3.0,3.0,3.0,3.0,3.0,3.0,3.0,3.0,3.0,3.0,3.0,3.0,3.0,2.0,3.0,3.0,1.0,,3.0,3.0,1.0,3.0,3.0,3.0,3,3.0,,144,7,1.1658650445607583,-0.31066540287490935
4.0,3,3,4,4,4,4,4.0,4,4.0,4,4,4,4,4.0,4,4.0,,4.0,4.0,4.0,4.0,4,4.0,4.0,4.0,4,4,3.0,4.0,3,4,3,4.0,4.0,4,4.0,4.0,2.0,4,4,4.0,4,4.0,4,4,3,3,4.0,4,4,4.0,4,4.0,4,4.0,4.0,3,4,4,4.0,4.0,3.0,4,3.0,3,4,4.0,4.0,4.0,4.0,4.0,4,4,4,4,4.0,4.0,4,3.0,4.0,4,4.0,4,4.0,3.0,4,4,4,4.0,4,4.0,4,4,4.0,3,4.0,4.0,4,4,3,4.0,4.0,4,3.0,4,4.0,4.0,4,3,4,4.0,4.0,4,4.0,4.0,4.0,3,4.0,4.0,4,4.0,0,4.0,3,4.0,4.0,4,4,3,4.0,4.0,4.0,4.0,4.0,4.0,3,4.0,4.0,4.0,4,4,4.0,4,4.0,4.0,4,3,2,4.0,4,3.0,4,4,4,4.0,4,4.0,4,4.0,4.0,0,4,3,4.0,4,4.0,4.0,4.0,4.0,4,4,4,4.0,4,4.0,4,4.0,2,4.0,4.0,4,4.0,4.0,3.0,4.0,4.0,4.0,4,4.0,4.0,4,4.0,2,3,4,3.0,4.0,4.0,3.0,4,4.0,1,4,4.0,4,4,3,4.0,4,1.0,4.0,4.0,4,3,4,4.0,4.0,4,4,0.0,4,4.0,3,4.0,3,3,3,4,4,4.0,4.0,4.0,3,4,4,3.0,4.0,3,4,4.0,4,3.0,4.0,4.0,3.0,3.0,3,4.0,4.0,4.0,3,4.0,4.0,4.0,4.0,4.0,4.0,4.0,4.0,4,4,4.0,4.0,4,3,4.0,3,4.0,3,4,4.0,4.0,4.0,4,3,4,3,4.0,4.0,4,4.0,3,3.0,4,3.0,3.0,4,4,4,4.0,4,4.0,4.0,4,4.0,3,4.0,4.0,4.0,4.0,4.0,4.0,4.0,3.0,3.0,4,4.0,4.0,4,4.0,4,4.0,4,4.0,4,3,3,4.0,3,3,4.0,4.0,4.0,2.0,4,4.0,4.0,4.0,4,4.0,4,4.0,3.0,3.0,4.0,4,3,4.0,4.0,4,4,4,4.0,3,4.0,4.0,4.0,4.0,4.0,4.0,4.0,4.0,2,4,4.0,4,4.0,4.0,4.0,4.0,,4,2,4.0,4.0,4,3.0,4,4,4.0,4,4.0,2.0,4.0,3.0,4.0,4.0,3,4,4.0,4.0,3.0,4.0,4.0,4.0,3,4,4,4.0,4,4,4,4,4,4.0,4,3,4.0,4,4.0,4.0,4.0,4.0,4.0,4,4,4.0,4.0,4,4.0,3.0,4.0,2,4.0,4.0,3.0,4.0,4.0,4.0,4,4.0,4.0,4,3.0,4.0,3,4.0,4.0,4.0,4,4.0,4,4.0,4.0,4,4.0,4.0,3.0,4.0,4.0,3.0,,4.0,4.0,3,4,4.0,3.0,4.0,4,4,4,4.0,3.0,4.0,4,4,4,1.0,4,4,4,4.0,4,4,4.0,4,4,3,4,4.0,4,2.0,4.0,3.0,4.0,4.0,4.0,4.0,3,4.0,4.0,3,4.0,4.0,4.0,4.0,4.0,0.0,4,4.0,4.0,4.0,4.0,4,4.0,3,4,3,4.0,4.0,4,4.0,3.0,,4.0,0.0,4.0,4,4.0,4.0,4.0,4.0,4.0,4.0,4,4,4,4.0,4.0,4.0,4,4.0,4,4.0,4.0,4.0,4.0,1.0,4,4.0,4,4.0,4.0,4,4.0,4.0,4.0,4.0,4.0,4.0,4.0,4.0,4.0,3.0,4.0,4,0.0,3.0,4.0,,4.0,3.0,4.0,4.0,4.0,4.0,4.0,4.0,4.0,4.0,4.0,4.0,4.0,4.0,4.0,4.0,4.0,4.0,4.0,3.0,4.0,4.0,4.0,4.0,4.0,4.0,4.0,3.0,4.0,,4.0,4.0,4.0,4.0,4.0,4.0,4,4.0,4.0,145,7,1.2861069661509463,-0.25786466983461154
3.0,3,3,3,4,3,3,3.0,2,4.0,3,4,3,3,4.0,3,3.0,4.0,3.0,3.0,3.0,3.0,3,3.0,3.0,3.0,3,3,4.0,4.0,3,3,4,3.0,3.0,3,3.0,3.0,2.0,4,3,3.0,3,1.0,3,3,3,3,4.0,3,3,4.0,3,3.0,3,3.0,3.0,3,3,3,3.0,3.0,2.0,3,3.0,2,3,2.0,4.0,3.0,4.0,4.0,3,3,3,3,1.0,4.0,3,4.0,3.0,2,4.0,0,3.0,3.0,3,3,3,4.0,3,3.0,3,3,4.0,3,3.0,3.0,3,2,3,3.0,3.0,3,3.0,3,3.0,4.0,3,3,3,3.0,3.0,3,3.0,3.0,3.0,3,3.0,3.0,3,3.0,3,4.0,3,3.0,4.0,4,3,3,3.0,4.0,4.0,3.0,3.0,4.0,2,3.0,3.0,4.0,2,3,3.0,3,4.0,3.0,3,1,3,4.0,3,3.0,3,3,3,3.0,3,3.0,3,4.0,3.0,3,3,3,3.0,3,3.0,4.0,3.0,3.0,3,3,3,4.0,3,4.0,3,3.0,3,3.0,4.0,3,3.0,4.0,4.0,4.0,3.0,4.0,3,1.0,3.0,3,3.0,2,3,3,3.0,3.0,3.0,3.0,3,3.0,3,3,3.0,3,3,3,4.0,3,4.0,3.0,3.0,2,3,3,3.0,4.0,2,3,3.0,3,3.0,3,4.0,2,2,3,3,3,4.0,3.0,3.0,3,3,3,3.0,3.0,3,3,3.0,3,3.0,3.0,3.0,3.0,3.0,3,3.0,4.0,3.0,3,3.0,3.0,4.0,4.0,3.0,3.0,4.0,3.0,3,3,3.0,3.0,3,2,4.0,3,3.0,3,3,1.0,3.0,4.0,3,3,3,3,3.0,3.0,3,4.0,0,3.0,3,3.0,3.0,3,3,3,3.0,3,3.0,4.0,3,3.0,3,3.0,3.0,3.0,4.0,4.0,3.0,4.0,3.0,3.0,2,4.0,3.0,4,4.0,3,3.0,3,3.0,3,3,3,4.0,3,3,3.0,3.0,3.0,4.0,3,3.0,3.0,4.0,3,3.0,3,4.0,2.0,3.0,3.0,1,3,4.0,3.0,3,3,3,3.0,3,3.0,3.0,0.0,4.0,4.0,4.0,4.0,4.0,3,3,3.0,3,3.0,3.0,3.0,4.0,4.0,3,3,3.0,3.0,3,3.0,3,3,4.0,3,3.0,3.0,3.0,4.0,3.0,3.0,3,3,3.0,3.0,3.0,4.0,3.0,3.0,3,2,3,3.0,3,3,3,3,3,3.0,2,4,3.0,3,3.0,4.0,3.0,3.0,3.0,3,3,3.0,3.0,3,3.0,3.0,3.0,3,4.0,3.0,3.0,4.0,3.0,4.0,3,4.0,0.0,3,3.0,3.0,3,3.0,4.0,4.0,3,4.0,3,4.0,3.0,3,3.0,4.0,3.0,3.0,3.0,3.0,4.0,3.0,3.0,3,3,3.0,4.0,4.0,3,4,3,3.0,3.0,4.0,3,3,3,4.0,3,3,4,3.0,3,3,2.0,4,3,3,2,4.0,2,3.0,3.0,3.0,4.0,2.0,3.0,3.0,3,4.0,4.0,3,4.0,3.0,3.0,3.0,3.0,3.0,3,3.0,3.0,3.0,4.0,3,4.0,3,3,3,3.0,4.0,3,3.0,3.0,4.0,4.0,3.0,3.0,3,3.0,0.0,4.0,1.0,3.0,3.0,3,3,3,3.0,3.0,4.0,4,3.0,3,3.0,4.0,3.0,4.0,4.0,3,3.0,3,4.0,3.0,3,4.0,4.0,3.0,3.0,2.0,3.0,3.0,3.0,3.0,3.0,4.0,3,3.0,2.0,4.0,4.0,4.0,3.0,4.0,3.0,4.0,4.0,3.0,3.0,3.0,4.0,3.0,4.0,3.0,4.0,3.0,3.0,4.0,4.0,4.0,4.0,4.0,4.0,3.0,4.0,4.0,3.0,3.0,3.0,4.0,4.0,3.0,4.0,4.0,3.0,4.0,2.0,4,0.0,4.0,146,7,1.186422486080365,-0.47939460762934355
3.0,2,2,3,3,3,3,3.0,3,3.0,2,3,3,2,3.0,3,3.0,,3.0,3.0,3.0,3.0,3,3.0,3.0,3.0,3,3,3.0,3.0,3,3,3,3.0,3.0,3,2.0,3.0,2.0,3,0,3.0,3,3.0,3,3,3,3,3.0,2,3,3.0,3,3.0,3,3.0,3.0,2,3,2,3.0,3.0,3.0,3,3.0,3,2,3.0,3.0,3.0,3.0,3.0,1,3,3,3,3.0,3.0,3,3.0,3.0,3,3.0,3,3.0,2.0,3,2,3,,3,3.0,3,3,3.0,2,3.0,3.0,3,3,2,2.0,3.0,2,3.0,3,3.0,3.0,3,3,3,2.0,3.0,3,3.0,3.0,3.0,3,3.0,1.0,3,3.0,3,3.0,3,3.0,3.0,3,3,3,3.0,2.0,3.0,3.0,3.0,1.0,3,3.0,3.0,3.0,3,3,3.0,3,2.0,3.0,3,3,3,3.0,3,3.0,3,3,3,3.0,3,3.0,3,3.0,3.0,3,2,3,3.0,3,3.0,3.0,3.0,2.0,3,3,2,3.0,3,3.0,3,3.0,3,3.0,3.0,2,2.0,3.0,2.0,3.0,3.0,3.0,3,3.0,3.0,3,3.0,3,3,3,2.0,3.0,3.0,3.0,3,3.0,2,3,3.0,3,2,2,3.0,3,3.0,3.0,3.0,2,3,2,3.0,3.0,2,3,3.0,3,2.0,3,0.0,2,2,2,2,2,3.0,3.0,3.0,3,2,3,3.0,3.0,1,3,3.0,3,2.0,3.0,3.0,3.0,3.0,3,3.0,3.0,3.0,3,2.0,3.0,3.0,3.0,3.0,3.0,3.0,3.0,3,2,3.0,3.0,3,3,3.0,3,3.0,3,2,3.0,3.0,3.0,3,3,3,3,3.0,3.0,3,3.0,0,3.0,3,2.0,3.0,3,3,3,3.0,3,1.0,3.0,3,3.0,2,3.0,3.0,3.0,3.0,3.0,2.0,3.0,3.0,3.0,3,3.0,0.0,3,3.0,3,3.0,3,3.0,3,3,3,3.0,3,3,3.0,3.0,3.0,3.0,2,3.0,3.0,3.0,3,3.0,3,3.0,3.0,3.0,3.0,3,3,3.0,2.0,3,3,3,3.0,2,3.0,3.0,3.0,3.0,3.0,3.0,3.0,3.0,3,2,1.0,3,3.0,,3.0,3.0,3.0,3,3,3.0,3.0,3,3.0,3,3,3.0,3,3.0,3.0,3.0,3.0,3.0,3.0,3,2,3.0,3.0,3.0,3.0,3.0,3.0,2,3,3,3.0,3,3,3,2,3,3.0,3,1,3.0,3,3.0,3.0,3.0,3.0,3.0,3,3,3.0,3.0,3,3.0,3.0,3.0,3,3.0,3.0,1.0,3.0,3.0,3.0,2,3.0,,3,3.0,3.0,3,3.0,3.0,3.0,1,3.0,2,3.0,2.0,3,2.0,3.0,3.0,3.0,3.0,3.0,,3.0,3.0,3,3,3.0,3.0,3.0,3,3,3,3.0,3.0,3.0,2,3,3,3.0,2,3,3,2.0,3,3,,3,3,3,3,3.0,3,3.0,3.0,3.0,3.0,2.0,2.0,3.0,3,3.0,3.0,3,3.0,3.0,3.0,3.0,3.0,3.0,3,3.0,3.0,3.0,3.0,3,3.0,3,3,3,2.0,3.0,3,3.0,3.0,3.0,3.0,3.0,2.0,3,1.0,3.0,3.0,3.0,3.0,3.0,3,2,2,3.0,3.0,3.0,3,3.0,3,3.0,,3.0,,3.0,3,3.0,3,3.0,3.0,3,3.0,3.0,3.0,3.0,3.0,3.0,3.0,3.0,3.0,3.0,3.0,0,3.0,3.0,3.0,,3.0,3.0,3.0,3.0,0.0,3.0,3.0,3.0,3.0,3.0,3.0,3.0,3.0,,3.0,3.0,3.0,,3.0,3.0,,3.0,3.0,3.0,3.0,3.0,3.0,3.0,3.0,,3.0,3.0,3.0,3.0,3.0,3.0,3,3.0,,147,7,1.223785791068113,-0.2415771393752001
3.0,2,3,3,3,3,2,3.0,2,3.0,3,3,2,3,3.0,3,3.0,,3.0,2.0,3.0,3.0,3,3.0,3.0,2.0,3,3,2.0,3.0,2,2,3,3.0,2.0,2,3.0,3.0,3.0,3,3,2.0,3,3.0,2,3,3,3,3.0,3,3,3.0,2,3.0,3,3.0,3.0,3,3,3,3.0,3.0,3.0,3,3.0,3,2,3.0,3.0,3.0,3.0,3.0,2,3,3,3,3.0,1.0,3,1.0,3.0,3,3.0,3,3.0,2.0,3,3,3,3.0,3,3.0,3,3,3.0,2,3.0,3.0,2,3,3,3.0,3.0,3,3.0,3,3.0,3.0,3,3,3,3.0,2.0,3,3.0,3.0,3.0,3,3.0,3.0,3,3.0,3,3.0,3,3.0,3.0,3,3,0,2.0,3.0,3.0,3.0,3.0,3.0,3,3.0,3.0,3.0,3,3,3.0,3,3.0,3.0,3,3,3,3.0,3,1.0,3,3,3,3.0,3,3.0,3,3.0,3.0,3,3,3,3.0,3,3.0,3.0,3.0,3.0,3,3,2,3.0,3,0.0,3,2.0,2,3.0,3.0,3,3.0,3.0,3.0,3.0,3.0,3.0,3,3.0,3.0,2,3.0,2,3,3,3.0,3.0,3.0,3.0,3,3.0,2,2,3.0,3,3,3,3.0,3,3.0,3.0,3.0,2,2,3,3.0,3.0,3,1,3.0,3,3.0,3,3.0,3,3,3,0,2,3.0,3.0,3.0,2,3,3,3.0,2.0,3,3,3.0,2,2.0,3.0,3.0,3.0,3.0,3,3.0,3.0,3.0,2,2.0,3.0,3.0,3.0,2.0,3.0,3.0,1.0,2,2,3.0,3.0,0,3,3.0,3,3.0,3,2,3.0,3.0,3.0,3,2,3,3,3.0,3.0,3,3.0,3,3.0,3,3.0,3.0,3,3,3,3.0,3,3.0,3.0,3,3.0,3,3.0,3.0,3.0,3.0,3.0,3.0,2.0,3.0,3.0,3,3.0,3.0,3,3.0,3,3.0,3,3.0,3,3,3,3.0,2,3,3.0,3.0,3.0,3.0,2,3.0,3.0,3.0,3,3.0,2,3.0,3.0,3.0,3.0,0,2,3.0,3.0,2,3,3,3.0,3,2.0,3.0,3.0,3.0,3.0,3.0,3.0,3.0,3,3,3.0,3,3.0,3.0,3.0,3.0,,2,2,3.0,3.0,2,3.0,3,3,3.0,2,3.0,3.0,3.0,3.0,3.0,1.0,3,3,3.0,3.0,3.0,3.0,3.0,3.0,3,3,1,3.0,2,3,3,3,2,3.0,3,3,3.0,3,3.0,3.0,3.0,2.0,3.0,3,3,3.0,3.0,3,3.0,3.0,3.0,3,3.0,3.0,3.0,3.0,3.0,3.0,3,3.0,3.0,3,3.0,3.0,2,3.0,3.0,,2,3.0,3,3.0,3.0,3,3.0,3.0,3.0,3.0,3.0,3.0,3.0,3.0,3.0,3,3,3.0,3.0,3.0,3,3,3,3.0,3.0,3.0,2,3,3,3.0,3,1,2,3.0,3,2,,3,3,3,3,3.0,2,3.0,3.0,3.0,3.0,3.0,3.0,3.0,3,3.0,3.0,3,3.0,3.0,3.0,3.0,3.0,3.0,3,3.0,3.0,3.0,3.0,3,1.0,3,3,3,3.0,3.0,3,2.0,3.0,,3.0,3.0,3.0,3,3.0,3.0,3.0,3.0,3.0,2.0,3,3,1,3.0,3.0,3.0,3,2.0,3,3.0,3.0,3.0,3.0,3.0,3,3.0,2,3.0,3.0,2,3.0,3.0,3.0,3.0,3.0,3.0,3.0,3.0,3.0,1.0,3.0,3,3.0,3.0,,,3.0,3.0,3.0,2.0,3.0,3.0,3.0,3.0,2.0,3.0,3.0,3.0,3.0,,3.0,3.0,3.0,,3.0,3.0,3.0,3.0,3.0,3.0,3.0,3.0,3.0,3.0,3.0,,3.0,3.0,3.0,3.0,3.0,0.0,3,3.0,,148,7,1.2314781021897812,-0.288746504439006
,3,2,3,3,3,3,3.0,3,3.0,3,3,2,3,3.0,3,3.0,,3.0,3.0,3.0,3.0,3,,3.0,3.0,3,3,3.0,3.0,3,3,3,3.0,3.0,3,3.0,3.0,3.0,3,3,3.0,3,3.0,3,3,3,3,3.0,3,3,3.0,3,3.0,3,3.0,3.0,3,3,3,3.0,3.0,3.0,3,3.0,2,3,,3.0,3.0,,,3,3,2,3,3.0,3.0,3,3.0,3.0,3,3.0,3,3.0,3.0,3,3,3,,3,3.0,3,3,3.0,3,3.0,3.0,3,3,3,3.0,3.0,3,3.0,3,3.0,3.0,3,3,3,,3.0,3,3.0,3.0,3.0,3,3.0,3.0,3,1.0,3,,3,3.0,3.0,3,3,3,3.0,3.0,3.0,3.0,3.0,3.0,3,3.0,3.0,,3,3,3.0,3,,3.0,3,3,3,3.0,3,3.0,3,3,3,3.0,3,3.0,2,3.0,3.0,3,3,3,3.0,3,,3.0,3.0,3.0,3,3,3,3.0,3,3.0,3,3.0,3,3.0,3.0,3,3.0,3.0,1.0,3.0,3.0,3.0,3,3.0,3.0,3,,3,3,3,2.0,3.0,3.0,3.0,1,,3,3,3.0,3,3,3,3.0,3,,,3.0,3,2,3,1.0,3.0,3,3,1.0,3,3.0,3,3.0,2,3,2,3,3,3.0,3.0,3.0,2,3,2,3.0,3.0,2,3,3.0,3,3.0,,3.0,3.0,3.0,3,,3.0,3.0,3,2.0,,3.0,3.0,3.0,,3.0,3.0,3,3,3.0,0.0,3,3,3.0,3,3.0,3,3,3.0,3.0,3.0,3,3,3,3,3.0,3.0,3,,3,3.0,3,,,3,3,3,,3,3.0,3.0,3,,3,3.0,,,3.0,3.0,3.0,3.0,3.0,3.0,3,,3.0,1,,3,,3,3.0,3,3,3,,0,3,,2.0,3.0,3.0,2,3.0,3.0,,3,,3,3.0,2.0,3.0,3.0,3,3,3.0,3.0,2,3,3,3.0,2,,3.0,3.0,,3.0,,0.0,3.0,3,3,3.0,0,3.0,,1.0,3.0,,3,3,,,3,3.0,3,3,3.0,3,3.0,3.0,3.0,3.0,3.0,,3,3,,3.0,3.0,,3.0,3.0,3,3,3,3.0,3,3,3,3,3,3.0,2,3,3.0,3,3.0,3.0,3.0,2.0,3.0,3,2,,3.0,3,,3.0,3.0,3,3.0,3.0,3.0,3.0,,,3,3.0,,3,3.0,3.0,2,3.0,,,3,3.0,3,,3.0,3,3.0,3.0,3.0,3.0,3.0,,,3.0,2.0,3,3,3.0,3.0,3.0,0,3,3,3.0,3.0,3.0,0,3,3,3.0,3,3,3,3.0,3,3,,3,3,3,1,3.0,3,3.0,3.0,3.0,3.0,,3.0,3.0,3,2.0,3.0,3,3.0,3.0,3.0,3.0,3.0,3.0,2,3.0,3.0,3.0,1.0,3,3.0,2,3,3,3.0,,3,3.0,3.0,,,3.0,3.0,3,3.0,3.0,3.0,3.0,3.0,,3,3,3,3.0,3.0,,3,3.0,3,3.0,,3.0,,3.0,3,3.0,3,3.0,3.0,3,3.0,3.0,3.0,3.0,3.0,3.0,3.0,3.0,3.0,3.0,3.0,3,3.0,3.0,3.0,,3.0,3.0,,3.0,,,3.0,3.0,3.0,3.0,3.0,3.0,3.0,,3.0,,3.0,,3.0,3.0,3.0,3.0,3.0,3.0,,3.0,2.0,3.0,,,,,,3.0,,3.0,3,3.0,,149,7,1.4398529154263702,-0.17779513548039322
3.0,3,2,3,3,3,2,3.0,1,3.0,3,3,3,3,2.0,3,3.0,,3.0,2.0,3.0,2.0,2,3.0,2.0,3.0,3,3,3.0,,3,3,3,2.0,0.0,2,3.0,3.0,3.0,2,3,3.0,3,3.0,2,2,3,3,3.0,3,2,3.0,3,3.0,3,3.0,3.0,3,3,3,2.0,3.0,3.0,3,3.0,2,2,3.0,3.0,2.0,3.0,3.0,3,3,2,3,3.0,3.0,3,3.0,3.0,2,3.0,3,3.0,1.0,3,3,3,0.0,2,3.0,2,3,3.0,3,3.0,3.0,2,2,3,3.0,3.0,3,3.0,3,3.0,3.0,2,3,3,3.0,3.0,3,3.0,3.0,3.0,3,3.0,3.0,3,2.0,3,3.0,2,3.0,3.0,3,3,3,0.0,3.0,3.0,3.0,2.0,3.0,2,3.0,3.0,3.0,2,3,3.0,3,3.0,3.0,3,2,3,3.0,3,2.0,2,2,3,3.0,3,2.0,3,3.0,3.0,3,3,3,3.0,3,3.0,2.0,3.0,3.0,3,3,2,1.0,3,3.0,2,3.0,3,3.0,3.0,3,2.0,3.0,3.0,3.0,3.0,1.0,3,2.0,3.0,3,3.0,3,3,3,3.0,3.0,3.0,3.0,2,3.0,3,2,3.0,2,3,3,3.0,3,,3.0,3.0,3,2,3,3.0,3.0,3,2,3.0,2,3.0,3,3.0,3,2,3,3,3,3.0,3.0,3.0,2,3,3,3.0,3.0,3,3,3.0,2,3.0,3.0,3.0,3.0,3.0,3,3.0,3.0,3.0,3,3.0,3.0,3.0,3.0,3.0,1.0,3.0,3.0,3,2,3.0,3.0,1,3,3.0,3,3.0,3,3,3.0,3.0,3.0,3,3,3,3,3.0,3.0,3,3.0,3,3.0,1,3.0,3.0,2,3,3,3.0,3,3.0,3.0,3,3.0,3,3.0,3.0,3.0,3.0,3.0,3.0,3.0,3.0,3.0,3,3.0,3.0,0,3.0,3,3.0,2,3.0,3,3,3,3.0,3,3,3.0,2.0,3.0,3.0,2,3.0,3.0,3.0,3,3.0,3,3.0,3.0,3.0,3.0,3,3,3.0,3.0,3,3,2,3.0,3,3.0,2.0,3.0,3.0,3.0,3.0,3.0,3.0,3,3,3.0,3,3.0,3.0,3.0,3.0,0.0,2,3,3.0,3.0,3,3.0,2,3,3.0,3,2.0,3.0,3.0,3.0,3.0,3.0,3,3,3.0,2.0,3.0,3.0,3.0,3.0,3,3,2,3.0,3,3,0,3,2,3.0,2,2,2.0,2,3.0,2.0,2.0,2.0,3.0,3,1,3.0,3.0,2,2.0,2.0,3.0,2,3.0,3.0,3.0,3.0,3.0,3.0,3,3.0,3.0,3,3.0,3.0,2,2.0,3.0,,3,3.0,3,3.0,2.0,3,3.0,3.0,3.0,3.0,3.0,3.0,,3.0,3.0,2,3,3.0,3.0,3.0,3,3,3,3.0,2.0,3.0,2,2,3,3.0,3,3,2,3.0,3,3,,3,3,3,3,3.0,2,3.0,2.0,2.0,3.0,2.0,3.0,3.0,2,2.0,3.0,3,3.0,3.0,3.0,3.0,2.0,3.0,3,2.0,3.0,2.0,3.0,3,3.0,1,3,3,3.0,3.0,2,1.0,3.0,,3.0,3.0,3.0,2,3.0,3.0,3.0,1.0,3.0,3.0,3,1,2,2.0,3.0,3.0,2,2.0,3,2.0,3.0,3.0,3.0,3.0,3,3.0,3,3.0,3.0,2,3.0,3.0,3.0,3.0,3.0,3.0,3.0,3.0,3.0,3.0,3.0,3,3.0,3.0,3.0,3.0,3.0,3.0,,3.0,3.0,3.0,3.0,3.0,3.0,3.0,3.0,3.0,3.0,,2.0,3.0,3.0,,3.0,3.0,3.0,3.0,3.0,3.0,3.0,2.0,3.0,3.0,,,3.0,,3.0,3.0,3.0,,3,3.0,3.0,150,7,1.1692562504929411,-0.28030459911715344
2.0,3,3,3,3,2,3,3.0,2,3.0,3,3,2,3,3.0,3,3.0,,3.0,3.0,3.0,3.0,2,2.0,2.0,3.0,3,3,3.0,3.0,3,3,2,2.0,3.0,3,3.0,3.0,3.0,1,3,3.0,3,3.0,2,0,3,3,3.0,3,3,1.0,3,3.0,3,3.0,3.0,3,3,3,3.0,3.0,3.0,3,3.0,2,3,3.0,3.0,3.0,3.0,2.0,3,3,2,3,3.0,3.0,2,3.0,3.0,1,3.0,3,3.0,2.0,3,3,3,,3,2.0,3,3,3.0,3,3.0,3.0,2,3,3,3.0,3.0,3,2.0,3,3.0,3.0,3,0,1,3.0,3.0,3,3.0,3.0,3.0,3,3.0,3.0,3,3.0,3,3.0,3,3.0,3.0,3,2,3,3.0,3.0,3.0,3.0,3.0,3.0,3,3.0,3.0,,2,3,3.0,3,3.0,3.0,3,2,2,3.0,3,3.0,3,3,3,3.0,3,3.0,3,3.0,3.0,3,2,0,3.0,3,3.0,3.0,3.0,3.0,3,3,3,3.0,3,3.0,3,3.0,3,3.0,3.0,3,3.0,3.0,3.0,3.0,3.0,3.0,3,2.0,3.0,3,,3,2,3,3.0,3.0,3.0,3.0,3,3.0,3,3,3.0,3,2,2,3.0,3,3.0,3.0,3.0,3,2,3,3.0,3.0,3,3,3.0,3,3.0,2,3.0,2,2,2,3,2,3.0,3.0,3.0,2,3,3,3.0,3.0,2,3,3.0,3,3.0,3.0,3.0,3.0,3.0,3,3.0,3.0,3.0,2,3.0,3.0,3.0,3.0,3.0,3.0,3.0,3.0,3,2,3.0,3.0,3,3,3.0,3,3.0,3,2,2.0,3.0,3.0,3,3,3,2,3.0,3.0,3,3.0,3,3.0,3,2.0,3.0,0,3,3,3.0,3,3.0,3.0,3,,3,3.0,3.0,3.0,3.0,3.0,3.0,1.0,1.0,2.0,3,3.0,3.0,3,3.0,3,3.0,3,3.0,3,3,3,3.0,3,3,3.0,3.0,3.0,3.0,2,3.0,3.0,3.0,3,3.0,3,3.0,3.0,3.0,3.0,3,3,3.0,3.0,3,3,3,2.0,3,3.0,3.0,3.0,3.0,3.0,3.0,3.0,3.0,3,3,3.0,3,3.0,3.0,3.0,3.0,,3,3,3.0,3.0,3,3.0,3,3,3.0,3,2.0,3.0,3.0,3.0,3.0,3.0,3,3,3.0,3.0,3.0,3.0,3.0,3.0,3,3,3,3.0,3,3,3,3,3,3.0,3,3,3.0,2,3.0,3.0,3.0,3.0,3.0,3,3,3.0,2.0,3,3.0,3.0,3.0,3,3.0,3.0,3.0,3.0,3.0,3.0,2,3.0,3.0,3,3.0,3.0,3,3.0,0.0,,3,3.0,3,3.0,3.0,3,3.0,3.0,3.0,3.0,1.0,3.0,,3.0,3.0,1,3,3.0,1.0,3.0,3,3,3,3.0,3.0,3.0,2,3,3,3.0,2,3,2,3.0,3,3,,3,2,3,3,3.0,3,3.0,2.0,3.0,3.0,3.0,3.0,3.0,2,3.0,3.0,3,3.0,3.0,3.0,3.0,3.0,3.0,3,3.0,3.0,3.0,3.0,3,3.0,3,3,3,3.0,1.0,3,3.0,3.0,,2.0,3.0,3.0,3,3.0,3.0,3.0,2.0,3.0,3.0,3,1,3,3.0,3.0,3.0,3,3.0,3,2.0,3.0,3.0,,3.0,3,3.0,3,,3.0,3,3.0,3.0,3.0,3.0,3.0,3.0,3.0,3.0,3.0,3.0,3.0,3,3.0,3.0,3.0,,3.0,3.0,,3.0,3.0,2.0,3.0,3.0,3.0,3.0,3.0,3.0,3.0,3.0,3.0,,3.0,,3.0,3.0,3.0,3.0,3.0,3.0,3.0,3.0,3.0,3.0,,,,,3.0,3.0,3.0,,3,3.0,0.0,151,7,1.2524494475713988,-0.2320640354983855
2.0,3,3,3,3,4,2,3.0,3,3.0,3,4,3,3,3.0,4,3.0,4.0,3.0,3.0,3.0,3.0,3,3.0,3.0,3.0,3,3,3.0,0.0,3,3,3,3.0,3.0,2,1.0,3.0,3.0,3,3,3.0,3,1.0,3,3,3,3,3.0,3,2,3.0,3,4.0,3,3.0,3.0,3,3,3,0.0,4.0,3.0,3,3.0,3,3,4.0,4.0,3.0,3.0,3.0,3,3,3,3,3.0,3.0,3,4.0,3.0,3,3.0,3,3.0,2.0,2,3,3,4.0,3,3.0,3,3,3.0,3,3.0,3.0,3,3,4,3.0,3.0,3,3.0,3,3.0,3.0,1,3,3,3.0,3.0,3,3.0,4.0,3.0,3,4.0,3.0,3,3.0,3,3.0,3,3.0,4.0,3,3,3,2.0,3.0,3.0,3.0,3.0,3.0,3,3.0,0.0,4.0,2,3,2.0,3,3.0,3.0,3,3,3,3.0,1,3.0,2,3,3,3.0,3,3.0,3,4.0,3.0,3,3,3,3.0,3,4.0,3.0,3.0,3.0,3,3,3,3.0,3,3.0,3,3.0,3,3.0,4.0,3,3.0,4.0,3.0,3.0,3.0,4.0,3,3.0,4.0,3,3.0,3,3,4,3.0,3.0,4.0,4.0,2,4.0,4,3,3.0,3,3,4,3.0,3,4.0,4.0,3.0,4,3,3,3.0,4.0,3,3,3.0,3,3.0,3,4.0,2,4,3,3,3,3.0,3.0,3.0,3,3,4,4.0,4.0,3,3,3.0,3,4.0,4.0,4.0,3.0,4.0,3,4.0,4.0,4.0,3,3.0,4.0,3.0,4.0,4.0,4.0,3.0,4.0,4,3,4.0,3.0,3,3,4.0,3,4.0,3,4,4.0,3.0,3.0,3,4,3,3,4.0,3.0,1,0.0,4,3.0,2,4.0,4.0,3,3,3,3.0,4,4.0,4.0,3,4.0,3,3.0,3.0,3.0,4.0,4.0,3.0,3.0,3.0,3.0,3,3.0,4.0,3,4.0,3,4.0,3,3.0,3,3,3,4.0,3,3,3.0,3.0,3.0,4.0,3,3.0,3.0,4.0,2,3.0,3,3.0,3.0,3.0,4.0,3,3,4.0,3.0,3,3,3,3.0,2,4.0,4.0,3.0,4.0,4.0,4.0,4.0,4.0,3,3,3.0,3,3.0,3.0,4.0,4.0,4.0,3,3,4.0,2.0,3,3.0,3,3,4.0,3,3.0,4.0,3.0,3.0,3.0,4.0,2,3,4.0,3.0,3.0,4.0,3.0,4.0,3,3,3,3.0,3,2,3,3,3,3.0,3,3,3.0,3,3.0,2.0,3.0,3.0,3.0,3,3,3.0,3.0,3,3.0,3.0,3.0,3,3.0,3.0,3.0,3.0,3.0,2.0,3,4.0,4.0,3,4.0,3.0,3,3.0,3.0,4.0,3,4.0,3,4.0,3.0,3,3.0,3.0,4.0,4.0,4.0,4.0,4.0,4.0,4.0,3,3,3.0,4.0,4.0,3,4,3,4.0,3.0,3.0,3,3,2,4.0,3,3,3,3.0,3,3,4.0,3,3,1,3,3.0,3,4.0,1.0,3.0,3.0,3.0,3.0,3.0,3,3.0,3.0,4,3.0,2.0,3.0,3.0,3.0,3.0,3,3.0,3.0,4.0,4.0,3,4.0,3,3,3,4.0,4.0,3,3.0,4.0,4.0,3.0,4.0,3.0,3,3.0,3.0,3.0,3.0,3.0,3.0,3,3,3,3.0,0.0,4.0,3,3.0,3,3.0,4.0,3.0,4.0,4.0,3,4.0,3,3.0,3.0,3,3.0,3.0,3.0,3.0,3.0,3.0,4.0,3.0,2.0,3.0,3.0,4,3.0,3.0,4.0,4.0,4.0,3.0,4.0,4.0,4.0,3.0,3.0,2.0,2.0,4.0,4.0,4.0,3.0,4.0,0.0,4.0,3.0,4.0,3.0,4.0,4.0,4.0,3.0,3.0,3.0,3.0,3.0,3.0,4.0,4.0,4.0,4.0,4.0,3.0,4.0,3.0,1,3.0,4.0,152,7,1.1899330194309967,-0.45658728516866526
3.0,2,1,3,3,2,3,3.0,3,3.0,3,3,2,3,2.0,3,3.0,,3.0,3.0,3.0,3.0,3,,3.0,3.0,3,3,3.0,,3,3,3,2.0,,3,,,3.0,2,3,3.0,3,3.0,3,3,3,3,3.0,3,3,3.0,3,3.0,3,3.0,3.0,3,3,2,3.0,,3.0,3,3.0,3,3,3.0,3.0,3.0,,3.0,3,3,3,3,3.0,3.0,2,3.0,3.0,3,3.0,3,3.0,3.0,3,3,3,,3,3.0,3,3,3.0,2,,3.0,3,3,2,3.0,3.0,3,3.0,2,,3.0,3,3,3,3.0,3.0,3,3.0,3.0,3.0,3,,3.0,3,,2,3.0,3,3.0,3.0,3,3,0,3.0,2.0,3.0,3.0,3.0,3.0,3,3.0,3.0,,2,3,3.0,3,3.0,3.0,3,3,3,3.0,3,3.0,2,3,3,3.0,3,3.0,3,3.0,3.0,3,3,3,3.0,3,3.0,3.0,3.0,3.0,3,3,3,2.0,3,3.0,2,3.0,3,3.0,3.0,3,3.0,3.0,3.0,3.0,3.0,2.0,3,3.0,3.0,3,,3,3,3,3.0,3.0,3.0,,3,,3,1,3.0,3,3,3,3.0,3,3.0,,3.0,3,3,3,,3.0,3,2,3.0,3,,3,2.0,3,3,3,3,3,3.0,3.0,3.0,3,3,3,1.0,3.0,3,3,3.0,3,3.0,,,3.0,3.0,3,3.0,3.0,,3,3.0,,3.0,,,,3.0,,3,3,3.0,3.0,3,3,3.0,3,,3,3,3.0,,3.0,3,3,3,2,,,3,3.0,3,,3,3.0,3.0,3,3,2,3.0,0,3.0,3.0,2,,3,3.0,,,3.0,,3.0,3.0,3.0,3.0,3,3.0,3.0,3,3.0,3,3.0,3,3.0,3,2,3,3.0,2,3,3.0,3.0,3.0,2.0,3,3.0,2.0,3.0,3,3.0,3,3.0,1.0,3.0,3.0,3,3,0.0,3.0,3,3,3,3.0,3,3.0,3.0,3.0,3.0,3.0,1.0,3.0,3.0,3,3,3.0,3,3.0,3.0,3.0,3.0,3.0,3,3,3.0,3.0,3,3.0,3,3,3.0,1,3.0,3.0,3.0,3.0,3.0,,3,3,3.0,3.0,3.0,,3.0,3.0,3,3,3,0.0,3,3,3,3,3,3.0,3,3,3.0,3,3.0,3.0,3.0,3.0,3.0,0,3,3.0,3.0,3,,3.0,3.0,3,,3.0,3.0,1.0,3.0,3.0,3,3.0,,3,3.0,3.0,3,3.0,3.0,,2,,3,3.0,3.0,3,3.0,,3.0,3.0,3.0,3.0,,3.0,3.0,3,3,3.0,3.0,,3,3,3,3.0,3.0,3.0,2,3,3,3.0,0,3,2,3.0,3,3,,3,3,3,3,3.0,3,3.0,3.0,3.0,3.0,3.0,3.0,2.0,3,3.0,3.0,3,3.0,2.0,3.0,3.0,3.0,3.0,3,3.0,3.0,3.0,3.0,3,3.0,3,3,3,3.0,3.0,3,3.0,3.0,,3.0,,3.0,3,,,3.0,3.0,3.0,,3,3,2,3.0,3.0,3.0,3,3.0,3,1.0,,3.0,,3.0,3,3.0,3,3.0,3.0,3,3.0,3.0,3.0,3.0,3.0,,3.0,,3.0,3.0,3.0,3,,3.0,,,3.0,3.0,3.0,3.0,,3.0,3.0,3.0,3.0,,3.0,3.0,,,,3.0,,,3.0,3.0,3.0,3.0,3.0,3.0,3.0,3.0,,,,,,,3.0,3.0,,,3,,,153,7,1.379522071025556,-0.12394075498501668
3.0,3,3,3,4,3,4,4.0,4,4.0,3,4,3,4,4.0,4,4.0,,4.0,4.0,4.0,4.0,3,4.0,4.0,2.0,4,4,4.0,4.0,3,1,4,4.0,4.0,4,4.0,4.0,4.0,3,3,4.0,4,4.0,3,3,3,3,4.0,4,3,4.0,4,4.0,3,4.0,3.0,4,4,4,4.0,4.0,3.0,4,4.0,4,3,4.0,4.0,4.0,4.0,4.0,2,3,4,3,4.0,4.0,3,4.0,4.0,3,4.0,3,4.0,3.0,4,1,3,4.0,4,4.0,3,4,4.0,3,4.0,4.0,4,2,4,0.0,4.0,4,4.0,4,4.0,4.0,3,4,3,4.0,3.0,4,3.0,4.0,4.0,3,4.0,3.0,4,2.0,4,4.0,3,3.0,3.0,4,4,4,3.0,4.0,4.0,4.0,4.0,4.0,4,4.0,4.0,4.0,4,4,3.0,4,4.0,4.0,4,3,4,2.0,4,4.0,4,4,4,4.0,4,4.0,4,3.0,4.0,4,4,4,4.0,4,4.0,4.0,4.0,3.0,3,4,3,4.0,4,4.0,3,4.0,4,4.0,4.0,4,4.0,4.0,4.0,4.0,4.0,4.0,4,4.0,4.0,3,4.0,4,3,1,3.0,4.0,4.0,4.0,4,4.0,3,3,4.0,4,4,3,4.0,3,4.0,4.0,4.0,4,3,4,4.0,3.0,4,3,4.0,4,4.0,3,4.0,3,4,3,4,4,4.0,4.0,3.0,4,1,4,4.0,4.0,4,4,4.0,3,4.0,4.0,4.0,4.0,3.0,4,4.0,4.0,4.0,3,4.0,4.0,4.0,2.0,4.0,4.0,4.0,4.0,3,3,4.0,4.0,0,3,4.0,4,4.0,3,3,4.0,4.0,4.0,3,3,4,4,4.0,3.0,4,0.0,4,4.0,4,3.0,4.0,2,4,4,4.0,4,3.0,4.0,3,4.0,4,4.0,4.0,4.0,4.0,4.0,4.0,4.0,4.0,0.0,4,4.0,4.0,4,4.0,3,4.0,3,4.0,4,3,4,4.0,4,4,4.0,4.0,3.0,4.0,3,4.0,4.0,3.0,4,4.0,3,4.0,4.0,4.0,4.0,3,4,4.0,4.0,4,4,3,4.0,4,4.0,4.0,4.0,4.0,4.0,4.0,4.0,4.0,4,3,3.0,3,4.0,4.0,4.0,4.0,4.0,3,3,3.0,4.0,4,4.0,2,4,4.0,4,4.0,4.0,4.0,4.0,4.0,4.0,4,4,4.0,4.0,3.0,4.0,4.0,3.0,4,4,3,4.0,4,3,4,4,4,4.0,3,4,4.0,3,4.0,3.0,4.0,3.0,4.0,4,4,4.0,3.0,4,4.0,4.0,4.0,3,4.0,4.0,4.0,4.0,4.0,4.0,4,4.0,4.0,4,4.0,4.0,4,4.0,4.0,0.0,4,4.0,4,4.0,4.0,3,4.0,4.0,4.0,4.0,4.0,4.0,,4.0,4.0,4,4,4.0,4.0,4.0,3,4,4,3.0,0.0,4.0,3,3,3,4.0,4,3,3,4.0,4,3,,4,4,4,4,3.0,3,4.0,4.0,4.0,4.0,4.0,4.0,4.0,3,4.0,4.0,4,4.0,4.0,4.0,4.0,4.0,4.0,4,4.0,4.0,4.0,4.0,4,4.0,4,4,4,3.0,4.0,3,4.0,4.0,4.0,4.0,4.0,4.0,4,4.0,4.0,4.0,3.0,4.0,4.0,4,3,4,3.0,3.0,4.0,4,4.0,4,3.0,4.0,3.0,4.0,4.0,2,4.0,4,4.0,4.0,3,4.0,4.0,4.0,4.0,4.0,4.0,4.0,4.0,2.0,3.0,4.0,4,4.0,4.0,4.0,4.0,4.0,4.0,4.0,4.0,4.0,3.0,4.0,4.0,4.0,4.0,4.0,4.0,4.0,4.0,4.0,4.0,4.0,4.0,3.0,4.0,4.0,4.0,4.0,4.0,4.0,3.0,4.0,3.0,4.0,4.0,4.0,4.0,4.0,4.0,4.0,,3,4.0,,154,7,1.2345787915065214,-0.37862122343050736
3.0,3,3,4,4,3,3,3.0,3,4.0,4,4,3,4,3.0,3,0.0,4.0,3.0,3.0,3.0,3.0,3,3.0,3.0,4.0,3,3,4.0,0.0,3,2,3,3.0,1.0,3,4.0,3.0,4.0,3,4,3.0,3,3.0,2,3,3,3,4.0,3,3,3.0,4,4.0,4,4.0,2.0,3,3,4,0.0,3.0,2.0,4,3.0,3,3,4.0,4.0,2.0,4.0,3.0,3,3,3,3,3.0,3.0,2,4.0,4.0,3,3.0,3,3.0,3.0,3,3,3,4.0,3,3.0,3,4,3.0,3,4.0,3.0,4,2,3,3.0,3.0,3,3.0,3,4.0,3.0,3,3,3,3.0,3.0,3,2.0,4.0,3.0,3,4.0,3.0,3,3.0,3,4.0,3,3.0,4.0,3,4,3,3.0,4.0,3.0,3.0,3.0,3.0,2,2.0,3.0,4.0,3,3,3.0,4,4.0,3.0,3,3,3,4.0,3,3.0,3,3,4,3.0,3,3.0,3,4.0,3.0,3,4,3,4.0,3,4.0,4.0,3.0,3.0,3,3,4,3.0,4,4.0,3,3.0,4,4.0,4.0,3,3.0,4.0,4.0,3.0,4.0,4.0,3,4.0,4.0,3,4.0,3,3,3,3.0,4.0,4.0,3.0,2,4.0,3,3,3.0,3,3,3,3.0,3,4.0,4.0,4.0,4,2,4,3.0,4.0,3,3,4.0,3,3.0,3,4.0,3,3,3,4,3,4.0,4.0,3.0,3,3,4,4.0,4.0,3,3,4.0,3,3.0,4.0,3.0,4.0,3.0,3,3.0,4.0,4.0,3,4.0,4.0,4.0,4.0,3.0,4.0,4.0,1.0,3,3,4.0,3.0,3,3,4.0,4,4.0,3,4,4.0,4.0,3.0,4,4,3,3,4.0,3.0,3,4.0,3,4.0,3,4.0,4.0,3,4,3,4.0,4,4.0,4.0,4,4.0,3,3.0,3.0,3.0,4.0,4.0,4.0,3.0,4.0,4.0,3,4.0,4.0,3,4.0,3,4.0,3,4.0,3,3,3,4.0,3,4,3.0,3.0,3.0,4.0,3,4.0,4.0,0.0,4,4.0,3,3.0,4.0,3.0,4.0,3,4,4.0,3.0,3,3,3,4.0,4,4.0,4.0,4.0,4.0,3.0,4.0,4.0,4.0,3,3,3.0,3,4.0,4.0,4.0,4.0,4.0,3,1,4.0,3.0,2,4.0,3,3,4.0,3,3.0,3.0,4.0,3.0,3.0,3.0,3,4,2.0,3.0,3.0,4.0,3.0,3.0,4,3,3,3.0,3,3,3,3,3,3.0,3,4,3.0,3,3.0,3.0,2.0,2.0,0.0,3,1,4.0,3.0,3,3.0,3.0,4.0,4,4.0,2.0,3.0,4.0,3.0,4.0,3,4.0,4.0,0,3.0,4.0,3,3.0,4.0,2.0,4,4.0,4,4.0,4.0,4,4.0,3.0,3.0,4.0,4.0,4.0,4.0,3.0,3.0,3,3,3.0,4.0,4.0,2,4,3,4.0,3.0,3.0,3,4,3,4.0,3,4,4,4.0,3,4,4.0,3,4,4,4,3.0,3,3.0,3.0,4.0,3.0,4.0,3.0,3.0,3,3.0,4.0,4,4.0,4.0,4.0,4.0,3.0,4.0,3,1.0,2.0,3.0,4.0,3,4.0,4,4,3,4.0,4.0,3,3.0,4.0,4.0,4.0,3.0,3.0,3,4.0,4.0,3.0,3.0,4.0,4.0,3,3,3,2.0,4.0,4.0,3,3.0,4,3.0,4.0,4.0,4.0,4.0,3,3.0,2,3.0,3.0,4,3.0,4.0,3.0,3.0,4.0,3.0,3.0,4.0,3.0,3.0,4.0,4,3.0,3.0,3.0,4.0,4.0,4.0,4.0,4.0,4.0,4.0,3.0,3.0,4.0,4.0,3.0,4.0,3.0,4.0,3.0,4.0,3.0,4.0,3.0,4.0,4.0,4.0,3.0,4.0,4.0,3.0,3.0,3.0,4.0,4.0,4.0,4.0,1.0,3.0,4.0,4.0,3,3.0,4.0,155,7,1.1611099161109917,-0.4544312612296322
3.0,3,3,2,3,3,3,3.0,3,3.0,3,3,3,3,4.0,3,4.0,4.0,3.0,3.0,3.0,3.0,3,3.0,3.0,3.0,3,3,3.0,3.0,3,3,3,3.0,4.0,3,3.0,3.0,3.0,3,3,3.0,3,3.0,4,3,3,3,3.0,3,3,3.0,3,4.0,4,3.0,3.0,3,3,3,3.0,3.0,3.0,3,4.0,3,3,3.0,3.0,3.0,4.0,3.0,1,3,3,3,4.0,4.0,3,3.0,3.0,3,3.0,3,3.0,3.0,3,3,3,4.0,3,3.0,2,0,4.0,3,3.0,3.0,3,3,3,3.0,3.0,2,2.0,2,3.0,3.0,2,3,3,1.0,3.0,3,3.0,3.0,3.0,3,4.0,3.0,3,3.0,3,3.0,3,3.0,3.0,3,1,3,2.0,0.0,4.0,4.0,2.0,4.0,3,4.0,3.0,4.0,3,3,3.0,3,3.0,3.0,3,3,2,4.0,3,3.0,3,3,3,3.0,3,3.0,3,3.0,3.0,3,3,3,3.0,4,4.0,3.0,3.0,2.0,3,3,3,4.0,3,3.0,3,3.0,4,3.0,3.0,3,3.0,4.0,4.0,3.0,3.0,4.0,3,3.0,4.0,3,4.0,3,3,3,3.0,3.0,4.0,3.0,3,4.0,3,3,2.0,3,3,3,3.0,3,4.0,3.0,0.0,3,3,3,3.0,4.0,3,3,3.0,3,3.0,2,3.0,3,3,3,3,2,2.0,3.0,3.0,3,3,3,3.0,3.0,3,3,4.0,3,3.0,3.0,3.0,3.0,3.0,3,3.0,4.0,4.0,1,3.0,4.0,4.0,4.0,3.0,4.0,4.0,4.0,3,3,3.0,3.0,3,3,4.0,3,3.0,3,3,4.0,3.0,4.0,4,3,3,3,4.0,3.0,3,4.0,4,3.0,3,2.0,4.0,3,3,3,3.0,3,4.0,4.0,3,3.0,3,3.0,3.0,4.0,4.0,4.0,3.0,3.0,3.0,3.0,3,4.0,3.0,3,3.0,3,4.0,3,3.0,2,3,3,4.0,3,3,3.0,3.0,3.0,4.0,3,3.0,3.0,3.0,2,4.0,3,3.0,3.0,3.0,4.0,4,3,3.0,3.0,3,3,3,3.0,2,3.0,3.0,4.0,3.0,4.0,4.0,3.0,4.0,4,3,3.0,3,3.0,4.0,3.0,3.0,4.0,3,3,3.0,4.0,3,3.0,3,3,4.0,3,4.0,4.0,3.0,3.0,4.0,4.0,1,3,2.0,4.0,3.0,3.0,3.0,4.0,3,3,3,3.0,4,3,4,4,3,4.0,3,3,3.0,4,3.0,3.0,3.0,3.0,4.0,3,3,3.0,4.0,3,4.0,3.0,3.0,3,3.0,4.0,3.0,3.0,3.0,4.0,3,4.0,4.0,3,3.0,3.0,3,3.0,4.0,3.0,3,4.0,3,4.0,4.0,3,3.0,0.0,3.0,4.0,3.0,3.0,4.0,4.0,3.0,3,4,2.0,4.0,3.0,3,0,3,3.0,3.0,4.0,3,3,3,4.0,3,3,3,2.0,3,3,4.0,3,3,3,3,4.0,4,3.0,3.0,3.0,3.0,3.0,3.0,3.0,3,4.0,3.0,3,3.0,4.0,3.0,4.0,3.0,3.0,3,4.0,4.0,3.0,4.0,1,3.0,3,0,3,4.0,3.0,3,3.0,3.0,4.0,4.0,3.0,3.0,3,3.0,3.0,3.0,3.0,2.0,4.0,3,4,3,4.0,3.0,1.0,4,4.0,3,3.0,4.0,3.0,4.0,4.0,3,3.0,3,3.0,3.0,3,4.0,4.0,2.0,4.0,3.0,3.0,3.0,3.0,3.0,3.0,4.0,3,3.0,3.0,4.0,4.0,3.0,3.0,4.0,3.0,3.0,3.0,3.0,4.0,3.0,3.0,3.0,4.0,3.0,4.0,4.0,4.0,4.0,4.0,4.0,4.0,4.0,4.0,3.0,4.0,4.0,3.0,3.0,4.0,4.0,4.0,4.0,4.0,4.0,4.0,2.0,4.0,3,3.0,4.0,156,7,1.1950178389398574,-0.4715391693664031
3.0,3,3,4,3,4,4,4.0,3,4.0,1,4,3,4,4.0,3,4.0,4.0,4.0,3.0,4.0,3.0,4,3.0,3.0,3.0,4,3,3.0,4.0,3,4,4,4.0,4.0,2,4.0,4.0,4.0,3,3,3.0,3,4.0,3,4,4,4,4.0,4,3,3.0,3,4.0,4,4.0,4.0,4,4,4,4.0,4.0,4.0,3,4.0,3,4,3.0,4.0,3.0,4.0,3.0,3,3,3,4,4.0,4.0,3,3.0,4.0,4,3.0,2,4.0,4.0,2,3,3,4.0,4,4.0,2,3,4.0,3,4.0,3.0,1,4,2,4.0,3.0,3,4.0,4,4.0,4.0,3,4,4,4.0,4.0,4,3.0,4.0,4.0,3,4.0,3.0,3,4.0,3,4.0,2,4.0,4.0,3,3,3,4.0,3.0,3.0,4.0,3.0,3.0,3,4.0,3.0,4.0,3,3,3.0,4,4.0,4.0,3,3,4,4.0,3,4.0,4,3,4,4.0,3,3.0,3,4.0,4.0,3,3,4,4.0,4,4.0,4.0,4.0,4.0,4,4,3,4.0,4,4.0,3,3.0,3,4.0,0.0,3,4.0,4.0,4.0,4.0,4.0,4.0,3,4.0,4.0,3,4.0,3,3,3,4.0,4.0,4.0,4.0,3,4.0,4,4,4.0,3,3,0,4.0,3,4.0,4.0,3.0,3,3,4,3.0,4.0,4,4,4.0,4,3.0,4,4.0,3,4,4,4,3,4.0,4.0,4.0,3,3,4,4.0,4.0,3,4,4.0,3,4.0,4.0,4.0,3.0,4.0,4,4.0,4.0,3.0,3,4.0,4.0,3.0,4.0,4.0,4.0,4.0,4.0,3,4,4.0,4.0,3,3,4.0,4,4.0,3,2,4.0,4.0,4.0,4,4,4,3,4.0,3.0,3,4.0,4,4.0,3,3.0,2.0,3,4,3,4.0,4,3.0,4.0,4,4.0,3,4.0,3.0,4.0,4.0,4.0,4.0,4.0,3.0,4.0,3,4.0,4.0,3,4.0,4,4.0,3,3.0,4,4,3,4.0,4,4,4.0,4.0,3.0,3.0,4,4.0,4.0,4.0,4,4.0,3,4.0,3.0,4.0,4.0,4,4,4.0,4.0,4,4,3,4.0,4,4.0,4.0,4.0,4.0,4.0,4.0,4.0,4.0,4,3,2.0,4,3.0,4.0,4.0,4.0,4.0,4,3,4.0,4.0,4,4.0,4,4,4.0,4,4.0,4.0,4.0,4.0,4.0,3.0,2,3,4.0,3.0,3.0,4.0,4.0,3.0,3,3,4,4.0,3,4,3,3,3,3.0,3,3,4.0,4,4.0,4.0,3.0,3.0,4.0,1,3,4.0,4.0,3,4.0,3.0,4.0,4,4.0,4.0,0.0,4.0,3.0,4.0,3,4.0,4.0,4,4.0,4.0,3,4.0,4.0,4.0,3,4.0,4,4.0,4.0,3,3.0,4.0,4.0,4.0,4.0,4.0,4.0,4.0,4.0,4,4,4.0,4.0,4.0,4,4,3,4.0,3.0,4.0,3,0,3,4.0,3,4,4,4.0,4,4,,4,4,4,4,4.0,4,3.0,4.0,3.0,4.0,3.0,4.0,3.0,4,4.0,4.0,3,4.0,4.0,4.0,4.0,4.0,4.0,4,4.0,4.0,3.0,4.0,4,4.0,4,4,3,4.0,4.0,4,4.0,4.0,4.0,3.0,4.0,4.0,4,4.0,4.0,4.0,4.0,4.0,4.0,2,3,3,4.0,4.0,4.0,3,4.0,3,4.0,4.0,3.0,0.0,4.0,4,4.0,3,4.0,4.0,3,0.0,4.0,3.0,4.0,4.0,3.0,4.0,4.0,3.0,3.0,4.0,4,4.0,4.0,4.0,4.0,4.0,4.0,4.0,4.0,4.0,4.0,4.0,3.0,4.0,4.0,4.0,4.0,3.0,4.0,1.0,4.0,4.0,4.0,3.0,4.0,4.0,1.0,4.0,4.0,4.0,4.0,3.0,4.0,4.0,4.0,4.0,4.0,4.0,4.0,4.0,4.0,4,4.0,,157,7,1.1880063965884862,-0.46235628137573864
3.0,3,3,4,3,3,3,4.0,3,4.0,3,3,3,3,4.0,3,3.0,4.0,3.0,1.0,4.0,3.0,3,3.0,3.0,3.0,3,3,4.0,4.0,3,3,3,3.0,3.0,2,4.0,4.0,4.0,3,3,3.0,3,3.0,3,3,3,3,4.0,3,3,3.0,3,4.0,4,3.0,3.0,3,3,3,2.0,0.0,3.0,3,4.0,3,3,0.0,4.0,3.0,3.0,3.0,3,3,3,4,3.0,3.0,3,4.0,4.0,3,3.0,3,4.0,3.0,3,3,3,4.0,4,3.0,3,3,3.0,3,4.0,4.0,3,3,3,4.0,2.0,3,3.0,3,3.0,2.0,3,2,3,3.0,3.0,3,3.0,3.0,3.0,3,3.0,3.0,3,3.0,3,4.0,3,3.0,3.0,2,3,4,2.0,3.0,4.0,3.0,3.0,4.0,2,3.0,3.0,4.0,3,3,3.0,3,4.0,4.0,3,2,3,3.0,3,3.0,3,3,4,3.0,3,3.0,3,4.0,1.0,0,3,3,3.0,3,3.0,3.0,2.0,3.0,3,3,3,4.0,3,3.0,3,3.0,3,4.0,4.0,3,3.0,3.0,4.0,2.0,3.0,4.0,3,3.0,4.0,3,4.0,3,3,3,4.0,3.0,4.0,4.0,3,4.0,3,3,3.0,3,3,4,4.0,3,4.0,3.0,4.0,2,3,3,3.0,3.0,0,3,4.0,3,3.0,3,4.0,3,3,3,3,3,4.0,4.0,3.0,3,3,4,4.0,4.0,3,3,3.0,3,3.0,3.0,4.0,4.0,3.0,3,3.0,3.0,4.0,3,3.0,4.0,4.0,4.0,3.0,4.0,3.0,3.0,3,3,4.0,3.0,3,3,4.0,3,4.0,3,3,4.0,4.0,4.0,3,4,3,3,4.0,4.0,3,3.0,3,3.0,3,4.0,4.0,3,3,3,4.0,4,3.0,4.0,4,4.0,3,4.0,3.0,3.0,4.0,4.0,3.0,4.0,3.0,3.0,3,4.0,3.0,3,4.0,3,4.0,4,3.0,4,3,3,4.0,4,4,3.0,3.0,2.0,4.0,3,4.0,4.0,4.0,3,4.0,3,2.0,3.0,4.0,4.0,3,3,4.0,3.0,3,2,3,4.0,3,1.0,3.0,4.0,3.0,4.0,4.0,4.0,4.0,4,3,4.0,3,3.0,4.0,3.0,4.0,4.0,4,3,4.0,4.0,3,3.0,3,3,4.0,3,4.0,4.0,4.0,3.0,3.0,3.0,3,3,4.0,3.0,3.0,3.0,3.0,3.0,3,3,2,4.0,3,3,1,3,3,3.0,3,3,3.0,3,3.0,3.0,3.0,3.0,3.0,3,3,3.0,2.0,3,3.0,3.0,3.0,4,3.0,3.0,3.0,3.0,3.0,3.0,3,4.0,3.0,3,3.0,4.0,3,2.0,4.0,4.0,0,4.0,3,4.0,4.0,3,4.0,4.0,3.0,4.0,4.0,4.0,4.0,3.0,4.0,3,3,4.0,4.0,4.0,3,4,2,4.0,3.0,3.0,2,3,3,4.0,3,2,3,3.0,3,3,4.0,3,3,3,3,3.0,3,4.0,3.0,4.0,3.0,3.0,3.0,3.0,4,3.0,3.0,3,3.0,3.0,4.0,3.0,3.0,4.0,3,3.0,4.0,3.0,4.0,2,3.0,3,4,3,4.0,4.0,3,3.0,4.0,4.0,4.0,3.0,3.0,3,4.0,4.0,4.0,4.0,3.0,4.0,3,3,3,3.0,3.0,1.0,0,3.0,3,3.0,3.0,4.0,4.0,4.0,4,3.0,3,3.0,3.0,3,3.0,4.0,3.0,4.0,4.0,4.0,3.0,4.0,4.0,3.0,3.0,3,3.0,4.0,4.0,4.0,4.0,3.0,4.0,4.0,4.0,4.0,3.0,2.0,4.0,4.0,3.0,4.0,3.0,4.0,1.0,4.0,3.0,4.0,4.0,4.0,4.0,4.0,3.0,3.0,4.0,3.0,3.0,3.0,4.0,4.0,3.0,4.0,4.0,4.0,3.0,4.0,2,4.0,4.0,158,7,1.1776191835569512,-0.5029285633472871
4.0,4,4,4,4,4,4,4.0,4,4.0,4,4,3,4,4.0,4,4.0,,4.0,4.0,4.0,4.0,4,4.0,4.0,3.0,4,4,4.0,4.0,3,4,4,4.0,4.0,4,4.0,4.0,4.0,4,4,4.0,4,4.0,4,4,4,4,4.0,1,4,4.0,4,4.0,4,4.0,4.0,4,3,4,4.0,4.0,4.0,4,4.0,4,3,4.0,4.0,4.0,4.0,4.0,4,4,4,4,4.0,4.0,3,4.0,4.0,4,4.0,4,0.0,4.0,4,3,4,4.0,4,4.0,4,4,4.0,4,4.0,4.0,4,4,4,4.0,4.0,4,4.0,4,4.0,4.0,4,3,4,4.0,4.0,4,4.0,4.0,4.0,3,4.0,4.0,4,4.0,4,4.0,4,4.0,4.0,4,3,4,4.0,4.0,4.0,4.0,4.0,3.0,3,4.0,4.0,4.0,4,4,4.0,4,4.0,4.0,4,3,4,3.0,4,4.0,4,4,1,4.0,4,4.0,4,4.0,4.0,3,4,3,4.0,4,4.0,4.0,0.0,4.0,3,4,4,4.0,4,4.0,4,4.0,4,4.0,4.0,4,4.0,4.0,4.0,4.0,3.0,4.0,4,3.0,4.0,4,4.0,4,4,4,4.0,4.0,3.0,0.0,4,4.0,4,4,4.0,4,4,4,4.0,4,,4.0,4.0,4,3,3,4.0,4.0,3,4,4.0,4,4.0,3,4.0,4,4,4,4,4,4.0,4.0,4.0,4,4,2,4.0,4.0,4,4,3.0,4,4.0,4.0,4.0,4.0,4.0,4,4.0,4.0,4.0,4,4.0,4.0,4.0,4.0,3.0,4.0,4.0,4.0,4,4,4.0,3.0,4,3,4.0,4,4.0,4,3,4.0,4.0,4.0,4,4,4,4,4.0,4.0,4,4.0,3,4.0,4,4.0,,4,4,0,4.0,4,4.0,1.0,4,3.0,4,4.0,3.0,4.0,4.0,4.0,4.0,4.0,4.0,3.0,4,4.0,4.0,4,3.0,4,4.0,4,4.0,4,4,3,4.0,4,4,4.0,4.0,4.0,4.0,4,4.0,4.0,4.0,4,4.0,4,4.0,4.0,4.0,4.0,4,3,4.0,2.0,3,3,4,4.0,3,4.0,4.0,4.0,3.0,4.0,,4.0,4.0,4,4,4.0,4,4.0,,4.0,3.0,,4,4,4.0,4.0,4,4.0,4,4,4.0,4,4.0,4.0,4.0,4.0,4.0,4.0,3,4,4.0,4.0,3.0,4.0,4.0,4.0,4,4,4,4.0,4,4,4,4,3,4.0,4,4,4.0,4,4.0,4.0,4.0,4.0,4.0,4,4,4.0,4.0,4,4.0,4.0,4.0,4,4.0,4.0,3.0,4.0,4.0,4.0,4,4.0,4.0,3,4.0,4.0,4,4.0,,,4,4.0,4,4.0,4.0,4,4.0,4.0,0.0,4.0,4.0,4.0,,4.0,4.0,4,2,4.0,4.0,2.0,4,4,4,4.0,4.0,4.0,4,4,4,4.0,4,4,4,4.0,4,4,,4,4,4,4,4.0,4,4.0,4.0,4.0,4.0,4.0,4.0,4.0,4,4.0,4.0,1,4.0,4.0,4.0,3.0,4.0,4.0,4,4.0,4.0,4.0,4.0,4,4.0,4,4,4,4.0,4.0,4,4.0,4.0,4.0,4.0,4.0,4.0,4,1.0,4.0,4.0,4.0,4.0,4.0,4,4,4,4.0,4.0,4.0,4,4.0,2,3.0,4.0,4.0,,4.0,4,4.0,4,3.0,4.0,4,4.0,,4.0,4.0,4.0,3.0,4.0,3.0,4.0,3.0,4.0,4,1.0,4.0,4.0,,4.0,4.0,4.0,4.0,4.0,4.0,3.0,3.0,4.0,3.0,2.0,4.0,3.0,,4.0,,4.0,,4.0,4.0,4.0,4.0,4.0,4.0,,4.0,3.0,0.0,2.0,,4.0,4.0,4.0,4.0,4.0,4.0,4,4.0,,159,7,1.4109378431803206,-0.11273772572090311
3.0,3,2,3,3,2,3,3.0,3,3.0,3,3,2,3,3.0,3,3.0,,3.0,3.0,1.0,0.0,3,3.0,0.0,3.0,3,3,3.0,,3,3,3,2.0,3.0,3,3.0,3.0,3.0,3,3,3.0,3,3.0,3,3,2,3,3.0,3,1,3.0,3,3.0,3,3.0,3.0,3,3,3,3.0,3.0,3.0,3,3.0,2,3,3.0,3.0,3.0,3.0,3.0,2,3,3,3,3.0,3.0,3,3.0,,3,3.0,2,3.0,3.0,3,3,3,3.0,3,3.0,3,3,3.0,2,3.0,3.0,2,3,3,3.0,3.0,3,3.0,3,,3.0,3,3,3,3.0,3.0,3,3.0,3.0,3.0,0,3.0,3.0,3,2.0,3,3.0,2,3.0,3.0,3,3,3,3.0,3.0,3.0,3.0,3.0,3.0,2,3.0,,,3,3,3.0,3,3.0,3.0,3,3,3,3.0,3,3.0,3,2,3,,3,3.0,3,3.0,2.0,2,3,3,3.0,3,3.0,3.0,3.0,3.0,2,3,3,2.0,3,3.0,3,3.0,3,3.0,3.0,3,3.0,3.0,3.0,3.0,3.0,3.0,3,3.0,3.0,2,3.0,3,3,3,3.0,3.0,3.0,3.0,3,3.0,3,3,3.0,2,3,3,3.0,3,3.0,3.0,3.0,3,2,3,3.0,3.0,2,3,3.0,3,3.0,2,3.0,3,3,3,3,3,1.0,3.0,3.0,3,3,2,3.0,1.0,3,3,3.0,3,3.0,3.0,3.0,3.0,3.0,3,3.0,3.0,3.0,3,3.0,,3.0,3.0,3.0,3.0,3.0,3.0,3,3,3.0,3.0,2,3,3.0,3,3.0,3,3,3.0,3.0,3.0,3,3,2,2,3.0,3.0,3,3.0,3,3.0,3,3.0,,3,3,3,3.0,3,3.0,3.0,2,3.0,3,3.0,3.0,3.0,3.0,3.0,2.0,2.0,3.0,3.0,3,3.0,3.0,3,3.0,3,3.0,3,3.0,3,3,3,3.0,3,3,3.0,3.0,3.0,3.0,3,3.0,3.0,3.0,3,3.0,3,3.0,1.0,3.0,3.0,3,2,3.0,1.0,3,2,1,3.0,3,3.0,3.0,3.0,2.0,3.0,,3.0,3.0,3,3,2.0,3,3.0,,3.0,3.0,3.0,3,3,3.0,3.0,3,3.0,3,3,3.0,3,3.0,3.0,3.0,3.0,3.0,3.0,2,3,3.0,3.0,3.0,3.0,2.0,3.0,3,3,3,3.0,1,3,3,0,3,3.0,2,3,3.0,3,3.0,3.0,3.0,3.0,3.0,3,3,3.0,3.0,3,3.0,3.0,3.0,3,3.0,3.0,2.0,2.0,3.0,3.0,3,3.0,3.0,3,3.0,3.0,3,3.0,3.0,,3,,3,2.0,3.0,3,3.0,3.0,3.0,3.0,3.0,3.0,,3.0,3.0,3,1,3.0,2.0,3.0,3,3,3,3.0,2.0,3.0,2,3,3,3.0,3,3,3,3.0,3,3,,3,2,1,2,,3,3.0,3.0,3.0,3.0,3.0,3.0,2.0,3,3.0,3.0,3,3.0,3.0,3.0,3.0,3.0,3.0,3,3.0,3.0,3.0,3.0,3,3.0,3,3,3,2.0,3.0,3,3.0,0.0,,3.0,3.0,3.0,3,3.0,3.0,3.0,3.0,3.0,3.0,3,3,2,3.0,3.0,3.0,3,3.0,3,3.0,3.0,3.0,3.0,3.0,2,3.0,3,3.0,2.0,3,3.0,3.0,3.0,3.0,3.0,3.0,3.0,3.0,3.0,3.0,3.0,3,3.0,3.0,3.0,,3.0,3.0,3.0,3.0,3.0,3.0,3.0,3.0,3.0,3.0,3.0,3.0,3.0,3.0,3.0,3.0,3.0,0.0,3.0,3.0,3.0,3.0,3.0,3.0,,3.0,3.0,3.0,3.0,,3.0,,3.0,3.0,3.0,3.0,3,3.0,,160,7,1.275974403723095,-0.20811886595522458
3.0,3,3,3,3,3,3,3.0,3,3.0,3,3,2,0,3.0,3,3.0,,3.0,3.0,3.0,3.0,3,3.0,2.0,3.0,3,3,3.0,3.0,0,2,3,3.0,3.0,3,3.0,3.0,3.0,3,3,3.0,3,3.0,3,3,2,3,3.0,3,3,2.0,3,3.0,3,3.0,3.0,3,3,3,3.0,3.0,3.0,3,3.0,3,3,3.0,,3.0,,,3,3,3,3,3.0,3.0,3,3.0,,3,3.0,3,3.0,3.0,3,3,3,,1,3.0,3,3,,3,3.0,3.0,3,3,3,3.0,3.0,3,3.0,3,3.0,,3,2,3,3.0,3.0,3,1.0,3.0,3.0,3,2.0,2.0,3,3.0,3,,3,3.0,3.0,3,3,3,3.0,3.0,3.0,3.0,3.0,3.0,3,1.0,3.0,3.0,3,3,3.0,3,,3.0,3,3,3,2.0,3,3.0,3,3,3,3.0,3,3.0,3,,3.0,2,3,3,3.0,3,,3.0,3.0,3.0,3,3,3,3.0,3,3.0,3,3.0,3,3.0,3.0,3,3.0,3.0,3.0,,3.0,3.0,3,3.0,3.0,3,,1,3,3,3.0,3.0,3.0,1.0,3,3.0,3,3,3.0,3,3,3,3.0,3,3.0,3.0,1.0,3,2,3,3.0,3.0,3,3,3.0,3,3.0,3,3.0,2,3,3,2,3,,3.0,3.0,3,3,3,3.0,3.0,3,3,0.0,3,3.0,2.0,3.0,3.0,3.0,3,3.0,,,2,3.0,3.0,3.0,3.0,3.0,3.0,3.0,3.0,3,3,3.0,1.0,3,2,,3,3.0,3,3,1.0,3.0,3.0,3,3,3,3,2.0,3.0,3,,3,3.0,3,3.0,,3,3,3,3.0,3,3.0,3.0,3,3.0,3,3.0,3.0,3.0,,3.0,3.0,3.0,3.0,3.0,2,3.0,3.0,3,3.0,3,3.0,3,3.0,3,3,3,3.0,2,3,3.0,3.0,3.0,3.0,3,3.0,3.0,,2,,3,3.0,3.0,3.0,3.0,3,3,,3.0,2,3,3,3.0,3,,3.0,,3.0,3.0,,,3.0,3,3,3.0,3,3.0,2.0,3.0,3.0,,3,3,3.0,3.0,3,3.0,3,3,3.0,3,3.0,3.0,3.0,2.0,3.0,3.0,2,3,,3.0,0.0,3.0,3.0,3.0,3,3,3,3.0,3,3,3,3,3,,3,3,3.0,3,3.0,3.0,3.0,2.0,3.0,3,3,,3.0,3,3.0,3.0,3.0,3,3.0,3.0,3.0,,3.0,,2,3.0,,3,3.0,3.0,2,,,,3,3.0,3,,3.0,3,3.0,2.0,3.0,3.0,3.0,3.0,,3.0,3.0,3,3,,3.0,3.0,3,3,3,,3.0,3.0,3,3,3,3.0,3,0,3,3.0,3,2,,3,3,3,3,,3,3.0,3.0,3.0,3.0,3.0,,3.0,3,3.0,3.0,3,,3.0,,3.0,3.0,2.0,3,3.0,3.0,3.0,,3,,3,3,3,3.0,3.0,3,3.0,3.0,,,3.0,3.0,3,,3.0,,,3.0,3.0,3,3,3,3.0,3.0,,3,3.0,3,3.0,3.0,3.0,3.0,3.0,3,3.0,3,3.0,,2,3.0,3.0,3.0,3.0,3.0,,3.0,3.0,3.0,3.0,3.0,3,,3.0,2.0,2.0,3.0,3.0,,3.0,,3.0,3.0,3.0,3.0,3.0,3.0,,2.0,3.0,2.0,3.0,3.0,,3.0,,3.0,,3.0,,,3.0,3.0,3.0,,2.0,,,3.0,3.0,3.0,,3,0.0,,161,7,1.3919763235777705,-0.06484116739362047
2.0,2,2,3,3,3,3,3.0,3,3.0,3,3,3,3,3.0,3,3.0,,1.0,3.0,3.0,2.0,2,3.0,3.0,3.0,2,3,3.0,3.0,3,2,3,2.0,3.0,2,3.0,3.0,2.0,3,2,2.0,3,3.0,3,3,2,1,3.0,3,2,3.0,3,3.0,3,3.0,3.0,3,2,3,3.0,3.0,3.0,3,3.0,2,3,3.0,3.0,3.0,3.0,1.0,2,3,2,3,3.0,3.0,0,3.0,3.0,3,3.0,2,3.0,2.0,3,3,2,3.0,3,3.0,1,3,0.0,3,3.0,3.0,2,3,2,3.0,2.0,3,3.0,3,3.0,3.0,2,2,3,3.0,2.0,3,3.0,3.0,3.0,3,3.0,2.0,3,3.0,3,3.0,2,2.0,3.0,3,3,3,2.0,3.0,3.0,3.0,2.0,3.0,1,3.0,3.0,3.0,3,3,3.0,3,3.0,3.0,3,3,3,3.0,3,3.0,2,2,3,3.0,3,3.0,3,3.0,3.0,3,3,2,3.0,3,3.0,2.0,3.0,3.0,3,3,3,3.0,3,3.0,3,3.0,0,3.0,3.0,2,3.0,3.0,3.0,3.0,3.0,3.0,2,3.0,3.0,3,3.0,3,3,3,3.0,3.0,3.0,3.0,3,3.0,2,3,3.0,2,2,2,3.0,2,3.0,3.0,3.0,2,3,2,3.0,3.0,2,3,3.0,3,3.0,3,3.0,2,3,2,3,3,1.0,3.0,3.0,2,3,3,3.0,3.0,2,1,3.0,3,3.0,3.0,3.0,3.0,3.0,2,3.0,3.0,3.0,2,3.0,3.0,3.0,3.0,3.0,3.0,3.0,3.0,2,3,2.0,3.0,3,3,3.0,3,3.0,3,0,3.0,3.0,3.0,3,2,3,2,3.0,3.0,2,3.0,2,3.0,2,3.0,3.0,3,3,3,3.0,3,3.0,3.0,3,3.0,3,3.0,3.0,3.0,3.0,3.0,3.0,3.0,3.0,3.0,3,3.0,2.0,2,3.0,2,3.0,3,3.0,3,3,3,3.0,3,3,3.0,3.0,3.0,3.0,3,3.0,3.0,3.0,3,3.0,3,3.0,2.0,3.0,3.0,3,3,3.0,3.0,3,3,3,3.0,3,2.0,3.0,3.0,3.0,3.0,3.0,3.0,3.0,3,1,3.0,3,3.0,3.0,3.0,3.0,3.0,3,3,3.0,3.0,3,3.0,3,3,3.0,3,3.0,3.0,3.0,3.0,3.0,3.0,3,3,3.0,3.0,3.0,3.0,3.0,3.0,3,1,3,3.0,2,3,3,3,3,3.0,3,3,3.0,3,3.0,2.0,3.0,3.0,3.0,3,2,3.0,3.0,3,3.0,3.0,3.0,3,3.0,2.0,3.0,2.0,2.0,3.0,3,3.0,3.0,3,3.0,3.0,3,2.0,3.0,3.0,2,3.0,3,3.0,1.0,3,3.0,3.0,2.0,3.0,3.0,3.0,,3.0,3.0,3,3,3.0,3.0,3.0,3,3,3,3.0,3.0,3.0,2,3,2,3.0,2,3,3,3.0,3,1,,3,3,3,3,2.0,3,3.0,3.0,2.0,3.0,3.0,3.0,3.0,3,3.0,3.0,3,3.0,3.0,2.0,3.0,3.0,3.0,3,3.0,3.0,2.0,3.0,3,3.0,3,2,3,0.0,3.0,3,3.0,3.0,2.0,3.0,3.0,3.0,3,3.0,3.0,3.0,3.0,3.0,3.0,3,3,2,3.0,3.0,3.0,2,3.0,3,3.0,3.0,3.0,3.0,3.0,3,3.0,3,3.0,3.0,0,3.0,3.0,3.0,3.0,3.0,3.0,3.0,3.0,3.0,2.0,3.0,3,1.0,3.0,3.0,3.0,3.0,3.0,3.0,3.0,3.0,3.0,3.0,3.0,3.0,3.0,3.0,3.0,3.0,3.0,3.0,3.0,3.0,2.0,3.0,3.0,3.0,3.0,3.0,3.0,3.0,3.0,3.0,3.0,,,3.0,3.0,3.0,3.0,3.0,3.0,2,3.0,,162,7,1.1900963512873166,-0.30630701439097596
4.0,3,3,3,3,3,3,3.0,4,4.0,4,4,1,4,4.0,4,3.0,4.0,4.0,3.0,4.0,4.0,3,3.0,3.0,3.0,4,3,3.0,3.0,4,3,3,3.0,4.0,3,4.0,4.0,3.0,3,3,3.0,3,3.0,3,4,2,4,4.0,3,3,4.0,4,3.0,3,3.0,4.0,3,4,4,4.0,4.0,4.0,3,4.0,3,3,4.0,4.0,3.0,4.0,4.0,4,3,3,3,3.0,2.0,3,4.0,4.0,3,4.0,3,4.0,4.0,3,3,3,4.0,4,4.0,0,4,3.0,3,4.0,4.0,2,3,3,4.0,3.0,3,3.0,4,4.0,4.0,3,4,4,4.0,4.0,4,3.0,3.0,4.0,3,4.0,3.0,4,4.0,3,4.0,3,3.0,3.0,4,3,3,4.0,4.0,4.0,4.0,4.0,4.0,3,4.0,4.0,4.0,3,3,3.0,3,4.0,3.0,3,3,4,3.0,3,4.0,3,3,3,4.0,4,4.0,3,4.0,4.0,3,3,3,4.0,2,4.0,4.0,4.0,3.0,3,3,4,4.0,3,3.0,4,3.0,3,3.0,4.0,3,4.0,4.0,3.0,4.0,3.0,4.0,3,4.0,4.0,3,4.0,3,3,3,4.0,4.0,4.0,4.0,3,4.0,3,3,3.0,3,3,4,3.0,3,4.0,4.0,3.0,3,3,3,3.0,4.0,3,3,4.0,4,1.0,4,4.0,3,3,3,4,4,4.0,4.0,4.0,3,3,3,3.0,4.0,3,4,3.0,3,3.0,4.0,3.0,2.0,3.0,3,3.0,2.0,3.0,4,4.0,4.0,3.0,4.0,4.0,4.0,3.0,4.0,3,3,3.0,4.0,3,3,4.0,3,4.0,3,3,3.0,3.0,4.0,3,3,3,3,4.0,4.0,0,4.0,3,3.0,4,4.0,4.0,4,4,4,3.0,3,4.0,4.0,3,4.0,3,3.0,4.0,4.0,4.0,4.0,3.0,4.0,4.0,3.0,3,4.0,4.0,4,4.0,4,3.0,3,3.0,3,3,3,3.0,2,4,4.0,4.0,3.0,4.0,3,4.0,4.0,4.0,3,4.0,3,4.0,3.0,4.0,4.0,3,3,3.0,3.0,3,3,3,4.0,3,3.0,4.0,4.0,4.0,3.0,4.0,4.0,3.0,1,3,3.0,3,3.0,4.0,4.0,4.0,4.0,4,3,4.0,0.0,3,4.0,4,3,4.0,3,4.0,4.0,3.0,3.0,4.0,4.0,3,4,3.0,4.0,3.0,4.0,3.0,3.0,4,3,4,1.0,3,4,4,3,4,4.0,3,3,4.0,3,3.0,3.0,3.0,3.0,4.0,4,2,4.0,4.0,3,4.0,3.0,4.0,4,4.0,4.0,2.0,4.0,4.0,4.0,3,4.0,4.0,4,2.0,1.0,3,4.0,4.0,4.0,4,4.0,3,4.0,3.0,4,3.0,4.0,3.0,4.0,2.0,3.0,4.0,4.0,3.0,3,3,4.0,4.0,4.0,3,4,3,4.0,4.0,4.0,3,4,3,3.0,4,2,4,3.0,3,3,4.0,3,3,3,4,1.0,3,4.0,4.0,4.0,4.0,4.0,3.0,3.0,3,4.0,3.0,4,4.0,3.0,4.0,4.0,3.0,4.0,3,3.0,4.0,3.0,3.0,4,4.0,4,3,4,0.0,3.0,3,3.0,2.0,4.0,4.0,4.0,3.0,4,4.0,3.0,4.0,4.0,4.0,4.0,3,3,2,4.0,4.0,4.0,4,3.0,4,3.0,3.0,3.0,0.0,0.0,3,3.0,3,4.0,3.0,3,3.0,4.0,3.0,4.0,4.0,4.0,3.0,4.0,4.0,2.0,4.0,3,4.0,3.0,4.0,4.0,4.0,4.0,4.0,3.0,4.0,4.0,3.0,3.0,3.0,4.0,4.0,4.0,4.0,4.0,4.0,4.0,4.0,4.0,3.0,4.0,4.0,3.0,3.0,3.0,4.0,4.0,3.0,3.0,4.0,4.0,3.0,4.0,4.0,3.0,4.0,4.0,3,4.0,4.0,163,7,1.1690475013593,-0.4344802808146427
3.0,2,3,3,3,3,2,3.0,3,3.0,3,3,2,2,3.0,3,3.0,,3.0,2.0,3.0,3.0,3,3.0,3.0,3.0,3,3,3.0,3.0,3,2,3,3.0,3.0,2,3.0,3.0,3.0,3,3,2.0,2,3.0,0,2,2,3,3.0,1,3,0.0,3,3.0,3,3.0,3.0,3,3,3,3.0,3.0,3.0,3,3.0,2,2,3.0,3.0,3.0,3.0,3.0,3,2,3,3,3.0,3.0,3,3.0,3.0,2,3.0,2,3.0,3.0,3,3,3,3.0,3,3.0,3,3,3.0,2,3.0,3.0,3,2,2,3.0,3.0,3,3.0,3,3.0,3.0,3,2,3,3.0,3.0,3,3.0,1.0,3.0,3,3.0,2.0,3,3.0,2,3.0,3,3.0,3.0,3,3,2,3.0,3.0,3.0,3.0,3.0,1.0,3,3.0,3.0,3.0,3,2,3.0,3,3.0,3.0,3,3,3,3.0,3,3.0,3,2,3,3.0,2,3.0,2,3.0,3.0,3,3,3,3.0,2,3.0,3.0,3.0,2.0,3,3,3,3.0,0,3.0,2,2.0,3,3.0,3.0,2,3.0,3.0,3.0,3.0,2.0,3.0,3,3.0,3.0,2,1.0,2,3,3,3.0,3.0,3.0,3.0,3,2.0,3,3,3.0,3,1,2,2.0,3,2.0,3.0,2.0,2,1,3,3.0,3.0,3,3,2.0,2,3.0,2,3.0,2,3,2,3,2,2.0,3.0,3.0,3,3,3,3.0,3.0,3,3,3.0,3,3.0,3.0,3.0,3.0,3.0,3,3.0,3.0,2.0,3,3.0,3.0,1.0,3.0,3.0,3.0,3.0,2.0,2,1,3.0,3.0,3,3,3.0,3,3.0,2,3,3.0,2.0,3.0,3,3,3,2,3.0,3.0,2,3.0,2,3.0,3,3.0,3.0,3,3,3,3.0,3,3.0,3.0,3,3.0,2,3.0,2.0,3.0,3.0,3.0,2.0,3.0,3.0,3.0,2,3.0,3.0,3,3.0,3,3.0,2,3.0,3,3,2,1.0,2,3,2.0,3.0,2.0,3.0,3,3.0,3.0,3.0,3,3.0,2,3.0,3.0,3.0,3.0,3,2,3.0,3.0,2,3,2,3.0,2,3.0,3.0,3.0,3.0,3.0,3.0,3.0,3.0,3,3,2.0,3,3.0,3.0,3.0,3.0,3.0,0,3,3.0,3.0,2,3.0,3,3,3.0,3,2.0,3.0,3.0,3.0,3.0,3.0,2,3,3.0,3.0,3.0,3.0,3.0,3.0,3,3,2,2.0,3,3,3,3,3,3.0,3,3,3.0,3,3.0,3.0,3.0,3.0,1.0,3,2,3.0,3.0,3,3.0,3.0,3.0,3,2.0,3.0,3.0,3.0,3.0,3.0,2,2.0,3.0,2,3.0,3.0,3,3.0,3.0,3.0,3,3.0,3,3.0,3.0,3,2.0,3.0,3.0,3.0,2.0,1.0,3.0,3.0,2.0,2,2,3.0,2.0,3.0,3,3,3,3.0,3.0,3.0,2,3,3,3.0,3,2,2,3.0,3,3,,2,3,0,3,3.0,3,3.0,3.0,3.0,3.0,3.0,3.0,2.0,3,3.0,3.0,3,3.0,3.0,3.0,3.0,1.0,3.0,2,3.0,3.0,3.0,1.0,3,3.0,2,3,3,3.0,3.0,3,2.0,3.0,3.0,3.0,3.0,3.0,3,0.0,3.0,3.0,3.0,3.0,3.0,3,2,2,3.0,3.0,3.0,3,3.0,3,3.0,3.0,3.0,1.0,1.0,3,3.0,3,3.0,3.0,3,3.0,3.0,3.0,3.0,3.0,3.0,3.0,3.0,3.0,2.0,3.0,3,3.0,3.0,3.0,,3.0,3.0,3.0,3.0,3.0,3.0,3.0,3.0,3.0,3.0,3.0,3.0,3.0,3.0,3.0,3.0,3.0,,2.0,3.0,3.0,3.0,2.0,3.0,3.0,3.0,3.0,3.0,3.0,,3.0,3.0,3.0,3.0,3.0,3.0,3,2.0,3.0,164,7,1.1797182292784094,-0.27946463687642503
3.0,3,3,4,4,4,4,4.0,4,4.0,4,4,3,3,4.0,4,4.0,4.0,4.0,3.0,3.0,1.0,4,4.0,4.0,3.0,4,4,4.0,4.0,3,3,4,4.0,2.0,3,4.0,4.0,3.0,4,4,4.0,4,4.0,4,4,4,3,0.0,4,4,4.0,4,3.0,3,4.0,4.0,4,3,4,4.0,4.0,2.0,4,4.0,4,4,4.0,4.0,4.0,4.0,4.0,3,4,3,4,4.0,4.0,3,4.0,4.0,4,4.0,3,2.0,3.0,3,3,4,4.0,4,4.0,3,4,4.0,4,4.0,4.0,4,4,4,4.0,4.0,3,4.0,4,4.0,4.0,4,4,4,4.0,3.0,4,4.0,3.0,4.0,3,4.0,4.0,4,4.0,4,4.0,4,4.0,4.0,4,4,1,2.0,4.0,4.0,4.0,3.0,4.0,3,4.0,4.0,4.0,4,4,4.0,0,4.0,4.0,4,4,4,4.0,4,4.0,4,4,3,4.0,3,4.0,4,4.0,4.0,3,4,3,4.0,4,4.0,4.0,4.0,4.0,4,4,3,4.0,4,4.0,4,4.0,4,4.0,4.0,3,4.0,3.0,4.0,4.0,4.0,3.0,3,3.0,4.0,4,4.0,4,4,4,4.0,4.0,4.0,4.0,4,4.0,3,4,4.0,4,3,3,3.0,4,3.0,4.0,4.0,3,3,4,4.0,4.0,3,3,4.0,4,1.0,4,3.0,4,3,3,3,4,4.0,4.0,3.0,4,4,3,4.0,4.0,4,3,4.0,3,2.0,4.0,4.0,3.0,3.0,4,4.0,4.0,4.0,3,4.0,4.0,4.0,4.0,0.0,4.0,4.0,4.0,3,4,3.0,4.0,3,4,4.0,4,3.0,4,4,4.0,4.0,4.0,3,3,4,4,3.0,4.0,4,4.0,4,4.0,4,4.0,4.0,3,2,4,4.0,2,4.0,4.0,1,3.0,4,4.0,4.0,4.0,4.0,4.0,4.0,4.0,4.0,4.0,4,4.0,2.0,4,3.0,4,4.0,4,4.0,4,4,3,4.0,4,4,4.0,4.0,4.0,4.0,4,4.0,4.0,3.0,4,4.0,3,4.0,4.0,4.0,4.0,3,4,4.0,3.0,3,3,4,4.0,3,4.0,4.0,3.0,4.0,4.0,4.0,4.0,4.0,4,4,4.0,4,4.0,4.0,0.0,4.0,4.0,4,4,4.0,4.0,4,4.0,4,4,2.0,4,4.0,4.0,4.0,4.0,4.0,4.0,3,3,4.0,4.0,4.0,3.0,3.0,4.0,3,3,4,4.0,4,4,4,3,3,0.0,4,3,4.0,4,4.0,3.0,4.0,3.0,4.0,4,4,4.0,4.0,4,3.0,4.0,4.0,4,4.0,4.0,3.0,4.0,4.0,4.0,3,4.0,4.0,3,3.0,3.0,4,4.0,4.0,4.0,3,4.0,4,4.0,4.0,4,4.0,4.0,4.0,4.0,3.0,3.0,,4.0,4.0,4,4,4.0,4.0,3.0,4,4,4,4.0,4.0,4.0,3,4,4,4.0,3,4,4,3.0,3,4,,4,4,4,4,4.0,3,4.0,4.0,4.0,4.0,0.0,4.0,4.0,4,4.0,4.0,4,4.0,4.0,4.0,4.0,4.0,4.0,3,4.0,3.0,4.0,4.0,3,4.0,3,4,4,4.0,4.0,4,4.0,4.0,4.0,4.0,4.0,4.0,4,4.0,4.0,4.0,4.0,4.0,4.0,4,4,4,4.0,2.0,4.0,3,4.0,4,4.0,4.0,4.0,4.0,4.0,4,4.0,4,4.0,4.0,4,4.0,4.0,4.0,4.0,4.0,3.0,4.0,4.0,4.0,3.0,4.0,1,4.0,4.0,4.0,4.0,4.0,3.0,4.0,3.0,4.0,4.0,4.0,4.0,4.0,4.0,4.0,1.0,4.0,4.0,4.0,4.0,4.0,4.0,4.0,4.0,4.0,4.0,4.0,4.0,4.0,3.0,4.0,4.0,4.0,,4.0,3.0,4.0,4.0,4.0,4.0,4,4.0,,165,7,1.2519522125075084,-0.23560650871029606
3.0,3,3,3,2,3,3,3.0,3,,3,3,3,3,3.0,3,3.0,,3.0,3.0,3.0,3.0,3,3.0,3.0,3.0,3,2,3.0,3.0,3,2,3,3.0,3.0,3,3.0,3.0,3.0,3,3,3.0,3,3.0,3,3,3,3,1.0,3,3,3.0,3,,3,3.0,3.0,3,3,1,1.0,3.0,3.0,3,3.0,3,3,3.0,3.0,3.0,3.0,3.0,3,3,3,3,3.0,3.0,2,3.0,3.0,3,3.0,2,3.0,3.0,3,3,2,3.0,3,3.0,3,3,,3,3.0,3.0,3,3,3,3.0,2.0,3,3.0,3,3.0,3.0,2,2,3,3.0,3.0,3,3.0,3.0,3.0,2,3.0,3.0,3,3.0,1,3.0,2,3.0,3.0,3,3,3,2.0,3.0,3.0,2.0,2.0,2.0,3,3.0,3.0,3.0,3,3,3.0,3,3.0,3.0,3,3,3,3.0,3,3.0,3,3,3,3.0,3,3.0,2,3.0,3.0,2,3,3,3.0,3,3.0,3.0,0.0,3.0,3,3,3,3.0,3,3.0,3,2.0,3,3.0,3.0,3,3.0,3.0,3.0,3.0,3.0,,3,3.0,3.0,3,,3,3,3,3.0,3.0,3.0,3.0,3,3.0,2,3,3.0,3,3,3,3.0,3,,,3.0,3,3,0,3.0,,3,3,,3,3.0,3,,3,3,3,3,3,3.0,3.0,3.0,3,2,3,,,3,3,3.0,3,3.0,3.0,0.0,3.0,3.0,3,3.0,,3.0,3,,3.0,,,3.0,,3.0,3.0,3,3,3.0,3.0,3,3,3.0,3,3.0,3,3,3.0,3.0,3.0,3,3,3,3,3.0,3.0,3,,3,1.0,3,3.0,,3,3,3,3.0,3,3.0,3.0,3,3.0,3,3.0,3.0,3.0,3.0,3.0,3.0,,3.0,3.0,3,3.0,3.0,3,,3,3.0,3,3.0,3,3,3,,2,3,3.0,0.0,3.0,,3,,3.0,3.0,3,3.0,3,3.0,3.0,3.0,,3,3,,3.0,3,3,3,3.0,2,3.0,,,3.0,3.0,,,,3,3,3.0,3,3.0,3.0,1.0,3.0,,3,3,3.0,3.0,3,3.0,3,3,3.0,3,3.0,3.0,3.0,3.0,3.0,3.0,3,3,3.0,,3.0,3.0,3.0,3.0,3,1,3,3.0,3,3,3,3,3,3.0,3,3,2.0,3,3.0,3.0,3.0,3.0,3.0,3,3,3.0,3.0,3,3.0,3.0,3.0,3,,2.0,3.0,3.0,3.0,,2,3.0,3.0,3,3.0,3.0,3,3.0,,,3,1.0,3,,3.0,3,,3.0,3.0,3.0,3.0,3.0,,3.0,3.0,3,3,3.0,,3.0,3,3,3,,3.0,3.0,3,3,3,3.0,3,3,3,,3,3,,3,3,3,3,,3,,3.0,3.0,3.0,3.0,,3.0,3,,3.0,3,3.0,,,3.0,3.0,,2,3.0,3.0,3.0,3.0,3,,3,3,3,,,3,3.0,,0.0,,3.0,3.0,3,3.0,3.0,3.0,,3.0,,3,3,3,,3.0,,3,1.0,3,3.0,3.0,3.0,,,3,3.0,3,2.0,,3,3.0,,2.0,3.0,3.0,2.0,3.0,3.0,3.0,3.0,,3,3.0,3.0,3.0,,3.0,3.0,,3.0,,3.0,3.0,3.0,3.0,3.0,3.0,2.0,2.0,3.0,3.0,3.0,3.0,,3.0,3.0,,3.0,3.0,3.0,,1.0,3.0,2.0,,0.0,,,,3.0,3.0,,3,3.0,,166,7,1.364221140472879,-0.05727929015943975
3.0,3,2,2,3,3,3,3.0,3,3.0,2,3,2,3,3.0,3,3.0,,3.0,3.0,3.0,3.0,3,3.0,3.0,3.0,3,3,3.0,3.0,3,3,2,2.0,3.0,3,3.0,3.0,2.0,2,3,3.0,3,3.0,2,3,2,3,3.0,3,3,3.0,3,3.0,3,3.0,3.0,3,3,2,3.0,3.0,3.0,3,3.0,3,2,3.0,3.0,3.0,3.0,2.0,1,2,3,3,3.0,3.0,3,3.0,3.0,3,3.0,3,3.0,3.0,3,3,3,3.0,3,3.0,3,3,3.0,2,3.0,3.0,2,3,3,2.0,3.0,2,3.0,3,3.0,3.0,3,3,2,3.0,3.0,3,3.0,3.0,3.0,2,3.0,3.0,3,3.0,3,3.0,2,3.0,3.0,3,3,3,3.0,3.0,3.0,3.0,3.0,3.0,3,2.0,3.0,3.0,2,3,3.0,3,3.0,3.0,3,3,3,3.0,3,2.0,1,2,2,3.0,3,3.0,3,3.0,3.0,3,3,3,3.0,3,3.0,3.0,3.0,3.0,2,3,2,3.0,3,2.0,2,3.0,1,3.0,3.0,3,2.0,3.0,3.0,3.0,3.0,3.0,3,3.0,3.0,3,3.0,3,2,3,0.0,2.0,3.0,3.0,2,3.0,2,3,1.0,3,3,3,3.0,1,3.0,3.0,3.0,3,3,3,3.0,3.0,2,3,3.0,2,3.0,3,2.0,2,2,2,3,3,3.0,2.0,3.0,2,2,3,3.0,3.0,3,3,3.0,3,3.0,3.0,3.0,3.0,3.0,3,3.0,3.0,2.0,2,3.0,3.0,3.0,3.0,3.0,3.0,3.0,3.0,3,2,3.0,3.0,2,3,3.0,2,3.0,3,2,3.0,3.0,3.0,3,2,1,3,3.0,3.0,3,3.0,3,3.0,1,3.0,3.0,2,3,3,3.0,3,1.0,3.0,3,3.0,3,0.0,3.0,3.0,2.0,3.0,3.0,2.0,3.0,3.0,3,3.0,3.0,2,3.0,2,3.0,3,3.0,2,2,2,3.0,2,3,3.0,3.0,3.0,3.0,3,3.0,1.0,3.0,3,3.0,3,3.0,3.0,3.0,3.0,3,2,3.0,3.0,3,3,3,3.0,2,3.0,3.0,3.0,3.0,3.0,3.0,3.0,3.0,3,2,2.0,3,3.0,3.0,3.0,3.0,3.0,2,2,3.0,3.0,3,2.0,3,3,3.0,2,2.0,3.0,3.0,2.0,3.0,3.0,3,3,3.0,3.0,3.0,3.0,3.0,3.0,3,3,3,3.0,2,2,3,3,2,3.0,3,3,3.0,1,3.0,2.0,2.0,3.0,3.0,3,3,3.0,2.0,2,3.0,3.0,3.0,2,3.0,3.0,3.0,3.0,3.0,3.0,2,3.0,3.0,3,3.0,3.0,2,2.0,3.0,3.0,2,3.0,2,3.0,3.0,0,2.0,3.0,3.0,3.0,3.0,3.0,,3.0,3.0,3,3,3.0,3.0,3.0,2,3,3,3.0,0.0,2.0,2,2,2,3.0,3,2,2,2.0,3,3,,3,2,3,3,3.0,3,3.0,2.0,2.0,3.0,3.0,2.0,3.0,0,3.0,3.0,3,3.0,2.0,2.0,3.0,3.0,3.0,2,2.0,3.0,3.0,3.0,3,3.0,3,3,1,3.0,3.0,3,3.0,3.0,3.0,3.0,3.0,3.0,2,3.0,2.0,2.0,2.0,2.0,3.0,3,2,3,3.0,2.0,3.0,3,1.0,2,3.0,3.0,3.0,3.0,3.0,3,3.0,3,3.0,2.0,3,3.0,3.0,3.0,3.0,3.0,3.0,3.0,3.0,3.0,3.0,3.0,3,3.0,3.0,3.0,3.0,3.0,3.0,3.0,3.0,3.0,3.0,3.0,3.0,0.0,3.0,1.0,3.0,3.0,3.0,3.0,3.0,3.0,2.0,3.0,3.0,3.0,3.0,3.0,3.0,3.0,3.0,3.0,3.0,,,3.0,3.0,3.0,3.0,3.0,3.0,2,3.0,,167,7,1.174042317798368,-0.319408731976133
3.0,2,2,3,3,3,2,3.0,2,3.0,3,3,2,2,3.0,3,2.0,3.0,3.0,3.0,3.0,3.0,3,3.0,3.0,3.0,3,3,2.0,3.0,3,2,3,2.0,3.0,2,3.0,3.0,3.0,3,3,3.0,2,3.0,3,2,3,3,3.0,3,3,3.0,3,3.0,3,3.0,3.0,3,3,3,1.0,3.0,2.0,2,3.0,3,2,3.0,3.0,2.0,3.0,3.0,3,2,3,3,1.0,3.0,3,3.0,3.0,3,3.0,2,3.0,3.0,3,3,3,3.0,3,3.0,2,0,3.0,2,3.0,3.0,3,2,3,3.0,3.0,3,3.0,3,3.0,3.0,2,3,1,3.0,2.0,3,3.0,3.0,3.0,3,3.0,2.0,2,3.0,3,2.0,3,3.0,2.0,3,3,3,2.0,3.0,3.0,3.0,2.0,3.0,2,3.0,3.0,1.0,2,3,3.0,3,3.0,3.0,2,3,2,3.0,2,2.0,3,3,2,2.0,3,2.0,2,3.0,2.0,3,2,3,2.0,1,3.0,3.0,3.0,2.0,2,3,3,3.0,3,3.0,1,3.0,3,3.0,3.0,3,3.0,3.0,3.0,3.0,3.0,3.0,2,3.0,3.0,3,3.0,3,3,3,3.0,3.0,3.0,3.0,2,3.0,3,3,3.0,3,2,3,2.0,3,3.0,3.0,3.0,3,2,2,3.0,3.0,3,3,3.0,3,3.0,2,3.0,2,3,3,3,3,3.0,3.0,0.0,2,2,2,2.0,3.0,2,3,3.0,2,3.0,3.0,3.0,3.0,3.0,2,2.0,3.0,3.0,3,3.0,3.0,3.0,3.0,3.0,3.0,3.0,3.0,3,2,3.0,3.0,2,2,3.0,3,3.0,3,3,3.0,3.0,2.0,3,2,2,2,3.0,3.0,1,3.0,3,3.0,3,3.0,3.0,2,3,3,3.0,3,3.0,3.0,3,3.0,3,3.0,3.0,3.0,3.0,3.0,3.0,3.0,3.0,3.0,2,3.0,3.0,3,3.0,3,3.0,3,2.0,3,2,3,3.0,2,3,3.0,3.0,3.0,3.0,3,3.0,3.0,3.0,2,3.0,2,3.0,3.0,3.0,3.0,2,3,3.0,3.0,2,3,2,2.0,2,3.0,3.0,3.0,3.0,3.0,3.0,3.0,3.0,3,3,3.0,3,3.0,1.0,0.0,3.0,3.0,3,3,3.0,3.0,3,3.0,3,3,3.0,3,3.0,3.0,3.0,2.0,3.0,3.0,0,2,3.0,3.0,3.0,3.0,3.0,2.0,1,3,3,3.0,3,3,2,3,2,3.0,2,3,3.0,2,3.0,3.0,3.0,2.0,1.0,3,3,2.0,3.0,2,3.0,3.0,3.0,3,3.0,3.0,2.0,3.0,3.0,3.0,2,3.0,3.0,3,3.0,3.0,2,3.0,3.0,3.0,3,3.0,2,3.0,3.0,3,3.0,3.0,3.0,3.0,3.0,3.0,,3.0,3.0,3,3,3.0,3.0,3.0,3,3,2,3.0,3.0,3.0,2,3,3,3.0,3,1,3,3.0,3,3,,2,3,3,2,3.0,3,3.0,3.0,1.0,3.0,3.0,3.0,3.0,3,3.0,3.0,1,3.0,3.0,3.0,2.0,3.0,3.0,3,3.0,3.0,3.0,3.0,3,3.0,3,3,3,3.0,3.0,2,3.0,3.0,,3.0,3.0,3.0,3,3.0,3.0,3.0,2.0,3.0,3.0,3,2,2,2.0,2.0,3.0,0,3.0,2,2.0,3.0,3.0,3.0,3.0,3,3.0,3,3.0,3.0,3,3.0,3.0,3.0,3.0,3.0,3.0,3.0,3.0,1.0,3.0,3.0,3,3.0,3.0,3.0,3.0,3.0,2.0,3.0,3.0,3.0,3.0,3.0,2.0,3.0,3.0,3.0,3.0,3.0,3.0,3.0,3.0,3.0,,2.0,2.0,3.0,3.0,3.0,3.0,3.0,0.0,3.0,2.0,3.0,,3.0,3.0,3.0,3.0,3.0,3.0,3,3.0,3.0,168,7,1.170350841614277,-0.36091135116584216
3.0,2,2,3,3,3,3,3.0,3,3.0,2,3,3,3,3.0,3,3.0,,3.0,3.0,3.0,3.0,3,3.0,3.0,3.0,2,3,3.0,3.0,3,2,3,3.0,3.0,3,3.0,3.0,3.0,2,3,2.0,3,3.0,3,3,2,3,3.0,3,3,3.0,3,3.0,3,3.0,2.0,3,3,3,3.0,3.0,3.0,3,3.0,3,3,3.0,3.0,3.0,3.0,3.0,3,3,2,3,3.0,2.0,3,3.0,3.0,3,3.0,3,3.0,3.0,3,2,3,3.0,3,3.0,2,2,3.0,3,3.0,3.0,3,3,3,0.0,3.0,2,3.0,1,3.0,3.0,3,3,3,3.0,2.0,3,2.0,2.0,3.0,2,3.0,3.0,3,3.0,3,3.0,3,3.0,3.0,3,3,3,3.0,3.0,3.0,3.0,3.0,3.0,3,3.0,1.0,3.0,2,3,3.0,3,3.0,2.0,2,3,3,3.0,3,3.0,3,3,3,2.0,3,3.0,3,3.0,3.0,3,3,3,3.0,3,3.0,3.0,3.0,3.0,1,2,2,3.0,2,3.0,3,3.0,3,3.0,3.0,3,3.0,3.0,3.0,3.0,2.0,3.0,3,3.0,3.0,3,3.0,2,2,2,3.0,3.0,3.0,3.0,3,3.0,2,3,3.0,3,3,3,2.0,3,3.0,1.0,3.0,2,3,3,3.0,3.0,3,3,0.0,3,3.0,2,3.0,2,3,3,3,3,3.0,3.0,3.0,2,2,3,2.0,3.0,2,3,3.0,2,2.0,3.0,3.0,3.0,3.0,2,2.0,3.0,3.0,2,2.0,3.0,3.0,3.0,1.0,3.0,3.0,3.0,3,3,3.0,3.0,1,2,3.0,3,3.0,3,2,2.0,3.0,2.0,3,3,2,2,3.0,3.0,3,3.0,0,3.0,3,3.0,3.0,3,3,3,3.0,3,3.0,3.0,3,3.0,3,3.0,3.0,3.0,2.0,3.0,3.0,3.0,3.0,3.0,3,3.0,3.0,2,2.0,3,3.0,2,3.0,3,3,2,3.0,2,3,3.0,3.0,1.0,3.0,1,2.0,3.0,2.0,3,2.0,2,3.0,3.0,3.0,3.0,3,3,3.0,3.0,3,3,2,3.0,3,3.0,3.0,3.0,3.0,3.0,3.0,3.0,3.0,3,1,3.0,3,3.0,3.0,3.0,3.0,3.0,3,3,3.0,3.0,2,3.0,3,3,3.0,2,3.0,3.0,3.0,2.0,3.0,3.0,3,1,2.0,3.0,3.0,3.0,3.0,3.0,3,3,3,3.0,2,3,3,3,3,3.0,2,3,3.0,3,3.0,3.0,3.0,2.0,3.0,2,3,3.0,3.0,2,3.0,3.0,2.0,3,3.0,3.0,3.0,3.0,3.0,3.0,3,3.0,3.0,2,0.0,3.0,3,3.0,3.0,3.0,3,3.0,3,3.0,3.0,2,3.0,3.0,3.0,3.0,3.0,3.0,3.0,3.0,3.0,3,2,3.0,3.0,0.0,3,2,3,3.0,3.0,3.0,2,3,2,3.0,3,3,2,3.0,3,3,,2,3,3,3,3.0,2,3.0,3.0,3.0,1.0,2.0,3.0,1.0,3,3.0,3.0,3,3.0,3.0,3.0,3.0,3.0,3.0,3,3.0,3.0,3.0,3.0,2,3.0,3,3,3,3.0,3.0,3,3.0,3.0,,3.0,3.0,3.0,2,3.0,3.0,0.0,3.0,3.0,3.0,3,3,3,3.0,3.0,3.0,3,3.0,2,3.0,3.0,3.0,3.0,3.0,3,3.0,3,3.0,3.0,2,3.0,3.0,3.0,2.0,3.0,2.0,3.0,3.0,3.0,2.0,3.0,2,3.0,3.0,3.0,3.0,3.0,3.0,3.0,3.0,3.0,3.0,3.0,2.0,3.0,3.0,3.0,3.0,3.0,,3.0,3.0,3.0,,3.0,3.0,3.0,3.0,3.0,3.0,3.0,3.0,3.0,3.0,,3.0,3.0,3.0,3.0,2.0,3.0,3.0,3,3.0,,169,7,1.1882803523554195,-0.2823506347273039
3.0,3,3,3,3,3,2,3.0,2,3.0,0,3,3,3,3.0,3,3.0,3.0,3.0,3.0,3.0,3.0,3,3.0,3.0,3.0,3,2,3.0,2.0,2,3,3,3.0,1.0,3,3.0,3.0,3.0,3,3,3.0,2,3.0,3,3,3,3,3.0,3,3,3.0,3,3.0,3,3.0,2.0,3,3,3,3.0,3.0,3.0,3,3.0,3,3,3.0,3.0,3.0,3.0,2.0,3,3,3,3,3.0,3.0,3,3.0,3.0,3,2.0,0,2.0,1.0,3,3,3,,3,3.0,2,3,3.0,3,3.0,3.0,2,3,3,3.0,3.0,3,3.0,2,3.0,3.0,2,1,3,3.0,2.0,3,2.0,3.0,3.0,2,3.0,3.0,2,3.0,3,3.0,2,3.0,3.0,2,2,3,3.0,3.0,3.0,3.0,3.0,3.0,2,3.0,3.0,3.0,2,2,3.0,3,3.0,2.0,2,1,2,3.0,3,2.0,3,2,3,3.0,3,2.0,3,3.0,3.0,2,2,2,3.0,3,3.0,3.0,3.0,2.0,3,3,2,3.0,3,3.0,3,3.0,3,3.0,3.0,3,3.0,3.0,3.0,3.0,3.0,3.0,3,3.0,,3,,3,3,3,3.0,3.0,3.0,2.0,3,3.0,3,3,3.0,3,3,3,3.0,2,3.0,3.0,3.0,3,3,3,3.0,3.0,3,3,3.0,3,2.0,3,2.0,3,3,3,3,3,3.0,3.0,3.0,3,3,2,3.0,3.0,3,3,0.0,3,2.0,3.0,3.0,3.0,3.0,3,3.0,,3.0,3,3.0,3.0,3.0,,3.0,3.0,3.0,3.0,3,3,3.0,3.0,2,3,3.0,3,3.0,3,3,3.0,3.0,0.0,3,3,3,2,3.0,3.0,3,3.0,3,3.0,2,3.0,1.0,3,3,3,3.0,3,3.0,3.0,3,3.0,3,3.0,3.0,3.0,3.0,3.0,3.0,3.0,3.0,3.0,3,3.0,3.0,3,0.0,3,3.0,3,3.0,3,3,3,3.0,3,3,3.0,3.0,3.0,3.0,3,3.0,3.0,3.0,3,1.0,3,3.0,3.0,3.0,3.0,3,3,3.0,3.0,3,3,3,3.0,2,3.0,3.0,3.0,3.0,3.0,,,,3,3,3.0,3,3.0,3.0,3.0,2.0,,3,3,3.0,3.0,2,3.0,3,3,3.0,3,3.0,3.0,3.0,3.0,3.0,3.0,3,3,3.0,3.0,3.0,3.0,3.0,3.0,3,3,3,3.0,3,3,2,3,3,3.0,3,3,3.0,3,3.0,3.0,1.0,3.0,3.0,3,3,3.0,3.0,3,3.0,3.0,3.0,3,3.0,3.0,2.0,3.0,3.0,3.0,3,3.0,3.0,2,3.0,1.0,3,3.0,3.0,,3,3.0,3,3.0,3.0,3,3.0,1.0,3.0,3.0,3.0,3.0,,3.0,3.0,3,3,3.0,2.0,3.0,3,3,3,,2.0,3.0,3,3,3,3.0,3,3,3,3.0,1,3,,3,3,3,3,3.0,3,3.0,3.0,2.0,3.0,2.0,3.0,2.0,3,3.0,3.0,3,,3.0,3.0,3.0,3.0,3.0,3,3.0,3.0,3.0,3.0,3,3.0,3,3,3,,,3,3.0,3.0,,3.0,3.0,3.0,3,1.0,3.0,3.0,3.0,3.0,3.0,3,3,3,3.0,3.0,3.0,3,3.0,3,3.0,3.0,3.0,,3.0,3,3.0,3,1.0,3.0,3,3.0,3.0,3.0,3.0,3.0,3.0,3.0,3.0,3.0,3.0,3.0,3,3.0,3.0,0.0,3.0,3.0,3.0,,3.0,,3.0,3.0,1.0,3.0,2.0,3.0,3.0,3.0,3.0,3.0,3.0,3.0,,3.0,3.0,,3.0,3.0,3.0,3.0,3.0,3.0,3.0,,,3.0,3.0,3.0,3.0,3.0,,3,2.0,,170,7,1.2818574514038876,-0.1494830461829479
3.0,2,3,3,2,2,3,3.0,3,3.0,3,3,2,2,3.0,3,3.0,,3.0,3.0,3.0,3.0,3,3.0,2.0,3.0,3,3,3.0,3.0,2,3,3,3.0,3.0,3,3.0,3.0,3.0,3,3,3.0,3,1.0,3,3,2,3,3.0,3,3,3.0,3,3.0,3,3.0,3.0,3,3,3,3.0,3.0,3.0,3,3.0,3,2,3.0,3.0,3.0,3.0,3.0,3,3,3,3,3.0,3.0,3,,3.0,2,3.0,3,3.0,3.0,3,3,3,,3,3.0,3,2,3.0,3,3.0,3.0,2,3,3,3.0,3.0,2,3.0,3,3.0,3.0,3,3,3,3.0,3.0,3,3.0,3.0,3.0,3,3.0,3.0,3,3.0,3,3.0,3,3.0,3.0,3,3,3,3.0,3.0,3.0,3.0,3.0,3.0,2,3.0,3.0,3.0,2,3,2.0,3,3.0,3.0,3,1,3,2.0,3,3.0,3,2,3,3.0,3,3.0,3,3.0,3.0,3,3,3,3.0,3,3.0,3.0,3.0,3.0,3,3,2,3.0,3,3.0,3,2.0,3,3.0,3.0,2,3.0,3.0,3.0,3.0,3.0,3.0,3,3.0,3.0,3,3.0,3,3,2,3.0,3.0,3.0,0.0,3,3.0,3,3,3.0,3,1,3,1.0,3,3.0,3.0,3.0,3,2,2,3.0,2.0,2,3,3.0,3,3.0,3,2.0,3,2,1,3,3,3.0,2.0,3.0,2,1,3,3.0,3.0,2,3,3.0,3,3.0,3.0,3.0,3.0,3.0,3,3.0,3.0,3.0,3,3.0,3.0,3.0,3.0,3.0,3.0,3.0,3.0,3,2,3.0,2.0,3,3,3.0,3,3.0,3,3,2.0,3.0,3.0,3,3,3,3,3.0,3.0,2,3.0,3,3.0,3,3.0,3.0,3,3,2,3.0,3,3.0,0.0,3,3.0,3,3.0,3.0,3.0,3.0,3.0,3.0,3.0,2.0,3.0,3,3.0,2.0,3,3.0,3,3.0,3,3.0,3,2,3,3.0,3,3,3.0,2.0,3.0,3.0,3,3.0,3.0,3.0,3,3.0,3,3.0,3.0,2.0,3.0,3,3,3.0,3.0,3,3,2,3.0,3,3.0,3.0,3.0,3.0,3.0,3.0,3.0,3.0,3,3,3.0,3,3.0,,3.0,3.0,,3,3,3.0,3.0,3,3.0,3,3,3.0,3,3.0,3.0,3.0,3.0,3.0,3.0,3,3,3.0,3.0,3.0,3.0,3.0,3.0,3,3,3,3.0,3,3,3,2,3,1.0,2,3,3.0,0,0.0,3.0,3.0,1.0,3.0,3,3,3.0,3.0,3,2.0,3.0,3.0,3,3.0,3.0,3.0,3.0,2.0,3.0,3,3.0,3.0,3,3.0,0.0,3,3.0,3.0,,3,,3,3.0,3.0,3,3.0,3.0,3.0,,3.0,2.0,,3.0,3.0,3,2,3.0,2.0,3.0,3,3,2,3.0,3.0,3.0,3,3,3,3.0,3,3,3,3.0,3,3,,3,3,3,3,3.0,3,3.0,3.0,3.0,3.0,3.0,3.0,3.0,3,3.0,3.0,3,3.0,3.0,3.0,3.0,3.0,3.0,3,3.0,2.0,3.0,3.0,2,3.0,3,3,3,3.0,3.0,3,3.0,3.0,3.0,3.0,3.0,3.0,3,3.0,3.0,3.0,3.0,3.0,3.0,3,1,2,3.0,3.0,3.0,3,3.0,3,2.0,,3.0,3.0,,3,3.0,3,3.0,3.0,3,3.0,3.0,3.0,3.0,3.0,3.0,3.0,3.0,2.0,3.0,0.0,3,3.0,3.0,3.0,,3.0,3.0,3.0,3.0,3.0,3.0,3.0,3.0,3.0,1.0,3.0,3.0,3.0,,3.0,,3.0,,3.0,3.0,3.0,3.0,3.0,3.0,,3.0,3.0,3.0,,,3.0,3.0,3.0,3.0,3.0,,3,3.0,,171,7,1.2568807339449541,-0.22253564899730793
3.0,2,2,3,4,3,4,4.0,3,4.0,4,3,3,4,4.0,4,3.0,4.0,4.0,4.0,4.0,3.0,4,4.0,4.0,4.0,3,4,4.0,4.0,3,3,4,4.0,4.0,3,3.0,4.0,3.0,3,3,3.0,3,4.0,3,3,3,3,4.0,3,0,4.0,3,4.0,4,4.0,3.0,4,3,3,4.0,2.0,3.0,3,4.0,3,3,4.0,3.0,3.0,4.0,4.0,4,3,4,3,3.0,4.0,3,4.0,0.0,4,3.0,4,4.0,4.0,4,3,3,4.0,3,4.0,3,3,4.0,3,4.0,4.0,3,3,3,3.0,4.0,4,4.0,4,4.0,4.0,3,3,4,4.0,3.0,3,4.0,3.0,4.0,3,4.0,3.0,3,2.0,3,4.0,3,3.0,3.0,3,2,3,3.0,3.0,4.0,4.0,4.0,3.0,3,4.0,4.0,4.0,3,4,3.0,4,4.0,4.0,3,3,3,3.0,3,3.0,4,3,4,4.0,3,4.0,4,3.0,3.0,3,3,3,3.0,1,4.0,4.0,3.0,4.0,3,4,3,4.0,3,4.0,3,3.0,3,4.0,4.0,3,4.0,4.0,3.0,4.0,3.0,4.0,2,3.0,4.0,3,4.0,3,4,3,4.0,3.0,4.0,3.0,4,3.0,3,3,4.0,3,4,4,4.0,4,4.0,2.0,3.0,3,3,3,4.0,4.0,3,4,3.0,4,3.0,4,4.0,3,3,3,4,3,4.0,2.0,4.0,1,3,3,3.0,3.0,3,3,3.0,4,4.0,3.0,2.0,3.0,4.0,3,3.0,4.0,4.0,3,4.0,4.0,3.0,4.0,3.0,3.0,4.0,3.0,3,4,4.0,4.0,4,3,4.0,3,4.0,3,3,3.0,3.0,3.0,4,2,3,3,4.0,4.0,3,4.0,0,4.0,4,3.0,4.0,3,4,4,4.0,3,4.0,3.0,4,2.0,3,4.0,3.0,4.0,3.0,4.0,3.0,4.0,4.0,3.0,3,4.0,4.0,4,3.0,4,2.0,4,3.0,0,3,3,4.0,2,3,4.0,3.0,3.0,4.0,3,1.0,4.0,3.0,3,4.0,3,4.0,3.0,3.0,3.0,3,3,4.0,3.0,3,4,3,3.0,3,3.0,4.0,4.0,3.0,3.0,4.0,3.0,4.0,3,3,3.0,3,4.0,4.0,4.0,3.0,4.0,3,3,4.0,3.0,2,4.0,4,3,3.0,3,3.0,3.0,0.0,4.0,3.0,3.0,3,3,3.0,4.0,3.0,3.0,4.0,0.0,3,3,4,3.0,4,4,3,4,4,1.0,3,3,4.0,4,3.0,4.0,3.0,4.0,3.0,4,1,4.0,4.0,4,4.0,4.0,4.0,4,4.0,3.0,3.0,4.0,4.0,4.0,3,3.0,4.0,4,3.0,4.0,4,3.0,4.0,4.0,3,4.0,3,2.0,4.0,3,3.0,4.0,4.0,4.0,3.0,3.0,4.0,4.0,3.0,3,4,4.0,3.0,4.0,3,4,3,4.0,3.0,4.0,2,4,3,4.0,3,3,4,3.0,4,3,4.0,4,4,4,4,4.0,4,3.0,4.0,3.0,3.0,3.0,4.0,3.0,3,4.0,4.0,3,4.0,4.0,4.0,3.0,3.0,4.0,3,3.0,4.0,3.0,4.0,4,3.0,3,3,4,4.0,4.0,4,4.0,4.0,4.0,4.0,4.0,4.0,4,4.0,4.0,4.0,4.0,4.0,4.0,4,4,4,4.0,4.0,4.0,3,4.0,4,4.0,4.0,3.0,4.0,4.0,4,3.0,4,4.0,4.0,3,4.0,4.0,4.0,4.0,3.0,4.0,3.0,4.0,3.0,3.0,4.0,3,4.0,3.0,4.0,4.0,4.0,4.0,4.0,4.0,4.0,4.0,3.0,4.0,4.0,4.0,3.0,4.0,4.0,1.0,4.0,3.0,4.0,4.0,3.0,4.0,4.0,4.0,3.0,4.0,4.0,3.0,4.0,3.0,4.0,4.0,4.0,4.0,4.0,4.0,4.0,4.0,3,4.0,4.0,172,7,1.181433549029368,-0.40142560559207346
3.0,3,3,4,4,4,4,4.0,4,4.0,3,4,3,4,4.0,4,3.0,4.0,4.0,4.0,4.0,4.0,4,4.0,4.0,4.0,4,3,4.0,4.0,3,4,4,4.0,4.0,4,4.0,4.0,4.0,4,3,3.0,4,4.0,4,3,4,4,4.0,3,3,4.0,4,4.0,4,4.0,4.0,4,4,4,4.0,4.0,3.0,4,3.0,3,4,4.0,4.0,4.0,4.0,4.0,4,4,3,4,1.0,4.0,2,4.0,4.0,4,4.0,3,4.0,4.0,3,3,3,4.0,4,4.0,3,4,3.0,4,4.0,4.0,4,3,3,3.0,4.0,3,3.0,3,4.0,4.0,3,0,4,4.0,3.0,4,3.0,3.0,4.0,4,4.0,4.0,4,1.0,4,4.0,4,3.0,4.0,3,3,3,4.0,4.0,3.0,4.0,4.0,4.0,4,3.0,3.0,4.0,3,4,3.0,4,4.0,3.0,3,3,3,4.0,3,4.0,4,4,4,4.0,3,3.0,2,4.0,4.0,3,4,3,4.0,1,4.0,4.0,4.0,3.0,3,2,4,4.0,4,3.0,4,4.0,4,4.0,4.0,4,4.0,4.0,4.0,4.0,4.0,4.0,3,4.0,4.0,4,4.0,3,4,4,4.0,4.0,4.0,4.0,4,4.0,4,4,4.0,3,3,4,4.0,4,4.0,4.0,4.0,4,3,4,4.0,4.0,4,4,4.0,4,4.0,3,4.0,3,4,4,4,4,4.0,4.0,4.0,3,4,4,4.0,4.0,4,3,4.0,4,4.0,4.0,4.0,4.0,4.0,4,4.0,4.0,4.0,4,4.0,4.0,1.0,4.0,4.0,4.0,4.0,4.0,4,3,0.0,4.0,4,4,4.0,4,4.0,3,4,4.0,4.0,4.0,4,3,3,3,4.0,4.0,4,4.0,4,4.0,4,4.0,4.0,4,4,4,4.0,4,4.0,4.0,4,4.0,4,4.0,4.0,4.0,4.0,4.0,4.0,4.0,4.0,4.0,4,4.0,4.0,3,4.0,4,4.0,4,4.0,4,4,3,4.0,3,4,4.0,4.0,3.0,4.0,4,4.0,4.0,4.0,4,4.0,4,4.0,4.0,4.0,4.0,2,4,4.0,4.0,4,4,3,4.0,4,4.0,4.0,4.0,4.0,4.0,4.0,4.0,4.0,4,4,4.0,3,4.0,4.0,4.0,0.0,4.0,4,3,4.0,4.0,4,3.0,4,4,4.0,3,4.0,4.0,4.0,3.0,4.0,4.0,4,2,4.0,4.0,3.0,4.0,4.0,4.0,4,4,4,4.0,3,4,4,4,3,4.0,3,4,3.0,4,3.0,4.0,4.0,3.0,4.0,3,3,3.0,4.0,3,4.0,3.0,4.0,4,4.0,4.0,4.0,4.0,4.0,4.0,4,4.0,4.0,4,4.0,4.0,3,4.0,4.0,,4,4.0,4,4.0,4.0,3,4.0,4.0,4.0,4.0,4.0,4.0,4.0,4.0,2.0,4,4,4.0,4.0,4.0,3,4,4,4.0,4.0,4.0,4,4,2,4.0,3,4,3,4.0,4,4,,4,4,4,4,4.0,4,4.0,4.0,3.0,3.0,0.0,4.0,3.0,4,4.0,4.0,4,4.0,4.0,4.0,4.0,4.0,4.0,4,3.0,4.0,3.0,4.0,4,4.0,4,4,4,4.0,4.0,4,1.0,4.0,3.0,4.0,4.0,4.0,4,4.0,4.0,4.0,4.0,4.0,4.0,4,3,4,4.0,4.0,4.0,4,4.0,3,4.0,4.0,4.0,4.0,4.0,4,3.0,4,4.0,4.0,4,4.0,4.0,4.0,0.0,4.0,0.0,3.0,4.0,4.0,4.0,4.0,4,4.0,4.0,4.0,4.0,4.0,3.0,4.0,4.0,,4.0,2.0,3.0,4.0,4.0,4.0,4.0,3.0,4.0,4.0,4.0,4.0,,4.0,4.0,4.0,4.0,4.0,4.0,4.0,3.0,3.0,3.0,,1.0,4.0,4.0,4.0,4.0,4.0,4.0,4,4.0,4.0,173,7,1.2513821820981175,-0.335805281479068
3.0,3,3,3,3,3,3,3.0,3,3.0,3,3,2,3,3.0,3,3.0,,3.0,3.0,3.0,2.0,3,3.0,2.0,3.0,3,2,3.0,3.0,3,3,3,3.0,3.0,3,3.0,3.0,3.0,2,3,3.0,3,,2,3,3,2,3.0,3,3,3.0,3,3.0,3,3.0,3.0,3,3,3,3.0,3.0,3.0,3,3.0,3,3,3.0,3.0,3.0,3.0,3.0,2,0,3,3,3.0,3.0,3,3.0,3.0,3,3.0,3,3.0,2.0,3,3,2,3.0,3,3.0,2,3,3.0,2,3.0,3.0,2,2,3,3.0,3.0,3,3.0,3,3.0,3.0,3,3,3,3.0,3.0,3,3.0,3.0,3.0,2,3.0,3.0,3,3.0,3,3.0,3,3.0,3.0,3,3,3,3.0,3.0,3.0,3.0,3.0,3.0,3,3.0,3.0,3.0,3,3,3.0,3,,3.0,3,3,3,3.0,3,2.0,2,3,3,0.0,3,2.0,3,1.0,3.0,3,3,3,3.0,3,2.0,3.0,1.0,3.0,3,3,3,3.0,3,3.0,3,3.0,3,3.0,3.0,3,3.0,3.0,3.0,3.0,3.0,,3,3.0,3.0,3,3.0,2,3,3,3.0,3.0,3.0,3.0,3,3.0,3,3,3.0,3,3,3,3.0,3,,3.0,2.0,3,3,3,3.0,3.0,2,3,3.0,3,3.0,3,3.0,2,3,3,3,3,3.0,3.0,3.0,3,3,3,3.0,3.0,3,3,2.0,2,3.0,3.0,3.0,3.0,3.0,3,3.0,3.0,3.0,3,3.0,3.0,1.0,,3.0,3.0,3.0,3.0,3,3,3.0,3.0,3,3,,3,3.0,3,3,3.0,2.0,3.0,3,3,3,2,,3.0,3,3.0,3,3.0,2,3.0,3.0,2,3,3,3.0,3,0.0,3.0,3,1.0,3,3.0,0.0,3.0,3.0,3.0,3.0,3.0,3.0,3.0,3,2.0,3.0,1,3.0,2,3.0,3,3.0,3,3,3,3.0,2,3,3.0,3.0,3.0,3.0,3,3.0,,3.0,3,3.0,3,3.0,3.0,3.0,3.0,3,3,,3.0,3,3,3,3.0,3,3.0,3.0,3.0,3.0,3.0,,,3.0,3,3,3.0,3,3.0,3.0,3.0,,3.0,3,3,3.0,3.0,2,3.0,3,3,,2,3.0,3.0,3.0,2.0,3.0,3.0,3,3,3.0,3.0,3.0,3.0,3.0,3.0,3,3,3,1.0,3,3,3,3,3,3.0,2,3,3.0,3,3.0,3.0,2.0,3.0,3.0,3,2,3.0,3.0,3,3.0,3.0,3.0,3,3.0,3.0,3.0,3.0,2.0,2.0,3,3.0,3.0,3,3.0,3.0,3,3.0,,,3,,3,,3.0,3,3.0,3.0,3.0,3.0,3.0,3.0,,3.0,3.0,3,3,3.0,1.0,3.0,1,3,3,,3.0,3.0,2,3,3,3.0,3,3,3,3.0,3,3,,3,3,3,3,3.0,3,3.0,3.0,3.0,3.0,3.0,3.0,3.0,3,3.0,3.0,3,,3.0,3.0,3.0,3.0,3.0,3,3.0,3.0,0.0,3.0,3,,3,3,3,,,3,3.0,,,3.0,3.0,3.0,3,3.0,3.0,3.0,3.0,3.0,3.0,3,1,3,3.0,2.0,3.0,3,0.0,3,3.0,3.0,3.0,3.0,2.0,3,3.0,2,3.0,3.0,3,3.0,3.0,3.0,3.0,3.0,3.0,3.0,3.0,3.0,2.0,3.0,3,3.0,3.0,,,3.0,3.0,,3.0,,3.0,3.0,3.0,3.0,3.0,3.0,3.0,3.0,,3.0,,3.0,,3.0,3.0,3.0,3.0,3.0,3.0,3.0,3.0,3.0,3.0,,,3.0,3.0,,1.0,,3.0,2,1.0,,174,7,1.3094823295171727,-0.1423132471415213
4.0,3,3,3,3,3,3,3.0,2,4.0,3,4,2,3,4.0,3,3.0,4.0,3.0,3.0,3.0,3.0,3,3.0,3.0,2.0,3,3,2.0,3.0,3,3,3,3.0,3.0,3,4.0,3.0,3.0,3,3,3.0,3,3.0,3,3,3,3,3.0,3,3,4.0,3,3.0,4,3.0,3.0,3,3,3,3.0,3.0,3.0,3,3.0,3,3,3.0,4.0,3.0,3.0,3.0,3,3,3,3,3.0,3.0,3,3.0,3.0,3,3.0,3,4.0,3.0,3,3,3,4.0,3,3.0,3,3,4.0,3,4.0,3.0,3,3,3,4.0,3.0,3,3.0,3,3.0,4.0,3,3,3,3.0,3.0,3,3.0,3.0,4.0,2,4.0,3.0,3,3.0,3,4.0,3,3.0,3.0,3,4,3,3.0,3.0,4.0,4.0,3.0,3.0,3,3.0,3.0,4.0,3,3,3.0,4,3.0,3.0,3,3,3,3.0,3,3.0,3,3,2,3.0,3,3.0,3,3.0,3.0,3,3,3,3.0,3,3.0,4.0,3.0,3.0,3,3,3,3.0,3,3.0,2,3.0,0,3.0,3.0,3,3.0,3.0,3.0,4.0,3.0,3.0,3,3.0,3.0,4,3.0,2,3,3,3.0,3.0,3.0,3.0,2,4.0,3,3,3.0,3,3,3,2.0,0,4.0,4.0,3.0,3,3,3,3.0,3.0,3,3,4.0,3,3.0,3,3.0,2,2,3,3,2,4.0,3.0,3.0,3,3,3,3.0,3.0,3,3,3.0,3,3.0,3.0,4.0,3.0,3.0,2,3.0,3.0,3.0,3,4.0,4.0,3.0,4.0,3.0,3.0,3.0,3.0,3,3,3.0,3.0,3,3,4.0,4,3.0,3,3,3.0,3.0,3.0,3,2,3,3,4.0,3.0,3,3.0,3,3.0,1,3.0,3.0,3,3,3,3.0,3,3.0,3.0,3,3.0,3,3.0,3.0,4.0,3.0,4.0,3.0,3.0,3.0,3.0,3,4.0,4.0,3,3.0,3,3.0,1,3.0,3,3,3,3.0,3,3,4.0,3.0,3.0,4.0,3,3.0,2.0,1.0,3,4.0,3,3.0,3.0,3.0,4.0,3,3,4.0,3.0,3,3,3,3.0,3,3.0,3.0,3.0,3.0,3.0,4.0,4.0,4.0,3,3,3.0,3,3.0,2.0,4.0,4.0,4.0,3,3,3.0,3.0,0,3.0,3,3,4.0,4,3.0,3.0,3.0,3.0,3.0,3.0,3,4,3.0,4.0,3.0,4.0,3.0,0.0,3,3,3,3.0,3,0,3,3,3,4.0,3,3,4.0,3,3.0,3.0,3.0,3.0,1.0,3,3,3.0,3.0,3,3.0,4.0,4.0,0,4.0,3.0,3.0,4.0,3.0,4.0,4,3.0,2.0,3,3.0,3.0,3,2.0,3.0,4.0,3,4.0,3,4.0,3.0,3,3.0,3.0,3.0,4.0,3.0,3.0,4.0,3.0,3.0,3,3,4.0,1.0,4.0,3,3,3,3.0,2.0,3.0,3,3,3,3.0,2,3,3,3.0,3,2,4.0,3,3,3,3,3.0,3,3.0,3.0,3.0,4.0,3.0,3.0,3.0,3,3.0,4.0,3,4.0,3.0,3.0,3.0,4.0,3.0,3,3.0,3.0,3.0,3.0,3,3.0,3,3,3,4.0,4.0,2,2.0,4.0,4.0,3.0,3.0,3.0,3,3.0,4.0,3.0,3.0,3.0,3.0,3,3,3,3.0,3.0,4.0,3,3.0,3,3.0,2.0,3.0,3.0,3.0,3,2.0,3,3.0,3.0,3,3.0,3.0,4.0,3.0,3.0,3.0,3.0,3.0,2.0,3.0,3.0,3,4.0,3.0,4.0,4.0,3.0,3.0,4.0,3.0,4.0,4.0,3.0,3.0,3.0,3.0,3.0,1.0,2.0,4.0,2.0,4.0,4.0,4.0,3.0,1.0,4.0,4.0,3.0,3.0,4.0,3.0,3.0,3.0,4.0,4.0,4.0,3.0,3.0,3.0,4.0,4.0,3,3.0,4.0,175,7,1.2104984093319193,-0.42712079708736284
2.0,3,2,3,3,3,1,2.0,3,3.0,3,3,2,2,3.0,3,3.0,3.0,3.0,3.0,3.0,3.0,3,3.0,0.0,3.0,3,3,3.0,3.0,3,3,1,2.0,3.0,3,3.0,3.0,3.0,3,3,3.0,3,3.0,2,3,3,3,3.0,3,3,3.0,2,3.0,3,3.0,3.0,3,2,3,3.0,3.0,3.0,3,3.0,3,3,3.0,3.0,3.0,3.0,3.0,2,3,2,2,3.0,3.0,3,1.0,3.0,1,3.0,2,3.0,3.0,2,0,3,3.0,3,3.0,3,3,3.0,2,3.0,3.0,2,3,3,3.0,3.0,3,3.0,3,3.0,3.0,3,3,3,2.0,3.0,3,3.0,2.0,3.0,2,3.0,3.0,3,3.0,3,3.0,3,3.0,2.0,3,3,1,2.0,0.0,3.0,3.0,3.0,3.0,3,3.0,3.0,3.0,3,3,3.0,3,3.0,3.0,3,3,3,3.0,3,3.0,3,3,3,3.0,2,2.0,2,3.0,3.0,3,2,3,3.0,3,2.0,3.0,3.0,3.0,3,3,2,3.0,3,3.0,3,3.0,3,3.0,3.0,3,3.0,3.0,3.0,3.0,3.0,3.0,3,3.0,3.0,3,2.0,3,3,3,3.0,3.0,2.0,3.0,3,3.0,3,3,2.0,3,3,3,3.0,3,3.0,3.0,3.0,3,3,1,3.0,3.0,3,1,3.0,3,3.0,3,3.0,3,3,3,3,3,3.0,3.0,3.0,3,3,3,3.0,3.0,3,3,3.0,3,3.0,3.0,3.0,1.0,2.0,2,3.0,3.0,3.0,3,2.0,3.0,3.0,3.0,3.0,3.0,3.0,3.0,3,2,2.0,3.0,2,3,3.0,3,3.0,3,2,3.0,3.0,3.0,3,3,3,3,3.0,3.0,3,3.0,3,3.0,3,3.0,3.0,3,3,3,3.0,2,3.0,3.0,3,3.0,3,3.0,3.0,3.0,3.0,3.0,3.0,3.0,3.0,3.0,3,3.0,3.0,1,3.0,3,3.0,2,3.0,3,3,3,3.0,2,3,3.0,3.0,3.0,3.0,2,3.0,3.0,2.0,3,3.0,3,3.0,3.0,3.0,3.0,3,2,3.0,3.0,3,3,3,3.0,2,3.0,3.0,,3.0,3.0,3.0,3.0,3.0,2,2,3.0,3,2.0,,3.0,3.0,3.0,2,3,3.0,3.0,3,0.0,2,3,3.0,3,3.0,3.0,3.0,2.0,3.0,3.0,3,3,3.0,3.0,3.0,3.0,3.0,3.0,3,3,3,3.0,3,3,3,3,3,3.0,2,3,3.0,2,3.0,3.0,3.0,3.0,3.0,3,3,2.0,3.0,2,3.0,3.0,3.0,3,3.0,3.0,3.0,3.0,3.0,3.0,2,3.0,3.0,3,3.0,3.0,3,3.0,3.0,3.0,2,3.0,3,3.0,3.0,3,3.0,3.0,3.0,3.0,3.0,3.0,,2.0,3.0,3,2,2.0,3.0,3.0,3,3,3,3.0,3.0,3.0,3,3,3,3.0,3,2,2,3.0,3,3,,3,3,3,3,3.0,3,3.0,2.0,3.0,3.0,3.0,2.0,3.0,3,3.0,3.0,3,3.0,3.0,3.0,3.0,3.0,2.0,3,3.0,3.0,3.0,3.0,3,3.0,2,3,3,3.0,3.0,2,2.0,3.0,3.0,3.0,3.0,3.0,3,3.0,3.0,3.0,3.0,3.0,3.0,3,3,3,3.0,3.0,3.0,3,3.0,2,3.0,3.0,3.0,3.0,3.0,3,3.0,2,3.0,2.0,3,3.0,3.0,3.0,2.0,0.0,3.0,3.0,3.0,3.0,0.0,3.0,3,3.0,3.0,3.0,1.0,3.0,3.0,3.0,3.0,3.0,3.0,3.0,3.0,3.0,3.0,3.0,3.0,3.0,,3.0,3.0,3.0,,3.0,3.0,3.0,3.0,3.0,3.0,,2.0,2.0,3.0,,,3.0,3.0,3.0,3.0,3.0,3.0,3,3.0,,176,7,1.2265345444536198,-0.23170349239992205
2.0,2,2,0,3,2,3,3.0,2,3.0,3,0,2,3,3.0,3,2.0,3.0,2.0,2.0,2.0,2.0,3,3.0,3.0,3.0,2,2,3.0,3.0,2,3,3,2.0,2.0,2,3.0,3.0,3.0,2,2,2.0,2,3.0,2,1,2,2,2.0,2,1,3.0,1,3.0,3,3.0,2.0,3,3,2,3.0,2.0,2.0,2,2.0,2,3,2.0,3.0,2.0,3.0,3.0,2,3,2,2,3.0,3.0,3,3.0,3.0,3,2.0,2,3.0,3.0,3,3,2,3.0,3,3.0,2,2,3.0,3,3.0,3.0,2,3,3,2.0,3.0,2,3.0,2,3.0,3.0,2,3,2,3.0,2.0,3,3.0,3.0,3.0,2,3.0,2.0,3,2.0,3,3.0,2,2.0,3.0,3,2,2,3.0,3.0,3.0,1.0,3.0,3.0,2,3.0,3.0,3.0,2,2,3.0,3,3.0,2.0,3,2,3,3.0,2,3.0,3,0,3,3.0,3,3.0,3,3.0,3.0,3,2,3,1.0,3,3.0,3.0,3.0,2.0,3,2,2,2.0,2,3.0,2,3.0,3,3.0,3.0,2,2.0,3.0,3.0,3.0,3.0,3.0,2,3.0,3.0,3,3.0,3,2,2,2.0,3.0,3.0,1.0,2,3.0,2,2,3.0,2,2,2,3.0,1,3.0,3.0,2.0,2,2,2,3.0,3.0,3,2,1.0,3,3.0,0,3.0,1,3,2,3,2,3.0,3.0,2.0,2,3,3,3.0,3.0,3,3,3.0,2,3.0,3.0,3.0,3.0,3.0,2,3.0,3.0,3.0,2,3.0,3.0,3.0,3.0,3.0,0.0,3.0,3.0,3,3,3.0,3.0,1,2,3.0,2,3.0,2,2,3.0,3.0,3.0,3,2,2,3,3.0,2.0,2,2.0,3,3.0,2,3.0,3.0,2,3,3,3.0,3,3.0,3.0,3,3.0,2,3.0,3.0,3.0,3.0,3.0,3.0,3.0,3.0,3.0,3,3.0,3.0,3,3.0,3,3.0,1,2.0,3,3,3,3.0,2,3,3.0,3.0,3.0,3.0,2,3.0,3.0,3.0,2,2.0,2,3.0,2.0,3.0,3.0,3,2,3.0,3.0,3,3,2,3.0,2,3.0,3.0,3.0,3.0,3.0,3.0,3.0,3.0,3,2,3.0,3,3.0,3.0,3.0,3.0,2.0,2,3,3.0,3.0,3,2.0,2,3,3.0,2,2.0,3.0,3.0,3.0,3.0,3.0,3,2,3.0,2.0,2.0,3.0,3.0,3.0,3,3,2,3.0,3,3,3,3,2,3.0,3,2,3.0,2,3.0,3.0,2.0,3.0,3.0,2,2,3.0,3.0,3,3.0,1.0,3.0,3,3.0,3.0,3.0,3.0,3.0,3.0,3,3.0,3.0,3,3.0,3.0,3,3.0,3.0,3.0,3,3.0,2,2.0,3.0,2,3.0,3.0,3.0,3.0,3.0,3.0,3.0,3.0,3.0,3,3,3.0,3.0,1.0,3,3,2,3.0,3.0,3.0,2,2,2,3.0,3,3,2,3.0,2,2,3.0,3,3,3,3,3.0,2,3.0,3.0,3.0,3.0,2.0,3.0,2.0,2,3.0,3.0,3,3.0,3.0,3.0,3.0,3.0,3.0,3,3.0,3.0,1.0,3.0,3,3.0,3,2,2,1.0,3.0,3,3.0,3.0,3.0,3.0,3.0,2.0,2,3.0,2.0,3.0,3.0,3.0,3.0,3,3,2,3.0,3.0,3.0,3,3.0,3,3.0,3.0,3.0,3.0,3.0,3,3.0,3,1.0,3.0,3,3.0,3.0,3.0,2.0,3.0,2.0,3.0,3.0,2.0,2.0,3.0,3,3.0,3.0,3.0,3.0,3.0,2.0,3.0,3.0,3.0,3.0,3.0,3.0,3.0,3.0,3.0,3.0,3.0,3.0,3.0,0.0,3.0,3.0,3.0,3.0,3.0,3.0,3.0,2.0,3.0,2.0,3.0,3.0,3.0,3.0,3.0,3.0,3.0,3.0,3.0,3.0,3,3.0,3.0,177,7,1.129377052830819,-0.4261932877384627
4.0,4,3,4,4,4,4,4.0,2,4.0,4,4,4,3,4.0,4,4.0,,2.0,4.0,4.0,3.0,3,4.0,4.0,4.0,4,3,4.0,4.0,4,4,4,4.0,4.0,4,4.0,4.0,3.0,3,4,4.0,4,4.0,4,4,4,4,4.0,4,4,4.0,4,4.0,4,4.0,4.0,4,4,4,4.0,4.0,4.0,4,4.0,3,4,4.0,4.0,4.0,4.0,4.0,4,3,4,4,4.0,4.0,3,4.0,4.0,4,4.0,4,4.0,4.0,4,4,4,,4,3.0,3,4,4.0,4,4.0,4.0,3,4,4,4.0,4.0,4,2.0,4,4.0,4.0,4,2,4,3.0,4.0,4,4.0,4.0,4.0,3,4.0,4.0,3,4.0,4,4.0,4,3.0,4.0,3,4,4,4.0,4.0,4.0,4.0,4.0,4.0,4,4.0,4.0,,3,4,4.0,4,4.0,4.0,4,4,4,4.0,4,3.0,4,4,4,4.0,4,4.0,4,4.0,3.0,4,4,4,4.0,4,4.0,4.0,4.0,4.0,4,4,4,4.0,4,4.0,4,4.0,4,4.0,4.0,4,1.0,4.0,4.0,4.0,4.0,,4,4.0,4.0,4,,4,4,4,4.0,3.0,,4.0,3,4.0,4,3,4.0,4,4,4,4.0,4,4.0,,4.0,4,4,4,4.0,3.0,4,4,4.0,4,4.0,4,4.0,4,4,4,4,4,4.0,4.0,4.0,3,4,4,4.0,4.0,4,4,4.0,4,4.0,4.0,4.0,4.0,4.0,3,4.0,4.0,4.0,4,4.0,,4.0,4.0,4.0,,3.0,4.0,4,4,4.0,4.0,4,4,4.0,4,,4,4,4.0,4.0,4.0,4,4,4,3,4.0,4.0,4,4.0,4,4.0,4,4.0,0.0,0,4,4,4.0,4,4.0,4.0,4,4.0,4,4.0,4.0,4.0,4.0,4.0,4.0,4.0,4.0,3.0,4,4.0,4.0,4,,4,4.0,4,4.0,4,4,4,,4,4,1.0,4.0,4.0,4.0,3,4.0,4.0,3.0,4,4.0,4,4.0,4.0,4.0,4.0,4,4,,4.0,4,4,4,4.0,3,4.0,4.0,4.0,4.0,4.0,4.0,4.0,,4,4,4.0,4,4.0,,4.0,0.0,4.0,3,4,4.0,4.0,4,4.0,4,4,4.0,4,4.0,4.0,4.0,,4.0,4.0,4,4,4.0,0.0,4.0,4.0,4.0,4.0,4,4,4,4.0,4,4,3,4,4,4.0,4,4,4.0,4,4.0,4.0,4.0,4.0,4.0,4,4,4.0,4.0,4,4.0,4.0,4.0,4,4.0,3.0,4.0,4.0,4.0,0.0,4,4.0,4.0,4,3.0,4.0,4,3.0,2.0,,3,,3,4.0,4.0,4,3.0,4.0,4.0,4.0,4.0,4.0,,4.0,4.0,4,4,4.0,4.0,,4,4,4,4.0,4.0,4.0,4,4,4,4.0,3,4,3,4.0,4,4,,4,4,4,4,4.0,4,4.0,4.0,4.0,4.0,4.0,4.0,2.0,4,4.0,4.0,2,4.0,4.0,4.0,4.0,4.0,4.0,0,4.0,4.0,3.0,4.0,4,4.0,3,4,4,2.0,,4,4.0,4.0,,4.0,4.0,4.0,4,4.0,4.0,4.0,4.0,4.0,,4,4,4,4.0,4.0,4.0,3,4.0,4,4.0,,4.0,,4.0,4,4.0,3,4.0,4.0,3,4.0,4.0,4.0,4.0,4.0,4.0,4.0,4.0,4.0,4.0,4.0,4,4.0,4.0,4.0,,4.0,4.0,,4.0,4.0,4.0,3.0,4.0,4.0,4.0,4.0,4.0,4.0,4.0,4.0,,4.0,,4.0,4.0,,4.0,4.0,4.0,4.0,4.0,4.0,4.0,,,4.0,,,4.0,4.0,4.0,2,4.0,,178,7,1.3871879995081766,-0.12421638539497833
2.0,3,2,2,2,3,3,3.0,3,3.0,0,1,3,3,4.0,3,4.0,4.0,3.0,3.0,2.0,3.0,3,3.0,3.0,3.0,3,3,3.0,3.0,3,3,3,3.0,3.0,0,3.0,3.0,3.0,3,3,3.0,3,3.0,3,3,3,3,3.0,0,3,4.0,3,3.0,3,3.0,3.0,3,3,3,3.0,4.0,3.0,3,3.0,2,3,3.0,4.0,3.0,4.0,3.0,3,3,3,3,3.0,3.0,2,3.0,3.0,3,3.0,2,3.0,3.0,3,3,4,2.0,3,4.0,3,3,3.0,1,3.0,3.0,3,3,3,3.0,3.0,3,3.0,3,3.0,4.0,3,3,3,3.0,3.0,3,3.0,3.0,3.0,3,3.0,3.0,1,2.0,2,1.0,3,3.0,4.0,3,3,3,3.0,3.0,3.0,3.0,3.0,3.0,3,3.0,4.0,3.0,3,3,3.0,4,3.0,3.0,3,3,3,3.0,3,3.0,3,3,3,4.0,3,3.0,3,3.0,3.0,2,3,3,3.0,3,4.0,3.0,3.0,3.0,3,3,3,4.0,3,3.0,3,3.0,3,3.0,3.0,3,3.0,3.0,3.0,3.0,3.0,3.0,3,3.0,2.0,3,3.0,3,2,3,3.0,3.0,3.0,3.0,3,4.0,3,3,3.0,3,3,3,4.0,3,4.0,3.0,3.0,3,3,2,3.0,3.0,3,3,3.0,4,3.0,2,3.0,3,3,3,2,3,3.0,3.0,3.0,3,3,3,3.0,4.0,3,3,3.0,3,3.0,3.0,3.0,3.0,3.0,3,3.0,3.0,2.0,3,3.0,1.0,3.0,3.0,2.0,3.0,4.0,3.0,3,3,4.0,3.0,3,3,4.0,3,4.0,3,3,3.0,3.0,3.0,3,2,3,3,4.0,3.0,2,4.0,2,3.0,3,3.0,3.0,3,4,3,0.0,3,3.0,3.0,3,3.0,3,2.0,3.0,3.0,3.0,3.0,3.0,3.0,3.0,3.0,3,4.0,3.0,3,3.0,4,3.0,3,3.0,3,2,3,3.0,3,3,3.0,3.0,3.0,3.0,3,3.0,3.0,3.0,3,4.0,3,4.0,3.0,3.0,4.0,3,3,4.0,3.0,3,3,3,4.0,3,3.0,3.0,3.0,1.0,4.0,4.0,3.0,3.0,3,3,3.0,3,4.0,4.0,3.0,4.0,4.0,4,3,3.0,4.0,3,3.0,3,3,4.0,3,3.0,3.0,3.0,3.0,3.0,3.0,3,3,3.0,4.0,3.0,3.0,4.0,3.0,3,3,4,3.0,3,4,3,2,3,4.0,3,3,3.0,3,3.0,3.0,3.0,3.0,3.0,3,3,3.0,3.0,3,4.0,3.0,4.0,3,3.0,3.0,3.0,4.0,1.0,4.0,3,3.0,4.0,4,3.0,3.0,3,3.0,3.0,3.0,3,4.0,3,3.0,4.0,3,3.0,3.0,3.0,3.0,4.0,3.0,4.0,3.0,3.0,3,3,3.0,3.0,3.0,4,3,3,3.0,3.0,3.0,3,3,3,3.0,3,3,3,3.0,3,3,4.0,3,3,3,3,3.0,3,0.0,3.0,2.0,3.0,3.0,3.0,3.0,3,4.0,4.0,3,3.0,3.0,3.0,3.0,3.0,3.0,3,3.0,3.0,3.0,3.0,3,3.0,3,3,3,3.0,4.0,3,2.0,3.0,4.0,4.0,4.0,3.0,3,3.0,3.0,3.0,4.0,3.0,3.0,3,3,3,4.0,3.0,4.0,3,4.0,3,3.0,4.0,3.0,4.0,3.0,3,4.0,3,4.0,3.0,3,3.0,4.0,3.0,3.0,4.0,3.0,4.0,3.0,3.0,3.0,3.0,3,3.0,1.0,4.0,4.0,3.0,3.0,4.0,4.0,4.0,3.0,3.0,4.0,3.0,3.0,2.0,3.0,3.0,0.0,3.0,4.0,4.0,4.0,4.0,3.0,4.0,4.0,3.0,3.0,4.0,4.0,4.0,2.0,4.0,4.0,4.0,4.0,3.0,3.0,4.0,3.0,4,4.0,4.0,179,7,1.203804347826087,-0.37502182659496897
3.0,3,3,3,3,3,3,3.0,3,3.0,3,3,3,3,3.0,2,3.0,,2.0,3.0,2.0,3.0,3,3.0,3.0,3.0,2,3,3.0,3.0,3,2,3,3.0,2.0,3,3.0,3.0,2.0,3,2,2.0,3,1.0,3,3,2,3,3.0,2,3,3.0,2,3.0,0,3.0,3.0,3,3,2,3.0,3.0,3.0,2,3.0,3,3,3.0,3.0,3.0,3.0,0.0,3,2,3,2,3.0,3.0,2,3.0,3.0,3,3.0,1,3.0,3.0,3,3,3,3.0,3,3.0,2,3,3.0,2,3.0,3.0,3,3,2,3.0,2.0,0,3.0,3,3.0,3.0,2,2,3,3.0,3.0,3,3.0,3.0,3.0,3,3.0,3.0,3,3.0,3,3.0,3,3.0,3.0,3,3,2,3.0,3.0,3.0,3.0,3.0,3.0,2,2.0,2.0,3.0,3,3,3.0,3,3.0,3.0,2,3,3,3.0,3,3.0,3,3,3,3.0,2,3.0,3,3.0,3.0,2,3,3,3.0,3,3.0,3.0,3.0,3.0,3,2,2,3.0,3,2.0,3,2.0,2,3.0,3.0,2,3.0,3.0,2.0,3.0,3.0,3.0,3,2.0,1.0,2,3.0,3,3,1,3.0,3.0,3.0,3.0,3,3.0,2,3,3.0,3,2,3,2.0,2,3.0,2.0,2.0,2,2,3,2.0,2.0,2,3,3.0,3,2.0,2,2.0,2,2,2,2,3,3.0,3.0,3.0,3,3,3,2.0,3.0,3,3,3.0,3,1.0,3.0,3.0,2.0,3.0,3,3.0,3.0,3.0,1,3.0,2.0,3.0,3.0,2.0,3.0,3.0,3.0,2,1,3.0,3.0,2,2,3.0,3,3.0,3,3,3.0,3.0,0.0,1,2,3,2,3.0,3.0,2,3.0,0,3.0,2,3.0,3.0,3,3,2,3.0,3,3.0,3.0,3,2.0,3,3.0,3.0,3.0,3.0,3.0,3.0,3.0,2.0,3.0,3,3.0,2.0,3,2.0,3,3.0,3,2.0,3,2,2,3.0,3,3,3.0,3.0,3.0,3.0,2,3.0,3.0,2.0,1,3.0,3,3.0,3.0,3.0,3.0,3,3,3.0,3.0,2,3,3,3.0,2,3.0,3.0,3.0,3.0,3.0,3.0,3.0,3.0,3,2,3.0,3,3.0,3.0,3.0,3.0,3.0,3,3,2.0,3.0,3,3.0,3,3,3.0,2,3.0,3.0,3.0,3.0,3.0,3.0,2,2,3.0,3.0,3.0,3.0,3.0,3.0,2,3,3,3.0,1,3,3,2,3,3.0,3,3,3.0,3,3.0,3.0,3.0,3.0,3.0,3,3,3.0,3.0,3,3.0,3.0,3.0,3,3.0,3.0,2.0,3.0,2.0,3.0,3,3.0,3.0,3,3.0,3.0,3,3.0,3.0,3.0,2,3.0,3,3.0,1.0,2,3.0,3.0,3.0,3.0,3.0,3.0,,3.0,3.0,3,3,3.0,2.0,3.0,3,3,3,3.0,3.0,3.0,3,3,3,3.0,2,2,3,2.0,3,3,3.0,3,3,3,2,3.0,3,3.0,3.0,3.0,3.0,3.0,3.0,2.0,3,2.0,3.0,3,3.0,3.0,3.0,3.0,3.0,3.0,3,3.0,3.0,3.0,3.0,3,3.0,3,3,3,2.0,3.0,3,3.0,3.0,3.0,3.0,3.0,3.0,2,3.0,2.0,3.0,3.0,3.0,2.0,3,3,3,3.0,3.0,3.0,3,3.0,3,3.0,3.0,3.0,3.0,3.0,3,3.0,3,3.0,3.0,3,2.0,3.0,3.0,3.0,3.0,3.0,3.0,3.0,0.0,2.0,3.0,3,3.0,3.0,3.0,3.0,3.0,2.0,3.0,3.0,3.0,3.0,3.0,3.0,3.0,3.0,3.0,3.0,3.0,3.0,3.0,3.0,3.0,3.0,2.0,3.0,3.0,3.0,3.0,3.0,3.0,3.0,3.0,3.0,3.0,3.0,3.0,3.0,3.0,1.0,3.0,3.0,3,3.0,2.0,180,7,1.1763196480938418,-0.2582699356454159
3.0,3,3,3,3,3,3,4.0,3,3.0,3,4,3,3,4.0,3,3.0,4.0,3.0,3.0,4.0,0.0,3,3.0,3.0,3.0,3,3,3.0,3.0,3,3,4,3.0,3.0,3,3.0,4.0,3.0,3,3,2.0,3,3.0,3,3,1,2,3.0,3,2,3.0,3,3.0,3,2.0,3.0,3,3,3,3.0,3.0,3.0,3,3.0,2,3,3.0,4.0,4.0,4.0,4.0,3,3,3,3,3.0,3.0,3,4.0,4.0,3,3.0,3,3.0,3.0,3,3,3,3.0,4,3.0,3,0,3.0,2,4.0,3.0,3,3,3,3.0,3.0,3,3.0,3,4.0,3.0,3,3,2,4.0,2.0,3,3.0,3.0,3.0,3,3.0,3.0,3,3.0,3,3.0,3,3.0,3.0,3,3,3,3.0,4.0,3.0,3.0,3.0,3.0,3,3.0,3.0,0.0,3,0,3.0,3,3.0,3.0,3,3,2,3.0,3,3.0,3,3,3,3.0,3,3.0,4,4.0,3.0,4,3,3,3.0,3,3.0,4.0,3.0,3.0,3,1,2,4.0,3,3.0,3,3.0,3,3.0,3.0,2,3.0,3.0,3.0,3.0,3.0,3.0,3,3.0,3.0,0,3.0,3,3,3,3.0,3.0,4.0,3.0,3,4.0,3,2,3.0,3,0,3,2.0,3,3.0,3.0,3.0,3,3,3,3.0,4.0,3,3,3.0,3,3.0,3,3.0,3,2,3,2,3,4.0,3.0,3.0,3,3,3,3.0,3.0,3,3,4.0,3,3.0,3.0,4.0,3.0,3.0,3,3.0,3.0,3.0,1,3.0,3.0,4.0,4.0,3.0,3.0,3.0,4.0,3,3,3.0,4.0,3,3,4.0,3,4.0,3,3,3.0,1.0,3.0,3,3,3,3,3.0,4.0,2,4.0,3,3.0,3,3.0,4.0,3,3,3,3.0,3,3.0,4.0,1,3.0,3,4.0,3.0,4.0,4.0,3.0,3.0,3.0,3.0,3.0,3,4.0,3.0,2,4.0,3,3.0,3,3.0,3,3,3,3.0,3,3,3.0,2.0,3.0,4.0,3,4.0,3.0,3.0,3,4.0,3,3.0,3.0,3.0,3.0,2,3,4.0,3.0,3,3,3,3.0,3,3.0,3.0,3.0,3.0,3.0,4.0,4.0,3.0,3,3,4.0,3,4.0,4.0,3.0,4.0,4.0,3,3,4.0,3.0,3,3.0,4,4,4.0,3,3.0,3.0,4.0,3.0,3.0,3.0,3,3,4.0,4.0,3.0,3.0,3.0,3.0,3,2,3,3.0,3,3,4,3,4,3.0,3,3,3.0,3,4.0,3.0,3.0,3.0,4.0,4,3,4.0,4.0,3,4.0,3.0,3.0,3,3.0,3.0,4.0,4.0,4.0,3.0,3,3.0,3.0,3,3.0,3.0,3,3.0,4.0,4.0,4,4.0,3,4.0,3.0,3,3.0,3.0,3.0,3.0,3.0,3.0,4.0,4.0,3.0,3,3,4.0,3.0,3.0,3,4,3,4.0,4.0,3.0,3,3,3,3.0,2,3,4,3.0,4,3,4.0,3,3,3,3,3.0,3,4.0,3.0,3.0,3.0,3.0,2.0,3.0,4,4.0,4.0,4,4.0,3.0,3.0,4.0,3.0,4.0,3,3.0,3.0,3.0,3.0,3,3.0,3,3,4,3.0,4.0,3,4.0,3.0,4.0,4.0,3.0,3.0,4,4.0,3.0,4.0,4.0,3.0,3.0,4,3,3,4.0,4.0,4.0,3,3.0,3,3.0,4.0,4.0,4.0,4.0,3,3.0,4,3.0,4.0,4,2.0,4.0,3.0,3.0,3.0,3.0,3.0,3.0,3.0,3.0,3.0,4,4.0,3.0,4.0,4.0,3.0,3.0,4.0,3.0,2.0,4.0,1.0,3.0,4.0,4.0,3.0,4.0,3.0,4.0,4.0,2.0,3.0,4.0,3.0,3.0,3.0,3.0,3.0,4.0,4.0,4.0,4.0,3.0,4.0,4.0,4.0,4.0,4.0,2.0,4.0,4.0,3,3.0,3.0,181,7,1.2,-0.4205318714471493
3.0,4,3,3,3,4,3,3.0,0,0.0,3,3,3,3,4.0,3,3.0,4.0,4.0,4.0,4.0,4.0,4,4.0,4.0,3.0,4,4,4.0,0.0,2,3,4,3.0,4.0,3,4.0,3.0,4.0,4,3,4.0,3,3.0,4,3,4,4,4.0,3,4,4.0,4,4.0,4,3.0,4.0,4,3,3,3.0,4.0,3.0,4,3.0,3,4,3.0,4.0,4.0,1.0,4.0,4,3,4,4,4.0,4.0,4,4.0,3.0,4,1.0,3,3.0,4.0,3,3,4,4.0,4,4.0,3,3,4.0,3,3.0,2.0,3,3,3,3.0,4.0,2,3.0,3,4.0,3.0,3,3,4,4.0,4.0,4,4.0,4.0,4.0,2,4.0,3.0,2,3.0,3,4.0,3,3.0,4.0,4,3,3,4.0,4.0,4.0,3.0,4.0,2.0,4,4.0,4.0,3.0,1,4,4.0,4,4.0,4.0,3,3,3,4.0,4,3.0,4,3,4,4.0,3,4.0,3,4.0,4.0,3,3,3,3.0,4,4.0,4.0,4.0,3.0,2,3,3,4.0,3,3.0,3,3.0,4,4.0,4.0,4,4.0,4.0,4.0,4.0,3.0,4.0,4,2.0,4.0,4,4.0,3,4,4,4.0,4.0,4.0,4.0,3,3.0,4,3,3.0,3,4,3,3.0,4,4.0,4.0,2.0,3,3,4,4.0,4.0,4,3,4.0,3,3.0,4,4.0,4,4,3,4,3,4.0,3.0,3.0,1,4,3,3.0,4.0,4,3,3.0,3,4.0,4.0,4.0,3.0,4.0,4,4.0,4.0,3.0,4,4.0,0.0,4.0,4.0,4.0,4.0,4.0,3.0,4,4,4.0,1.0,3,3,4.0,4,2.0,3,4,4.0,3.0,3.0,3,3,3,4,4.0,3.0,3,4.0,3,4.0,3,3.0,3.0,4,4,3,4.0,3,4.0,0.0,3,3.0,3,3.0,4.0,4.0,4.0,4.0,4.0,4.0,4.0,4.0,3,4.0,4.0,3,3.0,4,4.0,3,3.0,3,3,4,4.0,4,4,3.0,4.0,4.0,4.0,3,4.0,4.0,4.0,4,4.0,4,3.0,3.0,3.0,4.0,4,4,4.0,4.0,3,3,4,4.0,4,4.0,4.0,4.0,4.0,4.0,4.0,4.0,4.0,4,4,3.0,4,4.0,4.0,4.0,4.0,4.0,4,3,4.0,4.0,3,3.0,4,4,3.0,4,4.0,4.0,1.0,4.0,4.0,3.0,4,3,4.0,4.0,3.0,3.0,4.0,4.0,4,4,4,4.0,4,4,4,3,3,4.0,3,4,4.0,3,4.0,4.0,4.0,4.0,4.0,4,4,3.0,3.0,4,4.0,4.0,3.0,3,3.0,3.0,3.0,4.0,4.0,4.0,3,4.0,4.0,4,4.0,4.0,4,4.0,4.0,4.0,3,4.0,4,4.0,4.0,4,2.0,4.0,4.0,4.0,4.0,4.0,4.0,4.0,3.0,3,3,4.0,3.0,3.0,4,4,4,4.0,3.0,4.0,4,3,4,4.0,3,4,4,4.0,3,4,4.0,4,4,3,3,4.0,4,4.0,4.0,3.0,4.0,1.0,4.0,4.0,4,4.0,4.0,3,4.0,4.0,4.0,4.0,4.0,4.0,4,4.0,4.0,3.0,4.0,3,3.0,3,3,3,4.0,4.0,4,3.0,4.0,4.0,4.0,4.0,4.0,3,3.0,4.0,4.0,4.0,4.0,4.0,4,4,4,4.0,4.0,4.0,4,4.0,3,4.0,4.0,4.0,4.0,4.0,4,4.0,3,4.0,4.0,3,4.0,4.0,4.0,4.0,4.0,2.0,4.0,4.0,3.0,4.0,3.0,4,4.0,3.0,4.0,4.0,3.0,3.0,4.0,4.0,4.0,4.0,4.0,3.0,3.0,4.0,4.0,4.0,3.0,0.0,4.0,4.0,4.0,4.0,4.0,3.0,4.0,4.0,4.0,4.0,4.0,3.0,4.0,3.0,4.0,4.0,3.0,4.0,4.0,4.0,4.0,4.0,4,4.0,4.0,182,7,1.180346580886168,-0.32102178852100877
4.0,3,4,4,3,4,4,4.0,4,4.0,3,4,3,3,4.0,4,4.0,4.0,4.0,4.0,3.0,4.0,2,4.0,4.0,4.0,4,4,4.0,4.0,3,3,4,4.0,4.0,3,3.0,4.0,4.0,4,4,3.0,4,3.0,4,4,3,4,1.0,3,3,4.0,4,4.0,4,4.0,4.0,0,3,3,4.0,4.0,4.0,4,4.0,4,3,4.0,4.0,4.0,4.0,4.0,3,4,4,3,4.0,4.0,3,4.0,3.0,4,4.0,4,4.0,4.0,4,4,3,4.0,4,4.0,4,4,4.0,3,4.0,4.0,3,4,4,3.0,4.0,2,4.0,4,4.0,4.0,3,4,3,4.0,4.0,4,4.0,3.0,4.0,3,4.0,3.0,4,4.0,4,4.0,3,4.0,4.0,3,4,3,4.0,4.0,4.0,4.0,4.0,2.0,3,1.0,4.0,4.0,3,3,4.0,4,4.0,4.0,4,4,3,4.0,4,4.0,4,4,4,4.0,4,4.0,3,4.0,4.0,3,4,4,4.0,3,4.0,4.0,4.0,3.0,4,3,3,4.0,4,4.0,4,3.0,3,4.0,4.0,4,4.0,4.0,3.0,3.0,4.0,4.0,3,3.0,4.0,4,4.0,3,4,3,3.0,3.0,4.0,4.0,4,0.0,3,4,3.0,4,3,3,4.0,3,4.0,4.0,4.0,3,3,4,4.0,4.0,4,4,3.0,4,4.0,4,4.0,4,2,3,2,4,4.0,3.0,4.0,3,4,4,4.0,4.0,3,2,4.0,3,3.0,4.0,4.0,4.0,3.0,3,3.0,4.0,3.0,3,3.0,4.0,4.0,4.0,3.0,4.0,4.0,3.0,4,3,3.0,4.0,3,4,4.0,4,4.0,4,3,4.0,4.0,4.0,3,3,3,3,4.0,4.0,4,4.0,3,4.0,4,3.0,4.0,4,4,4,4.0,4,4.0,4.0,4,4.0,3,0.0,4.0,4.0,4.0,4.0,4.0,4.0,3.0,4.0,4,4.0,4.0,4,4.0,4,4.0,3,4.0,3,3,2,4.0,3,4,4.0,4.0,3.0,4.0,3,4.0,4.0,0.0,4,4.0,3,4.0,4.0,4.0,4.0,4,2,4.0,4.0,3,4,4,4.0,3,1.0,4.0,4.0,3.0,4.0,4.0,4.0,4.0,4,3,3.0,4,4.0,4.0,4.0,4.0,4.0,4,3,4.0,4.0,3,4.0,4,3,4.0,3,4.0,3.0,3.0,4.0,4.0,3.0,3,4,3.0,4.0,4.0,4.0,4.0,4.0,4,4,4,4.0,3,3,4,3,4,4.0,3,4,4.0,3,3.0,4.0,3.0,4.0,4.0,4,4,4.0,4.0,4,4.0,4.0,4.0,4,4.0,4.0,3.0,4.0,4.0,4.0,4,4.0,4.0,4,1.0,4.0,4,4.0,4.0,4.0,3,4.0,3,4.0,4.0,4,4.0,4.0,3.0,4.0,3.0,3.0,4.0,4.0,4.0,4,4,4.0,4.0,4.0,4,3,3,4.0,3.0,4.0,4,4,4,4.0,3,3,4,3.0,4,4,,2,3,4,4,4.0,3,4.0,4.0,3.0,4.0,4.0,3.0,4.0,4,4.0,4.0,4,4.0,4.0,0.0,4.0,4.0,4.0,3,4.0,3.0,4.0,4.0,4,4.0,3,3,4,4.0,4.0,3,3.0,4.0,4.0,4.0,4.0,4.0,3,4.0,4.0,4.0,4.0,4.0,4.0,4,3,4,4.0,4.0,3.0,4,4.0,4,4.0,1.0,4.0,4.0,4.0,4,4.0,4,4.0,4.0,4,4.0,4.0,4.0,4.0,4.0,4.0,4.0,4.0,1.0,3.0,4.0,3,4.0,4.0,4.0,4.0,4.0,3.0,4.0,3.0,4.0,2.0,4.0,4.0,2.0,4.0,4.0,4.0,4.0,4.0,4.0,4.0,4.0,4.0,0.0,4.0,4.0,4.0,4.0,4.0,4.0,4.0,4.0,3.0,4.0,,4.0,4.0,4.0,4.0,4.0,4.0,4,4.0,,183,7,1.2093293782353283,-0.3525006008043108
3.0,2,3,2,3,3,3,3.0,3,3.0,2,2,2,2,3.0,3,3.0,,3.0,3.0,3.0,3.0,2,3.0,3.0,3.0,3,3,3.0,3.0,3,3,3,3.0,3.0,3,3.0,3.0,3.0,3,3,3.0,3,2.0,3,3,3,3,3.0,2,3,3.0,2,3.0,3,3.0,3.0,3,3,2,3.0,3.0,3.0,3,3.0,2,2,3.0,3.0,3.0,3.0,3.0,3,3,3,2,3.0,3.0,3,3.0,3.0,3,3.0,3,3.0,3.0,3,3,3,3.0,3,3.0,3,3,3.0,2,3.0,3.0,3,3,2,2.0,3.0,2,3.0,3,3.0,3.0,3,3,2,3.0,3.0,3,3.0,3.0,3.0,2,3.0,3.0,2,3.0,3,3.0,3,3.0,3.0,3,3,2,3.0,3.0,3.0,3.0,3.0,3.0,3,3.0,3.0,3.0,3,3,3.0,3,3.0,3.0,3,3,3,3.0,3,2.0,3,3,3,3.0,3,3.0,3,3.0,3.0,2,3,3,3.0,2,3.0,3.0,3.0,3.0,3,3,2,3.0,3,3.0,2,2.0,3,3.0,3.0,3,3.0,3.0,3.0,3.0,3.0,3.0,3,2.0,3.0,3,3.0,3,3,3,2.0,2.0,3.0,3.0,3,3.0,3,3,2.0,1,3,3,2.0,3,3.0,3.0,3.0,2,2,1,3.0,3.0,2,3,3.0,3,2.0,3,1.0,2,2,3,3,2,3.0,3.0,3.0,3,3,2,2.0,3.0,3,2,3.0,3,3.0,3.0,3.0,3.0,2.0,2,3.0,3.0,3.0,2,0.0,3.0,1.0,3.0,3.0,3.0,3.0,3.0,3,2,3.0,0.0,3,2,3.0,3,1.0,3,3,3.0,3.0,3.0,2,1,2,3,3.0,3.0,3,3.0,3,3.0,0,3.0,3.0,3,3,3,3.0,3,3.0,3.0,3,3.0,3,3.0,3.0,3.0,3.0,3.0,2.0,3.0,3.0,1.0,3,3.0,3.0,3,3.0,3,3.0,3,3.0,3,1,3,3.0,2,3,3.0,3.0,3.0,3.0,2,3.0,3.0,1.0,3,3.0,2,3.0,3.0,2.0,3.0,3,3,3.0,2.0,2,3,3,3.0,3,3.0,3.0,3.0,3.0,3.0,3.0,3.0,3.0,3,3,3.0,1,3.0,3.0,3.0,3.0,,3,2,3.0,3.0,2,3.0,3,3,3.0,3,3.0,3.0,3.0,3.0,3.0,3.0,3,3,3.0,3.0,3.0,3.0,2.0,3.0,2,3,3,3.0,2,3,3,2,3,3.0,3,3,3.0,3,3.0,2.0,3.0,3.0,3.0,3,3,3.0,3.0,2,3.0,3.0,3.0,3,3.0,3.0,3.0,3.0,3.0,3.0,3,3.0,,3,3.0,3.0,3,3.0,3.0,3.0,3,3.0,2,2.0,3.0,3,2.0,3.0,2.0,3.0,2.0,3.0,,3.0,3.0,3,3,3.0,3.0,3.0,3,2,3,3.0,3.0,3.0,3,3,3,3.0,2,3,3,3.0,3,3,,3,3,2,2,3.0,3,3.0,3.0,3.0,3.0,3.0,3.0,3.0,3,3.0,3.0,3,3.0,3.0,3.0,3.0,3.0,3.0,3,3.0,3.0,3.0,3.0,3,3.0,2,3,3,3.0,3.0,3,3.0,0.0,3.0,3.0,3.0,3.0,3,3.0,3.0,3.0,3.0,3.0,3.0,3,3,3,3.0,3.0,3.0,3,3.0,3,3.0,3.0,3.0,3.0,3.0,2,3.0,3,3.0,3.0,3,3.0,3.0,3.0,3.0,3.0,3.0,3.0,3.0,1.0,3.0,3.0,3,3.0,0.0,3.0,,3.0,3.0,3.0,3.0,3.0,3.0,3.0,3.0,3.0,3.0,3.0,3.0,3.0,0.0,3.0,,3.0,,3.0,3.0,3.0,3.0,3.0,1.0,3.0,3.0,3.0,2.0,3.0,,3.0,3.0,3.0,3.0,3.0,3.0,3,3.0,3.0,184,7,1.2037593339627501,-0.2683877040036868
3.0,3,2,3,3,3,3,3.0,2,3.0,3,3,2,3,3.0,3,3.0,,2.0,3.0,3.0,3.0,3,3.0,3.0,3.0,1,3,3.0,3.0,2,3,3,3.0,3.0,3,3.0,3.0,3.0,3,3,3.0,2,3.0,2,3,3,3,3.0,3,3,3.0,3,3.0,3,3.0,3.0,3,3,3,3.0,3.0,3.0,3,3.0,3,3,3.0,3.0,2.0,3.0,3.0,3,3,3,3,3.0,3.0,2,3.0,3.0,3,3.0,3,3.0,3.0,3,3,3,3.0,3,0.0,2,2,3.0,3,3.0,3.0,3,3,3,3.0,1.0,2,3.0,3,3.0,3.0,2,2,3,3.0,3.0,2,3.0,3.0,3.0,3,3.0,3.0,3,3.0,3,3.0,2,3.0,3.0,3,3,2,3.0,3.0,3.0,3.0,3.0,3.0,3,3.0,3.0,3.0,2,2,3.0,3,3.0,3.0,3,3,2,3.0,3,3.0,0,2,3,3.0,3,3.0,2,3.0,3.0,2,3,3,3.0,3,3.0,3.0,3.0,3.0,3,3,3,3.0,3,3.0,2,3.0,3,3.0,3.0,3,3.0,3.0,3.0,3.0,3.0,3.0,3,3.0,3.0,3,,2,3,3,3.0,0.0,3.0,3.0,0,3.0,2,3,3.0,3,3,0,2.0,3,3.0,3.0,3.0,3,3,3,3.0,3.0,2,3,3.0,2,2.0,3,3.0,2,3,2,3,3,3.0,3.0,3.0,2,3,3,3.0,3.0,3,3,3.0,3,2.0,3.0,3.0,3.0,3.0,2,3.0,3.0,3.0,2,3.0,3.0,3.0,3.0,3.0,3.0,3.0,3.0,3,3,3.0,3.0,3,2,3.0,3,3.0,3,2,3.0,3.0,3.0,3,3,3,3,3.0,3.0,3,3.0,3,2.0,1,3.0,3.0,3,3,3,3.0,3,3.0,3.0,3,3.0,3,3.0,3.0,,3.0,3.0,3.0,3.0,3.0,3.0,3,3.0,3.0,2,3.0,3,3.0,3,3.0,3,2,3,3.0,2,3,3.0,3.0,3.0,3.0,3,3.0,3.0,2.0,3,3.0,3,3.0,3.0,3.0,3.0,3,3,3.0,3.0,3,3,3,3.0,3,3.0,3.0,3.0,3.0,3.0,3.0,3.0,3.0,3,3,3.0,3,3.0,3.0,3.0,3.0,3.0,3,2,3.0,3.0,2,3.0,3,3,3.0,3,3.0,3.0,3.0,3.0,3.0,3.0,3,3,3.0,2.0,3.0,3.0,3.0,3.0,3,3,3,3.0,1,2,3,3,3,3.0,2,3,1.0,3,3.0,3.0,3.0,0.0,3.0,3,3,3.0,3.0,2,2.0,3.0,3.0,3,3.0,3.0,3.0,3.0,3.0,3.0,3,3.0,3.0,2,3.0,3.0,3,3.0,3.0,3.0,3,,3,3.0,3.0,3,3.0,1.0,3.0,3.0,3.0,3.0,,3.0,3.0,3,3,3.0,3.0,3.0,2,3,3,3.0,3.0,3.0,3,3,2,3.0,3,3,3,3.0,1,3,,3,3,3,3,1.0,3,3.0,3.0,3.0,3.0,3.0,3.0,3.0,3,2.0,3.0,1,3.0,3.0,3.0,3.0,3.0,3.0,3,2.0,3.0,3.0,3.0,3,3.0,1,3,3,3.0,3.0,3,3.0,3.0,,3.0,3.0,3.0,3,3.0,3.0,3.0,3.0,3.0,3.0,2,3,3,3.0,3.0,3.0,2,3.0,3,2.0,3.0,3.0,,3.0,3,3.0,2,3.0,3.0,3,3.0,3.0,3.0,3.0,3.0,3.0,3.0,3.0,3.0,3.0,3.0,3,3.0,2.0,2.0,,3.0,3.0,3.0,3.0,3.0,3.0,3.0,2.0,3.0,3.0,3.0,3.0,3.0,,3.0,,3.0,,3.0,3.0,3.0,3.0,3.0,3.0,3.0,3.0,3.0,3.0,,,3.0,3.0,3.0,3.0,3.0,3.0,2,3.0,,185,7,1.2470599764798118,-0.28481461426502025
3.0,3,3,3,3,3,3,3.0,3,,3,3,2,3,3.0,3,3.0,,3.0,3.0,3.0,3.0,3,3.0,3.0,3.0,3,3,3.0,3.0,2,3,3,3.0,3.0,3,,3.0,3.0,3,3,3.0,3,3.0,3,3,3,3,3.0,3,3,3.0,3,3.0,3,3.0,3.0,3,3,3,3.0,3.0,2.0,3,3.0,3,0,,,3.0,3.0,3.0,3,3,3,3,3.0,3.0,3,,3.0,3,3.0,1,3.0,3.0,3,3,2,,3,3.0,3,3,3.0,3,3.0,3.0,3,3,3,3.0,3.0,3,3.0,3,3.0,3.0,3,2,3,3.0,3.0,3,3.0,3.0,,1,3.0,2.0,3,3.0,3,3.0,3,3.0,3.0,3,2,3,3.0,3.0,3.0,3.0,3.0,3.0,2,3.0,3.0,,3,3,3.0,3,,1.0,3,2,3,3.0,3,3.0,2,3,3,3.0,3,3.0,3,,3.0,3,3,3,3.0,2,3.0,3.0,3.0,3.0,3,3,3,3.0,3,3.0,3,3.0,3,3.0,3.0,3,3.0,,3.0,3.0,3.0,3.0,3,3.0,,2,,3,2,3,3.0,3.0,3.0,3.0,3,,3,3,2.0,2,3,3,3.0,3,3.0,,3.0,3,2,3,3.0,3.0,2,2,3.0,3,3.0,3,3.0,2,3,2,3,3,,3.0,2.0,3,3,0,3.0,,3,3,3.0,3,3.0,3.0,3.0,3.0,,3,3.0,3.0,3.0,3,,,3.0,3.0,3.0,3.0,3.0,3.0,3,3,3.0,3.0,3,3,,3,0.0,3,3,3.0,3.0,3.0,3,3,3,1,3.0,2.0,3,3.0,3,3.0,3,,,3,3,3,,3,3.0,3.0,3,3.0,3,3.0,3.0,3.0,,3.0,3.0,3.0,3.0,3.0,0,,3.0,3,3.0,3,,2,3.0,3,3,3,,3,3,3.0,3.0,3.0,3.0,3,3.0,,3.0,3,3.0,3,3.0,3.0,,,3,3,,3.0,3,3,0,3.0,3,3.0,,,3.0,3.0,,,,3,3,3.0,3,3.0,3.0,3.0,,,3,3,,1.0,3,3.0,3,3,3.0,3,1.0,,,3.0,3.0,3.0,3,3,3.0,3.0,3.0,3.0,3.0,2.0,3,3,3,3.0,3,3,3,3,3,3.0,3,3,3.0,3,3.0,3.0,3.0,3.0,3.0,3,3,3.0,3.0,3,3.0,2.0,3.0,3,3.0,3.0,2.0,3.0,3.0,,3,,3.0,3,3.0,,2,3.0,,,3,3.0,3,,,3,3.0,,3.0,3.0,3.0,2.0,,3.0,3.0,3,3,3.0,3.0,3.0,3,3,3,,3.0,3.0,3,2,3,3.0,3,3,3,3.0,3,3,,3,3,3,3,3.0,3,,3.0,3.0,3.0,3.0,3.0,2.0,3,3.0,3.0,2,,3.0,3.0,3.0,3.0,3.0,3,3.0,3.0,3.0,0.0,3,,3,3,3,,,3,3.0,3.0,,3.0,3.0,3.0,1,3.0,3.0,3.0,3.0,3.0,3.0,3,2,3,3.0,3.0,3.0,3,3.0,3,3.0,,3.0,,3.0,3,3.0,3,3.0,3.0,3,3.0,3.0,3.0,3.0,3.0,3.0,3.0,3.0,2.0,3.0,,3,3.0,,3.0,3.0,3.0,,3.0,3.0,,3.0,3.0,3.0,,3.0,3.0,,3.0,3.0,3.0,3.0,,3.0,3.0,3.0,3.0,3.0,3.0,3.0,,2.0,3.0,3.0,,,,,,3.0,,,3,3.0,,186,7,1.3623372499206097,-0.20363126462084707
3.0,2,3,3,2,3,3,3.0,3,4.0,3,3,3,3,3.0,3,4.0,4.0,3.0,3.0,3.0,4.0,3,3.0,4.0,3.0,2,1,3.0,3.0,2,3,3,3.0,4.0,3,3.0,3.0,3.0,3,3,3.0,3,3.0,3,3,3,3,2.0,3,3,3.0,3,3.0,3,3.0,3.0,3,3,3,4.0,3.0,3.0,3,3.0,3,3,3.0,4.0,3.0,4.0,4.0,3,3,3,2,4.0,3.0,4,4.0,3.0,4,3.0,3,4.0,4.0,3,4,3,4.0,4,4.0,3,3,4.0,3,3.0,3.0,3,3,3,1.0,3.0,3,3.0,3,4.0,3.0,3,3,4,4.0,3.0,3,3.0,3.0,3.0,3,3.0,3.0,3,3.0,4,3.0,3,3.0,3.0,4,3,3,3.0,3.0,3.0,0.0,4.0,1.0,3,3.0,3.0,3.0,3,3,4.0,3,3.0,3.0,3,3,3,3.0,3,3.0,3,3,3,4.0,3,4.0,3,3.0,3.0,3,3,3,3.0,3,4.0,4.0,4.0,3.0,3,3,0,3.0,3,3.0,3,3.0,3,3.0,3.0,3,3.0,4.0,3.0,4.0,2.0,3.0,3,3.0,3.0,3,3.0,2,3,3,3.0,2.0,3.0,3.0,2,3.0,2,3,3.0,3,3,0,2.0,3,3.0,3.0,3.0,2,3,3,3.0,2.0,3,3,3.0,3,3.0,3,3.0,3,3,3,3,3,3.0,3.0,3.0,3,3,2,3.0,3.0,0,3,3.0,3,3.0,3.0,3.0,3.0,3.0,3,3.0,3.0,3.0,3,3.0,3.0,3.0,3.0,3.0,3.0,3.0,3.0,2,3,3.0,3.0,3,3,4.0,4,3.0,2,3,1.0,3.0,3.0,2,3,3,3,3.0,2.0,3,3.0,3,2.0,3,3.0,3.0,3,3,3,3.0,3,3.0,3.0,4,3.0,3,3.0,2.0,4.0,2.0,3.0,3.0,4.0,3.0,3.0,3,3.0,3.0,3,3.0,3,3.0,3,3.0,3,3,3,4.0,3,3,4.0,3.0,3.0,3.0,3,3.0,2.0,3.0,3,3.0,3,3.0,3.0,3.0,3.0,3,3,3.0,3.0,3,3,3,4.0,3,3.0,3.0,1.0,3.0,4.0,3.0,3.0,3.0,3,3,2.0,3,3.0,2.0,4.0,3.0,4.0,3,3,3.0,3.0,3,3.0,3,3,3.0,3,3.0,3.0,3.0,3.0,3.0,3.0,3,3,3.0,3.0,3.0,3.0,3.0,3.0,3,3,4,4.0,3,2,3,3,3,4.0,1,3,3.0,3,3.0,3.0,3.0,3.0,3.0,4,3,3.0,3.0,3,3.0,4.0,4.0,3,4.0,3.0,3.0,4.0,3.0,4.0,3,3.0,4.0,4,3.0,3.0,3,4.0,4.0,4.0,3,3.0,3,3.0,3.0,3,3.0,1.0,3.0,4.0,3.0,1.0,0.0,4.0,4.0,3,3,3.0,3.0,3.0,3,3,4,3.0,3.0,2.0,3,4,2,3.0,3,3,3,4.0,4,3,4.0,3,3,3,3,4.0,3,3.0,3.0,2.0,4.0,3.0,3.0,3.0,3,3.0,4.0,3,3.0,3.0,4.0,3.0,3.0,4.0,3,3.0,4.0,3.0,4.0,3,3.0,3,3,3,3.0,3.0,3,3.0,4.0,4.0,4.0,3.0,3.0,3,4.0,4.0,3.0,3.0,4.0,4.0,3,4,3,4.0,4.0,4.0,3,3.0,3,3.0,4.0,3.0,4.0,3.0,1,4.0,3,3.0,4.0,3,4.0,4.0,4.0,3.0,3.0,3.0,4.0,3.0,3.0,2.0,1.0,3,3.0,3.0,3.0,4.0,3.0,3.0,4.0,3.0,3.0,4.0,3.0,3.0,3.0,3.0,3.0,3.0,3.0,4.0,3.0,4.0,3.0,0.0,4.0,4.0,4.0,3.0,3.0,3.0,3.0,4.0,3.0,3.0,4.0,4.0,3.0,3.0,4.0,4.0,4.0,4.0,3,4.0,4.0,187,7,1.196311760612387,-0.32619996514405636
3.0,2,2,3,3,3,3,3.0,3,3.0,3,3,2,3,3.0,3,2.0,,3.0,3.0,3.0,3.0,3,3.0,3.0,3.0,3,3,3.0,3.0,2,3,3,2.0,3.0,3,3.0,1.0,3.0,3,1,3.0,3,3.0,2,3,3,3,3.0,2,3,3.0,3,3.0,3,3.0,3.0,3,3,3,3.0,1.0,3.0,3,3.0,3,2,3.0,3.0,3.0,3.0,3.0,2,3,3,3,3.0,2.0,2,3.0,3.0,2,3.0,3,3.0,3.0,2,3,2,3.0,3,3.0,2,3,3.0,2,3.0,3.0,3,3,2,3.0,3.0,2,2.0,3,3.0,3.0,3,2,3,2.0,3.0,3,3.0,3.0,3.0,3,3.0,3.0,3,3.0,3,3.0,3,3.0,3.0,3,2,3,3.0,3.0,3.0,3.0,3.0,3.0,3,3.0,3.0,3.0,2,3,3.0,3,3.0,3.0,3,3,3,3.0,2,1.0,2,3,3,3.0,3,3.0,3,2.0,3.0,2,2,3,3.0,3,3.0,3.0,3.0,3.0,1,3,2,3.0,3,3.0,2,3.0,3,3.0,3.0,3,3.0,3.0,3.0,2.0,3.0,3.0,3,0.0,3.0,3,3.0,2,3,3,3.0,3.0,3.0,3.0,2,1.0,2,3,3.0,3,3,2,3.0,2,3.0,3.0,3.0,2,2,3,3.0,2.0,3,3,3.0,3,3.0,1,3.0,3,3,3,3,3,0.0,3.0,3.0,2,3,2,3.0,3.0,2,3,3.0,2,3.0,3.0,3.0,3.0,3.0,3,3.0,3.0,3.0,3,0.0,3.0,3.0,3.0,3.0,3.0,3.0,3.0,3,3,3.0,3.0,3,2,3.0,3,3.0,2,3,3.0,3.0,2.0,3,2,3,3,3.0,2.0,3,3.0,3,3.0,2,3.0,3.0,3,3,2,3.0,3,3.0,3.0,3,3.0,3,3.0,3.0,3.0,3.0,3.0,2.0,3.0,3.0,3.0,1,3.0,3.0,3,3.0,3,3.0,3,3.0,3,3,3,3.0,3,3,3.0,3.0,3.0,3.0,2,2.0,3.0,3.0,3,3.0,3,3.0,3.0,3.0,3.0,3,3,3.0,3.0,2,2,2,3.0,2,3.0,3.0,3.0,3.0,3.0,3.0,3.0,3.0,3,3,3.0,3,3.0,3.0,3.0,1.0,0.0,3,2,2.0,3.0,3,3.0,2,2,3.0,3,3.0,3.0,3.0,3.0,3.0,3.0,2,2,3.0,3.0,3.0,3.0,3.0,3.0,3,3,3,3.0,3,3,1,3,2,3.0,2,3,3.0,3,3.0,3.0,2.0,3.0,3.0,3,3,3.0,3.0,0,3.0,3.0,2.0,3,3.0,3.0,1.0,3.0,3.0,3.0,3,3.0,3.0,3,3.0,3.0,3,3.0,3.0,3.0,3,3.0,3,3.0,3.0,3,3.0,3.0,3.0,3.0,3.0,3.0,,3.0,3.0,3,3,3.0,3.0,3.0,2,3,3,3.0,3.0,3.0,3,3,3,3.0,2,2,3,3.0,3,3,,3,3,3,2,2.0,2,3.0,3.0,2.0,3.0,3.0,3.0,3.0,2,3.0,3.0,3,1.0,3.0,3.0,3.0,3.0,3.0,3,3.0,3.0,2.0,3.0,3,3.0,2,2,2,3.0,3.0,3,3.0,2.0,,3.0,3.0,3.0,3,3.0,3.0,1.0,3.0,3.0,,2,2,3,3.0,3.0,3.0,3,3.0,2,2.0,3.0,2.0,3.0,3.0,2,3.0,3,3.0,3.0,3,0.0,3.0,3.0,3.0,3.0,3.0,3.0,3.0,1.0,3.0,3.0,3,3.0,3.0,3.0,,3.0,2.0,3.0,3.0,3.0,3.0,3.0,3.0,3.0,3.0,3.0,3.0,3.0,3.0,3.0,3.0,3.0,,3.0,3.0,3.0,3.0,3.0,3.0,1.0,2.0,2.0,3.0,3.0,3.0,3.0,3.0,3.0,3.0,3.0,3.0,3,3.0,3.0,188,7,1.1850845410628021,-0.30831618197502847
3.0,3,3,3,3,3,2,3.0,3,3.0,1,3,2,3,3.0,3,3.0,,3.0,3.0,3.0,3.0,3,3.0,3.0,3.0,3,3,3.0,3.0,3,3,3,2.0,3.0,3,3.0,3.0,1.0,3,3,3.0,3,3.0,2,3,3,3,3.0,3,3,3.0,2,3.0,3,3.0,3.0,3,3,3,3.0,3.0,3.0,3,3.0,3,1,3.0,3.0,3.0,3.0,3.0,3,3,3,3,3.0,3.0,3,3.0,3.0,3,3.0,3,3.0,3.0,3,3,3,,3,3.0,3,3,3.0,3,3.0,3.0,3,3,3,3.0,3.0,2,3.0,3,,2.0,3,3,2,3.0,3.0,3,3.0,3.0,3.0,3,3.0,3.0,3,3.0,3,3.0,3,3.0,3.0,3,3,3,3.0,3.0,3.0,3.0,3.0,0.0,3,3.0,3.0,3.0,2,3,3.0,3,3.0,3.0,3,2,3,3.0,3,2.0,3,3,3,3.0,3,3.0,2,3.0,3.0,3,3,3,3.0,3,3.0,3.0,3.0,3.0,3,2,3,3.0,3,3.0,3,3.0,3,3.0,3.0,3,3.0,3.0,3.0,3.0,3.0,3.0,3,3.0,3.0,3,3.0,3,3,3,3.0,3.0,3.0,3.0,3,3.0,3,2,2.0,2,2,3,3.0,3,,3.0,3.0,3,3,2,3.0,3.0,3,3,3.0,3,3.0,3,3.0,3,3,3,3,3,2.0,3.0,3.0,2,3,3,3.0,3.0,2,3,3.0,2,3.0,3.0,3.0,3.0,3.0,3,3.0,3.0,3.0,3,3.0,0.0,3.0,3.0,3.0,3.0,3.0,2.0,3,1,3.0,3.0,2,3,3.0,2,,3,3,3.0,3.0,2.0,3,3,0,3,,3.0,2,0.0,3,3.0,2,3.0,,3,3,3,3.0,3,3.0,3.0,3,3.0,3,2.0,3.0,,3.0,3.0,3.0,3.0,3.0,3.0,3,3.0,3.0,3,3.0,3,3.0,2,3.0,3,2,2,3.0,3,3,3.0,3.0,2.0,3.0,3,3.0,3.0,1.0,3,3.0,2,3.0,3.0,3.0,3.0,3,3,3.0,3.0,3,3,2,3.0,3,3.0,3.0,3.0,3.0,3.0,3.0,3.0,3.0,3,3,2.0,3,3.0,3.0,3.0,3.0,,3,3,3.0,3.0,3,3.0,3,3,3.0,3,3.0,3.0,3.0,3.0,3.0,3.0,3,3,3.0,3.0,3.0,3.0,3.0,3.0,2,3,3,3.0,3,3,3,2,2,3.0,1,3,3.0,3,3.0,3.0,3.0,3.0,3.0,3,3,3.0,3.0,3,3.0,3.0,3.0,3,3.0,1.0,3.0,3.0,3.0,3.0,3,3.0,3.0,3,3.0,3.0,3,3.0,3.0,,3,,3,3.0,3.0,3,3.0,3.0,3.0,3.0,3.0,,,2.0,3.0,3,3,3.0,3.0,3.0,3,3,3,3.0,2.0,3.0,3,0,3,2.0,3,2,2,2.0,3,3,,3,3,0,3,3.0,2,3.0,3.0,3.0,3.0,3.0,3.0,3.0,3,3.0,3.0,3,3.0,3.0,3.0,3.0,3.0,3.0,2,3.0,3.0,3.0,1.0,3,3.0,2,3,3,3.0,3.0,3,3.0,3.0,3.0,3.0,3.0,2.0,2,3.0,3.0,3.0,3.0,3.0,3.0,3,2,3,3.0,3.0,3.0,3,2.0,3,3.0,3.0,3.0,3.0,3.0,3,3.0,3,3.0,1.0,3,3.0,3.0,3.0,3.0,,3.0,3.0,3.0,2.0,3.0,3.0,3,3.0,3.0,,,3.0,3.0,3.0,2.0,3.0,1.0,3.0,3.0,3.0,3.0,3.0,3.0,3.0,,3.0,,3.0,,2.0,3.0,3.0,3.0,3.0,3.0,2.0,3.0,3.0,3.0,,,3.0,3.0,3.0,3.0,3.0,,3,3.0,2.0,189,7,1.2570108874958759,-0.18768335832505562
4.0,4,3,3,4,4,4,4.0,4,4.0,4,4,3,3,3.0,4,4.0,0.0,4.0,3.0,4.0,4.0,4,4.0,4.0,4.0,4,4,4.0,4.0,4,4,4,4.0,4.0,4,4.0,4.0,4.0,4,4,4.0,4,4.0,3,4,4,4,4.0,4,4,4.0,4,4.0,4,4.0,4.0,4,4,4,4.0,4.0,4.0,4,4.0,4,3,4.0,4.0,4.0,4.0,4.0,4,4,3,4,4.0,4.0,4,4.0,4.0,3,3.0,4,4.0,4.0,3,3,4,,4,3.0,3,4,4.0,4,4.0,4.0,4,4,3,3.0,4.0,4,4.0,4,2.0,4.0,4,4,4,4.0,4.0,4,3.0,4.0,4.0,3,4.0,4.0,4,4.0,4,4.0,4,4.0,4.0,4,4,4,4.0,4.0,4.0,4.0,4.0,4.0,4,4.0,4.0,4.0,4,3,4.0,4,4.0,4.0,3,3,4,1.0,4,4.0,3,4,4,4.0,3,2.0,4,4.0,3.0,3,3,4,4.0,4,4.0,4.0,4.0,4.0,4,4,3,4.0,4,3.0,4,4.0,4,4.0,4.0,3,4.0,4.0,4.0,4.0,4.0,4.0,4,4.0,4.0,4,4.0,3,4,4,2.0,1.0,4.0,4.0,3,4.0,4,3,4.0,4,4,4,4.0,4,4.0,4.0,4.0,3,3,3,1.0,4.0,4,4,4.0,4,4.0,4,3.0,3,4,4,4,4,4.0,4.0,4.0,4,4,3,4.0,4.0,2,4,4.0,4,3.0,4.0,3.0,4.0,4.0,4,4.0,4.0,4.0,3,4.0,4.0,2.0,4.0,4.0,4.0,4.0,3.0,4,3,4.0,4.0,3,4,4.0,4,4.0,4,1,4.0,4.0,4.0,4,4,4,3,4.0,4.0,4,4.0,4,4.0,4,4.0,4.0,4,4,4,4.0,4,4.0,4.0,4,4.0,4,3.0,4.0,4.0,3.0,4.0,4.0,4.0,4.0,4.0,4,4.0,4.0,3,4.0,0,4.0,3,4.0,3,3,4,4.0,3,3,4.0,4.0,3.0,4.0,3,4.0,4.0,1.0,3,4.0,4,4.0,4.0,3.0,4.0,4,4,4.0,3.0,4,4,4,4.0,4,4.0,4.0,4.0,4.0,4.0,4.0,4.0,4.0,4,3,3.0,4,4.0,4.0,4.0,4.0,,3,4,4.0,4.0,3,4.0,3,3,4.0,3,4.0,4.0,4.0,4.0,4.0,4.0,4,4,4.0,4.0,4.0,4.0,4.0,4.0,3,4,4,4.0,4,3,3,3,3,4.0,2,3,4.0,1,4.0,4.0,3.0,3.0,4.0,4,4,4.0,3.0,3,4.0,4.0,4.0,4,4.0,4.0,4.0,4.0,4.0,1.0,4,4.0,4.0,4,4.0,4.0,4,4.0,4.0,4.0,4,4.0,4,4.0,3.0,4,4.0,4.0,3.0,4.0,4.0,4.0,,4.0,2.0,3,4,0.0,4.0,4.0,3,4,4,4.0,4.0,4.0,3,4,3,4.0,3,4,3,3.0,4,4,,3,4,4,4,3.0,4,4.0,3.0,4.0,3.0,4.0,0.0,4.0,4,4.0,4.0,3,4.0,4.0,4.0,4.0,4.0,4.0,4,4.0,4.0,3.0,4.0,4,4.0,4,4,3,4.0,4.0,4,3.0,4.0,4.0,4.0,0.0,3.0,4,4.0,3.0,4.0,4.0,4.0,4.0,4,3,4,3.0,4.0,4.0,4,4.0,4,4.0,4.0,3.0,4.0,4.0,4,4.0,3,4.0,4.0,4,4.0,4.0,4.0,4.0,3.0,4.0,4.0,2.0,4.0,4.0,3.0,4,4.0,3.0,4.0,4.0,4.0,4.0,4.0,4.0,4.0,4.0,4.0,4.0,4.0,4.0,4.0,4.0,3.0,4.0,3.0,4.0,0.0,,4.0,4.0,4.0,4.0,4.0,4.0,4.0,4.0,4.0,3.0,,4.0,4.0,4.0,4.0,4.0,4.0,4.0,2,4.0,,190,7,1.2523246871285745,-0.2515474847634952
3.0,0,3,3,3,3,3,3.0,1,3.0,3,3,1,3,3.0,3,3.0,,3.0,3.0,3.0,3.0,2,3.0,2.0,3.0,3,3,3.0,3.0,3,3,2,2.0,3.0,2,3.0,3.0,2.0,2,3,3.0,3,3.0,2,2,3,3,3.0,3,2,3.0,3,2.0,3,3.0,3.0,3,3,3,3.0,3.0,3.0,3,3.0,2,2,3.0,3.0,3.0,3.0,3.0,3,2,2,3,3.0,3.0,3,3.0,3.0,3,3.0,2,3.0,3.0,3,3,3,3.0,2,2.0,2,3,3.0,3,3.0,3.0,2,3,3,3.0,3.0,3,2.0,3,3.0,3.0,2,3,3,3.0,3.0,3,3.0,3.0,3.0,2,3.0,3.0,3,3.0,3,3.0,2,3.0,3.0,3,3,2,2.0,3.0,3.0,3.0,3.0,3.0,1,3.0,3.0,3.0,2,3,3.0,3,3.0,3.0,3,0,3,1.0,3,3.0,3,3,3,3.0,3,3.0,3,3.0,3.0,3,3,3,3.0,3,3.0,3.0,2.0,3.0,3,3,2,3.0,3,3.0,2,3.0,0,3.0,3.0,2,3.0,3.0,3.0,3.0,3.0,3.0,3,3.0,3.0,3,3.0,2,2,1,3.0,3.0,3.0,3.0,2,2.0,2,1,1.0,2,3,3,3.0,3,3.0,3.0,3.0,0,2,3,3.0,3.0,3,3,3.0,3,3.0,3,3.0,2,2,2,2,3,3.0,2.0,3.0,2,2,3,3.0,3.0,3,3,3.0,2,2.0,2.0,3.0,3.0,2.0,3,3.0,3.0,3.0,2,3.0,3.0,3.0,3.0,3.0,3.0,3.0,3.0,2,2,3.0,3.0,2,2,3.0,3,3.0,3,3,3.0,3.0,3.0,3,2,3,3,3.0,3.0,3,0.0,3,3.0,3,1.0,3.0,2,3,3,3.0,3,3.0,3.0,3,3.0,3,3.0,3.0,3.0,3.0,3.0,3.0,3.0,3.0,3.0,3,3.0,3.0,3,3.0,3,2.0,3,3.0,3,2,2,3.0,2,3,3.0,2.0,2.0,3.0,2,3.0,3.0,3.0,3,3.0,3,2.0,3.0,2.0,3.0,2,3,3.0,3.0,3,3,2,3.0,3,2.0,3.0,3.0,3.0,3.0,3.0,3.0,3.0,3,2,2.0,3,3.0,3.0,3.0,3.0,3.0,3,2,3.0,3.0,2,3.0,2,2,3.0,3,3.0,3.0,2.0,3.0,2.0,3.0,3,3,3.0,3.0,3.0,3.0,3.0,3.0,3,3,0,3.0,3,3,2,3,3,3.0,2,3,3.0,3,3.0,3.0,3.0,3.0,3.0,3,2,3.0,3.0,3,3.0,3.0,3.0,3,3.0,3.0,3.0,3.0,2.0,3.0,3,3.0,2.0,3,3.0,3.0,2,2.0,3.0,3.0,3,3.0,3,3.0,3.0,3,3.0,3.0,3.0,3.0,3.0,3.0,,3.0,3.0,3,3,3.0,3.0,3.0,1,3,2,3.0,3.0,3.0,2,3,3,3.0,3,3,3,3.0,3,3,,3,3,3,3,3.0,2,3.0,3.0,3.0,3.0,3.0,3.0,2.0,3,3.0,3.0,3,3.0,2.0,3.0,3.0,2.0,3.0,2,3.0,3.0,3.0,3.0,3,2.0,1,3,2,3.0,3.0,3,3.0,3.0,,3.0,3.0,3.0,2,3.0,3.0,3.0,3.0,3.0,3.0,3,2,3,3.0,3.0,3.0,3,2.0,3,3.0,3.0,3.0,3.0,3.0,3,3.0,3,3.0,3.0,3,3.0,3.0,3.0,3.0,3.0,3.0,3.0,3.0,3.0,2.0,3.0,3,3.0,3.0,3.0,,3.0,3.0,3.0,3.0,3.0,3.0,3.0,3.0,3.0,3.0,3.0,3.0,3.0,,3.0,3.0,3.0,,3.0,3.0,3.0,3.0,3.0,3.0,3.0,3.0,3.0,3.0,,,2.0,3.0,3.0,3.0,3.0,3.0,3,3.0,,191,7,1.1897659307391273,-0.3657177256442289
3.0,3,3,3,4,3,3,3.0,3,3.0,4,3,3,3,4.0,3,3.0,4.0,3.0,4.0,4.0,3.0,2,3.0,3.0,3.0,4,3,3.0,4.0,3,3,3,3.0,3.0,3,4.0,4.0,4.0,3,4,3.0,3,3.0,3,3,3,3,3.0,4,3,4.0,3,4.0,3,4.0,4.0,3,3,4,3.0,4.0,3.0,3,3.0,3,3,4.0,4.0,4.0,3.0,3.0,3,3,3,2,3.0,3.0,3,4.0,4.0,3,3.0,3,4.0,4.0,3,3,3,4.0,3,3.0,3,3,3.0,3,4.0,4.0,3,3,3,4.0,4.0,3,3.0,1,4.0,3.0,3,3,3,3.0,3.0,3,4.0,3.0,4.0,3,3.0,3.0,3,3.0,3,3.0,2,4.0,3.0,3,3,4,3.0,3.0,3.0,3.0,3.0,3.0,3,1.0,3.0,4.0,3,4,3.0,4,3.0,3.0,2,4,3,4.0,3,3.0,3,3,4,3.0,3,3.0,3,4.0,4.0,3,4,3,3.0,3,4.0,4.0,3.0,3.0,2,0,3,4.0,4,3.0,3,4.0,4,3.0,3.0,3,1.0,4.0,4.0,0.0,4.0,3.0,3,3.0,4.0,4,4.0,3,3,3,3.0,4.0,4.0,4.0,2,4.0,3,3,3.0,0,3,4,4.0,3,4.0,4.0,3.0,4,3,3,4.0,4.0,4,3,3.0,4,4.0,3,2.0,3,4,3,4,4,3.0,4.0,3.0,3,3,4,4.0,4.0,4,3,4.0,2,4.0,4.0,4.0,4.0,3.0,4,4.0,3.0,4.0,3,3.0,4.0,3.0,4.0,4.0,4.0,3.0,4.0,3,3,4.0,4.0,3,4,4.0,2,4.0,3,3,3.0,3.0,3.0,3,3,3,3,4.0,4.0,4,3.0,3,4.0,3,4.0,4.0,3,3,3,4.0,3,4.0,4.0,4,4.0,3,3.0,4.0,4.0,0.0,3.0,3.0,3.0,4.0,4.0,3,3.0,4.0,2,3.0,3,4.0,3,3.0,4,3,3,4.0,3,3,3.0,3.0,3.0,4.0,3,4.0,4.0,3.0,3,3.0,3,3.0,4.0,4.0,3.0,3,3,4.0,4.0,3,3,3,4.0,4,4.0,1.0,4.0,4.0,4.0,4.0,4.0,4.0,4,3,3.0,3,3.0,4.0,3.0,4.0,4.0,3,3,4.0,4.0,3,3.0,3,3,4.0,3,3.0,4.0,4.0,3.0,4.0,4.0,3,3,4.0,2.0,3.0,3.0,4.0,3.0,4,3,4,4.0,3,4,3,4,3,2.0,3,3,3.0,3,3.0,3.0,3.0,3.0,4.0,3,3,4.0,3.0,3,4.0,3.0,3.0,3,4.0,3.0,4.0,3.0,4.0,3.0,4,4.0,3.0,3,4.0,4.0,3,3.0,4.0,4.0,3,4.0,1,4.0,4.0,4,3.0,4.0,4.0,4.0,4.0,0.0,4.0,4.0,3.0,4,3,3.0,3.0,4.0,3,4,3,4.0,3.0,3.0,3,3,3,4.0,2,3,3,3.0,2,3,4.0,3,3,2,3,3.0,3,3.0,3.0,3.0,4.0,3.0,4.0,3.0,0,3.0,4.0,3,3.0,3.0,3.0,3.0,3.0,4.0,4,3.0,3.0,4.0,4.0,3,4.0,3,3,3,4.0,3.0,4,3.0,4.0,4.0,3.0,4.0,3.0,3,3.0,4.0,3.0,3.0,3.0,4.0,3,3,3,2.0,3.0,4.0,3,3.0,3,1.0,4.0,2.0,4.0,4.0,3,3.0,3,4.0,3.0,3,3.0,4.0,4.0,3.0,3.0,3.0,3.0,4.0,3.0,3.0,3.0,4,4.0,3.0,4.0,4.0,4.0,3.0,4.0,3.0,4.0,3.0,3.0,3.0,4.0,4.0,3.0,4.0,4.0,4.0,4.0,3.0,4.0,4.0,4.0,4.0,4.0,4.0,4.0,4.0,4.0,2.0,3.0,4.0,4.0,4.0,4.0,4.0,4.0,2.0,4.0,4.0,3,4.0,1.0,192,7,1.1774406332453826,-0.4436076991253774
3.0,3,3,3,3,3,3,3.0,3,3.0,3,3,3,2,3.0,3,3.0,,3.0,1.0,3.0,3.0,3,3.0,,3.0,3,3,3.0,3.0,3,2,3,3.0,3.0,3,3.0,3.0,0.0,3,3,3.0,3,3.0,3,3,2,3,3.0,3,3,3.0,3,3.0,3,3.0,2.0,3,3,3,3.0,3.0,3.0,3,0.0,3,3,3.0,,3.0,3.0,2.0,2,3,3,3,,3.0,3,3.0,3.0,3,3.0,3,,2.0,3,3,3,,3,3.0,3,3,3.0,3,3.0,3.0,3,3,3,3.0,3.0,3,3.0,3,,3.0,3,3,3,3.0,3.0,3,,3.0,3.0,3,3.0,3.0,3,3.0,3,2.0,3,3.0,3.0,3,2,3,3.0,3.0,3.0,3.0,3.0,3.0,3,3.0,,,3,2,3.0,3,3.0,3.0,3,3,3,3.0,3,3.0,3,3,3,3.0,3,3.0,3,3.0,3.0,3,3,3,3.0,3,3.0,3.0,3.0,3.0,3,3,2,3.0,0,3.0,1,,3,3.0,3.0,3,3.0,3.0,3.0,3.0,,3.0,3,3.0,3.0,2,3.0,3,2,3,3.0,3.0,3.0,3.0,3,,0,2,3.0,3,3,3,3.0,3,3.0,,3.0,3,3,3,3.0,3.0,3,3,3.0,3,3.0,2,3.0,3,3,2,3,3,3.0,3.0,3.0,3,3,3,2.0,3.0,3,3,3.0,3,3.0,3.0,3.0,3.0,3.0,3,3.0,3.0,3.0,3,3.0,,1.0,3.0,,3.0,3.0,,3,3,3.0,3.0,3,3,3.0,3,,3,3,3.0,3.0,3.0,3,3,2,3,3.0,1.0,3,3.0,3,3.0,3,3.0,,3,3,1,3.0,3,3.0,,2,,3,,3.0,3.0,,3.0,3.0,3.0,3.0,3.0,3,3.0,3.0,3,3.0,3,3.0,2,3.0,3,3,3,3.0,3,3,3.0,3.0,,3.0,3,3.0,,3.0,3,3.0,3,3.0,2.0,,3.0,3,3,,3.0,3,3,3,3.0,3,,2.0,,3.0,3.0,3.0,3.0,,3,3,3.0,3,3.0,,3.0,3.0,,3,3,,3.0,3,,2,3,,3,3.0,3.0,3.0,3.0,,3.0,3,3,3.0,3.0,3.0,3.0,3.0,,2,3,3,3.0,3,3,3,3,3,,3,3,,3,3.0,3.0,,,,3,3,,3.0,3,3.0,,3.0,3,3.0,3.0,3.0,3.0,,,3,3.0,3.0,3,3.0,,3,3.0,3.0,,3,3.0,2,3.0,2.0,3,3.0,3.0,3.0,3.0,2.0,3.0,,3.0,3.0,2,3,3.0,3.0,,3,3,3,,3.0,3.0,3,3,3,,3,3,3,3.0,3,3,,3,3,3,3,3.0,3,3.0,3.0,3.0,,3.0,3.0,3.0,3,,3.0,3,3.0,1.0,3.0,,3.0,3.0,3,3.0,,3.0,3.0,3,3.0,3,3,3,3.0,3.0,3,3.0,3.0,,3.0,,3.0,0,,3.0,3.0,,3.0,3.0,3,3,3,,3.0,,3,3.0,3,3.0,,3.0,,3.0,1,,3,3.0,,3,3.0,3.0,3.0,3.0,3.0,3.0,3.0,0.0,,3.0,3.0,3,3.0,3.0,3.0,,3.0,3.0,,,,3.0,3.0,3.0,3.0,3.0,3.0,,3.0,3.0,,3.0,3.0,,,1.0,,3.0,3.0,3.0,,,,,,,,,,,3.0,,3,3.0,1.0,193,7,1.4318268862504788,-0.07540180660876242
3.0,3,3,3,3,3,3,3.0,3,3.0,3,2,2,3,3.0,2,3.0,,3.0,3.0,3.0,3.0,3,3.0,3.0,2.0,3,2,3.0,3.0,3,3,3,3.0,3.0,3,3.0,3.0,3.0,3,3,3.0,3,3.0,3,3,3,3,3.0,3,3,3.0,2,3.0,3,3.0,3.0,3,3,3,3.0,3.0,3.0,3,3.0,3,2,3.0,,3.0,3.0,3.0,2,3,0,3,3.0,2.0,3,3.0,3.0,3,3.0,0,3.0,3.0,3,3,2,,3,3.0,3,2,3.0,2,3.0,3.0,2,2,3,3.0,3.0,3,2.0,3,3.0,2.0,2,3,3,3.0,3.0,3,3.0,3.0,3.0,3,3.0,3.0,3,3.0,3,0.0,3,3.0,3.0,3,3,3,3.0,3.0,3.0,3.0,3.0,3.0,2,3.0,3.0,3.0,2,3,3.0,3,3.0,3.0,3,2,3,3.0,3,3.0,3,3,3,3.0,2,3.0,3,3.0,3.0,3,2,3,3.0,3,3.0,3.0,3.0,3.0,2,2,3,3.0,3,3.0,3,3.0,3,3.0,3.0,3,3.0,3.0,2.0,3.0,3.0,3.0,3,3.0,3.0,3,,3,3,3,3.0,3.0,3.0,3.0,3,3.0,3,3,3.0,2,2,3,3.0,3,,3.0,3.0,2,3,3,3.0,3.0,3,3,3.0,3,3.0,3,3.0,2,3,3,3,3,3.0,3.0,3.0,1,3,3,3.0,3.0,3,3,3.0,3,3.0,3.0,3.0,3.0,3.0,3,3.0,3.0,3.0,3,3.0,3.0,3.0,3.0,3.0,3.0,3.0,3.0,3,3,1.0,2.0,0,3,,3,3.0,3,2,3.0,3.0,3.0,3,3,3,2,3.0,3.0,3,3.0,2,3.0,3,3.0,3.0,3,3,2,3.0,3,3.0,3.0,3,3.0,3,3.0,3.0,3.0,3.0,3.0,3.0,3.0,3.0,3.0,3,3.0,3.0,3,3.0,3,3.0,3,3.0,3,3,3,3.0,3,3,3.0,3.0,1.0,3.0,3,3.0,3.0,3.0,3,3.0,3,3.0,3.0,3.0,3.0,3,3,3.0,3.0,3,3,3,3.0,2,3.0,3.0,,3.0,3.0,3.0,3.0,3.0,3,2,3.0,3,3.0,3.0,3.0,3.0,,3,3,3.0,3.0,3,3.0,3,3,3.0,3,3.0,3.0,3.0,3.0,3.0,3.0,3,2,3.0,3.0,3.0,3.0,3.0,3.0,3,3,1,3.0,1,3,2,3,1,2.0,2,3,3.0,3,3.0,3.0,3.0,2.0,3.0,3,3,3.0,2.0,3,3.0,3.0,2.0,3,3.0,3.0,3.0,2.0,3.0,3.0,3,3.0,3.0,3,3.0,3.0,3,3.0,,,3,3.0,3,3.0,3.0,3,3.0,3.0,3.0,3.0,3.0,3.0,,3.0,3.0,3,3,3.0,3.0,3.0,3,3,3,3.0,3.0,3.0,1,2,3,3.0,3,3,3,3.0,2,3,,3,3,3,3,3.0,3,3.0,3.0,2.0,3.0,2.0,3.0,3.0,3,3.0,3.0,3,3.0,3.0,3.0,3.0,3.0,3.0,3,3.0,3.0,2.0,3.0,2,3.0,3,3,3,3.0,,3,3.0,3.0,,3.0,3.0,3.0,3,3.0,3.0,3.0,3.0,2.0,3.0,3,3,2,3.0,2.0,3.0,3,3.0,2,2.0,3.0,3.0,3.0,3.0,3,3.0,3,3.0,3.0,2,3.0,3.0,3.0,3.0,3.0,3.0,3.0,3.0,3.0,2.0,3.0,3,3.0,3.0,3.0,3.0,3.0,0.0,,3.0,3.0,3.0,1.0,3.0,3.0,3.0,3.0,3.0,3.0,,3.0,3.0,2.0,,3.0,3.0,3.0,3.0,2.0,3.0,,3.0,3.0,3.0,,3.0,3.0,3.0,3.0,3.0,3.0,0.0,3,3.0,,194,7,1.2577679137603044,-0.2431511734848708
3.0,3,3,3,3,3,2,3.0,3,3.0,3,3,3,3,3.0,3,3.0,4.0,3.0,1.0,4.0,3.0,3,3.0,3.0,3.0,2,3,3.0,4.0,3,3,3,3.0,3.0,3,4.0,3.0,3.0,3,2,3.0,3,3.0,3,3,3,3,4.0,3,3,3.0,3,4.0,3,3.0,3.0,3,3,3,3.0,4.0,3.0,3,3.0,3,2,3.0,4.0,3.0,3.0,3.0,3,3,3,3,3.0,3.0,3,3.0,3.0,3,3.0,2,3.0,3.0,3,2,3,4.0,3,3.0,3,2,3.0,3,4.0,4.0,3,1,3,3.0,3.0,3,3.0,3,4.0,3.0,3,3,3,3.0,3.0,3,3.0,3.0,3.0,2,4.0,3.0,3,3.0,3,4.0,3,3.0,0.0,3,3,3,3.0,4.0,3.0,3.0,3.0,4.0,3,2.0,3.0,4.0,3,3,2.0,3,4.0,3.0,3,3,3,3.0,3,3.0,3,3,3,4.0,3,3.0,3,4.0,3.0,3,3,3,4.0,4,3.0,4.0,4.0,3.0,2,3,3,3.0,4,3.0,2,4.0,3,3.0,3.0,3,3.0,2.0,3.0,3.0,4.0,4.0,4,3.0,4.0,1,4.0,3,3,3,0.0,4.0,4.0,3.0,3,4.0,3,3,2.0,3,3,3,3.0,3,4.0,4.0,4.0,3,2,3,3.0,3.0,3,3,4.0,3,3.0,2,3.0,3,3,3,3,4,3.0,3.0,0.0,3,3,3,3.0,3.0,3,3,4.0,3,4.0,3.0,3.0,3.0,3.0,3,3.0,3.0,4.0,3,3.0,4.0,3.0,3.0,4.0,4.0,3.0,4.0,3,3,4.0,4.0,3,3,4.0,3,3.0,3,3,4.0,4.0,1.0,3,3,3,3,4.0,3.0,3,3.0,4,3.0,3,3.0,4.0,3,4,3,3.0,3,4.0,4.0,2,3.0,3,3.0,3.0,4.0,4.0,3.0,3.0,3.0,3.0,4.0,3,4.0,4.0,3,3.0,3,4.0,3,3.0,3,3,3,3.0,3,3,3.0,4.0,3.0,4.0,3,4.0,4.0,3.0,3,4.0,4,3.0,4.0,3.0,3.0,3,3,3.0,3.0,3,3,2,4.0,3,4.0,4.0,4.0,4.0,4.0,4.0,4.0,4.0,3,3,3.0,3,3.0,4.0,4.0,4.0,4.0,3,3,4.0,3.0,3,3.0,3,3,3.0,3,3.0,4.0,4.0,3.0,3.0,4.0,3,3,4.0,3.0,4.0,4.0,3.0,3.0,3,3,3,3.0,3,3,3,3,2,3.0,2,3,3.0,0,3.0,3.0,3.0,3.0,4.0,4,3,3.0,3.0,1,3.0,4.0,3.0,3,3.0,4.0,3.0,1.0,4.0,3.0,3,3.0,4.0,3,4.0,4.0,3,3.0,4.0,3.0,3,3.0,3,3.0,4.0,3,3.0,4.0,4.0,3.0,3.0,4.0,4.0,4.0,3.0,4,3,3.0,3.0,3.0,3,3,3,4.0,3.0,3.0,3,3,3,4.0,3,2,3,3.0,3,3,4.0,3,3,3,3,3.0,3,3.0,3.0,3.0,3.0,3.0,3.0,3.0,3,3.0,4.0,3,3.0,4.0,3.0,3.0,3.0,4.0,3,2.0,3.0,3.0,3.0,3,2.0,3,3,3,3.0,3.0,3,3.0,3.0,4.0,3.0,4.0,3.0,3,3.0,4.0,3.0,3.0,3.0,4.0,3,2,3,3.0,3.0,4.0,3,3.0,3,3.0,4.0,3.0,3.0,0.0,2,3.0,3,3.0,3.0,3,2.0,3.0,4.0,3.0,4.0,3.0,3.0,0.0,3.0,3.0,3.0,4,3.0,3.0,4.0,4.0,3.0,3.0,3.0,3.0,3.0,3.0,3.0,1.0,3.0,1.0,3.0,4.0,3.0,4.0,3.0,4.0,4.0,4.0,3.0,4.0,3.0,4.0,4.0,3.0,4.0,3.0,3.0,4.0,4.0,4.0,3.0,4.0,3.0,3.0,4.0,4.0,4,4.0,4.0,195,7,1.1941276707301087,-0.4558573966958489
3.0,3,3,3,3,3,3,3.0,3,3.0,3,3,2,2,3.0,3,3.0,0.0,3.0,3.0,3.0,3.0,2,3.0,3.0,3.0,3,3,3.0,3.0,3,3,3,3.0,3.0,3,3.0,3.0,3.0,3,3,3.0,3,2.0,2,3,2,3,3.0,2,3,3.0,3,3.0,3,3.0,3.0,3,3,3,3.0,3.0,3.0,3,3.0,3,3,3.0,3.0,3.0,3.0,3.0,3,3,2,3,3.0,3.0,3,3.0,3.0,1,3.0,3,3.0,3.0,3,3,1,3.0,3,3.0,3,3,3.0,3,3.0,3.0,3,2,3,3.0,3.0,3,3.0,3,3.0,3.0,3,3,3,3.0,3.0,3,3.0,3.0,3.0,3,3.0,3.0,3,2.0,3,3.0,3,3.0,3.0,3,3,3,3.0,3.0,2.0,3.0,3.0,3.0,2,3.0,3.0,,2,3,3.0,3,3.0,3.0,3,3,3,0.0,2,3.0,3,3,3,3.0,3,3.0,3,3.0,3.0,2,3,3,3.0,2,3.0,3.0,3.0,3.0,3,3,2,3.0,3,3.0,3,3.0,3,3.0,3.0,2,1.0,3.0,3.0,3.0,3.0,3.0,3,3.0,3.0,0,1.0,2,2,3,3.0,3.0,3.0,3.0,3,3.0,3,3,3.0,3,3,3,3.0,3,3.0,2.0,3.0,3,2,1,3.0,2.0,2,3,3.0,2,2.0,3,3.0,3,3,2,3,3,3.0,3.0,3.0,3,3,3,3.0,3.0,3,3,3.0,3,3.0,3.0,0.0,3.0,3.0,3,3.0,3.0,3.0,3,3.0,3.0,3.0,3.0,3.0,3.0,3.0,3.0,3,3,3.0,3.0,3,3,3.0,3,3.0,3,3,3.0,3.0,3.0,3,3,2,1,3.0,3.0,1,3.0,3,2.0,2,3.0,3.0,3,3,2,3.0,3,3.0,3.0,3,3.0,2,3.0,3.0,3.0,3.0,3.0,2.0,3.0,3.0,3.0,3,3.0,3.0,3,3.0,3,3.0,3,3.0,3,3,1,3.0,2,3,3.0,3.0,3.0,3.0,3,3.0,3.0,3.0,3,3.0,3,3.0,3.0,3.0,3.0,2,3,3.0,3.0,3,3,3,3.0,3,3.0,3.0,,2.0,3.0,3.0,3.0,3.0,2,2,3.0,3,3.0,3.0,3.0,,3.0,1,3,3.0,3.0,3,3.0,2,3,3.0,3,3.0,3.0,3.0,3.0,3.0,3.0,3,3,3.0,3.0,3.0,3.0,3.0,3.0,3,3,3,3.0,3,3,0,2,2,3.0,3,3,3.0,3,3.0,3.0,3.0,3.0,3.0,3,2,3.0,3.0,3,3.0,3.0,3.0,3,3.0,3.0,3.0,3.0,3.0,3.0,3,3.0,3.0,3,3.0,3.0,2,3.0,3.0,,3,3.0,3,3.0,3.0,3,2.0,2.0,3.0,3.0,3.0,3.0,,3.0,3.0,3,3,3.0,3.0,3.0,3,3,2,3.0,2.0,3.0,2,3,3,3.0,3,3,2,3.0,3,3,,3,2,3,3,3.0,2,3.0,3.0,3.0,3.0,3.0,3.0,3.0,2,3.0,1.0,3,3.0,3.0,3.0,3.0,3.0,2.0,3,0.0,3.0,3.0,3.0,3,3.0,3,3,3,3.0,3.0,3,3.0,3.0,,3.0,3.0,3.0,3,3.0,3.0,3.0,3.0,3.0,3.0,3,2,3,3.0,3.0,3.0,3,3.0,3,2.0,3.0,3.0,,3.0,3,3.0,3,3.0,3.0,3,3.0,3.0,3.0,3.0,3.0,3.0,3.0,3.0,3.0,3.0,3.0,3,3.0,3.0,3.0,,3.0,3.0,,3.0,3.0,3.0,3.0,3.0,3.0,3.0,3.0,3.0,3.0,,3.0,3.0,3.0,,3.0,3.0,3.0,3.0,3.0,3.0,,3.0,2.0,3.0,,,3.0,,3.0,3.0,3.0,3.0,3,3.0,,196,7,1.250184657592065,-0.25837250677851525
2.0,3,3,3,2,3,1,3.0,3,,3,3,3,3,3.0,3,3.0,3.0,3.0,3.0,3.0,3.0,3,3.0,3.0,3.0,3,0,3.0,3.0,3,2,3,3.0,3.0,3,3.0,3.0,3.0,2,3,3.0,3,3.0,3,3,2,3,3.0,3,3,3.0,3,3.0,3,0.0,3.0,3,3,3,3.0,3.0,3.0,3,3.0,3,2,3.0,,3.0,3.0,3.0,1,3,3,2,3.0,2.0,3,,3.0,3,3.0,3,3.0,3.0,3,3,3,3.0,3,3.0,2,3,3.0,3,3.0,3.0,3,1,3,3.0,1.0,3,3.0,3,3.0,3.0,2,3,3,3.0,3.0,3,3.0,3.0,3.0,3,3.0,0.0,3,3.0,3,3.0,2,3.0,3.0,3,3,3,3.0,3.0,3.0,3.0,3.0,3.0,3,3.0,3.0,3.0,3,1,3.0,3,,3.0,3,2,3,3.0,3,3.0,3,3,3,2.0,3,3.0,3,3.0,3.0,2,3,2,3.0,3,3.0,3.0,3.0,2.0,3,3,2,3.0,3,2.0,2,3.0,3,2.0,3.0,3,3.0,,3.0,3.0,3.0,3.0,2,2.0,,3,3.0,3,3,3,3.0,3.0,,1.0,3,3.0,3,3,,3,3,3,3.0,3,3.0,,3.0,3,2,3,3.0,3.0,3,3,3.0,3,3.0,3,3.0,2,3,3,3,3,3.0,2.0,3.0,3,3,3,3.0,3.0,3,3,3.0,3,3.0,3.0,3.0,3.0,3.0,0,3.0,3.0,,3,3.0,,3.0,,3.0,3.0,3.0,3.0,3,3,3.0,3.0,3,3,,3,3.0,3,3,3.0,3.0,3.0,2,3,3,3,3.0,3.0,3,3.0,3,3.0,3,3.0,3.0,3,2,3,3.0,3,3.0,1.0,3,3.0,3,3.0,3.0,3.0,3.0,,,3.0,3.0,3.0,2,,3.0,3,1.0,3,3.0,3,3.0,3,3,3,3.0,3,3,3.0,3.0,3.0,,3,,2.0,,3,3.0,3,3.0,3.0,3.0,3.0,3,3,,3.0,3,3,3,3.0,3,3.0,,,3.0,3.0,,,,3,3,3.0,2,3.0,3.0,3.0,3.0,,3,3,1.0,3.0,2,3.0,3,3,3.0,3,3.0,3.0,3.0,3.0,3.0,3.0,3,3,3.0,3.0,3.0,3.0,3.0,3.0,3,3,3,3.0,3,3,3,3,2,3.0,3,3,3.0,3,0.0,3.0,3.0,3.0,2.0,3,3,3.0,3.0,3,3.0,3.0,3.0,3,,3.0,3.0,3.0,3.0,,2,3.0,3.0,3,3.0,3.0,3,3.0,,,3,3.0,3,,3.0,3,3.0,2.0,3.0,0.0,3.0,3.0,,3.0,3.0,3,3,3.0,3.0,,3,3,3,,3.0,3.0,3,3,3,,3,3,3,,3,3,,3,3,3,3,3.0,3,,3.0,3.0,3.0,3.0,3.0,3.0,3,,,3,3.0,3.0,2.0,3.0,3.0,3.0,3,3.0,3.0,3.0,,3,,3,3,3,3.0,2.0,3,3.0,3.0,,3.0,3.0,3.0,3,3.0,3.0,3.0,3.0,3.0,3.0,3,3,3,3.0,3.0,,3,3.0,3,3.0,3.0,3.0,3.0,3.0,3,3.0,3,3.0,3.0,3,3.0,3.0,3.0,3.0,3.0,3.0,3.0,3.0,3.0,2.0,3.0,3,,3.0,3.0,1.0,3.0,3.0,,3.0,,3.0,3.0,3.0,3.0,3.0,3.0,,3.0,3.0,3.0,3.0,3.0,,3.0,3.0,3.0,3.0,2.0,3.0,,3.0,3.0,3.0,,,3.0,,,3.0,,,3,3.0,,197,7,1.3455534870399541,-0.11932077196179014
3.0,3,3,3,3,3,3,3.0,3,2.0,3,3,3,3,4.0,3,4.0,4.0,3.0,3.0,3.0,4.0,3,3.0,4.0,3.0,3,3,3.0,4.0,3,3,3,3.0,3.0,3,3.0,3.0,3.0,3,3,3.0,3,3.0,3,3,3,3,3.0,3,3,4.0,3,3.0,3,3.0,3.0,4,3,3,3.0,4.0,3.0,3,3.0,2,3,3.0,3.0,1.0,4.0,4.0,3,3,3,3,4.0,4.0,3,3.0,3.0,0,3.0,3,4.0,4.0,3,3,4,4.0,4,4.0,3,3,4.0,2,3.0,4.0,3,3,2,3.0,3.0,3,3.0,3,3.0,3.0,3,4,3,3.0,4.0,3,4.0,3.0,4.0,3,4.0,3.0,3,3.0,3,4.0,3,3.0,4.0,4,3,3,3.0,4.0,4.0,4.0,4.0,1.0,4,4.0,4.0,4.0,3,3,3.0,3,3.0,4.0,3,3,3,3.0,3,3.0,3,3,3,4.0,3,3.0,3,3.0,4.0,3,3,3,4.0,3,3.0,4.0,4.0,4.0,3,4,3,3.0,3,4.0,3,3.0,3,3.0,2.0,3,4.0,4.0,3.0,0.0,3.0,3.0,4,0.0,3.0,3,4.0,3,2,0,3.0,3.0,4.0,3.0,3,3.0,3,3,3.0,3,1,3,3.0,3,2.0,3.0,3.0,3,3,2,3.0,3.0,3,3,3.0,2,3.0,2,3.0,3,2,3,3,3,3.0,2.0,4.0,3,2,3,3.0,3.0,3,3,4.0,2,3.0,4.0,4.0,3.0,3.0,3,4.0,3.0,3.0,1,3.0,4.0,4.0,4.0,4.0,4.0,4.0,4.0,3,3,3.0,4.0,3,3,3.0,3,4.0,3,3,3.0,3.0,2.0,3,3,3,3,4.0,3.0,3,4.0,3,4.0,3,3.0,4.0,3,3,3,4.0,3,3.0,4.0,3,4.0,3,4.0,4.0,4.0,0.0,3.0,3.0,4.0,3.0,3.0,3,3.0,4.0,3,3.0,4,3.0,2,3.0,3,3,3,3.0,3,3,3.0,3.0,3.0,3.0,3,3.0,3.0,3.0,3,4.0,3,3.0,3.0,3.0,3.0,3,3,4.0,4.0,3,3,3,3.0,2,4.0,3.0,3.0,3.0,3.0,3.0,3.0,4.0,3,1,3.0,3,4.0,4.0,3.0,4.0,4.0,3,3,3.0,3.0,3,3.0,3,3,4.0,3,3.0,4.0,3.0,3.0,4.0,3.0,3,3,4.0,3.0,4.0,3.0,4.0,4.0,3,3,3,4.0,3,3,3,3,3,4.0,3,3,4.0,3,3.0,4.0,4.0,3.0,4.0,3,3,3.0,3.0,3,4.0,4.0,4.0,4,4.0,3.0,4.0,4.0,4.0,4.0,3,3.0,4.0,3,3.0,3.0,3,3.0,3.0,4.0,3,4.0,3,3.0,3.0,3,3.0,3.0,4.0,3.0,3.0,3.0,4.0,4.0,3.0,3,3,4.0,3.0,3.0,3,4,3,3.0,3.0,3.0,3,3,3,3.0,2,2,3,1.0,4,3,4.0,3,3,3,3,3.0,3,3.0,3.0,4.0,3.0,4.0,3.0,3.0,3,2.0,2.0,3,3.0,3.0,4.0,4.0,4.0,3.0,3,3.0,3.0,4.0,3.0,3,3.0,3,2,3,3.0,3.0,3,3.0,3.0,1.0,4.0,3.0,3.0,3,3.0,0.0,3.0,3.0,4.0,3.0,3,3,3,4.0,3.0,4.0,3,3.0,3,3.0,4.0,3.0,3.0,3.0,1,3.0,3,4.0,3.0,3,3.0,4.0,3.0,3.0,3.0,3.0,3.0,3.0,4.0,3.0,3.0,3,4.0,3.0,4.0,4.0,4.0,3.0,4.0,3.0,3.0,3.0,3.0,4.0,3.0,4.0,2.0,3.0,4.0,4.0,4.0,4.0,4.0,4.0,3.0,4.0,4.0,2.0,4.0,3.0,4.0,3.0,4.0,4.0,4.0,4.0,4.0,4.0,4.0,4.0,4.0,4.0,4,4.0,4.0,198,7,1.1892635102821616,-0.4082734504085743
3.0,3,3,3,3,3,2,3.0,3,4.0,3,4,3,2,4.0,3,3.0,3.0,4.0,3.0,4.0,3.0,3,3.0,3.0,3.0,3,3,3.0,3.0,3,3,3,3.0,3.0,2,4.0,3.0,3.0,3,4,4.0,3,3.0,3,3,3,3,3.0,4,3,3.0,3,4.0,4,3.0,3.0,3,3,4,3.0,4.0,2.0,3,4.0,3,3,4.0,4.0,3.0,0.0,3.0,3,3,2,3,3.0,3.0,3,4.0,4.0,3,4.0,3,3.0,3.0,3,3,2,4.0,4,3.0,3,3,3.0,3,3.0,3.0,3,3,4,4.0,4.0,3,3.0,2,4.0,3.0,3,3,3,4.0,3.0,3,4.0,3.0,0.0,3,1.0,3.0,3,4.0,3,3.0,3,3.0,3.0,4,3,3,3.0,4.0,3.0,3.0,4.0,4.0,2,3.0,1.0,4.0,3,1,4.0,3,3.0,0.0,3,3,3,3.0,3,3.0,3,3,3,3.0,3,3.0,3,4.0,3.0,3,3,2,3.0,3,4.0,4.0,4.0,3.0,2,2,3,4.0,4,3.0,2,3.0,4,4.0,3.0,3,3.0,4.0,3.0,3.0,4.0,4.0,3,3.0,4.0,3,4.0,3,3,4,3.0,3.0,4.0,3.0,3,4.0,3,3,3.0,3,3,3,3.0,3,4.0,4.0,4.0,3,3,3,4.0,4.0,3,3,3.0,3,4.0,3,4.0,3,3,2,4,3,4.0,4.0,2.0,3,3,4,3.0,4.0,3,0,3.0,3,4.0,3.0,4.0,4.0,3.0,3,3.0,4.0,4.0,3,4.0,4.0,4.0,4.0,4.0,4.0,3.0,4.0,3,3,4.0,4.0,3,3,4.0,4,4.0,3,4,3.0,4.0,4.0,3,3,3,3,4.0,3.0,3,4.0,3,3.0,2,4.0,4.0,3,1,3,3.0,3,3.0,4.0,3,4.0,2,3.0,3.0,4.0,4.0,3.0,4.0,3.0,4.0,3.0,3,4.0,4.0,3,4.0,3,3.0,3,3.0,3,3,3,4.0,3,4,4.0,3.0,3.0,2.0,3,3.0,4.0,4.0,3,3.0,4,3.0,3.0,3.0,4.0,3,3,4.0,4.0,3,3,3,3.0,3,4.0,3.0,4.0,4.0,3.0,4.0,4.0,4.0,3,3,3.0,3,3.0,4.0,3.0,4.0,4.0,3,3,4.0,3.0,3,3.0,3,4,4.0,3,3.0,4.0,4.0,3.0,3.0,3.0,3,3,4.0,4.0,3.0,4.0,3.0,3.0,4,3,2,4.0,3,3,3,3,3,3.0,3,3,4.0,3,3.0,3.0,3.0,3.0,4.0,3,3,4.0,3.0,3,4.0,3.0,4.0,3,4.0,3.0,3.0,3.0,3.0,4.0,3,4.0,4.0,3,4.0,4.0,3,3.0,4.0,4.0,3,3.0,3,4.0,4.0,3,3.0,4.0,3.0,4.0,4.0,3.0,4.0,3.0,3.0,3,3,3.0,4.0,3.0,3,4,3,4.0,3.0,3.0,3,3,3,4.0,2,4,3,4.0,3,3,4.0,3,3,4,3,3.0,3,4.0,0.0,3.0,4.0,3.0,3.0,3.0,3,0.0,4.0,3,4.0,4.0,3.0,4.0,3.0,3.0,3,3.0,1.0,3.0,4.0,3,4.0,3,3,3,4.0,4.0,3,4.0,3.0,4.0,3.0,4.0,3.0,3,3.0,4.0,3.0,3.0,3.0,4.0,3,3,3,3.0,3.0,4.0,3,3.0,3,3.0,4.0,3.0,4.0,4.0,3,3.0,3,3.0,3.0,3,3.0,3.0,3.0,2.0,2.0,3.0,3.0,2.0,3.0,3.0,3.0,3,3.0,4.0,3.0,4.0,4.0,3.0,4.0,4.0,4.0,4.0,3.0,3.0,4.0,4.0,4.0,4.0,3.0,4.0,3.0,1.0,3.0,4.0,3.0,4.0,4.0,3.0,3.0,3.0,4.0,1.0,4.0,3.0,4.0,4.0,4.0,4.0,3.0,3.0,4.0,4.0,4,2.0,4.0,199,7,1.1664154006726197,-0.5014080902613478
