0,1,2,3,4,5,6,7,8,9,10,11,12,13,14,15,16,17,18,19,20,21,22,23,24,25,26,27,28,29,30,31,32,33,34,35,36,37,38,39,40,41,42,43,44,45,46,47,48,49,50,51,52,53,54,55,56,57,58,59,60,61,62,63,64,65,66,67,68,69,70,71,72,73,74,75,76,77,78,79,80,81,82,83,84,85,86,87,88,89,90,91,92,93,94,95,96,97,98,99,100,101,102,103,104,105,106,107,108,109,110,111,112,113,114,115,116,117,118,119,120,121,122,123,124,125,126,127,128,129,130,131,132,133,134,135,136,137,138,139,140,141,142,143,144,145,146,147,148,149,150,151,152,153,154,155,156,157,158,159,160,161,162,163,164,165,166,167,168,169,170,171,172,173,174,175,176,177,178,179,180,181,182,183,184,185,186,187,188,189,190,191,192,193,194,195,196,197,198,199,200,201,202,203,204,205,206,207,208,209,210,211,212,213,214,215,216,217,218,219,220,221,222,223,224,225,226,227,228,229,230,231,232,233,234,235,236,237,238,239,240,241,242,243,244,245,246,247,248,249,250,251,252,253,254,255,256,257,258,259,260,261,262,263,264,265,266,267,268,269,270,271,272,273,274,275,276,277,278,279,280,281,282,283,284,285,286,287,288,289,290,291,292,293,294,295,296,297,298,299,300,301,302,303,304,305,306,307,308,309,310,311,312,313,314,315,316,317,318,319,320,321,322,323,324,325,326,327,328,329,330,331,332,333,334,335,336,337,338,339,340,341,342,343,344,345,346,347,348,349,350,351,352,353,354,355,356,357,358,359,360,361,362,363,364,365,366,367,368,369,370,371,372,373,374,375,376,377,378,379,380,381,382,383,384,385,386,387,388,389,390,391,392,393,394,395,396,397,398,399,400,401,402,403,404,405,406,407,408,409,410,411,412,413,414,415,416,417,418,419,420,421,422,423,424,425,426,427,428,429,430,431,432,433,434,435,436,437,438,439,440,441,442,443,444,445,446,447,448,449,450,451,452,453,454,455,456,457,458,459,460,461,462,463,464,465,466,467,468,469,470,471,472,473,474,475,476,477,478,479,480,481,482,483,484,485,486,487,488,489,490,491,492,493,494,495,496,497,498,499,500,501,502,503,504,505,506,507,508,509,510,511,512,513,514,515,516,517,518,519,520,521,522,523,524,525,526,527,528,529,530,531,532,533,534,535,536,537,538,539,540,541,542,543,544,545,546,547,548,549,550,551,552,553,554,555,556,557,558,559,560,561,562,563,564,565,566,567,568,569,570,571,572,573,574,575,576,577,578,579,580,581,582,583,584,585,586,587,588,589,590,seed,complex_param,simple_infection_ratio,EPH,corr
2.0,3,2,3.0,3.0,3.0,3.0,3.0,3.0,,3.0,,3,3.0,0.0,3.0,3.0,,3.0,3.0,3.0,3.0,2.0,2.0,3.0,3.0,3.0,3.0,3.0,3.0,2.0,2.0,3.0,3.0,3.0,3.0,3.0,3.0,3.0,3.0,2.0,1.0,3.0,3.0,3.0,3.0,3.0,1.0,,3.0,3.0,3.0,3.0,3.0,3.0,3.0,3.0,3.0,3.0,3.0,3.0,3.0,3.0,3.0,3.0,3.0,3,3.0,3.0,3.0,,3.0,3.0,3.0,3.0,3.0,3.0,3.0,3.0,3.0,3.0,3.0,3.0,3,3.0,0.0,3.0,3.0,3.0,,3.0,3.0,2.0,3.0,3.0,3.0,3.0,3.0,3,3.0,3.0,3.0,3.0,3.0,3.0,3.0,,3.0,3,3,3.0,3.0,3.0,3.0,3.0,3.0,3.0,2,3.0,3.0,3.0,3.0,2.0,3.0,3,2.0,3.0,3.0,3.0,2.0,3.0,3.0,0.0,3.0,3.0,3.0,3.0,3.0,3.0,3.0,3,3.0,2.0,3.0,,3.0,3.0,2.0,3.0,3.0,3.0,3.0,2.0,3,3.0,3.0,3.0,3.0,3.0,3.0,3.0,3,3.0,3.0,3.0,3.0,3.0,3.0,3.0,3.0,3.0,2.0,1,3.0,2.0,3.0,3.0,3.0,3.0,1.0,3.0,3.0,3.0,3.0,3.0,3.0,3.0,3.0,3.0,3.0,3.0,3.0,,2.0,3,3.0,3.0,1.0,3.0,3.0,3,3.0,3.0,3.0,3.0,2.0,3,3.0,3.0,2.0,3.0,,3.0,0.0,3,3.0,3.0,3.0,2.0,3.0,3.0,3.0,3.0,3.0,3.0,0,2.0,3.0,3.0,3.0,2.0,3.0,3.0,3,3.0,3.0,3.0,3.0,3.0,3.0,3.0,3.0,3.0,3.0,3.0,3.0,2.0,3.0,3.0,,3.0,3.0,3.0,3.0,3.0,,3.0,3.0,1.0,3.0,2.0,3.0,1.0,3.0,3.0,3.0,3.0,3.0,3.0,3.0,3.0,3.0,3.0,2.0,3.0,3.0,3.0,2,3.0,3.0,3.0,3.0,3.0,3.0,3,3.0,3.0,3.0,3.0,3.0,3.0,3.0,3.0,3.0,3.0,3.0,2.0,3.0,2.0,3.0,3.0,3.0,3.0,3.0,3.0,3.0,3.0,,3.0,3.0,,3.0,3.0,3.0,3.0,3.0,3.0,3.0,3.0,3.0,3.0,,3.0,3.0,3.0,3.0,,3.0,3.0,3.0,3.0,3.0,3.0,3.0,2.0,3.0,3.0,3.0,,3.0,3,3.0,2.0,3.0,3.0,2.0,3.0,3.0,2.0,3.0,3.0,,,3.0,3.0,3,2.0,3.0,,3.0,3.0,3.0,3.0,3.0,3.0,3.0,2.0,3.0,3.0,,,3.0,3.0,3.0,3.0,3.0,3.0,3.0,3.0,2.0,3.0,3.0,3.0,3.0,3.0,3.0,3.0,3.0,3.0,1.0,3.0,3.0,3.0,3.0,2.0,3.0,3,3.0,3.0,3.0,3.0,3.0,3.0,3.0,3.0,3.0,3.0,3.0,3.0,3.0,3.0,3.0,1.0,3.0,3.0,3.0,3.0,3.0,0.0,3.0,3.0,3.0,2.0,3.0,3.0,3.0,2.0,3.0,3.0,,3.0,3.0,1.0,3.0,3.0,3.0,3.0,3.0,3.0,3.0,3.0,3.0,,1.0,1.0,2.0,3.0,2.0,3.0,,2.0,3.0,3.0,3.0,3.0,3.0,3.0,3.0,3.0,3.0,3,3.0,3.0,3.0,3.0,3.0,,2.0,3.0,3.0,1.0,3.0,3.0,,1.0,3.0,3.0,3.0,3.0,3.0,3.0,3.0,,3.0,,3.0,3.0,3.0,3.0,3.0,3.0,3.0,3.0,3.0,3.0,3.0,,3.0,3.0,3,3.0,,3.0,3.0,3.0,,3.0,3.0,3.0,3.0,3.0,3.0,3.0,3.0,3.0,,3.0,3.0,2.0,2.0,3.0,3.0,2.0,3.0,3.0,3.0,3.0,3.0,1.0,,3.0,3.0,3.0,,3.0,3.0,3.0,3.0,3.0,3.0,3.0,3.0,3.0,1.0,3.0,3.0,3.0,3.0,2.0,3.0,3.0,,3.0,3.0,3.0,3.0,3.0,3.0,3.0,3.0,3.0,3.0,3.0,3.0,3.0,,3.0,,3.0,,3.0,3.0,,,3.0,3.0,,3.0,3.0,3.0,,,,,,3.0,,3.0,3.0,3.0,,0,9,0.0656063618290258,1.3555978131685287,-0.10796544054508267
3.0,2,2,3.0,3.0,3.0,3.0,3.0,3.0,,3.0,3.0,2,3.0,3.0,3.0,3.0,,3.0,3.0,3.0,3.0,3.0,0.0,3.0,3.0,3.0,3.0,3.0,,3.0,3.0,,3.0,,3.0,3.0,3.0,3.0,3.0,3.0,3.0,3.0,,3.0,3.0,3.0,3.0,1.0,3.0,3.0,,3.0,,3.0,,3.0,3.0,3.0,3.0,,3.0,3.0,3.0,3.0,2.0,2,2.0,,3.0,,3.0,3.0,3.0,3.0,3.0,3.0,3.0,3.0,,,3.0,3.0,3,3.0,3.0,3.0,3.0,3.0,,0.0,3.0,3.0,3.0,,3.0,,3.0,3,3.0,3.0,3.0,3.0,3.0,3.0,3.0,,3.0,3,3,3.0,3.0,3.0,3.0,3.0,3.0,,3,1.0,3.0,0.0,3.0,,,2,3.0,3.0,3.0,3.0,3.0,3.0,3.0,3.0,,3.0,3.0,3.0,3.0,3.0,,1,3.0,2.0,3.0,,3.0,1.0,3.0,3.0,3.0,3.0,2.0,3.0,3,3.0,3.0,3.0,3.0,,3.0,3.0,3,3.0,3.0,3.0,3.0,3.0,3.0,3.0,3.0,3.0,3.0,3,,3.0,3.0,3.0,3.0,,,,3.0,3.0,2.0,3.0,3.0,3.0,2.0,3.0,3.0,,3.0,,3.0,3,3.0,3.0,3.0,,,3,,3.0,1.0,,3.0,3,3.0,3.0,3.0,3.0,,3.0,3.0,3,3.0,,,3.0,3.0,,,,2.0,,3,3.0,3.0,,3.0,,3.0,3.0,3,3.0,3.0,3.0,2.0,3.0,,3.0,3.0,,3.0,,,3.0,3.0,3.0,,,3.0,,,1.0,3.0,,0.0,3.0,3.0,3.0,3.0,,3.0,3.0,3.0,,3.0,,3.0,3.0,1.0,3.0,3.0,,3.0,3.0,3,,3.0,3.0,3.0,3.0,3.0,2,3.0,,3.0,3.0,3.0,,3.0,3.0,,,2.0,3.0,3.0,3.0,3.0,,,1.0,,3.0,3.0,3.0,,3.0,,,3.0,3.0,2.0,3.0,3.0,3.0,3.0,,3.0,3.0,3.0,3.0,1.0,,3.0,,,3.0,3.0,,3.0,3.0,3.0,3.0,,3.0,3.0,,,2,3.0,3.0,3.0,3.0,3.0,,,3.0,3.0,,,,3.0,3.0,3,3.0,3.0,,3.0,3.0,,3.0,3.0,3.0,2.0,3.0,3.0,3.0,3.0,,3.0,3.0,3.0,,3.0,3.0,3.0,3.0,3.0,,3.0,3.0,3.0,3.0,3.0,3.0,3.0,,,3.0,3.0,3.0,3.0,3.0,3.0,3,3.0,3.0,3.0,3.0,3.0,3.0,3.0,,,2.0,3.0,,3.0,3.0,3.0,3.0,3.0,3.0,3.0,3.0,,3.0,,,3.0,,3.0,3.0,,3.0,3.0,3.0,,3.0,,3.0,2.0,,,,,3.0,,,,,3.0,2.0,3.0,3.0,3.0,3.0,,,3.0,3.0,,3.0,3.0,3.0,3.0,0.0,,1,3.0,2.0,3.0,3.0,1.0,,3.0,3.0,3.0,3.0,3.0,3.0,3.0,3.0,3.0,3.0,3.0,3.0,3.0,3.0,3.0,3.0,2.0,3.0,3.0,,,3.0,3.0,3.0,,3.0,2.0,,3.0,,3.0,3.0,3,,,,3.0,3.0,,3.0,,,0.0,3.0,3.0,,,,,3.0,3.0,3.0,3.0,,,3.0,3.0,3.0,3.0,,3.0,,,3.0,3.0,3.0,,,3.0,3.0,3.0,3.0,3.0,3.0,3.0,3.0,2.0,,3.0,3.0,3.0,2.0,3.0,,,,3.0,,3.0,,3.0,3.0,3.0,3.0,,3.0,,,,3.0,,2.0,,3.0,,,,,,,3.0,,,,,,,,,,,3.0,3.0,,1,9,0.1015625,1.4968152866242037,-0.00893911848435556
3.0,3,3,3.0,3.0,3.0,2.0,3.0,3.0,3.0,2.0,3.0,2,2.0,3.0,3.0,3.0,3.0,3.0,3.0,3.0,3.0,3.0,3.0,3.0,3.0,2.0,3.0,3.0,3.0,3.0,3.0,3.0,3.0,1.0,3.0,3.0,3.0,2.0,3.0,3.0,3.0,3.0,3.0,2.0,3.0,3.0,3.0,3.0,3.0,2.0,3.0,2.0,3.0,3.0,3.0,3.0,3.0,2.0,3.0,3.0,3.0,2.0,3.0,3.0,3.0,3,3.0,,2.0,3.0,3.0,3.0,3.0,3.0,3.0,3.0,3.0,3.0,3.0,0.0,3.0,3.0,3,3.0,3.0,2.0,3.0,3.0,,3.0,3.0,2.0,3.0,3.0,3.0,3.0,3.0,3,3.0,3.0,3.0,3.0,3.0,3.0,2.0,1.0,3.0,2,3,3.0,3.0,3.0,3.0,3.0,3.0,3.0,3,3.0,3.0,1.0,3.0,3.0,3.0,3,3.0,3.0,3.0,3.0,3.0,3.0,3.0,3.0,3.0,3.0,3.0,3.0,3.0,1.0,3.0,2,0.0,2.0,2.0,1.0,1.0,3.0,3.0,3.0,3.0,3.0,3.0,3.0,3,3.0,3.0,2.0,3.0,3.0,,3.0,3,3.0,3.0,3.0,3.0,3.0,3.0,3.0,3.0,2.0,3.0,3,3.0,3.0,2.0,3.0,3.0,3.0,3.0,3.0,2.0,3.0,3.0,3.0,3.0,3.0,3.0,3.0,3.0,3.0,3.0,,3.0,3,3.0,3.0,3.0,3.0,3.0,2,1.0,3.0,3.0,3.0,3.0,3,3.0,3.0,3.0,,3.0,3.0,3.0,2,3.0,3.0,3.0,2.0,3.0,3.0,3.0,3.0,3.0,3.0,3,3.0,3.0,3.0,3.0,2.0,3.0,3.0,2,1.0,3.0,3.0,3.0,3.0,1.0,3.0,3.0,3.0,3.0,3.0,3.0,3.0,3.0,3.0,,3.0,3.0,3.0,,3.0,3.0,3.0,3.0,3.0,2.0,3.0,3.0,3.0,3.0,2.0,3.0,,3.0,3.0,3.0,3.0,3.0,3.0,3.0,3.0,3.0,1.0,3,3.0,3.0,3.0,0.0,3.0,3.0,2,3.0,2.0,3.0,3.0,3.0,3.0,3.0,3.0,,3.0,3.0,3.0,3.0,3.0,3.0,3.0,,3.0,3.0,3.0,3.0,3.0,3.0,3.0,3.0,3.0,3.0,,2.0,3.0,3.0,3.0,3.0,3.0,2.0,3.0,3.0,3.0,3.0,3.0,3.0,3.0,3.0,3.0,3.0,3.0,3.0,3.0,3.0,3.0,3.0,3.0,3.0,3.0,3.0,3,3.0,3.0,3.0,3.0,3.0,3.0,3.0,3.0,3.0,,,3.0,3.0,3.0,2,2.0,3.0,3.0,3.0,3.0,,3.0,2.0,3.0,3.0,3.0,3.0,3.0,3.0,3.0,3.0,3.0,3.0,3.0,2.0,3.0,3.0,3.0,3.0,3.0,3.0,3.0,3.0,3.0,3.0,3.0,3.0,3.0,3.0,3.0,3.0,1.0,3.0,3.0,3.0,1,3.0,3.0,3.0,3.0,3.0,3.0,1.0,3.0,3.0,3.0,3.0,3.0,3.0,3.0,2.0,3.0,3.0,3.0,3.0,2.0,3.0,3.0,,2.0,3.0,3.0,2.0,3.0,3.0,0.0,3.0,3.0,,3.0,,3.0,3.0,3.0,3.0,3.0,3.0,3.0,,2.0,3.0,,3.0,3.0,3.0,2.0,3.0,3.0,2.0,3.0,3.0,3.0,,3.0,3.0,3.0,3.0,2.0,3.0,3,3.0,2.0,3.0,3.0,2.0,,3.0,3.0,3.0,3.0,3.0,3.0,3.0,3.0,3.0,3.0,3.0,3.0,3.0,3.0,3.0,3.0,2.0,1.0,3.0,3.0,3.0,3.0,,3.0,2.0,3.0,3.0,3.0,3.0,3.0,3.0,3.0,3,,3.0,3.0,3.0,3.0,,3.0,3.0,3.0,3.0,3.0,3.0,3.0,3.0,3.0,,3.0,3.0,3.0,3.0,3.0,,3.0,3.0,3.0,3.0,3.0,3.0,,3.0,1.0,3.0,0.0,3.0,2.0,3.0,3.0,3.0,3.0,1.0,3.0,3.0,3.0,,3.0,3.0,3.0,3.0,3.0,3.0,3.0,,,3.0,,3.0,3.0,3.0,3.0,2.0,2.0,3.0,3.0,,2.0,,2.0,3.0,3.0,,3.0,,3.0,3.0,3.0,3.0,3.0,3.0,3.0,3.0,,0.0,3.0,1.0,3.0,3.0,3.0,3.0,3.0,3.0,,2,9,0.0724070450097847,1.3035752062618997,-0.1406599080196346
2.0,2,2,2.0,3.0,3.0,2.0,3.0,3.0,3.0,3.0,3.0,2,2.0,3.0,2.0,1.0,3.0,3.0,2.0,3.0,2.0,3.0,3.0,2.0,1.0,3.0,3.0,3.0,3.0,2.0,3.0,2.0,3.0,3.0,1.0,3.0,3.0,2.0,3.0,3.0,3.0,3.0,3.0,3.0,3.0,2.0,2.0,2.0,3.0,1.0,3.0,2.0,3.0,3.0,3.0,2.0,3.0,2.0,3.0,3.0,3.0,3.0,3.0,3.0,2.0,2,3.0,1.0,3.0,3.0,1.0,2.0,3.0,2.0,3.0,3.0,3.0,2.0,3.0,3.0,3.0,3.0,2,3.0,3.0,2.0,3.0,3.0,3.0,3.0,2.0,1.0,3.0,3.0,3.0,3.0,2.0,2,3.0,2.0,3.0,2.0,3.0,2.0,3.0,3.0,0.0,3,3,2.0,3.0,2.0,3.0,2.0,3.0,3.0,2,3.0,2.0,3.0,3.0,3.0,3.0,2,3.0,2.0,3.0,2.0,3.0,2.0,0.0,3.0,3.0,3.0,2.0,2.0,3.0,2.0,3.0,2,2.0,3.0,3.0,3.0,3.0,2.0,2.0,3.0,3.0,2.0,2.0,3.0,2,3.0,3.0,2.0,3.0,3.0,3.0,3.0,3,2.0,3.0,3.0,2.0,3.0,3.0,3.0,3.0,2.0,1.0,3,3.0,3.0,2.0,2.0,3.0,3.0,2.0,3.0,3.0,2.0,3.0,3.0,3.0,3.0,2.0,0.0,3.0,3.0,2.0,3.0,3.0,2,3.0,3.0,3.0,3.0,3.0,2,3.0,2.0,2.0,2.0,2.0,3,3.0,3.0,1.0,3.0,3.0,3.0,2.0,2,3.0,2.0,3.0,3.0,2.0,3.0,3.0,3.0,3.0,2.0,2,3.0,3.0,2.0,3.0,3.0,3.0,2.0,2,2.0,3.0,2.0,2.0,1.0,3.0,3.0,0.0,3.0,3.0,2.0,3.0,2.0,3.0,3.0,3.0,3.0,3.0,3.0,3.0,3.0,3.0,3.0,3.0,3.0,3.0,3.0,2.0,3.0,3.0,2.0,3.0,3.0,2.0,3.0,2.0,3.0,3.0,3.0,3.0,2.0,3.0,3.0,2,3.0,3.0,3.0,3.0,3.0,3.0,1,1.0,3.0,2.0,3.0,3.0,3.0,3.0,3.0,3.0,2.0,3.0,2.0,3.0,3.0,3.0,3.0,3.0,3.0,3.0,3.0,3.0,2.0,3.0,3.0,2.0,3.0,3.0,3.0,3.0,3.0,2.0,3.0,2.0,3.0,2.0,3.0,3.0,3.0,2.0,2.0,2.0,2.0,3.0,1.0,2.0,3.0,3.0,3.0,3.0,3.0,2.0,1.0,3.0,3.0,2.0,3,3.0,3.0,3.0,3.0,3.0,3.0,3.0,3.0,3.0,3.0,3.0,3.0,3.0,2.0,2,3.0,3.0,3.0,3.0,3.0,3.0,3.0,3.0,3.0,3.0,2.0,3.0,3.0,3.0,3.0,2.0,2.0,3.0,3.0,2.0,1.0,3.0,2.0,2.0,3.0,3.0,2.0,3.0,3.0,3.0,3.0,3.0,2.0,3.0,2.0,3.0,2.0,3.0,2.0,2.0,3,3.0,3.0,3.0,3.0,2.0,2.0,3.0,3.0,3.0,2.0,3.0,3.0,2.0,3.0,3.0,3.0,2.0,3.0,3.0,2.0,3.0,3.0,3.0,3.0,3.0,3.0,3.0,3.0,3.0,2.0,3.0,2.0,3.0,2.0,3.0,3.0,3.0,3.0,2.0,0.0,3.0,1.0,3.0,3.0,3.0,,3.0,2.0,3.0,2.0,3.0,2.0,3.0,3.0,1.0,2.0,3.0,3.0,3.0,2.0,2.0,3.0,3.0,2,3.0,3.0,3.0,3.0,2.0,3.0,3.0,3.0,3.0,3.0,2.0,2.0,3.0,2.0,3.0,3.0,3.0,3.0,3.0,2.0,3.0,3.0,3.0,3.0,2.0,3.0,3.0,3.0,1.0,3.0,3.0,3.0,3.0,3.0,1.0,3.0,3.0,3.0,2,3.0,3.0,2.0,2.0,3.0,3.0,3.0,3.0,3.0,2.0,3.0,3.0,1.0,3.0,3.0,3.0,2.0,2.0,3.0,2.0,2.0,3.0,0.0,2.0,3.0,2.0,3.0,3.0,3.0,3.0,3.0,3.0,2.0,3.0,3.0,2.0,1.0,2.0,3.0,3.0,3.0,3.0,3.0,3.0,3.0,3.0,3.0,3.0,3.0,3.0,3.0,3.0,2.0,3.0,3.0,1.0,3.0,2.0,3.0,2.0,3.0,3.0,3.0,1.0,2.0,3.0,3.0,1.0,3.0,3.0,3.0,3.0,3.0,3.0,3.0,3.0,3.0,3.0,2.0,3.0,3.0,3.0,3.0,3.0,3.0,3.0,3.0,3.0,3.0,3.0,,3,9,0.0756457564575645,1.1606364428945075,-0.38696054504616023
3.0,2,3,3.0,3.0,3.0,2.0,3.0,2.0,3.0,3.0,2.0,2,3.0,3.0,3.0,3.0,,3.0,3.0,3.0,3.0,1.0,3.0,3.0,1.0,3.0,2.0,3.0,3.0,2.0,1.0,3.0,3.0,1.0,3.0,3.0,3.0,3.0,2.0,3.0,3.0,3.0,3.0,2.0,3.0,2.0,3.0,3.0,3.0,3.0,3.0,3.0,3.0,3.0,3.0,3.0,3.0,3.0,3.0,3.0,3.0,3.0,2.0,3.0,2.0,3,3.0,3.0,2.0,3.0,3.0,2.0,3.0,3.0,3.0,3.0,2.0,3.0,3.0,3.0,2.0,2.0,3,3.0,2.0,3.0,3.0,2.0,3.0,3.0,3.0,2.0,2.0,3.0,3.0,2.0,3.0,2,3.0,2.0,3.0,3.0,2.0,3.0,3.0,2.0,3.0,3,3,3.0,3.0,2.0,2.0,3.0,3.0,3.0,2,3.0,3.0,2.0,2.0,3.0,3.0,2,2.0,3.0,3.0,3.0,3.0,2.0,3.0,2.0,3.0,3.0,3.0,3.0,3.0,3.0,3.0,3,3.0,3.0,3.0,3.0,2.0,1.0,3.0,1.0,3.0,3.0,3.0,3.0,3,3.0,3.0,3.0,3.0,3.0,3.0,3.0,3,2.0,2.0,3.0,2.0,3.0,3.0,3.0,3.0,3.0,2.0,3,3.0,3.0,3.0,3.0,3.0,3.0,1.0,3.0,3.0,2.0,3.0,3.0,3.0,3.0,3.0,2.0,3.0,3.0,3.0,,2.0,2,2.0,3.0,3.0,3.0,2.0,2,3.0,3.0,3.0,3.0,3.0,2,3.0,3.0,3.0,3.0,3.0,3.0,2.0,0,3.0,2.0,3.0,3.0,2.0,1.0,3.0,2.0,3.0,1.0,2,3.0,3.0,3.0,2.0,3.0,3.0,3.0,3,3.0,3.0,3.0,3.0,3.0,3.0,3.0,3.0,3.0,3.0,3.0,3.0,2.0,3.0,3.0,3.0,3.0,3.0,3.0,3.0,3.0,3.0,3.0,2.0,1.0,3.0,3.0,3.0,3.0,3.0,2.0,2.0,3.0,3.0,3.0,2.0,3.0,3.0,1.0,3.0,2.0,3.0,3.0,3,3.0,3.0,3.0,3.0,3.0,2.0,3,3.0,3.0,2.0,3.0,3.0,3.0,3.0,3.0,3.0,3.0,3.0,3.0,3.0,3.0,3.0,3.0,3.0,3.0,3.0,2.0,3.0,3.0,3.0,3.0,2.0,3.0,3.0,3.0,1.0,2.0,3.0,3.0,2.0,3.0,3.0,3.0,3.0,3.0,2.0,3.0,3.0,3.0,3.0,3.0,3.0,3.0,1.0,3.0,3.0,3.0,3.0,3.0,3.0,3.0,3.0,2,3.0,3.0,3.0,3.0,3.0,3.0,1.0,3.0,3.0,3.0,3.0,3.0,3.0,3.0,3,2.0,2.0,3.0,3.0,3.0,,3.0,3.0,3.0,3.0,3.0,3.0,3.0,3.0,3.0,3.0,2.0,3.0,3.0,2.0,3.0,3.0,2.0,2.0,3.0,3.0,0.0,3.0,3.0,3.0,3.0,3.0,3.0,3.0,3.0,2.0,3.0,3.0,3.0,3.0,3,3.0,0.0,3.0,3.0,3.0,3.0,3.0,3.0,3.0,2.0,3.0,3.0,3.0,3.0,3.0,3.0,3.0,3.0,3.0,3.0,3.0,3.0,2.0,3.0,3.0,3.0,3.0,3.0,3.0,3.0,3.0,3.0,,3.0,3.0,3.0,3.0,3.0,2.0,3.0,3.0,3.0,3.0,3.0,3.0,,3.0,3.0,3.0,3.0,3.0,3.0,3.0,2.0,1.0,3.0,3.0,1.0,0.0,3.0,3.0,2.0,3.0,3,3.0,3.0,3.0,3.0,3.0,,2.0,2.0,3.0,3.0,3.0,3.0,3.0,3.0,3.0,3.0,3.0,3.0,3.0,2.0,3.0,3.0,3.0,3.0,3.0,3.0,1.0,2.0,0.0,3.0,3.0,3.0,3.0,3.0,3.0,3.0,3.0,3.0,3,2.0,3.0,3.0,3.0,2.0,,3.0,3.0,2.0,2.0,3.0,3.0,2.0,3.0,3.0,3.0,3.0,3.0,3.0,3.0,3.0,3.0,3.0,3.0,3.0,2.0,2.0,2.0,3.0,3.0,3.0,3.0,3.0,3.0,3.0,3.0,2.0,3.0,2.0,3.0,3.0,2.0,3.0,3.0,3.0,1.0,3.0,3.0,3.0,3.0,3.0,3.0,3.0,3.0,,3.0,2.0,3.0,3.0,3.0,3.0,3.0,3.0,3.0,3.0,3.0,3.0,2.0,3.0,,3.0,3.0,3.0,0.0,3.0,3.0,3.0,3.0,2.0,3.0,3.0,1.0,3.0,3.0,3.0,3.0,3.0,3.0,1.0,3.0,,4,9,0.0849056603773584,1.2196367763904654,-0.23341636066216007
2.0,3,1,3.0,2.0,2.0,2.0,1.0,2.0,3.0,3.0,3.0,1,3.0,3.0,3.0,2.0,,3.0,2.0,3.0,2.0,2.0,3.0,2.0,3.0,3.0,2.0,3.0,3.0,1.0,3.0,3.0,3.0,3.0,2.0,3.0,3.0,3.0,2.0,3.0,3.0,3.0,3.0,3.0,0.0,3.0,3.0,3.0,3.0,3.0,3.0,3.0,2.0,3.0,3.0,3.0,3.0,3.0,3.0,3.0,3.0,3.0,2.0,3.0,2.0,3,3.0,0.0,2.0,3.0,3.0,3.0,2.0,2.0,3.0,3.0,2.0,2.0,3.0,3.0,2.0,2.0,3,3.0,3.0,2.0,2.0,2.0,3.0,2.0,2.0,3.0,3.0,1.0,2.0,2.0,3.0,2,3.0,1.0,2.0,3.0,3.0,3.0,3.0,1.0,2.0,2,3,3.0,3.0,3.0,3.0,3.0,3.0,3.0,3,3.0,2.0,3.0,3.0,3.0,3.0,3,3.0,3.0,3.0,3.0,3.0,2.0,3.0,3.0,3.0,3.0,3.0,3.0,3.0,3.0,3.0,2,2.0,3.0,3.0,3.0,3.0,3.0,1.0,3.0,2.0,3.0,3.0,2.0,2,3.0,3.0,3.0,3.0,3.0,3.0,2.0,2,3.0,3.0,3.0,2.0,3.0,3.0,3.0,3.0,3.0,3.0,2,2.0,2.0,3.0,2.0,3.0,3.0,3.0,3.0,2.0,3.0,3.0,3.0,3.0,3.0,3.0,3.0,3.0,3.0,3.0,3.0,2.0,2,3.0,3.0,1.0,3.0,3.0,3,2.0,3.0,2.0,3.0,3.0,3,3.0,3.0,3.0,3.0,3.0,3.0,3.0,2,2.0,3.0,3.0,2.0,2.0,2.0,3.0,1.0,3.0,3.0,2,3.0,3.0,3.0,3.0,3.0,3.0,3.0,2,3.0,3.0,3.0,3.0,2.0,2.0,3.0,3.0,3.0,3.0,3.0,3.0,3.0,3.0,3.0,3.0,3.0,3.0,3.0,3.0,2.0,3.0,3.0,3.0,0.0,3.0,3.0,2.0,3.0,3.0,2.0,3.0,2.0,2.0,3.0,2.0,3.0,3.0,3.0,3.0,3.0,3.0,2.0,0,,3.0,3.0,3.0,3.0,3.0,1,3.0,3.0,2.0,3.0,3.0,3.0,3.0,0.0,3.0,3.0,3.0,3.0,3.0,3.0,3.0,3.0,2.0,3.0,3.0,3.0,3.0,2.0,3.0,3.0,3.0,3.0,1.0,3.0,3.0,3.0,3.0,3.0,3.0,3.0,2.0,3.0,3.0,3.0,2.0,3.0,3.0,3.0,3.0,3.0,3.0,3.0,3.0,3.0,3.0,3.0,3.0,3.0,1.0,3.0,3.0,3,3.0,3.0,3.0,3.0,3.0,3.0,3.0,3.0,3.0,3.0,3.0,3.0,3.0,3.0,3,3.0,3.0,3.0,3.0,3.0,3.0,1.0,3.0,3.0,2.0,2.0,3.0,2.0,3.0,3.0,3.0,3.0,3.0,3.0,3.0,3.0,3.0,3.0,3.0,3.0,2.0,3.0,3.0,3.0,3.0,3.0,3.0,3.0,3.0,3.0,3.0,3.0,3.0,2.0,3.0,3,2.0,3.0,3.0,3.0,3.0,3.0,2.0,3.0,3.0,3.0,2.0,3.0,3.0,3.0,3.0,3.0,3.0,1.0,3.0,3.0,3.0,3.0,3.0,3.0,3.0,3.0,2.0,3.0,3.0,3.0,3.0,3.0,,3.0,3.0,3.0,3.0,3.0,3.0,3.0,3.0,3.0,3.0,3.0,3.0,,2.0,3.0,3.0,2.0,3.0,2.0,3.0,2.0,3.0,3.0,3.0,2.0,3.0,2.0,3.0,2.0,3.0,2,3.0,3.0,3.0,2.0,3.0,,3.0,3.0,3.0,3.0,3.0,3.0,3.0,3.0,3.0,3.0,3.0,3.0,2.0,3.0,2.0,3.0,3.0,2.0,3.0,3.0,3.0,3.0,3.0,3.0,3.0,3.0,3.0,3.0,3.0,3.0,2.0,3.0,3,3.0,3.0,3.0,2.0,3.0,,3.0,3.0,3.0,3.0,3.0,3.0,3.0,3.0,3.0,3.0,1.0,3.0,3.0,3.0,3.0,0.0,3.0,3.0,3.0,3.0,3.0,3.0,3.0,3.0,3.0,3.0,2.0,3.0,3.0,3.0,3.0,3.0,3.0,1.0,3.0,3.0,3.0,3.0,3.0,3.0,3.0,3.0,3.0,3.0,3.0,,3.0,3.0,3.0,3.0,,3.0,3.0,3.0,3.0,3.0,3.0,3.0,3.0,3.0,3.0,3.0,3.0,,3.0,3.0,3.0,3.0,3.0,3.0,,3.0,3.0,3.0,,2.0,3.0,,3.0,3.0,3.0,3.0,3.0,3.0,,5,9,0.075187969924812,1.2079415593808767,-0.26803253154188283
2.0,3,3,3.0,3.0,3.0,2.0,3.0,2.0,3.0,3.0,3.0,0,3.0,3.0,3.0,3.0,,3.0,3.0,3.0,3.0,3.0,3.0,3.0,3.0,3.0,3.0,3.0,3.0,2.0,2.0,3.0,3.0,3.0,2.0,3.0,3.0,3.0,3.0,3.0,1.0,3.0,3.0,1.0,3.0,2.0,3.0,3.0,3.0,3.0,3.0,3.0,3.0,3.0,3.0,3.0,1.0,3.0,3.0,2.0,3.0,3.0,3.0,3.0,3.0,3,3.0,3.0,3.0,3.0,3.0,3.0,3.0,3.0,2.0,3.0,3.0,3.0,3.0,3.0,2.0,3.0,3,3.0,3.0,3.0,3.0,3.0,3.0,3.0,3.0,2.0,3.0,3.0,3.0,3.0,3.0,2,3.0,3.0,3.0,3.0,2.0,3.0,3.0,1.0,3.0,2,2,3.0,3.0,3.0,1.0,3.0,3.0,2.0,1,3.0,2.0,3.0,3.0,3.0,3.0,1,3.0,3.0,3.0,3.0,3.0,3.0,3.0,3.0,3.0,2.0,3.0,2.0,2.0,3.0,3.0,2,3.0,3.0,3.0,3.0,3.0,3.0,1.0,3.0,2.0,3.0,3.0,3.0,3,3.0,3.0,3.0,3.0,3.0,3.0,3.0,2,2.0,2.0,3.0,1.0,3.0,3.0,3.0,3.0,3.0,3.0,2,3.0,3.0,3.0,3.0,2.0,3.0,3.0,,3.0,2.0,3.0,3.0,3.0,2.0,3.0,3.0,3.0,3.0,3.0,3.0,3.0,3,3.0,3.0,3.0,3.0,3.0,3,3.0,3.0,3.0,3.0,2.0,3,3.0,3.0,3.0,3.0,0.0,2.0,2.0,3,3.0,3.0,3.0,2.0,3.0,3.0,3.0,0.0,3.0,3.0,3,3.0,3.0,2.0,3.0,3.0,3.0,3.0,3,3.0,3.0,3.0,3.0,3.0,3.0,2.0,1.0,3.0,3.0,3.0,3.0,3.0,3.0,3.0,3.0,3.0,2.0,3.0,3.0,3.0,3.0,3.0,3.0,3.0,3.0,3.0,2.0,3.0,3.0,1.0,3.0,3.0,3.0,3.0,3.0,3.0,3.0,3.0,3.0,3.0,3.0,3.0,3,3.0,3.0,3.0,3.0,3.0,3.0,3,3.0,3.0,3.0,3.0,3.0,3.0,3.0,3.0,3.0,3.0,2.0,1.0,3.0,3.0,3.0,3.0,3.0,3.0,3.0,3.0,3.0,2.0,3.0,3.0,3.0,1.0,3.0,3.0,2.0,3.0,3.0,2.0,2.0,3.0,2.0,3.0,3.0,2.0,3.0,2.0,3.0,3.0,3.0,3.0,3.0,3.0,3.0,3.0,3.0,3.0,3.0,2.0,2.0,3.0,3.0,3,3.0,2.0,3.0,3.0,3.0,3.0,3.0,3.0,0.0,3.0,3.0,3.0,3.0,3.0,3,3.0,3.0,3.0,3.0,3.0,,3.0,3.0,3.0,3.0,2.0,3.0,3.0,3.0,3.0,3.0,2.0,3.0,3.0,3.0,2.0,3.0,3.0,3.0,3.0,3.0,3.0,3.0,3.0,2.0,3.0,3.0,3.0,3.0,3.0,3.0,3.0,3.0,3.0,3.0,2,3.0,3.0,3.0,3.0,3.0,2.0,3.0,3.0,3.0,3.0,3.0,3.0,3.0,3.0,3.0,3.0,3.0,3.0,2.0,3.0,3.0,3.0,,3.0,3.0,3.0,3.0,3.0,3.0,2.0,3.0,,,3.0,3.0,3.0,,3.0,2.0,3.0,3.0,3.0,3.0,3.0,2.0,,1.0,3.0,3.0,3.0,3.0,3.0,3.0,3.0,3.0,0.0,3.0,3.0,3.0,3.0,3.0,3.0,3.0,2,3.0,3.0,3.0,3.0,3.0,,3.0,3.0,3.0,3.0,3.0,3.0,2.0,3.0,3.0,3.0,3.0,3.0,3.0,3.0,3.0,3.0,3.0,3.0,3.0,3.0,2.0,3.0,3.0,3.0,3.0,3.0,2.0,3.0,3.0,3.0,3.0,3.0,3,3.0,3.0,3.0,3.0,3.0,0.0,3.0,3.0,3.0,3.0,3.0,3.0,3.0,2.0,3.0,3.0,3.0,3.0,3.0,3.0,3.0,3.0,3.0,3.0,3.0,3.0,3.0,3.0,,3.0,3.0,3.0,3.0,3.0,3.0,3.0,3.0,3.0,2.0,3.0,3.0,3.0,3.0,3.0,3.0,1.0,3.0,3.0,3.0,3.0,3.0,3.0,3.0,2.0,,3.0,,3.0,3.0,3.0,3.0,3.0,3.0,3.0,3.0,3.0,3.0,3.0,3.0,,3.0,3.0,,3.0,3.0,3.0,,3.0,3.0,2.0,,3.0,3.0,,2.0,3.0,3.0,,3.0,3.0,,6,9,0.0719696969696969,1.276655749636099,-0.237768583657359
3.0,3,2,2.0,3.0,3.0,3.0,3.0,3.0,3.0,1.0,3.0,3,3.0,3.0,3.0,3.0,,3.0,3.0,3.0,3.0,3.0,3.0,,3.0,3.0,3.0,3.0,3.0,2.0,3.0,3.0,3.0,3.0,3.0,3.0,3.0,3.0,3.0,3.0,3.0,3.0,3.0,3.0,3.0,2.0,3.0,3.0,3.0,3.0,3.0,3.0,2.0,3.0,3.0,3.0,3.0,3.0,3.0,3.0,3.0,3.0,3.0,,3.0,3,3.0,3.0,3.0,3.0,,3.0,3.0,3.0,3.0,3.0,3.0,3.0,3.0,3.0,3.0,3.0,3,3.0,3.0,2.0,3.0,3.0,,3.0,3.0,3.0,3.0,,3.0,3.0,3.0,3,3.0,3.0,2.0,3.0,3.0,3.0,3.0,,1.0,3,3,3.0,3.0,3.0,,3.0,3.0,,2,3.0,3.0,3.0,3.0,3.0,3.0,2,3.0,3.0,,3.0,3.0,3.0,3.0,3.0,3.0,3.0,3.0,3.0,3.0,3.0,3.0,2,3.0,3.0,3.0,,3.0,2.0,3.0,1.0,3.0,3.0,1.0,3.0,3,3.0,2.0,3.0,3.0,3.0,3.0,3.0,3,3.0,3.0,3.0,3.0,3.0,,3.0,1.0,3.0,2.0,3,3.0,3.0,3.0,3.0,2.0,3.0,3.0,3.0,3.0,3.0,3.0,3.0,3.0,3.0,3.0,3.0,3.0,3.0,3.0,,2.0,3,3.0,3.0,2.0,3.0,3.0,3,3.0,3.0,3.0,3.0,2.0,3,3.0,3.0,3.0,3.0,3.0,3.0,3.0,3,3.0,3.0,3.0,3.0,3.0,3.0,3.0,3.0,3.0,3.0,3,3.0,3.0,3.0,3.0,,3.0,3.0,3,2.0,3.0,3.0,,3.0,3.0,1.0,3.0,3.0,3.0,3.0,3.0,3.0,3.0,2.0,3.0,3.0,2.0,3.0,3.0,3.0,3.0,3.0,3.0,3.0,2.0,1.0,3.0,3.0,3.0,1.0,2.0,3.0,3.0,3.0,2.0,2.0,3.0,3.0,3.0,3.0,2.0,3.0,3,2.0,2.0,3.0,,2.0,3.0,3,3.0,3.0,3.0,3.0,3.0,3.0,3.0,1.0,3.0,3.0,3.0,3.0,3.0,3.0,,3.0,3.0,3.0,3.0,3.0,3.0,3.0,3.0,3.0,2.0,3.0,3.0,3.0,2.0,3.0,3.0,3.0,2.0,3.0,3.0,3.0,3.0,3.0,3.0,3.0,3.0,3.0,3.0,1.0,2.0,3.0,3.0,3.0,3.0,3.0,3.0,1.0,3.0,3.0,3.0,3,3.0,3.0,3.0,3.0,2.0,3.0,,3.0,3.0,3.0,3.0,3.0,3.0,3.0,3,3.0,3.0,3.0,3.0,3.0,,3.0,3.0,1.0,3.0,3.0,3.0,3.0,3.0,,3.0,3.0,3.0,2.0,2.0,3.0,0.0,3.0,3.0,3.0,3.0,2.0,3.0,3.0,3.0,2.0,3.0,3.0,3.0,3.0,3.0,3.0,2.0,3.0,3.0,3,3.0,2.0,3.0,3.0,3.0,3.0,3.0,3.0,3.0,3.0,3.0,3.0,3.0,3.0,3.0,3.0,3.0,3.0,3.0,3.0,3.0,3.0,,3.0,3.0,,3.0,1.0,3.0,3.0,3.0,3.0,,3.0,,2.0,3.0,3.0,3.0,3.0,3.0,3.0,3.0,3.0,3.0,,,3.0,3.0,3.0,3.0,1.0,3.0,3.0,3.0,3.0,3.0,2.0,3.0,3.0,3.0,3.0,3.0,3,3.0,3.0,3.0,3.0,3.0,,2.0,3.0,3.0,3.0,3.0,3.0,3.0,3.0,3.0,1.0,0.0,0.0,3.0,3.0,,3.0,3.0,3.0,3.0,3.0,3.0,2.0,3.0,3.0,3.0,3.0,3.0,,,3.0,3.0,3.0,3,3.0,,3.0,3.0,3.0,,3.0,3.0,3.0,3.0,3.0,3.0,3.0,3.0,3.0,3.0,3.0,3.0,3.0,3.0,3.0,2.0,3.0,3.0,3.0,3.0,,3.0,,2.0,3.0,3.0,3.0,3.0,,3.0,0.0,3.0,3.0,3.0,3.0,0.0,1.0,3.0,3.0,3.0,3.0,3.0,,2.0,3.0,,3.0,3.0,,3.0,,,3.0,3.0,3.0,3.0,3.0,3.0,3.0,,3.0,3.0,3.0,3.0,,,3.0,,3.0,3.0,,3.0,2.0,3.0,,0.0,3.0,3.0,3.0,,,3.0,3.0,3.0,,7,9,0.0763052208835341,1.333453713735404,-0.09352779871685983
2.0,3,3,3.0,3.0,2.0,3.0,3.0,3.0,,2.0,3.0,3,3.0,3.0,3.0,3.0,,3.0,3.0,3.0,,3.0,3.0,3.0,3.0,3.0,3.0,3.0,3.0,3.0,1.0,3.0,3.0,3.0,3.0,3.0,3.0,2.0,3.0,3.0,3.0,3.0,3.0,3.0,3.0,3.0,3.0,3.0,3.0,3.0,3.0,3.0,3.0,3.0,3.0,3.0,3.0,3.0,3.0,3.0,,3.0,3.0,3.0,3.0,2,3.0,,3.0,3.0,3.0,3.0,3.0,3.0,3.0,3.0,3.0,3.0,,3.0,3.0,3.0,2,3.0,3.0,3.0,2.0,3.0,,3.0,3.0,3.0,3.0,,3.0,3.0,3.0,3,3.0,2.0,3.0,,3.0,2.0,2.0,,3.0,3,1,3.0,3.0,1.0,3.0,3.0,3.0,3.0,3,3.0,3.0,3.0,3.0,3.0,3.0,3,3.0,3.0,3.0,3.0,3.0,3.0,3.0,3.0,3.0,3.0,,3.0,3.0,3.0,3.0,3,3.0,3.0,1.0,3.0,3.0,2.0,3.0,3.0,,3.0,3.0,3.0,2,3.0,3.0,1.0,3.0,3.0,3.0,3.0,3,3.0,2.0,3.0,,3.0,,,3.0,2.0,3.0,2,3.0,3.0,3.0,3.0,,3.0,,3.0,3.0,3.0,3.0,,0.0,,3.0,3.0,,,3.0,,3.0,0,3.0,3.0,3.0,,3.0,3,,3.0,3.0,3.0,3.0,3,3.0,,3.0,,,,3.0,3,3.0,3.0,,3.0,3.0,3.0,3.0,3.0,3.0,3.0,3,3.0,3.0,,3.0,,3.0,3.0,3,3.0,3.0,,,3.0,3.0,,3.0,3.0,3.0,,,3.0,3.0,3.0,,,,3.0,,3.0,,,,3.0,,3.0,3.0,3.0,3.0,3.0,3.0,,3.0,,3.0,3.0,,3.0,3.0,0.0,,3.0,3,,,3.0,,3.0,3.0,3,,3.0,3.0,3.0,2.0,,3.0,3.0,,3.0,,3.0,3.0,,3.0,3.0,2.0,3.0,,3.0,3.0,3.0,,3.0,3.0,3.0,3.0,,3.0,3.0,3.0,3.0,2.0,3.0,3.0,3.0,,,3.0,,3.0,,,,3.0,3.0,3.0,3.0,3.0,3.0,,3.0,3.0,,,3,1.0,3.0,,3.0,3.0,,3.0,,3.0,,,,3.0,3.0,3,3.0,3.0,,3.0,3.0,,3.0,3.0,,,,3.0,3.0,3.0,,3.0,,3.0,2.0,3.0,,,3.0,2.0,,2.0,3.0,3.0,3.0,3.0,3.0,,3.0,3.0,3.0,2.0,3.0,3.0,3.0,3.0,2,3.0,3.0,2.0,3.0,3.0,3.0,1.0,,3.0,3.0,,3.0,3.0,3.0,3.0,3.0,3.0,,3.0,3.0,3.0,,,0.0,,,2.0,3.0,,3.0,3.0,,,3.0,,3.0,,,3.0,3.0,,3.0,3.0,,,,3.0,,,3.0,3.0,3.0,3.0,3.0,3.0,3.0,,3.0,,3.0,2.0,3.0,,3,3.0,3.0,3.0,3.0,,,3.0,3.0,3.0,,,3.0,3.0,3.0,3.0,3.0,2.0,,,3.0,,,,0.0,,,,3.0,,3.0,3.0,3.0,1.0,,3.0,,3.0,3.0,3,,,3.0,3.0,,,3.0,,2.0,3.0,0.0,,3.0,3.0,3.0,3.0,3.0,3.0,3.0,3.0,1.0,,,3.0,3.0,3.0,,3.0,,3.0,3.0,,3.0,,3.0,3.0,3.0,,3.0,3.0,3.0,3.0,,,3.0,3.0,3.0,,3.0,3.0,3.0,,,1.0,,,,,3.0,3.0,,3.0,,,3.0,,3.0,3.0,,,,,,,,,,3.0,3.0,3.0,,,,,3.0,3.0,,,,3.0,,8,9,0.0769230769230769,1.4573158820082048,-0.12639415132962553
3.0,2,3,2.0,3.0,2.0,3.0,3.0,3.0,3.0,3.0,3.0,2,1.0,3.0,3.0,3.0,3.0,3.0,3.0,3.0,3.0,3.0,3.0,3.0,3.0,3.0,3.0,3.0,3.0,3.0,2.0,3.0,3.0,3.0,3.0,3.0,3.0,3.0,2.0,0.0,3.0,3.0,2.0,3.0,3.0,2.0,3.0,3.0,3.0,3.0,3.0,3.0,3.0,3.0,3.0,3.0,3.0,3.0,3.0,0.0,3.0,3.0,2.0,3.0,2.0,3,2.0,3.0,3.0,3.0,3.0,2.0,2.0,3.0,3.0,3.0,3.0,3.0,3.0,3.0,3.0,3.0,3,3.0,3.0,3.0,3.0,3.0,,3.0,3.0,2.0,3.0,3.0,3.0,3.0,3.0,3,3.0,3.0,3.0,3.0,3.0,3.0,3.0,3.0,3.0,2,3,3.0,3.0,3.0,3.0,3.0,2.0,3.0,3,3.0,3.0,3.0,2.0,3.0,3.0,2,3.0,3.0,3.0,2.0,3.0,2.0,3.0,3.0,3.0,3.0,3.0,3.0,3.0,3.0,3.0,2,2.0,3.0,3.0,3.0,1.0,1.0,2.0,2.0,3.0,2.0,3.0,3.0,3,2.0,3.0,3.0,3.0,3.0,3.0,2.0,3,3.0,3.0,2.0,3.0,3.0,3.0,3.0,3.0,2.0,2.0,3,3.0,3.0,1.0,3.0,3.0,3.0,3.0,3.0,3.0,3.0,3.0,3.0,3.0,3.0,3.0,3.0,3.0,3.0,2.0,3.0,1.0,3,3.0,3.0,1.0,3.0,3.0,0,3.0,3.0,3.0,3.0,3.0,1,3.0,3.0,3.0,3.0,3.0,3.0,2.0,2,3.0,2.0,3.0,2.0,1.0,3.0,3.0,3.0,2.0,3.0,3,3.0,2.0,3.0,3.0,3.0,3.0,3.0,2,2.0,3.0,3.0,3.0,3.0,3.0,3.0,3.0,3.0,3.0,3.0,3.0,3.0,2.0,3.0,3.0,3.0,2.0,3.0,3.0,3.0,3.0,3.0,3.0,3.0,3.0,3.0,3.0,2.0,3.0,3.0,2.0,3.0,3.0,2.0,3.0,2.0,3.0,3.0,3.0,3.0,3.0,3.0,3,3.0,3.0,2.0,3.0,3.0,3.0,2,3.0,3.0,3.0,3.0,2.0,3.0,3.0,3.0,3.0,3.0,3.0,3.0,3.0,3.0,3.0,3.0,3.0,3.0,3.0,3.0,3.0,3.0,3.0,3.0,3.0,3.0,3.0,3.0,2.0,3.0,3.0,3.0,3.0,3.0,2.0,2.0,3.0,3.0,3.0,3.0,3.0,3.0,3.0,3.0,3.0,1.0,2.0,3.0,3.0,3.0,3.0,3.0,3.0,3.0,0.0,2,3.0,3.0,2.0,3.0,3.0,3.0,3.0,3.0,0.0,3.0,3.0,3.0,3.0,3.0,3,3.0,3.0,3.0,3.0,3.0,,3.0,3.0,0.0,3.0,3.0,3.0,3.0,1.0,3.0,3.0,3.0,2.0,3.0,2.0,3.0,3.0,3.0,2.0,3.0,3.0,3.0,3.0,3.0,3.0,3.0,3.0,3.0,3.0,3.0,2.0,3.0,3.0,3.0,3.0,2,3.0,1.0,3.0,2.0,3.0,3.0,3.0,3.0,3.0,2.0,3.0,3.0,3.0,3.0,3.0,3.0,3.0,1.0,3.0,3.0,3.0,3.0,,2.0,3.0,3.0,3.0,3.0,3.0,3.0,3.0,3.0,3.0,3.0,3.0,3.0,3.0,3.0,3.0,3.0,3.0,3.0,3.0,3.0,1.0,1.0,3.0,3.0,3.0,3.0,2.0,2.0,3.0,3.0,3.0,3.0,3.0,3.0,3.0,3.0,3.0,1.0,3.0,2,3.0,3.0,3.0,3.0,3.0,,3.0,3.0,3.0,3.0,3.0,3.0,3.0,3.0,3.0,3.0,3.0,3.0,2.0,3.0,3.0,3.0,3.0,3.0,3.0,3.0,3.0,3.0,3.0,3.0,3.0,3.0,3.0,3.0,3.0,2.0,3.0,1.0,2,3.0,3.0,3.0,3.0,3.0,,3.0,3.0,3.0,2.0,3.0,3.0,3.0,3.0,1.0,3.0,3.0,3.0,2.0,2.0,3.0,3.0,3.0,3.0,1.0,2.0,3.0,3.0,3.0,2.0,3.0,3.0,2.0,3.0,3.0,3.0,3.0,3.0,3.0,3.0,2.0,3.0,1.0,3.0,3.0,3.0,3.0,2.0,3.0,3.0,3.0,3.0,3.0,3.0,3.0,3.0,3.0,3.0,3.0,3.0,3.0,3.0,3.0,3.0,3.0,3.0,3.0,3.0,3.0,,3.0,3.0,3.0,3.0,3.0,3.0,,3.0,3.0,3.0,,,3.0,3.0,3.0,3.0,3.0,3.0,3.0,3.0,,9,9,0.056985294117647,1.253203074951954,-0.2606498156226177
1.0,2,2,3.0,3.0,2.0,2.0,3.0,3.0,3.0,2.0,3.0,2,3.0,3.0,3.0,3.0,,3.0,3.0,3.0,3.0,2.0,3.0,3.0,2.0,3.0,3.0,3.0,3.0,3.0,2.0,2.0,0.0,3.0,2.0,3.0,3.0,3.0,3.0,3.0,3.0,3.0,3.0,2.0,0.0,3.0,3.0,3.0,2.0,2.0,3.0,3.0,3.0,3.0,3.0,3.0,3.0,3.0,2.0,2.0,3.0,2.0,3.0,3.0,3.0,3,3.0,3.0,3.0,3.0,2.0,2.0,3.0,2.0,2.0,2.0,2.0,3.0,3.0,3.0,1.0,2.0,1,3.0,3.0,3.0,2.0,3.0,3.0,3.0,3.0,3.0,2.0,3.0,2.0,3.0,3.0,2,2.0,2.0,3.0,3.0,1.0,3.0,3.0,3.0,3.0,2,3,2.0,3.0,3.0,3.0,3.0,3.0,3.0,3,2.0,2.0,3.0,3.0,3.0,3.0,2,3.0,3.0,3.0,3.0,3.0,2.0,3.0,3.0,3.0,3.0,3.0,2.0,3.0,3.0,3.0,2,3.0,3.0,2.0,3.0,3.0,2.0,3.0,3.0,3.0,2.0,3.0,3.0,3,3.0,3.0,3.0,3.0,2.0,3.0,3.0,3,2.0,3.0,3.0,2.0,3.0,3.0,3.0,3.0,2.0,3.0,2,2.0,3.0,2.0,3.0,3.0,3.0,3.0,3.0,3.0,3.0,3.0,3.0,2.0,3.0,3.0,3.0,3.0,1.0,3.0,3.0,3.0,2,3.0,3.0,3.0,3.0,3.0,2,3.0,2.0,3.0,3.0,3.0,3,3.0,3.0,2.0,3.0,3.0,3.0,2.0,2,3.0,3.0,3.0,3.0,3.0,3.0,3.0,3.0,2.0,3.0,3,3.0,2.0,3.0,3.0,3.0,3.0,3.0,2,3.0,3.0,3.0,3.0,3.0,3.0,3.0,2.0,2.0,2.0,3.0,3.0,3.0,3.0,3.0,3.0,3.0,3.0,3.0,3.0,3.0,3.0,3.0,3.0,3.0,1.0,3.0,2.0,2.0,3.0,2.0,3.0,3.0,3.0,3.0,3.0,3.0,3.0,3.0,3.0,3.0,3.0,3.0,3,3.0,3.0,3.0,3.0,3.0,3.0,3,3.0,3.0,1.0,3.0,2.0,3.0,3.0,3.0,3.0,3.0,3.0,3.0,2.0,3.0,3.0,3.0,3.0,3.0,3.0,3.0,3.0,3.0,3.0,3.0,3.0,3.0,3.0,3.0,3.0,3.0,2.0,3.0,3.0,3.0,3.0,2.0,3.0,3.0,3.0,3.0,2.0,3.0,3.0,3.0,3.0,3.0,3.0,3.0,3.0,3.0,3.0,3.0,3.0,1.0,3.0,3,3.0,3.0,3.0,3.0,1.0,3.0,3.0,3.0,3.0,3.0,3.0,3.0,3.0,2.0,3,3.0,3.0,3.0,3.0,3.0,3.0,3.0,2.0,3.0,3.0,3.0,3.0,3.0,3.0,3.0,1.0,3.0,3.0,0.0,3.0,3.0,3.0,3.0,1.0,3.0,3.0,3.0,3.0,3.0,3.0,3.0,3.0,3.0,3.0,3.0,1.0,2.0,3.0,1.0,3.0,2,3.0,3.0,3.0,3.0,3.0,0.0,2.0,3.0,3.0,3.0,3.0,3.0,2.0,3.0,3.0,3.0,3.0,3.0,0.0,3.0,3.0,3.0,3.0,3.0,3.0,3.0,3.0,3.0,3.0,3.0,1.0,3.0,3.0,2.0,3.0,3.0,3.0,3.0,2.0,3.0,3.0,3.0,3.0,3.0,3.0,,3.0,3.0,3.0,3.0,3.0,3.0,3.0,2.0,3.0,3.0,3.0,2.0,3.0,3.0,3.0,3.0,3.0,3,2.0,2.0,3.0,3.0,1.0,,3.0,3.0,3.0,3.0,3.0,3.0,3.0,3.0,3.0,3.0,3.0,3.0,3.0,3.0,3.0,3.0,3.0,3.0,3.0,3.0,3.0,3.0,3.0,3.0,3.0,3.0,3.0,1.0,3.0,3.0,3.0,3.0,2,3.0,3.0,2.0,3.0,3.0,,3.0,0.0,3.0,3.0,3.0,3.0,3.0,3.0,3.0,3.0,3.0,2.0,2.0,3.0,3.0,3.0,3.0,3.0,3.0,3.0,3.0,3.0,3.0,3.0,3.0,3.0,3.0,3.0,3.0,3.0,3.0,3.0,3.0,3.0,3.0,3.0,3.0,3.0,3.0,3.0,3.0,3.0,3.0,3.0,3.0,,3.0,3.0,,3.0,3.0,3.0,2.0,1.0,3.0,3.0,3.0,3.0,3.0,,3.0,3.0,3.0,,3.0,3.0,3.0,3.0,3.0,3.0,,3.0,3.0,3.0,3.0,2.0,3.0,3.0,3.0,3.0,3.0,2.0,3.0,3.0,,10,9,0.0648148148148148,1.2274533323337582,-0.3450986153045689
3.0,2,2,3.0,3.0,2.0,2.0,3.0,3.0,3.0,3.0,3.0,3,3.0,3.0,3.0,3.0,,3.0,3.0,2.0,3.0,3.0,3.0,3.0,3.0,2.0,3.0,2.0,3.0,2.0,2.0,3.0,3.0,3.0,2.0,3.0,3.0,3.0,3.0,2.0,3.0,3.0,3.0,2.0,2.0,3.0,3.0,3.0,3.0,3.0,3.0,2.0,3.0,3.0,3.0,3.0,3.0,3.0,2.0,3.0,3.0,3.0,3.0,3.0,3.0,3,3.0,3.0,3.0,3.0,3.0,3.0,3.0,3.0,3.0,3.0,3.0,3.0,3.0,3.0,2.0,3.0,3,2.0,3.0,3.0,3.0,3.0,3.0,3.0,3.0,3.0,3.0,3.0,2.0,3.0,3.0,2,2.0,2.0,3.0,3.0,3.0,3.0,3.0,3.0,3.0,3,2,3.0,3.0,3.0,3.0,3.0,3.0,3.0,2,3.0,2.0,3.0,3.0,3.0,3.0,3,3.0,3.0,3.0,3.0,2.0,3.0,3.0,3.0,3.0,3.0,3.0,3.0,3.0,3.0,3.0,3,2.0,3.0,1.0,3.0,3.0,3.0,3.0,3.0,3.0,3.0,3.0,3.0,3,2.0,3.0,2.0,3.0,3.0,3.0,3.0,3,3.0,2.0,3.0,3.0,3.0,3.0,3.0,3.0,2.0,3.0,2,3.0,3.0,3.0,2.0,3.0,2.0,3.0,3.0,2.0,2.0,3.0,2.0,3.0,2.0,3.0,3.0,2.0,3.0,3.0,3.0,2.0,3,3.0,3.0,2.0,1.0,2.0,2,3.0,2.0,3.0,3.0,3.0,3,2.0,3.0,3.0,3.0,3.0,3.0,2.0,3,2.0,3.0,1.0,2.0,2.0,3.0,3.0,2.0,3.0,2.0,3,3.0,3.0,3.0,3.0,3.0,3.0,3.0,3,3.0,1.0,3.0,3.0,3.0,3.0,2.0,3.0,2.0,0.0,3.0,3.0,2.0,3.0,2.0,2.0,2.0,2.0,3.0,3.0,3.0,3.0,1.0,2.0,3.0,3.0,2.0,2.0,3.0,3.0,1.0,2.0,3.0,2.0,3.0,2.0,2.0,3.0,3.0,3.0,1.0,2.0,3.0,3,3.0,3.0,2.0,3.0,2.0,2.0,3,2.0,1.0,3.0,3.0,3.0,1.0,3.0,3.0,3.0,3.0,3.0,1.0,3.0,2.0,3.0,3.0,3.0,3.0,3.0,3.0,3.0,2.0,3.0,0.0,2.0,0.0,2.0,3.0,3.0,3.0,2.0,2.0,2.0,3.0,2.0,3.0,3.0,3.0,2.0,3.0,3.0,1.0,3.0,3.0,3.0,3.0,2.0,3.0,3.0,3.0,3.0,3.0,3.0,3.0,2.0,2,3.0,2.0,3.0,2.0,3.0,3.0,3.0,3.0,3.0,3.0,3.0,3.0,3.0,3.0,2,3.0,3.0,3.0,3.0,3.0,,3.0,3.0,3.0,3.0,2.0,3.0,1.0,3.0,3.0,3.0,3.0,3.0,2.0,3.0,3.0,2.0,2.0,3.0,2.0,3.0,2.0,2.0,3.0,3.0,1.0,1.0,3.0,3.0,3.0,3.0,3.0,3.0,3.0,3.0,3,3.0,3.0,3.0,3.0,3.0,3.0,2.0,3.0,3.0,3.0,3.0,2.0,3.0,3.0,3.0,3.0,3.0,3.0,3.0,3.0,3.0,3.0,,1.0,2.0,3.0,3.0,3.0,3.0,2.0,3.0,2.0,3.0,3.0,3.0,3.0,3.0,3.0,3.0,3.0,3.0,3.0,3.0,2.0,2.0,3.0,3.0,3.0,3.0,3.0,3.0,2.0,2.0,3.0,3.0,3.0,3.0,1.0,3.0,3.0,3.0,3.0,2.0,3,1.0,3.0,3.0,3.0,3.0,,3.0,3.0,3.0,3.0,3.0,3.0,3.0,3.0,2.0,3.0,3.0,3.0,3.0,3.0,3.0,3.0,2.0,3.0,3.0,3.0,3.0,3.0,3.0,3.0,3.0,3.0,3.0,3.0,3.0,3.0,3.0,3.0,3,1.0,3.0,3.0,3.0,3.0,3.0,3.0,3.0,3.0,3.0,3.0,3.0,3.0,3.0,3.0,3.0,3.0,3.0,3.0,3.0,3.0,3.0,3.0,3.0,3.0,3.0,3.0,3.0,3.0,3.0,3.0,3.0,1.0,3.0,3.0,0.0,3.0,3.0,3.0,3.0,3.0,3.0,3.0,1.0,3.0,2.0,2.0,2.0,3.0,3.0,0.0,,3.0,3.0,3.0,3.0,3.0,3.0,3.0,3.0,3.0,3.0,3.0,3.0,3.0,3.0,3.0,3.0,3.0,,3.0,3.0,3.0,3.0,3.0,3.0,3.0,0.0,2.0,3.0,3.0,,3.0,3.0,3.0,3.0,3.0,3.0,3.0,3.0,,11,9,0.074487895716946,1.1994427028909787,-0.2538716331382817
3.0,3,3,3.0,3.0,3.0,3.0,3.0,2.0,3.0,3.0,3.0,2,3.0,3.0,3.0,3.0,,3.0,3.0,3.0,3.0,3.0,3.0,3.0,3.0,3.0,3.0,3.0,3.0,3.0,3.0,3.0,2.0,3.0,3.0,3.0,3.0,3.0,3.0,2.0,3.0,3.0,3.0,2.0,3.0,3.0,3.0,3.0,3.0,3.0,3.0,3.0,3.0,3.0,2.0,3.0,3.0,3.0,3.0,1.0,3.0,2.0,3.0,2.0,3.0,3,1.0,,3.0,3.0,3.0,1.0,3.0,3.0,3.0,3.0,3.0,3.0,3.0,3.0,3.0,3.0,3,3.0,3.0,3.0,3.0,3.0,,3.0,3.0,2.0,3.0,3.0,3.0,3.0,3.0,3,3.0,3.0,3.0,3.0,0.0,3.0,3.0,1.0,3.0,2,3,3.0,3.0,3.0,3.0,2.0,3.0,3.0,3,3.0,2.0,3.0,3.0,2.0,3.0,3,3.0,2.0,2.0,3.0,3.0,3.0,3.0,3.0,3.0,3.0,3.0,3.0,3.0,3.0,3.0,2,3.0,3.0,3.0,3.0,3.0,3.0,3.0,3.0,3.0,3.0,3.0,3.0,2,3.0,3.0,3.0,3.0,3.0,3.0,3.0,2,2.0,3.0,3.0,3.0,2.0,3.0,2.0,3.0,3.0,3.0,3,1.0,2.0,3.0,3.0,3.0,2.0,3.0,3.0,3.0,3.0,3.0,3.0,3.0,3.0,2.0,3.0,3.0,3.0,3.0,,2.0,2,3.0,3.0,3.0,3.0,3.0,2,3.0,3.0,3.0,3.0,3.0,2,3.0,3.0,3.0,,,3.0,3.0,2,3.0,3.0,3.0,3.0,3.0,3.0,2.0,3.0,3.0,3.0,3,3.0,1.0,3.0,3.0,3.0,3.0,3.0,2,3.0,3.0,3.0,3.0,1.0,3.0,3.0,3.0,3.0,3.0,3.0,3.0,3.0,3.0,3.0,,3.0,3.0,3.0,,3.0,3.0,3.0,3.0,3.0,3.0,3.0,2.0,3.0,3.0,3.0,3.0,,3.0,3.0,3.0,3.0,3.0,0.0,3.0,3.0,3.0,3.0,2,3.0,3.0,3.0,3.0,3.0,3.0,3,3.0,2.0,2.0,3.0,3.0,3.0,3.0,3.0,3.0,3.0,3.0,3.0,2.0,3.0,3.0,3.0,,3.0,2.0,3.0,2.0,3.0,3.0,3.0,3.0,3.0,3.0,3.0,0.0,3.0,3.0,2.0,3.0,3.0,3.0,3.0,3.0,3.0,3.0,3.0,3.0,3.0,3.0,3.0,3.0,1.0,3.0,3.0,2.0,3.0,3.0,3.0,3.0,3.0,2.0,2,3.0,3.0,3.0,2.0,3.0,3.0,3.0,3.0,3.0,3.0,3.0,3.0,3.0,3.0,3,3.0,3.0,3.0,3.0,3.0,2.0,3.0,3.0,3.0,3.0,2.0,3.0,3.0,3.0,3.0,3.0,3.0,3.0,3.0,3.0,3.0,3.0,3.0,3.0,3.0,3.0,3.0,3.0,3.0,3.0,3.0,1.0,3.0,1.0,3.0,2.0,1.0,3.0,2.0,3.0,2,3.0,3.0,3.0,2.0,3.0,3.0,3.0,3.0,3.0,2.0,3.0,3.0,3.0,3.0,3.0,3.0,3.0,2.0,2.0,1.0,3.0,3.0,3.0,2.0,3.0,1.0,3.0,2.0,3.0,3.0,3.0,3.0,,3.0,3.0,3.0,2.0,3.0,0.0,3.0,3.0,3.0,3.0,3.0,2.0,3.0,3.0,3.0,1.0,3.0,2.0,3.0,3.0,3.0,3.0,3.0,3.0,3.0,3.0,2.0,3.0,3.0,3.0,2,3.0,2.0,3.0,3.0,3.0,,2.0,3.0,3.0,3.0,2.0,3.0,3.0,3.0,2.0,3.0,3.0,3.0,1.0,3.0,3.0,3.0,3.0,3.0,3.0,3.0,3.0,2.0,3.0,0.0,3.0,3.0,3.0,3.0,2.0,3.0,3.0,3.0,3,3.0,3.0,3.0,3.0,3.0,,3.0,3.0,3.0,3.0,3.0,3.0,3.0,3.0,3.0,3.0,3.0,3.0,3.0,3.0,3.0,3.0,3.0,3.0,3.0,3.0,3.0,3.0,,3.0,3.0,3.0,3.0,3.0,3.0,3.0,3.0,3.0,2.0,3.0,3.0,3.0,3.0,0.0,3.0,3.0,3.0,3.0,3.0,3.0,3.0,,3.0,3.0,,3.0,3.0,3.0,3.0,3.0,1.0,,3.0,3.0,3.0,3.0,3.0,3.0,3.0,,3.0,3.0,3.0,3.0,3.0,3.0,,3.0,2.0,3.0,,,3.0,,3.0,3.0,3.0,3.0,3.0,3.0,,12,9,0.0745697896749522,1.2801775968920543,-0.155020541110758
2.0,3,2,3.0,3.0,3.0,3.0,1.0,3.0,3.0,3.0,3.0,2,3.0,3.0,3.0,2.0,,3.0,3.0,3.0,3.0,3.0,3.0,3.0,3.0,3.0,3.0,3.0,0.0,3.0,3.0,3.0,2.0,3.0,3.0,3.0,3.0,3.0,3.0,3.0,3.0,3.0,3.0,3.0,3.0,2.0,3.0,3.0,3.0,3.0,2.0,3.0,3.0,3.0,3.0,2.0,3.0,3.0,3.0,3.0,3.0,3.0,2.0,3.0,3.0,3,3.0,3.0,3.0,3.0,1.0,2.0,3.0,3.0,3.0,3.0,3.0,3.0,1.0,3.0,2.0,3.0,2,3.0,3.0,2.0,2.0,3.0,,3.0,3.0,3.0,3.0,3.0,3.0,3.0,2.0,1,3.0,3.0,3.0,3.0,3.0,3.0,3.0,3.0,3.0,2,3,3.0,3.0,3.0,2.0,3.0,3.0,3.0,3,3.0,3.0,3.0,1.0,3.0,3.0,3,3.0,3.0,3.0,3.0,2.0,3.0,3.0,3.0,3.0,3.0,3.0,3.0,3.0,3.0,3.0,3,3.0,3.0,3.0,0.0,2.0,1.0,3.0,3.0,2.0,3.0,3.0,3.0,3,3.0,2.0,2.0,3.0,2.0,3.0,3.0,3,3.0,3.0,3.0,3.0,3.0,3.0,3.0,3.0,1.0,3.0,3,3.0,3.0,3.0,2.0,3.0,3.0,3.0,3.0,3.0,3.0,3.0,3.0,2.0,3.0,3.0,2.0,3.0,3.0,3.0,,2.0,2,3.0,2.0,3.0,2.0,3.0,3,3.0,2.0,3.0,2.0,3.0,2,3.0,3.0,3.0,,,3.0,1.0,2,1.0,3.0,3.0,3.0,3.0,3.0,3.0,3.0,2.0,3.0,2,3.0,3.0,3.0,3.0,3.0,2.0,3.0,2,3.0,3.0,3.0,3.0,2.0,3.0,3.0,2.0,3.0,3.0,3.0,3.0,3.0,3.0,3.0,3.0,3.0,3.0,3.0,,3.0,3.0,3.0,3.0,3.0,3.0,3.0,3.0,3.0,3.0,3.0,3.0,3.0,1.0,3.0,2.0,2.0,3.0,1.0,3.0,2.0,3.0,3.0,3,3.0,3.0,3.0,3.0,3.0,3.0,2,3.0,3.0,2.0,3.0,2.0,3.0,3.0,3.0,,3.0,3.0,3.0,3.0,3.0,3.0,3.0,3.0,3.0,2.0,3.0,3.0,3.0,3.0,3.0,3.0,3.0,3.0,3.0,3.0,3.0,3.0,3.0,3.0,3.0,3.0,1.0,3.0,3.0,3.0,3.0,2.0,3.0,3.0,3.0,3.0,3.0,3.0,3.0,3.0,2.0,3.0,3.0,3.0,3.0,3.0,2,3.0,3.0,3.0,3.0,3.0,3.0,3.0,3.0,3.0,3.0,3.0,3.0,3.0,3.0,3,3.0,3.0,3.0,2.0,3.0,,3.0,3.0,3.0,3.0,3.0,3.0,2.0,3.0,3.0,3.0,3.0,3.0,3.0,3.0,3.0,3.0,3.0,2.0,3.0,2.0,3.0,3.0,3.0,3.0,3.0,3.0,3.0,3.0,2.0,3.0,3.0,3.0,2.0,3.0,2,3.0,3.0,2.0,2.0,3.0,3.0,3.0,3.0,3.0,3.0,3.0,0.0,2.0,2.0,3.0,3.0,3.0,3.0,3.0,3.0,3.0,3.0,3.0,2.0,3.0,3.0,3.0,3.0,1.0,3.0,3.0,3.0,3.0,3.0,3.0,3.0,3.0,3.0,1.0,3.0,,3.0,3.0,0.0,3.0,,2.0,3.0,3.0,3.0,3.0,3.0,2.0,2.0,3.0,3.0,3.0,3.0,2.0,1.0,3.0,3.0,3.0,2,3.0,3.0,3.0,3.0,2.0,,1.0,3.0,3.0,3.0,3.0,3.0,3.0,3.0,3.0,3.0,3.0,3.0,3.0,3.0,0.0,3.0,3.0,3.0,3.0,3.0,3.0,3.0,3.0,3.0,3.0,3.0,3.0,3.0,2.0,3.0,2.0,3.0,3,3.0,3.0,3.0,3.0,3.0,,3.0,0.0,3.0,3.0,3.0,3.0,3.0,3.0,3.0,3.0,2.0,3.0,3.0,3.0,3.0,3.0,3.0,2.0,3.0,3.0,3.0,3.0,3.0,2.0,3.0,3.0,3.0,3.0,3.0,2.0,3.0,3.0,3.0,3.0,3.0,3.0,3.0,,3.0,3.0,3.0,3.0,3.0,3.0,3.0,,3.0,3.0,,3.0,3.0,3.0,3.0,1.0,3.0,3.0,3.0,3.0,3.0,,3.0,3.0,3.0,,3.0,3.0,3.0,3.0,3.0,3.0,,3.0,3.0,3.0,,,3.0,3.0,3.0,3.0,3.0,,2.0,3.0,,13,9,0.0642722117202268,1.2374528697109344,-0.23083410689614542
3.0,3,2,2.0,3.0,3.0,3.0,3.0,3.0,3.0,3.0,3.0,3,2.0,,3.0,3.0,,3.0,3.0,0.0,2.0,1.0,3.0,3.0,3.0,3.0,3.0,3.0,,3.0,3.0,3.0,3.0,3.0,3.0,3.0,3.0,3.0,3.0,3.0,3.0,3.0,3.0,3.0,3.0,3.0,,3.0,2.0,3.0,2.0,3.0,3.0,3.0,3.0,3.0,3.0,3.0,3.0,3.0,3.0,3.0,3.0,3.0,2.0,3,1.0,3.0,3.0,,3.0,3.0,3.0,3.0,3.0,3.0,3.0,1.0,3.0,3.0,2.0,3.0,2,3.0,3.0,3.0,3.0,3.0,,3.0,3.0,3.0,3.0,2.0,2.0,3.0,3.0,2,3.0,0.0,3.0,3.0,3.0,3.0,3.0,3.0,3.0,3,3,2.0,3.0,,3.0,3.0,3.0,3.0,3,3.0,3.0,3.0,3.0,3.0,,3,3.0,,3.0,3.0,3.0,3.0,3.0,3.0,,3.0,3.0,3.0,3.0,,,3,3.0,1.0,3.0,3.0,3.0,3.0,3.0,2.0,3.0,3.0,1.0,3.0,3,3.0,3.0,3.0,3.0,3.0,3.0,3.0,2,3.0,3.0,3.0,3.0,,3.0,3.0,3.0,3.0,3.0,3,,3.0,3.0,3.0,3.0,,3.0,,3.0,3.0,3.0,3.0,3.0,3.0,3.0,3.0,2.0,3.0,3.0,,3.0,2,3.0,0.0,3.0,3.0,3.0,2,3.0,3.0,3.0,3.0,3.0,2,3.0,,3.0,3.0,3.0,3.0,3.0,3,2.0,3.0,3.0,3.0,3.0,2.0,1.0,3.0,1.0,3.0,3,3.0,2.0,3.0,3.0,3.0,3.0,3.0,3,3.0,3.0,3.0,3.0,3.0,3.0,2.0,3.0,3.0,3.0,,3.0,3.0,3.0,,3.0,3.0,3.0,2.0,,3.0,3.0,,,3.0,,3.0,3.0,3.0,3.0,2.0,1.0,3.0,3.0,,3.0,3.0,3.0,3.0,3.0,3.0,3.0,2.0,3,,3.0,3.0,3.0,3.0,3.0,2,3.0,3.0,3.0,3.0,3.0,3.0,3.0,3.0,,3.0,3.0,3.0,3.0,,,3.0,2.0,2.0,0.0,3.0,3.0,3.0,3.0,3.0,3.0,3.0,3.0,3.0,3.0,3.0,3.0,3.0,3.0,3.0,3.0,2.0,3.0,3.0,3.0,3.0,3.0,3.0,3.0,3.0,3.0,,3.0,3.0,3.0,3.0,3.0,,1.0,3.0,,3,3.0,3.0,3.0,3.0,,3.0,3.0,3.0,,,1.0,3.0,3.0,3.0,3,3.0,3.0,,,,,3.0,2.0,3.0,,3.0,3.0,3.0,3.0,,3.0,3.0,3.0,3.0,3.0,3.0,,3.0,3.0,,3.0,3.0,3.0,3.0,3.0,3.0,3.0,3.0,3.0,3.0,3.0,3.0,3.0,3.0,3.0,3,3.0,3.0,3.0,3.0,3.0,3.0,3.0,3.0,3.0,3.0,3.0,3.0,3.0,3.0,3.0,3.0,3.0,3.0,3.0,3.0,3.0,3.0,3.0,3.0,3.0,3.0,3.0,3.0,3.0,3.0,3.0,3.0,3.0,3.0,,3.0,3.0,3.0,3.0,3.0,3.0,3.0,3.0,3.0,,,3.0,3.0,3.0,2.0,3.0,3.0,3.0,3.0,3.0,3.0,2.0,3.0,3.0,2.0,3.0,3.0,3.0,3,3.0,3.0,3.0,3.0,3.0,,2.0,3.0,2.0,3.0,2.0,3.0,3.0,1.0,3.0,3.0,3.0,3.0,3.0,2.0,3.0,1.0,3.0,1.0,3.0,3.0,3.0,3.0,3.0,3.0,3.0,3.0,3.0,3.0,2.0,3.0,2.0,2.0,2,3.0,3.0,3.0,3.0,3.0,,3.0,3.0,3.0,3.0,1.0,0.0,3.0,3.0,3.0,3.0,3.0,3.0,3.0,3.0,3.0,,3.0,3.0,3.0,3.0,,3.0,,3.0,3.0,3.0,3.0,3.0,3.0,3.0,3.0,3.0,3.0,3.0,,3.0,3.0,2.0,3.0,3.0,3.0,2.0,3.0,3.0,1.0,,3.0,3.0,,3.0,,3.0,3.0,3.0,3.0,,3.0,3.0,3.0,,2.0,,3.0,,3.0,,,,,3.0,,3.0,3.0,3.0,,,,,,1.0,,,3.0,3.0,0.0,14,9,0.0663900414937759,1.3442974165091368,-0.08788278641969889
2.0,2,2,3.0,2.0,3.0,3.0,3.0,3.0,3.0,3.0,3.0,2,2.0,3.0,3.0,3.0,3.0,3.0,3.0,3.0,3.0,3.0,3.0,3.0,3.0,2.0,3.0,3.0,3.0,3.0,3.0,1.0,3.0,3.0,2.0,3.0,3.0,1.0,2.0,3.0,1.0,2.0,3.0,3.0,3.0,2.0,3.0,3.0,3.0,2.0,2.0,0.0,3.0,3.0,3.0,3.0,2.0,3.0,3.0,3.0,3.0,2.0,2.0,3.0,2.0,3,3.0,3.0,3.0,3.0,3.0,2.0,2.0,3.0,3.0,3.0,3.0,3.0,3.0,3.0,3.0,3.0,2,3.0,3.0,2.0,2.0,3.0,3.0,3.0,3.0,3.0,1.0,3.0,1.0,3.0,3.0,2,3.0,2.0,3.0,3.0,3.0,3.0,2.0,3.0,3.0,2,3,2.0,3.0,3.0,3.0,3.0,3.0,3.0,3,3.0,3.0,3.0,3.0,3.0,3.0,3,3.0,1.0,3.0,3.0,3.0,3.0,3.0,3.0,3.0,3.0,3.0,3.0,3.0,3.0,3.0,2,0.0,3.0,3.0,3.0,2.0,3.0,3.0,3.0,3.0,2.0,3.0,2.0,2,3.0,1.0,3.0,3.0,3.0,3.0,2.0,3,3.0,3.0,3.0,3.0,3.0,3.0,3.0,2.0,3.0,3.0,2,3.0,3.0,2.0,2.0,3.0,3.0,3.0,3.0,2.0,3.0,3.0,3.0,3.0,3.0,3.0,3.0,3.0,0.0,2.0,3.0,3.0,3,3.0,2.0,3.0,3.0,3.0,3,3.0,3.0,3.0,3.0,3.0,2,3.0,3.0,3.0,3.0,3.0,3.0,3.0,3,3.0,3.0,3.0,2.0,3.0,3.0,3.0,3.0,2.0,3.0,3,3.0,2.0,2.0,2.0,3.0,2.0,3.0,3,3.0,3.0,3.0,3.0,3.0,3.0,3.0,3.0,3.0,3.0,3.0,2.0,3.0,2.0,2.0,3.0,3.0,2.0,3.0,3.0,2.0,3.0,3.0,3.0,3.0,3.0,3.0,2.0,3.0,3.0,3.0,3.0,3.0,3.0,3.0,3.0,1.0,3.0,3.0,3.0,3.0,3.0,3.0,2,3.0,3.0,1.0,3.0,3.0,3.0,2,3.0,3.0,3.0,3.0,3.0,3.0,3.0,3.0,3.0,2.0,3.0,3.0,3.0,3.0,3.0,3.0,3.0,3.0,3.0,3.0,3.0,3.0,3.0,3.0,3.0,3.0,3.0,3.0,2.0,0.0,2.0,3.0,3.0,3.0,2.0,3.0,3.0,3.0,3.0,3.0,3.0,3.0,3.0,3.0,2.0,0.0,3.0,3.0,3.0,3.0,3.0,3.0,3.0,3.0,3.0,2,2.0,3.0,3.0,3.0,3.0,3.0,3.0,3.0,3.0,3.0,3.0,1.0,3.0,2.0,3,2.0,3.0,3.0,2.0,3.0,3.0,3.0,3.0,3.0,3.0,3.0,3.0,3.0,3.0,3.0,3.0,3.0,3.0,3.0,2.0,3.0,3.0,3.0,1.0,,3.0,2.0,3.0,3.0,3.0,3.0,3.0,3.0,3.0,3.0,3.0,3.0,3.0,2.0,2.0,3,3.0,3.0,3.0,3.0,3.0,3.0,3.0,3.0,3.0,3.0,3.0,3.0,1.0,3.0,3.0,2.0,3.0,3.0,3.0,2.0,1.0,3.0,3.0,2.0,3.0,3.0,3.0,3.0,3.0,3.0,3.0,3.0,2.0,1.0,3.0,2.0,3.0,3.0,3.0,3.0,3.0,3.0,3.0,3.0,2.0,,3.0,3.0,3.0,3.0,3.0,3.0,3.0,2.0,3.0,1.0,3.0,3.0,3.0,3.0,3.0,3.0,3.0,2,2.0,3.0,3.0,3.0,3.0,,2.0,3.0,3.0,3.0,3.0,3.0,3.0,3.0,3.0,3.0,3.0,3.0,3.0,3.0,3.0,3.0,3.0,3.0,3.0,3.0,3.0,3.0,3.0,3.0,3.0,3.0,2.0,3.0,3.0,3.0,3.0,3.0,3,3.0,3.0,3.0,3.0,3.0,,3.0,3.0,3.0,3.0,3.0,3.0,3.0,3.0,3.0,3.0,3.0,2.0,3.0,3.0,3.0,,3.0,3.0,3.0,3.0,3.0,3.0,3.0,3.0,3.0,3.0,3.0,3.0,3.0,3.0,1.0,3.0,3.0,3.0,3.0,3.0,3.0,3.0,3.0,3.0,3.0,3.0,3.0,3.0,3.0,,3.0,3.0,3.0,3.0,,3.0,3.0,3.0,3.0,3.0,3.0,3.0,3.0,3.0,3.0,3.0,3.0,,3.0,2.0,3.0,3.0,3.0,3.0,3.0,3.0,3.0,2.0,,,3.0,,3.0,1.0,3.0,3.0,3.0,0.0,,15,9,0.0571955719557195,1.2276796139176462,-0.31864581654584967
3.0,2,2,3.0,3.0,3.0,3.0,3.0,3.0,3.0,3.0,3.0,2,1.0,3.0,3.0,3.0,3.0,3.0,3.0,3.0,2.0,3.0,3.0,2.0,3.0,3.0,3.0,3.0,3.0,3.0,3.0,3.0,3.0,2.0,3.0,2.0,3.0,3.0,3.0,1.0,3.0,3.0,2.0,2.0,3.0,2.0,3.0,3.0,3.0,3.0,3.0,3.0,3.0,3.0,3.0,3.0,3.0,3.0,3.0,3.0,3.0,3.0,3.0,2.0,2.0,3,3.0,3.0,3.0,3.0,3.0,3.0,3.0,3.0,3.0,3.0,3.0,3.0,2.0,3.0,3.0,3.0,3,3.0,3.0,2.0,3.0,3.0,3.0,2.0,3.0,3.0,3.0,2.0,3.0,3.0,3.0,2,3.0,3.0,3.0,3.0,3.0,3.0,3.0,3.0,3.0,2,2,3.0,3.0,3.0,3.0,3.0,3.0,3.0,3,3.0,3.0,3.0,1.0,3.0,3.0,3,3.0,3.0,3.0,3.0,3.0,3.0,3.0,2.0,2.0,3.0,2.0,3.0,3.0,3.0,3.0,3,3.0,3.0,3.0,3.0,3.0,3.0,3.0,3.0,3.0,3.0,3.0,2.0,3,3.0,3.0,3.0,3.0,3.0,3.0,3.0,2,3.0,3.0,3.0,3.0,3.0,3.0,3.0,3.0,3.0,3.0,2,3.0,2.0,3.0,2.0,2.0,2.0,3.0,3.0,2.0,3.0,3.0,3.0,3.0,2.0,1.0,3.0,3.0,3.0,3.0,3.0,2.0,3,3.0,1.0,3.0,2.0,3.0,3,3.0,3.0,3.0,3.0,2.0,3,3.0,3.0,3.0,3.0,3.0,3.0,3.0,1,3.0,0.0,3.0,3.0,2.0,3.0,3.0,2.0,3.0,3.0,2,3.0,2.0,2.0,3.0,3.0,3.0,3.0,2,3.0,2.0,0.0,3.0,2.0,3.0,1.0,3.0,3.0,2.0,0.0,2.0,2.0,3.0,3.0,3.0,3.0,2.0,3.0,3.0,3.0,3.0,3.0,3.0,3.0,3.0,3.0,2.0,3.0,2.0,2.0,2.0,3.0,3.0,3.0,1.0,3.0,3.0,3.0,3.0,3.0,2.0,3.0,3,3.0,3.0,3.0,3.0,3.0,2.0,3,3.0,3.0,3.0,3.0,3.0,3.0,3.0,3.0,3.0,3.0,3.0,2.0,3.0,3.0,3.0,3.0,3.0,3.0,3.0,3.0,3.0,3.0,3.0,3.0,2.0,3.0,3.0,0.0,3.0,3.0,2.0,3.0,2.0,3.0,1.0,2.0,3.0,3.0,3.0,3.0,2.0,3.0,3.0,3.0,2.0,3.0,3.0,3.0,3.0,3.0,3.0,3.0,3.0,3.0,2.0,2,3.0,3.0,3.0,2.0,1.0,3.0,3.0,3.0,3.0,3.0,3.0,3.0,3.0,3.0,2,2.0,3.0,3.0,3.0,3.0,3.0,3.0,3.0,3.0,3.0,1.0,3.0,3.0,3.0,3.0,1.0,3.0,3.0,3.0,3.0,3.0,3.0,2.0,2.0,3.0,3.0,2.0,1.0,3.0,3.0,1.0,3.0,1.0,3.0,3.0,3.0,3.0,2.0,2.0,3.0,2,2.0,3.0,3.0,3.0,3.0,2.0,2.0,3.0,3.0,2.0,3.0,2.0,3.0,3.0,3.0,3.0,3.0,3.0,3.0,2.0,3.0,3.0,1.0,3.0,3.0,3.0,3.0,2.0,3.0,3.0,3.0,3.0,3.0,2.0,,2.0,3.0,3.0,2.0,3.0,3.0,3.0,3.0,3.0,3.0,3.0,3.0,3.0,3.0,3.0,3.0,3.0,3.0,3.0,3.0,3.0,3.0,3.0,1.0,3.0,3.0,1.0,3.0,2,3.0,3.0,3.0,2.0,3.0,,2.0,3.0,3.0,3.0,3.0,3.0,2.0,3.0,2.0,3.0,3.0,0.0,3.0,2.0,3.0,3.0,3.0,3.0,3.0,3.0,3.0,3.0,3.0,2.0,3.0,2.0,2.0,3.0,3.0,3.0,2.0,3.0,2,3.0,3.0,3.0,3.0,3.0,3.0,3.0,3.0,2.0,3.0,3.0,3.0,3.0,3.0,3.0,3.0,3.0,3.0,2.0,3.0,0.0,3.0,3.0,3.0,2.0,3.0,3.0,3.0,3.0,3.0,3.0,3.0,3.0,3.0,3.0,3.0,2.0,3.0,3.0,3.0,3.0,3.0,3.0,3.0,3.0,2.0,3.0,3.0,3.0,3.0,3.0,,3.0,3.0,3.0,3.0,3.0,3.0,3.0,3.0,3.0,2.0,3.0,3.0,3.0,,1.0,3.0,2.0,3.0,3.0,3.0,3.0,3.0,3.0,3.0,3.0,3.0,3.0,3.0,3.0,,3.0,3.0,3.0,3.0,2.0,3.0,3.0,3.0,,16,9,0.0782122905027933,1.210460163396411,-0.28056231553481265
1.0,3,2,3.0,3.0,3.0,2.0,2.0,3.0,3.0,3.0,3.0,2,3.0,3.0,3.0,2.0,2.0,2.0,3.0,3.0,2.0,2.0,3.0,3.0,3.0,3.0,2.0,3.0,3.0,1.0,3.0,3.0,3.0,3.0,2.0,3.0,3.0,2.0,3.0,3.0,2.0,2.0,3.0,3.0,3.0,3.0,3.0,3.0,3.0,3.0,3.0,3.0,3.0,3.0,3.0,2.0,3.0,2.0,3.0,3.0,2.0,3.0,3.0,3.0,3.0,2,3.0,3.0,3.0,3.0,2.0,2.0,3.0,2.0,3.0,2.0,3.0,2.0,3.0,3.0,3.0,3.0,2,3.0,3.0,2.0,3.0,3.0,3.0,3.0,2.0,1.0,2.0,1.0,3.0,3.0,3.0,2,3.0,3.0,3.0,2.0,2.0,2.0,3.0,3.0,3.0,3,3,3.0,3.0,2.0,2.0,3.0,3.0,3.0,2,3.0,2.0,2.0,2.0,2.0,3.0,3,2.0,3.0,3.0,3.0,2.0,2.0,3.0,3.0,3.0,3.0,3.0,0.0,3.0,3.0,3.0,2,3.0,1.0,3.0,3.0,3.0,3.0,3.0,3.0,3.0,3.0,2.0,2.0,2,3.0,3.0,3.0,3.0,3.0,3.0,3.0,3,2.0,2.0,3.0,2.0,3.0,3.0,2.0,1.0,2.0,3.0,3,2.0,3.0,3.0,3.0,3.0,3.0,3.0,3.0,3.0,3.0,3.0,3.0,3.0,3.0,3.0,3.0,3.0,3.0,3.0,,2.0,3,3.0,1.0,3.0,3.0,3.0,2,3.0,2.0,3.0,3.0,3.0,2,3.0,3.0,3.0,3.0,3.0,3.0,3.0,3,2.0,3.0,2.0,2.0,3.0,3.0,3.0,3.0,3.0,3.0,3,3.0,2.0,3.0,3.0,3.0,3.0,3.0,2,3.0,3.0,3.0,3.0,3.0,3.0,3.0,2.0,2.0,3.0,3.0,3.0,3.0,0.0,3.0,3.0,3.0,3.0,3.0,,3.0,3.0,3.0,3.0,3.0,3.0,3.0,3.0,3.0,3.0,2.0,3.0,3.0,3.0,3.0,3.0,3.0,3.0,3.0,3.0,3.0,3.0,3.0,3,3.0,2.0,3.0,3.0,3.0,3.0,2,3.0,3.0,3.0,3.0,3.0,3.0,3.0,0.0,3.0,2.0,3.0,2.0,3.0,3.0,3.0,3.0,2.0,2.0,3.0,3.0,3.0,3.0,3.0,3.0,3.0,3.0,2.0,3.0,3.0,3.0,3.0,3.0,3.0,3.0,2.0,3.0,3.0,3.0,3.0,2.0,2.0,3.0,3.0,3.0,3.0,3.0,3.0,3.0,3.0,3.0,3.0,3.0,3.0,3.0,3.0,3,1.0,3.0,3.0,3.0,3.0,3.0,3.0,3.0,3.0,2.0,3.0,3.0,3.0,2.0,3,3.0,3.0,3.0,3.0,3.0,3.0,3.0,2.0,3.0,3.0,2.0,3.0,3.0,3.0,1.0,3.0,3.0,3.0,3.0,3.0,3.0,3.0,3.0,3.0,3.0,1.0,3.0,3.0,3.0,3.0,3.0,3.0,3.0,3.0,3.0,3.0,2.0,3.0,3.0,3.0,3,2.0,3.0,3.0,2.0,3.0,1.0,3.0,3.0,3.0,2.0,3.0,3.0,2.0,3.0,3.0,2.0,3.0,3.0,1.0,0.0,3.0,3.0,3.0,3.0,3.0,1.0,3.0,3.0,3.0,3.0,2.0,3.0,,3.0,3.0,3.0,3.0,3.0,3.0,2.0,3.0,3.0,3.0,3.0,3.0,,3.0,3.0,3.0,0.0,3.0,3.0,3.0,2.0,3.0,3.0,3.0,3.0,1.0,2.0,3.0,3.0,3.0,2,3.0,3.0,3.0,2.0,3.0,,3.0,3.0,3.0,3.0,1.0,3.0,3.0,3.0,3.0,3.0,3.0,3.0,2.0,2.0,0.0,3.0,3.0,3.0,3.0,3.0,3.0,3.0,3.0,3.0,3.0,3.0,1.0,3.0,2.0,3.0,3.0,2.0,3,3.0,2.0,3.0,2.0,3.0,,3.0,3.0,3.0,3.0,3.0,3.0,3.0,3.0,3.0,3.0,2.0,2.0,3.0,3.0,3.0,3.0,2.0,3.0,3.0,3.0,3.0,3.0,3.0,3.0,3.0,3.0,3.0,3.0,3.0,1.0,3.0,3.0,2.0,3.0,3.0,3.0,3.0,3.0,3.0,3.0,3.0,3.0,3.0,3.0,3.0,,3.0,3.0,1.0,1.0,3.0,3.0,3.0,2.0,3.0,3.0,3.0,3.0,3.0,3.0,3.0,2.0,3.0,,3.0,3.0,3.0,3.0,3.0,3.0,3.0,3.0,2.0,3.0,,,3.0,3.0,3.0,3.0,3.0,3.0,2.0,3.0,,17,9,0.0728971962616822,1.2132218631445835,-0.26091852630045204
3.0,3,3,3.0,3.0,3.0,3.0,,,,2.0,,3,3.0,,3.0,,,3.0,3.0,3.0,3.0,3.0,3.0,3.0,,2.0,,3.0,3.0,3.0,3.0,3.0,3.0,3.0,3.0,3.0,3.0,3.0,3.0,3.0,3.0,3.0,0.0,3.0,,3.0,3.0,3.0,3.0,3.0,0.0,3.0,3.0,0.0,3.0,3.0,1.0,2.0,3.0,3.0,,3.0,2.0,,3.0,3,3.0,,3.0,,2.0,3.0,3.0,3.0,3.0,,,3.0,,3.0,3.0,3.0,3,,3.0,3.0,3.0,3.0,,3.0,3.0,3.0,3.0,,3.0,,3.0,3,3.0,3.0,3.0,3.0,3.0,3.0,3.0,,3.0,2,3,,3.0,3.0,,,3.0,3.0,3,2.0,3.0,3.0,3.0,1.0,2.0,3,3.0,3.0,3.0,2.0,1.0,3.0,3.0,3.0,3.0,3.0,3.0,3.0,3.0,3.0,3.0,3,3.0,3.0,3.0,3.0,3.0,3.0,3.0,3.0,3.0,1.0,3.0,3.0,3,3.0,,3.0,3.0,2.0,3.0,,3,,3.0,,3.0,,,3.0,3.0,3.0,3.0,3,,3.0,,3.0,3.0,3.0,,1.0,3.0,3.0,3.0,3.0,,3.0,3.0,3.0,3.0,3.0,3.0,,3.0,3,3.0,3.0,3.0,3.0,3.0,3,3.0,3.0,3.0,3.0,3.0,3,3.0,3.0,3.0,3.0,2.0,2.0,2.0,3,3.0,3.0,3.0,3.0,3.0,3.0,3.0,3.0,3.0,3.0,3,3.0,2.0,3.0,2.0,,3.0,3.0,3,2.0,3.0,3.0,3.0,3.0,1.0,,3.0,3.0,3.0,3.0,2.0,3.0,3.0,2.0,,3.0,3.0,,3.0,,,3.0,2.0,3.0,3.0,3.0,3.0,3.0,3.0,3.0,3.0,3.0,1.0,3.0,3.0,3.0,1.0,3.0,3.0,3.0,2.0,3.0,3,,,3.0,,3.0,3.0,3,,,3.0,3.0,3.0,3.0,3.0,3.0,,3.0,3.0,3.0,3.0,3.0,,3.0,,3.0,3.0,3.0,3.0,3.0,3.0,3.0,3.0,3.0,,,3.0,3.0,,3.0,3.0,,3.0,3.0,,3.0,3.0,,3.0,3.0,3.0,3.0,3.0,3.0,3.0,3.0,3.0,3.0,,3.0,3.0,,3.0,3,3.0,,,3.0,3.0,3.0,0.0,3.0,,,,3.0,3.0,3.0,3,2.0,0.0,,,,,3.0,3.0,3.0,,3.0,3.0,,3.0,3.0,1.0,,3.0,3.0,3.0,,3.0,3.0,3.0,,3.0,3.0,3.0,,3.0,3.0,3.0,3.0,3.0,,3.0,3.0,3.0,3.0,3.0,2,3.0,3.0,3.0,3.0,3.0,3.0,3.0,,,3.0,3.0,,3.0,3.0,,3.0,3.0,,3.0,3.0,3.0,,,3.0,3.0,,3.0,3.0,0.0,3.0,1.0,3.0,,2.0,3.0,3.0,,3.0,3.0,3.0,3.0,3.0,,3.0,3.0,,3.0,3.0,3.0,,,3.0,3.0,,,3.0,3.0,3.0,3.0,3.0,3.0,3.0,,2,3.0,3.0,2.0,,3.0,,,3.0,3.0,3.0,3.0,3.0,3.0,3.0,3.0,,3.0,,2.0,2.0,3.0,,3.0,,,3.0,3.0,,3.0,3.0,2.0,3.0,3.0,3.0,3.0,,3.0,3.0,3,,,3.0,3.0,,,3.0,,3.0,1.0,,3.0,,,3.0,,3.0,3.0,3.0,,,,,3.0,3.0,3.0,,3.0,,,3.0,3.0,3.0,3.0,,,,,3.0,,3.0,3.0,3.0,,3.0,3.0,1.0,3.0,3.0,3.0,3.0,,,3.0,,3.0,,,3.0,3.0,1.0,,,,3.0,,,,,,,,,,3.0,,,3.0,,3.0,,,,,3.0,2.0,,,3.0,2.0,,18,9,0.0902255639097744,1.4535364936042137,0.037375281842692676
2.0,2,2,3.0,3.0,2.0,2.0,3.0,3.0,3.0,2.0,3.0,2,2.0,2.0,2.0,3.0,3.0,2.0,3.0,3.0,3.0,2.0,3.0,3.0,3.0,3.0,2.0,3.0,3.0,2.0,2.0,2.0,3.0,3.0,2.0,2.0,3.0,2.0,2.0,2.0,2.0,2.0,3.0,2.0,3.0,2.0,2.0,2.0,2.0,2.0,3.0,3.0,3.0,0.0,3.0,2.0,2.0,2.0,2.0,2.0,3.0,2.0,2.0,3.0,0.0,2,3.0,3.0,2.0,2.0,2.0,2.0,2.0,2.0,0.0,2.0,3.0,2.0,3.0,3.0,3.0,3.0,2,3.0,1.0,1.0,2.0,1.0,3.0,3.0,2.0,2.0,2.0,3.0,3.0,3.0,3.0,2,2.0,2.0,2.0,2.0,2.0,2.0,2.0,3.0,3.0,0,2,3.0,3.0,2.0,1.0,3.0,3.0,2.0,1,2.0,2.0,2.0,3.0,2.0,3.0,2,2.0,3.0,2.0,2.0,2.0,3.0,3.0,3.0,2.0,2.0,3.0,2.0,3.0,2.0,3.0,2,2.0,3.0,3.0,3.0,3.0,2.0,2.0,3.0,3.0,0.0,2.0,2.0,2,3.0,3.0,2.0,3.0,3.0,1.0,1.0,2,2.0,2.0,2.0,1.0,3.0,3.0,2.0,1.0,2.0,2.0,3,3.0,2.0,1.0,2.0,2.0,3.0,2.0,3.0,2.0,2.0,3.0,1.0,3.0,3.0,3.0,2.0,3.0,1.0,2.0,3.0,2.0,2,3.0,2.0,3.0,3.0,2.0,2,3.0,2.0,2.0,3.0,2.0,2,3.0,3.0,2.0,3.0,3.0,2.0,2.0,2,2.0,3.0,2.0,3.0,3.0,1.0,3.0,2.0,2.0,3.0,2,2.0,2.0,2.0,2.0,3.0,3.0,2.0,2,3.0,3.0,3.0,3.0,2.0,3.0,3.0,3.0,2.0,3.0,3.0,3.0,3.0,3.0,3.0,3.0,3.0,2.0,3.0,3.0,1.0,3.0,3.0,3.0,2.0,3.0,2.0,3.0,2.0,3.0,2.0,2.0,3.0,2.0,3.0,2.0,3.0,3.0,3.0,3.0,3.0,2.0,2.0,2,3.0,2.0,2.0,3.0,3.0,2.0,2,3.0,3.0,2.0,3.0,3.0,3.0,3.0,3.0,3.0,3.0,3.0,2.0,3.0,3.0,3.0,3.0,3.0,2.0,3.0,2.0,2.0,2.0,3.0,3.0,2.0,3.0,2.0,3.0,1.0,2.0,2.0,2.0,2.0,3.0,2.0,3.0,3.0,3.0,1.0,3.0,2.0,2.0,3.0,3.0,2.0,3.0,2.0,2.0,2.0,3.0,3.0,2.0,3.0,3.0,3.0,2,3.0,2.0,3.0,2.0,3.0,3.0,3.0,3.0,3.0,3.0,3.0,2.0,2.0,2.0,3,2.0,2.0,3.0,3.0,3.0,3.0,3.0,2.0,3.0,1.0,2.0,3.0,2.0,2.0,3.0,3.0,3.0,3.0,2.0,3.0,2.0,3.0,2.0,1.0,3.0,2.0,2.0,3.0,3.0,2.0,3.0,2.0,3.0,2.0,3.0,2.0,2.0,3.0,2.0,2.0,1,2.0,2.0,3.0,2.0,3.0,1.0,3.0,3.0,3.0,2.0,3.0,2.0,2.0,3.0,3.0,2.0,3.0,3.0,1.0,3.0,3.0,3.0,3.0,3.0,3.0,3.0,3.0,3.0,3.0,2.0,2.0,1.0,3.0,1.0,3.0,3.0,3.0,3.0,2.0,3.0,1.0,3.0,3.0,3.0,3.0,3.0,3.0,3.0,2.0,3.0,0.0,3.0,3.0,2.0,3.0,2.0,3.0,2.0,2.0,2.0,2.0,2.0,3.0,2,2.0,2.0,2.0,2.0,3.0,3.0,3.0,2.0,2.0,3.0,2.0,3.0,3.0,3.0,3.0,3.0,3.0,2.0,2.0,3.0,3.0,3.0,3.0,3.0,3.0,1.0,3.0,2.0,2.0,3.0,3.0,3.0,1.0,3.0,2.0,3.0,3.0,2.0,2,3.0,3.0,2.0,2.0,3.0,3.0,3.0,2.0,2.0,2.0,3.0,2.0,3.0,3.0,3.0,3.0,2.0,2.0,3.0,3.0,3.0,3.0,3.0,3.0,3.0,2.0,3.0,2.0,3.0,3.0,3.0,2.0,2.0,2.0,3.0,3.0,3.0,3.0,2.0,2.0,2.0,2.0,2.0,3.0,3.0,3.0,3.0,3.0,3.0,1.0,3.0,3.0,3.0,2.0,3.0,3.0,3.0,3.0,2.0,3.0,3.0,3.0,3.0,3.0,3.0,3.0,2.0,3.0,3.0,3.0,3.0,3.0,3.0,3.0,3.0,3.0,3.0,2.0,2.0,3.0,3.0,3.0,3.0,3.0,3.0,3.0,1.0,3.0,1.0,3.0,3.0,19,9,0.0675182481751824,1.1277117895356827,-0.48687756207797217
2.0,3,3,3.0,3.0,2.0,3.0,3.0,3.0,3.0,3.0,1.0,2,0.0,3.0,2.0,3.0,3.0,3.0,3.0,3.0,3.0,3.0,3.0,3.0,3.0,3.0,3.0,3.0,0.0,1.0,2.0,3.0,3.0,2.0,3.0,3.0,3.0,2.0,3.0,1.0,3.0,3.0,3.0,2.0,3.0,3.0,2.0,3.0,2.0,2.0,3.0,3.0,3.0,3.0,3.0,3.0,1.0,2.0,2.0,3.0,3.0,3.0,2.0,3.0,2.0,2,3.0,3.0,3.0,3.0,3.0,1.0,3.0,3.0,2.0,3.0,1.0,3.0,3.0,3.0,3.0,2.0,3,3.0,3.0,2.0,3.0,1.0,3.0,3.0,2.0,2.0,2.0,3.0,3.0,2.0,2.0,3,3.0,3.0,3.0,3.0,2.0,3.0,2.0,3.0,3.0,2,2,3.0,3.0,2.0,3.0,2.0,1.0,3.0,2,3.0,2.0,3.0,3.0,2.0,3.0,2,3.0,3.0,3.0,3.0,2.0,3.0,3.0,3.0,3.0,2.0,3.0,3.0,2.0,2.0,3.0,3,2.0,3.0,3.0,3.0,2.0,2.0,3.0,3.0,3.0,2.0,2.0,3.0,3,3.0,3.0,2.0,3.0,2.0,3.0,3.0,2,3.0,2.0,3.0,3.0,3.0,3.0,3.0,3.0,3.0,2.0,2,3.0,2.0,1.0,2.0,3.0,2.0,3.0,3.0,2.0,2.0,3.0,3.0,3.0,3.0,3.0,2.0,3.0,3.0,2.0,3.0,3.0,3,3.0,2.0,3.0,3.0,3.0,3,3.0,2.0,2.0,3.0,3.0,3,2.0,2.0,3.0,3.0,0.0,2.0,3.0,0,3.0,2.0,2.0,2.0,2.0,3.0,3.0,3.0,3.0,3.0,1,3.0,2.0,2.0,2.0,3.0,3.0,3.0,3,3.0,3.0,3.0,3.0,2.0,3.0,3.0,3.0,3.0,3.0,3.0,3.0,3.0,3.0,3.0,3.0,3.0,3.0,3.0,3.0,3.0,3.0,3.0,3.0,2.0,3.0,3.0,2.0,2.0,3.0,2.0,3.0,3.0,1.0,3.0,2.0,2.0,3.0,3.0,3.0,1.0,2.0,3.0,2,3.0,3.0,2.0,3.0,2.0,3.0,3,3.0,3.0,3.0,2.0,3.0,3.0,3.0,3.0,3.0,1.0,3.0,3.0,3.0,3.0,2.0,3.0,3.0,3.0,3.0,3.0,3.0,3.0,3.0,2.0,1.0,3.0,2.0,3.0,3.0,2.0,3.0,2.0,2.0,3.0,2.0,3.0,3.0,3.0,2.0,3.0,2.0,3.0,3.0,3.0,2.0,3.0,3.0,3.0,3.0,2.0,3.0,2.0,2.0,3.0,2.0,3,3.0,3.0,3.0,2.0,3.0,3.0,0.0,3.0,3.0,3.0,3.0,3.0,3.0,2.0,3,3.0,1.0,3.0,3.0,3.0,3.0,2.0,3.0,3.0,3.0,3.0,3.0,2.0,3.0,3.0,3.0,3.0,3.0,3.0,2.0,3.0,3.0,2.0,3.0,3.0,3.0,2.0,3.0,2.0,3.0,3.0,2.0,3.0,2.0,2.0,3.0,3.0,3.0,2.0,3.0,2,1.0,3.0,3.0,3.0,3.0,3.0,2.0,3.0,2.0,3.0,3.0,2.0,2.0,3.0,3.0,2.0,2.0,3.0,3.0,3.0,3.0,3.0,3.0,2.0,3.0,3.0,3.0,3.0,3.0,3.0,3.0,3.0,3.0,3.0,3.0,3.0,1.0,3.0,2.0,2.0,3.0,3.0,3.0,3.0,3.0,,3.0,2.0,3.0,3.0,3.0,3.0,3.0,3.0,3.0,3.0,3.0,2.0,3.0,2.0,3.0,3.0,3.0,3,3.0,2.0,3.0,3.0,2.0,,2.0,3.0,3.0,3.0,3.0,3.0,3.0,3.0,2.0,3.0,2.0,3.0,3.0,3.0,3.0,3.0,1.0,2.0,3.0,3.0,3.0,1.0,3.0,3.0,3.0,3.0,3.0,3.0,3.0,2.0,3.0,2.0,2,1.0,3.0,3.0,3.0,3.0,3.0,3.0,3.0,1.0,2.0,3.0,3.0,3.0,3.0,3.0,3.0,3.0,3.0,3.0,3.0,3.0,3.0,3.0,3.0,3.0,3.0,3.0,2.0,3.0,0.0,3.0,3.0,3.0,3.0,2.0,3.0,2.0,3.0,2.0,2.0,3.0,3.0,3.0,3.0,2.0,3.0,3.0,3.0,3.0,3.0,3.0,3.0,2.0,2.0,3.0,3.0,3.0,3.0,3.0,2.0,3.0,3.0,3.0,3.0,3.0,3.0,2.0,3.0,1.0,3.0,3.0,3.0,3.0,3.0,3.0,3.0,3.0,3.0,2.0,1.0,3.0,3.0,2.0,3.0,3.0,3.0,3.0,3.0,2.0,3.0,3.0,20,9,0.0697247706422018,1.1683890228499254,-0.3246097425146135
3.0,3,3,2.0,0.0,3.0,3.0,3.0,2.0,1.0,3.0,3.0,2,3.0,3.0,3.0,3.0,,3.0,3.0,3.0,3.0,3.0,3.0,3.0,3.0,3.0,3.0,3.0,3.0,2.0,2.0,3.0,3.0,3.0,3.0,3.0,3.0,3.0,2.0,3.0,3.0,3.0,3.0,3.0,1.0,2.0,3.0,3.0,3.0,3.0,2.0,3.0,3.0,3.0,3.0,3.0,3.0,3.0,3.0,3.0,2.0,3.0,3.0,3.0,2.0,3,3.0,3.0,3.0,3.0,3.0,3.0,3.0,3.0,2.0,3.0,3.0,3.0,3.0,3.0,3.0,3.0,3,3.0,3.0,3.0,2.0,3.0,3.0,3.0,3.0,3.0,3.0,3.0,3.0,3.0,3.0,1,3.0,3.0,3.0,2.0,3.0,3.0,3.0,3.0,2.0,3,2,3.0,2.0,2.0,3.0,3.0,3.0,3.0,2,3.0,3.0,3.0,3.0,3.0,3.0,2,3.0,3.0,3.0,3.0,3.0,2.0,3.0,3.0,3.0,2.0,3.0,3.0,3.0,3.0,1.0,3,3.0,3.0,3.0,3.0,3.0,3.0,2.0,2.0,3.0,3.0,3.0,1.0,3,3.0,3.0,3.0,3.0,3.0,3.0,2.0,3,0.0,3.0,3.0,3.0,3.0,3.0,3.0,3.0,3.0,2.0,2,3.0,3.0,3.0,2.0,3.0,3.0,3.0,3.0,3.0,3.0,3.0,3.0,3.0,3.0,3.0,3.0,3.0,3.0,3.0,3.0,2.0,2,3.0,2.0,3.0,3.0,2.0,3,3.0,3.0,3.0,3.0,3.0,2,2.0,3.0,1.0,3.0,3.0,3.0,0.0,3,3.0,3.0,3.0,3.0,3.0,3.0,3.0,3.0,2.0,3.0,3,3.0,3.0,3.0,2.0,3.0,3.0,3.0,2,3.0,3.0,3.0,3.0,3.0,3.0,1.0,3.0,1.0,3.0,3.0,3.0,1.0,2.0,1.0,2.0,3.0,3.0,3.0,3.0,3.0,3.0,3.0,3.0,2.0,3.0,3.0,3.0,3.0,3.0,3.0,3.0,3.0,3.0,3.0,1.0,2.0,3.0,1.0,3.0,3.0,3.0,3.0,3,3.0,2.0,2.0,3.0,3.0,0.0,2,3.0,3.0,3.0,2.0,3.0,3.0,3.0,3.0,3.0,3.0,3.0,3.0,3.0,3.0,3.0,3.0,3.0,2.0,3.0,3.0,3.0,2.0,2.0,3.0,3.0,3.0,3.0,3.0,3.0,3.0,3.0,3.0,3.0,2.0,2.0,2.0,1.0,3.0,3.0,3.0,3.0,2.0,3.0,3.0,3.0,3.0,3.0,3.0,3.0,3.0,3.0,3.0,2.0,3.0,3.0,2,2.0,3.0,3.0,2.0,3.0,3.0,2.0,3.0,3.0,3.0,3.0,3.0,3.0,3.0,3,3.0,3.0,3.0,3.0,3.0,,3.0,3.0,3.0,3.0,3.0,3.0,2.0,3.0,3.0,3.0,3.0,3.0,3.0,2.0,3.0,2.0,2.0,3.0,3.0,3.0,3.0,3.0,3.0,2.0,2.0,2.0,3.0,3.0,3.0,3.0,3.0,3.0,3.0,3.0,3,3.0,2.0,3.0,3.0,3.0,3.0,2.0,3.0,3.0,2.0,3.0,3.0,3.0,3.0,3.0,3.0,3.0,3.0,3.0,3.0,3.0,3.0,3.0,3.0,3.0,3.0,3.0,3.0,3.0,3.0,3.0,3.0,3.0,3.0,3.0,2.0,3.0,3.0,3.0,3.0,3.0,3.0,3.0,3.0,3.0,,3.0,2.0,3.0,3.0,3.0,3.0,3.0,2.0,3.0,3.0,3.0,3.0,3.0,3.0,3.0,3.0,3.0,3,3.0,3.0,3.0,3.0,3.0,2.0,3.0,3.0,3.0,3.0,2.0,3.0,3.0,3.0,3.0,3.0,2.0,3.0,3.0,2.0,3.0,3.0,2.0,3.0,3.0,2.0,3.0,2.0,3.0,0.0,3.0,3.0,3.0,2.0,3.0,3.0,2.0,1.0,3,3.0,3.0,3.0,3.0,3.0,,3.0,3.0,3.0,2.0,1.0,3.0,3.0,3.0,0.0,3.0,3.0,3.0,3.0,3.0,3.0,3.0,3.0,3.0,3.0,3.0,3.0,3.0,,3.0,3.0,2.0,3.0,3.0,3.0,3.0,1.0,3.0,3.0,3.0,3.0,3.0,3.0,3.0,3.0,2.0,3.0,2.0,3.0,3.0,2.0,,3.0,3.0,,3.0,,3.0,3.0,3.0,3.0,3.0,3.0,3.0,3.0,3.0,3.0,3.0,1.0,,3.0,3.0,3.0,3.0,3.0,3.0,3.0,3.0,3.0,3.0,3.0,,3.0,3.0,3.0,3.0,3.0,3.0,3.0,3.0,1.0,21,9,0.0931558935361216,1.2460921843687376,-0.17337924858160397
3.0,3,2,3.0,3.0,3.0,2.0,3.0,2.0,3.0,3.0,3.0,2,3.0,2.0,3.0,3.0,,3.0,3.0,2.0,3.0,3.0,3.0,3.0,1.0,3.0,1.0,3.0,3.0,2.0,2.0,2.0,3.0,3.0,2.0,3.0,2.0,3.0,3.0,3.0,3.0,2.0,3.0,2.0,3.0,3.0,3.0,3.0,2.0,3.0,3.0,2.0,3.0,3.0,3.0,3.0,3.0,3.0,3.0,3.0,3.0,2.0,3.0,2.0,2.0,2,3.0,2.0,3.0,3.0,3.0,3.0,2.0,2.0,3.0,3.0,3.0,3.0,3.0,3.0,2.0,3.0,2,3.0,3.0,3.0,3.0,2.0,2.0,3.0,3.0,2.0,3.0,3.0,2.0,3.0,3.0,3,2.0,3.0,3.0,2.0,3.0,3.0,3.0,1.0,3.0,2,3,3.0,3.0,3.0,3.0,3.0,3.0,3.0,3,3.0,2.0,3.0,3.0,3.0,3.0,3,3.0,2.0,0.0,3.0,3.0,3.0,2.0,3.0,3.0,3.0,3.0,2.0,3.0,3.0,3.0,2,3.0,2.0,3.0,3.0,3.0,3.0,2.0,3.0,3.0,3.0,2.0,1.0,3,2.0,3.0,1.0,3.0,3.0,3.0,3.0,2,3.0,3.0,3.0,2.0,3.0,3.0,3.0,3.0,2.0,3.0,3,3.0,3.0,3.0,2.0,2.0,3.0,2.0,3.0,3.0,3.0,3.0,3.0,3.0,3.0,3.0,3.0,3.0,3.0,3.0,3.0,2.0,3,1.0,2.0,3.0,3.0,0.0,2,3.0,2.0,3.0,2.0,3.0,3,3.0,1.0,2.0,3.0,3.0,3.0,0.0,2,2.0,3.0,3.0,3.0,3.0,3.0,3.0,3.0,3.0,3.0,2,3.0,3.0,3.0,3.0,3.0,2.0,3.0,2,3.0,3.0,3.0,3.0,3.0,3.0,3.0,2.0,3.0,3.0,3.0,3.0,3.0,3.0,3.0,3.0,3.0,3.0,1.0,3.0,3.0,3.0,3.0,3.0,3.0,2.0,2.0,3.0,3.0,3.0,3.0,1.0,3.0,3.0,2.0,2.0,3.0,3.0,3.0,3.0,3.0,3.0,3.0,2,3.0,3.0,3.0,3.0,3.0,3.0,3,3.0,3.0,2.0,3.0,3.0,3.0,3.0,3.0,3.0,3.0,3.0,3.0,3.0,3.0,3.0,3.0,3.0,3.0,3.0,3.0,3.0,2.0,3.0,3.0,2.0,3.0,3.0,3.0,3.0,2.0,2.0,2.0,2.0,3.0,3.0,3.0,2.0,3.0,3.0,3.0,3.0,3.0,3.0,3.0,3.0,3.0,3.0,3.0,3.0,2.0,3.0,2.0,3.0,3.0,2.0,3,2.0,2.0,3.0,3.0,3.0,3.0,2.0,3.0,3.0,3.0,3.0,1.0,3.0,2.0,3,2.0,3.0,3.0,3.0,3.0,3.0,2.0,2.0,3.0,3.0,0.0,1.0,2.0,3.0,3.0,2.0,1.0,3.0,3.0,3.0,3.0,3.0,3.0,2.0,3.0,3.0,3.0,3.0,3.0,2.0,3.0,3.0,2.0,3.0,1.0,2.0,3.0,3.0,3.0,2.0,3,3.0,3.0,3.0,2.0,1.0,2.0,2.0,1.0,3.0,2.0,3.0,3.0,1.0,3.0,3.0,3.0,3.0,3.0,3.0,3.0,2.0,3.0,3.0,2.0,3.0,3.0,2.0,3.0,3.0,3.0,3.0,3.0,3.0,2.0,3.0,2.0,3.0,3.0,3.0,2.0,3.0,3.0,3.0,3.0,3.0,,3.0,3.0,2.0,3.0,3.0,3.0,3.0,0.0,3.0,2.0,3.0,2.0,3.0,2.0,3.0,3.0,3.0,2,1.0,3.0,3.0,3.0,3.0,,3.0,3.0,3.0,3.0,3.0,3.0,3.0,3.0,3.0,3.0,3.0,3.0,2.0,3.0,3.0,3.0,3.0,3.0,3.0,3.0,3.0,3.0,3.0,3.0,2.0,2.0,3.0,3.0,3.0,3.0,3.0,3.0,2,3.0,3.0,3.0,3.0,3.0,3.0,3.0,3.0,3.0,3.0,3.0,3.0,3.0,3.0,3.0,3.0,2.0,3.0,1.0,3.0,0.0,3.0,3.0,3.0,3.0,2.0,3.0,3.0,3.0,3.0,2.0,3.0,1.0,3.0,3.0,3.0,3.0,3.0,3.0,3.0,3.0,3.0,3.0,2.0,3.0,3.0,3.0,3.0,3.0,3.0,1.0,3.0,3.0,3.0,3.0,3.0,3.0,3.0,3.0,2.0,3.0,3.0,3.0,3.0,3.0,3.0,3.0,3.0,3.0,3.0,2.0,3.0,3.0,3.0,3.0,3.0,3.0,2.0,3.0,3.0,3.0,,3.0,3.0,3.0,3.0,3.0,3.0,3.0,3.0,,22,9,0.074074074074074,1.2052209873352286,-0.33586197905845155
3.0,3,3,3.0,3.0,2.0,2.0,3.0,3.0,3.0,3.0,3.0,2,3.0,,3.0,3.0,,3.0,3.0,,3.0,3.0,3.0,3.0,3.0,3.0,3.0,3.0,3.0,3.0,3.0,2.0,3.0,3.0,3.0,3.0,3.0,3.0,2.0,3.0,3.0,3.0,3.0,3.0,3.0,3.0,3.0,3.0,3.0,3.0,3.0,3.0,3.0,3.0,3.0,2.0,3.0,3.0,3.0,3.0,3.0,3.0,3.0,3.0,3.0,3,3.0,3.0,3.0,3.0,1.0,3.0,3.0,3.0,3.0,3.0,3.0,3.0,3.0,3.0,3.0,3.0,3,3.0,3.0,1.0,3.0,3.0,,3.0,3.0,3.0,3.0,3.0,3.0,3.0,3.0,3,3.0,3.0,3.0,3.0,3.0,3.0,3.0,,3.0,3,3,3.0,3.0,3.0,3.0,3.0,3.0,3.0,3,3.0,3.0,3.0,3.0,3.0,3.0,3,3.0,3.0,3.0,3.0,3.0,3.0,3.0,3.0,3.0,2.0,3.0,2.0,1.0,3.0,0.0,2,3.0,3.0,3.0,3.0,3.0,2.0,3.0,3.0,3.0,3.0,3.0,3.0,3,1.0,3.0,3.0,3.0,3.0,,2.0,2,3.0,3.0,,3.0,3.0,3.0,3.0,3.0,2.0,3.0,3,3.0,3.0,3.0,2.0,3.0,2.0,3.0,3.0,3.0,3.0,3.0,3.0,3.0,3.0,3.0,3.0,3.0,,3.0,,3.0,3,3.0,3.0,3.0,3.0,3.0,3,,3.0,3.0,1.0,3.0,3,,,3.0,,,3.0,3.0,3,2.0,3.0,3.0,3.0,3.0,3.0,3.0,3.0,3.0,3.0,3,3.0,3.0,3.0,3.0,3.0,3.0,2.0,2,3.0,3.0,3.0,3.0,3.0,3.0,1.0,3.0,3.0,3.0,3.0,3.0,3.0,3.0,,3.0,,3.0,3.0,,3.0,1.0,3.0,,3.0,3.0,3.0,2.0,,3.0,3.0,2.0,3.0,1.0,,1.0,3.0,3.0,,3.0,3.0,3.0,3.0,3,,3.0,3.0,3.0,,3.0,3,3.0,,3.0,3.0,3.0,3.0,3.0,3.0,,3.0,,3.0,3.0,3.0,,3.0,,,3.0,3.0,3.0,3.0,,,3.0,3.0,0.0,,3.0,3.0,3.0,3.0,3.0,3.0,2.0,3.0,3.0,3.0,3.0,3.0,3.0,3.0,,3.0,3.0,1.0,3.0,3.0,3.0,3.0,0.0,3.0,3.0,3.0,3.0,3,3.0,2.0,3.0,3.0,,3.0,,3.0,3.0,3.0,3.0,3.0,3.0,3.0,3,3.0,3.0,3.0,3.0,3.0,,3.0,3.0,3.0,3.0,3.0,3.0,3.0,3.0,1.0,3.0,3.0,,,2.0,3.0,3.0,3.0,1.0,,3.0,3.0,3.0,3.0,3.0,,3.0,3.0,3.0,3.0,3.0,3.0,3.0,2.0,3.0,0,3.0,3.0,1.0,3.0,3.0,3.0,3.0,,3.0,3.0,1.0,2.0,2.0,3.0,3.0,3.0,3.0,3.0,3.0,2.0,3.0,3.0,3.0,3.0,3.0,,2.0,3.0,,3.0,3.0,,,2.0,,2.0,,3.0,3.0,3.0,2.0,2.0,,3.0,,3.0,,3.0,3.0,3.0,,3.0,3.0,3.0,3.0,3.0,3.0,3.0,2.0,3.0,3.0,3.0,,3,3.0,3.0,3.0,3.0,3.0,,3.0,2.0,3.0,3.0,3.0,3.0,3.0,2.0,3.0,3.0,3.0,3.0,3.0,3.0,3.0,,3.0,2.0,3.0,3.0,3.0,3.0,3.0,3.0,3.0,3.0,3.0,3.0,3.0,,3.0,3.0,3,,3.0,3.0,3.0,,1.0,2.0,,3.0,2.0,,3.0,3.0,2.0,3.0,,0.0,1.0,3.0,3.0,3.0,3.0,3.0,3.0,3.0,3.0,,3.0,,,3.0,,3.0,3.0,3.0,3.0,3.0,3.0,3.0,3.0,3.0,2.0,3.0,,3.0,3.0,3.0,3.0,3.0,3.0,,,,3.0,,3.0,,3.0,3.0,2.0,3.0,3.0,,,3.0,0.0,3.0,,3.0,,3.0,3.0,,,3.0,3.0,,3.0,3.0,3.0,,,3.0,,,3.0,3.0,,3.0,,,23,9,0.0728051391862955,1.369061956376288,-0.07268919667679546
2.0,3,3,2.0,3.0,3.0,3.0,2.0,2.0,3.0,1.0,3.0,2,3.0,3.0,3.0,2.0,,3.0,2.0,3.0,3.0,3.0,3.0,2.0,3.0,2.0,2.0,3.0,3.0,2.0,2.0,3.0,3.0,3.0,2.0,3.0,3.0,3.0,3.0,3.0,2.0,2.0,2.0,2.0,3.0,2.0,3.0,2.0,1.0,3.0,3.0,3.0,3.0,3.0,3.0,3.0,3.0,3.0,2.0,3.0,3.0,2.0,2.0,3.0,3.0,2,3.0,3.0,3.0,3.0,3.0,3.0,3.0,3.0,3.0,3.0,3.0,3.0,3.0,3.0,3.0,3.0,2,3.0,3.0,2.0,3.0,3.0,3.0,3.0,3.0,1.0,1.0,3.0,3.0,3.0,2.0,2,2.0,3.0,3.0,2.0,2.0,2.0,2.0,3.0,3.0,3,0,3.0,1.0,2.0,3.0,3.0,3.0,3.0,3,3.0,3.0,3.0,3.0,3.0,3.0,3,3.0,3.0,2.0,3.0,3.0,3.0,3.0,3.0,1.0,0.0,3.0,2.0,3.0,3.0,3.0,2,2.0,3.0,3.0,3.0,3.0,2.0,3.0,3.0,3.0,2.0,3.0,3.0,2,3.0,3.0,3.0,3.0,2.0,3.0,1.0,2,3.0,3.0,3.0,2.0,3.0,3.0,3.0,2.0,3.0,3.0,2,1.0,3.0,2.0,2.0,3.0,3.0,2.0,3.0,2.0,3.0,3.0,3.0,3.0,3.0,3.0,3.0,3.0,3.0,1.0,3.0,2.0,2,3.0,3.0,2.0,3.0,3.0,3,3.0,3.0,2.0,3.0,2.0,2,3.0,3.0,3.0,3.0,3.0,3.0,2.0,2,0.0,3.0,3.0,2.0,3.0,3.0,3.0,2.0,3.0,2.0,2,3.0,2.0,3.0,2.0,3.0,3.0,3.0,3,2.0,3.0,3.0,3.0,3.0,3.0,3.0,3.0,2.0,3.0,3.0,3.0,3.0,2.0,3.0,3.0,2.0,3.0,3.0,2.0,3.0,3.0,3.0,3.0,2.0,3.0,3.0,3.0,3.0,3.0,3.0,1.0,3.0,3.0,3.0,3.0,2.0,3.0,3.0,3.0,2.0,2.0,3.0,2,3.0,3.0,1.0,3.0,3.0,2.0,2,3.0,3.0,3.0,3.0,3.0,3.0,3.0,3.0,3.0,3.0,3.0,3.0,3.0,3.0,3.0,1.0,3.0,3.0,3.0,3.0,3.0,3.0,3.0,3.0,3.0,3.0,3.0,3.0,2.0,3.0,3.0,3.0,2.0,3.0,3.0,3.0,3.0,3.0,2.0,3.0,3.0,3.0,3.0,3.0,3.0,3.0,2.0,0.0,3.0,2.0,3.0,1.0,3.0,3.0,3.0,3,3.0,2.0,3.0,3.0,3.0,3.0,3.0,3.0,3.0,3.0,3.0,3.0,3.0,3.0,3,3.0,2.0,3.0,3.0,3.0,,3.0,3.0,3.0,3.0,1.0,3.0,2.0,3.0,3.0,3.0,3.0,3.0,3.0,2.0,3.0,3.0,3.0,3.0,3.0,3.0,3.0,3.0,2.0,3.0,2.0,3.0,3.0,3.0,2.0,1.0,3.0,2.0,3.0,2.0,2,3.0,3.0,3.0,2.0,3.0,2.0,3.0,3.0,3.0,2.0,2.0,3.0,2.0,2.0,3.0,3.0,2.0,3.0,3.0,2.0,3.0,3.0,3.0,3.0,3.0,3.0,3.0,3.0,3.0,2.0,2.0,3.0,3.0,2.0,3.0,3.0,3.0,1.0,3.0,3.0,3.0,3.0,3.0,3.0,3.0,3.0,3.0,3.0,2.0,3.0,3.0,1.0,3.0,3.0,3.0,3.0,3.0,3.0,3.0,3.0,3.0,1.0,3.0,2,3.0,3.0,3.0,3.0,3.0,,2.0,3.0,3.0,3.0,3.0,3.0,3.0,3.0,3.0,3.0,0.0,3.0,2.0,2.0,3.0,3.0,3.0,3.0,3.0,3.0,3.0,3.0,3.0,3.0,3.0,3.0,3.0,2.0,3.0,3.0,3.0,3.0,2,3.0,3.0,2.0,3.0,3.0,3.0,3.0,3.0,3.0,3.0,3.0,3.0,3.0,2.0,3.0,3.0,3.0,3.0,3.0,3.0,3.0,3.0,3.0,3.0,3.0,3.0,3.0,3.0,3.0,3.0,3.0,3.0,2.0,3.0,3.0,3.0,3.0,3.0,0.0,3.0,3.0,3.0,2.0,3.0,2.0,3.0,3.0,3.0,3.0,3.0,3.0,3.0,3.0,3.0,3.0,3.0,3.0,3.0,3.0,2.0,3.0,3.0,3.0,3.0,3.0,3.0,3.0,3.0,1.0,3.0,3.0,3.0,3.0,3.0,3.0,3.0,3.0,2.0,3.0,3.0,,,3.0,1.0,3.0,3.0,3.0,3.0,3.0,3.0,3.0,24,9,0.0622710622710622,1.1994689258392868,-0.35269188802031176
2.0,2,2,2.0,2.0,2.0,2.0,3.0,1.0,3.0,3.0,3.0,2,3.0,3.0,3.0,3.0,3.0,2.0,3.0,3.0,3.0,2.0,3.0,3.0,3.0,3.0,2.0,3.0,3.0,1.0,2.0,3.0,3.0,3.0,2.0,3.0,3.0,2.0,0.0,2.0,3.0,2.0,3.0,2.0,1.0,3.0,3.0,3.0,3.0,3.0,3.0,2.0,1.0,3.0,3.0,3.0,3.0,2.0,3.0,3.0,3.0,2.0,3.0,3.0,2.0,2,3.0,3.0,2.0,2.0,3.0,2.0,2.0,1.0,1.0,3.0,3.0,2.0,3.0,3.0,3.0,2.0,2,1.0,3.0,3.0,3.0,3.0,3.0,3.0,3.0,2.0,2.0,3.0,3.0,3.0,3.0,2,3.0,3.0,3.0,3.0,2.0,2.0,0.0,3.0,3.0,2,1,3.0,3.0,3.0,3.0,3.0,3.0,3.0,1,2.0,2.0,2.0,2.0,2.0,3.0,2,3.0,2.0,3.0,3.0,2.0,3.0,3.0,3.0,3.0,3.0,3.0,2.0,3.0,3.0,3.0,2,2.0,3.0,3.0,3.0,2.0,2.0,2.0,2.0,3.0,2.0,3.0,1.0,2,2.0,3.0,2.0,3.0,2.0,3.0,2.0,3,2.0,1.0,3.0,2.0,3.0,3.0,3.0,2.0,2.0,3.0,2,3.0,3.0,3.0,2.0,3.0,2.0,2.0,3.0,2.0,2.0,3.0,3.0,3.0,2.0,3.0,3.0,2.0,3.0,3.0,3.0,2.0,3,2.0,3.0,3.0,3.0,3.0,2,3.0,3.0,3.0,3.0,2.0,2,0.0,3.0,2.0,3.0,3.0,3.0,2.0,2,2.0,3.0,3.0,2.0,3.0,3.0,3.0,2.0,2.0,1.0,2,3.0,2.0,2.0,2.0,3.0,3.0,3.0,2,0.0,3.0,2.0,3.0,3.0,2.0,2.0,3.0,3.0,3.0,3.0,3.0,3.0,1.0,2.0,3.0,3.0,2.0,3.0,3.0,3.0,3.0,2.0,3.0,2.0,3.0,2.0,3.0,3.0,2.0,2.0,2.0,3.0,3.0,3.0,1.0,3.0,3.0,3.0,3.0,2.0,3.0,1.0,2,3.0,3.0,1.0,3.0,3.0,3.0,2,3.0,3.0,2.0,2.0,2.0,3.0,3.0,3.0,3.0,3.0,3.0,0.0,2.0,3.0,3.0,3.0,2.0,2.0,3.0,2.0,3.0,2.0,2.0,3.0,2.0,3.0,3.0,3.0,2.0,2.0,2.0,3.0,2.0,3.0,2.0,2.0,3.0,3.0,2.0,3.0,3.0,3.0,3.0,3.0,3.0,3.0,3.0,3.0,3.0,3.0,3.0,3.0,3.0,3.0,2.0,3,3.0,3.0,3.0,2.0,3.0,3.0,3.0,2.0,3.0,3.0,3.0,3.0,3.0,2.0,3,2.0,3.0,3.0,1.0,3.0,3.0,2.0,2.0,1.0,3.0,2.0,3.0,2.0,3.0,3.0,2.0,1.0,3.0,3.0,3.0,3.0,3.0,3.0,2.0,3.0,3.0,3.0,3.0,2.0,3.0,3.0,2.0,3.0,3.0,3.0,2.0,3.0,3.0,3.0,3.0,3,3.0,3.0,3.0,2.0,2.0,3.0,2.0,3.0,3.0,2.0,3.0,3.0,3.0,3.0,3.0,2.0,3.0,3.0,3.0,3.0,0.0,3.0,3.0,2.0,3.0,3.0,3.0,3.0,3.0,2.0,3.0,3.0,3.0,3.0,3.0,3.0,3.0,3.0,3.0,3.0,2.0,3.0,3.0,3.0,3.0,3.0,3.0,3.0,2.0,3.0,3.0,3.0,3.0,3.0,3.0,2.0,3.0,2.0,3.0,2.0,2.0,3.0,3.0,2,3.0,2.0,3.0,2.0,3.0,3.0,3.0,2.0,3.0,3.0,3.0,3.0,3.0,2.0,3.0,3.0,3.0,3.0,2.0,3.0,3.0,2.0,2.0,3.0,3.0,3.0,3.0,3.0,2.0,3.0,2.0,3.0,2.0,3.0,3.0,3.0,3.0,2.0,3,3.0,3.0,3.0,3.0,3.0,3.0,3.0,3.0,3.0,3.0,3.0,3.0,3.0,3.0,3.0,3.0,1.0,2.0,2.0,3.0,3.0,3.0,3.0,3.0,3.0,2.0,3.0,3.0,3.0,3.0,3.0,3.0,2.0,3.0,3.0,1.0,3.0,2.0,3.0,3.0,3.0,3.0,3.0,3.0,3.0,2.0,3.0,3.0,3.0,3.0,3.0,3.0,3.0,2.0,3.0,3.0,3.0,3.0,2.0,3.0,3.0,3.0,3.0,3.0,3.0,3.0,3.0,3.0,3.0,3.0,3.0,3.0,3.0,3.0,3.0,3.0,3.0,3.0,3.0,3.0,3.0,,3.0,3.0,3.0,3.0,3.0,3.0,3.0,3.0,3.0,25,9,0.0676416819012797,1.1543827883693685,-0.48658380359018794
3.0,3,3,2.0,3.0,3.0,2.0,3.0,2.0,3.0,3.0,3.0,3,3.0,3.0,3.0,3.0,,3.0,1.0,3.0,2.0,3.0,3.0,3.0,3.0,3.0,3.0,3.0,3.0,3.0,3.0,2.0,3.0,3.0,2.0,3.0,3.0,3.0,3.0,3.0,3.0,3.0,3.0,3.0,3.0,1.0,3.0,3.0,3.0,2.0,3.0,3.0,3.0,3.0,3.0,1.0,3.0,3.0,3.0,3.0,,3.0,3.0,3.0,3.0,3,3.0,3.0,1.0,3.0,3.0,3.0,3.0,3.0,3.0,3.0,2.0,3.0,2.0,1.0,3.0,3.0,3,3.0,3.0,2.0,2.0,3.0,,3.0,3.0,3.0,3.0,3.0,2.0,3.0,3.0,2,3.0,3.0,3.0,2.0,3.0,3.0,3.0,3.0,3.0,3,3,3.0,2.0,3.0,3.0,3.0,3.0,3.0,3,2.0,2.0,3.0,3.0,3.0,3.0,3,3.0,3.0,3.0,3.0,3.0,0.0,3.0,2.0,3.0,3.0,3.0,3.0,3.0,3.0,3.0,2,3.0,3.0,3.0,3.0,3.0,3.0,3.0,3.0,3.0,3.0,3.0,2.0,2,3.0,0.0,3.0,3.0,3.0,3.0,3.0,3,3.0,3.0,3.0,3.0,3.0,3.0,3.0,1.0,3.0,3.0,3,3.0,3.0,3.0,2.0,2.0,3.0,3.0,3.0,3.0,3.0,3.0,3.0,3.0,3.0,3.0,3.0,3.0,3.0,1.0,3.0,2.0,3,3.0,1.0,3.0,3.0,3.0,3,3.0,3.0,3.0,3.0,3.0,3,3.0,3.0,3.0,3.0,3.0,3.0,3.0,3,3.0,2.0,3.0,3.0,2.0,3.0,2.0,2.0,3.0,3.0,3,3.0,2.0,3.0,3.0,3.0,3.0,3.0,2,3.0,3.0,3.0,3.0,3.0,3.0,0.0,3.0,3.0,3.0,3.0,3.0,3.0,3.0,3.0,3.0,3.0,3.0,3.0,,3.0,2.0,2.0,3.0,1.0,3.0,3.0,3.0,3.0,3.0,2.0,3.0,3.0,3.0,3.0,3.0,3.0,3.0,3.0,3.0,3.0,3.0,3.0,2,,3.0,2.0,3.0,3.0,3.0,2,3.0,3.0,3.0,3.0,3.0,1.0,3.0,3.0,,3.0,3.0,2.0,3.0,3.0,3.0,3.0,3.0,3.0,3.0,3.0,3.0,3.0,3.0,3.0,3.0,3.0,3.0,3.0,3.0,2.0,2.0,3.0,3.0,3.0,1.0,3.0,3.0,3.0,3.0,3.0,2.0,2.0,3.0,3.0,3.0,3.0,3.0,3.0,3.0,3.0,3.0,3.0,3.0,3.0,3.0,3,3.0,3.0,3.0,3.0,3.0,3.0,3.0,3.0,3.0,2.0,2.0,3.0,2.0,3.0,3,3.0,3.0,2.0,3.0,,,1.0,3.0,3.0,3.0,3.0,3.0,2.0,2.0,3.0,2.0,3.0,3.0,3.0,3.0,3.0,3.0,3.0,3.0,3.0,3.0,3.0,3.0,3.0,3.0,2.0,3.0,3.0,3.0,3.0,2.0,3.0,3.0,3.0,3.0,3,2.0,3.0,3.0,3.0,3.0,3.0,3.0,3.0,3.0,3.0,3.0,3.0,3.0,3.0,3.0,3.0,3.0,0.0,3.0,3.0,3.0,3.0,3.0,3.0,1.0,3.0,3.0,3.0,3.0,3.0,3.0,3.0,,3.0,,3.0,3.0,3.0,3.0,3.0,3.0,3.0,,3.0,2.0,,3.0,3.0,3.0,3.0,3.0,3.0,,2.0,3.0,3.0,3.0,3.0,3.0,2.0,3.0,2.0,3.0,3,3.0,2.0,3.0,3.0,3.0,,2.0,3.0,3.0,3.0,3.0,2.0,3.0,3.0,3.0,3.0,3.0,3.0,3.0,3.0,2.0,3.0,1.0,3.0,3.0,3.0,3.0,3.0,3.0,2.0,2.0,3.0,3.0,3.0,3.0,3.0,3.0,3.0,3,3.0,3.0,3.0,3.0,3.0,,3.0,3.0,3.0,2.0,3.0,3.0,0.0,2.0,0.0,3.0,2.0,3.0,3.0,3.0,3.0,3.0,2.0,1.0,3.0,3.0,3.0,3.0,,3.0,3.0,3.0,3.0,3.0,3.0,3.0,3.0,3.0,3.0,3.0,3.0,3.0,3.0,3.0,3.0,3.0,3.0,3.0,3.0,3.0,3.0,,3.0,3.0,,3.0,3.0,3.0,3.0,3.0,3.0,3.0,3.0,3.0,3.0,,1.0,3.0,3.0,,3.0,,3.0,3.0,3.0,3.0,3.0,3.0,3.0,3.0,1.0,3.0,,,,3.0,3.0,3.0,2.0,,,26,9,0.0607210626185958,1.2792489167067886,-0.15188045558880298
3.0,3,3,2.0,3.0,3.0,3.0,3.0,3.0,3.0,3.0,3.0,3,3.0,3.0,3.0,3.0,3.0,3.0,3.0,3.0,3.0,3.0,0.0,3.0,3.0,3.0,3.0,3.0,3.0,2.0,3.0,3.0,3.0,3.0,3.0,2.0,3.0,3.0,3.0,3.0,3.0,3.0,3.0,2.0,3.0,2.0,3.0,3.0,3.0,3.0,3.0,3.0,3.0,3.0,1.0,3.0,3.0,3.0,3.0,3.0,3.0,3.0,3.0,3.0,3.0,3,3.0,3.0,2.0,3.0,3.0,3.0,3.0,3.0,3.0,3.0,3.0,3.0,3.0,3.0,3.0,3.0,3,3.0,3.0,3.0,3.0,3.0,3.0,3.0,3.0,3.0,3.0,3.0,3.0,3.0,3.0,3,3.0,2.0,3.0,2.0,3.0,2.0,3.0,3.0,2.0,2,3,3.0,3.0,2.0,1.0,3.0,3.0,3.0,0,2.0,3.0,3.0,3.0,3.0,3.0,2,3.0,3.0,1.0,2.0,2.0,3.0,3.0,3.0,3.0,3.0,3.0,3.0,3.0,2.0,3.0,3,3.0,3.0,3.0,3.0,3.0,3.0,3.0,3.0,3.0,3.0,3.0,3.0,3,3.0,3.0,3.0,3.0,3.0,3.0,3.0,2,3.0,3.0,3.0,3.0,3.0,3.0,3.0,3.0,3.0,3.0,2,3.0,2.0,3.0,3.0,2.0,3.0,3.0,2.0,3.0,3.0,3.0,3.0,3.0,2.0,3.0,3.0,3.0,1.0,3.0,3.0,2.0,3,2.0,2.0,3.0,3.0,3.0,3,3.0,3.0,3.0,3.0,2.0,3,1.0,1.0,3.0,3.0,3.0,3.0,1.0,1,3.0,3.0,3.0,3.0,2.0,3.0,3.0,0.0,3.0,3.0,3,3.0,3.0,3.0,3.0,3.0,3.0,3.0,3,3.0,3.0,3.0,3.0,3.0,3.0,3.0,3.0,3.0,2.0,2.0,3.0,2.0,2.0,1.0,3.0,3.0,2.0,3.0,3.0,3.0,1.0,3.0,3.0,3.0,2.0,2.0,3.0,3.0,3.0,3.0,2.0,2.0,3.0,3.0,2.0,3.0,2.0,3.0,3.0,3.0,2.0,3.0,3,3.0,3.0,2.0,3.0,2.0,2.0,3,2.0,3.0,3.0,3.0,3.0,3.0,3.0,3.0,3.0,3.0,0.0,2.0,3.0,2.0,3.0,3.0,3.0,3.0,3.0,3.0,3.0,2.0,3.0,3.0,3.0,3.0,3.0,3.0,3.0,2.0,3.0,3.0,0.0,2.0,3.0,3.0,3.0,3.0,3.0,3.0,3.0,3.0,3.0,3.0,3.0,3.0,3.0,3.0,3.0,2.0,3.0,3.0,3.0,3.0,2.0,3,3.0,3.0,3.0,2.0,3.0,3.0,3.0,3.0,3.0,3.0,3.0,3.0,3.0,3.0,3,3.0,2.0,3.0,3.0,3.0,,3.0,2.0,3.0,1.0,3.0,3.0,3.0,3.0,3.0,3.0,3.0,2.0,3.0,3.0,3.0,3.0,2.0,3.0,3.0,3.0,2.0,2.0,3.0,3.0,3.0,2.0,3.0,3.0,3.0,3.0,2.0,3.0,3.0,3.0,3,1.0,3.0,3.0,2.0,3.0,2.0,3.0,3.0,3.0,3.0,,3.0,3.0,3.0,3.0,3.0,3.0,3.0,1.0,3.0,,3.0,3.0,3.0,3.0,3.0,3.0,3.0,2.0,3.0,3.0,3.0,,2.0,3.0,3.0,,0.0,3.0,3.0,3.0,3.0,3.0,3.0,3.0,,3.0,3.0,3.0,3.0,3.0,3.0,3.0,3.0,3.0,3.0,3.0,3.0,3.0,3.0,3.0,3.0,2.0,3,3.0,2.0,3.0,3.0,2.0,,2.0,2.0,3.0,3.0,,3.0,3.0,3.0,3.0,3.0,3.0,3.0,3.0,3.0,3.0,3.0,3.0,3.0,3.0,3.0,3.0,3.0,1.0,3.0,3.0,3.0,2.0,3.0,3.0,3.0,3.0,3.0,1,3.0,3.0,3.0,3.0,3.0,3.0,3.0,3.0,3.0,3.0,1.0,3.0,2.0,3.0,3.0,3.0,3.0,3.0,3.0,3.0,3.0,3.0,3.0,3.0,2.0,3.0,3.0,3.0,3.0,3.0,3.0,3.0,3.0,3.0,3.0,3.0,3.0,3.0,3.0,3.0,3.0,3.0,2.0,2.0,3.0,2.0,3.0,3.0,3.0,3.0,3.0,,3.0,3.0,3.0,2.0,3.0,3.0,3.0,3.0,3.0,3.0,3.0,3.0,3.0,,3.0,3.0,3.0,,3.0,3.0,3.0,3.0,2.0,2.0,3.0,3.0,3.0,3.0,,,3.0,3.0,3.0,3.0,3.0,3.0,3.0,3.0,,27,9,0.0876190476190476,1.255365746824354,-0.13503326701389978
2.0,3,2,1.0,3.0,3.0,1.0,3.0,3.0,3.0,2.0,2.0,2,2.0,3.0,3.0,3.0,0.0,3.0,3.0,3.0,2.0,2.0,3.0,3.0,3.0,3.0,3.0,3.0,3.0,2.0,2.0,3.0,3.0,3.0,3.0,2.0,3.0,3.0,2.0,3.0,3.0,3.0,3.0,2.0,3.0,2.0,3.0,3.0,3.0,3.0,3.0,3.0,3.0,3.0,3.0,3.0,3.0,3.0,3.0,1.0,3.0,3.0,3.0,3.0,2.0,3,2.0,3.0,3.0,3.0,3.0,2.0,3.0,2.0,3.0,3.0,1.0,3.0,2.0,3.0,3.0,2.0,2,3.0,3.0,2.0,3.0,3.0,3.0,3.0,3.0,3.0,2.0,1.0,3.0,3.0,2.0,2,3.0,3.0,3.0,3.0,1.0,3.0,3.0,3.0,3.0,2,3,3.0,2.0,3.0,3.0,3.0,3.0,3.0,0,3.0,0.0,3.0,2.0,3.0,3.0,3,3.0,3.0,3.0,2.0,2.0,3.0,3.0,3.0,3.0,3.0,3.0,3.0,3.0,2.0,3.0,3,3.0,3.0,3.0,3.0,2.0,3.0,2.0,2.0,3.0,3.0,3.0,2.0,3,3.0,3.0,3.0,3.0,3.0,3.0,3.0,2,2.0,3.0,3.0,2.0,3.0,3.0,3.0,3.0,2.0,2.0,2,3.0,3.0,3.0,2.0,2.0,3.0,3.0,3.0,2.0,3.0,3.0,3.0,3.0,3.0,3.0,2.0,3.0,3.0,3.0,3.0,3.0,3,3.0,2.0,3.0,2.0,3.0,3,3.0,2.0,3.0,3.0,3.0,2,3.0,0.0,2.0,3.0,3.0,3.0,1.0,3,2.0,3.0,3.0,3.0,1.0,3.0,3.0,2.0,3.0,2.0,3,1.0,3.0,3.0,2.0,3.0,3.0,3.0,2,3.0,2.0,3.0,3.0,2.0,3.0,2.0,2.0,3.0,3.0,3.0,3.0,3.0,3.0,3.0,3.0,3.0,3.0,1.0,3.0,3.0,3.0,3.0,3.0,1.0,3.0,3.0,2.0,3.0,2.0,3.0,3.0,3.0,3.0,3.0,2.0,3.0,3.0,3.0,3.0,2.0,2.0,3.0,2,3.0,3.0,3.0,3.0,3.0,3.0,3,3.0,3.0,3.0,0.0,3.0,3.0,2.0,3.0,3.0,2.0,3.0,3.0,3.0,3.0,3.0,3.0,3.0,3.0,3.0,3.0,3.0,3.0,3.0,3.0,1.0,3.0,3.0,3.0,3.0,3.0,2.0,3.0,3.0,3.0,3.0,2.0,3.0,3.0,3.0,3.0,2.0,2.0,3.0,3.0,3.0,3.0,3.0,3.0,3.0,3.0,3.0,1.0,3.0,3.0,3.0,3,2.0,3.0,3.0,3.0,3.0,3.0,3.0,3.0,3.0,3.0,3.0,3.0,2.0,3.0,3,1.0,3.0,3.0,3.0,3.0,,2.0,3.0,3.0,3.0,3.0,3.0,2.0,3.0,3.0,2.0,3.0,3.0,3.0,3.0,3.0,3.0,3.0,1.0,3.0,3.0,2.0,3.0,3.0,3.0,3.0,2.0,3.0,3.0,3.0,3.0,3.0,3.0,2.0,3.0,3,3.0,3.0,3.0,3.0,3.0,3.0,3.0,3.0,3.0,3.0,2.0,3.0,3.0,3.0,3.0,3.0,3.0,3.0,3.0,3.0,3.0,3.0,3.0,2.0,3.0,3.0,2.0,3.0,1.0,3.0,3.0,3.0,3.0,3.0,3.0,0.0,3.0,3.0,3.0,3.0,3.0,3.0,3.0,1.0,3.0,,3.0,3.0,3.0,3.0,3.0,2.0,1.0,2.0,3.0,2.0,3.0,2.0,3.0,3.0,3.0,3.0,3.0,2,3.0,3.0,3.0,3.0,3.0,,3.0,3.0,2.0,3.0,3.0,3.0,3.0,3.0,2.0,3.0,3.0,1.0,3.0,3.0,3.0,3.0,3.0,3.0,3.0,3.0,3.0,3.0,3.0,3.0,3.0,3.0,3.0,2.0,2.0,3.0,2.0,2.0,2,3.0,3.0,2.0,2.0,3.0,3.0,3.0,2.0,3.0,3.0,3.0,3.0,3.0,2.0,3.0,3.0,3.0,3.0,3.0,3.0,3.0,3.0,2.0,3.0,3.0,3.0,3.0,3.0,3.0,3.0,3.0,3.0,2.0,3.0,3.0,3.0,3.0,3.0,3.0,3.0,3.0,3.0,3.0,3.0,3.0,2.0,3.0,3.0,3.0,3.0,3.0,,3.0,3.0,3.0,3.0,3.0,3.0,3.0,2.0,2.0,3.0,3.0,3.0,3.0,3.0,3.0,2.0,3.0,,2.0,3.0,3.0,1.0,3.0,3.0,3.0,3.0,3.0,3.0,3.0,,3.0,3.0,3.0,3.0,3.0,3.0,3.0,3.0,,28,9,0.0743494423791821,1.2033167495854062,-0.3211938774244435
3.0,3,3,2.0,3.0,3.0,3.0,3.0,2.0,0.0,3.0,3.0,2,3.0,3.0,2.0,3.0,,2.0,0.0,3.0,3.0,3.0,3.0,3.0,3.0,3.0,3.0,3.0,3.0,3.0,3.0,3.0,3.0,3.0,3.0,3.0,3.0,3.0,3.0,3.0,3.0,2.0,1.0,3.0,3.0,2.0,3.0,3.0,3.0,3.0,3.0,2.0,3.0,3.0,2.0,3.0,3.0,2.0,1.0,3.0,3.0,3.0,3.0,3.0,3.0,3,3.0,3.0,3.0,3.0,3.0,3.0,3.0,3.0,3.0,3.0,3.0,3.0,3.0,3.0,3.0,3.0,2,3.0,3.0,3.0,3.0,3.0,3.0,3.0,3.0,3.0,3.0,3.0,3.0,3.0,3.0,3,3.0,3.0,3.0,3.0,3.0,3.0,3.0,3.0,0.0,3,2,3.0,3.0,3.0,3.0,3.0,3.0,3.0,3,3.0,3.0,3.0,3.0,3.0,2.0,3,3.0,3.0,3.0,3.0,3.0,3.0,3.0,3.0,3.0,3.0,3.0,3.0,3.0,3.0,3.0,2,3.0,3.0,3.0,3.0,1.0,3.0,3.0,3.0,2.0,3.0,3.0,3.0,3,3.0,2.0,3.0,3.0,3.0,3.0,3.0,3,3.0,3.0,3.0,3.0,2.0,3.0,3.0,2.0,3.0,3.0,2,3.0,3.0,1.0,2.0,3.0,1.0,3.0,2.0,3.0,2.0,3.0,3.0,3.0,3.0,3.0,3.0,3.0,3.0,1.0,,3.0,2,3.0,3.0,3.0,3.0,3.0,3,2.0,3.0,3.0,2.0,3.0,3,3.0,3.0,3.0,3.0,3.0,3.0,3.0,3,1.0,2.0,3.0,3.0,2.0,3.0,3.0,2.0,2.0,3.0,3,3.0,1.0,3.0,3.0,3.0,3.0,3.0,2,2.0,3.0,3.0,3.0,2.0,3.0,3.0,3.0,3.0,3.0,3.0,2.0,3.0,3.0,1.0,3.0,3.0,3.0,3.0,3.0,3.0,3.0,3.0,3.0,3.0,3.0,3.0,2.0,3.0,3.0,3.0,2.0,3.0,1.0,3.0,3.0,3.0,3.0,3.0,3.0,3.0,3.0,3.0,3,3.0,1.0,2.0,3.0,3.0,3.0,3,3.0,,3.0,3.0,3.0,3.0,3.0,3.0,3.0,2.0,3.0,2.0,3.0,3.0,3.0,3.0,3.0,3.0,3.0,3.0,3.0,3.0,3.0,2.0,3.0,3.0,3.0,3.0,3.0,3.0,3.0,1.0,3.0,3.0,3.0,3.0,3.0,3.0,2.0,3.0,2.0,2.0,3.0,3.0,3.0,3.0,3.0,3.0,1.0,3.0,3.0,3.0,3.0,3.0,3.0,3,3.0,3.0,1.0,3.0,3.0,2.0,3.0,3.0,2.0,3.0,3.0,3.0,3.0,3.0,3,3.0,3.0,3.0,3.0,3.0,,3.0,3.0,2.0,3.0,3.0,3.0,3.0,2.0,3.0,3.0,3.0,3.0,3.0,3.0,3.0,3.0,3.0,3.0,3.0,3.0,2.0,3.0,3.0,3.0,3.0,2.0,3.0,3.0,3.0,2.0,3.0,3.0,3.0,2.0,3,0.0,3.0,3.0,3.0,3.0,3.0,3.0,3.0,0.0,3.0,3.0,3.0,2.0,3.0,3.0,3.0,0.0,3.0,2.0,2.0,3.0,2.0,3.0,3.0,3.0,3.0,3.0,2.0,2.0,3.0,3.0,2.0,3.0,3.0,3.0,3.0,3.0,3.0,3.0,3.0,3.0,3.0,3.0,3.0,3.0,,3.0,3.0,3.0,3.0,3.0,3.0,3.0,3.0,3.0,3.0,3.0,3.0,3.0,2.0,2.0,2.0,3.0,2,3.0,2.0,3.0,3.0,3.0,2.0,2.0,3.0,3.0,3.0,3.0,3.0,3.0,3.0,3.0,3.0,3.0,3.0,3.0,3.0,3.0,3.0,3.0,3.0,2.0,3.0,3.0,2.0,3.0,2.0,3.0,3.0,3.0,2.0,3.0,3.0,3.0,3.0,3,3.0,1.0,3.0,3.0,3.0,,3.0,3.0,3.0,3.0,3.0,3.0,3.0,3.0,3.0,3.0,3.0,3.0,3.0,3.0,3.0,3.0,3.0,3.0,2.0,3.0,3.0,3.0,3.0,3.0,2.0,3.0,3.0,2.0,3.0,3.0,3.0,3.0,3.0,3.0,3.0,3.0,3.0,3.0,3.0,3.0,3.0,3.0,3.0,3.0,3.0,,3.0,2.0,,3.0,3.0,3.0,3.0,3.0,3.0,2.0,3.0,3.0,3.0,3.0,3.0,3.0,3.0,2.0,3.0,3.0,3.0,2.0,3.0,3.0,3.0,2.0,3.0,3.0,,,3.0,3.0,3.0,,2.0,3.0,3.0,3.0,,29,9,0.0977011494252873,1.2534246575342467,-0.08815258832680539
3.0,2,3,2.0,3.0,2.0,3.0,3.0,2.0,3.0,2.0,2.0,2,3.0,3.0,3.0,3.0,3.0,3.0,3.0,2.0,3.0,3.0,3.0,3.0,3.0,3.0,2.0,3.0,3.0,3.0,2.0,2.0,3.0,2.0,2.0,3.0,3.0,2.0,2.0,3.0,3.0,2.0,3.0,3.0,3.0,3.0,3.0,3.0,3.0,2.0,2.0,3.0,2.0,3.0,3.0,3.0,3.0,2.0,1.0,3.0,3.0,3.0,1.0,3.0,3.0,3,3.0,3.0,1.0,3.0,2.0,2.0,3.0,3.0,3.0,2.0,2.0,1.0,3.0,3.0,3.0,2.0,2,3.0,3.0,2.0,3.0,2.0,3.0,3.0,3.0,2.0,2.0,3.0,3.0,3.0,2.0,3,2.0,3.0,3.0,3.0,3.0,3.0,3.0,3.0,3.0,0,3,2.0,3.0,3.0,1.0,2.0,3.0,3.0,2,3.0,3.0,3.0,3.0,2.0,3.0,2,3.0,3.0,2.0,3.0,2.0,3.0,3.0,3.0,2.0,2.0,3.0,3.0,3.0,3.0,3.0,2,2.0,3.0,3.0,2.0,2.0,2.0,3.0,3.0,3.0,2.0,3.0,2.0,3,3.0,3.0,2.0,3.0,3.0,3.0,3.0,3,3.0,3.0,3.0,3.0,3.0,3.0,3.0,3.0,1.0,2.0,1,3.0,3.0,3.0,2.0,2.0,3.0,2.0,3.0,2.0,3.0,0.0,3.0,2.0,3.0,3.0,1.0,3.0,3.0,2.0,3.0,3.0,3,2.0,3.0,3.0,3.0,2.0,3,3.0,0.0,2.0,2.0,2.0,3,3.0,3.0,3.0,3.0,3.0,3.0,3.0,1,2.0,3.0,3.0,2.0,2.0,3.0,3.0,3.0,2.0,3.0,2,2.0,2.0,2.0,2.0,3.0,3.0,3.0,2,2.0,3.0,3.0,3.0,3.0,3.0,3.0,3.0,3.0,3.0,3.0,3.0,3.0,2.0,2.0,3.0,3.0,2.0,3.0,3.0,3.0,1.0,3.0,3.0,3.0,3.0,3.0,3.0,3.0,3.0,2.0,1.0,2.0,3.0,3.0,3.0,3.0,3.0,3.0,3.0,2.0,3.0,3.0,2,3.0,2.0,2.0,3.0,3.0,3.0,2,3.0,3.0,2.0,2.0,3.0,3.0,2.0,1.0,3.0,3.0,3.0,2.0,2.0,2.0,3.0,3.0,3.0,3.0,3.0,2.0,3.0,3.0,3.0,3.0,1.0,3.0,3.0,3.0,3.0,0.0,3.0,3.0,3.0,3.0,2.0,3.0,3.0,3.0,3.0,3.0,3.0,3.0,3.0,3.0,2.0,3.0,2.0,3.0,2.0,3.0,3.0,3.0,3.0,3.0,3.0,2,3.0,2.0,0.0,3.0,3.0,3.0,3.0,2.0,1.0,3.0,3.0,3.0,3.0,3.0,2,3.0,3.0,3.0,2.0,3.0,3.0,3.0,2.0,3.0,3.0,3.0,2.0,2.0,3.0,3.0,3.0,3.0,3.0,3.0,2.0,3.0,3.0,2.0,3.0,3.0,3.0,3.0,3.0,3.0,3.0,3.0,3.0,3.0,2.0,2.0,3.0,3.0,3.0,3.0,3.0,3,3.0,3.0,3.0,3.0,3.0,2.0,3.0,3.0,2.0,2.0,3.0,3.0,2.0,3.0,3.0,3.0,0.0,3.0,2.0,2.0,3.0,3.0,3.0,2.0,3.0,3.0,3.0,3.0,3.0,3.0,2.0,3.0,3.0,3.0,3.0,3.0,3.0,3.0,3.0,3.0,3.0,1.0,3.0,3.0,3.0,2.0,3.0,3.0,2.0,3.0,3.0,2.0,3.0,3.0,3.0,3.0,3.0,3.0,3.0,3.0,3.0,2.0,3.0,2,2.0,3.0,3.0,3.0,1.0,,3.0,3.0,3.0,3.0,3.0,3.0,3.0,2.0,3.0,2.0,3.0,3.0,3.0,2.0,3.0,3.0,3.0,3.0,3.0,3.0,3.0,2.0,3.0,3.0,3.0,3.0,3.0,2.0,2.0,3.0,3.0,2.0,3,3.0,3.0,3.0,3.0,2.0,3.0,1.0,3.0,1.0,3.0,3.0,3.0,2.0,3.0,3.0,3.0,2.0,3.0,3.0,3.0,2.0,3.0,3.0,3.0,3.0,2.0,3.0,3.0,3.0,3.0,3.0,3.0,1.0,3.0,3.0,3.0,2.0,3.0,3.0,3.0,3.0,2.0,3.0,3.0,3.0,3.0,3.0,3.0,3.0,3.0,3.0,3.0,3.0,3.0,3.0,3.0,3.0,1.0,3.0,2.0,3.0,3.0,3.0,3.0,3.0,3.0,3.0,3.0,3.0,3.0,1.0,2.0,3.0,3.0,3.0,3.0,3.0,3.0,3.0,3.0,3.0,3.0,3.0,3.0,3.0,3.0,3.0,3.0,2.0,3.0,,30,9,0.0917602996254681,1.1796190253593548,-0.3205185754850767
3.0,2,2,3.0,2.0,3.0,3.0,2.0,3.0,3.0,3.0,3.0,2,3.0,3.0,3.0,3.0,,3.0,3.0,3.0,3.0,3.0,3.0,3.0,3.0,3.0,3.0,3.0,3.0,3.0,2.0,2.0,3.0,3.0,2.0,2.0,3.0,1.0,3.0,3.0,3.0,2.0,3.0,3.0,3.0,2.0,2.0,3.0,2.0,2.0,3.0,2.0,3.0,3.0,1.0,3.0,2.0,2.0,3.0,3.0,3.0,3.0,2.0,3.0,3.0,3,2.0,3.0,2.0,3.0,3.0,3.0,3.0,3.0,2.0,3.0,3.0,3.0,3.0,3.0,2.0,3.0,2,2.0,3.0,2.0,1.0,2.0,3.0,3.0,3.0,2.0,3.0,3.0,2.0,3.0,3.0,3,3.0,0.0,3.0,3.0,3.0,3.0,2.0,3.0,3.0,3,3,3.0,3.0,3.0,3.0,2.0,3.0,3.0,2,1.0,3.0,3.0,3.0,3.0,3.0,3,3.0,3.0,3.0,3.0,2.0,3.0,3.0,3.0,3.0,3.0,2.0,3.0,3.0,3.0,0.0,3,3.0,3.0,3.0,3.0,3.0,2.0,1.0,2.0,3.0,2.0,3.0,3.0,3,3.0,3.0,2.0,3.0,3.0,3.0,3.0,2,3.0,3.0,3.0,3.0,3.0,3.0,3.0,3.0,3.0,2.0,2,3.0,3.0,2.0,2.0,2.0,3.0,3.0,3.0,3.0,3.0,3.0,3.0,3.0,3.0,3.0,2.0,3.0,3.0,3.0,3.0,1.0,2,2.0,2.0,3.0,2.0,0.0,3,1.0,3.0,3.0,2.0,3.0,3,2.0,3.0,3.0,3.0,3.0,3.0,2.0,2,2.0,1.0,3.0,2.0,2.0,1.0,3.0,3.0,3.0,3.0,2,2.0,2.0,2.0,2.0,3.0,2.0,3.0,3,2.0,3.0,2.0,3.0,2.0,3.0,2.0,3.0,2.0,2.0,3.0,2.0,2.0,3.0,3.0,3.0,3.0,2.0,1.0,3.0,1.0,3.0,3.0,3.0,3.0,3.0,3.0,3.0,1.0,3.0,3.0,2.0,3.0,3.0,3.0,3.0,1.0,3.0,3.0,3.0,3.0,2.0,3.0,2,3.0,3.0,2.0,3.0,3.0,2.0,3,3.0,2.0,3.0,3.0,3.0,3.0,1.0,3.0,3.0,1.0,3.0,3.0,3.0,1.0,3.0,3.0,3.0,3.0,3.0,2.0,3.0,3.0,3.0,2.0,3.0,3.0,3.0,3.0,3.0,2.0,2.0,2.0,2.0,3.0,2.0,2.0,3.0,3.0,2.0,3.0,3.0,3.0,3.0,3.0,2.0,3.0,3.0,3.0,2.0,2.0,3.0,2.0,3.0,3.0,3.0,2,2.0,2.0,3.0,2.0,3.0,2.0,1.0,2.0,3.0,3.0,3.0,2.0,2.0,2.0,2,2.0,3.0,3.0,3.0,3.0,3.0,0.0,3.0,3.0,3.0,3.0,3.0,3.0,2.0,3.0,3.0,2.0,3.0,3.0,3.0,3.0,2.0,0.0,2.0,3.0,3.0,3.0,3.0,3.0,2.0,2.0,3.0,3.0,3.0,3.0,3.0,3.0,3.0,1.0,3.0,3,3.0,3.0,3.0,1.0,3.0,3.0,3.0,1.0,3.0,2.0,3.0,3.0,3.0,3.0,3.0,3.0,3.0,2.0,2.0,3.0,3.0,3.0,3.0,3.0,3.0,3.0,3.0,3.0,3.0,2.0,3.0,3.0,3.0,3.0,3.0,3.0,3.0,2.0,2.0,3.0,3.0,3.0,3.0,3.0,3.0,3.0,3.0,2.0,2.0,1.0,1.0,3.0,3.0,3.0,3.0,2.0,3.0,3.0,3.0,3.0,3.0,3.0,3.0,2,3.0,3.0,3.0,3.0,3.0,,3.0,2.0,2.0,2.0,3.0,3.0,3.0,3.0,3.0,2.0,3.0,3.0,2.0,3.0,3.0,3.0,3.0,3.0,3.0,3.0,3.0,2.0,3.0,3.0,3.0,3.0,2.0,3.0,2.0,3.0,2.0,2.0,2,3.0,3.0,3.0,3.0,3.0,3.0,3.0,2.0,3.0,3.0,3.0,3.0,3.0,3.0,3.0,3.0,3.0,2.0,3.0,2.0,3.0,3.0,3.0,3.0,3.0,3.0,3.0,2.0,1.0,3.0,3.0,3.0,2.0,3.0,3.0,3.0,3.0,3.0,3.0,3.0,3.0,2.0,0.0,1.0,3.0,2.0,3.0,3.0,3.0,3.0,3.0,3.0,3.0,2.0,3.0,2.0,3.0,3.0,2.0,3.0,3.0,3.0,2.0,3.0,3.0,3.0,3.0,3.0,2.0,3.0,3.0,2.0,3.0,3.0,2.0,3.0,3.0,2.0,3.0,3.0,1.0,,3.0,3.0,1.0,3.0,3.0,3.0,3.0,3.0,3.0,31,9,0.0837988826815642,1.1729456964275475,-0.2935769803650634
3.0,2,2,3.0,3.0,3.0,3.0,3.0,3.0,,3.0,1.0,3,3.0,3.0,3.0,3.0,,3.0,3.0,3.0,1.0,3.0,3.0,3.0,3.0,3.0,3.0,3.0,3.0,1.0,3.0,3.0,3.0,3.0,2.0,3.0,3.0,2.0,3.0,3.0,3.0,3.0,3.0,3.0,3.0,3.0,3.0,3.0,3.0,3.0,3.0,3.0,3.0,3.0,3.0,3.0,3.0,3.0,3.0,3.0,2.0,3.0,2.0,3.0,3.0,3,3.0,3.0,3.0,3.0,3.0,3.0,2.0,3.0,3.0,3.0,3.0,2.0,3.0,3.0,3.0,3.0,2,3.0,3.0,3.0,3.0,1.0,2.0,3.0,3.0,2.0,3.0,,3.0,3.0,3.0,3,3.0,3.0,3.0,3.0,3.0,3.0,3.0,3.0,3.0,3,3,3.0,3.0,3.0,3.0,2.0,3.0,3.0,2,3.0,3.0,3.0,3.0,3.0,3.0,3,3.0,3.0,3.0,0.0,3.0,3.0,3.0,3.0,3.0,3.0,3.0,2.0,3.0,3.0,3.0,2,3.0,3.0,3.0,3.0,3.0,2.0,2.0,3.0,3.0,3.0,2.0,3.0,3,3.0,2.0,3.0,3.0,3.0,3.0,3.0,3,1.0,2.0,3.0,3.0,3.0,3.0,3.0,3.0,3.0,3.0,0,3.0,3.0,2.0,3.0,2.0,3.0,3.0,3.0,3.0,0.0,3.0,2.0,3.0,3.0,3.0,2.0,2.0,3.0,3.0,,2.0,3,3.0,3.0,2.0,3.0,3.0,3,3.0,2.0,3.0,3.0,3.0,3,2.0,3.0,3.0,3.0,3.0,3.0,3.0,3,3.0,3.0,3.0,3.0,3.0,3.0,3.0,3.0,2.0,3.0,2,3.0,3.0,3.0,3.0,3.0,0.0,3.0,3,3.0,3.0,3.0,3.0,3.0,3.0,3.0,3.0,2.0,3.0,3.0,3.0,3.0,1.0,2.0,3.0,3.0,2.0,3.0,3.0,3.0,3.0,3.0,3.0,3.0,2.0,3.0,3.0,3.0,3.0,2.0,2.0,3.0,3.0,3.0,3.0,2.0,3.0,3.0,3.0,3.0,3.0,3.0,3,3.0,3.0,3.0,3.0,2.0,3.0,3,3.0,1.0,3.0,3.0,3.0,3.0,3.0,3.0,3.0,3.0,2.0,3.0,3.0,3.0,3.0,3.0,3.0,3.0,3.0,3.0,2.0,2.0,3.0,3.0,3.0,1.0,3.0,3.0,3.0,3.0,3.0,3.0,2.0,3.0,3.0,3.0,3.0,3.0,2.0,3.0,3.0,3.0,3.0,1.0,3.0,3.0,2.0,3.0,3.0,3.0,3.0,3.0,3.0,,0.0,3,3.0,1.0,3.0,3.0,3.0,3.0,3.0,3.0,3.0,3.0,3.0,3.0,3.0,3.0,3,3.0,3.0,3.0,3.0,3.0,,3.0,3.0,3.0,3.0,2.0,3.0,3.0,3.0,3.0,3.0,3.0,1.0,3.0,3.0,3.0,3.0,2.0,3.0,3.0,3.0,3.0,3.0,3.0,3.0,3.0,3.0,3.0,3.0,3.0,3.0,2.0,3.0,3.0,3.0,3,3.0,3.0,3.0,3.0,3.0,3.0,3.0,2.0,3.0,2.0,3.0,3.0,3.0,3.0,3.0,3.0,3.0,2.0,1.0,1.0,3.0,3.0,,3.0,3.0,,3.0,3.0,3.0,2.0,3.0,3.0,,3.0,3.0,3.0,3.0,3.0,3.0,3.0,3.0,3.0,3.0,2.0,3.0,,3.0,3.0,3.0,3.0,3.0,3.0,3.0,3.0,3.0,3.0,3.0,3.0,3.0,3.0,3.0,3.0,3.0,3,3.0,3.0,3.0,3.0,3.0,,3.0,3.0,3.0,3.0,3.0,3.0,3.0,3.0,2.0,2.0,3.0,3.0,1.0,3.0,,3.0,3.0,,1.0,3.0,3.0,3.0,3.0,3.0,3.0,3.0,3.0,,3.0,3.0,3.0,3.0,3,3.0,,3.0,3.0,3.0,,3.0,3.0,3.0,2.0,3.0,3.0,3.0,3.0,3.0,0.0,3.0,3.0,3.0,3.0,3.0,3.0,2.0,3.0,3.0,3.0,3.0,3.0,,3.0,3.0,3.0,3.0,3.0,3.0,3.0,3.0,3.0,3.0,3.0,3.0,3.0,3.0,3.0,3.0,3.0,3.0,3.0,3.0,3.0,3.0,,3.0,3.0,,3.0,,3.0,3.0,3.0,3.0,3.0,3.0,3.0,3.0,3.0,3.0,3.0,3.0,3.0,3.0,3.0,,,3.0,3.0,,3.0,3.0,3.0,,,3.0,3.0,3.0,3.0,3.0,3.0,3.0,1.0,,32,9,0.0647619047619047,1.3134115247322795,-0.19399803405485047
3.0,3,3,3.0,3.0,3.0,3.0,3.0,1.0,,3.0,3.0,2,3.0,3.0,,3.0,,3.0,3.0,3.0,3.0,3.0,2.0,3.0,3.0,3.0,3.0,3.0,3.0,3.0,2.0,3.0,3.0,3.0,3.0,3.0,3.0,3.0,3.0,3.0,3.0,3.0,3.0,3.0,3.0,3.0,3.0,3.0,3.0,3.0,3.0,3.0,3.0,3.0,3.0,3.0,3.0,3.0,3.0,3.0,2.0,2.0,3.0,3.0,3.0,3,3.0,,3.0,3.0,3.0,3.0,2.0,3.0,3.0,3.0,3.0,3.0,,3.0,3.0,3.0,3,3.0,3.0,3.0,3.0,3.0,3.0,3.0,3.0,3.0,3.0,,3.0,3.0,3.0,3,2.0,3.0,3.0,2.0,2.0,1.0,2.0,3.0,3.0,2,3,3.0,3.0,3.0,1.0,3.0,3.0,3.0,2,3.0,3.0,3.0,3.0,3.0,3.0,2,3.0,1.0,2.0,2.0,3.0,3.0,3.0,3.0,2.0,3.0,3.0,3.0,3.0,3.0,3.0,3,2.0,3.0,3.0,3.0,1.0,2.0,2.0,3.0,3.0,2.0,3.0,3.0,3,3.0,2.0,3.0,3.0,3.0,3.0,3.0,3,2.0,3.0,3.0,3.0,3.0,3.0,3.0,0.0,3.0,3.0,1,3.0,3.0,3.0,3.0,3.0,3.0,3.0,3.0,3.0,3.0,,3.0,3.0,3.0,,1.0,3.0,3.0,3.0,,3.0,3,3.0,3.0,3.0,3.0,2.0,3,3.0,3.0,2.0,2.0,2.0,3,3.0,3.0,3.0,,,3.0,3.0,3,3.0,3.0,,3.0,3.0,0.0,3.0,3.0,3.0,3.0,2,2.0,2.0,3.0,3.0,,3.0,3.0,3,3.0,3.0,3.0,,3.0,3.0,3.0,3.0,3.0,3.0,3.0,3.0,3.0,2.0,3.0,3.0,3.0,3.0,3.0,,3.0,,3.0,3.0,3.0,3.0,3.0,3.0,1.0,3.0,3.0,2.0,,3.0,3.0,1.0,3.0,3.0,3.0,3.0,3.0,2.0,3.0,3,3.0,2.0,3.0,3.0,3.0,2.0,1,3.0,3.0,3.0,3.0,3.0,3.0,3.0,2.0,3.0,3.0,3.0,3.0,3.0,3.0,3.0,3.0,3.0,,3.0,3.0,1.0,2.0,,3.0,3.0,3.0,3.0,3.0,0.0,3.0,3.0,3.0,3.0,2.0,3.0,3.0,2.0,3.0,3.0,,3.0,3.0,3.0,3.0,3.0,2.0,3.0,3.0,2.0,3.0,3.0,3.0,,,3.0,3,3.0,3.0,2.0,3.0,3.0,3.0,3.0,3.0,3.0,,,,3.0,3.0,3,2.0,2.0,3.0,3.0,3.0,,3.0,2.0,,3.0,3.0,2.0,3.0,3.0,3.0,3.0,3.0,3.0,3.0,3.0,3.0,2.0,3.0,3.0,,3.0,3.0,3.0,3.0,3.0,3.0,1.0,3.0,3.0,3.0,3.0,3.0,3.0,3.0,3.0,3,3.0,3.0,3.0,3.0,3.0,3.0,3.0,3.0,3.0,3.0,3.0,3.0,3.0,3.0,3.0,3.0,3.0,3.0,3.0,3.0,3.0,3.0,,3.0,3.0,3.0,3.0,3.0,,3.0,3.0,3.0,,3.0,3.0,3.0,,3.0,3.0,3.0,0.0,3.0,0.0,3.0,3.0,,3.0,2.0,3.0,2.0,3.0,3.0,,3.0,3.0,2.0,3.0,3.0,3.0,3.0,3.0,2.0,3.0,3,3.0,3.0,3.0,3.0,3.0,,3.0,3.0,3.0,3.0,3.0,3.0,3.0,3.0,3.0,3.0,3.0,3.0,3.0,3.0,3.0,,3.0,,3.0,3.0,3.0,3.0,3.0,3.0,1.0,3.0,2.0,,3.0,3.0,3.0,3.0,3,,,3.0,3.0,3.0,,3.0,3.0,2.0,1.0,3.0,3.0,3.0,3.0,3.0,3.0,3.0,3.0,3.0,3.0,3.0,,2.0,3.0,3.0,3.0,3.0,3.0,,3.0,3.0,1.0,3.0,3.0,3.0,2.0,3.0,3.0,3.0,3.0,2.0,2.0,3.0,3.0,3.0,2.0,3.0,3.0,3.0,3.0,3.0,3.0,,3.0,,3.0,,3.0,0.0,3.0,3.0,3.0,3.0,3.0,3.0,3.0,3.0,3.0,3.0,,3.0,3.0,3.0,3.0,3.0,3.0,1.0,3.0,3.0,3.0,,,3.0,3.0,3.0,3.0,3.0,,3.0,3.0,,33,9,0.0658682634730539,1.3138523546881629,-0.13964279850952127
3.0,3,2,3.0,3.0,3.0,2.0,0.0,2.0,3.0,3.0,3.0,2,3.0,3.0,3.0,3.0,,3.0,3.0,3.0,2.0,3.0,3.0,3.0,3.0,3.0,3.0,3.0,3.0,2.0,3.0,3.0,3.0,3.0,2.0,3.0,2.0,3.0,3.0,3.0,2.0,3.0,3.0,3.0,3.0,3.0,3.0,3.0,3.0,3.0,3.0,3.0,3.0,1.0,3.0,1.0,3.0,2.0,2.0,1.0,3.0,3.0,3.0,2.0,2.0,3,3.0,3.0,2.0,3.0,3.0,3.0,3.0,3.0,2.0,3.0,2.0,3.0,3.0,1.0,3.0,3.0,2,3.0,3.0,2.0,3.0,3.0,3.0,3.0,3.0,2.0,2.0,3.0,3.0,3.0,3.0,3,2.0,3.0,3.0,2.0,2.0,3.0,3.0,3.0,1.0,3,2,3.0,2.0,3.0,3.0,3.0,3.0,3.0,3,3.0,3.0,2.0,2.0,2.0,3.0,2,3.0,3.0,3.0,3.0,3.0,3.0,2.0,3.0,3.0,3.0,2.0,3.0,3.0,3.0,3.0,2,2.0,3.0,3.0,3.0,3.0,3.0,3.0,3.0,3.0,3.0,2.0,3.0,3,2.0,3.0,3.0,3.0,3.0,3.0,3.0,0,0.0,3.0,3.0,2.0,3.0,3.0,3.0,3.0,2.0,3.0,2,3.0,3.0,2.0,3.0,3.0,3.0,3.0,3.0,3.0,3.0,3.0,3.0,1.0,3.0,3.0,3.0,2.0,3.0,3.0,3.0,2.0,3,3.0,3.0,2.0,3.0,2.0,3,3.0,3.0,2.0,2.0,2.0,2,3.0,3.0,3.0,3.0,3.0,3.0,2.0,3,3.0,2.0,3.0,3.0,3.0,3.0,3.0,3.0,2.0,2.0,2,2.0,2.0,3.0,3.0,3.0,2.0,3.0,2,3.0,3.0,2.0,3.0,2.0,3.0,3.0,2.0,2.0,2.0,3.0,3.0,2.0,3.0,2.0,3.0,3.0,2.0,3.0,3.0,3.0,3.0,3.0,3.0,3.0,3.0,2.0,1.0,1.0,3.0,2.0,2.0,3.0,1.0,3.0,3.0,2.0,1.0,3.0,2.0,3.0,3.0,2.0,2,3.0,3.0,3.0,3.0,3.0,0.0,2,3.0,3.0,3.0,3.0,2.0,3.0,3.0,3.0,1.0,3.0,3.0,0.0,3.0,3.0,3.0,3.0,3.0,3.0,3.0,2.0,2.0,3.0,3.0,3.0,3.0,2.0,3.0,3.0,2.0,3.0,3.0,3.0,2.0,3.0,2.0,3.0,3.0,3.0,3.0,3.0,2.0,3.0,3.0,3.0,3.0,3.0,3.0,3.0,2.0,3.0,3.0,3.0,2.0,3.0,2.0,2,3.0,3.0,3.0,3.0,3.0,3.0,3.0,3.0,3.0,3.0,3.0,3.0,3.0,3.0,3,3.0,3.0,3.0,3.0,3.0,3.0,3.0,3.0,3.0,3.0,1.0,3.0,3.0,3.0,2.0,3.0,3.0,3.0,2.0,3.0,3.0,2.0,3.0,2.0,3.0,3.0,3.0,2.0,3.0,3.0,3.0,3.0,3.0,3.0,3.0,1.0,1.0,3.0,2.0,3.0,2,3.0,3.0,3.0,2.0,3.0,3.0,2.0,3.0,3.0,3.0,3.0,3.0,3.0,3.0,3.0,3.0,3.0,3.0,3.0,2.0,3.0,1.0,3.0,3.0,2.0,3.0,3.0,2.0,3.0,3.0,3.0,3.0,3.0,3.0,3.0,2.0,3.0,3.0,3.0,2.0,3.0,3.0,3.0,3.0,3.0,3.0,3.0,3.0,2.0,3.0,3.0,3.0,3.0,3.0,2.0,3.0,3.0,3.0,3.0,3.0,3.0,2.0,3.0,3,2.0,3.0,1.0,1.0,3.0,3.0,3.0,2.0,3.0,3.0,1.0,3.0,3.0,3.0,3.0,3.0,3.0,3.0,3.0,3.0,3.0,3.0,2.0,3.0,3.0,3.0,3.0,3.0,3.0,2.0,2.0,3.0,3.0,3.0,3.0,3.0,2.0,0.0,3,3.0,3.0,3.0,3.0,2.0,,3.0,2.0,3.0,3.0,3.0,3.0,3.0,3.0,3.0,3.0,2.0,3.0,3.0,3.0,3.0,3.0,3.0,2.0,3.0,3.0,3.0,3.0,3.0,3.0,3.0,3.0,3.0,3.0,3.0,3.0,3.0,3.0,3.0,3.0,3.0,3.0,3.0,3.0,3.0,2.0,1.0,3.0,3.0,3.0,3.0,,3.0,3.0,3.0,3.0,1.0,3.0,2.0,3.0,3.0,1.0,3.0,3.0,3.0,1.0,2.0,3.0,3.0,,3.0,3.0,3.0,3.0,3.0,3.0,3.0,3.0,3.0,3.0,3.0,,1.0,3.0,3.0,3.0,3.0,3.0,3.0,3.0,3.0,34,9,0.0603290676416819,1.1974873405550925,-0.2681337888595116
3.0,3,3,3.0,3.0,3.0,2.0,3.0,3.0,,3.0,3.0,2,3.0,3.0,3.0,3.0,,3.0,3.0,3.0,3.0,3.0,3.0,3.0,1.0,3.0,3.0,2.0,3.0,3.0,2.0,3.0,3.0,3.0,2.0,3.0,3.0,3.0,3.0,2.0,2.0,3.0,3.0,3.0,3.0,2.0,3.0,3.0,3.0,3.0,0.0,2.0,3.0,3.0,3.0,1.0,3.0,3.0,3.0,3.0,3.0,2.0,3.0,3.0,2.0,3,3.0,,3.0,3.0,3.0,3.0,3.0,3.0,3.0,3.0,2.0,3.0,3.0,3.0,3.0,3.0,2,3.0,3.0,2.0,3.0,3.0,,3.0,3.0,2.0,3.0,3.0,3.0,3.0,1.0,2,2.0,3.0,3.0,3.0,3.0,3.0,3.0,3.0,3.0,2,3,2.0,3.0,2.0,3.0,3.0,3.0,3.0,3,3.0,2.0,3.0,3.0,3.0,3.0,3,3.0,3.0,2.0,3.0,3.0,3.0,3.0,3.0,3.0,2.0,3.0,3.0,3.0,3.0,3.0,3,2.0,3.0,3.0,1.0,0.0,2.0,3.0,3.0,3.0,3.0,3.0,3.0,3,3.0,3.0,2.0,3.0,2.0,3.0,3.0,3,3.0,3.0,2.0,3.0,3.0,3.0,3.0,3.0,2.0,1.0,3,3.0,3.0,3.0,3.0,3.0,3.0,3.0,3.0,2.0,3.0,,1.0,3.0,3.0,3.0,1.0,3.0,0.0,3.0,,3.0,3,3.0,3.0,3.0,3.0,3.0,3,3.0,3.0,2.0,3.0,3.0,3,3.0,3.0,2.0,,,3.0,3.0,2,3.0,3.0,3.0,3.0,3.0,3.0,1.0,3.0,3.0,3.0,2,3.0,3.0,3.0,3.0,3.0,3.0,3.0,2,3.0,3.0,3.0,3.0,3.0,3.0,3.0,3.0,3.0,3.0,3.0,3.0,3.0,3.0,3.0,3.0,2.0,2.0,3.0,3.0,3.0,,3.0,3.0,3.0,3.0,3.0,3.0,3.0,3.0,2.0,3.0,,3.0,3.0,2.0,3.0,3.0,3.0,3.0,2.0,3.0,3.0,3,,3.0,3.0,3.0,3.0,3.0,2,3.0,3.0,3.0,3.0,3.0,3.0,3.0,3.0,1.0,3.0,,3.0,3.0,3.0,3.0,3.0,,3.0,3.0,3.0,3.0,2.0,3.0,3.0,2.0,3.0,3.0,,3.0,3.0,3.0,3.0,3.0,3.0,3.0,3.0,3.0,3.0,3.0,3.0,3.0,3.0,3.0,3.0,2.0,3.0,3.0,3.0,3.0,3.0,3.0,3.0,3.0,2.0,3.0,3,2.0,3.0,3.0,2.0,3.0,3.0,3.0,3.0,3.0,,,3.0,3.0,3.0,2,3.0,2.0,3.0,3.0,3.0,,3.0,2.0,3.0,3.0,3.0,3.0,0.0,3.0,3.0,3.0,3.0,3.0,3.0,3.0,3.0,3.0,3.0,3.0,,3.0,3.0,3.0,3.0,1.0,3.0,3.0,3.0,3.0,3.0,3.0,3.0,3.0,3.0,3.0,2,3.0,3.0,1.0,3.0,3.0,3.0,2.0,3.0,3.0,2.0,3.0,3.0,2.0,2.0,3.0,3.0,3.0,3.0,3.0,1.0,3.0,3.0,,3.0,3.0,3.0,2.0,3.0,3.0,1.0,3.0,,,3.0,3.0,3.0,3.0,3.0,3.0,3.0,0.0,3.0,3.0,3.0,3.0,,3.0,3.0,3.0,2.0,3.0,3.0,3.0,3.0,3.0,3.0,3.0,3.0,1.0,3.0,3.0,3.0,3.0,3,1.0,3.0,3.0,3.0,2.0,,2.0,3.0,3.0,3.0,3.0,3.0,3.0,3.0,3.0,3.0,3.0,3.0,3.0,3.0,3.0,3.0,3.0,3.0,3.0,3.0,3.0,3.0,3.0,3.0,2.0,3.0,3.0,3.0,3.0,3.0,3.0,3.0,3,3.0,,3.0,3.0,3.0,,3.0,3.0,3.0,3.0,3.0,3.0,3.0,3.0,3.0,3.0,3.0,3.0,3.0,3.0,3.0,,2.0,3.0,3.0,3.0,1.0,3.0,3.0,3.0,3.0,3.0,3.0,2.0,3.0,3.0,3.0,3.0,3.0,3.0,3.0,3.0,3.0,3.0,3.0,3.0,3.0,3.0,3.0,3.0,3.0,,3.0,3.0,,3.0,,3.0,3.0,0.0,3.0,3.0,3.0,,3.0,3.0,1.0,3.0,3.0,,2.0,3.0,3.0,3.0,3.0,3.0,,3.0,2.0,2.0,,3.0,3.0,2.0,3.0,3.0,3.0,,3.0,3.0,,35,9,0.0784313725490196,1.2643869891576314,-0.20221262549039323
3.0,3,3,3.0,3.0,3.0,3.0,3.0,3.0,,,3.0,2,3.0,,3.0,,,,,3.0,3.0,3.0,,3.0,3.0,,3.0,,3.0,3.0,3.0,3.0,1.0,,3.0,,,3.0,0.0,,3.0,3.0,,3.0,3.0,,,3.0,3.0,3.0,3.0,,,3.0,,3.0,3.0,3.0,2.0,3.0,3.0,3.0,,,3.0,3,,,3.0,,,3.0,0.0,3.0,3.0,3.0,3.0,3.0,3.0,,0.0,3.0,3,,,3.0,3.0,3.0,,3.0,3.0,3.0,3.0,3.0,3.0,,,3,3.0,3.0,3.0,,3.0,1.0,3.0,,,3,3,3.0,3.0,3.0,2.0,,,,3,3.0,3.0,3.0,,3.0,,3,3.0,3.0,,3.0,,3.0,3.0,,3.0,3.0,,3.0,3.0,,,2,3.0,,,3.0,3.0,3.0,3.0,3.0,0.0,3.0,3.0,3.0,3,3.0,2.0,,3.0,,3.0,1.0,3,3.0,3.0,,3.0,3.0,3.0,3.0,3.0,3.0,3.0,3,,3.0,,3.0,3.0,,3.0,,3.0,3.0,3.0,,,,,3.0,3.0,,3.0,,3.0,0,3.0,3.0,,,3.0,3,,2.0,3.0,3.0,3.0,3,3.0,3.0,,,,,,3,3.0,,,,3.0,,,3.0,3.0,3.0,3,3.0,2.0,3.0,3.0,3.0,3.0,3.0,3,3.0,3.0,,3.0,3.0,3.0,3.0,3.0,,2.0,,3.0,3.0,,3.0,,3.0,,3.0,,,3.0,,,3.0,,,3.0,2.0,,3.0,3.0,,1.0,,,3.0,,,3.0,3.0,,3.0,3,,,3.0,,,3.0,3,1.0,,3.0,,3.0,,,3.0,,3.0,,,3.0,,2.0,3.0,,3.0,3.0,3.0,3.0,3.0,,,3.0,,2.0,,3.0,3.0,3.0,3.0,3.0,3.0,3.0,3.0,,3.0,,,2.0,3.0,,,3.0,3.0,3.0,,3.0,3.0,1.0,,3.0,3.0,,2,3.0,3.0,3.0,,,3.0,,3.0,,,3.0,,,3.0,3,2.0,3.0,,,3.0,,2.0,3.0,,,3.0,2.0,3.0,3.0,,3.0,,,,3.0,,,,3.0,,2.0,3.0,,,,3.0,3.0,3.0,3.0,,3.0,3.0,3.0,3.0,3.0,3,,,3.0,,3.0,3.0,3.0,,,3.0,3.0,3.0,3.0,,,,2.0,,3.0,,3.0,,,3.0,,,3.0,,,,,0.0,,3.0,,,,,3.0,3.0,,3.0,,3.0,3.0,,2.0,3.0,1.0,3.0,,3.0,,3.0,3.0,3.0,3.0,3.0,,3.0,3.0,3.0,,3,3.0,3.0,3.0,3.0,3.0,,3.0,3.0,3.0,,,3.0,1.0,3.0,3.0,,3.0,3.0,3.0,3.0,3.0,,3.0,,3.0,3.0,3.0,,3.0,3.0,,3.0,3.0,,3.0,,3.0,3.0,3,,3.0,3.0,3.0,3.0,,2.0,,,3.0,2.0,3.0,3.0,3.0,3.0,,3.0,3.0,3.0,3.0,1.0,,3.0,3.0,3.0,2.0,,,,3.0,2.0,3.0,3.0,,3.0,3.0,,,,,,3.0,,,,3.0,3.0,3.0,3.0,,1.0,,,3.0,,3.0,,3.0,3.0,3.0,3.0,3.0,,,,,,,3.0,,,,,,3.0,,,3.0,3.0,,,,,,,2.0,,,3.0,3.0,,36,9,0.1257861635220125,1.5320628380118466,0.06576832261133514
3.0,3,3,3.0,3.0,2.0,3.0,3.0,3.0,,,3.0,3,3.0,,3.0,3.0,,3.0,3.0,,3.0,3.0,,3.0,3.0,,3.0,3.0,,3.0,3.0,2.0,3.0,,3.0,2.0,3.0,,3.0,3.0,3.0,3.0,3.0,3.0,3.0,3.0,3.0,3.0,3.0,1.0,,3.0,3.0,,3.0,3.0,3.0,3.0,3.0,3.0,,1.0,3.0,3.0,3.0,3,3.0,,3.0,2.0,,3.0,3.0,2.0,3.0,3.0,3.0,3.0,,3.0,3.0,3.0,3,,3.0,3.0,3.0,2.0,,3.0,3.0,3.0,3.0,3.0,3.0,3.0,3.0,3,3.0,3.0,3.0,,2.0,3.0,3.0,,,3,1,3.0,2.0,3.0,3.0,3.0,3.0,,3,,1.0,,3.0,3.0,3.0,3,3.0,3.0,3.0,3.0,3.0,3.0,,3.0,3.0,3.0,,3.0,3.0,3.0,2.0,3,3.0,,,,,3.0,3.0,1.0,,3.0,3.0,3.0,3,3.0,3.0,3.0,,3.0,,3.0,3,3.0,3.0,3.0,3.0,,3.0,3.0,3.0,3.0,3.0,3,3.0,3.0,3.0,3.0,3.0,3.0,2.0,,3.0,1.0,,3.0,,2.0,,3.0,3.0,,3.0,,2.0,3,3.0,3.0,1.0,3.0,,3,3.0,3.0,3.0,3.0,3.0,3,,3.0,3.0,,,3.0,3.0,3,1.0,3.0,,3.0,2.0,3.0,3.0,3.0,3.0,3.0,3,2.0,3.0,3.0,3.0,,,3.0,3,3.0,,2.0,,3.0,3.0,3.0,3.0,3.0,3.0,3.0,,3.0,3.0,3.0,,,3.0,3.0,,3.0,,,,3.0,,,3.0,3.0,0.0,3.0,3.0,,3.0,3.0,3.0,,3.0,3.0,,3.0,3.0,3.0,2,,,3.0,,3.0,3.0,2,,,3.0,3.0,3.0,3.0,3.0,3.0,,3.0,,3.0,3.0,3.0,,,,,0.0,3.0,,3.0,,3.0,3.0,,3.0,,3.0,3.0,3.0,3.0,3.0,3.0,2.0,3.0,3.0,3.0,3.0,3.0,3.0,3.0,3.0,,,3.0,3.0,2.0,2.0,,,3.0,0.0,3.0,2.0,3,3.0,3.0,3.0,3.0,3.0,3.0,,,3.0,,,3.0,0.0,3.0,3,3.0,2.0,,3.0,,2.0,3.0,3.0,,3.0,3.0,3.0,3.0,,,3.0,3.0,3.0,3.0,3.0,,,3.0,3.0,,3.0,3.0,,0.0,3.0,3.0,3.0,3.0,3.0,3.0,3.0,3.0,3.0,3.0,,3,3.0,3.0,3.0,3.0,3.0,3.0,3.0,3.0,3.0,3.0,3.0,,3.0,3.0,3.0,3.0,,,3.0,3.0,2.0,,,3.0,,,3.0,1.0,,2.0,,,,3.0,,3.0,3.0,3.0,3.0,,3.0,3.0,3.0,,3.0,,,3.0,3.0,2.0,3.0,,,3.0,3.0,3.0,,,,3.0,3.0,3.0,3.0,3,3.0,3.0,3.0,,3.0,,3.0,3.0,3.0,3.0,,3.0,,3.0,3.0,3.0,3.0,3.0,3.0,3.0,,,3.0,,3.0,3.0,,,,3.0,3.0,3.0,3.0,,3.0,,3.0,3.0,3,,,3.0,3.0,3.0,,,3.0,3.0,3.0,,,3.0,,3.0,,3.0,2.0,3.0,3.0,3.0,,,3.0,3.0,3.0,,3.0,,,,3.0,3.0,,2.0,3.0,,,3.0,3.0,3.0,,3.0,,3.0,3.0,,,,3.0,,,2.0,0.0,,3.0,,2.0,,3.0,3.0,,3.0,,3.0,,,,3.0,,3.0,2.0,,3.0,3.0,3.0,,3.0,3.0,3.0,,,,,,1.0,,,3.0,,,37,9,0.104,1.4631751227495908,0.051323948277036076
3.0,3,3,3.0,3.0,3.0,3.0,3.0,3.0,3.0,3.0,3.0,2,3.0,3.0,3.0,3.0,,3.0,3.0,3.0,3.0,3.0,3.0,3.0,3.0,3.0,3.0,3.0,3.0,2.0,2.0,3.0,3.0,3.0,3.0,3.0,3.0,3.0,3.0,3.0,3.0,3.0,2.0,3.0,2.0,3.0,3.0,3.0,3.0,3.0,1.0,2.0,3.0,3.0,3.0,3.0,3.0,3.0,3.0,3.0,3.0,1.0,3.0,3.0,3.0,3,3.0,,3.0,3.0,3.0,3.0,3.0,3.0,3.0,3.0,3.0,2.0,3.0,3.0,3.0,3.0,3,3.0,3.0,3.0,3.0,3.0,3.0,3.0,3.0,3.0,3.0,3.0,2.0,3.0,2.0,3,0.0,3.0,1.0,3.0,2.0,3.0,3.0,3.0,,3,3,3.0,3.0,3.0,3.0,3.0,2.0,3.0,3,3.0,2.0,3.0,0.0,3.0,3.0,1,2.0,3.0,3.0,3.0,3.0,3.0,2.0,3.0,3.0,3.0,3.0,1.0,1.0,3.0,3.0,3,3.0,3.0,3.0,3.0,3.0,3.0,2.0,3.0,3.0,3.0,3.0,3.0,3,3.0,3.0,3.0,2.0,2.0,3.0,3.0,3,3.0,3.0,3.0,3.0,3.0,3.0,3.0,3.0,3.0,3.0,3,3.0,3.0,3.0,3.0,1.0,3.0,3.0,3.0,3.0,3.0,,3.0,,2.0,3.0,2.0,3.0,3.0,3.0,3.0,2.0,3,3.0,3.0,3.0,,3.0,3,3.0,3.0,3.0,3.0,2.0,3,3.0,3.0,3.0,,3.0,3.0,3.0,3,1.0,3.0,3.0,2.0,3.0,3.0,3.0,3.0,3.0,3.0,3,3.0,3.0,3.0,3.0,3.0,3.0,3.0,3,3.0,3.0,3.0,3.0,3.0,3.0,3.0,3.0,3.0,3.0,3.0,2.0,3.0,2.0,3.0,,3.0,3.0,3.0,3.0,3.0,3.0,2.0,3.0,3.0,3.0,2.0,3.0,0.0,3.0,2.0,3.0,3.0,3.0,3.0,3.0,3.0,3.0,2.0,3.0,3.0,3.0,1.0,2,3.0,3.0,2.0,,3.0,3.0,3,3.0,3.0,3.0,3.0,3.0,3.0,3.0,3.0,3.0,3.0,3.0,3.0,2.0,3.0,2.0,2.0,3.0,3.0,3.0,3.0,3.0,3.0,3.0,2.0,3.0,3.0,1.0,3.0,3.0,3.0,3.0,3.0,3.0,3.0,2.0,3.0,3.0,2.0,2.0,0.0,3.0,3.0,3.0,3.0,2.0,2.0,3.0,3.0,3.0,3.0,3.0,3.0,3.0,1.0,3.0,3,3.0,3.0,3.0,3.0,3.0,3.0,,3.0,0.0,3.0,3.0,3.0,3.0,3.0,3,2.0,3.0,3.0,3.0,,,3.0,3.0,3.0,3.0,3.0,2.0,3.0,3.0,,3.0,3.0,2.0,3.0,3.0,3.0,1.0,2.0,3.0,3.0,3.0,3.0,3.0,2.0,2.0,3.0,3.0,3.0,3.0,2.0,3.0,3.0,3.0,3.0,3.0,3,3.0,3.0,3.0,3.0,3.0,3.0,3.0,3.0,3.0,2.0,3.0,3.0,3.0,3.0,3.0,3.0,,3.0,3.0,3.0,3.0,3.0,,3.0,3.0,3.0,3.0,3.0,3.0,2.0,3.0,2.0,,3.0,3.0,3.0,,3.0,3.0,3.0,3.0,3.0,3.0,3.0,3.0,3.0,3.0,3.0,3.0,3.0,3.0,3.0,,3.0,3.0,3.0,3.0,3.0,3.0,3.0,3.0,3.0,3.0,3,3.0,3.0,3.0,3.0,3.0,,3.0,3.0,3.0,3.0,,3.0,3.0,3.0,3.0,3.0,3.0,3.0,3.0,3.0,3.0,3.0,3.0,,3.0,3.0,3.0,3.0,3.0,3.0,3.0,3.0,3.0,3.0,3.0,3.0,3.0,3.0,3,3.0,3.0,3.0,3.0,2.0,,,3.0,3.0,3.0,3.0,2.0,3.0,3.0,3.0,3.0,3.0,3.0,3.0,3.0,3.0,3.0,1.0,3.0,3.0,3.0,3.0,3.0,,1.0,3.0,3.0,3.0,3.0,3.0,3.0,3.0,3.0,3.0,3.0,3.0,3.0,3.0,3.0,3.0,0.0,3.0,3.0,3.0,3.0,3.0,3.0,3.0,3.0,,3.0,3.0,3.0,2.0,3.0,2.0,3.0,3.0,3.0,3.0,3.0,3.0,3.0,,,3.0,3.0,,3.0,2.0,3.0,1.0,3.0,1.0,3.0,,,3.0,3.0,3.0,3.0,2.0,2.0,2.0,3.0,,38,9,0.0778210116731517,1.3256138093706444,-0.08554656876628218
3.0,2,3,2.0,3.0,3.0,3.0,3.0,0.0,3.0,3.0,3.0,2,3.0,3.0,3.0,2.0,3.0,3.0,3.0,3.0,3.0,3.0,3.0,3.0,3.0,2.0,3.0,3.0,3.0,2.0,3.0,3.0,3.0,3.0,3.0,3.0,3.0,2.0,3.0,3.0,3.0,3.0,3.0,2.0,3.0,2.0,3.0,1.0,3.0,3.0,3.0,3.0,3.0,3.0,3.0,3.0,3.0,2.0,3.0,2.0,3.0,1.0,3.0,3.0,2.0,3,3.0,3.0,3.0,3.0,3.0,2.0,3.0,3.0,3.0,3.0,3.0,3.0,3.0,3.0,3.0,2.0,2,3.0,2.0,2.0,2.0,3.0,3.0,3.0,3.0,2.0,2.0,3.0,3.0,3.0,3.0,3,3.0,2.0,3.0,2.0,3.0,1.0,2.0,2.0,3.0,2,3,3.0,2.0,3.0,3.0,3.0,3.0,3.0,2,3.0,3.0,1.0,3.0,3.0,3.0,2,3.0,3.0,3.0,3.0,3.0,3.0,3.0,3.0,3.0,3.0,2.0,2.0,3.0,3.0,3.0,2,2.0,3.0,3.0,3.0,3.0,3.0,1.0,3.0,3.0,3.0,3.0,2.0,2,3.0,3.0,3.0,3.0,2.0,3.0,3.0,2,2.0,1.0,3.0,3.0,3.0,3.0,3.0,3.0,2.0,3.0,3,3.0,3.0,2.0,2.0,3.0,3.0,0.0,3.0,3.0,3.0,3.0,3.0,3.0,3.0,3.0,3.0,3.0,3.0,3.0,2.0,2.0,3,3.0,3.0,3.0,3.0,3.0,3,3.0,3.0,3.0,3.0,2.0,3,3.0,1.0,3.0,3.0,3.0,3.0,3.0,3,3.0,3.0,3.0,3.0,3.0,3.0,2.0,3.0,3.0,3.0,3,3.0,3.0,3.0,2.0,3.0,3.0,2.0,2,3.0,3.0,1.0,3.0,2.0,2.0,3.0,3.0,2.0,2.0,3.0,3.0,3.0,3.0,3.0,3.0,3.0,3.0,3.0,3.0,3.0,3.0,3.0,3.0,3.0,3.0,3.0,2.0,2.0,3.0,1.0,2.0,3.0,3.0,3.0,1.0,3.0,3.0,3.0,3.0,2.0,2.0,3.0,3,3.0,3.0,3.0,3.0,3.0,3.0,2,3.0,3.0,2.0,3.0,3.0,3.0,3.0,0.0,3.0,3.0,3.0,3.0,3.0,3.0,3.0,3.0,3.0,2.0,3.0,3.0,3.0,3.0,3.0,3.0,3.0,3.0,3.0,3.0,3.0,3.0,3.0,2.0,3.0,3.0,3.0,3.0,3.0,3.0,2.0,3.0,2.0,3.0,3.0,1.0,3.0,3.0,1.0,1.0,3.0,3.0,3.0,3.0,2.0,3.0,3.0,3,2.0,2.0,3.0,3.0,2.0,3.0,1.0,3.0,3.0,3.0,3.0,3.0,3.0,3.0,3,2.0,3.0,3.0,3.0,3.0,3.0,3.0,3.0,0.0,3.0,3.0,2.0,2.0,3.0,3.0,3.0,3.0,3.0,3.0,3.0,3.0,3.0,3.0,3.0,3.0,3.0,3.0,3.0,3.0,3.0,3.0,3.0,3.0,3.0,3.0,2.0,3.0,2.0,1.0,3.0,3,3.0,3.0,3.0,3.0,3.0,3.0,2.0,3.0,3.0,2.0,3.0,3.0,1.0,1.0,3.0,3.0,3.0,3.0,3.0,3.0,3.0,3.0,3.0,3.0,3.0,3.0,3.0,3.0,3.0,3.0,3.0,3.0,0.0,3.0,3.0,3.0,3.0,3.0,3.0,2.0,3.0,3.0,3.0,3.0,3.0,,1.0,3.0,3.0,3.0,3.0,3.0,3.0,3.0,3.0,3.0,3.0,2.0,3.0,3.0,3.0,2.0,3.0,2,3.0,2.0,2.0,3.0,3.0,,3.0,3.0,3.0,3.0,1.0,3.0,3.0,3.0,2.0,3.0,2.0,3.0,3.0,3.0,2.0,3.0,3.0,3.0,3.0,3.0,3.0,3.0,3.0,3.0,3.0,2.0,2.0,3.0,3.0,1.0,2.0,2.0,3,3.0,3.0,3.0,3.0,3.0,,3.0,3.0,2.0,2.0,3.0,3.0,3.0,3.0,3.0,3.0,3.0,2.0,3.0,3.0,3.0,3.0,3.0,3.0,2.0,3.0,3.0,3.0,3.0,3.0,3.0,3.0,3.0,3.0,3.0,3.0,3.0,3.0,3.0,3.0,3.0,3.0,3.0,3.0,3.0,3.0,3.0,3.0,2.0,3.0,3.0,3.0,3.0,3.0,,3.0,3.0,3.0,3.0,3.0,3.0,3.0,3.0,3.0,3.0,3.0,3.0,3.0,2.0,3.0,3.0,3.0,3.0,3.0,3.0,3.0,3.0,2.0,3.0,3.0,,,3.0,3.0,0.0,3.0,3.0,3.0,3.0,3.0,2.0,39,9,0.0662983425414364,1.2092690602202831,-0.2890070184479788
3.0,3,3,3.0,3.0,1.0,3.0,3.0,2.0,3.0,3.0,3.0,0,3.0,3.0,3.0,3.0,,2.0,3.0,3.0,3.0,2.0,3.0,1.0,3.0,3.0,3.0,3.0,3.0,3.0,3.0,3.0,2.0,1.0,2.0,3.0,3.0,3.0,3.0,3.0,3.0,3.0,3.0,2.0,3.0,2.0,2.0,3.0,2.0,3.0,0.0,2.0,3.0,3.0,3.0,3.0,3.0,3.0,3.0,3.0,3.0,3.0,3.0,3.0,3.0,3,3.0,3.0,3.0,3.0,3.0,3.0,3.0,2.0,3.0,3.0,2.0,3.0,3.0,3.0,3.0,3.0,2,3.0,3.0,3.0,3.0,3.0,,3.0,3.0,3.0,3.0,3.0,2.0,3.0,3.0,3,2.0,2.0,3.0,3.0,3.0,3.0,3.0,3.0,3.0,2,3,3.0,2.0,3.0,3.0,3.0,3.0,3.0,3,3.0,3.0,3.0,3.0,3.0,3.0,3,3.0,3.0,3.0,3.0,3.0,3.0,3.0,3.0,1.0,3.0,3.0,3.0,2.0,3.0,3.0,3,0.0,3.0,2.0,3.0,3.0,3.0,3.0,3.0,3.0,3.0,3.0,3.0,2,3.0,3.0,3.0,3.0,2.0,3.0,3.0,2,3.0,2.0,3.0,3.0,3.0,3.0,3.0,2.0,2.0,3.0,2,3.0,3.0,3.0,3.0,1.0,3.0,3.0,1.0,2.0,3.0,2.0,3.0,3.0,3.0,3.0,2.0,3.0,3.0,3.0,3.0,3.0,2,1.0,3.0,3.0,3.0,3.0,3,3.0,3.0,3.0,3.0,3.0,3,2.0,3.0,3.0,3.0,3.0,3.0,2.0,2,3.0,3.0,3.0,2.0,3.0,3.0,3.0,3.0,3.0,3.0,2,2.0,2.0,3.0,2.0,3.0,3.0,3.0,3,3.0,2.0,3.0,3.0,2.0,3.0,3.0,3.0,3.0,3.0,2.0,2.0,3.0,2.0,1.0,3.0,3.0,2.0,3.0,3.0,3.0,3.0,3.0,2.0,3.0,3.0,2.0,2.0,3.0,3.0,3.0,2.0,3.0,3.0,3.0,3.0,3.0,3.0,3.0,3.0,2.0,3.0,3.0,3,3.0,3.0,3.0,3.0,2.0,3.0,3,3.0,3.0,2.0,0.0,3.0,3.0,3.0,3.0,0.0,3.0,3.0,2.0,3.0,3.0,3.0,3.0,3.0,3.0,3.0,1.0,3.0,3.0,3.0,3.0,3.0,1.0,3.0,3.0,3.0,2.0,3.0,3.0,2.0,3.0,3.0,3.0,3.0,3.0,3.0,3.0,3.0,3.0,3.0,3.0,3.0,3.0,3.0,3.0,2.0,3.0,3.0,2.0,3.0,3.0,3.0,2,2.0,2.0,3.0,2.0,3.0,3.0,3.0,3.0,3.0,3.0,3.0,3.0,3.0,3.0,2,2.0,3.0,2.0,3.0,3.0,3.0,3.0,1.0,3.0,3.0,2.0,3.0,3.0,3.0,3.0,2.0,3.0,3.0,3.0,3.0,3.0,3.0,3.0,3.0,3.0,3.0,3.0,3.0,3.0,3.0,3.0,3.0,3.0,2.0,3.0,2.0,1.0,3.0,1.0,3.0,2,3.0,3.0,3.0,3.0,3.0,3.0,3.0,3.0,3.0,3.0,3.0,2.0,3.0,2.0,2.0,3.0,3.0,3.0,3.0,2.0,3.0,3.0,3.0,3.0,3.0,3.0,3.0,3.0,3.0,3.0,3.0,3.0,,3.0,3.0,3.0,3.0,1.0,3.0,3.0,3.0,3.0,3.0,3.0,2.0,,3.0,3.0,3.0,3.0,3.0,3.0,3.0,3.0,3.0,3.0,3.0,3.0,3.0,2.0,3.0,3.0,3.0,2,2.0,3.0,3.0,3.0,3.0,,3.0,3.0,3.0,3.0,3.0,2.0,3.0,3.0,3.0,3.0,3.0,3.0,3.0,3.0,3.0,3.0,3.0,3.0,3.0,3.0,2.0,3.0,3.0,3.0,3.0,3.0,3.0,3.0,3.0,2.0,3.0,3.0,3,3.0,3.0,3.0,3.0,3.0,,3.0,3.0,2.0,3.0,3.0,3.0,3.0,3.0,2.0,0.0,3.0,3.0,3.0,3.0,1.0,3.0,3.0,3.0,3.0,3.0,3.0,3.0,3.0,3.0,3.0,3.0,3.0,3.0,1.0,3.0,3.0,3.0,3.0,3.0,3.0,3.0,3.0,1.0,3.0,2.0,2.0,3.0,3.0,3.0,3.0,,3.0,3.0,3.0,3.0,3.0,3.0,3.0,3.0,3.0,3.0,3.0,3.0,3.0,3.0,1.0,3.0,3.0,,3.0,3.0,3.0,1.0,3.0,3.0,,3.0,3.0,3.0,,,3.0,3.0,3.0,3.0,3.0,3.0,3.0,3.0,,40,9,0.0690298507462686,1.2384142067139188,-0.22219129690635242
3.0,2,2,3.0,3.0,2.0,2.0,3.0,2.0,2.0,1.0,3.0,2,3.0,3.0,2.0,3.0,,1.0,2.0,3.0,3.0,2.0,3.0,3.0,3.0,3.0,3.0,3.0,3.0,3.0,3.0,2.0,2.0,3.0,3.0,1.0,3.0,3.0,1.0,3.0,3.0,2.0,3.0,1.0,2.0,3.0,3.0,3.0,3.0,2.0,3.0,2.0,3.0,3.0,2.0,3.0,3.0,2.0,2.0,3.0,3.0,3.0,3.0,3.0,2.0,2,3.0,3.0,3.0,3.0,3.0,2.0,2.0,3.0,3.0,3.0,2.0,2.0,3.0,3.0,2.0,3.0,3,2.0,2.0,3.0,2.0,2.0,3.0,3.0,1.0,3.0,3.0,3.0,2.0,3.0,3.0,2,3.0,3.0,3.0,3.0,3.0,3.0,3.0,3.0,3.0,3,2,1.0,3.0,3.0,3.0,3.0,3.0,3.0,2,3.0,3.0,3.0,3.0,3.0,3.0,3,3.0,3.0,3.0,1.0,3.0,3.0,3.0,3.0,2.0,3.0,3.0,3.0,3.0,3.0,3.0,2,3.0,3.0,3.0,3.0,2.0,3.0,2.0,3.0,3.0,3.0,3.0,2.0,2,3.0,3.0,3.0,3.0,3.0,3.0,3.0,3,3.0,3.0,3.0,3.0,3.0,3.0,3.0,3.0,3.0,3.0,1,3.0,3.0,3.0,2.0,3.0,3.0,3.0,3.0,3.0,3.0,3.0,3.0,3.0,3.0,3.0,3.0,3.0,3.0,3.0,3.0,3.0,3,3.0,2.0,3.0,1.0,3.0,2,3.0,3.0,2.0,3.0,2.0,2,3.0,2.0,3.0,3.0,2.0,2.0,2.0,2,2.0,2.0,2.0,1.0,0.0,2.0,3.0,2.0,3.0,3.0,2,3.0,2.0,2.0,2.0,3.0,3.0,3.0,2,2.0,2.0,2.0,3.0,2.0,2.0,3.0,2.0,3.0,3.0,3.0,3.0,2.0,3.0,3.0,3.0,3.0,3.0,3.0,3.0,3.0,3.0,3.0,3.0,3.0,3.0,3.0,1.0,3.0,2.0,2.0,3.0,3.0,2.0,3.0,3.0,2.0,3.0,3.0,3.0,3.0,2.0,3.0,3,1.0,3.0,3.0,3.0,2.0,3.0,2,3.0,3.0,2.0,3.0,3.0,3.0,3.0,3.0,3.0,2.0,3.0,2.0,3.0,3.0,3.0,3.0,3.0,3.0,3.0,3.0,2.0,3.0,3.0,3.0,2.0,3.0,3.0,3.0,2.0,2.0,1.0,2.0,2.0,3.0,2.0,3.0,3.0,3.0,3.0,2.0,2.0,3.0,3.0,3.0,3.0,3.0,3.0,3.0,3.0,3.0,3.0,3.0,2.0,3.0,3.0,2,3.0,3.0,3.0,0.0,3.0,1.0,1.0,3.0,3.0,3.0,3.0,3.0,3.0,2.0,3,3.0,2.0,3.0,3.0,3.0,3.0,3.0,2.0,3.0,3.0,3.0,3.0,3.0,3.0,3.0,3.0,0.0,3.0,3.0,3.0,2.0,3.0,2.0,3.0,3.0,1.0,3.0,3.0,3.0,3.0,2.0,3.0,3.0,3.0,3.0,3.0,3.0,3.0,3.0,3.0,2,2.0,1.0,3.0,2.0,3.0,2.0,2.0,3.0,3.0,3.0,3.0,3.0,3.0,3.0,3.0,3.0,1.0,3.0,3.0,3.0,3.0,3.0,3.0,3.0,3.0,3.0,3.0,3.0,3.0,3.0,3.0,3.0,3.0,2.0,3.0,2.0,3.0,3.0,3.0,3.0,3.0,3.0,3.0,3.0,2.0,,3.0,3.0,2.0,3.0,3.0,2.0,3.0,3.0,3.0,3.0,3.0,2.0,3.0,3.0,1.0,2.0,3.0,2,3.0,1.0,3.0,3.0,3.0,,2.0,3.0,2.0,3.0,3.0,3.0,3.0,3.0,3.0,3.0,3.0,3.0,2.0,2.0,3.0,3.0,1.0,3.0,3.0,3.0,3.0,3.0,3.0,3.0,3.0,3.0,3.0,3.0,2.0,3.0,3.0,2.0,3,3.0,3.0,3.0,3.0,2.0,3.0,2.0,3.0,3.0,3.0,3.0,3.0,2.0,3.0,3.0,3.0,3.0,2.0,3.0,3.0,2.0,3.0,3.0,2.0,3.0,2.0,3.0,3.0,3.0,3.0,3.0,3.0,2.0,3.0,3.0,3.0,3.0,3.0,3.0,3.0,3.0,3.0,3.0,2.0,2.0,2.0,2.0,3.0,3.0,3.0,3.0,,3.0,3.0,3.0,0.0,3.0,3.0,3.0,3.0,3.0,3.0,3.0,3.0,3.0,3.0,3.0,0.0,3.0,,3.0,3.0,3.0,3.0,3.0,2.0,3.0,3.0,3.0,3.0,3.0,,2.0,3.0,0.0,3.0,3.0,3.0,3.0,3.0,,41,9,0.0885122410546139,1.1810704493980213,-0.34954439874587223
3.0,3,3,3.0,3.0,3.0,3.0,,3.0,3.0,3.0,3.0,3,3.0,,3.0,,3.0,2.0,,3.0,,3.0,3.0,,3.0,3.0,3.0,3.0,,0.0,3.0,2.0,3.0,3.0,3.0,3.0,3.0,3.0,3.0,2.0,1.0,3.0,3.0,3.0,3.0,3.0,1.0,3.0,2.0,3.0,3.0,3.0,3.0,2.0,3.0,3.0,3.0,3.0,3.0,3.0,3.0,3.0,3.0,3.0,2.0,3,3.0,,3.0,3.0,3.0,3.0,3.0,3.0,2.0,3.0,3.0,3.0,,3.0,3.0,3.0,3,3.0,,3.0,,3.0,,3.0,3.0,2.0,3.0,3.0,3.0,3.0,,3,3.0,3.0,3.0,3.0,2.0,3.0,3.0,,,3,3,3.0,3.0,3.0,,3.0,3.0,,3,3.0,3.0,3.0,3.0,3.0,,3,3.0,3.0,3.0,3.0,2.0,3.0,,3.0,,3.0,3.0,3.0,3.0,3.0,,3,3.0,3.0,3.0,,3.0,3.0,3.0,3.0,3.0,3.0,3.0,3.0,3,3.0,,3.0,3.0,3.0,3.0,3.0,3,3.0,2.0,3.0,0.0,,3.0,3.0,3.0,3.0,3.0,3,3.0,3.0,3.0,3.0,3.0,3.0,3.0,,3.0,3.0,,2.0,,2.0,3.0,3.0,3.0,1.0,3.0,3.0,3.0,3,0.0,3.0,3.0,,3.0,2,3.0,3.0,2.0,3.0,3.0,2,3.0,3.0,3.0,3.0,,3.0,3.0,2,3.0,3.0,3.0,3.0,3.0,3.0,3.0,3.0,3.0,3.0,3,2.0,2.0,3.0,1.0,3.0,1.0,,3,3.0,3.0,3.0,3.0,3.0,3.0,3.0,3.0,3.0,3.0,3.0,3.0,3.0,3.0,3.0,3.0,3.0,3.0,,3.0,2.0,2.0,2.0,3.0,,3.0,3.0,3.0,2.0,3.0,2.0,3.0,,3.0,3.0,3.0,3.0,3.0,3.0,3.0,3.0,2.0,2.0,2,3.0,,3.0,,3.0,3.0,3,3.0,,3.0,3.0,3.0,,3.0,3.0,3.0,3.0,3.0,3.0,3.0,2.0,3.0,3.0,,3.0,3.0,3.0,3.0,3.0,,3.0,3.0,3.0,3.0,,3.0,3.0,3.0,3.0,3.0,2.0,3.0,3.0,3.0,2.0,2.0,3.0,3.0,,3.0,3.0,3.0,,3.0,3.0,3.0,3.0,3.0,3.0,3.0,3.0,3.0,3,3.0,3.0,3.0,3.0,1.0,2.0,2.0,2.0,3.0,,3.0,3.0,3.0,3.0,3,3.0,3.0,,3.0,,,3.0,3.0,3.0,,2.0,3.0,3.0,3.0,3.0,3.0,3.0,3.0,3.0,3.0,3.0,3.0,3.0,3.0,3.0,,3.0,3.0,,3.0,3.0,3.0,3.0,3.0,3.0,3.0,3.0,1.0,3.0,3.0,3,3.0,3.0,3.0,1.0,3.0,3.0,3.0,3.0,3.0,3.0,3.0,,,3.0,,3.0,3.0,3.0,3.0,3.0,,1.0,,3.0,3.0,,3.0,3.0,,3.0,3.0,3.0,,3.0,,3.0,3.0,3.0,3.0,3.0,3.0,2.0,,3.0,3.0,,,3.0,3.0,3.0,,3.0,,3.0,,3.0,0.0,3.0,3.0,3.0,3.0,3.0,,3,3.0,3.0,3.0,3.0,3.0,,3.0,3.0,3.0,3.0,3.0,3.0,3.0,,3.0,3.0,,,3.0,3.0,3.0,,3.0,,3.0,,3.0,,,3.0,1.0,3.0,3.0,3.0,3.0,3.0,3.0,2.0,3,2.0,,3.0,3.0,3.0,0.0,3.0,3.0,,3.0,3.0,3.0,3.0,,,3.0,3.0,3.0,3.0,3.0,3.0,,3.0,,,3.0,3.0,,,,3.0,3.0,3.0,3.0,,1.0,,,3.0,,,3.0,3.0,3.0,2.0,3.0,3.0,3.0,3.0,3.0,,,3.0,3.0,,3.0,3.0,3.0,3.0,,3.0,,3.0,3.0,3.0,,,,,,1.0,,,,3.0,3.0,,3.0,3.0,3.0,,,,,3.0,3.0,0.0,3.0,3.0,3.0,1.0,42,9,0.0938215102974828,1.3652732112102708,-0.0014847112918528792
3.0,3,3,3.0,3.0,3.0,3.0,3.0,3.0,,3.0,3.0,2,3.0,3.0,,3.0,,,,3.0,,3.0,3.0,3.0,3.0,3.0,3.0,3.0,3.0,1.0,3.0,3.0,3.0,,3.0,2.0,3.0,3.0,2.0,3.0,3.0,3.0,,3.0,3.0,2.0,3.0,3.0,1.0,3.0,3.0,3.0,3.0,,,,3.0,3.0,3.0,3.0,3.0,3.0,3.0,3.0,2.0,3,3.0,,3.0,,,3.0,3.0,3.0,3.0,3.0,3.0,3.0,2.0,3.0,3.0,2.0,3,,3.0,3.0,3.0,3.0,,3.0,3.0,3.0,3.0,,3.0,3.0,3.0,3,3.0,3.0,,3.0,3.0,3.0,3.0,,,3,3,3.0,,,3.0,2.0,3.0,,3,,3.0,,3.0,3.0,,3,3.0,,3.0,3.0,3.0,3.0,,3.0,3.0,,3.0,2.0,3.0,,,3,3.0,3.0,3.0,1.0,3.0,3.0,3.0,3.0,,3.0,3.0,3.0,3,3.0,3.0,3.0,3.0,3.0,3.0,3.0,3,3.0,3.0,3.0,3.0,3.0,3.0,,3.0,2.0,3.0,3,3.0,3.0,,3.0,3.0,3.0,3.0,,3.0,3.0,3.0,3.0,,,3.0,3.0,3.0,,1.0,,3.0,3,1.0,,3.0,,3.0,3,2.0,3.0,3.0,3.0,3.0,3,1.0,3.0,3.0,,,3.0,3.0,3,3.0,3.0,3.0,3.0,3.0,3.0,3.0,,3.0,3.0,3,2.0,3.0,3.0,2.0,,3.0,,3,2.0,3.0,3.0,,3.0,3.0,,3.0,3.0,3.0,,3.0,3.0,3.0,3.0,3.0,3.0,3.0,,,3.0,,,3.0,3.0,3.0,0.0,3.0,,,3.0,3.0,3.0,3.0,,3.0,3.0,3.0,2.0,,2.0,3.0,3.0,3,,,3.0,,3.0,,3,3.0,,3.0,3.0,3.0,3.0,3.0,,3.0,3.0,,3.0,3.0,3.0,,3.0,3.0,3.0,2.0,3.0,0.0,2.0,,,3.0,,,,3.0,3.0,3.0,3.0,3.0,3.0,3.0,3.0,3.0,3.0,3.0,,3.0,,3.0,3.0,3.0,2.0,3.0,3.0,3.0,3.0,3.0,3.0,3.0,3.0,3.0,3,3.0,3.0,3.0,3.0,,3.0,2.0,3.0,2.0,,,,3.0,3.0,3,3.0,,,3.0,,,3.0,2.0,3.0,3.0,1.0,3.0,3.0,3.0,,3.0,3.0,3.0,3.0,3.0,3.0,3.0,3.0,,3.0,3.0,3.0,,3.0,3.0,3.0,3.0,3.0,3.0,3.0,0.0,3.0,3.0,3.0,3.0,3,3.0,3.0,3.0,3.0,3.0,3.0,3.0,3.0,3.0,2.0,2.0,3.0,3.0,,3.0,1.0,3.0,,3.0,3.0,3.0,3.0,,3.0,,3.0,3.0,3.0,2.0,2.0,,,,3.0,,2.0,3.0,3.0,3.0,3.0,3.0,2.0,,3.0,3.0,,,3.0,3.0,3.0,,3.0,,3.0,,1.0,,3.0,2.0,3.0,3.0,3.0,,0,3.0,,2.0,3.0,3.0,0.0,3.0,3.0,,3.0,,3.0,,,3.0,3.0,,3.0,3.0,3.0,3.0,,,,,,,3.0,3.0,3.0,3.0,0.0,3.0,3.0,3.0,,3.0,3.0,3,,,3.0,,3.0,,2.0,1.0,3.0,3.0,,3.0,3.0,,,3.0,3.0,3.0,3.0,,,3.0,3.0,,3.0,3.0,,3.0,,3.0,,3.0,3.0,,3.0,3.0,1.0,,,3.0,3.0,3.0,3.0,,3.0,3.0,3.0,3.0,,3.0,,,,3.0,,3.0,,,3.0,3.0,3.0,3.0,3.0,3.0,,,3.0,,,,3.0,,,3.0,3.0,,,,3.0,,,,,,3.0,,2.0,,3.0,3.0,,43,9,0.1051282051282051,1.4501249279261965,0.03954401693408897
3.0,3,3,3.0,,3.0,3.0,3.0,3.0,3.0,3.0,3.0,2,2.0,3.0,3.0,,,3.0,3.0,,3.0,,,,,,,2.0,3.0,3.0,3.0,3.0,3.0,,3.0,3.0,,0.0,,3.0,3.0,3.0,3.0,3.0,3.0,3.0,3.0,3.0,3.0,3.0,,3.0,,3.0,3.0,3.0,3.0,3.0,3.0,3.0,,3.0,2.0,3.0,3.0,3,3.0,,,,0.0,2.0,3.0,3.0,3.0,3.0,3.0,3.0,3.0,3.0,3.0,3.0,3,,,3.0,,,,3.0,3.0,3.0,3.0,,3.0,,1.0,3,,3.0,3.0,,,3.0,,,,3,3,3.0,,3.0,,3.0,3.0,,3,3.0,3.0,1.0,,3.0,3.0,3,3.0,3.0,2.0,3.0,2.0,3.0,2.0,3.0,,2.0,3.0,3.0,,,,1,3.0,,,3.0,3.0,3.0,2.0,,3.0,3.0,3.0,3.0,3,,,3.0,3.0,3.0,,3.0,3,3.0,3.0,,3.0,3.0,,,,3.0,3.0,3,,,3.0,3.0,3.0,3.0,3.0,3.0,3.0,3.0,2.0,3.0,,,,,3.0,,3.0,,3.0,3,,3.0,1.0,,3.0,3,,3.0,2.0,3.0,3.0,3,,3.0,,3.0,,3.0,3.0,3,3.0,,3.0,3.0,0.0,3.0,3.0,,3.0,2.0,3,3.0,3.0,3.0,3.0,3.0,3.0,3.0,3,3.0,,,3.0,2.0,3.0,3.0,3.0,3.0,,,3.0,3.0,3.0,3.0,,,3.0,3.0,,,,,,3.0,,,3.0,,,3.0,3.0,,3.0,,,3.0,,,3.0,,3.0,3.0,3,,,1.0,1.0,3.0,,3,,0.0,3.0,,3.0,3.0,3.0,3.0,,3.0,,2.0,3.0,,,3.0,,2.0,3.0,3.0,1.0,3.0,,3.0,3.0,,,,3.0,,3.0,3.0,3.0,,3.0,3.0,3.0,,3.0,1.0,3.0,3.0,3.0,,3.0,,,,3.0,,3.0,3.0,2.0,,3.0,3,3.0,3.0,,3.0,3.0,2.0,3.0,,,,,,3.0,3.0,1,3.0,3.0,,3.0,,,3.0,3.0,,,,,3.0,3.0,3.0,3.0,,,,3.0,,2.0,3.0,3.0,,3.0,1.0,,,,3.0,,,,,3.0,3.0,3.0,3.0,,3,3.0,,,,3.0,,3.0,,3.0,3.0,,,3.0,,,,3.0,,3.0,3.0,,2.0,,3.0,,,,3.0,3.0,3.0,3.0,,,3.0,,3.0,,3.0,,3.0,3.0,3.0,,,3.0,,3.0,,3.0,3.0,3.0,3.0,,,,3.0,3.0,3.0,,3.0,3.0,3.0,3.0,3,3.0,3.0,3.0,,3.0,,3.0,3.0,3.0,,3.0,3.0,3.0,3.0,2.0,3.0,,3.0,3.0,3.0,,,3.0,3.0,1.0,2.0,,,3.0,,3.0,,,,3.0,2.0,3.0,,3,3.0,,2.0,3.0,,,,,3.0,3.0,3.0,1.0,,,3.0,,,3.0,3.0,,,,3.0,3.0,,3.0,,,,3.0,3.0,,3.0,3.0,,3.0,3.0,,3.0,,3.0,,3.0,,3.0,3.0,3.0,,3.0,3.0,,,3.0,3.0,,3.0,3.0,3.0,,,3.0,,,3.0,,,3.0,0.0,,,,,,,3.0,3.0,,,3.0,,,,0.0,3.0,,,,,3.0,,,44,9,0.122257053291536,1.5063840653728293,0.08912576679746947
3.0,3,2,3.0,3.0,3.0,3.0,3.0,3.0,3.0,3.0,3.0,2,3.0,3.0,3.0,3.0,,3.0,3.0,3.0,3.0,3.0,3.0,3.0,3.0,2.0,2.0,3.0,3.0,3.0,2.0,2.0,1.0,3.0,3.0,3.0,3.0,3.0,3.0,3.0,3.0,3.0,3.0,3.0,3.0,2.0,3.0,3.0,2.0,3.0,3.0,3.0,3.0,3.0,3.0,3.0,3.0,3.0,3.0,3.0,3.0,3.0,3.0,1.0,3.0,3,3.0,3.0,3.0,3.0,3.0,3.0,3.0,3.0,3.0,3.0,3.0,3.0,3.0,3.0,3.0,3.0,2,1.0,3.0,3.0,2.0,3.0,,3.0,3.0,3.0,3.0,3.0,3.0,3.0,3.0,3,3.0,3.0,3.0,3.0,3.0,3.0,3.0,2.0,3.0,3,3,3.0,3.0,2.0,3.0,3.0,3.0,3.0,3,3.0,1.0,3.0,3.0,3.0,3.0,3,2.0,0.0,2.0,3.0,3.0,3.0,3.0,3.0,3.0,3.0,3.0,3.0,3.0,3.0,3.0,3,3.0,3.0,2.0,3.0,3.0,3.0,3.0,3.0,3.0,3.0,3.0,3.0,3,3.0,3.0,2.0,3.0,3.0,,3.0,3,3.0,3.0,3.0,3.0,3.0,3.0,,3.0,2.0,2.0,3,3.0,3.0,3.0,2.0,3.0,3.0,3.0,3.0,3.0,2.0,,3.0,3.0,3.0,3.0,3.0,2.0,,3.0,,1.0,3,3.0,3.0,3.0,3.0,2.0,2,3.0,3.0,2.0,3.0,3.0,3,3.0,3.0,3.0,3.0,,3.0,3.0,3,2.0,3.0,3.0,3.0,3.0,3.0,3.0,3.0,3.0,3.0,3,3.0,3.0,,3.0,3.0,3.0,2.0,3,3.0,1.0,3.0,3.0,3.0,3.0,3.0,3.0,3.0,3.0,3.0,3.0,3.0,3.0,3.0,3.0,3.0,3.0,3.0,,3.0,,3.0,,3.0,3.0,3.0,1.0,2.0,2.0,3.0,3.0,,3.0,3.0,2.0,3.0,3.0,3.0,3.0,3.0,3.0,3.0,3,3.0,3.0,3.0,3.0,3.0,3.0,3,3.0,3.0,3.0,1.0,3.0,3.0,,3.0,3.0,3.0,3.0,3.0,3.0,3.0,3.0,3.0,,3.0,3.0,3.0,3.0,3.0,,3.0,3.0,3.0,3.0,3.0,2.0,3.0,2.0,3.0,2.0,3.0,3.0,3.0,3.0,3.0,3.0,3.0,3.0,3.0,3.0,,3.0,3.0,3.0,3.0,3.0,3.0,3.0,3.0,3.0,2.0,3.0,3,3.0,3.0,3.0,3.0,3.0,3.0,,3.0,3.0,3.0,,3.0,3.0,3.0,3,3.0,3.0,,3.0,,,3.0,3.0,,3.0,3.0,3.0,3.0,3.0,3.0,3.0,1.0,3.0,3.0,3.0,3.0,3.0,3.0,3.0,,3.0,3.0,3.0,3.0,3.0,3.0,3.0,3.0,3.0,3.0,3.0,3.0,3.0,2.0,3.0,1,0.0,3.0,3.0,3.0,3.0,3.0,3.0,3.0,3.0,3.0,3.0,3.0,2.0,3.0,3.0,3.0,3.0,3.0,3.0,3.0,3.0,3.0,,3.0,3.0,3.0,3.0,3.0,3.0,3.0,3.0,3.0,3.0,3.0,3.0,3.0,3.0,,3.0,3.0,3.0,3.0,3.0,3.0,2.0,,3.0,3.0,3.0,3.0,3.0,3.0,3.0,3.0,3.0,3.0,3.0,2.0,3.0,3.0,3.0,3.0,3.0,3,2.0,3.0,,3.0,3.0,,3.0,3.0,3.0,0.0,3.0,3.0,3.0,3.0,2.0,2.0,1.0,3.0,3.0,3.0,,,3.0,3.0,3.0,3.0,3.0,3.0,3.0,3.0,3.0,3.0,3.0,3.0,3.0,,3.0,3.0,3,3.0,3.0,2.0,3.0,3.0,,3.0,3.0,3.0,3.0,3.0,3.0,3.0,3.0,3.0,3.0,3.0,3.0,3.0,3.0,3.0,,3.0,3.0,3.0,3.0,0.0,3.0,3.0,3.0,0.0,3.0,3.0,3.0,3.0,3.0,3.0,3.0,3.0,3.0,3.0,0.0,3.0,3.0,3.0,2.0,3.0,3.0,3.0,3.0,3.0,,,3.0,,3.0,,3.0,3.0,1.0,3.0,3.0,3.0,3.0,2.0,,3.0,1.0,3.0,2.0,3.0,3.0,,3.0,3.0,3.0,,3.0,2.0,3.0,,,1.0,3.0,3.0,3.0,2.0,,3.0,3.0,,45,9,0.0693069306930693,1.3489058273911974,-0.11992967840780687
3.0,3,3,2.0,3.0,3.0,2.0,3.0,2.0,3.0,3.0,3.0,2,2.0,3.0,3.0,3.0,,3.0,1.0,3.0,3.0,3.0,2.0,3.0,2.0,3.0,3.0,3.0,3.0,3.0,3.0,3.0,3.0,3.0,3.0,3.0,3.0,3.0,3.0,3.0,3.0,3.0,3.0,2.0,3.0,3.0,3.0,3.0,3.0,3.0,2.0,2.0,3.0,3.0,3.0,3.0,3.0,3.0,3.0,3.0,3.0,3.0,3.0,3.0,2.0,2,2.0,3.0,3.0,3.0,3.0,2.0,3.0,2.0,3.0,3.0,2.0,2.0,3.0,3.0,3.0,2.0,1,3.0,3.0,2.0,3.0,3.0,3.0,3.0,3.0,2.0,2.0,3.0,2.0,3.0,3.0,3,3.0,2.0,3.0,3.0,3.0,3.0,3.0,3.0,3.0,1,2,3.0,3.0,3.0,3.0,3.0,2.0,3.0,2,2.0,3.0,3.0,3.0,3.0,3.0,2,3.0,3.0,1.0,3.0,3.0,3.0,3.0,3.0,3.0,2.0,3.0,2.0,3.0,3.0,3.0,2,3.0,3.0,3.0,3.0,3.0,3.0,3.0,3.0,3.0,3.0,3.0,3.0,2,1.0,3.0,3.0,3.0,3.0,3.0,3.0,2,3.0,3.0,3.0,3.0,3.0,3.0,3.0,2.0,3.0,3.0,3,3.0,2.0,3.0,2.0,3.0,3.0,3.0,2.0,3.0,3.0,3.0,3.0,3.0,3.0,3.0,2.0,3.0,3.0,2.0,3.0,2.0,2,3.0,2.0,3.0,3.0,3.0,2,3.0,2.0,3.0,3.0,1.0,3,2.0,3.0,3.0,3.0,3.0,3.0,0.0,2,2.0,3.0,3.0,3.0,3.0,3.0,3.0,3.0,2.0,3.0,2,3.0,2.0,3.0,3.0,3.0,2.0,3.0,2,3.0,2.0,3.0,3.0,2.0,3.0,3.0,2.0,3.0,3.0,3.0,3.0,2.0,1.0,3.0,3.0,1.0,1.0,1.0,3.0,3.0,3.0,3.0,3.0,3.0,3.0,2.0,2.0,1.0,3.0,2.0,3.0,3.0,3.0,3.0,2.0,2.0,3.0,3.0,3.0,3.0,3.0,3.0,3,3.0,3.0,3.0,3.0,3.0,3.0,2,3.0,3.0,2.0,3.0,2.0,3.0,3.0,3.0,3.0,3.0,3.0,2.0,3.0,3.0,3.0,3.0,3.0,3.0,3.0,3.0,3.0,3.0,3.0,3.0,3.0,3.0,3.0,3.0,3.0,3.0,2.0,3.0,3.0,3.0,2.0,2.0,3.0,3.0,2.0,3.0,2.0,3.0,3.0,3.0,2.0,3.0,3.0,3.0,2.0,3.0,2.0,2.0,2.0,3.0,3.0,3,2.0,2.0,3.0,2.0,3.0,1.0,3.0,3.0,3.0,3.0,3.0,3.0,2.0,2.0,3,3.0,3.0,3.0,3.0,3.0,2.0,3.0,3.0,3.0,3.0,3.0,3.0,3.0,3.0,3.0,3.0,3.0,3.0,3.0,3.0,3.0,3.0,3.0,3.0,3.0,3.0,3.0,3.0,1.0,3.0,3.0,3.0,3.0,3.0,2.0,2.0,2.0,3.0,2.0,3.0,2,3.0,3.0,2.0,3.0,3.0,3.0,3.0,3.0,3.0,2.0,3.0,1.0,3.0,3.0,3.0,3.0,3.0,3.0,3.0,1.0,3.0,3.0,3.0,3.0,2.0,3.0,3.0,2.0,3.0,2.0,3.0,3.0,3.0,3.0,3.0,3.0,3.0,3.0,2.0,3.0,3.0,3.0,3.0,3.0,3.0,3.0,3.0,3.0,3.0,3.0,3.0,2.0,3.0,3.0,3.0,3.0,3.0,2.0,3.0,3.0,3.0,2.0,3.0,2,2.0,3.0,3.0,3.0,3.0,3.0,3.0,3.0,2.0,3.0,3.0,3.0,2.0,3.0,3.0,3.0,3.0,3.0,2.0,2.0,3.0,3.0,1.0,1.0,3.0,3.0,3.0,3.0,3.0,2.0,0.0,3.0,0.0,0.0,3.0,3.0,3.0,2.0,1,3.0,3.0,3.0,3.0,3.0,3.0,3.0,3.0,3.0,2.0,3.0,3.0,3.0,2.0,3.0,3.0,2.0,3.0,3.0,3.0,0.0,3.0,1.0,3.0,3.0,2.0,3.0,3.0,3.0,1.0,2.0,1.0,2.0,2.0,3.0,3.0,3.0,0.0,3.0,3.0,3.0,2.0,3.0,3.0,3.0,3.0,2.0,3.0,3.0,3.0,3.0,,3.0,3.0,3.0,3.0,3.0,3.0,3.0,2.0,3.0,3.0,3.0,3.0,3.0,3.0,3.0,3.0,3.0,2.0,3.0,3.0,3.0,3.0,3.0,3.0,3.0,3.0,3.0,3.0,3.0,3.0,3.0,3.0,3.0,2.0,3.0,3.0,2.0,3.0,,46,9,0.07380073800738,1.1913572581646592,-0.35995254583625447
3.0,2,3,3.0,3.0,3.0,3.0,3.0,3.0,3.0,3.0,3.0,2,2.0,3.0,3.0,3.0,,2.0,3.0,3.0,3.0,3.0,3.0,3.0,3.0,3.0,3.0,3.0,3.0,2.0,2.0,3.0,3.0,3.0,2.0,3.0,3.0,3.0,3.0,3.0,3.0,3.0,3.0,2.0,3.0,3.0,3.0,3.0,3.0,3.0,2.0,3.0,3.0,3.0,3.0,3.0,3.0,2.0,3.0,3.0,3.0,3.0,3.0,3.0,3.0,3,3.0,,3.0,3.0,3.0,2.0,3.0,3.0,3.0,3.0,3.0,2.0,3.0,3.0,3.0,3.0,3,2.0,3.0,3.0,3.0,3.0,3.0,3.0,3.0,3.0,3.0,3.0,3.0,2.0,3.0,3,3.0,3.0,3.0,3.0,3.0,3.0,3.0,3.0,3.0,3,3,3.0,3.0,3.0,3.0,3.0,3.0,3.0,3,1.0,3.0,3.0,3.0,2.0,2.0,2,1.0,3.0,3.0,2.0,3.0,2.0,3.0,3.0,3.0,3.0,3.0,2.0,3.0,3.0,3.0,2,2.0,3.0,3.0,3.0,3.0,2.0,3.0,3.0,3.0,3.0,3.0,3.0,3,3.0,1.0,3.0,3.0,1.0,3.0,3.0,3,3.0,3.0,3.0,3.0,3.0,3.0,3.0,3.0,3.0,3.0,2,3.0,3.0,3.0,3.0,3.0,1.0,3.0,3.0,3.0,1.0,3.0,3.0,3.0,3.0,3.0,1.0,3.0,3.0,2.0,,3.0,2,3.0,3.0,2.0,,3.0,3,1.0,3.0,3.0,3.0,3.0,3,3.0,3.0,3.0,,3.0,3.0,3.0,3,3.0,3.0,1.0,3.0,3.0,3.0,2.0,3.0,3.0,3.0,1,2.0,3.0,1.0,3.0,3.0,3.0,3.0,2,2.0,3.0,3.0,3.0,3.0,3.0,3.0,3.0,3.0,3.0,3.0,3.0,3.0,2.0,3.0,3.0,3.0,3.0,3.0,3.0,3.0,3.0,3.0,3.0,3.0,3.0,2.0,3.0,3.0,3.0,3.0,3.0,3.0,3.0,3.0,3.0,3.0,3.0,3.0,3.0,3.0,3.0,2.0,3,3.0,2.0,3.0,3.0,3.0,3.0,3,3.0,3.0,3.0,0.0,3.0,2.0,3.0,0.0,3.0,3.0,3.0,2.0,3.0,3.0,3.0,3.0,2.0,2.0,3.0,3.0,1.0,3.0,3.0,3.0,3.0,3.0,3.0,3.0,3.0,3.0,3.0,2.0,3.0,3.0,3.0,3.0,3.0,1.0,3.0,,3.0,3.0,3.0,3.0,3.0,3.0,0.0,3.0,3.0,3.0,3.0,3.0,3.0,2.0,3.0,3,3.0,3.0,3.0,3.0,3.0,3.0,3.0,3.0,3.0,3.0,,3.0,3.0,3.0,2,3.0,3.0,3.0,3.0,3.0,3.0,3.0,0.0,3.0,3.0,2.0,3.0,3.0,3.0,3.0,3.0,3.0,3.0,3.0,3.0,3.0,3.0,3.0,3.0,3.0,3.0,3.0,3.0,3.0,3.0,3.0,3.0,3.0,3.0,3.0,3.0,3.0,3.0,2.0,3.0,3,3.0,3.0,3.0,3.0,2.0,3.0,3.0,3.0,3.0,3.0,2.0,3.0,3.0,3.0,3.0,3.0,3.0,3.0,2.0,2.0,3.0,3.0,,3.0,3.0,,3.0,3.0,3.0,3.0,1.0,3.0,,3.0,2.0,3.0,3.0,2.0,3.0,3.0,3.0,3.0,3.0,3.0,3.0,3.0,3.0,3.0,3.0,3.0,3.0,3.0,2.0,3.0,3.0,3.0,3.0,3.0,3.0,2.0,3.0,3.0,3.0,3,3.0,3.0,3.0,3.0,3.0,,1.0,3.0,3.0,3.0,3.0,3.0,3.0,3.0,3.0,3.0,3.0,3.0,3.0,3.0,3.0,,3.0,2.0,3.0,3.0,3.0,3.0,3.0,3.0,3.0,3.0,3.0,3.0,3.0,0.0,3.0,3.0,3,3.0,3.0,3.0,3.0,3.0,,3.0,3.0,3.0,3.0,3.0,3.0,3.0,3.0,3.0,3.0,3.0,3.0,3.0,3.0,2.0,3.0,3.0,3.0,3.0,3.0,3.0,3.0,,3.0,1.0,3.0,3.0,3.0,3.0,3.0,3.0,3.0,3.0,3.0,3.0,3.0,3.0,3.0,3.0,3.0,3.0,3.0,3.0,3.0,3.0,,3.0,3.0,,3.0,,3.0,3.0,3.0,3.0,3.0,3.0,1.0,3.0,3.0,3.0,3.0,3.0,0.0,3.0,3.0,,3.0,3.0,2.0,,2.0,3.0,3.0,,,2.0,3.0,3.0,3.0,1.0,3.0,3.0,3.0,,47,9,0.0744274809160305,1.3076686487594833,-0.10213585431257903
3.0,1,3,3.0,3.0,2.0,3.0,3.0,2.0,3.0,3.0,2.0,2,3.0,3.0,3.0,3.0,,3.0,3.0,3.0,3.0,3.0,3.0,3.0,3.0,3.0,3.0,3.0,2.0,2.0,3.0,3.0,2.0,2.0,2.0,3.0,3.0,0.0,3.0,3.0,3.0,3.0,2.0,3.0,2.0,2.0,3.0,3.0,3.0,3.0,3.0,3.0,3.0,3.0,3.0,3.0,3.0,3.0,3.0,3.0,3.0,3.0,3.0,2.0,3.0,0,3.0,3.0,3.0,3.0,2.0,2.0,3.0,3.0,2.0,2.0,3.0,3.0,3.0,3.0,3.0,3.0,2,3.0,3.0,3.0,3.0,3.0,,3.0,3.0,3.0,3.0,3.0,2.0,3.0,3.0,3,2.0,3.0,3.0,3.0,2.0,3.0,3.0,3.0,3.0,3,3,2.0,3.0,3.0,3.0,3.0,3.0,3.0,3,3.0,3.0,3.0,3.0,3.0,3.0,3,3.0,3.0,2.0,3.0,3.0,3.0,3.0,2.0,3.0,3.0,3.0,3.0,3.0,3.0,3.0,2,3.0,3.0,3.0,3.0,3.0,3.0,3.0,3.0,3.0,3.0,3.0,2.0,3,3.0,3.0,3.0,3.0,3.0,3.0,3.0,2,3.0,3.0,3.0,3.0,3.0,3.0,3.0,3.0,3.0,3.0,2,2.0,3.0,1.0,2.0,3.0,3.0,3.0,3.0,3.0,0.0,3.0,3.0,3.0,3.0,3.0,3.0,3.0,3.0,1.0,,2.0,2,3.0,2.0,3.0,2.0,3.0,2,3.0,2.0,2.0,3.0,2.0,2,3.0,3.0,3.0,3.0,3.0,2.0,3.0,3,1.0,2.0,3.0,3.0,3.0,1.0,2.0,3.0,3.0,3.0,2,3.0,2.0,3.0,3.0,3.0,3.0,3.0,2,2.0,3.0,3.0,3.0,2.0,3.0,3.0,3.0,3.0,3.0,3.0,3.0,2.0,3.0,2.0,3.0,2.0,3.0,3.0,2.0,3.0,3.0,3.0,3.0,3.0,3.0,3.0,2.0,3.0,3.0,2.0,3.0,3.0,3.0,3.0,3.0,3.0,3.0,3.0,3.0,1.0,3.0,3.0,2,3.0,3.0,3.0,3.0,3.0,3.0,2,2.0,3.0,2.0,3.0,3.0,3.0,3.0,2.0,3.0,3.0,3.0,3.0,3.0,3.0,3.0,2.0,3.0,3.0,3.0,2.0,3.0,3.0,1.0,3.0,2.0,3.0,3.0,3.0,3.0,3.0,3.0,1.0,3.0,3.0,3.0,3.0,3.0,3.0,2.0,3.0,3.0,3.0,3.0,0.0,3.0,3.0,1.0,1.0,3.0,2.0,3.0,3.0,2.0,3.0,2.0,2,2.0,3.0,3.0,3.0,3.0,3.0,2.0,3.0,3.0,3.0,3.0,3.0,3.0,2.0,3,3.0,2.0,3.0,3.0,3.0,3.0,3.0,3.0,3.0,3.0,3.0,3.0,2.0,1.0,3.0,3.0,3.0,3.0,3.0,3.0,3.0,3.0,3.0,3.0,3.0,2.0,3.0,2.0,3.0,3.0,2.0,3.0,3.0,3.0,3.0,1.0,0.0,2.0,2.0,3.0,2,1.0,3.0,2.0,2.0,2.0,3.0,3.0,3.0,3.0,3.0,3.0,0.0,2.0,2.0,3.0,2.0,3.0,3.0,3.0,2.0,3.0,3.0,3.0,3.0,3.0,,3.0,3.0,3.0,2.0,3.0,3.0,2.0,3.0,3.0,3.0,3.0,3.0,1.0,2.0,3.0,3.0,3.0,3.0,3.0,,3.0,3.0,3.0,3.0,3.0,3.0,3.0,3.0,3.0,3.0,3.0,3.0,3.0,2.0,3.0,2.0,3.0,3,3.0,2.0,3.0,3.0,3.0,,3.0,2.0,3.0,3.0,3.0,3.0,3.0,3.0,3.0,3.0,3.0,3.0,2.0,3.0,3.0,3.0,3.0,3.0,3.0,3.0,3.0,3.0,3.0,2.0,3.0,3.0,2.0,3.0,3.0,3.0,3.0,3.0,3,3.0,3.0,3.0,3.0,3.0,,3.0,3.0,3.0,2.0,3.0,3.0,2.0,3.0,3.0,3.0,3.0,2.0,3.0,3.0,3.0,3.0,3.0,1.0,3.0,3.0,3.0,3.0,3.0,3.0,1.0,3.0,3.0,3.0,3.0,1.0,3.0,3.0,3.0,3.0,3.0,3.0,3.0,3.0,3.0,3.0,3.0,3.0,3.0,3.0,3.0,,3.0,3.0,,3.0,3.0,3.0,3.0,3.0,3.0,3.0,3.0,3.0,3.0,3.0,3.0,3.0,3.0,,3.0,3.0,3.0,3.0,3.0,3.0,3.0,3.0,3.0,3.0,,,3.0,3.0,3.0,3.0,3.0,3.0,2.0,3.0,,48,9,0.0651769087523277,1.2147279009501872,-0.28523079160333487
2.0,2,2,3.0,3.0,2.0,3.0,3.0,2.0,3.0,3.0,3.0,2,3.0,1.0,3.0,3.0,3.0,1.0,3.0,3.0,2.0,2.0,1.0,3.0,3.0,1.0,2.0,3.0,3.0,2.0,1.0,3.0,3.0,1.0,1.0,3.0,3.0,2.0,3.0,3.0,2.0,3.0,3.0,2.0,2.0,3.0,3.0,3.0,2.0,2.0,2.0,3.0,3.0,3.0,3.0,3.0,1.0,2.0,3.0,3.0,3.0,2.0,3.0,3.0,2.0,1,3.0,2.0,2.0,3.0,3.0,2.0,3.0,3.0,3.0,3.0,3.0,2.0,3.0,3.0,3.0,3.0,2,3.0,1.0,3.0,2.0,2.0,3.0,3.0,3.0,2.0,1.0,3.0,3.0,3.0,3.0,2,3.0,3.0,3.0,2.0,2.0,2.0,2.0,3.0,3.0,2,2,3.0,3.0,2.0,3.0,2.0,3.0,3.0,2,2.0,3.0,3.0,3.0,2.0,3.0,2,2.0,3.0,3.0,2.0,3.0,3.0,3.0,2.0,3.0,3.0,3.0,2.0,3.0,2.0,3.0,2,2.0,2.0,3.0,2.0,3.0,2.0,2.0,2.0,3.0,2.0,3.0,2.0,3,3.0,3.0,2.0,3.0,2.0,3.0,2.0,3,2.0,0.0,3.0,3.0,3.0,3.0,3.0,2.0,3.0,2.0,2,2.0,3.0,3.0,3.0,2.0,3.0,3.0,3.0,3.0,1.0,3.0,2.0,3.0,3.0,3.0,3.0,2.0,2.0,3.0,3.0,1.0,2,3.0,3.0,3.0,3.0,3.0,3,3.0,3.0,3.0,3.0,2.0,3,2.0,3.0,3.0,3.0,3.0,3.0,3.0,2,3.0,3.0,3.0,3.0,3.0,3.0,3.0,3.0,2.0,3.0,2,3.0,2.0,3.0,3.0,3.0,3.0,3.0,2,2.0,3.0,3.0,3.0,3.0,2.0,3.0,2.0,3.0,3.0,3.0,3.0,3.0,2.0,3.0,3.0,3.0,3.0,3.0,3.0,3.0,3.0,3.0,3.0,3.0,3.0,2.0,3.0,3.0,3.0,2.0,2.0,3.0,2.0,3.0,0.0,3.0,3.0,2.0,3.0,3.0,3.0,3.0,2,3.0,3.0,3.0,3.0,2.0,3.0,3,3.0,3.0,3.0,3.0,3.0,3.0,3.0,3.0,1.0,3.0,3.0,2.0,3.0,2.0,2.0,3.0,3.0,3.0,3.0,1.0,3.0,2.0,3.0,3.0,2.0,3.0,3.0,2.0,3.0,3.0,3.0,3.0,3.0,3.0,3.0,3.0,3.0,3.0,2.0,3.0,3.0,3.0,3.0,3.0,3.0,3.0,3.0,3.0,3.0,3.0,3.0,2.0,3.0,3.0,3.0,3,3.0,2.0,3.0,3.0,3.0,3.0,3.0,3.0,3.0,3.0,2.0,2.0,3.0,2.0,3,2.0,3.0,3.0,3.0,2.0,3.0,3.0,2.0,3.0,2.0,3.0,1.0,3.0,3.0,3.0,2.0,2.0,3.0,3.0,2.0,2.0,3.0,3.0,3.0,3.0,3.0,1.0,3.0,3.0,3.0,3.0,2.0,3.0,3.0,2.0,2.0,3.0,3.0,3.0,0.0,3,2.0,3.0,2.0,3.0,2.0,2.0,2.0,3.0,1.0,1.0,3.0,3.0,3.0,3.0,1.0,2.0,2.0,3.0,2.0,2.0,3.0,3.0,3.0,2.0,3.0,3.0,2.0,3.0,3.0,3.0,2.0,3.0,,3.0,3.0,3.0,3.0,3.0,3.0,3.0,3.0,3.0,2.0,3.0,3.0,,3.0,0.0,3.0,3.0,3.0,3.0,3.0,2.0,3.0,3.0,3.0,3.0,3.0,2.0,2.0,2.0,3.0,3,3.0,3.0,3.0,2.0,3.0,,3.0,3.0,3.0,3.0,2.0,3.0,3.0,3.0,3.0,3.0,3.0,3.0,0.0,3.0,3.0,3.0,2.0,3.0,0.0,3.0,3.0,2.0,2.0,3.0,3.0,2.0,2.0,2.0,3.0,3.0,3.0,3.0,3,3.0,3.0,3.0,3.0,3.0,,3.0,3.0,3.0,3.0,3.0,3.0,1.0,3.0,3.0,3.0,3.0,2.0,2.0,2.0,3.0,3.0,3.0,3.0,3.0,3.0,3.0,2.0,3.0,3.0,3.0,3.0,3.0,3.0,3.0,2.0,2.0,3.0,3.0,3.0,3.0,3.0,3.0,3.0,3.0,2.0,3.0,3.0,3.0,3.0,3.0,3.0,3.0,3.0,,3.0,3.0,3.0,2.0,2.0,3.0,3.0,3.0,3.0,3.0,3.0,3.0,3.0,3.0,3.0,3.0,3.0,3.0,3.0,3.0,2.0,3.0,2.0,2.0,3.0,,3.0,3.0,3.0,3.0,3.0,3.0,3.0,3.0,2.0,3.0,49,9,0.0643382352941176,1.166873119801805,-0.3204856834929891
3.0,2,2,3.0,3.0,2.0,2.0,3.0,3.0,3.0,3.0,0.0,2,3.0,2.0,3.0,3.0,,3.0,3.0,,3.0,3.0,0.0,3.0,3.0,3.0,3.0,3.0,3.0,3.0,3.0,3.0,1.0,3.0,3.0,3.0,3.0,3.0,3.0,3.0,3.0,3.0,3.0,3.0,3.0,3.0,3.0,3.0,3.0,3.0,3.0,3.0,3.0,,3.0,3.0,3.0,3.0,3.0,3.0,3.0,3.0,3.0,3.0,3.0,2,2.0,3.0,3.0,3.0,3.0,2.0,3.0,1.0,3.0,3.0,3.0,3.0,3.0,3.0,2.0,3.0,3,2.0,3.0,3.0,3.0,2.0,,3.0,3.0,1.0,3.0,3.0,3.0,3.0,2.0,0,3.0,2.0,3.0,2.0,3.0,3.0,3.0,2.0,3.0,3,3,3.0,2.0,3.0,3.0,3.0,3.0,2.0,3,2.0,1.0,3.0,3.0,3.0,3.0,3,3.0,3.0,3.0,3.0,3.0,3.0,3.0,3.0,3.0,3.0,3.0,2.0,3.0,3.0,3.0,2,3.0,3.0,3.0,,3.0,2.0,2.0,3.0,3.0,3.0,0.0,3.0,2,3.0,3.0,2.0,3.0,3.0,3.0,3.0,3,3.0,3.0,3.0,3.0,3.0,3.0,3.0,2.0,2.0,2.0,3,3.0,3.0,2.0,3.0,3.0,3.0,3.0,3.0,3.0,3.0,3.0,3.0,2.0,3.0,3.0,3.0,3.0,,3.0,,2.0,3,3.0,3.0,3.0,3.0,3.0,3,3.0,3.0,3.0,3.0,3.0,3,3.0,3.0,3.0,,,3.0,3.0,2,3.0,3.0,3.0,3.0,3.0,3.0,3.0,3.0,3.0,3.0,2,2.0,3.0,3.0,3.0,3.0,3.0,3.0,1,3.0,3.0,3.0,3.0,3.0,3.0,3.0,3.0,3.0,3.0,3.0,3.0,3.0,3.0,3.0,,3.0,3.0,3.0,,3.0,,3.0,3.0,3.0,3.0,3.0,3.0,3.0,3.0,3.0,3.0,,3.0,3.0,3.0,3.0,3.0,3.0,3.0,3.0,3.0,3.0,3,3.0,3.0,3.0,3.0,3.0,3.0,3,3.0,3.0,0.0,2.0,1.0,,3.0,3.0,3.0,3.0,3.0,3.0,3.0,3.0,,3.0,3.0,3.0,3.0,3.0,3.0,3.0,3.0,3.0,3.0,3.0,3.0,,3.0,3.0,3.0,3.0,3.0,3.0,3.0,3.0,3.0,3.0,0.0,3.0,3.0,3.0,3.0,3.0,3.0,1.0,3.0,3.0,3.0,3.0,3.0,3.0,3.0,3.0,3.0,3,3.0,3.0,3.0,3.0,3.0,3.0,3.0,2.0,1.0,3.0,,,1.0,3.0,3,3.0,3.0,3.0,2.0,3.0,3.0,2.0,2.0,3.0,3.0,3.0,3.0,3.0,3.0,,3.0,3.0,2.0,3.0,3.0,2.0,3.0,3.0,3.0,3.0,3.0,3.0,3.0,3.0,1.0,3.0,3.0,3.0,3.0,3.0,3.0,2.0,3.0,3.0,3.0,3,3.0,3.0,2.0,3.0,3.0,3.0,3.0,3.0,3.0,3.0,3.0,3.0,3.0,3.0,3.0,3.0,3.0,3.0,3.0,3.0,3.0,3.0,3.0,3.0,3.0,1.0,3.0,3.0,1.0,2.0,3.0,,,3.0,3.0,3.0,,,3.0,3.0,,3.0,3.0,3.0,2.0,,3.0,3.0,3.0,3.0,3.0,3.0,3.0,2.0,3.0,3.0,,3.0,3.0,2.0,3.0,3.0,3.0,3,3.0,3.0,3.0,3.0,3.0,,3.0,3.0,2.0,3.0,3.0,3.0,3.0,2.0,3.0,3.0,3.0,3.0,3.0,2.0,3.0,3.0,3.0,3.0,3.0,3.0,3.0,3.0,3.0,3.0,3.0,3.0,2.0,,3.0,3.0,3.0,3.0,3,3.0,,3.0,3.0,3.0,,3.0,3.0,3.0,3.0,3.0,3.0,3.0,3.0,3.0,,3.0,3.0,2.0,3.0,3.0,3.0,3.0,2.0,3.0,3.0,3.0,2.0,3.0,3.0,3.0,3.0,3.0,3.0,3.0,3.0,3.0,3.0,3.0,3.0,3.0,2.0,3.0,3.0,3.0,3.0,3.0,3.0,3.0,3.0,3.0,,3.0,2.0,,3.0,,3.0,3.0,3.0,3.0,1.0,3.0,3.0,3.0,3.0,3.0,3.0,3.0,,3.0,3.0,3.0,3.0,3.0,3.0,,3.0,3.0,3.0,3.0,,,3.0,3.0,,3.0,,3.0,3.0,,50,9,0.0836653386454183,1.3148227253310552,-0.1643417042724748
3.0,3,2,3.0,3.0,3.0,1.0,1.0,3.0,3.0,3.0,3.0,2,3.0,3.0,3.0,3.0,,3.0,3.0,3.0,3.0,3.0,3.0,3.0,3.0,3.0,3.0,3.0,3.0,3.0,3.0,3.0,3.0,3.0,3.0,3.0,3.0,3.0,3.0,3.0,3.0,3.0,3.0,3.0,3.0,3.0,3.0,3.0,3.0,3.0,,3.0,3.0,3.0,3.0,3.0,,1.0,3.0,3.0,3.0,3.0,3.0,3.0,3.0,3,,1.0,3.0,,3.0,3.0,3.0,3.0,3.0,3.0,3.0,3.0,,3.0,2.0,3.0,2,3.0,3.0,3.0,3.0,3.0,,2.0,3.0,3.0,3.0,3.0,3.0,3.0,3.0,3,3.0,3.0,3.0,3.0,3.0,3.0,3.0,2.0,3.0,3,3,3.0,3.0,3.0,2.0,3.0,3.0,3.0,3,3.0,3.0,3.0,2.0,3.0,,3,0.0,3.0,,3.0,3.0,0.0,3.0,3.0,3.0,3.0,3.0,2.0,3.0,2.0,,2,3.0,3.0,3.0,,3.0,3.0,3.0,3.0,3.0,3.0,2.0,3.0,2,3.0,3.0,2.0,3.0,3.0,3.0,3.0,3,3.0,2.0,3.0,3.0,3.0,3.0,3.0,3.0,3.0,3.0,3,3.0,3.0,3.0,1.0,3.0,3.0,3.0,,3.0,3.0,3.0,2.0,3.0,3.0,3.0,3.0,3.0,,3.0,,3.0,3,3.0,2.0,3.0,3.0,0.0,3,,3.0,3.0,3.0,3.0,3,3.0,3.0,3.0,,,3.0,3.0,2,3.0,3.0,,3.0,3.0,3.0,3.0,3.0,3.0,3.0,2,3.0,3.0,3.0,3.0,3.0,3.0,3.0,3,3.0,3.0,3.0,3.0,3.0,3.0,3.0,3.0,3.0,,2.0,3.0,3.0,3.0,,3.0,1.0,3.0,3.0,2.0,3.0,,3.0,,3.0,3.0,3.0,3.0,,1.0,3.0,3.0,,3.0,,3.0,3.0,3.0,3.0,2.0,2.0,3.0,3.0,3,3.0,0.0,3.0,3.0,3.0,,3,,,3.0,3.0,3.0,3.0,3.0,3.0,3.0,3.0,3.0,3.0,3.0,2.0,3.0,3.0,,3.0,3.0,3.0,3.0,3.0,3.0,3.0,3.0,3.0,3.0,3.0,3.0,3.0,,3.0,3.0,3.0,3.0,3.0,,1.0,3.0,3.0,3.0,,,3.0,3.0,3.0,3.0,3.0,3.0,3.0,3.0,3.0,3.0,,3.0,3,3.0,3.0,3.0,3.0,,,3.0,,,,,,3.0,3.0,2,3.0,3.0,,3.0,,,3.0,3.0,,3.0,3.0,3.0,3.0,3.0,3.0,3.0,3.0,3.0,,2.0,3.0,,2.0,3.0,,3.0,3.0,3.0,3.0,3.0,3.0,3.0,2.0,3.0,0.0,3.0,3.0,3.0,3.0,,3,3.0,3.0,3.0,3.0,3.0,3.0,3.0,1.0,3.0,3.0,3.0,1.0,1.0,,3.0,3.0,3.0,3.0,3.0,3.0,3.0,1.0,2.0,3.0,,,3.0,,3.0,3.0,3.0,,,3.0,,0.0,,3.0,3.0,3.0,3.0,3.0,3.0,3.0,,,3.0,3.0,3.0,3.0,,3.0,3.0,3.0,3.0,3.0,,3.0,3.0,2.0,3.0,3.0,3.0,3,3.0,3.0,3.0,3.0,3.0,,3.0,3.0,3.0,3.0,3.0,3.0,3.0,3.0,3.0,3.0,3.0,1.0,3.0,2.0,3.0,,3.0,,3.0,3.0,3.0,3.0,3.0,3.0,3.0,3.0,3.0,,3.0,3.0,2.0,3.0,3,,,3.0,3.0,3.0,,3.0,3.0,3.0,3.0,3.0,3.0,3.0,3.0,3.0,,2.0,3.0,3.0,3.0,3.0,3.0,3.0,3.0,3.0,3.0,,3.0,3.0,,3.0,3.0,3.0,3.0,3.0,2.0,3.0,,,3.0,3.0,3.0,3.0,3.0,3.0,3.0,,3.0,,3.0,3.0,3.0,3.0,3.0,,,,3.0,3.0,3.0,2.0,3.0,,,3.0,,3.0,,3.0,,3.0,3.0,3.0,1.0,3.0,3.0,,3.0,3.0,3.0,3.0,,3.0,,,2.0,3.0,,3.0,3.0,3.0,51,9,0.097130242825607,1.4206680584551148,-0.04337695541962788
3.0,3,3,2.0,3.0,3.0,3.0,3.0,3.0,3.0,3.0,3.0,3,3.0,,3.0,3.0,,,3.0,3.0,3.0,3.0,,3.0,3.0,3.0,,3.0,,3.0,3.0,3.0,3.0,3.0,,3.0,3.0,3.0,3.0,3.0,3.0,3.0,3.0,3.0,3.0,3.0,3.0,,3.0,3.0,3.0,2.0,3.0,3.0,3.0,3.0,3.0,3.0,2.0,3.0,,3.0,2.0,,3.0,3,3.0,3.0,3.0,,3.0,3.0,3.0,3.0,3.0,,3.0,3.0,3.0,3.0,3.0,3.0,3,3.0,3.0,3.0,3.0,,0.0,3.0,,3.0,3.0,2.0,3.0,3.0,3.0,3,3.0,2.0,1.0,3.0,3.0,3.0,3.0,,3.0,3,3,2.0,3.0,3.0,,3.0,3.0,3.0,3,3.0,3.0,3.0,3.0,3.0,,3,3.0,,,3.0,3.0,3.0,3.0,3.0,,3.0,3.0,,,,,3,3.0,,3.0,3.0,3.0,,3.0,3.0,3.0,3.0,3.0,3.0,3,3.0,,3.0,,3.0,2.0,3.0,3,3.0,3.0,,3.0,3.0,,,,3.0,3.0,3,,3.0,3.0,3.0,3.0,3.0,,3.0,3.0,3.0,3.0,3.0,,3.0,1.0,3.0,3.0,3.0,3.0,,3.0,2,3.0,3.0,3.0,3.0,3.0,3,3.0,2.0,3.0,3.0,3.0,2,3.0,3.0,3.0,,2.0,3.0,3.0,3,2.0,3.0,3.0,3.0,3.0,3.0,,3.0,2.0,3.0,3,3.0,2.0,3.0,3.0,3.0,3.0,3.0,3,3.0,1.0,2.0,1.0,3.0,3.0,3.0,3.0,3.0,3.0,3.0,3.0,2.0,3.0,2.0,3.0,1.0,3.0,3.0,3.0,,3.0,3.0,3.0,3.0,3.0,3.0,3.0,3.0,2.0,3.0,3.0,3.0,,0.0,3.0,2.0,3.0,3.0,3.0,3.0,2.0,3.0,3,,,3.0,,3.0,3.0,3,3.0,3.0,3.0,3.0,3.0,3.0,3.0,1.0,3.0,2.0,,3.0,,3.0,,3.0,3.0,1.0,3.0,3.0,3.0,,3.0,3.0,3.0,3.0,3.0,3.0,3.0,3.0,3.0,3.0,3.0,3.0,3.0,2.0,3.0,3.0,3.0,3.0,3.0,3.0,3.0,3.0,3.0,,3.0,,3.0,3.0,3.0,3.0,3.0,1.0,3.0,3,2.0,3.0,,3.0,3.0,3.0,3.0,3.0,,3.0,0.0,3.0,3.0,3.0,2,3.0,,,3.0,3.0,,3.0,3.0,3.0,,3.0,3.0,3.0,3.0,3.0,3.0,3.0,3.0,3.0,3.0,,3.0,3.0,2.0,3.0,3.0,3.0,3.0,3.0,3.0,3.0,3.0,3.0,,3.0,3.0,3.0,0.0,3.0,,3,3.0,,3.0,,3.0,,3.0,,,,3.0,,3.0,,,,3.0,3.0,,3.0,,3.0,,3.0,3.0,,3.0,,2.0,3.0,,3.0,3.0,3.0,,3.0,3.0,2.0,3.0,3.0,3.0,1.0,3.0,3.0,3.0,,3.0,3.0,2.0,3.0,3.0,2.0,3.0,3.0,3.0,3.0,3.0,2.0,3.0,3.0,3.0,3.0,0.0,1,3.0,3.0,3.0,,1.0,,3.0,3.0,1.0,3.0,3.0,3.0,2.0,1.0,3.0,3.0,3.0,3.0,,3.0,2.0,3.0,3.0,3.0,3.0,3.0,3.0,,3.0,3.0,3.0,3.0,3.0,3.0,3.0,3.0,2.0,3.0,3,3.0,3.0,3.0,3.0,3.0,3.0,3.0,3.0,,3.0,1.0,3.0,3.0,,,,3.0,3.0,3.0,3.0,2.0,,3.0,,3.0,3.0,,,3.0,3.0,2.0,3.0,3.0,2.0,,3.0,3.0,3.0,3.0,3.0,,3.0,,3.0,3.0,3.0,3.0,3.0,3.0,3.0,,,2.0,3.0,3.0,3.0,,3.0,,3.0,3.0,3.0,,3.0,3.0,3.0,3.0,3.0,,,,3.0,,,,3.0,,3.0,,2.0,,0.0,3.0,3.0,1.0,,,3.0,3.0,,,52,9,0.0793650793650793,1.3526011560693643,0.03221209836244385
2.0,1,2,3.0,3.0,3.0,2.0,3.0,0.0,3.0,3.0,3.0,1,3.0,3.0,3.0,3.0,,3.0,3.0,3.0,3.0,3.0,3.0,3.0,1.0,3.0,3.0,2.0,3.0,3.0,2.0,2.0,3.0,3.0,2.0,3.0,2.0,3.0,3.0,2.0,3.0,2.0,3.0,3.0,3.0,2.0,3.0,3.0,3.0,3.0,3.0,3.0,3.0,3.0,3.0,3.0,3.0,3.0,2.0,3.0,3.0,3.0,3.0,3.0,2.0,2,3.0,3.0,3.0,3.0,3.0,3.0,2.0,3.0,3.0,3.0,2.0,3.0,3.0,3.0,2.0,3.0,2,2.0,3.0,3.0,2.0,2.0,,3.0,3.0,2.0,3.0,3.0,3.0,3.0,3.0,3,2.0,3.0,2.0,3.0,2.0,2.0,3.0,3.0,3.0,3,3,3.0,3.0,3.0,3.0,3.0,3.0,3.0,3,3.0,2.0,3.0,3.0,3.0,0.0,2,3.0,3.0,3.0,3.0,3.0,3.0,3.0,3.0,3.0,3.0,3.0,2.0,3.0,3.0,3.0,2,3.0,3.0,1.0,3.0,3.0,3.0,3.0,3.0,3.0,3.0,2.0,2.0,3,3.0,3.0,3.0,1.0,3.0,3.0,3.0,3,1.0,3.0,3.0,3.0,3.0,3.0,3.0,1.0,2.0,3.0,3,3.0,3.0,3.0,2.0,3.0,3.0,3.0,3.0,3.0,3.0,3.0,3.0,3.0,3.0,3.0,3.0,3.0,3.0,3.0,3.0,3.0,3,3.0,3.0,3.0,3.0,3.0,3,3.0,1.0,2.0,3.0,2.0,3,3.0,3.0,3.0,3.0,3.0,3.0,3.0,2,3.0,3.0,3.0,3.0,3.0,3.0,3.0,3.0,2.0,2.0,3,3.0,3.0,3.0,3.0,3.0,2.0,3.0,2,3.0,3.0,3.0,2.0,3.0,3.0,3.0,2.0,2.0,0.0,3.0,3.0,3.0,3.0,2.0,3.0,2.0,3.0,3.0,3.0,1.0,3.0,3.0,3.0,3.0,3.0,2.0,3.0,3.0,3.0,2.0,3.0,3.0,3.0,3.0,2.0,1.0,3.0,3.0,3.0,3.0,3.0,3.0,3,3.0,3.0,3.0,3.0,1.0,3.0,3,3.0,3.0,3.0,3.0,3.0,3.0,3.0,3.0,3.0,3.0,3.0,3.0,3.0,3.0,3.0,3.0,3.0,3.0,3.0,3.0,3.0,3.0,3.0,3.0,3.0,3.0,2.0,3.0,2.0,3.0,3.0,3.0,2.0,3.0,2.0,2.0,3.0,3.0,2.0,3.0,3.0,3.0,3.0,3.0,3.0,3.0,3.0,3.0,2.0,3.0,3.0,3.0,1.0,3.0,2.0,3,2.0,2.0,3.0,3.0,3.0,3.0,3.0,3.0,3.0,3.0,3.0,3.0,3.0,2.0,3,3.0,2.0,,3.0,3.0,0.0,3.0,2.0,3.0,3.0,2.0,3.0,2.0,3.0,2.0,3.0,3.0,3.0,3.0,3.0,3.0,3.0,3.0,2.0,3.0,3.0,3.0,3.0,3.0,3.0,3.0,3.0,3.0,3.0,3.0,3.0,3.0,3.0,3.0,3.0,1,3.0,3.0,2.0,3.0,3.0,3.0,3.0,3.0,3.0,2.0,3.0,3.0,3.0,3.0,3.0,3.0,3.0,3.0,3.0,3.0,3.0,3.0,3.0,3.0,3.0,3.0,2.0,3.0,3.0,3.0,3.0,,3.0,3.0,3.0,3.0,3.0,3.0,3.0,3.0,3.0,3.0,3.0,3.0,3.0,,3.0,3.0,2.0,3.0,3.0,3.0,3.0,3.0,3.0,3.0,3.0,3.0,3.0,3.0,3.0,3.0,3.0,2,3.0,3.0,3.0,3.0,3.0,,3.0,3.0,3.0,3.0,3.0,3.0,3.0,3.0,3.0,3.0,3.0,2.0,3.0,3.0,3.0,3.0,3.0,3.0,3.0,3.0,3.0,3.0,3.0,3.0,3.0,2.0,3.0,3.0,3.0,3.0,3.0,1.0,3,3.0,3.0,3.0,3.0,3.0,2.0,3.0,3.0,3.0,3.0,2.0,1.0,3.0,3.0,3.0,3.0,3.0,2.0,2.0,1.0,3.0,3.0,2.0,3.0,3.0,0.0,3.0,3.0,3.0,3.0,3.0,3.0,3.0,3.0,3.0,2.0,1.0,3.0,3.0,3.0,3.0,3.0,3.0,3.0,3.0,2.0,3.0,3.0,3.0,3.0,3.0,3.0,3.0,3.0,3.0,3.0,3.0,3.0,3.0,3.0,3.0,3.0,0.0,3.0,3.0,3.0,3.0,3.0,3.0,,3.0,3.0,3.0,3.0,3.0,3.0,3.0,3.0,3.0,3.0,,,3.0,3.0,3.0,3.0,3.0,2.0,3.0,3.0,,53,9,0.0667903525046382,1.2349146408622453,-0.28966509550781216
3.0,3,2,3.0,3.0,3.0,0.0,3.0,3.0,3.0,3.0,3.0,2,3.0,1.0,2.0,3.0,3.0,3.0,2.0,3.0,2.0,1.0,2.0,3.0,3.0,2.0,2.0,2.0,3.0,2.0,3.0,3.0,2.0,2.0,1.0,3.0,3.0,3.0,2.0,3.0,3.0,2.0,3.0,2.0,3.0,3.0,3.0,3.0,2.0,2.0,3.0,2.0,3.0,3.0,3.0,1.0,2.0,2.0,3.0,2.0,3.0,3.0,2.0,2.0,3.0,2,3.0,3.0,3.0,3.0,3.0,2.0,3.0,2.0,2.0,3.0,2.0,2.0,3.0,3.0,2.0,3.0,2,3.0,3.0,2.0,3.0,2.0,3.0,3.0,3.0,2.0,2.0,3.0,2.0,3.0,3.0,2,2.0,3.0,3.0,3.0,3.0,3.0,2.0,3.0,2.0,2,2,2.0,3.0,3.0,3.0,2.0,3.0,3.0,2,3.0,3.0,3.0,3.0,1.0,3.0,2,2.0,3.0,3.0,3.0,3.0,2.0,3.0,3.0,3.0,3.0,3.0,2.0,2.0,3.0,3.0,2,1.0,3.0,3.0,3.0,3.0,1.0,2.0,3.0,3.0,2.0,2.0,2.0,2,3.0,3.0,2.0,3.0,3.0,3.0,3.0,2,3.0,3.0,3.0,3.0,3.0,3.0,2.0,3.0,2.0,2.0,2,3.0,2.0,2.0,2.0,2.0,2.0,3.0,3.0,3.0,2.0,3.0,3.0,2.0,1.0,3.0,2.0,3.0,3.0,3.0,3.0,2.0,1,2.0,3.0,3.0,3.0,3.0,2,3.0,3.0,2.0,3.0,3.0,2,2.0,3.0,1.0,3.0,3.0,3.0,2.0,2,2.0,3.0,3.0,3.0,3.0,3.0,3.0,3.0,2.0,3.0,2,3.0,2.0,3.0,3.0,3.0,2.0,3.0,2,1.0,3.0,3.0,3.0,3.0,3.0,3.0,2.0,3.0,3.0,3.0,3.0,3.0,2.0,3.0,3.0,3.0,3.0,3.0,3.0,3.0,3.0,3.0,3.0,3.0,2.0,2.0,0.0,3.0,3.0,0.0,2.0,3.0,3.0,3.0,2.0,3.0,3.0,3.0,3.0,2.0,3.0,2.0,3,3.0,3.0,2.0,2.0,2.0,3.0,2,2.0,3.0,2.0,1.0,2.0,3.0,3.0,3.0,3.0,3.0,1.0,3.0,3.0,3.0,3.0,3.0,3.0,3.0,3.0,2.0,3.0,3.0,3.0,3.0,3.0,3.0,3.0,3.0,2.0,3.0,3.0,2.0,1.0,2.0,3.0,2.0,3.0,3.0,2.0,3.0,3.0,1.0,3.0,3.0,3.0,3.0,2.0,3.0,3.0,1.0,3.0,2.0,3.0,3.0,3.0,3,2.0,2.0,3.0,2.0,3.0,3.0,3.0,3.0,2.0,3.0,3.0,3.0,2.0,2.0,3,3.0,3.0,3.0,3.0,3.0,3.0,2.0,3.0,3.0,2.0,3.0,3.0,2.0,3.0,3.0,2.0,2.0,2.0,3.0,3.0,3.0,3.0,3.0,3.0,2.0,3.0,2.0,3.0,3.0,3.0,3.0,2.0,2.0,3.0,0.0,3.0,2.0,3.0,2.0,3.0,2,1.0,3.0,2.0,1.0,2.0,3.0,3.0,3.0,3.0,2.0,3.0,1.0,3.0,2.0,2.0,3.0,3.0,3.0,3.0,2.0,3.0,3.0,3.0,2.0,3.0,3.0,2.0,3.0,3.0,3.0,3.0,3.0,3.0,3.0,3.0,3.0,3.0,2.0,2.0,3.0,3.0,3.0,3.0,3.0,2.0,3.0,3.0,3.0,3.0,2.0,3.0,3.0,3.0,3.0,3.0,2.0,3.0,3.0,3.0,2.0,2.0,2.0,3.0,2,3.0,2.0,3.0,2.0,3.0,,2.0,3.0,3.0,3.0,3.0,1.0,3.0,3.0,3.0,2.0,3.0,3.0,3.0,3.0,3.0,3.0,2.0,3.0,1.0,3.0,3.0,3.0,3.0,3.0,3.0,3.0,3.0,3.0,3.0,3.0,3.0,3.0,3,3.0,3.0,2.0,3.0,3.0,,3.0,2.0,3.0,2.0,3.0,3.0,3.0,3.0,3.0,3.0,3.0,2.0,2.0,3.0,3.0,3.0,3.0,3.0,2.0,2.0,3.0,3.0,3.0,2.0,3.0,3.0,3.0,3.0,3.0,2.0,2.0,3.0,0.0,3.0,3.0,2.0,2.0,3.0,3.0,2.0,3.0,2.0,3.0,3.0,3.0,3.0,3.0,1.0,,3.0,3.0,3.0,3.0,2.0,3.0,3.0,3.0,3.0,3.0,3.0,3.0,3.0,3.0,3.0,3.0,3.0,0.0,3.0,3.0,3.0,3.0,2.0,3.0,2.0,,3.0,3.0,3.0,3.0,3.0,3.0,3.0,2.0,3.0,,54,9,0.0661764705882353,1.1575943574005276,-0.44502387297039236
3.0,1,2,3.0,3.0,3.0,2.0,3.0,3.0,3.0,3.0,3.0,2,3.0,3.0,0.0,3.0,,3.0,3.0,3.0,3.0,3.0,3.0,3.0,3.0,3.0,3.0,3.0,3.0,3.0,3.0,3.0,2.0,3.0,3.0,3.0,3.0,3.0,2.0,3.0,3.0,3.0,3.0,2.0,3.0,2.0,3.0,3.0,3.0,3.0,3.0,3.0,3.0,3.0,3.0,3.0,3.0,2.0,3.0,3.0,3.0,2.0,2.0,3.0,3.0,2,3.0,3.0,3.0,3.0,3.0,2.0,3.0,2.0,3.0,3.0,1.0,3.0,2.0,3.0,2.0,3.0,3,3.0,3.0,2.0,3.0,2.0,3.0,3.0,3.0,2.0,2.0,3.0,2.0,3.0,3.0,3,3.0,2.0,3.0,3.0,3.0,3.0,3.0,3.0,3.0,3,3,3.0,3.0,3.0,3.0,3.0,3.0,3.0,3,3.0,3.0,2.0,3.0,3.0,3.0,3,3.0,3.0,3.0,3.0,3.0,3.0,3.0,3.0,3.0,3.0,3.0,2.0,3.0,3.0,3.0,3,3.0,2.0,3.0,3.0,3.0,2.0,3.0,1.0,3.0,3.0,3.0,2.0,3,3.0,3.0,3.0,3.0,3.0,2.0,3.0,2,3.0,2.0,3.0,3.0,3.0,3.0,3.0,3.0,2.0,3.0,2,3.0,3.0,1.0,2.0,1.0,3.0,3.0,3.0,3.0,3.0,3.0,3.0,3.0,3.0,2.0,3.0,3.0,3.0,3.0,3.0,3.0,2,3.0,3.0,3.0,1.0,3.0,3,3.0,2.0,3.0,2.0,3.0,3,3.0,3.0,2.0,3.0,3.0,3.0,3.0,3,2.0,3.0,3.0,3.0,2.0,3.0,3.0,3.0,2.0,3.0,3,3.0,1.0,3.0,2.0,3.0,3.0,3.0,2,3.0,3.0,3.0,3.0,2.0,2.0,3.0,3.0,3.0,2.0,3.0,3.0,3.0,3.0,3.0,3.0,3.0,3.0,1.0,2.0,1.0,3.0,3.0,3.0,3.0,2.0,3.0,2.0,3.0,3.0,3.0,3.0,3.0,3.0,3.0,3.0,3.0,3.0,3.0,3.0,3.0,3.0,3.0,2,3.0,3.0,3.0,3.0,3.0,2.0,2,3.0,3.0,2.0,3.0,3.0,3.0,3.0,3.0,3.0,3.0,3.0,3.0,3.0,3.0,3.0,3.0,3.0,3.0,2.0,3.0,3.0,3.0,3.0,3.0,3.0,2.0,3.0,3.0,2.0,3.0,3.0,3.0,3.0,3.0,2.0,3.0,3.0,2.0,3.0,3.0,3.0,3.0,3.0,3.0,3.0,3.0,3.0,3.0,3.0,3.0,3.0,3.0,3.0,3.0,3.0,2,3.0,3.0,3.0,3.0,2.0,3.0,3.0,3.0,2.0,3.0,3.0,3.0,3.0,3.0,3,3.0,3.0,3.0,1.0,3.0,3.0,2.0,3.0,2.0,3.0,2.0,3.0,3.0,3.0,3.0,3.0,3.0,3.0,3.0,3.0,1.0,3.0,3.0,2.0,0.0,3.0,3.0,3.0,3.0,2.0,3.0,3.0,3.0,3.0,2.0,3.0,3.0,3.0,1.0,3.0,2,2.0,3.0,3.0,3.0,3.0,3.0,3.0,3.0,3.0,1.0,3.0,3.0,2.0,3.0,3.0,3.0,1.0,3.0,3.0,3.0,3.0,3.0,3.0,3.0,3.0,3.0,3.0,3.0,3.0,3.0,3.0,3.0,3.0,3.0,3.0,3.0,3.0,3.0,3.0,3.0,3.0,3.0,3.0,3.0,3.0,,3.0,3.0,3.0,0.0,3.0,3.0,2.0,3.0,1.0,3.0,3.0,3.0,3.0,2.0,3.0,3.0,3.0,2,3.0,2.0,3.0,3.0,3.0,,2.0,3.0,3.0,3.0,3.0,2.0,3.0,0.0,3.0,3.0,3.0,3.0,3.0,2.0,3.0,3.0,3.0,3.0,3.0,0.0,3.0,3.0,3.0,3.0,3.0,3.0,1.0,1.0,0.0,3.0,3.0,3.0,2,3.0,3.0,3.0,2.0,3.0,,1.0,3.0,3.0,3.0,3.0,2.0,3.0,2.0,3.0,3.0,2.0,2.0,3.0,3.0,2.0,3.0,2.0,3.0,3.0,2.0,3.0,3.0,3.0,3.0,2.0,3.0,3.0,3.0,2.0,3.0,3.0,3.0,3.0,3.0,2.0,2.0,2.0,2.0,3.0,3.0,3.0,1.0,3.0,3.0,3.0,,3.0,3.0,3.0,3.0,3.0,3.0,3.0,3.0,3.0,3.0,3.0,3.0,3.0,3.0,3.0,3.0,3.0,,3.0,3.0,3.0,3.0,3.0,3.0,3.0,3.0,3.0,3.0,3.0,,2.0,3.0,3.0,3.0,3.0,2.0,3.0,3.0,,55,9,0.0685185185185185,1.2161435629177564,-0.25506912447530433
2.0,3,3,2.0,3.0,3.0,3.0,3.0,3.0,3.0,3.0,3.0,2,2.0,,2.0,3.0,,3.0,3.0,3.0,3.0,3.0,3.0,3.0,3.0,1.0,0.0,0.0,3.0,3.0,3.0,3.0,3.0,3.0,2.0,3.0,3.0,3.0,3.0,3.0,3.0,3.0,3.0,3.0,3.0,2.0,3.0,3.0,3.0,3.0,3.0,2.0,3.0,2.0,3.0,3.0,3.0,3.0,3.0,2.0,2.0,3.0,1.0,3.0,3.0,2,3.0,3.0,2.0,3.0,3.0,3.0,3.0,3.0,3.0,3.0,3.0,2.0,3.0,3.0,3.0,3.0,1,2.0,3.0,2.0,3.0,3.0,2.0,3.0,3.0,3.0,2.0,2.0,2.0,3.0,3.0,2,3.0,2.0,3.0,3.0,2.0,2.0,3.0,3.0,3.0,2,3,3.0,3.0,3.0,3.0,3.0,3.0,3.0,2,3.0,3.0,3.0,3.0,3.0,1.0,3,3.0,3.0,3.0,2.0,3.0,3.0,3.0,3.0,3.0,3.0,3.0,3.0,3.0,3.0,3.0,2,3.0,2.0,3.0,3.0,3.0,2.0,2.0,3.0,3.0,3.0,3.0,3.0,2,3.0,3.0,3.0,3.0,3.0,3.0,3.0,3,2.0,3.0,3.0,3.0,3.0,3.0,2.0,3.0,1.0,3.0,2,3.0,3.0,3.0,3.0,3.0,3.0,3.0,3.0,3.0,1.0,3.0,3.0,3.0,0.0,3.0,3.0,3.0,3.0,3.0,2.0,3.0,2,3.0,3.0,3.0,1.0,3.0,2,3.0,2.0,3.0,3.0,0.0,3,3.0,3.0,3.0,3.0,3.0,3.0,2.0,3,3.0,3.0,2.0,3.0,3.0,2.0,3.0,2.0,1.0,3.0,3,3.0,2.0,3.0,3.0,3.0,3.0,3.0,2,3.0,3.0,3.0,3.0,3.0,2.0,3.0,2.0,3.0,3.0,0.0,3.0,2.0,3.0,2.0,3.0,3.0,3.0,3.0,3.0,3.0,3.0,3.0,3.0,3.0,3.0,3.0,3.0,3.0,3.0,2.0,2.0,3.0,3.0,3.0,3.0,2.0,3.0,3.0,1.0,3.0,2.0,3.0,3,3.0,3.0,2.0,3.0,2.0,3.0,3,3.0,3.0,3.0,3.0,3.0,3.0,3.0,3.0,3.0,3.0,3.0,2.0,3.0,3.0,2.0,0.0,3.0,2.0,3.0,3.0,3.0,3.0,2.0,3.0,3.0,3.0,3.0,2.0,3.0,3.0,3.0,3.0,3.0,3.0,3.0,2.0,3.0,3.0,3.0,3.0,3.0,3.0,3.0,3.0,3.0,3.0,3.0,3.0,3.0,3.0,3.0,3.0,3.0,3.0,3.0,2,2.0,3.0,3.0,3.0,3.0,3.0,3.0,3.0,3.0,,3.0,3.0,3.0,3.0,3,3.0,3.0,3.0,3.0,3.0,,3.0,3.0,3.0,3.0,3.0,3.0,3.0,3.0,3.0,3.0,3.0,3.0,3.0,3.0,3.0,3.0,3.0,3.0,3.0,1.0,3.0,1.0,3.0,3.0,2.0,3.0,3.0,3.0,3.0,3.0,3.0,2.0,3.0,3.0,2,3.0,3.0,3.0,3.0,3.0,3.0,3.0,3.0,3.0,3.0,3.0,3.0,3.0,3.0,1.0,3.0,3.0,3.0,3.0,1.0,3.0,3.0,3.0,3.0,2.0,3.0,1.0,3.0,3.0,3.0,2.0,3.0,3.0,3.0,,3.0,2.0,3.0,3.0,3.0,3.0,3.0,3.0,2.0,3.0,,3.0,3.0,3.0,3.0,3.0,3.0,2.0,3.0,3.0,3.0,3.0,3.0,3.0,3.0,3.0,2.0,3.0,2,3.0,3.0,3.0,3.0,3.0,,3.0,3.0,2.0,3.0,3.0,3.0,3.0,3.0,3.0,3.0,3.0,3.0,3.0,3.0,3.0,3.0,2.0,3.0,3.0,3.0,3.0,3.0,3.0,3.0,3.0,3.0,3.0,3.0,3.0,3.0,2.0,3.0,3,3.0,3.0,3.0,1.0,3.0,3.0,3.0,2.0,3.0,3.0,2.0,1.0,3.0,3.0,3.0,3.0,3.0,3.0,3.0,3.0,2.0,3.0,3.0,3.0,3.0,3.0,2.0,3.0,3.0,3.0,3.0,3.0,2.0,3.0,3.0,3.0,3.0,3.0,3.0,3.0,3.0,2.0,2.0,3.0,3.0,3.0,3.0,3.0,3.0,1.0,3.0,,3.0,3.0,,3.0,3.0,3.0,3.0,3.0,3.0,3.0,3.0,3.0,3.0,,3.0,3.0,3.0,,3.0,3.0,3.0,2.0,3.0,3.0,,3.0,3.0,3.0,3.0,,3.0,3.0,3.0,3.0,3.0,3.0,3.0,3.0,,56,9,0.0896946564885496,1.2363114688770225,-0.20290171845355567
2.0,3,2,3.0,3.0,2.0,2.0,3.0,3.0,3.0,3.0,3.0,2,3.0,3.0,3.0,3.0,,3.0,3.0,3.0,3.0,3.0,3.0,3.0,0.0,2.0,3.0,3.0,1.0,2.0,3.0,3.0,3.0,3.0,2.0,3.0,3.0,3.0,3.0,3.0,3.0,3.0,3.0,2.0,3.0,2.0,3.0,3.0,2.0,3.0,3.0,3.0,3.0,3.0,3.0,3.0,3.0,3.0,3.0,3.0,1.0,2.0,3.0,3.0,2.0,1,3.0,3.0,3.0,3.0,3.0,3.0,3.0,3.0,3.0,0.0,3.0,3.0,3.0,2.0,2.0,3.0,2,3.0,3.0,3.0,3.0,3.0,3.0,3.0,3.0,2.0,3.0,3.0,3.0,3.0,3.0,3,2.0,3.0,3.0,3.0,3.0,3.0,3.0,3.0,3.0,2,3,3.0,3.0,1.0,3.0,3.0,3.0,0.0,3,3.0,2.0,3.0,3.0,3.0,3.0,3,3.0,3.0,3.0,3.0,2.0,3.0,3.0,3.0,2.0,3.0,3.0,2.0,2.0,3.0,3.0,3,3.0,3.0,3.0,3.0,3.0,3.0,2.0,3.0,3.0,3.0,2.0,3.0,3,3.0,3.0,2.0,3.0,3.0,3.0,3.0,1,3.0,2.0,3.0,0.0,3.0,3.0,3.0,2.0,3.0,2.0,3,3.0,3.0,3.0,3.0,3.0,3.0,3.0,3.0,3.0,3.0,3.0,3.0,3.0,3.0,3.0,1.0,3.0,2.0,3.0,3.0,3.0,3,3.0,3.0,3.0,3.0,1.0,3,3.0,3.0,2.0,3.0,3.0,3,3.0,3.0,3.0,3.0,2.0,3.0,3.0,2,3.0,3.0,3.0,2.0,3.0,3.0,3.0,3.0,3.0,3.0,2,2.0,3.0,3.0,3.0,3.0,3.0,3.0,3,3.0,3.0,3.0,3.0,3.0,3.0,3.0,2.0,3.0,3.0,3.0,3.0,3.0,3.0,3.0,3.0,3.0,3.0,2.0,3.0,3.0,3.0,1.0,3.0,3.0,3.0,1.0,2.0,3.0,3.0,2.0,2.0,,3.0,3.0,2.0,3.0,3.0,3.0,3.0,2.0,3.0,3.0,3,3.0,3.0,3.0,3.0,3.0,3.0,3,3.0,,2.0,2.0,3.0,3.0,3.0,3.0,3.0,3.0,3.0,3.0,3.0,3.0,3.0,3.0,3.0,3.0,3.0,3.0,3.0,3.0,,3.0,3.0,3.0,1.0,3.0,3.0,3.0,3.0,3.0,2.0,3.0,1.0,2.0,3.0,2.0,2.0,3.0,3.0,3.0,3.0,3.0,3.0,3.0,3.0,2.0,2.0,3.0,3.0,3.0,3.0,3.0,3.0,3,3.0,3.0,3.0,3.0,3.0,3.0,2.0,3.0,3.0,3.0,3.0,3.0,1.0,3.0,3,2.0,3.0,3.0,3.0,3.0,,2.0,3.0,3.0,3.0,3.0,2.0,2.0,3.0,3.0,2.0,3.0,3.0,3.0,3.0,3.0,3.0,2.0,3.0,3.0,2.0,2.0,3.0,3.0,3.0,3.0,3.0,3.0,2.0,3.0,3.0,3.0,2.0,3.0,3.0,2,3.0,3.0,1.0,3.0,3.0,3.0,0.0,3.0,3.0,3.0,3.0,3.0,3.0,3.0,3.0,3.0,3.0,3.0,2.0,3.0,3.0,2.0,3.0,3.0,3.0,3.0,3.0,3.0,3.0,3.0,3.0,3.0,,3.0,2.0,3.0,3.0,3.0,3.0,3.0,3.0,3.0,3.0,3.0,3.0,,3.0,2.0,3.0,2.0,3.0,3.0,3.0,3.0,3.0,3.0,3.0,3.0,3.0,3.0,3.0,3.0,3.0,3,3.0,3.0,3.0,3.0,2.0,,3.0,3.0,3.0,3.0,3.0,1.0,3.0,3.0,3.0,3.0,3.0,3.0,3.0,1.0,3.0,3.0,3.0,3.0,3.0,3.0,3.0,3.0,3.0,3.0,3.0,3.0,2.0,3.0,3.0,3.0,3.0,3.0,3,3.0,3.0,3.0,3.0,3.0,,3.0,1.0,1.0,3.0,3.0,3.0,3.0,3.0,3.0,3.0,3.0,3.0,3.0,3.0,3.0,3.0,3.0,3.0,3.0,3.0,3.0,3.0,3.0,3.0,2.0,3.0,3.0,3.0,3.0,3.0,3.0,3.0,2.0,0.0,3.0,3.0,3.0,3.0,3.0,2.0,3.0,3.0,3.0,3.0,3.0,3.0,3.0,3.0,3.0,3.0,3.0,3.0,3.0,3.0,3.0,3.0,2.0,3.0,3.0,3.0,3.0,3.0,3.0,,3.0,3.0,3.0,3.0,2.0,3.0,3.0,3.0,3.0,3.0,,3.0,3.0,3.0,3.0,3.0,3.0,,3.0,3.0,,57,9,0.0691588785046729,1.2499583541562553,-0.2412080848897506
1.0,2,2,2.0,3.0,3.0,2.0,3.0,3.0,3.0,3.0,3.0,2,2.0,3.0,3.0,3.0,,3.0,3.0,3.0,3.0,2.0,2.0,2.0,3.0,2.0,2.0,2.0,3.0,3.0,2.0,3.0,2.0,3.0,2.0,3.0,3.0,2.0,2.0,3.0,2.0,2.0,2.0,2.0,2.0,2.0,3.0,3.0,2.0,2.0,3.0,2.0,3.0,3.0,3.0,3.0,3.0,2.0,3.0,3.0,3.0,3.0,3.0,3.0,2.0,2,3.0,3.0,3.0,3.0,3.0,2.0,3.0,2.0,3.0,3.0,2.0,3.0,3.0,3.0,0.0,3.0,3,3.0,2.0,3.0,2.0,2.0,3.0,3.0,3.0,2.0,3.0,3.0,2.0,3.0,3.0,2,2.0,2.0,2.0,3.0,3.0,3.0,2.0,3.0,2.0,2,3,2.0,3.0,3.0,3.0,2.0,3.0,3.0,2,3.0,2.0,3.0,3.0,3.0,3.0,3,3.0,3.0,1.0,3.0,2.0,2.0,3.0,3.0,3.0,2.0,3.0,2.0,3.0,3.0,3.0,2,3.0,1.0,3.0,3.0,3.0,2.0,2.0,3.0,2.0,2.0,2.0,3.0,3,3.0,3.0,3.0,3.0,3.0,3.0,2.0,3,3.0,3.0,3.0,2.0,1.0,3.0,3.0,2.0,2.0,3.0,2,3.0,3.0,3.0,2.0,2.0,3.0,3.0,3.0,3.0,0.0,3.0,3.0,3.0,2.0,3.0,3.0,3.0,3.0,3.0,2.0,2.0,2,2.0,2.0,3.0,3.0,3.0,3,3.0,2.0,3.0,1.0,2.0,2,2.0,3.0,3.0,3.0,1.0,3.0,1.0,2,2.0,2.0,3.0,2.0,3.0,3.0,3.0,3.0,2.0,2.0,2,2.0,2.0,2.0,3.0,3.0,2.0,3.0,2,2.0,3.0,3.0,3.0,3.0,3.0,3.0,2.0,3.0,3.0,3.0,3.0,2.0,3.0,3.0,3.0,3.0,2.0,3.0,3.0,0.0,3.0,2.0,3.0,3.0,3.0,3.0,2.0,1.0,3.0,3.0,2.0,2.0,2.0,3.0,3.0,2.0,3.0,3.0,2.0,3.0,2.0,3.0,1,3.0,3.0,2.0,3.0,3.0,3.0,1,1.0,3.0,2.0,3.0,3.0,3.0,3.0,3.0,3.0,3.0,3.0,2.0,3.0,2.0,3.0,3.0,3.0,3.0,2.0,1.0,3.0,2.0,3.0,3.0,2.0,3.0,3.0,1.0,2.0,2.0,3.0,2.0,2.0,3.0,3.0,2.0,3.0,2.0,2.0,3.0,1.0,2.0,3.0,2.0,2.0,3.0,2.0,3.0,2.0,0.0,3.0,1.0,3.0,3.0,3.0,2,2.0,3.0,3.0,2.0,3.0,3.0,3.0,3.0,3.0,3.0,3.0,3.0,3.0,2.0,3,3.0,3.0,3.0,1.0,3.0,3.0,0.0,2.0,3.0,3.0,2.0,3.0,2.0,3.0,3.0,3.0,3.0,1.0,3.0,3.0,1.0,3.0,1.0,2.0,3.0,3.0,2.0,3.0,3.0,3.0,3.0,3.0,2.0,3.0,2.0,3.0,1.0,3.0,2.0,3.0,2,2.0,3.0,3.0,2.0,2.0,2.0,3.0,3.0,2.0,2.0,3.0,3.0,3.0,3.0,3.0,3.0,3.0,3.0,3.0,3.0,3.0,3.0,3.0,3.0,3.0,3.0,3.0,3.0,3.0,2.0,2.0,3.0,3.0,3.0,3.0,1.0,3.0,3.0,3.0,2.0,3.0,3.0,3.0,3.0,3.0,,3.0,3.0,3.0,2.0,2.0,3.0,3.0,3.0,3.0,0.0,2.0,2.0,3.0,2.0,3.0,3.0,3.0,2,2.0,2.0,2.0,3.0,2.0,,1.0,2.0,2.0,3.0,3.0,2.0,3.0,2.0,2.0,3.0,2.0,2.0,2.0,3.0,3.0,3.0,3.0,3.0,3.0,3.0,3.0,3.0,3.0,3.0,3.0,3.0,2.0,3.0,3.0,3.0,3.0,3.0,3,3.0,3.0,3.0,2.0,3.0,3.0,2.0,3.0,3.0,3.0,3.0,1.0,3.0,3.0,3.0,3.0,3.0,2.0,3.0,3.0,3.0,1.0,3.0,3.0,3.0,2.0,3.0,3.0,3.0,3.0,3.0,3.0,3.0,3.0,3.0,3.0,3.0,3.0,3.0,3.0,3.0,3.0,2.0,3.0,3.0,2.0,2.0,3.0,3.0,2.0,3.0,3.0,3.0,2.0,3.0,3.0,3.0,2.0,3.0,3.0,3.0,3.0,3.0,3.0,3.0,3.0,3.0,3.0,3.0,,3.0,3.0,3.0,3.0,3.0,3.0,3.0,3.0,3.0,3.0,3.0,3.0,3.0,3.0,3.0,3.0,3.0,3.0,3.0,3.0,,58,9,0.0681399631675874,1.154594196804037,-0.4599559548374449
3.0,3,2,3.0,3.0,2.0,1.0,2.0,3.0,3.0,2.0,3.0,2,3.0,3.0,0.0,3.0,,3.0,3.0,3.0,3.0,3.0,3.0,3.0,3.0,3.0,3.0,2.0,3.0,3.0,2.0,3.0,3.0,3.0,3.0,3.0,3.0,2.0,3.0,3.0,3.0,3.0,3.0,2.0,2.0,3.0,3.0,3.0,2.0,3.0,3.0,3.0,2.0,3.0,3.0,3.0,3.0,2.0,2.0,3.0,3.0,3.0,3.0,3.0,3.0,3,1.0,3.0,2.0,3.0,3.0,3.0,3.0,3.0,3.0,3.0,3.0,3.0,3.0,3.0,3.0,3.0,3,3.0,3.0,3.0,3.0,3.0,3.0,3.0,3.0,3.0,3.0,3.0,1.0,3.0,3.0,3,3.0,2.0,3.0,3.0,3.0,3.0,3.0,3.0,3.0,3,3,3.0,3.0,0.0,3.0,2.0,2.0,3.0,3,3.0,3.0,3.0,3.0,3.0,3.0,3,3.0,3.0,3.0,3.0,3.0,3.0,3.0,3.0,3.0,3.0,3.0,3.0,3.0,3.0,3.0,2,3.0,2.0,3.0,3.0,3.0,3.0,2.0,3.0,3.0,3.0,3.0,3.0,3,3.0,3.0,3.0,2.0,0.0,3.0,3.0,3,3.0,3.0,3.0,3.0,3.0,3.0,3.0,3.0,3.0,3.0,3,3.0,3.0,3.0,2.0,3.0,3.0,3.0,2.0,2.0,2.0,3.0,3.0,3.0,3.0,3.0,3.0,3.0,3.0,3.0,3.0,2.0,2,3.0,2.0,3.0,2.0,3.0,3,3.0,1.0,3.0,1.0,3.0,2,3.0,3.0,3.0,3.0,3.0,3.0,3.0,3,2.0,3.0,2.0,2.0,3.0,3.0,3.0,3.0,3.0,3.0,3,2.0,2.0,3.0,3.0,3.0,2.0,3.0,3,1.0,3.0,3.0,3.0,3.0,2.0,3.0,2.0,3.0,3.0,3.0,3.0,3.0,2.0,2.0,3.0,3.0,2.0,3.0,3.0,3.0,3.0,3.0,3.0,3.0,3.0,3.0,2.0,1.0,3.0,3.0,3.0,3.0,3.0,3.0,3.0,3.0,3.0,3.0,3.0,3.0,2.0,3.0,3,3.0,3.0,3.0,3.0,1.0,3.0,3,3.0,3.0,3.0,3.0,3.0,3.0,2.0,1.0,3.0,2.0,3.0,3.0,3.0,3.0,3.0,3.0,3.0,3.0,3.0,3.0,2.0,3.0,3.0,3.0,3.0,3.0,3.0,3.0,3.0,3.0,2.0,1.0,3.0,3.0,2.0,2.0,3.0,3.0,3.0,3.0,3.0,2.0,3.0,2.0,3.0,3.0,3.0,3.0,3.0,2.0,3.0,3.0,3.0,3.0,3.0,3,3.0,3.0,3.0,2.0,3.0,3.0,3.0,3.0,3.0,3.0,3.0,3.0,2.0,3.0,2,3.0,3.0,,3.0,3.0,,3.0,3.0,3.0,3.0,3.0,3.0,3.0,3.0,3.0,3.0,3.0,3.0,3.0,3.0,3.0,3.0,3.0,3.0,3.0,3.0,3.0,3.0,3.0,3.0,2.0,3.0,3.0,3.0,2.0,3.0,3.0,2.0,2.0,3.0,3,3.0,3.0,3.0,3.0,3.0,3.0,3.0,3.0,3.0,3.0,3.0,3.0,3.0,3.0,1.0,3.0,3.0,3.0,3.0,2.0,3.0,3.0,3.0,2.0,2.0,3.0,3.0,3.0,3.0,3.0,2.0,3.0,3.0,3.0,3.0,2.0,3.0,3.0,3.0,3.0,3.0,3.0,3.0,3.0,3.0,,3.0,3.0,3.0,3.0,3.0,3.0,3.0,3.0,3.0,3.0,3.0,2.0,3.0,3.0,3.0,3.0,3.0,3,0.0,3.0,3.0,3.0,3.0,,3.0,0.0,2.0,1.0,3.0,3.0,3.0,3.0,3.0,3.0,3.0,3.0,3.0,3.0,3.0,3.0,2.0,2.0,3.0,3.0,3.0,3.0,3.0,2.0,3.0,3.0,3.0,3.0,2.0,3.0,2.0,3.0,3,3.0,3.0,3.0,2.0,3.0,1.0,3.0,3.0,3.0,3.0,3.0,3.0,3.0,3.0,3.0,3.0,2.0,3.0,2.0,3.0,3.0,3.0,3.0,3.0,3.0,3.0,3.0,3.0,,3.0,3.0,3.0,3.0,3.0,3.0,3.0,3.0,3.0,3.0,3.0,3.0,3.0,3.0,3.0,3.0,2.0,3.0,3.0,3.0,1.0,1.0,,2.0,2.0,3.0,0.0,3.0,3.0,3.0,3.0,3.0,3.0,2.0,3.0,3.0,3.0,3.0,3.0,3.0,,3.0,3.0,3.0,3.0,1.0,3.0,,3.0,1.0,3.0,3.0,,2.0,3.0,3.0,3.0,,3.0,3.0,3.0,,59,9,0.0690298507462686,1.2566783759496776,-0.23588220031078086
3.0,3,3,3.0,3.0,3.0,3.0,3.0,3.0,,0.0,3.0,2,3.0,3.0,2.0,3.0,,3.0,3.0,,3.0,3.0,3.0,3.0,,3.0,3.0,3.0,3.0,3.0,3.0,3.0,3.0,3.0,3.0,3.0,3.0,2.0,3.0,3.0,3.0,3.0,3.0,3.0,3.0,3.0,3.0,3.0,3.0,3.0,3.0,3.0,3.0,,3.0,3.0,3.0,3.0,3.0,3.0,3.0,3.0,1.0,3.0,3.0,3,3.0,,3.0,,0.0,2.0,3.0,0.0,,3.0,3.0,3.0,3.0,,2.0,3.0,2,3.0,3.0,3.0,3.0,3.0,,3.0,3.0,3.0,3.0,3.0,3.0,3.0,3.0,3,3.0,3.0,3.0,3.0,3.0,1.0,2.0,,3.0,1,2,3.0,2.0,3.0,3.0,3.0,,3.0,3,3.0,3.0,3.0,3.0,2.0,3.0,3,3.0,3.0,2.0,3.0,3.0,3.0,3.0,3.0,3.0,3.0,,3.0,3.0,3.0,3.0,3,2.0,3.0,3.0,3.0,3.0,3.0,3.0,3.0,3.0,3.0,3.0,3.0,3,,3.0,2.0,3.0,3.0,,3.0,3,3.0,3.0,3.0,3.0,,,2.0,3.0,3.0,3.0,3,,3.0,3.0,3.0,3.0,3.0,,3.0,2.0,3.0,,3.0,3.0,3.0,,3.0,3.0,,3.0,,3.0,3,3.0,3.0,3.0,3.0,3.0,3,,3.0,3.0,,3.0,3,3.0,1.0,3.0,,,3.0,3.0,1,3.0,3.0,,3.0,3.0,3.0,3.0,3.0,3.0,3.0,3,3.0,3.0,1.0,2.0,,,3.0,3,1.0,3.0,,,3.0,3.0,3.0,3.0,3.0,3.0,,3.0,,3.0,2.0,,,3.0,,,3.0,,,,2.0,,3.0,0.0,3.0,3.0,3.0,3.0,,3.0,,3.0,3.0,,,3.0,3.0,3.0,3.0,3,,3.0,3.0,,3.0,2.0,2,,1.0,3.0,1.0,3.0,3.0,3.0,3.0,,3.0,,3.0,3.0,3.0,,3.0,3.0,3.0,3.0,3.0,3.0,3.0,,3.0,3.0,,,,3.0,3.0,,,3.0,,3.0,,,,3.0,,3.0,3.0,,,3.0,3.0,3.0,2.0,3.0,3.0,2.0,2.0,3.0,3.0,3.0,3,3.0,3.0,3.0,3.0,,,,3.0,3.0,1.0,,,3.0,3.0,3,3.0,2.0,,3.0,,,3.0,3.0,,3.0,3.0,3.0,3.0,3.0,,3.0,,,,3.0,,,3.0,3.0,,,3.0,,3.0,3.0,3.0,3.0,3.0,3.0,3.0,3.0,2.0,3.0,3.0,3.0,3,3.0,,3.0,3.0,3.0,3.0,3.0,3.0,3.0,3.0,3.0,3.0,3.0,3.0,3.0,3.0,3.0,,3.0,3.0,3.0,3.0,,3.0,,,3.0,,3.0,3.0,3.0,,,3.0,,3.0,,,3.0,,3.0,3.0,3.0,3.0,3.0,,3.0,3.0,3.0,3.0,3.0,,2.0,3.0,3.0,3.0,,3.0,,3.0,3.0,3.0,,3,3.0,3.0,3.0,0.0,3.0,,3.0,3.0,3.0,3.0,3.0,3.0,,3.0,3.0,,3.0,,3.0,3.0,3.0,,,,3.0,3.0,3.0,3.0,,3.0,3.0,3.0,3.0,,3.0,,3.0,3.0,3,,,3.0,2.0,,,3.0,,0.0,3.0,2.0,3.0,3.0,3.0,3.0,,3.0,3.0,3.0,3.0,3.0,2.0,3.0,3.0,3.0,3.0,,3.0,,3.0,,3.0,3.0,3.0,,3.0,2.0,,2.0,3.0,3.0,2.0,3.0,,3.0,3.0,,,3.0,,,,,3.0,,3.0,,,3.0,3.0,,,,,3.0,,3.0,3.0,3.0,3.0,3.0,,,3.0,1.0,,,3.0,,3.0,,3.0,,,3.0,3.0,3.0,,3.0,3.0,,60,9,0.0920398009950248,1.4585232452142205,-0.002185084818226054
3.0,1,3,3.0,3.0,3.0,2.0,3.0,3.0,3.0,2.0,3.0,2,3.0,3.0,0.0,3.0,,3.0,3.0,3.0,3.0,3.0,3.0,3.0,2.0,3.0,3.0,3.0,3.0,3.0,2.0,3.0,2.0,2.0,2.0,3.0,3.0,3.0,2.0,3.0,3.0,2.0,3.0,0.0,2.0,2.0,3.0,3.0,3.0,2.0,2.0,2.0,3.0,3.0,3.0,3.0,3.0,2.0,3.0,3.0,1.0,3.0,2.0,3.0,2.0,2,3.0,3.0,3.0,3.0,3.0,2.0,2.0,3.0,3.0,3.0,2.0,2.0,3.0,3.0,3.0,3.0,3,3.0,3.0,2.0,3.0,3.0,3.0,3.0,3.0,2.0,2.0,3.0,2.0,3.0,3.0,2,2.0,2.0,3.0,3.0,3.0,2.0,3.0,3.0,3.0,2,3,1.0,3.0,3.0,2.0,3.0,3.0,3.0,3,3.0,3.0,3.0,2.0,0.0,3.0,2,1.0,3.0,2.0,3.0,3.0,2.0,3.0,3.0,3.0,2.0,3.0,2.0,3.0,3.0,3.0,2,3.0,3.0,3.0,3.0,3.0,3.0,2.0,2.0,3.0,2.0,2.0,2.0,2,3.0,3.0,3.0,2.0,2.0,3.0,1.0,2,3.0,3.0,3.0,2.0,3.0,3.0,3.0,3.0,3.0,3.0,2,3.0,3.0,3.0,2.0,3.0,3.0,3.0,1.0,3.0,3.0,3.0,3.0,3.0,3.0,3.0,3.0,2.0,3.0,3.0,3.0,3.0,3,3.0,3.0,2.0,3.0,3.0,2,3.0,3.0,2.0,3.0,2.0,2,3.0,3.0,2.0,3.0,3.0,3.0,3.0,2,3.0,3.0,3.0,3.0,1.0,2.0,3.0,3.0,3.0,3.0,2,3.0,2.0,3.0,1.0,3.0,3.0,3.0,1,3.0,3.0,3.0,3.0,3.0,3.0,3.0,3.0,3.0,3.0,3.0,3.0,3.0,3.0,3.0,3.0,3.0,3.0,3.0,3.0,3.0,3.0,3.0,3.0,2.0,3.0,3.0,2.0,3.0,3.0,2.0,3.0,3.0,2.0,3.0,2.0,2.0,3.0,2.0,3.0,3.0,3.0,2.0,2,3.0,3.0,3.0,3.0,3.0,3.0,3,2.0,3.0,3.0,3.0,3.0,3.0,3.0,2.0,3.0,3.0,3.0,3.0,3.0,3.0,3.0,0.0,3.0,1.0,3.0,3.0,3.0,2.0,3.0,3.0,3.0,3.0,3.0,3.0,3.0,2.0,2.0,2.0,3.0,3.0,3.0,2.0,3.0,3.0,2.0,3.0,3.0,3.0,3.0,3.0,3.0,3.0,2.0,3.0,2.0,3.0,3.0,3.0,3.0,3.0,3.0,3,3.0,2.0,3.0,2.0,3.0,3.0,3.0,3.0,3.0,3.0,3.0,3.0,3.0,3.0,3,3.0,1.0,3.0,3.0,3.0,3.0,3.0,2.0,3.0,3.0,2.0,3.0,3.0,3.0,3.0,3.0,3.0,3.0,3.0,3.0,2.0,3.0,3.0,3.0,3.0,2.0,2.0,3.0,3.0,2.0,3.0,3.0,2.0,3.0,1.0,1.0,2.0,3.0,3.0,3.0,2,1.0,3.0,2.0,3.0,3.0,3.0,2.0,3.0,3.0,3.0,3.0,3.0,2.0,3.0,2.0,3.0,3.0,3.0,0.0,3.0,3.0,3.0,3.0,3.0,2.0,3.0,3.0,3.0,3.0,3.0,2.0,3.0,,3.0,3.0,3.0,3.0,3.0,2.0,3.0,3.0,3.0,3.0,1.0,3.0,,3.0,3.0,2.0,2.0,3.0,3.0,3.0,2.0,3.0,3.0,2.0,2.0,3.0,1.0,3.0,3.0,3.0,2,3.0,3.0,3.0,3.0,3.0,,2.0,3.0,3.0,3.0,3.0,3.0,3.0,3.0,3.0,3.0,3.0,3.0,3.0,2.0,3.0,3.0,3.0,3.0,3.0,2.0,3.0,3.0,3.0,2.0,2.0,3.0,2.0,3.0,3.0,3.0,2.0,3.0,2,3.0,3.0,2.0,3.0,3.0,2.0,3.0,3.0,3.0,3.0,3.0,3.0,3.0,1.0,0.0,3.0,3.0,3.0,3.0,3.0,1.0,3.0,3.0,2.0,3.0,2.0,3.0,3.0,3.0,3.0,3.0,2.0,2.0,1.0,3.0,3.0,2.0,3.0,3.0,3.0,3.0,3.0,3.0,3.0,3.0,3.0,3.0,3.0,3.0,3.0,3.0,3.0,3.0,3.0,,3.0,3.0,3.0,3.0,3.0,3.0,3.0,3.0,3.0,3.0,3.0,3.0,3.0,3.0,,3.0,3.0,2.0,3.0,3.0,3.0,3.0,3.0,3.0,3.0,,3.0,3.0,3.0,3.0,3.0,3.0,3.0,2.0,3.0,3.0,61,9,0.0605504587155963,1.181744649079144,-0.3793674810343065
3.0,3,2,3.0,3.0,3.0,3.0,3.0,3.0,3.0,3.0,3.0,2,2.0,3.0,3.0,3.0,3.0,3.0,3.0,3.0,3.0,2.0,3.0,3.0,3.0,3.0,3.0,3.0,3.0,2.0,3.0,3.0,3.0,2.0,3.0,3.0,3.0,3.0,3.0,3.0,3.0,3.0,3.0,2.0,3.0,2.0,3.0,3.0,3.0,3.0,3.0,2.0,3.0,3.0,3.0,2.0,3.0,3.0,3.0,3.0,3.0,2.0,3.0,3.0,3.0,2,3.0,3.0,3.0,3.0,3.0,2.0,3.0,3.0,3.0,3.0,3.0,3.0,2.0,3.0,2.0,3.0,3,3.0,2.0,3.0,3.0,2.0,3.0,3.0,3.0,3.0,2.0,3.0,3.0,3.0,3.0,3,3.0,2.0,3.0,2.0,3.0,3.0,3.0,3.0,3.0,3,3,3.0,3.0,3.0,3.0,3.0,3.0,3.0,2,3.0,3.0,3.0,3.0,3.0,2.0,3,3.0,3.0,3.0,3.0,3.0,2.0,3.0,3.0,3.0,3.0,3.0,1.0,3.0,3.0,3.0,2,2.0,3.0,3.0,3.0,3.0,3.0,3.0,3.0,3.0,3.0,0.0,2.0,2,3.0,3.0,2.0,3.0,3.0,3.0,3.0,3,3.0,3.0,3.0,3.0,1.0,3.0,3.0,3.0,3.0,3.0,3,3.0,3.0,2.0,1.0,3.0,3.0,3.0,3.0,3.0,2.0,3.0,3.0,3.0,3.0,3.0,3.0,3.0,3.0,3.0,3.0,2.0,1,3.0,3.0,3.0,3.0,3.0,3,3.0,2.0,3.0,2.0,3.0,3,3.0,3.0,3.0,3.0,3.0,3.0,2.0,2,2.0,3.0,3.0,3.0,2.0,3.0,3.0,3.0,2.0,3.0,2,3.0,3.0,3.0,3.0,3.0,3.0,3.0,3,3.0,3.0,3.0,3.0,3.0,2.0,3.0,3.0,1.0,3.0,3.0,3.0,3.0,2.0,0.0,1.0,3.0,2.0,2.0,3.0,3.0,2.0,3.0,3.0,3.0,3.0,3.0,3.0,3.0,3.0,3.0,3.0,3.0,3.0,3.0,2.0,2.0,3.0,3.0,3.0,3.0,2.0,3.0,2,3.0,3.0,3.0,3.0,3.0,3.0,3,3.0,3.0,2.0,3.0,3.0,3.0,3.0,3.0,3.0,3.0,3.0,3.0,2.0,3.0,3.0,3.0,3.0,2.0,3.0,3.0,3.0,2.0,3.0,3.0,2.0,2.0,3.0,3.0,3.0,3.0,2.0,3.0,2.0,3.0,2.0,3.0,3.0,3.0,1.0,3.0,3.0,2.0,3.0,3.0,3.0,3.0,3.0,3.0,3.0,3.0,3.0,3.0,3.0,3.0,3.0,3,2.0,3.0,3.0,3.0,3.0,3.0,3.0,3.0,3.0,3.0,3.0,3.0,2.0,1.0,2,3.0,3.0,3.0,3.0,3.0,3.0,2.0,3.0,3.0,3.0,3.0,3.0,0.0,2.0,3.0,3.0,3.0,3.0,3.0,2.0,3.0,3.0,3.0,3.0,3.0,3.0,3.0,3.0,1.0,1.0,3.0,3.0,3.0,3.0,2.0,3.0,3.0,2.0,2.0,3.0,2,2.0,3.0,3.0,3.0,2.0,2.0,3.0,3.0,3.0,2.0,2.0,3.0,3.0,3.0,3.0,3.0,3.0,3.0,3.0,3.0,1.0,3.0,3.0,3.0,3.0,3.0,2.0,2.0,3.0,3.0,3.0,1.0,,3.0,3.0,3.0,3.0,3.0,3.0,3.0,3.0,3.0,3.0,3.0,3.0,1.0,3.0,1.0,3.0,2.0,3.0,3.0,2.0,2.0,3.0,3.0,3.0,2.0,3.0,2.0,2.0,3.0,2.0,2,3.0,3.0,2.0,3.0,3.0,,3.0,1.0,3.0,3.0,3.0,2.0,0.0,3.0,3.0,3.0,3.0,3.0,3.0,3.0,3.0,0.0,2.0,1.0,2.0,3.0,3.0,3.0,3.0,2.0,3.0,3.0,2.0,3.0,3.0,3.0,3.0,3.0,1,3.0,3.0,3.0,3.0,3.0,,3.0,3.0,3.0,3.0,3.0,3.0,3.0,3.0,3.0,3.0,3.0,2.0,2.0,3.0,3.0,3.0,2.0,3.0,2.0,2.0,3.0,3.0,3.0,3.0,3.0,2.0,3.0,3.0,1.0,2.0,2.0,3.0,3.0,3.0,3.0,3.0,3.0,3.0,3.0,2.0,3.0,3.0,1.0,3.0,3.0,,3.0,3.0,3.0,3.0,3.0,3.0,3.0,0.0,3.0,3.0,3.0,3.0,3.0,3.0,1.0,,3.0,3.0,3.0,3.0,3.0,3.0,3.0,3.0,3.0,3.0,3.0,3.0,,3.0,3.0,2.0,3.0,3.0,3.0,3.0,3.0,3.0,,62,9,0.0743494423791821,1.2088051199099796,-0.28064840526838675
3.0,2,2,3.0,3.0,3.0,2.0,3.0,2.0,3.0,3.0,3.0,2,3.0,3.0,3.0,3.0,,3.0,3.0,3.0,3.0,3.0,2.0,3.0,3.0,3.0,3.0,3.0,2.0,3.0,3.0,3.0,1.0,3.0,3.0,3.0,2.0,2.0,0.0,3.0,3.0,3.0,3.0,2.0,3.0,2.0,3.0,3.0,3.0,3.0,3.0,3.0,3.0,3.0,3.0,2.0,3.0,2.0,2.0,3.0,3.0,3.0,3.0,3.0,3.0,3,3.0,3.0,3.0,3.0,3.0,2.0,2.0,3.0,3.0,3.0,3.0,2.0,3.0,3.0,3.0,3.0,3,2.0,3.0,3.0,3.0,3.0,0.0,3.0,3.0,1.0,2.0,3.0,1.0,3.0,3.0,2,2.0,2.0,2.0,3.0,3.0,3.0,3.0,2.0,3.0,3,3,3.0,3.0,2.0,3.0,3.0,3.0,3.0,3,3.0,3.0,2.0,3.0,3.0,3.0,3,3.0,3.0,3.0,3.0,3.0,2.0,2.0,3.0,3.0,1.0,3.0,2.0,3.0,3.0,3.0,3,3.0,2.0,3.0,3.0,2.0,3.0,2.0,3.0,2.0,3.0,3.0,3.0,1,3.0,3.0,3.0,3.0,3.0,3.0,3.0,3,2.0,3.0,3.0,2.0,3.0,3.0,3.0,3.0,3.0,3.0,2,3.0,3.0,3.0,3.0,2.0,3.0,3.0,3.0,1.0,3.0,3.0,3.0,3.0,2.0,3.0,3.0,3.0,3.0,2.0,3.0,3.0,2,2.0,3.0,3.0,3.0,3.0,3,3.0,2.0,3.0,3.0,3.0,2,2.0,2.0,3.0,3.0,3.0,3.0,3.0,3,2.0,3.0,3.0,3.0,3.0,3.0,3.0,3.0,2.0,1.0,3,2.0,2.0,2.0,2.0,3.0,2.0,3.0,3,1.0,3.0,3.0,3.0,3.0,3.0,3.0,2.0,2.0,2.0,3.0,2.0,2.0,2.0,3.0,3.0,1.0,3.0,3.0,3.0,3.0,3.0,3.0,3.0,3.0,3.0,3.0,2.0,3.0,3.0,1.0,2.0,3.0,3.0,3.0,3.0,2.0,1.0,3.0,3.0,3.0,3.0,3.0,3,3.0,3.0,3.0,3.0,3.0,3.0,3,2.0,3.0,3.0,3.0,3.0,3.0,3.0,1.0,3.0,2.0,3.0,3.0,3.0,3.0,3.0,3.0,3.0,3.0,3.0,3.0,3.0,3.0,3.0,2.0,3.0,3.0,3.0,3.0,3.0,3.0,3.0,2.0,3.0,3.0,0.0,2.0,1.0,3.0,3.0,3.0,2.0,3.0,2.0,3.0,2.0,3.0,2.0,3.0,2.0,3.0,3.0,3.0,2.0,3.0,3.0,2,3.0,3.0,3.0,2.0,3.0,3.0,3.0,3.0,3.0,3.0,3.0,3.0,3.0,2.0,1,3.0,3.0,3.0,3.0,3.0,,1.0,2.0,3.0,3.0,3.0,3.0,3.0,3.0,3.0,2.0,3.0,3.0,3.0,3.0,3.0,3.0,3.0,3.0,3.0,3.0,3.0,3.0,3.0,3.0,3.0,3.0,3.0,3.0,3.0,2.0,3.0,3.0,3.0,3.0,3,3.0,3.0,3.0,2.0,3.0,2.0,3.0,3.0,3.0,3.0,3.0,3.0,3.0,3.0,3.0,3.0,3.0,3.0,3.0,3.0,3.0,3.0,3.0,3.0,3.0,3.0,3.0,3.0,3.0,2.0,3.0,3.0,3.0,3.0,3.0,3.0,3.0,3.0,3.0,2.0,3.0,3.0,3.0,3.0,3.0,,3.0,3.0,3.0,2.0,3.0,3.0,3.0,3.0,3.0,3.0,3.0,2.0,3.0,3.0,3.0,3.0,3.0,3,3.0,3.0,3.0,3.0,3.0,,3.0,2.0,3.0,3.0,3.0,3.0,3.0,3.0,3.0,3.0,3.0,2.0,3.0,2.0,3.0,3.0,2.0,3.0,3.0,2.0,3.0,3.0,3.0,3.0,3.0,3.0,3.0,3.0,3.0,3.0,2.0,3.0,3,1.0,3.0,2.0,3.0,3.0,3.0,3.0,3.0,3.0,3.0,3.0,3.0,3.0,3.0,3.0,0.0,3.0,3.0,3.0,3.0,3.0,2.0,3.0,3.0,3.0,2.0,3.0,3.0,,3.0,1.0,3.0,3.0,3.0,3.0,2.0,3.0,3.0,3.0,3.0,3.0,3.0,3.0,3.0,3.0,2.0,3.0,0.0,3.0,3.0,3.0,,3.0,3.0,,3.0,3.0,2.0,3.0,3.0,2.0,2.0,3.0,3.0,3.0,3.0,3.0,3.0,3.0,,3.0,0.0,3.0,3.0,3.0,3.0,3.0,3.0,3.0,3.0,3.0,,1.0,3.0,3.0,3.0,3.0,3.0,3.0,3.0,,63,9,0.0849056603773584,1.201461822310531,-0.27441939760529954
3.0,3,2,3.0,3.0,3.0,3.0,0.0,3.0,3.0,3.0,3.0,2,3.0,,3.0,1.0,,3.0,3.0,3.0,3.0,3.0,3.0,3.0,3.0,3.0,3.0,3.0,,3.0,3.0,3.0,3.0,,3.0,3.0,3.0,3.0,3.0,3.0,3.0,3.0,3.0,3.0,2.0,2.0,3.0,3.0,3.0,3.0,3.0,3.0,3.0,3.0,3.0,3.0,3.0,3.0,3.0,3.0,3.0,3.0,3.0,,0.0,3,3.0,1.0,3.0,,3.0,3.0,2.0,2.0,2.0,3.0,3.0,3.0,3.0,,3.0,3.0,3,3.0,3.0,3.0,3.0,3.0,2.0,2.0,3.0,3.0,3.0,3.0,2.0,3.0,3.0,3,3.0,2.0,3.0,3.0,3.0,3.0,3.0,,3.0,3,3,3.0,3.0,3.0,3.0,3.0,3.0,3.0,3,3.0,3.0,3.0,3.0,3.0,,3,3.0,3.0,3.0,3.0,3.0,3.0,3.0,3.0,3.0,3.0,3.0,3.0,3.0,,,2,3.0,3.0,3.0,2.0,3.0,3.0,3.0,3.0,3.0,3.0,3.0,3.0,2,3.0,3.0,3.0,3.0,3.0,1.0,3.0,3,3.0,3.0,3.0,3.0,3.0,3.0,1.0,3.0,2.0,3.0,3,3.0,3.0,3.0,3.0,3.0,2.0,3.0,3.0,3.0,3.0,,3.0,3.0,2.0,3.0,3.0,3.0,,3.0,,3.0,3,3.0,3.0,3.0,3.0,,3,,3.0,2.0,3.0,3.0,3,3.0,3.0,3.0,,,3.0,3.0,3,3.0,3.0,3.0,3.0,3.0,,3.0,3.0,3.0,3.0,3,,3.0,,3.0,,3.0,3.0,3,3.0,3.0,3.0,3.0,3.0,2.0,3.0,3.0,3.0,3.0,0.0,3.0,3.0,3.0,,2.0,3.0,3.0,3.0,,3.0,3.0,,,2.0,,3.0,2.0,3.0,3.0,3.0,3.0,3.0,3.0,,3.0,3.0,3.0,3.0,2.0,3.0,3.0,3.0,3,,3.0,3.0,3.0,3.0,3.0,3,3.0,3.0,2.0,1.0,3.0,2.0,3.0,3.0,3.0,3.0,,3.0,3.0,3.0,,3.0,3.0,2.0,2.0,3.0,3.0,3.0,0.0,3.0,3.0,3.0,3.0,0.0,3.0,3.0,3.0,3.0,3.0,3.0,2.0,3.0,,3.0,3.0,3.0,3.0,2.0,3.0,3.0,3.0,,3.0,3.0,3.0,3.0,3.0,3.0,3.0,3.0,3.0,1,3.0,3.0,3.0,3.0,,3.0,,3.0,,,3.0,3.0,3.0,3.0,3,3.0,3.0,,3.0,,,3.0,3.0,3.0,3.0,3.0,2.0,2.0,3.0,3.0,3.0,3.0,,3.0,3.0,3.0,,3.0,3.0,3.0,3.0,3.0,3.0,3.0,3.0,3.0,2.0,3.0,3.0,3.0,3.0,3.0,3.0,3.0,3.0,2,3.0,3.0,1.0,3.0,3.0,3.0,3.0,3.0,3.0,3.0,3.0,3.0,3.0,3.0,3.0,3.0,3.0,3.0,3.0,3.0,3.0,3.0,3.0,1.0,3.0,,3.0,3.0,3.0,3.0,3.0,3.0,,3.0,,3.0,3.0,3.0,3.0,3.0,,3.0,,2.0,,,,2.0,3.0,3.0,3.0,3.0,3.0,3.0,3.0,1.0,,3.0,3.0,2.0,3.0,2.0,3.0,2,3.0,3.0,3.0,3.0,3.0,,3.0,3.0,3.0,3.0,2.0,3.0,3.0,3.0,3.0,3.0,1.0,3.0,3.0,3.0,3.0,3.0,3.0,2.0,3.0,3.0,3.0,1.0,3.0,3.0,3.0,1.0,3.0,3.0,3.0,3.0,3.0,3.0,3,,3.0,3.0,3.0,3.0,,3.0,,,3.0,3.0,,3.0,3.0,3.0,,2.0,3.0,3.0,3.0,3.0,,3.0,1.0,3.0,3.0,,3.0,,3.0,3.0,3.0,3.0,3.0,2.0,3.0,3.0,3.0,3.0,3.0,3.0,3.0,3.0,,3.0,3.0,3.0,3.0,3.0,3.0,3.0,,,3.0,,3.0,,0.0,3.0,3.0,3.0,3.0,3.0,,3.0,,3.0,,3.0,,3.0,,,3.0,3.0,2.0,,3.0,3.0,3.0,,,3.0,,3.0,3.0,,,3.0,3.0,,64,9,0.0905172413793103,1.3479152426520848,-0.02484519477484577
3.0,3,3,3.0,3.0,3.0,3.0,3.0,3.0,,,,3,3.0,,3.0,,,3.0,,,3.0,3.0,,3.0,,3.0,3.0,,,3.0,2.0,2.0,3.0,,3.0,,3.0,3.0,3.0,3.0,3.0,3.0,,3.0,3.0,3.0,3.0,,3.0,2.0,,3.0,,3.0,3.0,3.0,3.0,3.0,1.0,3.0,,3.0,3.0,3.0,3.0,3,,,3.0,,3.0,3.0,3.0,3.0,3.0,,,3.0,,3.0,3.0,3.0,3,3.0,3.0,3.0,3.0,3.0,,,,3.0,,,,3.0,,3,3.0,3.0,,3.0,3.0,3.0,3.0,,3.0,3,2,3.0,3.0,3.0,3.0,3.0,3.0,,3,,3.0,3.0,,3.0,,3,3.0,3.0,3.0,3.0,3.0,2.0,3.0,3.0,,3.0,3.0,1.0,0.0,3.0,,3,3.0,,,,,3.0,3.0,3.0,3.0,3.0,3.0,3.0,3,3.0,3.0,3.0,1.0,3.0,3.0,3.0,3,3.0,3.0,2.0,3.0,,3.0,3.0,,3.0,3.0,3,3.0,3.0,3.0,2.0,3.0,2.0,,,,3.0,,3.0,,3.0,3.0,3.0,,,3.0,3.0,3.0,3,3.0,,3.0,,3.0,3,,3.0,3.0,3.0,3.0,3,3.0,3.0,2.0,,1.0,3.0,3.0,3,3.0,,3.0,3.0,3.0,,,2.0,3.0,3.0,3,3.0,2.0,3.0,2.0,,,,3,3.0,3.0,3.0,,3.0,3.0,3.0,3.0,3.0,3.0,,,3.0,3.0,3.0,,3.0,3.0,,,3.0,,0.0,3.0,2.0,3.0,3.0,3.0,,3.0,3.0,3.0,,,3.0,3.0,3.0,,3.0,3.0,3.0,3.0,2.0,3,,3.0,3.0,,3.0,3.0,3,2.0,,3.0,3.0,3.0,0.0,3.0,2.0,,3.0,,3.0,3.0,2.0,1.0,2.0,3.0,3.0,,3.0,3.0,3.0,,3.0,3.0,2.0,3.0,3.0,,,2.0,3.0,3.0,,3.0,3.0,1.0,3.0,3.0,,3.0,3.0,,3.0,3.0,,3.0,,3.0,3.0,3.0,3.0,3.0,,3.0,3,3.0,3.0,,3.0,3.0,3.0,,3.0,,,3.0,,2.0,3.0,3,,,,3.0,1.0,0.0,3.0,3.0,3.0,3.0,2.0,,3.0,,,3.0,,3.0,3.0,3.0,,3.0,3.0,3.0,3.0,,3.0,3.0,1.0,3.0,3.0,3.0,2.0,,3.0,3.0,3.0,,3.0,,3,3.0,,3.0,3.0,3.0,3.0,3.0,,,3.0,3.0,,3.0,,3.0,,,3.0,,3.0,2.0,3.0,,3.0,3.0,2.0,3.0,,,3.0,3.0,,,3.0,,,,,,,3.0,,,1.0,1.0,3.0,,,3.0,3.0,,3.0,,3.0,,3.0,,3.0,,3.0,3.0,3.0,3.0,3,3.0,3.0,,3.0,,,,3.0,,3.0,,3.0,3.0,,3.0,,,3.0,3.0,,,,3.0,,3.0,,,3.0,,3.0,,3.0,,3.0,3.0,,3.0,,3,,,3.0,2.0,,,,,3.0,3.0,3.0,,,,3.0,,,3.0,3.0,,,,3.0,,3.0,3.0,3.0,3.0,,,3.0,,2.0,,3.0,,0.0,,,,3.0,3.0,,,3.0,3.0,,,,3.0,,,,3.0,,3.0,,3.0,3.0,3.0,3.0,,3.0,0.0,,,3.0,,,,3.0,,,3.0,3.0,,,3.0,3.0,2.0,,,,3.0,,,2.0,,3.0,3.0,,65,9,0.1407185628742515,1.396778916544656,0.1664669837521806
3.0,3,3,,3.0,3.0,3.0,,3.0,,3.0,,3,,,3.0,,,,,2.0,3.0,0.0,3.0,,,3.0,3.0,,,,3.0,3.0,,,3.0,3.0,,3.0,3.0,,3.0,3.0,,,3.0,3.0,3.0,,3.0,2.0,,3.0,,,,3.0,2.0,3.0,,,3.0,,,,2.0,3,,,,,,3.0,3.0,,3.0,3.0,,3.0,,,3.0,,3,,,3.0,3.0,3.0,,,3.0,3.0,3.0,,3.0,0.0,,0,,3.0,,,3.0,,3.0,,,3,1,3.0,,3.0,,,,,3,,,3.0,,,,3,3.0,,3.0,,,3.0,,3.0,,,,3.0,3.0,,,3,3.0,3.0,,,,2.0,3.0,3.0,,2.0,3.0,3.0,3,,3.0,,,,,1.0,3,,,3.0,,0.0,3.0,,3.0,3.0,3.0,3,,,3.0,3.0,3.0,3.0,,,,3.0,,,,,,3.0,3.0,3.0,3.0,,3.0,1,3.0,,,,,3,,3.0,3.0,,3.0,3,,,,,,,3.0,3,3.0,,,3.0,,3.0,,,3.0,,3,3.0,,1.0,3.0,,,,3,3.0,3.0,,,3.0,,3.0,3.0,3.0,1.0,,,,3.0,,,,3.0,1.0,2.0,,,,,3.0,,2.0,,,,3.0,3.0,,,,,3.0,,,,,,,3,,3.0,3.0,,3.0,,3,,,3.0,3.0,3.0,,,1.0,3.0,,,,,,,,,3.0,,3.0,1.0,,,,,,,,3.0,0.0,,3.0,3.0,,3.0,3.0,3.0,3.0,3.0,,,,,,,3.0,3.0,,3.0,,3.0,3.0,3.0,,,2,,3.0,,3.0,,,,,3.0,,,,,3.0,3,3.0,,,,,,,,2.0,,,3.0,,,,3.0,3.0,,,3.0,,,3.0,3.0,,3.0,,3.0,,,3.0,3.0,,3.0,3.0,,3.0,3.0,3.0,2.0,3,3.0,,,,,,,,,3.0,,,,3.0,,,,,3.0,,3.0,,,3.0,,,3.0,,,3.0,3.0,,,,,,,,,,,,3.0,,,,,,2.0,,,,,,,3.0,,3.0,,3.0,3.0,3.0,,3,3.0,3.0,,,,,,,,,,2.0,2.0,,,,3.0,,3.0,3.0,,,,,,,,3.0,,,,3.0,,,,,,3.0,3,,,3.0,,,,,,3.0,3.0,,,,,1.0,,,3.0,3.0,,2.0,,,,,3.0,,3.0,,3.0,,,3.0,,,,2.0,,2.0,,3.0,,3.0,0.0,,3.0,3.0,,,,,,,3.0,,,,3.0,,,,,,,,,,,,,,,,,3.0,3.0,,,,,,,,3.0,,,,,3.0,,,66,9,0.1725888324873096,1.597508385241974,0.19222392496328392
3.0,3,3,3.0,3.0,2.0,2.0,3.0,3.0,,3.0,3.0,3,3.0,3.0,3.0,3.0,,3.0,3.0,3.0,3.0,3.0,1.0,3.0,3.0,3.0,3.0,3.0,3.0,3.0,2.0,3.0,3.0,0.0,3.0,3.0,3.0,0.0,3.0,3.0,2.0,3.0,3.0,3.0,2.0,2.0,3.0,3.0,3.0,2.0,3.0,1.0,3.0,3.0,3.0,3.0,3.0,3.0,3.0,3.0,3.0,3.0,3.0,3.0,2.0,3,3.0,3.0,3.0,3.0,3.0,3.0,2.0,3.0,1.0,3.0,3.0,3.0,3.0,3.0,2.0,3.0,2,3.0,3.0,3.0,3.0,3.0,3.0,3.0,3.0,2.0,2.0,1.0,3.0,3.0,2.0,3,3.0,3.0,3.0,3.0,2.0,3.0,3.0,,3.0,2,3,3.0,3.0,2.0,3.0,3.0,3.0,3.0,3,3.0,3.0,3.0,3.0,3.0,3.0,3,3.0,3.0,3.0,1.0,3.0,3.0,3.0,3.0,3.0,3.0,,3.0,3.0,3.0,3.0,3,2.0,3.0,3.0,3.0,2.0,3.0,3.0,3.0,3.0,3.0,3.0,3.0,3,2.0,3.0,3.0,3.0,3.0,3.0,3.0,3,3.0,1.0,3.0,3.0,3.0,3.0,3.0,3.0,3.0,3.0,2,3.0,3.0,3.0,2.0,3.0,3.0,3.0,3.0,3.0,2.0,3.0,2.0,3.0,3.0,3.0,3.0,3.0,3.0,3.0,3.0,3.0,3,3.0,3.0,3.0,3.0,2.0,3,3.0,3.0,3.0,3.0,3.0,3,3.0,3.0,3.0,3.0,3.0,3.0,3.0,3,3.0,3.0,2.0,3.0,3.0,3.0,3.0,3.0,3.0,3.0,2,3.0,3.0,3.0,3.0,3.0,3.0,3.0,2,3.0,3.0,3.0,3.0,3.0,3.0,3.0,3.0,2.0,3.0,3.0,3.0,1.0,3.0,3.0,3.0,3.0,2.0,3.0,2.0,3.0,3.0,3.0,3.0,3.0,3.0,1.0,2.0,3.0,3.0,1.0,1.0,,1.0,3.0,3.0,3.0,3.0,3.0,3.0,0.0,2.0,3.0,3,3.0,2.0,3.0,3.0,3.0,3.0,3,3.0,3.0,3.0,3.0,3.0,3.0,3.0,3.0,3.0,1.0,3.0,2.0,3.0,3.0,3.0,3.0,,3.0,3.0,3.0,3.0,3.0,3.0,3.0,3.0,3.0,3.0,3.0,3.0,3.0,,3.0,3.0,3.0,3.0,3.0,3.0,3.0,3.0,3.0,3.0,3.0,3.0,3.0,3.0,3.0,3.0,2.0,3.0,3.0,3.0,3.0,3.0,3.0,3.0,3,3.0,3.0,3.0,3.0,3.0,3.0,3.0,3.0,3.0,,,,3.0,3.0,3,3.0,3.0,3.0,3.0,3.0,,3.0,3.0,3.0,3.0,3.0,2.0,2.0,3.0,3.0,3.0,3.0,3.0,3.0,3.0,3.0,3.0,3.0,3.0,3.0,3.0,2.0,3.0,3.0,3.0,2.0,3.0,3.0,3.0,3.0,3.0,3.0,3.0,3.0,3.0,3,3.0,3.0,2.0,3.0,3.0,3.0,3.0,3.0,3.0,3.0,3.0,3.0,3.0,3.0,3.0,3.0,3.0,,3.0,2.0,3.0,3.0,3.0,3.0,3.0,3.0,2.0,3.0,3.0,3.0,1.0,,,3.0,3.0,3.0,,3.0,3.0,3.0,3.0,3.0,3.0,3.0,3.0,,3.0,3.0,3.0,3.0,3.0,3.0,2.0,3.0,2.0,3.0,3.0,3.0,3.0,3.0,3.0,3.0,3.0,3,3.0,3.0,3.0,3.0,3.0,,3.0,3.0,3.0,3.0,0.0,3.0,2.0,3.0,3.0,,3.0,3.0,3.0,3.0,3.0,,,3.0,3.0,3.0,3.0,3.0,3.0,3.0,3.0,3.0,3.0,3.0,3.0,3.0,3.0,3.0,3,3.0,3.0,3.0,3.0,3.0,,3.0,3.0,3.0,3.0,3.0,3.0,3.0,1.0,3.0,3.0,3.0,3.0,2.0,2.0,3.0,,3.0,3.0,3.0,3.0,3.0,3.0,3.0,3.0,3.0,3.0,3.0,3.0,3.0,3.0,3.0,3.0,3.0,0.0,3.0,3.0,3.0,3.0,1.0,2.0,2.0,3.0,3.0,3.0,3.0,3.0,3.0,3.0,,3.0,,0.0,3.0,3.0,3.0,3.0,3.0,,3.0,1.0,3.0,3.0,3.0,,3.0,3.0,,3.0,3.0,3.0,2.0,3.0,3.0,3.0,,,3.0,,3.0,3.0,3.0,,3.0,3.0,,67,9,0.0821917808219178,1.3343896841875205,-0.15847779305065082
2.0,2,3,3.0,2.0,3.0,3.0,3.0,3.0,3.0,3.0,3.0,2,3.0,3.0,3.0,3.0,,3.0,3.0,2.0,3.0,3.0,3.0,3.0,3.0,3.0,3.0,3.0,3.0,2.0,2.0,3.0,1.0,3.0,2.0,3.0,3.0,3.0,3.0,3.0,3.0,3.0,3.0,2.0,3.0,2.0,2.0,3.0,3.0,3.0,3.0,3.0,1.0,3.0,3.0,3.0,3.0,2.0,3.0,2.0,3.0,3.0,3.0,3.0,1.0,3,3.0,3.0,3.0,3.0,3.0,3.0,3.0,3.0,2.0,3.0,3.0,3.0,3.0,2.0,3.0,3.0,3,3.0,3.0,3.0,3.0,2.0,3.0,3.0,3.0,3.0,3.0,3.0,3.0,3.0,3.0,2,1.0,3.0,3.0,2.0,2.0,3.0,3.0,3.0,3.0,3,2,3.0,3.0,0.0,3.0,2.0,3.0,3.0,2,3.0,2.0,3.0,3.0,3.0,3.0,3,3.0,1.0,3.0,3.0,3.0,3.0,3.0,3.0,1.0,3.0,2.0,2.0,1.0,3.0,3.0,3,3.0,3.0,3.0,3.0,3.0,3.0,0.0,2.0,2.0,3.0,2.0,3.0,3,2.0,2.0,2.0,3.0,3.0,3.0,3.0,2,3.0,2.0,3.0,2.0,3.0,3.0,3.0,2.0,3.0,3.0,2,3.0,3.0,3.0,3.0,2.0,3.0,3.0,3.0,3.0,3.0,3.0,3.0,3.0,3.0,3.0,3.0,2.0,3.0,3.0,3.0,1.0,3,3.0,3.0,3.0,1.0,3.0,3,0.0,2.0,3.0,3.0,3.0,3,3.0,3.0,3.0,3.0,3.0,2.0,2.0,2,2.0,3.0,3.0,2.0,3.0,3.0,3.0,3.0,3.0,3.0,3,2.0,2.0,3.0,3.0,3.0,2.0,3.0,3,3.0,1.0,3.0,3.0,2.0,2.0,2.0,3.0,3.0,2.0,3.0,3.0,2.0,2.0,2.0,3.0,3.0,2.0,3.0,3.0,3.0,3.0,1.0,3.0,3.0,3.0,3.0,2.0,3.0,3.0,3.0,2.0,3.0,3.0,3.0,2.0,3.0,3.0,3.0,3.0,2.0,3.0,3.0,2,3.0,3.0,3.0,3.0,3.0,2.0,3,3.0,3.0,3.0,3.0,3.0,0.0,3.0,3.0,3.0,3.0,3.0,0.0,3.0,3.0,3.0,3.0,3.0,3.0,3.0,2.0,3.0,3.0,3.0,3.0,3.0,3.0,3.0,2.0,3.0,3.0,1.0,3.0,3.0,1.0,2.0,3.0,3.0,3.0,2.0,3.0,2.0,3.0,3.0,3.0,3.0,2.0,3.0,3.0,2.0,3.0,3.0,2.0,3.0,3.0,2.0,2,3.0,2.0,3.0,2.0,1.0,3.0,3.0,3.0,3.0,2.0,3.0,3.0,3.0,2.0,3,2.0,3.0,3.0,3.0,3.0,,3.0,3.0,3.0,3.0,1.0,3.0,3.0,3.0,3.0,3.0,2.0,3.0,2.0,3.0,3.0,3.0,2.0,3.0,3.0,3.0,3.0,3.0,3.0,3.0,3.0,2.0,3.0,3.0,3.0,3.0,3.0,3.0,3.0,3.0,2,3.0,3.0,3.0,3.0,3.0,3.0,3.0,3.0,3.0,3.0,3.0,3.0,3.0,3.0,3.0,3.0,1.0,3.0,3.0,2.0,3.0,3.0,,3.0,3.0,3.0,3.0,3.0,3.0,3.0,3.0,3.0,3.0,3.0,3.0,3.0,3.0,3.0,3.0,3.0,3.0,3.0,3.0,1.0,3.0,,3.0,3.0,2.0,3.0,3.0,3.0,3.0,3.0,3.0,2.0,3.0,3.0,3.0,3.0,3.0,3.0,3.0,2,2.0,3.0,3.0,3.0,1.0,,3.0,2.0,3.0,2.0,3.0,3.0,3.0,3.0,2.0,3.0,3.0,2.0,2.0,3.0,3.0,1.0,3.0,3.0,3.0,3.0,3.0,3.0,3.0,3.0,3.0,3.0,3.0,3.0,3.0,3.0,3.0,3.0,3,3.0,3.0,3.0,3.0,3.0,3.0,3.0,3.0,3.0,3.0,2.0,3.0,3.0,3.0,3.0,3.0,3.0,3.0,3.0,3.0,3.0,3.0,3.0,3.0,3.0,3.0,3.0,2.0,3.0,3.0,2.0,3.0,3.0,3.0,3.0,3.0,3.0,3.0,3.0,3.0,3.0,3.0,3.0,3.0,3.0,2.0,3.0,3.0,3.0,2.0,0.0,3.0,3.0,2.0,3.0,3.0,3.0,3.0,2.0,3.0,3.0,3.0,2.0,3.0,3.0,3.0,3.0,3.0,3.0,,3.0,3.0,3.0,3.0,3.0,3.0,3.0,3.0,3.0,1.0,3.0,,3.0,2.0,3.0,3.0,3.0,3.0,3.0,3.0,3.0,68,9,0.0605504587155963,1.2119966559843947,-0.27827483108582624
3.0,3,2,3.0,3.0,3.0,3.0,3.0,3.0,3.0,3.0,3.0,2,3.0,3.0,3.0,3.0,0.0,3.0,3.0,3.0,2.0,3.0,3.0,3.0,3.0,3.0,2.0,3.0,3.0,2.0,3.0,3.0,1.0,3.0,3.0,3.0,2.0,3.0,3.0,3.0,3.0,3.0,3.0,3.0,3.0,2.0,3.0,3.0,3.0,3.0,3.0,3.0,3.0,2.0,3.0,3.0,3.0,3.0,3.0,3.0,3.0,3.0,3.0,3.0,2.0,3,3.0,3.0,3.0,3.0,3.0,3.0,2.0,3.0,3.0,3.0,3.0,1.0,3.0,3.0,2.0,3.0,3,3.0,3.0,3.0,3.0,3.0,,3.0,2.0,3.0,3.0,3.0,3.0,3.0,3.0,3,3.0,3.0,3.0,3.0,2.0,2.0,3.0,3.0,3.0,1,1,3.0,2.0,3.0,3.0,3.0,3.0,3.0,2,3.0,3.0,3.0,3.0,2.0,3.0,3,3.0,3.0,3.0,3.0,3.0,3.0,3.0,3.0,3.0,3.0,3.0,3.0,2.0,3.0,2.0,2,3.0,3.0,3.0,3.0,3.0,3.0,2.0,2.0,3.0,3.0,3.0,3.0,3,3.0,3.0,3.0,3.0,3.0,3.0,2.0,3,3.0,3.0,3.0,3.0,3.0,3.0,3.0,3.0,3.0,3.0,3,3.0,3.0,3.0,3.0,2.0,3.0,3.0,2.0,3.0,2.0,3.0,3.0,3.0,3.0,3.0,3.0,2.0,3.0,2.0,3.0,2.0,3,3.0,3.0,3.0,3.0,2.0,3,3.0,3.0,3.0,2.0,2.0,3,3.0,3.0,3.0,3.0,,3.0,3.0,3,2.0,3.0,3.0,2.0,3.0,3.0,3.0,3.0,2.0,3.0,3,0.0,3.0,3.0,0.0,3.0,3.0,3.0,3,2.0,3.0,1.0,3.0,3.0,2.0,3.0,3.0,3.0,2.0,3.0,3.0,3.0,3.0,3.0,3.0,3.0,2.0,3.0,3.0,3.0,3.0,3.0,3.0,1.0,3.0,3.0,2.0,3.0,3.0,3.0,3.0,3.0,1.0,3.0,3.0,3.0,3.0,3.0,2.0,3.0,3.0,2.0,3,3.0,3.0,3.0,3.0,3.0,0.0,2,3.0,3.0,3.0,3.0,3.0,1.0,3.0,3.0,3.0,3.0,3.0,3.0,2.0,3.0,3.0,3.0,3.0,3.0,3.0,3.0,3.0,3.0,3.0,3.0,3.0,3.0,3.0,3.0,3.0,3.0,3.0,2.0,3.0,3.0,2.0,3.0,3.0,3.0,3.0,3.0,3.0,3.0,3.0,3.0,3.0,3.0,3.0,3.0,3.0,3.0,3.0,3.0,3.0,3.0,3.0,3,3.0,3.0,3.0,3.0,3.0,3.0,3.0,3.0,3.0,3.0,3.0,1.0,2.0,3.0,3,2.0,3.0,3.0,3.0,0.0,3.0,3.0,3.0,3.0,3.0,3.0,3.0,3.0,3.0,3.0,2.0,3.0,3.0,3.0,3.0,3.0,3.0,3.0,3.0,3.0,0.0,3.0,3.0,3.0,3.0,3.0,3.0,3.0,3.0,3.0,2.0,3.0,3.0,2.0,3.0,3,3.0,3.0,3.0,3.0,3.0,1.0,3.0,3.0,3.0,2.0,3.0,3.0,3.0,3.0,3.0,3.0,3.0,3.0,3.0,3.0,3.0,3.0,1.0,2.0,1.0,3.0,3.0,3.0,3.0,2.0,2.0,3.0,,2.0,3.0,1.0,3.0,3.0,3.0,3.0,3.0,3.0,3.0,3.0,3.0,,3.0,3.0,2.0,3.0,1.0,3.0,3.0,3.0,2.0,2.0,3.0,3.0,3.0,2.0,3.0,3.0,3.0,2,3.0,2.0,3.0,3.0,3.0,,3.0,3.0,3.0,1.0,3.0,3.0,3.0,3.0,3.0,3.0,3.0,2.0,2.0,3.0,3.0,1.0,3.0,3.0,3.0,3.0,3.0,3.0,3.0,3.0,3.0,3.0,3.0,3.0,3.0,3.0,3.0,3.0,3,3.0,3.0,3.0,3.0,3.0,,3.0,3.0,3.0,3.0,3.0,1.0,2.0,2.0,3.0,3.0,3.0,3.0,3.0,3.0,3.0,3.0,3.0,3.0,3.0,3.0,,3.0,3.0,3.0,3.0,3.0,3.0,3.0,1.0,3.0,3.0,3.0,3.0,3.0,3.0,2.0,2.0,3.0,3.0,3.0,3.0,3.0,3.0,3.0,3.0,,3.0,3.0,3.0,3.0,3.0,3.0,3.0,2.0,3.0,3.0,3.0,3.0,3.0,,3.0,3.0,3.0,,3.0,3.0,3.0,3.0,3.0,1.0,,3.0,3.0,3.0,,,3.0,,3.0,3.0,3.0,,3.0,1.0,,69,9,0.071563088512241,1.2667542706964523,-0.16287176909709097
2.0,3,2,1.0,3.0,3.0,2.0,3.0,2.0,3.0,2.0,3.0,2,3.0,3.0,3.0,2.0,3.0,3.0,1.0,2.0,2.0,3.0,3.0,3.0,1.0,3.0,2.0,3.0,3.0,2.0,3.0,3.0,2.0,3.0,2.0,3.0,2.0,3.0,3.0,3.0,3.0,2.0,3.0,3.0,3.0,2.0,3.0,3.0,3.0,3.0,3.0,2.0,3.0,3.0,3.0,3.0,3.0,3.0,3.0,3.0,3.0,2.0,3.0,2.0,2.0,2,3.0,3.0,2.0,1.0,2.0,3.0,2.0,0.0,3.0,2.0,3.0,2.0,3.0,3.0,2.0,3.0,1,3.0,3.0,2.0,2.0,2.0,3.0,3.0,3.0,1.0,2.0,3.0,3.0,3.0,3.0,3,3.0,3.0,2.0,3.0,2.0,3.0,2.0,3.0,3.0,2,3,3.0,3.0,2.0,3.0,2.0,3.0,3.0,2,3.0,3.0,2.0,2.0,2.0,3.0,2,3.0,2.0,3.0,2.0,3.0,3.0,2.0,0.0,3.0,3.0,3.0,2.0,2.0,3.0,3.0,0,2.0,3.0,3.0,3.0,2.0,3.0,3.0,3.0,2.0,2.0,2.0,2.0,2,3.0,3.0,2.0,1.0,2.0,3.0,3.0,3,2.0,2.0,3.0,2.0,3.0,3.0,2.0,1.0,2.0,2.0,3,3.0,3.0,3.0,2.0,3.0,3.0,3.0,3.0,3.0,3.0,3.0,3.0,2.0,3.0,3.0,3.0,3.0,3.0,3.0,3.0,3.0,3,3.0,1.0,3.0,3.0,3.0,2,3.0,3.0,3.0,3.0,2.0,3,3.0,3.0,3.0,,3.0,3.0,3.0,2,2.0,3.0,3.0,3.0,3.0,3.0,3.0,3.0,2.0,3.0,3,3.0,2.0,3.0,3.0,3.0,3.0,2.0,2,3.0,3.0,3.0,3.0,2.0,3.0,3.0,2.0,3.0,3.0,3.0,3.0,3.0,3.0,3.0,3.0,3.0,3.0,3.0,3.0,2.0,3.0,3.0,3.0,3.0,2.0,3.0,3.0,3.0,3.0,2.0,3.0,3.0,2.0,3.0,2.0,2.0,3.0,3.0,3.0,3.0,3.0,3.0,2,3.0,3.0,3.0,3.0,2.0,3.0,2,3.0,3.0,2.0,1.0,3.0,3.0,3.0,3.0,3.0,3.0,3.0,3.0,2.0,3.0,3.0,3.0,3.0,3.0,3.0,3.0,2.0,2.0,3.0,3.0,2.0,3.0,3.0,3.0,2.0,2.0,3.0,3.0,3.0,3.0,2.0,3.0,2.0,3.0,3.0,3.0,2.0,3.0,3.0,3.0,3.0,3.0,3.0,1.0,2.0,3.0,3.0,3.0,3.0,3.0,3.0,3,2.0,3.0,3.0,3.0,3.0,3.0,3.0,3.0,3.0,3.0,3.0,3.0,3.0,2.0,3,2.0,3.0,3.0,3.0,3.0,3.0,2.0,3.0,3.0,3.0,3.0,1.0,2.0,3.0,3.0,1.0,3.0,3.0,3.0,3.0,3.0,3.0,3.0,2.0,3.0,2.0,3.0,3.0,3.0,3.0,3.0,3.0,3.0,3.0,3.0,2.0,2.0,3.0,2.0,2.0,2,3.0,3.0,2.0,3.0,2.0,1.0,2.0,3.0,3.0,2.0,2.0,2.0,1.0,3.0,3.0,2.0,1.0,0.0,3.0,3.0,3.0,3.0,2.0,3.0,3.0,3.0,3.0,3.0,3.0,3.0,2.0,3.0,3.0,3.0,3.0,3.0,3.0,3.0,3.0,2.0,3.0,2.0,3.0,3.0,3.0,,3.0,0.0,3.0,3.0,3.0,3.0,3.0,2.0,2.0,3.0,3.0,2.0,3.0,2.0,3.0,2.0,3.0,2,3.0,2.0,3.0,3.0,3.0,,2.0,3.0,3.0,3.0,1.0,3.0,3.0,3.0,3.0,3.0,2.0,3.0,2.0,1.0,3.0,3.0,3.0,3.0,3.0,3.0,3.0,3.0,2.0,3.0,3.0,3.0,2.0,3.0,3.0,3.0,3.0,2.0,2,3.0,3.0,3.0,1.0,3.0,,2.0,3.0,2.0,2.0,3.0,3.0,3.0,2.0,2.0,3.0,2.0,2.0,3.0,3.0,3.0,3.0,3.0,3.0,2.0,2.0,3.0,2.0,3.0,3.0,3.0,3.0,3.0,2.0,3.0,3.0,0.0,3.0,2.0,2.0,1.0,2.0,3.0,3.0,3.0,2.0,3.0,3.0,2.0,3.0,3.0,3.0,3.0,3.0,3.0,3.0,3.0,2.0,3.0,1.0,3.0,3.0,3.0,3.0,3.0,3.0,3.0,3.0,2.0,3.0,3.0,3.0,3.0,3.0,3.0,3.0,3.0,2.0,3.0,3.0,,3.0,3.0,3.0,3.0,3.0,3.0,3.0,3.0,3.0,3.0,70,9,0.0661764705882353,1.1622256133348985,-0.3499861996455795
3.0,2,2,3.0,3.0,3.0,3.0,2.0,3.0,,3.0,3.0,2,3.0,3.0,3.0,3.0,,3.0,3.0,3.0,3.0,3.0,3.0,3.0,3.0,3.0,3.0,3.0,3.0,2.0,2.0,3.0,3.0,3.0,3.0,3.0,3.0,3.0,3.0,3.0,3.0,3.0,3.0,3.0,3.0,3.0,3.0,3.0,2.0,2.0,3.0,3.0,3.0,3.0,3.0,3.0,3.0,3.0,1.0,3.0,3.0,3.0,3.0,0.0,3.0,3,3.0,3.0,3.0,3.0,3.0,2.0,3.0,2.0,3.0,3.0,3.0,2.0,3.0,3.0,2.0,3.0,2,2.0,2.0,3.0,3.0,0.0,3.0,3.0,3.0,3.0,3.0,3.0,3.0,2.0,2.0,3,2.0,1.0,3.0,3.0,3.0,3.0,3.0,3.0,3.0,3,3,2.0,3.0,1.0,3.0,2.0,3.0,3.0,3,3.0,3.0,3.0,3.0,2.0,3.0,3,3.0,3.0,3.0,3.0,2.0,3.0,3.0,3.0,3.0,2.0,3.0,3.0,2.0,3.0,3.0,2,1.0,3.0,3.0,3.0,2.0,3.0,2.0,3.0,3.0,3.0,2.0,3.0,2,2.0,3.0,3.0,1.0,1.0,3.0,3.0,3,3.0,2.0,2.0,3.0,3.0,3.0,3.0,3.0,3.0,3.0,3,0.0,3.0,3.0,3.0,3.0,3.0,3.0,3.0,3.0,3.0,2.0,1.0,3.0,3.0,3.0,2.0,3.0,3.0,3.0,3.0,3.0,3,3.0,3.0,3.0,3.0,3.0,3,3.0,3.0,3.0,3.0,2.0,3,3.0,3.0,2.0,2.0,,3.0,3.0,3,3.0,3.0,3.0,3.0,3.0,3.0,3.0,3.0,3.0,3.0,3,3.0,3.0,3.0,3.0,3.0,2.0,3.0,3,3.0,3.0,3.0,3.0,3.0,3.0,3.0,3.0,3.0,3.0,,3.0,3.0,3.0,3.0,3.0,3.0,3.0,3.0,,2.0,,3.0,,3.0,3.0,3.0,3.0,3.0,3.0,2.0,3.0,3.0,3.0,3.0,3.0,3.0,3.0,3.0,3.0,3.0,3.0,3.0,2,3.0,1.0,3.0,3.0,3.0,3.0,3,3.0,3.0,2.0,2.0,3.0,3.0,3.0,3.0,3.0,3.0,2.0,3.0,3.0,3.0,3.0,,3.0,3.0,1.0,3.0,3.0,2.0,3.0,3.0,3.0,3.0,3.0,,3.0,3.0,3.0,3.0,3.0,3.0,2.0,3.0,3.0,2.0,3.0,3.0,3.0,3.0,3.0,3.0,3.0,2.0,2.0,3.0,2.0,2.0,,3.0,3.0,3.0,3.0,3,3.0,3.0,1.0,2.0,3.0,3.0,3.0,3.0,1.0,3.0,3.0,3.0,3.0,2.0,3,3.0,3.0,1.0,0.0,3.0,0.0,3.0,2.0,3.0,3.0,3.0,2.0,3.0,3.0,1.0,3.0,1.0,3.0,3.0,3.0,3.0,3.0,3.0,3.0,3.0,3.0,3.0,3.0,2.0,3.0,3.0,3.0,3.0,3.0,3.0,3.0,3.0,3.0,3.0,3.0,3,2.0,3.0,3.0,3.0,3.0,3.0,3.0,3.0,2.0,2.0,3.0,3.0,3.0,3.0,3.0,3.0,3.0,,3.0,3.0,3.0,3.0,,3.0,3.0,3.0,3.0,3.0,3.0,3.0,3.0,,,3.0,2.0,3.0,3.0,3.0,3.0,3.0,3.0,1.0,2.0,3.0,3.0,2.0,3.0,3.0,3.0,3.0,3.0,3.0,3.0,3.0,3.0,3.0,3.0,3.0,3.0,3.0,3.0,3.0,3.0,2,3.0,3.0,0.0,3.0,3.0,,3.0,3.0,3.0,3.0,3.0,3.0,3.0,3.0,3.0,3.0,3.0,3.0,1.0,3.0,3.0,3.0,3.0,3.0,3.0,3.0,1.0,2.0,2.0,3.0,3.0,3.0,2.0,,3.0,3.0,3.0,3.0,3,3.0,,3.0,3.0,3.0,,3.0,3.0,2.0,3.0,3.0,3.0,2.0,3.0,3.0,3.0,3.0,3.0,3.0,3.0,3.0,3.0,3.0,3.0,3.0,3.0,3.0,2.0,3.0,3.0,3.0,3.0,3.0,3.0,3.0,3.0,3.0,3.0,2.0,2.0,2.0,3.0,2.0,3.0,3.0,3.0,3.0,3.0,3.0,3.0,3.0,,3.0,3.0,,3.0,,3.0,3.0,3.0,3.0,,3.0,,3.0,3.0,3.0,2.0,3.0,,3.0,2.0,3.0,3.0,1.0,3.0,3.0,3.0,2.0,3.0,,,,,3.0,3.0,3.0,,3.0,3.0,,71,9,0.0818713450292397,1.2480982494730088,-0.06000636216216583
2.0,2,2,2.0,3.0,2.0,2.0,3.0,3.0,3.0,3.0,3.0,2,2.0,0.0,2.0,3.0,3.0,3.0,3.0,1.0,2.0,3.0,3.0,3.0,3.0,3.0,2.0,1.0,3.0,2.0,2.0,2.0,3.0,3.0,2.0,1.0,3.0,2.0,3.0,3.0,3.0,3.0,3.0,2.0,2.0,2.0,3.0,3.0,2.0,2.0,3.0,3.0,3.0,3.0,3.0,2.0,2.0,2.0,2.0,3.0,1.0,3.0,2.0,3.0,1.0,3,3.0,3.0,3.0,3.0,3.0,2.0,2.0,2.0,2.0,3.0,3.0,2.0,2.0,3.0,1.0,3.0,1,3.0,2.0,2.0,2.0,3.0,3.0,3.0,3.0,2.0,2.0,3.0,1.0,2.0,3.0,2,2.0,2.0,2.0,3.0,2.0,2.0,3.0,3.0,3.0,2,2,2.0,3.0,2.0,3.0,2.0,3.0,3.0,2,1.0,2.0,2.0,3.0,2.0,3.0,2,3.0,2.0,3.0,1.0,3.0,2.0,1.0,2.0,2.0,2.0,3.0,2.0,3.0,3.0,1.0,2,3.0,2.0,3.0,3.0,3.0,2.0,1.0,2.0,3.0,2.0,0.0,2.0,3,3.0,1.0,2.0,2.0,2.0,3.0,2.0,3,2.0,2.0,2.0,2.0,1.0,3.0,3.0,2.0,3.0,2.0,2,3.0,3.0,3.0,2.0,3.0,3.0,2.0,3.0,3.0,3.0,3.0,0.0,3.0,2.0,3.0,3.0,3.0,3.0,2.0,3.0,3.0,2,3.0,3.0,3.0,3.0,2.0,3,3.0,2.0,3.0,3.0,2.0,3,3.0,3.0,3.0,3.0,1.0,2.0,2.0,2,2.0,3.0,1.0,2.0,3.0,2.0,2.0,3.0,2.0,2.0,2,3.0,2.0,2.0,2.0,3.0,3.0,3.0,2,2.0,3.0,2.0,3.0,2.0,3.0,3.0,3.0,3.0,3.0,3.0,3.0,2.0,3.0,3.0,3.0,3.0,2.0,2.0,3.0,3.0,3.0,3.0,3.0,3.0,3.0,2.0,2.0,3.0,3.0,3.0,3.0,3.0,2.0,3.0,2.0,2.0,3.0,3.0,3.0,3.0,2.0,3.0,0,3.0,3.0,2.0,3.0,2.0,3.0,3,3.0,3.0,2.0,3.0,3.0,3.0,3.0,2.0,3.0,2.0,3.0,3.0,3.0,3.0,3.0,3.0,3.0,1.0,3.0,3.0,3.0,2.0,3.0,3.0,1.0,3.0,2.0,3.0,2.0,2.0,3.0,2.0,2.0,3.0,2.0,1.0,3.0,3.0,3.0,2.0,2.0,3.0,3.0,3.0,0.0,2.0,2.0,3.0,3.0,2.0,3.0,3.0,2.0,3.0,3.0,2,2.0,2.0,3.0,2.0,3.0,2.0,3.0,3.0,3.0,3.0,3.0,3.0,2.0,1.0,3,2.0,3.0,3.0,3.0,3.0,3.0,2.0,3.0,3.0,3.0,3.0,2.0,2.0,3.0,3.0,2.0,2.0,3.0,3.0,2.0,3.0,3.0,2.0,3.0,2.0,2.0,3.0,3.0,3.0,3.0,1.0,2.0,3.0,3.0,2.0,3.0,3.0,3.0,2.0,3.0,2,2.0,1.0,2.0,3.0,3.0,3.0,2.0,3.0,3.0,2.0,3.0,3.0,2.0,0.0,2.0,3.0,1.0,3.0,2.0,2.0,3.0,3.0,3.0,3.0,3.0,3.0,3.0,3.0,3.0,2.0,2.0,3.0,3.0,3.0,3.0,3.0,3.0,3.0,1.0,2.0,2.0,2.0,2.0,3.0,3.0,,3.0,2.0,3.0,3.0,3.0,2.0,3.0,1.0,3.0,2.0,3.0,2.0,3.0,3.0,2.0,3.0,3.0,2,2.0,2.0,2.0,3.0,2.0,3.0,3.0,2.0,2.0,3.0,3.0,2.0,3.0,3.0,2.0,3.0,3.0,2.0,2.0,2.0,3.0,3.0,3.0,3.0,3.0,3.0,3.0,2.0,3.0,2.0,3.0,3.0,3.0,3.0,2.0,2.0,2.0,2.0,2,3.0,3.0,2.0,3.0,3.0,3.0,3.0,2.0,3.0,2.0,2.0,2.0,3.0,3.0,2.0,3.0,3.0,2.0,3.0,2.0,3.0,3.0,3.0,2.0,3.0,2.0,3.0,2.0,3.0,2.0,2.0,2.0,2.0,3.0,3.0,2.0,3.0,3.0,3.0,3.0,3.0,3.0,3.0,3.0,2.0,3.0,3.0,3.0,3.0,3.0,3.0,3.0,3.0,2.0,3.0,3.0,3.0,3.0,2.0,3.0,3.0,3.0,2.0,3.0,3.0,3.0,2.0,3.0,3.0,3.0,3.0,3.0,3.0,3.0,3.0,3.0,3.0,3.0,3.0,3.0,3.0,2.0,3.0,3.0,3.0,3.0,3.0,3.0,2.0,2.0,3.0,72,9,0.0656934306569343,1.1327368369303377,-0.461548723462
2.0,3,2,3.0,3.0,1.0,2.0,3.0,2.0,3.0,2.0,3.0,2,2.0,3.0,2.0,2.0,3.0,3.0,2.0,3.0,2.0,3.0,3.0,3.0,3.0,3.0,2.0,3.0,3.0,2.0,0.0,3.0,3.0,1.0,2.0,3.0,3.0,1.0,2.0,3.0,2.0,3.0,1.0,1.0,2.0,2.0,2.0,3.0,3.0,3.0,3.0,1.0,1.0,3.0,2.0,2.0,2.0,2.0,3.0,3.0,3.0,2.0,3.0,2.0,3.0,2,3.0,0.0,3.0,2.0,2.0,2.0,3.0,1.0,3.0,2.0,2.0,3.0,3.0,3.0,2.0,3.0,2,3.0,3.0,2.0,2.0,3.0,2.0,3.0,3.0,1.0,3.0,2.0,2.0,3.0,2.0,2,2.0,1.0,3.0,2.0,3.0,3.0,2.0,3.0,3.0,2,3,3.0,3.0,3.0,3.0,2.0,3.0,2.0,3,3.0,3.0,3.0,3.0,3.0,3.0,3,3.0,3.0,3.0,3.0,3.0,2.0,2.0,3.0,3.0,3.0,3.0,3.0,2.0,3.0,3.0,2,2.0,3.0,3.0,3.0,1.0,3.0,3.0,3.0,3.0,3.0,3.0,3.0,3,3.0,3.0,2.0,2.0,3.0,3.0,2.0,3,3.0,2.0,3.0,3.0,3.0,3.0,3.0,3.0,3.0,2.0,2,3.0,3.0,2.0,2.0,3.0,2.0,3.0,3.0,2.0,3.0,2.0,3.0,3.0,3.0,2.0,2.0,3.0,3.0,0.0,3.0,3.0,2,2.0,2.0,3.0,3.0,3.0,2,3.0,2.0,3.0,2.0,3.0,2,2.0,3.0,2.0,3.0,3.0,3.0,2.0,2,2.0,2.0,2.0,2.0,2.0,3.0,1.0,3.0,2.0,1.0,2,3.0,2.0,2.0,2.0,3.0,3.0,3.0,2,2.0,2.0,3.0,1.0,2.0,2.0,2.0,3.0,3.0,3.0,3.0,2.0,2.0,2.0,3.0,3.0,2.0,2.0,3.0,3.0,3.0,1.0,3.0,3.0,1.0,3.0,2.0,0.0,3.0,3.0,2.0,2.0,3.0,3.0,3.0,2.0,1.0,3.0,0.0,3.0,3.0,2.0,3.0,3,3.0,3.0,2.0,3.0,2.0,3.0,3,2.0,3.0,2.0,0.0,2.0,3.0,3.0,2.0,3.0,2.0,3.0,3.0,3.0,3.0,3.0,2.0,3.0,2.0,3.0,2.0,3.0,2.0,3.0,2.0,2.0,2.0,3.0,3.0,2.0,2.0,2.0,3.0,2.0,3.0,3.0,2.0,3.0,3.0,2.0,3.0,2.0,3.0,3.0,3.0,3.0,3.0,2.0,3.0,3.0,3.0,3.0,2.0,2.0,3.0,3.0,2,2.0,2.0,3.0,3.0,3.0,3.0,3.0,3.0,3.0,3.0,3.0,3.0,3.0,2.0,2,2.0,3.0,2.0,3.0,2.0,3.0,2.0,2.0,3.0,3.0,3.0,3.0,3.0,2.0,3.0,3.0,2.0,3.0,3.0,2.0,3.0,3.0,3.0,2.0,3.0,3.0,2.0,3.0,3.0,3.0,2.0,3.0,2.0,2.0,3.0,2.0,3.0,2.0,2.0,3.0,2,2.0,3.0,2.0,3.0,3.0,3.0,2.0,3.0,3.0,3.0,3.0,3.0,2.0,3.0,3.0,3.0,3.0,3.0,3.0,2.0,3.0,3.0,3.0,2.0,3.0,3.0,2.0,3.0,3.0,3.0,3.0,3.0,3.0,3.0,3.0,3.0,3.0,3.0,2.0,2.0,3.0,2.0,3.0,3.0,3.0,,3.0,3.0,3.0,3.0,3.0,3.0,3.0,3.0,3.0,2.0,3.0,1.0,3.0,2.0,2.0,1.0,3.0,2,3.0,3.0,3.0,3.0,3.0,,2.0,2.0,3.0,3.0,3.0,3.0,1.0,3.0,3.0,2.0,2.0,3.0,3.0,2.0,3.0,3.0,3.0,3.0,3.0,3.0,3.0,3.0,3.0,2.0,2.0,2.0,3.0,3.0,2.0,3.0,3.0,3.0,2,3.0,3.0,2.0,3.0,3.0,3.0,3.0,3.0,3.0,2.0,3.0,3.0,2.0,1.0,1.0,3.0,2.0,2.0,3.0,3.0,1.0,3.0,3.0,2.0,2.0,2.0,2.0,3.0,3.0,3.0,2.0,3.0,2.0,3.0,3.0,3.0,3.0,3.0,3.0,1.0,3.0,3.0,3.0,3.0,2.0,2.0,3.0,3.0,3.0,3.0,3.0,3.0,3.0,1.0,3.0,3.0,3.0,3.0,3.0,3.0,3.0,3.0,3.0,3.0,3.0,3.0,3.0,3.0,2.0,3.0,3.0,3.0,3.0,3.0,3.0,3.0,3.0,2.0,3.0,3.0,3.0,3.0,3.0,3.0,3.0,3.0,3.0,3.0,3.0,3.0,3.0,73,9,0.058076225045372,1.1428571428571428,-0.4361661682122835
3.0,3,2,3.0,3.0,3.0,3.0,3.0,3.0,3.0,3.0,3.0,3,3.0,,3.0,3.0,,3.0,3.0,3.0,,,1.0,3.0,2.0,3.0,3.0,3.0,3.0,3.0,2.0,3.0,3.0,3.0,3.0,,3.0,3.0,3.0,3.0,2.0,3.0,2.0,3.0,3.0,3.0,3.0,3.0,3.0,,0.0,3.0,,,3.0,3.0,2.0,3.0,2.0,3.0,,3.0,3.0,3.0,3.0,3,,,3.0,,3.0,3.0,3.0,3.0,2.0,,3.0,3.0,3.0,3.0,3.0,,3,,,3.0,3.0,3.0,,3.0,,3.0,3.0,,3.0,3.0,3.0,3,2.0,3.0,3.0,3.0,1.0,3.0,3.0,,3.0,3,3,3.0,3.0,3.0,,3.0,3.0,3.0,3,,3.0,3.0,,3.0,0.0,3,3.0,3.0,3.0,3.0,3.0,3.0,3.0,3.0,3.0,3.0,2.0,3.0,3.0,3.0,,3,3.0,,3.0,0.0,2.0,3.0,,3.0,3.0,3.0,3.0,3.0,3,,3.0,3.0,3.0,2.0,,3.0,3,3.0,3.0,,3.0,,,3.0,3.0,3.0,3.0,3,,3.0,3.0,3.0,3.0,,3.0,,3.0,,,3.0,,3.0,,3.0,,3.0,3.0,,3.0,3,3.0,3.0,3.0,3.0,2.0,3,,3.0,3.0,3.0,3.0,3,3.0,3.0,2.0,,,3.0,2.0,3,3.0,2.0,,3.0,3.0,3.0,1.0,3.0,3.0,3.0,3,3.0,3.0,3.0,3.0,2.0,3.0,,3,,,3.0,3.0,3.0,3.0,3.0,3.0,3.0,3.0,3.0,3.0,3.0,3.0,,,,3.0,3.0,,,,3.0,,,3.0,3.0,2.0,3.0,3.0,3.0,3.0,3.0,3.0,,3.0,3.0,3.0,3.0,3.0,3.0,3.0,3.0,3,,,3.0,,,1.0,2,,,3.0,,3.0,3.0,3.0,3.0,,3.0,3.0,3.0,3.0,3.0,,,,3.0,3.0,3.0,,3.0,,3.0,3.0,3.0,3.0,,3.0,3.0,1.0,3.0,3.0,,2.0,3.0,3.0,3.0,3.0,1.0,0.0,3.0,,,3.0,,3.0,3.0,,3.0,3.0,3.0,3.0,3.0,1.0,3,3.0,3.0,,3.0,3.0,3.0,,3.0,,2.0,,3.0,,3.0,3,3.0,3.0,,,,,2.0,3.0,3.0,,3.0,3.0,3.0,3.0,3.0,3.0,3.0,3.0,3.0,3.0,,3.0,3.0,3.0,,,3.0,,,3.0,1.0,2.0,3.0,3.0,,3.0,3.0,3.0,3.0,3.0,2,3.0,,3.0,,3.0,3.0,3.0,3.0,3.0,3.0,3.0,3.0,3.0,1.0,,3.0,3.0,,3.0,3.0,3.0,,,3.0,3.0,,3.0,3.0,3.0,,3.0,,,3.0,,3.0,1.0,3.0,3.0,3.0,3.0,3.0,,3.0,,,,3.0,3.0,3.0,,3.0,3.0,2.0,,3.0,3.0,3.0,3.0,3.0,3.0,3.0,,3,3.0,3.0,3.0,3.0,3.0,,3.0,3.0,3.0,3.0,3.0,3.0,3.0,3.0,3.0,,3.0,3.0,3.0,,3.0,3.0,3.0,,3.0,3.0,0.0,3.0,,3.0,2.0,,,2.0,3.0,,3.0,3.0,3,3.0,3.0,2.0,3.0,,,,,3.0,3.0,3.0,3.0,3.0,,3.0,,3.0,3.0,3.0,3.0,3.0,,,3.0,3.0,3.0,,,,,3.0,3.0,2.0,3.0,3.0,3.0,,3.0,3.0,,3.0,3.0,,,3.0,3.0,,3.0,,3.0,,1.0,,,,3.0,,3.0,3.0,1.0,0.0,,3.0,3.0,3.0,,3.0,,3.0,,,,,2.0,3.0,3.0,1.0,3.0,3.0,3.0,,,,1.0,,,2.0,,3.0,,,74,9,0.1139896373056994,1.4404125286478229,0.08614298011538911
2.0,2,2,3.0,3.0,3.0,3.0,3.0,1.0,3.0,3.0,3.0,2,3.0,3.0,3.0,3.0,3.0,3.0,3.0,3.0,3.0,2.0,3.0,3.0,3.0,1.0,3.0,3.0,3.0,2.0,2.0,3.0,3.0,3.0,2.0,3.0,3.0,3.0,3.0,3.0,2.0,2.0,3.0,3.0,1.0,2.0,3.0,3.0,3.0,2.0,3.0,3.0,3.0,3.0,3.0,3.0,3.0,2.0,3.0,3.0,3.0,2.0,3.0,3.0,3.0,2,3.0,3.0,3.0,3.0,3.0,0.0,3.0,3.0,3.0,3.0,3.0,3.0,3.0,3.0,3.0,3.0,3,3.0,3.0,3.0,3.0,2.0,3.0,3.0,3.0,3.0,3.0,3.0,3.0,1.0,3.0,2,2.0,3.0,3.0,3.0,2.0,3.0,2.0,3.0,3.0,2,3,2.0,3.0,3.0,3.0,3.0,3.0,3.0,2,3.0,3.0,3.0,3.0,3.0,3.0,2,2.0,3.0,3.0,3.0,3.0,2.0,3.0,3.0,3.0,3.0,3.0,3.0,3.0,0.0,3.0,3,2.0,3.0,1.0,3.0,3.0,2.0,2.0,3.0,1.0,1.0,2.0,2.0,3,3.0,3.0,3.0,3.0,3.0,2.0,3.0,3,3.0,2.0,3.0,3.0,3.0,3.0,3.0,2.0,3.0,3.0,1,2.0,2.0,2.0,2.0,3.0,3.0,3.0,3.0,2.0,2.0,3.0,3.0,3.0,3.0,3.0,3.0,2.0,3.0,3.0,3.0,3.0,3,3.0,3.0,2.0,3.0,3.0,3,3.0,3.0,3.0,3.0,3.0,2,2.0,3.0,2.0,3.0,3.0,3.0,3.0,2,3.0,3.0,3.0,3.0,3.0,3.0,3.0,3.0,3.0,3.0,2,3.0,3.0,0.0,2.0,3.0,3.0,3.0,2,2.0,2.0,3.0,3.0,3.0,3.0,3.0,3.0,3.0,3.0,3.0,3.0,3.0,2.0,3.0,3.0,3.0,2.0,3.0,3.0,3.0,3.0,3.0,3.0,3.0,3.0,2.0,3.0,3.0,3.0,3.0,3.0,3.0,3.0,2.0,2.0,3.0,3.0,3.0,3.0,3.0,2.0,1.0,3,3.0,3.0,3.0,3.0,3.0,2.0,3,2.0,3.0,3.0,3.0,3.0,3.0,3.0,3.0,3.0,3.0,3.0,3.0,3.0,2.0,3.0,3.0,3.0,3.0,3.0,3.0,3.0,3.0,3.0,3.0,3.0,2.0,3.0,3.0,3.0,3.0,3.0,3.0,2.0,3.0,3.0,2.0,3.0,2.0,1.0,3.0,3.0,1.0,3.0,2.0,3.0,3.0,3.0,3.0,3.0,3.0,3.0,3.0,3.0,3.0,2.0,3,3.0,3.0,3.0,2.0,3.0,3.0,3.0,3.0,3.0,3.0,3.0,3.0,3.0,2.0,2,3.0,2.0,3.0,3.0,3.0,3.0,3.0,2.0,3.0,3.0,2.0,3.0,3.0,3.0,3.0,3.0,3.0,3.0,2.0,2.0,3.0,3.0,2.0,3.0,0.0,3.0,3.0,3.0,1.0,1.0,3.0,1.0,3.0,3.0,3.0,3.0,3.0,3.0,3.0,3.0,3,3.0,3.0,3.0,3.0,3.0,3.0,3.0,3.0,3.0,3.0,3.0,3.0,3.0,3.0,3.0,2.0,3.0,3.0,3.0,2.0,3.0,3.0,3.0,2.0,3.0,3.0,3.0,3.0,1.0,2.0,3.0,3.0,,3.0,0.0,3.0,3.0,3.0,3.0,3.0,1.0,3.0,3.0,3.0,2.0,3.0,3.0,3.0,3.0,3.0,2.0,3.0,3.0,3.0,3.0,2.0,3.0,2.0,3.0,2.0,2.0,3.0,3.0,2,1.0,2.0,3.0,3.0,3.0,,3.0,2.0,3.0,3.0,3.0,3.0,3.0,3.0,3.0,3.0,3.0,3.0,3.0,3.0,1.0,3.0,3.0,3.0,3.0,3.0,3.0,3.0,3.0,3.0,3.0,3.0,3.0,3.0,3.0,3.0,3.0,2.0,3,3.0,3.0,3.0,3.0,3.0,,3.0,3.0,3.0,1.0,3.0,3.0,3.0,3.0,3.0,3.0,3.0,3.0,1.0,3.0,3.0,3.0,3.0,3.0,3.0,3.0,3.0,3.0,3.0,3.0,3.0,3.0,3.0,3.0,3.0,3.0,3.0,3.0,2.0,3.0,3.0,3.0,2.0,3.0,2.0,2.0,3.0,3.0,3.0,3.0,3.0,3.0,3.0,3.0,3.0,3.0,3.0,3.0,3.0,2.0,0.0,3.0,3.0,3.0,3.0,3.0,3.0,3.0,3.0,3.0,3.0,3.0,3.0,2.0,2.0,3.0,3.0,2.0,2.0,3.0,,3.0,3.0,3.0,3.0,3.0,3.0,3.0,3.0,3.0,,75,9,0.0661764705882353,1.2109520846297448,-0.319851462140161
3.0,2,3,3.0,3.0,3.0,3.0,3.0,3.0,3.0,3.0,3.0,2,2.0,3.0,3.0,3.0,,3.0,2.0,3.0,1.0,3.0,3.0,3.0,3.0,3.0,3.0,3.0,3.0,3.0,3.0,3.0,3.0,3.0,2.0,3.0,3.0,3.0,3.0,3.0,3.0,3.0,3.0,3.0,3.0,0.0,3.0,3.0,3.0,2.0,3.0,3.0,3.0,3.0,3.0,2.0,3.0,3.0,3.0,3.0,3.0,3.0,3.0,3.0,0.0,2,3.0,1.0,3.0,3.0,3.0,3.0,2.0,3.0,3.0,3.0,3.0,2.0,3.0,3.0,3.0,3.0,2,3.0,3.0,3.0,3.0,3.0,2.0,3.0,3.0,2.0,3.0,3.0,3.0,3.0,3.0,3,3.0,2.0,3.0,3.0,2.0,3.0,3.0,3.0,3.0,3,1,3.0,3.0,3.0,3.0,2.0,3.0,3.0,3,3.0,3.0,3.0,3.0,3.0,3.0,3,3.0,3.0,3.0,1.0,3.0,3.0,3.0,3.0,1.0,3.0,3.0,2.0,3.0,3.0,3.0,2,3.0,3.0,3.0,3.0,3.0,3.0,2.0,3.0,1.0,3.0,3.0,2.0,3,3.0,3.0,3.0,3.0,3.0,3.0,3.0,2,3.0,2.0,3.0,2.0,3.0,3.0,3.0,2.0,3.0,2.0,3,2.0,2.0,0.0,3.0,2.0,3.0,2.0,3.0,3.0,2.0,3.0,3.0,3.0,3.0,3.0,2.0,3.0,3.0,3.0,3.0,2.0,3,3.0,3.0,2.0,3.0,1.0,3,3.0,2.0,3.0,3.0,2.0,3,3.0,3.0,3.0,3.0,3.0,3.0,1.0,2,2.0,3.0,3.0,3.0,3.0,3.0,3.0,3.0,3.0,3.0,3,3.0,2.0,3.0,3.0,3.0,3.0,3.0,2,3.0,3.0,3.0,3.0,2.0,1.0,3.0,3.0,2.0,3.0,3.0,2.0,2.0,3.0,3.0,3.0,3.0,3.0,3.0,3.0,3.0,3.0,3.0,3.0,3.0,3.0,3.0,2.0,3.0,3.0,2.0,3.0,3.0,3.0,3.0,3.0,3.0,3.0,3.0,3.0,3.0,2.0,3.0,2,3.0,3.0,3.0,3.0,2.0,2.0,3,3.0,1.0,2.0,3.0,3.0,3.0,3.0,3.0,3.0,3.0,3.0,2.0,3.0,3.0,3.0,3.0,3.0,3.0,3.0,3.0,3.0,3.0,3.0,3.0,3.0,3.0,3.0,3.0,3.0,3.0,3.0,2.0,2.0,3.0,2.0,3.0,3.0,3.0,3.0,3.0,2.0,3.0,3.0,3.0,3.0,2.0,2.0,1.0,1.0,3.0,3.0,3.0,1.0,3.0,3.0,3,3.0,3.0,3.0,3.0,3.0,3.0,3.0,3.0,3.0,1.0,3.0,3.0,2.0,3.0,3,3.0,3.0,3.0,3.0,3.0,3.0,3.0,3.0,0.0,3.0,2.0,3.0,3.0,3.0,3.0,0.0,3.0,2.0,2.0,3.0,3.0,2.0,3.0,2.0,1.0,3.0,2.0,2.0,1.0,3.0,3.0,3.0,3.0,3.0,3.0,2.0,3.0,1.0,3.0,3.0,2,3.0,3.0,3.0,3.0,3.0,3.0,3.0,3.0,1.0,3.0,3.0,3.0,3.0,3.0,3.0,3.0,3.0,3.0,3.0,3.0,3.0,2.0,3.0,3.0,3.0,3.0,3.0,3.0,3.0,3.0,3.0,3.0,3.0,3.0,3.0,2.0,3.0,2.0,3.0,3.0,3.0,3.0,3.0,2.0,2.0,,3.0,1.0,3.0,3.0,3.0,3.0,2.0,3.0,3.0,3.0,3.0,2.0,3.0,2.0,3.0,3.0,3.0,2,3.0,3.0,3.0,3.0,3.0,,0.0,2.0,3.0,3.0,3.0,3.0,2.0,3.0,2.0,2.0,3.0,3.0,3.0,3.0,2.0,3.0,3.0,3.0,3.0,3.0,3.0,3.0,3.0,3.0,3.0,2.0,3.0,3.0,3.0,3.0,2.0,2.0,2,3.0,3.0,3.0,3.0,2.0,,3.0,3.0,3.0,3.0,3.0,3.0,3.0,3.0,3.0,3.0,3.0,3.0,3.0,3.0,3.0,3.0,3.0,3.0,3.0,3.0,3.0,3.0,3.0,3.0,3.0,3.0,3.0,3.0,3.0,3.0,3.0,3.0,3.0,3.0,3.0,3.0,3.0,3.0,3.0,2.0,3.0,3.0,3.0,3.0,3.0,3.0,3.0,3.0,3.0,3.0,,3.0,3.0,3.0,3.0,3.0,3.0,2.0,3.0,2.0,3.0,3.0,2.0,,3.0,2.0,3.0,3.0,3.0,3.0,3.0,3.0,3.0,3.0,,3.0,3.0,3.0,3.0,3.0,3.0,3.0,3.0,3.0,,76,9,0.0705009276437847,1.2373592404504306,-0.24235282819658213
2.0,2,2,2.0,3.0,3.0,3.0,3.0,3.0,1.0,1.0,3.0,3,2.0,3.0,2.0,3.0,3.0,3.0,3.0,3.0,3.0,2.0,2.0,3.0,3.0,3.0,2.0,3.0,3.0,2.0,3.0,3.0,3.0,3.0,3.0,2.0,2.0,3.0,3.0,2.0,3.0,3.0,2.0,3.0,2.0,3.0,3.0,3.0,3.0,2.0,3.0,2.0,2.0,3.0,2.0,3.0,2.0,2.0,3.0,3.0,3.0,3.0,2.0,3.0,3.0,3,2.0,3.0,3.0,3.0,3.0,2.0,3.0,3.0,3.0,3.0,3.0,2.0,3.0,3.0,2.0,3.0,2,1.0,3.0,3.0,2.0,3.0,3.0,3.0,3.0,2.0,2.0,3.0,2.0,2.0,3.0,2,2.0,1.0,3.0,3.0,3.0,3.0,2.0,3.0,3.0,3,2,2.0,2.0,3.0,3.0,3.0,2.0,3.0,2,3.0,3.0,3.0,2.0,2.0,3.0,1,2.0,3.0,3.0,1.0,2.0,3.0,3.0,3.0,3.0,3.0,1.0,3.0,3.0,3.0,3.0,3,3.0,3.0,3.0,3.0,3.0,3.0,2.0,3.0,2.0,3.0,3.0,2.0,3,3.0,3.0,2.0,0.0,3.0,3.0,3.0,3,2.0,2.0,3.0,3.0,3.0,3.0,3.0,3.0,1.0,3.0,1,3.0,2.0,3.0,3.0,2.0,2.0,3.0,2.0,2.0,3.0,3.0,3.0,3.0,3.0,2.0,2.0,3.0,2.0,3.0,3.0,2.0,1,2.0,1.0,1.0,2.0,3.0,2,2.0,2.0,2.0,3.0,2.0,3,2.0,3.0,3.0,3.0,3.0,2.0,1.0,2,2.0,3.0,2.0,2.0,3.0,2.0,3.0,2.0,2.0,2.0,3,2.0,2.0,3.0,2.0,3.0,3.0,2.0,2,0.0,2.0,3.0,2.0,2.0,1.0,3.0,2.0,3.0,2.0,1.0,2.0,2.0,3.0,1.0,3.0,3.0,2.0,2.0,3.0,3.0,3.0,3.0,3.0,3.0,3.0,2.0,3.0,2.0,3.0,2.0,2.0,2.0,3.0,3.0,3.0,1.0,3.0,2.0,3.0,3.0,2.0,3.0,2,3.0,3.0,3.0,3.0,2.0,3.0,3,3.0,2.0,2.0,0.0,3.0,3.0,2.0,2.0,3.0,3.0,3.0,2.0,3.0,3.0,3.0,2.0,3.0,2.0,3.0,3.0,3.0,2.0,3.0,2.0,3.0,3.0,3.0,3.0,3.0,3.0,2.0,2.0,2.0,3.0,2.0,2.0,3.0,3.0,2.0,3.0,3.0,3.0,3.0,3.0,3.0,3.0,3.0,3.0,3.0,3.0,2.0,2.0,3.0,3.0,3.0,3,2.0,2.0,3.0,3.0,3.0,3.0,1.0,2.0,3.0,3.0,3.0,3.0,2.0,3.0,2,3.0,3.0,3.0,3.0,3.0,1.0,3.0,2.0,3.0,3.0,2.0,3.0,3.0,2.0,3.0,3.0,3.0,3.0,3.0,3.0,3.0,3.0,3.0,0.0,3.0,3.0,2.0,2.0,3.0,3.0,2.0,2.0,3.0,3.0,3.0,3.0,2.0,3.0,2.0,3.0,2,3.0,3.0,3.0,3.0,3.0,3.0,3.0,3.0,3.0,3.0,2.0,3.0,3.0,3.0,3.0,3.0,3.0,3.0,3.0,3.0,3.0,3.0,3.0,2.0,3.0,3.0,3.0,3.0,3.0,3.0,3.0,3.0,3.0,2.0,3.0,3.0,3.0,3.0,2.0,3.0,3.0,2.0,3.0,3.0,3.0,3.0,3.0,3.0,3.0,3.0,3.0,2.0,3.0,3.0,3.0,3.0,3.0,2.0,3.0,3.0,3.0,2.0,3.0,2,3.0,3.0,2.0,3.0,3.0,,3.0,2.0,3.0,3.0,3.0,3.0,3.0,3.0,3.0,2.0,3.0,3.0,3.0,0.0,3.0,3.0,3.0,3.0,3.0,3.0,3.0,3.0,3.0,2.0,3.0,3.0,3.0,3.0,3.0,3.0,1.0,2.0,2,3.0,1.0,3.0,3.0,3.0,2.0,3.0,3.0,3.0,3.0,2.0,3.0,3.0,3.0,3.0,3.0,3.0,3.0,3.0,3.0,3.0,3.0,3.0,3.0,3.0,3.0,3.0,3.0,3.0,3.0,2.0,1.0,3.0,3.0,3.0,3.0,3.0,3.0,3.0,3.0,3.0,2.0,2.0,3.0,3.0,2.0,3.0,3.0,3.0,3.0,3.0,,3.0,3.0,3.0,2.0,3.0,1.0,3.0,2.0,3.0,3.0,3.0,3.0,3.0,3.0,3.0,3.0,3.0,,2.0,3.0,3.0,3.0,0.0,3.0,3.0,3.0,3.0,3.0,3.0,,3.0,3.0,3.0,3.0,3.0,3.0,3.0,3.0,,77,9,0.0622710622710622,1.1663627824741698,-0.3404595380649666
3.0,3,3,3.0,3.0,2.0,3.0,3.0,2.0,,3.0,3.0,2,3.0,3.0,3.0,3.0,,3.0,3.0,3.0,3.0,3.0,3.0,2.0,3.0,3.0,3.0,3.0,3.0,3.0,2.0,3.0,1.0,3.0,1.0,3.0,2.0,3.0,3.0,3.0,3.0,3.0,3.0,3.0,3.0,3.0,3.0,3.0,3.0,3.0,3.0,2.0,3.0,3.0,3.0,3.0,3.0,3.0,3.0,3.0,3.0,3.0,3.0,3.0,3.0,1,3.0,,3.0,3.0,3.0,1.0,3.0,3.0,3.0,3.0,3.0,3.0,3.0,3.0,3.0,3.0,2,3.0,3.0,3.0,3.0,3.0,3.0,3.0,2.0,3.0,3.0,2.0,3.0,3.0,2.0,0,3.0,3.0,3.0,3.0,3.0,3.0,3.0,3.0,3.0,1,3,2.0,3.0,3.0,3.0,2.0,3.0,3.0,2,3.0,3.0,3.0,3.0,2.0,3.0,3,3.0,3.0,0.0,3.0,3.0,3.0,1.0,3.0,3.0,3.0,3.0,3.0,3.0,3.0,,3,3.0,3.0,3.0,3.0,3.0,3.0,3.0,3.0,3.0,2.0,3.0,3.0,3,3.0,3.0,3.0,3.0,3.0,3.0,3.0,3,3.0,3.0,3.0,3.0,3.0,3.0,3.0,3.0,3.0,3.0,3,3.0,3.0,3.0,3.0,3.0,3.0,3.0,3.0,3.0,3.0,3.0,3.0,3.0,3.0,3.0,3.0,3.0,3.0,1.0,,3.0,3,3.0,2.0,3.0,3.0,3.0,3,3.0,2.0,3.0,3.0,3.0,3,0.0,3.0,3.0,,,3.0,3.0,2,2.0,2.0,3.0,3.0,3.0,3.0,3.0,3.0,3.0,3.0,3,3.0,2.0,3.0,3.0,3.0,3.0,3.0,2,3.0,3.0,3.0,3.0,3.0,3.0,3.0,2.0,3.0,3.0,3.0,3.0,3.0,3.0,3.0,3.0,3.0,3.0,3.0,3.0,3.0,0.0,3.0,,3.0,3.0,3.0,3.0,3.0,3.0,3.0,3.0,3.0,2.0,3.0,1.0,3.0,3.0,3.0,3.0,3.0,3.0,3.0,3,,3.0,3.0,3.0,3.0,3.0,3,3.0,3.0,2.0,3.0,3.0,3.0,3.0,3.0,3.0,3.0,,3.0,2.0,3.0,3.0,3.0,3.0,3.0,3.0,2.0,3.0,3.0,3.0,3.0,2.0,3.0,3.0,3.0,3.0,3.0,3.0,0.0,3.0,3.0,3.0,2.0,3.0,3.0,3.0,3.0,3.0,3.0,,3.0,3.0,3.0,3.0,3.0,3.0,3.0,3.0,3.0,3.0,2.0,3.0,3,3.0,3.0,3.0,3.0,2.0,3.0,3.0,3.0,3.0,3.0,3.0,,3.0,2.0,2,3.0,3.0,3.0,3.0,3.0,,2.0,3.0,3.0,3.0,3.0,3.0,3.0,3.0,3.0,3.0,3.0,3.0,3.0,3.0,3.0,3.0,2.0,3.0,3.0,1.0,3.0,3.0,3.0,2.0,3.0,2.0,3.0,3.0,3.0,3.0,3.0,3.0,2.0,3.0,2,2.0,3.0,3.0,3.0,3.0,3.0,3.0,3.0,3.0,3.0,3.0,3.0,1.0,3.0,3.0,1.0,3.0,3.0,3.0,2.0,3.0,3.0,3.0,3.0,3.0,3.0,3.0,3.0,3.0,2.0,3.0,,,3.0,,3.0,3.0,,3.0,3.0,3.0,3.0,3.0,3.0,2.0,,3.0,2.0,3.0,3.0,3.0,3.0,,3.0,3.0,3.0,3.0,3.0,3.0,3.0,2.0,3.0,3.0,3,2.0,3.0,2.0,3.0,2.0,,3.0,3.0,3.0,3.0,3.0,3.0,1.0,3.0,3.0,3.0,3.0,3.0,3.0,3.0,3.0,,3.0,3.0,3.0,3.0,3.0,3.0,3.0,3.0,3.0,3.0,3.0,3.0,3.0,3.0,3.0,3.0,3,3.0,3.0,3.0,3.0,3.0,,3.0,3.0,3.0,2.0,2.0,3.0,3.0,3.0,3.0,3.0,3.0,3.0,3.0,3.0,3.0,3.0,3.0,3.0,3.0,3.0,,3.0,3.0,3.0,3.0,2.0,3.0,3.0,3.0,3.0,3.0,2.0,3.0,3.0,3.0,3.0,3.0,3.0,3.0,3.0,3.0,3.0,3.0,3.0,3.0,3.0,2.0,2.0,,1.0,,3.0,3.0,3.0,3.0,3.0,3.0,,3.0,,3.0,3.0,3.0,,3.0,0.0,3.0,3.0,3.0,3.0,,3.0,2.0,3.0,,,3.0,,3.0,3.0,3.0,,2.0,,,78,9,0.0805500982318271,1.3050156739811911,-0.18283319418384117
0.0,3,2,3.0,2.0,2.0,2.0,3.0,3.0,3.0,3.0,3.0,2,3.0,3.0,3.0,3.0,,3.0,3.0,3.0,3.0,3.0,3.0,3.0,3.0,3.0,2.0,3.0,3.0,3.0,2.0,3.0,3.0,3.0,3.0,3.0,1.0,3.0,2.0,3.0,3.0,3.0,2.0,2.0,3.0,3.0,3.0,3.0,2.0,3.0,3.0,3.0,3.0,3.0,3.0,3.0,3.0,3.0,3.0,3.0,3.0,2.0,2.0,3.0,3.0,2,3.0,,3.0,3.0,3.0,3.0,3.0,1.0,3.0,3.0,0.0,3.0,1.0,3.0,0.0,3.0,2,3.0,1.0,3.0,3.0,2.0,3.0,3.0,3.0,3.0,3.0,3.0,2.0,3.0,3.0,2,3.0,3.0,3.0,3.0,2.0,3.0,1.0,3.0,2.0,2,3,3.0,3.0,3.0,3.0,3.0,3.0,3.0,3,,3.0,3.0,3.0,3.0,3.0,3,3.0,1.0,3.0,3.0,3.0,3.0,3.0,3.0,3.0,3.0,3.0,3.0,3.0,3.0,3.0,2,2.0,3.0,2.0,3.0,3.0,3.0,3.0,3.0,3.0,3.0,3.0,1.0,3,3.0,3.0,2.0,3.0,3.0,3.0,3.0,3,3.0,3.0,3.0,3.0,2.0,3.0,3.0,3.0,2.0,3.0,3,3.0,3.0,3.0,3.0,1.0,3.0,3.0,3.0,3.0,3.0,3.0,3.0,3.0,3.0,3.0,3.0,3.0,3.0,3.0,,3.0,3,3.0,3.0,3.0,3.0,3.0,3,3.0,3.0,3.0,3.0,3.0,3,3.0,3.0,3.0,,3.0,3.0,3.0,3,3.0,3.0,3.0,1.0,3.0,3.0,3.0,3.0,3.0,3.0,3,3.0,2.0,2.0,3.0,3.0,3.0,3.0,3,3.0,3.0,3.0,3.0,3.0,2.0,3.0,2.0,3.0,2.0,3.0,3.0,3.0,3.0,,3.0,2.0,3.0,3.0,3.0,3.0,3.0,3.0,,3.0,3.0,3.0,3.0,3.0,3.0,3.0,3.0,3.0,3.0,3.0,3.0,3.0,3.0,3.0,3.0,3.0,3.0,3.0,2,3.0,0.0,3.0,,3.0,3.0,3,3.0,,3.0,3.0,3.0,3.0,0.0,3.0,,2.0,3.0,3.0,3.0,3.0,,2.0,3.0,3.0,3.0,3.0,3.0,3.0,3.0,3.0,3.0,3.0,3.0,,3.0,2.0,3.0,3.0,3.0,3.0,3.0,3.0,3.0,3.0,3.0,3.0,3.0,3.0,3.0,3.0,3.0,3.0,3.0,3.0,3.0,3.0,,3.0,3.0,3.0,3.0,2,1.0,3.0,3.0,2.0,3.0,3.0,3.0,3.0,3.0,,3.0,3.0,3.0,3.0,3,3.0,3.0,3.0,2.0,3.0,,3.0,3.0,3.0,3.0,3.0,3.0,2.0,3.0,3.0,3.0,3.0,3.0,3.0,2.0,3.0,3.0,3.0,3.0,,3.0,3.0,3.0,3.0,1.0,3.0,3.0,3.0,3.0,3.0,1.0,3.0,3.0,3.0,3.0,3,3.0,3.0,3.0,3.0,3.0,3.0,3.0,3.0,3.0,3.0,3.0,2.0,3.0,3.0,3.0,3.0,2.0,3.0,3.0,3.0,3.0,,3.0,2.0,3.0,3.0,3.0,3.0,1.0,3.0,3.0,,,3.0,3.0,3.0,,,3.0,3.0,3.0,3.0,3.0,3.0,3.0,,3.0,3.0,3.0,0.0,2.0,3.0,3.0,2.0,3.0,3.0,,3.0,3.0,3.0,3.0,3.0,3.0,3,3.0,3.0,3.0,3.0,3.0,,3.0,3.0,3.0,3.0,3.0,3.0,3.0,3.0,3.0,3.0,3.0,3.0,3.0,3.0,3.0,3.0,3.0,3.0,3.0,3.0,3.0,3.0,3.0,3.0,3.0,3.0,3.0,3.0,3.0,3.0,3.0,1.0,3,,3.0,3.0,3.0,3.0,3.0,3.0,3.0,3.0,3.0,3.0,3.0,3.0,3.0,3.0,3.0,3.0,3.0,3.0,3.0,3.0,3.0,3.0,2.0,2.0,2.0,,3.0,,3.0,3.0,3.0,2.0,3.0,3.0,3.0,3.0,3.0,3.0,3.0,3.0,3.0,3.0,3.0,3.0,3.0,3.0,3.0,3.0,3.0,3.0,,3.0,2.0,,3.0,3.0,3.0,3.0,3.0,3.0,3.0,3.0,,3.0,3.0,3.0,2.0,3.0,,3.0,2.0,3.0,3.0,3.0,,,3.0,3.0,3.0,,,3.0,3.0,3.0,3.0,3.0,,3.0,3.0,,79,9,0.0830039525691699,1.3269251308341343,-0.19628467343405634
2.0,2,2,3.0,3.0,3.0,2.0,3.0,3.0,3.0,3.0,3.0,2,2.0,3.0,2.0,2.0,2.0,3.0,3.0,3.0,3.0,2.0,3.0,1.0,3.0,3.0,2.0,1.0,3.0,1.0,3.0,3.0,2.0,3.0,3.0,3.0,2.0,3.0,2.0,3.0,2.0,2.0,3.0,2.0,3.0,2.0,3.0,3.0,2.0,3.0,3.0,2.0,3.0,1.0,3.0,3.0,3.0,0.0,3.0,3.0,3.0,2.0,1.0,3.0,2.0,3,1.0,3.0,3.0,3.0,3.0,3.0,2.0,3.0,3.0,3.0,3.0,3.0,3.0,3.0,3.0,3.0,2,3.0,3.0,2.0,2.0,3.0,3.0,2.0,3.0,3.0,2.0,3.0,3.0,3.0,3.0,2,2.0,0.0,2.0,3.0,3.0,3.0,2.0,3.0,3.0,2,3,3.0,3.0,3.0,3.0,3.0,3.0,3.0,3,3.0,2.0,2.0,2.0,3.0,3.0,3,3.0,3.0,3.0,3.0,2.0,3.0,3.0,3.0,3.0,3.0,3.0,3.0,2.0,2.0,2.0,2,2.0,3.0,3.0,3.0,2.0,3.0,2.0,3.0,3.0,2.0,3.0,1.0,2,3.0,3.0,3.0,3.0,2.0,3.0,2.0,2,3.0,3.0,3.0,3.0,3.0,3.0,3.0,3.0,2.0,2.0,2,3.0,2.0,2.0,3.0,2.0,3.0,2.0,3.0,2.0,3.0,3.0,3.0,3.0,3.0,3.0,3.0,2.0,3.0,1.0,3.0,0.0,2,3.0,2.0,3.0,3.0,3.0,1,3.0,2.0,2.0,3.0,3.0,2,2.0,3.0,3.0,3.0,3.0,3.0,3.0,2,2.0,3.0,2.0,3.0,3.0,3.0,2.0,3.0,2.0,1.0,2,3.0,2.0,1.0,2.0,3.0,3.0,3.0,2,2.0,3.0,3.0,3.0,2.0,3.0,3.0,3.0,2.0,3.0,3.0,3.0,3.0,3.0,3.0,3.0,3.0,2.0,3.0,3.0,3.0,3.0,3.0,3.0,3.0,3.0,3.0,3.0,3.0,2.0,2.0,3.0,3.0,3.0,2.0,3.0,3.0,3.0,3.0,2.0,3.0,3.0,3.0,0,3.0,2.0,3.0,3.0,3.0,3.0,2,2.0,3.0,3.0,3.0,2.0,3.0,3.0,3.0,3.0,3.0,3.0,2.0,3.0,3.0,2.0,3.0,3.0,3.0,2.0,3.0,3.0,3.0,3.0,3.0,2.0,1.0,2.0,3.0,3.0,1.0,3.0,3.0,3.0,3.0,2.0,2.0,3.0,3.0,3.0,3.0,1.0,2.0,3.0,3.0,3.0,3.0,2.0,3.0,3.0,2.0,3.0,2.0,2.0,3.0,3.0,2,2.0,3.0,3.0,2.0,3.0,3.0,3.0,3.0,3.0,2.0,3.0,3.0,3.0,3.0,2,2.0,3.0,3.0,2.0,1.0,3.0,1.0,2.0,2.0,2.0,2.0,3.0,3.0,3.0,3.0,2.0,3.0,3.0,3.0,2.0,3.0,3.0,3.0,2.0,0.0,2.0,2.0,3.0,3.0,3.0,2.0,3.0,3.0,3.0,2.0,3.0,3.0,3.0,2.0,3.0,2,3.0,3.0,3.0,3.0,3.0,3.0,1.0,3.0,3.0,2.0,3.0,3.0,2.0,3.0,3.0,2.0,3.0,3.0,3.0,2.0,3.0,3.0,3.0,3.0,3.0,3.0,2.0,2.0,1.0,2.0,3.0,3.0,3.0,3.0,3.0,3.0,3.0,3.0,3.0,3.0,3.0,3.0,3.0,2.0,3.0,3.0,3.0,3.0,3.0,2.0,3.0,2.0,3.0,2.0,3.0,2.0,3.0,3.0,0.0,2.0,3.0,2.0,3.0,2,2.0,2.0,3.0,3.0,3.0,,3.0,2.0,2.0,3.0,3.0,3.0,3.0,3.0,2.0,2.0,3.0,3.0,1.0,3.0,3.0,3.0,3.0,3.0,3.0,3.0,3.0,3.0,3.0,3.0,3.0,3.0,3.0,3.0,2.0,3.0,2.0,3.0,2,3.0,3.0,2.0,2.0,3.0,3.0,3.0,3.0,3.0,3.0,2.0,2.0,3.0,3.0,3.0,3.0,2.0,3.0,2.0,3.0,3.0,3.0,3.0,3.0,3.0,2.0,3.0,3.0,3.0,3.0,2.0,3.0,2.0,3.0,3.0,3.0,3.0,3.0,3.0,3.0,3.0,1.0,3.0,3.0,2.0,3.0,3.0,3.0,3.0,3.0,3.0,3.0,3.0,2.0,3.0,2.0,3.0,3.0,3.0,3.0,3.0,3.0,3.0,3.0,3.0,3.0,3.0,3.0,1.0,3.0,3.0,3.0,2.0,3.0,2.0,3.0,3.0,3.0,3.0,3.0,3.0,3.0,3.0,3.0,2.0,1.0,3.0,3.0,2.0,3.0,,80,9,0.0938086303939962,1.1666303993036666,-0.3786132400367087
3.0,2,2,3.0,2.0,1.0,3.0,2.0,3.0,3.0,3.0,3.0,2,3.0,3.0,3.0,3.0,,3.0,3.0,3.0,3.0,3.0,3.0,3.0,3.0,3.0,2.0,3.0,3.0,3.0,2.0,3.0,3.0,3.0,3.0,3.0,3.0,0.0,3.0,2.0,3.0,3.0,3.0,2.0,3.0,2.0,3.0,3.0,3.0,2.0,3.0,3.0,3.0,3.0,3.0,3.0,3.0,3.0,3.0,3.0,3.0,2.0,2.0,3.0,2.0,2,3.0,3.0,3.0,3.0,3.0,2.0,3.0,3.0,2.0,1.0,3.0,3.0,3.0,3.0,2.0,2.0,2,3.0,3.0,2.0,3.0,3.0,2.0,3.0,3.0,2.0,3.0,3.0,3.0,2.0,3.0,2,2.0,3.0,3.0,1.0,1.0,3.0,3.0,3.0,3.0,3,3,3.0,3.0,3.0,3.0,3.0,3.0,3.0,3,3.0,1.0,3.0,3.0,3.0,3.0,3,3.0,3.0,3.0,3.0,3.0,3.0,3.0,3.0,3.0,3.0,2.0,2.0,3.0,2.0,3.0,2,2.0,3.0,3.0,3.0,3.0,3.0,3.0,3.0,3.0,3.0,3.0,3.0,2,2.0,3.0,3.0,2.0,3.0,3.0,3.0,3,3.0,3.0,3.0,3.0,2.0,3.0,3.0,3.0,3.0,3.0,2,3.0,3.0,3.0,2.0,3.0,1.0,3.0,3.0,2.0,3.0,3.0,3.0,3.0,3.0,3.0,3.0,3.0,3.0,3.0,3.0,3.0,3,1.0,3.0,3.0,3.0,3.0,2,3.0,3.0,3.0,3.0,3.0,2,3.0,3.0,0.0,3.0,3.0,2.0,2.0,2,3.0,3.0,3.0,1.0,3.0,2.0,3.0,3.0,3.0,3.0,2,3.0,2.0,3.0,3.0,3.0,3.0,3.0,2,0.0,3.0,3.0,3.0,3.0,3.0,3.0,2.0,3.0,3.0,3.0,3.0,2.0,3.0,3.0,3.0,3.0,3.0,3.0,3.0,3.0,3.0,3.0,3.0,3.0,3.0,3.0,2.0,3.0,3.0,3.0,2.0,3.0,3.0,3.0,3.0,3.0,1.0,3.0,3.0,3.0,3.0,3.0,2,3.0,1.0,3.0,3.0,2.0,2.0,3,3.0,3.0,2.0,3.0,3.0,3.0,3.0,3.0,3.0,3.0,3.0,3.0,3.0,3.0,3.0,3.0,3.0,3.0,3.0,3.0,3.0,3.0,3.0,3.0,3.0,3.0,3.0,3.0,2.0,2.0,3.0,3.0,3.0,3.0,3.0,3.0,3.0,3.0,3.0,3.0,2.0,3.0,3.0,3.0,2.0,3.0,3.0,1.0,3.0,3.0,3.0,2.0,2.0,3.0,3.0,2,1.0,3.0,3.0,2.0,3.0,3.0,3.0,3.0,3.0,3.0,3.0,3.0,3.0,2.0,3,3.0,3.0,3.0,3.0,3.0,3.0,0.0,2.0,3.0,3.0,3.0,3.0,1.0,3.0,3.0,3.0,3.0,3.0,3.0,2.0,3.0,3.0,3.0,3.0,2.0,1.0,3.0,3.0,2.0,3.0,3.0,3.0,3.0,3.0,3.0,2.0,3.0,3.0,3.0,3.0,3,3.0,3.0,3.0,3.0,3.0,1.0,3.0,3.0,0.0,2.0,3.0,2.0,2.0,3.0,3.0,3.0,3.0,3.0,2.0,3.0,3.0,3.0,3.0,3.0,3.0,3.0,3.0,3.0,3.0,3.0,3.0,3.0,3.0,3.0,3.0,3.0,3.0,3.0,3.0,3.0,3.0,2.0,3.0,3.0,3.0,,3.0,3.0,3.0,2.0,3.0,3.0,3.0,2.0,3.0,2.0,3.0,3.0,3.0,2.0,2.0,2.0,3.0,0,3.0,3.0,1.0,2.0,3.0,,3.0,3.0,3.0,3.0,3.0,3.0,3.0,3.0,3.0,3.0,3.0,3.0,3.0,3.0,3.0,1.0,3.0,3.0,3.0,3.0,3.0,3.0,3.0,3.0,3.0,3.0,3.0,3.0,3.0,3.0,3.0,3.0,2,3.0,3.0,1.0,3.0,3.0,,3.0,3.0,3.0,3.0,3.0,3.0,3.0,3.0,3.0,3.0,3.0,2.0,3.0,3.0,3.0,3.0,2.0,3.0,2.0,2.0,3.0,3.0,3.0,3.0,3.0,3.0,2.0,3.0,3.0,2.0,3.0,3.0,3.0,3.0,3.0,3.0,3.0,3.0,2.0,2.0,3.0,2.0,3.0,3.0,3.0,3.0,3.0,3.0,3.0,3.0,3.0,3.0,3.0,3.0,3.0,3.0,3.0,3.0,3.0,3.0,3.0,3.0,3.0,,3.0,3.0,3.0,3.0,3.0,3.0,,3.0,3.0,3.0,,,2.0,,3.0,3.0,3.0,3.0,3.0,3.0,,81,9,0.0589318600368324,1.2267655316391908,-0.33946769207234817
3.0,1,3,3.0,2.0,3.0,3.0,3.0,,,3.0,3.0,3,3.0,2.0,3.0,,,3.0,3.0,3.0,3.0,3.0,3.0,3.0,3.0,3.0,3.0,3.0,,3.0,3.0,3.0,3.0,3.0,3.0,3.0,3.0,3.0,3.0,3.0,3.0,3.0,3.0,3.0,3.0,3.0,3.0,3.0,3.0,3.0,,3.0,3.0,3.0,3.0,3.0,3.0,3.0,3.0,3.0,,3.0,3.0,3.0,3.0,3,3.0,,,,3.0,3.0,3.0,,3.0,3.0,3.0,2.0,3.0,,3.0,,3,3.0,,3.0,3.0,3.0,,3.0,3.0,3.0,3.0,3.0,3.0,,,3,3.0,3.0,3.0,3.0,3.0,3.0,,,3.0,1,3,3.0,3.0,,3.0,3.0,3.0,,3,,3.0,3.0,3.0,3.0,,3,3.0,,,,3.0,,3.0,,,,1.0,3.0,3.0,,,3,3.0,3.0,3.0,,,3.0,3.0,3.0,3.0,3.0,3.0,3.0,3,,3.0,3.0,2.0,3.0,2.0,2.0,3,3.0,3.0,,3.0,,,3.0,,3.0,3.0,2,,3.0,3.0,3.0,3.0,3.0,3.0,,3.0,3.0,3.0,3.0,,2.0,3.0,,3.0,3.0,3.0,,3.0,2,3.0,3.0,,3.0,,3,3.0,3.0,3.0,3.0,0.0,2,2.0,3.0,1.0,3.0,3.0,3.0,3.0,3,3.0,3.0,3.0,3.0,3.0,3.0,,0.0,3.0,3.0,2,3.0,1.0,3.0,3.0,,3.0,3.0,3,3.0,3.0,3.0,3.0,1.0,3.0,3.0,3.0,3.0,3.0,3.0,3.0,3.0,3.0,3.0,0.0,3.0,3.0,3.0,,3.0,3.0,3.0,3.0,,3.0,3.0,3.0,3.0,3.0,3.0,3.0,3.0,3.0,3.0,3.0,3.0,2.0,3.0,3.0,,3.0,3.0,3,,3.0,3.0,3.0,3.0,3.0,3,3.0,3.0,3.0,,3.0,,3.0,3.0,0.0,,3.0,3.0,3.0,3.0,,3.0,3.0,3.0,3.0,3.0,,3.0,3.0,3.0,3.0,3.0,3.0,1.0,3.0,3.0,3.0,3.0,3.0,,2.0,3.0,,3.0,3.0,3.0,3.0,,,3.0,3.0,,3.0,3.0,3.0,3.0,3.0,3.0,3.0,3.0,3.0,3,3.0,3.0,,3.0,3.0,,,3.0,,,,,3.0,3.0,3,3.0,3.0,,3.0,,,3.0,3.0,2.0,3.0,3.0,,3.0,2.0,2.0,3.0,3.0,3.0,3.0,3.0,3.0,,3.0,2.0,3.0,,3.0,2.0,1.0,3.0,3.0,3.0,3.0,,0.0,3.0,3.0,3.0,3.0,3.0,2,3.0,3.0,,3.0,,3.0,3.0,3.0,3.0,3.0,,3.0,3.0,,3.0,,,,3.0,3.0,,,,3.0,3.0,,,3.0,,3.0,,,,3.0,,3.0,,3.0,3.0,,,,,,,0.0,,3.0,3.0,3.0,,3.0,3.0,2.0,3.0,3.0,3.0,3.0,,3.0,3.0,2.0,3.0,3,,3.0,3.0,3.0,3.0,,3.0,2.0,3.0,1.0,,,3.0,3.0,3.0,3.0,,,3.0,2.0,,2.0,3.0,3.0,3.0,,1.0,3.0,,3.0,,,3.0,,3.0,,3.0,,3,,3.0,3.0,3.0,,,,,3.0,,,,,3.0,,,3.0,3.0,3.0,3.0,3.0,,3.0,3.0,1.0,3.0,,,,3.0,3.0,3.0,3.0,,3.0,,2.0,,3.0,3.0,,,,3.0,3.0,3.0,3.0,3.0,3.0,3.0,,,3.0,3.0,,2.0,,,3.0,3.0,,,3.0,,3.0,,,,,,,,,,,,,3.0,3.0,2.0,,,,,,3.0,,,3.0,,,82,9,0.1117021276595744,1.4588870431893688,0.011953011524183807
3.0,2,1,3.0,2.0,3.0,2.0,3.0,3.0,3.0,3.0,3.0,2,1.0,3.0,3.0,3.0,,2.0,3.0,3.0,3.0,3.0,3.0,3.0,3.0,3.0,3.0,3.0,3.0,3.0,3.0,3.0,3.0,3.0,3.0,3.0,3.0,2.0,3.0,3.0,2.0,0.0,3.0,3.0,3.0,3.0,3.0,3.0,3.0,2.0,3.0,3.0,3.0,3.0,3.0,3.0,3.0,2.0,2.0,3.0,3.0,3.0,2.0,3.0,2.0,2,3.0,3.0,3.0,3.0,3.0,3.0,3.0,3.0,3.0,3.0,3.0,3.0,2.0,1.0,3.0,3.0,2,3.0,3.0,3.0,2.0,3.0,3.0,3.0,3.0,2.0,3.0,3.0,1.0,3.0,3.0,2,3.0,3.0,2.0,3.0,3.0,3.0,3.0,3.0,3.0,3,3,3.0,3.0,3.0,3.0,3.0,3.0,3.0,1,3.0,3.0,2.0,3.0,3.0,3.0,3,3.0,1.0,3.0,3.0,3.0,3.0,3.0,3.0,3.0,2.0,3.0,3.0,3.0,3.0,3.0,3,3.0,3.0,0.0,3.0,3.0,3.0,3.0,3.0,3.0,2.0,3.0,2.0,3,3.0,3.0,3.0,3.0,3.0,3.0,3.0,3,3.0,3.0,2.0,3.0,3.0,3.0,3.0,3.0,2.0,3.0,2,3.0,3.0,3.0,2.0,2.0,3.0,3.0,3.0,3.0,3.0,3.0,3.0,3.0,3.0,3.0,3.0,3.0,3.0,3.0,3.0,2.0,3,3.0,0.0,2.0,3.0,3.0,3,3.0,3.0,2.0,2.0,2.0,3,3.0,3.0,3.0,3.0,3.0,3.0,2.0,3,2.0,3.0,3.0,2.0,1.0,3.0,3.0,3.0,3.0,3.0,2,2.0,2.0,1.0,3.0,3.0,3.0,3.0,3,3.0,3.0,3.0,3.0,2.0,3.0,3.0,3.0,3.0,3.0,3.0,3.0,3.0,2.0,3.0,3.0,3.0,2.0,3.0,3.0,3.0,3.0,3.0,3.0,3.0,3.0,3.0,3.0,3.0,3.0,3.0,2.0,3.0,3.0,1.0,3.0,1.0,1.0,3.0,3.0,3.0,3.0,3.0,3,3.0,3.0,3.0,3.0,3.0,3.0,2,3.0,3.0,3.0,3.0,3.0,3.0,2.0,2.0,3.0,3.0,3.0,2.0,3.0,3.0,3.0,3.0,3.0,3.0,3.0,3.0,3.0,2.0,3.0,3.0,3.0,3.0,1.0,3.0,2.0,0.0,3.0,2.0,2.0,3.0,2.0,3.0,3.0,3.0,3.0,3.0,3.0,3.0,3.0,3.0,3.0,3.0,3.0,3.0,3.0,3.0,3.0,3.0,3.0,2.0,3.0,2,3.0,3.0,3.0,2.0,3.0,3.0,1.0,3.0,3.0,3.0,3.0,3.0,3.0,2.0,2,3.0,3.0,3.0,3.0,3.0,,3.0,3.0,3.0,3.0,3.0,3.0,2.0,3.0,2.0,3.0,3.0,2.0,1.0,3.0,3.0,3.0,2.0,3.0,3.0,3.0,3.0,3.0,3.0,3.0,3.0,3.0,3.0,3.0,3.0,3.0,3.0,3.0,3.0,3.0,3,3.0,3.0,3.0,3.0,3.0,3.0,3.0,3.0,3.0,3.0,3.0,3.0,3.0,3.0,3.0,2.0,3.0,3.0,3.0,3.0,3.0,3.0,3.0,3.0,3.0,3.0,3.0,3.0,3.0,1.0,3.0,3.0,3.0,3.0,3.0,3.0,3.0,3.0,3.0,3.0,3.0,3.0,3.0,3.0,3.0,,3.0,3.0,3.0,3.0,3.0,2.0,3.0,3.0,3.0,3.0,3.0,2.0,3.0,3.0,2.0,3.0,3.0,2,2.0,2.0,3.0,3.0,3.0,,3.0,2.0,3.0,3.0,0.0,3.0,3.0,2.0,3.0,3.0,3.0,2.0,3.0,3.0,3.0,3.0,2.0,3.0,3.0,3.0,3.0,3.0,3.0,1.0,3.0,3.0,3.0,3.0,3.0,3.0,2.0,3.0,3,3.0,3.0,3.0,3.0,3.0,3.0,3.0,3.0,3.0,3.0,2.0,3.0,3.0,3.0,3.0,3.0,3.0,3.0,3.0,3.0,3.0,3.0,3.0,3.0,3.0,3.0,3.0,3.0,,3.0,3.0,3.0,3.0,3.0,3.0,3.0,3.0,3.0,3.0,3.0,3.0,2.0,3.0,3.0,3.0,2.0,3.0,3.0,3.0,0.0,,,3.0,3.0,3.0,3.0,3.0,1.0,3.0,3.0,1.0,3.0,3.0,3.0,3.0,,3.0,3.0,3.0,,3.0,3.0,,3.0,3.0,3.0,3.0,3.0,3.0,3.0,,,3.0,3.0,3.0,3.0,3.0,3.0,2.0,3.0,,83,9,0.0573012939001848,1.2508604818698472,-0.29476073820404475
2.0,3,2,3.0,2.0,2.0,3.0,3.0,1.0,3.0,2.0,3.0,2,3.0,1.0,3.0,1.0,3.0,3.0,2.0,3.0,3.0,3.0,3.0,2.0,3.0,2.0,3.0,3.0,3.0,2.0,3.0,2.0,2.0,3.0,3.0,3.0,3.0,3.0,2.0,2.0,3.0,2.0,3.0,2.0,2.0,2.0,3.0,3.0,3.0,2.0,2.0,1.0,3.0,3.0,3.0,2.0,3.0,2.0,3.0,3.0,3.0,2.0,3.0,3.0,2.0,2,2.0,3.0,3.0,3.0,3.0,2.0,3.0,2.0,2.0,2.0,2.0,3.0,3.0,3.0,2.0,3.0,3,3.0,3.0,1.0,2.0,3.0,3.0,0.0,2.0,2.0,3.0,3.0,3.0,3.0,2.0,2,2.0,3.0,3.0,3.0,3.0,2.0,2.0,3.0,3.0,2,3,2.0,2.0,3.0,3.0,3.0,3.0,3.0,3,3.0,2.0,3.0,3.0,2.0,3.0,2,3.0,2.0,3.0,3.0,2.0,2.0,2.0,3.0,3.0,3.0,3.0,3.0,3.0,3.0,1.0,2,2.0,3.0,3.0,3.0,1.0,3.0,3.0,2.0,3.0,2.0,3.0,1.0,3,3.0,3.0,2.0,2.0,2.0,3.0,3.0,3,3.0,3.0,3.0,3.0,3.0,3.0,3.0,2.0,2.0,1.0,1,2.0,3.0,2.0,3.0,3.0,2.0,3.0,3.0,2.0,3.0,3.0,3.0,2.0,2.0,3.0,3.0,1.0,3.0,2.0,2.0,2.0,2,3.0,3.0,2.0,2.0,3.0,2,3.0,2.0,2.0,3.0,2.0,1,1.0,3.0,3.0,3.0,3.0,3.0,3.0,2,2.0,3.0,3.0,3.0,3.0,3.0,2.0,3.0,2.0,3.0,2,3.0,2.0,2.0,2.0,3.0,3.0,2.0,2,2.0,3.0,0.0,3.0,3.0,2.0,3.0,2.0,3.0,2.0,3.0,1.0,3.0,3.0,3.0,3.0,3.0,3.0,3.0,2.0,3.0,3.0,3.0,3.0,3.0,3.0,3.0,2.0,3.0,3.0,2.0,2.0,3.0,2.0,2.0,3.0,2.0,2.0,1.0,3.0,2.0,3.0,3.0,2,3.0,3.0,2.0,3.0,2.0,3.0,2,2.0,3.0,3.0,3.0,2.0,3.0,3.0,3.0,3.0,3.0,3.0,2.0,2.0,3.0,3.0,3.0,3.0,3.0,3.0,3.0,3.0,2.0,3.0,3.0,2.0,3.0,3.0,3.0,3.0,2.0,3.0,3.0,3.0,3.0,3.0,3.0,3.0,3.0,2.0,2.0,3.0,3.0,2.0,3.0,3.0,3.0,3.0,3.0,3.0,2.0,3.0,3.0,3.0,3.0,3.0,2,3.0,2.0,3.0,3.0,3.0,3.0,3.0,2.0,3.0,3.0,3.0,3.0,3.0,2.0,3,2.0,2.0,3.0,3.0,3.0,3.0,3.0,2.0,3.0,3.0,2.0,2.0,2.0,3.0,3.0,2.0,3.0,3.0,3.0,2.0,3.0,3.0,2.0,2.0,3.0,3.0,3.0,2.0,3.0,3.0,3.0,3.0,1.0,3.0,3.0,2.0,3.0,2.0,2.0,3.0,2,3.0,0.0,2.0,3.0,2.0,3.0,2.0,2.0,1.0,2.0,3.0,3.0,0.0,3.0,3.0,0.0,3.0,3.0,3.0,3.0,3.0,3.0,3.0,2.0,2.0,3.0,3.0,3.0,3.0,3.0,3.0,3.0,3.0,3.0,3.0,3.0,3.0,3.0,3.0,2.0,3.0,3.0,3.0,3.0,3.0,3.0,3.0,3.0,3.0,2.0,3.0,3.0,2.0,2.0,3.0,2.0,3.0,3.0,2.0,2.0,2.0,2.0,3.0,3,3.0,2.0,3.0,3.0,3.0,,3.0,3.0,3.0,2.0,3.0,3.0,3.0,3.0,3.0,3.0,2.0,3.0,2.0,3.0,2.0,3.0,3.0,3.0,3.0,3.0,3.0,3.0,3.0,3.0,3.0,2.0,3.0,3.0,3.0,3.0,3.0,3.0,3,2.0,3.0,3.0,3.0,3.0,3.0,3.0,3.0,3.0,2.0,3.0,3.0,3.0,3.0,3.0,2.0,3.0,2.0,0.0,3.0,3.0,2.0,3.0,3.0,1.0,3.0,2.0,2.0,3.0,3.0,1.0,3.0,2.0,3.0,3.0,3.0,3.0,3.0,3.0,1.0,2.0,2.0,3.0,3.0,2.0,3.0,3.0,3.0,3.0,3.0,3.0,3.0,3.0,1.0,3.0,3.0,3.0,1.0,3.0,2.0,3.0,3.0,3.0,3.0,3.0,3.0,3.0,3.0,3.0,,3.0,3.0,3.0,3.0,3.0,3.0,3.0,3.0,3.0,3.0,3.0,3.0,3.0,3.0,3.0,3.0,3.0,3.0,3.0,3.0,,84,9,0.085820895522388,1.1484792325302517,-0.36999525565160724
2.0,2,1,3.0,3.0,3.0,3.0,3.0,3.0,3.0,3.0,3.0,3,2.0,2.0,2.0,3.0,,2.0,3.0,3.0,3.0,3.0,3.0,3.0,3.0,1.0,3.0,3.0,,3.0,3.0,2.0,3.0,3.0,3.0,3.0,3.0,3.0,3.0,3.0,3.0,2.0,3.0,3.0,3.0,3.0,3.0,3.0,3.0,1.0,3.0,0.0,3.0,3.0,3.0,3.0,3.0,1.0,3.0,3.0,3.0,2.0,3.0,3.0,3.0,3,2.0,3.0,3.0,3.0,3.0,3.0,3.0,3.0,3.0,3.0,3.0,2.0,1.0,3.0,3.0,3.0,3,3.0,3.0,3.0,3.0,3.0,3.0,3.0,0.0,3.0,3.0,3.0,2.0,3.0,3.0,3,3.0,2.0,3.0,3.0,3.0,3.0,3.0,1.0,3.0,2,3,3.0,3.0,3.0,3.0,3.0,3.0,3.0,3,3.0,3.0,3.0,3.0,3.0,3.0,3,3.0,3.0,3.0,3.0,3.0,3.0,3.0,3.0,,3.0,3.0,3.0,3.0,3.0,3.0,2,3.0,3.0,3.0,3.0,3.0,3.0,3.0,0.0,3.0,3.0,3.0,3.0,3,3.0,3.0,3.0,3.0,3.0,3.0,3.0,3,3.0,2.0,3.0,3.0,3.0,3.0,3.0,3.0,3.0,3.0,2,,3.0,3.0,2.0,3.0,3.0,3.0,3.0,3.0,3.0,3.0,3.0,3.0,3.0,3.0,3.0,3.0,1.0,3.0,2.0,2.0,3,2.0,2.0,3.0,3.0,0.0,3,2.0,3.0,3.0,1.0,3.0,3,3.0,3.0,3.0,3.0,0.0,2.0,2.0,3,3.0,3.0,2.0,3.0,3.0,3.0,3.0,3.0,3.0,3.0,2,3.0,3.0,3.0,3.0,3.0,3.0,3.0,3,3.0,3.0,3.0,3.0,3.0,3.0,3.0,3.0,3.0,3.0,3.0,3.0,2.0,3.0,3.0,3.0,2.0,1.0,3.0,3.0,3.0,3.0,3.0,3.0,3.0,3.0,3.0,3.0,3.0,3.0,3.0,3.0,1.0,3.0,3.0,3.0,3.0,3.0,3.0,3.0,3.0,2.0,3.0,3,3.0,,3.0,3.0,3.0,3.0,3,3.0,3.0,3.0,3.0,3.0,3.0,3.0,3.0,3.0,3.0,3.0,3.0,2.0,3.0,,3.0,3.0,3.0,3.0,3.0,3.0,3.0,3.0,3.0,3.0,3.0,3.0,3.0,3.0,3.0,3.0,1.0,3.0,3.0,3.0,3.0,3.0,3.0,2.0,3.0,2.0,3.0,2.0,3.0,3.0,,3.0,2.0,3.0,1.0,3.0,3.0,3.0,3.0,3.0,2,2.0,3.0,3.0,3.0,3.0,3.0,2.0,3.0,3.0,3.0,2.0,3.0,3.0,3.0,3,3.0,3.0,,,3.0,3.0,3.0,3.0,3.0,,3.0,3.0,3.0,3.0,3.0,3.0,3.0,3.0,3.0,3.0,3.0,3.0,2.0,3.0,3.0,3.0,3.0,3.0,3.0,3.0,2.0,3.0,3.0,3.0,3.0,3.0,3.0,3.0,3.0,2.0,3,3.0,3.0,3.0,3.0,3.0,3.0,3.0,3.0,3.0,3.0,3.0,3.0,3.0,3.0,3.0,3.0,3.0,3.0,3.0,3.0,3.0,3.0,,3.0,2.0,,3.0,3.0,3.0,3.0,3.0,3.0,3.0,3.0,,2.0,2.0,3.0,3.0,3.0,3.0,3.0,,3.0,3.0,,3.0,3.0,3.0,3.0,3.0,3.0,,3.0,,3.0,3.0,3.0,3.0,3.0,3.0,3.0,3.0,0,3.0,3.0,2.0,3.0,3.0,,3.0,3.0,3.0,3.0,3.0,3.0,3.0,3.0,3.0,3.0,3.0,3.0,3.0,3.0,3.0,3.0,2.0,3.0,3.0,3.0,3.0,2.0,3.0,3.0,3.0,3.0,3.0,3.0,2.0,3.0,3.0,3.0,3,3.0,3.0,3.0,3.0,,,3.0,2.0,,3.0,3.0,3.0,3.0,3.0,3.0,3.0,1.0,3.0,3.0,3.0,3.0,,3.0,3.0,3.0,3.0,,,,3.0,3.0,3.0,2.0,3.0,3.0,3.0,3.0,3.0,,3.0,,3.0,3.0,3.0,3.0,3.0,3.0,2.0,3.0,3.0,3.0,,3.0,3.0,3.0,3.0,3.0,3.0,1.0,3.0,3.0,3.0,2.0,3.0,3.0,,,,2.0,,3.0,3.0,3.0,3.0,3.0,2.0,3.0,3.0,,3.0,,,3.0,,3.0,3.0,3.0,3.0,3.0,3.0,,85,9,0.0787401574803149,1.3314285714285714,-0.08583487599560508
3.0,3,3,3.0,2.0,3.0,3.0,3.0,3.0,3.0,3.0,3.0,2,3.0,3.0,3.0,3.0,,3.0,3.0,3.0,3.0,3.0,2.0,3.0,3.0,3.0,3.0,3.0,3.0,3.0,1.0,3.0,3.0,3.0,2.0,3.0,3.0,3.0,3.0,3.0,2.0,3.0,3.0,2.0,3.0,2.0,2.0,3.0,3.0,3.0,3.0,3.0,3.0,3.0,3.0,3.0,3.0,3.0,2.0,3.0,2.0,3.0,3.0,3.0,3.0,3,3.0,3.0,3.0,3.0,3.0,3.0,3.0,3.0,3.0,3.0,3.0,3.0,3.0,3.0,3.0,3.0,3,3.0,3.0,3.0,3.0,1.0,3.0,3.0,3.0,2.0,3.0,3.0,3.0,3.0,3.0,3,3.0,3.0,3.0,3.0,3.0,3.0,3.0,3.0,3.0,3,3,3.0,3.0,3.0,3.0,3.0,0.0,3.0,2,3.0,3.0,3.0,3.0,3.0,3.0,3,3.0,1.0,3.0,3.0,3.0,3.0,3.0,3.0,3.0,3.0,3.0,2.0,3.0,3.0,3.0,3,3.0,3.0,2.0,3.0,3.0,2.0,3.0,3.0,3.0,3.0,3.0,3.0,3,2.0,3.0,3.0,3.0,3.0,3.0,3.0,3,3.0,3.0,3.0,3.0,3.0,1.0,3.0,1.0,3.0,2.0,3,3.0,3.0,3.0,2.0,0.0,3.0,3.0,3.0,3.0,3.0,3.0,3.0,2.0,3.0,3.0,2.0,3.0,3.0,3.0,,2.0,2,3.0,2.0,3.0,3.0,3.0,3,3.0,2.0,3.0,0.0,3.0,3,3.0,3.0,3.0,3.0,3.0,3.0,3.0,3,2.0,3.0,3.0,3.0,3.0,3.0,3.0,3.0,3.0,3.0,3,3.0,2.0,3.0,3.0,1.0,3.0,3.0,3,2.0,3.0,3.0,3.0,3.0,3.0,3.0,3.0,3.0,3.0,3.0,2.0,1.0,2.0,3.0,3.0,3.0,3.0,2.0,2.0,3.0,3.0,3.0,3.0,2.0,0.0,3.0,3.0,3.0,3.0,2.0,3.0,3.0,3.0,3.0,2.0,3.0,2.0,3.0,3.0,3.0,3.0,3.0,3,3.0,3.0,3.0,3.0,3.0,3.0,3,3.0,2.0,2.0,3.0,3.0,3.0,3.0,3.0,3.0,0.0,3.0,3.0,1.0,2.0,3.0,3.0,3.0,3.0,3.0,3.0,3.0,2.0,3.0,3.0,3.0,1.0,3.0,3.0,3.0,3.0,3.0,3.0,3.0,3.0,2.0,3.0,3.0,2.0,2.0,3.0,3.0,3.0,3.0,3.0,3.0,3.0,3.0,3.0,3.0,3.0,3.0,3.0,3.0,3.0,3.0,3,3.0,3.0,3.0,3.0,2.0,3.0,,3.0,1.0,3.0,3.0,3.0,3.0,2.0,2,2.0,3.0,3.0,3.0,3.0,,3.0,3.0,3.0,3.0,2.0,3.0,3.0,3.0,3.0,2.0,3.0,3.0,3.0,3.0,3.0,3.0,2.0,3.0,3.0,3.0,1.0,3.0,3.0,3.0,3.0,3.0,3.0,3.0,2.0,3.0,3.0,3.0,3.0,3.0,3,3.0,3.0,3.0,3.0,3.0,3.0,3.0,2.0,3.0,2.0,3.0,3.0,3.0,3.0,2.0,3.0,2.0,3.0,3.0,3.0,3.0,1.0,,3.0,3.0,3.0,3.0,3.0,3.0,3.0,3.0,3.0,3.0,3.0,3.0,3.0,3.0,3.0,3.0,3.0,3.0,3.0,3.0,2.0,2.0,,3.0,3.0,3.0,3.0,3.0,3.0,3.0,3.0,3.0,3.0,3.0,3.0,3.0,3.0,3.0,3.0,3.0,3,3.0,3.0,3.0,3.0,3.0,,3.0,2.0,3.0,3.0,3.0,3.0,3.0,3.0,3.0,3.0,3.0,3.0,3.0,3.0,,3.0,3.0,3.0,1.0,3.0,3.0,3.0,3.0,3.0,3.0,3.0,3.0,1.0,3.0,3.0,3.0,3.0,3,3.0,,1.0,3.0,3.0,,3.0,3.0,3.0,3.0,3.0,3.0,3.0,3.0,3.0,3.0,3.0,2.0,0.0,3.0,2.0,3.0,3.0,3.0,3.0,3.0,3.0,3.0,1.0,3.0,3.0,3.0,3.0,3.0,3.0,3.0,3.0,3.0,3.0,3.0,3.0,2.0,3.0,3.0,2.0,2.0,3.0,3.0,3.0,1.0,3.0,3.0,3.0,3.0,3.0,3.0,3.0,3.0,3.0,3.0,3.0,3.0,3.0,3.0,3.0,,3.0,3.0,3.0,,3.0,3.0,3.0,3.0,3.0,3.0,3.0,3.0,3.0,3.0,,2.0,3.0,3.0,3.0,1.0,,3.0,3.0,3.0,,86,9,0.0654205607476635,1.2958647693630025,-0.1580684945191405
3.0,3,3,3.0,3.0,3.0,2.0,0.0,2.0,3.0,3.0,3.0,2,3.0,3.0,3.0,2.0,3.0,3.0,2.0,3.0,3.0,3.0,3.0,3.0,3.0,2.0,3.0,2.0,3.0,3.0,2.0,3.0,3.0,3.0,1.0,3.0,3.0,2.0,3.0,2.0,3.0,3.0,3.0,2.0,3.0,3.0,3.0,3.0,2.0,1.0,3.0,3.0,3.0,3.0,3.0,3.0,3.0,3.0,3.0,1.0,3.0,3.0,2.0,3.0,2.0,3,3.0,3.0,1.0,3.0,3.0,2.0,3.0,3.0,3.0,3.0,3.0,2.0,1.0,2.0,3.0,3.0,2,3.0,2.0,2.0,3.0,2.0,3.0,3.0,3.0,2.0,2.0,3.0,2.0,3.0,3.0,2,2.0,2.0,3.0,3.0,2.0,2.0,3.0,3.0,3.0,1,3,2.0,3.0,3.0,2.0,3.0,3.0,3.0,2,3.0,3.0,3.0,3.0,2.0,3.0,2,3.0,3.0,3.0,3.0,3.0,2.0,3.0,3.0,3.0,3.0,2.0,3.0,3.0,3.0,3.0,2,2.0,3.0,3.0,3.0,2.0,3.0,1.0,3.0,2.0,2.0,3.0,3.0,3,3.0,3.0,3.0,3.0,3.0,3.0,3.0,3,2.0,3.0,3.0,3.0,3.0,3.0,3.0,3.0,3.0,3.0,3,3.0,3.0,3.0,3.0,1.0,3.0,3.0,3.0,3.0,3.0,3.0,3.0,3.0,3.0,2.0,3.0,3.0,3.0,3.0,3.0,2.0,0,2.0,3.0,3.0,3.0,3.0,3,3.0,3.0,3.0,3.0,2.0,3,2.0,3.0,3.0,3.0,3.0,3.0,3.0,2,3.0,3.0,1.0,3.0,2.0,3.0,3.0,3.0,3.0,3.0,2,3.0,3.0,3.0,2.0,3.0,3.0,3.0,2,2.0,3.0,3.0,3.0,3.0,3.0,3.0,3.0,3.0,3.0,3.0,3.0,3.0,3.0,3.0,3.0,3.0,2.0,3.0,3.0,3.0,3.0,3.0,3.0,3.0,3.0,2.0,2.0,3.0,3.0,1.0,3.0,3.0,3.0,3.0,3.0,3.0,3.0,3.0,3.0,3.0,3.0,3.0,3,3.0,3.0,3.0,3.0,3.0,3.0,2,3.0,3.0,3.0,3.0,3.0,3.0,3.0,3.0,3.0,3.0,3.0,3.0,3.0,3.0,3.0,3.0,3.0,3.0,2.0,3.0,2.0,3.0,3.0,3.0,3.0,2.0,3.0,3.0,2.0,1.0,3.0,3.0,3.0,3.0,2.0,3.0,3.0,2.0,2.0,3.0,3.0,3.0,3.0,3.0,3.0,3.0,2.0,3.0,3.0,1.0,3.0,2.0,3.0,3.0,3.0,2,3.0,2.0,1.0,3.0,3.0,3.0,3.0,3.0,2.0,3.0,3.0,3.0,3.0,2.0,2,3.0,2.0,2.0,3.0,3.0,,3.0,3.0,3.0,3.0,2.0,3.0,3.0,3.0,3.0,2.0,3.0,3.0,2.0,3.0,2.0,1.0,2.0,3.0,3.0,3.0,3.0,3.0,3.0,3.0,3.0,3.0,3.0,1.0,3.0,3.0,3.0,3.0,2.0,3.0,3,3.0,3.0,3.0,3.0,3.0,3.0,2.0,3.0,3.0,2.0,3.0,3.0,3.0,3.0,3.0,3.0,3.0,3.0,3.0,3.0,3.0,3.0,3.0,3.0,1.0,3.0,2.0,3.0,3.0,2.0,3.0,3.0,3.0,3.0,3.0,3.0,3.0,3.0,3.0,3.0,3.0,3.0,3.0,3.0,3.0,0.0,3.0,3.0,3.0,3.0,3.0,3.0,3.0,3.0,3.0,2.0,3.0,2.0,2.0,3.0,3.0,2.0,3.0,1,3.0,3.0,3.0,3.0,3.0,,3.0,3.0,1.0,3.0,3.0,3.0,3.0,3.0,3.0,3.0,3.0,3.0,3.0,3.0,3.0,3.0,3.0,3.0,3.0,3.0,3.0,3.0,3.0,3.0,3.0,3.0,3.0,3.0,3.0,3.0,3.0,2.0,3,3.0,3.0,0.0,2.0,3.0,3.0,3.0,3.0,0.0,2.0,3.0,3.0,3.0,3.0,3.0,3.0,3.0,2.0,3.0,3.0,3.0,3.0,3.0,3.0,3.0,3.0,3.0,3.0,2.0,3.0,3.0,1.0,0.0,3.0,3.0,3.0,3.0,3.0,3.0,3.0,2.0,3.0,3.0,3.0,3.0,2.0,3.0,3.0,3.0,3.0,3.0,3.0,2.0,3.0,3.0,3.0,3.0,3.0,3.0,2.0,3.0,3.0,3.0,3.0,3.0,2.0,3.0,3.0,3.0,,3.0,3.0,3.0,3.0,3.0,3.0,3.0,3.0,3.0,3.0,,,3.0,,3.0,3.0,3.0,3.0,3.0,3.0,,87,9,0.0703703703703703,1.2158550237895327,-0.32908742821130466
3.0,3,3,3.0,2.0,1.0,1.0,3.0,3.0,3.0,3.0,3.0,2,3.0,2.0,3.0,2.0,,3.0,3.0,2.0,3.0,2.0,3.0,3.0,3.0,3.0,3.0,3.0,3.0,2.0,3.0,0.0,3.0,3.0,3.0,3.0,3.0,3.0,2.0,1.0,3.0,3.0,3.0,3.0,1.0,3.0,3.0,3.0,3.0,2.0,3.0,3.0,3.0,2.0,2.0,3.0,3.0,3.0,3.0,3.0,3.0,3.0,3.0,2.0,3.0,2,3.0,3.0,3.0,3.0,3.0,3.0,3.0,3.0,3.0,3.0,3.0,2.0,3.0,3.0,2.0,3.0,2,3.0,3.0,3.0,3.0,3.0,,3.0,3.0,3.0,3.0,3.0,3.0,3.0,3.0,2,2.0,2.0,3.0,2.0,2.0,3.0,3.0,3.0,3.0,3,3,2.0,2.0,3.0,3.0,3.0,3.0,3.0,2,3.0,3.0,3.0,2.0,3.0,3.0,2,2.0,3.0,3.0,3.0,1.0,2.0,3.0,3.0,3.0,3.0,3.0,3.0,3.0,3.0,3.0,3,3.0,0.0,3.0,3.0,3.0,3.0,2.0,2.0,3.0,3.0,3.0,3.0,2,3.0,3.0,3.0,3.0,3.0,3.0,3.0,1,3.0,3.0,3.0,3.0,3.0,3.0,3.0,3.0,3.0,3.0,2,3.0,3.0,3.0,3.0,3.0,3.0,3.0,3.0,3.0,3.0,3.0,3.0,3.0,3.0,3.0,2.0,2.0,3.0,3.0,3.0,3.0,3,2.0,3.0,3.0,3.0,3.0,3,3.0,3.0,2.0,3.0,3.0,2,3.0,3.0,2.0,3.0,3.0,2.0,3.0,3,3.0,3.0,3.0,2.0,2.0,3.0,1.0,3.0,3.0,3.0,0,3.0,3.0,3.0,3.0,3.0,3.0,2.0,2,3.0,3.0,3.0,3.0,3.0,3.0,3.0,0.0,3.0,3.0,3.0,3.0,3.0,2.0,3.0,3.0,3.0,3.0,2.0,3.0,3.0,3.0,3.0,3.0,3.0,3.0,3.0,2.0,1.0,3.0,3.0,3.0,3.0,3.0,3.0,3.0,3.0,3.0,3.0,3.0,3.0,3.0,3.0,3,3.0,1.0,3.0,3.0,3.0,3.0,3,3.0,3.0,3.0,3.0,3.0,3.0,3.0,3.0,3.0,1.0,3.0,3.0,3.0,2.0,3.0,1.0,3.0,3.0,3.0,3.0,3.0,3.0,3.0,3.0,3.0,3.0,3.0,3.0,3.0,3.0,3.0,3.0,3.0,3.0,3.0,2.0,2.0,0.0,3.0,3.0,2.0,3.0,3.0,3.0,3.0,2.0,3.0,3.0,3.0,3.0,3.0,3.0,3.0,3.0,3.0,2,3.0,3.0,3.0,2.0,3.0,3.0,3.0,3.0,3.0,1.0,2.0,3.0,3.0,2.0,3,3.0,3.0,,2.0,3.0,3.0,3.0,3.0,3.0,3.0,2.0,3.0,2.0,3.0,3.0,3.0,3.0,3.0,3.0,2.0,3.0,3.0,2.0,2.0,3.0,3.0,3.0,3.0,3.0,1.0,3.0,3.0,3.0,3.0,3.0,3.0,3.0,3.0,2.0,3.0,2,3.0,2.0,1.0,3.0,3.0,3.0,3.0,3.0,3.0,3.0,3.0,3.0,3.0,2.0,3.0,3.0,3.0,3.0,3.0,3.0,3.0,3.0,3.0,3.0,3.0,3.0,3.0,3.0,3.0,3.0,3.0,3.0,3.0,3.0,3.0,2.0,3.0,3.0,3.0,3.0,3.0,3.0,3.0,3.0,3.0,,3.0,2.0,3.0,2.0,3.0,3.0,3.0,3.0,3.0,3.0,3.0,3.0,3.0,3.0,3.0,3.0,3.0,3,3.0,3.0,3.0,3.0,3.0,,3.0,3.0,3.0,2.0,3.0,3.0,3.0,3.0,3.0,3.0,3.0,3.0,3.0,3.0,3.0,3.0,1.0,3.0,3.0,3.0,3.0,3.0,3.0,3.0,3.0,3.0,3.0,3.0,1.0,3.0,3.0,2.0,3,3.0,3.0,2.0,3.0,3.0,,3.0,3.0,3.0,3.0,3.0,3.0,3.0,3.0,3.0,3.0,3.0,3.0,3.0,3.0,3.0,3.0,3.0,3.0,3.0,3.0,1.0,3.0,3.0,3.0,2.0,3.0,2.0,3.0,3.0,2.0,3.0,3.0,3.0,3.0,3.0,3.0,3.0,0.0,3.0,3.0,3.0,3.0,3.0,3.0,3.0,,3.0,3.0,3.0,3.0,3.0,1.0,3.0,3.0,3.0,3.0,3.0,,3.0,3.0,3.0,,3.0,,3.0,3.0,3.0,3.0,3.0,3.0,,2.0,3.0,3.0,,,3.0,2.0,3.0,3.0,2.0,3.0,3.0,3.0,,88,9,0.085551330798479,1.2680931923331131,-0.21485323802566514
3.0,3,3,3.0,3.0,3.0,2.0,,3.0,,3.0,0.0,3,3.0,1.0,3.0,3.0,,3.0,3.0,,2.0,3.0,,3.0,3.0,3.0,3.0,3.0,,3.0,3.0,3.0,3.0,3.0,3.0,3.0,3.0,3.0,3.0,,3.0,3.0,,3.0,3.0,3.0,3.0,3.0,3.0,3.0,,3.0,3.0,3.0,3.0,3.0,3.0,2.0,3.0,3.0,3.0,3.0,3.0,,3.0,3,3.0,,,,3.0,1.0,3.0,3.0,3.0,3.0,3.0,3.0,3.0,3.0,3.0,3.0,3,3.0,3.0,3.0,3.0,3.0,2.0,,,3.0,3.0,3.0,3.0,3.0,,3,3.0,3.0,3.0,3.0,2.0,3.0,3.0,,3.0,3,3,3.0,3.0,,3.0,3.0,3.0,,3,,2.0,3.0,3.0,3.0,,3,3.0,3.0,3.0,3.0,3.0,,3.0,3.0,3.0,3.0,1.0,3.0,3.0,3.0,,3,3.0,3.0,3.0,,3.0,3.0,3.0,3.0,3.0,3.0,3.0,1.0,3,,,3.0,3.0,3.0,3.0,,3,3.0,,,3.0,3.0,,3.0,3.0,3.0,3.0,3,3.0,3.0,3.0,3.0,3.0,2.0,3.0,,3.0,3.0,3.0,3.0,3.0,,3.0,3.0,3.0,,3.0,,,3,3.0,3.0,,,3.0,3,,2.0,3.0,3.0,2.0,2,3.0,3.0,3.0,,,3.0,3.0,2,3.0,3.0,3.0,2.0,3.0,3.0,1.0,3.0,3.0,3.0,3,3.0,3.0,3.0,,3.0,3.0,3.0,3,3.0,2.0,3.0,3.0,3.0,3.0,3.0,3.0,3.0,3.0,3.0,3.0,3.0,3.0,,,,3.0,3.0,,3.0,,3.0,,3.0,3.0,3.0,3.0,3.0,1.0,3.0,3.0,,3.0,,3.0,3.0,3.0,3.0,3.0,3.0,3.0,3.0,3,,3.0,3.0,3.0,3.0,3.0,3,3.0,,3.0,3.0,3.0,3.0,2.0,0.0,,3.0,3.0,3.0,3.0,3.0,,,3.0,3.0,,2.0,3.0,3.0,3.0,3.0,3.0,3.0,3.0,,3.0,3.0,3.0,3.0,3.0,,3.0,3.0,3.0,3.0,,3.0,3.0,3.0,3.0,3.0,,,3.0,3.0,,3.0,3.0,3.0,3.0,,3.0,2,3.0,3.0,,3.0,3.0,3.0,,1.0,,,,,3.0,3.0,3,3.0,1.0,,3.0,,2.0,3.0,3.0,,,3.0,3.0,3.0,2.0,3.0,0.0,3.0,,,3.0,3.0,,3.0,3.0,,3.0,,3.0,3.0,,3.0,3.0,3.0,3.0,3.0,3.0,2.0,3.0,2.0,3.0,3,2.0,3.0,3.0,3.0,3.0,3.0,3.0,,3.0,3.0,3.0,3.0,3.0,3.0,,3.0,3.0,3.0,3.0,3.0,,3.0,3.0,3.0,3.0,,3.0,,3.0,3.0,3.0,3.0,,3.0,,2.0,3.0,3.0,3.0,,,,,3.0,,,3.0,3.0,3.0,3.0,,3.0,3.0,3.0,3.0,3.0,3.0,3.0,3.0,3.0,3.0,3.0,3.0,1,3.0,2.0,3.0,,3.0,,3.0,3.0,3.0,3.0,3.0,3.0,3.0,3.0,0.0,3.0,,3.0,3.0,1.0,3.0,,3.0,,3.0,3.0,3.0,,,3.0,,3.0,3.0,3.0,3.0,,2.0,3.0,3,,,3.0,1.0,2.0,,3.0,,,3.0,,3.0,3.0,3.0,3.0,3.0,3.0,2.0,3.0,3.0,3.0,,3.0,3.0,0.0,3.0,,3.0,,3.0,3.0,3.0,3.0,3.0,3.0,3.0,3.0,3.0,3.0,,3.0,3.0,,,3.0,3.0,,3.0,3.0,,2.0,,,3.0,,3.0,,,3.0,2.0,,0.0,1.0,3.0,3.0,,3.0,,,2.0,1.0,3.0,,,,,,3.0,3.0,3.0,2.0,,3.0,,3.0,3.0,3.0,,3.0,,,89,9,0.0867469879518072,1.4747305834262356,-0.01790654245944988
3.0,1,2,3.0,3.0,2.0,3.0,3.0,3.0,3.0,3.0,3.0,2,2.0,3.0,3.0,3.0,,3.0,3.0,3.0,2.0,3.0,3.0,3.0,3.0,3.0,3.0,3.0,3.0,3.0,2.0,3.0,3.0,3.0,3.0,3.0,3.0,3.0,3.0,3.0,1.0,2.0,3.0,3.0,3.0,2.0,3.0,3.0,3.0,3.0,3.0,3.0,3.0,3.0,3.0,3.0,3.0,2.0,3.0,2.0,3.0,3.0,3.0,3.0,3.0,3,1.0,3.0,3.0,3.0,3.0,2.0,3.0,3.0,3.0,3.0,2.0,2.0,3.0,3.0,3.0,3.0,3,3.0,0.0,3.0,3.0,2.0,3.0,1.0,3.0,3.0,3.0,3.0,3.0,3.0,3.0,3,3.0,3.0,2.0,3.0,3.0,3.0,3.0,,1.0,3,3,3.0,3.0,3.0,3.0,2.0,3.0,2.0,3,3.0,3.0,3.0,3.0,3.0,3.0,2,3.0,3.0,3.0,3.0,3.0,2.0,3.0,3.0,3.0,3.0,3.0,2.0,3.0,3.0,3.0,3,2.0,3.0,1.0,3.0,3.0,2.0,2.0,3.0,2.0,3.0,2.0,2.0,3,3.0,2.0,2.0,3.0,3.0,3.0,3.0,3,3.0,3.0,2.0,3.0,3.0,3.0,3.0,3.0,3.0,3.0,2,3.0,3.0,3.0,3.0,3.0,3.0,3.0,3.0,2.0,3.0,3.0,3.0,3.0,3.0,1.0,3.0,3.0,3.0,3.0,,2.0,2,3.0,3.0,3.0,2.0,3.0,3,3.0,3.0,3.0,3.0,2.0,3,3.0,3.0,3.0,,,3.0,3.0,3,3.0,3.0,3.0,3.0,2.0,3.0,3.0,3.0,3.0,3.0,3,3.0,3.0,3.0,3.0,3.0,3.0,3.0,3,3.0,3.0,3.0,3.0,3.0,1.0,1.0,2.0,3.0,3.0,3.0,3.0,3.0,3.0,3.0,3.0,3.0,3.0,3.0,3.0,3.0,3.0,3.0,3.0,3.0,3.0,3.0,3.0,3.0,3.0,2.0,3.0,3.0,3.0,3.0,2.0,2.0,2.0,3.0,3.0,3.0,3.0,3.0,2,3.0,3.0,3.0,3.0,3.0,3.0,3,3.0,,2.0,2.0,3.0,2.0,3.0,3.0,3.0,1.0,3.0,3.0,3.0,3.0,3.0,3.0,3.0,3.0,3.0,3.0,3.0,3.0,3.0,1.0,0.0,3.0,3.0,3.0,3.0,3.0,3.0,3.0,3.0,3.0,3.0,3.0,3.0,2.0,3.0,3.0,2.0,3.0,3.0,3.0,3.0,3.0,3.0,3.0,2.0,3.0,3.0,3.0,3.0,3.0,3.0,3,3.0,3.0,3.0,3.0,3.0,3.0,3.0,2.0,1.0,3.0,3.0,2.0,3.0,3.0,2,2.0,3.0,3.0,2.0,3.0,3.0,3.0,3.0,3.0,3.0,3.0,0.0,3.0,3.0,3.0,3.0,3.0,3.0,3.0,2.0,3.0,3.0,3.0,2.0,3.0,3.0,1.0,2.0,2.0,2.0,3.0,3.0,3.0,3.0,2.0,2.0,3.0,2.0,3.0,3.0,2,3.0,3.0,3.0,3.0,3.0,3.0,2.0,3.0,3.0,3.0,3.0,3.0,3.0,3.0,3.0,3.0,3.0,3.0,3.0,3.0,3.0,3.0,3.0,3.0,3.0,3.0,3.0,3.0,3.0,3.0,2.0,2.0,,3.0,0.0,3.0,3.0,3.0,3.0,3.0,3.0,3.0,3.0,3.0,3.0,,3.0,3.0,3.0,3.0,3.0,3.0,2.0,3.0,3.0,3.0,3.0,2.0,3.0,2.0,2.0,3.0,3.0,2,3.0,3.0,3.0,3.0,2.0,,3.0,3.0,3.0,3.0,3.0,3.0,3.0,2.0,3.0,1.0,3.0,3.0,3.0,3.0,3.0,3.0,3.0,3.0,1.0,3.0,3.0,2.0,2.0,3.0,3.0,3.0,1.0,3.0,3.0,3.0,3.0,3.0,3,3.0,,3.0,3.0,3.0,,3.0,3.0,1.0,3.0,,3.0,3.0,3.0,3.0,3.0,3.0,3.0,2.0,1.0,3.0,3.0,1.0,3.0,3.0,3.0,3.0,3.0,,3.0,3.0,3.0,3.0,3.0,3.0,3.0,0.0,3.0,3.0,3.0,3.0,2.0,3.0,3.0,3.0,3.0,3.0,3.0,2.0,3.0,3.0,3.0,3.0,3.0,,3.0,3.0,3.0,3.0,3.0,3.0,3.0,3.0,3.0,3.0,3.0,2.0,3.0,3.0,3.0,3.0,3.0,3.0,3.0,3.0,3.0,,3.0,2.0,3.0,,3.0,3.0,0.0,3.0,3.0,,,3.0,1.0,,90,9,0.0740037950664136,1.2419035029742236,-0.1677685597790755
2.0,3,2,3.0,3.0,3.0,3.0,3.0,3.0,3.0,2.0,3.0,2,3.0,3.0,3.0,3.0,,3.0,3.0,3.0,3.0,2.0,3.0,1.0,3.0,3.0,3.0,3.0,3.0,2.0,0.0,2.0,0.0,3.0,3.0,2.0,3.0,3.0,3.0,3.0,3.0,3.0,3.0,3.0,2.0,3.0,3.0,3.0,3.0,3.0,3.0,2.0,3.0,3.0,0.0,0.0,3.0,3.0,1.0,3.0,2.0,2.0,3.0,3.0,3.0,3,3.0,3.0,3.0,3.0,3.0,3.0,3.0,2.0,3.0,3.0,2.0,3.0,3.0,2.0,2.0,3.0,3,1.0,3.0,3.0,2.0,3.0,,3.0,3.0,2.0,2.0,3.0,3.0,3.0,3.0,3,3.0,3.0,3.0,3.0,3.0,3.0,3.0,3.0,3.0,2,3,3.0,3.0,3.0,3.0,3.0,3.0,3.0,2,3.0,3.0,3.0,3.0,3.0,3.0,3,3.0,3.0,3.0,3.0,3.0,2.0,3.0,3.0,3.0,3.0,3.0,2.0,3.0,3.0,3.0,2,2.0,3.0,3.0,3.0,3.0,3.0,2.0,3.0,3.0,3.0,1.0,2.0,2,3.0,3.0,2.0,3.0,0.0,3.0,3.0,2,3.0,3.0,3.0,3.0,3.0,3.0,3.0,3.0,2.0,3.0,3,3.0,3.0,3.0,1.0,3.0,3.0,3.0,3.0,3.0,3.0,2.0,3.0,3.0,3.0,3.0,3.0,3.0,3.0,2.0,3.0,2.0,3,3.0,3.0,3.0,3.0,3.0,3,3.0,2.0,2.0,3.0,3.0,2,3.0,3.0,3.0,3.0,3.0,3.0,2.0,2,2.0,3.0,3.0,3.0,2.0,3.0,3.0,1.0,2.0,3.0,3,3.0,2.0,3.0,3.0,3.0,3.0,2.0,3,3.0,2.0,3.0,3.0,1.0,3.0,3.0,3.0,3.0,2.0,3.0,3.0,3.0,3.0,3.0,3.0,3.0,3.0,3.0,1.0,3.0,3.0,3.0,3.0,3.0,3.0,3.0,2.0,3.0,3.0,3.0,2.0,3.0,3.0,2.0,3.0,3.0,3.0,3.0,3.0,3.0,3.0,3.0,3,3.0,3.0,3.0,3.0,3.0,2.0,3,3.0,3.0,3.0,3.0,3.0,3.0,3.0,3.0,,3.0,3.0,3.0,3.0,3.0,1.0,3.0,3.0,2.0,3.0,1.0,3.0,2.0,3.0,3.0,2.0,2.0,3.0,3.0,2.0,3.0,2.0,3.0,3.0,3.0,3.0,3.0,3.0,3.0,3.0,3.0,2.0,3.0,3.0,3.0,3.0,3.0,3.0,3.0,3.0,3.0,3.0,2.0,3.0,3.0,3.0,3,1.0,3.0,3.0,3.0,3.0,3.0,3.0,3.0,3.0,3.0,3.0,3.0,2.0,3.0,3,3.0,3.0,3.0,3.0,3.0,3.0,3.0,3.0,3.0,3.0,3.0,3.0,3.0,2.0,3.0,3.0,3.0,3.0,3.0,3.0,3.0,3.0,2.0,0.0,3.0,3.0,2.0,3.0,1.0,3.0,3.0,3.0,3.0,3.0,3.0,3.0,3.0,2.0,2.0,3.0,2,3.0,3.0,3.0,3.0,3.0,3.0,3.0,3.0,3.0,3.0,3.0,2.0,2.0,3.0,3.0,3.0,3.0,3.0,3.0,3.0,3.0,3.0,3.0,2.0,3.0,3.0,3.0,3.0,3.0,3.0,3.0,3.0,,2.0,3.0,3.0,3.0,3.0,3.0,3.0,1.0,3.0,3.0,3.0,3.0,,3.0,3.0,3.0,3.0,3.0,3.0,3.0,2.0,3.0,3.0,3.0,3.0,1.0,3.0,3.0,3.0,3.0,2,3.0,2.0,3.0,3.0,3.0,,3.0,2.0,3.0,3.0,3.0,3.0,3.0,2.0,3.0,3.0,2.0,3.0,3.0,3.0,3.0,3.0,3.0,3.0,3.0,3.0,3.0,3.0,3.0,3.0,3.0,3.0,3.0,3.0,3.0,3.0,3.0,3.0,3,3.0,3.0,2.0,3.0,3.0,,3.0,1.0,3.0,3.0,3.0,3.0,3.0,3.0,3.0,2.0,3.0,2.0,3.0,3.0,3.0,3.0,2.0,2.0,1.0,3.0,3.0,3.0,,3.0,3.0,3.0,3.0,3.0,3.0,3.0,3.0,3.0,3.0,3.0,3.0,2.0,3.0,3.0,2.0,3.0,3.0,1.0,3.0,2.0,3.0,3.0,3.0,3.0,3.0,3.0,3.0,1.0,3.0,2.0,3.0,3.0,3.0,3.0,2.0,3.0,2.0,,3.0,3.0,3.0,3.0,3.0,3.0,3.0,3.0,3.0,1.0,3.0,2.0,,,3.0,3.0,3.0,3.0,3.0,3.0,3.0,3.0,,91,9,0.0630797773654916,1.2351097178683386,-0.29563239301414435
3.0,2,3,3.0,3.0,3.0,3.0,0.0,3.0,3.0,3.0,3.0,2,3.0,3.0,3.0,3.0,,3.0,3.0,3.0,3.0,3.0,3.0,3.0,3.0,3.0,3.0,3.0,1.0,3.0,3.0,3.0,3.0,3.0,3.0,3.0,3.0,1.0,3.0,3.0,3.0,3.0,2.0,3.0,3.0,3.0,3.0,3.0,3.0,3.0,3.0,3.0,3.0,3.0,3.0,3.0,3.0,3.0,3.0,3.0,3.0,2.0,3.0,3.0,3.0,3,3.0,2.0,1.0,,3.0,3.0,3.0,3.0,3.0,3.0,3.0,3.0,3.0,3.0,3.0,3.0,3,3.0,3.0,3.0,2.0,3.0,,3.0,3.0,2.0,3.0,3.0,3.0,2.0,3.0,3,3.0,3.0,3.0,3.0,2.0,3.0,3.0,3.0,,2,3,3.0,3.0,3.0,3.0,3.0,3.0,3.0,2,3.0,3.0,3.0,3.0,3.0,3.0,3,3.0,3.0,3.0,3.0,2.0,3.0,3.0,3.0,3.0,3.0,3.0,3.0,3.0,3.0,3.0,3,2.0,3.0,3.0,3.0,3.0,1.0,3.0,3.0,3.0,3.0,3.0,3.0,3,3.0,3.0,3.0,3.0,3.0,3.0,3.0,2,3.0,3.0,3.0,3.0,,3.0,3.0,3.0,3.0,3.0,3,3.0,3.0,1.0,3.0,3.0,3.0,3.0,3.0,3.0,3.0,2.0,3.0,3.0,3.0,,2.0,3.0,3.0,3.0,,2.0,3,3.0,3.0,2.0,3.0,3.0,3,3.0,3.0,2.0,3.0,3.0,3,3.0,3.0,3.0,3.0,3.0,1.0,3.0,2,3.0,3.0,3.0,3.0,3.0,3.0,3.0,3.0,3.0,3.0,1,3.0,3.0,3.0,2.0,3.0,3.0,3.0,2,3.0,3.0,3.0,3.0,3.0,1.0,3.0,3.0,2.0,3.0,1.0,3.0,3.0,3.0,3.0,,3.0,3.0,3.0,3.0,3.0,,3.0,3.0,3.0,1.0,2.0,3.0,3.0,3.0,3.0,3.0,3.0,3.0,0.0,3.0,3.0,3.0,3.0,3.0,3.0,3.0,2.0,3,3.0,3.0,3.0,,2.0,3.0,2,3.0,3.0,3.0,2.0,3.0,3.0,3.0,3.0,3.0,3.0,3.0,3.0,3.0,3.0,,3.0,3.0,3.0,3.0,3.0,3.0,3.0,,3.0,3.0,3.0,3.0,,3.0,2.0,1.0,3.0,3.0,3.0,2.0,3.0,3.0,3.0,3.0,3.0,3.0,3.0,3.0,3.0,3.0,3.0,3.0,3.0,3.0,3.0,3.0,3.0,3.0,3.0,3.0,2,3.0,3.0,0.0,3.0,3.0,,3.0,3.0,3.0,3.0,,3.0,3.0,3.0,3,3.0,3.0,3.0,3.0,0.0,2.0,3.0,3.0,3.0,3.0,3.0,3.0,3.0,3.0,3.0,3.0,3.0,3.0,2.0,3.0,,3.0,2.0,2.0,2.0,3.0,3.0,3.0,3.0,3.0,3.0,3.0,2.0,2.0,3.0,3.0,3.0,3.0,2.0,3.0,3,3.0,3.0,3.0,1.0,3.0,3.0,3.0,3.0,,3.0,3.0,3.0,3.0,3.0,3.0,3.0,3.0,3.0,3.0,2.0,3.0,3.0,,3.0,3.0,3.0,2.0,3.0,3.0,1.0,3.0,,,3.0,3.0,3.0,3.0,3.0,3.0,3.0,3.0,3.0,3.0,3.0,3.0,,3.0,3.0,1.0,3.0,1.0,3.0,3.0,3.0,3.0,3.0,3.0,3.0,3.0,3.0,3.0,3.0,3.0,3,3.0,2.0,3.0,3.0,3.0,,3.0,3.0,3.0,2.0,0.0,3.0,3.0,3.0,3.0,3.0,3.0,3.0,3.0,3.0,3.0,,3.0,3.0,3.0,3.0,,3.0,3.0,3.0,3.0,3.0,3.0,3.0,3.0,3.0,3.0,3.0,3,3.0,3.0,3.0,3.0,3.0,2.0,3.0,3.0,3.0,2.0,3.0,3.0,3.0,,3.0,3.0,3.0,3.0,3.0,3.0,3.0,,3.0,3.0,3.0,3.0,3.0,3.0,,3.0,2.0,3.0,2.0,3.0,3.0,3.0,,0.0,2.0,3.0,3.0,1.0,3.0,3.0,3.0,3.0,3.0,3.0,3.0,3.0,3.0,,,3.0,3.0,3.0,,3.0,2.0,3.0,3.0,,3.0,3.0,3.0,3.0,3.0,3.0,3.0,,3.0,3.0,3.0,3.0,3.0,3.0,,3.0,3.0,3.0,,,,3.0,3.0,3.0,3.0,3.0,3.0,3.0,,92,9,0.0600775193798449,1.3175077595125877,-0.11838809630783252
3.0,3,2,2.0,3.0,3.0,3.0,3.0,3.0,3.0,3.0,3.0,2,3.0,3.0,3.0,3.0,3.0,3.0,3.0,3.0,3.0,3.0,3.0,3.0,3.0,3.0,3.0,3.0,3.0,2.0,3.0,3.0,3.0,3.0,3.0,3.0,3.0,3.0,2.0,3.0,2.0,3.0,3.0,3.0,3.0,0.0,3.0,3.0,3.0,3.0,3.0,3.0,3.0,3.0,3.0,3.0,3.0,3.0,3.0,3.0,3.0,3.0,3.0,0.0,3.0,3,3.0,3.0,3.0,3.0,3.0,2.0,3.0,1.0,3.0,3.0,3.0,3.0,3.0,3.0,3.0,2.0,3,3.0,3.0,3.0,3.0,3.0,,3.0,1.0,3.0,3.0,3.0,2.0,,2.0,3,3.0,3.0,3.0,3.0,3.0,3.0,3.0,,,3,3,2.0,3.0,3.0,3.0,3.0,3.0,,3,3.0,2.0,3.0,2.0,3.0,3.0,1,3.0,2.0,3.0,3.0,2.0,3.0,3.0,3.0,3.0,3.0,3.0,3.0,3.0,,,3,3.0,3.0,3.0,3.0,3.0,3.0,3.0,3.0,3.0,3.0,3.0,3.0,3,3.0,3.0,3.0,3.0,3.0,3.0,3.0,3,3.0,3.0,3.0,3.0,3.0,3.0,,2.0,3.0,3.0,2,3.0,3.0,3.0,3.0,2.0,3.0,3.0,3.0,3.0,3.0,3.0,3.0,3.0,3.0,3.0,3.0,3.0,3.0,3.0,,2.0,3,3.0,2.0,3.0,,3.0,2,3.0,3.0,3.0,2.0,3.0,2,3.0,3.0,2.0,3.0,,3.0,3.0,3,3.0,3.0,3.0,3.0,3.0,3.0,3.0,3.0,3.0,3.0,3,2.0,1.0,3.0,3.0,,3.0,3.0,3,3.0,3.0,3.0,3.0,3.0,3.0,3.0,3.0,3.0,3.0,3.0,3.0,3.0,3.0,3.0,3.0,3.0,3.0,3.0,,3.0,3.0,3.0,3.0,3.0,3.0,3.0,3.0,3.0,3.0,3.0,3.0,3.0,3.0,3.0,3.0,3.0,3.0,3.0,1.0,3.0,3.0,3.0,2,,,3.0,3.0,3.0,3.0,3,3.0,,3.0,3.0,3.0,3.0,3.0,3.0,3.0,3.0,3.0,3.0,3.0,3.0,,3.0,,3.0,3.0,3.0,3.0,1.0,3.0,3.0,3.0,3.0,3.0,3.0,3.0,3.0,1.0,3.0,3.0,3.0,2.0,3.0,,3.0,3.0,,3.0,3.0,3.0,3.0,3.0,3.0,3.0,3.0,3.0,3.0,3.0,0.0,3.0,3.0,3.0,3,3.0,3.0,,3.0,3.0,3.0,,1.0,3.0,,,3.0,3.0,2.0,3,3.0,3.0,,3.0,3.0,,3.0,3.0,,3.0,2.0,3.0,2.0,3.0,2.0,3.0,0.0,3.0,3.0,3.0,3.0,3.0,3.0,3.0,3.0,2.0,3.0,3.0,3.0,3.0,3.0,3.0,3.0,3.0,3.0,3.0,3.0,3.0,3.0,1.0,3,3.0,3.0,3.0,3.0,1.0,3.0,3.0,3.0,3.0,2.0,3.0,3.0,3.0,3.0,3.0,3.0,3.0,3.0,3.0,3.0,3.0,3.0,,3.0,3.0,,3.0,1.0,3.0,3.0,3.0,,,3.0,3.0,3.0,,3.0,3.0,3.0,3.0,3.0,,3.0,3.0,,2.0,3.0,3.0,3.0,3.0,3.0,,2.0,1.0,2.0,3.0,3.0,3.0,3.0,3.0,3.0,3.0,3,3.0,3.0,3.0,3.0,3.0,,3.0,2.0,3.0,3.0,3.0,3.0,3.0,3.0,3.0,2.0,3.0,3.0,3.0,3.0,3.0,1.0,3.0,3.0,3.0,3.0,3.0,3.0,3.0,3.0,3.0,3.0,3.0,3.0,3.0,3.0,3.0,3.0,3,3.0,,3.0,3.0,3.0,,3.0,3.0,3.0,3.0,3.0,3.0,3.0,3.0,3.0,,3.0,2.0,3.0,3.0,3.0,,3.0,3.0,3.0,3.0,3.0,3.0,3.0,3.0,3.0,3.0,3.0,,2.0,3.0,3.0,3.0,3.0,,,3.0,3.0,1.0,3.0,3.0,3.0,3.0,3.0,3.0,3.0,,3.0,3.0,3.0,3.0,0.0,3.0,3.0,3.0,3.0,3.0,3.0,2.0,3.0,,,3.0,,,2.0,,,,3.0,3.0,,3.0,3.0,,0.0,,,,,3.0,,3.0,3.0,3.0,,93,9,0.0912863070539419,1.3579706412567603,-0.11370559209362928
2.0,3,2,3.0,3.0,3.0,3.0,3.0,2.0,3.0,3.0,3.0,3,3.0,3.0,0.0,3.0,,1.0,3.0,3.0,1.0,3.0,3.0,3.0,3.0,3.0,3.0,3.0,3.0,3.0,3.0,3.0,3.0,3.0,3.0,3.0,3.0,3.0,3.0,3.0,3.0,3.0,3.0,3.0,3.0,3.0,3.0,3.0,3.0,3.0,3.0,3.0,3.0,3.0,3.0,3.0,3.0,3.0,3.0,3.0,2.0,3.0,3.0,3.0,2.0,3,3.0,3.0,3.0,3.0,3.0,3.0,3.0,3.0,3.0,3.0,3.0,3.0,3.0,3.0,2.0,3.0,3,1.0,3.0,3.0,3.0,3.0,,3.0,0.0,3.0,3.0,3.0,3.0,3.0,3.0,3,1.0,3.0,3.0,3.0,0.0,3.0,3.0,,3.0,3,2,3.0,3.0,3.0,3.0,3.0,3.0,3.0,3,3.0,3.0,2.0,3.0,3.0,,3,2.0,3.0,3.0,3.0,3.0,3.0,3.0,3.0,2.0,3.0,1.0,3.0,3.0,3.0,3.0,2,3.0,3.0,3.0,3.0,3.0,3.0,3.0,3.0,3.0,3.0,3.0,1.0,3,3.0,3.0,2.0,1.0,3.0,3.0,3.0,3,3.0,3.0,3.0,3.0,2.0,3.0,2.0,3.0,3.0,2.0,3,3.0,3.0,3.0,2.0,3.0,3.0,0.0,3.0,3.0,3.0,1.0,3.0,3.0,1.0,3.0,3.0,3.0,3.0,3.0,,3.0,3,3.0,2.0,3.0,3.0,3.0,2,3.0,3.0,3.0,3.0,3.0,3,3.0,3.0,3.0,,,3.0,3.0,3,3.0,3.0,3.0,3.0,3.0,3.0,3.0,3.0,3.0,3.0,3,3.0,2.0,3.0,3.0,3.0,3.0,3.0,1,1.0,3.0,3.0,3.0,3.0,3.0,3.0,2.0,3.0,3.0,3.0,3.0,2.0,3.0,2.0,3.0,3.0,3.0,3.0,,3.0,3.0,3.0,,3.0,3.0,3.0,3.0,3.0,3.0,3.0,3.0,3.0,2.0,,2.0,3.0,3.0,3.0,3.0,3.0,2.0,3.0,2,3.0,3.0,3.0,3.0,3.0,3.0,3,3.0,3.0,3.0,3.0,3.0,3.0,3.0,3.0,,3.0,3.0,3.0,3.0,3.0,,3.0,3.0,3.0,3.0,3.0,3.0,3.0,2.0,3.0,3.0,3.0,3.0,3.0,3.0,3.0,3.0,3.0,3.0,,2.0,3.0,3.0,3.0,3.0,3.0,3.0,1.0,3.0,3.0,3.0,3.0,3.0,3.0,3.0,3.0,3.0,3.0,2.0,,3.0,2,3.0,3.0,3.0,0.0,3.0,3.0,3.0,2.0,3.0,,3.0,3.0,3.0,3.0,3,3.0,2.0,3.0,3.0,3.0,2.0,3.0,2.0,3.0,3.0,3.0,3.0,3.0,3.0,3.0,3.0,3.0,3.0,3.0,3.0,,3.0,3.0,3.0,,3.0,3.0,3.0,3.0,1.0,3.0,3.0,3.0,3.0,3.0,3.0,3.0,3.0,3.0,3.0,3,2.0,3.0,3.0,3.0,3.0,3.0,2.0,3.0,3.0,3.0,3.0,3.0,3.0,3.0,3.0,3.0,3.0,3.0,3.0,3.0,3.0,3.0,3.0,3.0,3.0,,2.0,3.0,3.0,3.0,3.0,,,3.0,,3.0,,,3.0,3.0,2.0,3.0,,3.0,,,3.0,3.0,3.0,3.0,3.0,3.0,3.0,3.0,3.0,3.0,3.0,3.0,3.0,3.0,3.0,3.0,3.0,2,3.0,3.0,3.0,2.0,3.0,,3.0,3.0,3.0,3.0,3.0,3.0,3.0,3.0,3.0,2.0,3.0,3.0,3.0,3.0,3.0,3.0,3.0,3.0,3.0,3.0,3.0,3.0,3.0,3.0,3.0,3.0,3.0,3.0,3.0,3.0,1.0,3.0,3,1.0,,3.0,3.0,3.0,,3.0,3.0,3.0,3.0,3.0,3.0,3.0,3.0,3.0,,3.0,3.0,3.0,3.0,3.0,,3.0,3.0,3.0,3.0,,,3.0,3.0,3.0,3.0,3.0,3.0,3.0,3.0,3.0,3.0,3.0,3.0,3.0,3.0,3.0,3.0,3.0,3.0,,2.0,3.0,0.0,3.0,3.0,3.0,3.0,,3.0,3.0,3.0,3.0,3.0,3.0,3.0,3.0,3.0,3.0,,3.0,,3.0,,3.0,2.0,,,3.0,3.0,3.0,2.0,3.0,3.0,,,3.0,3.0,3.0,3.0,3.0,,2.0,3.0,3.0,94,9,0.0669291338582677,1.3764663199903253,-0.11996548923785466
2.0,2,3,1.0,3.0,3.0,2.0,3.0,2.0,3.0,2.0,3.0,2,2.0,3.0,3.0,3.0,3.0,3.0,3.0,3.0,2.0,3.0,2.0,2.0,2.0,3.0,2.0,2.0,3.0,2.0,2.0,3.0,2.0,2.0,2.0,2.0,3.0,2.0,3.0,0.0,2.0,3.0,2.0,3.0,2.0,2.0,3.0,3.0,2.0,2.0,2.0,2.0,2.0,3.0,2.0,3.0,2.0,2.0,3.0,3.0,3.0,2.0,2.0,3.0,1.0,2,3.0,2.0,2.0,3.0,3.0,2.0,3.0,3.0,2.0,3.0,3.0,3.0,3.0,3.0,2.0,2.0,2,3.0,3.0,1.0,3.0,2.0,3.0,3.0,3.0,1.0,3.0,3.0,2.0,1.0,3.0,0,2.0,2.0,3.0,2.0,1.0,3.0,3.0,3.0,2.0,2,3,2.0,2.0,3.0,3.0,2.0,3.0,3.0,2,3.0,3.0,3.0,2.0,3.0,3.0,2,3.0,3.0,3.0,2.0,3.0,1.0,2.0,2.0,3.0,3.0,3.0,2.0,2.0,3.0,3.0,2,3.0,3.0,3.0,3.0,3.0,2.0,2.0,2.0,3.0,2.0,3.0,2.0,2,3.0,3.0,3.0,3.0,2.0,3.0,2.0,2,3.0,2.0,3.0,2.0,3.0,3.0,3.0,2.0,2.0,3.0,2,3.0,3.0,3.0,2.0,2.0,2.0,1.0,3.0,3.0,2.0,3.0,3.0,3.0,3.0,3.0,3.0,1.0,3.0,0.0,3.0,2.0,1,2.0,3.0,3.0,2.0,3.0,2,2.0,3.0,3.0,3.0,2.0,2,2.0,2.0,2.0,3.0,1.0,2.0,2.0,2,2.0,3.0,3.0,1.0,3.0,1.0,2.0,2.0,3.0,3.0,2,3.0,2.0,2.0,2.0,3.0,3.0,1.0,2,2.0,3.0,2.0,3.0,2.0,3.0,2.0,2.0,3.0,2.0,3.0,2.0,3.0,3.0,3.0,2.0,3.0,2.0,3.0,3.0,3.0,3.0,3.0,3.0,3.0,2.0,3.0,1.0,3.0,2.0,2.0,1.0,2.0,2.0,3.0,0.0,3.0,3.0,3.0,3.0,3.0,2.0,3.0,2,3.0,3.0,2.0,3.0,3.0,2.0,2,3.0,3.0,3.0,3.0,2.0,2.0,3.0,3.0,3.0,2.0,3.0,3.0,1.0,3.0,3.0,3.0,1.0,2.0,3.0,2.0,3.0,3.0,3.0,2.0,2.0,3.0,3.0,3.0,3.0,2.0,2.0,2.0,2.0,3.0,3.0,2.0,3.0,3.0,3.0,3.0,3.0,3.0,1.0,3.0,2.0,3.0,2.0,3.0,3.0,3.0,3.0,1.0,2.0,3.0,2.0,2,2.0,2.0,3.0,3.0,3.0,3.0,2.0,3.0,3.0,3.0,2.0,3.0,1.0,2.0,3,3.0,3.0,3.0,3.0,3.0,3.0,3.0,2.0,2.0,3.0,3.0,3.0,2.0,3.0,3.0,3.0,3.0,3.0,3.0,2.0,2.0,3.0,1.0,2.0,3.0,3.0,2.0,3.0,3.0,3.0,3.0,3.0,2.0,2.0,3.0,3.0,3.0,2.0,2.0,3.0,2,2.0,3.0,2.0,3.0,3.0,2.0,3.0,3.0,3.0,3.0,3.0,3.0,3.0,3.0,3.0,2.0,3.0,3.0,3.0,2.0,3.0,3.0,3.0,2.0,3.0,3.0,3.0,3.0,3.0,2.0,3.0,3.0,3.0,2.0,3.0,2.0,2.0,3.0,3.0,2.0,3.0,3.0,3.0,3.0,3.0,3.0,3.0,2.0,2.0,3.0,3.0,3.0,3.0,3.0,3.0,0.0,3.0,3.0,3.0,3.0,3.0,2.0,3.0,2,2.0,3.0,3.0,3.0,3.0,3.0,2.0,2.0,2.0,3.0,3.0,2.0,3.0,3.0,3.0,3.0,3.0,3.0,3.0,3.0,3.0,3.0,3.0,2.0,3.0,3.0,3.0,3.0,3.0,3.0,3.0,3.0,3.0,3.0,2.0,3.0,2.0,2.0,2,3.0,3.0,2.0,2.0,2.0,3.0,3.0,3.0,3.0,2.0,3.0,3.0,2.0,3.0,3.0,3.0,3.0,3.0,2.0,1.0,3.0,3.0,3.0,3.0,3.0,3.0,3.0,3.0,3.0,3.0,3.0,3.0,2.0,3.0,3.0,2.0,3.0,3.0,3.0,3.0,3.0,3.0,3.0,3.0,2.0,2.0,3.0,3.0,3.0,3.0,3.0,3.0,3.0,2.0,3.0,0.0,3.0,3.0,2.0,2.0,2.0,3.0,2.0,2.0,3.0,3.0,3.0,3.0,3.0,3.0,3.0,3.0,3.0,2.0,3.0,3.0,3.0,3.0,2.0,3.0,3.0,3.0,3.0,3.0,3.0,3.0,3.0,3.0,2.0,3.0,3.0,95,9,0.0753676470588235,1.142114990758779,-0.4524447525821159
2.0,1,3,3.0,1.0,2.0,3.0,3.0,3.0,3.0,3.0,3.0,2,1.0,3.0,3.0,3.0,,3.0,3.0,3.0,3.0,3.0,1.0,3.0,3.0,3.0,3.0,2.0,3.0,3.0,3.0,3.0,3.0,3.0,3.0,3.0,3.0,3.0,3.0,0.0,3.0,3.0,3.0,3.0,3.0,2.0,3.0,3.0,3.0,3.0,3.0,2.0,3.0,3.0,3.0,3.0,3.0,3.0,3.0,3.0,1.0,3.0,3.0,3.0,2.0,3,3.0,3.0,3.0,3.0,2.0,3.0,3.0,3.0,3.0,3.0,3.0,3.0,3.0,2.0,3.0,3.0,2,3.0,3.0,3.0,3.0,3.0,3.0,3.0,1.0,2.0,2.0,3.0,3.0,3.0,3.0,2,3.0,3.0,3.0,2.0,3.0,3.0,3.0,3.0,3.0,2,2,3.0,3.0,3.0,2.0,3.0,3.0,3.0,3,3.0,3.0,3.0,2.0,3.0,3.0,2,3.0,3.0,2.0,3.0,2.0,3.0,3.0,3.0,3.0,2.0,1.0,3.0,3.0,3.0,3.0,2,3.0,0.0,1.0,3.0,3.0,3.0,3.0,3.0,3.0,3.0,3.0,1.0,3,3.0,3.0,2.0,3.0,3.0,3.0,3.0,3,3.0,3.0,3.0,3.0,3.0,3.0,3.0,3.0,2.0,3.0,2,3.0,3.0,1.0,3.0,3.0,3.0,1.0,1.0,3.0,3.0,2.0,3.0,3.0,3.0,3.0,3.0,3.0,3.0,3.0,,3.0,3,3.0,3.0,3.0,3.0,3.0,3,3.0,3.0,2.0,3.0,3.0,2,3.0,3.0,3.0,2.0,3.0,3.0,2.0,3,3.0,3.0,2.0,3.0,3.0,3.0,3.0,1.0,3.0,3.0,2,3.0,2.0,3.0,3.0,2.0,3.0,3.0,2,3.0,2.0,3.0,3.0,3.0,3.0,3.0,3.0,2.0,2.0,3.0,3.0,3.0,3.0,3.0,3.0,0.0,2.0,3.0,1.0,3.0,3.0,3.0,3.0,3.0,3.0,2.0,2.0,3.0,3.0,3.0,3.0,0.0,3.0,3.0,2.0,3.0,3.0,3.0,3.0,3.0,3.0,3.0,3,3.0,3.0,3.0,3.0,3.0,3.0,3,3.0,3.0,3.0,3.0,3.0,3.0,3.0,3.0,3.0,3.0,3.0,3.0,3.0,2.0,3.0,3.0,3.0,3.0,3.0,3.0,3.0,3.0,2.0,3.0,3.0,3.0,3.0,3.0,3.0,2.0,3.0,3.0,3.0,3.0,3.0,3.0,3.0,3.0,3.0,3.0,3.0,3.0,3.0,3.0,3.0,3.0,2.0,3.0,3.0,3.0,3.0,3.0,3.0,3.0,3.0,2,3.0,0.0,2.0,2.0,3.0,3.0,3.0,3.0,3.0,3.0,3.0,3.0,3.0,3.0,2,3.0,3.0,3.0,3.0,3.0,3.0,3.0,2.0,3.0,3.0,3.0,3.0,3.0,3.0,3.0,3.0,3.0,3.0,3.0,3.0,3.0,3.0,2.0,2.0,3.0,3.0,3.0,3.0,3.0,3.0,3.0,3.0,3.0,3.0,2.0,1.0,1.0,3.0,2.0,3.0,3,2.0,3.0,0.0,2.0,3.0,3.0,3.0,3.0,3.0,3.0,3.0,3.0,3.0,3.0,3.0,3.0,3.0,3.0,3.0,2.0,3.0,3.0,3.0,3.0,3.0,3.0,3.0,3.0,3.0,3.0,3.0,3.0,,2.0,3.0,3.0,1.0,3.0,3.0,3.0,3.0,3.0,3.0,2.0,3.0,,3.0,3.0,3.0,3.0,3.0,3.0,1.0,3.0,3.0,2.0,2.0,3.0,3.0,3.0,3.0,3.0,3.0,3,3.0,3.0,3.0,3.0,3.0,,3.0,3.0,3.0,3.0,3.0,3.0,3.0,3.0,3.0,3.0,3.0,2.0,3.0,3.0,3.0,3.0,3.0,3.0,3.0,3.0,3.0,3.0,3.0,3.0,3.0,3.0,3.0,3.0,3.0,3.0,3.0,3.0,3,3.0,3.0,3.0,3.0,1.0,,3.0,3.0,3.0,3.0,3.0,3.0,3.0,3.0,3.0,3.0,3.0,3.0,3.0,3.0,3.0,3.0,3.0,3.0,3.0,3.0,3.0,2.0,3.0,3.0,3.0,3.0,2.0,2.0,2.0,3.0,3.0,3.0,3.0,3.0,3.0,3.0,3.0,3.0,2.0,3.0,3.0,3.0,3.0,3.0,3.0,,3.0,3.0,,3.0,3.0,3.0,3.0,3.0,3.0,2.0,3.0,,3.0,,3.0,,3.0,,3.0,3.0,,3.0,3.0,3.0,3.0,3.0,3.0,3.0,3.0,,3.0,3.0,3.0,3.0,3.0,3.0,1.0,3.0,,96,9,0.0634328358208955,1.275378431540238,-0.17397837382639114
1.0,1,2,3.0,3.0,2.0,2.0,3.0,3.0,3.0,3.0,2.0,2,2.0,2.0,3.0,2.0,3.0,3.0,3.0,3.0,2.0,3.0,3.0,3.0,3.0,3.0,3.0,2.0,3.0,2.0,3.0,3.0,3.0,3.0,2.0,3.0,3.0,3.0,2.0,2.0,2.0,3.0,3.0,2.0,2.0,3.0,3.0,3.0,1.0,2.0,3.0,2.0,3.0,3.0,3.0,2.0,3.0,2.0,3.0,3.0,2.0,1.0,2.0,3.0,3.0,2,3.0,3.0,2.0,3.0,3.0,2.0,2.0,3.0,3.0,3.0,3.0,2.0,2.0,3.0,2.0,3.0,2,2.0,2.0,2.0,1.0,2.0,3.0,3.0,3.0,2.0,2.0,3.0,2.0,3.0,3.0,2,2.0,2.0,0.0,3.0,2.0,2.0,3.0,3.0,3.0,2,2,3.0,3.0,3.0,3.0,3.0,1.0,3.0,2,3.0,0.0,3.0,1.0,3.0,3.0,2,2.0,3.0,3.0,2.0,3.0,2.0,3.0,3.0,3.0,2.0,1.0,2.0,3.0,3.0,3.0,2,3.0,1.0,2.0,3.0,3.0,2.0,2.0,2.0,3.0,1.0,1.0,2.0,2,2.0,2.0,2.0,3.0,1.0,1.0,0.0,3,2.0,2.0,3.0,2.0,3.0,3.0,2.0,2.0,2.0,3.0,3,1.0,3.0,3.0,2.0,3.0,3.0,3.0,3.0,2.0,2.0,3.0,3.0,3.0,3.0,3.0,3.0,2.0,1.0,3.0,3.0,2.0,2,3.0,3.0,3.0,0.0,3.0,3,3.0,3.0,2.0,3.0,2.0,2,3.0,3.0,3.0,3.0,3.0,3.0,3.0,3,2.0,3.0,3.0,3.0,2.0,3.0,3.0,3.0,2.0,3.0,3,2.0,2.0,3.0,3.0,3.0,2.0,3.0,3,3.0,0.0,3.0,3.0,3.0,3.0,3.0,2.0,3.0,3.0,3.0,3.0,2.0,2.0,3.0,3.0,3.0,2.0,3.0,3.0,2.0,3.0,3.0,3.0,3.0,3.0,3.0,2.0,3.0,2.0,3.0,2.0,2.0,3.0,3.0,2.0,2.0,3.0,3.0,3.0,3.0,2.0,2.0,2,3.0,2.0,3.0,3.0,3.0,3.0,2,3.0,3.0,3.0,3.0,3.0,3.0,3.0,2.0,3.0,3.0,3.0,3.0,3.0,3.0,3.0,3.0,3.0,3.0,3.0,3.0,3.0,2.0,3.0,3.0,3.0,2.0,2.0,3.0,3.0,3.0,3.0,3.0,2.0,2.0,3.0,2.0,3.0,3.0,3.0,3.0,3.0,3.0,3.0,3.0,3.0,3.0,2.0,3.0,3.0,3.0,1.0,2.0,3.0,3.0,3.0,2,0.0,2.0,3.0,2.0,3.0,3.0,3.0,3.0,3.0,3.0,3.0,3.0,2.0,2.0,3,2.0,3.0,1.0,3.0,3.0,3.0,2.0,2.0,3.0,3.0,2.0,2.0,3.0,2.0,3.0,3.0,3.0,3.0,3.0,3.0,3.0,2.0,2.0,2.0,3.0,3.0,3.0,3.0,3.0,3.0,2.0,2.0,2.0,3.0,3.0,2.0,2.0,3.0,2.0,3.0,2,3.0,2.0,3.0,2.0,3.0,3.0,2.0,3.0,3.0,3.0,3.0,3.0,2.0,3.0,3.0,3.0,2.0,3.0,2.0,3.0,3.0,3.0,3.0,3.0,3.0,3.0,3.0,3.0,3.0,1.0,3.0,3.0,3.0,3.0,3.0,3.0,3.0,3.0,3.0,3.0,3.0,3.0,3.0,3.0,3.0,,3.0,3.0,3.0,3.0,3.0,3.0,2.0,2.0,3.0,3.0,3.0,3.0,3.0,2.0,3.0,3.0,3.0,2,1.0,2.0,3.0,3.0,3.0,,3.0,3.0,1.0,3.0,3.0,3.0,3.0,3.0,3.0,3.0,3.0,3.0,2.0,3.0,3.0,2.0,3.0,3.0,3.0,3.0,3.0,3.0,3.0,3.0,3.0,3.0,3.0,3.0,2.0,3.0,3.0,3.0,2,3.0,3.0,3.0,3.0,2.0,3.0,3.0,1.0,3.0,3.0,3.0,3.0,3.0,3.0,3.0,3.0,3.0,2.0,3.0,3.0,3.0,1.0,3.0,3.0,3.0,3.0,3.0,3.0,3.0,2.0,3.0,3.0,3.0,3.0,3.0,3.0,2.0,3.0,3.0,3.0,3.0,3.0,3.0,3.0,3.0,3.0,3.0,2.0,3.0,3.0,3.0,3.0,3.0,3.0,3.0,3.0,3.0,3.0,3.0,3.0,3.0,1.0,3.0,3.0,3.0,3.0,3.0,3.0,3.0,,3.0,3.0,3.0,3.0,3.0,3.0,3.0,2.0,2.0,3.0,3.0,,3.0,3.0,3.0,3.0,3.0,3.0,2.0,3.0,,97,9,0.0820895522388059,1.1589988345635163,-0.39352346953659423
2.0,2,2,3.0,3.0,3.0,3.0,3.0,3.0,3.0,3.0,3.0,2,1.0,3.0,2.0,3.0,3.0,3.0,2.0,3.0,3.0,3.0,3.0,3.0,3.0,1.0,3.0,3.0,3.0,3.0,2.0,0.0,3.0,3.0,2.0,3.0,3.0,3.0,3.0,3.0,3.0,2.0,3.0,3.0,3.0,3.0,3.0,3.0,3.0,3.0,2.0,2.0,3.0,3.0,3.0,2.0,3.0,2.0,3.0,3.0,3.0,3.0,3.0,2.0,2.0,3,3.0,3.0,2.0,3.0,3.0,2.0,3.0,2.0,3.0,3.0,3.0,2.0,3.0,3.0,3.0,3.0,1,2.0,3.0,3.0,2.0,3.0,,3.0,3.0,3.0,3.0,3.0,1.0,2.0,3.0,3,3.0,1.0,3.0,3.0,3.0,3.0,3.0,3.0,3.0,2,3,2.0,3.0,3.0,3.0,3.0,1.0,2.0,2,3.0,3.0,3.0,3.0,3.0,3.0,3,3.0,3.0,3.0,3.0,3.0,3.0,3.0,3.0,3.0,3.0,3.0,3.0,3.0,3.0,3.0,2,3.0,1.0,3.0,3.0,1.0,3.0,3.0,3.0,3.0,3.0,3.0,1.0,3,2.0,3.0,3.0,2.0,2.0,3.0,3.0,2,3.0,3.0,3.0,3.0,3.0,0.0,3.0,2.0,2.0,3.0,2,3.0,3.0,3.0,2.0,3.0,3.0,3.0,3.0,3.0,3.0,3.0,3.0,3.0,3.0,3.0,3.0,2.0,3.0,3.0,3.0,3.0,2,3.0,3.0,3.0,3.0,3.0,2,3.0,3.0,3.0,2.0,2.0,2,3.0,3.0,3.0,3.0,3.0,3.0,1.0,2,3.0,3.0,3.0,3.0,3.0,3.0,1.0,3.0,2.0,2.0,3,3.0,2.0,3.0,3.0,3.0,3.0,3.0,2,3.0,3.0,3.0,3.0,2.0,3.0,3.0,2.0,3.0,3.0,3.0,3.0,3.0,2.0,3.0,3.0,3.0,0.0,3.0,3.0,3.0,3.0,3.0,3.0,3.0,3.0,2.0,3.0,3.0,3.0,2.0,2.0,3.0,2.0,3.0,3.0,3.0,3.0,3.0,3.0,3.0,3.0,3.0,3,3.0,3.0,2.0,3.0,3.0,3.0,1,3.0,3.0,3.0,3.0,2.0,3.0,3.0,3.0,3.0,3.0,3.0,3.0,3.0,3.0,3.0,3.0,1.0,3.0,3.0,3.0,3.0,2.0,3.0,1.0,3.0,3.0,3.0,3.0,2.0,3.0,3.0,3.0,3.0,3.0,3.0,3.0,3.0,3.0,2.0,3.0,3.0,3.0,3.0,3.0,3.0,2.0,3.0,3.0,1.0,2.0,3.0,3.0,3.0,3.0,3.0,3,2.0,3.0,3.0,3.0,3.0,3.0,3.0,3.0,3.0,3.0,3.0,3.0,3.0,2.0,3,3.0,3.0,3.0,3.0,,3.0,3.0,3.0,3.0,3.0,3.0,3.0,2.0,2.0,3.0,3.0,2.0,3.0,3.0,3.0,3.0,3.0,3.0,2.0,3.0,3.0,3.0,3.0,3.0,3.0,3.0,3.0,3.0,3.0,2.0,3.0,3.0,2.0,2.0,3.0,3,3.0,3.0,2.0,3.0,3.0,3.0,3.0,3.0,3.0,3.0,0.0,1.0,3.0,3.0,3.0,3.0,3.0,3.0,3.0,3.0,3.0,3.0,3.0,2.0,3.0,3.0,2.0,3.0,3.0,3.0,3.0,3.0,,2.0,3.0,2.0,3.0,3.0,3.0,2.0,3.0,3.0,3.0,3.0,3.0,0.0,3.0,3.0,3.0,3.0,3.0,3.0,0.0,3.0,3.0,3.0,3.0,3.0,3.0,3.0,2.0,2.0,3.0,2,3.0,3.0,3.0,3.0,3.0,,3.0,2.0,3.0,3.0,3.0,3.0,3.0,3.0,3.0,1.0,3.0,3.0,3.0,3.0,3.0,2.0,3.0,3.0,3.0,3.0,3.0,3.0,3.0,3.0,3.0,3.0,3.0,3.0,2.0,3.0,3.0,3.0,2,3.0,3.0,3.0,3.0,3.0,,3.0,3.0,3.0,2.0,3.0,3.0,3.0,3.0,3.0,3.0,3.0,2.0,3.0,3.0,3.0,3.0,3.0,1.0,3.0,3.0,3.0,3.0,3.0,3.0,3.0,3.0,2.0,3.0,3.0,3.0,3.0,3.0,3.0,2.0,3.0,3.0,3.0,3.0,3.0,3.0,3.0,3.0,3.0,3.0,3.0,,3.0,3.0,,3.0,3.0,3.0,3.0,2.0,3.0,3.0,3.0,3.0,2.0,3.0,3.0,3.0,3.0,,3.0,3.0,1.0,3.0,3.0,3.0,3.0,3.0,3.0,3.0,3.0,,3.0,3.0,3.0,3.0,3.0,3.0,3.0,3.0,,98,9,0.0707635009310986,1.2212500926818417,-0.31929018456111435
3.0,2,2,3.0,3.0,3.0,3.0,3.0,3.0,3.0,0.0,3.0,2,3.0,3.0,3.0,3.0,,3.0,3.0,3.0,3.0,3.0,2.0,3.0,3.0,3.0,3.0,3.0,3.0,3.0,3.0,3.0,3.0,3.0,3.0,3.0,3.0,3.0,3.0,2.0,3.0,3.0,3.0,3.0,3.0,3.0,3.0,3.0,2.0,3.0,3.0,3.0,3.0,3.0,3.0,3.0,1.0,3.0,2.0,3.0,3.0,3.0,3.0,3.0,2.0,3,3.0,3.0,3.0,3.0,3.0,2.0,2.0,3.0,3.0,3.0,3.0,2.0,3.0,3.0,3.0,3.0,2,3.0,3.0,2.0,3.0,2.0,3.0,3.0,3.0,3.0,3.0,3.0,2.0,3.0,3.0,3,3.0,3.0,3.0,3.0,1.0,2.0,2.0,3.0,3.0,3,1,3.0,3.0,2.0,3.0,3.0,3.0,3.0,3,2.0,3.0,3.0,3.0,2.0,3.0,3,2.0,3.0,3.0,1.0,3.0,3.0,3.0,3.0,3.0,3.0,3.0,3.0,3.0,2.0,3.0,2,0.0,3.0,3.0,3.0,2.0,2.0,3.0,3.0,3.0,3.0,3.0,3.0,3,3.0,2.0,3.0,3.0,2.0,1.0,3.0,2,2.0,3.0,3.0,3.0,3.0,3.0,2.0,3.0,3.0,2.0,3,3.0,3.0,3.0,3.0,3.0,3.0,3.0,3.0,3.0,3.0,3.0,3.0,3.0,3.0,3.0,2.0,3.0,1.0,3.0,3.0,2.0,3,3.0,3.0,3.0,3.0,3.0,3,3.0,3.0,3.0,2.0,3.0,3,3.0,3.0,3.0,3.0,3.0,3.0,3.0,2,3.0,3.0,3.0,3.0,3.0,2.0,2.0,3.0,1.0,3.0,1,3.0,2.0,3.0,3.0,3.0,3.0,3.0,3,3.0,3.0,3.0,3.0,2.0,3.0,2.0,3.0,3.0,3.0,3.0,3.0,3.0,3.0,3.0,3.0,1.0,2.0,3.0,3.0,3.0,3.0,3.0,3.0,3.0,3.0,3.0,3.0,3.0,3.0,3.0,3.0,3.0,3.0,3.0,3.0,3.0,3.0,3.0,3.0,3.0,2.0,2.0,3,3.0,2.0,2.0,3.0,3.0,3.0,2,3.0,3.0,3.0,3.0,3.0,3.0,3.0,3.0,3.0,1.0,3.0,3.0,3.0,3.0,3.0,3.0,3.0,3.0,3.0,3.0,3.0,3.0,3.0,3.0,3.0,3.0,3.0,3.0,3.0,3.0,3.0,3.0,2.0,1.0,3.0,3.0,3.0,3.0,2.0,3.0,3.0,3.0,3.0,3.0,3.0,3.0,2.0,3.0,1.0,3.0,3.0,3.0,3.0,3.0,3.0,1,2.0,3.0,0.0,2.0,3.0,3.0,2.0,3.0,3.0,2.0,3.0,3.0,3.0,3.0,2,3.0,2.0,3.0,3.0,3.0,3.0,3.0,2.0,3.0,3.0,3.0,2.0,3.0,3.0,3.0,3.0,3.0,2.0,3.0,3.0,3.0,3.0,2.0,3.0,3.0,3.0,3.0,3.0,3.0,3.0,3.0,3.0,3.0,3.0,1.0,3.0,3.0,2.0,3.0,3.0,3,3.0,2.0,3.0,3.0,3.0,3.0,3.0,3.0,3.0,3.0,3.0,3.0,1.0,3.0,3.0,3.0,3.0,3.0,0.0,2.0,3.0,3.0,,3.0,3.0,3.0,3.0,3.0,3.0,3.0,3.0,3.0,3.0,3.0,3.0,3.0,3.0,3.0,2.0,3.0,3.0,3.0,3.0,2.0,2.0,,3.0,0.0,2.0,3.0,3.0,2.0,1.0,3.0,3.0,3.0,3.0,3.0,3.0,2.0,3.0,2.0,3.0,3,2.0,3.0,3.0,3.0,3.0,,3.0,3.0,3.0,3.0,3.0,3.0,2.0,3.0,3.0,3.0,0.0,3.0,3.0,3.0,3.0,3.0,2.0,2.0,3.0,3.0,3.0,3.0,3.0,3.0,3.0,3.0,2.0,3.0,3.0,3.0,2.0,2.0,3,3.0,3.0,3.0,3.0,2.0,,2.0,3.0,3.0,3.0,3.0,3.0,3.0,3.0,3.0,3.0,3.0,3.0,3.0,3.0,3.0,3.0,3.0,3.0,2.0,3.0,3.0,3.0,3.0,3.0,3.0,3.0,2.0,3.0,3.0,3.0,3.0,3.0,3.0,2.0,3.0,3.0,3.0,3.0,2.0,3.0,2.0,3.0,3.0,2.0,3.0,3.0,3.0,3.0,,3.0,3.0,3.0,3.0,2.0,3.0,3.0,3.0,3.0,2.0,3.0,3.0,3.0,1.0,,3.0,3.0,3.0,3.0,3.0,3.0,,3.0,3.0,2.0,,3.0,3.0,3.0,3.0,3.0,3.0,3.0,3.0,3.0,3.0,99,9,0.0726256983240223,1.238796760509063,-0.22435516108985437
3.0,3,3,3.0,,3.0,2.0,2.0,2.0,3.0,3.0,3.0,3,3.0,,3.0,3.0,,3.0,3.0,3.0,3.0,3.0,3.0,3.0,3.0,3.0,3.0,3.0,3.0,3.0,3.0,2.0,3.0,3.0,3.0,3.0,3.0,3.0,3.0,3.0,3.0,2.0,3.0,3.0,3.0,3.0,3.0,3.0,3.0,3.0,3.0,3.0,,3.0,,2.0,3.0,3.0,3.0,3.0,3.0,3.0,3.0,3.0,3.0,3,3.0,,2.0,3.0,3.0,3.0,3.0,3.0,3.0,3.0,3.0,0.0,2.0,3.0,1.0,3.0,3,3.0,3.0,3.0,3.0,3.0,,3.0,3.0,3.0,3.0,3.0,2.0,2.0,3.0,3,3.0,3.0,3.0,3.0,3.0,2.0,3.0,3.0,3.0,2,2,3.0,2.0,3.0,3.0,3.0,3.0,3.0,3,3.0,3.0,3.0,2.0,3.0,3.0,2,3.0,3.0,3.0,3.0,3.0,1.0,3.0,3.0,3.0,3.0,3.0,3.0,3.0,3.0,,0,3.0,3.0,3.0,3.0,3.0,3.0,2.0,2.0,3.0,3.0,3.0,3.0,3,3.0,3.0,3.0,3.0,2.0,,3.0,3,2.0,3.0,3.0,3.0,,3.0,3.0,3.0,3.0,3.0,3,3.0,3.0,3.0,3.0,3.0,3.0,3.0,,3.0,3.0,,3.0,3.0,3.0,,3.0,3.0,3.0,3.0,,3.0,3,3.0,3.0,3.0,3.0,0.0,2,,3.0,3.0,3.0,3.0,3,3.0,,3.0,,2.0,3.0,3.0,3,3.0,,3.0,3.0,3.0,3.0,3.0,3.0,3.0,3.0,3,3.0,2.0,3.0,3.0,3.0,3.0,3.0,3,3.0,3.0,,3.0,3.0,3.0,0.0,3.0,3.0,3.0,3.0,,3.0,3.0,3.0,3.0,3.0,1.0,3.0,,3.0,,3.0,3.0,3.0,,3.0,3.0,3.0,,3.0,3.0,3.0,2.0,,3.0,3.0,3.0,3.0,,3.0,3.0,3.0,3,3.0,3.0,3.0,3.0,3.0,3.0,3,3.0,,2.0,3.0,3.0,3.0,3.0,3.0,,3.0,,3.0,3.0,3.0,,3.0,,3.0,3.0,3.0,3.0,3.0,,,3.0,3.0,3.0,3.0,2.0,3.0,3.0,2.0,3.0,3.0,3.0,3.0,3.0,3.0,3.0,3.0,3.0,,3.0,,3.0,3.0,3.0,3.0,3.0,3.0,,3.0,2.0,3.0,3.0,3,1.0,3.0,3.0,3.0,3.0,3.0,3.0,3.0,3.0,,,,3.0,3.0,3,3.0,3.0,3.0,3.0,3.0,,2.0,3.0,2.0,3.0,3.0,3.0,3.0,3.0,3.0,3.0,3.0,,3.0,3.0,,3.0,3.0,3.0,,3.0,3.0,3.0,3.0,3.0,3.0,3.0,3.0,3.0,3.0,0.0,3.0,3.0,3.0,3.0,3,3.0,1.0,3.0,2.0,3.0,3.0,3.0,3.0,3.0,3.0,3.0,3.0,2.0,2.0,3.0,3.0,3.0,3.0,3.0,3.0,2.0,3.0,,3.0,3.0,3.0,3.0,3.0,,3.0,3.0,,,3.0,,3.0,,,1.0,3.0,1.0,3.0,,2.0,3.0,,,3.0,3.0,3.0,3.0,3.0,3.0,0.0,3.0,3.0,3.0,3.0,3.0,3.0,3.0,3.0,3.0,3,3.0,3.0,3.0,3.0,3.0,,2.0,3.0,3.0,3.0,3.0,3.0,3.0,3.0,3.0,3.0,3.0,3.0,3.0,3.0,3.0,3.0,3.0,3.0,3.0,3.0,3.0,3.0,3.0,3.0,3.0,3.0,2.0,,3.0,3.0,1.0,3.0,2,,3.0,3.0,3.0,3.0,,3.0,2.0,,3.0,1.0,3.0,3.0,3.0,3.0,3.0,3.0,3.0,3.0,3.0,3.0,,3.0,3.0,3.0,3.0,,2.0,3.0,3.0,3.0,3.0,3.0,3.0,3.0,3.0,3.0,3.0,3.0,2.0,3.0,1.0,3.0,3.0,3.0,1.0,,3.0,3.0,3.0,3.0,,,3.0,,,,3.0,3.0,3.0,2.0,,,,3.0,2.0,3.0,,,,3.0,3.0,,3.0,3.0,1.0,,2.0,3.0,3.0,,,,,,3.0,3.0,,3.0,3.0,,100,9,0.0932754880694143,1.3877027027027027,-0.08188979489961082
2.0,2,3,3.0,3.0,3.0,3.0,2.0,3.0,,3.0,3.0,1,3.0,3.0,3.0,2.0,,3.0,3.0,,3.0,3.0,3.0,0.0,,3.0,1.0,3.0,3.0,3.0,3.0,1.0,3.0,3.0,3.0,3.0,3.0,3.0,3.0,2.0,3.0,3.0,3.0,3.0,3.0,3.0,3.0,3.0,3.0,3.0,3.0,3.0,3.0,,3.0,3.0,3.0,3.0,3.0,3.0,3.0,3.0,3.0,3.0,3.0,2,,2.0,3.0,3.0,,3.0,3.0,3.0,3.0,3.0,1.0,3.0,,,3.0,3.0,3,3.0,3.0,3.0,3.0,3.0,,3.0,3.0,3.0,2.0,2.0,3.0,3.0,3.0,3,3.0,3.0,3.0,3.0,3.0,2.0,3.0,,2.0,3,3,3.0,3.0,3.0,3.0,3.0,3.0,2.0,3,3.0,3.0,3.0,3.0,2.0,3.0,2,3.0,3.0,3.0,3.0,,3.0,3.0,1.0,3.0,3.0,1.0,3.0,3.0,3.0,1.0,3,3.0,3.0,3.0,3.0,2.0,3.0,3.0,3.0,3.0,3.0,3.0,3.0,3,3.0,3.0,3.0,3.0,3.0,3.0,3.0,3,3.0,3.0,2.0,3.0,3.0,3.0,3.0,1.0,3.0,3.0,3,3.0,3.0,3.0,3.0,3.0,3.0,3.0,,3.0,2.0,,3.0,,,,,3.0,,3.0,,3.0,3,3.0,3.0,,,,3,,3.0,3.0,3.0,2.0,3,3.0,3.0,3.0,,,,3.0,3,3.0,3.0,,1.0,3.0,3.0,3.0,3.0,3.0,,3,3.0,3.0,3.0,3.0,,,3.0,3,3.0,3.0,3.0,,3.0,3.0,,2.0,,,,3.0,3.0,2.0,3.0,,,3.0,,,3.0,,,,3.0,,3.0,3.0,,,3.0,3.0,,3.0,,3.0,3.0,3.0,,3.0,3.0,3.0,3.0,3,,3.0,3.0,,3.0,,3,3.0,,3.0,,3.0,,,3.0,2.0,,,3.0,3.0,,,,,3.0,3.0,3.0,3.0,3.0,3.0,,3.0,,3.0,,2.0,1.0,3.0,3.0,3.0,3.0,3.0,,,3.0,3.0,,3.0,3.0,,3.0,3.0,3.0,3.0,3.0,3.0,,,3.0,3.0,,3.0,3,3.0,3.0,3.0,2.0,,,,,3.0,,,,3.0,2.0,3,3.0,3.0,,3.0,3.0,,3.0,3.0,3.0,3.0,3.0,3.0,2.0,3.0,,3.0,3.0,,,3.0,3.0,3.0,3.0,3.0,,3.0,3.0,3.0,3.0,3.0,3.0,3.0,3.0,3.0,2.0,3.0,3.0,3.0,3.0,3.0,3,3.0,3.0,2.0,0.0,3.0,3.0,3.0,,3.0,3.0,3.0,3.0,3.0,0.0,2.0,3.0,3.0,,3.0,3.0,3.0,,,3.0,,,2.0,3.0,,3.0,3.0,,3.0,3.0,,3.0,,,3.0,,,3.0,3.0,,,1.0,0.0,3.0,3.0,3.0,3.0,,,3.0,3.0,3.0,,3.0,,3.0,3.0,2.0,,3,3.0,3.0,3.0,3.0,3.0,,3.0,3.0,3.0,3.0,3.0,3.0,,3.0,3.0,3.0,3.0,3.0,3.0,3.0,,,3.0,3.0,3.0,3.0,,3.0,3.0,3.0,3.0,3.0,2.0,,3.0,0.0,3.0,3.0,3,,,3.0,3.0,,,3.0,3.0,3.0,0.0,3.0,3.0,3.0,3.0,,,3.0,2.0,3.0,2.0,3.0,,3.0,3.0,3.0,3.0,,3.0,,3.0,3.0,3.0,3.0,,3.0,3.0,3.0,,3.0,3.0,3.0,3.0,3.0,,3.0,3.0,,,3.0,2.0,,,,3.0,,3.0,,3.0,3.0,3.0,,,3.0,,3.0,,3.0,,,,,3.0,,,,3.0,,3.0,3.0,3.0,,3.0,,,2.0,3.0,,,3.0,3.0,,101,9,0.0979899497487437,1.3971946022727273,0.02407083693222568
,3,3,3.0,3.0,2.0,3.0,3.0,,,1.0,3.0,3,3.0,,3.0,3.0,,,3.0,3.0,,,3.0,,3.0,3.0,3.0,3.0,,,2.0,3.0,,3.0,3.0,3.0,3.0,3.0,,3.0,3.0,3.0,3.0,3.0,3.0,3.0,3.0,3.0,3.0,3.0,3.0,3.0,3.0,1.0,,3.0,3.0,,3.0,,,3.0,3.0,3.0,3.0,3,3.0,,3.0,,2.0,3.0,3.0,3.0,3.0,3.0,3.0,,3.0,,3.0,,3,3.0,,3.0,3.0,3.0,,3.0,,3.0,3.0,,3.0,3.0,3.0,3,3.0,3.0,,3.0,3.0,,3.0,,,3,3,3.0,,3.0,3.0,,1.0,3.0,3,3.0,3.0,3.0,3.0,,0.0,3,,3.0,3.0,3.0,3.0,,3.0,3.0,3.0,3.0,,,3.0,,3.0,3,3.0,3.0,3.0,3.0,3.0,3.0,3.0,,3.0,3.0,,3.0,3,3.0,,3.0,3.0,3.0,2.0,3.0,3,3.0,,,3.0,,3.0,3.0,3.0,3.0,3.0,2,,3.0,3.0,3.0,3.0,3.0,,3.0,3.0,,,3.0,2.0,3.0,,0.0,3.0,3.0,3.0,3.0,3.0,3,3.0,3.0,3.0,3.0,3.0,3,,1.0,3.0,3.0,3.0,3,3.0,3.0,3.0,,3.0,3.0,3.0,3,3.0,3.0,3.0,3.0,3.0,2.0,3.0,3.0,3.0,3.0,3,3.0,3.0,3.0,3.0,1.0,3.0,3.0,3,3.0,2.0,3.0,3.0,3.0,3.0,3.0,3.0,3.0,3.0,1.0,,3.0,3.0,3.0,,,3.0,3.0,,,3.0,3.0,3.0,,3.0,3.0,3.0,3.0,1.0,3.0,3.0,,3.0,3.0,2.0,,3.0,,3.0,3.0,3.0,1.0,3,3.0,3.0,3.0,,2.0,3.0,0,,3.0,3.0,3.0,3.0,3.0,,3.0,3.0,2.0,,3.0,,3.0,,,3.0,3.0,,3.0,1.0,3.0,,3.0,3.0,0.0,,,3.0,3.0,3.0,2.0,3.0,,2.0,3.0,,3.0,3.0,,3.0,3.0,3.0,3.0,3.0,3.0,3.0,,3.0,3.0,3.0,3.0,3.0,3.0,3.0,2,2.0,3.0,,3.0,,,,3.0,,,3.0,1.0,3.0,2.0,3,3.0,3.0,,,3.0,,3.0,3.0,3.0,,3.0,,,,2.0,3.0,3.0,3.0,3.0,3.0,,3.0,3.0,3.0,,3.0,3.0,,3.0,,,3.0,,,3.0,3.0,3.0,3.0,2.0,3.0,3,3.0,3.0,,,3.0,3.0,3.0,,,2.0,3.0,1.0,3.0,3.0,,,3.0,,,2.0,,,,3.0,1.0,,3.0,3.0,3.0,3.0,3.0,,,3.0,,3.0,3.0,3.0,3.0,3.0,,,,3.0,3.0,,,3.0,3.0,,,3.0,3.0,,3.0,,3.0,3.0,2.0,,,2.0,,3,3.0,3.0,1.0,,3.0,2.0,3.0,3.0,3.0,3.0,3.0,,3.0,,3.0,,3.0,3.0,,3.0,,3.0,3.0,,,,,3.0,,3.0,3.0,,3.0,,3.0,3.0,3.0,3.0,3,,,3.0,3.0,3.0,,,,3.0,3.0,3.0,2.0,,,,,3.0,,3.0,2.0,3.0,,3.0,,3.0,,,3.0,,3.0,,3.0,3.0,,3.0,3.0,,3.0,,3.0,0.0,3.0,3.0,,3.0,2.0,,,3.0,3.0,,,,3.0,3.0,,,3.0,3.0,3.0,3.0,3.0,3.0,,3.0,,3.0,3.0,3.0,,,3.0,,,3.0,,,3.0,3.0,3.0,,0.0,3.0,,,3.0,,,,,,102,9,0.1029810298102981,1.4756232075887934,0.03248563277100352
3.0,2,3,3.0,3.0,3.0,2.0,3.0,3.0,3.0,3.0,3.0,2,3.0,3.0,3.0,3.0,,3.0,3.0,3.0,3.0,3.0,3.0,3.0,3.0,3.0,3.0,3.0,3.0,3.0,3.0,3.0,3.0,3.0,3.0,3.0,3.0,3.0,3.0,3.0,3.0,3.0,3.0,3.0,3.0,2.0,3.0,3.0,3.0,3.0,3.0,2.0,3.0,3.0,3.0,3.0,3.0,3.0,3.0,3.0,3.0,3.0,3.0,3.0,3.0,3,2.0,3.0,3.0,3.0,3.0,3.0,3.0,3.0,3.0,3.0,3.0,3.0,3.0,3.0,2.0,3.0,3,3.0,1.0,3.0,3.0,3.0,3.0,3.0,3.0,3.0,3.0,3.0,3.0,3.0,3.0,3,3.0,3.0,3.0,3.0,3.0,3.0,3.0,,3.0,3,3,3.0,2.0,2.0,3.0,3.0,3.0,3.0,3,3.0,3.0,3.0,3.0,3.0,3.0,3,3.0,3.0,3.0,2.0,3.0,3.0,3.0,3.0,3.0,3.0,3.0,2.0,3.0,3.0,3.0,3,3.0,3.0,3.0,3.0,2.0,3.0,2.0,3.0,3.0,3.0,3.0,3.0,1,2.0,3.0,3.0,3.0,3.0,3.0,3.0,3,3.0,3.0,3.0,3.0,3.0,1.0,3.0,3.0,3.0,3.0,3,3.0,3.0,3.0,2.0,2.0,3.0,2.0,3.0,2.0,2.0,3.0,3.0,3.0,3.0,0.0,2.0,3.0,3.0,3.0,,2.0,2,3.0,3.0,3.0,3.0,3.0,3,3.0,3.0,3.0,3.0,3.0,3,3.0,3.0,3.0,1.0,3.0,3.0,3.0,3,3.0,3.0,2.0,3.0,2.0,3.0,3.0,3.0,3.0,3.0,3,2.0,2.0,3.0,3.0,3.0,3.0,3.0,3,3.0,3.0,3.0,3.0,3.0,3.0,3.0,3.0,3.0,3.0,3.0,3.0,3.0,1.0,3.0,3.0,3.0,3.0,3.0,3.0,,3.0,3.0,3.0,1.0,3.0,0.0,2.0,3.0,3.0,3.0,3.0,3.0,3.0,3.0,3.0,2.0,3.0,3.0,3.0,3.0,2.0,3.0,3,3.0,3.0,3.0,3.0,2.0,3.0,3,2.0,3.0,2.0,3.0,3.0,3.0,3.0,3.0,1.0,1.0,3.0,3.0,3.0,3.0,,3.0,3.0,3.0,3.0,3.0,3.0,3.0,3.0,3.0,3.0,0.0,3.0,3.0,3.0,3.0,3.0,3.0,2.0,0.0,3.0,1.0,3.0,3.0,2.0,3.0,3.0,0.0,3.0,3.0,3.0,3.0,1.0,3.0,3.0,3.0,3.0,3.0,1.0,2.0,3.0,3,3.0,2.0,3.0,3.0,3.0,3.0,,3.0,3.0,3.0,3.0,3.0,3.0,3.0,3,2.0,3.0,3.0,3.0,3.0,,3.0,3.0,2.0,3.0,3.0,3.0,3.0,3.0,3.0,3.0,3.0,2.0,3.0,3.0,3.0,1.0,3.0,3.0,2.0,3.0,3.0,3.0,3.0,3.0,3.0,3.0,3.0,3.0,3.0,3.0,1.0,2.0,2.0,3.0,3,3.0,3.0,3.0,3.0,3.0,3.0,3.0,,3.0,3.0,3.0,3.0,3.0,3.0,3.0,3.0,3.0,3.0,3.0,2.0,3.0,3.0,3.0,3.0,3.0,3.0,3.0,3.0,3.0,2.0,3.0,3.0,,3.0,3.0,3.0,3.0,3.0,3.0,3.0,3.0,3.0,,1.0,2.0,3.0,3.0,3.0,3.0,2.0,3.0,2.0,2.0,3.0,3.0,3.0,3.0,2.0,3.0,3.0,2.0,3.0,3.0,2,3.0,1.0,3.0,3.0,3.0,,3.0,3.0,3.0,3.0,3.0,3.0,3.0,3.0,2.0,3.0,3.0,3.0,3.0,3.0,3.0,3.0,3.0,3.0,3.0,3.0,3.0,3.0,3.0,3.0,3.0,3.0,3.0,3.0,3.0,3.0,3.0,3.0,3,3.0,3.0,3.0,3.0,3.0,,3.0,3.0,,3.0,3.0,2.0,3.0,3.0,3.0,3.0,3.0,3.0,3.0,3.0,3.0,3.0,3.0,3.0,3.0,3.0,,3.0,,3.0,3.0,3.0,3.0,3.0,3.0,3.0,3.0,3.0,3.0,1.0,3.0,3.0,1.0,3.0,3.0,2.0,3.0,0.0,3.0,3.0,3.0,,3.0,3.0,3.0,3.0,2.0,3.0,3.0,3.0,3.0,3.0,3.0,3.0,3.0,,3.0,3.0,3.0,,3.0,3.0,,2.0,3.0,3.0,3.0,3.0,3.0,3.0,,,3.0,3.0,3.0,3.0,3.0,3.0,,3.0,,103,9,0.0684410646387832,1.3005165289256198,-0.13925517119141745
3.0,3,2,3.0,3.0,1.0,3.0,2.0,2.0,3.0,3.0,3.0,3,3.0,3.0,,3.0,,3.0,3.0,3.0,3.0,3.0,3.0,3.0,3.0,3.0,3.0,3.0,3.0,1.0,3.0,2.0,3.0,3.0,2.0,3.0,2.0,3.0,3.0,3.0,3.0,3.0,3.0,3.0,3.0,3.0,3.0,2.0,3.0,3.0,3.0,3.0,3.0,3.0,3.0,3.0,3.0,3.0,3.0,3.0,3.0,2.0,3.0,3.0,3.0,2,3.0,,3.0,3.0,2.0,3.0,3.0,3.0,3.0,3.0,2.0,3.0,3.0,3.0,1.0,3.0,3,3.0,3.0,3.0,3.0,3.0,,3.0,3.0,3.0,3.0,3.0,3.0,3.0,3.0,2,3.0,3.0,3.0,2.0,3.0,2.0,3.0,3.0,3.0,3,3,3.0,3.0,3.0,2.0,3.0,2.0,3.0,3,3.0,2.0,3.0,3.0,3.0,3.0,3,3.0,3.0,3.0,3.0,3.0,2.0,3.0,3.0,3.0,1.0,3.0,1.0,3.0,0.0,,2,3.0,3.0,3.0,3.0,3.0,3.0,3.0,3.0,3.0,3.0,3.0,3.0,3,3.0,3.0,3.0,3.0,3.0,3.0,3.0,3,3.0,3.0,3.0,3.0,3.0,3.0,3.0,3.0,3.0,3.0,3,3.0,3.0,3.0,3.0,3.0,3.0,2.0,,3.0,3.0,3.0,3.0,3.0,3.0,3.0,3.0,3.0,3.0,3.0,3.0,3.0,3,3.0,3.0,3.0,3.0,3.0,3,3.0,3.0,3.0,3.0,2.0,3,2.0,3.0,3.0,3.0,1.0,3.0,3.0,2,3.0,3.0,2.0,1.0,3.0,3.0,3.0,3.0,3.0,3.0,2,3.0,3.0,3.0,3.0,3.0,3.0,3.0,3,3.0,3.0,3.0,3.0,3.0,2.0,3.0,3.0,3.0,3.0,3.0,,3.0,3.0,3.0,2.0,3.0,3.0,3.0,3.0,3.0,3.0,3.0,3.0,3.0,3.0,3.0,3.0,3.0,3.0,0.0,3.0,3.0,3.0,,3.0,3.0,3.0,3.0,3.0,3.0,3.0,3.0,3,,3.0,3.0,3.0,3.0,3.0,1,3.0,,3.0,3.0,3.0,3.0,3.0,3.0,,3.0,3.0,2.0,2.0,3.0,3.0,3.0,,3.0,3.0,3.0,3.0,3.0,3.0,3.0,2.0,3.0,3.0,3.0,3.0,3.0,3.0,2.0,3.0,3.0,3.0,3.0,3.0,3.0,3.0,3.0,2.0,3.0,3.0,3.0,2.0,3.0,3.0,3.0,3.0,3.0,3.0,3.0,3.0,3.0,2.0,3,3.0,2.0,3.0,2.0,3.0,3.0,,3.0,,,,3.0,3.0,2.0,2,3.0,3.0,,3.0,3.0,,3.0,3.0,3.0,3.0,3.0,3.0,3.0,3.0,3.0,3.0,3.0,3.0,3.0,3.0,3.0,3.0,3.0,3.0,3.0,3.0,3.0,3.0,3.0,3.0,2.0,3.0,3.0,3.0,3.0,3.0,1.0,3.0,3.0,3.0,2,3.0,3.0,3.0,3.0,3.0,3.0,3.0,3.0,3.0,3.0,3.0,3.0,3.0,3.0,3.0,3.0,3.0,3.0,3.0,3.0,3.0,3.0,3.0,3.0,3.0,3.0,3.0,3.0,3.0,3.0,3.0,,,3.0,,3.0,3.0,3.0,1.0,0.0,3.0,3.0,3.0,,3.0,,3.0,3.0,3.0,3.0,3.0,3.0,3.0,3.0,3.0,3.0,3.0,3.0,3.0,2.0,3.0,3.0,3.0,3,3.0,3.0,0.0,3.0,0.0,,3.0,2.0,3.0,3.0,3.0,2.0,3.0,3.0,3.0,3.0,3.0,3.0,3.0,3.0,3.0,3.0,3.0,0.0,3.0,3.0,3.0,3.0,3.0,2.0,3.0,3.0,3.0,,3.0,3.0,3.0,3.0,3,3.0,3.0,3.0,3.0,1.0,,3.0,3.0,3.0,3.0,3.0,3.0,3.0,3.0,3.0,3.0,2.0,3.0,3.0,1.0,2.0,3.0,3.0,3.0,3.0,2.0,,3.0,2.0,3.0,3.0,3.0,3.0,3.0,3.0,2.0,3.0,2.0,3.0,3.0,3.0,3.0,,3.0,3.0,1.0,2.0,2.0,2.0,3.0,1.0,,3.0,3.0,,3.0,3.0,1.0,3.0,3.0,3.0,3.0,3.0,,3.0,,3.0,,3.0,,3.0,3.0,3.0,,3.0,3.0,,3.0,2.0,3.0,,,3.0,,,3.0,3.0,,3.0,3.0,,104,9,0.0731225296442687,1.3278867102396514,-0.13448771622463332
3.0,2,3,2.0,3.0,3.0,0.0,3.0,3.0,3.0,3.0,3.0,2,3.0,3.0,3.0,3.0,,3.0,3.0,3.0,0.0,3.0,3.0,3.0,1.0,3.0,3.0,3.0,3.0,2.0,3.0,3.0,3.0,3.0,2.0,3.0,3.0,2.0,3.0,3.0,3.0,3.0,3.0,3.0,3.0,3.0,3.0,3.0,3.0,2.0,3.0,3.0,3.0,2.0,3.0,3.0,3.0,2.0,3.0,3.0,3.0,3.0,3.0,3.0,2.0,3,3.0,3.0,3.0,3.0,3.0,2.0,2.0,3.0,2.0,3.0,3.0,3.0,3.0,3.0,3.0,3.0,2,3.0,3.0,3.0,2.0,3.0,,3.0,3.0,3.0,2.0,3.0,2.0,3.0,3.0,3,3.0,3.0,3.0,3.0,3.0,2.0,3.0,3.0,3.0,3,3,3.0,3.0,3.0,3.0,3.0,3.0,3.0,3,3.0,3.0,3.0,2.0,3.0,,3,3.0,3.0,3.0,3.0,2.0,3.0,3.0,3.0,3.0,3.0,3.0,1.0,3.0,3.0,,3,3.0,3.0,3.0,3.0,3.0,3.0,2.0,3.0,3.0,3.0,3.0,3.0,3,3.0,3.0,3.0,3.0,3.0,0.0,3.0,3,3.0,1.0,3.0,3.0,3.0,3.0,3.0,3.0,3.0,3.0,3,3.0,3.0,3.0,3.0,3.0,3.0,3.0,3.0,3.0,3.0,3.0,3.0,3.0,3.0,3.0,3.0,3.0,3.0,3.0,,3.0,3,3.0,2.0,3.0,3.0,2.0,3,,1.0,3.0,3.0,2.0,2,3.0,3.0,3.0,3.0,3.0,3.0,3.0,3,2.0,3.0,3.0,3.0,3.0,3.0,3.0,3.0,3.0,3.0,3,2.0,2.0,2.0,3.0,3.0,3.0,3.0,3,3.0,3.0,3.0,3.0,3.0,2.0,3.0,3.0,0.0,3.0,3.0,2.0,2.0,2.0,3.0,3.0,3.0,3.0,2.0,3.0,2.0,3.0,3.0,3.0,3.0,1.0,3.0,1.0,3.0,3.0,2.0,3.0,3.0,3.0,3.0,3.0,3.0,3.0,3.0,3.0,3.0,2.0,3.0,2,3.0,3.0,3.0,3.0,3.0,3.0,2,3.0,3.0,2.0,3.0,3.0,3.0,3.0,0.0,3.0,3.0,3.0,2.0,3.0,3.0,3.0,3.0,3.0,2.0,3.0,1.0,1.0,3.0,3.0,3.0,3.0,2.0,3.0,3.0,3.0,3.0,3.0,3.0,2.0,3.0,3.0,2.0,3.0,3.0,3.0,3.0,3.0,3.0,3.0,3.0,3.0,3.0,3.0,3.0,3.0,3.0,2.0,3.0,2.0,1.0,3.0,2,2.0,3.0,3.0,3.0,3.0,3.0,3.0,3.0,3.0,3.0,3.0,3.0,3.0,3.0,3,3.0,3.0,3.0,3.0,3.0,,3.0,3.0,3.0,3.0,3.0,3.0,1.0,3.0,3.0,3.0,3.0,3.0,3.0,3.0,3.0,3.0,2.0,2.0,3.0,3.0,3.0,3.0,3.0,3.0,3.0,2.0,3.0,3.0,3.0,0.0,2.0,3.0,3.0,2.0,3,2.0,3.0,3.0,3.0,2.0,3.0,3.0,3.0,3.0,3.0,3.0,3.0,3.0,3.0,3.0,3.0,3.0,3.0,3.0,3.0,3.0,3.0,3.0,2.0,2.0,3.0,2.0,3.0,3.0,3.0,2.0,3.0,3.0,2.0,1.0,1.0,3.0,3.0,1.0,3.0,3.0,3.0,3.0,3.0,3.0,,3.0,3.0,3.0,3.0,3.0,2.0,3.0,3.0,3.0,3.0,3.0,3.0,3.0,3.0,3.0,3.0,3.0,1,3.0,3.0,3.0,3.0,2.0,,3.0,2.0,3.0,3.0,3.0,3.0,2.0,3.0,2.0,3.0,3.0,3.0,3.0,3.0,3.0,3.0,3.0,3.0,3.0,3.0,2.0,3.0,3.0,3.0,3.0,3.0,3.0,3.0,3.0,3.0,1.0,3.0,3,3.0,3.0,3.0,3.0,3.0,,2.0,3.0,3.0,3.0,1.0,3.0,3.0,3.0,3.0,3.0,3.0,3.0,3.0,3.0,3.0,,3.0,3.0,3.0,3.0,3.0,3.0,3.0,3.0,3.0,3.0,3.0,3.0,3.0,3.0,3.0,3.0,3.0,3.0,3.0,3.0,3.0,3.0,3.0,2.0,3.0,3.0,2.0,3.0,3.0,,3.0,2.0,3.0,3.0,,3.0,3.0,3.0,3.0,1.0,3.0,3.0,3.0,,3.0,3.0,,,3.0,3.0,3.0,3.0,3.0,3.0,3.0,3.0,3.0,3.0,3.0,,2.0,3.0,3.0,3.0,3.0,3.0,3.0,3.0,,105,9,0.0578358208955223,1.269253885120632,-0.24602722047143932
2.0,3,2,3.0,2.0,3.0,3.0,3.0,3.0,,2.0,3.0,3,3.0,3.0,3.0,3.0,,3.0,1.0,1.0,1.0,3.0,3.0,3.0,3.0,3.0,3.0,,3.0,3.0,3.0,3.0,2.0,3.0,2.0,3.0,,3.0,0.0,2.0,3.0,3.0,3.0,3.0,3.0,3.0,3.0,2.0,3.0,3.0,3.0,3.0,3.0,3.0,3.0,3.0,1.0,3.0,3.0,3.0,,3.0,3.0,3.0,3.0,3,3.0,,,3.0,3.0,3.0,3.0,3.0,3.0,3.0,2.0,2.0,,3.0,3.0,1.0,3,3.0,3.0,3.0,3.0,2.0,,3.0,3.0,3.0,3.0,3.0,3.0,3.0,3.0,3,3.0,3.0,3.0,3.0,3.0,3.0,3.0,,0.0,3,3,3.0,2.0,2.0,3.0,3.0,3.0,3.0,3,3.0,3.0,3.0,3.0,3.0,3.0,2,3.0,3.0,3.0,3.0,3.0,3.0,3.0,3.0,3.0,3.0,3.0,3.0,1.0,3.0,3.0,3,3.0,3.0,3.0,3.0,3.0,3.0,3.0,3.0,3.0,3.0,3.0,3.0,3,3.0,3.0,0.0,3.0,3.0,1.0,3.0,3,3.0,3.0,3.0,3.0,3.0,3.0,3.0,3.0,3.0,2.0,3,,,2.0,3.0,3.0,3.0,3.0,,3.0,3.0,3.0,,3.0,3.0,3.0,3.0,,,3.0,,3.0,3,3.0,3.0,,,,3,3.0,3.0,3.0,3.0,2.0,3,3.0,3.0,3.0,,,3.0,3.0,3,3.0,2.0,3.0,3.0,3.0,3.0,3.0,3.0,3.0,3.0,3,3.0,2.0,3.0,3.0,,3.0,3.0,2,2.0,3.0,3.0,3.0,3.0,3.0,3.0,3.0,3.0,3.0,,,3.0,3.0,,3.0,3.0,,3.0,3.0,3.0,3.0,,3.0,3.0,,3.0,3.0,3.0,3.0,3.0,3.0,,3.0,,3.0,3.0,,3.0,3.0,3.0,3.0,3.0,2,,3.0,3.0,,3.0,3.0,3,3.0,,3.0,3.0,3.0,,3.0,3.0,,3.0,2.0,3.0,3.0,0.0,,3.0,,3.0,3.0,,3.0,3.0,,3.0,3.0,3.0,3.0,1.0,3.0,3.0,3.0,3.0,3.0,,3.0,3.0,3.0,1.0,3.0,,3.0,,,3.0,3.0,3.0,3.0,3.0,3.0,3.0,3.0,3.0,3.0,,3.0,3,3.0,3.0,,3.0,,1.0,,3.0,3.0,,,,3.0,3.0,3,3.0,3.0,,3.0,,,3.0,3.0,,3.0,3.0,3.0,3.0,3.0,2.0,3.0,3.0,3.0,,1.0,3.0,3.0,3.0,3.0,,3.0,3.0,3.0,3.0,1.0,3.0,3.0,3.0,3.0,3.0,3.0,3.0,3.0,3.0,3.0,3,3.0,3.0,3.0,3.0,3.0,3.0,3.0,3.0,3.0,3.0,,3.0,2.0,3.0,3.0,,3.0,3.0,3.0,3.0,3.0,3.0,3.0,3.0,,3.0,3.0,,,3.0,3.0,,3.0,3.0,,3.0,,3.0,3.0,3.0,,3.0,3.0,3.0,,,3.0,3.0,3.0,3.0,3.0,3.0,3.0,3.0,3.0,3.0,3.0,2.0,3.0,2.0,3.0,3.0,3.0,3,3.0,3.0,3.0,3.0,3.0,,3.0,3.0,3.0,3.0,3.0,3.0,3.0,3.0,3.0,2.0,3.0,2.0,3.0,3.0,,,3.0,,3.0,3.0,3.0,3.0,3.0,3.0,3.0,3.0,3.0,,3.0,,3.0,3.0,3,,3.0,3.0,,3.0,,3.0,3.0,3.0,3.0,,,3.0,3.0,1.0,,3.0,3.0,3.0,3.0,0.0,3.0,3.0,3.0,2.0,2.0,,3.0,2.0,3.0,3.0,3.0,3.0,3.0,,3.0,3.0,3.0,3.0,3.0,3.0,2.0,3.0,3.0,3.0,3.0,3.0,3.0,3.0,3.0,3.0,3.0,2.0,3.0,,,,3.0,3.0,3.0,3.0,,3.0,,2.0,,3.0,,3.0,,3.0,,3.0,3.0,3.0,3.0,,1.0,0.0,3.0,,,,,,3.0,,,2.0,,,106,9,0.0927601809954751,1.417551963048499,-0.02526374245701492
2.0,2,2,3.0,3.0,3.0,1.0,3.0,2.0,3.0,3.0,3.0,2,2.0,3.0,3.0,3.0,3.0,3.0,2.0,3.0,3.0,3.0,1.0,3.0,2.0,3.0,3.0,2.0,3.0,2.0,2.0,3.0,3.0,3.0,2.0,3.0,1.0,3.0,3.0,3.0,0.0,2.0,3.0,3.0,3.0,2.0,3.0,3.0,3.0,3.0,1.0,3.0,3.0,1.0,3.0,2.0,3.0,2.0,2.0,2.0,3.0,3.0,3.0,2.0,2.0,2,3.0,3.0,3.0,3.0,3.0,3.0,3.0,3.0,2.0,3.0,3.0,2.0,3.0,3.0,2.0,3.0,2,3.0,2.0,2.0,3.0,3.0,3.0,3.0,3.0,2.0,2.0,3.0,1.0,3.0,3.0,3,2.0,3.0,3.0,2.0,2.0,2.0,2.0,3.0,3.0,2,2,2.0,2.0,2.0,0.0,3.0,3.0,1.0,2,3.0,3.0,1.0,2.0,3.0,3.0,2,2.0,2.0,3.0,2.0,3.0,3.0,3.0,1.0,3.0,2.0,3.0,2.0,3.0,3.0,3.0,2,2.0,3.0,3.0,3.0,3.0,1.0,2.0,2.0,3.0,2.0,3.0,3.0,3,0.0,3.0,2.0,1.0,2.0,3.0,3.0,2,2.0,3.0,3.0,3.0,3.0,1.0,3.0,3.0,2.0,2.0,3,3.0,3.0,2.0,3.0,3.0,3.0,3.0,3.0,2.0,3.0,3.0,3.0,1.0,3.0,3.0,3.0,3.0,3.0,3.0,3.0,3.0,3,3.0,3.0,3.0,3.0,3.0,2,3.0,2.0,2.0,3.0,2.0,3,3.0,3.0,3.0,3.0,3.0,3.0,3.0,2,3.0,3.0,3.0,3.0,3.0,2.0,2.0,3.0,1.0,3.0,3,1.0,2.0,3.0,3.0,3.0,1.0,3.0,2,3.0,3.0,3.0,3.0,3.0,3.0,3.0,2.0,3.0,3.0,3.0,3.0,3.0,3.0,3.0,3.0,3.0,3.0,3.0,3.0,3.0,3.0,3.0,3.0,3.0,3.0,3.0,2.0,2.0,3.0,2.0,3.0,3.0,3.0,3.0,3.0,3.0,2.0,3.0,2.0,3.0,2.0,2.0,2,3.0,3.0,3.0,3.0,3.0,3.0,2,3.0,3.0,3.0,3.0,2.0,3.0,3.0,3.0,3.0,3.0,3.0,2.0,3.0,3.0,3.0,3.0,3.0,3.0,3.0,2.0,3.0,3.0,3.0,3.0,3.0,3.0,3.0,3.0,2.0,3.0,2.0,2.0,3.0,3.0,3.0,2.0,3.0,2.0,3.0,3.0,2.0,3.0,3.0,3.0,2.0,3.0,3.0,3.0,3.0,3.0,3.0,3.0,2.0,3.0,3.0,2,3.0,3.0,3.0,3.0,1.0,3.0,3.0,3.0,2.0,3.0,3.0,3.0,3.0,2.0,3,3.0,2.0,2.0,3.0,3.0,3.0,3.0,2.0,3.0,3.0,3.0,3.0,3.0,3.0,3.0,3.0,3.0,3.0,3.0,3.0,3.0,3.0,2.0,3.0,3.0,3.0,3.0,3.0,3.0,3.0,2.0,3.0,3.0,3.0,3.0,0.0,2.0,3.0,2.0,3.0,1,3.0,1.0,2.0,3.0,3.0,3.0,3.0,3.0,3.0,2.0,2.0,2.0,3.0,3.0,3.0,3.0,3.0,3.0,3.0,2.0,3.0,3.0,3.0,2.0,3.0,3.0,3.0,3.0,3.0,3.0,3.0,3.0,3.0,2.0,3.0,2.0,3.0,3.0,2.0,3.0,3.0,3.0,3.0,3.0,3.0,,3.0,3.0,3.0,3.0,3.0,3.0,3.0,3.0,3.0,3.0,3.0,2.0,2.0,3.0,3.0,2.0,3.0,3,2.0,3.0,3.0,2.0,3.0,,2.0,2.0,3.0,3.0,3.0,3.0,3.0,2.0,2.0,3.0,3.0,3.0,3.0,3.0,3.0,1.0,1.0,3.0,3.0,3.0,3.0,3.0,3.0,2.0,3.0,3.0,3.0,3.0,3.0,3.0,0.0,2.0,3,3.0,3.0,3.0,3.0,3.0,,3.0,3.0,2.0,3.0,3.0,3.0,1.0,2.0,3.0,3.0,2.0,2.0,2.0,3.0,2.0,3.0,3.0,3.0,2.0,3.0,2.0,3.0,3.0,3.0,3.0,3.0,2.0,3.0,3.0,3.0,3.0,3.0,3.0,3.0,3.0,3.0,3.0,3.0,3.0,2.0,0.0,3.0,3.0,3.0,3.0,3.0,3.0,3.0,,3.0,3.0,3.0,2.0,2.0,3.0,3.0,3.0,3.0,3.0,3.0,1.0,3.0,3.0,,3.0,3.0,3.0,3.0,3.0,3.0,3.0,3.0,3.0,3.0,,,3.0,3.0,3.0,3.0,1.0,3.0,3.0,3.0,3.0,107,9,0.0644567219152854,1.1737999527074958,-0.3687421353538528
2.0,2,2,2.0,2.0,2.0,2.0,3.0,3.0,3.0,3.0,3.0,2,1.0,3.0,2.0,2.0,3.0,3.0,2.0,3.0,1.0,1.0,3.0,3.0,3.0,2.0,3.0,2.0,3.0,2.0,3.0,3.0,2.0,3.0,2.0,2.0,1.0,3.0,3.0,3.0,3.0,3.0,3.0,2.0,1.0,2.0,3.0,3.0,2.0,2.0,3.0,2.0,3.0,2.0,3.0,2.0,3.0,1.0,2.0,3.0,3.0,2.0,3.0,2.0,2.0,2,2.0,1.0,3.0,3.0,3.0,2.0,3.0,2.0,3.0,3.0,1.0,3.0,3.0,2.0,2.0,2.0,2,2.0,3.0,2.0,2.0,2.0,3.0,3.0,3.0,2.0,3.0,3.0,2.0,3.0,3.0,2,3.0,2.0,2.0,3.0,3.0,3.0,2.0,3.0,3.0,2,2,3.0,3.0,3.0,3.0,3.0,3.0,3.0,2,3.0,3.0,3.0,3.0,3.0,3.0,2,3.0,3.0,3.0,2.0,3.0,2.0,3.0,3.0,2.0,3.0,2.0,2.0,3.0,3.0,3.0,2,2.0,3.0,2.0,3.0,2.0,3.0,2.0,0.0,2.0,3.0,3.0,3.0,3,3.0,2.0,2.0,3.0,3.0,3.0,3.0,3,2.0,2.0,3.0,3.0,3.0,2.0,3.0,3.0,2.0,3.0,2,3.0,3.0,3.0,2.0,2.0,2.0,3.0,3.0,2.0,2.0,3.0,3.0,3.0,1.0,3.0,3.0,2.0,2.0,3.0,3.0,2.0,2,3.0,2.0,3.0,1.0,3.0,2,1.0,2.0,3.0,3.0,2.0,3,2.0,2.0,3.0,3.0,3.0,2.0,2.0,2,2.0,2.0,2.0,3.0,2.0,3.0,3.0,2.0,2.0,3.0,2,3.0,2.0,3.0,3.0,3.0,3.0,2.0,3,2.0,3.0,3.0,3.0,2.0,2.0,0.0,3.0,3.0,3.0,3.0,2.0,2.0,3.0,3.0,3.0,3.0,2.0,2.0,3.0,3.0,3.0,3.0,3.0,3.0,3.0,2.0,2.0,3.0,2.0,0.0,2.0,3.0,3.0,3.0,2.0,3.0,2.0,3.0,3.0,3.0,2.0,3.0,3,3.0,1.0,2.0,3.0,3.0,2.0,3,3.0,3.0,3.0,3.0,3.0,2.0,3.0,3.0,3.0,3.0,3.0,2.0,3.0,2.0,3.0,3.0,3.0,2.0,3.0,3.0,3.0,3.0,2.0,3.0,2.0,3.0,3.0,3.0,2.0,3.0,1.0,2.0,2.0,3.0,2.0,2.0,3.0,2.0,2.0,3.0,2.0,3.0,3.0,3.0,0.0,3.0,2.0,3.0,1.0,3.0,3.0,3.0,2.0,3.0,3.0,2,1.0,2.0,3.0,2.0,3.0,2.0,3.0,3.0,3.0,3.0,3.0,3.0,3.0,3.0,1,3.0,3.0,3.0,3.0,3.0,3.0,3.0,3.0,3.0,3.0,3.0,3.0,3.0,3.0,3.0,3.0,3.0,3.0,3.0,2.0,3.0,3.0,2.0,2.0,3.0,3.0,2.0,2.0,2.0,3.0,3.0,3.0,2.0,3.0,3.0,3.0,2.0,2.0,2.0,3.0,3,3.0,3.0,3.0,3.0,2.0,3.0,2.0,3.0,3.0,3.0,2.0,3.0,3.0,3.0,3.0,3.0,3.0,3.0,2.0,3.0,3.0,3.0,3.0,3.0,3.0,3.0,2.0,3.0,3.0,3.0,1.0,3.0,3.0,3.0,3.0,2.0,3.0,1.0,3.0,3.0,2.0,3.0,3.0,3.0,3.0,3.0,3.0,3.0,2.0,2.0,3.0,2.0,3.0,3.0,3.0,1.0,3.0,2.0,3.0,2.0,3.0,3.0,1.0,2,3.0,2.0,3.0,3.0,2.0,2.0,2.0,2.0,2.0,2.0,3.0,1.0,2.0,2.0,2.0,2.0,2.0,3.0,3.0,3.0,3.0,3.0,3.0,3.0,2.0,3.0,3.0,3.0,3.0,3.0,3.0,3.0,2.0,3.0,2.0,1.0,3.0,3.0,2,3.0,3.0,3.0,2.0,2.0,3.0,3.0,3.0,3.0,2.0,3.0,3.0,3.0,3.0,3.0,2.0,3.0,3.0,3.0,3.0,3.0,3.0,2.0,3.0,2.0,3.0,2.0,3.0,3.0,1.0,2.0,3.0,3.0,3.0,3.0,3.0,3.0,3.0,3.0,0.0,3.0,1.0,3.0,1.0,3.0,3.0,2.0,2.0,3.0,3.0,2.0,3.0,3.0,1.0,3.0,2.0,3.0,3.0,3.0,3.0,3.0,3.0,3.0,3.0,2.0,3.0,3.0,3.0,3.0,3.0,3.0,2.0,3.0,3.0,3.0,2.0,3.0,2.0,3.0,3.0,3.0,3.0,3.0,3.0,3.0,3.0,3.0,0.0,3.0,3.0,3.0,108,9,0.0655737704918032,1.1420907418761497,-0.391823864474383
3.0,3,3,3.0,3.0,,,,,,3.0,,3,3.0,,,,3.0,,3.0,,,,,,3.0,,,,,3.0,3.0,,,,3.0,,,,3.0,1.0,3.0,,,3.0,,3.0,,,3.0,3.0,,2.0,,,,3.0,,1.0,,3.0,,,3.0,,,3,,,,,3.0,3.0,,3.0,3.0,,,3.0,,,,,3,,0.0,3.0,3.0,3.0,,,3.0,3.0,3.0,,3.0,,,3,,3.0,,,3.0,3.0,3.0,,,3,3,,,3.0,,2.0,,,2,,,0.0,3.0,3.0,,3,3.0,,3.0,3.0,,3.0,3.0,,,3.0,3.0,,3.0,,,3,2.0,,,,,,3.0,3.0,1.0,3.0,3.0,3.0,3,3.0,,3.0,3.0,,,3.0,3,,3.0,3.0,2.0,,,3.0,,3.0,,3,,,3.0,3.0,3.0,3.0,,,,,,,,2.0,,3.0,,,,,3.0,3,,3.0,,1.0,,3,3.0,,,,,3,3.0,,,3.0,,,3.0,3,,3.0,,3.0,3.0,,3.0,3.0,3.0,,3,,3.0,,,,,,3,3.0,3.0,,,,,3.0,3.0,,3.0,3.0,,3.0,,,,,3.0,,2.0,,,3.0,,3.0,,,3.0,,3.0,3.0,2.0,,2.0,,3.0,,3.0,3.0,1.0,3.0,3.0,,3,,3.0,3.0,,3.0,3.0,3,1.0,,3.0,,2.0,,,,2.0,3.0,3.0,3.0,,3.0,,,,3.0,0.0,,,2.0,,3.0,3.0,,3.0,,,3.0,,3.0,3.0,2.0,,,,,3.0,,3.0,,,,,,3.0,,3.0,3.0,,3.0,,,0.0,3,,,0.0,3.0,,,,,,,,,,3.0,3,3.0,,2.0,3.0,,,3.0,3.0,,,3.0,3.0,,,,3.0,3.0,3.0,,3.0,,,3.0,,,,3.0,3.0,3.0,,3.0,3.0,,,3.0,,3.0,3.0,3.0,,3,2.0,,3.0,,,3.0,,,,,,,,3.0,3.0,2.0,3.0,,,2.0,,,,3.0,,,3.0,,,3.0,,,0.0,,,,3.0,,3.0,,,3.0,3.0,,,,,3.0,3.0,3.0,,,,,,3.0,,,3.0,3.0,3.0,3.0,,3,3.0,,,,,,,,,3.0,3.0,,,3.0,3.0,,3.0,,,3.0,,,,,,,3.0,3.0,,3.0,3.0,,,,,,,,2,,,,,,,,3.0,3.0,,,,1.0,,,,3.0,3.0,,3.0,2.0,3.0,,3.0,3.0,3.0,,3.0,,,3.0,3.0,3.0,3.0,,3.0,,,,,,3.0,,,3.0,,,,,,,,,3.0,,3.0,,,,,3.0,,3.0,,2.0,,3.0,,,,3.0,,,,,,,,2.0,3.0,,,,,,2.0,,,3.0,,,109,9,0.1904761904761904,1.5186775440103049,0.20573638393258167
3.0,3,2,3.0,3.0,3.0,2.0,3.0,3.0,3.0,3.0,3.0,2,3.0,3.0,3.0,3.0,,2.0,2.0,3.0,3.0,3.0,3.0,3.0,1.0,3.0,3.0,3.0,3.0,3.0,2.0,3.0,3.0,3.0,3.0,3.0,3.0,3.0,3.0,3.0,3.0,2.0,3.0,2.0,2.0,3.0,3.0,3.0,1.0,3.0,3.0,3.0,3.0,3.0,3.0,3.0,3.0,3.0,2.0,3.0,3.0,1.0,3.0,3.0,3.0,2,3.0,3.0,3.0,3.0,3.0,2.0,2.0,3.0,3.0,3.0,3.0,3.0,3.0,3.0,3.0,3.0,3,3.0,3.0,3.0,3.0,3.0,3.0,0.0,3.0,2.0,3.0,3.0,3.0,3.0,3.0,3,2.0,3.0,2.0,3.0,2.0,3.0,2.0,3.0,3.0,3,3,3.0,3.0,3.0,3.0,1.0,3.0,3.0,2,3.0,1.0,3.0,3.0,3.0,3.0,3,2.0,1.0,3.0,3.0,3.0,3.0,3.0,3.0,3.0,3.0,3.0,2.0,3.0,3.0,3.0,3,3.0,3.0,3.0,3.0,3.0,3.0,3.0,3.0,3.0,3.0,3.0,3.0,3,3.0,3.0,3.0,2.0,3.0,2.0,3.0,3,3.0,3.0,3.0,2.0,3.0,3.0,3.0,3.0,3.0,2.0,3,3.0,3.0,3.0,2.0,1.0,3.0,3.0,3.0,3.0,3.0,,3.0,3.0,3.0,3.0,3.0,3.0,3.0,3.0,,2.0,3,2.0,3.0,3.0,3.0,3.0,3,3.0,3.0,2.0,3.0,3.0,3,3.0,3.0,2.0,,2.0,3.0,3.0,3,3.0,3.0,0.0,3.0,2.0,3.0,3.0,3.0,3.0,3.0,2,3.0,2.0,3.0,3.0,3.0,3.0,2.0,2,3.0,3.0,3.0,3.0,3.0,3.0,3.0,2.0,3.0,3.0,3.0,3.0,3.0,2.0,3.0,3.0,3.0,3.0,3.0,3.0,3.0,3.0,3.0,3.0,3.0,3.0,3.0,3.0,3.0,3.0,2.0,3.0,3.0,3.0,3.0,1.0,3.0,3.0,3.0,3.0,2.0,3.0,3.0,2,3.0,2.0,3.0,3.0,3.0,3.0,3,3.0,3.0,3.0,3.0,3.0,3.0,3.0,3.0,3.0,3.0,3.0,2.0,2.0,3.0,3.0,3.0,3.0,3.0,3.0,3.0,3.0,2.0,3.0,3.0,3.0,3.0,3.0,3.0,2.0,2.0,3.0,3.0,3.0,3.0,2.0,3.0,3.0,3.0,2.0,3.0,3.0,3.0,3.0,3.0,3.0,3.0,3.0,3.0,3.0,3.0,3.0,2.0,2.0,3.0,3.0,2,2.0,3.0,2.0,3.0,3.0,3.0,3.0,3.0,3.0,3.0,3.0,3.0,3.0,2.0,1,2.0,3.0,3.0,3.0,3.0,3.0,2.0,2.0,3.0,3.0,0.0,3.0,2.0,3.0,3.0,2.0,3.0,3.0,3.0,3.0,3.0,3.0,3.0,3.0,3.0,3.0,3.0,3.0,3.0,2.0,3.0,3.0,3.0,3.0,3.0,3.0,3.0,3.0,3.0,3.0,2,2.0,3.0,3.0,3.0,3.0,2.0,2.0,3.0,3.0,2.0,3.0,3.0,2.0,3.0,3.0,3.0,3.0,3.0,3.0,3.0,0.0,3.0,3.0,3.0,3.0,3.0,3.0,3.0,3.0,3.0,3.0,3.0,3.0,2.0,3.0,3.0,3.0,3.0,3.0,3.0,3.0,3.0,3.0,2.0,3.0,2.0,3.0,3.0,3.0,3.0,3.0,3.0,3.0,2.0,2.0,3.0,3.0,3.0,3.0,2.0,3.0,3.0,3.0,3,2.0,3.0,3.0,3.0,2.0,,2.0,3.0,3.0,3.0,3.0,3.0,3.0,3.0,2.0,3.0,3.0,0.0,1.0,3.0,3.0,3.0,3.0,3.0,1.0,1.0,1.0,3.0,3.0,1.0,3.0,2.0,3.0,3.0,3.0,3.0,3.0,3.0,3,3.0,3.0,2.0,3.0,3.0,,3.0,3.0,3.0,3.0,3.0,3.0,3.0,3.0,3.0,2.0,2.0,3.0,2.0,3.0,3.0,3.0,3.0,3.0,3.0,3.0,3.0,3.0,3.0,3.0,3.0,3.0,2.0,3.0,3.0,2.0,3.0,3.0,3.0,3.0,3.0,3.0,3.0,3.0,3.0,1.0,2.0,3.0,3.0,3.0,3.0,3.0,3.0,3.0,,3.0,3.0,1.0,3.0,2.0,3.0,3.0,1.0,3.0,3.0,3.0,3.0,3.0,3.0,3.0,2.0,2.0,3.0,3.0,3.0,0.0,,3.0,1.0,3.0,,,3.0,,3.0,3.0,3.0,3.0,3.0,3.0,,110,9,0.0790960451977401,1.2269995376791494,-0.2558305624035785
2.0,3,2,3.0,3.0,2.0,2.0,2.0,1.0,3.0,3.0,2.0,2,3.0,3.0,3.0,3.0,,3.0,3.0,3.0,3.0,3.0,0.0,3.0,3.0,3.0,2.0,3.0,3.0,2.0,3.0,3.0,2.0,3.0,3.0,3.0,2.0,3.0,0.0,3.0,3.0,3.0,3.0,3.0,3.0,2.0,3.0,3.0,3.0,3.0,3.0,3.0,3.0,3.0,3.0,3.0,3.0,3.0,3.0,3.0,3.0,3.0,3.0,3.0,2.0,2,3.0,3.0,2.0,3.0,3.0,3.0,2.0,3.0,3.0,3.0,2.0,3.0,3.0,3.0,2.0,3.0,3,3.0,3.0,3.0,3.0,1.0,3.0,1.0,2.0,2.0,3.0,2.0,3.0,3.0,3.0,2,3.0,3.0,3.0,3.0,3.0,3.0,3.0,3.0,3.0,2,3,3.0,2.0,3.0,3.0,3.0,2.0,3.0,2,3.0,3.0,3.0,0.0,3.0,3.0,2,3.0,3.0,3.0,3.0,3.0,2.0,1.0,3.0,3.0,3.0,3.0,3.0,3.0,3.0,3.0,2,2.0,2.0,3.0,3.0,3.0,3.0,3.0,2.0,3.0,2.0,3.0,0.0,2,1.0,3.0,3.0,3.0,3.0,3.0,3.0,3,3.0,3.0,3.0,3.0,3.0,3.0,3.0,3.0,3.0,3.0,3,3.0,3.0,3.0,3.0,3.0,3.0,2.0,3.0,3.0,3.0,3.0,3.0,3.0,3.0,3.0,3.0,3.0,3.0,3.0,3.0,3.0,3,3.0,2.0,3.0,3.0,3.0,1,3.0,3.0,3.0,3.0,3.0,3,3.0,3.0,3.0,,3.0,3.0,3.0,3,3.0,3.0,3.0,3.0,3.0,3.0,2.0,3.0,2.0,3.0,3,3.0,3.0,2.0,3.0,3.0,3.0,3.0,2,3.0,3.0,3.0,3.0,3.0,3.0,1.0,3.0,3.0,3.0,3.0,3.0,3.0,3.0,3.0,3.0,3.0,3.0,3.0,,3.0,3.0,,,3.0,3.0,3.0,3.0,3.0,3.0,2.0,3.0,1.0,2.0,3.0,3.0,3.0,3.0,3.0,3.0,3.0,3.0,2.0,3,3.0,3.0,3.0,1.0,3.0,3.0,3,3.0,3.0,2.0,3.0,3.0,3.0,3.0,3.0,,3.0,3.0,3.0,3.0,3.0,,3.0,3.0,3.0,3.0,3.0,3.0,3.0,3.0,,3.0,3.0,2.0,,2.0,3.0,3.0,3.0,3.0,3.0,3.0,3.0,3.0,3.0,3.0,2.0,3.0,3.0,3.0,3.0,3.0,3.0,3.0,2.0,3.0,3.0,3.0,3.0,3.0,2.0,3.0,2,3.0,3.0,3.0,3.0,3.0,3.0,3.0,3.0,3.0,3.0,3.0,3.0,3.0,3.0,3,3.0,3.0,3.0,3.0,3.0,3.0,2.0,2.0,3.0,3.0,3.0,3.0,2.0,3.0,3.0,3.0,2.0,2.0,3.0,3.0,3.0,3.0,3.0,3.0,3.0,3.0,3.0,3.0,3.0,2.0,2.0,3.0,3.0,2.0,3.0,3.0,2.0,3.0,3.0,3.0,3,3.0,3.0,3.0,3.0,3.0,3.0,3.0,3.0,3.0,2.0,0.0,2.0,2.0,3.0,3.0,3.0,3.0,3.0,3.0,3.0,3.0,3.0,3.0,3.0,3.0,3.0,3.0,3.0,3.0,3.0,3.0,3.0,,3.0,3.0,3.0,3.0,3.0,3.0,2.0,2.0,3.0,3.0,3.0,1.0,,3.0,2.0,3.0,3.0,3.0,3.0,3.0,3.0,3.0,3.0,3.0,3.0,1.0,2.0,3.0,3.0,3.0,3,3.0,2.0,3.0,3.0,3.0,,2.0,3.0,2.0,3.0,3.0,3.0,3.0,2.0,3.0,3.0,3.0,3.0,2.0,2.0,3.0,3.0,3.0,3.0,3.0,2.0,3.0,2.0,3.0,3.0,2.0,3.0,1.0,3.0,3.0,3.0,3.0,1.0,3,3.0,3.0,3.0,1.0,1.0,,3.0,3.0,3.0,3.0,3.0,2.0,3.0,2.0,0.0,3.0,1.0,2.0,2.0,2.0,2.0,3.0,3.0,3.0,3.0,2.0,3.0,3.0,1.0,3.0,3.0,3.0,2.0,3.0,3.0,3.0,3.0,3.0,3.0,3.0,3.0,3.0,2.0,3.0,3.0,3.0,1.0,3.0,3.0,3.0,3.0,,3.0,3.0,,3.0,3.0,3.0,3.0,3.0,3.0,3.0,3.0,3.0,3.0,,3.0,3.0,3.0,,3.0,3.0,3.0,3.0,3.0,3.0,,3.0,3.0,3.0,3.0,,,3.0,3.0,1.0,3.0,,2.0,3.0,,111,9,0.0764818355640535,1.2397954976498724,-0.15613421502593447
2.0,3,2,3.0,2.0,3.0,2.0,2.0,2.0,3.0,2.0,3.0,2,2.0,3.0,3.0,1.0,3.0,3.0,1.0,3.0,3.0,3.0,3.0,0.0,2.0,2.0,3.0,3.0,3.0,2.0,2.0,2.0,3.0,3.0,1.0,3.0,2.0,3.0,3.0,3.0,3.0,2.0,3.0,2.0,2.0,3.0,2.0,3.0,3.0,3.0,2.0,2.0,3.0,3.0,3.0,2.0,1.0,2.0,3.0,2.0,3.0,2.0,3.0,3.0,2.0,2,3.0,3.0,2.0,3.0,2.0,3.0,3.0,2.0,3.0,3.0,3.0,2.0,3.0,3.0,2.0,3.0,3,1.0,3.0,2.0,2.0,2.0,1.0,2.0,3.0,2.0,2.0,3.0,2.0,3.0,3.0,2,2.0,3.0,3.0,2.0,2.0,3.0,1.0,3.0,3.0,2,2,3.0,3.0,0.0,3.0,3.0,3.0,3.0,3,3.0,2.0,2.0,3.0,2.0,3.0,2,3.0,2.0,3.0,3.0,3.0,2.0,3.0,3.0,2.0,2.0,3.0,2.0,3.0,3.0,3.0,3,2.0,2.0,3.0,2.0,3.0,3.0,3.0,2.0,3.0,3.0,3.0,2.0,2,3.0,2.0,2.0,3.0,3.0,3.0,3.0,3,3.0,3.0,3.0,2.0,3.0,3.0,3.0,3.0,2.0,3.0,2,3.0,3.0,3.0,2.0,3.0,3.0,3.0,3.0,3.0,3.0,3.0,3.0,3.0,3.0,3.0,3.0,0.0,2.0,3.0,3.0,3.0,3,3.0,2.0,3.0,3.0,3.0,0,3.0,3.0,3.0,3.0,3.0,3,3.0,2.0,3.0,3.0,3.0,3.0,2.0,2,2.0,3.0,3.0,0.0,3.0,3.0,1.0,3.0,2.0,3.0,2,3.0,3.0,3.0,3.0,3.0,3.0,2.0,1,3.0,3.0,3.0,3.0,3.0,3.0,3.0,2.0,3.0,3.0,3.0,3.0,3.0,1.0,3.0,3.0,3.0,2.0,3.0,3.0,3.0,3.0,3.0,3.0,3.0,3.0,3.0,3.0,3.0,3.0,2.0,2.0,3.0,2.0,3.0,3.0,2.0,3.0,3.0,3.0,3.0,3.0,2.0,3,3.0,3.0,3.0,3.0,3.0,3.0,1,3.0,3.0,3.0,3.0,3.0,3.0,3.0,3.0,3.0,3.0,3.0,2.0,3.0,3.0,3.0,3.0,3.0,3.0,3.0,3.0,3.0,2.0,3.0,3.0,3.0,3.0,3.0,3.0,3.0,2.0,3.0,2.0,3.0,3.0,3.0,3.0,3.0,2.0,1.0,3.0,3.0,3.0,3.0,3.0,3.0,3.0,3.0,3.0,3.0,3.0,3.0,2.0,2.0,3.0,3.0,2,3.0,3.0,3.0,0.0,3.0,3.0,3.0,3.0,3.0,3.0,3.0,3.0,3.0,2.0,2,3.0,3.0,3.0,3.0,3.0,3.0,1.0,2.0,3.0,3.0,2.0,3.0,3.0,3.0,3.0,3.0,2.0,3.0,3.0,3.0,2.0,3.0,3.0,3.0,3.0,3.0,3.0,3.0,3.0,3.0,3.0,2.0,2.0,3.0,3.0,2.0,2.0,3.0,2.0,3.0,3,3.0,3.0,3.0,3.0,3.0,2.0,2.0,1.0,3.0,2.0,3.0,2.0,2.0,2.0,3.0,3.0,3.0,3.0,3.0,3.0,3.0,3.0,3.0,3.0,3.0,3.0,2.0,3.0,3.0,1.0,2.0,3.0,3.0,1.0,3.0,3.0,3.0,3.0,3.0,3.0,3.0,3.0,3.0,3.0,3.0,,3.0,3.0,3.0,3.0,3.0,2.0,3.0,2.0,3.0,3.0,3.0,3.0,2.0,2.0,3.0,3.0,3.0,3,3.0,2.0,3.0,3.0,3.0,,3.0,3.0,3.0,2.0,1.0,3.0,3.0,2.0,3.0,3.0,2.0,3.0,2.0,2.0,2.0,3.0,3.0,3.0,3.0,3.0,3.0,3.0,3.0,3.0,2.0,3.0,3.0,3.0,2.0,3.0,2.0,3.0,3,3.0,3.0,3.0,1.0,3.0,3.0,3.0,3.0,3.0,2.0,3.0,3.0,3.0,3.0,3.0,3.0,2.0,3.0,2.0,2.0,2.0,3.0,1.0,3.0,3.0,2.0,3.0,3.0,3.0,3.0,1.0,3.0,2.0,3.0,3.0,3.0,3.0,3.0,3.0,3.0,2.0,3.0,3.0,3.0,3.0,2.0,3.0,3.0,3.0,3.0,3.0,3.0,3.0,3.0,3.0,3.0,3.0,3.0,3.0,3.0,3.0,3.0,3.0,3.0,3.0,3.0,3.0,3.0,3.0,,3.0,3.0,3.0,3.0,3.0,3.0,3.0,2.0,3.0,3.0,,,3.0,3.0,3.0,3.0,3.0,3.0,3.0,3.0,3.0,112,9,0.0603290676416819,1.1870822700206587,-0.4089811319691749
3.0,3,2,3.0,3.0,3.0,3.0,3.0,3.0,3.0,3.0,3.0,3,3.0,3.0,3.0,3.0,1.0,3.0,3.0,3.0,3.0,3.0,3.0,3.0,3.0,3.0,3.0,2.0,3.0,3.0,3.0,3.0,3.0,3.0,3.0,3.0,,3.0,3.0,3.0,3.0,3.0,,3.0,3.0,3.0,3.0,3.0,3.0,3.0,3.0,3.0,3.0,3.0,3.0,3.0,3.0,2.0,3.0,1.0,3.0,3.0,2.0,3.0,3.0,3,3.0,,,,3.0,2.0,3.0,3.0,3.0,,1.0,3.0,3.0,,2.0,3.0,3,3.0,3.0,3.0,3.0,3.0,,3.0,3.0,3.0,2.0,,2.0,3.0,3.0,3,3.0,3.0,2.0,3.0,2.0,3.0,2.0,,3.0,3,3,3.0,3.0,3.0,3.0,3.0,3.0,,3,3.0,3.0,3.0,3.0,3.0,,3,3.0,3.0,3.0,3.0,3.0,3.0,3.0,3.0,,3.0,3.0,3.0,3.0,3.0,,3,3.0,1.0,3.0,3.0,3.0,3.0,3.0,2.0,3.0,3.0,3.0,3.0,3,3.0,3.0,3.0,3.0,3.0,3.0,3.0,3,3.0,3.0,3.0,3.0,3.0,3.0,3.0,3.0,3.0,,3,,3.0,3.0,3.0,3.0,3.0,3.0,3.0,3.0,3.0,,3.0,3.0,3.0,,3.0,3.0,3.0,3.0,,3.0,2,3.0,3.0,3.0,3.0,,3,,3.0,3.0,3.0,2.0,3,3.0,3.0,3.0,3.0,3.0,3.0,3.0,3,3.0,,3.0,3.0,3.0,3.0,3.0,3.0,3.0,1.0,2,3.0,2.0,3.0,2.0,3.0,3.0,3.0,3,3.0,3.0,3.0,3.0,3.0,3.0,3.0,3.0,3.0,3.0,3.0,3.0,3.0,3.0,3.0,3.0,3.0,3.0,3.0,3.0,3.0,,3.0,3.0,3.0,2.0,2.0,3.0,3.0,,3.0,3.0,0.0,2.0,3.0,3.0,3.0,3.0,3.0,3.0,3.0,3.0,3.0,3,3.0,3.0,2.0,3.0,2.0,3.0,3,,2.0,3.0,3.0,3.0,3.0,3.0,3.0,,3.0,3.0,3.0,3.0,0.0,,,,3.0,3.0,3.0,,3.0,,1.0,3.0,3.0,3.0,,3.0,3.0,3.0,3.0,3.0,3.0,3.0,3.0,,3.0,3.0,3.0,3.0,3.0,3.0,3.0,3.0,,3.0,,1.0,3.0,3.0,3.0,3.0,3.0,3.0,3,3.0,3.0,3.0,2.0,3.0,,,3.0,,,3.0,,3.0,3.0,3,3.0,1.0,,3.0,3.0,,3.0,3.0,,3.0,3.0,3.0,3.0,3.0,,3.0,3.0,3.0,3.0,3.0,,3.0,2.0,3.0,,3.0,3.0,3.0,,3.0,1.0,2.0,3.0,3.0,3.0,3.0,3.0,3.0,0.0,3.0,3,3.0,3.0,3.0,3.0,3.0,3.0,3.0,,3.0,3.0,3.0,,3.0,3.0,3.0,3.0,3.0,3.0,3.0,2.0,3.0,3.0,3.0,3.0,3.0,,3.0,3.0,0.0,3.0,3.0,,,3.0,2.0,3.0,2.0,3.0,3.0,3.0,3.0,,1.0,3.0,1.0,,3.0,3.0,3.0,3.0,3.0,3.0,3.0,1.0,3.0,3.0,,3.0,,3.0,1.0,3.0,3.0,3,0.0,2.0,3.0,3.0,3.0,,3.0,3.0,3.0,3.0,1.0,3.0,3.0,3.0,3.0,3.0,3.0,3.0,3.0,3.0,3.0,,3.0,,2.0,3.0,3.0,3.0,3.0,3.0,,,3.0,3.0,3.0,3.0,3.0,3.0,3,,3.0,3.0,3.0,3.0,3.0,2.0,,3.0,3.0,,3.0,3.0,3.0,3.0,3.0,3.0,3.0,3.0,3.0,3.0,0.0,3.0,3.0,3.0,3.0,,3.0,,1.0,3.0,3.0,3.0,3.0,3.0,3.0,,3.0,3.0,,3.0,3.0,3.0,3.0,3.0,3.0,3.0,2.0,3.0,3.0,3.0,,1.0,3.0,2.0,3.0,,,3.0,3.0,3.0,,3.0,,,,,3.0,,,,3.0,,3.0,3.0,3.0,,3.0,,3.0,,,3.0,,,,,,3.0,3.0,,113,9,0.0831509846827133,1.4202492211838007,-0.02352569582024419
3.0,3,3,3.0,3.0,3.0,2.0,3.0,3.0,0.0,3.0,3.0,2,3.0,3.0,3.0,3.0,,2.0,3.0,3.0,3.0,3.0,3.0,3.0,1.0,3.0,3.0,3.0,3.0,3.0,3.0,3.0,3.0,3.0,3.0,3.0,3.0,3.0,3.0,3.0,3.0,3.0,3.0,2.0,3.0,2.0,3.0,3.0,3.0,3.0,3.0,3.0,3.0,3.0,3.0,3.0,3.0,3.0,3.0,3.0,3.0,3.0,2.0,3.0,3.0,3,3.0,3.0,3.0,3.0,3.0,3.0,3.0,3.0,3.0,3.0,3.0,3.0,3.0,3.0,3.0,3.0,3,3.0,3.0,3.0,3.0,1.0,3.0,3.0,3.0,2.0,3.0,2.0,3.0,3.0,,3,3.0,3.0,3.0,2.0,3.0,3.0,3.0,,3.0,3,3,3.0,3.0,3.0,,3.0,1.0,3.0,3,3.0,3.0,3.0,3.0,3.0,,3,3.0,3.0,3.0,3.0,3.0,3.0,3.0,3.0,1.0,3.0,3.0,3.0,3.0,3.0,,3,3.0,3.0,3.0,3.0,3.0,3.0,3.0,3.0,2.0,3.0,3.0,3.0,3,3.0,3.0,3.0,3.0,3.0,3.0,3.0,3,3.0,3.0,3.0,2.0,3.0,3.0,3.0,3.0,3.0,3.0,3,3.0,3.0,3.0,3.0,0.0,3.0,3.0,3.0,3.0,2.0,3.0,3.0,3.0,3.0,3.0,3.0,3.0,3.0,3.0,,3.0,1,3.0,2.0,3.0,3.0,3.0,3,3.0,2.0,3.0,3.0,2.0,3,1.0,3.0,3.0,3.0,3.0,3.0,2.0,3,3.0,3.0,3.0,3.0,3.0,3.0,3.0,3.0,3.0,3.0,3,3.0,3.0,2.0,2.0,3.0,3.0,3.0,3,3.0,3.0,3.0,3.0,3.0,3.0,3.0,3.0,3.0,3.0,3.0,3.0,3.0,2.0,3.0,3.0,3.0,3.0,3.0,3.0,,3.0,3.0,3.0,3.0,2.0,2.0,3.0,3.0,3.0,0.0,2.0,,3.0,3.0,0.0,3.0,3.0,3.0,3.0,3.0,3.0,3.0,3,,3.0,3.0,,3.0,3.0,3,3.0,,2.0,3.0,3.0,1.0,3.0,3.0,,3.0,3.0,3.0,3.0,3.0,,3.0,3.0,3.0,3.0,3.0,,3.0,3.0,3.0,2.0,2.0,3.0,3.0,3.0,3.0,3.0,3.0,2.0,3.0,2.0,3.0,3.0,3.0,3.0,3.0,0.0,3.0,3.0,3.0,3.0,3.0,3.0,3.0,3.0,3.0,3.0,3.0,3.0,3.0,3.0,3,3.0,3.0,3.0,3.0,3.0,3.0,3.0,3.0,3.0,3.0,3.0,3.0,3.0,3.0,2,3.0,3.0,,3.0,,,2.0,3.0,3.0,3.0,3.0,3.0,2.0,3.0,3.0,2.0,3.0,3.0,3.0,3.0,3.0,3.0,3.0,3.0,3.0,3.0,3.0,3.0,3.0,3.0,3.0,3.0,3.0,3.0,3.0,3.0,3.0,3.0,1.0,3.0,3,3.0,3.0,3.0,3.0,3.0,3.0,1.0,1.0,3.0,3.0,3.0,3.0,3.0,3.0,3.0,3.0,3.0,,3.0,3.0,2.0,3.0,3.0,3.0,3.0,,3.0,3.0,1.0,3.0,3.0,,,3.0,3.0,1.0,3.0,3.0,2.0,3.0,3.0,,3.0,3.0,3.0,,,3.0,3.0,3.0,3.0,3.0,3.0,3.0,3.0,3.0,3.0,3.0,3.0,2.0,3.0,3.0,3.0,3,3.0,3.0,3.0,3.0,3.0,,3.0,2.0,3.0,3.0,3.0,3.0,3.0,3.0,3.0,3.0,3.0,3.0,3.0,1.0,3.0,3.0,3.0,3.0,3.0,2.0,3.0,3.0,3.0,3.0,3.0,3.0,3.0,3.0,3.0,3.0,3.0,3.0,3,3.0,3.0,3.0,3.0,3.0,,3.0,3.0,2.0,3.0,3.0,3.0,3.0,3.0,0.0,,2.0,3.0,3.0,3.0,3.0,3.0,3.0,3.0,3.0,3.0,,3.0,,3.0,3.0,3.0,3.0,3.0,3.0,3.0,3.0,3.0,3.0,3.0,3.0,3.0,2.0,,3.0,3.0,3.0,3.0,3.0,2.0,,3.0,3.0,3.0,,2.0,3.0,3.0,3.0,3.0,3.0,3.0,3.0,3.0,,,3.0,2.0,3.0,,3.0,3.0,,1.0,3.0,3.0,,2.0,3.0,3.0,,,3.0,3.0,3.0,3.0,,2.0,3.0,,,114,9,0.0775347912524851,1.3801889137459606,-0.12763057627114205
3.0,2,2,3.0,3.0,2.0,2.0,3.0,2.0,3.0,3.0,0.0,2,3.0,3.0,3.0,3.0,3.0,2.0,3.0,3.0,3.0,2.0,3.0,3.0,3.0,3.0,3.0,3.0,3.0,2.0,3.0,3.0,2.0,3.0,2.0,3.0,3.0,3.0,2.0,3.0,3.0,1.0,3.0,2.0,3.0,2.0,3.0,3.0,3.0,3.0,3.0,3.0,3.0,3.0,3.0,3.0,3.0,3.0,3.0,3.0,3.0,3.0,3.0,3.0,3.0,1,3.0,3.0,3.0,3.0,3.0,2.0,3.0,2.0,3.0,3.0,3.0,3.0,3.0,3.0,3.0,3.0,0,3.0,3.0,3.0,3.0,2.0,3.0,3.0,3.0,2.0,3.0,3.0,2.0,3.0,3.0,2,1.0,3.0,3.0,3.0,3.0,3.0,2.0,3.0,3.0,3,3,2.0,2.0,2.0,3.0,3.0,3.0,3.0,3,3.0,1.0,3.0,3.0,3.0,3.0,3,2.0,3.0,3.0,3.0,3.0,3.0,3.0,3.0,3.0,3.0,3.0,2.0,3.0,3.0,3.0,2,2.0,3.0,3.0,3.0,2.0,2.0,2.0,3.0,3.0,3.0,1.0,2.0,1,3.0,3.0,3.0,3.0,3.0,3.0,3.0,3,3.0,3.0,3.0,2.0,3.0,3.0,3.0,2.0,2.0,2.0,2,2.0,3.0,3.0,2.0,3.0,3.0,3.0,3.0,3.0,3.0,3.0,3.0,1.0,3.0,3.0,2.0,3.0,3.0,3.0,3.0,2.0,2,2.0,3.0,3.0,3.0,3.0,2,3.0,3.0,2.0,3.0,2.0,3,3.0,3.0,2.0,3.0,3.0,3.0,3.0,2,1.0,3.0,3.0,3.0,2.0,3.0,3.0,3.0,3.0,3.0,2,3.0,2.0,3.0,3.0,3.0,3.0,2.0,2,3.0,3.0,3.0,3.0,2.0,3.0,3.0,2.0,3.0,3.0,3.0,3.0,2.0,3.0,3.0,3.0,3.0,2.0,3.0,3.0,3.0,3.0,1.0,3.0,3.0,3.0,2.0,2.0,2.0,3.0,0.0,2.0,3.0,3.0,3.0,3.0,3.0,3.0,3.0,2.0,3.0,3.0,2.0,2,3.0,3.0,3.0,1.0,3.0,2.0,2,3.0,3.0,2.0,3.0,2.0,3.0,3.0,3.0,3.0,3.0,3.0,1.0,3.0,3.0,3.0,1.0,2.0,3.0,3.0,3.0,3.0,3.0,3.0,3.0,3.0,2.0,3.0,3.0,2.0,3.0,3.0,3.0,2.0,3.0,1.0,3.0,3.0,3.0,3.0,2.0,2.0,3.0,3.0,3.0,2.0,3.0,3.0,3.0,1.0,3.0,3.0,3.0,2.0,3.0,3.0,3,2.0,2.0,3.0,2.0,3.0,1.0,3.0,3.0,3.0,3.0,3.0,3.0,3.0,2.0,2,3.0,3.0,3.0,3.0,3.0,3.0,2.0,0.0,3.0,1.0,2.0,3.0,2.0,3.0,3.0,2.0,1.0,3.0,3.0,3.0,3.0,3.0,3.0,3.0,3.0,2.0,3.0,3.0,3.0,2.0,3.0,3.0,3.0,3.0,3.0,3.0,2.0,3.0,2.0,2.0,2,3.0,3.0,3.0,3.0,2.0,2.0,2.0,3.0,2.0,2.0,3.0,2.0,3.0,3.0,3.0,3.0,3.0,3.0,3.0,2.0,2.0,3.0,3.0,2.0,3.0,3.0,3.0,3.0,3.0,2.0,3.0,3.0,3.0,3.0,0.0,3.0,3.0,3.0,3.0,3.0,3.0,3.0,3.0,3.0,3.0,,3.0,3.0,3.0,2.0,3.0,3.0,3.0,2.0,3.0,3.0,3.0,3.0,3.0,2.0,2.0,2.0,3.0,2,2.0,3.0,2.0,3.0,3.0,,2.0,3.0,3.0,3.0,3.0,2.0,3.0,3.0,2.0,3.0,3.0,3.0,3.0,2.0,3.0,3.0,3.0,3.0,3.0,3.0,3.0,2.0,3.0,3.0,1.0,1.0,3.0,2.0,3.0,3.0,3.0,3.0,3,3.0,3.0,2.0,3.0,3.0,,3.0,3.0,3.0,3.0,3.0,2.0,3.0,3.0,3.0,3.0,3.0,2.0,3.0,3.0,1.0,3.0,3.0,2.0,3.0,2.0,3.0,3.0,3.0,3.0,3.0,3.0,3.0,3.0,3.0,2.0,3.0,3.0,3.0,3.0,3.0,3.0,3.0,3.0,3.0,3.0,2.0,0.0,3.0,3.0,2.0,3.0,3.0,3.0,3.0,3.0,3.0,3.0,3.0,3.0,3.0,3.0,3.0,3.0,3.0,3.0,3.0,1.0,3.0,,2.0,3.0,3.0,3.0,3.0,3.0,3.0,2.0,3.0,3.0,3.0,,3.0,,3.0,3.0,3.0,3.0,3.0,3.0,,115,9,0.0644567219152854,1.1845369688037337,-0.3848476167602407
3.0,3,3,3.0,,3.0,3.0,3.0,3.0,3.0,3.0,3.0,3,2.0,3.0,3.0,3.0,,3.0,3.0,3.0,3.0,3.0,3.0,3.0,3.0,3.0,3.0,3.0,,3.0,3.0,3.0,3.0,3.0,2.0,3.0,3.0,3.0,3.0,3.0,3.0,3.0,3.0,3.0,3.0,3.0,3.0,3.0,3.0,2.0,3.0,3.0,,3.0,3.0,3.0,3.0,3.0,3.0,3.0,3.0,3.0,3.0,3.0,2.0,3,3.0,,3.0,3.0,3.0,3.0,3.0,3.0,3.0,3.0,3.0,3.0,3.0,3.0,3.0,3.0,3,3.0,1.0,3.0,3.0,3.0,3.0,3.0,3.0,0.0,3.0,,3.0,3.0,3.0,3,1.0,3.0,3.0,3.0,3.0,2.0,3.0,3.0,1.0,2,3,3.0,3.0,3.0,3.0,3.0,3.0,3.0,2,2.0,3.0,3.0,3.0,3.0,,2,3.0,3.0,3.0,3.0,3.0,3.0,3.0,3.0,3.0,3.0,1.0,3.0,3.0,3.0,,2,3.0,3.0,3.0,3.0,3.0,3.0,3.0,3.0,3.0,3.0,3.0,3.0,3,3.0,3.0,3.0,3.0,3.0,,2.0,2,3.0,2.0,3.0,3.0,,3.0,3.0,3.0,3.0,3.0,3,3.0,3.0,3.0,3.0,3.0,3.0,3.0,3.0,3.0,3.0,,3.0,3.0,3.0,3.0,3.0,3.0,,3.0,3.0,3.0,2,3.0,3.0,3.0,3.0,1.0,3,3.0,3.0,3.0,3.0,3.0,3,3.0,3.0,3.0,,,,3.0,2,3.0,3.0,3.0,3.0,3.0,3.0,3.0,3.0,3.0,3.0,3,2.0,3.0,3.0,3.0,3.0,3.0,1.0,2,3.0,2.0,3.0,3.0,3.0,3.0,3.0,3.0,3.0,3.0,3.0,3.0,3.0,3.0,3.0,3.0,3.0,3.0,3.0,3.0,3.0,3.0,3.0,3.0,3.0,3.0,3.0,2.0,3.0,3.0,3.0,3.0,,1.0,3.0,2.0,3.0,3.0,3.0,3.0,3.0,3.0,3.0,3,3.0,3.0,3.0,3.0,3.0,1.0,3,2.0,,2.0,2.0,3.0,3.0,,3.0,3.0,3.0,,3.0,3.0,3.0,3.0,2.0,3.0,,3.0,3.0,3.0,3.0,3.0,3.0,3.0,3.0,3.0,3.0,3.0,3.0,3.0,3.0,3.0,3.0,3.0,3.0,3.0,3.0,3.0,,3.0,3.0,3.0,3.0,3.0,3.0,3.0,3.0,3.0,3.0,2.0,3.0,3.0,,3.0,3,3.0,2.0,3.0,3.0,,3.0,,3.0,,,,3.0,3.0,3.0,1,3.0,0.0,,3.0,3.0,3.0,3.0,2.0,3.0,3.0,3.0,2.0,2.0,3.0,3.0,0.0,3.0,3.0,2.0,3.0,3.0,3.0,3.0,3.0,,3.0,2.0,3.0,3.0,3.0,3.0,2.0,3.0,3.0,3.0,3.0,3.0,3.0,2.0,3.0,3,2.0,3.0,2.0,3.0,3.0,3.0,3.0,3.0,3.0,3.0,3.0,3.0,3.0,3.0,3.0,3.0,3.0,3.0,3.0,3.0,3.0,3.0,,2.0,3.0,3.0,3.0,3.0,3.0,3.0,3.0,,,3.0,3.0,3.0,3.0,,3.0,3.0,3.0,3.0,3.0,3.0,3.0,,3.0,3.0,0.0,3.0,2.0,1.0,3.0,3.0,3.0,3.0,0.0,2.0,,3.0,3.0,2.0,3.0,3,3.0,3.0,3.0,3.0,3.0,,3.0,3.0,3.0,3.0,3.0,3.0,3.0,3.0,3.0,,1.0,3.0,3.0,3.0,3.0,3.0,3.0,,3.0,3.0,3.0,3.0,3.0,3.0,3.0,3.0,3.0,,3.0,3.0,3.0,3.0,1,3.0,3.0,3.0,3.0,3.0,0.0,3.0,3.0,3.0,1.0,3.0,3.0,3.0,3.0,3.0,3.0,3.0,3.0,3.0,3.0,3.0,2.0,,3.0,3.0,3.0,,3.0,,3.0,3.0,3.0,2.0,3.0,3.0,3.0,,3.0,3.0,3.0,1.0,2.0,3.0,3.0,3.0,2.0,3.0,,3.0,,3.0,,,3.0,,3.0,,3.0,3.0,3.0,3.0,3.0,3.0,,3.0,,3.0,3.0,3.0,,3.0,,,3.0,3.0,3.0,,3.0,3.0,3.0,3.0,,,,3.0,3.0,3.0,,3.0,3.0,1.0,116,9,0.0823045267489712,1.3620798187082965,-0.16768994619558264
3.0,3,3,2.0,2.0,2.0,3.0,3.0,2.0,2.0,3.0,2.0,2,2.0,3.0,3.0,3.0,3.0,3.0,2.0,3.0,3.0,3.0,3.0,3.0,2.0,2.0,1.0,3.0,3.0,3.0,2.0,2.0,2.0,3.0,2.0,3.0,3.0,3.0,3.0,3.0,3.0,2.0,2.0,2.0,3.0,2.0,3.0,3.0,2.0,3.0,3.0,3.0,3.0,3.0,1.0,3.0,3.0,2.0,2.0,2.0,3.0,3.0,3.0,3.0,2.0,2,2.0,3.0,2.0,3.0,3.0,3.0,3.0,2.0,3.0,3.0,3.0,1.0,3.0,2.0,2.0,3.0,2,3.0,3.0,3.0,2.0,3.0,3.0,3.0,3.0,2.0,3.0,3.0,2.0,2.0,3.0,3,3.0,2.0,3.0,3.0,3.0,2.0,3.0,3.0,3.0,2,3,3.0,3.0,3.0,3.0,3.0,3.0,2.0,2,2.0,3.0,3.0,3.0,3.0,3.0,2,3.0,3.0,3.0,3.0,3.0,2.0,3.0,2.0,3.0,3.0,2.0,2.0,3.0,3.0,3.0,2,3.0,3.0,2.0,3.0,3.0,3.0,2.0,3.0,3.0,2.0,3.0,2.0,2,2.0,3.0,2.0,3.0,2.0,3.0,3.0,2,2.0,1.0,3.0,3.0,3.0,3.0,3.0,3.0,2.0,3.0,2,3.0,2.0,3.0,3.0,2.0,2.0,2.0,3.0,2.0,3.0,3.0,3.0,3.0,3.0,3.0,2.0,2.0,3.0,2.0,3.0,3.0,3,3.0,3.0,3.0,3.0,1.0,3,3.0,2.0,3.0,3.0,3.0,2,3.0,3.0,3.0,3.0,3.0,3.0,1.0,2,2.0,3.0,3.0,2.0,3.0,3.0,3.0,2.0,3.0,3.0,2,2.0,2.0,3.0,3.0,3.0,2.0,3.0,0,3.0,2.0,2.0,2.0,3.0,2.0,3.0,2.0,3.0,2.0,3.0,2.0,3.0,3.0,3.0,3.0,3.0,2.0,2.0,3.0,3.0,3.0,3.0,3.0,3.0,3.0,2.0,2.0,1.0,3.0,2.0,1.0,3.0,2.0,3.0,3.0,2.0,3.0,2.0,2.0,2.0,2.0,2.0,2,3.0,3.0,2.0,3.0,3.0,2.0,3,1.0,3.0,2.0,2.0,3.0,3.0,3.0,3.0,3.0,1.0,3.0,2.0,1.0,3.0,1.0,3.0,2.0,3.0,3.0,3.0,3.0,3.0,3.0,3.0,3.0,3.0,3.0,1.0,3.0,3.0,0.0,2.0,2.0,3.0,2.0,3.0,3.0,3.0,3.0,3.0,1.0,3.0,3.0,2.0,2.0,3.0,2.0,3.0,3.0,3.0,3.0,3.0,3.0,3.0,2.0,2,1.0,2.0,3.0,2.0,3.0,3.0,3.0,3.0,3.0,3.0,3.0,3.0,3.0,3.0,3,2.0,3.0,3.0,3.0,3.0,3.0,3.0,2.0,3.0,3.0,3.0,3.0,2.0,3.0,3.0,2.0,3.0,3.0,2.0,3.0,3.0,3.0,2.0,2.0,2.0,3.0,2.0,3.0,3.0,3.0,2.0,3.0,2.0,3.0,2.0,2.0,3.0,3.0,2.0,3.0,2,3.0,3.0,1.0,2.0,3.0,2.0,3.0,3.0,2.0,3.0,3.0,3.0,3.0,3.0,1.0,3.0,2.0,1.0,3.0,3.0,3.0,3.0,3.0,2.0,2.0,3.0,3.0,3.0,3.0,3.0,3.0,3.0,3.0,3.0,3.0,3.0,3.0,3.0,3.0,2.0,3.0,1.0,3.0,2.0,3.0,3.0,3.0,3.0,2.0,3.0,3.0,3.0,3.0,3.0,3.0,2.0,3.0,3.0,3.0,2.0,3.0,3.0,3.0,2,0.0,1.0,3.0,3.0,3.0,,3.0,3.0,3.0,1.0,3.0,3.0,3.0,3.0,3.0,3.0,2.0,3.0,2.0,3.0,3.0,3.0,3.0,3.0,3.0,3.0,3.0,3.0,3.0,3.0,3.0,3.0,2.0,3.0,2.0,1.0,2.0,3.0,2,3.0,3.0,2.0,2.0,3.0,3.0,3.0,2.0,3.0,2.0,3.0,3.0,3.0,3.0,3.0,3.0,3.0,2.0,0.0,3.0,3.0,3.0,3.0,2.0,3.0,2.0,0.0,1.0,3.0,1.0,2.0,3.0,3.0,3.0,3.0,3.0,3.0,3.0,3.0,3.0,3.0,3.0,3.0,0.0,2.0,2.0,3.0,3.0,3.0,3.0,3.0,3.0,3.0,3.0,3.0,2.0,3.0,1.0,3.0,3.0,3.0,3.0,3.0,3.0,3.0,3.0,3.0,3.0,3.0,3.0,3.0,3.0,3.0,3.0,2.0,3.0,3.0,2.0,3.0,3.0,3.0,,3.0,3.0,3.0,3.0,3.0,3.0,3.0,2.0,3.0,117,9,0.077634011090573,1.1580458242517675,-0.38361624727656995
3.0,2,2,3.0,3.0,3.0,2.0,3.0,3.0,3.0,3.0,3.0,2,3.0,3.0,3.0,3.0,,3.0,3.0,3.0,2.0,2.0,3.0,3.0,3.0,3.0,2.0,3.0,3.0,1.0,3.0,3.0,2.0,3.0,3.0,3.0,3.0,3.0,2.0,3.0,2.0,3.0,3.0,3.0,2.0,1.0,3.0,3.0,3.0,2.0,2.0,3.0,3.0,3.0,3.0,2.0,3.0,3.0,3.0,3.0,3.0,3.0,2.0,3.0,3.0,2,3.0,3.0,3.0,3.0,3.0,2.0,2.0,3.0,3.0,3.0,3.0,2.0,3.0,3.0,3.0,3.0,3,3.0,0.0,2.0,3.0,2.0,3.0,3.0,3.0,2.0,2.0,3.0,3.0,3.0,3.0,2,3.0,3.0,0.0,3.0,3.0,3.0,3.0,3.0,3.0,2,2,3.0,3.0,1.0,3.0,2.0,3.0,3.0,3,3.0,3.0,2.0,2.0,3.0,3.0,2,3.0,3.0,3.0,2.0,3.0,2.0,3.0,2.0,2.0,3.0,3.0,2.0,3.0,3.0,3.0,2,2.0,3.0,3.0,3.0,3.0,2.0,0.0,3.0,3.0,2.0,2.0,3.0,2,3.0,3.0,3.0,2.0,3.0,3.0,3.0,3,2.0,3.0,3.0,3.0,3.0,3.0,3.0,3.0,3.0,3.0,3,3.0,3.0,3.0,0.0,2.0,3.0,3.0,3.0,3.0,1.0,3.0,2.0,3.0,3.0,3.0,3.0,3.0,3.0,3.0,,2.0,3,3.0,3.0,3.0,3.0,3.0,3,3.0,2.0,3.0,3.0,3.0,3,3.0,3.0,3.0,,3.0,3.0,3.0,2,3.0,3.0,3.0,3.0,2.0,3.0,3.0,3.0,3.0,3.0,2,3.0,3.0,3.0,2.0,3.0,3.0,3.0,2,3.0,3.0,3.0,3.0,3.0,3.0,3.0,3.0,3.0,3.0,3.0,3.0,3.0,3.0,3.0,3.0,3.0,3.0,3.0,3.0,2.0,3.0,3.0,3.0,3.0,1.0,3.0,3.0,3.0,3.0,2.0,3.0,,3.0,3.0,2.0,3.0,3.0,3.0,3.0,3.0,3.0,3.0,2,3.0,3.0,3.0,3.0,2.0,3.0,3,3.0,3.0,2.0,3.0,3.0,3.0,3.0,3.0,3.0,3.0,2.0,3.0,3.0,2.0,3.0,2.0,3.0,3.0,3.0,3.0,3.0,3.0,1.0,3.0,3.0,3.0,3.0,3.0,1.0,1.0,3.0,3.0,3.0,3.0,2.0,3.0,3.0,3.0,2.0,3.0,3.0,3.0,3.0,3.0,3.0,3.0,2.0,3.0,2.0,3.0,3.0,2.0,3.0,3.0,0.0,3,3.0,3.0,3.0,3.0,3.0,3.0,3.0,3.0,1.0,3.0,3.0,3.0,3.0,3.0,3,2.0,3.0,3.0,3.0,3.0,3.0,2.0,3.0,3.0,3.0,2.0,3.0,2.0,3.0,3.0,1.0,2.0,3.0,3.0,3.0,1.0,3.0,3.0,3.0,3.0,2.0,2.0,3.0,3.0,0.0,3.0,2.0,2.0,3.0,3.0,3.0,3.0,3.0,2.0,3.0,2,2.0,3.0,3.0,3.0,3.0,3.0,3.0,3.0,3.0,2.0,3.0,3.0,3.0,3.0,3.0,3.0,3.0,3.0,2.0,3.0,3.0,3.0,3.0,2.0,3.0,3.0,3.0,3.0,3.0,2.0,2.0,3.0,,3.0,3.0,2.0,3.0,3.0,2.0,3.0,3.0,3.0,3.0,3.0,3.0,,3.0,3.0,3.0,2.0,3.0,3.0,3.0,3.0,3.0,2.0,3.0,2.0,3.0,2.0,3.0,3.0,3.0,2,3.0,2.0,3.0,3.0,3.0,,3.0,3.0,3.0,3.0,3.0,3.0,3.0,3.0,3.0,3.0,3.0,3.0,2.0,1.0,1.0,3.0,3.0,3.0,3.0,1.0,3.0,1.0,2.0,3.0,3.0,3.0,2.0,3.0,3.0,3.0,3.0,3.0,3,3.0,3.0,3.0,3.0,3.0,,2.0,3.0,2.0,3.0,3.0,3.0,3.0,2.0,3.0,3.0,3.0,2.0,3.0,3.0,3.0,3.0,2.0,3.0,3.0,2.0,3.0,3.0,3.0,3.0,3.0,3.0,3.0,3.0,3.0,3.0,2.0,3.0,3.0,2.0,2.0,3.0,3.0,3.0,2.0,3.0,3.0,3.0,1.0,2.0,3.0,3.0,3.0,3.0,3.0,3.0,,3.0,3.0,1.0,3.0,3.0,1.0,3.0,3.0,2.0,3.0,3.0,2.0,,3.0,3.0,3.0,3.0,3.0,3.0,3.0,3.0,3.0,3.0,,3.0,3.0,2.0,3.0,3.0,3.0,3.0,3.0,3.0,,118,9,0.0730337078651685,1.2017609719473072,-0.2985534256991756
3.0,1,2,3.0,3.0,3.0,3.0,3.0,3.0,3.0,2.0,3.0,3,3.0,3.0,3.0,3.0,,3.0,3.0,3.0,3.0,3.0,3.0,3.0,3.0,2.0,3.0,2.0,3.0,3.0,3.0,3.0,1.0,3.0,2.0,3.0,3.0,3.0,3.0,3.0,3.0,2.0,3.0,3.0,3.0,3.0,3.0,3.0,3.0,3.0,3.0,3.0,3.0,3.0,3.0,3.0,3.0,2.0,3.0,3.0,3.0,3.0,3.0,3.0,3.0,3,3.0,3.0,3.0,1.0,2.0,3.0,3.0,2.0,3.0,3.0,3.0,3.0,3.0,3.0,1.0,0.0,3,3.0,3.0,3.0,3.0,3.0,,3.0,3.0,3.0,3.0,3.0,3.0,2.0,3.0,2,3.0,3.0,3.0,3.0,3.0,2.0,3.0,3.0,3.0,2,3,3.0,3.0,3.0,3.0,3.0,3.0,3.0,3,3.0,3.0,3.0,1.0,3.0,3.0,2,3.0,3.0,3.0,3.0,3.0,3.0,3.0,3.0,3.0,3.0,3.0,3.0,3.0,3.0,,2,3.0,3.0,3.0,3.0,3.0,3.0,3.0,3.0,3.0,3.0,3.0,3.0,3,3.0,3.0,3.0,3.0,3.0,3.0,2.0,3,2.0,3.0,3.0,3.0,2.0,3.0,3.0,3.0,3.0,3.0,1,3.0,3.0,3.0,2.0,3.0,1.0,3.0,3.0,3.0,3.0,3.0,2.0,3.0,3.0,3.0,1.0,3.0,3.0,3.0,3.0,3.0,2,3.0,2.0,3.0,2.0,3.0,2,3.0,2.0,3.0,2.0,3.0,3,3.0,3.0,2.0,3.0,3.0,3.0,3.0,3,2.0,3.0,3.0,3.0,3.0,3.0,3.0,3.0,3.0,3.0,2,2.0,3.0,3.0,3.0,2.0,3.0,1.0,3,3.0,0.0,3.0,3.0,2.0,3.0,3.0,2.0,3.0,3.0,3.0,3.0,2.0,3.0,3.0,3.0,3.0,3.0,3.0,3.0,3.0,3.0,3.0,3.0,3.0,3.0,2.0,3.0,3.0,3.0,3.0,2.0,2.0,3.0,3.0,2.0,2.0,3.0,3.0,3.0,2.0,3.0,3.0,3,3.0,2.0,3.0,1.0,3.0,3.0,3,3.0,3.0,2.0,1.0,3.0,3.0,3.0,3.0,3.0,2.0,3.0,3.0,3.0,3.0,3.0,3.0,3.0,3.0,3.0,2.0,3.0,3.0,1.0,3.0,3.0,2.0,2.0,3.0,3.0,3.0,2.0,0.0,3.0,3.0,3.0,3.0,3.0,3.0,3.0,2.0,2.0,2.0,3.0,3.0,3.0,3.0,2.0,3.0,3.0,3.0,2.0,3.0,3.0,3.0,3.0,3,3.0,3.0,2.0,2.0,3.0,3.0,3.0,3.0,3.0,3.0,1.0,3.0,3.0,3.0,3,3.0,3.0,3.0,3.0,3.0,3.0,3.0,3.0,3.0,2.0,3.0,3.0,3.0,3.0,3.0,3.0,3.0,3.0,0.0,3.0,3.0,3.0,3.0,3.0,3.0,3.0,3.0,3.0,3.0,3.0,2.0,3.0,3.0,3.0,3.0,3.0,2.0,3.0,2.0,3.0,3,3.0,3.0,3.0,3.0,3.0,3.0,3.0,2.0,3.0,3.0,1.0,3.0,3.0,3.0,3.0,3.0,3.0,3.0,3.0,2.0,3.0,1.0,2.0,3.0,3.0,,3.0,3.0,1.0,3.0,3.0,3.0,,3.0,3.0,3.0,3.0,3.0,3.0,2.0,3.0,3.0,3.0,3.0,3.0,,3.0,3.0,3.0,3.0,3.0,2.0,3.0,3.0,3.0,3.0,3.0,3.0,2.0,3.0,3.0,3.0,3.0,3,3.0,2.0,3.0,3.0,3.0,,3.0,3.0,2.0,3.0,3.0,3.0,3.0,3.0,3.0,3.0,3.0,3.0,3.0,3.0,3.0,3.0,3.0,3.0,3.0,3.0,3.0,3.0,3.0,3.0,3.0,3.0,3.0,3.0,2.0,3.0,3.0,3.0,1,3.0,3.0,3.0,3.0,2.0,3.0,3.0,3.0,3.0,3.0,3.0,3.0,3.0,3.0,3.0,3.0,3.0,3.0,2.0,3.0,3.0,3.0,3.0,3.0,3.0,3.0,3.0,3.0,3.0,3.0,3.0,3.0,3.0,3.0,3.0,3.0,3.0,3.0,3.0,3.0,2.0,3.0,3.0,3.0,3.0,3.0,3.0,3.0,3.0,3.0,3.0,,3.0,3.0,,0.0,3.0,3.0,3.0,2.0,3.0,3.0,3.0,3.0,3.0,3.0,3.0,3.0,3.0,,3.0,3.0,,3.0,3.0,3.0,3.0,3.0,3.0,3.0,0.0,,3.0,3.0,3.0,3.0,3.0,3.0,2.0,2.0,,119,9,0.0916030534351145,1.2596957171752705,-0.14465410632677314
3.0,2,2,3.0,2.0,3.0,3.0,3.0,3.0,3.0,2.0,2.0,2,2.0,3.0,3.0,3.0,3.0,3.0,3.0,2.0,3.0,2.0,3.0,2.0,3.0,2.0,3.0,3.0,3.0,2.0,2.0,3.0,3.0,3.0,2.0,3.0,3.0,3.0,2.0,3.0,3.0,2.0,2.0,2.0,3.0,2.0,2.0,3.0,3.0,3.0,3.0,3.0,2.0,3.0,3.0,3.0,3.0,3.0,2.0,3.0,3.0,3.0,3.0,3.0,2.0,3,3.0,3.0,3.0,2.0,3.0,3.0,3.0,3.0,3.0,3.0,3.0,3.0,3.0,3.0,2.0,3.0,3,1.0,3.0,2.0,2.0,3.0,3.0,3.0,1.0,2.0,3.0,3.0,2.0,3.0,3.0,2,3.0,2.0,2.0,3.0,3.0,2.0,3.0,3.0,3.0,2,3,3.0,3.0,3.0,3.0,3.0,2.0,3.0,2,3.0,2.0,3.0,3.0,3.0,3.0,2,3.0,3.0,3.0,2.0,3.0,3.0,3.0,3.0,3.0,3.0,2.0,1.0,3.0,3.0,3.0,2,3.0,3.0,3.0,3.0,2.0,3.0,2.0,2.0,2.0,3.0,3.0,3.0,2,3.0,3.0,3.0,3.0,3.0,3.0,3.0,3,3.0,2.0,3.0,3.0,3.0,1.0,3.0,1.0,3.0,3.0,3,3.0,3.0,3.0,3.0,2.0,3.0,3.0,3.0,2.0,3.0,2.0,2.0,3.0,0.0,3.0,3.0,3.0,2.0,3.0,3.0,1.0,2,3.0,1.0,3.0,3.0,0.0,2,3.0,2.0,3.0,2.0,3.0,3,2.0,3.0,3.0,3.0,3.0,3.0,2.0,3,2.0,3.0,3.0,3.0,2.0,2.0,3.0,2.0,2.0,3.0,3,3.0,3.0,3.0,3.0,3.0,2.0,3.0,3,3.0,2.0,2.0,3.0,3.0,3.0,2.0,3.0,2.0,2.0,3.0,2.0,2.0,2.0,3.0,3.0,2.0,2.0,2.0,3.0,3.0,2.0,2.0,3.0,3.0,3.0,2.0,3.0,3.0,2.0,3.0,1.0,3.0,3.0,3.0,2.0,3.0,2.0,2.0,3.0,3.0,3.0,3.0,2,3.0,3.0,2.0,3.0,3.0,3.0,2,0.0,3.0,3.0,3.0,3.0,3.0,3.0,3.0,1.0,3.0,3.0,2.0,3.0,3.0,3.0,3.0,3.0,3.0,3.0,2.0,3.0,2.0,3.0,3.0,1.0,2.0,3.0,3.0,3.0,3.0,3.0,3.0,1.0,2.0,2.0,2.0,3.0,2.0,2.0,3.0,2.0,3.0,3.0,2.0,3.0,3.0,2.0,3.0,3.0,2.0,2.0,3.0,2.0,0.0,3.0,2,1.0,3.0,3.0,2.0,2.0,3.0,2.0,3.0,3.0,3.0,1.0,2.0,3.0,1.0,2,3.0,3.0,3.0,3.0,3.0,3.0,3.0,2.0,3.0,3.0,3.0,2.0,3.0,3.0,3.0,3.0,3.0,3.0,2.0,3.0,3.0,3.0,2.0,3.0,2.0,3.0,3.0,3.0,3.0,3.0,3.0,3.0,3.0,3.0,2.0,3.0,3.0,3.0,2.0,3.0,1,3.0,3.0,3.0,2.0,3.0,2.0,3.0,3.0,3.0,3.0,3.0,3.0,2.0,3.0,3.0,3.0,3.0,3.0,3.0,3.0,3.0,3.0,3.0,0.0,3.0,3.0,3.0,3.0,1.0,2.0,3.0,3.0,3.0,2.0,3.0,3.0,3.0,1.0,2.0,3.0,3.0,2.0,3.0,1.0,2.0,,3.0,3.0,2.0,3.0,3.0,2.0,3.0,2.0,3.0,3.0,3.0,3.0,3.0,3.0,3.0,3.0,2.0,3,2.0,3.0,3.0,3.0,3.0,3.0,2.0,3.0,2.0,2.0,3.0,3.0,3.0,3.0,3.0,3.0,3.0,2.0,1.0,3.0,3.0,3.0,3.0,3.0,3.0,3.0,3.0,3.0,2.0,3.0,3.0,2.0,2.0,3.0,3.0,3.0,3.0,2.0,3,3.0,2.0,3.0,3.0,3.0,2.0,3.0,2.0,3.0,3.0,2.0,1.0,3.0,3.0,3.0,3.0,3.0,3.0,3.0,3.0,3.0,3.0,2.0,3.0,3.0,3.0,3.0,3.0,3.0,0.0,3.0,3.0,3.0,3.0,3.0,3.0,3.0,3.0,3.0,3.0,3.0,3.0,3.0,3.0,3.0,2.0,3.0,2.0,3.0,1.0,3.0,,3.0,2.0,3.0,3.0,3.0,3.0,2.0,3.0,3.0,3.0,2.0,3.0,3.0,,3.0,2.0,3.0,,3.0,3.0,3.0,3.0,2.0,1.0,3.0,3.0,3.0,3.0,3.0,2.0,3.0,3.0,3.0,3.0,3.0,3.0,3.0,1.0,,120,9,0.0800744878957169,1.1668964724807538,-0.22426109249117399
2.0,3,3,3.0,3.0,3.0,2.0,3.0,3.0,3.0,3.0,3.0,2,1.0,3.0,3.0,3.0,,3.0,3.0,3.0,3.0,3.0,3.0,3.0,3.0,3.0,2.0,3.0,2.0,3.0,2.0,3.0,3.0,3.0,3.0,3.0,3.0,3.0,3.0,3.0,3.0,2.0,3.0,3.0,3.0,3.0,3.0,0.0,2.0,3.0,3.0,3.0,3.0,3.0,3.0,2.0,3.0,2.0,0.0,3.0,3.0,3.0,3.0,3.0,2.0,3,3.0,3.0,3.0,3.0,3.0,2.0,3.0,3.0,3.0,3.0,3.0,0.0,1.0,3.0,3.0,3.0,2,3.0,3.0,3.0,3.0,3.0,3.0,3.0,3.0,2.0,2.0,3.0,3.0,2.0,2.0,3,2.0,3.0,3.0,2.0,2.0,3.0,2.0,3.0,3.0,2,3,2.0,3.0,3.0,3.0,1.0,3.0,3.0,3,3.0,3.0,3.0,3.0,3.0,1.0,3,3.0,3.0,2.0,3.0,3.0,3.0,3.0,3.0,3.0,3.0,2.0,3.0,2.0,3.0,3.0,2,3.0,3.0,3.0,3.0,3.0,3.0,3.0,3.0,2.0,3.0,3.0,3.0,3,3.0,3.0,2.0,3.0,2.0,3.0,3.0,3,3.0,1.0,3.0,3.0,3.0,3.0,3.0,3.0,2.0,1.0,3,3.0,3.0,1.0,2.0,3.0,3.0,3.0,3.0,3.0,3.0,3.0,3.0,3.0,2.0,3.0,3.0,3.0,3.0,3.0,3.0,2.0,3,3.0,3.0,3.0,3.0,3.0,3,1.0,3.0,3.0,3.0,3.0,3,3.0,3.0,3.0,,3.0,3.0,3.0,3,3.0,3.0,3.0,3.0,3.0,3.0,3.0,3.0,2.0,3.0,2,3.0,3.0,3.0,3.0,3.0,3.0,3.0,2,3.0,3.0,3.0,3.0,3.0,3.0,3.0,3.0,3.0,3.0,3.0,3.0,3.0,3.0,3.0,3.0,3.0,2.0,3.0,3.0,3.0,3.0,3.0,3.0,3.0,3.0,3.0,0.0,3.0,3.0,3.0,3.0,,3.0,3.0,3.0,2.0,3.0,3.0,3.0,2.0,2.0,3.0,2,3.0,3.0,3.0,3.0,3.0,3.0,3,3.0,3.0,2.0,2.0,3.0,3.0,3.0,3.0,3.0,3.0,3.0,3.0,3.0,3.0,3.0,3.0,3.0,3.0,3.0,3.0,3.0,3.0,3.0,3.0,2.0,3.0,3.0,3.0,3.0,3.0,3.0,3.0,3.0,3.0,2.0,3.0,3.0,3.0,3.0,3.0,3.0,3.0,3.0,3.0,3.0,3.0,2.0,3.0,3.0,3.0,3.0,3.0,3.0,3.0,3.0,2,3.0,3.0,3.0,2.0,2.0,3.0,3.0,3.0,3.0,3.0,3.0,3.0,3.0,2.0,3,3.0,3.0,3.0,3.0,3.0,,3.0,3.0,3.0,3.0,2.0,3.0,3.0,3.0,3.0,3.0,3.0,2.0,3.0,3.0,3.0,3.0,3.0,2.0,3.0,3.0,3.0,3.0,3.0,3.0,3.0,3.0,3.0,3.0,2.0,2.0,3.0,2.0,3.0,3.0,3,3.0,3.0,3.0,3.0,3.0,3.0,3.0,3.0,3.0,3.0,3.0,0.0,3.0,3.0,3.0,3.0,3.0,3.0,3.0,3.0,3.0,3.0,3.0,3.0,1.0,,2.0,3.0,3.0,3.0,3.0,3.0,,3.0,3.0,3.0,3.0,3.0,3.0,3.0,0.0,3.0,3.0,3.0,3.0,,3.0,3.0,3.0,3.0,3.0,3.0,3.0,1.0,3.0,3.0,2.0,3.0,3.0,3.0,3.0,1.0,3.0,2,3.0,2.0,3.0,3.0,3.0,,3.0,3.0,3.0,3.0,3.0,3.0,3.0,3.0,3.0,3.0,3.0,3.0,1.0,3.0,3.0,1.0,3.0,3.0,3.0,3.0,3.0,3.0,3.0,3.0,3.0,3.0,3.0,3.0,3.0,3.0,3.0,3.0,3,3.0,3.0,3.0,3.0,3.0,,3.0,3.0,3.0,3.0,3.0,3.0,3.0,3.0,1.0,3.0,2.0,3.0,3.0,3.0,3.0,3.0,3.0,2.0,3.0,3.0,3.0,3.0,3.0,3.0,3.0,3.0,3.0,3.0,3.0,1.0,3.0,3.0,3.0,3.0,3.0,3.0,2.0,2.0,1.0,1.0,3.0,3.0,3.0,3.0,3.0,,3.0,3.0,3.0,3.0,3.0,3.0,3.0,3.0,3.0,,3.0,3.0,3.0,3.0,3.0,3.0,3.0,3.0,3.0,2.0,3.0,3.0,3.0,3.0,,3.0,3.0,3.0,,,,3.0,3.0,3.0,3.0,3.0,3.0,3.0,,121,9,0.071563088512241,1.2801525363604116,-0.2518461461095679
3.0,3,2,3.0,3.0,3.0,2.0,3.0,3.0,3.0,3.0,3.0,1,2.0,3.0,3.0,2.0,,3.0,3.0,0.0,3.0,0.0,3.0,3.0,2.0,3.0,3.0,1.0,3.0,2.0,3.0,3.0,3.0,3.0,3.0,3.0,3.0,3.0,2.0,3.0,3.0,3.0,3.0,3.0,2.0,3.0,3.0,3.0,3.0,2.0,3.0,3.0,3.0,3.0,3.0,3.0,3.0,3.0,2.0,3.0,3.0,2.0,3.0,3.0,2.0,1,3.0,3.0,3.0,3.0,3.0,2.0,3.0,2.0,3.0,3.0,2.0,3.0,3.0,3.0,3.0,3.0,1,3.0,3.0,2.0,1.0,3.0,3.0,1.0,3.0,3.0,2.0,2.0,3.0,3.0,3.0,2,3.0,3.0,3.0,3.0,3.0,2.0,3.0,3.0,3.0,3,2,3.0,3.0,3.0,3.0,3.0,3.0,3.0,3,3.0,3.0,3.0,3.0,3.0,3.0,3,3.0,3.0,3.0,3.0,2.0,3.0,3.0,3.0,3.0,3.0,2.0,3.0,3.0,3.0,3.0,2,3.0,3.0,3.0,3.0,3.0,3.0,3.0,2.0,3.0,3.0,3.0,3.0,3,3.0,3.0,3.0,3.0,3.0,3.0,2.0,3,3.0,3.0,3.0,3.0,3.0,3.0,3.0,3.0,2.0,3.0,3,3.0,3.0,3.0,3.0,3.0,3.0,3.0,3.0,3.0,2.0,1.0,3.0,3.0,3.0,3.0,3.0,3.0,3.0,3.0,3.0,2.0,3,3.0,2.0,3.0,3.0,3.0,2,3.0,0.0,2.0,3.0,3.0,3,3.0,3.0,3.0,3.0,3.0,3.0,2.0,2,2.0,3.0,3.0,3.0,3.0,2.0,3.0,3.0,2.0,3.0,2,3.0,3.0,3.0,3.0,3.0,1.0,3.0,3,3.0,3.0,3.0,3.0,2.0,3.0,3.0,2.0,3.0,3.0,3.0,3.0,2.0,3.0,1.0,3.0,3.0,3.0,3.0,3.0,3.0,3.0,3.0,3.0,3.0,2.0,3.0,3.0,3.0,3.0,2.0,3.0,3.0,3.0,3.0,3.0,2.0,3.0,3.0,3.0,3.0,3.0,3.0,2,3.0,3.0,3.0,3.0,3.0,3.0,3,1.0,3.0,3.0,3.0,3.0,3.0,2.0,3.0,3.0,3.0,3.0,3.0,3.0,3.0,3.0,3.0,3.0,3.0,3.0,3.0,3.0,3.0,3.0,3.0,2.0,3.0,3.0,3.0,2.0,3.0,3.0,3.0,3.0,3.0,3.0,2.0,3.0,3.0,2.0,3.0,3.0,3.0,2.0,2.0,3.0,3.0,3.0,3.0,3.0,1.0,2.0,3.0,3.0,3.0,3.0,2,2.0,3.0,3.0,2.0,3.0,3.0,3.0,3.0,3.0,3.0,3.0,3.0,3.0,3.0,2,2.0,3.0,,3.0,3.0,,3.0,3.0,3.0,2.0,2.0,3.0,2.0,3.0,3.0,3.0,3.0,3.0,3.0,3.0,3.0,3.0,3.0,3.0,3.0,3.0,3.0,3.0,3.0,3.0,3.0,3.0,3.0,3.0,3.0,3.0,3.0,3.0,2.0,3.0,2,3.0,3.0,2.0,3.0,3.0,3.0,1.0,3.0,3.0,3.0,3.0,3.0,2.0,3.0,3.0,3.0,2.0,3.0,3.0,3.0,3.0,3.0,3.0,2.0,3.0,3.0,3.0,3.0,3.0,2.0,3.0,2.0,3.0,3.0,3.0,1.0,3.0,3.0,3.0,3.0,3.0,3.0,3.0,3.0,2.0,,3.0,3.0,3.0,3.0,3.0,2.0,3.0,3.0,3.0,3.0,3.0,2.0,1.0,3.0,3.0,3.0,3.0,2,2.0,3.0,3.0,3.0,3.0,,3.0,3.0,3.0,3.0,3.0,3.0,3.0,3.0,3.0,3.0,1.0,3.0,3.0,2.0,3.0,3.0,3.0,3.0,3.0,1.0,3.0,3.0,0.0,3.0,3.0,3.0,3.0,3.0,2.0,3.0,3.0,3.0,3,3.0,3.0,3.0,2.0,3.0,3.0,3.0,3.0,3.0,2.0,2.0,3.0,3.0,3.0,3.0,3.0,3.0,3.0,3.0,0.0,3.0,3.0,2.0,3.0,3.0,2.0,3.0,3.0,3.0,3.0,3.0,3.0,3.0,3.0,3.0,3.0,3.0,3.0,3.0,0.0,3.0,3.0,3.0,3.0,3.0,3.0,3.0,3.0,3.0,3.0,3.0,,3.0,3.0,3.0,1.0,3.0,2.0,3.0,2.0,3.0,3.0,3.0,3.0,2.0,,2.0,3.0,3.0,,3.0,3.0,3.0,3.0,3.0,3.0,,2.0,3.0,3.0,,,3.0,3.0,3.0,3.0,3.0,3.0,3.0,3.0,,122,9,0.0611111111111111,1.2249310027598896,-0.2824443305577105
3.0,3,3,3.0,3.0,3.0,2.0,3.0,3.0,3.0,3.0,2.0,3,3.0,3.0,3.0,3.0,,2.0,1.0,3.0,2.0,3.0,3.0,3.0,3.0,3.0,2.0,3.0,3.0,1.0,2.0,2.0,3.0,3.0,2.0,3.0,3.0,3.0,3.0,2.0,2.0,3.0,3.0,2.0,3.0,2.0,3.0,3.0,3.0,2.0,3.0,3.0,3.0,0.0,3.0,3.0,3.0,3.0,3.0,2.0,3.0,3.0,3.0,3.0,2.0,2,3.0,3.0,2.0,3.0,3.0,2.0,3.0,3.0,3.0,2.0,3.0,2.0,3.0,3.0,3.0,3.0,3,3.0,3.0,3.0,3.0,1.0,3.0,3.0,3.0,1.0,3.0,3.0,3.0,3.0,3.0,3,3.0,3.0,3.0,3.0,3.0,2.0,2.0,3.0,3.0,2,3,3.0,3.0,2.0,3.0,3.0,3.0,2.0,1,3.0,2.0,3.0,2.0,2.0,3.0,2,2.0,3.0,3.0,2.0,3.0,3.0,3.0,3.0,3.0,1.0,3.0,2.0,3.0,1.0,3.0,2,3.0,3.0,3.0,3.0,2.0,2.0,2.0,2.0,3.0,3.0,3.0,3.0,3,3.0,3.0,3.0,3.0,3.0,2.0,3.0,3,3.0,3.0,3.0,3.0,3.0,3.0,2.0,3.0,3.0,3.0,3,3.0,3.0,2.0,3.0,3.0,3.0,3.0,3.0,3.0,3.0,3.0,3.0,3.0,1.0,3.0,3.0,2.0,3.0,3.0,0.0,3.0,3,3.0,3.0,3.0,3.0,3.0,3,3.0,3.0,3.0,3.0,2.0,3,3.0,3.0,2.0,3.0,3.0,1.0,2.0,2,3.0,3.0,3.0,3.0,3.0,3.0,3.0,2.0,3.0,3.0,2,3.0,3.0,3.0,3.0,3.0,3.0,3.0,2,3.0,3.0,3.0,3.0,3.0,3.0,3.0,3.0,3.0,3.0,3.0,3.0,2.0,3.0,3.0,3.0,3.0,3.0,3.0,3.0,2.0,3.0,3.0,3.0,3.0,3.0,2.0,3.0,3.0,3.0,2.0,2.0,3.0,2.0,3.0,3.0,3.0,3.0,3.0,3.0,3.0,3.0,3.0,2,3.0,3.0,3.0,3.0,3.0,3.0,3,3.0,3.0,2.0,3.0,3.0,3.0,3.0,3.0,3.0,3.0,3.0,3.0,3.0,2.0,3.0,3.0,3.0,3.0,3.0,3.0,3.0,2.0,3.0,3.0,2.0,3.0,3.0,3.0,3.0,3.0,3.0,3.0,3.0,3.0,3.0,2.0,3.0,3.0,3.0,3.0,3.0,3.0,3.0,2.0,3.0,3.0,3.0,3.0,3.0,3.0,3.0,2.0,3.0,3.0,3.0,3,3.0,2.0,3.0,3.0,3.0,3.0,3.0,2.0,3.0,3.0,2.0,3.0,3.0,2.0,3,3.0,3.0,3.0,2.0,3.0,3.0,3.0,3.0,3.0,3.0,3.0,3.0,3.0,3.0,3.0,2.0,3.0,3.0,3.0,2.0,3.0,3.0,2.0,3.0,3.0,3.0,1.0,3.0,3.0,3.0,3.0,3.0,3.0,3.0,3.0,3.0,2.0,3.0,3.0,3.0,1,3.0,2.0,3.0,2.0,3.0,3.0,3.0,3.0,3.0,2.0,3.0,3.0,3.0,3.0,3.0,3.0,3.0,3.0,0.0,3.0,3.0,1.0,3.0,3.0,3.0,3.0,3.0,3.0,3.0,2.0,3.0,3.0,,3.0,3.0,3.0,3.0,3.0,2.0,2.0,3.0,3.0,3.0,3.0,2.0,3.0,3.0,3.0,3.0,3.0,3.0,3.0,3.0,3.0,3.0,3.0,3.0,3.0,3.0,2.0,3.0,2.0,3.0,2,3.0,3.0,3.0,3.0,1.0,,3.0,3.0,3.0,3.0,3.0,2.0,3.0,3.0,3.0,3.0,3.0,3.0,3.0,3.0,3.0,3.0,3.0,3.0,3.0,1.0,2.0,2.0,3.0,0.0,3.0,3.0,3.0,3.0,3.0,3.0,3.0,3.0,3,3.0,3.0,3.0,3.0,3.0,,3.0,2.0,3.0,3.0,3.0,2.0,0.0,3.0,3.0,3.0,2.0,2.0,1.0,3.0,3.0,3.0,3.0,3.0,3.0,2.0,3.0,3.0,0.0,3.0,3.0,3.0,3.0,2.0,3.0,3.0,3.0,3.0,3.0,3.0,3.0,3.0,3.0,3.0,3.0,3.0,3.0,3.0,3.0,3.0,3.0,3.0,3.0,3.0,,3.0,3.0,3.0,2.0,3.0,3.0,3.0,3.0,3.0,3.0,3.0,2.0,1.0,3.0,2.0,3.0,3.0,3.0,3.0,2.0,3.0,3.0,3.0,3.0,3.0,1.0,,3.0,,3.0,3.0,1.0,3.0,1.0,3.0,,123,9,0.0845864661654135,1.209665371974903,-0.21028606643689635
3.0,3,1,3.0,3.0,3.0,,,2.0,,,,3,,,,,,2.0,,3.0,,,3.0,,,3.0,,,3.0,1.0,3.0,,,,3.0,,3.0,3.0,3.0,,2.0,3.0,,3.0,3.0,,3.0,3.0,,3.0,,3.0,,3.0,,,,3.0,,3.0,,3.0,,3.0,2.0,3,,,,,,,3.0,3.0,3.0,,3.0,2.0,3.0,3.0,3.0,3.0,3,,3.0,3.0,3.0,,,,,3.0,3.0,,3.0,,,3,3.0,3.0,,3.0,3.0,,,,,3,3,3.0,3.0,3.0,0.0,3.0,,,3,,3.0,,3.0,,,3,3.0,,,3.0,2.0,3.0,3.0,,,3.0,3.0,3.0,,0.0,,3,,,2.0,,,3.0,3.0,3.0,,3.0,3.0,1.0,3,3.0,,3.0,,,,,3,3.0,3.0,3.0,3.0,,,3.0,3.0,,3.0,3,,3.0,,3.0,3.0,3.0,,,3.0,,1.0,3.0,,,3.0,,3.0,,3.0,,3.0,3,3.0,3.0,3.0,,3.0,3,,3.0,,3.0,,3,,3.0,2.0,,,,3.0,3,3.0,,,3.0,3.0,3.0,3.0,3.0,3.0,3.0,3,3.0,3.0,3.0,3.0,,3.0,,3,,3.0,3.0,,3.0,3.0,,,2.0,,,3.0,3.0,3.0,,,1.0,3.0,,,,,,,,,3.0,,3.0,1.0,3.0,3.0,,,,3.0,3.0,,,3.0,2.0,3.0,3.0,3,,,,,3.0,,3,,,3.0,,3.0,,,,,,,,,,,3.0,,,0.0,3.0,3.0,3.0,,3.0,3.0,3.0,,,,3.0,,3.0,2.0,,3.0,3.0,3.0,3.0,,,3.0,,3.0,3.0,1.0,,3.0,,3.0,3.0,,,3.0,,3.0,3,3.0,,,2.0,3.0,,3.0,3.0,,,,3.0,,3.0,3,3.0,,,,3.0,,3.0,3.0,0.0,,3.0,,3.0,,,,3.0,3.0,1.0,3.0,,,3.0,3.0,,,,,,,3.0,3.0,,,3.0,3.0,3.0,,3.0,,3,,,3.0,,,,3.0,1.0,,,,,3.0,,,,0.0,,3.0,3.0,,3.0,,,,,,,0.0,3.0,3.0,,,3.0,,,,,3.0,3.0,3.0,1.0,,3.0,,,,3.0,2.0,,3.0,2.0,,3.0,,3.0,2.0,3.0,,3.0,2.0,,,3,,3.0,3.0,3.0,,,3.0,,3.0,3.0,3.0,3.0,3.0,3.0,3.0,3.0,3.0,,3.0,3.0,,3.0,3.0,3.0,,,,3.0,3.0,3.0,3.0,3.0,3.0,,3.0,,3.0,3.0,3,,,,2.0,,,,,,3.0,3.0,3.0,3.0,,,,3.0,,,,1.0,,,,3.0,3.0,,,,3.0,,,3.0,,,3.0,,,,,,,,,3.0,3.0,,,,,,,,3.0,,3.0,,,,,3.0,,,3.0,,,2.0,,,,,,,,,,,,1.0,,,,,,,,,,3.0,,,124,9,0.1544715447154471,1.6162009197028653,0.17738885372964044
3.0,3,2,3.0,3.0,3.0,1.0,3.0,2.0,3.0,3.0,3.0,2,3.0,3.0,3.0,3.0,,3.0,3.0,3.0,3.0,3.0,3.0,3.0,3.0,2.0,3.0,3.0,3.0,2.0,1.0,3.0,3.0,2.0,2.0,3.0,3.0,3.0,3.0,2.0,3.0,3.0,3.0,3.0,3.0,3.0,3.0,3.0,3.0,3.0,3.0,3.0,3.0,3.0,3.0,3.0,3.0,2.0,3.0,3.0,3.0,3.0,3.0,3.0,2.0,3,3.0,,3.0,3.0,3.0,2.0,3.0,2.0,3.0,3.0,3.0,3.0,3.0,3.0,2.0,2.0,2,3.0,3.0,3.0,2.0,3.0,,3.0,3.0,2.0,3.0,3.0,3.0,3.0,3.0,3,3.0,3.0,3.0,3.0,0.0,3.0,3.0,2.0,3.0,2,2,3.0,3.0,3.0,3.0,3.0,3.0,3.0,2,3.0,3.0,3.0,3.0,3.0,3.0,3,3.0,3.0,2.0,2.0,3.0,3.0,2.0,3.0,3.0,3.0,3.0,3.0,3.0,3.0,3.0,1,2.0,3.0,3.0,3.0,3.0,3.0,2.0,2.0,3.0,3.0,2.0,3.0,2,3.0,3.0,3.0,3.0,3.0,3.0,3.0,2,3.0,3.0,0.0,2.0,3.0,3.0,2.0,2.0,2.0,3.0,3,3.0,3.0,2.0,0.0,3.0,1.0,3.0,3.0,3.0,2.0,3.0,3.0,3.0,3.0,3.0,2.0,3.0,3.0,3.0,3.0,3.0,2,3.0,3.0,3.0,3.0,3.0,2,,3.0,3.0,3.0,3.0,3,3.0,3.0,3.0,3.0,,3.0,3.0,2,3.0,3.0,3.0,3.0,2.0,3.0,3.0,3.0,3.0,3.0,3,3.0,2.0,3.0,3.0,3.0,3.0,3.0,2,3.0,3.0,3.0,3.0,3.0,3.0,3.0,3.0,3.0,3.0,3.0,3.0,3.0,3.0,3.0,3.0,3.0,2.0,3.0,3.0,3.0,3.0,3.0,3.0,3.0,3.0,3.0,2.0,3.0,3.0,2.0,3.0,3.0,3.0,3.0,3.0,3.0,3.0,3.0,3.0,3.0,3.0,3.0,2,3.0,2.0,2.0,3.0,3.0,3.0,2,3.0,2.0,2.0,3.0,1.0,2.0,3.0,3.0,3.0,3.0,3.0,0.0,3.0,3.0,3.0,3.0,3.0,3.0,3.0,3.0,3.0,3.0,3.0,1.0,3.0,3.0,2.0,3.0,3.0,3.0,3.0,2.0,3.0,3.0,3.0,3.0,3.0,3.0,3.0,3.0,2.0,3.0,3.0,2.0,3.0,3.0,3.0,3.0,2.0,3.0,3.0,3.0,3.0,3.0,3.0,3,3.0,3.0,3.0,3.0,3.0,3.0,3.0,3.0,3.0,,3.0,3.0,0.0,3.0,3,3.0,3.0,3.0,3.0,3.0,,3.0,2.0,3.0,3.0,3.0,3.0,3.0,3.0,2.0,1.0,3.0,3.0,3.0,3.0,3.0,3.0,1.0,3.0,3.0,3.0,3.0,3.0,3.0,3.0,3.0,3.0,3.0,3.0,3.0,3.0,3.0,3.0,3.0,3.0,2,3.0,3.0,3.0,2.0,1.0,3.0,3.0,3.0,3.0,3.0,3.0,2.0,3.0,3.0,3.0,3.0,3.0,3.0,3.0,3.0,3.0,3.0,3.0,3.0,3.0,3.0,2.0,3.0,3.0,3.0,3.0,3.0,3.0,3.0,3.0,3.0,3.0,3.0,3.0,3.0,3.0,1.0,3.0,3.0,3.0,,3.0,3.0,3.0,3.0,3.0,3.0,3.0,2.0,3.0,3.0,3.0,3.0,3.0,2.0,3.0,3.0,3.0,3,3.0,2.0,3.0,3.0,3.0,,3.0,3.0,3.0,3.0,3.0,3.0,3.0,3.0,3.0,3.0,3.0,2.0,3.0,1.0,3.0,2.0,3.0,3.0,3.0,3.0,3.0,3.0,3.0,3.0,3.0,3.0,1.0,3.0,3.0,3.0,3.0,3.0,2,2.0,3.0,3.0,1.0,0.0,,3.0,3.0,3.0,1.0,3.0,3.0,3.0,3.0,3.0,,2.0,2.0,3.0,1.0,3.0,3.0,3.0,3.0,3.0,3.0,3.0,3.0,,3.0,3.0,3.0,3.0,3.0,3.0,3.0,3.0,3.0,2.0,3.0,3.0,3.0,3.0,3.0,2.0,3.0,3.0,3.0,3.0,2.0,3.0,,3.0,3.0,,3.0,,3.0,3.0,3.0,3.0,3.0,3.0,2.0,3.0,3.0,3.0,3.0,3.0,,3.0,3.0,3.0,3.0,3.0,3.0,3.0,2.0,3.0,3.0,,,,,2.0,3.0,3.0,,3.0,3.0,3.0,125,9,0.0783938814531548,1.2500000000000002,-0.27660833576286825
3.0,3,3,3.0,3.0,2.0,3.0,3.0,3.0,,3.0,3.0,2,3.0,3.0,3.0,3.0,,3.0,3.0,,3.0,3.0,3.0,2.0,3.0,3.0,3.0,,,3.0,2.0,3.0,3.0,3.0,3.0,3.0,3.0,3.0,3.0,3.0,3.0,3.0,3.0,3.0,3.0,2.0,3.0,3.0,3.0,3.0,3.0,3.0,3.0,3.0,3.0,3.0,3.0,3.0,3.0,3.0,3.0,2.0,3.0,3.0,3.0,3,3.0,,3.0,2.0,3.0,2.0,3.0,3.0,3.0,3.0,3.0,3.0,3.0,3.0,3.0,3.0,3,3.0,3.0,2.0,3.0,2.0,,3.0,3.0,2.0,3.0,,3.0,3.0,3.0,3,3.0,3.0,3.0,3.0,3.0,3.0,3.0,3.0,3.0,2,3,3.0,1.0,3.0,3.0,3.0,3.0,1.0,2,3.0,3.0,3.0,3.0,3.0,3.0,2,3.0,3.0,3.0,2.0,3.0,2.0,1.0,3.0,3.0,3.0,3.0,2.0,3.0,3.0,3.0,3,2.0,3.0,3.0,3.0,3.0,3.0,3.0,3.0,3.0,3.0,3.0,2.0,3,3.0,3.0,3.0,3.0,3.0,3.0,3.0,3,2.0,3.0,3.0,3.0,3.0,3.0,3.0,3.0,3.0,3.0,3,3.0,3.0,3.0,3.0,3.0,3.0,3.0,,3.0,1.0,3.0,3.0,2.0,2.0,3.0,1.0,3.0,3.0,1.0,,3.0,3,3.0,3.0,3.0,3.0,3.0,3,3.0,2.0,3.0,3.0,3.0,3,3.0,3.0,3.0,3.0,,3.0,3.0,2,2.0,3.0,3.0,3.0,3.0,3.0,3.0,3.0,3.0,3.0,3,2.0,2.0,3.0,3.0,3.0,3.0,3.0,3,3.0,3.0,3.0,3.0,3.0,3.0,3.0,3.0,3.0,3.0,3.0,3.0,3.0,3.0,3.0,3.0,3.0,3.0,3.0,3.0,3.0,3.0,3.0,3.0,3.0,3.0,2.0,3.0,3.0,3.0,3.0,3.0,,3.0,2.0,3.0,3.0,3.0,3.0,3.0,3.0,3.0,3.0,3,3.0,3.0,3.0,3.0,3.0,3.0,2,3.0,,3.0,3.0,3.0,3.0,3.0,0.0,3.0,3.0,3.0,3.0,3.0,3.0,3.0,3.0,1.0,3.0,3.0,3.0,3.0,3.0,3.0,2.0,2.0,0.0,3.0,3.0,3.0,3.0,3.0,2.0,3.0,3.0,2.0,3.0,3.0,1.0,3.0,3.0,3.0,3.0,3.0,3.0,3.0,3.0,3.0,3.0,0.0,3.0,3.0,1.0,3.0,,3.0,3,3.0,3.0,3.0,3.0,3.0,3.0,,3.0,3.0,1.0,,3.0,3.0,3.0,3,3.0,3.0,3.0,2.0,,,3.0,3.0,3.0,2.0,2.0,1.0,3.0,3.0,3.0,3.0,3.0,3.0,3.0,3.0,3.0,3.0,3.0,3.0,3.0,3.0,2.0,3.0,3.0,3.0,3.0,3.0,3.0,0.0,3.0,3.0,3.0,2.0,3.0,3.0,3,3.0,3.0,3.0,2.0,3.0,3.0,3.0,2.0,3.0,0.0,3.0,3.0,1.0,3.0,3.0,3.0,3.0,3.0,3.0,3.0,3.0,3.0,,1.0,3.0,3.0,3.0,3.0,,3.0,3.0,,,3.0,3.0,3.0,,3.0,3.0,3.0,3.0,3.0,3.0,3.0,1.0,,3.0,3.0,3.0,3.0,3.0,3.0,3.0,3.0,3.0,3.0,,3.0,3.0,2.0,3.0,3.0,3.0,3,3.0,3.0,3.0,3.0,1.0,,3.0,3.0,,3.0,3.0,3.0,3.0,3.0,3.0,3.0,3.0,3.0,3.0,3.0,3.0,,3.0,,3.0,3.0,3.0,2.0,3.0,3.0,3.0,3.0,3.0,3.0,3.0,3.0,3.0,3.0,3,3.0,,3.0,3.0,3.0,,3.0,3.0,3.0,3.0,3.0,3.0,3.0,3.0,3.0,3.0,3.0,3.0,3.0,3.0,3.0,3.0,3.0,3.0,3.0,3.0,3.0,3.0,,3.0,3.0,3.0,3.0,3.0,3.0,3.0,2.0,3.0,3.0,3.0,0.0,3.0,3.0,3.0,3.0,3.0,3.0,1.0,3.0,3.0,3.0,,3.0,2.0,,3.0,,3.0,3.0,3.0,3.0,3.0,3.0,3.0,3.0,3.0,3.0,3.0,1.0,,3.0,3.0,3.0,3.0,3.0,3.0,,3.0,3.0,3.0,,,,,,3.0,,,3.0,3.0,,126,9,0.067193675889328,1.3529682466635986,-0.14656480589112378
3.0,2,2,3.0,1.0,3.0,3.0,3.0,3.0,,3.0,3.0,2,3.0,3.0,3.0,2.0,,3.0,3.0,3.0,3.0,3.0,3.0,3.0,3.0,3.0,2.0,3.0,3.0,0.0,2.0,3.0,3.0,2.0,3.0,3.0,3.0,3.0,2.0,3.0,3.0,2.0,3.0,2.0,1.0,2.0,3.0,3.0,3.0,3.0,3.0,3.0,3.0,3.0,2.0,3.0,3.0,3.0,2.0,3.0,3.0,3.0,3.0,3.0,3.0,3,3.0,3.0,1.0,3.0,3.0,2.0,3.0,3.0,3.0,3.0,3.0,3.0,3.0,3.0,3.0,3.0,3,3.0,3.0,3.0,2.0,3.0,,2.0,3.0,3.0,3.0,3.0,3.0,2.0,3.0,2,2.0,3.0,3.0,3.0,3.0,3.0,3.0,3.0,3.0,2,3,3.0,3.0,3.0,0.0,3.0,3.0,3.0,3,3.0,2.0,3.0,3.0,3.0,3.0,3,3.0,3.0,3.0,3.0,3.0,3.0,3.0,3.0,3.0,3.0,3.0,2.0,3.0,3.0,3.0,2,3.0,3.0,3.0,,0.0,3.0,3.0,3.0,3.0,2.0,2.0,3.0,2,3.0,2.0,3.0,3.0,3.0,3.0,2.0,3,3.0,3.0,3.0,1.0,3.0,3.0,3.0,2.0,3.0,3.0,3,3.0,3.0,2.0,3.0,3.0,3.0,3.0,,3.0,2.0,,3.0,3.0,3.0,,3.0,3.0,3.0,3.0,,2.0,3,3.0,3.0,3.0,3.0,3.0,3,3.0,3.0,3.0,3.0,3.0,1,3.0,3.0,3.0,,3.0,3.0,3.0,2,2.0,3.0,3.0,3.0,1.0,3.0,3.0,3.0,3.0,3.0,2,2.0,3.0,1.0,3.0,3.0,3.0,3.0,2,3.0,1.0,3.0,3.0,3.0,3.0,3.0,3.0,3.0,3.0,3.0,3.0,3.0,3.0,3.0,,3.0,3.0,3.0,,3.0,,3.0,3.0,3.0,2.0,3.0,3.0,3.0,3.0,3.0,3.0,,3.0,3.0,3.0,3.0,3.0,3.0,3.0,3.0,3.0,2.0,2,3.0,3.0,3.0,3.0,3.0,3.0,3,3.0,,3.0,1.0,3.0,3.0,3.0,3.0,3.0,3.0,3.0,3.0,3.0,3.0,,3.0,,3.0,3.0,3.0,3.0,3.0,2.0,3.0,3.0,3.0,3.0,3.0,2.0,0.0,3.0,3.0,3.0,3.0,3.0,3.0,3.0,3.0,3.0,3.0,3.0,,3.0,3.0,3.0,3.0,3.0,3.0,3.0,2.0,3.0,3.0,3.0,3.0,3.0,2,3.0,3.0,2.0,3.0,3.0,,,3.0,3.0,3.0,,3.0,3.0,0.0,3,3.0,3.0,3.0,2.0,3.0,,1.0,3.0,2.0,3.0,3.0,3.0,3.0,3.0,3.0,3.0,2.0,3.0,3.0,3.0,3.0,3.0,3.0,3.0,3.0,3.0,3.0,3.0,3.0,3.0,3.0,3.0,3.0,3.0,3.0,3.0,3.0,3.0,3.0,3.0,3,3.0,3.0,3.0,3.0,3.0,3.0,3.0,3.0,3.0,3.0,3.0,3.0,3.0,3.0,3.0,3.0,3.0,3.0,3.0,3.0,3.0,3.0,3.0,3.0,3.0,3.0,3.0,3.0,3.0,3.0,3.0,,,3.0,3.0,3.0,,3.0,3.0,3.0,3.0,3.0,1.0,2.0,3.0,,3.0,3.0,3.0,3.0,3.0,3.0,3.0,2.0,3.0,2.0,3.0,3.0,3.0,3.0,3.0,3.0,3.0,3,3.0,1.0,3.0,3.0,3.0,,3.0,3.0,3.0,3.0,3.0,3.0,,3.0,3.0,3.0,3.0,3.0,3.0,3.0,3.0,3.0,3.0,3.0,3.0,3.0,3.0,3.0,3.0,3.0,3.0,3.0,3.0,3.0,3.0,3.0,3.0,3.0,3,3.0,,3.0,3.0,,3.0,3.0,3.0,3.0,3.0,,0.0,3.0,3.0,3.0,3.0,3.0,3.0,3.0,3.0,3.0,3.0,3.0,3.0,3.0,3.0,3.0,3.0,,3.0,3.0,3.0,2.0,1.0,3.0,3.0,3.0,3.0,3.0,3.0,3.0,3.0,3.0,2.0,3.0,3.0,3.0,2.0,3.0,3.0,3.0,,,3.0,,3.0,,2.0,3.0,3.0,3.0,3.0,3.0,3.0,3.0,3.0,3.0,3.0,3.0,2.0,3.0,3.0,,3.0,3.0,3.0,,3.0,3.0,3.0,,,,,,3.0,3.0,,3.0,3.0,,127,9,0.0776892430278884,1.309998932878028,-0.17189260378793295
3.0,3,2,3.0,2.0,3.0,1.0,3.0,3.0,3.0,3.0,3.0,3,2.0,3.0,3.0,3.0,,3.0,2.0,3.0,2.0,3.0,3.0,3.0,3.0,3.0,3.0,3.0,3.0,3.0,3.0,3.0,3.0,2.0,3.0,3.0,3.0,3.0,2.0,3.0,3.0,3.0,3.0,3.0,3.0,2.0,3.0,3.0,3.0,3.0,3.0,3.0,3.0,3.0,3.0,3.0,3.0,0.0,3.0,3.0,3.0,3.0,3.0,3.0,2.0,3,3.0,3.0,3.0,3.0,3.0,3.0,3.0,3.0,3.0,3.0,3.0,3.0,3.0,3.0,3.0,2.0,3,2.0,2.0,3.0,3.0,3.0,,3.0,3.0,2.0,3.0,3.0,2.0,3.0,3.0,1,3.0,3.0,3.0,3.0,3.0,2.0,3.0,3.0,3.0,3,3,3.0,3.0,1.0,3.0,3.0,3.0,2.0,3,3.0,3.0,2.0,3.0,3.0,3.0,3,3.0,3.0,3.0,3.0,3.0,2.0,3.0,3.0,3.0,3.0,3.0,3.0,3.0,3.0,3.0,2,1.0,3.0,3.0,0.0,3.0,3.0,2.0,2.0,2.0,3.0,3.0,3.0,2,3.0,3.0,3.0,3.0,3.0,3.0,3.0,3,3.0,3.0,3.0,3.0,3.0,3.0,3.0,3.0,3.0,3.0,2,3.0,3.0,3.0,2.0,3.0,2.0,2.0,3.0,2.0,3.0,3.0,3.0,3.0,3.0,3.0,3.0,3.0,3.0,3.0,,3.0,2,3.0,2.0,3.0,3.0,3.0,3,3.0,1.0,3.0,3.0,3.0,2,3.0,3.0,3.0,3.0,3.0,3.0,3.0,2,2.0,3.0,3.0,1.0,0.0,3.0,2.0,3.0,3.0,3.0,2,3.0,2.0,3.0,3.0,3.0,2.0,3.0,3,3.0,3.0,2.0,3.0,3.0,3.0,2.0,2.0,3.0,1.0,1.0,3.0,3.0,3.0,3.0,3.0,3.0,3.0,3.0,3.0,3.0,3.0,3.0,2.0,3.0,3.0,3.0,3.0,3.0,3.0,3.0,2.0,3.0,2.0,3.0,3.0,3.0,3.0,1.0,3.0,3.0,3.0,3.0,3,3.0,3.0,2.0,3.0,3.0,3.0,2,3.0,3.0,3.0,3.0,2.0,3.0,3.0,3.0,,1.0,3.0,3.0,3.0,3.0,,3.0,3.0,3.0,3.0,3.0,3.0,3.0,3.0,3.0,3.0,3.0,3.0,3.0,3.0,3.0,3.0,3.0,3.0,3.0,3.0,3.0,3.0,3.0,3.0,3.0,3.0,3.0,3.0,3.0,3.0,3.0,3.0,3.0,2.0,3.0,3.0,3.0,2.0,3.0,3.0,3,2.0,3.0,3.0,2.0,3.0,2.0,3.0,3.0,3.0,3.0,3.0,3.0,3.0,3.0,3,3.0,2.0,3.0,3.0,3.0,,3.0,3.0,3.0,3.0,3.0,2.0,3.0,3.0,3.0,3.0,3.0,3.0,3.0,3.0,3.0,3.0,3.0,3.0,,3.0,3.0,3.0,3.0,3.0,3.0,3.0,3.0,3.0,3.0,2.0,3.0,3.0,2.0,3.0,3,2.0,1.0,3.0,3.0,3.0,3.0,3.0,3.0,3.0,3.0,3.0,3.0,3.0,3.0,3.0,3.0,3.0,3.0,3.0,3.0,3.0,3.0,3.0,3.0,3.0,3.0,3.0,3.0,2.0,3.0,3.0,3.0,,3.0,3.0,2.0,3.0,3.0,3.0,3.0,3.0,3.0,3.0,3.0,3.0,,3.0,3.0,3.0,3.0,2.0,3.0,3.0,3.0,3.0,2.0,3.0,3.0,2.0,3.0,3.0,3.0,2.0,2,3.0,3.0,3.0,3.0,3.0,,0.0,1.0,1.0,3.0,3.0,3.0,3.0,3.0,3.0,3.0,2.0,3.0,3.0,3.0,3.0,3.0,3.0,3.0,3.0,2.0,3.0,3.0,3.0,3.0,3.0,1.0,2.0,2.0,2.0,3.0,3.0,3.0,3,3.0,3.0,3.0,3.0,3.0,,3.0,3.0,3.0,0.0,3.0,3.0,3.0,3.0,3.0,3.0,3.0,3.0,3.0,3.0,3.0,3.0,1.0,3.0,3.0,2.0,,3.0,,3.0,3.0,3.0,3.0,3.0,3.0,3.0,3.0,3.0,3.0,2.0,3.0,3.0,3.0,3.0,3.0,3.0,3.0,3.0,3.0,3.0,3.0,3.0,3.0,0.0,3.0,3.0,3.0,3.0,3.0,3.0,3.0,3.0,3.0,3.0,3.0,,3.0,2.0,3.0,2.0,3.0,3.0,3.0,3.0,3.0,3.0,3.0,3.0,3.0,3.0,,,3.0,3.0,3.0,3.0,3.0,3.0,3.0,3.0,,128,9,0.0676691729323308,1.2748393910058964,-0.2141787442135022
3.0,3,2,2.0,3.0,3.0,2.0,3.0,3.0,3.0,1.0,3.0,3,3.0,3.0,3.0,3.0,,3.0,3.0,3.0,3.0,2.0,2.0,3.0,3.0,3.0,3.0,3.0,3.0,3.0,1.0,3.0,3.0,3.0,3.0,3.0,3.0,3.0,3.0,3.0,3.0,2.0,3.0,3.0,3.0,3.0,3.0,3.0,3.0,3.0,3.0,2.0,3.0,2.0,3.0,3.0,2.0,3.0,0.0,1.0,3.0,3.0,3.0,3.0,3.0,3,3.0,3.0,3.0,3.0,3.0,3.0,3.0,3.0,3.0,3.0,3.0,3.0,3.0,3.0,3.0,3.0,3,3.0,3.0,3.0,3.0,3.0,3.0,3.0,3.0,3.0,3.0,3.0,3.0,3.0,3.0,2,3.0,3.0,3.0,2.0,2.0,3.0,2.0,3.0,0.0,3,3,3.0,3.0,3.0,3.0,3.0,3.0,2.0,3,3.0,3.0,3.0,3.0,3.0,3.0,2,3.0,3.0,3.0,3.0,1.0,2.0,3.0,3.0,3.0,3.0,1.0,3.0,3.0,3.0,3.0,2,3.0,3.0,3.0,3.0,3.0,2.0,2.0,3.0,3.0,3.0,3.0,3.0,2,3.0,3.0,3.0,3.0,3.0,3.0,3.0,3,3.0,3.0,3.0,3.0,3.0,3.0,1.0,3.0,3.0,3.0,2,3.0,3.0,3.0,3.0,3.0,3.0,3.0,3.0,3.0,3.0,3.0,3.0,3.0,3.0,3.0,3.0,3.0,3.0,3.0,3.0,3.0,3,3.0,2.0,3.0,3.0,3.0,3,3.0,2.0,3.0,3.0,3.0,3,2.0,3.0,3.0,3.0,1.0,2.0,3.0,3,2.0,3.0,2.0,3.0,3.0,3.0,3.0,3.0,3.0,3.0,2,2.0,3.0,3.0,3.0,3.0,3.0,3.0,3,2.0,3.0,3.0,1.0,2.0,2.0,1.0,3.0,3.0,3.0,2.0,3.0,3.0,3.0,3.0,3.0,3.0,3.0,3.0,3.0,3.0,2.0,3.0,3.0,3.0,1.0,2.0,3.0,3.0,3.0,3.0,2.0,2.0,3.0,3.0,3.0,3.0,3.0,3.0,3.0,2.0,2.0,3.0,3,3.0,3.0,3.0,3.0,1.0,3.0,3,3.0,2.0,3.0,3.0,3.0,3.0,3.0,2.0,3.0,2.0,3.0,3.0,3.0,3.0,3.0,3.0,3.0,1.0,3.0,3.0,3.0,3.0,3.0,3.0,3.0,3.0,1.0,3.0,3.0,3.0,3.0,3.0,3.0,3.0,3.0,3.0,3.0,2.0,3.0,3.0,2.0,3.0,0.0,2.0,3.0,3.0,2.0,3.0,3.0,2.0,3.0,3.0,3.0,3.0,3.0,2,3.0,3.0,3.0,3.0,2.0,3.0,3.0,3.0,3.0,3.0,3.0,3.0,3.0,3.0,3,3.0,3.0,3.0,3.0,3.0,3.0,3.0,3.0,3.0,3.0,2.0,3.0,3.0,2.0,3.0,3.0,3.0,3.0,3.0,3.0,3.0,3.0,3.0,2.0,3.0,3.0,3.0,3.0,3.0,3.0,3.0,3.0,3.0,3.0,3.0,3.0,3.0,3.0,2.0,3.0,2,3.0,2.0,3.0,3.0,3.0,3.0,3.0,3.0,3.0,0.0,3.0,3.0,3.0,3.0,3.0,0.0,3.0,3.0,2.0,3.0,1.0,0.0,3.0,3.0,2.0,,3.0,3.0,2.0,3.0,3.0,3.0,3.0,3.0,3.0,1.0,3.0,3.0,3.0,1.0,3.0,2.0,3.0,3.0,3.0,,3.0,3.0,3.0,2.0,3.0,3.0,3.0,3.0,3.0,3.0,3.0,2.0,3.0,3.0,3.0,3.0,1.0,2,3.0,3.0,3.0,3.0,3.0,,3.0,3.0,2.0,3.0,3.0,3.0,3.0,3.0,3.0,3.0,3.0,3.0,3.0,3.0,3.0,3.0,3.0,3.0,3.0,3.0,3.0,3.0,3.0,3.0,3.0,3.0,3.0,3.0,3.0,3.0,2.0,3.0,3,3.0,3.0,3.0,3.0,3.0,3.0,3.0,3.0,3.0,3.0,3.0,3.0,3.0,2.0,3.0,3.0,3.0,3.0,3.0,3.0,3.0,3.0,3.0,3.0,1.0,3.0,3.0,3.0,3.0,3.0,2.0,3.0,3.0,3.0,3.0,3.0,3.0,3.0,3.0,3.0,3.0,3.0,3.0,3.0,2.0,3.0,3.0,3.0,3.0,2.0,3.0,,3.0,3.0,3.0,3.0,3.0,3.0,3.0,3.0,3.0,3.0,3.0,3.0,3.0,3.0,3.0,2.0,3.0,,3.0,3.0,,3.0,2.0,3.0,2.0,3.0,3.0,3.0,3.0,,3.0,3.0,3.0,3.0,3.0,3.0,3.0,3.0,,129,9,0.0806754221388367,1.2703037817730938,-0.14060034013587802
3.0,2,3,0.0,2.0,3.0,3.0,3.0,3.0,3.0,3.0,3.0,2,2.0,3.0,3.0,3.0,3.0,3.0,3.0,3.0,3.0,3.0,3.0,3.0,3.0,2.0,3.0,2.0,3.0,3.0,3.0,3.0,3.0,3.0,3.0,3.0,2.0,3.0,3.0,3.0,3.0,3.0,1.0,2.0,3.0,2.0,3.0,3.0,2.0,3.0,3.0,2.0,3.0,3.0,2.0,3.0,3.0,1.0,3.0,3.0,3.0,1.0,2.0,3.0,3.0,3,2.0,3.0,3.0,3.0,3.0,2.0,3.0,3.0,3.0,3.0,3.0,3.0,3.0,3.0,2.0,2.0,2,3.0,3.0,2.0,2.0,3.0,3.0,3.0,3.0,3.0,3.0,3.0,0.0,3.0,2.0,3,2.0,2.0,3.0,3.0,3.0,3.0,3.0,2.0,3.0,3,2,2.0,3.0,3.0,2.0,3.0,3.0,3.0,2,3.0,3.0,1.0,3.0,2.0,3.0,2,3.0,3.0,3.0,3.0,2.0,3.0,3.0,3.0,3.0,3.0,3.0,2.0,3.0,3.0,3.0,2,2.0,3.0,3.0,3.0,2.0,3.0,2.0,3.0,3.0,2.0,3.0,3.0,2,2.0,3.0,3.0,3.0,3.0,3.0,2.0,2,3.0,2.0,3.0,2.0,3.0,3.0,3.0,3.0,3.0,3.0,2,1.0,1.0,3.0,2.0,3.0,3.0,3.0,1.0,2.0,3.0,3.0,3.0,3.0,1.0,3.0,2.0,0.0,3.0,3.0,3.0,2.0,3,2.0,3.0,2.0,3.0,3.0,3,3.0,3.0,3.0,3.0,2.0,3,3.0,3.0,3.0,3.0,3.0,2.0,2.0,1,2.0,2.0,3.0,2.0,2.0,3.0,3.0,3.0,3.0,3.0,2,3.0,2.0,3.0,2.0,3.0,3.0,2.0,3,2.0,3.0,3.0,3.0,3.0,2.0,3.0,3.0,3.0,1.0,2.0,2.0,3.0,2.0,0.0,3.0,3.0,2.0,3.0,3.0,2.0,2.0,3.0,3.0,3.0,3.0,2.0,3.0,3.0,3.0,2.0,2.0,3.0,3.0,2.0,2.0,3.0,3.0,2.0,3.0,3.0,2.0,3.0,3,3.0,3.0,1.0,3.0,2.0,2.0,2,3.0,3.0,3.0,3.0,3.0,3.0,3.0,3.0,3.0,3.0,2.0,2.0,3.0,2.0,3.0,3.0,3.0,2.0,1.0,2.0,3.0,2.0,3.0,2.0,3.0,3.0,3.0,3.0,1.0,3.0,3.0,2.0,3.0,2.0,2.0,2.0,3.0,3.0,3.0,3.0,2.0,3.0,3.0,3.0,2.0,3.0,3.0,3.0,1.0,3.0,3.0,3.0,3.0,3.0,2.0,2,2.0,2.0,3.0,1.0,3.0,3.0,3.0,3.0,0.0,3.0,3.0,3.0,2.0,3.0,2,3.0,0.0,1.0,3.0,3.0,3.0,3.0,1.0,3.0,2.0,3.0,3.0,3.0,3.0,3.0,3.0,3.0,3.0,3.0,3.0,3.0,3.0,2.0,3.0,3.0,3.0,1.0,3.0,3.0,3.0,1.0,2.0,3.0,2.0,3.0,2.0,3.0,2.0,2.0,3.0,2,3.0,3.0,3.0,3.0,3.0,3.0,2.0,3.0,3.0,2.0,3.0,3.0,3.0,3.0,2.0,3.0,3.0,3.0,3.0,3.0,3.0,3.0,3.0,2.0,3.0,3.0,3.0,3.0,3.0,2.0,3.0,3.0,3.0,3.0,3.0,3.0,3.0,3.0,2.0,3.0,2.0,3.0,3.0,3.0,3.0,3.0,3.0,2.0,2.0,3.0,3.0,3.0,3.0,3.0,3.0,2.0,3.0,3.0,3.0,3.0,2.0,3.0,3.0,2,3.0,3.0,3.0,3.0,3.0,,3.0,3.0,3.0,2.0,3.0,3.0,3.0,3.0,3.0,3.0,3.0,3.0,3.0,3.0,3.0,3.0,3.0,3.0,3.0,3.0,2.0,2.0,3.0,3.0,3.0,3.0,2.0,2.0,3.0,3.0,3.0,3.0,3,3.0,3.0,1.0,2.0,3.0,3.0,3.0,3.0,2.0,3.0,3.0,3.0,3.0,3.0,3.0,3.0,3.0,3.0,3.0,3.0,3.0,3.0,3.0,3.0,3.0,3.0,3.0,3.0,3.0,3.0,3.0,1.0,3.0,3.0,3.0,3.0,3.0,3.0,2.0,3.0,2.0,2.0,3.0,3.0,3.0,3.0,3.0,3.0,3.0,3.0,3.0,,3.0,2.0,3.0,3.0,3.0,3.0,3.0,2.0,3.0,3.0,3.0,1.0,3.0,3.0,2.0,3.0,3.0,3.0,3.0,3.0,3.0,3.0,3.0,3.0,3.0,3.0,3.0,2.0,,3.0,3.0,3.0,3.0,3.0,3.0,3.0,3.0,3.0,3.0,130,9,0.0678899082568807,1.1842685908521677,-0.3423655225818422
3.0,3,3,3.0,3.0,3.0,3.0,2.0,3.0,,3.0,3.0,1,3.0,,3.0,3.0,,,3.0,,0.0,3.0,,3.0,3.0,3.0,3.0,3.0,3.0,2.0,3.0,3.0,3.0,,3.0,3.0,3.0,3.0,3.0,1.0,,3.0,3.0,,2.0,3.0,,3.0,3.0,3.0,3.0,3.0,1.0,3.0,3.0,3.0,3.0,3.0,3.0,3.0,3.0,3.0,3.0,,3.0,3,,,3.0,,3.0,3.0,3.0,2.0,3.0,3.0,3.0,3.0,,,3.0,3.0,2,,3.0,3.0,3.0,3.0,,3.0,3.0,3.0,3.0,3.0,1.0,3.0,3.0,3,3.0,3.0,3.0,,3.0,1.0,3.0,3.0,3.0,3,3,3.0,3.0,3.0,3.0,3.0,,3.0,3,,0.0,3.0,3.0,3.0,,3,3.0,3.0,3.0,3.0,3.0,3.0,3.0,3.0,3.0,3.0,3.0,3.0,3.0,2.0,,2,3.0,3.0,3.0,3.0,3.0,3.0,2.0,2.0,,3.0,2.0,3.0,3,3.0,,3.0,3.0,3.0,3.0,3.0,3,3.0,3.0,3.0,3.0,,2.0,3.0,3.0,3.0,3.0,3,3.0,,3.0,2.0,,3.0,3.0,3.0,2.0,3.0,,3.0,,3.0,3.0,,2.0,,3.0,,3.0,3,3.0,3.0,3.0,,2.0,3,,,2.0,3.0,3.0,3,,,3.0,,,0.0,3.0,3,3.0,,,2.0,3.0,3.0,,,3.0,3.0,3,3.0,3.0,3.0,3.0,3.0,2.0,3.0,2,3.0,3.0,,3.0,3.0,3.0,3.0,3.0,3.0,3.0,,2.0,3.0,3.0,3.0,,,3.0,3.0,,,,,,3.0,,3.0,3.0,3.0,,3.0,3.0,,3.0,3.0,,3.0,3.0,3.0,3.0,3.0,3.0,3.0,2,1.0,,3.0,,3.0,3.0,3,3.0,,3.0,3.0,3.0,3.0,3.0,3.0,,,,3.0,3.0,3.0,,1.0,,,3.0,3.0,3.0,3.0,,,3.0,3.0,3.0,,3.0,3.0,3.0,3.0,3.0,3.0,3.0,3.0,3.0,3.0,3.0,,3.0,,3.0,,3.0,1.0,3.0,3.0,1.0,,,3.0,3.0,,,3,3.0,3.0,3.0,3.0,3.0,,,,,,,,3.0,3.0,3,3.0,,,3.0,3.0,,3.0,3.0,3.0,2.0,3.0,3.0,3.0,,,3.0,3.0,,,3.0,3.0,,3.0,3.0,,3.0,3.0,,,3.0,3.0,,3.0,,3.0,,3.0,,3.0,,3,3.0,3.0,2.0,3.0,3.0,3.0,3.0,,3.0,3.0,3.0,3.0,3.0,,3.0,3.0,2.0,,3.0,,3.0,,,3.0,,3.0,3.0,,,3.0,3.0,,,3.0,,3.0,,3.0,,3.0,3.0,3.0,,3.0,,,3.0,3.0,3.0,3.0,3.0,3.0,,3.0,,3.0,3.0,3.0,3.0,3.0,3.0,3.0,,3,2.0,3.0,3.0,3.0,3.0,,3.0,3.0,2.0,3.0,3.0,3.0,3.0,3.0,3.0,,3.0,3.0,3.0,3.0,,3.0,,3.0,3.0,3.0,3.0,3.0,3.0,,3.0,3.0,3.0,3.0,3.0,3.0,3.0,3.0,3,,,,2.0,,,,3.0,3.0,3.0,3.0,0.0,3.0,3.0,3.0,3.0,3.0,3.0,3.0,3.0,3.0,,3.0,3.0,3.0,0.0,,3.0,,,3.0,3.0,3.0,,3.0,3.0,3.0,3.0,3.0,3.0,3.0,3.0,3.0,1.0,3.0,3.0,1.0,3.0,,,3.0,3.0,,2.0,,3.0,,3.0,3.0,3.0,,,3.0,,3.0,,,,,,3.0,,,,3.0,3.0,,3.0,3.0,,,,3.0,,,1.0,,,,0.0,,131,9,0.0816326530612244,1.463092463092463,-0.017383993465979793
3.0,3,2,3.0,3.0,3.0,2.0,3.0,2.0,3.0,3.0,3.0,2,3.0,0.0,3.0,3.0,3.0,3.0,3.0,3.0,3.0,3.0,3.0,3.0,3.0,3.0,3.0,2.0,3.0,2.0,3.0,3.0,2.0,1.0,2.0,3.0,3.0,3.0,3.0,3.0,3.0,3.0,3.0,3.0,3.0,3.0,3.0,3.0,3.0,3.0,3.0,3.0,3.0,3.0,3.0,3.0,3.0,2.0,3.0,0.0,3.0,3.0,3.0,3.0,3.0,1,1.0,3.0,3.0,3.0,3.0,2.0,3.0,3.0,3.0,2.0,3.0,3.0,3.0,3.0,3.0,3.0,2,3.0,3.0,3.0,3.0,3.0,,3.0,3.0,2.0,3.0,3.0,3.0,3.0,3.0,2,3.0,3.0,3.0,2.0,3.0,3.0,2.0,3.0,3.0,2,2,3.0,3.0,3.0,3.0,3.0,3.0,3.0,3,3.0,0.0,3.0,2.0,3.0,3.0,3,3.0,3.0,3.0,3.0,3.0,3.0,3.0,3.0,2.0,3.0,3.0,2.0,3.0,2.0,3.0,2,3.0,3.0,3.0,3.0,3.0,3.0,3.0,3.0,2.0,3.0,3.0,2.0,3,3.0,3.0,3.0,3.0,3.0,3.0,2.0,1,3.0,3.0,3.0,3.0,2.0,3.0,3.0,2.0,3.0,3.0,3,3.0,3.0,3.0,3.0,3.0,2.0,3.0,3.0,3.0,3.0,3.0,3.0,3.0,3.0,3.0,3.0,2.0,3.0,3.0,,3.0,2,3.0,3.0,3.0,3.0,3.0,3,3.0,3.0,3.0,3.0,3.0,2,3.0,2.0,3.0,3.0,3.0,3.0,2.0,2,3.0,3.0,3.0,2.0,3.0,3.0,3.0,2.0,3.0,3.0,3,3.0,3.0,3.0,3.0,3.0,3.0,3.0,2,2.0,3.0,3.0,3.0,3.0,3.0,3.0,1.0,3.0,2.0,3.0,3.0,3.0,3.0,3.0,2.0,3.0,3.0,3.0,3.0,3.0,3.0,3.0,3.0,3.0,3.0,3.0,1.0,3.0,3.0,2.0,1.0,,3.0,3.0,3.0,2.0,3.0,3.0,3.0,2.0,3.0,3.0,2,3.0,3.0,3.0,3.0,3.0,3.0,2,3.0,3.0,2.0,3.0,3.0,3.0,3.0,3.0,3.0,3.0,3.0,3.0,3.0,3.0,3.0,3.0,3.0,3.0,3.0,3.0,1.0,3.0,3.0,3.0,3.0,3.0,2.0,3.0,2.0,3.0,2.0,2.0,3.0,3.0,3.0,3.0,3.0,3.0,3.0,3.0,3.0,3.0,3.0,3.0,3.0,3.0,3.0,3.0,3.0,3.0,3.0,3.0,3.0,3.0,3.0,3,3.0,1.0,3.0,2.0,3.0,3.0,3.0,0.0,3.0,,3.0,3.0,3.0,3.0,3,2.0,3.0,3.0,3.0,3.0,1.0,3.0,3.0,3.0,3.0,3.0,3.0,3.0,3.0,3.0,3.0,3.0,3.0,3.0,3.0,3.0,3.0,3.0,3.0,,1.0,2.0,3.0,3.0,3.0,3.0,3.0,3.0,3.0,2.0,3.0,2.0,2.0,2.0,2.0,2,2.0,3.0,2.0,3.0,3.0,3.0,2.0,2.0,3.0,3.0,3.0,3.0,2.0,2.0,3.0,3.0,2.0,3.0,3.0,2.0,3.0,1.0,3.0,2.0,3.0,3.0,3.0,3.0,3.0,3.0,3.0,2.0,,2.0,3.0,3.0,,3.0,3.0,3.0,2.0,2.0,3.0,3.0,3.0,,3.0,3.0,1.0,2.0,3.0,3.0,3.0,3.0,3.0,1.0,3.0,3.0,0.0,3.0,3.0,3.0,3.0,3,2.0,3.0,3.0,3.0,3.0,,3.0,3.0,3.0,3.0,3.0,3.0,3.0,3.0,3.0,3.0,3.0,3.0,3.0,3.0,3.0,3.0,3.0,3.0,3.0,3.0,3.0,3.0,3.0,3.0,3.0,2.0,3.0,3.0,3.0,3.0,3.0,3.0,3,3.0,3.0,2.0,3.0,3.0,3.0,3.0,3.0,3.0,3.0,3.0,3.0,2.0,3.0,3.0,3.0,2.0,0.0,3.0,3.0,3.0,3.0,2.0,2.0,3.0,3.0,3.0,3.0,2.0,3.0,3.0,3.0,3.0,3.0,3.0,3.0,3.0,3.0,3.0,3.0,3.0,2.0,3.0,3.0,2.0,3.0,3.0,1.0,2.0,3.0,3.0,2.0,3.0,3.0,1.0,3.0,3.0,3.0,3.0,3.0,3.0,3.0,2.0,3.0,1.0,,3.0,3.0,3.0,3.0,3.0,3.0,3.0,3.0,3.0,3.0,,3.0,3.0,3.0,,,3.0,3.0,3.0,3.0,3.0,,3.0,3.0,,132,9,0.0857142857142857,1.2248340491995315,-0.2179908295883775
3.0,3,3,1.0,3.0,3.0,3.0,3.0,3.0,3.0,3.0,3.0,2,1.0,3.0,3.0,3.0,,3.0,,3.0,3.0,3.0,3.0,3.0,3.0,3.0,3.0,3.0,3.0,3.0,3.0,3.0,3.0,3.0,2.0,3.0,3.0,3.0,2.0,3.0,3.0,2.0,3.0,3.0,3.0,3.0,3.0,3.0,3.0,3.0,3.0,3.0,3.0,3.0,3.0,3.0,3.0,3.0,3.0,3.0,3.0,2.0,3.0,3.0,3.0,3,3.0,3.0,3.0,3.0,3.0,2.0,3.0,3.0,3.0,3.0,3.0,3.0,3.0,2.0,3.0,3.0,3,0.0,3.0,3.0,2.0,3.0,2.0,3.0,2.0,3.0,3.0,1.0,3.0,3.0,1.0,2,3.0,3.0,3.0,3.0,3.0,3.0,3.0,3.0,,2,3,3.0,3.0,3.0,3.0,3.0,3.0,3.0,3,3.0,3.0,3.0,3.0,3.0,3.0,3,3.0,3.0,3.0,3.0,3.0,3.0,3.0,3.0,3.0,3.0,3.0,3.0,3.0,3.0,3.0,3,3.0,3.0,3.0,3.0,3.0,3.0,3.0,3.0,2.0,3.0,3.0,3.0,3,3.0,3.0,2.0,3.0,3.0,2.0,3.0,1,3.0,1.0,3.0,3.0,,3.0,3.0,3.0,3.0,3.0,3,,3.0,3.0,3.0,3.0,3.0,3.0,3.0,2.0,3.0,,3.0,3.0,3.0,3.0,3.0,3.0,,2.0,,3.0,3,3.0,3.0,2.0,3.0,3.0,3,,3.0,3.0,3.0,3.0,3,3.0,3.0,3.0,,,3.0,3.0,3,3.0,3.0,,3.0,3.0,3.0,3.0,3.0,3.0,3.0,2,3.0,3.0,3.0,3.0,3.0,0.0,3.0,3,3.0,3.0,3.0,3.0,3.0,3.0,3.0,3.0,3.0,3.0,3.0,3.0,3.0,3.0,3.0,3.0,3.0,3.0,3.0,,3.0,,3.0,3.0,3.0,3.0,3.0,3.0,3.0,2.0,3.0,3.0,2.0,3.0,3.0,3.0,3.0,3.0,3.0,3.0,3.0,2.0,3.0,2,3.0,3.0,3.0,,3.0,3.0,1,3.0,3.0,3.0,3.0,3.0,3.0,3.0,3.0,,3.0,3.0,3.0,3.0,3.0,,,,3.0,3.0,3.0,3.0,3.0,,3.0,3.0,3.0,3.0,3.0,3.0,3.0,1.0,3.0,2.0,3.0,3.0,3.0,3.0,3.0,3.0,,3.0,2.0,3.0,3.0,3.0,2.0,3.0,3.0,3.0,3.0,,3.0,3.0,,3.0,3,3.0,3.0,,3.0,3.0,3.0,2.0,3.0,3.0,,3.0,3.0,3.0,3.0,3,2.0,3.0,3.0,3.0,3.0,,3.0,3.0,3.0,3.0,3.0,3.0,3.0,3.0,3.0,3.0,3.0,,3.0,3.0,3.0,3.0,3.0,3.0,3.0,3.0,3.0,3.0,3.0,0.0,3.0,3.0,3.0,3.0,3.0,3.0,3.0,3.0,2.0,3.0,3,3.0,3.0,3.0,3.0,3.0,3.0,3.0,1.0,3.0,3.0,3.0,3.0,3.0,3.0,3.0,3.0,3.0,3.0,3.0,3.0,3.0,3.0,3.0,2.0,,3.0,3.0,3.0,3.0,3.0,3.0,,,3.0,3.0,3.0,,2.0,1.0,3.0,3.0,3.0,3.0,3.0,,,3.0,2.0,3.0,3.0,2.0,3.0,3.0,3.0,3.0,1.0,3.0,2.0,3.0,3.0,3.0,3.0,3.0,3,1.0,3.0,3.0,2.0,3.0,,3.0,3.0,3.0,3.0,3.0,3.0,3.0,3.0,3.0,3.0,3.0,3.0,2.0,3.0,3.0,3.0,3.0,,3.0,3.0,3.0,3.0,0.0,3.0,,3.0,3.0,3.0,3.0,3.0,3.0,3.0,2,3.0,,2.0,3.0,3.0,,3.0,3.0,3.0,3.0,3.0,2.0,3.0,3.0,3.0,3.0,3.0,3.0,3.0,3.0,2.0,1.0,3.0,3.0,3.0,3.0,,3.0,,3.0,3.0,3.0,3.0,3.0,3.0,3.0,3.0,3.0,3.0,3.0,3.0,3.0,3.0,,3.0,2.0,3.0,3.0,3.0,3.0,3.0,3.0,,3.0,,,,3.0,3.0,3.0,3.0,2.0,3.0,,3.0,,3.0,,,,3.0,3.0,,3.0,3.0,,,1.0,3.0,3.0,,,3.0,3.0,3.0,0.0,3.0,3.0,0.0,3.0,,133,9,0.0773930753564154,1.383486728024543,-0.07573999608920363
3.0,2,2,3.0,3.0,3.0,2.0,2.0,3.0,3.0,3.0,3.0,2,3.0,3.0,2.0,3.0,,3.0,3.0,3.0,2.0,3.0,3.0,2.0,3.0,3.0,2.0,3.0,2.0,2.0,3.0,2.0,3.0,3.0,1.0,3.0,3.0,3.0,2.0,3.0,3.0,3.0,3.0,3.0,3.0,3.0,3.0,3.0,3.0,3.0,3.0,2.0,3.0,3.0,3.0,1.0,2.0,3.0,2.0,3.0,3.0,3.0,3.0,3.0,3.0,2,3.0,3.0,3.0,3.0,3.0,3.0,3.0,3.0,1.0,3.0,3.0,2.0,3.0,3.0,0.0,3.0,2,3.0,3.0,3.0,3.0,2.0,3.0,3.0,3.0,3.0,2.0,3.0,2.0,3.0,3.0,2,2.0,0.0,3.0,3.0,2.0,3.0,3.0,3.0,3.0,3,3,3.0,3.0,1.0,3.0,3.0,3.0,3.0,2,2.0,3.0,3.0,3.0,3.0,3.0,2,2.0,3.0,3.0,3.0,3.0,2.0,3.0,3.0,3.0,2.0,1.0,3.0,3.0,3.0,3.0,3,3.0,3.0,3.0,3.0,3.0,3.0,2.0,3.0,2.0,3.0,3.0,2.0,2,3.0,3.0,3.0,3.0,3.0,3.0,3.0,2,3.0,3.0,3.0,2.0,3.0,3.0,3.0,3.0,2.0,3.0,2,3.0,3.0,3.0,2.0,3.0,3.0,1.0,3.0,3.0,3.0,3.0,3.0,3.0,3.0,3.0,3.0,3.0,3.0,3.0,3.0,3.0,2,3.0,3.0,3.0,2.0,3.0,2,3.0,3.0,1.0,3.0,3.0,2,2.0,3.0,3.0,3.0,3.0,3.0,3.0,3,3.0,3.0,3.0,3.0,3.0,3.0,3.0,3.0,2.0,3.0,3,3.0,3.0,3.0,2.0,3.0,3.0,3.0,2,3.0,3.0,3.0,2.0,2.0,3.0,3.0,1.0,3.0,3.0,3.0,3.0,2.0,3.0,3.0,3.0,3.0,3.0,2.0,3.0,3.0,3.0,3.0,3.0,0.0,3.0,2.0,2.0,3.0,3.0,2.0,3.0,3.0,2.0,3.0,0.0,1.0,3.0,3.0,3.0,3.0,3.0,3.0,2,3.0,3.0,3.0,3.0,3.0,3.0,3,3.0,3.0,2.0,1.0,3.0,3.0,3.0,3.0,1.0,2.0,3.0,3.0,2.0,3.0,3.0,1.0,1.0,2.0,2.0,3.0,2.0,3.0,3.0,3.0,2.0,3.0,3.0,3.0,2.0,3.0,3.0,1.0,3.0,3.0,3.0,2.0,3.0,3.0,2.0,3.0,3.0,2.0,3.0,2.0,3.0,3.0,3.0,3.0,3.0,3.0,3.0,3.0,3.0,3.0,0.0,3,3.0,3.0,3.0,3.0,3.0,3.0,3.0,1.0,3.0,3.0,3.0,3.0,3.0,2.0,2,3.0,3.0,3.0,3.0,3.0,3.0,2.0,2.0,3.0,3.0,2.0,3.0,2.0,3.0,3.0,2.0,3.0,3.0,3.0,3.0,3.0,3.0,3.0,3.0,3.0,1.0,3.0,2.0,3.0,3.0,3.0,2.0,3.0,3.0,3.0,3.0,3.0,2.0,1.0,3.0,2,2.0,3.0,2.0,3.0,3.0,2.0,3.0,3.0,3.0,3.0,3.0,2.0,3.0,3.0,3.0,2.0,2.0,3.0,3.0,3.0,3.0,3.0,3.0,2.0,2.0,3.0,3.0,3.0,3.0,2.0,2.0,3.0,3.0,3.0,3.0,3.0,3.0,3.0,3.0,3.0,3.0,2.0,3.0,3.0,3.0,,2.0,2.0,3.0,2.0,3.0,3.0,3.0,3.0,3.0,2.0,3.0,2.0,3.0,3.0,2.0,3.0,3.0,2,2.0,2.0,3.0,3.0,3.0,1.0,3.0,3.0,3.0,3.0,3.0,2.0,3.0,2.0,3.0,3.0,3.0,3.0,3.0,3.0,3.0,3.0,3.0,3.0,3.0,3.0,3.0,3.0,1.0,3.0,3.0,3.0,3.0,3.0,3.0,3.0,3.0,3.0,2,3.0,3.0,2.0,3.0,3.0,3.0,3.0,3.0,3.0,2.0,3.0,2.0,1.0,3.0,2.0,3.0,2.0,3.0,3.0,1.0,2.0,3.0,3.0,2.0,3.0,2.0,3.0,3.0,3.0,3.0,2.0,3.0,2.0,3.0,3.0,2.0,3.0,3.0,3.0,3.0,3.0,3.0,3.0,3.0,3.0,3.0,3.0,3.0,3.0,3.0,3.0,,3.0,3.0,3.0,2.0,3.0,0.0,3.0,3.0,3.0,3.0,2.0,3.0,3.0,3.0,3.0,,3.0,3.0,3.0,1.0,3.0,3.0,3.0,3.0,3.0,3.0,2.0,2.0,,,3.0,3.0,3.0,3.0,3.0,2.0,3.0,3.0,,134,9,0.0586080586080586,1.2012818072212703,-0.3012998594777911
2.0,2,2,2.0,3.0,3.0,2.0,3.0,0.0,3.0,3.0,3.0,2,3.0,3.0,3.0,3.0,,3.0,3.0,3.0,3.0,3.0,3.0,3.0,3.0,3.0,3.0,2.0,3.0,3.0,3.0,3.0,3.0,3.0,2.0,3.0,3.0,3.0,3.0,3.0,3.0,3.0,3.0,3.0,3.0,2.0,3.0,3.0,3.0,3.0,3.0,3.0,3.0,3.0,3.0,3.0,0.0,3.0,3.0,3.0,3.0,3.0,3.0,3.0,2.0,2,3.0,3.0,3.0,3.0,3.0,3.0,3.0,2.0,3.0,2.0,3.0,2.0,3.0,3.0,3.0,3.0,3,3.0,3.0,2.0,3.0,3.0,3.0,3.0,3.0,2.0,3.0,3.0,1.0,3.0,3.0,2,1.0,1.0,3.0,1.0,3.0,3.0,3.0,3.0,3.0,3,3,2.0,3.0,3.0,3.0,3.0,3.0,3.0,3,1.0,1.0,3.0,2.0,3.0,3.0,3,3.0,3.0,3.0,3.0,3.0,3.0,3.0,3.0,3.0,2.0,3.0,2.0,3.0,3.0,3.0,2,3.0,3.0,3.0,3.0,1.0,3.0,3.0,3.0,3.0,3.0,3.0,2.0,0,3.0,3.0,2.0,3.0,2.0,3.0,3.0,3,3.0,3.0,3.0,3.0,1.0,3.0,3.0,3.0,2.0,2.0,3,3.0,3.0,3.0,2.0,1.0,3.0,3.0,3.0,3.0,3.0,3.0,3.0,3.0,3.0,3.0,3.0,3.0,3.0,2.0,3.0,3.0,2,2.0,2.0,3.0,3.0,3.0,3,3.0,3.0,3.0,3.0,2.0,3,3.0,3.0,3.0,3.0,3.0,3.0,3.0,3,3.0,3.0,3.0,2.0,3.0,3.0,3.0,3.0,3.0,3.0,3,3.0,2.0,3.0,3.0,3.0,3.0,3.0,3,3.0,3.0,3.0,3.0,3.0,3.0,2.0,2.0,3.0,3.0,3.0,3.0,3.0,2.0,3.0,3.0,3.0,3.0,3.0,3.0,2.0,3.0,3.0,3.0,3.0,3.0,2.0,2.0,3.0,3.0,2.0,3.0,3.0,3.0,,3.0,2.0,3.0,3.0,3.0,3.0,3.0,3.0,3,,3.0,1.0,3.0,3.0,3.0,3,3.0,3.0,3.0,3.0,3.0,2.0,3.0,3.0,3.0,3.0,3.0,3.0,1.0,3.0,3.0,3.0,3.0,3.0,1.0,3.0,3.0,2.0,3.0,3.0,3.0,3.0,3.0,3.0,3.0,2.0,3.0,3.0,3.0,3.0,2.0,3.0,3.0,3.0,3.0,3.0,2.0,3.0,3.0,3.0,3.0,3.0,3.0,3.0,3.0,3.0,3.0,3.0,3.0,3.0,3.0,2,3.0,3.0,3.0,3.0,3.0,3.0,2.0,3.0,2.0,3.0,3.0,3.0,3.0,3.0,3,0.0,3.0,3.0,3.0,3.0,1.0,3.0,2.0,3.0,3.0,3.0,2.0,3.0,3.0,3.0,2.0,3.0,3.0,3.0,3.0,3.0,3.0,3.0,3.0,3.0,3.0,3.0,3.0,3.0,3.0,3.0,3.0,3.0,3.0,3.0,3.0,3.0,3.0,2.0,3.0,3,2.0,3.0,2.0,3.0,3.0,3.0,3.0,3.0,3.0,2.0,3.0,3.0,2.0,3.0,2.0,3.0,3.0,3.0,3.0,2.0,3.0,3.0,3.0,2.0,3.0,3.0,3.0,3.0,3.0,3.0,3.0,3.0,,3.0,,3.0,3.0,3.0,3.0,3.0,3.0,3.0,3.0,3.0,3.0,,3.0,3.0,3.0,2.0,3.0,3.0,3.0,3.0,3.0,3.0,3.0,3.0,3.0,2.0,3.0,3.0,3.0,2,3.0,3.0,3.0,3.0,3.0,,2.0,3.0,3.0,3.0,3.0,2.0,1.0,2.0,2.0,3.0,3.0,3.0,3.0,3.0,3.0,3.0,3.0,3.0,3.0,3.0,3.0,3.0,3.0,3.0,3.0,0.0,2.0,3.0,3.0,3.0,3.0,3.0,3,3.0,3.0,2.0,3.0,3.0,,3.0,3.0,3.0,3.0,3.0,3.0,1.0,3.0,3.0,3.0,3.0,0.0,2.0,3.0,3.0,3.0,1.0,3.0,3.0,2.0,3.0,3.0,3.0,1.0,3.0,3.0,2.0,3.0,3.0,3.0,3.0,3.0,3.0,3.0,3.0,3.0,3.0,3.0,3.0,3.0,3.0,3.0,3.0,3.0,3.0,2.0,3.0,3.0,,3.0,3.0,3.0,3.0,2.0,3.0,,3.0,,3.0,3.0,3.0,3.0,3.0,,3.0,3.0,3.0,3.0,3.0,3.0,3.0,3.0,3.0,3.0,,,3.0,,3.0,3.0,3.0,,3.0,3.0,,135,9,0.0656660412757973,1.255854079368992,-0.318063112741225
3.0,2,3,3.0,3.0,3.0,3.0,3.0,3.0,3.0,3.0,3.0,2,3.0,3.0,3.0,3.0,,3.0,3.0,3.0,3.0,3.0,3.0,3.0,3.0,2.0,3.0,3.0,3.0,3.0,3.0,2.0,1.0,3.0,3.0,1.0,3.0,3.0,3.0,3.0,3.0,3.0,3.0,3.0,3.0,2.0,2.0,3.0,3.0,3.0,3.0,2.0,2.0,3.0,3.0,3.0,1.0,3.0,3.0,3.0,3.0,3.0,3.0,3.0,2.0,3,3.0,2.0,3.0,3.0,3.0,2.0,3.0,3.0,1.0,3.0,3.0,0.0,3.0,3.0,3.0,3.0,3,3.0,3.0,2.0,3.0,3.0,3.0,3.0,3.0,3.0,3.0,3.0,3.0,3.0,3.0,3,3.0,2.0,3.0,3.0,3.0,3.0,3.0,,3.0,3,3,3.0,3.0,3.0,3.0,3.0,3.0,3.0,3,3.0,3.0,3.0,3.0,3.0,3.0,3,3.0,2.0,3.0,3.0,3.0,2.0,2.0,3.0,3.0,3.0,3.0,3.0,3.0,3.0,3.0,2,3.0,3.0,3.0,3.0,3.0,2.0,3.0,2.0,3.0,2.0,3.0,3.0,3,3.0,3.0,3.0,3.0,3.0,3.0,3.0,3,3.0,3.0,3.0,2.0,3.0,3.0,3.0,3.0,3.0,2.0,3,3.0,3.0,3.0,3.0,2.0,3.0,3.0,3.0,2.0,3.0,3.0,3.0,,3.0,3.0,3.0,3.0,3.0,0.0,3.0,3.0,3,2.0,3.0,3.0,3.0,3.0,3,3.0,3.0,3.0,2.0,3.0,2,3.0,3.0,3.0,3.0,3.0,3.0,3.0,2,2.0,3.0,2.0,2.0,3.0,3.0,3.0,3.0,3.0,3.0,3,2.0,3.0,0.0,2.0,3.0,1.0,3.0,2,2.0,3.0,3.0,3.0,3.0,3.0,3.0,3.0,3.0,3.0,3.0,3.0,3.0,2.0,3.0,3.0,3.0,3.0,2.0,3.0,3.0,3.0,3.0,3.0,3.0,3.0,1.0,3.0,3.0,3.0,3.0,2.0,,3.0,3.0,3.0,2.0,3.0,3.0,3.0,3.0,1.0,3.0,3,3.0,3.0,3.0,3.0,3.0,3.0,3,1.0,3.0,3.0,3.0,3.0,3.0,3.0,3.0,2.0,3.0,2.0,3.0,3.0,3.0,,3.0,3.0,3.0,3.0,3.0,3.0,3.0,3.0,2.0,3.0,3.0,3.0,3.0,3.0,3.0,3.0,3.0,3.0,3.0,3.0,3.0,3.0,3.0,1.0,3.0,3.0,2.0,3.0,2.0,3.0,3.0,3.0,3.0,3.0,3.0,2.0,3.0,3.0,3.0,3.0,2,3.0,3.0,3.0,3.0,2.0,3.0,3.0,3.0,2.0,3.0,3.0,3.0,3.0,2.0,2,3.0,3.0,3.0,3.0,3.0,,3.0,3.0,3.0,3.0,3.0,1.0,3.0,3.0,3.0,3.0,3.0,3.0,3.0,3.0,3.0,1.0,3.0,3.0,3.0,3.0,3.0,3.0,3.0,3.0,3.0,3.0,3.0,3.0,2.0,3.0,3.0,0.0,3.0,3.0,2,3.0,3.0,3.0,3.0,2.0,2.0,3.0,3.0,3.0,2.0,3.0,3.0,3.0,3.0,3.0,3.0,3.0,3.0,3.0,2.0,3.0,3.0,,3.0,3.0,3.0,3.0,3.0,3.0,3.0,3.0,3.0,,3.0,2.0,3.0,3.0,3.0,3.0,3.0,3.0,3.0,3.0,3.0,3.0,,3.0,3.0,3.0,3.0,3.0,3.0,3.0,3.0,3.0,3.0,2.0,2.0,3.0,2.0,3.0,3.0,3.0,3,3.0,3.0,3.0,3.0,3.0,,3.0,3.0,3.0,2.0,3.0,3.0,3.0,3.0,3.0,3.0,3.0,3.0,3.0,3.0,3.0,3.0,3.0,3.0,3.0,0.0,3.0,3.0,3.0,2.0,1.0,3.0,3.0,3.0,3.0,2.0,3.0,3.0,3,3.0,3.0,3.0,3.0,3.0,,3.0,3.0,3.0,3.0,3.0,3.0,3.0,1.0,3.0,3.0,1.0,3.0,3.0,2.0,3.0,3.0,3.0,3.0,3.0,3.0,,0.0,3.0,3.0,3.0,3.0,3.0,3.0,3.0,3.0,3.0,3.0,3.0,3.0,3.0,3.0,3.0,3.0,2.0,2.0,3.0,3.0,3.0,1.0,3.0,,3.0,3.0,,3.0,3.0,3.0,3.0,3.0,3.0,3.0,3.0,3.0,3.0,,3.0,3.0,3.0,,3.0,3.0,3.0,3.0,3.0,1.0,,3.0,3.0,3.0,3.0,,3.0,3.0,3.0,3.0,3.0,3.0,2.0,3.0,,136,9,0.0740037950664136,1.27968120190546,-0.19442387789114782
1.0,3,2,3.0,3.0,3.0,2.0,3.0,3.0,3.0,3.0,3.0,2,2.0,2.0,3.0,2.0,,3.0,3.0,3.0,3.0,2.0,3.0,3.0,3.0,3.0,0.0,0.0,3.0,2.0,3.0,3.0,2.0,3.0,2.0,2.0,3.0,3.0,2.0,3.0,3.0,3.0,3.0,3.0,2.0,3.0,3.0,3.0,3.0,2.0,3.0,3.0,3.0,2.0,3.0,3.0,3.0,3.0,3.0,2.0,3.0,2.0,3.0,3.0,3.0,2,1.0,3.0,3.0,3.0,3.0,3.0,3.0,3.0,3.0,2.0,3.0,3.0,3.0,3.0,2.0,3.0,2,2.0,3.0,3.0,3.0,3.0,,3.0,3.0,3.0,1.0,3.0,2.0,3.0,3.0,2,3.0,2.0,3.0,2.0,2.0,3.0,3.0,3.0,3.0,2,3,3.0,3.0,2.0,1.0,3.0,3.0,3.0,3,2.0,2.0,2.0,3.0,2.0,3.0,3,2.0,3.0,3.0,3.0,3.0,3.0,3.0,2.0,3.0,3.0,2.0,1.0,3.0,3.0,,2,3.0,3.0,3.0,3.0,3.0,3.0,3.0,3.0,3.0,3.0,1.0,3.0,2,3.0,3.0,3.0,2.0,3.0,3.0,3.0,3,3.0,3.0,3.0,1.0,2.0,3.0,3.0,3.0,2.0,3.0,3,2.0,3.0,3.0,3.0,3.0,3.0,3.0,3.0,2.0,3.0,3.0,3.0,3.0,3.0,3.0,3.0,3.0,3.0,3.0,2.0,3.0,3,3.0,3.0,3.0,3.0,3.0,3,3.0,2.0,3.0,3.0,3.0,2,3.0,3.0,3.0,3.0,3.0,2.0,3.0,3,2.0,3.0,3.0,1.0,3.0,3.0,3.0,3.0,3.0,3.0,3,3.0,2.0,3.0,3.0,3.0,3.0,3.0,2,3.0,3.0,3.0,3.0,3.0,3.0,2.0,2.0,3.0,2.0,3.0,3.0,3.0,3.0,3.0,3.0,3.0,3.0,3.0,3.0,3.0,3.0,3.0,2.0,3.0,3.0,3.0,3.0,3.0,3.0,3.0,3.0,3.0,3.0,2.0,3.0,3.0,3.0,3.0,3.0,3.0,3.0,3.0,3,3.0,3.0,2.0,3.0,3.0,3.0,3,3.0,1.0,3.0,3.0,3.0,3.0,3.0,2.0,3.0,3.0,3.0,2.0,3.0,3.0,0.0,3.0,3.0,3.0,3.0,3.0,3.0,2.0,3.0,3.0,3.0,3.0,3.0,3.0,3.0,3.0,3.0,3.0,3.0,3.0,2.0,3.0,2.0,3.0,3.0,3.0,2.0,3.0,3.0,3.0,3.0,3.0,3.0,3.0,3.0,3.0,2.0,3.0,3.0,3.0,3.0,3,3.0,2.0,3.0,3.0,3.0,1.0,3.0,3.0,3.0,3.0,3.0,3.0,2.0,3.0,3,3.0,3.0,,3.0,3.0,3.0,3.0,3.0,3.0,3.0,3.0,3.0,3.0,3.0,3.0,3.0,3.0,3.0,3.0,3.0,1.0,3.0,2.0,3.0,3.0,3.0,3.0,3.0,3.0,3.0,2.0,3.0,3.0,3.0,3.0,3.0,1.0,3.0,3.0,3.0,3,0.0,2.0,1.0,3.0,3.0,0.0,3.0,3.0,3.0,3.0,3.0,3.0,3.0,3.0,3.0,3.0,3.0,3.0,1.0,3.0,3.0,3.0,2.0,3.0,3.0,3.0,3.0,3.0,2.0,3.0,3.0,3.0,3.0,2.0,,1.0,,3.0,3.0,3.0,3.0,3.0,3.0,3.0,3.0,,3.0,3.0,3.0,3.0,3.0,3.0,3.0,2.0,3.0,2.0,3.0,3.0,3.0,3.0,3.0,3.0,2.0,2,3.0,3.0,3.0,3.0,2.0,,2.0,3.0,3.0,2.0,3.0,2.0,3.0,3.0,2.0,3.0,3.0,1.0,3.0,3.0,3.0,3.0,3.0,3.0,3.0,3.0,3.0,3.0,3.0,2.0,3.0,3.0,2.0,3.0,2.0,3.0,3.0,3.0,2,3.0,3.0,2.0,3.0,3.0,,2.0,3.0,3.0,3.0,3.0,3.0,3.0,2.0,3.0,3.0,3.0,2.0,3.0,3.0,3.0,3.0,3.0,3.0,3.0,3.0,3.0,3.0,3.0,3.0,3.0,3.0,3.0,3.0,3.0,3.0,3.0,3.0,3.0,3.0,3.0,3.0,3.0,3.0,3.0,3.0,3.0,3.0,3.0,3.0,3.0,,3.0,1.0,3.0,3.0,0.0,3.0,3.0,3.0,2.0,3.0,3.0,3.0,3.0,3.0,3.0,3.0,3.0,,3.0,2.0,3.0,3.0,3.0,3.0,3.0,3.0,3.0,3.0,3.0,,3.0,3.0,3.0,3.0,3.0,3.0,2.0,3.0,3.0,137,9,0.0852272727272727,1.2133271633503009,-0.19592180433836448
2.0,3,2,3.0,3.0,3.0,3.0,3.0,3.0,3.0,2.0,3.0,3,2.0,0.0,3.0,3.0,,3.0,3.0,3.0,3.0,3.0,3.0,3.0,3.0,3.0,3.0,3.0,3.0,3.0,2.0,3.0,3.0,3.0,3.0,0.0,3.0,3.0,3.0,3.0,3.0,2.0,3.0,3.0,3.0,3.0,3.0,2.0,2.0,3.0,3.0,3.0,3.0,3.0,3.0,3.0,3.0,2.0,3.0,3.0,3.0,3.0,3.0,3.0,3.0,3,1.0,3.0,3.0,3.0,3.0,1.0,3.0,2.0,2.0,3.0,3.0,3.0,3.0,3.0,3.0,3.0,2,3.0,3.0,3.0,2.0,3.0,,3.0,2.0,3.0,3.0,3.0,3.0,3.0,3.0,3,3.0,3.0,3.0,3.0,3.0,2.0,1.0,3.0,3.0,2,3,3.0,3.0,3.0,3.0,3.0,3.0,3.0,2,1.0,3.0,3.0,3.0,0.0,2.0,3,3.0,3.0,3.0,3.0,3.0,3.0,1.0,3.0,3.0,3.0,3.0,3.0,3.0,3.0,3.0,2,3.0,3.0,3.0,3.0,3.0,3.0,3.0,3.0,3.0,2.0,3.0,2.0,3,3.0,3.0,2.0,2.0,3.0,3.0,3.0,3,3.0,3.0,3.0,3.0,3.0,3.0,3.0,3.0,1.0,3.0,3,3.0,2.0,3.0,3.0,3.0,3.0,3.0,3.0,2.0,3.0,3.0,2.0,3.0,3.0,3.0,3.0,3.0,3.0,2.0,,2.0,3,3.0,3.0,3.0,3.0,3.0,3,3.0,3.0,3.0,3.0,3.0,2,3.0,3.0,3.0,3.0,3.0,1.0,3.0,3,3.0,3.0,3.0,3.0,3.0,3.0,3.0,3.0,3.0,3.0,2,3.0,3.0,3.0,2.0,3.0,3.0,3.0,3,3.0,3.0,3.0,3.0,3.0,2.0,3.0,3.0,3.0,3.0,3.0,3.0,3.0,2.0,3.0,3.0,3.0,3.0,3.0,3.0,3.0,3.0,3.0,3.0,3.0,3.0,3.0,3.0,3.0,3.0,3.0,2.0,3.0,3.0,3.0,3.0,3.0,3.0,1.0,3.0,2.0,3.0,3.0,3,3.0,3.0,3.0,3.0,3.0,3.0,2,3.0,3.0,2.0,3.0,3.0,3.0,3.0,0.0,,3.0,3.0,3.0,3.0,3.0,3.0,3.0,2.0,3.0,2.0,3.0,3.0,3.0,3.0,3.0,2.0,3.0,3.0,3.0,2.0,3.0,3.0,3.0,3.0,3.0,3.0,3.0,3.0,3.0,3.0,3.0,2.0,3.0,3.0,3.0,3.0,3.0,3.0,3.0,3.0,3.0,3.0,3.0,3.0,3.0,3.0,3,3.0,3.0,3.0,2.0,3.0,3.0,3.0,3.0,3.0,,,3.0,3.0,3.0,3,3.0,3.0,3.0,3.0,3.0,3.0,3.0,3.0,0.0,3.0,3.0,3.0,3.0,3.0,3.0,3.0,3.0,3.0,3.0,3.0,3.0,3.0,3.0,3.0,3.0,3.0,3.0,3.0,3.0,3.0,3.0,3.0,3.0,2.0,3.0,3.0,3.0,3.0,3.0,3.0,3,2.0,3.0,1.0,3.0,3.0,3.0,3.0,3.0,2.0,3.0,3.0,3.0,3.0,3.0,3.0,1.0,3.0,3.0,3.0,3.0,3.0,3.0,1.0,3.0,3.0,3.0,3.0,3.0,3.0,3.0,3.0,3.0,3.0,3.0,3.0,2.0,3.0,3.0,3.0,3.0,3.0,3.0,1.0,3.0,3.0,,3.0,2.0,3.0,3.0,2.0,0.0,3.0,3.0,3.0,3.0,3.0,1.0,3.0,3.0,3.0,3.0,,3,3.0,3.0,2.0,3.0,3.0,,3.0,3.0,3.0,3.0,3.0,3.0,3.0,2.0,3.0,3.0,3.0,3.0,1.0,2.0,3.0,2.0,3.0,1.0,3.0,3.0,3.0,3.0,3.0,3.0,3.0,3.0,3.0,3.0,3.0,,3.0,3.0,3,3.0,3.0,3.0,3.0,,,3.0,3.0,3.0,1.0,3.0,3.0,3.0,3.0,2.0,3.0,3.0,3.0,3.0,2.0,3.0,2.0,3.0,3.0,2.0,3.0,3.0,3.0,3.0,3.0,3.0,3.0,3.0,3.0,3.0,3.0,3.0,3.0,3.0,3.0,3.0,3.0,2.0,3.0,3.0,3.0,3.0,3.0,3.0,3.0,3.0,,3.0,2.0,,3.0,,3.0,3.0,3.0,3.0,3.0,2.0,,3.0,3.0,3.0,3.0,3.0,3.0,3.0,3.0,,3.0,3.0,3.0,,2.0,3.0,3.0,,,3.0,1.0,3.0,1.0,3.0,,3.0,3.0,,138,9,0.0764818355640535,1.2874027381069635,-0.11417565360061045
3.0,2,3,3.0,3.0,2.0,3.0,,3.0,,3.0,3.0,3,3.0,3.0,3.0,3.0,2.0,,3.0,3.0,3.0,3.0,3.0,1.0,3.0,3.0,3.0,3.0,,3.0,3.0,3.0,3.0,,3.0,3.0,3.0,3.0,3.0,3.0,3.0,3.0,3.0,3.0,3.0,3.0,3.0,3.0,3.0,2.0,,3.0,3.0,3.0,3.0,3.0,3.0,3.0,3.0,3.0,,3.0,3.0,3.0,3.0,3,3.0,,3.0,3.0,,3.0,3.0,3.0,2.0,3.0,3.0,3.0,3.0,3.0,3.0,3.0,2,3.0,3.0,3.0,3.0,3.0,,2.0,3.0,3.0,3.0,,3.0,2.0,3.0,1,3.0,3.0,3.0,3.0,3.0,3.0,3.0,,3.0,3,3,3.0,3.0,3.0,3.0,3.0,3.0,1.0,3,3.0,3.0,3.0,3.0,3.0,3.0,2,3.0,3.0,3.0,1.0,3.0,3.0,,3.0,3.0,3.0,3.0,3.0,3.0,3.0,3.0,3,3.0,3.0,3.0,,3.0,3.0,3.0,3.0,3.0,3.0,3.0,3.0,3,3.0,3.0,2.0,3.0,3.0,3.0,,3,3.0,3.0,3.0,3.0,3.0,3.0,3.0,3.0,3.0,3.0,2,3.0,3.0,3.0,3.0,3.0,3.0,3.0,,3.0,3.0,3.0,3.0,3.0,3.0,3.0,3.0,3.0,3.0,0.0,3.0,3.0,3,3.0,3.0,3.0,3.0,2.0,3,3.0,3.0,3.0,3.0,3.0,3,3.0,3.0,3.0,3.0,3.0,3.0,3.0,3,3.0,3.0,1.0,3.0,3.0,3.0,,3.0,1.0,,3,3.0,3.0,3.0,3.0,,3.0,0.0,3,2.0,3.0,3.0,3.0,3.0,3.0,3.0,3.0,3.0,3.0,3.0,3.0,3.0,3.0,3.0,,3.0,3.0,3.0,2.0,3.0,3.0,3.0,3.0,3.0,0.0,3.0,3.0,2.0,2.0,3.0,3.0,3.0,3.0,2.0,3.0,3.0,3.0,1.0,3.0,1.0,3.0,3.0,3,3.0,3.0,3.0,,0.0,3.0,3,3.0,3.0,3.0,3.0,3.0,2.0,3.0,3.0,3.0,3.0,3.0,2.0,3.0,3.0,,3.0,3.0,3.0,3.0,3.0,3.0,3.0,3.0,3.0,3.0,3.0,,3.0,3.0,3.0,3.0,3.0,3.0,3.0,3.0,3.0,3.0,3.0,3.0,,3.0,3.0,2.0,3.0,1.0,3.0,3.0,3.0,3.0,3.0,,3.0,3.0,3.0,3.0,3,3.0,3.0,3.0,3.0,3.0,3.0,3.0,3.0,3.0,,3.0,3.0,2.0,2.0,3,3.0,3.0,,3.0,,0.0,3.0,3.0,3.0,3.0,2.0,2.0,3.0,3.0,,3.0,3.0,3.0,3.0,3.0,,3.0,3.0,3.0,3.0,3.0,3.0,3.0,2.0,3.0,3.0,3.0,3.0,3.0,3.0,3.0,3.0,2.0,3.0,3.0,3,3.0,3.0,3.0,2.0,3.0,2.0,3.0,,,3.0,3.0,3.0,3.0,3.0,3.0,3.0,3.0,2.0,3.0,3.0,,3.0,,3.0,1.0,,3.0,3.0,3.0,3.0,,,,3.0,,3.0,3.0,,3.0,3.0,3.0,3.0,3.0,,3.0,,3.0,3.0,3.0,3.0,3.0,3.0,,3.0,,3.0,2.0,3.0,3.0,3.0,3.0,3.0,2.0,2,3.0,3.0,3.0,,3.0,,3.0,2.0,3.0,3.0,,3.0,3.0,3.0,3.0,2.0,3.0,3.0,3.0,0.0,,3.0,3.0,3.0,,,,3.0,3.0,,3.0,3.0,3.0,3.0,3.0,3.0,3.0,3.0,3,3.0,3.0,,,3.0,,,1.0,3.0,2.0,2.0,3.0,,,3.0,3.0,3.0,3.0,3.0,3.0,3.0,,3.0,3.0,3.0,2.0,,3.0,,3.0,3.0,3.0,3.0,,3.0,3.0,3.0,3.0,2.0,3.0,1.0,3.0,3.0,3.0,3.0,3.0,,3.0,3.0,3.0,3.0,,3.0,3.0,1.0,3.0,,3.0,3.0,3.0,3.0,3.0,3.0,3.0,3.0,2.0,3.0,3.0,,,3.0,3.0,,,3.0,,,,3.0,3.0,,,,,,2.0,,,3.0,3.0,,139,9,0.1098901098901098,1.3986045806158047,0.03298599259741592
3.0,3,3,3.0,3.0,3.0,2.0,3.0,3.0,,3.0,3.0,3,3.0,3.0,3.0,2.0,,3.0,3.0,,3.0,3.0,3.0,3.0,3.0,3.0,3.0,3.0,3.0,2.0,3.0,3.0,3.0,1.0,2.0,3.0,3.0,2.0,1.0,3.0,3.0,3.0,3.0,3.0,3.0,3.0,,3.0,3.0,3.0,3.0,3.0,1.0,3.0,3.0,3.0,3.0,2.0,3.0,2.0,3.0,3.0,3.0,3.0,2.0,3,3.0,,3.0,3.0,3.0,3.0,3.0,3.0,3.0,3.0,0.0,3.0,3.0,1.0,2.0,2.0,3,3.0,3.0,3.0,2.0,2.0,,3.0,3.0,3.0,3.0,3.0,3.0,3.0,3.0,3,3.0,3.0,3.0,3.0,3.0,3.0,3.0,3.0,3.0,3,3,3.0,3.0,3.0,,2.0,3.0,3.0,1,3.0,3.0,3.0,3.0,3.0,,3,3.0,3.0,2.0,3.0,3.0,3.0,3.0,3.0,3.0,3.0,3.0,3.0,3.0,3.0,3.0,3,2.0,2.0,,3.0,3.0,3.0,3.0,3.0,3.0,3.0,2.0,3.0,3,3.0,0.0,2.0,3.0,3.0,3.0,3.0,3,3.0,3.0,3.0,3.0,3.0,3.0,3.0,3.0,3.0,3.0,3,3.0,3.0,3.0,2.0,3.0,3.0,3.0,,3.0,3.0,3.0,3.0,3.0,3.0,3.0,3.0,3.0,3.0,3.0,,2.0,3,3.0,3.0,3.0,3.0,3.0,3,3.0,3.0,3.0,3.0,3.0,3,3.0,3.0,3.0,,,3.0,3.0,2,3.0,3.0,3.0,3.0,3.0,3.0,3.0,3.0,3.0,3.0,3,3.0,3.0,3.0,3.0,3.0,2.0,3.0,2,2.0,3.0,3.0,3.0,3.0,3.0,2.0,3.0,3.0,3.0,3.0,3.0,2.0,3.0,3.0,3.0,3.0,3.0,3.0,,3.0,3.0,3.0,3.0,3.0,3.0,3.0,3.0,3.0,3.0,3.0,3.0,3.0,3.0,3.0,3.0,3.0,3.0,3.0,3.0,3.0,3.0,3.0,3,,3.0,3.0,3.0,3.0,3.0,2,3.0,,3.0,3.0,3.0,2.0,3.0,3.0,,3.0,3.0,3.0,2.0,3.0,3.0,3.0,3.0,3.0,3.0,3.0,3.0,3.0,3.0,,2.0,3.0,3.0,3.0,2.0,3.0,3.0,3.0,3.0,,2.0,2.0,3.0,3.0,3.0,0.0,2.0,3.0,3.0,3.0,3.0,3.0,3.0,3.0,3.0,3.0,3.0,3.0,1.0,3.0,3.0,3,3.0,3.0,3.0,3.0,3.0,3.0,,3.0,0.0,,3.0,3.0,3.0,3.0,3,2.0,3.0,3.0,3.0,3.0,,3.0,3.0,3.0,3.0,3.0,3.0,3.0,3.0,3.0,3.0,3.0,3.0,3.0,3.0,3.0,3.0,3.0,3.0,3.0,3.0,1.0,3.0,3.0,2.0,3.0,3.0,3.0,3.0,3.0,3.0,3.0,3.0,3.0,3.0,3,3.0,3.0,3.0,3.0,3.0,3.0,2.0,3.0,3.0,3.0,3.0,3.0,3.0,3.0,3.0,2.0,3.0,3.0,3.0,3.0,3.0,3.0,,3.0,,3.0,3.0,0.0,3.0,3.0,3.0,2.0,,3.0,3.0,3.0,3.0,3.0,2.0,1.0,3.0,3.0,3.0,2.0,3.0,3.0,3.0,3.0,3.0,3.0,2.0,3.0,3.0,3.0,3.0,3.0,3.0,3.0,3.0,3.0,3.0,3.0,3.0,3,3.0,3.0,3.0,3.0,3.0,,3.0,2.0,3.0,3.0,3.0,3.0,3.0,3.0,3.0,3.0,3.0,3.0,3.0,3.0,3.0,3.0,3.0,3.0,3.0,3.0,1.0,3.0,3.0,3.0,2.0,3.0,3.0,3.0,3.0,3.0,3.0,3.0,1,3.0,3.0,3.0,3.0,3.0,2.0,3.0,3.0,1.0,1.0,3.0,3.0,3.0,3.0,3.0,,3.0,3.0,3.0,3.0,3.0,3.0,3.0,3.0,3.0,2.0,,3.0,1.0,3.0,3.0,3.0,3.0,3.0,3.0,3.0,1.0,3.0,3.0,2.0,3.0,3.0,3.0,,3.0,3.0,3.0,3.0,3.0,3.0,3.0,,,1.0,,3.0,,3.0,3.0,3.0,3.0,3.0,,,3.0,,3.0,3.0,3.0,,3.0,3.0,3.0,3.0,3.0,3.0,1.0,3.0,3.0,2.0,,3.0,,,3.0,3.0,3.0,,2.0,0.0,,140,9,0.0816733067729083,1.3255650544560253,-0.09361805209655634
3.0,2,3,3.0,3.0,3.0,3.0,3.0,3.0,3.0,3.0,3.0,3,3.0,3.0,1.0,3.0,,3.0,3.0,3.0,1.0,3.0,3.0,3.0,3.0,3.0,3.0,3.0,,3.0,3.0,3.0,3.0,3.0,3.0,3.0,3.0,3.0,3.0,3.0,2.0,2.0,3.0,3.0,3.0,3.0,3.0,3.0,1.0,3.0,3.0,3.0,3.0,3.0,3.0,3.0,3.0,3.0,1.0,1.0,,3.0,3.0,3.0,3.0,3,3.0,,3.0,,3.0,3.0,0.0,3.0,3.0,3.0,3.0,3.0,3.0,3.0,3.0,2.0,3,,3.0,3.0,3.0,3.0,,3.0,3.0,3.0,3.0,3.0,3.0,3.0,3.0,2,3.0,3.0,1.0,3.0,3.0,3.0,3.0,,3.0,2,3,3.0,3.0,3.0,1.0,3.0,3.0,3.0,3,3.0,3.0,3.0,3.0,2.0,,3,2.0,3.0,3.0,3.0,3.0,3.0,3.0,3.0,,3.0,3.0,3.0,,,,2,3.0,3.0,3.0,3.0,,3.0,3.0,3.0,3.0,3.0,3.0,2.0,2,3.0,3.0,3.0,3.0,3.0,3.0,3.0,3,3.0,3.0,3.0,2.0,2.0,2.0,3.0,,3.0,3.0,3,3.0,0.0,2.0,3.0,2.0,3.0,0.0,3.0,3.0,3.0,,3.0,3.0,3.0,,3.0,3.0,3.0,3.0,,2.0,3,,3.0,3.0,,,3,3.0,3.0,3.0,3.0,3.0,1,3.0,1.0,3.0,,,3.0,3.0,3,3.0,3.0,3.0,3.0,3.0,3.0,3.0,3.0,2.0,3.0,3,3.0,3.0,3.0,3.0,3.0,3.0,3.0,2,3.0,3.0,3.0,3.0,3.0,3.0,3.0,3.0,,3.0,3.0,3.0,3.0,3.0,3.0,,3.0,3.0,3.0,,,3.0,3.0,,3.0,3.0,3.0,3.0,3.0,3.0,2.0,3.0,,3.0,2.0,3.0,3.0,3.0,3.0,3.0,3.0,3.0,3.0,2,3.0,3.0,3.0,3.0,,3.0,3,3.0,,3.0,2.0,3.0,,,3.0,2.0,3.0,3.0,3.0,3.0,3.0,,,,3.0,3.0,3.0,3.0,3.0,3.0,3.0,3.0,,3.0,3.0,3.0,3.0,3.0,3.0,3.0,3.0,3.0,3.0,3.0,3.0,3.0,1.0,3.0,3.0,3.0,3.0,2.0,3.0,2.0,3.0,3.0,3.0,3.0,3.0,3.0,3.0,3.0,3,3.0,3.0,3.0,3.0,3.0,2.0,,3.0,3.0,1.0,3.0,3.0,3.0,3.0,3,3.0,,0.0,3.0,3.0,,3.0,2.0,3.0,3.0,3.0,3.0,3.0,3.0,3.0,3.0,2.0,3.0,3.0,,3.0,3.0,3.0,3.0,3.0,1.0,3.0,3.0,3.0,3.0,3.0,3.0,1.0,3.0,3.0,3.0,3.0,3.0,3.0,3.0,3,3.0,3.0,3.0,3.0,3.0,3.0,3.0,3.0,3.0,3.0,3.0,3.0,3.0,,3.0,3.0,3.0,3.0,3.0,,3.0,3.0,3.0,3.0,3.0,,3.0,3.0,3.0,2.0,3.0,,,2.0,,2.0,,3.0,,3.0,3.0,3.0,,3.0,3.0,,3.0,3.0,3.0,3.0,,3.0,,2.0,0.0,3.0,3.0,3.0,1.0,3.0,3.0,3.0,,3,3.0,3.0,3.0,3.0,3.0,,3.0,3.0,2.0,3.0,3.0,3.0,3.0,3.0,3.0,3.0,3.0,3.0,3.0,3.0,3.0,3.0,2.0,3.0,3.0,3.0,3.0,3.0,3.0,3.0,3.0,3.0,3.0,3.0,3.0,,3.0,3.0,3,,,3.0,3.0,3.0,,3.0,,,,3.0,3.0,3.0,2.0,3.0,3.0,3.0,3.0,3.0,2.0,3.0,3.0,3.0,3.0,3.0,3.0,3.0,3.0,,3.0,3.0,3.0,3.0,3.0,3.0,3.0,3.0,2.0,3.0,,,3.0,,,3.0,3.0,3.0,,3.0,1.0,,,3.0,3.0,,,,3.0,3.0,3.0,0.0,3.0,3.0,3.0,3.0,,3.0,,,,3.0,3.0,,,3.0,3.0,,3.0,,,,,,,,3.0,,3.0,3.0,3.0,3.0,141,9,0.0827886710239651,1.3799707602339182,-0.01877746363077754
2.0,1,2,3.0,3.0,3.0,3.0,3.0,3.0,2.0,3.0,3.0,2,3.0,3.0,3.0,3.0,,3.0,3.0,2.0,3.0,3.0,3.0,3.0,3.0,3.0,3.0,3.0,3.0,3.0,2.0,3.0,3.0,3.0,2.0,3.0,3.0,3.0,3.0,3.0,3.0,3.0,3.0,3.0,3.0,2.0,3.0,3.0,2.0,2.0,3.0,3.0,3.0,3.0,3.0,2.0,3.0,2.0,3.0,2.0,3.0,3.0,2.0,3.0,2.0,3,3.0,3.0,3.0,3.0,3.0,2.0,2.0,3.0,2.0,3.0,2.0,1.0,3.0,3.0,3.0,3.0,2,3.0,3.0,2.0,3.0,1.0,3.0,3.0,2.0,2.0,2.0,3.0,2.0,3.0,3.0,1,2.0,2.0,3.0,3.0,3.0,3.0,3.0,3.0,3.0,3,2,1.0,3.0,3.0,3.0,3.0,3.0,3.0,3,2.0,3.0,2.0,3.0,3.0,3.0,0,3.0,3.0,3.0,2.0,1.0,3.0,3.0,3.0,3.0,1.0,3.0,3.0,3.0,3.0,3.0,3,3.0,3.0,3.0,3.0,3.0,2.0,1.0,2.0,3.0,2.0,2.0,2.0,3,3.0,3.0,1.0,3.0,3.0,3.0,3.0,3,3.0,3.0,3.0,3.0,3.0,3.0,3.0,3.0,3.0,3.0,2,3.0,3.0,3.0,3.0,3.0,3.0,3.0,3.0,1.0,3.0,3.0,3.0,3.0,3.0,3.0,3.0,3.0,3.0,3.0,3.0,2.0,3,3.0,3.0,3.0,3.0,3.0,3,3.0,3.0,2.0,3.0,3.0,2,2.0,3.0,3.0,3.0,3.0,3.0,3.0,2,3.0,3.0,3.0,2.0,3.0,3.0,3.0,3.0,1.0,3.0,2,2.0,2.0,3.0,2.0,3.0,3.0,2.0,2,2.0,2.0,3.0,3.0,3.0,3.0,2.0,3.0,3.0,3.0,3.0,3.0,3.0,3.0,3.0,3.0,3.0,3.0,3.0,3.0,1.0,3.0,3.0,3.0,3.0,3.0,3.0,3.0,3.0,3.0,2.0,2.0,3.0,3.0,3.0,2.0,2.0,3.0,0.0,3.0,1.0,2.0,3.0,2,3.0,1.0,3.0,3.0,3.0,3.0,3,3.0,3.0,3.0,2.0,3.0,3.0,3.0,3.0,3.0,3.0,3.0,2.0,3.0,3.0,3.0,3.0,0.0,3.0,2.0,3.0,3.0,3.0,0.0,3.0,2.0,3.0,3.0,3.0,2.0,3.0,3.0,3.0,2.0,3.0,3.0,3.0,3.0,3.0,2.0,2.0,3.0,3.0,3.0,3.0,3.0,3.0,3.0,3.0,3.0,3.0,3.0,3.0,3.0,3.0,3.0,2,3.0,3.0,3.0,3.0,3.0,3.0,3.0,3.0,2.0,3.0,3.0,3.0,3.0,2.0,3,2.0,3.0,3.0,2.0,3.0,3.0,3.0,3.0,3.0,2.0,3.0,3.0,3.0,3.0,3.0,3.0,2.0,3.0,3.0,2.0,3.0,3.0,2.0,3.0,2.0,3.0,2.0,3.0,2.0,2.0,3.0,2.0,3.0,3.0,3.0,3.0,3.0,3.0,3.0,3.0,3,2.0,3.0,3.0,3.0,3.0,3.0,3.0,3.0,3.0,0.0,3.0,3.0,2.0,3.0,2.0,3.0,3.0,3.0,3.0,3.0,3.0,3.0,3.0,3.0,3.0,3.0,3.0,3.0,3.0,2.0,3.0,1.0,,3.0,3.0,3.0,3.0,3.0,3.0,3.0,3.0,3.0,3.0,3.0,3.0,,3.0,2.0,3.0,3.0,3.0,3.0,3.0,3.0,3.0,3.0,3.0,3.0,0.0,2.0,3.0,3.0,3.0,2,3.0,3.0,3.0,3.0,2.0,,3.0,3.0,2.0,3.0,3.0,3.0,3.0,3.0,3.0,3.0,3.0,3.0,3.0,3.0,1.0,3.0,3.0,3.0,3.0,3.0,3.0,2.0,1.0,3.0,3.0,3.0,3.0,3.0,3.0,3.0,2.0,3.0,3,3.0,3.0,3.0,3.0,3.0,,3.0,3.0,3.0,3.0,3.0,3.0,3.0,3.0,3.0,3.0,3.0,3.0,3.0,3.0,3.0,3.0,2.0,3.0,3.0,2.0,3.0,3.0,3.0,3.0,3.0,3.0,3.0,3.0,2.0,3.0,1.0,3.0,3.0,2.0,2.0,3.0,3.0,3.0,3.0,3.0,3.0,3.0,3.0,3.0,3.0,,3.0,3.0,2.0,3.0,3.0,3.0,3.0,3.0,3.0,3.0,3.0,3.0,3.0,3.0,3.0,3.0,3.0,3.0,3.0,3.0,3.0,2.0,2.0,3.0,3.0,3.0,3.0,3.0,3.0,3.0,3.0,3.0,3.0,3.0,3.0,3.0,3.0,3.0,,142,9,0.072356215213358,1.2097053726169844,-0.3101839336999854
3.0,2,2,3.0,3.0,3.0,2.0,3.0,3.0,3.0,3.0,3.0,2,3.0,3.0,1.0,3.0,,3.0,3.0,1.0,3.0,3.0,3.0,3.0,3.0,3.0,3.0,3.0,3.0,3.0,3.0,3.0,3.0,3.0,3.0,2.0,2.0,3.0,1.0,2.0,3.0,3.0,3.0,3.0,2.0,3.0,2.0,3.0,2.0,2.0,3.0,1.0,3.0,3.0,3.0,3.0,3.0,2.0,3.0,3.0,3.0,3.0,3.0,3.0,3.0,3,3.0,3.0,1.0,3.0,3.0,2.0,3.0,2.0,2.0,3.0,3.0,2.0,3.0,3.0,3.0,3.0,2,3.0,3.0,2.0,2.0,3.0,,3.0,3.0,2.0,3.0,2.0,2.0,3.0,3.0,2,2.0,2.0,3.0,3.0,3.0,3.0,3.0,3.0,3.0,3,3,2.0,3.0,3.0,3.0,3.0,3.0,3.0,3,2.0,3.0,3.0,3.0,3.0,3.0,3,3.0,3.0,3.0,3.0,3.0,3.0,3.0,3.0,3.0,3.0,3.0,3.0,3.0,3.0,3.0,3,3.0,3.0,3.0,3.0,3.0,3.0,3.0,3.0,3.0,3.0,3.0,2.0,3,2.0,3.0,3.0,3.0,3.0,3.0,3.0,3,3.0,3.0,3.0,3.0,3.0,2.0,3.0,3.0,2.0,2.0,3,3.0,3.0,2.0,3.0,3.0,3.0,3.0,3.0,2.0,1.0,3.0,3.0,2.0,3.0,3.0,3.0,3.0,3.0,2.0,3.0,2.0,2,2.0,3.0,2.0,3.0,3.0,2,3.0,2.0,2.0,3.0,3.0,2,2.0,3.0,3.0,3.0,3.0,2.0,2.0,3,2.0,3.0,3.0,2.0,3.0,3.0,2.0,3.0,2.0,2.0,2,3.0,2.0,3.0,3.0,3.0,3.0,3.0,2,2.0,2.0,3.0,2.0,3.0,3.0,3.0,2.0,3.0,3.0,3.0,3.0,3.0,3.0,3.0,3.0,3.0,1.0,3.0,3.0,3.0,3.0,3.0,3.0,3.0,3.0,2.0,3.0,3.0,3.0,3.0,3.0,3.0,3.0,3.0,3.0,2.0,3.0,1.0,2.0,2.0,2.0,3.0,2,3.0,3.0,3.0,3.0,3.0,3.0,2,2.0,0.0,2.0,0.0,1.0,3.0,3.0,3.0,3.0,2.0,3.0,3.0,3.0,3.0,3.0,2.0,3.0,3.0,3.0,3.0,3.0,3.0,3.0,3.0,2.0,3.0,3.0,3.0,2.0,2.0,3.0,3.0,3.0,3.0,3.0,3.0,3.0,3.0,3.0,3.0,3.0,2.0,3.0,3.0,3.0,0.0,3.0,2.0,3.0,3.0,3.0,3.0,2.0,3.0,3.0,3,3.0,3.0,3.0,0.0,1.0,1.0,3.0,2.0,3.0,3.0,3.0,3.0,3.0,3.0,3,3.0,3.0,3.0,3.0,3.0,3.0,3.0,2.0,3.0,3.0,1.0,3.0,3.0,3.0,3.0,3.0,1.0,3.0,3.0,3.0,3.0,3.0,3.0,1.0,3.0,0.0,3.0,3.0,3.0,3.0,3.0,2.0,3.0,3.0,3.0,3.0,2.0,2.0,3.0,3.0,3,3.0,3.0,3.0,2.0,3.0,3.0,3.0,3.0,3.0,2.0,3.0,3.0,3.0,3.0,3.0,3.0,3.0,3.0,3.0,3.0,3.0,3.0,3.0,3.0,1.0,3.0,3.0,3.0,3.0,3.0,3.0,3.0,3.0,3.0,3.0,3.0,3.0,3.0,3.0,3.0,3.0,3.0,3.0,3.0,3.0,,3.0,3.0,3.0,3.0,3.0,3.0,3.0,3.0,3.0,2.0,3.0,3.0,3.0,2.0,3.0,3.0,3.0,2,2.0,2.0,3.0,3.0,3.0,,3.0,3.0,3.0,3.0,1.0,3.0,3.0,2.0,3.0,1.0,3.0,3.0,3.0,2.0,0.0,3.0,3.0,3.0,3.0,3.0,3.0,3.0,3.0,3.0,3.0,3.0,3.0,3.0,2.0,3.0,3.0,2.0,3,3.0,3.0,3.0,3.0,3.0,3.0,3.0,3.0,3.0,3.0,3.0,3.0,3.0,3.0,3.0,3.0,3.0,3.0,1.0,3.0,2.0,3.0,2.0,3.0,3.0,1.0,2.0,3.0,3.0,3.0,1.0,3.0,3.0,3.0,3.0,3.0,3.0,3.0,3.0,3.0,3.0,3.0,3.0,3.0,3.0,3.0,3.0,3.0,3.0,3.0,3.0,,3.0,3.0,3.0,3.0,3.0,3.0,3.0,2.0,3.0,3.0,3.0,3.0,3.0,3.0,3.0,3.0,3.0,2.0,3.0,3.0,3.0,3.0,3.0,3.0,3.0,3.0,3.0,3.0,3.0,,3.0,3.0,3.0,3.0,3.0,3.0,2.0,3.0,2.0,143,9,0.0762081784386617,1.2136465324384786,-0.281337393575938
3.0,3,3,2.0,2.0,3.0,3.0,3.0,3.0,,3.0,2.0,2,3.0,,3.0,3.0,,,3.0,3.0,3.0,3.0,,3.0,3.0,3.0,3.0,3.0,3.0,2.0,3.0,3.0,3.0,0.0,3.0,3.0,,3.0,3.0,3.0,3.0,3.0,3.0,3.0,3.0,3.0,,3.0,3.0,3.0,3.0,3.0,3.0,,,3.0,3.0,3.0,3.0,,3.0,3.0,3.0,3.0,3.0,3,3.0,3.0,3.0,3.0,3.0,3.0,3.0,3.0,3.0,3.0,3.0,3.0,,3.0,3.0,0.0,3,2.0,3.0,3.0,3.0,3.0,0.0,,3.0,3.0,3.0,3.0,3.0,1.0,3.0,3,3.0,3.0,3.0,3.0,3.0,3.0,3.0,3.0,3.0,2,3,,3.0,3.0,3.0,3.0,3.0,,3,3.0,1.0,3.0,3.0,3.0,,3,3.0,3.0,3.0,3.0,3.0,3.0,3.0,3.0,3.0,3.0,3.0,2.0,3.0,,,3,3.0,3.0,3.0,2.0,3.0,2.0,3.0,,3.0,3.0,3.0,3.0,3,2.0,,3.0,3.0,1.0,1.0,3.0,3,3.0,2.0,3.0,3.0,3.0,,3.0,3.0,3.0,3.0,3,3.0,3.0,3.0,3.0,2.0,,1.0,3.0,0.0,2.0,3.0,,3.0,3.0,3.0,3.0,3.0,,3.0,,3.0,3,3.0,3.0,3.0,,3.0,3,3.0,3.0,3.0,3.0,3.0,3,,3.0,3.0,,,3.0,3.0,3,3.0,,3.0,3.0,3.0,3.0,3.0,3.0,3.0,3.0,3,3.0,3.0,3.0,,,3.0,,3,2.0,3.0,3.0,,3.0,3.0,3.0,3.0,,,,3.0,2.0,3.0,3.0,,,3.0,3.0,,,,3.0,2.0,3.0,3.0,3.0,3.0,3.0,,3.0,3.0,,3.0,,3.0,3.0,,3.0,2.0,3.0,3.0,3.0,2,,,3.0,3.0,3.0,,3,3.0,,,3.0,3.0,3.0,0.0,3.0,,3.0,3.0,3.0,,3.0,,3.0,,3.0,3.0,3.0,3.0,3.0,,,3.0,3.0,3.0,,3.0,3.0,3.0,3.0,3.0,3.0,3.0,3.0,,3.0,3.0,3.0,3.0,3.0,3.0,3.0,3.0,3.0,3.0,,,,,3.0,3.0,,3.0,3,3.0,3.0,,3.0,3.0,3.0,,1.0,,,2.0,,3.0,3.0,3,3.0,3.0,,3.0,,,3.0,3.0,,3.0,3.0,3.0,3.0,2.0,,3.0,3.0,,1.0,3.0,3.0,3.0,3.0,3.0,3.0,3.0,3.0,3.0,3.0,3.0,3.0,3.0,3.0,,3.0,3.0,3.0,3.0,3.0,,3,3.0,,3.0,3.0,3.0,3.0,3.0,2.0,3.0,3.0,3.0,2.0,3.0,3.0,,3.0,,,3.0,3.0,,,,3.0,,,3.0,,3.0,3.0,1.0,3.0,,3.0,,3.0,3.0,,3.0,3.0,3.0,3.0,,3.0,,,3.0,3.0,,3.0,,3.0,,3.0,,2.0,,2.0,,3.0,3.0,3.0,3.0,3,3.0,,3.0,2.0,3.0,,3.0,3.0,0.0,,,1.0,3.0,3.0,2.0,3.0,3.0,1.0,,3.0,,,,3.0,3.0,3.0,3.0,,,,,3.0,3.0,,3.0,3.0,3.0,3.0,3,3.0,,3.0,3.0,3.0,,3.0,,2.0,3.0,3.0,3.0,3.0,,,,3.0,3.0,3.0,,,,3.0,,3.0,3.0,,3.0,,,3.0,3.0,3.0,1.0,3.0,,3.0,,,3.0,3.0,3.0,3.0,3.0,,3.0,1.0,3.0,3.0,3.0,1.0,,,3.0,,3.0,,,3.0,3.0,3.0,3.0,2.0,,3.0,,3.0,,,,2.0,,,,,3.0,,3.0,3.0,3.0,,,,,3.0,,3.0,,3.0,3.0,,144,9,0.1040609137055837,1.4576069730586372,0.11164946791968924
2.0,3,3,1.0,3.0,2.0,3.0,3.0,3.0,3.0,1.0,3.0,2,2.0,3.0,3.0,3.0,3.0,3.0,3.0,3.0,2.0,3.0,3.0,2.0,3.0,3.0,3.0,3.0,3.0,2.0,2.0,3.0,3.0,3.0,2.0,3.0,3.0,3.0,3.0,3.0,3.0,2.0,3.0,2.0,3.0,2.0,3.0,3.0,2.0,2.0,3.0,3.0,3.0,2.0,3.0,3.0,3.0,3.0,3.0,3.0,3.0,2.0,2.0,1.0,2.0,3,3.0,3.0,3.0,3.0,3.0,2.0,2.0,3.0,3.0,3.0,3.0,3.0,2.0,3.0,3.0,3.0,3,2.0,3.0,2.0,2.0,3.0,3.0,3.0,3.0,2.0,3.0,3.0,2.0,3.0,3.0,2,3.0,2.0,3.0,3.0,2.0,2.0,3.0,3.0,3.0,2,2,3.0,3.0,3.0,3.0,3.0,3.0,2.0,2,3.0,2.0,2.0,3.0,0.0,3.0,1,2.0,3.0,2.0,3.0,2.0,3.0,3.0,3.0,3.0,3.0,1.0,2.0,3.0,3.0,3.0,2,2.0,3.0,3.0,3.0,3.0,2.0,2.0,3.0,3.0,1.0,2.0,3.0,3,3.0,3.0,2.0,3.0,3.0,3.0,1.0,0,2.0,3.0,3.0,2.0,3.0,3.0,3.0,2.0,3.0,2.0,3,3.0,2.0,3.0,3.0,3.0,3.0,3.0,3.0,2.0,3.0,3.0,3.0,3.0,3.0,3.0,3.0,3.0,3.0,3.0,3.0,2.0,3,2.0,2.0,2.0,3.0,2.0,3,3.0,2.0,3.0,3.0,2.0,2,3.0,3.0,3.0,3.0,3.0,1.0,3.0,1,2.0,3.0,3.0,3.0,3.0,0.0,3.0,3.0,3.0,3.0,2,2.0,3.0,2.0,2.0,3.0,3.0,3.0,2,3.0,3.0,3.0,3.0,2.0,3.0,3.0,3.0,3.0,3.0,3.0,2.0,3.0,3.0,3.0,3.0,3.0,3.0,3.0,3.0,3.0,3.0,3.0,3.0,3.0,3.0,3.0,3.0,2.0,3.0,3.0,2.0,3.0,3.0,3.0,2.0,3.0,3.0,3.0,3.0,3.0,1.0,3.0,2,3.0,3.0,2.0,3.0,3.0,3.0,3,3.0,3.0,3.0,3.0,3.0,3.0,3.0,3.0,3.0,3.0,3.0,2.0,3.0,3.0,3.0,3.0,3.0,3.0,3.0,3.0,2.0,2.0,3.0,3.0,3.0,3.0,3.0,3.0,2.0,3.0,3.0,3.0,2.0,3.0,1.0,3.0,3.0,3.0,2.0,3.0,3.0,3.0,3.0,3.0,2.0,3.0,3.0,3.0,2.0,3.0,3.0,2.0,3.0,3.0,2.0,2,3.0,3.0,3.0,2.0,3.0,3.0,3.0,3.0,3.0,3.0,3.0,3.0,3.0,2.0,3,2.0,3.0,3.0,3.0,3.0,3.0,3.0,3.0,3.0,3.0,1.0,3.0,3.0,3.0,3.0,3.0,3.0,3.0,3.0,3.0,3.0,2.0,2.0,2.0,3.0,3.0,2.0,3.0,3.0,2.0,3.0,3.0,3.0,3.0,3.0,3.0,3.0,3.0,3.0,3.0,2,3.0,3.0,3.0,1.0,3.0,2.0,3.0,3.0,3.0,2.0,3.0,3.0,3.0,3.0,2.0,3.0,3.0,3.0,1.0,2.0,3.0,3.0,3.0,3.0,3.0,3.0,3.0,3.0,3.0,2.0,3.0,3.0,3.0,2.0,3.0,3.0,3.0,3.0,1.0,3.0,3.0,2.0,3.0,3.0,3.0,3.0,1.0,2.0,2.0,3.0,3.0,3.0,3.0,3.0,3.0,2.0,3.0,3.0,3.0,3.0,3.0,2.0,3.0,3,3.0,2.0,3.0,3.0,3.0,,3.0,3.0,3.0,3.0,3.0,3.0,3.0,3.0,3.0,3.0,3.0,3.0,2.0,3.0,3.0,3.0,3.0,3.0,2.0,3.0,3.0,3.0,0.0,2.0,1.0,3.0,3.0,3.0,3.0,3.0,3.0,2.0,3,3.0,3.0,3.0,3.0,3.0,3.0,3.0,0.0,2.0,2.0,3.0,1.0,3.0,3.0,3.0,3.0,3.0,3.0,3.0,3.0,3.0,3.0,3.0,2.0,3.0,2.0,3.0,2.0,3.0,3.0,3.0,2.0,3.0,3.0,3.0,3.0,3.0,3.0,3.0,1.0,3.0,3.0,3.0,3.0,2.0,3.0,1.0,3.0,0.0,3.0,3.0,3.0,3.0,3.0,3.0,3.0,3.0,3.0,3.0,3.0,3.0,3.0,3.0,3.0,3.0,3.0,3.0,3.0,3.0,,3.0,3.0,3.0,3.0,3.0,3.0,3.0,3.0,2.0,2.0,3.0,3.0,3.0,3.0,3.0,3.0,3.0,3.0,3.0,3.0,3.0,145,9,0.056159420289855,1.1876238850346879,-0.4042687999697407
3.0,3,3,3.0,3.0,3.0,2.0,3.0,3.0,3.0,3.0,3.0,2,3.0,3.0,3.0,3.0,1.0,3.0,3.0,3.0,2.0,3.0,2.0,3.0,3.0,3.0,3.0,3.0,3.0,2.0,2.0,3.0,3.0,3.0,3.0,3.0,3.0,2.0,3.0,3.0,3.0,2.0,3.0,1.0,3.0,2.0,2.0,3.0,3.0,2.0,3.0,3.0,3.0,3.0,3.0,3.0,3.0,3.0,3.0,2.0,2.0,2.0,3.0,3.0,2.0,2,3.0,3.0,3.0,1.0,3.0,3.0,2.0,2.0,2.0,3.0,3.0,2.0,3.0,3.0,2.0,3.0,0,3.0,3.0,2.0,2.0,2.0,,3.0,2.0,2.0,3.0,3.0,1.0,3.0,3.0,2,2.0,3.0,1.0,3.0,2.0,2.0,2.0,3.0,3.0,2,3,3.0,3.0,2.0,3.0,2.0,3.0,2.0,3,3.0,3.0,3.0,3.0,2.0,3.0,2,3.0,3.0,3.0,3.0,2.0,3.0,2.0,3.0,1.0,3.0,2.0,1.0,3.0,3.0,3.0,2,3.0,3.0,3.0,3.0,3.0,2.0,2.0,2.0,3.0,2.0,3.0,3.0,2,3.0,3.0,3.0,3.0,3.0,3.0,3.0,2,3.0,2.0,3.0,3.0,3.0,3.0,3.0,3.0,2.0,3.0,3,3.0,2.0,3.0,3.0,3.0,3.0,2.0,3.0,3.0,3.0,3.0,3.0,3.0,3.0,3.0,2.0,3.0,3.0,3.0,3.0,2.0,3,3.0,3.0,3.0,3.0,3.0,2,3.0,2.0,3.0,3.0,2.0,2,3.0,3.0,3.0,3.0,3.0,2.0,2.0,2,2.0,3.0,3.0,2.0,2.0,3.0,3.0,3.0,3.0,3.0,2,3.0,2.0,3.0,3.0,3.0,3.0,3.0,3,3.0,3.0,3.0,3.0,3.0,2.0,3.0,3.0,3.0,2.0,3.0,3.0,3.0,2.0,3.0,3.0,3.0,3.0,3.0,3.0,3.0,3.0,3.0,3.0,3.0,3.0,2.0,2.0,3.0,3.0,2.0,2.0,3.0,3.0,3.0,3.0,3.0,3.0,3.0,3.0,2.0,3.0,3.0,2,3.0,3.0,1.0,3.0,0.0,3.0,3,3.0,3.0,2.0,3.0,3.0,3.0,3.0,3.0,3.0,3.0,3.0,2.0,2.0,3.0,3.0,3.0,3.0,3.0,3.0,1.0,3.0,2.0,3.0,3.0,3.0,3.0,3.0,3.0,2.0,3.0,3.0,3.0,2.0,3.0,2.0,3.0,3.0,3.0,3.0,3.0,3.0,3.0,3.0,3.0,3.0,3.0,3.0,3.0,2.0,3.0,3.0,3.0,3.0,3.0,3.0,3,2.0,2.0,3.0,3.0,3.0,3.0,0.0,3.0,3.0,3.0,3.0,3.0,3.0,2.0,3,2.0,3.0,3.0,2.0,1.0,3.0,3.0,2.0,3.0,3.0,3.0,3.0,3.0,3.0,3.0,2.0,2.0,3.0,3.0,3.0,3.0,1.0,2.0,3.0,2.0,3.0,2.0,3.0,3.0,3.0,3.0,3.0,3.0,1.0,2.0,3.0,2.0,3.0,3.0,3.0,3,3.0,3.0,3.0,2.0,2.0,3.0,3.0,3.0,3.0,1.0,3.0,2.0,2.0,3.0,1.0,3.0,3.0,3.0,3.0,3.0,3.0,3.0,3.0,2.0,3.0,0.0,2.0,3.0,3.0,1.0,3.0,3.0,3.0,3.0,3.0,3.0,3.0,3.0,3.0,3.0,3.0,3.0,3.0,3.0,3.0,,3.0,2.0,2.0,3.0,3.0,3.0,3.0,3.0,3.0,3.0,2.0,3.0,3.0,2.0,3.0,3.0,3.0,3,3.0,3.0,3.0,2.0,3.0,,3.0,3.0,3.0,3.0,3.0,2.0,3.0,3.0,3.0,3.0,3.0,3.0,3.0,3.0,3.0,3.0,3.0,3.0,3.0,3.0,3.0,3.0,3.0,3.0,3.0,3.0,2.0,3.0,3.0,3.0,3.0,3.0,3,3.0,3.0,3.0,3.0,1.0,,1.0,3.0,3.0,3.0,2.0,0.0,3.0,3.0,3.0,3.0,2.0,2.0,2.0,1.0,1.0,3.0,2.0,3.0,3.0,1.0,3.0,3.0,3.0,3.0,3.0,3.0,3.0,3.0,3.0,2.0,3.0,3.0,1.0,3.0,3.0,3.0,3.0,3.0,3.0,2.0,3.0,3.0,3.0,1.0,3.0,3.0,3.0,3.0,3.0,3.0,3.0,2.0,3.0,3.0,3.0,3.0,2.0,3.0,3.0,3.0,3.0,3.0,3.0,3.0,3.0,3.0,3.0,3.0,3.0,3.0,3.0,2.0,3.0,3.0,,,3.0,3.0,3.0,3.0,3.0,3.0,3.0,0.0,,146,9,0.066420664206642,1.1817780022730142,-0.3429120536116921
3.0,3,3,3.0,3.0,2.0,3.0,3.0,3.0,3.0,3.0,3.0,3,1.0,,3.0,3.0,,,3.0,3.0,3.0,3.0,3.0,3.0,3.0,2.0,3.0,3.0,3.0,3.0,3.0,3.0,3.0,3.0,3.0,3.0,3.0,3.0,1.0,0.0,3.0,3.0,3.0,3.0,3.0,3.0,3.0,3.0,3.0,3.0,3.0,2.0,3.0,3.0,3.0,3.0,3.0,2.0,2.0,3.0,,2.0,3.0,3.0,3.0,3,3.0,3.0,3.0,3.0,3.0,2.0,3.0,3.0,2.0,3.0,3.0,3.0,3.0,3.0,3.0,2.0,3,2.0,3.0,2.0,3.0,3.0,,3.0,3.0,3.0,3.0,3.0,3.0,3.0,3.0,3,3.0,3.0,3.0,3.0,3.0,3.0,3.0,3.0,3.0,3,3,3.0,3.0,3.0,3.0,3.0,3.0,3.0,3,3.0,3.0,3.0,3.0,3.0,3.0,3,3.0,3.0,,3.0,3.0,3.0,3.0,3.0,3.0,3.0,3.0,1.0,3.0,3.0,3.0,3,3.0,3.0,2.0,3.0,2.0,3.0,3.0,3.0,3.0,3.0,3.0,3.0,3,3.0,3.0,3.0,3.0,3.0,3.0,3.0,3,3.0,1.0,2.0,3.0,3.0,3.0,3.0,3.0,3.0,3.0,2,3.0,3.0,3.0,3.0,2.0,2.0,3.0,3.0,2.0,1.0,3.0,3.0,2.0,3.0,3.0,3.0,3.0,3.0,1.0,3.0,3.0,3,3.0,3.0,3.0,3.0,3.0,3,3.0,2.0,3.0,3.0,3.0,2,3.0,3.0,3.0,3.0,3.0,3.0,2.0,3,2.0,1.0,3.0,2.0,3.0,2.0,3.0,1.0,3.0,0.0,3,2.0,2.0,3.0,2.0,3.0,3.0,3.0,3,2.0,3.0,3.0,3.0,3.0,3.0,3.0,3.0,3.0,3.0,2.0,3.0,3.0,3.0,3.0,3.0,3.0,3.0,3.0,3.0,,2.0,3.0,2.0,3.0,3.0,2.0,3.0,2.0,2.0,3.0,2.0,3.0,3.0,3.0,3.0,3.0,3.0,2.0,3.0,3.0,2.0,3.0,3,3.0,3.0,2.0,,0.0,3.0,3,3.0,3.0,3.0,3.0,3.0,3.0,3.0,3.0,3.0,3.0,1.0,3.0,3.0,3.0,3.0,3.0,3.0,3.0,3.0,3.0,3.0,3.0,3.0,0.0,2.0,3.0,3.0,3.0,3.0,3.0,3.0,3.0,3.0,3.0,3.0,3.0,3.0,3.0,3.0,3.0,3.0,3.0,3.0,3.0,3.0,3.0,3.0,3.0,3.0,2.0,3.0,3.0,3.0,3.0,2.0,3,3.0,3.0,,2.0,3.0,3.0,3.0,3.0,3.0,2.0,3.0,3.0,3.0,3.0,3,3.0,3.0,,3.0,,,3.0,3.0,3.0,3.0,3.0,3.0,3.0,3.0,3.0,3.0,3.0,3.0,3.0,3.0,3.0,3.0,3.0,2.0,3.0,3.0,3.0,3.0,3.0,3.0,2.0,3.0,3.0,2.0,3.0,3.0,3.0,1.0,3.0,,3,2.0,3.0,3.0,3.0,,3.0,3.0,3.0,3.0,3.0,3.0,3.0,3.0,3.0,3.0,3.0,3.0,3.0,3.0,3.0,3.0,2.0,,1.0,3.0,3.0,3.0,3.0,1.0,3.0,3.0,3.0,,2.0,3.0,2.0,3.0,3.0,3.0,3.0,3.0,3.0,,3.0,2.0,,3.0,3.0,3.0,3.0,3.0,3.0,3.0,3.0,3.0,2.0,3.0,3.0,3.0,3.0,3.0,3.0,3.0,3,3.0,3.0,3.0,3.0,3.0,,3.0,2.0,3.0,3.0,,2.0,3.0,3.0,3.0,3.0,3.0,3.0,3.0,3.0,3.0,3.0,3.0,3.0,3.0,3.0,,3.0,,3.0,3.0,3.0,3.0,3.0,1.0,3.0,3.0,3.0,3,2.0,3.0,3.0,3.0,3.0,3.0,3.0,3.0,3.0,3.0,2.0,3.0,3.0,3.0,,3.0,3.0,3.0,3.0,,3.0,3.0,3.0,3.0,3.0,3.0,,3.0,,3.0,3.0,3.0,2.0,,3.0,3.0,3.0,3.0,3.0,3.0,3.0,1.0,3.0,3.0,3.0,3.0,3.0,0.0,3.0,3.0,3.0,,3.0,3.0,3.0,3.0,0.0,,3.0,3.0,3.0,1.0,,3.0,3.0,,2.0,,3.0,,,3.0,,3.0,3.0,3.0,,3.0,3.0,3.0,3.0,,3.0,3.0,3.0,,,3.0,3.0,3.0,1.0,147,9,0.0790513833992094,1.2996600807308265,-0.11662341601561699
3.0,2,3,3.0,3.0,3.0,3.0,3.0,3.0,,3.0,3.0,3,3.0,3.0,3.0,3.0,,3.0,3.0,3.0,3.0,3.0,3.0,3.0,3.0,3.0,3.0,3.0,3.0,3.0,2.0,3.0,3.0,2.0,2.0,3.0,3.0,3.0,3.0,3.0,2.0,3.0,3.0,3.0,3.0,3.0,3.0,3.0,1.0,3.0,3.0,3.0,3.0,3.0,3.0,3.0,3.0,3.0,3.0,2.0,3.0,3.0,3.0,3.0,3.0,3,3.0,,3.0,,3.0,3.0,3.0,3.0,3.0,3.0,3.0,3.0,3.0,3.0,3.0,3.0,3,3.0,3.0,3.0,3.0,3.0,,3.0,3.0,2.0,3.0,3.0,3.0,3.0,3.0,3,3.0,3.0,3.0,3.0,1.0,3.0,3.0,3.0,3.0,3,3,3.0,3.0,3.0,3.0,3.0,3.0,3.0,3,3.0,3.0,1.0,3.0,3.0,,2,3.0,3.0,3.0,3.0,0.0,1.0,3.0,3.0,3.0,3.0,2.0,1.0,3.0,3.0,3.0,3,3.0,3.0,3.0,,3.0,3.0,3.0,3.0,3.0,3.0,3.0,2.0,3,3.0,3.0,3.0,3.0,3.0,3.0,3.0,2,3.0,3.0,3.0,3.0,3.0,3.0,3.0,3.0,3.0,3.0,3,2.0,1.0,0.0,3.0,3.0,3.0,3.0,,3.0,2.0,,3.0,3.0,3.0,3.0,3.0,3.0,3.0,3.0,3.0,2.0,3,3.0,3.0,3.0,3.0,3.0,3,2.0,3.0,3.0,3.0,3.0,3,3.0,3.0,3.0,3.0,3.0,2.0,2.0,2,3.0,3.0,3.0,3.0,3.0,3.0,3.0,3.0,3.0,3.0,3,3.0,3.0,0.0,2.0,3.0,3.0,3.0,2,3.0,3.0,3.0,3.0,3.0,1.0,2.0,3.0,3.0,3.0,1.0,3.0,3.0,3.0,3.0,,3.0,2.0,3.0,3.0,3.0,3.0,3.0,3.0,2.0,3.0,2.0,3.0,3.0,3.0,0.0,3.0,3.0,3.0,3.0,3.0,3.0,3.0,3.0,3.0,3.0,2.0,3.0,3,3.0,3.0,3.0,3.0,3.0,3.0,2,3.0,3.0,3.0,3.0,3.0,2.0,3.0,3.0,3.0,3.0,3.0,2.0,3.0,3.0,3.0,3.0,3.0,3.0,3.0,3.0,3.0,3.0,3.0,3.0,3.0,3.0,3.0,3.0,2.0,3.0,3.0,3.0,2.0,3.0,2.0,3.0,3.0,3.0,3.0,3.0,3.0,3.0,3.0,3.0,3.0,3.0,3.0,3.0,3.0,3.0,3.0,0.0,3.0,3.0,2.0,2,3.0,3.0,3.0,3.0,2.0,3.0,3.0,3.0,3.0,3.0,3.0,3.0,3.0,3.0,3,3.0,3.0,,3.0,3.0,,3.0,3.0,3.0,3.0,3.0,3.0,3.0,3.0,3.0,3.0,3.0,3.0,3.0,3.0,3.0,1.0,2.0,3.0,2.0,1.0,3.0,3.0,3.0,3.0,3.0,3.0,3.0,3.0,3.0,3.0,3.0,3.0,2.0,3.0,2,3.0,3.0,3.0,3.0,2.0,2.0,3.0,3.0,3.0,2.0,3.0,3.0,3.0,3.0,3.0,3.0,3.0,3.0,3.0,3.0,3.0,3.0,3.0,3.0,3.0,3.0,3.0,3.0,3.0,3.0,3.0,3.0,,3.0,,3.0,,3.0,3.0,3.0,3.0,3.0,3.0,3.0,1.0,3.0,3.0,3.0,3.0,3.0,3.0,3.0,3.0,3.0,3.0,3.0,3.0,2.0,3.0,3.0,3.0,3.0,3.0,3,3.0,3.0,3.0,3.0,3.0,,3.0,2.0,3.0,3.0,3.0,3.0,3.0,3.0,3.0,,3.0,3.0,3.0,3.0,3.0,3.0,3.0,,3.0,3.0,3.0,3.0,3.0,1.0,3.0,3.0,3.0,3.0,3.0,3.0,3.0,3.0,3,3.0,,3.0,3.0,,,,3.0,3.0,3.0,3.0,3.0,3.0,3.0,3.0,3.0,3.0,3.0,3.0,3.0,3.0,,3.0,3.0,3.0,3.0,3.0,3.0,,3.0,3.0,3.0,3.0,3.0,3.0,3.0,3.0,3.0,3.0,3.0,3.0,3.0,3.0,3.0,3.0,2.0,3.0,3.0,3.0,3.0,,3.0,3.0,3.0,,3.0,,3.0,3.0,1.0,2.0,3.0,3.0,3.0,3.0,,3.0,,3.0,,3.0,,,,3.0,3.0,3.0,1.0,3.0,1.0,,,3.0,3.0,3.0,3.0,3.0,0.0,3.0,3.0,,148,9,0.0537428023032629,1.3585541608554161,-0.2049526023874821
3.0,3,3,2.0,2.0,3.0,2.0,3.0,3.0,3.0,2.0,2.0,2,2.0,3.0,3.0,3.0,,3.0,3.0,3.0,3.0,3.0,3.0,3.0,1.0,3.0,3.0,3.0,3.0,2.0,2.0,3.0,3.0,3.0,3.0,3.0,2.0,3.0,3.0,3.0,3.0,3.0,3.0,3.0,3.0,2.0,3.0,3.0,2.0,3.0,3.0,3.0,3.0,3.0,3.0,3.0,3.0,3.0,3.0,3.0,3.0,3.0,3.0,3.0,2.0,3,3.0,3.0,3.0,3.0,3.0,3.0,2.0,3.0,2.0,3.0,3.0,3.0,3.0,3.0,3.0,3.0,3,3.0,3.0,2.0,3.0,3.0,3.0,2.0,3.0,3.0,2.0,3.0,3.0,3.0,3.0,3,3.0,3.0,3.0,3.0,2.0,2.0,1.0,3.0,3.0,3,3,3.0,3.0,2.0,3.0,3.0,3.0,3.0,3,3.0,3.0,3.0,3.0,3.0,3.0,3,3.0,3.0,3.0,1.0,3.0,2.0,2.0,3.0,3.0,3.0,3.0,3.0,3.0,3.0,3.0,2,2.0,3.0,3.0,3.0,3.0,3.0,3.0,3.0,3.0,3.0,3.0,3.0,3,3.0,2.0,3.0,3.0,3.0,1.0,3.0,2,3.0,3.0,3.0,3.0,3.0,3.0,3.0,3.0,3.0,3.0,3,3.0,3.0,2.0,3.0,3.0,2.0,3.0,3.0,3.0,3.0,3.0,3.0,3.0,3.0,3.0,3.0,3.0,3.0,3.0,,2.0,2,3.0,2.0,3.0,2.0,3.0,3,3.0,3.0,2.0,3.0,3.0,3,3.0,3.0,3.0,,3.0,3.0,3.0,2,2.0,1.0,3.0,3.0,2.0,3.0,1.0,3.0,3.0,3.0,2,3.0,2.0,3.0,3.0,2.0,1.0,3.0,2,3.0,3.0,3.0,3.0,2.0,3.0,3.0,3.0,3.0,3.0,3.0,3.0,3.0,3.0,3.0,3.0,3.0,3.0,3.0,3.0,3.0,3.0,3.0,3.0,3.0,3.0,3.0,3.0,1.0,0.0,2.0,3.0,3.0,3.0,3.0,2.0,3.0,3.0,3.0,3.0,3.0,3.0,3.0,3,3.0,3.0,3.0,3.0,3.0,3.0,2,3.0,3.0,3.0,3.0,3.0,3.0,3.0,3.0,3.0,3.0,3.0,2.0,3.0,3.0,3.0,3.0,3.0,3.0,2.0,3.0,1.0,3.0,1.0,3.0,2.0,3.0,3.0,1.0,3.0,2.0,3.0,3.0,3.0,3.0,0.0,2.0,3.0,3.0,2.0,3.0,3.0,3.0,3.0,3.0,3.0,3.0,2.0,3.0,3.0,2.0,3.0,3.0,1.0,3.0,3.0,2,3.0,3.0,3.0,3.0,3.0,2.0,3.0,3.0,3.0,3.0,0.0,3.0,3.0,2.0,2,0.0,3.0,3.0,3.0,3.0,,1.0,3.0,3.0,2.0,3.0,2.0,2.0,3.0,3.0,2.0,3.0,3.0,3.0,3.0,3.0,3.0,3.0,3.0,3.0,3.0,3.0,3.0,3.0,3.0,3.0,3.0,1.0,3.0,3.0,1.0,3.0,2.0,3.0,3.0,2,3.0,3.0,3.0,2.0,3.0,3.0,2.0,3.0,2.0,2.0,3.0,3.0,2.0,3.0,3.0,3.0,3.0,3.0,3.0,3.0,3.0,2.0,3.0,3.0,3.0,3.0,3.0,2.0,3.0,3.0,3.0,3.0,,3.0,3.0,3.0,3.0,3.0,3.0,3.0,3.0,2.0,3.0,3.0,3.0,,1.0,3.0,3.0,3.0,3.0,3.0,3.0,0.0,3.0,3.0,3.0,3.0,3.0,0.0,3.0,3.0,3.0,3,3.0,3.0,3.0,3.0,3.0,,3.0,2.0,3.0,3.0,2.0,3.0,3.0,3.0,3.0,3.0,3.0,3.0,3.0,3.0,3.0,3.0,3.0,3.0,3.0,3.0,3.0,2.0,3.0,2.0,3.0,3.0,3.0,3.0,3.0,1.0,2.0,3.0,3,3.0,3.0,3.0,3.0,3.0,,3.0,3.0,3.0,3.0,1.0,3.0,3.0,3.0,3.0,3.0,3.0,3.0,2.0,3.0,3.0,1.0,3.0,2.0,2.0,2.0,3.0,3.0,3.0,3.0,2.0,2.0,3.0,3.0,3.0,3.0,3.0,3.0,3.0,3.0,3.0,3.0,3.0,3.0,3.0,3.0,3.0,3.0,3.0,3.0,3.0,3.0,3.0,3.0,,3.0,3.0,3.0,3.0,3.0,3.0,3.0,3.0,3.0,3.0,3.0,3.0,3.0,1.0,,3.0,3.0,3.0,3.0,3.0,3.0,,3.0,3.0,3.0,,,2.0,,3.0,3.0,3.0,3.0,3.0,3.0,,149,9,0.0714285714285714,1.2466322055137846,-0.20091554004482853
2.0,2,2,3.0,3.0,3.0,2.0,3.0,3.0,3.0,3.0,3.0,2,3.0,2.0,3.0,2.0,,2.0,2.0,3.0,3.0,2.0,2.0,3.0,3.0,3.0,3.0,3.0,3.0,2.0,2.0,2.0,2.0,0.0,3.0,3.0,2.0,3.0,2.0,2.0,2.0,2.0,3.0,2.0,3.0,2.0,3.0,3.0,2.0,2.0,3.0,3.0,3.0,3.0,3.0,2.0,3.0,1.0,2.0,2.0,3.0,2.0,3.0,1.0,3.0,2,3.0,3.0,3.0,3.0,2.0,2.0,3.0,3.0,3.0,3.0,3.0,2.0,3.0,3.0,1.0,3.0,3,3.0,2.0,3.0,3.0,1.0,0.0,2.0,3.0,2.0,2.0,3.0,3.0,2.0,3.0,3,3.0,2.0,2.0,3.0,3.0,3.0,3.0,3.0,3.0,3,2,3.0,3.0,2.0,3.0,2.0,3.0,3.0,3,3.0,3.0,2.0,2.0,3.0,3.0,3,2.0,3.0,3.0,2.0,2.0,0.0,3.0,3.0,3.0,2.0,3.0,2.0,3.0,3.0,3.0,2,2.0,3.0,3.0,3.0,3.0,3.0,2.0,2.0,3.0,2.0,1.0,2.0,3,3.0,3.0,3.0,3.0,3.0,3.0,3.0,3,3.0,2.0,3.0,3.0,1.0,3.0,3.0,3.0,2.0,3.0,2,3.0,1.0,3.0,2.0,3.0,3.0,3.0,3.0,2.0,2.0,3.0,3.0,3.0,3.0,2.0,2.0,3.0,3.0,2.0,3.0,3.0,2,3.0,3.0,3.0,3.0,3.0,2,3.0,3.0,1.0,2.0,2.0,2,2.0,3.0,3.0,3.0,1.0,2.0,2.0,2,2.0,3.0,3.0,2.0,2.0,3.0,2.0,3.0,3.0,3.0,2,3.0,2.0,3.0,3.0,3.0,3.0,1.0,2,3.0,3.0,3.0,3.0,2.0,3.0,3.0,2.0,3.0,3.0,3.0,3.0,2.0,2.0,3.0,3.0,3.0,3.0,3.0,2.0,2.0,3.0,3.0,3.0,3.0,2.0,2.0,2.0,3.0,3.0,2.0,2.0,3.0,2.0,3.0,3.0,3.0,3.0,3.0,2.0,3.0,2.0,3.0,2,3.0,3.0,3.0,3.0,3.0,3.0,2,3.0,3.0,2.0,3.0,3.0,3.0,3.0,3.0,3.0,1.0,2.0,3.0,3.0,2.0,1.0,3.0,3.0,2.0,3.0,3.0,3.0,2.0,3.0,3.0,0.0,3.0,3.0,3.0,3.0,3.0,3.0,2.0,2.0,3.0,2.0,2.0,3.0,3.0,2.0,1.0,1.0,2.0,3.0,3.0,2.0,3.0,2.0,3.0,3.0,1.0,3.0,3.0,2.0,3.0,1.0,3,2.0,2.0,2.0,3.0,2.0,1.0,3.0,3.0,3.0,3.0,2.0,3.0,3.0,2.0,3,2.0,3.0,3.0,3.0,3.0,0.0,2.0,2.0,2.0,3.0,3.0,2.0,2.0,3.0,3.0,3.0,2.0,3.0,3.0,2.0,3.0,3.0,2.0,2.0,1.0,2.0,2.0,3.0,1.0,3.0,2.0,2.0,2.0,3.0,3.0,3.0,0.0,3.0,3.0,3.0,2,3.0,3.0,3.0,3.0,2.0,2.0,2.0,3.0,3.0,2.0,3.0,3.0,3.0,3.0,3.0,2.0,2.0,3.0,1.0,3.0,3.0,3.0,3.0,3.0,3.0,3.0,2.0,3.0,2.0,1.0,2.0,3.0,3.0,3.0,3.0,3.0,3.0,3.0,3.0,2.0,3.0,3.0,3.0,3.0,3.0,3.0,3.0,1.0,2.0,2.0,3.0,3.0,3.0,2.0,3.0,3.0,3.0,2.0,3.0,2.0,2.0,3.0,3.0,2,3.0,2.0,2.0,3.0,3.0,,3.0,2.0,3.0,3.0,1.0,2.0,3.0,2.0,3.0,3.0,3.0,3.0,3.0,3.0,1.0,3.0,3.0,3.0,3.0,3.0,3.0,2.0,3.0,3.0,3.0,3.0,2.0,3.0,3.0,2.0,2.0,1.0,3,3.0,3.0,2.0,3.0,3.0,,3.0,2.0,2.0,3.0,3.0,3.0,3.0,3.0,3.0,3.0,2.0,2.0,2.0,2.0,2.0,1.0,2.0,3.0,3.0,2.0,3.0,3.0,3.0,3.0,3.0,2.0,2.0,3.0,3.0,2.0,3.0,3.0,3.0,3.0,3.0,3.0,3.0,3.0,3.0,3.0,3.0,3.0,3.0,3.0,3.0,3.0,3.0,3.0,3.0,3.0,3.0,2.0,3.0,2.0,3.0,3.0,3.0,3.0,2.0,3.0,3.0,3.0,3.0,3.0,3.0,3.0,3.0,3.0,3.0,3.0,3.0,3.0,2.0,3.0,2.0,3.0,3.0,3.0,3.0,3.0,3.0,3.0,2.0,3.0,3.0,150,9,0.0898876404494382,1.1403637892966039,-0.3717563970233832
3.0,2,2,3.0,3.0,3.0,3.0,3.0,2.0,,3.0,2.0,3,3.0,3.0,3.0,2.0,,3.0,3.0,3.0,3.0,2.0,3.0,3.0,3.0,2.0,3.0,3.0,,2.0,3.0,3.0,3.0,3.0,3.0,3.0,3.0,3.0,1.0,3.0,3.0,2.0,3.0,3.0,0.0,3.0,3.0,3.0,3.0,3.0,3.0,3.0,,,3.0,3.0,3.0,3.0,3.0,3.0,3.0,3.0,3.0,3.0,2.0,2,,1.0,2.0,3.0,3.0,2.0,3.0,2.0,3.0,3.0,3.0,3.0,3.0,3.0,3.0,3.0,3,3.0,3.0,3.0,3.0,2.0,,3.0,3.0,3.0,3.0,3.0,3.0,3.0,3.0,2,3.0,3.0,3.0,,3.0,3.0,3.0,,3.0,3,0,3.0,3.0,3.0,2.0,3.0,,3.0,3,3.0,3.0,3.0,3.0,3.0,3.0,3,2.0,3.0,3.0,2.0,3.0,2.0,3.0,3.0,3.0,3.0,3.0,3.0,3.0,3.0,,3,3.0,3.0,3.0,,3.0,3.0,3.0,3.0,3.0,1.0,2.0,3.0,3,3.0,3.0,3.0,3.0,3.0,3.0,3.0,3,3.0,0.0,3.0,2.0,,3.0,3.0,3.0,3.0,2.0,2,3.0,3.0,3.0,3.0,3.0,3.0,3.0,3.0,3.0,3.0,3.0,3.0,3.0,3.0,3.0,3.0,3.0,3.0,3.0,,3.0,2,3.0,3.0,3.0,3.0,3.0,3,,3.0,2.0,3.0,3.0,3,3.0,3.0,3.0,,3.0,3.0,3.0,3,3.0,3.0,,3.0,2.0,3.0,3.0,3.0,3.0,3.0,2,3.0,3.0,3.0,3.0,3.0,3.0,3.0,3,3.0,3.0,3.0,3.0,3.0,2.0,3.0,2.0,,3.0,2.0,3.0,3.0,3.0,3.0,3.0,3.0,3.0,3.0,,3.0,3.0,,3.0,2.0,,3.0,3.0,3.0,3.0,1.0,3.0,,3.0,,3.0,3.0,3.0,3.0,3.0,3.0,1.0,3.0,3,3.0,3.0,3.0,3.0,3.0,3.0,3,3.0,3.0,0.0,3.0,3.0,3.0,,3.0,1.0,3.0,3.0,3.0,3.0,3.0,,2.0,3.0,3.0,3.0,3.0,3.0,3.0,3.0,3.0,3.0,3.0,3.0,2.0,2.0,3.0,3.0,3.0,3.0,,2.0,3.0,,3.0,3.0,3.0,3.0,3.0,3.0,3.0,3.0,3.0,3.0,3.0,3.0,3.0,3.0,3.0,3.0,3.0,3.0,3,3.0,3.0,3.0,3.0,,3.0,1.0,3.0,3.0,3.0,3.0,,3.0,2.0,3,3.0,3.0,2.0,3.0,3.0,3.0,1.0,3.0,,3.0,3.0,3.0,3.0,3.0,3.0,3.0,1.0,3.0,3.0,3.0,3.0,3.0,3.0,3.0,3.0,3.0,3.0,3.0,3.0,3.0,3.0,3.0,3.0,3.0,3.0,3.0,3.0,3.0,3.0,2.0,3,3.0,3.0,3.0,3.0,3.0,3.0,3.0,3.0,3.0,2.0,3.0,3.0,3.0,3.0,3.0,3.0,3.0,,3.0,3.0,3.0,3.0,3.0,3.0,3.0,,3.0,3.0,1.0,3.0,3.0,0.0,,3.0,3.0,3.0,,3.0,3.0,3.0,,3.0,3.0,3.0,,,3.0,3.0,2.0,3.0,3.0,3.0,3.0,3.0,3.0,3.0,3.0,3.0,3.0,2.0,3.0,3.0,3.0,2,3.0,3.0,3.0,3.0,3.0,,3.0,3.0,3.0,3.0,3.0,1.0,3.0,3.0,3.0,3.0,3.0,3.0,2.0,2.0,3.0,3.0,3.0,3.0,3.0,3.0,3.0,1.0,3.0,3.0,3.0,3.0,3.0,,3.0,,3.0,3.0,3,,3.0,3.0,3.0,3.0,2.0,3.0,3.0,3.0,3.0,3.0,3.0,3.0,3.0,3.0,3.0,2.0,3.0,3.0,3.0,1.0,3.0,3.0,3.0,3.0,3.0,,3.0,,3.0,3.0,3.0,3.0,3.0,3.0,3.0,3.0,3.0,1.0,3.0,3.0,3.0,3.0,,3.0,3.0,,,3.0,,3.0,,3.0,3.0,,3.0,,3.0,3.0,3.0,3.0,,3.0,3.0,3.0,,,3.0,3.0,,3.0,3.0,,3.0,3.0,3.0,,2.0,3.0,3.0,,,,,3.0,3.0,3.0,3.0,3.0,3.0,0.0,151,9,0.0824742268041237,1.3221767397062365,-0.14579521291547107
3.0,3,3,3.0,3.0,3.0,3.0,3.0,2.0,3.0,3.0,3.0,2,3.0,3.0,3.0,3.0,,3.0,3.0,3.0,3.0,3.0,3.0,3.0,3.0,3.0,3.0,3.0,0.0,1.0,3.0,2.0,2.0,2.0,2.0,3.0,3.0,3.0,3.0,3.0,3.0,2.0,3.0,3.0,2.0,2.0,3.0,3.0,3.0,3.0,3.0,3.0,,3.0,3.0,3.0,3.0,3.0,2.0,0.0,3.0,3.0,3.0,3.0,3.0,2,3.0,,3.0,3.0,3.0,3.0,3.0,3.0,3.0,3.0,3.0,3.0,3.0,3.0,3.0,3.0,3,3.0,3.0,2.0,3.0,2.0,,3.0,3.0,3.0,3.0,3.0,3.0,3.0,3.0,3,3.0,3.0,3.0,3.0,2.0,3.0,2.0,3.0,3.0,2,3,3.0,3.0,3.0,3.0,2.0,3.0,3.0,3,3.0,3.0,3.0,3.0,3.0,3.0,3,3.0,3.0,1.0,3.0,3.0,3.0,3.0,3.0,3.0,3.0,,3.0,3.0,0.0,3.0,2,3.0,3.0,3.0,3.0,3.0,3.0,3.0,3.0,3.0,3.0,3.0,2.0,3,3.0,2.0,3.0,1.0,3.0,3.0,3.0,2,3.0,3.0,3.0,3.0,3.0,3.0,3.0,2.0,3.0,2.0,3,3.0,3.0,3.0,3.0,3.0,3.0,3.0,3.0,3.0,3.0,,3.0,3.0,3.0,,3.0,3.0,3.0,3.0,3.0,3.0,3,3.0,3.0,3.0,3.0,3.0,3,,3.0,3.0,3.0,3.0,3,3.0,3.0,3.0,,,3.0,3.0,2,3.0,1.0,3.0,3.0,3.0,3.0,3.0,3.0,3.0,3.0,2,3.0,3.0,3.0,1.0,3.0,3.0,3.0,2,3.0,3.0,3.0,3.0,2.0,3.0,2.0,3.0,3.0,3.0,3.0,3.0,3.0,3.0,3.0,3.0,,3.0,3.0,,3.0,,3.0,3.0,3.0,3.0,3.0,2.0,3.0,1.0,2.0,3.0,,3.0,3.0,3.0,3.0,3.0,3.0,3.0,3.0,3.0,3.0,2,3.0,3.0,3.0,0.0,1.0,3.0,3,3.0,3.0,3.0,3.0,3.0,3.0,3.0,3.0,,,3.0,3.0,3.0,3.0,3.0,3.0,,1.0,3.0,3.0,3.0,3.0,3.0,3.0,3.0,3.0,3.0,,3.0,3.0,3.0,3.0,2.0,3.0,3.0,3.0,3.0,3.0,3.0,3.0,3.0,3.0,3.0,3.0,3.0,3.0,3.0,1.0,3.0,3.0,3.0,3.0,3.0,3.0,3.0,3,3.0,3.0,3.0,3.0,3.0,,3.0,3.0,3.0,,,3.0,3.0,3.0,3,3.0,3.0,3.0,3.0,3.0,,3.0,3.0,3.0,3.0,2.0,3.0,2.0,3.0,2.0,1.0,3.0,,3.0,3.0,3.0,3.0,2.0,3.0,3.0,3.0,3.0,3.0,1.0,3.0,3.0,3.0,3.0,3.0,2.0,2.0,3.0,3.0,2.0,3.0,2,3.0,3.0,3.0,3.0,2.0,3.0,2.0,3.0,3.0,3.0,3.0,3.0,3.0,3.0,2.0,3.0,3.0,3.0,3.0,2.0,3.0,3.0,3.0,2.0,3.0,3.0,3.0,3.0,3.0,3.0,3.0,,,3.0,3.0,3.0,,3.0,1.0,3.0,3.0,3.0,3.0,3.0,,,3.0,1.0,3.0,3.0,2.0,3.0,3.0,3.0,3.0,3.0,3.0,3.0,2.0,2.0,3.0,3.0,3.0,2,1.0,3.0,3.0,3.0,3.0,,3.0,3.0,3.0,3.0,3.0,3.0,3.0,3.0,3.0,3.0,3.0,3.0,3.0,3.0,3.0,3.0,3.0,3.0,3.0,3.0,3.0,3.0,3.0,3.0,3.0,2.0,2.0,3.0,3.0,1.0,3.0,3.0,2,3.0,3.0,3.0,3.0,3.0,,3.0,3.0,3.0,3.0,3.0,3.0,3.0,3.0,3.0,3.0,3.0,1.0,3.0,3.0,0.0,3.0,3.0,2.0,3.0,3.0,3.0,3.0,3.0,,3.0,3.0,3.0,3.0,3.0,3.0,3.0,3.0,3.0,3.0,3.0,3.0,3.0,,2.0,3.0,3.0,3.0,3.0,3.0,3.0,,,3.0,3.0,3.0,,3.0,3.0,2.0,3.0,3.0,3.0,3.0,3.0,,0.0,3.0,3.0,,3.0,,3.0,3.0,3.0,3.0,,3.0,3.0,3.0,,3.0,3.0,3.0,3.0,2.0,3.0,1.0,2.0,3.0,,152,9,0.0708661417322834,1.287113714401131,-0.200779458529639
2.0,2,2,2.0,1.0,3.0,2.0,3.0,3.0,3.0,1.0,3.0,2,3.0,3.0,3.0,3.0,,3.0,3.0,3.0,3.0,3.0,3.0,3.0,3.0,2.0,3.0,2.0,3.0,2.0,2.0,3.0,3.0,3.0,3.0,3.0,3.0,1.0,3.0,2.0,3.0,3.0,3.0,3.0,3.0,3.0,3.0,3.0,2.0,3.0,3.0,2.0,2.0,2.0,2.0,3.0,3.0,3.0,2.0,3.0,3.0,2.0,1.0,3.0,2.0,2,3.0,3.0,3.0,3.0,3.0,3.0,3.0,2.0,2.0,3.0,3.0,2.0,3.0,3.0,2.0,3.0,1,3.0,3.0,2.0,2.0,3.0,3.0,3.0,3.0,2.0,3.0,3.0,2.0,3.0,3.0,2,3.0,2.0,3.0,3.0,2.0,3.0,2.0,3.0,3.0,3,2,3.0,3.0,2.0,3.0,3.0,2.0,3.0,2,3.0,3.0,3.0,3.0,2.0,3.0,3,3.0,3.0,3.0,3.0,0.0,3.0,2.0,3.0,2.0,3.0,3.0,2.0,3.0,3.0,3.0,2,2.0,2.0,2.0,3.0,2.0,1.0,2.0,3.0,3.0,2.0,3.0,2.0,3,1.0,3.0,2.0,3.0,3.0,1.0,3.0,1,3.0,2.0,3.0,3.0,3.0,3.0,3.0,3.0,2.0,3.0,2,3.0,2.0,3.0,3.0,1.0,3.0,3.0,3.0,2.0,3.0,3.0,2.0,3.0,3.0,3.0,3.0,1.0,3.0,3.0,3.0,2.0,2,2.0,2.0,2.0,3.0,3.0,2,3.0,3.0,3.0,3.0,2.0,2,3.0,2.0,3.0,3.0,3.0,3.0,2.0,2,2.0,3.0,3.0,3.0,2.0,2.0,3.0,3.0,3.0,3.0,3,2.0,2.0,2.0,2.0,3.0,3.0,3.0,3,2.0,3.0,3.0,3.0,3.0,2.0,3.0,3.0,1.0,3.0,3.0,2.0,2.0,2.0,3.0,1.0,3.0,2.0,3.0,3.0,3.0,3.0,3.0,3.0,3.0,3.0,2.0,3.0,2.0,3.0,3.0,2.0,3.0,3.0,2.0,3.0,2.0,3.0,3.0,3.0,3.0,2.0,2.0,2,3.0,3.0,2.0,3.0,2.0,3.0,2,3.0,3.0,3.0,3.0,1.0,2.0,0.0,3.0,3.0,3.0,3.0,3.0,3.0,3.0,3.0,3.0,3.0,3.0,3.0,2.0,2.0,3.0,3.0,2.0,3.0,3.0,3.0,3.0,3.0,2.0,3.0,2.0,2.0,3.0,2.0,3.0,2.0,3.0,3.0,3.0,2.0,3.0,3.0,2.0,3.0,3.0,2.0,3.0,2.0,2.0,3.0,3.0,2.0,0.0,2.0,2,2.0,3.0,3.0,3.0,2.0,2.0,3.0,3.0,3.0,3.0,3.0,1.0,1.0,2.0,2,2.0,3.0,3.0,3.0,3.0,3.0,3.0,2.0,3.0,2.0,3.0,2.0,3.0,2.0,2.0,3.0,3.0,3.0,2.0,2.0,3.0,3.0,2.0,2.0,3.0,3.0,3.0,3.0,3.0,2.0,2.0,1.0,3.0,0.0,2.0,3.0,3.0,3.0,2.0,3.0,2,2.0,3.0,3.0,2.0,3.0,3.0,3.0,3.0,0.0,3.0,3.0,3.0,1.0,3.0,3.0,3.0,3.0,3.0,3.0,2.0,3.0,3.0,3.0,2.0,2.0,1.0,1.0,2.0,2.0,2.0,3.0,3.0,3.0,2.0,3.0,3.0,2.0,3.0,3.0,2.0,3.0,3.0,3.0,2.0,3.0,3.0,3.0,1.0,3.0,3.0,2.0,3.0,3.0,3.0,3.0,3.0,3.0,3.0,3.0,3.0,3.0,3.0,2.0,0,2.0,3.0,2.0,3.0,3.0,,3.0,3.0,3.0,3.0,1.0,3.0,3.0,3.0,3.0,3.0,3.0,3.0,3.0,3.0,3.0,3.0,3.0,2.0,3.0,3.0,3.0,3.0,3.0,3.0,3.0,3.0,3.0,3.0,3.0,2.0,2.0,2.0,2,3.0,3.0,3.0,3.0,1.0,3.0,3.0,3.0,3.0,3.0,3.0,3.0,3.0,3.0,3.0,3.0,2.0,3.0,2.0,3.0,3.0,3.0,3.0,2.0,2.0,3.0,3.0,2.0,3.0,3.0,2.0,3.0,3.0,3.0,3.0,3.0,2.0,3.0,2.0,3.0,3.0,3.0,3.0,3.0,3.0,2.0,1.0,3.0,3.0,3.0,3.0,3.0,3.0,2.0,3.0,2.0,3.0,3.0,3.0,2.0,1.0,3.0,3.0,3.0,3.0,3.0,3.0,3.0,3.0,,3.0,3.0,3.0,3.0,2.0,3.0,3.0,3.0,3.0,3.0,3.0,,3.0,3.0,3.0,3.0,3.0,3.0,3.0,3.0,3.0,153,9,0.0779220779220779,1.1588443776178714,-0.36712109535843035
3.0,3,2,3.0,,3.0,3.0,,3.0,3.0,3.0,,3,3.0,,3.0,,,3.0,3.0,3.0,3.0,3.0,3.0,3.0,3.0,3.0,,3.0,,2.0,3.0,3.0,3.0,3.0,3.0,,,3.0,3.0,3.0,3.0,3.0,,3.0,,3.0,,3.0,3.0,3.0,,3.0,,3.0,,3.0,3.0,2.0,3.0,2.0,3.0,3.0,,3.0,3.0,3,,,3.0,3.0,3.0,2.0,2.0,,,3.0,3.0,3.0,2.0,3.0,3.0,3.0,3,,3.0,3.0,,3.0,,,,1.0,3.0,,3.0,3.0,,3,3.0,3.0,0.0,,3.0,3.0,3.0,,3.0,3,3,3.0,3.0,3.0,,3.0,,,3,,3.0,3.0,3.0,1.0,3.0,3,2.0,3.0,3.0,3.0,3.0,3.0,3.0,,,3.0,3.0,3.0,,3.0,,3,3.0,3.0,,,3.0,3.0,3.0,3.0,,3.0,3.0,3.0,3,3.0,,3.0,3.0,2.0,,3.0,3,3.0,3.0,,3.0,,3.0,,3.0,3.0,3.0,3,3.0,3.0,3.0,3.0,3.0,3.0,,,3.0,3.0,,3.0,3.0,3.0,3.0,3.0,3.0,,,,3.0,3,,3.0,,,,3,,3.0,3.0,3.0,3.0,3,3.0,,3.0,,,3.0,3.0,3,3.0,,,2.0,3.0,3.0,3.0,,3.0,3.0,3,2.0,3.0,3.0,3.0,,3.0,3.0,3,1.0,2.0,2.0,3.0,3.0,3.0,3.0,3.0,,,,3.0,3.0,3.0,,,,3.0,,,,,,,,,3.0,3.0,3.0,,0.0,3.0,,3.0,,3.0,3.0,3.0,3.0,3.0,3.0,3.0,3.0,3,,3.0,3.0,0.0,3.0,,3,,,3.0,3.0,3.0,,,3.0,1.0,,,3.0,3.0,3.0,3.0,,,,3.0,3.0,0.0,3.0,,3.0,3.0,,3.0,,2.0,1.0,3.0,3.0,3.0,1.0,3.0,3.0,,3.0,,,3.0,,,3.0,,3.0,3.0,3.0,3.0,,3.0,3.0,,3.0,,3,3.0,3.0,2.0,3.0,,,,3.0,,,,2.0,3.0,3.0,3,3.0,3.0,,,,,3.0,3.0,,3.0,3.0,3.0,3.0,,,3.0,3.0,,,3.0,3.0,3.0,2.0,,,3.0,1.0,,3.0,3.0,3.0,3.0,3.0,,3.0,,3.0,3.0,3.0,3.0,2,3.0,2.0,3.0,3.0,3.0,3.0,3.0,,3.0,3.0,,,3.0,,3.0,3.0,3.0,,3.0,3.0,3.0,,,3.0,,,3.0,3.0,,2.0,3.0,,0.0,3.0,,1.0,,,3.0,3.0,,3.0,3.0,3.0,3.0,,,1.0,3.0,2.0,3.0,3.0,,3.0,,3.0,,0.0,3.0,3.0,2.0,3.0,,3,3.0,3.0,,,3.0,,3.0,3.0,,3.0,,3.0,,1.0,3.0,3.0,3.0,3.0,3.0,3.0,,,3.0,,3.0,3.0,3.0,3.0,3.0,3.0,3.0,,3.0,,3.0,,3.0,3.0,2,3.0,,3.0,3.0,3.0,,,3.0,1.0,3.0,,,3.0,3.0,,,3.0,3.0,3.0,3.0,3.0,3.0,,1.0,3.0,3.0,3.0,3.0,,,3.0,3.0,3.0,3.0,,3.0,,,3.0,,3.0,3.0,,,,3.0,,,,,,,,,,3.0,,3.0,3.0,3.0,3.0,,,,3.0,3.0,,,,,3.0,,,,3.0,,,,3.0,3.0,,3.0,,,,,,,3.0,3.0,,154,9,0.1111111111111111,1.5237312030075187,-0.00802736022308792
2.0,2,3,3.0,1.0,2.0,3.0,1.0,2.0,3.0,2.0,3.0,2,2.0,3.0,3.0,0.0,3.0,3.0,3.0,3.0,3.0,3.0,1.0,2.0,3.0,2.0,3.0,3.0,0.0,2.0,2.0,3.0,2.0,3.0,3.0,3.0,1.0,2.0,3.0,1.0,2.0,1.0,2.0,2.0,3.0,2.0,2.0,3.0,3.0,3.0,3.0,3.0,3.0,3.0,1.0,1.0,3.0,2.0,3.0,0.0,3.0,2.0,3.0,3.0,3.0,3,2.0,3.0,2.0,3.0,3.0,3.0,3.0,3.0,3.0,1.0,3.0,3.0,2.0,3.0,2.0,2.0,3,3.0,3.0,2.0,2.0,2.0,3.0,3.0,3.0,2.0,3.0,3.0,2.0,2.0,3.0,2,3.0,2.0,3.0,3.0,2.0,2.0,3.0,2.0,3.0,3,3,3.0,3.0,2.0,3.0,3.0,3.0,3.0,2,3.0,3.0,2.0,3.0,3.0,3.0,1,3.0,3.0,2.0,2.0,3.0,3.0,2.0,2.0,2.0,2.0,2.0,2.0,3.0,3.0,3.0,2,2.0,3.0,3.0,3.0,3.0,2.0,2.0,3.0,3.0,3.0,2.0,3.0,3,3.0,3.0,2.0,3.0,3.0,2.0,3.0,3,3.0,2.0,3.0,3.0,2.0,3.0,3.0,2.0,2.0,2.0,3,3.0,2.0,3.0,2.0,3.0,3.0,3.0,3.0,3.0,3.0,3.0,2.0,3.0,3.0,3.0,3.0,3.0,3.0,3.0,3.0,3.0,2,3.0,3.0,3.0,3.0,3.0,2,3.0,2.0,3.0,3.0,2.0,2,3.0,3.0,2.0,3.0,3.0,3.0,2.0,3,2.0,2.0,3.0,3.0,3.0,1.0,2.0,3.0,3.0,2.0,2,2.0,1.0,3.0,3.0,3.0,3.0,2.0,2,2.0,3.0,2.0,3.0,3.0,3.0,3.0,3.0,3.0,3.0,2.0,2.0,2.0,3.0,3.0,3.0,3.0,3.0,3.0,3.0,3.0,3.0,3.0,3.0,3.0,3.0,3.0,2.0,2.0,3.0,3.0,2.0,3.0,3.0,3.0,3.0,3.0,3.0,3.0,2.0,3.0,2.0,3.0,3,3.0,3.0,2.0,3.0,3.0,3.0,2,3.0,3.0,3.0,3.0,2.0,3.0,2.0,3.0,3.0,1.0,3.0,3.0,3.0,2.0,3.0,3.0,2.0,3.0,3.0,3.0,3.0,3.0,3.0,3.0,3.0,3.0,3.0,3.0,3.0,3.0,2.0,3.0,2.0,3.0,2.0,3.0,3.0,2.0,2.0,3.0,3.0,3.0,3.0,0.0,2.0,3.0,3.0,3.0,3.0,1.0,3.0,3.0,3.0,3.0,2.0,3,2.0,3.0,3.0,3.0,3.0,3.0,3.0,3.0,3.0,3.0,3.0,3.0,2.0,3.0,3,3.0,3.0,3.0,3.0,3.0,,3.0,3.0,3.0,3.0,2.0,3.0,3.0,3.0,3.0,3.0,3.0,3.0,3.0,2.0,3.0,1.0,3.0,2.0,3.0,3.0,2.0,2.0,1.0,3.0,1.0,3.0,3.0,3.0,2.0,3.0,3.0,2.0,2.0,3.0,2,3.0,2.0,3.0,2.0,3.0,2.0,3.0,0.0,3.0,2.0,3.0,3.0,3.0,3.0,3.0,3.0,3.0,3.0,3.0,3.0,3.0,3.0,3.0,3.0,1.0,3.0,0.0,3.0,3.0,3.0,3.0,3.0,3.0,3.0,3.0,3.0,3.0,3.0,3.0,1.0,3.0,3.0,3.0,3.0,3.0,3.0,1.0,2.0,3.0,3.0,3.0,3.0,3.0,2.0,3.0,2.0,3.0,2.0,3.0,2.0,2.0,2.0,3.0,2,3.0,3.0,3.0,3.0,3.0,,3.0,3.0,3.0,3.0,3.0,3.0,3.0,2.0,3.0,3.0,3.0,3.0,3.0,3.0,3.0,3.0,3.0,3.0,3.0,3.0,3.0,3.0,3.0,2.0,2.0,3.0,1.0,3.0,3.0,3.0,2.0,3.0,3,3.0,3.0,3.0,3.0,3.0,3.0,3.0,3.0,3.0,2.0,3.0,3.0,3.0,3.0,3.0,3.0,2.0,2.0,3.0,3.0,3.0,3.0,3.0,1.0,3.0,3.0,3.0,3.0,3.0,3.0,3.0,3.0,2.0,3.0,3.0,3.0,3.0,3.0,3.0,3.0,2.0,3.0,2.0,3.0,2.0,3.0,3.0,3.0,3.0,2.0,3.0,3.0,3.0,3.0,3.0,3.0,3.0,3.0,3.0,3.0,2.0,3.0,3.0,3.0,3.0,3.0,3.0,3.0,1.0,,3.0,3.0,3.0,3.0,3.0,3.0,3.0,3.0,3.0,2.0,3.0,3.0,3.0,3.0,3.0,3.0,3.0,3.0,3.0,3.0,,155,9,0.0779220779220779,1.1659431052210671,-0.3461420219693247
3.0,3,2,2.0,3.0,3.0,3.0,3.0,2.0,3.0,3.0,3.0,2,3.0,3.0,2.0,3.0,,3.0,3.0,3.0,3.0,3.0,3.0,3.0,3.0,3.0,3.0,3.0,3.0,2.0,3.0,3.0,3.0,3.0,2.0,2.0,2.0,3.0,3.0,1.0,3.0,3.0,3.0,3.0,3.0,2.0,3.0,2.0,1.0,2.0,3.0,2.0,3.0,2.0,3.0,3.0,2.0,3.0,3.0,3.0,3.0,3.0,2.0,3.0,1.0,3,3.0,3.0,3.0,3.0,3.0,2.0,3.0,3.0,2.0,3.0,2.0,2.0,3.0,3.0,3.0,1.0,2,2.0,3.0,3.0,3.0,3.0,3.0,3.0,3.0,2.0,0.0,3.0,3.0,2.0,3.0,3,3.0,2.0,3.0,3.0,1.0,2.0,3.0,3.0,2.0,2,3,3.0,3.0,3.0,3.0,3.0,3.0,3.0,3,3.0,3.0,3.0,3.0,3.0,3.0,3,3.0,3.0,3.0,2.0,3.0,3.0,0.0,2.0,3.0,2.0,3.0,3.0,3.0,3.0,3.0,2,3.0,3.0,3.0,2.0,3.0,3.0,3.0,3.0,3.0,2.0,3.0,3.0,3,3.0,3.0,3.0,3.0,3.0,3.0,3.0,3,2.0,3.0,2.0,3.0,3.0,3.0,2.0,3.0,3.0,3.0,3,3.0,3.0,3.0,3.0,3.0,2.0,3.0,3.0,3.0,3.0,3.0,2.0,3.0,3.0,3.0,3.0,3.0,3.0,2.0,3.0,3.0,3,2.0,3.0,3.0,3.0,3.0,3,3.0,2.0,3.0,2.0,3.0,3,2.0,3.0,3.0,3.0,3.0,0.0,2.0,1,3.0,3.0,3.0,2.0,3.0,3.0,3.0,3.0,2.0,3.0,3,2.0,3.0,3.0,2.0,3.0,2.0,3.0,2,2.0,3.0,3.0,3.0,3.0,3.0,3.0,2.0,3.0,3.0,3.0,3.0,3.0,3.0,3.0,3.0,3.0,3.0,1.0,3.0,3.0,3.0,3.0,3.0,3.0,3.0,3.0,3.0,3.0,3.0,3.0,2.0,3.0,1.0,3.0,3.0,3.0,3.0,3.0,3.0,3.0,2.0,3.0,3,3.0,3.0,3.0,3.0,3.0,3.0,3,1.0,3.0,3.0,3.0,2.0,3.0,3.0,3.0,3.0,3.0,3.0,1.0,3.0,3.0,3.0,3.0,1.0,3.0,3.0,3.0,3.0,3.0,3.0,3.0,2.0,3.0,3.0,2.0,2.0,2.0,3.0,3.0,3.0,3.0,3.0,3.0,3.0,3.0,3.0,3.0,3.0,3.0,3.0,3.0,2.0,3.0,2.0,3.0,3.0,2.0,2.0,3.0,2.0,3.0,3.0,2,3.0,3.0,3.0,2.0,3.0,3.0,3.0,3.0,3.0,3.0,3.0,3.0,3.0,2.0,3,3.0,3.0,3.0,3.0,3.0,3.0,3.0,2.0,3.0,3.0,2.0,3.0,3.0,3.0,3.0,3.0,3.0,3.0,1.0,3.0,3.0,3.0,2.0,2.0,3.0,2.0,3.0,3.0,1.0,3.0,3.0,3.0,3.0,3.0,3.0,3.0,3.0,2.0,3.0,3.0,3,2.0,3.0,3.0,3.0,3.0,3.0,3.0,2.0,3.0,3.0,3.0,3.0,3.0,3.0,3.0,3.0,3.0,3.0,3.0,1.0,3.0,3.0,3.0,3.0,3.0,3.0,3.0,3.0,3.0,3.0,3.0,3.0,3.0,3.0,3.0,3.0,3.0,3.0,3.0,2.0,0.0,3.0,3.0,3.0,3.0,,3.0,2.0,2.0,3.0,1.0,2.0,3.0,3.0,0.0,3.0,3.0,1.0,3.0,3.0,3.0,3.0,3.0,3,3.0,3.0,3.0,3.0,3.0,3.0,3.0,2.0,3.0,2.0,3.0,3.0,3.0,3.0,2.0,3.0,3.0,2.0,3.0,3.0,3.0,3.0,3.0,3.0,3.0,3.0,3.0,3.0,3.0,3.0,3.0,3.0,3.0,2.0,1.0,3.0,3.0,0.0,2,3.0,3.0,3.0,3.0,3.0,3.0,3.0,3.0,3.0,2.0,3.0,2.0,3.0,3.0,3.0,3.0,3.0,3.0,3.0,3.0,3.0,3.0,3.0,3.0,3.0,3.0,3.0,3.0,3.0,3.0,3.0,3.0,3.0,3.0,3.0,3.0,3.0,3.0,3.0,3.0,3.0,3.0,3.0,3.0,3.0,3.0,3.0,3.0,3.0,3.0,3.0,,2.0,3.0,3.0,3.0,3.0,3.0,3.0,3.0,3.0,3.0,3.0,3.0,3.0,,3.0,3.0,3.0,,3.0,3.0,3.0,3.0,3.0,3.0,3.0,2.0,3.0,3.0,3.0,,3.0,3.0,3.0,2.0,1.0,3.0,3.0,3.0,,156,9,0.0703703703703703,1.227195257502779,-0.24206173880879361
3.0,2,2,3.0,3.0,3.0,3.0,3.0,3.0,3.0,2.0,3.0,2,3.0,2.0,3.0,3.0,,3.0,3.0,3.0,3.0,3.0,3.0,3.0,3.0,3.0,3.0,3.0,3.0,3.0,3.0,3.0,3.0,3.0,2.0,1.0,3.0,3.0,3.0,3.0,3.0,3.0,3.0,2.0,1.0,2.0,3.0,3.0,3.0,3.0,3.0,2.0,3.0,3.0,3.0,3.0,2.0,3.0,3.0,3.0,3.0,3.0,3.0,3.0,3.0,2,3.0,3.0,3.0,3.0,3.0,3.0,3.0,2.0,3.0,3.0,3.0,3.0,3.0,3.0,3.0,3.0,2,3.0,3.0,3.0,1.0,2.0,3.0,3.0,3.0,3.0,2.0,3.0,3.0,1.0,3.0,2,3.0,2.0,3.0,3.0,3.0,3.0,3.0,3.0,3.0,2,3,3.0,3.0,3.0,3.0,3.0,3.0,3.0,2,3.0,1.0,3.0,2.0,3.0,2.0,2,3.0,3.0,3.0,3.0,3.0,3.0,2.0,2.0,3.0,3.0,3.0,3.0,3.0,3.0,3.0,2,3.0,3.0,3.0,3.0,3.0,3.0,3.0,3.0,3.0,3.0,3.0,3.0,3,3.0,3.0,3.0,3.0,3.0,3.0,3.0,3,3.0,3.0,3.0,3.0,3.0,3.0,3.0,3.0,3.0,3.0,2,3.0,3.0,3.0,3.0,3.0,3.0,3.0,0.0,3.0,2.0,3.0,3.0,3.0,3.0,3.0,3.0,3.0,3.0,2.0,,2.0,2,3.0,3.0,3.0,3.0,3.0,3,3.0,1.0,3.0,3.0,3.0,2,0.0,3.0,3.0,3.0,3.0,3.0,3.0,2,3.0,3.0,3.0,1.0,3.0,3.0,3.0,3.0,3.0,3.0,2,3.0,2.0,3.0,3.0,3.0,3.0,3.0,3,3.0,3.0,3.0,3.0,2.0,3.0,3.0,3.0,3.0,3.0,1.0,1.0,2.0,3.0,3.0,3.0,3.0,2.0,3.0,3.0,2.0,3.0,3.0,3.0,3.0,3.0,3.0,3.0,3.0,3.0,3.0,3.0,3.0,3.0,3.0,3.0,2.0,3.0,3.0,3.0,3.0,2.0,3.0,3,2.0,3.0,3.0,3.0,3.0,3.0,1,1.0,3.0,1.0,3.0,3.0,3.0,3.0,2.0,3.0,3.0,3.0,3.0,3.0,3.0,3.0,3.0,3.0,3.0,3.0,2.0,3.0,3.0,3.0,3.0,3.0,3.0,3.0,3.0,2.0,3.0,3.0,3.0,2.0,3.0,3.0,3.0,3.0,3.0,1.0,3.0,2.0,3.0,3.0,2.0,3.0,3.0,3.0,3.0,3.0,3.0,3.0,3.0,3.0,3.0,3.0,2,3.0,3.0,3.0,2.0,3.0,3.0,3.0,2.0,3.0,3.0,3.0,3.0,3.0,2.0,3,3.0,3.0,3.0,3.0,3.0,,3.0,3.0,3.0,3.0,3.0,2.0,3.0,3.0,3.0,3.0,3.0,3.0,3.0,3.0,3.0,3.0,3.0,3.0,3.0,3.0,2.0,3.0,3.0,3.0,3.0,3.0,3.0,3.0,3.0,3.0,1.0,3.0,2.0,3.0,3,3.0,3.0,3.0,3.0,3.0,3.0,2.0,3.0,3.0,3.0,3.0,3.0,3.0,3.0,3.0,3.0,3.0,1.0,3.0,0.0,3.0,3.0,3.0,3.0,3.0,,3.0,3.0,3.0,3.0,3.0,3.0,,3.0,3.0,3.0,3.0,3.0,3.0,3.0,3.0,3.0,1.0,3.0,3.0,,3.0,3.0,2.0,3.0,3.0,3.0,3.0,3.0,3.0,2.0,3.0,2.0,3.0,2.0,0.0,3.0,3.0,2,3.0,2.0,2.0,3.0,3.0,3.0,3.0,3.0,1.0,3.0,3.0,2.0,3.0,3.0,2.0,3.0,3.0,3.0,3.0,3.0,3.0,3.0,3.0,3.0,3.0,3.0,3.0,3.0,3.0,3.0,3.0,3.0,3.0,3.0,3.0,3.0,3.0,3.0,3,3.0,3.0,3.0,3.0,3.0,,3.0,3.0,3.0,3.0,3.0,3.0,3.0,3.0,3.0,3.0,3.0,2.0,3.0,3.0,3.0,3.0,3.0,3.0,3.0,3.0,3.0,3.0,0.0,3.0,3.0,3.0,3.0,3.0,3.0,3.0,0.0,3.0,3.0,3.0,3.0,3.0,3.0,3.0,3.0,3.0,3.0,3.0,3.0,3.0,3.0,,3.0,3.0,,3.0,2.0,3.0,3.0,3.0,3.0,3.0,2.0,3.0,3.0,,3.0,3.0,3.0,,3.0,3.0,3.0,3.0,3.0,3.0,,3.0,2.0,3.0,,,3.0,,3.0,3.0,3.0,3.0,3.0,3.0,,157,9,0.0735849056603773,1.2599088642421117,-0.27978406636763525
2.0,2,2,3.0,2.0,2.0,2.0,2.0,3.0,3.0,2.0,3.0,2,2.0,3.0,3.0,3.0,3.0,3.0,2.0,3.0,2.0,2.0,3.0,3.0,2.0,2.0,3.0,3.0,3.0,3.0,3.0,3.0,3.0,3.0,2.0,3.0,3.0,2.0,3.0,2.0,2.0,3.0,2.0,3.0,3.0,2.0,2.0,3.0,2.0,2.0,3.0,3.0,3.0,2.0,2.0,2.0,1.0,2.0,2.0,2.0,0.0,2.0,2.0,3.0,2.0,2,0.0,1.0,3.0,2.0,2.0,2.0,2.0,2.0,2.0,3.0,3.0,2.0,2.0,3.0,3.0,3.0,2,2.0,3.0,1.0,2.0,2.0,3.0,2.0,3.0,2.0,3.0,3.0,2.0,3.0,2.0,2,2.0,2.0,1.0,2.0,2.0,3.0,3.0,3.0,3.0,2,1,3.0,3.0,1.0,3.0,2.0,2.0,2.0,2,2.0,3.0,2.0,3.0,2.0,3.0,2,3.0,2.0,3.0,2.0,2.0,3.0,3.0,3.0,3.0,3.0,2.0,2.0,3.0,3.0,2.0,2,3.0,2.0,3.0,2.0,2.0,2.0,2.0,2.0,3.0,3.0,2.0,3.0,3,2.0,3.0,3.0,2.0,2.0,3.0,2.0,0,2.0,2.0,3.0,3.0,3.0,3.0,3.0,2.0,2.0,2.0,2,3.0,2.0,2.0,2.0,1.0,2.0,3.0,3.0,3.0,3.0,3.0,3.0,3.0,2.0,3.0,2.0,2.0,2.0,2.0,3.0,2.0,3,3.0,1.0,2.0,2.0,2.0,2,1.0,2.0,1.0,2.0,2.0,3,2.0,2.0,3.0,3.0,3.0,2.0,2.0,2,2.0,2.0,2.0,0.0,2.0,3.0,3.0,2.0,1.0,3.0,2,2.0,2.0,3.0,2.0,3.0,2.0,3.0,3,2.0,2.0,2.0,3.0,2.0,2.0,2.0,2.0,2.0,2.0,2.0,2.0,2.0,1.0,2.0,3.0,3.0,1.0,3.0,3.0,3.0,3.0,1.0,3.0,2.0,3.0,2.0,2.0,2.0,1.0,3.0,2.0,3.0,3.0,2.0,2.0,2.0,3.0,2.0,2.0,3.0,2.0,2.0,2,3.0,3.0,2.0,3.0,2.0,2.0,2,3.0,3.0,2.0,2.0,2.0,3.0,2.0,3.0,3.0,1.0,2.0,3.0,3.0,2.0,3.0,3.0,3.0,2.0,3.0,2.0,2.0,2.0,2.0,2.0,3.0,3.0,3.0,3.0,2.0,2.0,2.0,2.0,3.0,3.0,2.0,2.0,2.0,2.0,2.0,3.0,2.0,3.0,2.0,2.0,2.0,1.0,2.0,3.0,2.0,2.0,2.0,2.0,2.0,3.0,2.0,1,2.0,3.0,3.0,2.0,3.0,1.0,3.0,2.0,2.0,3.0,3.0,3.0,3.0,3.0,2,2.0,3.0,3.0,3.0,3.0,3.0,3.0,3.0,3.0,3.0,2.0,2.0,2.0,2.0,1.0,2.0,3.0,2.0,2.0,2.0,3.0,2.0,2.0,2.0,3.0,3.0,2.0,2.0,3.0,3.0,1.0,2.0,3.0,3.0,2.0,2.0,3.0,2.0,2.0,3.0,2,2.0,2.0,3.0,3.0,3.0,3.0,2.0,3.0,3.0,1.0,2.0,3.0,2.0,2.0,2.0,3.0,2.0,3.0,3.0,2.0,3.0,3.0,3.0,3.0,3.0,3.0,3.0,2.0,3.0,3.0,2.0,3.0,3.0,0.0,3.0,2.0,3.0,2.0,3.0,3.0,3.0,3.0,3.0,3.0,3.0,3.0,3.0,2.0,3.0,2.0,3.0,2.0,3.0,3.0,3.0,3.0,3.0,2.0,2.0,2.0,3.0,3.0,3.0,2,3.0,2.0,3.0,3.0,2.0,3.0,3.0,3.0,3.0,2.0,3.0,3.0,2.0,3.0,3.0,3.0,2.0,3.0,3.0,3.0,3.0,1.0,2.0,3.0,2.0,1.0,3.0,3.0,3.0,2.0,3.0,3.0,2.0,2.0,2.0,3.0,2.0,3.0,2,3.0,3.0,3.0,3.0,3.0,3.0,2.0,3.0,3.0,3.0,3.0,3.0,3.0,3.0,3.0,3.0,2.0,1.0,3.0,3.0,3.0,3.0,0.0,3.0,2.0,3.0,3.0,3.0,3.0,3.0,3.0,3.0,3.0,3.0,3.0,3.0,2.0,3.0,2.0,2.0,3.0,1.0,3.0,3.0,3.0,2.0,3.0,1.0,2.0,1.0,3.0,3.0,3.0,2.0,3.0,3.0,3.0,3.0,3.0,1.0,2.0,3.0,2.0,3.0,3.0,3.0,3.0,3.0,3.0,3.0,3.0,3.0,3.0,3.0,3.0,3.0,3.0,2.0,3.0,1.0,3.0,3.0,3.0,3.0,3.0,3.0,3.0,3.0,3.0,3.0,3.0,158,9,0.0773480662983425,1.1225859405175744,-0.42468479519937113
2.0,2,3,3.0,3.0,3.0,3.0,2.0,3.0,3.0,3.0,3.0,2,3.0,3.0,3.0,3.0,,3.0,3.0,3.0,3.0,3.0,3.0,3.0,3.0,3.0,3.0,3.0,3.0,3.0,2.0,1.0,2.0,2.0,3.0,3.0,3.0,3.0,3.0,3.0,3.0,3.0,3.0,3.0,3.0,2.0,3.0,3.0,3.0,3.0,3.0,3.0,3.0,1.0,2.0,3.0,3.0,3.0,2.0,3.0,3.0,3.0,3.0,3.0,3.0,3,3.0,3.0,3.0,,3.0,3.0,3.0,3.0,3.0,3.0,3.0,2.0,3.0,3.0,3.0,3.0,3,0.0,2.0,2.0,3.0,3.0,3.0,3.0,3.0,3.0,3.0,3.0,3.0,3.0,3.0,3,3.0,3.0,3.0,2.0,2.0,3.0,3.0,3.0,3.0,3,3,3.0,3.0,3.0,3.0,1.0,3.0,3.0,3,3.0,3.0,3.0,3.0,3.0,3.0,3,1.0,3.0,3.0,2.0,3.0,3.0,3.0,3.0,3.0,3.0,3.0,3.0,1.0,3.0,3.0,1,3.0,3.0,2.0,3.0,3.0,3.0,3.0,3.0,3.0,3.0,3.0,3.0,3,3.0,1.0,3.0,3.0,3.0,3.0,3.0,2,3.0,3.0,3.0,3.0,3.0,3.0,0.0,3.0,3.0,3.0,2,3.0,3.0,3.0,3.0,3.0,3.0,3.0,3.0,3.0,3.0,3.0,3.0,3.0,2.0,3.0,3.0,3.0,3.0,1.0,3.0,3.0,3,3.0,3.0,2.0,3.0,0.0,3,,3.0,3.0,2.0,3.0,3,3.0,3.0,3.0,,3.0,3.0,3.0,2,3.0,1.0,3.0,2.0,1.0,3.0,3.0,3.0,3.0,3.0,2,3.0,2.0,3.0,3.0,3.0,3.0,3.0,3,3.0,2.0,3.0,3.0,2.0,3.0,2.0,3.0,3.0,3.0,3.0,3.0,3.0,3.0,3.0,3.0,3.0,3.0,3.0,3.0,3.0,3.0,1.0,3.0,3.0,3.0,3.0,3.0,3.0,3.0,3.0,2.0,3.0,3.0,3.0,3.0,3.0,3.0,3.0,3.0,3.0,3.0,3.0,2,3.0,3.0,3.0,,2.0,1.0,3,3.0,,3.0,3.0,0.0,3.0,3.0,3.0,3.0,3.0,3.0,3.0,3.0,3.0,3.0,3.0,3.0,3.0,3.0,3.0,3.0,3.0,3.0,3.0,2.0,2.0,3.0,3.0,2.0,1.0,3.0,3.0,3.0,3.0,2.0,3.0,3.0,1.0,3.0,3.0,3.0,3.0,3.0,3.0,3.0,3.0,3.0,3.0,3.0,3.0,3.0,2.0,3.0,,3.0,2,3.0,3.0,3.0,3.0,3.0,3.0,3.0,3.0,3.0,3.0,3.0,3.0,3.0,3.0,3,3.0,3.0,3.0,3.0,3.0,2.0,3.0,3.0,3.0,3.0,3.0,3.0,3.0,3.0,3.0,2.0,3.0,3.0,3.0,3.0,3.0,3.0,3.0,3.0,3.0,3.0,3.0,3.0,3.0,3.0,3.0,2.0,3.0,3.0,3.0,3.0,3.0,3.0,3.0,3.0,3,3.0,3.0,3.0,3.0,3.0,3.0,2.0,2.0,3.0,3.0,3.0,3.0,3.0,3.0,3.0,3.0,3.0,3.0,3.0,2.0,,3.0,,3.0,3.0,3.0,2.0,3.0,3.0,3.0,3.0,3.0,,3.0,3.0,3.0,,3.0,3.0,,3.0,0.0,3.0,3.0,3.0,,3.0,3.0,3.0,3.0,3.0,3.0,2.0,1.0,3.0,3.0,3.0,3.0,3.0,3.0,3.0,3.0,3.0,3,3.0,3.0,3.0,3.0,3.0,,3.0,3.0,3.0,3.0,3.0,3.0,3.0,3.0,3.0,3.0,3.0,3.0,3.0,3.0,3.0,3.0,3.0,3.0,2.0,3.0,3.0,3.0,3.0,3.0,3.0,3.0,3.0,3.0,3.0,3.0,3.0,3.0,3,3.0,,3.0,3.0,3.0,3.0,3.0,3.0,2.0,3.0,,3.0,3.0,3.0,3.0,3.0,3.0,3.0,3.0,3.0,3.0,3.0,3.0,3.0,3.0,3.0,3.0,3.0,,,3.0,3.0,3.0,3.0,3.0,3.0,2.0,3.0,3.0,3.0,3.0,3.0,3.0,3.0,2.0,2.0,3.0,3.0,3.0,3.0,2.0,,3.0,3.0,,3.0,,3.0,3.0,3.0,3.0,3.0,3.0,3.0,3.0,3.0,3.0,3.0,3.0,,3.0,,3.0,2.0,3.0,3.0,,3.0,3.0,0.0,3.0,,3.0,3.0,,2.0,3.0,3.0,3.0,3.0,,159,9,0.0813953488372093,1.3139137857447716,-0.15211881917103376
2.0,3,3,3.0,3.0,2.0,3.0,3.0,3.0,3.0,3.0,1.0,2,3.0,3.0,1.0,3.0,,1.0,3.0,3.0,0.0,3.0,3.0,0.0,3.0,3.0,3.0,3.0,3.0,2.0,2.0,3.0,3.0,3.0,2.0,3.0,3.0,3.0,3.0,2.0,3.0,3.0,3.0,2.0,2.0,3.0,3.0,1.0,3.0,2.0,3.0,3.0,3.0,3.0,3.0,2.0,3.0,2.0,3.0,3.0,3.0,3.0,3.0,2.0,3.0,3,3.0,3.0,3.0,3.0,3.0,2.0,3.0,3.0,3.0,3.0,3.0,2.0,3.0,3.0,3.0,2.0,1,3.0,3.0,2.0,3.0,1.0,,3.0,3.0,2.0,3.0,3.0,3.0,3.0,3.0,3,3.0,3.0,2.0,3.0,2.0,2.0,3.0,3.0,3.0,2,2,3.0,2.0,3.0,3.0,2.0,3.0,3.0,0,2.0,3.0,3.0,3.0,3.0,3.0,1,3.0,3.0,3.0,1.0,3.0,3.0,3.0,3.0,3.0,3.0,3.0,2.0,3.0,3.0,3.0,2,3.0,3.0,3.0,3.0,3.0,3.0,2.0,2.0,3.0,3.0,3.0,3.0,3,3.0,3.0,2.0,3.0,3.0,3.0,3.0,3,2.0,3.0,3.0,3.0,3.0,3.0,2.0,3.0,3.0,3.0,3,3.0,3.0,3.0,3.0,3.0,3.0,3.0,3.0,3.0,2.0,3.0,3.0,3.0,2.0,3.0,3.0,3.0,3.0,3.0,3.0,3.0,3,3.0,3.0,3.0,2.0,3.0,3,3.0,3.0,3.0,3.0,2.0,3,2.0,3.0,3.0,,3.0,3.0,3.0,2,2.0,3.0,3.0,2.0,3.0,3.0,3.0,1.0,1.0,3.0,2,3.0,3.0,3.0,2.0,3.0,3.0,3.0,3,2.0,3.0,3.0,3.0,2.0,3.0,3.0,2.0,3.0,3.0,3.0,3.0,3.0,3.0,3.0,3.0,3.0,3.0,3.0,2.0,3.0,3.0,3.0,3.0,3.0,3.0,3.0,3.0,3.0,2.0,2.0,2.0,3.0,2.0,3.0,2.0,2.0,3.0,3.0,3.0,3.0,3.0,3.0,3,3.0,2.0,3.0,3.0,3.0,3.0,3,3.0,,3.0,3.0,3.0,3.0,3.0,3.0,3.0,3.0,3.0,3.0,2.0,3.0,3.0,3.0,2.0,3.0,1.0,3.0,3.0,2.0,3.0,3.0,2.0,3.0,3.0,3.0,3.0,3.0,3.0,3.0,3.0,2.0,3.0,3.0,3.0,3.0,3.0,3.0,3.0,3.0,3.0,3.0,3.0,3.0,3.0,3.0,3.0,3.0,3.0,1.0,3.0,3.0,3.0,3,3.0,2.0,3.0,3.0,3.0,3.0,3.0,2.0,3.0,,3.0,3.0,2.0,2.0,3,3.0,3.0,3.0,3.0,3.0,3.0,3.0,3.0,3.0,3.0,3.0,3.0,3.0,3.0,3.0,3.0,3.0,3.0,3.0,3.0,3.0,3.0,2.0,3.0,3.0,3.0,2.0,2.0,3.0,3.0,3.0,3.0,3.0,3.0,2.0,3.0,3.0,0.0,2.0,3.0,2,3.0,3.0,3.0,3.0,3.0,2.0,3.0,3.0,3.0,3.0,3.0,3.0,3.0,3.0,3.0,3.0,3.0,3.0,2.0,2.0,3.0,1.0,3.0,3.0,1.0,3.0,3.0,3.0,3.0,3.0,2.0,3.0,3.0,3.0,,3.0,3.0,3.0,3.0,3.0,3.0,3.0,3.0,3.0,3.0,,2.0,3.0,3.0,3.0,3.0,3.0,3.0,3.0,3.0,2.0,2.0,3.0,3.0,2.0,3.0,3.0,3.0,3,3.0,3.0,3.0,3.0,3.0,,3.0,2.0,3.0,1.0,3.0,3.0,3.0,3.0,3.0,2.0,3.0,3.0,2.0,3.0,3.0,3.0,3.0,3.0,3.0,3.0,3.0,3.0,2.0,3.0,3.0,3.0,2.0,3.0,3.0,3.0,2.0,2.0,2,3.0,3.0,3.0,3.0,0.0,,3.0,2.0,3.0,3.0,3.0,3.0,3.0,3.0,3.0,3.0,3.0,3.0,3.0,1.0,3.0,3.0,1.0,3.0,3.0,3.0,3.0,3.0,,3.0,3.0,3.0,2.0,3.0,3.0,2.0,3.0,3.0,3.0,3.0,3.0,3.0,3.0,3.0,2.0,3.0,3.0,3.0,3.0,3.0,3.0,3.0,3.0,2.0,3.0,3.0,3.0,3.0,3.0,3.0,3.0,3.0,3.0,3.0,2.0,2.0,1.0,3.0,3.0,0.0,3.0,3.0,3.0,3.0,3.0,3.0,,3.0,3.0,1.0,,,3.0,,3.0,3.0,3.0,,3.0,3.0,,160,9,0.071563088512241,1.2268399576847515,-0.239960802227376
2.0,2,2,2.0,2.0,3.0,3.0,3.0,3.0,3.0,3.0,3.0,2,0.0,3.0,3.0,3.0,3.0,3.0,3.0,3.0,2.0,3.0,2.0,3.0,3.0,2.0,3.0,2.0,2.0,0.0,3.0,2.0,3.0,2.0,2.0,3.0,3.0,2.0,3.0,2.0,2.0,2.0,3.0,2.0,3.0,2.0,3.0,1.0,1.0,2.0,3.0,1.0,3.0,2.0,3.0,2.0,2.0,3.0,3.0,3.0,3.0,2.0,3.0,3.0,2.0,3,2.0,2.0,1.0,2.0,3.0,3.0,3.0,3.0,1.0,3.0,1.0,3.0,3.0,3.0,2.0,3.0,2,3.0,3.0,2.0,3.0,3.0,3.0,3.0,2.0,3.0,3.0,3.0,2.0,3.0,3.0,3,2.0,2.0,3.0,2.0,2.0,2.0,3.0,3.0,3.0,2,3,3.0,3.0,3.0,3.0,2.0,3.0,3.0,2,2.0,3.0,3.0,3.0,2.0,3.0,2,2.0,3.0,3.0,2.0,3.0,3.0,2.0,3.0,3.0,3.0,2.0,2.0,2.0,3.0,3.0,2,2.0,3.0,3.0,3.0,2.0,3.0,3.0,3.0,3.0,3.0,2.0,3.0,2,3.0,1.0,2.0,3.0,1.0,3.0,2.0,2,3.0,2.0,3.0,2.0,2.0,3.0,2.0,3.0,2.0,2.0,2,2.0,3.0,2.0,3.0,2.0,3.0,2.0,3.0,2.0,3.0,3.0,1.0,3.0,2.0,3.0,2.0,2.0,3.0,2.0,3.0,2.0,3,3.0,3.0,2.0,3.0,2.0,3,3.0,2.0,3.0,3.0,3.0,2,3.0,2.0,2.0,3.0,3.0,2.0,3.0,2,2.0,2.0,2.0,2.0,3.0,3.0,3.0,2.0,2.0,3.0,2,2.0,2.0,3.0,2.0,3.0,2.0,3.0,2,3.0,2.0,3.0,3.0,2.0,3.0,0.0,2.0,3.0,3.0,3.0,3.0,1.0,3.0,2.0,3.0,3.0,2.0,3.0,3.0,3.0,3.0,2.0,3.0,3.0,2.0,2.0,2.0,3.0,2.0,3.0,2.0,3.0,3.0,2.0,2.0,2.0,3.0,3.0,3.0,2.0,3.0,3.0,2,3.0,3.0,3.0,3.0,3.0,3.0,2,1.0,3.0,3.0,3.0,3.0,3.0,3.0,3.0,1.0,3.0,3.0,3.0,3.0,3.0,1.0,3.0,3.0,2.0,3.0,2.0,2.0,2.0,3.0,3.0,3.0,3.0,3.0,1.0,2.0,3.0,3.0,2.0,2.0,3.0,2.0,3.0,3.0,3.0,2.0,1.0,2.0,3.0,3.0,3.0,2.0,3.0,2.0,3.0,3.0,2.0,3.0,2.0,2.0,3.0,3.0,2,3.0,2.0,3.0,2.0,3.0,3.0,3.0,3.0,3.0,3.0,3.0,3.0,3.0,2.0,3,2.0,3.0,3.0,3.0,3.0,3.0,3.0,2.0,2.0,3.0,2.0,3.0,2.0,3.0,3.0,2.0,3.0,3.0,2.0,2.0,2.0,3.0,2.0,3.0,3.0,3.0,0.0,3.0,3.0,3.0,3.0,3.0,3.0,3.0,1.0,2.0,3.0,2.0,3.0,3.0,1,2.0,3.0,3.0,2.0,3.0,3.0,2.0,3.0,3.0,2.0,3.0,3.0,2.0,3.0,3.0,3.0,3.0,3.0,3.0,1.0,3.0,1.0,3.0,2.0,3.0,3.0,3.0,3.0,3.0,3.0,3.0,3.0,3.0,1.0,3.0,3.0,3.0,2.0,3.0,2.0,3.0,2.0,3.0,3.0,3.0,3.0,3.0,2.0,2.0,3.0,3.0,3.0,3.0,3.0,3.0,2.0,3.0,2.0,3.0,2.0,3.0,3.0,3.0,3,0.0,3.0,2.0,1.0,2.0,3.0,3.0,3.0,3.0,3.0,3.0,3.0,3.0,3.0,2.0,3.0,2.0,3.0,3.0,3.0,3.0,3.0,2.0,3.0,3.0,3.0,3.0,3.0,3.0,3.0,3.0,3.0,3.0,3.0,3.0,1.0,3.0,2.0,2,1.0,3.0,3.0,3.0,1.0,3.0,3.0,3.0,3.0,3.0,3.0,3.0,2.0,3.0,3.0,3.0,2.0,3.0,2.0,3.0,3.0,3.0,3.0,3.0,3.0,3.0,3.0,3.0,3.0,3.0,3.0,2.0,3.0,3.0,3.0,2.0,3.0,3.0,3.0,3.0,3.0,3.0,3.0,3.0,1.0,3.0,3.0,3.0,2.0,3.0,2.0,3.0,3.0,3.0,3.0,2.0,3.0,3.0,3.0,3.0,3.0,3.0,3.0,3.0,3.0,3.0,2.0,3.0,1.0,3.0,3.0,3.0,3.0,3.0,3.0,3.0,3.0,3.0,2.0,2.0,3.0,3.0,2.0,3.0,3.0,3.0,3.0,3.0,3.0,0.0,3.0,161,9,0.085343228200371,1.1516795865633076,-0.37007562090004253
3.0,3,2,3.0,3.0,3.0,3.0,3.0,3.0,3.0,3.0,3.0,3,3.0,3.0,3.0,1.0,,3.0,3.0,3.0,3.0,2.0,3.0,3.0,2.0,3.0,3.0,3.0,3.0,3.0,3.0,3.0,2.0,3.0,3.0,3.0,3.0,3.0,3.0,3.0,3.0,3.0,3.0,3.0,3.0,2.0,3.0,3.0,2.0,3.0,3.0,3.0,3.0,3.0,3.0,3.0,3.0,3.0,3.0,3.0,3.0,3.0,3.0,3.0,3.0,2,3.0,3.0,3.0,3.0,3.0,3.0,3.0,3.0,3.0,3.0,3.0,0.0,3.0,3.0,3.0,3.0,3,3.0,3.0,3.0,2.0,3.0,2.0,3.0,3.0,2.0,2.0,0.0,2.0,3.0,3.0,3,3.0,3.0,1.0,2.0,3.0,3.0,3.0,3.0,3.0,3,3,1.0,2.0,3.0,3.0,3.0,2.0,3.0,3,2.0,3.0,3.0,1.0,3.0,3.0,3,3.0,3.0,3.0,3.0,3.0,3.0,3.0,3.0,3.0,3.0,3.0,2.0,3.0,3.0,,3,3.0,3.0,3.0,,3.0,1.0,3.0,3.0,3.0,3.0,2.0,3.0,2,3.0,3.0,3.0,3.0,3.0,3.0,3.0,3,3.0,3.0,3.0,3.0,3.0,3.0,3.0,3.0,3.0,3.0,3,3.0,3.0,3.0,3.0,3.0,0.0,3.0,3.0,3.0,3.0,3.0,3.0,3.0,3.0,3.0,3.0,3.0,3.0,3.0,3.0,3.0,3,2.0,3.0,3.0,,3.0,3,3.0,3.0,2.0,3.0,3.0,2,3.0,3.0,3.0,,1.0,3.0,3.0,3,3.0,3.0,2.0,2.0,3.0,3.0,3.0,3.0,3.0,3.0,2,1.0,3.0,3.0,3.0,3.0,3.0,3.0,3,2.0,3.0,3.0,3.0,3.0,3.0,3.0,3.0,3.0,3.0,3.0,3.0,3.0,3.0,1.0,3.0,1.0,2.0,3.0,3.0,3.0,3.0,3.0,3.0,3.0,3.0,2.0,2.0,2.0,3.0,2.0,3.0,3.0,3.0,3.0,3.0,0.0,2.0,3.0,3.0,3.0,3.0,3.0,3,,3.0,3.0,3.0,2.0,3.0,2,3.0,3.0,2.0,3.0,3.0,3.0,3.0,2.0,3.0,3.0,3.0,3.0,3.0,3.0,3.0,3.0,3.0,3.0,3.0,3.0,3.0,3.0,3.0,3.0,3.0,3.0,1.0,3.0,3.0,3.0,3.0,2.0,3.0,3.0,3.0,3.0,3.0,3.0,3.0,3.0,3.0,3.0,3.0,2.0,3.0,3.0,2.0,3.0,3.0,3.0,3.0,3.0,3.0,3.0,3.0,3,3.0,3.0,3.0,3.0,3.0,3.0,,3.0,3.0,3.0,3.0,2.0,3.0,3.0,3,3.0,3.0,3.0,3.0,,3.0,3.0,2.0,1.0,3.0,3.0,2.0,3.0,3.0,3.0,3.0,3.0,3.0,3.0,3.0,3.0,3.0,3.0,3.0,3.0,3.0,3.0,3.0,3.0,3.0,3.0,3.0,3.0,3.0,2.0,3.0,2.0,2.0,3.0,3.0,3,3.0,3.0,3.0,3.0,3.0,3.0,3.0,3.0,3.0,3.0,3.0,3.0,2.0,1.0,3.0,3.0,3.0,3.0,3.0,2.0,3.0,2.0,3.0,3.0,3.0,,3.0,3.0,3.0,3.0,3.0,2.0,3.0,3.0,3.0,2.0,3.0,3.0,3.0,3.0,3.0,3.0,3.0,3.0,3.0,,3.0,3.0,3.0,3.0,3.0,2.0,3.0,3.0,3.0,3.0,3.0,3.0,3.0,2.0,3.0,3.0,3.0,3,3.0,3.0,3.0,3.0,3.0,,3.0,3.0,3.0,3.0,3.0,3.0,3.0,3.0,3.0,3.0,3.0,3.0,3.0,3.0,3.0,3.0,3.0,3.0,3.0,3.0,3.0,3.0,3.0,3.0,3.0,3.0,3.0,3.0,3.0,3.0,3.0,2.0,3,0.0,3.0,3.0,3.0,1.0,,3.0,3.0,2.0,3.0,3.0,3.0,1.0,3.0,3.0,3.0,3.0,1.0,3.0,3.0,3.0,3.0,3.0,3.0,3.0,2.0,,3.0,3.0,3.0,3.0,3.0,3.0,2.0,3.0,0.0,3.0,2.0,3.0,3.0,3.0,3.0,3.0,3.0,3.0,2.0,3.0,1.0,3.0,3.0,,,1.0,3.0,,3.0,3.0,1.0,3.0,3.0,3.0,3.0,2.0,3.0,3.0,,3.0,3.0,3.0,,3.0,2.0,3.0,3.0,3.0,3.0,3.0,3.0,3.0,3.0,,,3.0,,3.0,3.0,3.0,,2.0,3.0,,162,9,0.0684410646387832,1.2978112310587304,-0.11257248926143633
3.0,3,3,3.0,3.0,,3.0,,,,3.0,,3,3.0,1.0,3.0,3.0,,,3.0,,,,3.0,,3.0,3.0,3.0,,3.0,3.0,3.0,3.0,3.0,,3.0,,,3.0,3.0,3.0,3.0,,3.0,3.0,,3.0,3.0,,3.0,,,3.0,3.0,,3.0,3.0,3.0,3.0,3.0,1.0,,3.0,,2.0,3.0,3,3.0,3.0,,,1.0,3.0,3.0,3.0,,3.0,,3.0,3.0,,3.0,,3,,,3.0,,2.0,,,,0.0,3.0,,3.0,,1.0,3,3.0,,,2.0,3.0,3.0,,,,3,3,,2.0,3.0,3.0,3.0,,3.0,3,3.0,3.0,3.0,,3.0,3.0,3,3.0,3.0,,,3.0,3.0,3.0,1.0,,3.0,3.0,3.0,,,,3,3.0,3.0,,3.0,,3.0,3.0,3.0,,1.0,3.0,3.0,3,,,2.0,,3.0,,,2,,3.0,3.0,2.0,,,2.0,2.0,3.0,3.0,3,,3.0,3.0,,,,,3.0,2.0,,,,,3.0,,3.0,3.0,3.0,3.0,,,3,,3.0,,,,2,,3.0,3.0,,,3,,2.0,2.0,,,3.0,,3,3.0,3.0,,3.0,3.0,,,2.0,,,3,3.0,3.0,,3.0,,,,3,,3.0,,,3.0,,,3.0,3.0,,,3.0,3.0,3.0,,,,3.0,,,,,,,3.0,,3.0,3.0,,,,,,3.0,,3.0,,,3.0,3.0,3.0,3.0,3.0,3,,,0.0,,3.0,2.0,3,,,3.0,3.0,3.0,3.0,3.0,,,2.0,,3.0,,3.0,,,,3.0,,3.0,,3.0,,3.0,,,,,3.0,,1.0,,3.0,,3.0,3.0,,,,,,,,,3.0,3.0,,,3.0,,,3.0,3.0,,3.0,3,,3.0,,1.0,3.0,,,3.0,,,,,,3.0,3,3.0,,,,,,,3.0,,0.0,3.0,3.0,3.0,,,3.0,3.0,,,3.0,,,3.0,3.0,,,3.0,,,3.0,3.0,3.0,3.0,,3.0,3.0,,3.0,3.0,,3,,,3.0,,,3.0,3.0,3.0,,3.0,,,,3.0,3.0,,3.0,,3.0,3.0,,3.0,,3.0,3.0,,,,3.0,3.0,,,,3.0,,,,,,,3.0,3.0,,3.0,,,,,3.0,,3.0,,3.0,3.0,,3.0,,,,,,3.0,,3,,3.0,,2.0,3.0,,,3.0,3.0,3.0,,,,3.0,,,3.0,,3.0,3.0,,,3.0,,,,,,,,3.0,,,,,,,3.0,3,0.0,,3.0,3.0,,3.0,2.0,,3.0,3.0,,3.0,3.0,,,,3.0,3.0,3.0,,,,3.0,3.0,,,,3.0,0.0,0.0,,3.0,3.0,3.0,1.0,2.0,,,3.0,,,,,,3.0,3.0,3.0,3.0,,3.0,,3.0,2.0,,1.0,,,,,3.0,,,,2.0,3.0,,,,,,,,,3.0,,3.0,,,3.0,3.0,,,,,,,,,3.0,,3.0,163,9,0.2,1.5717948717948718,0.1799137813363363
3.0,3,3,3.0,3.0,3.0,2.0,,3.0,,3.0,3.0,3,2.0,,3.0,3.0,,,,3.0,,,,3.0,,1.0,,3.0,,3.0,2.0,3.0,3.0,3.0,3.0,,,3.0,,3.0,,3.0,,0.0,,3.0,3.0,,3.0,,0.0,3.0,,1.0,3.0,,3.0,3.0,,3.0,,3.0,2.0,,3.0,3,,,3.0,,3.0,3.0,,3.0,3.0,,,3.0,,,3.0,,3,,3.0,3.0,3.0,3.0,2.0,3.0,3.0,,,3.0,2.0,3.0,,3,3.0,3.0,,3.0,3.0,3.0,3.0,,,3,3,3.0,3.0,3.0,,3.0,3.0,3.0,3,,3.0,,,2.0,,3,,,,,3.0,,3.0,,,3.0,,3.0,3.0,,3.0,3,2.0,,,3.0,3.0,3.0,3.0,,,3.0,3.0,3.0,3,,,3.0,3.0,2.0,3.0,,3,,3.0,,3.0,,,,,3.0,,3,3.0,0.0,,3.0,3.0,,3.0,,3.0,,,3.0,,3.0,,3.0,,,,,2.0,3,,1.0,3.0,,,3,,3.0,,3.0,3.0,3,3.0,,,,,,3.0,3,3.0,,3.0,3.0,3.0,3.0,3.0,,3.0,,3,,2.0,3.0,,3.0,,3.0,3,3.0,3.0,,,,3.0,2.0,3.0,3.0,3.0,,3.0,3.0,1.0,,,,3.0,3.0,,,,,,,3.0,3.0,3.0,,,3.0,3.0,3.0,3.0,3.0,3.0,3.0,,,,,3.0,3.0,3,,,3.0,,3.0,3.0,3,,,3.0,,3.0,3.0,,1.0,,3.0,,3.0,3.0,,,3.0,,,,3.0,3.0,3.0,,,3.0,3.0,3.0,,3.0,,,3.0,3.0,3.0,3.0,3.0,,3.0,2.0,,3.0,3.0,,,3.0,,3.0,,3.0,3.0,3.0,3.0,3.0,,,3,3.0,3.0,3.0,3.0,2.0,,,,,2.0,,3.0,3.0,3.0,3,3.0,3.0,,,,,0.0,3.0,,,3.0,3.0,3.0,3.0,,3.0,3.0,,3.0,3.0,,,3.0,3.0,,,3.0,3.0,,,3.0,3.0,3.0,1.0,,3.0,,3.0,3.0,,3,3.0,,,,3.0,,3.0,,,3.0,,2.0,3.0,3.0,,3.0,,3.0,,,,,,2.0,,3.0,1.0,,,2.0,3.0,2.0,,3.0,1.0,3.0,,,3.0,3.0,,,,3.0,3.0,,3.0,,3.0,,3.0,3.0,,3.0,,,,3.0,3.0,3.0,,3.0,,3,1.0,3.0,,,3.0,,3.0,3.0,0.0,3.0,3.0,,3.0,3.0,3.0,3.0,3.0,1.0,3.0,3.0,3.0,,3.0,,3.0,,1.0,,,3.0,3.0,,,3.0,3.0,3.0,3.0,3.0,2,,,3.0,3.0,,,,,,,0.0,,3.0,3.0,3.0,,3.0,3.0,3.0,2.0,3.0,3.0,3.0,3.0,,3.0,,,,3.0,3.0,3.0,3.0,,,3.0,,3.0,3.0,,,,3.0,,,3.0,3.0,,,,3.0,,,3.0,,,,,,3.0,,3.0,,,3.0,,,,,,,,,,3.0,,,3.0,3.0,,,,,,,,,,,1.0,,164,9,0.1030927835051546,1.5728982951205173,0.07204461406819106
3.0,2,2,3.0,3.0,3.0,2.0,3.0,3.0,3.0,3.0,2.0,1,3.0,3.0,3.0,3.0,,3.0,3.0,3.0,3.0,3.0,3.0,2.0,3.0,2.0,3.0,3.0,3.0,3.0,2.0,3.0,3.0,3.0,3.0,2.0,3.0,2.0,3.0,1.0,3.0,3.0,3.0,3.0,3.0,2.0,3.0,0.0,3.0,3.0,2.0,1.0,3.0,3.0,3.0,3.0,3.0,3.0,3.0,3.0,3.0,2.0,3.0,3.0,3.0,3,3.0,2.0,3.0,3.0,3.0,3.0,2.0,3.0,1.0,3.0,3.0,3.0,3.0,3.0,3.0,3.0,2,2.0,3.0,2.0,3.0,2.0,1.0,2.0,3.0,3.0,3.0,3.0,3.0,3.0,3.0,3,3.0,3.0,3.0,3.0,3.0,3.0,3.0,3.0,3.0,3,3,3.0,3.0,2.0,3.0,3.0,3.0,3.0,3,3.0,3.0,3.0,3.0,3.0,3.0,3,3.0,2.0,3.0,3.0,3.0,3.0,3.0,3.0,3.0,3.0,3.0,3.0,3.0,3.0,3.0,3,3.0,3.0,0.0,3.0,3.0,2.0,3.0,3.0,2.0,2.0,3.0,3.0,3,3.0,3.0,3.0,3.0,3.0,3.0,3.0,3,2.0,3.0,1.0,3.0,3.0,3.0,3.0,2.0,3.0,3.0,2,3.0,3.0,3.0,3.0,3.0,3.0,3.0,2.0,2.0,3.0,3.0,2.0,3.0,2.0,3.0,3.0,3.0,3.0,3.0,,2.0,3,3.0,3.0,3.0,3.0,3.0,3,3.0,3.0,3.0,3.0,3.0,3,3.0,1.0,3.0,3.0,3.0,3.0,3.0,3,3.0,2.0,3.0,3.0,3.0,3.0,2.0,3.0,3.0,3.0,3,3.0,2.0,3.0,3.0,3.0,3.0,3.0,3,3.0,2.0,3.0,3.0,3.0,3.0,3.0,3.0,1.0,3.0,3.0,1.0,3.0,3.0,3.0,3.0,3.0,3.0,3.0,3.0,3.0,3.0,0.0,3.0,3.0,3.0,3.0,3.0,3.0,3.0,3.0,2.0,3.0,3.0,3.0,1.0,3.0,3.0,3.0,3.0,2.0,2.0,3.0,2,3.0,3.0,3.0,3.0,3.0,3.0,2,3.0,3.0,3.0,3.0,3.0,3.0,3.0,3.0,3.0,3.0,3.0,2.0,3.0,3.0,3.0,3.0,3.0,3.0,3.0,3.0,3.0,3.0,3.0,3.0,3.0,1.0,3.0,3.0,3.0,1.0,3.0,3.0,2.0,3.0,3.0,3.0,3.0,3.0,2.0,3.0,3.0,3.0,3.0,3.0,2.0,1.0,2.0,3.0,3.0,3.0,3.0,2.0,3.0,3.0,3.0,2,3.0,3.0,3.0,2.0,3.0,3.0,3.0,3.0,3.0,3.0,3.0,3.0,3.0,2.0,3,3.0,3.0,3.0,0.0,3.0,,3.0,3.0,3.0,3.0,2.0,2.0,3.0,3.0,3.0,3.0,3.0,3.0,3.0,2.0,3.0,3.0,3.0,3.0,3.0,3.0,3.0,3.0,3.0,3.0,3.0,3.0,3.0,3.0,2.0,2.0,3.0,3.0,3.0,0.0,3,3.0,3.0,3.0,3.0,3.0,3.0,3.0,3.0,3.0,3.0,3.0,3.0,3.0,3.0,3.0,3.0,3.0,3.0,3.0,3.0,3.0,3.0,3.0,3.0,3.0,3.0,3.0,3.0,3.0,3.0,3.0,3.0,,2.0,3.0,3.0,3.0,3.0,3.0,3.0,3.0,3.0,3.0,3.0,3.0,,3.0,3.0,3.0,3.0,3.0,3.0,3.0,2.0,3.0,2.0,3.0,3.0,3.0,3.0,3.0,1.0,3.0,3,3.0,3.0,1.0,3.0,2.0,,3.0,3.0,3.0,3.0,3.0,3.0,3.0,1.0,3.0,3.0,0.0,3.0,3.0,3.0,3.0,3.0,3.0,3.0,3.0,3.0,2.0,3.0,3.0,3.0,3.0,3.0,3.0,3.0,3.0,3.0,3.0,2.0,3,3.0,,3.0,3.0,3.0,,3.0,3.0,3.0,2.0,3.0,3.0,3.0,3.0,2.0,3.0,3.0,3.0,3.0,3.0,2.0,,3.0,3.0,3.0,3.0,3.0,3.0,,3.0,2.0,3.0,3.0,3.0,3.0,3.0,3.0,2.0,3.0,3.0,2.0,3.0,3.0,3.0,3.0,3.0,3.0,3.0,3.0,3.0,3.0,3.0,3.0,2.0,,3.0,3.0,3.0,3.0,3.0,3.0,3.0,3.0,3.0,3.0,,3.0,3.0,3.0,,3.0,3.0,,3.0,3.0,3.0,3.0,3.0,3.0,2.0,,,2.0,3.0,3.0,3.0,3.0,1.0,1.0,3.0,,165,9,0.0819047619047619,1.2664593513993783,-0.16297715821520148
3.0,3,3,3.0,3.0,,,,3.0,2.0,3.0,,3,3.0,,,,,,,,3.0,3.0,1.0,3.0,,2.0,3.0,,,3.0,,,3.0,,3.0,,3.0,,3.0,3.0,3.0,3.0,3.0,,,3.0,3.0,,3.0,3.0,,3.0,3.0,,3.0,,3.0,3.0,3.0,,,3.0,3.0,3.0,3.0,3,3.0,,3.0,,,3.0,3.0,3.0,,,,3.0,,3.0,3.0,,3,,3.0,,,3.0,,,,3.0,3.0,,,3.0,,2,3.0,3.0,3.0,3.0,3.0,3.0,,,,2,3,,,,1.0,3.0,3.0,,3,3.0,,3.0,,,,3,3.0,3.0,3.0,3.0,3.0,,,,,,3.0,3.0,,3.0,,3,3.0,,3.0,,3.0,3.0,3.0,,3.0,2.0,,2.0,3,,,3.0,3.0,,,3.0,3,,3.0,,,3.0,,0.0,3.0,3.0,3.0,3,,3.0,3.0,3.0,3.0,3.0,,,3.0,3.0,3.0,,3.0,3.0,3.0,3.0,3.0,,2.0,,3.0,3,,3.0,3.0,3.0,,3,,3.0,,3.0,3.0,3,,3.0,3.0,,,3.0,3.0,3,0.0,,3.0,2.0,3.0,,,3.0,3.0,,3,2.0,3.0,3.0,,,3.0,,3,3.0,3.0,3.0,,3.0,,3.0,3.0,,3.0,0.0,3.0,3.0,,,,,3.0,,,,,,,3.0,,3.0,,3.0,,3.0,3.0,,3.0,,3.0,3.0,3.0,,2.0,,3.0,3.0,3,,,3.0,,3.0,3.0,3,3.0,,3.0,3.0,,,3.0,3.0,,1.0,3.0,3.0,3.0,3.0,,,,3.0,,3.0,3.0,,,,,3.0,3.0,,,,3.0,2.0,,,3.0,,,0.0,3.0,,,,1.0,3.0,3.0,,,,3.0,3.0,3.0,,3.0,,3.0,3,3.0,3.0,,3.0,3.0,,,2.0,,,,,3.0,3.0,3,3.0,3.0,3.0,3.0,,,,3.0,,3.0,3.0,,3.0,3.0,,,3.0,,3.0,3.0,,3.0,3.0,3.0,1.0,,,2.0,3.0,3.0,3.0,3.0,,,3.0,,,3.0,3.0,,3,3.0,,3.0,,,2.0,,,,3.0,,,3.0,,,,,,3.0,3.0,,1.0,,3.0,3.0,,3.0,,3.0,3.0,3.0,3.0,,3.0,2.0,3.0,,,3.0,3.0,3.0,,,3.0,3.0,,,3.0,3.0,3.0,2.0,3.0,,,2.0,3.0,2.0,3.0,,2.0,3.0,3.0,2.0,3,2.0,3.0,3.0,,3.0,,,3.0,3.0,,,3.0,,3.0,,2.0,,3.0,,,,,3.0,,3.0,,,,,3.0,3.0,,3.0,3.0,,,3.0,3.0,3,3.0,,3.0,3.0,2.0,0.0,,,1.0,,,,3.0,,3.0,3.0,3.0,3.0,3.0,,3.0,,3.0,,,3.0,,3.0,,,3.0,3.0,,3.0,3.0,3.0,3.0,3.0,3.0,,,3.0,1.0,,3.0,3.0,,3.0,3.0,,,,3.0,,,1.0,,2.0,3.0,3.0,2.0,3.0,,,3.0,,,2.0,,,,3.0,3.0,,,,,3.0,3.0,3.0,,0.0,,,,2.0,,,3.0,,,166,9,0.1595744680851064,1.4350045031522065,0.2182587772119132
2.0,3,2,2.0,3.0,3.0,2.0,2.0,1.0,2.0,2.0,3.0,2,3.0,3.0,3.0,2.0,3.0,2.0,3.0,3.0,3.0,2.0,3.0,3.0,3.0,3.0,3.0,2.0,3.0,1.0,3.0,3.0,1.0,2.0,3.0,1.0,3.0,2.0,3.0,3.0,3.0,3.0,2.0,2.0,3.0,1.0,3.0,3.0,3.0,3.0,3.0,3.0,3.0,3.0,3.0,2.0,3.0,3.0,3.0,3.0,3.0,3.0,3.0,2.0,2.0,2,3.0,1.0,3.0,1.0,3.0,2.0,2.0,2.0,3.0,3.0,2.0,3.0,3.0,3.0,3.0,3.0,2,3.0,3.0,2.0,3.0,3.0,1.0,2.0,3.0,3.0,3.0,3.0,2.0,2.0,3.0,3,2.0,2.0,3.0,2.0,2.0,3.0,3.0,3.0,3.0,2,3,3.0,3.0,3.0,3.0,3.0,3.0,3.0,2,3.0,3.0,3.0,3.0,3.0,3.0,2,3.0,3.0,3.0,3.0,3.0,3.0,3.0,3.0,3.0,3.0,1.0,3.0,3.0,3.0,3.0,2,2.0,3.0,3.0,3.0,2.0,3.0,2.0,3.0,3.0,2.0,3.0,2.0,3,3.0,3.0,2.0,2.0,2.0,3.0,3.0,2,3.0,3.0,3.0,2.0,3.0,3.0,3.0,2.0,2.0,3.0,2,3.0,3.0,1.0,2.0,3.0,3.0,3.0,1.0,3.0,3.0,2.0,2.0,3.0,3.0,3.0,3.0,3.0,3.0,1.0,3.0,2.0,3,2.0,0.0,3.0,3.0,3.0,1,2.0,2.0,2.0,3.0,2.0,3,3.0,2.0,2.0,3.0,3.0,3.0,3.0,2,2.0,2.0,3.0,3.0,2.0,3.0,2.0,3.0,3.0,3.0,3,3.0,2.0,2.0,3.0,3.0,3.0,2.0,2,3.0,2.0,3.0,2.0,1.0,3.0,2.0,2.0,3.0,3.0,3.0,3.0,2.0,3.0,3.0,3.0,3.0,3.0,3.0,3.0,3.0,3.0,3.0,3.0,3.0,3.0,3.0,2.0,3.0,1.0,2.0,3.0,3.0,3.0,3.0,2.0,2.0,3.0,3.0,3.0,3.0,3.0,3.0,3,3.0,3.0,3.0,3.0,3.0,3.0,3,3.0,3.0,2.0,3.0,3.0,3.0,2.0,3.0,3.0,3.0,3.0,3.0,0.0,3.0,3.0,3.0,3.0,3.0,3.0,3.0,3.0,3.0,2.0,3.0,3.0,3.0,2.0,3.0,2.0,3.0,2.0,2.0,3.0,3.0,2.0,3.0,3.0,3.0,3.0,3.0,2.0,3.0,2.0,3.0,2.0,1.0,2.0,2.0,3.0,3.0,3.0,3.0,1.0,3.0,2.0,2,2.0,3.0,3.0,2.0,3.0,3.0,1.0,3.0,3.0,3.0,2.0,3.0,2.0,3.0,2,3.0,3.0,3.0,3.0,3.0,3.0,3.0,2.0,3.0,3.0,2.0,3.0,3.0,2.0,3.0,3.0,2.0,3.0,3.0,2.0,3.0,3.0,3.0,2.0,3.0,2.0,3.0,3.0,2.0,3.0,3.0,3.0,3.0,3.0,3.0,2.0,2.0,2.0,2.0,2.0,2,3.0,2.0,3.0,3.0,3.0,3.0,1.0,3.0,3.0,3.0,2.0,3.0,2.0,2.0,3.0,3.0,3.0,3.0,3.0,2.0,3.0,3.0,3.0,2.0,3.0,3.0,2.0,2.0,2.0,3.0,3.0,3.0,3.0,3.0,3.0,2.0,3.0,2.0,0.0,3.0,2.0,3.0,3.0,3.0,3.0,3.0,3.0,2.0,3.0,3.0,3.0,3.0,2.0,2.0,3.0,3.0,3.0,0.0,2.0,2.0,2.0,1.0,3.0,2,3.0,2.0,3.0,3.0,3.0,,3.0,2.0,3.0,3.0,3.0,3.0,2.0,3.0,2.0,3.0,3.0,3.0,3.0,0.0,2.0,3.0,2.0,3.0,3.0,2.0,3.0,3.0,3.0,1.0,2.0,3.0,2.0,3.0,3.0,3.0,2.0,2.0,2,3.0,3.0,3.0,2.0,3.0,3.0,3.0,3.0,3.0,1.0,3.0,3.0,3.0,3.0,3.0,3.0,3.0,2.0,3.0,1.0,2.0,3.0,3.0,2.0,3.0,3.0,3.0,3.0,3.0,3.0,2.0,2.0,2.0,3.0,3.0,3.0,3.0,3.0,3.0,3.0,3.0,3.0,3.0,3.0,2.0,3.0,3.0,3.0,3.0,3.0,3.0,3.0,3.0,2.0,3.0,3.0,3.0,3.0,3.0,2.0,0.0,3.0,3.0,3.0,2.0,3.0,2.0,3.0,3.0,3.0,3.0,3.0,3.0,3.0,3.0,3.0,3.0,3.0,3.0,3.0,3.0,,3.0,3.0,3.0,3.0,3.0,3.0,3.0,3.0,,167,9,0.0837988826815642,1.1638089919017034,-0.33540466137171104
3.0,3,2,3.0,3.0,1.0,2.0,2.0,2.0,3.0,3.0,3.0,2,2.0,3.0,3.0,3.0,,3.0,3.0,2.0,3.0,3.0,3.0,2.0,3.0,3.0,3.0,2.0,3.0,2.0,3.0,2.0,2.0,2.0,2.0,3.0,3.0,3.0,3.0,3.0,3.0,3.0,1.0,3.0,2.0,2.0,3.0,3.0,3.0,3.0,3.0,3.0,3.0,3.0,3.0,3.0,3.0,3.0,3.0,3.0,3.0,3.0,3.0,3.0,3.0,2,3.0,3.0,3.0,2.0,3.0,3.0,3.0,2.0,3.0,3.0,3.0,2.0,3.0,3.0,2.0,3.0,2,3.0,3.0,3.0,3.0,3.0,,2.0,3.0,3.0,0.0,3.0,2.0,3.0,3.0,3,3.0,3.0,3.0,3.0,3.0,3.0,3.0,3.0,3.0,2,3,1.0,1.0,3.0,3.0,3.0,3.0,3.0,3,3.0,3.0,3.0,2.0,3.0,3.0,3,3.0,3.0,3.0,2.0,3.0,2.0,1.0,3.0,3.0,2.0,3.0,3.0,3.0,3.0,3.0,2,3.0,3.0,3.0,3.0,3.0,3.0,2.0,3.0,3.0,2.0,3.0,3.0,3,3.0,3.0,3.0,2.0,2.0,3.0,3.0,3,3.0,3.0,3.0,3.0,3.0,1.0,3.0,3.0,2.0,3.0,3,3.0,3.0,3.0,1.0,3.0,3.0,3.0,1.0,3.0,3.0,3.0,3.0,3.0,3.0,3.0,2.0,3.0,3.0,3.0,,3.0,3,3.0,3.0,3.0,3.0,3.0,3,,3.0,3.0,2.0,3.0,2,3.0,3.0,3.0,,3.0,3.0,3.0,2,3.0,3.0,3.0,3.0,2.0,3.0,3.0,3.0,2.0,3.0,3,3.0,3.0,3.0,3.0,3.0,3.0,0.0,2,3.0,3.0,3.0,3.0,3.0,3.0,3.0,2.0,3.0,3.0,3.0,3.0,2.0,3.0,3.0,3.0,3.0,3.0,3.0,,3.0,3.0,3.0,,3.0,3.0,3.0,2.0,3.0,2.0,2.0,3.0,3.0,1.0,3.0,3.0,3.0,3.0,3.0,3.0,3.0,3.0,3.0,2,3.0,3.0,3.0,2.0,3.0,3.0,3,3.0,,2.0,3.0,2.0,3.0,3.0,3.0,3.0,2.0,3.0,3.0,2.0,3.0,3.0,3.0,3.0,3.0,3.0,2.0,3.0,3.0,3.0,3.0,3.0,3.0,3.0,3.0,3.0,3.0,3.0,3.0,1.0,2.0,2.0,3.0,3.0,3.0,3.0,3.0,3.0,3.0,3.0,3.0,2.0,3.0,2.0,3.0,3.0,3.0,3.0,3.0,3.0,1.0,3.0,3,2.0,3.0,3.0,3.0,3.0,3.0,3.0,3.0,2.0,3.0,3.0,3.0,3.0,2.0,3,3.0,3.0,3.0,0.0,,2.0,3.0,3.0,3.0,3.0,3.0,3.0,3.0,3.0,3.0,1.0,3.0,3.0,3.0,3.0,3.0,3.0,0.0,2.0,3.0,3.0,2.0,3.0,2.0,3.0,3.0,3.0,3.0,3.0,3.0,3.0,3.0,3.0,2.0,3.0,2,3.0,2.0,2.0,3.0,3.0,3.0,2.0,3.0,3.0,2.0,3.0,3.0,2.0,3.0,3.0,3.0,3.0,3.0,3.0,3.0,3.0,3.0,3.0,2.0,3.0,3.0,3.0,3.0,3.0,3.0,3.0,,3.0,2.0,2.0,3.0,3.0,3.0,3.0,3.0,3.0,3.0,3.0,3.0,,,3.0,3.0,3.0,3.0,3.0,3.0,1.0,3.0,3.0,2.0,3.0,3.0,3.0,3.0,3.0,3.0,3.0,3,1.0,2.0,3.0,3.0,3.0,,2.0,3.0,3.0,3.0,3.0,3.0,3.0,3.0,3.0,3.0,2.0,3.0,3.0,3.0,3.0,3.0,3.0,3.0,3.0,3.0,3.0,3.0,3.0,3.0,3.0,3.0,3.0,3.0,2.0,2.0,3.0,3.0,3,3.0,3.0,3.0,3.0,3.0,,3.0,3.0,3.0,3.0,3.0,3.0,3.0,3.0,3.0,3.0,3.0,2.0,3.0,3.0,2.0,3.0,0.0,3.0,3.0,1.0,3.0,1.0,3.0,3.0,3.0,3.0,3.0,3.0,3.0,2.0,2.0,3.0,3.0,3.0,3.0,3.0,3.0,3.0,3.0,3.0,2.0,3.0,3.0,3.0,3.0,,2.0,3.0,3.0,3.0,3.0,3.0,3.0,2.0,3.0,3.0,3.0,,3.0,1.0,3.0,3.0,3.0,,3.0,3.0,3.0,3.0,3.0,3.0,3.0,0.0,3.0,3.0,3.0,,3.0,,3.0,3.0,3.0,2.0,3.0,2.0,,168,9,0.0741444866920152,1.2282744607689904,-0.23362651602902182
3.0,3,3,2.0,,3.0,3.0,3.0,3.0,,3.0,3.0,3,3.0,3.0,3.0,3.0,,3.0,3.0,3.0,3.0,3.0,3.0,3.0,,3.0,3.0,2.0,,3.0,3.0,,3.0,,3.0,,,3.0,3.0,3.0,3.0,3.0,1.0,3.0,3.0,3.0,3.0,,3.0,2.0,,3.0,,,3.0,3.0,3.0,3.0,3.0,3.0,3.0,3.0,3.0,3.0,3.0,3,3.0,3.0,3.0,3.0,,3.0,,2.0,3.0,,3.0,3.0,,3.0,,2.0,3,3.0,3.0,3.0,3.0,3.0,,,2.0,3.0,3.0,3.0,3.0,3.0,,3,,3.0,0.0,2.0,3.0,3.0,3.0,1.0,3.0,3,3,,3.0,3.0,3.0,3.0,3.0,,3,3.0,2.0,3.0,2.0,3.0,3.0,3,3.0,,3.0,3.0,3.0,3.0,3.0,,,3.0,3.0,3.0,3.0,3.0,,3,3.0,,,,3.0,3.0,3.0,3.0,3.0,3.0,3.0,3.0,3,,,3.0,,,3.0,3.0,2,3.0,3.0,3.0,3.0,,,3.0,2.0,2.0,3.0,3,3.0,3.0,3.0,3.0,3.0,,3.0,3.0,,2.0,,3.0,,2.0,,3.0,3.0,,3.0,,3.0,3,,3.0,3.0,1.0,3.0,3,3.0,3.0,3.0,2.0,3.0,3,3.0,3.0,,,,3.0,3.0,3,2.0,3.0,3.0,3.0,3.0,0.0,3.0,3.0,3.0,,3,3.0,3.0,,3.0,,,3.0,3,3.0,3.0,3.0,,3.0,3.0,3.0,3.0,3.0,3.0,3.0,3.0,3.0,3.0,,,,3.0,2.0,,,,3.0,,3.0,,,3.0,,3.0,3.0,3.0,,3.0,,3.0,3.0,3.0,3.0,3.0,3.0,3.0,3.0,3,,3.0,3.0,,0.0,3.0,3,3.0,,3.0,3.0,,3.0,3.0,3.0,,3.0,,3.0,3.0,3.0,,3.0,3.0,3.0,1.0,,3.0,3.0,3.0,,2.0,3.0,3.0,2.0,3.0,3.0,3.0,3.0,3.0,,3.0,3.0,,,3.0,,3.0,3.0,,1.0,3.0,3.0,2.0,,3.0,3.0,3.0,3.0,3.0,,3.0,3,3.0,1.0,3.0,3.0,,3.0,,3.0,,,3.0,,3.0,,3,3.0,3.0,2.0,3.0,,,3.0,3.0,,3.0,3.0,3.0,3.0,3.0,,3.0,3.0,,,3.0,3.0,,3.0,3.0,3.0,3.0,2.0,3.0,3.0,1.0,3.0,2.0,3.0,,3.0,3.0,3.0,2.0,3.0,,3,3.0,,3.0,,3.0,3.0,3.0,3.0,3.0,3.0,,3.0,3.0,3.0,2.0,3.0,3.0,,3.0,2.0,,3.0,,3.0,3.0,,3.0,0.0,3.0,3.0,,,,,,3.0,,3.0,3.0,3.0,,3.0,3.0,3.0,,,,2.0,3.0,3.0,1.0,3.0,0.0,3.0,3.0,3.0,,3.0,3.0,3.0,3.0,3.0,3.0,1,3.0,2.0,3.0,3.0,3.0,,3.0,3.0,3.0,3.0,3.0,3.0,1.0,3.0,3.0,3.0,3.0,3.0,,3.0,3.0,,,,,,3.0,1.0,3.0,3.0,3.0,3.0,3.0,,3.0,,3.0,3.0,3,,,3.0,3.0,2.0,,3.0,3.0,3.0,3.0,,,0.0,,,,3.0,3.0,,3.0,,3.0,3.0,3.0,3.0,3.0,,3.0,,,,3.0,3.0,3.0,,3.0,,,3.0,3.0,3.0,3.0,3.0,,3.0,3.0,,3.0,,3.0,,,,3.0,,3.0,,,,3.0,,,,,1.0,,3.0,3.0,3.0,,3.0,,,,3.0,,,3.0,3.0,3.0,,,,,,,,,2.0,,,169,9,0.0952380952380952,1.4462127316680096,0.077232454586004
3.0,1,3,3.0,3.0,,,,3.0,,0.0,,3,3.0,3.0,3.0,,,3.0,,3.0,,,3.0,,3.0,3.0,,3.0,3.0,3.0,3.0,,,,2.0,3.0,3.0,3.0,,2.0,3.0,3.0,3.0,3.0,3.0,2.0,3.0,,3.0,3.0,3.0,3.0,3.0,3.0,1.0,,2.0,3.0,3.0,3.0,1.0,3.0,3.0,,3.0,3,3.0,3.0,,,,3.0,3.0,3.0,3.0,,,3.0,,,3.0,3.0,0,3.0,3.0,3.0,3.0,,,,,1.0,3.0,,3.0,,3.0,3,3.0,3.0,3.0,3.0,3.0,2.0,3.0,,,3,3,3.0,,3.0,,3.0,3.0,3.0,3,,3.0,3.0,3.0,3.0,3.0,3,3.0,3.0,3.0,3.0,3.0,3.0,3.0,3.0,3.0,2.0,3.0,3.0,3.0,3.0,,3,3.0,2.0,3.0,3.0,3.0,3.0,3.0,3.0,3.0,3.0,3.0,,3,,2.0,3.0,3.0,3.0,3.0,,3,3.0,3.0,3.0,1.0,,,3.0,3.0,,3.0,3,,3.0,,3.0,3.0,1.0,,3.0,3.0,,,2.0,3.0,3.0,3.0,3.0,3.0,3.0,3.0,,3.0,3,3.0,3.0,3.0,3.0,3.0,3,3.0,3.0,3.0,3.0,3.0,3,3.0,3.0,3.0,,3.0,2.0,3.0,3,3.0,3.0,3.0,3.0,3.0,1.0,,3.0,3.0,3.0,3,3.0,3.0,3.0,3.0,2.0,2.0,,3,2.0,2.0,3.0,,3.0,3.0,0.0,,3.0,3.0,2.0,3.0,3.0,3.0,,3.0,2.0,3.0,3.0,3.0,3.0,,3.0,3.0,,3.0,3.0,3.0,3.0,3.0,3.0,2.0,,3.0,3.0,3.0,3.0,3.0,3.0,0.0,3.0,2.0,,3,3.0,3.0,3.0,,2.0,3.0,2,3.0,3.0,3.0,,3.0,3.0,3.0,3.0,,3.0,3.0,3.0,,3.0,3.0,3.0,,3.0,,3.0,3.0,3.0,2.0,3.0,3.0,0.0,2.0,3.0,3.0,3.0,3.0,2.0,3.0,,3.0,3.0,,3.0,3.0,3.0,3.0,3.0,1.0,3.0,3.0,3.0,3.0,,3.0,3.0,3.0,3.0,2.0,3.0,3.0,3,3.0,3.0,3.0,2.0,,3.0,3.0,3.0,,,,3.0,3.0,3.0,3,3.0,3.0,,,3.0,,3.0,3.0,3.0,,3.0,3.0,,3.0,2.0,3.0,3.0,3.0,3.0,3.0,,3.0,3.0,3.0,,,3.0,3.0,,3.0,3.0,3.0,,3.0,3.0,,3.0,3.0,,,3,2.0,,,,,3.0,3.0,,,3.0,,3.0,,,3.0,,3.0,3.0,,3.0,,3.0,,,3.0,,3.0,1.0,3.0,3.0,,3.0,,3.0,,3.0,3.0,3.0,3.0,3.0,3.0,3.0,3.0,3.0,,,3.0,3.0,3.0,,,3.0,3.0,,,3.0,3.0,2.0,,3.0,3.0,3.0,3.0,3,3.0,,3.0,,3.0,,3.0,3.0,3.0,3.0,3.0,3.0,3.0,3.0,3.0,,3.0,,,3.0,,3.0,3.0,3.0,,,3.0,,,3.0,3.0,3.0,3.0,,3.0,3.0,3.0,3.0,3,,,3.0,3.0,,,,3.0,,3.0,3.0,3.0,3.0,,,2.0,,3.0,3.0,,3.0,,,,3.0,,,3.0,,3.0,1.0,,3.0,,,3.0,,,,,,3.0,,3.0,3.0,3.0,3.0,3.0,1.0,3.0,0.0,2.0,3.0,3.0,,3.0,,3.0,3.0,,3.0,3.0,,,3.0,,,,,,,,,3.0,,,,3.0,3.0,3.0,,,,,,3.0,,,3.0,3.0,,170,9,0.0954907161803713,1.480440097799511,0.018145482653383414
3.0,3,3,2.0,3.0,2.0,3.0,3.0,2.0,3.0,3.0,3.0,2,3.0,2.0,3.0,3.0,,3.0,3.0,3.0,2.0,3.0,3.0,3.0,3.0,3.0,3.0,3.0,3.0,3.0,2.0,3.0,3.0,3.0,3.0,3.0,3.0,3.0,3.0,3.0,3.0,2.0,3.0,1.0,3.0,2.0,3.0,3.0,3.0,3.0,3.0,3.0,3.0,1.0,3.0,3.0,3.0,3.0,3.0,3.0,3.0,3.0,3.0,3.0,3.0,3,3.0,3.0,3.0,3.0,3.0,3.0,3.0,3.0,3.0,3.0,2.0,3.0,3.0,3.0,2.0,3.0,3,3.0,3.0,3.0,3.0,3.0,,3.0,1.0,2.0,3.0,3.0,3.0,,3.0,3,3.0,3.0,3.0,3.0,3.0,3.0,3.0,3.0,3.0,3,3,3.0,3.0,2.0,3.0,1.0,3.0,3.0,3,3.0,3.0,3.0,3.0,3.0,3.0,3,3.0,3.0,3.0,3.0,3.0,3.0,3.0,3.0,3.0,3.0,3.0,2.0,3.0,3.0,3.0,3,3.0,3.0,3.0,,3.0,3.0,3.0,3.0,3.0,3.0,3.0,3.0,3,3.0,3.0,3.0,3.0,3.0,3.0,3.0,2,3.0,3.0,3.0,3.0,3.0,3.0,3.0,3.0,3.0,2.0,3,3.0,3.0,3.0,3.0,3.0,3.0,3.0,3.0,3.0,3.0,3.0,3.0,3.0,3.0,3.0,3.0,3.0,3.0,3.0,,2.0,3,3.0,3.0,3.0,3.0,0.0,3,3.0,1.0,3.0,3.0,3.0,2,3.0,3.0,3.0,,3.0,3.0,3.0,2,3.0,3.0,3.0,3.0,3.0,3.0,3.0,3.0,3.0,3.0,1,3.0,2.0,2.0,3.0,3.0,3.0,3.0,3,2.0,3.0,3.0,2.0,2.0,3.0,3.0,3.0,3.0,3.0,3.0,3.0,2.0,3.0,3.0,3.0,3.0,3.0,3.0,1.0,3.0,3.0,3.0,3.0,3.0,3.0,3.0,3.0,3.0,3.0,2.0,3.0,3.0,3.0,3.0,2.0,3.0,3.0,2.0,3.0,1.0,3.0,3.0,2,3.0,3.0,3.0,3.0,2.0,3.0,3,3.0,3.0,2.0,3.0,3.0,3.0,3.0,3.0,0.0,3.0,2.0,3.0,1.0,3.0,3.0,3.0,3.0,3.0,3.0,3.0,3.0,3.0,3.0,3.0,2.0,2.0,3.0,3.0,3.0,3.0,3.0,3.0,3.0,3.0,3.0,3.0,3.0,2.0,3.0,1.0,3.0,3.0,3.0,3.0,3.0,3.0,2.0,3.0,3.0,2.0,3.0,3.0,3.0,3.0,3.0,3,3.0,3.0,3.0,3.0,3.0,3.0,3.0,3.0,3.0,,3.0,3.0,3.0,3.0,3,2.0,3.0,,3.0,3.0,,3.0,3.0,3.0,3.0,2.0,3.0,3.0,3.0,3.0,3.0,3.0,1.0,3.0,3.0,3.0,2.0,3.0,3.0,3.0,3.0,3.0,3.0,3.0,3.0,3.0,3.0,3.0,3.0,2.0,2.0,3.0,2.0,3.0,2.0,3,3.0,3.0,0.0,0.0,3.0,3.0,3.0,3.0,3.0,2.0,3.0,3.0,3.0,3.0,3.0,3.0,3.0,3.0,3.0,3.0,3.0,3.0,3.0,3.0,3.0,3.0,3.0,3.0,0.0,3.0,3.0,,,3.0,,3.0,3.0,3.0,2.0,3.0,3.0,3.0,3.0,3.0,3.0,,3.0,3.0,3.0,3.0,3.0,2.0,3.0,3.0,3.0,3.0,3.0,2.0,3.0,1.0,3.0,3.0,3.0,3,2.0,3.0,3.0,3.0,3.0,,3.0,3.0,3.0,3.0,3.0,3.0,3.0,3.0,2.0,3.0,3.0,2.0,3.0,3.0,3.0,3.0,3.0,,3.0,3.0,3.0,3.0,3.0,3.0,1.0,2.0,3.0,1.0,3.0,2.0,3.0,3.0,3,3.0,3.0,3.0,3.0,3.0,,3.0,3.0,3.0,3.0,3.0,3.0,3.0,3.0,3.0,3.0,3.0,3.0,2.0,3.0,3.0,3.0,3.0,3.0,3.0,2.0,3.0,3.0,3.0,3.0,3.0,3.0,3.0,3.0,3.0,3.0,3.0,3.0,3.0,3.0,3.0,3.0,3.0,3.0,3.0,3.0,0.0,3.0,3.0,3.0,3.0,,2.0,2.0,,3.0,,3.0,3.0,3.0,3.0,3.0,1.0,1.0,3.0,,3.0,3.0,3.0,,2.0,3.0,3.0,3.0,3.0,3.0,,3.0,3.0,1.0,,3.0,3.0,3.0,3.0,1.0,3.0,3.0,3.0,3.0,,171,9,0.0767754318618042,1.2959928050364744,-0.13015131265984847
2.0,2,2,3.0,3.0,3.0,1.0,3.0,2.0,3.0,2.0,1.0,2,3.0,3.0,3.0,3.0,,3.0,2.0,3.0,3.0,2.0,3.0,3.0,3.0,2.0,3.0,3.0,3.0,2.0,3.0,3.0,1.0,3.0,3.0,3.0,3.0,3.0,3.0,3.0,3.0,3.0,3.0,3.0,3.0,3.0,3.0,3.0,3.0,0.0,3.0,3.0,3.0,3.0,3.0,3.0,3.0,2.0,1.0,3.0,3.0,3.0,3.0,3.0,3.0,3,3.0,3.0,3.0,3.0,3.0,2.0,3.0,1.0,3.0,3.0,2.0,3.0,3.0,0.0,3.0,3.0,3,3.0,3.0,2.0,1.0,2.0,3.0,3.0,3.0,3.0,2.0,3.0,3.0,3.0,2.0,3,3.0,2.0,3.0,1.0,3.0,3.0,3.0,,3.0,3,3,3.0,3.0,3.0,3.0,3.0,3.0,3.0,2,3.0,3.0,3.0,3.0,2.0,3.0,3,3.0,3.0,3.0,3.0,3.0,3.0,3.0,3.0,3.0,3.0,3.0,3.0,2.0,3.0,3.0,2,3.0,3.0,3.0,3.0,3.0,3.0,3.0,1.0,3.0,3.0,2.0,3.0,3,3.0,3.0,3.0,3.0,3.0,3.0,3.0,3,3.0,3.0,3.0,3.0,3.0,3.0,3.0,3.0,3.0,3.0,3,3.0,3.0,3.0,3.0,3.0,2.0,3.0,3.0,3.0,3.0,3.0,3.0,3.0,3.0,3.0,3.0,3.0,3.0,3.0,3.0,2.0,3,3.0,3.0,3.0,3.0,3.0,3,3.0,3.0,3.0,3.0,3.0,3,3.0,3.0,3.0,3.0,2.0,3.0,3.0,2,3.0,3.0,3.0,3.0,3.0,3.0,3.0,3.0,2.0,3.0,3,2.0,3.0,3.0,2.0,3.0,2.0,3.0,3,3.0,3.0,3.0,3.0,3.0,3.0,3.0,3.0,3.0,3.0,3.0,3.0,3.0,2.0,3.0,3.0,3.0,3.0,3.0,3.0,3.0,3.0,3.0,3.0,3.0,3.0,3.0,3.0,3.0,3.0,3.0,2.0,3.0,3.0,3.0,3.0,3.0,3.0,3.0,3.0,3.0,1.0,3.0,3,3.0,3.0,3.0,3.0,0.0,3.0,3,3.0,3.0,3.0,3.0,3.0,3.0,3.0,3.0,3.0,3.0,3.0,3.0,3.0,3.0,,3.0,3.0,3.0,3.0,3.0,3.0,3.0,3.0,3.0,3.0,3.0,3.0,2.0,3.0,3.0,0.0,3.0,3.0,3.0,3.0,1.0,3.0,2.0,3.0,3.0,3.0,2.0,3.0,3.0,3.0,3.0,3.0,3.0,3.0,3.0,3.0,3.0,3.0,3.0,1.0,3,3.0,3.0,3.0,3.0,2.0,3.0,3.0,3.0,3.0,3.0,3.0,3.0,3.0,3.0,3,3.0,3.0,3.0,3.0,3.0,,3.0,3.0,3.0,3.0,2.0,3.0,3.0,3.0,3.0,3.0,3.0,2.0,0.0,3.0,1.0,3.0,3.0,2.0,3.0,3.0,3.0,3.0,3.0,0.0,3.0,3.0,3.0,2.0,3.0,3.0,3.0,3.0,3.0,3.0,2,2.0,3.0,2.0,3.0,3.0,3.0,3.0,3.0,3.0,3.0,3.0,3.0,3.0,3.0,3.0,3.0,3.0,3.0,3.0,3.0,3.0,2.0,,3.0,3.0,3.0,3.0,3.0,2.0,3.0,3.0,1.0,,3.0,,2.0,3.0,3.0,3.0,3.0,3.0,3.0,3.0,3.0,3.0,,3.0,3.0,3.0,3.0,3.0,3.0,3.0,3.0,3.0,3.0,3.0,3.0,3.0,2.0,3.0,3.0,3.0,2,3.0,3.0,3.0,3.0,3.0,,3.0,3.0,3.0,3.0,3.0,3.0,3.0,3.0,2.0,2.0,1.0,3.0,3.0,3.0,3.0,3.0,3.0,3.0,3.0,3.0,3.0,3.0,3.0,2.0,3.0,3.0,3.0,3.0,2.0,3.0,2.0,3.0,3,3.0,3.0,3.0,3.0,3.0,2.0,3.0,3.0,1.0,3.0,3.0,3.0,3.0,3.0,3.0,3.0,3.0,3.0,3.0,3.0,3.0,3.0,2.0,3.0,3.0,3.0,,3.0,2.0,3.0,3.0,3.0,3.0,3.0,3.0,3.0,3.0,3.0,3.0,3.0,3.0,3.0,3.0,3.0,3.0,3.0,3.0,3.0,3.0,2.0,3.0,,3.0,3.0,2.0,3.0,3.0,3.0,3.0,3.0,3.0,3.0,2.0,3.0,3.0,,3.0,,3.0,,,,3.0,3.0,3.0,3.0,,3.0,1.0,3.0,,,3.0,3.0,3.0,3.0,3.0,3.0,3.0,3.0,,172,9,0.0700757575757575,1.3105314960629921,-0.1735273739441599
3.0,2,3,2.0,2.0,3.0,3.0,3.0,3.0,3.0,3.0,3.0,2,3.0,3.0,3.0,3.0,,3.0,2.0,3.0,3.0,3.0,3.0,3.0,3.0,3.0,3.0,3.0,3.0,3.0,3.0,3.0,3.0,3.0,3.0,3.0,3.0,2.0,3.0,3.0,2.0,2.0,3.0,3.0,3.0,3.0,2.0,3.0,3.0,2.0,1.0,1.0,3.0,3.0,3.0,3.0,3.0,3.0,2.0,3.0,3.0,3.0,3.0,3.0,2.0,3,3.0,3.0,3.0,3.0,3.0,3.0,2.0,2.0,3.0,3.0,3.0,3.0,3.0,3.0,3.0,3.0,2,2.0,3.0,2.0,3.0,3.0,3.0,3.0,3.0,2.0,3.0,3.0,3.0,2.0,3.0,3,2.0,3.0,3.0,3.0,2.0,2.0,3.0,3.0,3.0,2,0,2.0,2.0,3.0,1.0,3.0,1.0,3.0,1,3.0,3.0,2.0,3.0,2.0,1.0,2,3.0,3.0,2.0,2.0,3.0,3.0,3.0,3.0,3.0,3.0,3.0,3.0,3.0,3.0,3.0,1,2.0,3.0,3.0,3.0,2.0,2.0,2.0,2.0,3.0,2.0,3.0,3.0,2,3.0,3.0,3.0,3.0,3.0,2.0,3.0,2,2.0,2.0,3.0,3.0,3.0,3.0,3.0,2.0,2.0,2.0,3,3.0,3.0,2.0,3.0,3.0,3.0,3.0,3.0,3.0,2.0,3.0,2.0,3.0,2.0,3.0,2.0,3.0,3.0,3.0,3.0,2.0,3,3.0,3.0,3.0,3.0,3.0,2,3.0,3.0,3.0,1.0,2.0,3,3.0,3.0,3.0,3.0,3.0,3.0,2.0,3,3.0,3.0,3.0,2.0,3.0,3.0,3.0,2.0,3.0,3.0,2,3.0,2.0,3.0,2.0,3.0,3.0,2.0,3,2.0,3.0,3.0,3.0,3.0,3.0,3.0,3.0,3.0,3.0,3.0,3.0,3.0,3.0,2.0,3.0,3.0,2.0,3.0,3.0,3.0,3.0,2.0,3.0,3.0,3.0,3.0,3.0,0.0,3.0,3.0,3.0,3.0,3.0,3.0,2.0,3.0,3.0,3.0,2.0,3.0,3.0,2.0,3,3.0,2.0,3.0,3.0,2.0,3.0,2,2.0,3.0,3.0,2.0,2.0,3.0,3.0,3.0,3.0,3.0,3.0,3.0,3.0,3.0,3.0,3.0,3.0,3.0,3.0,2.0,2.0,3.0,3.0,2.0,3.0,3.0,3.0,2.0,2.0,1.0,3.0,2.0,1.0,3.0,3.0,3.0,3.0,3.0,2.0,3.0,2.0,3.0,3.0,2.0,1.0,1.0,3.0,3.0,1.0,3.0,3.0,2.0,3.0,3.0,3.0,2,3.0,3.0,3.0,2.0,3.0,3.0,3.0,3.0,3.0,3.0,3.0,3.0,3.0,2.0,3,3.0,3.0,3.0,3.0,0.0,3.0,3.0,2.0,3.0,3.0,3.0,2.0,3.0,3.0,2.0,2.0,3.0,3.0,3.0,3.0,3.0,2.0,2.0,2.0,2.0,3.0,2.0,1.0,3.0,3.0,3.0,2.0,3.0,2.0,1.0,3.0,3.0,3.0,2.0,3.0,2,3.0,1.0,3.0,3.0,3.0,2.0,3.0,3.0,3.0,3.0,3.0,3.0,2.0,3.0,3.0,3.0,3.0,3.0,3.0,1.0,3.0,3.0,3.0,2.0,3.0,3.0,3.0,3.0,3.0,3.0,2.0,3.0,3.0,3.0,3.0,3.0,3.0,3.0,3.0,3.0,1.0,3.0,3.0,3.0,3.0,,3.0,3.0,2.0,3.0,3.0,3.0,3.0,2.0,3.0,3.0,3.0,3.0,3.0,3.0,3.0,2.0,3.0,3,3.0,3.0,3.0,3.0,3.0,,3.0,3.0,3.0,3.0,3.0,2.0,3.0,3.0,3.0,3.0,0.0,3.0,3.0,3.0,3.0,3.0,3.0,3.0,3.0,3.0,3.0,3.0,3.0,3.0,3.0,3.0,2.0,3.0,3.0,3.0,2.0,3.0,3,3.0,3.0,2.0,3.0,3.0,,1.0,3.0,3.0,2.0,3.0,3.0,3.0,2.0,3.0,3.0,3.0,3.0,3.0,3.0,2.0,3.0,3.0,3.0,2.0,3.0,3.0,2.0,3.0,3.0,3.0,3.0,3.0,3.0,3.0,3.0,3.0,3.0,3.0,0.0,1.0,0.0,2.0,2.0,3.0,2.0,3.0,3.0,3.0,1.0,3.0,3.0,3.0,2.0,,3.0,3.0,3.0,3.0,3.0,3.0,3.0,3.0,3.0,3.0,3.0,3.0,3.0,3.0,3.0,3.0,3.0,2.0,3.0,2.0,3.0,3.0,3.0,3.0,3.0,3.0,,2.0,3.0,3.0,3.0,2.0,3.0,3.0,3.0,3.0,173,9,0.0863039399624765,1.1844234025208502,-0.2750431443081119
3.0,2,3,3.0,3.0,3.0,3.0,3.0,3.0,3.0,3.0,3.0,3,,3.0,3.0,3.0,,,3.0,3.0,3.0,3.0,3.0,2.0,3.0,3.0,3.0,,3.0,1.0,3.0,3.0,3.0,2.0,3.0,3.0,3.0,3.0,3.0,,3.0,3.0,3.0,3.0,3.0,3.0,3.0,3.0,3.0,3.0,,3.0,3.0,2.0,3.0,3.0,3.0,3.0,3.0,3.0,1.0,3.0,3.0,3.0,3.0,3,3.0,,3.0,,3.0,3.0,0.0,3.0,3.0,3.0,3.0,3.0,3.0,3.0,3.0,3.0,3,3.0,3.0,3.0,3.0,3.0,3.0,3.0,3.0,3.0,3.0,2.0,3.0,3.0,3.0,3,3.0,3.0,3.0,3.0,3.0,3.0,3.0,,3.0,3,2,3.0,3.0,2.0,3.0,3.0,3.0,,2,3.0,3.0,3.0,3.0,3.0,2.0,3,3.0,3.0,3.0,3.0,3.0,3.0,3.0,3.0,1.0,3.0,3.0,2.0,3.0,,,3,3.0,3.0,2.0,,3.0,3.0,3.0,3.0,3.0,3.0,3.0,3.0,2,3.0,0.0,3.0,3.0,3.0,3.0,3.0,3,3.0,3.0,3.0,3.0,3.0,3.0,3.0,3.0,3.0,3.0,3,3.0,1.0,3.0,3.0,3.0,3.0,3.0,,3.0,3.0,3.0,3.0,3.0,3.0,3.0,3.0,3.0,,3.0,,3.0,3,3.0,3.0,3.0,2.0,3.0,3,,3.0,3.0,3.0,3.0,3,3.0,3.0,3.0,,,3.0,3.0,3,3.0,3.0,3.0,3.0,3.0,3.0,3.0,3.0,3.0,2.0,3,3.0,3.0,3.0,1.0,3.0,3.0,3.0,3,3.0,3.0,2.0,3.0,3.0,3.0,3.0,1.0,3.0,3.0,3.0,3.0,3.0,3.0,3.0,,3.0,3.0,3.0,3.0,2.0,3.0,2.0,,3.0,3.0,3.0,2.0,3.0,3.0,2.0,3.0,3.0,3.0,3.0,3.0,3.0,3.0,,3.0,3.0,3.0,2.0,3,3.0,3.0,3.0,3.0,3.0,3.0,3,3.0,2.0,3.0,3.0,3.0,3.0,,0.0,3.0,3.0,3.0,3.0,3.0,0.0,3.0,1.0,3.0,3.0,3.0,3.0,2.0,3.0,3.0,,3.0,3.0,3.0,2.0,3.0,3.0,3.0,3.0,3.0,3.0,2.0,3.0,2.0,3.0,3.0,3.0,3.0,3.0,3.0,3.0,3.0,1.0,1.0,3.0,3.0,3.0,3.0,3.0,3.0,3.0,3.0,3,3.0,3.0,3.0,3.0,2.0,3.0,,3.0,3.0,3.0,3.0,3.0,1.0,3.0,2,3.0,3.0,,3.0,3.0,,3.0,3.0,2.0,,2.0,3.0,3.0,3.0,3.0,3.0,3.0,3.0,3.0,3.0,,3.0,3.0,3.0,3.0,2.0,3.0,2.0,3.0,3.0,3.0,3.0,3.0,3.0,3.0,3.0,3.0,3.0,3.0,3.0,3,3.0,3.0,3.0,3.0,3.0,3.0,3.0,3.0,3.0,3.0,3.0,3.0,3.0,3.0,3.0,3.0,2.0,,3.0,3.0,3.0,3.0,,3.0,3.0,,3.0,3.0,,2.0,3.0,,,3.0,,3.0,3.0,,3.0,3.0,3.0,3.0,,3.0,1.0,,3.0,3.0,3.0,3.0,,3.0,3.0,3.0,3.0,3.0,,3.0,3.0,3.0,3.0,3.0,3.0,3,3.0,3.0,3.0,3.0,3.0,,3.0,3.0,2.0,3.0,3.0,3.0,3.0,3.0,3.0,,3.0,3.0,3.0,3.0,3.0,,3.0,,3.0,3.0,3.0,3.0,3.0,3.0,1.0,3.0,0.0,,3.0,3.0,2.0,3.0,2,,,2.0,3.0,3.0,,3.0,3.0,2.0,3.0,,3.0,1.0,3.0,3.0,,3.0,3.0,2.0,3.0,3.0,,3.0,0.0,3.0,3.0,3.0,,,3.0,3.0,3.0,3.0,2.0,3.0,3.0,,,3.0,,3.0,3.0,3.0,3.0,3.0,3.0,3.0,3.0,,3.0,,,3.0,3.0,,3.0,,3.0,3.0,3.0,3.0,1.0,3.0,3.0,3.0,,3.0,,3.0,,3.0,3.0,,,3.0,3.0,3.0,3.0,3.0,3.0,,,,3.0,,3.0,,,3.0,3.0,,174,9,0.0895522388059701,1.4154449121788357,0.029748329301530086
3.0,2,2,2.0,2.0,3.0,2.0,2.0,3.0,3.0,2.0,3.0,2,2.0,3.0,3.0,3.0,3.0,3.0,3.0,3.0,3.0,3.0,2.0,3.0,3.0,2.0,3.0,3.0,2.0,2.0,2.0,3.0,2.0,3.0,3.0,3.0,3.0,2.0,2.0,2.0,3.0,2.0,3.0,3.0,3.0,3.0,2.0,2.0,2.0,3.0,3.0,2.0,3.0,3.0,3.0,1.0,2.0,3.0,2.0,3.0,3.0,3.0,3.0,2.0,2.0,2,3.0,3.0,3.0,3.0,1.0,2.0,2.0,3.0,2.0,3.0,2.0,3.0,3.0,3.0,2.0,2.0,2,3.0,2.0,2.0,3.0,2.0,3.0,3.0,3.0,2.0,2.0,3.0,2.0,3.0,3.0,2,2.0,3.0,3.0,2.0,2.0,2.0,1.0,3.0,3.0,2,2,2.0,3.0,3.0,3.0,2.0,3.0,3.0,2,3.0,2.0,2.0,3.0,2.0,3.0,2,2.0,3.0,2.0,3.0,2.0,3.0,3.0,3.0,1.0,2.0,3.0,2.0,3.0,3.0,3.0,3,2.0,3.0,3.0,3.0,3.0,2.0,2.0,2.0,3.0,2.0,2.0,2.0,2,3.0,3.0,2.0,2.0,3.0,3.0,3.0,3,3.0,2.0,3.0,3.0,3.0,2.0,3.0,2.0,1.0,2.0,2,3.0,3.0,2.0,2.0,3.0,0.0,3.0,3.0,3.0,3.0,3.0,3.0,3.0,2.0,2.0,3.0,3.0,3.0,3.0,3.0,2.0,1,2.0,3.0,3.0,2.0,3.0,2,3.0,2.0,3.0,3.0,2.0,3,3.0,3.0,0.0,3.0,3.0,3.0,2.0,2,2.0,2.0,2.0,2.0,2.0,3.0,3.0,2.0,2.0,2.0,2,2.0,2.0,2.0,2.0,2.0,3.0,3.0,2,2.0,2.0,3.0,3.0,2.0,2.0,3.0,2.0,1.0,1.0,3.0,3.0,3.0,2.0,2.0,3.0,2.0,2.0,3.0,1.0,3.0,3.0,2.0,2.0,3.0,2.0,2.0,2.0,3.0,2.0,3.0,2.0,3.0,3.0,3.0,2.0,2.0,3.0,3.0,3.0,2.0,1.0,3.0,2,3.0,3.0,2.0,3.0,2.0,3.0,2,2.0,3.0,2.0,3.0,2.0,3.0,3.0,3.0,3.0,3.0,3.0,2.0,3.0,2.0,3.0,2.0,3.0,2.0,3.0,2.0,3.0,2.0,3.0,3.0,2.0,1.0,2.0,3.0,2.0,2.0,3.0,3.0,2.0,3.0,2.0,2.0,3.0,3.0,2.0,3.0,2.0,2.0,3.0,3.0,3.0,3.0,3.0,3.0,3.0,1.0,3.0,2.0,2.0,3.0,2.0,3,3.0,2.0,3.0,2.0,1.0,3.0,3.0,2.0,2.0,3.0,3.0,3.0,3.0,1.0,2,3.0,2.0,3.0,3.0,2.0,3.0,2.0,2.0,3.0,3.0,0.0,3.0,2.0,3.0,2.0,3.0,2.0,2.0,2.0,2.0,2.0,2.0,3.0,2.0,2.0,1.0,2.0,3.0,1.0,0.0,3.0,2.0,2.0,3.0,2.0,0.0,2.0,2.0,3.0,2.0,2,2.0,3.0,3.0,3.0,2.0,2.0,2.0,3.0,2.0,1.0,2.0,2.0,2.0,3.0,3.0,3.0,0.0,3.0,2.0,1.0,3.0,3.0,2.0,3.0,3.0,3.0,3.0,3.0,3.0,3.0,3.0,3.0,3.0,2.0,3.0,3.0,3.0,3.0,2.0,3.0,3.0,3.0,3.0,3.0,2.0,3.0,2.0,2.0,3.0,2.0,3.0,1.0,3.0,2.0,2.0,2.0,3.0,2.0,3.0,2.0,2.0,2.0,2.0,2,2.0,3.0,2.0,3.0,1.0,,2.0,3.0,3.0,3.0,3.0,2.0,3.0,1.0,1.0,3.0,2.0,3.0,3.0,2.0,3.0,3.0,3.0,3.0,3.0,2.0,1.0,3.0,3.0,3.0,2.0,3.0,3.0,3.0,3.0,3.0,3.0,1.0,2,3.0,3.0,3.0,3.0,3.0,3.0,1.0,3.0,3.0,2.0,2.0,3.0,2.0,3.0,2.0,3.0,2.0,3.0,2.0,3.0,2.0,3.0,2.0,3.0,2.0,1.0,3.0,3.0,3.0,3.0,3.0,2.0,2.0,3.0,3.0,2.0,3.0,3.0,3.0,3.0,3.0,2.0,1.0,3.0,1.0,2.0,2.0,2.0,2.0,3.0,3.0,3.0,3.0,2.0,3.0,3.0,3.0,3.0,3.0,3.0,3.0,3.0,3.0,3.0,2.0,3.0,2.0,3.0,3.0,3.0,2.0,3.0,3.0,3.0,3.0,3.0,3.0,3.0,3.0,3.0,3.0,3.0,3.0,3.0,3.0,3.0,3.0,3.0,3.0,3.0,3.0,175,9,0.0715596330275229,1.1299423996875915,-0.44668866816768343
2.0,3,2,3.0,3.0,3.0,3.0,3.0,3.0,,3.0,3.0,2,3.0,3.0,3.0,3.0,,3.0,3.0,3.0,3.0,3.0,3.0,0.0,3.0,3.0,3.0,3.0,3.0,3.0,2.0,3.0,3.0,3.0,2.0,3.0,3.0,3.0,3.0,3.0,3.0,3.0,,2.0,3.0,3.0,3.0,3.0,3.0,2.0,3.0,3.0,3.0,,3.0,3.0,3.0,3.0,3.0,3.0,3.0,3.0,3.0,3.0,3.0,3,3.0,3.0,3.0,3.0,3.0,3.0,3.0,3.0,3.0,3.0,3.0,3.0,3.0,3.0,3.0,1.0,2,3.0,3.0,3.0,0.0,3.0,3.0,3.0,3.0,3.0,2.0,3.0,3.0,3.0,2.0,3,3.0,2.0,3.0,3.0,3.0,1.0,3.0,1.0,2.0,3,2,3.0,3.0,3.0,3.0,3.0,3.0,3.0,2,2.0,3.0,3.0,3.0,3.0,3.0,3,3.0,3.0,3.0,2.0,3.0,3.0,0.0,3.0,1.0,3.0,3.0,2.0,3.0,3.0,3.0,2,3.0,3.0,3.0,3.0,3.0,1.0,3.0,3.0,3.0,3.0,3.0,3.0,3,1.0,3.0,3.0,3.0,3.0,3.0,1.0,3,2.0,3.0,3.0,3.0,3.0,3.0,3.0,3.0,3.0,3.0,3,3.0,3.0,3.0,3.0,3.0,3.0,3.0,3.0,3.0,3.0,,3.0,3.0,3.0,,1.0,3.0,,3.0,,3.0,3,3.0,3.0,3.0,,3.0,3,,3.0,2.0,3.0,3.0,3,3.0,3.0,3.0,,,3.0,3.0,3,3.0,3.0,3.0,3.0,3.0,3.0,3.0,3.0,3.0,,3,3.0,3.0,3.0,3.0,,3.0,3.0,3,1.0,3.0,,,3.0,3.0,3.0,3.0,1.0,3.0,,3.0,3.0,3.0,3.0,,3.0,3.0,3.0,,3.0,,3.0,,3.0,,3.0,3.0,3.0,3.0,2.0,3.0,,3.0,,3.0,3.0,,,3.0,3.0,3.0,3.0,3,,3.0,3.0,,3.0,3.0,3,3.0,3.0,3.0,2.0,3.0,3.0,3.0,3.0,3.0,3.0,,3.0,3.0,3.0,3.0,3.0,,3.0,3.0,3.0,3.0,3.0,3.0,3.0,3.0,3.0,3.0,3.0,3.0,3.0,3.0,3.0,3.0,,3.0,3.0,3.0,3.0,3.0,3.0,3.0,3.0,3.0,,3.0,3.0,3.0,2.0,3.0,3.0,,3.0,3.0,3.0,3.0,3,3.0,3.0,3.0,2.0,3.0,3.0,,3.0,3.0,,,3.0,3.0,3.0,3,3.0,3.0,2.0,3.0,3.0,3.0,3.0,3.0,,3.0,3.0,0.0,2.0,3.0,3.0,3.0,3.0,3.0,3.0,2.0,3.0,3.0,3.0,3.0,,3.0,3.0,3.0,3.0,3.0,,2.0,3.0,3.0,3.0,3.0,2.0,3.0,3.0,3.0,3,3.0,3.0,3.0,3.0,3.0,3.0,3.0,3.0,3.0,3.0,3.0,3.0,3.0,3.0,3.0,3.0,3.0,,3.0,3.0,3.0,3.0,,2.0,3.0,,3.0,3.0,,3.0,3.0,,,3.0,3.0,3.0,,,3.0,3.0,3.0,3.0,3.0,3.0,3.0,,3.0,3.0,3.0,3.0,2.0,3.0,3.0,3.0,3.0,3.0,,3.0,,3.0,3.0,3.0,3.0,3,3.0,2.0,3.0,3.0,3.0,,3.0,3.0,3.0,,3.0,3.0,3.0,3.0,3.0,3.0,3.0,3.0,1.0,3.0,,3.0,3.0,2.0,3.0,3.0,3.0,3.0,3.0,,3.0,3.0,3.0,,3.0,3.0,3.0,3.0,2,,,1.0,3.0,3.0,,3.0,3.0,3.0,3.0,3.0,3.0,3.0,3.0,3.0,,3.0,3.0,3.0,3.0,3.0,1.0,3.0,3.0,2.0,3.0,3.0,2.0,3.0,2.0,3.0,3.0,2.0,3.0,2.0,2.0,3.0,3.0,3.0,3.0,0.0,2.0,3.0,,3.0,0.0,2.0,,2.0,,3.0,3.0,,3.0,,,,3.0,2.0,3.0,3.0,,3.0,,3.0,,3.0,3.0,3.0,2.0,3.0,1.0,,3.0,3.0,3.0,2.0,3.0,3.0,3.0,,,,,2.0,,3.0,,3.0,3.0,,176,9,0.0762711864406779,1.3532151636692975,-0.04477374197950296
3.0,2,2,0.0,3.0,3.0,3.0,1.0,3.0,3.0,3.0,0.0,2,2.0,,3.0,3.0,,3.0,3.0,3.0,3.0,3.0,3.0,3.0,3.0,3.0,3.0,3.0,3.0,3.0,3.0,3.0,3.0,3.0,3.0,3.0,3.0,3.0,3.0,3.0,3.0,3.0,3.0,3.0,3.0,3.0,3.0,3.0,3.0,3.0,3.0,3.0,3.0,3.0,3.0,1.0,3.0,3.0,2.0,3.0,2.0,2.0,2.0,3.0,2.0,3,3.0,3.0,3.0,3.0,3.0,3.0,3.0,3.0,3.0,3.0,3.0,3.0,3.0,3.0,3.0,3.0,3,1.0,3.0,2.0,3.0,3.0,3.0,3.0,3.0,3.0,2.0,3.0,3.0,3.0,3.0,3,3.0,2.0,3.0,3.0,3.0,3.0,3.0,3.0,3.0,3,2,3.0,3.0,3.0,3.0,2.0,2.0,2.0,2,3.0,3.0,3.0,3.0,3.0,,1,3.0,3.0,3.0,2.0,3.0,3.0,3.0,3.0,3.0,3.0,3.0,3.0,3.0,3.0,3.0,2,3.0,3.0,3.0,3.0,3.0,3.0,3.0,3.0,3.0,3.0,3.0,3.0,0,3.0,3.0,3.0,2.0,3.0,3.0,3.0,3,3.0,3.0,3.0,3.0,3.0,3.0,3.0,3.0,2.0,2.0,2,3.0,3.0,3.0,3.0,3.0,3.0,3.0,1.0,3.0,3.0,3.0,3.0,3.0,3.0,2.0,3.0,3.0,3.0,3.0,3.0,1.0,3,3.0,2.0,3.0,3.0,3.0,1,3.0,3.0,3.0,3.0,3.0,3,3.0,3.0,2.0,2.0,3.0,3.0,3.0,3,3.0,3.0,3.0,3.0,3.0,3.0,3.0,3.0,0.0,3.0,3,3.0,3.0,3.0,3.0,3.0,3.0,3.0,2,3.0,3.0,3.0,3.0,3.0,3.0,3.0,3.0,3.0,3.0,3.0,3.0,3.0,1.0,3.0,3.0,3.0,3.0,3.0,3.0,3.0,3.0,3.0,0.0,3.0,3.0,3.0,3.0,3.0,3.0,3.0,2.0,3.0,3.0,3.0,3.0,2.0,3.0,3.0,3.0,3.0,3.0,3.0,3,3.0,3.0,3.0,3.0,3.0,3.0,2,2.0,3.0,3.0,3.0,3.0,3.0,3.0,3.0,3.0,3.0,3.0,3.0,1.0,3.0,3.0,3.0,3.0,3.0,3.0,3.0,3.0,3.0,3.0,3.0,3.0,3.0,3.0,3.0,2.0,3.0,2.0,2.0,3.0,3.0,2.0,3.0,3.0,3.0,3.0,3.0,3.0,3.0,3.0,3.0,3.0,3.0,3.0,2.0,2.0,3.0,3.0,3.0,3.0,3.0,3.0,3,2.0,3.0,3.0,3.0,3.0,3.0,3.0,3.0,3.0,3.0,3.0,3.0,3.0,3.0,3,2.0,3.0,3.0,3.0,3.0,,3.0,3.0,3.0,3.0,2.0,1.0,3.0,2.0,3.0,3.0,3.0,3.0,3.0,3.0,3.0,3.0,3.0,3.0,3.0,3.0,3.0,3.0,3.0,3.0,3.0,3.0,3.0,3.0,3.0,3.0,3.0,3.0,2.0,3.0,3,3.0,3.0,3.0,3.0,3.0,3.0,3.0,3.0,3.0,3.0,3.0,3.0,3.0,3.0,3.0,3.0,3.0,3.0,3.0,3.0,3.0,3.0,,3.0,3.0,3.0,3.0,3.0,3.0,3.0,3.0,3.0,,3.0,,3.0,3.0,3.0,3.0,3.0,3.0,3.0,3.0,3.0,3.0,,3.0,3.0,3.0,3.0,3.0,3.0,3.0,3.0,3.0,3.0,1.0,2.0,3.0,3.0,3.0,3.0,1.0,3,3.0,3.0,3.0,3.0,3.0,1.0,3.0,2.0,3.0,3.0,3.0,3.0,2.0,3.0,2.0,3.0,3.0,3.0,3.0,3.0,3.0,3.0,2.0,1.0,3.0,3.0,3.0,3.0,3.0,3.0,3.0,3.0,2.0,3.0,3.0,3.0,3.0,3.0,1,1.0,3.0,3.0,3.0,3.0,,3.0,3.0,3.0,3.0,2.0,3.0,2.0,3.0,3.0,3.0,3.0,3.0,3.0,3.0,3.0,,3.0,3.0,3.0,3.0,,3.0,3.0,3.0,3.0,3.0,3.0,3.0,3.0,3.0,3.0,3.0,3.0,3.0,3.0,2.0,3.0,3.0,3.0,3.0,3.0,3.0,3.0,2.0,3.0,,3.0,3.0,,3.0,,3.0,3.0,3.0,3.0,3.0,3.0,3.0,3.0,,2.0,0.0,3.0,,,3.0,,,2.0,3.0,,3.0,2.0,3.0,,,,,3.0,2.0,3.0,2.0,3.0,3.0,,177,9,0.0769230769230769,1.2953177598694277,-0.13708446631095286
3.0,2,2,3.0,3.0,2.0,2.0,3.0,2.0,3.0,3.0,3.0,2,3.0,3.0,3.0,3.0,,2.0,2.0,3.0,2.0,3.0,3.0,3.0,3.0,3.0,2.0,3.0,3.0,2.0,3.0,3.0,2.0,3.0,1.0,3.0,2.0,3.0,3.0,3.0,3.0,3.0,3.0,2.0,2.0,3.0,3.0,3.0,2.0,3.0,3.0,3.0,3.0,3.0,3.0,2.0,3.0,2.0,3.0,2.0,3.0,3.0,3.0,3.0,2.0,2,3.0,3.0,3.0,3.0,3.0,3.0,2.0,3.0,3.0,2.0,3.0,2.0,3.0,3.0,2.0,3.0,2,3.0,1.0,3.0,3.0,3.0,,3.0,3.0,2.0,2.0,3.0,2.0,3.0,3.0,2,1.0,3.0,2.0,3.0,2.0,3.0,3.0,3.0,3.0,3,3,3.0,2.0,3.0,2.0,2.0,2.0,3.0,2,3.0,3.0,3.0,3.0,3.0,3.0,2,2.0,3.0,3.0,1.0,3.0,2.0,3.0,3.0,3.0,3.0,3.0,3.0,3.0,3.0,3.0,2,3.0,3.0,3.0,3.0,3.0,3.0,2.0,3.0,3.0,3.0,2.0,1.0,2,3.0,2.0,3.0,2.0,3.0,3.0,2.0,3,3.0,3.0,3.0,2.0,3.0,3.0,3.0,3.0,2.0,3.0,2,2.0,3.0,2.0,2.0,3.0,3.0,3.0,3.0,3.0,2.0,3.0,3.0,3.0,3.0,3.0,3.0,3.0,3.0,3.0,,3.0,1,3.0,3.0,3.0,3.0,3.0,2,3.0,3.0,3.0,3.0,1.0,3,3.0,3.0,3.0,3.0,3.0,3.0,2.0,2,3.0,3.0,3.0,3.0,3.0,3.0,3.0,3.0,3.0,3.0,3,2.0,3.0,3.0,3.0,1.0,3.0,2.0,1,3.0,3.0,3.0,3.0,3.0,2.0,3.0,2.0,3.0,3.0,1.0,3.0,3.0,3.0,3.0,3.0,3.0,3.0,3.0,3.0,3.0,3.0,3.0,3.0,3.0,3.0,3.0,2.0,2.0,3.0,2.0,3.0,3.0,3.0,3.0,3.0,1.0,3.0,3.0,3.0,3.0,3.0,3.0,2,3.0,3.0,3.0,3.0,3.0,3.0,3,3.0,0.0,0.0,3.0,2.0,3.0,3.0,3.0,1.0,3.0,3.0,3.0,2.0,3.0,3.0,3.0,3.0,2.0,2.0,3.0,3.0,3.0,3.0,3.0,3.0,3.0,3.0,3.0,3.0,3.0,3.0,3.0,3.0,3.0,2.0,3.0,3.0,3.0,3.0,3.0,2.0,2.0,3.0,3.0,3.0,3.0,2.0,3.0,3.0,3.0,3.0,3.0,3.0,3.0,3.0,3,3.0,2.0,3.0,3.0,3.0,3.0,3.0,3.0,3.0,3.0,3.0,3.0,3.0,2.0,3,3.0,3.0,3.0,3.0,0.0,3.0,3.0,1.0,3.0,3.0,3.0,3.0,3.0,3.0,3.0,2.0,3.0,3.0,3.0,3.0,3.0,3.0,3.0,3.0,3.0,0.0,3.0,3.0,3.0,3.0,3.0,3.0,3.0,3.0,3.0,3.0,2.0,3.0,2.0,2.0,1,2.0,3.0,2.0,3.0,3.0,2.0,2.0,3.0,1.0,3.0,3.0,3.0,2.0,3.0,3.0,3.0,3.0,3.0,3.0,3.0,3.0,3.0,0.0,3.0,3.0,3.0,2.0,3.0,3.0,3.0,2.0,3.0,3.0,3.0,3.0,3.0,3.0,3.0,3.0,3.0,3.0,3.0,3.0,3.0,3.0,,3.0,3.0,3.0,3.0,3.0,3.0,3.0,2.0,3.0,3.0,3.0,2.0,2.0,3.0,2.0,3.0,3.0,2,3.0,3.0,3.0,2.0,3.0,,3.0,3.0,3.0,3.0,2.0,2.0,3.0,2.0,3.0,3.0,3.0,3.0,2.0,2.0,3.0,1.0,3.0,3.0,3.0,2.0,3.0,3.0,3.0,0.0,3.0,3.0,1.0,3.0,3.0,3.0,2.0,3.0,2,3.0,3.0,2.0,3.0,3.0,,2.0,3.0,3.0,2.0,3.0,3.0,3.0,1.0,3.0,3.0,2.0,2.0,2.0,1.0,2.0,3.0,3.0,3.0,3.0,2.0,3.0,3.0,3.0,3.0,2.0,3.0,3.0,3.0,3.0,3.0,3.0,3.0,3.0,3.0,3.0,3.0,2.0,3.0,3.0,3.0,3.0,3.0,3.0,3.0,3.0,,3.0,3.0,,3.0,3.0,3.0,3.0,3.0,3.0,3.0,3.0,3.0,3.0,,3.0,3.0,3.0,3.0,3.0,3.0,3.0,3.0,3.0,1.0,3.0,3.0,3.0,3.0,,,3.0,,3.0,3.0,3.0,3.0,3.0,3.0,,178,9,0.055350553505535,1.1897379613115653,-0.30240279199960535
3.0,3,2,3.0,3.0,2.0,2.0,3.0,3.0,3.0,0.0,3.0,2,2.0,3.0,2.0,3.0,3.0,3.0,3.0,3.0,3.0,3.0,3.0,1.0,2.0,3.0,3.0,2.0,3.0,3.0,2.0,3.0,2.0,3.0,0.0,3.0,3.0,3.0,3.0,3.0,3.0,2.0,3.0,2.0,1.0,3.0,3.0,3.0,0.0,3.0,3.0,3.0,3.0,3.0,3.0,3.0,3.0,2.0,3.0,3.0,3.0,2.0,3.0,3.0,3.0,3,2.0,3.0,3.0,3.0,3.0,3.0,3.0,2.0,3.0,3.0,3.0,3.0,3.0,3.0,3.0,3.0,2,3.0,3.0,3.0,2.0,3.0,3.0,3.0,3.0,3.0,3.0,3.0,2.0,3.0,3.0,3,2.0,2.0,3.0,3.0,2.0,3.0,1.0,3.0,3.0,2,2,3.0,3.0,3.0,1.0,2.0,3.0,3.0,3,3.0,2.0,3.0,3.0,2.0,3.0,3,3.0,3.0,3.0,3.0,3.0,2.0,3.0,3.0,3.0,3.0,3.0,3.0,3.0,3.0,3.0,2,2.0,3.0,3.0,2.0,3.0,3.0,3.0,3.0,3.0,3.0,3.0,3.0,3,3.0,3.0,3.0,3.0,2.0,3.0,3.0,3,2.0,3.0,3.0,3.0,3.0,3.0,3.0,3.0,2.0,3.0,2,3.0,3.0,3.0,2.0,3.0,3.0,3.0,3.0,2.0,2.0,3.0,2.0,2.0,3.0,2.0,3.0,3.0,3.0,3.0,3.0,1.0,2,3.0,2.0,2.0,3.0,1.0,3,3.0,2.0,3.0,2.0,3.0,3,2.0,3.0,2.0,3.0,2.0,2.0,3.0,2,2.0,3.0,3.0,3.0,3.0,3.0,3.0,3.0,2.0,3.0,2,3.0,3.0,3.0,3.0,3.0,3.0,3.0,2,3.0,3.0,3.0,3.0,3.0,1.0,3.0,2.0,3.0,3.0,3.0,3.0,3.0,3.0,3.0,3.0,3.0,3.0,3.0,3.0,3.0,3.0,3.0,3.0,3.0,3.0,3.0,3.0,2.0,3.0,2.0,2.0,3.0,3.0,3.0,3.0,3.0,3.0,3.0,3.0,1.0,2.0,2.0,2,3.0,3.0,2.0,3.0,3.0,3.0,2,3.0,3.0,1.0,3.0,2.0,0.0,3.0,3.0,3.0,3.0,3.0,3.0,3.0,1.0,3.0,3.0,3.0,3.0,3.0,2.0,3.0,2.0,3.0,3.0,3.0,3.0,3.0,3.0,3.0,3.0,3.0,2.0,2.0,3.0,2.0,2.0,3.0,3.0,3.0,3.0,2.0,3.0,3.0,3.0,3.0,3.0,3.0,3.0,3.0,3.0,3.0,2.0,2.0,1.0,3.0,2,2.0,3.0,3.0,3.0,2.0,3.0,3.0,3.0,3.0,3.0,2.0,3.0,3.0,3.0,3,3.0,3.0,3.0,3.0,3.0,3.0,3.0,3.0,3.0,3.0,2.0,3.0,3.0,3.0,3.0,3.0,3.0,1.0,3.0,3.0,3.0,3.0,2.0,3.0,3.0,3.0,3.0,3.0,3.0,3.0,3.0,3.0,3.0,3.0,3.0,3.0,3.0,3.0,2.0,3.0,2,2.0,3.0,3.0,3.0,3.0,2.0,3.0,3.0,1.0,2.0,3.0,3.0,2.0,3.0,3.0,3.0,3.0,3.0,3.0,3.0,3.0,3.0,3.0,3.0,2.0,3.0,3.0,3.0,2.0,3.0,3.0,3.0,3.0,3.0,,3.0,3.0,3.0,3.0,3.0,3.0,3.0,3.0,3.0,3.0,3.0,3.0,3.0,3.0,3.0,3.0,2.0,3.0,3.0,3.0,2.0,3.0,3.0,3.0,3.0,3.0,3.0,3.0,1,3.0,3.0,3.0,3.0,3.0,,3.0,3.0,3.0,3.0,3.0,2.0,0.0,3.0,2.0,2.0,2.0,3.0,2.0,3.0,3.0,3.0,3.0,2.0,3.0,3.0,3.0,3.0,3.0,3.0,3.0,3.0,3.0,3.0,1.0,3.0,2.0,3.0,3,3.0,3.0,3.0,1.0,3.0,,3.0,3.0,3.0,3.0,3.0,3.0,3.0,3.0,3.0,3.0,3.0,2.0,2.0,2.0,3.0,3.0,1.0,3.0,2.0,3.0,3.0,3.0,3.0,1.0,3.0,3.0,2.0,3.0,1.0,3.0,3.0,3.0,3.0,3.0,3.0,2.0,3.0,3.0,3.0,2.0,3.0,3.0,3.0,3.0,3.0,,3.0,2.0,3.0,3.0,3.0,3.0,3.0,1.0,3.0,3.0,3.0,3.0,3.0,0.0,3.0,3.0,3.0,3.0,3.0,3.0,3.0,3.0,3.0,3.0,3.0,3.0,3.0,3.0,3.0,,3.0,3.0,2.0,3.0,3.0,3.0,3.0,3.0,3.0,179,9,0.074074074074074,1.199081163859112,-0.33689761526884954
3.0,3,3,3.0,3.0,3.0,3.0,3.0,3.0,3.0,3.0,3.0,2,3.0,3.0,3.0,3.0,,,3.0,,3.0,3.0,3.0,3.0,3.0,3.0,3.0,3.0,3.0,2.0,3.0,2.0,3.0,3.0,3.0,3.0,3.0,3.0,3.0,3.0,3.0,3.0,3.0,3.0,3.0,2.0,2.0,3.0,3.0,3.0,3.0,3.0,,0.0,3.0,3.0,3.0,3.0,1.0,3.0,2.0,3.0,3.0,3.0,3.0,3,2.0,,3.0,3.0,0.0,3.0,3.0,3.0,3.0,3.0,3.0,3.0,3.0,3.0,3.0,1.0,3,3.0,3.0,1.0,3.0,1.0,,3.0,3.0,3.0,3.0,3.0,3.0,3.0,3.0,3,3.0,3.0,3.0,2.0,0.0,3.0,3.0,,,2,3,3.0,3.0,3.0,3.0,3.0,3.0,3.0,3,1.0,3.0,3.0,3.0,3.0,3.0,2,3.0,3.0,3.0,3.0,3.0,2.0,3.0,,3.0,3.0,3.0,3.0,3.0,3.0,3.0,3,3.0,3.0,3.0,,3.0,2.0,3.0,3.0,3.0,3.0,3.0,3.0,2,3.0,3.0,3.0,2.0,3.0,,3.0,3,3.0,3.0,3.0,2.0,,3.0,3.0,3.0,2.0,3.0,3,3.0,3.0,3.0,3.0,3.0,3.0,3.0,3.0,3.0,3.0,,3.0,3.0,3.0,3.0,2.0,3.0,3.0,3.0,3.0,3.0,3,3.0,,3.0,3.0,3.0,3,3.0,3.0,3.0,3.0,3.0,2,3.0,3.0,3.0,,3.0,3.0,3.0,3,3.0,3.0,3.0,3.0,3.0,3.0,3.0,2.0,3.0,3.0,1,3.0,3.0,3.0,3.0,,1.0,3.0,2,3.0,3.0,3.0,3.0,3.0,3.0,3.0,3.0,3.0,3.0,3.0,,3.0,3.0,3.0,,3.0,3.0,2.0,,,,2.0,3.0,1.0,3.0,3.0,3.0,3.0,3.0,3.0,3.0,,3.0,3.0,2.0,3.0,3.0,3.0,0.0,3.0,2.0,2.0,3,,3.0,3.0,,0.0,3.0,2,3.0,3.0,3.0,3.0,3.0,,3.0,3.0,3.0,3.0,3.0,3.0,3.0,3.0,3.0,,3.0,3.0,3.0,3.0,3.0,2.0,,3.0,3.0,3.0,3.0,3.0,3.0,3.0,3.0,3.0,3.0,,3.0,3.0,3.0,3.0,1.0,3.0,3.0,3.0,2.0,3.0,3.0,3.0,3.0,3.0,3.0,3.0,3.0,3.0,3.0,,3.0,2,3.0,3.0,3.0,3.0,3.0,3.0,3.0,3.0,3.0,,,3.0,3.0,3.0,3,3.0,3.0,3.0,3.0,3.0,,3.0,3.0,3.0,3.0,3.0,3.0,3.0,3.0,3.0,3.0,3.0,3.0,3.0,3.0,3.0,3.0,3.0,3.0,3.0,3.0,3.0,3.0,3.0,3.0,3.0,3.0,3.0,3.0,3.0,3.0,3.0,2.0,2.0,3.0,3,3.0,3.0,3.0,3.0,3.0,3.0,3.0,3.0,3.0,2.0,3.0,3.0,2.0,3.0,3.0,3.0,3.0,3.0,3.0,3.0,3.0,2.0,,3.0,3.0,,3.0,3.0,,3.0,3.0,,,3.0,3.0,3.0,2.0,3.0,3.0,3.0,3.0,3.0,3.0,3.0,3.0,,3.0,3.0,3.0,3.0,3.0,3.0,3.0,3.0,3.0,3.0,3.0,3.0,3.0,3.0,2.0,3.0,3.0,3,3.0,3.0,3.0,3.0,3.0,,3.0,3.0,3.0,3.0,3.0,3.0,3.0,3.0,3.0,3.0,3.0,3.0,3.0,2.0,3.0,,3.0,3.0,3.0,3.0,3.0,3.0,3.0,3.0,3.0,3.0,3.0,3.0,3.0,3.0,3.0,3.0,3,3.0,,3.0,3.0,3.0,,3.0,3.0,,1.0,3.0,3.0,3.0,3.0,3.0,3.0,3.0,3.0,3.0,3.0,2.0,3.0,3.0,3.0,3.0,3.0,3.0,3.0,,3.0,3.0,3.0,3.0,3.0,3.0,1.0,3.0,,3.0,2.0,3.0,3.0,3.0,2.0,0.0,3.0,3.0,3.0,3.0,3.0,3.0,,3.0,2.0,,3.0,,3.0,3.0,3.0,3.0,,3.0,,3.0,,3.0,3.0,3.0,,3.0,,,1.0,3.0,3.0,,3.0,3.0,3.0,,,,,3.0,3.0,3.0,,3.0,3.0,,180,9,0.0826446280991735,1.3696993567021136,-0.14689630512261895
2.0,3,2,3.0,2.0,1.0,2.0,2.0,2.0,3.0,3.0,3.0,2,2.0,3.0,3.0,1.0,3.0,3.0,2.0,3.0,0.0,3.0,3.0,3.0,3.0,2.0,3.0,3.0,3.0,2.0,3.0,3.0,2.0,3.0,2.0,3.0,2.0,2.0,2.0,3.0,2.0,2.0,3.0,1.0,3.0,2.0,3.0,3.0,3.0,3.0,3.0,2.0,3.0,3.0,3.0,3.0,3.0,2.0,3.0,2.0,3.0,1.0,3.0,3.0,2.0,2,2.0,3.0,3.0,3.0,3.0,2.0,3.0,2.0,3.0,3.0,2.0,2.0,3.0,3.0,2.0,3.0,2,3.0,2.0,2.0,2.0,2.0,3.0,3.0,3.0,2.0,0.0,2.0,2.0,3.0,3.0,2,2.0,3.0,3.0,2.0,3.0,3.0,2.0,1.0,2.0,3,3,2.0,3.0,2.0,3.0,3.0,3.0,2.0,2,3.0,2.0,3.0,1.0,3.0,3.0,3,2.0,3.0,3.0,2.0,3.0,2.0,3.0,3.0,3.0,2.0,3.0,2.0,2.0,3.0,0.0,2,0.0,3.0,3.0,3.0,3.0,3.0,3.0,2.0,3.0,1.0,2.0,2.0,2,3.0,3.0,3.0,3.0,3.0,3.0,2.0,3,3.0,2.0,3.0,3.0,2.0,2.0,3.0,2.0,2.0,3.0,2,3.0,3.0,2.0,2.0,3.0,3.0,3.0,3.0,2.0,2.0,3.0,3.0,2.0,3.0,3.0,3.0,2.0,3.0,0.0,3.0,3.0,2,3.0,2.0,3.0,3.0,3.0,2,3.0,3.0,2.0,3.0,2.0,0,2.0,2.0,3.0,3.0,3.0,3.0,3.0,2,3.0,3.0,1.0,2.0,2.0,3.0,2.0,3.0,2.0,1.0,2,2.0,2.0,2.0,3.0,3.0,3.0,3.0,3,2.0,3.0,3.0,2.0,2.0,3.0,2.0,2.0,3.0,2.0,3.0,3.0,3.0,2.0,3.0,3.0,3.0,2.0,3.0,3.0,3.0,3.0,2.0,3.0,2.0,3.0,3.0,2.0,3.0,3.0,2.0,3.0,3.0,2.0,3.0,2.0,1.0,3.0,3.0,2.0,3.0,3.0,3.0,2,3.0,3.0,2.0,3.0,3.0,2.0,1,3.0,3.0,1.0,1.0,2.0,3.0,3.0,2.0,3.0,2.0,3.0,2.0,3.0,3.0,2.0,3.0,3.0,2.0,2.0,3.0,3.0,3.0,3.0,3.0,2.0,3.0,2.0,3.0,2.0,3.0,3.0,2.0,3.0,3.0,3.0,3.0,2.0,3.0,3.0,3.0,2.0,3.0,3.0,3.0,2.0,3.0,2.0,2.0,3.0,3.0,3.0,2.0,3.0,3.0,3.0,2,2.0,2.0,3.0,2.0,3.0,3.0,3.0,3.0,3.0,3.0,3.0,2.0,3.0,2.0,3,2.0,3.0,3.0,3.0,3.0,3.0,2.0,2.0,3.0,3.0,3.0,1.0,1.0,3.0,3.0,3.0,3.0,2.0,3.0,3.0,3.0,3.0,3.0,2.0,2.0,1.0,3.0,3.0,3.0,3.0,3.0,3.0,2.0,3.0,3.0,2.0,1.0,2.0,2.0,2.0,2,3.0,3.0,2.0,3.0,2.0,2.0,2.0,3.0,3.0,2.0,3.0,2.0,2.0,2.0,3.0,3.0,2.0,3.0,3.0,2.0,3.0,3.0,3.0,3.0,3.0,3.0,2.0,3.0,3.0,2.0,3.0,3.0,3.0,3.0,3.0,3.0,2.0,3.0,3.0,3.0,3.0,3.0,3.0,3.0,3.0,,3.0,2.0,3.0,2.0,3.0,3.0,3.0,2.0,3.0,3.0,3.0,2.0,3.0,2.0,2.0,2.0,3.0,2,2.0,2.0,3.0,3.0,2.0,,2.0,2.0,1.0,3.0,2.0,2.0,3.0,1.0,3.0,3.0,3.0,3.0,3.0,2.0,2.0,1.0,3.0,3.0,3.0,3.0,3.0,2.0,3.0,3.0,2.0,2.0,2.0,2.0,3.0,3.0,3.0,3.0,3,3.0,3.0,2.0,3.0,3.0,3.0,3.0,3.0,3.0,3.0,3.0,3.0,3.0,2.0,3.0,3.0,2.0,2.0,3.0,2.0,3.0,3.0,2.0,3.0,3.0,2.0,3.0,3.0,3.0,3.0,1.0,3.0,2.0,3.0,3.0,2.0,3.0,2.0,3.0,2.0,3.0,3.0,3.0,3.0,3.0,3.0,2.0,3.0,1.0,1.0,3.0,3.0,3.0,3.0,3.0,3.0,3.0,3.0,1.0,2.0,3.0,3.0,2.0,2.0,2.0,3.0,3.0,3.0,1.0,2.0,3.0,2.0,3.0,3.0,3.0,3.0,2.0,3.0,3.0,3.0,3.0,3.0,3.0,3.0,2.0,3.0,3.0,3.0,2.0,2.0,3.0,181,9,0.0796296296296296,1.1447518984708207,-0.3813234239867593
3.0,3,3,3.0,3.0,3.0,3.0,3.0,0.0,0.0,3.0,3.0,3,3.0,3.0,,3.0,,3.0,3.0,3.0,3.0,3.0,3.0,3.0,3.0,3.0,3.0,3.0,0.0,3.0,3.0,3.0,3.0,3.0,3.0,3.0,3.0,3.0,3.0,3.0,,3.0,3.0,3.0,3.0,3.0,2.0,,3.0,3.0,3.0,3.0,3.0,,3.0,3.0,3.0,3.0,3.0,3.0,3.0,3.0,3.0,3.0,3.0,3,,3.0,3.0,,3.0,3.0,3.0,3.0,2.0,3.0,3.0,3.0,,3.0,3.0,3.0,3,,3.0,3.0,3.0,3.0,2.0,3.0,3.0,3.0,3.0,,2.0,3.0,,3,3.0,3.0,3.0,3.0,3.0,3.0,3.0,2.0,3.0,3,3,3.0,3.0,3.0,3.0,3.0,3.0,3.0,3,3.0,3.0,3.0,3.0,3.0,,3,3.0,,3.0,3.0,3.0,2.0,3.0,3.0,,3.0,3.0,3.0,3.0,3.0,,3,3.0,3.0,3.0,,3.0,3.0,3.0,3.0,3.0,3.0,3.0,3.0,3,,3.0,3.0,3.0,3.0,3.0,3.0,3,3.0,1.0,3.0,3.0,3.0,2.0,3.0,3.0,3.0,3.0,3,,3.0,3.0,3.0,3.0,2.0,3.0,,3.0,3.0,3.0,3.0,,3.0,3.0,3.0,3.0,,1.0,,3.0,3,2.0,3.0,1.0,,3.0,3,3.0,3.0,3.0,3.0,3.0,3,3.0,3.0,3.0,3.0,3.0,3.0,2.0,3,3.0,3.0,3.0,3.0,3.0,3.0,1.0,3.0,3.0,3.0,2,2.0,3.0,2.0,3.0,,3.0,3.0,3,3.0,3.0,3.0,3.0,3.0,3.0,3.0,3.0,1.0,3.0,,3.0,3.0,3.0,3.0,,3.0,3.0,3.0,0.0,3.0,3.0,3.0,3.0,3.0,3.0,2.0,3.0,3.0,3.0,3.0,3.0,3.0,,,3.0,3.0,3.0,3.0,3.0,3.0,3.0,,3,3.0,3.0,3.0,,3.0,,3,3.0,1.0,3.0,3.0,3.0,,3.0,3.0,0.0,3.0,3.0,3.0,3.0,3.0,,3.0,3.0,2.0,3.0,3.0,3.0,3.0,,3.0,3.0,3.0,3.0,3.0,3.0,3.0,3.0,3.0,3.0,3.0,3.0,3.0,3.0,3.0,3.0,3.0,3.0,1.0,3.0,3.0,3.0,,1.0,,2.0,1.0,,2.0,3.0,,3.0,3,3.0,,3.0,3.0,3.0,2.0,3.0,,3.0,,,,3.0,3.0,3,2.0,3.0,3.0,3.0,,,3.0,2.0,3.0,3.0,2.0,2.0,3.0,3.0,,3.0,3.0,2.0,3.0,3.0,3.0,3.0,3.0,,3.0,3.0,3.0,3.0,3.0,3.0,3.0,3.0,3.0,3.0,3.0,3.0,3.0,3.0,3.0,3.0,3,3.0,,3.0,3.0,3.0,3.0,2.0,3.0,3.0,3.0,3.0,,3.0,1.0,,3.0,3.0,3.0,3.0,3.0,3.0,3.0,,3.0,3.0,2.0,3.0,3.0,3.0,3.0,3.0,3.0,,3.0,,3.0,,2.0,3.0,2.0,2.0,3.0,3.0,3.0,3.0,,3.0,3.0,3.0,3.0,3.0,3.0,,3.0,3.0,3.0,3.0,1.0,3.0,2.0,3.0,3.0,,2,3.0,3.0,3.0,3.0,,,3.0,3.0,3.0,3.0,3.0,3.0,3.0,3.0,3.0,3.0,3.0,3.0,3.0,3.0,3.0,3.0,,3.0,2.0,3.0,3.0,1.0,2.0,3.0,3.0,3.0,3.0,,3.0,3.0,3.0,3.0,2,3.0,2.0,3.0,3.0,3.0,,3.0,3.0,3.0,3.0,3.0,3.0,3.0,3.0,3.0,3.0,3.0,3.0,3.0,3.0,3.0,3.0,3.0,1.0,,2.0,,3.0,,3.0,3.0,2.0,3.0,3.0,3.0,3.0,3.0,3.0,3.0,,3.0,3.0,2.0,3.0,3.0,3.0,3.0,3.0,3.0,,3.0,,,3.0,,3.0,,3.0,3.0,3.0,3.0,,,3.0,3.0,0.0,3.0,,3.0,,,,,,3.0,,3.0,3.0,3.0,3.0,,,,,3.0,1.0,2.0,,3.0,2.0,,182,9,0.1088888888888888,1.372024272599969,0.06558147421459708
3.0,2,3,3.0,3.0,3.0,3.0,3.0,3.0,3.0,3.0,3.0,1,3.0,3.0,3.0,3.0,,3.0,3.0,3.0,3.0,3.0,3.0,3.0,1.0,2.0,3.0,3.0,3.0,3.0,3.0,3.0,3.0,3.0,3.0,3.0,3.0,3.0,3.0,3.0,3.0,3.0,2.0,3.0,3.0,2.0,3.0,3.0,3.0,1.0,1.0,3.0,3.0,3.0,3.0,3.0,0.0,3.0,3.0,3.0,3.0,3.0,3.0,3.0,3.0,2,3.0,3.0,3.0,3.0,1.0,3.0,3.0,3.0,3.0,3.0,3.0,3.0,3.0,3.0,3.0,3.0,3,3.0,3.0,3.0,3.0,3.0,,3.0,2.0,3.0,3.0,3.0,3.0,3.0,2.0,3,3.0,3.0,3.0,3.0,3.0,2.0,3.0,3.0,3.0,2,3,3.0,3.0,3.0,3.0,3.0,2.0,3.0,2,3.0,3.0,3.0,3.0,3.0,3.0,3,3.0,3.0,1.0,3.0,3.0,3.0,3.0,3.0,3.0,3.0,3.0,3.0,3.0,2.0,3.0,3,3.0,3.0,3.0,2.0,3.0,3.0,3.0,3.0,3.0,3.0,3.0,3.0,3,3.0,3.0,3.0,3.0,3.0,3.0,3.0,3,2.0,3.0,3.0,3.0,3.0,2.0,3.0,3.0,2.0,2.0,2,3.0,3.0,3.0,3.0,3.0,3.0,3.0,3.0,3.0,3.0,3.0,3.0,3.0,3.0,3.0,3.0,3.0,3.0,3.0,,3.0,3,3.0,3.0,3.0,3.0,3.0,3,0.0,3.0,3.0,1.0,2.0,2,2.0,3.0,3.0,,3.0,3.0,3.0,3,3.0,3.0,3.0,3.0,3.0,3.0,3.0,3.0,3.0,3.0,3,3.0,2.0,3.0,3.0,3.0,3.0,3.0,2,1.0,3.0,3.0,3.0,3.0,1.0,3.0,3.0,3.0,3.0,2.0,3.0,2.0,3.0,3.0,3.0,2.0,3.0,3.0,3.0,3.0,3.0,3.0,3.0,3.0,3.0,3.0,3.0,3.0,3.0,1.0,3.0,3.0,3.0,3.0,2.0,3.0,3.0,3.0,3.0,3.0,3.0,3.0,3,3.0,3.0,3.0,3.0,3.0,3.0,3,3.0,2.0,3.0,3.0,3.0,3.0,3.0,3.0,3.0,3.0,3.0,3.0,0.0,3.0,3.0,3.0,3.0,3.0,3.0,3.0,3.0,2.0,3.0,3.0,3.0,3.0,3.0,3.0,3.0,3.0,3.0,1.0,3.0,3.0,3.0,3.0,3.0,3.0,2.0,3.0,3.0,3.0,3.0,0.0,3.0,3.0,3.0,3.0,3.0,3.0,3.0,3.0,3.0,3.0,3.0,3,3.0,3.0,3.0,3.0,2.0,3.0,2.0,3.0,3.0,3.0,,3.0,3.0,3.0,2,3.0,3.0,,3.0,,,3.0,3.0,3.0,3.0,3.0,3.0,3.0,2.0,3.0,3.0,,3.0,3.0,2.0,3.0,3.0,3.0,3.0,3.0,3.0,3.0,1.0,3.0,3.0,3.0,2.0,3.0,3.0,3.0,2.0,3.0,3.0,3.0,2.0,3,3.0,3.0,3.0,3.0,3.0,2.0,3.0,,2.0,3.0,3.0,3.0,3.0,3.0,3.0,3.0,3.0,,3.0,2.0,3.0,3.0,3.0,3.0,3.0,,3.0,3.0,3.0,3.0,3.0,3.0,,3.0,,3.0,,3.0,3.0,3.0,3.0,3.0,,3.0,3.0,,3.0,3.0,3.0,3.0,3.0,3.0,3.0,3.0,3.0,3.0,,3.0,3.0,3.0,3.0,3.0,3.0,2,3.0,3.0,3.0,3.0,3.0,,3.0,2.0,3.0,3.0,3.0,3.0,3.0,3.0,3.0,3.0,3.0,3.0,3.0,3.0,3.0,,3.0,3.0,3.0,0.0,3.0,,3.0,3.0,3.0,3.0,3.0,3.0,2.0,,3.0,3.0,3,3.0,3.0,3.0,3.0,3.0,,3.0,,,3.0,3.0,3.0,3.0,3.0,3.0,,3.0,3.0,3.0,2.0,3.0,3.0,3.0,3.0,3.0,3.0,,3.0,3.0,3.0,2.0,3.0,3.0,3.0,3.0,3.0,3.0,,3.0,3.0,2.0,3.0,3.0,3.0,3.0,2.0,3.0,3.0,3.0,3.0,3.0,,3.0,3.0,,3.0,3.0,3.0,3.0,3.0,3.0,1.0,3.0,,3.0,,3.0,3.0,3.0,,0.0,,3.0,,3.0,3.0,3.0,3.0,3.0,3.0,2.0,,3.0,1.0,,3.0,3.0,,3.0,3.0,,183,9,0.0748031496062992,1.3332142857142857,-0.07234344332453885
3.0,2,2,2.0,2.0,3.0,2.0,3.0,3.0,3.0,3.0,3.0,2,3.0,3.0,3.0,3.0,,3.0,3.0,3.0,3.0,3.0,3.0,3.0,3.0,3.0,3.0,2.0,3.0,3.0,3.0,3.0,3.0,3.0,3.0,1.0,3.0,2.0,3.0,3.0,3.0,3.0,2.0,3.0,3.0,2.0,3.0,3.0,3.0,3.0,3.0,2.0,2.0,3.0,3.0,1.0,3.0,3.0,2.0,3.0,3.0,3.0,3.0,3.0,2.0,3,1.0,3.0,3.0,1.0,3.0,3.0,3.0,3.0,3.0,3.0,2.0,1.0,3.0,3.0,3.0,3.0,3,2.0,3.0,2.0,2.0,3.0,3.0,3.0,3.0,3.0,3.0,3.0,2.0,3.0,3.0,3,3.0,2.0,2.0,2.0,2.0,3.0,3.0,2.0,3.0,2,2,3.0,3.0,3.0,3.0,3.0,3.0,3.0,3,3.0,3.0,2.0,3.0,3.0,3.0,2,2.0,3.0,3.0,3.0,3.0,3.0,3.0,3.0,3.0,3.0,3.0,3.0,3.0,3.0,3.0,3,3.0,2.0,3.0,3.0,3.0,3.0,3.0,3.0,3.0,2.0,2.0,3.0,3,3.0,3.0,3.0,3.0,2.0,3.0,3.0,2,3.0,3.0,3.0,1.0,3.0,3.0,2.0,3.0,3.0,3.0,2,3.0,3.0,3.0,2.0,2.0,3.0,3.0,3.0,3.0,3.0,3.0,3.0,3.0,3.0,3.0,3.0,2.0,3.0,3.0,3.0,2.0,3,3.0,2.0,2.0,2.0,3.0,3,3.0,2.0,3.0,3.0,2.0,3,3.0,2.0,3.0,3.0,3.0,3.0,3.0,2,2.0,1.0,3.0,2.0,2.0,3.0,3.0,1.0,1.0,3.0,2,3.0,2.0,3.0,2.0,3.0,3.0,3.0,2,3.0,3.0,1.0,3.0,2.0,3.0,1.0,3.0,3.0,2.0,3.0,3.0,2.0,3.0,3.0,3.0,3.0,2.0,0.0,3.0,1.0,3.0,3.0,3.0,3.0,3.0,3.0,2.0,3.0,0.0,3.0,2.0,3.0,1.0,3.0,3.0,3.0,2.0,2.0,2.0,3.0,2.0,1.0,3,3.0,2.0,2.0,3.0,3.0,2.0,0,3.0,3.0,3.0,3.0,3.0,3.0,1.0,3.0,3.0,2.0,3.0,2.0,3.0,2.0,3.0,3.0,3.0,3.0,3.0,3.0,3.0,3.0,3.0,3.0,3.0,3.0,3.0,2.0,2.0,3.0,2.0,2.0,3.0,3.0,2.0,3.0,3.0,3.0,3.0,3.0,2.0,3.0,3.0,1.0,2.0,3.0,3.0,3.0,2.0,3.0,3.0,3.0,3.0,3.0,2.0,2,3.0,3.0,3.0,2.0,2.0,3.0,3.0,2.0,3.0,3.0,3.0,3.0,2.0,3.0,2,3.0,3.0,3.0,3.0,3.0,,3.0,3.0,3.0,3.0,1.0,3.0,3.0,3.0,3.0,3.0,3.0,3.0,2.0,3.0,3.0,3.0,2.0,3.0,2.0,3.0,3.0,2.0,3.0,3.0,1.0,3.0,3.0,3.0,2.0,3.0,3.0,2.0,3.0,2.0,2,1.0,3.0,3.0,3.0,3.0,3.0,3.0,3.0,3.0,3.0,3.0,3.0,3.0,3.0,3.0,3.0,3.0,3.0,2.0,2.0,3.0,3.0,3.0,3.0,2.0,3.0,3.0,2.0,3.0,3.0,3.0,3.0,3.0,2.0,3.0,2.0,3.0,3.0,3.0,3.0,1.0,3.0,3.0,3.0,3.0,3.0,3.0,3.0,3.0,3.0,3.0,3.0,3.0,3.0,3.0,3.0,3.0,3.0,3.0,2.0,3.0,2.0,3.0,2,2.0,2.0,2.0,3.0,1.0,2.0,2.0,2.0,2.0,3.0,3.0,2.0,3.0,3.0,3.0,3.0,3.0,2.0,3.0,3.0,3.0,3.0,2.0,3.0,3.0,3.0,3.0,3.0,3.0,2.0,3.0,3.0,3.0,3.0,3.0,3.0,2.0,3.0,3,3.0,3.0,3.0,3.0,0.0,3.0,3.0,3.0,1.0,3.0,2.0,3.0,3.0,3.0,3.0,3.0,2.0,3.0,3.0,3.0,3.0,3.0,3.0,3.0,3.0,3.0,3.0,3.0,3.0,3.0,3.0,3.0,3.0,3.0,3.0,3.0,3.0,3.0,3.0,3.0,3.0,3.0,2.0,3.0,3.0,3.0,3.0,3.0,3.0,0.0,3.0,,3.0,3.0,3.0,3.0,3.0,3.0,3.0,3.0,3.0,3.0,3.0,3.0,2.0,0.0,3.0,3.0,3.0,,3.0,3.0,3.0,3.0,3.0,3.0,3.0,3.0,3.0,3.0,2.0,,3.0,3.0,3.0,3.0,3.0,3.0,3.0,3.0,3.0,184,9,0.0760667903525046,1.1878966600423104,-0.2808744626196193
3.0,3,2,3.0,3.0,3.0,3.0,3.0,2.0,,2.0,3.0,2,3.0,3.0,3.0,3.0,,3.0,3.0,3.0,3.0,3.0,3.0,3.0,3.0,3.0,2.0,,3.0,2.0,3.0,3.0,3.0,1.0,3.0,3.0,3.0,3.0,3.0,3.0,3.0,3.0,3.0,3.0,3.0,3.0,3.0,3.0,3.0,3.0,3.0,3.0,3.0,2.0,3.0,3.0,3.0,3.0,3.0,3.0,3.0,3.0,3.0,3.0,3.0,3,3.0,,3.0,2.0,3.0,3.0,3.0,3.0,3.0,3.0,3.0,3.0,3.0,3.0,3.0,3.0,3,3.0,3.0,3.0,3.0,3.0,2.0,3.0,0.0,1.0,2.0,3.0,3.0,3.0,3.0,3,3.0,3.0,3.0,3.0,3.0,3.0,3.0,3.0,3.0,2,3,3.0,3.0,3.0,1.0,3.0,3.0,3.0,3,3.0,3.0,3.0,3.0,3.0,3.0,3,3.0,2.0,3.0,3.0,3.0,3.0,3.0,3.0,3.0,3.0,3.0,3.0,3.0,3.0,3.0,3,2.0,3.0,3.0,3.0,3.0,3.0,3.0,3.0,3.0,3.0,3.0,0.0,2,3.0,3.0,2.0,3.0,3.0,,3.0,3,2.0,3.0,1.0,3.0,3.0,3.0,3.0,3.0,3.0,3.0,2,3.0,3.0,3.0,3.0,3.0,3.0,3.0,3.0,2.0,3.0,,3.0,3.0,3.0,3.0,2.0,3.0,3.0,3.0,3.0,3.0,3,3.0,3.0,0.0,3.0,3.0,0,3.0,3.0,3.0,3.0,3.0,3,0.0,3.0,3.0,3.0,1.0,1.0,2.0,2,3.0,3.0,3.0,3.0,3.0,3.0,3.0,2.0,3.0,3.0,2,3.0,3.0,3.0,3.0,3.0,3.0,3.0,2,3.0,1.0,3.0,3.0,3.0,3.0,3.0,3.0,3.0,3.0,3.0,3.0,3.0,1.0,3.0,3.0,3.0,2.0,3.0,3.0,3.0,3.0,2.0,3.0,3.0,3.0,2.0,3.0,1.0,1.0,3.0,2.0,,3.0,3.0,2.0,2.0,3.0,3.0,3.0,3.0,3.0,3.0,3,3.0,3.0,3.0,3.0,3.0,3.0,2,3.0,3.0,3.0,3.0,3.0,3.0,3.0,3.0,3.0,3.0,3.0,3.0,3.0,3.0,3.0,3.0,3.0,3.0,3.0,3.0,3.0,3.0,3.0,3.0,2.0,3.0,2.0,3.0,3.0,3.0,3.0,3.0,3.0,3.0,2.0,3.0,3.0,3.0,3.0,3.0,3.0,3.0,3.0,3.0,3.0,3.0,3.0,3.0,2.0,2.0,3.0,3.0,3.0,3.0,3.0,3,3.0,3.0,3.0,3.0,3.0,3.0,3.0,3.0,3.0,,3.0,3.0,3.0,3.0,3,2.0,3.0,3.0,3.0,3.0,,3.0,2.0,3.0,3.0,3.0,3.0,3.0,3.0,3.0,3.0,3.0,3.0,3.0,3.0,3.0,3.0,3.0,3.0,3.0,2.0,3.0,1.0,2.0,3.0,3.0,3.0,3.0,3.0,2.0,2.0,3.0,3.0,3.0,1.0,2,3.0,2.0,3.0,3.0,3.0,3.0,0.0,3.0,3.0,2.0,3.0,3.0,3.0,2.0,3.0,3.0,3.0,3.0,3.0,3.0,3.0,3.0,3.0,3.0,3.0,3.0,3.0,3.0,3.0,3.0,3.0,3.0,,3.0,3.0,3.0,3.0,3.0,3.0,3.0,3.0,3.0,3.0,3.0,3.0,,3.0,1.0,3.0,3.0,3.0,3.0,3.0,3.0,3.0,3.0,3.0,3.0,3.0,3.0,3.0,2.0,3.0,3,3.0,3.0,3.0,3.0,2.0,,3.0,2.0,3.0,2.0,3.0,3.0,3.0,3.0,3.0,3.0,3.0,3.0,3.0,3.0,3.0,3.0,3.0,3.0,3.0,3.0,3.0,3.0,3.0,3.0,3.0,3.0,3.0,3.0,3.0,3.0,3.0,3.0,2,3.0,3.0,3.0,3.0,2.0,3.0,3.0,3.0,3.0,3.0,3.0,3.0,3.0,3.0,3.0,,3.0,3.0,3.0,3.0,3.0,,3.0,3.0,3.0,3.0,,3.0,3.0,3.0,1.0,3.0,2.0,3.0,3.0,3.0,3.0,3.0,3.0,3.0,3.0,3.0,3.0,3.0,3.0,3.0,3.0,3.0,3.0,3.0,3.0,,,3.0,,3.0,3.0,3.0,3.0,1.0,3.0,3.0,3.0,,3.0,3.0,3.0,3.0,3.0,,3.0,3.0,3.0,3.0,3.0,3.0,3.0,3.0,2.0,3.0,,,,3.0,3.0,1.0,3.0,3.0,2.0,3.0,,185,9,0.0706106870229007,1.3206005515269126,-0.19325104590568148
3.0,3,2,3.0,3.0,3.0,3.0,3.0,3.0,3.0,3.0,3.0,2,2.0,3.0,3.0,3.0,2.0,3.0,3.0,3.0,3.0,3.0,3.0,3.0,3.0,3.0,3.0,3.0,3.0,3.0,3.0,3.0,3.0,3.0,3.0,3.0,3.0,2.0,3.0,3.0,3.0,3.0,2.0,3.0,3.0,3.0,3.0,3.0,3.0,3.0,3.0,3.0,3.0,3.0,3.0,3.0,3.0,3.0,3.0,3.0,3.0,3.0,3.0,3.0,3.0,0,3.0,3.0,3.0,3.0,3.0,3.0,3.0,3.0,3.0,3.0,3.0,3.0,3.0,3.0,3.0,2.0,3,3.0,2.0,3.0,2.0,3.0,,3.0,3.0,3.0,3.0,3.0,3.0,3.0,3.0,1,3.0,3.0,1.0,3.0,3.0,3.0,2.0,2.0,3.0,3,3,2.0,3.0,3.0,3.0,3.0,2.0,3.0,3,3.0,3.0,3.0,3.0,3.0,3.0,2,3.0,2.0,2.0,3.0,3.0,2.0,3.0,3.0,3.0,3.0,1.0,3.0,1.0,3.0,3.0,3,3.0,3.0,3.0,3.0,2.0,3.0,3.0,3.0,3.0,3.0,3.0,2.0,3,3.0,3.0,3.0,3.0,3.0,3.0,3.0,3,3.0,3.0,3.0,3.0,3.0,3.0,3.0,3.0,3.0,3.0,3,3.0,3.0,3.0,3.0,3.0,3.0,3.0,3.0,3.0,2.0,,3.0,3.0,3.0,3.0,1.0,3.0,3.0,3.0,,2.0,3,3.0,3.0,3.0,3.0,3.0,3,3.0,3.0,2.0,3.0,3.0,2,3.0,3.0,3.0,,,3.0,3.0,2,2.0,3.0,3.0,2.0,2.0,2.0,3.0,3.0,3.0,2.0,3,3.0,3.0,3.0,3.0,3.0,3.0,3.0,2,3.0,0.0,3.0,2.0,2.0,3.0,3.0,3.0,3.0,3.0,3.0,3.0,3.0,2.0,3.0,3.0,3.0,3.0,3.0,,3.0,3.0,3.0,3.0,2.0,3.0,3.0,2.0,3.0,1.0,2.0,3.0,,3.0,0.0,3.0,1.0,3.0,3.0,3.0,3.0,3.0,3.0,3,3.0,3.0,3.0,3.0,3.0,3.0,3,3.0,3.0,3.0,3.0,3.0,3.0,3.0,3.0,3.0,3.0,3.0,3.0,2.0,3.0,3.0,3.0,,3.0,3.0,3.0,3.0,0.0,3.0,3.0,3.0,3.0,3.0,3.0,3.0,1.0,2.0,3.0,3.0,3.0,3.0,3.0,3.0,3.0,2.0,3.0,3.0,3.0,3.0,3.0,3.0,3.0,3.0,3.0,3.0,3.0,1.0,3.0,3.0,3.0,3.0,2,3.0,0.0,3.0,3.0,3.0,3.0,3.0,3.0,3.0,3.0,3.0,3.0,3.0,3.0,3,3.0,3.0,3.0,3.0,3.0,,2.0,3.0,3.0,3.0,2.0,3.0,3.0,3.0,3.0,3.0,2.0,3.0,3.0,3.0,3.0,3.0,2.0,2.0,3.0,3.0,3.0,3.0,3.0,2.0,3.0,3.0,3.0,3.0,3.0,1.0,3.0,3.0,3.0,3.0,2,3.0,3.0,3.0,3.0,3.0,3.0,3.0,3.0,3.0,3.0,3.0,3.0,3.0,1.0,3.0,3.0,3.0,3.0,3.0,2.0,3.0,3.0,3.0,1.0,3.0,2.0,3.0,3.0,3.0,3.0,3.0,3.0,,2.0,3.0,3.0,3.0,3.0,3.0,3.0,3.0,3.0,3.0,2.0,3.0,,3.0,2.0,3.0,3.0,3.0,1.0,3.0,2.0,3.0,3.0,3.0,3.0,3.0,3.0,2.0,2.0,3.0,3,3.0,2.0,3.0,3.0,3.0,,3.0,3.0,3.0,3.0,2.0,3.0,3.0,3.0,3.0,3.0,3.0,3.0,1.0,3.0,3.0,3.0,3.0,3.0,1.0,3.0,3.0,2.0,3.0,3.0,3.0,3.0,3.0,0.0,3.0,3.0,3.0,3.0,3,3.0,3.0,3.0,3.0,3.0,,3.0,3.0,2.0,3.0,3.0,3.0,3.0,3.0,3.0,3.0,3.0,3.0,3.0,3.0,3.0,3.0,3.0,3.0,3.0,3.0,3.0,3.0,,3.0,3.0,3.0,3.0,3.0,3.0,3.0,3.0,3.0,3.0,2.0,3.0,3.0,3.0,3.0,2.0,3.0,3.0,3.0,3.0,3.0,3.0,,3.0,3.0,3.0,3.0,,3.0,3.0,3.0,3.0,3.0,3.0,3.0,3.0,3.0,3.0,3.0,3.0,,3.0,3.0,,3.0,3.0,3.0,,3.0,3.0,3.0,,,,1.0,,3.0,,3.0,3.0,3.0,,186,9,0.0831721470019342,1.3021180623651696,-0.16374489274201684
3.0,2,3,2.0,3.0,3.0,3.0,3.0,3.0,3.0,3.0,1.0,3,3.0,3.0,3.0,3.0,,3.0,3.0,3.0,3.0,3.0,3.0,3.0,3.0,3.0,3.0,3.0,,2.0,3.0,3.0,3.0,3.0,2.0,3.0,3.0,2.0,3.0,3.0,3.0,2.0,3.0,3.0,3.0,3.0,3.0,3.0,3.0,3.0,3.0,3.0,3.0,3.0,3.0,3.0,2.0,3.0,3.0,3.0,3.0,3.0,3.0,3.0,3.0,3,3.0,3.0,3.0,3.0,3.0,2.0,3.0,3.0,3.0,3.0,3.0,3.0,3.0,3.0,3.0,3.0,3,,3.0,3.0,3.0,3.0,,3.0,3.0,2.0,3.0,,3.0,3.0,3.0,3,2.0,3.0,3.0,3.0,3.0,3.0,3.0,3.0,3.0,2,3,2.0,3.0,2.0,3.0,3.0,3.0,3.0,3,3.0,3.0,3.0,3.0,3.0,3.0,3,3.0,3.0,3.0,3.0,3.0,3.0,1.0,3.0,0.0,3.0,3.0,3.0,,3.0,,2,2.0,3.0,3.0,3.0,3.0,3.0,1.0,2.0,3.0,2.0,3.0,3.0,3,3.0,3.0,3.0,3.0,3.0,3.0,3.0,3,2.0,3.0,3.0,3.0,,3.0,3.0,3.0,3.0,3.0,0,3.0,3.0,3.0,3.0,3.0,3.0,3.0,3.0,3.0,3.0,3.0,2.0,3.0,3.0,3.0,3.0,3.0,3.0,3.0,,2.0,3,2.0,3.0,3.0,3.0,3.0,3,3.0,2.0,2.0,3.0,2.0,3,0.0,3.0,3.0,3.0,2.0,3.0,3.0,1,3.0,3.0,3.0,3.0,3.0,1.0,3.0,3.0,3.0,1.0,3,1.0,3.0,3.0,3.0,3.0,3.0,3.0,3,3.0,3.0,3.0,3.0,0.0,3.0,3.0,3.0,3.0,3.0,3.0,3.0,3.0,3.0,3.0,3.0,3.0,2.0,3.0,1.0,3.0,3.0,3.0,3.0,3.0,3.0,3.0,3.0,1.0,3.0,3.0,3.0,3.0,3.0,,2.0,3.0,3.0,3.0,3.0,3.0,3.0,3.0,3,,3.0,2.0,3.0,3.0,3.0,3,3.0,3.0,1.0,3.0,3.0,3.0,3.0,3.0,3.0,3.0,3.0,3.0,3.0,3.0,,3.0,3.0,3.0,3.0,2.0,3.0,3.0,,3.0,2.0,3.0,2.0,,3.0,3.0,3.0,3.0,3.0,,3.0,2.0,3.0,3.0,3.0,3.0,2.0,3.0,3.0,3.0,3.0,3.0,3.0,3.0,3.0,2.0,3.0,3.0,3.0,3.0,3.0,3,3.0,3.0,3.0,3.0,3.0,2.0,2.0,3.0,3.0,,3.0,3.0,3.0,3.0,3,3.0,3.0,3.0,3.0,3.0,,3.0,3.0,3.0,3.0,3.0,3.0,3.0,3.0,3.0,3.0,3.0,3.0,3.0,3.0,2.0,2.0,3.0,3.0,3.0,3.0,3.0,3.0,3.0,3.0,3.0,3.0,3.0,3.0,3.0,3.0,2.0,3.0,3.0,3.0,3,3.0,3.0,3.0,3.0,3.0,1.0,3.0,3.0,3.0,1.0,2.0,3.0,3.0,3.0,3.0,3.0,3.0,3.0,3.0,3.0,1.0,3.0,3.0,3.0,3.0,,3.0,3.0,3.0,3.0,3.0,3.0,,3.0,,3.0,3.0,3.0,3.0,3.0,3.0,3.0,3.0,3.0,3.0,0.0,,3.0,3.0,2.0,2.0,3.0,,3.0,3.0,3.0,3.0,2.0,3.0,3.0,3.0,3.0,3.0,3,3.0,2.0,3.0,3.0,1.0,,3.0,3.0,3.0,3.0,3.0,3.0,3.0,3.0,3.0,3.0,3.0,3.0,3.0,3.0,3.0,3.0,3.0,,3.0,3.0,3.0,3.0,3.0,3.0,3.0,3.0,3.0,,3.0,3.0,2.0,3.0,3,3.0,3.0,3.0,3.0,3.0,,3.0,3.0,3.0,3.0,3.0,3.0,3.0,3.0,3.0,3.0,2.0,3.0,3.0,3.0,3.0,3.0,3.0,3.0,3.0,3.0,,3.0,,3.0,3.0,3.0,1.0,3.0,3.0,3.0,3.0,3.0,3.0,3.0,3.0,3.0,3.0,3.0,3.0,3.0,3.0,3.0,3.0,3.0,2.0,,,3.0,,3.0,3.0,3.0,3.0,3.0,3.0,3.0,3.0,,3.0,,3.0,,3.0,0.0,3.0,3.0,3.0,3.0,3.0,2.0,,3.0,3.0,3.0,,,,,2.0,3.0,2.0,3.0,3.0,3.0,,187,9,0.0770750988142292,1.3298213467704993,-0.13620822584409334
3.0,3,2,3.0,3.0,3.0,2.0,3.0,3.0,3.0,3.0,3.0,2,3.0,3.0,3.0,3.0,,3.0,3.0,2.0,3.0,2.0,3.0,3.0,1.0,3.0,3.0,2.0,3.0,2.0,3.0,1.0,2.0,2.0,3.0,3.0,3.0,3.0,3.0,3.0,3.0,3.0,3.0,3.0,3.0,2.0,3.0,3.0,3.0,3.0,3.0,3.0,3.0,3.0,3.0,3.0,3.0,3.0,3.0,3.0,3.0,2.0,3.0,3.0,3.0,2,3.0,3.0,3.0,3.0,3.0,3.0,3.0,1.0,2.0,3.0,2.0,2.0,3.0,3.0,2.0,3.0,2,3.0,3.0,2.0,3.0,2.0,,3.0,3.0,3.0,2.0,1.0,2.0,3.0,3.0,2,3.0,3.0,3.0,3.0,3.0,3.0,3.0,,3.0,3,3,3.0,3.0,3.0,3.0,3.0,3.0,3.0,3,3.0,3.0,2.0,3.0,1.0,3.0,3,3.0,3.0,3.0,3.0,2.0,3.0,3.0,3.0,3.0,3.0,3.0,2.0,3.0,3.0,3.0,2,2.0,3.0,3.0,3.0,3.0,3.0,3.0,3.0,3.0,3.0,3.0,2.0,2,3.0,3.0,1.0,3.0,2.0,3.0,3.0,3,3.0,2.0,3.0,3.0,3.0,3.0,3.0,3.0,3.0,3.0,2,3.0,3.0,3.0,2.0,3.0,3.0,2.0,3.0,3.0,3.0,3.0,3.0,3.0,3.0,3.0,3.0,0.0,3.0,3.0,3.0,3.0,3,3.0,2.0,3.0,3.0,3.0,3,3.0,2.0,3.0,3.0,3.0,2,3.0,3.0,3.0,2.0,3.0,3.0,2.0,2,1.0,3.0,3.0,3.0,3.0,3.0,3.0,3.0,3.0,3.0,3,3.0,2.0,3.0,3.0,0.0,3.0,3.0,3,3.0,2.0,3.0,3.0,2.0,2.0,3.0,3.0,1.0,3.0,3.0,3.0,3.0,3.0,3.0,3.0,3.0,2.0,0.0,3.0,3.0,3.0,3.0,3.0,3.0,3.0,2.0,3.0,3.0,3.0,3.0,2.0,2.0,3.0,3.0,3.0,3.0,3.0,3.0,3.0,3.0,2.0,3.0,1,3.0,3.0,2.0,3.0,3.0,3.0,3,3.0,3.0,3.0,3.0,2.0,3.0,3.0,3.0,3.0,3.0,3.0,1.0,3.0,3.0,3.0,2.0,3.0,3.0,3.0,2.0,3.0,3.0,3.0,3.0,2.0,1.0,3.0,1.0,3.0,3.0,3.0,3.0,3.0,3.0,2.0,1.0,3.0,3.0,3.0,3.0,3.0,3.0,3.0,3.0,3.0,3.0,3.0,3.0,3.0,3.0,3.0,3.0,2.0,3.0,3.0,3,1.0,3.0,3.0,2.0,3.0,3.0,3.0,3.0,3.0,3.0,3.0,3.0,3.0,2.0,2,3.0,3.0,3.0,1.0,3.0,0.0,3.0,3.0,3.0,3.0,3.0,3.0,2.0,3.0,3.0,3.0,3.0,3.0,3.0,3.0,3.0,3.0,3.0,2.0,3.0,3.0,3.0,3.0,3.0,3.0,3.0,3.0,3.0,3.0,3.0,3.0,3.0,3.0,3.0,3.0,3,2.0,3.0,3.0,3.0,2.0,3.0,2.0,3.0,3.0,3.0,2.0,3.0,0.0,3.0,3.0,3.0,3.0,3.0,3.0,3.0,2.0,3.0,3.0,3.0,3.0,3.0,3.0,3.0,3.0,3.0,2.0,3.0,3.0,2.0,3.0,2.0,3.0,3.0,3.0,3.0,3.0,3.0,3.0,3.0,3.0,,3.0,3.0,3.0,2.0,3.0,3.0,3.0,2.0,3.0,2.0,3.0,3.0,3.0,2.0,3.0,3.0,3.0,2,2.0,2.0,3.0,3.0,3.0,,3.0,3.0,2.0,3.0,3.0,3.0,3.0,3.0,2.0,3.0,2.0,2.0,3.0,3.0,3.0,3.0,3.0,3.0,3.0,3.0,3.0,3.0,3.0,2.0,3.0,3.0,3.0,3.0,2.0,3.0,3.0,3.0,2,2.0,3.0,3.0,1.0,3.0,,3.0,3.0,3.0,3.0,2.0,3.0,3.0,3.0,3.0,3.0,3.0,2.0,3.0,3.0,3.0,3.0,3.0,3.0,3.0,1.0,3.0,3.0,3.0,3.0,3.0,3.0,3.0,3.0,3.0,3.0,0.0,3.0,3.0,3.0,3.0,3.0,3.0,3.0,3.0,2.0,1.0,3.0,3.0,3.0,3.0,,3.0,1.0,3.0,3.0,3.0,3.0,3.0,3.0,3.0,3.0,3.0,3.0,3.0,,3.0,3.0,3.0,,3.0,3.0,3.0,3.0,3.0,3.0,3.0,3.0,3.0,3.0,,,3.0,2.0,3.0,3.0,3.0,3.0,3.0,3.0,,188,9,0.0630797773654916,1.2211552776537145,-0.31260061849480636
3.0,2,3,2.0,3.0,3.0,3.0,3.0,3.0,3.0,3.0,1.0,2,3.0,3.0,3.0,3.0,,3.0,3.0,3.0,3.0,3.0,3.0,2.0,3.0,3.0,3.0,3.0,,2.0,3.0,3.0,3.0,3.0,1.0,3.0,3.0,3.0,3.0,3.0,3.0,3.0,3.0,3.0,1.0,3.0,3.0,3.0,2.0,3.0,1.0,3.0,3.0,3.0,3.0,3.0,3.0,3.0,2.0,3.0,3.0,3.0,3.0,3.0,3.0,3,3.0,,3.0,3.0,3.0,3.0,3.0,2.0,3.0,3.0,3.0,2.0,3.0,3.0,3.0,3.0,3,3.0,3.0,3.0,3.0,3.0,3.0,3.0,3.0,3.0,3.0,3.0,3.0,3.0,3.0,3,3.0,1.0,3.0,3.0,3.0,3.0,3.0,3.0,3.0,3,1,3.0,3.0,3.0,3.0,3.0,3.0,3.0,2,3.0,3.0,3.0,3.0,2.0,3.0,2,2.0,3.0,2.0,3.0,3.0,3.0,3.0,3.0,2.0,2.0,0.0,3.0,3.0,3.0,,3,2.0,3.0,3.0,3.0,3.0,3.0,2.0,3.0,3.0,3.0,3.0,3.0,3,3.0,3.0,3.0,3.0,3.0,3.0,3.0,3,3.0,3.0,3.0,3.0,3.0,3.0,3.0,3.0,3.0,3.0,3,3.0,2.0,3.0,3.0,3.0,3.0,3.0,3.0,3.0,3.0,3.0,3.0,3.0,3.0,3.0,3.0,3.0,3.0,3.0,,2.0,3,3.0,3.0,3.0,3.0,3.0,3,3.0,3.0,3.0,3.0,3.0,3,2.0,3.0,3.0,3.0,3.0,3.0,2.0,3,3.0,3.0,3.0,2.0,3.0,3.0,3.0,3.0,3.0,3.0,2,3.0,2.0,3.0,3.0,3.0,3.0,3.0,3,3.0,3.0,1.0,3.0,3.0,3.0,3.0,3.0,3.0,3.0,,3.0,2.0,3.0,3.0,3.0,3.0,3.0,3.0,0.0,3.0,3.0,3.0,3.0,3.0,3.0,3.0,3.0,3.0,3.0,2.0,2.0,3.0,3.0,3.0,3.0,2.0,3.0,3.0,3.0,2.0,3.0,0.0,2,3.0,3.0,3.0,0.0,3.0,3.0,3,3.0,3.0,3.0,3.0,3.0,3.0,3.0,3.0,3.0,3.0,3.0,3.0,3.0,2.0,,3.0,3.0,3.0,3.0,3.0,3.0,3.0,3.0,3.0,3.0,3.0,3.0,3.0,3.0,3.0,3.0,2.0,1.0,3.0,3.0,3.0,3.0,2.0,2.0,3.0,2.0,3.0,3.0,3.0,3.0,3.0,1.0,3.0,3.0,3.0,3.0,3.0,3.0,3.0,3.0,3,3.0,3.0,3.0,2.0,3.0,1.0,3.0,3.0,3.0,,3.0,3.0,3.0,3.0,2,3.0,3.0,3.0,1.0,3.0,3.0,3.0,3.0,3.0,3.0,3.0,3.0,1.0,3.0,,3.0,3.0,3.0,3.0,3.0,3.0,3.0,3.0,3.0,3.0,3.0,3.0,3.0,3.0,3.0,3.0,3.0,3.0,3.0,3.0,3.0,3.0,3.0,3.0,2.0,3,3.0,3.0,3.0,3.0,3.0,3.0,3.0,3.0,3.0,3.0,3.0,3.0,3.0,3.0,3.0,1.0,3.0,3.0,3.0,3.0,2.0,2.0,3.0,3.0,3.0,3.0,3.0,1.0,3.0,3.0,3.0,3.0,3.0,3.0,1.0,3.0,3.0,3.0,3.0,3.0,3.0,1.0,3.0,3.0,3.0,,3.0,3.0,3.0,3.0,3.0,3.0,,3.0,3.0,3.0,3.0,3.0,3.0,3.0,0.0,2.0,3.0,3,3.0,2.0,3.0,3.0,3.0,,3.0,3.0,0.0,3.0,3.0,2.0,3.0,3.0,3.0,3.0,3.0,3.0,3.0,2.0,3.0,3.0,3.0,3.0,3.0,3.0,3.0,3.0,3.0,3.0,3.0,3.0,2.0,3.0,3.0,3.0,3.0,3.0,3,3.0,3.0,3.0,3.0,3.0,,3.0,3.0,,3.0,3.0,3.0,3.0,,3.0,3.0,3.0,3.0,3.0,2.0,3.0,3.0,3.0,3.0,3.0,3.0,3.0,3.0,3.0,3.0,3.0,3.0,2.0,3.0,3.0,3.0,3.0,3.0,3.0,3.0,3.0,3.0,3.0,1.0,3.0,3.0,3.0,3.0,3.0,3.0,3.0,,3.0,3.0,,3.0,3.0,3.0,3.0,3.0,3.0,3.0,3.0,,3.0,,3.0,,,,3.0,3.0,,3.0,3.0,3.0,,3.0,3.0,3.0,,,2.0,,3.0,3.0,3.0,3.0,3.0,3.0,,189,9,0.0732177263969171,1.3282998370450843,-0.17258757083410384
2.0,3,3,,2.0,3.0,3.0,3.0,3.0,,3.0,,3,3.0,1.0,,3.0,0.0,3.0,3.0,3.0,3.0,3.0,3.0,3.0,3.0,3.0,3.0,3.0,3.0,3.0,3.0,3.0,3.0,3.0,3.0,3.0,3.0,3.0,3.0,3.0,3.0,3.0,,3.0,2.0,3.0,3.0,2.0,3.0,3.0,3.0,3.0,,3.0,3.0,3.0,3.0,3.0,3.0,3.0,,3.0,3.0,3.0,3.0,3,,,3.0,3.0,3.0,3.0,1.0,3.0,3.0,3.0,3.0,3.0,,,3.0,3.0,3,,3.0,3.0,3.0,3.0,,3.0,3.0,3.0,3.0,3.0,3.0,3.0,3.0,2,3.0,3.0,3.0,3.0,3.0,3.0,3.0,3.0,,3,3,3.0,3.0,2.0,3.0,3.0,3.0,,3,3.0,3.0,3.0,3.0,3.0,3.0,2,3.0,3.0,3.0,3.0,3.0,3.0,3.0,3.0,3.0,2.0,3.0,2.0,3.0,3.0,3.0,3,3.0,3.0,3.0,,3.0,3.0,3.0,3.0,3.0,3.0,3.0,3.0,1,3.0,2.0,3.0,3.0,3.0,,3.0,3,3.0,3.0,3.0,3.0,,3.0,3.0,3.0,3.0,3.0,2,2.0,3.0,3.0,3.0,3.0,,1.0,,3.0,3.0,,,,3.0,,3.0,3.0,,3.0,,3.0,3,3.0,3.0,3.0,,,2,3.0,3.0,3.0,,3.0,3,3.0,3.0,3.0,,3.0,3.0,3.0,3,3.0,,2.0,3.0,3.0,3.0,3.0,3.0,2.0,,3,3.0,3.0,,3.0,3.0,3.0,3.0,3,3.0,3.0,3.0,,3.0,3.0,3.0,3.0,3.0,3.0,,,,3.0,3.0,3.0,3.0,3.0,3.0,,3.0,,3.0,,3.0,3.0,3.0,3.0,,,3.0,3.0,,3.0,3.0,3.0,3.0,3.0,3.0,3.0,2.0,3.0,3.0,2,,3.0,3.0,2.0,3.0,,3,3.0,,3.0,3.0,3.0,,,,,3.0,,3.0,3.0,,2.0,,,3.0,3.0,3.0,3.0,3.0,,,3.0,3.0,0.0,,3.0,3.0,,3.0,3.0,,3.0,3.0,3.0,3.0,1.0,3.0,3.0,,,,3.0,3.0,3.0,3.0,3.0,3.0,3.0,3.0,,,3.0,2,3.0,3.0,3.0,2.0,3.0,,,,1.0,3.0,2.0,,3.0,2.0,3,3.0,3.0,,3.0,,,3.0,3.0,3.0,3.0,3.0,3.0,3.0,,,3.0,3.0,3.0,3.0,3.0,3.0,3.0,3.0,,3.0,3.0,3.0,,3.0,3.0,,3.0,3.0,3.0,1.0,3.0,3.0,3.0,3.0,3.0,3,3.0,3.0,3.0,3.0,3.0,3.0,3.0,2.0,3.0,2.0,3.0,3.0,3.0,3.0,3.0,3.0,3.0,,3.0,2.0,3.0,1.0,3.0,3.0,,,3.0,3.0,,3.0,3.0,,,,,3.0,,,3.0,2.0,,3.0,3.0,3.0,2.0,,2.0,3.0,2.0,3.0,0.0,,,3.0,3.0,3.0,,3.0,3.0,3.0,3.0,3.0,,3,3.0,2.0,3.0,3.0,3.0,,,3.0,3.0,3.0,3.0,3.0,,3.0,3.0,3.0,3.0,0.0,3.0,2.0,3.0,,3.0,,3.0,3.0,3.0,3.0,,,,3.0,3.0,,3.0,,3.0,3.0,3,3.0,,3.0,3.0,3.0,,,0.0,3.0,3.0,3.0,,3.0,2.0,3.0,3.0,3.0,3.0,3.0,2.0,3.0,3.0,3.0,,3.0,3.0,3.0,3.0,,,3.0,3.0,3.0,3.0,3.0,3.0,3.0,3.0,3.0,3.0,3.0,3.0,3.0,,2.0,3.0,3.0,,3.0,3.0,3.0,,3.0,,,,,3.0,3.0,2.0,1.0,3.0,3.0,,3.0,,2.0,,0.0,,3.0,3.0,,,3.0,3.0,,3.0,3.0,3.0,,,3.0,,,2.0,,,1.0,,,190,9,0.1209876543209876,1.32842287694974,0.05475930135095702
3.0,0,2,3.0,3.0,2.0,2.0,3.0,3.0,3.0,3.0,1.0,2,3.0,3.0,3.0,3.0,3.0,3.0,3.0,3.0,3.0,2.0,2.0,3.0,2.0,2.0,3.0,3.0,3.0,2.0,2.0,3.0,3.0,3.0,3.0,3.0,3.0,3.0,1.0,3.0,3.0,2.0,3.0,2.0,2.0,2.0,2.0,3.0,3.0,3.0,3.0,2.0,2.0,3.0,3.0,3.0,3.0,3.0,3.0,3.0,3.0,1.0,2.0,3.0,2.0,2,2.0,3.0,3.0,3.0,3.0,2.0,2.0,2.0,3.0,1.0,3.0,2.0,3.0,3.0,2.0,3.0,2,3.0,3.0,3.0,3.0,2.0,3.0,3.0,3.0,3.0,3.0,3.0,2.0,3.0,3.0,2,2.0,3.0,3.0,3.0,2.0,3.0,3.0,3.0,3.0,2,2,2.0,1.0,3.0,3.0,3.0,2.0,3.0,2,3.0,3.0,3.0,3.0,3.0,3.0,2,3.0,3.0,3.0,3.0,2.0,2.0,3.0,3.0,3.0,3.0,3.0,2.0,3.0,3.0,3.0,3,2.0,3.0,3.0,3.0,3.0,3.0,0.0,3.0,3.0,3.0,2.0,3.0,3,3.0,1.0,3.0,2.0,3.0,3.0,3.0,3,2.0,3.0,3.0,3.0,3.0,3.0,3.0,3.0,3.0,2.0,2,3.0,2.0,3.0,2.0,3.0,0.0,3.0,3.0,2.0,3.0,2.0,2.0,3.0,2.0,3.0,3.0,2.0,3.0,3.0,3.0,2.0,2,2.0,3.0,1.0,3.0,3.0,1,3.0,3.0,3.0,3.0,3.0,1,3.0,3.0,2.0,3.0,3.0,3.0,0.0,2,2.0,3.0,3.0,2.0,2.0,3.0,3.0,3.0,2.0,3.0,2,2.0,2.0,3.0,2.0,3.0,2.0,3.0,2,1.0,3.0,2.0,3.0,2.0,3.0,3.0,3.0,3.0,3.0,3.0,3.0,2.0,2.0,3.0,3.0,2.0,2.0,1.0,3.0,3.0,3.0,3.0,3.0,2.0,3.0,2.0,2.0,2.0,3.0,1.0,2.0,3.0,3.0,3.0,3.0,2.0,3.0,2.0,3.0,2.0,2.0,3.0,3,3.0,3.0,2.0,0.0,3.0,3.0,2,2.0,2.0,2.0,1.0,3.0,3.0,3.0,3.0,3.0,3.0,1.0,3.0,3.0,3.0,3.0,3.0,3.0,3.0,3.0,3.0,3.0,2.0,3.0,3.0,2.0,3.0,3.0,3.0,2.0,2.0,2.0,2.0,2.0,3.0,2.0,3.0,3.0,2.0,2.0,3.0,3.0,3.0,3.0,3.0,3.0,3.0,2.0,3.0,3.0,3.0,3.0,2.0,3.0,3.0,3.0,1,2.0,3.0,2.0,3.0,1.0,3.0,3.0,3.0,3.0,3.0,3.0,3.0,2.0,1.0,3,3.0,3.0,3.0,3.0,3.0,2.0,2.0,2.0,3.0,3.0,2.0,3.0,2.0,3.0,3.0,2.0,2.0,2.0,3.0,2.0,3.0,3.0,3.0,3.0,3.0,2.0,3.0,3.0,3.0,2.0,3.0,3.0,0.0,3.0,3.0,3.0,2.0,3.0,3.0,2.0,2,3.0,3.0,3.0,2.0,1.0,2.0,3.0,3.0,2.0,2.0,3.0,2.0,3.0,3.0,3.0,3.0,3.0,3.0,3.0,3.0,3.0,3.0,3.0,3.0,3.0,3.0,3.0,3.0,3.0,3.0,3.0,3.0,3.0,3.0,3.0,3.0,3.0,3.0,3.0,3.0,3.0,3.0,3.0,3.0,3.0,3.0,3.0,3.0,3.0,3.0,3.0,3.0,3.0,2.0,3.0,2.0,3.0,3.0,3.0,3.0,3.0,2.0,3.0,2,3.0,3.0,3.0,3.0,3.0,,3.0,3.0,3.0,2.0,3.0,3.0,3.0,3.0,3.0,2.0,3.0,2.0,2.0,3.0,3.0,3.0,3.0,3.0,3.0,3.0,3.0,3.0,3.0,3.0,3.0,3.0,3.0,3.0,3.0,3.0,3.0,3.0,2,3.0,3.0,3.0,3.0,3.0,,3.0,3.0,3.0,3.0,3.0,3.0,3.0,2.0,2.0,3.0,3.0,2.0,2.0,3.0,3.0,3.0,3.0,3.0,2.0,2.0,3.0,2.0,3.0,3.0,3.0,1.0,3.0,3.0,3.0,3.0,3.0,3.0,3.0,3.0,3.0,3.0,3.0,3.0,1.0,3.0,3.0,3.0,3.0,3.0,2.0,3.0,2.0,2.0,2.0,3.0,3.0,3.0,3.0,3.0,3.0,3.0,3.0,3.0,3.0,3.0,3.0,3.0,3.0,,3.0,3.0,3.0,3.0,3.0,3.0,3.0,3.0,3.0,3.0,,,3.0,3.0,3.0,3.0,3.0,3.0,2.0,3.0,,191,9,0.0802238805970149,1.1710712466753437,-0.4101134691196534
2.0,2,2,2.0,3.0,3.0,1.0,2.0,1.0,3.0,3.0,3.0,2,2.0,3.0,3.0,3.0,3.0,1.0,2.0,3.0,2.0,2.0,2.0,3.0,3.0,3.0,3.0,1.0,3.0,3.0,2.0,2.0,2.0,2.0,3.0,3.0,2.0,3.0,2.0,3.0,2.0,3.0,1.0,2.0,2.0,2.0,1.0,3.0,2.0,2.0,3.0,3.0,3.0,3.0,3.0,2.0,1.0,3.0,2.0,2.0,3.0,2.0,2.0,3.0,2.0,2,3.0,3.0,3.0,3.0,3.0,2.0,3.0,2.0,2.0,1.0,2.0,3.0,3.0,3.0,1.0,2.0,2,3.0,2.0,2.0,3.0,3.0,1.0,2.0,2.0,2.0,2.0,2.0,2.0,3.0,3.0,1,2.0,2.0,3.0,2.0,2.0,2.0,3.0,3.0,2.0,2,2,3.0,2.0,2.0,2.0,3.0,3.0,3.0,2,3.0,3.0,2.0,2.0,2.0,3.0,1,2.0,3.0,3.0,3.0,2.0,2.0,3.0,3.0,2.0,2.0,2.0,2.0,3.0,3.0,3.0,2,2.0,3.0,3.0,3.0,2.0,2.0,2.0,2.0,2.0,2.0,1.0,2.0,2,3.0,3.0,3.0,2.0,2.0,3.0,3.0,3,2.0,3.0,3.0,2.0,3.0,2.0,2.0,2.0,2.0,0.0,3,3.0,3.0,2.0,2.0,2.0,3.0,3.0,3.0,3.0,3.0,2.0,2.0,0.0,2.0,3.0,2.0,3.0,3.0,3.0,3.0,2.0,2,3.0,2.0,3.0,3.0,3.0,2,3.0,2.0,2.0,3.0,0.0,2,3.0,3.0,2.0,3.0,2.0,3.0,3.0,2,2.0,3.0,3.0,3.0,1.0,3.0,2.0,3.0,3.0,2.0,2,3.0,2.0,2.0,3.0,3.0,3.0,3.0,2,3.0,3.0,3.0,3.0,2.0,3.0,2.0,2.0,3.0,3.0,3.0,3.0,2.0,2.0,3.0,3.0,3.0,3.0,2.0,3.0,3.0,3.0,2.0,3.0,3.0,3.0,3.0,2.0,3.0,3.0,2.0,2.0,2.0,2.0,3.0,2.0,2.0,3.0,3.0,3.0,3.0,2.0,3.0,3,3.0,3.0,3.0,3.0,2.0,3.0,2,2.0,3.0,2.0,3.0,3.0,3.0,3.0,3.0,3.0,3.0,3.0,3.0,2.0,3.0,3.0,0.0,3.0,2.0,3.0,2.0,3.0,2.0,3.0,3.0,3.0,2.0,3.0,3.0,3.0,3.0,3.0,2.0,2.0,3.0,2.0,2.0,3.0,3.0,2.0,1.0,2.0,2.0,3.0,3.0,2.0,3.0,3.0,2.0,3.0,1.0,3.0,2.0,2.0,3.0,3.0,2,2.0,2.0,3.0,3.0,2.0,3.0,2.0,3.0,3.0,3.0,3.0,3.0,3.0,3.0,3,2.0,2.0,3.0,3.0,3.0,3.0,2.0,2.0,1.0,3.0,2.0,3.0,2.0,2.0,3.0,2.0,2.0,3.0,3.0,3.0,3.0,3.0,3.0,1.0,3.0,2.0,3.0,2.0,3.0,1.0,2.0,3.0,2.0,3.0,2.0,2.0,2.0,2.0,3.0,3.0,2,2.0,2.0,3.0,3.0,3.0,2.0,2.0,3.0,3.0,2.0,3.0,3.0,2.0,3.0,3.0,3.0,3.0,3.0,3.0,3.0,3.0,2.0,3.0,3.0,3.0,3.0,2.0,2.0,3.0,3.0,3.0,3.0,3.0,3.0,3.0,2.0,3.0,1.0,3.0,2.0,3.0,3.0,3.0,3.0,0.0,3.0,3.0,3.0,3.0,2.0,3.0,2.0,3.0,2.0,3.0,3.0,3.0,2.0,2.0,2.0,3.0,2.0,3.0,1,3.0,2.0,2.0,3.0,2.0,,1.0,2.0,2.0,3.0,3.0,2.0,2.0,2.0,2.0,2.0,3.0,3.0,3.0,0.0,3.0,3.0,2.0,3.0,2.0,2.0,2.0,3.0,1.0,1.0,2.0,2.0,2.0,3.0,3.0,3.0,2.0,2.0,3,3.0,3.0,3.0,2.0,3.0,3.0,2.0,2.0,3.0,3.0,3.0,3.0,3.0,3.0,2.0,3.0,3.0,2.0,3.0,2.0,2.0,3.0,3.0,2.0,3.0,2.0,3.0,2.0,3.0,3.0,2.0,2.0,1.0,1.0,1.0,3.0,2.0,3.0,3.0,2.0,3.0,3.0,3.0,3.0,3.0,2.0,3.0,3.0,3.0,3.0,3.0,3.0,3.0,3.0,3.0,3.0,3.0,3.0,3.0,3.0,2.0,3.0,3.0,3.0,3.0,3.0,3.0,3.0,3.0,3.0,3.0,3.0,3.0,3.0,3.0,3.0,3.0,3.0,3.0,3.0,3.0,3.0,3.0,3.0,3.0,3.0,3.0,3.0,3.0,3.0,3.0,192,9,0.0735294117647058,1.1281846338295534,-0.43755596525607043
2.0,2,3,3.0,3.0,3.0,3.0,3.0,2.0,3.0,3.0,3.0,2,3.0,3.0,3.0,2.0,,3.0,3.0,3.0,3.0,3.0,3.0,3.0,3.0,3.0,3.0,3.0,1.0,3.0,2.0,3.0,3.0,3.0,3.0,3.0,3.0,0.0,3.0,3.0,3.0,3.0,2.0,3.0,3.0,3.0,3.0,2.0,2.0,3.0,3.0,3.0,3.0,3.0,3.0,3.0,3.0,3.0,3.0,3.0,3.0,3.0,3.0,0.0,3.0,2,3.0,3.0,3.0,3.0,3.0,2.0,2.0,3.0,3.0,3.0,3.0,3.0,3.0,3.0,3.0,3.0,3,3.0,3.0,3.0,3.0,3.0,3.0,3.0,3.0,2.0,3.0,3.0,2.0,3.0,3.0,3,3.0,3.0,3.0,3.0,3.0,3.0,3.0,3.0,3.0,3,3,3.0,3.0,3.0,3.0,3.0,3.0,3.0,3,3.0,3.0,3.0,3.0,3.0,3.0,3,3.0,3.0,3.0,3.0,3.0,3.0,3.0,1.0,3.0,3.0,3.0,3.0,3.0,3.0,3.0,3,3.0,3.0,3.0,3.0,3.0,3.0,2.0,3.0,3.0,3.0,1.0,3.0,3,3.0,2.0,3.0,3.0,3.0,3.0,3.0,2,3.0,3.0,3.0,3.0,3.0,3.0,3.0,3.0,3.0,3.0,2,3.0,0.0,1.0,2.0,3.0,2.0,3.0,3.0,3.0,3.0,3.0,3.0,3.0,3.0,2.0,3.0,1.0,3.0,2.0,3.0,2.0,2,3.0,2.0,3.0,3.0,3.0,3,3.0,0.0,3.0,3.0,3.0,3,3.0,2.0,2.0,3.0,3.0,3.0,2.0,3,3.0,2.0,3.0,3.0,3.0,3.0,3.0,3.0,3.0,3.0,2,2.0,3.0,2.0,3.0,3.0,3.0,3.0,3,3.0,2.0,3.0,3.0,3.0,2.0,3.0,2.0,1.0,2.0,3.0,3.0,3.0,3.0,3.0,2.0,3.0,2.0,3.0,3.0,3.0,3.0,3.0,3.0,3.0,3.0,3.0,3.0,3.0,3.0,2.0,3.0,3.0,2.0,3.0,3.0,3.0,3.0,3.0,3.0,3.0,1.0,3.0,3,3.0,3.0,2.0,1.0,2.0,3.0,1,3.0,3.0,3.0,3.0,3.0,3.0,3.0,3.0,3.0,3.0,3.0,3.0,3.0,1.0,3.0,3.0,3.0,3.0,3.0,3.0,3.0,3.0,3.0,3.0,3.0,2.0,2.0,3.0,3.0,3.0,3.0,3.0,3.0,3.0,2.0,3.0,3.0,2.0,3.0,3.0,3.0,2.0,3.0,3.0,3.0,3.0,3.0,3.0,3.0,3.0,3.0,3.0,3.0,3.0,3.0,3,3.0,3.0,3.0,2.0,3.0,2.0,3.0,3.0,3.0,3.0,3.0,3.0,3.0,3.0,2,3.0,3.0,3.0,2.0,3.0,,3.0,3.0,1.0,3.0,3.0,3.0,3.0,3.0,3.0,3.0,3.0,3.0,3.0,3.0,3.0,2.0,3.0,3.0,3.0,3.0,2.0,3.0,3.0,3.0,2.0,3.0,3.0,3.0,3.0,3.0,3.0,3.0,3.0,3.0,3,3.0,3.0,2.0,3.0,3.0,3.0,3.0,3.0,3.0,3.0,3.0,3.0,3.0,3.0,3.0,3.0,3.0,3.0,3.0,2.0,3.0,3.0,,3.0,3.0,3.0,3.0,3.0,3.0,3.0,3.0,3.0,,3.0,,2.0,3.0,3.0,3.0,3.0,3.0,3.0,3.0,3.0,3.0,1.0,3.0,3.0,3.0,3.0,3.0,3.0,3.0,3.0,3.0,3.0,3.0,3.0,3.0,3.0,3.0,1.0,3.0,3,3.0,3.0,3.0,3.0,3.0,,3.0,3.0,3.0,3.0,3.0,3.0,3.0,3.0,3.0,3.0,3.0,2.0,3.0,3.0,3.0,3.0,3.0,3.0,3.0,3.0,3.0,3.0,3.0,3.0,3.0,3.0,3.0,1.0,3.0,3.0,3.0,3.0,2,3.0,3.0,3.0,3.0,,,3.0,3.0,3.0,0.0,3.0,3.0,3.0,3.0,3.0,3.0,3.0,3.0,3.0,3.0,3.0,,3.0,1.0,1.0,3.0,3.0,3.0,,3.0,3.0,3.0,3.0,3.0,3.0,3.0,3.0,3.0,3.0,3.0,3.0,3.0,3.0,0.0,3.0,3.0,3.0,3.0,3.0,3.0,3.0,,3.0,2.0,3.0,1.0,3.0,3.0,3.0,3.0,3.0,3.0,3.0,3.0,3.0,3.0,3.0,3.0,,1.0,3.0,3.0,,3.0,3.0,3.0,3.0,3.0,3.0,3.0,,,2.0,3.0,3.0,3.0,,3.0,3.0,3.0,,193,9,0.0737240075614366,1.2990276306922115,-0.16412560248887476
2.0,3,2,3.0,2.0,3.0,2.0,3.0,3.0,3.0,3.0,3.0,2,3.0,3.0,3.0,3.0,3.0,2.0,2.0,3.0,1.0,2.0,3.0,3.0,2.0,3.0,2.0,3.0,3.0,3.0,3.0,3.0,2.0,3.0,2.0,3.0,3.0,2.0,2.0,3.0,3.0,2.0,3.0,3.0,1.0,2.0,1.0,3.0,2.0,2.0,3.0,2.0,3.0,3.0,3.0,3.0,3.0,3.0,3.0,3.0,3.0,2.0,3.0,3.0,2.0,2,2.0,3.0,3.0,3.0,3.0,2.0,1.0,0.0,2.0,2.0,3.0,3.0,3.0,3.0,3.0,3.0,0,3.0,3.0,3.0,3.0,2.0,3.0,3.0,3.0,2.0,2.0,2.0,2.0,3.0,3.0,2,2.0,3.0,2.0,3.0,3.0,2.0,1.0,3.0,3.0,2,3,3.0,3.0,2.0,3.0,2.0,3.0,3.0,3,3.0,2.0,3.0,3.0,3.0,0.0,3,3.0,3.0,3.0,3.0,3.0,2.0,3.0,2.0,2.0,3.0,3.0,2.0,3.0,3.0,3.0,2,3.0,1.0,3.0,3.0,2.0,2.0,2.0,3.0,3.0,3.0,3.0,3.0,3,3.0,2.0,2.0,3.0,3.0,3.0,3.0,3,3.0,3.0,3.0,2.0,3.0,3.0,3.0,2.0,2.0,2.0,3,3.0,3.0,3.0,2.0,3.0,3.0,3.0,3.0,2.0,2.0,3.0,2.0,3.0,3.0,3.0,3.0,3.0,3.0,2.0,3.0,3.0,3,2.0,3.0,3.0,3.0,3.0,3,3.0,3.0,3.0,3.0,2.0,2,3.0,3.0,3.0,3.0,3.0,3.0,3.0,2,1.0,3.0,3.0,3.0,2.0,3.0,3.0,3.0,2.0,3.0,2,3.0,2.0,3.0,3.0,2.0,3.0,2.0,2,1.0,3.0,3.0,2.0,3.0,2.0,3.0,2.0,3.0,3.0,3.0,3.0,3.0,3.0,3.0,3.0,3.0,3.0,3.0,3.0,3.0,3.0,3.0,3.0,3.0,3.0,3.0,2.0,3.0,3.0,0.0,2.0,3.0,3.0,3.0,3.0,3.0,3.0,3.0,3.0,3.0,3.0,3.0,2,3.0,3.0,3.0,3.0,2.0,3.0,2,3.0,3.0,2.0,2.0,2.0,3.0,3.0,3.0,3.0,3.0,3.0,3.0,3.0,2.0,3.0,3.0,3.0,3.0,3.0,3.0,3.0,3.0,3.0,3.0,3.0,3.0,3.0,3.0,3.0,2.0,3.0,3.0,2.0,3.0,3.0,3.0,3.0,3.0,3.0,3.0,3.0,2.0,3.0,3.0,2.0,2.0,3.0,3.0,3.0,3.0,3.0,3.0,2.0,3.0,3.0,2,2.0,2.0,3.0,2.0,3.0,3.0,3.0,3.0,3.0,3.0,3.0,3.0,3.0,2.0,3,2.0,3.0,3.0,3.0,3.0,3.0,3.0,3.0,2.0,3.0,2.0,3.0,3.0,3.0,3.0,1.0,3.0,3.0,3.0,3.0,3.0,3.0,3.0,2.0,3.0,3.0,3.0,3.0,3.0,3.0,3.0,3.0,3.0,3.0,3.0,3.0,3.0,3.0,2.0,2.0,2,3.0,3.0,2.0,2.0,1.0,2.0,2.0,3.0,2.0,2.0,3.0,2.0,2.0,3.0,3.0,2.0,3.0,3.0,3.0,3.0,2.0,3.0,3.0,2.0,3.0,3.0,3.0,3.0,3.0,3.0,2.0,3.0,3.0,3.0,3.0,2.0,3.0,3.0,1.0,3.0,3.0,3.0,3.0,3.0,3.0,,3.0,3.0,3.0,3.0,3.0,3.0,3.0,2.0,3.0,1.0,3.0,2.0,3.0,2.0,3.0,2.0,3.0,2,3.0,3.0,3.0,2.0,3.0,,2.0,3.0,3.0,3.0,3.0,2.0,3.0,3.0,3.0,3.0,2.0,2.0,2.0,3.0,3.0,3.0,3.0,1.0,3.0,3.0,3.0,3.0,3.0,3.0,3.0,1.0,3.0,3.0,3.0,3.0,3.0,3.0,3,3.0,3.0,3.0,3.0,3.0,,3.0,3.0,3.0,3.0,3.0,3.0,3.0,1.0,2.0,1.0,1.0,2.0,2.0,2.0,2.0,3.0,2.0,3.0,1.0,2.0,3.0,2.0,3.0,3.0,3.0,3.0,3.0,3.0,3.0,3.0,3.0,3.0,3.0,3.0,3.0,2.0,3.0,3.0,3.0,3.0,3.0,3.0,3.0,3.0,3.0,2.0,3.0,0.0,,3.0,3.0,3.0,3.0,1.0,3.0,3.0,3.0,1.0,3.0,3.0,3.0,1.0,3.0,,2.0,3.0,3.0,3.0,3.0,3.0,3.0,2.0,3.0,3.0,3.0,,3.0,3.0,3.0,2.0,3.0,0.0,3.0,3.0,,194,9,0.0683918669131238,1.173664354387246,-0.3423272868743332
3.0,3,3,3.0,3.0,3.0,2.0,3.0,3.0,3.0,3.0,3.0,2,2.0,3.0,3.0,3.0,,3.0,3.0,3.0,3.0,3.0,3.0,3.0,3.0,3.0,3.0,3.0,3.0,3.0,3.0,2.0,3.0,3.0,3.0,3.0,3.0,1.0,3.0,3.0,3.0,3.0,3.0,3.0,3.0,3.0,3.0,3.0,3.0,3.0,3.0,3.0,3.0,3.0,3.0,3.0,3.0,3.0,3.0,3.0,3.0,2.0,1.0,3.0,3.0,3,3.0,3.0,3.0,3.0,3.0,2.0,3.0,3.0,3.0,3.0,3.0,3.0,3.0,3.0,2.0,3.0,3,3.0,3.0,2.0,3.0,3.0,,3.0,3.0,3.0,2.0,3.0,2.0,3.0,3.0,2,3.0,3.0,3.0,3.0,3.0,3.0,3.0,,3.0,2,3,3.0,3.0,3.0,3.0,3.0,3.0,3.0,3,3.0,2.0,3.0,3.0,3.0,3.0,3,3.0,0.0,3.0,3.0,3.0,3.0,3.0,3.0,3.0,3.0,3.0,3.0,3.0,3.0,,2,3.0,3.0,3.0,3.0,3.0,3.0,3.0,3.0,3.0,3.0,3.0,3.0,2,3.0,3.0,2.0,3.0,3.0,3.0,3.0,3,3.0,3.0,3.0,3.0,3.0,3.0,3.0,3.0,3.0,3.0,3,3.0,3.0,3.0,3.0,3.0,3.0,3.0,3.0,1.0,3.0,3.0,2.0,3.0,3.0,3.0,3.0,3.0,3.0,3.0,2.0,2.0,2,3.0,0.0,3.0,3.0,3.0,3,,2.0,3.0,3.0,3.0,3,3.0,3.0,2.0,3.0,3.0,3.0,2.0,3,3.0,3.0,3.0,3.0,2.0,2.0,3.0,3.0,2.0,3.0,2,3.0,1.0,3.0,3.0,3.0,3.0,0.0,1,3.0,3.0,3.0,3.0,3.0,2.0,3.0,3.0,1.0,3.0,3.0,3.0,2.0,3.0,3.0,3.0,3.0,3.0,3.0,,,3.0,3.0,3.0,3.0,3.0,3.0,2.0,3.0,3.0,3.0,3.0,3.0,3.0,3.0,3.0,3.0,3.0,,3.0,3.0,3.0,3.0,2,,3.0,3.0,3.0,3.0,3.0,3,3.0,3.0,3.0,3.0,3.0,3.0,3.0,3.0,,3.0,3.0,3.0,3.0,3.0,,3.0,3.0,3.0,3.0,2.0,3.0,3.0,3.0,3.0,3.0,3.0,3.0,3.0,3.0,3.0,3.0,2.0,3.0,3.0,2.0,1.0,3.0,3.0,3.0,3.0,2.0,3.0,3.0,3.0,2.0,3.0,3.0,3.0,3.0,3.0,3.0,3.0,1.0,3.0,3.0,3,2.0,3.0,3.0,3.0,3.0,3.0,3.0,3.0,,3.0,3.0,3.0,2.0,2.0,3,3.0,2.0,,3.0,3.0,,3.0,3.0,3.0,3.0,3.0,3.0,3.0,3.0,3.0,2.0,3.0,3.0,3.0,3.0,3.0,3.0,3.0,2.0,3.0,3.0,3.0,3.0,3.0,3.0,3.0,3.0,1.0,3.0,3.0,3.0,3.0,3.0,1.0,3.0,3,3.0,3.0,0.0,3.0,3.0,3.0,2.0,1.0,3.0,3.0,3.0,3.0,2.0,3.0,3.0,3.0,3.0,3.0,3.0,3.0,3.0,3.0,3.0,3.0,3.0,3.0,3.0,3.0,3.0,3.0,3.0,3.0,3.0,3.0,,3.0,3.0,3.0,1.0,3.0,,3.0,3.0,3.0,1.0,,3.0,3.0,3.0,3.0,3.0,3.0,3.0,1.0,3.0,3.0,3.0,3.0,3.0,3.0,3.0,3.0,3.0,3,3.0,3.0,1.0,2.0,3.0,2.0,3.0,2.0,3.0,3.0,3.0,2.0,3.0,3.0,3.0,3.0,3.0,3.0,3.0,3.0,3.0,3.0,3.0,3.0,3.0,3.0,3.0,,3.0,3.0,3.0,3.0,3.0,3.0,2.0,3.0,2.0,3.0,2,3.0,3.0,3.0,3.0,3.0,,3.0,3.0,3.0,3.0,3.0,3.0,3.0,3.0,3.0,3.0,3.0,3.0,3.0,3.0,3.0,,3.0,3.0,3.0,3.0,3.0,3.0,3.0,0.0,2.0,3.0,2.0,3.0,3.0,3.0,3.0,3.0,3.0,3.0,3.0,3.0,3.0,0.0,3.0,2.0,3.0,3.0,3.0,2.0,3.0,,3.0,3.0,,3.0,,3.0,3.0,3.0,3.0,3.0,3.0,,3.0,,3.0,3.0,,,3.0,,3.0,3.0,3.0,3.0,3.0,3.0,3.0,3.0,,,3.0,3.0,3.0,3.0,3.0,3.0,3.0,3.0,,195,9,0.0492424242424242,1.3064451158106747,-0.29543502046278924
3.0,2,2,2.0,3.0,2.0,2.0,3.0,2.0,1.0,3.0,3.0,2,2.0,3.0,2.0,2.0,0.0,3.0,3.0,3.0,3.0,2.0,3.0,3.0,3.0,3.0,3.0,3.0,3.0,3.0,3.0,2.0,2.0,3.0,3.0,3.0,3.0,3.0,2.0,3.0,2.0,1.0,2.0,2.0,2.0,2.0,3.0,2.0,3.0,2.0,3.0,3.0,3.0,3.0,3.0,2.0,3.0,2.0,3.0,2.0,3.0,2.0,3.0,3.0,2.0,2,3.0,3.0,3.0,3.0,3.0,1.0,3.0,2.0,3.0,3.0,3.0,2.0,3.0,3.0,3.0,3.0,2,2.0,3.0,1.0,2.0,3.0,3.0,2.0,3.0,2.0,2.0,3.0,3.0,3.0,3.0,2,2.0,3.0,3.0,2.0,2.0,3.0,3.0,3.0,3.0,2,3,2.0,3.0,2.0,3.0,3.0,3.0,2.0,2,3.0,3.0,3.0,2.0,3.0,3.0,2,3.0,3.0,2.0,3.0,3.0,3.0,3.0,3.0,3.0,2.0,3.0,2.0,3.0,3.0,3.0,2,2.0,2.0,3.0,3.0,3.0,3.0,3.0,3.0,0.0,3.0,3.0,3.0,2,3.0,3.0,3.0,2.0,3.0,3.0,3.0,2,3.0,2.0,3.0,3.0,3.0,3.0,3.0,3.0,2.0,3.0,2,3.0,3.0,2.0,2.0,3.0,3.0,3.0,3.0,2.0,3.0,3.0,3.0,3.0,3.0,3.0,3.0,3.0,3.0,0.0,3.0,3.0,2,2.0,3.0,3.0,2.0,3.0,1,2.0,2.0,2.0,3.0,1.0,2,3.0,3.0,3.0,3.0,3.0,3.0,2.0,1,2.0,3.0,3.0,2.0,2.0,3.0,2.0,2.0,2.0,3.0,2,3.0,2.0,3.0,3.0,3.0,3.0,2.0,2,3.0,3.0,3.0,3.0,2.0,3.0,2.0,1.0,3.0,2.0,0.0,3.0,3.0,3.0,3.0,3.0,2.0,2.0,3.0,3.0,3.0,1.0,3.0,3.0,3.0,3.0,2.0,2.0,2.0,3.0,2.0,3.0,3.0,3.0,3.0,2.0,1.0,3.0,3.0,3.0,3.0,2.0,3.0,2,3.0,3.0,2.0,3.0,2.0,2.0,2,3.0,3.0,2.0,3.0,2.0,3.0,3.0,3.0,3.0,2.0,3.0,3.0,3.0,3.0,3.0,3.0,3.0,2.0,3.0,3.0,3.0,3.0,3.0,3.0,2.0,3.0,3.0,3.0,2.0,3.0,2.0,3.0,3.0,3.0,2.0,2.0,3.0,3.0,2.0,3.0,2.0,3.0,3.0,3.0,3.0,3.0,3.0,2.0,3.0,3.0,1.0,3.0,3.0,3.0,2.0,2,2.0,2.0,3.0,3.0,3.0,3.0,3.0,3.0,3.0,3.0,3.0,3.0,3.0,1.0,2,2.0,3.0,3.0,3.0,3.0,3.0,3.0,2.0,3.0,3.0,2.0,3.0,2.0,3.0,3.0,3.0,2.0,3.0,3.0,3.0,3.0,3.0,3.0,1.0,3.0,2.0,2.0,2.0,2.0,3.0,1.0,1.0,2.0,2.0,2.0,2.0,0.0,2.0,2.0,3.0,2,2.0,2.0,2.0,1.0,3.0,2.0,1.0,3.0,2.0,2.0,3.0,3.0,2.0,2.0,2.0,3.0,3.0,3.0,3.0,2.0,3.0,3.0,3.0,2.0,3.0,3.0,3.0,3.0,3.0,2.0,3.0,3.0,3.0,3.0,3.0,2.0,3.0,2.0,2.0,3.0,3.0,3.0,3.0,3.0,3.0,,3.0,3.0,3.0,2.0,3.0,3.0,3.0,2.0,2.0,2.0,3.0,3.0,1.0,1.0,2.0,2.0,3.0,1,3.0,3.0,3.0,2.0,3.0,,3.0,2.0,3.0,3.0,2.0,2.0,3.0,2.0,3.0,2.0,3.0,3.0,3.0,2.0,2.0,3.0,3.0,3.0,3.0,3.0,3.0,2.0,3.0,2.0,0.0,2.0,1.0,3.0,2.0,3.0,3.0,3.0,3,3.0,3.0,2.0,3.0,3.0,3.0,3.0,3.0,3.0,3.0,3.0,3.0,3.0,2.0,2.0,3.0,2.0,3.0,3.0,3.0,2.0,3.0,1.0,2.0,3.0,2.0,3.0,2.0,3.0,3.0,2.0,3.0,3.0,2.0,3.0,2.0,2.0,3.0,3.0,3.0,3.0,3.0,3.0,3.0,3.0,3.0,3.0,3.0,3.0,3.0,2.0,,3.0,3.0,3.0,2.0,3.0,3.0,2.0,2.0,3.0,3.0,3.0,3.0,3.0,3.0,2.0,3.0,3.0,3.0,3.0,3.0,3.0,3.0,3.0,3.0,3.0,3.0,3.0,2.0,3.0,3.0,3.0,3.0,3.0,3.0,3.0,3.0,3.0,3.0,,196,9,0.0660550458715596,1.1391766268260293,-0.44923162980639014
3.0,3,3,3.0,3.0,2.0,3.0,3.0,3.0,3.0,3.0,3.0,2,3.0,1.0,3.0,3.0,,3.0,3.0,3.0,3.0,3.0,3.0,2.0,3.0,3.0,0.0,3.0,3.0,3.0,2.0,3.0,3.0,3.0,3.0,3.0,3.0,3.0,3.0,2.0,3.0,3.0,1.0,3.0,3.0,2.0,3.0,3.0,3.0,3.0,3.0,3.0,3.0,3.0,0.0,3.0,2.0,2.0,3.0,3.0,3.0,3.0,2.0,3.0,3.0,2,3.0,3.0,3.0,3.0,3.0,3.0,3.0,3.0,2.0,3.0,2.0,2.0,3.0,3.0,3.0,3.0,2,3.0,3.0,3.0,3.0,2.0,3.0,3.0,3.0,2.0,2.0,3.0,2.0,3.0,3.0,3,3.0,3.0,3.0,2.0,3.0,3.0,3.0,3.0,2.0,3,3,3.0,3.0,3.0,3.0,3.0,3.0,3.0,3,3.0,0.0,3.0,2.0,3.0,3.0,3,3.0,3.0,3.0,3.0,2.0,3.0,3.0,3.0,3.0,3.0,3.0,3.0,3.0,2.0,3.0,3,3.0,2.0,3.0,3.0,2.0,3.0,3.0,3.0,2.0,3.0,2.0,1.0,3,3.0,3.0,2.0,3.0,3.0,3.0,3.0,2,3.0,3.0,3.0,3.0,3.0,3.0,3.0,2.0,3.0,2.0,2,3.0,3.0,3.0,2.0,3.0,3.0,1.0,3.0,2.0,3.0,3.0,1.0,3.0,3.0,3.0,3.0,1.0,3.0,2.0,3.0,3.0,2,3.0,3.0,3.0,3.0,3.0,3,3.0,3.0,3.0,3.0,3.0,3,3.0,3.0,3.0,3.0,3.0,3.0,2.0,2,3.0,3.0,3.0,2.0,3.0,3.0,3.0,3.0,3.0,3.0,2,2.0,2.0,1.0,3.0,3.0,2.0,3.0,2,2.0,3.0,3.0,3.0,3.0,3.0,3.0,3.0,3.0,3.0,3.0,1.0,3.0,0.0,3.0,3.0,3.0,3.0,3.0,3.0,3.0,3.0,3.0,3.0,3.0,3.0,3.0,3.0,3.0,3.0,2.0,2.0,3.0,3.0,3.0,3.0,3.0,3.0,3.0,1.0,3.0,3.0,3.0,2,3.0,3.0,2.0,3.0,3.0,3.0,3,3.0,3.0,3.0,3.0,3.0,3.0,3.0,3.0,3.0,3.0,3.0,3.0,3.0,3.0,3.0,3.0,3.0,3.0,3.0,3.0,3.0,3.0,3.0,3.0,1.0,3.0,3.0,3.0,2.0,3.0,2.0,3.0,3.0,3.0,3.0,3.0,3.0,3.0,3.0,3.0,2.0,3.0,3.0,3.0,2.0,3.0,3.0,3.0,3.0,3.0,3.0,3.0,2.0,3.0,2.0,2,3.0,2.0,3.0,2.0,3.0,3.0,3.0,3.0,3.0,3.0,3.0,3.0,3.0,2.0,3,2.0,3.0,,3.0,3.0,,3.0,3.0,3.0,3.0,2.0,1.0,3.0,3.0,3.0,2.0,3.0,3.0,3.0,3.0,3.0,3.0,2.0,3.0,3.0,3.0,3.0,3.0,3.0,2.0,3.0,3.0,3.0,2.0,2.0,2.0,3.0,3.0,2.0,3.0,3,3.0,3.0,3.0,0.0,3.0,3.0,3.0,3.0,3.0,3.0,3.0,3.0,3.0,3.0,1.0,3.0,3.0,3.0,3.0,3.0,3.0,3.0,3.0,2.0,3.0,1.0,3.0,3.0,3.0,3.0,3.0,2.0,,3.0,3.0,3.0,3.0,3.0,1.0,3.0,3.0,3.0,0.0,3.0,3.0,,3.0,2.0,3.0,3.0,3.0,3.0,3.0,3.0,3.0,2.0,3.0,3.0,3.0,3.0,3.0,3.0,3.0,3,3.0,3.0,3.0,3.0,3.0,,3.0,2.0,3.0,2.0,3.0,3.0,3.0,3.0,3.0,3.0,3.0,3.0,2.0,3.0,3.0,3.0,3.0,3.0,3.0,3.0,3.0,3.0,3.0,1.0,3.0,3.0,3.0,3.0,1.0,3.0,3.0,1.0,3,3.0,3.0,3.0,2.0,3.0,3.0,3.0,3.0,3.0,3.0,3.0,3.0,3.0,3.0,3.0,3.0,3.0,3.0,3.0,3.0,3.0,3.0,3.0,3.0,3.0,3.0,3.0,3.0,2.0,3.0,3.0,3.0,3.0,3.0,3.0,3.0,3.0,3.0,2.0,3.0,3.0,3.0,3.0,3.0,1.0,3.0,3.0,3.0,3.0,3.0,3.0,3.0,3.0,3.0,3.0,3.0,3.0,3.0,3.0,3.0,3.0,3.0,3.0,2.0,3.0,3.0,3.0,3.0,2.0,,1.0,3.0,3.0,3.0,3.0,3.0,3.0,3.0,2.0,3.0,,3.0,3.0,3.0,3.0,3.0,3.0,3.0,2.0,3.0,3.0,197,9,0.0645756457564575,1.2352986631635887,-0.2791984457462266
2.0,3,2,2.0,3.0,3.0,2.0,3.0,3.0,3.0,2.0,1.0,2,3.0,,3.0,3.0,,3.0,3.0,2.0,3.0,3.0,3.0,3.0,3.0,1.0,3.0,3.0,3.0,3.0,3.0,3.0,3.0,3.0,3.0,3.0,3.0,3.0,3.0,3.0,3.0,3.0,3.0,3.0,3.0,3.0,3.0,3.0,3.0,3.0,3.0,3.0,3.0,3.0,3.0,3.0,3.0,3.0,2.0,3.0,3.0,3.0,3.0,3.0,2.0,3,3.0,2.0,3.0,3.0,3.0,3.0,3.0,3.0,3.0,3.0,3.0,1.0,3.0,3.0,0.0,3.0,3,1.0,3.0,3.0,3.0,3.0,3.0,3.0,2.0,2.0,3.0,3.0,3.0,3.0,3.0,3,3.0,2.0,3.0,3.0,3.0,2.0,3.0,3.0,1.0,1,3,3.0,3.0,2.0,3.0,3.0,3.0,1.0,3,3.0,2.0,3.0,3.0,3.0,3.0,3,3.0,3.0,3.0,3.0,3.0,3.0,3.0,3.0,3.0,3.0,3.0,3.0,3.0,3.0,3.0,2,3.0,3.0,3.0,3.0,3.0,3.0,3.0,3.0,1.0,3.0,3.0,3.0,1,3.0,3.0,2.0,3.0,3.0,3.0,3.0,3,3.0,3.0,3.0,3.0,3.0,3.0,3.0,3.0,3.0,3.0,2,3.0,3.0,3.0,3.0,3.0,3.0,3.0,3.0,2.0,3.0,3.0,3.0,0.0,3.0,1.0,3.0,0.0,3.0,3.0,3.0,3.0,2,0.0,3.0,3.0,3.0,3.0,3,3.0,3.0,3.0,3.0,3.0,2,3.0,3.0,2.0,3.0,3.0,3.0,3.0,3,3.0,3.0,3.0,3.0,3.0,2.0,3.0,3.0,3.0,3.0,3,3.0,2.0,2.0,3.0,3.0,3.0,3.0,2,2.0,2.0,3.0,3.0,3.0,3.0,2.0,1.0,3.0,3.0,3.0,2.0,1.0,3.0,3.0,3.0,3.0,3.0,3.0,3.0,3.0,3.0,3.0,3.0,3.0,3.0,3.0,3.0,3.0,3.0,3.0,3.0,3.0,3.0,3.0,3.0,3.0,3.0,3.0,3.0,3.0,3.0,3.0,3,3.0,3.0,3.0,3.0,3.0,3.0,3,3.0,3.0,3.0,3.0,3.0,3.0,3.0,3.0,3.0,2.0,3.0,3.0,3.0,2.0,3.0,0.0,3.0,3.0,3.0,3.0,2.0,3.0,3.0,3.0,2.0,3.0,3.0,3.0,3.0,3.0,3.0,3.0,3.0,3.0,3.0,2.0,3.0,3.0,3.0,3.0,2.0,2.0,3.0,3.0,3.0,3.0,2.0,3.0,3.0,3.0,1.0,3.0,3.0,3.0,3.0,2,2.0,3.0,3.0,1.0,2.0,3.0,3.0,3.0,3.0,,3.0,3.0,3.0,3.0,2,3.0,3.0,3.0,2.0,3.0,,3.0,3.0,3.0,3.0,3.0,3.0,3.0,3.0,3.0,3.0,3.0,3.0,3.0,3.0,3.0,3.0,3.0,3.0,3.0,3.0,3.0,2.0,3.0,3.0,3.0,3.0,3.0,3.0,3.0,3.0,3.0,3.0,3.0,3.0,3,3.0,3.0,3.0,3.0,3.0,3.0,3.0,,3.0,3.0,3.0,3.0,3.0,2.0,3.0,3.0,3.0,3.0,3.0,3.0,3.0,3.0,3.0,3.0,3.0,3.0,3.0,3.0,3.0,2.0,3.0,3.0,2.0,2.0,,3.0,2.0,3.0,3.0,3.0,3.0,3.0,3.0,3.0,3.0,,3.0,3.0,3.0,3.0,3.0,3.0,2.0,3.0,3.0,3.0,1.0,2.0,3.0,2.0,3.0,3.0,3.0,2,3.0,3.0,3.0,3.0,3.0,,3.0,3.0,3.0,3.0,3.0,3.0,3.0,3.0,3.0,3.0,3.0,3.0,3.0,3.0,3.0,3.0,3.0,3.0,3.0,3.0,3.0,2.0,3.0,3.0,3.0,3.0,3.0,3.0,3.0,3.0,2.0,2.0,3,3.0,3.0,3.0,2.0,3.0,3.0,3.0,3.0,3.0,3.0,3.0,0.0,3.0,3.0,3.0,3.0,3.0,3.0,3.0,3.0,2.0,2.0,2.0,3.0,3.0,3.0,3.0,3.0,,3.0,3.0,3.0,3.0,3.0,3.0,3.0,3.0,3.0,3.0,3.0,3.0,3.0,3.0,3.0,3.0,3.0,3.0,3.0,3.0,3.0,3.0,,3.0,3.0,,3.0,3.0,3.0,3.0,3.0,3.0,2.0,3.0,3.0,3.0,,3.0,,3.0,3.0,3.0,3.0,,3.0,3.0,3.0,3.0,3.0,3.0,3.0,3.0,,3.0,2.0,3.0,3.0,1.0,3.0,2.0,3.0,,198,9,0.0879541108986615,1.2862029646522235,-0.1536727401810038
3.0,3,3,3.0,3.0,3.0,3.0,3.0,3.0,,3.0,3.0,3,3.0,,3.0,3.0,,3.0,3.0,,3.0,3.0,3.0,3.0,,3.0,,3.0,,3.0,3.0,3.0,1.0,3.0,3.0,,1.0,3.0,3.0,,3.0,3.0,3.0,3.0,2.0,3.0,,,3.0,3.0,,3.0,3.0,,3.0,2.0,3.0,3.0,3.0,3.0,,3.0,3.0,3.0,3.0,3,3.0,3.0,,0.0,2.0,3.0,,3.0,3.0,,3.0,3.0,3.0,,3.0,3.0,3,3.0,3.0,3.0,3.0,3.0,,3.0,3.0,3.0,3.0,3.0,3.0,,3.0,2,3.0,3.0,3.0,3.0,3.0,3.0,3.0,,,3,2,3.0,3.0,3.0,,,3.0,0.0,3,,3.0,3.0,3.0,3.0,3.0,3,3.0,1.0,,3.0,3.0,3.0,,2.0,3.0,,3.0,3.0,,,,3,3.0,3.0,,3.0,0.0,3.0,3.0,3.0,3.0,,3.0,3.0,3,,,3.0,,3.0,3.0,,1,3.0,3.0,,3.0,2.0,,3.0,,3.0,3.0,3,,,2.0,3.0,3.0,,,2.0,3.0,3.0,3.0,1.0,3.0,,,,,,,,3.0,3,,2.0,3.0,3.0,,3,,3.0,3.0,3.0,3.0,3,,,3.0,,,,3.0,3,2.0,3.0,,3.0,3.0,3.0,3.0,3.0,3.0,3.0,3,,2.0,3.0,3.0,3.0,,3.0,3,,,3.0,3.0,3.0,0.0,3.0,3.0,,,3.0,3.0,3.0,3.0,3.0,,,3.0,3.0,,,3.0,,,3.0,,,3.0,,3.0,3.0,3.0,3.0,3.0,,3.0,3.0,3.0,,3.0,,3.0,3.0,3,,,3.0,,,3.0,3,,,3.0,3.0,3.0,,3.0,3.0,,3.0,,3.0,3.0,,,3.0,,3.0,3.0,3.0,,3.0,,3.0,,,,3.0,3.0,,3.0,3.0,3.0,3.0,2.0,3.0,,,1.0,3.0,2.0,3.0,,3.0,3.0,2.0,3.0,2.0,,3.0,3.0,,2.0,,3.0,3,3.0,3.0,3.0,3.0,3.0,3.0,,3.0,3.0,,,,3.0,3.0,3,3.0,3.0,,3.0,,,3.0,3.0,,,3.0,3.0,3.0,3.0,3.0,3.0,3.0,,3.0,3.0,3.0,3.0,,3.0,,3.0,,3.0,3.0,3.0,3.0,3.0,3.0,,,3.0,3.0,3.0,3.0,3.0,2,3.0,3.0,3.0,3.0,3.0,3.0,3.0,,,3.0,,,3.0,3.0,,3.0,3.0,,3.0,,3.0,,,3.0,,3.0,3.0,3.0,3.0,3.0,3.0,,3.0,3.0,,3.0,,,3.0,,,3.0,,,,,3.0,,3.0,2.0,3.0,,,3.0,,3.0,,3.0,3.0,3.0,3.0,3.0,1.0,2,3.0,3.0,3.0,,1.0,,3.0,2.0,3.0,3.0,,3.0,3.0,0.0,3.0,,3.0,3.0,,1.0,0.0,,3.0,,3.0,,3.0,,,3.0,,3.0,3.0,3.0,3.0,,1.0,,3,3.0,,3.0,3.0,3.0,,,,,3.0,3.0,,3.0,3.0,,,3.0,3.0,3.0,,3.0,,3.0,1.0,,3.0,,,,3.0,3.0,,3.0,,,3.0,,3.0,3.0,3.0,,3.0,3.0,2.0,3.0,3.0,3.0,3.0,,1.0,3.0,,3.0,3.0,,,,3.0,,3.0,2.0,,,2.0,3.0,,,,3.0,,,,,,,,2.0,,,,,,,,,,,,,,,199,9,0.1081871345029239,1.5109283196239718,0.05586753521698488
