0,1,2,3,4,5,6,7,8,9,10,11,12,13,14,15,16,17,18,19,20,21,22,23,24,25,26,27,28,29,30,31,32,33,34,35,36,37,38,39,40,41,42,43,44,45,46,47,48,49,50,51,52,53,54,55,56,57,58,59,60,61,62,63,64,65,66,67,68,69,70,71,72,73,74,75,76,77,78,79,80,81,82,83,84,85,86,87,88,89,90,91,92,93,94,95,96,97,98,99,100,101,102,103,104,105,106,107,108,109,110,111,112,113,114,115,116,117,118,119,120,121,122,123,124,125,126,127,128,129,130,131,132,133,134,135,136,137,138,139,140,141,142,143,144,145,146,147,148,149,150,151,152,153,154,155,156,157,158,159,160,161,162,163,164,165,166,167,168,169,170,171,172,173,174,175,176,177,178,179,180,181,182,183,184,185,186,187,188,189,190,191,192,193,194,195,196,197,198,199,200,201,202,203,204,205,206,207,208,209,210,211,212,213,214,215,216,217,218,219,220,221,222,223,224,225,226,227,228,229,230,231,232,233,234,235,236,237,238,239,240,241,242,243,244,245,246,247,248,249,250,251,252,253,254,255,256,257,258,259,260,261,262,263,264,265,266,267,268,269,270,271,272,273,274,275,276,277,278,279,280,281,282,283,284,285,286,287,288,289,290,291,292,293,294,295,296,297,298,299,300,301,302,303,304,305,306,307,308,309,310,311,312,313,314,315,316,317,318,319,320,321,322,323,324,325,326,327,328,329,330,331,332,333,334,335,336,337,338,339,340,341,342,343,344,345,346,347,348,349,350,351,352,353,354,355,356,357,358,359,360,361,362,363,364,365,366,367,368,369,370,371,372,373,374,375,376,377,378,379,380,381,382,383,384,385,386,387,388,389,390,391,392,393,394,395,396,397,398,399,400,401,402,seed,complex_param,simple_infection_ratio,EPH,corr
3.0,2.0,3.0,3.0,3.0,3.0,3.0,3.0,3.0,3.0,2.0,3.0,3.0,3.0,3.0,3.0,3.0,,,3.0,2.0,,2.0,3.0,3.0,3.0,2.0,2.0,3.0,3.0,3.0,3.0,3.0,,3.0,3.0,,3.0,3.0,3.0,,3.0,3.0,,,3.0,3.0,3.0,3.0,,,3.0,3.0,,3.0,2.0,3.0,3.0,3.0,0.0,2.0,3.0,,,,3.0,,,3.0,,3.0,2.0,,3.0,3.0,3.0,3.0,,0.0,,2.0,3.0,3.0,3.0,3.0,3.0,3.0,3.0,3.0,2.0,,3.0,,3.0,,2.0,3.0,3.0,3.0,3.0,3.0,3.0,3.0,3.0,3.0,3.0,,,3.0,3.0,3.0,3.0,3.0,3.0,,2.0,3.0,3.0,3.0,,,3.0,,3.0,3.0,3.0,3.0,3.0,2.0,3.0,3.0,2.0,,,,3.0,3.0,,3.0,,3.0,1.0,3.0,3.0,3.0,,3.0,,3.0,,,,3.0,,3.0,,,3.0,,2.0,3.0,,3.0,3.0,,3.0,,,3.0,3.0,,,3.0,,3.0,,,3.0,,,3.0,1.0,,3.0,3.0,3.0,3.0,3.0,,3.0,2.0,3.0,3.0,3.0,3.0,3.0,3.0,3.0,3.0,0.0,3.0,3.0,3.0,3.0,,3.0,3.0,3.0,3.0,3.0,3.0,3.0,3.0,,2.0,3.0,1.0,,3.0,3.0,3.0,3.0,3.0,3.0,3.0,,,3.0,,,,3.0,3.0,,3.0,,,,,3.0,2.0,1.0,3.0,2.0,3.0,,,2.0,3.0,,,3.0,3.0,3.0,,,,3.0,3.0,3.0,3.0,,3.0,,3.0,3.0,3.0,3.0,,3.0,,3.0,3.0,3.0,3.0,,3.0,,,,3.0,3.0,,,3.0,3.0,3.0,3.0,,3.0,3.0,1.0,3.0,3.0,3.0,,3.0,,,3.0,3.0,,3.0,,3.0,3.0,,3.0,3.0,,3.0,,,3.0,,3.0,,,,3.0,2.0,,,3.0,3.0,,3.0,0.0,3.0,,3.0,3.0,3.0,3.0,3.0,,,3.0,,,3.0,3.0,3.0,3.0,3.0,3.0,,3.0,3.0,3.0,2.0,3.0,3.0,,3.0,3.0,3.0,2.0,,3.0,3.0,,3.0,3.0,3.0,3.0,2.0,,,3.0,3.0,3.0,3.0,3.0,,3.0,3.0,,,3.0,3.0,2.0,,,,,,,,,,,,3.0,,3.0,,,3.0,3.0,3.0,,,0,5,0.0597609561752988,1.3002237136465324,-0.2460958556928289
,3.0,,3.0,,,,,,,,,,,,,,,,,3.0,,,,,,,,,,,,,,,,,,,,,,,,,,,,,,,,,,,3.0,,,,,,,0.0,,,,,,,,,,,,,,,,,,,,,,,,3.0,1.0,3.0,,,,0.0,,,3.0,,,,,3.0,,3.0,,3.0,,,,,,,,,3.0,,3.0,3.0,3.0,,,,,,,,,,,,,,,1.0,,,,,,,,,3.0,,,,,,,,,,,,,,,,3.0,,,,,,,,,,,3.0,2.0,,,3.0,,,,,,,,,,,,,3.0,,3.0,,,3.0,,3.0,,,,,2.0,,,,,,,3.0,,,3.0,,,,,,,,3.0,,,3.0,,,3.0,,3.0,,,,,,,,,,,,,,,,,,,2.0,,,,,,,,,,,,,,,,,,3.0,,,,,,,,,,,1.0,,,,,,,,,,,,,,,3.0,,,,,3.0,,,,,,,,,,,,,,,,,,,,,,,,,,,,,,,3.0,,,,,,,,,,,1.0,,,,,,,,,,3.0,,2.0,,,,,,,,,,,,,,3.0,0.0,,,,3.0,,3.0,,,,,,,,0.0,3.0,,,,,,,,,,,,,,,,,,,,,,,,,,,,1,5,0.4516129032258064,2.020304568527919,0.3001122685777876
,3.0,,3.0,2.0,3.0,3.0,3.0,3.0,3.0,2.0,3.0,3.0,3.0,,3.0,3.0,,,3.0,0.0,,,,3.0,,3.0,3.0,3.0,3.0,3.0,3.0,3.0,,3.0,3.0,3.0,,3.0,,,,,,,,3.0,,3.0,,,,3.0,,,0.0,3.0,3.0,,3.0,3.0,3.0,3.0,,,,,,3.0,,3.0,3.0,,,,3.0,,,,3.0,2.0,,3.0,,,3.0,3.0,3.0,,,,3.0,,,,2.0,3.0,,3.0,,0.0,2.0,2.0,3.0,3.0,2.0,,,3.0,,3.0,,3.0,3.0,,3.0,3.0,3.0,3.0,,,,,,3.0,3.0,3.0,,,1.0,,3.0,,3.0,,3.0,,,3.0,,,3.0,,1.0,3.0,,3.0,,,,,,3.0,,,,,,,2.0,,,3.0,3.0,,3.0,,,3.0,,,,3.0,,,,,,,3.0,,3.0,,,3.0,3.0,3.0,,,,3.0,3.0,3.0,3.0,,3.0,3.0,3.0,,2.0,0.0,3.0,3.0,,,,3.0,3.0,3.0,,,3.0,,,3.0,,3.0,2.0,3.0,3.0,,3.0,3.0,3.0,3.0,,,,3.0,,,3.0,3.0,,,,,,,3.0,,,,3.0,3.0,,,2.0,3.0,,,1.0,3.0,1.0,,,,,,3.0,3.0,,3.0,,,3.0,,,2.0,2.0,3.0,2.0,,,,,,,,,,,,,,,3.0,3.0,,,3.0,3.0,3.0,3.0,,,,,,3.0,,,,,,3.0,,3.0,3.0,,,,,3.0,,3.0,3.0,,,,3.0,,,,,,3.0,,3.0,,,3.0,,,,,3.0,,,,,3.0,3.0,3.0,3.0,3.0,,3.0,,,3.0,3.0,,,,3.0,,3.0,,3.0,3.0,,3.0,3.0,3.0,,3.0,,,3.0,,,3.0,,,3.0,3.0,,,3.0,3.0,1.0,,,,,,3.0,,,,,,,,,,,,,,,,2,5,0.0961538461538461,1.536094674556213,-0.04635452532776245
,3.0,3.0,,3.0,,,,,,,3.0,,,3.0,,,,,,2.0,,,,,,,3.0,,,,,,,,,,,3.0,,,,,,,,,,,,,,3.0,,3.0,3.0,,,,,3.0,,,,,,,,,,3.0,,,,,3.0,,,,,2.0,,3.0,,,3.0,,3.0,,,,,,,,3.0,3.0,,3.0,,,,,,,0.0,,1.0,,,3.0,,,,,3.0,,,,,,,,,3.0,,,,,,,3.0,,,3.0,,,,2.0,,,,,3.0,,,,,,,,,3.0,,,,,,,3.0,,,,,,,,,,,,,,,,,,,,,3.0,,,,3.0,,3.0,,,,3.0,,,,,,,,,,,,,,,3.0,,,,0.0,,,,,1.0,,,,3.0,,,1.0,,3.0,,,,3.0,,,,,,,,,,,,0.0,,,,,,,,,,,,,,3.0,,,,,,,,,3.0,,,3.0,,,,3.0,,,,3.0,,,,,,,,,,,,,,,,3.0,,2.0,,,,,0.0,,,3.0,,,3.0,,,,,,,,,,,,,,,,,,,,,,,,,,3.0,,,,,,,,,,,,,,,3.0,,,,,,,,,,,,,,,,,,,3.0,3.0,3.0,,,,,,,,,,,3.0,,,,,,,,,,,,,,,,,,,,,,,,3.0,,,,3,5,0.2954545454545454,2.21875,0.08707319253436602
,,3.0,3.0,3.0,3.0,0.0,3.0,3.0,,3.0,3.0,,3.0,3.0,,1.0,3.0,,,3.0,,,,,3.0,3.0,,,,,3.0,,,3.0,3.0,,,,,,,,,,,2.0,,,,,,3.0,,,,,,,3.0,,0.0,,,,,,,,,3.0,3.0,,,,,,,,,3.0,,3.0,3.0,,1.0,,3.0,,,,2.0,,,,3.0,,3.0,,,,,3.0,,3.0,,,,,,,3.0,,3.0,,,,,,,,,,,3.0,2.0,3.0,,,,,3.0,,,,,,,3.0,,3.0,3.0,,,3.0,,,,,,,,,,,,,,,,,,,,,3.0,,,3.0,,,,3.0,,,,,,,,,,,,0.0,,3.0,,,,3.0,3.0,,,,3.0,,3.0,,3.0,,,,,,,,,,,,2.0,3.0,,3.0,,,,3.0,,,,,3.0,,,,,,,,3.0,,2.0,,2.0,,,,,,,,3.0,3.0,,,3.0,,,,,,2.0,,,,,,3.0,3.0,,1.0,,,,,,,,,,,,3.0,,,,,,,,,,,,,,,3.0,,3.0,,,,,,,,3.0,,,,,,2.0,,,,,,,0.0,,,,,,,,,,,,3.0,,,,3.0,,,3.0,2.0,,,,,,,,,,,,,,,3.0,,,,,,,,3.0,,3.0,,,3.0,,,,,,,,,,,,,,,,,,,,,,,,,,,,,,,,,,,,,,,3.0,,,,4,5,0.265625,1.6330532212885154,0.2657416254258527
3.0,3.0,3.0,2.0,3.0,3.0,3.0,3.0,3.0,3.0,3.0,3.0,,3.0,,3.0,3.0,,,2.0,3.0,3.0,3.0,,3.0,3.0,3.0,3.0,3.0,3.0,3.0,2.0,3.0,,3.0,3.0,,3.0,3.0,3.0,3.0,3.0,3.0,3.0,,3.0,3.0,3.0,3.0,3.0,,3.0,0.0,,3.0,3.0,3.0,3.0,3.0,3.0,3.0,3.0,,3.0,,,,,3.0,,3.0,0.0,,,3.0,3.0,3.0,3.0,3.0,3.0,3.0,2.0,3.0,3.0,3.0,3.0,3.0,2.0,,3.0,,2.0,,3.0,,3.0,3.0,3.0,3.0,3.0,3.0,3.0,3.0,,2.0,2.0,,,3.0,3.0,3.0,3.0,3.0,3.0,,3.0,3.0,2.0,3.0,3.0,,,3.0,0.0,2.0,3.0,3.0,3.0,,,3.0,3.0,,,,3.0,,,3.0,,3.0,3.0,,3.0,,3.0,3.0,,3.0,,,1.0,3.0,,3.0,3.0,,3.0,3.0,3.0,3.0,3.0,3.0,3.0,,,,,3.0,3.0,,,3.0,3.0,,,3.0,1.0,,3.0,3.0,3.0,,3.0,3.0,3.0,3.0,2.0,,,2.0,3.0,3.0,1.0,3.0,3.0,3.0,2.0,,3.0,,3.0,3.0,3.0,,3.0,3.0,3.0,3.0,,,,,,3.0,3.0,,3.0,1.0,3.0,3.0,,2.0,3.0,,,,3.0,,,,3.0,3.0,3.0,3.0,3.0,,,,3.0,3.0,3.0,3.0,2.0,3.0,,3.0,3.0,,,,,,3.0,,,,3.0,3.0,2.0,2.0,,3.0,,3.0,3.0,3.0,3.0,3.0,3.0,,3.0,3.0,3.0,,3.0,3.0,,,,3.0,3.0,0.0,1.0,2.0,3.0,3.0,3.0,3.0,3.0,3.0,2.0,2.0,3.0,,3.0,3.0,,,3.0,,3.0,3.0,,3.0,3.0,,1.0,3.0,,3.0,3.0,,3.0,,3.0,3.0,3.0,,,,,3.0,3.0,3.0,1.0,3.0,,3.0,,3.0,3.0,3.0,1.0,3.0,,,,3.0,,3.0,,,3.0,3.0,3.0,,,,,3.0,3.0,,3.0,,3.0,3.0,2.0,,3.0,3.0,,3.0,2.0,3.0,,3.0,,,3.0,3.0,3.0,3.0,3.0,3.0,3.0,3.0,,,3.0,3.0,,,,,,,3.0,3.0,,,,,3.0,,3.0,,,3.0,3.0,,,,5,5,0.0658436213991769,1.380329457364341,-0.2060902677732042
,,,,,,,,3.0,,,,,0.0,,,,,,,,,3.0,,,,2.0,,,,,,,,,,,,,,,,,,,,,,,,,3.0,,0.0,,,,,,,,0.0,,,,,,,,,,3.0,,,,,2.0,,,,,,,,,,,,,,,3.0,,,,,,,,,,,,,3.0,,,,,,,,,,,,,,,,,,,,,,,,,,,,,,,,,,,,,,,,,,,,,,,,,,,,,,,,,,,,,,,,,,,3.0,,,,,,,,,,,,,,,,,,,,,,,3.0,,,,,,,,,,,,,,,,,,,,,,,,,,,,,,,,,,,,,,3.0,,,,,,,,,,,,,,,,,,,,,,,,,,,,,,,,,,,,,,,,,,,,,,,,,,0.0,,2.0,,,,,,,,,,,,,,,,,,,,,,,,,,,,,,,,,,,,,,,3.0,,,,,,,,2.0,,,,,,,,,,,,,,,,,,,,,,,,,,,,,,,,,,,,,,,,,,,,,,,,,,,,,,,,,,,,,,,,,,,,,,,,6,5,1.0,1.9722222222222223,0.1366001736383103
3.0,,,,,,2.0,,,3.0,,,,,,,,,1.0,,,,,,,3.0,,,,,,,,2.0,,,,,3.0,,,,,,,,,,,,,,3.0,,,,,1.0,,,3.0,3.0,,2.0,,2.0,,,,,,,,,,,,,,,0.0,,3.0,,,,,3.0,,,,,,,,3.0,3.0,,0.0,,,,,,,,,3.0,,,,,3.0,,,3.0,3.0,,3.0,,,,,,,,,,,,,,,,,,,,,,,3.0,,,,,,,,,,,3.0,,,,,,,,,,,,,,,,3.0,,,3.0,,,,,,,,,,3.0,,,,,3.0,,0.0,,3.0,,,,,,,3.0,,,,,,,,1.0,,,,,,,,,,,,,,,,,3.0,,,,,0.0,,,,,,,3.0,,,,,3.0,,,,,,,,,,,,,,,,,,,,,3.0,,,,,,,,,,,,,,,,,,1.0,,,,,,,,,3.0,,,,,,,,,,,,,,,,,,,,,,,,,,,,,,,,,,,,,,,,,,,,,,,,,,,,,,,,,,,,,,,,,,,,2.0,,,,,,,,,,,,,,,,,,,,,,,,,,,,,,,,,,,,,,,,,,,,,,,,7,5,0.8095238095238095,1.851063829787234,0.3732696033449906
3.0,3.0,3.0,3.0,3.0,,,,,3.0,,3.0,3.0,3.0,,,,,,,3.0,3.0,3.0,,,,2.0,,3.0,3.0,3.0,3.0,,,3.0,3.0,,,,,,,2.0,3.0,,3.0,3.0,,3.0,,,,3.0,,3.0,3.0,,3.0,3.0,0.0,3.0,3.0,3.0,3.0,,,,3.0,3.0,,3.0,2.0,,,3.0,3.0,,,,,2.0,3.0,3.0,,,3.0,3.0,3.0,3.0,3.0,,2.0,,3.0,,3.0,3.0,0.0,,,,,3.0,3.0,3.0,3.0,,,3.0,,2.0,,,3.0,,3.0,,,,,,,,3.0,3.0,,3.0,,,,,3.0,,,,3.0,,,3.0,,,3.0,,3.0,3.0,,3.0,,1.0,,1.0,,3.0,,3.0,,,,,3.0,,,,3.0,,,,,3.0,,3.0,,3.0,3.0,,,,,,,3.0,,,1.0,3.0,,3.0,,,,3.0,3.0,2.0,3.0,3.0,3.0,,2.0,,3.0,,,3.0,,,3.0,3.0,,3.0,,0.0,3.0,,,3.0,3.0,,,3.0,,,,3.0,3.0,,,,,,,,,3.0,,3.0,,,,,3.0,,,,,,,,3.0,,,,3.0,3.0,,,,,,,,,,3.0,,,,3.0,3.0,3.0,,,,,,,,3.0,,,,,,3.0,,,,3.0,3.0,,3.0,3.0,2.0,3.0,,2.0,,3.0,,,3.0,,,3.0,,3.0,3.0,0.0,,3.0,,,,,1.0,,,,,,,3.0,,,3.0,3.0,,,,3.0,,1.0,3.0,,,,,,,,,,,,3.0,3.0,3.0,,,,,3.0,,3.0,,,3.0,,3.0,,3.0,3.0,3.0,,1.0,,3.0,3.0,,,3.0,,3.0,3.0,,,,,,,3.0,3.0,,,,,,,,,,,,,3.0,,,,,3.0,3.0,,,,8,5,0.1240875912408759,1.5994397759103642,0.01599767662560148
,,,,,,,,,,,,,,,,2.0,0.0,,,,,,3.0,,,,,,,,,0.0,,,3.0,,,,,,,,,,2.0,3.0,,,,,2.0,,,,,,0.0,,,,,,,,,,,,,3.0,3.0,,,,,,,,,,,,,,,,,,,,3.0,,,,,,,,,2.0,,,,,,,,,,,,,3.0,,,,,,,,,,,,,,,,,,,,,,,,,,,,,,,,,,,,,,,,,,,,,,,,,,,,,,,,3.0,,,,,,,,,,,,,,,,,,1.0,,,3.0,,,,,,,3.0,,,,,,,,,,,,,,,,,,,,,,,,,3.0,,,,,,,,,,,,,,,,,,,,,,,,,,,,,,,,,,,,,,,,,,,,,,,,,,,,,,,,,,,,,,,,3.0,,,,,3.0,3.0,,,,,,0.0,,,,,,2.0,,,,,,,,,,,,,,,,,,,,,,,,,,,3.0,,,,,,,,,,,,,,,,,,,,,,,,,,,,,,,,,,,2.0,,,,,,,,2.0,,,,,,,,,,,,,,,,,,,,,,,,,,,,,9,5,1.3,1.864864864864865,0.5560135418230402
3.0,3.0,2.0,2.0,3.0,,3.0,3.0,3.0,3.0,3.0,,3.0,3.0,,,3.0,,,3.0,1.0,,3.0,3.0,3.0,,3.0,3.0,3.0,3.0,3.0,3.0,3.0,,3.0,3.0,3.0,3.0,3.0,,,3.0,,3.0,,3.0,3.0,,3.0,,,2.0,3.0,,3.0,3.0,3.0,3.0,3.0,2.0,3.0,2.0,,3.0,,,,3.0,3.0,,3.0,3.0,,3.0,3.0,3.0,3.0,,,,2.0,3.0,3.0,,,2.0,3.0,3.0,3.0,3.0,,3.0,,3.0,,3.0,3.0,,3.0,3.0,3.0,3.0,3.0,3.0,3.0,3.0,,3.0,3.0,3.0,3.0,0.0,3.0,3.0,3.0,2.0,3.0,3.0,,3.0,,,3.0,3.0,1.0,3.0,3.0,3.0,,,3.0,3.0,,,,2.0,3.0,,2.0,,3.0,3.0,,1.0,,3.0,3.0,,3.0,,2.0,,3.0,,3.0,,,,,3.0,,,,3.0,,,,,3.0,,,,3.0,,,,,,,,3.0,3.0,,2.0,3.0,3.0,3.0,3.0,3.0,,2.0,3.0,3.0,3.0,3.0,3.0,,3.0,,3.0,3.0,3.0,3.0,3.0,,,,3.0,3.0,,0.0,3.0,3.0,,3.0,3.0,,,2.0,3.0,3.0,3.0,3.0,2.0,3.0,,,3.0,,,,3.0,3.0,3.0,3.0,3.0,,,,3.0,3.0,,3.0,3.0,3.0,,,3.0,,,,,3.0,3.0,,,,3.0,3.0,3.0,3.0,,3.0,,2.0,3.0,1.0,,3.0,3.0,0.0,3.0,,,3.0,3.0,3.0,,,,,,,,3.0,,,3.0,,3.0,3.0,0.0,3.0,,3.0,,3.0,,,2.0,,3.0,3.0,,,3.0,3.0,,3.0,,3.0,,,3.0,,3.0,3.0,,3.0,,3.0,,3.0,2.0,3.0,,,,3.0,,,3.0,,3.0,,,,,,,3.0,3.0,3.0,3.0,3.0,,,,3.0,3.0,3.0,3.0,3.0,,3.0,3.0,3.0,3.0,,3.0,3.0,,3.0,2.0,3.0,3.0,3.0,,,3.0,3.0,3.0,3.0,1.0,3.0,2.0,,,,3.0,2.0,,,,,,1.0,,3.0,,,,,,,,,,3.0,3.0,,,,10,5,0.0751173708920187,1.3405405405405406,-0.12055780381451138
,,,3.0,,,,,,,,,,3.0,,,,,,,3.0,,3.0,,,,,,,,,,,,,,,2.0,,,,,,,,,,,3.0,,,,3.0,,3.0,,,,,,0.0,,,,,,,,,,,3.0,,,,3.0,,,,,3.0,,3.0,,,2.0,,3.0,,,,,,,,3.0,2.0,,,,,,3.0,,3.0,3.0,,,,,,,,,,3.0,,,,,,,,,3.0,,,,,,,3.0,,,,,,,3.0,,,3.0,,,,,,,,,,,3.0,,,,,,,3.0,,,,,0.0,,,,,,,,3.0,,,,,,,,,,,,,,,,,,,3.0,3.0,,,,,2.0,,3.0,,3.0,,,,0.0,3.0,2.0,,,,,,,,,,,3.0,,,,,3.0,,,,2.0,,,,,,,,,,,,3.0,,,,,,,,3.0,,,,,,,,,,,3.0,,,,,,,,,,,,,,3.0,,,,,,,,,,,,,,,,,,,3.0,2.0,,,,,,,,,,0.0,,,,,,,,,,,,,,,,,,,,,,3.0,,,,,,,3.0,,,,,,,,,,,,1.0,,3.0,,,,,,,,,,3.0,,3.0,,3.0,,,,3.0,,,3.0,,,,,,,,,,,,,,,,,,,,,,,,,,,,,,,,,,,,,11,5,0.1555555555555555,1.790513833992095,0.29913926778264144
2.0,0.0,,,1.0,,3.0,,,,,,,,,,,,,,,,,,,,3.0,,,3.0,,,,,,,,,,0.0,,,,3.0,,,,,,,,,,,,,,,,,,,,,,,,,,,3.0,,,,,,,,,,3.0,,1.0,,,,,,,,,3.0,,,,,,,,,,,,,3.0,,,,,3.0,,,,3.0,,,,,,,,,,,,,,,,,,3.0,,,,,,,,,,3.0,,,,,,,,0.0,,,,,,,,,,3.0,,,,3.0,,,,,,,,,3.0,,,,,,,2.0,,,,,,,,,,,,,2.0,,,3.0,,3.0,,3.0,,,,,,,,,,,,,,,3.0,,,,,,,,,,,,,,,,,,3.0,,,,,,,,,,,,,,,3.0,,,,,,,,,,,,,3.0,,,,,,3.0,,,,,,,,,,,,,,,,,,2.0,,,3.0,,,,,,,,,,,,,,,,,,,,,,,,,,,,,,,,,,,,,,,,,,,,,,,,,,,,,,,,,,,,1.0,,,,,,,,,,,,,,,,,,,,,,,,,,,,,,,,,,0.0,,,,,,,,,,,,,,,,,,,,,,12,5,0.7222222222222222,1.9514563106796117,0.3737418386032201
,,,,,,,,,,,,,,,,,,,,,,,,,,,,,,,,,,,,,,,,,,,,,,,,,,,,,,,,,,,,,3.0,,,,,0.0,,,,,,,,,3.0,,,,,,,,,,,,,,,,,,,,,,,,,,,,,,,,,,,,,,2.0,,,,,,,,,,,,,,,,,,,,,,,,,,,,,,,,,,,,,,,,,,,,,,3.0,,,,,2.0,,,,,0.0,,1.0,,,,,,,,,,,,,,,,,3.0,,,,,,,,,3.0,,,,,,,,,,,,,,,,,,,,,,,,,,,,,,,,,,,,,0.0,,,,,,,,,,,,,,,,,,,,,,,,,,,,,,,,,,,,0.0,,,,,,1.0,,,,,,,,,,,,,,,,,,,,,,,,,,,,,,,,,,,,,,,,,,,,,,,,,,,,,,,,,,,,,,,,,,2.0,,,,,,,,,,,,,,,,,,,,,,,,,,,,,,,,,,,,,,,,,,,,,,,,,,,,,,,,,,,,,13,5,4.0,2.411764705882353,0.6267873448941983
3.0,3.0,3.0,3.0,2.0,3.0,3.0,3.0,3.0,3.0,3.0,3.0,3.0,3.0,,3.0,3.0,,,3.0,2.0,,3.0,3.0,3.0,3.0,3.0,3.0,3.0,3.0,3.0,1.0,3.0,3.0,3.0,3.0,,2.0,3.0,3.0,,3.0,3.0,3.0,,2.0,3.0,3.0,3.0,3.0,,3.0,2.0,,3.0,3.0,3.0,3.0,3.0,3.0,0.0,2.0,3.0,3.0,,3.0,,3.0,3.0,,2.0,3.0,,3.0,3.0,3.0,3.0,,3.0,,2.0,3.0,2.0,3.0,3.0,2.0,3.0,1.0,3.0,3.0,,3.0,,3.0,,2.0,2.0,3.0,3.0,3.0,3.0,3.0,3.0,3.0,2.0,3.0,3.0,,3.0,3.0,3.0,3.0,3.0,3.0,,2.0,3.0,3.0,3.0,2.0,,3.0,3.0,3.0,3.0,1.0,3.0,3.0,3.0,3.0,,3.0,,,,1.0,3.0,,3.0,3.0,3.0,2.0,,2.0,3.0,3.0,3.0,,3.0,,,,3.0,,3.0,3.0,,,,2.0,3.0,3.0,3.0,3.0,3.0,3.0,,,3.0,3.0,,,3.0,3.0,,,,3.0,,3.0,3.0,3.0,,,3.0,0.0,3.0,3.0,3.0,,3.0,3.0,3.0,3.0,3.0,3.0,3.0,2.0,3.0,3.0,3.0,3.0,3.0,3.0,,3.0,3.0,3.0,3.0,3.0,3.0,3.0,,,3.0,3.0,3.0,3.0,2.0,3.0,,3.0,3.0,2.0,,,,3.0,3.0,,,,3.0,3.0,3.0,3.0,,,,3.0,3.0,3.0,3.0,3.0,3.0,,3.0,3.0,3.0,,,3.0,3.0,3.0,,,,3.0,3.0,2.0,3.0,,3.0,,,3.0,3.0,,3.0,3.0,,3.0,,3.0,3.0,3.0,3.0,,,,0.0,3.0,3.0,,3.0,3.0,,3.0,3.0,3.0,3.0,1.0,3.0,3.0,3.0,,3.0,,,3.0,3.0,3.0,3.0,,,,3.0,3.0,3.0,,3.0,,,3.0,,3.0,3.0,,,3.0,3.0,,3.0,3.0,3.0,3.0,3.0,,3.0,,3.0,3.0,3.0,3.0,3.0,,,3.0,,,3.0,3.0,,3.0,2.0,3.0,3.0,3.0,3.0,3.0,3.0,3.0,3.0,3.0,,3.0,3.0,0.0,,3.0,3.0,,3.0,2.0,3.0,3.0,3.0,,,3.0,3.0,3.0,3.0,3.0,3.0,3.0,3.0,,,3.0,3.0,,,,,,,,3.0,,,,,3.0,,,,,2.0,3.0,3.0,,,14,5,0.037174721189591,1.2922240802675586,-0.33041568003447214
,,,,3.0,,,,,,,,,,,,,,,,3.0,0.0,,,,,,,3.0,,,,,,,,,,,,,,,2.0,,,,,,,,,,,3.0,,,3.0,,3.0,,,,2.0,,2.0,,0.0,,,,,,,,,,,,,,,,,,3.0,,3.0,,,,,,,,3.0,,,,,,,,,,,,,,,0.0,,,3.0,,,,,,,,,,,,,,,,,,,,,,3.0,,,,,,,,,,,,,,,,,,,,,,,,,,,,,,,,,3.0,,,,,,,,,,,,,,3.0,,3.0,,,,,,,,3.0,,,,,3.0,,,,,3.0,,,,,,,,,,,,,,,,,,,,,,,,,,,,,,,,,,,,,3.0,,0.0,,,,,,,,,,,,,,,,,,,,,,,,,,,,,,,,,,,,,,,,,,,,,,,,,,,,,,,,,,,,,,,,,,,,,,,,,,,,,,,,,,,,,,,,,,,,,,,,,,,,,,,,2.0,,,,,,,,,,,,2.0,,,,,,,,,2.0,,,3.0,,,,,,,,,,,,,,,,,,,,,,,,,,,,,,,,,,15,5,0.6666666666666666,2.0,0.6056731087060763
2.0,,3.0,3.0,3.0,,3.0,3.0,2.0,3.0,3.0,1.0,3.0,3.0,3.0,,3.0,,,,3.0,,,,3.0,3.0,3.0,3.0,,3.0,3.0,3.0,3.0,2.0,3.0,3.0,3.0,,,,,,,3.0,,,3.0,,3.0,,,3.0,3.0,,3.0,3.0,3.0,3.0,,3.0,,,1.0,,,,,,,,1.0,2.0,3.0,,3.0,3.0,0.0,2.0,3.0,,3.0,3.0,3.0,,,3.0,,3.0,,,,2.0,,3.0,,3.0,3.0,,,3.0,,,3.0,,3.0,,,,3.0,,,,,,,3.0,,,,,,,,3.0,3.0,2.0,,,,,,3.0,,,,,,,3.0,,,3.0,,,,,,,,,,,3.0,2.0,,,,3.0,,3.0,,,,,,,,,3.0,3.0,,,3.0,3.0,,,,,,,3.0,,,,3.0,3.0,,3.0,,,2.0,3.0,3.0,3.0,3.0,,,3.0,3.0,3.0,,,,3.0,,,,,,,,,,,,3.0,,,3.0,,,3.0,,3.0,,,,,,,,3.0,3.0,,2.0,3.0,,,,3.0,0.0,,3.0,2.0,,,,3.0,,,,,,,,,,,3.0,3.0,,,3.0,,,,1.0,,3.0,,,,,,3.0,,,,,,,,3.0,,,1.0,3.0,3.0,3.0,3.0,3.0,0.0,,,,,,,,3.0,,3.0,3.0,,3.0,3.0,,,,,,,,,,,,,,,,3.0,,3.0,3.0,,,,3.0,,,3.0,3.0,,3.0,,,,,,,,,,,,,0.0,,,3.0,,,,,3.0,,3.0,,3.0,3.0,,3.0,3.0,,,2.0,,,,,3.0,3.0,3.0,,,,,,,,,,,,,,,,,,,,,,,,,,,,,,16,5,0.135593220338983,1.5822784810126582,0.10435780838235269
,,,3.0,2.0,,,,,,,,,,,,,,,3.0,2.0,,,,,,3.0,,,,,2.0,,,,,,,,,,,,,,,,1.0,,,,,,,,,,,0.0,3.0,,,,,,,,,3.0,,,3.0,,,,,,,,,3.0,,,,,,,,,,,3.0,,,0.0,,3.0,,,,,,,,,,,0.0,,,,1.0,,,,,,,,,,,,,,,,,,3.0,,,,,,,,,,,,,,,,,,,,,,,,,,,,,,,,,,,,,,,,,,,,,,,,,,,,,,,3.0,,,,,,,,,,,,,3.0,,,,,,,,,,,,,,,,,,,,,,,,,,,,,,,,,,,,,,,,,,,,,,,,,,,,,,,,,0.0,,,2.0,,,,,,,,,,,,,,,,,,,,,,,,,,,,,,,,,,,,,,,,,,3.0,,,,,,,,,,,,,,,,,,,,,,,,,,,,,,,,,,,,,,,,,2.0,,,,,,,3.0,3.0,,,,,,,,,3.0,,,,,,,,,,,,,,,,,,,,,,,3.0,,,,,,3.0,,,,,,,,,,,,,,,,,17,5,0.7857142857142857,1.9024390243902438,0.4976520226842863
3.0,0.0,3.0,2.0,3.0,3.0,0.0,3.0,3.0,3.0,3.0,3.0,3.0,3.0,,3.0,3.0,,,3.0,2.0,,3.0,3.0,3.0,3.0,3.0,3.0,3.0,3.0,3.0,3.0,3.0,,3.0,3.0,,3.0,3.0,,,,3.0,,,3.0,3.0,3.0,3.0,,,3.0,2.0,,,3.0,3.0,3.0,3.0,2.0,1.0,3.0,,3.0,,3.0,,3.0,2.0,,3.0,3.0,,,3.0,3.0,,,3.0,,2.0,2.0,3.0,3.0,,3.0,3.0,2.0,3.0,,3.0,3.0,,,,3.0,2.0,,3.0,3.0,3.0,3.0,3.0,3.0,3.0,3.0,,,3.0,3.0,3.0,3.0,3.0,3.0,,3.0,3.0,3.0,3.0,3.0,,3.0,,3.0,3.0,,3.0,3.0,,,,3.0,,3.0,,3.0,3.0,,3.0,,3.0,2.0,3.0,3.0,3.0,3.0,,,3.0,,,,3.0,,3.0,,,,,3.0,,,3.0,3.0,,2.0,,,3.0,3.0,,,3.0,,3.0,,,,,,3.0,3.0,,3.0,3.0,3.0,3.0,3.0,3.0,,3.0,3.0,3.0,3.0,3.0,3.0,,0.0,,2.0,,2.0,3.0,3.0,,3.0,3.0,3.0,3.0,,0.0,3.0,,,3.0,3.0,3.0,,2.0,3.0,3.0,3.0,3.0,3.0,,,,3.0,3.0,,,3.0,3.0,,3.0,3.0,,,,3.0,3.0,,3.0,3.0,3.0,2.0,3.0,3.0,,,,3.0,1.0,3.0,,,,3.0,3.0,,3.0,,3.0,,,3.0,,,3.0,3.0,,2.0,,1.0,3.0,,3.0,,,,,3.0,3.0,,3.0,,,3.0,2.0,3.0,3.0,3.0,3.0,3.0,3.0,,,,,2.0,,,3.0,,,,,,3.0,,3.0,,,3.0,,3.0,3.0,,,,3.0,,3.0,,3.0,,,3.0,3.0,,,3.0,3.0,3.0,3.0,,,3.0,1.0,,1.0,3.0,,3.0,3.0,3.0,,3.0,,3.0,3.0,3.0,3.0,,,3.0,3.0,3.0,,3.0,3.0,,3.0,3.0,1.0,3.0,3.0,,,2.0,3.0,3.0,3.0,3.0,3.0,2.0,,,,3.0,3.0,3.0,,3.0,,3.0,,3.0,3.0,,,,,3.0,,,,1.0,3.0,3.0,,,,18,5,0.0717488789237668,1.3875278396436526,-0.1373051004360659
,3.0,3.0,3.0,3.0,,,,,,2.0,,,,,3.0,3.0,,,,3.0,,,,,3.0,3.0,3.0,,,,,3.0,,3.0,3.0,,,3.0,,,,,,,,3.0,,,,,,3.0,,,3.0,,,3.0,2.0,3.0,3.0,,,,,,,,,3.0,2.0,,,,,,,,,3.0,,3.0,,,3.0,,3.0,,,,3.0,,,,3.0,3.0,,,,,,3.0,,3.0,,,,3.0,,,,,,,3.0,,,,,,,,3.0,3.0,,,,,,,3.0,,0.0,,,,,3.0,,,3.0,,3.0,,,,,,,,,,,,,,,,3.0,3.0,,,2.0,,2.0,,,3.0,,,,3.0,,,,,,,,,0.0,,3.0,3.0,,,3.0,,,3.0,3.0,3.0,,,,,2.0,3.0,3.0,,,3.0,,,,,,,,,,,,3.0,,,,3.0,,3.0,,3.0,3.0,,,,,,,,,3.0,,,,,,,,,,,,,,,3.0,,,,,,,,,,,3.0,,,,,,,,3.0,,3.0,,,,,,,,3.0,,,,,,,,,,3.0,,,3.0,3.0,1.0,3.0,,,,,,,1.0,,,3.0,,1.0,3.0,,,,,,,,,,2.0,,,0.0,,,,,3.0,,,,,3.0,,,,,,,,,,,,,,,,3.0,,,,,,3.0,,,,,3.0,,3.0,,2.0,3.0,,,0.0,,,3.0,,,,,,2.0,,,3.0,,,3.0,,,,,,,,,,,,,,,,,,,,,,,,,19,5,0.2,1.6817204301075268,0.141076234641429
3.0,3.0,,,,,,2.0,,,0.0,,,3.0,,,,,,,3.0,,1.0,,,,3.0,,,,,3.0,,,,,,,,,,,,,,,,,,,,,,,,3.0,,,2.0,,,,,,,,,,3.0,,3.0,3.0,,,,,,,,,,,3.0,,,,,,,,,3.0,,,,,,,,,,,,,3.0,,,,,,,,1.0,,,,,,3.0,,,,,,,,,,,,,3.0,,,,3.0,,,,,,3.0,,,,,,,,,,,3.0,,,2.0,,,,2.0,,,,,,,,,,,,,3.0,,,,,,,,,,,,3.0,,,,,,,,,,,,3.0,0.0,,,,,,,,,,3.0,3.0,1.0,,,,,3.0,3.0,,,,,,,,,,,,,,,,,,,,,,,,,,,,3.0,,,,,,,,,,,,,,,,,,,,,,,,,,,,,,,,,,,,,,,,,,,,,,,,,,,,,,,,,,,,,,,,3.0,,,,,,,,,,,,0.0,,,,3.0,3.0,,,,,,,2.0,,,,,,,,,,,,,,,,3.0,,,,,,,,,,,,,,,2.0,,3.0,,,,,,,,3.0,,,,,,,,,,,,,,,,,,,,,,,,,,,,,,0.0,20,5,0.2424242424242424,1.707182320441989,0.34902951874490584
1.0,3.0,3.0,3.0,3.0,,,,3.0,0.0,,,,,,3.0,,,,,3.0,3.0,3.0,,3.0,3.0,3.0,3.0,3.0,3.0,3.0,2.0,2.0,,3.0,3.0,,3.0,3.0,3.0,,,,,,,3.0,,,3.0,,3.0,3.0,,,3.0,3.0,3.0,,3.0,3.0,0.0,,,,,,3.0,3.0,,3.0,3.0,,,,3.0,,,,,2.0,3.0,3.0,,,3.0,3.0,3.0,,,,3.0,,,,3.0,3.0,,3.0,1.0,,,3.0,,2.0,3.0,0.0,,3.0,,3.0,,,2.0,,3.0,3.0,,3.0,,,,,3.0,3.0,3.0,,,,,,3.0,,,,3.0,,,3.0,,,3.0,,3.0,,,3.0,,,,3.0,,3.0,,,3.0,,,,1.0,,,,3.0,,,,,3.0,3.0,,,3.0,,,,,,,,,2.0,,,2.0,3.0,3.0,3.0,,,3.0,3.0,3.0,,,3.0,,3.0,,3.0,,3.0,,3.0,,,,3.0,,,,,,,3.0,,,,2.0,3.0,,,3.0,2.0,0.0,,,,,,2.0,3.0,,3.0,3.0,,,,,3.0,,,3.0,3.0,2.0,,,3.0,,,1.0,3.0,3.0,,,,,,,3.0,,,3.0,,,,,,,3.0,,3.0,,,,,,,,,,,,,3.0,,,3.0,,,,3.0,3.0,,,,,,,3.0,,,3.0,,,,,,,,,,,3.0,,,3.0,,,,,,,,,,3.0,,3.0,,,,,,3.0,,,,,,,,,,,,,,,3.0,,,,,,3.0,3.0,3.0,,3.0,3.0,,,3.0,,,3.0,,,3.0,,,3.0,,,,3.0,,,,3.0,,,,,,,,,,,3.0,,,,,,,1.0,,,,,21,5,0.0975609756097561,1.6072992700729927,0.004315859625690962
,,,,,,,,,,,,,,,,,,,,,,,,,,,,,,,,,,,,,,,,,,,,,,,,,,,,,,,,,,,,,,,,,,,,,,,,,,,,,,,,,,,,,,,,,,,,,,,,,,,,,,,,,,,,,,,,,,,,,,,0.0,,,,,,,,,,,,,,,,,,,,,,3.0,,,,,,0.0,,,,,,,,,,,,,,,,,,,,,,,,,,,,,,,,,,,,,,,,,,,,,,,,,,,,,,,,,,,,,,,,,,,,,,,2.0,,,,,,,,,,,,,,,,,,,,,,,,,,,,,,,,,,1.0,,,,,,,,,,,,,,,,,,,,,,,,,,,,,,,,,,,,,,,,3.0,,,,,,,,,,,,,,,,,,,,,3.0,,,,,,,,,,,,,,,,,,,,,,,,,,,,,,,,,,,,,,,,,,,,,,,,,,,,,,,,,,,,,,,0.0,,,,,0.0,,,,,,,,,,,,,,,,,,,,,,22,5,0.0,2.0,0.8689254551115881
,,,,,,,,,,,,,,,,,,,,,,,,,,,,,,,3.0,,,,,,,,,,,,,,,,,,,,,,,,,,,,,,,,,,,,,,,,,,,,,,,,,,,,,,,,,,,,,,,,,,,,,,,,,,,,,,,,,,,,,,0.0,,,,,,,,3.0,,,,,,3.0,,,,,,,,,,,,,,,,,,,,,,,,0.0,,,,,,,,,,,,,,,2.0,,,0.0,,,,,,,,,,,,,,,,,,,,,,,,,,,,,,,,,,,,,,,,,,,,,,,,,,,,,,,,,,,,,,,,,,,,,,,,,,,,,,,,,,,,,,,,,,,,,,,,,,,,,,,,,,,,,,,,,,,,,,,,,,,,,,,,,,,,,,,,0.0,,,,,,,,,,,,,,,,,,,,,,,,,,,,,,,,,,,,,,,,,,,,,,,,,,,,,,,,,,,,,,,,,,,,,,,,,,,,,,,,,,,,,,,,,,,,,,23,5,0.0,1.9999999999999996,0.7302967433402215
3.0,,3.0,,3.0,,,,3.0,,3.0,,,3.0,,,,,,,3.0,2.0,0.0,2.0,,3.0,2.0,3.0,3.0,3.0,,0.0,,,3.0,,,,3.0,,,,3.0,2.0,,1.0,,,,,,3.0,,,,3.0,,2.0,2.0,3.0,3.0,,,,,,,,,,,3.0,,,,,,,,,3.0,0.0,3.0,,,,3.0,,,,,3.0,,,,,,,3.0,,,,,,,,,,,,,,,3.0,,3.0,,1.0,0.0,,,,,,,,,,,,,,,,,3.0,,,,,,3.0,,,,,,,,,,,,,,,,,,3.0,,1.0,2.0,,,,,,,3.0,,,3.0,,,,2.0,,,,,,,,3.0,,,,,,3.0,,3.0,3.0,,,,3.0,,3.0,,,,,,,,,,,,,,,,3.0,,,,,,,,,,,,,,,,,,,,,,,,,,,,,,,,,,,,,,,,,,,,,,,,,,,,,,,,,,,,,,,,,,,,,,,,,,,,,,2.0,,,,,,,,,,,,,,3.0,,,,,,3.0,,,,,,,,,,,,,,,,,,,3.0,,,,,,,,,,,,,,,,,,,,,,,3.0,,,,,,,,,3.0,,,3.0,,3.0,,,,,,,,,,,,,,,,,,,,,,,,,,,,,,,,,,24,5,0.2391304347826087,1.6896551724137931,0.4451562053538028
3.0,,,,,,,,,,,,,,,,,,,,,,,,,,3.0,,,3.0,,3.0,,,,,,,3.0,2.0,,,,,,,,,,,,,,,,,,,,,,,,,,,,,,,,3.0,,,,,,,,,,,,,,,,,,,,3.0,,,,,,,,3.0,,,,,,,,,,,,,,3.0,,,,,,,,3.0,,,2.0,,,,,,,,,,,,,,,,0.0,,,3.0,,2.0,3.0,,,,,,,,,,,,,3.0,,,,,,,,,,,,,3.0,,,,,,,,,,,,,,,,,,3.0,3.0,0.0,,,,,3.0,,1.0,,,3.0,,3.0,,,,,,,,,,3.0,2.0,,,,,,,,,,,,,,,,,,,,3.0,,,,,,0.0,,,,,,,,3.0,,,,,,,0.0,,,,,,,,,,,,,,,,,,,,,,,,,,,,,,,2.0,,,,,,,,,,,,,,,,,,,,,,,,,,,,,,,,,,,,,,,,,,,,,,,,,,,,,,,,,,,,,,,,,,,,,,,,,,,,,,,,,,,,,,,,,,,,,,,,,,,,,,,,,,,,,,,,,,,,25,5,1.0,1.831578947368421,0.2869114446970486
,,,,,,,,,,,,,,,,,,,,,,,,,,,,,,0.0,,,,,,0.0,,,,,,,,,,,,,,,,,,,,,,3.0,,,,,,,,,,,,,,,,,,,,,,,,,,,,,,,,,3.0,,,,,,,,,,,,,,,,,,,,,3.0,,,,,,,,,,,,,,,,,,,,,,,,,,,,,,,,,,,3.0,,,,,,,,,,,,,,,,,,,,,2.0,1.0,,,3.0,,,,,,3.0,,,,,,,,,3.0,,,,,,,,,,,,,,,,,,,,,,,,,,,,,,,,,,,,,,,,,,,,,3.0,,,,,,,,,,,,,,,,,,,,,,,,,3.0,,,,,,,,,,,,,,,,,,,,,,,,,,,,,,,,,,3.0,,3.0,,,,,,,,,,,,,,,,,,,,,,,,,,,,,,,,,,,0.0,,,,,,,,,,,,,,,,,3.0,,,,,,,,,,,,,,,,,,2.0,,,,,,,,,,,,,,,0.0,,,,,,,,,,,,,,,,,,,,,,,,,26,5,4.0,2.7222222222222223,0.20317401271885419
,3.0,3.0,3.0,,,3.0,,,,,,,,,,,,,,3.0,0.0,,,,3.0,3.0,,3.0,0.0,2.0,3.0,,,,,,,,,,,,,,,,,,,,,,,,3.0,,,,,3.0,3.0,3.0,,,,,,3.0,,3.0,3.0,,,,3.0,,,,,3.0,3.0,3.0,,,3.0,,1.0,,,,,,,,3.0,3.0,,,,3.0,,,,3.0,,,,,,,,,3.0,,,,3.0,,3.0,,,,3.0,3.0,,,,,,,,,,,,,,2.0,,,,,,,,3.0,,,,,,,,,,,,,2.0,,,,,,,,,3.0,,,,2.0,,,,,,1.0,,,,,3.0,3.0,,,3.0,,,3.0,,3.0,3.0,,,,2.0,,3.0,,3.0,3.0,,,,,,,,,,,,3.0,,,,3.0,,,,,3.0,,,,,,,,,,,,,,,,3.0,,,,3.0,,,,3.0,,,,,,,,,,,,,,,3.0,,,,0.0,,,,,,,,,,3.0,,,,,3.0,,,,,,,,,,3.0,,,,,,,,3.0,,,3.0,,,,,,,,,,,,,3.0,3.0,,,,,,,,,,,,,,,,,,,,,,,,2.0,,,3.0,,2.0,,,,,,,,,,3.0,0.0,,,3.0,3.0,,,3.0,,,,,,,,,3.0,,,3.0,,,,,,,,,,,,,,,,,,3.0,,3.0,,,,,,,,27,5,0.1967213114754098,1.7578616352201257,0.130035566115342
,3.0,,,,,,,,,,,,,,,,,,,3.0,,3.0,,,,,,,,,,,,,,,,,,,,3.0,,,,3.0,,,,,,3.0,,,,,,,,,0.0,,,,,,,,,3.0,3.0,,,,,,,,,,3.0,3.0,,,,,3.0,,2.0,,,,,,3.0,3.0,,,,,,,,,,,,,,,,,3.0,,3.0,,,3.0,,,,,,3.0,,,,,,,3.0,,,,3.0,,,,,,,,,,,,,,,,,3.0,,,,,,,3.0,,,,,,,,,,,,,,,,,,,,,3.0,,,,3.0,,,,3.0,,3.0,1.0,,3.0,,,,2.0,,3.0,,,3.0,0.0,,,,,,1.0,,,,,3.0,,,,3.0,,,,3.0,3.0,,,,,,,,,,,,,,,,,,,,,,,,3.0,,,0.0,,,,,,,,1.0,,,,,,2.0,,,3.0,,2.0,,,,,,,,,,,,3.0,,,2.0,,,,,,,3.0,3.0,3.0,,,,,,,,1.0,,,,,,,,,0.0,,,,,,,,,1.0,,,,,2.0,,,,,,,,,,,,,,,,,,,,,,,,,,,,,,,,,,,,,,,,,,,,,,,,,,,,,,,,,,,,,,,,,,,,,,,3.0,,,,,,,,28,5,0.3513513513513513,1.7563451776649746,0.4691069553007307
,,,,,,,,,,,,,,,,,,,0.0,,,,,,,,,,,,,0.0,,,,,,,,,,,,,,,,,,,,,0.0,,,,,,,,,,,,,,,,,,,,,,,,,,,,,,,,,,,,,,,,,,,,,,,,,,,,,,,,,,,,,,,,,,,,,,,,,,,,,,,,,,,,,,,,,,,,,,,,,,,,,,,,,,,,,,,,,,,,,,,,,,,,,,,,,,,,,,,,,,,,,,,,,,,,,,,,,,,,,,,,,,,,,,,,,,,,,,,,,,,,,2.0,,,,,,,,,,,,,,,,,,,,,,,,,,,,,0.0,,,,,,,,,,,,,,,,,,,,,,,,,,,,,,,,,,,,,,,,,,,,,,,,,,,,,,,,,,,,,,,,,,,,,,,,,,,,,,,,,,,,,,,,,,,,,,,,,,,,,,,,,,,,,,,,,,,,,,,,,,,,,,,,,,,,,,,,,,,,29,5,0.0,,0.0
,,,3.0,3.0,,,,3.0,3.0,,,,,,,,,,,2.0,,,,3.0,,,2.0,,3.0,,2.0,,,3.0,3.0,,,0.0,,,,,,,,,,,,,,3.0,,,,,,1.0,3.0,3.0,3.0,,,,,,,3.0,,3.0,3.0,,,,,,,,,3.0,,3.0,,,,3.0,3.0,3.0,2.0,,3.0,,,,3.0,2.0,,3.0,3.0,0.0,3.0,3.0,,3.0,3.0,,3.0,,,3.0,,,3.0,,,,,,,,,,,3.0,,,3.0,,,,3.0,0.0,,,3.0,,,3.0,,,3.0,,,3.0,2.0,,,3.0,,,,3.0,,3.0,,,,,3.0,,,,,,,,,,,,,,,,,,,,,,,,,3.0,,3.0,,,,3.0,,,,3.0,,,3.0,,3.0,,2.0,,,,3.0,,,,,,3.0,,,3.0,,,,3.0,,3.0,,3.0,3.0,,,,,,,,,,,,,,2.0,,1.0,,,,3.0,1.0,,,3.0,,,,3.0,,,,,,,,,,,,,,,,,,3.0,3.0,3.0,,,,,,3.0,,,,,,,,,,3.0,,,,2.0,3.0,,,,,,0.0,3.0,,,,,,,,3.0,,,,,,,,,,,,,,,,,,,,,,,,,,,,,,,,,3.0,,,,,3.0,,,1.0,,,,,,,,,3.0,,,,,,3.0,,,,,,3.0,,,3.0,,,3.0,3.0,,,3.0,3.0,,,,,,,,,,,,,,,,,,,,,,,30,5,0.2714285714285714,1.8553191489361702,0.19007655137852883
,,,,,,,,,,,,,,,,,,,,,,,,,,,,,,,,,0.0,,,,,,,,,,,,,,,,,,,,,,,3.0,,,3.0,2.0,,,,,,,,,,,,,,,,,,,,3.0,,3.0,,3.0,,,,,,,,,,,1.0,,,,,,,,,,,,,,,,,,,,,,,,,,,,,,,,,,3.0,,,,,,,,,,,,,,,,,,,,,,,,,,,3.0,,,,0.0,,,,,3.0,,,,,,,3.0,,,,,,,,,,,,,,,,,,,,,,,,,,,,,,1.0,,,,,,,,,,,,,,,,,,,,,,,,,,,,,,,,,,,,,,,,,,,,,,,,,,,,,,,,,,,,,,,,,,,,0.0,,,,0.0,,,,,,,,,,,,,3.0,,,3.0,,,,,,,,,,,,,,,,3.0,,,,,,,,,,,,,,,,,,,,,,,,,,,,,,,,,,,,,,,,,,,,1.0,,,,,,,,,,,,,,,,,,,,,,,,,,,,,,,,,,,,,,,,,,,,,,,,,,,,,31,5,3.0,2.3333333333333335,0.23675473105444017
,,,,3.0,,,,,,,,,,,,,,,,2.0,,,,,,2.0,,,,,,,,,,,,3.0,,,,,,,,,,,,,,,,,3.0,,,3.0,,,,,,,2.0,,,3.0,,,3.0,,,3.0,,,,,,,,,,,,,3.0,,,,3.0,,,,3.0,,2.0,,,,,,,,,,,,,,,,,,,,,,,,,,,,,,,,,,,,,,3.0,,0.0,,,,,,,,,,,,,,,,,,,,,,,,,,,,,1.0,,,,,,,,,,,,,,,,,,,,,,,,,,,,,,,3.0,,,,,3.0,,,,,,,,,,,,3.0,,,,,,,,,,,,,,3.0,,,,,,,,,,,,,0.0,,,,,,,,,,,3.0,,,,,,,,,,,,,,,,,,,,,,,,,,,,,,,,,,,,,,,,,3.0,,,,,0.0,,,,,,,,,,,,,,,,,2.0,,,,,,,,,,,,,,,,,,,,,,,,,,,,,1.0,,,,,,,,,,,,,,,,,,,,,,,,,3.0,,,,,,1.0,,,,,,,,,,,,,,,,,,,,,,,,,,,0.0,32,5,0.7333333333333333,1.88,0.5192442817843604
2.0,3.0,,3.0,3.0,3.0,3.0,3.0,3.0,3.0,3.0,,,3.0,,,3.0,,,,3.0,,3.0,2.0,,3.0,3.0,3.0,,3.0,3.0,2.0,3.0,,3.0,3.0,,,3.0,3.0,3.0,,,,,3.0,,,3.0,3.0,,3.0,3.0,,3.0,3.0,3.0,3.0,,3.0,3.0,3.0,,3.0,,,,3.0,,,,3.0,,,,3.0,,,3.0,,3.0,3.0,3.0,3.0,,,3.0,3.0,,,,3.0,,3.0,,2.0,0.0,,,,3.0,,3.0,3.0,3.0,3.0,,,3.0,,,3.0,,3.0,,3.0,3.0,,,,,,,1.0,3.0,,,3.0,,1.0,,3.0,,,,3.0,,,3.0,,3.0,2.0,1.0,,,,3.0,,,,,,3.0,,3.0,,,,,3.0,,,3.0,3.0,,,,,3.0,2.0,3.0,,3.0,,,,3.0,,,,3.0,0.0,,,3.0,3.0,3.0,3.0,,3.0,2.0,3.0,3.0,3.0,,3.0,3.0,3.0,,2.0,,,3.0,1.0,,0.0,2.0,3.0,3.0,3.0,,,,,3.0,3.0,,,2.0,3.0,,,3.0,3.0,,,,,,,,2.0,,,,,,,3.0,3.0,2.0,,,3.0,,,,2.0,3.0,,,,3.0,3.0,,,,,3.0,3.0,,,3.0,,3.0,,3.0,,,,,,1.0,,3.0,3.0,,,,,,3.0,,,,,,3.0,,3.0,3.0,3.0,3.0,,,,,,,3.0,,,3.0,,,3.0,,3.0,3.0,,,,,2.0,,3.0,,3.0,,,3.0,0.0,3.0,,3.0,,,,3.0,,,3.0,,,,,,,,,,3.0,,,,3.0,,,,,3.0,,,,,3.0,3.0,3.0,,2.0,3.0,,,3.0,3.0,3.0,2.0,,,3.0,,3.0,3.0,,3.0,,3.0,,,3.0,,,,,2.0,,,,,,,,,3.0,,,,,3.0,,3.0,1.0,,33,5,0.0974025974025974,1.4798464491362764,0.053204089740536496
,,,,,,,,,,,,,,,,3.0,,,,,,3.0,,3.0,,,,3.0,,,,,,3.0,,,,,,,,,,,,,,,,,,3.0,,,,,,,,2.0,,,0.0,,,,,,,,,,,,,,,,,3.0,,,,,,,3.0,,,,3.0,,,,,3.0,,,,,,,,3.0,,,,,,,,,,,,,,,,,3.0,,,,,,,,,,,,,,1.0,,,,,,,,,,,,,,,,,,,,,,,,3.0,,,,,,,,,,,,,,,,,,,,,,,,,,,,,,,,,,,,,,3.0,,,,,,,,,,,,,,,,,,,,,3.0,,,,,2.0,,,,,,,,,,,,,,,,,,,2.0,,0.0,,,,,,,,,,,,,,,,,,,,,,,,,,,,,,,,,,,,,,0.0,,,,,,,,,,,,,,,,,,,,,,,,,,,,,,,,,,,,,,,,,,,,,,,,,,,,,,,,,,,,,,,,,,3.0,0.0,,3.0,,,,,,,,,,,,1.0,,,,,,3.0,,,,,,3.0,,,,,,,,,,,,,,,,,,,,,,,,,,,,34,5,0.6,1.974025974025974,0.44041932441690673
,,,,,,,,,,0.0,,,,,,,,,,,,,,,,,,,,,,2.0,,,,,,,,,,,,,,,,,,,,,,,,,,,,,,,,,,,,,,3.0,,,,,,,,,,,,,,,,,,,,,,,,,,,,,,,0.0,,,,,,,,,,,,,,,,,,,,,,,,,,,,,,,,,,,,,,,,,,,,,,,,,,,,,2.0,,,,,,,,,,,,,,,,,,,,,,,,,,,,,,,,,,,,,,,,0.0,,,,,,,,,,,,,,,,,,,,,,,,,,,,,,,,,,,,,,,,,,,,,,,,,,,,,3.0,,,,,,,,,,,,,,,,,,,,,,,,,,,,,,,,,,,,,,,,,,,,3.0,,,,,,,,,,,,,,,,,,,,,,,,,,,,,,,,3.0,,,,,,,,,0.0,,,,,,,,,,,,1.0,,,,,,,,,,,,,,,,,,,,,,,,,,,,,,,,,,,,,,,,,,,,,,,,,,,,,,,,,,,35,5,2.5,1.8333333333333333,0.6275129604603918
3.0,3.0,,,,,,,3.0,,3.0,,,3.0,,,,,,3.0,3.0,3.0,,,,,1.0,,1.0,3.0,3.0,3.0,,,,,,,,3.0,,,3.0,,,,,,3.0,,,2.0,,,,3.0,,,3.0,3.0,3.0,,,,,0.0,,,2.0,,3.0,3.0,,,,,,,,,,,2.0,,,,,3.0,,,,3.0,,3.0,,3.0,,,,,,,,,3.0,,,,3.0,,,,,,,3.0,,,3.0,,,,,,3.0,,,,,,,,,,,3.0,,,3.0,,,,,,,,0.0,,,,,,3.0,,,,,,,,,,,,,,,,2.0,3.0,,,3.0,,,,,,,,,,,3.0,3.0,,,,,3.0,3.0,,3.0,,,3.0,,2.0,,2.0,,,3.0,,,,,,,,,,,,3.0,3.0,,,,,,,,3.0,,,,,,,,,,,,,,,,,,,,,,,,3.0,,,,,,,,,,,,,,,,,,,,,,,,,,,,,,,,,,,,,,,,,,,,,,,,,,,,,,,,,,0.0,,,3.0,,,,,,,0.0,,,,,,,,3.0,,,,,,,,,,,,,,,,,,,3.0,,,,,,3.0,,,,,,,,,,,,,,,,,,,,,,,,3.0,,,,,,,,,,,,,,,,,,,,,,,,2.0,,,,,,,36,5,0.2040816326530612,1.8387096774193548,0.14090131852048307
,,,,,,1.0,,,,,,,,,,,,,,3.0,,,,,,,,,,,,,,,,,,,,,,,,,,,,,,,,,,,,,,,,,,,,,,,,,,3.0,,,,,,,,,,,,3.0,,,,,,,,,,,,,,,,,,,,,,,,,,,,,,,,,,,,,,,,,,3.0,,,2.0,,,,,,,,,,,,,,,,,,,,,,,,,,,,,,,,,,,,,,,,,,,,,,,0.0,,,,,,,,,,,,3.0,,,,2.0,,,,,,,3.0,,,,,,,,,,,,0.0,,,,,,,,,,,1.0,,,,,,,,,,,,,3.0,,,,,,,,,,3.0,,3.0,,3.0,,,,,,,,,,,2.0,,,,,,,,,,,,,,,,,,,,,,,,,,,,,,,,,,,,,,,,,,,,,,,,0.0,,,,,,,,,,,,,,,,,,,,,,,,,,1.0,3.0,,,,,,,,,,,,3.0,,,1.0,,,0.0,,,,,,,,,,,,,,,,,,3.0,,,,,,,,,,,,,,,,,,,,,,3.0,,,,,,,,,,,,37,5,1.1,2.19672131147541,0.5086445777168048
,,2.0,3.0,2.0,,,,,,3.0,,,,,,,,,,,,3.0,,,1.0,,,,,,,,,,,,,,,,,3.0,,,,,3.0,,,,,2.0,,,,0.0,,,,,,,,,,,,,,,,,,,,,,,,3.0,,3.0,,,3.0,,3.0,,,,,,,,,3.0,,,,,,,3.0,3.0,,,,,,,,,3.0,,,,,,,,,,,,,1.0,,,,,,,,,,,,,,,,,,,3.0,,,,,,,,,,,,,,,,,3.0,3.0,,,,,,,,,0.0,,,,3.0,,,,,,,,3.0,,,3.0,,,3.0,,,3.0,,,,,,,,,,3.0,,,,,0.0,,,,,,,,,,,,,,,,,,,,,,,,,,,,,,,,,,,,,,,,,,,,,,,,,,,,,,,,,,,,,,,3.0,,,,,,,,,,,,,,,,,,,,,,,,,,,,,,,,,3.0,,,,,,,,,,,3.0,,,,,,,,,,,,,,,,,,,,,,,,,,,,,,,,,,,,,,,,,,,,,,,,,,,,,0.0,,,,,,,,,,,,,,,,,,,3.0,,,,,,,,,,,,,,,,38,5,1.2142857142857142,2.1325301204819276,0.012969902603498298
,,,3.0,,,,3.0,2.0,3.0,3.0,3.0,3.0,2.0,3.0,3.0,3.0,3.0,,,0.0,,,,,,3.0,1.0,3.0,,,3.0,,,3.0,3.0,,,3.0,,,,,3.0,,3.0,,,,,,,3.0,,3.0,3.0,,3.0,,3.0,2.0,,,,,,,,,,3.0,2.0,,,3.0,3.0,3.0,,,,3.0,3.0,,3.0,,3.0,,3.0,,,,2.0,,3.0,,3.0,3.0,,,3.0,3.0,,3.0,,3.0,3.0,,,3.0,,,,,3.0,,3.0,,,3.0,,,,,,3.0,3.0,,3.0,,,,3.0,,,3.0,3.0,,,,,,3.0,,,,,,,,,,,,,,,,3.0,,3.0,,,,,,,,,,,,,3.0,,,,,,,,3.0,,,,3.0,,,,,,3.0,,,,3.0,,,3.0,,3.0,,,,,,,,,,,,3.0,,,,3.0,,3.0,3.0,2.0,,,3.0,3.0,,,,,,,,3.0,3.0,,,3.0,,,,3.0,2.0,1.0,3.0,2.0,,,,3.0,,,,3.0,,,2.0,,,,,,3.0,,3.0,,,,,,,,,,,,3.0,,3.0,,,,,,3.0,,3.0,3.0,,3.0,,3.0,,3.0,3.0,,,,,,,3.0,,0.0,3.0,0.0,,3.0,,3.0,,,,,,,,,,,,,,,,3.0,3.0,,2.0,,3.0,1.0,,0.0,3.0,,3.0,,,,,,3.0,,,,3.0,,,1.0,3.0,,3.0,,,1.0,,3.0,,3.0,,3.0,,,3.0,,3.0,,3.0,,,,,,,,,,,,3.0,,,,,,,,,,,,,,,,,,,,,3.0,,,,39,5,0.1428571428571428,1.6698656429942418,0.1205814619163181
3.0,3.0,3.0,2.0,3.0,3.0,,,,,,,,3.0,,3.0,2.0,3.0,,3.0,3.0,,,,,3.0,,3.0,,,,3.0,3.0,,3.0,,,,2.0,,,3.0,,,,,3.0,3.0,3.0,,,,3.0,,,,0.0,3.0,,3.0,3.0,3.0,,,,,,,3.0,,3.0,3.0,,,,3.0,,,,3.0,2.0,3.0,3.0,3.0,,3.0,3.0,3.0,,,,3.0,,,,3.0,2.0,,3.0,3.0,3.0,,3.0,,3.0,3.0,,3.0,,3.0,3.0,,3.0,2.0,,3.0,,,3.0,3.0,,,,3.0,3.0,,,1.0,,3.0,,3.0,3.0,,,3.0,1.0,,3.0,0.0,3.0,3.0,2.0,3.0,3.0,3.0,,,,,3.0,,3.0,,,,,,,1.0,,,,3.0,,,,,3.0,,,,3.0,,,,,,,,3.0,3.0,,,3.0,,,0.0,,,3.0,3.0,3.0,,3.0,3.0,,3.0,,3.0,,3.0,,,,,3.0,3.0,,3.0,,,,,3.0,,3.0,,3.0,3.0,3.0,,2.0,2.0,,,,,,,,3.0,,,3.0,,,,,3.0,3.0,3.0,3.0,3.0,3.0,,,3.0,,3.0,,3.0,,,,,,,3.0,3.0,,,2.0,,,3.0,3.0,,,3.0,,3.0,,,3.0,3.0,3.0,,,,,,,,3.0,,3.0,3.0,,,3.0,2.0,1.0,,,,,,,3.0,,0.0,2.0,,,,,3.0,,,,,,3.0,,,,3.0,,3.0,3.0,,,,,,3.0,,3.0,,,3.0,,3.0,,,,,,,,,3.0,3.0,3.0,3.0,,,3.0,3.0,3.0,3.0,3.0,3.0,,3.0,3.0,3.0,,3.0,3.0,,,2.0,3.0,,3.0,,,3.0,,,3.0,2.0,1.0,3.0,,,,3.0,3.0,,,,,,3.0,3.0,,,,,,3.0,,,,,3.0,,3.0,,,40,5,0.1216216216216216,1.5362162162162163,-0.08685616282042263
3.0,,,3.0,,,,2.0,3.0,3.0,3.0,3.0,3.0,0.0,3.0,,3.0,,,3.0,3.0,,,,3.0,3.0,3.0,,3.0,,,3.0,,,3.0,3.0,,,,,,,,,,,3.0,,1.0,0.0,,,3.0,,,,3.0,3.0,3.0,3.0,2.0,,,,,,,,,,2.0,3.0,,,,,,,,,3.0,3.0,3.0,,,,,3.0,,,,1.0,,,,,3.0,,3.0,2.0,,,3.0,,3.0,,,,,,,,,,,3.0,3.0,,3.0,,,,,3.0,3.0,,,,,,,3.0,,,,3.0,,,3.0,,,3.0,,,,,,,,,,,,3.0,,,0.0,,,3.0,,,,,,,,,3.0,,,,,,,,,,,,2.0,,,,3.0,,,,,,,,,,,3.0,,3.0,,3.0,,,,,,,,,,,,,,,2.0,,,,3.0,,,,3.0,,,,,,,,,,,,,,,,,3.0,,,,3.0,,,,3.0,,,,,,,,,,,,3.0,,,3.0,,,,,,,,0.0,,,,1.0,3.0,,,,,,3.0,,,,,,3.0,,,,,3.0,,,,,,,3.0,,,,,,3.0,,,2.0,,,,,3.0,,,,,,,,,,3.0,3.0,,,,,,,3.0,2.0,,3.0,,,,,,,,,,3.0,,,3.0,,,,,,,,2.0,,,,3.0,3.0,,,3.0,,,3.0,,,3.0,,,3.0,,,3.0,,,3.0,,,,,,,,,,,,,,,,,,,,,,,,,41,5,0.1710526315789473,1.6372745490981964,0.15372650952845066
,,,3.0,3.0,3.0,,,3.0,3.0,,,3.0,3.0,,,,,,3.0,3.0,,,,2.0,3.0,3.0,,3.0,2.0,1.0,3.0,3.0,0.0,3.0,2.0,,,,,,,3.0,,,3.0,3.0,3.0,1.0,,,,3.0,,,,,3.0,,3.0,3.0,3.0,,,3.0,,,,3.0,,0.0,2.0,,3.0,,3.0,,,,3.0,2.0,3.0,3.0,3.0,,3.0,3.0,2.0,,3.0,,2.0,,3.0,,3.0,2.0,,3.0,3.0,3.0,,3.0,,3.0,3.0,,,3.0,3.0,3.0,3.0,,3.0,,3.0,,3.0,,,,,,2.0,3.0,,3.0,3.0,3.0,,,3.0,,,,,,,3.0,,,3.0,,3.0,,,,,,3.0,,,3.0,,,,,,,3.0,,,,3.0,,,,,,,,,3.0,,,,,,,,3.0,,,,3.0,3.0,3.0,3.0,,,3.0,3.0,3.0,,,3.0,,3.0,,3.0,,,,3.0,,,,,,,3.0,,,,,,,,3.0,3.0,,,3.0,3.0,,,,,,,,,3.0,,,,,,3.0,3.0,,,3.0,3.0,,,3.0,3.0,,3.0,,,,,,,,3.0,3.0,3.0,,,3.0,,,3.0,,,,3.0,3.0,,3.0,3.0,,,3.0,,,,,0.0,,0.0,3.0,,,3.0,3.0,3.0,,1.0,3.0,,,,,,,3.0,,,1.0,,3.0,,,,,,,,,3.0,,3.0,,,,,,,,,3.0,3.0,,,3.0,,,3.0,,,3.0,,,,,,3.0,,,,,,,,,,3.0,,3.0,,,3.0,3.0,3.0,,3.0,3.0,,3.0,3.0,3.0,3.0,3.0,,,3.0,,,3.0,,,3.0,,,,2.0,3.0,,3.0,,,,,,,,,,,,,,,,3.0,,3.0,,,42,5,0.0977443609022556,1.6088957055214723,-0.13073344562994257
,3.0,,3.0,,,,2.0,,,3.0,,,,,,,,,,3.0,,,,,,,,,2.0,,,,,,,,,,,,,,,,3.0,,,,,,,,,,,,,2.0,,,,,,,,,,,,,,,,,,,,,,,,3.0,,,,,,,,,,,,,,,,,,,,,,,,3.0,,,,,,,3.0,,,,,,,,,,,,,,,,,,,,,,,,,,,0.0,,2.0,,,,,,,,,,,,,,,,,,,,,,,,,,3.0,,,,3.0,,,3.0,,,,,,1.0,,,,,,,,,3.0,,,,,,,3.0,2.0,3.0,,,,,,,,,,,,,,,1.0,2.0,,,,,,,,,,,,,,,,,,,,,,,,,,,,,,2.0,,,,,,,,,,,0.0,,,,,,,,,,,,,,,,,,,,,,0.0,,,,,,,,,,,,,,,,,,,,,3.0,,,,,,,,,,,,,,,,,,,,,,,,,,,,,,,,,,,,,,,,,,,,,,,,,,,,0.0,,,,,,,,,,,,,,,,,,,,,,,1.0,,,,,,,,,,,,,,,,,,,,,,,,,,,,,43,5,0.9230769230769232,1.8214285714285714,0.609653202934574
3.0,,,3.0,,,,,,,,,,,,3.0,,,,,3.0,,,,,,3.0,,,3.0,3.0,3.0,,,,3.0,,,,,,,,,,,3.0,3.0,,,,,3.0,,,,3.0,3.0,,3.0,3.0,,,,,,,,,,,3.0,,,,,,,,,2.0,2.0,3.0,,,,,3.0,,,,3.0,,,,3.0,3.0,,,,,,,,3.0,3.0,,3.0,2.0,3.0,,,,3.0,,3.0,3.0,,3.0,,,,,,3.0,3.0,1.0,,,,,3.0,,,,,,,,,,3.0,,,,,,,,,,,3.0,,,,,,,3.0,1.0,,,3.0,,,,,,1.0,2.0,,3.0,,,,,,,,,3.0,,,3.0,,3.0,3.0,,,2.0,,3.0,,,3.0,,2.0,,3.0,,2.0,0.0,,,3.0,,,3.0,,,,,,,3.0,,,3.0,,,,3.0,3.0,,,,3.0,,,,,,,3.0,,,,,3.0,,,,,,,,,,,,,,3.0,,,,,3.0,,,,,,,,,,,3.0,,,,,,,,,,,,,,,3.0,,,3.0,,3.0,,3.0,,,,,,,,,,,0.0,,,,,,,,0.0,,,,,3.0,,,3.0,2.0,,,,,,,3.0,,,,,3.0,,,,,,,,,,,,,3.0,,,,,,,,,,,3.0,,0.0,,3.0,,,,3.0,3.0,,3.0,,,,,3.0,,,,3.0,,,,,,,,,,,,,,,,,,3.0,,,,,,3.0,,,,44,5,0.2112676056338028,1.8329466357308584,0.13299384113596194
3.0,3.0,3.0,3.0,3.0,3.0,3.0,3.0,3.0,3.0,3.0,3.0,3.0,3.0,3.0,3.0,3.0,,,3.0,2.0,,2.0,3.0,,0.0,3.0,3.0,3.0,,3.0,3.0,3.0,,3.0,2.0,,,3.0,,3.0,3.0,3.0,,,3.0,3.0,3.0,3.0,,,3.0,2.0,,3.0,2.0,3.0,3.0,3.0,3.0,3.0,3.0,,3.0,,3.0,,3.0,2.0,,3.0,2.0,,3.0,3.0,3.0,3.0,,3.0,3.0,2.0,3.0,2.0,3.0,3.0,3.0,3.0,1.0,,,,3.0,,3.0,,2.0,3.0,,3.0,3.0,3.0,3.0,2.0,3.0,0.0,3.0,,,3.0,,3.0,,,2.0,,3.0,3.0,3.0,3.0,,,3.0,3.0,2.0,3.0,3.0,1.0,3.0,,1.0,,3.0,,,,3.0,,,3.0,,3.0,1.0,,3.0,3.0,,3.0,,3.0,,,,3.0,,3.0,,,,,3.0,3.0,,3.0,3.0,,3.0,,,3.0,,,,3.0,,,,,,,,3.0,3.0,,,3.0,3.0,3.0,3.0,,3.0,3.0,3.0,3.0,3.0,3.0,3.0,3.0,3.0,3.0,3.0,,3.0,3.0,3.0,,3.0,3.0,3.0,3.0,3.0,,3.0,,,3.0,3.0,3.0,,2.0,3.0,,,2.0,2.0,0.0,,,3.0,,,,3.0,3.0,1.0,3.0,3.0,3.0,,,3.0,3.0,3.0,3.0,3.0,3.0,,3.0,3.0,,,,3.0,3.0,3.0,3.0,,,3.0,3.0,3.0,,,2.0,,3.0,3.0,,,3.0,3.0,,3.0,,3.0,3.0,,3.0,,,,,3.0,,,3.0,,3.0,3.0,,3.0,3.0,3.0,3.0,3.0,3.0,3.0,,,,3.0,3.0,,3.0,,,3.0,,3.0,3.0,,,,,3.0,0.0,3.0,3.0,,,2.0,3.0,,3.0,,3.0,,3.0,3.0,3.0,,3.0,3.0,3.0,3.0,3.0,,,,,2.0,3.0,1.0,3.0,3.0,3.0,3.0,3.0,2.0,3.0,3.0,3.0,3.0,3.0,,,3.0,3.0,3.0,,3.0,3.0,,3.0,3.0,3.0,3.0,2.0,,,3.0,3.0,,3.0,3.0,,3.0,3.0,,,3.0,3.0,,,1.0,,,3.0,,,,,,,3.0,,,,,3.0,3.0,3.0,3.0,,45,5,0.055793991416309,1.3245936025170424,-0.16731247239263947
,3.0,,,3.0,,,,,,,,,,,,,,2.0,,3.0,,3.0,,,,,,,,,,,,,,,,,,,,,2.0,,,,,,,,,,,,2.0,,,,,3.0,,,,,,,,,,,3.0,,,,,,,,,,,3.0,,,,,3.0,,,,3.0,,,,,,,,,,,,,,,,,,,,,,3.0,,,,,3.0,,,,,,,,,,,,,,,,,,,,0.0,,,3.0,,,,,,,,,,,,0.0,,,,,,,3.0,,,,,,,,,,,,2.0,,,,,,,,,,,,,,,,,3.0,,2.0,3.0,,,,,3.0,,3.0,,,,,,,,,,,,,,,3.0,,,,,,,,,,,,,,,,,,,,,,,,,,,,,3.0,,,,,,,,,,,,,,,,,,,,,,,,,,,,,,,,,,,,,3.0,,,,,,,,,,,3.0,,,,,,,,,,,,,,3.0,,,,,,,,,,,,,,,,,,0.0,0.0,,,,,,,,3.0,,,,,,,,3.0,,,,,,,,,,,,,,,3.0,,,,,3.0,,2.0,,,,1.0,,,,,,,,,,,,,,,,,,,2.0,,,,,,,,,,,,,,,,,,46,5,0.7,1.7388059701492538,0.41625751550328793
,,,,3.0,,3.0,,3.0,3.0,3.0,2.0,3.0,3.0,3.0,3.0,3.0,,,,2.0,,3.0,,3.0,3.0,3.0,3.0,3.0,,,3.0,,,3.0,3.0,,,3.0,,,,3.0,,,,,,,,,,3.0,,,,3.0,,,3.0,3.0,3.0,,,,,,3.0,,,,2.0,,,,0.0,3.0,,3.0,2.0,3.0,3.0,,,3.0,,,3.0,,,,3.0,,3.0,,3.0,1.0,,3.0,3.0,3.0,3.0,3.0,,3.0,3.0,,3.0,3.0,,3.0,,,3.0,,3.0,,,,,,,,,3.0,,,,,,,2.0,,,,3.0,,,3.0,3.0,3.0,3.0,,,,,,,,,,,3.0,,,,,,,3.0,,,,3.0,,3.0,,,3.0,,,,3.0,,,,,,,,0.0,,,,,,3.0,3.0,,,1.0,3.0,3.0,,,,3.0,3.0,,3.0,,,,,,3.0,,3.0,3.0,,,3.0,,,3.0,,,,2.0,3.0,,3.0,3.0,2.0,,,,,,,,3.0,3.0,1.0,3.0,3.0,1.0,,,3.0,2.0,3.0,3.0,3.0,3.0,,,,,,,,,,,,,3.0,3.0,,2.0,,3.0,,,3.0,,,,3.0,,3.0,,3.0,3.0,,3.0,,,,,,,,3.0,,,3.0,,,3.0,3.0,3.0,,,,3.0,,,3.0,,,,,,3.0,,,3.0,,3.0,,,3.0,,3.0,,,,,2.0,,,,3.0,1.0,3.0,,3.0,,,3.0,,3.0,3.0,,,,,,3.0,,,3.0,,2.0,,,0.0,,,3.0,,,,3.0,3.0,3.0,,,3.0,,,3.0,3.0,,,,,3.0,3.0,3.0,3.0,,3.0,,,,,3.0,3.0,,,,,,,,,,,,,0.0,,,,,,,3.0,,,47,5,0.1076923076923077,1.6687697160883281,0.018052767027708482
,,,,,,,,,,,,,3.0,,,,,,3.0,,,,,,,,,,,,,,3.0,,,,,,,,,,,,3.0,,3.0,,,,,,,,,,,,3.0,,,,,,,,,,,2.0,3.0,,,,,,,,,3.0,,,,,,,,,,,3.0,,,,,,3.0,,,,,3.0,,2.0,,,,,,,,,,,,,,,,,,,,,,,,,,,3.0,,,,,,,,,,,,,,,,,,,,0.0,2.0,,,,,,,3.0,,,,,,,,,,,,,,,,,,,,,,,,,3.0,,,,,,,,,,,,,3.0,,3.0,,,1.0,,,,,,,,,,,,,,,,,,,,,,,,,,0.0,,,,,,,,,,,,,,,,,,,,,,,,,,,,,,,,,,,,,,,,,,,,,,,,,,,,,,,,,,0.0,,,,3.0,,,,,,,,,,,3.0,,,,,,,,,,,,,,,,,,,,,,,,,,,,,,,,,,,,,,,,,,,,,,,,,,,,,,3.0,,,,,,,1.0,3.0,,,2.0,,,,,,,,,,,,,,,,,,,,,,,,,,,,0.0,,,,,,,,,48,5,0.7333333333333333,1.935483870967742,0.4309800942754268
,,,,,,,,,,,,,3.0,,,,,,,,,,,,,,,,,,,,,,,,,,,,,,,,,,,,,,,1.0,0.0,,,,,,,,,,,,,,,,,,,,,,,,,,,3.0,,,,,,,3.0,,,,3.0,,,,3.0,3.0,,,,,,,,3.0,,,,3.0,,,,,,,,,,,,,,2.0,,,,3.0,,,,,3.0,,,,,,,,,,3.0,,,,,,,,,,,0.0,,,,,,,,,,,,,,,,,,,,,,,,,,,,,,,,3.0,,,,,,,,,,,,,3.0,,,,,,,,,,,,,,,,,,,,,3.0,,,,,2.0,,,,,,,,,,,,,,,,,,,,3.0,,,,,,,,,2.0,,,,,,,,,,,,3.0,,,,3.0,,,,,,,,,,,,,,,,,,,,,,,3.0,2.0,,,,,,,3.0,,,,,,,,,,,,,,,,,,,,,2.0,,,,,,,,,,,,,3.0,,,,,,,,,,,,,,,,,,,,0.0,,3.0,,,,3.0,,,2.0,3.0,2.0,,0.0,,,3.0,,,,,,,,,,,,,,,,,,,,,,,,,,3.0,,,,,,,,49,5,0.4347826086956521,1.7380952380952381,0.4282856553287609
,,,3.0,3.0,,,,,,,,,,,,,,,,3.0,,3.0,,3.0,3.0,3.0,3.0,,,,3.0,3.0,,,,,,,,,,,,,,,,,,,,3.0,,3.0,3.0,,,3.0,3.0,,,,3.0,,3.0,,,,,,3.0,,,,,,,2.0,,3.0,3.0,2.0,,,,,,,0.0,,2.0,,,,3.0,3.0,,,,,,,,3.0,2.0,,,,,,,,3.0,,3.0,,3.0,,,,,,3.0,3.0,,,,,,,2.0,,,,,,,3.0,,,3.0,,3.0,,,,,,,,,3.0,,,,,,,3.0,,,,,,,,,,3.0,,,3.0,3.0,,,,,,,,,,,3.0,,,,,,3.0,,,,,,,2.0,,3.0,,,0.0,,,3.0,3.0,,,,,,,,,1.0,3.0,,,,,,,,,,,,,,,,,,,,,,,,,,,,,,,3.0,,,,,,,,,,3.0,,,,,,,,,,,,,,,,,,,,,,,,3.0,,,,,,,,3.0,,3.0,,,,,,,,3.0,,,3.0,,,3.0,,,3.0,,,,,1.0,,,,,0.0,3.0,,,,,,,,,3.0,,3.0,3.0,,,,,,,,,,,,,3.0,3.0,,,,,1.0,,2.0,,,3.0,,3.0,,3.0,3.0,,,3.0,3.0,,3.0,,,3.0,,,3.0,,,3.0,,,,0.0,,2.0,,,,,,,,,,,,,,,,,,3.0,,,,50,5,0.234375,1.6063569682151588,0.15911138762075663
,3.0,,,3.0,3.0,,3.0,,,,,,,,,,,,,2.0,,,,,,,,,,,,,,3.0,3.0,,,,,,,,,,,,,,,,,,,,3.0,,,,3.0,,,,,,,,,3.0,,,3.0,,,,,,,,,3.0,,3.0,3.0,3.0,,2.0,3.0,,,,3.0,,,,2.0,3.0,3.0,,,0.0,,,,3.0,,,,,,,2.0,,,,,3.0,,3.0,,,,,,,,,,,,,3.0,,,,3.0,,,3.0,,,3.0,,3.0,,1.0,,,,,,,,,,,,,,,0.0,,,,,,,,3.0,,,,3.0,,,,,,,,,,,,2.0,,,,,,,,,,0.0,3.0,,3.0,,3.0,,,,,,,,,,,,,,,,,,,3.0,,,,3.0,3.0,,,,,,,,,3.0,,,,,,,3.0,,,,3.0,,,,3.0,,,,,,,,,,,,,,,,,,,,,,,,,,,,,,,,,,,,,,,,,,,3.0,3.0,3.0,,,0.0,,,,3.0,,,,,,,,,,,,,,,,,,,,,3.0,,,,,,,,,,,,,,,3.0,,,,,,,,,,,,,,,,,,,,,,3.0,,,2.0,,1.0,3.0,,,2.0,,,3.0,,,,,,,,,,,,,,,,,,,,,,,,,,,,,,,,,,51,5,0.3333333333333333,1.6009174311926606,0.30032296124153557
3.0,2.0,2.0,3.0,0.0,3.0,3.0,,,,3.0,,,,,,,,,3.0,3.0,3.0,3.0,,,2.0,3.0,3.0,3.0,2.0,3.0,3.0,1.0,,3.0,3.0,,,,3.0,,,,,,,,3.0,3.0,,,3.0,3.0,,3.0,,,3.0,,3.0,3.0,3.0,,,,,,3.0,2.0,,3.0,3.0,,,,3.0,,,3.0,,3.0,,1.0,,,3.0,,3.0,,,,3.0,,2.0,,3.0,3.0,,,,3.0,3.0,2.0,,3.0,,,,3.0,,2.0,,,3.0,,3.0,,3.0,3.0,,,,,3.0,3.0,,,,,1.0,,3.0,,,,,,,3.0,,,3.0,,3.0,,,3.0,,,,,,,,,,,,,3.0,,,3.0,,3.0,,3.0,,,,,,3.0,,,,,,,,,3.0,,0.0,1.0,2.0,3.0,,,3.0,3.0,3.0,3.0,,,,,3.0,,3.0,,,3.0,3.0,,,3.0,3.0,3.0,,,,,,3.0,,,,3.0,,,,3.0,,,,,,,,,,3.0,,,,,,,3.0,,2.0,,3.0,,,,2.0,,,,3.0,3.0,,,,,,,3.0,3.0,,3.0,,,,3.0,,,,,,,,,3.0,3.0,,,,,,,,3.0,,3.0,,,,,3.0,3.0,3.0,3.0,2.0,,,,3.0,,,,,,3.0,,3.0,,,,,,,,3.0,3.0,,,,,0.0,,3.0,,,,,3.0,,,3.0,,,,,,,,,3.0,,,,3.0,,,,,,3.0,,,,3.0,3.0,,,,,3.0,,3.0,3.0,3.0,3.0,2.0,,,3.0,,2.0,3.0,,,3.0,3.0,,,,3.0,,,,,,,,,,,,,,,,,0.0,,,,,,52,5,0.1696428571428571,1.5535248041775458,0.09312583843658712
3.0,,3.0,3.0,3.0,,,,,,,,,,,,,,,3.0,3.0,,,,,,,,,,,,,,,,,,3.0,,,,,,,,,,,0.0,,,3.0,,,,3.0,,,,3.0,3.0,,,,,,,,,3.0,2.0,,,,3.0,,,,,3.0,3.0,,,,,,3.0,,,,,,,,3.0,3.0,,,,,,,,2.0,,,,3.0,,1.0,,,,,,,,,,,,,,,,,,,,,3.0,,,,,,,,,,3.0,,,,,,,,,,,3.0,,,,,,,3.0,,0.0,,,,,,,,,,,2.0,,,,,,,,,,,,,,3.0,3.0,,,3.0,,3.0,,,,,3.0,,,,,3.0,,,,,0.0,,,,,,,3.0,,,,2.0,,3.0,,,3.0,,,,,,,,,3.0,,1.0,,,,,,,,,,,,,,,2.0,,,,,,,,,3.0,,,,3.0,,,,,,,,,,,,,,3.0,,,,,,,,,,,3.0,0.0,,,3.0,3.0,,,,,,,3.0,,,,,,,,,,,,,,,,,,,,,,,,,,,,3.0,3.0,,,,,3.0,3.0,,,,,,,,,3.0,,,,,,,,,,,2.0,3.0,,,,,3.0,,,2.0,,,3.0,,,,,,,,,,3.0,,,3.0,3.0,,,,,,,,,,,,,,,,,,3.0,,,,,53,5,0.2448979591836734,1.7951388888888888,0.16989789843294426
3.0,3.0,2.0,2.0,3.0,3.0,3.0,3.0,3.0,3.0,2.0,3.0,3.0,3.0,3.0,3.0,3.0,3.0,,3.0,2.0,3.0,3.0,,3.0,1.0,3.0,3.0,3.0,3.0,3.0,1.0,3.0,3.0,2.0,3.0,3.0,3.0,2.0,3.0,3.0,3.0,3.0,3.0,,3.0,3.0,3.0,2.0,3.0,,3.0,2.0,,3.0,3.0,3.0,3.0,3.0,3.0,2.0,2.0,3.0,3.0,,3.0,,3.0,3.0,,2.0,2.0,3.0,3.0,3.0,3.0,3.0,3.0,3.0,3.0,2.0,3.0,2.0,3.0,3.0,3.0,3.0,1.0,3.0,3.0,2.0,3.0,,3.0,,3.0,3.0,,3.0,3.0,3.0,3.0,3.0,3.0,2.0,3.0,,,3.0,3.0,3.0,3.0,3.0,3.0,,3.0,3.0,3.0,3.0,3.0,,3.0,3.0,2.0,3.0,3.0,3.0,3.0,3.0,3.0,3.0,3.0,,3.0,3.0,3.0,,,3.0,,3.0,3.0,,3.0,3.0,3.0,3.0,,3.0,,,,3.0,,3.0,3.0,3.0,3.0,3.0,2.0,3.0,3.0,3.0,0.0,,3.0,,,2.0,3.0,3.0,3.0,2.0,3.0,3.0,3.0,3.0,2.0,,3.0,3.0,3.0,,,2.0,3.0,3.0,3.0,3.0,3.0,3.0,2.0,3.0,2.0,3.0,3.0,3.0,2.0,3.0,3.0,,2.0,3.0,3.0,3.0,3.0,3.0,3.0,3.0,3.0,3.0,3.0,,,3.0,3.0,3.0,3.0,2.0,2.0,3.0,3.0,2.0,2.0,,,,3.0,3.0,,,3.0,3.0,0.0,3.0,3.0,3.0,,,3.0,2.0,3.0,3.0,1.0,3.0,,3.0,2.0,3.0,3.0,,3.0,3.0,3.0,,3.0,,3.0,2.0,1.0,3.0,3.0,3.0,,3.0,3.0,2.0,3.0,3.0,3.0,,1.0,,3.0,3.0,2.0,3.0,0.0,3.0,,3.0,3.0,3.0,,1.0,,3.0,3.0,3.0,3.0,3.0,3.0,0.0,3.0,3.0,3.0,3.0,,,3.0,3.0,3.0,3.0,,,3.0,3.0,3.0,3.0,,3.0,,,3.0,,3.0,3.0,3.0,3.0,1.0,2.0,,3.0,3.0,3.0,,3.0,3.0,3.0,,3.0,3.0,3.0,3.0,3.0,,,3.0,2.0,,2.0,3.0,,3.0,3.0,3.0,3.0,3.0,3.0,3.0,3.0,3.0,3.0,3.0,3.0,2.0,3.0,3.0,,3.0,3.0,,3.0,2.0,3.0,3.0,3.0,,,3.0,3.0,3.0,3.0,1.0,3.0,3.0,3.0,3.0,,3.0,3.0,3.0,,3.0,,3.0,3.0,3.0,3.0,3.0,,,,3.0,,3.0,,,2.0,3.0,3.0,3.0,,54,5,0.0562913907284768,1.2109279609279608,-0.3150768362679221
,3.0,,,,,,,,3.0,,,,,,,,,,,3.0,,,,,,0.0,,3.0,,,,,,,3.0,,,,,,,,,,,,,,,,,3.0,,,,,,,,,,,,,,,,,,,,3.0,,,3.0,,,,,2.0,,3.0,,,,3.0,1.0,3.0,,,,,3.0,,,,,,,,,,,2.0,,,,,,,,,,,3.0,,,,,,,2.0,,,,0.0,,0.0,,,,,,,3.0,,,3.0,,,,,3.0,,,,,,,,,,,,3.0,,,,,,,,,,,,,3.0,,,,3.0,,,,,,,,,,,,3.0,,3.0,,,,3.0,,,,,3.0,,3.0,,,,,,,,,,,,,,,,,3.0,,,,,3.0,,2.0,,3.0,,,,,3.0,,,,,,,,,,,,,3.0,,,,,,,,,,,,3.0,,,,,,,,,3.0,,,,,,,,,0.0,,,,,,,,,1.0,,,,,,,,,,,,,,,,,,,,,,,,,,,,,,,,,,,,3.0,,,,,,,,,,,,,,,,,,,,,,,,,,,,,,,,,2.0,,,,,,,,,,,,,,,,,,,,,,,,,,3.0,,,,,3.0,,,,,,,,,,,,,,,,,,3.0,,,,3.0,55,5,0.5357142857142857,1.7829457364341086,0.11328818486922834
,1.0,,,,,,,,,,,,,,,,,,,,,,,,,,,,,,,3.0,,,,,,,,,,,,,,,,,,,,,,,,,,,,,,,,,,0.0,,,,3.0,,,,,0.0,,,,,,,,,,,,,,,,,,,,,,,,,,,2.0,,,,,,,,,,,,3.0,,,,,,,,,,,,,,,,,,,,,,,,,,,,,,,,,,,,,,,,,,,,2.0,,,,,,,,,,3.0,,,,,,0.0,,,,,,,,,,,,,,,,,3.0,,,,,,,,,,,,,,,,,,,,,,,,,,,,,,,,,,,,,,,,,,,,,,,,,,,,,,,,,,,,,,,,,,,,,,,,,,,,,,,,,3.0,,,,,,,,,,,,,,,,,,,,,,,,,,,,,,,,,,,,,,,,,,,,,,,,,,,,,,,,,,,,,,,,,,,,,,,,,,,,,,,,,0.0,,,,,,,,,,,,,,,,,,,,,,,,,,,,,,,,,,,,,,,,,,,,,,,,,,56,5,0.0,2.2857142857142856,0.2322003336662779
,,,,3.0,,,,,,,,,,,,,,,,,,,,,,,,,,,,,,,,,,1.0,,,,,,,,,,,,,,,,,,,,,,,,,,,,,,,,,,,,,,,,,,3.0,,,,,1.0,,,,,,,,,,,,,,,,3.0,,,,,,,,,,,,3.0,,,,,,,,,,,,,,,,,,,,,,,0.0,,,,,,,,,,3.0,,,,,,2.0,,,,,,,,,,,,,,,,,,,,,,,,,,,,,,,,,,3.0,,,,,,,,,,,,,,,,,,,,,,,2.0,0.0,,,,,,,,,,,,,,,,,,,,,,,,,,,,,,,,,,,,,,,,,,,,,,,,,,,,,,,,,,,,,,,,,,,,,,,,,,,,,,,,,3.0,,,,,,,,,,,,,,,3.0,,,,,,,,,,,,,3.0,2.0,,,,,,,,,,,,0.0,,,,,,,,,,,,,3.0,,,,3.0,,,,,0.0,,,,,,,,,,,,,,,,,,,,,,,,,,,,,,,,,,,,,,,,,,,,,,,,,57,5,4.333333333333333,2.2222222222222223,0.43868175770871165
,,,,,,,,,,,,,,,0.0,,,,,,,,,,,,,,,,,,,,,,,,,,,,,,,,,,,,,,,,,,,,,,,,,,,0.0,,,,,,,,,,,,,,,,,,,,,,,,,,,,,,,,,,,,,,,,,,,,,,,,,,,,,,,,,,,,,,,,,,,,,,,,,,,,,,,,,,,,,,,,,,,2.0,,,,,,,,,,,,,,,,0.0,,,,,,,,,,,,,,,,,,,,,,,,,,,,,,,,,,,,,,,,,,,,,,,,,,,,,,,,,,,3.0,,,,,,,,,,,,,,,,,,,,,,,,,,,,,,,,,,,,,,,,,,,,,,,,,,,,,,,,,,,,,,,,,,,,,,,,,,0.0,,,,,,,,,,,,,,,,,,,,3.0,,,,,,,,,,,,,,,,,,,,,,,,,,,,,,,,,,,,,,,,,,,,,,,,,,,,,,,,,,,,,,,,,,,,,,,,,,,,,58,5,0.0,3.0,0.6374552583116766
,,,,,,,,,,,,,,,,,,,,3.0,,,,,,,,,,,,,,,,,,,,,,,,,,2.0,,,,,,3.0,,,3.0,2.0,,,,,,,,,,,,,,,3.0,,,,,,,,,3.0,,,,,,,,,0.0,,,,,,3.0,,,,,,,1.0,,,,,,,,,,,,,,,,,,,,,,3.0,,,,,,,,,,,,,,3.0,,,,,,,,,,,,,,3.0,,,,,,,,,,,,,0.0,,,,,,,,,,,,,,,,,,,,,,,,,2.0,,,,,,,3.0,,3.0,,,,,,3.0,,,,,,,,,,,,,,,,,,3.0,,,,2.0,,,,,3.0,,,,,,,,,,,,,,,,,,,,,,0.0,,,,,,,,,,,,,,,,,,,,,,,,,,,,,,,,,,,,,3.0,,,,,,,,,,,,,,,,,,,,,,,,,,,,,,,,,,,,,3.0,,,,,,,,,,,,,,,2.0,,,,,,,,,,,,,,,0.0,,,,,,,3.0,,,,,,,,,,,,,,,,,,,,,,,,3.0,,,,,,,,,,,,,,59,5,0.7142857142857143,1.8571428571428572,0.5286785031312483
3.0,3.0,,3.0,3.0,,,3.0,3.0,,3.0,3.0,,3.0,3.0,,,,,,3.0,,3.0,,,3.0,2.0,,3.0,3.0,,3.0,,,3.0,3.0,,,,,,,3.0,,,3.0,,,,,,,3.0,,,3.0,,,,3.0,3.0,,,,,,,,,,3.0,0.0,,,,3.0,,,,,3.0,3.0,3.0,,,3.0,,3.0,2.0,,3.0,3.0,,3.0,,3.0,3.0,,,,3.0,,3.0,,3.0,3.0,,,3.0,,2.0,,,3.0,,3.0,,,,,,,,,3.0,3.0,,3.0,,,1.0,2.0,,,,,,,3.0,,,3.0,,3.0,,3.0,,,,,,,3.0,,,2.0,,,,2.0,3.0,3.0,,,,,,,,,,,3.0,,,,,,,,,3.0,,,3.0,,,3.0,,,3.0,3.0,3.0,,,,3.0,0.0,,3.0,,1.0,3.0,,,,,3.0,2.0,,,,,,3.0,3.0,3.0,,3.0,,,3.0,,3.0,,,,,,,,,3.0,,,3.0,1.0,,,3.0,3.0,3.0,,3.0,,,,3.0,,,,,,,,,,3.0,,,,,2.0,,,,,2.0,,3.0,,,,,3.0,,3.0,,,,,,,,,,,3.0,,3.0,,3.0,3.0,3.0,3.0,,,,,2.0,,,2.0,,,0.0,,0.0,3.0,,,3.0,,,,,3.0,,,,,,,3.0,,,,,3.0,,3.0,3.0,,,,,,,,,,,,,,3.0,,,,,,,,,,3.0,,3.0,,3.0,3.0,,3.0,3.0,3.0,,,,,2.0,,,3.0,,,3.0,,,,,3.0,,,2.0,,,,3.0,,,,,,3.0,,,,,,3.0,,,,60,5,0.1588785046728972,1.4455611390284757,0.11427895242797505
,,,,,,,,,,,,,,,,,,,,,,,,,,,,,,,,,0.0,,3.0,,,,,,,,,0.0,,,,,,,,,,,,,,,,,,,,,,,,,,,,,,,,,,,,,,,,,,,,,,,,,,,,,,,,,,,,,,,,,,,,,,,,,,,,,,,,,,,,,,,,,,,,,,,,,,,,,,,,,,,,,,,,,,,,,,,,,,,,,,,,,,,,,,,,,,,,,,,,,,,,,,,,,,,,,,,,,,,,,,,,,,,,,,,,,,,,,,,,,,,,,,,,,,,,,,,,,,,,,,,,,,,,,,,,,,,,,,,,,,,,,,,,,,0.0,1.0,,,,,,,,,,,,,,,,,,,,,,,,,,,,,,,,,,,,,,,,,,,,,,,,,,,,,,,,,,,,,,,,,,,,,,,,,,,,2.0,,,,,,,,,,,,,,,,,,,,,,,,,,,,,,0.0,,,,,,,,,,,,,,,,,,61,5,0.0,,0.47714566349252646
3.0,3.0,3.0,3.0,1.0,2.0,3.0,3.0,3.0,3.0,1.0,3.0,3.0,3.0,3.0,3.0,3.0,,,3.0,2.0,3.0,3.0,3.0,3.0,2.0,3.0,3.0,3.0,3.0,3.0,3.0,3.0,3.0,3.0,3.0,3.0,3.0,3.0,,3.0,3.0,3.0,3.0,,3.0,3.0,3.0,3.0,3.0,,3.0,0.0,,3.0,3.0,3.0,0.0,3.0,2.0,2.0,1.0,,3.0,,3.0,,3.0,2.0,,3.0,3.0,,3.0,3.0,3.0,3.0,3.0,3.0,3.0,2.0,3.0,2.0,2.0,3.0,2.0,3.0,0.0,3.0,1.0,3.0,2.0,3.0,3.0,,2.0,1.0,3.0,3.0,3.0,3.0,3.0,3.0,3.0,3.0,3.0,,,3.0,3.0,3.0,3.0,3.0,3.0,3.0,2.0,3.0,3.0,3.0,3.0,3.0,3.0,3.0,3.0,2.0,3.0,3.0,3.0,3.0,3.0,3.0,3.0,,,,3.0,,,3.0,3.0,3.0,2.0,3.0,3.0,3.0,3.0,3.0,,3.0,,,,3.0,,3.0,,,,,2.0,3.0,3.0,3.0,3.0,3.0,3.0,,,3.0,3.0,,3.0,2.0,3.0,3.0,3.0,3.0,3.0,,3.0,3.0,3.0,,3.0,2.0,3.0,3.0,3.0,3.0,3.0,3.0,2.0,3.0,3.0,3.0,3.0,3.0,2.0,3.0,3.0,3.0,3.0,3.0,3.0,3.0,3.0,3.0,3.0,3.0,3.0,3.0,3.0,3.0,,2.0,3.0,3.0,3.0,2.0,3.0,3.0,3.0,2.0,2.0,,,,3.0,,,,3.0,3.0,3.0,3.0,3.0,,,,3.0,3.0,3.0,3.0,3.0,3.0,,3.0,2.0,3.0,3.0,,3.0,3.0,3.0,3.0,3.0,,3.0,3.0,3.0,3.0,3.0,3.0,,3.0,3.0,3.0,3.0,3.0,3.0,,3.0,3.0,3.0,3.0,3.0,3.0,3.0,3.0,,3.0,2.0,3.0,,3.0,2.0,3.0,3.0,3.0,3.0,2.0,2.0,3.0,3.0,3.0,3.0,3.0,,,3.0,3.0,3.0,3.0,,3.0,3.0,,3.0,3.0,0.0,3.0,,,3.0,3.0,3.0,3.0,3.0,3.0,3.0,3.0,,3.0,3.0,2.0,3.0,3.0,,3.0,,3.0,3.0,3.0,3.0,3.0,,,3.0,,,3.0,3.0,3.0,3.0,3.0,3.0,3.0,3.0,3.0,3.0,3.0,3.0,3.0,3.0,3.0,2.0,3.0,2.0,,3.0,3.0,,3.0,2.0,3.0,3.0,2.0,3.0,,3.0,,3.0,3.0,3.0,3.0,3.0,3.0,,,1.0,3.0,3.0,,,,,3.0,3.0,3.0,3.0,,,,3.0,,,3.0,,3.0,3.0,3.0,,,62,5,0.029126213592233,1.271525314414705,-0.4245065959835084
3.0,3.0,3.0,3.0,3.0,3.0,,,3.0,3.0,3.0,3.0,3.0,3.0,,,,,,3.0,3.0,,3.0,,,3.0,3.0,3.0,2.0,3.0,0.0,3.0,3.0,3.0,3.0,3.0,,3.0,3.0,,,3.0,3.0,,,3.0,3.0,,3.0,,,3.0,3.0,,3.0,2.0,3.0,3.0,3.0,1.0,3.0,3.0,,,,3.0,,,3.0,,2.0,2.0,,3.0,3.0,2.0,,,3.0,3.0,2.0,3.0,3.0,3.0,3.0,3.0,3.0,3.0,3.0,3.0,2.0,3.0,,3.0,,2.0,3.0,,3.0,3.0,3.0,,3.0,,3.0,3.0,,,3.0,3.0,3.0,,,3.0,,3.0,,,3.0,,,,3.0,3.0,2.0,,3.0,,3.0,3.0,0.0,2.0,,,,3.0,,,0.0,,,3.0,,3.0,,,3.0,,,,2.0,,3.0,,,,,,,3.0,3.0,3.0,,3.0,,,,,3.0,,,,3.0,,,,,1.0,,,,3.0,,3.0,2.0,3.0,3.0,,,,3.0,3.0,3.0,,,3.0,,3.0,,3.0,,,3.0,,,,3.0,3.0,3.0,,0.0,3.0,,,3.0,,,3.0,3.0,3.0,,3.0,3.0,3.0,,,,3.0,,,,3.0,3.0,,3.0,,,,,3.0,,1.0,3.0,3.0,3.0,,,3.0,,3.0,,,3.0,,,,,,3.0,,3.0,,3.0,,3.0,3.0,3.0,,,3.0,,,,3.0,,,3.0,,,,,,,,3.0,,3.0,3.0,,,3.0,2.0,1.0,,3.0,,3.0,,,3.0,3.0,2.0,3.0,,3.0,3.0,,3.0,,,,,,,,,,,,,1.0,,,,3.0,,,,3.0,,3.0,3.0,3.0,,3.0,,,,,,3.0,,3.0,3.0,,3.0,,,,,,,,,,3.0,,,,3.0,3.0,,3.0,3.0,,3.0,3.0,,,3.0,,,3.0,,,3.0,,,,,3.0,,,,,,3.0,,,,,,,3.0,,,,,3.0,3.0,3.0,,,63,5,0.0760233918128654,1.5858369098712446,-0.09971161698849443
3.0,3.0,3.0,3.0,3.0,,3.0,,3.0,3.0,2.0,3.0,3.0,3.0,,3.0,1.0,,,,3.0,,,,1.0,3.0,2.0,3.0,3.0,3.0,3.0,3.0,3.0,3.0,3.0,3.0,3.0,3.0,3.0,,,,,,,1.0,3.0,,3.0,,,0.0,3.0,,,3.0,3.0,3.0,3.0,3.0,3.0,3.0,,,,,,,3.0,,3.0,3.0,,,,3.0,1.0,,,,2.0,3.0,3.0,3.0,,3.0,3.0,3.0,,,,3.0,,,,3.0,3.0,,3.0,3.0,3.0,3.0,3.0,,3.0,,,,3.0,,3.0,,3.0,3.0,1.0,0.0,,3.0,3.0,,,,,3.0,3.0,2.0,3.0,,,,,3.0,,,,,,,3.0,,,3.0,,3.0,,,3.0,,,,,,3.0,,,,,,,3.0,,,,3.0,,,,,3.0,,,,3.0,,,,,,,3.0,3.0,3.0,3.0,,3.0,,,2.0,,,3.0,2.0,3.0,2.0,,3.0,,3.0,,3.0,,,3.0,3.0,,,,,3.0,,3.0,3.0,3.0,,1.0,3.0,3.0,,3.0,,,,3.0,3.0,,,,,,,,,3.0,,,,,,,,,,3.0,3.0,0.0,,0.0,2.0,3.0,3.0,,3.0,3.0,3.0,,,,,,3.0,3.0,,3.0,,,3.0,2.0,,,3.0,,,,,3.0,,,,,,,,,,3.0,3.0,2.0,3.0,,3.0,3.0,2.0,3.0,,,,,,,3.0,,,3.0,,,3.0,,,3.0,,,,,3.0,,,3.0,,,,3.0,,3.0,3.0,3.0,,3.0,,3.0,,,,,,3.0,,,,,,,,3.0,,,,,,3.0,3.0,3.0,,3.0,,,3.0,3.0,3.0,,3.0,2.0,,,3.0,,,,,,,,3.0,3.0,3.0,,2.0,,,,,3.0,,,,,,,,,,,,,,,,,,,,,,,64,5,0.0733333333333333,1.5444664031620554,0.020595624625699114
,,,2.0,,,,,,,,,,,,,,,,,,,,,,,,,,,,,,,,,,,,,,,,,0.0,,,,,,,,,,,,,,,,,,,,,,,,,,,,,,,,,,3.0,,,,,,,,,,,,,,,,,,,,,,,,,,,,,,,,,,,,,,,,,,,,,,,,,,,,,,,,,,,3.0,,,,,,,,,,,,,,,,,,,,,,,,,,,,,,,,,,,,,,,,,,,,,,,,,,,,,,,,,,,,,,2.0,,3.0,,,,,,,,,,,,,,,,,,,,,,,,,,,,0.0,,,,,,,,2.0,,,,,,0.0,,,,,,,,,,,,,,,,,,,,,,,,,,,,,,,,,,,,,,,,,,,,,,,,,,,,,,,,,,,,,,,,,,,,,,,,,,0.0,,,,,,,3.0,,,,,,,,,,,,,,,,,,,,,,,,,,,,3.0,,,,,,,,,,,,2.0,,,,,3.0,,,,,,,,,,,,,,,,,,,,,,,,,,,,,,,,,,65,5,9.0,2.090909090909091,0.16877060313785835
,,,,,,,,,,,,,,,,,,,,,,,,,,,,,,,,,,,,,,,,,,,,,,,,,,,,,,,,,,,,,,,,2.0,,,,,,,,,,,,,,,,,,,,,,,,,3.0,,,,,,,,,0.0,,,,,,,,,,,,,,,,,,3.0,,,,,,,,,,,,,,,,,,,,,,,,,,,,,,,,2.0,,,,,,,,,,,,,,,,,,,,,,,,,,,,,,,,,,,,,,,,,,,,,,,,,,,,,,,,,,,,,,,,,,,,,,,,,,,,,,,,,,,,,,,,,,,,,,,,,,,,,,,,,,,,,,,,,,,,,,,,,,,,,,,,,,,,,,0.0,,,,,,,,,,,,,,,,,,,,,,,,,,,,,0.0,,,,,,,,,,,,,,,,,,,,,,,,,,,,,,,,,,,,,,,,,,,,,,,,,,,,,,,,,,,,,,,,,,,,,,,,,,,,,,,,0.0,,,,,,,,,,,,66,5,0.0,,0.2457809998070054
2.0,,,,,,,,,,,,,,,,,,,,3.0,,,,,,,,,,,,,,,,,,,,,,,,,,,,,,,,,,,,,,,,,,,,,,,,,,,,,,,,,,,,,,,,,,,,,,,,,,,,,,,,,,,,,,,,,0.0,,,,,,,,,,,,,,,,,,,,,3.0,,,,,,,,,,,,,,,,,,,,,,,,0.0,,,,,,,,,,,,,,,,,,,,,,,,,,,,,,,,,,,,,,,,,,3.0,,,,,,,,,,,,,,,,,,,,,,,,,,,0.0,,,,,,,,,,,,,,,,,,,,,,,,,,,,,,,,,,,,,,,,,2.0,,,,,,,,,,,,,,,,,,,,,,,,,,,,,,,,,,,,,,,,,,,,,,,,,,,,,,,,,,,,,,,,,,,,,,,,,,,,,,,,,,,,,,,,,,,,,,,,,,,,,,,,,,,,,,,,,,,,,,,,,,,,,,,,,,,,,,,,,,0.0,67,5,0.0,2.3333333333333335,0.16035674514745463
,,,,3.0,,,,3.0,2.0,3.0,3.0,3.0,3.0,3.0,,3.0,,,,2.0,,,,,,3.0,,3.0,,,3.0,,,0.0,3.0,,,,,,,,,,,,,,,,,,,,,,,,3.0,,2.0,,,,,,,3.0,,,3.0,,,,,,,,,3.0,3.0,,,,3.0,,,,,,0.0,,,,3.0,3.0,,,3.0,,,,,3.0,,,,,3.0,,,,,,3.0,,,,,,,,3.0,,,,,,,,,,,,,,,,,,3.0,,,,,,,,,,,,,,,,,,,,,,,,,,,,,,,,,,,,,,2.0,,,,,3.0,,,,,,,,,3.0,,3.0,,,,3.0,,,,,,,,,,,,,,,,,,,,,0.0,,,3.0,1.0,0.0,,,,,,,,,,,,,,,,,,3.0,3.0,,,3.0,,,,,,3.0,,,,,,3.0,2.0,,,,,,,,,3.0,,,,,,,,2.0,,,,,,,,1.0,,3.0,,,,3.0,,,,,,,,,,,,,,3.0,,,2.0,,3.0,,,,,,,,,,,,,,3.0,,1.0,,3.0,,,3.0,,,3.0,,,3.0,,,,,,,,,,,,,2.0,,,,,3.0,,,,,,,,,,,,,,,,,,,,,,,,,,,,,,,,,,,,,,,,,,,,,,,,68,5,0.3181818181818182,1.8682170542635659,0.3295459814114558
,,,,,,,,3.0,,3.0,,,,,3.0,1.0,,,3.0,2.0,,,,,3.0,3.0,3.0,,3.0,2.0,0.0,,,3.0,,,,,,,,,,,,,,,,,,,,,,,,,,,,,,,,,,3.0,,3.0,3.0,,,,,,,,,3.0,,,,,,,3.0,,,,,,3.0,,3.0,3.0,,,3.0,0.0,,,,3.0,3.0,,,,,,,2.0,,,,3.0,,,,,,,,,,,,,,,3.0,,,,,,,0.0,,,3.0,,,,,,,,,,,,,,,,,,3.0,,,,,,,,,3.0,,,,,,,,,,,,,,,,,,,,,,3.0,3.0,,,,,,3.0,,,,,,,,,,,,,,,,,3.0,,,,3.0,,,,3.0,,,,,,,,,,,,,,,,,,,,,,,,,,,,,,,,,,,,,,,,,,,,,,,1.0,,,,,,,,,,2.0,,,,,,,,,,,,3.0,,,,,,,,,,,,,,,,,,,,,,,,,,,,,,,,,,,,,,,,,,,,,,,,,,,,,,,,,,,,,,,,,,,,,,,,2.0,,,,3.0,,,,,0.0,,,,,,,,,,,,,,,,,,,,,,,,,,,,,,,69,5,0.25,1.8258426966292134,0.27485631722267456
3.0,3.0,3.0,3.0,2.0,3.0,3.0,3.0,3.0,3.0,3.0,3.0,,3.0,,3.0,,,3.0,3.0,2.0,,3.0,3.0,3.0,3.0,3.0,3.0,3.0,3.0,3.0,3.0,3.0,,3.0,3.0,3.0,,3.0,,3.0,,,3.0,,3.0,3.0,3.0,3.0,,,3.0,2.0,,3.0,3.0,3.0,3.0,3.0,3.0,3.0,2.0,,0.0,,,,,3.0,,3.0,2.0,,,3.0,3.0,,,,1.0,2.0,3.0,3.0,3.0,3.0,3.0,3.0,3.0,,,3.0,3.0,,3.0,,3.0,2.0,,3.0,,2.0,3.0,3.0,3.0,2.0,2.0,,3.0,3.0,,3.0,3.0,3.0,0.0,,3.0,3.0,3.0,,,3.0,,3.0,3.0,3.0,3.0,3.0,3.0,,,,3.0,3.0,,,3.0,,,1.0,3.0,,1.0,3.0,3.0,3.0,,3.0,,3.0,,,,3.0,,3.0,,,,,3.0,,3.0,3.0,3.0,3.0,,,,3.0,,,,2.0,,,,,3.0,,3.0,3.0,3.0,,,3.0,3.0,3.0,2.0,,,2.0,3.0,3.0,3.0,3.0,3.0,3.0,3.0,3.0,3.0,,3.0,3.0,0.0,,3.0,,3.0,2.0,3.0,,,,,3.0,3.0,3.0,,3.0,3.0,0.0,,2.0,3.0,3.0,,,,,,,,3.0,,3.0,3.0,,,,3.0,3.0,3.0,3.0,3.0,3.0,,,3.0,,3.0,,,3.0,3.0,,,1.0,3.0,3.0,3.0,3.0,,3.0,,3.0,3.0,3.0,3.0,2.0,3.0,,3.0,,3.0,3.0,3.0,3.0,,,,,3.0,,,3.0,3.0,3.0,3.0,,3.0,3.0,3.0,3.0,3.0,3.0,3.0,,,,3.0,,3.0,3.0,,,,,,,,,,,2.0,,3.0,3.0,,,,,,,,3.0,,3.0,,3.0,,3.0,3.0,,1.0,3.0,,,,,,3.0,,3.0,3.0,3.0,3.0,,,,,3.0,,3.0,,,3.0,3.0,3.0,,3.0,3.0,,3.0,3.0,3.0,3.0,3.0,,,3.0,3.0,3.0,3.0,,,3.0,3.0,,,3.0,1.0,,,,,,3.0,3.0,,,,,,3.0,,1.0,,,3.0,3.0,3.0,,,70,5,0.0604651162790697,1.3506965475469412,-0.1572744060624757
,,,,3.0,,,,,,,,,,,,,,,,,,,,,,,,,1.0,,,,,,,,,,,,,,,,,,,,,,,,,,,,,,,,,,,,,,3.0,,,,,,,,,,,,,3.0,,,,,,,3.0,,,,,,,,,,,,,,,,,,,0.0,,,,,,,2.0,0.0,3.0,,,,2.0,,,,,,,,,,,,,,,,,,,,,,,,2.0,,,,,,,,,,,,,,,,3.0,,,,,,,,,,,,,,,,,,,,,,,,,,,,2.0,,,,,,,,,,3.0,,,,,,,,,,,,,3.0,,,,,,,,,,,,,,,,,,,,,,,,0.0,,,,,,,,,,,,,,,,,,,,,,,,,,,,,,,,,,,0.0,,,,,,,,,,,,,,,,,,,,,3.0,,,,,,,,,3.0,,,,,,,,,,,,,,,3.0,,,,,,,,,,,,,,,,,,,,,,,,,,,,,,,,,,,,,,,,,3.0,,,,,,,,,,,,,,,,,,3.0,,2.0,3.0,,,,,,,,,,,,,,,,,,,,,,,,,,,71,5,1.8571428571428568,2.269230769230769,0.39310425524012493
,,,,,,,,,,,,,,,,,,,,,,,,,,,,,,,,,,,,,,,,,,,,,,,,,,,,1.0,,,,,,,,,,,,,,,,,,,,,,,,,,,,,,,,,,,,2.0,,,,,,,,,,,,,,,,,,,,,,,,,,,,,,,,,,0.0,,,,,,,,,,,,,,,,,,,,,,,,,,,,,,,0.0,,,,,,,,,,,,,,,3.0,,,,,,,,,,,,,0.0,,,,,,3.0,,,3.0,,,3.0,,,,,,2.0,,,,,,,,,,,,,,,,,,,,,,,,,,,,,,,,,,,,,,,,,,,,,,0.0,,,,,,,,,,,,,,,,,,,2.0,,,,,,,,,,,,,,,,,,,,,,,,,3.0,,,,,,,,,,,,,,,,,,,,,,,,,,,,,,,,,,,,,,,,,,,,3.0,,,,,,,,,,,,,,,,,,,,,,,,2.0,,,,,,,,,,,,,,,,,,,,,,,,,,,,,,,,,,,,,,,,,,,,,,72,5,4.5,1.8421052631578947,0.5265241901112211
3.0,3.0,3.0,2.0,3.0,3.0,3.0,3.0,3.0,3.0,3.0,3.0,3.0,3.0,,3.0,2.0,,,3.0,3.0,3.0,3.0,3.0,3.0,3.0,3.0,3.0,3.0,3.0,3.0,3.0,3.0,,3.0,3.0,,3.0,3.0,3.0,3.0,2.0,3.0,3.0,,3.0,3.0,3.0,3.0,,,3.0,2.0,,3.0,3.0,3.0,3.0,3.0,3.0,3.0,3.0,,3.0,,3.0,,,3.0,,3.0,3.0,3.0,,3.0,2.0,3.0,0.0,3.0,3.0,2.0,2.0,1.0,0.0,3.0,3.0,3.0,3.0,3.0,3.0,,2.0,,3.0,,1.0,3.0,2.0,3.0,3.0,3.0,2.0,3.0,3.0,2.0,3.0,,,3.0,3.0,3.0,3.0,3.0,3.0,,2.0,3.0,3.0,3.0,,,,3.0,2.0,1.0,3.0,3.0,3.0,,3.0,,3.0,,,,3.0,2.0,,3.0,,3.0,2.0,3.0,3.0,3.0,3.0,3.0,3.0,3.0,,,,3.0,,3.0,3.0,,,,3.0,3.0,,3.0,3.0,3.0,,,,3.0,2.0,3.0,3.0,2.0,3.0,1.0,3.0,3.0,3.0,,3.0,3.0,3.0,,,3.0,3.0,3.0,3.0,,,1.0,3.0,3.0,2.0,3.0,3.0,3.0,2.0,3.0,3.0,,3.0,3.0,3.0,,3.0,2.0,3.0,3.0,3.0,,3.0,,,3.0,3.0,,3.0,3.0,3.0,,3.0,3.0,2.0,3.0,,,3.0,,,,,3.0,3.0,3.0,3.0,,,,2.0,3.0,,3.0,3.0,3.0,,3.0,2.0,3.0,,,3.0,3.0,3.0,3.0,3.0,,3.0,3.0,3.0,3.0,,3.0,,3.0,3.0,3.0,3.0,3.0,3.0,3.0,3.0,,3.0,3.0,3.0,2.0,3.0,,,3.0,3.0,3.0,,3.0,3.0,3.0,3.0,,3.0,3.0,3.0,3.0,3.0,3.0,,3.0,,,3.0,3.0,3.0,2.0,,3.0,3.0,,3.0,3.0,,3.0,,,3.0,,3.0,3.0,,,2.0,3.0,3.0,3.0,,3.0,,3.0,3.0,3.0,,3.0,3.0,3.0,0.0,3.0,,,,,,3.0,3.0,2.0,3.0,3.0,3.0,,,,3.0,3.0,3.0,,,,3.0,3.0,3.0,,3.0,3.0,,3.0,3.0,0.0,3.0,3.0,,,3.0,3.0,3.0,3.0,3.0,3.0,3.0,,,,3.0,3.0,,,,,,,,,,,,,3.0,,,,,3.0,3.0,3.0,3.0,,73,5,0.0576923076923076,1.306684141546527,-0.22110917671678104
,3.0,3.0,3.0,3.0,3.0,3.0,,,,,,,3.0,,3.0,,,,,3.0,,3.0,,2.0,3.0,,3.0,,,,3.0,,,,,,,3.0,,,,,,,,,,3.0,,,,2.0,,,3.0,3.0,3.0,,3.0,3.0,3.0,,,,,,,3.0,,3.0,3.0,,,,3.0,,,,,2.0,,3.0,,,3.0,,3.0,,3.0,,3.0,,,,3.0,3.0,,,3.0,3.0,,3.0,3.0,3.0,2.0,,,3.0,,2.0,,3.0,1.0,,3.0,,,,,,,,3.0,0.0,3.0,,3.0,,3.0,,3.0,1.0,,,3.0,,,3.0,,,0.0,,3.0,,3.0,,,,,,,3.0,,,,2.0,,,2.0,,3.0,,3.0,,,,,3.0,,,,3.0,,,0.0,,,,,,,,,3.0,,,3.0,,,3.0,3.0,3.0,,3.0,3.0,,2.0,,3.0,,3.0,,,,,,3.0,,,,,,,3.0,3.0,,,3.0,,,,3.0,3.0,,,,3.0,,,,,3.0,,3.0,,,,,3.0,,,,,,,,3.0,,,,,,,0.0,,,3.0,,3.0,,,3.0,,,,,,2.0,,,3.0,,,,,3.0,,,,,,,,,,,3.0,,3.0,3.0,3.0,,3.0,,,,,,3.0,,,3.0,,,,,3.0,,,,,,3.0,,,3.0,,,,,,,,,,,,3.0,,,,,3.0,,,,,,,,,,3.0,,,,,,3.0,,,3.0,,,3.0,,,,3.0,3.0,1.0,,1.0,,,3.0,,,,,,1.0,,,3.0,2.0,,,,,,,,,,,3.0,,,,,,3.0,,,,,3.0,,,,,74,5,0.0934579439252336,1.5510204081632653,0.06584153239803145
,3.0,,2.0,,,,,,,,,,,,,,,,,,,,,,,,,,,,,,,,,,,,,,2.0,,,,,0.0,,,,,,,,,,,,,3.0,,,,,,,,,,,,,,,3.0,,,,,,,,,,,,,,,,,,,,,,,,,,,,,,,,,,,,,,,,,,,,,,,0.0,,,,,,,,,,,,,,,,,,,,,,,,,,,,,,,,,,,,,,,,,,,,,,,,,,,,,,,,0.0,,,,,,,2.0,,,,,,,,,,,,,3.0,,,,,,,,,,,,,,,,,,,,,,,,,,,,,,,,,,,,,,,,,,,,,,,,,,,,,,,3.0,,,,,,,,,,0.0,,,,,,,,,,,,,,,,,,,,,,,,,,,,,,,,,,,,,,,,,,,,,,,,,,,,,,,,,,,,,,,,,,,,,,,,,,,,,,,,,,,,,,,,,,,,,,,,,,,,,,,,,,,,,,,,,,,,,,,,,,,,,,,,,,,,,,,,,,,,,75,5,1.6666666666666667,2.25,0.42725070329282794
,,,,3.0,3.0,,,,,,,,,,,,,,,3.0,,,,,,,,,,1.0,,,,1.0,3.0,,,,,,,,,,,,,,,,,1.0,,,,,,,2.0,,,,,,,,,,,3.0,3.0,,,,,,,,,3.0,,3.0,,,3.0,,3.0,,,,3.0,,3.0,,3.0,3.0,,,,3.0,,,,3.0,2.0,,,,,,,,3.0,,,,2.0,,,,,,,3.0,,,,,,,,,,,,,,3.0,2.0,2.0,3.0,,,,,,,,,0.0,,,,,,,,,,,,,,,,,,,,,,,,,,,,0.0,,,3.0,,,3.0,,,,,,3.0,,,,,,,3.0,,,,,,,,,,,,,,,,,,,,,,,,,,,,,,,,,,,,3.0,,,,,,2.0,,,,,,,,,,,,,,,,,,,3.0,,,,,,3.0,,3.0,,,,,,,,,,,,,,,,,,,,,,,,,3.0,,,,,,,,,,,3.0,,,,,,,,,,,,,,,,,,,,,,,,,,,,,,,0.0,,,,,,,,,,,,,,,,,,,,,,3.0,,,,,,,,3.0,,,2.0,,,3.0,,,,,,,,,,,,,,,,,,,,,,,,,,,,,,,,,0.0,76,5,0.5357142857142857,1.6216216216216217,0.5083057983651065
,,,,,,,,,,,,,,,,,,,,,,,,,,,,,,,,,,,,,,,,,,,,,,,,,,,,,,,,,,,,,,,,,,,,,,,,,,,,,,,,,,,,,,,,,,3.0,,,,,,,,,,,,,0.0,,,,,,,,,,,3.0,,,,,,,,,,,,,,,,,,,,,,,,,,,,,,,,,,,,,,,,,,,,,,,,,,,,,,,,,,3.0,,,,,,,,,,,,,,,,,,,,3.0,,,,,,,,,,,,0.0,,,,,,,,,,,,,,,,,,,,,,,,,,,,,,,,,,,,,,,,,,,,,,,,,,,,,,,,,,,,,,,,0.0,,,,,,,,,,,,,,,,,,,,,,,,,,,,,,,,,,,,,,,,,,,,,,,,,,,,,,,,,,,,,,,,,,,,,,,,,,,,,,,,,,,,,,,,,,,,,,,,,,,,,,,,,,,,,,,,,,,,,,,,,,,0.0,,,,,,,,,,,,77,5,0.0,3.0,0.545544725589981
3.0,,,3.0,,,,,,,,,,,,,,,,,3.0,,3.0,,,,3.0,,,3.0,,3.0,,,3.0,,,,,3.0,,,,,,,,,0.0,,,,3.0,,,,,,,3.0,,,,,,,,,,,3.0,3.0,,,,,,,,,3.0,,3.0,3.0,,3.0,,3.0,,,,,,,0.0,3.0,3.0,,,,,,,,3.0,,,,3.0,,,,,,,,,,,,,,,3.0,,,2.0,,,,,,,,,,,,,,,3.0,,,,,,,,,,,,,,,,,,,,,,,,,,,,,,,3.0,,,,,,,,,3.0,,,3.0,0.0,0.0,,,,3.0,,3.0,,,3.0,,2.0,,2.0,,,,,3.0,,,,,,,,,,,,,,3.0,,,,,,,,,,,,,,,,,,,,,,,,,,,,,3.0,,,,,2.0,,,,,,,3.0,,,,,,,,,,,,,,,,,,,,,,,,,,,,,,,,3.0,,,,,,,,,,,,,,,,,,,,,,1.0,,,,,,,,,,,,,,,,,,,,,,,,,,,,,,,,,,,,3.0,,,,,,,,3.0,,,,,,3.0,,,,,,,,,1.0,,,,,,,,,,,,,,,,,,,,,,,,,,2.0,,,,,78,5,0.40625,1.8838383838383839,0.4190544424708161
,,,,,,,,,,,,,,,,,,,,3.0,,,,,,,,,,,,,,,,,,,,,,,,,,,,,,,,,,,,,,,3.0,2.0,,,,,,,,,,,,,,,,,,,,3.0,,,,,,,3.0,,,,,,,,,,,,,,,,,,,,,,,,,,,,,,,,,,,,,,,,,,3.0,,,,,,,,,,,,,,,,,3.0,,,,,,,,,,,,,,,,,,,,,,,,,,3.0,,,,,,,,,,,0.0,,2.0,,,,,,,3.0,1.0,,,,2.0,,3.0,,,,,,,,3.0,,,,,,,,,,,,,,,,,,,,,,,,,,,,,,,,,,,,,,,,0.0,,,,,,,,,,,,3.0,,,,,,,,,,,,,,,,,,,,,,,,,,,,,,,,,,,,,,,,3.0,,,,,,,,,,,,,,,,,,,,,,,0.0,,,,,,,,,,,,,,,,,,,3.0,,,,,,,,,,,,,2.0,,,,,,,,,3.0,,0.0,,,,,,,,,,,,,,,,,,,,,,,,,,,,,,,,,,,,,,79,5,1.1111111111111112,2.0555555555555554,0.3668054933823345
,3.0,,3.0,,,,,3.0,,,,,3.0,,,,,,,2.0,,,,,,,,3.0,,,3.0,,,,,,,,,,,,,,,,,,,,,,,,3.0,3.0,,,,,3.0,,,,,,,3.0,,3.0,3.0,,,,,,,,,2.0,,3.0,,,3.0,2.0,3.0,3.0,,,3.0,,,,3.0,3.0,0.0,,,,,,,3.0,,,,,,3.0,,,3.0,,3.0,,,3.0,,,,,,,,,,,,,3.0,,,,,,,3.0,,,,,,,3.0,,,,,,,,,,,,,,,,,,,,,,,,,,,,,,,,,,,,3.0,,,,,,,,,3.0,,,,0.0,2.0,,3.0,,,,,,,,,,3.0,,,,,,,3.0,,,,3.0,,,,3.0,,,,,,,,,,,,,,,,,1.0,,,2.0,,3.0,,,,,0.0,,,,,,,,,,,,,,,,,,,,,,,,,,,,,,,,,1.0,,,,,,,,,,,,,,,,,3.0,,,3.0,,,,,,,,,,,,,,,,,,,,,,,,,,3.0,,,3.0,,,,,,,,,,,,0.0,3.0,3.0,,,,,,,,,,,,,,,3.0,,,,,,,,,,,,,,2.0,2.0,,,,3.0,,,,,,,,,,,,,,,,,,,,,,,,80,5,0.238095238095238,1.813397129186603,0.36270530105435755
,,,,2.0,,,,,,,,,,,,,,,,,,,,,,,,,,,,,,,,,,,,,,,,,,,,,,,,,,,,,2.0,,3.0,,,,,,,,,,,,,,,,,,,,,,,,,,,,,,,,,,,,,,,,,,,3.0,,,,,,,,,,,,,,,,,,,,,,,,,,,,,,,0.0,,,,,,,,,,,,,,,,,,,,,,,,,,,,,,,,,,,,,,,3.0,,0.0,,,,,,,,,,,,,,,,,,,,,,,,,,,,,,,,,,,,,,,,,,,,,,,,,,,,,,,,,,,,,,,,,,,,,,,,,,,,,,,,,,,,,,,,,,,,,,1.0,,,2.0,,,,,,,,,,,,,,,,,,,,,,,,,,,,,,,,0.0,,,,,,,,,,,,,,,,,,,,,,,,,,,,,0.0,,,,,,,,,,,,,,,,,,,,,,,,,,,,,,,,,,3.0,,,,,,,,,,,,,,,,,,,,,,,,,,,,,,,,,,,,,81,5,1.6666666666666667,2.1333333333333333,0.8804067839747585
,3.0,,0.0,3.0,,,,,,,,,,,,,,,,3.0,,,,3.0,3.0,,3.0,3.0,,,,,,3.0,3.0,,,,,,,,,,,,,3.0,,,,3.0,,,,,,,,3.0,,,,,,,,3.0,,3.0,3.0,,,3.0,,,,,,2.0,,3.0,,,3.0,3.0,3.0,,,,3.0,,,,,3.0,,3.0,1.0,,,,,3.0,,,,,,,,,3.0,3.0,2.0,3.0,3.0,3.0,3.0,,,,,,,,,,,,3.0,,,,3.0,,,,,,,,3.0,,,,,3.0,,,,,,,,,,,3.0,,,,,,,,,,,,,3.0,,,,,,,,,,,,2.0,,,,,,,,,,,,,3.0,,,0.0,3.0,3.0,,,,3.0,3.0,,,3.0,,,,,3.0,,,3.0,3.0,,3.0,3.0,3.0,,,,,,2.0,,,,,,,3.0,,,,,,0.0,3.0,,,,,,,2.0,,,,,,,,,3.0,,,,,,3.0,,,,,,0.0,,,,,,,,,,2.0,,,3.0,,,,,3.0,,3.0,2.0,,,,,,,2.0,,3.0,,,,,,,3.0,,,,,,,,,,,,,,,,,,,,3.0,,,,,,,,,,,,,,,,1.0,3.0,,,,,,,,,,,,,,3.0,3.0,,3.0,3.0,3.0,,3.0,,,2.0,,,,,,,,,,3.0,,,,1.0,,,,,,,,,,,,,,,3.0,,,,,82,5,0.2539682539682539,1.5933503836317136,0.13356700299023128
,,,,3.0,2.0,,,,,,,,,,,,,,,,2.0,,,,,1.0,,3.0,0.0,3.0,3.0,,,,3.0,,,,,1.0,,,,,,,,,,3.0,,3.0,,,,,,,,,,,,,,,,2.0,,,,,,,,,,3.0,,3.0,,3.0,,,,,3.0,,,,3.0,,,,,3.0,,,,0.0,,,3.0,3.0,,,,3.0,,,,,,,,,,,,,,,,,,,,,,,3.0,,,,,,,,,,,,,,,,,,,,,,,,,,,,3.0,,,,,3.0,,,,,,,,3.0,,,,,,,1.0,,,,,3.0,,,3.0,,,,,,,,,,3.0,,3.0,,,,3.0,,,,,,,,,,,,,,,,,,,,,,,,,,,,,,,,,,,,,,,,,,,,3.0,,,,,,,,,,,,,,,,,,,,,,3.0,,3.0,,,3.0,,,,2.0,,,0.0,,0.0,,,,3.0,,,,3.0,,,,,,,,,,,,,,,,,,,,,,,,,,,,,,,,,,,2.0,,,,,,,,,,,,,,,,,,,,,,,,,,,,,3.0,,,,2.0,3.0,,,,,,,,,,,,,,,,,,,,2.0,,,,,,,,,,,,,,,,,,,,,3.0,,83,5,0.5172413793103449,1.7165775401069518,0.45032555375818445
,3.0,3.0,3.0,3.0,3.0,3.0,,3.0,,,,,3.0,,,,,,3.0,3.0,,3.0,3.0,,,,3.0,,3.0,3.0,,,,,3.0,,,,,,3.0,,,,,3.0,,,,,3.0,0.0,,3.0,3.0,,3.0,3.0,3.0,3.0,3.0,,3.0,1.0,3.0,,,,,0.0,3.0,,,3.0,3.0,,,,,2.0,3.0,2.0,3.0,,2.0,3.0,3.0,,,,3.0,,,,2.0,3.0,,,,3.0,,3.0,,3.0,3.0,,,3.0,,3.0,,,2.0,,3.0,3.0,,,,,,,3.0,2.0,3.0,3.0,1.0,,,,1.0,,,,3.0,,,3.0,,3.0,3.0,,3.0,,3.0,0.0,,3.0,,,,3.0,,,,,,,3.0,3.0,,,3.0,,,,,3.0,,,,3.0,,,,,,,,,3.0,,3.0,3.0,3.0,3.0,3.0,,,3.0,3.0,3.0,,3.0,3.0,,2.0,3.0,3.0,,3.0,3.0,,,,3.0,,,3.0,,,,,3.0,,,,3.0,,,,3.0,3.0,,,,3.0,,,,,3.0,,3.0,,,,,3.0,,,,,,,,3.0,,,,,,,,,,3.0,3.0,3.0,,,3.0,,3.0,3.0,1.0,,3.0,,,,,3.0,,,,,,,,,,,3.0,,,,,2.0,3.0,3.0,3.0,,,,,,,3.0,3.0,,1.0,,,,,3.0,,,,,,3.0,,,3.0,,,,,,,,,,,,3.0,,3.0,3.0,3.0,3.0,,0.0,,,,,,,,3.0,,3.0,,,,,,,3.0,,,3.0,,3.0,,3.0,,,,2.0,,,3.0,,,3.0,,,3.0,3.0,,3.0,,,,,,,,,,,,,,,,,,,,,,,3.0,3.0,,,,84,5,0.0542635658914728,1.6485013623978202,-0.12444935402256879
,,,,,,1.0,,,3.0,,,,,,,,,,,3.0,1.0,,,,3.0,,3.0,,,,3.0,,,3.0,,,,2.0,,,,,,,,,,,,,,,,,,,,,,,3.0,,,,,,,,,,3.0,,,,,,,,,3.0,,3.0,,,,,,,,,2.0,,,,,,,3.0,,,,3.0,,,3.0,,2.0,,,,,,2.0,,,,,,,,,,,,,,,,2.0,,,,0.0,,,,,,,,,,,,,,,,,2.0,,,,,,,,3.0,,1.0,,,,,,,,,,,,,,,,,,,,,,,,,,,,,,,,,,,,,3.0,,,,,,,,,,,,,,,,,,,,,,,,,,3.0,,,,,,,,,,,,,,,,,,,,,0.0,,,3.0,,,,,,,,,,,,,,,,,,,,,,,,,,,,,,,,,,,,,0.0,,,,,,,,,,,,,,,,,,,,,,,,,,,,,,,,,,,,,,,,,,,,,,,,,,,,,,,,,,,,,,,,,,,,,,,,,,,,,,,,,,,,,,,,,,,,,3.0,,,,,,,,,,,,,,,,,,,0.0,,,,,,,85,5,0.6875,1.9680851063829787,0.5572952473431038
,,,,,,,,,,,,,,,,,,,,,,,,,,2.0,,,,,,,,,,,,,,,,,,,,3.0,,,,,,,,,,,,,,,,,,,,,,,,3.0,,,,,,,,,,,,3.0,,,,,,,,,,,,,,,,,,,,,,,,,,,,,2.0,,,,3.0,,,,,,,,,,,,,,,,,,,,1.0,,,,,,,,,,,,,,,,,,,,,,,,,,,,,,,,,,,,,,,,,,,,,,,,,3.0,,,,,,,,,,,,,,,,,3.0,,,,,,,,,,,,,,,,,,,,,,,,,,,,,,,,,,,,,0.0,,,,,,,,,,,,,,,,,0.0,,,,,,,,,,,,,,,,,,,,,,,,0.0,,,,,,,,,,,,,2.0,,,,,,,,,,,,,,,,,,,,,,,,,,,,,,,,,,,,,,,,,,,,,,3.0,,,,,,,,,,,,,,,,,,,,,,,,,,,,,,,,,,,2.0,,,,,,,,,,,,0.0,,,,,,,,,,,,,,,,,,86,5,3.0,2.1923076923076925,0.6086591368178889
,,,3.0,,,,,3.0,,,,,,3.0,,2.0,,,,3.0,,3.0,,,,,,,,,,,,0.0,,,,,3.0,,,3.0,3.0,,,,,,,,,3.0,,2.0,,,,,,,,,,,,,,,,3.0,1.0,,,,,,,,,,,3.0,,,3.0,,,,,3.0,2.0,,,,3.0,,,,,,,,,,,,,,,1.0,,,,,3.0,,,,,,,,,,,3.0,,,3.0,,,,,,,,,,,,3.0,,,,,,,,,,,,,,,,3.0,,,,,,,,,,,,,,,,,,,3.0,,,,,,,,,,,,,,3.0,,,,,,,3.0,,,,,,,,,,,,,,,,,,,,,,3.0,,,,,,,,,,,,,,3.0,,,,,,,,,,,,,,,,,,,,,,,,,,,,,,,,,,,,,,,,,,,,,,,,,3.0,,,,,3.0,,,,,,,,,,,,3.0,,,,,,,,,,,,,,,,,,,,,,0.0,,,,,,,,,,3.0,,3.0,,,,,3.0,,3.0,,,,,,,,,0.0,,,,,,,0.0,,,,3.0,,,,,,,,,,,,,,,2.0,,,,,,,,,,,,,,,,,,,,,,,,,,1.0,,87,5,0.6956521739130435,2.0082644628099175,0.06974525679176077
,,,,,,,,,,,,,,,,,,,,,,,,,,,,,,,,,,,,,,,,,,,,,,,,,,,,,,,,,,,,,,,,,,,,,,,,,,,,,,,,,,,,,,,,,,,,,,,,,,,,,,,,2.0,,,,,,,,,,,,,,,,,,,,3.0,,,,,,,,,,,,,,,,,,,2.0,,0.0,,,,,,,,,,,,,,,,,,,,,,0.0,,,,,,,,,,,,,,,,,,,,,,,,,,,,,,,,,,,,,,,,,,,,,,,,,,,,,,,,,,,,,,,,,,,,,,,,,,,,,,,,,,,,,,,,,,,,,,,,,,,,0.0,,,,0.0,,,,,,,,,,,,,,,,,,,,,,,,,,,,,,,,,,,,,,,,,,,,,,,,,,,,,,,,,,,,,,,,,,,,,,,,,,,,,,,,2.0,,,,,,,,,,,,3.0,,,,,,,,,,,,,,,,,,,,,,,,,,,,,,,,,,,1.0,,,,,88,5,5.0,2.4285714285714284,0.7500572368731993
,,,,,,,,,,,,,,,,,,,,3.0,,,,,,,,2.0,,,,0.0,,3.0,,,,,,,,,,,,,,,,,,,,,2.0,,,,,,,,,,,,,3.0,,,,,,,3.0,,,,,3.0,,,,,,,3.0,,,,,,,,3.0,,,,,,,,,,,,,,,,,,,,,,,3.0,,,,,,,,0.0,,2.0,,,,,,,,,,1.0,,,,,,,,,,,,,1.0,,,,,,,,,,,,,,,,,,,,,,,,,,,,,,,,,,,,,,,,,,,,0.0,,,,,,,,,,,,,,,,,,,,,,,,,,,,,,,,,,,,,,,,,,,,,,,,,,,,,0.0,,,,,,,,,,,,,,,,,,,,,,,3.0,,,,,,,,,,,,,,,,,,,,3.0,,,,,,,,,,,,,,,,,,,,,,,,,,,,,,,,,,,,,,,,,,,,,,,,,,2.0,,,,,,,,,,,,,,,,,,,3.0,,,,,,,,,,,,,,,3.0,,,,3.0,,,,,,3.0,,,,,,,,,,,,,,,,,,89,5,1.2222222222222223,2.272727272727273,0.41038017417852624
,,,3.0,,,,,2.0,3.0,,,,,3.0,,3.0,,,,2.0,,,,,,,,3.0,,,,,,,,,,,3.0,,,,,,,,,,,,,3.0,,,,,,,,,,,,,,,,,,,,,,,,3.0,,,,3.0,,3.0,,,,,3.0,,,,,,,,,,,,0.0,,0.0,,,,,,,,,2.0,,,,,3.0,,,,,,,,,,,,,,,2.0,3.0,,,,,,,,,,,,,,,,,2.0,,,,,,,,,,,,,,,,,,,,,,,,,,,,,,,,,,,,3.0,,,,,,,,,3.0,,1.0,,3.0,,,,,,,,,,,,,,3.0,,,,,,,3.0,,,,,,,,,1.0,,,,,,,,,3.0,,,0.0,,,,,,,,,,,,,,,,,,,,,,,,,,,,,,,,,,,3.0,,,,,,,,,,,,,,,3.0,,,,,,,,,,,,,,,,,,,0.0,,,,,,,,,,,,,,,,,,,,,,,3.0,,,,,,,,,,,,,,,,,,,,,,,,,,,,,,,,,,,,,,,,,,,,,,,,,,,,,,,,,,,,,,,,,,,,,,,,90,5,0.7058823529411765,2.0675675675675675,0.2993499528714701
,,,,,,,,,,,,3.0,2.0,,3.0,2.0,,,,3.0,,,,,,,,,,,,,,,,,,,,,,,3.0,2.0,,,,,,,,,,,,,,,,,,,,,,,,,,,,,,,,,,,,,,,,,,,,,,,,,,,,,,,,,,,,,,,,,,,,,,,,,,,,,,,,3.0,,,,,,,3.0,,,,,,,,,,,,,,,,,,,,,,,,,,,,,,,,,,,,,,,,,,,,,,,,,,,,,,,,,,,,,,,,,,,,,,,,,,,,,,,,,,,,,,,,,,,,,,,,,,,,,0.0,,,,,,,,,,,0.0,,,,,,,,,,,,,,,,,,,,,,,,,,,,,,,,,,,,,,3.0,,,,,,,,,,,,,,,,,,,,,,,,,,,,,,,,,,,,,,,,,,,,,,,,,,,,,,,,,,,,,,,,,,,,,,1.0,,,,,,,,,,,,,,,,,,,,,,0.0,,,,,,,,,,,,,3.0,,,,,,,,,,,,,0.0,,,,91,5,3.0,2.5,0.1859815714965465
,,,,,,3.0,0.0,,,,,,,,,,,,,,,,,,3.0,,,,,,,,,,,,,,,,,,,,,,,,,,,,,,,,,,,,,,,,,,,,,,,,,,,,,,,,,,,,,,,,,,,,,,,3.0,,,,,,,,,,,,,,,,,,,,3.0,1.0,,,0.0,,,,,,,,,,,,,,,,,,,,,,,,,,,,,,2.0,,,,,,,,,3.0,,,,,,,,,,,,,0.0,,,,,,,,,,,,,,,,,,,,,,,3.0,,,,,,,3.0,,,,,,,,,,,,,,,,,,,,,,,,,,,,,,,3.0,,,,2.0,,,2.0,,,3.0,,,,,,,,,,,,,2.0,,,,,,,,,,,,,,,1.0,,,,,,,,,,,,,,,,,,,,,,,,,,,,,,3.0,,,,,,,,,,,,,,,,,,,,,,,,,,,,,,,,,,,,,,,,,,,,,,,,,2.0,,,,,,,,,,3.0,,,,,,,,,,,0.0,,,,,2.0,,,,,,,,,,,,,,,,,,,,,,,,,,,92,5,1.7142857142857142,2.2439024390243905,0.37737653575796093
,3.0,,,3.0,,,3.0,,,,,,3.0,,,,,,,3.0,,,,,0.0,,,,,,3.0,,,,,,,,,3.0,,,,,,,,,3.0,,,,,,3.0,3.0,,,3.0,3.0,3.0,,,,,,0.0,,,,3.0,,,,,3.0,,,,3.0,,,,,,3.0,3.0,,,,3.0,,,,,3.0,,,,3.0,,2.0,,2.0,,,,,,,,,3.0,,,,,3.0,,,,,3.0,,3.0,3.0,,,,,3.0,,,,,,,,,,,,3.0,,,,,,,,,,,,,,,,2.0,,,2.0,,,,,,,,,,3.0,2.0,0.0,,,,,,,3.0,,,3.0,,,,,,,,3.0,,,,,3.0,,1.0,,,3.0,,,,,1.0,3.0,,,,,,3.0,,,3.0,,,,,,3.0,,,,,,,,,,,,3.0,,,,,3.0,,,,3.0,,,,,,,2.0,,,,,,,,,1.0,,,,,,,,,,,,,,,,,,,,,,,,,,,3.0,,,,,,,,,,,,,,,,,,,3.0,,,,,,,,,,,,2.0,,,,,,,,,,,,,,,,,,,,,,,,,,,,,,,3.0,,,,,,3.0,,0.0,,,,,3.0,,,,,,,3.0,,,,,,,,,,,,,,,,,,,,,,,,,,,,,,,,,,93,5,0.3255813953488372,1.8396226415094339,0.1955244452818918
,3.0,1.0,,3.0,,,,,,,,,,,,3.0,,,,3.0,,,,,,,,3.0,2.0,,3.0,,,3.0,,,,,,,,,,,,,,,,,,3.0,,,,,,,2.0,,,,,,,,,,,,,,,,,,,,,,,,,,,,,3.0,,,,,2.0,,1.0,,,,,2.0,,,,,,,,,,,,,,,,,,,,,,,,,,3.0,,0.0,,,3.0,,,,,,,,,,,,,,,,,,,,,,,,,,,,,,,,,,,,,,,,,,,,,,,,,,,,,3.0,,,,,,,,,,,,,,,3.0,,,3.0,,,,,,,,,,,,,,,,3.0,,,,,,,,,,,,,,,,,,,,,,,,,,,,,3.0,,,,,,,,,,,,,,,,,,,,,,,,,,,,,,,,,,,,,,,,,,,,3.0,,,,,,,,,,,,,,,,,,,,,,,,,,,,,,,,,,,,,,,,,,,,,,,,,,,,,,,0.0,,,,,2.0,,,,,,,,,,,,3.0,,,,,,,,,,0.0,,,0.0,,,,,,,,,,,,,,,,,,,,,,,,,,,94,5,0.7857142857142857,1.9285714285714286,0.596160437899031
,,,,,3.0,,,,,,,,,,,,,,,,,,,,,,,,,,,,,,,,,,,,,,,,2.0,,,,,,,,,,,,,,,,,,,,,,,,,,,,,,,,,,,,,,,2.0,0.0,1.0,,,,,,,,,,,,,,0.0,,,,,,,,,,,,,3.0,,,,,,,,,,,,,,,,,,,,,,,,,,,,,,,,,,,,,,,,,,,,,,,,,,,,,,,,,,,3.0,,,,,,,,,,,,,,,,,,,,,,,,,,,,0.0,,3.0,,,,,,,,,,,,,,,,,,,,,,,,,,,,,,,,,,,,,,,,,,3.0,,,,,,,,,,,,,,,2.0,,,,,,,,,,,,,,,,,,,,,,,,,,,,,,,,3.0,,,,,,,,,0.0,,,,,,,,,,,,,,,,,,,,,,,,,,,,,,,,,,3.0,,,,,,,,,,,,,,,,,,,,,,,,,,,,,,,,,,,,,,,,,,,,,,,,,,,,,,,,,,,,,,,,,,,,,95,5,2.6666666666666665,2.0,0.4346878056399708
,,,,,,,,,,,,,3.0,,,0.0,,,,,,,3.0,,,3.0,3.0,,,,,,,,,,,,,,,,,,,,,,,,,,,,,,,,,,,,,,,,,,,,3.0,,,,,,,,,,,,,,,,,,,,,,,,,,,,2.0,,,,,,,,,,,,,,,,,,,,,,2.0,,,,,,,,,,,,,,,,,,,,,,,,,,,,,,,,,,,,,,,,,,,0.0,,,,,,,,,,,,,,,,1.0,,,,,,,,,,,3.0,,,,,,,,,,,,,,,,,,,,,,,,,,,,,,,,,,,,,,,,,,,,,,,,,,,,,,,,,,,,,,,,,,,,,,,,,,,,,,,,,1.0,,,,,,,,,,,,,,,,,,,,2.0,,,,,,,,,,,,,,,,,,,,,,,,,,,,,,,,,,,,,,,,,,,,,,,,,,,,,,,,,,,,,,,,,,,,3.0,,,,,,,,,,,,,,,,,,,,,,,,,,,,0.0,,,,0.0,,,,,,,,,,,96,5,3.0,2.1666666666666665,0.573051902548942
,,,,3.0,,,,,,,,,,,,,,,,3.0,,,,,,3.0,2.0,,,,,3.0,,,,,,,,,,,,,,2.0,,,,,,3.0,,,0.0,,,,,,,,,,,,,,,,3.0,,,,,,,3.0,,3.0,,,,,,,3.0,,,,,,,,,2.0,,,3.0,,,,,3.0,,,,,,,,,3.0,,3.0,,,,,,,,,,,,,,,,3.0,,,,,,,,,,3.0,,,,,,,,,,,3.0,,,,,,,,,,,,,,,,,,,,3.0,,,,,,,,,,,,,,,,,,3.0,,2.0,,,,,3.0,,3.0,,,3.0,,,,,,,,,,,,3.0,,,,3.0,,,,,,,,,,,,,,,,,,,,,,,,,,,,,3.0,,,,0.0,,,,,,,,,,,,,,,,,,,,,,,,,,,,,,,,,,,,,,,,3.0,,,,,,,,0.0,,,,,,,,,,,,,,,,2.0,,,,,,,,,,,,,,,,,,,0.0,,,,,,,,,,,,,,,,,,,,,,,3.0,,,3.0,,,3.0,,,,,,,,,1.0,,,,,,,,,,,,,,,,,,,,,,,,,,,,,,,97,5,0.2142857142857142,1.94375,0.49222586961593834
2.0,,,3.0,,,,,,,,3.0,,3.0,,,,,,,3.0,,,,,,3.0,,,,,,3.0,,,,3.0,,3.0,,,,,,,,,,,,,,,,,,,,,3.0,3.0,,,,,2.0,,,,,,2.0,,,,3.0,,,,,0.0,,3.0,,,3.0,,,,,,3.0,,,,,,0.0,,,,,,,3.0,,,,,,,,,,,,,,,,,,,,,,,,,,,,,,,,,,,,,3.0,,,2.0,,,,,,,,,,2.0,,,,,,,,,,,,,,,,,,1.0,,,,,,,,,,,,3.0,,,,,,3.0,,3.0,,,,,3.0,,3.0,3.0,,,,,,,,,,,,,,,,,,,,,,,,,,,,,,,,,,,,,,,,,,,,,,,,,,,,,,,,,,,,,,3.0,,,,,,,,,,,,0.0,,,,,,,,,,,,,3.0,,,,,,,,,,,,,,,,,,,,,,,,,,,,,3.0,,,,,,,,,,,,,,,3.0,,,,,,,,,,,,,,,,,,,,,0.0,,,3.0,,,3.0,,,,,,,,,,,3.0,,,,,,,,,,,,1.0,,3.0,,,,,,,,,,,,,,,,,,,,98,5,0.6818181818181818,1.9225352112676057,0.22650505549162972
,3.0,,2.0,,,,0.0,,,,,,,,,,,,,3.0,,,,,3.0,3.0,,,3.0,,,,,,,,,3.0,,,,,,,,,,3.0,,,,,,,,,,,,,0.0,,,,,,,,,,3.0,,,,,,,1.0,,3.0,,3.0,,,3.0,,,,,,,,,,3.0,,,,,,,,,2.0,,,,,3.0,,,,3.0,,,,,,,,,,3.0,,,,,,,,3.0,,,,,,,3.0,,,,,,,,,,,,,,,,,,,,,,,,,,,,,,,,,,,,,,,,,,,,,,,,,,,,,,,,,3.0,,3.0,,,,,3.0,,,,,,,,,,,,,3.0,,,3.0,,,,,3.0,,,,,,,,,,,,,,,,,,,,3.0,,,,,,,,,,,,,,,,,,,,,,,2.0,,,,,,,,,,,,,,,,,,,,,,,,,3.0,,,,,,,,0.0,,,,,,,,,3.0,,,,,,,,,,,,,,3.0,,,,,,3.0,,,,,,,,,,,,,,,,,,,,,,,,,,1.0,,,,,3.0,,,,3.0,0.0,,,,,3.0,,,,,,2.0,,,,,,,,3.0,,,,,,,,,,,,,,,,,,,,99,5,0.2666666666666666,2.0694444444444446,0.23277891990110522
,,,,,,,,,,,,,,,,,,,,,,,,,,,,,,,,,,,,,,,,,,,,,,,,,,,,,,,,,,,,,,,,,,,,,,,,,,,,,,,,,,,,,,,,,,,,,,,,,,,,,,,,,,,,,,,,,,,,,,,,,0.0,,,,,,,,,,,,,,,,,,,,,,,,,,,,,,,,,,,,,,,,,,,,,,,,,,,,,,,,,,,,,,,,,,,,,,,,,,,,,,,,,,,,,,,,,,,,,,,,,,,,,,,,0.0,3.0,,,,,,,,,,,,,,,,,,,,,,,,,,,,,,,,,,,,,,,,,,,,,,,,,,,,,,,,,,,,,,,,,,,,,,,,,,,,,,,,,,,,,,,,,,,,,,,,,,,,,,,,,,,,,,,,,,,,,,,,,,,,,,,,,,,,,,,,,,,,,,,,,,,,,,,,,,,,,,,,,,,,,,,,,,0.0,0.0,,,,,,100,5,0.0,,0.35355339059327373
,,,,,,,,,,,,,,,,,,,,,,,,,,,,,,,,,,,,,,,,,3.0,,0.0,,,,,,,,,,,,,,,,,,,,,,,,,,,,,,,,,,,,,,,,,,,,,,,,,,,,,,,,,,,,,,,,,,,,,,,0.0,,,,,,,,,,,,,,,,,,,,,,,,,0.0,,,,,,,,,,,,,,,,,,,,,,,,,,,,,,,,,,,,,,,,,,,,,,,,,,,,,,,,,,,,,,,0.0,,,,,,,,,,,,,,,,,,,,,,,,,,,,,,,,,,,,,,,3.0,,,,,,,,,,,,,,,,,,,,,,,,,,,3.0,1.0,,,,,,,,,,,,,,,,,,,,,,2.0,,,,,,,,,,,,,,,,,,,,,,,,2.0,,,,,,,,,,,,,,,,,,,,,,,,,,,,,,,,,,,,,,,,,,,,,,,,,,,3.0,,,,,,,,,,,,,,,,,,,,,,,,,,,,,,,,,,,,,101,5,0.0,3.0,0.23896380545969872
3.0,3.0,3.0,3.0,3.0,3.0,,3.0,3.0,3.0,3.0,,3.0,3.0,3.0,3.0,3.0,3.0,,3.0,2.0,3.0,3.0,,,,3.0,,2.0,3.0,,3.0,3.0,2.0,3.0,3.0,,,,,,,3.0,1.0,,,3.0,,,,,,3.0,,3.0,3.0,,3.0,3.0,3.0,,3.0,,,,3.0,,,3.0,,3.0,3.0,,,3.0,3.0,,,,,3.0,3.0,3.0,3.0,,3.0,3.0,3.0,3.0,,,2.0,,3.0,,1.0,3.0,,,3.0,3.0,3.0,3.0,,3.0,3.0,,,3.0,,2.0,,,3.0,,3.0,3.0,,3.0,,,,,,,,,,,,,3.0,,,,0.0,,,3.0,3.0,,3.0,3.0,,,,,,,,,,3.0,,,,,,,3.0,,,,,,,3.0,,3.0,,,,3.0,,,,,,,3.0,3.0,,,,,,,,,,3.0,3.0,3.0,3.0,3.0,3.0,,2.0,,3.0,,,0.0,,,3.0,3.0,3.0,3.0,3.0,,,,,3.0,3.0,,,3.0,,,,,3.0,,,,3.0,,,,,3.0,,3.0,0.0,,,,,,3.0,3.0,3.0,3.0,,,3.0,,,,,,3.0,,,2.0,,3.0,,3.0,,3.0,,,3.0,,,,3.0,,3.0,,,2.0,,3.0,,,,,,3.0,,,3.0,,2.0,3.0,3.0,,3.0,3.0,,,,3.0,,,3.0,,3.0,3.0,,,3.0,,3.0,3.0,,,,,3.0,,3.0,,,,,,,,3.0,3.0,,,,3.0,,,2.0,3.0,,0.0,,,,,,,,,1.0,3.0,3.0,,1.0,,3.0,3.0,,,,3.0,2.0,,2.0,,,3.0,,,3.0,,,3.0,,,,,3.0,3.0,,3.0,3.0,,3.0,,3.0,,,,,,,,,,3.0,,,,,,,,,3.0,3.0,,,,102,5,0.0680272108843537,1.4676753782668501,-0.04146474776717707
,,,,0.0,,,,,,,,,,,,,,,,3.0,,,,,,,,,,,,,,,,,,,,,,,,,,,,,,,,,,,,,,,,,,,,,,,,,,,2.0,,,,,,,,,,,3.0,,,,,,,,,,,,,,3.0,,,,,,,,,,,,,,,,,,,3.0,,,,,,,,,,,,,,,,,,,,2.0,,,,,,,,3.0,,,,,,,,,,,,,3.0,,,0.0,,,,2.0,,,,,,3.0,,,3.0,,,,,,,,,,,,,,,,,,,,,3.0,,,,3.0,,,,,,,,,,,,,,,,,,,,,3.0,,,,3.0,,,,,,,,,,,,,,,,,,,,,,,,,,,,,,,,,,,,,,,,,,,,,,,,,,,,,,,,,,,0.0,,,,,,,,,,,,,3.0,,,,,,,,,,,3.0,,,,,,,,,,,,,,,,,,,,,,,,,,,,,,,3.0,,,,,,,,2.0,,,,,,,,,,,,0.0,,,,3.0,,,,,,,,,,,,,,,,,,,,,,,,,,,,,,,,,,,,,,,,,,,103,5,1.5,1.9180327868852458,0.09808710485773764
,,,,,,,,,,,,,,,,,0.0,,,,,,,,,,,,1.0,,,,,,,,,,,,,,,0.0,,,,,,,0.0,,,,,,,,,,,,,,,,,,,,,,,,,,,,,2.0,,,,,2.0,,,,,,,,,,,,,,,,,,,,,,,,,,,,,,,,,,,,,,,3.0,,,,,,,,,,,,,,,,,,,,,,,,,,,,,,,,,,,,,,,,,,,,,,,,,,,,,,,,,,,,,,,,,,,,,,,,,,,,,,,,,,,,,,,,,,,,,,,,,,,,,,,,,,,,,,,,,,,,,,,,,,,,,,,,,,,,,,,,,,,,,,,,,,,,,,,,,,,,,,,,,,,,,,,,,,,,,,,,,,,,,,,,,,,,,,,,,,,,,,,,,,,,,,,3.0,,,,,,,,,,,,,,,,,,,,,,,,,,,,0.0,,,,,,,,,,,,,,,,,,,,,,,,,,,,,,,,,,,,,,,,,,,,104,5,1.5,2.2222222222222223,0.8644516692407732
3.0,3.0,3.0,3.0,3.0,3.0,3.0,3.0,3.0,2.0,3.0,3.0,3.0,3.0,3.0,3.0,3.0,3.0,,3.0,2.0,2.0,3.0,3.0,3.0,3.0,3.0,3.0,3.0,,3.0,3.0,3.0,3.0,3.0,3.0,,,3.0,,3.0,,3.0,,,3.0,1.0,,3.0,,,3.0,2.0,,3.0,3.0,3.0,3.0,3.0,3.0,3.0,0.0,,3.0,,3.0,,3.0,3.0,,3.0,2.0,,3.0,3.0,3.0,3.0,,3.0,3.0,2.0,3.0,3.0,3.0,3.0,3.0,3.0,2.0,3.0,3.0,0.0,2.0,,3.0,,2.0,3.0,3.0,3.0,3.0,3.0,3.0,3.0,,3.0,3.0,,,3.0,,3.0,,3.0,3.0,,3.0,3.0,3.0,3.0,,,3.0,,2.0,3.0,3.0,3.0,,,,,3.0,,,,3.0,,,3.0,,3.0,3.0,3.0,3.0,,3.0,,,3.0,3.0,,,3.0,,,,,,,3.0,3.0,3.0,3.0,3.0,,3.0,,,2.0,3.0,,,3.0,3.0,,,,,,,3.0,,,,3.0,3.0,3.0,3.0,,,2.0,3.0,3.0,0.0,3.0,3.0,3.0,2.0,3.0,3.0,3.0,3.0,3.0,,,3.0,3.0,2.0,3.0,,,,,,3.0,3.0,,3.0,3.0,3.0,,,3.0,1.0,,,,3.0,,,,3.0,3.0,,0.0,3.0,3.0,,,3.0,3.0,3.0,3.0,3.0,1.0,,3.0,3.0,3.0,,,3.0,3.0,3.0,,,,3.0,3.0,3.0,3.0,,3.0,,,3.0,3.0,,3.0,3.0,,3.0,3.0,3.0,3.0,3.0,3.0,,,,,,,,3.0,3.0,3.0,3.0,3.0,3.0,1.0,2.0,3.0,,,,3.0,,,3.0,,3.0,3.0,,3.0,3.0,,3.0,3.0,,3.0,,,3.0,,3.0,3.0,,,,3.0,,,3.0,3.0,3.0,,,1.0,,2.0,3.0,,3.0,3.0,,,2.0,3.0,,3.0,3.0,,3.0,3.0,3.0,,,3.0,3.0,,3.0,,,,3.0,3.0,3.0,,3.0,3.0,,3.0,3.0,3.0,3.0,3.0,,,3.0,3.0,2.0,3.0,,3.0,3.0,3.0,,,3.0,3.0,,,,,,,,,,,,,3.0,,,,,3.0,3.0,3.0,,3.0,105,5,0.0616740088105726,1.2978003384094754,-0.18222722151947982
3.0,,,3.0,3.0,,,,,,,3.0,,,,,,,,,,,,,,,3.0,,,,,3.0,,,,,,,,,3.0,,,,,,,,3.0,,,,3.0,,,3.0,0.0,3.0,3.0,2.0,3.0,,,,,,,,,,3.0,,,,,,,,,,,,3.0,3.0,2.0,,3.0,,,2.0,,3.0,,3.0,,,3.0,,,,,,,,3.0,,,,,,,,3.0,,,,3.0,,,,,,,3.0,3.0,,,,,,,,,,,,,,,,,,,,,,,,,,,,3.0,,3.0,,,,,,,,,,,,,,3.0,2.0,,,2.0,1.0,,3.0,,,,,,,,,3.0,,,3.0,,,3.0,,,3.0,,,,0.0,,3.0,,,3.0,1.0,,3.0,,,,,,,,,,,,,3.0,,,,3.0,3.0,,,,,,,,,,,,,,,,,,,,2.0,,,,3.0,,,,,,,,,,,,3.0,,,,,,,,,,,,,,,3.0,0.0,3.0,,,,3.0,,,,,,,,,,,3.0,,,,,,,,,,,,,,,,,,,,,,3.0,,,,,,,,,,,,,,,,,,,0.0,,,,,,,,,,,,2.0,,,,,,,,,,,,,3.0,,,,,,,,,3.0,,1.0,,,3.0,,,,,,,,,,,,,,,,,,,,,,,,,,,,,,,,106,5,0.2040816326530612,1.7282229965156795,0.2741892430329887
,,,,,3.0,,,,3.0,,,,,,,,,,,,1.0,,,,,,0.0,,,,,,,,,,,,,,,,,,,,,,,,,3.0,,,,,,,,,,,,,3.0,,,,,,,,,,,,,,,,0.0,,,,,,,,,,,,,,,,,3.0,,,,,,3.0,,,,,,,,,,,,,,,,,,,,,,,,,,,,,,,,,,,,,,,,,,,,,,,,,,1.0,,,,,2.0,,,,,,,,,,,2.0,,3.0,,,,,,,,,,,,,,,,,,,,,,,,,3.0,,3.0,,,,,,,,,,,,,,,,3.0,,,3.0,,,,,,,,,,,,0.0,0.0,,,3.0,,,,,,,,,,,,,,,,,,,,,,,,,,,,2.0,,,,,,,,,,,,,,,,,,,,,,,,,,,,,,,,,,,,,,,,,,,,,,,,,,,,,,,,,,,,,,,,,,,,,,,,,,,,,,3.0,,,,,,,,,,,,,,,,,,,,,,,,,,,,,,,,,,,,,,,,,,,,,,,,,,,,,3.0,,,,,,,,,,107,5,1.7142857142857142,2.0681818181818183,0.3089647049661435
,3.0,,3.0,3.0,,,,,,3.0,,,,,3.0,,3.0,,,3.0,2.0,3.0,,3.0,3.0,3.0,3.0,3.0,,3.0,3.0,,,,,,,1.0,,3.0,,,,,3.0,,,,,,,3.0,,3.0,3.0,3.0,3.0,2.0,3.0,3.0,3.0,,,,,,,,,,2.0,,,,3.0,,,,3.0,3.0,3.0,3.0,3.0,,,3.0,3.0,,3.0,,3.0,,,,3.0,3.0,,3.0,3.0,,,3.0,,3.0,3.0,,0.0,3.0,3.0,3.0,,1.0,3.0,,3.0,,,,,,,,3.0,3.0,3.0,,3.0,,3.0,,3.0,,,,3.0,,,3.0,,3.0,3.0,,3.0,3.0,3.0,,,,,,,,,,,,,,2.0,,3.0,,2.0,,3.0,,,3.0,,3.0,,0.0,,,,,,,,3.0,,,2.0,3.0,,,3.0,,,3.0,3.0,3.0,,,,,0.0,,3.0,,,3.0,,,,2.0,3.0,,,,,,,3.0,3.0,,,3.0,,3.0,3.0,3.0,2.0,,,,,,3.0,3.0,,3.0,,,,,,,3.0,,,3.0,3.0,,,,3.0,,,,,,3.0,,,,,,3.0,,,3.0,,,,,,3.0,,,,,,,,3.0,,,,,,,,3.0,,,3.0,3.0,3.0,3.0,3.0,3.0,,,,,,,2.0,,3.0,3.0,,,,,,2.0,,,,,3.0,,,3.0,,2.0,,3.0,,,,,,,,3.0,,,3.0,,3.0,,,,,,,,,,,3.0,,,,,1.0,,,,,,3.0,3.0,3.0,,3.0,2.0,,3.0,3.0,3.0,,3.0,0.0,,3.0,1.0,,2.0,,,3.0,,,,3.0,,,,,,,3.0,,3.0,,,,,3.0,,,,,,,,,,108,5,0.140495867768595,1.3594594594594596,0.10789067770036981
,3.0,,3.0,,,,,,,,,,3.0,,,3.0,,,3.0,3.0,,,3.0,,3.0,,,,,,3.0,,,,3.0,,,,,,,,,,,,1.0,,,,,3.0,,,3.0,,3.0,,3.0,3.0,,,,,,,,3.0,,0.0,3.0,3.0,,,,,,3.0,,3.0,,3.0,,,,,,3.0,,,2.0,,,,3.0,3.0,,,,3.0,,,,3.0,,,,,,,,,3.0,3.0,,,,,,,,,3.0,3.0,,,,,,0.0,3.0,,,,3.0,,,,3.0,,3.0,0.0,,,,,,,,,,3.0,,,,,,,2.0,,,,,,,,,3.0,,,,,,,,,,,,,,,,3.0,,,,,,3.0,,,,2.0,,,2.0,,3.0,,3.0,,,,,,,,,,1.0,,,,,,,3.0,,,,3.0,3.0,,,,,,,,,,,,,,,,,,,,,,,,3.0,,,,,,,,,,,,,3.0,,,,,,,,,,,,,,,,3.0,,,,,,,,,,,3.0,,3.0,3.0,3.0,3.0,,,,,,,3.0,,,3.0,,,,,,,,3.0,,,3.0,,,3.0,,,,,,,3.0,,,,,,,,3.0,,,,,,,,,3.0,,,,,,,3.0,,2.0,,,,,,0.0,,3.0,,3.0,3.0,,3.0,2.0,,2.0,3.0,,,,,,3.0,,1.0,3.0,,,,3.0,,,,,,,,,,,,,,3.0,,,,,3.0,,,,,109,5,0.2698412698412698,1.973053892215569,0.12019576761812886
,,,,,,,,,,,,,,,,,0.0,,,2.0,,,,,,,,,,,,,,,,,,,,,3.0,,,,,,,,,,,,,,,,,,,,,,,,,,,,,,,,,,,,,,,,,,,,,,,,,,,,,,,,,,,,,,,,,,,,,,,,,,,,,,,,0.0,,,,,,,,,,,1.0,,0.0,,,,,,2.0,,,,,,,,,,,,,,,,,,,,,,,,,,,,,,,,,,,,,,,,,,,,,,,,,,,,,,,,,3.0,,,,,,,,,,,,,,,,,,,,,,,,,,,,,,,,,,,,,,,,,,,,,,,,,,,,,,,,,,,,,3.0,,,,2.0,,,,,,,,,,,,,,,,,,,,,,,,,,,,,3.0,,,,,,,,,,,,,,,,,,,,,,,,,3.0,,,,,,,,,,,,,,,,,,,0.0,,,,,,,,,,,,,,,,,,,,,,,,,,,,,,,,,,,,,,,,,3.0,,,,,,,,,,,,,,,,,,,,,,,,,,,110,5,4.0,2.3076923076923075,0.6700755517554408
3.0,,3.0,3.0,,,3.0,,3.0,,3.0,,3.0,,,,3.0,,,3.0,3.0,,,,,,3.0,3.0,2.0,3.0,3.0,,3.0,,,,,,3.0,,,3.0,3.0,,,,3.0,,,,,3.0,2.0,,3.0,,3.0,3.0,3.0,3.0,3.0,3.0,,,,,,,3.0,,3.0,2.0,,,3.0,3.0,3.0,,,3.0,3.0,,3.0,3.0,,3.0,3.0,3.0,,,,3.0,,,,3.0,3.0,,,,,3.0,3.0,,3.0,3.0,,,3.0,,3.0,3.0,,3.0,,3.0,,,3.0,,3.0,,3.0,3.0,2.0,,3.0,2.0,,,,3.0,,,,3.0,,,3.0,,,3.0,,,,3.0,2.0,,,,,,3.0,,0.0,,,,,3.0,,,,3.0,,,,,3.0,3.0,1.0,,2.0,,,,,3.0,,,1.0,3.0,,,,,3.0,2.0,,,2.0,3.0,3.0,,,,,3.0,,3.0,,3.0,3.0,3.0,,,,3.0,2.0,3.0,,,,,3.0,3.0,,,3.0,,,,3.0,3.0,,,,,,,,3.0,3.0,3.0,3.0,,,,,3.0,,,3.0,3.0,,,,3.0,,,,,3.0,0.0,,,,3.0,3.0,3.0,,,3.0,,1.0,,3.0,,3.0,3.0,,3.0,,,3.0,3.0,,,,,3.0,3.0,3.0,,,,3.0,3.0,,3.0,3.0,3.0,3.0,,,,,,,3.0,,,1.0,,3.0,3.0,,,,,,,,3.0,,,3.0,,,1.0,,,,3.0,3.0,,3.0,2.0,3.0,,,2.0,3.0,1.0,,,,,,,3.0,,,3.0,,2.0,,,3.0,3.0,3.0,3.0,,,3.0,3.0,3.0,3.0,,2.0,3.0,,,0.0,3.0,,3.0,,,3.0,,,3.0,3.0,,,,,,3.0,,,,,,,,,3.0,,,,3.0,3.0,,0.0,,,3.0,,3.0,,,111,5,0.1088435374149659,1.5797413793103448,0.03690079092246015
,3.0,,2.0,3.0,,3.0,,,,,,,,,,,,,,3.0,,,,,3.0,,3.0,,,,,,,,,,,3.0,,,,,,,,,,,,,,3.0,,,,1.0,,,,,,,,,,,,,,,,,,,,2.0,,,,3.0,3.0,3.0,,,3.0,,3.0,,,,3.0,,,,,3.0,,,,,,3.0,,3.0,,2.0,,,,3.0,,,,,3.0,,,,,,,,3.0,1.0,3.0,,,,,,3.0,,,,,,,3.0,,3.0,,,3.0,,,,,,,,,,,,,,,,2.0,,,,,,,,,,3.0,,,3.0,,,,,,,,,0.0,,,,,2.0,,,,3.0,,,,,,,3.0,,3.0,,0.0,,,,,,,,,,,,,2.0,0.0,3.0,,3.0,,,,,,,,,,,,,,,,,,,,,3.0,,,,3.0,,,,3.0,,,,,,,,,,,,,0.0,,,,,,,,,,,,,,,,3.0,,,,,,,,,,,,,,,,,,,,,,,,,,3.0,,,,,,,,,,,,,,,,,,,,,,,,,,,,,,,,,,,,,,,,,,,,,,,,,,,,,,,,,3.0,,,,3.0,,,,,,,,,,,,,,,,,,,,,,,,3.0,,,,,,,,,,,,2.0,,,,112,5,0.1951219512195122,1.8385650224215246,0.34641059252976675
0.0,,,,1.0,,,,,,3.0,3.0,,,,,,,,,3.0,,,,,,3.0,3.0,3.0,3.0,,,,,0.0,,,,,,,,3.0,,,,3.0,,,,,,,,,3.0,,,,3.0,,,,,,,,,3.0,,,3.0,,,,3.0,,,,,,,3.0,,,,,,,,,3.0,,,,,2.0,,,,,,,,,,,,,,,,,,,,,,3.0,,,,,,,,,,,,,3.0,,,,,,,,,,3.0,,,,,,,,,,,2.0,,,,,,,3.0,,,3.0,,,,,,,,,,3.0,,,,,,,3.0,,,,,3.0,,,,,,3.0,,,,,,,3.0,,,,,3.0,,,3.0,,,2.0,,,,,,3.0,,,,,,,,,3.0,,,,,,,,,,,,,,,,,,,,,,,,2.0,,,,,3.0,,,,,,3.0,,,,,,,,,,,,,,,,2.0,,,,,,,,,,,,,,,,,3.0,3.0,,,,,,,,,,,,,1.0,,,,,,,,,,,,,,0.0,,,,,,,,,,,,,,,,,,,,,,,,,,3.0,2.0,,,,3.0,,,,,3.0,,,,,,,,,,,,,,,,3.0,,,,,,,,,3.0,,,,,,,,3.0,,,,,1.0,,,,,,,0.0,,,113,5,0.2894736842105263,1.8785046728971964,0.22224420294777916
,,,3.0,3.0,3.0,,,,,,,,3.0,,,,,,,3.0,,3.0,3.0,,3.0,3.0,,,,,3.0,,,1.0,3.0,,,,,,,,,,3.0,,,3.0,,,,3.0,,,,,,,3.0,3.0,,,,,,,,3.0,,3.0,3.0,3.0,,,,,,,3.0,3.0,,3.0,1.0,3.0,3.0,,3.0,,,,2.0,,,,3.0,2.0,,,,1.0,,,1.0,3.0,,,,,,,,,,0.0,3.0,,,,,,,,3.0,3.0,,,3.0,,,,3.0,,,,,,,,,,2.0,,,,,,,,,,,3.0,,,,,,,3.0,,,0.0,,,,,,,3.0,,,2.0,3.0,,,,,,,,,,,,,,3.0,,,3.0,,3.0,,,,,3.0,,3.0,,,,,,,2.0,,,,,,0.0,,,3.0,,,,,,,,3.0,,,,,,,,,,,,,,,,,,,,,,,,3.0,,,,,,,,,,,,3.0,,,,,,,,,,,,,,,3.0,,3.0,3.0,,,,0.0,,,,,,3.0,,3.0,,3.0,,,,,,,,3.0,,,3.0,,,,,,,,,,,3.0,,,,,,,,,,,,,,,,,,,,,,,,,,,,,,,,,,,,,3.0,,,,,3.0,,3.0,,1.0,3.0,,,3.0,3.0,,3.0,,,2.0,,,,,3.0,,,,,3.0,,,,,,,,,,,,,,,,,,,,,,,,114,5,0.1538461538461538,1.8248587570621468,0.20366144986724613
,,,,,,,,,,,,,,,,,,,,,0.0,,,,,,,,,,,,,,,,,,,1.0,,3.0,,,,,,,,,,,,2.0,,,,,,,3.0,,,,,,,,,,,,,,,,,,,,,,,,,,,,,,,,,,,,,,,,,,,,3.0,,,,,,,,,,,,,,,,,,,,,,,,,,,,,,,,,,,,,,,,,,,,,,,,,,,,,2.0,,,,,,,,,,,,,,,,,,,,,,,,,,,,,,,,,,,,,,,,,,,,,,,,,,,,,,,,,,,,,,,,,0.0,,,,,,,,,,,,,,,,,,,,,,,,,,,,,,,,,,,3.0,,,,,,,,,,,,,,,,,,,,,,,,,0.0,,,,,,,,,,,,,,,,,,,,,,,,,,,,,,,,,,,,,0.0,,,,,,,,,,,,,,,,,,,,,,,,,,1.0,,,,,,,,,,,,,,,,,,,,,,,3.0,,,,,,,,,,,,,,,,,,,,,,,,,,,,,,,,,,115,5,0.0,2.272727272727273,0.44012060080656984
,3.0,,,,,3.0,,,3.0,,,,,,,,,,,3.0,,,,,3.0,,,,,,2.0,,,,,,,,1.0,,,,,,,,,,,,,,,,,,,,,,2.0,,,,,,,,,,3.0,,,,,,,3.0,,3.0,,,,,,,,,,,,,,,3.0,,,,,,,3.0,,,,,,,,,0.0,,,,,,,,,,3.0,,,3.0,,,,,,,,,,,,3.0,3.0,,,,,,,,,,,,,,,,,,0.0,,,,,,,,,,,,,,,,,,,,,,,,,,,,,,,,,,,,,,,,,,,,,,,3.0,,,,,,,,,,,,,,,,2.0,0.0,,,,3.0,,,,,,,,,,,,,,,,,,,,,0.0,,,,,,,,,,,,,,,,,,,,,,,,,,,,,,,,,,,,,,,,,,,,,,,,,,,,,,,,,,,,,,,,,,,,,,,,,,,,,,,,,,,,,,,,1.0,,,,,,,,,,,,,,,,,,,,,,,,,,,,,,,,,,,,,,,,,,,,,,,,,,,,,,,,,,,,,,,,,,,,,,,116,5,1.3333333333333333,2.0943396226415096,0.3873973415044329
,0.0,,,,,,,,,,,3.0,,,,,,,,,,,,,,,,,,,,,,,,,,3.0,2.0,,,,,,,,,,,,,,,,,,,,,,,,,,,,,,,,,,,,,,,,,,,,,,,,,,,,,,,,,,,,,,,,,,,,,,,,,,,,,,,,,,,,,,,,,,,,,,,,,,,,,,,,,,2.0,,,,,,,,,,,,,,,,,,,,,,,,,,,,,,,,,,,,,,,,,,,,,3.0,,,,,,,,,,,,3.0,,,,,,,,,,,,,,,,,,,,,,,,,,,,,,,,,,,,,,,,,,,,,,,,,,,,0.0,1.0,,,,,,,,,,,,,,,,,,,,,3.0,,,,,,,,,,,,,,3.0,,,,,,,,,3.0,,,,,,,,,,,,,,,,,,,,,,,,,,,,,,,,,,,,,,,,,,,,,,,,,,,,,,,0.0,,,,,,,,,1.0,,,,,,,,,,,,,,,,,,,,,,1.0,,,,,,,,,,,,,,,,0.0,,117,5,3.0,2.263157894736842,0.5780692090327584
,,,,,,,,,,,,,,,,,,,,,,,,,,,,,,,,,,,,,,,,,,,,,,,,,,,,,,,,,,,,,,,,,,,3.0,,,,,,,,,,,,,,,,,,,,,0.0,,,,,,,,,,,,,,,,,,,,,,,,,,,,,,,,,,,,,,,,,,,,,,,,,,,,,,,,,,,,0.0,,,,,,,,,,,,,,,,,,,,,,,,,,,,,,,,,,,,,,,,,,,,,,,,,,,,,,,,,2.0,,,,,,,0.0,,,,,,,,,,,,,,,,,,,,,,,,,,,,,,,,,,,3.0,,,,,,,,,,,,,,,,,,,,,,,,,,,,,,,,,,,,,,,,,,,,3.0,,,,,,,,,,,,,,,,,,,,,,,,,,,,,,,,,,,,,,,0.0,,,,,,,,,,,,,,,,,,,,,,,,,,,,,,,,,,,,,,,,,,,,,,,,,,,,,,,,,,,,,,,,,,,,,,,,,118,5,0.0,2.0,0.8607068760795468
3.0,3.0,3.0,3.0,3.0,3.0,,3.0,3.0,3.0,2.0,,3.0,,,,,,,3.0,3.0,,,,3.0,3.0,3.0,3.0,2.0,3.0,3.0,3.0,1.0,3.0,3.0,3.0,,,3.0,1.0,,,,3.0,,3.0,3.0,,3.0,3.0,,3.0,3.0,,3.0,2.0,3.0,3.0,3.0,3.0,3.0,3.0,,,,,,,2.0,,0.0,2.0,,3.0,3.0,3.0,,,3.0,,2.0,3.0,3.0,3.0,3.0,3.0,,3.0,,,3.0,3.0,,3.0,,2.0,3.0,3.0,3.0,3.0,3.0,3.0,3.0,,2.0,3.0,,,3.0,3.0,1.0,,,3.0,,3.0,,3.0,3.0,,3.0,,,3.0,3.0,,3.0,,,3.0,3.0,3.0,,,,,,,3.0,,,3.0,,3.0,3.0,,3.0,,,,,,3.0,,,,,,,3.0,3.0,,,3.0,,3.0,,,3.0,,3.0,,3.0,,,,,,3.0,,,,,,2.0,3.0,3.0,,,,3.0,3.0,2.0,2.0,3.0,1.0,,3.0,3.0,3.0,,,3.0,,2.0,3.0,,,3.0,,0.0,3.0,,,3.0,,,,3.0,3.0,3.0,,3.0,3.0,3.0,,,3.0,,,,,3.0,,3.0,3.0,,,,3.0,,0.0,3.0,3.0,3.0,,2.0,3.0,3.0,,,3.0,3.0,,,,,,3.0,3.0,3.0,,3.0,,,3.0,3.0,,,3.0,,3.0,,,,,3.0,,,,,,3.0,,3.0,3.0,,3.0,,3.0,3.0,2.0,3.0,,3.0,,,,,3.0,,,3.0,,,3.0,,3.0,,,,,,,,3.0,,,,,3.0,,,,3.0,,,,3.0,,3.0,3.0,3.0,3.0,3.0,,,,,,,,3.0,3.0,3.0,3.0,,,,,,,3.0,,,3.0,,3.0,,,3.0,,3.0,1.0,,3.0,3.0,,,3.0,,,3.0,3.0,,3.0,,,,3.0,3.0,0.0,,,,,,,,,,,,3.0,,,,,3.0,3.0,,,,119,5,0.0818713450292397,1.5196078431372548,-0.12135254488901116
,3.0,1.0,3.0,,,,,3.0,3.0,3.0,,1.0,3.0,3.0,,,,,,1.0,,,,2.0,,3.0,,2.0,,3.0,3.0,,,0.0,3.0,,,,,,,3.0,3.0,,,,,,,,,,,,,,,3.0,3.0,3.0,3.0,,,,,,,,,3.0,2.0,,3.0,,3.0,,,,,3.0,,3.0,,,3.0,,3.0,,,,3.0,,3.0,,3.0,3.0,,1.0,3.0,,3.0,3.0,,3.0,,,,3.0,,3.0,,,,,3.0,,,,,,,,,,,3.0,,,,,,,,,,,,,,,,,2.0,3.0,,,,,,,,,,,,,,,,,,,,,,,,3.0,,,,3.0,,,,,,,,,,,,3.0,,,,,,3.0,3.0,,,,,,,,3.0,,,,,,,,,,,,,,,,,,,3.0,,,,3.0,3.0,,,,,,,,,,,,,,,2.0,,,,,,,,,,,,,,2.0,,,,,,,,,,2.0,0.0,,,,,,,,,,,3.0,,,,,,,,,,,3.0,,,,,,3.0,,,,,,,,3.0,,,,,,,,,,,,,,,,,,,,,,,,,,,,,,,,,,,3.0,,,,,,3.0,,,,3.0,,,,,,,,,,,,,,,,,,,,,,,,,3.0,0.0,,,,,,,,,,,,,,,,,,,,0.0,,,,,,,,,,,,,120,5,0.2264150943396226,1.854368932038835,0.28347046102039974
,,,3.0,3.0,,,3.0,,,3.0,,,,,,,,,,3.0,,,,,,3.0,,,,,3.0,,,,,,,,,,,3.0,,,1.0,,,,,,,,,,,,3.0,,2.0,,,,,,,,,,,,,,,,,,,,,,,,,,,,,,,,2.0,,,,,,,,,,,,,,,,,,,,,,3.0,,3.0,,,,,,,,3.0,,,,,,,,,,,,,,,,,,3.0,,,3.0,,,,,,,,,,,,,,,3.0,,,3.0,,,,,,,1.0,3.0,,,,,,,,,,,,,,,,,,,,3.0,,,,,,3.0,3.0,,,,0.0,,,,,,,1.0,,,,,,,2.0,,,,,,,,,,,,,,,,,,,,,,,,,3.0,,,,,,,3.0,,,,,,,,0.0,3.0,,,,,,,,,,,,,,,,,,,,3.0,,,,,,,,,,,,,,,,3.0,1.0,,,,,,3.0,,,,,,,,,3.0,,,,,3.0,,,,,,,,,,,,,,,,,,,,,,,,,,,,,,,,,,,,,,,,,,,,,,3.0,,,,3.0,0.0,,3.0,,,2.0,,,,,,3.0,,,,,,,,,,,0.0,,,,,,,,,,,,,,,,,121,5,0.3793103448275862,1.8988095238095237,0.32145636636806246
,,,,,,3.0,,,,,,,,,,,,,,,,,,,,,,,,,,,,,,,,,,,,,3.0,,,,,,,,,,,,,,,,,,,,,,,,,,,,3.0,,,,,,,,,,,,,,,,,,,,,,,,,,,,,,,,,,,,,,,,,,,,,,,,,,,,,,,,,,,,,,,,,,,,2.0,,,,,,,,,,,,,,,,,,,,,,,,,,,,,,,,,,,,,,2.0,,,,,,,,,,,,,1.0,,,,,,,,,,,,,,,0.0,,,,,,,,,,,,,,,,,,,,,,,,,,,,,,,,,,,,,,,,,,,,,,,,,,,,,,,,,,,,,,,,,,,,,,,,,,,,,,,,,,,,,,,,,,,,,,,0.0,,,,,,,,,2.0,,,,,,,,,,,,,,,,,,,,,,,,1.0,,,,0.0,,,,,,,,,,,,,,,,,,,,,,,,,,,,,,,,,,,,,,,0.0,,,,,,,,,,,,,,,,,,,,,,,,,,,122,5,7.0,2.375,0.2750267552242041
,,,,,,,,,,,,,,,,,,,,,,,,,,,,,,,,,,,,,,,,,,,,,,,,,,,,,,,,,,,,,,,,,,,,,,,,,,,2.0,,,,,3.0,,,,,,,,,,,,,,,,,,,,,,,,,,,,,,3.0,,,3.0,,,,,,,,,2.0,,1.0,,,,,,,,,,,3.0,,,3.0,,,,,,,,,,,,,,,,,0.0,,,,,,,,,,,,,,,,,,,,,,,0.0,,,,,,,3.0,,,,,,,2.0,,,,,,,,,,,,0.0,,,,,,,,,,,,,,,,,,,3.0,,,,,,,,,,,,,,,,,,,,,,,,,,,,,,,,,,,,,,,,,,,,,,,,,,,,,,0.0,,,,,,,,,,2.0,,,,,,,,,,,,,,,,,,,,,,,,,,,,,,,,,,,,,,,,,,,,,,,,,,,,,,,,,,,,,,,,,,,,,,,,,,,,,,,,,,,,,3.0,,,,,,,,,,,,,,,,,,,,,,,,,,,,,,,123,5,1.6,2.03125,0.5916862346230003
,3.0,,,3.0,,,,,,,,,,,,,,,,3.0,,,,3.0,,2.0,,3.0,,,3.0,3.0,3.0,3.0,,,,1.0,,,,,,,3.0,,,3.0,,,,,,,3.0,,3.0,,,3.0,,,,,,,,,,,2.0,,,,,,,,,3.0,,3.0,,3.0,3.0,,3.0,,,1.0,3.0,,,,2.0,,,3.0,,3.0,3.0,1.0,,3.0,,,,3.0,,,,,,0.0,1.0,,,,,,,,,,,,,,,,,,,,,,,,,,,,,,,,,,,,,,,,,,0.0,,3.0,,,,,,,,,,,,,,3.0,,,,,,,,,,,,,,,,,,,3.0,,,,,3.0,,,,,,,,,2.0,,,,,3.0,,,3.0,,,,3.0,,,,,,,,,,,,,,3.0,,,,,,,,,,,3.0,,,,,,,,,,,,,,,,,,2.0,3.0,,,,,,,,,,,,,,,,,,,,,,,,,3.0,,,,,3.0,2.0,,,,,,3.0,,,,,,,,,,,,,,3.0,,,,,,,,,,,3.0,,,3.0,,,,,,,,,,,,,,,,,,,,,,,,,,,,3.0,0.0,,,,3.0,,,,,,,,,,,,,,,2.0,3.0,,,3.0,,,,,,,,,,,,,,,,,,0.0,,,,,,124,5,0.3658536585365853,1.8045454545454545,0.2206810758042584
,,,,2.0,,,,,,,,,,,,,,,,,,,,,,,,,,,,,,,1.0,,,,,,,,,,,,,,,,,,,,,,,,3.0,,,,,,,,,,,,,,,,,,,,,,,,,,,,,,,,3.0,,,,,,,,,,,,,,,,,,3.0,,,0.0,,,,,,,,,,,,,,3.0,,,,,,,,,,,,,,,,,,,,,,,,,,,,,,,,,,,,0.0,,,,,,,,,,,,,,,,,,,,0.0,,,,,,,,,,,,,,,,,,,,,,,,,,,,,,,,,,,,,,,,,,,,,,,,,,,,,,,,,,,,,,,,,,,,,,,,,,,,,,,,,,,,,,,,,,,,,,,,,,,,,,,,,,,,,,,,,,,,,,,,,,,,,,,,,,,,,,,,,,,,,,,,,3.0,,,,,,,,,,3.0,,,,,,,,,,,,,,,,,,,,1.0,,,,,,,,,,,,,,,,,,,,,,0.0,,,,,,,,,,,,,,,,,,,,,,,,125,5,2.0,2.4705882352941178,0.22074678689937824
,,,3.0,3.0,,,,0.0,3.0,3.0,,3.0,3.0,3.0,,3.0,,,,2.0,,,,,,3.0,3.0,3.0,,,3.0,0.0,,2.0,3.0,,,3.0,,,,,,,,,,,,,,,,,3.0,,3.0,,,,3.0,,,,,,,,,3.0,3.0,0.0,,,,3.0,,3.0,,3.0,3.0,3.0,,,3.0,,3.0,,,,3.0,,,,3.0,3.0,,,1.0,,,,,2.0,,,,,,,,,,,3.0,,,3.0,,,,,,,3.0,,,,,2.0,,,,,,,,,,,3.0,,,2.0,,,,,,,,,,,,,,,,,,,,,,,,,,,,,,,,,,,,,,,,,1.0,,,,,3.0,,3.0,3.0,,,,3.0,,,,3.0,,,,,,,,,,3.0,,,,,,3.0,,,,,,,,,,,,,,,,,,,,,,,,,1.0,3.0,,,,,,,,,,,,,,,3.0,,,,,,3.0,,,,,,,,,,3.0,,,,,,,,,,3.0,,,,,,,,,,,,,,,3.0,,,3.0,,,3.0,,,,,,,,,,,,,,,,,,2.0,,,,,,,,3.0,,,3.0,,,,,,,,,,,,3.0,,,,,,,,,3.0,,0.0,,,,,,,,,,,,,,,,,,,,,,,,,,,,,,,,,,,,,,,,,,,,,,126,5,0.2978723404255319,1.7322834645669292,0.22529378411148623
3.0,2.0,3.0,3.0,3.0,3.0,3.0,3.0,3.0,3.0,3.0,2.0,3.0,0.0,3.0,3.0,3.0,,,3.0,2.0,3.0,3.0,,3.0,3.0,2.0,2.0,0.0,3.0,3.0,3.0,3.0,3.0,3.0,3.0,,3.0,3.0,3.0,3.0,3.0,3.0,3.0,,3.0,3.0,3.0,3.0,3.0,,3.0,3.0,,3.0,3.0,3.0,3.0,3.0,3.0,2.0,2.0,3.0,3.0,,3.0,,3.0,3.0,,2.0,3.0,,,3.0,3.0,3.0,,3.0,,3.0,3.0,2.0,2.0,3.0,3.0,3.0,1.0,2.0,2.0,,3.0,3.0,3.0,,3.0,3.0,3.0,3.0,3.0,3.0,3.0,1.0,3.0,2.0,3.0,,,3.0,,2.0,3.0,3.0,3.0,,3.0,3.0,3.0,2.0,,,3.0,3.0,3.0,3.0,3.0,3.0,3.0,,3.0,,3.0,,,,3.0,,,3.0,,3.0,3.0,3.0,3.0,3.0,3.0,3.0,,3.0,,,,3.0,,3.0,,,,,3.0,3.0,3.0,3.0,3.0,3.0,3.0,,,2.0,0.0,3.0,,3.0,3.0,3.0,3.0,,3.0,,,3.0,3.0,,,1.0,3.0,3.0,2.0,,3.0,3.0,3.0,2.0,3.0,3.0,3.0,3.0,2.0,3.0,3.0,,3.0,3.0,3.0,,3.0,3.0,3.0,3.0,3.0,2.0,3.0,,,3.0,3.0,3.0,3.0,2.0,3.0,3.0,3.0,1.0,2.0,,,,3.0,,,,3.0,3.0,3.0,3.0,1.0,,,,2.0,1.0,3.0,3.0,2.0,3.0,3.0,3.0,3.0,2.0,,,3.0,3.0,3.0,,,,,3.0,3.0,3.0,,3.0,,,2.0,3.0,3.0,3.0,3.0,,3.0,,,3.0,3.0,3.0,3.0,,,3.0,3.0,3.0,,3.0,3.0,3.0,3.0,3.0,3.0,3.0,3.0,3.0,3.0,3.0,3.0,,,,2.0,3.0,3.0,3.0,,,3.0,,3.0,3.0,,3.0,3.0,,3.0,,3.0,3.0,3.0,,3.0,3.0,,3.0,3.0,2.0,3.0,3.0,,3.0,,3.0,3.0,3.0,3.0,3.0,,,3.0,,,3.0,3.0,,3.0,3.0,3.0,3.0,3.0,0.0,3.0,3.0,3.0,,3.0,3.0,3.0,3.0,3.0,,3.0,3.0,,3.0,3.0,3.0,3.0,2.0,,,3.0,3.0,3.0,3.0,3.0,3.0,3.0,3.0,3.0,,2.0,3.0,,,,,3.0,,,3.0,3.0,,,,,,3.0,,,3.0,3.0,3.0,,,127,5,0.0597014925373134,1.3063492063492064,-0.28914867624929397
,,3.0,3.0,,,,3.0,3.0,3.0,,,3.0,1.0,,,3.0,,,,3.0,,3.0,,3.0,,3.0,,,,,,,,,,,,3.0,,,,3.0,,,,,,3.0,,,,3.0,,,,,,,3.0,3.0,,,,,2.0,,3.0,,,3.0,3.0,,,,,,,,,3.0,3.0,3.0,,,2.0,3.0,3.0,,,,2.0,,,,3.0,,,,,,,,,2.0,3.0,,,,,,,,3.0,,3.0,,,,,,,,3.0,3.0,,,,,,,3.0,,,,,,,,,,3.0,,,,,,,,,,,3.0,,,,3.0,,0.0,,,,,,,,,,3.0,,,,3.0,,,,,,,,,,,,3.0,,,,,,3.0,,,,,,3.0,2.0,,,,,,,,,3.0,3.0,,,,3.0,,,,3.0,,,,,,,,3.0,,,,,,,,,,,,0.0,,,,3.0,,,,3.0,,,,3.0,,,,,,1.0,,,,,,3.0,,,3.0,,,,,0.0,3.0,,,,,,,3.0,3.0,,,,,,,,,,,,,2.0,3.0,3.0,,,,,,,,1.0,,,,,,3.0,,,3.0,,,,3.0,3.0,,,,,,,,,3.0,,,,,,3.0,,,3.0,,,,,,,,,,,,,,,,,,,3.0,,,3.0,,,,3.0,,3.0,3.0,,3.0,,2.0,,3.0,,,3.0,,,,,,3.0,,,,,,,,,,,,,,,,,,,,,,,,0.0,,,,128,5,0.1739130434782608,1.8505747126436782,0.10858753989002431
3.0,0.0,3.0,2.0,3.0,3.0,3.0,3.0,3.0,3.0,3.0,3.0,3.0,2.0,1.0,3.0,3.0,3.0,3.0,3.0,2.0,,3.0,3.0,3.0,3.0,2.0,3.0,3.0,3.0,3.0,3.0,3.0,,3.0,3.0,,,3.0,1.0,3.0,3.0,3.0,3.0,,3.0,3.0,3.0,3.0,3.0,,3.0,2.0,,3.0,3.0,3.0,3.0,3.0,2.0,3.0,3.0,3.0,3.0,,2.0,,3.0,3.0,,3.0,2.0,3.0,3.0,3.0,3.0,3.0,3.0,3.0,3.0,2.0,2.0,2.0,2.0,3.0,3.0,3.0,2.0,3.0,3.0,3.0,2.0,,3.0,,1.0,3.0,3.0,3.0,3.0,3.0,3.0,3.0,3.0,2.0,3.0,,,3.0,3.0,3.0,3.0,3.0,2.0,,3.0,3.0,3.0,3.0,3.0,3.0,3.0,3.0,2.0,3.0,3.0,3.0,3.0,,3.0,3.0,2.0,,3.0,,3.0,3.0,,3.0,3.0,3.0,1.0,3.0,3.0,3.0,3.0,3.0,,3.0,,,,3.0,,3.0,,,3.0,3.0,2.0,3.0,3.0,3.0,3.0,3.0,3.0,,,3.0,3.0,,,3.0,3.0,3.0,,,3.0,,3.0,2.0,3.0,,3.0,3.0,3.0,3.0,3.0,,,3.0,3.0,3.0,3.0,3.0,3.0,3.0,2.0,3.0,3.0,3.0,3.0,3.0,3.0,,3.0,3.0,2.0,3.0,3.0,,3.0,,,3.0,3.0,3.0,3.0,2.0,3.0,3.0,3.0,3.0,3.0,3.0,,3.0,3.0,3.0,,,3.0,3.0,3.0,3.0,3.0,3.0,,,3.0,2.0,3.0,3.0,3.0,3.0,3.0,3.0,2.0,3.0,,,3.0,3.0,2.0,,,,3.0,3.0,3.0,3.0,,0.0,,,3.0,,3.0,3.0,3.0,3.0,3.0,3.0,3.0,3.0,3.0,3.0,,,,3.0,3.0,3.0,,3.0,3.0,3.0,3.0,,3.0,3.0,3.0,3.0,2.0,3.0,,3.0,,,2.0,3.0,3.0,3.0,,3.0,3.0,,3.0,3.0,3.0,3.0,,1.0,0.0,,3.0,3.0,0.0,3.0,3.0,3.0,,1.0,2.0,3.0,3.0,3.0,3.0,1.0,,3.0,3.0,3.0,3.0,3.0,,,,3.0,3.0,1.0,3.0,,3.0,3.0,3.0,,3.0,3.0,3.0,3.0,2.0,3.0,,3.0,3.0,3.0,3.0,,3.0,3.0,,3.0,3.0,2.0,3.0,3.0,3.0,,3.0,3.0,3.0,3.0,3.0,3.0,2.0,3.0,3.0,,3.0,2.0,3.0,3.0,1.0,,3.0,3.0,3.0,3.0,3.0,,3.0,,2.0,,,,,3.0,3.0,,3.0,3.0,129,5,0.0433333333333333,1.2309476474486414,-0.2907891349662203
,,,3.0,3.0,,,,3.0,3.0,,,,3.0,,,,,,,3.0,,,,,3.0,,3.0,,,,,,,,3.0,,,,,,,,,,,,,,,,,3.0,,,,,,,0.0,3.0,,,,,,,,,,3.0,3.0,,,1.0,,3.0,,,,3.0,3.0,,,,,,,,,,2.0,,,,,,,,,,,,,2.0,,,,,,,,2.0,,,,,,,,,,,,,,,,,,,3.0,,,,,,,,,,3.0,,,,,,,,,,,,,,,,,,3.0,,,,,,,,,,,,,,,,,,,,,,,,,,,,,,,,,,,,,,3.0,,,,,,,,,3.0,,,,,,,,3.0,,,,,,,,,3.0,,,,,,,,,,0.0,,,,0.0,,,,,,3.0,,,,3.0,,,0.0,,,,,,,,,3.0,,,3.0,,,,,,,,,3.0,,,,,,,,,,,,,,,3.0,,,,,3.0,,,,,,,,3.0,,,3.0,,,,,,,,,,,,,,,,,,,,,,,3.0,,,2.0,,,3.0,,,,,,,,,,,,,,,,,,,1.0,,,3.0,,3.0,,,,3.0,3.0,,,2.0,,,1.0,,,,,,,,,,,,,,3.0,,,,,,3.0,,,,,,,,,,,,3.0,,,,,130,5,0.3243243243243243,1.8272727272727274,0.2728884118099187
,3.0,,3.0,,,,,,,,1.0,,,,2.0,,,,,,,,,,,3.0,,,,,,,,,,,,,,,,,,,,3.0,,,,,,3.0,,,,,,,,3.0,,,,,,,,,,3.0,,,,,3.0,,,,,3.0,,2.0,,,,,3.0,,,,3.0,,,,,3.0,,,,,,3.0,,3.0,,,,0.0,,,2.0,,,,3.0,,,,,,,,,3.0,,,,,,,3.0,,,,,,,,,,3.0,,1.0,,,,,,,3.0,,,,,,,,,3.0,,,,,,,,,,,,,3.0,,,,,,,,,,,,,,,,,,3.0,,,,3.0,,,3.0,3.0,3.0,,,,,,,,2.0,,,,,,,,,,,3.0,,,,,,,,,,,,,,,,,,,,,3.0,,,,,,0.0,,,,,,,,,,,,,,,,,,,,,,,,,,,,,,,,,,,,,,,,,,,,,,,3.0,,,,,,,3.0,,,0.0,,,,,,,,,,,,,,,,,,,,,,3.0,2.0,,,3.0,,,,,,,,,,,,,,,,,3.0,,,,,,,,,,,,,,1.0,,,,,1.0,,3.0,,,,,,,,,,,,,,,,,,,,,,,,,,,,,,,,,3.0,,,0.0,131,5,0.3333333333333333,1.8803827751196172,0.4766881861110445
,,,3.0,,,,,2.0,,3.0,3.0,3.0,3.0,,,,,,,3.0,,,,,3.0,,3.0,,,3.0,3.0,1.0,,3.0,3.0,,3.0,3.0,,,,,,,,,,3.0,,,,3.0,,,,,3.0,,3.0,1.0,3.0,,,,,,,3.0,,3.0,2.0,,0.0,1.0,3.0,3.0,,,0.0,2.0,3.0,3.0,,,3.0,,3.0,,,3.0,3.0,,,,3.0,2.0,,2.0,3.0,3.0,,3.0,,3.0,3.0,,3.0,,,3.0,,,3.0,,3.0,,,3.0,,,,,3.0,,,,,,,,3.0,2.0,,,,,,3.0,,,3.0,,,,,,,,,,,,,,,,,,3.0,,,,,3.0,,,,,,,,3.0,0.0,,,,,,,,,,,3.0,3.0,,,,,3.0,,,,,,,,,,,,,,,,3.0,,,,,,,,,,,,3.0,3.0,,,3.0,3.0,,,,,,,,3.0,,,,,,,,,,,,,,,,3.0,,3.0,,,,,,,,,3.0,2.0,,,3.0,1.0,,,,,,,,,,,,,,,,,,,,,3.0,,,,,3.0,3.0,0.0,2.0,,,,,,,3.0,,,3.0,,,,,,,,,,,,,,,,,,,,,,3.0,,,,,,,3.0,,,3.0,,,,,,,,,3.0,,,,,,,,,3.0,,,3.0,,,,3.0,3.0,,,3.0,,,3.0,,,,,,3.0,,,3.0,,,,,3.0,,,,,,,,,,,,,,,,,,3.0,,3.0,3.0,,132,5,0.0941176470588235,1.7209302325581395,0.08260789903899932
3.0,3.0,3.0,3.0,3.0,3.0,,3.0,3.0,2.0,3.0,3.0,3.0,3.0,2.0,3.0,3.0,3.0,,3.0,2.0,,3.0,,,3.0,0.0,3.0,3.0,3.0,3.0,3.0,,,2.0,3.0,,,0.0,3.0,3.0,3.0,3.0,,,3.0,3.0,,3.0,,,3.0,3.0,,2.0,3.0,3.0,,3.0,3.0,3.0,3.0,,,,,,3.0,2.0,,3.0,2.0,,,3.0,3.0,3.0,,,,3.0,,3.0,3.0,,3.0,3.0,3.0,,,3.0,3.0,,1.0,,,3.0,,3.0,3.0,3.0,2.0,3.0,1.0,2.0,3.0,,,3.0,,3.0,,,2.0,,3.0,,,3.0,,,,,3.0,3.0,3.0,0.0,3.0,,,,3.0,,3.0,,3.0,,,3.0,,,3.0,,,,3.0,,,3.0,,,,3.0,,,,3.0,,,2.0,,,,3.0,,3.0,,,3.0,,,,3.0,,,,,,,,,3.0,,3.0,3.0,,3.0,,3.0,,3.0,3.0,3.0,,,3.0,,3.0,3.0,2.0,,,3.0,,,3.0,,,,,,3.0,,,3.0,,3.0,,3.0,3.0,1.0,,3.0,3.0,3.0,,,,,0.0,,3.0,,,,,3.0,,,3.0,,3.0,3.0,2.0,3.0,,,3.0,,,,3.0,,3.0,,,,,3.0,3.0,3.0,,3.0,,,,3.0,,,,,3.0,,,3.0,,3.0,,,,,,,,3.0,3.0,,1.0,3.0,,,3.0,,,3.0,3.0,,,,3.0,,,,,,3.0,,3.0,3.0,,,,,3.0,,,1.0,,,,,,,3.0,,,3.0,,3.0,,,3.0,,,3.0,,,,,,3.0,,,,,3.0,,3.0,,3.0,,,,,,3.0,,3.0,,,,,3.0,3.0,3.0,3.0,,,,3.0,,,3.0,3.0,,3.0,3.0,3.0,,3.0,3.0,,3.0,3.0,,,3.0,,,,,,,,,,,,,,,,,133,5,0.1096774193548387,1.5712603062426385,-0.07430549503750304
,3.0,,3.0,3.0,,,,,,,,,,,,,,,,3.0,,,,3.0,3.0,3.0,,,,,,,,,3.0,,,3.0,,,,,,,,,,3.0,,,,,,,3.0,,1.0,,3.0,3.0,,,,,,,,,,3.0,2.0,,,,,,,,,3.0,,,,,,,,,,,3.0,,,,3.0,3.0,,,,3.0,,3.0,,3.0,,,,3.0,,,,,,,1.0,,2.0,3.0,,,,,,3.0,3.0,,,,,,3.0,,,,,,,,,,3.0,,3.0,,,,,,,,,,,,,,,,2.0,,,,,,,,,,,,,3.0,,,,,,,,,,,,,,,,,,3.0,3.0,,,,,,3.0,,2.0,3.0,,,,,,,,,,,,,,,,,,3.0,3.0,,,3.0,,,,,,0.0,,0.0,,3.0,,,,,,,,,,,0.0,,,,,,,,,,,,,,,,,,,,,,,,,,,,,,,,,3.0,,,,,,,,,,3.0,3.0,,,,3.0,,,,,,,,3.0,,,,,,3.0,,3.0,3.0,,,,,,,,,,,,,,,,3.0,,,,,,,,,3.0,,,,,3.0,,,,,,,,,,,,0.0,,,,,2.0,,3.0,,,3.0,,1.0,3.0,3.0,,3.0,,,2.0,,,,,,3.0,,,,3.0,,,,3.0,,,,1.0,3.0,,,,3.0,,,,,,,,,,,134,5,0.2363636363636363,1.7523219814241486,0.118149849567307
,,,,,,,,,,,,,,,,,,,,,,,,,,,3.0,,,,,,,,,,,,,,,,,,,,,,,,,,,,,,,,,,,,,,,,,,,,,,,,,,,,,,,,2.0,,,,,,,0.0,,,,,,,,,,,0.0,,,,,,,,,,,,,,,,,,,,,,,,,,,,,,,,,,,,,,,,,,,,,,,,,,,,,,,,,,,,,,,,,,,,,,,,,,,,,,,,,,,,,,,,,,,,,,,,,,,,,,,,,,,0.0,,,,,,,,,,,,,,,,,,,,,,,,,,,,0.0,,,,,,,,,,,,,,,,,,,,,,,,,,,,,,,,,,,,,,,,,,,,,,,,,,,,,,,,,,,,,,,,,,,,,,,,,,,,,,,,,,,,,,,,,,,,,,,,,,,,,,,,,,,,,3.0,,,,,,,,,,,,,,,3.0,,3.0,,,,,,,,,,,,,,,,,,,,,,,,,,,,,,,,,,,,,,,,,135,5,0.0,3.0,0.7791937224739797
,,,,,,,,,,,,,,,,,,,,,,,,,,,,,,,,,,,,,,,,,,,,,,,,,,,,,0.0,,,,,,,,,,,,,,,,,,,,,,,,,,,,,,,,,,2.0,,,,,,,,,,,,,,,,,,,,,,,,,,,,0.0,,,,,,,,1.0,,,,,,,,,,,,,,,,,,,,,,,,,3.0,,,,,,,,,,,,,,,,,,,,,,,,3.0,,,,,,,,,,,,,,,,,,,,,,,,,3.0,,,,,0.0,,,,,,,2.0,,3.0,,,,,,,,,,0.0,,,,,,,,,,,,,,,,,,,,,,,,,,,,,,,,,,,,,,,,,,,,,,,,,,,,,,,,,,,,,,,,,,,,,,,,,,,,,,,,,,,,,,,,,,,,,,,,,,,,,,,,,,,,,,,,,,,,,,,,,,,,,,,,,,,,,,,3.0,,,,,,,,,,,,,,,,,,,,,,,,,,,,,,,,,,,,,,,,,,,,,,,136,5,3.0,2.210526315789474,0.09997943021679362
,,,,,,,,,,,,,,3.0,,,,,,,,,,,,,,,0.0,,,,,,,,,,,,,,,,,,,,,,,,,,,,,,,,,,,,,,,,,,,,,,,,,,,,,,,,,,,,,,,,,,,,,,,,,,,,,0.0,,,,,,,,,,,,,,,,,,,,,,,,,,,3.0,,,,,,,,,,,,,,,,,,,,,,,,,,,,,,,,,,,,,,,,,,,,,,,2.0,,,,,,0.0,,,,,,,,,,,,,,,,,,0.0,,,,,,,,,,,,,,,,,,,,,,,,,,,,,,,,,,,,,,,,,,,,,,,,,,,,1.0,,,,,,,,,,,,1.0,,,,,,,,,,,,,,,,,,,,,,,,,,,,,,,,,,,,,,,,,,,,,,,,,,,,,,,,,,,,,,,,,,,,,,,,,,,,,,,,,,,1.0,,,,,,,,,,,,,,,,,,,,,,,,,,,,,,,,,,,,,,,,,,,,,,,,,,,,137,5,0.0,0.9999999999999998,0.03197647396955397
,,,,,,,,2.0,,,,,,,,,,,,3.0,,,,,,,,,,,,,,,,,,,,,,,,,,,,,,,,,,,3.0,,,,,,,,,,,,,,,,3.0,,,,,,,,,,,,,,,,,,,,,,,,,,,,,,,,,,,,,,,,,,,,,2.0,,,,,,0.0,,,,,,,,,,,,,,,,,,,,,,,,,,,,,,,,,,,,,,,,,,,,2.0,,,,,,,,,,,,,,,,,,,,,,,,,,,,,,,,,,2.0,,,,,,,,,,,0.0,,,,,,,,,,,,,,,,,,,,,,,,,,,,,,,,,,,,,,,,,,,,,,,,,,,,,,,,,,,,,,,,,,,,,,,,,,,,,,,,,,,,,,0.0,,,,,,,,,,,,,,,,,,,,,,,,,,,,,,,,,,,,,,,,,,,,,,,,,,,,,,,,,,,,,,,,,,,,,0.0,,,,,,,,,,,,,,,,,,,,,,,,,,,,,,,,,,,,,138,5,6.0,2.125,0.674199862463242
3.0,3.0,0.0,3.0,3.0,3.0,,,3.0,3.0,3.0,3.0,1.0,3.0,,,2.0,,,3.0,3.0,,3.0,,3.0,3.0,3.0,3.0,2.0,3.0,3.0,3.0,3.0,3.0,3.0,3.0,3.0,,3.0,,,,3.0,1.0,,3.0,3.0,3.0,3.0,3.0,,3.0,3.0,3.0,,3.0,3.0,3.0,,2.0,2.0,3.0,,3.0,,3.0,,,3.0,,3.0,2.0,,3.0,3.0,3.0,3.0,,3.0,,2.0,3.0,3.0,3.0,3.0,3.0,3.0,3.0,,,,3.0,,3.0,,2.0,2.0,3.0,3.0,3.0,3.0,2.0,3.0,3.0,3.0,3.0,,,3.0,3.0,3.0,3.0,,3.0,,3.0,3.0,3.0,3.0,,,,,3.0,3.0,,3.0,,,,,3.0,,,,3.0,,,3.0,,3.0,3.0,,3.0,,,3.0,,,,,,3.0,,3.0,,,,,3.0,,,3.0,3.0,,3.0,,,3.0,3.0,,,2.0,,,,,3.0,,,3.0,,,,3.0,3.0,3.0,3.0,,,2.0,1.0,3.0,3.0,3.0,3.0,3.0,3.0,,3.0,,,0.0,3.0,,3.0,3.0,3.0,,,3.0,,3.0,,3.0,,,,0.0,3.0,3.0,,3.0,2.0,,,,,,,,3.0,3.0,3.0,3.0,3.0,3.0,,,3.0,3.0,3.0,3.0,3.0,3.0,,,3.0,3.0,,,3.0,3.0,3.0,,,,3.0,3.0,3.0,,,3.0,,3.0,3.0,2.0,,3.0,3.0,,3.0,,3.0,3.0,3.0,3.0,,,,,,,3.0,3.0,3.0,3.0,3.0,3.0,3.0,3.0,2.0,3.0,,,,3.0,,,3.0,0.0,,3.0,,,3.0,,3.0,3.0,,3.0,,,3.0,,2.0,3.0,3.0,,3.0,3.0,,,3.0,3.0,,3.0,3.0,,,,3.0,3.0,2.0,,,,3.0,,,3.0,1.0,3.0,3.0,3.0,3.0,,,3.0,3.0,3.0,,3.0,,3.0,3.0,3.0,3.0,,3.0,3.0,,,1.0,3.0,2.0,3.0,,,2.0,3.0,3.0,3.0,3.0,,3.0,3.0,3.0,,3.0,3.0,3.0,,,,,3.0,,3.0,,,,,3.0,,,,,3.0,3.0,3.0,3.0,,139,5,0.0648148148148148,1.3919753086419753,-0.1910631707108044
3.0,3.0,,3.0,2.0,,,,0.0,3.0,2.0,1.0,3.0,3.0,3.0,,3.0,,,3.0,3.0,3.0,,,,,3.0,3.0,,,,3.0,,,,3.0,,,,,,,,,,,3.0,3.0,3.0,,,0.0,3.0,,,3.0,,,,3.0,3.0,,,,,,,,3.0,,3.0,3.0,3.0,,,,3.0,2.0,,,3.0,,3.0,,,,,3.0,,,,3.0,,,,3.0,,,,,3.0,,,,,,,,3.0,,,,,,,3.0,,,3.0,,,,,,3.0,3.0,,,,,,3.0,,,,,,,,,,,,1.0,,,,,,,,,,,,,,,,3.0,,,,3.0,,,,,,,,,3.0,,,,,,,,,,,,2.0,,,,,,3.0,1.0,3.0,3.0,,3.0,,3.0,,2.0,,,3.0,,,,,,,,,,,,3.0,,,,,,,3.0,2.0,,,,,,,,,3.0,,,,,,,,2.0,,,,,,,,3.0,,,,3.0,,,,,,,,,3.0,,,,,,,,,,,,,,,,,,,,,,,,,,3.0,3.0,,,,3.0,3.0,3.0,3.0,,,,,3.0,,,,,,3.0,,,,,,,,,,,,,,,,,,,3.0,,,,,,,,,,,,,,,,,,,,0.0,,,,,,,,,,,,,,0.0,,,,,,,,,,,,,,,,,,,,,,,,,,,,,,,,,,,,,,,,,,,,,140,5,0.123076923076923,1.7703488372093024,0.14966575333545057
,,,,,,,,,,,,,3.0,,,,,,3.0,,,,,,,,,,,,,,,,,,,,,,0.0,,,,,3.0,,,,,,,,,,,,,,,,,,,,,,,,0.0,,,,,,,,,,,,,,,,,,,,,,,,,,,,,,,,,,,,,,,,,,,,,,,,,,,,,,,,,,,,,,,,,,,,,,,,,,,,,,3.0,2.0,,3.0,,,,,,,,,,,,,,0.0,,,,,,,,,,,,,,,,,,,3.0,,,,,,,,,,3.0,2.0,,,,3.0,,,,,,,,,,,,,,,,,,,,,,,,,,,2.0,,,,,,,,,,,,,,,,,,,,,3.0,,,,,,,,,,,,,,0.0,,,,,,,,,,,,,,,,,,,,,,,,,,,,,,,2.0,,,,,,,,,,,,,,,,,,,,,,,,,,,,,,,,,,,,,,,,,,,,,,,,,,,,,,,,,,,,,,,,,,,,,,,,,,,,,,,,,,,,,,,,,,,,,,,,,,,,,,,,,,,,,,,141,5,12.0,2.2916666666666665,0.1968191289153579
3.0,3.0,3.0,,2.0,,,,3.0,,,,,,,,,,,3.0,3.0,,,,,,3.0,,,2.0,3.0,3.0,,,,3.0,2.0,,,,,,,,,,3.0,,,,,3.0,3.0,,,,,3.0,,3.0,3.0,3.0,,0.0,,,,,3.0,,,,,,,3.0,,,,,3.0,,3.0,,,,,3.0,,,,3.0,,,,2.0,3.0,,,,,,,,,,,,,,,,,3.0,,3.0,,,3.0,,,,,,,,,,,,0.0,,,,3.0,,,,,,,,,,,,3.0,,,,,,3.0,,,,,,,3.0,,,,,,,,,3.0,,,,3.0,,,,,,,,,,,,2.0,,,,,,3.0,3.0,3.0,2.0,,3.0,,3.0,,3.0,,3.0,0.0,0.0,,,,,,,1.0,,,,1.0,,,1.0,3.0,,,,,2.0,,,,,,,,,,,,,,,,,,3.0,,,,,,3.0,,,,,3.0,,,,,,1.0,3.0,,,,,,,3.0,3.0,,3.0,,,,,,,,,,,,,,,3.0,,3.0,,,,,3.0,3.0,,,,,,,3.0,,,,,,,,,,,,,,,,3.0,,,,,,,,,3.0,,,,,,,,,,,,,,,,,,,,,,2.0,,,,,3.0,,,,,,,,,,,,3.0,,,3.0,,,,,,,3.0,,,,,,,,,,,,,,,,,,,,,,,,,,,,,,142,5,0.2456140350877192,1.763586956521739,0.2517725057835218
,,,,,,2.0,,3.0,,,,,,,,,,,,,,,,,,,,,,,,,,,,,,,,,,,,,,,,,,,,,,,,,,,,,,,,,,,,,,,,,,,,,,,,,,,,,,,3.0,,,,,,,,,,,,,,,,,,,,0.0,,,,,,,,,,,,,,,,,,,,,,,,,,,,,,,,,,,0.0,,,,,,,,,,,,,,,,,,,,,,,,,,,,3.0,,3.0,,,,,0.0,,,,,,,,,,,,,,,,,,,,,,,,,,,,,,,,,,,,,,,,,,,,,,,,,,,,,,,,,,,,,,,,,,,,,,,,,,,,,,,,,,,1.0,,,,,,,,,,,,,,,,,,,,,,,,,,,,,,,,,,,,,,,,,,,,,,,,,,,,,,,,,,,,,,,,,,,,,,,,,,,,,,,,,,,,,,,,,,,,,,,,0.0,,,,,,,,,,,,,,,,,,,,,,,,,,,,,,,,,,,,,,,,,,,,,,,143,5,0.0,2.4,0.8598558845008638
,,,3.0,1.0,3.0,,3.0,3.0,3.0,3.0,3.0,3.0,3.0,,,3.0,,,3.0,0.0,,,,,,3.0,3.0,3.0,,3.0,3.0,,3.0,2.0,1.0,,,,,,2.0,,,,,2.0,,3.0,,,,3.0,,,3.0,,,,3.0,,3.0,,,,,,3.0,3.0,,3.0,3.0,1.0,3.0,,2.0,,,,,2.0,,3.0,2.0,,3.0,3.0,3.0,3.0,,,3.0,,3.0,,3.0,3.0,,3.0,3.0,2.0,3.0,3.0,,3.0,3.0,,,,,3.0,,,3.0,,3.0,,,,,,,3.0,,,,3.0,,1.0,3.0,,3.0,,,,3.0,,,3.0,,,3.0,,,,,,,,,,,3.0,,,,,,,3.0,,,3.0,,3.0,,0.0,,,,,,3.0,,3.0,,,,,,2.0,,,,3.0,,3.0,,,,3.0,3.0,3.0,3.0,,,,3.0,,3.0,,,,,,,3.0,,3.0,,,,,,3.0,,3.0,,3.0,3.0,,,3.0,3.0,3.0,,,,,,,,,,,2.0,,,,,,,3.0,,,,,2.0,,,,,,,,,,,,,3.0,,3.0,,,3.0,,,,3.0,1.0,,,,3.0,3.0,3.0,,3.0,,0.0,3.0,,3.0,3.0,,,3.0,,,3.0,3.0,,,,,,,,3.0,,,,,,,,,,,,,,,,,,,,,,,,,,2.0,3.0,,,,,,,,3.0,,0.0,,,,,,,,3.0,,,,3.0,2.0,,,,,,3.0,,3.0,,,3.0,,3.0,,,,,,,,,3.0,,,,,,,,,3.0,,,,,,,,,,,,,,,,,,,,,,,144,5,0.1683168316831683,1.577445652173913,0.17252682622698534
,,,,,,,,,,,,,,,,,,,,3.0,,,,,,2.0,,1.0,,,,,,,,,,,,,,,,,,,,,,,,,,3.0,,,,,,,,,,,,,,,,,2.0,,,,3.0,,,,,,,,,,,,,,,,,,,,,,,,,,,3.0,,3.0,,,,,,,,,,,3.0,,,,,,,,,,,,,,,,,,,,,,,,,,,,,,,3.0,,,,,,3.0,,,,,,,,,,,,,,,,,,,,,,,,,,,,,,,,,,1.0,,,,3.0,,,,,,,3.0,,,,,3.0,,,,,3.0,,,,,,,,,,,,,,,,,,,,,,,,,,,,,,,,,,,,,,,,,,,,,,,,,,0.0,,,,,,,2.0,,,,,,,,,,,,,,,,,,,,,,,,,,,,,,,,,,,,,,,,,,,,,,,,,,,,,,,,,,,,,,2.0,,,,,,3.0,0.0,,,,,,0.0,,,,,,2.0,,,,,,,3.0,,,,,,,,,,,,,,,,,,,,,,,,,,,,,,,0.0,,,,,,,,,,,,,,,,,,,,145,5,0.75,1.7625,0.49604479473525365
3.0,3.0,,3.0,3.0,,,,3.0,,3.0,3.0,,,,,,,,,3.0,,,,,,3.0,3.0,3.0,,,3.0,3.0,,,,,,,,,,,,,,3.0,,,,,,3.0,,,2.0,3.0,,,2.0,3.0,,,,,,,,3.0,,3.0,3.0,,2.0,,,,,0.0,,3.0,,,,,,,3.0,,,3.0,3.0,,,,3.0,3.0,,,,3.0,,,,3.0,,,,3.0,,,,,3.0,,3.0,,,,,,,,3.0,3.0,,,,,,,3.0,,,,,,,,,3.0,3.0,,,,,,,,,,,2.0,,,,,,,3.0,,0.0,,,,,,,3.0,,,,,,,,,,,2.0,,,,,,,,1.0,,,3.0,,,,,,,3.0,3.0,2.0,,,3.0,,,3.0,,,,1.0,,,,,3.0,,,,,,0.0,,,,,,,,,,,,,,,,,,,,3.0,,,3.0,,,,3.0,,,,,,,,,,,,,,,,,3.0,,,,,,,,,,,,,,,,,,,,,,,,,,2.0,3.0,,,,,,,,,,,,,,,,,,,,,,,,,2.0,,,,3.0,,,,1.0,,,,,,,,,2.0,,,,,,,2.0,,,3.0,,3.0,,,,3.0,3.0,,,3.0,,3.0,,3.0,,,,,,3.0,,,,,,,,,,,,0.0,,,,,,,,,,,,,,,,,,,,,,,,,,,,146,5,0.2909090909090909,1.6633416458852868,0.3985973370026053
,,,,,,,0.0,,,,,3.0,,,,,,,,3.0,,,,,1.0,,,,,,,,,,,,,,,,,,3.0,,,,,,,,,,,,,,,,,,,,,,,,3.0,3.0,,,,,,,,,,,,,,,,,,,,,,,,,,,,,,,,,,,,3.0,,3.0,,,,,,,,,,,,,,,,,3.0,,,,,,,,,,,,,,,,,,,,,,,,,,,0.0,,,,,,,,,2.0,,,,,,,,,,,,,3.0,,,,,,,,,3.0,,,,,,,,,,,,,,,,,,,,,,,,,,,3.0,,,,,,,,,,,,,,,,,,,,3.0,,,,,,,,,,,,3.0,,,1.0,,,,,,,,,,,0.0,,,,,,,,,,,,,,,,2.0,2.0,,,2.0,,,,,,,,,,,,,,3.0,,,,,,,,,,,,,,,,,,,,,,,,,,,,,,,,,,,,,,,,,,,,,,,,,,,,,,,,,,,3.0,,,0.0,,,,,,,,,3.0,,,,,,,,,,3.0,,,,,,,,,,,,,,,,,,,,,,,,,,,,,3.0,,,,,147,5,2.0,2.1,0.16060008822186966
,,,,,,,,,,,,,,,,,,,,,,,,,3.0,,,,,,,,,,0.0,,,,,,,,,,,,,,,,,,,,,,,,,,,,,,,,,,,,,,,,,,,,,,,,,,,,,,,,,,,,,,,,,,,,,3.0,,,,,,,,,,,,,,,,,,,,,,,,,,,,,,,,,,,,,,,,,,,,,,,,,,,,,,,,,,,,,,,,,,,,,,,,,,,,,1.0,,,,,,,,2.0,,,,,,,,,,,,,,,,,,,,,,,,,,,,,,,3.0,,,,,,,,,,,,,,,,,,,,,,,,,,,,,,,,,,,,,,,,,,,,,,,0.0,,,,,,,,,,,,,,,,,,,,,,,,,,,,,,,,,,,,,,,,,,,,,,,,,,,,,,,,,,,,,,,,,,,,,,,,0.0,,,,,,,1.0,,,,,,,,,,,,,,,,,,,,,,0.0,,,,,,,,,,,,,,,,,,,,,,,,,,,,,,,,,,,148,5,0.0,2.75,0.5100613704506707
,,,,,,,,,,,,,,,,,,,,3.0,,,,,,,,,,,,,,,,,,,,,,,,,,,,,,,,3.0,,,,,,,,,,,,,,,,,,,2.0,,0.0,,,,,,,3.0,,,,,3.0,,,,,,,,,,,,,,,,,,,,,,,,,,,,,,,,,,,,,,,,,,,,,,,,,,,,,,,,,,,,,,,,,,,,,,,,,,,,,,,,,,,,,,,,,,,,,,,,,,,,,,,,,,,,,,,0.0,3.0,,,,,,,,,,,1.0,,,,,,,,,,,,,,,,,,,,,,,,,,,,,,,,,,,,,,,,,,,2.0,,,,,,,,,,2.0,,,,,,,,,,,,,,,,,,,,,,,,,,,,,,,,,,,,,,3.0,,,,,,,,,,,,,,,,,,,,,,,,,,,,,,,,,,,,,,,,,,,,,,,,,,0.0,,,,,,3.0,,,0.0,,,,1.0,,,,,,,,,,,,,,,,,3.0,,,,,,,,,,,,,,,,,,,,,,,,149,5,1.6,2.1379310344827585,0.7611634725766171
,,,,,,,,,,,,,,,,,,,,,,,,,,3.0,,,,,,,,,,,,3.0,,,,,,,,,,,,,2.0,,,,,,,,,,,,,,,,,,,3.0,3.0,,,,,,,,,3.0,,,,,,,3.0,1.0,,0.0,,,,,,,,,,,,,,,,,,,,,0.0,,,,,,,,,,,,,3.0,,3.0,0.0,,,,,,,,,,,,,,,3.0,2.0,3.0,,,,,,,,,,2.0,,,,,,,,,2.0,,,,,,,,,,,,,,,,,,,,,3.0,,,,,,,,3.0,,,,,,,3.0,,,,,,,3.0,,,,,,,,,,,,,,,,,,,,,,,,,,2.0,,,,,,,,,,,,,,,,,,,,,,,,,,,,,,,,,,,,,,,,,,,,,,,,,,,,,,,,3.0,3.0,,,,,,,,,0.0,,,,,,,,,,,,,,,,,,,,,,,,,,,,,,,,,,,,,,,,,,,,,,,,,,,,,,,,,,,,,,,,,,,,,,,,,,,,,,,,,,,,,,,,,,,2.0,,,,,,,,,,,,,,150,5,1.3,2.0163934426229506,0.5682571656437898
,,,,,,,,,,,,,,,,,,,,,,,,,,,,,,,,,,,,0.0,,3.0,,,,,,,,,,,,,,,,3.0,,,,,,,,,,,,,,,0.0,,,,,,,,,,,,,2.0,,,,,,,,,,,,,,,,,,,,,,,,,,,,,,,,,,,,,,,,,,2.0,1.0,,,,,,,,,,,,,,,,,,,,,,,,,,,,,,,,,,,,,,,,,,,,,,,,,,,,,,,,,,,,,,,,,,3.0,,,,,,,,,,,,,,,,,,,,,,,,,,,,,,,,,,,,,,,,,,,,,,,,,,,,,,,2.0,,,,,,,,,,,,,,,,3.0,,,,,,,,,,,,,,,,,,,,,,,,,,,,,3.0,,,,,,,,3.0,,,,,,3.0,,,,,,,,,,,,,,,,,,,,,,,3.0,,,,,,,,,0.0,,,,,,,,,,,,,,,,,,,,,,,,,,,,,,,,,,,,,,,,,,,,3.0,,,0.0,,,,,,,,,,,,,,,,,,,151,5,5.5,2.090909090909091,0.5174281329883157
,,,,,,,,,,,,3.0,,,,,,,,3.0,,,,,,,,,0.0,,3.0,,,,,,,,,,,,3.0,,1.0,,,,,,,,0.0,,,,,,,,,,,,,,,,,,,,,,,,,,,3.0,,,,,,,,,3.0,,,,,,,3.0,,,,,2.0,,,,,,,,,,,,,,,,,,,,,,,,,,,,,,,,,,,,,,,,,,,,,,,,,,,,,,,,,,,,,,,,,,,,,,,,,,,,,,,,,,,,,,3.0,,,,,,,,,,,,,,,,,,,,,,,,,,,,,,,,,,,,,,,,,0.0,,,,,,,,,,,,,,,,,,,3.0,,,,,,,,,,,,,,,,,,1.0,,,,,,,,,,,,,,,,,,,,3.0,,,,,3.0,3.0,2.0,,,,,,,3.0,,,,,,,,,,,,,,,,,,,,,,,,,,,,,2.0,,,,,,,,,0.0,,,,,,,,,,,,,,,,,,,,,,,,,,,,,,,,,,,,,,,,,,,,,,,,,,,,,,,,,,,,,,,,,,152,5,2.0,2.275,0.5443845814653256
,,,,,,,,,,,,,,,,3.0,,,,,,,,3.0,,,,,,,,,,,,,,,,,,,,,,,,,,,,,,,,,,,,,,,,,,,,,,,,,,,,,,,,,,,,,,,,,,,3.0,,,,,,,,,0.0,,,,,,,,,,,,,3.0,,,,,,,,,,,,,,3.0,,,,,,,,,,,,,,,,,,,,,,,,,,,,,,,,,,,,,,,,,,,,,,,,,,,,,,,,,,,,,,,,,,,3.0,,,3.0,,,,,,,,,,3.0,,,,,,,,,,,,,,,,,,,,,,,,,,,,,,,,,,,0.0,,,,,,,,,,,,,,,,,,,,,,,,,,,,,,,,,,,,3.0,0.0,,,,,,,,,,,,,,,,,,,,,,2.0,,,,,,,,,,,,,,,,,,,,,,,,,,,,,,,,2.0,,,,,,,,,,,,1.0,,,,,,,,,,,,,,0.0,,,,,,,,,,,,,,,,,,,2.0,,,,,,,,,,,,,,,,,,,,,,,,,153,5,3.333333333333333,2.206896551724138,0.3418242847461671
,,,,,,,,,,3.0,,3.0,,,,3.0,,,,2.0,,,,,,3.0,3.0,3.0,,3.0,,,,,,,,3.0,3.0,,,,,,,,,,,,,3.0,,,,,3.0,3.0,,,,,,,,,,,,,3.0,,,,3.0,,,,,3.0,,2.0,,,,,3.0,,,,3.0,,,,3.0,3.0,,3.0,,,,3.0,,3.0,,,,2.0,,,,,0.0,,3.0,,,,,,,,,,,1.0,3.0,,,,,,,,,,,3.0,,,3.0,,,,,,,,,,,,,,,,,,,,,,,,,,,,,,,,,,,,,1.0,,,,,,,,,,,,3.0,,,,,0.0,,3.0,,3.0,,,,,,,,,,,,,,,,,,,3.0,,,,1.0,,,,,,,,,,,,,,,,,,,,,,,,,,,,,2.0,,,,,,,,,,,3.0,,,,,,,,,,,,,,,,0.0,,,,,,,,,3.0,,,,,,,,,,,,,,,,,,,,,,,,,,,,,,,,,,,,,,,,,,,,,,,,0.0,,,,,,,,,,,,,,,,,,,,3.0,,,,,,,,,3.0,,,,,,,,3.0,,,1.0,,,,,3.0,,,,,,,,,,,,,,,,,,,,,,,154,5,0.2571428571428571,1.9481865284974094,0.28883610012501415
3.0,,3.0,3.0,,,,3.0,1.0,3.0,3.0,3.0,3.0,2.0,3.0,3.0,3.0,3.0,,3.0,2.0,,,3.0,3.0,3.0,3.0,3.0,3.0,,3.0,3.0,3.0,0.0,3.0,3.0,,,3.0,,,,,3.0,,,3.0,3.0,,3.0,,3.0,3.0,,3.0,,,2.0,3.0,3.0,3.0,3.0,,0.0,,,,,,,2.0,0.0,3.0,,3.0,3.0,3.0,3.0,,,3.0,3.0,3.0,,,3.0,,3.0,,,,2.0,,3.0,,3.0,3.0,3.0,3.0,3.0,,,3.0,,2.0,3.0,,,3.0,,3.0,,,3.0,,,3.0,,,,,,,3.0,3.0,3.0,3.0,,,,,3.0,,,3.0,,,,3.0,,,3.0,,,,,3.0,,3.0,,,,3.0,,,,,3.0,,3.0,,,,3.0,,,,,3.0,,,,3.0,,,,,,,3.0,3.0,,,,3.0,3.0,1.0,3.0,,,2.0,3.0,3.0,3.0,3.0,3.0,3.0,2.0,,3.0,,,3.0,,,3.0,,,,3.0,,3.0,,,,,,3.0,3.0,3.0,,,3.0,3.0,,,,,,,,2.0,3.0,,3.0,3.0,,,,3.0,,,3.0,3.0,,,,3.0,,,,3.0,,,,,,3.0,3.0,3.0,3.0,,3.0,,,3.0,,3.0,3.0,3.0,,,,3.0,3.0,3.0,3.0,,,,3.0,,0.0,,,3.0,1.0,3.0,,3.0,3.0,3.0,3.0,3.0,,,,,,3.0,,3.0,3.0,1.0,1.0,3.0,3.0,,,3.0,,,,3.0,,,,,,,,,,3.0,3.0,,,1.0,3.0,,,3.0,3.0,3.0,3.0,,3.0,,,,3.0,,,,,3.0,,3.0,,,3.0,,,,,3.0,3.0,3.0,,3.0,3.0,,3.0,2.0,3.0,,3.0,1.0,,3.0,,1.0,3.0,,,,,,,3.0,,,,,,,,,3.0,,,,,3.0,,,,,,3.0,,,,155,5,0.1075949367088607,1.8425624321389793,0.0021308834332691624
,,3.0,3.0,,,,,3.0,3.0,3.0,,3.0,0.0,,,,,,3.0,3.0,2.0,3.0,,,3.0,3.0,2.0,,,0.0,3.0,,,,2.0,,,,,,,,,,,3.0,,,,,,,,3.0,,,,,3.0,,,,3.0,,,,,,,3.0,3.0,3.0,,3.0,,3.0,,,,3.0,2.0,3.0,,,,,3.0,,,,2.0,3.0,3.0,,3.0,,,,,,,,,2.0,,,,,,3.0,,,3.0,,,,,,,,,,,,,,,,,,3.0,,,,,,,,,,3.0,,,,,3.0,,,,,,3.0,,,,,,,,,,,,,,,,3.0,,,,3.0,,,,,,,,,,,2.0,3.0,,,,,3.0,1.0,3.0,3.0,3.0,,,,3.0,,3.0,,,2.0,,,,,,,,,3.0,,,,3.0,,3.0,3.0,,,,3.0,,,,,,,,,,3.0,0.0,,,,,,,,,,,,,,3.0,,,,,,,,,,,,,,,3.0,,,,3.0,0.0,,,,,,,,3.0,3.0,,,,,,,,3.0,,3.0,3.0,,,,3.0,,,,,,,,3.0,,,,,,,3.0,,,,,,,,,,,,,,,,,,,,,,,,,,,,3.0,,,,,,,,,,3.0,,,,,,,,,,,3.0,,3.0,,,,,3.0,,,,3.0,,,,,,,,,,,,,,,,,,,,,,,,,,,,,,,,,,,,,156,5,0.1935483870967742,1.6205673758865249,0.018331800055932185
,,0.0,,,,2.0,,,,,3.0,,3.0,,,3.0,,,,,,2.0,,,,,,,,,,,,,,,,,,,,,,,,,,,,,,,,,,,,,,,,,,,,,,,,,2.0,,,,,3.0,,,,,3.0,,,,,,,,,,3.0,,,,,,,,,,,3.0,,,,,,,,,,,3.0,,,,,,,,,,,3.0,,,,,,,3.0,,,,,,,,,,3.0,,,,2.0,,,,,,,,,,,,,,,,,,,,,,,,,,2.0,3.0,,,,,,,,0.0,,,,,,,,,,3.0,,,,,,,1.0,,3.0,,,3.0,,,,,,,,,,,,,,,,,,,,3.0,,,,,,,3.0,,3.0,,,,,,,,,,,,,,,,3.0,,,,,,,,,,,3.0,,3.0,,3.0,,,,,3.0,,,,,,,3.0,,,,,,,,3.0,,,,2.0,,,,,,,,,3.0,,,,,,,,,,0.0,,,,,,,2.0,,,3.0,3.0,,,,,,,3.0,,,,,3.0,,3.0,,,,,,,,,,,,,,,,,,,,,,,,,3.0,,,,,,,,3.0,,,,,3.0,,,,,,,,,,,0.0,,1.0,,,,,,,,,,,3.0,,,,,,,,,,,157,5,0.5172413793103449,1.7225806451612904,0.12388136012210055
3.0,3.0,3.0,3.0,3.0,,,,3.0,3.0,3.0,,3.0,3.0,,,,3.0,,,3.0,,3.0,,3.0,3.0,1.0,3.0,3.0,3.0,1.0,3.0,,,3.0,2.0,,,,,,,,,,3.0,3.0,,3.0,,,3.0,,,3.0,3.0,3.0,3.0,3.0,3.0,3.0,3.0,,,,,,,3.0,,3.0,0.0,,,3.0,3.0,3.0,,,3.0,3.0,3.0,3.0,3.0,3.0,3.0,3.0,3.0,,3.0,,2.0,,2.0,,3.0,3.0,3.0,3.0,,,,,,2.0,,,,3.0,3.0,3.0,3.0,,3.0,,2.0,,3.0,,,,,,,3.0,3.0,3.0,,,,,3.0,,,,,,,3.0,,,3.0,,2.0,,,3.0,,3.0,,,,3.0,,,,3.0,,,3.0,,,,,,,,,3.0,0.0,,,2.0,,,,,3.0,,,,,,,2.0,,3.0,3.0,,,3.0,3.0,3.0,3.0,,3.0,,3.0,,3.0,,,3.0,3.0,,,,,,,0.0,3.0,,,3.0,,,,3.0,,,,3.0,,,,,,,,,3.0,3.0,,,,,,,,,,3.0,3.0,,,,3.0,,0.0,,3.0,,,,,,,,3.0,,,3.0,,,,,1.0,,3.0,,,,,,3.0,,,,,,,,,,,3.0,3.0,,3.0,,2.0,3.0,,3.0,,,,,3.0,,3.0,3.0,,,,,,3.0,,,,,,,,,3.0,,,,,,,3.0,3.0,,,,,,,,,,,,,,,,,3.0,,3.0,,,,,,3.0,,,,,3.0,,3.0,,,3.0,,3.0,,,,3.0,,,3.0,,,,,,,,,,3.0,1.0,,,,,,3.0,3.0,,,,,,,,,,,3.0,,3.0,,,158,5,0.1166666666666666,1.7486910994764397,-0.08613931048769652
,3.0,,,3.0,,,,,,2.0,,,3.0,3.0,,2.0,,,,3.0,,,,2.0,1.0,,,,,,,,,,,,,,,,,,,,,,,,,,,,,,,,,,3.0,3.0,,,3.0,,,,,,,3.0,,,,,3.0,,,,,3.0,,,,,,,,,3.0,,3.0,,,,,2.0,,,,,0.0,3.0,,3.0,,,,,,,,,,,3.0,,,2.0,,,,,,,3.0,,,,,,3.0,,3.0,,,,,,,,,,0.0,,,,,,,,,3.0,,,,,,0.0,3.0,,,,,,,,,,,,,3.0,,,,,,,,,,,,3.0,,,,,,,3.0,,3.0,,3.0,,,,3.0,3.0,,,,,,,,3.0,,,,,,1.0,,2.0,,3.0,,,,,,,,,,,,,,,,,,,,,,,3.0,3.0,,1.0,,,3.0,,,,3.0,,,,,,,,,0.0,,,,,,,,,,,,,,3.0,,,,,,,,,,,,,,,,,,3.0,,,,,,,,,,,,,,,,,,,,,,,,,,,3.0,,,,3.0,,,,,,,,,,,3.0,,,,,,,,,,,,,,,,,,,,,3.0,,,,,,,,,,3.0,,,,,,,3.0,,,3.0,,,,,,,,,,,,,,,,,,,1.0,,,,,,,,,159,5,0.3947368421052631,1.7704918032786885,0.2508768737396074
,3.0,3.0,3.0,,,,,,,,,,3.0,2.0,,,,,,3.0,,,,,3.0,3.0,3.0,,,,,,,3.0,2.0,,,,,,,,,,2.0,,,,,,,3.0,,3.0,,,,,3.0,,,,,,,,,,,3.0,1.0,,,,3.0,,,,,3.0,3.0,3.0,,,,,3.0,,,,3.0,,3.0,,,3.0,,,3.0,,,3.0,,,,,,3.0,,,,,,,3.0,3.0,,3.0,,,,,3.0,,,,,2.0,,,,,,,3.0,,,3.0,,,3.0,,,,,,,,,,,,,,,,,,3.0,,,,,,3.0,,,,3.0,,0.0,3.0,,,,,,,,,0.0,,,,,,,,,,,,,,,,3.0,,3.0,,,,,,,,,,,,,,,,3.0,,,3.0,,,,3.0,3.0,,,,,2.0,,,,,,,,,,,3.0,,3.0,,,,,,3.0,,,,,,,,,,,,,,,,,1.0,,,,,,,,,,3.0,,2.0,,,,3.0,0.0,,,3.0,,,,,3.0,,3.0,0.0,,3.0,,,,,3.0,,3.0,3.0,,3.0,,,,2.0,,,,,3.0,,,,,,,,,,,3.0,,,,3.0,,,3.0,3.0,3.0,,,,,,,,,,,2.0,,,,,,3.0,,,,,3.0,,,,2.0,3.0,,3.0,3.0,1.0,,2.0,,,3.0,,,,,,3.0,,,,,,,,,,,,,,,,,,,,,2.0,,,,3.0,,,160,5,0.2424242424242424,1.6098130841121496,0.28840864257095544
,,,,,,,,,,,,,,,,,,,,,,,,,,,,,,,,,,,,,,,,,,,,,,,,,,,,,,,,,,,,,,,,,,,,,,,3.0,,,,,,,,,,,,,,,,,,,,,,,,,,,,,,,,,,,,,,,,,,,,,,,,,,,,,,,,,,,,3.0,,,,,,,,,,,,,,,,,,,,,,,,,,,,,,,,,,,,,,,,,,,,,,,,,,,,,,,,,,,,,,,,,,,,,,,,,,,,,,,,,,,,,,,,,,,,,,,,,,,0.0,,,,,,,,,,,,,,,1.0,,,,,,,,,,,,,,,,,2.0,0.0,,,,,,,,,,,,,,,,,,,2.0,,,,,,,,,,3.0,,2.0,,,,,,,,,,,,,,,,,,,,,,,,,,,,,,,,,,3.0,,,,0.0,,,,,,,,,,,,,,,,,,,,,,,,,,,,,,,,,,,,,,,,,,,,,,,,,,,,,,,,,,,,,0.0,,,,,,,,,,161,5,7.0,1.7500000000000002,0.7428873484102531
3.0,2.0,3.0,3.0,3.0,,3.0,3.0,3.0,2.0,3.0,2.0,3.0,1.0,3.0,1.0,3.0,,,3.0,2.0,,3.0,,3.0,3.0,3.0,3.0,3.0,,,3.0,,,,,,,3.0,,,3.0,,,,2.0,,,3.0,,,,3.0,,,3.0,,,,3.0,3.0,,,,,,,3.0,,,,3.0,,,3.0,3.0,3.0,,3.0,,3.0,3.0,,3.0,,,,3.0,,,,3.0,,,,3.0,3.0,,,,3.0,,0.0,,2.0,3.0,,,3.0,,,,,3.0,,,3.0,,,,,,,3.0,3.0,,,,,,,2.0,,3.0,,,,,,,,0.0,,,,,3.0,,,,,,2.0,,,,,3.0,0.0,3.0,,,,2.0,,,,,3.0,,3.0,,3.0,3.0,,2.0,,3.0,,3.0,3.0,3.0,,,,,3.0,2.0,,,3.0,3.0,3.0,,3.0,,,3.0,,3.0,,,3.0,,,,,3.0,,,,,,,,,,,3.0,3.0,,3.0,3.0,2.0,,,,,,,,,3.0,,3.0,,,,,3.0,3.0,,3.0,3.0,3.0,,,,,,,,3.0,3.0,,,,,,,,,3.0,,,,,,3.0,3.0,,,3.0,,3.0,,,,,,3.0,,,,3.0,3.0,3.0,3.0,,,3.0,3.0,,,,,,,,3.0,,,,,,,,,,,3.0,,2.0,,,,3.0,,,,,,,,,,3.0,,3.0,,,,,3.0,3.0,,,,,,,,,3.0,,,,,3.0,,,3.0,,,,3.0,,3.0,,,3.0,,3.0,3.0,3.0,,3.0,,,3.0,0.0,,3.0,3.0,,,,,,,3.0,,,,,,,,,,,,,3.0,,,,,,,,,,162,5,0.1517857142857142,1.6843853820598007,-0.0313654444452678
,,,,,,,,,3.0,,,,,,,,,,,2.0,,,,,3.0,,,,,,,,,,3.0,,,,,,,,3.0,,,,,,,,,3.0,,,,,,,,,3.0,,,,3.0,,,,,,,,,,,,,,,,,,,,,,3.0,,,,3.0,,0.0,,,3.0,,,,,,,,3.0,,,,,,,,,,,,,,,,,,,,,,,,,,,3.0,,,,,,,,,,1.0,,,,,,,,,,,,,,,,,,,,,,,,,,,,,,,,,,,,,,,,,,,,,,,,,3.0,,,,,,,3.0,,,,,,,,,,,,,,,,,,,,,3.0,3.0,,,,1.0,,,,,,,,,,,,,,,,,,,,,,,,,,,0.0,,,,,,,,,,,,,,2.0,,,,,,,,,,,,,,,,0.0,,,,,,,,,,3.0,,,,,,,,,,,,,,,,,,,,,,,,,,,,,,,,,,,,,,,,,,,3.0,,,,,,,,,,,3.0,,,,,,,,,,,2.0,,,,3.0,,,,,,,0.0,,,,,,,,,,,,,,,,,,,,,,,,,,,,,,,,,,,,,163,5,0.7857142857142857,1.9634146341463414,0.22239369558015007
,,,,3.0,,,,3.0,,,,,,,3.0,,,,,3.0,,,,,0.0,3.0,,,,,,,,3.0,3.0,,,,,,,,0.0,,,2.0,,,,,,,,,,,,,,,,,,,,,2.0,,,3.0,3.0,,,,,2.0,,,,3.0,3.0,,,,,2.0,1.0,,,,3.0,,,,,3.0,,,,,,,,3.0,,,,,,,,,3.0,,3.0,,,,,,,,3.0,,2.0,,,,,,,,,,,,,3.0,0.0,,,,3.0,,,,,,,,,,,,,,,,3.0,,,,,,,,,3.0,,,,3.0,,,,,,,,0.0,,,,,,,3.0,,,,3.0,3.0,,,,,3.0,,,,,,,,,,,,,,,,,3.0,,,,,,,,3.0,,,,,,,,,2.0,,,,,,3.0,,,,,3.0,3.0,,,,3.0,,,,,,,,,,,,3.0,,,,,,,,,,,,,,,3.0,,,,,,,,,,,,,,,,,,,,,,,,,,,,,,,,,,,,,,,,,,,,,,,,3.0,3.0,,,,,,,,,,,3.0,,,,,,,,,,,,,,,,,,,,,2.0,,3.0,,,3.0,,,,,,,,2.0,,,,,,,,,,,,,,,,,,,,,,,,,1.0,,,,,,,,,,164,5,0.225,1.7489711934156378,0.45451996142916673
,,,,,,,,,,,,,,,,,,,,,,,,,,,,,,,,,,,,,3.0,3.0,0.0,,,,,,,,,,,,,,,,,,1.0,,,,,0.0,,,,,,,,3.0,,,,,,,,,,3.0,,3.0,,,,,3.0,,,,,,,,3.0,,,,,,,2.0,,3.0,,,,,,,,,3.0,,,,,,,,,,,3.0,,,,,,,,,,,,,,,,,,,,,2.0,,,,,,,,,,,,,,,,,,,,,,,,,,,,,,,,,,,3.0,,,,,,,,,,,,,,,,,3.0,,3.0,,,,,,,,,,,,,,,,,,,,,,,,,,,,,,,,,,,,,,,,,,,,1.0,,,,3.0,,,,,,,,,,,,,,,,,,,,,,,,,,,,,,,,,,,,,,,,,,,,3.0,3.0,,,,,,,3.0,,,,,,,,,,,,2.0,,,,,,,,,,,,3.0,,,,,,,0.0,,,,,,,,,,,,,,,2.0,,,,,,,,,,3.0,,,,,,,2.0,0.0,,,,,,3.0,,,,,,,,,,,,3.0,,,,,,,,,,,,,,,,,,,,,,165,5,0.5555555555555556,1.6213592233009708,0.5187300811165981
,3.0,,,,,,,,,,,,,,,,,,,,,,,,,3.0,,,,,,,,,,,,1.0,,,,,,,,,,,,,,,,,,,,,,,,,,,,,,,,,,,,,,,,,,3.0,,,,,,,,,,,,,,,,,,,,,,,1.0,,,,,,,,,,,,,,,,,,,,,,,,,,0.0,,,,,,,,,,,,,,,,,,,,,,,,,,,,,,,,,,,,,,,,,,,,,,3.0,,,,,,,,,,,,,,,,,,,0.0,,,,,,,,,,,,,,,,,,,,,,,,3.0,,,,,,,,,,3.0,,0.0,,1.0,,,,,,,,,3.0,,,,,,,,,,,,,,,,,,,,,,,,,,,,,,2.0,,,,,,,,,,,,,,,,,,,,,,,,,,,,,,,,,,,,,,,,,,,,,,,,,,,,,,,,,,,,,,,,,,,,,,,,,,,0.0,,,,,,,,,,,,,,,,,,,,,,,,,,,,,,,,,,,,,,,,,,,,,,,,,,,,,,,,,166,5,4.5,2.5454545454545454,0.3875288007730154
3.0,,,,3.0,,,3.0,,,,,,,,,,,,3.0,3.0,,,,,3.0,,3.0,,,,,,,,,,,,,,,,,,,,3.0,3.0,0.0,,,2.0,,,3.0,3.0,,,,3.0,,,,,,,,,,,3.0,,,,,,,3.0,,3.0,,,,,,,,,,,,,,,3.0,1.0,,,,3.0,1.0,3.0,,2.0,,,,3.0,,,,,,3.0,3.0,,,,,,,,3.0,3.0,,,,,,,2.0,,,,,,,,,,3.0,,,,,,,,,,,3.0,,,,0.0,,,3.0,,,,,,,,,,,,,3.0,,,,,,,3.0,,,,,,,3.0,,,,3.0,3.0,3.0,,,3.0,,3.0,,3.0,,3.0,0.0,,,1.0,,,,,,,,,3.0,,,,2.0,,,,3.0,,,,,,,,,,,,,,,,,,,,,3.0,,,,3.0,,,,,,,,,,,,,,,,,,,,,,,,3.0,,,,3.0,,,,,,,,,3.0,,,2.0,,,,3.0,,,,,,,,3.0,,,,,,,,,3.0,,,,,3.0,,,,,,,3.0,,,,,,3.0,,,,,,,,,,,,,,,,,3.0,,,,,,,,,,,,3.0,,3.0,,,3.0,,,3.0,,,3.0,2.0,,,,,0.0,,,,,,,,,,,,,,,,,,,,,3.0,,,,,3.0,,,,,167,5,0.2452830188679245,1.8414239482200647,0.10635024715295019
,,,3.0,,,3.0,,,,,,,,,,,,,,,,,,0.0,,,,,3.0,,,,,,,,,3.0,,,,,,,,,,3.0,,,,,,,,,0.0,,,,,,,,,,,,,,,,,,,,,,,,1.0,,,,,,3.0,,,,3.0,,,,3.0,3.0,,,,,3.0,3.0,,,,,,3.0,,,,,,,3.0,,,,,,,,,2.0,,,,,,,,,,,,,,,,,,,,,3.0,,,,,,,,,,,,,,3.0,,,,,,,,3.0,,,,,3.0,,,,2.0,,,,,,,,,,,,,,3.0,,,3.0,,,,3.0,,,,,,,,,,,,,,3.0,,,3.0,,,,2.0,,,,,3.0,,,,,,,,,,,,,,,,,,3.0,,3.0,,,,2.0,,,,,,,,,,,0.0,,,,,,,,,,3.0,,,,,,,,,,,,,,,,,,,,,3.0,,3.0,,,,,,,,,,,,,,,,,,,,,,1.0,,,,,,,,,,,,,,,,,,,,,,,,,,,,,,,,,,,,,,,,,,,,,,,,,,,3.0,,,,,,,,,,,,,,,,,,,,,,,0.0,,,,,,,,,,,,,,,,168,5,0.4,1.7575757575757576,0.26421307981161185
3.0,3.0,3.0,3.0,,,,3.0,0.0,2.0,3.0,3.0,3.0,3.0,3.0,3.0,3.0,3.0,,,3.0,3.0,3.0,,3.0,2.0,2.0,3.0,1.0,,3.0,3.0,3.0,,3.0,3.0,,,,3.0,,,3.0,3.0,,,3.0,,3.0,,,3.0,3.0,,,3.0,,3.0,,3.0,2.0,3.0,,,,3.0,,,,,3.0,2.0,3.0,2.0,3.0,3.0,3.0,3.0,,,3.0,0.0,2.0,3.0,,,3.0,3.0,,3.0,,3.0,,,,3.0,3.0,,3.0,3.0,,,3.0,,1.0,,,,0.0,3.0,3.0,,,3.0,,3.0,,3.0,1.0,,3.0,,,3.0,,3.0,3.0,,,,,3.0,,,,3.0,,,3.0,,,3.0,,3.0,3.0,,,,,,,,3.0,,,,,,,3.0,,,,,,,,,,,,3.0,3.0,,,,,,,3.0,2.0,,,,3.0,,3.0,,,3.0,3.0,3.0,3.0,3.0,3.0,2.0,3.0,3.0,0.0,3.0,,,,3.0,,3.0,,3.0,,2.0,,,,,3.0,3.0,,,3.0,3.0,3.0,,3.0,3.0,,,,,,,,3.0,3.0,,,,,,,3.0,3.0,,3.0,,,,,,,,,,,,,,,,,3.0,3.0,,3.0,,,3.0,,,,,,,,,3.0,,,,,,,2.0,,,3.0,,,3.0,,3.0,,3.0,,,,,,,,3.0,,,,,,3.0,,3.0,3.0,,,3.0,,3.0,,,3.0,,,3.0,,,,3.0,2.0,,3.0,,,3.0,,3.0,3.0,3.0,2.0,,3.0,,,,,,,3.0,,,,3.0,,,,,,,,3.0,,,,3.0,3.0,,3.0,3.0,3.0,,3.0,,,2.0,,,3.0,,,3.0,,,,3.0,3.0,,,,,,,,3.0,,,,,,,,,,,,,,,169,5,0.1167883211678832,1.6020942408376964,-0.10158183861572491
,,,,,3.0,,2.0,,,,,,3.0,,,,,,,,,,,,,,,,,,,,,,,,,,,,,,,,0.0,,,,,,,,,,,,,,,,,,,,,,,,,,3.0,,,,,,,,,,,,,,,,,3.0,,,,,,,,,,,,,,,,,,,,,,,,,,,,3.0,,,,,,,,,,,,,,,,,,,,,,,,3.0,,,,,,,,,,,,,,,,,,,,,,,,,,,,,,,,,,,,,,,,,,,,,,,,,,,,,,,,,,,,,,,,,,,,,0.0,,,,,,,,,,,,,,,,,,,,,,3.0,,,,,,,,,,,,,,,,,,,,,,,,,,,,,,,,,,,,,,,,,,,,,,,,,,,,,,,,,,,,,,,,,,,,,,2.0,,,,,,,,,,,,,,,,,,,,,,,,,,,3.0,,,,,,,,,,,,,,,0.0,,,,,,,,,,,,,,,,,,,3.0,,,,,,,,,,,,,,,0.0,,,,3.0,,,,,,,,,,,,,,,,,,,,,,170,5,0.0,2.5,0.2052821231996393
,3.0,3.0,3.0,2.0,,,,,,3.0,3.0,,3.0,,,,,,3.0,3.0,,2.0,,,,3.0,3.0,3.0,,3.0,3.0,2.0,,3.0,3.0,,,3.0,,3.0,,,,,,3.0,,,,1.0,,3.0,,,3.0,,,,,,3.0,,,,,,3.0,1.0,,3.0,2.0,,,,3.0,,,,,2.0,,3.0,,,3.0,,3.0,,,,3.0,,,,3.0,3.0,,3.0,,3.0,2.0,3.0,,3.0,,,,,,3.0,,,3.0,,3.0,,3.0,,,,,,,3.0,,,,,,,3.0,,,,,,,3.0,,,3.0,,3.0,3.0,,,,,,,,2.0,,,,,,,3.0,3.0,,,3.0,,,,,3.0,,,,3.0,,,,,,,,0.0,,,,3.0,3.0,2.0,,,,3.0,3.0,2.0,,,,,3.0,,3.0,,,3.0,,,,,3.0,,,,,,,3.0,,,,3.0,1.0,,,3.0,3.0,,,,,,,,,3.0,,,,,,,,,,,3.0,,,,3.0,,,,,,,,,,,3.0,,,,3.0,,,,,,,,,,,,,,3.0,,,0.0,,,,,3.0,3.0,,1.0,3.0,3.0,3.0,0.0,3.0,,,,3.0,,,3.0,,,,,,,,,,,,,,,,,,,,,,,,,3.0,,,,3.0,,3.0,3.0,,3.0,3.0,,,,,,,,,3.0,3.0,3.0,,,,,,,3.0,,,3.0,,,,,3.0,,3.0,,,,,,0.0,,,,3.0,,,3.0,,,,,3.0,,,,,,,,,,,,,,,,,,,2.0,,3.0,,171,5,0.1777777777777777,1.7279279279279278,0.1336216437942971
3.0,3.0,,3.0,3.0,,3.0,3.0,,,,,,,,,3.0,,,,3.0,,,,,3.0,3.0,,,,,3.0,3.0,,2.0,3.0,2.0,,,,,,,,,,3.0,,,,,3.0,3.0,,3.0,3.0,3.0,3.0,,3.0,3.0,3.0,,,,,,,3.0,3.0,3.0,3.0,,3.0,,3.0,,,,,2.0,3.0,3.0,,,,3.0,3.0,,,,3.0,,3.0,,3.0,3.0,,3.0,3.0,,,3.0,,3.0,3.0,,,3.0,,,,,3.0,,2.0,3.0,3.0,3.0,,,,,2.0,3.0,,,,,,,3.0,,,,3.0,,,,,,3.0,,3.0,,,,,1.0,,,,3.0,,,,,,,0.0,,,,3.0,,,,,,3.0,,,3.0,,,,,,,,3.0,3.0,,,3.0,,,1.0,,,3.0,3.0,,0.0,,3.0,,2.0,2.0,,3.0,,3.0,3.0,,3.0,,,3.0,3.0,,,,,3.0,3.0,,,1.0,3.0,,,3.0,3.0,,,,,,,,,3.0,,3.0,,,,,,,,3.0,3.0,,,,3.0,3.0,,,,,3.0,,,,,,3.0,,,3.0,,,,,,,,,,,,,2.0,3.0,,,,3.0,,,,,,3.0,3.0,,3.0,3.0,3.0,3.0,,,,,,,3.0,,,3.0,,,,,,2.0,,,,,3.0,,,,3.0,,,,,3.0,,3.0,,1.0,,3.0,,,0.0,,3.0,,,,,,,,,,,,,,3.0,,,3.0,2.0,3.0,,,3.0,3.0,,,2.0,3.0,,,3.0,3.0,,3.0,,,3.0,,3.0,3.0,3.0,,3.0,,,,3.0,,,,,,,,,,,,,,,,,,,3.0,,,0.0,,172,5,0.1120689655172413,1.5705426356589147,0.051887581467694704
,,3.0,,3.0,,,0.0,0.0,,,,,,,,2.0,,,,3.0,,,,,3.0,3.0,3.0,,,,,,,3.0,3.0,,,,,,,,,,,,,,0.0,,,,,3.0,2.0,,,,,,,,,,,,,,,,,,2.0,,,,,,,,,,,,,,,,,,,,,,,,,,,,,,,3.0,,,,,,,,2.0,,,,,,,,,,,,,,,,,,,,,3.0,,,,,,,,,,,,,,,,,3.0,,,,,,,,,3.0,,,,,0.0,,,,,,,,,,,,,,,,,,,,,,,,,,,,,,,,,,,,,,,,,,3.0,,,,,,,,,,,,,,,,,,,,,,,,,,,,,,,,,,,,,,,,,,,,,,,,,,,,,,,,,,,,,,,,,,,,,,,,,,,,,,,,,,,,,,,,2.0,,,,,,,,,,,,,,,,,,,,,,,,,,,,,,,,,,,,,,,,,,,,,,,,,,,,,,,,,,,,,,,,,,,,,,,,,,,,,,,,,,,,,,,,,,,,,,,,,,,,,,,,,,,,,173,5,1.7142857142857142,1.9038461538461542,0.38339862377978245
,,,3.0,,,,,3.0,,,,,3.0,,,,,,,3.0,,3.0,,2.0,,,,,3.0,1.0,,,,,,,,,,,,,,,,,,,,,,3.0,,3.0,3.0,0.0,,,,3.0,3.0,,,,,,,,,3.0,3.0,,,,,,,,,3.0,,3.0,3.0,,,,,,3.0,,1.0,,,,3.0,3.0,,,,3.0,,3.0,,3.0,3.0,,,3.0,,3.0,,,2.0,,3.0,,,,,,,3.0,3.0,2.0,,3.0,3.0,,,,3.0,,,,,,,3.0,,,1.0,,,,3.0,3.0,,,,,,,,,,,,,3.0,,,,,,,,,,,,,,,,,,,0.0,,3.0,,,,3.0,,,3.0,,,3.0,3.0,3.0,3.0,,2.0,,3.0,,3.0,,3.0,,,,,2.0,3.0,,,,,,,,,,,3.0,,,,,3.0,,,,,,,,,,,3.0,,,,,,,3.0,,,,,,,,,0.0,,,,,,,3.0,,,2.0,,3.0,,,,3.0,,,,,,3.0,,,,,,,,,,,,,,,,,3.0,,3.0,,,,,,,,3.0,,,2.0,,,,,,,,,,,3.0,,,,,,,,,,,,,,,0.0,,,,,,,,,,,,,,,,,,,3.0,,,3.0,,,,2.0,3.0,,,,3.0,3.0,,,,,,3.0,,,,,,3.0,,,,,,,,,,,,,,,,,,,,,,,,,,3.0,,,,,174,5,0.203125,1.8140845070422535,0.20616471067984243
2.0,3.0,3.0,3.0,2.0,2.0,3.0,3.0,3.0,3.0,3.0,3.0,2.0,3.0,3.0,3.0,3.0,3.0,,1.0,2.0,3.0,3.0,3.0,3.0,3.0,1.0,3.0,3.0,2.0,2.0,3.0,3.0,3.0,3.0,3.0,3.0,3.0,3.0,3.0,3.0,3.0,3.0,3.0,,3.0,3.0,3.0,2.0,3.0,,3.0,3.0,,3.0,3.0,3.0,3.0,3.0,2.0,2.0,3.0,,3.0,,3.0,,3.0,3.0,,2.0,2.0,3.0,0.0,3.0,3.0,3.0,3.0,3.0,3.0,2.0,3.0,3.0,3.0,3.0,3.0,3.0,2.0,3.0,3.0,3.0,3.0,,3.0,,2.0,1.0,3.0,3.0,3.0,3.0,3.0,3.0,3.0,2.0,3.0,3.0,,2.0,3.0,3.0,3.0,3.0,3.0,,2.0,3.0,3.0,3.0,3.0,3.0,3.0,3.0,3.0,3.0,3.0,3.0,2.0,3.0,3.0,3.0,3.0,,3.0,3.0,3.0,,,3.0,3.0,3.0,3.0,3.0,1.0,3.0,3.0,3.0,,3.0,,,,3.0,,3.0,3.0,,3.0,,3.0,0.0,,3.0,3.0,,3.0,,,3.0,3.0,3.0,,2.0,3.0,3.0,3.0,3.0,3.0,3.0,3.0,3.0,2.0,,3.0,2.0,3.0,3.0,1.0,,3.0,2.0,3.0,2.0,3.0,3.0,3.0,3.0,2.0,3.0,0.0,3.0,3.0,3.0,1.0,,2.0,3.0,3.0,1.0,3.0,3.0,3.0,,,2.0,3.0,3.0,3.0,2.0,3.0,3.0,3.0,0.0,3.0,3.0,,,3.0,,,,3.0,3.0,,3.0,3.0,3.0,,3.0,3.0,3.0,3.0,3.0,3.0,3.0,,3.0,3.0,3.0,3.0,,3.0,3.0,3.0,,3.0,2.0,3.0,3.0,3.0,3.0,3.0,3.0,,3.0,3.0,3.0,3.0,3.0,3.0,,3.0,3.0,3.0,3.0,3.0,3.0,,,,3.0,3.0,3.0,,3.0,3.0,3.0,3.0,3.0,3.0,3.0,3.0,2.0,3.0,3.0,3.0,3.0,,,3.0,,3.0,3.0,,3.0,3.0,,3.0,3.0,,3.0,,,3.0,,3.0,3.0,,3.0,,3.0,,3.0,3.0,3.0,,3.0,3.0,3.0,,3.0,3.0,3.0,3.0,3.0,,,3.0,,,3.0,3.0,3.0,3.0,3.0,3.0,,3.0,3.0,3.0,3.0,3.0,3.0,,3.0,2.0,3.0,3.0,,3.0,3.0,,3.0,3.0,3.0,3.0,3.0,3.0,,3.0,3.0,3.0,3.0,3.0,3.0,3.0,3.0,,,3.0,3.0,3.0,,,,,3.0,3.0,3.0,3.0,,2.0,,3.0,,3.0,,,3.0,3.0,3.0,,3.0,175,5,0.0463576158940397,1.2472212866284944,-0.3448262631255029
3.0,3.0,3.0,3.0,2.0,3.0,3.0,3.0,3.0,3.0,0.0,3.0,3.0,3.0,3.0,3.0,3.0,,,3.0,3.0,3.0,3.0,,3.0,3.0,2.0,3.0,3.0,3.0,3.0,3.0,3.0,,3.0,3.0,3.0,3.0,3.0,3.0,3.0,3.0,3.0,,,3.0,3.0,3.0,3.0,3.0,2.0,1.0,0.0,,3.0,3.0,3.0,3.0,3.0,3.0,2.0,3.0,,3.0,,3.0,,3.0,3.0,,2.0,3.0,,,3.0,3.0,3.0,,,,3.0,3.0,2.0,2.0,3.0,3.0,3.0,3.0,3.0,1.0,,2.0,3.0,3.0,,3.0,3.0,3.0,3.0,3.0,3.0,3.0,3.0,3.0,3.0,3.0,,,3.0,,3.0,3.0,3.0,3.0,,3.0,,3.0,2.0,,,,3.0,3.0,2.0,0.0,3.0,3.0,,,3.0,3.0,,,2.0,3.0,,,3.0,,3.0,3.0,3.0,3.0,3.0,3.0,3.0,,3.0,,,,3.0,,3.0,,,3.0,,2.0,3.0,3.0,3.0,3.0,3.0,3.0,,,3.0,0.0,3.0,,3.0,3.0,3.0,,3.0,3.0,,,3.0,3.0,,,2.0,3.0,3.0,3.0,,3.0,2.0,1.0,3.0,2.0,3.0,3.0,3.0,2.0,3.0,2.0,,3.0,2.0,3.0,,3.0,3.0,3.0,3.0,3.0,3.0,3.0,,,1.0,1.0,3.0,,2.0,3.0,3.0,,3.0,2.0,,,,,,,,3.0,3.0,3.0,3.0,3.0,,,,3.0,3.0,3.0,3.0,3.0,3.0,3.0,3.0,2.0,,,,3.0,3.0,3.0,,,3.0,3.0,3.0,3.0,3.0,3.0,3.0,,3.0,3.0,3.0,3.0,3.0,3.0,,3.0,3.0,,3.0,3.0,3.0,,,,3.0,3.0,,,3.0,3.0,3.0,3.0,3.0,3.0,3.0,3.0,2.0,,,,,,,2.0,,3.0,3.0,,,3.0,,3.0,3.0,,3.0,3.0,,3.0,,3.0,3.0,3.0,,3.0,,2.0,3.0,3.0,3.0,,,,3.0,,3.0,3.0,3.0,3.0,3.0,,,3.0,3.0,,3.0,,,,3.0,3.0,3.0,3.0,,3.0,3.0,3.0,,,,3.0,3.0,3.0,,3.0,3.0,,3.0,1.0,3.0,,3.0,,,3.0,,3.0,3.0,3.0,3.0,3.0,3.0,,,3.0,3.0,,,,,,,,3.0,,,,,3.0,,,,,3.0,3.0,3.0,,,176,5,0.0390625,1.3402061855670102,-0.3083654376495751
,,,,,,,,,,,,,,,,,,,,,,,,,,,,,,,,,,,,,,,3.0,,,,,,,,,,,,,,,,,,,,,,,,,,,,3.0,,,,2.0,,,,,,,,,,,,,,,,,,,,,,,,,,,,,,,,,,,,,,,,1.0,,,,,,,,,,,,,,,,,,,,,,,,,,,,,,3.0,,,,,,,,,,0.0,,,0.0,,,,,,,,,,,,,,,,,,,,,,,,,,,,,,3.0,,,,,,3.0,,,,,,,3.0,,,,,,,,,,,,,,,,,,,,,,,,,,,,,,,,,,,,,,,,,,,,,,,,,,,,,,,,,,,,,,,,,,,,,,,,,,,,,,,,,,,,,0.0,,,,,,,,,,,,,,,,,,,,,,,,,,,,,,,,,,,,,,,,,,0.0,,,,,,,,3.0,,,3.0,,,,,,,,3.0,,,,,,1.0,,,,,,,,,,,,,,,,,,,,,,,,,,,,,,,,,,,,,,,3.0,,,,,,,,,,,,,,,177,5,3.333333333333333,2.0555555555555554,0.23662522723024423
,,,3.0,,,,,,,,,,,,,,,,,3.0,,,,,,,,2.0,,,,,,,,,1.0,,,,3.0,,,,,,,3.0,,,,,,,,3.0,,,,2.0,3.0,,,,1.0,,,,,3.0,3.0,,,,3.0,,,,,3.0,,3.0,,,3.0,,3.0,,,,,,3.0,,,,,3.0,,,,3.0,,2.0,,,3.0,,,,,,,,,,,,,,,,,,,,,,,,,,,,,,,0.0,,,,,,,,,,,,,,,,,,,,,,,,,,,,,,3.0,,,,,,,,,,,,,,,,3.0,,1.0,,,,,,,,,,,,,,,,,,,,,,,,,,,,3.0,,,,,,,,,,,,,,,,,,,,,2.0,,,,,,0.0,,,,,,,,,,,,,,,,,,,,,,,,,,,,,,,,,,,,,,,,,3.0,,,,,,,,,3.0,,,,,,,,,,,,,,,,,3.0,,,,,,,,,,,,,,,,,,,,,,,,,,,,,,,,,,,,,,,,,,,,,,,,,,,,,,,,,,3.0,,,3.0,,,,,,,,,,,,,,,,,,,,,,,,,,,,,,,0.0,,0.0,178,5,0.5238095238095238,2.033333333333333,0.3954635172286137
,,,,,,,,,,,,,3.0,,,,0.0,,,3.0,,,,,,,,,,,,,,,,,,,,,,,3.0,,,,,,,,,,,,3.0,,,,3.0,3.0,,,,,,0.0,,,,,,,,,,,,,,,,,,,,,,,,,3.0,,,,,,,,,,,,,,,,,,,,,3.0,,,,,,,,,,,,,,,,,,,,,,3.0,,,,,,,,,,,0.0,,,,,,,,,,,,,,,,,,,,,,,,,,,3.0,,,,,,,,,,,,3.0,,,,,,3.0,,,0.0,,,,2.0,,3.0,,2.0,1.0,,,3.0,,,,,,,,,,,3.0,,,,,,,,,,,,,,,,,,,,,,,,,,,2.0,,,,3.0,,,,,,,,,,,,,,1.0,,,,,,,,3.0,,,,,,,,,,,,,,,,,2.0,,,,,,,,,,,,,3.0,,,,,,,,,,,,,,,,,,,,,3.0,,,,,,,,3.0,,,,,3.0,,,,,,,,,,,,,,,,,,,,,,,,,,,,,,3.0,,,,,,,,,,,,,,,,,,,,,,,,,,,,,,,,,,,,,,,,179,5,1.0,1.9705882352941178,0.4204081474677695
3.0,3.0,,3.0,3.0,1.0,,,3.0,,,,,3.0,,3.0,3.0,,,,3.0,,,,,,3.0,3.0,,,,3.0,3.0,,,,,,,,,,,,,,,,,,,,3.0,,3.0,3.0,,3.0,,3.0,3.0,,,,,,,,3.0,,3.0,3.0,,,,,3.0,,,,2.0,3.0,1.0,3.0,,,,3.0,3.0,3.0,,2.0,,,,3.0,,,,,3.0,,,,3.0,3.0,,,3.0,,3.0,,0.0,3.0,,3.0,,,,,,,,3.0,3.0,,3.0,3.0,,,,3.0,,,,3.0,,,,,,2.0,,,,0.0,,,,,,3.0,3.0,,,,,,,3.0,,,,,,,,,,,,,3.0,,,,,,,,,,,,3.0,,,,,,3.0,,3.0,,3.0,3.0,,2.0,,2.0,,,,,,3.0,0.0,3.0,,,,3.0,,,3.0,,,,,,,,,3.0,,,,,,,,,0.0,,,3.0,,,,,,,,,,,,3.0,,,,,,,,,,,,,,,3.0,,,,,,,,,,,,,,,,,,,,1.0,,,,,3.0,,3.0,3.0,,3.0,,,,,3.0,,3.0,,,3.0,,,,,,3.0,,,,,,,,,,,,,,,,,,,,3.0,,,3.0,,,,,,,,,,,,,,,,,,,3.0,,,,,,,3.0,,3.0,3.0,,3.0,3.0,,,3.0,,,,,,,,,2.0,,,,,,,,3.0,,,,,,,,,,,,,,,,3.0,,,,180,5,0.1447368421052631,1.8217270194986073,0.0219601146272215
3.0,3.0,,3.0,3.0,,3.0,,3.0,3.0,3.0,3.0,3.0,3.0,,,3.0,,,,3.0,3.0,3.0,,2.0,3.0,2.0,3.0,1.0,3.0,3.0,3.0,3.0,,3.0,3.0,,,3.0,3.0,1.0,,3.0,3.0,,3.0,3.0,,3.0,,,3.0,3.0,,3.0,3.0,3.0,3.0,3.0,3.0,3.0,2.0,,,,,,,3.0,,3.0,3.0,,,,3.0,3.0,3.0,,,3.0,3.0,2.0,3.0,3.0,3.0,3.0,3.0,3.0,1.0,,2.0,,3.0,,3.0,3.0,,,2.0,3.0,,3.0,3.0,3.0,,,,3.0,,,3.0,3.0,3.0,,3.0,3.0,3.0,2.0,,,,,1.0,3.0,3.0,3.0,,,,,3.0,,,,3.0,,,3.0,,,3.0,,3.0,3.0,3.0,3.0,,3.0,,,,3.0,,3.0,,,3.0,,2.0,,,0.0,3.0,,,,,3.0,3.0,,,2.0,3.0,,,3.0,,,,3.0,,,,3.0,,3.0,3.0,,,2.0,3.0,3.0,3.0,,3.0,3.0,2.0,,3.0,,3.0,3.0,3.0,,3.0,,3.0,3.0,,,,,,3.0,3.0,3.0,,3.0,3.0,,,,0.0,,,,,,,,3.0,,,3.0,3.0,,,,,3.0,3.0,3.0,2.0,3.0,,,3.0,,,,3.0,,3.0,,,,3.0,3.0,3.0,3.0,2.0,3.0,,,,3.0,,3.0,3.0,,3.0,,,3.0,3.0,3.0,3.0,,,3.0,3.0,,,,,,3.0,,3.0,3.0,3.0,3.0,,,,,,,3.0,,3.0,3.0,,,3.0,,3.0,3.0,,,,3.0,3.0,,3.0,3.0,,,,,,,0.0,3.0,,3.0,,3.0,,,3.0,,,3.0,,,,,,3.0,,,3.0,,,,3.0,3.0,3.0,3.0,,,,,1.0,3.0,3.0,,3.0,3.0,,3.0,3.0,3.0,,3.0,,,3.0,,2.0,3.0,,,3.0,,,,3.0,,,,,,,,,,,,,,3.0,,0.0,,,3.0,3.0,,,,181,5,0.0662983425414364,1.6337448559670782,-0.11229938365295117
,,0.0,3.0,,,,,,,,,3.0,,,,,,,,3.0,,,,,,,,3.0,,,,,,3.0,3.0,,,,,,,,3.0,,,,,,,,,3.0,,,,,,,3.0,,,,,,,,3.0,,,3.0,2.0,,1.0,,,,,,,3.0,,,3.0,,3.0,,3.0,,,,3.0,,,,3.0,3.0,,,,,,,,3.0,,,,,,2.0,,,,,,,,,,,,,,3.0,,,,,,,,,,,,,,3.0,,,,,,,,,,2.0,,,,,,,,,,,3.0,,,,,,,,,2.0,,,,3.0,,,,,,,,,,,,,,,3.0,,,,,,,,,,3.0,,,,,,,,,,,,,,,,,3.0,,,,3.0,,,,3.0,3.0,,,,,,,,,,,,,,,,,,,,,,,,,,,,,,,,,,,,,,,,,,,,,,,,,,,,,,,0.0,,,,,,,,,3.0,,,3.0,3.0,3.0,,,,,,,3.0,,,,,,,,,,,,,,,,,,,,,,,,,,,,,,,,1.0,,,,,,,,,,,,3.0,,,,,,,3.0,,,,,2.0,0.0,,,0.0,1.0,,,2.0,,,3.0,,,,,,,,,3.0,3.0,,,,,,,,,,,,,,,,,,,3.0,,,,,,,,182,5,0.2894736842105263,1.8068669527896997,0.3492999993726935
,,,3.0,0.0,0.0,,,,,3.0,1.0,,,,,,,,3.0,3.0,,,,,,,,,,,,,,,,,,,,,,,,,,,,,,,,3.0,,,,,,,,,,,,,,,2.0,3.0,,,3.0,,,,3.0,,,,,3.0,,,3.0,,,3.0,3.0,,,,,,0.0,,,,,,,,,,,,,,,,,,,,,,,,,,,,,,3.0,,,,,,,,,,,,,,,,,,,,,,,,,,,,,3.0,,,,,,,,,,,,,,,,,,,,,,,,,,,,,,,,,,,2.0,,,,,,,,,,,3.0,,,,,,,,,,,,,,,,,,,,3.0,,,,,,,,,,,,,,,,,,,,,,,,,,,,,,,,,,,,,,2.0,,,,,,,,,,,,,,,,,,,,,,,,,,,,,,,,,,0.0,,2.0,,,,,,,,,,,,,3.0,,,,,,,,,,,,,,,,,,,,,,,,,,,,,,,2.0,,,,,,,,,,,,,,,,,,,,3.0,,,,,,,,,,,,2.0,,,,,,,,,,,,,,,,,,,3.0,,,,,,,,,,,,,,,,183,5,0.8571428571428571,1.6477272727272727,0.42263828986435326
,,,,,,,,,,,,,0.0,,,,,,,,,3.0,,,,3.0,,,,,,,,,,,,,,,,,,,,,,,,,,,,,,,,,,2.0,,,,,,,,3.0,,,,,,,,,,,,,,,,,,,,,,,3.0,,,,,,,,,,,3.0,,3.0,,,,,3.0,,,,0.0,,,,,,,,,,,,,,,,,,,,,,,,,,,,3.0,,,,,,,,,,,,,,,2.0,,,,,,,,,,,,,,,,3.0,,,,0.0,,,,,,,,,,,,,,,,,,,,,3.0,,,,,,0.0,,,,,,,,,,,,3.0,,,,,,,,3.0,,,,,,,,,,,,,,,,,,,,,,,,,,,,,,,,,,,,,,,,,,,,,,,,,,,,,,,,,,,,,,,,,,,,,,,,,,,,1.0,,,,,,,,,,,,,,,,,1.0,,,,,,,,,,2.0,,,,,,,,,,,,,,,,,,,,,,,,,,,,,,,,,,,,,,,,,,,,,,,,,,,,,,,,,,,,,,,,,,,,,,,,,,,,,184,5,0.8888888888888888,1.74,0.39094787969856365
,,,,,,,,,,,,,,,,,3.0,,,,,,,,,,,,,,,,,,,,,,,,,3.0,3.0,,,,,,,,,,,,,,,,,,,,,,0.0,,,,,,,,,3.0,,,,,,,,,,,,,,,,,,,,,,,,,,,,,,,,,,,,,,,,,,,,,,,,,,,,,,,,,,,,,,,,,,,,,,,,1.0,,2.0,,,,,,,,,,,,,,,,,,,,,,,,,,,,,,,,,,,,,,,,,,,,,,,,,,,,,,,,,,,,,,,3.0,,,,,,,,3.0,,,,0.0,,,,,,,,,,0.0,,,,,,,,,,,,,,,,,,,,2.0,,,,,,,,,,,1.0,,,,,,,,,,,,,,,,,,,,,,,,,,,,,,,,,,,,,,,,,,,,,,,,,,,,,,3.0,2.0,,,,,,,,,,,,,,,,,,,,,,,,,,,,,,,,,,,,,,,,,,,,,,,,,,,,,,,3.0,,,,,,,,,,,,,,,,,,0.0,,,,,,,,,,,185,5,0.0,2.2857142857142856,-0.017027014335572858
3.0,3.0,3.0,3.0,3.0,,,3.0,3.0,3.0,3.0,,3.0,2.0,,,,,,,3.0,,,,,3.0,3.0,,3.0,3.0,3.0,2.0,,,3.0,,,,3.0,,,,,1.0,,,3.0,,,,,3.0,,,,3.0,,3.0,3.0,2.0,3.0,,,3.0,,,,,,,3.0,3.0,,,,3.0,,,,,3.0,3.0,3.0,,,,,3.0,,2.0,,3.0,,,,3.0,3.0,,,,,,3.0,3.0,3.0,,,,3.0,,3.0,3.0,,3.0,,3.0,3.0,,2.0,,,,,3.0,3.0,,,,,,,3.0,,,,,,,2.0,,,,,,,,,,,,,,3.0,,,,,,,3.0,,,3.0,,,,,,3.0,,,,3.0,,,,,,,,3.0,,,1.0,3.0,,,,,3.0,3.0,3.0,3.0,3.0,,,,3.0,,3.0,,3.0,1.0,,,3.0,,,3.0,,,,,,2.0,3.0,,3.0,3.0,,3.0,,,3.0,,,,,,,,3.0,,,,,,,,3.0,3.0,,3.0,1.0,,,,3.0,1.0,,,,3.0,,,,,,3.0,3.0,3.0,,3.0,,,2.0,3.0,3.0,2.0,3.0,0.0,,,2.0,0.0,,3.0,,,,,,,,,,3.0,2.0,,,,3.0,3.0,,,,3.0,,,3.0,,,,,,3.0,2.0,,,,,,,,,,,,,,,,,3.0,,,,,3.0,,0.0,3.0,,,,,,,,,,,,,,,,3.0,,,3.0,2.0,,,,3.0,,3.0,,3.0,,,3.0,,3.0,,3.0,,,3.0,,,,,,3.0,,,,,,,,,,,,,,,,,,,,,,,,3.0,,0.0,,186,5,0.2604166666666667,1.6551724137931034,0.2632419398935723
3.0,3.0,,3.0,3.0,,,3.0,2.0,3.0,0.0,,3.0,3.0,,3.0,3.0,,,,2.0,,3.0,,,,3.0,,,3.0,3.0,3.0,,3.0,3.0,3.0,,,,,,,,,,,3.0,,,,,3.0,3.0,,,3.0,3.0,3.0,,3.0,,,,,,,,,3.0,,3.0,3.0,,,,3.0,3.0,,,,3.0,3.0,3.0,,,3.0,,3.0,3.0,,,2.0,,,,2.0,3.0,,,,3.0,,3.0,,3.0,3.0,,,,,,,,,,3.0,,,,,,,,,2.0,,,,,,,3.0,,,,,,,3.0,,1.0,3.0,,3.0,,,3.0,,,,,,3.0,,,,,,,3.0,,,,3.0,,3.0,,,3.0,,,,3.0,,,,,,,,,,,,3.0,,,,,,2.0,1.0,2.0,3.0,3.0,3.0,1.0,3.0,3.0,3.0,,,3.0,3.0,,3.0,,3.0,,,,3.0,,,3.0,3.0,,,3.0,3.0,,,,0.0,,3.0,0.0,,,,,,3.0,3.0,3.0,3.0,,,,3.0,,,3.0,3.0,3.0,,,3.0,,,,3.0,,3.0,,,,,3.0,3.0,,,3.0,,,,1.0,,3.0,,,,0.0,,,,,,,,,,,,,3.0,,,,3.0,3.0,3.0,,,,,,,,3.0,,,3.0,,,,,,,,,,,3.0,,3.0,,,,,,,,3.0,3.0,,,3.0,,,,,,,3.0,,,,,,,,,,,,,,,,,1.0,,,,,,3.0,,3.0,,,,,,,,,,,,,,,,,,,,,,,,,,,,,,,,,,,,,,,3.0,3.0,,,,187,5,0.1188118811881188,1.670863309352518,-0.018019522640463068
3.0,3.0,3.0,3.0,3.0,3.0,3.0,,3.0,3.0,3.0,3.0,3.0,3.0,3.0,3.0,2.0,,,3.0,3.0,3.0,2.0,3.0,,3.0,0.0,3.0,,3.0,3.0,2.0,3.0,,2.0,3.0,3.0,,3.0,3.0,3.0,,3.0,,,3.0,3.0,3.0,3.0,1.0,3.0,3.0,,,3.0,3.0,3.0,3.0,3.0,3.0,3.0,3.0,,3.0,,3.0,,3.0,3.0,,3.0,2.0,,,,3.0,2.0,,,3.0,3.0,3.0,3.0,3.0,3.0,3.0,3.0,3.0,,3.0,2.0,3.0,,3.0,,3.0,2.0,,3.0,3.0,3.0,,3.0,3.0,2.0,3.0,,,3.0,,,3.0,3.0,3.0,,3.0,3.0,,,,,,,3.0,3.0,1.0,3.0,,1.0,,,3.0,,3.0,,3.0,3.0,,3.0,,,3.0,,3.0,2.0,3.0,3.0,,3.0,,,,3.0,,3.0,,,,,2.0,,,3.0,3.0,,,,,3.0,3.0,3.0,,2.0,3.0,,,3.0,3.0,,3.0,3.0,3.0,,,3.0,3.0,3.0,3.0,,,1.0,3.0,3.0,3.0,,3.0,3.0,2.0,3.0,2.0,,3.0,3.0,2.0,,0.0,,3.0,3.0,3.0,,3.0,,,3.0,3.0,,,3.0,3.0,,,3.0,3.0,,,,,,,0.0,3.0,3.0,,,,,,,,3.0,,3.0,3.0,3.0,,,0.0,3.0,,,3.0,3.0,3.0,,,,3.0,3.0,3.0,3.0,,3.0,,,,,3.0,,,,,3.0,,3.0,3.0,3.0,,,,3.0,3.0,3.0,,3.0,,3.0,3.0,3.0,,,3.0,3.0,,3.0,3.0,,,,3.0,,3.0,3.0,,,3.0,,3.0,3.0,,3.0,,,3.0,,3.0,3.0,,,,,,3.0,3.0,3.0,,1.0,,,,3.0,3.0,3.0,3.0,,,,,,,3.0,,,3.0,,3.0,,,,3.0,3.0,,3.0,,,3.0,3.0,3.0,3.0,3.0,3.0,,,3.0,3.0,3.0,3.0,,,3.0,,3.0,3.0,3.0,,,3.0,,,,3.0,,,,,,,,3.0,3.0,,3.0,,1.0,,3.0,,,,,3.0,,,188,5,0.0841584158415841,1.4412786657400973,-0.14650013062709505
3.0,,,,2.0,,,,,,,,,,,,,,,,3.0,,2.0,,,,3.0,,,,,,,,,,,,,,,,,,,,3.0,,2.0,,,,,,,,,,,,,,,,,,,,,,,,,,,,,,,,,,,,0.0,,,,,,,3.0,,,,,3.0,,,,,,,,3.0,,,,,,,,,3.0,,,,,,3.0,,,,,,,,,,,,3.0,,,,,,,,,,2.0,,,,,,,,,,,,,,,,,,,,,,,,,,,,,,,3.0,,,,,,,,,,,,,,,,,,,,,,,,,,,,,,,3.0,,,,,,,,,,,,,0.0,,,,,,,3.0,,,,,,,,,,,,,,,,,,,,,,3.0,,3.0,,,,,,,,,,,,,,,,,,,,,,,,,,,,0.0,,,,,,,,,,,,,,,,,,,,,,,,,,,,,,,,,,,,,,,,,,,,,,,,,,,,,,,,,,0.0,,,,,,,,,,,,,,,,,,,,,,,,,,,3.0,,3.0,,,,,,,,,,,,,3.0,,,,,,,,,,,,,,,,,,,,,,,,,,,,189,5,1.0,1.859375,0.3724488500590663
3.0,,,,3.0,,,,,,,,,,,,,,,,,,,,,,,,,,,3.0,,,,,,,,,,,,,,,,0.0,2.0,,,,,,,,,,,,,,,,,,,,,,,,,,,,,,,,,,1.0,,,,,,,,,,,,,0.0,3.0,,,,,,,,3.0,,,,,,,,,,,3.0,,,,,,,,,,2.0,,,,,,,,,,,,,,,,,,,,,,,,,,,,,,,,,,,,,,,,,,,,,,,,,,,,,,,,,,,,,,,,,,,,,,,,3.0,,,,3.0,,,,,,,,,,,,,,,,,,,,,,,,,,,,,,,,,,,,,,,,,,,,,,3.0,,,,,,,,,,,,,,,,,,,,,,,,,,0.0,,,,,,,,,,,,,,,,,,,3.0,,,,,,,,,,,,,,,,,,,,,,,,,,,,,,,,,,,,,,,,,,,,,,,,,,,,,,,,,,,,,,,,,,,,,,,,2.0,,,,,,,,,,,,,,,,,,,,0.0,,,,,,,,,,,,,,,,,,,190,5,1.0,2.054054054054054,0.48689371094171574
3.0,,,,,,,,,,,,,,,,,,,,3.0,,,,,,,,,,,,,,,,,3.0,,,,,,,,,,,,,,,3.0,,,,,,,,1.0,,,,,,,,,,,,,,,3.0,,,,3.0,3.0,,3.0,,,,,,,,,3.0,,,,,,,,,,,,,3.0,3.0,,,3.0,,,,,2.0,,,,,,,,,,,,,,,3.0,,3.0,,1.0,,,,,,,,,,,,,,,,,,,,3.0,,,,,3.0,0.0,3.0,,0.0,,,,,,,,,,,3.0,,,,1.0,,,,,,,,,,2.0,,,1.0,,,,,,,,,,,,,,,,,,,,,,,,,,,,,3.0,,,,,2.0,,,,,,,,,,,,,,,,,,,,,,,,,,,,,,,,,,,,,,,,,,,,,,,,3.0,,,,,,,,,,0.0,,,0.0,,,,,,,3.0,,,,,,,,,,,,,,,,,,,,,,,,,3.0,,,,,,,,,,,,,,,,,3.0,,,,,,3.0,,,,,,,1.0,,,,,,,,,,,,,,,,,,3.0,,,,,,,,,,,,,,,,,,,,,,,,,,,,,,,,,,,,,,,191,5,0.9411764705882352,1.8440366972477065,0.35432243550401066
,,,3.0,,,,,,,,,,,,,,,,,,,,,,1.0,,,,,,,,,,,,,,,,,,,,,,0.0,,,,,3.0,,,,2.0,3.0,,,,,,,,,,,,,3.0,3.0,,,,,,,,,2.0,,,,,,,,,,,,,,,,,,,,,,,,3.0,,,,2.0,,,,,,,,,,,,,,,,,,3.0,,,,,,,,,,,,,,,3.0,,,,,,,,,,,,,,,,,,,,,,,,,,,,,,1.0,3.0,,,0.0,,,,,,,,,,3.0,0.0,,,,,,,,,,,,,,,,,,,,,,,,,,,,,,,,,,,,,,,,,,,,,,,,,,,,,,,,,,,,,,,,,,,,,,,,,,,,,,,,,,,,,,,,,,,,,,,,,,,,,,,,,,,,,,,,,,,,,,,,,,,,,,,,,,,,,,3.0,,,,,,,,,,,,,,,,,,,,,,,,,,,,,,,,,,,,,,,,,,,,,,,,,,,,,,,,,,,,,,,,,,,,,,,,,,,,,0.0,,,,,,192,5,1.2857142857142858,1.9565217391304348,0.5543617252688844
,3.0,,3.0,,,,,,,,3.0,,,,,,,,,3.0,,,,,3.0,2.0,,3.0,,3.0,,2.0,3.0,,3.0,,,,3.0,,,,,,,3.0,,3.0,,,,,,,3.0,,3.0,,3.0,,3.0,,,,,,,,,,,,,,3.0,,,,,2.0,,3.0,,,,3.0,3.0,,0.0,,3.0,,,,,3.0,,,,3.0,,,3.0,3.0,,,,3.0,1.0,3.0,,,2.0,,3.0,1.0,3.0,3.0,3.0,,,,3.0,,,,,,,,3.0,3.0,,,,,,3.0,,,,,,3.0,,,,,,,,3.0,,,,,,,3.0,,,,,,,,,3.0,,,,,,,,,,,,,,,,3.0,,,3.0,,,3.0,,3.0,,,,,3.0,,,,,3.0,,,,,,,,,,,,3.0,3.0,3.0,,3.0,,,,,3.0,,,,,,,,,,,,,,,,,,,2.0,3.0,,,,,,,,3.0,,3.0,,,,,,,,,,,,,3.0,,3.0,2.0,,,,,,,1.0,3.0,,,,,,,,,,,,,,3.0,,,,,,,,3.0,,,,,,,,,,,,,,3.0,,,3.0,,,,,,,,,,,,3.0,,,,,,,,,,,,,,2.0,,3.0,3.0,,,,,,,0.0,,,3.0,,,,,,,,,3.0,,,,,0.0,2.0,0.0,,,,,,,,,3.0,,,,,,,,,,,,,,,,,,,,,,,193,5,0.2222222222222222,1.8597014925373134,0.23053735609930415
,3.0,,,3.0,,,,2.0,,3.0,,,,,,,,,,3.0,,,,3.0,,2.0,3.0,,,3.0,,,,3.0,,,,,,,,,,,,3.0,,,,,,3.0,,,3.0,,,,3.0,,,,,,,,,,,2.0,3.0,3.0,,,,,,,,3.0,,,,,,,3.0,,,,,,,,,,,,,,0.0,,,,,,,3.0,,3.0,,,,1.0,2.0,,,,,,,,,,,,3.0,,,,3.0,,,,,,,,,,3.0,,3.0,,,,,,,,,,,,,,,,,,,,,,,,,,,,,,,,,,,,3.0,,,,2.0,3.0,,,,,,,,,,,,,3.0,,3.0,,,3.0,,,,,,,,,,,,,,,,,,,0.0,,,,,,,,,,3.0,3.0,,,,,,,,,,,,,,,,,,,,0.0,,,,,,,,,,,,,,,,,,,,,,,,,,,,,,,,,,,3.0,,,,1.0,3.0,,,,,,,,,,,,,3.0,,,,,3.0,,,,2.0,,,,,,,0.0,,,,,,,,,,,,,,,,,,,,,,,,2.0,,,,,,,,,,3.0,,,,,,,,,,,,,,3.0,,,,,,,,,3.0,,,,,,,,,,,,,,,,,,,,,,,,,194,5,0.5,1.7282608695652173,0.279568363605005
,,,,,,,,,,,,,,,,,,3.0,,3.0,,,2.0,,,,,,,,,,,,,,,,,,,,,,,,3.0,,,,,,,,0.0,,,,,,3.0,,,,,,,,,,,,,,,,,,,,,,,,,2.0,,,,,,0.0,,,,,,,,,,,,,1.0,,,,,,,,3.0,,3.0,,,,,,,,,,,,,,,,,2.0,,,,,,,,,,,,,,,,,,,,,,,,,,,,,,3.0,,,,,0.0,,,,,,,,,,,,,,,,,,,,,,,,,,,,,,,,,,,,,,,,,,,,,,,,,,,,,,,,,,,,,,,,,,1.0,,,,,,,,,,,,,,,,,,,,,,,,,,,,,,,,,,,,,,,,,,,,,,,,3.0,,,,,,,,,,,,,,,,,,,,,,,,,,,,,,,,,,,,,,0.0,,,,,,,,,,,,,,,,,,,,,,,,,,,,,,,,,,,,,,,,,,,,,,,,,,,,,,,,,,,,,,,,,,,,,,,,,,,,,,,,,,,,195,5,2.25,2.272727272727273,0.4366583904488816
3.0,3.0,3.0,3.0,3.0,0.0,,,3.0,,3.0,3.0,,3.0,,,,,,,3.0,2.0,2.0,,,3.0,3.0,3.0,3.0,,3.0,3.0,,,,,,,3.0,,2.0,,,,,,,,3.0,2.0,,,3.0,,3.0,,3.0,2.0,3.0,3.0,3.0,3.0,,3.0,,,,3.0,3.0,,3.0,2.0,,,,3.0,3.0,,3.0,3.0,2.0,3.0,3.0,3.0,3.0,3.0,2.0,3.0,,,3.0,3.0,,3.0,,2.0,2.0,,3.0,,3.0,,3.0,,3.0,3.0,,0.0,3.0,3.0,3.0,3.0,,3.0,,3.0,3.0,3.0,3.0,,,,,,3.0,,,3.0,,3.0,,0.0,,,,,,,3.0,,,3.0,,2.0,,3.0,,,,,,3.0,,,,,,3.0,,3.0,,,,3.0,,,,,,,,,3.0,,,,,,,,2.0,3.0,,,3.0,3.0,3.0,3.0,,,3.0,3.0,3.0,,,,3.0,3.0,,3.0,,,3.0,1.0,,3.0,3.0,3.0,,,,,,,3.0,,,,3.0,3.0,,,3.0,3.0,,,,,,,,,2.0,,3.0,,,,,1.0,,2.0,,,3.0,,,3.0,3.0,,,3.0,,,,,,3.0,,,,,3.0,,,1.0,,,,3.0,,,2.0,,,,3.0,,,,,3.0,,,3.0,,,,,3.0,3.0,3.0,3.0,,,,3.0,,,3.0,,,3.0,,,,,3.0,3.0,,,,,3.0,,,,,,,3.0,,,,,3.0,3.0,,3.0,,3.0,3.0,,,3.0,,3.0,,,,0.0,,,3.0,3.0,3.0,,,,,,,3.0,,,3.0,,3.0,,,3.0,,3.0,3.0,,,3.0,,,3.0,,,3.0,,,3.0,,,,3.0,3.0,,,,,,,1.0,3.0,,,,,3.0,,,,,,3.0,,3.0,,196,5,0.1323529411764706,1.5177914110429447,0.09493135544703081
3.0,2.0,3.0,3.0,3.0,,3.0,,,3.0,3.0,3.0,,3.0,,3.0,,,,3.0,3.0,3.0,3.0,,3.0,3.0,2.0,3.0,2.0,1.0,3.0,3.0,2.0,3.0,3.0,3.0,,3.0,2.0,1.0,,3.0,3.0,3.0,,3.0,3.0,3.0,3.0,,,,3.0,,3.0,3.0,3.0,3.0,2.0,3.0,3.0,3.0,,,,3.0,,,3.0,,3.0,3.0,,,,3.0,3.0,,3.0,3.0,2.0,3.0,3.0,3.0,,3.0,3.0,0.0,3.0,3.0,,3.0,,3.0,,3.0,3.0,,3.0,3.0,3.0,3.0,2.0,3.0,2.0,3.0,3.0,,3.0,3.0,3.0,3.0,3.0,3.0,3.0,2.0,3.0,2.0,3.0,3.0,,,,3.0,3.0,3.0,3.0,3.0,,3.0,,3.0,,,,3.0,3.0,,3.0,,3.0,3.0,,3.0,3.0,3.0,3.0,,3.0,,,,2.0,,3.0,,,3.0,3.0,3.0,,,,3.0,,,,,3.0,3.0,,,3.0,,3.0,,,3.0,,3.0,3.0,3.0,,3.0,3.0,2.0,3.0,3.0,,3.0,3.0,3.0,3.0,3.0,3.0,3.0,,2.0,,3.0,,3.0,1.0,2.0,,3.0,3.0,3.0,3.0,3.0,,3.0,,,2.0,3.0,3.0,3.0,3.0,3.0,,3.0,3.0,3.0,,,,3.0,3.0,,,,,,3.0,,,,,,,3.0,3.0,0.0,3.0,,3.0,2.0,3.0,,,3.0,3.0,3.0,,,,3.0,3.0,2.0,3.0,,3.0,,3.0,3.0,3.0,,,3.0,,3.0,,,3.0,3.0,3.0,,,,3.0,3.0,3.0,,3.0,,,3.0,,3.0,3.0,3.0,3.0,3.0,,,,,,3.0,,,,,,3.0,,3.0,3.0,,,,,3.0,,2.0,3.0,,3.0,,3.0,,3.0,3.0,2.0,,3.0,,3.0,,3.0,,3.0,3.0,3.0,,,,,,3.0,3.0,3.0,3.0,3.0,3.0,,3.0,3.0,3.0,3.0,3.0,2.0,,3.0,1.0,3.0,2.0,,3.0,3.0,,3.0,3.0,3.0,3.0,3.0,,,3.0,,0.0,3.0,3.0,,1.0,,,,3.0,3.0,,,,,,,,,3.0,,,,3.0,,3.0,3.0,0.0,3.0,3.0,,3.0,,197,5,0.0717488789237668,1.362295081967213,-0.2105018432534161
3.0,3.0,,,3.0,,,,,,3.0,3.0,,,,,,,,,,,,,,,2.0,,3.0,,,3.0,,2.0,3.0,,,,,,,,2.0,,,2.0,,,,,1.0,3.0,3.0,,,,3.0,3.0,3.0,3.0,3.0,3.0,,,,,,,,,3.0,3.0,,,,3.0,,,,,2.0,3.0,1.0,,,3.0,,3.0,,3.0,,,,,,2.0,,,,,,,3.0,,3.0,,,,3.0,,,,,3.0,,3.0,,0.0,1.0,,,,,3.0,,,3.0,3.0,,,,3.0,,,,,,,,,,3.0,,3.0,,,,,,,,,,,,,,,,2.0,,,,,,,,,,,,,3.0,,,,,,,,,,,,3.0,,,,,,,3.0,,,,,,3.0,,3.0,,,3.0,,,,,,,,,,,,3.0,3.0,,,3.0,3.0,,,,,,,3.0,,,,,,,,,,,,,,,,,,,,,,,,,,,,,,,,,,,,0.0,,,,,,,,,,,,3.0,,,,,,,,,,,,,,3.0,,,3.0,,,,,,,,3.0,,,,,,3.0,,3.0,3.0,,,,,3.0,,,,0.0,,2.0,,,,,3.0,,,,,,,,,,,,,,,,,,,,,,,,,,,,,,,3.0,,,,3.0,3.0,,,3.0,3.0,1.0,,3.0,,3.0,,,,,,,,,,,3.0,,,,,,0.0,,,,,,,,,,,,,,,3.0,,198,5,0.2295081967213114,1.7165775401069518,0.20381082388649405
,3.0,,3.0,3.0,,,,,,,,,,,,,,,3.0,3.0,,3.0,,,,3.0,3.0,,3.0,3.0,,,,3.0,3.0,,,3.0,,,,,,,,0.0,,,,,,3.0,,3.0,1.0,,3.0,,3.0,3.0,3.0,,,,,,,3.0,,3.0,3.0,,,,,,,,,3.0,,3.0,,,,3.0,3.0,,,,3.0,,,,3.0,3.0,,,,3.0,3.0,0.0,3.0,3.0,3.0,,,3.0,,,,,2.0,,2.0,,,,,,,,,3.0,3.0,,,,,,,,,,,,,,,,3.0,,,,,3.0,,,,,,3.0,,,,,,,3.0,,,,,,2.0,,,,3.0,,,3.0,1.0,,,,,,,,3.0,,3.0,3.0,,,3.0,,,3.0,3.0,2.0,,,3.0,,1.0,,3.0,,,2.0,,,3.0,,,,3.0,,3.0,,,3.0,,,,3.0,3.0,3.0,,,3.0,,,,,,,,,3.0,,,,,,,,,,,3.0,,,,2.0,,,,3.0,,,,,,,0.0,,,,,,,,3.0,,3.0,,,,,,,,,,,,,,,,,,,3.0,,,,2.0,,,,,,,,3.0,,,3.0,,,3.0,,,3.0,,,,,3.0,,3.0,3.0,,,,,,,,3.0,,,,,,,,3.0,,,,,,,,,,3.0,3.0,,3.0,,,,,3.0,,,,,3.0,,2.0,,,3.0,,,3.0,3.0,,,,,,,,,0.0,,3.0,,,,3.0,,,,,,,,,2.0,,,,,,,,,,,,,,,199,5,0.0909090909090909,1.6913319238900635,0.02291645288479811
