0,1,2,3,4,5,6,7,8,9,10,11,12,13,14,15,16,17,18,19,20,21,22,23,24,25,26,27,28,29,30,31,32,33,34,35,36,37,38,39,40,41,42,43,44,45,46,47,48,49,50,51,52,53,54,55,56,57,58,59,60,61,62,63,64,65,66,67,68,69,70,71,72,73,74,75,76,77,78,79,80,81,82,83,84,85,86,87,88,89,90,91,92,93,94,95,96,97,98,99,100,101,102,103,104,105,106,107,108,109,110,111,112,113,114,115,116,117,118,119,120,121,122,123,124,125,126,127,128,129,130,131,132,133,134,135,136,137,138,139,140,141,142,143,144,145,146,147,148,149,150,151,152,153,154,155,156,157,158,159,160,161,162,163,164,165,166,167,168,169,170,171,172,173,174,175,176,177,178,179,180,181,182,183,184,185,186,187,188,189,190,191,192,193,194,195,196,197,198,199,200,201,202,203,204,205,206,207,208,209,210,211,212,213,214,215,216,217,218,219,220,221,222,223,224,225,226,227,228,229,230,231,232,233,234,235,236,237,238,239,240,241,242,243,244,245,246,247,248,249,250,251,252,253,254,255,256,257,258,259,260,261,262,263,264,265,266,267,268,269,270,271,272,273,274,275,276,277,278,279,280,281,282,283,284,285,286,287,288,289,290,291,292,293,294,295,296,297,298,299,300,301,302,303,304,305,306,307,308,309,310,311,312,313,314,315,316,317,318,319,320,321,322,323,324,325,326,327,328,329,330,331,332,333,334,335,336,337,338,339,340,341,342,343,344,345,346,347,348,349,350,351,352,353,354,355,356,357,358,359,360,361,362,363,364,365,366,367,368,369,370,371,372,373,374,375,376,377,378,379,380,381,382,383,384,385,386,387,388,389,390,391,392,393,394,395,396,397,398,399,400,401,402,403,404,405,406,407,408,409,410,411,412,413,414,415,416,417,418,419,420,421,422,423,424,425,426,427,428,429,430,431,432,433,434,435,436,437,438,439,440,441,442,443,444,445,446,447,448,449,450,451,452,453,454,455,456,457,458,459,460,461,462,463,464,465,466,467,468,469,470,471,472,473,474,475,476,477,478,479,480,481,482,483,484,485,486,487,488,489,490,491,492,493,494,495,496,497,498,499,500,501,502,503,504,505,506,507,508,509,510,511,512,513,514,515,516,517,518,519,520,521,522,523,524,525,526,527,528,529,530,531,532,533,534,535,536,537,538,539,540,541,542,543,544,545,546,547,548,549,550,551,552,553,554,555,556,557,558,559,560,561,562,563,564,565,566,567,568,569,570,571,572,573,574,575,576,577,578,579,580,581,582,583,584,585,586,587,588,589,590,591,592,593,594,595,596,597,598,599,600,601,602,603,604,605,606,607,608,609,610,611,612,613,614,615,616,617,618,619,620,621,622,623,624,625,626,627,628,629,630,631,632,633,634,635,636,637,638,639,640,641,642,643,644,645,646,647,648,649,650,651,652,653,654,655,656,657,658,659,660,661,662,663,664,665,666,667,668,669,670,671,672,673,674,675,676,677,678,679,680,681,682,683,684,685,686,687,688,689,690,691,692,693,694,695,696,697,698,699,700,701,702,703,704,705,706,707,708,709,710,711,712,713,714,715,716,717,718,719,720,721,722,723,724,725,726,727,728,729,730,731,732,733,734,735,736,737,738,739,740,741,742,743,744,745,746,747,748,749,750,751,752,753,754,755,756,757,758,759,760,761,762,763,764,765,766,767,768,769,770,771,772,773,774,775,776,777,778,779,780,781,782,783,784,785,786,787,788,789,790,791,792,793,794,795,796,797,798,799,800,801,802,803,804,805,806,807,808,809,810,811,812,813,814,815,816,817,818,819,820,821,822,823,824,825,826,827,828,829,830,831,832,833,834,835,836,837,838,839,840,841,842,843,844,845,846,847,848,849,850,851,852,853,854,855,856,857,858,859,860,861,862,863,864,865,866,867,868,869,870,871,872,873,874,875,876,877,878,879,880,881,882,883,884,885,886,887,888,889,890,891,892,893,894,895,896,897,898,899,900,901,902,903,904,905,906,907,908,909,910,911,912,913,914,915,916,917,918,919,920,921,922,923,924,925,926,927,928,929,930,931,932,933,934,935,936,937,938,939,940,941,942,943,944,945,946,947,948,949,950,951,952,953,954,955,956,957,958,959,960,961,962,963,964,965,966,967,968,969,970,971,972,973,974,975,976,977,978,979,980,981,982,983,984,985,seed,complex_param,simple_infection_ratio
2,2,1,2,1,2,2,2,2,3,2,2,2,1,1,2,2,1,2,2,2,2,3,2,2,2,2,0,1,2,1,2,2,2,2,2,2,2,2,2,2,2,2,3,1,2,2,2,1,2,2,1,2,2,2,2,2,2,1,2,1,2,1,1,2,1,2,2,2,2,2,2,3,2,1,2,2,2,1,2,2,2,1,1,1,2,1,2,2,2,2,2,2,1,2,2,2,2,2,2,2,2,2,2,2,1,2,1,2,2,2,3,2,2,1,1,2,2,2,2,2,1,2,2,2,2,2,2,1,1,2,1,1,1,1,2,2,2,2,2,2,2,1,2,1,1,2,2,2,2,2,2,1,1,2,2,2,1,2,2,1,2,1,2,2,1,1,2,2,1,2,2,1,2,1,2,2,2,2,2,1,1,1,2,2,2,2,1,2,2,2,1,2,2,2,2,2,2,2,2,2,1,2,1,2,2,2,2,1,2,2,1,2,2,2,1,2,2,1,2,2,2,2,2,2,2,1,2,2,2,1,0,2,2,1,2,2,2,2,2,2,2,2,2,2,2,3,3,2,1,2,2,2,1,1,1,1,2,2,2,2,2,2,2,2,3,2,3,2,2,2,1,2,2,2,2,2,2,2,2,1,2,1,0,2,1,2,2,2,1,1,2,2,2,2,2,2,2,2,3,1,1,2,1,2,1,2,2,2,2,2,2,2,2,2,2,2,2,1,2,2,2,2,2,2,2,2,2,2,2,2,2,3,1,3,3,2,2,2,1,2,2,2,2,1,2,2,2,2,2,2,1,2,2,3,2,1,2,2,3,2,1,2,2,2,2,0,1,1,2,2,2,1,2,2,2,2,1,2,2,2,2,2,2,2,2,2,1,2,2,2,2,2,2,2,2,2,2,2,2,2,2,2,2,1,2,2,2,2,2,2,1,2,2,3,4,3,2,2,2,2,2,2,2,1,2,1,2,2,2,2,2,2,2,1,2,0,1,1,3,1,2,2,2,2,2,2,2,2,,2,3,3,2,2,2,3,2,2,2,2,3,2,,2,2,2,2,2,2,2,2,3,2,2,3,3,3,2,3,2,2,0,1,2,2,2,3,3,2,2,3,2,2,1,1,2,2,2,2,3,2,2,3,2,2,2,3,2,2,2,2,1,2,3,2,2,2,1,2,2,1,3,2,,2,2,2,2,2,3,1,2,2,2,2,2,1,3,2,2,2,2,2,2,1,2,2,2,2,2,2,1,2,2,2,2,2,3,2,1,,2,2,2,3,3,2,2,2,3,2,2,2,2,2,2,1,,2,2,2,,2,2,2,2,2,2,2,2,3,2,2,,1,2,2,2,2,2,2,,2,3,,2,3,2,2,2,2,3,3,2,3,3,2,3,2,2,,2,2,2,,2,3,3,3,3,3,,2,,3,2,2,2,2,2,2,2,2,2,2,2,5.0,2,3,2,1,2,,,2,2,2,2,2,2,2,2.0,3,2,2,,3,3,3,3,2,,2,3,2,2,2,2,,3,2,3,1,2,2,2,3,0,3,3,3.0,3,,2,2,3,2,0,3,2,3,2,3,,2,2,2,3,2,2,3,3,2,2,0,3,2,2,3,2,3,2,,2,0,2,3,3,3,2,2,2,2,,2,2,2,2,,2,2,1,3,3,,,,2,2,2,2,2,2,,2,,,,2,2,3,3,,3,2,2,,2,2,,3.0,2,,3,,3,4,,3,2,2,3,3,2,2,3,3,3,2,2,2,2,2,2,2,2,2,3,2,3,1,3,2,3,,4,2,,2,2,,,2,2,,2,3,,3,2,2,2,3,3,2,2,,2,3,2,3,2,3,,2,3,2,2,,2,2,,,,,2,3,2,3,2,3,,2,3,3,,,2,3,,2,,2,2,,3,2,3,,3,,3,2,3,,2,2,,3,,2,,,2,,2,3,2,2,2,,3,3,2,2,4.0,,2,2,2,3,2,2,4,2,2,2,3,3.0,3,2,2,2,3,3,3,2,3,,3,2,5.0,3,,,3,,2,,2,2,3,3,2,2,2,2,3,3,2.0,,5.0,4,2,3,,3,3,4,3,2,2,3,,2,,2,3,2,3,2,2,,2,2,,3,2,3,3,2,3,,,,,,3,,,2,2,,,,0,2,0.02534562211981567
2,2,2,2,2,2,2,2,2,2,2,2,2,1,2,2,2,2,2,2,2,1,3,2,2,2,3,2,2,2,2,2,2,2,3,2,2,3,2,2,2,2,2,3,2,2,1,2,2,2,2,2,3,2,2,2,2,2,2,2,2,2,1,1,2,2,2,2,2,2,2,2,2,2,2,2,3,2,2,2,2,2,1,1,2,2,1,1,2,2,2,2,2,2,2,2,2,2,2,2,2,2,3,2,2,1,1,1,2,3,3,3,3,2,2,2,2,2,2,3,3,1,3,2,2,2,2,2,2,2,2,2,2,2,3,2,3,2,2,2,2,1,1,2,2,2,2,2,3,3,2,2,2,2,2,2,2,3,2,2,1,2,2,2,2,2,1,3,2,2,2,2,2,2,2,3,3,2,3,2,2,2,3,1,2,2,2,2,2,2,2,2,3,2,2,2,2,2,2,2,3,2,3,2,2,2,2,2,2,2,1,1,2,2,2,2,2,2,2,2,3,2,2,2,2,2,2,2,2,2,2,3,2,2,2,2,0,2,2,2,2,2,2,2,2,2,2,3,2,1,2,2,2,2,2,1,2,3,2,2,3,2,2,2,2,2,2,3,2,2,2,2,2,2,2,2,3,3,2,2,2,2,1,1,2,2,2,2,2,3,2,2,2,2,3,2,2,2,2,3,2,2,2,1,2,2,2,3,2,3,2,2,2,3,2,3,2,3,2,2,2,2,2,2,2,2,2,2,2,1,3,2,2,2,3,3,2,2,2,2,2,3,2,2,3,2,2,2,3,2,2,2,2,2,3,0,2,2,2,2,2,2,1,1,2,2,2,2,2,2,3,1,2,2,2,2,2,2,3,2,2,3,3,3,2,2,3,3,2,2,2,3,2,2,2,2,3,3,3,2,2,2,3,3,2,2,2,2,2,2,2,2,2,2,4,4,3,2,2,2,2,2,2,2,2,2,2,2,2,2,2,2,3,2,2,2,3,3,2,3,2,2,3,3,2,2,2,2,2,,2,2,2,2,2,3,3,2,2,2,2,2,2,,2,3,2,2,2,2,2,2,2,2,2,3,2,3,2,3,2,2,3,2,0,2,2,2,2,2,2,3,2,2,1,2,1,3,2,2,3,3,2,3,2,2,2,3,2,2,2,3,3,2,2,2,3,3,1,2,2,2,3,3,,2,2,3,3,0,2,2,2,1,3,3,2,2,3,2,2,2,3,2,2,2,2,3,2,2,2,2,2,3,3,2,3,2,2,2,0,,2,2,2,3,3,3,2,2,3,2,2,2,3,3,2,2,,2,2,2,,3,3,2,2,2,2,2,2,2,2,2,,3,2,3,2,3,2,2,,3,4,0.0,2,2,3,2,2,2,3,3,2,3,3,3,3,3,2,,3,2,3,,2,3,3,3,3,4,,3,,3,2,3,3,2,2,2,3,3,3,2,3,,3,3,2,2,3,,,2,2,2,2,2,2,2,,3,2,2,,3,3,3,3,2,,2,3,3,2,2,2,,3,2,3,2,2,2,3,3,2,2,3,,2,,2,3,2,2,3,3,3,3,2,3,,2,3,3,2,3,3,3,3,3,2,3,3,3,2,3,3,3,2,0.0,2,3,2,3,3,4,3,2,2,3,,3,2,2,2,,2,3,3,2,3,3.0,4.0,,3,2,3,2,3,2,,2,,,,3,2,2,3,,3,3,2,3.0,3,2,,,3,,3,,3,4,,3,3,2,3,3,3,3,3,3,3,2,2,2,3,2,3,3,3,3,3,0,3,2,3,2,3,4.0,4,2,,2,3,,,2,2,,3,4,,3,3,2,3,3,4,3,2,5.0,3,3,3,3,3,3,,2,3,1,2,,2,3,,,,,3,3,3,3,3,3,,3,3,3,,,2,3,,2,,2,3,,2,3,3,4.0,3,,4,3,3,,3,2,,3,,2,,,3,,3,2,3,3,2,,3,3,1,3,,,3,3,3,3,3,1,4,2,3,3,3,3.0,3,3,3,1,3,3,3,2,3,,3,3,,3,,,3,,3,,2,2,2,3,3,2,3,2,3,3,,,,4,2,3,3.0,3,3,4,3,3,2,0,0.0,3,,3,3,3,3,3,3,,3,3,,3,3,3,3,3,3,,,,,,3,,,3,3,,3.0,,1,2,0.021739130434782608
3,3,2,2,2,3,3,2,2,2,2,3,2,2,2,3,3,2,2,2,2,2,3,2,2,3,3,2,2,2,2,1,2,2,2,2,2,0,2,2,2,2,2,3,2,3,3,3,2,3,3,3,3,3,2,2,3,2,1,3,3,2,2,2,2,2,3,3,3,2,2,3,3,2,2,2,3,2,3,2,3,2,2,2,1,3,1,2,3,2,3,3,2,2,3,3,2,3,3,3,2,3,3,3,3,2,2,2,3,3,3,3,2,2,2,2,3,3,3,3,3,2,3,2,2,2,3,2,2,2,3,2,2,3,2,3,3,2,2,3,3,2,2,2,2,2,3,2,3,3,3,2,2,2,2,2,3,3,0,2,2,2,2,2,3,2,1,3,2,3,2,3,2,2,2,3,3,2,3,3,2,3,3,2,2,3,2,2,3,2,2,2,3,3,2,3,3,3,2,3,3,2,3,2,3,2,2,3,2,2,2,2,2,3,2,2,3,3,2,3,3,2,2,2,3,3,2,3,3,2,3,3,3,2,2,2,2,3,2,3,3,3,2,2,2,3,3,3,3,2,2,3,2,2,2,3,2,3,3,3,3,2,3,3,1,3,3,3,3,2,3,2,3,3,3,2,3,3,3,3,2,3,2,2,3,2,3,3,2,3,2,3,3,3,3,2,2,3,3,3,2,3,3,2,2,2,2,3,2,3,3,3,3,3,2,3,3,3,2,3,2,3,3,3,3,3,2,3,3,2,3,3,3,2,3,3,3,3,2,3,2,3,3,3,3,3,3,3,3,3,3,3,3,2,3,3,3,3,2,3,3,2,2,2,3,3,2,2,2,3,3,2,2,2,3,3,3,2,3,3,3,3,3,3,3,3,3,3,3,3,3,3,3,2,3,3,3,3,3,2,3,2,3,3,2,2,3,3,2,3,3,2,2,3,4,4,3,2,3,2,2,2,2,3,2,2,2,2,3,3,2,2,3,2,1,3,3,3,2,3,2,2,3,3,2,3,3,3,3,,2,3,3,2,3,3,3,3,2,2,3,3,3,4.0,3,3,2,2,3,3,3,2,3,2,2,4,3,3,2,3,2,2,3,3,3,2,3,3,3,3,3,3,2,2,2,3,3,3,2,2,3,3,3,3,2,3,2,3,3,3,0,3,3,2,3,2,3,3,2,3,2,2,3,2,,2,3,3,3,3,3,2,3,2,3,3,2,3,3,3,3,3,3,3,2,3,2,3,3,3,3,2,3,0,3,3,3,3,3,3,3,,3,2,3,3,3,3,3,3,3,3,2,2,3,3,3,3,,3,3,3,,3,2,2,3,3,3,2,3,3,2,3,,3,3,2,3,3,2,3,,3,4,,3,3,3,3,2,2,3,3,2,3,4,3,3,3,3,,2,3,3,,3,3,3,4,3,4,,3,,3,3,3,3,3,3,3,3,4,3,2,3,,3,3,2,3,3,,,2,2,3,0,3,2,3,,3,3,3,,3,4,4,3,3,4.0,3,4,3,3,3,3,,4,3,4,3,2,3,3,4,3,3,3,,3,,3,1,2,2,0,3,3,3,3,3,,3,3,3,3,3,3,3,3,3,3,3,3,3,3,3,3,4,3,,3,3,3,3,3,4,3,2,3,3,,3,3,3,2,,2,4,3,3,4,,,,3,3,3,3,3,3,,3,,,,3,3,4,4,,4,3,3,,3,3,,,3,,3,,0,4,,3,3,3,3,3,3,3,3,3,3,3,3,3,3,2,2,4,3,3,3,2,4,2,3,2,3,,3,3,,3,3,,,3,3,,3,0,,4,3,3,4,3,4,4,3,,3,3,3,3,3,3,,3,3,2,3,,2,3,0.0,,,,3,3,3,4,4,3,,3,3,3,,,3,3,,2,3.0,3,3,,3,3,3,,3,,4,3,4,,3,3,,4,,3,,,4,,3,3,3,3,3,,3,3,3,3,4.0,,3,3,3,4,3,3,4,3,3,3,3,4.0,4,3,3,2,3,3,3,2,3,,4,3,,4,,,4,,3,,3,2,3,3,3,3,3,3,3,4,,,,5,2,3,,3,3,4,4,3,3,4,,3,,3,3,3,3,3,3,,3,3,,3,3,3,0,3,3,,,,,,3,,,3,3,,,,2,2,0.021889400921658985
2,2,1,1,1,1,1,2,2,2,2,2,2,1,2,2,2,2,2,2,2,2,3,2,2,2,2,1,2,1,1,2,2,2,2,2,2,2,2,1,2,1,2,3,2,1,1,2,2,2,2,1,2,2,2,1,2,1,0,1,2,2,1,1,1,1,2,2,2,2,2,2,3,2,2,2,2,2,2,2,2,1,1,1,1,2,1,1,2,2,2,2,2,1,2,1,2,2,2,2,2,2,2,2,2,1,2,1,2,2,2,2,2,2,2,2,2,2,2,2,2,1,2,2,2,2,2,2,1,2,2,2,1,2,2,2,2,2,1,1,1,2,1,2,2,1,2,2,2,2,2,2,2,2,1,1,2,2,2,2,1,2,2,2,2,2,1,1,2,2,2,2,2,2,1,2,2,2,2,2,2,2,2,2,2,2,2,2,2,2,1,2,1,0,1,1,1,0,1,1,2,1,2,2,2,1,0,1,1,2,1,1,1,2,2,1,2,2,2,2,2,2,2,2,2,2,2,2,2,2,2,2,1,2,1,2,2,2,2,2,2,2,2,1,1,2,2,3,2,2,2,2,1,2,1,2,1,2,2,2,2,2,2,2,2,2,0,2,2,0,2,2,1,2,2,2,3,2,2,2,1,1,1,1,2,1,2,2,1,3,2,2,1,2,2,2,2,2,2,2,2,2,2,1,2,1,2,2,2,2,2,2,2,3,2,3,2,2,2,2,2,2,2,2,2,2,2,2,2,2,3,2,3,1,2,2,2,2,2,2,2,3,2,2,3,2,1,2,3,2,2,2,2,2,2,2,2,2,2,2,2,2,2,2,2,2,1,2,2,2,2,1,2,1,2,2,2,2,2,2,2,2,3,3,3,2,3,2,2,2,2,2,2,2,2,2,3,2,3,2,2,2,2,3,1,2,2,2,1,0,2,1,1,2,3,3,3,2,2,2,1,2,1,2,1,2,1,2,1,2,2,2,2,2,1,2,3,2,2,3,1,2,2,2,2,2,2,1,1,,2,3,2,2,2,2,2,1,2,2,2,2,2,,2,2,2,2,2,2,2,2,3,2,1,3,2,3,2,3,2,1,2,2,2,2,2,2,3,2,2,3,2,2,1,2,2,2,1,2,2,2,3,3,2,3,2,3,2,2,2,2,2,2,2,1,2,2,2,3,2,2,3,2,,2,2,2,2,2,3,2,2,1,2,3,2,2,3,2,2,2,2,2,2,2,1,2,2,2,2,2,2,2,2,1,2,2,3,2,2,,2,2,2,3,3,3,2,2,3,2,2,2,2,2,2,2,,2,2,2,,2,3,2,2,2,2,2,2,2,1,2,,2,2,2,2,3,1,2,,2,4,,2,2,2,2,2,2,2,3,1,3,2,2,2,2,2,,2,2,2,,2,3,3,3,3,3,,2,,3,2,2,2,2,2,2,2,3,2,2,2,,2,3,2,2,3,2.0,,2,2,2,2,2,2,2,,2,2,3,,3,2,2,3,2,,2,3,2,1,3,2,,3,2,3,0,3,2,3,3,2,3,3,,3,,2,2,2,2,3,2,3,3,2,3,2.0,2,2,2,2,2,3,3,3,3,2,2,2,3,2,2,2,2,2,,2,2,2,3,2,3,3,2,2,2,,2,2,3,2,4.0,2,0,2,3,3,4.0,3.0,,2,2,3,2,2,2,,2,,,,1,2,3,3,,3,3,2,,2,2,4.0,,2,,3,,3,3,,3,3,2,2,2,3,1,2,3,3,2,2,2,2,1,2,3,2,3,3,2,2,1,3,2,3,,3,1,,2,3,,,1,2,,2,3,,3,3,2,3,3,4,3,1,,2,3,2,2,3,2,,2,2,2,2,,1,3,,,,2.0,2,3,3,3,3,3,,3,3,3,,,2,3,,2,,2,2,,3,2,3,,3,,3,2,3,,3,2,,3,,2,,5.0,3,,3,2,3,1,2,,3,3,3,2,,,1,1,3,3,2,2,3,2,2,2,2,,2,2,2,2,2,3,3,2,2,,2,2,,3,,,3,,3,,2,1,3,3,2,2,2,2,3,3,,3.0,,4,2,2,,3,3,3,3,2,2,4,5.0,2,,2,3,3,3,2,2,,3,3,,3,3,3,3,0,2,,,5.0,,,3,,,2,1,,,,3,2,0.03121387283236994
2,2,2,2,2,1,2,2,2,2,2,2,2,2,2,2,2,1,2,2,2,2,2,2,2,2,2,2,1,2,2,2,2,2,2,2,2,2,1,2,2,2,2,3,2,2,2,2,2,2,2,2,2,2,2,2,2,2,1,2,2,2,1,2,2,2,2,2,2,2,2,2,2,2,2,2,2,2,2,2,2,2,1,1,2,2,1,1,2,2,2,2,2,2,2,2,2,2,2,2,2,2,2,2,2,1,1,1,2,2,2,3,3,2,1,0,2,2,2,3,2,1,2,2,2,2,2,2,2,2,2,2,2,2,2,1,2,2,2,2,2,2,1,2,2,2,2,1,2,2,2,2,1,1,0,1,2,2,2,2,1,2,2,1,2,2,2,2,2,2,2,2,2,1,2,2,2,2,3,1,2,2,2,2,1,2,2,2,2,2,2,2,2,2,2,2,2,2,2,2,2,2,3,2,2,2,2,2,2,2,2,2,2,2,2,1,2,2,2,2,2,2,2,2,2,2,2,2,2,2,2,2,1,2,2,2,2,2,2,3,2,2,2,2,2,2,3,3,2,1,2,2,1,2,2,2,1,3,2,2,3,2,0,2,2,2,2,3,2,2,2,2,2,2,2,2,2,2,2,2,2,2,1,1,2,2,2,2,2,3,2,2,2,3,2,1,2,2,2,2,2,1,2,2,2,2,2,2,2,2,2,2,2,2,2,3,2,2,2,2,2,0,2,2,2,2,2,2,2,2,3,2,3,1,3,2,2,2,2,2,2,2,2,2,2,2,2,2,3,1,2,2,2,2,3,2,2,2,2,2,2,2,2,1,2,2,2,1,2,2,2,2,2,2,2,2,1,1,2,2,2,2,2,2,1,2,2,1,2,2,2,2,1,1,2,2,2,2,2,3,2,2,2,2,1,2,2,3,2,2,2,1,2,2,2,2,2,2,2,2,2,2,1,2,1,2,2,2,2,2,2,2,3,2,1,2,3,2,2,3,2,2,2,1,2,2,2,3,2,,2,3,1,2,2,2,3,2,2,2,1,3,2,,2,2,2,2,2,2,2,2,3,2,1,3,3,3,2,3,2,2,2,2,2,2,2,3,3,2,2,2,1,1,2,2,2,3,2,2,3,2,2,3,2,2,2,3,2,2,2,2,2,1,2,2,2,2,2,2,2,2,3,2,,2,2,2,2,2,2,2,2,1,3,3,2,2,3,3,2,2,3,2,2,2,1,2,2,2,2,2,2,3,2,3,3,2,3,2,2,,2,2,3,3,2,3,2,2,0,2,2,2,3,2,2,2,,2,2,2,4.0,3,2,2,3,2,2,2,2,2,2,2,,2,0,3,3,3,2,2,,2,4,,2,2,2,2,2,2,3,3,2,3,3,2,3,3,2,,3,3,3,,2,3,3,3,3,3,,3,,3,3,3,2,2,2,2,2,3,3,2,2,,2,2,2,2,2,,,2,2,2,2,2,2,2,,3,2,2,,3,3,3,2,2,3.0,2,3,3,2,2,2,,3,2,3,2,3,2,3,1,2,3,2,,2,,2,3,2,2,3,2,3,3,2,3,,0,3,2,3,3,2,2,3,2,2,3,2,3,2,3,3,3,0,,2,2,2,2,3,3,2,2,2,2,,3,2,2,2,,2,3,2,3,3,,,,3,2,3,2,2,2,,2,,,,2,2,2,3,,3,2,2,,3,3,,1.0,3,3.0,3,0.0,3,3,,3,3,2,3,3,3,2,2,3,3,2,2,1,2,2,3,2,3,2,3,2,3,1,2,2,2,,3,2,,2,3,3.0,,2,2,,3,4,,3,2,2,3,3,4,3,2,,2,3,2,3,3,3,,2,2,2,2,,2,2,,,,,2,3,3,3,2,3,,2,3,3,,,2,3,,2,,3,3,,3,3,3,,3,,3,2,3,,2,2,,3,,2,,,3,,3,2,2,3,2,,3,3,3,2,,,3,2,2,3,3,3,3,3,2,3,3,,3,3,2,1,3,3,3,2,3,,3,3,,3,,4.0,3,,2,3.0,2,2,3,3,2,2,3,3,3,3,,,,4,2,3,,3,3,3,0,2,1,4,,2,,2,3,3,3,2,2,,2,2,,3,2,3,3,3,3,,,,,,3,,,3,3,,,,4,2,0.023014959723820484
2,2,2,2,2,2,2,2,2,3,1,1,2,2,2,2,2,2,2,2,2,2,3,2,2,1,2,1,1,1,1,2,2,2,2,2,2,2,2,2,2,2,1,3,1,2,2,2,2,3,3,2,2,2,2,2,2,2,2,2,2,2,1,2,1,1,2,3,2,2,2,3,3,2,2,3,2,2,2,2,2,2,2,2,2,2,2,1,2,2,2,2,2,1,2,2,2,3,2,2,2,2,2,2,2,2,1,1,2,3,3,3,3,1,1,2,2,2,2,3,2,2,3,2,2,2,2,2,1,1,2,1,2,0,2,2,2,2,2,2,2,2,1,1,2,2,2,2,3,2,2,2,2,2,2,2,2,2,2,2,1,2,2,2,2,2,1,2,2,1,2,2,2,2,2,3,0,2,2,2,2,1,2,1,2,3,2,2,2,2,2,2,3,2,1,2,2,2,2,2,2,2,3,2,2,2,1,2,2,2,2,1,2,2,2,2,2,2,1,2,2,2,2,2,2,2,2,2,2,2,2,2,1,2,2,3,2,2,2,3,2,3,2,2,2,2,3,3,2,2,2,2,2,2,2,2,2,2,2,3,2,2,2,2,2,2,2,3,2,2,2,2,3,3,2,2,3,2,2,2,2,2,1,1,2,2,2,2,2,3,2,2,1,2,2,2,2,3,2,3,0,2,2,1,2,2,2,1,2,2,2,2,2,3,2,3,2,2,2,2,2,2,3,2,2,2,2,2,3,2,3,2,3,1,3,3,2,1,2,2,1,3,2,2,3,3,2,2,3,2,3,2,2,2,3,2,2,2,2,2,2,2,2,2,2,2,2,1,2,2,2,2,2,2,2,2,2,2,2,2,2,2,3,3,3,2,3,2,2,2,2,3,2,2,2,2,3,2,3,2,2,2,2,2,2,1,2,2,2,2,2,2,2,2,3,4,3,1,2,1,2,2,2,2,2,2,2,2,2,2,2,2,3,3,2,2,3,2,2,3,2,2,2,2,2,1,2,3,2,,1,3,2,2,2,2,2,2,2,2,2,3,2,,2,3,2,2,2,2,3,2,3,2,2,3,3,3,2,3,2,2,2,2,2,2,2,3,3,2,2,3,2,2,2,2,2,2,2,2,3,2,2,3,2,3,2,3,2,2,3,2,3,2,3,2,3,3,2,2,2,2,3,2,,2,2,2,3,2,3,1,2,2,3,2,3,2,3,2,3,2,2,2,2,1,2,2,2,2,2,2,2,3,2,2,2,2,3,2,2,,2,2,2,3,3,3,2,2,3,2,2,2,3,2,2,2,,3,2,2,,3,2,2,3,0,2,2,2,3,2,3,,2,2,3,3,1,2,2,5.0,2,4,,2,2,2,2,2,2,3,3,2,3,3,3,3,3,2,,2,3,3,,2,3,3,0,3,3,,3,,3,2,3,2,2,2,3,2,3,2,3,3,,3,2,2,2,3,,,2,2,3,2,2,2,2,5.0,3,2,2,,3,3,3,3,3,,2,3,0,2,2,2,,3,2,3,2,3,2,2,3,2,2,3,,3,,2,3,3,2,3,3,3,3,2,3,,2,3,3,3,2,2,3,3,2,2,3,3,3,2,3,2,3,2,,2,3,3,3,3,4,3,2,2,3,,2,2,3,2,0.0,2,3,2,3,3,,,,2,3,3,3,3,2,0.0,2,,,,2,2,3,3,,3,3,3,,3,2,,3.0,2,,3,,3,4,,3,3,2,3,3,3,3,2,3,3,2,2,3,2,2,2,3,2,3,3,2,3,2,3,2,3,,4,2,,2,3,,,2,2,,3,3,,3,3,2,3,3,4,3,2,,2,0,3,3,3,3,,3,3,2,2,,2,2,,,,,3,3,3,3,3,2,,2,3,3,,,2,3,,2,4.0,2,2,,3,3,3,,2,,3,2,3,,2,1,5.0,3,,2,,,3,5.0,3,3,3,2,2,,3,3,2,2,,,2,2,2,3,3,2,4,2,2,3,3,,3,3,3,2,3,3,3,2,3,3.0,3,2,,3,,,3,,3,,2,2,3,3,2,0,3,2,3,3,,,,4,2,3,,3,3,4,3,3,2,3,,2,,2,3,3,3,2,2,,2,2,,3,3,3,3,2,3,,,,5.0,,3,5.0,,2,3,,,,5,2,0.019428571428571427
2,1,1,2,1,1,1,2,2,2,2,2,2,2,2,2,2,0,1,2,2,2,3,2,2,2,2,2,2,2,2,2,2,3,2,2,2,3,2,3,2,1,2,2,1,2,2,2,2,3,2,2,2,2,1,0,2,2,1,1,2,2,2,1,2,1,2,2,2,2,2,2,3,2,1,3,3,2,2,2,2,2,2,2,2,2,1,2,2,2,2,2,2,2,2,2,2,2,2,2,2,2,2,2,2,2,2,1,2,3,3,3,3,2,2,1,2,2,3,3,1,1,3,2,2,2,2,2,2,2,2,2,2,2,2,2,2,2,2,2,2,2,2,2,2,2,2,2,2,2,2,2,2,2,2,2,2,2,2,2,1,2,1,2,2,2,1,2,2,2,2,2,2,2,2,2,2,1,2,2,2,2,2,2,2,3,2,2,2,2,2,2,2,1,1,2,2,2,2,2,2,2,3,2,2,2,2,2,2,2,2,2,2,2,2,2,2,2,1,1,2,2,1,2,2,2,1,2,2,2,2,2,0,1,2,2,2,2,2,2,2,2,2,2,2,2,2,2,1,2,2,2,1,2,2,1,2,2,2,2,2,2,2,2,1,2,2,2,2,2,2,2,2,2,2,2,3,2,2,2,1,2,2,2,2,2,2,2,2,3,2,2,2,2,2,2,2,1,2,2,2,2,2,2,2,2,2,1,2,2,2,2,1,2,2,2,2,2,2,2,2,2,3,2,2,2,2,2,3,2,2,2,2,2,3,3,2,2,2,2,2,2,2,2,3,2,2,2,3,2,3,2,2,2,3,2,2,2,1,2,2,2,2,2,3,2,2,2,2,2,2,2,2,2,2,2,2,2,3,2,2,2,3,3,3,3,3,2,2,2,2,2,3,2,3,2,3,2,3,2,2,2,3,2,2,2,2,2,2,2,2,2,1,2,3,4,3,2,2,2,2,2,2,2,2,2,1,2,2,2,2,2,0,2,2,2,3,2,2,3,2,2,3,2,2,2,2,2,2,,2,3,2,2,2,2,3,2,2,2,2,3,2,,2,3,2,2,2,3,2,2,3,1,2,3,3,3,2,3,2,2,2,2,2,2,2,2,2,2,2,3,2,1,2,2,2,3,1,2,2,2,2,2,2,2,2,3,2,2,2,3,2,2,3,2,2,2,2,2,2,3,3,2,,2,1,2,2,2,2,2,2,1,3,3,2,2,3,3,2,2,3,2,2,2,1,3,2,2,2,2,2,3,3,3,2,2,3,2,2,,2,2,2,3,2,3,2,2,2,2,2,2,0,2,2,3,4.0,3,2,2,,3,3,2,2,3,2,2,2,3,2,3,,3,2,3,2,2,2,2,,3,4,,2,2,3,2,2,2,3,3,2,2,3,3,2,3,2,,3,3,2,,2,3,3,3,3,3,,2,,0,2,3,3,2,2,2,2,3,3,3,2,,2,3,1,2,3,,,2,2,2,2,2,2,2,4.0,3,2,2,,3,3,3,3,2,5.0,2,3,3,2,3,2,,3,2,3,3,2,2,0,3,2,2,2,,3,,3,2,2,2,3,2,2,3,2,3,,3,2,3,2,3,3,2,3,3,2,3,3,2,2,3,2,3,2,,2,3,2,3,2,3,3,2,2,3,,2,2,2,2,,2,4,3,3,3,,,,3,2,3,2,3,3,,3,,,,2,2,2,3,,3,3,2,,3,2,,,2,,2,,3,4,,3,3,2,3,3,3,0,2,0,3,2,2,3,3,2,2,2,2,3,3,2,3,2,3,2,2,,3,2,,2,3,,,2,2,,2,3,,3,3,2,3,3,4,3,2,,3,3,2,3,3,3,,2,2,2,2,,2,3,,,,,2,3,3,3,3,3,,1,3,3,,,2,3,4.0,2,,2,3,4.0,3,2,3,,3,,3,2,3,,3,2,,3,,2,,3.0,3,,2,2,3,3,2,,2,3,2,3,,,3,2,3,3,2,2,3,3,3,3,3,,3,3,3,2,3,3,3,2,3,,3,3,5.0,3,4.0,,3,,3,,2,1,3,3,3,2,3,0,3,3,,,,4,2,3,3.0,3,2,3,3,3,1,3,3.0,3,4.0,3,3,3,3,3,3,,3,3,,3,3,3,3,2,3,,,,,,3,,,2,2,,4.0,,6,2,0.022909507445589918
2,2,2,2,2,1,1,2,2,3,2,1,2,1,2,2,2,2,2,2,2,2,2,1,0,0,1,1,1,1,1,2,1,1,1,1,1,1,1,2,1,1,2,3,2,2,2,2,2,2,2,1,2,2,2,2,2,2,2,2,2,2,1,1,1,1,2,2,2,2,2,2,3,2,2,2,2,2,2,2,2,2,1,1,1,2,1,2,2,2,2,2,2,1,2,2,1,2,2,2,2,2,2,2,2,1,2,1,2,2,2,3,2,0,1,2,2,2,2,2,2,1,2,2,2,2,2,2,1,1,2,2,2,1,2,2,2,1,2,2,2,2,1,2,2,2,2,2,2,2,2,1,2,2,2,1,2,2,2,2,1,2,2,2,2,1,1,2,1,1,2,2,1,2,1,2,1,2,2,2,2,2,3,1,2,3,2,2,2,2,2,2,2,2,2,2,2,2,2,2,2,2,3,2,0,2,2,2,2,1,2,2,2,2,2,2,2,2,2,2,2,2,2,2,2,2,2,2,2,2,2,2,1,1,2,2,2,0,2,2,2,2,2,2,2,2,3,3,2,2,2,2,1,2,1,2,2,2,2,2,3,2,2,2,2,2,2,3,2,2,0,2,2,2,2,2,2,2,2,2,1,2,1,2,2,0,1,2,2,3,2,2,2,3,2,2,2,2,2,2,2,1,2,2,2,2,2,2,2,2,2,2,2,3,2,3,2,2,2,2,2,2,2,2,2,2,2,2,2,2,2,2,3,1,3,3,2,2,2,1,2,3,2,2,3,2,2,2,3,2,2,2,2,2,3,2,2,2,2,2,2,1,2,2,2,2,1,1,2,2,1,2,2,2,2,2,2,2,3,2,2,2,3,3,3,2,3,2,2,2,2,3,2,2,2,2,3,2,3,2,2,2,3,2,2,2,2,2,2,2,2,1,2,2,3,4,3,2,2,1,2,2,2,2,1,2,1,2,2,2,2,2,2,2,1,2,3,2,1,3,2,0,2,2,2,2,2,2,2,,2,3,2,2,2,1,3,2,2,2,2,2,2,4.0,2,2,2,2,2,2,2,2,3,1,2,3,3,3,2,3,2,2,2,2,2,2,1,3,3,2,2,3,2,2,1,2,2,2,2,2,3,2,2,3,2,3,2,3,2,2,2,2,2,2,3,2,2,2,2,3,1,2,3,2,,2,2,2,2,2,2,2,2,1,3,3,2,2,3,2,2,2,2,2,2,1,2,1,2,2,2,2,2,2,2,2,2,2,3,2,2,3.0,2,2,2,3,2,3,2,2,3,2,2,2,2,2,2,2,,2,2,2,,3,2,2,1,1,2,2,2,2,2,2,,2,2,2,2,2,2,2,,2,4,,2,2,2,2,2,2,3,3,2,3,3,3,2,3,2,,2,2,2,,2,3,3,3,3,3,,2,,2,3,2,2,2,2,3,2,3,3,2,2,,2,2,1,2,3,,,2,2,2,2,2,2,2,,3,2,3,,3,3,3,3,2,3.0,2,3,2,2,2,2,,3,2,3,2,3,2,3,3,2,2,2,,2,,2,2,2,2,3,3,3,3,2,3,,2,2,2,2,2,2,3,3,2,2,2,2,2,2,3,2,3,2,,2,2,2,3,3,3,3,2,2,3,4.0,2,2,2,2,,2,3,2,3,3,,3.0,,2,3,3,2,3,2,3.0,2,,,,2,2,3,3,,3,3,2,,2,2,,,2,,3,,3,4,,3,3,2,3,3,2,2,2,3,3,3,2,2,2,1,2,3,2,2,3,2,3,2,3,2,3,,4,2,,2,3,,,2,2,,2,3,,3,3,2,3,3,4,2,2,,2,3,2,3,3,3,,2,2,2,2,,2,2,,,,,3,2,2,3,3,3,,3,3,3,,,0,2,,2,,2,2,,3,2,3,,3,,3,2,3,,2,2,,3,,2,,,3,,3,2,3,2,2,,3,3,3,2,,,2,2,2,3,2,2,4,2,1,2,3,,3,3,2,1,3,3,3,2,3,5.0,3,2,0.0,3,,,3,,3,,1,2,3,2,2,3,3,2,3,3,,,,4,2,2,,3,3,3,3,2,2,4,,3,,2,3,2,3,2,2,,2,3,,3,2,2,3,2,2,,,,,,2,,,2,3,,,,7,2,0.02066590126291619
2,2,1,1,1,2,1,3,2,3,2,3,2,1,2,2,2,2,2,2,2,2,2,2,2,2,2,2,2,2,1,2,2,2,3,2,2,2,2,2,2,2,3,3,2,2,2,2,2,3,3,2,2,2,2,2,2,2,2,2,2,2,1,1,2,2,2,3,2,2,3,3,3,3,2,3,3,1,0,2,2,2,1,2,2,3,2,2,2,2,2,3,2,1,3,2,2,3,2,2,3,3,2,2,2,2,2,2,2,2,3,3,3,2,1,2,2,2,2,3,3,1,3,2,3,2,2,2,2,2,2,2,2,2,2,2,2,1,2,2,2,2,2,2,3,2,2,2,3,2,2,2,2,2,2,2,2,2,2,2,1,2,2,2,2,2,2,3,2,2,2,2,2,2,2,2,3,2,3,2,2,2,2,2,2,3,2,2,2,2,2,2,2,2,2,2,3,2,3,2,3,2,3,2,2,2,2,2,2,2,2,1,2,3,2,2,2,2,2,2,3,2,2,2,3,3,2,3,2,2,2,3,2,2,2,2,2,2,2,2,2,3,2,2,2,2,3,3,3,2,2,2,1,2,2,2,2,3,2,3,3,2,2,2,3,3,3,3,3,2,3,2,2,2,3,2,3,3,2,2,2,1,2,2,2,1,0,2,2,3,2,3,2,3,3,2,2,3,2,3,2,2,2,1,2,2,2,2,2,3,2,3,2,3,2,3,2,3,2,3,2,1,3,2,2,2,2,2,3,2,3,3,3,2,3,3,2,2,2,2,2,3,2,2,3,2,2,3,3,2,3,2,2,2,3,2,2,2,3,3,3,2,2,2,3,2,1,2,0,2,3,2,2,2,3,2,2,2,2,2,2,2,3,3,3,2,3,2,2,2,2,2,2,2,2,2,3,1,3,3,3,2,3,3,2,2,3,3,1,2,2,2,2,2,4,4,3,2,2,2,2,3,3,2,2,2,2,2,3,2,2,2,3,3,2,3,3,2,2,3,2,2,3,2,2,2,2,2,2,,2,3,3,2,2,2,3,2,2,3,3,3,2,,2,3,2,2,2,3,3,3,3,2,2,3,3,3,2,3,2,2,2,2,2,3,2,3,3,2,2,3,2,2,2,2,3,2,2,3,3,3,3,3,3,3,2,3,2,2,3,3,2,2,3,2,2,2,2,3,1,2,3,3,5.0,3,2,2,3,3,3,2,2,2,3,3,3,2,3,2,2,2,3,2,2,2,2,3,2,2,2,2,2,3,3,3,3,2,3,3,2,,2,2,2,3,3,3,2,3,3,0,3,3,3,3,2,3,,2,2,2,,3,3,2,2,2,3,2,2,2,3,2,,3,3,3,2,3,2,3,,3,4,,3,3,0,2,2,2,3,4,2,3,3,3,3,3,3,,3,3,2,,3,3,3,0,3,3,,1,,3,3,3,3,2,2,3,3,3,3,2,3,,2,3,2,2,3,,,2,2,2,3,2,2,2,,3,3,3,,3,3,3,3,2,,2,3,2,2,3,3,,4,2,4,2,3,3,3,3,2,3,3,,3,,3,3,3,2,3,3,3,3,2,3,,2,2,2,3,0,3,3,3,3,2,3,3,3,2,3,3,3,2,,2,3,2,3,3,3,3,2,2,3,,2,2,3,2,3.0,3,4,3,4,3,,,5.0,2,3,3,2,3,3,,3,,,,3,3,3,3,,3,3,3,5.0,3,3,,,3,,3,3.0,3,4,,3,3,3,3,3,3,2,3,3,3,2,2,2,2,2,3,3,2,3,3,2,3,2,0,3,3,,3,2,3.0,2,3,,,2,3,,3,4,,4,3,2,2,3,4,3,2,,3,3,2,3,3,3,,2,3,2,3,,2,3,,,,,2,3,3,3,3,3,,3,3,3,3.0,,2,3,,2,,3,3,,3,2,3,4.0,3,,3,2,3,,3,2,,3,,3,,,3,0.0,3,3,3,3,3,,3,3,3,3,,,3,3,3,4,2,3,4,2,3,3,3,0.0,3,3,3,2,3,3,3,3,3,,4,3,4.0,4,,,3,5.0,3,,2,2,3,3,3,3,3,3,3,3,,,,4,2,3,,3,3,4,3,3,2,4,,3,,3,3,3,3,3,3,,3,3,,3,3,3,4,2,3,,,,,,3,,3.0,3,2,,,,8,2,0.024054982817869417
2,2,0,1,2,2,1,2,2,3,2,2,2,2,2,2,2,2,2,2,2,2,3,2,2,2,3,2,2,3,2,2,3,3,3,2,2,2,3,2,3,2,2,3,2,2,2,2,2,2,2,2,2,2,2,2,2,1,1,2,2,2,2,2,1,2,2,2,2,2,2,2,3,2,2,2,2,2,2,2,2,2,1,2,1,2,1,2,2,1,2,2,2,2,2,2,1,3,2,2,2,2,2,2,2,2,2,1,2,3,3,3,2,2,2,2,2,2,2,2,2,2,2,2,2,2,2,2,2,2,2,2,2,2,2,2,2,2,2,2,2,1,2,2,2,2,1,2,2,2,2,2,2,2,2,2,2,1,2,2,1,2,1,2,2,2,1,3,2,2,2,2,2,2,2,2,2,1,2,2,1,2,2,2,1,3,2,2,2,2,2,1,1,2,2,2,2,2,3,2,2,2,3,2,2,2,2,2,2,1,2,1,2,2,2,2,2,2,2,3,3,2,2,2,2,2,2,2,2,2,2,2,2,2,2,2,2,2,1,2,2,2,2,2,2,2,2,3,2,2,2,2,1,2,2,2,2,3,2,2,3,2,2,2,2,2,3,3,2,2,2,2,2,2,2,2,3,2,2,2,2,2,2,1,2,2,2,2,2,3,2,3,2,2,3,2,2,2,1,2,2,2,2,2,2,2,2,3,2,2,2,2,2,3,2,3,2,2,2,2,2,2,3,2,3,2,2,2,2,2,3,2,2,1,3,3,2,2,2,2,2,3,2,2,0,2,2,2,2,2,2,2,2,2,3,2,2,2,3,2,1,2,2,2,3,2,2,2,2,2,2,2,2,2,3,2,2,2,2,2,2,2,3,3,3,2,3,2,2,2,2,3,2,2,2,2,3,2,3,2,2,2,3,3,2,1,3,2,2,2,2,2,2,2,3,4,3,2,2,2,2,2,2,2,2,2,2,2,2,2,2,2,2,2,2,3,3,2,2,3,2,2,2,2,2,2,2,3,2,,2,0,2,2,2,2,2,2,2,2,2,3,2,,2,3,2,2,2,2,2,2,3,2,2,3,3,3,2,3,1,2,2,3,2,2,2,2,3,2,2,3,2,2,1,2,2,3,2,2,3,3,3,3,2,3,2,3,2,2,2,2,2,2,3,2,2,2,2,2,2,3,3,1,,2,2,2,2,2,3,2,2,2,3,3,2,2,3,2,2,2,3,2,2,3,2,3,2,0,2,2,2,2,3,2,3,3,2,2,2,,2,2,2,3,2,3,2,2,3,2,2,2,3,3,2,2,,3,3,2,,3,3,2,2,3,2,2,2,3,2,2,,3,2,2,2,3,0,2,4.0,2,4,,3,3,3,2,2,1,3,3,2,3,3,3,2,3,2,,2,3,3,,2,3,3,3,3,3,3.0,2,,3,2,3,3,2,2,3,2,3,3,2,3,,3,3,2,3,2,,,2,2,2,2,2,2,2,,3,2,2,,3,3,3,2,3,,2,3,2,1,3,2,,4,2,3,2,3,2,3,3,2,2,3,,3,,3,2,3,2,3,2,3,3,2,3,,3,3,2,3,3,3,3,3,2,2,3,3,2,2,3,2,3,2,,2,3,2,3,3,3,3,1,2,3,,3,2,3,2,,2,3,2,3,3,,,,3,3,3,3,3,3,,3,0.0,,,3,3,2,2,,3,3,3,,3,2,,,3,,3,,3,0,,3,3,2,3,3,3,2,3,3,3,2,2,3,3,1,2,2,2,3,3,2,3,2,3,2,3,,4,2,,2,0,,,2,3,,3,0,,3,3,2,3,2,4,3,1,,2,3,2,3,2,3,,2,2,2,2,,1,3,,,,,2,3,3,3,3,3,3.0,3,3,3,,,2,3,,2,3.0,2,3,,3,1,3,,3,,3,2,3,,3,1,,3,,3,,,3,,3,2,2,3,3,,3,3,3,3,,,3,2,2,4,2,3,4,0,2,3,3,,3,3,3,2,3,3,3,3,3,,3,3,,4,,,3,,3,,2,2,2,3,3,3,3,3,3,3,,,,4,2,3,,3,3,3,3,3,2,3,,3,,2,3,3,3,3,3,,3,3,,3,3,3,3,2,2,,,,,3.0,3,,,3,2,,,,9,2,0.020713463751438434
2,2,2,2,2,2,2,1,1,2,2,1,2,2,2,2,2,2,2,1,2,2,2,2,3,2,3,2,2,2,2,2,2,2,3,2,2,2,2,2,2,2,2,2,1,2,2,2,2,3,3,2,3,2,3,2,3,2,2,3,3,2,2,2,2,2,2,2,1,2,2,3,3,2,2,3,3,2,2,2,2,2,2,2,2,2,1,2,2,2,2,2,2,2,2,2,2,3,2,3,2,3,3,2,2,1,2,2,2,3,2,3,2,2,2,2,2,2,2,3,3,1,3,3,3,2,3,2,2,2,2,2,2,2,3,2,3,2,2,3,2,1,1,2,2,2,2,2,3,3,2,2,2,2,2,1,3,3,2,2,1,1,2,2,2,2,2,3,2,2,2,2,2,2,2,3,3,2,3,2,2,2,3,1,2,3,2,2,2,2,2,2,3,3,2,2,3,2,3,2,3,2,3,2,2,2,2,2,2,2,2,2,1,2,3,2,2,2,2,3,2,2,2,0,3,2,2,3,2,2,2,3,2,2,2,2,1,2,2,3,0,2,2,2,2,2,2,2,2,2,3,2,2,2,2,2,2,3,2,3,3,2,2,2,2,2,1,2,2,2,2,2,2,3,2,2,3,3,2,3,2,2,2,2,2,2,2,2,2,3,2,2,2,1,3,2,2,3,2,2,2,2,2,2,3,2,2,3,2,2,2,3,3,3,2,3,2,3,2,2,2,2,3,2,2,2,2,2,2,2,3,2,1,2,3,3,2,2,2,3,2,3,2,2,3,2,2,2,3,3,3,2,3,2,3,2,2,2,1,1,2,2,2,2,3,2,2,2,2,3,3,2,2,2,2,2,2,2,3,3,3,3,3,3,3,3,3,3,3,3,3,3,3,2,3,2,3,2,3,3,2,2,3,3,2,2,1,1,2,1,2,2,2,2,4,4,3,2,2,2,2,1,2,2,2,2,2,2,2,2,1,2,3,3,2,2,3,3,2,3,2,2,3,3,3,2,3,2,2,,2,2,2,2,3,3,3,2,2,2,2,3,2,0.0,2,2,1,2,2,3,2,2,3,1,2,3,3,3,1,3,1,2,3,2,2,3,2,2,2,2,2,3,2,2,2,2,2,3,2,1,1,2,2,2,0,2,2,3,2,2,1,3,2,2,3,2,3,3,2,3,2,3,4,3,,0,2,3,3,1,2,2,3,1,3,3,2,2,3,3,2,2,3,2,2,2,2,3,2,1,2,2,2,3,3,2,3,3,2,2,2,,2,3,2,2,2,3,2,2,2,3,2,2,3,3,2,3,,3,2,2,,3,3,3,3,3,2,2,2,3,2,3,5.0,3,3,3,3,3,2,2,,3,4,,2,2,3,2,2,2,3,3,2,3,3,3,3,3,2,,3,2,3,,2,3,3,4,3,0,,3,4.0,3,2,3,3,2,2,3,3,4,3,3,2,,3,0,2,2,3,,,2,3,2,3,2,2,0,,3,2,2,,2,3,3,2,2,,2,3,3,3,3,3,,4,2,4,3,3,3,3,3,3,1,2,,3,,3,3,2,3,3,2,3,3,2,3,,3,3,2,2,3,3,3,2,3,2,3,3,2,3,3,3,3,2,,3,3,3,3,3,4,3,2,2,3,,3,3,3,2,,2,3,3,3,3,,,,3,1,3,2,3,3,,3,,,,2,3,2,3,,3,3,3,,3,2,,,3,,3,,3,4,,3,3,2,2,3,3,3,2,2,3,3,3,3,3,2,3,3,3,3,3,2,3,2,3,2,2,,4,3,,2,3,,,3,2,,3,4,,4,3,3,3,3,4,3,2,,3,3,2,3,3,3,,3,0,1,3,,2,3,,5.0,,,3,3,3,3,3,3,,3,3,3,,,2,3,,3,,3,3,,3,3,3,,3,0.0,3,2,3,,3,2,,3,,3,,,3,5.0,3,2,3,3,3,,3,2,2,3,5.0,,3,3,3,3,3,2,4,3,3,3,3,,3,3,3,2,3,3,3,3,3,,3,3,3.0,3,,,3,,3,,3,2,2,3,3,3,3,2,2,3,,,,4,2,3,4.0,3,1,3,3,3,2,3,,3,3.0,3,3,3,3,3,3,,3,3,,3,3,4,3,3,3,,,,,,4,,,3,3,,,,10,2,0.021788990825688075
2,1,2,2,1,2,2,2,2,2,1,2,1,1,1,2,2,2,1,1,1,1,2,1,2,0,2,1,1,1,1,2,2,2,2,1,1,2,2,2,2,2,2,3,1,2,1,2,2,2,2,2,2,2,2,2,2,2,2,2,0,1,1,2,2,2,2,2,2,2,2,2,2,2,1,2,3,1,2,2,2,2,1,2,1,2,1,2,2,2,2,2,2,1,2,2,2,3,2,2,2,2,2,1,0,1,2,1,2,2,2,3,2,2,2,2,2,2,2,2,2,0,2,2,2,2,2,2,2,1,1,2,2,1,2,2,2,2,2,2,2,2,2,2,2,2,2,2,2,2,1,2,2,2,2,2,2,1,2,2,1,2,2,2,2,1,2,2,2,2,2,2,1,2,2,3,2,2,2,1,2,1,1,2,2,3,2,2,2,1,2,2,2,2,2,2,2,2,2,2,2,2,3,2,2,2,2,2,2,2,2,1,2,2,2,1,2,2,2,1,2,1,1,2,2,2,2,2,2,2,2,1,1,2,2,2,2,2,2,2,2,3,2,2,2,2,2,2,2,2,1,2,2,2,2,2,1,2,2,2,2,2,2,2,2,2,2,2,2,2,2,2,2,2,2,2,2,2,2,2,1,2,2,1,2,1,2,2,1,2,1,2,2,0,2,1,1,2,2,3,2,1,2,2,2,2,2,2,2,2,2,2,2,2,2,2,1,2,2,2,1,1,2,2,2,2,2,2,2,2,2,2,3,2,3,3,2,2,2,2,2,2,2,2,2,2,2,2,3,2,2,2,2,2,3,2,2,2,2,2,2,2,1,2,2,1,1,2,1,3,2,2,2,1,2,2,1,1,2,1,1,2,2,2,1,1,2,1,1,1,1,2,1,1,1,1,2,1,2,2,2,1,2,1,2,1,2,2,2,2,2,1,2,2,3,4,3,2,2,2,1,2,2,2,2,0,1,2,2,2,2,2,2,2,2,2,3,2,1,3,2,2,2,2,2,2,2,2,2,,2,3,2,2,2,2,3,2,2,1,1,2,2,,2,2,2,2,1,2,2,2,3,1,2,3,3,3,2,3,2,2,2,2,2,2,2,3,3,2,2,2,2,1,1,1,2,2,2,2,3,2,2,2,2,2,2,3,2,2,2,2,2,1,2,2,3,3,2,2,2,2,3,2,,2,1,3,2,2,2,2,2,1,3,2,2,0,3,2,2,2,2,1,2,2,2,2,2,2,2,2,2,2,2,2,2,2,2,2,2,,2,2,2,2,3,2,1,2,2,2,2,2,2,2,2,2,,2,2,2,,2,2,2,3,2,2,2,2,2,2,2,,2,2,2,3,2,2,2,,2,3,,2,2,3,2,2,2,2,3,2,2,3,3,3,2,2,,2,2,2,,2,2,3,4,3,2,,2,,3,2,3,3,2,2,2,3,3,2,1,1,,2,2,1,2,2,,,1,2,2,2,2,2,2,4.0,3,2,2,,2,3,3,3,2,,2,3,2,2,2,2,,3,2,2,2,2,2,2,3,2,3,2,,3,,2,0,2,2,3,2,2,3,1,2,,2,3,2,2,2,2,3,3,3,2,3,2,2,0,3,2,3,2,5.0,2,2,3,2,3,4,2,2,2,3,,3,2,2,2,,2,3,2,2,3,,,,2,2,3,2,3,2,,2,,,,2,2,3,3,,3,2,2,,2,2,,,2,3.0,2,,3,4,,2,2,2,3,3,2,3,3,3,3,3,2,2,2,2,2,3,3,2,2,2,3,2,3,2,2,,4,2,,2,3,,,2,2,,2,3,,3,3,2,2,3,3,2,2,,2,3,3,3,2,3,4.0,2,2,1,2,,2,2,3.0,,,,3,3,3,3,2,2,3.0,2,2,2,,,2,2,,2,,3,2,,2,3,3,,3,,3,2,0,,3,2,,3,,2,,4.0,3,,2,2,2,3,2,,2,3,2,2,,,3,2,3,3,3,2,4,3,3,3,3,,3,3,3,2,3,3,3,2,3,4.0,3,3,,3,,,3,3.0,2,,2,2,3,3,2,3,3,2,2,3,,,,4,2,2,,2,3,4,3,3,2,3,,3,,3,3,3,2,3,3,,3,3,3.0,3,2,3,3,2,3,,,,,3.0,3,,,2,3,,,,11,2,0.024110218140068886
2,2,2,0,2,1,1,1,2,2,2,1,1,2,2,2,2,2,2,1,2,2,3,2,2,2,3,2,2,2,2,2,2,3,2,2,2,3,3,2,2,2,2,2,2,2,2,2,2,2,2,1,2,2,2,2,2,2,1,2,2,2,1,2,2,1,2,2,2,2,2,2,3,2,2,3,2,2,2,2,2,1,1,1,1,2,2,2,2,1,2,2,2,2,2,2,2,2,2,2,2,0,1,2,2,1,2,1,2,2,3,3,2,2,1,2,2,2,2,3,2,2,2,2,1,2,2,2,1,1,2,1,2,1,2,2,2,2,2,2,2,1,2,2,2,2,2,2,2,2,2,2,2,1,2,2,2,2,2,2,1,2,2,1,2,2,1,2,2,2,2,2,2,2,2,2,2,2,2,2,1,2,3,1,2,2,2,2,2,2,2,2,2,2,2,2,2,2,2,2,2,1,2,2,2,2,2,2,2,2,2,1,2,2,2,2,2,2,2,2,2,2,2,2,2,2,2,2,2,2,2,0,1,2,2,2,2,2,2,3,2,2,2,2,2,2,2,0,2,1,2,2,2,2,2,2,1,2,2,2,3,2,2,2,2,2,2,2,2,2,2,2,1,2,2,2,3,2,2,2,1,2,2,1,2,2,2,2,2,2,2,2,2,2,2,2,2,3,2,2,1,2,2,1,2,2,2,2,2,2,2,3,2,3,2,3,2,3,2,2,2,2,2,1,2,2,2,2,3,2,3,2,2,2,2,2,2,2,2,2,2,3,2,2,2,2,2,1,3,2,2,2,2,2,2,2,1,2,1,2,2,2,0,2,3,2,2,2,2,2,3,1,2,2,2,2,2,2,2,2,2,2,3,3,3,2,3,3,2,2,2,3,3,2,2,2,3,2,3,2,2,2,2,2,1,1,2,2,2,2,2,1,2,2,4,4,3,2,2,2,2,1,0,2,2,2,2,2,2,2,2,2,2,2,1,2,3,2,2,3,2,1,2,2,2,2,2,2,2,,2,2,2,2,2,2,3,2,2,2,2,2,2,,2,2,1,2,2,2,3,2,3,1,2,3,3,3,2,3,2,2,2,2,2,2,2,2,2,2,2,3,2,2,2,2,2,3,1,2,2,2,2,2,2,2,1,3,2,2,2,2,3,2,3,2,2,2,1,2,2,3,3,2,,2,2,2,2,2,2,2,2,1,3,3,2,2,3,3,2,2,2,2,2,2,1,2,2,1,2,2,2,3,2,2,2,0,2,2,2,,2,2,2,3,0,3,2,1,1,2,2,2,2,2,2,2,,2,1,2,,3,2,2,2,3,2,3,2,2,2,2,,3,2,3,2,2,1,2,,2,4,,2,2,3,2,2,2,3,3,2,3,3,2,2,3,2,4.0,2,2,3,,2,3,3,3,3,3,,3,,3,2,3,2,2,2,2,2,3,2,2,2,,2,3,2,2,3,,,1,2,2,2,1,1,2,,3,2,2,,2,3,3,3,2,,2,3,2,2,3,2,,3,2,3,2,2,2,3,3,2,2,1,,3,,2,2,1,2,3,2,3,3,2,3,,2,3,3,2,3,3,2,3,3,2,2,2,2,2,3,2,3,2,,2,2,2,3,2,3,3,2,2,2,,2,2,3,2,,2,3,2,3,3,,,,3,2,3,2,2,2,,2,,,5.0,2,2,2,0,5.0,3,3,3,,3,2,,,2,,3,,3,3,,3,3,2,2,3,2,2,2,2,3,2,2,3,2,2,2,2,3,3,3,2,3,1,2,2,2,,3,2,,2,3,,,2,2,,2,3,,3,3,2,0,3,4,2,2,5.0,3,3,3,3,3,3,,2,2,2,2,4.0,2,3,,,,,3,3,3,3,3,3,,2,3,3,,,2,3,,2,3.0,2,3,,3,2,3,,2,,3,2,2,,3,2,,3,,2,,,3,,3,2,2,2,2,,3,3,2,3,,,2,2,2,3,2,2,3,2,2,3,3,,3,3,3,2,3,2,3,1,2,,3,3,,3,,5.0,3,,3,,2,2,2,3,3,2,2,2,2,3,,,,4,2,3,,3,3,3,3,2,1,3,,2,,2,3,3,3,3,2,5.0,3,3,,3,3,3,3,2,3,,,,5.0,,3,,5.0,2,2,,,4.0,12,2,0.027649769585253458
2,2,1,2,2,1,1,2,2,3,2,2,2,2,2,2,2,2,2,2,2,2,2,2,2,2,3,2,2,2,2,2,2,2,2,2,2,3,2,3,2,2,2,3,2,2,2,2,2,3,3,2,2,2,2,2,2,1,2,2,2,2,1,2,2,1,2,2,2,2,2,3,3,3,2,3,2,2,2,2,2,2,1,2,2,3,2,2,2,2,2,2,2,2,2,2,1,2,2,2,2,2,2,2,2,2,2,1,2,3,3,3,3,2,2,2,2,2,1,3,2,1,2,2,2,2,2,2,2,1,2,1,2,2,2,2,2,2,2,2,2,2,2,2,2,2,2,2,2,2,2,2,2,2,2,2,2,2,2,2,1,2,2,2,1,2,2,2,1,2,2,2,1,1,2,3,2,1,2,2,2,2,2,1,2,3,2,2,2,2,2,2,2,2,2,2,3,2,2,2,2,2,3,2,2,2,2,2,2,2,2,1,2,3,2,2,2,2,2,2,2,2,2,2,3,2,2,2,2,2,2,2,1,2,2,2,2,2,2,3,2,2,2,2,2,2,3,3,3,2,2,2,2,2,1,2,2,2,2,2,2,2,2,2,2,2,2,3,2,2,2,2,2,2,3,2,2,2,2,0,2,2,2,2,2,0,2,2,2,2,2,2,2,3,2,1,2,3,2,2,2,1,2,2,2,1,2,2,2,2,2,2,2,3,2,3,2,2,2,2,2,0,2,2,2,2,2,2,3,2,3,2,3,2,2,2,2,2,2,2,2,2,2,2,2,2,2,2,3,2,2,2,2,2,3,2,2,2,2,3,2,2,2,2,3,2,2,2,2,2,3,2,2,2,3,2,2,1,2,1,1,2,2,2,2,2,2,2,2,1,2,1,2,2,2,2,2,2,2,2,2,1,2,2,2,2,2,3,2,2,2,1,2,2,4,3,3,2,2,2,1,3,2,2,2,1,1,2,2,2,2,3,3,2,2,2,3,2,1,3,1,2,3,3,2,2,2,2,2,,2,3,2,2,2,2,3,1,1,2,2,2,2,,2,3,2,2,2,2,2,2,3,2,2,3,3,3,2,3,2,2,2,2,2,3,2,3,3,2,2,2,2,1,2,2,2,2,2,2,3,2,3,3,2,3,2,3,2,2,3,2,3,2,3,2,2,2,2,3,2,2,3,2,,2,2,2,2,2,3,2,2,1,3,2,3,2,3,2,2,2,2,2,2,2,1,3,2,2,2,2,2,3,3,3,3,2,3,3,2,,0,2,2,3,3,2,2,3,3,2,2,3,2,2,2,3,,2,2,2,,3,0,2,2,3,2,2,2,2,3,2,,3,2,3,2,2,2,2,,0,4,,2,2,3,2,2,2,3,3,2,3,3,3,2,3,2,,2,2,3,,2,2,2,3,3,3,,2,,3,3,3,3,2,2,3,2,3,2,2,2,,0,3,2,2,2,,,2,2,2,2,2,2,2,,2,2,3,5.0,3,3,3,3,3,,2,3,2,2,3,2,,3,2,3,2,2,2,3,2,2,3,3,,3,5.0,2,3,2,2,3,3,3,3,2,3,,2,2,2,3,3,3,2,3,3,2,3,2,3,2,2,2,3,2,,2,3,3,3,3,3,3,2,2,3,,3,2,3,2,,2,4,3,3,3,,,,2,3,3,2,3,2,,3,,,,2,3,3,3,,3,2,2,,3,3,,,2,,2,,3,3,,3,3,3,3,3,2,2,3,3,3,2,2,2,3,2,2,3,2,2,3,2,0,2,3,2,3,3.0,3,2,,2,3,,,2,2,,2,3,,3,3,1,3,2,3,3,2,,2,3,3,3,3,3,,2,3,2,2,4.0,2,2,,5.0,,,2,2,2,3,3,2,,2,2,2,,,2,3,,2,,3,3,,3,3,3,3.0,3,,3,0,3,,3,2,,3,,2,,,3,,3,2,3,3,2,,3,3,2,3,,,3,2,3,3,2,3,3,2,3,3,3,,3,3,2,2,3,3,3,2,3,,3,3,,3,,,3,,2,,2,1,3,3,3,2,3,2,3,3,,,,4,2,3,,3,3,3,3,2,2,3,,3,,3,3,0,3,3,3,,3,3,,3,2,3,3,2,3,,,,,,3,,,3,2,,,,13,2,0.014874141876430207
2,2,1,2,2,2,1,2,2,3,2,1,2,1,2,2,2,2,2,2,2,2,2,1,2,2,2,2,1,2,1,2,1,0,1,1,2,2,2,2,2,1,1,3,2,2,1,2,2,3,2,2,2,2,0,2,2,1,1,2,2,2,1,1,1,2,2,2,2,2,2,3,3,2,2,2,2,2,2,2,1,1,1,2,2,2,1,1,1,2,2,2,2,2,2,2,2,2,2,2,2,2,2,2,2,2,1,1,2,3,3,3,3,1,2,1,1,2,2,2,2,1,2,2,2,2,2,2,2,0,2,2,2,2,2,2,2,1,2,1,2,2,1,2,2,2,2,2,0,2,2,2,2,2,2,2,2,2,2,2,1,2,2,2,2,1,1,2,1,1,2,2,2,2,2,2,1,2,2,1,1,2,2,1,2,3,2,2,2,2,2,2,2,2,1,2,2,2,2,2,2,2,2,2,2,2,2,2,1,2,2,1,2,2,1,2,2,2,2,2,2,2,2,2,2,1,2,2,2,2,2,2,1,2,2,3,2,2,2,2,2,2,2,2,2,2,3,3,2,1,2,2,1,2,2,2,1,2,2,2,3,2,2,2,2,2,2,3,2,2,1,2,2,2,2,2,2,2,1,2,1,2,1,1,2,1,2,2,2,2,2,2,1,3,2,2,2,2,2,2,2,1,2,2,2,2,2,3,2,2,2,2,2,3,2,2,2,2,2,2,2,2,2,2,2,2,2,2,2,2,2,2,3,1,2,2,2,2,2,2,2,3,2,2,2,2,2,2,3,2,2,2,2,2,3,2,2,2,2,2,2,2,2,2,2,2,2,2,2,2,2,2,0,2,3,2,2,1,2,2,2,2,3,3,2,2,3,2,2,2,2,3,2,2,2,2,3,2,3,2,2,1,2,2,2,2,2,3,2,2,2,1,2,1,3,4,3,2,2,1,2,2,2,2,2,2,2,2,2,0,2,2,3,2,1,2,2,2,1,3,1,2,2,2,2,2,2,2,2,,1,3,2,2,2,2,3,2,2,2,0,2,2,,1,2,2,2,2,2,2,2,3,1,2,3,3,3,2,3,2,2,2,2,2,2,1,3,3,2,1,2,2,1,2,1,2,2,2,2,3,2,2,3,2,2,2,3,2,2,3,2,3,2,3,2,2,2,2,2,2,2,3,2,,2,2,2,2,2,2,2,2,1,2,3,2,2,3,3,2,2,2,2,2,2,1,2,2,2,2,2,2,3,2,2,2,2,3,2,2,,2,2,2,3,3,3,2,2,3,2,2,2,2,2,1,2,,2,2,2,3.0,3,2,2,2,2,2,2,2,2,2,2,,2,0,3,2,2,2,2,5.0,2,4,,2,2,2,2,0,2,3,3,1,3,3,3,3,3,2,,1,2,2,,2,3,3,3,3,3,5.0,2,,3,2,3,3,2,2,3,2,3,2,2,3,,2,2,2,2,2,3.0,,2,2,2,2,2,2,2,0.0,3,2,2,,3,3,3,3,2,,2,3,2,2,2,2,,3,2,3,2,2,1,3,3,2,3,3,,2,,2,2,2,2,3,3,3,3,2,3,,2,3,2,2,2,2,3,3,2,2,3,3,3,2,2,2,3,2,,2,2,2,2,2,3,2,2,1,3,,2,2,2,2,,2,3,3,3,3,,,,2,2,3,2,3,2,,2,,,,2,2,3,3,,3,2,2,,2,2,,,2,,2,,3,3,,3,3,2,2,3,2,2,2,3,2,2,2,2,2,2,2,3,2,2,3,2,3,2,3,2,3,,3,2,,2,3,,,2,2,,2,3,,3,3,2,3,3,4,3,2,,2,3,2,3,2,3,,2,2,2,2,,2,2,,,,4.0,2,2,3,3,3,3,,2,3,3,,,2,2,,2,,2,2,,3,2,3,,3,,3,2,3,,3,2,3.0,3,,2,,,3,5.0,3,2,2,2,2,,3,3,3,2,,,3,2,2,3,2,2,3,2,2,2,3,4.0,3,2,3,1,2,3,3,2,3,,2,3,,3,,,3,,3,,2,2,3,2,2,2,3,2,3,3,,,,4,2,3,,3,3,3,3,2,2,4,,3,,2,3,2,3,2,2,,2,3,4.0,3,2,3,3,2,3,,,,,,3,,,2,2,,,,14,2,0.017123287671232876
2,2,2,2,1,2,2,2,2,3,2,2,2,1,2,2,1,1,2,1,2,2,3,2,2,2,3,2,2,2,2,2,3,2,2,2,2,3,2,2,2,1,2,3,2,2,2,2,2,2,3,2,2,2,1,2,2,2,1,2,2,2,1,2,1,2,2,2,2,2,2,3,2,2,1,3,3,2,2,2,2,2,1,2,2,2,1,2,1,1,2,2,2,2,0,2,2,2,2,2,1,2,2,2,2,1,1,1,2,2,3,3,3,2,2,2,2,2,2,3,2,1,3,2,2,1,2,2,1,2,2,2,1,2,2,2,2,2,2,2,2,2,0,2,2,2,2,2,2,2,2,2,2,2,2,2,2,2,0,2,1,2,2,2,2,2,1,2,2,2,2,2,2,2,2,3,2,2,2,2,2,2,2,2,1,2,2,2,2,2,2,2,2,2,2,2,2,2,2,2,2,2,2,2,2,2,2,2,2,2,1,1,2,3,2,2,2,2,1,2,2,2,1,1,2,2,2,2,2,2,2,2,2,1,2,2,1,2,2,2,2,2,2,2,2,2,3,2,1,2,2,2,2,2,2,2,1,3,2,2,2,2,2,2,2,2,2,0,2,1,3,1,2,2,2,2,3,3,2,2,2,2,1,2,2,1,2,2,2,3,2,2,2,2,2,1,2,1,2,3,1,2,2,1,0,2,2,2,2,2,2,0,2,2,2,2,2,2,2,2,1,2,2,2,2,2,2,2,2,2,2,2,3,2,3,3,2,2,2,2,2,2,2,2,3,2,2,2,3,2,2,2,2,1,2,2,2,2,2,3,2,2,2,2,3,2,1,2,2,2,3,2,2,2,3,2,2,2,2,2,2,2,3,3,2,2,2,2,2,2,2,2,2,2,2,2,2,2,3,3,2,2,2,3,1,1,3,3,2,2,2,2,2,2,4,4,3,2,2,2,1,2,2,2,1,2,2,2,2,2,2,2,3,2,1,3,3,3,2,3,2,2,3,2,2,2,2,2,2,,2,3,2,2,2,2,2,2,2,2,2,2,2,,2,3,2,2,2,2,2,2,3,2,2,3,3,3,2,3,2,2,2,1,2,2,2,3,3,2,2,3,2,2,1,2,2,2,2,2,3,3,3,3,2,3,2,3,2,2,2,2,2,2,3,2,3,3,2,2,2,2,3,2,,2,2,2,2,2,3,2,2,2,3,3,2,2,3,2,2,2,3,2,2,3,2,3,2,2,2,2,2,3,3,2,3,2,3,2,2,,2,2,1,3,3,3,2,2,2,2,2,2,3,3,2,2,3.0,2,2,2,,3,3,2,2,2,2,2,2,2,1,2,,2,2,3,1,3,2,3,,3,4,,2,3,3,2,2,2,3,2,2,3,3,2,2,3,3,4.0,3,2,2,4.0,2,2,3,3,3,3,,2,,3,2,3,2,2,2,2,2,3,3,2,3,,2,3,2,2,3,0.0,,2,2,3,2,2,2,2,,3,2,3,,2,3,3,2,2,3.0,2,3,2,2,2,2,,3,2,3,2,3,2,2,3,2,3,2,,3,,2,2,2,2,2,2,3,3,2,3,,2,3,2,3,3,3,3,3,3,2,3,3,3,2,2,2,3,2,,2,2,3,3,3,4,2,2,2,2,,2,2,3,2,2.0,1,3,2,3,3,,,,2,3,3,2,2,2,,2,,2.0,,2,3,3,3,,3,3,2,,2,2,,,3,,3,,3,4,4.0,2,3,2,3,2,3,2,3,3,2,2,2,2,3,2,2,3,3,3,3,2,3,1,3,2,3,,3,2,,2,3,,,2,3,0.0,3,0,,3,3,2,3,3,4,3,2,,3,3,3,3,3,3,,2,3,2,2,,2,3,,,,,3,3,3,3,3,3,,2,3,3,,,2,3,,2,,2,3,,3,2,3,,2,,3,2,3,,3,2,,3,,2,,,3,,1,3,3,2,3,,3,3,3,2,,,2,2,3,4,2,3,3,2,3,2,2,,3,2,2,2,2,3,2,2,0,,3,3,,4,,,3,,2,,2,2,3,3,3,3,2,3,3,3,,,,4,1,3,,3,3,4,3,2,2,4,,2,,3,3,3,3,2,3,,3,3,,3,3,3,3,2,3,,,,,,3,,,3,3,,,,15,2,0.01598173515981735
2,2,1,2,1,1,1,2,2,3,2,2,2,1,2,2,2,2,2,2,2,2,3,2,2,2,2,2,2,2,0,2,1,2,2,2,2,2,2,2,2,2,2,3,2,2,2,2,2,2,2,2,3,2,1,0,2,1,1,1,2,2,1,1,2,2,2,2,2,2,2,2,3,2,2,3,3,2,2,2,2,2,1,2,1,2,1,2,2,2,2,2,2,2,2,2,2,2,2,2,2,2,2,2,2,2,2,1,2,2,2,3,3,2,2,2,2,2,2,3,3,1,3,2,2,2,2,2,1,1,2,2,2,2,2,2,2,2,2,2,0,2,2,2,2,2,2,2,2,2,2,2,2,2,2,2,2,2,2,2,1,2,1,2,2,2,1,2,2,2,2,2,1,2,2,2,3,2,3,2,2,2,3,2,2,3,2,2,2,2,0,2,2,1,1,2,2,2,2,2,2,2,3,2,2,2,2,2,2,1,2,1,2,2,2,2,2,0,2,2,2,2,2,2,2,2,2,3,2,2,2,2,2,2,2,2,2,2,2,2,2,2,2,2,2,2,3,3,2,2,2,2,1,2,2,2,1,3,2,3,3,2,2,2,2,3,2,3,2,1,2,2,1,2,2,2,3,2,2,2,2,2,1,2,2,2,2,2,2,3,2,2,2,3,2,2,2,2,2,2,2,2,2,2,2,2,2,3,2,2,2,2,2,3,2,3,2,2,2,2,2,2,2,2,2,2,2,2,3,2,3,2,3,2,2,2,2,2,2,2,1,3,2,2,3,2,2,2,3,2,2,2,2,2,3,2,2,2,3,3,2,2,2,2,3,2,1,2,2,2,3,2,2,2,2,2,2,2,3,2,2,3,3,3,3,2,3,2,2,2,2,3,3,2,3,2,3,2,3,2,2,2,2,2,2,2,2,3,2,1,2,2,1,2,3,4,3,2,2,1,1,2,2,2,2,2,2,2,2,2,2,2,2,2,1,2,3,2,2,3,2,2,3,2,2,2,2,2,2,,2,3,2,2,2,2,3,2,2,2,2,2,2,,2,3,2,2,0,2,2,2,3,1,2,3,3,3,2,3,2,2,2,2,2,2,2,3,3,2,2,3,2,2,2,2,2,2,2,2,3,3,3,3,2,2,2,3,2,2,2,2,2,2,2,2,2,2,2,3,2,2,3,3,,2,2,2,2,2,3,2,2,1,3,2,2,2,3,3,2,2,0,2,2,2,1,3,2,2,2,2,2,2,2,2,3,2,3,2,2,5.0,2,2,2,3,3,3,2,3,3,2,2,2,3,3,2,2,,2,2,2,,2,2,2,2,2,2,2,2,2,2,2,,2,2,2,2,3,2,3,,2,4,,2,3,3,2,2,1,3,3,2,3,2,3,2,3,3,,2,2,2,,2,3,3,3,3,3,3.0,2,,3,2,3,3,2,2,2,2,3,3,2,2,,2,3,2,2,3,3.0,,2,2,2,2,2,2,2,,2,3,2,,3,3,3,3,2,,2,3,2,2,3,2,,3,2,3,2,3,2,3,3,2,2,3,,3,,2,3,2,2,3,2,3,3,2,3,,3,2,3,3,3,3,2,3,3,2,3,3,2,2,3,2,2,2,,2,3,2,3,2,3,3,2,2,3,,2,2,3,2,,2,3,3,3,3,,,,2,3,3,2,3,2,,3,,,,2,2,2,3,,4,3,2,,2,2,,5.0,2,,3,,3,3,,3,3,2,2,3,2,0,3,3,3,2,2,2,2,1,2,2,2,3,3,2,3,2,3,2,3,5.0,3,2,,2,3,,,2,2,,3,4,,3,3,2,3,3,4,3,2,,3,0,2,3,3,3,,2,2,2,2,,2,3,,,,,2,3,3,3,3,3,,3,3,3,3.0,,2,3,,2,,2,3,,3,2,3,,3,,3,2,3,,3,2,,3,,2,5.0,5.0,3,,3,2,3,3,2,,3,3,3,3,5.0,,3,3,3,3,2,2,3,0,3,3,3,3.0,2,3,3,2,3,3,3,2,3,3.0,3,3,,3,3.0,,3,5.0,3,,2,1,3,3,3,2,2,3,3,3,,,,4,2,3,,3,3,3,3,2,1,4,,3,,3,3,3,3,2,3,,3,3,,3,3,3,3,2,2,,,,,,3,,,3,2,,,2.0,16,2,0.026376146788990827
3,2,2,2,2,2,2,2,2,2,2,2,3,2,2,2,2,2,2,2,2,2,3,2,2,3,3,2,2,2,2,2,3,3,3,2,2,3,3,3,3,1,2,3,2,3,2,2,3,2,2,2,2,2,3,3,3,2,2,2,3,3,2,2,2,2,3,3,3,3,2,0,3,3,3,3,3,2,3,2,2,2,2,2,1,2,2,2,2,2,3,3,3,2,2,2,2,3,3,3,3,3,2,3,3,2,2,2,3,3,2,3,3,2,2,2,2,3,2,3,3,1,3,2,3,3,3,2,1,2,2,2,2,2,3,2,2,2,3,3,3,2,2,2,2,3,3,3,3,3,2,3,2,2,2,3,3,2,3,3,2,2,2,2,3,2,2,2,2,1,2,2,2,2,2,3,3,3,3,2,2,3,3,2,2,3,2,3,3,3,2,3,0,2,2,2,2,2,2,2,2,2,2,2,2,2,2,2,2,2,2,2,2,3,2,2,3,2,3,2,3,2,3,3,3,3,2,3,2,2,3,2,2,2,3,2,3,3,3,3,3,3,3,2,3,2,3,3,3,2,3,2,2,2,2,2,2,3,3,3,3,2,3,2,3,3,3,3,2,2,2,2,3,3,3,3,3,2,2,3,1,2,2,2,2,2,3,3,2,3,2,3,3,2,2,2,2,3,3,3,2,2,3,2,2,2,2,3,2,3,3,3,3,3,3,3,3,3,2,3,3,3,3,2,2,3,2,2,3,2,3,3,2,2,3,3,0,2,2,2,2,3,2,2,3,3,2,3,3,3,3,2,3,3,3,2,3,3,2,2,2,3,2,2,3,2,2,2,3,3,3,2,2,2,2,2,3,2,3,3,3,3,3,3,3,3,3,3,2,3,3,3,3,2,3,3,3,3,3,3,2,2,3,3,2,2,2,2,2,2,3,1,2,3,3,4,3,3,3,2,2,2,2,2,2,2,2,2,3,3,2,2,2,2,2,3,3,2,2,3,3,2,3,2,2,2,3,3,3,,2,3,2,2,3,2,3,3,2,3,2,3,2,,2,3,2,2,3,3,3,3,3,2,2,3,3,3,2,4,2,3,2,2,3,2,2,3,3,3,2,3,2,2,2,2,3,3,2,2,2,3,2,3,1,3,1,3,3,3,2,3,3,2,3,3,2,2,3,3,2,3,4,3,,2,2,3,3,2,3,2,3,2,3,3,3,3,3,3,2,3,3,2,2,3,2,3,2,3,3,3,2,3,3,3,3,3,3,3,2,5.0,3,3,3,3,3,3,3,2,3,3,3,3,3,3,3,3,,3,2,2,,3,3,3,3,3,3,3,3,3,2,2,,3,3,3,3,3,2,3,5.0,3,0,,3,3,3,3,3,2,3,4,2,3,4,3,3,3,3,,3,2,3,,3,4,4,4,4,4,5.0,3,,3,3,3,3,3,3,3,3,4,3,3,2,,2,3,2,3,3,,,2,3,3,3,2,3,3,,3,3,2,3.0,2,4,3,3,3,,3,4,3,3,0,3,,3,3,3,3,3,2,3,4,3,0,2,,3,,3,3,3,3,4,3,3,4,3,3,,3,3,3,3,3,3,3,3,3,3,3,3,2,3,3,0,4,3,5.0,3,3,3,3,3,3,3,2,3,3,,0,2,3,2,,3,4,3,4,3,5.0,,5.0,3,2,4,3,3,3,,3,,,,2,3,3,2,,4,3,3,,3,3,,,3,,3,,4,4,,3,3,3,3,2,3,3,2,3,3,3,2,3,3,3,3,3,3,2,3,3,4,1,3,3,3,,4,3,,2,3,,,3,3,,3,4,,4,4,3,4,3,4,3,3,0.0,3,3,3,3,3,3,,3,3,2,3,,2,2,,,,3.0,3,3,3,4,4,3,,3,3,3,,,3,3,,3,,3,3,3.0,3,3,4,,3,0.0,4,3,3,,3,3,,4,,2,,,4,,4,3,3,2,3,,4,3,2,3,,,2,2,3,4,3,2,4,3,3,3,4,,3,3,3,2,3,3,4,3,3,,4,3,,4,,,3,,3,,3,3,3,3,3,3,2,3,3,4,,,,5,3,3,,4,3,4,4,2,1,3,,2,,3,4,3,3,3,3,,3,3,,3,2,3,4,3,3,,,,,,3,,,3,3,,,,17,2,0.022935779816513763
2,2,1,2,2,1,2,2,2,3,2,1,2,1,2,2,2,1,2,2,2,2,2,1,2,2,2,2,1,2,2,1,2,2,2,2,2,2,0,2,2,1,1,3,2,2,2,1,1,2,2,2,2,2,2,2,2,1,1,2,2,2,1,2,1,1,2,2,2,2,2,2,3,1,2,2,1,2,2,2,2,2,1,1,1,2,1,2,2,1,2,2,2,1,1,1,2,2,2,2,2,2,2,2,2,1,2,1,2,2,2,2,2,1,2,1,2,2,2,2,1,2,2,2,2,2,2,2,1,1,2,2,2,1,2,2,2,2,1,2,2,2,1,2,2,2,2,2,2,2,2,2,2,2,2,2,2,2,2,2,1,2,2,2,2,1,2,1,1,1,2,1,1,2,2,2,0,1,2,2,2,2,2,1,2,3,2,2,2,2,2,2,2,2,2,2,2,2,0,2,1,1,2,2,1,2,2,2,2,2,1,1,1,2,1,2,2,2,2,2,2,1,2,2,2,2,2,2,1,2,2,2,1,1,2,2,2,2,2,2,0,2,2,1,2,1,3,2,2,2,2,2,1,2,2,2,1,2,1,2,2,2,2,2,2,2,2,3,2,2,2,1,2,2,2,1,2,2,2,2,1,1,2,2,2,2,2,2,2,2,2,2,1,2,2,1,2,2,2,3,2,2,2,2,2,0,2,2,2,0,2,2,2,2,2,3,2,2,1,2,2,2,2,2,2,2,2,2,2,1,2,2,3,0,3,3,2,2,2,2,1,2,2,2,2,2,2,2,3,2,2,2,2,2,3,2,2,2,2,2,2,2,2,2,2,2,1,2,2,2,1,2,2,2,2,2,2,1,2,2,2,2,0,2,2,2,2,2,2,2,2,2,2,1,2,2,2,2,2,2,2,2,2,2,2,2,2,2,2,1,2,1,2,1,2,3,3,1,2,1,1,1,2,1,2,2,2,2,2,2,2,2,3,2,1,2,2,2,1,3,1,1,2,1,2,2,2,2,2,,0,3,2,2,2,2,3,2,2,2,2,3,2,,2,2,2,2,2,2,2,2,3,2,1,3,2,2,2,2,2,2,2,2,2,1,1,2,3,2,2,2,2,1,1,2,2,2,2,2,3,2,3,3,2,3,2,3,2,2,2,2,2,2,2,1,1,1,2,2,2,2,3,2,,2,2,2,2,2,3,2,2,2,2,2,2,2,3,2,2,2,2,2,2,2,2,1,2,2,2,2,2,2,2,2,2,2,3,2,2,,2,2,2,3,0,3,2,2,3,2,2,2,2,2,2,2,,2,2,2,,3,2,2,2,2,2,2,2,2,1,2,5.0,3,2,2,2,2,1,2,,2,3,,2,2,3,2,1,2,3,3,1,3,3,3,2,3,2,4.0,2,2,3,,2,3,2,3,3,3,,3,,3,2,3,3,2,2,2,2,3,2,2,2,,2,2,2,2,2,,4.0,2,2,2,2,2,2,2,,2,2,3,,3,3,3,3,3,,2,3,2,2,2,2,,3,2,3,2,2,2,3,3,2,2,2,5.0,2,,2,2,2,2,3,3,3,3,2,3,,2,2,2,2,3,2,3,3,2,2,2,2,2,2,2,2,3,2,,2,3,2,3,3,2,2,2,2,2,,2,2,2,2,,2,3,2,3,3,,,,2,2,3,2,3,2,,2,,,,2,2,3,3,,3,2,2,,2,2,,,2,,2,,3,4,,3,3,3,2,2,2,2,2,3,3,2,2,2,2,2,2,3,2,2,2,2,3,1,3,2,3,,3,2,,2,3,,,2,2,,2,3,5.0,3,3,2,3,3,4,2,2,,1,2,2,3,2,3,,2,3,2,3,,2,2,,,,2.0,2,3,2,3,3,3,,2,3,3,,,2,3,,2,,3,2,5.0,3,2,3,,3,,3,2,3,,2,2,,3,,2,,,3,,2,3,2,2,2,,3,3,3,2,,3.0,2,2,2,3,2,2,3,2,2,2,2,,3,2,2,1,3,3,3,2,3,,3,2,,3,,,3,,2,,2,2,3,3,2,2,2,2,3,3,,,,4,1,3,,3,3,4,3,2,2,4,,2,,2,3,2,3,2,2,,2,1,,3,2,3,3,2,3,,,,,,3,,,2,3,,,,18,2,0.0194954128440367
1,2,2,2,2,2,2,2,2,2,2,2,2,1,2,2,1,1,2,2,2,2,3,0,2,2,2,2,2,2,1,2,2,2,2,2,2,2,2,2,1,2,2,3,2,2,2,2,2,2,2,2,2,2,2,2,2,2,1,2,3,2,1,2,1,2,2,2,2,2,2,2,3,2,2,2,2,2,2,2,2,2,1,1,1,2,1,1,2,1,2,2,2,2,2,2,1,2,2,2,2,2,2,2,2,2,2,1,2,2,2,2,2,2,2,1,2,2,2,2,2,1,3,2,2,2,2,2,2,2,2,2,2,2,2,2,2,2,2,2,2,2,1,2,2,2,2,2,2,2,2,2,2,0,2,2,2,2,2,2,1,2,2,2,2,2,1,2,2,2,2,2,2,2,2,2,2,2,2,2,2,2,3,1,2,3,2,2,2,2,2,2,2,2,2,2,2,2,2,2,2,2,3,2,2,2,2,2,2,1,2,1,1,2,2,2,2,2,2,2,2,2,2,2,2,2,2,2,2,2,2,2,2,2,2,2,2,2,0,1,2,2,2,2,2,2,3,3,2,1,2,2,1,2,1,2,2,3,2,2,3,2,2,2,2,3,2,3,2,2,2,2,2,2,2,2,3,2,2,2,2,2,2,2,2,1,2,2,2,3,2,2,2,3,2,2,2,2,2,3,2,1,0,1,2,2,2,2,2,2,2,2,2,2,2,3,2,2,2,2,2,2,2,2,2,2,2,2,2,2,2,3,2,1,3,2,2,2,2,2,2,3,2,2,3,2,2,2,3,2,2,2,2,2,3,2,2,2,3,2,2,2,2,2,2,2,2,2,2,2,2,2,2,2,3,2,2,2,3,2,2,3,3,3,3,2,3,2,2,2,2,3,3,2,3,2,3,2,3,2,2,2,3,2,2,2,2,2,2,1,2,2,1,2,3,4,3,2,2,2,2,1,1,2,1,2,2,1,2,2,2,2,2,2,1,2,2,2,1,2,2,2,2,2,2,2,2,2,0,,2,3,2,2,2,2,3,2,2,2,2,2,2,,2,2,2,2,2,2,2,2,3,2,1,3,2,3,2,3,2,2,2,2,2,2,2,2,2,2,2,3,2,1,1,2,2,2,2,2,3,3,3,3,2,2,2,3,2,2,2,2,3,2,2,2,3,3,2,3,2,2,3,2,,2,2,2,3,2,2,2,2,1,3,3,2,3,3,2,2,2,3,2,2,2,1,2,2,2,2,2,2,2,2,2,3,2,3,2,2,,2,2,2,3,2,3,2,2,3,2,2,2,3,3,2,2,,2,2,0,,3,2,2,2,2,2,2,2,2,2,2,,3,2,2,2,3,2,2,,2,4,,2,3,2,2,2,2,3,3,2,3,3,3,2,3,2,,2,2,2,3.0,2,3,3,3,3,3,4.0,3,,3,3,3,3,2,2,2,2,0,3,2,2,,2,3,2,2,3,,,2,2,2,2,2,2,1,,3,2,2,,3,3,3,3,2,,2,3,2,2,2,2,,3,2,3,2,3,2,3,3,2,3,2,5.0,2,,2,3,3,2,3,2,3,3,2,3,,3,3,2,3,3,3,2,3,2,2,2,3,2,2,3,2,3,2,,2,3,2,3,2,4,3,2,2,2,4.0,3,2,2,2,,2,3,2,3,3,,,,2,2,3,2,3,2,,2,,,,2,2,2,3,,3,3,2,,2,2,0.0,,3,3.0,2,,3,3,,3,3,2,2,3,3,2,3,3,2,2,2,2,2,2,3,3,2,2,3,2,3,1,3,2,3,,3,2,3.0,2,3,,,2,2,5.0,2,3,,3,3,2,3,2,3,3,2,,2,3,2,3,3,3,,2,3,2,2,4.0,1,2,,,,,2,3,3,3,3,3,,3,3,3,,,2,3,5.0,2,,2,3,,3,2,3,,3,,3,2,3,,3,2,,3,,2,,,3,,3,2,3,3,0,,3,3,3,2,,,2,2,2,3,0,3,3,2,2,2,3,2.0,3,1,2,1,2,3,3,2,3,,3,3,,3,,,3,,3,5.0,2,2,3,3,2,2,3,3,3,3,,,,4,2,2,,3,3,4,3,2,1,4,,2,,3,3,3,3,2,3,,3,2,,3,2,3,3,2,2,,,,,,3,,,3,3,,,,19,2,0.02057142857142857
3,2,2,2,2,2,2,2,2,3,2,2,2,2,0,2,2,2,1,2,2,2,3,2,3,2,3,2,2,2,2,2,3,3,3,2,2,3,3,2,2,1,2,3,2,2,2,2,3,3,3,1,2,2,2,2,2,1,2,2,2,2,1,2,2,2,2,2,2,2,2,3,3,3,2,3,3,2,2,2,2,2,1,2,2,2,1,2,2,2,2,2,2,1,2,2,2,3,2,2,2,3,3,2,2,2,2,2,1,0,2,2,2,2,2,2,2,2,2,3,2,2,3,2,2,2,3,2,1,1,2,2,2,1,2,2,2,2,2,2,3,2,1,0,3,2,2,2,3,2,2,2,2,2,2,2,3,3,2,2,1,2,2,2,2,2,2,2,2,2,2,2,1,2,2,3,2,2,3,2,2,2,3,2,2,3,2,2,2,2,2,2,3,2,2,2,1,2,2,2,2,2,3,2,2,2,2,2,2,2,2,2,2,3,2,2,2,2,2,2,3,2,2,2,3,2,2,3,2,2,2,2,2,2,2,2,2,2,2,3,2,3,2,2,3,2,3,3,3,2,2,2,2,2,2,2,2,3,2,3,2,2,2,2,2,3,3,3,2,2,2,2,2,3,3,2,3,2,2,2,2,2,2,2,2,2,2,2,3,2,1,2,2,3,2,2,2,3,3,3,2,2,2,2,2,2,2,2,2,2,2,3,2,3,2,3,2,3,2,3,3,3,3,3,3,1,2,2,2,2,3,3,3,2,3,3,2,2,2,2,2,3,2,2,3,2,2,3,3,3,3,2,2,2,3,2,2,1,3,3,3,2,2,2,3,2,2,2,2,3,3,2,2,2,3,1,2,2,3,3,2,3,3,3,3,2,3,3,2,2,2,3,3,2,2,2,3,3,3,2,2,2,2,2,2,2,3,3,2,2,2,2,2,2,4,4,3,2,2,1,1,2,2,2,2,2,2,2,3,3,2,3,3,3,2,3,3,2,2,3,2,2,3,2,3,2,3,3,2,,2,3,2,2,2,3,3,2,2,2,2,3,2,,2,3,2,2,2,2,3,3,3,2,2,3,2,2,2,3,2,2,1,2,1,3,2,3,3,2,2,3,3,1,2,2,3,2,2,3,3,3,3,3,2,3,2,3,2,2,3,3,3,3,2,2,3,3,2,3,2,2,2,2,,3,2,3,3,3,3,2,3,2,3,3,3,3,3,3,2,2,2,2,2,2,2,3,2,2,2,2,2,2,2,3,2,2,3,2,3,,2,0,3,3,3,2,2,3,3,2,2,2,3,3,2,2,,3,2,2,5.0,2,2,2,3,3,2,3,2,3,2,3,,3,2,2,3,2,2,3,,3,4,,2,3,3,0,2,2,3,3,2,3,3,3,3,2,3,,2,3,3,,2,3,3,4,3,4,,3,3.0,3,3,3,3,2,2,3,3,3,3,2,3,,3,2,3,2,3,,,3,2,2,3,3,2,2,,3,2,3,,3,4,3,3,0,,2,3,0,2,3,3,,3,2,3,3,2,3,3,4,3,3,3,0.0,3,5.0,3,1,3,2,3,3,3,3,2,3,,3,3,3,3,3,3,3,3,3,2,3,3,3,2,3,2,3,2,,3,3,2,3,3,4,3,2,2,3,,2,3,3,3,,2,3,3,3,3,,,,3,3,3,3,3,3,,3,,5.0,,2,2,3,3,,4,3,2,,3,3,,,2,,3,,3,4,,3,2,3,3,3,2,3,3,3,3,3,2,3,3,2,2,3,3,3,3,2,3,2,3,2,3,,4,3,,2,3,,,2,3,,3,3,,3,3,2,3,3,3,3,3,,3,3,3,3,3,3,,2,3,2,3,,2,3,,5.0,,,3,3,3,4,3,3,,3,3,3,,,3,3,,2,,3,3,5.0,3,3,3,,3,,3,2,3,,3,2,,3,,3,,,3,,3,3,3,2,2,,3,3,3,3,,,2,2,3,4,3,2,4,3,3,3,3,,3,3,3,2,3,3,3,1,3,,3,2,,4,,,0,,3,,3,3,3,3,3,3,2,3,3,3,,,,4,2,3,,3,3,0,3,2,2,4,,3,,3,3,3,3,3,3,,3,3,,3,3,3,3,3,3,,,,,,4,,,3,3,,,,20,2,0.011389521640091117
2,2,1,2,2,2,1,2,2,3,2,2,2,2,2,1,2,1,2,2,2,2,2,2,3,2,3,2,2,2,2,2,3,2,3,2,2,2,2,2,2,2,2,3,2,1,1,2,2,2,2,2,2,2,2,2,2,2,1,1,2,2,1,2,1,0,2,2,2,2,2,2,3,2,2,3,2,2,2,2,2,2,1,1,1,2,1,1,2,2,2,2,2,2,2,2,2,2,2,2,2,2,2,2,2,1,2,1,2,2,3,2,3,2,2,2,2,2,2,2,2,2,2,2,2,2,2,2,2,1,1,2,2,2,2,2,2,2,2,1,0,2,2,2,2,1,2,2,2,1,1,2,2,1,2,1,1,1,2,2,1,2,1,1,1,2,1,2,2,2,2,2,1,2,2,2,1,1,1,1,0,1,2,2,2,3,2,2,2,2,2,2,2,2,2,2,2,2,2,2,2,2,3,2,2,2,2,2,2,1,2,2,1,2,2,2,1,1,2,2,2,2,2,2,2,2,2,2,2,2,2,1,2,2,2,2,2,2,2,3,2,2,2,2,2,2,3,3,2,1,2,2,2,2,2,2,2,1,2,2,3,2,2,2,1,2,2,3,2,1,2,2,1,1,1,2,2,2,2,2,2,2,1,2,2,2,2,2,2,2,2,2,2,3,2,1,2,2,2,2,2,1,2,2,2,2,2,2,2,2,2,2,2,2,2,3,2,2,2,2,1,1,1,2,3,2,2,2,3,2,3,2,3,1,1,1,2,2,2,2,2,2,1,2,1,2,2,2,2,2,2,2,1,2,3,2,2,2,2,2,2,2,2,1,2,2,1,2,2,3,3,2,2,2,3,2,2,1,2,2,1,0,2,2,2,2,2,2,2,2,2,2,2,1,2,2,2,2,2,2,2,2,2,2,2,2,2,3,2,1,2,2,2,2,3,3,3,2,2,2,1,2,0,2,1,2,2,2,1,0,2,2,2,2,1,2,3,3,2,3,2,2,2,2,2,2,1,1,1,,2,3,2,2,2,2,2,2,2,2,2,1,2,,2,2,2,2,2,3,2,2,3,2,2,3,3,3,2,2,2,2,2,1,2,2,2,3,3,2,2,2,2,1,2,2,2,2,2,2,3,2,3,3,2,2,2,3,2,2,2,2,2,2,3,1,2,2,2,3,2,0,3,2,,2,2,2,2,2,2,2,2,1,3,2,2,2,3,2,2,0,2,2,2,3,2,2,2,2,2,2,2,2,2,2,3,2,3,2,2,,2,2,2,3,3,3,2,2,3,2,2,2,3,2,2,2,,2,2,2,,2,2,2,2,2,2,2,2,1,2,2,,2,2,2,2,1,1,2,5.0,3,3,,2,3,3,2,2,2,3,3,1,2,2,3,3,3,2,,2,2,3,,2,2,2,4,3,3,,2,,3,3,2,2,2,2,2,1,2,3,2,3,4.0,2,2,2,2,2,,,2,2,2,2,2,2,2,,2,2,2,,3,2,3,3,3,,2,3,3,2,2,2,,3,2,2,2,2,2,3,2,2,3,3,,2,,3,3,2,2,3,2,3,3,2,3,,2,3,2,3,3,3,3,3,3,2,2,3,3,2,2,2,2,2,,2,2,3,2,3,3,2,2,2,2,3.0,2,2,3,2,,2,3,2,3,2,,,5.0,2,2,3,3,3,2,,2,,,,2,3,3,3,,3,2,2,,3,2,,,2,,2,,3,2,5.0,3,2,2,2,3,2,2,3,3,3,3,2,2,2,1,2,2,3,3,2,2,1,1,2,2,2,,3,2,3.0,2,3,,,2,2,,2,3,,3,3,2,3,3,4,3,2,5.0,2,3,3,3,2,3,,2,2,2,2,,2,3,4.0,,,,2,0,3,3,2,3,3.0,2,3,3,,,2,3,,2,,2,3,,3,0,3,,3,3.0,3,2,3,,3,2,,3,,3,,,3,5.0,3,2,2,2,2,,3,3,3,2,4.0,,2,2,3,3,2,3,3,3,3,2,3,,1,3,3,1,2,3,3,2,3,3.0,3,3,,3,,,3,,2,4.0,2,1,3,3,3,2,3,3,3,3,,,,4,2,3,,3,3,3,3,3,2,4,,2,,3,3,3,3,3,3,,3,2,,3,3,4,3,2,3,,,,,,4,,,3,2,,,,21,2,0.028735632183908046
2,2,2,2,2,1,2,2,2,3,2,2,1,1,2,2,2,2,2,2,1,1,2,1,2,2,1,1,0,2,1,1,2,2,2,2,1,1,2,2,1,1,2,3,1,2,1,2,2,2,2,1,2,2,2,2,2,2,2,2,2,2,1,1,2,2,2,2,2,2,2,2,2,2,2,2,2,2,2,2,1,1,0,2,1,2,1,1,2,2,2,2,2,1,2,2,1,2,2,2,2,2,2,2,2,1,1,1,2,2,2,3,2,2,1,1,1,0,2,2,2,1,2,2,2,2,2,2,1,1,2,2,2,1,2,0,2,2,2,2,2,2,1,2,2,2,2,2,2,2,2,1,2,2,2,2,2,2,2,2,1,2,2,2,2,1,1,2,1,1,1,2,1,2,2,2,2,2,3,2,2,2,2,1,2,2,2,2,2,1,2,2,3,2,2,2,2,2,2,1,2,2,2,2,2,2,2,2,2,1,2,1,1,2,2,2,2,2,2,2,2,2,2,1,2,2,2,2,2,1,2,2,2,2,2,2,2,2,2,2,2,2,2,2,2,2,2,3,2,1,2,2,1,2,2,2,1,2,2,2,2,1,2,2,2,2,2,3,2,1,2,2,2,2,2,2,2,2,1,2,2,2,1,1,2,2,2,2,2,3,2,2,2,0,2,2,2,2,2,2,2,1,2,1,2,2,2,2,2,2,2,2,2,3,2,3,2,2,2,2,2,2,2,2,2,2,2,2,2,1,2,2,3,1,2,2,2,1,1,1,1,3,2,2,3,2,2,2,3,2,2,2,2,2,3,2,2,2,2,2,2,2,1,2,2,1,2,1,2,2,2,1,2,2,2,2,2,1,2,2,2,2,3,3,2,2,3,2,2,2,2,3,2,2,2,2,3,2,3,2,2,1,0,2,2,1,2,2,2,1,2,2,2,2,3,3,3,2,2,1,1,2,2,2,1,2,2,2,2,2,2,2,2,2,2,2,2,2,1,2,2,2,2,2,2,2,2,2,2,4.0,1,3,2,2,2,2,3,2,2,2,2,2,1,2.0,2,3,2,2,2,2,2,2,3,2,2,3,2,3,2,3,2,2,2,2,2,2,1,3,3,2,2,1,2,2,2,2,2,2,2,2,3,2,2,3,2,2,2,3,2,2,2,2,3,2,2,2,2,2,2,2,2,2,3,2,3.0,2,2,2,3,2,2,2,2,1,2,2,2,2,3,3,2,2,2,2,1,2,2,2,2,2,2,2,2,2,2,2,3,2,2,2,2,,2,2,2,2,3,3,2,2,3,2,1,2,3,3,2,2,,2,2,2,,3,2,2,3,2,2,2,2,2,2,2,,2,2,2,2,2,2,2,,2,4,,2,3,2,2,2,1,3,3,2,3,3,3,2,2,2,,2,0,2,,2,3,3,3,3,3,,2,,3,2,3,2,2,2,2,2,3,3,2,2,,2,2,2,2,3,,2.0,2,2,2,2,2,2,2,,2,2,2,,3,3,3,3,2,,2,3,3,2,2,2,,3,2,3,2,3,2,3,2,2,2,3,,2,,0,3,2,2,3,2,3,3,2,2,,2,2,3,2,0,2,3,2,2,2,3,2,2,2,3,2,3,2,,2,2,2,3,3,3,2,2,2,2,,2,2,2,2,,2,3,2,3,3,5.0,,5.0,2,2,2,2,3,2,,2,,,,2,2,3,3,,3,2,2,,2,2,,,2,,2,,3,3,,2,3,2,2,2,2,2,3,3,3,2,2,2,2,2,2,3,2,2,3,2,3,1,3,2,2,,4,2,,2,3,,,2,2,2.0,2,3,,3,3,2,3,2,4,2,2,,2,2,2,3,3,3,,2,3,1,2,,2,2,,,,,3,2,2,3,3,3,,3,3,3,,,2,2,,2,,2,2,,2,3,3,,3,,3,2,3,,2,2,,3,,2,5.0,,3,,3,2,3,2,2,,2,3,2,1,,,2,2,2,3,3,2,4,0,2,3,3,,3,3,2,1,2,3,3,2,3,,3,2,,3,,,3,,3,,2,2,3,2,2,2,2,2,3,3,,,,4,2,2,,2,3,3,3,2,2,3,,2,,2,2,2,2,2,2,,2,3,,3,2,3,3,2,3,,,,,,3,5.0,,3,3,,,,22,2,0.022988505747126436
2,2,1,1,1,1,2,2,2,2,2,2,1,2,2,2,2,1,1,1,2,1,2,1,2,2,2,2,1,2,2,2,2,2,2,2,2,2,2,2,2,1,2,3,1,2,1,2,2,2,2,2,2,2,1,1,2,2,1,2,2,2,1,1,1,1,2,2,2,1,2,2,2,2,1,2,2,1,2,1,1,1,1,1,1,2,1,1,2,2,2,2,2,1,2,2,1,2,2,2,2,2,2,2,2,1,2,0,2,2,2,2,2,2,1,1,2,2,2,2,2,1,2,2,1,2,2,1,1,1,2,2,1,1,2,2,2,1,2,1,2,1,1,1,2,2,2,1,2,2,2,2,1,1,1,2,2,2,1,1,1,2,1,1,2,1,0,2,1,1,2,2,1,1,1,2,2,2,2,2,1,2,2,1,1,2,2,1,2,2,2,2,2,2,2,2,2,2,2,2,2,0,2,1,2,2,1,1,2,1,1,1,1,2,1,2,2,2,1,2,2,1,1,2,2,2,1,2,2,2,2,2,2,1,1,2,0,1,1,2,2,2,1,1,2,2,2,2,2,1,2,2,1,1,2,2,1,2,2,2,2,2,2,2,2,2,2,2,2,1,2,2,2,2,2,2,2,2,2,2,1,1,1,1,2,1,2,2,2,2,1,2,2,2,2,2,1,2,2,2,1,2,2,1,2,2,2,2,2,2,2,2,2,2,1,2,2,2,2,1,2,2,2,2,2,2,2,2,2,1,2,2,2,1,2,2,2,2,2,2,1,2,1,2,3,2,2,2,2,2,2,2,1,2,2,1,2,1,2,2,2,2,2,2,2,2,1,2,2,2,2,1,2,2,2,2,2,2,2,2,2,2,3,3,2,2,2,2,2,2,2,2,2,1,2,1,2,2,3,2,2,1,2,2,1,1,2,2,2,2,2,2,2,2,3,3,3,2,2,2,1,2,2,2,2,2,1,1,2,1,1,2,2,2,1,2,3,2,2,2,2,1,2,2,2,2,2,2,2,,1,3,2,1,2,2,2,2,2,1,2,2,2,3.0,2,2,2,1,2,2,2,2,2,1,1,3,2,2,2,3,1,2,2,2,2,2,2,3,3,2,2,2,1,1,2,2,2,2,2,2,2,2,2,2,2,2,1,2,2,2,2,2,2,2,2,2,2,2,1,2,2,2,3,2,,2,2,2,2,2,2,2,2,1,2,2,2,2,3,2,2,1,2,2,1,2,2,2,2,2,2,2,2,2,2,2,3,2,2,2,2,,1,2,2,2,2,2,0,2,2,2,2,1,2,2,2,2,,2,2,2,,2,2,2,2,2,2,2,2,2,2,2,,2,2,2,2,2,1,2,,2,3,,2,2,2,2,2,2,2,3,2,2,3,2,2,2,2,,2,2,2,,2,3,3,3,2,3,,2,,2,2,2,2,2,2,2,2,3,3,2,2,,2,2,2,2,2,,,2,1,2,2,2,2,2,,2,1,2,,2,3,3,2,2,,2,3,2,2,2,2,,3,2,3,2,2,2,2,3,2,2,0,0.0,2,1.0,2,2,2,2,3,2,2,2,2,2,,2,2,2,2,3,3,3,3,2,2,2,2,2,2,2,2,3,2,,2,2,2,3,3,3,2,1,2,2,5.0,2,2,2,2,,1,3,2,2,3,,,,2,2,3,2,2,2,,2,,,,2,2,3,3,,3,3,2,,3,2,,,2,,2,,3,3,,2,2,2,3,2,2,2,3,3,3,2,2,2,2,2,2,3,2,2,2,2,3,1,2,2,2,,3,2,5.0,2,2,,,2,2,,2,3,,3,3,2,3,2,3,2,2,,2,3,2,3,2,2,,2,2,1,2,,1,2,0.0,,,,2,2,2,3,3,2,,2,3,2,4.0,,2,3,,2,,2,2,,3,2,3,,2,,3,2,3,,2,2,,3,,2,,2.0,3,,2,2,2,2,2,,2,3,2,2,,,2,2,2,3,2,2,3,2,2,2,2,2.0,2,2,2,1,2,2,3,2,2,,3,0,,3,,,3,,3,,2,2,2,2,2,2,2,2,2,3,,,,4,1,3,,3,3,3,3,2,2,3,,2,,2,2,2,3,2,2,,2,0,,3,2,3,3,2,3,5.0,,4.0,,,3,,,2,2,,,,23,2,0.021764032073310423
2,2,2,2,2,1,2,2,2,3,2,2,2,2,2,2,1,1,2,2,2,1,3,2,2,2,3,2,2,2,2,2,3,2,2,2,2,3,2,2,3,2,1,3,2,2,2,2,2,3,3,2,2,2,2,2,2,2,2,2,1,2,1,2,2,2,2,2,2,2,2,2,2,2,1,3,2,2,2,2,2,2,1,1,2,2,1,2,2,2,2,2,2,2,2,2,2,2,2,2,2,2,2,2,2,1,1,1,2,2,2,3,3,2,1,2,2,2,2,3,2,1,2,2,2,2,2,2,1,1,2,2,2,1,2,2,2,2,2,2,2,2,1,0,2,2,2,2,2,2,2,2,2,2,1,2,2,2,2,2,1,2,2,2,2,2,1,2,2,1,2,2,2,2,2,3,3,2,2,2,2,2,2,2,2,3,2,2,2,2,2,2,3,3,2,2,2,2,2,2,2,2,3,2,2,2,2,2,2,2,2,1,2,2,2,2,2,2,1,2,2,2,1,1,2,2,0,1,1,2,2,2,2,2,2,2,2,2,2,3,2,3,2,2,3,2,3,3,2,1,2,2,2,2,1,2,1,2,2,2,2,2,2,2,2,3,3,3,2,2,2,2,2,3,2,2,3,2,2,2,2,2,2,1,2,2,2,2,2,3,1,2,2,2,2,1,2,2,2,3,1,2,2,2,2,2,2,2,0,1,2,2,2,2,1,2,2,2,2,2,1,2,3,2,3,2,2,2,2,1,2,2,3,2,3,3,2,2,2,2,1,2,1,2,3,2,2,2,3,2,2,2,2,2,3,2,2,2,2,3,2,2,2,2,2,1,2,2,2,3,3,1,2,2,2,1,2,1,2,2,2,2,2,2,2,2,2,2,2,2,1,2,2,1,2,2,2,2,2,2,2,2,2,2,2,1,2,2,2,2,2,2,2,2,4,4,3,2,2,1,1,2,2,2,1,2,2,2,2,2,2,2,3,2,1,2,3,2,2,3,2,2,3,2,2,2,2,3,2,,2,3,2,2,2,2,3,2,2,1,2,3,2,,2,3,2,2,2,2,2,2,3,2,2,2,2,2,2,3,2,2,2,2,2,2,2,3,3,2,2,2,2,2,1,0,2,2,2,2,3,3,3,3,2,0,2,3,2,2,2,2,3,2,2,2,3,3,2,2,2,2,3,3,,2,2,2,3,2,2,2,2,2,3,3,2,2,3,2,2,2,2,2,2,3,2,2,2,2,2,2,2,2,2,3,3,2,3,2,2,,2,2,2,3,3,2,2,2,3,2,2,2,3,2,2,2,4.0,3,2,2,,2,2,2,3,2,2,2,2,3,2,2,5.0,3,2,2,3,2,2,2,,3,4,,2,3,3,2,2,2,3,3,2,2,3,3,3,2,2,,2,2,3,,2,2,3,4,3,3,,3,,3,2,3,2,2,2,2,2,3,3,2,3,,2,2,2,2,3,,,2,2,2,3,2,2,2,,2,2,2,,3,3,3,3,3,5.0,2,3,3,3,2,2,,3,2,3,2,2,2,2,3,3,3,3,,3,,2,2,2,2,3,3,3,3,2,3,,2,2,2,3,3,3,3,3,3,2,3,2,3,2,3,2,3,2,,2,2,3,3,3,4,2,2,2,3,,3,2,2,2,,2,3,2,2,3,,4.0,,2,2,3,2,2,2,,2,,,,2,2,3,3,,3,2,0,,3,2,4.0,,2,5.0,3,,3,4,,2,3,2,3,3,2,3,3,3,3,2,2,2,2,2,2,3,3,3,3,2,3,2,3,2,3,,4,2,,2,3,,,3,2,,3,3,,3,3,2,3,3,3,3,3,,3,2,3,3,2,3,,2,3,2,2,,2,2,,,,,3,3,3,2,3,3,4.0,2,3,3,,,3,3,,2,,2,3,,2,3,3,,2,3.0,3,2,3,,3,2,,3,,2,,,3,,2,3,2,3,3,,3,3,3,2,5.0,,3,2,3,3,3,2,4,3,3,3,3,5.0,3,3,3,2,3,3,3,2,3,,3,3,,3,5.0,,3,,0,,3,2,3,3,3,2,3,3,0,3,,,0.0,4,2,3,,3,3,4,3,3,2,4,,3,,3,3,3,3,3,3,,3,3,,3,3,3,3,2,3,,,,,,0,,,3,3,,,,24,2,0.018244013683010263
2,2,1,2,2,1,2,2,2,3,2,2,2,1,2,2,2,2,2,2,2,2,2,2,2,2,2,2,1,2,2,2,2,2,2,0,2,2,2,2,2,2,2,3,2,2,2,2,2,3,3,2,3,2,2,2,2,2,2,2,3,2,1,2,2,2,2,2,2,2,2,2,2,2,2,2,3,2,2,2,2,2,2,1,2,2,1,2,2,2,2,2,2,2,2,2,2,2,2,2,2,2,2,2,2,2,1,1,2,3,3,3,3,2,2,2,2,2,2,3,2,1,3,2,2,2,2,2,2,2,2,2,2,2,2,2,2,2,2,2,2,2,2,2,3,2,2,2,3,2,2,2,2,2,2,1,2,2,2,2,1,2,2,2,2,1,2,2,2,2,2,2,2,2,2,3,3,2,3,2,2,2,3,1,1,3,2,2,2,2,2,2,2,2,2,2,2,2,2,2,3,2,3,2,3,2,2,2,2,1,2,2,2,2,2,2,2,2,2,3,2,2,2,0,2,2,2,3,2,2,2,3,2,2,2,2,2,2,2,3,2,0,2,2,2,2,3,3,2,2,3,2,1,2,2,2,2,3,2,2,3,2,2,2,2,3,2,3,2,2,2,2,2,0,1,2,2,3,2,0,2,2,1,2,2,2,2,2,2,3,2,2,2,3,2,2,2,2,2,2,2,1,2,2,2,2,2,3,2,2,2,1,2,3,2,3,2,3,2,2,2,2,2,2,3,2,2,2,3,2,3,3,3,2,2,2,2,2,2,2,2,3,2,2,3,2,2,3,3,2,2,2,2,2,3,2,2,2,3,3,2,2,2,2,3,1,2,2,2,2,3,2,2,2,3,2,3,2,3,2,3,3,3,3,3,2,3,3,3,2,2,3,3,2,3,2,3,3,3,3,2,2,3,3,2,2,2,3,2,2,2,2,2,2,4,4,3,2,2,2,2,2,2,2,2,2,2,2,2,2,2,2,3,2,2,2,3,2,2,3,2,2,3,2,2,2,2,2,2,,2,3,3,2,2,2,3,2,2,2,2,2,2,,2,2,2,2,2,3,2,3,3,2,2,3,3,3,2,3,1,2,2,2,2,3,2,3,3,2,2,3,2,2,2,2,2,3,2,2,3,3,3,3,2,3,2,3,2,2,3,2,2,2,3,2,2,2,2,2,2,2,4,3,,2,2,3,3,2,2,2,3,1,3,3,2,3,3,3,2,2,3,2,2,2,2,2,2,1,2,2,2,3,3,3,3,2,3,2,2,,2,3,2,3,3,3,2,3,3,2,2,2,3,3,2,3,,2,2,2,,3,3,2,2,2,2,2,2,1,2,2,5.0,2,2,3,2,3,2,2,,3,4,,2,3,3,3,2,2,3,3,2,3,3,3,2,3,2,,3,2,3,,2,3,3,3,3,4,,2,,3,3,3,3,2,2,3,3,3,3,3,3,,2,3,2,1,3,,,2,2,2,3,2,2,2,,3,2,2,,3,3,3,0,2,,2,3,3,2,2,2,,3,2,4,2,3,2,3,3,2,3,3,,3,,3,3,3,2,3,2,3,3,2,3,,2,3,3,3,3,3,3,3,3,2,3,3,3,2,3,3,3,2,,2,3,3,3,3,3,3,2,2,3,,3,3,2,3,,2,3,3,3,3,,,,3,2,0,2,3,2,,2,,,,3,3,2,3,,4,3,3,,3,3,4.0,,3,,3,,3,3,,3,3,2,2,3,3,2,3,3,3,3,2,3,2,1,3,3,2,3,3,2,3,2,3,2,3,,4,2,,2,3,,,2,2,,3,4,,3,3,2,3,3,4,3,2,,3,3,2,3,3,3,,2,2,2,2,,2,3,,,,,2,3,3,3,3,3,,3,3,3,,,0,3,,2,,3,3,3.0,3,2,3,,3,,3,2,3,,3,2,,3,0.0,2,,,3,4.0,3,2,3,3,2,4.0,3,3,3,2,,,3,3,3,3,3,3,4,2,3,3,3,5.0,3,3,2,2,3,3,3,3,3,,3,3,,3,,,3,,3,,2,2,3,3,2,3,3,3,3,3,,,,4,2,3,4.0,3,3,3,3,3,2,4,,3,,3,3,3,3,2,3,,3,3,,3,3,3,3,2,0,,,,,,3,,,3,3,4.0,,,25,2,0.017142857142857144
2,2,2,2,2,2,2,2,2,3,2,2,2,2,2,2,2,2,2,2,2,2,2,2,2,2,2,2,2,2,2,2,2,2,2,2,2,2,2,2,2,2,2,3,2,2,2,2,2,2,2,2,2,2,2,2,3,2,2,3,2,2,1,2,2,1,2,2,1,2,2,2,2,2,2,2,2,2,1,2,2,2,1,1,1,2,1,2,2,2,2,2,1,2,2,2,2,3,2,2,2,2,3,2,2,1,2,1,2,2,2,3,3,2,1,1,1,2,2,2,2,1,2,2,2,2,3,2,2,2,2,2,2,2,2,2,2,2,2,2,2,2,1,2,2,2,2,2,2,2,2,2,2,1,2,2,2,2,2,2,1,2,2,2,2,1,1,2,2,1,1,2,2,1,2,3,2,2,2,2,1,2,2,1,1,3,2,2,2,1,2,2,3,3,2,3,2,2,2,2,2,2,3,2,2,2,2,2,2,2,2,2,1,3,2,2,2,2,2,2,2,2,2,2,2,2,2,2,2,2,2,2,2,2,2,2,2,2,2,3,3,3,2,2,2,2,3,3,2,1,2,2,2,2,1,1,1,2,2,2,2,2,2,2,2,3,3,3,2,2,2,2,2,2,2,2,2,2,2,2,2,2,1,1,2,2,2,2,2,3,1,2,2,3,2,2,2,2,2,2,2,1,2,2,2,2,2,2,2,2,2,1,2,3,2,3,2,2,2,2,2,2,3,2,2,2,2,2,3,2,3,3,3,1,3,3,2,2,2,2,2,3,2,2,2,2,2,2,3,2,2,2,2,2,3,2,2,2,2,3,2,2,2,2,2,2,0,1,2,3,2,2,2,2,3,2,2,1,2,2,2,2,3,3,2,2,3,2,2,2,2,3,2,2,2,2,3,2,3,2,2,2,2,3,2,2,3,3,2,2,2,2,2,2,3,4,3,2,2,2,1,2,2,2,2,2,2,2,2,2,2,2,2,2,2,2,2,1,2,3,1,2,2,2,2,1,2,2,2,,2,3,2,0,2,2,3,2,2,2,2,3,2,,2,2,2,2,2,3,2,2,2,2,2,3,3,3,2,3,2,2,2,2,2,2,2,3,3,2,2,1,2,2,2,2,2,2,2,2,3,3,3,3,2,2,2,3,2,2,2,2,2,2,3,2,3,3,2,2,2,2,3,3,,2,2,2,3,2,2,0,3,2,2,3,2,2,2,2,2,2,2,2,2,2,2,2,1,1,2,2,2,2,3,2,3,2,3,2,2,,2,2,2,3,3,2,2,2,3,2,2,2,3,2,2,2,3.0,3,2,2,,2,3,2,3,2,2,2,2,3,2,2,,2,2,2,3,3,2,2,,3,4,,2,3,2,2,2,2,3,3,2,3,3,3,3,2,2,,2,2,3,,2,3,3,4,3,3,,3,,3,3,3,3,2,2,3,2,3,3,2,2,,2,3,2,2,3,,,2,2,2,2,2,2,2,,3,2,2,4.0,3,3,3,0,2,,2,3,3,2,2,2,,3,2,3,2,2,2,3,3,3,3,3,,2,4.0,2,2,3,2,3,2,3,3,2,3,,3,3,3,3,3,3,2,3,2,2,2,2,3,2,2,2,3,2,,3,3,0,0,3,4,2,1,2,3,,3,2,2,2,,2,3,2,3,3,5.0,,,3,2,3,2,3,2,,3,,4.0,,2,2,2,3,,3,2,2,,3,2,,,3,,3,,3,4,,3,3,2,3,3,3,3,3,3,3,3,2,2,2,2,3,3,3,0,3,0,3,2,3,2,3,,3,3,,2,3,,,3,2,3.0,2,4,,3,3,2,3,3,3,3,3,,2,3,3,3,0,3,,2,2,2,2,4.0,2,2,,,,5.0,3,3,3,3,3,3,,3,3,3,,4.0,2,3,,2,,2,2,,3,3,3,,3,,3,2,3,,2,2,,3,,2,,,3,,3,3,2,3,3,5.0,2,3,3,1,,,3,3,2,3,3,3,3,3,2,3,3,,3,3,3,1,3,3,3,2,3,,3,3,,3,,3.0,3,,3,,3,2,3,3,2,2,3,3,3,3,5.0,,,4,2,3,,3,3,3,3,3,2,4,,3,,2,3,2,3,3,2,,2,0,,3,2,3,3,3,3,,,,,,3,,,3,3,,,,26,2,0.014772727272727272
2,2,2,2,2,2,2,2,2,3,0,2,2,1,2,2,2,1,2,2,1,2,2,0,2,1,1,2,1,1,1,1,2,2,2,2,1,1,2,1,2,2,2,3,2,2,2,2,2,2,2,2,3,2,2,2,2,2,2,2,2,2,2,2,1,2,2,2,2,2,2,2,3,2,1,2,3,2,2,2,2,2,1,1,1,2,1,1,2,2,2,2,2,2,2,2,1,3,2,2,2,2,3,2,2,1,2,2,2,3,2,3,2,2,2,1,2,2,2,2,2,1,3,2,2,2,2,2,2,2,2,2,2,2,2,2,2,2,2,2,2,2,1,1,2,2,2,2,2,2,2,2,2,2,2,2,2,2,2,2,1,2,2,2,2,1,1,2,2,2,1,2,2,1,2,3,3,1,2,2,2,2,3,1,2,3,2,2,2,2,2,1,3,3,2,3,2,2,2,2,2,2,3,2,3,2,2,2,2,2,2,2,1,3,2,1,2,2,2,2,1,2,2,0,2,2,1,2,2,0,2,2,2,2,2,2,2,2,2,3,2,3,2,2,2,2,3,3,2,2,2,2,2,2,2,2,1,3,2,2,2,2,2,2,2,3,3,3,2,2,2,2,2,2,3,2,3,2,2,2,2,2,1,2,2,2,2,2,2,3,2,2,2,3,3,2,2,2,3,3,2,2,2,2,2,2,2,2,2,2,2,2,2,1,1,3,1,2,2,3,2,2,2,2,2,2,2,2,2,2,2,1,3,2,3,3,2,2,2,2,2,2,2,2,2,2,2,2,3,2,2,2,2,2,3,2,2,2,2,3,2,2,2,2,2,2,1,2,2,2,2,2,2,2,3,2,2,2,3,2,2,2,3,3,3,2,2,2,3,2,2,3,3,2,3,2,3,2,3,2,2,2,3,3,2,2,3,3,2,1,2,2,2,2,3,4,3,2,2,2,2,2,2,2,2,2,2,2,2,2,2,2,2,2,1,2,3,2,2,2,2,2,2,2,2,2,2,3,2,,2,3,3,2,2,2,3,2,2,2,2,3,2,,2,2,2,2,2,2,2,2,3,2,2,3,2,3,2,3,1,2,2,2,2,2,2,3,3,2,2,3,2,2,1,2,2,2,2,3,3,3,3,3,2,3,2,3,2,2,2,2,2,2,3,2,3,3,2,2,2,2,3,3,,3,2,2,2,2,3,2,3,2,3,2,2,2,3,2,2,2,2,2,2,2,2,2,2,2,2,2,2,2,3,2,3,2,3,2,1,,2,2,2,3,3,3,2,3,3,3,2,2,0,3,2,2,,2,2,2,,3,3,2,0,2,2,2,2,3,2,2,,2,2,2,3,3,2,3,,3,4,,2,3,3,2,2,2,3,3,2,3,3,3,3,3,3,,2,2,3,,3,3,2,3,3,3,,3,,3,2,3,3,2,2,2,2,0,3,2,2,2.0,2,3,2,1,3,,,2,2,3,2,2,2,2,4.0,3,2,3,,3,3,3,3,3,3.0,2,3,3,2,3,2,,3,2,3,2,3,2,2,3,3,3,3,,3,,2,3,2,2,3,3,3,3,2,2,,2,3,2,3,2,3,3,3,2,2,2,2,3,2,2,3,3,2,,3,3,3,3,3,4,2,2,2,3,,3,2,2,3,5.0,2,3,2,3,3,,,,0,3,3,2,3,3,,2,,,,2,2,3,3,0.0,4,3,2,,2,2,,,3,,3,,0,4,4.0,3,3,2,3,3,3,3,3,3,3,3,2,2,2,2,3,3,3,2,3,2,3,2,3,2,3,,3,3,,2,3,,,2,3,,3,4,,3,2,2,3,3,4,3,3,,2,3,3,3,3,3,,2,3,2,2,,2,2,,5.0,,,3,3,3,3,3,3,,2,3,3,,,2,3,,2,,2,2,,3,3,3,,3,,3,2,3,,3,2,,3,,2,,5.0,3,,2,3,3,3,2,,3,3,2,2,,,3,2,3,3,3,3,3,3,3,3,3,4.0,3,3,3,2,3,3,3,3,3,,3,3,,3,,,3,,3,,3,2,3,3,2,3,3,3,3,3,,,,4,2,2,,3,3,4,3,3,2,3,,3,,3,3,2,2,2,3,3.0,3,3,,3,2,3,3,3,3,,,,,,3,,,3,3,,,,27,2,0.020618556701030927
2,1,1,1,1,1,1,2,2,2,2,2,2,1,2,1,1,1,1,2,1,0,1,2,2,2,2,2,1,2,1,1,2,2,2,2,2,2,2,2,2,1,1,3,1,1,1,2,2,2,2,2,2,2,1,2,1,1,1,1,2,2,1,0,1,2,2,2,1,1,2,2,2,2,1,2,2,2,1,1,1,1,1,1,2,2,1,1,2,2,2,2,2,1,2,1,2,2,2,2,1,1,2,2,2,1,1,1,2,1,2,2,2,1,1,1,2,2,2,3,2,1,2,2,2,2,1,2,1,1,2,1,1,1,2,2,2,1,0,2,2,2,1,1,2,1,1,1,2,2,1,2,2,1,1,0,2,1,2,2,1,2,1,2,1,2,1,2,1,1,1,1,1,1,1,2,2,2,2,2,1,2,2,1,1,2,2,1,1,1,2,2,2,2,2,2,1,2,1,1,2,2,2,2,2,2,2,2,1,1,1,1,1,2,1,1,2,2,2,2,2,1,1,2,2,2,2,2,2,2,1,2,2,1,2,2,1,2,2,2,2,2,2,1,2,2,3,3,2,1,2,2,1,1,1,1,1,2,2,2,2,2,2,1,2,3,2,3,2,1,2,2,1,2,1,2,2,2,1,2,1,1,1,1,2,1,1,1,2,2,1,2,2,2,2,1,1,2,2,0,1,1,2,1,2,1,2,2,1,2,2,2,2,2,2,2,2,2,2,2,2,1,2,2,2,2,1,1,2,1,2,2,2,1,2,2,1,1,2,2,1,2,2,2,2,2,1,2,3,2,2,1,2,2,2,1,1,1,2,2,2,2,2,1,2,1,1,1,2,2,2,1,2,2,2,1,2,1,2,1,2,2,2,2,2,2,2,2,2,2,2,0,2,1,2,2,2,2,2,2,2,2,2,2,2,1,2,2,1,1,2,2,1,2,2,2,2,2,2,0,1,2,1,2,0,2,2,2,2,1,2,2,2,2,1,2,3,2,2,3,2,2,2,2,2,1,2,2,2,,2,3,2,2,2,2,2,2,2,1,2,2,1,,1,2,2,2,2,2,2,2,2,1,1,2,2,2,2,3,2,1,1,1,2,2,1,3,3,1,1,2,2,1,2,1,2,1,2,2,3,2,2,3,2,2,2,3,2,1,3,2,2,2,2,2,2,2,1,2,1,2,3,2,,2,1,2,2,2,2,2,2,1,3,2,2,2,2,2,2,2,2,2,2,2,1,2,2,2,2,1,1,2,2,2,2,2,3,2,2,,2,2,2,2,2,2,2,2,3,2,2,2,2,2,2,2,,2,1,2,,2,2,2,2,2,1,2,2,2,1,2,,2,2,2,2,2,2,2,3.0,2,3,,2,3,2,2,2,2,3,3,1,2,2,2,2,2,2,,2,2,2,,2,2,3,3,3,3,,2,,2,2,3,2,2,1,2,2,3,2,2,2,,2,2,2,1,3,,,2,2,2,2,2,2,2,,2,2,2,,3,3,2,2,2,,2,3,2,1,2,2,,3,2,3,2,2,1,2,0,2,2,2,,2,,2,2,2,2,3,2,2,2,2,2,,2,2,2,3,2,2,2,3,2,2,2,2,2,2,2,2,2,2,,1,2,2,2,2,3,2,2,2,2,,2,2,2,2,,2,3,1,2,2,,,,2,2,3,2,2,2,,2,,,,1,1,2,2,,3,2,2,,2,2,,,2,,3,,3,3,,2,3,2,2,2,2,2,3,2,2,2,1,2,2,2,2,2,1,2,3,2,3,0,3,2,2,,3,2,,2,2,,,2,2,,3,3,,3,3,2,3,3,3,2,2,,2,2,1,2,2,3,,2,1,2,2,,2,2,,,,,2,2,3,3,3,3,,2,3,3,,,2,3,,1,3.0,2,2,,2,2,3,,2,,3,2,2,4.0,2,1,,2,,2,,,3,,2,2,2,2,2,,2,3,2,2,,,2,2,2,3,1,2,3,2,2,2,3,,2,2,2,1,2,3,3,2,2,,3,2,2.0,3,,,2,3.0,2,5.0,2,1,3,2,2,2,2,2,3,2,,,,3,2,3,,2,3,2,2,1,1,3,,2,,2,3,3,2,2,2,,2,2,,3,2,3,3,2,2,,,,,,3,,,3,2,,,,28,2,0.018369690011481057
2,2,2,2,2,2,2,2,2,3,2,2,2,2,2,2,2,2,2,2,2,1,3,2,2,2,3,2,2,2,2,2,3,2,3,2,2,2,2,2,1,2,2,3,2,2,2,2,2,3,2,2,2,2,2,2,2,2,2,3,1,1,1,2,2,2,2,2,2,2,2,2,2,2,2,2,2,2,2,2,2,2,2,2,1,2,1,2,2,2,2,2,2,2,2,2,2,2,2,2,2,2,2,1,1,2,1,1,2,3,2,2,2,2,1,2,2,2,2,0,2,2,2,2,1,2,2,2,2,2,2,2,2,2,2,2,2,2,2,2,2,2,1,2,2,2,2,2,2,2,1,2,2,2,2,2,2,1,2,2,1,2,1,2,2,2,1,1,2,2,2,2,1,2,2,3,2,2,2,1,2,0,1,1,2,2,2,2,2,2,2,2,3,3,2,2,2,2,2,2,2,2,3,2,2,2,2,2,2,2,2,1,2,2,2,2,2,2,2,2,2,2,2,2,3,2,2,2,2,2,2,1,2,2,2,3,2,2,2,3,2,3,2,2,3,2,3,3,3,2,1,2,2,2,2,2,2,0,2,2,3,2,2,2,2,3,3,3,2,2,2,2,2,3,2,2,2,2,2,2,2,2,2,1,2,2,2,2,2,3,2,1,2,3,2,0,1,3,2,3,1,2,2,2,2,2,2,2,2,3,2,2,2,3,2,3,2,2,2,2,1,1,3,2,3,3,2,2,2,1,3,2,3,1,3,3,2,3,2,2,2,2,1,2,2,2,2,2,3,2,2,2,2,2,2,2,1,2,3,3,3,2,2,2,2,2,2,2,1,3,2,2,2,2,3,1,1,1,1,1,1,1,2,1,1,1,1,2,1,1,1,2,2,1,1,1,2,1,2,2,2,2,2,2,1,1,3,3,3,2,2,2,2,2,3,4,3,2,2,2,2,2,2,2,2,2,1,2,2,2,2,2,2,2,2,3,3,3,2,3,2,2,2,2,2,2,2,3,2,,1,3,3,2,2,1,3,2,2,2,2,3,2,,2,3,2,2,2,2,2,2,3,2,2,2,2,2,2,3,0,2,2,2,2,2,2,3,3,2,2,2,2,2,2,2,3,3,2,2,3,3,3,3,2,3,2,3,2,2,2,3,2,2,2,2,3,3,2,2,2,2,3,2,,3,1,2,3,2,3,2,2,2,3,3,2,2,3,2,3,2,2,2,2,2,2,2,2,2,2,2,2,2,3,3,3,2,3,2,2,,2,3,2,3,3,3,2,3,3,2,2,2,3,2,2,2,,3,2,2,,3,2,2,3,3,2,2,2,2,2,2,,3,2,2,3,3,2,2,,3,3,,2,3,2,2,2,2,3,3,2,3,2,0,3,3,2,,2,2,3,,2,1,3,4,3,2,,3,3.0,3,1,3,2,2,2,2,2,3,0,3,3,,3,2,2,2,2,,,3,2,2,2,2,2,2,,3,2,3,,3,3,3,3,3,,2,3,3,3,2,2,,3,2,3,3,3,2,3,3,3,3,3,3.0,3,,2,2,2,2,3,3,3,3,2,2,,2,3,2,3,3,3,3,3,2,2,3,3,3,2,3,2,3,2,,3,3,3,2,3,4,3,2,2,2,,3,2,2,2,,2,3,2,3,3,3.0,5.0,,2,3,3,3,2,2,,3,,,5.0,2,2,3,3,,3,2,3,,3,2,,,3,,3,,3,4,,3,2,2,3,3,3,3,3,3,3,3,2,2,2,2,2,3,3,2,3,2,3,2,3,2,3,,4,3,,2,3,,,3,3,,3,3,0.0,3,3,2,2,3,4,3,2,,2,3,3,3,2,3,,3,3,2,2,,2,2,,,,,3,3,3,3,2,3,,2,3,3,,4.0,3,3,,2,,2,3,3.0,2,3,3,,2,,3,2,3,,2,0,,3,,2,4.0,,3,,3,3,2,2,3,,3,3,3,3,,,2,2,0,4,3,3,4,3,2,3,3,,3,3,3,2,3,3,3,2,3,,3,3,,4,,,3,,1,,3,2,3,3,3,3,3,2,3,3,,,,4,2,3,,3,3,4,3,3,2,4,4.0,3,,2,3,3,3,3,1,,2,3,,3,3,3,3,3,3,,,,5.0,,3,,,3,3,,,,29,2,0.015945330296127564
2,2,1,1,1,1,2,2,2,2,2,2,2,1,2,1,2,2,2,2,2,1,2,2,2,2,2,2,2,2,2,2,2,2,2,2,2,3,2,2,2,2,1,3,2,2,2,2,2,3,3,2,2,2,2,2,0,2,1,1,2,2,1,1,2,2,2,2,2,2,2,3,2,2,2,3,2,2,2,1,2,2,1,2,2,1,1,2,2,2,2,2,2,2,2,2,2,2,2,2,2,3,2,2,2,1,1,1,2,2,3,3,3,2,1,2,2,2,2,3,2,1,3,2,2,2,2,2,1,1,2,2,2,1,2,2,2,2,2,2,1,2,1,2,2,2,2,2,2,3,2,2,2,2,2,2,2,2,2,1,1,2,2,2,2,1,1,2,1,2,2,2,2,2,2,2,2,2,2,2,2,2,3,2,2,3,2,2,2,2,2,2,0,2,1,2,2,2,2,2,2,2,3,2,2,2,2,2,2,2,2,2,1,2,2,2,2,2,2,2,2,2,2,2,2,2,0,2,2,2,2,2,1,2,2,2,2,2,2,2,2,2,2,2,2,2,3,3,2,2,2,2,2,2,1,2,1,3,2,2,3,2,2,2,2,2,2,3,2,1,2,1,2,2,0,2,2,2,2,2,2,2,1,1,2,2,2,2,2,3,2,2,2,2,2,2,2,2,2,3,2,1,2,2,2,2,2,2,2,2,2,2,2,2,2,3,2,2,2,2,2,2,2,2,2,2,2,2,2,2,3,2,3,2,1,1,2,2,2,2,1,3,2,2,3,2,2,2,3,2,2,2,2,2,3,2,2,2,2,2,2,2,2,2,2,1,1,2,2,3,2,2,2,2,2,2,2,2,2,2,2,3,3,3,3,2,3,2,2,2,2,3,2,2,2,2,3,2,3,2,2,2,3,2,2,1,2,3,1,2,2,2,1,2,3,4,3,2,2,2,2,2,2,2,1,2,2,2,2,1,2,2,3,2,1,2,3,2,2,3,2,2,2,1,2,2,2,2,2,,2,2,2,2,2,2,3,2,2,2,2,2,2,,2,3,2,2,2,3,2,2,3,2,2,3,3,3,2,3,2,2,2,1,2,2,2,3,3,2,2,2,2,2,2,2,2,2,2,2,3,2,3,3,2,2,2,3,2,2,3,2,2,2,0,2,2,2,2,2,2,2,3,3,3.0,2,2,2,2,2,2,2,1,1,3,2,2,2,3,2,2,2,2,2,2,2,1,2,2,2,2,2,2,2,2,2,2,2,0,2,2,,2,2,2,3,2,3,2,2,3,2,2,2,3,3,2,2,,2,2,2,,3,2,2,2,2,2,2,2,1,2,2,,2,2,2,2,2,2,2,,3,4,,2,2,3,2,2,2,3,3,2,3,2,3,2,3,2,,2,2,2,,2,3,3,4,3,3,,2,,3,3,3,3,2,2,3,2,3,3,2,3,,2,3,2,2,3,,,2,2,2,2,2,2,2,5.0,3,2,2,,3,3,3,3,2,,2,3,3,2,2,2,,3,2,3,2,3,2,3,3,2,3,3,,3,3.0,2,3,2,2,3,3,3,3,2,3,,2,2,3,2,3,3,2,3,2,2,3,2,3,2,3,3,2,2,,2,3,2,3,2,3,3,2,2,2,,2,2,2,2,,2,3,2,3,2,,,,2,2,3,2,3,2,,2,,,,2,2,2,3,,3,3,2,,3,2,,,2,,3,,3,3,,2,3,2,3,2,2,2,2,3,3,2,1,2,2,2,2,3,2,3,3,2,3,0,3,2,2,,3,1,,2,3,,,2,2,,3,4,,3,3,2,3,3,4,0,2,,2,3,3,3,2,3,,2,3,1,2,,2,3,,,,,2,3,3,3,3,3,,2,3,3,4.0,,2,3,,2,,2,3,,2,2,3,,3,5.0,3,2,3,,2,2,,3,2.0,2,,,3,,3,2,3,2,2,,3,3,3,2,,,2,2,2,3,2,2,3,3,2,2,0,,0,2,1,2,2,3,3,2,3,,3,3,,3,,,3,5.0,3,,2,2,3,3,3,2,2,3,3,3,,,,4,2,3,,3,3,4,3,2,1,4,,2,,2,3,3,3,2,2,,3,3,,3,3,3,3,2,3,,,,,,3,,,2,2,,,3.0,30,2,0.0194954128440367
2,2,2,2,2,2,2,2,1,2,1,2,2,2,2,1,2,2,2,2,1,1,2,2,2,2,2,2,1,2,2,2,2,2,3,2,2,2,2,2,2,2,2,3,2,1,2,2,2,3,2,2,2,2,2,2,2,2,2,2,2,2,1,2,2,1,1,2,1,1,2,2,2,2,2,2,2,2,2,2,0,1,1,2,2,2,1,2,2,2,2,2,1,2,2,2,1,2,2,2,1,2,3,2,2,1,1,1,2,2,2,2,2,2,1,1,2,0,2,3,3,1,1,2,2,2,2,1,1,1,0,2,2,2,2,2,2,1,2,1,1,2,1,1,2,2,2,2,1,2,2,2,2,2,2,1,2,2,2,2,0,2,1,2,1,2,1,1,2,1,1,2,1,1,2,2,2,2,2,2,1,2,2,1,1,1,2,1,1,1,2,1,3,2,2,2,2,2,2,2,1,2,3,2,2,2,2,2,2,2,2,2,2,2,2,2,1,2,2,2,2,1,1,1,1,2,2,2,2,2,1,2,2,2,1,2,2,2,2,3,2,2,2,2,2,2,3,3,2,1,2,2,1,2,2,2,1,2,1,2,2,2,2,2,2,2,3,3,2,1,2,2,2,2,2,2,2,2,1,2,1,2,1,2,1,2,1,1,2,2,1,2,2,2,2,2,2,2,2,2,2,2,2,1,2,2,2,2,2,2,2,2,2,2,2,2,1,2,2,2,2,2,2,2,2,2,2,2,2,1,3,2,3,2,2,2,2,2,1,2,1,2,1,2,2,1,2,2,2,2,2,1,2,1,2,2,1,2,2,3,2,2,2,2,2,2,2,1,2,2,2,2,2,2,3,1,2,1,2,1,2,2,2,2,2,2,2,2,1,1,2,2,2,2,2,1,2,2,2,2,1,1,2,2,1,2,2,2,2,2,2,2,2,2,3,4,3,2,2,1,2,2,2,2,1,2,1,2,1,0,2,1,2,2,2,2,3,2,2,2,2,2,2,2,2,2,1,2,1,,2,3,2,2,2,2,3,2,2,1,1,2,2,,2,2,2,2,0,2,2,2,3,2,1,3,2,2,2,3,1,2,1,2,2,2,2,3,3,2,1,2,2,2,2,1,2,2,1,2,3,2,3,3,2,2,2,3,2,2,2,2,2,2,2,2,3,3,2,2,2,2,3,2,,2,2,2,3,2,2,2,2,2,3,2,2,2,2,3,2,2,2,2,2,2,2,2,2,1,1,2,2,2,2,3,3,2,3,2,2,,2,2,2,3,3,2,2,2,3,2,2,2,2,2,2,2,3.0,2,2,2,,2,2,2,3,2,2,2,2,1,2,2,,3,2,2,3,2,2,2,,3,4,4.0,2,3,3,2,2,2,2,3,2,2,2,2,2,2,1,3.0,2,2,3,4.0,2,2,3,3,3,3,,2,5.0,3,2,2,2,2,2,2,2,3,3,2,3,,2,2,2,2,2,,5.0,2,2,1,2,2,2,2,,3,2,2,3.0,3,2,3,2,2,,2,3,3,2,2,2,4.0,3,2,3,2,2,2,3,3,3,3,3,,3,3.0,2,2,2,2,0,2,3,2,2,2,,2,3,2,2,3,2,2,0,2,2,3,2,3,1,3,2,2,2,,2,2,2,3,3,4,2,1,2,2,,2,2,2,3,,2,3,2,0,2,,,,3,2,3,2,2,2,,2,,,,1,0,2,3,,3,2,2,,3,2,,3.0,2,,2,,3,3,,2,3,2,2,3,2,3,3,3,3,3,2,2,2,2,2,3,2,2,3,1,2,2,3,2,2,,3,2,,2,3,,3.0,2,2,,2,3,,3,2,2,3,3,3,3,2,,2,2,2,3,2,3,3.0,2,2,2,2,,2,2,,,,,3,2,2,3,3,2,4.0,3,3,2,,,2,3,,1,,1,3,,2,3,2,,3,,3,2,3,,3,2,,3,,2,,,3,,2,3,2,2,2,4.0,2,3,3,2,,,2,2,3,3,3,2,3,2,3,3,3,,2,3,3,2,2,2,2,2,2,,3,3,,3,,,3,,3,,2,2,3,2,3,2,3,2,3,3,,4.0,,4,2,3,,2,3,3,3,3,2,4,4.0,3,,3,3,3,2,3,3,,3,3,,3,2,3,3,3,3,,,,5.0,,3,,,3,3,,,,31,2,0.03218390804597701
2,2,2,2,2,2,2,2,2,3,2,2,2,2,2,2,1,2,2,2,2,2,2,2,3,2,3,2,2,2,2,2,3,3,3,2,2,2,3,3,2,2,2,3,2,2,2,2,2,3,3,2,3,2,2,2,2,2,2,2,3,2,1,2,2,1,2,2,1,2,2,3,2,3,2,3,3,2,2,2,2,2,2,2,2,2,1,1,2,2,2,2,0,2,2,3,1,2,2,2,2,2,2,2,3,1,1,2,1,0,2,2,2,2,2,2,2,2,2,3,3,1,3,2,3,2,3,1,2,2,2,2,2,2,2,2,2,2,2,3,3,2,2,2,2,2,2,2,2,3,3,2,2,2,2,2,3,3,2,2,1,2,2,2,2,2,2,3,2,2,2,2,2,2,2,3,2,2,3,2,2,3,3,2,2,3,2,2,2,2,0,2,3,3,2,2,2,2,3,2,2,2,3,2,2,2,2,3,2,2,2,2,2,3,2,2,2,2,2,3,2,2,2,2,3,3,2,2,2,2,2,2,2,2,2,2,2,2,1,3,3,3,2,2,3,2,3,3,3,2,3,2,2,2,2,2,2,3,2,2,3,2,2,2,2,3,3,3,2,2,3,2,3,3,3,2,3,3,2,2,2,2,2,2,3,2,3,2,2,3,2,3,2,3,2,2,2,3,2,3,1,2,2,2,2,2,2,3,2,3,2,2,2,3,2,3,2,3,2,3,2,2,2,2,2,2,2,2,2,2,3,3,3,2,3,3,2,2,2,2,2,3,2,3,3,2,2,2,3,3,3,2,2,2,3,2,2,2,2,3,2,2,2,2,3,2,1,2,2,2,2,2,2,2,3,1,2,2,3,2,2,3,3,3,3,3,3,3,3,3,3,3,3,2,3,2,3,2,3,3,2,2,3,3,2,2,2,3,2,2,2,2,2,2,3,0,3,2,2,2,2,2,2,2,2,2,2,2,3,3,2,2,3,2,1,0,3,3,2,3,2,2,3,2,2,2,3,3,2,,2,3,3,2,2,2,3,2,2,2,2,3,2,,3,3,2,2,2,2,2,2,3,2,2,0,2,2,2,3,2,2,3,2,2,3,2,3,3,2,2,3,2,2,2,2,3,3,2,2,3,3,3,3,2,3,2,3,2,2,3,3,2,2,2,2,1,3,2,2,2,2,4,3,,2,2,3,3,2,2,2,3,1,3,3,2,2,3,3,2,2,3,2,2,3,2,3,2,2,2,2,2,3,3,3,3,3,3,3,3,,2,3,3,3,3,3,2,3,3,3,2,2,3,3,2,2,5.0,3,2,2,,3,3,2,3,3,2,2,2,3,2,3,,3,3,3,3,3,2,2,,3,4,,2,3,3,2,2,2,3,3,2,2,3,3,3,3,3,,3,3,3,,2,3,3,3,3,3,,3,,3,3,3,3,2,2,3,3,3,3,2,3,,2,3,2,3,3,4.0,,2,2,2,3,2,2,2,,3,2,3,,3,3,3,2,2,,2,3,3,2,3,3,,4,2,3,2,3,3,3,3,3,3,3,,3,,3,3,3,2,3,3,3,3,2,3,,2,3,2,3,3,3,3,3,3,2,3,2,3,2,3,3,3,2,,3,3,3,3,3,3,3,2,2,3,,3,2,3,3,,2,3,2,3,3,4.0,0.0,,3,3,3,3,3,3,,2,,0.0,,2,3,3,3,3.0,4,3,3,,3,3,,,3,,3,,3,4,,2,3,3,3,3,3,3,3,3,3,3,3,3,3,2,3,3,3,3,3,2,4,2,3,2,3,,4,3,,0,3,,,3,3,,3,4,4.0,4,3,2,0,3,4,3,3,,3,3,3,3,3,3,,3,3,2,3,,2,3,,,,,3,3,2,3,3,2,,3,3,3,,,2,3,,3,,3,3,4.0,3,3,3,,2,,3,2,3,,3,2,,3,,3,,,3,,3,2,3,3,3,,3,3,3,3,,,3,3,3,3,3,3,4,3,3,3,3,,3,3,3,2,3,3,3,3,3,,3,3,,4,,,3,,3,,3,2,3,3,3,3,3,3,3,3,,,5.0,4,2,3,,3,3,4,3,3,2,4,,3,3.0,3,3,3,3,3,3,,3,3,,3,3,4,3,3,3,,,,,,4,,,3,3,,,,32,2,0.018285714285714287
2,1,2,2,1,2,2,2,2,2,1,2,2,1,1,2,1,1,2,1,1,1,2,1,2,2,2,2,1,2,1,2,2,2,2,1,2,2,2,2,2,1,2,3,1,2,1,2,2,2,2,2,2,1,2,2,2,2,1,2,2,2,1,1,1,1,2,2,1,1,2,2,2,2,2,2,2,2,2,2,1,1,1,1,1,2,1,1,2,2,2,2,1,1,2,2,2,2,2,1,2,2,2,2,2,1,1,1,2,2,0,2,2,2,1,1,1,2,2,2,2,0,2,2,2,2,2,2,1,1,2,2,1,2,2,2,2,1,2,2,2,2,1,2,1,1,2,1,2,2,2,2,1,1,1,2,2,2,1,2,1,1,2,1,2,1,1,1,1,1,2,2,1,1,2,2,2,2,2,2,1,2,2,1,1,2,1,1,2,1,1,1,2,2,2,2,2,2,2,1,2,2,2,1,2,2,2,2,1,2,1,1,1,2,1,1,2,2,2,2,2,1,2,2,2,2,1,2,1,2,2,1,1,1,2,2,1,2,2,2,2,2,2,2,2,1,2,3,2,1,2,2,1,1,2,1,1,1,1,2,2,2,2,2,2,2,2,2,2,1,2,2,2,2,2,1,2,2,2,2,1,2,1,1,2,2,2,0,1,2,1,2,2,2,2,1,1,2,2,1,1,2,2,1,2,2,1,2,1,2,2,2,2,2,2,2,1,2,1,2,1,2,2,2,2,2,2,2,2,1,2,2,3,1,2,2,2,2,1,2,1,2,2,2,2,2,2,2,2,2,2,2,2,1,2,2,1,2,2,2,2,2,1,1,0,1,2,1,1,2,2,1,2,2,2,1,2,1,2,2,2,2,2,2,2,2,2,2,2,2,2,2,2,1,2,2,2,2,2,1,2,1,2,2,1,1,2,2,2,2,2,1,2,1,3,4,3,2,2,1,1,2,2,2,1,1,1,1,2,2,2,2,1,1,0,2,2,2,1,2,1,1,2,2,2,2,2,2,2,,0,2,2,2,2,2,2,2,1,2,2,2,2,,2,2,2,2,2,2,2,2,2,1,1,2,2,2,1,3,2,2,2,2,2,2,2,3,3,1,1,2,2,1,1,1,2,2,2,2,3,2,3,3,2,2,2,3,2,1,2,2,3,2,2,1,2,2,1,2,2,2,3,2,,2,0,2,2,2,2,1,2,1,1,2,2,2,2,2,2,2,1,1,1,2,1,2,1,1,1,2,2,2,2,2,2,2,2,2,2,,2,2,2,3,3,2,1,2,2,2,2,2,2,2,2,2,,2,2,2,5.0,2,2,2,2,2,2,2,2,2,2,2,,2,2,2,2,2,1,2,5.0,2,3,4.0,2,2,2,2,2,1,2,3,2,2,3,2,3,2,2,,2,2,2,,2,2,2,3,3,3,,2,,3,2,2,2,2,1,2,2,2,2,1,2,2.0,1,2,2,2,2,,,2,2,2,2,2,2,2,,3,2,2,,3,3,2,2,2,,2,3,2,2,2,2,,3,2,3,2,2,2,2,3,2,2,2,,3,,2,2,2,2,2,2,2,0,1,2,,2,3,2,2,2,3,2,2,2,2,2,2,2,2,2,2,3,2,,2,2,2,3,2,3,2,2,1,2,,2,2,2,2,,2,3,2,3,3,,,,2,2,3,2,2,2,4.0,2,5.0,,,2,2,2,2,,3,2,2,,2,2,,4.0,2,,2,,0,3,,2,2,2,2,2,2,2,3,3,3,2,2,2,2,2,1,3,2,2,2,2,3,1,2,2,2,3.0,3,2,,1,2,,,2,2,,2,3,,3,2,2,2,3,3,3,2,,2,2,2,2,2,3,,2,0,1,2,,1,2,,,,3.0,2,2,2,3,3,2,,2,2,2,4.0,,2,2,,2,,2,2,,2,2,2,,2,,3,2,3,,2,2,,3,,2,,,3,3.0,2,2,2,2,2,,2,3,2,2,,,2,2,2,3,2,2,3,2,2,2,2,,2,2,2,2,2,2,3,2,2,,3,2,,3,,,3,,2,4.0,2,2,3,2,2,2,2,2,3,2,,,,3,2,3,,2,3,2,2,2,2,3,,2,,2,3,2,2,2,2,,2,2,,3,2,3,3,2,3,,,,,,3,,,2,3,,,5.0,33,2,0.02288329519450801
2,2,2,2,2,2,2,2,2,1,2,2,1,2,1,2,2,2,2,2,2,2,3,2,3,2,3,3,2,2,2,3,3,3,3,2,2,3,2,3,2,2,2,3,2,2,2,2,3,3,3,2,2,2,2,2,3,3,2,3,1,1,2,2,2,1,2,2,2,2,3,3,3,2,2,3,3,2,3,2,2,2,2,2,2,2,1,2,3,2,2,3,1,2,1,2,2,2,3,3,2,3,3,1,1,2,2,2,2,3,3,0,3,2,2,2,2,2,3,3,2,2,2,2,3,2,3,2,2,2,2,2,2,2,3,2,3,2,2,2,2,2,2,2,2,2,2,2,2,2,2,3,2,2,2,2,2,1,2,2,1,1,2,2,2,2,1,1,2,2,2,2,2,2,2,3,2,2,2,2,2,2,1,2,2,3,2,2,2,2,2,2,3,3,2,2,2,2,2,2,2,2,3,2,1,2,1,2,2,2,2,2,2,1,2,2,3,3,2,2,2,2,2,2,3,2,2,3,2,2,2,2,1,2,2,3,2,3,2,3,3,2,2,2,3,2,2,2,3,2,2,2,2,2,2,2,2,2,2,2,3,2,2,2,2,0,1,2,2,2,2,2,3,3,3,2,3,2,2,3,2,3,2,1,2,2,3,2,2,3,2,2,2,2,2,1,1,3,3,3,2,2,2,2,3,3,2,2,2,3,2,3,2,3,2,3,2,3,2,3,0,1,2,2,2,3,2,3,3,2,3,2,2,2,3,3,2,3,2,2,2,3,2,2,2,2,2,2,3,2,1,2,2,2,3,2,2,3,2,2,2,2,2,2,3,2,2,2,1,3,3,2,2,2,2,2,1,1,2,1,2,2,2,2,2,2,2,2,2,2,1,2,0,1,2,2,2,2,2,2,2,2,3,2,2,2,2,2,2,2,3,2,3,2,4,4,3,2,3,2,2,2,2,3,2,2,2,2,3,2,2,2,3,2,1,2,3,3,2,3,1,2,3,3,3,2,2,2,3,,2,2,2,2,3,3,3,2,2,2,2,3,3,,2,2,2,2,2,3,3,2,3,2,2,3,3,3,2,3,2,3,2,2,2,2,2,2,3,2,2,2,2,2,2,2,2,3,1,2,2,2,2,1,2,3,2,3,2,2,2,3,3,2,3,2,3,3,2,2,2,2,3,3,,2,2,3,3,2,2,2,3,1,3,3,2,2,2,3,3,2,3,3,3,3,1,3,2,2,2,2,3,3,3,2,2,2,2,2,2,,2,2,3,0,2,3,3,2,2,3,1,2,2,2,2,2,,3,2,2,,3,3,3,3,2,2,2,3,2,0,3,,3,3,3,3,3,2,2,,3,4,,2,1,3,2,2,2,3,3,2,2,3,3,3,3,2,,3,3,3,5.0,3,2,3,4,3,3,,3,,3,3,3,3,2,3,3,2,3,3,3,3,,2,3,3,3,3,,,2,2,2,2,3,2,2,2.0,3,3,3,,1,3,3,3,3,3.0,2,3,3,2,3,3,,4,2,3,3,3,3,3,3,3,3,2,,3,,3,2,2,3,3,3,3,3,2,3,,2,3,2,2,3,3,0,3,3,2,3,3,3,3,2,2,3,2,,3,3,3,2,2,4,2,2,2,2,,2,2,3,2,,2,3,2,3,3,,,,3,2,3,3,3,3,,3,,,,1,2,3,3,,3,3,3,,3,2,,,3,,3,,3,4,,3,3,2,3,3,3,3,1,3,3,3,3,2,3,2,2,3,3,3,3,0,3,2,3,1,1,,3,3,,2,3,,,3,3,,3,3,,4,3,2,2,3,4,3,3,,3,3,3,3,2,3,,3,3,2,2,,2,3,,,,,3,3,3,3,2,3,,2,3,3,,,2,3,,2,,2,3,,3,3,3,,3,,4,3,3,,3,2,,4,,3,,,3,,3,2,1,2,3,,3,3,3,3,,,2,2,3,3,3,2,3,3,3,3,3,,3,3,3,2,3,3,3,0,3,,2,3,,3,,,3,,2,,3,2,3,3,3,3,1,2,2,3,,,,4,2,3,,3,3,3,3,2,2,4,3.0,2,,3,3,3,0,3,3,,3,3,,3,3,4,4,3,3,,,,,,4,,,2,3,,,3.0,34,2,0.01141552511415525
2,3,2,3,2,2,2,2,2,2,2,2,2,1,2,2,2,2,2,2,2,2,3,2,3,2,3,2,2,2,2,3,2,2,3,2,2,3,2,2,2,2,2,2,2,2,2,2,3,3,3,2,3,2,3,2,2,2,2,2,3,2,2,2,2,2,3,2,2,2,3,3,3,3,2,3,3,2,0,1,2,2,2,2,2,2,1,2,3,2,2,3,2,1,2,2,2,3,2,2,3,2,3,2,2,2,2,2,2,3,3,3,3,2,2,2,2,2,3,3,3,2,3,3,3,3,2,3,2,2,2,2,2,2,2,2,2,2,2,2,2,2,2,2,3,2,2,2,3,3,3,3,2,2,2,3,2,3,3,3,1,3,2,2,1,2,2,2,2,2,2,2,2,1,3,3,3,2,3,2,2,3,3,2,2,3,3,3,3,2,2,2,3,3,3,3,2,2,3,2,2,2,3,3,2,0,2,2,3,2,2,2,2,2,2,2,2,2,2,3,3,3,2,2,3,3,2,3,2,3,3,3,2,2,2,3,2,3,2,3,3,3,2,3,3,3,3,3,3,2,3,2,3,3,2,2,2,3,3,2,2,2,3,2,2,2,2,2,2,2,3,2,2,2,2,2,3,3,2,3,2,2,2,2,3,2,2,3,3,3,2,3,3,3,3,2,2,2,3,3,2,2,2,2,2,3,2,3,2,3,2,3,3,3,2,0,3,3,2,3,3,2,2,3,3,2,2,2,3,2,3,2,2,2,3,3,2,2,3,2,1,3,2,2,3,3,2,3,3,2,3,2,2,2,3,3,2,3,2,2,3,2,2,3,3,3,2,2,2,3,3,2,3,2,2,2,2,2,3,2,3,3,3,3,3,3,3,3,2,3,2,3,0,2,3,2,3,3,3,3,2,3,3,3,2,2,2,2,3,2,3,3,3,2,3,4,3,2,2,2,2,2,3,2,2,3,2,2,2,2,2,3,3,3,2,3,3,3,2,3,2,2,3,2,2,2,2,2,2,0.0,2,3,2,2,3,3,3,3,2,2,3,3,3,,2,3,1,2,2,3,3,3,3,2,2,3,3,3,2,3,2,2,1,2,2,3,3,2,2,3,3,3,3,2,2,2,2,2,1,2,0,2,1,2,2,3,2,3,3,2,2,3,3,2,3,2,3,3,2,2,2,2,3,3,,2,2,3,3,2,3,2,3,2,3,0,3,3,2,2,2,3,3,3,3,3,2,3,2,2,2,2,2,2,2,3,3,2,3,3,3,,2,2,2,3,3,3,3,2,3,3,3,2,3,3,2,3,,2,1,3,,3,3,3,3,2,3,2,3,2,2,3,,3,3,2,3,3,2,2,,3,4,,3,2,3,3,2,2,3,3,3,3,3,3,0,3,3,3.0,3,3,3,,2,3,3,4,4,4,,3,,3,3,3,3,2,3,3,3,3,3,3,3,,3,3,3,2,3,,5.0,2,3,3,3,3,2,2,,3,3,3,,3,3,3,3,2,,2,3,3,2,3,3,,4,2,4,3,3,2,3,3,3,3,3,,3,5.0,3,3,2,3,3,2,3,3,2,3,,3,3,3,2,3,3,2,4,3,3,3,2,3,2,3,3,3,2,,3,3,3,3,3,4,3,2,2,3,,3,3,3,3,,3,4,3,3,3,,,,3,2,3,3,3,3,,3,,,,3,2,3,3,,4,3,3,4.0,3,3,,,3,,3,,3,4,,3,3,3,3,3,3,3,2,3,3,3,2,3,2,2,3,4,3,3,3,2,3,2,3,3,3,,3,3,,3,3,,5.0,3,3,,3,4,5.0,4,3,2,3,3,4,3,3,,3,3,3,3,3,3,3.0,3,3,2,3,,2,3,,3.0,,,3,3,3,4,3,4,,3,4,4,5.0,,3,3,,3,,3,3,,3,3,3,,3,,3,2,3,,3,2,,4,,3,,,4,,3,3,3,3,3,,3,3,3,3,,,3,3,3,4,3,2,3,3,3,3,3,,3,3,3,2,3,3,4,3,3,,4,3,,4,,0.0,3,,3,,3,3,3,0,3,3,3,3,3,3,,,,4,2,3,,3,3,4,3,3,2,4,,3,,3,3,3,3,3,3,,3,3,,4,3,4,4,3,3,,,,,,4,5.0,5.0,3,3,,,,35,2,0.02522935779816514
2,2,2,2,2,2,2,2,1,2,2,2,1,2,2,0,2,1,1,1,2,2,2,1,2,2,2,2,2,2,2,2,2,3,3,2,2,3,2,2,2,2,2,3,2,2,2,2,2,3,2,2,2,2,2,1,2,2,1,2,2,2,2,2,1,2,2,2,2,1,2,2,3,1,1,3,2,1,2,2,2,1,1,2,2,2,2,2,2,2,2,2,2,2,2,2,2,2,2,2,2,2,2,2,2,2,2,2,2,2,2,3,3,2,1,2,2,2,2,2,2,1,2,2,2,1,2,2,1,2,2,2,2,1,2,2,2,2,2,1,1,2,2,2,2,1,2,2,2,2,2,2,2,2,2,2,2,2,1,2,1,2,2,2,2,2,0,2,2,2,2,2,2,1,1,1,2,1,2,2,1,1,2,2,2,2,2,2,2,2,2,2,3,2,2,2,2,2,2,2,2,2,3,2,2,2,2,2,2,1,2,2,2,2,2,2,2,2,1,2,2,2,2,2,2,2,1,2,2,2,2,2,2,1,2,2,2,2,2,2,2,2,2,1,2,2,3,2,2,1,2,2,2,2,2,2,2,3,2,2,2,2,2,2,2,2,2,2,2,1,3,2,2,2,2,2,3,2,2,2,2,2,2,1,2,1,2,2,2,3,2,2,2,2,2,2,2,2,2,2,2,1,2,1,2,2,2,0,2,2,2,2,2,2,1,2,2,2,2,2,2,2,2,2,2,2,2,2,3,2,2,2,2,1,2,2,2,2,2,2,2,2,2,2,2,2,2,1,3,2,2,1,2,1,2,2,2,2,2,2,2,2,2,2,2,2,1,2,2,2,2,2,2,2,2,2,1,2,2,2,2,2,3,3,2,2,2,2,2,2,2,2,2,1,2,2,3,2,3,2,2,2,2,2,1,1,2,2,2,2,2,2,2,2,3,4,2,2,2,2,1,2,1,2,1,2,2,1,2,1,2,2,3,2,2,2,3,3,2,3,2,2,2,2,2,2,1,2,2,,2,3,2,2,2,2,2,2,2,2,2,2,2,,2,2,2,2,2,3,2,2,3,1,1,3,2,2,2,3,2,2,2,2,2,2,2,3,3,2,2,3,1,2,2,2,2,2,2,2,3,3,2,3,2,2,2,2,2,2,2,2,2,2,2,2,3,2,2,2,2,2,4,3,,2,2,2,2,2,2,2,2,1,3,3,2,2,3,2,2,2,3,2,2,2,2,2,2,2,2,2,2,3,3,2,3,2,2,2,2,,2,3,2,2,2,3,2,2,0,2,2,2,3,3,2,2,,2,2,2,,3,3,2,2,2,2,2,2,2,2,2,,2,2,3,2,3,2,2,,3,4,,2,3,2,2,2,2,3,3,2,3,2,2,3,3,2,,3,2,3,,2,3,3,3,3,3,,3,,2,2,2,2,2,2,2,1,3,3,2,3,3.0,2,3,2,2,3,,,2,1,2,2,2,2,2,,2,2,2,,2,3,3,2,2,,2,3,3,2,2,2,,3,2,3,2,3,2,2,3,2,3,2,,3,,3,3,1,2,2,2,3,0,3,3,,3,3,2,2,3,3,2,3,3,2,3,3,3,2,2,2,2,2,5.0,2,2,2,3,3,3,3,2,2,3,,2,2,3,2,,2,3,2,3,3,,,,2,2,3,2,2,3,,2,,,,2,2,2,3,,3,3,2,3.0,3,2,,,3,,3,,3,3,,2,3,2,3,3,3,3,3,3,3,3,2,2,3,2,3,2,2,3,3,2,2,1,3,3,1,,3,2,,2,3,4.0,,2,2,,3,4,,3,3,2,3,3,4,2,2,,2,3,3,3,3,3,,2,3,1,2,,2,3,,0.0,,,3,3,3,3,2,3,,2,3,3,,,2,3,,2,,2,3,,3,2,3,,3,,3,2,3,0.0,2,2,,3,,3,,,3,,2,2,3,2,2,,3,3,2,3,,,2,2,2,3,2,3,3,2,2,2,3,,2,2,2,2,2,3,2,3,2,,3,3,,3,,,3,4.0,2,,2,0,3,2,2,3,2,3,2,3,,,,4,2,3,0.0,3,3,3,3,0,1,3,,2,,2,3,3,3,2,2,,2,3,,3,3,3,3,3,3,,,,,,3,,,3,3,,,3.0,36,2,0.019473081328751432
2,2,2,2,2,1,2,2,2,3,2,0,2,1,2,2,1,2,2,2,2,1,2,2,2,2,3,2,2,2,2,2,3,2,2,2,2,3,3,2,2,2,2,3,2,2,2,2,2,2,2,2,2,2,2,2,2,2,1,2,2,2,1,2,1,2,2,3,2,2,2,2,2,2,2,2,3,2,2,2,2,2,1,1,1,3,2,1,1,2,2,2,1,2,2,2,2,2,2,2,2,2,2,2,2,2,1,1,2,2,2,3,2,2,2,2,2,2,2,3,3,1,2,2,2,2,2,2,1,1,2,2,2,2,2,2,3,2,2,2,2,2,2,2,2,1,2,2,0,2,2,2,1,2,2,1,2,2,2,1,1,2,2,2,2,2,1,1,1,2,2,2,2,2,2,2,3,2,2,2,1,2,2,1,2,3,2,2,2,2,2,1,2,2,2,2,2,2,2,2,2,2,3,2,2,2,2,2,2,0,1,1,2,2,2,2,2,2,2,2,2,2,2,2,2,2,2,2,2,2,2,2,2,1,2,2,2,2,2,2,1,2,2,1,1,2,3,3,2,1,2,2,1,2,2,2,2,2,2,2,2,2,2,2,2,3,2,3,2,1,2,2,2,2,2,2,2,2,2,2,1,2,1,1,2,2,2,2,2,2,0,2,2,2,2,2,2,3,2,2,1,1,2,2,2,2,2,3,2,2,2,2,2,3,2,3,2,2,2,2,2,2,2,2,2,2,2,1,2,2,3,2,3,2,3,3,2,2,2,2,2,3,1,2,2,2,2,2,0,1,2,2,2,2,3,2,2,1,2,3,3,2,2,2,2,1,1,2,2,2,3,2,2,2,2,2,2,2,2,2,2,2,3,3,3,2,3,2,2,2,2,3,2,1,2,2,3,2,3,2,2,2,2,2,2,2,2,2,2,2,2,2,2,2,4,4,3,2,2,2,1,2,2,2,1,2,2,2,2,2,2,2,2,2,1,3,3,2,2,3,2,2,3,2,2,2,2,2,2,,2,3,2,2,2,2,3,2,2,2,2,2,2,,2,2,2,2,2,2,2,2,3,2,2,3,3,3,2,3,2,2,2,2,2,2,2,3,3,2,2,2,2,1,1,2,2,2,2,3,3,3,2,3,2,2,2,3,2,2,2,2,2,2,3,2,3,3,1,2,2,2,3,2,,3,2,2,2,2,2,2,2,2,3,3,2,2,2,2,2,2,2,2,2,2,1,3,2,2,2,2,2,3,3,2,3,2,3,2,2,,2,2,2,3,3,1,2,2,3,2,2,2,3,2,2,2,,2,2,2,4.0,3,2,2,2,2,2,2,2,2,2,2,,2,2,3,2,2,2,2,,2,4,,2,3,3,2,2,2,3,3,0,3,3,3,3,3,2,,2,2,3,,2,3,3,3,2,3,,3,,2,2,3,3,2,2,2,2,3,3,2,2,5.0,2,3,2,2,3,,,2,2,3,2,2,2,2,,2,2,2,,3,2,3,3,3,,2,3,3,2,2,2,,3,2,3,0,2,2,3,3,2,3,3,,3,,2,2,3,2,3,3,3,3,2,2,,2,3,2,3,3,3,2,3,3,2,2,2,3,2,0,2,3,2,,2,2,2,3,2,4,3,2,2,2,,2,2,3,2,3.0,2,3,2,3,3,,,,2,2,3,2,3,2,,2,,,,2,2,3,3,,3,3,2,,3,2,,,2,,3,0.0,3,4,,3,3,2,3,3,2,2,3,3,3,2,2,0,2,2,2,3,2,3,3,2,3,2,3,2,3,,3,2,,2,2,,,2,2,,2,3,,3,3,2,3,3,2,3,2,,3,3,2,3,2,3,,2,3,2,2,,2,3,,,,,3,3,3,3,3,3,,3,3,3,,,2,3,,2,,2,3,,2,2,3,,3,,3,2,4,,3,2,5.0,3,,2,,,3,,3,2,2,2,2,,3,3,3,3,4.0,,2,2,3,4,3,2,3,2,3,2,2,,3,2,2,2,3,3,3,2,3,,3,3,,4,,,3,,3,5.0,2,2,3,3,3,2,3,2,3,3,,,3.0,4,1,3,,3,3,3,3,2,3,4,,2,,3,3,3,3,2,3,,3,3,,3,3,3,3,2,3,,,,,,3,,,3,3,,,,37,2,0.016
2,2,2,2,2,1,2,1,2,2,0,1,2,1,2,2,2,2,2,2,1,1,2,2,2,1,2,1,1,2,2,1,2,2,2,1,2,2,2,2,1,2,2,1,1,2,2,2,2,3,3,1,2,2,2,2,2,2,2,2,2,2,1,2,1,1,2,2,2,1,2,3,2,2,2,2,2,2,2,2,2,2,1,2,2,2,1,2,2,2,2,2,2,1,0,2,1,2,2,2,2,2,2,2,2,1,2,1,2,2,3,3,2,1,2,1,1,2,2,2,2,1,2,2,2,2,2,2,1,2,2,2,2,1,2,2,2,2,2,2,2,1,2,2,2,2,2,2,2,2,2,1,2,2,2,2,2,2,2,2,1,2,2,2,2,1,2,2,2,1,2,2,2,1,2,3,2,2,2,2,2,2,2,2,2,3,2,2,2,2,2,2,3,3,2,2,2,2,2,2,2,2,2,2,2,2,1,2,2,2,2,2,2,1,1,2,2,2,2,2,2,2,2,2,2,2,2,3,2,2,2,2,2,2,2,2,2,2,2,3,2,2,2,2,2,2,2,1,2,2,2,2,2,2,2,2,1,2,2,2,2,2,2,2,2,2,1,2,2,2,2,2,2,3,2,2,2,2,2,2,2,2,2,2,2,2,2,2,2,3,2,2,2,2,1,2,2,2,2,2,2,2,2,2,2,2,0,2,2,2,2,2,2,3,2,3,2,2,2,2,2,2,2,2,2,1,1,1,2,1,2,2,1,2,3,3,2,2,2,1,2,3,1,2,3,2,0,2,3,2,2,1,2,2,3,2,2,2,0,2,2,0,2,2,2,2,1,2,2,2,2,2,2,2,1,2,2,2,3,2,2,2,3,3,3,2,3,2,2,2,2,3,2,2,3,2,3,2,3,2,1,2,3,2,2,2,1,0,2,1,2,2,2,2,3,4,2,2,2,2,2,2,2,2,2,2,2,2,2,2,2,2,3,2,1,2,2,1,2,2,2,2,2,2,1,2,2,2,2,,2,2,2,2,2,1,2,2,2,2,2,2,2,,2,3,1,2,2,2,2,2,3,2,2,3,2,2,2,3,2,2,2,2,2,2,2,2,2,2,2,3,2,2,1,2,2,2,1,1,2,2,1,1,1,1,1,3,2,1,2,1,2,2,2,2,3,3,2,2,2,2,3,2,,1,2,2,2,2,2,2,3,1,3,1,2,2,2,2,2,2,3,2,2,2,2,2,2,1,2,2,2,3,2,2,3,2,2,3,1,,2,2,3,2,1,3,2,2,2,3,2,2,3,2,2,3,,3,2,2,4.0,3,3,2,3,2,2,2,2,3,2,2,,3,2,3,3,2,2,2,,3,4,,2,2,3,2,2,2,3,3,2,3,3,3,2,3,2,,3,2,3,,2,3,3,3,3,3,,3,3.0,3,2,3,3,2,2,3,2,3,3,2,2,,2,3,2,2,3,,,2,2,2,2,2,2,2,,3,2,2,,2,3,3,2,2,3.0,2,3,3,2,2,2,,3,2,3,2,3,2,3,3,3,1,2,,3,,3,3,2,2,3,2,3,2,2,2,,3,3,2,2,2,2,2,3,2,2,3,1,2,2,2,2,3,2,,2,3,2,3,3,4,3,2,2,2,,2,2,2,2,4.0,2,3,3,3,3,,,,3,2,3,2,3,2,4.0,2,,,,2,2,2,2,,3,3,3,,2,2,,,2,,3,,3,4,,3,3,2,2,3,3,3,2,2,3,3,2,2,2,2,2,3,2,0,3,2,3,1,3,2,2,,3,3,,2,3,,,3,2,,3,3,,3,3,2,3,3,4,2,2,,2,3,3,3,2,3,0.0,3,2,1,3,,2,2,,,,3.0,3,3,3,3,3,3,,3,3,3,,5.0,2,2,,3,,3,2,,2,3,3,,3,,3,2,2,,3,2,,3,,2,,,3,,3,2,3,2,3,,3,2,2,2,,5.0,2,2,2,3,3,2,3,2,2,3,3,,3,3,2,2,3,3,3,2,3,,3,2,,3,,,2,,3,,2,2,2,2,0,3,2,2,2,2,,,,3,2,3,,3,2,3,2,2,1,3,,2,,2,3,2,3,2,2,,3,3,,3,2,3,3,2,3,,,,,,2,5.0,,3,3,,,3.0,38,2,0.021764032073310423
2,2,1,1,1,2,0,2,2,3,1,2,2,2,2,2,2,2,2,2,2,1,2,2,2,2,2,2,1,2,2,2,2,2,3,2,2,2,2,2,2,2,2,3,2,2,0,2,2,2,2,1,2,2,2,1,1,2,1,1,2,2,1,1,2,1,2,2,2,1,2,2,3,3,2,3,2,2,2,2,2,1,1,1,2,2,1,2,2,1,2,2,2,2,2,2,1,2,2,2,2,2,2,2,2,2,2,1,1,0,2,3,2,2,2,2,2,2,2,3,3,1,3,2,2,2,1,2,1,2,2,2,1,2,2,2,2,1,2,1,1,2,1,2,3,2,2,2,3,2,2,2,2,2,2,2,3,2,1,1,1,2,2,2,2,2,2,2,2,1,1,2,2,2,2,2,2,2,3,2,2,2,3,1,1,2,2,2,2,2,2,2,2,1,2,2,2,2,2,2,2,2,3,2,2,2,2,2,2,1,1,1,2,2,2,2,2,2,2,2,3,2,2,2,2,2,2,2,2,2,2,2,2,2,1,2,1,1,2,2,2,2,2,2,1,2,3,3,2,1,2,2,1,2,2,2,2,2,2,2,2,2,2,2,2,3,3,3,2,2,2,2,1,2,2,2,3,2,2,2,2,1,2,2,2,2,2,2,2,3,2,2,2,3,2,2,2,2,2,1,1,2,2,1,2,1,2,2,2,2,0,2,2,3,1,3,1,2,2,2,2,2,2,1,2,1,2,2,2,1,3,3,3,2,2,2,2,2,1,2,1,2,2,2,3,2,1,2,3,2,3,2,2,2,3,1,2,2,3,3,2,2,2,2,2,2,1,2,2,2,3,1,2,2,3,2,2,2,3,2,2,2,3,3,3,2,3,2,2,1,2,3,3,2,2,2,3,2,3,2,2,2,3,3,2,2,2,3,1,0,2,2,1,2,4,4,3,2,1,2,2,2,2,2,1,2,2,2,1,1,2,2,3,2,2,2,3,2,2,2,2,2,2,2,2,2,2,1,1,,2,3,3,2,2,2,3,2,2,2,2,2,2,4.0,2,2,2,2,2,2,2,2,3,1,2,3,2,2,2,3,1,1,2,2,2,2,1,3,3,2,2,2,2,2,2,1,2,2,2,2,3,3,3,3,2,2,2,2,2,2,3,3,2,2,2,1,2,2,2,2,1,2,3,3,,2,2,2,2,2,2,2,2,1,3,2,2,2,3,3,2,2,3,2,2,2,2,3,2,1,2,2,2,2,2,2,3,2,3,2,2,,2,2,2,3,3,3,2,2,3,2,2,2,3,3,2,2,,2,1,2,,2,3,2,2,2,2,2,2,2,2,2,,3,2,2,2,2,2,2,,2,4,,2,3,3,2,2,1,3,3,2,3,2,3,2,2,3,,2,2,2,,2,3,3,3,2,3,,2,,2,0,2,2,2,2,3,2,3,3,2,3,,2,2,2,2,3,,3.0,2,2,2,2,2,2,1,3.0,3,2,2,,3,2,3,2,2,,2,3,2,1,2,2,,3,2,3,2,3,2,3,3,2,3,3,,2,,2,3,3,2,3,0,3,2,2,2,,3,2,3,3,3,3,3,2,2,2,3,2,3,2,3,2,2,2,,2,2,2,3,3,3,3,2,2,3,,2,2,2,2,,2,3,2,3,3,,,,2,2,3,2,2,2,,3,,,,2,2,2,3,,3,3,2,,3,3,,,3,,0,,3,3,,3,3,2,2,3,3,2,3,3,3,2,2,2,2,1,3,3,2,2,3,2,2,2,3,2,3,,4,2,,2,3,,,2,2,2.0,3,4,,3,3,2,3,2,4,3,0,,2,3,2,3,3,3,,2,2,2,3,,1,2,,,,,2,3,2,3,3,3,3.0,2,3,3,,,2,3,,2,,3,3,,3,2,3,2.0,3,,3,2,3,,3,1,3.0,3,,2,,,3,,3,2,3,2,2,,3,3,3,2,,,2,2,3,3,1,3,4,2,3,2,2,,2,2,2,1,2,2,3,3,3,,3,3,,3,,4.0,2,,3,,2,2,3,2,2,2,3,3,3,2,,,,3,0,3,,3,3,2,3,2,2,4,,3,,3,3,3,2,3,3,,3,3,3.0,3,2,3,3,2,2,,,,,,3,,,3,2,,,4.0,39,2,0.02531645569620253
2,2,2,2,2,1,1,2,2,3,2,2,2,1,2,2,2,2,2,2,2,2,3,2,2,2,3,2,2,2,2,2,2,2,2,2,2,3,2,2,2,1,2,3,2,2,2,2,3,2,2,1,2,2,2,2,2,2,2,2,2,2,1,2,1,2,2,2,2,2,2,2,3,3,2,3,3,2,2,2,2,2,1,1,2,2,1,1,2,2,2,2,2,1,1,0,2,2,2,2,2,3,2,2,2,2,2,2,2,2,3,3,3,2,2,2,2,2,2,3,2,1,2,2,2,2,2,2,1,1,2,2,2,2,2,2,2,2,2,2,2,2,1,1,2,2,2,2,2,2,2,2,2,2,2,2,2,2,2,2,1,2,1,2,2,2,2,1,1,2,2,2,2,2,2,2,2,2,2,2,2,2,2,1,2,3,2,2,2,2,2,2,3,2,2,2,1,1,0,1,1,1,2,1,1,1,1,1,2,2,2,2,2,3,2,2,2,0,2,2,2,2,2,2,2,2,2,2,2,2,2,2,1,2,2,2,2,2,2,3,3,2,2,2,2,2,3,3,2,2,2,2,1,2,2,2,2,2,2,2,3,2,2,2,2,2,2,3,2,1,2,2,2,2,2,2,3,2,2,2,1,2,2,2,2,2,2,2,2,3,1,2,2,3,2,2,2,2,2,3,2,2,2,2,2,2,2,3,2,2,2,2,2,3,2,3,2,3,2,3,2,2,2,2,3,2,2,2,2,2,3,3,3,2,2,2,2,2,2,2,2,3,2,2,2,2,2,2,3,2,2,2,2,2,3,2,2,2,2,2,3,2,2,2,3,2,1,2,2,2,2,2,2,2,3,2,2,1,2,2,2,2,3,3,3,2,3,2,2,2,2,2,2,2,2,2,3,2,3,2,2,2,2,2,2,2,2,2,2,2,2,2,2,2,3,4,3,2,2,2,1,2,2,2,2,2,2,2,2,2,2,2,2,2,1,2,3,2,2,3,1,2,3,2,2,2,2,0,1,,1,3,2,2,2,2,3,2,0,2,2,2,2,,2,3,2,2,2,2,2,2,3,2,2,3,2,3,2,3,2,2,2,2,0,2,2,3,3,2,2,2,2,2,1,2,2,2,2,2,3,2,3,3,2,3,2,3,2,2,2,2,2,2,3,1,2,2,2,3,2,2,3,2,,2,2,2,2,2,3,2,3,1,2,3,2,2,3,2,2,2,2,2,2,2,2,3,2,2,2,2,2,3,3,3,2,2,3,2,2,,2,2,3,3,3,2,2,3,3,2,2,2,3,2,2,2,,2,2,2,,2,2,2,3,2,2,2,2,2,1,2,,3,2,3,3,2,2,2,4.0,3,4,,2,2,3,2,2,2,3,3,2,3,2,3,3,2,2,,2,2,3,,2,3,3,3,3,3,,3,,3,3,3,3,2,2,2,2,3,3,2,3,,2,3,2,2,3,,,2,2,2,2,2,2,2,,2,3,3,,3,2,2,3,2,,2,3,3,2,3,3,,3,2,3,2,2,2,3,3,3,3,3,,3,,2,2,2,2,3,3,3,3,2,3,,3,3,2,3,3,3,3,3,3,2,3,3,3,2,2,2,2,2,,2,3,0,3,3,3,3,2,2,2,,2,2,3,3,,2,3,2,3,3,,,,2,3,3,2,3,3,,2,,,,1,2,3,3,,3,2,2,,3,2,,4.0,2,,3,,3,3,,3,3,2,3,2,3,2,3,3,3,3,2,0,3,1,2,3,2,3,3,2,3,1,3,2,3,,3,2,,2,2,,,2,2,,3,3,5.0,3,3,2,3,3,3,3,2,,2,3,3,3,3,3,,2,3,2,3,,2,3,,,,,3,3,3,3,3,3,,2,3,3,,,2,3,,2,4.0,3,3,3.0,3,2,3,,3,4.0,3,2,3,,3,2,,3,,2,,,3,,3,2,2,2,2,0.0,3,3,3,2,3.0,,2,2,3,3,3,2,3,3,3,3,3,,3,3,3,2,2,3,3,1,3,,3,2,,1,,,3,,3,,2,2,3,3,3,3,0,3,3,3,,,,4,2,3,,3,3,4,3,2,2,4,,2,,3,3,3,3,2,3,,3,3,,3,3,3,3,2,3,,,,,,3,,4.0,2,3,,,,40,2,0.021814006888633754
2,2,2,2,2,1,2,2,2,3,2,2,2,1,1,2,2,1,2,2,2,2,3,2,3,2,3,2,2,2,2,2,3,2,3,2,2,3,2,2,2,2,2,3,2,2,2,2,3,3,2,2,2,1,3,2,2,2,2,2,2,2,2,2,2,1,2,2,2,2,2,2,3,2,1,3,3,2,2,2,2,2,1,2,2,1,1,2,2,2,2,2,2,2,2,2,2,2,2,2,2,2,2,2,2,2,2,2,2,3,3,3,3,2,2,2,2,2,2,3,2,1,2,2,2,2,2,2,1,1,0,2,2,1,2,2,2,2,2,2,2,2,2,2,3,2,2,2,2,2,2,2,2,2,2,2,2,2,2,2,1,2,2,2,2,2,2,1,2,2,2,2,1,2,2,3,2,1,2,2,2,2,2,1,2,3,2,2,2,2,2,2,3,3,2,2,2,2,2,1,2,2,3,2,2,2,2,2,2,2,2,2,2,2,2,2,3,1,0,2,2,1,1,1,2,1,2,2,1,2,2,2,1,2,2,2,2,2,2,3,3,2,2,3,2,2,3,2,2,2,2,2,2,2,2,2,2,1,2,2,2,2,2,2,2,2,2,2,2,2,2,2,2,2,2,2,2,2,2,2,1,2,2,2,2,2,2,2,2,2,1,2,2,2,2,2,2,2,2,2,1,2,2,2,2,2,2,2,2,1,2,1,0,2,1,2,2,1,2,3,2,2,3,2,2,2,2,2,2,2,2,2,2,2,3,3,2,2,2,2,2,2,2,2,2,2,2,2,3,2,2,2,2,2,3,2,2,2,2,2,2,2,2,2,3,2,1,2,2,3,3,2,2,2,3,2,2,1,2,2,2,2,3,3,2,2,2,2,2,2,2,2,2,2,2,2,3,2,3,1,2,1,2,2,2,2,2,2,2,2,2,2,3,2,4,4,3,2,2,2,1,2,2,2,2,1,1,2,3,3,2,2,2,2,2,2,3,2,2,3,2,2,3,2,2,2,2,3,2,,2,3,2,2,2,3,3,2,2,1,2,3,2,,2,2,2,2,2,3,3,3,3,2,2,3,3,3,2,3,2,2,2,2,2,2,2,3,3,2,2,2,2,2,2,1,2,3,1,2,3,2,3,3,2,3,2,2,2,2,3,2,2,2,3,2,3,3,2,2,2,2,3,2,,2,0,3,3,2,3,2,3,2,3,3,3,2,3,3,2,2,2,2,2,2,2,3,2,1,2,2,2,3,3,3,2,2,3,3,2,,2,2,3,3,3,2,1,3,3,3,2,2,2,2,2,2,,3,2,2,,2,2,3,3,3,2,2,3,3,2,2,,2,3,3,3,2,2,2,,3,4,,2,2,3,2,2,2,3,3,2,3,3,3,3,2,2,,2,2,3,,2,3,3,4,3,3,,3,,3,2,3,3,2,2,2,3,3,3,2,3,,2,3,2,2,2,,2.0,2,2,2,2,2,2,2,,2,2,3,,3,4,3,0,2,0.0,2,3,3,2,3,3,5.0,3,2,3,2,2,2,2,3,3,3,0,,3,,2,2,2,2,3,2,3,3,2,3,5.0,2,3,3,2,3,3,3,3,3,2,3,3,3,2,3,2,3,2,,2,2,3,3,3,4,2,2,2,3,,2,2,3,3,,2,3,2,2,3,,,,2,2,3,2,3,3,4.0,3,,3.0,,2,2,2,3,,3,2,2,,3,3,,,2,,2,3.0,3,4,,3,3,2,3,3,2,3,2,3,3,3,2,2,3,2,2,3,3,3,3,2,3,2,3,2,3,,4,3,,2,2,,,3,3,,2,3,,3,3,2,3,3,3,3,3,,3,3,3,3,3,3,,2,2,2,3,,2,3,,,,,3,3,3,3,3,2,,2,2,2,,,2,3,,3,,3,3,,3,0,3,,3,,3,2,3,,3,2,5.0,3,,2,,,3,4.0,2,3,3,2,2,,3,3,2,3,,,2,2,3,3,3,2,4,3,3,3,3,,3,3,3,2,3,3,3,2,3,,3,3,,3,,0.0,3,,3,,3,2,3,3,3,3,3,2,3,3,,,,4,2,3,,3,3,3,3,3,2,3,,3,,3,3,3,3,2,3,,3,3,,3,3,4,3,2,3,,,,,,4,,,2,3,,0.0,,41,2,0.01710376282782212
2,2,2,2,2,2,1,2,2,2,2,2,2,2,2,2,2,2,2,2,2,2,3,2,1,2,2,2,2,2,2,2,2,2,2,2,2,2,2,2,2,2,2,3,2,2,2,2,3,3,3,2,2,2,2,2,2,2,2,2,2,2,1,2,1,2,2,2,2,1,2,2,3,2,2,3,3,2,2,2,1,1,1,1,2,2,1,2,2,2,2,2,2,2,2,2,2,3,2,2,2,3,2,2,2,2,1,1,2,2,3,3,3,2,2,1,2,2,2,3,3,1,2,1,2,2,3,2,2,2,2,2,2,2,2,2,2,2,2,2,2,1,1,2,3,2,2,2,3,2,2,2,2,2,2,2,3,2,2,2,1,2,2,2,2,2,2,2,1,2,2,2,2,2,2,3,2,2,3,2,2,2,2,2,1,3,2,2,2,2,1,2,3,2,2,2,2,2,2,2,2,2,3,2,2,2,2,2,2,2,2,2,2,2,2,1,2,2,2,2,3,2,2,2,2,2,1,2,2,2,2,2,2,2,2,3,2,2,2,3,3,3,2,2,2,2,3,3,2,2,2,2,2,2,2,2,2,2,2,2,2,2,2,2,2,2,2,3,2,2,2,2,2,2,2,0,2,2,2,2,2,2,1,2,2,2,2,1,2,3,2,2,2,3,2,2,1,2,2,0,2,1,2,2,2,2,2,2,2,2,2,2,2,2,2,3,2,2,2,2,2,2,3,2,2,2,2,2,2,2,2,2,3,2,3,3,2,2,2,2,2,3,2,2,3,2,2,2,3,2,3,2,3,2,3,2,2,2,2,2,2,2,2,2,3,2,1,2,2,3,2,2,2,2,3,2,2,2,3,2,2,2,3,3,3,2,3,2,2,2,2,3,2,2,3,1,3,2,3,2,2,2,3,2,2,2,2,2,2,2,2,2,2,2,3,4,3,2,1,2,2,2,2,2,2,2,2,2,2,2,2,2,3,2,2,3,0,2,1,3,2,2,3,2,2,2,2,2,2,,1,0,2,2,2,2,3,2,1,2,2,3,2,,2,2,1,2,2,3,2,2,3,1,2,3,3,3,2,3,2,2,2,2,2,3,2,2,2,2,2,3,2,2,0,2,2,3,2,2,2,3,2,3,2,3,2,3,1,1,2,2,2,2,3,1,3,3,2,2,2,1,3,2,,2,2,2,2,2,3,2,2,2,3,3,2,2,3,2,2,2,2,1,2,2,2,3,2,1,2,2,2,2,2,2,3,2,3,2,2,,2,2,2,3,2,3,2,2,3,2,2,2,3,3,2,2,,3,2,2,0.0,3,3,2,3,2,2,1,2,3,2,2,,2,2,2,3,2,2,2,,3,4,,2,2,3,2,2,2,1,0,2,3,3,3,3,3,2,,2,3,3,,2,3,3,3,3,3,,3,,3,3,3,3,2,2,3,2,3,3,2,2,,2,3,2,2,3,,,2,2,2,3,2,2,1,,3,2,2,,3,3,3,2,2,,2,3,3,2,2,2,5.0,3,2,3,2,3,3,3,3,3,3,3,4.0,3,4.0,3,3,3,2,3,1,3,2,2,3,,2,3,0,2,3,3,3,3,3,2,3,3,3,0,3,3,3,2,,2,3,3,3,3,4,3,0,2,3,,3,2,2,2,3.0,2,3,3,3,3,,,,3,3,3,2,3,2,,2,3.0,,,3,2,2,3,,3,3,2,,3,2,,,2,,3,,3,4,,3,3,2,2,3,3,3,3,3,3,3,2,2,2,2,2,3,2,3,2,2,3,2,3,2,3,,4,2,,2,3,,,3,3,,3,3,,3,3,2,3,3,4,3,3,,3,3,3,3,3,3,,3,1,2,2,,2,2,,,,5.0,3,3,3,3,3,3,,3,3,3,,,2,3,4.0,2,,3,3,,3,3,3,4.0,3,,3,2,3,,3,2,,3,,2,,,3,,3,3,3,2,3,,3,3,3,2,,,3,2,3,4,3,3,4,3,3,2,3,,3,3,3,2,3,3,3,2,3,,3,3,,4,,,3,,3,,3,2,3,2,2,3,3,3,3,2,,,,3,2,3,,3,3,2,2,3,2,4,,3,,3,3,3,3,3,3,,3,3,,3,2,3,3,3,3,,,,,,3,,,3,2,,,,42,2,0.024165707710011506
2,3,2,3,2,1,2,2,3,3,2,2,2,1,2,2,2,2,2,2,2,2,3,2,3,3,3,2,2,2,2,2,3,2,3,2,2,3,2,2,3,2,2,3,2,2,2,2,3,3,3,2,3,2,3,2,3,3,2,3,3,3,2,2,2,2,2,3,2,2,3,3,3,3,2,3,3,1,1,0,2,2,2,2,2,2,1,2,3,2,2,2,2,2,2,2,2,2,2,2,2,2,3,2,3,2,2,2,2,3,2,0,3,2,2,2,2,2,2,3,2,1,3,3,2,2,2,3,2,2,2,2,2,2,2,2,3,2,3,2,3,2,2,2,2,2,3,2,3,3,3,2,2,2,2,2,3,3,2,3,2,2,2,2,2,2,2,2,2,2,2,2,2,1,2,3,3,2,3,2,2,3,3,2,2,3,2,2,3,2,2,2,3,3,3,3,2,2,2,2,2,2,3,2,2,2,2,2,2,2,2,2,2,3,2,2,3,2,2,2,3,2,2,2,3,3,2,3,2,3,2,2,2,2,2,3,2,2,2,3,3,3,2,2,3,2,3,3,3,2,3,2,2,2,2,2,2,3,2,2,3,2,3,2,3,3,2,3,2,2,3,2,2,3,2,3,3,3,2,3,2,2,2,2,3,2,2,3,2,3,2,3,3,3,3,2,2,2,3,2,2,2,2,2,2,2,1,3,2,3,2,3,3,3,3,3,2,3,2,3,3,3,3,2,3,2,2,2,3,2,3,2,3,2,3,3,2,2,2,2,1,3,2,2,3,3,2,3,0,2,3,2,2,2,3,2,2,2,3,3,3,3,2,2,3,2,2,2,2,3,3,2,2,2,2,2,3,2,3,3,3,3,3,3,3,3,3,3,3,3,3,3,3,2,3,2,3,3,3,3,2,2,3,3,2,2,3,3,2,2,3,2,3,3,4,4,3,2,3,1,2,2,2,2,1,2,2,2,3,3,2,3,3,3,2,3,3,2,2,3,2,2,3,2,2,2,3,3,3,,2,3,3,2,3,3,3,3,2,2,2,3,0,,2,3,2,3,2,3,3,3,3,2,2,3,3,3,2,4,2,2,1,2,2,3,2,3,3,2,2,2,2,2,2,2,2,0,2,2,3,3,3,3,2,3,1,3,2,2,2,2,3,2,3,3,3,3,2,3,2,2,3,3,,3,2,2,3,3,3,1,3,2,3,2,2,3,2,2,2,3,3,2,2,3,1,3,2,2,2,2,2,2,2,3,3,1,3,3,3,,2,2,3,3,3,3,3,3,3,3,2,3,3,3,2,3,,3,1,3,,3,3,2,3,3,3,2,3,3,2,3,,3,3,2,3,3,2,3,,3,4,,3,3,3,3,2,2,3,4,2,3,3,0,3,3,3,,3,3,3,,3,4,3,4,3,4,,3,,3,3,3,3,3,2,3,2,3,3,3,3,,2,3,2,2,3,,,2,2,3,3,3,3,3,,3,3,3,,3,4,3,3,2,,2,3,3,3,2,3,,3,2,0,3,3,3,3,4,3,3,3,,3,,3,3,3,3,3,3,3,3,2,3,,3,3,3,3,3,3,0,3,3,2,3,2,3,2,2,3,3,2,,2,3,3,3,3,4,3,2,2,3,,3,3,3,3,,3,3,3,3,3,,,,3,2,0,2,3,3,,3,,4.0,,3,2,3,3,,4,3,3,,3,3,,,2,4.0,3,,3,4,3.0,3,3,3,3,3,3,3,3,3,3,3,2,3,1,2,3,4,3,3,3,3,3,1,3,2,3,,2,3,,2,3,,5.0,3,3,,3,4,,3,3,2,3,3,4,3,3,,3,2,3,3,3,3,,3,3,2,3,,2,3,,,,,3,3,3,4,4,3,,3,3,3,,,3,3,,3,3.0,3,3,,3,3,3,,3,,3,2,3,3.0,3,3,,3,5.0,2,,0.0,4,,3,3,3,3,3,,3,3,3,3,,,2,3,3,4,3,2,3,3,3,3,3,,3,3,3,2,3,3,3,2,3,,3,3,,4,,,3,,3,,3,2,3,3,3,3,3,3,3,3,,,,4,2,3,3.0,3,3,3,3,2,2,4,,3,,3,3,3,3,2,3,,3,3,,3,3,4,3,3,3,,,,,5.0,4,,,3,3,,,,43,2,0.022962112514351322
2,2,2,2,1,1,2,2,2,2,2,2,2,2,1,2,2,1,2,2,2,2,2,2,2,2,2,2,1,2,2,2,2,2,2,0,2,2,1,2,2,1,2,3,2,2,2,2,2,2,2,1,2,2,2,2,2,2,1,2,2,2,1,2,2,1,2,2,2,2,2,1,3,2,2,2,2,2,2,2,2,2,1,1,1,2,1,1,2,2,2,2,2,2,2,2,2,2,2,2,2,2,2,2,2,1,2,1,2,2,2,3,2,2,1,1,2,2,2,2,2,1,2,2,2,2,2,2,1,1,2,2,2,1,2,2,2,2,2,2,2,1,1,2,2,2,2,2,2,2,2,2,1,1,2,2,2,2,2,2,1,2,2,2,2,1,1,2,1,1,2,2,2,2,2,2,2,2,2,2,2,2,2,1,2,3,2,2,2,2,2,1,2,2,2,2,2,2,2,2,2,2,2,2,2,2,2,2,2,2,2,2,1,2,2,2,2,2,2,2,2,1,2,2,2,2,2,2,2,2,2,2,2,2,2,2,2,2,2,3,2,3,2,2,2,2,2,3,2,1,2,2,2,2,1,2,1,2,2,2,3,2,2,2,2,2,2,3,2,2,2,2,2,2,2,2,2,2,2,2,1,2,1,0,2,2,2,2,1,2,1,2,2,2,2,2,2,2,2,3,2,1,2,2,2,2,2,2,2,2,2,2,2,2,2,3,2,2,2,2,2,2,2,2,2,2,2,2,3,2,3,2,2,1,3,3,2,2,2,2,2,3,2,2,3,2,2,2,3,2,2,2,2,2,3,2,1,2,2,2,2,2,2,2,2,2,1,1,2,3,2,2,1,2,2,2,2,2,2,2,2,2,3,3,3,2,3,2,2,2,2,2,2,2,2,2,3,3,3,2,2,1,2,2,2,1,2,2,2,2,2,2,2,2,3,4,3,2,2,2,1,2,2,2,1,1,1,2,2,2,2,0,2,2,1,2,3,2,2,3,2,2,2,2,2,2,2,2,2,,1,2,0,2,2,2,3,2,2,2,2,3,2,,1,2,2,2,2,3,2,2,3,1,2,3,3,3,2,3,2,2,2,2,2,2,1,2,2,2,2,2,2,0,2,2,2,2,2,2,3,2,2,3,2,2,2,3,2,2,2,2,2,2,3,2,2,2,2,2,2,2,1,2,,2,2,2,2,2,2,2,2,1,2,3,2,2,3,3,2,2,2,2,2,2,2,2,1,2,2,2,2,2,2,2,2,2,3,2,2,,2,2,2,3,2,2,2,2,2,2,2,2,2,3,2,2,,2,2,2,,2,2,2,2,2,2,2,2,2,2,2,,0,2,2,3,2,2,2,,3,4,,2,2,2,2,2,2,3,3,2,3,3,3,3,2,2,,2,2,3,,2,3,3,4,3,4,,3,,3,2,3,3,2,2,2,2,3,3,2,1,,2,3,2,2,3,,,2,2,2,2,2,2,2,,2,2,2,,3,3,3,3,2,,2,0,3,2,2,2,,3,2,3,2,2,2,3,3,2,2,2,,2,,2,2,3,2,3,3,2,3,2,3,,3,3,3,3,3,2,3,3,2,2,2,3,2,2,3,2,3,2,,2,3,2,3,3,3,2,2,1,2,,2,2,2,2,,2,3,2,3,3,,,,3,2,3,2,3,2,,3,,,,2,2,2,3,,3,3,2,,3,2,,,2,,2,,3,4,,2,3,2,3,2,2,2,3,3,3,3,2,2,2,2,2,3,3,2,3,2,3,1,3,2,2,,4,2,,2,2,3.0,,2,2,,2,3,,3,3,2,3,3,3,0,2,,2,3,3,3,3,3,,2,2,2,2,,2,2,,,,,3,3,3,3,3,2,,3,2,0,,,2,3,3.0,2,,2,2,,3,2,0,,3,4.0,3,2,3,,2,2,,3,,2,,,3,,3,2,3,2,2,,3,3,2,2,,,2,2,2,3,3,2,4,3,2,3,3,,3,3,2,1,3,3,3,2,3,,3,3,,3,5.0,,3,,3,,3,2,3,3,2,2,2,2,3,3,,,,4,2,3,,3,3,4,3,2,1,3,,2,,2,3,2,3,2,2,,2,2,,3,2,3,3,2,3,,,,,,3,,,2,3,,,,44,2,0.014908256880733946
2,2,2,2,2,1,2,1,2,2,2,2,2,2,1,2,2,2,1,2,2,2,3,2,2,2,2,2,2,2,2,2,2,2,2,2,2,3,2,2,2,1,2,3,1,2,2,2,2,3,3,1,2,2,2,2,2,2,2,2,2,2,1,2,1,2,2,3,2,2,2,3,3,2,2,3,2,2,2,2,2,2,1,2,2,2,2,2,2,2,2,2,2,2,2,2,2,2,2,0,2,3,2,2,2,2,1,1,2,2,2,3,2,1,1,2,2,2,2,3,2,1,2,2,2,2,3,2,1,1,2,2,2,0,2,2,2,2,2,1,2,2,2,2,2,2,2,2,2,2,2,2,2,2,2,2,2,2,2,2,1,2,2,2,2,2,2,1,1,2,2,1,1,2,2,3,2,2,2,2,2,2,2,1,2,3,2,2,2,2,2,2,2,3,2,2,2,2,2,2,2,1,2,2,2,2,1,2,2,2,2,2,2,2,2,2,2,2,1,2,2,2,2,2,2,0,2,2,2,2,2,2,1,2,2,2,2,2,2,3,3,3,2,2,2,2,2,3,2,2,2,2,2,2,2,2,2,2,2,3,3,2,2,2,2,2,2,3,2,2,2,2,2,2,3,2,2,2,2,2,2,2,2,1,2,2,2,2,2,2,2,2,2,2,2,2,2,2,2,3,2,1,2,1,2,2,2,2,2,1,2,2,2,2,2,3,2,2,2,2,2,2,3,2,2,2,2,2,3,2,3,2,2,1,3,3,2,2,2,2,2,2,2,2,3,2,2,2,3,2,3,2,2,2,3,2,2,2,2,2,2,1,2,2,3,2,2,2,2,2,2,2,2,2,2,2,2,1,2,2,2,2,3,3,3,2,3,2,2,2,2,2,2,2,2,2,3,2,3,2,2,2,2,2,2,2,2,2,2,2,2,2,2,2,3,3,3,1,2,2,1,2,2,0,2,2,1,2,2,2,2,3,3,3,2,3,3,2,2,3,2,2,2,1,2,2,2,2,2,,2,3,2,2,2,2,3,2,2,2,2,2,2,,2,3,2,2,2,3,2,2,3,2,2,3,3,3,2,3,2,2,1,2,2,2,2,3,3,2,2,2,2,1,1,2,2,3,2,2,2,2,2,3,2,2,2,3,2,2,2,2,3,2,3,2,2,2,2,2,2,2,2,2,,2,2,2,2,2,3,2,3,2,3,3,3,2,3,2,2,2,2,2,1,2,2,1,2,2,2,2,2,3,2,2,2,2,3,2,2,,2,2,2,3,2,2,2,2,2,2,2,2,3,2,2,2,,3,2,2,,3,0,3,3,2,2,2,2,2,2,2,4.0,2,2,3,3,1,2,3,,3,4,,2,2,2,2,2,2,3,3,2,3,3,3,2,3,2,,3,2,3,,2,3,3,3,3,3,,3,,3,3,3,2,2,2,3,2,3,3,2,2,,2,3,2,2,3,,,2,2,3,3,2,2,2,,2,2,2,,3,3,3,3,2,,2,3,3,2,2,3,,3,2,3,2,2,2,2,3,3,2,2,5.0,3,,2,2,2,2,3,3,3,3,2,3,,2,3,2,3,3,3,3,3,2,2,3,2,2,2,2,2,3,2,,2,3,2,3,3,3,3,2,2,2,,2,2,3,2,,2,3,3,3,3,,,,2,2,3,2,3,2,,2,,,,2,2,2,3,,3,2,2,,3,2,,,2,4.0,3,,3,4,,3,2,2,3,2,2,3,2,2,3,0,2,2,3,2,2,3,2,3,2,2,0,1,3,2,2,4.0,3,3,,2,3,,,3,2,,3,3,,3,3,2,3,3,3,2,2,,2,3,3,3,3,2,,2,3,2,2,,2,3,,,3.0,,3,3,3,3,3,3,,2,3,3,5.0,,3,3,,2,,3,3,,0,3,3,,3,,3,2,3,,2,2,,3,,2,,3.0,3,,3,3,3,2,2,4.0,3,3,0,2,,4.0,2,0,2,4,3,2,3,3,2,2,3,,3,3,2,2,3,3,3,2,2,,3,3,,4,,3.0,3,,3,,3,2,2,3,3,3,2,2,3,3,4.0,,,4,2,3,,3,1,4,3,2,1,2,,2,,2,3,3,3,2,2,,2,3,,3,3,3,3,3,3,,,,,,3,,,2,3,,,,45,2,0.020594965675057208
1,2,1,1,1,1,1,2,2,2,2,2,2,1,2,2,1,1,2,1,2,1,2,1,2,2,2,1,1,2,1,1,2,2,2,2,2,2,0,2,2,2,1,3,1,2,2,2,1,2,2,2,2,1,1,1,0,2,1,2,2,1,2,2,1,2,2,2,1,1,2,2,2,2,1,2,2,2,2,1,2,1,1,2,2,2,1,1,2,2,2,2,2,1,2,2,1,2,2,2,2,2,2,2,2,1,1,1,2,2,2,3,3,2,1,1,1,2,2,2,2,1,2,1,2,2,2,2,1,2,2,2,2,1,2,2,2,1,2,2,1,2,1,2,2,2,1,2,2,2,1,2,2,2,2,1,1,0,1,2,1,2,2,2,2,1,0,2,2,2,1,2,2,1,1,2,2,2,1,2,1,1,2,2,2,2,2,1,2,2,2,1,2,2,1,2,2,2,2,2,2,2,3,2,2,2,2,2,2,1,2,2,1,2,1,2,2,2,1,2,2,1,1,1,2,1,0,2,2,2,2,2,1,2,2,2,2,2,2,2,2,2,2,1,2,1,2,3,2,1,1,2,1,1,2,2,1,2,2,2,2,2,2,2,2,2,2,2,2,2,2,2,2,2,2,2,3,2,2,2,2,2,1,1,2,2,2,2,2,3,1,2,2,2,2,2,1,2,2,2,1,1,2,1,2,2,1,2,1,2,2,2,2,2,1,2,2,2,2,2,1,1,2,2,2,2,2,2,2,2,2,2,2,2,3,2,2,0,2,1,1,2,2,2,2,2,2,1,2,2,2,1,2,2,3,2,2,2,2,2,2,2,2,2,2,1,1,2,2,2,1,2,2,2,2,2,1,1,2,2,1,2,2,2,2,2,2,2,2,2,1,2,2,1,2,2,2,2,2,2,2,2,2,2,2,1,2,2,2,2,2,2,2,2,2,3,3,2,2,1,1,1,2,2,1,2,2,2,2,2,2,2,3,2,1,2,2,1,1,2,2,2,2,1,2,2,2,2,2,,2,3,2,1,2,2,2,2,2,1,2,2,2,,2,2,2,2,2,2,2,2,3,1,1,3,2,2,2,3,1,2,2,1,2,2,2,2,3,2,2,2,2,2,2,2,2,2,2,2,3,2,2,2,2,3,2,2,2,2,2,2,2,1,2,2,2,2,1,2,1,2,3,3,,2,2,2,2,2,2,2,2,1,3,2,2,1,2,2,2,2,2,2,2,2,2,2,1,2,0,2,2,2,2,2,2,2,3,2,2,,2,2,2,2,3,0,2,2,3,2,2,2,3,2,2,2,,2,2,2,,2,3,2,2,2,2,2,2,2,2,2,,2,2,2,2,3,2,2,4.0,3,3,,0,2,2,2,2,2,2,3,2,2,3,3,2,2,2,,2,2,2,,2,2,3,3,3,3,,2,,3,2,2,2,2,2,2,2,2,3,2,2,,2,2,2,2,2,,,2,1,2,2,2,2,2,,2,2,2,,2,3,3,2,2,4.0,2,3,3,1,2,2,,3,2,3,2,3,2,1,2,2,3,3,,3,,2,2,2,2,3,2,3,2,2,2,,2,2,2,3,2,2,2,3,2,2,3,2,3,2,2,2,3,2,,2,2,2,2,3,3,2,1,2,3,,2,2,2,2,,2,3,2,2,3,,,,2,2,3,2,3,3,,2,2.0,,,2,2,3,3,,3,2,2,,2,2,,,2,,3,,3,3,,2,3,2,3,3,2,2,3,3,3,2,2,2,2,2,2,2,2,2,3,2,3,2,3,2,3,,0,2,,2,3,4.0,,2,2,,3,3,2.0,3,2,2,3,3,2,2,2,,2,2,2,3,2,3,3.0,2,2,2,2,2.0,1,2,,3.0,,,2,3,2,2,2,3,,2,3,3,2.0,,2,2,,1,,2,2,,2,2,3,,2,,3,2,3,,3,2,,3,3.0,2,,,3,,2,2,2,3,2,,2,3,2,2,,,2,2,2,3,2,2,3,2,2,2,3,,3,2,2,2,3,3,3,2,2,,3,2,,3,,,3,,2,,2,2,3,2,2,2,3,3,3,3,,,,4,2,3,,3,3,3,3,3,2,3,3.0,2,,2,3,2,2,2,2,,3,3,,3,2,3,3,2,2,,,,5.0,,3,,,2,2,,,,46,2,0.03236994219653179
2,2,2,2,2,2,1,2,2,3,2,2,2,2,1,2,2,2,2,2,2,2,3,2,2,2,2,2,2,2,2,2,3,2,3,2,2,2,2,2,2,2,2,3,2,2,2,2,1,3,2,2,2,2,2,2,2,2,2,2,2,2,1,2,1,1,2,2,2,2,2,3,3,3,2,2,2,2,2,2,2,2,1,2,2,2,1,2,2,2,2,2,2,2,2,2,1,3,2,2,2,2,2,2,2,2,2,1,2,2,3,3,3,1,1,2,2,2,2,2,2,2,2,2,2,2,2,2,2,1,2,2,2,1,2,2,2,2,2,2,2,2,2,2,3,2,2,2,2,2,2,2,2,2,2,2,2,2,2,2,1,2,1,2,2,2,2,1,1,2,2,2,2,2,2,3,2,2,2,2,2,2,3,1,2,3,2,2,2,2,2,2,3,2,2,2,2,2,2,2,2,2,3,2,2,1,0,2,2,2,2,1,2,3,2,2,2,2,2,2,2,2,2,2,2,2,2,3,2,2,2,1,1,2,2,3,2,2,2,3,2,2,2,2,3,2,3,3,3,2,2,2,2,2,2,2,2,2,2,2,3,2,2,1,2,3,3,3,2,2,2,2,2,3,2,2,2,2,2,2,1,2,2,2,1,2,2,2,2,2,2,1,0,3,1,2,2,3,2,2,2,2,2,2,2,2,2,2,2,2,2,3,2,3,2,3,2,3,1,2,2,2,3,2,3,2,1,2,3,2,3,3,3,1,3,3,2,2,2,2,2,3,2,2,3,2,2,2,3,2,3,2,2,2,3,2,2,2,2,3,3,2,2,2,3,2,2,2,2,2,2,2,2,2,3,2,2,2,3,2,2,2,3,3,3,2,3,3,2,2,2,3,3,2,2,2,3,2,3,2,2,2,2,2,2,2,3,3,2,2,2,1,2,2,3,4,3,2,2,2,2,2,2,1,1,2,1,2,2,2,2,3,3,3,2,2,3,2,2,3,2,2,2,1,2,2,3,3,2,,1,3,3,2,2,2,3,2,2,2,2,3,2,,2,2,2,1,2,2,2,2,3,2,2,3,3,3,2,3,2,2,2,2,2,2,2,3,3,2,2,2,2,1,2,2,2,3,2,2,3,2,3,3,2,3,2,3,2,2,3,2,2,2,3,1,2,2,2,3,2,2,2,1,,2,2,0,2,3,3,2,2,2,2,3,3,2,3,3,2,2,2,0,2,2,2,2,2,0,2,2,2,3,3,3,2,2,3,2,2,,2,2,2,3,3,3,2,3,3,2,2,2,2,2,2,3,,3,2,2,,3,2,2,3,3,2,2,2,3,2,3,,3,2,3,2,2,2,3,,2,4,,3,3,2,2,1,2,3,3,2,3,3,3,3,3,2,0.0,2,3,3,,2,3,3,3,3,3,,3,,3,3,3,2,2,2,2,2,3,2,3,3,,3,3,2,2,3,,,2,2,2,2,2,2,2,,3,2,2,,3,3,3,2,3,,2,3,2,2,2,2,2.0,3,2,3,3,2,2,3,3,0,3,3,,3,,2,2,2,2,3,3,3,3,2,3,,2,3,3,3,3,3,3,3,2,2,3,2,3,2,2,2,3,2,,2,3,3,3,3,3,3,2,2,2,5.0,1,2,3,2,,2,4,3,3,3,,,,2,3,3,2,3,0,,3,,,,2,3,2,3,,3,3,2,,3,2,,,2,,2,,2,4,,3,2,2,3,3,3,3,3,3,3,3,2,3,3,2,1,3,3,2,2,2,3,2,3,2,3,,3,2,,2,2,,3.0,3,3,,2,2,,3,3,2,3,2,4,3,2,,2,3,3,3,3,3,3.0,2,2,2,3,,2,3,,,,0.0,3,2,2,3,3,3,,3,3,3,,,2,3,,2,,3,3,,3,3,3,,3,,3,2,3,,2,2,5.0,3,3.0,2,,,3,4.0,3,3,3,2,2,,3,3,3,2,,,2,2,2,3,3,2,3,2,0,3,3,,3,3,3,2,3,1,3,2,3,,3,3,,3,,,3,,3,,2,2,3,3,3,3,3,2,3,3,,,,4,2,3,4.0,3,3,3,3,3,2,4,,3,,1,3,3,3,3,1,,2,3,,3,3,3,3,2,3,,,3.0,,,3,,,1,3,,,,47,2,0.022935779816513763
2,2,1,2,2,2,2,2,2,3,2,2,2,2,2,2,2,2,2,2,2,1,3,1,2,2,2,2,2,2,2,2,2,2,2,2,2,2,2,2,2,1,2,3,2,2,2,2,2,3,2,2,2,2,2,2,2,2,1,2,1,2,1,2,1,2,2,2,1,1,2,2,2,2,2,2,3,2,2,2,1,1,1,2,2,2,2,2,2,2,2,2,2,2,2,2,2,3,2,2,2,2,2,2,2,1,1,2,2,3,3,3,3,2,2,2,2,2,2,3,3,2,2,2,2,2,2,2,1,2,2,1,2,2,2,2,2,2,2,2,2,2,2,2,2,2,2,2,2,2,2,2,2,2,2,2,2,1,2,0,1,2,1,2,2,1,1,2,2,2,2,2,2,2,2,2,2,2,2,2,1,1,1,1,2,3,2,2,2,2,2,2,2,2,2,2,2,1,2,2,2,2,2,2,2,2,2,2,2,2,1,1,0,3,2,2,2,2,2,2,2,2,2,2,2,2,2,2,2,2,2,2,2,1,1,2,2,2,2,2,2,2,2,2,2,2,3,3,3,1,2,2,1,2,2,2,2,2,2,2,2,2,2,2,3,3,3,3,2,2,2,2,2,2,2,2,2,2,2,2,2,1,2,2,2,2,2,0,2,3,2,2,2,3,2,1,2,3,2,2,2,2,2,1,2,2,2,3,2,2,2,2,2,3,2,3,2,3,2,2,2,1,3,2,3,2,2,2,3,2,3,2,3,2,3,3,2,2,2,2,1,3,2,2,2,2,2,2,3,2,2,2,2,2,3,2,2,2,2,3,2,2,2,1,2,2,2,2,2,2,3,2,2,2,3,2,2,1,2,1,2,0,2,2,0,2,2,1,2,2,1,2,2,1,2,2,2,2,2,2,2,2,2,3,2,2,3,2,2,2,2,1,2,2,4,4,3,2,2,2,1,2,2,2,2,3,2,2,3,2,2,2,3,2,1,3,3,3,2,3,2,2,3,2,3,2,2,3,2,,2,3,2,2,2,2,3,2,2,2,2,3,2,3.0,2,3,2,2,2,2,3,2,3,2,2,3,3,3,2,3,2,2,2,2,2,2,2,3,3,2,2,2,2,2,1,2,2,3,2,3,3,3,3,3,2,2,2,3,2,1,3,2,2,2,3,2,2,2,2,2,2,2,3,2,,3,2,3,3,2,3,2,2,2,3,3,2,2,3,2,2,2,3,2,2,2,2,2,2,1,2,2,2,3,2,3,3,2,3,2,2,,2,2,2,3,3,3,2,2,3,2,2,2,3,3,2,2,,3,2,2,,3,3,2,2,2,2,2,2,2,2,3,,3,2,3,2,3,2,2,,2,4,,2,3,3,2,2,2,3,3,2,3,3,3,3,3,2,5.0,3,2,3,,2,2,3,2,3,3,,3,,2,2,3,3,1,2,2,2,3,2,2,3,,2,3,2,3,2,,,2,2,2,2,2,2,2,2.0,0,2,2,,3,4,3,2,2,,2,3,2,2,2,3,,3,2,3,3,3,2,3,3,0,3,3,,3,,2,3,3,2,3,2,3,2,2,2,,2,2,2,3,3,3,3,3,3,2,3,2,3,2,2,2,3,2,,2,3,2,3,3,3,3,2,2,2,,2,3,3,2,,2,3,3,3,3,,,,2,3,3,3,3,3,,2,,,,2,2,2,2,,3,2,2,,3,2,,,3,4.0,3,,3,4,,3,3,2,2,2,3,2,3,3,3,2,2,2,2,2,3,3,2,2,3,2,3,1,3,2,3,,3,2,,2,3,,,2,2,,3,4,,3,3,3,3,3,4,3,2,,3,3,2,3,2,3,,2,3,2,2,,2,3,,,,,2,2,2,3,2,3,,2,4,3,,,2,0,,2,,2,3,,2,2,3,,3,,3,2,0,,3,2,,3,,2,,5.0,3,,3,3,2,2,2,,3,3,3,2,,,2,0,3,4,3,3,3,2,3,2,2,,3,2,2,2,3,2,3,3,3,,3,3,,4,,,3,,2,,2,2,3,2,3,3,2,3,3,2,4.0,,,3,2,3,,3,3,3,2,2,2,4,,2,,3,3,3,3,3,3,,3,3,,3,3,3,3,2,3,,,5.0,,,3,,,2,3,,,,48,2,0.020689655172413793
2,2,2,2,2,2,1,1,1,1,2,1,1,1,2,2,2,2,2,2,2,2,2,2,3,2,2,2,2,2,2,3,3,3,3,2,2,3,3,3,2,2,2,2,1,2,2,2,3,3,3,2,3,2,2,2,2,1,2,2,3,2,2,2,2,2,2,2,2,2,3,3,3,3,2,3,3,3,2,2,2,2,2,2,2,3,2,2,2,2,2,2,2,2,3,2,2,3,3,2,3,3,3,2,2,2,2,2,2,3,3,3,3,2,2,2,3,2,2,3,3,2,3,3,2,2,0,2,2,2,2,2,2,2,2,2,3,2,2,2,2,1,2,3,3,2,2,2,3,2,3,3,2,2,2,2,2,2,2,2,1,2,2,2,2,2,2,2,2,2,2,2,2,1,2,3,3,2,3,2,2,2,3,2,1,3,3,2,2,2,2,2,2,2,2,2,2,2,3,3,3,2,3,2,2,3,2,2,2,1,2,1,2,2,2,2,2,3,2,3,3,2,2,2,3,3,2,3,3,3,2,1,2,2,2,2,2,2,2,3,0,2,2,2,2,2,2,2,2,1,3,2,2,2,2,2,2,3,2,3,3,3,2,2,2,1,1,1,2,2,2,1,2,2,2,2,3,2,2,3,2,2,2,2,2,1,2,2,2,3,2,3,2,2,3,2,2,3,2,0,2,2,2,2,2,2,2,3,2,3,2,2,3,3,2,3,2,3,2,2,3,2,3,2,1,2,2,2,3,2,3,2,2,2,3,3,2,2,2,2,2,3,2,2,3,3,2,2,3,2,3,2,2,2,3,2,2,2,2,2,2,2,1,2,3,2,2,2,3,3,3,2,3,2,2,2,2,2,3,2,3,3,3,3,3,2,3,3,2,2,2,3,3,2,3,2,3,2,3,3,2,2,3,3,2,2,2,2,2,2,3,2,2,2,4,3,2,2,2,2,2,2,2,2,1,3,2,2,3,2,2,2,3,3,2,3,3,3,2,3,2,1,3,3,2,2,2,3,2,,2,2,1,2,3,2,3,2,2,1,2,3,2,,2,2,0,2,3,3,2,3,3,2,2,3,3,3,2,3,2,2,3,2,2,3,2,2,2,2,2,3,2,2,2,2,2,2,2,2,2,2,2,2,1,2,1,3,2,2,1,3,3,2,2,2,3,3,2,2,2,3,4,3,,2,2,2,2,2,2,2,2,2,3,2,2,2,2,3,2,2,3,2,3,3,1,3,2,1,2,1,2,3,3,2,3,3,2,3,2,,2,3,1,0,2,3,3,2,1,2,3,2,3,3,2,3,,3,3,2,,3,3,2,2,3,0,2,3,3,3,3,,3,3,3,2,3,2,2,,2,4,,2,1,3,2,2,2,3,4,2,3,3,3,3,3,2,,3,2,3,,2,3,3,4,3,3,,2,,3,1,2,2,2,3,3,3,3,3,3,2,,2,3,2,2,3,,,0,3,2,3,3,2,2,,3,2,2,,1,4,4,2,2,,2,3,2,2,3,3,3.0,4,2,3,3,3,2,3,3,2,2,1,4.0,3,,3,3,1,3,3,2,3,3,3,3,,2,3,3,2,3,3,0,3,3,3,3,3,2,2,2,3,3,3,2.0,2,3,3,3,3,4,3,2,2,3,,3,3,3,1,,3,4,3,3,3,,,,3,2,3,3,3,3,5.0,3,,0.0,,3,2,2,3,3.0,3,3,3,,3,3,,,3,,3,,3,4,,3,3,2,3,3,3,3,1,2,3,3,2,3,3,2,3,3,3,3,3,2,3,2,3,3,1,,3,2,,2,3,,,2,2,5.0,3,4,,3,3,2,3,3,4,3,2,,3,3,3,4,3,3,,3,2,1,3,,2,3,,,,,3,3,3,4,3,3,,3,4,3,,,2,3,,2,,3,3,,3,3,3,,3,5.0,3,2,2,,3,2,,3,,3,,,3,,3,2,3,3,2,5.0,3,2,2,3,,,3,3,3,4,2,2,3,2,3,3,3,,3,3,3,2,3,3,3,2,3,,4,3,,4,,,3,,3,,2,2,2,3,3,2,3,2,2,3,,3.0,,4,2,3,,3,2,2,3,3,1,3,,3,,3,3,3,3,3,3,,3,3,,3,3,4,3,2,3,,,0.0,,,4,,,3,3,,,,49,2,0.019428571428571427
2,1,2,2,2,2,2,2,2,3,2,2,2,1,1,2,2,2,2,2,2,1,2,2,2,2,2,1,2,2,2,2,2,2,3,2,2,2,2,2,2,2,2,3,2,2,2,2,2,3,2,1,2,2,2,2,2,2,2,3,2,2,2,2,1,2,2,2,2,2,2,2,2,2,2,2,3,2,2,2,2,2,1,2,1,2,1,2,2,2,2,2,2,2,2,2,2,2,2,2,2,2,1,2,2,1,1,1,2,3,2,3,2,2,2,2,2,2,2,3,3,1,2,2,2,2,2,0,1,1,1,2,2,2,2,2,2,2,2,2,2,2,2,2,2,2,2,2,2,2,2,2,2,2,2,2,2,2,2,2,1,2,2,2,2,2,2,2,1,1,2,2,1,2,2,3,2,2,3,2,2,1,2,2,2,2,2,2,2,2,2,2,2,2,2,2,2,2,2,2,2,1,3,2,1,2,2,2,2,2,2,2,2,3,2,2,2,2,2,2,2,2,2,2,2,2,2,2,2,2,2,2,2,2,2,3,2,2,2,2,2,3,2,2,2,2,3,3,3,2,2,2,2,2,2,2,2,2,2,2,3,2,2,2,2,3,2,3,2,2,2,1,2,2,2,2,2,2,1,2,0,2,2,2,2,2,2,2,2,2,2,2,1,3,2,1,1,2,2,3,2,2,2,2,2,2,2,3,2,3,2,2,2,3,2,3,2,2,2,2,2,2,2,0,3,2,2,2,2,2,2,2,3,2,3,3,2,2,2,2,2,3,2,2,3,2,2,2,3,2,2,2,2,2,2,2,2,2,2,3,2,2,2,2,2,2,2,2,2,3,3,2,2,1,3,2,2,1,2,2,2,2,2,0,2,2,2,2,2,2,2,2,2,2,2,2,2,2,2,2,2,2,3,2,2,2,2,3,2,2,2,1,2,2,4,3,3,2,2,2,2,2,2,2,2,2,2,2,2,2,2,2,2,2,2,2,3,2,2,3,2,2,3,2,2,2,2,3,2,,2,3,3,2,2,2,3,2,2,2,2,2,2,,1,3,2,2,2,3,2,2,3,2,2,3,3,3,2,3,2,2,2,2,2,2,2,3,3,2,2,2,2,1,1,2,2,3,2,2,3,3,3,3,2,3,2,3,2,2,0,2,3,2,3,2,2,2,2,2,2,2,2,0,,2,2,3,2,2,3,2,3,1,3,3,3,2,3,2,2,2,2,1,2,3,2,3,2,2,2,2,2,2,3,2,2,2,3,3,2,3.0,2,2,3,3,3,3,2,3,3,3,1,2,3,2,2,3,,3,2,2,,3,2,3,3,2,2,2,2,3,2,2,,3,2,2,3,2,2,3,,3,4,,2,3,3,2,2,2,3,3,2,2,3,1,3,3,2,,2,2,3,,3,2,3,4,3,3,,3,,3,3,3,2,2,2,3,2,3,3,2,2,,3,3,2,2,3,,,2,2,2,3,2,2,2,3.0,3,2,2,,3,3,3,3,2,,2,0,3,2,2,2,,3,2,3,2,2,2,3,3,2,3,3,,3,,3,1,3,2,3,3,3,3,2,2,,0,3,2,3,3,0,3,3,3,2,2,2,3,2,3,2,3,2,,2,3,2,3,3,3,3,2,2,3,,2,2,2,2,,2,3,3,3,3,,,,2,3,3,2,3,3,5.0,2,,,,2,2,3,3,,3,2,3,,3,2,3.0,3.0,2,,3,,3,4,,3,3,3,3,3,2,3,3,3,3,3,2,3,3,2,2,3,3,2,2,2,3,2,3,2,3,,4,3,,2,2,,,2,3,,2,2,,3,3,2,3,3,4,3,3,,2,3,3,3,3,3,,3,3,2,2,3.0,2,3,,,,,3,2,3,3,3,3,,3,3,3,4.0,,2,3,,3,,3,3,,2,3,3,,3,,3,2,4,,3,2,,3,,2,3.0,,3,3.0,3,2,3,2,2,,3,3,3,2,,,2,2,3,3,3,2,4,3,3,3,3,,3,3,3,2,3,3,3,2,3,,3,2,,3,,,3,,2,,2,2,3,3,2,3,3,3,3,3,,2.0,3.0,4,2,2,,3,3,4,3,2,3,4,,3,,3,3,3,2,2,3,,3,3,5.0,3,2,3,3,3,3,,,,,,0,4.0,,2,3,,,,50,2,0.031141868512110725
2,2,1,2,2,2,2,2,2,3,1,2,2,1,2,2,2,2,2,2,2,2,3,1,2,2,2,1,1,1,1,2,2,0,2,1,2,2,1,1,1,2,2,3,2,1,2,2,2,3,3,1,2,2,2,2,2,2,2,2,3,2,2,1,1,1,2,2,2,2,3,3,3,3,2,2,3,3,2,2,2,2,2,2,2,2,1,2,2,2,2,2,2,1,2,2,2,3,2,2,2,3,2,2,3,2,2,2,2,3,3,3,3,2,2,2,2,2,2,2,3,1,3,2,2,2,2,2,1,2,2,2,2,2,2,2,2,2,2,2,1,2,2,2,3,2,2,2,3,2,2,2,2,2,2,2,2,2,2,2,1,2,2,2,0,1,2,2,2,1,1,2,1,2,2,3,2,2,3,2,2,2,3,2,2,3,2,2,2,2,2,2,3,2,2,2,2,0,2,2,2,2,3,2,2,2,2,1,2,2,2,2,2,3,2,2,2,2,2,2,2,2,2,2,2,2,2,3,2,2,2,2,2,2,2,3,2,2,2,2,3,3,2,2,2,2,3,3,3,2,3,1,2,3,2,2,2,3,2,3,2,2,3,2,2,3,2,3,3,2,2,2,1,2,2,2,3,3,2,3,2,2,2,2,3,1,2,3,3,3,2,2,2,3,2,2,2,2,3,3,2,2,2,2,2,2,2,3,2,2,2,3,3,3,2,3,2,3,2,2,2,2,2,2,0,2,2,2,3,2,2,2,3,2,2,2,2,2,1,2,2,3,2,2,3,2,2,3,3,2,3,2,2,2,3,2,2,2,3,3,2,2,2,2,2,2,2,2,2,3,2,2,2,2,3,2,2,2,3,2,2,3,3,3,3,3,3,3,2,2,2,3,3,2,3,2,3,2,3,2,2,2,3,2,2,2,3,3,2,0,3,2,2,2,3,4,3,2,2,2,2,2,2,2,2,2,2,2,1,2,2,3,3,3,2,2,3,2,1,3,2,2,2,1,2,2,2,1,1,,2,3,3,2,2,2,3,1,2,2,2,2,2,,1,3,2,2,2,3,2,2,3,2,2,3,3,3,2,3,2,2,2,2,2,2,2,3,3,2,2,3,2,2,2,2,2,2,2,3,3,3,3,3,2,3,2,3,2,2,2,3,3,2,3,2,3,3,2,3,2,3,3,2,,2,2,2,3,3,3,2,2,2,3,2,3,3,3,3,2,2,3,2,2,2,2,2,2,2,2,2,2,3,3,1,3,2,3,3,2,,2,2,2,3,3,3,2,3,3,2,2,2,3,3,2,3,,2,2,3,,2,3,2,3,2,3,1,3,2,2,3,,3,3,3,2,3,2,3,,3,4,,2,3,3,3,2,2,3,4,2,3,2,3,3,3,3,,3,2,2,,3,3,3,4,3,3,5.0,2,,3,2,3,2,2,3,3,2,3,3,2,3,,2,3,2,2,3,5.0,,2,3,3,2,2,2,2,,3,3,3,,3,2,3,3,3,,2,3,3,2,3,3,,3,2,3,3,3,3,3,3,2,3,3,,3,,3,3,3,2,3,2,3,3,2,3,,3,3,2,2,2,2,3,2,2,2,2,3,3,2,3,2,2,2,,2,3,3,3,3,4,3,2,1,3,,2,2,2,2,,3,3,3,3,3,,,,3,3,3,2,3,3,,2,,,4.0,2,2,3,3,,4,3,3,,2,2,,,3,,3,,3,3,,3,3,2,3,3,3,2,3,3,3,3,2,3,3,2,2,3,2,2,3,2,3,1,3,2,3,,4,2,,2,3,,,2,3,,3,3,,0,3,2,3,3,4,3,2,,2,3,0,3,3,3,,2,3,2,3,,2,2,,,5.0,,2,3,3,3,3,3,,3,3,3,,,2,2,,2,,3,2,,3,3,3,,3,0.0,3,2,3,3.0,3,2,5.0,3,3.0,0,,,4,,3,3,3,2,3,,3,3,3,2,,,2,2,2,3,2,3,4,3,3,0,3,,2,3,3,2,2,3,3,3,3,,3,2,,3,,,3,,3,,2,2,3,3,2,3,2,3,3,3,,3.0,,4,2,2,,3,3,4,3,2,2,4,,2,,3,3,2,3,2,3,,3,3,,3,2,3,3,2,3,,,,,,3,,,3,3,,,,51,2,0.020642201834862386
2,2,2,2,2,1,2,0,2,2,2,1,2,2,2,2,2,2,2,1,1,2,2,2,2,2,3,2,2,2,2,2,3,3,2,2,2,3,3,2,2,2,2,2,1,2,2,2,3,2,2,2,3,2,2,2,2,2,2,2,2,2,1,2,1,2,2,2,2,2,2,2,3,2,2,3,3,2,2,2,2,2,1,1,2,2,1,2,2,2,2,2,2,1,2,2,2,2,2,2,2,3,2,2,2,2,2,1,2,3,3,3,3,2,2,2,2,2,2,3,2,1,3,2,2,2,3,2,2,2,2,2,2,1,2,2,2,2,2,2,2,1,1,0,2,2,2,2,2,2,2,2,1,2,2,2,2,2,2,2,1,2,2,2,1,2,1,2,2,2,2,2,2,2,2,3,2,2,2,2,2,1,1,2,2,3,2,2,2,2,2,2,3,3,2,2,2,2,2,2,2,1,3,2,2,2,2,2,2,2,2,2,2,2,2,2,0,2,2,2,3,2,2,2,2,2,2,3,2,2,2,2,2,2,2,2,2,2,1,3,2,2,2,2,2,2,2,1,3,1,2,2,2,2,2,2,2,3,2,2,2,2,2,2,2,2,2,2,2,2,2,2,2,2,2,2,3,2,2,2,2,2,2,2,2,2,2,2,2,3,1,0,2,2,2,2,2,3,3,3,2,2,2,2,2,2,2,2,2,2,2,2,2,3,2,3,2,3,2,2,2,2,2,2,2,2,2,2,2,2,3,2,1,2,3,3,2,2,2,3,2,3,2,2,3,2,2,2,3,2,3,2,2,2,3,2,2,2,1,2,2,2,1,2,2,1,2,2,2,3,3,2,2,2,1,2,1,2,2,2,2,2,3,3,2,2,3,2,2,2,2,2,2,2,2,0,2,2,3,2,2,2,2,2,2,2,1,1,2,2,2,2,2,2,4,4,3,2,2,2,1,2,2,2,2,2,2,2,2,2,1,2,3,2,1,3,3,2,2,3,2,2,3,2,2,2,2,2,2,,2,2,1,2,2,2,3,2,2,2,2,3,2,,2,2,1,2,2,2,2,2,3,2,2,3,3,3,2,3,2,2,2,2,2,2,2,2,2,2,2,3,2,2,1,2,2,3,1,1,1,2,1,2,1,2,0,3,2,2,1,2,3,2,3,2,3,3,2,2,2,2,3,2,,2,2,2,2,1,2,2,3,2,3,3,2,2,3,2,2,2,3,2,2,2,2,3,2,2,2,2,2,3,2,2,3,2,2,2,2,,2,2,2,2,2,2,2,2,2,2,2,2,3,3,2,2,,2,2,2,,2,3,2,3,3,2,2,2,2,2,2,,3,2,3,3,3,2,2,,3,4,3.0,2,2,3,2,2,2,3,3,2,3,3,3,3,2,2,0.0,3,3,3,,2,3,3,4,3,3,,3,,3,3,3,3,2,2,3,2,3,3,2,2,,2,3,2,3,3,,,1,2,3,2,2,2,2,,2,2,1,,1,3,3,3,3,,2,3,3,2,3,2,,3,2,3,2,3,2,3,3,3,2,2,,3,,3,2,2,2,3,2,3,3,2,3,,3,3,2,2,3,3,3,3,3,2,3,2,2,2,2,3,3,2,,2,3,2,3,3,4,3,2,2,3,,3,2,3,2,,2,3,2,3,3,,,,3,1,3,2,3,2,,3,,,4.0,2,2,2,3,,3,2,2,,3,2,,,2,,3,,3,4,,3,3,2,3,3,3,3,2,2,3,3,2,3,3,2,2,3,2,3,3,2,3,2,3,2,2,,3,3,,2,3,,,3,2,,3,3,,3,3,2,2,3,3,2,2,,3,3,3,3,3,3,,2,3,1,2,,2,3,,,,,3,3,3,3,0,3,,3,3,3,,5.0,3,3,,2,,2,3,5.0,0,3,1,,3,,3,2,2,,3,2,,3,,3,,,3,4.0,3,3,3,2,3,,3,2,1,3,,,3,2,3,4,0,1,3,3,3,3,3,,3,2,2,2,3,3,3,2,3,,3,3,,4,,,3,,3,,3,2,2,3,3,2,3,1,2,3,,,,4,2,3,,3,2,4,3,3,1,3,,3,,3,3,3,3,2,3,,3,3,,3,3,3,3,3,3,,,,,,3,,,3,3,5.0,,,52,2,0.01718213058419244
2,2,2,2,2,2,1,1,2,2,2,1,2,1,2,2,2,2,2,1,1,2,2,2,2,2,3,2,2,2,2,2,2,2,3,2,2,2,2,2,2,2,1,2,1,2,1,2,2,2,2,2,2,2,2,2,0,2,1,2,2,2,1,1,2,2,2,2,2,1,2,2,2,2,2,2,3,2,2,2,2,1,1,0,1,2,1,1,2,2,2,2,2,2,2,2,1,2,2,2,2,2,3,2,2,1,1,1,2,2,2,3,2,2,2,2,2,2,1,2,3,2,3,2,2,2,2,2,1,2,2,2,2,2,2,2,2,2,2,2,2,0,1,2,2,2,2,2,2,2,2,2,2,2,2,2,2,2,2,2,1,1,2,2,2,2,1,2,2,2,2,2,2,2,2,2,3,2,2,2,2,2,2,2,2,3,2,2,2,2,2,2,3,2,2,2,2,2,2,2,2,2,3,2,2,2,2,2,2,1,2,1,2,1,2,2,2,2,2,2,2,2,2,2,2,2,2,2,2,2,2,2,1,2,2,2,2,2,2,2,2,2,2,1,2,2,1,2,2,1,2,2,1,1,2,1,1,3,2,2,2,2,2,2,1,1,1,2,2,2,2,2,2,2,2,2,3,2,2,2,2,1,2,2,2,2,2,2,2,3,2,2,2,2,2,2,1,2,2,2,2,2,2,2,2,2,1,3,2,2,2,2,2,3,2,2,2,2,2,2,2,2,2,2,2,2,2,2,2,2,3,2,1,2,3,3,2,2,2,2,2,3,2,2,3,2,2,2,3,2,2,2,2,2,3,2,2,2,1,1,2,2,2,2,3,1,2,2,2,2,3,2,2,2,2,2,2,2,2,2,2,2,3,3,2,2,3,2,2,2,2,3,2,1,2,2,3,2,3,2,2,2,2,3,2,2,2,2,2,1,2,2,2,2,4,4,3,2,0,2,1,1,2,2,2,2,2,2,2,2,1,1,3,2,1,2,3,3,2,3,2,2,2,2,2,2,2,2,2,,2,2,1,1,2,2,3,2,2,2,2,2,2,,2,2,1,2,2,2,2,2,2,1,2,3,3,3,2,3,2,1,2,2,2,2,2,2,2,2,2,2,2,2,1,2,1,2,1,1,2,2,2,2,2,2,1,3,2,2,2,2,3,2,3,2,3,3,2,2,2,2,3,2,,2,2,2,3,1,2,2,2,1,3,3,2,2,2,2,2,2,3,2,2,2,2,3,1,2,2,2,2,2,3,0,3,2,2,2,2,,2,2,2,2,1,3,2,2,2,2,2,2,3,3,2,2,,2,2,2,0.0,3,3,2,2,2,1,2,2,2,2,2,3.0,3,2,2,2,3,1,2,,2,4,,0,0,3,2,2,1,2,3,2,3,3,3,2,3,2,5.0,2,2,2,,2,3,3,3,3,3,,3,,3,2,3,3,2,2,2,2,3,3,2,2,,2,3,2,2,3,,,2,2,2,2,2,2,2,,3,2,1,,2,3,3,2,2,,2,3,2,2,3,2,,3,2,3,2,3,1,3,3,2,2,2,,3,,2,3,2,2,3,2,3,2,2,2,,2,2,2,1,3,3,3,3,3,2,2,2,2,2,2,2,3,2,,2,3,2,3,3,4,3,1,2,2,,2,2,2,1,,2,3,3,3,3,,,,3,2,3,2,3,2,,2,,,,2,2,3,3,,3,3,2,,2,2,,,3,,3,,3,4,,3,3,2,2,3,2,2,2,2,3,3,2,2,2,2,3,3,3,2,3,2,3,1,3,2,2,,3,2,,2,3,,,2,2,,3,3,,3,3,2,3,2,4,3,2,,3,3,2,3,3,3,2.0,2,2,1,2,,2,3,,,,,2,3,3,3,3,3,3.0,3,3,3,,,2,3,,2,,2,3,,2,2,0,,3,,3,2,2,,3,2,,3,,2,,,3,,3,2,3,2,2,,3,2,2,3,,,2,2,3,3,2,2,3,2,3,2,3,,3,3,3,2,3,3,3,2,3,5.0,3,3,,3,,,3,,3,5.0,2,2,2,2,3,2,2,2,2,3,,,,4,2,3,,3,2,3,3,2,2,3,,0,,3,3,3,3,3,3,,3,3,,3,3,3,3,2,3,,,,,,3,,,2,3,,3.0,,53,2,0.02066590126291619
2,3,2,2,2,1,2,2,2,3,2,2,2,2,3,2,2,2,2,2,2,2,3,1,2,2,2,2,2,2,2,2,1,2,2,2,2,2,2,2,2,2,2,3,2,2,2,2,2,3,3,2,3,2,2,2,3,2,2,3,3,2,1,2,2,2,3,2,2,2,2,3,3,2,2,3,2,0,2,2,2,2,2,2,2,2,1,2,2,2,2,3,2,2,2,2,2,2,2,2,0,2,1,2,3,2,2,1,3,2,3,3,3,2,2,2,2,2,3,3,2,2,3,2,2,2,2,2,2,2,3,1,2,2,2,2,3,2,3,2,2,2,1,2,3,2,2,2,3,3,2,2,2,2,2,2,3,2,2,2,2,2,2,2,2,2,1,3,2,2,2,1,2,2,2,3,3,2,3,2,2,2,3,2,2,2,2,2,2,2,2,2,2,3,2,2,2,2,2,3,3,2,3,2,2,2,2,2,2,2,2,2,2,3,2,2,2,2,2,3,3,2,2,2,3,2,2,3,3,2,2,3,2,2,2,2,2,2,2,3,2,3,2,1,3,2,3,3,3,2,2,2,2,2,2,2,2,3,2,3,3,2,2,2,2,3,2,3,2,2,3,2,3,3,2,3,3,3,3,2,2,2,2,2,2,2,2,2,2,3,2,2,2,3,3,1,2,3,3,2,2,2,2,2,2,2,2,3,2,3,2,2,2,3,2,3,3,3,2,2,2,2,3,2,3,3,2,2,2,2,3,2,3,1,3,3,3,2,2,2,2,3,2,2,3,3,2,3,3,3,3,2,3,2,2,2,2,2,3,2,2,2,2,3,3,2,2,2,2,3,2,2,2,2,2,2,2,2,3,2,2,3,3,3,3,3,3,2,3,3,2,3,2,2,3,2,3,3,3,3,2,2,3,3,1,2,3,3,2,2,2,1,2,3,3,4,3,2,2,2,2,2,2,2,1,3,2,2,3,2,2,3,3,3,2,2,3,3,2,3,2,2,3,2,2,2,3,3,2,,2,3,3,2,2,2,3,2,2,2,2,3,2,,2,3,2,2,3,2,2,2,0,2,2,3,3,3,2,4,2,2,3,2,2,2,2,3,3,2,2,3,2,2,1,2,3,2,2,2,3,3,3,3,2,3,2,3,2,2,2,2,3,3,3,2,2,0,2,3,2,2,3,3,,2,2,2,3,2,3,2,2,1,3,3,2,2,3,2,3,2,3,2,2,2,2,2,3,3,3,2,2,3,3,3,3,2,3,2,2,,3,2,3,3,3,3,3,3,3,2,2,2,3,3,2,2,,3,2,2,,3,3,2,3,2,2,0,2,3,2,3,,3,2,3,3,3,2,3,,2,4,,2,3,3,2,2,2,3,3,2,3,3,2,3,0,3,,3,3,3,,2,3,3,4,3,4,,3,,3,3,3,2,2,3,3,2,4,2,3,3,4.0,3,3,2,3,3,,,3,2,3,3,2,2,2,,3,2,3,,3,3,4,3,3,0.0,2,3,2,3,3,2,,3,2,4,3,3,3,3,3,2,3,3,,3,,3,3,2,2,3,3,3,3,2,3,,0,3,3,2,3,3,3,3,3,2,3,2,3,2,3,3,3,2,4.0,2,3,3,3,3,2,3,2,2,2,5.0,3,3,3,1,3.0,2,3,3,3,3,,,,3,3,3,3,2,2,3.0,3,,,,3,3,3,3,,4,3,2,,3,3,,,3,,3,,3,4,,3,3,3,3,3,3,3,3,4,3,3,2,3,2,2,3,3,3,3,3,2,3,1,3,2,3,,4,3,,2,3,,,2,2,,3,4,,3,3,2,3,3,4,3,3,,2,3,3,4,3,3,4.0,3,3,2,3,,2,3,,,,,3,3,3,3,3,3,,3,4,3,4.0,,3,3,,2,,3,3,,3,3,3,,3,,4,3,4,,3,2,0.0,3,,2,,,3,,3,3,3,3,3,,3,3,3,3,5.0,5.0,3,2,3,3,3,3,4,3,3,3,3,,3,3,2,2,3,3,3,3,2,,3,3,,3,3.0,,3,,3,,2,0,3,3,2,3,3,3,3,3,,,,4,2,3,,3,3,3,3,3,3,4,,3,,2,3,3,3,3,2,,3,3,,3,3,3,4,3,3,,,,,,3,,,3,3,4.0,,,54,2,0.02054794520547945
2,2,2,2,2,1,1,2,2,3,2,2,2,2,2,2,2,2,2,2,1,1,2,2,2,2,1,2,1,1,1,1,2,2,2,1,1,2,2,2,2,2,2,3,2,2,2,2,1,2,1,2,2,2,2,2,2,2,1,2,2,2,2,1,2,2,2,2,2,2,2,1,0,2,2,2,2,2,2,2,2,1,1,1,0,2,1,1,2,2,2,2,2,2,2,2,2,2,2,2,2,2,2,2,2,2,1,1,2,3,2,2,2,1,1,1,2,2,2,2,2,1,2,2,2,2,2,2,2,1,2,2,2,2,2,2,2,2,2,2,2,2,2,2,2,2,2,2,2,2,2,2,2,2,2,2,2,1,2,2,1,2,0,1,2,1,2,2,2,1,1,2,2,2,2,2,2,2,2,2,1,2,2,2,1,2,2,2,2,2,2,2,2,2,2,2,2,2,2,2,2,2,3,2,2,2,2,2,2,2,2,2,2,3,2,2,2,1,2,2,2,2,2,2,2,2,2,2,2,2,2,2,2,2,2,2,2,2,2,3,3,3,2,2,2,2,3,3,2,1,2,2,1,1,2,2,2,2,2,1,2,1,2,1,2,3,3,3,2,2,1,2,2,2,2,2,2,2,2,2,2,2,2,2,2,2,2,2,1,2,2,2,2,2,2,1,2,2,2,2,2,2,2,2,2,2,2,2,2,2,2,2,2,3,2,2,2,2,1,2,2,2,3,1,2,2,2,1,2,2,3,2,3,1,3,3,1,2,1,2,2,2,2,2,2,2,2,2,3,2,2,2,2,2,2,2,2,2,3,3,2,2,1,2,2,1,2,1,2,2,2,2,2,2,3,2,2,1,2,2,2,2,2,2,2,2,2,2,2,1,2,2,2,1,2,2,2,2,2,2,2,2,3,2,1,1,2,2,2,2,2,1,2,2,3,3,0,1,2,2,2,2,2,2,2,2,2,1,2,2,2,2,1,1,2,2,2,2,0,2,2,2,2,2,1,2,3,3,2,,2,3,2,2,2,2,3,2,2,2,2,3,2,,2,2,2,2,2,2,2,2,3,2,2,3,3,3,1,3,2,2,1,2,2,2,0,3,2,2,2,2,1,1,1,2,2,2,2,3,3,3,3,3,2,2,2,3,2,2,2,2,2,2,2,2,2,2,2,0,2,2,3,3,,3,2,2,2,2,2,2,2,2,3,3,2,2,3,2,2,2,3,2,2,2,2,2,2,1,2,2,2,2,2,2,3,2,3,3,2,,2,2,2,3,2,3,2,2,0,2,2,2,3,2,2,2,,3,2,2,,3,2,2,2,2,2,2,2,3,2,2,3.0,3,2,2,3,2,2,2,,3,4,,2,3,2,3,2,1,2,3,2,3,3,2,3,3,2,4.0,2,2,2,,2,2,3,3,3,3,,3,4.0,3,2,3,2,2,2,2,2,3,3,2,2,,2,2,1,2,3,,,2,2,2,1,2,2,2,,3,2,2,,3,3,3,2,2,4.0,1,3,3,2,2,2,5.0,3,2,3,2,2,2,3,3,2,3,2,,3,,3,3,2,2,3,2,3,3,2,2,,2,2,2,3,2,3,3,2,2,2,2,2,2,2,3,2,3,2,,2,3,2,3,3,3,3,2,2,3,,2,2,2,2,,2,2,2,3,3,,,,2,2,3,2,2,3,,2,4.0,,,2,2,2,2,,3,2,2,,3,2,5.0,,2,,2,,3,4,,2,3,2,2,3,2,2,3,3,3,3,2,2,2,2,3,3,2,2,3,2,3,1,2,2,2,,4,2,,2,3,,4.0,2,2,,2,4,,3,3,2,3,3,4,2,2,,2,3,2,3,0,3,,2,2,2,3,,2,2,,,5.0,,2,3,3,3,3,3,,3,3,3,,,2,3,,2,,3,2,,2,2,3,,3,,3,2,3,,2,2,,3,,2,0.0,,3,,3,3,2,3,2,,3,3,3,2,3.0,,2,2,2,3,2,3,4,2,2,3,3,,3,3,3,2,3,2,3,2,3,,3,3,,3,,,3,,2,,2,2,3,2,2,2,3,3,3,3,,,,4,2,3,,3,3,3,3,3,1,4,,2,,2,3,2,2,2,2,,2,2,,2,2,3,3,2,3,,3.0,,5.0,,3,,,3,3,,,,55,2,0.027586206896551724
2,2,2,2,1,2,2,2,2,3,1,2,1,2,2,1,2,1,1,2,1,1,2,1,2,2,2,1,1,2,1,2,2,2,2,2,1,2,2,2,1,1,1,3,0,2,1,2,2,2,2,1,2,1,2,2,2,2,1,2,2,2,1,1,1,2,2,2,2,2,2,2,2,2,2,2,2,2,2,2,2,1,0,1,1,2,1,1,2,2,2,2,2,1,2,2,1,2,2,2,2,2,2,0,1,1,1,1,2,2,2,2,2,2,1,1,1,2,2,2,2,1,2,1,1,2,2,2,1,1,2,2,2,1,2,2,2,2,2,2,2,2,1,2,2,0,2,1,2,2,1,1,2,2,1,1,2,2,1,2,1,1,2,1,2,1,1,2,2,1,1,2,2,2,2,2,2,2,2,1,1,2,2,1,2,2,2,1,1,2,2,1,2,2,2,2,2,2,2,2,2,1,2,2,2,2,2,2,2,2,2,1,1,2,2,1,0,2,2,2,2,2,2,2,2,2,2,2,2,2,2,2,2,1,1,2,2,2,2,2,2,2,2,2,2,2,2,3,2,1,1,2,1,2,1,1,1,2,2,2,2,2,2,2,2,2,2,2,2,1,2,2,2,2,2,2,2,2,2,2,2,2,2,1,2,2,2,2,2,2,1,2,2,2,2,1,1,2,2,2,1,2,2,1,2,2,2,2,2,2,2,2,2,2,1,3,2,2,2,2,2,2,2,2,2,2,1,2,2,2,2,2,3,1,2,2,2,2,2,2,2,2,2,2,2,2,2,2,2,2,2,2,2,2,2,2,2,2,2,2,2,2,1,2,2,1,1,1,1,2,2,2,1,2,2,2,1,1,2,2,2,2,2,2,2,1,2,2,2,2,2,2,2,1,2,1,2,2,2,2,2,1,2,2,1,1,2,2,2,2,2,2,2,2,3,4,3,2,2,1,2,2,1,2,1,2,2,1,2,2,2,2,2,2,1,2,2,2,1,2,2,1,1,2,2,2,2,2,2,,2,2,2,2,2,2,2,2,2,2,2,2,1,,2,2,2,2,2,2,2,2,2,1,1,3,3,3,2,3,2,2,2,2,2,2,1,3,3,2,2,2,2,2,2,2,2,2,2,2,3,2,3,3,2,2,2,3,2,1,2,2,2,2,3,2,3,3,1,2,2,2,3,3,,2,1,2,2,2,2,2,2,1,3,3,2,2,3,3,2,2,2,2,2,0,1,2,1,1,1,2,2,2,2,1,3,2,2,2,2,,2,2,2,2,3,2,2,2,2,2,2,2,3,3,2,2,,2,2,2,,2,2,2,2,2,2,2,2,2,2,0,,3,2,2,2,2,2,2,,2,4,,2,3,2,2,2,1,3,3,2,3,3,2,2,2,2,,2,2,2,,2,3,3,3,3,3,,2,,2,2,2,2,2,2,2,2,0,3,1,2,,2,2,2,2,3,,,2,2,2,2,2,2,2,,3,2,2,,3,3,2,2,2,,2,3,3,2,2,2,,3,2,3,2,2,2,2,3,2,2,2,,2,,2,2,2,2,3,2,2,2,2,2,,2,3,2,2,2,2,3,3,2,2,2,2,2,2,2,2,3,2,,2,2,2,2,2,4,3,2,2,2,,0,2,2,2,,2,3,2,3,2,,,,2,2,3,2,2,2,,2,,,,2,2,2,2,,3,2,2,,2,2,,5.0,2,,2,,3,3,,2,3,2,2,2,2,2,3,3,3,2,2,2,2,2,2,3,2,0,3,2,3,1,2,2,2,,3,2,,2,3,,,2,2,,2,3,,3,2,2,2,2,3,2,2,,2,3,2,3,2,3,4.0,2,2,1,2,,2,2,,,5.0,,2,3,3,3,2,3,,2,3,3,,,2,2,,2,,2,2,,2,2,3,,2,,3,2,3,,2,2,,3,,2,,,3,,3,2,2,2,2,,3,3,2,2,,,2,2,2,3,2,2,3,2,2,2,2,,2,2,2,1,2,2,3,2,2,,3,2,,3,,,3,,2,,2,2,3,2,2,2,2,2,3,3,,,,4,2,2,,3,3,3,3,2,2,3,,2,,2,3,2,2,2,2,,2,3,3.0,3,2,3,3,2,3,,,,,,3,,,3,3,,,,56,2,0.013745704467353952
2,2,2,2,2,1,2,2,2,3,2,2,2,1,2,1,2,2,2,2,2,2,2,2,2,2,2,2,2,2,2,2,2,2,2,2,2,2,2,2,1,2,1,3,2,2,2,1,1,2,2,2,2,2,2,2,2,2,2,2,3,2,1,2,2,2,2,3,2,2,2,2,3,2,2,2,2,2,2,2,2,2,1,1,1,2,2,2,2,2,2,2,2,1,2,2,1,2,2,2,2,2,2,2,2,2,2,1,2,3,2,3,3,2,1,1,1,2,0,2,2,1,3,2,2,2,2,2,1,2,2,2,1,2,2,2,2,1,2,1,1,2,2,2,2,2,2,2,2,2,2,2,2,2,2,1,2,2,2,2,1,2,2,2,2,1,1,2,2,2,2,2,2,2,2,2,2,2,3,2,2,2,3,1,2,3,2,2,2,2,2,2,2,2,2,2,2,2,2,2,2,2,3,2,2,2,2,2,2,0,2,1,2,1,2,2,2,2,2,2,2,2,2,2,3,2,2,3,2,2,2,2,2,2,2,2,2,2,2,3,2,2,2,2,2,2,2,3,2,1,2,2,1,2,2,2,2,2,2,2,3,1,2,2,2,2,2,3,2,2,2,2,2,1,2,2,3,3,2,2,2,2,1,2,2,1,2,2,2,3,2,2,2,2,2,2,2,3,2,3,1,1,2,1,2,2,2,2,2,2,2,2,2,3,2,3,2,2,2,2,2,2,0,2,2,2,2,2,3,2,3,3,2,1,2,2,2,2,2,1,2,3,2,2,3,2,2,2,3,2,3,2,2,2,3,2,2,2,2,3,3,2,2,2,2,2,2,2,2,2,1,2,2,2,1,2,2,2,3,2,2,3,3,3,3,2,3,2,2,2,2,3,3,2,3,2,3,2,3,2,2,2,2,3,2,2,2,0,2,1,2,2,2,2,2,3,3,2,2,2,1,2,2,2,2,2,2,0,2,2,2,2,2,2,1,3,3,2,2,2,2,2,2,0,2,2,2,2,2,,2,3,2,2,2,2,3,2,2,2,2,1,2,,2,2,2,2,2,2,2,2,3,2,2,3,3,3,2,3,2,2,2,2,2,2,2,2,3,2,2,3,2,2,1,2,2,2,2,2,3,2,2,2,2,2,2,3,2,2,2,2,2,2,3,2,2,2,2,3,2,3,0,2,,2,1,2,3,2,3,2,2,2,3,3,2,3,3,2,2,2,2,2,2,2,1,2,2,2,2,2,2,3,3,2,3,2,2,2,2,,2,2,2,3,3,3,2,3,3,2,2,2,3,3,2,2,,2,2,2,5.0,3,3,2,3,2,2,2,2,2,2,2,,2,2,3,2,3,2,2,,2,4,,2,3,0,2,2,1,3,3,2,3,3,3,2,3,2,,3,2,2,,2,3,3,3,2,3,,2,,3,3,3,3,2,2,3,2,3,3,2,2,,1,3,2,2,3,,,2,2,2,2,2,2,2,,2,2,2,,3,2,3,3,2,,2,3,2,2,2,2,,3,2,3,2,3,2,3,3,2,3,3,,3,,0,3,3,2,3,3,3,3,2,3,,3,3,3,3,3,3,3,3,2,2,2,2,3,2,3,2,2,2,,2,2,2,3,2,3,3,2,2,3,,3,2,2,2,,2,3,3,3,2,,,,3,3,3,2,3,2,,3,,,,2,3,3,3,,3,2,2,,2,2,,5.0,2,,3,5.0,3,3,,3,3,2,3,3,3,2,3,3,3,0,2,2,2,2,2,3,2,2,3,2,2,2,3,2,2,,4,2,,2,3,4.0,,2,2,,3,3,3.0,3,3,2,3,2,4,3,2,,2,3,2,3,3,3,,2,3,2,2,,2,2,,,,4.0,3,3,3,3,3,3,,3,3,3,,,2,3,,2,,2,2,3.0,3,3,3,3.0,3,3.0,3,2,3,,2,2,,3,,2,3.0,,3,,3,2,3,3,2,,3,3,2,2,,,2,2,2,4,3,3,4,2,2,3,3,4.0,2,3,2,2,2,3,3,3,3,,3,2,,4,,,3,,3,,2,2,3,3,2,2,3,2,3,3,,,,4,2,2,,3,3,3,3,2,2,3,,3,,2,3,2,3,2,2,,2,3,,3,2,3,3,2,3,,,,,,3,,,3,3,,,,57,2,0.027649769585253458
2,1,2,2,2,2,2,2,1,0,2,2,2,1,2,2,1,2,2,2,2,1,2,2,2,2,2,2,2,2,2,2,2,2,3,2,2,3,2,2,2,1,2,2,1,2,2,2,2,2,2,2,2,2,2,2,2,2,1,2,2,2,1,2,1,1,2,2,2,2,2,2,2,2,2,3,2,2,2,2,2,1,1,1,2,2,1,1,2,2,2,2,2,2,0,1,2,2,2,2,2,2,2,2,2,2,1,1,2,2,3,3,3,2,1,1,2,2,2,3,2,1,2,2,2,2,2,2,1,1,2,2,2,2,2,2,2,2,2,2,2,1,1,1,2,2,2,2,2,2,2,2,2,2,1,2,2,2,2,1,1,2,2,2,2,2,1,1,2,1,2,2,2,2,2,3,2,2,2,1,2,2,2,1,2,3,2,2,2,2,2,2,3,2,2,2,1,2,1,1,1,1,2,1,1,1,1,1,2,2,2,2,2,1,2,1,2,2,1,2,2,2,2,2,2,0,2,2,2,2,2,2,1,2,2,2,2,2,2,2,2,2,1,1,2,2,2,2,2,1,2,2,2,2,2,2,1,2,2,2,2,2,2,2,2,2,2,3,2,2,2,2,2,2,2,2,3,2,2,2,2,2,1,1,2,2,2,2,2,3,2,2,2,2,2,2,2,2,2,2,2,1,2,2,2,2,2,2,2,2,2,2,2,2,2,3,2,2,2,2,0,2,2,2,2,2,2,2,2,2,3,2,2,1,3,3,2,2,2,2,2,2,1,2,2,2,2,2,3,2,1,1,2,2,3,2,0,2,1,2,2,2,1,2,2,1,1,2,2,3,2,2,2,2,2,2,2,1,2,2,2,1,3,3,3,2,3,2,2,2,2,2,2,2,2,2,2,2,3,2,2,2,3,2,2,1,1,2,2,2,2,2,2,2,3,4,3,2,2,2,2,1,2,2,1,2,2,2,2,2,2,2,3,2,1,2,3,2,2,3,1,2,2,2,2,1,2,2,2,,2,2,1,2,2,2,2,2,2,1,2,2,2,,2,2,2,2,2,3,2,2,3,2,2,3,3,3,2,3,2,2,2,1,2,2,1,2,2,2,2,2,2,2,1,2,2,2,2,1,2,2,2,2,2,2,2,3,2,1,2,2,2,2,2,2,3,3,2,2,2,2,3,2,,2,2,2,3,2,2,2,3,1,2,3,2,2,3,2,2,2,2,2,2,2,1,2,0,2,2,2,2,3,2,2,2,2,2,2,2,,2,2,2,2,0,3,2,1,2,2,2,1,3,2,2,2,,2,2,2,,3,3,2,3,2,2,2,2,2,1,2,,2,2,3,3,2,2,2,,3,4,,2,2,2,2,2,1,3,3,1,2,3,3,3,3,2,,2,2,3,,2,3,2,4,3,3,,3,,3,2,3,2,2,2,2,2,3,3,2,2,,2,3,2,2,3,5.0,2.0,2,2,2,2,2,2,2,,3,2,2,,2,3,2,3,2,,2,3,3,2,2,2,5.0,3,2,3,2,3,2,3,3,2,2,2,,2,,2,3,1,2,3,2,3,2,2,3,,2,3,2,2,3,3,2,3,2,2,2,3,2,2,2,2,3,2,,2,2,2,2,2,4,2,2,2,2,,2,2,2,2,,2,3,2,2,3,,,4.0,2,2,3,2,3,2,,2,,,,1,2,2,3,,3,2,2,,3,2,,,3,,2,,3,4,,2,3,2,2,2,2,2,2,2,3,3,2,2,3,2,2,3,3,2,3,2,3,0,3,2,1,,3,2,,2,3,,,2,2,,3,3,,3,3,2,3,3,4,2,2,,2,3,3,2,2,3,,2,3,2,2,,2,2,,,,,2,3,3,3,3,3,,2,3,3,,,2,3,,2,,2,3,,2,2,3,,3,,3,2,3,,2,2,,3,,2,,,3,,3,2,2,1,2,,3,3,2,2,,,1,1,2,3,3,2,3,3,2,2,2,4.0,3,2,2,1,3,3,3,2,3,,2,3,,3,,,3,,2,4.0,3,1,2,2,3,2,1,2,2,3,,,,4,0,3,,3,3,3,0,1,1,3,,1,,2,3,3,2,2,2,,2,3,,3,2,3,3,3,3,,,,,,3,,,2,3,,,,58,2,0.017201834862385322
2,2,2,2,2,1,2,2,2,2,2,2,2,1,1,2,2,2,2,2,2,2,3,2,2,1,2,2,2,2,2,2,2,2,2,2,2,2,2,2,2,1,2,3,1,2,2,2,3,3,3,1,2,2,2,2,2,2,2,2,2,2,1,2,2,1,2,2,2,2,2,3,3,3,2,3,3,2,2,2,2,2,2,1,2,2,2,2,3,2,2,2,2,2,2,2,2,3,2,2,2,2,3,2,2,2,2,1,1,0,2,2,2,2,2,2,1,2,0,3,2,2,2,2,2,2,3,2,1,2,2,2,2,0,2,2,2,2,2,2,2,2,2,1,3,2,2,2,2,2,2,2,2,2,2,2,2,2,2,2,1,2,2,2,2,2,2,1,2,2,2,2,2,2,2,3,2,2,2,2,2,2,2,1,2,3,2,2,2,2,2,2,3,3,2,2,2,2,2,2,2,1,2,2,2,2,1,2,2,2,2,2,2,3,2,2,2,3,2,3,2,2,2,2,3,3,2,3,2,2,2,2,2,2,2,2,2,2,2,3,3,3,2,2,2,2,3,3,3,2,2,2,2,2,2,2,2,2,2,3,3,1,2,2,2,3,2,3,3,2,2,2,2,2,3,2,3,2,2,2,2,2,2,2,2,2,2,3,3,2,2,2,2,2,2,2,2,3,3,3,2,2,2,2,2,2,2,2,2,2,2,2,2,3,2,3,2,3,2,2,2,2,2,2,2,2,2,2,2,2,3,3,2,2,2,3,2,2,2,2,2,3,2,2,3,3,2,2,3,2,2,2,2,2,3,2,2,2,2,3,3,2,2,2,3,2,2,2,2,3,2,2,2,2,2,2,2,1,2,2,2,2,3,3,3,2,3,2,2,2,2,2,3,2,2,2,3,2,3,2,2,1,2,2,2,2,2,3,2,1,2,2,3,2,3,3,3,2,2,2,1,2,3,2,2,2,2,2,2,2,2,2,3,3,2,2,3,2,2,3,2,2,3,2,3,2,2,2,2,,2,3,2,2,2,2,3,2,2,2,2,2,3,,2,2,2,2,2,2,2,3,3,2,2,3,0,2,1,3,2,2,2,2,2,3,2,3,3,2,2,2,2,2,2,2,2,2,2,2,0,2,2,3,2,3,2,3,3,2,3,2,3,2,2,2,3,3,2,3,2,3,4,3,,2,2,3,3,2,3,2,3,2,3,3,3,3,3,2,3,2,2,2,2,2,2,3,2,2,2,3,2,3,3,2,3,2,3,1,3,,2,3,3,3,3,3,2,2,3,3,2,2,2,2,2,3,,2,2,2,,3,3,2,3,2,2,2,2,2,2,3,,3,2,3,3,2,2,3,,3,4,,2,3,3,2,2,2,3,3,2,3,3,3,0,3,2,,3,2,3,,2,3,3,4,3,3,,3,,3,3,3,3,2,2,3,2,3,3,3,3,,2,2,2,2,3,3.0,,2,2,3,2,3,2,2,,2,3,2,,3,3,3,3,3,,2,3,3,2,3,3,,3,2,3,3,3,3,3,3,3,2,3,,3,,2,3,3,2,3,3,3,3,2,3,,3,3,3,3,3,3,3,3,3,2,3,3,3,2,2,2,3,2,,3,3,3,3,3,4,3,2,2,2,,2,3,2,2,,2,3,3,3,3,,,,3,3,3,3,3,0,,3,,,,0,3,3,3,,3,3,3,,2,2,,,3,,2,,3,4,3.0,3,3,3,3,2,3,3,3,3,3,3,2,3,3,2,3,3,3,3,3,2,3,1,3,3,3,,3,3,,2,3,,,3,2,,2,4,,3,3,2,3,3,4,3,3,,3,3,3,3,3,3,,2,3,2,3,,2,3,,,4.0,,3,3,3,3,3,2,,3,3,2,,,3,3,,3,,3,3,,3,3,3,,3,,3,2,3,,3,2,,3,4.0,2,,4.0,3,,3,3,3,2,3,,3,3,2,3,4.0,,2,2,3,3,3,3,3,3,3,3,3,,0,3,3,2,3,3,3,2,3,,3,3,,3,4.0,,3,,3,,3,3,3,3,3,3,2,2,3,3,,,3.0,4,2,3,,3,3,4,3,2,2,3,,2,,3,3,3,3,2,3,,3,3,,0,3,3,3,2,3,,,,,,3,,,2,3,,,,59,2,0.0194954128440367
2,2,1,2,2,2,2,2,2,3,2,2,2,2,2,2,2,2,2,2,2,2,3,2,3,2,3,2,2,2,2,2,3,2,3,2,2,3,2,3,3,2,2,3,2,2,2,2,2,2,2,2,2,2,0,2,2,2,1,2,2,2,1,1,2,1,2,2,2,2,2,2,3,3,2,3,3,1,2,2,2,2,1,1,2,2,1,1,2,1,2,2,2,2,2,2,2,2,2,2,2,1,2,1,2,1,2,1,2,3,3,3,3,2,2,2,2,2,3,3,2,2,2,2,2,2,2,2,2,1,2,2,2,2,3,2,2,1,2,2,2,2,2,2,2,2,2,2,2,2,2,2,2,2,2,2,2,2,2,2,1,2,2,2,2,2,1,2,2,2,2,2,2,2,2,2,2,1,2,2,2,1,1,2,1,2,2,2,2,2,2,2,2,2,2,2,2,2,3,2,2,2,3,2,2,2,2,2,1,2,2,1,1,2,2,2,2,2,2,2,2,2,2,2,2,2,2,2,2,2,2,2,1,2,2,3,2,2,2,3,2,2,2,2,2,2,3,3,3,1,2,2,1,2,2,2,1,2,2,2,2,2,2,2,2,3,3,3,2,2,2,2,2,2,3,2,3,2,2,2,2,2,1,2,2,2,2,2,2,3,2,2,2,3,2,2,2,2,2,1,2,2,2,2,2,2,2,2,2,3,2,2,2,3,2,3,2,3,2,2,2,1,3,2,2,2,2,2,3,2,3,2,3,2,3,3,2,2,2,3,2,3,2,2,2,2,2,2,3,2,3,2,2,2,2,2,2,2,2,3,3,2,2,2,2,2,2,2,2,2,3,2,2,2,3,2,1,1,2,2,0,2,2,2,2,2,2,2,2,2,2,2,2,1,2,2,2,1,3,2,2,2,2,2,1,2,3,3,2,2,2,2,2,2,4,3,3,2,2,2,2,2,2,2,2,2,2,2,2,2,2,2,3,2,2,2,3,3,2,3,2,2,3,3,3,2,2,2,2,,2,3,3,2,2,2,3,2,2,2,2,3,2,,2,2,2,2,2,2,3,2,3,1,2,3,3,3,2,3,2,2,2,2,2,2,2,3,3,2,2,3,2,1,2,2,2,3,2,2,3,2,3,3,2,2,2,3,1,0,3,3,3,1,3,2,3,3,1,2,2,2,3,3,,2,2,3,3,2,3,2,2,2,3,3,2,2,3,2,2,2,2,2,2,2,0,3,2,2,2,2,2,3,3,3,3,0,3,2,2,,2,2,2,3,3,3,2,2,3,2,2,2,3,2,2,2,0.0,2,2,2,,3,2,2,2,3,2,2,2,2,2,2,,3,2,3,2,2,2,2,,2,4,,2,3,3,2,2,2,3,3,2,3,3,3,3,3,2,,2,3,2,,2,3,3,3,3,2,,2,,3,3,3,3,2,2,2,3,3,3,2,3,,2,3,2,2,2,,,2,2,2,2,2,2,2,,3,2,2,,3,3,3,2,2,,2,3,3,2,3,2,,4,2,3,2,2,2,3,3,1,3,3,,3,5.0,2,3,2,0,3,2,3,3,2,3,,3,3,2,3,3,3,3,3,3,2,3,3,3,2,3,2,3,2,,2,3,2,2,2,4,2,2,2,3,,3,2,3,2,,2,3,3,3,3,,,,2,2,3,2,2,2,,2,,3.0,4.0,2,3,3,3,,3,2,3,,3,2,,,3,,0,,3,4,,3,3,2,3,3,2,1,3,3,3,2,2,2,2,1,3,3,2,3,3,2,3,2,3,3,3,,4,2,5.0,2,3,,,2,2,,2,4,,3,3,2,2,3,4,3,2,,3,3,2,2,3,3,,2,2,2,2,,2,3,,,,,2,3,3,3,0,3,,2,3,3,,,2,3,,2,,2,3,,3,2,3,,3,,4,3,3,,3,2,,3,,3,,,3,,3,2,3,3,2,,3,3,3,3,0.0,,3,2,3,3,2,3,4,2,3,3,3,,3,3,3,2,3,3,3,2,3,,3,3,,3,,,3,,2,,2,2,3,3,3,2,3,3,3,3,2.0,,,4,2,3,3.0,3,3,2,2,3,2,2,,3,,3,3,3,3,3,3,,3,3,,3,3,4,3,2,3,,5.0,3.0,,,4,,,2,2,,,,60,2,0.020618556701030927
2,1,2,2,2,1,1,2,2,2,2,2,2,1,2,2,2,2,2,2,1,0,2,2,2,2,2,2,1,2,2,2,2,2,2,1,1,2,2,2,2,1,1,3,1,2,1,2,2,2,2,2,2,2,2,2,2,2,2,2,2,2,1,2,1,2,2,2,0,2,2,2,2,2,2,2,2,2,2,2,1,1,1,1,2,2,1,1,2,2,2,2,1,2,2,2,1,2,2,2,2,2,2,2,2,1,1,1,2,2,2,3,2,2,0,1,2,2,2,2,2,1,1,2,2,2,2,2,1,1,1,2,2,2,2,2,2,1,2,2,2,2,1,2,2,1,2,2,2,2,2,2,1,2,2,1,2,1,2,2,1,1,2,2,2,2,1,2,2,1,1,2,1,1,2,3,2,2,1,1,1,2,2,1,1,2,2,2,2,2,2,0,3,2,2,2,2,2,2,2,2,2,2,2,2,2,2,2,2,2,1,1,1,2,1,2,2,2,2,2,1,2,2,2,2,2,2,2,2,2,2,1,2,2,2,2,2,2,2,2,2,3,2,2,2,2,3,3,2,1,2,2,2,2,1,2,1,2,2,2,2,2,2,2,2,2,2,2,2,2,2,2,2,2,2,2,3,2,1,2,1,2,1,1,1,2,2,1,2,2,2,2,2,2,2,2,1,2,2,2,1,1,2,1,2,2,1,2,2,2,2,2,2,3,2,3,2,2,2,2,2,2,2,2,2,2,1,2,2,1,3,2,2,1,3,3,2,2,2,2,2,3,1,2,2,1,1,2,2,2,1,0,1,2,3,1,2,1,2,2,2,2,2,1,1,1,1,1,2,2,2,1,2,2,2,1,2,2,2,2,2,2,3,3,2,2,3,2,2,2,2,3,2,2,2,2,3,2,3,2,1,2,2,2,2,1,2,2,2,2,2,2,2,2,3,4,3,2,2,1,1,2,2,2,1,2,2,2,2,2,2,2,0,2,1,2,3,2,2,2,2,2,2,2,2,2,2,2,2,,2,2,2,2,2,2,2,2,2,2,2,2,2,,2,2,2,2,2,2,2,2,2,1,2,2,2,2,2,3,2,2,2,2,2,2,1,3,3,2,2,3,2,2,1,1,2,2,2,2,3,2,2,3,2,2,2,3,2,2,2,2,2,2,2,2,2,2,1,2,2,2,3,2,,2,2,2,2,2,2,2,2,1,3,2,2,2,2,2,2,2,2,2,2,2,2,2,2,2,1,2,2,3,2,2,3,2,3,2,2,,2,2,2,3,3,3,2,2,2,2,2,2,3,2,2,2,,2,2,2,,3,2,2,3,2,2,2,2,2,2,2,,2,2,2,2,3,2,2,,2,3,,2,3,1,2,2,2,3,3,2,2,3,3,2,3,2,,2,2,3,,2,3,3,3,3,3,,3,,3,2,3,2,2,2,3,2,2,3,2,2,,2,2,2,2,2,,,2,2,1,2,2,2,2,,2,1,2,,3,3,3,2,2,,2,3,3,2,1,0,,3,2,2,2,3,2,3,3,2,3,3,,2,4.0,2,2,0,2,3,2,3,3,2,2,,2,3,2,2,3,2,2,3,2,2,3,2,3,2,2,2,3,2,,2,2,3,3,3,3,2,2,2,2,,2,2,2,2,,2,3,2,3,3,,,,3,2,3,2,2,2,,2,,,,2,2,3,3,,3,3,2,,3,2,,,2,,3,,3,4,,2,2,2,2,2,2,3,3,3,3,2,2,2,2,2,2,3,2,2,3,2,3,1,3,2,3,,3,2,,2,3,,,2,2,,3,3,,3,3,2,3,2,4,3,2,,2,3,3,3,2,3,,2,2,2,2,,2,2,,,,,3,2,3,3,3,3,,3,3,3,,,2,0,,2,,2,3,,2,3,2,,2,,3,2,3,,2,1,,3,,2,3.0,,3,,3,2,2,2,2,,2,3,2,2,,,2,2,2,3,3,2,3,2,2,2,3,5.0,3,3,2,1,3,3,3,2,3,,3,3,,3,,,3,,3,,2,2,3,2,2,2,2,2,3,3,,,,4,2,3,,3,3,3,3,2,2,3,,2,,2,3,3,2,2,2,,2,3,,3,2,3,3,2,3,,,,,,3,,,3,3,,0.0,,61,2,0.011428571428571429
2,2,2,2,2,1,2,3,2,3,2,2,2,2,2,2,3,2,2,3,2,1,3,2,2,2,2,2,2,2,2,2,3,3,2,2,2,3,2,3,2,2,2,3,2,3,2,0,2,3,3,2,3,2,2,2,2,2,2,2,3,2,2,2,2,2,2,3,2,3,3,3,3,3,2,2,2,3,2,2,2,2,1,2,2,3,2,2,2,2,3,2,2,2,3,3,1,3,3,2,2,3,2,3,2,2,2,2,2,3,3,3,3,2,2,2,2,2,3,2,3,2,3,2,3,3,3,2,2,2,2,2,2,2,3,2,2,2,3,3,2,2,2,2,3,2,2,2,2,2,2,2,2,2,2,3,3,3,2,3,1,2,3,2,2,1,2,2,2,2,2,2,2,2,2,3,3,3,3,2,2,2,3,2,2,3,2,2,2,2,2,2,2,2,2,2,2,2,2,2,3,2,3,2,3,3,2,2,3,2,2,2,2,3,2,2,2,3,2,2,2,2,2,2,3,3,2,3,2,3,2,2,2,2,2,2,2,2,3,3,3,3,2,2,3,2,3,3,3,2,2,2,2,3,2,2,2,3,2,2,2,2,3,2,3,3,3,3,3,2,2,2,2,3,3,2,3,2,2,2,1,2,2,2,2,2,2,2,3,3,2,2,2,3,2,3,2,3,3,3,2,3,2,2,2,2,2,3,2,3,2,3,2,3,2,3,2,3,2,3,3,2,3,2,3,2,2,2,3,2,3,3,3,2,3,3,2,2,2,2,2,3,2,2,3,2,2,3,3,2,3,2,3,2,3,2,2,2,3,3,3,2,2,2,2,2,2,2,2,2,2,2,3,2,3,2,2,2,3,2,3,3,3,3,3,2,3,3,2,3,3,3,3,2,3,2,3,3,3,3,2,2,3,3,2,2,2,3,2,2,2,1,2,3,3,4,3,2,3,2,2,3,2,2,2,3,2,2,3,3,2,3,3,3,2,0,3,2,2,3,2,2,3,2,2,2,3,3,2,,2,3,2,2,2,2,3,3,2,3,3,3,2,,2,3,2,2,2,2,2,3,3,2,2,3,3,3,3,4,2,2,2,2,3,3,2,3,2,2,2,3,2,2,2,2,2,3,2,3,3,3,3,3,2,3,2,3,3,2,3,2,3,3,3,3,2,2,2,2,2,3,4,3,,3,2,2,0,3,3,2,3,2,3,3,3,2,3,3,2,2,3,2,3,3,3,2,2,2,2,2,2,3,3,3,3,2,3,3,3,,3,3,3,3,3,3,3,3,3,3,2,3,3,0,2,3,,3,2,2,5.0,3,3,3,3,3,3,3,2,3,3,3,,3,3,3,3,3,2,3,,2,4,,3,3,3,2,2,3,3,4,3,3,3,3,2,3,3,,3,3,3,,3,3,3,3,4,4,4.0,3,,3,3,3,3,2,2,3,2,3,3,2,3,,3,3,3,2,3,,,3,3,3,3,3,3,3,,3,2,2,,3,4,3,3,3,,2,3,3,3,3,3,,3,2,3,3,3,2,3,3,3,3,3,3.0,3,,3,3,3,3,3,3,3,3,3,3,,2,3,3,3,3,3,3,3,2,2,3,0,3,2,3,3,3,3,,2,3,0,3,4,3,3,2,2,3,4.0,3,3,1,3,,3,4,3,4,4,,,3.0,3,3,4,3,3,3,5.0,3,,,,3,2,2,3,,4,3,2,3.0,3,3,0.0,,3,,3,,3,4,,3,3,2,3,3,3,3,3,3,3,3,2,3,3,2,3,4,3,2,3,3,3,2,3,3,3,,4,3,5.0,2,3,0.0,,3,3,,3,4,,4,3,3,3,3,4,2,3,,2,3,3,4,3,3,,3,3,2,3,,2,2,,,,,3,2,2,4,3,3,,3,4,3,,,3,3,0.0,3,,3,3,,2,3,3,,3,,4,3,3,,3,2,,3,,2,,,4,,3,3,3,3,3,,3,3,3,2,5.0,,3,3,3,3,3,3,4,3,3,3,3,,3,3,3,2,3,3,3,3,3,,3,3,,4,,4.0,3,,3,,3,3,3,3,3,3,3,3,3,4,,,,5,2,3,,3,3,4,3,3,1,4,,3,,2,3,0,3,3,2,,3,3,,3,3,3,3,2,3,,,4.0,,,3,,,3,3,,,,62,2,0.02402745995423341
2,2,2,1,0,2,1,1,2,1,2,1,2,1,2,2,1,2,2,2,2,2,2,2,2,2,2,1,1,2,2,2,2,2,2,2,1,2,2,2,2,2,2,2,1,2,2,2,2,2,2,1,2,2,2,2,2,2,2,2,2,2,1,1,1,2,1,0,2,2,2,2,3,2,2,2,3,2,2,2,1,1,1,2,2,2,1,1,2,2,2,1,2,2,2,2,2,2,2,2,2,2,2,2,2,1,2,1,1,2,2,2,0,2,1,1,1,2,2,3,2,1,3,2,2,2,2,2,0,2,2,2,2,2,2,2,2,2,2,2,2,2,1,1,2,2,2,2,2,2,2,2,1,2,2,1,2,2,2,2,1,2,2,2,2,1,1,2,2,1,1,2,2,2,2,2,2,2,2,2,2,2,2,1,2,3,2,2,2,2,2,2,2,2,2,2,2,2,1,1,1,2,3,2,2,2,2,2,2,2,2,1,2,2,2,2,2,2,1,2,2,2,2,2,2,2,2,2,2,2,2,2,2,2,2,2,2,2,2,2,2,3,2,2,2,2,2,2,2,1,2,2,2,2,1,2,1,2,0,2,3,2,2,2,2,2,2,3,2,2,2,2,2,2,2,2,3,2,2,2,2,2,1,1,2,2,2,2,2,3,2,2,2,2,2,2,2,2,3,2,2,2,2,1,2,2,1,2,2,2,2,2,2,3,2,3,2,2,2,2,2,2,2,2,2,2,2,1,1,1,3,2,2,2,3,3,2,2,2,2,2,3,2,2,2,2,2,2,3,2,2,2,2,2,3,2,1,1,1,2,2,2,2,2,2,1,2,2,2,2,2,2,2,2,2,1,2,1,2,2,2,2,3,3,2,2,3,2,2,2,2,3,2,2,2,2,3,2,3,2,2,2,2,3,2,1,2,2,2,2,2,2,2,2,3,4,3,2,2,2,1,1,2,2,1,2,2,2,2,2,1,2,3,2,1,2,3,2,2,3,2,2,2,2,2,2,2,2,2,,2,2,2,2,2,2,2,2,2,2,2,2,2,,2,3,2,2,2,1,2,2,3,2,1,3,1,2,1,3,2,2,2,2,2,2,2,2,2,2,1,2,2,2,2,2,2,2,1,2,2,2,2,2,2,2,2,3,2,2,2,2,2,2,2,2,3,3,2,2,2,2,3,3,,1,2,2,2,2,2,2,2,1,3,3,2,2,2,3,2,2,2,2,2,2,2,2,2,2,2,2,2,3,3,2,3,2,2,2,2,,2,2,1,2,2,3,2,2,3,2,2,0,3,3,2,2,,3,2,2,,3,3,2,2,2,2,2,2,3,2,2,,2,2,3,2,3,2,2,,3,4,,2,2,3,2,2,2,3,3,2,3,3,3,3,3,2,,3,2,2,,2,3,3,3,3,3,4.0,2,,3,2,3,2,2,2,3,2,3,3,2,2,,2,2,2,2,3,,,2,2,2,3,2,2,2,,3,2,2,,2,3,2,3,2,,2,3,3,2,2,2,,3,2,3,2,3,2,3,3,2,2,2,,2,,2,3,2,2,3,2,3,3,2,3,,3,3,2,2,2,2,2,3,2,2,3,2,2,2,0,2,3,2,,2,2,2,3,3,4,2,2,2,3,,2,2,2,2,,2,3,2,3,3,,,,2,0,3,2,3,2,,2,,4.0,,2,2,3,3,,3,2,2,,3,2,,,3,,3,4.0,3,4,,2,3,2,3,3,2,2,2,2,3,2,2,2,2,2,3,3,2,2,3,2,3,2,3,2,2,,2,2,,2,3,,,2,2,,3,4,,3,3,2,3,3,4,3,2,,2,3,2,3,3,3,,2,2,1,2,,2,2,,,,,3,3,3,3,3,3,,2,3,3,,,2,3,,2,,2,2,,3,3,3,,2,,3,2,3,,3,1,,3,,1,,,3,,3,2,3,2,2,,3,3,2,0,,,2,2,3,3,2,2,3,2,3,3,3,,3,3,3,1,3,3,3,3,3,,3,3,,3,,4.0,3,,3,,2,2,2,2,2,2,3,2,3,3,,0.0,,4,2,3,,3,2,3,3,2,2,3,,2,3.0,3,3,2,3,2,3,,3,3,,3,2,3,2,2,3,,,,,,3,,,3,2,,4.0,,63,2,0.012542759407069556
2,2,1,2,2,1,2,2,3,3,2,2,3,2,3,2,2,2,2,3,2,1,3,3,3,3,3,3,2,2,3,3,3,3,2,2,2,3,3,3,3,2,2,3,2,2,2,2,3,3,3,2,3,2,2,2,2,2,2,2,2,2,2,2,2,2,3,2,2,2,3,3,2,3,2,3,3,3,3,3,2,2,2,2,2,2,2,2,3,2,2,3,2,3,2,2,2,0,2,2,1,2,1,2,2,2,1,2,3,3,3,3,3,2,2,2,3,2,3,3,2,2,2,3,2,1,2,2,2,2,2,2,2,2,3,2,3,2,2,3,2,2,2,3,3,2,2,2,2,2,2,3,2,2,2,2,2,2,2,2,1,2,2,2,2,3,2,2,3,2,2,2,2,2,2,3,3,2,2,2,2,2,1,2,2,2,3,2,2,1,2,1,2,2,2,1,3,3,3,3,3,2,3,2,3,3,3,2,2,2,2,2,2,2,2,2,3,2,2,3,3,2,2,2,3,3,2,2,2,3,2,2,2,1,2,2,2,2,2,3,2,3,2,2,3,3,3,3,3,2,2,3,2,2,2,2,2,3,3,2,3,2,2,3,3,3,3,3,2,2,3,2,2,3,3,2,3,2,2,2,2,2,2,2,2,2,2,2,2,3,2,3,2,3,2,2,2,3,2,3,2,2,2,2,3,2,2,3,2,3,3,2,2,3,2,3,2,3,2,3,2,2,3,2,3,2,2,2,3,2,3,3,3,2,3,3,3,2,3,3,2,3,2,2,2,2,2,2,3,2,2,0,2,1,2,2,2,2,3,3,2,3,2,2,2,2,2,2,2,3,3,1,2,2,3,2,2,1,2,2,2,2,3,3,2,2,3,2,2,2,2,2,2,2,2,2,2,2,3,3,2,3,3,3,1,2,3,3,1,2,2,2,2,3,4,4,3,2,2,2,2,2,2,2,2,3,2,3,3,2,2,3,3,3,2,2,4,3,3,3,2,2,3,3,3,2,3,3,3,0.0,2,1,2,2,2,3,3,3,2,2,2,3,2,,2,2,2,2,2,3,3,3,3,2,2,3,3,3,3,3,2,2,3,2,3,3,2,0,3,2,2,3,2,3,2,2,2,3,2,3,3,3,3,3,2,3,2,3,3,2,3,2,3,2,3,3,0,2,1,0,2,3,4,3,4.0,3,2,3,2,2,3,3,2,2,3,3,3,2,3,3,3,3,3,3,3,3,2,3,2,2,2,2,2,3,3,3,3,2,2,2,2,,2,3,3,3,3,3,3,3,3,2,2,3,3,2,3,2,,3,2,2,,3,3,0,2,3,2,3,3,2,3,3,,3,3,3,3,3,2,3,,3,4,,2,3,3,3,2,2,3,4,2,3,3,2,3,3,2,4.0,3,3,3,,3,3,3,4,3,3,,3,,3,3,3,2,2,2,3,3,3,3,3,3,,3,3,2,3,3,,,3,2,2,3,3,3,2,,3,2,3,,3,4,4,3,3,,2,3,3,2,3,2,,4,2,3,3,3,2,3,3,3,3,3,,3,,3,3,3,2,2,3,3,3,3,3,,2,3,3,3,4,3,3,4,3,2,3,2,3,2,3,1,3,3,,2,3,3,3,3,2,2,2,2,3,,3,3,3,3,3.0,3,3,3,3,3,,,,3,3,4,3,1,3,,2,,,,2,3,3,3,,3,3,3,,3,2,3.0,,3,,3,,3,4,4.0,3,3,2,3,3,3,2,3,3,3,3,2,3,3,2,3,3,3,3,4,2,3,2,3,3,3,,4,2,,2,3,,,2,3,,3,4,3.0,3,0,3,3,3,4,4,2,,3,3,3,4,2,3,,3,3,3,2,,2,3,5.0,,,,3,3,3,3,3,4,,2,4,4,,,3,4,,2,,3,3,,2,3,3,,3,,4,3,4,,3,2,,3,5.0,3,5.0,,3,,3,3,2,3,3,,3,3,3,3,,,3,3,3,3,3,3,4,3,3,3,3,4.0,3,3,3,2,3,3,0,3,2,,3,4,,3,,,3,4.0,3,,3,3,3,3,3,3,3,3,3,3,,,3.0,4,2,3,,0,3,4,3,3,3,4,4.0,3,,3,3,4,3,3,3,,3,3,,3,3,4,4,2,3,,5.0,,,,4,,3.0,3,3,,,,64,2,0.02631578947368421
2,1,1,1,1,1,2,1,2,2,2,2,1,1,2,1,2,1,2,1,1,1,2,2,2,2,2,2,1,2,2,2,2,2,2,2,2,2,2,2,2,1,2,2,1,2,2,2,2,2,2,2,2,2,2,2,0,1,1,2,1,1,0,1,1,1,2,2,1,2,2,2,2,2,1,2,2,2,2,2,1,1,1,1,1,2,1,1,2,1,1,2,2,2,2,2,1,2,2,2,2,2,2,1,2,2,0,1,2,2,3,3,2,1,1,1,2,1,2,2,2,2,2,2,2,2,2,2,1,1,2,2,1,1,2,2,2,1,2,2,2,1,1,2,2,2,2,1,2,2,2,2,2,2,1,2,2,1,2,2,1,2,2,1,2,2,2,2,1,1,1,2,2,2,1,2,2,2,2,2,1,2,2,1,1,2,2,1,1,1,1,2,2,2,2,2,2,2,2,2,2,1,2,2,2,2,1,2,2,1,1,1,1,2,2,2,2,2,2,2,2,2,2,2,2,2,1,2,2,2,1,2,2,2,2,2,2,2,2,2,2,2,1,2,2,2,2,2,2,1,0,1,1,1,1,1,1,2,2,2,2,2,2,2,0,2,2,2,2,2,2,2,2,2,2,2,2,2,2,1,1,1,1,1,2,2,2,2,2,2,1,2,2,2,2,1,1,2,2,2,1,2,2,1,2,2,2,2,2,2,2,2,2,2,1,2,2,2,2,2,2,2,2,2,2,2,2,2,2,1,2,2,2,2,2,2,2,2,1,2,1,2,1,2,2,2,2,2,2,2,2,1,0,2,3,1,1,1,1,2,2,2,2,2,2,1,2,1,2,2,2,1,1,2,2,2,2,1,2,2,2,2,2,2,2,2,2,2,2,2,1,2,2,1,2,2,2,2,2,2,2,2,2,2,2,1,2,2,2,2,2,2,2,2,3,4,3,2,2,1,2,2,2,2,1,2,1,2,2,2,2,2,3,2,1,2,3,2,2,2,2,1,2,2,2,2,2,2,2,,2,2,2,2,1,2,2,2,2,1,2,2,2,5.0,2,2,2,1,2,2,2,2,2,2,2,3,2,2,2,3,1,2,2,2,2,2,2,2,2,2,2,2,2,2,1,1,2,2,1,2,2,2,2,2,2,2,2,3,2,2,2,2,3,2,2,2,2,2,1,2,2,2,3,2,,1,2,2,2,2,2,1,2,1,3,2,2,2,3,2,2,2,2,2,2,2,1,2,1,1,2,2,2,2,2,2,2,2,2,2,2,,2,2,2,2,2,2,2,2,2,2,2,2,2,2,2,2,,2,2,1,,2,2,2,2,2,2,2,2,2,2,2,,3,2,2,2,2,2,2,,2,4,,2,2,3,1,2,2,2,3,2,2,3,3,2,2,2,,2,2,2,,2,3,3,3,3,3,,2,,3,2,2,2,2,1,2,2,3,3,2,2,,2,2,2,2,2,,,2,2,2,2,2,2,2,,3,2,2,2.0,2,3,3,2,2,,2,3,2,2,2,2,,3,2,3,2,2,2,2,3,2,2,2,,3,,2,2,2,2,3,2,2,3,2,2,,2,2,2,2,3,3,3,2,2,1,2,2,0,2,3,2,3,2,,2,2,2,2,3,3,2,1,1,2,,2,2,2,2,,2,3,2,3,2,,,,2,2,3,2,2,2,4.0,2,,,,2,2,2,2,0.0,3,2,2,5.0,3,2,,,2,,3,,2,3,,3,3,2,2,2,2,2,2,2,3,2,2,2,2,2,2,3,2,2,3,2,3,1,2,2,1,,4,2,,2,2,,,2,2,,2,3,2.0,3,3,2,3,2,3,3,1,,2,2,2,3,2,3,,2,2,1,3,3.0,1,2,,,,,2,2,2,3,3,3,,2,3,3,,,2,3,,2,,3,3,,2,2,3,,2,,3,2,3,,3,2,,3,,0,,,3,,3,2,2,2,2,,2,3,2,2,,,2,2,2,3,2,2,4,0,2,2,2,,3,3,2,2,2,2,3,2,3,,3,3,,3,,,3,,2,,2,2,2,2,2,2,2,2,2,3,,4.0,,4,2,3,,2,2,3,3,2,2,3,,2,,2,2,2,2,2,2,,2,3,,3,2,3,3,2,3,,,3.0,,2.0,3,,,3,2,,,,65,2,0.017123287671232876
2,2,2,2,1,1,2,2,2,3,2,2,2,1,2,2,2,1,2,2,1,1,2,2,2,2,2,2,2,2,2,2,2,2,2,2,2,2,2,2,2,2,2,3,1,2,2,2,2,2,2,1,2,1,2,2,2,2,2,2,2,2,2,1,2,2,2,2,2,2,2,2,2,2,1,2,0,2,2,2,1,2,2,1,1,2,1,2,2,2,2,2,2,2,2,2,1,2,2,2,2,2,2,2,2,2,2,2,2,2,2,2,2,2,1,2,1,1,0,2,2,0,2,2,2,2,2,2,1,1,2,2,1,2,2,2,2,2,2,2,2,2,2,2,2,1,2,2,2,2,2,2,1,2,2,2,2,2,1,2,1,2,2,2,2,1,2,2,1,1,2,2,1,2,1,2,2,1,2,2,2,2,2,1,2,3,2,2,2,1,2,2,2,2,2,2,2,2,2,2,2,1,3,2,2,2,2,2,1,1,2,1,1,2,2,2,2,2,1,1,2,1,1,2,2,2,1,2,1,2,2,2,1,1,1,2,2,2,1,0,2,2,2,2,2,1,2,3,2,2,2,2,2,2,2,1,1,2,2,2,2,2,2,1,2,2,2,3,2,2,2,2,2,2,2,0,2,3,2,2,2,2,2,2,2,2,2,2,2,3,2,2,2,2,2,2,2,2,2,2,1,1,2,2,2,2,2,2,2,2,2,2,0,2,2,2,2,2,1,2,2,2,2,2,2,2,1,2,2,2,3,2,3,1,3,3,2,2,2,2,2,2,2,2,3,2,2,3,3,2,3,2,2,2,3,2,2,2,2,3,2,2,1,1,0,2,1,2,1,2,2,2,2,1,2,2,2,2,2,2,2,2,3,3,2,3,3,2,2,2,2,2,2,2,2,2,3,2,3,2,2,2,2,2,2,2,2,2,2,2,2,1,2,2,3,4,3,2,2,2,1,2,2,1,2,2,1,2,2,2,2,2,2,1,1,3,3,2,2,3,2,2,2,2,2,2,2,3,2,,2,3,2,2,2,2,3,2,1,2,2,2,2,,2,2,2,2,2,2,2,2,3,2,2,3,2,3,1,2,2,2,2,2,2,2,2,2,3,2,1,2,2,1,1,1,2,3,2,2,3,2,2,3,2,3,2,3,2,2,2,1,2,2,2,2,2,2,2,2,2,2,3,2,,2,1,2,2,2,3,2,2,2,3,3,2,2,3,2,2,2,2,2,2,2,2,2,2,2,2,2,2,2,3,2,3,2,2,3,2,,2,2,2,3,3,3,2,2,3,2,2,2,3,3,2,2,5.0,2,2,2,,3,2,2,2,2,2,2,2,3,2,2,,2,2,2,2,2,2,2,,2,4,,2,3,2,2,2,2,3,3,2,3,3,3,2,3,2,0.0,2,2,2,,2,3,3,3,3,3,,2,,2,2,2,3,2,2,3,2,3,2,2,2,,1,2,2,2,3,,,2,2,2,2,2,2,2,,2,2,2,,3,3,3,3,2,,2,3,2,2,2,3,,3,2,3,2,2,2,2,3,2,3,2,,3,,2,2,2,2,3,3,2,3,2,2,,2,2,2,2,3,3,3,3,2,2,2,2,2,2,2,2,3,2,,2,2,3,3,3,3,2,2,1,3,,2,2,2,2,3.0,2,3,2,3,3,,,,2,2,3,2,3,3,,2,,,,2,2,3,3,,3,3,3,,3,2,,,2,,3,,3,4,,3,3,2,3,3,2,2,3,3,3,2,2,2,3,2,2,3,2,2,3,2,3,2,3,2,3,,3,2,,2,3,,,2,2,,2,3,,3,3,2,2,2,3,3,2,,2,3,3,3,3,3,,2,3,1,2,,2,2,,,,3.0,3,0,2,3,3,3,,2,3,3,,,3,3,,2,,3,2,5.0,2,3,3,,3,,3,2,3,,2,2,,3,,2,,,3,,2,3,3,2,2,,2,3,2,2,,,2,2,2,4,3,2,3,2,2,2,2,,3,2,2,2,3,3,3,2,3,,3,3,,4,,,3,,3,,2,2,3,3,3,3,3,0,3,3,3.0,,,4,2,3,3.0,2,3,3,3,2,2,3,,3,,2,3,3,3,2,2,,2,3,,3,2,3,3,2,3,,,,,,3,,,3,3,,,4.0,66,2,0.021839080459770115
2,2,2,2,2,1,2,2,1,3,2,2,2,1,2,2,2,1,2,2,2,2,3,1,2,2,2,0,2,2,2,2,2,2,2,2,2,2,2,2,1,2,2,3,2,2,2,2,2,3,3,2,2,2,2,2,2,2,2,2,3,2,1,2,2,1,2,2,2,2,2,2,3,2,1,2,2,2,2,2,2,2,1,2,2,2,2,2,2,2,2,2,2,1,2,2,2,3,2,2,2,3,2,3,2,2,2,1,2,2,3,3,3,1,2,2,2,2,2,2,2,1,3,2,2,2,2,2,1,2,2,2,2,1,2,2,2,2,2,2,2,2,2,2,2,1,2,2,3,3,2,2,2,2,2,2,2,2,1,2,1,2,2,2,2,1,2,2,1,2,1,2,2,2,2,3,2,2,3,2,2,2,3,1,2,3,2,2,2,2,2,2,3,3,2,2,2,2,2,2,2,2,3,2,2,2,2,2,2,1,2,2,2,3,2,2,2,2,2,2,2,2,2,2,2,2,2,2,2,2,2,2,2,2,2,2,2,2,2,2,2,2,2,2,2,2,3,3,2,1,2,1,2,2,2,2,2,2,2,3,2,2,2,2,2,3,2,3,2,2,2,2,2,2,3,2,2,3,2,2,2,2,2,2,2,2,2,2,2,3,2,2,1,3,1,2,2,2,2,3,2,1,2,2,2,2,2,0,2,2,2,2,2,2,2,3,2,2,2,2,2,2,3,2,2,2,2,2,3,2,2,3,3,2,3,3,2,2,1,2,2,2,2,2,3,2,2,2,3,2,3,2,2,2,3,2,2,2,2,3,3,2,2,2,3,2,2,2,2,3,2,2,2,2,3,2,2,2,2,2,2,3,3,3,3,2,3,3,2,2,2,3,3,2,3,2,3,3,3,2,2,2,3,2,2,2,3,2,3,2,2,2,3,2,3,4,3,2,2,2,2,2,1,2,1,2,2,2,2,2,2,2,3,3,2,2,2,1,1,3,2,2,2,2,2,2,2,3,2,,2,3,2,2,2,2,3,2,2,2,2,3,2,,2,3,2,2,2,3,2,2,3,2,2,3,3,3,2,3,2,2,2,2,2,2,2,3,3,2,2,2,2,2,1,2,2,2,2,3,3,3,2,3,2,2,2,3,2,2,2,2,3,2,3,2,3,3,2,3,2,3,3,2,,2,2,2,3,2,3,2,2,2,3,3,3,2,3,2,2,2,2,0,2,2,2,2,2,2,2,3,2,3,3,3,3,2,3,3,2,,2,2,2,3,3,3,2,2,3,2,2,2,3,3,2,2,,3,2,2,,3,3,3,3,1,2,2,0,3,2,2,,3,2,3,2,2,2,2,,3,4,,2,3,3,3,2,2,3,3,2,3,3,3,3,3,2,,3,2,3,,3,3,3,4,3,4,,3,,3,2,0,3,2,2,3,2,3,3,2,3,,2,3,2,2,3,3.0,,2,2,3,2,2,2,2,,3,2,2,3.0,3,3,3,3,3,,2,3,3,2,3,3,,0,2,3,2,3,2,2,3,3,3,3,,3,,3,3,3,2,3,3,3,3,2,3,,3,3,3,3,3,3,3,2,2,2,3,3,3,2,3,3,3,2,,2,3,3,3,3,4,3,2,2,3,,3,2,2,2,,2,3,3,3,3,,,,2,3,3,2,3,2,,2,,,,2,3,3,3,,3,3,2,,2,3,,,2,,3,,3,4,,3,3,3,3,3,3,3,3,3,3,3,2,3,3,2,2,3,3,2,3,2,3,2,3,2,3,,4,3,,2,3,,,2,2,0.0,3,3,,3,3,2,3,3,4,2,2,,2,3,3,3,3,3,,2,3,2,2,,2,2,4.0,0.0,,,3,3,3,3,3,3,,2,3,3,,,3,2,,2,,3,2,,3,3,3,,3,,3,2,3,,3,2,5.0,3,,0,,,3,,3,3,3,3,2,4.0,3,3,2,2,,,2,2,2,3,3,3,4,3,3,2,3,,3,2,2,2,3,3,3,3,3,,3,2,,3,,,3,,3,,3,0,3,3,1,2,3,3,3,3,,3.0,,4,2,2,,3,3,4,3,3,2,3,,3,,3,3,2,3,2,3,,3,3,,3,2,3,3,2,3,,,,,,2,2.0,,3,3,,,,67,2,0.01598173515981735
2,2,2,2,2,1,2,2,2,2,2,2,2,1,1,2,2,1,2,2,1,1,2,2,2,2,2,1,1,2,2,2,2,2,2,2,2,2,1,2,1,0,2,3,1,2,2,0,0,2,2,1,2,2,2,2,2,2,2,2,2,2,1,2,2,2,1,2,2,2,2,2,2,2,2,2,1,2,2,2,2,2,1,1,1,2,1,1,2,2,2,2,1,2,1,1,1,2,2,2,2,2,3,2,2,1,2,1,2,2,2,2,2,1,1,1,2,2,2,2,2,1,2,2,2,2,2,2,1,1,2,2,2,1,2,2,2,2,2,2,2,2,1,2,2,2,2,2,2,2,2,2,2,2,2,2,2,2,2,2,1,2,2,2,2,1,1,0,1,2,2,1,1,0,2,3,2,2,2,2,2,2,2,2,2,3,2,2,2,2,2,2,2,3,2,2,1,1,1,1,1,1,2,1,1,1,1,1,2,2,2,2,1,2,2,2,2,2,2,2,2,2,2,2,2,2,2,2,2,2,2,2,1,2,2,2,2,2,2,2,3,3,2,2,2,1,3,3,2,1,2,2,2,2,1,2,1,2,2,2,2,2,2,1,2,2,2,3,2,2,2,2,2,2,2,2,3,2,2,2,1,2,1,2,2,2,2,2,2,2,2,2,2,2,2,2,2,2,3,2,2,2,2,2,2,2,2,2,2,2,2,2,2,3,2,3,2,2,1,2,2,2,2,2,2,2,2,2,2,2,3,2,2,1,3,3,2,2,2,1,1,3,1,2,3,2,2,2,3,2,2,1,2,2,3,2,2,2,2,2,2,1,2,2,2,2,2,2,2,2,1,2,2,2,2,2,2,2,2,2,2,2,3,3,3,2,3,2,2,2,2,2,3,2,2,2,3,2,3,2,1,2,3,2,2,2,2,2,2,2,2,2,2,2,2,3,2,1,2,2,2,2,2,1,2,2,2,1,2,2,2,2,2,2,1,3,2,1,2,2,2,2,2,1,1,2,2,3,2,,2,3,2,2,2,1,3,2,2,2,1,3,2,,2,2,2,2,2,2,2,2,3,2,2,3,3,3,2,3,2,2,1,1,2,2,2,3,3,2,2,2,2,2,2,2,2,2,2,2,2,2,3,3,2,2,2,3,2,2,2,2,3,2,2,2,2,2,2,2,2,2,3,2,,1,2,2,3,2,2,2,2,2,3,2,2,2,1,3,2,2,2,2,2,2,1,1,2,2,2,2,2,2,2,2,2,2,3,2,2,,2,2,2,3,3,3,2,2,3,2,2,2,3,2,2,2,,2,2,2,,3,2,2,3,2,2,2,2,2,1,2,,3,2,2,3,2,2,2,,2,3,5.0,2,2,2,2,2,1,3,3,2,3,3,3,2,3,2,,2,2,3,,2,3,3,3,3,3,,3,,3,2,3,2,2,2,2,2,3,3,2,2,,2,3,2,2,3,4.0,,2,2,2,2,2,2,2,,3,2,2,,3,3,2,2,2,,2,3,3,2,2,2,,3,2,3,2,3,2,3,3,3,2,2,,2,,2,2,2,2,3,3,3,3,2,2,,3,3,3,2,2,2,2,3,2,2,2,2,0,2,2,2,3,2,,3,3,2,3,2,3,3,2,2,2,,1,2,2,2,,2,3,3,3,3,,,3.0,2,2,3,2,3,2,,2,,,,1,1,2,3,,3,3,2,,3,2,,,2,,3,,3,4,,3,2,2,3,2,2,3,2,2,3,3,2,3,2,2,2,3,2,2,3,2,3,1,3,2,3,5.0,3,3,,2,2,,,2,2,,3,3,,3,3,2,3,2,4,2,3,,1,3,3,2,2,3,,3,3,2,2,,2,2,,0.0,,,3,3,2,3,3,3,,2,3,3,,,2,3,,2,,2,2,,2,3,0,,3,,3,2,3,,2,2,,3,,2,,,3,,3,2,2,1,2,,3,3,2,2,,,1,1,2,4,3,2,3,2,1,3,3,,3,3,3,1,3,3,3,2,3,0.0,3,3,,4,,,3,,3,,3,2,2,3,2,2,2,3,3,3,,,,4,2,3,,3,0,3,3,2,1,3,,2,,1,3,2,3,2,1,,2,2,,3,2,3,3,3,3,,,,,,3,,,2,3,,,,68,2,0.016036655211912942
2,2,1,1,1,1,1,2,2,2,2,2,2,2,2,2,1,2,2,1,1,2,2,2,2,2,3,2,2,2,2,2,3,2,2,2,2,3,2,3,2,2,0,3,1,0,1,2,2,2,2,2,3,2,1,0,1,1,1,2,2,2,2,1,1,2,2,2,2,2,2,2,2,2,2,3,2,2,2,2,2,2,2,2,2,2,1,1,2,2,2,2,2,2,2,2,2,2,2,2,2,2,2,2,2,1,1,1,2,3,2,0,3,2,2,2,2,2,2,3,2,2,2,2,2,2,1,2,2,2,2,1,2,2,2,2,2,2,2,2,2,2,1,2,2,1,2,2,2,2,2,2,2,2,2,2,2,2,2,2,1,2,2,2,2,2,1,2,2,1,2,2,2,2,2,2,3,2,3,2,2,2,2,1,2,2,2,2,2,2,2,2,2,1,2,2,2,2,2,2,2,2,3,2,2,2,2,2,2,1,1,1,2,2,2,2,2,2,2,3,3,2,2,2,2,2,2,2,2,2,2,2,2,2,2,2,2,2,2,2,2,2,2,1,2,2,2,3,2,2,2,2,1,2,2,2,2,3,2,2,3,2,2,2,2,2,3,3,2,2,2,0,1,1,2,2,3,2,2,2,1,2,1,1,2,1,2,2,2,3,2,2,2,0,2,2,1,3,1,2,1,1,2,2,2,1,2,2,2,2,2,2,2,3,2,3,2,3,2,2,2,2,2,2,2,2,2,2,2,2,3,2,2,1,2,2,2,2,2,2,2,3,2,2,3,3,2,2,3,2,3,2,3,2,3,2,2,2,2,2,2,2,2,2,2,2,2,2,2,2,3,1,2,2,2,2,0,2,2,2,2,2,3,3,2,2,3,1,2,2,2,3,2,2,2,2,3,2,3,2,2,2,3,3,2,1,2,3,2,2,2,1,1,2,4,4,3,2,2,1,2,2,2,2,2,2,2,2,2,2,2,2,3,2,1,2,3,2,2,3,2,2,3,3,2,2,2,2,1,,2,3,2,2,2,2,2,2,2,2,2,2,2,,2,3,2,2,2,2,2,2,3,2,1,3,3,3,2,3,2,1,2,2,2,2,2,3,3,2,2,3,2,1,2,2,2,3,2,2,3,2,2,3,2,3,2,2,2,2,2,2,3,2,3,2,2,2,2,2,2,3,2,0,,2,2,2,2,2,2,2,2,1,3,3,2,2,3,3,3,2,2,2,2,2,2,2,2,2,2,2,1,3,3,2,3,2,3,2,2,,2,2,2,3,3,3,2,2,3,2,2,2,3,3,2,2,,2,2,2,,2,3,2,2,2,2,2,2,2,2,3,4.0,2,2,3,2,3,2,2,,2,4,,2,3,3,2,2,1,3,3,2,3,2,3,2,3,2,,3,3,2,,2,3,3,3,3,3,,2,,3,2,3,2,2,2,3,2,3,2,3,3,,2,2,2,2,3,,,2,2,2,2,2,2,2,,3,2,2,3.0,3,3,3,3,3,,2,3,2,2,2,2,,3,2,3,3,3,2,3,3,1,3,3,3.0,2,,2,2,2,2,3,3,3,3,2,3,,2,2,2,3,3,3,3,3,3,2,3,2,3,2,3,2,3,2,,1,3,2,3,2,0,3,2,2,3,,3,3,2,2,,2,3,2,3,3,4.0,,,3,2,3,3,2,3,,2,5.0,,,3,2,3,3,,3,3,2,,3,2,,,2,,2,,3,3,,2,3,2,3,3,3,2,3,3,2,2,1,2,3,2,2,3,2,2,3,2,3,2,3,2,3,,4,2,,0,3,,,2,2,,3,3,3.0,3,3,2,3,2,4,3,2,,2,2,2,3,3,3,,2,3,2,2,,2,3,,,,,2,3,3,3,3,3,5.0,3,3,3,,,2,3,,2,,2,3,,2,2,3,,2,,2,1,3,,3,2,,3,,2,,,3,,3,2,3,3,2,3.0,3,3,2,2,5.0,,3,3,3,3,2,3,4,2,3,2,3,,3,2,2,2,2,3,3,3,3,4.0,3,3,,3,,,3,,3,,1,2,2,3,3,2,3,2,3,3,,,,4,2,3,,3,2,3,3,3,2,3,,3,,2,3,3,3,2,2,,3,3,,3,2,3,3,2,3,,,,,,3,,,3,2,,,,69,2,0.022962112514351322
2,2,2,2,1,2,1,1,1,1,2,1,1,2,2,2,2,1,2,1,2,2,3,2,2,2,3,2,2,2,2,2,3,2,3,2,2,2,3,2,2,2,2,2,1,2,1,2,2,2,2,2,3,2,2,2,2,2,2,2,2,1,2,2,2,2,2,1,2,1,2,2,2,1,1,2,3,2,2,2,2,1,1,2,1,2,1,2,2,2,2,2,2,2,2,2,2,2,2,2,2,3,2,2,2,1,1,2,2,3,2,3,2,2,2,2,2,2,2,3,2,1,3,2,2,2,2,2,2,2,2,2,2,2,2,3,3,2,2,2,2,1,2,2,2,2,2,2,2,2,2,2,2,2,2,2,3,2,2,2,1,1,1,2,2,2,2,2,2,2,2,2,2,2,2,2,3,2,2,2,2,2,2,2,1,2,2,2,1,1,1,2,3,2,2,2,2,2,3,2,2,2,3,2,2,2,2,3,2,2,2,2,1,1,2,1,2,2,1,2,2,2,2,2,2,2,2,2,2,2,2,2,2,2,2,2,2,2,2,3,2,2,2,2,2,2,2,2,1,1,2,2,0,2,2,2,2,2,2,2,2,2,2,2,1,0,2,2,1,2,2,2,1,2,2,2,3,3,2,2,2,2,1,2,2,1,2,2,1,3,2,3,2,2,2,2,2,2,2,2,2,2,2,2,2,2,2,2,2,1,2,0,2,2,2,2,2,2,2,3,2,2,2,2,2,2,2,2,2,2,2,2,2,2,2,3,2,2,2,3,2,2,2,3,3,2,2,2,3,2,3,2,2,2,3,2,2,2,1,1,1,2,1,2,3,2,2,2,2,2,3,1,2,2,2,2,2,2,2,2,2,2,3,3,3,2,3,3,2,2,2,3,2,2,2,2,3,2,3,2,2,2,3,2,2,2,2,1,2,2,2,2,2,2,4,4,3,2,2,2,2,2,2,2,2,0,2,2,2,2,1,2,2,2,2,2,3,3,2,3,2,2,3,3,2,2,2,2,2,,2,1,1,2,2,3,3,2,2,1,2,2,2,,2,2,2,2,2,3,2,2,3,2,2,3,3,3,2,3,1,2,2,2,2,2,2,2,2,2,2,3,2,2,1,2,2,3,1,2,1,2,2,0,2,2,2,3,2,2,2,2,2,2,3,2,3,3,1,2,2,3,3,3,,2,1,3,3,2,2,2,2,1,3,3,2,2,3,2,2,2,3,2,2,3,1,3,2,0,2,2,2,2,3,2,3,2,2,2,2,,2,2,2,2,2,2,2,0,1,2,2,2,3,3,2,2,,2,3,2,,0,3,2,2,2,2,2,3,2,2,2,,2,2,2,3,3,2,2,,3,4,,2,2,3,2,2,2,3,3,2,2,2,3,3,3,2,,2,3,2,,2,3,3,3,3,3,,2,,3,2,3,3,2,2,2,3,3,3,2,2,,2,3,2,3,3,,,1,2,2,2,2,2,2,,3,2,2,,1,2,3,1,2,,2,3,3,2,3,2,,4,2,3,2,3,2,2,3,2,2,2,,3,,3,3,1,2,3,2,3,2,2,2,,2,3,3,2,3,3,3,3,3,2,3,3,2,2,3,3,3,2,,2,2,2,3,3,4,2,2,2,3,,3,2,3,2,,2,3,2,2,3,,,,3,2,3,2,3,3,,2,,,,3,2,1,1,,3,2,3,,3,2,,,3,,3,,3,4,,0,3,2,2,3,3,2,2,2,3,3,2,3,3,2,3,3,3,3,3,2,3,2,3,2,2,,4,2,,2,3,,,2,2,,2,4,,3,3,2,3,3,3,3,2,,3,3,3,3,3,3,,2,2,2,3,,2,3,,,,,3,3,3,3,3,3,,2,3,3,,,2,3,,2,,3,3,,3,3,3,,3,,3,2,3,,3,2,,3,,3,,,3,4.0,2,2,3,3,2,,2,3,2,3,,,3,3,3,3,2,2,4,3,3,3,3,,3,3,3,2,2,2,3,2,3,3.0,3,3,4.0,3,,,3,,3,,2,2,2,2,3,2,3,2,1,3,,,,4,2,3,,3,2,3,3,3,2,3,4.0,3,,3,3,3,3,3,3,,3,3,,3,3,3,3,2,3,,,,,,0,,,3,2,,3.0,,70,2,0.020737327188940093
2,2,2,2,2,2,2,2,2,2,2,2,2,2,2,2,2,2,2,1,2,1,2,2,2,2,2,2,2,2,2,2,2,2,3,2,2,2,2,2,2,2,2,3,1,2,2,1,0,2,2,2,2,2,2,2,2,2,2,2,2,2,1,2,2,2,1,2,2,1,2,3,2,2,1,2,1,2,2,2,1,1,1,2,1,2,2,2,2,2,2,2,2,2,2,2,1,3,3,2,2,2,3,2,2,1,1,2,2,2,2,2,2,1,1,2,2,2,2,2,2,2,3,2,2,2,3,2,2,2,2,2,2,2,2,2,2,2,2,2,2,2,2,2,2,2,2,2,2,2,2,2,2,2,2,2,2,2,1,2,1,2,2,2,2,2,1,2,2,2,2,2,2,2,2,3,2,2,2,2,2,2,2,1,1,3,2,2,0,1,2,2,3,2,2,2,2,2,3,2,2,2,3,2,3,3,2,2,2,2,2,2,1,2,2,1,2,2,2,2,2,2,1,2,2,2,2,0,2,2,2,2,2,2,2,0,2,2,2,3,2,2,2,2,2,1,3,2,2,2,2,2,1,1,2,2,2,2,2,2,2,2,2,1,2,2,3,2,1,2,2,2,2,3,2,3,3,2,2,2,2,2,1,2,2,2,2,2,2,3,2,2,2,0,2,2,1,2,2,2,2,2,2,2,2,2,1,2,2,2,2,2,2,2,2,2,2,2,2,2,2,2,3,2,2,1,2,2,2,2,3,2,2,2,3,3,2,2,2,2,2,2,2,2,2,2,2,2,3,3,3,2,2,2,3,2,1,2,2,2,1,2,1,2,2,2,2,2,2,2,2,2,2,2,2,2,2,1,2,2,0,1,3,3,2,2,3,2,2,2,1,2,2,2,2,2,2,2,3,2,2,2,2,2,2,2,2,3,2,2,2,2,2,2,3,4,3,2,1,2,1,2,2,2,1,2,2,2,3,2,2,2,3,3,2,3,3,2,2,3,2,2,1,2,2,2,2,2,2,,2,3,2,2,2,2,3,2,2,1,2,3,2,,2,2,2,2,2,2,2,2,3,1,2,3,3,2,0,3,2,2,2,2,3,2,1,3,2,2,2,2,2,2,2,1,2,3,2,2,2,2,2,3,2,2,2,3,1,2,2,2,3,2,2,3,3,3,2,2,2,3,4,3,,2,2,2,3,2,3,2,3,2,3,3,2,1,3,2,2,2,3,2,2,2,2,2,2,0,2,2,2,3,2,2,3,3,3,2,2,,2,3,2,2,3,3,2,2,2,2,2,2,3,3,2,2,,3,2,1,,3,3,2,3,3,2,3,2,3,3,2,,3,2,3,2,3,2,2,,3,4,,2,3,3,2,2,2,3,3,2,3,3,3,3,3,2,,3,2,3,,2,3,3,3,3,3,,3,,3,2,3,3,2,2,3,2,3,3,2,2,,3,3,2,2,2,,2.0,1,2,1,2,2,2,1,5.0,3,1,2,5.0,2,3,3,1,1,,2,3,3,2,0,3,,4,2,3,3,3,2,2,3,3,2,2,,3,5.0,3,3,2,2,3,1,3,2,2,2,,2,3,3,3,3,3,2,3,2,2,3,2,2,2,2,3,3,2,,2,2,2,3,3,4,2,2,2,3,,3,2,3,2,,2,3,3,3,3,4.0,,4.0,2,2,3,2,3,3,,2,,,,2,2,2,3,4.0,3,2,2,,3,2,,,3,,3,,3,4,,3,3,2,3,3,3,3,2,2,3,3,2,2,2,2,3,3,3,3,3,2,3,2,3,3,2,,2,2,,2,3,,3.0,2,2,5.0,3,4,,3,3,3,3,3,4,3,2,,2,3,3,3,3,3,3.0,2,2,2,2,,2,3,,,,3.0,3,2,3,3,3,3,,2,3,3,3.0,,1,3,,2,,2,3,,2,3,3,,3,,3,2,3,,3,2,5.0,3,5.0,3,,,3,,2,3,3,3,3,,2,3,2,2,,,3,3,2,4,3,3,3,2,2,3,3,,3,2,3,2,3,2,0,3,3,,3,3,2.0,4,,,3,,3,,3,2,2,2,3,3,3,2,3,3,,,,4,2,3,,2,3,3,3,3,1,3,,3,,2,3,3,3,3,2,,2,3,,3,3,3,3,3,3,,,,,,3,,,3,3,,,3.0,71,2,0.03103448275862069
2,2,2,2,2,1,2,2,2,2,2,2,2,2,2,2,2,1,2,2,2,2,3,2,2,2,3,2,2,2,2,2,2,3,3,2,2,3,3,3,2,2,2,3,2,2,2,2,2,2,2,2,3,3,2,2,2,2,2,2,3,2,1,2,1,2,2,2,2,2,2,0,3,2,2,3,3,2,2,2,2,2,2,1,1,2,2,2,2,2,2,2,2,2,2,3,2,2,2,2,2,2,2,2,2,2,2,1,2,3,2,2,2,2,2,2,2,2,2,3,2,1,3,3,2,2,3,2,2,2,2,2,2,2,2,2,3,2,3,2,2,2,2,2,2,2,2,2,3,2,2,2,1,2,2,2,2,2,2,2,1,2,2,2,2,2,1,3,2,2,2,2,2,2,2,3,3,2,3,2,2,2,3,2,2,2,2,2,2,2,2,2,3,3,2,2,3,2,2,2,3,2,3,2,3,3,2,2,3,2,2,2,2,2,2,2,2,2,2,2,3,2,2,2,2,3,2,3,2,2,2,3,2,2,2,2,2,2,2,3,3,3,2,2,2,2,3,3,3,2,2,2,2,2,2,2,2,3,2,3,3,2,2,2,2,2,2,3,2,0,2,2,2,2,2,3,3,3,2,2,2,2,2,2,2,2,2,3,1,3,2,3,2,2,3,2,2,3,2,3,2,2,2,2,3,2,2,2,2,2,2,3,2,0,2,3,2,2,2,2,2,2,2,2,2,2,2,2,3,2,2,2,2,2,2,1,2,2,2,3,2,3,2,2,3,2,2,2,3,2,3,2,3,2,0,2,2,2,2,2,3,2,2,2,3,2,2,2,2,3,3,2,2,2,0,2,2,2,3,2,2,3,3,3,3,3,3,3,3,2,3,3,3,2,3,2,3,2,3,2,2,2,3,3,1,2,2,1,2,3,2,2,2,3,4,4,3,2,2,2,2,2,2,2,2,2,2,2,2,2,2,2,2,2,2,2,3,3,2,3,2,2,3,3,3,2,2,2,2,,2,3,2,2,2,2,3,2,2,2,2,1,2,,2,2,2,2,2,2,3,2,3,1,1,3,3,3,2,4,2,2,2,2,2,2,2,2,3,2,2,3,2,2,2,2,2,3,2,2,3,2,2,2,2,2,2,3,2,2,3,2,3,2,3,2,3,3,2,3,2,3,4,3,,2,2,2,2,1,3,2,2,1,3,3,2,3,3,3,3,2,3,3,2,3,2,3,2,2,2,2,2,3,3,2,3,2,0,2,2,3.0,2,3,3,3,3,3,2,3,3,2,2,2,3,3,2,3,,2,2,2,,3,3,2,3,3,2,3,2,2,3,2,,3,2,3,3,3,2,2,,3,4,,3,3,3,3,2,2,3,3,2,3,3,3,3,3,3,,2,2,3,,2,3,3,4,3,0,,3,,3,3,3,2,2,2,2,2,3,3,3,2,,3,3,2,3,3,,,2,2,0,2,2,2,2,,3,2,3,,3,3,3,3,2,,2,3,3,2,3,2,,4,2,4,2,3,3,3,3,3,3,3,,0,,3,3,3,2,2,3,3,3,2,3,4.0,3,2,2,2,3,3,3,3,3,2,2,3,3,2,3,3,2,2,,3,3,3,3,3,4,3,2,2,3,3.0,3,2,3,2,,2,3,3,3,3,,,,3,3,3,2,3,0,,3,,,,3,3,3,3,2.0,4,3,3,,3,2,,,3,,3,,3,3,3.0,3,3,2,3,3,3,3,3,3,3,3,2,3,2,2,3,3,2,3,3,2,3,2,3,3,2,,4,3,,2,3,,,3,2,,3,4,,3,3,2,3,3,4,3,3,,3,3,3,3,3,3,,3,3,1,2,,2,3,,,,,3,3,3,3,3,3,,3,3,3,,5.0,2,3,,2,3.0,2,3,,3,3,3,4.0,3,,4,3,4,,3,2,,3,,3,,,3,,3,2,3,3,3,,3,3,2,3,,,3,3,3,3,3,2,4,3,3,3,3,,2,3,3,1,2,3,3,3,2,,3,3,,4,,,3,5.0,3,,3,2,3,3,3,3,3,3,3,3,,,,4,2,3,,3,3,4,3,3,3,3,5.0,3,,3,3,3,3,2,3,,3,3,,3,3,3,3,3,3,,,,,,3,,,2,3,,,,72,2,0.022962112514351322
2,2,2,2,1,1,2,2,2,3,2,2,2,1,1,2,1,2,2,2,2,1,2,1,2,2,1,2,1,2,1,2,2,2,1,2,1,2,2,2,1,1,2,3,2,2,2,2,1,2,2,2,2,1,2,2,2,2,1,2,2,2,1,2,1,2,2,2,2,2,2,2,3,2,2,2,2,2,2,2,2,1,1,1,2,2,1,1,2,1,2,2,2,1,2,2,1,2,2,2,2,2,2,2,2,1,2,1,2,2,2,2,2,1,1,1,1,2,2,2,2,1,2,2,2,2,2,2,1,1,2,2,2,1,2,2,2,2,2,2,2,2,1,2,2,2,2,2,2,2,2,2,2,2,1,2,2,2,2,2,1,2,2,2,2,1,2,2,1,1,1,0,1,2,2,3,2,2,2,2,2,2,2,1,2,3,2,2,2,2,2,2,2,2,2,2,2,2,2,2,2,2,2,2,2,2,2,2,2,2,2,1,2,2,2,2,2,2,2,2,2,1,2,2,2,2,2,2,2,2,1,1,2,2,2,2,2,2,2,2,2,3,2,1,2,1,3,3,2,2,2,2,2,2,2,1,1,2,1,2,2,2,2,1,2,3,2,3,2,2,2,2,2,2,2,2,2,2,2,2,2,2,1,1,2,2,2,2,2,2,2,2,2,3,2,2,2,2,2,2,2,1,2,2,2,2,2,2,2,2,2,2,2,3,2,3,2,2,0,2,2,2,2,2,3,2,2,2,2,1,2,3,3,1,3,3,2,2,1,2,1,3,2,2,3,2,2,2,3,2,2,2,2,2,3,2,1,2,3,3,2,1,2,2,2,2,2,1,1,2,1,2,2,2,3,0,2,2,2,2,2,3,3,3,3,2,3,2,2,2,2,2,2,2,2,2,3,2,3,2,2,2,2,0,2,1,2,2,2,1,2,1,2,2,2,3,3,1,2,2,1,2,2,1,1,2,1,2,2,2,2,2,3,2,0,2,3,2,2,2,2,2,1,1,1,2,2,2,2,,2,3,2,2,2,1,2,2,2,2,2,2,2,,2,2,2,2,2,2,2,2,3,1,1,3,2,2,1,3,2,2,2,2,2,1,2,3,3,2,2,2,2,1,1,2,2,2,2,2,3,3,3,3,2,3,2,3,2,2,2,2,3,2,2,2,2,2,2,2,2,2,3,2,,2,2,2,2,2,3,2,2,1,2,2,2,2,3,2,2,2,2,2,2,0,2,1,2,2,2,2,2,2,2,2,2,2,3,2,2,,2,2,2,3,3,3,2,2,3,2,2,2,3,3,2,2,,2,2,2,4.0,3,2,2,2,2,2,1,2,3,2,2,0.0,2,2,2,2,2,2,2,,2,3,,2,3,2,2,2,2,3,3,2,3,3,3,2,3,2,,2,2,3,,2,3,3,3,3,3,,3,,3,2,3,2,2,2,2,2,3,2,2,3,,2,2,2,2,3,,,2,2,2,2,2,2,2,,2,2,3,,3,3,3,3,2,0.0,2,3,2,2,2,2,,3,2,0,2,2,2,3,3,2,3,3,,3,,2,2,3,2,3,2,2,3,2,3,,2,3,2,3,2,3,3,2,2,2,3,2,3,2,2,2,3,2,,2,3,3,3,3,3,2,2,2,2,,2,2,2,2,,2,3,2,3,3,,,,2,3,3,0,3,2,,2,2.0,,,2,2,3,3,,3,3,2,,2,2,,,2,,3,,3,4,,2,2,3,2,2,2,2,3,3,3,2,2,2,2,2,1,3,2,2,2,2,3,1,3,2,3,,3,2,,2,3,,,2,2,3.0,3,3,,3,3,2,2,2,4,2,2,,2,3,3,3,3,3,,2,2,2,2,,2,2,,,,,3,2,2,3,3,3,,3,3,3,5.0,,2,3,,2,3.0,3,2,,3,3,3,,2,,3,2,3,,2,2,,3,5.0,2,,,3,,3,2,3,2,2,,3,3,3,2,,,2,2,2,3,3,2,3,2,2,2,3,,3,2,2,2,3,3,3,2,3,,3,2,,3,,,3,,3,,2,2,3,2,2,2,2,2,3,3,,,,4,2,2,,3,3,3,3,2,2,4,,2,,1,3,2,2,2,1,4.0,2,3,,3,2,3,3,2,3,,,,,,3,,,3,3,,,,73,2,0.01598173515981735
2,2,2,2,2,1,2,2,2,3,2,2,2,1,2,2,2,1,2,2,2,2,3,2,2,2,2,1,2,2,1,2,2,2,2,2,2,2,2,2,2,1,2,3,2,2,2,2,2,2,2,2,2,2,2,2,2,2,2,2,2,2,1,2,2,1,2,2,1,2,2,2,3,2,2,2,2,2,2,2,2,2,2,2,1,2,1,2,2,2,2,2,2,1,2,2,2,3,2,2,2,2,2,2,2,2,2,1,2,2,2,3,2,2,2,1,2,2,2,2,2,1,3,2,2,2,2,2,2,2,2,2,2,2,2,1,2,2,2,2,2,2,1,2,2,2,2,2,3,3,2,2,1,2,2,2,2,2,2,2,1,2,2,2,2,1,1,2,2,1,2,2,2,2,1,3,2,2,2,2,2,2,2,2,2,3,2,1,1,1,2,2,3,2,2,2,2,0,1,2,2,2,2,2,2,2,2,2,2,2,2,2,2,3,2,1,2,2,2,2,2,2,2,2,2,2,2,2,2,1,2,2,2,1,1,2,2,0,2,2,2,2,2,2,2,2,3,3,2,2,2,2,2,1,2,2,2,3,2,2,2,2,2,2,2,3,2,3,2,2,2,2,2,2,2,2,3,3,2,2,2,2,1,1,2,2,2,2,2,3,2,2,2,3,2,2,2,2,2,3,2,2,2,2,2,2,2,2,2,2,2,2,2,2,2,2,2,2,2,2,2,2,3,2,2,2,2,2,2,2,3,2,3,2,3,3,0,2,2,2,2,2,2,2,3,2,2,2,3,2,3,2,2,2,3,2,2,2,3,3,2,2,2,2,2,2,0,2,1,3,2,2,2,2,2,2,2,2,2,2,1,2,3,3,3,2,3,0,2,2,2,2,2,2,2,2,3,2,3,2,2,2,3,3,2,2,2,2,2,1,2,2,2,2,3,4,3,2,2,1,2,2,2,2,1,2,2,2,2,2,2,2,2,2,2,2,3,2,2,3,2,2,2,2,2,2,2,2,2,,2,3,2,2,2,2,3,2,2,2,2,2,2,,2,3,2,2,2,3,2,2,3,2,2,3,3,3,2,3,2,2,2,2,2,1,2,3,3,2,2,3,2,2,1,2,2,2,2,3,3,3,3,3,2,2,2,3,2,2,2,2,2,2,2,2,3,3,1,2,2,2,3,3,,2,2,2,3,2,3,2,2,2,3,3,2,2,3,2,2,2,3,2,2,2,2,3,2,2,2,2,2,2,2,2,3,2,3,0,2,,2,2,3,3,3,3,2,3,3,2,2,2,3,3,2,2,,3,2,2,,3,2,2,2,2,2,2,2,3,2,2,,2,2,2,3,3,2,3,,3,4,,2,3,3,2,2,2,3,3,2,3,3,3,3,3,2,,2,2,3,,2,3,3,4,3,3,,3,5.0,2,3,2,3,2,2,3,2,3,3,2,2,,2,3,2,2,3,,,2,2,2,2,2,2,2,,3,2,2,,3,3,3,3,0,,2,3,3,2,3,2,,2,2,3,2,3,2,3,3,3,3,3,,3,,3,3,2,2,3,2,3,3,2,3,,2,3,3,3,2,3,3,3,3,0,3,3,2,2,3,3,3,2,,2,3,3,3,3,4,2,2,2,2,,2,2,2,2,,2,3,2,3,3,,,,3,3,3,2,3,2,5.0,2,,,,2,2,2,3,5.0,3,3,2,,2,2,,,2,,3,,3,4,,3,3,2,3,2,3,3,3,3,3,3,2,3,2,1,3,3,2,2,3,2,3,1,3,2,3,,4,2,,2,3,,4.0,3,2,,2,4,,3,3,2,3,3,4,2,3,,3,3,3,3,3,3,,3,3,2,2,,2,1,,,,,3,3,3,3,3,3,,3,3,3,,,2,3,,2,,2,2,,3,2,3,,3,,4,3,3,,3,2,,3,0.0,2,,,3,,3,3,3,2,3,5.0,3,3,3,2,,,2,2,3,3,3,3,4,3,3,2,2,,3,3,2,2,3,3,3,3,3,,3,3,2.0,3,5.0,,3,,3,3.0,3,1,3,3,3,2,2,3,3,3,,,,4,2,3,,3,3,4,3,3,1,4,,3,,3,3,2,3,2,3,,3,3,,3,2,3,3,2,3,0.0,,,,,3,,,3,3,3.0,,,74,2,0.0182648401826484
2,2,2,2,2,2,1,2,2,2,2,2,2,2,2,2,0,2,2,2,1,2,3,2,2,2,3,2,2,2,2,2,2,2,3,2,2,2,3,2,2,1,2,3,2,2,2,2,2,2,2,1,2,2,2,2,2,2,2,2,2,1,1,1,1,1,2,2,2,2,0,2,2,2,2,2,3,2,2,2,2,2,1,2,1,2,1,2,2,2,2,2,2,1,1,1,2,3,2,2,2,3,2,1,2,2,1,1,2,2,2,3,2,2,2,2,2,2,2,3,2,1,2,2,2,2,2,2,1,2,2,2,2,1,2,2,2,2,2,2,2,1,2,2,2,2,2,2,2,2,1,2,2,2,2,2,2,1,2,2,1,2,2,2,2,2,1,1,2,1,2,2,1,2,1,2,2,2,2,2,2,2,2,1,2,3,2,2,2,1,2,2,3,2,2,2,1,2,1,1,1,0,2,1,0,1,1,1,2,1,2,2,2,2,2,1,2,2,1,2,2,2,1,2,2,2,2,1,1,2,2,1,1,2,2,2,2,2,2,3,2,2,2,2,2,2,3,3,2,1,2,2,2,2,2,2,2,2,2,2,2,2,2,2,2,2,2,3,2,2,2,2,2,3,2,2,3,2,1,2,1,2,2,1,2,2,2,2,2,2,2,2,2,3,2,1,2,2,2,3,2,2,2,2,1,2,2,2,1,2,2,2,2,2,2,2,1,2,2,2,2,2,3,2,2,2,2,2,2,2,3,2,3,2,3,3,2,2,2,2,2,2,1,2,2,2,2,2,3,2,1,2,1,2,3,2,2,2,2,2,2,2,2,2,2,2,2,2,2,2,3,2,2,2,3,2,2,0,2,1,2,2,2,2,2,2,2,2,2,2,2,2,2,2,2,1,2,2,2,2,2,2,2,2,2,1,2,2,2,2,2,2,2,2,4,4,3,2,2,2,2,2,2,2,2,2,2,2,2,2,2,2,2,1,2,2,3,3,2,3,2,2,3,2,2,2,2,3,2,,1,2,2,2,2,2,2,2,2,2,2,3,2,,2,2,2,2,2,3,2,2,3,2,2,3,3,3,2,3,2,2,2,2,2,2,1,2,3,2,2,2,2,2,1,1,2,3,2,2,3,2,3,3,2,2,2,3,2,2,2,2,3,2,3,2,3,3,1,0,2,2,3,2,,2,1,2,2,2,2,2,2,1,0,3,2,2,3,2,2,2,2,2,2,2,2,3,2,2,2,2,2,2,3,2,2,2,0,2,2,3.0,2,2,2,3,2,3,2,2,3,2,2,2,2,2,2,2,,3,2,2,,3,2,2,2,2,2,2,2,2,1,2,,3,2,2,2,2,2,2,,3,3,,2,2,3,3,2,2,3,3,2,3,3,3,3,3,2,,2,2,3,,2,2,3,3,3,3,,3,,3,2,2,3,2,2,3,2,3,3,2,2,,3,3,2,2,2,,,2,2,2,2,2,2,2,,3,2,2,,2,3,3,3,2,,2,3,3,2,3,2,,2,2,3,2,3,2,2,3,3,3,3,,3,,2,2,2,2,3,3,3,3,2,2,,2,3,2,3,3,3,3,3,3,2,3,3,2,2,3,2,3,2,,2,2,2,2,3,4,2,2,1,2,,2,2,2,2,4.0,2,3,2,3,3,,,,3,2,3,2,3,2,,2,,,,1,2,3,3,,3,2,2,,3,2,,,2,,3,,2,4,,2,2,2,2,2,3,3,3,3,0,3,1,3,2,2,2,3,2,3,3,2,3,1,3,2,1,,4,2,,2,3,,,2,2,,2,3,,3,3,2,3,3,4,3,2,,2,3,3,3,2,3,,2,3,2,2,,2,3,,,5.0,,3,3,3,3,3,3,,2,3,3,,,2,3,,2,,2,3,,2,3,3,,3,,3,2,3,,3,2,,3,,2,,,3,,2,2,2,1,2,,2,0,2,2,,5.0,1,1,3,3,2,2,4,2,3,3,3,,3,3,3,2,3,3,3,2,3,,2,2,,3,,,3,,2,,2,2,3,3,3,2,2,3,3,3,,,,4,2,3,,3,3,4,3,2,2,3,,2,,3,3,3,2,3,3,,3,3,,3,3,3,3,3,3,,,,,,3,,,2,3,,,4.0,75,2,0.01839080459770115
2,2,2,1,2,2,1,2,2,3,2,2,2,2,2,1,2,2,2,2,2,2,3,2,2,2,3,2,2,2,2,2,2,3,3,2,2,3,3,3,2,2,2,3,2,2,0,2,2,3,3,2,2,2,2,2,2,2,2,2,2,2,1,1,2,2,2,2,2,2,2,3,3,3,2,3,2,2,2,2,2,2,1,2,2,2,2,2,2,2,2,2,2,2,2,2,1,2,2,2,2,2,2,2,2,2,2,1,2,3,3,3,3,2,2,2,2,2,2,3,3,1,2,2,2,2,2,2,1,1,2,2,2,2,2,2,2,1,2,2,2,2,1,2,2,2,2,2,1,0,1,2,2,2,2,2,2,1,2,2,1,2,2,2,2,2,2,2,2,2,2,2,2,2,1,2,0,2,2,0,1,1,2,2,2,3,2,2,2,2,2,1,2,2,2,2,2,2,2,2,2,2,3,2,2,2,2,2,2,2,2,1,2,2,1,2,2,2,2,2,2,2,2,2,2,2,2,2,2,3,2,1,2,2,2,2,2,2,2,2,2,2,2,2,2,2,3,3,3,1,2,2,1,2,2,2,2,2,2,2,3,2,1,2,2,2,2,3,2,2,2,1,2,2,1,2,3,2,1,2,2,2,2,2,1,2,2,2,2,2,2,2,2,3,2,2,2,3,2,2,2,2,2,2,2,2,2,3,2,3,2,3,2,3,2,3,2,3,1,2,2,2,2,2,2,2,2,2,3,2,3,3,3,2,2,2,2,2,2,2,1,3,1,2,1,2,2,1,2,1,2,2,2,2,3,2,2,2,3,3,3,2,2,2,3,2,2,2,2,2,2,2,2,2,3,2,2,1,2,2,2,1,2,2,2,2,2,2,2,2,2,2,2,2,2,2,2,2,2,2,2,2,2,2,2,2,2,3,0,2,2,2,2,2,3,4,3,2,2,2,1,2,2,2,2,2,2,2,2,2,2,2,3,2,1,2,3,3,2,3,1,2,2,2,2,2,2,2,2,,2,3,2,2,2,2,3,2,2,2,2,2,2,,2,3,2,2,2,2,2,2,3,1,2,3,3,3,2,3,2,2,2,2,2,3,2,3,3,2,2,2,2,2,2,2,2,2,2,2,3,2,3,3,2,2,2,3,2,2,3,2,3,2,3,2,2,1,2,3,2,2,3,3,,3,2,2,2,2,2,2,2,1,2,3,2,2,3,3,2,2,2,2,2,3,2,2,2,2,2,2,2,3,2,3,3,2,3,2,2,,2,2,2,3,3,3,2,3,3,1,2,3,3,2,2,2,,2,2,2,,3,2,2,2,3,2,3,2,2,1,2,,3,2,3,2,2,2,2,,2,3,,2,3,3,2,2,2,3,3,2,3,3,3,3,3,2,,2,2,2,,2,3,3,3,3,3,4.0,2,,3,2,3,3,2,2,3,2,2,3,2,3,,2,3,2,2,1,,,2,2,2,3,2,2,2,2.0,3,2,2,,3,3,3,3,2,,2,3,3,1,3,3,,3,2,3,2,3,2,3,3,2,3,3,5.0,3,,3,3,3,2,3,3,3,3,2,3,3.0,2,3,2,3,3,3,3,3,2,2,3,3,3,2,2,2,3,2,,2,3,2,2,3,3,0,2,2,2,,2,2,3,2,,2,3,3,3,3,,,,2,3,3,2,3,2,,3,,,,2,3,3,3,,3,2,2,,3,3,,,2,0.0,3,0.0,3,3,,3,2,3,3,3,3,2,3,3,3,3,2,2,2,2,1,2,2,3,3,2,3,2,3,2,3,,3,2,4.0,2,3,,,2,2,,3,0,,3,2,2,3,2,4,3,2,0.0,3,3,2,3,2,3,,2,3,2,2,,2,3,,,,,3,3,2,3,2,3,,3,3,3,,,2,3,,2,,2,3,,3,3,3,,3,,3,2,3,,3,2,,3,,3,,,2,,3,2,2,2,3,,3,3,3,3,,,2,2,3,3,2,2,3,2,3,3,3,,3,3,3,2,2,3,3,2,3,4.0,3,3,,3,,,3,,2,,2,2,3,3,3,2,2,3,3,3,,,,4,2,3,,3,3,3,3,2,2,4,,2,,3,3,3,3,3,3,,3,3,,3,3,3,3,2,3,,,,,3.0,3,,,3,2,,,,76,2,0.02413793103448276
2,2,1,2,1,1,1,3,3,3,2,2,3,2,2,2,2,1,2,2,3,2,3,2,2,3,2,2,2,2,2,1,2,2,2,2,2,3,2,2,2,2,2,0,2,1,2,2,2,3,3,2,2,2,2,2,2,2,2,2,2,2,2,1,1,2,2,3,2,2,3,2,3,3,2,3,2,3,3,2,2,2,2,2,2,2,2,2,2,2,1,2,2,2,2,2,2,2,3,2,2,3,2,2,2,2,2,2,2,3,3,3,3,1,1,2,2,2,3,2,2,2,3,2,2,3,2,2,1,1,2,2,2,2,2,2,2,2,2,2,2,2,2,2,3,2,2,2,2,2,2,2,2,2,2,2,2,2,2,2,2,2,0,2,2,1,2,2,2,1,2,2,2,2,2,2,2,1,3,2,2,1,2,2,2,3,2,2,3,2,2,2,2,2,2,2,2,2,0,2,2,2,2,2,1,2,2,1,2,2,2,1,2,3,2,2,2,2,2,2,0,2,2,2,2,3,2,3,2,2,2,2,2,2,2,2,2,2,2,2,3,3,3,2,2,2,3,3,3,2,2,2,1,2,2,2,2,3,2,3,3,2,3,2,3,3,3,3,3,2,3,2,2,2,3,2,3,3,2,2,2,2,2,2,2,2,2,3,1,3,2,2,2,3,2,2,2,2,3,3,2,2,2,2,2,2,2,2,2,2,3,3,2,3,2,3,2,3,2,3,2,2,2,2,2,2,2,2,3,2,3,3,3,1,3,3,2,2,2,2,2,3,2,2,2,3,2,2,3,2,2,2,3,2,3,2,2,2,3,3,2,2,2,2,2,2,2,2,2,3,2,2,3,3,3,2,2,1,2,2,2,2,3,2,2,2,2,2,2,2,2,3,3,2,2,2,3,2,3,3,3,2,2,2,2,2,3,3,2,2,3,2,2,2,3,4,3,2,2,2,2,2,2,2,2,2,2,2,3,2,2,2,2,2,1,3,3,2,2,3,2,2,2,2,2,2,3,3,3,,2,3,3,3,3,2,2,3,2,2,2,3,2,,2,3,2,2,2,2,3,2,3,2,2,3,3,3,2,3,2,2,2,2,2,2,2,3,3,2,2,3,2,2,2,2,2,3,2,3,3,3,3,3,3,3,2,3,3,3,3,2,3,3,3,2,2,2,2,3,2,3,3,3,,3,2,0,2,3,3,2,2,2,3,3,3,3,3,3,3,2,3,2,2,3,2,2,2,2,2,3,2,3,3,3,3,2,3,3,3,,2,2,2,3,3,3,3,3,3,0,2,3,3,3,2,2,,3,2,3,,3,3,2,2,3,3,3,3,3,1,3,5.0,3,3,3,2,3,2,3,,3,4,,2,3,2,3,2,2,3,4,2,3,3,3,3,3,3,,3,3,2,,3,3,3,4,3,3,4.0,2,,0,3,3,2,3,3,2,2,3,3,3,3,,2,3,2,3,2,,,2,3,3,3,2,3,2,,3,3,3,,3,3,3,3,3,,3,3,3,2,3,3,,3,3,3,3,3,2,3,3,2,3,3,,3,,3,3,3,3,3,3,3,3,3,3,,3,2,2,3,3,3,3,3,2,2,3,3,3,2,3,0,3,3,,2,3,3,3,3,3,3,3,2,3,,2,3,2,3,,3,3,3,3,3,,,,2,3,3,3,3,3,,3,,,,2,3,3,3,,4,3,3,5.0,3,3,,,2,,3,,3,4,,3,3,3,3,3,3,2,3,3,3,2,2,3,3,2,2,3,2,2,3,3,3,1,3,2,3,,3,2,,2,3,,,2,3,,3,4,,3,3,2,3,3,4,3,2,,2,3,2,3,3,3,3.0,2,3,2,3,,2,2,,,,,2,3,3,3,0,3,,2,3,3,,,3,3,,2,,3,3,,3,3,0,4.0,3,,3,2,3,,2,2,,3,,2,,,3,,3,3,2,2,3,5.0,3,3,3,2,,,2,2,2,4,2,3,4,2,2,3,3,,3,3,3,2,3,3,3,2,3,,3,3,,4,,,3,,2,,2,2,3,3,3,3,2,3,3,4,,,,5,3,3,,3,3,4,4,2,2,4,,2,,2,4,3,3,2,2,,2,3,,3,3,3,3,2,3,4.0,,4.0,,,3,,,3,2,,,,77,2,0.018327605956471937
2,2,1,1,1,1,0,2,2,3,2,2,2,1,2,2,2,2,1,2,2,1,2,2,1,2,2,2,1,2,2,2,2,2,2,1,2,2,2,2,2,1,1,3,2,2,2,2,2,3,3,1,2,2,2,2,2,2,2,2,2,2,1,1,1,1,2,0,2,2,2,3,3,2,1,2,2,2,2,2,2,2,1,2,2,2,1,2,2,1,2,2,2,1,2,1,1,2,2,2,2,2,0,2,2,2,2,2,1,2,2,2,2,2,1,2,2,2,2,2,2,1,2,1,2,2,2,1,1,2,2,2,2,1,2,2,2,1,2,2,2,2,1,0,2,2,2,2,2,1,2,2,2,2,2,2,2,2,2,2,1,2,2,2,2,1,1,0,1,0,1,2,1,2,2,2,2,2,2,2,2,1,2,1,2,2,2,2,2,2,2,2,2,2,2,2,1,1,2,2,2,1,2,1,1,2,1,2,2,2,2,1,2,3,2,2,2,2,1,2,2,2,2,2,2,2,2,2,2,1,2,2,1,2,1,2,2,2,2,0,2,2,2,2,2,2,3,3,2,1,2,2,1,2,2,2,2,2,2,2,2,2,2,2,2,2,2,3,2,2,2,2,2,2,2,2,2,2,2,2,1,2,2,1,1,2,2,2,2,3,1,2,1,3,2,2,1,2,2,2,1,1,2,2,2,2,2,0,1,2,2,2,2,2,2,3,2,2,2,2,2,2,2,1,2,2,1,2,2,1,2,2,3,1,3,3,2,1,2,1,1,2,2,2,2,2,2,2,3,2,2,2,2,2,2,2,2,2,2,3,2,2,2,1,2,2,1,2,2,2,2,2,2,2,2,1,1,1,2,2,2,2,3,2,2,2,2,2,2,2,2,2,2,2,2,2,2,2,3,2,2,2,2,2,2,1,2,2,2,2,2,1,1,2,3,3,3,2,2,1,1,2,2,2,2,2,1,2,2,2,2,2,3,2,1,2,3,2,1,3,2,2,2,2,2,2,2,2,2,,1,3,2,2,2,2,2,2,2,2,1,2,2,,2,3,2,2,2,2,2,2,3,2,2,2,2,2,2,3,2,2,2,1,2,2,1,3,3,2,2,2,2,2,2,2,2,2,2,2,3,2,3,3,2,2,2,3,2,2,3,2,2,2,2,1,1,1,2,2,2,2,3,2,,2,2,2,2,2,2,2,2,1,3,2,2,2,3,3,2,2,2,2,2,2,2,2,1,1,2,2,2,2,2,3,2,2,3,2,2,,2,2,2,3,3,2,2,3,3,2,2,2,2,2,2,0,,3,2,2,,2,2,2,2,1,2,2,2,3,2,2,,2,2,2,2,2,2,2,,2,4,,2,3,2,2,2,2,3,3,2,3,3,2,2,2,2,,2,2,2,,2,3,3,3,3,3,,2,,3,2,2,2,2,2,3,2,3,2,2,3,,2,2,2,2,2,,,2,2,2,2,2,2,2,,2,2,2,,3,3,3,3,2,4.0,2,3,2,2,2,3,,3,2,3,2,2,2,2,3,2,2,3,,3,,2,2,2,2,3,3,3,3,2,3,,2,2,2,3,2,3,3,3,2,2,3,2,3,2,2,2,3,2,,2,2,2,3,3,2,2,2,2,2,,1,2,2,2,5.0,2,3,2,3,3,,,,2,2,2,2,2,3,,2,,,,2,2,2,2,,3,2,2,,3,2,2.0,,2,,3,,3,4,,2,3,2,2,2,3,2,3,3,3,2,2,2,2,2,2,3,2,1,3,2,3,1,3,2,3,,3,2,,2,2,,5.0,2,2,,3,3,,3,3,2,3,2,3,2,1,,2,2,2,3,2,2,,2,2,2,2,,2,2,,,4.0,3.0,2,2,2,3,2,3,,2,3,3,,,2,3,,2,3.0,2,2,5.0,3,2,3,,2,,3,2,3,,2,2,,3,4.0,1,,,3,,3,2,3,2,2,5.0,3,3,3,1,,,2,2,2,3,2,2,3,2,2,2,3,,3,2,2,2,3,2,3,2,3,,3,2,,3,,,3,,2,,2,2,3,3,0,3,2,2,3,3,,,4.0,4,2,3,,3,3,3,3,2,2,4,,2,,2,3,2,3,2,2,,2,3,,3,2,2,3,2,3,,,2.0,,,2,,,2,2,,,,78,2,0.02057142857142857
2,2,2,2,2,2,1,1,2,2,2,2,2,2,2,2,2,2,2,2,2,2,3,2,3,2,3,2,2,2,2,2,2,3,3,2,2,3,3,2,2,2,3,2,2,2,2,2,3,3,2,2,2,2,2,2,2,2,2,2,2,2,2,2,2,1,2,2,2,2,2,2,3,2,2,3,3,2,0,2,2,2,1,2,1,3,2,2,2,2,2,2,2,1,2,2,2,3,3,2,2,2,3,2,2,2,2,1,2,3,2,3,2,2,2,2,2,2,2,3,2,1,3,2,2,2,3,2,2,2,2,2,2,2,2,2,2,2,2,2,2,1,2,2,2,2,2,2,2,2,2,2,2,2,2,2,2,2,2,3,1,2,2,2,2,2,2,2,2,2,2,2,2,2,2,3,2,2,2,2,2,2,2,2,2,2,2,2,2,2,2,2,3,2,2,2,2,2,2,2,1,2,3,2,0,2,2,2,3,2,2,2,2,2,2,2,2,2,2,2,3,2,2,2,3,2,2,2,2,3,2,2,1,2,2,2,2,2,3,3,3,2,2,3,2,2,2,2,3,2,2,3,2,2,2,2,2,2,2,3,3,2,2,2,2,2,2,3,2,2,2,3,2,3,3,2,3,2,2,2,2,2,2,1,2,2,2,2,2,3,2,2,2,2,2,2,2,3,3,3,2,2,2,2,2,2,2,2,2,3,2,3,2,3,2,3,2,3,2,2,2,2,3,2,2,2,2,2,3,2,3,3,2,2,3,3,2,2,2,3,2,3,2,2,2,2,2,2,3,2,2,2,2,2,3,2,2,2,2,2,2,2,2,2,3,2,2,2,2,3,3,2,2,2,3,2,2,1,2,2,2,2,0,3,3,2,3,2,2,2,2,3,2,2,2,2,3,2,3,2,2,2,2,3,2,2,2,2,2,2,2,2,3,2,4,4,3,2,2,2,1,2,2,2,2,2,2,2,2,2,2,2,2,2,2,2,3,3,2,3,2,2,3,2,3,2,2,3,2,,2,2,0,2,2,3,3,2,2,2,2,3,2,,2,3,2,2,2,3,3,2,3,2,2,3,3,3,2,3,2,2,2,2,2,3,2,2,2,2,2,2,2,2,2,2,2,1,1,2,2,2,2,3,2,3,2,3,2,2,2,2,3,2,3,2,3,3,2,3,2,3,3,3,,2,2,3,3,2,3,2,3,1,3,3,3,2,3,2,2,2,3,2,2,3,2,3,2,2,2,2,2,3,3,2,3,2,3,2,2,,0,2,3,3,2,3,2,2,2,3,2,2,3,2,2,2,,3,1,2,,3,3,3,3,3,2,3,2,2,2,2,,3,3,3,3,3,2,2,,3,4,4.0,2,2,3,2,2,2,3,4,2,3,3,3,3,3,2,,3,2,3,0.0,3,3,3,4,4,3,,3,,3,3,3,3,2,2,3,3,3,3,2,2,,2,3,2,3,3,,,2,2,0,2,2,2,2,,3,3,2,,2,3,3,3,2,,2,3,3,2,3,0,,3,2,3,2,3,3,3,3,3,3,2,,3,,3,3,2,2,3,3,3,3,2,3,,3,3,3,2,3,3,3,3,3,2,3,3,2,2,3,3,3,2,,2,3,3,3,3,4,3,2,2,3,,3,0,3,2,,3,3,3,3,3,5.0,,4.0,3,2,3,2,3,3,,3,,,4.0,2,2,3,3,,3,2,2,4.0,3,3,,,3,3.0,3,,3,4,,3,3,3,3,3,3,3,2,3,3,3,2,3,2,2,3,3,3,3,3,2,3,2,3,2,2,,4,2,,2,3,,,3,3,3.0,2,4,,3,3,2,3,3,4,3,2,,3,3,3,3,3,3,,2,3,2,3,,2,3,,,3.0,,3,3,3,3,3,3,,2,3,3,,,2,3,,2,,3,3,4.0,3,3,3,,3,,4,3,3,,3,2,,3,,3,5.0,,3,,3,2,2,1,3,,3,3,2,3,,,2,2,3,3,3,2,4,3,3,3,3,,3,3,3,2,3,3,3,1,3,,3,3,,3,,,3,,3,,3,3,3,3,3,3,3,2,3,3,,,,4,2,0,5.0,3,3,4,3,3,2,3,,3,,3,3,3,3,3,3,,3,3,,3,3,4,3,3,3,,,,,,4,,,2,3,,,,79,2,0.02057142857142857
2,2,1,1,1,1,1,2,1,2,2,1,1,1,2,2,2,1,2,1,2,2,2,2,2,2,3,2,2,2,2,2,2,2,3,2,2,3,2,2,2,2,2,2,1,2,1,2,2,2,3,2,3,2,2,2,1,1,1,1,3,2,1,1,1,2,2,2,2,2,2,2,3,2,2,3,3,2,2,2,2,1,2,2,1,2,2,2,2,2,2,2,2,2,2,2,2,2,2,2,2,2,2,2,3,2,2,1,2,2,2,3,3,2,2,2,2,2,2,3,2,1,3,2,2,2,2,2,2,1,2,2,2,2,2,2,3,1,1,2,2,2,1,2,2,2,2,2,3,2,2,2,2,2,2,2,2,2,2,2,1,2,2,2,2,2,1,2,2,2,2,2,2,2,1,2,3,2,2,2,2,2,3,2,2,2,2,2,2,2,2,2,2,2,2,2,2,2,2,2,2,2,3,2,2,2,2,2,2,2,2,1,2,2,2,2,2,2,2,2,3,2,2,2,2,2,2,3,2,2,2,2,2,1,2,2,2,2,2,2,2,2,2,2,2,2,2,2,2,1,2,2,1,2,0,2,2,3,2,3,3,2,2,2,2,2,2,2,2,1,2,2,2,2,2,2,3,3,2,2,2,1,1,2,2,1,0,2,2,3,2,2,2,0,2,2,2,2,2,2,2,2,2,1,2,1,2,2,2,2,2,2,2,3,2,3,2,2,2,2,2,2,2,0,2,2,2,2,3,1,3,2,2,2,2,2,2,2,2,2,2,3,2,2,3,2,2,2,3,2,2,2,2,2,2,2,2,2,2,2,1,2,1,2,3,2,1,2,2,2,3,1,2,2,1,2,2,2,3,2,2,3,3,3,3,3,3,3,2,2,2,3,3,2,3,2,3,2,3,2,2,2,2,2,1,2,2,2,1,2,2,1,1,2,4,4,3,2,2,2,1,2,2,2,2,2,2,2,2,2,2,2,2,2,2,2,3,3,2,3,2,0,3,2,2,2,2,0,2,,2,3,2,2,2,2,3,2,2,2,2,2,1,,2,3,2,2,2,2,3,2,3,1,2,3,2,3,2,3,2,1,2,2,2,2,2,2,2,2,2,3,2,2,2,2,2,3,1,2,2,2,2,2,1,2,1,3,2,2,2,2,2,2,2,2,2,2,2,3,1,2,3,3,,2,2,2,2,2,2,2,2,1,3,3,2,2,3,3,3,2,3,2,2,2,2,3,2,2,2,2,2,3,3,2,3,2,3,2,2,2.0,2,2,2,2,2,3,2,2,2,2,2,2,3,3,2,2,,2,2,2,,3,2,2,2,2,2,2,2,2,2,2,,2,2,3,2,2,2,2,,2,4,,2,2,3,2,2,2,3,3,2,3,3,2,2,3,2,,2,2,2,,2,3,3,3,3,3,,2,,3,2,3,2,2,2,2,2,3,2,2,2,0.0,2,3,2,3,3,,,1,2,2,2,1,2,2,,0,2,2,,2,2,3,3,2,,2,3,2,0,3,2,,3,2,3,2,3,2,3,3,2,2,2,,3,,3,3,2,2,3,2,3,3,2,3,,2,2,2,2,3,3,3,3,3,2,3,2,2,2,2,3,3,2,,1,3,3,3,3,3,3,2,2,3,,3,2,3,1,,2,3,3,3,3,,,5.0,3,2,3,2,2,2,,2,,,,3,3,3,3,,3,3,2,,3,2,,,2,,3,,3,3,,3,3,2,3,3,3,2,2,3,3,2,2,2,2,1,3,3,1,3,3,2,3,2,3,3,2,,3,2,4.0,2,3,,,2,2,,3,4,,3,3,2,3,3,4,3,2,,3,3,2,3,3,3,,2,3,2,2,,1,3,,,,3.0,2,3,3,3,3,3,,3,3,3,,,2,3,,1,,2,3,,3,2,3,,3,,3,2,3,,3,2,3.0,3,,2,,,3,4.0,3,2,3,3,2,,3,3,2,3,,,3,3,3,3,2,2,3,2,3,3,3,,3,3,3,2,2,3,3,3,2,,3,3,3.0,3,,,3,,3,,2,2,2,3,3,2,3,2,2,3,,,,4,2,3,,3,2,3,3,3,2,3,,3,,3,3,3,3,2,3,,3,3,,3,3,0,3,2,2,,,,,,3,,,3,2,,,,80,2,0.012528473804100227
2,2,2,2,2,1,2,2,2,3,2,2,2,2,1,2,2,2,1,2,2,2,3,2,2,2,2,2,2,2,2,3,3,3,3,2,2,3,2,2,2,2,2,3,2,2,2,2,2,3,3,2,2,1,2,2,2,2,2,2,1,2,1,2,2,1,2,2,2,2,3,3,3,2,1,3,2,2,2,2,2,2,2,2,2,2,2,2,2,2,2,2,2,2,2,2,2,3,3,2,2,2,3,2,2,2,2,2,2,3,3,3,3,1,1,2,2,2,2,3,1,2,2,2,3,2,3,2,1,1,2,2,2,0,2,2,2,2,2,2,2,2,2,2,2,2,2,2,2,2,2,2,2,2,2,2,2,1,2,2,1,2,2,2,2,2,1,1,1,2,2,2,1,2,2,3,1,1,1,1,2,1,2,1,2,3,2,2,2,2,2,2,3,3,2,2,2,2,2,2,2,1,2,2,2,2,1,2,2,2,2,2,2,3,2,2,2,3,1,2,2,2,2,2,2,2,2,2,2,2,2,0,1,2,2,2,2,2,2,3,3,2,2,2,2,2,3,3,2,1,2,2,2,2,2,2,2,2,2,2,3,2,2,2,2,2,2,3,2,2,2,2,2,3,3,2,2,2,2,2,1,2,2,1,1,2,0,3,2,2,2,2,1,3,2,2,2,2,3,3,2,2,2,1,2,2,2,0,2,2,2,2,2,2,1,2,2,2,2,3,2,2,3,2,2,2,2,2,3,1,3,2,2,2,3,3,2,2,2,2,2,2,2,1,2,2,2,1,3,2,2,2,2,2,3,2,2,2,2,3,2,2,2,2,3,2,2,2,2,2,3,2,2,2,2,2,1,1,2,2,0,2,2,2,2,1,2,2,2,2,2,2,2,2,2,2,2,2,2,2,2,2,2,2,2,2,2,3,2,2,2,2,2,2,4,3,3,2,2,2,1,2,2,2,2,2,1,2,3,2,2,2,3,3,2,2,3,3,2,3,1,2,2,2,2,2,2,2,2,,2,3,2,2,2,2,3,2,2,2,2,3,2,,2,2,2,2,2,2,3,3,3,2,2,3,3,3,2,3,2,2,2,2,2,2,2,3,3,2,2,2,2,2,2,2,2,2,2,2,3,2,3,3,2,2,2,3,3,2,3,2,3,2,2,2,3,3,2,3,2,3,3,2,,2,2,2,3,2,3,2,3,2,3,3,3,1,3,2,3,2,2,2,2,2,2,2,2,2,2,2,3,3,2,3,2,2,3,2,2,,1,2,2,3,3,3,2,2,3,2,2,2,2,2,2,2,,3,2,2,,3,2,3,3,2,2,3,2,3,2,3,,3,3,3,3,2,2,2,,3,3,,2,2,3,2,2,3,3,3,2,3,3,3,2,3,2,,3,1,3,,2,3,2,0,3,3,,3,,3,3,3,3,2,2,3,2,3,3,3,3,,2,3,2,2,1,,,2,2,3,2,3,2,2,,0,2,2,,3,3,3,3,3,,2,3,3,2,3,3,,3,2,3,3,3,2,1,3,3,3,3,,3,,2,2,3,3,3,3,3,3,2,3,,3,3,2,3,3,3,3,3,2,2,3,3,3,2,2,2,3,2,,2,3,3,2,0,4,2,2,2,0,,2,2,3,2,,2,3,2,3,3,,,,2,3,3,3,3,3,,3,,,,2,3,2,3,,3,3,2,,3,2,,,2,,3,,3,4,,3,2,2,3,3,2,3,2,3,3,2,2,3,3,2,2,3,2,3,3,2,3,1,3,2,3,,3,3,,2,3,,,3,2,,2,3,3.0,4,3,2,2,3,4,2,2,,2,3,3,3,2,2,5.0,2,3,2,2,,2,3,,,,,3,3,3,3,2,3,,2,3,3,,,3,3,,2,3.0,2,3,,3,3,3,,3,,3,2,3,,2,2,,3,,2,,,3,,2,3,2,2,2,,3,3,2,3,,,2,2,2,3,3,2,3,3,2,3,3,,3,3,3,2,3,3,3,2,3,5.0,3,3,,3,,,3,,2,,3,2,3,3,3,3,2,2,3,3,,,,4,3,3,,3,3,4,3,2,1,0,,2,,2,3,3,3,3,2,,2,3,4.0,3,3,3,2,2,3,,,,,,3,,,2,3,,,,81,2,0.02191464821222607
2,1,2,2,2,2,2,1,2,3,2,2,2,1,2,2,2,1,2,2,2,1,3,2,2,2,2,2,2,1,2,2,1,2,2,2,2,0,2,2,2,2,2,3,2,2,2,2,2,3,2,2,1,2,2,2,2,1,1,2,2,2,2,2,2,2,2,2,2,2,3,3,3,2,1,3,2,3,2,2,2,2,1,2,2,1,1,2,2,1,2,2,2,2,2,2,1,3,2,2,2,2,2,2,2,2,2,2,2,3,3,3,2,2,2,2,2,2,2,2,1,2,2,2,2,3,2,2,2,2,2,2,2,2,3,2,2,2,2,2,3,2,2,2,3,2,0,2,2,2,2,2,2,2,2,2,2,2,2,2,1,2,2,2,2,2,2,2,2,2,2,2,2,2,2,2,3,2,3,2,2,2,2,2,2,2,2,2,2,1,2,2,2,2,2,2,3,2,3,2,3,2,3,2,2,2,2,2,2,2,2,1,2,2,2,2,3,3,2,2,2,1,2,2,2,2,2,2,2,2,2,2,2,2,2,2,2,2,2,3,2,3,2,2,2,2,3,3,2,2,2,2,1,2,2,2,2,2,2,2,2,2,2,2,2,2,2,3,2,2,3,1,2,2,2,2,3,2,2,2,2,2,2,2,2,1,2,2,2,3,2,2,2,3,2,2,2,2,2,2,2,2,2,2,0,1,2,2,2,2,2,2,2,2,2,2,1,2,2,3,2,2,2,2,3,2,2,2,3,2,3,2,2,2,3,3,2,2,1,2,2,2,2,2,3,2,2,2,3,2,2,2,2,2,3,2,2,2,2,2,2,2,2,2,2,2,2,2,1,2,2,2,2,2,2,2,2,1,2,2,2,2,3,3,3,2,2,2,2,2,2,2,2,2,2,2,3,2,3,3,2,2,2,2,2,1,2,0,0,2,2,1,2,2,3,4,3,2,2,2,1,2,2,2,2,2,2,2,3,3,2,2,3,3,2,2,3,2,2,0,2,2,3,2,2,2,2,3,2,,2,3,2,2,2,2,3,2,2,2,2,2,2,,2,2,2,2,0,2,2,2,3,1,2,3,2,3,2,3,2,2,2,2,2,2,2,3,3,2,2,3,3,2,2,2,3,3,2,2,3,3,2,3,2,3,2,3,2,2,2,2,3,2,3,2,2,2,2,2,2,3,3,3,,2,1,3,2,2,3,2,2,1,3,3,2,0,3,3,2,2,3,2,3,2,2,3,2,2,2,2,2,3,3,2,3,3,3,3,2,,2,2,2,3,2,3,2,3,3,2,2,2,3,3,2,3,,3,2,2,,3,3,2,2,2,2,2,2,3,2,3,,3,2,3,2,3,2,3,,2,4,,2,3,3,2,2,2,3,3,2,2,3,3,2,3,2,,3,2,2,,2,3,2,3,3,3,,3,,3,3,3,3,2,2,3,3,3,2,2,3,,3,3,2,2,3,,,2,3,2,3,2,2,2,,3,2,2,,3,3,3,3,2,,2,3,2,2,2,3,3.0,4,2,3,3,3,2,2,3,2,3,3,,3,,3,3,2,2,3,2,3,3,2,3,,2,3,3,2,3,3,3,2,3,2,3,2,3,2,3,2,3,2,,2,3,2,3,3,3,2,2,2,3,,3,3,3,2,,2,4,2,3,3,,,,2,2,4,2,3,3,,3,,,,2,2,2,3,,2,2,2,5.0,3,2,,,3,,3,,3,4,,3,3,2,3,3,3,2,3,3,2,3,2,3,3,2,3,2,2,2,3,2,3,2,3,2,3,,4,2,,2,3,,,2,3,,3,4,,3,3,2,3,2,4,3,2,,3,3,2,3,3,3,,2,2,2,3,,2,3,,,3.0,,2,2,2,3,3,3,,2,3,3,,,2,3,,2,,3,3,,3,3,3,3.0,3,,3,2,3,,3,2,,3,,2,,,3,,2,2,3,3,3,,3,3,3,3,,,3,3,3,3,2,3,4,2,3,3,3,,3,3,3,2,3,3,3,3,3,3.0,3,3,,3,4.0,,3,3.0,3,,2,2,3,3,3,3,3,3,3,3,,,0.0,0,2,3,,2,3,3,3,3,2,4,,3,4.0,2,3,3,2,3,3,,3,3,,3,2,3,3,2,3,,,,,,3,,,3,3,,,4.0,82,2,0.02413793103448276
2,2,1,1,1,1,1,2,2,2,2,2,2,1,2,1,1,1,2,1,2,1,2,1,2,2,2,1,1,2,2,2,2,2,2,1,1,2,2,2,1,2,1,2,1,1,2,2,2,2,2,2,2,2,2,2,2,2,1,2,2,2,0,1,1,2,2,2,1,2,2,2,2,2,2,2,2,2,1,2,2,1,1,1,1,2,1,1,2,1,2,2,2,2,2,2,1,2,2,2,2,2,2,2,2,1,1,1,2,2,2,2,2,1,1,1,1,1,2,2,2,1,2,2,2,2,2,2,1,1,2,1,1,1,2,1,2,1,2,2,2,2,1,1,2,1,2,1,2,2,2,1,1,1,0,2,2,2,1,2,1,1,1,1,1,2,1,2,2,1,0,2,2,1,1,2,2,2,2,2,2,2,2,1,1,2,2,1,1,1,2,2,2,2,1,2,2,2,2,2,2,2,2,2,2,2,2,2,2,1,1,1,1,2,2,2,2,2,2,2,2,2,2,2,2,2,1,2,2,2,2,2,2,2,2,2,1,2,2,2,2,2,1,2,2,1,2,2,2,1,2,1,1,1,1,1,1,2,2,2,2,2,2,1,2,2,2,2,2,1,2,2,2,2,2,2,3,2,2,2,1,1,1,1,2,2,2,2,2,3,1,2,2,2,2,2,1,2,2,2,1,2,2,1,2,2,1,2,2,2,1,2,2,2,1,2,2,2,0,2,2,2,2,2,2,2,2,2,2,1,2,2,2,1,2,2,2,2,1,2,1,3,2,2,3,2,2,2,3,2,2,2,2,2,2,1,1,2,2,2,2,1,1,2,2,1,1,1,2,2,2,1,2,2,2,1,2,1,2,2,2,2,2,3,2,2,2,2,2,2,2,2,2,1,2,2,2,2,3,2,2,2,2,2,1,0,2,2,2,1,2,1,1,2,3,4,3,1,2,1,2,2,2,1,1,2,1,1,2,2,2,2,2,2,1,2,2,2,1,2,2,2,1,2,2,1,2,2,2,,2,2,2,1,2,1,2,2,2,2,2,2,2,,2,2,2,2,2,2,2,2,2,1,1,2,2,2,2,3,1,2,2,2,2,1,2,2,2,2,1,2,2,1,1,1,2,2,1,2,2,2,3,2,2,2,2,2,1,1,2,2,2,1,2,2,2,2,1,2,2,2,3,2,,2,2,2,2,2,2,1,2,1,3,2,2,1,2,2,2,1,2,1,2,2,1,2,1,2,1,2,2,2,2,2,2,2,2,2,2,,2,2,2,3,3,2,2,2,2,2,2,2,3,2,2,2,,2,2,1,,2,2,2,2,2,2,2,2,2,2,2,,2,2,2,2,2,1,2,,2,4,,2,3,2,2,2,2,2,3,2,3,3,2,2,2,2,,2,2,2,,1,3,3,3,3,3,,2,,3,2,2,2,2,2,2,2,3,2,2,2,,2,2,2,2,3,,,2,2,2,2,2,2,0,,3,2,2,,3,3,3,2,2,,2,3,2,2,2,2,,3,2,3,2,2,2,2,3,2,3,2,,2,,2,2,2,2,3,2,2,2,2,2,,2,2,2,2,2,2,2,2,2,2,2,2,2,2,2,2,2,2,,2,2,2,3,2,3,2,1,1,2,,2,2,2,2,,2,3,2,3,2,,,,2,2,3,2,2,2,,2,,,,2,2,3,3,3.0,3,2,2,,2,2,,,2,,3,,3,3,,2,3,2,2,3,2,2,3,2,3,2,2,2,2,1,2,3,2,2,2,2,3,1,2,2,2,,3,2,,2,3,,4.0,2,2,,2,3,,3,0,2,3,2,3,3,2,,2,2,2,3,3,3,,2,2,1,2,,0,2,,,,,2,2,2,3,3,3,,2,3,3,2.0,5.0,2,2,,2,,2,2,,2,2,3,,2,0.0,3,2,3,,2,2,,3,,2,,,3,,3,2,3,2,2,,2,3,2,2,,,2,2,2,3,2,2,3,2,2,2,2,,2,2,2,1,2,2,3,2,2,,3,3,,3,,,3,,2,,2,2,3,2,2,2,2,2,3,3,,,,4,1,2,,0,2,3,2,2,2,3,3.0,2,4.0,2,2,3,2,2,2,,2,2,,3,2,3,3,2,2,,,,,,3,,,3,2,,,,83,2,0.0136986301369863
2,2,1,2,1,1,1,2,3,3,2,2,2,2,2,2,2,2,2,2,2,2,3,2,2,2,3,2,2,2,2,2,3,3,2,2,2,3,3,3,2,2,2,3,2,2,2,2,2,3,2,2,3,2,2,1,2,1,1,1,2,2,2,1,2,2,2,2,2,2,2,2,3,3,1,3,3,2,2,2,2,2,1,2,2,2,2,2,2,2,3,3,2,2,2,2,2,3,3,2,2,3,2,2,2,2,2,2,2,3,3,3,3,2,2,2,2,2,2,3,2,1,2,2,2,2,2,2,2,1,2,2,2,2,2,2,2,2,2,2,2,2,2,2,2,2,3,2,2,2,2,2,2,2,2,2,2,2,2,2,1,2,2,2,2,1,2,2,2,2,2,2,1,2,2,2,2,2,3,2,2,2,3,2,2,3,0,2,2,2,2,2,2,0,1,1,2,2,2,2,3,2,3,2,2,2,2,2,2,2,2,1,2,3,2,2,3,2,2,0,2,2,2,2,2,2,2,2,2,3,2,2,2,2,2,2,2,2,2,2,2,3,2,2,2,2,3,3,3,2,2,2,1,2,2,2,2,2,2,3,3,2,2,2,3,3,3,3,2,2,2,2,2,2,3,2,3,2,2,2,1,2,2,2,2,2,2,2,2,3,2,2,2,3,2,2,2,3,2,3,2,2,2,2,2,2,2,3,2,2,2,2,2,3,2,3,2,3,2,3,2,2,3,2,2,2,2,2,3,2,3,2,3,2,3,3,2,2,2,2,2,3,2,2,3,2,2,2,3,2,3,2,2,2,3,2,2,2,3,3,3,2,2,2,2,2,2,2,2,2,3,2,2,2,2,2,2,1,3,2,2,2,3,3,3,2,3,3,2,2,3,3,3,2,2,2,3,2,3,2,2,2,2,2,2,2,3,3,2,2,2,1,1,2,4,4,3,2,2,2,1,3,2,2,1,2,2,2,3,2,2,2,2,1,2,3,3,2,2,3,2,2,3,3,3,2,3,3,2,,1,3,2,2,2,2,3,2,2,2,2,3,2,,0,3,2,3,2,2,3,3,3,2,2,3,3,3,2,3,2,2,2,1,2,3,2,3,3,2,2,3,2,2,2,2,2,3,2,3,3,3,3,3,3,3,2,3,3,2,3,2,3,2,3,2,2,2,2,3,2,3,3,2,,3,2,2,2,3,3,2,2,2,3,3,3,2,3,3,0,2,2,2,2,3,2,3,2,2,2,3,2,3,3,3,2,2,3,3,2,,2,2,2,3,3,3,2,3,3,2,2,3,3,2,2,3,,3,2,2,,3,2,2,2,3,2,3,3,3,3,2,,3,2,3,2,2,2,3,,2,4,,3,3,3,2,2,2,0,3,2,3,3,3,2,3,2,,2,3,2,,3,3,3,3,3,3,,2,,3,3,3,3,2,2,3,2,3,2,2,3,,2,3,2,2,3,,,2,3,3,3,2,2,2,,2,3,3,,3,4,3,3,3,,2,3,2,1,3,3,,3,2,3,2,3,2,3,3,2,3,3,,3,5.0,2,3,3,3,3,3,3,3,2,3,,2,2,3,3,3,3,3,3,3,2,2,2,3,2,3,2,3,3,,0,3,2,3,3,3,2,2,2,3,,2,2,3,3,,2,4,3,3,3,,,,2,3,3,2,3,3,0.0,3,,4.0,,2,3,3,3,,3,2,2,5.0,3,3,4.0,,2,,3,,3,4,,3,3,3,3,3,2,2,3,3,3,2,2,3,3,2,2,3,2,2,3,3,0,2,3,2,3,,4,2,,2,3,,,2,3,,3,3,,3,3,2,3,3,4,3,2,,2,3,2,3,2,3,,2,3,2,3,,2,3,4.0,5.0,,,2,3,3,3,3,3,3.0,2,3,3,,,3,3,0.0,2,,3,3,,3,2,3,,3,,4,3,3,,3,2,,3,,2,,,3,,3,3,3,3,2,,3,3,3,3,,,3,3,3,4,2,2,4,2,3,3,3,,3,3,3,2,3,3,3,3,3,,3,3,,4,,4.0,3,,3,,2,2,3,3,3,3,3,3,3,3,,5.0,3.0,4,2,3,,3,3,4,3,3,2,4,,3,,3,3,3,3,3,3,,3,3,,3,3,3,4,2,3,3.0,,,,,3,,5.0,3,2,,,,84,2,0.020524515393386546
2,2,2,2,2,1,2,2,2,2,2,2,2,2,2,2,2,1,2,1,1,1,2,1,2,2,2,1,1,2,2,1,1,2,2,1,2,1,2,2,1,1,0,2,1,2,2,2,1,2,2,2,2,2,2,2,2,2,1,2,2,2,1,2,2,2,2,2,2,2,2,2,2,2,1,2,2,2,2,2,2,1,1,0,1,2,1,1,2,2,2,2,2,1,2,2,1,2,2,2,2,1,2,2,2,1,1,1,2,2,2,2,2,1,1,1,1,2,2,2,0,1,2,2,2,2,2,2,1,1,2,2,2,1,2,2,2,2,2,2,2,1,1,1,2,1,2,1,2,2,2,2,2,2,2,2,2,2,2,2,1,2,2,1,2,1,1,2,1,1,1,1,2,2,2,2,2,2,3,2,2,2,3,1,2,3,2,2,2,2,1,2,2,2,2,2,2,2,2,1,2,2,2,2,2,2,2,2,2,1,2,1,1,2,2,2,2,2,2,2,2,1,2,2,2,2,2,2,2,2,2,2,2,2,2,2,2,2,2,2,2,2,2,1,2,1,2,2,2,1,2,2,1,2,2,1,1,2,2,2,2,0,2,1,2,2,1,2,2,2,2,2,2,2,2,2,2,2,2,2,1,2,1,2,2,2,2,2,2,3,1,2,2,2,2,2,1,2,2,2,2,2,2,2,2,2,2,2,2,1,2,2,2,2,2,2,2,2,1,2,2,2,3,2,2,2,2,2,2,1,2,2,2,1,3,3,2,2,0,1,2,2,2,2,3,2,2,2,3,2,3,2,2,2,3,2,2,2,2,2,2,2,2,2,2,1,2,1,2,2,2,2,1,2,2,2,2,2,2,2,2,3,3,3,2,2,3,2,2,2,2,3,2,2,3,2,3,2,3,2,2,2,2,2,2,1,2,0,2,2,2,1,2,2,3,4,3,2,2,2,1,2,2,2,1,2,2,1,2,2,2,2,2,2,1,2,2,1,1,2,2,2,2,1,2,2,2,3,2,,1,2,2,1,2,1,3,2,1,2,2,3,2,,1,3,2,2,2,2,2,2,2,2,1,3,2,2,2,3,2,2,2,2,2,2,2,3,3,2,2,2,1,1,1,1,2,2,2,2,2,2,2,2,2,2,1,3,2,2,2,2,3,2,2,2,2,2,2,2,2,2,3,2,,2,1,2,3,2,2,2,2,2,2,3,2,2,3,2,2,2,2,2,1,2,2,2,2,2,2,2,2,2,3,2,2,2,2,2,2,,2,2,2,2,2,2,0,2,3,2,2,2,3,3,2,2,,3,2,2,,2,2,2,2,2,2,2,2,3,2,2,,3,2,2,2,2,2,2,,2,4,,2,2,2,2,2,1,2,3,2,3,3,3,2,2,2,,2,2,3,,2,3,3,3,3,3,,3,,3,2,3,3,2,1,2,2,3,2,2,2,,2,2,2,2,3,,,2,2,2,2,2,2,2,5.0,2,2,2,,2,3,2,2,3,,2,3,2,2,2,2,,3,2,3,2,2,2,2,3,2,2,3,,2,,2,2,2,2,3,3,3,3,2,2,,2,3,2,2,2,2,3,2,2,2,2,2,2,2,3,2,3,2,,2,2,2,3,3,3,2,2,2,2,,2,2,2,2,,2,2,2,3,3,,,,2,2,3,2,2,2,,2,,,,2,2,3,3,,0,2,2,,3,2,,,2,3.0,2,,3,4,,2,3,2,3,2,2,2,3,3,3,2,2,2,2,2,2,3,3,2,2,2,3,1,2,2,2,,4,2,,2,2,,,2,2,,2,3,,3,3,2,3,2,3,2,2,,0,3,3,3,3,3,,2,3,1,2,,2,2,,,,,3,2,2,3,3,3,,2,3,3,,,2,2,,2,0.0,2,2,,2,3,3,,3,,3,2,3,5.0,2,2,,3,,2,,,3,,2,3,3,2,2,,3,3,2,2,,,2,2,2,3,3,2,4,2,2,3,3,,3,3,2,1,3,3,3,2,3,,3,2,,3,5.0,,3,,3,,2,2,2,2,2,2,2,2,2,3,,,,4,2,2,,3,3,3,3,2,2,3,,2,,2,3,2,2,1,2,,2,3,3.0,2,2,3,3,2,3,,4.0,,,,3,,,3,3,,,,85,2,0.012542759407069556
2,2,1,2,1,2,1,3,3,3,2,2,3,2,2,2,2,2,2,2,2,2,2,2,2,1,2,1,2,2,2,2,2,1,2,1,2,2,1,1,1,1,2,3,2,2,2,1,1,3,3,1,3,2,2,2,1,2,2,2,3,2,2,1,2,1,2,3,3,3,3,3,3,3,3,2,0,3,3,2,2,2,2,2,2,2,2,2,2,1,3,2,2,2,2,2,1,3,3,3,2,2,2,3,3,2,2,2,3,3,3,3,3,1,1,2,2,3,2,2,3,2,3,2,3,3,2,2,1,2,2,2,2,2,3,1,2,2,2,2,2,2,2,2,3,2,3,3,3,3,3,1,2,3,2,2,3,2,2,2,2,3,2,2,2,2,2,2,2,2,2,1,2,2,2,3,2,2,3,2,2,2,3,2,2,3,3,3,3,3,2,2,2,2,2,2,2,2,2,2,2,2,3,2,2,2,2,2,2,1,2,2,2,2,2,2,3,3,3,3,2,3,3,3,3,3,2,3,3,2,2,2,2,2,2,2,2,2,2,2,3,3,2,2,2,1,3,3,3,2,3,2,2,3,2,2,2,3,2,2,2,2,3,1,0,2,2,3,3,2,3,2,2,2,3,2,3,3,2,3,1,2,2,2,2,2,2,3,3,3,2,2,2,3,2,3,2,3,3,2,2,2,2,2,2,1,2,2,2,3,3,3,3,3,3,3,2,3,1,3,2,2,2,2,2,2,2,2,3,2,3,3,3,1,3,3,1,2,2,2,2,3,2,3,3,3,2,3,3,3,3,3,2,3,3,2,3,2,2,2,2,2,2,2,3,2,2,2,3,2,0,2,3,2,3,2,3,2,3,2,3,3,3,3,3,3,3,3,2,3,3,3,3,2,3,3,3,3,3,3,2,2,3,3,2,2,2,3,2,0,3,2,1,2,2,3,3,1,2,2,2,2,2,1,2,2,2,2,2,3,2,3,3,3,2,2,3,2,2,3,2,2,2,1,2,2,3,2,2,,2,3,3,3,3,1,3,2,2,3,2,2,3,,2,3,3,3,3,2,2,3,3,2,2,3,3,3,3,3,3,2,2,2,3,2,2,3,3,2,2,3,2,2,2,2,3,3,2,2,3,3,3,3,2,3,2,3,3,3,3,3,3,3,3,2,2,2,2,3,1,3,4,3,,2,2,2,2,3,3,2,2,1,3,3,3,3,3,3,3,2,3,2,3,2,2,2,3,3,3,3,2,3,3,3,2,2,3,3,2,,2,3,2,3,3,3,3,3,3,2,2,3,2,3,2,2,0.0,3,2,3,,3,3,2,2,2,3,2,3,3,2,3,,3,3,3,2,3,2,3,,2,4,3.0,2,3,2,2,3,2,3,4,2,3,3,3,2,3,3,,3,3,2,,3,3,3,3,2,4,,0,,3,3,2,3,3,3,3,2,3,3,3,3,,3,2,2,2,3,,,3,3,3,3,2,3,2,,3,3,3,,3,3,3,3,3,,3,4,2,2,2,3,,3,3,3,3,3,3,3,3,2,3,3,,3,,3,3,3,3,4,3,3,4,3,3,,3,2,3,3,3,2,3,3,2,3,3,3,3,3,3,2,3,3,,2,3,3,3,3,3,3,3,3,3,,0,3,2,3,,3,3,3,4,3,,,,3,3,4,3,3,3,,3,,,,2,3,3,4,,4,3,3,,3,3,,,3,5.0,3,,3,4,,3,3,3,2,3,3,2,3,3,3,3,2,3,3,1,3,4,2,2,3,2,3,2,3,2,3,,4,2,,3,3,,,2,3,,3,4,,4,0,3,4,3,4,3,0,,2,3,3,3,3,3,,3,3,2,3,,2,2,,,,,2,3,3,3,3,3,3.0,3,3,3,,,2,2,,2,2.0,3,2,,3,2,3,,3,,3,2,4,,2,2,,3,,2,,,4,,3,3,3,2,2,,4,3,3,2,,,2,2,2,3,2,3,4,2,0,3,3,,3,3,3,2,2,3,4,3,3,,3,3,,3,,,1,,3,,2,2,3,3,2,3,3,3,3,4,,,,5,2,3,,4,3,3,4,2,2,4,,3,,1,3,3,3,3,1,,2,2,,3,3,3,3,2,2,,,,,,3,,,3,2,,,,86,2,0.023094688221709007
1,2,2,2,2,2,2,2,2,2,2,2,2,1,1,2,2,2,2,2,2,2,3,2,2,2,2,2,2,2,2,2,3,2,3,2,2,2,2,2,2,2,2,2,2,2,2,2,2,2,2,1,2,2,2,2,2,2,2,3,2,2,1,2,2,0,2,2,2,2,2,2,3,2,2,2,3,2,2,2,2,1,2,2,1,2,1,1,2,2,1,2,2,2,1,2,2,2,2,2,2,2,3,2,2,1,2,1,2,2,2,2,2,2,2,2,2,2,2,3,2,1,2,2,2,2,3,2,1,1,2,2,2,1,2,2,2,2,2,2,2,2,2,2,2,2,2,2,2,2,2,2,2,2,2,2,2,2,2,2,1,2,2,2,2,2,1,2,1,1,2,2,1,2,2,3,1,1,2,2,2,2,2,1,2,3,2,2,2,2,2,2,3,3,2,3,2,1,2,1,1,2,2,2,1,2,1,2,2,2,2,2,1,2,2,2,2,2,2,2,2,2,2,2,3,2,2,2,2,2,2,2,1,2,2,3,2,2,2,2,3,2,2,2,2,2,2,2,2,2,2,2,2,2,2,2,2,1,2,2,3,2,2,2,2,2,2,3,2,2,2,2,2,3,2,2,2,2,2,2,1,2,1,2,2,2,2,2,2,2,2,2,2,2,2,1,2,2,3,3,2,2,2,2,2,2,2,2,2,2,2,2,2,2,2,3,2,2,2,2,1,2,2,2,2,1,2,2,1,1,3,2,2,2,3,3,2,2,2,2,1,3,2,2,2,2,2,2,3,2,2,2,2,2,3,2,2,1,1,3,2,2,1,2,2,2,2,2,2,2,3,2,2,2,2,2,2,1,2,2,2,2,2,2,2,2,2,2,2,2,2,2,2,2,2,2,2,2,2,2,2,2,2,2,2,2,2,2,2,1,2,2,2,2,4,4,3,2,2,2,2,2,2,2,2,2,2,2,2,2,1,2,2,2,1,2,3,3,2,3,2,2,2,2,2,2,2,2,2,,1,3,2,2,2,3,3,2,2,0,2,3,2,,2,3,2,2,2,2,2,2,3,2,2,3,2,2,0,3,2,2,2,2,2,2,1,2,2,2,2,2,2,1,1,2,2,2,1,2,2,2,3,2,2,2,2,3,2,2,2,3,3,2,2,1,3,3,2,2,2,2,3,2,0.0,2,2,3,3,2,3,2,3,2,2,2,2,2,3,2,2,2,2,1,0,2,2,2,2,2,2,2,2,2,2,2,2,2,3,2,2,,2,2,2,2,3,3,1,2,3,3,2,2,2,2,2,2,,3,2,2,,3,0,2,3,2,2,2,2,3,0,2,,2,2,2,3,1,2,2,,3,4,,2,2,3,2,2,2,3,3,2,2,3,3,3,3,2,,2,2,3,,2,2,3,3,3,3,,3,,3,2,3,3,2,2,3,2,3,3,2,2,,2,2,2,2,2,,3.0,2,2,2,2,2,2,2,,3,2,2,,3,3,2,3,2,,2,3,3,2,3,2,5.0,3,2,3,3,2,1,3,3,3,3,2,,3,,2,2,2,2,3,2,3,3,2,3,,2,3,3,2,3,3,3,3,3,2,3,3,2,2,3,0,3,2,,3,3,3,3,3,4,2,2,2,2,,2,2,2,2,,2,3,3,2,3,,,,2,2,3,2,3,2,0.0,2,,,,1,2,3,3,,3,3,3,,2,2,,,2,3.0,2,,3,4,,2,3,2,3,3,2,3,2,3,3,3,2,3,2,2,1,3,3,3,2,2,3,1,3,2,3,,4,3,,2,3,,3.0,3,3,,2,3,,3,3,2,3,3,4,3,3,,3,3,3,3,2,3,,3,3,2,2,,2,3,,,,,3,3,3,3,3,3,,2,3,3,,,2,3,,2,,2,3,,3,3,3,,3,4.0,3,2,3,3.0,3,2,,3,,2,,4.0,3,4.0,3,3,1,2,2,,3,3,2,2,,,2,1,3,3,3,2,4,3,3,3,3,,3,3,3,2,3,3,3,2,3,,3,3,,3,,,2,,2,,3,2,3,3,3,2,2,2,3,3,,,,4,2,3,,3,3,4,3,2,2,3,,2,,3,3,3,3,3,3,,3,3,,3,3,3,3,3,3,,,,,,3,2.0,,0,3,,,,87,2,0.021764032073310423
2,2,2,2,2,2,2,2,2,3,1,2,2,2,2,2,1,2,2,2,2,1,2,2,2,2,3,2,2,2,2,1,2,2,2,2,0,2,2,2,2,2,1,3,2,2,2,2,2,2,2,2,3,2,2,2,2,2,2,2,2,2,1,2,2,2,2,2,2,2,2,2,2,2,2,2,3,2,2,2,1,2,1,1,1,2,1,2,2,2,2,2,2,1,2,2,2,2,2,2,2,2,2,2,2,1,1,1,2,2,2,2,2,2,2,2,2,2,2,3,3,1,3,2,2,2,2,2,1,1,2,2,2,2,2,2,2,2,2,2,2,2,1,0,2,2,2,2,2,2,2,2,2,2,2,1,2,2,2,2,1,2,2,2,2,2,1,2,2,2,2,2,1,2,0,3,2,2,3,2,2,2,2,1,1,3,2,0,2,2,2,2,3,2,2,2,2,2,2,2,2,2,3,2,2,2,2,2,2,2,2,2,1,2,2,1,2,2,2,2,2,2,2,2,2,2,2,2,2,2,2,2,2,2,2,2,2,2,2,3,2,3,2,2,2,2,3,3,2,1,2,2,2,2,2,2,1,3,2,2,2,2,2,2,2,3,3,3,2,2,2,2,2,3,2,2,3,3,2,2,2,2,1,1,2,2,2,2,2,3,2,2,2,2,2,2,2,2,2,2,1,2,2,2,2,2,2,3,2,2,2,2,2,3,2,3,2,2,2,2,2,2,3,2,2,2,2,2,2,1,3,2,3,2,3,3,2,2,2,2,2,3,2,2,3,2,2,2,3,3,3,2,3,2,3,2,2,1,2,3,3,2,2,1,2,1,1,2,2,3,3,2,2,2,3,1,2,2,2,1,2,2,3,3,2,2,3,2,2,2,2,3,2,2,2,2,3,2,3,2,2,2,3,2,2,1,3,2,2,2,2,1,2,2,4,4,3,2,2,2,1,2,2,2,1,2,2,2,2,2,2,2,2,2,1,3,0,2,1,3,2,2,2,2,2,2,2,2,2,,2,3,2,2,2,2,3,2,2,1,2,3,2,,2,2,2,2,2,2,2,2,3,1,2,0,2,2,2,3,1,2,2,2,2,2,2,3,3,2,2,3,2,2,2,2,2,3,2,2,3,3,3,3,2,2,2,3,2,2,2,2,2,2,2,2,3,3,2,2,2,2,3,3,,3,2,3,3,2,2,2,3,2,3,3,2,2,3,3,2,2,2,2,2,2,2,3,2,2,2,2,2,2,3,2,3,2,3,2,2,,2,2,1,3,3,3,2,2,3,2,2,2,3,3,2,2,,3,2,2,,3,0,2,3,2,0,2,2,3,2,2,,2,2,2,3,2,2,2,,3,4,,2,3,3,2,2,2,3,3,2,3,3,3,3,3,3,,2,2,3,,2,3,3,4,3,3,,3,,3,2,3,3,2,2,3,3,3,3,2,2,,2,3,2,2,3,,,2,2,2,2,2,2,2,,3,1,2,,3,3,3,2,2,,2,3,3,2,2,2,,3,2,3,2,3,2,3,3,3,3,3,,2,,2,2,3,2,3,2,3,3,1,2,3.0,2,3,2,3,3,3,3,3,3,2,2,2,3,2,3,2,3,2,,2,2,3,3,3,4,3,2,2,3,,3,2,3,2,,2,3,2,2,3,,,,3,2,3,2,3,2,,2,,,,3,2,3,3,,4,3,2,,3,2,,,2,,3,,3,4,,2,3,2,3,3,2,3,3,3,3,3,2,3,2,2,2,3,2,3,3,2,3,2,3,2,3,,4,3,4.0,2,3,4.0,,3,2,,3,3,,3,3,2,3,3,4,3,3,,3,3,3,3,3,3,,2,2,2,2,,2,2,,,,,3,0,3,3,3,3,,3,3,3,,,2,3,,2,,2,3,,2,3,3,3.0,2,,3,2,3,,3,2,4.0,3,,2,,3.0,3,4.0,3,3,3,3,2,,3,0,3,2,,,3,3,3,4,3,3,3,3,3,3,3,,3,3,3,1,3,3,3,2,3,,3,2,,4,,,3,,3,,3,2,3,3,3,2,3,3,3,3,,,5.0,4,2,3,,3,3,2,3,3,2,4,,3,,3,3,3,3,3,3,4.0,3,3,,3,2,3,3,3,3,,,,4.0,,3,,,3,3,,,,88,2,0.018285714285714287
2,2,2,2,2,2,2,2,2,2,2,2,2,2,2,2,2,2,2,2,2,2,2,1,2,2,2,1,1,2,1,1,1,1,2,1,1,2,2,1,2,1,2,3,2,2,2,2,1,3,2,1,2,2,2,2,2,2,2,2,2,2,1,2,1,2,2,2,2,2,2,2,3,2,2,1,2,2,2,2,2,2,1,2,2,2,1,2,2,2,2,2,2,1,2,2,1,2,2,2,2,2,3,2,2,1,1,1,2,2,3,3,3,1,1,1,1,2,2,2,2,1,2,1,2,2,2,2,1,1,2,2,2,1,2,2,2,1,0,2,2,2,1,2,2,2,2,2,2,2,2,1,2,2,2,2,2,1,2,2,1,2,2,2,2,0,1,1,2,1,1,2,2,2,2,2,2,2,2,2,0,2,2,1,2,3,2,2,2,2,2,2,3,2,2,2,2,2,1,2,2,2,2,2,2,2,2,2,2,2,2,2,1,2,2,2,2,2,2,2,2,2,2,2,2,2,2,2,2,2,2,1,2,2,2,2,2,2,2,3,3,3,2,2,2,1,2,3,2,1,2,2,2,2,1,2,1,2,2,2,3,1,2,2,2,2,2,3,2,2,2,2,2,3,2,2,3,1,1,2,1,2,2,2,2,2,2,2,2,2,2,2,2,2,2,2,2,2,0,2,2,1,2,2,2,2,2,2,2,2,2,2,2,3,2,3,2,2,2,2,2,2,2,2,2,2,2,2,2,1,2,2,3,1,3,3,2,1,1,2,1,3,2,2,2,2,1,2,3,2,2,2,2,2,3,2,2,2,2,2,2,1,1,1,2,1,1,0,2,2,2,2,2,2,2,2,2,2,2,2,2,2,2,3,2,0,2,2,2,2,2,2,2,1,2,1,2,2,3,2,2,2,2,2,2,2,2,2,2,1,2,2,2,2,3,4,3,1,2,1,1,1,2,2,2,2,2,1,2,2,2,2,3,2,1,2,2,2,1,2,2,2,2,2,2,2,2,2,2,,2,2,2,2,2,2,3,2,2,2,2,3,2,,2,3,0,2,2,2,2,2,3,1,2,3,3,3,2,3,2,2,2,2,2,2,1,2,1,2,2,2,2,2,1,2,2,2,2,2,3,3,3,3,2,2,2,3,2,2,2,2,2,2,3,2,3,3,2,2,2,2,3,2,,2,2,2,3,2,2,1,3,1,3,3,2,2,3,2,2,2,2,2,2,2,2,2,2,2,2,2,2,2,2,2,2,2,3,2,2,,2,2,2,3,3,3,2,2,3,2,2,2,3,2,2,2,,3,2,2,,3,3,2,3,2,2,2,2,2,2,2,,2,2,2,3,2,2,2,,3,4,,2,3,2,2,2,2,3,3,2,3,3,3,3,3,2,,2,2,3,,2,3,3,3,3,3,,3,,3,2,3,2,2,2,2,2,3,3,2,2,,2,2,2,2,3,,,2,2,2,2,2,2,2,,3,2,2,,3,2,3,3,2,,2,3,3,1,2,2,,0,2,3,2,3,2,3,3,2,3,3,,2,,2,2,3,2,3,3,3,3,2,3,,2,3,2,2,2,2,3,2,2,2,3,3,3,2,2,2,3,2,,3,3,2,3,3,4,3,2,2,2,,2,2,2,2,,2,3,3,3,3,,4.0,,3,2,3,2,3,2,,2,,,,2,2,3,3,,3,2,2,,2,2,,,2,,3,,3,4,,3,3,2,2,2,2,3,3,3,3,3,2,2,2,2,2,3,2,2,3,2,3,1,3,2,3,,3,2,,2,3,,,3,2,,3,3,,3,3,2,3,3,4,2,2,,2,2,3,3,2,3,,2,2,2,2,,2,2,,,,,3,3,2,3,3,3,,3,3,3,,,2,0,,2,,2,2,,3,3,3,5.0,3,,3,2,3,3.0,2,2,,3,,2,,5.0,3,,3,2,3,0,2,,3,3,3,2,,,2,2,2,3,3,2,3,3,2,2,3,5.0,3,3,3,1,3,3,3,2,3,,3,2,,3,3.0,,3,5.0,3,,3,2,3,3,2,2,2,2,3,3,,,,4,2,3,,3,3,3,3,2,2,4,,2,,2,3,2,2,2,2,2.0,2,3,,3,2,3,3,2,3,,,,5.0,,3,,,3,3,,,,89,2,0.017142857142857144
2,2,2,2,2,1,2,2,2,2,2,2,2,1,1,2,2,1,2,1,2,1,2,1,2,2,2,2,1,2,1,2,2,2,1,1,2,2,2,2,2,1,2,3,1,2,2,2,2,2,2,2,2,2,2,2,2,2,2,2,2,2,1,2,1,1,2,2,2,2,2,2,2,2,2,1,2,2,2,2,2,2,1,1,2,2,1,1,2,1,2,2,1,1,2,2,2,2,2,2,2,2,2,2,2,1,1,1,2,3,2,3,3,1,1,1,1,2,2,2,2,1,2,2,2,2,2,2,1,1,2,2,1,1,2,2,1,2,2,2,2,2,1,2,1,2,2,2,2,2,2,2,1,2,2,2,2,2,2,2,1,2,2,2,2,0,1,1,1,1,1,2,1,2,2,3,2,2,2,2,1,2,2,1,2,3,1,2,2,2,2,2,2,3,2,2,2,2,1,2,2,2,2,2,2,2,2,2,2,2,2,1,1,2,2,2,2,2,2,2,1,2,2,2,2,2,1,2,2,1,2,1,2,1,2,2,2,2,2,2,2,2,2,2,2,1,2,2,2,1,2,2,2,2,1,2,1,2,1,2,2,2,2,2,2,2,2,3,2,2,2,2,2,2,2,1,2,2,2,2,1,2,1,1,2,2,2,2,1,2,1,2,2,2,2,2,2,2,2,3,2,2,2,1,2,2,1,2,2,2,2,2,2,2,1,3,2,2,2,2,2,2,2,2,2,2,2,2,2,1,3,2,2,1,3,3,2,2,1,2,1,3,2,2,2,2,2,2,3,2,2,2,2,2,3,2,2,2,2,2,2,1,1,1,0,1,2,1,2,2,2,2,2,2,0,2,2,2,2,2,2,2,3,3,2,2,2,2,2,2,2,2,2,1,2,2,3,2,3,2,2,1,2,2,2,1,2,2,2,2,2,2,2,2,3,3,3,1,2,2,1,2,2,2,2,2,0,1,2,2,2,1,2,0,0,2,3,2,2,2,1,1,2,2,2,2,2,2,2,,1,3,2,2,2,2,2,2,1,2,2,2,2,,2,2,2,2,2,2,2,2,3,2,2,3,2,2,2,3,2,2,2,2,2,2,1,3,3,2,1,2,2,1,2,2,2,2,2,2,2,2,2,2,2,2,1,3,2,2,2,2,2,2,2,2,2,2,1,2,2,2,3,2,,2,2,2,2,2,2,1,2,1,2,2,2,2,2,2,2,2,2,2,2,2,2,2,2,2,1,2,2,2,2,2,2,2,2,2,2,,2,2,2,2,3,2,2,2,3,2,1,2,2,2,2,2,,2,2,2,,2,2,2,3,2,1,2,2,3,2,2,,3,2,2,2,2,2,2,0.0,2,4,,2,2,2,2,2,2,3,3,2,3,3,3,2,2,2,,2,2,3,2.0,2,3,3,3,3,3,,3,,3,2,3,2,2,2,2,2,3,3,2,2,,2,2,2,2,3,4.0,,2,2,2,2,2,2,2,,2,2,2,,2,3,3,3,2,,2,3,3,2,2,2,,0,2,3,2,2,2,2,3,2,2,2,,3,,2,2,2,2,3,3,3,3,2,3,,2,3,2,2,2,3,2,2,2,2,3,2,2,2,2,2,3,2,,2,3,3,3,3,3,2,2,2,2,,2,2,2,2,,2,3,2,3,3,,,,2,2,3,2,3,2,,2,,,,2,2,3,3,,3,3,2,,2,2,,,2,,2,,3,4,,2,2,2,3,2,2,3,3,3,3,0,2,2,2,2,2,3,2,2,3,2,3,1,3,2,2,,3,3,,2,2,,,3,2,,2,3,,3,3,2,3,3,3,2,2,,2,3,3,3,3,3,,2,3,1,2,,2,2,,,3.0,,3,3,3,3,3,2,,2,3,2,,,2,2,,2,,2,2,,2,3,3,,3,,3,2,3,,2,2,,3,,2,,,3,,3,2,3,2,2,,3,3,2,2,,,2,2,2,3,3,2,3,2,2,3,3,,3,3,3,2,3,3,3,2,3,,3,2,,3,,,3,,3,,2,2,3,3,2,2,2,2,3,3,,,,4,2,3,,3,3,4,3,2,2,3,,2,,2,3,2,0,2,2,,2,3,,3,2,3,3,2,3,,,,,,3,,,2,3,,5.0,,90,2,0.01722158438576349
2,2,2,2,2,1,2,1,2,2,2,2,2,1,2,2,2,2,2,1,2,2,3,2,2,2,3,2,2,2,2,2,2,2,2,2,2,3,2,2,2,2,2,1,1,2,2,2,3,2,2,2,2,2,3,2,2,2,2,3,2,2,1,2,1,1,2,2,2,2,2,2,3,3,2,3,3,2,2,2,2,2,2,1,2,3,1,2,2,2,2,3,2,1,2,2,2,0,0,1,1,1,1,2,3,2,2,2,2,3,3,3,3,2,2,2,2,2,2,3,2,1,3,2,1,1,2,2,2,1,2,2,2,2,2,2,3,2,3,2,2,2,2,2,2,2,2,2,3,2,3,2,1,2,2,2,2,2,2,2,2,2,2,2,2,2,2,2,2,2,2,2,2,2,2,3,0,2,2,2,2,2,3,2,2,1,2,2,2,2,2,2,2,3,2,2,2,2,2,2,2,2,3,2,2,2,2,2,2,2,2,2,2,2,1,2,2,2,2,2,3,2,2,2,3,2,2,2,2,2,2,2,1,2,2,2,2,2,1,2,3,2,2,2,2,2,2,2,3,2,3,2,2,2,1,2,2,2,2,2,3,2,2,2,2,2,2,2,2,2,2,2,2,2,2,1,3,2,2,2,2,2,2,2,2,2,2,3,2,3,2,2,1,2,2,2,2,2,3,3,1,2,2,2,2,2,2,3,2,2,2,3,2,3,2,3,3,3,2,3,2,2,2,1,0,2,2,2,3,2,3,2,2,2,3,2,2,2,2,3,2,3,2,2,3,2,2,3,3,2,2,2,2,1,2,2,2,2,2,2,2,2,2,2,2,2,2,2,2,3,3,1,2,2,2,2,3,2,3,2,2,2,3,3,3,3,3,3,3,2,2,3,3,2,3,2,3,2,3,2,2,2,3,3,1,1,2,2,2,2,2,2,2,1,4,4,3,2,2,2,2,2,2,2,2,2,2,2,3,2,2,2,2,0,1,2,3,3,2,3,1,2,3,2,2,2,3,2,3,,1,2,2,2,3,2,2,2,0,2,2,2,2,,2,3,1,2,3,3,3,3,3,2,2,3,3,3,2,3,2,2,2,2,2,3,1,3,2,2,2,3,2,2,2,2,2,2,2,0,2,1,2,2,2,2,2,3,2,2,2,2,3,2,3,1,2,2,2,3,2,2,3,2,,2,2,2,2,2,3,2,3,1,2,3,0,2,3,3,2,2,2,2,2,3,2,3,2,2,2,2,2,3,3,2,3,2,3,3,3,,2,2,3,2,2,3,2,2,2,3,2,2,3,3,2,3,,2,2,2,,3,3,2,3,3,2,2,2,2,2,2,,3,3,3,3,2,1,2,,3,4,,2,2,3,3,2,2,3,3,2,3,3,1,3,2,3,5.0,2,3,3,3.0,2,3,3,4,3,3,,3,,3,2,3,1,3,2,3,2,3,3,2,2,,2,3,2,2,3,,,2,2,3,2,2,2,2,,3,3,2,,2,3,3,3,2,,2,3,3,2,3,2,,3,2,3,2,3,2,3,3,3,2,2,,3,,2,2,2,1,2,3,3,3,2,3,,3,3,2,2,3,3,3,3,3,2,3,3,3,2,2,3,3,2,,3,3,3,3,3,3,3,2,2,0,,3,2,3,2,,2,3,2,3,3,,,,3,2,3,2,1,3,,2,,,,1,3,3,3,,3,3,3,5.0,3,3,,,2,5.0,3,,3,3,,2,3,3,2,3,3,3,2,3,3,2,2,3,3,2,2,3,2,3,3,2,3,2,3,2,2,,3,3,,2,3,,,3,2,,2,3,,3,3,2,3,3,4,3,3,5.0,3,3,3,3,2,3,,3,3,2,3,,2,3,,,,5.0,3,3,3,3,3,3,,3,3,3,,,3,3,,3,,3,3,3.0,3,3,3,,0,,3,2,3,,3,2,,3,,2,,,3,3.0,3,3,3,2,3,,3,2,2,2,,,3,2,3,3,3,2,3,3,3,2,3,5.0,3,3,2,2,3,3,2,2,2,,3,3,,3,,,3,,3,,3,2,3,3,3,3,3,2,3,3,,,5.0,4,2,3,,3,3,4,3,3,2,3,,3,,3,3,3,3,2,3,,3,3,,3,3,3,4,2,3,,,,,,3,,,2,3,,5.0,,91,2,0.024110218140068886
2,1,2,2,2,2,2,2,2,2,2,2,2,1,2,2,2,2,2,1,2,2,2,2,2,1,2,2,2,2,1,2,1,2,2,2,2,2,2,2,2,2,2,3,2,2,2,2,1,2,2,2,2,2,2,2,2,2,1,2,2,2,1,2,1,2,2,2,2,2,2,2,2,1,1,1,2,2,2,2,2,2,1,1,1,2,1,1,2,1,2,2,2,2,2,2,1,2,2,2,2,2,2,2,2,1,1,1,2,2,2,3,3,2,1,1,2,2,2,2,2,1,3,2,2,2,2,2,2,2,2,2,2,2,1,1,2,2,2,2,2,1,1,2,2,2,2,2,2,2,2,2,2,2,2,2,2,2,2,2,1,2,2,2,2,0,1,1,2,2,2,2,2,1,2,3,3,2,2,2,2,2,3,2,2,3,1,2,2,2,2,2,3,2,2,2,2,2,2,2,2,2,3,2,2,2,2,2,2,2,2,2,1,2,2,2,2,2,2,2,2,2,2,1,2,2,2,2,2,2,2,2,2,2,2,2,2,2,2,3,3,3,2,2,2,2,2,3,1,1,2,2,2,2,2,2,2,3,2,0,2,2,2,2,2,2,2,3,0,2,2,2,2,2,2,2,3,2,2,2,1,2,1,2,2,2,2,2,2,2,2,2,2,2,2,2,2,2,2,3,1,1,2,2,2,2,2,2,2,2,2,2,2,2,2,3,2,2,2,2,2,2,2,2,2,2,2,2,2,2,2,2,2,1,3,3,2,2,2,2,1,2,2,2,3,2,2,2,3,2,2,2,2,2,3,2,2,2,2,2,2,2,1,2,2,2,1,2,2,2,2,2,0,2,2,2,2,2,3,2,2,3,3,3,3,2,3,2,2,2,2,3,3,2,2,2,3,2,3,2,2,2,3,3,2,1,2,2,2,2,2,2,2,2,3,4,3,2,2,2,2,1,2,2,2,2,2,2,2,2,2,2,2,2,1,2,3,2,2,2,2,2,2,2,2,2,2,3,2,,2,3,2,2,2,2,2,2,2,2,2,2,2,,2,3,2,2,2,2,2,2,3,2,2,0,3,3,2,3,2,2,1,2,2,2,2,2,2,2,2,2,2,2,1,2,2,2,2,2,3,3,2,3,2,2,2,3,2,2,2,2,2,1,3,2,3,3,2,2,2,2,3,2,,2,2,2,3,2,2,2,3,1,3,0,2,1,2,2,2,2,3,2,2,2,2,2,2,2,2,2,2,2,2,2,3,2,2,2,2,,2,2,2,3,2,3,2,2,3,2,2,1,3,2,2,2,3.0,2,2,2,,3,3,2,3,2,2,2,2,3,2,2,,2,2,2,3,3,2,2,,3,4,,2,3,0,2,2,2,3,3,2,2,3,3,2,3,2,,2,2,3,,2,3,3,3,3,3,,3,,3,2,3,2,2,2,2,2,3,3,2,2,,2,2,2,2,3,,4.0,2,2,2,2,2,2,2,,3,2,2,,2,3,3,3,2,4.0,2,3,3,2,2,2,,3,2,3,2,3,2,2,3,2,2,3,,2,,3,2,2,2,3,3,3,3,2,3,,2,3,2,2,3,3,2,2,2,2,2,1,2,2,2,3,3,2,,3,2,3,3,3,4,2,2,2,2,,2,2,2,2,,2,3,2,3,3,,,,2,2,2,2,3,2,3.0,2,,,,2,1,3,3,,3,3,2,,3,2,4.0,,3,3.0,3,,3,4,,2,3,2,3,3,3,3,3,3,3,3,2,2,2,2,2,3,3,2,3,2,3,1,3,2,2,4.0,3,2,5.0,2,3,3.0,,2,2,,3,3,,3,3,2,3,3,4,3,2,,2,3,3,3,3,3,,3,3,0,2,,2,2,,,,,3,3,2,3,3,3,,3,3,3,,4.0,2,3,,2,,2,2,,2,2,3,,2,,3,2,3,,2,2,4.0,3,,2,,,3,,3,2,3,2,2,,3,3,2,2,,,2,2,2,3,3,1,3,2,2,2,3,,3,3,3,1,3,2,3,2,3,3.0,3,3,,0,,,3,,3,,3,2,3,3,3,2,3,2,2,3,,0.0,,4,2,3,,3,3,4,3,3,2,3,,2,,2,3,2,2,2,2,,2,3,,3,3,3,3,3,3,,,,,5.0,3,,,3,3,,,,92,2,0.025200458190148912
2,2,2,2,2,1,2,2,2,3,2,2,2,2,2,2,2,2,2,2,2,2,3,1,2,1,1,1,1,0,1,1,1,1,1,1,1,2,1,2,1,2,2,3,2,2,2,2,2,2,0,2,3,2,2,2,3,2,2,2,2,2,2,2,1,2,2,2,2,2,3,2,3,2,1,2,2,2,2,2,2,2,1,2,1,2,2,1,2,2,3,2,3,1,2,2,2,2,3,2,3,3,2,2,2,2,2,2,2,3,2,3,3,1,2,2,1,2,2,2,2,1,3,2,2,2,3,2,2,2,2,2,2,2,2,2,2,2,3,2,2,1,2,2,2,2,3,2,3,3,2,1,2,2,2,2,3,2,2,3,2,2,2,2,2,1,2,2,2,1,2,2,2,2,2,3,2,2,3,2,2,1,2,2,2,3,2,2,2,2,2,2,3,3,2,2,3,2,2,2,3,2,3,2,2,3,3,2,2,2,2,2,2,2,2,2,2,2,2,2,2,2,2,2,2,2,2,2,2,2,2,2,2,2,2,2,2,3,3,3,3,3,2,2,2,2,2,3,3,1,2,2,2,2,2,2,2,3,2,3,2,1,3,1,2,2,2,3,2,2,2,2,2,3,2,3,3,2,2,2,2,2,2,2,2,2,2,3,2,3,2,2,2,3,3,1,2,3,3,3,2,2,2,2,2,2,2,2,2,2,2,2,2,2,2,3,2,2,2,3,2,2,2,2,3,2,2,2,3,2,2,2,3,1,0,2,2,2,2,1,2,2,2,3,3,2,2,3,3,2,3,2,3,2,3,2,2,2,3,2,2,1,2,2,2,2,2,2,2,3,2,2,2,2,3,2,2,2,2,2,2,2,3,0,2,2,2,2,2,2,2,3,2,2,2,2,3,2,3,2,2,2,3,3,2,2,3,2,2,2,3,2,2,3,3,4,3,1,3,2,2,2,2,2,2,2,2,1,2,2,2,2,2,2,2,3,3,2,0,3,2,2,2,1,2,2,1,2,2,,2,2,2,2,2,1,3,3,2,2,2,2,2,,2,3,2,3,2,3,2,2,0,2,2,3,3,3,2,3,2,2,2,2,2,2,2,3,3,2,2,3,2,2,2,2,2,3,2,2,3,3,3,3,2,3,2,3,2,2,2,2,3,2,3,2,2,2,2,3,2,3,3,3,,2,2,2,2,2,2,2,3,1,3,3,3,3,3,3,2,2,3,2,2,1,2,2,2,2,2,3,2,3,3,2,3,3,2,3,2,,2,2,3,3,3,3,2,2,3,3,2,3,3,3,2,2,,2,2,2,,3,2,3,3,1,3,1,3,2,3,2,,3,3,3,3,3,2,2,,3,4,,2,3,2,3,2,2,3,3,2,3,3,3,3,3,3,,3,3,3,,3,2,3,4,4,3,,3,,3,3,3,3,2,2,2,2,3,3,2,0,,2,3,2,2,3,,3.0,2,3,3,2,2,3,3,,3,3,2,,3,3,3,3,3,,2,3,3,2,3,3,,3,2,3,2,3,3,3,3,3,3,3,,3,5.0,3,3,3,3,3,3,3,3,2,3,,3,3,2,3,2,2,3,3,2,2,3,3,2,2,3,3,3,3,,3,3,3,3,3,3,3,2,2,3,,3,2,2,2,,2,3,3,3,3,,,,2,3,3,2,3,3,,3,4.0,,,3,3,3,3,,4,3,3,,2,3,,,2,,3,,3,3,,3,3,3,3,3,3,3,3,3,3,3,3,3,2,1,3,4,2,2,3,2,3,2,3,3,3,,4,3,,2,3,,,3,2,,3,4,,3,3,2,3,3,4,3,3,,2,3,3,3,3,4,,3,3,2,3,,2,2,,,,,3,3,3,3,3,3,,3,3,3,,,2,2,,3,,3,2,,3,3,4,,3,,3,2,3,,2,2,,3,,2,5.0,,4,,3,3,3,3,3,4.0,3,3,2,2,0.0,,2,3,2,4,3,3,4,3,2,3,3,,3,3,3,2,2,3,3,3,3,,3,3,,4,,,3,,2,,3,0,3,3,2,2,3,3,3,3,3.0,,,4,2,2,,3,3,4,3,3,2,3,,3,,2,3,3,3,2,2,,2,3,,3,2,3,0,2,3,,,,,,3,,,3,3,,,,93,2,0.016018306636155607
2,2,2,2,2,2,2,2,2,3,2,2,2,1,2,2,2,2,2,2,2,1,2,2,3,2,3,2,2,2,2,2,2,2,2,2,2,2,2,2,2,1,2,3,2,2,1,2,2,2,2,2,2,2,2,2,2,2,2,3,2,2,1,2,2,2,2,2,2,2,1,2,3,2,2,3,3,2,2,2,2,2,1,1,1,2,1,1,2,2,2,2,2,2,2,2,2,3,2,2,2,2,3,2,2,1,2,1,2,2,2,3,3,2,2,1,1,2,2,2,2,1,2,2,2,2,3,2,1,1,2,2,2,2,2,2,2,2,2,2,2,2,1,2,2,2,2,2,2,2,2,2,0,1,2,2,2,1,2,2,1,2,2,2,2,2,1,2,2,2,2,2,2,2,2,3,2,2,2,2,0,2,2,2,2,3,2,2,2,2,2,1,3,3,2,3,2,2,2,2,2,2,3,2,2,2,2,2,2,2,2,2,1,3,2,2,2,2,2,2,2,2,2,2,2,2,2,2,2,2,2,2,2,2,2,2,2,2,2,3,3,3,2,2,2,2,3,3,2,1,2,2,2,2,1,2,1,2,2,2,2,2,2,2,2,3,2,3,2,1,2,2,2,2,2,2,3,2,1,2,2,2,2,1,2,2,2,2,2,3,2,2,2,2,2,2,2,2,2,3,2,1,2,2,2,2,2,3,2,3,2,2,2,3,2,3,2,2,2,2,2,2,2,2,3,2,2,2,3,2,3,2,3,1,2,2,2,2,2,2,1,3,2,2,2,1,2,2,2,2,1,2,2,2,3,2,2,2,3,3,3,2,2,2,2,1,1,2,2,3,2,2,2,2,3,2,2,1,2,2,2,1,2,2,2,2,2,2,2,2,2,2,2,1,2,2,2,2,0,2,2,2,2,2,2,2,3,3,2,2,2,2,2,2,3,4,3,2,2,1,1,2,2,2,2,2,2,2,2,2,2,2,2,1,1,3,3,2,2,3,2,2,2,2,2,2,0,1,2,,2,3,2,2,2,2,3,2,2,2,2,2,2,,2,2,2,2,2,3,2,2,3,2,2,3,3,3,2,3,2,2,2,2,2,2,2,3,3,2,2,2,2,2,2,2,2,2,2,2,3,3,3,3,2,2,2,3,2,2,2,2,2,2,3,2,3,3,2,2,2,2,3,3,,3,2,3,3,2,2,2,3,2,3,2,2,2,3,3,2,2,2,2,2,3,2,2,0,2,2,2,2,2,0,2,3,2,3,2,2,,2,2,2,3,3,3,2,2,3,2,2,2,3,3,2,2,,2,2,2,,3,2,2,3,3,2,2,2,2,2,2,,2,2,2,3,3,2,2,,3,4,,2,3,3,2,2,2,3,3,1,3,2,3,3,3,2,,2,2,3,,2,3,3,4,3,3,,3,,3,2,3,3,2,2,2,2,3,3,2,2,,2,2,2,2,3,,,2,2,3,2,2,2,2,5.0,2,2,2,,3,2,3,3,3,,2,3,3,2,2,2,,3,2,3,2,3,2,3,3,3,3,3,,3,,3,3,2,2,3,3,3,3,2,2,,3,3,2,3,3,3,3,3,3,2,2,3,3,2,3,2,3,2,,3,3,3,3,2,4,3,2,2,3,,2,2,2,2,,2,3,2,3,3,,,,3,2,3,2,2,2,,2,,,,2,2,2,3,,3,2,2,,3,2,,,2,,3,2.0,3,3,,3,3,2,3,3,2,3,3,4,3,3,2,2,2,2,2,3,3,2,3,2,3,2,3,2,3,,4,3,,2,3,,,3,2,4.0,3,4,,3,0,2,3,3,4,3,3,,3,2,3,3,2,3,,2,3,2,2,,2,2,,,,,3,3,3,3,3,3,3.0,3,3,3,3.0,,3,3,,2,,0,2,,3,3,3,3.0,3,,3,2,4,,3,2,,3,,2,,,3,,3,3,2,2,2,,3,3,3,2,,,2,2,3,4,3,2,4,3,3,3,3,,3,3,3,2,2,3,0,2,3,,3,3,,4,4.0,,3,,2,,3,1,3,3,3,2,3,3,3,3,,3.0,5.0,4,2,3,,3,3,4,3,3,3,4,,2,,3,3,2,3,0,3,,2,2,,3,2,4,3,3,3,,,,,,4,,,3,3,,,,94,2,0.020642201834862386
1,2,2,2,2,2,2,2,2,2,2,1,2,2,2,2,2,2,2,1,2,2,2,2,3,2,3,2,2,2,2,2,3,3,3,2,2,3,3,2,2,2,2,2,2,2,2,2,2,2,3,2,2,2,2,2,2,2,2,3,2,2,1,2,2,1,2,2,2,1,2,3,2,0,1,3,3,2,2,2,2,1,2,1,2,2,1,2,2,2,2,2,2,2,2,2,2,2,2,2,1,0,2,0,2,1,1,1,2,3,3,3,3,2,2,2,2,2,2,3,2,2,1,2,2,2,2,2,2,2,2,2,2,2,2,2,3,2,2,2,2,2,2,2,2,2,2,2,2,2,2,2,2,2,2,1,2,2,2,2,1,2,2,2,2,2,2,2,2,2,2,2,2,2,2,3,2,2,2,1,2,1,2,2,2,2,2,2,2,2,2,2,3,3,2,2,3,2,3,2,2,2,3,2,2,2,2,2,2,2,2,1,2,2,2,1,2,3,2,2,2,2,2,2,2,2,2,2,2,2,2,2,2,2,2,3,2,2,2,3,2,3,2,2,3,2,2,2,2,1,2,2,2,2,2,2,1,2,2,2,2,2,0,2,2,2,2,2,2,2,2,2,2,2,3,2,2,2,1,2,2,2,2,1,2,2,2,2,2,3,2,2,2,1,2,2,2,1,2,2,1,1,2,2,2,3,2,2,2,1,2,1,2,2,2,3,1,2,2,2,2,2,2,2,2,2,2,2,2,2,2,1,2,2,3,3,2,2,2,2,2,2,1,2,2,2,2,2,3,2,2,2,2,2,2,2,2,2,1,2,2,2,0,2,3,1,2,2,2,3,3,2,2,2,2,2,1,1,2,2,1,2,3,2,2,2,2,2,2,2,2,2,2,2,2,2,2,2,3,3,2,2,2,3,2,2,2,2,2,2,2,2,2,2,4,4,3,2,2,2,2,2,2,2,2,2,2,2,2,2,2,2,3,2,1,2,3,3,2,3,2,2,3,3,2,2,2,2,2,,2,3,2,2,2,3,3,2,2,1,2,3,2,,2,2,2,2,2,3,2,2,3,2,2,0,3,3,2,3,2,2,2,2,2,2,2,3,2,2,2,3,2,2,2,2,2,3,1,2,2,2,2,2,2,2,2,3,2,2,2,2,2,2,3,2,3,3,2,2,2,2,4,3,,2,2,3,3,2,0,2,2,1,3,3,2,2,2,2,3,2,3,2,2,3,1,3,2,2,2,2,2,3,3,2,3,2,3,2,1,,2,3,2,3,2,3,2,2,3,2,2,2,3,2,2,2,,3,2,2,,3,3,2,3,3,0,2,2,2,2,2,,3,2,3,3,3,2,2,,2,4,,2,2,3,2,2,2,3,2,2,2,3,2,3,3,2,,3,3,3,,2,3,3,4,3,3,,3,,3,2,3,3,2,2,3,3,3,3,2,3,,2,3,2,2,2,,,2,2,2,3,3,2,2,,3,2,2,,3,2,3,2,2,,2,3,3,2,2,2,,4,2,3,2,3,2,2,3,3,2,2,,3,,2,3,2,2,3,2,3,0,2,3,,2,3,3,2,3,3,3,3,3,2,3,3,3,2,3,2,3,2,,2,2,3,2,3,4,2,2,2,3,,3,2,3,2,,2,3,2,3,3,,,,2,2,3,3,2,2,,2,,,,2,2,3,3,,3,3,3,,3,2,,,3,,3,,3,4,,3,3,3,3,3,2,3,2,3,3,3,2,2,3,2,3,3,3,3,3,2,3,2,3,2,2,5.0,4,3,,2,3,,,3,2,,3,4,,3,3,2,3,3,4,3,3,,3,3,3,3,2,3,,3,2,2,2,,2,3,,,5.0,,3,3,3,3,2,3,4.0,2,3,3,,,2,3,,3,,2,3,,3,3,3,,3,4.0,3,2,4,,3,2,,3,,3,,,3,5.0,0,2,2,3,3,,3,3,2,3,,,3,3,3,3,3,2,4,3,3,3,3,,3,3,3,2,3,3,3,2,3,,3,3,,3,,4.0,3,,2,,3,2,3,2,3,2,3,2,3,3,,,,4,2,3,,3,3,3,3,2,3,3,,3,,3,3,3,2,3,3,,3,3,,3,3,4,3,2,3,,,,,,4,,,3,3,,,,95,2,0.017201834862385322
2,2,2,2,1,1,2,2,2,2,2,2,2,2,2,2,2,2,2,2,2,2,3,2,2,2,2,2,2,2,2,2,2,2,2,2,2,2,2,2,2,2,2,3,1,2,2,2,2,3,3,2,2,2,2,2,2,2,1,2,2,2,1,1,1,1,2,2,2,2,2,2,3,3,2,2,2,2,2,2,2,2,1,2,2,2,1,2,2,2,2,2,2,2,2,2,1,0,2,2,2,1,2,2,2,2,2,2,2,2,3,3,3,2,1,1,2,2,2,2,2,1,3,2,2,1,2,2,2,1,2,2,1,1,2,2,0,2,2,2,2,2,2,2,2,1,2,2,2,2,2,2,2,2,2,2,2,2,1,1,1,2,2,2,2,2,1,2,2,1,2,2,2,2,2,2,2,2,2,2,2,2,3,2,2,2,2,2,2,2,2,2,2,2,2,2,2,2,2,2,2,2,3,2,2,2,2,2,2,1,1,2,2,2,2,2,2,2,2,2,2,2,2,2,2,2,2,3,2,2,2,2,2,2,0,2,2,2,1,2,1,2,2,1,2,2,3,3,2,2,2,2,1,2,2,2,1,2,2,2,3,2,2,2,2,2,2,3,2,2,2,2,2,2,3,2,2,2,2,2,2,2,1,0,2,1,2,2,2,3,2,2,2,3,2,2,2,3,2,3,1,1,2,2,2,2,2,2,2,2,2,2,2,3,2,3,2,3,2,2,2,2,2,2,2,2,2,2,2,2,3,2,2,2,3,2,2,2,2,1,2,3,2,2,3,2,2,2,3,2,3,2,2,2,2,2,2,2,2,2,2,2,2,2,3,2,1,2,2,2,2,1,2,2,2,2,2,2,3,2,2,3,3,3,3,2,3,2,2,2,2,2,2,2,2,2,3,2,3,2,2,2,3,2,1,2,2,2,2,2,2,2,2,2,3,4,3,2,2,2,2,2,2,2,2,2,1,2,2,2,2,2,2,2,1,2,3,2,2,2,1,2,2,2,2,2,2,2,2,,2,3,2,2,2,2,3,2,2,2,2,3,2,,2,3,2,2,2,2,2,2,3,2,2,3,3,3,2,3,2,2,2,2,2,2,2,3,3,2,2,3,2,2,1,2,2,3,2,2,3,2,2,3,2,2,2,3,2,2,2,2,2,2,3,2,3,3,2,3,2,2,3,2,,2,2,2,2,2,3,2,2,1,2,3,2,2,3,2,2,2,2,2,2,3,2,2,2,2,2,2,2,3,2,2,3,2,3,2,2,,2,2,2,3,3,3,2,2,3,2,2,2,3,3,2,2,5.0,3,2,2,,2,3,2,2,2,2,2,2,3,2,2,,2,2,3,2,2,1,2,,3,4,,2,2,3,2,2,2,3,3,2,3,3,2,2,3,2,4.0,2,3,0,,2,3,3,3,2,3,,2,,2,2,2,2,2,2,2,2,3,3,2,2,,2,3,2,2,3,,,2,2,2,2,2,2,2,,2,3,2,,3,3,3,3,2,,2,3,3,2,2,2,,3,2,3,2,3,2,3,3,2,2,2,,3,,3,3,3,2,3,3,3,3,2,3,,3,2,2,3,3,3,3,3,2,2,3,2,2,2,2,3,3,2,,2,2,2,3,3,4,3,2,2,2,,3,2,2,2,3.0,2,3,2,3,3,,,,3,2,3,2,2,3,,2,,,,2,2,2,3,,3,3,3,,3,2,,,2,,3,,3,3,,3,3,2,3,3,2,2,3,0,3,2,2,2,3,2,2,3,2,2,3,0,3,1,3,2,3,,3,2,,2,3,,,2,2,,3,3,,3,3,0,3,3,4,2,2,,2,3,2,3,3,3,,2,3,2,2,,2,2,,,,,2,3,3,3,3,3,,3,3,3,,,2,3,,2,,2,2,,3,2,3,,3,,3,2,3,,3,2,,3,,2,,,3,,3,2,3,3,2,,3,3,3,2,,,3,2,3,3,2,3,3,2,3,1,1,,3,1,0,2,3,3,3,2,2,0.0,3,3,,3,,,3,,3,5.0,2,2,3,3,3,3,2,2,3,3,,,3.0,4,1,3,,3,3,4,3,2,1,4,,3,,3,3,3,3,2,3,,3,3,,3,2,3,3,2,3,,,,,,3,,,3,3,,,4.0,96,2,0.014857142857142857
2,2,2,2,2,2,2,2,2,3,2,2,2,1,1,1,0,2,2,2,2,1,3,2,3,2,2,2,2,2,2,2,2,2,3,2,2,3,2,2,2,2,2,3,2,1,1,2,2,3,3,2,2,2,2,2,2,2,2,2,1,2,1,2,1,2,2,2,2,1,2,3,2,2,2,3,3,2,2,2,2,1,2,2,2,2,1,2,2,2,2,2,2,1,2,2,2,3,2,2,2,3,2,1,2,2,1,1,2,2,3,3,3,2,2,1,2,2,2,3,3,1,0,2,2,2,2,2,1,2,2,2,2,2,2,2,2,2,2,2,2,2,2,2,2,2,2,2,2,2,1,2,2,2,2,2,2,1,2,2,1,2,2,2,2,2,1,1,0,2,1,2,2,2,2,3,2,2,2,2,1,2,2,1,2,3,2,2,2,2,2,2,3,3,2,3,2,2,2,2,2,2,3,2,2,2,2,2,2,2,2,2,2,3,2,2,2,2,2,2,2,2,1,2,2,2,2,2,2,2,2,1,2,2,2,3,2,2,2,3,2,3,2,2,2,2,3,3,2,2,2,2,2,2,2,2,2,2,2,2,2,2,2,1,2,3,3,3,2,1,2,2,1,2,0,2,2,2,2,2,1,2,2,1,2,2,2,2,2,2,1,2,2,3,2,1,2,2,2,2,2,2,2,2,2,2,2,2,1,2,2,2,2,3,2,3,2,3,2,2,2,2,2,2,2,2,2,2,2,2,3,2,3,2,2,2,2,1,2,2,1,2,2,2,2,2,2,2,3,2,2,2,2,2,3,2,2,2,2,3,2,2,2,2,3,2,2,2,2,3,3,2,2,2,3,2,1,1,1,1,2,2,2,2,2,2,2,2,2,2,0,2,2,2,2,1,2,1,2,2,2,2,3,1,2,1,2,2,3,2,2,2,2,2,4,4,3,2,2,2,2,2,2,2,1,2,2,2,2,2,2,2,3,2,1,3,3,2,2,3,2,2,2,2,2,2,2,2,1,,2,3,2,2,2,2,2,2,2,1,2,2,2,,2,2,2,0,2,3,2,2,3,2,2,3,3,3,2,3,2,2,2,2,1,2,1,3,3,2,2,1,2,2,2,2,2,2,2,3,3,3,3,3,2,2,2,3,2,2,3,2,3,2,2,1,3,3,2,2,2,2,3,2,,3,1,2,3,2,3,2,2,2,3,2,2,2,3,3,2,2,2,1,2,2,2,2,2,1,2,2,2,2,2,3,2,2,3,2,2,,2,2,2,3,3,3,2,2,3,2,2,2,3,2,2,2,,2,2,2,,2,2,2,3,3,2,2,2,2,2,2,,3,2,2,3,3,2,3,,3,3,,2,3,3,2,2,2,3,3,2,3,2,3,0,2,2,,3,2,3,,2,2,3,4,3,2,,3,,3,2,3,2,2,2,2,2,3,3,2,3,,2,3,2,2,2,,,2,2,2,2,2,2,2,,3,2,2,,3,3,3,2,2,,2,3,3,2,2,2,,3,2,3,2,2,2,3,3,3,3,3,,3,,3,2,3,2,3,2,3,2,2,2,,2,3,2,3,3,3,3,3,3,2,3,3,3,2,3,2,2,2,,3,3,3,2,2,4,3,2,2,2,,2,2,2,2,,2,3,2,2,3,3.0,,,2,3,3,2,3,2,,2,,,,2,2,2,2,4.0,3,2,2,,3,2,,,2,,3,,3,3,,2,2,2,3,3,3,3,3,3,3,3,2,2,2,2,2,3,3,2,2,2,3,1,3,2,2,,4,3,,2,2,,,3,3,5.0,3,3,,3,3,2,2,3,4,3,3,,2,3,3,3,2,3,3.0,3,2,2,2,,2,2,,,,4.0,3,3,3,3,2,3,,3,3,3,,,2,3,,2,,2,0,,2,3,3,,3,,3,2,3,,3,2,,3,,2,,,3,,3,3,2,2,2,,2,3,3,2,,,2,2,3,4,3,2,4,3,3,3,3,,2,3,3,2,2,2,3,2,3,,3,2,,4,,,3,,2,,3,2,3,2,3,3,2,3,3,2,,,,0,2,3,4.0,3,3,3,3,2,1,4,0.0,2,5.0,3,3,3,2,2,3,,3,3,,3,2,4,3,3,3,,,,,,4,,,2,3,,,,97,2,0.0194954128440367
2,1,2,2,2,2,1,2,2,3,2,2,2,1,2,2,1,2,2,2,2,2,3,2,2,2,2,2,2,2,2,2,2,2,3,2,2,2,2,2,2,2,2,3,2,2,2,2,2,3,2,2,2,2,2,2,2,2,2,2,2,2,2,2,1,2,2,2,2,1,2,2,3,2,1,2,3,2,2,2,1,2,1,2,2,2,1,2,2,2,2,2,2,2,2,2,2,3,2,2,2,3,2,2,1,1,1,1,2,3,3,3,2,2,2,2,1,2,2,2,2,1,3,2,2,2,2,2,2,1,2,2,2,2,2,2,2,2,2,2,2,2,1,2,2,2,1,2,3,2,2,2,1,2,2,1,2,1,2,2,1,2,2,2,2,2,1,2,2,2,1,2,2,2,1,3,2,2,2,2,2,2,2,2,1,3,2,0,2,1,2,2,2,2,2,2,2,2,2,2,3,2,3,2,2,2,2,2,1,2,2,2,1,2,2,1,2,2,2,2,2,2,2,2,2,2,2,2,2,2,2,2,2,2,2,3,2,2,2,3,3,3,2,2,2,2,3,3,2,2,2,2,2,2,2,2,2,3,2,2,2,2,2,2,2,3,2,3,2,2,2,1,2,2,2,2,2,2,2,2,2,2,2,1,2,2,2,2,2,3,2,2,2,3,2,1,1,2,2,2,2,2,2,2,2,2,2,2,2,2,2,2,2,2,2,3,1,2,2,2,2,2,2,2,2,2,2,2,2,1,2,2,3,2,3,3,2,2,2,2,2,2,2,2,3,2,2,2,3,2,2,2,2,2,3,2,2,2,2,3,2,2,2,2,2,2,2,2,1,3,2,2,2,2,3,2,2,2,2,2,2,2,2,2,2,2,2,1,2,2,2,2,2,2,2,0,2,2,2,2,2,2,3,2,2,1,2,3,2,2,2,1,2,2,3,4,3,2,1,2,2,2,2,2,2,2,2,2,2,2,2,2,3,2,2,2,3,2,2,3,2,2,2,2,2,2,2,3,2,,2,3,2,2,2,1,0,2,2,1,2,2,2,0.0,2,1,2,2,2,2,0,2,3,1,2,3,2,2,2,3,2,2,2,2,2,2,2,3,3,2,2,2,2,2,1,2,2,2,2,2,3,3,3,3,2,3,2,3,2,2,2,2,2,2,2,2,2,2,2,2,2,2,3,2,,2,2,2,2,2,3,2,3,1,3,3,2,2,3,2,2,2,3,2,2,3,2,3,2,0,1,2,2,3,3,3,3,2,3,2,2,,2,2,2,3,3,3,2,2,3,2,2,2,3,3,0,2,,3,2,2,,3,2,2,3,2,2,2,2,3,2,2,,3,2,3,3,3,2,3,,3,4,,2,3,3,2,2,2,3,3,2,2,3,3,3,3,3,,2,3,3,,1,3,3,4,3,3,3.0,2,,3,3,3,3,2,2,3,2,3,3,2,3,,3,3,2,2,3,,,2,2,1,3,2,2,1,,3,1,2,,3,3,3,2,1,,2,3,3,2,3,2,,3,2,3,2,2,2,3,3,1,3,3,,2,,3,3,2,2,3,1,3,3,2,3,5.0,2,3,2,3,3,3,3,3,3,2,3,3,3,2,3,3,3,2,,2,2,2,3,3,3,2,2,2,3,,3,2,1,3,3.0,2,3,2,2,3,,,,3,2,3,2,3,3,,2,,,,2,2,2,2,,3,3,2,,3,2,,,3,4.0,3,,3,4,,2,3,2,2,3,3,3,3,3,3,3,0,3,3,2,3,3,2,1,3,2,3,2,3,2,3,,4,2,,2,3,,,3,3,,3,4,,3,3,2,3,3,4,3,2,,3,3,2,3,3,3,,2,2,2,2,,2,2,,,,0.0,3,2,2,3,3,3,,3,3,3,,,2,3,,2,,2,3,,3,3,3,,3,,3,2,3,,3,2,,3,,2,,,3,,2,2,3,3,3,4.0,3,3,3,0,3.0,,3,2,3,3,3,3,4,3,3,3,3,,3,3,3,1,3,3,3,2,3,,3,3,,3,,,3,,3,,2,2,3,2,3,3,3,3,3,3,,,,4,2,3,,3,3,3,3,3,1,4,,3,,2,3,3,2,2,2,,3,3,,2,2,3,3,3,3,,,,,,3,,,3,3,,,,98,2,0.018327605956471937
2,2,2,2,2,2,2,2,2,3,2,2,2,1,2,2,1,2,2,2,2,1,2,1,2,2,2,2,1,2,1,2,2,2,2,2,2,2,2,2,2,2,2,3,1,2,2,2,1,2,0,2,1,1,2,2,2,2,2,2,2,2,1,2,1,1,2,2,2,2,2,2,2,2,2,2,2,2,2,2,2,2,1,2,1,1,1,1,2,2,2,2,2,1,1,1,1,2,2,2,2,2,3,2,2,1,1,1,2,2,2,3,3,1,1,1,2,2,2,2,2,1,2,2,2,2,3,2,1,1,2,2,2,1,2,2,2,2,2,2,2,2,1,1,2,2,2,2,2,2,1,2,2,1,2,1,2,1,2,2,1,2,1,2,2,1,1,1,2,1,2,2,1,2,2,3,2,1,2,1,1,2,2,1,2,2,2,2,2,1,2,2,3,3,2,2,2,2,2,1,2,2,2,1,1,2,1,1,2,2,2,2,1,2,2,1,2,2,2,2,2,2,2,2,2,2,2,2,2,2,2,1,1,2,2,2,2,2,2,3,2,3,2,2,2,1,3,3,2,1,2,2,2,2,1,2,1,2,2,2,2,2,2,2,2,2,2,3,2,2,2,2,2,2,2,2,2,2,2,2,1,2,2,1,2,2,2,2,2,2,2,2,2,2,2,2,2,2,2,2,2,1,2,1,2,2,2,0,2,2,2,2,2,2,2,3,1,2,1,2,1,2,2,2,2,2,0,1,2,2,3,2,3,1,3,3,2,2,2,2,2,2,1,1,2,2,2,1,2,2,0,1,1,2,3,2,2,2,2,2,2,2,2,2,2,1,1,0,2,0,2,2,2,2,2,2,1,0,2,2,2,2,2,2,1,2,2,2,2,1,2,2,2,2,2,2,2,2,2,2,2,2,2,2,2,2,2,2,2,2,2,2,2,2,3,3,3,2,2,2,1,2,2,2,1,2,2,2,2,2,2,2,2,2,1,2,3,2,2,2,2,2,2,2,2,2,2,2,2,,2,3,2,2,2,2,3,2,2,2,2,2,2,,1,2,2,2,2,2,2,2,3,1,2,3,3,3,2,3,2,2,2,1,2,2,1,3,3,2,2,2,2,2,2,1,2,2,2,2,3,2,2,3,2,2,2,3,2,2,2,2,2,2,3,2,3,3,2,2,2,2,3,2,,2,2,2,3,2,2,2,2,1,3,3,2,2,2,3,2,2,2,2,2,2,1,2,2,1,2,0,2,2,3,2,2,2,3,2,2,,2,2,2,3,3,3,2,2,3,2,1,2,2,2,2,1,,3,2,2,,3,2,2,3,2,2,2,2,3,1,2,,2,2,2,3,2,2,2,,2,3,,2,3,2,2,2,2,3,3,2,2,3,3,2,3,2,,2,2,3,,2,2,2,2,3,2,,3,,3,2,3,2,2,2,2,2,3,3,2,2,4.0,2,3,1,2,2,,,2,2,2,2,2,2,2,,3,1,2,4.0,3,3,2,2,2,5.0,2,3,3,2,2,2,,3,2,3,2,2,2,3,3,3,3,3,,2,,2,2,2,2,3,2,3,3,2,2,,2,3,2,3,2,3,2,3,2,2,2,2,2,2,1,2,3,2,,2,2,3,1,2,4,2,2,1,2,,2,2,2,2,,2,2,2,3,3,,,,2,2,3,2,3,2,,2,,,,1,2,2,2,,2,2,2,,2,2,,,2,,3,,2,4,,3,2,2,2,1,2,3,3,3,3,3,2,2,2,2,2,2,3,2,3,2,3,0,3,1,3,,3,3,,2,3,,,3,2,5.0,2,3,,3,3,2,2,3,4,2,2,,2,3,3,2,1,2,,2,2,2,2,4.0,2,2,,,,,3,3,3,3,2,3,,1,3,3,,,2,3,,2,2.0,2,2,,2,3,3,,3,,3,2,3,,2,2,,3,,2,,,3,,2,2,2,2,2,,3,3,2,2,,,2,1,2,3,3,2,2,2,2,2,3,,3,3,3,1,3,3,3,2,3,,2,2,,3,,,3,,2,,3,2,3,3,2,2,2,2,3,3,,,,4,2,3,,2,3,3,3,2,2,3,,2,,2,3,2,2,2,2,,0,2,,3,2,3,3,3,3,,,,,,3,,,2,3,,,,99,2,0.01954022988505747
2,2,2,2,1,1,1,2,2,2,2,2,1,1,1,2,2,2,2,1,2,2,3,2,2,2,3,2,2,2,2,2,2,3,2,2,2,3,2,3,2,2,2,2,1,2,2,2,2,2,3,2,2,2,2,2,2,2,2,2,1,1,2,2,1,1,2,2,2,2,3,2,3,2,2,3,3,2,2,2,2,2,1,2,2,2,2,2,2,2,2,2,2,2,2,2,2,2,2,2,2,2,2,2,2,2,2,1,2,3,3,3,3,2,2,2,2,2,2,3,2,1,2,2,2,2,2,2,2,1,2,2,2,2,2,2,3,2,2,2,2,2,2,2,2,2,2,2,2,2,2,2,2,2,2,2,2,1,1,2,1,2,2,2,2,2,1,2,2,2,2,2,2,2,2,3,2,2,0,2,2,2,2,2,2,3,2,2,2,2,2,1,2,2,2,2,2,2,2,2,2,2,3,2,2,2,2,2,2,2,2,1,2,2,2,2,2,2,2,2,3,2,2,2,2,3,2,3,2,2,2,2,1,2,1,2,2,2,1,0,2,2,2,1,2,2,1,2,3,1,2,3,2,2,2,2,2,3,2,3,3,2,2,2,2,2,2,2,2,2,2,2,2,2,3,2,3,2,2,2,2,2,2,2,2,2,2,2,2,3,2,2,2,2,2,2,2,3,2,3,1,2,2,2,2,2,2,3,1,2,2,3,2,3,2,3,2,3,2,2,0,2,2,2,2,2,2,2,3,2,3,2,2,2,3,3,2,2,2,2,2,3,2,2,2,2,2,2,3,2,1,1,2,2,3,2,2,2,2,2,2,2,2,2,2,1,2,2,2,3,3,2,2,2,2,2,2,2,2,2,1,1,3,3,2,2,3,2,2,2,2,2,2,2,2,2,1,2,3,2,2,2,3,2,2,2,2,2,2,2,2,2,2,2,4,4,3,2,2,2,2,1,2,2,2,2,2,2,2,2,0,2,3,2,1,2,3,3,2,3,1,1,3,3,2,2,2,2,2,,2,2,2,2,2,2,3,2,2,2,2,2,2,,2,2,2,2,2,2,3,2,3,2,2,3,3,3,2,3,2,2,2,1,2,3,2,2,2,0,2,3,2,2,2,2,2,2,1,2,2,2,3,2,2,3,2,3,2,2,2,2,3,2,3,2,2,2,2,2,2,3,3,2,,2,2,2,2,2,2,2,2,1,3,3,3,2,3,2,2,2,2,2,2,3,2,3,2,2,2,2,2,3,3,2,2,2,3,2,2,,2,2,2,2,2,3,2,1,2,2,2,2,3,2,2,2,,3,2,2,5.0,3,3,2,2,3,2,2,2,3,2,2,,3,3,3,2,2,2,2,,3,4,,2,2,3,3,2,2,3,3,2,2,3,3,3,3,3,,3,3,3,,3,3,2,4,3,3,,3,,2,2,2,3,2,2,3,2,3,3,2,0,,2,3,2,3,2,,,2,2,2,2,2,2,2,,2,2,2,,2,3,3,3,2,,2,3,3,2,3,3,,3,2,3,2,3,2,3,3,2,2,2,,3,,2,3,2,2,3,3,3,0,2,3,2.0,3,3,2,2,3,3,3,3,3,2,3,3,2,2,2,2,3,2,,2,0,3,3,3,3,3,2,2,3,,3,2,3,2,,2,3,2,3,3,5.0,4.0,,2,2,3,2,3,3,,2,,,,2,3,2,3,,3,3,3,,3,2,,,2,5.0,3,,3,4,,3,3,2,3,3,2,3,2,3,3,2,2,3,3,2,2,3,2,3,3,2,3,2,3,2,2,,3,2,,2,3,,,2,2,,3,3,,3,3,2,3,3,4,3,2,,3,3,3,3,2,3,,2,3,2,2,,2,3,,,,,3,3,3,2,3,3,,2,3,3,,,2,3,,2,,2,3,,3,3,3,,3,,3,2,3,,3,2,,3,,2,,4.0,3,,3,2,3,3,3,,3,3,3,3,,,3,2,3,3,2,2,3,3,3,2,2,,3,0,2,2,3,3,3,2,3,,2,3,4.0,3,,,3,,2,3.0,2,2,3,3,3,2,3,2,2,3,,,,4,2,3,,3,2,4,3,3,2,4,,3,,3,3,3,3,2,3,,3,3,,3,3,3,3,2,3,,,,,,0,,,2,2,,,,100,2,0.018327605956471937
2,2,2,2,2,1,2,2,2,2,2,2,2,2,2,2,2,1,2,2,2,2,3,2,2,2,1,1,2,2,2,2,2,2,2,2,2,2,2,2,2,2,2,3,2,2,2,2,1,2,1,2,3,2,2,2,3,2,2,3,3,3,1,2,2,2,2,2,2,2,2,2,3,2,0,1,2,2,2,2,2,2,1,2,2,2,1,1,3,2,2,3,2,1,2,2,2,2,2,2,2,3,3,2,3,1,2,1,2,3,2,3,3,2,2,2,1,2,2,3,2,1,3,2,2,2,3,2,2,2,2,2,2,2,2,0,2,2,3,2,2,2,2,2,3,2,3,2,3,3,3,2,2,2,2,2,3,3,2,2,2,2,1,1,2,2,2,2,2,2,2,2,2,2,2,3,3,2,3,2,2,3,3,2,2,3,2,2,2,2,2,2,3,3,3,2,3,2,2,2,3,2,3,2,2,2,2,2,2,2,2,2,2,3,2,2,2,1,2,2,2,2,2,2,2,2,2,2,2,2,2,2,2,2,2,3,2,2,2,3,3,3,2,2,3,2,3,3,2,2,3,2,2,2,2,2,2,3,2,2,2,2,3,2,2,3,3,3,2,1,3,2,2,3,2,3,3,3,2,2,2,2,2,2,2,2,3,2,2,3,1,2,2,3,2,2,2,2,3,3,2,2,2,2,2,2,2,2,2,2,2,2,2,2,2,3,2,2,2,3,3,3,2,2,3,2,2,2,2,2,2,2,2,2,3,3,2,2,2,2,1,2,2,3,3,2,2,2,3,3,2,2,3,2,3,2,2,2,1,3,3,2,2,2,3,2,2,2,2,3,2,2,2,2,2,2,2,2,3,3,3,3,3,3,3,3,3,3,3,3,2,3,3,2,3,2,3,3,3,3,2,2,3,3,1,2,2,2,3,2,2,2,2,3,3,4,3,2,2,2,2,2,2,2,2,2,2,2,2,2,2,2,2,2,2,3,3,2,1,3,2,2,2,2,2,2,3,2,2,,2,3,3,2,2,2,3,2,2,2,2,2,2,5.0,1,3,2,2,2,3,2,3,3,2,2,3,3,3,2,4,2,2,1,2,1,2,2,3,3,2,2,2,2,2,1,2,2,2,2,2,2,3,3,3,2,2,2,3,2,2,2,3,2,2,3,2,3,3,2,3,2,2,3,3,,2,2,2,3,2,3,2,2,2,3,2,3,3,3,3,2,2,3,2,2,2,2,2,2,2,2,3,2,2,2,3,3,3,3,3,2,,2,0,3,3,3,2,2,2,3,3,1,2,3,3,2,3,,3,3,3,,2,3,2,3,2,2,2,2,2,2,2,,3,2,2,3,3,2,2,,3,4,,2,3,3,3,2,2,3,3,2,3,3,3,3,2,3,,3,3,3,,2,4,3,4,3,4,,3,,3,3,3,3,2,2,0,2,3,3,2,3,5.0,3,3,0,2,3,,,2,2,3,3,2,2,3,,3,2,3,,3,3,3,3,3,,2,3,3,3,3,2,,3,2,3,2,2,3,2,4,3,0,2,5.0,3,4.0,3,2,2,2,3,3,3,3,2,3,,3,3,3,2,3,3,3,3,3,2,3,3,3,2,3,3,0,2,,3,3,3,3,3,4,3,2,2,3,,3,2,2,3,,2,4,3,3,3,,,4.0,3,2,3,2,3,2,,3,,,,2,2,3,3,,4,3,2,,3,3,,,2,,3,3.0,3,4,,3,3,3,3,3,3,3,3,3,3,3,2,2,2,2,3,3,3,2,3,2,3,2,3,0,3,,3,3,,2,3,,5.0,3,2,,3,3,0.0,3,3,2,3,3,2,3,2,5.0,2,3,3,3,3,3,,3,3,2,3,,2,2,,,,,3,3,3,4,3,3,,2,3,3,,,3,3,4.0,3,,3,2,,3,3,3,,3,,3,2,3,,3,2,,3,,2,,,4,,3,3,3,2,3,,3,3,2,2,,,2,3,3,4,3,1,4,3,3,3,3,,2,3,3,2,3,2,3,1,3,,3,3,,4,,,3,5.0,3,,3,2,3,3,1,2,3,3,3,3,,,,4,2,3,,3,3,4,3,3,2,3,5.0,3,4.0,3,3,3,3,3,3,0.0,3,3,,3,2,3,4,3,3,,,,,,2,,,3,3,,,,101,2,0.026376146788990827
2,1,2,2,2,2,1,2,2,3,2,2,2,1,3,2,2,1,2,2,2,2,3,2,3,2,3,2,2,2,2,2,2,2,3,2,2,3,2,2,2,2,2,3,2,2,2,2,2,2,2,2,2,2,2,2,2,2,2,2,2,2,1,2,2,2,2,2,2,2,2,2,3,2,2,3,3,2,2,2,2,2,1,2,2,1,2,1,2,2,2,2,2,2,2,2,2,3,2,2,2,3,3,2,2,2,1,1,2,3,3,3,3,2,2,2,2,2,2,3,2,1,2,2,2,2,2,2,2,2,2,2,2,2,2,2,3,2,2,2,2,2,2,2,2,2,2,0,2,2,2,2,1,2,2,2,2,2,2,2,1,2,2,2,2,2,2,2,2,2,2,2,2,2,2,3,3,2,3,2,2,2,3,2,2,2,2,2,2,1,2,2,3,2,2,2,3,2,3,2,3,2,3,2,2,3,2,2,2,2,2,2,1,2,2,2,2,2,2,0,2,2,2,2,2,2,2,2,2,3,2,2,2,2,2,3,2,2,2,3,3,3,2,2,2,2,3,3,2,2,2,2,2,2,2,2,2,2,2,3,3,2,2,2,2,3,2,3,2,2,3,2,2,2,2,2,2,2,2,2,2,2,2,2,2,2,2,2,2,3,2,3,2,3,2,2,2,2,2,2,2,1,2,2,2,2,2,2,2,2,2,2,2,2,1,3,1,2,2,2,2,2,2,2,3,2,2,2,3,2,3,3,3,2,3,3,2,2,2,2,2,2,1,2,3,2,2,2,3,2,2,2,2,2,3,2,2,2,2,2,2,2,2,2,2,2,2,2,2,3,3,2,2,2,3,2,2,1,2,2,2,2,3,3,3,2,2,3,2,2,2,3,3,2,2,2,3,2,3,3,2,2,2,3,2,2,2,3,2,1,2,2,2,2,4,4,3,2,2,2,2,2,2,2,2,3,2,2,2,2,2,2,3,2,2,2,3,3,2,3,2,2,3,2,2,2,2,2,2,,2,3,3,2,2,3,3,2,2,2,2,2,2,,2,2,2,2,2,3,3,3,3,2,2,3,3,3,2,3,2,2,2,2,2,3,2,3,3,2,2,3,2,2,2,2,3,2,2,2,3,2,2,3,0,3,2,2,2,2,3,2,3,2,3,2,3,3,2,2,2,2,3,3,,2,2,3,3,2,3,2,2,1,3,3,3,2,3,3,2,2,3,2,2,3,2,3,2,1,2,2,2,3,3,2,3,2,3,3,2,5.0,2,2,3,3,3,3,2,3,3,2,2,3,3,2,2,3,,3,2,2,,3,3,2,3,3,2,2,2,3,2,2,,3,2,3,3,3,2,3,,3,4,,2,3,3,3,2,1,3,2,1,2,3,3,3,3,2,,3,2,3,,2,3,3,4,3,3,,3,,3,3,3,3,2,2,2,2,3,3,2,3,,2,3,2,2,3,,,2,2,2,3,2,2,2,,3,2,3,,3,3,3,0,2,3.0,2,3,3,2,3,3,,4,2,3,2,3,2,3,3,2,3,3,,3,,3,3,3,2,3,2,3,3,2,3,,2,3,3,3,3,3,3,3,3,0,3,3,3,2,3,3,3,2,,3,3,3,3,3,4,2,2,2,3,,0,2,3,3,,2,3,2,3,3,,,,2,3,3,2,3,2,,2,,,,2,3,2,3,,3,2,3,,2,2,4.0,,3,,3,,3,4,,3,3,2,0,3,3,3,3,3,3,3,2,2,3,2,3,3,3,3,3,2,3,2,3,3,3,,4,2,3.0,2,3,,,2,3,,3,4,,3,3,3,3,3,4,3,3,,3,3,3,3,2,3,,3,3,2,2,,2,3,,,,,3,3,3,3,3,3,,2,4,3,,,2,3,,2,,3,3,,3,3,3,,3,,3,2,4,,3,2,,3,0.0,3,,,3,,3,2,2,3,3,,3,3,3,3,,,3,3,3,3,3,3,4,3,3,3,3,,3,3,3,2,3,3,3,3,3,,3,3,,3,,,3,,3,3.0,0,2,3,3,3,2,3,3,3,3,,,,4,2,0,,3,3,3,3,3,3,4,,3,,3,3,3,2,3,3,,3,3,4.0,3,3,4,3,3,3,,,,,,4,,,3,3,,,,102,2,0.014857142857142857
2,2,2,1,1,1,2,2,2,2,2,0,2,2,2,1,2,2,2,2,1,1,2,2,2,2,3,2,2,2,2,2,3,3,2,2,2,3,3,2,2,2,2,2,1,2,1,2,2,2,3,2,2,2,2,2,2,1,1,2,2,2,2,1,1,2,2,3,2,2,2,2,2,3,2,3,2,2,2,2,2,0,2,1,2,3,2,1,2,1,2,2,2,2,2,2,1,2,2,2,2,2,2,2,3,2,1,1,2,3,3,3,3,2,1,2,2,2,2,2,2,2,3,2,2,2,2,2,1,1,2,1,2,1,2,2,2,1,2,2,2,1,2,2,2,2,2,2,2,2,2,2,2,2,2,2,3,2,2,1,1,1,2,2,2,2,2,2,2,1,1,2,2,2,2,0,2,2,3,2,2,2,3,1,2,3,2,2,2,2,2,2,2,2,2,2,2,2,2,2,2,2,3,2,2,2,2,2,2,1,2,1,2,2,2,2,2,3,2,3,2,2,2,2,2,2,2,2,2,2,2,2,2,1,2,2,2,2,2,2,0,2,2,2,2,2,2,3,3,1,3,2,1,2,2,2,2,3,2,2,2,2,2,2,2,2,2,3,2,2,2,1,2,0,2,2,3,3,2,2,2,2,2,2,2,2,2,2,2,3,2,2,2,2,2,2,2,3,2,2,1,1,2,1,2,2,2,2,2,2,2,2,2,3,2,3,2,3,2,2,2,2,2,2,2,2,2,2,3,2,2,2,2,1,2,3,2,2,2,2,2,3,2,2,3,3,2,3,3,2,3,2,2,2,3,2,2,2,2,2,2,2,1,2,2,1,2,2,2,2,2,2,2,2,2,1,2,2,3,2,3,3,3,3,3,3,3,3,2,2,3,3,3,2,3,2,3,2,3,2,1,2,2,2,2,2,2,2,2,2,2,1,2,2,3,4,3,2,2,2,1,2,2,2,1,2,2,2,2,2,2,2,3,2,1,3,3,2,2,3,2,2,2,2,2,2,2,2,2,,2,2,2,2,2,0,3,3,2,2,2,2,2,,2,3,2,2,2,2,2,2,3,2,2,2,3,3,2,3,2,2,2,2,2,2,2,3,2,2,2,3,2,2,2,2,2,2,2,2,2,2,2,3,2,3,2,3,2,2,3,2,3,2,3,2,2,2,1,2,2,3,4,3,,2,2,2,2,2,2,2,2,2,3,3,2,2,3,3,3,2,2,2,2,2,1,2,2,2,2,2,2,3,3,2,3,2,3,2,2,,2,3,2,3,2,3,2,1,2,2,2,2,3,3,2,2,,2,2,2,,3,3,2,2,3,2,3,2,2,2,3,,3,2,3,2,2,2,2,,0,4,,2,2,2,2,2,2,3,3,2,3,3,3,2,3,2,,3,2,2,,2,3,3,3,2,3,,2,2.0,2,2,3,2,2,2,2,2,3,2,2,3,,2,3,2,2,3,,,2,2,2,3,2,2,2,,2,2,2,,2,3,3,3,2,,2,3,2,1,2,3,,3,2,3,3,3,2,3,3,2,1,2,,2,,2,3,2,3,3,3,3,3,2,2,,2,2,3,2,3,3,3,3,2,2,3,2,2,2,2,2,3,2,,2,2,3,3,3,3,3,2,2,3,,3,3,2,2,,2,3,3,3,2,,,,3,2,3,3,3,2,,2,,,,3,3,2,3,,3,3,2,,3,2,,0.0,2,3.0,3,,3,4,,3,3,3,3,3,2,2,3,3,3,2,2,2,3,2,2,3,2,2,3,2,3,2,3,3,3,,3,2,,2,3,,,2,2,,3,3,,3,3,2,3,2,4,3,1,,2,3,2,3,3,3,,2,3,2,2,,2,2,,,,,2,2,2,3,3,3,,3,3,3,,,2,3,,2,,3,3,,2,2,3,,2,,3,2,3,,2,2,,3,,2,,,3,,3,2,3,3,2,,3,3,2,2,,,3,2,2,4,2,2,3,0,2,2,2,,3,2,2,1,2,3,3,2,3,,3,3,,4,,5.0,3,,3,,2,2,2,3,2,0,3,2,2,3,,,,4,1,3,,3,3,3,3,2,2,3,,2,,2,3,3,2,2,2,,2,3,5.0,3,2,3,3,2,3,,3.0,4.0,,,3,,,3,2,,,,103,2,0.012542759407069556
2,2,1,1,1,1,2,2,2,2,2,2,2,1,2,2,2,2,2,2,2,1,2,2,2,2,2,2,2,2,2,2,2,2,2,2,2,2,2,2,2,1,1,3,2,2,2,2,2,2,2,2,2,2,1,2,1,1,0,1,2,2,1,1,2,1,2,2,2,2,2,1,3,2,2,2,2,2,2,2,2,1,1,0,1,2,1,1,2,2,2,2,2,2,2,2,1,2,2,2,2,1,2,2,2,1,2,1,2,2,2,3,2,2,2,1,2,2,2,2,2,1,3,2,2,2,1,2,2,2,2,1,2,1,2,2,2,1,0,2,2,2,1,2,2,1,2,2,2,2,2,2,2,1,1,2,2,2,2,2,1,2,1,2,2,2,1,2,2,2,2,2,2,2,2,2,2,2,2,2,2,2,2,2,2,2,2,2,2,2,2,2,2,2,2,2,2,2,2,2,2,2,2,2,2,2,2,2,2,1,1,1,1,2,2,2,2,2,2,2,3,2,2,2,2,2,2,2,2,2,2,2,2,1,2,2,1,2,2,2,2,2,2,1,2,2,2,3,2,1,2,2,1,2,2,2,1,2,2,2,3,2,2,2,2,2,2,3,2,2,2,2,2,2,2,2,3,3,2,2,2,2,1,1,2,1,1,2,1,3,2,2,2,2,2,2,2,2,2,2,2,1,2,2,2,1,2,2,1,2,2,2,2,3,2,3,2,2,2,2,2,2,2,2,2,2,2,2,2,2,3,2,2,1,3,3,2,2,2,2,2,3,2,2,3,2,2,2,3,2,2,2,2,2,2,2,2,2,2,2,2,2,2,2,2,2,1,2,2,2,2,2,1,1,2,2,2,2,3,2,2,3,3,3,2,2,3,2,2,2,2,3,2,2,2,2,3,2,3,2,2,2,2,3,1,2,2,2,1,1,2,1,1,2,3,4,3,2,2,2,1,2,2,2,1,2,2,2,2,2,2,1,2,2,1,2,3,2,2,2,2,2,2,2,2,1,2,2,2,,1,3,2,2,2,2,3,2,2,2,2,2,2,,2,2,2,2,2,2,2,2,3,2,2,3,3,3,2,3,2,1,2,2,2,2,2,2,3,2,2,3,2,2,1,1,2,2,1,2,3,2,3,3,2,2,2,3,2,2,2,2,2,2,3,2,2,2,1,2,1,2,3,3,5.0,2,2,2,2,2,2,2,2,1,2,3,2,2,3,2,2,2,2,2,2,2,1,2,2,2,2,2,2,2,3,2,3,1,2,2,2,,2,2,2,3,3,3,2,2,3,2,2,2,3,3,2,2,,2,0,2,,3,3,1,2,2,2,2,2,3,2,2,,2,2,2,2,2,1,2,4.0,2,4,2.0,2,2,3,2,2,1,2,3,1,3,3,2,2,3,2,,2,2,2,4.0,2,3,3,3,3,3,,2,,2,2,2,3,2,2,2,2,3,0,2,2,,2,3,1,2,3,5.0,3.0,2,2,2,0,2,2,2,,2,2,2,,3,3,3,3,2,,2,3,2,1,2,2,3.0,3,2,3,2,3,2,3,3,1,3,2,,3,,2,2,2,2,3,2,3,2,2,2,,2,2,3,0,3,3,2,3,3,2,2,2,2,2,3,3,3,2,,2,2,2,3,2,3,3,2,2,2,,2,2,2,2,,2,3,2,3,3,,,,3,2,3,2,2,2,4.0,2,,2.0,,2,2,3,3,,3,3,2,5.0,2,2,,4.0,2,,2,,3,4,,3,3,2,2,2,3,2,2,3,2,2,1,2,2,1,2,3,2,2,3,2,3,1,3,2,3,,3,2,,2,3,,,2,2,,2,3,,3,3,2,3,2,4,3,2,,2,3,2,3,3,3,,2,3,1,2,,2,3,,,,,2,2,2,3,3,3,,1,3,3,0.0,,2,3,,1,2.0,2,3,,3,2,3,,3,,4,3,3,3.0,3,2,,3,4.0,2,,0.0,3,3.0,3,2,3,2,2,,3,3,3,2,,4.0,2,2,3,3,1,2,3,2,3,2,2,,3,2,2,2,3,3,3,2,3,5.0,3,3,,3,,,3,,3,,2,2,3,3,2,2,3,2,3,3,,,,4,1,3,,3,3,3,3,2,2,4,,2,,2,3,3,3,2,2,,3,2,,3,2,3,3,2,2,,,,,,0,,,3,2,,,,104,2,0.0273972602739726
3,2,2,3,3,2,2,3,2,3,2,3,2,2,1,3,3,2,2,2,2,2,3,2,3,3,2,3,2,2,2,2,3,2,3,2,2,2,2,2,2,2,2,3,2,3,2,2,2,0,2,2,2,2,3,2,3,2,2,3,2,2,2,2,2,2,3,2,2,2,2,2,3,3,3,2,3,3,3,2,2,2,2,2,1,2,1,2,3,2,2,3,2,2,2,2,2,3,2,3,3,3,3,2,2,2,2,2,2,3,3,3,3,2,2,2,2,2,3,3,3,2,2,2,3,3,3,2,2,1,0,2,2,2,3,2,3,2,2,2,3,2,2,2,2,2,3,2,2,2,2,3,2,2,2,1,2,1,3,3,1,2,2,2,3,2,2,1,2,2,2,2,2,2,2,3,2,2,2,2,1,2,2,2,2,3,3,2,2,2,2,1,3,3,3,3,2,2,2,2,2,2,3,2,2,2,2,2,2,2,2,2,2,3,1,2,3,2,2,2,3,2,2,2,3,3,2,3,2,2,3,2,2,2,2,3,2,3,3,3,3,3,3,3,3,2,3,3,3,2,2,2,2,3,2,3,2,2,3,3,3,2,2,2,2,3,3,3,2,2,2,3,3,3,3,2,3,2,2,3,2,3,2,2,2,2,2,2,3,2,2,2,2,3,2,2,2,2,3,3,3,2,3,2,3,3,2,3,2,3,2,3,2,3,3,3,2,3,2,3,2,2,3,2,3,3,2,3,3,2,3,3,3,2,3,3,2,2,2,2,2,3,1,2,2,2,2,2,2,2,1,2,2,2,3,3,3,3,3,3,3,2,2,2,3,2,2,2,2,3,2,2,2,2,3,3,2,1,2,2,2,2,2,2,2,2,2,2,2,2,2,2,2,2,2,2,2,2,2,2,2,2,3,2,2,2,3,3,3,2,3,3,3,2,3,4,4,2,2,2,2,2,2,2,2,2,2,2,2,2,2,2,3,2,2,3,3,3,2,3,2,2,2,1,2,2,3,3,3,,2,3,3,2,2,3,3,2,2,3,2,3,3,,2,2,2,2,2,3,2,2,3,2,2,4,3,3,2,3,2,3,2,2,2,2,2,3,3,2,2,2,2,2,2,2,3,3,2,3,3,3,3,3,2,3,2,3,2,3,2,2,2,2,3,1,3,3,2,3,2,3,3,3,,3,2,3,3,3,3,3,3,2,3,3,2,2,3,3,3,2,3,3,2,3,2,3,2,2,3,2,2,2,3,3,3,2,4,3,3,,2,2,3,3,3,3,2,3,3,3,2,2,3,2,2,3,,3,3,2,,3,2,3,3,3,2,2,3,3,0,3,5.0,3,3,2,3,3,2,3,,3,3,,3,3,3,3,2,2,3,4,2,3,4,3,3,3,2,,0,3,3,,0,3,3,4,4,3,,3,,3,3,3,3,3,3,3,3,3,3,3,3,,3,3,3,2,3,,,3,2,3,2,3,2,2,,3,3,3,,3,0,3,3,3,,2,3,3,3,3,3,,4,2,3,3,3,3,3,3,3,3,3,5.0,3,,3,2,2,3,3,3,4,3,2,3,,3,3,3,3,3,3,3,3,0,2,3,3,3,3,3,2,4,2,,3,3,3,3,3,4,3,2,2,2,,3,3,3,3,,3,4,3,3,4,,,,3,3,4,3,3,3,0.0,3,,,,1,3,3,3,5.0,3,3,3,,3,3,,,3,,1,3.0,3,4,,3,2,3,3,3,3,3,3,4,3,3,2,3,3,3,2,3,3,3,3,2,3,2,3,2,3,,4,3,,3,3,,,3,3,,3,3,,4,2,2,3,3,4,3,3,,3,3,3,3,0,3,,3,2,3,2,,3,3,,,,,3,3,3,3,3,3,,3,3,3,4.0,,2,3,,2,3.0,3,3,,3,3,3,,4,4.0,4,3,4,,3,3,,4,,3,,,2,,3,3,1,2,3,,3,3,3,3,3.0,,2,2,3,4,3,2,4,3,3,3,3,,3,3,3,2,3,3,3,1,3,,3,3,,4,,,4,,3,4.0,3,3,3,3,3,3,2,3,3,4,,,,5,2,3,,3,3,4,3,3,3,4,,3,,3,4,3,3,3,3,5.0,3,3,0.0,3,3,4,4,3,4,,,,,,4,,,3,3,5.0,,,105,2,0.024054982817869417
2,2,2,2,2,1,2,2,2,2,2,2,2,1,2,2,2,1,1,2,1,1,2,2,2,2,2,2,2,2,2,2,2,2,2,1,2,2,2,2,2,2,2,2,1,2,2,1,1,3,2,2,2,2,2,2,2,2,1,2,3,2,2,2,2,1,2,2,2,2,2,2,2,2,2,2,1,2,2,2,2,1,1,2,1,1,1,2,2,1,2,2,2,2,2,2,1,1,2,2,2,2,2,2,2,2,1,2,2,3,2,2,2,1,1,2,1,2,2,2,2,1,3,2,2,2,2,2,2,2,2,2,2,2,2,2,2,2,2,2,2,2,2,2,2,1,2,2,2,3,2,2,2,2,2,2,2,2,2,2,1,2,2,2,2,2,1,2,2,2,2,1,2,2,2,2,2,2,2,2,2,2,2,2,2,2,2,2,2,1,2,2,2,2,2,2,2,2,2,2,2,2,3,2,1,2,2,2,2,2,1,2,2,2,2,2,2,2,2,2,2,2,2,2,2,2,1,2,2,2,1,2,2,2,0,2,1,2,2,2,2,2,1,2,1,1,2,2,2,2,2,2,1,2,2,2,2,2,2,2,2,2,2,1,2,2,2,3,2,1,2,2,2,2,2,2,2,2,2,2,2,2,1,2,2,2,2,2,2,3,2,2,2,2,2,2,2,2,2,2,1,1,2,2,2,2,2,2,2,2,1,2,2,2,2,3,2,0,1,2,2,2,2,2,2,2,2,2,2,2,3,2,2,1,2,2,2,2,2,2,2,3,2,2,3,2,2,2,3,2,2,2,2,2,2,2,2,2,2,2,2,1,2,2,3,2,1,2,2,2,2,2,2,2,2,1,2,2,3,2,2,3,3,3,3,2,3,2,3,2,2,3,3,2,3,2,3,3,3,2,2,1,3,2,1,2,1,2,2,2,2,1,2,2,3,4,3,1,2,2,2,2,2,1,2,2,2,2,2,2,1,2,2,2,1,2,3,2,2,3,2,2,1,1,0,2,2,2,2,,2,3,2,2,2,1,3,2,2,2,1,2,2,,2,2,2,0,2,0,2,2,3,1,1,2,2,2,2,3,2,2,2,2,2,1,2,2,2,2,2,3,2,2,2,2,2,2,1,1,2,0,2,2,1,2,2,3,2,2,2,2,2,2,2,2,2,2,2,2,2,2,3,3,,2,2,1,2,2,3,2,2,0,3,3,2,2,3,3,2,2,3,2,2,2,2,1,2,2,2,2,2,2,3,2,3,2,3,2,2,,2,2,2,2,2,3,2,2,3,2,2,2,2,3,2,2,,2,0,2,,3,3,2,2,2,2,2,2,2,2,2,,2,2,2,2,2,2,2,,2,4,,2,2,2,2,2,2,3,3,2,3,3,2,2,3,2,,2,2,3,,2,3,3,3,3,4,,3,,3,2,2,2,2,2,2,2,3,3,2,2,,2,3,2,2,3,,4.0,2,2,2,2,2,2,2,,3,2,2,,2,3,3,3,2,,2,3,3,2,2,2,,3,2,3,2,3,2,2,3,2,2,2,,3,,3,3,2,2,3,2,3,3,2,2,,2,3,3,2,3,3,3,3,2,2,3,2,2,2,3,3,3,2,,2,2,2,3,3,3,2,2,2,3,,3,2,2,2,,2,3,2,3,3,,3.0,,3,2,3,2,2,3,,2,,,,2,2,2,3,,3,3,3,,3,2,,,3,,2,,3,3,,2,3,2,3,3,3,2,2,2,2,3,2,2,2,2,3,3,3,2,3,2,3,1,3,2,2,,4,2,,1,3,,,2,2,,2,4,,3,3,2,3,3,4,3,2,,1,3,3,3,3,3,,2,2,2,2,,2,2,,,,,3,2,2,3,3,2,,2,3,2,,,2,3,,2,4.0,2,3,,2,2,3,,0,,3,2,3,,2,2,,3,,2,,,3,,3,2,3,2,3,,2,2,2,2,,,2,2,2,3,3,2,4,2,2,2,2,,3,2,2,2,2,3,3,2,3,,3,3,,3,,,3,,3,,2,2,3,3,2,3,2,2,3,3,,,,4,2,3,4.0,2,2,3,3,3,1,3,,3,,1,3,3,3,2,0,,2,3,,3,2,3,3,2,3,,,,,,3,3.0,,3,3,,,,106,2,0.019562715765247412
2,2,2,2,2,1,1,1,2,2,2,1,2,1,2,2,2,1,2,2,2,1,2,1,0,2,2,2,1,2,2,2,2,2,2,2,2,2,2,2,2,1,1,3,2,2,2,2,2,2,2,2,2,2,2,2,2,2,2,2,1,1,1,1,1,2,2,2,1,1,2,2,2,2,2,2,2,2,2,2,2,1,1,1,2,2,1,1,2,2,2,2,2,2,2,2,1,2,2,2,2,2,2,1,2,1,1,1,2,2,3,3,2,2,1,1,2,2,2,2,2,1,2,2,2,0,2,2,1,1,2,2,2,2,2,2,2,2,2,2,2,1,1,2,2,2,2,1,2,2,2,2,1,2,2,2,2,1,2,2,1,2,1,2,2,2,1,1,2,1,2,2,1,1,2,2,2,2,2,1,1,1,2,1,0,2,2,2,2,2,1,1,2,2,2,2,2,2,2,1,2,2,2,1,2,2,1,2,2,2,2,2,0,2,2,2,2,2,2,2,2,2,2,2,2,2,2,2,2,2,2,2,2,2,2,2,2,2,2,2,2,3,2,2,2,2,2,2,2,1,2,2,2,1,2,2,1,2,2,2,2,2,2,2,2,2,0,2,2,2,2,2,2,2,2,2,2,1,2,2,1,2,1,1,1,2,2,2,1,2,1,2,2,2,2,2,0,2,2,2,2,1,2,2,2,2,2,2,2,2,2,2,2,3,2,2,2,3,2,2,2,2,2,1,2,2,2,0,2,1,3,2,2,2,3,3,2,2,2,2,1,3,0,2,2,2,2,2,2,2,2,1,2,2,2,1,2,1,2,2,2,2,2,1,2,1,2,1,2,2,2,1,2,2,2,2,1,1,2,2,2,2,2,2,2,2,2,2,2,2,2,2,2,1,2,2,2,2,2,2,2,2,2,2,1,1,2,2,2,2,2,1,2,2,3,4,2,2,2,1,1,2,1,2,1,2,2,1,2,2,2,2,2,2,1,2,3,2,2,2,1,2,2,2,2,2,2,2,2,,1,2,2,2,2,2,2,2,2,2,2,2,2,,2,2,2,2,2,2,2,2,2,1,2,3,2,2,2,3,2,2,2,2,2,2,1,3,3,2,2,2,2,1,1,1,2,2,2,2,2,3,2,3,2,2,2,3,1,1,2,2,2,2,2,2,2,2,2,2,2,2,3,2,,2,2,2,2,2,2,2,2,1,2,2,1,2,3,2,2,2,2,2,2,2,1,2,2,1,2,2,2,2,2,2,2,2,3,2,2,,2,2,2,3,2,0,2,2,3,2,2,2,3,2,2,2,5.0,2,2,2,,2,2,2,3,2,2,2,2,3,2,2,,2,2,2,2,2,2,2,,2,4,,2,2,2,2,2,2,3,3,2,3,3,2,2,2,2,,2,2,3,,2,3,3,3,3,3,,3,,3,2,3,2,2,2,2,2,3,3,2,3,,2,2,2,2,3,,,2,2,2,2,2,2,2,,2,2,2,,2,3,2,2,2,,2,3,3,2,2,2,5.0,3,2,3,2,2,2,3,3,2,2,2,5.0,2,,2,2,2,2,3,2,3,2,2,2,,2,2,2,1,3,3,2,3,2,1,3,2,3,2,2,2,3,2,,2,2,3,2,2,3,2,2,2,2,,2,2,2,2,,2,3,2,3,3,5.0,,,3,2,3,2,2,2,,2,,,,2,2,2,2,,3,2,2,,2,2,,,2,,3,,3,4,,2,3,2,2,2,2,2,2,3,3,3,2,2,2,2,2,3,2,2,3,2,3,1,2,2,3,,3,2,,2,2,,,2,2,,3,3,,3,2,2,3,3,2,3,2,5.0,2,2,3,2,2,3,,2,2,2,2,,2,2,,,5.0,,3,2,2,3,2,3,,2,3,3,,,2,3,,2,,2,3,,2,3,3,,3,,3,2,3,,3,2,,3,,2,,0.0,3,,3,2,2,2,2,,3,3,2,2,,,2,2,3,3,2,2,3,3,3,2,3,,3,3,2,1,3,2,3,2,2,,3,3,,3,,,3,,2,,2,2,3,2,2,2,2,2,3,2,,,,3,2,1,,3,3,3,2,2,2,3,5.0,2,,2,3,3,3,2,2,,3,3,,3,2,2,3,3,3,,,,,,3,,,2,3,,,,107,2,0.018327605956471937
2,2,2,2,1,2,2,2,2,2,2,1,2,2,2,2,2,1,2,2,1,1,2,1,2,2,2,2,1,2,1,1,2,2,2,2,2,2,2,2,2,1,2,2,1,2,2,2,2,2,1,2,2,2,2,2,2,2,1,2,2,2,1,2,2,2,2,2,2,2,2,2,2,2,1,2,3,2,2,2,2,2,0,1,1,2,1,2,2,2,2,2,2,2,2,2,2,2,2,1,1,2,2,2,2,1,1,2,2,2,2,2,2,2,2,1,2,2,2,2,2,1,2,2,2,2,2,2,2,1,2,1,2,2,2,2,2,2,2,2,2,2,2,2,2,1,2,1,2,2,2,2,1,1,2,2,2,2,2,2,1,2,2,1,2,2,1,2,1,2,2,2,2,1,2,3,2,2,2,1,1,2,2,1,2,2,2,2,2,2,2,1,2,2,2,2,2,2,2,2,2,2,3,2,2,2,2,2,2,2,2,1,1,2,2,1,2,2,2,2,2,2,2,2,2,2,2,2,2,2,2,2,2,1,2,2,2,2,2,2,2,2,2,2,2,2,2,2,2,2,2,2,2,2,2,2,2,2,2,2,2,2,0,2,2,2,2,3,2,2,0,2,2,2,2,2,2,2,1,2,1,2,1,2,2,2,2,2,2,2,2,2,1,2,2,2,2,2,2,2,2,2,2,2,2,2,2,2,2,2,2,2,2,2,1,3,2,2,2,2,2,2,3,2,2,2,2,2,2,2,3,2,2,2,3,3,2,2,2,2,1,2,2,2,2,1,2,1,2,2,2,2,2,1,2,2,1,2,2,2,2,2,2,2,2,2,2,2,2,3,2,2,2,2,2,2,1,1,2,2,2,2,2,3,2,2,2,2,2,2,2,2,2,1,2,2,2,2,3,2,2,2,2,2,1,2,1,2,2,2,2,2,2,2,3,4,3,2,2,1,2,2,2,2,1,2,1,1,3,2,2,2,2,2,2,2,3,2,2,3,2,2,2,2,2,2,2,2,2,,2,3,2,2,2,2,3,2,2,2,2,3,1,,2,3,2,2,2,2,2,2,3,2,1,3,3,3,2,3,2,2,2,2,2,2,1,2,2,2,2,2,1,1,2,2,2,2,1,2,2,2,2,2,2,2,2,3,2,2,2,2,3,2,3,2,3,3,2,2,2,2,3,2,,0,2,3,3,2,2,2,2,1,3,2,2,2,2,3,2,1,2,2,1,2,1,3,2,2,2,2,2,2,2,2,3,2,2,2,2,,2,2,2,3,3,3,2,2,3,2,2,2,3,2,2,2,,3,2,2,,3,2,2,2,2,2,2,2,2,2,2,,3,2,2,2,2,2,2,,2,4,,2,2,3,3,2,0,2,2,2,3,3,2,3,3,2,,2,2,3,,2,3,3,4,3,3,,3,,3,2,3,2,2,2,2,2,3,2,2,2,,2,2,2,2,2,,,2,2,2,2,2,2,2,,3,2,2,,3,3,3,2,3,,2,3,2,2,2,2,,3,2,3,2,2,2,2,3,2,2,2,0.0,3,,2,2,2,2,2,2,3,3,2,2,,2,3,2,2,2,2,2,3,3,2,2,2,2,2,3,2,3,2,5.0,2,3,2,2,0,4,2,1,2,3,,2,2,2,2,2.0,2,3,3,3,3,,,,0,2,3,2,2,3,,2,,,,2,2,3,3,,3,2,2,5.0,3,2,,,2,,2,,3,4,3.0,2,3,2,3,3,3,2,2,3,3,3,2,2,2,2,2,2,3,3,2,2,3,2,2,2,3,,3,2,,2,3,,,2,2,,2,3,,3,2,2,3,3,4,3,2,,3,2,3,3,2,3,,2,3,1,2,,1,3,,,,,3,3,3,3,2,3,,2,3,3,,,2,3,,2,,2,3,,0,2,2,,3,,3,2,3,,3,2,,3,,2,,,2,,2,2,2,2,2,,3,3,2,2,,,3,2,3,3,2,2,3,2,3,3,3,,3,3,3,2,3,2,2,2,0,,3,3,,3,,,3,,2,,2,2,2,3,2,3,3,2,3,3,,,4.0,4,1,3,,3,2,3,3,3,2,3,,3,,3,3,3,3,3,3,,3,3,,3,3,3,3,2,3,,,,,,3,,,2,3,,,,108,2,0.017201834862385322
2,2,2,2,1,1,2,2,2,2,1,1,2,2,1,2,2,1,1,2,1,1,2,2,2,2,2,2,1,2,1,2,2,2,2,2,2,2,2,2,2,1,1,3,1,2,1,2,2,2,2,2,1,2,2,2,2,2,2,2,2,2,1,1,1,1,2,2,2,1,2,2,2,2,0,2,2,2,2,1,2,1,1,1,2,1,2,1,2,2,2,2,2,2,2,2,2,2,2,2,2,2,2,2,2,1,1,1,1,2,2,2,2,1,1,2,1,2,2,2,1,1,2,2,2,2,2,2,1,1,2,2,2,0,1,2,2,1,2,2,2,2,1,1,2,2,2,1,2,2,2,2,1,2,2,2,2,2,2,2,1,1,2,1,2,1,1,1,1,1,1,2,1,1,2,2,2,2,2,2,2,2,2,1,1,2,2,1,2,1,1,2,2,2,2,2,2,2,1,2,2,2,2,2,2,2,2,2,1,2,1,1,1,2,1,1,2,2,1,1,1,1,1,1,2,1,1,2,1,2,2,1,2,2,2,2,2,2,2,2,2,2,2,2,2,1,3,2,2,1,2,2,2,2,1,1,1,2,1,2,2,2,2,2,2,2,2,3,2,2,2,2,2,2,2,1,2,2,2,2,1,2,1,1,2,2,2,2,2,2,1,1,2,2,2,1,2,2,2,2,1,2,2,1,2,2,1,1,1,1,1,2,1,2,0,2,2,1,2,2,2,2,2,2,2,2,2,2,2,0,2,2,2,1,2,3,2,2,2,2,1,1,2,2,3,2,2,2,3,2,3,2,2,2,3,2,1,2,2,2,2,1,1,1,2,1,2,1,2,2,2,1,2,2,2,2,2,2,2,2,2,2,3,3,2,2,2,2,2,2,2,2,2,2,2,2,2,2,3,1,1,1,2,1,2,1,2,2,2,2,2,2,2,2,3,4,3,1,2,1,1,2,2,2,1,2,1,2,2,2,2,2,3,2,0,2,3,2,2,3,1,2,2,2,2,2,2,2,2,,1,2,2,2,2,2,2,2,1,1,1,2,2,,2,2,2,2,2,2,2,2,2,1,1,3,2,2,1,3,1,2,1,2,2,2,2,3,3,2,2,2,2,1,2,1,2,2,2,2,2,2,2,2,2,2,1,2,2,1,3,2,3,1,2,2,2,2,2,2,2,2,3,2,,2,2,2,2,2,2,1,2,2,2,2,2,2,2,2,2,2,0,2,1,2,2,2,2,2,2,2,2,2,2,2,2,2,3,2,1,0.0,2,2,2,2,3,2,1,2,3,2,2,2,2,2,2,2,,2,2,2,,3,2,2,3,2,2,2,2,2,2,2,,2,2,2,2,2,2,2,,2,4,,2,2,2,2,2,2,3,3,2,3,3,3,2,3,2,,2,2,2,,2,3,3,3,3,3,,2,,3,2,3,2,2,2,2,2,3,3,2,2,,2,0,2,2,3,,,2,2,2,2,2,2,2,,2,2,2,,3,3,3,2,2,,2,3,3,2,2,2,,3,2,3,2,2,2,2,3,2,2,3,,3,,2,2,2,2,3,2,2,2,2,2,3.0,2,2,2,3,2,3,2,3,2,2,3,2,2,2,2,2,3,2,,2,2,3,3,3,3,2,2,2,2,3.0,2,2,2,2,,2,3,2,2,3,,,,1,2,2,2,2,2,,2,,,,2,2,2,3,,3,3,2,3.0,3,2,3.0,,2,,2,,3,4,,2,2,2,3,2,2,2,3,3,3,2,2,2,0,2,2,3,2,2,2,2,3,1,2,2,3,,0,2,,2,2,,,2,2,,2,3,,3,3,2,2,3,3,2,2,,2,2,3,3,3,3,,2,3,2,2,,2,2,,,,,3,3,2,3,3,2,,1,3,2,,,2,3,,2,,2,2,,2,3,3,,2,,3,2,3,,2,2,5.0,3,,2,,,3,,2,2,3,2,2,,2,3,2,2,,,2,2,2,3,3,2,3,2,2,2,3,,3,3,2,2,3,2,3,2,3,,3,3,,3,,,3,,3,,3,2,3,2,3,2,2,2,3,2,,5.0,,3,2,3,,2,3,3,2,2,2,3,,2,,2,3,3,2,2,2,,2,3,,3,2,3,2,2,3,,,,,,3,,,2,3,,,,109,2,0.016018306636155607
2,2,1,2,2,1,2,2,2,3,2,2,2,2,2,2,2,2,2,2,2,1,2,2,2,2,2,2,1,2,2,2,2,2,2,2,2,2,2,2,2,2,2,3,2,2,2,2,1,3,2,2,3,2,2,2,2,0,1,2,2,2,2,2,1,2,2,2,2,2,2,2,2,2,2,2,2,2,2,2,2,2,2,2,1,2,1,2,2,2,0,2,2,2,2,2,1,2,2,2,2,2,2,2,2,0,1,1,1,2,2,2,2,2,1,1,2,2,2,2,2,2,3,2,2,2,1,2,2,2,2,2,2,2,2,2,2,2,2,2,2,2,2,1,2,2,2,2,2,2,3,2,2,2,2,2,2,2,1,1,1,2,1,2,2,1,2,2,2,1,1,2,2,2,2,2,2,2,3,2,1,2,3,1,2,3,2,2,2,2,2,2,2,2,2,2,2,2,2,2,2,2,3,2,3,2,2,2,2,2,1,1,2,3,2,2,2,2,2,3,2,2,2,2,2,2,2,3,2,0,2,2,2,2,2,2,2,2,2,2,2,2,1,1,2,2,3,3,3,2,2,2,1,2,2,2,1,0,1,2,3,2,2,2,2,3,3,3,2,2,2,2,2,2,2,2,3,3,2,2,2,1,2,1,2,1,2,2,2,2,2,2,2,3,2,2,2,3,2,3,2,2,2,1,2,2,2,3,2,2,2,2,2,3,2,3,3,2,2,2,2,2,3,2,3,2,2,2,2,1,3,3,3,1,3,3,2,2,1,2,2,3,2,2,3,2,2,2,3,2,3,2,2,2,3,2,2,2,2,3,2,2,2,2,2,2,1,2,2,2,2,2,2,2,3,1,2,2,3,2,2,2,3,3,3,3,3,2,2,2,3,3,2,2,2,2,3,2,3,2,2,1,2,3,2,2,3,3,2,2,2,2,1,2,3,4,3,2,2,2,2,2,2,2,2,1,2,2,2,2,2,2,2,2,1,3,3,2,2,0,2,2,2,2,2,2,3,3,2,0.0,1,3,3,2,2,2,2,2,2,2,2,3,2,,2,3,2,2,2,2,2,2,3,2,1,3,2,2,1,3,2,2,2,3,2,2,2,3,3,1,2,3,2,2,1,2,2,3,2,2,3,3,3,3,2,3,2,3,2,2,2,2,2,2,2,2,2,2,2,2,2,2,3,2,,3,2,2,2,2,3,2,2,2,2,3,2,2,3,2,3,2,2,1,1,2,2,2,2,2,2,2,2,2,3,3,3,2,3,2,2,,2,2,2,3,3,3,2,3,3,2,2,2,2,3,2,2,,3,2,2,,3,2,2,2,2,2,2,2,3,2,2,,3,2,2,2,2,1,3,,2,4,4.0,2,3,2,2,2,2,3,3,2,3,3,3,2,3,2,,2,2,2,,2,3,3,3,3,3,,2,,3,2,3,2,2,2,2,2,3,3,2,3,,2,2,2,2,3,,,2,2,2,2,2,2,2,,3,2,2,3.0,3,3,3,3,3,,2,3,2,2,2,2,,3,2,3,2,3,2,3,3,2,3,3,,3,,0,2,3,2,3,3,3,3,2,2,,2,2,2,3,2,3,3,2,2,2,3,2,3,2,3,2,3,2,,2,3,3,3,3,3,3,2,2,3,,3,2,2,2,,2,3,2,3,3,,,,3,3,3,3,2,3,,2,3.0,2.0,,3,2,3,3,,3,3,3,,3,2,,,3,,2,,3,4,,3,3,3,3,3,2,2,3,3,3,2,2,2,2,2,2,3,2,2,2,2,3,2,3,2,3,,4,2,,2,3,,,2,3,,2,0,,3,3,2,3,2,4,3,2,,2,3,2,3,3,3,,2,3,2,3,,1,2,4.0,,,,2,3,3,3,3,2,4.0,3,2,2,,,2,3,,2,,3,2,,2,2,3,,3,,3,2,3,,2,2,,3,,2,,,3,,3,3,3,3,2,,3,3,3,2,,,3,2,2,4,2,3,4,2,2,0,2,,3,2,2,2,3,3,3,3,3,3.0,3,3,,4,,,3,,3,,2,2,3,3,3,3,3,3,3,3,,,,4,2,3,,3,3,4,3,3,2,4,,3,,2,3,2,2,2,2,,2,3,,3,2,3,3,2,2,,,,4.0,,3,,,3,3,,4.0,,110,2,0.022962112514351322
2,2,1,1,1,1,1,2,1,2,2,2,0,1,2,2,2,2,2,2,2,2,2,2,2,2,2,2,2,1,2,2,2,2,2,2,2,1,2,2,2,2,2,2,2,2,2,2,3,3,3,2,3,2,2,2,2,2,1,0,3,2,1,1,2,2,2,2,2,2,2,3,3,3,2,3,2,2,2,2,2,2,1,2,2,2,1,2,2,1,2,2,2,1,2,2,2,2,2,2,2,2,2,2,2,2,2,1,2,3,3,3,3,2,2,2,2,2,2,3,3,1,3,2,2,2,2,2,2,2,2,2,2,2,2,2,2,1,2,2,2,2,2,2,3,2,2,2,3,2,2,2,2,2,2,2,2,2,2,2,1,2,2,2,2,2,2,2,2,2,2,2,2,2,1,2,3,2,3,2,2,2,3,2,1,2,2,2,2,2,2,2,1,2,2,2,2,2,3,2,2,2,3,2,2,2,2,2,2,2,2,2,2,2,2,2,1,2,2,2,3,1,1,2,2,2,2,2,2,2,2,2,2,2,2,2,2,2,2,2,3,3,2,2,2,2,2,2,3,1,2,2,2,2,2,2,2,3,2,2,2,2,2,2,2,2,2,2,2,2,3,2,1,1,2,2,3,2,2,2,2,2,2,2,2,2,2,2,2,3,2,2,2,2,3,2,2,2,0,2,1,2,2,2,2,2,2,1,2,2,0,2,2,2,2,2,2,2,2,2,2,2,2,0,2,2,2,2,2,2,3,2,2,2,2,2,2,2,2,2,2,3,2,2,3,2,2,2,3,2,2,2,2,2,3,2,2,2,2,2,2,2,2,2,3,1,2,2,2,2,3,2,2,2,2,2,2,2,3,2,3,3,3,3,3,2,3,3,2,2,2,3,3,2,3,2,3,2,3,3,2,2,3,2,2,2,2,2,2,2,2,2,1,2,4,4,1,2,2,2,1,2,2,2,2,2,2,2,2,2,1,2,3,3,2,2,3,2,2,3,2,2,3,2,2,2,2,1,1,,2,2,1,2,2,2,3,2,2,2,2,0,2,,2,3,1,2,2,2,2,3,3,2,2,3,3,3,2,3,2,2,2,2,2,2,2,2,2,2,2,3,2,2,1,2,2,3,2,2,2,2,2,3,2,2,2,3,2,2,2,2,3,2,2,2,2,2,2,2,1,2,3,3,,2,2,2,2,2,2,2,2,1,3,2,2,2,3,2,2,2,3,2,2,2,2,3,2,2,2,2,2,3,2,2,3,2,2,3,2,,2,2,2,2,2,3,2,1,1,2,2,2,3,3,2,3,,2,2,2,,2,3,2,2,2,2,2,2,2,2,2,,3,2,3,2,3,2,2,,3,4,,2,2,3,2,2,2,3,3,2,3,2,3,2,3,3,,3,2,2,,2,3,3,3,3,3,,2,,3,2,3,3,2,2,3,2,3,3,0,2,,2,3,2,2,3,,5.0,2,2,2,2,2,2,2,,2,2,2,,2,2,3,3,2,,2,3,3,1,2,2,,4,2,3,2,3,1,2,3,2,2,1,,3,,3,3,2,2,3,2,3,3,2,3,,3,2,3,2,0,3,2,3,3,2,3,3,3,2,2,3,2,2,,2,2,2,3,3,3,3,2,2,3,4.0,3,2,3,2,,2,3,3,3,3,,,,3,2,3,2,3,2,,3,,,,3,1,2,3,,3,3,2,,2,3,,5.0,2,,3,,3,3,,3,3,2,3,3,3,2,2,3,2,2,1,2,3,1,2,3,2,3,3,2,2,2,3,2,1,,3,2,,2,3,,,2,2,0.0,3,3,,3,3,2,3,3,4,3,2,,3,3,2,3,3,3,,2,3,2,3,,1,3,,,,,2,3,3,3,3,3,,3,3,3,,,2,3,,2,,3,3,,3,2,3,,3,3.0,3,2,2,,3,2,,3,3.0,2,,3.0,3,,3,2,3,3,3,,3,2,3,3,,,3,3,3,3,2,3,3,3,3,3,3,3.0,3,3,3,2,2,3,3,3,3,,3,3,,3,,3.0,3,,3,,2,2,3,3,3,2,3,2,2,3,,,,4,2,3,,3,3,3,3,3,0,4,,3,,3,3,3,3,2,3,,3,3,,3,3,3,3,2,2,,,,,,3,,,3,2,,,,111,2,0.02534562211981567
2,2,1,2,2,2,2,2,2,2,2,2,2,2,1,2,2,2,2,2,2,1,2,2,2,2,2,2,1,2,2,2,2,2,2,1,1,2,2,2,2,2,2,3,2,2,0,2,2,2,2,2,2,2,2,2,2,2,2,2,2,2,1,2,2,2,2,2,1,2,1,2,2,2,2,2,2,2,2,1,2,1,1,1,1,2,0,1,2,2,2,2,2,2,1,1,1,2,1,2,1,2,2,1,2,1,1,1,2,2,2,3,3,1,1,1,2,2,2,2,2,1,2,2,2,1,2,2,1,1,2,2,1,2,2,2,2,2,2,2,2,1,1,2,2,1,2,2,2,2,2,2,2,2,2,1,2,1,2,2,1,2,1,2,2,1,1,2,2,1,1,2,1,1,2,3,2,2,2,2,1,1,1,1,2,2,2,2,2,2,2,1,2,2,2,2,2,1,2,2,2,2,3,1,2,2,2,2,2,2,1,1,1,2,2,2,2,0,2,2,2,2,2,2,2,2,2,2,2,2,2,2,2,2,2,2,1,2,1,2,2,2,2,2,2,2,3,3,2,1,2,2,1,2,1,2,1,2,2,2,2,2,2,1,2,2,2,3,2,2,2,1,1,2,1,2,2,2,2,2,1,2,1,1,2,2,2,2,2,2,1,2,2,2,2,1,1,3,2,2,1,2,2,1,2,2,2,3,2,2,2,2,2,3,2,3,2,2,1,2,1,1,2,2,2,2,1,2,2,1,3,2,2,1,2,2,2,2,2,2,1,2,2,2,2,2,2,2,2,2,2,0,2,1,2,2,2,2,2,2,2,2,2,1,2,1,1,2,2,2,2,1,2,2,2,2,2,1,2,2,2,2,2,2,2,1,2,2,2,0,2,2,2,1,2,1,2,2,2,2,2,2,2,2,1,1,2,2,2,2,2,2,2,2,3,4,3,1,2,1,1,2,2,2,1,2,2,1,1,2,2,2,2,2,1,2,2,2,1,2,2,1,0,2,1,1,2,2,2,,2,2,2,2,2,2,3,2,2,2,2,2,2,,2,2,2,2,2,2,2,2,3,1,2,3,3,3,2,3,2,2,2,2,2,1,2,3,3,2,2,2,2,2,2,1,2,2,2,2,2,3,2,3,2,2,1,3,2,2,2,2,2,2,3,2,2,2,1,2,2,1,3,2,,2,2,2,2,2,2,0,2,1,3,2,2,2,2,2,2,2,2,2,2,2,1,2,1,2,2,2,2,1,2,2,2,2,3,2,2,,2,2,2,3,2,2,2,2,3,2,2,2,3,2,2,2,,2,2,2,,2,2,2,2,2,2,2,2,2,2,2,,2,2,2,2,3,2,2,,2,4,,2,2,2,2,1,2,3,3,2,2,3,2,2,2,2,5.0,2,2,3,3.0,2,2,3,3,3,3,5.0,2,3.0,3,2,3,2,2,2,2,2,3,3,2,2,,0,2,2,2,3,,2.0,2,2,2,2,2,2,2,,3,2,2,,2,2,3,2,2,,2,2,3,2,1,2,,3,1,3,2,2,2,3,3,2,2,2,,2,,2,2,2,1,2,2,3,3,2,2,,2,3,2,2,3,3,2,3,2,2,2,2,2,2,2,2,3,2,,2,2,2,2,2,3,2,2,2,2,,2,2,2,2,,2,3,2,3,3,3.0,,5.0,2,2,2,2,0,2,,2,,,,2,2,3,2,4.0,3,2,2,,3,2,,,2,3.0,3,4.0,3,3,,2,3,2,3,3,2,2,3,3,3,2,2,2,2,1,2,3,3,2,3,2,3,1,3,2,3,,3,2,,2,2,,3.0,2,2,,3,3,,3,2,2,3,2,3,3,2,,2,2,2,2,2,3,,2,2,2,2,,2,2,,,,,3,3,2,3,2,3,,2,3,3,,3.0,2,3,,2,0.0,2,2,,2,2,3,,2,,2,2,3,,2,2,,3,,2,5.0,4.0,3,,3,2,2,2,2,,3,3,2,2,,,2,2,2,3,3,2,2,2,2,3,3,,3,2,2,1,3,3,2,2,2,,3,3,,3,,,3,,2,,2,2,2,2,2,2,2,2,3,3,,,,4,2,3,,3,3,3,3,2,2,3,,2,,2,3,2,2,2,2,5.0,2,3,,3,2,3,3,2,3,4.0,,4.0,,,3,,,2,3,,,,112,2,0.03930635838150289
2,2,2,2,2,1,2,2,2,3,2,2,2,2,2,2,2,1,2,2,2,2,3,1,2,2,2,2,1,2,1,2,2,2,2,2,2,2,2,2,2,0,2,3,2,2,2,2,2,2,2,2,2,2,2,2,3,2,2,2,2,2,1,2,2,2,2,2,2,2,2,2,3,2,2,3,2,2,2,2,2,2,1,2,2,1,1,1,2,2,2,2,2,1,2,1,2,3,2,2,2,3,3,2,2,1,2,1,2,3,3,3,3,1,1,1,2,2,3,2,2,1,2,1,2,2,3,2,2,1,2,2,2,2,2,2,1,2,2,2,2,2,2,2,2,2,2,2,2,2,2,2,1,2,2,2,2,1,2,2,1,2,2,2,2,1,1,2,2,1,2,2,2,2,2,3,2,2,2,1,1,1,2,2,2,3,2,2,2,2,2,1,3,3,2,2,2,2,2,2,2,2,3,2,2,2,2,2,2,2,2,2,1,3,2,1,2,2,2,2,2,2,2,2,2,2,2,2,2,2,2,2,2,2,2,3,2,2,2,3,3,3,2,2,2,2,3,3,2,1,2,2,2,2,2,2,2,2,2,3,2,2,1,2,2,3,3,3,2,2,2,2,2,3,3,2,3,2,2,2,2,2,1,1,2,2,2,2,2,2,2,2,2,3,2,1,2,2,3,3,2,2,2,2,2,3,2,2,2,2,2,2,2,2,2,3,2,2,2,2,2,2,3,2,3,2,2,2,2,2,3,2,3,1,3,3,1,2,2,2,2,2,1,2,2,2,2,0,2,1,2,2,1,2,3,2,2,2,3,3,2,1,2,2,2,1,2,2,2,3,2,2,2,2,2,2,2,1,2,1,2,2,0,2,2,2,2,2,2,2,2,2,2,2,2,2,2,2,2,2,2,2,2,2,2,2,3,2,2,2,2,2,2,2,3,4,3,2,2,2,2,2,2,2,2,2,2,2,2,2,2,2,3,2,2,3,2,2,0,3,2,2,2,2,2,2,2,3,2,,2,3,3,2,2,2,3,2,2,2,1,3,2,,2,3,2,2,2,3,2,2,3,2,2,3,3,3,2,3,2,2,1,2,2,2,2,3,3,2,2,3,2,2,2,2,2,3,2,3,3,3,3,3,2,2,2,3,2,2,3,2,3,2,3,2,2,2,2,2,2,2,3,3,,3,2,2,2,2,2,2,2,2,3,3,2,2,3,3,2,2,3,2,2,2,2,2,2,2,2,2,2,2,2,3,3,2,3,2,2,,2,2,2,3,3,3,2,2,3,3,2,2,3,2,2,2,,3,2,2,5.0,3,2,2,3,2,2,2,2,3,1,2,,3,2,2,3,3,2,2,,3,4,,2,3,2,3,2,1,3,3,2,3,3,3,3,3,2,,2,3,3,,2,0,3,4,3,3,,3,,3,3,3,3,2,2,2,2,3,3,2,3,3.0,3,3,2,2,2,,,2,2,2,2,2,2,2,,3,2,2,,3,3,3,3,2,,2,3,3,3,2,2,,3,2,3,2,3,2,3,3,3,3,3,,3,,3,3,3,2,3,3,3,3,2,3,,2,3,2,3,2,3,3,3,2,0,3,3,3,2,3,2,3,2,,3,3,3,2,3,3,2,2,2,3,,3,0,2,3,,2,3,2,3,3,,,,2,2,3,2,3,2,,3,,,,2,2,2,3,,3,2,3,3.0,3,2,,,2,5.0,3,,3,4,,3,3,2,3,3,2,3,3,3,3,3,2,2,2,2,2,2,3,2,3,2,3,2,3,2,3,,4,3,,2,3,,,2,0,,3,4,,3,2,2,3,3,4,3,3,,2,3,3,3,2,3,,3,3,2,2,,2,2,,,,,3,3,3,3,2,3,,2,3,3,,,2,3,,2,,2,2,,3,3,3,,3,,3,2,3,3.0,2,2,,3,,2,,,2,,3,3,0,2,2,,3,3,3,2,,,2,2,2,4,3,3,4,3,2,3,3,,3,3,3,2,3,3,3,2,3,,3,3,,4,,,3,,2,,3,2,3,3,2,2,3,3,3,3,,,5.0,3,2,3,,3,3,4,3,3,2,4,,2,,2,3,2,3,3,2,,2,3,0.0,3,2,3,3,3,3,,,,,,3,,,3,3,,,,113,2,0.011389521640091117
2,1,2,2,2,2,2,2,2,3,2,2,2,1,2,2,2,1,2,2,2,1,2,1,2,2,2,2,2,2,2,2,2,2,2,2,1,2,2,2,1,1,1,3,2,2,2,2,1,2,2,1,1,1,2,2,2,2,2,2,2,2,1,2,1,2,2,2,2,2,2,2,2,2,2,0,2,2,2,2,1,2,1,1,1,2,1,1,2,2,2,2,2,2,1,1,1,2,2,2,2,2,2,2,2,1,1,1,2,2,2,2,2,2,1,1,1,2,2,2,2,1,2,2,2,2,2,2,0,2,2,2,2,2,2,2,2,2,2,2,2,2,1,2,2,2,2,2,2,2,2,2,2,2,2,2,2,2,2,2,1,2,1,2,2,1,1,1,2,1,2,2,2,2,1,3,2,2,2,2,2,2,2,2,1,3,2,2,2,1,2,2,3,3,2,2,1,1,1,0,1,1,2,1,1,1,1,1,2,2,2,2,1,3,2,1,2,2,1,2,2,2,1,2,2,2,1,2,1,2,2,2,2,2,2,2,2,2,2,3,3,3,2,2,2,2,3,3,2,1,2,2,2,0,1,2,1,2,1,2,3,1,2,2,2,3,3,3,2,2,2,2,2,2,2,2,2,2,1,2,1,2,1,1,2,2,2,2,2,3,2,2,2,2,2,1,2,2,2,2,1,1,2,2,2,2,2,2,2,2,2,2,2,2,0,2,2,2,2,2,2,2,2,2,3,2,2,2,2,2,3,2,3,1,3,3,2,2,2,1,1,2,2,2,2,2,2,2,3,2,2,2,2,2,3,2,2,2,2,3,2,2,2,1,2,1,1,1,2,2,1,2,2,2,3,2,2,1,2,2,2,2,2,2,2,2,2,2,2,2,2,2,2,2,2,2,2,2,2,2,2,2,2,2,2,1,3,2,2,2,2,2,2,2,2,3,3,2,1,1,1,2,2,2,2,2,2,0,2,2,2,2,2,2,1,3,3,2,2,2,2,2,2,1,2,2,2,3,2,,2,3,2,2,2,2,2,2,2,2,2,3,2,,2,2,2,2,2,2,1,2,3,2,1,3,2,2,2,3,2,2,2,2,2,2,1,3,3,2,2,2,2,2,1,1,2,2,2,3,3,3,3,3,2,2,2,1,2,2,2,2,2,2,2,2,3,3,2,2,2,2,3,2,,3,1,2,3,2,2,2,2,2,3,2,2,2,3,2,2,2,2,2,2,2,2,2,2,2,2,2,2,2,2,2,3,2,3,2,2,,2,2,2,3,3,3,2,2,3,2,2,2,3,2,2,0,1.0,2,2,2,,3,2,2,3,2,2,2,2,2,1,2,,2,2,2,3,3,2,2,,3,4,4.0,1,3,2,2,2,2,3,3,1,3,3,3,3,3,2,,2,2,3,,2,3,3,3,3,3,,3,,3,2,3,2,2,2,2,2,3,3,2,2,,2,2,2,1,3,,5.0,2,2,2,2,2,2,2,,2,2,2,,3,3,2,2,2,,2,3,3,2,2,2,,3,2,3,2,3,2,2,3,3,3,3,,2,,3,2,3,2,3,2,3,3,2,2,,2,3,2,3,3,3,3,2,0,2,2,2,3,2,2,2,3,2,,3,2,2,3,3,4,2,2,2,2,,2,2,2,2,,2,2,2,3,3,4.0,,,2,2,3,2,3,2,,2,,3.0,,2,2,3,3,,3,2,2,,2,2,,,2,,3,,3,0,,2,3,2,3,2,2,3,3,3,3,3,2,2,2,2,2,3,2,2,3,2,3,1,3,2,3,,3,3,,2,3,4.0,5.0,3,2,,3,3,,3,3,2,3,3,4,3,3,,2,2,3,3,3,3,,2,3,2,2,,2,2,,,,,3,2,2,3,3,3,,2,3,3,,,2,3,,2,,2,2,,2,3,3,,2,,2,1,0,,2,2,3.0,3,,2,,,3,,2,3,2,1,2,,2,3,3,2,,,1,1,2,4,3,2,3,3,2,2,3,,3,3,3,1,3,3,3,2,3,,3,3,,4,,,3,,2,,3,2,3,3,2,2,2,3,3,3,5.0,,,4,2,2,,2,3,3,3,2,2,4,,2,,2,3,2,2,2,2,,2,3,,2,2,3,3,3,3,,,,,,3,,,2,3,,,,114,2,0.01366742596810934
2,2,2,2,2,1,1,2,3,3,2,2,2,2,2,2,2,2,2,2,2,2,3,2,2,2,3,2,2,2,2,2,3,3,3,2,2,2,3,2,2,2,2,4,2,2,2,2,0,3,2,2,3,2,2,2,0,2,2,2,2,2,2,1,2,2,1,0,2,2,2,3,3,2,2,2,2,2,3,2,2,2,2,2,1,3,2,2,2,2,2,2,2,2,2,2,1,3,3,3,2,2,2,2,2,1,2,2,2,3,3,2,2,2,2,2,2,2,2,2,2,2,3,2,3,3,2,2,2,1,2,2,2,1,2,2,2,2,2,2,2,2,2,2,2,2,2,2,3,2,2,2,2,2,2,2,2,2,2,2,1,2,2,2,2,2,2,2,1,2,2,2,2,2,1,2,2,3,3,2,2,1,2,1,2,3,2,2,2,2,2,2,3,2,2,2,3,2,2,2,2,2,3,2,2,2,1,2,2,2,1,1,1,3,2,2,3,2,2,3,3,2,2,2,2,3,2,3,2,2,2,2,2,2,2,2,2,2,2,2,2,2,2,2,2,2,3,3,3,2,2,2,1,2,2,2,1,1,2,3,3,2,3,2,3,3,3,3,2,2,2,2,2,3,3,2,2,3,2,2,2,2,2,2,2,2,2,3,2,3,2,0,2,3,1,1,2,3,3,3,2,2,2,1,2,2,2,2,2,2,2,3,2,3,2,3,1,2,2,3,2,2,3,2,3,2,2,2,2,2,3,3,3,2,3,3,2,2,2,2,2,2,2,2,3,2,1,2,3,2,3,2,2,2,3,2,2,2,3,3,3,2,2,2,2,2,2,2,2,2,2,2,2,2,3,2,2,2,2,0,2,2,2,2,1,2,2,2,2,2,2,2,2,2,2,2,2,2,2,2,2,2,2,2,2,2,3,3,2,2,2,2,2,2,3,4,3,2,2,2,2,3,2,2,2,2,2,2,3,2,2,2,3,3,2,2,3,2,2,3,2,2,2,2,2,2,3,3,3,,1,3,3,2,2,2,3,2,2,2,2,3,2,,2,3,2,2,2,2,3,2,3,2,2,3,3,3,2,3,2,2,2,3,2,2,2,3,3,2,2,3,2,2,2,2,2,3,3,3,3,3,3,3,2,3,2,3,2,2,3,2,3,2,3,2,2,2,2,2,2,3,3,3,,3,2,2,2,3,3,2,2,2,2,3,3,3,3,3,3,2,1,2,0,2,2,2,2,2,2,2,2,3,3,3,3,2,3,3,2,,2,2,2,3,3,3,2,3,3,2,2,3,3,3,2,3,,3,2,2,,3,2,2,3,3,2,3,2,3,3,3,,3,3,3,2,2,2,3,,2,4,,2,3,3,2,2,2,3,4,2,3,3,3,2,3,3,,2,3,2,,3,2,3,3,3,3,,3,,3,3,3,3,2,3,3,2,3,3,3,3,,3,3,2,2,3,,,2,3,2,3,2,3,2,,3,3,3,4.0,3,4,3,3,3,,2,3,3,2,3,3,,3,2,3,3,3,2,3,3,2,3,3,,3,,2,3,3,3,3,3,3,3,2,3,,2,2,3,3,3,3,3,3,3,2,3,2,3,2,3,3,3,3,,2,3,3,3,3,3,3,2,2,3,,2,3,3,2,,3,4,3,3,3,,,,2,3,3,3,3,3,,3,5.0,,,2,3,3,3,,4,3,3,,3,2,,,2,,3,,0,4,,3,3,3,3,3,0,2,3,3,3,2,2,3,3,2,2,3,2,3,3,3,3,2,3,2,3,,4,2,,2,3,,,2,3,,3,4,,4,3,2,3,2,4,3,2,,2,3,2,3,3,3,,2,3,2,3,4.0,2,3,,,,,2,3,3,3,3,3,,3,3,3,,,3,3,,2,3.0,3,3,,3,3,3,,3,,4,3,3,,3,2,4.0,3,,2,,,4,5.0,3,3,3,3,2,,3,3,3,3,,,3,3,3,3,2,3,4,2,3,2,2,,3,3,0,2,3,3,3,2,3,,3,3,,3,0.0,,3,,2,,2,2,3,3,3,3,3,3,3,3,,,,4,2,3,4.0,3,3,4,3,3,2,4,,3,,3,3,3,3,3,3,,3,3,,3,3,3,3,2,3,,,,,,3,,,3,3,,,,115,2,0.014840182648401826
2,2,0,1,2,2,1,2,2,3,2,2,2,1,2,2,2,1,2,2,2,1,2,1,2,2,2,2,2,2,2,2,2,2,2,2,2,2,2,2,2,2,2,3,2,2,2,2,2,2,3,2,2,2,2,2,2,1,1,2,2,2,1,2,1,2,2,2,1,2,2,2,2,2,2,2,2,2,2,2,2,2,2,1,1,2,1,2,2,2,2,2,2,2,2,2,2,2,2,2,2,2,2,2,2,2,2,1,2,3,2,3,3,2,1,2,2,2,2,2,2,1,2,2,2,2,2,2,2,1,2,2,2,2,2,2,3,2,2,2,2,2,1,2,2,2,1,2,2,2,2,2,2,2,2,2,2,2,2,2,1,2,2,1,2,2,1,2,1,2,2,2,2,2,2,2,2,1,2,2,1,1,2,1,2,2,2,2,1,2,2,2,2,2,2,2,2,2,2,2,2,2,3,2,2,2,2,2,2,2,2,2,2,2,2,2,2,2,2,2,0,2,2,2,2,2,2,2,2,2,2,2,2,2,2,2,2,2,1,2,2,2,2,2,2,2,3,3,2,1,2,2,1,1,2,2,2,2,2,2,3,2,2,2,2,3,2,3,2,2,2,2,2,2,2,2,3,2,2,2,2,1,2,1,2,2,2,2,2,3,2,2,2,3,2,2,2,2,2,2,2,2,2,2,2,2,2,2,1,2,2,2,2,3,2,2,2,2,2,2,0,2,2,2,2,2,2,2,2,2,3,2,3,1,3,3,2,2,2,2,2,3,2,2,2,2,2,2,3,2,1,2,2,2,2,2,2,2,3,2,3,2,2,2,3,2,2,2,2,2,3,2,2,2,3,2,2,1,2,2,2,1,2,2,2,2,2,2,2,2,2,2,2,1,2,2,2,2,3,2,2,2,3,2,1,1,2,2,2,1,2,2,1,2,3,4,3,2,0,2,2,2,1,2,2,2,2,2,2,2,2,2,2,2,1,2,3,3,2,3,2,2,2,2,2,2,2,2,2,,2,3,3,2,2,2,2,2,2,2,2,2,2,,2,2,2,2,2,3,2,2,3,2,2,3,3,3,2,2,1,2,2,2,2,2,2,3,3,2,2,2,2,2,1,2,2,2,2,2,3,3,3,3,2,2,2,3,2,2,2,3,3,2,3,2,2,2,2,2,2,2,3,2,,2,2,2,2,2,2,2,2,1,3,3,1,2,3,2,2,2,2,2,2,2,1,2,2,2,2,2,2,2,3,2,3,2,3,2,2,,2,2,1,3,3,3,2,3,3,2,2,2,3,3,2,2,,2,2,2,,3,2,2,2,2,2,2,2,3,1,2,,3,2,2,2,2,0,2,,2,4,,2,3,2,2,2,2,2,3,0,2,3,3,3,3,2,,2,2,2,,2,2,3,3,3,3,,2,3.0,3,2,3,2,2,2,2,2,3,3,2,2,,2,2,2,2,2,,,2,2,2,2,2,2,2,,3,2,2,,3,2,3,2,2,,2,3,2,2,0,2,,3,2,3,2,3,2,3,3,2,3,3,,3,,3,3,3,2,3,2,3,3,2,2,,2,3,2,3,3,3,3,3,3,2,2,3,3,2,3,2,3,2,,2,3,3,3,2,3,3,1,2,3,,3,2,3,2,,2,3,2,3,3,,,,2,2,3,2,2,2,,2,,,,2,2,3,3,,3,3,3,,2,2,,,2,,3,,3,4,,2,3,2,2,3,3,2,3,3,3,3,2,2,2,1,2,3,2,3,3,2,3,2,2,0,3,3.0,4,2,,2,3,,,2,2,,3,3,,3,3,2,3,3,4,3,2,,2,3,2,3,2,3,,2,3,2,2,,1,3,,,,,2,3,3,3,3,3,,2,3,3,,,2,3,,2,,2,3,,3,1,3,,3,,3,2,3,,2,2,,3,,2,,,3,,3,2,2,2,2,,3,3,3,2,,,3,2,2,3,2,2,4,2,2,3,3,,3,3,3,2,3,2,3,2,2,,3,3,,3,,,3,4.0,2,,2,2,3,3,2,2,3,3,3,3,,,,4,2,0,,3,3,3,3,3,2,4,,3,,2,3,3,3,2,2,,2,3,,3,3,3,3,2,2,,,,0.0,5.0,3,,,3,2,,,,116,2,0.014891179839633447
2,2,2,2,2,2,2,1,1,2,2,2,1,2,2,1,2,1,1,1,1,1,2,2,2,1,2,2,2,1,2,1,2,2,2,2,2,2,2,2,2,2,1,2,1,2,2,1,2,2,2,2,2,2,2,2,2,2,2,2,2,2,1,2,2,2,2,2,2,2,2,2,2,2,1,2,2,2,2,2,2,2,1,2,2,2,0,1,2,2,1,2,2,1,2,2,1,2,2,2,2,2,3,1,2,2,1,1,2,3,3,3,2,1,1,1,2,2,2,2,2,2,2,2,2,2,3,2,2,2,2,2,2,2,2,2,2,2,2,1,1,1,2,2,2,2,2,2,2,2,1,1,2,2,2,2,1,2,2,2,1,1,2,1,1,1,1,2,2,2,2,2,2,2,2,3,2,1,2,2,2,1,2,2,2,3,2,2,2,1,1,1,3,3,2,2,2,2,2,2,2,2,3,1,2,1,2,2,2,1,2,2,1,2,2,1,2,2,1,2,2,2,1,1,2,1,1,2,2,2,2,2,2,1,1,2,2,2,2,2,2,2,2,2,2,2,2,2,2,1,2,1,2,2,2,2,2,3,2,2,2,1,2,1,1,1,2,2,2,1,3,2,2,2,1,1,2,2,2,2,2,2,2,1,2,2,2,2,2,3,2,2,2,2,2,1,2,2,2,3,2,2,2,2,2,3,2,2,2,2,2,2,2,2,2,2,2,2,1,2,2,2,1,2,2,2,2,2,1,2,2,2,2,2,1,0,2,2,2,2,1,2,2,2,2,2,2,2,3,2,2,2,2,2,3,2,2,2,1,2,2,0,1,2,2,2,2,2,1,2,2,2,2,2,2,2,0,1,2,2,2,2,2,2,2,2,2,2,2,2,1,2,1,1,2,1,2,2,2,2,2,2,2,2,2,2,2,2,2,2,2,2,2,2,3,3,3,1,2,2,1,1,2,2,2,2,2,2,2,1,2,2,3,2,1,2,2,2,1,2,2,2,2,2,1,2,2,2,2,,2,2,0,1,2,2,3,2,2,0,2,2,2,,1,3,1,1,2,2,2,2,2,2,2,3,3,3,2,2,2,2,2,2,2,2,2,2,2,2,2,2,2,2,2,2,2,3,1,1,2,2,2,2,2,2,1,3,2,2,2,2,3,2,2,2,3,3,2,2,2,2,3,3,,2,2,2,2,1,2,2,2,1,3,2,2,2,3,3,2,0,3,2,2,2,2,2,2,2,2,2,2,2,2,2,2,2,2,2,1,,2,2,2,2,2,3,2,2,2,3,2,1,3,3,2,2,,1,2,2,,3,3,2,2,2,2,2,2,1,2,2,,3,2,2,2,3,2,2,,3,4,4.0,2,2,3,2,2,2,2,2,2,2,2,3,3,3,2,,3,2,3,,2,2,3,3,3,3,,3,,0,2,2,3,2,2,2,2,0,3,2,2,2.0,2,3,2,2,2,,,1,2,2,2,2,1,2,,3,2,2,,2,2,3,3,2,5.0,2,3,3,3,2,2,,3,2,3,2,3,2,2,2,3,2,2,,3,,3,3,2,2,3,2,3,3,2,2,,2,3,2,2,3,3,3,3,2,2,3,2,2,2,3,2,2,1,,3,2,2,2,3,4,2,2,2,3,,3,2,2,2,,1,3,2,3,2,,,,2,2,3,2,3,2,,3,4.0,,,2,2,2,3,,3,2,2,,3,2,,4.0,2,,3,,3,2,,3,3,2,3,3,3,3,2,2,3,3,2,2,2,2,2,3,3,2,3,2,2,2,2,2,2,,4,3,,2,3,,,3,2,,3,3,5.0,3,2,2,2,3,4,2,3,,2,3,3,3,2,3,,2,3,2,2,,2,2,,,,,3,3,2,3,2,3,,2,3,3,,,2,3,,2,,2,2,,2,3,3,,3,,3,2,2,,2,2,,3,,2,,,3,,2,2,2,2,2,,2,2,2,2,,,3,3,2,3,3,2,4,2,2,3,3,,0,3,3,2,1,2,3,3,3,,3,3,,3,,,3,,2,,3,2,2,3,3,2,3,2,2,3,,2.0,,4,2,3,,2,2,4,3,3,1,3,,3,4.0,1,2,2,2,2,2,,2,3,5.0,2,2,3,3,3,3,,,,,,3,,,3,3,,5.0,,117,2,0.02768166089965398
2,2,2,2,2,1,2,1,2,2,2,1,1,2,1,2,2,2,2,2,2,2,2,2,2,2,2,2,1,2,2,2,2,2,2,2,2,2,2,1,0,2,2,3,2,2,2,2,2,2,2,2,2,2,2,2,3,2,2,2,2,2,1,2,1,2,2,2,2,2,2,2,3,2,2,2,2,2,2,2,2,2,1,1,1,2,1,2,2,2,2,2,2,2,2,2,2,2,2,2,2,3,2,2,2,2,2,2,2,3,2,2,2,2,2,2,2,2,2,2,2,2,2,2,2,2,3,2,2,1,2,2,2,2,2,2,2,2,2,2,2,1,2,2,2,2,2,2,2,2,2,2,2,2,2,2,2,2,2,2,1,2,2,2,2,1,2,1,2,2,2,2,2,2,2,3,2,2,2,2,2,2,2,2,2,3,2,2,2,2,2,2,3,3,2,2,2,2,2,2,2,2,3,2,2,2,2,2,2,2,2,2,2,2,2,2,2,2,2,2,2,2,2,2,2,2,2,2,2,2,2,1,2,2,2,2,2,2,2,3,2,3,2,2,2,1,2,2,3,1,2,2,2,2,2,2,2,2,1,2,3,2,2,2,2,2,2,2,2,1,2,2,2,2,2,2,3,2,2,2,2,2,2,1,2,2,2,2,2,2,1,2,2,2,2,2,2,3,3,3,2,2,2,2,2,2,2,3,2,2,2,3,2,3,2,3,2,3,2,3,2,2,2,2,2,2,2,2,2,2,2,3,2,2,3,2,2,2,2,2,2,3,2,2,2,2,2,2,3,2,1,2,2,2,3,2,2,2,2,2,2,2,1,2,3,0,2,2,2,3,2,2,2,2,2,2,2,1,2,2,2,2,3,3,3,2,2,2,2,2,2,2,0,2,2,2,3,2,3,2,2,2,2,2,2,2,2,2,2,2,2,2,2,2,3,4,3,2,2,2,2,1,2,2,2,2,2,2,2,2,2,2,3,2,1,2,2,2,1,3,2,2,2,2,2,2,2,2,2,,2,1,2,2,2,2,3,2,2,2,2,2,2,,2,2,0,2,2,2,2,2,3,2,2,3,3,3,2,3,2,2,2,2,1,2,2,2,2,2,2,2,2,2,2,2,2,3,2,2,2,3,2,3,2,2,1,3,2,2,2,2,3,2,3,2,3,3,2,3,2,2,3,2,,2,2,2,1,2,2,2,3,1,3,3,2,2,3,3,2,2,3,2,2,2,2,2,1,2,2,2,2,2,3,2,3,2,2,2,1,,2,1,2,3,2,2,2,2,2,3,0,2,3,2,2,2,,2,2,2,,2,2,2,3,2,2,2,2,2,1,2,,3,3,2,3,3,2,1,,3,3,,2,2,3,3,2,2,3,3,2,2,3,3,3,2,2,,2,2,3,,2,3,3,4,3,3,,3,,3,3,3,2,2,2,2,2,3,3,2,2,,2,3,2,2,2,3.0,,2,2,2,3,3,2,2,,3,3,2,,2,3,3,3,3,,2,3,3,2,2,3,,3,2,3,2,2,2,3,3,3,2,2,,3,,3,2,2,2,3,3,3,3,2,3,,3,3,3,2,3,3,3,3,2,2,0,3,2,2,3,3,3,2,,3,2,3,3,3,4,3,2,2,2,3.0,3,2,2,2,,2,3,3,3,3,3.0,,,3,2,3,3,3,2,,3,,,5.0,1,3,3,3,,3,2,3,,3,2,,,2,,3,,3,3,,3,2,3,3,3,2,3,2,3,3,3,2,2,2,2,2,0,2,2,3,2,3,2,2,1,2,,4,3,,2,3,,0.0,3,2,,3,3,,3,3,2,3,3,3,3,3,,2,3,3,3,2,3,,3,3,2,3,,2,2,,,,,3,3,3,3,3,3,,3,3,3,,,2,3,,3,,3,2,,3,3,3,,3,,3,2,3,,3,2,,3,,2,,2.0,3,,3,2,2,2,3,,3,3,2,2,,,2,2,3,3,3,2,4,3,3,3,3,,3,3,3,2,3,3,3,0,3,,1,3,,3,,,3,,3,,3,2,3,3,2,3,2,2,2,3,,,,4,2,3,,3,3,4,3,3,2,3,,3,,3,3,3,3,2,3,,3,3,,3,3,3,3,3,3,,,,,,3,,,3,3,0.0,,,118,2,0.020689655172413793
2,2,2,2,2,2,2,1,2,2,1,1,1,0,2,2,2,2,2,1,2,1,2,1,2,2,2,1,1,1,1,2,1,2,2,1,1,1,1,2,1,2,2,2,2,2,2,1,2,2,2,1,2,2,2,2,2,2,2,2,2,1,1,1,2,1,2,2,2,2,2,2,2,2,2,2,2,2,2,2,2,2,1,2,1,2,1,1,2,2,2,2,2,1,2,2,1,2,2,2,2,2,3,2,2,2,2,1,1,0,2,2,2,2,1,1,2,2,2,2,2,1,2,2,2,2,2,0,1,1,1,2,2,1,2,2,2,2,2,2,2,2,2,2,2,1,2,2,2,2,2,2,2,2,2,2,2,2,2,2,1,2,2,2,2,1,1,1,1,1,1,1,0,2,2,3,2,2,2,2,1,2,2,1,1,3,2,2,2,2,2,2,3,2,2,2,2,1,2,2,2,2,3,2,2,2,2,1,2,2,2,2,2,2,1,2,2,2,2,2,2,2,2,2,2,2,2,2,2,2,2,2,2,2,2,2,2,2,2,2,2,2,2,2,2,2,2,2,3,1,2,2,2,2,2,1,2,2,2,2,2,0,2,1,2,2,1,0,2,2,2,2,2,3,2,2,3,2,2,2,1,2,2,2,2,1,2,2,2,2,2,2,2,2,2,2,2,2,2,2,2,2,2,2,2,2,2,2,2,2,2,2,2,3,2,3,2,3,1,2,2,2,2,2,0,2,2,2,2,2,3,2,2,1,3,3,2,2,2,1,2,3,1,2,2,2,1,2,2,2,2,1,2,2,3,2,2,2,2,1,2,1,2,2,2,1,2,2,2,2,2,2,2,2,2,1,2,1,2,2,2,2,3,3,3,2,3,2,2,2,2,2,2,2,2,2,2,2,3,2,2,2,2,2,2,2,2,2,2,1,2,1,2,1,3,4,3,2,2,2,1,0,2,2,1,2,2,2,2,2,2,2,2,2,1,2,3,2,2,2,1,2,2,1,2,2,2,2,2,,1,2,2,2,2,2,3,1,1,2,2,2,2,,2,3,1,2,2,2,2,2,3,2,2,3,2,2,2,3,2,1,2,1,2,2,1,2,2,2,2,2,2,2,2,2,2,2,1,2,2,2,2,2,2,2,2,3,2,2,2,2,3,2,2,1,2,2,2,2,2,2,3,2,,2,1,2,3,2,2,2,2,1,2,2,2,2,3,3,2,2,2,2,2,2,2,2,2,2,1,2,2,2,2,2,2,2,2,2,2,,2,2,2,2,2,3,2,2,2,2,2,2,2,2,2,2,,2,2,2,4.0,3,2,2,3,2,2,2,2,2,2,2,,3,2,2,2,2,2,2,,2,4,,2,2,2,2,2,2,3,3,2,3,3,3,3,3,2,,2,2,2,3.0,2,3,3,3,3,3,,2,,3,2,3,3,2,2,3,2,3,3,2,2,,2,2,2,1,3,,,1,2,2,2,2,1,2,,3,2,2,,2,3,3,3,2,,2,3,2,2,2,2,,3,2,3,2,2,2,3,3,2,2,2,,3,,2,2,2,2,3,2,3,3,2,2,,2,3,3,2,2,2,3,3,2,2,2,2,3,2,2,2,3,2,,2,2,2,3,3,3,3,2,2,2,,2,2,2,2,,2,3,2,3,3,,,,2,2,3,2,3,2,,2,,,,2,2,3,3,,3,2,2,,2,2,,,2,3.0,3,,3,4,,3,3,2,2,3,2,3,2,3,3,3,2,2,2,2,2,3,3,2,3,2,3,1,2,2,2,,3,2,,2,3,,,2,2,,2,3,,3,3,2,3,3,4,2,2,,2,3,3,3,2,3,,2,3,2,2,,2,2,,,,0.0,3,2,2,3,3,3,,2,3,3,,,2,2,,2,,2,2,,3,3,3,,3,,3,2,3,5.0,2,2,0.0,3,,2,,,3,,3,2,2,2,2,3.0,3,2,2,2,,,2,2,2,3,2,2,3,2,2,3,3,,3,3,3,2,3,3,3,2,3,,3,2,,3,,,3,,3,,2,2,2,3,2,2,2,2,2,3,3.0,5.0,,4,2,2,,3,3,3,3,2,2,3,,2,,2,3,2,3,1,2,,2,3,,2,2,3,3,2,3,,,,,,3,,,3,3,,,,119,2,0.014823261117445839
3,3,2,2,2,2,3,3,2,3,3,2,3,2,3,2,3,2,2,2,2,2,3,2,2,3,3,2,2,2,2,3,2,3,3,2,2,3,3,3,3,2,3,3,2,2,2,2,2,3,3,2,3,3,3,3,3,3,2,3,3,3,1,2,2,2,3,3,2,3,3,3,3,3,3,3,0,2,2,3,2,2,2,2,2,3,2,2,3,2,3,3,1,2,2,3,2,3,3,3,2,3,3,3,3,2,2,2,2,0,3,3,3,2,1,2,2,3,3,2,3,2,3,3,3,3,3,2,2,2,3,3,3,2,3,3,3,2,3,3,3,2,2,2,3,2,3,2,3,3,3,3,2,2,2,2,3,3,2,3,2,3,3,2,2,2,2,3,2,2,2,2,2,2,2,3,2,3,3,2,2,3,3,2,2,3,2,2,2,2,2,3,3,3,3,3,2,1,3,2,3,2,3,3,3,2,2,3,3,3,2,2,2,3,3,2,2,3,3,3,3,3,3,3,3,3,2,3,3,3,2,3,2,2,2,3,2,3,2,3,3,3,2,3,3,2,3,3,3,2,3,2,2,2,2,2,2,3,3,3,3,2,2,2,3,3,3,3,3,2,3,3,3,3,3,3,3,3,3,2,2,2,2,2,3,2,3,3,2,3,2,3,3,3,3,2,3,3,3,3,2,3,2,2,3,3,2,2,3,3,2,3,3,3,3,3,3,3,2,3,2,2,3,3,3,3,2,3,3,2,3,3,3,1,3,3,2,3,2,3,2,3,2,3,3,3,3,3,3,3,3,3,3,3,3,2,2,2,3,3,2,2,2,3,3,2,2,2,3,3,2,2,3,2,3,2,3,3,3,3,3,3,3,4,3,3,3,3,3,3,3,3,3,2,3,3,3,3,4,3,2,2,3,3,2,2,2,3,2,2,3,2,2,3,3,4,3,2,3,2,3,2,2,1,2,3,2,2,3,3,2,3,3,3,2,3,3,3,2,3,2,2,2,2,2,3,3,3,2,,3,3,3,3,3,2,3,0,2,3,2,3,3,,3,3,3,2,3,3,3,3,3,2,2,3,3,3,3,4,2,3,2,3,3,2,2,3,3,3,3,3,3,2,2,2,3,3,2,3,3,3,3,3,2,2,2,4,2,3,3,3,3,3,3,3,3,3,2,3,2,3,4,3,5.0,3,3,2,3,3,0,2,3,1,3,3,3,3,2,3,3,2,3,3,3,3,2,2,3,3,3,3,3,3,2,3,3,3,3,3,3,,2,3,3,3,3,3,3,2,3,3,3,3,3,3,3,3,5.0,3,3,2,,3,3,2,3,3,3,3,3,3,2,3,,3,3,3,3,3,2,3,,3,4,,3,3,0,3,3,3,3,4,3,3,3,3,3,3,3,,3,3,3,,2,3,4,4,4,4,,3,,3,3,3,3,3,3,3,3,4,3,3,3,,3,3,3,3,3,,,3,3,3,3,3,3,3,,4,3,3,,3,4,3,3,2,,3,4,3,3,3,3,,4,3,4,3,3,3,3,3,3,3,3,,3,,3,3,3,3,4,3,3,4,3,3,,3,3,3,3,3,3,2,3,3,2,3,3,3,3,3,3,3,2,,3,3,3,4,3,4,3,2,3,3,,3,3,3,2,,3,4,3,4,3,,,,3,3,4,3,3,3,4.0,3,,5.0,4.0,3,3,0,4,,4,4,3,,3,3,,,3,,3,,4,4,,3,3,3,3,3,3,3,3,3,3,3,3,3,2,2,3,3,3,3,3,2,4,2,3,3,3,,3,3,0.0,3,3,,,3,3,,3,4,,4,4,3,4,3,4,3,3,,2,3,3,3,3,3,,3,3,2,3,,2,3,,,,,3,3,3,3,4,3,,3,4,3,,,3,3,,3,5.0,3,3,0.0,3,3,3,,3,,3,2,4,,2,3,,4,,3,,,4,,4,3,3,3,3,,3,4,3,3,,,3,3,2,4,3,3,3,3,2,3,3,,3,3,3,2,3,3,4,3,3,,4,3,,4,0.0,,4,5.0,3,5.0,3,2,3,3,3,3,0,3,3,4,,,,5,3,3,,3,3,4,4,3,1,4,,3,,2,4,3,3,3,2,,2,3,,3,3,3,4,3,3,,,,,,3,,,3,3,,,,120,2,0.021764032073310423
1,2,2,2,2,1,2,2,2,3,2,2,2,1,2,2,0,2,2,2,2,2,3,2,2,2,3,2,2,2,2,2,2,2,2,2,2,3,2,2,2,2,2,3,2,2,2,2,2,3,3,2,2,2,2,2,2,2,2,2,2,2,1,2,1,2,2,2,1,2,2,2,3,3,2,3,3,2,2,2,2,1,2,2,2,2,1,2,2,2,2,2,2,1,2,2,2,2,2,2,2,2,2,2,2,2,2,1,2,2,3,3,3,2,2,2,2,2,2,3,2,1,2,2,2,2,2,2,1,2,2,2,2,2,2,2,2,2,2,2,2,2,2,2,2,2,2,2,2,2,2,2,2,2,2,2,2,1,1,1,1,2,2,2,2,2,2,2,2,1,2,2,2,2,1,2,1,2,2,2,2,2,3,1,2,3,2,2,2,2,2,1,3,2,2,2,2,2,2,2,2,2,3,2,2,2,2,2,2,1,1,1,2,3,2,2,2,2,2,0,2,2,1,2,2,2,2,2,2,2,2,2,2,1,1,2,1,0,0,2,2,1,1,1,1,2,3,3,2,2,2,2,1,2,2,2,2,2,2,3,3,2,2,2,2,3,2,3,2,2,2,2,2,2,2,2,3,2,2,2,1,2,1,2,2,2,2,2,2,3,1,2,2,3,2,2,2,2,3,3,2,2,2,2,2,2,0,3,2,2,2,2,2,3,1,2,2,3,2,2,2,2,2,2,3,2,2,2,3,2,3,2,3,2,3,3,2,2,2,2,1,3,1,0,2,2,2,2,2,2,2,2,2,2,3,2,2,2,3,3,3,2,2,2,2,2,2,2,2,2,3,2,2,2,3,2,2,2,2,2,2,2,3,3,3,2,3,3,2,2,2,2,2,2,2,2,3,2,3,2,2,2,3,3,2,1,3,3,2,2,2,2,2,2,4,4,3,2,2,2,2,2,2,2,1,2,1,2,2,2,2,2,3,2,1,2,3,2,2,3,1,2,3,2,2,2,2,2,2,,2,3,3,2,2,2,2,2,2,2,2,3,2,,2,3,2,2,2,2,3,2,3,2,2,3,3,3,2,3,2,2,2,2,2,3,2,3,3,2,2,3,2,2,2,2,2,2,2,2,3,2,3,3,2,3,2,2,2,2,3,2,3,2,3,2,3,3,2,2,2,2,3,2,,2,2,2,2,3,3,2,2,2,3,2,3,2,2,3,2,2,2,2,2,2,2,3,2,2,2,2,2,2,2,3,3,2,3,2,2,,2,2,2,3,3,2,2,3,3,2,2,2,3,2,2,3,,3,2,2,,2,3,2,1,2,2,2,2,2,2,3,,3,2,2,2,3,2,2,,3,4,,2,3,3,3,2,2,3,3,2,3,3,2,3,2,2,,2,3,3,,2,3,3,3,2,3,,3,,2,2,2,3,2,2,2,2,3,3,2,3,,2,3,2,2,3,,,2,2,2,3,2,2,2,,3,2,3,3.0,3,3,3,3,2,,1,2,3,2,3,2,,3,2,3,2,3,2,3,3,2,3,3,,2,,2,2,3,2,3,3,3,3,2,3,,2,3,2,3,3,3,2,3,3,2,3,2,3,2,1,2,3,2,,2,3,3,3,3,4,3,2,2,2,,2,3,2,2,,2,3,2,3,3,,,,2,3,3,2,3,2,,2,,,,2,2,3,3,,3,3,2,,3,2,3.0,,2,,3,,3,4,,2,3,3,3,3,3,3,3,3,3,2,2,2,2,2,2,3,2,3,3,2,3,1,3,2,3,0.0,2,2,,2,0,,,2,2,,3,3,,3,3,2,3,3,0,3,2,,3,3,3,3,2,3,,2,3,2,2,,2,3,3.0,,,,3,3,0,3,3,3,,3,3,3,,,2,3,,2,,3,3,,3,3,3,,3,,3,2,3,,3,2,,3,,2,,,3,,3,3,2,2,2,,2,3,3,2,,,2,2,3,3,3,2,3,2,3,2,2,,3,2,2,1,3,3,3,2,3,4.0,3,2,,3,,3.0,3,,3,,2,2,3,3,3,3,2,2,3,3,,,,4,1,3,,3,3,4,3,2,2,4,,2,,3,2,3,3,2,3,,3,3,,3,3,3,3,2,3,,,,,,3,,,3,3,,,,121,2,0.02306805074971165
2,2,2,2,2,1,2,2,2,3,2,2,2,2,2,2,2,2,2,2,2,2,3,2,2,3,3,2,2,2,2,2,3,2,3,2,2,2,2,2,2,2,2,3,2,2,2,2,1,2,2,2,3,2,2,2,2,2,2,2,2,2,1,2,2,2,2,2,2,2,2,2,2,2,2,2,2,2,2,2,2,2,1,1,1,2,1,2,2,2,2,2,1,2,2,2,1,3,2,2,2,2,2,2,2,2,1,1,3,3,2,3,2,1,1,1,2,2,2,2,2,1,2,2,2,2,2,2,2,2,2,1,2,2,2,2,2,2,2,2,2,2,2,2,2,2,2,2,2,3,2,2,1,2,2,2,2,2,2,2,1,2,2,2,2,2,1,2,2,2,2,2,2,2,2,3,2,2,3,2,2,2,3,2,2,3,2,2,2,2,2,2,2,2,2,2,2,2,3,2,3,2,3,2,2,2,2,2,2,2,2,2,1,3,2,2,2,2,2,2,2,2,2,2,2,2,2,3,2,2,2,3,2,2,2,2,2,2,2,3,2,3,2,2,3,2,3,3,2,2,2,2,2,2,2,2,1,3,2,2,3,2,2,0,2,3,3,3,2,2,2,2,2,3,2,2,3,2,2,2,1,2,1,1,2,2,2,2,2,3,2,2,2,3,2,2,2,3,2,3,2,2,2,2,2,2,2,3,2,2,2,2,2,3,2,3,2,3,2,2,2,2,3,2,3,2,2,2,3,2,3,3,3,1,3,3,2,2,2,2,2,3,2,2,3,2,2,2,3,2,3,2,3,2,3,2,2,2,2,3,3,2,2,2,2,2,2,2,2,2,2,2,2,0,2,2,2,2,3,2,2,2,3,3,3,2,3,2,2,2,2,3,2,2,2,2,3,3,3,2,2,2,3,3,2,2,3,3,2,2,2,1,2,2,3,4,3,2,2,2,2,2,2,2,2,2,2,2,2,2,2,2,2,2,2,2,3,2,2,2,2,2,2,2,2,2,2,3,2,,2,3,3,2,2,2,3,2,2,2,2,3,2,,2,3,2,2,2,2,2,2,3,2,2,3,3,3,2,3,2,2,2,2,2,2,2,2,3,2,2,3,0,2,2,2,2,3,2,3,3,3,3,3,2,3,2,3,2,2,2,2,3,2,3,1,2,2,2,2,2,2,3,3,,3,2,2,2,2,0,2,2,2,3,3,2,2,2,3,2,2,3,2,2,3,2,2,2,2,2,2,2,2,3,2,2,2,3,2,2,,2,2,2,3,3,3,2,3,3,2,2,2,3,3,2,2,,3,3,2,,3,3,2,3,3,2,3,2,3,2,2,,3,2,2,3,3,2,3,4.0,0,4,,2,3,2,2,2,1,3,3,2,3,3,3,2,3,3,,2,3,3,,2,3,3,3,3,4,,3,5.0,3,3,3,3,2,2,3,2,3,2,2,2,,3,3,2,2,3,,,3,2,3,2,2,2,3,,3,2,3,,3,3,3,2,3,,2,3,2,2,2,2,,4,2,4,2,3,3,3,3,2,3,3,,3,,3,2,3,2,3,3,3,0,2,3,,2,3,3,3,3,3,3,3,2,0,2,2,3,2,3,3,3,2,,2,3,3,3,3,3,3,2,2,3,,3,2,2,2,,2,3,3,3,3,,0.0,,3,3,3,2,3,2,,3,,5.0,,3,3,3,3,0.0,4,3,3,,3,2,,,3,,3,,3,4,,3,3,2,3,3,3,3,3,3,3,2,2,3,2,2,2,3,2,2,3,2,3,2,2,2,3,,4,3,,2,3,,,2,2,,3,3,,3,3,2,3,3,4,3,3,,2,3,3,3,3,3,,3,3,2,2,,2,3,,5.0,,,3,2,2,3,3,3,,3,3,3,4.0,,3,3,,2,,2,3,,3,3,3,,3,5.0,3,2,3,4.0,2,2,,3,,2,,,3,,3,3,3,3,3,,3,3,3,2,,,3,3,2,3,3,3,4,2,2,3,3,,3,3,3,2,3,3,3,3,3,,3,3,,3,,,3,,3,,2,2,3,3,3,3,3,3,3,3,,,,4,2,3,,3,3,4,3,3,2,4,,3,,2,3,3,3,3,2,,0,3,,3,2,3,3,3,3,,,,,,3,,,3,3,,,,122,2,0.01366742596810934
2,2,2,2,2,2,2,2,2,2,2,1,2,1,2,2,2,2,2,2,2,2,2,2,3,2,2,2,2,2,2,2,2,2,2,2,2,3,2,2,2,1,1,2,1,1,1,2,2,3,3,2,2,2,2,2,2,2,2,3,2,2,1,2,1,2,2,2,2,2,2,3,3,2,2,2,3,2,2,2,2,2,2,2,2,2,2,1,2,2,2,2,2,2,2,2,2,2,2,2,1,2,2,2,2,2,1,1,2,3,3,3,3,2,2,1,2,2,1,3,2,1,2,2,1,2,2,2,1,2,2,2,2,2,2,2,2,2,2,2,2,2,1,2,2,1,2,0,2,2,2,2,2,2,2,2,2,2,1,2,1,2,2,2,2,1,1,1,2,2,2,2,2,1,2,3,3,2,2,2,2,2,0,1,2,2,2,2,2,2,2,2,3,3,2,2,2,2,2,2,2,2,2,2,2,2,2,2,2,2,1,2,2,1,2,2,2,2,1,2,2,2,2,2,2,2,2,2,2,2,2,2,2,2,2,2,2,2,2,2,2,2,2,2,2,2,2,2,2,2,2,2,2,2,2,2,2,2,2,2,3,2,2,2,2,2,2,3,2,1,2,2,2,1,2,2,3,2,2,2,2,2,2,1,2,2,2,2,2,3,2,2,2,2,1,2,2,2,2,3,0,1,2,2,2,2,2,2,2,2,2,2,2,3,2,3,2,3,2,2,2,2,2,2,2,2,2,2,2,1,3,2,2,2,2,2,2,2,2,2,2,3,2,2,3,2,2,2,3,2,2,2,2,2,2,2,2,2,2,2,2,2,2,2,3,2,2,2,2,3,2,2,2,2,2,2,2,1,2,2,2,2,3,3,2,2,3,2,2,2,2,2,2,2,2,1,2,2,3,2,2,2,3,3,2,2,2,2,2,2,2,2,2,2,3,4,3,2,2,1,2,2,2,2,2,2,2,2,2,2,2,2,3,2,1,2,2,1,2,3,2,2,3,2,2,2,2,2,2,,2,3,2,2,2,2,3,2,2,2,1,0,2,,2,3,2,2,2,3,3,2,3,2,2,3,2,3,2,3,2,2,0,2,2,3,2,2,2,1,2,2,2,2,2,2,2,2,1,1,2,2,2,2,2,2,2,3,2,2,3,2,3,2,2,2,3,3,2,2,2,2,4,3,,2,2,3,2,2,2,1,3,1,3,2,3,2,2,2,3,2,2,2,2,2,2,2,2,2,2,2,2,3,2,2,3,2,3,2,2,4.0,2,3,2,3,2,3,2,2,3,2,2,2,3,2,2,2,,2,2,2,,3,3,3,3,3,2,2,2,1,1,2,,2,2,3,2,3,2,2,,3,4,,2,2,3,2,2,2,3,3,2,3,2,2,3,3,2,,3,2,3,,2,3,3,4,3,3,,3,,3,2,3,2,2,1,2,2,3,3,2,2,,2,2,2,2,3,,,2,2,2,3,2,2,2,,3,2,2,,3,3,3,3,2,,3,3,3,2,2,2,,3,2,3,2,3,2,3,3,3,2,2,,3,,3,3,2,2,3,3,3,3,2,3,,2,3,2,2,3,3,3,3,3,2,3,3,3,2,3,2,2,2,,3,3,3,3,3,4,3,2,1,2,5.0,2,2,2,2,,2,3,3,3,2,,,,3,2,3,2,2,2,,2,,,,2,2,3,3,,3,3,3,,3,2,,,3,,3,,3,3,,3,3,2,3,2,3,3,2,3,3,3,2,2,2,2,3,3,3,2,3,2,2,1,3,2,3,,4,3,,2,3,,,2,2,,3,4,2.0,2,3,2,3,3,4,3,3,,2,3,3,3,3,3,,3,3,2,2,,2,2,,3.0,,,3,3,3,3,3,3,,2,3,3,,,2,3,,2,,2,2,,3,3,3,,3,,3,2,4,,3,2,,3,,2,,,3,,3,2,2,0,2,,3,0,2,2,,,2,2,3,3,3,1,4,3,3,2,2,,2,2,0,2,2,3,3,2,2,,3,3,,3,,2.0,3,,3,,3,2,2,3,3,2,2,0,3,3,,,,4,2,3,,3,2,4,3,2,3,3,,2,,3,3,0,3,2,3,,3,3,,3,3,4,3,3,3,,,,,,4,,,3,3,,,3.0,123,2,0.017201834862385322
2,2,2,2,2,1,2,2,2,3,2,2,2,1,2,2,2,2,2,2,2,1,2,2,2,2,2,2,1,2,2,2,2,2,2,2,2,2,2,2,2,2,2,3,2,2,1,2,2,3,3,2,3,2,2,2,2,2,2,2,2,2,1,2,2,2,2,2,2,2,2,2,2,2,2,2,1,2,2,2,0,1,1,2,2,3,2,2,2,2,2,2,2,2,2,2,1,0,2,1,2,2,2,2,2,1,1,1,2,2,2,3,2,2,0,1,2,2,2,2,3,1,2,2,1,2,2,2,1,1,2,2,2,2,2,2,2,1,2,0,2,2,2,2,2,2,2,2,2,2,2,2,2,2,2,2,2,2,1,2,1,2,2,2,2,1,1,2,1,1,1,2,2,2,2,3,3,2,3,2,2,2,2,1,1,2,2,2,2,2,2,2,2,2,2,2,2,2,2,2,2,2,3,2,2,2,2,2,2,1,2,2,2,2,2,2,2,2,2,2,2,2,2,2,2,2,2,2,2,2,2,2,2,2,1,2,2,2,2,2,2,2,2,1,2,2,3,3,2,1,2,2,2,1,2,2,1,2,2,2,3,2,2,2,2,3,2,3,2,2,2,2,2,2,2,2,2,2,2,2,2,2,1,1,2,2,2,2,2,3,2,2,2,3,2,2,2,3,2,2,1,2,2,1,2,2,2,2,2,2,2,2,2,3,2,3,2,3,2,0,2,0,2,2,2,2,2,2,2,1,2,2,3,2,2,1,2,2,1,2,1,3,2,2,3,2,2,2,3,2,2,2,2,2,2,2,1,2,2,3,2,2,2,2,2,2,2,1,2,2,2,1,2,2,2,1,2,2,2,1,2,2,3,3,1,2,3,2,2,2,2,2,1,2,2,1,2,2,3,2,2,2,3,2,2,2,2,3,2,2,2,1,2,2,3,3,3,2,2,2,1,2,2,2,1,2,1,2,2,2,2,2,3,2,1,2,2,2,1,0,2,2,2,2,2,2,2,2,2,,2,3,2,2,2,1,3,2,2,2,2,2,2,,1,3,2,2,2,2,2,2,3,1,2,2,2,2,2,3,2,2,2,2,2,2,2,3,3,2,2,2,2,2,2,2,2,2,2,3,3,2,3,3,2,2,2,3,2,2,3,2,3,2,2,2,2,2,2,2,2,2,3,2,,3,2,2,2,2,2,2,3,1,3,2,2,2,3,3,2,2,2,2,2,2,1,2,2,2,2,2,2,3,2,3,3,2,3,2,2,,2,2,2,3,3,3,2,2,3,2,2,2,3,3,2,2,,1,2,2,,3,2,2,2,2,2,2,2,1,2,2,,3,2,3,2,2,2,2,,2,4,,2,3,3,2,2,2,3,3,2,3,3,2,2,3,2,,3,2,3,,2,3,3,3,3,3,,3,,2,2,2,1,2,2,3,2,3,3,2,3,,2,3,2,2,3,,,2,2,2,3,2,2,2,,2,2,2,,3,3,3,3,2,,2,0,3,2,2,2,4.0,3,2,3,2,3,2,3,2,2,3,3,,3,2.0,2,3,3,2,3,2,3,3,2,3,,2,3,2,3,3,3,2,2,2,2,3,2,3,2,3,2,3,2,,2,2,2,3,2,3,3,2,2,3,,3,2,2,2,,2,3,2,3,2,,,,3,2,3,2,2,2,,2,,,,3,2,2,3,,3,3,2,2.0,3,2,,,2,,3,,3,3,,3,3,2,3,3,2,3,3,3,3,2,2,2,2,2,2,3,1,2,3,2,3,2,3,2,3,,3,3,,2,3,,,3,2,,3,3,,3,3,2,3,3,4,2,2,,2,3,3,3,3,3,,2,3,2,2,,2,2,,,,,3,2,2,3,3,3,,3,3,3,,,2,3,,2,,2,2,,2,3,3,,2,,3,2,3,,3,2,,3,,0,,,3,1.0,3,2,3,2,2,,3,3,3,2,,,3,3,2,3,3,2,3,2,2,2,2,,2,2,2,2,2,3,3,2,2,,3,3,,3,,,3,,3,5.0,2,2,3,2,2,2,3,2,3,3,,,,4,2,3,4.0,3,3,3,3,2,1,4,,3,0.0,2,3,2,2,2,2,,3,3,,3,1,3,3,3,3,,,,,,3,,4.0,3,3,,,,124,2,0.018327605956471937
2,3,1,1,1,2,1,1,0,2,2,2,1,2,2,1,2,2,2,2,2,2,2,2,3,2,3,2,2,2,2,3,3,3,3,2,2,3,2,3,2,2,2,2,2,2,2,2,2,3,3,2,3,3,2,2,2,2,1,2,3,2,1,1,2,2,2,2,2,2,2,3,3,2,2,3,3,2,2,2,1,2,2,2,2,2,1,2,2,2,2,3,2,2,2,2,2,1,1,2,1,2,2,2,3,2,2,2,2,3,3,3,2,2,2,2,2,2,2,3,3,2,3,3,1,2,2,2,2,2,2,2,2,2,2,2,3,1,2,2,2,2,2,2,3,2,2,2,2,2,2,2,2,2,2,2,2,2,2,2,1,2,2,2,2,2,1,3,2,2,2,2,2,2,2,2,3,2,2,2,2,2,3,2,2,2,2,2,2,2,2,2,2,2,2,2,2,2,3,3,2,2,3,2,2,2,2,3,2,1,2,2,2,2,2,2,2,2,2,3,3,2,2,2,3,2,2,3,2,3,2,3,2,2,1,2,1,1,1,2,2,0,2,2,2,2,2,2,3,2,2,2,1,2,2,2,2,3,2,3,3,2,0,2,2,1,2,2,2,2,3,2,2,2,2,2,3,3,2,2,2,2,2,2,2,2,1,2,2,3,2,3,2,2,2,2,2,3,2,2,2,1,2,2,2,2,2,2,2,3,2,3,2,3,2,3,2,3,2,2,2,2,2,2,2,3,2,2,3,2,3,3,2,2,2,0,2,2,2,3,2,3,2,2,3,2,2,2,3,2,3,2,3,0,2,2,2,2,2,2,2,2,2,2,3,2,2,2,2,2,3,2,2,2,2,2,2,2,3,2,2,3,3,3,3,3,3,3,3,2,3,3,3,2,3,2,3,2,3,3,2,2,3,3,2,2,2,2,1,3,2,2,2,3,4,4,3,2,2,2,2,2,2,2,2,2,2,2,2,2,2,2,3,3,2,2,3,3,2,3,2,2,3,3,2,2,2,2,2,,2,2,1,2,2,3,3,2,2,2,2,2,2,,3,3,2,2,3,3,2,3,3,2,2,3,3,3,2,3,2,2,2,3,2,2,2,2,2,2,2,3,2,2,2,2,2,3,1,1,2,2,2,2,2,2,2,3,2,2,2,2,2,2,3,2,2,2,2,3,2,2,3,3,,2,2,3,3,2,2,2,2,1,3,3,2,3,3,3,2,2,3,2,2,3,2,3,2,2,2,2,2,3,2,2,3,3,2,2,3,,2,2,2,2,1,3,3,1,0,2,2,2,3,3,2,3,,2,2,2,,2,3,2,0,3,3,2,2,1,2,3,,3,2,3,2,3,2,2,,3,4,,3,2,3,3,2,2,3,3,2,3,3,2,3,3,2,2.0,3,3,2,,2,3,3,3,3,3,,0,,2,2,2,2,2,3,3,2,3,3,3,2,,2,3,2,3,3,,,1,2,2,2,2,2,2,,3,3,1,,2,3,4,3,2,,2,3,3,2,2,2,,4,2,4,3,3,3,3,3,2,2,2,,3,,3,2,2,1,3,2,3,3,2,3,,3,3,3,2,3,3,3,3,3,2,3,3,3,2,3,3,3,2,,2,2,2,3,3,3,3,2,2,3,,3,3,3,2,,2,4,3,3,1,,,5.0,3,2,3,3,2,3,,3,,,,3,2,2,3,,4,3,3,,3,2,,,3,,3,,3,3,5.0,3,3,2,3,3,3,2,2,3,3,3,2,3,2,1,3,2,2,3,3,2,3,2,3,2,1,,4,2,5.0,2,3,,,2,2,,3,3,,2,3,3,3,3,4,3,2,,3,3,2,4,3,3,,2,3,2,2,4.0,2,3,,,,,2,3,3,0,3,3,4.0,3,3,3,,,2,3,,0,,2,3,,3,2,3,,3,,3,2,3,,3,2,,3,,3,,,2,,3,2,3,2,3,,3,3,2,3,3.0,,3,3,3,3,2,2,4,2,3,2,2,,1,2,2,2,2,3,2,3,2,,3,3,,3,,,3,,3,,2,2,3,3,3,3,3,2,2,3,,,,4,2,3,,3,3,3,3,3,1,3,,3,,3,3,3,3,3,3,,3,3,,3,3,4,4,2,3,,,,,,4,,,3,2,,,,125,2,0.02422145328719723
2,2,1,2,1,1,1,2,2,3,0,1,2,1,2,2,2,2,2,2,2,1,2,2,2,2,3,2,2,2,2,2,2,2,2,2,2,2,2,2,2,2,1,3,1,2,2,2,2,2,2,2,3,2,1,2,2,2,1,2,2,2,1,1,1,2,2,2,2,2,2,2,2,2,2,2,2,2,2,2,2,2,1,1,1,2,1,1,2,1,0,2,2,2,2,2,2,2,2,2,2,2,2,2,2,1,1,1,1,2,2,2,2,2,1,1,2,2,2,2,2,1,3,2,2,2,0,2,2,2,2,2,2,1,0,2,2,2,2,2,2,2,1,1,2,2,2,2,2,2,2,2,2,2,2,2,2,2,2,2,1,2,1,2,2,2,2,2,2,2,2,2,2,1,1,2,2,2,3,2,2,2,3,1,2,3,2,2,2,2,2,2,2,2,1,2,2,2,2,2,2,2,3,2,2,2,2,2,2,2,2,1,2,2,2,2,2,2,2,2,2,2,2,2,2,2,2,2,2,2,2,3,2,2,2,2,2,2,2,2,2,3,2,2,2,2,3,3,2,2,2,2,1,2,2,2,1,3,2,2,2,2,2,2,2,3,2,3,2,2,2,1,2,2,2,2,3,3,2,2,2,2,1,1,2,2,2,2,2,3,2,2,2,2,3,2,2,2,2,3,1,2,2,2,2,2,2,2,2,2,2,2,2,3,2,3,2,2,2,2,2,2,2,2,2,2,2,2,2,1,3,2,3,1,3,3,2,2,2,2,1,3,2,2,3,2,2,2,3,2,3,2,2,2,3,2,2,2,2,2,2,2,2,2,2,2,1,2,2,2,2,2,0,1,2,1,2,2,3,2,2,3,3,3,3,2,3,2,2,2,2,3,2,2,2,2,3,2,3,2,2,2,2,3,2,0,2,2,2,1,2,1,2,2,3,4,3,2,2,2,2,2,2,2,2,2,2,2,2,2,2,2,2,1,1,3,3,2,2,3,2,2,2,2,2,2,2,2,2,,2,3,2,2,2,2,2,2,2,2,2,2,2,,2,3,2,2,2,2,2,2,3,2,2,2,2,2,2,3,2,2,2,2,2,2,2,3,3,2,2,3,2,2,1,2,2,2,2,2,3,2,2,3,2,3,2,3,2,2,2,2,2,2,2,2,2,2,2,2,2,2,3,2,,2,2,2,2,2,3,2,2,2,3,1,2,2,2,2,2,2,2,2,2,2,2,2,2,2,2,2,2,2,2,2,3,2,3,2,2,,2,2,1,3,3,3,2,2,3,2,2,2,3,3,2,2,,2,2,2,5.0,3,3,2,2,2,2,2,2,3,2,2,4.0,2,2,2,2,3,2,2,,2,4,,2,3,0,2,2,2,3,3,2,3,3,3,2,3,2,,2,2,2,,2,3,3,3,3,3,,2,,3,1,3,2,2,2,2,2,3,2,2,2,,2,2,2,2,3,,,2,2,2,2,2,2,2,,3,2,2,,3,3,2,3,2,,2,3,2,2,2,2,,3,2,4,2,3,2,3,3,2,2,3,,3,,2,2,3,2,3,3,3,3,2,2,2.0,2,2,2,2,3,3,2,3,3,2,0,2,2,2,2,3,3,2,,2,2,2,3,3,3,3,2,2,3,,3,2,2,2,,2,3,2,3,3,,,,3,2,2,2,3,2,,2,,,,2,1,3,3,,3,3,2,,2,2,,,3,,3,,3,4,,2,3,3,3,3,3,0,3,3,3,2,2,3,2,1,3,3,2,2,3,2,3,2,3,2,3,,3,2,,2,3,,,2,2,,3,3,,3,3,2,3,3,4,3,2,,2,3,2,3,3,3,,2,3,2,3,,2,2,,,,,2,3,2,3,3,3,,3,3,3,,,2,3,,2,,3,3,,2,2,3,,2,,3,2,3,,2,2,,3,,2,,,3,,3,3,3,3,2,,3,3,2,2,,,3,2,2,4,2,2,3,2,2,3,3,,3,3,3,2,3,3,3,3,3,,3,3,,4,,3.0,3,,3,,2,2,3,3,3,2,3,2,3,3,4.0,,,4,2,3,,3,3,4,3,3,2,3,,3,,2,3,0,3,2,2,,2,3,5.0,3,2,3,3,2,3,,4.0,,,,3,,5.0,3,2,,,,126,2,0.013683010262257697
2,1,2,2,1,1,2,2,2,3,2,2,0,1,1,2,1,1,2,2,2,1,2,2,2,2,2,2,1,2,2,0,2,1,2,1,2,2,1,2,1,2,2,3,2,2,2,2,2,2,2,2,2,2,2,2,2,2,2,2,2,2,1,2,1,1,2,2,2,2,2,2,2,2,1,2,2,2,2,2,2,2,1,1,1,2,1,2,2,2,2,2,2,2,2,2,2,2,2,2,2,2,2,2,2,1,1,1,2,2,2,3,3,2,2,1,2,2,2,2,2,1,3,1,2,2,2,2,2,1,2,2,1,2,2,2,2,2,2,2,2,2,1,2,2,2,2,2,2,2,2,2,2,2,2,1,2,2,2,2,1,2,2,2,2,2,1,2,2,2,1,2,2,2,2,3,2,2,2,2,2,2,3,1,2,3,1,2,2,2,2,2,2,2,2,2,2,2,2,2,2,2,3,2,2,2,2,2,2,2,2,1,1,2,2,2,2,2,1,2,2,0,1,1,2,1,1,2,2,2,2,2,2,2,2,2,2,2,2,2,2,3,2,2,2,2,3,2,1,1,2,2,2,2,1,2,1,2,2,2,2,2,2,2,2,2,2,2,1,1,2,2,2,2,2,2,3,2,2,2,1,2,0,1,2,2,2,2,2,2,2,1,2,2,2,2,2,2,2,2,1,2,2,2,2,2,2,2,2,2,2,2,2,2,2,2,2,2,2,2,2,2,2,2,2,2,2,2,2,2,2,2,2,1,2,2,2,2,2,2,1,2,2,2,3,2,2,2,3,2,3,2,2,2,3,2,2,2,2,2,2,2,2,2,2,2,2,2,2,3,2,2,2,2,2,2,2,2,2,2,2,3,3,3,3,2,2,2,2,2,2,3,2,2,2,2,3,2,3,2,2,2,2,2,2,1,3,2,2,2,2,2,2,2,3,4,3,1,2,1,1,2,2,2,1,2,2,1,2,2,2,2,2,2,1,2,2,2,1,3,1,1,2,2,2,2,2,2,2,,0,3,2,2,2,2,2,2,2,2,2,2,2,4.0,1,2,2,2,2,2,2,2,3,2,2,3,3,3,2,3,1,2,2,2,2,2,2,3,3,2,2,2,2,1,1,2,2,2,2,2,3,3,3,3,2,2,2,3,2,2,2,2,2,2,3,2,2,2,2,2,2,2,3,2,,2,1,2,2,2,2,2,2,2,0,2,2,2,3,2,2,2,2,2,1,2,1,2,2,2,2,2,2,2,2,2,2,2,2,2,1,,2,2,2,3,2,3,2,2,1,2,2,2,2,3,2,2,,0,2,2,,3,2,2,3,2,2,2,2,2,2,2,,2,2,2,2,2,2,2,,2,4,,2,2,3,2,2,1,3,3,2,3,3,3,3,3,3,,2,2,3,,2,3,3,4,3,3,,3,,3,2,3,3,2,2,2,2,3,3,2,2,,2,2,2,2,3,,4.0,2,2,3,2,2,2,2,,2,2,2,,2,3,3,3,3,,2,3,3,2,2,2,,3,2,3,2,2,2,2,3,2,2,1,,2,,2,2,2,2,3,3,3,3,2,2,,2,3,2,2,2,2,3,3,2,2,2,2,2,2,2,2,3,2,,2,2,3,3,2,3,1,2,2,3,,3,2,2,2,,2,3,2,3,3,,,,2,2,3,2,3,2,,2,,,,2,2,3,3,,3,2,2,,3,2,2.0,,2,,2,,3,3,,2,3,2,3,3,2,2,3,3,3,0,2,2,2,2,1,3,2,2,2,2,3,2,3,2,2,,3,2,4.0,2,3,,,2,2,,2,0,,3,3,2,3,3,4,3,2,,2,2,3,3,3,3,,2,2,1,2,,2,2,,,,,3,3,3,3,3,3,,2,3,3,,,2,2,,2,,2,3,,2,3,3,,2,,3,2,3,,0,2,,3,,2,,,3,,2,2,3,3,2,,3,3,2,2,,,3,2,2,3,3,2,3,2,2,3,3,,2,3,3,1,3,2,3,2,3,4.0,3,3,,3,,,3,3.0,3,,2,2,3,3,2,2,3,2,2,3,,,,3,2,3,,3,3,3,3,2,2,3,,3,,2,3,3,2,2,2,,3,3,,3,2,3,3,2,3,,,4.0,4.0,,3,,,2,3,,,,127,2,0.02066590126291619
2,2,2,2,2,1,2,2,2,2,2,2,2,2,2,2,2,2,2,2,2,2,3,2,2,2,2,2,1,2,2,1,2,2,2,2,2,2,2,2,2,2,2,2,1,1,2,2,2,2,2,1,2,2,2,2,2,2,2,2,2,2,1,2,2,2,2,2,2,2,2,2,2,2,1,2,2,1,2,2,2,1,1,1,1,2,1,2,2,2,2,2,2,2,2,2,2,2,2,2,2,2,2,2,2,2,1,1,2,2,2,3,2,2,1,1,2,2,2,2,2,1,2,2,2,2,2,2,1,1,2,1,2,1,2,2,2,2,2,2,2,2,2,2,2,2,2,2,2,2,2,2,2,2,2,2,2,2,2,2,1,2,2,1,2,1,2,2,2,2,2,2,2,2,2,3,3,2,2,2,1,2,2,2,2,3,2,2,2,2,2,2,3,2,2,2,2,2,2,2,2,2,3,2,2,2,2,2,2,2,2,2,2,2,2,2,2,2,2,2,2,2,2,2,2,2,2,0,2,2,2,2,2,2,2,2,2,2,2,2,2,3,2,2,2,2,2,2,2,1,2,2,2,1,1,2,1,2,2,2,3,2,2,2,2,2,3,3,2,2,2,2,2,2,2,2,3,2,2,2,1,2,1,1,2,2,2,2,2,2,2,2,2,2,2,2,2,2,2,3,2,1,2,1,2,2,2,2,2,2,1,2,2,2,2,2,2,2,2,2,2,2,3,2,2,2,2,2,3,2,3,2,2,2,3,3,2,2,2,2,1,3,2,2,2,2,2,2,3,2,2,2,2,2,3,2,2,2,2,2,2,2,0,2,3,2,2,2,2,2,3,2,2,0,2,2,2,1,2,2,2,2,3,3,2,2,3,2,2,2,2,3,2,2,2,2,3,2,3,2,2,2,2,2,1,1,2,2,2,2,2,2,2,2,3,2,3,2,2,1,1,2,2,2,2,2,2,2,2,2,2,2,2,2,2,2,3,2,2,3,2,2,2,2,2,0,2,2,2,5.0,2,3,2,1,2,2,3,2,2,2,2,2,2,,2,3,2,2,2,3,3,2,3,2,2,3,3,3,2,3,2,1,2,2,2,2,2,2,2,2,2,2,2,2,2,1,2,2,1,2,2,2,2,0,2,2,1,3,2,2,2,2,3,2,3,2,3,3,1,2,2,2,3,3,,2,2,2,2,1,3,1,2,2,2,3,2,2,3,2,2,2,2,2,2,2,2,2,2,2,2,2,2,2,2,2,2,2,2,2,2,,2,2,2,3,3,3,2,2,3,2,2,2,3,2,2,2,,3,2,2,,3,2,2,3,2,2,2,2,3,2,2,,2,2,2,3,2,2,2,,3,4,,2,2,3,2,2,2,2,3,2,3,3,2,2,3,2,4.0,2,2,3,,2,3,3,3,3,3,,3,,3,2,3,2,2,2,2,2,3,3,2,2,,2,2,2,2,3,,,2,2,2,3,2,2,2,,2,2,2,,3,3,3,3,3,,2,3,3,2,2,2,,3,2,3,2,3,2,3,3,2,2,3,,2,,3,2,2,2,3,2,3,3,2,3,,2,3,3,2,3,3,3,3,2,2,2,3,2,2,3,2,3,2,,2,2,2,3,3,4,0,2,1,2,,2,2,2,2,,2,3,2,3,3,,,,2,2,3,2,3,2,,2,,,,2,2,3,3,0.0,3,2,2,4.0,3,3,,,2,,3,,0,4,,2,3,3,3,3,2,3,3,3,3,2,2,2,2,1,2,3,3,2,3,2,3,1,2,2,3,,4,2,,2,3,,,2,2,,3,3,,3,3,2,3,3,4,2,2,,2,2,3,3,2,3,5.0,2,3,1,2,,2,2,,,,,3,3,3,3,3,3,,2,3,3,,,2,3,,2,,3,2,,3,3,3,,3,,3,2,3,,3,2,,3,,2,,,3,,3,3,2,2,2,,3,3,2,2,,,2,2,3,3,3,2,4,3,3,3,3,,3,3,2,0,3,2,3,2,3,4.0,3,3,,3,,,3,,3,,2,2,3,2,2,2,2,2,3,3,,,,0,2,3,3.0,3,2,4,3,2,2,3,,2,,3,3,2,2,3,2,,3,3,,3,3,3,3,2,3,,,,,5.0,3,,,3,3,,,,128,2,0.016
2,2,2,2,2,2,2,2,2,2,2,2,2,2,3,2,2,1,2,2,2,1,2,2,3,2,2,2,2,0,2,2,2,2,2,2,2,3,2,2,2,2,2,3,2,2,2,2,2,3,3,2,2,2,2,2,3,2,2,2,2,2,1,2,2,2,2,2,2,2,3,3,3,2,1,2,3,2,2,2,2,2,2,2,2,2,2,2,0,2,2,2,2,2,2,2,2,3,3,2,2,3,3,2,2,1,2,2,2,3,3,3,3,2,2,2,2,2,2,3,2,1,3,2,3,2,3,2,2,2,2,2,2,2,2,2,2,2,2,2,2,2,2,2,2,2,2,2,2,1,2,2,2,2,2,2,2,2,2,2,1,1,2,2,2,1,2,2,2,2,2,2,2,2,2,3,3,2,3,2,2,2,2,1,2,3,2,2,2,2,2,2,3,3,2,2,2,2,2,2,3,2,3,2,2,3,2,2,2,2,2,2,2,3,2,1,2,2,1,2,2,2,1,2,2,2,2,2,2,2,2,2,2,2,2,2,2,2,3,3,3,3,2,3,2,2,3,3,2,2,2,2,2,2,2,2,2,2,2,2,2,2,2,2,2,2,3,3,2,2,2,2,2,3,3,3,2,2,2,2,2,2,2,2,2,2,2,2,2,3,2,2,2,2,2,1,2,2,2,3,2,1,2,2,2,3,2,2,2,1,2,2,2,2,0,2,2,2,2,3,2,2,3,2,2,2,2,2,3,2,3,2,3,2,3,3,2,2,2,2,2,0,2,2,2,2,2,2,3,2,2,2,2,2,3,2,2,2,2,2,2,2,2,2,2,1,2,2,2,2,3,2,2,2,3,2,2,1,2,2,2,0,2,2,2,2,2,2,2,2,2,2,2,2,2,2,2,2,2,3,2,2,2,2,2,2,2,3,2,2,2,2,2,2,4,4,3,2,2,2,1,3,2,2,2,3,2,2,2,2,2,2,3,3,2,2,3,3,2,3,2,2,3,2,2,2,2,3,2,,2,2,2,2,2,2,3,2,2,2,2,3,2,,2,3,2,2,2,3,3,2,3,2,2,3,3,3,2,3,2,3,2,2,3,3,2,3,3,2,2,3,2,2,2,2,2,3,2,3,3,2,3,3,2,2,2,3,2,2,3,2,3,2,3,2,3,3,2,2,2,2,4,3,,3,2,3,3,2,2,2,3,1,3,3,3,2,3,3,2,2,3,2,2,2,1,2,2,2,2,2,2,3,2,3,3,3,3,3,1,,2,3,2,3,2,3,2,0,2,3,2,3,3,2,2,3,,3,2,2,,3,3,3,3,3,2,2,2,3,3,3,,2,2,3,3,3,2,2,,3,4,,2,3,3,2,2,2,3,3,2,3,3,3,3,3,2,,3,2,3,,2,3,3,3,3,3,,3,3.0,3,3,3,3,2,2,3,3,3,3,2,3,,2,3,2,2,2,,0.0,2,3,2,3,3,2,2,,3,2,2,,3,3,3,3,2,,3,3,3,3,2,3,,3,2,3,3,3,2,2,3,3,3,3,5.0,3,,3,3,2,3,3,3,3,3,2,3,,2,3,3,3,3,3,0,3,3,2,3,3,3,2,2,3,3,2,,3,3,3,3,3,4,2,2,2,3,,3,3,3,2,,2,4,3,3,3,,4.0,,2,3,3,3,3,3,,3,,,,2,2,2,3,,3,3,3,,3,3,,,3,,3,,3,4,,3,3,2,3,3,3,3,3,3,3,3,2,2,3,2,3,3,3,3,3,2,3,2,3,2,3,,3,3,,2,3,,,3,2,,3,4,,4,3,3,3,3,4,2,3,,3,3,3,3,3,3,,2,3,2,2,,2,3,,,,,3,3,3,3,3,3,,2,4,3,,,2,3,,3,,3,3,,3,3,3,,3,,3,2,3,,3,2,5.0,4,,2,,,3,,2,2,3,3,2,,3,3,2,2,,,3,3,3,3,3,3,3,3,3,3,3,,3,3,3,2,3,3,3,3,3,,3,3,,3,,,3,0.0,2,,3,2,3,3,3,3,3,3,3,3,,,,4,2,3,,3,3,4,3,3,1,3,,3,,3,3,3,3,3,3,,3,3,,3,3,4,3,3,0,,,,,,4,,,3,3,,,,129,2,0.00681044267877412
2,2,2,2,1,2,2,2,2,3,1,2,2,2,2,2,2,1,2,2,2,1,3,2,2,2,3,2,2,2,2,2,3,3,3,2,2,3,2,2,2,1,2,3,2,2,2,2,2,2,2,2,2,2,2,2,2,2,1,2,2,2,1,2,1,1,2,2,2,2,2,2,3,2,1,2,2,2,2,2,2,2,1,2,2,2,2,2,2,0,2,2,2,2,2,2,2,2,2,2,2,2,2,2,2,1,2,1,2,2,2,2,2,2,2,2,2,2,2,3,2,2,2,2,1,2,2,2,2,2,2,2,1,2,2,2,2,2,2,2,2,2,2,2,3,2,2,2,2,2,2,2,2,1,2,2,2,2,1,1,1,2,2,2,2,2,2,2,2,2,1,2,2,2,2,2,2,2,3,2,2,2,2,1,2,2,2,2,2,2,2,2,2,2,2,2,1,2,2,2,2,2,2,1,2,2,2,2,2,2,1,2,2,2,2,2,2,2,1,2,2,1,1,2,2,2,2,2,2,2,2,2,2,2,1,2,2,2,2,2,2,2,2,2,2,2,3,3,2,1,2,2,1,2,2,2,2,2,2,2,2,2,2,2,2,3,3,3,2,2,2,1,2,2,2,2,3,2,2,2,2,2,0,2,2,2,2,2,2,3,2,2,2,3,2,2,2,2,3,3,2,2,2,2,2,2,2,2,2,2,0,2,2,2,2,2,2,2,2,2,2,2,2,2,2,2,2,2,2,2,2,2,3,1,3,2,2,2,2,2,1,2,2,2,3,2,2,2,3,2,2,2,2,2,2,2,2,2,2,2,2,2,2,2,3,1,1,2,2,2,2,2,2,2,3,1,2,1,2,2,2,2,2,3,2,2,0,2,2,2,2,2,2,1,2,2,2,2,3,3,2,2,3,2,2,1,2,2,2,2,2,1,1,2,3,4,3,2,2,2,2,2,2,2,2,2,2,2,2,2,2,2,3,2,1,2,3,2,2,3,2,2,2,2,3,2,3,3,2,,2,3,3,2,2,2,2,2,2,2,2,3,2,,2,3,2,2,2,2,2,2,3,2,1,3,2,2,2,3,2,2,2,2,2,2,2,3,3,2,2,2,2,2,1,2,2,2,2,3,3,3,3,3,2,2,2,3,2,2,3,2,2,2,2,2,2,2,2,2,2,2,3,2,,2,2,2,2,2,2,2,2,1,3,2,3,2,3,2,3,2,3,2,2,3,2,2,2,2,2,2,1,3,2,3,3,3,3,2,1,,2,2,2,3,3,3,2,2,3,2,1,3,3,3,2,1,,3,2,2,,3,3,2,2,2,2,2,2,2,2,3,,2,2,3,2,3,2,2,,3,4,,2,3,3,2,2,1,3,3,2,3,3,2,3,3,2,,3,3,2,4.0,2,3,3,3,3,3,,3,,3,2,2,2,2,2,2,2,3,3,2,3,,3,3,2,3,3,,,2,2,2,2,2,2,2,,3,2,0,,3,3,3,3,2,,2,3,2,2,3,2,,3,2,3,2,3,2,2,3,2,3,3,,2,4.0,3,3,3,2,3,3,3,3,2,3,,2,3,2,3,3,3,3,3,3,2,3,2,3,2,3,3,3,2,,2,3,2,3,3,3,2,2,2,2,,2,2,3,3,,2,3,2,3,3,,,,2,2,3,3,2,2,,2,,,,0,2,3,3,,3,2,3,,3,2,,,3,4.0,2,,3,3,,3,3,3,3,2,3,2,3,3,3,3,2,2,2,2,3,3,3,2,3,2,3,1,3,2,3,,4,2,,2,3,5.0,,2,2,,3,4,,3,2,2,3,3,4,3,2,,3,3,3,3,3,3,,2,3,2,3,3.0,2,2,,,,,2,3,2,3,3,3,,2,3,3,,,2,3,,2,,3,3,0.0,3,2,3,3.0,2,,3,2,3,4.0,3,2,,3,4.0,2,,,3,,2,2,3,2,3,,3,3,2,2,,,2,2,2,3,2,2,4,2,2,2,0,,3,2,2,1,3,3,3,2,3,3.0,3,3,,3,,,3,,2,,2,2,3,3,3,2,3,3,3,3,,,,4,2,3,5.0,0,3,4,3,3,2,3,,3,,2,3,3,3,3,2,,3,0,,3,2,3,3,2,3,5.0,,,,4.0,3,,,3,3,,,,130,2,0.02288329519450801
1,2,2,2,2,2,2,2,2,3,2,2,2,2,2,2,2,1,0,2,2,1,2,2,3,2,3,2,2,2,2,2,2,2,2,2,2,2,2,2,2,2,2,3,2,1,2,2,2,2,2,2,2,2,2,2,2,2,2,2,2,1,1,2,1,2,2,2,2,2,2,2,2,2,1,2,2,1,2,1,2,2,1,2,1,2,1,2,2,2,2,2,2,1,2,2,2,3,2,2,2,2,3,1,1,2,2,1,2,2,2,2,2,2,2,1,2,2,2,2,2,1,2,2,2,2,3,2,1,2,2,2,2,1,2,2,2,2,2,1,2,2,2,1,2,1,1,2,2,2,0,2,2,2,2,1,2,2,2,2,1,2,2,1,2,1,0,2,1,2,2,2,2,2,2,3,2,1,2,2,2,1,1,2,2,3,2,2,2,2,2,1,3,3,2,3,2,2,2,2,2,1,2,2,2,2,2,2,2,2,2,2,1,2,2,1,2,2,1,2,2,1,1,1,2,2,2,2,2,2,2,2,2,2,2,2,2,2,2,3,2,3,1,2,2,2,3,3,2,1,1,2,2,2,2,2,1,3,1,2,2,2,2,2,2,3,2,3,2,2,2,2,2,2,2,2,2,2,2,2,2,2,1,2,2,2,2,2,2,3,1,2,2,3,2,1,2,2,2,2,2,1,2,2,2,2,2,2,2,2,1,2,2,2,1,2,2,2,2,2,2,2,2,2,3,2,2,2,2,2,2,2,3,1,3,2,2,2,2,2,1,2,2,2,2,2,2,2,3,2,2,2,2,2,3,2,2,2,3,3,3,2,2,2,2,2,1,2,2,3,2,2,2,2,3,2,1,1,2,2,2,2,2,2,2,2,2,2,2,2,2,2,2,1,2,2,2,2,2,2,2,2,2,2,2,2,2,2,2,2,2,2,2,2,3,4,3,2,2,1,1,2,2,2,1,2,2,2,2,2,2,2,2,2,1,2,3,2,2,3,2,2,2,2,2,0,2,2,2,,2,3,2,2,2,2,3,2,2,2,2,2,2,,2,2,2,2,2,2,2,2,3,1,2,3,3,3,2,3,2,2,2,2,2,2,2,3,3,2,2,2,2,2,2,2,2,2,2,2,3,2,3,3,2,2,2,3,2,2,2,2,2,2,3,2,3,3,1,2,2,2,3,2,,3,2,2,2,2,3,2,2,2,2,3,2,2,3,2,2,1,2,2,2,2,2,2,2,2,2,2,2,2,2,2,3,2,3,2,2,,2,2,2,3,3,2,2,3,3,2,2,2,3,3,2,2,,3,2,2,,2,2,2,3,3,2,2,2,2,2,2,,2,2,2,3,2,2,2,,3,4,,2,3,3,2,2,2,3,3,2,3,3,3,3,2,2,4.0,2,2,3,,2,2,3,4,3,3,,3,,3,3,3,2,0,2,2,2,3,3,0,2,5.0,2,2,2,2,2,,,2,2,3,2,2,2,2,5.0,2,2,2,,3,3,3,3,3,,2,3,3,2,2,2,,3,2,3,2,3,2,2,3,3,3,3,,3,,3,2,2,2,3,3,3,3,2,2,,2,3,2,2,3,3,3,3,3,2,3,3,3,2,2,2,3,2,,3,2,3,2,3,4,2,2,2,2,,2,2,0,2,,2,3,2,3,3,,,3.0,2,2,3,2,3,2,,2,,,0.0,2,2,3,2,,3,2,2,,3,2,,,2,,3,,3,3,,3,3,2,3,3,2,3,3,3,3,3,2,2,2,2,2,3,2,2,3,2,3,1,2,2,3,5.0,3,3,,2,2,,,2,2,,3,3,,3,2,2,3,3,3,2,3,,2,2,3,3,2,3,5.0,2,2,2,2,,2,2,,,,,3,3,3,3,2,3,,2,3,3,5.0,,2,3,0.0,1,,2,2,,3,3,3,,3,,3,2,3,,3,2,4.0,3,,2,,,3,,2,3,2,2,3,,3,3,3,2,,,2,2,3,3,3,2,3,3,3,2,3,,3,3,3,2,2,2,3,2,3,,3,2,,3,0.0,,3,,2,,3,2,3,3,3,2,2,3,3,3,,,,4,2,3,,3,3,3,3,2,2,4,,2,,3,3,2,3,3,3,,3,3,,3,3,4,3,3,3,,,,,,4,,,3,3,,,,131,2,0.021764032073310423
2,2,2,2,2,2,2,2,2,2,2,1,2,1,1,2,2,2,2,2,2,2,3,2,2,2,2,2,2,2,2,2,2,2,3,2,2,2,1,2,2,1,2,3,2,2,2,0,2,3,3,2,2,2,2,2,2,2,2,2,2,2,1,2,2,2,2,2,2,2,2,3,3,3,2,2,2,2,2,1,2,2,2,2,2,2,1,2,2,2,2,2,2,2,2,2,1,3,2,2,2,2,3,1,2,2,2,1,2,3,3,3,3,2,2,2,2,2,2,2,2,2,2,2,3,2,2,2,2,2,2,2,1,2,3,2,2,2,2,2,3,2,2,2,2,2,2,2,2,2,1,2,2,2,2,2,2,2,2,2,1,2,2,2,2,2,2,2,2,2,2,2,1,2,2,3,3,2,2,1,2,2,2,2,2,3,2,2,2,2,2,2,2,2,2,2,2,2,2,2,2,2,2,2,2,0,2,2,2,2,2,1,2,2,2,2,2,2,2,2,2,2,2,2,2,2,2,3,2,2,2,2,2,2,2,2,2,2,2,3,2,3,2,2,2,2,3,2,3,2,1,2,1,2,2,2,2,3,2,2,3,2,2,2,2,2,2,3,3,2,2,1,2,2,3,2,3,2,2,2,2,2,2,1,2,2,2,3,2,3,2,3,2,2,2,2,2,2,3,3,2,2,2,2,2,2,2,3,2,3,2,3,2,3,2,3,2,3,2,2,2,0,2,2,2,2,2,2,2,2,3,3,2,1,3,2,2,2,2,2,2,3,2,2,3,2,2,2,3,2,2,1,2,2,3,2,2,2,2,2,2,2,2,2,2,2,2,2,2,2,2,2,2,2,3,2,2,1,2,2,2,2,3,3,2,2,2,2,2,2,2,2,2,2,2,2,2,2,3,3,2,2,2,2,2,2,2,3,2,2,2,2,2,2,3,3,3,2,2,2,2,2,2,2,2,3,2,2,2,2,2,3,3,3,2,2,3,2,2,3,2,2,2,2,2,2,2,3,2,,2,3,2,2,2,2,3,2,2,2,2,2,2,,2,3,2,2,2,2,2,2,3,2,2,3,3,3,2,3,2,2,2,1,2,2,2,3,3,2,2,3,2,2,2,2,2,2,2,2,3,3,2,3,2,2,2,3,2,2,2,3,3,2,2,2,2,2,0,2,2,2,3,2,,2,2,2,3,2,2,2,2,1,3,3,2,2,3,2,2,2,2,3,2,3,1,2,2,2,2,2,1,2,2,2,2,1,3,2,1,,2,2,3,3,2,3,3,2,2,2,2,2,3,2,2,2,,2,2,2,,2,3,2,3,3,2,2,2,2,2,3,4.0,3,2,2,2,3,2,2,,2,4,,2,2,3,2,2,2,3,3,2,3,3,3,3,3,2,,3,3,3,,2,3,3,3,3,3,,3,,3,3,3,3,2,3,3,3,3,3,3,3,,3,3,2,2,2,,,1,2,2,3,3,2,2,,3,3,2,,2,3,3,3,2,,2,3,3,2,2,2,,4,2,3,3,3,2,3,2,2,2,2,,3,,3,2,2,2,3,3,3,3,2,3,,2,3,3,2,3,0,2,3,3,2,3,3,3,2,3,2,3,2,,2,3,2,0,3,0,3,2,2,2,,2,3,3,0,,2,3,3,3,3,,,,2,3,3,3,3,2,,2,5.0,,,2,2,2,3,,3,3,3,,3,3,,,3,,3,,3,0,,3,3,2,3,2,3,2,2,3,3,2,2,2,2,2,3,3,3,3,3,2,3,1,3,2,2,,3,2,,2,3,,3.0,2,3,,3,3,,4,3,2,3,2,4,3,2,,1,3,3,3,2,3,,3,3,2,3,,2,3,,,,,3,3,3,3,3,3,,3,4,3,,,2,3,,2,,3,3,,3,3,3,,3,,4,3,3,,3,2,,3,,3,3.0,,3,1.0,3,2,2,2,3,,3,3,3,3,,,2,2,2,3,3,2,3,2,1,3,3,5.0,3,3,3,2,3,3,3,2,3,,3,3,,3,,,3,,2,,0,2,3,3,3,1,2,3,3,3,,,,4,2,3,,3,3,4,3,2,1,4,,3,,2,3,3,3,3,2,,3,3,,3,3,3,3,3,3,,,,,,3,3.0,,3,3,,,,132,2,0.01951779563719862
1,2,1,1,1,1,1,2,2,3,2,2,2,1,1,2,2,1,2,2,2,2,2,2,2,2,2,2,2,2,2,2,2,2,2,2,2,3,2,2,2,2,1,3,2,2,2,2,2,3,3,2,2,2,1,2,1,1,1,1,2,2,1,1,1,2,2,2,2,2,2,3,3,2,1,2,1,2,2,1,2,2,1,2,2,1,1,2,1,0,2,2,2,2,1,1,2,2,2,2,2,2,2,2,2,1,1,1,2,2,2,3,3,2,1,2,2,2,2,2,2,1,2,2,2,2,2,2,1,2,2,1,2,2,2,2,2,1,2,2,2,2,1,2,2,2,2,2,2,2,2,2,2,2,2,2,2,2,2,2,1,2,2,2,2,1,1,1,2,2,2,2,2,2,1,2,2,2,2,2,2,2,2,1,2,3,2,2,2,2,2,2,2,2,2,2,1,2,2,1,2,1,3,2,1,0,2,2,1,2,2,1,2,3,2,1,2,2,0,2,2,1,1,1,2,1,0,2,1,2,2,2,2,2,2,2,2,2,2,2,2,3,2,2,2,2,3,3,2,1,2,2,1,2,2,2,2,2,2,2,2,2,2,2,2,3,2,3,2,2,2,1,2,2,2,2,2,2,2,2,2,0,1,1,2,1,2,2,2,2,2,2,2,3,2,2,2,2,2,2,1,1,2,1,2,1,2,1,2,1,2,2,2,1,1,2,2,1,2,2,2,2,2,2,2,2,2,2,2,2,2,2,3,1,3,3,2,2,2,2,1,2,2,2,3,2,2,2,3,2,2,2,2,2,3,2,2,2,2,3,2,2,2,2,2,2,1,2,2,2,2,2,2,2,2,1,2,2,2,2,2,3,3,3,2,2,3,2,2,2,2,3,2,2,2,2,3,2,3,2,2,2,3,2,2,1,3,2,1,2,2,1,1,2,3,2,3,2,2,2,2,2,2,2,2,2,2,2,2,2,2,2,3,2,1,3,3,2,2,3,2,2,2,2,2,2,2,2,2,,2,3,3,2,2,2,2,2,2,1,2,2,2,,2,2,2,2,2,2,2,2,3,2,2,2,2,3,2,3,2,2,1,1,2,2,2,3,3,2,2,2,2,2,1,1,2,2,2,3,3,3,3,3,2,2,2,2,2,2,2,2,2,1,2,2,2,2,2,2,1,2,3,2,,3,2,2,2,2,3,2,2,2,3,2,2,2,3,2,2,2,2,2,2,2,1,2,2,1,2,2,1,2,2,3,2,2,3,2,2,,2,2,2,3,3,3,2,2,3,2,2,2,3,3,2,2,,3,2,2,,3,3,2,2,2,2,2,2,3,2,2,,2,2,2,2,3,2,2,,2,4,,2,3,2,2,2,2,3,3,2,3,3,3,2,3,2,,2,2,2,,2,3,3,3,3,3,,2,,3,2,3,2,2,2,3,2,3,2,2,3,,2,2,2,2,3,,,2,2,2,2,2,2,2,,3,0,2,,3,3,2,3,2,,2,3,2,1,2,2,,3,2,3,2,3,2,1,0,2,3,3,,2,0.0,2,2,3,2,3,3,3,3,2,3,,0,2,2,3,3,3,3,3,2,2,3,2,3,2,3,2,3,2,,2,2,2,3,2,3,2,2,2,2,,2,2,2,2,,2,3,2,2,3,5.0,,,2,2,3,2,3,2,,2,,,,2,2,2,3,,3,3,2,,3,2,,,3,,3,,3,4,4.0,2,3,2,3,3,3,2,3,3,2,2,2,2,2,0,3,3,2,2,3,2,3,2,3,2,3,,4,2,4.0,2,3,,,2,2,,3,3,,3,3,2,3,3,4,3,1,,2,3,2,2,3,3,5.0,2,2,2,2,,1,2,,,,,2,3,2,3,3,3,,2,3,3,,,2,3,,1,,2,3,,3,2,3,,2,,3,2,3,,2,2,4.0,3,,2,,,3,,2,2,3,2,2,,3,3,3,2,,,2,2,2,4,2,2,4,2,1,2,3,,3,2,2,1,3,2,3,2,3,,3,3,3.0,4,5.0,,3,,3,,2,2,3,3,2,2,2,3,3,3,,,,4,2,3,,3,3,3,3,2,2,4,,2,,2,3,3,3,2,2,,2,3,,3,3,3,3,1,2,,,,4.0,,3,4.0,,2,2,,,,133,2,0.014806378132118452
2,2,2,2,2,2,2,2,2,2,2,2,2,2,2,2,2,2,2,2,2,2,3,2,2,3,3,2,2,2,2,2,2,2,3,2,2,2,3,2,2,2,2,3,2,2,2,2,2,2,2,2,2,2,2,2,2,2,1,2,1,1,1,2,1,2,2,2,2,2,2,2,2,2,2,1,2,2,2,2,2,2,1,1,1,2,1,1,2,2,2,2,2,2,2,1,1,3,2,2,2,2,2,1,2,2,1,1,2,2,2,3,2,2,2,2,2,2,2,2,3,1,0,2,2,2,2,2,2,1,2,0,2,2,2,2,2,2,2,2,2,1,2,2,2,2,3,2,2,2,1,1,2,2,2,2,1,2,2,2,1,2,2,1,2,2,2,1,1,2,2,2,2,1,2,3,2,2,2,1,2,0,1,2,2,3,2,2,2,2,2,2,2,2,2,2,2,2,2,2,2,2,3,2,2,2,2,2,2,2,2,2,2,2,2,2,2,2,2,2,3,2,2,2,2,2,2,2,2,2,2,1,2,2,2,2,2,2,2,3,2,3,2,2,2,2,3,3,2,2,2,2,2,2,2,2,2,2,2,2,2,2,2,2,0,2,2,2,2,2,2,2,2,3,3,2,3,2,2,2,2,2,1,1,2,2,2,2,2,3,2,2,2,3,2,2,1,3,2,3,2,2,2,2,2,2,2,2,2,2,2,2,2,3,2,3,2,2,2,2,2,2,3,2,3,2,2,2,3,2,3,3,3,2,3,3,2,2,2,2,2,3,1,2,2,2,2,1,2,2,2,1,2,2,3,2,2,2,2,2,3,2,2,2,3,2,1,1,2,2,2,2,0,1,3,2,1,1,2,2,2,2,3,2,2,2,2,2,2,2,2,2,2,2,2,1,2,1,3,2,2,2,2,2,2,2,2,3,2,3,2,1,2,2,3,4,3,2,2,1,2,2,2,2,2,2,2,2,2,2,2,2,2,2,2,2,3,2,2,3,2,2,2,2,2,2,3,3,2,,2,3,2,2,2,2,2,2,2,2,2,3,2,,2,2,2,2,2,2,2,2,3,2,2,3,3,3,2,3,2,2,2,2,2,2,2,3,3,2,2,2,2,2,2,2,2,3,2,2,2,3,3,3,2,3,2,3,2,2,2,2,2,1,3,2,3,3,2,2,2,2,3,2,,2,2,2,2,2,3,2,2,2,3,3,2,2,3,3,2,2,2,2,2,3,2,3,2,2,2,2,2,2,2,2,3,2,3,2,2,4.0,2,2,3,3,3,3,2,2,3,2,2,2,3,2,2,2,,3,3,2,,3,2,2,3,3,2,3,2,3,2,2,,2,2,2,3,2,2,2,,2,3,,2,2,3,2,2,2,3,3,2,3,3,3,3,3,2,3.0,0,2,3,,2,3,3,3,3,2,,3,,3,3,3,3,2,2,2,2,2,2,2,2,,2,0,2,2,2,,,2,2,3,2,2,2,3,,3,2,2,3.0,3,3,3,3,3,,2,3,2,2,3,2,,3,2,3,2,3,2,3,3,2,3,3,,2,,3,2,2,2,3,3,3,3,2,3,,2,3,2,3,3,3,3,3,3,2,2,2,2,2,3,2,3,2,,2,3,3,2,3,4,2,2,0,2,,3,2,2,2,,2,0,2,3,3,,,,2,3,3,2,3,2,,2,,,,2,2,3,3,,3,2,3,,3,2,,,2,4.0,3,,3,4,,3,2,3,3,3,3,3,3,3,3,3,2,2,2,2,2,2,3,2,3,2,3,2,2,2,3,,4,2,,2,3,,,2,3,,3,3,5.0,3,3,2,2,3,4,3,3,,2,2,3,3,2,3,,3,3,2,3,,2,3,,5.0,,,3,2,2,3,2,3,,2,3,3,,,3,3,,2,,3,3,,3,2,3,,3,,3,2,4,,3,2,,3,,2,,,3,,3,2,2,2,2,,3,3,2,3,,,2,2,3,3,3,2,4,3,3,3,3,,3,3,3,1,3,3,3,2,3,5.0,3,3,,0,,,3,,2,,2,1,3,3,3,2,3,3,3,3,,,,4,2,3,,3,3,4,3,3,3,3,,2,,3,3,3,3,2,3,,3,3,5.0,3,3,3,3,3,3,,,,,,3,,,3,3,,,3.0,134,2,0.0265282583621684
2,3,2,2,2,1,1,2,2,2,2,2,2,2,3,1,2,2,2,2,2,2,3,2,2,3,3,2,2,2,3,2,3,3,3,2,2,3,3,3,2,2,2,2,2,1,1,2,2,3,3,2,3,3,2,2,2,2,2,2,3,2,2,2,1,2,0,2,2,2,3,3,3,2,2,3,2,2,2,2,2,2,2,2,2,3,2,2,3,2,2,2,3,2,2,2,2,0,2,1,2,2,2,2,3,2,2,1,2,3,3,3,3,2,2,2,2,2,2,3,3,2,3,3,1,2,2,2,2,2,2,2,2,2,2,2,3,2,3,0,0,2,2,2,3,2,2,2,3,2,2,3,2,2,2,2,2,2,2,2,1,2,2,2,1,2,1,3,2,2,2,2,2,2,2,3,3,2,2,2,2,2,3,2,2,2,3,2,2,2,2,2,3,2,2,2,2,2,2,2,3,2,3,3,2,3,2,2,3,1,2,2,2,2,2,2,1,2,2,3,3,2,2,2,2,3,2,3,2,2,2,3,2,2,2,2,2,2,2,3,2,2,2,2,2,3,3,2,3,2,2,3,2,2,2,2,2,3,2,3,3,2,2,2,2,3,3,3,2,1,3,2,2,1,1,2,3,3,2,2,2,2,1,2,2,2,2,3,2,3,2,3,2,3,2,2,2,3,3,3,2,2,2,2,3,2,2,3,2,2,2,3,2,3,2,3,2,3,2,2,2,2,1,2,3,2,2,2,2,2,3,2,2,2,1,1,2,2,2,3,2,3,1,2,3,2,2,2,3,2,1,2,2,2,2,2,2,2,0,3,3,2,2,3,3,2,2,2,3,3,3,2,2,2,2,2,2,2,3,2,2,2,3,3,3,3,2,3,2,2,3,3,3,2,3,2,3,2,3,3,2,2,3,3,2,2,2,2,2,2,2,2,2,3,4,4,3,2,2,2,2,3,2,2,2,3,2,2,1,1,2,2,3,3,2,3,3,3,2,3,2,2,3,3,3,2,1,1,1,,2,3,2,2,2,2,3,3,2,2,3,1,3,,2,3,2,2,2,2,3,3,3,2,2,3,3,3,2,3,2,2,2,2,2,3,2,3,3,2,2,3,2,2,2,2,2,3,2,1,2,2,2,2,2,2,2,3,3,2,2,2,3,2,3,2,2,2,2,3,2,3,3,3,,2,3,2,2,2,3,2,3,2,3,3,3,3,3,3,3,1,3,2,2,3,2,3,2,2,2,3,2,3,3,3,3,2,3,2,1,,2,2,2,3,2,3,3,3,3,3,2,2,3,2,2,2,5.0,2,2,3,,3,3,3,2,3,2,3,2,1,2,3,,3,2,3,3,3,2,2,,3,4,,3,2,3,3,2,3,3,4,2,3,2,2,3,3,2,,3,3,3,,3,3,3,4,3,3,,3,,3,2,3,2,2,3,3,2,3,3,3,3,,3,3,3,3,3,,,2,2,3,3,2,2,2,4.0,3,2,3,5.0,3,0,3,3,3,4.0,2,3,3,2,3,2,0.0,3,2,4,3,3,3,3,3,3,2,2,,3,0.0,3,3,2,2,3,3,3,3,3,3,,3,3,3,3,3,3,3,3,3,2,3,3,3,2,3,3,2,2,,2,3,3,3,3,3,3,2,2,3,,3,3,3,3,,3,3,3,3,0,,,,3,2,3,3,2,3,,3,,,,2,3,3,3,,4,3,3,,3,2,,,3,,3,,3,2,,3,3,2,3,3,3,3,3,3,3,3,2,2,3,2,3,3,2,3,3,2,1,2,3,3,2,,4,2,,2,3,,,3,3,,3,4,,2,3,2,3,3,4,3,2,,3,3,3,3,0,3,,3,3,2,2,,2,3,,,,,3,3,3,3,3,3,,3,4,3,,,3,3,,2,,2,3,,3,3,4,,3,,3,2,3,3.0,3,2,,3,,3,,2.0,3,,3,3,2,2,3,,3,3,2,3,,,3,3,3,4,3,2,4,3,3,3,3,,2,3,3,2,2,3,3,3,2,,3,3,,4,,,3,,3,,3,2,3,3,3,3,3,3,3,3,,,,4,2,3,,3,3,4,3,3,2,3,,3,,3,3,3,3,2,3,,3,3,,3,3,3,3,3,3,,,,,,3,,,3,3,,,,135,2,0.014840182648401826
2,1,2,2,2,2,2,2,2,3,2,2,2,2,3,2,2,2,2,2,2,1,2,1,2,2,3,2,2,2,2,2,2,2,3,2,2,2,2,2,2,2,2,3,2,2,2,2,2,3,2,2,3,2,2,2,2,2,2,3,3,2,1,2,2,2,2,2,2,1,2,2,2,2,1,3,2,2,2,2,1,2,1,2,2,2,1,2,2,2,2,2,1,2,2,2,2,2,2,2,2,2,3,2,2,2,2,1,2,2,2,2,2,2,1,1,2,2,2,3,2,1,3,2,2,2,2,2,2,2,2,2,2,2,2,2,2,2,2,2,2,2,1,2,2,2,2,2,3,3,2,2,0,2,2,2,2,3,2,2,1,2,2,2,2,2,1,3,2,2,2,2,2,2,2,3,3,2,3,2,2,2,3,1,2,2,2,1,2,2,2,2,3,3,2,2,3,2,3,2,3,2,3,2,3,2,2,2,2,2,2,1,2,3,2,2,2,2,2,2,2,2,2,1,2,2,2,2,2,2,2,2,2,2,2,3,2,2,2,3,2,3,2,2,3,2,3,3,2,1,2,2,2,2,1,2,2,3,2,2,2,2,2,2,2,2,2,3,2,2,2,2,2,3,2,2,3,3,2,2,2,2,2,2,2,2,2,2,1,3,2,2,2,2,3,2,2,2,2,2,2,2,2,2,2,2,2,2,2,2,2,2,2,2,2,3,2,2,2,2,2,2,3,2,3,2,2,2,2,2,2,2,3,1,3,3,2,2,2,2,2,3,2,2,3,2,2,2,3,3,3,2,3,2,3,2,2,2,2,3,2,2,2,2,2,2,1,2,2,3,2,2,2,2,0,1,2,2,3,2,2,2,3,3,2,2,3,2,2,2,2,3,2,1,2,2,3,2,3,2,2,2,3,3,1,2,2,2,2,2,2,2,2,2,1,2,3,2,2,2,2,2,2,2,2,2,2,2,2,2,2,2,2,2,2,2,3,3,2,3,2,2,2,2,2,2,2,3,2,,2,3,2,2,2,2,3,2,2,2,2,3,2,,2,3,2,2,2,2,2,2,3,2,1,3,2,2,2,0,0,2,2,2,2,2,2,3,3,2,2,3,1,2,1,2,3,3,2,2,3,2,3,3,2,2,2,3,1,2,2,3,2,2,2,2,3,3,2,2,2,2,3,3,,2,2,2,3,2,2,2,2,1,3,3,2,2,3,2,2,2,3,2,2,2,2,2,2,1,2,2,2,3,3,2,3,3,3,2,2,,2,2,2,3,3,3,2,3,3,2,2,2,3,3,2,2,,3,2,2,,3,3,2,3,2,2,2,2,3,2,2,,3,2,3,3,3,2,2,0.0,3,4,,2,3,2,2,2,2,3,3,2,0,3,3,3,3,3,,3,2,3,,2,3,3,4,3,3,,3,,3,3,3,2,2,2,2,2,3,3,2,3,,2,3,2,2,3,,,2,2,0,3,2,2,2,,3,2,2,,3,3,3,2,2,,2,3,3,2,2,2,,4,2,3,2,3,2,3,3,3,3,3,,0,,2,3,2,2,3,2,3,3,2,2,,3,3,2,2,3,3,3,3,3,2,3,2,3,2,3,3,3,2,,3,3,2,3,3,4,2,2,2,3,,3,2,2,2,4.0,2,3,2,3,3,,,,2,2,3,0,3,2,,3,,,,3,2,2,3,,4,3,2,,3,2,,,3,,3,,3,4,,3,3,2,2,3,3,3,3,3,3,3,2,3,3,2,3,3,2,3,3,2,3,2,3,2,3,,4,3,5.0,2,3,,,3,2,,3,4,,3,3,3,3,3,4,3,2,,2,3,3,3,3,3,,2,2,1,2,,2,2,,,,,3,3,3,3,3,3,,3,3,3,,4.0,2,3,,2,,2,3,,3,3,3,,3,,3,2,3,,2,2,,3,,2,,,3,,3,2,3,3,3,,3,3,2,3,,,3,3,2,3,3,3,4,3,2,3,3,,3,3,3,2,3,3,3,2,3,,3,3,,3,,4.0,3,,3,3.0,3,0,3,3,3,2,3,2,3,3,,,,4,2,3,,3,3,3,3,3,2,3,,3,,2,3,3,3,3,2,,2,3,,3,3,3,3,3,3,,,,,,3,,,3,3,,,,136,2,0.014874141876430207
3,2,2,2,2,2,2,2,2,3,2,2,2,2,2,2,2,2,2,2,2,2,3,2,2,2,2,1,1,1,1,2,2,2,2,2,2,2,2,2,2,2,2,3,2,2,2,2,2,2,2,2,3,2,2,2,3,2,2,3,2,2,1,2,2,2,2,2,2,2,2,2,3,2,2,2,3,2,2,2,2,2,1,2,1,3,2,1,2,2,2,2,2,2,3,3,2,3,2,2,2,3,2,2,2,2,2,1,2,2,2,3,3,2,2,2,0,2,2,2,3,1,3,2,2,2,2,2,2,2,2,2,2,2,2,2,2,2,2,2,2,2,2,2,2,2,2,2,2,2,2,2,2,2,2,2,2,3,2,2,1,2,2,2,2,2,1,2,2,2,1,1,2,2,2,3,3,3,3,2,2,2,3,1,1,3,2,2,2,1,2,2,3,2,2,2,2,2,2,2,2,2,3,2,3,3,2,2,2,2,2,2,1,3,2,2,1,2,2,2,3,2,2,2,3,2,2,2,2,2,2,3,2,2,2,2,2,2,3,3,2,3,2,2,2,2,3,3,2,2,2,2,2,0,2,2,2,3,2,1,2,2,2,2,3,3,3,3,2,2,2,2,2,2,2,2,3,3,2,2,2,2,1,2,2,2,2,2,2,3,2,2,2,3,3,1,2,3,2,2,2,2,2,2,2,2,2,3,2,3,2,2,2,3,2,3,2,2,2,2,2,2,2,2,3,2,2,2,3,2,3,2,3,1,3,3,2,2,2,2,1,3,2,2,3,2,3,2,3,3,3,2,3,2,3,2,2,2,3,3,3,2,2,2,3,2,2,2,2,3,2,2,2,2,3,2,2,2,2,2,2,2,3,3,3,2,3,3,2,2,2,3,3,2,2,2,3,2,3,2,2,2,3,3,2,1,3,3,2,2,2,1,2,2,3,4,3,2,1,1,1,2,2,2,1,2,2,2,2,0,2,2,2,2,1,3,3,1,2,3,2,2,2,2,2,2,2,2,2,,2,3,2,2,2,2,3,3,2,2,2,2,2,,1,2,3,2,2,3,2,0,2,1,2,3,3,3,2,3,2,2,2,2,2,2,2,3,3,2,2,0,2,2,2,2,3,2,2,3,3,3,3,3,2,3,2,3,2,0,3,2,3,1,3,3,2,2,2,2,2,2,3,3,,3,2,2,3,2,3,2,3,2,3,2,2,2,3,3,1,2,2,2,2,2,2,2,1,2,2,2,2,2,0,2,3,3,3,2,2,,2,2,2,3,3,3,2,3,3,3,2,2,3,3,2,2,,2,2,2,3.0,3,2,2,3,2,2,2,2,2,2,2,,3,2,2,3,3,2,2,,3,4,,1,3,2,2,2,2,3,3,2,3,3,3,3,3,2,,3,2,3,,2,0,3,4,3,3,,3,4.0,3,3,3,3,2,2,3,3,3,3,2,2,,2,2,2,2,3,,,2,2,2,2,2,2,2,,2,1,3,,3,3,3,2,3,,2,3,3,3,3,2,,3,2,4,2,3,2,3,3,3,3,3,,3,,3,3,3,2,3,2,3,3,2,3,,2,3,3,3,0,2,3,3,3,2,2,2,3,2,3,3,3,0,,2,3,3,3,3,3,2,2,2,3,,3,2,1,2,,2,3,2,3,3,,,,3,3,3,2,3,2,,3,,,,3,2,3,3,,3,3,2,,3,2,,,3,,3,,3,4,3.0,2,3,2,3,3,3,3,3,3,3,3,2,2,2,2,3,3,3,1,3,2,3,2,3,2,3,,4,3,3.0,2,3,,5.0,3,3,,3,4,,3,3,3,3,3,4,3,3,,2,2,3,3,3,3,,2,2,2,2,,2,2,,,,,3,3,2,3,3,3,,3,3,3,,,2,3,,2,,2,2,,3,3,3,,3,,3,2,4,,3,2,3.0,3,,2,,,3,,3,2,3,3,2,5.0,3,3,3,2,,,3,3,3,4,3,3,4,3,3,3,3,,3,3,3,2,3,3,3,3,3,,3,3,,4,,,3,,3,,3,2,3,2,2,2,3,3,3,3,,,,4,2,3,,3,3,3,2,3,2,4,,3,,2,3,3,3,3,2,,3,3,,3,2,3,3,3,3,,,,,,3,,,3,3,,,,137,2,0.01834862385321101
3,2,2,2,2,2,2,2,2,2,2,2,2,1,1,2,2,2,2,2,2,2,3,2,2,2,2,2,2,2,2,2,2,2,3,2,2,2,2,2,2,1,2,3,2,3,2,2,2,2,1,1,2,2,3,3,3,2,2,3,2,2,1,2,1,2,3,3,2,2,1,0,3,3,2,2,3,2,2,2,2,2,2,1,1,2,1,2,3,2,2,3,2,2,2,1,2,2,0,2,2,2,2,2,3,2,2,2,2,2,3,3,2,2,2,2,2,2,2,3,3,2,2,2,2,2,3,2,1,2,2,2,2,2,2,2,2,2,3,3,2,1,2,2,2,2,3,2,3,2,3,2,1,2,2,2,3,2,3,2,2,2,2,2,2,2,2,1,2,2,2,2,2,2,2,3,3,2,3,2,2,2,3,2,2,2,2,2,3,2,2,2,3,3,3,3,2,2,2,2,2,2,2,2,2,2,1,2,3,2,2,2,2,3,2,2,2,1,2,3,3,2,2,2,3,2,2,3,3,2,3,2,2,2,2,3,2,3,2,3,3,3,2,2,2,3,3,3,3,2,3,2,2,2,2,2,2,3,2,2,3,2,3,2,2,3,2,3,2,2,2,2,2,2,3,3,3,2,2,3,2,2,2,2,2,2,3,3,1,3,2,2,2,2,3,2,2,2,3,3,2,2,2,2,2,2,2,3,2,2,2,3,2,3,3,3,3,2,2,3,3,3,3,2,3,2,2,2,2,2,3,3,3,2,3,3,2,3,2,2,2,3,2,2,3,3,2,3,3,2,3,2,2,1,2,2,2,2,3,2,2,2,2,2,2,2,2,2,2,3,3,2,2,2,3,2,3,2,3,3,3,3,3,3,3,3,3,3,3,2,2,3,3,2,3,2,3,2,3,2,2,3,3,3,2,2,3,2,3,2,3,2,2,3,3,4,3,2,2,2,2,2,2,2,2,2,2,2,3,3,2,0,2,1,2,3,3,3,2,3,2,2,3,2,2,2,3,3,2,,2,3,3,2,2,3,3,2,2,2,2,3,3,,2,2,2,2,3,3,2,3,3,2,2,3,3,3,2,4,2,2,2,2,2,2,2,3,3,2,3,3,2,2,1,2,2,3,2,2,3,3,3,3,2,3,2,3,2,2,2,3,3,2,3,2,3,3,2,3,3,2,3,2,,2,2,3,3,2,3,2,3,2,3,3,2,3,3,3,3,3,3,3,2,3,2,3,2,2,2,3,3,2,3,2,3,2,3,3,3,,3,2,3,3,3,3,3,2,3,2,2,2,3,2,2,3,,2,2,2,,3,3,2,3,2,3,0,2,2,2,2,,3,3,2,3,3,2,3,,3,4,,3,2,3,3,2,2,3,3,2,3,3,2,3,3,3,,2,2,3,,2,3,3,4,3,4,,3,,3,3,3,2,3,3,2,2,3,3,3,3,,3,3,2,2,3,,,2,2,3,3,3,2,2,,3,3,3,,2,4,3,3,3,,3,4,3,2,3,2,,4,2,3,3,3,3,3,4,3,3,3,,3,,3,2,3,2,3,3,3,3,2,3,,3,3,3,2,3,3,3,3,3,2,2,3,2,2,3,3,3,2,,3,3,3,3,3,4,3,2,2,2,,0,3,3,0,,2,3,3,3,3,,5.0,,3,3,3,3,2,3,,2,,,,2,3,3,2,,4,3,3,,3,2,,,3,,3,,3,4,,3,3,3,3,2,3,3,3,4,3,3,3,3,2,2,3,3,3,3,3,2,3,1,3,2,3,,4,3,,2,3,,,3,3,,3,3,,4,3,2,3,3,4,3,3,,3,3,3,3,3,3,4.0,3,3,2,3,,2,3,,,,,3,3,3,4,3,3,,3,4,3,,,3,3,,3,,3,3,,3,3,3,5.0,3,,4,3,4,,3,3,,4,,2,0.0,,4,,3,3,3,2,3,,3,3,3,3,,0.0,2,0,3,4,3,2,4,3,3,3,3,,3,3,3,2,3,3,3,2,2,,3,3,,0,,,3,,3,,3,2,3,3,3,3,2,3,3,3,,,,4,2,3,,3,3,4,3,2,3,4,,2,,3,3,3,3,2,3,,3,3,,3,3,3,4,3,3,,,,,,3,,,2,3,,,,138,2,0.010262257696693273
2,2,2,2,2,0,2,1,2,2,2,1,2,2,2,2,2,2,2,2,2,2,2,0,1,2,2,1,2,1,2,2,2,2,1,1,1,1,1,1,1,1,1,2,1,2,2,1,0,3,2,2,2,2,2,2,2,2,2,2,2,2,2,2,1,2,1,2,2,2,2,3,3,2,2,2,1,2,2,2,2,2,1,2,2,2,2,2,2,1,2,0,2,2,2,2,1,2,2,2,2,2,2,2,2,1,2,1,1,3,2,2,2,1,2,1,2,2,2,2,2,2,3,2,2,2,3,2,1,2,2,2,2,2,2,1,2,2,2,2,2,1,1,2,2,2,2,2,3,2,2,1,2,2,1,2,2,2,2,2,1,2,2,2,2,1,1,2,2,1,1,1,2,2,2,3,2,2,2,2,2,2,3,1,2,3,2,2,2,2,2,2,3,2,2,2,2,2,2,2,2,2,2,2,2,2,2,2,2,2,2,1,1,2,2,1,2,2,2,3,2,2,2,2,2,2,2,2,2,1,2,2,2,2,2,1,2,1,2,3,2,2,2,2,2,2,2,2,2,1,2,2,1,2,2,2,2,2,2,2,2,1,2,2,2,2,2,2,2,2,2,2,2,3,3,2,3,2,2,2,2,2,2,2,2,2,2,2,2,3,2,2,2,1,3,2,2,3,2,3,2,2,2,2,2,2,1,3,2,2,2,2,2,3,2,3,2,3,1,2,2,2,3,2,2,1,2,2,2,2,2,2,2,1,3,3,2,1,2,2,2,2,2,2,3,2,2,2,3,2,3,2,2,2,3,2,2,1,2,2,0,2,1,2,2,2,2,1,2,2,2,2,2,2,0,1,2,2,3,2,2,3,3,3,2,2,3,2,2,2,3,3,3,2,2,2,3,2,3,2,2,2,2,3,2,2,2,2,2,2,2,2,2,2,3,4,3,1,2,1,1,1,2,1,2,3,2,1,2,2,1,2,3,3,2,2,2,1,1,2,2,1,2,2,2,2,2,3,2,,1,2,2,2,2,1,3,2,2,2,2,3,2,,1,3,1,2,2,1,2,2,3,2,1,3,2,2,2,3,1,2,2,2,2,2,1,2,0,2,2,3,1,2,2,1,1,2,1,1,2,2,2,2,2,2,2,3,2,2,2,2,3,2,2,2,2,2,2,3,2,3,3,2,,2,2,1,2,1,2,2,2,1,3,3,2,2,2,3,2,2,2,2,2,2,2,2,2,2,2,2,2,3,2,2,2,2,3,2,2,,2,2,2,2,2,3,2,2,2,2,2,2,3,3,2,2,,3,2,2,,3,3,3,3,2,2,2,2,2,2,3,,3,2,3,2,3,2,2,4.0,2,4,,2,2,2,2,1,2,3,3,2,3,3,3,2,3,2,,2,3,3,,2,3,3,3,3,3,,3,,3,2,3,3,2,2,3,2,3,3,2,2,0.0,2,2,1,2,3,,,2,2,2,2,2,2,2,,1,2,2,4.0,2,3,3,2,2,,2,3,3,2,3,2,,3,2,3,3,3,2,3,3,3,2,2,,3,2.0,2,3,2,2,3,2,3,3,2,3,,2,3,3,2,2,2,2,3,2,2,3,2,2,2,2,2,3,2,,2,2,2,3,3,3,3,2,2,3,,2,3,2,2,,2,3,3,3,3,,,,3,2,3,3,3,3,,2,,,,2,2,2,3,,3,3,0,,3,2,,,2,,3,,3,4,4.0,3,3,2,3,2,3,3,2,2,3,2,2,3,3,2,3,3,2,2,3,2,3,1,3,2,2,,3,2,,2,3,,,2,2,,3,3,,3,3,2,3,2,4,2,2,,2,3,3,3,3,3,,2,3,2,2,5.0,2,2,,3.0,,,3,3,3,3,3,3,,3,4,3,5.0,,2,2,,2,,2,2,,3,3,3,,3,,3,2,2,,2,2,,3,,2,,,3,,3,2,3,2,3,,3,2,2,2,2.0,,2,2,2,3,3,2,3,2,2,2,3,,3,2,3,2,3,3,3,3,3,0.0,3,3,,3,4.0,,3,,3,,2,2,2,3,2,2,2,2,3,3,,,,4,2,2,,3,2,4,3,2,1,3,,2,,2,3,2,3,2,2,,2,2,,3,2,3,3,2,3,,,,,,2,4.0,3.0,3,3,,,,139,2,0.02054794520547945
2,2,2,2,2,2,2,2,2,3,1,2,2,1,2,2,2,2,2,2,0,1,2,2,2,2,2,2,2,2,2,2,2,2,2,2,2,2,2,2,2,1,2,3,2,2,2,2,2,3,3,2,2,2,2,2,2,2,2,2,2,2,2,2,2,2,2,2,2,2,2,3,2,2,1,0,2,2,2,2,2,2,2,2,1,2,2,2,3,2,2,2,1,2,2,2,1,3,3,2,2,2,3,2,3,2,1,2,2,2,3,3,3,2,2,1,2,2,2,2,3,2,3,2,2,3,3,2,2,2,2,2,2,2,2,1,2,2,2,2,2,2,2,2,2,2,2,2,3,2,2,2,2,2,2,2,2,2,3,2,1,2,2,2,2,1,2,2,2,2,2,2,2,2,2,3,3,2,2,2,2,3,3,2,2,3,2,2,2,2,2,2,3,2,2,3,2,2,2,2,2,2,2,2,2,2,2,2,2,2,2,2,2,3,2,1,2,2,2,2,2,2,1,1,2,2,2,2,2,2,2,2,2,2,2,2,2,2,2,3,2,3,2,2,2,2,3,3,2,2,2,2,2,1,2,2,2,3,2,2,1,2,2,2,3,3,3,3,0,2,2,2,2,2,2,3,2,3,2,2,2,2,1,2,2,2,2,2,2,3,2,3,2,3,2,2,2,2,2,3,2,1,2,2,2,2,1,2,2,2,2,2,2,2,2,2,2,2,2,3,3,2,3,2,2,2,2,2,2,2,2,2,3,2,3,3,0,2,2,1,2,2,2,2,3,2,2,2,3,2,2,2,0,2,3,2,2,2,2,3,3,2,2,2,2,2,2,2,2,2,2,2,2,2,3,2,3,2,3,3,2,3,3,3,3,3,3,2,3,2,2,3,3,2,2,2,3,2,3,3,1,2,3,2,2,2,2,3,2,1,3,2,2,2,3,4,3,2,2,1,1,2,2,2,1,3,2,2,2,2,2,2,3,3,2,2,2,1,2,2,2,2,2,2,2,2,2,3,2,,2,3,2,2,2,2,3,2,2,1,2,2,2,,2,3,2,2,2,3,2,2,3,2,2,3,3,3,2,4,2,2,2,2,2,2,2,3,3,2,2,3,2,2,1,2,2,2,2,3,3,3,3,3,2,3,2,3,2,2,2,2,3,2,2,2,3,3,2,2,2,3,4,3,,3,2,2,3,2,3,2,3,2,3,2,3,1,2,2,3,2,3,2,2,3,2,2,2,2,2,2,2,3,2,2,3,3,3,2,1,,3,3,2,3,3,3,3,3,3,3,3,3,3,3,2,3,,3,2,2,,3,3,3,3,2,2,2,2,3,2,3,,2,2,2,3,3,2,3,,3,4,,2,3,3,2,2,2,3,3,2,3,3,3,3,3,2,,3,0,3,,2,3,3,3,3,4,,3,,3,3,3,3,2,2,3,2,3,3,2,2,,2,3,2,2,3,,,2,2,3,3,3,2,2,5.0,3,2,2,,3,3,3,2,2,,2,3,3,2,2,3,,3,2,3,3,3,2,2,3,3,3,3,,3,,3,3,3,3,3,2,3,3,2,2,,2,3,3,3,3,3,2,3,2,2,3,2,2,2,2,3,3,3,,3,3,3,3,3,4,2,2,2,2,,2,3,2,2,4.0,2,4,2,3,3,3.0,,,3,3,3,3,3,3,,2,,,,2,2,2,3,,3,3,2,3.0,2,3,5.0,,2,,3,,3,4,,3,3,2,3,2,3,3,3,3,3,3,2,2,3,2,3,3,3,2,3,2,3,1,3,3,3,,3,2,,2,3,3.0,,2,3,,3,4,,3,3,3,3,3,3,2,3,,2,3,3,3,3,3,,3,3,2,2,0.0,2,2,,,,,3,3,3,4,3,3,,3,4,3,,,3,3,0.0,2,2.0,3,2,,2,3,2,,3,,4,3,3,,3,2,,3,4.0,2,,,3,,2,3,3,2,3,,3,3,3,2,3.0,,2,2,3,3,3,3,3,3,3,3,3,,3,3,3,2,3,3,3,3,3,,3,3,4.0,3,,,3,,3,,3,2,3,3,3,3,2,3,3,3,,,,4,2,3,5.0,3,3,4,3,3,1,4,,3,,3,3,2,3,3,3,5.0,3,3,,3,2,3,3,3,3,4.0,,,0.0,,3,4.0,,3,0,,,,140,2,0.03218390804597701
1,2,2,2,2,2,2,2,2,3,2,2,2,1,2,2,2,1,2,2,2,2,3,2,2,2,2,2,2,2,2,2,2,2,3,2,2,3,2,3,2,2,2,3,2,2,2,2,3,2,2,2,2,2,2,2,2,2,2,2,1,1,1,2,2,2,2,2,2,2,2,0,3,2,2,3,3,2,2,2,2,2,1,1,2,2,2,2,2,2,2,2,2,2,2,2,1,2,2,2,2,2,2,1,0,2,1,1,2,3,3,3,3,2,2,2,2,2,2,2,2,1,1,2,2,2,2,2,2,2,2,2,2,2,2,2,2,2,3,2,2,2,2,2,2,2,2,2,2,2,2,2,1,2,2,2,2,1,2,2,1,2,2,2,2,2,2,2,2,1,1,2,2,2,2,3,3,2,2,1,2,1,2,2,2,3,2,2,2,2,2,2,3,2,2,2,3,2,3,2,3,2,3,2,2,2,2,2,2,2,2,2,2,2,2,2,2,2,2,2,2,2,2,2,2,2,2,2,2,2,2,2,2,2,2,2,2,2,2,3,3,3,2,2,2,2,3,3,2,2,2,2,2,2,2,0,2,2,2,2,3,2,2,2,2,2,0,2,2,2,3,2,2,2,3,2,3,2,2,2,2,2,2,1,1,2,2,2,1,3,2,3,2,3,2,1,2,2,2,3,1,2,2,1,2,2,2,2,2,2,2,2,2,2,2,3,2,2,2,2,2,2,2,2,2,2,2,2,3,2,3,2,3,2,3,3,2,2,2,2,1,2,0,2,2,2,2,2,3,2,2,2,2,2,3,2,2,2,2,3,2,2,2,2,2,2,2,2,2,0,3,2,2,2,3,2,1,1,2,2,2,2,2,2,2,2,2,1,2,2,2,2,2,1,2,2,2,2,2,3,2,2,3,3,2,2,2,3,2,2,2,1,2,2,4,4,3,2,2,2,2,2,2,2,2,3,2,2,2,2,2,2,2,2,2,2,3,2,2,3,2,2,2,2,2,2,2,3,2,,2,3,3,2,2,2,3,2,2,2,2,2,2,0.0,2,2,2,2,2,2,2,2,2,2,2,3,3,3,2,3,2,2,2,1,2,2,2,3,3,2,2,2,2,2,2,2,2,2,2,2,3,3,3,3,2,3,2,3,2,2,3,2,3,2,3,2,3,3,2,2,2,2,4,3,,2,2,3,3,2,3,2,2,1,3,2,3,2,3,3,2,2,3,2,2,3,2,3,2,2,2,2,2,3,2,2,3,2,3,2,2,,2,3,2,3,3,3,2,3,3,2,2,3,3,2,2,2,,2,2,2,,3,3,2,3,2,2,2,2,3,2,2,,3,2,3,3,3,2,2,,2,4,,2,2,3,2,3,2,2,3,2,3,3,3,2,3,2,,3,3,3,,3,2,3,2,3,3,,3,,3,2,3,3,2,2,2,3,3,3,2,3,,3,3,2,2,2,,,2,2,2,3,2,2,2,,3,2,3,4.0,3,3,3,3,2,,2,3,3,2,3,3,,4,2,3,2,3,3,3,3,2,3,3,,3,,3,3,3,2,3,3,3,3,2,3,,2,3,2,3,3,3,3,3,3,2,2,2,3,2,3,2,3,2,,2,2,3,2,3,4,3,2,2,2,,3,2,2,2,4.0,2,3,2,3,3,,,,2,3,3,2,3,2,,2,,,,2,3,3,3,,3,2,3,,3,3,,,3,,3,,3,4,,3,3,3,3,3,3,3,3,3,3,3,2,3,2,2,3,3,3,0,3,2,3,2,2,3,3,,4,3,,2,3,,,3,3,,3,4,,3,3,3,3,3,4,3,3,,3,3,3,3,2,3,,3,3,2,3,,2,2,,,,,3,2,0,3,2,3,,2,4,3,,,2,3,,2,,3,3,,0,3,3,,3,,3,2,3,,3,2,,3,5.0,2,,,3,,3,2,2,3,3,,3,3,3,2,,,3,3,3,3,3,3,4,2,3,3,3,,3,3,3,2,3,3,3,3,3,,3,3,,3,,,3,,2,,2,2,3,3,3,3,3,3,3,3,,,,4,2,3,,3,3,4,3,3,2,4,,3,,3,3,3,2,3,3,,3,3,,3,2,3,3,3,3,4.0,,,,,3,,,3,3,,,,141,2,0.012571428571428572
2,2,2,2,2,2,2,2,2,3,2,2,2,2,2,2,1,2,2,2,1,1,2,2,3,2,3,2,2,2,2,2,3,3,3,2,2,3,3,3,3,2,2,3,2,2,2,2,2,3,3,2,2,2,2,2,2,2,2,2,1,1,1,2,1,2,2,2,2,1,2,2,2,2,2,2,3,2,2,2,0,1,2,2,1,2,2,2,2,2,2,2,2,2,2,2,2,3,2,2,2,3,3,1,1,2,1,1,2,3,2,3,2,2,2,2,2,2,2,3,3,1,2,2,2,2,3,2,1,2,2,2,2,2,2,2,3,2,3,2,2,2,1,2,2,2,2,2,2,2,1,2,2,2,2,2,2,1,2,2,1,2,2,2,1,2,1,2,2,2,2,2,2,2,1,3,3,2,2,2,2,1,1,2,1,3,2,2,2,1,2,2,3,3,2,2,2,2,2,2,2,2,3,2,2,2,2,2,2,2,2,2,2,2,2,2,2,2,2,2,2,2,1,2,2,2,2,2,2,2,2,2,2,2,2,2,2,2,2,3,3,3,2,2,2,2,3,3,2,1,0,2,2,1,2,2,2,3,2,2,2,2,2,2,2,3,3,3,2,2,2,2,2,3,2,2,2,2,2,2,2,2,2,1,2,2,2,2,2,3,2,2,2,3,2,1,1,3,2,1,2,2,2,2,2,2,2,2,2,2,2,2,2,3,2,2,2,2,2,2,1,1,3,2,2,2,2,2,2,2,3,2,3,2,3,3,2,2,2,2,2,2,2,2,2,2,2,2,3,2,2,2,2,2,3,2,2,2,2,3,2,2,2,2,3,2,2,2,1,3,3,2,2,2,3,2,1,1,1,0,2,2,2,2,1,2,2,1,0,2,1,2,2,1,1,1,2,2,2,2,2,2,3,2,2,2,2,3,3,2,2,2,2,3,4,4,3,2,2,2,2,2,2,2,2,2,2,2,2,2,2,2,2,2,2,3,3,3,2,3,2,2,3,3,2,2,2,2,2,,2,3,2,2,2,3,3,2,2,1,1,3,2,,2,2,2,0,2,3,3,2,3,2,2,3,3,3,2,3,2,2,2,2,2,2,2,3,3,2,2,2,2,2,2,2,2,3,2,2,3,3,3,3,2,2,2,3,2,2,3,3,3,2,3,3,3,3,2,2,2,2,3,2,,3,2,3,3,2,3,2,3,2,3,3,2,2,3,3,2,2,3,2,2,3,2,3,2,1,2,2,2,3,2,3,3,2,3,2,2,,2,3,2,3,3,3,2,2,3,2,2,2,3,3,2,2,,2,3,2,,3,2,3,3,3,2,3,2,2,2,2,,3,2,3,3,3,2,2,,3,4,,2,2,3,2,2,2,3,3,2,2,3,3,3,3,2,,3,2,3,,2,2,3,4,3,3,,3,,3,3,3,3,2,2,3,2,3,3,2,2,,3,3,2,3,3,,,2,2,2,2,2,2,2,,3,2,2,,3,3,3,2,2,,2,3,3,2,3,2,,3,2,3,2,3,2,3,3,3,3,2,,3,,3,3,3,2,3,2,3,2,2,2,,2,3,2,3,3,3,3,3,3,2,3,2,2,2,3,2,3,2,,3,3,3,2,3,4,2,2,2,3,,3,2,3,2,,2,3,2,2,3,,,,2,3,3,3,3,2,5.0,2,,,0.0,2,2,2,3,,3,3,2,,3,2,,,3,,3,0.0,3,4,,3,3,2,3,3,3,3,3,3,3,3,2,2,2,2,3,3,2,3,3,2,3,2,3,3,3,,4,3,,2,3,,,3,2,,3,4,,3,3,3,2,3,4,0,3,,3,3,3,3,2,3,,3,2,2,2,,2,3,,,,,3,3,3,3,2,3,,2,3,3,,5.0,2,3,,2,,2,3,,2,3,3,,3,,3,2,3,4.0,3,2,4.0,3,4.0,3,,,3,,3,3,3,2,3,,2,3,3,3,,,3,2,3,4,3,3,4,3,3,3,3,,3,3,3,2,3,3,3,3,3,,3,3,3.0,4,4.0,,3,,2,,3,2,3,2,3,2,3,3,3,3,,4.0,,4,2,3,,2,0,0,3,3,1,4,,3,,3,3,3,3,3,3,,3,3,,3,3,4,3,3,3,,,,,,4,,3.0,3,3,,5.0,,142,2,0.015927189988623434
2,2,2,1,1,1,1,2,2,2,2,2,2,1,2,1,2,1,1,2,1,1,2,2,2,2,2,2,1,2,2,2,2,2,2,1,2,2,2,2,1,2,2,2,1,1,1,2,2,2,2,2,2,2,1,1,1,1,1,1,2,2,2,1,1,1,2,2,2,2,2,2,2,2,1,2,2,2,2,2,2,1,1,1,1,2,2,1,2,2,2,2,2,2,2,2,2,2,2,2,2,2,2,2,2,1,1,2,2,3,0,2,2,2,2,1,2,2,2,2,2,1,2,2,2,2,2,2,1,1,2,1,1,2,2,2,2,1,2,2,1,2,2,2,2,2,2,2,2,2,2,2,2,2,1,2,2,2,2,2,1,2,2,1,1,1,2,2,1,1,1,2,2,1,1,2,2,1,2,2,2,2,2,1,2,2,1,1,1,2,1,2,2,2,1,2,2,2,2,2,2,2,3,2,2,2,2,2,2,2,1,2,1,2,2,2,2,2,1,2,2,1,1,1,2,1,1,2,2,2,1,2,2,2,1,2,2,2,2,2,2,2,2,2,2,2,2,2,1,1,2,2,1,2,2,2,2,2,1,2,2,2,2,2,2,2,2,3,1,1,2,1,0,2,2,2,2,2,2,2,1,1,0,2,2,1,2,2,2,2,1,2,2,2,2,2,2,2,2,2,2,2,2,2,2,1,2,2,2,0,1,1,2,2,2,2,2,2,2,2,2,2,1,2,2,2,2,2,2,2,2,2,2,1,2,2,2,2,2,2,2,2,2,2,3,2,2,2,3,2,2,2,2,2,2,2,2,2,2,2,2,2,2,2,2,2,2,2,2,2,2,1,2,2,2,1,2,2,2,2,2,2,3,3,2,2,2,2,2,2,2,3,3,1,2,2,3,2,3,2,2,1,3,2,1,2,2,2,1,2,2,1,2,2,3,4,3,2,2,2,2,2,1,2,2,2,2,2,2,2,2,2,2,2,1,2,3,2,2,3,2,1,2,2,2,2,2,1,2,,2,3,2,2,2,2,3,2,2,2,2,1,2,,1,2,2,2,2,2,2,2,3,2,1,3,2,2,1,3,2,1,2,2,2,2,2,2,3,2,2,2,2,1,2,2,2,2,1,2,2,2,2,2,1,2,2,3,2,2,2,1,3,2,2,2,2,2,1,2,1,3,3,2,,1,2,2,2,2,2,2,2,0,3,2,2,2,2,3,2,2,2,2,2,2,1,2,2,2,2,2,2,3,3,2,2,2,2,2,2,3.0,2,2,2,3,3,2,2,2,3,2,1,2,2,3,2,2,,2,2,2,,2,2,2,2,2,2,2,2,2,2,2,,2,2,3,2,2,2,2,,2,4,,2,2,3,2,2,1,3,3,2,3,2,2,2,3,2,,2,2,2,,2,3,3,3,3,3,4.0,2,,3,2,2,2,2,2,2,2,3,2,2,2,,2,2,2,2,3,,,2,2,2,2,1,2,2,,3,2,2,,3,2,3,3,2,,2,3,2,0,3,2,,3,2,3,2,2,2,2,3,1,2,2,,3,,2,2,2,2,3,2,2,3,2,2,,2,2,2,2,3,3,2,3,2,2,2,2,2,2,3,2,2,2,,2,3,2,3,3,3,2,2,2,3,,2,2,2,2,,2,3,3,3,2,,3.0,,2,2,3,2,2,3,,2,,,,2,2,3,3,4.0,3,3,2,,3,2,,,2,,2,,3,3,4.0,3,3,2,3,3,2,2,3,3,2,2,1,2,2,1,2,3,2,2,3,2,2,1,2,1,2,,3,2,,2,2,,,2,2,,2,3,,3,3,2,3,3,3,3,2,,2,3,2,3,3,3,,2,3,1,2,,2,2,,,,,2,3,3,3,3,0,,2,3,2,,,2,3,,1,,3,2,,2,2,3,,3,,3,2,3,,3,2,,2,,0,,,3,,2,2,3,2,2,,2,3,2,2,,,2,2,2,3,2,2,3,2,3,2,2,,2,3,2,2,2,2,3,2,2,,3,3,,3,,,3,,3,,0,2,2,2,2,2,2,2,3,3,5.0,,,4,2,3,,3,0,3,3,2,2,3,,2,,2,3,2,2,2,2,,3,3,,3,2,3,3,2,2,,,4.0,,,3,,4.0,3,2,,,,143,2,0.013683010262257697
2,2,2,1,2,2,2,2,2,3,2,2,2,1,2,2,2,2,2,2,2,1,1,2,2,0,2,2,2,1,2,2,2,2,1,2,2,2,2,2,2,2,2,3,2,2,1,2,2,2,2,2,3,2,2,2,1,1,1,1,2,2,1,1,2,2,2,2,2,2,2,2,3,2,2,2,2,2,2,2,2,2,1,2,1,2,1,1,1,1,2,2,2,2,2,2,1,2,2,2,2,2,3,2,2,2,2,1,2,3,2,3,3,2,1,2,2,2,2,2,3,1,3,2,2,2,2,2,2,1,2,2,2,2,2,2,2,0,2,2,2,2,1,2,2,2,2,2,2,2,2,2,2,2,2,2,2,2,1,2,1,2,2,2,2,2,1,2,2,1,2,2,2,2,1,2,2,2,2,2,2,2,2,1,2,2,2,2,2,2,2,2,2,2,2,2,2,2,2,2,2,2,3,2,2,2,2,2,1,1,0,1,2,2,2,2,2,2,2,2,2,2,2,2,2,2,2,2,2,2,2,2,2,2,2,1,2,2,1,2,2,2,2,2,2,2,3,3,2,1,2,2,1,2,1,1,2,3,2,2,2,2,2,2,2,2,2,3,2,2,2,1,2,2,2,2,2,3,2,2,2,2,1,1,2,1,2,2,2,3,2,2,2,2,2,1,2,2,2,3,2,1,0,1,2,1,2,2,2,3,2,2,2,3,2,3,2,2,2,2,2,2,2,2,2,2,2,2,2,1,3,0,3,2,3,2,2,2,2,2,2,2,2,2,3,2,2,2,3,2,2,2,2,1,3,1,2,2,2,2,2,2,2,2,2,1,2,2,2,2,2,1,2,2,3,2,2,2,2,2,2,2,3,3,3,2,3,2,2,2,2,3,2,2,2,2,3,2,3,2,2,2,2,3,2,2,2,2,2,2,2,2,2,2,3,4,3,2,2,2,1,2,2,2,2,2,2,2,2,2,2,2,2,2,1,2,3,2,1,3,2,2,2,2,2,2,2,2,2,0.0,2,3,2,2,2,2,3,2,2,1,2,2,2,,2,2,2,2,2,2,2,2,2,2,2,3,2,3,2,3,2,2,2,2,2,2,2,3,3,2,2,3,2,2,1,2,2,3,2,2,3,3,3,3,2,2,2,3,2,2,2,2,3,2,2,2,3,3,2,2,2,2,3,3,,2,2,2,2,2,2,2,2,1,3,3,2,2,3,2,2,2,2,2,2,2,1,2,2,2,2,2,2,2,2,2,3,2,3,2,2,,2,2,2,3,3,3,2,2,3,2,2,2,3,3,2,2,,2,2,2,3.0,3,2,2,2,2,2,2,2,2,2,2,,2,2,2,2,3,2,2,4.0,2,4,5.0,2,3,3,0,2,2,3,3,2,2,3,3,2,2,2,,2,2,2,,2,2,3,3,3,3,,2,,3,2,2,2,2,2,3,3,3,3,2,2,,2,3,2,2,3,5.0,,2,2,2,2,2,2,2,,3,2,2,,2,3,3,3,2,,2,3,2,2,2,0,,0,2,3,2,2,2,3,3,2,3,2,,3,,2,3,1,2,3,3,3,3,2,2,,2,2,3,2,3,3,3,3,2,2,3,2,3,2,3,2,3,2,,2,3,2,3,2,4,3,2,2,3,5.0,3,2,2,2,,2,3,2,2,0,4.0,,,2,2,3,2,2,2,3.0,3,,,,3,2,3,3,,3,3,2,,3,2,5.0,,3,,3,,3,3,,2,3,2,3,3,2,2,3,3,2,2,1,1,2,2,2,3,2,2,3,2,3,2,3,2,3,,4,2,,2,3,,,2,2,,3,4,,3,3,2,3,2,4,3,2,,2,3,2,3,3,3,,2,3,2,2,3.0,2,2,,,,,2,3,3,3,3,3,,3,3,3,,4.0,2,3,4.0,2,,2,3,4.0,3,2,3,,3,,3,2,3,,3,2,,3,,2,3.0,,3,,3,2,3,3,2,,3,3,2,3,,,3,3,2,3,2,3,4,2,2,2,2,,3,2,2,2,2,3,3,2,3,,3,3,,3,,,3,4.0,3,,2,2,3,3,3,2,3,3,3,3,,,,4,2,3,,3,3,4,3,3,2,3,,3,,3,3,3,3,3,3,,2,3,,3,2,3,3,2,3,,,,,,3,,,3,3,,,,144,2,0.029885057471264367
2,2,2,2,2,1,2,1,1,1,2,2,2,1,2,2,2,2,2,2,1,1,2,2,2,2,2,2,1,2,2,2,2,2,2,2,2,2,2,2,2,2,2,2,2,2,2,2,2,2,2,2,2,2,2,2,2,2,1,2,2,2,1,2,1,2,2,2,1,1,2,2,2,2,2,3,2,2,2,2,0,1,1,2,2,2,1,1,2,2,2,2,2,1,2,2,2,2,2,2,2,2,2,2,2,1,1,1,2,2,2,3,2,1,2,2,2,2,2,3,2,1,2,2,2,2,2,2,1,1,2,1,2,2,2,2,2,2,2,2,2,1,1,2,2,1,2,2,2,2,2,2,2,2,2,2,2,2,1,2,1,1,2,2,2,2,1,2,2,1,2,2,1,1,2,3,2,2,1,2,1,1,2,1,2,2,2,1,2,2,2,2,2,2,2,2,2,2,2,2,2,2,3,2,2,2,2,2,2,2,1,2,2,2,1,2,2,2,2,2,2,2,2,2,2,2,2,2,2,2,2,2,2,2,2,2,2,2,2,2,2,2,2,1,2,2,2,2,2,1,2,2,2,2,2,2,1,2,2,2,2,2,2,2,1,1,1,2,2,2,2,2,2,2,2,2,2,2,2,2,2,2,2,2,2,2,2,2,2,3,2,2,1,2,2,2,2,2,2,2,2,1,2,1,2,2,0,3,2,2,2,2,2,3,2,3,2,3,2,2,2,2,2,2,2,2,2,2,2,1,3,2,2,2,3,3,2,2,2,2,2,3,2,2,2,2,2,2,3,2,2,0,2,2,2,2,2,2,1,2,2,2,2,2,2,2,1,2,2,2,3,2,2,2,2,2,2,1,2,2,2,2,3,2,2,2,2,2,2,2,2,2,2,2,2,2,3,2,3,2,2,2,2,2,1,2,2,2,2,2,2,2,2,0,4,4,3,2,2,2,1,2,2,2,1,2,1,2,2,2,2,2,3,2,2,2,3,2,2,3,2,2,3,2,2,2,2,2,2,,2,2,0,2,2,2,3,2,2,2,1,2,2,,2,2,1,2,2,2,3,2,3,1,1,3,2,2,2,3,2,2,2,2,2,2,2,2,2,2,1,2,2,2,2,2,2,2,1,1,0,1,1,2,2,2,1,3,2,2,2,2,2,2,2,1,3,3,2,2,2,2,3,2,,2,2,2,2,2,2,2,2,1,3,2,2,2,2,2,2,2,2,2,2,2,1,2,2,1,2,2,2,3,3,2,3,2,2,2,2,,2,2,2,2,2,3,2,1,2,2,2,2,3,2,2,2,,3,2,2,,3,2,2,3,2,2,2,2,3,2,2,,2,2,3,3,3,2,2,,2,4,,2,2,3,2,2,1,3,3,2,3,3,0,2,3,2,,2,2,3,,2,3,3,3,3,3,,3,3.0,3,2,3,2,2,2,2,2,3,3,2,2,,2,3,2,2,2,,3.0,2,2,2,2,2,2,2,,2,2,2,,2,3,3,2,2,,2,3,3,2,2,2,3.0,3,2,3,2,2,2,3,3,2,2,2,,3,,2,3,2,2,3,2,3,2,2,2,,2,3,2,2,3,3,2,3,2,2,3,2,2,2,2,2,3,2,,2,2,3,3,2,4,3,2,2,2,,2,2,2,2,,2,3,2,3,3,,,,3,2,3,2,3,2,,2,,,,2,2,2,2,,3,2,2,,3,2,,,2,3.0,3,,3,4,,3,3,2,2,3,2,2,2,3,3,2,2,2,2,1,2,3,2,3,3,2,3,1,3,2,1,,3,2,3.0,2,3,,,2,2,,3,3,,3,3,2,3,3,4,3,2,,2,3,3,3,2,3,4.0,2,2,1,2,1.0,2,3,,,,,2,3,3,3,3,3,,3,0,3,,,2,3,,2,,2,3,,2,2,3,,3,,3,2,3,,3,2,,3,,2,,,3,,3,2,2,2,2,,3,2,2,2,,,2,2,3,3,3,2,3,2,3,2,2,,3,2,2,2,3,3,3,2,2,,3,2,,3,,,3,,2,,2,0,3,2,2,2,2,2,2,3,,4.0,,4,0,3,,3,3,3,3,2,2,3,,2,,3,3,3,3,2,3,,3,3,,3,2,3,3,2,3,,,,5.0,,3,,2.0,2,3,,,,145,2,0.026497695852534562
2,3,2,2,2,1,2,2,2,3,2,3,2,1,2,2,3,2,2,2,2,2,3,2,2,2,2,2,2,2,2,2,2,2,3,2,2,3,2,2,2,2,2,3,2,2,2,2,2,3,3,2,3,2,2,2,2,2,2,2,3,2,1,2,2,1,2,2,2,2,2,3,3,3,2,2,2,2,2,2,2,2,2,2,2,2,2,2,1,2,2,2,2,1,2,2,1,2,2,2,2,2,3,3,3,2,2,2,2,3,3,3,3,2,2,2,2,2,3,2,3,2,3,2,1,2,3,2,2,2,2,2,2,2,2,0,2,2,3,2,2,2,2,2,0,2,2,2,2,0,2,2,2,2,2,3,2,2,2,2,1,3,2,2,2,2,1,2,1,2,2,2,2,2,2,3,2,2,2,2,2,2,3,2,2,2,2,2,2,2,2,2,3,3,2,2,3,2,2,2,2,2,3,2,2,2,2,2,3,2,2,2,1,3,2,2,2,3,2,3,3,2,2,2,3,3,2,3,3,3,2,2,2,2,2,2,2,2,2,3,3,3,2,2,3,2,3,3,3,2,2,2,2,2,2,2,2,3,2,3,3,2,2,2,2,3,2,3,2,2,3,2,2,3,3,2,3,3,2,2,2,2,2,2,2,2,2,2,3,3,2,2,2,3,2,2,2,3,3,3,2,2,2,2,2,2,2,3,2,3,2,3,2,3,2,3,3,3,2,3,2,2,2,2,3,2,2,2,3,2,3,3,3,2,3,2,2,2,2,2,2,3,2,2,3,3,2,2,3,2,2,2,2,2,3,2,2,2,3,3,3,2,2,3,3,2,2,2,3,0,2,2,2,2,2,2,2,2,3,2,2,2,3,3,3,3,3,3,3,3,2,3,3,2,3,2,3,3,3,2,2,2,3,3,2,2,2,2,2,2,2,2,3,2,2,3,3,2,2,2,2,3,2,2,2,3,2,2,3,2,2,2,3,3,2,2,3,2,2,3,2,2,2,1,2,2,2,3,2,,2,3,3,2,2,1,3,2,2,2,3,2,2,,2,3,2,2,3,2,2,3,3,2,2,3,3,3,2,3,2,2,2,2,2,2,2,3,3,2,2,3,2,2,1,2,2,3,2,3,3,3,3,3,2,3,2,3,2,2,3,3,3,2,3,2,3,3,2,3,2,3,3,3,,2,2,2,3,2,3,2,3,1,3,3,3,3,3,2,3,2,3,2,2,3,2,2,2,2,2,2,2,3,3,3,3,2,3,2,3,,2,2,3,3,3,3,2,3,3,3,2,2,3,3,0,3,,3,2,2,,3,3,3,3,2,2,2,2,2,2,3,,3,3,3,3,2,2,2,,3,0,4.0,3,3,3,2,2,3,3,3,2,0,3,3,2,3,2,,3,3,3,,3,3,3,3,3,4,,3,,3,3,3,3,2,3,3,2,3,3,2,3,4.0,3,3,3,2,3,,,3,2,2,2,3,2,2,,3,3,3,5.0,3,3,3,3,2,,2,3,3,2,3,3,,3,2,3,3,3,3,3,3,3,3,3,,3,,3,3,3,2,3,3,3,3,2,3,,3,3,3,3,3,3,3,3,2,2,3,2,3,2,3,3,3,2,,3,3,3,3,3,4,3,2,2,3,,3,3,3,3,,2,3,3,3,3,,,,3,3,3,3,3,3,,3,,,,2,3,3,3,,4,3,3,,3,2,,,2,,2,,3,3,,3,3,2,3,3,3,3,3,4,3,3,2,3,3,2,2,3,3,2,3,2,3,2,3,0,3,,4,3,,2,3,,,3,0,4.0,3,4,,0,3,2,3,3,4,3,3,,2,3,3,3,3,3,,3,3,2,2,4.0,2,2,,,3.0,,3,3,3,2,3,3,,3,4,3,5.0,,2,3,,2,3.0,2,3,,3,3,3,,3,,3,2,3,3.0,3,2,,3,,2,,4.0,3,,3,2,3,2,3,,3,3,3,2,,,3,3,2,3,3,3,4,2,2,3,3,,3,3,3,2,3,3,3,2,3,4.0,3,3,,3,,,3,,3,,3,2,3,3,3,3,3,3,3,3,,,,4,3,3,,3,3,4,3,3,3,4,,3,,2,3,3,3,2,2,,3,3,,3,3,3,3,2,3,,,,,,3,,,3,3,,,5.0,146,2,0.02408256880733945
2,2,1,1,1,1,1,2,2,2,2,1,2,1,2,2,2,2,2,2,2,1,2,2,2,2,3,2,2,2,2,2,3,2,2,2,2,3,2,2,2,2,2,2,2,2,2,2,2,3,3,2,2,2,1,2,1,0,1,1,2,2,1,1,1,2,2,3,2,2,2,2,2,2,2,3,3,2,2,2,2,2,1,2,2,3,2,2,1,2,0,2,1,2,2,2,2,2,2,2,2,3,2,2,2,2,1,1,2,3,3,3,3,2,2,2,2,2,2,3,3,1,2,2,2,2,1,2,2,1,2,2,2,2,2,2,2,0,1,2,2,2,2,2,2,2,2,2,2,2,2,2,2,2,2,2,2,1,2,2,1,2,2,2,2,2,1,2,2,1,2,2,2,2,1,2,3,2,2,2,2,2,1,1,2,3,2,2,2,2,2,2,2,2,1,2,3,2,2,2,2,2,3,2,2,3,2,2,1,2,2,1,2,2,2,2,2,2,2,2,2,2,2,2,2,2,2,3,2,2,2,2,2,2,2,2,2,2,2,2,2,3,2,2,2,2,3,2,3,2,2,2,1,2,2,2,2,3,2,2,2,2,2,2,2,2,2,3,2,2,2,1,2,2,3,2,2,3,2,2,2,1,2,1,2,1,1,1,2,3,2,2,2,3,2,1,2,3,0,2,2,1,2,1,2,1,2,2,0,2,2,2,2,3,2,3,2,3,2,2,1,1,2,2,2,2,2,2,2,1,3,2,2,2,3,3,2,2,2,2,2,3,2,2,3,2,2,2,3,2,2,2,2,2,3,2,2,2,1,2,2,2,2,2,2,2,2,2,2,2,3,2,2,2,2,2,0,2,2,1,2,2,2,2,2,2,2,2,1,2,1,2,2,1,2,2,2,2,2,2,2,2,3,3,2,2,0,2,1,2,2,1,1,2,3,3,3,2,2,2,2,2,2,2,2,2,2,2,2,2,2,2,3,2,1,3,3,2,2,3,2,2,3,3,2,2,2,2,2,,2,3,2,2,2,2,3,2,2,2,2,2,2,,2,3,1,2,2,2,2,2,3,2,2,3,2,1,2,3,2,1,2,2,2,3,2,3,3,2,2,3,2,2,1,2,2,3,2,2,2,2,2,2,2,2,2,3,2,2,2,2,3,2,2,2,2,2,2,2,1,2,3,3,,2,2,2,2,2,2,2,1,2,3,3,2,2,3,2,2,2,2,2,2,3,2,3,2,2,2,2,1,3,3,2,3,2,3,2,2,,2,2,2,3,2,3,2,2,3,2,2,2,3,3,2,2,,2,2,2,,3,2,2,2,2,2,2,2,2,2,2,,3,2,3,2,3,2,2,,2,4,,2,2,3,2,2,2,3,3,2,3,3,3,2,3,2,,3,2,2,,2,2,3,3,3,2,,2,,3,2,3,3,2,2,3,2,3,2,2,2,,2,3,2,2,3,,,2,2,2,2,2,2,2,,3,2,2,,3,3,3,3,2,,2,3,2,1,2,3,,3,2,3,2,3,2,3,2,2,2,2,,3,,2,3,2,2,3,3,3,3,2,3,,2,2,2,2,3,3,2,3,3,2,3,2,3,2,3,2,3,2,5.0,2,3,2,3,3,3,3,2,2,3,,3,2,3,2,4.0,2,3,3,2,3,,,,3,3,3,2,3,2,,2,5.0,,4.0,3,3,3,3,,3,3,3,,3,2,,,2,3.0,3,,3,4,3.0,3,3,2,3,3,3,2,2,2,2,2,1,2,3,1,2,3,1,2,3,2,3,2,3,2,3,,3,2,,2,3,0.0,,2,2,3.0,3,3,,3,3,2,3,3,4,3,2,,3,3,2,3,3,3,,2,3,2,2,,1,3,,5.0,,,2,3,3,2,2,3,,3,3,3,,,2,3,,1,,2,3,,2,2,3,3.0,3,,4,3,3,,3,2,,3,,2,,,3,0.0,3,3,3,3,2,,3,3,2,2,,0.0,3,2,3,4,2,3,3,2,3,2,3,2.0,3,2,2,2,3,3,3,2,3,,3,3,,4,,,3,,2,,2,2,3,3,2,3,3,2,3,3,,,,4,2,3,,3,3,3,3,3,2,3,,3,,3,3,3,3,2,3,,3,3,,3,2,3,3,2,2,5.0,,,,,3,,4.0,3,2,,,,147,2,0.026345933562428408
2,2,2,2,2,1,1,2,2,2,2,2,2,2,1,2,2,2,2,2,2,2,3,2,2,2,3,2,2,2,2,2,3,3,3,2,2,2,3,3,3,2,2,3,2,2,2,2,2,3,3,2,3,2,2,1,2,2,2,2,2,2,1,2,1,2,0,2,2,2,2,2,3,2,2,2,2,2,2,2,2,2,2,2,1,2,2,2,2,2,1,2,2,2,2,2,1,3,2,2,2,2,2,1,2,2,2,2,2,3,2,2,2,2,2,2,2,2,2,2,3,1,2,2,3,2,2,2,2,2,2,2,2,2,2,2,2,2,2,2,2,2,2,2,2,2,2,2,2,2,2,2,2,2,2,2,3,2,2,2,1,2,2,2,2,2,2,2,2,2,2,2,2,2,2,3,2,2,2,2,2,2,2,2,2,3,2,2,2,2,2,2,2,2,2,2,2,2,2,2,2,0,3,2,1,2,2,2,2,2,2,1,2,3,2,1,2,2,2,2,2,2,2,2,2,2,2,3,2,2,2,1,2,2,2,2,2,2,2,3,2,3,2,2,2,2,3,2,2,2,2,2,1,2,2,2,2,3,2,3,3,2,2,2,2,3,3,3,2,2,2,2,2,3,3,2,3,2,2,2,1,2,2,1,2,2,1,3,2,0,2,2,2,2,2,2,1,3,2,2,2,2,2,2,2,0,2,3,2,2,2,2,2,3,2,3,2,2,2,3,2,2,3,2,2,2,2,2,1,2,3,2,3,2,3,3,2,2,2,2,2,2,2,2,3,2,2,2,3,2,3,2,2,2,3,2,2,2,3,3,3,2,2,2,3,2,2,2,2,2,3,2,2,2,3,2,2,2,2,1,2,2,3,3,3,2,3,2,2,0,2,2,2,2,2,1,2,2,2,3,2,2,2,2,2,2,3,3,2,2,2,1,2,3,4,4,3,2,2,2,1,3,2,2,2,2,2,2,3,2,2,2,2,2,2,3,3,2,2,3,2,2,2,2,2,2,3,2,2,,2,3,2,2,2,2,2,2,2,2,2,3,2,,2,2,2,2,2,2,3,2,3,1,2,3,3,2,2,3,2,2,2,2,2,3,1,3,3,2,2,3,2,2,2,2,2,3,2,3,3,3,3,3,3,2,2,3,2,2,2,2,3,2,2,2,1,1,2,3,2,2,3,2,,3,2,2,2,3,3,2,2,2,3,3,3,2,3,3,3,2,3,2,2,3,2,3,2,2,2,2,2,3,3,2,2,2,3,2,2,,2,2,3,2,3,3,2,2,3,2,2,3,3,2,3,3,,3,2,2,,3,2,2,3,3,2,3,2,3,2,2,,3,2,3,2,3,2,3,,2,4,,2,3,3,2,1,2,3,4,2,3,3,3,2,3,2,,2,2,3,,2,2,3,3,3,3,,3,,3,3,3,3,2,2,3,2,3,2,2,2,,2,3,2,2,3,,,1,2,3,2,2,2,2,,2,3,3,,2,3,3,3,3,3.0,2,3,2,2,3,3,,3,2,3,2,3,3,3,3,2,3,3,,3,,3,2,3,3,3,3,3,3,2,3,,2,2,2,3,3,3,3,3,2,2,3,2,3,2,2,2,3,2,,2,3,3,3,3,0,3,2,2,3,,3,2,3,0,,3,3,3,3,3,,,,3,3,3,2,3,3,,3,,3.0,,2,3,3,3,,3,3,3,4.0,3,2,,,3,,3,,3,4,,3,2,3,3,3,3,3,3,4,3,2,2,2,2,2,3,3,2,2,3,2,3,2,3,3,3,,3,2,,2,3,,,2,2,,3,3,4.0,4,3,2,3,2,4,3,2,,3,3,3,3,3,3,,2,3,2,3,,2,3,,,,,3,0,2,3,3,3,5.0,3,3,3,,,3,3,,2,,3,3,,3,3,3,,3,,4,3,3,,3,3,3.0,3,,2,4.0,,3,,3,3,3,2,3,,3,3,3,3,0.0,,2,2,3,4,3,2,3,2,3,2,3,,3,3,3,2,3,3,3,2,3,,3,3,,4,,,3,,3,,2,2,3,3,3,3,3,3,3,3,,,,4,2,3,,3,3,3,3,3,3,4,,3,,3,3,3,3,2,3,,3,3,,3,3,3,3,2,3,5.0,,,,,3,,,3,3,,,0.0,148,2,0.02531645569620253
2,2,2,2,2,1,2,2,2,0,2,2,2,2,2,2,1,2,2,1,2,2,3,2,2,2,3,2,2,2,2,2,3,2,2,2,2,3,3,2,2,2,2,3,2,2,2,2,2,2,2,1,2,2,2,2,2,2,1,2,2,2,1,1,2,2,2,2,2,2,2,2,3,2,2,3,2,2,2,2,2,2,1,1,2,2,1,1,2,2,2,2,2,2,2,2,2,2,2,2,2,2,2,2,2,1,1,1,2,2,3,3,3,2,2,2,2,2,2,3,2,1,3,2,2,2,2,2,2,2,2,1,0,2,2,2,2,2,2,2,2,2,1,2,2,2,2,2,2,3,2,2,1,2,2,2,2,2,2,2,1,2,2,2,2,2,1,2,2,1,2,2,2,2,2,2,2,2,2,2,2,2,2,1,2,2,2,2,2,2,2,2,2,2,2,2,2,2,2,1,2,0,3,2,2,2,2,2,2,2,2,1,1,2,2,2,2,1,1,2,2,2,2,2,2,2,2,2,2,2,2,2,1,2,2,2,2,2,2,3,2,2,2,2,2,2,3,2,2,1,2,2,1,2,2,2,1,2,2,2,3,2,2,0,2,1,2,2,2,2,2,1,2,2,2,2,2,2,2,2,1,2,1,1,2,1,2,2,0,3,2,2,2,2,2,1,2,2,2,3,2,1,2,2,2,1,2,2,2,2,2,2,2,2,2,3,2,2,2,2,2,2,2,2,2,2,2,2,2,2,3,2,2,1,3,3,2,2,2,2,2,2,2,2,3,2,2,2,3,2,3,2,2,2,3,2,2,2,2,2,2,2,2,2,2,2,1,2,2,2,3,1,2,2,2,2,2,2,2,2,2,2,3,3,2,2,2,2,2,2,2,2,2,2,2,1,0,2,3,2,2,2,3,3,2,1,2,2,2,2,2,1,1,2,4,4,3,2,2,2,2,2,2,2,1,2,1,2,2,2,2,2,2,2,1,2,3,2,2,3,2,2,2,2,2,2,2,3,2,,2,3,2,2,2,2,3,2,2,2,2,3,2,,2,3,2,2,2,2,2,2,3,2,2,3,3,3,2,3,2,2,2,2,2,2,1,3,3,2,2,3,2,2,2,2,2,3,2,2,2,2,2,2,2,2,1,3,2,2,2,2,2,2,3,2,2,2,0,2,2,2,3,3,,2,2,2,2,2,2,2,2,1,3,3,2,2,3,3,2,2,2,2,2,2,2,2,2,2,2,2,1,3,3,2,2,1,3,2,1,,2,2,2,3,3,2,2,2,2,2,2,2,3,2,2,2,,3,2,2,,3,3,2,2,2,2,2,2,3,2,2,,2,2,3,2,3,2,2,,2,4,,2,2,3,2,2,2,3,3,2,3,3,3,3,3,2,,3,3,2,,2,3,3,3,3,3,,2,,3,3,3,3,2,2,2,2,3,2,2,3,,2,3,2,2,3,,,1,2,2,2,2,2,2,,3,2,2,,2,3,2,3,3,,2,3,0,2,2,2,4.0,3,2,3,2,3,2,3,3,2,2,2,,3,,2,2,2,2,3,3,3,3,2,3,,2,2,2,2,3,3,3,3,3,2,3,2,3,2,3,2,3,2,,2,3,2,3,3,3,3,2,2,3,,3,2,2,2,,2,3,2,3,3,,,,3,2,3,2,2,2,,2,,,0.0,2,3,3,3,,3,3,2,5.0,3,2,,,3,,3,,3,4,,2,3,2,3,3,2,2,2,3,3,2,2,2,3,2,2,3,2,2,3,2,3,2,3,2,2,,4,2,,2,3,,,2,2,,3,3,,3,3,2,3,3,3,3,2,,2,3,2,3,3,3,,2,3,2,2,,2,3,,,,,2,3,2,3,3,3,,2,3,3,,,2,3,,2,,2,3,5.0,3,2,3,,2,,3,2,3,,3,2,,3,,2,,,3,,3,2,3,2,2,,3,3,2,2,,,2,2,2,3,2,2,4,2,2,3,3,,3,3,2,2,3,3,3,2,3,4.0,3,3,,3,3.0,,3,,3,,2,2,3,3,3,2,3,2,2,3,,,,4,2,3,,3,3,4,3,3,2,3,,3,,2,3,3,3,3,2,,3,3,,3,2,3,3,2,3,0.0,,,,,3,,5.0,2,3,4.0,,,149,2,0.01598173515981735
3,2,2,2,2,2,2,1,2,2,2,1,1,1,1,2,2,2,2,1,2,2,2,2,3,2,2,2,2,2,2,0,2,2,2,2,2,2,2,2,2,2,2,3,2,2,2,2,2,2,2,2,3,2,2,2,2,2,2,3,2,2,1,2,2,2,2,2,2,0,2,3,3,3,2,3,3,2,2,2,2,1,1,2,2,2,1,1,2,2,2,2,2,2,2,2,2,3,2,2,2,3,3,2,2,1,2,1,2,2,3,3,3,2,2,2,2,2,2,3,3,1,2,2,2,2,3,2,2,1,0,2,2,2,2,1,2,2,2,2,2,1,2,2,2,2,2,2,2,2,2,2,2,2,2,1,2,2,2,2,1,0,2,2,2,2,2,2,2,2,2,2,2,2,2,3,3,2,2,2,1,2,3,2,1,3,2,2,2,1,2,2,3,3,3,3,2,2,2,2,2,2,3,2,2,2,2,2,2,2,2,2,2,2,2,2,2,2,2,2,3,2,2,2,3,2,2,2,2,2,2,2,2,2,2,3,2,2,2,3,2,3,2,2,2,2,2,2,2,2,2,2,2,2,2,2,2,2,2,2,2,2,2,2,1,0,2,1,2,2,2,2,2,3,2,2,2,1,2,2,1,2,1,2,2,2,2,2,2,0,2,2,2,2,2,2,2,2,2,2,2,2,2,2,2,2,2,3,2,3,2,2,2,3,2,3,2,3,2,2,2,2,2,3,2,2,2,2,3,2,3,2,2,2,3,3,2,2,2,2,2,3,2,2,3,2,2,2,3,2,2,1,2,2,3,2,2,2,2,2,2,2,2,2,3,2,2,2,2,3,3,2,2,2,3,2,2,2,3,3,2,2,3,3,2,2,3,3,2,2,2,3,3,2,2,2,3,3,3,2,2,1,3,2,2,2,2,2,2,2,2,2,2,2,4,4,3,2,2,2,1,2,2,2,1,1,2,2,2,2,2,2,3,2,1,3,3,2,2,3,2,2,3,2,2,2,2,2,2,,2,1,1,2,2,3,3,2,2,2,2,3,2,3.0,2,2,2,2,2,3,2,2,3,1,2,3,3,3,2,3,2,2,1,2,2,3,2,2,3,2,2,3,2,2,2,2,2,2,2,2,2,2,2,3,2,2,2,3,2,1,2,2,2,2,3,2,3,3,2,2,2,0,3,2,,2,2,3,3,2,2,2,3,2,3,2,2,2,3,3,2,2,2,2,2,2,2,3,2,1,2,2,2,2,2,1,2,2,2,2,2,,2,2,2,2,2,2,2,2,1,3,2,2,2,2,2,3,,3,2,2,,3,3,2,3,2,2,2,2,3,2,2,,3,2,2,3,2,2,2,,3,4,,2,2,3,2,2,2,3,4,2,3,3,3,3,3,2,,2,2,3,2.0,0,3,3,4,3,4,,3,,3,2,3,3,2,2,3,3,3,3,2,2,,2,3,2,2,3,,,1,2,2,2,2,2,1,,3,2,2,,2,3,3,1,2,,2,3,3,2,3,2,,3,2,3,2,2,2,3,3,3,2,2,0.0,3,2.0,2,2,1,2,3,2,3,2,2,3,,3,3,3,2,3,3,3,3,3,2,3,3,3,2,3,2,3,2,,3,2,3,3,3,4,2,2,2,3,,3,2,3,2,,3,4,2,3,3,,,,3,2,3,2,3,2,,2,,,3.0,2,2,2,3,,3,3,2,,3,2,,,3,,2,,3,4,,3,3,2,3,3,3,3,2,3,3,3,2,2,3,2,2,3,3,3,3,2,3,2,3,2,1,,4,3,,2,3,,,3,2,,2,3,,3,3,2,3,3,3,3,3,,3,3,3,3,3,3,,2,2,2,3,,2,3,,,3.0,,3,3,3,3,3,2,,3,2,2,,,2,3,,2,,3,3,,3,3,3,,3,,4,3,3,4.0,3,2,,3,,3,,,3,,3,3,3,3,2,,2,3,2,2,,,3,3,3,4,3,2,4,3,3,3,3,,3,3,3,2,3,3,3,2,3,,3,3,,4,,,3,,3,,3,2,3,2,3,2,3,2,2,2,,3.0,,3,2,3,3.0,3,3,3,0,3,2,3,,3,,3,3,3,3,3,3,,3,3,,3,3,4,3,3,3,,,,,,4,,,3,3,,,5.0,150,2,0.014806378132118452
2,2,2,2,2,2,1,2,2,3,2,2,2,2,2,2,2,2,2,2,2,2,3,2,3,2,3,2,2,2,2,2,3,2,3,2,2,2,3,2,3,2,2,3,2,2,2,2,2,3,2,2,2,2,2,2,2,2,2,2,2,2,1,2,2,2,3,2,2,2,2,2,3,2,2,2,3,2,2,2,2,2,1,2,1,2,1,2,2,2,2,2,2,2,2,2,2,2,2,2,2,2,3,1,2,2,1,1,2,2,3,3,3,2,2,2,2,2,2,3,1,2,2,2,1,2,2,2,2,1,2,2,2,2,2,2,3,2,2,0,2,2,2,2,2,2,2,2,2,2,2,2,2,2,2,2,2,2,2,2,1,2,2,2,1,2,1,2,2,2,2,2,2,2,2,3,3,2,2,2,2,2,2,2,1,2,2,2,2,1,2,2,3,2,2,2,2,2,3,2,3,2,3,2,2,2,2,2,2,1,2,2,2,3,2,2,2,2,2,1,3,2,2,2,3,2,2,2,2,2,2,2,2,2,2,2,2,2,2,3,2,2,2,2,0,2,3,3,2,1,2,2,2,2,2,2,2,2,2,2,3,2,2,2,2,3,3,3,2,2,2,2,2,2,2,2,3,2,2,2,2,2,1,2,2,2,2,0,2,3,2,2,2,2,2,2,2,3,2,2,2,2,3,2,2,2,2,3,2,2,2,2,2,3,2,3,2,3,2,2,2,2,2,2,3,2,2,2,2,2,3,3,3,2,2,2,2,2,2,3,2,3,1,2,3,2,2,2,3,2,2,2,2,2,3,2,2,2,2,3,3,2,2,2,3,2,2,2,2,3,3,2,2,2,0,2,2,0,2,2,2,2,3,3,3,2,3,3,2,2,2,3,2,2,2,2,3,2,3,2,2,2,2,2,2,2,2,2,2,2,2,2,2,2,4,4,3,2,1,2,1,2,2,2,1,2,2,2,2,2,2,2,3,3,2,3,3,3,2,3,2,2,3,3,2,2,2,2,2,,2,3,2,2,2,3,3,2,2,2,2,3,2,5.0,2,2,2,2,2,3,2,2,3,2,2,3,3,3,2,3,2,2,2,2,2,2,2,3,3,2,2,3,2,2,1,2,3,3,2,2,3,2,3,3,2,2,2,3,2,2,2,2,3,2,3,2,3,3,2,2,2,2,3,3,,3,2,2,2,2,3,2,3,2,3,3,2,2,3,2,2,2,3,2,2,3,2,3,2,1,2,2,2,2,3,2,3,2,3,2,2,,2,2,2,3,3,3,2,3,3,2,2,2,3,2,2,2,,3,2,0,4.0,3,2,2,2,2,2,2,2,2,2,2,,3,2,2,3,3,2,3,,3,3,,2,3,3,2,2,2,3,3,2,3,3,2,3,3,2,,2,2,3,,2,3,3,4,3,3,,3,5.0,3,3,3,3,2,2,3,2,3,3,2,3,,3,3,2,3,3,,,2,0,2,2,2,2,2,,3,2,2,,3,3,3,2,2,,2,3,3,2,3,2,0.0,4,2,3,3,2,2,3,3,3,3,3,,3,5.0,3,2,3,2,3,2,3,3,2,3,,2,3,3,3,3,3,3,3,3,2,3,3,3,2,3,3,3,2,,2,3,3,1,3,4,2,2,1,3,,3,2,3,2,,2,3,2,3,3,,,,3,2,3,3,3,2,,3,5.0,,,2,3,2,3,,3,2,2,,3,2,,,3,,3,,3,3,,3,3,2,2,3,3,3,3,3,3,3,2,2,2,2,3,3,3,3,3,2,3,2,3,2,3,,4,2,,2,3,,,3,2,,3,4,,3,3,2,3,3,4,3,2,,3,3,3,3,2,3,,2,2,2,2,,2,3,,,3.0,,3,3,3,3,3,3,,3,3,3,,,2,3,0.0,2,,2,3,3.0,3,3,3,,3,,3,2,3,3.0,3,2,,3,,3,,,3,,3,3,2,2,2,,3,3,3,3,,,3,2,3,4,3,3,4,3,3,3,3,,3,3,3,2,3,2,3,2,3,,3,3,,4,,0.0,3,,3,,3,2,3,3,3,2,3,3,3,3,,,2.0,4,2,3,,3,3,3,3,3,2,4,,3,5.0,3,3,3,3,3,3,,3,3,,3,3,4,3,3,3,,,,,,4,,,3,3,,,,151,2,0.024054982817869417
1,2,1,2,1,1,1,2,2,2,2,2,2,1,2,2,2,1,2,1,2,1,2,1,2,2,2,2,2,2,2,2,2,2,2,2,2,2,2,2,2,2,2,2,1,2,2,2,2,2,2,2,2,2,1,1,2,2,1,2,2,1,2,2,1,2,2,2,2,2,2,2,2,1,1,2,2,2,2,2,2,2,1,2,1,2,2,1,2,2,2,2,2,2,2,2,2,2,2,2,2,2,2,2,2,1,1,1,2,3,2,2,2,2,1,2,2,2,2,2,2,1,2,2,2,2,2,2,1,1,2,2,1,2,2,2,2,2,2,2,2,2,2,2,2,1,2,2,2,2,1,2,2,2,2,2,1,1,2,2,1,2,2,2,2,1,0,2,2,2,2,2,2,2,2,2,2,1,2,2,1,1,2,2,2,3,2,2,2,2,2,1,2,2,2,2,2,2,2,2,2,2,3,2,2,2,2,2,2,2,1,1,1,2,2,1,2,2,1,2,0,1,1,1,2,2,1,2,2,2,2,2,2,2,2,2,2,2,2,2,2,2,2,2,2,2,2,2,2,1,1,2,1,2,2,2,2,2,2,2,2,2,2,2,2,2,2,2,0,2,2,2,2,2,2,2,2,2,2,2,2,1,1,1,2,1,2,2,2,3,2,2,2,2,2,1,1,2,2,2,1,1,2,1,2,1,2,2,1,1,2,2,2,0,2,2,2,2,2,2,1,1,2,2,2,2,2,2,2,2,2,2,2,2,3,3,2,2,2,2,1,2,2,2,2,2,2,2,2,2,2,2,2,2,3,2,2,2,2,2,2,2,2,2,2,2,2,2,2,2,3,2,2,2,2,2,1,1,2,2,1,2,2,2,2,2,2,2,2,2,0,2,2,1,1,2,2,2,2,2,2,2,2,2,2,1,2,2,2,2,2,1,2,2,3,3,3,2,2,1,2,2,2,2,1,2,1,2,2,2,1,2,2,2,1,3,3,2,2,3,2,2,2,2,2,2,2,2,2,,2,3,2,2,2,2,2,2,2,1,2,3,2,,2,2,2,2,2,2,3,2,3,1,1,3,2,3,2,3,2,2,2,2,2,2,2,2,3,0,2,2,2,2,2,2,2,2,1,2,2,2,2,2,2,3,1,3,2,2,2,2,3,1,0,2,2,2,2,2,1,2,3,3,,2,2,2,2,2,3,2,2,2,3,2,2,2,3,2,2,2,2,2,2,2,2,2,2,2,2,2,2,2,2,2,3,2,2,2,2,,2,2,2,2,3,3,2,2,3,2,2,2,3,3,2,2,,2,2,2,,3,2,2,2,2,2,2,2,2,2,2,,2,2,2,2,3,2,2,,2,4,3.0,2,2,3,2,2,2,3,2,2,2,3,3,2,3,2,,2,2,2,,2,2,3,3,3,3,4.0,2,,3,2,3,2,2,2,2,1,2,2,2,2,,2,2,2,2,2,,,2,2,2,2,2,2,2,,3,2,2,,2,3,3,3,3,,2,3,2,2,2,2,,3,2,3,2,3,2,2,2,2,2,2,,3,,3,3,2,2,3,3,3,3,2,2,,2,2,2,2,3,3,3,3,2,2,3,2,2,2,3,2,3,2,,0,2,2,2,3,3,2,2,2,3,4.0,2,2,3,2,,1,3,2,2,3,,,,2,2,3,2,3,3,,2,,,,2,2,3,3,,3,2,2,,2,2,,,2,,3,,3,4,,2,3,2,3,3,3,2,3,3,3,2,2,2,2,2,2,3,2,2,3,2,3,2,3,3,2,,4,2,,2,3,,,2,2,4.0,3,3,,3,2,2,3,3,4,3,2,,2,2,3,3,2,3,,2,3,1,2,4.0,2,3,,,,,2,3,2,2,2,3,,2,3,3,,,3,3,,2,,2,3,,2,2,3,,2,,3,2,3,,3,2,,3,,2,,,2,,2,2,0,3,2,4.0,3,3,2,2,,4.0,3,2,3,4,2,2,4,2,3,2,3,,3,3,2,2,3,2,3,2,3,,3,3,,4,,,3,,2,,2,2,3,3,2,2,3,0,3,3,,2.0,5.0,4,2,3,,3,2,3,3,3,2,3,,2,,2,3,3,3,2,2,,3,3,2.0,3,3,3,3,2,3,,,,,,3,,,3,2,,,,152,2,0.01596351197263398
2,2,2,2,2,2,2,2,2,2,2,2,2,1,2,1,1,2,2,2,2,2,3,2,2,2,2,2,2,2,2,2,2,2,2,2,2,2,2,2,2,2,2,3,2,1,2,2,2,3,3,2,2,2,2,2,2,2,2,2,2,2,1,2,1,2,2,2,2,2,2,3,3,2,2,2,2,2,2,2,2,2,1,2,2,2,1,2,2,2,2,2,2,2,2,2,1,2,2,2,2,2,2,2,2,1,2,1,2,2,3,3,3,2,2,1,2,2,2,2,2,1,3,2,2,2,2,2,2,1,2,2,2,2,2,2,2,2,2,2,2,2,1,2,2,2,2,2,2,2,2,2,2,2,2,2,2,2,2,2,1,2,2,2,0,0,1,2,2,2,1,2,2,2,2,3,2,2,2,2,2,2,3,2,2,2,2,2,2,2,2,2,3,2,2,2,2,2,2,2,2,2,3,2,2,2,2,2,2,2,2,2,1,3,2,2,2,2,2,2,2,2,2,2,2,2,2,2,2,2,2,2,1,2,2,2,2,2,2,3,2,3,2,2,2,2,3,3,2,1,2,2,2,2,1,2,2,3,2,2,3,2,2,2,2,2,2,3,2,1,2,2,2,2,2,2,3,2,2,2,1,2,2,2,2,2,2,2,2,3,1,2,2,2,0,2,2,2,2,3,2,1,2,2,2,2,2,3,2,3,2,2,2,3,2,3,2,2,2,2,2,2,2,2,3,2,2,2,2,2,3,2,3,1,2,2,2,2,2,2,2,3,2,2,3,2,2,2,3,2,2,2,2,2,2,2,2,2,2,2,2,2,1,2,2,1,1,2,2,2,2,2,2,2,2,2,2,2,3,2,2,3,3,3,3,2,3,2,2,2,2,3,3,2,3,2,3,2,3,2,2,2,3,3,0,2,2,2,2,2,2,2,1,2,3,4,3,2,2,2,1,2,2,2,1,2,2,2,2,2,2,2,3,2,1,2,3,2,2,2,2,2,2,2,2,2,2,2,2,,2,2,2,2,2,2,3,2,2,2,2,2,2,,2,3,2,2,2,3,2,2,3,2,2,3,3,3,2,3,2,2,2,2,2,2,2,3,2,2,2,2,2,2,1,2,2,2,2,2,2,1,3,3,2,2,2,3,2,2,2,2,2,2,3,2,3,3,2,3,2,2,3,2,,2,2,2,3,2,2,2,2,1,3,2,2,2,3,2,2,2,3,2,2,3,2,2,2,2,2,2,2,3,3,3,2,2,2,2,2,,2,2,2,3,2,2,2,0,3,2,1,2,3,2,2,2,3.0,1,2,2,,2,3,2,3,2,2,2,2,2,2,2,3.0,2,2,3,3,3,2,2,,3,4,5.0,2,3,3,2,2,2,3,3,2,3,3,3,3,2,2,,2,2,3,,2,3,3,0,3,3,,3,,3,3,3,2,2,2,2,2,3,3,2,3,,2,3,2,2,3,,,2,2,2,3,2,2,2,,3,2,2,,1,3,3,3,2,,2,3,3,2,2,2,,3,2,3,2,2,1,3,3,2,3,3,,2,,3,2,2,2,3,3,3,3,2,3,,3,3,2,3,3,3,3,3,2,2,3,3,3,2,2,2,2,2,,2,2,3,3,3,4,3,2,2,3,,3,2,2,2,,2,3,2,3,3,,,5.0,3,2,3,2,2,2,,2,,,,2,3,2,3,,3,3,2,,3,2,0.0,,3,,3,,3,3,,3,3,2,3,3,2,3,3,3,3,3,2,2,3,2,2,3,3,2,3,2,3,2,3,2,2,,0,2,,2,3,,,2,2,,3,3,,2,3,2,3,3,3,3,3,,2,3,3,3,3,3,2.0,2,3,2,2,,2,2,,,,,3,3,3,3,3,3,,3,3,3,,,2,3,,2,0.0,2,2,,3,3,3,,3,,3,2,3,,3,2,,3,3.0,2,4.0,,3,,3,2,3,3,2,,3,3,3,2,,,3,2,3,3,3,2,3,3,3,2,3,,2,3,2,1,2,3,3,2,2,,0,3,,3,,,3,,3,,3,1,3,3,3,2,3,3,3,3,,4.0,,4,2,3,,3,3,4,3,3,2,4,,3,,3,3,2,3,2,3,,3,3,,3,2,3,3,3,3,,,,,,3,,,2,3,,,,153,2,0.019450800915331808
2,2,2,2,2,1,2,2,2,3,2,2,2,1,2,2,2,2,2,2,2,1,2,2,3,2,2,2,2,2,2,2,2,2,2,2,2,3,2,2,2,2,2,3,2,2,2,2,3,3,3,2,2,2,2,2,2,2,2,2,2,2,1,2,2,1,3,3,2,2,2,3,2,2,2,2,3,1,2,2,2,2,2,2,2,2,2,2,3,2,2,2,2,2,2,2,2,3,2,2,2,2,3,3,3,2,1,1,2,3,3,3,3,2,2,2,2,2,2,3,2,2,3,2,3,2,3,2,2,2,2,2,2,1,2,0,2,2,2,2,2,2,2,2,3,1,2,2,3,2,2,2,2,2,2,2,2,2,2,2,1,2,2,2,2,1,2,2,2,2,2,2,2,2,2,3,2,2,3,2,2,2,2,2,2,3,2,2,2,2,2,2,3,3,2,2,3,2,2,2,2,2,3,2,1,2,2,2,3,2,2,2,2,3,2,2,2,2,2,3,3,1,2,2,2,2,2,3,2,3,2,3,2,2,2,2,2,0,2,2,2,3,2,2,2,2,3,3,2,2,3,2,2,2,2,2,2,3,2,2,3,2,2,2,2,3,3,3,2,2,3,2,2,2,2,2,3,3,2,2,2,2,2,2,2,2,2,2,3,3,2,2,2,3,2,2,2,3,2,3,2,1,2,2,2,2,2,2,1,2,1,2,2,2,0,3,2,2,2,2,2,2,2,2,3,2,2,2,3,2,3,3,3,2,3,3,2,2,2,2,1,3,2,2,3,3,2,3,3,2,2,2,2,2,3,2,2,2,2,3,3,2,2,2,2,2,2,2,2,3,3,2,2,2,3,2,2,2,3,2,2,3,3,3,3,3,3,3,3,3,2,3,3,2,2,2,3,3,3,3,2,2,2,2,2,2,3,3,2,1,2,2,3,2,3,4,3,2,2,2,1,2,2,2,2,3,2,2,2,2,2,3,3,3,2,2,3,2,2,3,2,2,3,2,2,2,2,2,2,,2,3,2,2,2,2,3,2,2,2,3,3,2,,2,3,2,2,2,3,3,3,3,2,2,3,3,3,2,3,2,2,2,2,2,3,2,3,3,2,2,3,2,2,2,2,2,2,2,3,3,3,2,3,2,3,2,3,3,2,3,2,3,2,3,2,3,3,2,2,2,2,4,3,5.0,3,2,2,3,3,3,2,2,2,3,0,3,2,3,2,3,2,3,3,2,2,2,2,2,2,2,2,2,3,2,3,3,2,3,2,2,,2,3,3,3,3,3,2,3,3,2,3,3,3,3,2,3,,3,0,2,,3,3,2,3,3,2,2,2,3,2,3,,3,2,3,3,2,2,3,0.0,3,4,,2,3,3,2,2,2,3,4,2,3,3,3,3,3,2,,3,2,3,,2,3,3,4,3,4,,3,,3,3,3,3,2,2,3,3,3,3,2,3,,2,3,2,2,3,,,2,2,3,3,3,2,2,,2,2,3,,3,3,3,3,3,,2,3,3,2,2,3,,4,2,4,3,3,2,3,3,3,3,3,,3,,3,3,3,2,3,3,3,3,2,3,,2,3,3,3,3,3,3,3,3,2,3,2,3,2,3,3,3,2,3.0,3,3,3,3,3,4,3,2,2,3,,3,3,2,3,,3,3,3,3,3,,4.0,3.0,3,3,3,3,3,0,,2,,,,2,2,3,3,,3,3,3,,2,3,,,3,,3,,3,0,,3,3,3,3,3,3,3,3,3,3,3,2,2,2,2,3,3,3,2,3,2,3,2,3,3,3,,4,3,,2,0,,,2,2,,3,4,,4,3,2,3,3,4,2,3,,3,3,3,3,3,3,,3,3,2,2,,2,2,,,,,3,3,3,3,3,3,,1,4,3,,,3,3,,2,3.0,3,3,,2,3,3,,3,,3,2,4,,3,2,,3,,2,,,3,,3,3,3,3,3,,3,3,3,1,3.0,,3,3,3,3,3,3,3,3,3,2,3,4.0,3,3,2,2,3,3,3,3,3,,3,3,,3,,,3,,3,,3,2,3,3,3,3,3,3,3,3,,,,4,2,3,,3,3,4,3,3,3,4,,3,,3,3,3,3,2,3,,3,3,,3,3,4,3,2,3,,,5.0,,,4,,0.0,3,3,,,,154,2,0.022962112514351322
0,1,2,2,2,2,1,2,2,2,2,2,2,2,0,2,2,1,1,2,2,2,3,2,2,2,2,2,1,2,1,2,2,2,2,1,2,2,1,2,2,1,2,3,2,2,1,1,2,2,2,2,2,1,2,2,2,2,2,2,2,1,1,1,1,1,2,2,2,2,2,2,3,1,1,2,2,2,2,1,2,2,1,2,2,1,1,2,1,2,2,2,2,1,2,2,1,2,2,2,2,2,2,1,2,2,2,1,2,2,2,3,3,1,1,1,0,2,2,2,1,1,2,1,2,2,2,2,1,0,1,2,1,1,2,2,2,2,2,1,2,1,1,2,2,2,1,2,1,2,2,2,2,2,2,2,2,2,2,2,1,2,1,2,2,1,1,2,1,1,2,2,1,2,2,2,2,2,1,2,2,2,2,1,2,2,2,1,2,2,2,2,3,2,2,2,2,2,2,2,2,2,2,1,2,2,2,2,2,2,2,2,2,2,2,1,2,0,1,2,2,1,1,1,2,2,1,2,2,2,2,1,1,2,2,2,2,2,1,2,2,2,2,2,2,2,2,3,2,2,2,2,2,2,2,2,1,2,2,2,2,2,2,2,2,2,2,2,1,2,1,2,2,2,2,1,2,2,2,2,1,2,1,1,2,2,2,2,1,2,1,1,1,2,2,2,2,1,2,2,2,2,2,2,2,2,2,2,2,1,2,2,2,2,2,2,0,2,2,2,2,2,2,2,2,2,2,2,2,1,2,2,2,2,2,2,2,2,2,1,1,2,2,2,2,2,2,2,3,2,2,2,2,1,2,2,2,2,2,2,2,2,2,2,2,2,1,1,1,2,2,2,2,2,3,2,2,1,2,2,1,2,3,3,2,2,2,2,2,2,2,2,2,2,2,2,2,2,3,2,2,2,2,1,2,1,2,2,2,2,2,2,2,2,3,4,3,2,2,1,1,2,2,2,1,2,1,2,2,2,1,2,2,2,1,2,2,2,1,2,1,2,2,2,2,2,2,2,2,,1,3,2,2,2,2,2,2,2,1,1,2,2,,1,1,2,2,2,2,2,2,3,1,2,3,3,3,2,3,2,2,1,2,2,2,1,2,2,2,2,2,2,1,2,1,2,2,1,2,2,2,2,2,2,3,2,2,2,2,2,2,2,1,3,1,3,3,2,2,2,2,2,2,,2,1,2,2,2,3,2,2,1,2,2,2,1,3,2,2,2,2,2,2,2,2,2,1,2,2,2,2,2,2,2,2,2,3,2,1,,1,1,2,2,3,2,2,2,3,2,2,2,2,2,2,2,,1,2,2,,2,2,2,2,2,2,2,0,0,2,2,,2,2,2,2,2,2,2,,2,4,,2,2,2,2,2,2,2,3,2,2,3,3,3,2,2,,2,2,3,,2,3,2,3,3,3,,3,,3,2,3,2,2,2,2,2,3,3,2,2,,2,2,2,2,2,5.0,,2,2,2,2,2,2,2,,3,2,2,,2,3,3,3,2,,2,3,3,2,2,2,,3,2,2,2,2,1,2,3,3,2,2,,3,2.0,2,2,2,2,3,2,3,3,2,3,,2,3,2,2,2,2,3,3,2,2,2,3,3,2,2,2,3,2,,2,2,3,2,3,4,2,2,1,3,,2,2,2,2,,2,3,0,0,3,,,,2,2,3,2,2,2,,3,5.0,,,2,2,2,3,,3,2,2,,3,2,,5.0,2,,2,,2,3,,2,2,2,3,3,2,3,2,3,3,3,2,2,2,2,1,3,2,2,2,2,3,2,3,2,3,,3,2,,2,2,,,2,3,3.0,2,3,,3,3,2,2,3,3,2,2,,2,2,3,3,3,3,,2,2,2,2,,2,2,,,,,3,3,2,3,3,3,,2,3,3,,4.0,2,3,,2,,2,2,,3,2,3,3.0,3,,3,2,3,4.0,3,2,,3,,2,,,3,,2,2,2,2,2,,3,3,2,2,,,2,2,2,3,2,1,3,2,2,3,3,,2,3,3,2,2,2,2,1,2,,3,2,,3,,,3,,3,,2,2,3,3,2,3,2,2,3,3,,,,4,2,3,,3,3,3,3,2,2,3,,3,,2,3,2,2,2,2,,2,3,,3,2,3,3,3,3,,,,,,3,,,2,3,,,,155,2,0.025374855824682813
2,2,2,2,2,2,2,2,2,3,2,2,2,2,3,2,2,2,2,2,2,2,3,2,3,3,3,2,2,1,2,2,3,2,3,2,2,3,2,3,3,2,2,3,1,2,2,3,2,3,3,2,3,3,2,2,2,2,2,2,3,3,1,1,2,2,2,3,2,2,2,3,3,2,2,3,3,2,2,2,2,2,1,2,2,3,2,2,2,2,2,2,3,2,3,3,2,3,2,2,2,2,3,3,3,2,1,1,2,0,3,3,3,2,2,2,2,2,3,3,3,2,3,3,2,2,2,2,2,2,2,2,2,2,2,3,3,2,2,2,2,2,2,2,2,2,2,2,3,2,2,2,2,2,2,2,3,3,2,2,2,2,2,2,2,2,1,3,2,2,2,3,2,2,2,2,3,2,3,2,2,3,3,2,2,3,2,2,2,1,2,2,3,2,2,2,3,3,3,2,3,2,3,2,3,3,2,3,2,1,2,1,2,3,2,2,2,3,2,3,3,2,2,1,3,2,2,3,2,2,2,2,3,2,2,2,2,2,2,3,2,2,2,2,2,2,2,3,3,1,3,3,1,2,2,2,2,3,1,3,3,2,3,2,3,3,3,3,2,2,3,2,2,2,3,3,3,0,2,2,2,2,2,2,2,2,2,2,2,2,2,3,2,2,3,2,2,3,3,3,2,2,3,2,2,2,2,3,2,2,2,2,2,3,2,3,2,2,2,2,3,3,3,3,2,3,2,2,2,2,3,0,3,2,3,3,3,2,2,3,2,3,2,3,3,3,3,2,3,3,3,2,3,2,3,2,2,2,2,3,2,2,1,2,3,2,1,2,2,3,3,1,2,2,2,2,2,2,3,3,3,3,3,3,3,3,3,3,3,2,3,3,3,2,3,2,3,3,3,3,2,2,2,3,2,2,3,2,2,2,2,2,2,3,4,4,3,2,2,2,2,2,2,3,1,3,2,2,3,2,2,2,3,3,2,3,3,3,2,3,2,2,3,2,3,2,3,3,2,,2,3,3,2,0,2,3,3,2,2,2,3,2,,2,2,2,2,2,2,3,3,3,2,2,3,3,3,2,4,2,2,3,2,3,3,2,3,3,2,2,3,2,2,2,2,3,3,2,3,3,3,3,3,2,2,2,3,2,2,3,3,3,2,3,3,3,3,0,2,2,2,4,3,,2,2,3,3,2,3,2,2,2,3,3,2,2,3,3,2,2,3,2,2,3,2,3,2,2,2,2,2,3,2,2,3,3,3,1,2,,3,3,2,3,3,3,2,2,3,2,3,2,3,3,2,2,3.0,3,3,2,,3,3,2,3,3,2,3,2,3,3,3,4.0,3,2,3,2,3,2,2,,3,4,,2,3,3,3,2,2,3,3,1,3,3,3,3,3,1,,3,3,2,,2,3,3,4,3,4,,3,,3,3,3,3,2,2,3,3,3,3,3,3,,3,3,2,3,3,,,2,2,3,3,2,2,3,,3,2,2,,3,4,3,3,3,,3,4,3,2,3,3,,4,2,3,2,3,2,3,4,3,2,3,,3,,3,3,2,2,3,3,3,3,2,3,,3,3,3,3,3,3,3,3,3,2,3,3,3,2,3,3,3,2,,2,3,2,3,3,4,3,2,2,3,,3,3,3,2,,2,3,2,3,3,,,,2,2,3,3,2,0,,2,,,,3,3,3,3,,3,3,2,,3,2,,,3,,3,,3,4,,3,3,2,3,3,3,2,3,3,3,3,2,3,3,2,3,3,3,3,3,2,3,2,3,3,3,,4,2,3.0,2,3,,,2,0,,3,4,4.0,3,3,3,3,3,4,3,2,,3,3,2,3,3,3,,2,3,1,3,4.0,2,3,,,,4.0,3,3,3,4,3,3,,3,4,3,,,3,3,,2,,3,3,,3,3,4,5.0,3,,4,3,3,,3,2,,3,,3,,,4,,3,3,3,3,3,,3,3,2,3,,,3,3,3,4,3,2,4,0,3,3,3,,3,3,3,2,3,3,3,3,3,,4,3,,4,,,3,,3,4.0,2,2,3,3,3,2,3,2,3,3,,,,4,2,3,,3,3,4,3,3,2,3,,3,,3,3,3,3,3,3,,3,3,,3,3,4,3,3,3,,,3.0,,,4,,,2,3,,0.0,0.0,156,2,0.019428571428571427
2,0,2,2,2,1,2,2,2,3,2,1,2,2,2,2,2,2,2,2,2,1,2,2,3,2,2,2,2,2,2,2,3,2,2,2,2,3,2,2,2,2,2,3,2,2,2,2,3,3,3,2,2,2,2,1,2,2,2,2,3,2,2,2,2,2,2,2,2,2,3,3,3,2,1,3,2,2,2,2,2,2,1,2,2,2,1,2,2,1,2,2,2,2,2,2,2,2,2,2,2,3,3,2,2,2,2,2,2,3,2,3,3,2,2,2,2,2,2,3,2,1,3,2,3,2,3,2,2,2,2,2,2,2,2,2,2,2,2,3,2,2,2,2,3,2,2,2,2,2,2,2,2,2,2,1,2,2,2,2,1,2,2,2,2,2,2,2,2,2,2,2,2,2,2,3,3,2,3,2,2,2,3,2,2,3,2,2,2,2,2,2,3,2,2,2,2,2,2,2,2,2,2,2,2,2,2,2,2,2,2,2,2,2,2,2,2,2,1,2,2,2,2,2,2,2,2,2,2,3,2,2,2,2,2,2,2,2,2,3,2,3,2,2,3,2,3,3,2,2,2,2,2,2,2,2,2,2,3,2,2,2,2,2,2,3,3,3,2,2,2,2,2,3,2,2,2,2,2,2,2,2,2,2,1,2,2,2,2,2,2,2,2,3,2,2,2,2,2,3,2,1,2,2,2,2,2,2,2,2,2,2,2,2,2,3,2,2,2,3,2,2,3,2,2,2,2,2,2,2,2,1,3,2,3,3,2,2,2,1,2,2,2,2,3,2,2,2,3,2,3,2,2,2,3,2,2,2,2,3,2,2,2,2,3,2,2,2,2,2,3,2,2,2,3,2,2,1,3,2,2,2,3,3,3,2,3,3,2,2,3,2,2,2,2,2,3,2,3,2,2,1,3,2,2,2,2,3,2,2,2,2,2,2,4,4,2,2,3,2,2,2,2,2,2,1,2,2,2,2,2,3,2,3,2,3,3,2,2,3,2,2,3,2,2,2,2,3,2,,1,3,2,2,2,2,3,2,2,2,3,3,2,,2,3,2,2,2,2,2,3,3,2,2,3,3,3,2,3,2,2,0,2,2,2,2,3,3,2,2,3,2,2,2,2,2,3,2,3,3,3,2,3,2,3,2,3,2,2,3,2,2,2,3,2,3,3,2,2,0,2,3,3,,2,2,3,3,2,3,2,3,2,3,3,3,2,3,3,2,2,2,2,2,3,2,3,2,2,2,2,2,2,2,2,3,2,3,2,2,,2,2,3,3,2,2,2,2,3,3,2,2,2,3,2,3,,3,2,2,,3,3,3,3,3,2,3,3,3,2,2,4.0,2,3,2,3,2,2,3,,3,4,,3,2,3,2,2,2,3,3,2,3,3,3,2,0,0,,2,2,3,,2,3,3,3,3,3,,3,,3,3,3,3,2,2,3,2,3,3,2,3,,2,3,2,2,3,,,2,3,3,2,2,2,3,,3,3,2,,3,3,3,3,2,,2,3,3,2,2,0,5.0,3,2,3,2,3,2,2,3,3,2,2,,3,,2,3,2,2,3,3,3,3,2,3,,3,2,3,2,3,3,3,3,3,2,3,2,3,2,3,2,3,2,4.0,2,2,2,3,3,4,2,2,2,2,,3,2,3,2,3.0,2,4,3,3,3,,4.0,,2,3,3,2,3,3,,3,,,,2,2,2,3,,3,2,3,,3,3,,,3,,2,,3,4,3.0,3,3,2,3,3,3,3,2,3,3,3,2,2,3,2,3,3,2,3,3,2,3,1,3,3,3,,4,3,,2,3,,,2,3,,2,4,,4,3,2,3,3,3,3,2,,3,3,3,3,3,3,0.0,3,2,2,2,,2,3,,,,,3,3,3,3,3,2,,2,0,2,3.0,,2,0,,3,,3,3,,3,3,3,,3,,4,3,3,,3,2,,3,,3,,,3,,3,2,3,3,3,,3,3,3,3,,,3,2,3,4,3,3,4,2,3,3,3,,3,3,2,2,3,3,3,2,3,,3,3,,4,,5.0,3,,3,,3,2,3,3,3,3,3,3,3,3,,2.0,,4,2,3,,3,3,4,3,3,1,4,,3,,3,3,3,1,3,3,,3,3,,3,3,3,3,3,2,,,,,,4,,,3,3,,,0.0,157,2,0.03121387283236994
2,2,1,2,1,1,1,2,2,2,1,2,1,1,2,2,2,2,2,1,2,1,3,2,2,2,2,2,2,2,2,2,2,2,2,2,2,2,2,2,2,2,2,3,2,2,2,2,2,2,3,2,3,2,1,2,1,1,1,1,3,2,1,2,1,2,2,2,2,2,2,2,2,2,2,2,1,2,2,2,2,2,1,1,2,2,1,2,1,0,2,1,2,2,2,2,0,2,2,2,1,2,2,2,2,2,2,1,2,3,2,2,2,2,1,2,2,2,2,2,2,1,3,2,1,2,2,2,2,2,2,2,2,2,2,2,1,2,2,2,2,2,2,2,2,2,2,2,2,2,2,2,2,2,2,2,2,2,2,2,1,1,2,2,2,1,2,2,2,1,2,2,2,2,2,2,2,2,3,2,2,2,3,1,2,2,2,2,2,2,2,2,2,2,2,2,2,2,2,2,2,2,3,2,3,2,2,2,2,2,2,1,2,2,2,2,2,2,2,2,2,2,2,2,2,2,2,2,2,2,2,2,2,2,2,2,1,2,2,2,2,2,2,2,2,2,3,1,3,2,2,2,1,2,2,2,2,2,2,1,2,2,2,2,1,1,2,0,2,2,2,2,2,2,2,2,3,2,2,2,2,2,2,2,1,1,2,2,2,3,2,2,2,2,3,2,2,2,3,2,1,2,1,1,1,2,2,3,2,2,2,3,2,3,2,3,2,3,2,2,2,3,2,2,2,2,2,2,2,1,2,2,2,1,3,3,2,2,2,2,2,3,2,2,3,2,2,3,3,2,3,2,2,1,2,2,2,2,2,1,2,2,2,2,2,2,2,2,2,1,2,2,2,2,3,1,2,2,3,2,3,3,3,3,3,2,3,3,3,2,2,3,3,2,3,2,3,2,3,3,2,2,3,3,2,1,2,3,1,2,2,1,2,2,3,4,3,2,2,1,2,2,2,1,2,2,2,2,2,2,2,2,3,2,1,3,2,1,1,3,2,2,2,2,2,2,2,3,2,,2,2,2,2,2,1,2,2,2,2,2,3,2,,2,2,2,2,2,1,2,2,0,2,1,2,2,2,2,3,2,2,2,2,2,2,2,3,3,2,2,3,2,2,2,2,2,2,2,2,2,3,2,3,2,2,2,3,2,2,2,2,3,1,2,2,2,2,2,2,2,2,3,3,,2,2,2,2,2,3,2,2,2,3,2,2,2,3,3,2,2,2,2,2,2,2,2,2,2,2,2,2,3,2,2,3,2,3,3,2,,2,2,2,3,2,3,2,2,0,2,2,2,3,3,2,2,3.0,2,2,2,,3,3,2,2,2,2,2,2,2,2,2,,3,2,3,2,3,2,2,,2,4,,2,2,2,1,2,2,3,3,2,3,3,2,1,3,2,,3,2,2,,2,3,3,2,3,3,,2,,3,2,3,2,2,0,3,2,3,2,2,3,,2,0,2,2,3,,,1,0,2,3,2,2,2,,3,2,2,,2,3,3,3,2,,2,3,2,2,2,2,,3,2,3,2,3,2,3,3,2,2,1,,2,,0,2,1,2,3,3,3,3,2,3,,2,2,2,2,3,3,3,3,2,2,3,2,3,2,3,2,3,2,,2,2,2,3,3,3,3,2,2,2,5.0,3,2,2,2,,2,3,2,3,3,,,,3,2,3,2,2,2,,2,,,,3,2,3,3,,3,3,3,3.0,3,2,,,2,,3,,3,4,,2,3,3,3,3,3,2,2,3,2,2,2,3,3,2,3,3,2,2,3,2,3,2,3,2,2,,4,2,,2,3,,,2,2,2.0,3,3,,3,3,2,3,2,4,3,2,,2,3,2,3,3,3,,2,3,2,3,4.0,2,2,,5.0,,,2,2,2,3,3,3,,3,3,3,,,3,3,,2,,2,3,,3,2,3,4.0,2,,3,2,3,,2,2,,3,,2,,,3,,3,2,3,3,2,,3,3,2,2,,,3,3,2,4,2,3,3,1,2,3,3,,3,3,3,1,3,3,2,2,2,,3,3,,4,,,3,,3,,2,2,3,3,3,3,3,2,2,3,,,,4,2,3,,3,3,3,3,3,2,3,,3,,2,3,3,3,2,2,,2,3,0.0,3,2,3,2,2,3,,,,,,3,,,3,2,,,,158,2,0.017162471395881007
2,2,2,2,2,1,1,2,2,3,2,2,2,2,1,2,2,2,2,2,2,2,3,2,2,2,2,2,2,1,2,2,2,2,2,1,1,2,2,2,2,2,2,3,2,2,2,2,1,3,2,2,3,2,2,2,2,2,1,2,3,2,1,1,2,1,1,2,2,2,2,3,3,2,2,2,2,2,2,2,2,2,1,2,2,2,1,2,2,2,2,2,2,2,2,2,1,3,2,2,2,2,2,2,2,2,1,2,2,3,2,2,2,1,1,1,2,0,2,2,2,1,3,2,2,2,2,2,2,1,2,2,1,2,2,2,2,2,2,2,2,2,2,2,2,2,2,2,3,2,2,2,2,2,2,2,2,2,2,2,1,2,2,2,2,2,1,3,2,2,1,2,2,2,2,2,2,2,2,2,2,2,3,2,2,3,2,2,2,2,2,2,2,2,2,2,2,2,2,2,2,2,3,2,2,2,2,2,2,2,2,1,2,3,2,2,2,2,2,2,2,2,2,2,3,2,2,3,2,2,2,2,2,2,0,2,2,2,2,2,2,2,2,2,2,1,3,3,3,2,2,2,1,2,2,2,2,3,2,2,3,2,2,1,2,3,3,3,2,2,2,2,2,3,2,2,3,2,2,2,2,2,2,2,2,1,1,2,2,3,2,2,2,3,2,2,2,3,2,3,2,2,2,1,2,2,2,2,2,3,2,2,2,3,2,3,2,3,1,2,2,3,3,2,2,2,2,2,2,1,3,2,3,1,3,3,2,2,2,2,2,3,2,2,3,2,2,2,3,2,3,2,2,2,3,2,2,2,2,3,3,2,2,2,2,2,2,2,2,2,2,2,2,2,2,2,2,2,3,2,2,3,3,3,3,2,3,3,3,2,2,3,3,2,2,2,3,2,3,2,2,2,3,2,2,2,3,3,2,2,2,2,2,2,3,4,3,1,2,2,2,2,2,2,2,2,2,2,3,2,2,2,3,3,2,2,3,2,2,2,2,2,0,2,2,2,2,3,2,,2,3,3,2,2,2,3,2,2,2,2,3,2,4.0,2,3,2,2,2,2,2,2,3,2,1,3,2,0,1,3,2,2,2,2,2,2,0,3,3,2,2,2,2,1,1,2,2,3,2,3,3,3,3,3,2,3,2,3,2,2,2,3,3,2,2,2,2,2,2,2,2,2,2,2,,2,2,2,2,2,3,2,2,2,3,2,2,2,3,2,2,2,3,2,2,2,2,2,2,2,2,2,2,2,0,3,2,2,3,2,2,4.0,2,0,2,3,3,3,2,3,3,2,2,2,3,3,2,2,,3,2,2,,2,2,2,2,2,2,2,2,3,2,2,,3,2,3,2,2,2,3,,2,4,,2,3,2,2,2,2,3,3,2,3,3,3,2,3,3,,2,3,2,5.0,2,3,3,3,3,3,,2,,3,3,2,3,2,2,2,2,3,3,2,3,,3,2,2,2,3,,,2,2,2,2,2,2,2,,3,2,3,,3,4,3,3,3,,2,3,2,2,2,3,,3,2,3,2,2,2,3,3,2,3,3,,3,,3,2,3,2,3,3,3,3,2,3,,2,2,3,3,3,3,3,3,1,2,3,2,3,2,3,3,3,2,,0,3,2,3,3,3,3,2,2,3,,3,2,2,2,,2,3,3,3,3,,,,3,3,3,2,3,3,,3,,,,2,1,3,3,,4,3,3,,3,2,,,2,4.0,2,,3,4,,3,3,2,3,3,3,2,3,3,3,2,2,3,3,2,3,3,2,2,3,2,3,2,3,2,3,,4,2,,2,3,,,2,2,,2,3,,3,3,2,3,2,4,3,2,,2,3,2,3,3,3,,2,3,2,0,,2,2,,,,,2,3,3,3,3,0,3.0,3,3,3,,,3,3,,2,,2,3,,3,3,3,,3,,3,2,3,5.0,2,2,2.0,3,,2,,,3,,3,3,3,3,2,,3,3,3,2,,,3,2,2,3,2,2,4,2,2,3,3,,3,3,2,2,3,3,3,2,3,,3,3,,3,,,3,4.0,3,,2,2,3,3,3,3,3,3,3,3,,,5.0,4,2,3,,3,3,4,3,3,2,4,,3,,2,3,3,2,3,2,,2,2,,3,2,3,3,2,3,,,,,,3,,,2,3,,,,159,2,0.014823261117445839
2,2,2,2,2,2,2,2,2,3,2,2,2,2,2,1,2,2,2,2,2,2,3,1,2,2,3,2,2,2,2,2,2,2,2,2,2,2,2,2,2,2,2,3,2,2,2,2,2,3,2,2,3,2,2,2,2,2,2,3,2,2,1,2,2,2,2,2,2,2,2,2,3,2,1,3,3,2,2,2,1,2,1,2,2,2,1,1,2,2,2,2,2,2,2,2,2,2,2,2,2,2,3,2,2,2,1,1,2,3,3,3,3,2,2,1,2,2,2,3,2,1,3,2,2,2,3,2,2,1,2,2,2,2,2,2,2,2,2,2,2,2,1,2,2,2,2,2,2,2,2,2,2,2,2,2,2,2,2,2,1,2,2,2,2,2,1,1,2,1,2,2,0,2,2,3,2,2,2,2,2,2,2,1,2,2,2,2,2,1,2,2,3,3,2,2,2,2,2,2,2,2,3,2,2,2,2,2,2,1,2,2,1,2,1,1,2,2,1,2,2,2,2,2,2,1,2,2,2,2,2,2,2,2,1,2,2,2,2,3,2,2,2,2,2,2,3,3,2,1,2,2,2,2,2,2,1,2,2,2,3,2,2,2,2,2,2,3,2,2,2,2,2,2,2,2,2,2,2,2,1,2,1,2,2,2,2,2,2,2,2,2,2,3,2,1,2,2,2,2,2,2,2,2,2,3,2,2,2,2,2,2,2,2,2,2,2,2,2,0,2,2,2,2,3,2,2,2,1,2,3,2,3,1,3,2,2,2,2,2,2,2,2,2,3,2,2,2,3,3,3,2,2,0,3,2,2,2,2,2,2,2,2,2,2,1,2,2,2,3,2,2,2,2,3,2,2,2,3,2,2,2,3,3,2,2,3,2,2,2,2,3,2,2,2,2,3,2,3,2,2,2,3,2,2,2,2,3,2,2,2,2,2,2,3,4,3,2,2,1,2,1,2,2,2,2,2,2,2,2,2,2,3,2,1,2,3,2,2,3,1,2,2,2,2,2,2,2,2,,2,2,2,2,2,2,3,2,2,0,0,2,2,,1,2,2,1,2,3,3,2,3,1,2,3,3,3,2,3,2,2,2,2,2,2,1,3,3,2,1,2,2,1,2,1,2,2,2,2,3,3,3,3,2,2,2,3,2,2,3,2,3,2,3,2,3,3,2,2,2,2,3,2,,2,2,3,3,2,2,2,3,1,2,3,2,1,3,3,2,2,2,2,2,2,2,2,2,1,2,2,2,3,2,3,2,2,3,2,2,,2,2,2,3,3,3,2,2,3,2,2,2,3,2,2,2,,3,2,2,,3,2,2,2,2,2,2,2,2,2,2,,0,1,3,3,2,2,2,,3,4,,2,3,2,2,2,2,3,3,1,2,3,3,3,3,3,,2,3,3,,2,3,3,4,3,3,,3,,2,2,2,3,2,2,3,2,3,3,2,2,,2,2,2,2,3,,,2,2,2,2,2,2,2,4.0,3,2,2,,3,3,3,3,2,,2,3,3,3,3,2,,3,2,3,2,2,2,2,3,3,3,3,4.0,3,,2,2,3,2,3,2,3,3,2,3,,2,3,3,3,3,3,3,3,3,2,3,3,3,2,3,2,3,2,,3,2,3,3,3,4,2,2,2,2,,3,2,2,3,,2,3,3,2,3,4.0,,4.0,3,2,3,2,2,2,1.0,3,,,3.0,2,2,2,3,,4,3,2,,2,2,,,2,,3,,3,3,,2,3,2,2,3,1,3,3,3,3,3,2,2,3,2,2,3,3,2,3,2,3,2,3,2,3,0.0,4,3,,2,3,,,3,2,,3,3,,3,3,2,3,3,4,3,2,,2,3,3,3,2,3,,2,2,2,2,,2,2,,,,,3,3,3,3,3,3,,2,3,3,,,2,3,,2,,2,3,,3,3,3,,3,,4,3,4,,3,2,,3,,2,,,3,,2,2,3,3,0,,3,3,3,2,,,3,3,3,0,3,2,4,3,3,3,3,,3,3,3,2,3,3,3,2,3,,3,3,,3,,5.0,3,,3,,3,2,3,3,3,2,3,3,3,3,,,,4,2,3,,3,3,3,3,2,3,4,4.0,3,,3,3,3,3,3,3,,3,3,5.0,3,2,3,3,3,3,0.0,,,,,3,,,3,3,,,,160,2,0.022935779816513763
2,2,1,1,1,1,1,2,1,3,2,2,2,1,1,2,2,2,2,2,2,1,2,1,2,2,2,2,2,2,2,2,2,2,2,2,2,2,2,2,2,1,2,3,2,1,1,2,2,3,3,2,2,2,1,0,1,1,1,1,2,2,2,1,1,2,2,2,2,2,2,3,3,3,2,2,2,2,2,2,2,2,1,2,2,2,1,2,2,2,2,2,2,2,2,2,0,2,2,2,2,2,2,2,2,2,2,1,2,3,3,3,3,1,1,2,1,2,2,2,2,2,2,2,2,2,1,2,1,2,2,1,2,2,2,2,1,2,0,2,2,2,2,2,3,2,2,2,2,2,2,2,2,2,2,2,2,2,2,2,1,2,2,2,1,1,2,2,2,1,2,2,2,2,2,2,3,2,2,2,2,2,3,1,2,3,2,2,2,2,2,2,2,2,2,2,2,2,2,2,2,2,2,2,2,2,2,2,2,2,2,1,2,2,2,2,2,2,2,2,2,2,2,2,2,2,2,2,2,2,2,2,2,2,2,2,2,2,2,2,2,3,2,2,2,2,3,3,3,2,2,2,1,2,2,2,2,2,2,2,2,2,2,2,2,2,2,3,2,2,2,2,2,1,2,2,3,2,2,2,1,2,2,2,2,1,1,2,2,2,2,2,2,2,2,2,2,2,2,3,2,1,2,2,2,1,2,2,2,2,2,2,2,3,2,3,2,3,2,2,2,2,2,2,3,2,2,2,2,2,2,2,3,2,2,2,1,1,1,1,1,3,2,2,3,2,2,2,3,2,2,2,2,2,3,2,2,2,2,2,2,2,2,2,2,2,2,2,2,2,2,2,2,2,2,2,2,1,2,2,2,2,3,3,3,2,3,2,2,2,2,2,2,2,2,2,3,2,3,3,2,2,2,2,2,2,2,2,1,1,2,1,1,2,3,4,3,2,2,2,1,2,2,2,2,2,2,2,0,1,2,2,3,3,2,2,3,2,2,2,2,2,2,2,1,2,2,2,2,,2,3,2,2,2,1,3,2,2,2,2,2,2,,0,2,2,2,2,2,2,3,3,2,2,3,3,3,2,3,2,1,2,1,2,2,2,3,3,2,2,2,2,2,1,2,2,2,2,2,3,2,2,3,0,3,2,3,2,2,2,2,3,2,3,2,2,2,2,2,1,2,3,2,,2,2,2,2,2,3,2,2,1,3,2,3,2,3,2,2,2,3,2,2,2,2,2,2,2,2,2,2,2,3,2,0,2,3,3,2,,2,2,2,3,3,3,2,2,3,2,1,2,3,2,2,3,,2,2,2,,3,3,2,2,2,2,2,2,2,2,3,,3,2,2,2,3,2,2,,2,4,,2,3,3,2,2,2,3,3,2,3,3,3,2,3,2,,3,2,2,,2,3,3,3,3,3,,2,,3,2,3,2,2,2,3,2,3,2,2,3,,2,3,2,2,3,3.0,,2,2,2,3,1,2,2,,2,2,2,,3,2,3,3,2,,2,3,2,1,2,2,,3,2,3,3,3,2,3,3,1,3,3,,3,,2,2,2,2,3,2,3,3,2,3,,2,2,3,3,3,3,3,2,2,2,2,2,3,0,2,2,3,2,,2,3,2,3,3,3,3,2,2,2,,2,3,2,3,,2,3,3,3,3,,,,2,2,3,2,3,3,,2,,,,0,2,3,3,,3,2,2,,2,2,,,3,,3,,3,3,,3,3,3,2,2,3,2,3,3,2,2,1,2,3,1,3,3,2,2,3,2,3,1,3,2,3,,3,2,,2,3,,,2,3,,3,3,,3,3,2,3,2,4,3,2,,1,3,2,3,2,3,,2,3,2,2,,2,2,,,,,2,2,2,3,3,3,,3,3,3,,,2,2,,2,,3,2,,3,0,3,,3,,3,2,3,,3,2,,3,,2,,,3,,3,2,3,2,2,,3,3,3,2,,,2,2,2,3,2,2,3,2,2,2,3,,2,2,2,2,2,3,3,2,3,,3,3,,3,4.0,,3,,3,,2,2,3,3,2,2,2,3,3,3,,,,4,2,3,,3,3,4,3,2,2,4,5.0,2,,2,3,3,3,2,2,,2,3,5.0,3,2,3,3,2,2,,,,,,3,,,3,2,,,,161,2,0.018411967779056387
2,2,2,2,2,2,2,2,2,1,2,1,2,2,2,2,2,2,2,2,2,2,2,2,3,2,3,2,2,2,2,3,3,3,3,2,2,3,2,3,2,2,2,2,2,2,2,3,2,3,3,2,3,2,2,2,2,2,2,2,3,2,1,2,1,2,2,2,1,1,3,3,3,2,2,3,3,2,2,2,0,1,2,2,2,3,2,2,2,2,2,2,2,2,2,2,2,3,2,2,2,3,3,2,2,1,1,2,2,3,2,2,2,2,2,2,2,2,2,3,3,2,3,3,2,2,3,2,2,2,3,2,2,2,2,2,3,1,2,2,2,2,2,2,3,2,2,2,2,2,2,3,2,2,2,2,2,2,1,0,1,2,2,2,2,2,1,3,2,2,2,2,2,2,2,2,3,2,2,2,2,2,3,1,2,3,2,1,1,1,2,2,3,2,2,2,3,2,2,2,2,2,3,2,3,2,2,2,2,2,1,2,2,1,2,2,2,3,2,3,3,2,2,2,2,2,2,3,2,2,2,2,2,2,1,2,2,1,2,2,2,2,1,1,2,2,2,2,2,1,2,2,1,2,2,2,2,3,2,2,2,3,2,2,2,2,2,2,2,2,2,2,2,2,3,3,2,3,2,2,2,2,2,2,2,2,2,2,2,3,2,2,2,2,2,2,2,3,2,2,2,1,2,1,2,2,2,3,2,2,2,2,2,3,2,3,2,3,2,2,2,2,3,2,2,2,2,2,2,2,3,3,1,2,3,3,3,2,2,3,2,3,2,2,3,3,2,2,3,2,3,2,3,2,3,2,2,2,2,1,2,2,2,2,3,2,2,2,2,2,3,2,2,2,2,1,2,2,3,2,2,3,3,3,2,3,3,3,2,2,3,3,3,2,3,2,3,2,3,2,2,2,3,3,2,2,2,2,2,2,2,2,2,2,4,4,3,2,2,2,2,1,2,2,2,3,2,2,2,2,2,2,3,3,2,2,3,3,2,3,2,2,3,3,3,2,2,2,2,,2,2,1,2,2,2,3,2,2,2,1,3,2,,2,2,1,2,3,2,3,2,3,2,1,3,2,2,2,4,2,2,2,3,2,3,2,0,1,2,2,3,2,2,2,2,1,3,1,2,2,2,2,2,2,2,2,3,1,2,2,2,3,2,2,2,3,3,2,2,2,3,0,2,,2,2,3,3,0,2,2,3,1,3,3,2,2,3,3,2,2,2,2,2,3,2,3,2,1,2,2,2,3,3,2,3,3,1,2,2,0.0,2,1,2,3,2,3,2,2,2,2,2,2,3,3,2,2,4.0,3,2,2,,3,3,3,2,3,2,3,2,3,3,3,,3,2,3,2,3,2,2,,3,4,,2,2,3,2,2,2,2,3,2,3,3,3,3,3,2,,3,3,3,,2,3,3,3,3,3,,3,,3,2,2,3,2,2,3,2,3,3,3,2,,3,3,2,2,3,,,2,2,0,3,2,2,2,,3,2,2,,2,3,3,2,1,,3,3,3,2,3,3,,3,2,4,3,3,2,3,3,3,2,2,,3,,3,3,2,3,3,2,3,2,2,3,,2,3,3,2,3,3,3,3,3,2,3,3,3,2,3,3,3,2,,2,3,3,3,3,4,3,1,2,3,,3,3,3,2,,2,3,3,3,3,,,,3,2,3,3,3,3,,2,,,,3,2,2,3,,3,3,3,,3,2,,,3,,3,,3,4,,3,3,2,2,3,3,3,2,3,3,3,2,2,3,2,3,3,2,3,3,2,3,2,3,2,2,,4,2,,2,3,,,2,2,,3,3,,3,3,3,3,3,4,3,2,,3,3,0,3,3,3,,2,3,2,2,,2,3,,,,,3,1,3,3,3,3,,3,4,3,,,2,3,,2,,0,3,,3,3,3,,3,,4,3,3,,3,2,,3,,3,,,3,,3,2,3,3,2,,2,3,2,2,,,3,3,3,3,3,1,4,2,3,0,1,,3,2,1,2,3,3,3,3,3,,3,3,,3,,,3,,3,,3,2,2,2,3,3,3,2,2,3,,,,3,1,3,,3,3,3,3,3,2,3,,3,,3,3,3,3,3,3,,3,3,,4,3,4,3,3,3,,,,,3.0,4,5.0,,2,3,,,,162,2,0.013745704467353952
2,2,0,2,2,1,2,0,2,2,2,1,1,1,2,2,2,2,2,2,2,2,2,2,2,2,2,2,2,2,2,2,3,2,2,2,2,2,0,2,2,2,1,2,1,2,2,2,2,3,3,2,2,1,2,2,1,2,1,2,2,2,1,1,1,1,2,2,2,2,2,2,3,2,2,2,2,2,2,2,2,2,1,1,2,2,1,2,2,2,2,2,2,2,2,2,1,2,2,2,2,2,2,2,2,2,2,1,2,3,2,3,2,2,2,2,2,2,2,3,2,1,2,2,2,2,1,2,1,2,2,1,2,2,2,2,2,1,2,2,1,1,2,2,2,2,2,2,2,2,2,2,2,2,2,2,2,2,1,2,1,2,2,2,2,2,1,1,2,2,2,2,2,2,1,2,2,2,2,2,2,2,2,2,2,2,2,2,2,2,2,2,2,2,2,2,1,2,2,0,2,1,2,1,2,2,1,2,2,0,2,1,2,1,1,2,2,2,2,2,2,2,2,2,2,2,2,2,2,2,2,0,1,2,2,2,2,2,1,2,2,2,1,2,2,2,1,2,3,1,2,2,1,2,2,2,2,2,1,2,3,2,2,2,1,1,0,2,2,2,2,1,2,1,2,2,3,2,1,2,1,2,2,1,2,1,1,2,2,2,1,2,2,2,2,2,2,2,2,3,1,1,2,2,2,2,2,2,2,2,2,2,2,3,2,3,2,3,2,2,2,2,2,1,1,2,2,2,2,2,3,2,2,2,2,3,2,2,2,2,2,3,1,2,2,2,2,2,3,2,2,2,2,2,2,2,2,2,1,2,2,2,2,2,3,1,2,2,2,2,2,2,2,2,2,2,2,1,2,2,2,2,3,3,3,2,3,2,2,2,2,3,2,2,2,2,3,2,3,2,2,2,2,2,2,2,2,1,2,1,2,1,2,2,3,4,3,2,2,2,1,1,2,2,2,2,2,2,2,2,2,2,3,2,1,2,3,1,2,3,1,2,3,2,2,2,2,2,2,,2,2,2,2,2,2,3,2,2,2,2,2,2,,2,2,1,2,2,2,2,2,3,2,2,3,2,3,2,3,2,2,2,2,2,2,2,2,2,2,2,2,2,2,1,2,2,2,1,2,1,2,2,2,2,2,1,3,2,2,2,2,3,2,3,2,2,2,2,3,2,2,3,2,,1,1,2,2,2,2,2,2,2,3,3,2,1,3,2,2,2,2,2,2,3,1,2,2,2,2,2,2,3,3,1,2,2,2,2,2,,2,2,1,2,2,2,2,2,2,2,2,2,2,2,2,2,4.0,2,2,2,,2,3,2,1,2,2,2,2,2,2,2,,3,2,3,1,2,2,2,,2,3,,2,1,3,2,2,2,3,3,2,3,2,0,2,2,2,,3,2,2,,2,3,3,3,3,3,4.0,2,,3,2,2,2,2,2,3,2,3,2,2,2,,2,3,2,2,2,,4.0,2,2,2,2,1,2,2,,2,2,2,,2,3,2,3,2,,2,3,2,2,2,2,,3,2,3,2,3,2,3,3,2,2,2,,3,,2,2,2,2,3,2,3,3,2,3,,2,2,2,1,3,2,2,3,3,2,3,2,2,2,2,2,3,2,,2,2,2,3,2,3,3,2,2,2,,2,2,3,1,,2,3,2,3,3,,,,2,2,3,2,2,2,,2,,,,2,2,3,3,,3,2,2,3.0,2,2,,,2,,3,,3,4,,3,2,2,3,3,2,2,2,2,3,2,2,2,3,1,2,3,2,2,3,2,2,1,3,2,2,,3,2,,2,2,,,2,2,,3,3,,3,3,2,3,2,0,3,1,,2,3,2,2,2,3,,2,3,2,2,,2,3,,,,,2,2,2,2,3,3,4.0,2,3,3,,,2,3,,2,,2,3,,3,2,3,,2,,3,2,3,,3,2,,3,1.0,2,,,3,,3,2,2,2,2,,3,2,2,3,,,2,2,3,3,2,1,3,2,3,2,2,,3,2,2,2,3,3,3,2,3,,2,3,,3,,,3,,3,,2,2,2,3,2,2,2,2,2,3,,,,4,2,3,,3,2,4,3,2,2,3,,2,4.0,3,0,3,3,2,3,,3,3,,3,3,3,3,2,3,,,,,,3,,,2,3,,,5.0,163,2,0.0194954128440367
1,2,2,2,2,1,2,1,1,1,2,2,1,1,1,2,2,2,2,1,2,1,2,2,2,2,2,2,2,2,2,2,2,2,2,2,2,2,2,2,2,1,1,2,2,2,2,1,1,2,2,1,2,2,2,2,2,2,1,2,2,2,1,2,2,2,2,2,2,2,2,2,2,2,2,2,2,2,2,2,2,1,1,1,1,2,1,1,2,1,2,2,2,2,2,2,2,2,2,2,2,2,2,2,2,1,1,1,2,2,2,2,2,1,1,2,2,2,2,2,2,1,2,2,2,2,2,2,1,1,2,2,2,2,2,2,2,1,2,2,2,0,1,2,2,2,2,2,2,2,2,2,2,2,2,2,2,2,2,2,1,2,2,2,2,2,1,2,2,1,2,2,1,2,2,2,1,2,0,2,1,2,2,2,2,3,2,2,2,2,2,2,2,2,2,2,2,2,2,2,2,2,2,2,1,0,2,2,2,2,0,1,1,1,2,2,2,2,2,2,2,2,2,2,2,2,2,2,2,2,2,1,1,1,2,2,2,2,2,2,2,2,2,1,1,1,2,2,2,1,2,2,1,2,2,2,1,2,2,2,2,2,2,1,1,1,2,2,2,1,2,1,2,2,2,2,2,2,2,2,2,2,1,1,2,2,2,2,2,2,2,2,2,2,2,1,2,2,2,2,2,2,2,2,2,2,2,3,2,2,2,2,2,2,2,3,2,2,1,2,2,2,2,2,2,2,2,2,2,1,2,2,2,0,3,2,2,2,2,2,2,2,2,2,2,2,2,2,3,2,2,1,2,2,3,1,2,2,1,2,2,1,1,1,2,1,2,2,2,2,2,2,2,2,2,2,2,2,2,2,2,2,3,3,2,2,2,2,2,2,2,3,2,2,2,2,3,2,3,2,2,2,2,2,2,1,2,2,2,2,2,2,2,2,3,4,3,1,2,2,1,1,2,1,2,2,2,2,2,2,2,2,2,2,1,2,3,2,1,3,2,2,2,1,2,2,2,2,2,,2,2,1,2,2,1,3,2,2,2,2,2,2,,2,2,2,2,2,2,2,2,2,1,1,3,2,2,2,3,2,2,2,1,2,2,2,2,2,2,2,3,2,2,1,2,1,3,1,2,2,2,2,2,2,2,2,3,2,2,2,2,3,2,2,2,2,2,1,2,2,2,3,2,,2,2,2,2,2,2,2,2,1,3,3,2,2,3,2,2,2,2,2,2,2,1,2,2,2,2,2,2,2,3,1,2,2,2,2,0,,2,2,2,2,1,3,2,2,2,2,2,2,3,2,2,2,,2,2,2,,3,2,2,3,2,2,2,2,2,2,2,,3,2,2,2,3,1,2,,2,3,,2,2,2,2,2,2,3,3,2,3,3,3,2,3,2,,2,2,3,,2,3,3,3,3,3,5.0,3,,3,2,3,3,2,2,2,2,3,3,2,2,,2,2,2,2,2,,,1,2,2,2,2,1,2,,2,2,2,,1,3,3,3,2,,2,3,3,2,2,2,,3,2,3,2,3,2,3,3,2,2,2,,2,,2,2,2,2,3,2,3,3,2,2,,2,3,2,2,3,3,3,3,2,2,2,2,2,2,3,2,3,2,,2,2,2,3,2,3,3,2,2,2,,2,2,2,2,,2,3,2,3,3,,,,2,2,3,2,3,2,,2,,,,2,2,3,3,,3,3,2,,3,2,,,2,,3,,3,3,,2,2,2,3,2,2,2,2,3,3,2,2,1,2,2,2,3,2,2,3,2,3,1,3,2,0,,4,2,,2,3,,4.0,2,2,,3,3,,3,3,2,0,3,4,3,2,,1,3,3,3,2,3,,2,2,1,2,,2,2,,,,,3,3,3,3,3,3,,3,3,3,,,2,3,4.0,2,,2,3,,2,2,3,,3,,3,2,3,4.0,2,2,,3,,2,2.0,,3,,3,2,3,2,2,,3,3,1,2,,,2,2,2,3,3,1,4,2,0,2,3,,3,3,2,1,2,3,3,2,3,,3,3,,3,,,3,,3,,2,1,2,3,3,2,2,2,2,3,,,,3,2,3,,3,2,3,3,2,2,3,,2,,1,3,3,3,2,1,,2,3,,3,2,3,2,2,3,,,,,,3,,,2,3,0.0,4.0,,164,2,0.016018306636155607
1,1,2,2,2,2,2,2,2,3,2,2,2,2,1,2,2,2,2,2,2,2,3,2,2,2,2,2,0,2,2,2,2,2,2,2,2,2,2,2,2,1,2,3,2,2,2,2,2,3,3,2,2,2,2,2,2,2,2,2,2,1,1,1,2,1,2,2,2,2,2,2,3,2,2,2,2,2,2,2,2,1,1,1,2,2,1,2,2,1,2,2,2,1,2,2,1,2,2,2,2,2,3,2,2,1,1,1,2,2,2,3,2,2,1,2,2,2,2,2,2,1,2,2,2,2,2,2,1,1,2,2,2,1,2,2,2,2,2,2,2,2,1,2,2,2,1,2,2,2,2,2,2,2,2,2,2,2,2,2,1,2,2,2,2,1,1,1,1,2,2,2,1,2,2,3,2,1,1,2,2,2,2,1,2,2,2,2,2,2,2,2,3,2,2,2,2,2,2,2,2,2,2,0,2,2,1,2,2,2,2,2,1,2,2,2,2,2,2,2,2,2,2,2,2,2,0,2,2,2,2,2,1,2,2,2,2,2,2,3,2,2,2,2,2,2,3,3,2,1,2,2,2,2,1,2,1,2,2,2,2,2,2,2,2,2,2,3,2,2,1,2,2,2,2,1,2,1,2,2,1,2,1,1,2,2,2,2,2,2,1,2,2,2,2,2,2,2,2,2,2,1,2,2,1,2,2,2,2,2,2,2,2,2,2,3,2,2,2,2,2,2,2,2,2,2,2,2,2,1,3,2,3,2,3,3,2,2,2,1,1,3,2,2,2,2,2,2,3,3,2,1,2,2,3,2,2,2,2,3,2,2,2,2,2,1,1,2,0,2,2,1,2,2,3,1,1,1,2,2,2,2,3,3,2,2,3,2,2,2,1,2,2,2,2,2,2,1,3,2,2,2,2,2,2,1,2,2,2,1,2,2,2,2,3,4,3,2,2,1,1,2,2,2,2,2,2,2,2,2,2,2,3,2,1,2,3,2,1,3,1,2,2,2,2,2,2,2,2,,1,3,2,2,2,2,3,2,1,2,2,3,2,,2,2,2,2,2,2,2,2,3,1,2,3,2,2,2,2,2,2,2,2,2,2,2,3,3,2,2,2,2,1,1,2,2,2,2,2,3,2,3,3,2,2,2,3,2,2,2,2,2,2,2,0,3,3,2,2,2,2,3,2,,2,1,2,3,2,2,2,2,1,2,3,2,2,3,2,2,2,2,2,2,2,2,2,2,2,2,2,2,2,2,2,2,2,3,2,2,,1,2,2,3,3,2,0,2,3,2,2,2,2,2,2,2,,3,2,2,,2,2,2,3,2,2,2,2,3,2,2,,2,2,2,0,2,2,2,,2,4,,2,2,3,2,2,2,3,3,2,2,3,3,2,2,2,,2,2,3,,2,3,0,3,3,2,,3,5.0,3,2,3,2,2,2,3,2,3,3,2,3,,2,2,2,2,2,,,2,2,2,2,2,2,2,,3,2,2,,3,3,3,3,2,,2,3,3,2,2,2,,3,2,3,2,2,2,3,3,3,3,3,3.0,3,,2,2,2,2,3,2,3,3,2,3,,2,3,2,3,3,3,3,3,2,2,3,3,3,2,2,2,3,2,,3,3,3,3,3,4,2,2,2,2,,2,2,2,3,,2,3,2,3,3,,,,2,2,3,2,2,2,,2,,,,2,2,3,2,,3,2,2,,3,2,,,2,,2,,3,4,5.0,2,3,2,2,2,2,3,3,3,0,3,2,2,2,2,2,3,3,2,2,2,3,1,3,2,3,,3,2,,2,2,,,2,2,3.0,2,3,,3,3,2,2,3,3,2,2,,2,2,3,3,3,3,,2,0,2,2,,2,2,4.0,,,,3,3,2,3,2,3,,2,3,3,,,2,3,,2,,2,2,,3,3,3,,2,5.0,2,1,3,,3,1,,3,,2,,,3,3.0,3,2,3,2,2,,3,3,3,2,,,2,2,2,3,3,2,3,2,2,2,3,,3,2,1,2,2,3,3,2,3,,3,2,,3,,,3,,3,,3,2,3,2,2,2,2,3,3,3,,,,4,2,3,,3,3,3,3,2,2,4,,2,,3,3,3,2,3,3,3.0,3,3,,3,2,3,3,3,3,,,,,3.0,3,,,2,3,,,,165,2,0.018306636155606407
2,2,2,2,2,2,2,1,2,3,2,2,2,1,2,2,2,1,2,2,1,1,2,2,2,2,2,2,2,2,2,2,2,2,2,2,2,2,2,2,2,2,2,3,2,2,2,2,2,3,2,2,2,2,2,2,2,2,2,2,2,2,2,2,2,2,2,2,2,1,2,2,2,2,2,2,2,2,2,2,0,1,1,2,2,2,1,1,2,2,2,2,1,2,2,2,1,2,1,2,2,1,2,2,2,1,1,1,2,3,3,3,2,2,1,1,2,2,2,2,2,1,2,2,2,2,2,2,1,1,2,2,2,2,3,2,2,1,2,2,2,2,1,2,2,2,2,2,2,2,2,2,2,2,2,0,2,1,2,2,1,2,2,2,2,1,2,2,1,1,1,2,2,1,2,3,2,2,2,2,2,1,2,1,2,2,2,1,1,1,2,2,2,2,2,2,2,2,2,2,2,2,3,2,2,2,2,2,2,1,2,1,2,1,2,2,2,2,2,2,2,2,2,2,2,2,2,2,2,2,2,2,2,2,2,2,2,2,2,3,2,3,2,2,2,2,2,2,2,1,2,2,2,1,2,2,1,2,2,0,2,2,2,2,2,2,2,3,2,2,2,1,2,2,2,2,2,2,2,2,2,2,2,2,2,1,2,2,2,3,2,2,2,2,2,1,2,2,2,2,2,2,2,2,2,2,2,2,2,2,2,2,2,2,2,2,2,2,2,2,2,2,2,2,2,2,2,2,2,2,3,2,2,2,3,3,2,2,2,2,2,2,2,2,2,2,2,2,3,2,2,2,2,0,2,2,1,2,2,2,2,2,2,2,2,1,2,1,2,2,2,1,2,2,3,2,2,1,2,1,2,2,2,2,2,2,0,2,2,2,2,2,2,1,2,2,2,2,2,2,2,2,2,2,2,2,2,2,2,2,2,1,2,2,3,4,3,2,2,2,1,2,2,2,2,2,2,2,2,2,2,2,3,2,1,3,3,2,2,2,2,2,2,2,2,2,2,3,2,,2,2,2,2,2,2,3,2,2,1,1,3,2,,2,2,2,2,2,2,2,2,3,1,2,3,3,3,2,3,2,2,2,2,2,2,1,3,3,2,0,2,2,2,2,2,2,2,2,2,3,3,3,3,2,3,2,3,1,2,2,2,2,2,3,2,3,3,1,2,2,2,3,3,,2,2,2,3,2,2,2,2,2,3,2,2,2,2,3,2,2,2,2,2,2,1,2,2,2,2,2,2,3,3,2,3,2,3,2,2,,2,2,2,2,2,0,2,2,3,2,2,2,3,3,2,2,,3,2,2,,3,2,2,3,2,2,2,2,2,2,2,,3,2,3,2,2,2,2,,2,4,,2,0,3,2,2,2,3,2,2,3,3,2,3,3,2,,2,2,3,,2,2,3,3,3,3,5.0,2,,3,2,3,2,2,2,2,3,3,2,2,3,,2,3,2,2,3,3.0,,2,2,2,3,2,2,2,,2,2,2,,3,3,3,2,2,,2,3,2,2,2,2,,3,2,3,2,3,2,3,3,2,3,2,,3,,2,3,2,1,3,2,3,2,2,2,,2,3,2,2,3,3,2,3,2,2,3,2,3,2,3,2,3,2,,2,2,3,3,3,4,2,2,2,3,4.0,3,2,2,2,,2,3,3,2,3,,,,2,2,3,2,2,3,,2,5.0,,,2,2,3,3,,3,2,2,,3,2,,,2,,3,,3,4,,2,3,2,3,3,2,3,3,3,3,3,2,2,3,2,2,3,2,2,3,2,3,2,3,2,2,,3,3,,2,3,,,3,2,,3,3,,3,3,2,3,2,3,3,2,5.0,2,3,3,3,2,3,,2,2,2,3,,2,2,,,,,3,2,2,3,3,3,,2,3,3,,,2,3,4.0,1,,3,2,,2,3,2,,3,,3,2,3,,3,2,,3,,0,,,3,4.0,3,2,3,3,2,,2,3,2,2,,,3,2,3,4,2,2,3,2,3,3,3,,3,3,3,2,3,3,3,2,3,,3,3,,4,,,3,,2,,0,2,3,2,3,2,3,2,3,3,,5.0,,4,2,3,,2,3,3,3,2,2,3,,2,5.0,2,3,2,2,2,2,,3,3,4.0,3,2,3,3,2,3,,,,,,3,,,3,3,,,,166,2,0.018285714285714287
2,2,2,2,2,1,2,2,3,3,2,2,2,1,1,2,0,2,2,2,2,2,3,2,2,2,1,2,2,2,2,2,2,2,2,2,2,2,2,2,1,2,2,3,2,2,2,0,1,3,3,2,2,2,2,2,2,2,2,2,2,2,2,2,1,1,2,3,2,2,3,2,3,3,2,2,1,0,2,1,2,2,2,2,2,2,2,2,2,1,2,2,2,1,2,2,1,2,2,2,2,2,2,2,3,1,1,1,2,3,2,2,2,1,1,2,2,2,2,2,2,1,2,2,2,2,2,2,2,1,2,2,2,2,2,1,2,2,2,2,2,2,2,2,2,2,3,2,2,2,3,2,2,2,2,2,2,2,2,2,2,2,2,2,2,2,2,1,1,2,1,2,1,2,2,3,2,2,2,2,2,2,3,2,2,3,2,2,2,2,2,2,2,3,2,2,2,2,2,2,2,2,2,2,2,2,1,2,2,1,2,1,2,3,2,2,2,2,2,2,2,2,2,2,3,2,2,3,2,2,2,2,1,2,2,2,2,2,2,3,2,2,2,2,2,1,3,3,3,2,3,2,2,2,2,1,2,2,1,2,2,2,3,1,2,3,2,3,2,2,2,2,2,2,2,2,3,2,2,2,1,2,1,2,2,2,2,3,2,2,1,2,1,3,2,2,2,3,3,3,2,2,2,2,2,1,2,2,2,2,2,2,2,3,2,3,2,3,1,2,2,3,2,2,2,2,2,2,2,2,2,3,3,1,3,3,2,2,2,2,2,3,2,2,3,3,2,2,3,2,3,2,2,2,3,2,2,2,2,3,2,1,1,2,3,2,2,2,2,2,2,2,2,2,3,1,3,2,3,2,2,3,3,3,3,3,3,3,3,2,2,3,3,2,3,2,3,2,3,2,2,2,2,2,2,2,3,3,2,1,2,1,2,2,3,4,3,1,2,2,2,2,2,1,1,2,2,2,2,2,2,2,3,2,1,3,3,2,2,3,2,2,2,1,1,2,3,3,2,,2,3,3,2,2,1,3,2,2,2,2,3,2,,2,3,2,2,2,0,2,2,3,2,2,3,2,2,2,3,2,2,2,2,2,2,2,3,3,2,2,2,2,2,2,2,2,2,2,3,3,3,3,3,3,3,2,3,3,2,3,2,3,2,2,0,2,2,2,3,2,3,3,2,,2,2,2,2,3,3,2,2,2,3,3,3,2,3,2,3,2,2,2,2,2,2,1,2,2,2,2,2,3,3,3,2,2,3,2,2,,2,2,2,3,3,3,2,2,3,3,2,3,2,0,2,2,3.0,3,2,2,,3,2,2,3,2,2,2,2,3,2,3,,3,2,3,2,2,2,3,,2,4,,2,3,2,2,2,2,3,3,2,3,3,3,2,3,3,5.0,3,2,3,,3,3,3,3,3,3,,3,,3,3,0,2,2,2,2,2,3,2,2,3,,2,2,2,2,3,,,2,2,3,2,2,3,2,,3,2,3,,3,3,3,3,2,,3,3,2,2,2,2,,3,2,3,3,2,2,3,3,2,3,3,,3,,2,2,3,3,3,3,3,3,2,3,,2,2,2,3,3,3,3,3,2,2,3,2,3,2,3,2,3,2,,2,3,3,3,3,3,2,2,2,2,,2,2,2,3,,2,3,3,3,3,,,,2,3,3,2,3,3,,2,3.0,,,2,3,3,3,,3,3,2,,2,2,,,2,,3,,3,4,,3,3,3,3,3,2,3,3,3,3,2,2,3,2,2,2,3,2,2,3,3,3,1,3,2,3,,4,3,,2,2,,,3,3,,3,3,,3,3,2,3,2,4,3,2,,1,3,3,3,3,3,,3,3,2,3,,2,2,,,,,3,2,2,3,3,3,,3,3,3,,,3,3,,2,,3,3,,3,3,3,,3,,3,2,3,,2,2,,3,,2,,,4,,3,3,3,2,2,,3,3,3,2,,,2,2,1,4,3,2,4,2,1,3,3,,3,3,3,2,3,3,3,2,3,,3,3,,4,,,3,,3,,2,2,3,3,0,3,3,3,3,3,,,,4,2,3,,3,3,4,3,3,2,4,,3,,1,3,3,0,2,0,3.0,2,2,,3,2,3,3,2,3,,,,4.0,,3,,,2,3,,,4.0,167,2,0.016036655211912942
2,1,2,2,2,2,2,2,2,3,2,2,2,2,2,2,2,2,2,2,2,2,2,2,3,2,3,2,2,2,2,2,3,3,3,2,2,3,3,2,3,2,2,3,2,2,2,2,3,3,3,2,0,1,3,3,3,3,2,3,3,2,2,2,2,2,2,3,2,2,2,3,3,3,2,3,3,2,2,2,2,2,1,2,2,2,1,2,2,2,2,3,2,2,2,2,2,3,3,2,2,3,3,2,3,2,2,2,2,3,3,3,3,2,2,2,2,2,2,3,3,1,3,2,2,2,3,2,1,1,2,2,2,2,3,3,2,2,2,2,2,2,2,2,2,2,2,2,3,3,2,2,2,2,2,2,3,2,2,2,2,2,2,2,3,2,2,2,2,2,2,2,2,1,2,3,2,2,3,2,2,3,3,2,2,3,2,2,2,2,2,2,3,3,3,3,2,1,2,2,2,2,3,2,2,2,2,2,2,2,2,2,2,3,2,2,2,3,2,2,3,1,2,2,2,0,2,2,2,2,2,2,2,2,2,3,2,3,2,3,3,3,3,3,2,2,3,3,2,2,2,3,2,3,1,2,2,3,3,2,3,2,3,2,3,3,3,3,2,2,2,2,1,2,2,2,3,3,2,3,2,2,2,2,2,2,3,2,2,3,1,2,2,3,2,2,2,3,3,3,2,1,3,2,2,3,2,2,2,2,2,2,2,3,1,3,2,2,2,3,3,2,2,3,3,2,2,2,2,2,3,2,3,2,2,3,3,2,2,3,2,3,2,2,3,2,2,3,3,3,2,2,3,2,3,2,2,2,3,3,3,3,2,2,3,2,2,2,2,3,3,2,2,2,3,2,3,2,3,3,3,3,3,3,3,3,3,3,3,3,3,3,3,2,3,2,3,2,3,2,2,2,3,2,2,2,3,2,3,2,3,2,3,2,4,4,3,2,2,2,2,2,2,2,2,2,2,2,2,2,2,3,3,2,2,3,3,3,2,3,2,2,3,3,2,2,2,2,2,,2,3,2,2,3,3,3,2,2,2,1,3,0,,1,3,2,2,2,3,2,3,3,2,2,3,3,3,3,3,2,3,2,2,1,2,2,3,3,2,2,3,2,1,1,2,3,3,2,2,3,3,2,3,2,3,1,2,2,2,2,2,3,2,3,2,3,3,2,3,3,3,2,2,,3,2,3,3,2,3,2,3,2,3,3,2,2,3,3,2,3,3,2,2,3,1,3,2,2,2,3,2,3,3,3,3,2,3,3,2,,2,0,3,3,3,2,2,3,3,3,1,3,3,3,2,3,,3,2,3,,2,2,2,3,3,3,2,3,2,1,2,,3,2,3,3,2,2,3,,3,4,,2,3,3,2,2,2,3,3,2,3,3,3,3,2,3,,2,2,3,,3,4,3,4,3,3,,3,3.0,3,3,3,3,2,2,3,3,3,3,2,0,,0,3,2,3,3,,,2,2,3,3,2,3,3,,3,3,3,,3,3,3,3,3,,2,3,3,3,2,3,,3,2,3,2,0,2,3,3,3,3,3,,3,,3,1,3,2,3,3,3,3,2,3,,3,3,2,3,3,3,2,3,3,2,3,3,3,2,3,3,3,3,,3,3,3,3,3,4,3,2,2,3,,2,2,3,3,,2,4,3,3,3,,,,3,2,4,2,3,3,,3,,,,2,2,3,3,,3,3,3,,3,3,,,3,,3,,3,4,,2,3,3,3,3,3,3,3,4,3,3,3,3,3,2,3,3,3,3,3,2,3,1,3,0,3,,3,3,,2,3,,,3,3,,3,3,,3,3,2,3,3,3,3,3,,3,3,3,3,3,3,,3,3,2,3,,2,3,,,,,3,3,3,4,3,3,,3,3,3,,,3,3,,3,3.0,3,3,,3,3,3,,3,2.0,3,2,4,,3,3,,4,,2,,,3,,3,3,2,2,2,,3,3,3,3,,,2,2,3,4,3,2,3,3,3,3,3,,3,3,3,2,0,3,3,1,3,,3,3,,4,,,3,,3,,3,2,3,3,2,3,0,2,3,3,,,,4,2,3,,3,3,4,3,2,3,4,,2,,3,4,3,3,3,3,,3,3,,3,3,4,4,3,3,4.0,,,,,3,,,3,3,,,,168,2,0.011428571428571429
1,1,2,2,2,0,2,1,2,2,2,2,2,2,2,2,2,1,2,2,1,1,2,1,2,2,2,2,1,2,2,2,2,2,2,2,2,2,2,2,2,1,1,2,1,2,2,1,2,2,2,2,2,1,2,2,2,1,1,2,2,1,1,1,1,2,2,2,2,2,2,2,2,2,1,2,2,2,2,2,2,2,1,1,1,2,2,0,2,2,2,2,2,2,2,2,2,2,2,2,1,2,2,1,2,1,1,2,2,3,2,2,2,1,1,1,2,2,2,2,2,1,2,2,2,2,2,2,1,1,2,2,1,2,2,2,2,2,2,2,2,1,2,2,2,2,2,2,2,2,2,2,1,2,1,2,2,1,2,1,1,2,2,1,2,1,1,2,2,2,1,2,2,2,2,2,2,1,2,2,2,2,2,1,2,2,0,2,2,1,2,1,2,2,2,2,2,2,2,2,2,2,2,2,2,2,2,2,2,1,1,1,2,1,2,1,2,2,1,2,0,2,1,1,2,2,2,1,2,2,2,2,1,1,1,1,1,1,2,2,2,2,1,0,2,2,2,2,2,1,0,2,1,2,1,1,1,2,1,2,2,2,2,2,2,2,2,2,2,1,2,1,1,2,2,2,3,2,2,1,2,2,1,1,2,2,2,2,2,3,2,2,2,2,2,2,1,2,2,3,2,2,2,1,2,1,2,2,2,2,2,2,2,2,2,2,2,2,2,2,2,2,2,2,2,1,2,2,2,2,2,2,2,1,2,2,2,2,2,2,2,2,2,2,2,2,2,2,3,2,2,1,2,2,2,2,2,2,1,2,2,2,2,1,2,2,2,2,1,2,2,2,2,2,1,1,2,1,2,1,2,2,2,2,2,2,2,2,2,2,2,2,2,1,1,2,2,2,2,2,2,2,2,2,2,1,2,0,2,2,2,1,1,2,3,4,3,2,2,1,1,2,2,2,2,2,2,2,2,2,2,2,2,2,1,2,2,2,1,3,2,2,2,2,2,2,2,2,2,,1,2,2,2,2,1,2,2,2,1,2,2,2,,2,2,1,2,2,2,2,2,2,1,1,3,2,2,2,3,2,2,2,2,2,2,1,2,2,1,1,2,1,2,2,1,2,2,2,1,2,2,2,2,2,2,1,3,2,2,2,2,3,2,2,2,2,2,1,2,2,2,3,3,,1,1,2,2,2,2,2,2,1,2,3,2,0,3,3,2,2,2,2,2,2,2,2,2,2,2,2,2,3,2,2,2,2,2,0,2,,2,2,2,2,2,3,2,2,3,2,2,2,3,2,2,2,,2,2,2,5.0,3,2,2,2,2,2,2,2,2,2,2,3.0,2,2,3,2,2,2,2,,2,4,,1,2,2,2,1,2,1,2,1,2,2,2,2,3,2,,2,2,2,,2,2,3,3,2,3,,3,,2,2,2,2,2,2,2,2,3,2,2,2,4.0,2,2,1,2,2,,,2,2,2,2,2,2,2,5.0,2,2,2,,2,3,3,3,2,,2,3,2,2,2,2,,3,2,3,2,2,2,2,3,2,2,2,,3,,2,3,2,2,3,2,3,3,2,2,,2,2,2,2,3,3,3,3,2,1,2,2,2,1,2,2,3,2,,2,2,2,2,3,3,2,2,2,2,,2,2,2,2,4.0,2,3,2,2,3,,,5.0,2,2,3,2,2,2,,2,3.0,,,2,2,3,3,,3,2,2,,3,2,,,2,,3,,3,3,,2,3,2,2,2,2,2,2,2,3,2,2,2,2,2,2,3,2,2,3,2,3,1,2,2,2,,3,2,3.0,1,3,,,2,2,,3,3,,3,2,2,3,3,4,3,2,,2,3,2,3,2,3,,2,3,1,2,4.0,1,2,,,,,2,3,3,3,3,3,,2,3,3,,,2,3,3.0,2,,2,2,,2,2,3,,2,,3,2,2,,2,2,,3,,2,,,3,4.0,2,2,2,2,2,,2,2,0,2,,,2,2,2,3,2,2,3,2,2,2,2,,2,2,1,2,3,3,3,2,2,,3,2,,3,,,2,,2,,2,1,2,3,2,2,2,2,2,3,,5.0,,4,1,3,,2,2,4,3,2,2,3,,2,,2,2,2,2,2,2,,2,3,,3,2,3,3,2,2,,,,,,3,,,2,3,,,,169,2,0.029988465974625143
2,2,2,2,1,2,2,2,2,3,2,2,2,2,2,2,2,2,2,2,1,1,2,2,3,2,3,2,2,2,2,2,3,2,3,2,2,3,2,2,3,2,2,3,2,2,2,2,2,3,3,2,3,2,2,2,2,2,2,2,2,2,1,2,2,2,2,2,2,2,2,2,2,2,2,3,2,2,2,2,0,1,1,2,2,2,1,2,2,2,2,2,2,2,3,2,2,3,2,2,2,2,3,2,2,1,1,1,2,2,2,3,2,2,1,2,2,2,2,3,3,1,3,2,2,2,2,2,2,2,2,2,2,2,3,2,3,1,2,2,2,2,1,2,2,0,2,2,3,3,2,2,2,2,2,1,3,2,2,2,1,2,2,2,2,2,2,3,2,2,2,2,2,2,1,2,3,2,3,2,2,2,0,1,1,3,2,1,1,1,2,2,2,2,2,2,2,2,3,2,2,2,3,2,3,2,2,2,2,2,2,2,2,2,2,2,2,2,2,2,3,2,2,2,2,2,2,2,2,2,2,3,2,1,1,2,2,0,2,2,2,2,2,1,2,2,3,3,2,1,2,2,1,1,2,2,1,3,2,2,2,2,2,2,2,3,3,3,2,2,2,1,2,2,2,2,3,3,2,2,2,2,2,1,2,2,1,2,2,3,2,2,2,3,3,2,2,3,2,1,2,2,2,1,2,2,2,3,2,2,2,2,2,3,2,3,2,3,2,2,2,2,3,2,3,2,2,2,2,2,3,3,3,1,3,3,3,2,2,2,2,3,2,2,3,2,2,2,3,3,3,2,2,2,3,2,2,2,2,3,2,2,2,2,3,2,2,2,2,2,3,2,2,2,3,2,2,2,2,1,2,2,2,2,1,2,2,2,2,2,2,2,2,1,2,1,2,2,3,3,2,2,3,3,2,2,3,3,2,2,2,2,2,2,4,4,3,2,2,2,2,2,2,2,1,2,2,2,2,2,2,2,3,2,2,3,3,3,2,3,2,2,2,2,2,2,3,2,2,,2,3,3,2,2,2,3,2,2,1,2,3,2,,2,2,2,2,2,3,2,2,3,1,1,3,3,3,2,3,2,2,3,2,2,2,2,3,3,2,2,3,2,2,2,2,2,3,2,2,3,3,3,3,2,2,2,3,2,2,3,3,2,2,3,3,3,3,2,2,1,2,3,3,,3,2,2,3,3,3,2,2,2,3,3,2,2,3,3,2,2,2,2,2,2,1,2,2,1,2,2,2,3,3,3,3,2,3,2,2,,2,2,2,3,3,3,2,2,3,2,2,2,3,3,2,2,,3,2,2,,3,3,2,2,3,2,2,2,3,2,2,,3,2,3,3,3,2,2,,3,4,,2,3,2,2,2,2,3,3,2,2,3,3,3,3,3,5.0,3,3,2,,0,3,3,3,3,3,,0,,2,3,3,3,2,2,3,3,4,3,2,2,,2,3,2,2,3,3.0,,2,2,2,3,2,2,2,4.0,3,2,2,,3,3,3,2,2,,2,3,3,2,2,2,,4,2,4,2,3,2,3,3,2,3,3,,3,,2,3,2,2,3,2,3,3,2,2,,2,3,2,2,3,3,3,3,3,2,3,2,3,2,3,3,3,2,,2,2,2,3,3,4,3,2,2,3,,3,2,3,2,,2,3,2,0,3,,,,3,2,3,2,3,2,,2,,,,3,2,2,3,,4,2,2,,3,2,,,3,,3,,3,4,,3,3,2,3,0,3,2,3,3,3,3,2,2,3,2,3,3,2,3,0,2,3,2,3,2,3,0.0,3,2,,2,3,,,2,2,,3,4,,3,3,3,3,3,4,3,2,,2,3,2,3,3,3,,2,2,2,3,,2,3,,,,3.0,3,3,3,3,3,3,,3,3,3,,,2,3,,1,,3,3,,2,3,3,,3,,3,2,3,,2,2,,3,,3,,,3,,3,2,3,3,2,,2,3,2,3,,,3,3,2,4,3,3,4,2,2,2,2,,3,2,2,2,3,3,3,2,3,,3,3,,4,,,3,,3,,2,1,3,3,3,2,3,3,3,3,4.0,,,4,2,3,,2,3,2,3,3,2,3,,3,,2,3,3,3,3,2,,2,3,,3,3,4,3,3,3,,,3.0,,,4,,,3,3,,,,170,2,0.01951779563719862
2,2,1,2,1,1,2,2,2,2,2,2,2,1,2,2,2,2,2,2,1,2,2,2,2,2,3,2,2,2,2,2,2,2,2,2,2,3,2,2,2,2,2,3,2,2,2,2,3,2,2,2,2,2,1,1,1,1,1,2,2,2,1,1,1,2,2,2,2,1,2,0,2,3,2,3,2,2,2,2,1,1,1,1,2,2,1,1,2,2,2,2,2,2,2,2,2,2,2,2,2,2,2,2,2,2,1,1,2,2,3,3,3,2,2,2,2,2,2,3,2,1,2,2,2,2,1,2,2,1,2,1,2,2,2,2,3,2,2,2,2,2,2,2,2,2,2,2,2,2,2,2,1,2,2,2,2,2,2,2,1,2,2,2,2,2,2,2,2,2,2,2,2,2,2,2,3,2,3,2,2,2,3,1,2,3,2,2,2,0,2,2,2,2,2,2,2,2,2,2,2,2,3,2,3,2,2,2,2,1,2,1,2,2,2,2,2,2,2,2,2,2,2,2,2,2,2,2,2,2,2,2,2,2,2,2,2,2,2,2,2,3,2,2,2,2,3,2,2,1,2,2,2,2,2,2,1,2,2,2,2,2,2,2,2,2,3,3,2,2,2,0,2,2,3,2,3,2,2,2,2,1,2,2,2,1,2,2,1,3,2,2,2,2,2,2,2,2,2,2,2,1,2,2,2,1,2,3,2,2,2,2,2,3,2,3,2,3,2,2,2,2,2,2,2,2,2,2,2,2,3,3,3,2,3,3,2,2,2,2,2,3,2,2,3,2,2,2,3,2,2,2,2,2,3,2,2,2,2,2,2,2,2,2,2,1,1,2,2,3,2,2,2,2,2,2,2,1,3,2,2,2,3,3,2,2,3,2,2,2,2,3,2,2,2,2,3,2,3,2,2,2,2,2,2,2,2,2,2,2,2,1,1,2,0,2,3,2,2,1,1,2,2,2,2,2,2,2,2,2,2,2,2,2,1,2,3,3,2,3,2,2,3,2,2,2,2,2,2,4.0,2,2,1,2,2,2,3,2,2,1,1,3,1,0.0,2,2,2,2,2,2,2,2,3,1,2,3,3,3,2,3,2,1,2,2,2,3,2,3,3,2,0,2,2,2,2,2,2,2,2,2,3,2,2,3,2,2,0,3,2,2,2,2,2,1,3,2,2,2,1,2,2,2,3,3,,2,2,2,2,2,2,2,2,2,3,3,1,2,3,3,2,2,0,2,2,2,2,3,2,2,2,2,1,3,2,3,3,2,3,2,2,,2,2,2,3,3,3,2,2,2,2,2,2,3,3,2,2,,2,2,1,,3,3,2,2,3,2,2,2,3,2,2,,2,2,3,2,3,2,2,,2,4,,2,3,3,2,2,2,3,3,2,3,3,3,2,3,2,,2,2,2,,2,3,3,4,3,3,,2,,3,2,3,3,2,2,3,2,3,2,2,2,,1,2,2,2,3,,2.0,1,2,2,3,2,2,2,,2,2,2,,2,3,3,3,2,,2,3,2,2,2,2,,3,2,3,2,3,2,3,2,0,3,2,,0,,2,3,2,2,3,2,3,2,2,2,,2,2,2,3,3,3,3,3,3,2,3,2,3,2,2,2,3,2,5.0,1,3,3,3,3,3,2,2,2,2,,3,2,3,2,,2,3,2,2,3,,,,2,2,3,2,3,2,,2,,,,2,2,3,3,,3,2,2,,3,2,,,2,,3,,3,4,,3,3,2,3,3,2,2,3,3,2,2,1,2,3,2,2,3,2,3,3,2,3,2,3,2,2,4.0,3,2,1.0,2,3,,,2,2,,3,4,,3,3,2,3,3,4,3,2,,3,3,2,3,3,3,,2,2,2,2,,2,3,4.0,4.0,,,2,2,3,3,3,3,,3,3,3,,,2,3,,2,,3,3,,2,2,3,,3,,4,3,3,,3,2,,2,,2,,,3,,3,2,3,3,2,,2,3,2,3,,,3,2,3,3,2,3,3,2,3,2,3,,3,3,2,1,3,3,3,2,3,,3,3,,3,,,3,,3,,1,2,3,2,2,2,3,2,3,3,,2.0,3.0,4,2,3,4.0,3,3,3,3,3,2,3,,3,,3,3,3,3,2,3,,3,3,,3,3,3,3,2,3,,,,,,3,,,3,2,,,,171,2,0.027649769585253458
2,2,2,2,2,1,2,2,2,3,2,2,2,1,2,1,2,1,1,2,2,2,2,0,2,2,2,2,1,1,1,2,1,2,2,2,2,2,2,2,2,2,1,3,2,2,2,2,2,2,2,2,2,0,2,2,2,2,1,2,1,2,1,1,1,2,2,2,2,2,2,2,3,2,2,2,2,2,2,2,2,2,1,1,2,1,1,1,2,2,2,2,2,2,2,2,1,2,2,2,2,2,2,2,2,1,1,1,2,2,2,3,2,2,2,1,1,2,2,2,2,1,2,2,2,2,2,2,1,1,2,2,2,2,2,2,2,1,2,2,2,2,1,2,2,1,2,0,2,2,2,2,1,2,2,1,2,2,2,2,1,2,2,2,2,1,1,1,2,2,2,1,1,2,1,0,3,2,2,2,2,2,2,2,2,2,2,2,2,1,2,2,2,2,2,2,2,2,2,2,2,2,3,2,2,2,2,2,2,2,2,2,1,2,2,1,2,2,2,2,2,2,2,2,2,2,2,2,2,2,2,2,2,2,2,2,2,2,2,2,2,3,2,2,2,2,3,3,2,1,2,2,1,2,1,2,2,2,2,2,3,2,2,2,2,3,2,3,2,1,2,2,2,2,2,2,3,2,2,2,1,2,1,1,2,2,2,2,2,3,2,2,2,3,2,2,2,2,2,2,2,1,2,2,1,2,2,2,2,2,2,2,1,2,2,3,1,2,2,2,2,2,2,2,2,2,2,2,2,2,3,2,3,2,2,2,2,1,2,2,2,2,2,2,3,2,2,2,3,2,2,2,2,2,2,2,2,2,2,3,2,2,2,2,2,2,1,1,2,0,2,2,0,1,2,2,2,1,2,2,2,2,3,3,2,2,2,2,2,2,2,2,2,2,1,2,2,2,3,2,2,2,2,2,1,2,2,2,2,1,2,2,2,2,3,4,3,2,2,2,0,2,1,2,2,2,2,2,2,2,2,2,3,2,1,2,3,2,2,2,2,2,2,2,2,2,2,2,2,,2,3,2,2,2,2,3,2,2,2,1,2,2,,1,2,2,2,2,2,2,2,3,2,1,3,2,3,2,3,2,2,2,2,2,2,2,3,3,2,2,2,2,2,1,2,2,2,2,2,3,3,3,3,2,2,2,2,2,2,2,2,2,1,2,2,3,3,2,2,2,2,3,2,,2,1,2,2,2,2,2,2,1,3,3,2,2,3,2,2,2,2,2,2,2,1,2,2,2,2,2,2,3,2,2,2,2,3,2,2,,2,2,2,3,3,3,2,2,3,2,0,2,3,2,2,2,,2,2,2,,3,2,2,3,2,2,2,2,2,2,2,,2,2,3,2,3,2,2,,2,4,4.0,2,3,3,2,2,2,3,2,2,3,3,2,2,3,2,,2,2,2,2.0,2,3,3,3,3,3,,2,,3,3,3,2,2,2,2,2,3,3,2,3,,2,3,2,2,2,,,2,2,2,2,2,2,2,,2,2,2,,3,3,3,3,2,,2,3,3,2,2,2,,3,2,3,2,3,2,2,3,2,3,3,,2,,3,2,3,2,0,2,3,3,2,3,,2,2,2,3,2,3,3,3,2,2,2,2,3,2,2,2,3,2,,2,2,2,3,2,4,2,2,2,0,,2,2,2,3,,2,3,2,3,2,,,,2,2,3,2,2,2,,2,,,,1,3,2,3,3.0,3,2,2,,2,2,,,2,,3,,3,3,,3,3,2,2,3,2,2,3,3,3,3,2,2,2,2,2,3,2,2,3,2,3,1,3,1,3,,3,2,,2,3,,,2,2,4.0,3,3,,3,3,2,3,3,4,3,2,,2,3,2,3,3,3,,2,2,2,2,,2,2,,,,4.0,2,3,3,3,3,3,,2,3,3,5.0,,2,3,,2,,2,2,,3,2,3,,3,,3,2,3,4.0,3,2,,3,,2,3.0,,3,,2,2,2,2,2,,3,3,3,2,,,2,2,3,3,2,2,3,2,3,2,3,,2,3,2,1,2,3,3,1,2,,3,3,,3,3.0,,3,,2,,2,2,3,3,2,2,2,3,3,3,,,,4,2,2,,3,3,3,3,2,2,4,,2,,3,3,2,2,2,3,,3,3,,3,2,3,3,2,3,,,,,,3,,,3,3,,,,172,2,0.019473081328751432
2,2,2,2,2,1,1,2,2,3,2,2,2,2,2,2,2,1,2,2,2,2,3,2,2,2,3,2,2,2,2,2,2,2,2,2,2,2,2,2,2,2,1,3,2,2,1,2,1,2,2,2,2,2,2,2,2,2,1,2,1,2,1,2,1,2,2,2,2,2,2,2,3,2,2,2,2,2,2,2,2,2,1,1,1,2,2,1,2,2,2,2,2,2,2,2,2,2,2,2,2,2,2,2,2,1,1,1,2,3,2,2,2,2,2,1,2,2,2,2,2,1,2,2,2,2,2,2,2,2,2,2,2,2,2,2,2,2,2,2,1,2,1,2,2,2,2,1,2,2,2,2,1,2,1,2,2,2,2,2,1,2,2,2,2,2,1,2,2,2,2,2,2,2,2,2,2,2,2,2,2,1,2,2,2,3,2,2,2,2,2,2,2,2,2,2,2,2,2,2,2,2,3,2,2,2,2,2,2,2,2,2,1,2,2,2,2,2,2,0,2,2,2,2,2,2,2,2,2,2,2,2,2,2,2,2,2,2,2,3,3,3,2,2,2,2,2,3,2,2,1,2,2,2,1,2,1,2,2,2,3,2,2,2,3,3,3,3,2,0,2,2,2,2,2,2,2,2,2,2,1,2,1,1,2,2,2,2,1,3,2,2,2,3,2,1,0,3,0,2,2,1,2,2,2,2,2,2,2,2,2,2,2,2,2,3,2,2,2,2,1,1,2,2,3,2,2,2,2,2,3,2,3,1,2,2,2,2,2,2,2,2,1,2,3,2,2,2,3,2,2,2,2,2,2,2,2,2,2,3,2,2,2,2,2,2,2,2,2,3,2,2,0,2,2,2,2,1,2,2,2,2,2,2,2,2,2,2,2,2,2,2,1,1,2,2,2,2,2,2,2,2,2,2,1,2,3,3,2,2,2,2,2,2,3,3,3,2,2,2,1,2,2,2,2,2,2,2,2,2,2,2,2,2,1,2,3,2,2,3,2,2,2,2,2,2,2,2,2,,2,3,2,2,2,2,3,3,2,2,2,2,2,,2,2,2,2,2,2,2,2,3,1,1,3,3,3,2,3,2,2,2,2,2,2,2,3,3,2,2,3,0,2,1,2,2,3,2,3,3,3,3,3,2,3,2,2,2,2,2,2,3,1,3,2,2,2,2,2,2,2,3,2,,3,2,2,2,2,3,2,2,2,3,3,2,2,3,2,2,2,3,2,2,2,2,2,2,1,2,2,2,3,3,2,3,2,3,2,2,,2,2,3,3,3,3,2,3,3,2,2,2,3,2,2,2,,2,2,2,,3,2,2,2,2,2,3,2,2,2,2,,2,2,3,3,3,2,3,,3,4,,1,3,3,2,2,2,3,3,1,3,2,2,3,3,2,,3,2,3,,2,2,3,4,3,3,4.0,3,,3,3,3,2,2,2,2,0,3,3,2,2,,2,2,2,2,3,,,2,2,2,2,2,2,2,,0,2,3,,3,3,3,2,3,,2,3,3,1,3,2,,3,2,3,2,3,2,3,2,2,3,3,,2,3.0,3,3,3,2,3,3,3,3,2,3,,2,3,1,3,3,3,3,3,3,2,2,3,3,2,2,2,2,2,,2,3,2,2,3,3,2,2,2,2,,2,2,3,2,,2,3,2,3,3,,,,3,3,3,2,2,2,5.0,2,,,,2,3,2,2,,3,2,2,,3,2,,,3,,3,3.0,3,3,,3,3,2,2,3,3,2,3,3,3,3,2,1,2,2,2,3,2,3,3,2,3,1,3,2,3,,3,2,,2,3,,,2,2,2.0,3,3,,3,3,2,3,3,4,3,2,,2,3,3,3,2,3,,2,2,2,2,,1,3,,,,,3,3,3,2,3,0,,2,3,3,,,2,3,,2,,2,2,,3,2,3,,3,,4,3,3,,3,2,,3,,2,,,3,,3,2,2,3,2,,3,3,3,2,,,3,2,3,3,2,3,3,3,2,2,3,,2,2,2,1,2,3,3,3,2,,3,3,,3,,,3,3.0,0,,2,1,3,3,3,2,3,3,3,3,,,3.0,4,2,3,,3,3,3,3,3,2,4,,2,,2,3,3,3,2,2,,3,3,,3,3,3,3,2,3,,,,,,3,,,3,3,,,,173,2,0.02422145328719723
2,2,1,0,1,2,1,2,2,3,2,2,2,2,2,2,2,2,2,2,2,2,2,2,3,3,3,2,2,2,2,2,3,3,3,2,2,3,3,3,3,2,2,3,2,2,2,2,2,2,2,2,2,2,2,2,2,2,1,2,2,2,1,1,2,2,2,3,2,2,2,2,3,2,2,3,3,2,2,2,2,1,2,1,1,2,2,2,2,2,2,2,2,2,2,2,2,2,2,2,2,2,0,2,2,2,2,1,2,3,2,2,2,2,2,2,2,2,2,3,3,2,3,2,2,2,2,2,1,1,2,2,2,2,2,2,2,1,2,2,2,2,2,2,2,2,2,2,2,2,2,3,2,2,2,2,2,2,2,2,1,2,0,2,2,2,1,2,2,2,2,2,2,2,2,2,2,2,2,2,2,2,3,2,2,3,1,2,2,2,2,2,1,2,2,1,2,2,2,2,2,2,3,2,2,2,2,2,2,1,2,2,1,3,2,2,2,2,2,3,2,2,2,2,3,2,2,2,3,2,2,2,2,2,2,2,1,2,2,2,2,2,2,2,2,2,3,3,3,1,2,2,1,2,2,2,2,3,1,3,3,2,2,2,2,3,3,3,2,2,2,2,2,2,3,0,2,3,2,2,2,2,2,1,2,2,2,2,2,3,2,3,2,3,2,2,2,3,2,2,1,2,2,2,2,2,2,3,2,3,2,2,2,3,2,3,2,3,2,2,2,2,3,1,2,3,2,2,3,2,3,2,3,2,3,3,2,2,2,3,2,3,2,2,3,2,2,2,3,2,3,2,3,2,3,2,2,2,3,3,2,2,2,2,3,2,2,2,2,2,3,2,2,2,2,2,2,2,2,2,2,3,3,3,3,3,3,3,2,2,2,2,3,2,2,2,3,2,3,2,2,2,3,2,2,1,2,2,2,2,2,1,1,2,4,4,3,2,2,2,2,2,2,2,2,2,1,2,2,2,2,2,2,2,1,3,3,3,2,3,2,2,3,2,2,2,2,2,2,,2,3,2,2,2,2,3,2,2,2,2,3,2,,2,3,2,2,2,2,3,2,3,2,2,3,3,3,2,3,2,2,2,2,2,2,2,3,3,2,2,3,2,2,2,2,2,3,2,3,3,3,3,3,2,2,2,3,2,2,3,2,2,2,3,2,2,2,2,2,2,3,3,3,,3,2,3,3,2,3,2,2,2,3,3,2,2,3,3,3,1,2,2,2,3,2,3,2,2,2,2,2,3,2,2,3,2,2,2,2,,2,2,2,3,3,3,2,2,3,2,2,2,3,3,2,2,,3,3,2,,3,2,2,2,3,2,3,2,3,2,2,,3,2,3,2,3,2,3,,3,4,,2,3,3,3,2,1,3,4,2,3,3,2,3,3,2,,2,3,2,,2,3,3,3,0,3,,2,,0,2,3,3,2,2,3,2,3,3,3,3,,2,3,2,3,3,,,2,2,2,2,2,2,2,,3,2,2,,3,3,3,3,2,,3,3,2,2,3,3,,3,2,3,2,3,2,3,3,2,3,3,,2,,3,3,3,2,3,2,3,3,2,3,,2,3,3,3,3,3,3,3,3,2,2,3,2,2,3,3,3,2,4.0,2,3,2,3,3,3,3,2,2,2,,2,2,3,2,4.0,3,3,2,3,3,3.0,,,3,2,3,3,2,2,,3,,,,2,3,2,3,,3,3,3,,3,2,,3.0,2,,2,,3,4,,3,3,2,3,3,2,2,3,3,3,3,2,3,2,1,2,3,2,3,3,2,3,1,3,3,2,,4,2,,2,3,,0.0,1,2,,2,4,,3,3,2,3,3,4,3,2,,3,3,2,3,3,3,,2,3,0,2,,1,3,,,,0.0,2,3,3,3,3,3,,3,3,3,,,2,3,,2,,2,3,,3,2,3,,2,5.0,3,2,3,,3,2,,3,,2,,,3,,3,3,3,2,2,,3,3,3,3,,,2,2,3,4,2,2,4,2,3,3,3,,3,3,3,1,3,3,3,3,3,,3,3,,4,,,3,,3,,2,2,3,3,3,2,2,2,3,3,4.0,5.0,,4,2,3,,3,3,3,3,2,1,4,,2,0.0,3,3,3,3,3,3,,3,3,,3,3,4,3,2,2,,,,,3.0,4,,,3,2,,,,174,2,0.019428571428571427
2,2,2,2,2,1,2,2,1,2,1,2,1,2,2,2,2,1,1,1,1,1,2,1,2,2,2,1,1,2,1,2,2,2,2,2,2,2,2,2,2,2,2,3,2,2,2,1,2,2,2,1,2,2,2,1,2,2,1,2,2,1,1,2,1,2,2,2,1,1,2,2,2,2,2,2,2,2,2,2,1,1,2,1,1,1,2,2,2,1,2,1,2,2,2,2,2,2,2,2,2,2,2,2,2,2,1,1,2,2,2,2,2,1,2,2,2,2,2,2,2,1,2,2,2,2,2,2,1,2,2,1,2,2,2,2,2,2,2,2,2,1,2,2,2,1,2,2,2,2,2,2,1,2,2,2,2,2,1,2,0,1,2,2,2,1,1,2,2,1,2,2,2,1,2,3,2,2,2,2,1,1,2,2,2,2,2,2,2,1,2,2,2,2,2,2,2,2,2,2,2,2,2,2,2,2,2,2,2,2,2,2,1,2,2,2,2,2,2,2,2,2,2,2,2,2,2,3,2,2,2,2,2,1,2,2,2,2,2,2,2,2,2,2,2,2,2,2,2,1,2,2,2,2,2,2,1,2,2,2,2,2,2,2,1,2,1,0,2,2,2,2,2,2,2,2,2,2,2,2,2,2,1,1,2,2,2,2,2,2,2,2,1,2,2,2,2,2,2,2,2,2,2,1,2,2,0,2,2,2,2,2,2,2,1,3,1,2,2,2,2,2,3,2,2,2,1,1,2,1,3,2,2,1,3,3,2,2,2,2,2,2,1,2,3,2,2,2,2,2,2,2,1,2,2,2,1,2,2,2,2,2,2,2,2,2,1,2,2,2,2,2,2,2,2,2,2,2,2,2,1,2,3,3,2,2,2,2,2,2,2,2,2,1,2,2,2,2,3,2,1,2,3,2,1,2,2,2,2,2,2,2,2,2,3,4,0,2,2,2,2,2,2,2,1,2,1,1,2,2,2,2,2,2,2,2,3,2,2,3,2,2,2,2,2,2,2,2,2,,2,2,2,2,2,2,3,2,2,2,2,2,2,,1,2,1,2,2,2,3,2,3,2,1,3,2,2,1,3,2,1,1,2,2,2,2,2,2,2,2,3,1,2,2,2,2,2,1,2,2,2,2,2,2,2,2,2,2,1,2,2,2,2,2,2,2,2,2,2,2,2,3,2,,2,1,2,2,2,2,2,2,1,3,2,2,2,2,2,2,2,2,2,2,2,2,2,2,1,1,2,2,2,2,2,2,2,2,2,2,,1,3,2,2,2,3,2,2,2,2,2,2,3,3,2,2,,3,2,2,,3,3,2,3,2,2,2,2,3,2,2,,2,2,2,2,3,2,2,,3,3,,2,2,2,2,2,1,3,3,2,3,3,2,2,3,2,,3,2,3,,2,3,3,3,3,3,,2,,3,2,3,2,2,2,2,2,3,3,2,2,,2,2,2,2,2,,,2,2,2,2,2,1,2,,3,2,2,,2,3,3,2,2,0.0,2,3,3,2,3,2,,3,2,3,2,3,2,2,3,2,3,2,,3,,3,3,1,2,3,2,3,2,2,2,,2,2,2,2,0,2,2,3,2,0,0,2,2,2,2,2,3,2,5.0,2,3,3,3,3,3,2,2,2,2,,2,2,2,2,3.0,2,3,2,3,3,,,,2,2,3,3,3,2,,2,,,,2,2,2,2,,3,3,3,,3,2,3.0,,2,,3,,3,4,,3,2,2,2,3,3,2,2,3,3,2,2,2,2,1,3,3,2,2,3,2,3,1,3,2,2,4.0,3,2,,2,3,,,2,2,,3,3,,3,3,2,3,3,4,3,2,,2,3,3,3,2,3,,3,3,1,2,,2,2,,,,,3,3,3,3,3,3,,2,3,3,,,2,2,,2,,2,2,,2,2,3,,3,,3,2,3,,3,2,,3,,2,,,3,,3,2,2,2,3,,2,2,2,2,,,2,2,2,3,3,2,3,2,2,2,2,,3,2,2,2,3,3,3,3,2,,3,3,,3,,4.0,3,,2,,2,0,2,2,2,2,2,2,2,2,,,,3,1,3,,2,3,3,3,2,2,3,,2,,2,3,2,2,2,2,,2,3,,3,3,3,2,2,3,,,,,,0,,,2,3,,,,175,2,0.01954022988505747
2,2,1,1,1,1,1,2,2,2,2,2,2,1,1,2,2,2,2,2,2,2,2,2,2,2,2,2,2,2,2,2,2,2,2,2,2,2,1,2,2,2,2,3,2,1,2,0,2,3,3,2,2,2,1,2,2,1,1,1,2,1,1,1,1,2,2,2,2,2,2,2,3,3,2,2,1,2,2,2,2,2,2,2,2,2,2,2,2,0,2,2,2,2,2,2,1,2,2,2,2,2,1,2,2,2,2,1,2,2,3,3,3,2,1,2,2,2,2,2,2,2,2,2,2,2,2,2,2,1,2,2,2,2,2,2,2,2,2,2,2,2,2,2,2,2,2,2,2,2,2,2,1,2,2,2,2,2,1,1,1,2,2,1,2,1,2,2,1,2,2,2,1,2,2,2,2,1,2,2,2,2,2,2,2,3,2,2,2,2,2,2,2,2,2,2,2,2,2,2,1,2,3,2,2,2,2,2,2,1,2,2,2,2,2,1,2,2,2,2,2,2,2,2,2,2,2,3,2,2,2,2,1,2,2,0,2,2,1,2,1,2,2,2,2,2,3,3,2,2,2,2,1,2,2,2,2,3,2,2,3,2,2,2,1,2,2,2,2,2,2,2,2,2,3,2,2,2,2,2,1,2,2,2,2,1,2,3,2,2,2,2,2,3,2,2,2,2,2,2,2,1,2,1,2,2,2,2,2,2,2,2,2,3,2,3,2,3,2,2,1,0,2,2,2,2,2,2,3,2,2,2,3,1,3,2,2,2,2,2,2,3,2,2,2,2,2,2,3,2,2,2,2,2,3,2,2,2,2,2,2,2,2,2,2,2,1,2,1,2,2,2,2,2,3,2,2,2,2,2,1,2,3,3,3,2,3,2,2,2,2,2,2,2,2,2,1,2,3,2,2,2,3,2,2,2,2,3,2,2,2,2,1,2,3,3,3,2,2,2,2,2,2,1,2,2,2,2,2,2,2,2,3,2,1,2,2,1,1,2,0,2,2,2,2,2,2,1,2,,2,3,2,2,2,1,3,2,2,2,2,2,2,,2,2,2,2,2,2,2,2,3,2,2,3,3,3,2,3,2,2,1,1,2,2,2,3,3,2,2,2,2,2,2,2,2,2,2,2,3,2,3,3,2,2,2,3,2,2,3,2,2,2,2,1,2,2,2,2,1,2,3,2,,2,2,2,2,2,3,2,2,1,3,2,3,2,3,2,3,2,2,2,2,2,1,1,2,2,2,2,2,3,2,3,2,2,3,3,2,,2,2,2,3,3,3,2,2,2,2,2,3,3,2,2,2,,2,2,2,,3,2,2,2,2,2,2,2,2,2,3,,2,2,3,2,2,2,2,,2,4,,2,2,2,1,2,2,3,3,2,2,3,3,2,3,2,,3,2,2,4.0,2,3,2,3,2,3,,2,,3,3,2,2,2,3,3,2,3,3,3,3,,2,2,2,2,2,,,2,2,2,2,2,2,2,,3,3,2,,3,2,3,3,2,,2,3,2,2,2,3,,3,2,3,3,2,2,3,2,2,2,2,,3,,3,2,2,2,3,3,3,3,2,3,,2,2,3,3,3,3,2,3,2,2,3,2,3,2,2,2,3,2,,2,3,2,3,3,0,3,2,2,3,,3,3,3,2,,2,3,2,3,3,,,,2,3,3,2,3,2,,2,,,,2,2,2,3,,3,3,3,,3,2,,,2,,3,,3,3,,3,3,2,3,3,2,2,2,3,2,2,2,2,3,0,2,3,2,2,2,2,3,2,2,2,2,,3,2,0.0,2,3,,,2,2,,3,3,,3,3,2,3,3,4,2,1,,2,3,2,0,3,3,,2,3,2,2,,1,2,,,,,2,3,3,2,3,3,,2,3,3,,,2,3,,2,,3,2,,3,2,3,,3,,3,2,3,,2,2,,3,5.0,2,,,3,,2,2,3,3,2,,3,3,3,2,,,2,2,2,3,2,2,3,2,1,2,2,,3,2,2,2,2,0,3,2,2,,3,3,,3,,,3,,2,,2,2,3,3,2,2,3,3,3,3,,,,4,2,3,,3,3,3,3,2,1,4,,3,,2,3,3,3,2,2,,2,3,,3,3,3,3,2,2,3.0,,,,,3,,,2,2,,,,176,2,0.017241379310344827
2,2,1,1,1,2,1,2,2,3,2,2,2,1,2,2,1,2,1,2,2,1,2,2,2,2,2,2,2,2,2,2,2,2,2,2,2,2,2,2,2,1,2,3,2,2,2,2,2,2,2,2,2,2,1,1,1,1,1,1,2,2,1,1,1,2,2,2,2,2,2,2,2,2,2,3,2,2,2,2,2,1,1,1,2,2,1,1,2,1,2,2,2,2,2,2,2,2,2,2,2,2,2,2,2,1,1,1,2,2,3,3,3,2,1,1,2,1,2,2,2,1,2,2,2,2,2,2,1,2,2,2,2,2,2,2,2,1,1,2,2,2,1,2,2,2,2,2,2,2,2,2,1,2,1,2,2,2,2,2,1,2,1,2,2,1,1,2,2,1,2,2,2,2,2,2,3,2,2,2,1,2,2,1,1,3,2,2,2,2,2,1,2,1,1,2,2,1,2,2,2,1,0,2,2,2,1,2,2,2,1,1,1,2,2,2,2,2,2,2,2,2,1,0,2,2,1,2,2,2,2,2,2,2,2,2,2,2,2,2,2,2,2,2,2,2,3,3,2,1,2,2,1,2,1,1,1,2,2,2,2,2,2,2,2,3,3,3,2,2,2,1,2,2,2,2,3,2,1,2,2,1,1,1,2,1,1,2,2,3,2,2,2,2,2,2,2,2,2,2,2,2,2,1,0,1,2,2,2,2,2,2,2,2,1,2,2,2,2,2,2,2,2,2,2,2,2,2,2,1,2,2,3,1,3,3,2,2,2,2,2,3,2,2,2,2,2,2,2,2,2,2,2,2,3,0,2,2,2,3,2,2,2,2,2,0,2,2,2,2,2,1,2,2,3,2,2,1,2,2,2,2,3,3,2,2,3,2,2,2,2,2,2,2,2,2,3,2,3,2,2,2,2,2,2,1,2,2,1,2,2,1,0,2,3,3,3,2,2,1,1,2,2,2,1,2,2,2,2,2,2,2,2,2,1,3,3,2,2,3,2,2,2,2,2,2,2,2,2,,2,3,2,2,2,2,2,2,2,2,2,2,2,,2,2,2,2,2,2,2,2,2,1,2,3,2,3,2,3,2,1,2,2,2,2,2,3,3,2,2,2,0,2,2,1,2,2,2,2,3,3,3,3,2,2,2,2,2,2,2,2,2,1,2,2,2,2,1,2,1,2,3,3,,2,2,2,2,2,2,2,2,2,3,3,2,2,3,3,2,2,2,2,2,2,2,2,2,2,2,2,2,3,2,3,3,2,3,2,2,,2,2,1,3,3,3,2,2,3,2,2,2,3,2,2,2,,2,2,2,,3,3,2,2,2,2,2,2,2,2,2,,3,2,3,2,3,2,1,,2,4,,2,2,2,2,2,1,3,3,1,3,3,3,2,3,2,,2,2,2,,2,3,3,3,3,3,,2,4.0,3,2,3,2,2,2,2,2,3,2,2,3,,2,2,2,2,3,,,2,2,2,2,1,2,2,,2,2,2,,3,3,3,2,2,,2,3,2,0,2,2,,3,2,3,2,3,2,2,3,1,2,2,,2,,2,3,2,2,3,2,2,3,2,3,,2,2,2,3,3,3,3,3,2,2,3,2,3,2,2,2,3,2,,1,2,2,3,3,3,2,2,2,2,4.0,2,2,2,2,2.0,2,3,2,3,3,,,,2,2,3,2,2,2,,2,,,,2,2,2,3,,3,2,2,,3,2,,,2,,2,,3,4,,2,3,2,3,2,2,2,3,3,2,2,1,2,3,1,3,3,2,2,3,2,3,1,3,2,3,,3,1,,2,3,,,2,2,,3,4,,3,2,2,3,3,4,2,1,,2,3,2,3,0,2,,2,2,2,2,,1,2,,,,,2,3,3,3,3,3,,2,3,3,,,2,3,,2,,2,2,3.0,2,2,3,,3,,3,2,3,,2,2,,3,,2,,,3,,3,2,2,0,2,,2,3,3,2,,,2,2,2,4,2,3,3,2,2,2,3,,3,3,3,1,3,3,3,2,3,,3,3,,4,,,3,5.0,2,,2,2,3,3,3,2,2,3,3,3,,,,4,2,3,,3,3,3,3,2,1,4,,2,,2,3,2,3,2,2,,2,3,,3,2,3,3,2,2,,,,,,3,,,2,2,,,,177,2,0.016055045871559634
2,2,2,2,2,1,2,2,2,3,2,2,2,1,2,2,2,2,2,2,2,1,2,2,1,2,2,2,2,2,2,2,2,2,2,2,2,2,2,2,2,2,2,3,2,2,2,2,2,2,2,2,2,2,2,2,2,1,2,2,2,2,1,2,1,2,2,2,2,2,0,2,3,3,2,2,2,2,2,2,2,2,2,1,1,2,1,2,2,2,2,2,2,2,2,2,2,3,2,2,2,3,2,2,2,2,2,1,2,3,3,3,3,2,1,2,2,2,2,2,2,2,2,2,2,2,2,2,2,1,2,2,2,2,2,2,3,2,2,2,2,2,2,2,2,2,2,2,2,2,2,2,2,2,2,2,2,2,2,2,1,2,2,2,2,2,2,1,2,2,2,2,2,2,2,3,2,2,1,2,1,2,2,2,2,3,2,2,2,2,2,2,3,2,2,2,2,2,2,2,2,2,3,2,2,2,1,2,2,2,2,2,2,3,2,2,2,2,2,2,2,2,2,2,2,2,2,2,2,2,2,2,1,2,2,2,2,2,2,3,2,3,2,2,2,2,3,3,3,2,2,2,2,2,2,2,2,2,2,2,3,2,2,2,2,3,2,3,2,2,2,2,2,2,2,2,3,2,2,2,2,0,2,2,2,2,2,2,2,3,2,2,2,3,2,2,2,2,2,3,2,1,2,2,2,2,2,2,2,2,2,2,2,3,2,3,2,3,2,2,2,2,3,2,3,2,2,2,2,2,3,3,3,1,3,3,2,2,2,2,2,3,1,2,2,2,2,2,2,2,2,1,0,2,3,2,2,2,3,3,3,2,2,2,2,2,2,2,2,3,3,2,2,2,3,2,2,1,3,2,2,2,3,3,3,2,3,3,2,2,2,3,2,2,2,2,3,2,3,2,2,2,3,2,2,2,3,2,2,2,2,2,2,2,4,3,3,2,2,2,2,2,2,2,2,2,2,2,2,2,2,2,2,1,2,3,3,2,2,3,2,2,2,2,2,2,2,2,2,,2,3,3,2,2,2,3,2,2,2,2,3,2,,2,2,2,2,2,3,2,2,3,2,2,3,3,3,2,3,2,2,2,2,0,2,2,3,3,2,2,2,2,2,1,2,2,2,2,2,3,2,3,3,2,3,2,3,2,2,2,2,3,2,3,2,2,2,2,2,2,2,3,3,4.0,2,2,2,2,2,3,1,2,2,3,3,2,2,3,2,3,2,3,2,2,3,2,2,2,2,2,2,2,2,3,3,2,2,3,3,2,,2,2,1,3,3,3,2,3,3,2,2,2,3,0,2,2,,2,2,2,4.0,2,2,2,3,2,2,2,2,3,2,2,,3,2,2,3,3,2,3,,3,4,,3,3,0,2,2,2,3,4,1,3,3,3,2,3,2,,2,2,3,3.0,2,3,3,4,3,3,,3,,3,3,3,2,2,2,3,2,3,3,3,3,,3,3,2,2,2,,,3,2,3,3,2,2,2,,0,2,3,,3,2,3,3,3,,2,3,2,2,0,2,,3,0,3,3,2,2,3,3,2,3,3,,2,,3,3,2,2,3,3,3,3,2,2,3.0,3,2,3,3,3,3,3,3,3,2,2,2,3,2,3,2,3,2,,2,3,3,3,3,3,3,2,2,2,,2,3,3,2,,3,3,3,3,3,,,,3,3,3,2,3,2,,2,,,,2,2,3,3,,3,3,3,,3,2,,,2,,3,,3,4,,3,3,3,3,3,3,3,3,3,3,3,2,2,0,2,2,3,2,3,3,2,3,2,3,2,3,,4,3,4.0,2,3,,5.0,2,2,,3,4,,3,3,2,3,3,4,3,3,,2,3,3,3,1,2,,3,3,2,2,,2,3,4.0,,,,3,3,3,3,3,3,,2,3,3,4.0,,3,3,3.0,2,,3,3,,3,3,3,,3,4.0,3,2,3,,2,2,,3,3.0,2,,,3,,3,3,2,2,3,,3,3,3,2,,5.0,2,2,2,4,3,3,4,3,2,2,3,,3,2,2,1,3,3,3,2,3,,3,3,,4,,,3,,3,,2,2,3,3,2,2,3,3,3,3,,,,4,2,3,3.0,3,3,4,3,3,2,4,,3,,2,3,3,3,2,2,,2,3,,3,3,3,3,2,3,,,,,,3,,,2,3,,,,178,2,0.02522935779816514
2,1,2,2,2,1,2,2,2,2,2,2,1,2,2,2,1,2,2,1,2,1,3,1,2,2,3,2,2,2,2,2,3,2,2,2,2,2,2,2,2,2,2,3,2,2,1,2,2,0,1,2,3,2,2,2,2,2,2,2,3,2,1,2,2,2,1,2,2,2,2,2,2,2,2,2,3,2,2,2,2,2,1,1,1,2,2,1,2,2,2,2,2,2,3,3,2,2,2,2,2,2,2,2,2,2,1,1,2,3,2,0,2,2,2,1,2,2,2,3,3,1,3,2,2,2,2,2,2,2,2,2,2,2,2,2,2,2,2,2,2,2,1,2,2,2,2,2,2,2,2,2,1,0,2,2,2,2,2,2,1,2,2,2,2,2,2,3,2,1,2,2,2,2,2,3,3,2,2,2,1,2,3,2,2,3,2,2,2,2,2,2,3,3,2,2,2,3,2,2,2,2,3,2,3,3,2,2,2,2,2,1,2,2,2,2,2,2,2,2,2,2,1,2,2,2,2,2,2,2,2,2,2,1,2,2,2,2,2,3,2,3,2,2,2,2,3,2,2,1,2,2,2,2,1,2,1,2,2,2,3,2,2,2,2,2,3,2,2,2,2,2,2,2,2,2,2,2,1,2,2,2,1,1,2,2,2,2,2,3,2,2,2,2,3,2,2,3,2,3,2,2,2,2,2,2,2,3,2,2,2,2,2,3,2,3,2,2,2,2,2,2,2,2,2,2,2,2,2,2,3,2,3,2,3,3,2,2,2,2,2,2,2,2,3,0,2,2,3,2,2,2,2,2,3,2,2,2,2,3,2,2,2,2,2,2,2,2,2,2,3,1,2,2,2,2,2,2,3,2,2,2,3,3,3,2,3,2,2,2,2,3,3,2,2,2,3,3,3,3,2,2,3,3,2,1,3,2,2,2,2,2,2,3,4,4,3,2,2,2,2,2,2,2,2,2,2,2,2,2,2,2,2,2,1,3,3,2,2,3,2,2,2,2,3,2,2,2,2,,2,3,2,2,2,2,3,3,2,1,2,3,2,,2,2,2,2,2,2,3,2,3,2,1,3,3,2,2,3,2,2,3,2,2,3,2,3,3,2,2,3,2,2,2,2,2,3,2,3,3,3,3,3,2,2,2,3,2,2,2,3,3,2,2,3,3,3,2,2,2,2,4,3,,2,2,3,3,3,3,2,2,2,3,3,3,2,3,3,2,2,2,2,2,2,2,2,0,2,2,2,2,3,3,2,3,2,2,2,0,,3,3,3,2,3,3,2,2,2,2,2,2,3,3,2,2,,2,2,2,,3,3,2,3,2,2,3,2,2,2,2,,3,2,3,3,3,2,3,,3,4,,1,3,3,2,2,1,3,3,1,2,3,3,0,3,2,3.0,3,2,3,,3,3,3,3,3,4,,3,,3,2,3,3,2,2,2,2,3,3,2,2,,2,3,2,3,3,,,2,2,2,3,2,2,2,,2,2,2,,2,3,3,3,3,,2,3,3,3,3,2,,3,2,3,2,3,2,3,3,3,3,2,,3,,2,3,2,2,3,3,3,3,2,2,,2,3,3,3,3,3,3,3,3,2,2,2,3,2,3,2,3,2,,2,2,3,3,3,4,3,2,2,3,4.0,3,2,2,2,,2,3,2,2,3,,,,3,2,3,2,2,2,,2,,,,3,3,3,3,,3,3,2,,3,3,,,2,,3,,3,4,,2,3,3,3,3,3,3,3,3,3,2,2,2,2,2,3,3,3,2,3,2,3,2,3,3,2,,4,3,,0,3,,,2,2,,3,4,,3,3,3,3,3,4,3,3,,3,3,3,3,3,3,,3,3,1,3,,2,2,,5.0,,,3,3,3,3,3,3,,3,3,3,4.0,,3,3,,2,,3,3,5.0,2,3,3,,2,,3,2,4,,3,2,0.0,3,,2,,,3,,3,3,3,3,3,,3,3,2,2,,,3,3,3,4,3,2,4,2,3,3,3,,3,3,3,2,3,3,3,3,3,,3,3,,4,,,3,,3,,3,2,3,3,3,2,3,3,0,3,,,,4,2,3,,3,3,4,3,3,3,3,,3,,3,3,3,2,3,3,3.0,3,2,,3,2,3,3,2,3,,,4.0,,,3,,,3,3,,,,179,2,0.016
2,2,1,1,1,1,1,2,2,2,2,2,2,2,2,2,2,2,2,1,2,2,3,2,2,2,2,2,2,2,2,2,2,1,2,2,2,2,2,0,2,2,2,2,1,2,2,2,2,2,2,2,3,2,2,2,2,2,1,2,3,2,1,2,2,2,2,2,2,2,2,2,3,2,2,2,2,2,2,2,2,2,1,2,1,2,1,2,2,2,2,2,2,2,2,2,2,2,2,2,2,2,2,2,2,1,2,1,2,3,2,3,3,2,2,2,2,2,2,2,2,1,3,2,2,2,2,2,2,2,2,2,2,2,2,2,2,2,2,2,2,2,2,2,2,2,2,2,2,2,2,2,2,2,2,2,3,2,2,2,1,2,1,2,2,2,2,2,2,2,2,2,2,2,2,2,3,2,3,2,2,2,3,2,2,2,2,2,2,2,2,2,1,2,2,2,2,2,2,2,2,2,3,2,2,2,2,2,2,2,2,2,1,2,2,2,2,2,2,2,3,2,2,2,3,2,2,2,2,2,2,2,2,1,2,2,2,2,2,2,2,2,2,2,2,2,2,2,3,1,2,2,1,2,2,2,2,3,2,3,3,2,2,2,2,2,2,2,2,2,2,1,2,2,3,2,3,3,2,2,2,2,1,2,2,2,2,2,0,3,2,3,2,2,2,2,2,3,2,2,2,2,2,2,2,2,2,3,2,3,2,2,2,3,2,3,2,3,2,2,2,2,2,0,2,2,2,2,3,2,3,2,2,1,3,3,2,2,2,1,2,3,2,2,3,2,2,2,3,2,3,2,3,2,3,2,2,2,1,2,2,2,1,2,3,2,2,2,2,2,2,1,2,2,2,2,2,2,3,2,3,3,3,3,3,2,3,3,2,2,2,3,3,2,3,2,3,2,3,3,2,2,3,3,2,2,2,2,0,2,2,1,2,3,3,4,3,2,2,2,2,2,2,2,2,2,2,2,2,2,1,2,2,2,1,2,3,2,2,3,2,0,2,2,2,2,2,2,2,,2,3,2,2,0,2,3,2,2,2,2,3,2,,2,2,2,2,2,2,2,2,3,1,2,3,3,3,2,3,2,2,2,2,2,2,2,2,2,2,2,3,2,2,2,2,2,3,1,2,2,2,2,2,1,2,1,3,2,2,2,2,2,2,3,2,2,2,2,3,2,2,3,3,,1,2,2,2,2,2,2,2,1,3,3,2,2,3,3,2,2,3,2,2,3,2,2,2,2,2,2,2,2,3,2,3,2,3,2,2,,2,2,2,2,2,3,2,2,2,1,2,2,3,3,2,2,,3,2,2,,3,3,2,2,3,2,2,2,3,2,2,,3,2,2,2,3,2,2,,3,4,0.0,2,2,3,3,2,2,2,3,2,3,3,3,3,3,3,,2,3,2,,2,3,3,3,3,3,,2,,2,3,3,2,2,2,3,2,3,3,2,1,,2,3,1,3,3,,,2,2,2,2,2,2,2,5.0,3,2,2,,2,3,3,3,3,,2,3,3,2,3,2,,3,2,3,2,3,3,3,3,2,2,2,,2,,3,3,1,1,3,3,3,3,2,3,,2,3,2,1,3,3,3,3,3,2,3,2,0,2,3,3,3,2,,2,3,2,3,3,3,3,2,2,3,,3,2,3,2,,1,3,3,3,3,,,,3,0,3,2,2,2,,3,,,,3,2,3,3,,4,3,2,,3,3,,,2,,3,3.0,3,4,,3,3,3,3,3,3,2,2,2,3,2,2,3,2,2,3,3,3,3,3,2,3,2,3,2,2,,4,2,,2,3,,,2,2,,3,4,,3,3,2,3,3,4,3,2,,3,3,2,3,3,3,3.0,2,2,2,3,,2,3,,,,,2,3,3,3,3,3,,3,3,3,,,2,3,,2,,3,2,5.0,3,2,3,5.0,3,,3,2,3,,3,2,,3,,2,,,3,,3,2,3,3,3,,3,2,2,3,5.0,,3,3,3,3,2,3,4,3,3,3,3,,3,3,0,2,3,3,3,3,3,,3,3,,3,,5.0,3,,3,,2,2,2,3,3,2,3,2,2,3,,,,4,2,3,,3,2,3,3,3,2,3,,3,,2,3,3,3,3,2,,2,3,,3,2,3,3,2,3,5.0,3.0,,,,3,,,3,2,,,,180,2,0.021788990825688075
2,2,1,2,2,1,1,1,1,1,2,1,2,2,2,2,2,1,2,1,2,2,3,1,1,1,1,2,1,2,1,2,1,2,0,2,2,2,2,2,2,0,2,2,2,2,2,2,2,2,1,1,2,2,2,2,2,2,1,2,2,1,2,1,2,2,2,2,2,2,2,2,3,2,2,2,2,2,2,2,2,2,2,1,1,2,1,1,2,2,2,2,2,1,2,2,2,2,3,2,2,3,2,2,2,1,2,2,2,3,2,3,2,2,2,2,2,2,2,2,2,1,3,2,2,2,2,2,2,1,2,2,2,1,2,2,2,2,2,2,2,1,2,2,2,2,2,2,2,2,2,2,2,2,2,2,2,1,2,2,1,2,2,2,2,1,1,2,2,2,2,2,2,2,2,2,2,2,2,2,2,2,2,2,2,3,2,2,2,2,2,2,2,2,2,2,2,2,2,1,2,2,2,2,1,2,2,2,2,2,2,2,2,1,2,2,3,2,2,2,2,2,2,2,2,2,2,3,2,2,2,2,1,2,2,2,2,2,2,3,2,2,2,2,2,2,2,2,2,1,2,2,1,2,2,2,2,3,2,2,3,2,2,2,2,0,1,2,2,2,2,2,2,2,3,2,3,3,2,2,2,2,1,2,2,2,2,3,2,3,2,2,2,2,2,2,2,2,3,3,2,2,2,2,2,1,2,2,2,2,2,2,2,3,2,3,2,2,2,3,2,2,2,2,2,2,2,2,3,2,3,2,2,1,3,3,2,2,2,2,2,3,2,2,3,2,2,2,3,2,2,2,2,2,3,2,2,2,1,1,2,2,2,2,3,2,2,2,2,2,2,2,2,2,2,2,1,2,2,2,2,2,3,3,2,2,2,2,2,2,2,0,2,2,2,2,2,2,3,0,2,2,3,2,2,2,2,1,1,2,3,2,2,2,3,4,3,2,2,2,2,2,2,2,2,2,2,2,3,2,2,2,2,2,1,2,3,2,2,3,1,2,2,2,2,2,2,2,2,,2,2,2,2,2,2,3,2,2,2,2,3,2,,2,2,1,2,2,3,3,2,3,2,2,3,3,3,2,3,2,2,2,2,2,2,2,2,2,2,2,3,2,1,2,2,2,3,1,2,1,2,2,2,2,2,2,3,2,2,2,2,3,2,3,2,0,2,2,2,2,2,3,3,4.0,0,2,2,2,1,2,2,2,1,3,3,2,2,2,2,2,2,2,2,2,2,2,2,2,2,2,2,2,2,3,2,3,2,2,2,2,,2,2,2,2,2,3,2,2,2,2,2,2,3,3,2,2,,3,2,2,,3,2,2,2,2,2,2,2,3,2,2,,3,2,2,2,2,2,2,,3,4,,2,2,2,3,2,2,3,3,2,3,3,3,3,3,2,,2,3,2,,2,3,3,3,3,3,,2,,3,3,3,3,2,2,2,2,3,3,2,2,4.0,2,3,0,3,3,,,2,2,2,2,2,2,2,5.0,3,2,2,,1,3,2,3,3,,2,3,3,2,3,2,,3,2,3,2,2,2,3,3,2,2,2,,3,,3,3,1,3,3,3,3,3,2,3,,3,2,2,2,2,3,3,3,3,2,2,3,2,2,3,3,3,2,,2,3,2,3,3,3,3,2,2,2,,2,2,2,2,,2,3,3,3,3,,,,3,2,3,3,3,3,,3,3.0,,,1,2,3,3,,3,3,3,,3,2,,,2,,3,,3,4,,3,3,2,3,2,3,2,2,3,3,3,2,3,2,2,2,3,2,3,3,2,3,1,3,2,2,,4,2,,2,3,,,2,2,,2,3,,3,3,2,3,3,4,2,2,,2,3,2,3,3,3,,2,3,1,2,,2,3,,,,,2,3,3,3,3,3,,2,3,3,3.0,,2,3,,0,3.0,2,2,,3,2,3,,3,0.0,3,2,3,,3,2,,3,,2,,,3,,3,2,3,2,2,,3,3,2,2,,,2,2,3,3,2,2,4,3,3,3,3,,3,3,3,2,3,3,3,2,3,4.0,3,3,,3,,,3,,3,,2,2,2,3,2,2,3,2,2,3,,,,4,2,2,,3,2,4,3,2,2,3,,2,,3,3,3,3,3,3,,3,3,,3,3,2,3,2,3,2.0,,,,,3,,,2,2,,,,181,2,0.018306636155606407
2,2,1,2,1,1,0,2,2,2,2,2,2,2,2,1,2,1,2,2,2,1,3,2,2,2,2,2,2,1,0,1,2,2,2,2,2,2,2,2,2,2,2,2,1,1,2,2,2,2,2,2,2,2,2,2,2,2,1,2,2,2,1,1,1,1,0,2,2,2,2,2,2,2,2,2,2,2,2,1,2,1,1,1,1,2,2,2,2,2,1,2,2,2,2,2,1,2,2,2,2,2,2,2,2,1,1,1,2,2,2,2,2,2,2,2,2,2,2,2,2,1,3,2,2,2,2,2,1,1,2,2,2,1,2,2,1,2,2,1,1,1,2,2,2,2,2,2,2,2,2,2,2,2,2,2,2,2,2,2,1,2,0,2,2,2,2,2,2,1,2,2,2,2,2,2,2,2,2,2,2,1,2,2,1,2,2,2,2,2,2,2,2,2,2,1,2,2,2,2,2,2,2,2,2,2,2,2,2,2,2,1,1,2,2,2,2,2,2,2,2,2,2,2,2,2,2,3,2,2,2,2,1,2,1,2,1,1,2,2,2,2,2,2,2,2,2,3,2,2,2,2,1,2,2,2,1,3,2,2,2,2,2,2,2,2,2,3,2,0,2,2,1,2,2,2,2,2,2,2,2,2,2,2,2,2,1,0,1,3,2,2,2,2,2,2,2,3,2,1,2,2,2,2,2,2,2,2,2,2,2,2,2,2,2,3,2,2,2,2,2,2,2,1,2,2,2,2,2,2,2,2,2,1,2,2,2,1,2,2,2,2,2,2,3,2,2,2,3,2,3,2,2,2,2,2,2,2,0,2,2,2,2,2,2,2,2,2,2,2,2,2,2,2,2,1,2,2,2,2,2,2,3,3,2,2,2,3,2,1,2,3,3,2,2,2,3,2,3,2,2,2,2,2,1,2,2,2,2,2,2,2,1,2,3,4,3,1,1,2,1,2,2,2,1,2,2,2,2,1,2,2,2,2,1,2,3,2,1,3,2,2,2,2,2,2,2,2,2,,2,2,2,2,2,2,3,2,2,2,2,2,2,,2,2,1,2,2,2,2,2,3,1,1,3,2,2,2,3,2,2,2,2,2,2,2,2,2,2,2,3,2,2,2,2,2,2,2,1,2,2,2,2,2,2,2,3,2,2,2,2,2,1,1,2,2,2,2,2,2,2,3,3,,2,2,2,2,2,3,2,2,2,3,3,2,2,3,2,2,2,2,2,2,2,1,2,2,1,2,2,2,3,2,2,3,2,3,3,1,,1,2,2,3,2,3,2,2,3,2,2,2,0,3,2,2,,2,2,2,,3,2,2,2,2,2,2,2,2,2,2,,3,2,2,2,2,2,2,,2,4,,2,2,2,2,1,2,3,3,2,3,2,2,2,3,3,,2,2,2,,2,2,3,3,3,3,,2,,3,2,2,2,2,2,1,1,3,3,2,2,,2,2,1,2,3,,,2,2,2,2,2,2,2,,2,2,2,,3,3,3,2,2,,2,3,2,2,3,2,,3,2,3,2,2,2,3,3,2,2,2,,3,,2,3,2,2,3,2,3,3,2,2,,2,2,2,3,2,3,3,3,2,2,2,2,2,2,2,2,2,2,,2,3,2,3,3,3,3,2,2,2,0.0,2,2,3,2,,2,3,2,3,2,,,3.0,2,2,3,2,2,2,,2,5.0,,,2,3,2,2,,3,3,2,,3,2,,,2,,3,,3,3,,3,3,2,2,3,2,2,2,2,3,2,2,2,2,2,2,3,2,2,3,2,2,1,3,3,2,,3,2,,2,3,,,2,2,,2,3,,3,3,2,3,2,4,3,2,,2,3,2,3,3,3,,2,2,2,3,5.0,1,2,,,4.0,4.0,2,2,3,3,3,3,,2,3,3,4.0,,2,3,,2,,3,3,,2,2,3,,3,,3,2,3,,2,2,,3,,2,,,3,,3,2,3,2,2,,3,2,2,2,,,2,2,3,3,2,2,3,2,2,2,2,,2,2,2,2,2,3,0,1,2,,3,3,,3,,,3,,3,,2,2,2,3,3,2,2,3,3,3,,,,4,2,3,,3,3,2,3,2,2,3,,2,,2,3,3,3,2,2,,3,2,,3,2,3,3,2,2,,,,,,3,,,3,2,,,,182,2,0.01951779563719862
2,2,2,2,2,2,1,3,2,3,2,2,3,2,2,3,2,2,2,2,2,2,3,2,3,2,3,2,2,2,2,2,3,3,3,2,2,3,3,3,2,2,2,3,2,2,2,2,3,3,3,2,3,2,2,2,2,2,2,2,3,3,2,2,2,2,2,3,2,2,3,3,3,2,2,3,3,2,2,2,2,2,2,2,2,2,2,2,2,2,2,2,2,1,3,2,2,3,3,3,2,3,2,2,3,2,1,1,2,3,3,3,3,2,2,2,2,2,3,3,2,2,3,2,2,3,2,2,2,1,2,2,2,2,2,2,2,2,3,2,2,2,1,2,3,2,2,2,3,2,2,3,2,2,2,2,2,3,2,2,1,2,2,2,2,2,2,3,2,2,2,2,2,2,2,3,2,2,3,2,2,2,3,2,2,3,3,2,2,2,2,2,2,2,2,2,3,2,3,3,2,2,3,2,2,2,2,2,2,2,2,2,2,3,2,1,2,2,1,3,2,2,2,2,2,2,2,3,2,3,2,3,2,2,2,3,2,2,3,3,3,3,2,2,3,3,3,3,2,2,3,3,2,2,2,2,2,3,2,2,2,2,2,2,3,3,3,3,2,2,2,1,2,3,3,2,3,3,2,2,2,2,2,2,2,2,2,2,3,3,2,2,2,3,2,2,2,2,2,2,2,2,3,2,2,2,2,3,2,2,2,2,2,2,2,3,2,3,2,2,3,3,3,2,3,3,2,2,3,2,3,2,3,2,3,3,2,2,2,2,2,2,2,2,3,3,2,2,3,2,3,2,3,2,3,2,2,2,2,3,3,2,2,2,3,2,2,2,3,3,3,2,2,2,3,2,2,2,3,2,3,3,3,3,3,3,3,3,3,2,3,3,3,2,3,2,3,2,3,2,2,2,3,3,2,2,3,3,2,2,2,1,2,2,4,4,3,2,0,2,2,3,3,2,2,3,2,2,2,2,2,3,3,3,2,3,3,3,2,3,2,2,3,3,3,3,3,3,2,,2,3,3,2,2,2,3,3,2,1,2,3,2,,2,3,2,2,2,3,3,3,3,2,2,3,3,3,2,3,2,2,0,2,2,3,2,3,3,2,2,3,2,2,2,2,2,3,2,3,3,3,3,3,3,3,2,3,1,2,3,2,3,2,3,2,2,0,2,2,2,2,3,3,,3,2,3,2,3,3,2,3,2,3,2,3,2,2,3,3,2,3,2,2,3,2,3,2,2,2,1,2,2,1,3,3,2,3,2,2,,2,2,3,3,3,3,2,3,3,2,3,3,3,3,2,3,,3,3,2,,3,3,3,3,3,0,3,2,3,2,3,,3,2,3,3,3,2,3,,3,4,,2,3,3,2,2,3,3,3,2,3,3,3,3,3,3,4.0,3,3,3,,3,3,3,4,3,3,,3,,3,3,3,3,2,2,3,3,3,3,3,3,,3,3,3,3,3,3.0,,3,3,2,3,2,3,2,,3,2,3,,3,3,4,3,2,4.0,3,3,3,2,3,3,,4,2,4,3,3,2,3,3,2,3,3,,3,,3,3,3,3,3,2,3,3,2,3,,0,3,3,3,3,3,0,3,3,2,3,3,3,2,2,3,3,2,,2,3,3,3,3,3,3,1,2,3,,3,3,3,3,,2,4,3,3,4,,3.0,,3,3,3,3,3,3,,3,,3.0,,3,1,3,3,,4,3,3,0.0,3,3,,0.0,2,,3,,3,4,,3,3,3,3,3,3,3,3,3,3,3,2,3,3,2,2,3,3,3,3,3,3,2,3,3,3,,3,2,,2,3,,,3,3,,3,4,3.0,3,3,3,3,3,4,3,3,,3,3,3,4,3,3,,3,3,2,3,,2,3,,,,4.0,3,2,3,4,3,3,,3,4,3,,,3,3,,2,0.0,0,3,,3,3,3,,3,,4,3,3,,3,2,,3,4.0,2,,,3,,3,2,3,3,3,,3,3,3,3,,,3,3,3,4,3,3,3,3,3,3,3,,3,3,3,2,3,3,3,3,3,4.0,4,3,,4,,,3,,3,,2,3,3,3,3,3,3,3,3,3,,,,4,2,3,,3,3,3,3,3,2,4,,3,,3,3,3,3,3,3,,3,3,,3,3,4,3,3,3,,,,5.0,,4,3.0,,3,3,,,,183,2,0.027554535017221583
2,2,1,1,1,1,1,0,0,2,2,1,1,2,2,2,2,2,2,1,2,2,2,2,2,2,3,2,2,2,2,2,3,3,2,2,2,3,2,3,3,1,2,2,1,2,2,2,2,2,3,2,2,2,2,2,1,1,1,1,2,2,1,1,1,2,2,2,2,2,2,3,3,2,2,3,2,2,2,2,2,1,2,2,2,2,1,2,2,1,2,2,2,2,2,2,2,2,2,2,2,3,2,2,2,1,2,2,2,2,3,3,3,2,2,2,2,2,2,3,3,2,3,2,2,2,2,2,2,2,2,2,2,2,2,2,2,1,1,2,2,1,2,2,2,2,2,2,2,2,2,2,2,2,2,2,3,2,2,2,1,1,1,2,1,2,2,2,2,2,2,2,2,2,2,2,3,2,3,2,2,2,2,2,2,3,2,2,2,2,2,2,1,1,1,2,2,2,2,2,2,2,2,2,2,2,2,2,2,2,2,1,1,1,2,1,2,2,2,3,2,2,2,2,2,2,2,3,3,2,2,2,2,2,2,2,2,2,2,2,2,2,2,2,2,2,2,1,2,2,3,2,1,2,2,2,2,3,2,2,2,2,2,2,2,1,2,2,2,2,2,1,2,2,1,2,3,3,2,2,2,1,2,2,2,1,1,2,2,3,2,2,2,2,3,2,2,2,2,2,2,2,2,2,2,1,2,3,2,2,2,2,2,3,2,3,2,3,2,3,2,2,2,2,2,2,2,2,3,2,3,2,2,2,0,2,2,2,2,3,2,3,2,2,3,3,2,2,3,2,3,2,2,2,3,2,2,2,1,2,1,2,1,2,2,2,2,2,2,2,3,2,2,2,2,2,2,2,3,2,3,3,3,3,3,3,3,3,2,2,3,3,3,2,3,2,3,2,3,3,2,2,2,2,2,2,2,2,0,2,2,1,0,3,3,4,3,2,2,2,1,2,2,2,2,2,2,2,2,2,1,2,3,2,1,3,3,2,2,3,2,2,3,2,2,2,2,2,2,,2,2,1,2,2,2,3,2,2,2,2,3,2,5.0,2,2,1,2,2,2,2,2,3,1,2,3,3,3,2,3,2,2,2,2,2,3,2,2,2,2,2,3,2,2,2,2,2,3,1,1,2,2,1,2,1,2,2,3,2,2,1,2,2,2,3,2,2,2,2,3,1,2,3,3,,1,2,2,2,1,2,2,2,2,3,3,2,2,3,3,2,2,3,2,2,3,2,3,2,0,2,2,1,3,2,2,3,2,2,3,2,,2,2,2,2,1,3,2,1,1,2,2,1,3,3,2,3,,2,2,1,,3,3,1,1,3,2,3,2,1,2,3,0.0,3,2,3,2,3,2,2,,2,4,,2,2,3,2,2,2,3,3,2,3,3,3,2,3,2,,3,3,1,,2,3,3,3,3,3,,2,,3,2,3,3,2,2,3,2,3,2,2,2,,2,3,2,3,3,,,1,2,2,3,2,2,2,,2,2,1,,2,3,3,2,2,,2,3,2,1,3,3,,3,2,3,3,3,2,3,3,2,2,2,,3,,3,3,2,2,3,2,3,3,2,3,,2,2,3,2,3,3,3,3,3,2,3,2,2,2,2,3,2,2,,2,2,2,3,3,3,3,2,2,2,,2,3,3,2,,2,3,3,3,3,,,,3,2,3,2,3,3,,2,,2.0,,2,2,2,2,,3,3,3,,3,2,5.0,,3,,3,,3,3,,3,3,1,3,2,3,2,2,2,2,2,2,2,3,2,3,3,2,3,3,2,3,1,3,2,1,,3,1,,2,3,,,1,2,,3,4,,3,3,2,3,3,4,3,1,,3,3,2,3,3,3,,2,2,1,3,,1,3,,,,,2,3,3,3,3,3,,3,3,3,,,2,3,,2,,3,3,1.0,3,2,0,,3,,3,2,2,,3,2,,3,,2,,,3,,3,3,3,0,3,,3,2,2,2,,,2,2,3,4,2,1,3,2,3,3,3,,2,3,3,2,2,3,3,3,2,,3,3,,4,0.0,,3,,3,,2,2,2,3,3,3,3,2,2,3,,,,3,2,3,,3,2,3,3,3,1,3,,3,4.0,3,3,3,3,2,3,,3,3,,3,3,3,3,2,2,,,,,,3,,,3,2,,,,184,2,0.02186421173762946
3,2,2,2,2,2,2,3,3,3,2,2,2,2,2,2,2,2,2,2,2,2,0,2,2,2,2,1,2,2,2,2,2,2,2,1,2,2,1,1,1,2,2,3,2,2,2,1,2,3,3,2,3,2,2,2,2,2,2,2,2,2,2,2,2,2,2,2,2,2,3,3,3,2,2,2,2,2,2,2,2,2,1,2,2,2,2,2,2,2,2,2,1,2,2,2,1,2,3,2,2,3,3,3,2,2,2,2,1,3,2,0,2,1,2,1,0,2,2,2,3,1,3,2,2,3,3,2,2,2,2,2,2,2,3,1,2,2,2,2,2,2,2,2,2,2,2,2,2,2,2,1,2,2,2,2,3,3,2,2,1,2,2,2,2,2,2,2,2,2,2,1,2,2,2,3,2,2,3,2,2,2,3,1,2,3,2,2,2,2,2,2,3,3,2,2,3,2,2,2,2,2,3,2,2,3,2,2,2,2,2,2,2,2,2,2,2,2,2,2,2,2,2,2,3,2,2,2,2,2,2,2,2,2,2,2,2,3,3,3,3,3,2,3,3,1,3,3,3,2,2,1,2,2,2,2,2,3,1,2,2,2,2,2,2,3,3,3,2,2,2,2,2,2,3,2,3,2,2,2,1,2,2,2,2,2,2,2,2,3,2,2,2,3,2,2,2,3,2,2,2,2,2,2,2,2,2,3,2,3,2,2,2,3,2,3,2,3,2,3,2,2,2,2,3,2,2,2,2,2,3,3,3,2,2,2,2,2,2,1,2,3,2,2,3,2,3,2,3,3,2,2,3,2,3,2,2,2,3,3,3,1,2,2,3,2,2,2,2,2,0,2,2,2,3,2,2,2,3,3,2,3,3,3,3,2,3,3,2,2,3,3,3,2,3,2,3,3,3,3,2,2,2,3,2,2,2,2,2,2,2,2,2,2,2,3,3,1,2,2,1,2,2,2,2,2,2,2,2,2,2,2,3,2,1,2,3,2,2,2,2,2,2,1,2,2,2,1,2,,2,3,2,2,2,1,3,2,2,2,2,2,2,,1,3,2,2,2,2,2,2,3,1,2,3,2,2,2,3,2,2,2,2,2,2,2,3,3,2,2,3,2,2,1,2,3,3,2,3,3,3,3,3,2,3,2,3,2,0,3,3,3,1,3,2,3,3,2,3,2,3,3,2,,3,2,2,3,2,2,2,3,1,3,3,3,3,3,2,2,2,3,2,2,2,2,2,2,2,2,2,2,3,3,3,2,3,3,2,2,,2,2,2,3,3,3,2,3,3,3,2,3,3,3,2,3,,2,2,2,,3,3,3,3,2,2,2,2,2,2,2,,3,3,3,3,3,2,2,,3,4,,2,3,3,2,1,2,3,3,2,3,3,3,3,3,3,,3,3,3,,2,3,3,3,3,4,,3,,3,3,3,3,2,2,3,3,3,3,2,3,,2,2,2,2,3,,,2,3,2,3,3,2,2,,3,3,3,,3,2,3,2,3,,2,3,3,2,2,3,,3,2,3,2,3,3,3,3,3,3,3,,3,,3,3,3,3,3,3,3,3,2,3,5.0,3,3,3,3,2,2,3,3,1,2,3,2,3,2,3,3,3,3,,3,3,3,3,3,4,3,2,2,3,,3,2,2,3,,2,4,3,3,3,,,,3,3,4,2,3,3,,3,,,,3,3,3,3,,4,3,2,,3,3,,,3,,3,,3,3,,3,3,2,3,3,3,3,3,3,3,3,3,3,3,2,2,3,3,2,3,2,3,2,3,0,3,,4,3,,2,3,,,3,3,,3,3,,3,3,3,3,3,4,3,3,,2,3,3,3,3,3,3.0,2,3,2,3,,2,2,,,,,3,3,3,3,3,3,,3,3,3,,,2,2,4.0,3,,2,2,,3,3,3,,3,,4,3,0,,3,2,,3,,2,,,3,,3,2,3,3,2,,3,3,3,2,3.0,,2,2,2,3,3,2,4,3,2,3,3,,3,3,3,2,0,3,3,3,3,0.0,3,3,,3,,,3,,3,,3,2,3,3,2,3,3,2,3,3,,,,4,2,3,,3,3,3,3,3,2,4,,3,,2,3,2,3,3,2,,3,3,,3,2,3,3,3,3,,,,0.0,,3,,,3,3,,,,185,2,0.018369690011481057
2,2,2,1,1,1,2,2,2,3,2,2,2,1,1,2,1,1,2,2,2,1,2,2,2,2,2,2,1,2,2,2,2,2,2,2,2,2,2,2,2,2,2,3,2,2,1,2,2,2,2,1,2,2,2,2,2,2,1,2,2,2,1,1,2,1,2,2,2,1,2,2,2,2,2,3,2,2,2,2,2,1,1,1,2,0,1,1,2,2,2,2,2,2,2,2,2,2,2,2,2,2,2,2,2,1,1,1,2,2,3,3,3,2,1,1,2,2,2,2,2,1,2,2,1,1,2,2,1,1,2,1,1,2,2,2,2,1,2,2,2,2,1,2,2,2,2,2,2,2,2,2,2,1,2,2,2,2,2,2,1,2,1,2,2,2,2,2,2,1,1,2,2,2,1,2,2,2,2,2,2,2,2,2,2,2,2,2,2,1,0,2,2,2,2,2,2,2,2,2,2,2,3,2,2,2,2,2,2,1,1,1,1,2,2,2,2,2,2,2,2,1,1,2,2,2,1,2,2,2,2,2,2,2,2,2,2,2,2,2,2,2,2,2,2,2,3,3,2,1,2,2,2,2,1,1,1,2,2,2,2,2,2,1,2,3,2,3,2,2,2,1,2,2,2,2,2,2,2,2,2,2,1,0,2,1,2,2,1,2,2,2,2,2,2,2,1,2,2,2,1,2,2,1,2,2,2,2,2,2,2,2,2,2,1,2,2,2,1,2,2,2,2,2,2,2,2,2,2,1,2,3,3,1,2,2,2,2,2,2,2,2,2,2,3,2,2,2,3,2,2,1,2,2,2,1,2,2,2,3,2,2,2,1,2,1,1,2,2,2,1,0,2,2,3,2,2,2,2,1,2,2,2,3,2,2,2,2,2,2,2,2,2,1,2,2,2,2,3,2,2,2,2,2,2,1,2,2,2,1,2,1,2,2,2,3,0,2,2,2,1,2,2,2,1,0,1,2,2,2,2,2,2,2,1,2,3,2,2,3,2,2,2,1,2,2,2,2,2,,2,3,2,2,2,0,3,2,2,2,2,2,2,,2,2,2,2,2,2,2,2,2,1,2,3,2,2,2,3,2,2,2,2,2,2,2,3,3,2,2,2,2,1,1,1,2,2,2,2,3,3,3,3,2,2,2,2,2,1,2,2,2,2,2,2,2,2,1,2,2,2,3,2,,2,2,2,2,2,2,2,2,1,3,3,2,2,3,2,2,2,2,2,2,2,2,2,1,1,2,2,2,3,2,2,3,2,3,2,2,,2,2,2,3,3,2,2,2,3,2,2,2,2,3,2,2,,2,2,2,,3,2,2,2,2,2,2,2,2,2,2,,2,2,3,2,2,2,2,,2,4,,2,3,2,2,2,2,3,3,2,3,3,2,2,3,2,,2,2,2,,2,3,3,3,3,3,,2,,3,2,2,1,1,2,2,2,3,2,2,3,3.0,2,2,2,2,3,,,2,2,2,2,2,2,2,,2,2,2,,3,3,3,2,2,4.0,2,3,2,2,2,2,,3,2,3,2,2,2,2,3,2,3,3,,2,,2,2,3,2,3,2,2,2,2,2,,2,2,2,3,3,3,3,3,2,1,3,2,3,2,3,2,3,2,,2,2,2,3,3,3,2,2,2,2,3.0,2,2,2,2,,2,3,1,3,3,,,,2,2,3,2,2,2,,2,,,,2,2,2,2,,3,3,2,,2,2,,,2,,2,,3,3,,2,3,2,2,3,2,2,3,3,3,2,2,2,2,2,2,3,2,2,3,2,3,1,3,2,3,,4,2,,1,3,,,2,2,,2,3,,3,3,2,3,3,3,3,2,,2,3,3,3,3,3,,2,2,2,3,,2,1,,,,,2,3,3,3,3,2,,2,3,2,,,2,3,,2,,3,3,3.0,2,2,3,,2,,3,2,3,,2,2,,3,,2,,,3,,3,2,3,2,2,,0,3,3,2,,,2,2,2,3,2,2,4,2,2,3,3,,3,3,2,1,3,3,3,2,2,,3,3,,3,,,3,0.0,3,,2,2,3,2,3,2,2,3,3,2,,,3.0,3,2,3,,2,3,3,3,2,1,0,,2,,2,3,2,2,2,1,,2,2,,3,2,3,3,2,3,,,,,,3,,,3,2,,,,186,2,0.017201834862385322
2,2,2,2,2,1,2,2,2,3,2,2,2,1,2,2,2,1,2,2,2,2,2,1,2,2,1,1,2,2,1,2,2,2,2,2,2,2,2,2,2,2,2,3,2,2,2,2,2,2,2,2,2,2,2,2,2,2,2,2,2,2,1,2,2,2,2,2,2,2,2,2,3,2,2,2,3,2,2,2,2,2,1,1,1,2,2,1,2,2,2,2,2,1,2,2,2,2,2,2,2,2,3,2,2,1,1,1,2,2,2,3,3,2,2,1,2,2,2,3,2,1,3,2,2,2,2,2,2,1,2,2,2,2,2,2,2,2,2,2,2,2,2,2,2,1,2,0,2,2,2,2,2,2,1,1,2,2,1,1,1,2,2,2,2,2,2,2,2,2,2,2,2,1,2,3,2,1,2,2,2,2,2,1,2,3,2,2,2,2,2,2,3,2,2,2,3,2,2,2,2,2,3,2,2,2,2,2,2,1,1,2,1,2,2,2,2,2,2,2,2,2,2,2,2,2,2,2,2,2,2,2,2,1,1,2,2,0,1,2,1,2,2,1,2,2,2,3,2,1,2,2,1,1,2,1,1,2,2,2,2,2,2,2,2,2,2,3,2,1,2,2,2,2,2,2,3,2,2,2,2,2,2,2,2,2,2,2,2,3,2,2,2,3,2,2,2,2,2,2,2,1,2,2,2,2,2,2,2,2,2,2,2,3,2,2,2,2,2,2,2,2,2,2,2,2,2,2,3,2,3,2,3,2,3,2,2,2,2,2,2,3,2,2,2,2,2,2,3,2,2,2,2,2,3,2,2,2,2,2,2,2,2,2,3,2,2,1,2,2,2,2,2,2,2,2,2,1,2,2,2,2,3,3,2,2,2,2,2,2,2,3,3,2,2,2,3,2,3,2,2,2,3,2,2,2,2,2,2,2,2,2,2,0,3,4,3,2,2,2,2,2,1,2,1,2,2,2,2,2,2,2,2,2,2,2,3,2,2,3,1,2,2,2,2,2,2,2,2,,2,3,2,2,2,2,3,2,2,2,1,2,1,,2,2,2,2,2,3,2,2,3,1,2,3,3,3,2,3,2,2,2,2,2,3,2,2,3,2,2,3,2,1,2,2,2,2,2,2,3,3,3,3,2,2,2,2,2,2,3,2,2,1,3,2,3,3,2,2,2,2,3,3,,2,1,2,3,2,2,2,2,1,2,2,2,2,3,3,2,2,2,2,2,0,0,3,2,2,2,2,2,3,3,2,3,2,0,3,2,,2,2,2,3,3,3,2,2,3,2,2,2,3,3,2,2,,2,2,2,,3,2,2,2,2,2,2,2,2,2,2,,3,2,3,2,2,2,2,,3,4,,2,3,3,2,2,2,3,3,1,3,3,3,3,3,2,,2,2,3,,2,3,2,3,2,3,,3,,0,2,2,3,2,2,2,2,3,3,2,2,,2,3,2,2,2,4.0,,2,2,2,2,2,2,2,,2,2,2,,3,3,3,3,2,,2,3,3,2,3,3,,3,2,3,2,2,2,3,3,3,3,3,,2,,2,3,2,2,3,3,3,3,2,3,,2,3,3,3,2,3,2,3,3,2,2,2,3,2,3,2,3,2,,2,2,2,3,3,4,3,2,0,3,,3,2,3,2,,2,3,2,0,3,,,,2,2,3,2,3,2,,2,,,,2,3,3,3,,3,2,2,,1,3,,,2,,3,,3,3,,3,3,3,2,3,2,2,3,3,3,3,2,2,2,2,2,3,2,3,3,2,3,2,3,2,2,,3,2,,2,3,,,2,2,,2,4,,3,3,2,3,3,4,3,2,,3,3,2,3,3,3,,2,2,1,2,,1,3,,,,,3,3,3,3,3,3,,2,3,3,,,2,2,,2,,3,2,,3,3,3,4.0,3,,3,2,3,4.0,3,2,,3,,2,5.0,,3,,3,2,3,3,2,,3,3,2,2,,5.0,3,3,3,3,3,2,3,2,3,1,1,,3,2,0,1,3,3,3,2,3,,3,3,,3,,,3,,3,,2,2,3,3,2,2,3,2,3,3,3.0,,,4,1,3,,3,3,3,3,2,2,3,3.0,3,,3,3,3,3,2,3,,3,3,,3,3,3,3,2,3,,,,,,3,,,3,3,,,,187,2,0.016018306636155607
2,2,1,1,1,1,0,2,2,2,2,2,2,1,2,2,2,2,2,2,2,1,2,2,2,2,2,2,2,2,2,2,2,2,2,2,2,2,2,2,2,2,2,3,2,2,2,2,2,3,3,1,2,2,2,2,2,2,2,2,2,2,1,1,1,1,2,2,2,2,2,2,3,2,2,3,2,2,2,2,2,2,2,2,2,1,1,2,2,2,2,2,2,2,2,1,1,2,2,2,2,2,2,2,3,2,2,2,2,2,3,3,3,1,1,2,2,2,2,2,2,1,2,2,2,2,2,2,1,2,2,2,2,2,2,2,2,1,2,2,1,1,2,2,2,2,2,2,2,2,2,2,2,2,2,2,2,2,2,2,1,2,2,2,2,2,2,2,2,2,2,2,2,2,2,2,2,2,2,2,2,2,3,1,2,3,2,2,2,2,2,2,2,2,2,2,2,0,2,2,2,2,3,2,2,2,1,2,2,2,2,1,2,2,2,2,2,2,2,3,2,2,2,2,2,2,2,2,1,2,2,2,2,2,2,2,2,2,2,2,2,2,2,2,2,0,2,2,3,2,2,2,1,2,2,2,2,2,2,2,3,2,2,2,2,2,2,3,2,2,2,2,0,2,2,2,2,2,2,2,2,2,2,2,1,2,2,2,2,3,1,2,2,2,2,2,2,2,2,2,2,1,2,2,2,2,2,2,1,2,2,2,2,3,2,3,1,3,2,3,2,2,2,2,2,2,2,2,3,2,3,3,2,1,2,2,2,1,2,2,2,3,2,2,3,2,2,3,3,2,3,2,2,2,2,2,2,2,2,2,2,2,1,2,2,1,2,2,2,2,2,2,2,2,2,2,2,2,3,2,2,3,3,3,3,3,3,3,2,2,2,3,3,2,2,2,3,2,3,2,2,2,2,3,2,1,2,2,2,1,2,1,2,2,3,4,3,1,2,2,1,2,2,2,2,2,1,2,1,1,0,2,3,2,1,2,3,2,2,3,2,2,2,2,2,2,2,2,2,,2,2,2,2,2,2,2,2,2,2,2,2,1,4.0,2,2,2,2,2,2,2,2,3,2,2,3,3,3,2,3,2,2,2,2,2,2,1,3,2,1,2,3,2,2,2,2,2,2,1,2,2,2,2,2,2,3,1,0,2,2,2,2,3,1,3,2,2,2,1,0,2,2,3,3,,2,2,2,2,2,3,2,2,2,3,3,2,2,3,3,2,2,3,2,2,2,1,2,2,2,2,2,2,3,3,2,3,2,3,2,2,,2,1,2,3,3,3,2,2,3,2,2,2,3,3,2,2,,2,2,2,,2,3,2,2,2,2,2,2,2,2,3,,3,2,3,2,3,2,2,,2,4,,2,2,2,2,2,2,3,3,2,3,2,3,2,2,2,,3,2,2,,2,3,3,3,3,3,,2,,3,3,3,2,2,2,3,2,3,2,2,3,,0,2,2,2,3,,,2,2,2,2,1,2,2,,2,2,2,,2,2,3,3,2,,2,3,2,2,2,3,,3,2,3,3,3,2,3,3,2,2,3,,3,,2,2,2,2,3,2,3,3,2,3,,2,2,2,2,3,3,3,3,2,2,3,2,3,2,2,2,3,2,,2,3,2,3,3,3,3,2,2,2,5.0,2,2,3,2,,2,3,2,3,3,,,,3,2,3,2,3,3,,2,,,,2,2,2,3,,3,3,3,0.0,2,2,,,3,,3,2.0,2,3,2.0,2,3,3,3,3,3,2,3,3,3,2,2,2,3,2,3,3,2,2,3,2,3,2,3,2,3,,3,2,3.0,2,3,,,2,2,,3,3,3.0,3,3,2,3,2,4,3,2,,2,3,2,3,3,3,,2,3,2,2,,2,3,,,,,2,2,2,3,3,3,,3,3,3,,5.0,2,3,,2,,3,3,,3,2,3,3.0,2,,3,2,3,,0,2,,3,,2,,,3,,3,2,3,2,2,,3,3,2,2,,,2,2,2,3,2,2,3,2,2,2,3,,2,3,2,2,3,3,3,2,3,,3,3,,2,,,3,4.0,3,,2,2,3,3,3,2,2,2,3,3,,,,4,2,3,,2,2,3,3,2,2,3,,3,,2,3,3,3,2,2,,2,3,,3,3,3,3,2,3,5.0,,,,,3,,,3,2,,,3.0,188,2,0.026436781609195402
2,2,1,2,2,1,1,2,2,3,2,2,2,2,2,2,2,2,1,2,2,2,3,2,2,2,3,2,2,2,2,2,2,2,2,2,2,2,3,2,2,1,2,3,2,2,2,2,3,3,3,1,2,2,2,2,2,2,2,2,2,2,2,1,1,1,2,2,2,2,2,3,3,3,2,3,3,2,2,2,2,1,1,2,2,2,1,2,2,2,2,2,2,2,1,1,2,2,2,2,2,2,1,2,2,2,2,1,2,2,3,3,0,2,2,2,2,2,2,3,2,1,2,2,2,2,2,2,1,2,2,2,2,1,2,2,2,2,1,2,2,2,2,1,2,2,2,2,2,2,2,2,2,2,2,2,3,2,2,2,1,2,2,2,1,2,2,1,2,2,2,2,2,2,2,2,2,2,2,2,2,2,2,1,2,3,2,2,2,2,2,2,1,2,2,1,0,1,1,1,1,0,2,1,1,1,1,1,2,2,2,2,2,2,2,2,2,2,1,2,2,2,2,2,2,2,2,3,2,2,2,1,2,2,2,2,2,2,2,3,2,3,2,2,2,2,3,3,2,1,3,2,1,2,2,2,1,2,2,3,3,2,2,2,2,3,3,3,2,2,2,2,2,2,2,2,3,2,2,2,1,1,1,2,2,1,2,2,2,2,2,2,2,3,2,2,2,2,2,2,2,2,2,2,2,1,2,2,2,2,2,2,2,3,2,3,2,2,2,2,2,2,2,2,2,2,2,2,2,2,3,3,3,2,0,2,2,2,2,2,2,3,2,2,2,2,2,2,3,2,2,2,2,2,3,2,2,2,3,3,2,2,2,2,3,2,2,2,2,2,3,2,2,2,3,2,2,2,3,2,2,3,3,3,3,2,3,2,2,2,3,2,3,2,3,2,3,2,3,2,2,0,2,2,2,2,2,3,1,2,2,1,0,2,4,3,3,2,2,2,1,2,2,2,1,1,2,2,2,2,2,2,3,2,1,2,3,3,2,3,2,2,3,2,2,2,2,2,2,,2,3,2,2,2,2,3,1,2,2,2,3,2,,2,3,2,2,2,2,2,2,3,1,2,3,3,3,2,3,2,1,2,2,2,2,2,3,3,2,2,3,2,2,2,2,2,3,2,2,3,3,3,3,2,2,2,3,2,2,3,2,3,2,3,2,2,0,2,3,2,3,3,2,,2,2,2,2,2,2,2,2,1,3,3,2,2,3,3,2,2,2,2,2,2,2,3,2,2,2,2,2,3,3,3,3,2,3,2,2,,2,2,2,3,3,2,2,2,3,2,2,2,2,2,2,2,4.0,2,2,2,,3,3,2,2,2,2,2,2,2,1,2,,2,2,3,2,2,2,2,,2,4,,2,3,3,2,2,2,3,3,2,3,3,3,3,3,2,,3,2,2,,2,3,3,3,3,3,,2,,3,3,3,3,2,2,3,2,3,3,2,3,,2,3,2,2,3,,,2,2,2,2,2,2,2,,2,2,2,,3,2,2,3,2,,2,3,2,2,3,2,,3,2,3,2,3,2,2,3,2,3,3,,3,,2,2,3,2,3,2,3,0,2,3,,2,2,2,3,3,3,3,3,3,2,3,2,3,2,2,2,3,2,,2,3,2,3,3,2,3,2,2,2,,2,2,3,3,,2,3,2,3,3,,,2.0,3,2,3,2,3,3,,3,,3.0,,1,2,2,3,3.0,3,3,2,2.0,3,2,,,3,,2,,3,3,,3,2,2,3,2,3,2,3,3,3,2,2,3,3,2,2,3,2,3,3,2,3,1,3,2,3,,3,2,,2,3,,,2,2,,2,3,,3,3,2,3,3,3,2,2,,3,3,2,2,3,2,3.0,0,2,2,3,,2,3,,,,,2,3,3,3,3,0,,3,2,2,,,2,3,,2,,3,3,,3,3,3,,3,,3,2,3,3.0,3,2,,3,,2,,,3,,3,2,3,1,2,,3,3,3,3,,,1,1,3,3,2,2,3,3,3,3,3,,2,3,3,2,3,3,3,2,3,,3,3,,3,,,3,5.0,3,,2,2,3,3,3,2,2,3,3,3,,,,4,2,3,,3,3,3,3,2,1,4,,2,,2,3,3,3,2,3,,3,3,,3,3,3,3,2,3,,,,,,3,,,2,2,,3.0,,189,2,0.019473081328751432
2,2,2,2,2,2,2,2,2,2,2,1,2,1,2,2,2,1,2,2,1,1,2,1,2,2,2,1,1,1,1,2,2,2,2,1,2,2,2,0,2,1,2,3,2,1,2,2,2,2,2,2,2,2,2,2,2,2,1,2,2,2,0,1,1,2,2,2,2,1,2,2,2,2,1,2,2,1,2,2,1,1,1,1,1,2,1,0,2,1,1,0,2,1,2,2,1,2,2,2,2,2,2,2,2,1,1,1,2,2,2,2,2,2,1,1,2,2,2,2,2,1,2,2,2,2,2,2,1,1,2,1,1,1,2,2,2,1,2,2,2,1,1,1,2,2,2,1,2,2,2,1,1,1,1,2,2,2,2,2,1,2,2,1,2,2,1,2,2,2,2,2,1,1,2,2,2,2,2,2,1,2,2,1,1,2,2,1,2,1,1,2,2,2,2,2,2,2,2,2,2,2,2,2,2,2,2,2,2,2,1,1,1,2,2,1,2,2,2,2,2,2,2,1,2,2,2,2,2,2,2,2,2,1,2,2,1,2,2,2,2,2,2,2,2,2,2,2,2,1,2,2,2,1,2,1,1,2,1,2,2,2,2,2,2,2,2,3,2,1,2,2,2,2,2,2,2,2,1,2,1,2,1,1,2,2,2,2,2,2,1,2,2,2,2,2,1,2,2,2,1,1,2,1,2,2,1,2,2,2,2,2,2,2,2,2,2,2,2,2,2,2,2,2,2,1,1,0,1,1,2,2,2,1,2,2,2,2,2,2,2,2,1,2,2,2,2,2,2,2,2,2,2,2,2,2,1,1,2,2,2,2,2,2,2,1,1,1,2,2,2,1,1,2,2,1,2,1,2,2,2,2,2,3,2,2,2,2,2,2,2,2,2,1,2,2,2,2,3,2,2,2,2,2,1,1,2,2,2,2,2,2,2,2,3,4,2,2,1,1,2,2,2,2,1,2,1,1,2,2,2,2,2,2,1,2,3,2,2,2,2,1,2,2,2,2,2,2,1,,2,2,2,1,2,2,2,2,2,1,2,2,2,,2,2,2,2,2,2,2,2,2,1,1,2,2,2,1,3,1,2,2,2,2,2,2,3,3,1,2,2,2,1,1,1,2,2,2,2,2,3,2,3,2,2,1,3,1,1,2,2,2,1,2,2,3,3,1,2,2,2,3,2,,2,2,2,2,2,2,2,2,2,3,2,2,2,2,2,2,2,2,2,2,1,1,2,2,1,2,2,2,2,2,2,3,2,2,2,2,,2,2,2,2,2,2,2,2,3,2,2,2,3,2,2,2,,2,2,2,,2,2,2,2,2,2,2,2,2,2,2,,2,2,2,2,2,2,2,,2,4,,2,2,2,2,2,2,2,3,1,3,2,2,2,2,0,,2,2,3,,2,3,3,3,3,3,,2,,3,2,3,2,2,2,2,2,3,2,2,2,,2,2,2,2,3,0.0,,2,2,2,2,2,2,2,,3,2,2,,2,3,3,2,2,,2,3,2,2,2,2,,3,2,3,2,2,2,2,3,2,2,2,,3,,2,2,2,2,3,2,3,0,2,2,,2,3,2,2,2,2,2,3,2,2,2,2,2,2,2,2,2,2,,2,2,3,3,2,4,2,0,2,2,,2,2,2,1,,2,3,2,2,3,,,5.0,2,2,3,2,2,2,,2,,,,2,2,2,0,3.0,3,2,2,,2,2,,,2,,3,5.0,3,3,,2,3,2,2,2,2,2,2,3,3,2,2,2,2,1,2,3,2,2,3,2,3,1,2,2,3,,3,2,,2,3,,,2,2,4.0,2,3,,3,3,2,3,2,3,3,2,,2,3,2,3,2,3,,2,2,1,2,,1,2,,,3.0,,2,2,3,3,3,3,,2,3,3,,,2,2,,2,,2,2,,2,2,3,,2,,3,2,3,,2,2,,3,,2,,,3,,2,2,2,2,2,5.0,2,3,2,2,,,2,2,2,3,2,2,3,2,2,2,3,,2,2,2,2,2,2,3,2,2,,3,2,,3,,,2,,2,,2,2,3,2,2,2,2,2,3,2,,,,3,2,2,,2,3,3,2,2,2,3,,2,,2,3,3,3,2,2,,2,2,5.0,3,3,3,2,2,2,,,,,,3,,,3,3,,,,190,2,0.013683010262257697
2,2,2,2,2,2,2,2,2,2,2,2,2,1,2,2,2,0,2,2,2,1,2,2,3,2,2,2,2,2,2,2,2,2,3,2,2,2,2,2,1,2,2,0,1,3,2,2,2,3,3,2,3,2,2,3,2,3,2,3,3,2,2,2,2,2,2,2,2,2,3,2,3,2,2,3,3,2,2,2,2,2,2,1,2,2,2,2,2,2,2,3,2,2,3,2,2,3,2,2,3,2,3,3,2,2,2,2,2,3,3,3,3,2,2,2,2,2,0,2,2,1,3,3,3,3,2,2,2,2,2,2,2,2,2,2,3,2,3,3,2,2,2,2,2,2,2,2,3,3,2,2,2,2,2,1,2,3,2,2,1,2,2,2,2,2,2,2,2,2,2,2,2,1,2,3,3,2,3,2,2,2,2,2,2,3,2,2,2,1,2,2,3,3,3,3,3,2,3,2,3,2,3,2,3,2,3,2,2,2,2,2,2,2,2,2,3,2,2,2,3,2,2,2,2,2,2,3,2,3,2,2,2,2,2,3,2,3,2,3,3,3,2,2,2,2,2,3,1,1,2,2,2,2,2,2,2,3,2,2,2,2,3,2,2,3,3,3,2,2,2,2,2,2,2,2,3,3,2,2,2,2,2,2,2,2,2,2,2,3,2,2,2,2,2,3,2,2,2,2,2,2,2,2,3,3,2,2,2,2,2,2,2,3,2,2,1,2,2,3,2,3,3,3,2,2,2,2,3,2,3,2,2,1,3,3,2,2,2,2,1,2,2,2,3,2,2,3,3,2,3,2,2,2,3,2,2,2,2,2,2,2,2,2,3,1,2,2,2,3,2,2,2,2,2,2,3,2,3,2,3,3,3,3,3,3,3,2,2,3,3,3,3,2,3,2,3,3,3,2,2,2,3,2,2,2,1,2,3,2,3,2,2,2,3,4,3,2,2,2,2,2,2,2,2,2,2,2,3,2,2,2,3,2,2,2,3,3,2,3,2,2,2,2,2,2,2,2,2,,2,3,2,2,2,2,3,3,2,2,2,2,2,,2,0,2,2,2,3,3,2,3,1,2,3,3,3,2,3,2,2,2,2,2,3,2,3,3,2,2,3,2,1,2,1,2,2,2,1,2,2,2,2,2,2,2,3,2,2,3,3,2,2,3,2,3,3,2,2,2,2,3,2,,2,2,3,3,2,2,2,3,2,3,0,2,2,3,3,2,2,3,1,2,2,2,2,2,1,2,2,2,3,2,3,3,2,3,3,2,,2,3,2,3,2,3,2,2,3,3,3,2,3,3,2,2,,2,2,2,,3,3,3,3,3,2,2,2,3,2,2,,3,3,3,3,3,2,2,,3,4,,2,2,3,3,2,2,3,4,1,3,3,3,3,3,3,,3,2,3,,2,3,3,4,3,4,,3,,3,2,3,3,2,2,3,3,3,3,2,2,4.0,2,3,2,2,3,,,2,3,2,3,3,3,1,,3,2,0,,3,3,3,3,2,,3,4,3,2,3,3,,4,2,3,2,2,2,2,3,3,2,3,,3,4.0,3,3,2,3,3,2,3,3,2,3,,3,3,3,3,3,3,2,3,3,2,3,2,3,2,3,3,3,2,,3,2,3,3,3,4,3,2,2,3,,3,3,3,3,,3,3,3,3,3,,,,3,2,3,2,3,3,3.0,3,,,,3,2,2,3,,4,3,3,,3,2,,,3,,3,,3,4,,3,3,2,2,3,3,3,3,3,3,3,2,3,3,2,2,4,3,3,0,2,3,2,3,3,3,3.0,3,3,,2,3,,,3,2,,3,3,,4,3,3,3,3,4,3,3,,2,3,3,3,3,4,,3,2,2,3,,2,3,,,,,3,3,3,3,3,3,,1,3,3,,,2,3,,3,,3,3,,3,3,3,,3,,3,2,3,,3,2,,3,,2,,,4,,3,3,3,3,3,,3,0,2,3,,,3,3,0,3,3,2,3,3,3,3,3,,3,3,3,2,3,2,4,3,3,,4,3,,3,5.0,,3,,3,,3,2,3,3,3,2,3,3,3,3,,,,4,2,3,0.0,2,3,3,3,3,2,3,,3,4.0,2,3,3,3,3,2,,3,3,,3,3,4,4,3,3,,,,,,4,,,3,3,,,5.0,191,2,0.017162471395881007
3,3,2,2,2,2,2,2,2,2,2,3,2,1,2,2,2,2,2,2,2,2,3,2,2,2,2,2,2,2,2,2,2,2,3,2,2,2,2,2,2,2,2,3,1,2,2,2,2,3,3,2,3,2,2,2,2,2,2,2,3,2,1,2,2,2,2,2,2,2,2,3,3,3,2,2,3,2,2,2,2,2,2,2,2,2,1,1,2,2,2,2,2,2,1,2,1,3,2,3,2,2,3,2,2,2,2,2,2,3,3,3,3,2,2,2,2,2,1,3,3,2,3,2,3,2,3,2,2,2,2,2,2,2,2,2,2,2,2,3,2,2,2,2,3,2,2,2,3,3,2,2,2,2,2,1,2,2,2,2,1,2,2,2,2,2,2,2,2,1,2,2,2,2,2,3,2,2,2,2,2,2,3,2,2,3,2,2,2,2,2,2,3,3,2,2,2,2,2,2,2,2,3,2,2,2,2,2,2,2,2,2,2,2,2,2,2,2,2,3,3,2,2,2,3,3,2,3,3,2,2,3,2,2,2,2,2,2,2,3,2,3,2,3,3,2,3,3,3,2,3,0,2,2,2,2,2,3,2,2,3,2,2,2,2,2,2,3,2,2,2,2,3,3,2,2,3,3,2,2,2,2,2,2,2,2,2,3,3,3,2,3,2,3,2,2,2,2,3,3,2,2,2,2,2,3,2,3,2,3,2,3,2,3,2,3,3,3,2,3,2,2,2,2,2,2,0,2,3,2,3,2,2,2,3,3,2,2,2,2,1,3,2,2,3,2,2,2,3,2,0,2,1,2,3,2,2,2,2,2,2,2,2,2,3,2,2,2,2,2,2,2,2,3,2,2,3,2,3,3,3,3,3,3,3,3,3,2,3,2,2,3,3,2,3,2,3,3,3,3,2,2,3,3,2,2,2,3,2,2,2,3,2,2,3,2,3,2,2,1,2,2,2,2,2,3,2,2,3,2,2,3,3,3,2,2,3,1,2,3,2,2,3,2,2,2,2,2,2,,2,3,2,2,2,2,3,2,2,2,2,2,3,,2,3,2,2,2,3,2,3,3,2,2,3,3,3,2,3,2,2,2,2,2,3,2,3,3,2,2,3,3,2,2,2,3,2,2,2,0,2,2,3,2,2,2,3,2,2,3,3,2,2,2,2,3,3,2,3,2,2,3,3,,2,2,3,3,2,3,2,3,1,3,2,3,3,2,3,2,2,3,2,3,3,2,2,2,2,2,2,2,2,0,3,3,3,3,2,3,,2,2,3,3,3,3,3,2,3,3,1,2,3,3,2,3,,3,2,2,,3,3,2,3,2,2,2,2,2,1,3,,3,2,2,3,3,2,3,,3,4,,2,3,3,2,2,3,3,3,2,3,3,3,3,3,3,,3,3,3,,2,3,3,0,3,4,,3,,3,2,3,3,3,2,3,3,3,3,3,3,,3,3,2,2,3,,,2,2,2,3,3,2,2,,3,3,2,,3,3,3,3,2,,2,3,3,2,3,3,,3,2,4,3,3,3,3,3,3,2,3,,3,,3,3,3,2,3,3,3,3,2,3,,3,3,3,3,3,3,2,3,3,2,3,3,2,2,2,3,0,2,,3,3,3,3,3,4,3,2,2,3,5.0,3,3,2,2,,2,4,3,3,3,,,,3,2,3,3,3,3,,3,,,,2,1,2,3,,4,3,3,,3,3,,,0,,3,,3,3,4.0,3,3,2,3,3,3,3,3,2,3,3,2,3,2,2,3,3,3,2,3,2,3,2,3,1,3,,3,3,5.0,2,3,,,3,2,,3,4,,4,3,2,3,3,4,3,3,5.0,2,2,0,3,2,3,3.0,3,2,2,3,3.0,2,2,,,,,3,3,2,3,3,3,,3,4,3,,,2,3,,3,,3,3,,3,3,3,,3,,3,2,3,,3,2,,3,,2,,,3,,3,2,3,2,2,,3,3,2,2,,,2,2,3,3,3,2,3,3,3,3,3,,3,3,3,2,3,3,3,2,3,,2,3,,3,,,3,,3,,3,3,3,3,3,3,2,3,3,3,,,,4,2,3,,3,3,4,3,3,1,3,,0,,3,3,3,3,3,3,,3,3,,3,3,4,3,3,3,,,,,,3,,,3,3,,,,192,2,0.021889400921658985
2,2,2,2,1,1,2,2,2,2,2,2,2,2,2,2,1,2,2,2,2,2,3,1,2,2,2,2,2,2,2,2,2,2,2,2,2,2,2,2,2,1,2,3,2,2,2,2,2,3,3,2,2,2,2,2,2,0,1,2,2,2,2,2,1,2,2,2,2,2,2,3,3,2,2,2,2,2,2,2,2,2,2,2,1,2,1,2,1,2,2,2,2,2,2,2,2,3,2,2,2,2,2,2,3,2,2,1,2,3,3,3,2,2,2,1,2,2,2,2,2,2,2,2,2,2,2,2,1,2,2,1,2,1,2,2,2,2,2,2,2,1,0,1,3,2,3,2,2,2,2,2,2,2,2,2,3,2,2,2,1,2,2,1,2,1,2,1,2,2,2,0,1,2,2,3,2,2,3,2,2,2,3,2,2,3,3,2,2,2,2,2,2,2,2,2,0,2,2,2,2,2,2,2,2,2,2,2,2,2,2,1,2,3,2,2,2,2,2,2,2,2,2,2,2,2,2,3,2,2,2,2,2,2,2,2,2,2,2,3,2,3,2,2,2,2,3,3,2,2,2,2,2,2,2,2,2,3,2,2,3,2,3,1,2,2,3,3,2,2,2,1,2,2,2,2,3,2,2,2,1,2,1,2,2,1,2,3,2,3,2,2,2,2,2,2,2,3,2,2,2,2,2,1,2,2,2,3,2,2,2,2,2,3,2,3,2,3,2,2,2,3,3,2,3,2,2,2,2,2,3,3,2,1,3,3,2,2,1,2,1,3,2,2,3,3,2,3,3,2,3,2,2,2,3,2,2,1,2,3,2,2,2,2,2,2,2,2,2,2,2,2,2,2,2,2,2,2,2,2,3,3,3,3,3,3,3,2,2,2,2,3,3,2,3,2,3,2,3,2,2,2,2,2,2,2,2,2,2,2,2,1,1,2,3,4,3,2,2,2,2,2,2,2,1,2,2,2,2,2,2,2,3,3,2,2,3,2,2,2,2,2,2,2,1,2,3,3,2,,2,0,2,1,2,2,3,2,2,2,2,3,2,,2,3,2,2,2,2,2,2,2,2,2,3,3,3,2,3,2,2,2,2,2,2,2,2,3,2,2,0,2,2,2,2,2,2,2,2,2,3,2,3,2,3,1,3,1,2,2,2,3,2,3,2,2,2,2,3,2,2,3,2,,2,2,2,2,2,3,2,2,2,3,3,3,3,3,3,3,2,3,2,2,2,2,2,2,2,2,2,2,2,3,2,3,2,2,2,2,,2,3,2,3,2,3,2,2,3,2,2,2,3,2,2,2,,3,2,2,,3,2,2,2,2,2,2,2,3,1,3,,3,2,2,3,3,2,3,,2,4,,2,3,3,1,2,2,2,3,2,3,3,3,2,3,3,,2,2,2,,2,3,3,3,3,3,,2,2.0,3,2,3,3,2,2,3,2,3,2,3,3,,3,2,2,2,3,,,2,2,2,2,2,2,2,,3,2,2,5.0,2,3,3,3,3,,2,3,2,2,2,2,,3,2,3,3,3,2,3,4,2,2,3,,3,,3,2,3,2,3,3,3,3,2,3,,2,3,3,3,3,3,3,0,3,2,3,2,2,2,3,2,3,2,,2,3,3,3,3,3,2,2,2,2,,2,3,2,2,,1,3,2,3,3,,,,3,2,3,3,3,3,,2,,4.0,,2,2,3,3,,4,3,2,,3,2,,,3,,3,,3,4,,3,3,3,3,2,3,2,3,3,2,2,2,3,2,1,2,3,2,2,3,2,3,1,2,2,3,,4,2,0.0,2,3,,,2,3,,3,3,,3,3,2,3,3,4,2,2,,2,3,1,3,3,3,,3,3,2,3,,1,2,,5.0,,0.0,2,3,2,3,3,3,,3,3,3,4.0,,2,3,,2,,3,2,0.0,3,2,3,,3,,3,2,3,,3,2,,3,,2,,5.0,4,,3,3,3,2,2,,3,3,2,2,,,2,2,2,3,2,2,4,1,2,3,3,,3,3,3,2,3,2,3,2,3,,3,3,,3,,,3,,3,,2,2,3,3,3,3,2,3,3,3,,,,4,2,3,3.0,3,3,3,3,2,2,3,5.0,2,,2,3,2,3,2,2,,3,3,,3,2,3,3,2,2,,,,,,3,,,3,3,4.0,,,193,2,0.019406392694063926
2,2,2,2,2,2,2,2,2,3,2,2,2,1,1,2,2,1,2,2,2,1,2,1,2,2,2,2,1,2,1,2,2,2,2,2,2,2,2,2,2,0,1,3,2,2,2,1,2,3,2,1,2,1,2,2,2,2,2,2,1,1,1,1,1,1,2,2,1,2,2,2,2,2,2,3,2,2,2,2,2,2,1,2,2,2,1,1,2,2,2,2,2,1,2,1,2,2,2,2,2,2,3,2,2,1,2,1,2,2,3,3,3,1,1,1,2,2,2,2,2,1,2,1,2,2,2,2,1,0,1,2,2,1,2,2,2,2,2,2,2,2,1,1,2,2,2,2,2,2,2,2,2,2,2,2,2,1,2,2,1,2,1,2,2,1,1,1,1,1,2,1,0,1,2,3,2,2,2,2,1,1,2,1,1,3,2,2,2,2,2,2,3,2,2,2,2,1,1,2,2,2,2,1,1,1,1,1,2,2,2,1,1,2,1,1,2,2,2,2,2,2,2,2,2,2,2,2,2,2,2,1,1,2,2,3,2,2,2,2,2,2,2,2,2,2,3,3,2,1,2,2,2,2,1,2,1,2,2,2,2,2,2,2,2,2,2,3,2,2,2,2,2,3,2,1,2,2,2,2,1,2,1,1,2,1,2,2,2,2,1,2,1,3,2,1,1,2,2,2,2,2,2,2,2,2,2,2,2,2,2,1,2,2,2,2,1,2,2,2,2,2,2,2,2,2,2,2,2,2,3,2,3,1,2,3,2,2,2,2,1,0,1,2,2,2,1,2,2,2,2,1,2,2,3,2,2,2,2,3,2,2,2,2,2,1,2,2,2,3,2,2,2,2,3,2,2,1,2,1,2,2,2,0,2,2,2,1,2,0,2,2,2,2,2,1,2,2,2,2,2,1,2,1,2,2,2,2,2,2,2,2,2,1,3,4,3,2,2,1,2,2,1,2,2,2,1,2,2,2,2,2,2,2,1,2,3,2,2,3,1,2,2,2,2,2,2,2,2,,1,3,3,2,2,2,3,1,1,2,1,2,2,,1,2,2,2,2,2,2,2,3,2,2,3,3,3,2,3,2,2,1,1,2,2,1,3,3,2,2,2,2,1,2,2,2,2,2,2,3,2,3,3,2,2,2,3,2,2,3,2,2,2,3,1,3,3,2,2,2,1,3,2,,2,1,2,3,2,2,2,2,1,2,2,2,2,3,3,2,2,1,2,2,2,1,2,2,2,2,2,2,2,2,3,2,2,3,2,2,,2,2,2,3,3,2,2,2,3,2,2,2,2,2,2,2,,3,2,2,2.0,2,1,2,3,2,2,2,2,3,2,2,,3,2,0,2,2,2,2,,2,3,,2,2,2,2,1,2,3,3,2,3,3,3,3,0,2,,2,2,2,,2,2,2,4,3,3,,2,,3,2,3,2,2,2,2,2,3,3,2,3,,2,2,2,2,2,4.0,,2,2,2,2,2,2,2,,3,2,2,,3,3,3,0,2,3.0,2,3,2,2,2,2,,3,2,2,2,2,2,3,3,2,3,3,,2,,2,2,2,2,3,3,3,3,1,3,,2,3,2,3,2,3,2,3,2,2,2,2,3,2,2,2,3,2,,2,3,2,3,2,4,2,2,2,2,,2,2,2,2,,2,3,2,3,3,,,,2,2,2,2,3,2,,2,,,,2,2,3,3,,3,2,2,,2,2,,,2,,2,,2,4,,3,2,2,3,2,1,2,3,3,3,2,2,2,2,2,1,3,2,2,2,2,3,1,3,2,3,,3,2,,2,2,,,2,2,,2,3,,3,3,2,3,3,3,2,2,,2,2,2,3,2,3,,2,3,2,2,,2,2,,,,,3,3,3,3,3,2,,2,3,2,,,2,3,,2,,2,2,,3,3,3,,3,,3,2,3,,2,2,,3,,2,,,3,,2,2,2,2,2,,3,3,3,2,0.0,5.0,2,2,2,3,2,2,3,3,2,3,3,,3,3,3,1,3,3,3,2,3,,3,2,,3,,,3,,2,,2,2,3,3,2,2,2,2,3,3,,,,4,2,3,,3,3,3,3,2,2,4,3.0,2,,2,3,2,3,2,2,,2,3,,3,2,3,3,2,3,,,,,5.0,3,,,2,3,5.0,,,194,2,0.017162471395881007
2,2,1,2,2,1,1,2,2,2,2,2,1,1,2,2,2,2,2,2,2,1,2,2,2,2,2,1,1,2,2,1,2,2,2,1,2,2,2,2,2,2,2,3,2,2,2,2,1,3,2,0,2,2,2,2,2,2,2,2,2,2,2,2,1,2,2,2,2,2,3,3,3,2,2,2,2,2,2,2,2,2,1,2,2,2,2,2,2,2,2,2,2,2,2,1,1,2,2,2,2,2,2,2,2,2,2,1,2,2,2,3,1,1,1,2,1,2,2,2,2,1,2,2,1,2,2,2,1,2,2,2,2,2,2,2,2,2,2,2,2,1,1,2,2,2,2,2,2,2,2,2,2,2,2,2,2,2,2,2,1,2,2,2,2,1,2,1,2,1,2,2,1,2,2,3,2,2,2,2,2,2,3,2,2,2,2,2,2,2,2,2,2,2,2,2,2,2,2,1,2,2,3,2,2,2,1,2,2,2,2,1,2,2,0,2,2,2,2,2,2,2,2,2,2,2,2,3,2,2,2,2,1,2,2,2,2,2,2,3,2,2,2,2,2,2,2,2,2,2,2,2,2,2,2,2,1,3,2,2,3,2,2,1,2,0,2,2,3,2,2,2,2,2,2,2,3,2,2,2,1,2,2,2,2,2,2,2,2,3,2,2,2,2,1,2,2,3,2,3,2,2,2,2,2,2,2,2,2,2,2,3,2,3,2,3,2,3,1,2,2,2,2,2,3,2,2,2,3,2,3,3,2,1,3,2,2,2,0,2,2,3,2,2,3,2,1,3,3,2,2,2,2,2,2,2,2,2,2,2,2,2,2,2,2,2,2,2,2,2,2,2,2,2,3,1,2,2,2,2,2,3,3,3,3,2,3,3,2,2,2,3,3,2,3,2,3,2,3,2,2,2,3,3,2,2,2,2,2,1,2,1,2,2,3,4,3,2,2,2,2,2,2,2,1,2,2,2,2,2,2,2,3,2,1,2,3,2,2,2,2,2,2,2,2,2,2,2,2,,2,2,2,2,2,2,3,2,2,2,2,2,2,,2,3,2,2,2,2,2,2,3,2,2,3,2,3,2,3,2,2,2,2,2,2,2,3,2,2,2,3,2,2,2,2,2,2,1,2,2,2,2,2,2,3,2,3,2,2,2,2,3,2,2,2,2,0,2,2,2,3,3,2,,2,2,0,2,2,3,2,2,1,2,3,1,2,3,3,2,2,2,2,2,2,2,2,2,2,2,2,2,3,3,2,2,2,3,2,2,,2,2,2,3,3,3,2,2,2,2,2,2,3,2,2,2,,3,2,2,,3,3,2,2,2,2,2,2,2,1,2,,3,2,3,2,3,2,2,,2,4,,2,2,2,2,2,2,3,3,2,3,3,3,2,3,3,3.0,3,2,3,3.0,3,3,3,3,3,3,,3,,3,1,3,2,2,2,3,2,3,2,2,3,,2,3,2,2,3,,,1,2,2,3,2,2,2,,3,2,2,5.0,2,3,2,3,2,,2,3,2,2,2,3,,3,2,3,2,3,2,3,3,2,3,2,,3,,2,2,2,2,3,2,3,3,2,3,,2,3,2,3,2,2,3,2,2,2,3,2,3,2,3,2,3,2,,2,2,2,3,3,3,3,2,2,3,,2,2,2,2,,2,3,3,3,3,,,,3,3,3,2,2,3,,2,,,,2,2,3,3,5.0,3,3,2,,2,2,4.0,4.0,3,,3,,3,3,,3,3,3,2,3,2,3,2,3,3,2,2,3,3,2,2,3,2,2,3,2,3,2,3,2,2,,4,2,,2,3,,,2,3,,3,3,,3,3,2,3,2,3,3,2,,2,3,3,3,3,3,,3,3,2,3,,2,2,,,,4.0,3,2,0,3,3,3,,3,3,3,,,2,2,,2,,3,2,,3,3,3,,3,,3,2,3,,2,0,,3,,2,,4.0,3,,3,0,3,1,3,,3,3,3,2,,,2,2,2,3,3,2,4,2,2,3,3,,3,3,2,2,3,3,3,2,3,4.0,3,3,,0,,,3,,3,,2,2,3,3,2,3,2,3,2,3,,,,4,2,3,,3,3,4,3,2,2,4,3.0,2,,2,3,3,3,2,2,,2,3,,3,2,3,3,2,3,,,,,,3,3.0,,2,2,,,,195,2,0.022935779816513763
2,1,2,2,2,1,2,1,2,2,2,2,2,1,1,2,2,1,2,2,1,1,2,2,2,2,2,1,1,2,2,2,2,2,2,2,2,2,2,2,1,0,1,3,2,2,2,1,1,2,2,1,2,2,2,2,2,2,2,2,2,2,1,2,1,1,2,2,2,2,2,0,2,2,2,0,2,2,2,2,1,1,1,1,1,2,1,1,2,2,2,2,2,1,2,1,1,2,2,2,2,2,2,2,2,1,0,1,2,2,2,3,2,1,1,1,2,1,2,2,2,1,2,2,2,2,2,1,1,1,2,2,2,1,2,1,1,2,2,2,2,2,1,1,2,2,2,1,2,2,2,2,1,2,2,1,2,2,2,2,1,2,2,2,2,1,1,1,2,1,2,1,2,2,2,3,2,2,0,2,1,2,2,2,1,3,2,1,1,0,1,2,3,3,2,2,1,0,1,1,1,1,2,2,2,1,1,1,2,2,2,2,1,2,2,1,2,2,2,2,2,2,1,2,2,2,2,2,2,2,2,2,1,2,2,2,2,2,2,2,2,2,2,2,2,2,2,2,2,1,2,2,2,1,1,1,1,2,2,2,2,1,2,2,2,2,2,2,2,2,2,2,2,2,2,2,2,2,2,2,1,2,1,2,2,2,2,1,2,2,2,2,2,2,2,2,2,2,2,2,1,2,2,2,2,2,2,2,2,2,2,1,2,2,1,2,2,2,2,2,2,2,2,2,2,2,2,2,2,2,3,2,2,1,3,3,2,2,2,1,2,2,1,2,2,2,2,2,2,2,2,1,1,2,3,2,2,2,2,2,2,0,2,2,2,2,2,1,2,2,1,2,1,1,2,2,2,1,2,2,2,2,3,3,2,2,2,2,2,2,2,2,2,2,2,2,3,2,3,2,2,2,2,2,2,2,2,2,2,2,2,2,2,2,2,3,3,2,2,2,1,2,2,2,2,2,2,2,2,2,2,1,2,2,1,2,2,1,2,2,2,2,2,1,2,2,2,2,2,,2,3,2,2,1,2,3,2,2,1,1,2,2,,2,2,2,1,2,2,2,2,3,1,2,3,3,3,2,3,2,2,2,1,2,2,2,2,2,2,2,2,2,2,1,2,2,2,1,2,2,2,3,3,2,2,2,3,2,2,2,2,2,2,2,2,2,2,2,1,2,2,3,2,,2,2,2,2,2,2,2,2,1,3,3,2,1,3,2,2,2,2,2,2,2,1,2,1,1,1,1,2,2,2,2,2,2,3,2,1,,2,2,2,3,2,3,2,2,0,2,2,2,2,2,2,2,,2,2,1,3.0,3,2,2,3,2,2,2,2,2,1,2,,3,2,2,3,2,1,2,4.0,2,3,,2,2,2,2,2,1,2,3,2,2,3,3,2,3,2,,2,2,3,,2,3,3,3,3,3,,3,4.0,3,2,3,2,2,2,2,2,3,3,2,2,,2,3,2,2,2,,,2,2,2,2,2,2,2,,2,1,2,,3,3,2,2,2,,2,3,3,2,2,2,,3,1,3,2,2,1,2,3,3,3,2,,2,,2,2,2,2,3,2,3,3,2,2,,2,3,2,2,2,2,2,3,2,1,2,2,2,2,2,2,3,2,,2,2,2,3,2,3,2,1,2,2,,2,2,2,2,,2,3,3,2,3,,,,2,2,3,2,3,2,,2,,,,2,2,2,2,,3,2,2,,3,2,,,2,4.0,2,,3,4,3.0,3,2,2,2,2,2,3,2,3,3,3,2,2,2,2,2,3,2,2,3,2,3,1,3,2,2,,3,3,,2,3,,,2,2,,2,3,5.0,3,3,2,3,3,4,2,3,,2,3,3,2,2,3,,2,2,2,2,,2,2,,,,3.0,3,2,2,3,3,3,,2,3,3,,,2,3,,2,,2,2,,1,3,2,,3,,3,2,3,,2,2,,3,3.0,2,,,3,,2,2,2,1,2,,2,3,2,2,,,1,1,2,3,3,2,3,2,2,3,3,,3,3,3,1,3,3,3,2,3,,3,2,5.0,3,,,3,,3,,3,2,3,2,2,2,2,2,3,3,0.0,,,4,2,2,,2,3,3,3,2,1,3,,2,,2,3,2,2,2,2,,2,3,,3,2,3,3,2,3,,,,,,3,,,2,3,,,,196,2,0.018285714285714287
2,2,2,2,2,1,2,1,2,2,2,2,2,2,2,2,1,2,2,2,2,2,3,2,2,2,3,2,2,2,2,2,3,3,3,2,2,3,3,2,3,2,2,3,2,2,2,2,2,3,2,2,2,2,2,2,3,2,2,2,2,1,2,2,1,2,2,2,2,2,2,3,3,2,2,3,0,1,0,2,1,2,1,2,2,2,1,1,2,2,2,2,2,2,2,2,2,2,2,2,2,2,2,2,2,2,1,1,2,3,3,3,2,2,1,2,2,2,2,3,2,1,3,2,2,2,2,2,2,2,2,2,2,2,2,2,3,2,2,2,2,1,1,2,2,2,3,2,2,2,2,2,2,2,2,2,2,2,1,1,1,2,2,2,2,2,2,2,2,2,2,2,2,2,2,3,3,2,3,2,2,2,2,2,2,3,2,2,2,2,2,2,3,3,2,2,2,2,2,2,3,2,3,2,2,2,2,2,2,2,1,2,2,2,2,2,2,2,1,2,2,2,0,2,2,2,2,2,2,2,2,3,2,1,1,2,2,2,2,2,0,2,2,1,2,2,2,2,2,2,2,2,2,2,2,2,2,3,2,2,3,2,2,2,0,2,2,2,2,2,2,2,2,3,2,2,3,2,2,2,2,2,2,2,2,2,2,2,2,3,2,2,2,2,2,2,2,2,2,3,1,1,2,2,2,2,2,2,2,2,1,2,2,2,2,2,2,2,2,2,2,2,3,2,2,2,2,2,3,2,3,3,2,2,3,3,2,2,2,2,2,2,2,2,3,2,2,2,3,2,3,2,2,2,3,2,2,2,2,1,2,2,2,2,3,2,2,2,2,3,3,2,2,2,2,2,2,1,2,2,2,2,3,3,0,2,3,2,2,2,2,2,2,2,2,2,2,2,3,3,1,2,2,3,2,1,2,2,2,3,2,2,2,3,4,4,3,2,2,1,1,2,2,2,1,2,2,2,2,2,2,2,2,2,2,3,3,3,2,3,2,2,3,2,2,2,2,3,2,,2,2,2,2,2,2,2,3,2,2,2,3,2,,2,3,2,2,2,3,3,3,3,2,2,3,3,3,2,3,2,2,2,2,2,2,2,3,3,2,2,3,2,2,2,1,2,2,2,2,2,3,2,3,2,3,2,3,2,2,2,2,3,2,3,3,3,3,2,2,2,3,3,3,,2,2,2,2,2,3,2,2,2,3,3,2,2,3,2,2,2,3,2,2,3,2,2,2,2,2,2,2,3,3,2,3,2,3,2,2,,2,2,2,3,2,3,2,2,2,3,2,2,3,3,2,2,3.0,3,2,2,,3,3,2,3,3,2,3,2,3,2,2,,2,2,3,2,3,2,2,,3,4,,2,2,3,2,2,2,3,3,2,3,3,3,3,3,2,4.0,3,2,3,,2,3,3,3,3,3,,3,,2,2,2,2,2,2,2,2,3,3,2,3,,2,3,2,2,3,,,2,2,2,3,2,2,2,4.0,2,2,2,3.0,2,3,3,3,3,,2,3,3,2,2,2,,3,2,4,2,3,2,2,3,3,2,2,,3,,3,3,2,2,3,3,3,3,2,3,,2,3,2,2,3,3,3,3,3,2,3,2,3,2,2,3,3,2,,2,2,3,3,3,4,3,2,1,3,,3,2,3,2,,2,3,2,3,3,,,,3,2,3,2,3,3,,2,,,,2,2,3,3,,3,2,2,5.0,3,2,,,2,,3,,3,4,,2,3,3,3,3,3,3,3,3,3,3,2,2,3,2,3,3,2,3,3,2,3,2,3,3,2,,3,3,,0,3,,,3,2,5.0,3,4,,3,3,2,3,3,4,3,3,,3,3,3,3,3,3,,2,3,2,2,,2,3,,,,,3,3,3,3,3,3,,2,3,3,,,3,3,,2,5.0,3,3,,3,3,3,,2,,3,2,3,,3,2,4.0,3,,3,,,3,,3,3,3,3,3,,3,3,2,3,4.0,,3,2,3,4,3,2,3,3,3,2,2,5.0,3,2,0,2,3,3,3,3,3,3.0,3,3,,4,,3.0,3,,3,,3,2,2,3,3,2,3,3,3,3,3.0,,0.0,4,1,3,,3,3,4,3,3,2,3,,3,,2,3,3,3,2,2,,3,3,,3,3,0,3,3,3,,,,,,3,,,3,3,,,,197,2,0.028735632183908046
2,2,2,2,2,1,2,2,2,2,2,2,1,1,1,2,2,1,2,0,2,1,2,2,2,2,2,2,2,2,2,2,2,2,2,2,2,2,2,2,2,2,2,2,2,1,2,2,2,2,2,1,1,1,2,2,2,2,1,2,1,0,1,2,1,1,2,2,2,2,2,2,2,2,2,2,3,2,2,2,2,1,1,1,1,2,1,1,2,2,2,2,2,2,2,1,2,1,1,1,1,1,2,1,2,1,1,1,2,2,2,3,2,2,2,1,2,2,2,3,2,1,2,1,1,1,2,2,1,1,2,2,2,1,2,2,2,2,2,2,2,1,1,2,2,2,2,2,2,2,2,2,1,2,2,1,2,2,2,2,1,1,2,2,2,2,1,2,2,2,2,2,2,2,2,2,2,1,1,2,2,2,2,1,2,1,2,2,2,2,2,2,2,2,2,2,2,2,2,2,2,2,3,2,2,2,2,2,2,2,2,2,1,2,2,2,2,2,2,2,2,2,2,2,2,2,1,2,2,2,2,2,0,2,2,2,2,2,2,3,2,2,2,2,2,2,2,1,2,1,2,2,2,2,1,2,1,2,2,2,2,2,2,2,1,1,1,0,2,1,2,2,2,2,2,2,2,2,2,2,1,2,1,1,2,2,2,2,1,2,2,2,2,2,2,2,2,2,2,2,2,1,2,2,2,2,2,2,2,2,2,2,2,2,2,2,2,2,2,2,1,1,2,1,2,2,2,2,2,2,3,2,2,2,2,2,2,2,2,2,1,3,2,2,2,2,2,2,3,2,2,2,2,1,2,2,2,2,2,2,1,2,2,2,2,1,1,2,1,3,2,0,2,2,2,2,2,1,2,1,1,2,2,2,2,2,2,2,2,2,2,2,2,2,2,2,2,2,2,2,2,2,2,2,0,1,2,2,2,2,2,2,2,2,3,0,3,2,2,1,1,1,1,2,1,2,2,2,2,2,2,2,2,2,1,2,3,2,2,3,1,2,2,2,2,0,2,2,2,,2,2,2,2,2,2,2,2,2,1,2,2,2,,2,2,2,0,2,3,2,2,3,1,2,3,3,3,2,3,2,2,2,1,2,2,2,2,2,2,2,2,2,2,1,2,2,2,1,1,2,2,2,2,2,2,2,3,2,2,2,2,2,2,2,2,3,3,1,2,2,2,3,2,,1,2,2,2,2,2,2,2,1,2,2,2,1,3,2,2,2,2,2,2,2,2,2,2,1,1,2,2,2,2,2,2,1,2,2,2,,2,2,2,2,2,3,2,2,1,2,2,2,2,2,2,2,,2,2,2,,3,2,2,3,2,2,2,2,2,2,2,,2,2,2,3,2,2,1,,3,4,,2,1,3,2,2,2,2,3,2,2,3,2,3,3,2,,2,2,3,3.0,2,2,2,4,3,3,5.0,3,,3,2,3,1,2,2,2,2,3,3,2,2,3.0,2,3,2,2,2,,4.0,1,1,2,2,2,1,2,,2,2,2,,1,3,3,3,2,0.0,2,3,3,2,2,2,,3,2,3,2,2,2,2,2,2,2,1,,2,,2,2,1,1,2,2,3,3,2,2,4.0,2,3,2,2,3,3,3,3,3,2,2,2,2,2,2,2,3,2,,2,2,2,2,3,4,2,2,2,2,,2,2,2,2,,2,3,2,2,3,,,,2,2,3,2,1,2,,2,,,,2,2,2,2,,2,2,2,,3,2,,,2,,3,,3,3,,2,3,2,2,3,2,3,2,3,3,3,2,2,2,2,2,2,2,3,3,2,3,1,3,2,2,,3,2,,2,3,,,2,2,,2,3,,2,3,2,3,3,4,2,2,,3,2,3,3,2,3,,2,2,2,2,,2,2,,,,,3,3,3,2,3,3,,1,3,3,,,2,3,5.0,2,,2,3,,2,2,3,,3,,3,2,3,3.0,3,2,,3,,2,,,3,4.0,3,2,3,2,2,,3,3,2,2,,,2,2,3,3,2,2,3,3,3,2,3,,3,3,2,1,2,2,2,2,2,3.0,3,3,,3,,,3,,2,,3,2,2,3,3,2,2,2,2,3,,,,4,2,3,,3,2,3,3,2,1,3,,2,3.0,3,3,3,3,2,3,,3,3,,3,2,3,3,2,3,,,,,,3,,,2,3,,,,198,2,0.019428571428571427
2,0,1,1,1,1,1,2,2,3,2,2,2,2,2,2,2,2,2,2,2,2,2,2,2,3,3,2,2,2,2,2,3,3,2,2,2,3,3,3,3,2,2,3,2,2,2,2,2,3,3,2,2,2,2,2,2,1,1,2,2,2,2,1,1,2,2,3,2,2,3,2,3,2,2,3,3,2,2,2,2,2,2,2,1,2,2,2,2,2,2,2,2,2,3,2,2,2,2,2,2,2,2,2,2,2,2,2,2,3,2,3,3,2,2,2,2,2,2,3,2,1,3,2,2,2,1,2,2,2,2,2,2,2,2,2,3,1,2,2,0,2,2,2,2,2,2,2,2,2,2,3,2,2,2,1,2,2,2,2,1,2,2,2,2,2,1,2,2,2,2,2,2,2,1,2,3,2,2,2,2,2,3,2,2,3,2,2,2,2,2,2,2,2,1,2,3,2,2,2,2,2,3,2,2,3,2,2,0,2,2,1,2,2,2,1,2,2,2,2,2,2,2,2,2,2,2,2,2,2,2,2,1,2,2,2,2,2,2,2,2,3,2,2,2,2,3,3,3,2,2,3,2,2,1,2,2,3,2,3,3,2,2,2,2,2,2,3,2,2,2,2,2,2,3,2,3,3,2,2,2,1,2,2,2,1,2,3,2,3,2,2,2,3,2,2,2,2,2,3,2,2,2,2,2,1,2,3,2,2,2,3,2,3,2,3,1,2,2,3,2,2,2,2,2,2,2,2,3,2,3,2,3,2,3,3,2,2,2,3,2,2,2,3,3,2,2,2,3,2,3,2,3,2,3,2,2,2,2,3,2,2,2,2,3,2,2,2,2,3,3,2,2,2,2,2,2,2,3,2,2,3,3,3,3,3,3,3,3,2,3,3,3,2,3,2,3,2,3,2,2,2,3,3,2,2,2,3,0,2,3,1,2,2,4,4,3,2,2,2,2,2,2,2,2,2,2,2,2,2,2,2,0,2,1,2,3,3,2,3,2,2,3,3,3,2,2,2,2,,2,3,2,2,2,2,3,2,2,2,2,2,2,,2,2,0,2,2,2,3,2,3,2,2,3,3,3,2,3,2,2,2,2,2,2,2,2,3,2,2,3,2,2,2,1,2,3,2,2,3,2,3,3,2,3,2,3,3,2,2,2,2,2,3,2,2,2,2,2,1,3,3,2,,2,2,2,2,2,3,2,2,2,3,3,3,2,3,3,3,2,3,3,2,3,2,3,2,2,2,2,1,3,3,2,3,2,3,2,2,,2,2,2,3,3,3,2,3,3,2,2,2,3,3,2,3,,3,3,2,,3,2,2,2,3,2,3,2,2,2,2,,3,2,3,2,3,2,3,,2,4,,3,2,3,2,2,2,3,3,2,3,3,3,2,3,3,,3,3,2,,3,3,3,4,3,3,,2,,3,2,3,3,2,2,3,2,3,2,2,2,,2,3,2,3,3,,,2,2,2,2,2,2,2,,3,2,3,,3,3,3,3,3,,2,3,2,1,3,3,,4,2,3,3,3,2,3,3,2,3,3,,3,,2,1,3,3,3,3,3,3,3,3,,2,2,2,3,3,3,3,0,3,2,3,2,3,2,3,3,3,3,,2,2,3,3,2,3,3,2,2,3,,3,2,3,2,,2,3,3,3,3,3.0,,,3,3,3,3,3,3,,3,,,,3,3,3,3,,3,3,3,,3,2,4.0,,3,,3,,3,4,,3,3,2,3,3,3,2,2,3,3,2,2,3,3,1,2,3,2,3,3,2,3,2,3,3,3,,4,2,,2,3,,4.0,1,3,,3,0,,3,3,2,3,3,4,3,2,,3,3,2,3,3,3,,2,3,2,2,,2,3,,,,,2,3,3,3,3,3,,3,3,3,,,2,3,,2,,2,3,4.0,3,2,3,,3,,4,3,3,,3,2,,3,2.0,2,,4.0,3,,2,3,3,3,3,,3,3,3,3,4.0,,3,2,3,3,2,3,4,2,3,3,3,4.0,3,3,3,2,3,3,3,2,3,,3,3,,3,,,3,,3,,2,2,3,3,3,3,3,3,3,3,,,,0,2,3,,3,3,4,3,3,2,4,,3,,3,3,3,2,2,3,,3,3,,3,3,3,3,2,2,,,,,,3,,,0,2,,,,199,2,0.016
