0,1,2,3,4,5,6,7,8,9,10,11,12,13,14,15,16,17,18,19,20,21,22,23,24,25,26,27,28,29,30,31,32,33,34,35,36,37,38,39,40,41,42,43,44,45,46,47,48,49,50,51,52,53,54,55,56,57,58,59,60,61,62,63,64,65,66,67,68,69,70,71,72,73,74,75,76,77,78,79,80,81,82,83,84,85,86,87,88,89,90,91,92,93,94,95,96,97,98,99,100,101,102,103,104,105,106,107,108,109,110,111,112,113,114,115,116,117,118,119,120,121,122,123,124,125,126,127,128,129,130,131,132,133,134,135,136,137,138,139,140,141,142,143,144,145,146,147,148,149,150,151,152,153,154,155,156,157,158,159,160,161,162,163,164,165,166,167,168,169,170,171,172,173,174,175,176,177,178,179,180,181,182,183,184,185,186,187,188,189,190,191,192,193,194,195,196,197,198,199,200,201,202,203,204,205,206,207,208,209,210,211,212,213,214,215,216,217,218,219,220,221,222,223,224,225,226,227,228,229,230,231,232,233,234,235,236,237,238,239,240,241,242,243,244,245,246,247,248,249,250,251,252,253,254,255,256,257,258,259,260,261,262,263,264,265,266,267,268,269,270,271,272,273,274,275,276,277,278,279,280,281,282,283,284,285,286,287,288,289,290,291,292,293,294,295,296,297,298,299,300,301,302,303,304,305,306,307,308,309,310,311,312,313,314,315,316,317,318,319,320,321,322,323,324,325,326,327,328,329,330,331,332,333,334,335,336,337,338,339,340,341,342,343,344,345,346,347,348,349,350,351,352,353,354,355,356,357,358,359,360,361,362,363,364,365,366,367,368,369,370,371,372,373,374,375,376,377,378,379,380,381,382,383,384,385,386,387,388,389,390,391,392,393,394,395,396,397,398,399,400,401,402,seed,complex_param,simple_infection_ratio,EPH,corr
3,2,3,3,3,3,3,3,3,3,2,2,2,3,3.0,3,3,3.0,4.0,3,2,3,3,3,3,2,2,3,1,3,3,2,3,3,2,3,1.0,3,3,3,3,3,3,2,4.0,2,3,3,3,3,4.0,3,3,,3,2,3,3,1,0,2,2,3.0,3,4.0,3,,3,1,,2,1,3.0,3,3,3,3,3,0.0,3,2,3,2,3,3,3,3,3,3,3,3,2,4.0,3,4.0,3,3,3,3,3,3,2,2,2,2,3,4.0,4.0,3,3,3,3,3,3,1.0,3,3,3,3,4.0,4.0,3.0,3,3,3,3,2,3,3.0,3,3.0,3,4.0,3.0,3.0,3,4,4.0,3,3.0,3,3,3,3,3,3,3,3.0,3,3.0,4.0,4.0,3,4.0,3,3,3.0,3,4.0,2,3,3,3,3,4,3,2.0,4.0,2,3,3,3.0,2,3,3.0,3.0,3,3,4.0,3,3,3,4.0,2.0,2,3,3,3,3.0,3.0,2,2,3,3,3,3,3,2,3,0,3.0,3,2,3,4.0,3,3,3,3,1,3.0,3,4.0,4.0,3,2,3,3.0,3,3,3,3.0,3,3,3,,4.0,4,4.0,4.0,,3,3,3.0,3,3,3.0,4.0,4.0,3,3,3,3,3,3,3.0,3,3,3,3,4.0,3,3,3,4.0,3,3.0,3,3,3,3,4.0,3,4.0,3,3,3,3.0,3,3,3.0,3,3,3,3,3,3,3.0,4.0,4.0,3,2,3,4.0,3,3,1,2,3,3,3,3,3,3,3,3.0,3,4.0,3.0,3,3,3,3,4.0,3,3,3.0,3,3,4.0,3,4.0,4.0,3,4.0,3,3,3.0,3,3,3,4.0,3,3,2,3.0,1,0.0,3,4.0,3,3,3,2,3,,4.0,1,3,4.0,2,3,3,3,3,3,3.0,3,3,3,3,4,3,3.0,3.0,3,3,3,4.0,3,3,4.0,3,2,3,3,3,3.0,4.0,3,3,3,3,3,3,3,3,3.0,4.0,2,3,3.0,3.0,3.0,4.0,3.0,3.0,3.0,3,3.0,,2.0,,3,,3.0,,4.0,3,3,3,3.0,4.0,0,5,0.0485175202156334,1.2357606344628695,-0.5647279821135538
4,1,4,3,4,4,4,4,4,4,4,4,4,4,4.0,4,4,5.0,5.0,4,3,4,4,4,4,4,4,4,4,4,4,3,3,3,4,4,4.0,4,4,4,4,4,4,4,5.0,4,4,4,4,4,5.0,4,4,,4,4,4,4,4,3,4,2,0.0,5,5.0,4,,4,4,,4,3,5.0,4,4,4,4,4,4.0,4,3,1,3,4,4,3,2,3,4,4,4,4,0.0,4,5.0,3,4,3,4,2,4,4,4,4,3,4,5.0,5.0,4,4,4,4,4,3,5.0,3,3,4,3,4.0,3.0,4.0,4,4,4,4,4,3,4.0,4,4.0,4,4.0,5.0,5.0,4,4,5.0,4,4.0,4,3,4,4,4,4,4,5.0,4,5.0,5.0,4.0,4,5.0,4,4,5.0,4,4.0,3,4,4,4,4,4,4,5.0,5.0,3,1,4,4.0,3,4,4.0,4.0,4,4,4.0,4,4,4,4.0,3.0,4,4,4,4,4.0,4.0,4,4,4,4,4,3,4,2,4,4,4.0,4,4,4,5.0,4,4,3,4,4,4.0,4,5.0,5.0,4,3,4,4.0,3,4,4,4.0,4,3,4,,5.0,4,4.0,5.0,5.0,4,4,4.0,4,4,4.0,5.0,5.0,4,4,4,3,3,4,4.0,4,3,4,4,5.0,4,4,4,4.0,4,5.0,4,3,4,4,4.0,4,5.0,4,4,4,4.0,4,4,4.0,4,3,4,4,4,4,4.0,5.0,5.0,4,4,4,5.0,4,4,4,4,4,4,4,4,4,4,4,5.0,4,5.0,5.0,3,5,4,4,5.0,4,4,4.0,4,3,5.0,4,5.0,5.0,4,5.0,4,4,3.0,4,4,4,5.0,4,4,4,4.0,4,4.0,4,5.0,4,4,4,4,4,5.0,5.0,4,4,4.0,3,4,4,4,3,4,4.0,4,4,4,4,4,4,4.0,4.0,4,3,4,5.0,3,0,5.0,4,4,2,4,3,4.0,5.0,4,3,4,4,4,0,3,4,5.0,5.0,4,4,4.0,5.0,4.0,5.0,4.0,2.0,4.0,4,4.0,,5.0,,4,,4.0,,5.0,4,4,4,4.0,5.0,1,5,0.0539083557951482,1.2942985568961438,-0.6009678100949981
3,3,3,3,2,3,3,3,3,3,3,3,3,3,3.0,3,3,4.0,3.0,3,0,3,3,3,3,3,3,3,3,3,2,3,3,3,2,3,3.0,3,3,3,3,3,3,3,4.0,3,3,3,3,3,3.0,2,2,,3,0,3,3,2,3,3,3,3.0,3,4.0,3,,3,2,,1,2,3.0,3,3,2,3,4,3.0,3,2,3,3,3,3,3,2,3,2,3,3,3,4.0,3,4.0,3,3,3,1,3,0,3,3,3,2,2,3.0,3.0,2,3,2,3,3,3,4.0,2,3,3,3,3.0,3.0,3.0,3,3,3,3,3,3,3.0,2,3.0,3,3.0,3.0,4.0,3,4,4.0,3,2.0,3,2,3,3,3,3,3,4.0,3,4.0,4.0,4.0,2,4.0,3,3,3.0,3,3.0,1,3,2,3,3,3,3,4.0,4.0,3,3,4,4.0,3,3,4.0,4.0,3,3,4.0,3,3,3,4.0,3.0,2,3,2,3,3.0,1.0,3,2,2,3,3,3,3,2,3,2,0.0,3,3,3,4.0,3,3,3,3,1,3.0,3,3.0,4.0,3,3,3,3.0,3,3,3,3.0,2,3,1,4.0,3.0,3,4.0,4.0,,3,1,3.0,3,3,3.0,4.0,3.0,2,3,3,3,3,3,4.0,3,3,3,3,4.0,3,3,3,3.0,3,3.0,3,3,3,3,4.0,3,4.0,3,3,2,3.0,3,3,4.0,2,3,3,3,3,3,4.0,3.0,4.0,3,3,3,4.0,3,3,3,3,3,3,3,2,3,3,1,3.0,3,4.0,4.0,3,3,4,3,4.0,3,3,3.0,3,3,3.0,3,4.0,4.0,3,3.0,3,3,3.0,4,3,3,4.0,3,3,3,4.0,3,1.0,3,3.0,3,3,3,3,3,,3.0,3,4,4.0,3,3,3,3,3,3,3.0,3,3,3,3,4,3,3.0,3.0,3,3,3,4.0,2,3,4.0,2,2,3,3,3,3.0,4.0,2,3,3,2,3,3,3,3,4.0,4.0,3,3,3.0,4.0,4.0,4.0,4.0,3.0,3.0,3,4.0,,3.0,,3,,4.0,,4.0,3,3,3,2.0,3.0,2,5,0.0626702997275204,1.2758535986244166,-0.5763382621390196
4,3,4,4,4,4,4,4,3,4,4,4,4,3,4.0,1,4,4.0,4.0,4,3,4,4,4,4,4,4,4,4,4,3,3,4,4,4,4,5.0,4,4,4,4,4,4,5,5.0,4,4,4,4,4,5.0,4,3,,4,3,3,4,4,4,4,4,4.0,4,5.0,4,,3,4,,3,4,4.0,4,4,3,4,4,4.0,4,2,4,3,4,4,4,3,3,4,4,5,4,5.0,4,5.0,4,3,4,3,4,3,4,4,4,3,0,1.0,4.0,4,5,4,4,3,4,5.0,3,4,4,4,4.0,4.0,4.0,4,4,3,4,4,4,4.0,4,3.0,4,4.0,5.0,5.0,4,5,5.0,4,4.0,4,3,4,4,4,4,4,5.0,4,5.0,5.0,5.0,3,5.0,4,4,4.0,4,4.0,2,4,4,4,4,4,5,5.0,2.0,4,4,5,5.0,4,4,5.0,5.0,5,4,5.0,4,4,3,5.0,4.0,4,4,4,4,4.0,4.0,3,4,4,4,4,4,4,2,4,4,4.0,4,4,5,5.0,4,4,3,4,0,4.0,4,3.0,4.0,4,4,4,4.0,4,4,4,4.0,4,4,4,,5.0,4,5.0,5.0,,4,4,4.0,4,4,3.0,5.0,5.0,0,4,5,4,4,4,4.0,4,4,1,5,5.0,4,4,4,4.0,4,5.0,4,4,4,4,5.0,4,5.0,4,4,4,4.0,4,4,4.0,3,4,4,4,4,4,5.0,4.0,5.0,1,4,4,5.0,4,4,4,4,4,4,4,4,4,4,4,4.0,0,5.0,5.0,4,4,4,3,5.0,4,4,4.0,4,3,5.0,4,5.0,5.0,4,5.0,4,4,4.0,4,5,4,4.0,4,4,4,4.0,4,4.0,4,5.0,4,4,4,4,4,5.0,5.0,4,4,5.0,4,4,4,4,4,3,5.0,4,5,4,4,4,4,4.0,4.0,3,4,4,5.0,3,4,5.0,4,3,4,4,4,5.0,5.0,4,3,4,4,4,4,4,4,5.0,5.0,4,4,5.0,5.0,5.0,5.0,5.0,5.0,5.0,4,5.0,,5.0,,4,,5.0,,5.0,4,4,4,4.0,4.0,3,5,0.0455764075067024,1.2955027077937367,-0.5774153530427213
3,2,3,3,3,3,0,3,3,3,3,3,3,3,4.0,3,3,4.0,3.0,2,3,3,2,3,3,2,2,3,3,3,3,3,3,3,3,3,3.0,4,3,3,3,3,3,3,4.0,3,3,3,3,3,4.0,3,3,,3,3,3,3,3,2,3,0,4.0,3,4.0,3,,3,2,,3,3,4.0,3,3,3,2,3,3.0,2,2,2,2,3,3,2,1,2,3,3,3,3,4.0,3,4.0,3,3,3,3,3,3,3,3,3,1,3,4.0,3.0,3,3,3,3,3,2,4.0,3,2,3,2,4.0,4.0,4.0,3,2,3,3,3,3,3.0,3,3.0,2,4.0,4.0,4.0,3,3,4.0,3,3.0,3,2,3,3,3,3,3,4.0,3,4.0,4.0,4.0,1,4.0,3,3,4.0,3,3.0,2,3,2,3,3,3,4,4.0,3.0,2,3,3,3.0,1,3,3.0,3.0,3,3,4.0,3,3,3,4.0,3.0,0,3,2,3,3.0,3.0,2,3,3,3,3,3,2,1,3,2,3.0,2,2,3,4.0,3,3,1,3,3,3.0,3,4.0,3.0,2,3,3,4.0,3,3,3,3.0,3,2,4,,4.0,3,4.0,4.0,,3,3,2.0,2,3,3.0,3.0,4.0,3,3,3,3,3,3,3.0,3,2,3,4,4.0,3,3,3,4.0,4,4.0,3,3,3,3,3.0,3,4.0,3,3,3,3.0,3,3,4.0,3,3,4,3,3,3,3.0,4.0,4.0,3,3,3,4.0,3,4,3,3,3,3,3,3,3,3,3,3.0,3,4.0,4.0,2,3,3,3,4.0,3,3,4.0,3,3,3.0,3,3.0,0.0,3,3.0,3,3,4.0,3,3,3,4.0,3,3,3,4.0,3,4.0,3,3.0,3,3,3,3,3,4.0,3.0,3,4,4.0,3,3,3,2,3,3,3.0,3,4,3,3,3,3,4.0,3.0,2,3,2,4.0,3,2,4.0,3,3,3,3,2,4.0,4.0,3,3,3,3,3,3,3,3,4.0,4.0,3,3,4.0,4.0,3.0,4.0,4.0,4.0,4.0,3,3.0,,4.0,,3,,3.0,,4.0,3,3,3,4.0,4.0,4,5,0.0483870967741935,1.2487651549169285,-0.6737349863181249
3,3,3,2,3,3,3,3,2,2,2,3,3,2,3.0,3,2,3.0,3.0,3,1,3,3,3,3,3,2,3,3,3,3,2,2,3,3,3,3.0,3,3,1,3,3,3,3,,3,2,3,3,3,3.0,3,0,1.0,3,3,3,3,3,2,3,3,3.0,3,,3,,3,3,,2,0,3.0,3,3,3,3,3,3.0,3,2,2,3,3,3,1,2,2,3,3,3,2,,3,,2,2,3,3,3,3,3,3,2,2,3,3.0,3.0,3,3,2,3,3,3,,3,3,1,3,3.0,3.0,3.0,3,0,3,3,3,3,3.0,3,,3,3.0,3.0,3.0,3,3,,3,3.0,3,2,3,3,3,3,3,,3,3.0,,,3,,3,3,2.0,3,3.0,2,3,3,3,3,3,3,,,3,3,3,3.0,2,3,3.0,3.0,3,3,3.0,3,2,3,3.0,3.0,3,3,3,1,3.0,,2,3,3,3,2,3,3,2,3,2,,3,3,3,,3,3,2,3,3,3.0,3,3.0,,3,3,3,3.0,2,3,2,3.0,2,2,3,,3.0,3,3.0,,,3,3,3.0,1,3,3.0,,,2,3,3,3,2,3,3.0,3,2,3,3,,3,3,3,3.0,3,,3,3,2,3,,3,,3,3,3,3.0,3,2,3.0,3,3,2,3,3,3,,3.0,,3,3,0,,3,3,3,3,3,2,3,2,3,3,3,3.0,3,,,3,3,3,3,,3,3,3.0,3,3,,1,3.0,3.0,1,,3,3,3.0,3,3,3,3.0,3,1,3,2.0,3,3.0,3,,3,2,3,3,3,,3.0,3,3,2.0,3,3,3,3,3,2,3.0,3,3,3,3,3,3,3.0,,3,3,2,,3,3,,3,2,3,1,3,3.0,,3,3,2,2,3,3,2,3,,,3,3,3.0,3.0,3.0,,3.0,3.0,3.0,3,3.0,,,,3,,3.0,,,3,3,3,3.0,,5,5,0.0611620795107033,1.24214463840399,-0.3604439505189159
4,4,5,4,4,5,5,4,4,4,4,4,4,0,1.0,5,4,4.0,5.0,4,3,5,4,5,5,4,4,4,4,4,4,4,5,5,4,4,5.0,5,5,5,5,5,5,5,5.0,4,4,5,5,5,5.0,5,4,0.0,4,5,4,4,4,3,4,0,5.0,5,5.0,5,,3,4,,4,3,5.0,5,3,4,5,5,5.0,5,4,4,4,5,5,4,5,4,4,5,5,4,5.0,4,5.0,4,4,4,4,4,5,4,4,4,4,5,5.0,5.0,4,4,4,5,5,4,5.0,4,4,5,5,5.0,5.0,5.0,5,4,4,5,4,5,5.0,4,5.0,4,5.0,4.0,5.0,4,5,5.0,4,5.0,5,4,5,4,4,5,4,5.0,4,5.0,5.0,5.0,4,5.0,5,5,5.0,5,5.0,4,5,5,5,4,5,5,5.0,,4,4,5,5.0,4,5,5.0,5.0,5,5,5.0,3,4,5,5.0,4.0,3,5,4,5,1.0,5.0,4,4,4,4,4,3,4,3,5,4,5.0,5,4,5,5.0,5,5,4,4,5,5.0,4,5.0,5.0,4,5,5,5.0,2,4,5,5.0,4,4,5,,5.0,5,5.0,,,4,4,5.0,4,4,5.0,5.0,5.0,4,5,4,5,4,4,5.0,5,4,5,5,5.0,5,5,5,5.0,5,5.0,5,4,5,4,5.0,3,5.0,5,5,5,5.0,3,3,5.0,5,5,5,4,5,4,5.0,5.0,5.0,5,5,0,5.0,4,4,2,4,5,4,4,4,5,5,4,4.0,5,,5.0,4,5,4,5,,5,4,5.0,4,4,5.0,3,5.0,5.0,5,5.0,4,5,4.0,5,5,5,3.0,5,4,4,5.0,5,5.0,4,,5,4,4,5,5,,5.0,5,5,5.0,4,5,5,4,4,4,4.0,5,5,5,5,5,5,5.0,5.0,4,5,4,5.0,5,5,5.0,4,4,4,5,4,5.0,5.0,4,4,4,4,5,3,4,5,5.0,5.0,4,4,5.0,5.0,5.0,,5.0,5.0,5.0,5,5.0,4.0,5.0,,4,,5.0,,5.0,4,3,5,5.0,5.0,6,5,0.0635359116022099,1.249013343356512,-0.592510393752599
3,3,3,3,3,3,3,3,3,3,3,3,4,3,4.0,4,3,4.0,4.0,2,2,3,2,3,4,3,3,3,3,3,3,2,3,3,3,3,4.0,3,3,4,3,1,4,4,4.0,3,3,3,3,3,4.0,2,2,,2,3,3,3,3,3,2,3,4.0,3,4.0,3,,3,1,,3,3,4.0,4,3,3,3,4,3.0,3,0,3,2,3,3,3,3,2,3,3,4,3,4.0,3,4.0,3,3,3,0,3,3,3,3,4,3,3,4.0,4.0,3,3,2,3,3,3,4.0,2,3,3,2,3.0,4.0,3.0,3,3,2,4,3,3,3.0,3,3.0,2,4.0,4.0,3.0,3,3,4.0,2,3.0,3,3,4,3,1,3,3,4.0,3,4.0,4.0,4.0,2,4.0,3,3,4.0,3,3.0,3,3,3,3,3,3,4,4.0,4.0,3,3,3,4.0,3,4,4.0,4.0,4,4,4.0,3,3,3,1.0,3.0,2,3,3,3,0.0,2.0,3,3,3,1,3,3,3,2,2,3,4.0,3,3,4,4.0,3,3,3,3,3,3.0,3,4.0,4.0,3,3,3,3.0,3,3,3,3.0,2,3,3,,4.0,0,4.0,4.0,4.0,4,3,4.0,3,3,4.0,4.0,4.0,1,4,3,3,3,4,4.0,3,3,3,3,4.0,3,2,3,3.0,3,4.0,1,3,3,3,4.0,3,4.0,3,3,3,4.0,4,3,4.0,4,4,3,3,3,3,4.0,4.0,3.0,3,3,3,4.0,3,3,3,3,3,3,3,2,3,3,3,3.0,2,4.0,4.0,3,1,3,3,4.0,4,3,3.0,3,3,4.0,3,4.0,4.0,3,4.0,3,3,4.0,4,3,3,3.0,4,3,3,4.0,3,3.0,3,4.0,1,2,3,3,3,4.0,4.0,4,4,4.0,3,4,4,3,3,3,4.0,3,3,3,3,3,3,3.0,3.0,3,4,3,4.0,3,3,4.0,3,2,3,4,3,4.0,4.0,3,3,3,3,3,4,3,3,4.0,4.0,3,3,4.0,4.0,4.0,3.0,4.0,4.0,4.0,3,4.0,,4.0,,4,,4.0,,4.0,3,3,4,4.0,4.0,7,5,0.0539083557951482,1.2411456055968517,-0.6190992355315414
6,6,6,6,5,6,6,6,6,6,6,6,6,5,6.0,6,6,7.0,6.0,6,4,6,6,6,6,6,5,6,6,6,6,5,6,6,6,5,6.0,6,6,6,5,6,6,6,7.0,6,6,6,6,6,7.0,6,6,,6,5,6,6,5,0,6,6,6.0,6,5.0,6,6.0,6,6,,6,5,6.0,6,6,6,6,6,6.0,6,5,6,5,6,6,6,5,5,6,7,6,6,7.0,6,7.0,5,5,0,5,6,6,6,4,6,5,6,6.0,7.0,4,6,6,6,6,6,7.0,6,1,6,6,6.0,6.0,6.0,7,6,6,6,6,6,6.0,4,6.0,5,7.0,6.0,7.0,6,6,7.0,6,6.0,6,5,7,6,6,6,6,6.0,6,7.0,7.0,7.0,6,7.0,6,7,6.0,6,6.0,6,6,6,5,6,5,6,7.0,7.0,6,6,7,7.0,6,6,7.0,7.0,7,6,7.0,6,6,6,7.0,7.0,6,6,6,6,6.0,1.0,6,6,6,6,6,5,6,5,6,6,6.0,6,6,6,7.0,6,6,5,6,6,0.0,6,7.0,7.0,6,6,6,6.0,5,6,7,7.0,6,6,6,,7.0,6,6.0,7.0,,6,6,6.0,6,6,6.0,7.0,7.0,6,6,6,6,6,6,7.0,6,6,6,7,7.0,6,6,6,7.0,7,7.0,6,6,6,6,7.0,6,7.0,5,6,7,6.0,6,6,6.0,6,6,6,6,6,6,7.0,7.0,7.0,6,6,6,7.0,6,6,6,6,6,6,6,6,6,6,6,6.0,6,7.0,7.0,6,6,6,6,7.0,6,6,0.0,6,6,6.0,6,7.0,7.0,6,7.0,6,6,6.0,6,7,6,7.0,6,6,6,6.0,6,6.0,6,7.0,6,6,6,6,6,7.0,7.0,7,6,7.0,6,6,6,6,6,6,7.0,6,6,6,6,6,6,7.0,6.0,5,6,6,7.0,6,6,7.0,6,6,5,6,3,6.0,7.0,6,6,6,4,7,6,6,6,7.0,7.0,6,5,7.0,7.0,7.0,7.0,7.0,5.0,7.0,6,6.0,,7.0,,6,,6.0,,7.0,6,6,6,6.0,6.0,8,5,0.0482573726541554,1.4374396135265703,-0.6021397295150973
3,3,3,2,3,4,3,4,3,3,3,3,3,3,4.0,3,3,0.0,4.0,3,2,3,3,4,2,3,2,3,3,3,3,3,0,4,3,3,3.0,4,3,4,4,4,2,3,4.0,2,3,4,3,4,4.0,3,3,,4,3,3,0,3,3,3,3,4.0,4,4.0,3,,4,4,,3,3,4.0,4,2,3,4,4,4.0,4,3,3,3,4,4,3,3,3,3,3,2,3,4.0,3,4.0,3,3,4,1,3,3,3,3,3,3,3,4.0,4.0,1,2,3,4,4,2,4.0,3,3,4,3,4.0,4.0,4.0,4,3,3,3,3,2,4.0,4,4.0,3,4.0,4.0,3.0,4,4,4.0,3,4.0,4,3,3,3,4,4,3,4.0,3,4.0,4.0,4.0,3,4.0,4,4,4.0,4,4.0,3,4,4,4,3,3,4,4.0,,1,3,4,4.0,3,4,4.0,4.0,3,4,4.0,4,3,3,4.0,3.0,3,4,3,3,4.0,3.0,2,3,3,3,3,3,4,2,4,3,4.0,3,3,3,4.0,3,3,4,4,4,4.0,2,4.0,4.0,3,3,4,4.0,3,4,3,4.0,3,3,3,,4.0,4,4.0,,,1,3,4.0,3,3,4.0,4.0,4.0,3,4,3,3,3,4,3.0,4,3,4,4,4.0,3,4,3,4.0,4,4.0,4,3,3,4,4.0,3,4.0,4,4,3,4.0,3,3,4.0,4,4,2,3,4,3,4.0,4.0,4.0,4,4,4,4.0,3,3,3,2,3,3,3,2,4,3,4,4.0,4,,0.0,3,4,4,3,,4,3,4.0,4,3,4.0,4,4.0,4.0,3,4.0,4,3,4.0,4,4,4,4.0,4,4,3,4.0,4,4.0,3,4.0,4,3,3,3,3,,4.0,4,4,4.0,3,4,3,3,3,1,4.0,4,3,4,4,4,4,4.0,4.0,3,4,3,4.0,3,3,4.0,4,3,3,4,3,4.0,4.0,3,4,3,3,4,3,3,3,4.0,4.0,4,3,4.0,4.0,4.0,,4.0,4.0,4.0,4,2.0,3.0,4.0,,4,,4.0,,,3,3,4,4.0,4.0,9,5,0.0666666666666666,1.2038704732707415,-0.667720597310873
3,3,3,2,2,3,3,3,3,3,3,3,3,3,4.0,3,3,4.0,4.0,3,3,3,3,4,3,3,2,3,3,2,2,1,3,3,2,2,3.0,3,2,3,3,3,3,3,4.0,3,3,3,3,3,4.0,3,3,,4,3,3,3,3,2,3,3,4.0,3,4.0,3,,3,2,,2,3,3.0,3,3,2,3,4,3.0,3,2,3,3,3,3,3,3,3,3,3,4,1,4.0,3,4.0,2,2,3,3,3,3,3,3,3,3,3,4.0,3.0,3,3,3,0,3,3,4.0,3,3,3,3,3.0,3.0,4.0,3,2,2,3,3,3,2.0,1,4.0,3,4.0,4.0,4.0,3,3,4.0,3,4.0,3,3,3,2,3,3,3,4.0,3,3.0,3.0,4.0,3,4.0,3,4,4.0,3,3.0,3,3,4,3,3,3,3,4.0,4.0,3,3,3,4.0,3,4,4.0,4.0,4,3,3.0,3,3,3,4.0,3.0,2,3,3,3,4.0,4.0,2,3,3,2,3,3,3,3,4,3,3.0,3,3,3,4.0,3,3,3,3,4,0.0,3,4.0,4.0,3,3,3,4.0,3,3,4,3.0,3,2,3,,4.0,3,4.0,4.0,,3,3,4.0,3,3,4.0,4.0,3.0,3,3,3,3,3,3,4.0,3,1,3,4,4.0,3,3,3,4.0,4,3.0,3,3,3,3,4.0,3,4.0,3,2,1,3.0,2,3,0.0,3,3,3,3,3,3,4.0,4.0,4.0,4,3,4,4.0,3,3,3,3,3,3,3,0,3,3,3,4.0,3,4.0,4.0,2,3,3,3,4.0,3,2,4.0,3,3,4.0,3,4.0,4.0,3,4.0,3,3,4.0,4,4,1,4.0,4,4,3,3.0,3,4.0,3,4.0,3,3,3,3,3,4.0,4.0,4,4,4.0,3,3,3,3,3,3,3.0,4,3,4,3,3,3,3.0,3.0,3,3,3,4.0,1,3,4.0,3,3,3,3,3,4.0,4.0,3,4,3,3,3,3,3,4,4.0,4.0,3,3,4.0,4.0,4.0,,4.0,4.0,3.0,4,4.0,,4.0,,4,,4.0,,4.0,3,3,3,3.0,4.0,10,5,0.0291005291005291,1.239945155393053,-0.6641267497799137
3,3,3,3,3,3,3,4,3,3,3,3,3,2,3.0,3,3,3.0,4.0,4,3,4,3,4,3,3,3,3,3,3,3,1,3,4,3,3,4.0,4,4,4,3,4,3,4,4.0,4,3,3,3,3,4.0,3,3,,3,3,2,1,3,3,0,3,4.0,3,4.0,3,,3,3,,3,2,4.0,4,3,3,3,3,3.0,4,2,1,2,3,3,3,4,3,4,3,4,2,4.0,3,4.0,2,2,3,3,3,3,4,3,3,3,3,4.0,4.0,3,3,3,3,3,3,4.0,3,3,3,3,4.0,4.0,3.0,4,3,3,3,3,3,4.0,3,4.0,3,4.0,4.0,4.0,3,4,4.0,3,4.0,4,3,3,3,3,3,3,4.0,4,4.0,4.0,4.0,3,4.0,4,4,4.0,2,4.0,3,2,3,3,3,0,4,4.0,4.0,3,3,4,4.0,3,4,4.0,4.0,4,3,4.0,4,3,3,3.0,4.0,3,3,3,3,4.0,3.0,2,3,3,3,3,3,3,2,3,3,4.0,3,3,2,4.0,0,3,2,3,3,3.0,3,4.0,4.0,3,3,4,3.0,3,3,3,2.0,3,3,4,,4.0,3,4.0,4.0,,3,3,4.0,3,4,4.0,4.0,4.0,2,4,3,3,3,3,4.0,3,3,3,4,4.0,3,4,3,4.0,4,4.0,3,3,3,4,4.0,3,4.0,3,3,4,4.0,3,4,4.0,3,3,3,3,3,3,4.0,4.0,4.0,3,3,3,4.0,3,3,3,3,4,3,3,3,3,4,4,4.0,3,4.0,4.0,3,4,3,0,,3,3,4.0,3,3,4.0,3,4.0,4.0,3,4.0,3,4,4.0,4,4,3,4.0,4,3,3,3.0,3,3.0,3,4.0,3,3,1,3,3,,4.0,3,4,4.0,1,3,4,3,3,3,4.0,3,4,3,3,4,4,3.0,4.0,3,3,2,4.0,3,3,4.0,3,3,3,3,2,3.0,4.0,3,3,3,3,4,3,3,3,4.0,4.0,3,3,4.0,4.0,4.0,,4.0,4.0,4.0,3,4.0,,4.0,,3,,3.0,,3.0,2,3,3,3.0,4.0,11,5,0.048780487804878,1.2292207792207792,-0.6606929117836152
3,0,3,3,3,4,4,3,3,3,3,3,3,3,3.0,4,3,4.0,4.0,3,2,3,3,4,4,3,1,3,2,3,3,3,3,4,1,3,4.0,4,3,0,3,4,3,3,4.0,3,3,4,3,4,4.0,4,3,,3,3,4,3,3,2,3,3,4.0,4,4.0,2,4.0,3,3,,3,2,3.0,4,4,3,4,4,4.0,4,3,4,3,3,4,2,3,3,3,3,4,2,4.0,3,4.0,3,3,3,3,3,4,3,3,3,3,3,4.0,4.0,3,4,3,3,4,2,4.0,3,3,4,3,3.0,4.0,4.0,4,3,3,3,3,4,4.0,4,4.0,3,4.0,4.0,4.0,3,4,4.0,3,3.0,3,3,1,4,4,3,3,4.0,3,0.0,4.0,4.0,3,4.0,1,4,4.0,4,4.0,3,4,4,3,3,4,4,4.0,,1,3,4,4.0,3,4,4.0,4.0,4,4,4.0,4,3,3,4.0,3.0,3,4,3,3,4.0,3.0,3,3,3,3,4,3,4,2,4,2,4.0,4,3,3,4.0,3,4,3,4,3,3.0,3,4.0,4.0,3,3,4,4.0,3,4,3,4.0,3,3,4,,4.0,4,4.0,,,3,3,4.0,4,3,4.0,4.0,4.0,4,4,3,3,3,3,4.0,4,3,4,4,4.0,3,4,4,4.0,4,4.0,3,3,3,3,4.0,3,4.0,4,4,3,3.0,4,4,4.0,3,3,4,3,4,3,4.0,4.0,4.0,3,2,4,4.0,3,3,3,2,3,3,3,3,4,4,3,4.0,4,,4.0,3,4,4,3,,4,3,4.0,4,2,4.0,4,4.0,4.0,3,4.0,4,3,4.0,4,4,4,4.0,3,3,3,4.0,4,4.0,3,4.0,4,3,3,3,3,3.0,4.0,4,4,3.0,3,4,4,3,3,3,2.0,3,3,1,3,4,4,4.0,4.0,3,4,3,4.0,3,3,3.0,3,3,3,3,3,4.0,4.0,3,3,2,3,4,3,3,3,3.0,4.0,3,3,0.0,4.0,2.0,3.0,3.0,4.0,4.0,3,4.0,,4.0,,4,,4.0,,4.0,2,3,4,4.0,4.0,12,5,0.0602739726027397,1.2046376811594204,-0.6195164324082916
3,3,4,1,3,4,3,3,3,4,3,4,4,3,4.0,4,3,4.0,4.0,3,3,3,3,3,4,2,3,3,3,3,3,2,3,4,3,3,4.0,4,3,3,3,4,3,4,4.0,3,3,3,3,4,4.0,3,3,,3,2,3,3,3,3,3,3,3.0,4,4.0,3,0.0,3,4,,3,3,4.0,4,3,3,3,4,3.0,4,3,3,1,3,4,3,3,3,4,3,4,2,4.0,3,4.0,3,3,3,4,4,3,4,4,4,3,4,4.0,4.0,3,3,4,3,4,3,4.0,3,3,4,3,4.0,4.0,3.0,4,2,3,4,3,3,4.0,4,4.0,3,4.0,4.0,4.0,3,3,4.0,3,4.0,4,3,4,3,4,4,3,4.0,4,4.0,4.0,4.0,3,4.0,2,4,4.0,3,4.0,3,4,4,3,3,4,4,4.0,,2,0,4,4.0,3,3,4.0,4.0,4,4,2.0,4,4,3,4.0,4.0,3,2,3,3,4.0,4.0,2,3,3,3,3,3,3,2,4,3,4.0,3,3,3,4.0,3,3,3,4,4,4.0,4,4.0,4.0,4,1,4,4.0,3,4,4,4.0,3,3,4,,4.0,4,4.0,,,4,4,3.0,0,3,4.0,4.0,4.0,4,3,4,3,3,4,3.0,4,3,4,4,4.0,4,4,4,4.0,4,4.0,3,4,1,4,4.0,3,,4,3,3,3.0,3,3,0.0,4,4,4,4,3,3,4.0,3.0,4.0,4,4,4,4.0,3,4,4,3,4,3,3,2,3,4,4,4.0,4,3.0,4.0,3,4,3,3,,4,3,4.0,3,3,4.0,4,4.0,1.0,3,4.0,3,4,4.0,4,4,4,4.0,3,3,3,4.0,4,4.0,3,4.0,4,3,3,3,4,,4.0,4,4,4.0,4,4,4,4,2,3,4.0,4,4,4,4,4,4,4.0,4.0,3,3,2,,3,3,4.0,4,3,2,4,3,4.0,4.0,3,3,3,3,4,3,3,4,4.0,4.0,4,4,4.0,3.0,4.0,,4.0,4.0,4.0,4,4.0,,3.0,,3,,3.0,,,3,3,3,3.0,4.0,13,5,0.0758426966292134,1.1872764916243177,-0.583672341216086
3,2,3,2,1,3,3,3,3,3,3,3,3,3,4.0,3,3,4.0,3.0,2,2,3,3,3,3,3,3,3,3,2,3,3,3,3,3,3,3.0,3,3,3,3,3,3,3,4.0,3,3,1,2,3,4.0,3,2,3.0,3,3,3,3,3,2,0,3,3.0,3,3.0,3,,3,3,,2,3,3.0,3,1,3,3,3,3.0,3,2,2,3,3,3,2,3,2,3,3,4,2,4.0,3,4.0,2,2,3,2,3,2,3,3,3,2,3,3.0,4.0,3,3,3,3,3,2,4.0,2,3,3,3,3.0,3.0,4.0,3,3,3,3,3,3,3.0,3,3.0,3,3.0,4.0,3.0,3,3,3.0,3,3.0,3,3,3,2,3,3,3,4.0,3,4.0,4.0,4.0,3,4.0,3,3,4.0,3,3.0,2,3,4,3,3,3,3,4.0,4.0,3,3,3,4.0,2,3,3.0,4.0,3,3,3.0,1,3,1,3.0,3.0,2,0,2,3,3.0,3.0,3,3,2,3,3,3,3,2,3,3,3.0,3,2,3,3.0,3,3,3,3,3,3.0,3,3.0,4.0,1,3,3,3.0,2,3,3,3.0,3,3,3,4.0,3.0,3,3.0,4.0,,3,3,3.0,3,2,4.0,4.0,4.0,2,3,3,3,3,3,4.0,3,2,3,4,4.0,3,3,3,4.0,3,3.0,3,3,3,3,3.0,3,4.0,3,3,3,3.0,3,3,4.0,3,3,3,3,3,3,4.0,4.0,4.0,0,3,3,4.0,3,3,3,2,3,3,3,1,3,3,3,3.0,3,4.0,4.0,2,3,3,3,4.0,3,3,3.0,3,3,4.0,3,3.0,4.0,3,4.0,3,3,3.0,3,3,3,4.0,3,3,3,3.0,3,3.0,3,4.0,3,3,3,3,3,4.0,3.0,3,3,4.0,3,3,2,3,3,3,3.0,3,3,3,3,3,3,3.0,3.0,3,3,0,4.0,2,3,4.0,3,2,3,3,2,3.0,4.0,1,3,3,3,3,3,2,3,4.0,4.0,3,3,3.0,4.0,3.0,4.0,4.0,3.0,3.0,3,3.0,4.0,4.0,,3,,3.0,,4.0,2,3,3,3.0,3.0,14,5,0.0424403183023872,1.2130662417482359,-0.6546801671676862
4,4,4,3,3,4,4,4,4,4,4,4,4,3,4.0,4,4,4.0,4.0,4,2,0,4,4,4,4,3,4,2,2,4,3,3,4,3,3,4.0,4,3,4,4,4,4,3,4.0,3,4,4,4,4,4.0,4,3,,4,3,2,4,3,3,3,3,4.0,4,4.0,1,,0,4,,3,3,4.0,4,4,3,4,4,4.0,4,3,4,3,4,4,3,4,3,3,4,4,4,4.0,3,,3,4,4,4,3,4,4,3,4,4,4,,4.0,4,4,0,4,4,3,4.0,3,4,4,4,4.0,4.0,3.0,4,4,3,4,4,4,4.0,4,4.0,3,4.0,4.0,4.0,1,4,4.0,3,4.0,4,4,4,4,4,4,4,,4,,4.0,4.0,3,,4,4,4.0,4,4.0,3,4,4,4,4,1,4,4.0,,3,4,4,,3,4,4.0,,4,4,4.0,4,4,4,4.0,3.0,3,4,4,4,4.0,4.0,3,3,3,3,4,3,4,2,4,3,4.0,4,3,4,4.0,4,4,3,4,4,4.0,4,4.0,,3,3,4,4.0,3,4,4,3.0,3,3,4,,4.0,3,4.0,,,4,2,4.0,1,4,4.0,,,3,3,0,4,3,4,4.0,4,3,4,4,4.0,3,4,4,4.0,4,4.0,4,4,4,4,4.0,3,,4,3,4,4.0,4,4,4.0,4,3,4,4,4,3,4.0,4.0,,4,4,4,,4,4,4,4,4,3,4,3,4,4,4,3.0,4,,4.0,2,4,4,4,,4,4,4.0,4,3,4.0,3,4.0,4.0,4,4.0,4,4,4.0,4,4,4,4.0,4,4,4,4.0,4,4.0,3,,4,4,4,4,4,,4.0,4,4,4.0,4,4,4,3,3,4,3.0,4,4,4,4,4,4,4.0,3.0,4,4,3,,4,4,,4,3,4,4,4,4.0,,3,4,4,4,4,4,3,4,4.0,,4,4,4.0,,4.0,,4.0,4.0,4.0,4,4.0,,,,4,,4.0,,,4,4,4,4.0,4.0,15,5,0.0401146131805157,1.22210657785179,-0.4952761873539083
2,3,3,3,3,4,3,3,2,3,3,3,3,3,3.0,3,3,3.0,3.0,4,3,4,3,3,3,3,3,3,3,3,3,3,3,4,3,3,4.0,4,3,3,3,4,3,3,4.0,3,3,4,3,4,4.0,4,3,,3,1,3,3,3,3,3,3,4.0,3,4.0,4,,3,3,,3,2,3.0,3,3,3,0,3,1.0,3,3,1,3,4,4,4,3,3,4,3,4,2,4.0,3,4.0,2,3,3,3,3,3,3,3,4,2,3,4.0,4.0,3,4,3,3,3,3,4.0,3,3,3,3,4.0,4.0,4.0,4,3,3,3,3,4,4.0,4,3.0,3,4.0,4.0,4.0,3,4,4.0,3,4.0,3,3,4,3,3,3,3,4.0,4,4.0,4.0,4.0,3,4.0,2,3,4.0,3,4.0,2,4,1,3,3,4,3,4.0,4.0,3,3,4,4.0,3,3,4.0,4.0,4,4,4.0,3,3,3,4.0,4.0,3,3,3,3,4.0,4.0,2,3,3,3,3,3,3,2,4,3,4.0,3,3,3,4.0,3,3,3,3,3,4.0,3,4.0,4.0,3,2,4,4.0,3,3,4,4.0,3,3,3,,4.0,4,4.0,4.0,,3,3,4.0,3,3,4.0,4.0,4.0,3,0,3,3,2,3,4.0,4,2,3,4,4.0,2,3,3,4.0,4,4.0,4,3,3,3,4.0,3,4.0,1,3,3,3.0,3,3,4.0,3,3,4,3,3,3,4.0,4.0,4.0,4,4,3,,4,3,3,3,3,3,3,0,3,3,3,4.0,4,,4.0,3,4,3,3,,4,2,4.0,3,3,4.0,3,4.0,4.0,1,4.0,3,3,3.0,4,3,2,3.0,3,3,3,4.0,3,4.0,3,,1,3,3,3,3,,4.0,4,4,4.0,4,4,4,2,3,3,4.0,0,4,3,3,4,3,3.0,3.0,3,4,3,4.0,3,3,4.0,3,3,3,3,3,4.0,4.0,3,4,3,3,3,4,3,4,4.0,4.0,3,4,4.0,4.0,3.0,,4.0,4.0,4.0,4,4.0,,4.0,,3,,4.0,,4.0,4,3,3,4.0,4.0,16,5,0.0294906166219839,1.2502671511006624,-0.6818040062354422
4,4,4,4,3,4,4,4,4,4,4,4,4,4,4.0,4,4,4.0,4.0,4,2,4,4,4,4,4,4,3,3,4,4,3,4,4,4,4,4.0,4,1,4,4,5,4,4,5.0,4,4,4,4,4,5.0,4,4,,4,4,4,3,0,1,4,4,5.0,4,5.0,4,,4,4,,4,3,5.0,4,4,4,4,5,4.0,4,3,4,4,4,4,3,3,4,4,4,4,3,4.0,4,0.0,3,3,4,3,4,4,3,4,4,4,3,4.0,0.0,4,4,4,3,4,4,5.0,4,4,5,4,4.0,5.0,4.0,3,4,4,4,4,4,5.0,4,4.0,4,5.0,5.0,4.0,4,4,5.0,4,4.0,4,4,3,4,4,4,4,5.0,4,5.0,5.0,4.0,4,5.0,4,5,4.0,5,4.0,4,4,4,4,4,4,4,5.0,2.0,1,4,4,5.0,4,4,4.0,5.0,5,4,5.0,4,4,4,5.0,5.0,4,4,4,4,4.0,4.0,4,4,4,4,4,4,4,3,4,4,4.0,4,4,4,5.0,4,4,4,4,5,5.0,4,5.0,5.0,3,4,4,5.0,3,4,4,5.0,4,3,4,,5.0,4,5.0,5.0,,3,4,4.0,4,4,4.0,5.0,4.0,4,4,4,4,3,2,4.0,4,3,4,4,5.0,4,4,4,0.0,4,5.0,4,2,4,4,4.0,4,4.0,5,4,5,4.0,4,4,4.0,4,4,4,4,4,3,4.0,5.0,5.0,5,4,5,5.0,3,4,4,4,4,4,3,4,4,4,4,4.0,4,5.0,5.0,4,5,4,4,4.0,4,4,5.0,2,4,5.0,4,5.0,5.0,4,5.0,4,5,5.0,5,4,4,5.0,4,4,4,5.0,4,3.0,4,5.0,4,4,4,4,4,5.0,5.0,5,5,4.0,4,4,4,4,4,4,3.0,4,4,4,4,4,5,5.0,5.0,4,4,4,5.0,4,4,5.0,4,4,2,4,4,5.0,5.0,4,3,4,4,4,4,4,4,4.0,5.0,4,4,4.0,5.0,5.0,5.0,4.0,4.0,4.0,3,4.0,3.0,5.0,,4,,4.0,,5.0,4,4,4,4.0,5.0,17,5,0.059620596205962,1.3089094449853944,-0.535444475454951
3,0,3,3,3,2,0,2,3,3,3,3,3,3,3.0,3,3,4.0,4.0,3,3,4,3,3,3,2,2,3,3,3,3,3,3,4,3,2,3.0,4,3,3,3,4,3,4,4.0,1,3,4,3,4,3.0,4,3,,3,3,3,3,3,2,3,3,4.0,4,4.0,3,,3,3,,3,2,4.0,3,4,3,3,4,3.0,3,2,3,3,3,3,3,3,3,3,3,4,3,4.0,3,4.0,3,3,4,3,4,3,3,3,3,2,3,4.0,4.0,3,3,3,3,3,2,4.0,3,3,3,3,4.0,4.0,4.0,4,2,3,3,3,3,4.0,4,3.0,3,4.0,4.0,4.0,3,4,4.0,3,4.0,4,2,3,3,3,4,3,4.0,3,4.0,3.0,4.0,3,4.0,3,4,3.0,4,4.0,3,3,3,3,3,4,4,4.0,4.0,3,3,3,1.0,2,3,3.0,3.0,3,1,4.0,3,3,3,4.0,3.0,3,4,3,3,3.0,4.0,3,2,3,3,3,3,3,0,4,3,4.0,3,3,3,4.0,3,3,3,3,4,0.0,3,4.0,4.0,2,3,3,4.0,3,3,3,3.0,3,3,3,,4.0,4,4.0,2.0,,3,3,3.0,4,4,4.0,4.0,4.0,3,3,2,3,3,4,3.0,4,3,4,4,4.0,3,3,3,4.0,4,4.0,3,3,3,1,4.0,2,4.0,4,3,4,4.0,3,3,4.0,2,3,3,3,4,3,4.0,4.0,4.0,3,3,4,3.0,3,3,3,1,3,3,3,2,3,3,3,3.0,3,4.0,4.0,3,4,3,3,,3,3,4.0,3,3,4.0,4,4.0,4.0,2,4.0,3,3,3.0,4,4,3,4.0,3,3,3,4.0,3,4.0,3,,3,3,4,3,3,,4.0,3,4,4.0,4,4,1,3,3,3,4.0,3,4,4,3,4,3,4.0,4.0,3,3,3,4.0,2,3,4.0,3,3,3,1,3,4.0,4.0,3,3,4,3,3,3,3,4,4.0,4.0,3,3,4.0,4.0,4.0,,4.0,3.0,2.0,2,4.0,,4.0,,3,,4.0,,4.0,3,3,4,4.0,4.0,18,5,0.0517711171662125,1.252196271694879,-0.6477139361693643
3,3,3,3,3,4,4,4,3,4,3,4,3,3,4.0,3,3,4.0,4.0,3,2,4,3,4,3,3,3,3,4,4,2,3,4,4,3,3,4.0,4,3,4,4,4,4,4,4.0,4,4,4,4,4,4.0,4,3,,4,3,3,3,4,3,3,3,3.0,3,3.0,4,,4,3,,2,3,4.0,4,3,3,4,4,4.0,4,3,4,3,4,4,3,4,3,4,4,4,3,4.0,4,,1,3,4,4,4,3,4,2,4,3,3,4.0,4.0,3,3,3,4,4,3,4.0,3,4,4,4,4.0,4.0,2.0,3,4,3,4,4,4,4.0,4,4.0,3,4.0,0.0,4.0,3,4,4.0,3,4.0,3,3,4,3,4,4,3,4.0,4,4.0,4.0,4.0,4,,3,1,4.0,2,3.0,3,4,4,4,3,4,3,4.0,4.0,3,4,4,4.0,2,4,4.0,4.0,4,4,4.0,4,3,0,4.0,4.0,3,3,3,3,4.0,4.0,3,3,3,4,3,3,3,2,4,3,4.0,3,3,4,4.0,4,4,3,3,4,4.0,4,4.0,4.0,3,4,2,4.0,3,4,4,4.0,3,2,2,,4.0,3,4.0,,,3,3,3.0,3,4,4.0,4.0,3.0,3,4,3,4,3,3,4.0,4,3,4,4,4.0,4,4,3,4.0,4,4.0,4,3,3,4,4.0,3,4.0,4,4,3,4.0,2,3,4.0,3,4,4,4,3,3,4.0,4.0,4.0,4,4,4,,4,4,3,3,4,3,3,3,3,1,4,4.0,4,,4.0,3,4,4,3,,4,3,4.0,4,4,4.0,4,4.0,4.0,3,4.0,3,3,4.0,0,4,4,4.0,4,1,4,4.0,4,4.0,4,,4,3,4,3,4,,4.0,3,4,4.0,4,4,4,3,4,4,4.0,4,4,3,3,3,4,4.0,4.0,3,3,2,4.0,3,3,4.0,4,0,3,4,3,4.0,4.0,3,3,4,3,4,4,3,1,4.0,4.0,3,4,4.0,4.0,4.0,,4.0,4.0,4.0,4,3.0,,4.0,,3,,4.0,,,2,4,4,4.0,4.0,19,5,0.046831955922865,1.2053175775480058,-0.5635514447660449
3,3,3,3,3,3,3,3,3,3,0,3,3,2,3.0,3,2,3.0,4.0,3,2,4,3,3,4,3,3,3,3,3,4,3,3,4,3,3,4.0,4,3,4,4,3,3,3,1.0,3,3,1,3,3,4.0,4,3,,2,3,3,3,3,2,3,3,4.0,4,4.0,3,,4,3,,3,2,4.0,4,3,3,3,3,4.0,4,3,3,3,3,4,3,3,2,3,4,3,3,4.0,3,4.0,3,2,3,3,3,3,4,3,4,2,3,4.0,4.0,3,4,4,4,3,3,4.0,3,1,4,3,4.0,4.0,4.0,4,2,3,4,3,3,4.0,3,4.0,3,4.0,3.0,3.0,3,2,4.0,3,4.0,4,3,4,3,3,3,4,4.0,3,4.0,4.0,4.0,2,4.0,3,4,4.0,4,4.0,3,4,4,3,3,3,4,4.0,,3,3,4,4.0,3,4,3.0,4.0,4,3,4.0,3,3,4,4.0,4.0,3,3,3,4,4.0,3.0,3,3,3,3,3,3,3,0,3,3,2.0,3,3,4,2.0,3,3,3,3,4,4.0,3,4.0,4.0,3,3,3,3.0,3,3,4,4.0,3,3,3,,4.0,3,1.0,4.0,,3,3,4.0,4,3,3.0,4.0,4.0,2,3,3,3,3,3,4.0,3,2,3,4,4.0,3,2,3,4.0,4,4.0,2,3,3,3,4.0,3,4.0,3,3,4,3.0,4,3,3.0,3,4,3,3,4,3,4.0,4.0,4.0,3,3,3,,4,3,3,3,4,3,3,3,1,4,4,3.0,2,4.0,4.0,3,4,1,3,4.0,3,3,4.0,3,3,4.0,3,4.0,4.0,3,4.0,4,3,4.0,4,0,4,4.0,3,3,3,4.0,4,3.0,3,4.0,3,3,3,3,3,4.0,4.0,4,4,4.0,3,3,4,3,3,3,4.0,4,4,4,3,3,4,4.0,3.0,2,4,3,4.0,3,3,4.0,3,3,2,1,2,4.0,4.0,3,3,3,3,3,4,3,3,4.0,4.0,3,3,2.0,3.0,4.0,4.0,3.0,1.0,3.0,3,2.0,,4.0,,3,,4.0,,,3,3,3,4.0,0.0,20,5,0.0544959128065395,1.2427566225165563,-0.5439942529164017
4,4,3,3,3,4,4,3,1,0,3,3,3,3,2.0,3,3,3.0,3.0,3,2,4,3,4,3,3,3,3,3,4,3,3,1,4,2,3,4.0,4,3,4,3,4,4,4,4.0,4,4,4,4,3,4.0,4,2,,3,3,3,4,3,3,3,0,4.0,4,4.0,4,4.0,3,3,,3,2,3.0,4,2,3,3,3,4.0,3,3,3,3,3,4,3,3,3,4,4,1,3,4.0,4,4.0,3,3,4,3,3,4,4,3,4,2,3,0.0,4.0,3,4,3,4,2,3,3.0,3,4,3,4,4.0,4.0,4.0,4,3,3,3,3,4,4.0,4,4.0,3,4.0,3.0,4.0,1,4,4.0,4,3.0,4,3,4,3,4,4,4,4.0,4,4.0,4.0,4.0,3,4.0,4,4,3.0,4,3.0,1,4,3,4,3,4,4,4.0,2.0,4,4,4,4.0,4,4,4.0,4.0,4,4,4.0,4,3,3,4.0,4.0,3,3,3,3,4.0,4.0,3,4,3,4,3,4,3,3,3,3,1.0,4,4,4,4.0,4,4,2,4,3,4.0,4,4.0,4.0,3,4,4,4.0,3,3,4,4.0,3,3,0,,4.0,3,4.0,,4.0,3,4,4.0,3,3,4.0,4.0,4.0,3,4,4,3,3,2,4.0,4,3,4,3,2.0,3,4,3,4.0,3,4.0,3,3,3,3,4.0,3,4.0,3,4,4,4.0,4,4,4.0,4,4,4,3,4,3,4.0,4.0,4.0,4,3,4,3.0,3,3,4,3,4,2,4,3,4,3,3,3.0,3,4.0,4.0,3,4,3,3,,4,3,4.0,4,3,4.0,4,4.0,4.0,3,4.0,4,2,4.0,4,4,4,4.0,4,3,3,4.0,4,3.0,3,,4,3,4,3,3,,4.0,4,4,4.0,3,4,4,4,3,4,4.0,3,4,3,4,4,4,4.0,4.0,3,4,3,3.0,4,4,4.0,3,3,4,4,4,4.0,4.0,3,4,4,3,4,3,3,4,4.0,4.0,4,3,4.0,4.0,4.0,,4.0,4.0,4.0,4,4.0,,4.0,,4,,4.0,,,4,3,4,4.0,4.0,21,5,0.0842696629213483,1.2202545655783066,-0.5080591107277606
4,3,4,4,4,4,4,5,4,4,4,4,4,4,5.0,4,4,5.0,5.0,4,3,4,4,5,4,4,4,4,2,3,4,4,4,5,4,4,4.0,5,4,1,4,5,4,4,5.0,4,4,5,4,5,5.0,4,4,5.0,4,4,4,4,4,4,4,4,5.0,4,4.0,4,,5,4,,4,3,5.0,5,4,4,4,5,4.0,4,3,4,3,4,5,4,3,3,5,4,5,4,5.0,4,5.0,3,4,4,4,4,4,4,3,4,4,4,5.0,5.0,4,4,4,4,5,3,5.0,4,4,4,3,0.0,5.0,5.0,4,4,4,4,4,4,5.0,4,5.0,4,5.0,5.0,5.0,4,5,5.0,4,4.0,5,4,4,4,4,4,2,0.0,4,5.0,5.0,5.0,4,5.0,3,5,5.0,5,5.0,4,4,5,5,4,5,4,5.0,,4,4,1,4.0,2,4,4.0,5.0,4,4,4.0,4,4,4,5.0,4.0,4,4,4,4,4.0,4.0,3,4,3,4,4,3,4,4,4,3,5.0,4,4,4,5.0,3,4,4,4,4,4.0,4,5.0,5.0,4,4,4,5.0,4,4,2,4.0,4,4,5,,5.0,4,5.0,5.0,,3,4,5.0,4,5,5.0,5.0,5.0,1,5,4,4,4,4,4.0,4,3,4,5,5.0,4,4,4,5.0,5,5.0,4,4,3,5,5.0,4,5.0,4,4,4,4.0,4,4,5.0,4,4,4,4,4,4,5.0,5.0,5.0,4,4,4,5.0,4,4,4,4,5,4,4,4,4,4,5,5.0,5,5.0,3.0,4,4,4,2,,5,4,4.0,4,2,5.0,4,5.0,5.0,4,5.0,4,4,5.0,5,5,4,5.0,4,4,4,5.0,5,4.0,4,5.0,4,4,4,4,4,5.0,5.0,4,5,5.0,4,4,4,4,4,4,5.0,5,4,4,4,4,4,5.0,4.0,4,4,4,5.0,4,4,5.0,4,3,4,4,4,4.0,5.0,4,3,4,4,4,4,4,0,5.0,5.0,4,4,0.0,5.0,5.0,5.0,5.0,4.0,5.0,4,4.0,,5.0,,4,,4.0,,5.0,4,4,4,4.0,5.0,22,5,0.0485175202156334,1.2484557309540152,-0.6466399469077878
3,3,4,3,3,3,4,4,3,4,3,1,4,2,4.0,3,4,4.0,4.0,3,3,4,3,4,3,4,3,4,4,1,4,3,4,4,4,4,4.0,4,4,4,4,1,4,4,4.0,4,4,4,4,4,4.0,2,3,,3,3,4,4,4,4,3,4,4.0,4,,4,,4,4,,2,3,4.0,4,4,3,4,4,4.0,4,3,3,3,3,4,4,3,3,4,4,4,3,4.0,4,,4,3,4,4,4,3,4,3,4,3,3,4.0,4.0,4,4,4,4,4,3,3.0,4,4,0,2,4.0,4.0,4.0,4,4,4,4,4,4,4.0,4,4.0,3,4.0,4.0,4.0,4,4,1.0,3,4.0,4,4,4,3,4,4,4,,4,,,,3,,4,0,4.0,2,4.0,3,4,4,3,4,4,4,4.0,,4,3,3,4.0,2,0,1.0,3.0,4,1,4.0,4,4,4,4.0,4.0,3,3,4,4,4.0,4.0,3,4,3,4,4,3,4,3,4,3,4.0,4,3,4,,4,4,4,4,4,4.0,4,4.0,4.0,3,4,4,4.0,4,4,4,4.0,4,3,4,,4.0,4,4.0,,,4,4,4.0,4,4,4.0,,4.0,4,4,4,3,3,4,4.0,4,3,4,4,,3,3,4,4.0,4,4.0,4,2,4,3,4.0,4,3.0,4,4,4,4.0,4,4,4.0,4,4,4,3,4,4,4.0,4.0,,4,4,4,,4,4,4,3,4,3,4,3,3,4,4,4.0,4,,4.0,4,4,4,4,,4,3,4.0,4,4,0.0,4,4.0,4.0,4,,4,3,4.0,4,4,4,4.0,4,4,3,4.0,4,4.0,4,4.0,4,3,3,4,4,,4.0,4,4,4.0,4,4,4,2,4,4,4.0,4,4,2,4,4,4,4.0,4.0,3,4,4,4.0,4,4,4.0,4,4,4,4,4,,4.0,4,4,4,4,4,4,4,4,4.0,,4,4,4.0,,4.0,,4.0,4.0,4.0,4,4.0,,,,4,,4.0,,,4,4,4,4.0,4.0,23,5,0.063953488372093,1.2069186418962203,-0.41830426729544185
3,3,3,3,3,3,3,3,2,3,3,3,3,3,4.0,4,3,4.0,4.0,3,3,1,0,3,3,3,3,3,3,4,3,0,3,4,3,3,4.0,2,3,4,1,4,4,3,4.0,4,3,4,3,4,4.0,3,3,,3,3,2,3,3,3,3,2,1.0,3,4.0,3,,4,3,,3,3,3.0,4,3,3,3,1,3.0,3,3,0,2,3,3,3,3,3,3,3,4,2,4.0,4,4.0,2,3,4,3,3,3,3,1,4,2,3,3.0,4.0,3,3,3,3,3,3,4.0,3,3,4,0,4.0,4.0,3.0,4,3,3,3,3,3,4.0,2,4.0,3,4.0,4.0,4.0,3,4,4.0,2,4.0,4,3,3,3,3,3,3,4.0,3,4.0,4.0,4.0,3,4.0,4,3,4.0,3,4.0,3,3,4,3,3,4,3,4.0,4.0,2,3,3,4.0,3,3,4.0,4.0,4,3,4.0,3,3,3,4.0,4.0,3,3,3,2,3.0,3.0,2,3,3,3,3,3,3,2,4,3,4.0,3,3,3,4.0,3,3,2,4,4,4.0,3,4.0,4.0,3,3,4,3.0,3,3,4,4.0,3,2,4,,4.0,3,4.0,4.0,,4,3,3.0,3,3,4.0,4.0,4.0,3,3,4,3,3,3,3.0,4,3,4,4,4.0,3,4,3,4.0,4,4.0,3,3,3,3,4.0,3,4.0,3,4,3,3.0,3,3,4.0,3,3,4,3,3,3,4.0,4.0,4.0,4,4,3,4.0,3,3,3,2,4,3,3,3,3,3,4,4.0,4,,4.0,3,4,3,2,3.0,3,3,4.0,3,3,4.0,4,4.0,4.0,3,4.0,1,3,4.0,4,4,3,4.0,3,3,3,4.0,3,4.0,3,,3,3,3,3,3,,4.0,4,4,4.0,3,4,4,3,3,2,4.0,3,3,3,3,4,4,3.0,4.0,3,3,3,4.0,3,3,4.0,3,3,2,3,3,4.0,4.0,4,3,3,3,3,1,3,3,4.0,4.0,4,4,4.0,4.0,3.0,,4.0,4.0,4.0,3,3.0,,4.0,,3,,4.0,,4.0,3,3,3,4.0,4.0,24,5,0.046070460704607,1.2487244897959184,-0.6658242305003033
3,3,3,3,2,4,4,4,4,3,3,3,2,3,3.0,3,1,4.0,4.0,3,3,4,3,3,4,3,3,3,3,3,3,3,4,4,3,1,3.0,4,3,4,4,4,3,3,4.0,3,3,4,4,4,4.0,4,3,,3,3,3,3,4,3,3,4,4.0,4,4.0,2,,2,3,,3,2,3.0,4,4,1,3,3,4.0,4,3,3,3,3,4,3,4,3,4,4,4,3,4.0,3,,3,3,4,3,4,3,4,3,4,3,3,4.0,4.0,3,4,3,3,3,2,4.0,3,4,4,4,4.0,4.0,4.0,4,3,3,3,3,4,4.0,4,4.0,3,4.0,4.0,4.0,3,4,4.0,3,4.0,0,3,4,3,4,4,4,4.0,4,4.0,4.0,4.0,3,4.0,4,4,4.0,4,4.0,1,4,4,4,3,3,4,4.0,,3,3,4,4.0,2,4,4.0,4.0,4,4,4.0,4,4,3,4.0,3.0,3,4,3,3,4.0,4.0,2,2,0,3,4,3,2,2,3,3,4.0,3,3,3,4.0,3,4,3,3,3,4.0,3,2.0,3.0,3,3,4,4.0,3,3,4,4.0,3,3,4,,4.0,4,4.0,,,3,3,4.0,4,3,4.0,4.0,4.0,4,3,0,3,4,4,4.0,4,3,4,4,4.0,3,4,4,4.0,4,0.0,4,3,4,4,4.0,3,4.0,4,4,4,4.0,3,4,4.0,4,4,4,3,4,3,4.0,4.0,4.0,4,4,3,4.0,3,4,3,3,3,4,3,3,4,4,3,4.0,4,,4.0,3,4,3,3,,4,4,4.0,4,4,4.0,4,4.0,2.0,3,2.0,3,3,4.0,4,4,4,4.0,4,3,3,4.0,4,4.0,3,,4,3,4,3,4,,4.0,4,4,4.0,4,4,3,4,3,3,4.0,4,4,3,3,4,3,4.0,4.0,3,4,3,4.0,4,3,4.0,3,3,4,4,3,4.0,4.0,3,4,4,3,4,4,4,3,4.0,4.0,3,3,4.0,4.0,4.0,,4.0,3.0,3.0,4,4.0,,4.0,,3,,4.0,,4.0,3,4,4,4.0,4.0,25,5,0.0523415977961432,1.2122328666175386,-0.5947597492023559
3,3,3,3,1,3,3,3,1,3,3,3,3,3,4.0,4,3,4.0,4.0,3,3,4,3,2,3,3,3,3,2,3,0,2,3,4,3,3,0.0,4,3,3,4,4,3,3,4.0,3,3,4,3,4,4.0,3,3,,3,3,4,3,3,3,3,3,4.0,4,4.0,4,,4,3,,3,2,4.0,3,3,3,4,4,4.0,3,2,3,2,3,3,3,2,3,4,3,4,2,4.0,3,4.0,3,3,3,3,3,3,3,3,3,3,3,4.0,4.0,3,3,3,3,3,2,4.0,3,3,3,3,4.0,4.0,4.0,4,3,3,3,3,3,4.0,3,4.0,3,4.0,4.0,4.0,3,4,4.0,3,4.0,4,3,4,3,4,3,4,3.0,4,3.0,4.0,4.0,3,4.0,4,4,4.0,4,4.0,3,4,3,3,3,4,4,4.0,4.0,3,3,4,4.0,2,3,4.0,4.0,4,3,4.0,4,3,3,4.0,4.0,2,3,3,2,4.0,4.0,3,3,3,3,3,3,4,3,4,3,3.0,3,3,3,4.0,4,3,3,4,4,3.0,3,4.0,4.0,3,3,4,4.0,3,4,4,4.0,3,3,4,,4.0,4,1.0,,,3,3,4.0,3,4,3.0,4.0,4.0,3,4,3,2,3,3,4.0,4,3,4,4,4.0,4,3,4,4.0,4,4.0,4,4,3,4,4.0,3,4.0,4,3,3,3.0,3,4,4.0,3,3,4,3,4,3,4.0,4.0,4.0,4,4,4,,4,3,3,3,4,3,3,2,3,4,2,4.0,3,4.0,4.0,1,4,1,3,,3,3,4.0,4,2,4.0,4,4.0,4.0,3,4.0,4,4,4.0,4,4,3,4.0,4,3,3,4.0,4,4.0,0,,3,3,4,3,3,,4.0,4,4,4.0,4,4,3,3,3,4,4.0,4,4,4,3,4,3,1.0,4.0,3,3,3,4.0,3,3,4.0,3,3,3,4,3,3.0,4.0,4,4,4,3,4,4,3,4,4.0,0.0,3,3,4.0,4.0,4.0,,4.0,3.0,3.0,4,4.0,,4.0,4.0,4,,3.0,,,3,3,4,4.0,4.0,26,5,0.0463215258855585,1.1994944584872642,-0.6481349825365286
3,3,3,2,3,4,3,3,3,3,4,4,3,3,4.0,4,4,4.0,4.0,3,2,0,4,4,3,3,3,3,3,0,2,2,3,4,3,3,4.0,3,3,3,4,3,4,3,4.0,3,3,4,2,4,4.0,3,3,,3,3,3,3,4,3,3,3,4.0,4,4.0,3,,3,3,,3,3,4.0,4,3,3,3,4,3.0,4,3,3,3,4,4,3,3,3,4,3,4,3,4.0,3,4.0,2,3,4,3,3,3,3,3,3,3,3,4.0,4.0,3,4,3,3,4,3,4.0,3,3,4,4,4.0,4.0,4.0,3,1,2,3,4,4,4.0,3,4.0,3,4.0,4.0,4.0,3,4,4.0,1,4.0,3,3,4,3,4,3,3,4.0,4,4.0,4.0,4.0,4,4.0,3,4,4.0,4,4.0,3,4,4,4,3,4,3,4.0,,3,3,3,4.0,3,4,4.0,4.0,4,4,3.0,2,4,3,4.0,2.0,3,3,3,3,4.0,4.0,2,3,2,3,4,3,3,3,4,1,4.0,3,2,3,4.0,3,4,4,4,4,4.0,3,4.0,4.0,3,3,4,4.0,2,3,4,3.0,3,3,4,4.0,4.0,4,4.0,,,3,3,4.0,3,4,4.0,4.0,4.0,3,3,3,3,2,3,4.0,2,2,4,4,4.0,3,3,3,4.0,4,4.0,3,3,2,4,4.0,3,4.0,3,3,0,4.0,3,3,3.0,4,3,4,4,3,3,4.0,4.0,,4,4,4,4.0,4,4,3,3,4,3,3,3,3,4,4,4.0,4,,4.0,1,4,4,3,,4,3,3.0,3,3,4.0,4,4.0,4.0,3,4.0,2,3,4.0,4,4,4,4.0,3,4,3,4.0,3,4.0,3,,4,3,4,3,4,,4.0,4,4,4.0,4,3,4,4,3,3,4.0,4,3,4,4,3,3,4.0,3.0,3,0,3,4.0,2,3,4.0,4,3,3,3,3,4.0,4.0,3,2,3,3,3,3,3,3,4.0,4.0,3,4,4.0,4.0,4.0,,4.0,4.0,4.0,4,4.0,,4.0,,3,,3.0,,4.0,3,3,4,4.0,4.0,27,5,0.0435967302452316,1.201028963414634,-0.6623339667380964
4,4,4,3,3,4,3,4,4,4,4,4,4,4,4.0,4,3,5.0,5.0,4,3,4,4,4,4,4,3,4,4,2,4,3,4,4,3,3,4.0,4,4,4,3,4,4,4,5.0,4,4,4,4,4,4.0,4,4,,4,4,4,4,4,4,4,0,2.0,4,5.0,4,,4,4,,3,3,4.0,4,4,3,4,4,4.0,4,1,3,4,4,4,4,4,3,4,4,4,4,5.0,4,5.0,3,4,4,4,3,4,4,4,4,3,4,4.0,4.0,4,4,2,2,4,3,5.0,3,2,4,4,4.0,5.0,4.0,4,4,3,4,4,4,4.0,4,5.0,4,4.0,4.0,5.0,4,4,5.0,3,4.0,4,4,4,3,4,4,4,5.0,4,4.0,5.0,5.0,3,5.0,4,4,4.0,4,3.0,4,4,4,4,4,4,5,5.0,5.0,4,4,4,5.0,4,4,4.0,5.0,4,4,4.0,4,4,4,5.0,4.0,3,4,4,4,4.0,5.0,3,4,4,4,4,4,4,3,4,4,4.0,4,3,0,5.0,4,4,4,4,4,4.0,4,5.0,5.0,4,4,4,4.0,2,4,4,4.0,4,3,4,5.0,4.0,4,5.0,5.0,,4,4,4.0,3,1,4.0,5.0,5.0,4,4,4,4,4,4,5.0,4,4,4,4,0.0,4,4,4,4.0,4,4.0,4,4,4,4,4.0,3,5.0,4,3,4,4.0,4,4,5.0,4,5,4,4,4,4,4.0,5.0,5.0,4,4,4,5.0,4,4,4,4,4,4,4,3,4,4,3,4.0,4,5.0,5.0,4,4,4,4,5.0,4,4,5.0,4,4,5.0,0,5.0,4.0,4,5.0,4,4,5.0,4,5,4,5.0,4,4,4,1.0,2,4.0,4,5.0,4,4,4,4,4,5.0,5.0,4,5,5.0,4,4,4,4,4,4,4.0,4,4,4,4,4,5,5.0,4.0,4,4,4,5.0,4,3,5.0,3,4,3,4,4,5.0,4.0,4,4,4,4,3,4,4,4,5.0,5.0,4,4,4.0,5.0,4.0,5.0,4.0,4.0,5.0,4,4.0,,5.0,,4,,4.0,,5.0,4,4,4,5.0,5.0,28,5,0.0567567567567567,1.2928538066324147,-0.5924789057962034
3,2,3,3,2,4,2,2,3,3,3,3,4,3,4.0,3,3,4.0,4.0,0,2,4,3,3,3,3,3,3,3,3,4,3,0,3,3,3,4.0,4,4,4,4,3,3,4,4.0,3,3,1,3,3,4.0,4,2,0.0,3,2,4,3,3,3,3,3,4.0,4,4.0,3,,4,3,,3,3,4.0,4,3,3,4,4,3.0,3,3,3,3,4,3,3,3,3,4,4,3,3,4.0,3,4.0,3,2,4,2,3,3,3,3,2,2,3,3.0,4.0,3,3,4,3,4,3,3.0,1,3,3,3,4.0,4.0,4.0,4,3,3,3,3,3,2.0,3,3.0,1,4.0,2.0,4.0,3,4,4.0,3,3.0,4,3,4,3,3,4,3,4.0,3,4.0,4.0,4.0,3,4.0,3,4,4.0,4,4.0,3,4,4,3,3,3,4,4.0,4.0,3,4,4,4.0,3,4,4.0,4.0,4,4,4.0,3,4,3,4.0,4.0,3,3,3,3,4.0,3.0,3,3,3,3,3,3,4,2,3,3,3.0,3,2,4,4.0,3,4,3,3,3,4.0,3,4.0,4.0,3,3,3,3.0,3,3,4,3.0,3,3,4,,4.0,3,4.0,,,4,3,3.0,3,4,4.0,4.0,4.0,3,4,3,3,3,4,3.0,4,3,4,3,4.0,3,4,3,4.0,4,1.0,3,3,4,3,4.0,3,0.0,4,3,4,4.0,3,3,4.0,4,4,3,3,4,4,4.0,4.0,4.0,3,3,4,4.0,3,4,3,3,3,3,3,3,3,1,3,3.0,4,4.0,4.0,3,4,1,3,,4,3,4.0,3,1,4.0,4,4.0,2.0,3,4.0,3,3,3.0,3,4,4,4.0,3,3,3,4.0,4,3.0,2,4.0,3,3,3,3,3,4.0,4.0,3,4,4.0,3,4,3,3,3,3,4.0,3,3,4,3,2,3,4.0,3.0,2,4,2,4.0,3,3,4.0,3,3,3,4,3,4.0,4.0,2,3,3,3,3,3,3,4,4.0,4.0,1,3,4.0,4.0,4.0,,4.0,4.0,4.0,3,4.0,,4.0,,3,,4.0,,4.0,3,4,4,4.0,4.0,29,5,0.0572207084468664,1.2015193922431027,-0.5881877193587954
2,3,3,3,2,3,2,4,4,4,3,3,4,3,4.0,3,4,4.0,4.0,3,3,4,3,3,4,3,3,2,3,1,4,3,3,4,3,4,4.0,4,0,3,4,4,3,3,4.0,3,3,3,3,3,4.0,4,3,4.0,3,3,2,3,4,3,3,3,4.0,4,4.0,4,,4,3,,3,3,4.0,4,4,3,4,4,4.0,3,3,3,3,3,1,3,2,3,4,4,4,3,3.0,3,4.0,3,2,4,3,3,0,3,3,4,3,3,4.0,3.0,4,4,3,4,3,2,4.0,3,3,3,3,4.0,4.0,4.0,4,3,3,4,4,1,4.0,3,2.0,3,0.0,4.0,2.0,1,4,4.0,3,3.0,4,3,4,4,3,3,4,4.0,4,4.0,4.0,4.0,2,,4,4,4.0,3,4.0,3,4,3,4,4,3,4,4.0,4.0,3,4,3,4.0,3,3,4.0,4.0,4,4,4.0,4,4,2,4.0,4.0,3,3,3,3,4.0,3.0,3,3,3,3,3,3,4,3,3,3,4.0,3,4,3,4.0,4,3,4,3,4,4.0,4,4.0,4.0,3,3,3,4.0,3,3,3,4.0,3,3,4,,4.0,4,4.0,,,4,4,4.0,3,4,4.0,,4.0,4,4,4,4,3,4,4.0,4,3,4,4,4.0,4,4,4,4.0,4,3.0,4,3,3,3,3.0,4,4.0,4,4,3,4.0,4,3,4.0,3,3,4,3,4,4,4.0,3.0,4.0,4,4,4,,3,4,4,3,4,4,4,2,1,4,4,4.0,4,,0.0,3,4,4,3,,4,4,4.0,4,4,4.0,4,4.0,4.0,3,4.0,4,4,4.0,4,3,4,4.0,4,4,3,4.0,4,4.0,4,,4,4,4,3,4,,4.0,4,4,4.0,4,4,3,3,3,3,4.0,4,3,4,3,4,4,4.0,3.0,3,4,3,,3,3,4.0,4,2,4,4,3,4.0,4.0,4,4,4,3,4,4,3,3,4.0,4.0,4,3,3.0,4.0,3.0,,4.0,4.0,4.0,4,4.0,,4.0,,3,,1.0,,4.0,3,4,4,4.0,4.0,30,5,0.0642458100558659,1.2075022872827081,-0.558384996343554
4,4,5,4,4,4,5,5,4,4,4,4,4,4,5.0,4,4,5.0,5.0,4,3,4,4,5,4,4,4,4,4,4,4,4,4,0,4,4,5.0,5,4,5,5,4,5,5,5.0,5,4,4,4,5,5.0,4,4,,5,4,4,4,4,4,2,4,5.0,5,5.0,4,,5,4,,4,4,5.0,5,5,4,4,5,5.0,4,3,4,3,4,4,4,5,1,4,4,5,4,5.0,5,5.0,4,4,5,4,4,3,5,4,5,3,4,5.0,5.0,4,5,4,5,5,4,5.0,4,4,4,4,5.0,5.0,5.0,4,4,4,4,4,4,5.0,5,4.0,4,5.0,5.0,5.0,4,4,5.0,4,4.0,5,4,5,4,4,5,5,5.0,4,5.0,5.0,5.0,4,5.0,4,4,5.0,5,5.0,3,0,5,5,4,5,5,4.0,5.0,4,5,5,5.0,4,5,5.0,5.0,5,5,5.0,5,4,4,5.0,5.0,3,4,4,4,5.0,5.0,4,4,4,4,4,4,5,3,5,4,5.0,4,4,5,5.0,5,4,4,4,4,5.0,4,5.0,5.0,4,4,4,5.0,4,4,4,5.0,4,4,5,,5.0,4,5.0,,5.0,5,4,5.0,4,4,5.0,,5.0,4,5,5,5,4,5,5.0,3,4,4,5,5.0,4,4,4,5.0,5,5.0,3,4,4,4,4.0,4,5.0,4,4,5,5.0,5,4,0.0,5,5,4,0,4,4,5.0,5.0,5.0,4,4,4,5.0,4,5,5,4,5,2,4,4,4,4,5,5.0,5,,5.0,4,4,5,4,,5,4,5.0,4,4,5.0,5,5.0,5.0,4,5.0,5,4,5.0,5,5,5,5.0,5,5,4,5.0,4,5.0,4,,4,4,3,4,4,,5.0,5,5,5.0,4,5,5,4,4,4,5.0,4,4,4,4,5,4,5.0,5.0,3,4,4,5.0,3,4,5.0,4,3,4,5,4,5.0,5.0,4,5,4,4,4,5,3,5,5.0,5.0,4,4,5.0,5.0,5.0,,5.0,5.0,5.0,5,5.0,,5.0,,5,,5.0,5.0,5.0,4,2,5,5.0,5.0,31,5,0.0606060606060606,1.232585830521929,-0.6737149679509872
4,4,4,3,4,4,4,4,3,3,3,4,4,3,4.0,2,3,4.0,4.0,4,2,4,4,4,4,4,3,3,4,4,4,3,4,4,4,4,4.0,4,3,4,4,4,4,4,4.0,4,4,4,3,4,,4,4,,4,4,4,4,4,3,4,4,4.0,4,,4,,4,4,,4,3,4.0,4,4,3,4,4,4.0,4,3,4,3,4,4,4,4,4,4,4,4,3,,4,,3,3,4,4,2,4,4,3,4,2,3,4.0,4.0,4,4,4,4,4,3,,4,4,3,4,4.0,,4.0,4,4,4,4,4,4,4.0,4,4.0,1,3.0,3.0,1.0,4,1,0.0,4,4.0,4,3,4,4,4,4,4,,4,,,4.0,3,,4,1,4.0,3,2.0,3,4,1,4,4,4,4,,4.0,4,4,4,,4,4,,4.0,2,4,,4,4,4,4.0,4.0,4,4,4,4,4.0,4.0,4,4,4,4,4,4,4,3,4,3,4.0,4,4,4,4.0,2,4,3,4,4,,4,4.0,,4,4,4,4.0,4,4,4,4.0,4,3,4,,,4,3.0,,,4,4,4.0,4,3,4.0,,,4,4,0,4,3,4,4.0,4,4,4,4,4.0,4,4,4,,4,,4,4,4,3,4.0,4,,4,3,4,4.0,4,4,,4,4,4,3,4,4,4.0,4.0,,4,4,4,4.0,3,4,4,4,4,4,4,4,4,4,4,4.0,4,,0.0,4,2,4,4,,4,4,4.0,4,4,4.0,4,4.0,4.0,4,,4,4,4.0,4,4,4,,4,2,4,4.0,4,4.0,4,3.0,4,4,4,4,3,,4.0,4,4,4.0,4,4,4,3,4,3,,4,4,4,4,4,4,4.0,3.0,3,4,3,,4,4,4.0,4,3,3,4,3,4.0,,3,4,4,4,4,4,4,1,,,4,4,4.0,,4.0,,4.0,4.0,4.0,4,4.0,3.0,,,4,,4.0,,,4,4,4,4.0,0.0,32,5,0.073170731707317,1.2465646875810215,-0.23469571523308377
3,3,3,3,4,4,4,4,4,4,3,4,4,4,4.0,4,4,4.0,4.0,4,3,2,3,4,4,3,3,3,4,3,4,3,4,4,3,4,4.0,4,4,4,4,4,2,4,4.0,3,3,3,3,4,4.0,4,3,,4,3,4,4,4,3,3,3,4.0,4,,4,,4,3,,4,3,4.0,4,4,3,4,4,1.0,4,3,3,3,3,4,4,4,3,4,4,4,3,,4,,3,0,4,4,4,3,3,4,4,3,3,4.0,4.0,3,4,4,4,4,4,4.0,3,4,4,4,4.0,4.0,4.0,4,3,3,4,4,4,4.0,4,4.0,2,4.0,4.0,4.0,4,4,4.0,4,4.0,4,3,3,1,4,4,4,,4,4.0,4.0,4.0,3,,4,4,4.0,4,4.0,3,4,4,4,4,4,4,,,3,3,2,4.0,3,4,4.0,4.0,2,4,4.0,3,4,0,4.0,3.0,3,4,3,3,4.0,4.0,2,3,3,4,4,4,3,3,4,3,4.0,3,3,4,4.0,0,4,4,3,4,4.0,4,4.0,4.0,4,2,4,4.0,3,3,4,4.0,3,3,4,,4.0,3,4.0,,,4,4,4.0,3,4,4.0,,4.0,3,4,4,4,3,4,4.0,4,3,4,3,4.0,4,4,3,4.0,4,4.0,3,3,4,3,4.0,4,4.0,4,4,4,4.0,4,1,4.0,4,4,4,4,3,4,4.0,4.0,,4,4,4,,4,4,4,4,4,4,4,2,3,4,4,4.0,4,,4.0,3,4,4,3,,4,3,4.0,3,3,4.0,4,4.0,4.0,4,4.0,4,4,4.0,4,3,4,0.0,4,4,3,4.0,4,4.0,4,4.0,4,2,4,4,3,,4.0,4,4,4.0,4,2,3,3,3,3,4.0,4,4,4,3,4,4,4.0,4.0,3,4,2,,3,4,,4,4,4,4,3,4.0,4.0,3,4,4,4,4,4,4,4,4.0,,4,4,4.0,4.0,4.0,,4.0,4.0,4.0,4,4.0,,,,3,,4.0,,4.0,3,3,1,4.0,4.0,33,5,0.0509915014164305,1.2317829457364342,-0.5224962643822642
4,4,4,4,4,4,4,4,4,4,4,4,4,3,4.0,4,4,4.0,3.0,4,4,4,3,5,4,4,4,2,4,4,4,4,4,5,4,4,5.0,4,2,4,4,5,4,4,5.0,5,4,5,4,4,5.0,5,4,5.0,4,4,4,4,4,4,4,4,4.0,0,5.0,5,,4,4,,4,3,5.0,4,4,4,4,5,4.0,4,3,4,4,4,4,4,4,4,4,4,5,3,5.0,3,5.0,4,4,5,4,4,4,4,2,4,3,3,5.0,4.0,2,5,4,5,4,4,5.0,4,4,4,4,4.0,5.0,5.0,4,4,4,4,4,4,5.0,4,5.0,4,5.0,5.0,5.0,4,5,5.0,4,4.0,5,4,4,4,4,4,4,5.0,5,5.0,5.0,5.0,4,5.0,4,4,4.0,5,4.0,3,5,4,5,4,4,4,5.0,5.0,4,4,3,4.0,4,4,3.0,4.0,5,5,5.0,4,4,4,4.0,5.0,4,5,4,4,5.0,5.0,4,4,4,5,4,4,4,4,4,4,5.0,4,4,5,5.0,4,4,4,4,5,5.0,4,4.0,4.0,3,4,4,5.0,3,4,5,5.0,4,3,5,,5.0,5,5.0,5.0,,4,4,4.0,4,4,4.0,5.0,5.0,4,4,4,4,3,0,4.0,4,3,4,5,5.0,4,4,4,5.0,5,5.0,4,4,4,4,5.0,4,5.0,5,4,4,4.0,4,5,5.0,4,4,5,3,4,4,5.0,5.0,5.0,4,4,0,5.0,4,5,4,4,4,4,3,4,4,4,5,5.0,5,5.0,5.0,3,5,4,4,,5,4,5.0,4,4,5.0,4,5.0,5.0,4,5.0,4,4,5.0,5,5,4,5.0,4,4,4,4.0,4,5.0,4,5.0,4,4,4,4,4,5.0,5.0,5,5,5.0,4,4,5,4,4,4,4.0,4,3,0,4,4,4,4.0,4.0,4,4,4,5.0,3,4,5.0,2,3,4,4,4,5.0,5.0,4,4,4,4,4,3,3,4,5.0,5.0,4,4,4.0,5.0,4.0,5.0,5.0,5.0,5.0,4,5.0,,5.0,,1,,5.0,,5.0,4,3,4,4.0,5.0,34,5,0.0684931506849315,1.2490498546836575,-0.6469466479307284
3,3,3,3,3,3,3,3,3,2,0,3,3,3,2.0,3,3,3.0,4.0,3,2,3,3,3,3,3,3,3,3,3,3,3,3,4,3,3,4.0,3,3,3,4,3,4,3,2.0,3,3,3,3,3,4.0,3,3,4.0,4,3,3,3,2,3,3,3,3.0,3,4.0,4,,4,3,,2,3,4.0,4,3,3,3,4,3.0,3,3,2,3,3,4,3,3,3,3,3,3,3,4.0,3,4.0,3,2,4,3,3,3,0,3,3,3,2,4.0,4.0,3,3,1,3,3,2,4.0,3,3,3,2,4.0,4.0,4.0,3,3,2,3,3,3,4.0,4,4.0,3,3.0,3.0,4.0,3,3,4.0,3,3.0,3,3,2,3,3,3,3,4.0,3,4.0,4.0,4.0,2,4.0,3,4,4.0,3,4.0,3,4,3,3,3,2,2,4.0,4.0,3,3,3,4.0,2,4,4.0,4.0,4,3,3.0,3,3,3,4.0,3.0,2,3,3,3,4.0,3.0,3,3,3,3,0,2,3,3,3,3,4.0,3,3,3,3.0,3,3,3,3,2,3.0,3,4.0,4.0,1,3,3,4.0,2,3,3,1.0,3,3,4,,4.0,4,4.0,4.0,,3,3,3.0,3,3,4.0,4.0,4.0,3,3,3,3,2,3,3.0,3,2,3,4,4.0,3,3,2,4.0,4,4.0,3,1,1,3,4.0,3,4.0,3,3,3,4.0,3,3,4.0,3,3,4,3,3,3,4.0,4.0,4.0,4,3,3,4.0,3,3,4,2,3,3,3,3,3,4,4,4.0,4,4.0,4.0,3,3,3,3,,4,3,4.0,3,3,4.0,3,4.0,4.0,3,4.0,3,3,4.0,4,3,3,4.0,3,3,2,4.0,4,4.0,3,,4,3,0,3,2,4.0,4.0,4,4,4.0,3,4,3,1,3,2,4.0,3,3,4,3,2,4,4.0,3.0,3,3,3,4.0,3,3,4.0,3,2,3,4,3,4.0,4.0,3,4,3,3,3,3,3,3,4.0,4.0,3,3,4.0,4.0,4.0,4.0,3.0,4.0,4.0,4,3.0,,4.0,,3,,4.0,,4.0,3,3,4,4.0,4.0,35,5,0.0599455040871934,1.221213463241807,-0.6880979570070392
4,4,3,1,4,4,3,4,4,4,4,4,4,3,4.0,4,4,4.0,4.0,3,3,4,4,4,4,4,3,4,3,4,4,4,4,4,4,4,4.0,4,4,4,4,4,3,4,,4,4,4,4,4,4.0,4,3,,4,4,4,4,4,3,3,3,4.0,4,4.0,0,,4,4,,3,3,4.0,4,4,4,4,4,4.0,4,3,3,2,4,4,4,4,3,2,3,3,4,,4,,3,4,4,4,4,4,4,3,4,3,4,,4.0,3,4,2,4,4,3,4.0,3,2,4,4,4.0,4.0,4.0,4,3,3,4,4,3,4.0,4,4.0,3,4.0,4.0,,4,4,,3,4.0,4,3,4,4,4,3,0,,1,,,,4,,4,4,,4,4.0,4,4,4,4,4,4,4,4.0,,4,3,4,4.0,3,4,4.0,4.0,4,4,4.0,4,4,4,4.0,4.0,3,3,4,4,4.0,3.0,3,4,3,4,3,3,4,2,4,4,4.0,3,3,4,4.0,4,4,4,4,4,4.0,4,4.0,,4,3,4,4.0,3,4,4,4.0,4,3,4,,4.0,4,4.0,,,4,4,4.0,4,4,4.0,,,3,4,4,4,4,4,4.0,4,3,4,4,,4,4,4,4.0,4,4.0,3,4,4,4,4.0,3,,4,4,4,4.0,4,4,4.0,4,4,4,3,4,4,4.0,4.0,,4,4,4,,4,4,4,4,4,3,4,3,4,4,4,4.0,4,,4.0,3,4,4,3,,4,0,4.0,4,3,4.0,4,4.0,4.0,4,4.0,0,2,4.0,2,4,4,4.0,4,4,4,4.0,4,4.0,1,4.0,3,4,4,4,4,,,4,3,4.0,4,4,4,3,4,3,4.0,4,2,3,4,4,4,4.0,3.0,3,4,4,,3,3,,4,2,3,4,4,4.0,4.0,4,4,4,4,4,3,3,4,4.0,,4,3,4.0,,4.0,,4.0,4.0,4.0,4,4.0,,,,4,,4.0,,,3,4,4,4.0,4.0,36,5,0.0560471976401179,1.2360316761988561,-0.4357090129839542
4,2,4,3,3,4,4,4,3,2,3,1,4,3,4.0,3,3,4.0,4.0,4,2,4,4,3,4,4,3,4,3,4,4,4,1,4,4,4,4.0,4,4,4,4,4,4,4,,4,4,4,4,4,4.0,4,4,,4,3,4,4,4,3,4,4,4.0,4,,4,,4,4,,3,3,4.0,4,4,4,3,4,4.0,4,3,4,4,3,4,3,1,2,4,4,4,3,4.0,4,,3,3,4,4,4,4,4,4,4,3,4,,4.0,4,4,4,4,4,4,,3,4,4,3,4.0,4.0,4.0,4,3,4,4,4,4,4.0,4,,3,,4.0,4.0,4,4,,4,4.0,4,3,4,4,4,4,4,,4,4.0,,,4,,4,4,,4,4.0,3,4,4,4,4,4,4,,,3,4,4,4.0,3,4,0.0,4.0,4,4,,4,4,4,,4.0,4,4,4,4,,4.0,4,4,4,4,4,4,4,3,3,3,3.0,4,4,4,,4,4,4,4,0,4.0,4,4.0,,3,4,4,1.0,4,4,4,4.0,4,4,4,,,4,4.0,,,3,4,4.0,3,4,4.0,4.0,,3,4,4,3,3,4,4.0,4,3,4,4,,3,3,3,,4,4.0,4,4,4,4,,4,,4,4,4,4.0,4,4,,4,4,4,3,4,4,,,,4,3,4,4.0,4,4,4,4,4,4,4,3,4,4,4,4.0,4,,,4,4,4,4,,4,4,0.0,4,3,,4,4.0,4.0,2,,4,4,4.0,4,4,4,4.0,4,4,4,4.0,4,4.0,3,,3,2,4,4,3,,,3,4,4.0,4,4,4,4,3,4,4.0,3,4,4,4,0,2,4.0,4.0,4,4,4,,4,3,,4,4,3,4,3,4.0,,3,4,4,4,4,3,3,4,,,4,4,4.0,4.0,4.0,,4.0,4.0,4.0,4,4.0,,,,4,,4.0,,,3,4,4,4.0,4.0,37,5,0.0521472392638036,1.2374848851269649,-0.3725329928926796
3,2,1,3,2,4,4,4,4,4,3,4,4,3,4.0,4,4,4.0,4.0,3,3,3,3,4,4,3,3,3,3,3,3,3,3,4,3,3,3.0,4,4,4,4,4,4,4,4.0,4,3,1,3,2,4.0,4,3,,4,3,0,3,2,3,3,4,4.0,4,4.0,4,,4,3,,3,3,4.0,4,4,3,3,4,3.0,4,3,3,3,3,3,3,3,3,4,3,4,3,4.0,4,4.0,4,3,4,3,4,4,4,3,4,2,4,4.0,4.0,3,3,4,3,3,3,4.0,3,4,3,3,4.0,4.0,4.0,4,3,3,1,3,4,4.0,4,4.0,3,4.0,4.0,4.0,4,4,4.0,4,4.0,4,3,4,3,4,4,4,4.0,4,4.0,4.0,4.0,3,4.0,4,4,4.0,4,4.0,3,4,4,3,3,4,4,2.0,,2,3,4,4.0,0,4,3.0,4.0,4,1,4.0,4,4,2,4.0,4.0,2,4,3,3,4.0,3.0,2,3,3,3,4,3,4,3,3,3,4.0,3,2,3,4.0,3,4,4,0,3,4.0,4,4.0,4.0,1,3,4,4.0,3,3,4,2.0,3,3,4,,4.0,4,4.0,,,3,4,4.0,4,4,4.0,4.0,4.0,3,4,3,3,2,4,3.0,4,3,4,4,,3,3,3,4.0,4,4.0,4,3,3,3,4.0,3,4.0,4,4,3,4.0,4,3,4.0,3,4,4,3,3,3,4.0,4.0,4.0,3,2,4,4.0,3,4,3,3,4,4,4,3,3,3,3,4.0,4,,4.0,3,4,4,3,,4,4,4.0,4,4,4.0,4,4.0,4.0,4,4.0,3,3,4.0,3,4,4,4.0,3,3,4,4.0,4,4.0,4,,4,4,4,4,4,,4.0,4,4,4.0,4,4,4,4,3,4,4.0,4,4,2,3,4,4,4.0,4.0,3,4,3,4.0,3,3,4.0,3,3,4,4,3,3.0,0.0,3,3,3,4,3,3,3,4,4.0,4.0,4,3,4.0,4.0,3.0,,4.0,4.0,4.0,4,4.0,,4.0,,4,,3.0,,4.0,4,3,4,4.0,4.0,38,5,0.0408719346049046,1.2137474728910127,-0.5759229792909053
3,3,3,2,2,3,3,3,2,3,3,3,2,3,3.0,3,3,3.0,4.0,3,0,3,2,2,3,3,3,1,3,3,3,3,3,3,3,1,4.0,3,3,3,4,3,3,3,4.0,3,3,3,3,3,4.0,3,3,,3,3,2,3,3,3,3,3,3.0,3,4.0,3,,3,2,,2,2,3.0,3,3,1,3,3,3.0,3,2,3,2,3,3,2,3,1,3,3,3,2,4.0,3,4.0,2,3,3,3,3,3,3,3,4,2,3,4.0,4.0,3,3,2,4,3,3,4.0,3,3,3,3,3.0,4.0,2.0,3,3,3,3,2,3,3.0,3,3.0,2,4.0,3.0,3.0,3,3,4.0,2,3.0,3,3,3,3,3,3,3,4.0,3,3.0,4.0,3.0,3,4.0,3,4,4.0,3,3.0,3,2,3,4,3,3,4,4.0,4.0,3,3,4,4.0,3,4,4.0,4.0,4,3,3.0,3,3,3,4.0,3.0,3,3,3,3,4.0,3.0,3,3,3,3,3,3,3,2,3,3,4.0,3,3,3,4.0,3,3,3,3,3,3.0,2,3.0,4.0,3,3,3,3.0,2,3,4,4.0,3,3,3,,4.0,3,4.0,4.0,,2,3,1.0,2,3,3.0,4.0,4.0,3,4,3,2,3,3,3.0,3,2,3,3,4.0,3,3,3,3.0,3,4.0,2,3,3,3,4.0,3,4.0,3,3,3,3.0,3,2,3.0,3,3,3,3,3,2,3.0,4.0,3.0,3,2,2,4.0,3,3,3,3,3,3,3,3,2,4,3,3.0,3,4.0,2.0,3,3,0,3,0.0,3,3,4.0,3,3,4.0,4,4.0,4.0,3,4.0,3,3,4.0,3,3,3,4.0,3,3,3,3.0,3,3.0,3,4.0,3,0,3,3,2,4.0,4.0,2,3,3.0,3,3,3,2,3,2,3.0,3,3,3,3,3,3,3.0,3.0,3,3,2,4.0,3,3,4.0,3,3,3,2,3,3.0,4.0,3,3,3,3,3,3,1,3,4.0,4.0,3,3,3.0,4.0,3.0,4.0,3.0,3.0,3.0,4,1.0,,4.0,,3,,3.0,,4.0,3,3,3,3.0,4.0,39,5,0.0512129380053908,1.2448884758364311,-0.5531548241962945
4,4,4,3,4,4,4,4,4,4,4,4,4,4,5.0,4,4,5.0,5.0,4,4,5,4,4,4,4,4,4,4,3,3,4,4,4,4,4,4.0,5,4,4,4,4,4,4,5.0,4,4,4,4,5,5.0,4,3,,4,4,0,4,4,4,4,4,5.0,4,5.0,3,,5,4,,4,4,5.0,5,4,4,4,5,4.0,4,3,4,3,4,4,4,4,4,4,4,5,3,5.0,4,5.0,3,3,5,4,3,4,4,4,3,4,4,5.0,5.0,4,4,4,4,4,4,4.0,3,4,4,4,4.0,1.0,5.0,5,4,4,4,4,4,4.0,4,4.0,4,4.0,5.0,5.0,4,5,5.0,4,0.0,5,4,4,4,4,4,4,5.0,4,5.0,5.0,5.0,4,5.0,4,4,5.0,5,5.0,3,4,4,4,4,4,5,5.0,5.0,4,4,5,5.0,3,4,5.0,5.0,5,4,5.0,4,4,4,5.0,4.0,4,4,4,0,4.0,1.0,3,3,4,4,4,4,4,3,4,4,4.0,4,2,4,5.0,3,4,4,4,4,5.0,4,5.0,5.0,4,4,5,5.0,4,4,5,5.0,4,4,5,,5.0,4,5.0,5.0,,4,4,5.0,4,4,5.0,5.0,5.0,4,5,4,4,4,4,5.0,4,4,4,5,5.0,4,4,4,5.0,5,5.0,4,4,4,5,5.0,4,5.0,3,1,4,5.0,4,4,5.0,4,4,4,3,4,4,5.0,2.0,5.0,4,4,4,5.0,4,4,4,4,5,4,4,2,4,4,4,5.0,4,5.0,5.0,4,5,0,2,5.0,3,4,4.0,4,4,5.0,4,5.0,5.0,4,5.0,4,4,4.0,4,4,4,5.0,4,4,4,5.0,5,2.0,4,5.0,4,4,5,4,5,5.0,5.0,5,5,5.0,4,5,4,4,4,4,5.0,4,4,4,4,4,4,1.0,4.0,4,4,4,5.0,4,4,5.0,5,3,4,4,4,5.0,5.0,4,4,4,3,4,4,4,5,5.0,5.0,4,4,5.0,5.0,5.0,5.0,5.0,5.0,5.0,4,5.0,,5.0,,4,,4.0,,5.0,4,4,4,4.0,4.0,40,5,0.0455764075067024,1.2991336069311445,-0.6452924082478698
3,3,3,3,3,4,4,3,3,3,3,1,3,0,3.0,3,3,4.0,3.0,3,2,4,3,4,4,4,2,3,3,2,3,3,3,4,3,3,4.0,3,3,4,3,3,3,4,4.0,3,3,4,3,0,3.0,2,3,,3,3,3,3,3,3,2,3,4.0,3,4.0,3,,3,3,,3,2,3.0,4,3,2,3,3,4.0,3,2,3,3,3,3,1,3,3,3,4,4,2,4.0,3,4.0,3,3,3,2,4,4,4,3,4,2,3,4.0,4.0,3,3,3,3,4,3,4.0,3,3,4,3,4.0,4.0,4.0,4,3,3,4,3,4,4.0,3,4.0,3,4.0,4.0,3.0,3,3,4.0,3,4.0,4,3,4,4,3,4,3,4.0,3,4.0,4.0,4.0,3,4.0,4,4,0.0,3,4.0,3,4,4,4,3,4,4,4.0,4.0,2,3,4,4.0,3,4,4.0,4.0,4,4,4.0,3,3,3,4.0,4.0,3,3,3,3,4.0,4.0,1,3,3,3,1,3,3,3,4,3,4.0,4,3,3,4.0,3,4,3,4,4,3.0,3,4.0,4.0,3,4,4,2.0,3,3,3,4.0,3,3,3,,4.0,4,4.0,,,3,3,4.0,3,3,3.0,4.0,4.0,3,4,4,3,3,4,4.0,4,3,4,4,4.0,3,3,3,4.0,4,4.0,3,3,3,3,4.0,1,4.0,4,3,3,4.0,3,3,0.0,4,4,3,3,3,3,4.0,4.0,4.0,4,3,4,4.0,3,3,3,3,4,3,3,3,3,4,3,3.0,3,4.0,4.0,3,4,4,3,,4,3,4.0,3,4,4.0,4,4.0,4.0,4,4.0,4,3,4.0,4,4,4,4.0,4,3,3,4.0,3,4.0,3,,4,3,3,4,3,,4.0,4,4,4.0,3,4,4,4,3,3,4.0,4,4,4,4,4,4,3.0,4.0,3,4,3,3.0,4,3,4.0,3,3,4,4,3,4.0,4.0,3,4,4,3,4,3,3,4,4.0,4.0,4,3,4.0,4.0,4.0,,4.0,4.0,4.0,4,4.0,,4.0,,4,,3.0,,,3,3,4,4.0,3.0,41,5,0.0549450549450549,1.216454456415279,-0.6169484709100397
4,1,3,3,4,4,4,4,4,4,4,4,4,4,4.0,4,4,4.0,,4,4,4,3,4,4,1,3,4,4,4,3,3,3,0,3,1,4.0,4,4,4,4,4,4,4,,4,4,4,4,4,4.0,4,3,,4,4,4,3,4,3,4,3,3.0,4,,4,,4,3,,0,3,4.0,3,4,4,4,4,4.0,4,3,4,3,4,4,4,4,2,4,2,4,3,4.0,4,,3,3,4,4,3,4,4,4,4,3,4,4.0,4.0,3,4,4,4,4,3,,3,4,3,3,4.0,4.0,4.0,4,4,4,4,4,4,4.0,4,4.0,2,4.0,4.0,4.0,4,4,,3,4.0,4,4,4,3,4,4,4,4.0,3,4.0,4.0,4.0,3,,4,4,,4,4.0,3,3,4,4,4,4,4,,,3,4,4,4.0,3,4,3.0,4.0,4,4,4.0,4,4,3,4.0,4.0,3,4,4,3,4.0,4.0,4,3,4,4,4,4,4,2,4,4,4.0,3,4,4,,4,4,4,4,4,4.0,4,,4.0,4,4,3,4.0,4,4,4,4.0,3,4,4,,4.0,4,4.0,,,4,4,4.0,3,4,4.0,,,4,4,4,3,4,4,3.0,4,3,3,4,4.0,4,4,4,4.0,4,,3,4,3,4,4.0,4,,4,4,4,4.0,4,4,,4,4,4,4,4,4,4.0,4.0,,4,0,4,0.0,3,4,4,3,4,3,4,3,3,4,4,4.0,4,,4.0,3,4,4,4,,4,4,4.0,4,4,,4,4.0,4.0,4,4.0,4,4,4.0,4,4,4,4.0,4,4,4,4.0,4,4.0,3,,4,3,4,4,3,,,4,4,4.0,4,4,4,4,4,4,4.0,4,4,4,4,4,4,4.0,4.0,2,4,4,,3,3,,3,3,4,4,3,4.0,4.0,3,3,4,3,4,4,3,4,,,4,4,4.0,,2.0,,4.0,3.0,4.0,2,4.0,,,,4,,4.0,,4.0,2,4,4,4.0,,42,5,0.0625,1.2664383561643835,-0.3932064679275492
4,4,4,3,1,4,4,4,4,4,4,4,4,4,5.0,4,4,5.0,5.0,4,3,4,4,4,4,4,4,3,4,3,4,4,4,4,4,4,4.0,4,4,4,4,4,4,4,5.0,4,4,4,4,4,5.0,4,3,4.0,4,3,4,4,4,4,4,3,4.0,4,5.0,4,,4,4,,4,4,5.0,4,4,4,4,4,4.0,4,4,4,3,4,4,4,4,3,4,4,5,2,5.0,4,5.0,3,2,4,4,4,3,4,4,4,4,3,5.0,4.0,4,4,4,4,4,1,5.0,3,4,2,4,4.0,4.0,2.0,4,3,4,3,4,4,4.0,4,4.0,4,4.0,5.0,4.0,4,5,5.0,4,3.0,0,3,4,4,4,4,4,5.0,4,3.0,5.0,5.0,4,4.0,4,4,5.0,4,4.0,4,4,5,4,4,4,4,5.0,5.0,4,4,4,3.0,3,2,4.0,4.0,4,4,4.0,4,4,4,4.0,5.0,3,4,4,4,4.0,4.0,4,4,4,4,2,3,4,3,3,4,4.0,4,4,3,5.0,4,4,4,4,4,5.0,3,5.0,5.0,3,4,4,4.0,3,4,4,4.0,4,3,5,,4.0,4,5.0,5.0,,4,4,4.0,4,4,5.0,5.0,4.0,4,4,4,4,4,4,4.0,4,4,3,4,5.0,4,4,4,5.0,5,0.0,4,4,4,4,4.0,4,5.0,4,4,4,4.0,4,4,5.0,4,4,4,4,4,4,4.0,0.0,5.0,4,4,5,5.0,4,4,4,3,4,4,4,3,4,4,4,4.0,5,5.0,5.0,4,4,3,4,5.0,4,4,5.0,4,4,5.0,4,5.0,5.0,4,4.0,4,4,5.0,4,5,4,5.0,4,4,2,4.0,4,5.0,4,5.0,4,4,4,4,4,5.0,5.0,4,4,5.0,3,4,4,4,4,3,4.0,4,4,4,4,0,4,5.0,4.0,3,4,3,4.0,4,4,5.0,4,4,4,3,4,4.0,5.0,4,4,4,4,4,4,4,4,4.0,5.0,3,4,5.0,4.0,5.0,5.0,5.0,4.0,4.0,5,4.0,,5.0,,4,,4.0,,5.0,4,4,4,4.0,5.0,43,5,0.0653950953678474,1.2913178665391054,-0.5612887022057498
3,3,4,3,3,4,4,4,4,4,3,4,4,4,4.0,4,4,4.0,4.0,4,3,4,3,4,4,4,3,4,4,4,3,3,4,4,4,3,4.0,4,4,4,4,4,4,4,4.0,4,3,4,4,4,4.0,4,3,,4,4,3,4,4,3,3,4,4.0,3,4.0,4,,4,4,,3,3,4.0,4,3,2,4,4,3.0,4,2,3,3,4,4,3,4,3,4,4,4,2,,3,,3,3,4,4,4,4,4,2,4,3,3,4.0,4.0,3,3,3,4,4,3,4.0,3,4,4,4,4.0,4.0,4.0,4,4,3,4,1,4,4.0,4,4.0,1,4.0,4.0,4.0,4,4,,3,4.0,4,3,4,3,3,4,4,,4,4.0,,4.0,3,,4,4,4.0,4,4.0,3,4,4,4,3,4,4,,,2,3,4,4.0,3,4,4.0,4.0,4,4,4.0,4,4,3,4.0,4.0,3,4,3,3,4.0,3.0,2,3,3,4,4,3,4,2,4,3,4.0,4,0,4,4.0,4,4,3,4,4,4.0,4,4.0,4.0,4,4,4,4.0,3,3,3,4.0,4,3,4,,4.0,3,4.0,,,4,3,4.0,3,4,4.0,,4.0,4,4,4,4,4,4,4.0,3,3,4,4,,3,4,3,4.0,4,4.0,3,4,4,4,4.0,4,,4,4,4,4.0,3,3,4.0,3,4,4,4,4,4,4.0,4.0,,4,4,4,4.0,3,4,3,3,4,3,4,3,4,4,4,4.0,3,4.0,4.0,3,4,4,0,,4,3,4.0,4,4,4.0,0,4.0,4.0,4,4.0,3,3,4.0,2,4,4,4.0,4,4,4,4.0,4,4.0,3,,4,3,4,3,4,,3.0,4,4,4.0,4,4,4,3,3,3,1.0,4,4,4,3,4,4,4.0,4.0,3,4,0,4.0,3,3,,3,3,4,4,3,4.0,4.0,4,3,3,4,4,3,3,4,4.0,4.0,3,4,4.0,4.0,4.0,,4.0,4.0,4.0,4,4.0,,,,4,,4.0,,,4,3,4,4.0,4.0,44,5,0.0481586402266288,1.2310532452390206,-0.5157029622261253
3,4,3,2,4,4,3,4,3,2,3,4,3,3,4.0,4,3,4.0,4.0,4,3,4,4,4,2,0,3,3,3,4,3,3,3,4,3,2,4.0,3,3,4,4,4,4,4,4.0,4,3,3,3,4,4.0,3,3,,4,4,3,3,4,3,3,3,4.0,4,4.0,4,,4,4,4.0,2,1,3.0,2,3,3,3,4,4.0,4,3,3,3,3,4,3,3,3,4,3,4,3,4.0,2,4.0,3,3,4,3,3,3,4,3,4,0,3,4.0,4.0,3,4,3,4,4,3,4.0,3,4,3,4,4.0,4.0,4.0,4,3,3,3,3,4,4.0,4,4.0,3,4.0,4.0,4.0,4,4,,1,4.0,4,3,4,4,4,4,4,4.0,4,4.0,4.0,4.0,3,4.0,3,4,4.0,4,1.0,3,4,4,4,4,4,4,4.0,,4,4,4,4.0,3,4,4.0,4.0,4,3,4.0,4,3,3,2.0,4.0,3,4,2,4,3.0,4.0,2,2,3,3,4,3,4,3,4,3,3.0,4,4,4,4.0,3,4,3,4,4,4.0,4,4.0,,4,4,4,4.0,3,3,4,4.0,2,3,0,,4.0,4,4.0,,4.0,4,3,4.0,4,4,4.0,,4.0,3,4,3,3,2,4,4.0,4,3,4,4,4.0,4,4,4,3.0,4,4.0,4,4,3,4,4.0,3,4.0,4,4,4,4.0,4,3,4.0,4,4,4,3,3,3,4.0,4.0,4.0,4,4,3,4.0,3,4,4,3,4,3,3,3,3,4,3,4.0,4,,4.0,3,4,4,3,,4,4,4.0,4,4,4.0,4,4.0,4.0,4,0.0,4,4,4.0,4,4,4,4.0,4,4,3,4.0,4,4.0,3,,4,3,4,4,3,,4.0,3,4,,3,4,4,4,4,4,4.0,4,4,4,3,4,4,4.0,4.0,3,3,3,,4,3,,3,3,4,4,3,4.0,4.0,3,4,4,4,4,4,3,4,4.0,4.0,4,3,4.0,4.0,4.0,,4.0,2.0,4.0,3,4.0,,4.0,3.0,4,,4.0,,,3,4,4,4.0,4.0,45,5,0.0706214689265536,1.225906925613778,-0.5753548282479217
3,3,4,3,2,4,4,4,3,4,3,3,4,3,4.0,4,3,4.0,4.0,4,1,4,3,4,3,4,3,3,3,4,4,3,4,4,3,3,4.0,4,3,4,4,4,3,4,4.0,4,4,4,4,4,4.0,4,4,,4,3,4,4,4,3,4,3,4.0,4,4.0,4,,3,3,,3,2,4.0,4,4,3,4,4,4.0,4,3,3,3,3,4,3,4,2,4,4,4,3,4.0,3,,3,3,4,4,4,4,4,3,4,3,3,4.0,4.0,4,4,2,4,4,4,4.0,3,4,4,4,4.0,4.0,4.0,4,4,3,4,3,4,4.0,4,4.0,3,4.0,3.0,2.0,4,4,,0,4.0,4,3,4,4,4,4,4,4.0,4,4.0,4.0,4.0,2,0.0,4,4,4.0,4,4.0,4,4,4,4,3,4,4,4.0,,3,4,4,4.0,3,4,4.0,4.0,4,4,4.0,4,4,4,4.0,4.0,3,4,1,4,4.0,4.0,3,3,3,3,4,4,4,3,3,3,4.0,4,4,4,4.0,3,4,4,3,4,4.0,4,1.0,,3,3,3,3.0,3,3,4,4.0,3,3,4,,4.0,4,4.0,,,4,3,4.0,3,4,4.0,,,3,4,4,4,3,4,2.0,4,3,4,4,4.0,4,4,3,3.0,4,4.0,4,3,4,3,4.0,3,4.0,4,3,4,4.0,4,4,4.0,4,4,4,4,4,3,4.0,4.0,,4,4,1,,4,4,4,3,4,4,3,3,3,4,3,4.0,4,4.0,3.0,2,4,4,4,,4,3,4.0,4,4,4.0,4,4.0,4.0,4,,4,4,4.0,4,4,2,4.0,4,0,0,4.0,4,4.0,3,,3,3,4,3,3,2.0,4.0,4,4,4.0,4,4,4,3,4,3,4.0,4,4,4,4,4,4,4.0,4.0,3,4,3,4.0,4,3,4.0,3,3,4,4,4,4.0,,4,4,4,4,4,4,3,4,4.0,4.0,3,3,4.0,4.0,4.0,,4.0,4.0,4.0,4,4.0,,,,4,,4.0,,,4,3,4,4.0,4.0,46,5,0.0564971751412429,1.2272024729520865,-0.5148093664806185
4,2,3,3,4,4,4,4,4,4,3,3,3,3,4.0,4,3,4.0,4.0,4,3,4,4,4,4,4,3,4,3,4,4,3,4,4,3,3,4.0,4,4,4,4,4,2,4,,1,4,4,4,4,4.0,4,4,,3,4,4,3,4,3,3,4,4.0,4,4.0,4,,3,4,,4,2,4.0,4,4,0,1,4,4.0,4,3,3,3,4,4,2,3,3,4,4,4,3,3.0,3,4.0,3,3,4,4,4,4,4,3,4,4,3,4.0,4.0,3,4,3,4,4,4,,4,4,4,4,4.0,4.0,4.0,4,4,4,4,3,4,4.0,4,4.0,3,4.0,4.0,4.0,4,4,,4,4.0,4,3,1,4,4,4,4,,4,4.0,4.0,4.0,3,,4,4,4.0,1,4.0,3,4,2,4,4,4,4,4.0,,4,4,3,4.0,2,4,4.0,4.0,4,3,4.0,4,0,4,,4.0,4,4,3,3,4.0,4.0,2,3,3,4,4,4,4,3,4,3,,4,4,4,4.0,3,4,3,4,4,4.0,4,4.0,,4,4,4,4.0,4,4,4,4.0,4,3,4,,4.0,3,4.0,,,4,4,4.0,4,3,4.0,,4.0,4,4,4,3,4,4,4.0,4,4,4,4,,4,4,4,4.0,4,,3,4,3,4,,3,,4,4,4,4.0,4,4,4.0,4,4,4,3,4,4,4.0,4.0,,4,3,4,,4,4,4,3,4,4,4,3,3,4,4,4.0,3,,,3,4,4,4,,4,4,4.0,4,4,4.0,4,4.0,4.0,4,,4,3,4.0,4,4,4,,4,3,4,4.0,4,4.0,4,,4,4,4,4,4,,4.0,4,4,2.0,4,4,4,4,4,3,4.0,4,0,4,4,4,4,4.0,4.0,3,3,3,,4,4,4.0,4,3,4,4,4,4.0,,4,4,4,4,4,4,4,4,4.0,4.0,4,4,4.0,,4.0,,,4.0,4.0,4,4.0,,4.0,3.0,0,,3.0,,,4,4,4,4.0,,47,5,0.0557184750733137,1.2653513633340723,-0.40452226452403656
4,4,3,3,4,4,4,3,4,3,4,4,4,4,4.0,4,2,4.0,4.0,4,3,4,4,4,4,3,3,4,2,4,4,4,4,4,4,4,4.0,4,3,4,3,4,4,4,4.0,3,3,4,4,4,4.0,4,4,,4,4,3,4,4,3,3,4,4.0,4,4.0,4,,4,4,,4,3,4.0,4,4,3,4,4,4.0,4,3,3,3,4,4,4,4,3,4,4,4,4,,4,,3,3,4,3,4,4,4,3,4,2,4,4.0,4.0,3,4,4,4,4,4,,4,4,4,4,4.0,4.0,4.0,3,3,4,4,3,4,,4,4.0,3,,4.0,,4,4,,4,4.0,3,3,4,4,4,4,4,,4,4.0,4.0,0.0,3,,3,4,4.0,4,4.0,3,4,4,4,4,4,4,4.0,,4,3,4,4.0,2,4,4.0,4.0,4,4,,4,4,4,,4.0,4,4,3,3,,4.0,2,4,4,4,4,4,4,3,4,3,4.0,4,4,4,,4,4,4,4,4,4.0,4,,,4,4,4,4.0,4,4,4,4.0,4,2,4,,,4,0.0,,,4,3,4.0,4,4,4.0,,,4,2,4,3,3,4,4.0,4,4,4,4,,4,4,4,,4,,4,4,4,4,4.0,4,,4,4,4,4.0,3,4,4.0,3,4,4,4,4,4,,4.0,,3,4,4,,4,4,0,4,4,4,4,4,4,4,4,4.0,4,,,3,4,4,4,4.0,4,3,4.0,4,4,,4,4.0,4.0,4,,4,4,4.0,4,4,1,4.0,4,4,4,,4,4.0,4,,4,4,4,4,4,,3.0,4,4,,4,4,4,4,4,4,,4,4,4,4,4,4,4.0,4.0,4,4,4,,4,4,,4,3,1,4,3,,,3,4,4,4,4,4,4,4,4.0,,4,4,4.0,,4.0,,4.0,4.0,1.0,4,4.0,,,,4,0.0,4.0,,,4,4,4,4.0,4.0,48,5,0.0613496932515337,1.2192168985059249,-0.34926022928993933
3,3,4,3,3,3,3,4,3,4,3,4,4,3,4.0,3,4,4.0,4.0,4,3,4,3,4,4,3,3,3,4,4,4,3,4,4,3,3,4.0,4,3,4,3,4,4,4,4.0,4,3,3,3,4,4.0,4,3,0.0,1,3,2,4,3,3,3,4,4.0,4,4.0,4,,4,3,4.0,3,3,4.0,4,4,3,4,4,4.0,4,3,3,3,4,3,3,4,3,4,4,4,2,4.0,3,,3,3,4,3,4,1,4,3,4,3,2,4.0,4.0,3,4,4,4,3,3,4.0,3,4,4,3,4.0,4.0,4.0,4,3,3,4,4,4,4.0,4,4.0,3,4.0,4.0,4.0,3,4,4.0,3,4.0,4,3,4,4,2,4,4,4.0,4,4.0,4.0,3.0,0,4.0,4,4,4.0,4,4.0,3,4,4,3,4,4,4,4.0,,3,3,4,4.0,3,4,4.0,4.0,4,3,4.0,4,4,4,4.0,4.0,2,4,2,3,4.0,4.0,3,3,3,3,4,3,4,2,4,3,4.0,3,4,4,4.0,3,3,3,1,4,4.0,3,4.0,4.0,3,3,3,4.0,3,4,3,4.0,3,3,4,,4.0,4,4.0,,,4,4,4.0,4,4,4.0,,4.0,3,4,4,4,3,4,4.0,4,3,4,3,,4,4,3,4.0,4,4.0,3,3,1,3,4.0,4,4.0,3,4,4,4.0,4,3,4.0,3,4,4,3,4,3,3.0,4.0,4.0,2,3,4,,4,4,4,2,4,3,4,3,2,3,4,4.0,4,,4.0,4,4,3,3,,3,4,4.0,2,3,4.0,3,4.0,4.0,4,4.0,4,4,4.0,4,4,4,4.0,4,4,3,4.0,2,4.0,4,,4,3,3,3,4,,4.0,4,4,4.0,4,4,4,3,4,4,3.0,3,4,4,4,4,4,0.0,4.0,3,3,4,,3,3,4.0,3,3,4,4,0,4.0,4.0,3,4,4,3,4,4,4,4,4.0,3.0,4,4,4.0,4.0,4.0,,4.0,4.0,4.0,4,4.0,,4.0,,3,,4.0,,,3,4,4,4.0,4.0,49,5,0.0646067415730337,1.2047477744807122,-0.5675326331570476
3,3,2,3,3,3,4,4,4,3,3,3,4,3,4.0,4,3,4.0,4.0,2,3,3,3,4,4,3,2,3,3,3,3,3,4,4,3,3,3.0,4,3,3,4,4,3,4,4.0,3,2,3,3,4,4.0,3,3,,3,3,4,4,3,2,3,3,4.0,4,4.0,4,,4,3,,3,3,4.0,4,3,4,4,4,3.0,4,3,4,3,4,4,3,4,3,3,0,4,3,4.0,3,4.0,3,3,4,4,3,3,4,3,3,1,4,4.0,4.0,3,3,4,4,3,3,4.0,3,4,3,4,3.0,4.0,4.0,4,3,3,4,3,4,4.0,4,4.0,3,4.0,4.0,4.0,3,4,4.0,4,4.0,4,3,4,3,3,4,2,4.0,1,4.0,4.0,4.0,3,4.0,3,4,4.0,4,4.0,3,4,4,4,4,4,4,4.0,,3,3,4,4.0,2,4,4.0,3.0,4,3,4.0,4,4,4,3.0,3.0,3,3,3,3,4.0,3.0,3,4,3,3,3,3,3,2,1,3,4.0,3,0,3,1.0,2,4,3,4,4,4.0,2,4.0,4.0,3,3,2,4.0,4,4,4,4.0,3,3,4,,4.0,4,4.0,,,4,3,4.0,4,4,4.0,4.0,4.0,4,4,4,4,3,4,4.0,4,3,4,4,,4,3,3,4.0,4,3.0,4,3,3,4,3.0,3,4.0,3,4,1,3.0,3,3,4.0,3,4,4,3,3,4,4.0,4.0,4.0,4,4,4,,4,4,3,3,3,3,4,3,4,4,4,2.0,4,,4.0,3,4,4,3,,4,4,4.0,3,3,4.0,4,4.0,4.0,3,4.0,3,3,4.0,0,3,4,4.0,4,3,4,4.0,4,4.0,4,4.0,4,3,4,3,4,,4.0,4,4,4.0,4,4,4,4,4,4,4.0,4,2,4,2,4,4,4.0,3.0,3,4,2,4.0,3,3,4.0,3,2,4,4,3,4.0,4.0,3,4,3,3,3,4,3,4,4.0,,0,4,4.0,4.0,4.0,,4.0,4.0,1.0,4,4.0,,4.0,,3,,4.0,,4.0,4,4,4,4.0,4.0,50,5,0.0583333333333333,1.2041078305519897,-0.5558466397270864
3,3,4,3,3,3,3,3,3,3,3,3,3,3,4.0,1,4,4.0,4.0,3,2,4,3,4,3,3,3,3,3,3,3,3,3,3,3,3,4.0,3,3,4,4,3,4,4,4.0,4,3,4,3,4,4.0,3,3,,3,3,3,3,3,3,3,3,3.0,4,3.0,3,,3,2,,2,3,4.0,3,4,3,4,4,4.0,4,1,3,2,3,3,3,3,2,3,3,4,3,4.0,3,4.0,2,3,3,3,4,0,4,3,3,3,3,4.0,4.0,3,4,3,3,2,3,4.0,3,3,2,3,3.0,4.0,3.0,3,3,3,3,3,3,1.0,4,4.0,3,4.0,4.0,4.0,3,4,4.0,2,4.0,3,3,4,3,3,4,3,4.0,2,3.0,4.0,4.0,2,4.0,4,4,4.0,4,4.0,3,0,4,3,3,4,4,4.0,,3,3,4,4.0,3,3,2.0,4.0,2,4,4.0,4,3,3,4.0,3.0,2,3,3,3,4.0,2.0,3,3,3,3,0,3,3,2,3,3,4.0,4,3,4,4.0,3,3,3,3,3,3.0,3,4.0,4.0,3,4,3,4.0,3,3,3,4.0,3,3,4,,4.0,3,4.0,,,4,3,4.0,3,3,4.0,4.0,4.0,1,4,4,3,3,3,4.0,3,3,3,4,4.0,3,3,4,4.0,4,4.0,3,3,3,3,4.0,3,4.0,4,3,4,4.0,3,3,4.0,4,4,3,4,4,3,4.0,3.0,4.0,4,4,3,4.0,3,4,4,3,4,3,3,1,3,4,3,0.0,4,3.0,4.0,3,4,4,3,,4,3,4.0,4,2,4.0,4,3.0,4.0,3,4.0,4,4,4.0,4,4,3,4.0,4,4,3,4.0,4,4.0,3,,3,3,4,4,3,,4.0,4,4,4.0,3,4,4,3,3,3,4.0,4,4,4,3,4,3,4.0,4.0,3,4,3,4.0,3,3,4.0,3,3,3,4,3,4.0,4.0,3,4,3,3,2,4,3,4,4.0,4.0,3,3,4.0,4.0,4.0,,4.0,4.0,4.0,4,4.0,,4.0,,4,,4.0,,4.0,3,3,4,1.0,4.0,51,5,0.0578512396694214,1.2168603506007485,-0.6090007279678935
3,2,3,3,0,4,4,4,3,4,3,3,4,3,4.0,4,4,4.0,4.0,3,1,4,4,4,4,4,3,3,3,2,3,3,3,4,4,4,4.0,4,4,3,4,4,4,4,,3,4,3,4,4,4.0,3,4,,4,3,4,4,4,3,3,4,4.0,4,4.0,4,,4,3,,3,3,4.0,4,4,3,4,4,3.0,4,3,4,3,4,4,4,3,3,4,4,4,3,,4,,3,3,4,4,4,3,4,2,3,3,3,4.0,4.0,3,4,3,4,4,2,4.0,3,4,4,4,1.0,4.0,4.0,4,4,3,3,4,4,4.0,4,4.0,3,4.0,4.0,4.0,4,4,3.0,4,4.0,3,3,2,3,4,4,1,,4,4.0,,4.0,4,,4,4,4.0,4,4.0,3,4,4,4,3,4,3,,4.0,3,4,3,4.0,3,4,4.0,4.0,4,4,4.0,4,4,3,4.0,0.0,3,4,4,4,3.0,3.0,3,3,3,3,4,3,3,2,4,2,3.0,4,3,3,4.0,3,3,3,4,4,4.0,4,4.0,4.0,3,3,4,4.0,3,4,4,3.0,3,3,4,,4.0,4,4.0,,,2,4,4.0,4,4,4.0,,4.0,4,4,4,3,3,4,3.0,4,3,4,4,,3,4,4,4.0,4,4.0,3,3,4,4,4.0,4,4.0,4,4,3,4.0,3,4,4.0,4,4,4,4,4,3,4.0,4.0,,4,3,4,4.0,3,4,1,3,4,4,3,3,4,4,4,4.0,4,,4.0,1,4,4,3,,4,3,4.0,4,3,4.0,4,4.0,4.0,4,4.0,3,4,4.0,4,4,4,0.0,4,4,4,4.0,4,4.0,4,4.0,4,3,4,3,4,2.0,4.0,4,4,4.0,4,4,3,4,2,3,4.0,3,4,4,4,4,4,4.0,3.0,3,4,3,4.0,3,4,,3,4,3,4,4,4.0,4.0,4,4,4,4,2,3,3,4,4.0,4.0,4,4,4.0,,4.0,,4.0,4.0,4.0,3,4.0,,,,4,,4.0,,0.0,4,4,4,4.0,,52,5,0.0568181818181818,1.2326408384802545,-0.48205289465008
4,4,4,3,2,3,4,3,3,3,3,3,4,3,4.0,4,4,4.0,4.0,3,3,4,4,4,4,3,3,3,4,4,3,3,4,4,3,2,4.0,4,3,4,4,4,4,4,,4,4,4,3,0,4.0,4,3,,4,3,3,3,3,3,3,3,4.0,4,4.0,4,,3,3,,3,2,4.0,3,4,3,4,4,4.0,2,3,3,4,3,4,3,3,3,4,4,1,3,4.0,4,,3,3,4,3,4,3,4,3,3,3,3,4.0,4.0,2,4,3,4,4,3,4.0,3,4,3,4,4.0,4.0,4.0,4,4,4,4,4,4,4.0,4,4.0,3,4.0,4.0,4.0,4,4,4.0,4,4.0,2,3,4,3,4,4,4,4.0,4,4.0,4.0,4.0,3,,4,4,4.0,4,4.0,2,4,0,3,3,3,4,4.0,,3,4,4,4.0,3,4,4.0,4.0,4,4,4.0,4,4,1,2.0,4.0,3,4,3,4,4.0,4.0,3,4,3,4,4,4,4,3,4,3,4.0,4,4,4,4.0,4,4,0,2,4,4.0,4,4.0,4.0,3,4,4,4.0,2,3,4,4.0,3,3,3,,4.0,4,4.0,,,2,3,4.0,4,4,4.0,,4.0,3,4,4,3,4,4,4.0,4,3,4,4,,4,4,4,4.0,4,4.0,4,4,4,4,3.0,4,4.0,4,4,4,4.0,4,4,4.0,4,4,4,4,4,1,4.0,4.0,,4,3,4,,4,1,4,3,0,4,3,3,3,4,1,4.0,4,,,3,4,4,3,,4,4,4.0,4,4,4.0,4,4.0,4.0,3,4.0,4,3,4.0,4,4,4,4.0,4,4,4,4.0,4,4.0,4,,4,3,4,4,4,,4.0,4,4,4.0,4,4,4,4,3,4,4.0,4,4,3,3,4,4,4.0,4.0,3,4,4,4.0,3,1,,3,3,3,4,3,4.0,4.0,4,4,4,3,4,4,4,4,4.0,4.0,4,3,4.0,4.0,4.0,,4.0,2.0,4.0,4,4.0,,4.0,3.0,4,,4.0,,,4,4,4,3.0,4.0,53,5,0.0594900849858356,1.215885167464115,-0.5193531483879265
4,4,3,3,4,4,4,4,4,4,4,4,4,4,4.0,4,4,4.0,,4,3,4,4,4,4,4,3,3,4,4,3,4,4,4,3,3,4.0,4,4,4,4,4,4,4,,4,4,4,4,4,3.0,3,4,,4,4,3,3,4,4,3,3,,4,,4,,4,3,4.0,4,3,4.0,4,4,3,4,4,4.0,4,2,4,3,4,4,2,4,3,4,4,4,3,,4,,3,4,4,4,4,4,4,4,4,3,4,,4.0,4,4,4,4,4,3,,4,4,4,4,4.0,,3.0,4,3,3,4,3,4,4.0,4,4.0,3,4.0,4.0,,4,4,,1,4.0,4,4,4,4,4,4,4,4.0,4,4.0,4.0,,4,,4,4,,4,4.0,3,4,4,4,0,4,4,,,3,4,1,4.0,2,4,4.0,4.0,4,3,4.0,4,4,1,,4.0,3,4,3,4,,4.0,2,4,3,4,4,4,4,3,4,4,4.0,4,4,4,4.0,4,4,4,4,4,2.0,4,4.0,,3,4,3,4.0,3,4,4,4.0,3,3,4,,4.0,4,,,,4,3,0.0,4,4,4.0,,,3,4,4,4,3,4,4.0,4,3,4,4,,4,4,3,4.0,4,,4,4,3,4,4.0,3,,4,4,2,4.0,3,4,4.0,4,4,4,4,4,4,0.0,,,4,4,4,,4,4,4,4,4,3,4,3,0,4,4,4.0,4,,4.0,3,4,2,3,,4,4,4.0,4,4,,4,4.0,,4,,4,4,4.0,4,4,4,,4,4,4,4.0,4,4.0,4,,4,4,4,4,4,,,4,4,,4,4,4,4,4,4,4.0,4,4,4,4,4,4,4.0,4.0,3,4,3,,3,4,,4,3,4,4,3,4.0,,4,3,4,4,4,4,4,4,,,4,4,4.0,,4.0,,,4.0,4.0,4,4.0,,,,4,,4.0,,,3,2,4,4.0,4.0,54,5,0.0523076923076923,1.252768415984593,-0.4156436678730612
3,3,3,3,2,3,3,3,2,2,1,3,2,3,3.0,3,3,2.0,4.0,3,2,3,3,4,3,2,0,3,3,2,3,3,3,4,2,1,3.0,4,3,3,4,3,3,3,4.0,3,2,3,3,3,4.0,3,2,,3,3,3,3,2,2,3,3,3.0,3,4.0,3,,3,1,,2,2,3.0,1,3,3,3,3,3.0,3,2,3,3,3,3,3,3,2,3,3,3,1,3.0,2,4.0,3,3,3,3,3,3,3,3,3,2,3,4.0,4.0,3,3,3,3,2,3,4.0,3,3,3,3,4.0,3.0,4.0,3,3,3,3,0,3,0.0,3,4.0,3,3.0,3.0,3.0,3,4,4.0,2,4.0,3,3,4,3,3,4,3,3.0,1,3.0,3.0,4.0,3,4.0,3,4,3.0,3,4.0,3,3,3,3,3,3,4,4.0,4.0,3,3,4,4.0,3,4,4.0,4.0,4,3,4.0,3,3,3,4.0,3.0,2,3,3,3,4.0,3.0,2,2,3,2,3,2,3,3,3,3,4.0,3,3,3,4.0,3,4,3,3,3,3.0,3,4.0,4.0,3,2,3,2.0,3,3,3,4.0,3,3,3,,4.0,3,4.0,4.0,,3,3,3.0,3,3,3.0,4.0,4.0,3,4,3,3,3,3,4.0,3,2,3,4,4.0,3,3,3,3.0,3,3.0,3,3,3,3,4.0,3,4.0,3,2,3,3.0,3,3,3.0,0,3,3,3,2,3,3.0,4.0,4.0,3,3,3,4.0,3,3,3,3,3,3,3,2,3,3,3,3.0,3,4.0,4.0,3,4,3,3,,3,3,4.0,3,2,4.0,3,4.0,4.0,3,4.0,3,3,4.0,4,4,3,4.0,4,3,3,3.0,3,3.0,3,4.0,3,3,3,3,3,4.0,4.0,3,4,4.0,3,4,3,3,3,3,3.0,3,4,4,3,3,3,4.0,4.0,3,4,3,4.0,3,3,4.0,3,3,3,3,3,4.0,4.0,3,3,3,3,3,3,3,4,4.0,2.0,3,2,4.0,4.0,4.0,4.0,4.0,3.0,4.0,3,4.0,,4.0,,4,,3.0,,4.0,3,3,3,4.0,3.0,55,5,0.0513513513513513,1.2217023172905526,-0.6214552546548744
4,4,4,4,3,4,4,4,4,4,3,1,4,3,4.0,4,4,4.0,5.0,4,3,4,4,5,4,4,4,4,4,4,4,4,4,4,3,4,5.0,1,4,4,5,4,4,4,5.0,4,4,4,2,4,5.0,4,3,,4,4,4,4,4,4,3,4,5.0,4,5.0,4,0.0,4,4,,3,3,4.0,4,4,0,4,4,4.0,4,3,4,4,4,4,4,4,3,4,4,5,4,5.0,4,5.0,4,2,5,4,4,4,4,4,4,4,4,5.0,4.0,4,4,4,4,4,4,5.0,4,4,4,4,4.0,5.0,4.0,4,4,3,4,4,4,3.0,4,5.0,3,5.0,5.0,4.0,4,5,5.0,3,4.0,4,4,5,4,5,4,4,5.0,5,5.0,5.0,5.0,3,5.0,4,5,5.0,2,4.0,4,4,4,4,4,4,4,5.0,5.0,4,5,4,5.0,3,4,0.0,5.0,5,4,5.0,4,3,4,5.0,4.0,4,4,4,4,5.0,4.0,4,4,3,4,4,4,4,4,1,4,5.0,4,4,4,5.0,4,4,4,4,4,4.0,4,4.0,5.0,2,4,4,4.0,4,4,4,4.0,4,4,4,,5.0,4,5.0,5.0,,4,4,5.0,4,4,4.0,5.0,5.0,4,5,4,4,3,4,5.0,3,3,4,4,5.0,4,4,4,4.0,5,5.0,4,4,4,4,5.0,4,5.0,4,4,4,5.0,4,4,5.0,5,4,4,4,4,4,5.0,5.0,5.0,4,4,2,5.0,4,4,4,4,4,4,4,3,2,4,4,4.0,4,5.0,5.0,4,4,4,4,5.0,4,4,4.0,4,4,5.0,4,5.0,5.0,4,5.0,4,4,5.0,5,5,4,5.0,5,4,4,4.0,4,5.0,4,5.0,3,4,4,4,4,5.0,4.0,4,4,5.0,4,5,4,4,4,4,5.0,4,4,4,4,4,4,0.0,4.0,4,4,4,5.0,4,4,5.0,4,4,4,4,4,5.0,5.0,4,5,4,4,4,3,4,4,5.0,5.0,4,4,5.0,5.0,5.0,5.0,5.0,4.0,4.0,4,5.0,,5.0,,4,,4.0,,5.0,4,4,4,5.0,5.0,56,5,0.0426666666666666,1.2924939467312349,-0.6405150075014558
3,3,3,3,3,3,3,2,3,4,4,3,4,3,4.0,3,4,4.0,4.0,3,3,3,3,3,4,3,3,3,3,2,4,3,3,4,3,3,4.0,4,1,3,4,3,4,4,4.0,3,3,3,3,4,4.0,3,2,,3,2,3,3,3,3,3,3,4.0,4,4.0,3,,3,3,,3,3,4.0,4,4,3,4,4,2.0,3,2,3,3,3,4,3,4,3,4,3,4,3,4.0,4,4.0,3,3,4,3,2,3,4,3,3,3,3,4.0,4.0,3,3,3,4,3,3,4.0,3,3,1,3,3.0,4.0,4.0,4,3,1,3,4,3,4.0,4,1.0,2,4.0,4.0,4.0,3,0,4.0,3,3.0,3,1,4,3,2,3,3,4.0,4,4.0,4.0,4.0,2,4.0,3,4,4.0,3,4.0,2,4,4,4,3,4,4,4.0,4.0,3,4,4,4.0,3,4,4.0,4.0,4,4,4.0,4,4,3,4.0,3.0,3,3,3,3,3.0,4.0,3,3,3,4,3,3,4,2,4,3,4.0,2,3,4,4.0,3,3,3,3,3,0.0,3,4.0,4.0,3,3,3,4.0,3,3,4,4.0,3,3,4,,4.0,3,4.0,,,4,3,4.0,3,4,4.0,4.0,4.0,3,3,3,3,2,4,4.0,2,3,4,4,4.0,3,3,3,4.0,4,4.0,3,3,3,4,4.0,3,4.0,3,3,3,4.0,3,3,4.0,3,4,4,3,4,3,4.0,4.0,4.0,4,3,4,,4,4,4,3,4,3,3,3,3,3,3,2.0,3,4.0,4.0,3,3,4,3,4.0,3,3,4.0,3,3,4.0,3,4.0,4.0,3,4.0,4,3,4.0,4,3,4,4.0,4,4,3,4.0,3,4.0,3,,3,3,0,3,3,,4.0,4,3,4.0,3,4,3,3,3,4,4.0,3,3,3,3,4,3,3.0,0.0,1,4,3,4.0,3,3,4.0,3,2,3,4,3,4.0,4.0,3,4,3,3,2,4,3,4,2.0,4.0,3,4,4.0,4.0,4.0,4.0,4.0,4.0,4.0,4,4.0,,4.0,,3,,4.0,,4.0,3,3,4,4.0,4.0,57,5,0.0575342465753424,1.2069721115537848,-0.6426814115272995
5,5,5,5,5,4,4,5,4,5,5,2,5,4,5.0,0,5,5.0,6.0,5,4,6,6,6,5,5,5,5,4,5,5,5,5,6,5,3,6.0,6,6,6,5,6,6,6,6.0,4,5,6,5,6,6.0,6,5,,6,5,6,5,5,5,5,5,6.0,6,6.0,5,0.0,5,5,,5,5,5.0,5,5,5,5,5,5.0,6,4,5,5,5,5,5,5,5,5,5,6,4,6.0,5,6.0,5,3,6,5,5,5,6,5,5,4,5,6.0,6.0,5,5,5,6,6,5,5.0,5,5,6,6,6.0,6.0,6.0,6,5,5,6,5,6,6.0,6,6.0,5,6.0,6.0,5.0,5,6,6.0,5,6.0,6,5,6,6,6,6,6,6.0,6,6.0,6.0,6.0,4,6.0,6,6,6.0,4,6.0,5,5,6,5,6,5,6,6.0,,5,6,6,6.0,5,0,6.0,6.0,6,5,6.0,5,5,5,6.0,6.0,5,5,5,6,6.0,6.0,5,5,5,5,3,5,5,5,4,5,6.0,6,5,6,6.0,5,5,5,5,5,6.0,5,6.0,6.0,5,5,5,5.0,5,5,6,5.0,5,5,5,,4.0,6,6.0,6.0,,5,5,6.0,5,5,6.0,6.0,6.0,5,6,6,5,5,5,6.0,6,5,5,6,6.0,5,6,5,6.0,6,6.0,5,6,6,5,6.0,5,6.0,6,5,6,6.0,6,5,6.0,5,6,5,5,5,5,6.0,6.0,6.0,6,5,5,6.0,5,5,5,5,6,5,5,4,5,6,5,5.0,5,6.0,6.0,5,6,5,5,,6,5,0.0,5,5,6.0,6,6.0,5.0,5,6.0,6,5,6.0,6,6,6,6.0,6,5,5,5.0,5,6.0,5,,5,5,6,5,2,,6.0,6,6,6.0,5,6,5,5,5,5,6.0,5,6,6,3,6,6,6.0,6.0,4,6,5,6.0,5,4,5.0,5,5,5,6,5,6.0,6.0,5,6,5,5,6,6,5,6,6.0,6.0,5,5,6.0,6.0,6.0,,6.0,6.0,6.0,6,6.0,,6.0,,6,,6.0,,6.0,5,4,5,5.0,6.0,58,5,0.0692520775623268,1.2450553797468356,-0.6010966269308269
4,4,4,4,4,4,4,4,3,4,4,4,4,4,4.0,4,4,4.0,4.0,4,3,3,4,4,4,4,3,3,4,4,4,4,4,5,4,4,4.0,4,4,3,4,4,4,4,5.0,4,1,4,4,5,5.0,4,3,,4,2,4,4,3,3,4,4,2.0,4,5.0,4,,5,4,,3,3,4.0,4,4,4,4,5,4.0,4,3,4,4,3,4,4,3,4,4,0,4,3,5.0,4,5.0,3,4,4,4,4,4,4,4,4,4,4,5.0,4.0,4,5,4,4,2,4,5.0,3,4,4,4,5.0,5.0,4.0,4,4,3,4,4,4,5.0,1,4.0,4,5.0,4.0,5.0,4,4,5.0,4,5.0,1,4,4,4,4,4,4,5.0,4,4.0,5.0,5.0,3,5.0,4,5,5.0,4,5.0,4,4,5,4,4,5,0,5.0,5.0,4,4,4,4.0,4,4,4.0,4.0,4,4,5.0,4,4,4,5.0,4.0,4,4,4,4,5.0,4.0,3,4,3,4,4,4,4,3,4,2,4.0,4,4,4,5.0,4,4,4,4,4,4.0,4,5.0,5.0,3,4,4,5.0,4,4,4,5.0,4,4,4,,5.0,4,5.0,,,4,3,5.0,4,4,4.0,5.0,5.0,4,4,4,4,2,4,5.0,4,3,4,5,5.0,1,4,4,0.0,4,5.0,4,4,4,3,5.0,4,5.0,4,4,4,4.0,4,4,5.0,5,4,4,4,5,4,4.0,5.0,5.0,4,4,4,4.0,4,4,4,4,4,4,4,4,4,4,5,5.0,4,5.0,5.0,4,5,4,4,,4,3,5.0,4,4,5.0,4,4.0,5.0,4,5.0,3,4,5.0,4,5,4,4.0,4,4,4,5.0,4,4.0,4,5.0,4,4,4,4,2,5.0,5.0,4,4,4.0,4,4,4,4,4,4,5.0,4,5,4,4,4,5,5.0,4.0,4,4,4,0.0,4,4,5.0,3,4,4,4,4,4.0,5.0,4,4,4,4,4,4,4,4,5.0,5.0,4,4,3.0,5.0,5.0,5.0,5.0,5.0,5.0,4,5.0,,5.0,,4,,4.0,,5.0,4,4,5,5.0,5.0,59,5,0.0486486486486486,1.253439030076941,-0.5956883844398245
3,3,2,3,3,3,3,3,2,3,2,2,3,1,3.0,3,1,2.0,3.0,3,2,3,3,1,3,2,2,3,3,3,3,3,3,4,3,3,3.0,4,3,3,3,3,3,3,4.0,3,3,3,3,3,3.0,3,2,,3,2,3,3,3,3,2,3,4.0,3,4.0,3,,3,3,,3,0,3.0,3,3,3,3,3,3.0,3,3,3,3,3,3,3,3,3,3,3,4,2,4.0,3,4.0,3,2,3,3,3,3,3,3,3,2,2,3.0,4.0,3,3,3,3,3,3,4.0,3,3,3,3,4.0,2.0,3.0,3,3,3,3,3,3,3.0,3,3.0,2,3.0,3.0,3.0,3,3,4.0,3,3.0,1,2,3,3,2,3,3,4.0,3,3.0,4.0,4.0,1,4.0,3,4,3.0,3,3.0,2,3,3,3,3,3,3,4.0,4.0,3,3,4,3.0,2,3,4.0,3.0,3,3,3.0,3,2,2,4.0,4.0,3,3,3,3,3.0,3.0,2,3,3,3,3,2,2,0,2,2,3.0,3,3,3,4.0,3,3,3,3,3,3.0,3,3.0,4.0,3,2,3,3.0,3,3,3,3.0,2,3,3,,4.0,3,3.0,4.0,,3,3,3.0,3,3,4.0,3.0,4.0,3,3,3,3,3,3,3.0,3,2,3,3,4.0,3,3,3,4.0,3,3.0,3,2,3,3,4.0,2,4.0,3,3,3,3.0,3,3,3.0,3,3,3,3,3,3,4.0,3.0,4.0,3,3,3,4.0,3,3,3,3,3,3,3,2,3,3,3,3.0,3,1.0,4.0,3,3,2,3,4.0,3,0,4.0,0,3,2.0,3,3.0,3.0,3,2.0,1,3,3.0,3,1,2,1.0,3,2,3,4.0,3,3.0,2,4.0,3,2,3,3,3,4.0,3.0,3,3,4.0,3,3,3,3,3,3,4.0,3,3,3,3,3,3,3.0,3.0,2,3,3,4.0,2,3,3.0,3,2,3,3,3,2.0,4.0,3,3,3,3,3,4,3,3,3.0,4.0,3,3,4.0,4.0,4.0,4.0,4.0,3.0,3.0,3,4.0,,4.0,,3,,3.0,,4.0,3,2,3,4.0,4.0,60,5,0.0626702997275204,1.2771790065604498,-0.5407563023319253
5,4,4,4,4,4,4,4,4,4,4,4,4,4,4.0,5,4,5.0,5.0,4,3,4,4,5,4,4,4,4,4,4,4,4,4,0,3,4,5.0,5,1,5,4,2,2,1,0.0,4,4,5,4,5,3.0,4,4,,4,4,4,4,4,3,4,4,5.0,5,5.0,4,,4,4,,3,3,5.0,5,5,4,4,5,5.0,5,4,4,4,5,5,4,4,3,5,5,4,4,5.0,4,5.0,4,4,5,4,4,4,4,4,4,4,4,5.0,5.0,4,5,4,4,4,4,5.0,4,4,4,4,5.0,5.0,5.0,5,4,4,4,4,4,4.0,5,5.0,4,5.0,5.0,5.0,4,5,5.0,4,5.0,5,4,5,4,4,4,5,5.0,5,5.0,5.0,5.0,4,5.0,4,5,5.0,5,5.0,3,5,5,4,4,5,4,5.0,,4,5,5,5.0,4,5,3.0,5.0,5,5,5.0,5,4,4,5.0,5.0,3,4,4,4,5.0,4.0,4,4,4,4,4,4,4,4,4,2,5.0,4,4,5,5.0,4,5,4,4,4,4.0,4,5.0,5.0,3,4,4,5.0,4,4,4,5.0,4,4,5,,5.0,5,5.0,5.0,,4,4,5.0,5,5,4.0,5.0,5.0,2,4,4,4,3,4,4.0,3,3,4,5,5.0,3,4,4,5.0,4,5.0,5,2,4,4,5.0,4,5.0,4,4,5,4.0,5,5,4.0,4,5,4,4,5,1,4.0,0.0,5.0,4,4,4,5.0,4,5,4,3,4,4,4,4,4,4,4,4.0,5,5.0,5.0,4,5,5,4,5.0,5,4,5.0,4,3,5.0,5,5.0,5.0,4,5.0,4,3,5.0,4,2,3,5.0,5,3,3,5.0,5,4.0,4,5.0,5,4,4,5,4,,5.0,5,5,5.0,4,4,5,4,4,4,5.0,4,4,4,4,4,4,5.0,4.0,4,4,4,5.0,4,4,5.0,4,4,3,4,4,5.0,5.0,3,4,4,4,5,5,4,4,4.0,5.0,4,5,5.0,5.0,5.0,5.0,0.0,5.0,4.0,5,4.0,,5.0,,5,,5.0,,5.0,4,4,4,3.0,5.0,61,5,0.051490514905149,1.2393726784977301,-0.6133103022156988
3,3,3,3,3,3,3,3,2,3,3,3,3,3,3.0,3,3,4.0,4.0,3,3,3,3,4,1,3,3,3,3,3,1,3,3,3,3,3,3.0,3,3,3,3,3,3,4,4.0,3,3,3,3,3,4.0,3,0,,3,3,3,0,3,3,3,3,3.0,3,4.0,3,,4,3,,2,3,3.0,3,3,3,3,3,3.0,3,2,3,2,3,3,3,3,0,3,3,4,2,4.0,4,4.0,2,3,3,3,3,3,3,2,3,2,3,4.0,4.0,2,3,3,4,4,3,4.0,2,3,3,3,3.0,3.0,3.0,3,3,2,3,3,3,3.0,3,4.0,3,4.0,4.0,4.0,3,4,4.0,2,4.0,3,3,3,3,4,2,3,4.0,3,4.0,4.0,4.0,3,4.0,1,3,4.0,4,4.0,3,3,3,4,3,3,3,4.0,4.0,3,3,4,4.0,2,3,4.0,4.0,4,4,4.0,3,3,3,4.0,3.0,3,3,3,2,4.0,4.0,3,2,3,3,3,3,4,2,3,3,4.0,3,3,3,4.0,3,3,3,3,3,3.0,3,4.0,4.0,3,4,4,3.0,2,1,4,4.0,3,2,3,,4.0,3,4.0,4.0,,3,3,3.0,3,3,4.0,4.0,4.0,3,4,3,3,2,3,4.0,3,3,3,4,4.0,3,3,3,4.0,4,4.0,3,3,3,3,4.0,1,4.0,3,3,3,3.0,3,3,4.0,3,3,3,3,3,3,3.0,4.0,4.0,4,3,3,4.0,3,3,3,3,3,3,3,2,3,4,4,4.0,2,4.0,4.0,3,3,3,3,4.0,3,3,4.0,3,3,0.0,3,4.0,4.0,3,4.0,3,3,4.0,4,4,3,3.0,3,3,3,4.0,3,4.0,3,4.0,3,3,3,3,3,4.0,4.0,4,4,4.0,3,3,3,3,3,3,4.0,3,3,3,3,3,3,3.0,4.0,2,3,3,4.0,3,3,4.0,3,3,3,4,3,4.0,3.0,3,4,3,3,3,4,3,3,4.0,4.0,3,3,4.0,4.0,4.0,,4.0,4.0,4.0,3,4.0,,4.0,,3,,4.0,,4.0,3,3,4,4.0,4.0,62,5,0.0345744680851063,1.2316118935837246,-0.6776080567934957
2,3,1,3,3,3,4,3,3,3,3,3,3,3,4.0,4,3,4.0,4.0,2,3,3,3,4,4,3,2,3,3,1,0,3,3,4,3,2,3.0,4,4,2,4,4,3,3,4.0,2,3,4,3,4,4.0,3,3,,3,3,3,3,4,3,3,3,4.0,3,4.0,3,,3,3,,3,3,4.0,3,4,3,3,4,3.0,4,2,3,3,4,4,3,4,1,3,3,4,3,4.0,3,4.0,2,3,4,3,3,3,3,3,4,3,4,4.0,4.0,3,3,3,3,3,3,4.0,3,3,3,3,4.0,1.0,4.0,3,3,3,4,3,3,3.0,3,0.0,3,4.0,4.0,4.0,4,4,4.0,0,4.0,4,3,4,3,3,3,3,4.0,4,4.0,4.0,4.0,3,4.0,4,4,4.0,4,4.0,3,3,4,4,3,4,4,4.0,,3,3,3,4.0,3,4,4.0,4.0,4,4,3.0,3,3,3,4.0,3.0,2,3,3,3,4.0,4.0,2,3,2,3,4,2,3,3,4,3,4.0,4,1,3,4.0,3,4,4,2,4,0.0,3,4.0,4.0,3,3,4,4.0,3,3,3,4.0,3,3,3,,4.0,3,4.0,,,4,3,4.0,3,4,4.0,3.0,4.0,3,3,3,3,3,4,3.0,4,3,3,4,4.0,3,3,3,4.0,4,4.0,3,3,4,4,4.0,2,4.0,4,3,2,4.0,3,3,4.0,4,4,4,3,4,3,4.0,4.0,4.0,4,4,2,,4,4,3,3,4,3,3,2,3,4,3,4.0,3,4.0,4.0,3,3,4,3,,4,3,4.0,3,3,4.0,4,3.0,4.0,3,4.0,3,3,4.0,4,4,3,4.0,4,4,3,4.0,4,4.0,3,4.0,3,3,4,4,4,,4.0,4,4,4.0,4,3,3,3,3,2,4.0,4,4,4,4,4,3,4.0,3.0,3,4,3,4.0,3,3,4.0,3,3,3,4,3,4.0,4.0,2,4,3,3,4,4,3,4,4.0,4.0,3,3,4.0,4.0,4.0,,4.0,4.0,4.0,4,4.0,,4.0,,3,,4.0,,4.0,3,3,3,4.0,4.0,63,5,0.0463215258855585,1.2059053578412202,-0.645656758219134
1,3,3,3,3,3,4,4,3,3,2,3,1,3,4.0,4,3,4.0,4.0,4,3,4,4,4,3,4,3,3,2,3,4,3,3,3,3,3,4.0,2,3,4,4,4,3,3,4.0,4,3,4,3,4,4.0,0,3,,3,3,3,3,3,2,1,3,4.0,4,4.0,3,,4,3,,3,3,4.0,4,4,3,4,4,4.0,4,2,3,2,3,4,2,3,3,4,4,4,3,4.0,3,4.0,3,2,4,3,3,4,3,3,4,3,3,4.0,4.0,3,4,3,3,4,3,4.0,0,4,4,3,4.0,4.0,4.0,4,3,3,3,3,4,4.0,4,4.0,3,2.0,4.0,4.0,3,4,4.0,3,4.0,4,3,4,3,3,4,4,4.0,4,4.0,4.0,4.0,3,4.0,2,4,4.0,4,4.0,3,4,3,4,3,2,4,4.0,4.0,3,4,3,4.0,3,4,4.0,4.0,4,4,4.0,4,3,4,4.0,4.0,3,4,3,3,4.0,4.0,3,2,3,3,3,3,4,3,4,3,4.0,4,3,3,4.0,4,3,3,3,4,3.0,3,4.0,4.0,3,4,4,4.0,2,3,3,4.0,3,2,4,,4.0,4,4.0,,,3,4,3.0,4,3,4.0,4.0,4.0,3,4,4,3,2,0,4.0,0,3,4,4,4.0,3,3,4,4.0,4,4.0,4,3,3,3,4.0,3,4.0,4,3,3,4.0,3,3,4.0,3,4,4,3,4,3,4.0,4.0,4.0,4,4,4,4.0,3,4,4,3,4,3,3,3,1,4,4,4.0,4,,4.0,3,4,3,3,,4,3,4.0,4,3,4.0,3,4.0,4.0,4,4.0,4,4,4.0,4,4,4,4.0,3,3,4,4.0,4,4.0,4,,4,3,4,4,4,,4.0,4,4,4.0,3,4,4,4,4,4,4.0,4,4,3,3,4,4,4.0,4.0,3,3,3,4.0,3,3,4.0,4,3,3,4,3,4.0,4.0,3,4,3,3,3,4,3,4,4.0,4.0,4,3,4.0,4.0,4.0,,4.0,4.0,4.0,4,4.0,,4.0,,4,,3.0,,,3,3,3,4.0,4.0,64,5,0.037940379403794,1.222608377537955,-0.6843349857082139
4,4,4,4,4,4,4,4,3,4,4,4,4,4,4.0,4,5,4.0,4.0,4,3,4,4,5,4,4,4,4,3,4,4,4,4,5,4,4,5.0,4,3,5,4,5,4,4,0.0,4,4,4,4,5,5.0,4,4,,4,4,3,4,4,4,4,4,4.0,5,5.0,4,,4,4,,3,2,5.0,4,4,4,4,5,4.0,4,3,4,4,4,4,4,4,4,5,5,4,4,5.0,4,5.0,4,4,5,4,4,4,4,3,4,3,4,5.0,5.0,4,4,4,5,4,4,5.0,4,4,4,4,5.0,5.0,5.0,5,4,4,4,4,5,4.0,4,4.0,4,4.0,5.0,5.0,3,4,1.0,2,3.0,5,4,5,4,4,4,5,5.0,5,5.0,4.0,5.0,4,5.0,4,4,4.0,4,4.0,3,5,3,4,4,4,4,5.0,5.0,4,4,5,5.0,3,4,5.0,4.0,5,3,5.0,4,4,4,5.0,4.0,4,4,4,4,5.0,4.0,4,4,4,4,4,4,4,4,4,4,5.0,4,4,5,5.0,4,4,3,4,4,5.0,4,5.0,5.0,4,4,4,5.0,3,3,4,4.0,4,2,5,,5.0,4,4.0,0.0,,4,4,4.0,4,4,4.0,3.0,5.0,4,4,4,4,0,4,4.0,5,4,5,4,5.0,5,4,4,4.0,4,5.0,5,4,4,4,5.0,4,5.0,4,4,4,5.0,4,3,4.0,2,4,4,4,5,4,4.0,5.0,5.0,4,4,4,5.0,4,5,4,4,4,4,4,3,3,4,4,4.0,4,5.0,5.0,3,4,4,4,4.0,4,3,2.0,4,4,5.0,5,5.0,5.0,4,5.0,3,4,0.0,4,3,4,4.0,4,4,3,5.0,4,4.0,4,5.0,4,4,4,4,4,,5.0,4,5,5.0,4,4,4,1,4,4,5.0,1,4,4,4,5,4,5.0,4.0,3,4,4,5.0,3,4,5.0,1,4,3,4,4,5.0,5.0,3,3,4,4,4,4,4,4,4.0,5.0,4,4,4.0,3.0,5.0,5.0,4.0,5.0,4.0,4,4.0,,5.0,,4,,4.0,,5.0,4,4,4,4.0,5.0,65,5,0.0599455040871934,1.282538955087076,-0.5441928193049834
4,3,4,3,4,4,3,3,3,4,4,4,4,3,4.0,4,4,4.0,4.0,4,3,3,4,4,4,3,3,3,4,3,3,4,3,4,4,4,4.0,4,4,3,4,4,4,4,4.0,4,4,4,4,4,4.0,4,3,,3,4,4,4,4,4,3,3,4.0,4,4.0,4,,4,4,,3,3,4.0,4,4,3,4,4,4.0,4,3,3,3,4,4,4,4,3,4,2,4,4,4.0,4,,3,3,4,0,3,3,4,4,4,2,3,4.0,4.0,3,4,3,4,4,3,,3,3,4,2,4.0,4.0,4.0,4,3,4,4,4,4,4.0,4,4.0,3,2.0,4.0,3.0,3,2,,4,4.0,4,2,4,4,3,4,1,4.0,1,4.0,,4.0,3,,3,4,4.0,4,4.0,3,4,4,4,4,1,4,,,4,4,4,4.0,4,4,4.0,,4,4,2.0,1,4,4,4.0,4.0,3,2,4,4,3.0,4.0,3,3,3,4,4,3,4,2,4,3,4.0,4,4,4,,3,4,3,4,4,4.0,4,4.0,4.0,3,4,4,4.0,4,4,4,4.0,3,3,4,,4.0,4,4.0,,,4,4,4.0,4,4,4.0,,4.0,4,4,4,4,4,4,4.0,4,3,4,4,,4,4,4,4.0,4,4.0,4,3,4,4,4.0,4,4.0,4,3,4,4.0,4,2,4.0,4,4,4,4,4,4,4.0,4.0,,4,3,0,,2,4,4,3,4,4,3,3,2,3,1,4.0,4,,4.0,3,4,4,4,,4,4,4.0,4,4,4.0,4,0.0,4.0,4,4.0,4,4,4.0,4,4,4,4.0,4,4,4,4.0,4,4.0,4,,4,3,4,4,4,4.0,4.0,4,4,4.0,4,4,4,3,3,3,4.0,4,4,4,4,4,4,4.0,4.0,3,4,3,,4,3,,4,3,3,3,4,4.0,,4,4,4,4,4,4,3,4,,,4,3,4.0,4.0,4.0,,4.0,4.0,4.0,4,4.0,,0.0,,3,,4.0,,,4,4,4,4.0,,66,5,0.0579710144927536,1.195688572624529,-0.4240894999173581
3,4,4,3,3,4,3,4,3,3,4,4,4,3,4.0,4,4,4.0,4.0,3,3,4,3,4,3,4,4,1,4,4,4,4,3,4,4,3,4.0,4,3,4,4,4,4,4,4.0,4,4,3,2,4,4.0,4,3,,4,4,3,3,4,3,3,3,4.0,2,4.0,4,,4,4,,4,3,4.0,4,3,3,4,4,4.0,4,3,2,3,4,4,4,4,3,4,4,4,3,,4,,4,3,4,4,4,4,4,3,4,2,3,4.0,4.0,3,0,4,4,4,3,4.0,3,4,4,4,4.0,4.0,4.0,3,3,3,4,4,3,4.0,4,4.0,3,3.0,4.0,4.0,4,4,4.0,4,4.0,4,3,4,4,3,3,3,,4,4.0,,4.0,3,4.0,0,3,4.0,4,2.0,4,4,4,4,3,4,4,4.0,4.0,3,4,4,4.0,3,4,4.0,4.0,4,4,4.0,4,4,4,4.0,4.0,3,4,3,4,4.0,4.0,2,4,3,4,4,4,3,3,4,3,4.0,4,4,3,1.0,3,4,3,2,4,4.0,4,4.0,,3,3,4,4.0,3,4,4,4.0,3,0,4,,4.0,4,4.0,,,4,4,4.0,4,4,4.0,,4.0,4,4,4,4,3,4,3.0,4,2,4,4,,4,4,4,4.0,4,4.0,4,2,3,4,4.0,4,,4,4,4,3.0,2,3,4.0,3,4,4,3,3,3,4.0,4.0,,4,4,4,4.0,3,4,3,4,4,3,4,3,3,4,4,4.0,4,,4.0,3,4,2,4,,4,4,4.0,4,4,4.0,4,4.0,4.0,4,4.0,4,3,4.0,4,4,4,4.0,4,4,4,4.0,4,4.0,3,,4,4,4,4,4,,4.0,4,4,4.0,4,4,3,4,4,4,4.0,4,4,4,4,4,4,4.0,4.0,4,3,3,,4,4,,4,3,3,4,4,4.0,4.0,3,4,4,4,4,4,4,4,4.0,,4,1,4.0,4.0,4.0,4.0,4.0,4.0,4.0,4,4.0,,4.0,,3,,4.0,,,4,4,3,4.0,0.0,67,5,0.0689655172413793,1.2083580907110318,-0.47687253886261927
4,4,4,3,4,4,4,4,4,3,3,4,3,4,4.0,4,4,4.0,4.0,4,3,4,4,4,3,4,4,4,4,4,4,4,4,4,0,4,4.0,3,3,4,4,4,4,4,5.0,4,4,4,3,4,5.0,4,4,,4,4,4,4,4,2,4,3,4.0,4,5.0,4,,4,3,,3,4,4.0,4,4,4,4,4,4.0,4,4,4,3,4,4,4,4,4,4,4,4,0,5.0,4,4.0,3,3,4,4,4,4,4,4,4,4,4,5.0,5.0,4,4,4,4,4,3,5.0,4,4,4,4,4.0,4.0,4.0,4,3,2,4,4,4,4.0,4,5.0,4,5.0,4.0,4.0,4,4,5.0,4,4.0,4,3,1,4,3,1,4,5.0,4,5.0,5.0,5.0,4,5.0,4,4,4.0,4,4.0,4,4,4,4,4,4,4,5.0,5.0,3,4,4,5.0,4,4,5.0,4.0,4,5,4.0,4,4,4,5.0,4.0,3,4,4,4,4.0,4.0,3,3,4,4,4,2,4,3,4,3,5.0,3,4,4,4.0,4,4,4,3,4,4.0,4,5.0,5.0,3,4,3,4.0,4,4,0,4.0,4,4,4,0.0,5.0,4,5.0,5.0,,4,4,4.0,4,4,5.0,5.0,4.0,4,4,4,4,3,4,4.0,4,2,4,4,5.0,4,4,4,5.0,4,5.0,4,4,3,4,4.0,4,5.0,4,4,4,4.0,4,4,3.0,4,4,4,4,4,3,4.0,4.0,5.0,4,4,4,5.0,4,4,4,4,4,4,4,3,4,4,4,4.0,4,5.0,5.0,3,4,4,4,5.0,4,4,4.0,4,4,5.0,4,4.0,5.0,3,5.0,4,3,5.0,5,4,4,5.0,4,4,4,5.0,5,5.0,4,5.0,4,4,4,4,3,5.0,4.0,4,5,5.0,4,4,4,4,4,4,4.0,4,4,4,4,4,4,5.0,4.0,3,4,4,5.0,4,4,4.0,4,3,4,4,4,5.0,3.0,3,4,2,4,3,4,4,4,5.0,5.0,4,4,4.0,5.0,5.0,5.0,4.0,4.0,4.0,4,5.0,,5.0,,4,,5.0,,5.0,3,4,4,4.0,2.0,68,5,0.0625,1.3008849557522124,-0.5991845274973637
3,3,3,3,3,3,3,3,3,3,3,3,4,3,4.0,3,3,4.0,4.0,3,2,4,3,3,3,2,3,3,3,3,3,0,3,4,3,3,1.0,3,3,3,3,4,4,3,4.0,3,3,3,3,3,4.0,3,3,,4,3,3,3,3,2,3,3,4.0,4,4.0,3,,3,2,,3,3,4.0,3,3,3,3,4,1.0,3,2,3,3,3,3,3,3,3,3,2,3,3,4.0,2,4.0,2,3,3,3,3,0,3,2,3,2,3,4.0,4.0,3,4,3,3,3,3,4.0,3,2,3,3,4.0,4.0,3.0,4,1,3,2,3,3,3.0,3,4.0,2,4.0,4.0,4.0,3,4,4.0,0,3.0,3,2,3,3,2,4,3,4.0,3,4.0,4.0,4.0,3,4.0,3,3,4.0,4,4.0,2,3,4,3,3,4,3,4.0,,3,3,3,4.0,3,4,4.0,3.0,4,3,4.0,3,3,3,4.0,3.0,3,3,3,3,3.0,4.0,2,3,2,3,3,3,3,2,3,3,4.0,3,3,3,4.0,3,4,3,3,3,3.0,3,3.0,4.0,3,2,3,4.0,2,3,3,4.0,3,3,3,,4.0,3,4.0,4.0,,4,3,3.0,3,3,4.0,4.0,4.0,3,2,3,3,3,3,4.0,3,3,3,4,4.0,3,3,3,3.0,3,4.0,3,3,3,3,4.0,3,4.0,4,4,3,4.0,3,3,3.0,3,4,3,3,4,3,4.0,4.0,4.0,4,4,4,4.0,3,3,3,2,3,3,3,3,3,3,3,4.0,2,4.0,4.0,3,3,4,3,,4,3,4.0,3,3,3.0,3,4.0,4.0,3,4.0,3,3,3.0,3,4,3,4.0,3,4,3,4.0,3,4.0,3,,3,3,3,3,3,,4.0,3,4,4.0,3,3,4,2,3,3,4.0,3,3,3,3,4,3,4.0,3.0,3,3,1,4.0,3,3,4.0,3,3,3,3,3,3.0,4.0,1,3,3,0,4,3,3,3,4.0,4.0,3,3,4.0,4.0,4.0,,4.0,4.0,4.0,4,4.0,,4.0,,3,,4.0,,4.0,3,3,4,4.0,4.0,69,5,0.0349462365591397,1.2399387576552932,-0.6660357228509739
2,3,3,4,3,4,4,3,3,1,3,3,3,3,4.0,4,4,4.0,4.0,3,3,3,3,4,3,3,3,3,4,3,3,3,4,4,4,3,3.0,4,3,3,3,3,4,4,4.0,3,2,4,3,4,4.0,3,3,,4,3,4,2,3,3,3,3,4.0,0,4.0,4,,4,3,,3,3,4.0,4,4,4,3,4,4.0,4,3,4,3,3,3,3,3,3,4,4,4,2,4.0,4,4.0,3,3,4,4,4,3,4,3,4,3,3,4.0,4.0,3,3,4,4,4,0,4.0,4,4,4,3,4.0,4.0,4.0,4,3,3,3,3,4,4.0,4,4.0,4,4.0,4.0,4.0,4,4,4.0,4,4.0,3,3,4,3,3,4,3,4.0,4,4.0,4.0,4.0,4,,4,4,4.0,4,4.0,3,4,4,4,4,4,3,4.0,,1,3,3,4.0,1,4,3.0,4.0,3,4,4.0,4,4,3,4.0,4.0,2,4,4,3,4.0,4.0,3,3,2,3,4,3,3,3,4,2,4.0,4,3,0,4.0,3,4,3,4,4,4.0,3,4.0,4.0,3,4,4,4.0,3,4,0,3.0,4,2,4,,4.0,4,4.0,,,3,3,4.0,4,3,4.0,4.0,4.0,4,2,3,3,3,4,4.0,4,3,4,4,,1,3,2,4.0,4,4.0,4,4,3,4,4.0,3,,4,4,4,3.0,3,3,4.0,4,3,4,3,3,3,4.0,4.0,,4,3,4,,4,4,3,3,4,4,4,3,4,4,3,4.0,4,,4.0,3,3,4,3,,4,4,4.0,4,4,4.0,4,4.0,4.0,2,4.0,4,3,4.0,4,4,3,4.0,3,4,4,4.0,4,4.0,3,,4,4,4,4,4,,4.0,4,4,4.0,4,4,4,4,3,3,4.0,4,4,4,4,4,4,4.0,4.0,3,4,3,2.0,4,3,,4,3,4,4,3,4.0,4.0,3,4,4,4,4,4,4,3,4.0,4.0,3,4,4.0,4.0,4.0,,4.0,4.0,4.0,4,4.0,,4.0,,4,,4.0,,,4,3,4,4.0,4.0,70,5,0.0386740331491712,1.2134438305709023,-0.5595497442539281
3,3,4,3,4,4,4,3,3,3,4,4,3,3,4.0,2,4,4.0,4.0,3,3,4,4,4,4,3,3,1,4,4,4,4,4,4,4,2,4.0,4,3,4,4,4,4,4,,4,3,4,4,4,,4,3,,4,4,3,3,4,3,4,4,4.0,4,,4,,4,4,4.0,3,3,4.0,4,4,3,4,4,4.0,3,2,4,4,4,4,4,4,3,4,4,4,3,4.0,3,,3,3,4,3,3,3,4,4,4,2,3,0.0,4.0,3,4,4,4,4,3,0.0,3,4,4,3,4.0,4.0,4.0,2,4,3,4,4,4,4.0,4,4.0,2,4.0,4.0,4.0,4,4,,3,4.0,4,3,4,3,3,4,4,4.0,4,4.0,4.0,4.0,3,,4,4,4.0,4,1.0,3,4,4,4,4,4,4,,,4,4,4,4.0,4,4,3.0,4.0,4,4,4.0,4,3,3,4.0,4.0,3,4,4,4,4.0,4.0,3,3,4,4,4,4,4,3,4,4,4.0,4,3,4,4.0,4,4,4,4,4,4.0,4,4.0,4.0,4,4,3,4.0,3,4,4,4.0,2,3,4,,4.0,4,4.0,,,4,4,4.0,0,4,4.0,,4.0,4,4,4,4,4,4,4.0,4,3,4,4,4.0,2,4,4,4.0,4,4.0,4,4,4,4,4.0,4,,4,4,4,4.0,4,0,4.0,4,4,3,4,4,4,4.0,4.0,,4,3,4,4.0,3,4,4,3,4,4,4,3,3,4,4,4.0,4,,4.0,3,4,4,4,,4,4,4.0,3,4,,4,4.0,4.0,4,4.0,4,4,4.0,4,4,4,4.0,4,4,3,4.0,3,4.0,4,,4,4,4,4,3,,4.0,4,4,,4,4,4,4,3,4,4.0,2,4,4,3,4,4,4.0,4.0,1,4,3,4.0,4,4,4.0,3,3,4,4,3,4.0,4.0,4,4,4,3,4,4,3,4,4.0,,2,3,4.0,4.0,4.0,,4.0,4.0,4.0,4,4.0,,,,4,,4.0,,,4,4,4,4.0,4.0,71,5,0.0512820512820512,1.2036152088094743,-0.47546451383491833
3,3,3,3,3,4,3,3,3,3,3,3,4,3,4.0,3,3,4.0,4.0,3,2,4,3,4,3,3,3,3,3,4,3,3,3,4,3,3,4.0,3,3,4,4,3,3,4,4.0,4,3,3,3,2,4.0,3,2,,2,1,3,3,3,3,3,3,3.0,3,4.0,3,,4,3,,3,3,4.0,4,3,3,3,4,4.0,3,2,3,2,3,4,3,3,2,2,3,3,3,4.0,2,4.0,3,3,4,3,3,3,3,2,4,2,3,4.0,4.0,3,4,3,4,4,3,4.0,2,3,4,3,4.0,4.0,3.0,0,3,3,3,1,3,3.0,3,4.0,3,4.0,4.0,4.0,3,4,4.0,2,4.0,4,3,4,3,3,3,3,4.0,3,4.0,4.0,4.0,3,0.0,3,4,4.0,4,2.0,3,3,4,4,3,4,4,4.0,4.0,3,3,4,4.0,3,4,3.0,4.0,4,4,4.0,4,3,0,4.0,4.0,3,3,3,4,4.0,3.0,3,2,3,3,4,3,4,3,4,3,4.0,4,3,4,4.0,3,3,3,3,4,4.0,3,4.0,4.0,2,3,3,3.0,3,3,4,4.0,2,3,2,,4.0,3,3.0,4.0,,4,3,4.0,3,4,3.0,4.0,4.0,1,4,3,3,3,3,0.0,1,2,4,4,4.0,3,4,3,3.0,3,4.0,3,3,3,4,4.0,3,4.0,3,3,3,4.0,3,3,4.0,3,4,4,3,3,3,4.0,4.0,4.0,3,3,3,4.0,3,4,4,3,4,3,3,3,3,3,3,3.0,4,,4.0,1,4,3,3,,4,3,4.0,3,3,4.0,4,4.0,4.0,3,4.0,3,3,3.0,4,4,4,4.0,3,4,3,4.0,3,3.0,3,4.0,3,4,3,3,3,4.0,3.0,3,4,4.0,3,3,3,3,3,3,4.0,4,4,4,3,3,4,4.0,3.0,3,4,3,4.0,3,3,4.0,3,3,2,3,1,4.0,4.0,3,3,4,3,3,3,3,3,4.0,4.0,3,1,4.0,4.0,4.0,4.0,4.0,4.0,4.0,3,4.0,,4.0,,4,,4.0,,,3,3,3,4.0,4.0,72,5,0.048780487804878,1.2004449838187703,-0.645145317704762
4,3,4,3,4,4,2,3,4,4,4,4,4,3,4.0,4,4,4.0,4.0,4,3,4,4,4,3,3,4,4,3,4,4,4,2,4,4,4,4.0,4,3,4,3,4,2,4,4.0,3,4,4,4,4,3.0,4,4,,4,3,4,4,4,3,4,3,4.0,4,,4,,4,4,,4,3,4.0,4,4,4,4,0,2.0,4,4,3,3,0,3,4,3,3,1,4,4,3,4.0,4,4.0,3,3,4,4,4,3,4,4,4,2,4,4.0,4.0,3,4,4,4,4,3,,3,4,4,3,4.0,4.0,4.0,4,3,4,3,4,3,,4,4.0,4,4.0,4.0,,4,4,,4,4.0,4,3,4,4,4,4,4,,4,,4.0,,3,,4,4,4.0,4,4.0,4,4,4,4,4,4,4,,,2,3,4,4.0,4,4,4.0,1.0,3,4,,4,4,4,4.0,4.0,4,4,3,3,4.0,4.0,3,4,4,4,4,4,4,3,4,4,4.0,4,4,4,,3,2,4,4,4,,4,,,3,4,4,4.0,4,4,4,4.0,4,3,4,,,4,,,,4,4,4.0,4,3,4.0,,,4,2,4,4,3,4,4.0,4,4,4,4,,4,4,4,,4,,4,2,4,1,4.0,4,,4,4,4,4.0,4,4,3.0,3,4,4,4,4,4,4.0,4.0,,4,4,4,,3,4,4,4,4,3,4,4,4,3,4,4.0,4,,4.0,3,4,4,4,,4,4,4.0,3,4,4.0,4,4.0,4.0,4,,4,4,4.0,4,4,4,,3,4,4,4.0,3,4.0,4,,4,4,4,0,3,,4.0,4,4,4.0,4,4,4,3,3,4,4.0,4,4,4,4,4,4,4.0,4.0,3,4,4,,4,3,,4,4,0,3,3,4.0,4.0,3,4,4,3,4,3,4,4,4.0,,4,4,4.0,,3.0,,4.0,4.0,4.0,4,4.0,,,,4,2.0,4.0,,4.0,4,4,4,4.0,,73,5,0.0604229607250755,1.2517968375658841,-0.3279311965480455
3,3,3,3,3,3,3,4,3,4,4,3,4,3,4.0,4,3,4.0,4.0,3,3,4,1,1,3,3,3,3,4,3,4,3,3,4,3,3,4.0,4,4,4,4,3,3,4,4.0,3,3,3,4,4,4.0,4,2,,3,2,3,3,3,3,3,3,4.0,3,4.0,3,,4,4,,3,3,4.0,4,3,3,3,4,4.0,4,3,3,3,3,4,3,3,3,4,3,4,2,4.0,4,4.0,3,3,4,4,4,4,3,3,3,3,3,4.0,4.0,3,4,4,3,3,3,4.0,2,3,3,3,4.0,4.0,4.0,4,3,0,4,2,2,4.0,3,4.0,3,4.0,4.0,4.0,3,4,4.0,3,4.0,3,0,4,4,3,3,4,4.0,3,4.0,4.0,4.0,3,,3,4,4.0,4,4.0,3,3,4,3,3,4,4,4.0,,3,3,4,4.0,2,3,4.0,0.0,4,4,4.0,4,4,3,4.0,4.0,3,4,4,3,4.0,4.0,2,3,3,3,4,3,4,2,4,3,4.0,3,2,3,4.0,3,3,3,4,3,4.0,3,4.0,4.0,3,3,4,4.0,3,3,4,4.0,3,3,4,,4.0,4,4.0,4.0,,4,3,4.0,3,4,4.0,4.0,4.0,3,4,4,3,3,4,4.0,4,3,4,4,4.0,4,3,3,0.0,4,4.0,3,3,3,4,4.0,3,4.0,1,4,3,4.0,3,4,4.0,3,4,4,4,3,3,4.0,3.0,4.0,4,3,4,,4,4,3,3,4,3,3,3,4,2,3,4.0,4,,4.0,3,4,3,3,,3,3,4.0,3,3,4.0,4,4.0,4.0,3,4.0,2,3,4.0,3,4,4,4.0,4,4,1,4.0,4,4.0,2,,4,3,3,3,3,,4.0,4,4,4.0,4,4,4,3,4,3,4.0,3,4,4,1,4,4,4.0,4.0,3,4,3,4.0,2,3,4.0,4,3,3,4,3,4.0,4.0,4,4,4,3,4,4,3,4,4.0,4.0,3,4,4.0,4.0,4.0,,4.0,4.0,4.0,4,4.0,,4.0,,3,,4.0,,,3,3,4,4.0,4.0,74,5,0.040983606557377,1.2052532833020637,-0.6392588666837686
4,4,4,3,4,3,4,5,4,4,4,4,3,4,4.0,5,2,4.0,5.0,4,4,5,4,5,4,4,4,4,4,4,4,4,4,5,4,4,5.0,5,4,5,5,5,4,4,5.0,4,0,3,4,5,5.0,5,1,,4,4,4,4,4,4,4,5,5.0,5,5.0,5,,5,4,,4,2,5.0,5,4,4,4,5,5.0,4,4,4,4,3,5,4,5,4,4,4,4,3,5.0,3,5.0,4,4,5,4,4,4,4,5,5,4,4,5.0,5.0,4,4,4,4,5,4,5.0,4,5,5,5,5.0,5.0,0.0,4,4,4,4,4,4,5.0,5,4.0,4,5.0,5.0,5.0,5,5,5.0,4,5.0,4,4,4,5,5,5,5,5.0,5,5.0,5.0,5.0,4,5.0,4,5,5.0,4,5.0,4,4,4,5,4,5,5,5.0,5.0,4,4,5,5.0,4,4,5.0,5.0,4,0,5.0,5,4,5,5.0,4.0,4,5,4,3,5.0,5.0,3,3,4,4,4,5,4,3,4,4,5.0,4,4,4,5.0,4,4,5,5,5,5.0,4,5.0,5.0,4,4,5,3.0,4,4,5,5.0,4,4,5,,5.0,5,5.0,,,4,4,5.0,4,4,5.0,5.0,5.0,4,4,4,4,3,4,5.0,4,4,5,4,5.0,4,5,4,5.0,5,5.0,4,4,4,5,5.0,0,5.0,5,4,5,5.0,5,5,5.0,5,5,5,4,5,4,5.0,4.0,5.0,5,4,4,5.0,3,4,4,4,5,4,4,3,3,5,5,5.0,4,5.0,5.0,4,4,4,2,,4,3,5.0,4,4,5.0,4,5.0,2.0,5,3.0,5,5,5.0,5,5,5,5.0,5,4,4,5.0,5,5.0,4,,4,4,5,4,4,,5.0,5,4,5.0,4,5,4,5,4,4,5.0,4,5,5,4,5,5,4.0,5.0,4,5,4,5.0,4,4,5.0,4,4,4,5,4,5.0,5.0,5,5,5,4,4,5,4,5,5.0,5.0,5,5,5.0,5.0,5.0,,5.0,5.0,5.0,4,5.0,,5.0,,4,,5.0,,5.0,4,4,4,3.0,5.0,75,5,0.046195652173913,1.2698320787492763,-0.5868370172612491
4,4,4,3,4,4,4,4,3,3,4,4,3,3,4.0,4,3,4.0,5.0,4,3,5,4,4,4,3,4,4,4,4,4,4,4,4,3,4,5.0,4,4,4,5,4,4,4,5.0,4,4,4,4,5,5.0,4,3,,4,4,4,4,4,4,4,4,4.0,4,5.0,4,,3,4,,3,3,2.0,4,2,4,4,3,4.0,4,3,4,4,4,5,4,4,4,4,4,4,1,4.0,3,5.0,3,4,4,4,4,4,4,4,4,3,4,5.0,5.0,4,4,4,5,4,4,5.0,4,4,4,4,5.0,5.0,5.0,5,2,4,4,4,4,4.0,4,5.0,4,5.0,4.0,4.0,4,4,5.0,4,3.0,4,4,4,4,4,4,4,4.0,4,4.0,0.0,2.0,3,5.0,4,5,5.0,4,4.0,4,4,4,4,4,5,5,5.0,5.0,4,4,5,5.0,4,5,5.0,5.0,3,4,0.0,4,4,4,5.0,5.0,4,4,4,4,5.0,4.0,4,4,4,4,2,3,2,3,4,4,5.0,4,4,4,5.0,4,4,4,4,2,4.0,4,4.0,5.0,4,3,4,2.0,4,4,4,3.0,4,4,4,,5.0,4,5.0,5.0,,4,4,5.0,4,4,4.0,5.0,5.0,4,4,4,4,3,4,5.0,5,4,4,5,5.0,4,4,4,4.0,4,5.0,3,4,3,4,5.0,4,5.0,4,2,4,4.0,4,4,5.0,4,4,4,4,4,4,5.0,5.0,5.0,4,4,4,5.0,4,4,4,4,4,3,4,4,4,5,4,4.0,4,5.0,5.0,4,5,4,4,,5,4,5.0,4,4,5.0,5,5.0,5.0,4,5.0,4,4,5.0,5,5,4,5.0,4,4,4,4.0,4,4.0,4,5.0,4,4,4,0,4,5.0,5.0,4,5,5.0,2,4,5,4,4,4,5.0,4,5,4,4,4,5,4.0,5.0,4,5,3,5.0,4,4,5.0,4,4,4,4,4,4.0,5.0,4,4,4,4,4,4,4,4,5.0,5.0,4,4,5.0,5.0,4.0,5.0,5.0,4.0,4.0,4,4.0,,5.0,,4,,5.0,,5.0,4,4,5,4.0,0.0,76,5,0.05420054200542,1.257055503292568,-0.5732753395316988
3,3,3,3,3,4,3,4,4,4,4,4,4,4,4.0,4,4,4.0,4.0,3,3,4,3,4,4,3,3,3,4,4,4,3,4,4,4,4,3.0,4,1,3,4,4,4,4,4.0,3,4,4,3,4,4.0,2,1,,3,3,3,1,3,3,3,3,4.0,4,4.0,3,4.0,3,3,,3,3,4.0,4,4,3,4,4,4.0,3,3,3,3,4,4,3,3,3,3,3,4,3,4.0,4,4.0,3,3,4,2,3,3,3,3,0,3,3,3.0,4.0,3,4,3,4,4,2,2.0,3,3,4,4,4.0,4.0,4.0,3,3,2,3,4,3,4.0,3,3.0,3,4.0,4.0,4.0,2,4,4.0,3,4.0,3,3,4,3,3,3,3,4.0,4,4.0,4.0,4.0,4,4.0,3,4,4.0,4,4.0,2,3,4,4,3,4,3,3.0,4.0,3,3,4,4.0,2,4,4.0,4.0,4,4,4.0,4,4,2,4.0,3.0,3,4,3,3,4.0,3.0,3,3,3,4,3,3,4,2,3,3,4.0,3,3,3,0.0,4,4,4,4,3,4.0,4,4.0,4.0,3,4,4,4.0,2,4,2,4.0,3,2,4,,4.0,4,4.0,,,4,2,4.0,3,4,4.0,,4.0,3,3,2,4,3,4,4.0,4,3,4,4,4.0,3,4,4,4.0,4,4.0,3,3,3,4,4.0,3,4.0,3,4,3,4.0,0,4,4.0,3,4,4,4,4,3,4.0,4.0,,4,3,4,,3,4,3,3,3,3,3,3,3,4,4,4.0,4,,4.0,3,4,4,3,4.0,4,4,4.0,3,3,4.0,3,4.0,4.0,3,4.0,3,3,4.0,4,4,3,4.0,3,4,3,3.0,4,4.0,4,,4,4,4,3,4,,4.0,4,4,4.0,3,4,4,3,3,4,1.0,4,3,3,3,3,4,4.0,4.0,3,3,3,4.0,3,3,,4,1,3,4,3,4.0,3.0,3,4,4,3,3,4,3,4,4.0,4.0,2,3,4.0,4.0,4.0,4.0,4.0,3.0,1.0,2,4.0,,0.0,,3,4.0,4.0,,4.0,3,4,4,3.0,4.0,77,5,0.0666666666666666,1.1864879955332217,-0.5374815557859324
3,3,3,3,3,2,3,3,1,3,3,3,3,3,3.0,3,3,4.0,4.0,2,2,4,3,4,3,3,3,3,2,3,3,3,3,4,3,3,3.0,4,3,3,3,3,1,3,4.0,3,3,3,0,3,3.0,3,1,,3,3,3,3,3,3,3,3,4.0,3,4.0,3,,4,3,,2,2,4.0,3,3,3,3,3,4.0,3,3,3,2,3,3,2,3,2,3,3,4,2,4.0,3,0.0,1,3,3,3,4,3,3,3,3,2,2,4.0,4.0,3,3,3,3,4,3,4.0,3,3,3,3,4.0,4.0,4.0,3,3,3,3,3,3,3.0,3,4.0,3,4.0,3.0,4.0,3,4,4.0,3,4.0,3,3,3,3,3,3,3,4.0,3,4.0,4.0,4.0,3,4.0,3,4,4.0,3,4.0,3,3,3,2,3,4,3,4.0,4.0,3,3,4,4.0,2,3,3.0,4.0,3,3,4.0,3,3,3,4.0,4.0,3,0,0,3,4.0,3.0,2,3,3,3,3,2,3,3,3,1,4.0,4,3,2,4.0,3,3,3,3,3,4.0,3,4.0,4.0,3,3,4,4.0,3,3,3,4.0,3,3,4,,4.0,3,4.0,4.0,,3,2,4.0,3,2,4.0,4.0,4.0,3,3,3,3,3,3,4.0,3,2,4,4,4.0,3,3,3,4.0,4,4.0,3,3,3,3,4.0,3,4.0,4,3,3,3.0,3,4,4.0,3,4,2,3,3,3,4.0,4.0,4.0,4,3,3,4.0,3,3,3,3,3,3,3,2,3,4,3,3.0,3,4.0,4.0,3,3,3,3,,4,3,4.0,3,3,4.0,4,4.0,4.0,3,4.0,3,3,4.0,4,4,3,4.0,4,3,2,4.0,4,4.0,3,,3,3,3,3,3,4.0,3.0,4,4,4.0,3,3,4,3,4,3,4.0,3,3,3,3,3,4,4.0,4.0,3,3,3,4.0,3,3,4.0,3,3,3,3,3,4.0,4.0,3,4,4,3,3,4,3,3,4.0,4.0,3,3,4.0,4.0,4.0,4.0,4.0,4.0,4.0,3,3.0,,4.0,,3,,3.0,,4.0,3,3,3,4.0,4.0,78,5,0.0346666666666666,1.2288578901482128,-0.6907171517916825
4,4,4,4,4,4,4,4,3,4,4,4,4,4,4.0,4,4,4.0,5.0,4,3,4,4,4,5,4,4,4,4,4,4,4,4,4,2,4,5.0,5,3,4,5,4,4,4,5.0,4,4,4,4,5,5.0,4,4,,4,4,4,4,4,3,4,2,5.0,1,5.0,4,,4,3,,4,3,4.0,4,4,3,4,5,4.0,4,3,4,4,4,4,4,4,4,4,4,5,3,5.0,4,5.0,3,3,4,4,4,4,4,4,4,4,2,5.0,4.0,4,5,4,4,4,4,5.0,4,3,5,4,5.0,5.0,4.0,4,4,4,4,4,3,2.0,4,5.0,4,5.0,5.0,5.0,4,5,5.0,3,4.0,5,4,4,4,4,4,4,4.0,4,5.0,5.0,4.0,4,5.0,4,5,5.0,5,5.0,4,4,4,4,4,4,4,4.0,5.0,4,4,5,5.0,4,4,5.0,5.0,5,5,5.0,4,4,5,5.0,0.0,3,4,4,5,5.0,5.0,4,4,4,4,4,4,4,3,5,4,5.0,4,4,4,5.0,4,4,4,4,5,4.0,4,5.0,5.0,4,4,4,5.0,4,4,4,5.0,4,4,4,5.0,4.0,4,5.0,5.0,5.0,4,4,5.0,4,3,4.0,5.0,5.0,4,5,4,4,4,4,5.0,4,0,4,4,5.0,4,4,4,4.0,5,5.0,4,4,4,4,5.0,4,5.0,5,3,5,4.0,5,4,5.0,5,5,4,2,4,4,4.0,5.0,5.0,5,5,4,5.0,3,4,4,4,4,4,4,3,4,5,4,3.0,4,5.0,5.0,3,5,4,4,5.0,4,4,5.0,4,4,5.0,4,4.0,5.0,4,5.0,4,5,5.0,5,4,4,5.0,0,4,4,4.0,4,5.0,4,5.0,4,4,4,5,4,,5.0,5,5,5.0,4,4,4,4,4,4,4.0,4,4,4,4,5,4,5.0,5.0,4,5,4,5.0,4,4,5.0,4,4,4,0,4,5.0,5.0,4,4,4,4,4,5,4,4,5.0,5.0,4,4,5.0,5.0,5.0,,5.0,4.0,4.0,4,5.0,,5.0,,4,,5.0,,5.0,4,4,4,4.0,5.0,79,5,0.054054054054054,1.269742679680568,-0.6145949502922616
4,3,4,3,3,4,4,4,3,4,3,4,3,3,4.0,4,4,4.0,4.0,4,2,4,4,4,3,4,4,3,3,4,3,3,4,4,3,3,4.0,4,3,4,4,4,4,3,4.0,4,3,4,4,4,4.0,4,3,,4,3,4,4,4,3,3,3,4.0,4,4.0,4,,3,3,,3,2,4.0,4,3,3,3,4,4.0,4,2,4,3,3,4,3,3,3,4,4,4,3,4.0,4,4.0,3,3,0,3,4,3,3,1,4,3,3,4.0,4.0,4,4,3,4,4,3,4.0,3,4,4,3,4.0,4.0,4.0,4,4,3,4,4,4,4.0,4,4.0,3,3.0,4.0,4.0,3,4,,3,4.0,4,2,4,4,4,4,4,4.0,4,4.0,4.0,4.0,3,,4,4,4.0,4,4.0,3,4,4,4,4,2,4,,4.0,3,4,4,4.0,3,4,4.0,4.0,4,1,4.0,4,3,4,4.0,4.0,3,3,3,4,4.0,4.0,3,2,3,4,0,3,4,3,3,3,4.0,4,3,4,4.0,3,4,3,4,4,1.0,4,4.0,4.0,4,4,4,4.0,3,3,2,2.0,3,3,4,,2.0,4,4.0,,,4,3,4.0,4,1,4.0,,4.0,4,4,4,4,4,4,4.0,4,3,4,0,4.0,3,3,3,4.0,4,4.0,4,3,4,4,4.0,3,4.0,4,4,4,4.0,4,4,4.0,4,4,3,4,4,4,4.0,4.0,,4,4,4,,4,4,4,3,4,3,3,2,3,4,3,4.0,3,4.0,4.0,3,3,4,3,4.0,4,4,4.0,4,4,4.0,4,4.0,4.0,4,4.0,4,4,4.0,4,4,4,4.0,4,4,4,4.0,4,4.0,3,,4,3,4,4,4,,4.0,4,4,4.0,4,4,4,0,3,4,4.0,4,3,4,4,4,4,4.0,4.0,3,4,4,4.0,3,3,,4,1,4,4,3,4.0,4.0,4,4,4,3,4,4,3,2,4.0,,3,3,4.0,4.0,4.0,,4.0,4.0,4.0,4,4.0,,4.0,,4,,4.0,,,3,4,4,4.0,4.0,80,5,0.0414364640883977,1.2161906563268394,-0.5378181980285796
4,3,4,4,5,5,5,5,5,4,4,5,4,4,4.0,5,5,5.0,5.0,5,4,5,5,5,5,5,4,5,3,5,5,4,4,5,5,5,5.0,5,5,5,3,5,5,5,5.0,5,5,5,4,3,5.0,5,4,,4,5,4,5,5,4,4,4,5.0,5,5.0,5,,5,5,,4,3,5.0,5,5,4,5,5,5.0,5,4,5,4,4,5,5,4,4,3,5,5,4,5.0,4,5.0,4,4,5,5,5,5,5,4,3,4,5,,5.0,4,5,4,5,5,4,5.0,4,5,5,5,5.0,5.0,5.0,4,5,4,5,5,5,5.0,5,5.0,5,5.0,0.0,5.0,4,5,5.0,5,5.0,4,4,2,5,5,5,4,,5,,,5.0,5,4.0,4,5,5.0,5,5.0,4,5,5,5,4,5,4,5.0,,4,4,5,5.0,4,5,0.0,5.0,5,5,5.0,5,5,5,5.0,5.0,4,5,4,5,5.0,5.0,4,4,4,5,5,5,5,3,5,2,5.0,5,5,5,5.0,4,5,4,3,4,5.0,5,5.0,,4,4,5,5.0,4,5,5,5.0,5,3,5,,5.0,5,5.0,,,5,5,1.0,5,3,5.0,,5.0,5,5,5,5,4,5,5.0,5,4,5,5,,5,5,5,5.0,5,5.0,5,4,5,5,5.0,4,5.0,4,5,5,5.0,5,5,5.0,4,3,5,4,3,4,5.0,5.0,,2,4,5,5.0,4,5,4,4,5,4,4,4,4,5,5,5.0,5,,5.0,4,5,5,4,0.0,5,5,5.0,5,4,5.0,5,5.0,5.0,5,5.0,5,4,5.0,5,5,5,5.0,5,4,4,5.0,5,5.0,5,,5,4,0,4,5,,5.0,5,5,5.0,5,5,5,4,5,5,5.0,4,4,2,5,5,5,5.0,5.0,4,5,5,,3,4,,5,4,4,5,4,5.0,5.0,5,4,5,5,5,1,4,5,5.0,5.0,4,5,5.0,5.0,5.0,,5.0,4.0,5.0,5,5.0,,,,4,,5.0,,,5,5,4,5.0,,81,5,0.0660919540229885,1.2199319213313162,-0.4631265397652859
3,3,3,0,3,3,3,3,3,3,2,3,3,3,4.0,3,3,4.0,4.0,3,3,4,3,4,3,3,3,3,3,3,3,1,3,4,3,3,3.0,3,3,4,3,4,4,3,2.0,4,3,4,3,4,4.0,3,3,,3,3,3,3,3,3,3,2,4.0,3,4.0,4,,3,3,,3,3,4.0,4,3,3,3,4,4.0,4,2,3,3,3,3,3,3,3,4,3,4,2,4.0,3,4.0,3,3,4,3,3,4,2,3,4,2,4,4.0,4.0,3,3,4,3,3,3,4.0,3,3,3,3,4.0,4.0,4.0,4,3,3,2,3,4,4.0,3,4.0,3,4.0,4.0,4.0,3,4,4.0,3,4.0,3,3,4,2,4,3,3,4.0,3,4.0,4.0,4.0,2,4.0,4,4,4.0,3,3.0,3,4,4,4,3,4,4,4.0,,2,3,3,4.0,2,4,4.0,4.0,3,3,4.0,3,4,1,4.0,4.0,3,3,3,3,2.0,4.0,2,3,3,3,3,3,3,3,4,3,0.0,3,3,3,4.0,3,3,3,4,4,4.0,3,4.0,4.0,3,3,4,3.0,3,3,3,3.0,3,2,4,,4.0,4,4.0,4.0,,3,3,3.0,3,1,4.0,4.0,4.0,4,4,4,0,3,3,4.0,4,3,4,4,4.0,3,3,3,4.0,4,4.0,4,3,2,3,4.0,3,4.0,3,3,3,3.0,2,3,4.0,0,2,2,3,1,3,4.0,4.0,4.0,3,3,4,4.0,3,4,4,3,3,2,3,3,3,4,4,4.0,3,4.0,4.0,3,4,3,3,,4,3,3.0,4,3,4.0,4,4.0,4.0,3,4.0,4,4,4.0,4,4,3,4.0,4,3,4,4.0,4,4.0,3,,4,3,4,3,3,,4.0,3,4,4.0,4,4,4,3,3,3,4.0,4,4,3,3,4,4,4.0,4.0,3,3,3,4.0,3,3,4.0,3,3,3,4,3,4.0,4.0,3,4,3,4,4,3,4,4,4.0,4.0,4,3,4.0,4.0,3.0,,4.0,4.0,4.0,4,4.0,,4.0,,3,,4.0,,4.0,2,3,4,4.0,4.0,82,5,0.0576923076923076,1.1985424463265708,-0.6635641296685326
4,3,4,4,3,4,4,4,4,3,4,4,4,2,4.0,4,4,4.0,4.0,4,3,4,3,4,4,4,3,3,4,0,1,4,3,4,3,3,4.0,4,4,4,4,4,4,4,,4,4,2,4,4,,4,3,,4,2,4,4,4,4,3,2,4.0,4,,4,,4,4,2.0,3,3,4.0,4,4,4,4,4,4.0,4,3,4,4,4,4,4,4,3,4,3,4,4,,4,,3,3,4,4,4,0,4,4,4,3,4,,,3,4,4,4,4,3,,4,3,4,4,4.0,4.0,4.0,4,4,3,4,4,4,4.0,4,4.0,4,4.0,4.0,4.0,4,4,,4,4.0,4,3,4,4,4,4,4,4.0,4,4.0,,,4,,4,4,4.0,4,,3,4,4,4,4,4,4,,,4,4,4,4.0,3,3,1.0,4.0,4,4,4.0,4,4,4,,4.0,3,4,4,4,2.0,4.0,4,4,4,4,4,3,4,3,2,3,4.0,4,4,4,,4,4,4,4,4,4.0,4,4.0,4.0,4,3,4,4.0,4,3,4,4.0,4,4,4,,,4,,,,4,4,,4,4,4.0,,4.0,4,4,4,4,4,4,,4,3,4,4,,4,3,4,4.0,4,4.0,4,4,4,4,4.0,4,,4,4,4,4.0,4,4,,4,4,4,4,4,4,4.0,,,4,0,4,0.0,2,4,4,3,4,4,3,2,3,4,4,4.0,4,3.0,,4,4,4,4,,4,4,,4,4,,4,,,4,,4,4,,3,4,4,4.0,4,4,4,4.0,4,4.0,4,,4,4,4,4,4,,,4,4,,4,4,4,4,4,4,,4,4,4,4,4,4,4.0,4.0,3,3,4,,4,3,,3,4,4,4,3,4.0,,4,4,4,1,4,4,4,4,,,4,4,4.0,,4.0,,4.0,4.0,4.0,4,4.0,,,,4,,4.0,,,4,4,4,4.0,,83,5,0.0526315789473684,1.2897959183673469,-0.33776618889812215
4,4,4,3,3,4,3,4,3,4,3,2,4,3,4.0,4,4,4.0,4.0,3,3,4,4,4,4,4,4,4,4,4,4,3,4,4,4,3,4.0,4,4,4,4,4,4,4,,4,3,3,4,4,4.0,2,0,,3,3,4,4,4,3,3,3,,4,,4,,4,3,,0,3,4.0,4,3,3,4,4,4.0,4,3,4,3,4,3,4,4,3,4,4,4,3,,3,,4,4,4,4,4,3,4,4,4,2,4,,4.0,3,4,2,4,4,3,,4,4,4,3,4.0,4.0,4.0,4,4,3,3,4,4,2.0,4,4.0,3,4.0,4.0,4.0,3,4,,3,4.0,3,3,4,4,4,4,0,,4,4.0,,,1,,3,4,4.0,4,4.0,3,4,4,4,4,4,4,,,4,4,4,4.0,3,4,4.0,4.0,4,4,4.0,4,4,4,,4.0,3,4,3,3,4.0,4.0,3,3,3,4,4,3,4,2,3,3,4.0,2,4,4,4.0,4,4,4,4,3,4.0,4,4.0,,4,4,4,4.0,3,4,4,4.0,4,3,4,,,3,4.0,,,4,4,4.0,4,1,4.0,,,3,4,4,4,3,4,4.0,4,3,4,4,,4,4,4,4.0,4,4.0,4,4,4,4,3.0,4,,4,4,4,4.0,4,4,4.0,4,4,4,4,4,4,4.0,4.0,,4,3,4,4.0,3,4,4,3,4,4,3,3,4,1,3,4.0,4,,4.0,3,4,4,3,,4,4,4.0,4,3,4.0,4,4.0,4.0,4,4.0,4,4,4.0,4,4,4,4.0,4,4,4,4.0,4,4.0,4,,4,4,3,3,3,0.0,4.0,4,4,,4,4,3,4,4,4,4.0,4,4,4,4,4,4,4.0,4.0,3,4,2,,4,4,,4,3,4,4,4,4.0,4.0,4,4,4,4,3,4,4,4,4.0,,4,4,4.0,,4.0,,4.0,4.0,4.0,4,4.0,,4.0,,4,,4.0,,,4,4,4,4.0,,84,5,0.0532544378698224,1.2632705479452055,-0.46368658739721536
4,5,5,5,5,5,5,5,5,4,5,5,5,5,5.0,5,5,5.0,5.0,5,3,5,5,5,5,5,5,5,4,5,5,5,5,5,5,5,5.0,5,4,5,6,6,5,5,6.0,5,5,6,5,6,6.0,6,5,,5,5,5,5,5,5,5,5,5.0,5,6.0,5,,5,5,,5,4,5.0,5,5,4,5,6,5.0,5,4,5,5,5,5,5,2,4,5,6,5,4,6.0,5,6.0,4,4,6,5,5,5,5,4,5,5,2,5.0,5.0,5,5,5,6,5,4,6.0,5,5,5,5,6.0,6.0,5.0,5,5,5,5,5,5,5.0,5,6.0,5,6.0,0.0,6.0,4,6,6.0,5,5.0,5,5,5,5,5,3,5,6.0,5,6.0,6.0,5.0,5,6.0,5,5,5.0,5,5.0,5,5,5,6,5,5,5,5.0,6.0,5,5,5,6.0,5,5,5.0,6.0,6,6,5.0,5,5,5,6.0,5.0,5,5,5,5,6.0,6.0,5,5,5,5,5,5,5,4,5,5,6.0,5,5,5,6.0,5,5,4,5,6,6.0,5,6.0,6.0,5,5,5,6.0,5,5,5,6.0,5,4,5,,6.0,5,5.0,6.0,,5,5,5.0,3,5,5.0,6.0,6.0,5,5,5,4,5,0,6.0,5,4,5,5,6.0,5,5,3,6.0,5,6.0,5,4,5,5,6.0,5,6.0,5,5,5,5.0,5,5,6.0,5,5,5,5,5,5,6.0,6.0,6.0,6,5,5,6.0,0,5,5,5,5,4,5,5,5,5,6,5.0,6,6.0,5.0,5,5,5,5,6.0,6,5,6.0,5,5,6.0,5,6.0,6.0,3,6.0,5,5,6.0,6,5,5,6.0,5,5,5,5.0,5,6.0,4,6.0,5,5,5,5,4,6.0,5.0,6,6,6.0,5,5,5,3,5,5,6.0,5,5,5,5,5,5,6.0,5.0,5,6,4,6.0,5,5,5.0,5,5,5,5,5,5.0,5.0,5,6,4,5,6,5,5,5,5.0,6.0,5,5,6.0,5.0,4.0,6.0,6.0,6.0,4.0,6,5.0,,6.0,,5,,5.0,0.0,6.0,5,5,5,5.0,6.0,85,5,0.0398936170212766,1.3105826397146256,-0.6042412099970689
5,5,5,5,5,5,5,6,5,5,5,5,4,5,5.0,5,4,6.0,6.0,6,4,6,5,5,5,5,4,5,3,5,5,5,5,5,5,5,6.0,5,5,5,6,6,5,5,6.0,5,5,5,5,6,4.0,5,5,,6,5,6,4,5,5,5,5,6.0,6,6.0,5,,6,5,,3,5,6.0,5,5,5,5,6,6.0,6,3,5,4,5,6,5,4,4,4,6,5,5,6.0,5,6.0,5,5,6,5,5,6,5,5,5,5,5,6.0,6.0,5,5,5,6,5,5,6.0,2,5,5,5,6.0,6.0,5.0,6,5,5,5,5,5,6.0,6,6.0,5,6.0,6.0,6.0,5,6,6.0,5,6.0,6,4,6,5,5,6,6,6.0,5,6.0,6.0,6.0,5,6.0,5,6,6.0,6,6.0,5,6,6,6,6,6,6,6.0,,5,5,6,6.0,4,6,6.0,6.0,6,6,6.0,6,5,5,6.0,6.0,5,5,5,5,6.0,6.0,5,5,5,5,5,5,6,5,5,5,6.0,5,5,5,6.0,6,6,5,5,5,6.0,5,5.0,6.0,5,5,6,6.0,5,4,5,5.0,5,5,6,,6.0,5,4.0,6.0,,5,5,6.0,5,5,6.0,6.0,0.0,5,5,5,5,3,4,6.0,6,5,6,6,5.0,5,5,5,6.0,0,6.0,6,5,4,6,6.0,5,6.0,6,5,6,6.0,6,6,6.0,5,6,5,5,6,5,5.0,5.0,0.0,6,5,6,,6,6,6,5,6,5,5,5,5,5,6,6.0,6,6.0,6.0,4,6,5,5,,6,5,6.0,5,5,6.0,6,6.0,6.0,5,6.0,6,6,6.0,6,6,6,6.0,5,5,6,6.0,6,6.0,5,,6,5,6,6,5,,6.0,5,6,6.0,5,5,5,5,5,6,6.0,5,6,6,6,6,5,6.0,6.0,5,6,4,6.0,5,5,6.0,5,5,5,6,5,6.0,6.0,4,6,5,5,5,6,5,6,6.0,6.0,5,5,6.0,6.0,6.0,,0.0,6.0,6.0,5,5.0,,6.0,,6,,5.0,4.0,6.0,5,5,6,4.0,6.0,86,5,0.0519125683060109,1.2495122902848226,-0.5980877533081973
4,4,4,3,4,4,4,4,3,4,4,3,4,4,4.0,4,3,4.0,4.0,4,3,4,4,4,4,4,3,4,4,4,4,3,4,4,0,4,4.0,4,4,4,4,4,4,4,,4,3,4,3,4,4.0,4,3,,4,4,3,4,4,3,3,3,4.0,3,,4,,4,1,,3,3,4.0,4,4,4,4,4,4.0,4,3,4,3,4,4,4,4,3,4,4,4,3,,4,,3,3,4,4,4,3,4,4,4,4,4,,4.0,4,4,3,4,4,4,4.0,4,4,4,4,4.0,4.0,2.0,4,4,4,4,4,4,4.0,4,4.0,3,4.0,4.0,4.0,4,4,,2,4.0,4,3,4,4,4,3,4,,4,4.0,,,4,,4,4,,4,4.0,3,4,4,4,4,4,4,,,4,4,4,,3,4,4.0,,4,4,,4,1,4,,4.0,4,4,4,3,4.0,4.0,3,4,4,4,4,4,4,2,4,4,4.0,4,3,4,,4,4,4,4,4,4.0,4,4.0,4.0,3,4,4,4.0,3,4,4,4.0,4,4,4,,,4,4.0,,,4,4,4.0,4,4,4.0,,,4,4,4,4,4,4,4.0,4,3,4,4,2.0,4,4,4,4.0,4,,3,4,4,4,4.0,3,,4,4,4,4.0,4,4,4.0,4,4,4,2,4,3,4.0,4.0,,4,4,4,,4,4,4,4,4,4,4,3,4,4,4,4.0,4,,3.0,4,4,4,4,,4,3,4.0,4,4,,4,4.0,4.0,4,,4,4,4.0,2,4,4,0.0,4,2,4,,4,4.0,4,,4,3,4,4,3,,4.0,4,4,4.0,4,4,4,4,4,3,4.0,4,4,0,4,4,4,4.0,4.0,3,0,4,,3,3,,4,2,4,4,4,4.0,,4,4,1,3,4,4,3,4,,,4,4,4.0,,4.0,,4.0,4.0,4.0,4,4.0,,,,4,,4.0,,,4,4,4,3.0,,87,5,0.0515151515151515,1.2671717171717172,-0.37731040618238926
4,3,4,3,3,4,4,4,4,3,4,4,3,4,4.0,4,3,4.0,4.0,3,2,4,3,4,3,3,3,4,3,4,4,3,4,4,4,3,4.0,4,3,4,4,4,3,4,4.0,4,4,4,3,4,4.0,4,4,,4,3,4,4,4,4,4,3,4.0,4,3.0,4,,4,3,,3,3,4.0,4,4,3,3,4,4.0,4,3,3,3,3,3,3,2,2,3,4,4,1,2.0,4,4.0,3,3,3,4,4,4,4,3,3,3,3,4.0,4.0,4,2,4,4,4,3,4.0,3,4,4,4,4.0,4.0,4.0,4,3,3,3,4,4,4.0,2,3.0,4,4.0,4.0,4.0,3,2,1.0,4,4.0,4,3,4,3,4,0,4,,4,4.0,4.0,4.0,3,4.0,3,4,4.0,3,4.0,4,4,3,4,4,4,4,4.0,0.0,3,3,4,4.0,3,4,4.0,4.0,2,4,4.0,4,4,4,4.0,4.0,3,3,4,3,4.0,4.0,4,3,2,3,3,3,4,3,4,3,4.0,4,4,4,3.0,3,4,1,4,4,4.0,3,4.0,,3,4,4,4.0,3,4,4,4.0,3,3,4,,4.0,4,4.0,,,3,4,4.0,3,4,4.0,1.0,4.0,3,4,4,3,3,2,3.0,4,1,3,4,4.0,3,4,4,4.0,3,4.0,4,3,3,3,4.0,4,,4,3,4,0.0,3,4,4.0,0,4,4,4,4,3,4.0,4.0,,4,4,4,,4,4,4,4,4,4,4,4,3,3,4,4.0,4,,4.0,3,4,4,4,,4,4,4.0,4,3,4.0,4,4.0,4.0,3,,3,3,4.0,4,4,4,4.0,2,4,4,4.0,4,4.0,3,,4,4,4,4,3,,4.0,4,4,4.0,4,4,2,3,3,3,4.0,4,4,4,4,4,4,4.0,4.0,4,4,3,4.0,3,3,4.0,4,4,2,4,3,4.0,4.0,4,4,4,4,4,3,3,4,4.0,,2,3,4.0,4.0,4.0,,4.0,4.0,4.0,4,4.0,,4.0,,4,,4.0,,,4,4,4,4.0,4.0,88,5,0.0742857142857142,1.2252252252252251,-0.4467382209632349
4,3,4,3,4,3,4,4,4,3,3,4,4,4,4.0,4,4,4.0,4.0,4,3,4,4,4,3,4,4,4,3,3,3,4,0,4,3,3,4.0,4,3,1,4,4,3,4,,4,3,4,4,4,3.0,4,4,,4,4,4,4,4,4,4,3,4.0,4,,4,,4,4,,3,2,4.0,4,4,3,4,4,4.0,4,3,4,3,4,4,3,4,2,4,4,4,3,,4,,3,3,4,4,4,4,4,4,4,3,4,4.0,4.0,3,2,3,4,4,4,,3,4,4,3,4.0,4.0,4.0,4,3,4,4,0,4,1.0,4,,4,4.0,4.0,,4,4,,4,4.0,4,3,4,4,4,4,4,4.0,4,4.0,,4.0,4,,4,4,4.0,4,4.0,4,4,4,4,4,4,4,,,4,4,4,4.0,3,4,4.0,4.0,4,4,4.0,4,2,4,,4.0,3,3,3,4,4.0,4.0,3,3,3,4,4,0,4,3,4,3,4.0,4,4,4,,3,4,4,4,4,4.0,4,4.0,,3,4,4,4.0,3,4,4,4.0,4,4,4,,4.0,4,4.0,,,4,4,4.0,4,4,4.0,,4.0,4,4,4,4,4,4,4.0,3,2,0,4,4.0,3,4,3,4.0,4,4.0,4,4,2,4,4.0,4,,4,4,4,4.0,4,4,4.0,4,4,4,3,4,3,4.0,4.0,,4,4,4,,4,4,4,4,4,4,4,3,4,2,4,4.0,4,,,4,4,4,4,,4,4,4.0,4,3,,4,,,3,,4,3,4.0,4,4,4,4.0,4,4,4,4.0,4,,3,,4,4,4,4,2,,4.0,4,4,4.0,4,4,4,4,4,4,,4,4,4,4,1,4,4.0,4.0,3,4,3,4.0,4,3,,4,4,4,4,4,4.0,,4,4,3,3,4,4,3,4,3.0,,4,3,4.0,4.0,4.0,,4.0,4.0,4.0,4,4.0,,,,4,,4.0,,,3,4,3,4.0,,89,5,0.0507462686567164,1.2454991816693943,-0.41567392771583406
3,3,3,3,3,3,3,2,3,3,4,3,3,3,4.0,4,3,4.0,4.0,3,2,3,3,4,3,3,3,3,2,3,3,2,3,4,3,3,4.0,3,2,3,3,3,3,3,4.0,3,1,4,3,4,4.0,3,2,,3,3,3,3,3,3,3,3,4.0,3,4.0,3,,3,3,,3,3,4.0,4,4,3,4,4,3.0,3,2,3,3,3,4,2,3,3,3,3,4,3,4.0,3,4.0,3,3,3,3,0,3,0,2,3,3,3,4.0,4.0,3,4,3,4,3,3,2.0,2,3,3,4,3.0,4.0,4.0,3,3,2,3,3,3,4.0,3,4.0,3,4.0,4.0,4.0,3,4,4.0,3,4.0,3,3,4,3,3,3,3,4.0,3,4.0,4.0,3.0,3,4.0,3,4,4.0,3,4.0,3,4,4,4,3,4,3,4.0,,3,3,3,4.0,3,4,4.0,4.0,4,4,4.0,3,3,3,4.0,4.0,3,4,3,3,4.0,4.0,2,3,3,3,3,3,3,3,4,2,4.0,3,3,3,4.0,2,2,3,3,4,3.0,4,4.0,4.0,3,3,3,4.0,2,3,3,4.0,3,2,4,,4.0,3,4.0,,,3,3,3.0,3,4,4.0,4.0,4.0,0,3,3,3,1,3,4.0,3,3,4,4,4.0,3,3,3,4.0,3,4.0,2,3,3,4,4.0,3,4.0,3,3,3,4.0,3,2,3.0,3,1,4,3,4,3,4.0,4.0,4.0,3,4,4,4.0,3,4,4,3,4,3,3,3,3,3,4,4.0,4,,4.0,1,4,4,3,,4,3,4.0,3,0,4.0,3,3.0,4.0,3,4.0,4,3,4.0,4,4,3,4.0,3,4,3,4.0,3,3.0,2,4.0,3,3,3,3,3,4.0,4.0,4,4,4.0,3,1,4,3,3,3,4.0,3,3,3,3,3,4,4.0,1.0,3,3,3,4.0,3,3,4.0,3,3,3,4,3,4.0,4.0,2,3,3,3,3,4,3,3,4.0,4.0,3,3,4.0,4.0,4.0,,4.0,4.0,4.0,3,4.0,,4.0,,4,,3.0,3.0,4.0,3,3,4,3.0,4.0,90,5,0.0489130434782608,1.2184172060973064,-0.6825240734564483
3,3,3,2,3,3,3,3,3,3,3,3,2,3,3.0,1,3,3.0,4.0,3,2,4,3,3,3,3,3,3,3,3,3,3,3,3,1,3,4.0,3,3,4,3,4,3,3,4.0,4,3,3,3,4,4.0,3,3,,4,3,3,3,4,3,3,3,4.0,3,3.0,3,,3,3,,2,3,3.0,3,3,3,3,3,3.0,4,2,3,3,3,4,3,3,2,3,3,4,2,4.0,3,4.0,2,3,3,4,3,3,4,3,3,2,3,4.0,4.0,3,3,2,3,3,3,4.0,3,3,3,4,4.0,4.0,3.0,3,3,2,3,3,3,3.0,4,4.0,3,4.0,4.0,3.0,3,3,4.0,3,4.0,3,3,3,3,4,3,3,4.0,3,4.0,4.0,4.0,3,4.0,3,3,4.0,3,3.0,3,3,4,4,3,4,3,4.0,4.0,3,4,4,4.0,3,4,4.0,4.0,4,4,4.0,4,3,3,4.0,3.0,3,3,3,3,4.0,4.0,2,3,3,3,3,3,3,2,3,3,4.0,2,3,4,2.0,3,3,3,3,2,3.0,4,4.0,4.0,3,3,3,4.0,3,3,3,4.0,3,1,3,,4.0,3,4.0,4.0,,3,0,3.0,3,3,4.0,4.0,4.0,3,3,3,3,0,3,4.0,3,3,3,4,4.0,3,3,3,3.0,3,4.0,3,3,3,4,4.0,3,4.0,4,3,3,3.0,3,3,4.0,3,4,3,4,3,2,4.0,4.0,4.0,4,4,3,4.0,3,3,4,3,3,3,3,2,3,4,2,4.0,2,4.0,4.0,2,3,3,3,4.0,3,3,3.0,3,3,4.0,3,4.0,4.0,3,4.0,3,3,4.0,4,4,3,4.0,4,3,3,4.0,3,3.0,3,4.0,1,3,3,3,3,,4.0,3,4,4.0,3,3,3,3,3,3,4.0,3,3,4,3,3,4,4.0,3.0,3,3,2,4.0,3,3,4.0,3,1,3,4,3,4.0,4.0,3,4,3,3,0,3,3,4,4.0,4.0,3,3,3.0,4.0,4.0,,4.0,4.0,4.0,3,4.0,,4.0,,3,,4.0,,4.0,3,0,3,4.0,3.0,91,5,0.0346666666666666,1.2149613069647462,-0.6102471495224341
2,3,3,3,3,2,3,0,3,3,3,3,3,3,4.0,3,3,3.0,4.0,3,2,3,3,3,3,3,3,3,3,3,3,3,3,4,3,3,3.0,4,1,3,3,3,2,3,4.0,2,3,3,3,3,4.0,3,3,4.0,3,3,2,2,3,2,3,3,4.0,3,4.0,3,,3,3,,3,3,4.0,4,3,2,3,4,3.0,3,2,3,3,3,3,3,3,3,3,3,3,2,4.0,3,4.0,3,2,4,3,3,3,3,3,3,2,3,4.0,3.0,3,3,3,3,3,3,4.0,3,3,3,3,4.0,0.0,4.0,3,2,3,3,3,4,3.0,3,3.0,2,4.0,4.0,4.0,3,3,4.0,3,3.0,3,3,3,3,3,2,3,4.0,3,4.0,4.0,4.0,1,4.0,3,4,3.0,3,3.0,2,3,3,3,3,3,3,4.0,4.0,3,3,3,4.0,0,3,3.0,3.0,3,3,3.0,3,3,3,4.0,3.0,2,3,2,3,4.0,3.0,1,3,2,1,3,3,3,2,3,3,4.0,3,2,3,2.0,3,3,3,3,3,3.0,3,4.0,4.0,2,2,3,3.0,2,3,3,3.0,3,2,3,,4.0,3,3.0,4.0,,3,3,3.0,3,3,3.0,4.0,4.0,3,3,3,3,2,3,3.0,3,2,3,3,4.0,3,3,2,4.0,3,3.0,3,3,2,3,3.0,3,4.0,3,3,3,3.0,1,2,3.0,3,3,3,3,3,3,4.0,4.0,4.0,2,3,4,4.0,3,3,3,3,3,3,3,3,2,3,3,3.0,3,4.0,4.0,2,4,3,3,,4,3,4.0,3,3,4.0,3,2.0,4.0,3,4.0,3,3,1.0,3,3,3,4.0,3,3,3,4.0,3,3.0,3,4.0,3,3,3,3,3,4.0,3.0,3,4,4.0,3,3,3,3,3,3,3.0,3,3,3,3,3,3,3.0,3.0,3,3,2,4.0,3,3,4.0,3,3,2,3,3,3.0,4.0,1,3,0,2,3,3,3,3,4.0,4.0,3,3,4.0,4.0,3.0,4.0,4.0,4.0,3.0,3,1.0,,3.0,4.0,3,,3.0,,4.0,3,3,3,4.0,3.0,92,5,0.0653950953678474,1.2274727820245541,-0.6415528765040834
3,3,4,3,3,3,4,4,3,3,2,3,2,3,3.0,2,3,4.0,1.0,3,3,4,4,4,4,0,3,4,4,3,4,3,4,4,3,3,4.0,4,3,4,4,4,4,4,4.0,4,4,3,4,4,4.0,4,3,,4,3,4,3,3,3,3,4,4.0,4,4.0,4,,0,3,,3,3,4.0,4,4,3,3,4,4.0,4,3,3,3,3,4,3,2,3,4,4,3,2,4.0,4,,3,3,4,4,4,4,4,3,4,3,3,4.0,4.0,4,3,4,4,4,3,,4,4,4,3,4.0,4.0,4.0,4,3,4,4,3,4,4.0,4,4.0,3,4.0,4.0,3.0,4,4,4.0,3,4.0,4,3,4,3,4,4,4,4.0,4,4.0,4.0,4.0,3,4.0,4,4,4.0,4,4.0,3,4,4,4,4,3,4,4.0,,3,3,3,3.0,2,2,0.0,3.0,3,1,4.0,4,3,3,4.0,4.0,3,4,4,3,4.0,4.0,3,3,3,3,4,4,4,3,4,3,4.0,3,3,4,4.0,4,4,3,4,4,4.0,4,4.0,4.0,3,4,3,4.0,4,4,4,3.0,3,3,4,,4.0,4,4.0,,,4,3,4.0,4,4,4.0,,4.0,4,4,4,3,3,3,4.0,4,1,4,4,4.0,2,2,3,4.0,4,4.0,4,4,3,3,4.0,4,,4,4,4,4.0,4,4,4.0,4,4,4,3,4,4,4.0,4.0,4.0,4,4,4,,4,4,2,3,4,4,4,3,2,4,4,4.0,4,4.0,4.0,3,3,3,2,,4,3,4.0,4,4,4.0,4,4.0,4.0,4,4.0,4,4,4.0,4,4,4,4.0,3,3,4,3.0,4,4.0,4,,4,3,4,4,3,,4.0,4,4,4.0,4,4,4,3,4,4,4.0,4,4,4,3,4,4,4.0,4.0,2,4,0,4.0,3,3,4.0,3,3,4,4,1,4.0,4.0,4,4,4,3,4,4,4,4,4.0,,4,4,4.0,4.0,4.0,,4.0,4.0,4.0,4,4.0,4.0,,,4,,4.0,,,3,4,4,4.0,4.0,93,5,0.0619718309859154,1.2214070729872084,-0.5511420406773113
4,3,2,4,3,4,4,4,4,4,4,4,4,2,4.0,4,4,4.0,,4,3,4,3,2,4,4,4,4,4,3,4,3,4,4,3,4,4.0,4,4,4,4,4,3,4,,4,4,4,4,3,,4,4,,4,4,4,4,4,4,4,3,4.0,4,2.0,4,,4,4,,3,3,4.0,4,3,3,4,4,4.0,4,3,4,4,4,4,4,4,3,4,4,4,3,,4,,1,3,4,4,4,4,4,3,4,3,4,4.0,4.0,4,4,3,4,4,3,,3,1,4,4,4.0,4.0,4.0,4,4,3,4,4,4,0.0,3,,3,4.0,4.0,4.0,4,4,,3,4.0,4,3,4,3,4,4,3,,4,,,,4,,4,4,,4,4.0,4,4,4,4,3,4,4,,,3,4,4,4.0,3,4,3.0,4.0,4,4,2.0,4,3,4,,4.0,4,4,4,4,4.0,4.0,3,4,2,4,4,4,4,3,4,3,4.0,4,3,4,,3,3,4,4,4,4.0,4,4.0,,4,3,4,4.0,2,4,4,4.0,4,3,4,,4.0,4,4.0,,,4,4,4.0,4,4,4.0,,4.0,4,4,4,4,4,3,4.0,4,2,1,4,,3,4,4,4.0,4,4.0,4,4,4,4,,4,,4,4,4,4.0,1,4,3.0,4,4,4,4,4,4,4.0,,,4,4,4,,4,4,4,4,4,4,4,3,3,4,4,4.0,4,,4.0,3,4,4,4,,4,4,4.0,4,4,,4,,,4,,4,4,4.0,4,4,4,4.0,4,4,4,4.0,4,4.0,4,,3,4,4,4,4,,,4,4,4.0,4,4,4,4,3,4,0.0,4,4,4,4,3,4,4.0,4.0,4,4,4,,4,4,,4,3,3,4,4,4.0,,4,4,4,4,0,2,4,0,4.0,,4,3,4.0,,4.0,,4.0,3.0,4.0,3,4.0,,,,4,,4.0,,,4,4,4,3.0,,94,5,0.0714285714285714,1.241966893865628,-0.3074183310607511
3,3,4,3,3,4,4,4,4,2,4,4,4,3,3.0,4,4,4.0,4.0,4,3,4,3,4,3,4,4,3,4,4,3,3,4,4,4,3,4.0,4,3,4,4,4,4,4,3.0,4,3,4,4,4,4.0,4,3,,4,4,4,3,4,3,3,3,4.0,4,4.0,4,,4,3,,1,3,4.0,4,4,3,4,4,4.0,4,2,4,3,4,2,0,3,3,4,4,4,3,4.0,4,4.0,3,3,4,4,4,0,3,3,4,3,4,4.0,4.0,3,4,3,4,4,2,4.0,3,3,3,4,4.0,4.0,4.0,4,3,3,4,4,3,4.0,4,4.0,3,4.0,4.0,4.0,3,4,4.0,3,4.0,3,3,4,3,3,4,4,4.0,4,4.0,4.0,4.0,3,,4,1,4.0,4,4.0,3,4,4,4,4,4,4,,,3,4,4,4.0,3,4,4.0,4.0,4,4,4.0,4,4,4,4.0,4.0,3,4,3,3,4.0,4.0,3,3,3,4,3,3,4,2,4,3,0.0,4,4,4,3.0,4,4,3,4,4,4.0,4,4.0,,4,4,4,4.0,2,3,1,4.0,3,2,4,,4.0,4,4.0,,,4,4,4.0,3,3,4.0,,4.0,4,4,4,4,3,3,4.0,4,4,3,4,4.0,4,4,4,4.0,4,,4,3,3,4,4.0,3,,4,4,3,4.0,3,3,4.0,1,4,4,4,4,3,4.0,4.0,4.0,4,4,4,4.0,3,2,4,3,3,3,4,2,3,4,4,4.0,4,,4.0,3,0,4,3,,4,4,4.0,4,4,4.0,4,4.0,4.0,3,4.0,4,3,4.0,4,4,4,4.0,4,4,4,4.0,4,4.0,3,,4,3,4,3,4,,,4,4,4.0,4,4,4,3,4,3,4.0,4,4,4,4,4,4,4.0,4.0,3,3,4,,3,3,,4,3,3,4,3,4.0,4.0,3,4,4,4,3,4,4,4,4.0,4.0,4,3,4.0,4.0,4.0,,4.0,4.0,4.0,4,4.0,,4.0,,4,,4.0,,,3,4,4,4.0,4.0,95,5,0.0332409972299169,1.2157580427663264,-0.5512510589466436
4,4,4,3,4,4,4,4,3,3,4,2,4,3,4.0,4,0,4.0,4.0,3,3,4,4,4,4,3,4,4,4,4,4,2,4,4,2,3,4.0,4,4,5,4,4,4,4,5.0,4,4,4,4,4,5.0,4,3,,4,4,4,4,4,3,3,4,5.0,4,5.0,4,,4,4,,1,3,4.0,4,4,4,4,4,4.0,4,3,4,3,4,4,4,4,4,4,4,4,3,4.0,3,5.0,4,3,4,4,4,4,4,4,4,4,4,5.0,5.0,4,3,4,4,4,4,5.0,4,4,4,4,5.0,5.0,4.0,5,4,4,4,4,4,4.0,4,4.0,4,5.0,4.0,4.0,4,4,5.0,4,4.0,4,4,4,3,4,4,4,4.0,4,4.0,4.0,5.0,4,5.0,4,5,4.0,4,5.0,4,4,4,4,4,0,4,5.0,5.0,4,4,3,5.0,4,4,4.0,5.0,4,4,5.0,4,4,4,5.0,4.0,4,4,4,3,4.0,4.0,3,3,4,4,4,4,4,3,4,4,4.0,4,4,4,4.0,4,4,4,4,4,4.0,4,5.0,5.0,4,4,4,4.0,4,4,4,4.0,2,4,4,,5.0,4,5.0,5.0,,4,4,4.0,4,4,4.0,5.0,5.0,3,2,4,4,4,4,4.0,3,4,4,4,5.0,4,4,4,5.0,4,5.0,4,4,4,4,4.0,4,4.0,4,3,5,5.0,4,4,5.0,5,4,4,4,4,4,5.0,4.0,5.0,4,4,4,5.0,4,4,4,4,4,4,4,4,3,5,4,4.0,4,5.0,5.0,3,4,2,2,5.0,4,4,5.0,4,4,5.0,4,5.0,5.0,4,5.0,4,4,5.0,5,5,4,5.0,5,4,4,4.0,4,4.0,4,5.0,4,4,4,4,4,,5.0,3,4,5.0,4,4,4,4,4,4,5.0,4,4,4,4,5,4,4.0,4.0,3,4,4,5.0,4,4,5.0,4,3,4,4,3,5.0,4.0,4,4,4,4,3,4,4,4,5.0,5.0,4,4,4.0,4.0,5.0,5.0,4.0,4.0,4.0,0,5.0,,5.0,0.0,4,,4.0,,5.0,4,4,4,4.0,5.0,96,5,0.0597826086956521,1.258902791145332,-0.5930700402797522
3,3,3,3,2,3,3,3,3,3,3,3,3,3,3.0,3,3,3.0,3.0,3,2,3,3,3,2,3,3,2,2,3,3,3,2,3,3,3,4.0,3,2,3,3,3,3,3,4.0,3,3,3,3,3,4.0,3,2,,3,0,3,3,3,3,3,3,3.0,4,4.0,3,,3,3,,3,2,4.0,3,3,3,3,3,3.0,3,2,2,3,3,3,3,3,2,3,3,4,3,4.0,3,4.0,2,3,4,3,1,3,3,1,3,2,3,3.0,3.0,3,3,3,4,3,2,3.0,2,3,3,3,3.0,3.0,3.0,3,3,2,3,3,3,4.0,3,3.0,2,4.0,3.0,4.0,3,3,2.0,3,3.0,1,3,3,2,3,3,3,4.0,3,4.0,4.0,3.0,3,4.0,3,3,4.0,3,4.0,2,3,3,3,3,3,3,4.0,4.0,3,3,4,4.0,3,4,4.0,4.0,4,4,4.0,1,3,3,4.0,3.0,3,3,3,3,4.0,3.0,3,3,2,3,3,3,3,2,3,3,3.0,3,3,3,4.0,3,3,3,3,3,4.0,3,4.0,4.0,3,3,2,4.0,1,3,3,2.0,3,2,3,,4.0,3,3.0,4.0,,2,3,3.0,3,3,3.0,4.0,4.0,3,3,3,3,2,2,4.0,3,2,3,3,4.0,0,3,3,4.0,4,4.0,3,3,3,2,3.0,3,4.0,3,3,3,3.0,3,3,4.0,3,3,3,3,3,3,3.0,4.0,4.0,4,3,3,4.0,3,4,3,3,3,2,3,3,3,3,3,4.0,4,3.0,4.0,0,3,3,3,3.0,4,3,4.0,1,3,3.0,3,3.0,4.0,3,2.0,3,3,4.0,3,3,3,4.0,3,3,3,3.0,3,4.0,3,4.0,2,3,3,3,0,4.0,3.0,3,3,4.0,3,3,3,3,3,3,3.0,3,3,3,3,3,3,4.0,3.0,2,3,3,4.0,3,2,4.0,3,3,3,3,3,3.0,4.0,3,3,3,3,3,2,1,3,4.0,4.0,3,3,3.0,4.0,3.0,4.0,4.0,3.0,3.0,3,3.0,,4.0,,3,,3.0,,4.0,3,3,4,3.0,4.0,97,5,0.0483870967741935,1.233969202482188,-0.6097637015466066
3,3,3,3,2,3,3,3,3,2,2,3,2,2,3.0,2,1,3.0,3.0,3,1,3,2,3,3,2,2,2,3,3,3,2,3,3,3,2,3.0,3,2,3,3,3,3,2,3.0,3,3,2,2,3,3.0,3,2,,3,3,2,3,2,2,3,3,3.0,3,3.0,3,,1,2,,3,2,3.0,3,3,2,3,3,3.0,1,0,3,2,3,3,2,3,2,3,3,2,2,3.0,3,,2,2,0,3,2,3,3,2,3,2,3,3.0,3.0,3,3,3,3,3,2,1.0,2,3,3,2,3.0,3.0,3.0,3,2,3,3,1,3,2.0,3,3.0,3,3.0,3.0,3.0,1,3,3.0,2,3.0,3,2,3,3,3,3,3,,2,3.0,3.0,3.0,2,,3,3,3.0,3,3.0,2,3,3,3,3,3,3,,,3,3,3,,3,3,3.0,3.0,3,3,3.0,3,2,3,,3.0,2,3,3,3,3.0,3.0,2,3,3,3,3,3,3,2,3,3,3.0,3,3,3,3.0,3,3,3,3,3,3.0,3,3.0,,3,2,3,3.0,2,3,3,3.0,2,1,3,,3.0,3,2.0,,,3,3,2.0,3,3,3.0,,3.0,2,2,3,3,3,2,3.0,3,2,1,3,,2,3,2,3.0,3,3.0,3,3,3,3,3.0,3,,3,2,3,3.0,3,2,3.0,3,3,3,0,3,3,3.0,3.0,3.0,3,3,3,3.0,2,3,3,3,3,3,3,2,1,3,2,3.0,3,,3.0,3,3,3,3,,3,3,3.0,3,3,,3,3.0,,3,1.0,3,3,3.0,3,3,3,3.0,3,3,3,3.0,3,3.0,3,,3,2,3,3,3,,3.0,3,3,2.0,3,3,3,3,1,3,3.0,3,3,3,3,3,0,3.0,3.0,3,3,3,,2,3,1.0,3,2,2,3,3,3.0,3.0,2,3,1,3,3,3,2,3,3.0,,3,3,3.0,3.0,3.0,,3.0,3.0,3.0,3,3.0,,3.0,,3,,3.0,,,3,3,3,3.0,3.0,98,5,0.057471264367816,1.1812977099236641,-0.39702067031945143
3,2,3,3,2,2,2,0,3,2,2,3,3,3,3.0,3,3,3.0,3.0,3,2,3,3,3,3,2,3,3,3,3,3,2,3,3,2,2,3.0,3,3,3,3,3,3,3,,3,3,3,2,3,,3,3,,3,3,3,3,3,3,2,0,3.0,3,,3,,3,1,,3,2,3.0,3,3,3,3,3,3.0,3,2,3,2,2,3,2,3,2,3,3,3,2,3.0,3,,2,2,3,3,3,3,3,3,3,2,3,3.0,3.0,3,3,3,3,3,2,,3,3,3,3,3.0,3.0,3.0,3,3,2,3,3,3,3.0,3,3.0,2,,3.0,3.0,3,3,,2,3.0,3,1,3,2,3,3,3,3.0,3,3.0,3.0,,3,,3,3,3.0,3,,2,3,3,3,3,3,3,,,1,3,3,3.0,2,3,3.0,3.0,3,3,3.0,3,3,3,,3.0,1,3,3,3,3.0,3.0,3,2,2,3,3,2,3,2,3,3,3.0,3,3,1,3.0,3,1,2,3,3,3.0,3,,,3,3,3,3.0,2,3,3,1.0,3,2,3,,,3,3.0,,,3,3,3.0,3,3,3.0,,,2,3,3,3,3,1,3.0,3,2,3,3,,3,3,3,3.0,3,3.0,3,3,3,3,3.0,3,,3,3,3,3.0,3,3,3.0,3,3,3,3,3,3,3.0,,,3,3,3,,3,3,3,3,3,3,3,3,2,3,2,3.0,3,,,0,3,2,3,,3,3,3.0,3,3,3.0,3,,,2,,3,3,3.0,3,3,3,,3,3,2,3.0,3,3.0,3,,3,3,3,2,3,,,3,3,,3,3,3,3,2,3,3.0,3,3,3,3,3,3,3.0,3.0,2,3,3,,3,2,,2,3,0,3,2,3.0,3.0,3,3,3,3,2,3,3,3,,,3,3,3.0,,3.0,,3.0,3.0,3.0,3,3.0,,,,3,,3.0,,,3,3,3,3.0,,99,5,0.0548780487804878,1.200050075112669,-0.4871527144779089
6,6,7,6,4,6,7,7,6,7,6,6,7,6,7.0,7,7,7.0,7.0,6,5,6,6,7,7,7,6,6,6,6,6,5,6,6,6,6,6.0,4,6,7,7,7,7,7,7.0,7,6,7,6,6,7.0,6,6,,7,7,7,6,6,6,6,6,7.0,2,6.0,7,,6,5,,5,6,7.0,7,7,6,7,7,6.0,7,5,6,6,6,4,6,6,5,6,7,7,6,7.0,6,7.0,5,6,6,6,6,6,6,5,6,6,6,7.0,7.0,7,6,4,7,7,6,7.0,6,6,6,6,7.0,7.0,0.0,6,7,6,6,6,6,7.0,6,7.0,6,7.0,7.0,7.0,7,7,6.0,6,7.0,7,6,7,6,6,7,6,7.0,7,7.0,7.0,7.0,6,7.0,7,7,7.0,7,7.0,6,7,7,7,6,7,6,7.0,,5,6,4,6.0,5,7,7.0,7.0,6,7,7.0,7,6,7,7.0,7.0,5,6,6,6,7.0,7.0,6,6,6,6,6,6,6,6,6,6,7.0,7,6,3,7.0,6,7,7,6,6,6.0,7,7.0,7.0,6,7,6,7.0,6,6,6,6.0,6,6,6,0.0,7.0,6,7.0,,,7,6,7.0,6,7,7.0,7.0,7.0,6,7,6,6,6,6,7.0,6,6,7,7,7.0,6,6,3,6.0,7,6.0,7,6,6,6,7.0,6,7.0,7,6,7,7.0,7,6,7.0,6,7,6,7,6,6,7.0,7.0,,7,7,5,7.0,7,7,7,6,6,7,6,6,6,6,6,7.0,6,7.0,7.0,6,7,6,7,,7,7,7.0,7,7,7.0,7,7.0,7.0,6,7.0,6,7,7.0,7,7,7,7.0,7,7,5,7.0,6,7.0,6,,6,6,7,7,6,,7.0,6,7,6.0,7,6,7,6,6,6,6.0,7,5,7,7,7,7,7.0,7.0,6,6,6,7.0,6,6,,6,6,7,6,6,7.0,7.0,6,6,7,6,7,6,6,6,7.0,7.0,6,6,7.0,7.0,6.0,,6.0,7.0,7.0,7,7.0,,7.0,,6,,6.0,0.0,0.0,6,6,7,7.0,7.0,100,5,0.0696378830083565,1.2189045264359073,-0.48667079790431594
4,5,4,5,4,5,5,5,5,4,5,5,5,5,5.0,5,5,5.0,5.0,5,4,5,5,5,4,5,4,5,5,3,5,4,5,5,5,4,5.0,5,5,5,5,5,2,0,3.0,5,5,5,5,5,5.0,5,5,,5,4,4,5,5,3,4,4,5.0,5,,5,,5,5,,5,4,5.0,5,5,5,5,5,4.0,5,4,5,5,5,5,5,4,5,5,5,5,4,,5,,5,4,5,5,5,5,5,4,5,3,5,,,4,5,5,5,5,4,0.0,4,4,5,5,5.0,,,5,3,5,5,5,5,5.0,5,5.0,4,,5.0,5.0,5,5,5.0,5,0.0,5,5,5,5,5,5,5,,5,,5.0,,4,,5,5,5.0,5,5.0,5,5,5,5,5,5,5,,,5,5,5,5.0,5,5,5.0,,5,5,5.0,5,5,5,,5.0,5,5,5,5,5.0,5.0,4,5,5,5,5,4,5,4,5,4,5.0,5,0,5,5.0,4,5,5,5,5,5.0,5,,,4,5,5,5.0,3,5,5,5.0,5,5,5,,,5,5.0,,,5,5,5.0,5,5,5.0,,,5,5,5,5,4,5,5.0,5,4,5,5,,5,5,5,,5,5.0,5,4,5,5,5.0,5,,5,5,5,5.0,5,4,3.0,4,5,5,5,5,5,5.0,,,5,5,5,,4,5,5,5,5,5,5,5,5,5,5,5.0,5,,,4,5,5,5,,5,5,5.0,5,5,,5,5.0,3.0,5,,5,5,5.0,5,5,5,5.0,3,5,5,5.0,5,5.0,5,,5,5,5,5,5,,5.0,5,5,,5,5,5,4,5,5,5.0,5,5,5,1,5,5,,5.0,4,5,5,,5,5,5.0,5,4,4,5,4,5.0,,4,5,5,5,5,5,5,5,5.0,,5,5,5.0,,5.0,,,5.0,5.0,5,5.0,5.0,,,5,,5.0,,5.0,5,5,5,,5.0,101,5,0.0581039755351682,1.3014099494546423,-0.3818490886378682
4,4,3,3,4,3,4,3,3,3,3,3,3,3,4.0,3,1,3.0,4.0,3,2,4,4,2,4,3,3,3,3,4,4,3,4,4,4,3,4.0,4,3,4,2,4,4,3,2.0,4,3,3,3,4,4.0,4,3,,3,3,3,3,4,3,3,3,4.0,4,,3,,3,3,,2,3,4.0,4,4,3,4,3,3.0,4,3,3,3,3,4,4,4,3,4,4,4,3,,4,4.0,4,3,4,4,3,3,4,3,4,2,3,4.0,4.0,3,4,3,4,4,3,4.0,3,3,4,4,4.0,4.0,4.0,4,3,3,4,4,4,4.0,4,4.0,3,4.0,3.0,4.0,0,4,4.0,4,4.0,3,3,4,3,3,4,4,4.0,4,4.0,4.0,4.0,2,4.0,4,4,4.0,4,4.0,1,4,4,4,3,4,4,4.0,,3,3,4,4.0,3,4,4.0,4.0,4,1,4.0,4,3,4,4.0,4.0,3,4,3,3,4.0,4.0,3,3,3,3,2,3,3,2,3,3,4.0,4,0,4,4.0,3,4,3,3,3,4.0,4,4.0,4.0,3,3,4,4.0,2,4,4,4.0,3,3,4,,4.0,4,4.0,,,4,3,4.0,4,0,4.0,,4.0,3,2,3,4,3,4,4.0,4,3,4,4,4.0,4,3,4,4.0,4,4.0,3,3,3,3,4.0,3,4.0,4,4,4,4.0,4,4,4.0,3,4,3,2,2,3,4.0,4.0,4.0,3,4,3,,4,4,4,3,3,3,3,3,3,4,4,4.0,4,,4.0,3,4,3,4,,4,3,3.0,3,3,4.0,4,4.0,4.0,3,4.0,4,3,3.0,4,3,4,4.0,4,3,4,4.0,4,3.0,4,3.0,4,3,4,3,0,,4.0,4,4,4.0,4,4,4,3,3,4,4.0,3,4,3,4,4,4,4.0,4.0,3,3,3,4.0,3,3,4.0,4,2,3,4,3,4.0,4.0,1,3,3,3,3,4,4,4,4.0,4.0,3,4,4.0,4.0,4.0,4.0,4.0,4.0,4.0,4,4.0,3.0,,,4,,4.0,,,4,4,4,4.0,4.0,102,5,0.0410958904109589,1.2261233400036384,-0.5809290863240415
3,2,3,2,0,3,3,3,3,3,3,3,3,3,,3,3,,3.0,3,3,3,3,3,3,3,2,3,3,2,3,2,3,3,3,2,1.0,3,3,3,3,3,3,3,3.0,3,3,3,2,3,3.0,3,2,,3,3,3,2,3,2,3,3,3.0,3,3.0,3,,3,3,,2,2,3.0,3,2,2,3,3,3.0,3,2,3,2,3,3,1,3,2,3,3,3,2,2.0,3,,3,2,3,2,3,2,3,2,3,3,2,3.0,3.0,3,3,3,3,3,2,3.0,2,3,2,3,1.0,3.0,3.0,3,3,2,3,3,3,3.0,3,3.0,1,3.0,3.0,3.0,3,3,,3,2.0,3,2,3,3,3,3,3,,3,3.0,,,3,3.0,3,3,3.0,3,3.0,0,3,3,1,2,3,3,,,3,3,3,3.0,2,3,3.0,3.0,3,3,3.0,3,3,2,3.0,3.0,2,3,1,2,3.0,3.0,2,2,2,3,3,3,3,2,3,3,3.0,2,3,3,3.0,3,3,2,3,3,3.0,3,,1.0,3,3,3,,2,3,3,3.0,3,3,3,,3.0,3,3.0,1.0,,3,3,3.0,3,3,3.0,,,3,3,3,3,3,3,,3,2,3,3,,3,3,3,,3,3.0,3,3,3,3,3.0,3,,3,3,3,3.0,1,3,3.0,3,3,3,3,3,2,3.0,3.0,,3,0,3,,3,3,3,1,3,2,3,2,3,3,3,3.0,2,,3.0,3,3,3,1,,2,3,3.0,3,2,3.0,3,,,3,3.0,3,3,3.0,3,3,3,3.0,3,3,3,3.0,3,3.0,3,,3,3,3,3,3,,,3,3,,3,3,3,3,3,3,3.0,3,3,3,3,3,3,2.0,3.0,2,0,2,,3,2,,2,3,3,3,2,3.0,3.0,2,3,3,3,3,3,2,3,,,3,3,,,,,3.0,3.0,3.0,3,3.0,,,,3,,3.0,,,3,3,3,3.0,,103,5,0.0666666666666666,1.1865030674846626,-0.38487505506470415
3,4,3,3,3,4,4,4,3,3,3,2,3,3,4.0,4,3,0.0,4.0,4,3,4,3,4,3,4,3,4,4,2,3,3,3,4,4,4,4.0,4,3,4,3,4,3,3,0.0,3,3,4,4,4,4.0,0,3,,3,2,4,4,4,3,3,4,4.0,4,4.0,4,,4,4,,3,3,4.0,4,4,4,4,4,1.0,4,3,3,3,4,4,3,4,3,4,4,4,1,4.0,3,,3,3,4,4,2,4,4,3,4,3,4,4.0,4.0,3,4,4,4,4,3,4.0,3,4,4,4,4.0,4.0,4.0,4,3,3,4,4,4,4.0,4,4.0,3,4.0,4.0,4.0,4,4,2.0,3,4.0,4,3,4,4,4,4,3,,4,4.0,,4.0,3,,3,4,4.0,4,4.0,3,4,4,4,4,4,4,4.0,4.0,4,3,4,4.0,3,3,4.0,4.0,4,4,4.0,4,4,4,4.0,4.0,3,4,4,3,4.0,4.0,3,3,3,4,4,3,4,3,4,3,4.0,3,2,4,4.0,1,4,4,4,3,4.0,3,4.0,4.0,4,3,4,4.0,3,4,4,4.0,4,2,4,,4.0,4,4.0,,,4,3,4.0,4,4,4.0,4.0,3.0,4,4,4,3,2,4,4.0,4,3,4,4,,4,4,4,4.0,4,4.0,3,3,3,4,4.0,3,,4,1,1,4.0,3,3,4.0,3,4,4,3,3,3,4.0,4.0,4.0,4,4,4,3.0,4,4,4,4,4,2,4,2,3,4,4,4.0,4,,4.0,3,4,4,3,,4,3,4.0,4,3,4.0,4,4.0,4.0,3,4.0,3,4,4.0,4,4,4,4.0,4,4,3,4.0,3,4.0,3,,4,3,4,4,4,,4.0,4,4,4.0,3,4,4,3,3,4,3.0,4,4,4,3,4,4,4.0,3.0,3,4,4,,0,3,4.0,4,3,2,4,3,4.0,4.0,3,3,3,2,3,4,4,4,4.0,,3,4,4.0,2.0,4.0,,4.0,4.0,4.0,4,4.0,,,,4,,4.0,,,3,3,4,4.0,,104,5,0.0596590909090909,1.2145110410094637,-0.5489342150914545
3,3,3,2,3,3,3,3,3,3,3,3,3,3,3.0,3,3,4.0,3.0,3,2,3,2,3,2,3,2,3,2,3,3,2,3,1,3,3,3.0,3,3,3,3,3,3,3,4.0,3,3,3,3,3,3.0,2,3,,3,3,2,3,1,2,2,0,3.0,3,4.0,3,,3,2,,3,2,4.0,3,3,3,3,3,3.0,3,2,3,3,3,3,1,2,2,3,3,0,2,2.0,3,3.0,2,3,3,3,3,3,3,3,3,2,3,3.0,3.0,3,3,3,3,3,3,3.0,3,1,3,3,3.0,4.0,3.0,3,3,2,3,2,3,3.0,3,4.0,3,4.0,3.0,3.0,3,4,4.0,1,4.0,3,3,3,3,3,3,3,4.0,3,4.0,4.0,4.0,3,4.0,3,4,3.0,3,3.0,3,3,3,3,3,3,3,4.0,4.0,2,3,3,4.0,2,3,3.0,3.0,3,3,4.0,3,3,2,4.0,3.0,2,3,1,3,3.0,3.0,2,3,3,0,3,2,3,2,3,1,4.0,3,3,3,4.0,3,3,2,3,3,3.0,3,3.0,4.0,2,3,3,3.0,2,3,3,3.0,3,3,3,4.0,3.0,3,4.0,4.0,,3,3,3.0,0,3,3.0,4.0,4.0,3,3,3,3,3,3,3.0,3,3,3,3,4.0,3,3,3,4.0,4,4.0,3,3,3,3,3.0,2,4.0,4,3,3,3.0,3,3,3.0,1,3,3,3,3,3,3.0,4.0,4.0,3,3,3,4.0,3,3,3,3,3,2,3,2,3,3,3,3.0,2,3.0,4.0,3,3,3,3,4.0,3,3,4.0,3,3,4.0,3,4.0,3.0,3,4.0,3,3,4.0,3,4,3,4.0,3,3,3,3.0,3,3.0,3,4.0,3,3,3,3,3,4.0,3.0,3,3,4.0,3,3,3,3,3,3,3.0,3,3,3,3,3,4,3.0,4.0,2,3,2,4.0,3,3,4.0,3,3,3,3,3,4.0,4.0,3,3,3,3,3,3,3,3,3.0,4.0,3,3,3.0,4.0,4.0,4.0,4.0,3.0,4.0,3,3.0,,4.0,4.0,3,,3.0,,4.0,3,3,3,4.0,3.0,105,5,0.0652173913043478,1.2034802784222738,-0.6337326712213275
3,3,3,2,3,3,3,3,3,2,3,2,3,2,3.0,2,1,3.0,3.0,3,2,3,3,3,3,3,3,3,3,3,3,3,3,3,3,3,,3,2,3,3,3,3,3,3.0,3,3,3,2,3,,3,2,,3,3,0,3,2,3,2,3,3.0,3,,3,,3,3,,2,2,3.0,3,3,3,3,3,,3,2,3,2,3,3,3,3,2,3,3,3,2,,3,,3,2,3,3,3,3,3,3,3,3,3,1.0,3.0,3,3,3,3,3,3,,3,3,3,3,3.0,3.0,3.0,3,3,2,3,3,3,3.0,3,3.0,3,2.0,3.0,3.0,1,3,3.0,3,3.0,3,3,3,3,3,3,3,,3,,,3.0,2,,3,3,3.0,3,3.0,2,3,3,3,2,3,3,,,3,3,3,,2,3,3.0,,3,3,,2,2,3,,3.0,3,3,3,3,,3.0,2,3,3,3,1,2,3,0,3,3,3.0,3,3,3,3.0,3,3,2,3,3,3.0,3,3.0,,3,3,3,3.0,1,3,3,3.0,2,2,3,,,3,3.0,,,3,3,3.0,3,3,3.0,,3.0,1,3,3,3,3,2,3.0,3,2,3,3,,3,3,3,,3,,3,3,3,3,,2,,3,3,3,3.0,3,3,3.0,2,3,3,1,0,2,,3.0,3.0,2,3,3,,3,3,3,2,1,3,3,2,3,3,2,3.0,3,,3.0,3,3,2,3,,3,2,3.0,3,2,,3,,3.0,2,,2,3,3.0,3,3,3,3.0,3,2,3,3.0,3,3.0,1,,3,3,0,3,3,,3.0,3,3,,3,3,3,3,3,3,,2,3,3,3,3,3,3.0,3.0,3,3,3,,3,3,,3,2,3,3,2,3.0,,3,3,3,2,3,3,2,3,3.0,3.0,3,3,,3.0,,,,3.0,3.0,3,3.0,,,,3,,3.0,,,3,3,3,3.0,3.0,106,5,0.0619195046439628,1.2200418628990057,-0.3673119665019113
4,4,4,3,4,4,3,4,3,3,2,3,3,3,4.0,4,3,4.0,5.0,4,3,4,4,4,4,4,4,0,4,4,4,4,4,5,3,4,5.0,5,4,4,4,4,4,4,5.0,4,4,4,4,4,5.0,4,4,,4,4,4,4,4,4,4,4,5.0,4,5.0,4,,5,4,,4,4,2.0,4,4,4,4,3,4.0,5,3,0,3,4,5,4,4,3,4,5,5,3,5.0,4,5.0,4,3,4,4,2,5,4,4,5,4,4,5.0,5.0,4,4,4,4,4,4,5.0,4,4,4,4,4.0,5.0,4.0,2,4,4,4,4,4,4.0,4,5.0,4,5.0,4.0,4.0,4,5,5.0,4,5.0,4,4,5,4,4,4,5,5.0,5,5.0,5.0,5.0,4,5.0,4,5,5.0,4,5.0,4,4,5,4,4,4,5,5.0,,4,4,5,5.0,4,4,4.0,5.0,5,5,5.0,3,4,4,5.0,5.0,3,4,3,4,5.0,5.0,3,4,4,4,4,4,4,4,4,4,4.0,4,4,4,5.0,4,4,4,4,4,4.0,4,4.0,5.0,4,2,4,4.0,3,4,5,4.0,4,4,4,,5.0,4,5.0,5.0,0.0,0,4,4.0,4,4,4.0,5.0,5.0,4,5,4,4,4,2,5.0,4,1,4,5,5.0,3,3,4,5.0,4,5.0,5,4,4,4,5.0,4,5.0,5,4,5,5.0,5,4,5.0,4,4,4,4,4,4,4.0,5.0,5.0,4,4,4,5.0,4,4,4,4,5,4,4,4,3,5,4,5.0,5,5.0,5.0,4,5,4,4,,5,4,4.0,5,4,5.0,4,5.0,5.0,4,5.0,4,5,5.0,5,4,4,5.0,5,4,4,5.0,5,5.0,4,5.0,4,4,4,4,3,5.0,4.0,5,5,5.0,2,4,4,4,4,4,5.0,4,4,5,4,4,5,4.0,4.0,4,4,4,5.0,4,4,5.0,4,4,4,4,3,5.0,5.0,4,5,4,4,4,5,4,4,5.0,5.0,4,4,4.0,5.0,5.0,5.0,5.0,5.0,5.0,5,5.0,,5.0,,4,,4.0,,5.0,4,4,4,5.0,5.0,107,5,0.0401069518716577,1.2890148212728858,-0.6369936847605757
3,3,3,2,3,3,3,4,3,4,3,3,3,3,4.0,3,3,4.0,4.0,3,3,3,3,3,3,3,3,3,3,3,3,2,3,4,3,3,3.0,3,3,3,3,3,3,4,4.0,3,3,3,3,3,4.0,3,3,,3,3,3,2,3,3,3,3,4.0,3,4.0,3,,3,3,4.0,3,2,4.0,4,4,2,4,4,3.0,3,2,3,2,3,2,3,3,3,3,3,4,3,4.0,3,4.0,3,2,4,3,3,3,3,3,3,3,3,4.0,0.0,3,3,3,1,3,3,4.0,3,3,4,3,4.0,4.0,4.0,4,3,3,3,3,3,4.0,1,3.0,3,4.0,4.0,4.0,3,4,4.0,3,4.0,2,3,3,3,3,3,3,4.0,4,4.0,4.0,4.0,2,4.0,3,2,4.0,3,3.0,3,3,3,4,3,4,3,4.0,4.0,2,1,3,3.0,0,3,3.0,3.0,2,2,4.0,4,3,3,4.0,4.0,3,3,3,2,4.0,3.0,2,3,2,3,3,3,3,0,3,3,4.0,3,2,2,4.0,3,3,3,3,3,4.0,2,4.0,4.0,3,3,4,4.0,1,3,4,4.0,3,2,4,,4.0,4,4.0,,,3,3,4.0,3,1,3.0,4.0,4.0,3,3,3,1,3,3,4.0,3,3,3,4,4.0,3,3,3,4.0,4,4.0,3,3,3,4,3.0,3,4.0,3,3,3,4.0,3,3,4.0,3,3,3,3,3,3,4.0,4.0,4.0,4,3,4,4.0,3,4,3,3,3,3,3,3,3,4,4,4.0,3,4.0,4.0,3,3,3,3,,3,3,4.0,4,3,4.0,3,4.0,4.0,3,4.0,3,4,4.0,4,4,3,4.0,3,4,3,4.0,3,4.0,3,4.0,4,3,3,3,4,,4.0,4,3,4.0,4,3,3,3,3,3,4.0,4,4,3,3,4,3,4.0,3.0,3,3,3,4.0,2,3,3.0,3,3,3,3,2,0.0,4.0,3,3,3,2,3,3,3,3,4.0,4.0,3,3,4.0,4.0,3.0,4.0,4.0,4.0,3.0,3,4.0,,4.0,,3,,3.0,,4.0,3,3,3,3.0,4.0,108,5,0.045822102425876,1.2534843205574913,-0.637914369788856
3,3,3,2,3,3,3,3,3,3,3,3,3,2,2.0,3,3,3.0,4.0,3,3,3,3,3,3,3,3,3,3,3,3,3,3,4,2,3,4.0,3,3,3,3,3,3,3,4.0,3,3,3,3,3,4.0,3,2,,3,2,3,2,3,3,3,3,3.0,3,4.0,3,,4,3,,0,3,3.0,3,3,3,3,3,3.0,3,3,3,2,3,3,3,3,2,4,3,4,2,4.0,3,4.0,3,3,4,3,3,3,3,3,3,2,3,4.0,4.0,3,3,3,4,3,2,4.0,3,3,3,3,3.0,4.0,4.0,3,3,2,3,3,3,3.0,3,0.0,2,4.0,4.0,4.0,3,4,4.0,3,3.0,3,3,0,3,3,3,3,4.0,3,4.0,4.0,4.0,2,4.0,3,4,4.0,3,3.0,2,3,3,3,3,3,4,4.0,4.0,3,3,3,4.0,2,3,4.0,4.0,3,3,4.0,3,3,3,4.0,3.0,3,3,3,3,4.0,4.0,3,3,3,3,3,3,3,1,3,3,4.0,2,3,3,3.0,3,3,3,3,3,4.0,3,4.0,4.0,3,3,3,3.0,3,3,4,4.0,3,3,4,,4.0,3,4.0,4.0,3.0,3,3,4.0,3,3,4.0,4.0,4.0,3,4,3,3,1,3,4.0,4,2,3,4,4.0,3,3,3,4.0,4,4.0,3,3,1,3,4.0,1,4.0,3,3,3,4.0,3,3,4.0,3,3,4,3,3,2,3.0,4.0,4.0,3,3,3,4.0,3,3,3,3,3,3,3,2,3,3,3,4.0,3,4.0,4.0,3,3,3,3,4.0,3,2,4.0,2,3,4.0,4,4.0,3.0,3,4.0,3,3,4.0,3,3,3,3.0,3,3,3,4.0,3,4.0,3,4.0,3,2,3,3,3,4.0,4.0,4,4,4.0,3,4,1,3,3,3,4.0,3,4,4,3,3,3,3.0,4.0,0,3,3,4.0,2,3,4.0,3,3,3,4,3,4.0,4.0,3,4,3,3,3,4,3,4,4.0,4.0,3,3,4.0,4.0,4.0,,4.0,4.0,4.0,3,4.0,,4.0,,2,,4.0,,4.0,3,3,4,4.0,4.0,109,5,0.0344827586206896,1.2456299659477865,-0.7125259379795523
4,4,4,3,4,4,4,4,3,4,3,4,3,3,4.0,4,4,0.0,5.0,4,2,4,4,4,4,4,4,3,4,5,4,4,2,5,4,4,5.0,4,4,5,5,4,4,4,5.0,5,4,5,4,5,5.0,4,4,,3,4,4,4,4,4,4,4,5.0,4,5.0,4,,4,4,,4,3,4.0,4,4,4,4,4,5.0,4,3,4,3,4,4,4,4,4,4,5,5,3,5.0,4,5.0,3,4,4,4,4,4,4,4,5,4,4,5.0,5.0,4,4,1,5,4,4,5.0,4,4,5,4,5.0,5.0,0.0,5,4,4,4,4,4,5.0,4,5.0,2,5.0,4.0,0.0,4,4,5.0,4,4.0,4,4,3,4,3,4,5,4.0,4,5.0,5.0,5.0,3,5.0,5,5,5.0,3,5.0,4,4,5,5,4,4,4,5.0,,3,4,5,5.0,4,5,5.0,5.0,5,5,5.0,4,4,4,5.0,5.0,4,4,4,5,5.0,4.0,4,4,4,4,2,4,4,3,4,4,5.0,4,4,5,5.0,4,4,4,4,4,5.0,4,5.0,5.0,4,4,4,4.0,4,4,4,5.0,4,4,5,,5.0,4,5.0,,,4,3,5.0,3,3,5.0,5.0,5.0,4,5,4,4,4,4,5.0,4,4,4,5,5.0,4,4,4,5.0,5,5.0,4,4,4,4,5.0,4,5.0,5,4,5,5.0,5,4,5.0,5,4,4,4,4,4,5.0,5.0,5.0,5,5,3,5.0,4,4,4,4,4,4,4,4,4,5,5,5.0,4,5.0,5.0,4,4,4,4,4.0,4,4,5.0,4,4,5.0,5,5.0,5.0,5,5.0,5,5,5.0,5,5,4,5.0,5,4,4,5.0,5,5.0,4,5.0,4,1,5,5,3,0.0,5.0,4,5,5.0,4,5,5,4,4,4,5.0,4,4,5,5,4,4,5.0,4.0,4,5,4,5.0,4,4,5.0,4,4,5,4,4,5.0,5.0,4,4,4,4,5,4,4,4,5.0,5.0,4,4,4.0,5.0,5.0,5.0,5.0,4.0,4.0,5,5.0,,5.0,,4,,5.0,,5.0,4,4,5,4.0,3.0,110,5,0.0543478260869565,1.2423357664233576,-0.5789815406307
4,4,4,3,4,4,4,2,3,4,4,4,4,4,4.0,4,4,4.0,,4,3,4,4,4,4,4,4,3,3,4,4,4,4,4,4,4,4.0,4,4,4,4,4,4,4,,4,4,4,4,4,,4,3,,4,4,4,4,4,4,4,4,4.0,4,,4,,4,4,,3,3,4.0,4,4,4,4,4,4.0,4,3,4,2,3,4,4,4,3,4,4,4,3,4.0,4,,3,4,4,4,3,4,4,3,4,3,4,4.0,4.0,4,4,4,4,4,4,,4,4,4,4,4.0,4.0,4.0,4,3,3,4,4,4,4.0,4,4.0,4,2.0,4.0,4.0,4,4,,3,4.0,4,3,4,4,4,3,4,4.0,4,4.0,3.0,4.0,4,,0,4,4.0,4,4.0,3,4,4,4,4,4,4,,,2,4,4,,3,4,4.0,4.0,4,4,,4,2,4,,,4,4,4,3,4.0,4.0,3,4,4,4,1,3,4,3,4,4,4.0,4,4,4,,4,4,4,4,4,4.0,4,,,3,4,4,4.0,3,4,4,4.0,4,3,4,,4.0,4,4.0,,,4,4,4.0,4,4,4.0,,,4,4,4,4,4,4,4.0,4,3,4,4,,4,4,0,4.0,4,,4,4,4,4,4.0,4,,1,4,4,4.0,4,4,4.0,4,4,4,4,3,4,4.0,4.0,,4,4,4,,4,4,4,3,4,3,4,3,3,4,4,,4,,,3,4,4,3,,4,4,4.0,4,4,,4,4.0,,3,,4,4,4.0,4,4,4,,4,4,4,,3,4.0,3,,4,4,4,2,4,,,4,4,,4,4,4,4,4,4,4.0,4,4,4,3,4,4,4.0,4.0,3,3,4,,2,2,,4,0,3,4,3,4.0,4.0,4,4,4,3,4,4,4,4,4.0,1.0,4,4,3.0,,4.0,,4.0,,,4,4.0,,,,4,,0.0,3.0,,4,4,4,4.0,,111,5,0.0455927051671732,1.2689781980562123,-0.36490643148274726
3,3,4,4,3,4,4,3,4,4,4,4,4,4,4.0,3,3,4.0,4.0,3,3,4,4,4,3,3,4,3,3,2,4,3,2,4,4,4,4.0,4,3,4,3,4,4,4,4.0,4,4,4,4,4,,4,3,,4,3,3,4,3,4,3,3,4.0,4,4.0,4,,3,4,,4,4,4.0,4,4,3,4,4,4.0,4,3,4,3,4,3,4,4,3,4,4,4,3,,4,,3,3,4,4,3,1,4,3,4,3,4,4.0,4.0,3,4,4,4,4,2,4.0,3,3,3,3,4.0,4.0,4.0,4,3,3,3,4,4,4.0,3,4.0,3,4.0,4.0,4.0,3,4,4.0,3,4.0,3,3,4,3,4,4,4,,4,,,,3,,4,4,3.0,4,4.0,2,4,4,4,4,4,4,,,1,4,4,4.0,3,4,4.0,4.0,4,4,4.0,4,4,0,4.0,4.0,3,4,4,3,4.0,2.0,3,3,3,3,4,3,3,3,4,3,4.0,0,3,4,4.0,4,4,4,3,4,4.0,4,4.0,,2,0,3,4.0,3,3,4,4.0,4,2,4,,4.0,4,4.0,,,4,4,4.0,4,4,4.0,,4.0,3,4,4,3,4,4,4.0,4,3,4,3,4.0,4,4,4,4.0,4,1.0,4,4,4,0,3.0,4,,4,4,4,4.0,3,1,3.0,2,4,4,4,4,3,4.0,4.0,,4,4,4,,3,4,4,3,4,4,4,3,4,4,4,4.0,4,,4.0,3,4,4,4,,4,4,4.0,3,4,4.0,4,4.0,4.0,4,4.0,4,3,4.0,4,4,4,4.0,4,4,4,4.0,4,4.0,4,,4,4,4,4,4,,,4,4,4.0,4,2,4,4,3,3,4.0,3,4,4,4,4,3,4.0,3.0,2,3,3,,3,3,4.0,4,3,4,4,3,4.0,4.0,3,4,4,4,4,4,4,4,4.0,4.0,4,3,4.0,4.0,3.0,,4.0,3.0,4.0,4,4.0,,,,4,,4.0,,4.0,4,4,4,4.0,4.0,112,5,0.0517241379310344,1.2259719755279257,-0.4909153678188939
0,3,2,2,2,3,3,2,3,3,3,3,3,3,3.0,3,3,,,3,2,3,3,3,3,1,2,3,2,3,3,2,3,3,0,3,3.0,3,2,3,3,3,3,3,3.0,3,1,3,2,3,3.0,3,2,,3,3,3,3,3,2,3,2,3.0,3,3.0,3,,3,3,3.0,2,2,3.0,3,3,3,3,3,3.0,3,2,3,3,3,3,1,3,2,3,3,3,2,3.0,3,,2,2,3,3,2,3,2,3,3,2,3,3.0,3.0,3,3,3,3,3,2,3.0,2,3,3,2,3.0,1.0,3.0,3,2,3,3,2,2,3.0,3,3.0,3,3.0,,3.0,3,3,2.0,3,3.0,3,2,3,3,3,3,3,3.0,3,3.0,3.0,3.0,3,,3,1,3.0,3,3.0,3,3,3,3,3,3,3,,,2,3,3,3.0,2,3,3.0,2.0,3,3,3.0,3,3,2,3.0,,2,3,3,2,3.0,2.0,2,2,3,3,3,1,3,2,3,3,3.0,3,2,3,3.0,3,3,3,3,3,3.0,3,3.0,3.0,3,2,3,3.0,1,3,3,3.0,2,2,3,,3.0,3,3.0,,,3,3,3.0,3,3,3.0,,3.0,3,3,3,3,3,3,3.0,3,2,3,3,,3,3,3,3.0,3,3.0,3,3,2,3,3.0,3,,3,3,3,3.0,3,3,3.0,3,3,3,3,3,2,3.0,3.0,,3,3,3,,3,3,3,3,3,3,3,2,2,3,3,3.0,3,,,2,3,3,2,,3,3,3.0,3,3,,3,3.0,,3,3.0,2,3,3.0,3,0,3,3.0,2,3,3,3.0,3,2.0,3,,3,3,3,3,3,,,3,3,3.0,3,3,3,3,3,3,3.0,3,2,2,3,3,3,3.0,3.0,2,3,3,3.0,3,2,,3,1,1,3,3,3.0,3.0,2,3,3,2,3,3,3,3,3.0,,1,3,3.0,3.0,3.0,,3.0,3.0,3.0,3,3.0,3.0,,3.0,3,,1.0,,,3,3,0,3.0,3.0,113,5,0.063953488372093,1.1662497157152605,-0.4432950217945192
3,3,4,3,2,4,4,4,3,4,2,3,4,4,4.0,4,4,4.0,4.0,2,3,4,3,4,4,4,3,4,3,3,3,3,3,4,4,3,4.0,4,4,2,3,4,4,4,,3,4,3,3,3,4.0,4,3,,4,3,2,4,3,2,3,4,4.0,4,4.0,4,,4,3,4.0,3,3,4.0,4,4,4,4,4,4.0,4,3,3,3,3,4,4,4,2,3,4,4,3,4.0,4,,3,3,4,4,4,4,4,3,4,3,4,4.0,4.0,3,4,4,4,3,3,0.0,3,4,3,3,1.0,4.0,4.0,4,3,4,4,3,4,4.0,4,4.0,3,4.0,4.0,4.0,4,4,4.0,4,4.0,4,3,4,3,3,4,3,4.0,3,4.0,,4.0,3,4.0,3,4,4.0,4,4.0,3,4,1,0,4,4,4,4.0,,3,4,4,4.0,3,4,4.0,4.0,4,4,4.0,4,4,4,4.0,4.0,3,2,3,3,4.0,1.0,3,4,3,3,4,3,4,3,4,3,4.0,4,4,4,4.0,4,4,3,2,4,4.0,4,0.0,4.0,3,4,4,4.0,3,4,4,4.0,4,3,4,,,4,4.0,,,4,4,4.0,4,4,4.0,,4.0,4,4,4,4,4,4,4.0,4,3,4,4,,4,3,3,4.0,4,4.0,4,3,3,3,3.0,4,,3,4,4,4.0,4,4,4.0,4,4,4,4,4,3,4.0,4.0,,4,0,4,3.0,4,4,4,3,4,4,3,3,3,4,3,4.0,4,,,4,4,4,4,,4,4,4.0,4,4,4.0,4,4.0,,4,4.0,3,4,4.0,3,4,4,4.0,4,3,4,4.0,4,4.0,4,,4,4,4,2,4,,4.0,4,4,3.0,4,4,4,4,4,4,4.0,4,4,2,4,4,4,4.0,4.0,3,4,2,4.0,3,1,4.0,4,3,4,4,3,4.0,4.0,4,4,4,3,4,1,3,4,4.0,,3,4,4.0,4.0,4.0,,4.0,4.0,4.0,4,4.0,,,,4,,4.0,,,4,4,4,4.0,4.0,114,5,0.0722543352601156,1.1845156219296522,-0.47269833362760916
2,3,3,3,2,3,3,3,3,1,3,3,3,3,3.0,3,3,3.0,4.0,3,2,0,3,3,3,3,3,3,3,3,3,3,3,4,3,3,4.0,4,3,4,3,4,1,3,4.0,3,3,3,3,4,3.0,4,3,,3,3,3,3,3,3,3,3,3.0,3,4.0,3,,3,3,,3,2,3.0,4,3,3,2,3,3.0,3,2,3,3,3,4,3,3,2,3,3,3,2,4.0,3,4.0,3,3,3,3,3,3,3,3,3,2,3,4.0,4.0,3,4,3,4,3,3,4.0,3,3,3,3,4.0,3.0,3.0,3,3,3,3,3,3,3.0,2,3.0,3,3.0,3.0,4.0,3,4,4.0,3,2.0,3,1,3,3,3,3,3,4.0,2,4.0,4.0,4.0,3,4.0,3,3,3.0,4,2.0,3,3,4,4,3,3,3,4.0,4.0,3,3,4,4.0,3,3,4.0,4.0,4,4,4.0,3,3,4,4.0,3.0,3,3,3,3,3.0,3.0,3,2,3,3,2,3,3,2,3,3,4.0,3,3,4,4.0,3,2,3,3,4,4.0,3,4.0,4.0,3,3,3,4.0,3,3,3,4.0,3,0,3,,4.0,3,4.0,4.0,,3,3,3.0,3,3,3.0,4.0,4.0,3,2,3,3,3,3,4.0,3,2,3,3,4.0,3,3,3,4.0,4,4.0,3,3,3,3,4.0,1,4.0,3,3,4,3.0,3,1,4.0,3,3,3,3,3,3,4.0,4.0,4.0,4,3,3,0.0,2,3,3,3,3,3,3,2,2,3,3,2.0,3,4.0,4.0,3,4,3,3,4.0,3,3,4.0,3,3,4.0,4,4.0,4.0,3,4.0,3,3,4.0,4,3,0,4.0,3,3,3,4.0,3,2.0,3,1.0,3,3,4,3,3,4.0,4.0,4,4,4.0,3,4,4,3,3,3,3.0,3,3,3,3,3,4,4.0,4.0,3,3,3,4.0,2,2,4.0,2,3,3,3,3,3.0,4.0,3,3,3,3,3,4,3,4,4.0,4.0,3,3,4.0,4.0,4.0,4.0,4.0,4.0,4.0,4,3.0,,3.0,,3,,3.0,,4.0,3,3,3,4.0,4.0,115,5,0.0626702997275204,1.2118916437098255,-0.60668879126311
3,4,4,3,3,4,4,4,4,4,3,4,4,3,4.0,4,4,4.0,4.0,4,3,3,4,4,4,4,4,4,4,4,4,2,4,4,4,4,4.0,4,4,4,4,4,4,4,,4,4,4,4,4,4.0,2,3,,4,4,4,4,4,3,3,3,4.0,4,4.0,4,,4,3,,3,3,4.0,4,4,3,4,4,4.0,4,3,4,4,4,4,4,4,3,3,4,4,3,4.0,4,,3,2,4,4,4,3,4,3,4,3,4,3.0,4.0,3,4,4,0,4,3,4.0,3,4,4,4,4.0,4.0,3.0,4,4,3,4,4,4,4.0,3,4.0,4,4.0,4.0,4.0,3,4,4.0,3,4.0,4,3,4,4,3,4,3,,4,,,,3,,4,0,4.0,4,4.0,3,4,4,4,4,4,4,,,3,4,4,,4,4,4.0,,4,4,4.0,4,4,4,4.0,4.0,3,4,4,4,4.0,3.0,3,3,3,4,4,4,4,1,4,3,4.0,4,3,4,,4,4,4,4,4,4.0,4,4.0,4.0,4,4,4,4.0,3,0,4,4.0,4,1,4,,4.0,4,4.0,,,4,4,4.0,4,2,4.0,,4.0,3,4,4,4,4,0,4.0,4,3,1,4,,4,4,4,4.0,4,4.0,4,3,4,4,4.0,4,,2,4,4,4.0,4,4,4.0,4,4,4,3,4,4,4.0,4.0,,4,4,4,,4,4,4,3,4,4,4,3,2,4,4,4.0,4,,4.0,4,4,3,3,,4,4,4.0,4,4,4.0,4,,,3,4.0,4,4,4.0,4,4,4,4.0,4,4,4,4.0,4,4.0,4,,4,3,3,3,4,,,4,4,4.0,4,4,4,3,2,2,4.0,4,4,4,4,4,4,4.0,4.0,4,4,4,,3,4,,4,3,3,4,3,4.0,,4,4,3,3,3,3,4,4,4.0,4.0,4,4,4.0,,4.0,,4.0,4.0,4.0,4,4.0,,,,4,,4.0,,,4,4,3,4.0,4.0,116,5,0.0467836257309941,1.2449339207048458,-0.4450364934429404
3,0,4,4,1,3,4,3,4,4,3,4,4,4,4.0,4,4,4.0,4.0,3,3,4,4,4,4,4,4,3,4,3,3,3,4,4,4,4,3.0,4,3,4,4,4,4,4,,4,3,1,3,3,,4,3,,4,4,4,3,4,3,3,4,4.0,4,,4,,3,4,,4,3,4.0,4,4,3,4,4,3.0,4,3,3,3,4,4,4,4,3,4,4,4,3,,4,,2,3,4,4,4,4,4,3,4,4,4,4.0,4.0,4,4,3,4,2,3,4.0,3,4,4,4,4.0,4.0,4.0,4,4,4,4,4,4,4.0,4,4.0,2,4.0,4.0,4.0,4,4,,3,4.0,4,3,4,3,4,4,4,4.0,4,4.0,,4.0,3,4.0,4,4,4.0,3,4.0,3,4,4,4,4,4,4,4.0,,4,4,4,4.0,3,4,4.0,4.0,4,4,4.0,4,4,4,,2.0,3,4,4,4,4.0,4.0,3,3,3,4,4,4,4,3,4,3,4.0,4,3,2,4.0,1,4,3,2,3,4.0,4,4.0,,3,4,3,4.0,2,3,4,3.0,4,4,4,,4.0,4,4.0,,,4,4,4.0,4,4,4.0,4.0,,4,4,4,3,3,4,1.0,4,3,4,4,,4,4,4,0.0,4,4.0,4,3,4,4,4.0,4,,4,4,3,4.0,4,4,4.0,4,4,4,4,4,3,4.0,4.0,1.0,4,4,4,,4,4,4,4,4,4,4,3,3,4,4,4.0,4,,4.0,2,4,4,4,,4,4,4.0,4,4,4.0,4,4.0,,4,4.0,4,4,4.0,4,4,4,4.0,4,4,2,4.0,4,4.0,4,,3,4,4,4,4,,4.0,4,4,4.0,4,4,4,3,4,4,4.0,4,4,4,4,4,4,4.0,0.0,3,4,4,,4,4,4.0,3,3,3,4,3,4.0,,4,4,4,4,4,4,3,4,4.0,,4,4,4.0,,4.0,,4.0,4.0,4.0,4,4.0,,4.0,,3,,4.0,,4.0,3,4,4,0.0,,117,5,0.0643274853801169,1.2310174231017423,-0.43519401006271663
4,4,3,2,4,4,3,1,4,4,4,4,4,4,5.0,4,4,5.0,5.0,4,2,4,4,4,5,4,4,4,4,4,4,4,4,5,4,4,5.0,4,2,4,5,5,4,4,5.0,4,4,4,4,5,5.0,4,4,,4,4,4,3,4,3,4,4,5.0,5,5.0,4,,4,4,,4,4,5.0,5,4,4,4,5,4.0,5,2,4,4,4,5,4,4,3,0,4,4,4,5.0,4,5.0,4,4,5,4,4,4,4,4,4,3,4,5.0,5.0,4,4,3,5,4,4,4.0,4,4,4,4,5.0,5.0,4.0,4,4,4,5,4,4,5.0,5,5.0,4,5.0,5.0,5.0,4,4,5.0,3,5.0,4,4,5,4,4,4,4,5.0,0,3.0,5.0,5.0,3,5.0,4,5,5.0,5,4.0,4,4,5,5,4,5,5,5.0,5.0,4,4,5,5.0,4,5,5.0,5.0,5,5,4.0,5,4,5,5.0,4.0,4,4,4,4,4.0,4.0,4,4,4,4,3,4,4,3,5,4,5.0,5,4,5,5.0,4,4,4,4,5,4.0,4,0.0,5.0,4,4,4,4.0,3,4,4,5.0,4,4,4,,5.0,4,5.0,5.0,,4,4,5.0,4,4,4.0,5.0,5.0,4,4,4,4,3,5,5.0,5,4,4,4,5.0,4,4,4,5.0,5,5.0,4,3,4,4,5.0,4,5.0,5,4,4,5.0,4,4,5.0,4,5,4,4,5,4,5.0,5.0,5.0,5,5,4,5.0,4,5,5,4,4,4,4,3,4,4,4,5.0,5,,5.0,4,5,4,3,5.0,5,4,4.0,4,4,5.0,5,5.0,5.0,4,5.0,4,4,4.0,5,5,5,5.0,4,4,4,5.0,5,4.0,3,5.0,0,3,5,4,4,5.0,5.0,4,5,4.0,4,4,5,4,4,4,5.0,4,4,4,4,4,5,4.0,4.0,4,5,4,5.0,4,4,5.0,4,4,3,4,4,5.0,5.0,3,4,1,4,4,4,4,5,5.0,5.0,4,3,5.0,5.0,5.0,,5.0,5.0,5.0,5,5.0,,5.0,,5,,5.0,,5.0,3,4,5,5.0,5.0,118,5,0.0572207084468664,1.266062776490415,-0.6641392808648858
3,3,3,3,3,4,4,3,1,3,3,2,3,3,3.0,3,3,4.0,4.0,3,2,4,3,4,3,3,3,3,3,3,3,2,3,4,2,3,4.0,4,3,4,3,4,3,3,4.0,3,4,4,4,4,4.0,3,3,,4,3,4,3,3,3,3,3,4.0,4,4.0,4,,1,3,,0,2,3.0,4,3,3,3,4,3.0,4,3,3,3,4,4,3,4,3,4,4,4,2,4.0,3,,3,3,3,3,3,4,4,3,4,3,3,4.0,4.0,3,4,3,3,4,3,4.0,3,4,4,4,4.0,4.0,4.0,4,3,2,3,4,4,4.0,4,1.0,3,4.0,4.0,4.0,3,4,4.0,3,4.0,4,3,4,3,4,4,4,4.0,4,3.0,4.0,4.0,3,,4,4,4.0,4,4.0,2,4,4,4,4,4,4,4.0,,2,4,4,4.0,3,4,4.0,4.0,4,4,4.0,4,3,4,4.0,4.0,3,4,4,4,4.0,4.0,3,3,3,3,4,3,3,3,3,3,4.0,3,4,4,4.0,4,4,4,4,1,0.0,4,4.0,,3,3,4,4.0,3,3,4,2.0,3,2,4,,4.0,4,4.0,,,3,3,4.0,4,3,4.0,4.0,4.0,3,3,0,3,3,3,4.0,4,4,4,4,4.0,4,3,4,4.0,3,4.0,4,3,3,3,4.0,3,4.0,4,3,4,4.0,4,4,4.0,3,3,4,3,3,3,4.0,4.0,4.0,4,4,4,4.0,2,3,4,3,3,3,3,3,3,4,3,4.0,4,4.0,4.0,3,4,4,3,,4,3,4.0,4,4,4.0,4,4.0,3.0,4,4.0,4,3,4.0,4,4,4,4.0,4,3,3,4.0,3,2.0,3,,4,3,3,4,3,,4.0,4,4,4.0,3,4,4,4,3,4,3.0,3,4,4,4,4,4,4.0,4.0,3,3,4,4.0,3,3,4.0,4,3,3,4,4,4.0,4.0,3,4,4,4,3,4,4,4,2.0,4.0,3,4,0.0,4.0,4.0,4.0,1.0,4.0,3.0,4,4.0,,4.0,,4,,4.0,,4.0,3,4,4,4.0,4.0,119,5,0.0523415977961432,1.1987497701783416,-0.5810979747851596
4,4,4,3,4,4,4,4,4,3,4,4,3,4,4.0,4,4,4.0,4.0,4,2,4,4,4,4,4,4,4,2,4,4,2,4,4,0,3,4.0,4,3,4,4,4,4,4,5.0,4,4,4,4,5,5.0,4,4,,4,3,4,4,4,3,3,3,5.0,4,5.0,4,,4,3,,4,3,4.0,4,4,3,4,4,4.0,4,4,4,4,4,4,4,4,3,4,4,4,3,5.0,3,5.0,3,4,4,4,3,4,4,3,4,4,4,5.0,3.0,4,4,3,4,4,3,5.0,4,4,4,4,5.0,5.0,2.0,4,4,4,4,4,4,4.0,4,5.0,3,4.0,4.0,3.0,4,4,5.0,1,4.0,4,3,4,4,4,4,4,5.0,5,5.0,4.0,5.0,4,5.0,4,4,4.0,4,4.0,4,4,5,4,3,4,4,5.0,5.0,3,4,4,5.0,4,4,5.0,5.0,5,4,5.0,4,4,4,5.0,4.0,4,4,4,4,4.0,4.0,3,4,4,4,4,4,4,3,4,4,5.0,4,4,4,5.0,4,4,4,4,4,4.0,4,5.0,5.0,4,4,4,4.0,3,4,2,5.0,3,4,4,5.0,4.0,4,5.0,5.0,,4,4,4.0,4,4,4.0,5.0,5.0,3,4,4,4,2,3,5.0,4,4,4,4,5.0,4,4,4,4.0,4,5.0,4,4,4,4,4.0,4,0.0,5,4,4,4.0,4,4,4.0,4,4,4,4,4,4,4.0,5.0,5.0,5,4,4,5.0,4,4,4,4,4,4,4,3,4,3,4,4.0,4,5.0,4.0,4,4,4,4,5.0,4,4,5.0,4,4,5.0,5,5.0,5.0,4,5.0,4,4,5.0,2,4,4,5.0,4,4,4,4.0,4,4.0,4,5.0,4,4,4,4,4,5.0,5.0,4,4,5.0,4,4,4,4,4,3,4.0,4,1,4,1,4,4,4.0,4.0,3,4,4,5.0,4,4,5.0,4,4,4,4,4,5.0,5.0,3,0,4,4,4,4,4,4,4.0,5.0,4,4,5.0,5.0,5.0,5.0,5.0,4.0,4.0,4,4.0,0.0,5.0,,4,,4.0,,5.0,4,4,4,4.0,4.0,120,5,0.0425531914893617,1.2712691771269178,-0.6054055132547432
4,4,4,4,3,4,4,4,4,4,4,4,4,4,5.0,4,4,5.0,5.0,4,4,5,4,5,2,4,4,4,4,1,4,3,4,4,4,4,4.0,4,4,4,4,5,4,4,5.0,4,4,4,4,4,5.0,4,4,,4,4,4,3,4,4,3,4,4.0,4,5.0,4,,4,4,,4,4,5.0,4,4,4,4,5,4.0,4,3,4,4,4,4,4,4,4,4,4,4,3,5.0,5,5.0,3,4,5,4,4,3,4,2,4,3,4,5.0,4.0,4,4,4,4,4,3,5.0,4,4,4,2,5.0,5.0,5.0,4,4,4,4,4,3,4.0,4,4.0,4,5.0,5.0,5.0,4,1,4.0,3,4.0,4,4,5,3,4,4,4,5.0,4,5.0,5.0,5.0,4,5.0,4,4,5.0,4,5.0,3,4,5,4,4,5,4,5.0,5.0,3,4,4,5.0,2,4,4.0,3.0,4,4,4.0,2,4,4,5.0,4.0,4,4,4,4,4.0,5.0,4,4,4,4,4,3,4,4,5,4,4.0,0,4,4,3.0,4,4,4,4,5,5.0,4,5.0,5.0,3,4,4,4.0,3,4,4,4.0,4,3,4,,5.0,4,4.0,5.0,,5,4,4.0,4,4,5.0,5.0,5.0,4,4,4,4,3,4,4.0,4,3,5,5,5.0,4,4,4,1.0,0,5.0,4,4,4,4,5.0,4,5.0,4,4,4,4.0,2,4,4.0,3,4,5,4,4,4,4.0,5.0,5.0,4,4,4,5.0,4,4,4,3,4,4,4,4,4,3,5,5.0,5,,5.0,3,4,4,4,5.0,5,4,5.0,4,4,5.0,4,5.0,5.0,4,5.0,4,4,3.0,4,3,4,5.0,4,5,4,5.0,4,4.0,4,5.0,4,4,3,4,4,5.0,5.0,4,5,5.0,4,4,4,4,4,4,4.0,4,4,4,4,4,4,4.0,5.0,4,2,4,5.0,3,4,5.0,4,4,0,4,4,4.0,5.0,3,3,3,4,4,4,3,4,5.0,5.0,4,4,5.0,5.0,5.0,,5.0,0.0,4.0,4,5.0,,5.0,,4,,5.0,,5.0,4,4,5,4.0,5.0,121,5,0.0659340659340659,1.2873458200091366,-0.6115927452554657
4,3,4,4,3,4,4,4,3,3,4,4,4,3,4.0,4,4,4.0,4.0,3,3,4,4,4,3,4,4,4,4,4,4,3,4,4,4,4,4.0,4,4,4,4,4,4,4,,4,4,4,1,4,,4,4,,4,3,3,4,4,3,2,4,3.0,4,4.0,4,,4,3,,3,3,4.0,4,4,4,4,4,4.0,4,3,3,3,4,4,4,3,3,4,4,4,3,,4,4.0,3,3,4,4,4,4,4,3,4,3,4,4.0,4.0,4,4,4,4,4,3,4.0,3,3,4,3,4.0,4.0,4.0,4,3,4,4,4,4,4.0,4,4.0,3,4.0,4.0,1.0,4,4,,3,4.0,3,3,4,3,4,4,4,,4,,,,3,4.0,4,4,4.0,4,4.0,3,4,4,4,4,4,4,4.0,,3,4,4,4.0,3,4,4.0,4.0,4,4,4.0,4,3,4,4.0,4.0,3,4,4,4,4.0,3.0,3,4,3,4,4,4,2,3,3,2,4.0,3,3,3,4.0,0,3,1,3,4,4.0,4,4.0,4.0,2,3,4,4.0,3,4,4,4.0,4,4,4,,,4,4.0,,,4,4,4.0,3,4,4.0,,4.0,1,3,4,4,3,3,4.0,4,3,4,4,4.0,4,4,3,4.0,4,4.0,4,4,3,4,4.0,4,,4,4,4,4.0,4,4,4.0,4,4,4,3,4,3,4.0,4.0,,4,4,4,,4,4,4,4,4,4,4,3,3,4,4,4.0,4,,4.0,3,0,2,4,,4,4,2.0,4,4,4.0,4,4.0,4.0,2,4.0,4,3,2.0,4,4,4,4.0,4,4,3,4.0,4,4.0,3,,2,4,4,4,4,,4.0,0,4,4.0,4,4,4,4,3,3,4.0,4,4,3,4,3,4,4.0,4.0,3,3,3,,4,4,,2,3,3,3,2,4.0,,3,4,2,3,4,4,2,0,,,4,4,4.0,4.0,4.0,,4.0,4.0,4.0,4,4.0,,4.0,,4,,4.0,,,4,3,4,4.0,3.0,122,5,0.0612244897959183,1.2030750798722045,-0.46796265384098507
4,4,4,2,4,4,4,4,4,4,4,4,4,4,4.0,4,4,4.0,4.0,4,3,4,4,4,4,4,4,4,4,4,4,4,4,4,3,4,5.0,4,3,4,4,4,4,4,5.0,4,4,4,4,4,5.0,4,4,,4,4,4,4,4,4,4,4,4.0,4,5.0,4,,4,4,,3,2,4.0,4,4,4,3,4,4.0,4,3,3,1,4,5,4,4,4,4,4,4,3,5.0,4,5.0,4,3,4,4,4,4,4,4,4,3,4,4.0,4.0,4,5,3,4,4,3,5.0,3,4,4,4,4.0,5.0,4.0,4,4,3,4,4,4,4.0,4,5.0,4,4.0,5.0,5.0,4,3,5.0,3,4.0,3,4,4,4,4,4,4,5.0,4,5.0,5.0,5.0,4,5.0,4,0,3.0,5,5.0,4,4,4,4,4,4,4,5.0,5.0,4,4,5,5.0,4,4,5.0,5.0,5,4,0.0,4,4,4,4.0,4.0,4,4,4,4,5.0,4.0,4,4,4,4,4,4,4,3,4,4,4.0,4,4,5,0.0,4,2,4,4,4,5.0,4,5.0,5.0,4,4,4,4.0,3,4,4,4.0,4,4,4,,5.0,4,4.0,5.0,,4,4,4.0,4,4,4.0,5.0,5.0,2,3,4,4,4,4,5.0,4,3,4,3,5.0,4,4,4,4.0,4,5.0,4,4,4,4,5.0,3,3.0,4,4,4,4.0,4,4,5.0,4,4,4,1,4,2,0.0,5.0,4.0,4,4,4,5.0,4,5,4,3,4,4,4,4,3,4,4,4.0,4,5.0,3.0,3,4,3,4,5.0,4,3,4.0,4,4,5.0,4,4.0,4.0,4,5.0,4,4,4.0,5,4,4,5.0,4,4,4,4.0,4,4.0,3,5.0,4,4,4,4,4,5.0,5.0,4,4,5.0,4,4,4,4,4,4,5.0,4,4,4,4,4,4,5.0,4.0,4,4,4,5.0,4,4,5.0,4,3,2,4,3,5.0,5.0,3,4,4,4,4,4,4,4,4.0,5.0,4,4,4.0,5.0,4.0,5.0,3.0,5.0,4.0,4,4.0,,5.0,,4,,5.0,,5.0,4,4,4,4.0,4.0,123,5,0.056910569105691,1.2596153846153846,-0.5275554300712613
6,6,6,6,6,5,6,6,6,5,6,6,5,6,6.0,6,6,6.0,7.0,6,5,7,6,6,5,6,6,6,6,6,6,6,6,7,6,6,7.0,7,6,7,6,6,5,6,7.0,6,6,6,6,7,7.0,6,5,,6,6,6,6,6,6,6,6,6.0,7,7.0,6,,6,6,,5,5,6.0,6,6,4,6,6,5.0,6,6,6,5,6,6,6,6,6,5,6,3,6,7.0,6,7.0,6,5,7,6,6,6,5,6,6,5,6,6.0,7.0,6,7,6,6,7,5,0.0,5,6,6,6,7.0,7.0,6.0,7,6,6,6,6,6,6.0,6,6.0,6,7.0,6.0,7.0,5,7,7.0,6,3.0,6,6,4,5,1,6,6,7.0,6,7.0,7.0,7.0,6,7.0,6,6,7.0,0,6.0,6,6,6,6,6,5,7,7.0,7.0,6,6,6,7.0,5,6,7.0,7.0,6,6,7.0,6,6,6,7.0,6.0,6,6,6,6,7.0,6.0,5,6,6,6,6,6,6,5,6,6,7.0,6,6,6,7.0,4,6,5,6,6,7.0,2,7.0,7.0,6,6,6,6.0,6,6,7,6.0,6,6,7,,7.0,6,6.0,7.0,7.0,6,6,7.0,6,6,6.0,7.0,7.0,6,6,6,6,6,6,7.0,6,6,6,7,7.0,6,6,6,7.0,6,7.0,6,6,6,6,7.0,6,7.0,7,6,7,6.0,6,6,5.0,6,6,6,6,6,6,7.0,7.0,7.0,6,6,7,7.0,6,7,6,6,6,6,6,6,6,6,6,5.0,7,7.0,7.0,6,6,6,6,7.0,6,6,7.0,6,6,7.0,6,7.0,7.0,6,7.0,6,6,7.0,7,5,6,7.0,6,6,5,4.0,3,6.0,6,7.0,6,6,6,6,6,7.0,7.0,6,6,7.0,6,7,7,6,6,6,7.0,6,6,6,6,7,7,7.0,6.0,6,0,6,7.0,5,6,7.0,6,6,4,6,6,7.0,7.0,6,6,6,6,6,6,6,6,5.0,7.0,6,6,6.0,7.0,3.0,7.0,6.0,6.0,6.0,7,6.0,,7.0,,6,,6.0,,0.0,6,6,7,6.0,7.0,124,5,0.0831024930747922,1.3388017118402284,-0.5744156312853534
4,4,3,3,3,4,2,4,4,4,3,3,4,3,4.0,4,3,4.0,4.0,3,3,4,3,4,4,3,4,4,4,4,4,4,4,4,4,3,4.0,4,4,4,4,4,4,4,,4,3,4,4,4,4.0,3,1,,3,3,3,4,3,4,3,4,4.0,4,4.0,4,,4,3,,3,3,4.0,4,4,4,4,4,4.0,4,3,3,3,4,4,3,3,3,4,4,4,3,,4,,3,3,3,4,2,4,4,4,3,3,4,4.0,4.0,3,4,4,3,0,4,4.0,3,3,4,3,4.0,4.0,4.0,4,3,3,4,2,3,4.0,4,4.0,3,4.0,4.0,4.0,4,4,,4,4.0,4,3,4,4,4,3,4,4.0,3,4.0,4.0,4.0,4,3.0,3,4,4.0,4,4.0,3,4,4,0,4,4,4,4.0,,4,3,4,4.0,2,4,4.0,4.0,3,4,4.0,4,4,4,0.0,4.0,4,4,3,4,4.0,2.0,3,4,4,4,4,3,4,2,4,3,4.0,4,3,3,4.0,4,4,4,4,3,4.0,4,4.0,,3,4,4,4.0,3,4,4,4.0,3,3,4,,,4,4.0,,,4,4,4.0,4,4,4.0,,4.0,4,4,4,4,3,4,4.0,4,3,4,4,,4,4,4,,4,4.0,4,3,4,4,4.0,4,,3,4,3,4.0,3,4,4.0,4,3,4,4,4,4,,4.0,,4,3,3,,4,4,4,4,4,4,4,4,4,4,4,4.0,4,,,3,4,4,4,,3,3,4.0,4,4,4.0,4,4.0,4.0,4,,1,4,4.0,4,4,4,4.0,1,4,4,4.0,4,4.0,4,,4,1,2,4,4,,4.0,4,4,4.0,4,4,4,4,2,4,4.0,4,4,3,4,4,4,4.0,4.0,3,4,3,,3,3,,2,3,3,4,3,4.0,4.0,4,4,4,3,4,4,3,4,4.0,,0,4,4.0,4.0,4.0,,4.0,4.0,4.0,4,4.0,,4.0,,3,,4.0,,,4,4,4,4.0,4.0,125,5,0.0737463126843657,1.2208137395215701,-0.45258880443337174
3,3,3,3,3,3,3,3,0,3,3,3,3,2,3.0,3,3,3.0,4.0,3,2,3,3,3,3,3,3,3,3,3,3,2,0,4,3,2,3.0,4,3,4,2,3,4,3,4.0,4,3,3,3,3,4.0,3,2,,3,2,4,3,3,2,3,3,3.0,3,4.0,3,,4,3,,2,3,0.0,3,1,3,3,3,3.0,4,3,3,3,3,3,3,3,3,3,3,4,2,4.0,3,4.0,3,3,3,3,3,3,3,3,3,2,3,4.0,4.0,3,3,3,3,3,3,4.0,3,3,3,3,4.0,4.0,4.0,4,3,3,3,3,3,4.0,3,3.0,3,4.0,2.0,3.0,3,4,4.0,3,3.0,3,1,3,3,3,4,3,4.0,3,4.0,4.0,4.0,3,4.0,3,4,4.0,3,4.0,3,4,4,3,3,3,3,4.0,4.0,1,3,4,4.0,3,4,4.0,4.0,4,3,4.0,3,3,3,4.0,4.0,2,3,3,3,3.0,3.0,2,3,2,3,3,3,3,2,4,3,4.0,3,3,3,4.0,3,3,3,3,3,4.0,1,3.0,4.0,3,4,4,3.0,3,3,4,4.0,3,3,3,,4.0,4,4.0,4.0,,3,3,3.0,3,3,4.0,4.0,4.0,3,4,3,3,3,3,3.0,3,3,4,4,4.0,3,3,2,4.0,4,4.0,3,3,3,3,4.0,3,4.0,1,4,4,3.0,3,3,4.0,3,4,4,3,3,3,4.0,4.0,4.0,3,3,3,4.0,3,3,3,2,3,3,3,3,3,3,3,4.0,4,,4.0,3,3,3,3,,3,3,4.0,3,3,3.0,4,4.0,4.0,3,4.0,3,3,4.0,3,4,4,4.0,4,2,3,4.0,3,3.0,3,4.0,4,3,1,2,3,,4.0,4,3,4.0,3,4,4,3,3,2,4.0,3,4,4,3,4,4,4.0,3.0,3,4,0,4.0,3,3,4.0,3,3,3,3,2,4.0,4.0,3,3,3,3,4,3,3,3,4.0,4.0,3,3,4.0,4.0,4.0,4.0,4.0,4.0,4.0,4,3.0,,4.0,,3,,4.0,,4.0,3,3,3,4.0,4.0,126,5,0.0375335120643431,1.223453779649745,-0.6705304113903173
2,3,3,3,3,3,3,1,3,2,3,3,3,0,3.0,3,3,3.0,4.0,3,2,3,3,4,3,3,2,3,0,3,3,2,3,4,3,3,3.0,4,3,4,4,4,3,4,4.0,3,3,4,3,4,4.0,3,3,,3,3,3,3,3,3,2,3,4.0,3,4.0,3,,3,3,,3,2,3.0,4,3,3,3,1,4.0,4,3,3,3,3,4,3,3,2,3,4,3,2,4.0,3,4.0,3,3,1,3,3,4,3,3,3,3,2,4.0,4.0,3,3,3,3,4,3,4.0,3,3,4,3,4.0,4.0,4.0,4,3,3,4,3,4,4.0,2,4.0,3,4.0,4.0,3.0,3,4,4.0,3,4.0,4,3,4,3,3,4,4,4.0,4,4.0,4.0,4.0,3,4.0,4,4,3.0,3,4.0,3,4,4,3,3,4,4,4.0,4.0,2,0,4,4.0,3,4,2.0,4.0,3,3,4.0,4,3,3,4.0,4.0,3,4,3,3,4.0,4.0,2,3,3,1,3,3,3,3,4,3,3.0,3,3,3,3.0,3,3,3,2,4,4.0,3,4.0,4.0,3,3,3,3.0,1,3,3,4.0,3,3,4,,4.0,3,4.0,4.0,,3,3,4.0,2,3,4.0,4.0,4.0,1,3,4,3,3,3,4.0,4,3,4,4,4.0,3,3,3,4.0,3,4.0,4,3,3,3,4.0,3,4.0,4,3,3,4.0,3,3,3.0,4,3,4,3,3,3,4.0,4.0,4.0,4,3,3,4.0,3,3,3,3,4,3,3,3,3,4,3,3.0,3,4.0,4.0,2,4,3,3,,4,3,4.0,3,3,4.0,3,4.0,4.0,3,4.0,3,4,4.0,4,4,4,4.0,4,3,3,1.0,4,3.0,3,4.0,4,3,3,4,3,,4.0,3,4,4.0,3,3,4,4,3,3,3.0,4,0,3,4,4,4,4.0,3.0,3,3,3,4.0,3,3,4.0,3,3,3,4,3,4.0,4.0,2,3,3,3,4,3,3,3,4.0,4.0,3,3,4.0,4.0,4.0,,4.0,4.0,3.0,3,4.0,,4.0,,4,,3.0,,,3,3,4,4.0,4.0,127,5,0.0432432432432432,1.2416272858023423,-0.6587023299474737
4,4,4,3,4,4,4,4,3,3,3,4,1,3,4.0,4,3,4.0,4.0,4,3,4,4,4,4,4,3,2,4,4,4,4,4,4,2,4,4.0,4,3,4,4,4,3,4,5.0,4,4,4,4,4,4.0,4,4,,4,4,4,4,4,3,4,4,4.0,4,5.0,4,,4,4,,3,3,2.0,3,4,3,4,4,4.0,4,3,4,2,4,4,4,4,3,4,4,4,3,3.0,4,5.0,3,3,4,4,4,4,4,4,4,3,4,4.0,2.0,4,4,4,4,4,4,5.0,4,4,4,4,4.0,4.0,4.0,4,4,4,4,4,4,4.0,3,5.0,4,4.0,4.0,4.0,4,4,5.0,3,5.0,4,3,4,4,4,3,4,5.0,4,4.0,5.0,4.0,4,5.0,4,5,4.0,4,0.0,4,4,4,4,4,4,4,5.0,5.0,4,4,5,5.0,4,4,4.0,5.0,4,4,4.0,4,4,4,5.0,5.0,3,4,4,4,5.0,4.0,3,4,4,4,4,4,4,4,4,4,5.0,4,4,4,5.0,4,4,4,4,4,4.0,4,4.0,5.0,3,3,4,4.0,4,4,4,4.0,4,3,4,5.0,4.0,4,5.0,5.0,,4,4,4.0,4,0,1.0,5.0,5.0,4,4,4,4,4,4,4.0,4,3,4,4,5.0,4,4,2,4.0,4,5.0,4,3,3,4,5.0,4,4.0,4,4,4,0.0,4,4,5.0,4,4,4,4,4,4,4.0,4.0,5.0,4,4,4,5.0,4,4,4,4,4,3,4,3,2,4,4,4.0,4,5.0,4.0,3,4,4,4,5.0,4,4,5.0,4,4,5.0,4,5.0,5.0,4,5.0,4,4,5.0,5,4,4,5.0,4,4,3,4.0,4,4.0,4,5.0,4,4,4,4,4,5.0,5.0,4,4,5.0,4,4,4,4,4,4,5.0,4,4,4,4,4,4,4.0,4.0,4,4,4,5.0,3,4,5.0,4,4,4,4,4,4.0,5.0,4,5,4,4,4,5,4,4,5.0,5.0,4,4,4.0,5.0,4.0,5.0,4.0,5.0,4.0,4,5.0,,5.0,,4,,4.0,,5.0,4,0,2,4.0,5.0,128,5,0.0454545454545454,1.228765837634913,-0.5939898878361847
2,0,3,2,2,3,3,2,2,3,2,3,2,2,2.0,2,2,3.0,3.0,3,1,3,3,3,3,3,2,3,3,3,3,3,3,3,2,3,3.0,3,3,3,3,3,3,3,,3,3,3,3,3,,3,2,,3,3,3,3,2,2,2,3,3.0,3,,3,,3,2,,3,2,3.0,3,3,3,3,3,3.0,2,2,3,3,2,3,3,3,2,3,3,3,1,,3,,2,2,3,3,3,3,3,2,3,2,3,3.0,3.0,3,3,3,3,3,2,3.0,2,3,3,2,3.0,3.0,3.0,3,3,2,3,3,3,3.0,3,3.0,2,3.0,3.0,3.0,3,3,,2,3.0,3,1,3,3,3,3,3,3.0,3,3.0,3.0,,3,,3,3,3.0,3,3.0,2,3,3,3,2,3,3,,,2,3,3,3.0,2,3,3.0,3.0,3,3,3.0,3,2,3,3.0,3.0,3,3,3,3,3.0,3.0,2,2,3,3,3,3,3,2,3,2,3.0,3,3,3,,3,3,3,3,3,3.0,3,3.0,,1,2,3,2.0,2,3,3,2.0,3,3,3,,,3,3.0,,,3,3,3.0,3,3,3.0,,,2,2,3,2,3,3,3.0,3,2,3,3,,1,2,2,3.0,3,3.0,3,3,3,2,3.0,0,3.0,3,3,3,3.0,3,3,3.0,3,3,3,2,3,3,2.0,3.0,,3,3,3,,3,3,3,2,3,2,2,3,3,2,3,3.0,3,3.0,,3,3,3,3,,3,1,,3,3,3.0,3,3.0,3.0,0,3.0,3,3,0.0,3,3,3,3.0,3,2,3,3.0,3,3.0,2,,3,3,3,3,3,3.0,3.0,3,3,3.0,1,3,3,3,3,3,3.0,2,3,3,3,2,3,3.0,3.0,1,3,2,,3,3,3.0,2,3,2,3,3,3.0,,3,3,3,3,3,3,2,3,3.0,3.0,3,3,3.0,,3.0,,3.0,3.0,3.0,3,3.0,,,,3,3.0,3.0,,1.0,3,3,3,3.0,3.0,129,5,0.0521739130434782,1.182679296346414,-0.44294145339179164
4,4,2,3,2,4,4,4,3,4,3,3,3,3,4.0,4,4,4.0,4.0,4,3,4,3,4,3,4,3,3,3,3,4,3,3,4,3,3,4.0,4,4,4,4,4,2,1,4.0,2,3,3,3,4,4.0,4,3,,3,3,4,3,4,0,3,2,4.0,4,4.0,4,,4,3,,3,3,4.0,4,4,3,4,4,3.0,3,3,4,4,4,3,1,3,3,4,4,4,2,4.0,4,,3,2,4,3,4,3,3,4,4,3,3,4.0,4.0,1,4,3,4,4,3,4.0,3,3,4,4,4.0,4.0,4.0,4,3,3,4,3,4,4.0,3,4.0,3,4.0,4.0,4.0,3,4,4.0,3,4.0,4,3,4,3,4,4,4,4.0,4,4.0,4.0,4.0,3,,4,4,4.0,4,1.0,3,4,4,3,4,4,4,4.0,4.0,4,4,4,4.0,3,4,4.0,4.0,4,4,4.0,3,3,3,4.0,4.0,3,4,3,4,4.0,4.0,3,3,3,3,4,3,4,3,4,3,4.0,4,3,4,4.0,4,4,3,3,4,4.0,4,4.0,4.0,4,4,4,4.0,3,4,4,4.0,2,3,4,,4.0,4,4.0,,,2,4,0.0,4,4,4.0,0.0,4.0,4,4,3,3,3,3,4.0,4,3,4,4,0.0,4,4,3,4.0,4,4.0,4,4,3,4,4.0,3,4.0,4,4,4,4.0,3,4,4.0,4,4,4,3,3,2,4.0,4.0,4.0,4,4,4,4.0,3,3,3,3,4,4,4,3,3,2,4,4.0,4,,4.0,3,4,3,3,,4,3,4.0,4,3,4.0,4,4.0,4.0,3,4.0,3,3,4.0,1,3,4,4.0,4,3,3,4.0,4,4.0,3,,4,3,4,4,4,,4.0,4,4,4.0,3,4,4,4,4,4,4.0,4,4,4,3,4,4,3.0,3.0,3,4,2,4.0,3,3,4.0,3,3,3,4,3,4.0,3.0,3,4,4,4,4,4,4,4,4.0,4.0,3,4,4.0,4.0,4.0,,4.0,4.0,4.0,4,4.0,,4.0,,4,,3.0,,,1,3,4,4.0,,130,5,0.0704225352112676,1.190414267137284,-0.5799277589476604
4,4,5,4,4,4,5,4,4,4,4,4,4,2,4.0,4,4,4.0,5.0,4,3,4,4,5,4,4,4,4,4,4,4,4,5,4,5,4,5.0,4,4,4,5,5,5,5,5.0,5,4,4,4,5,5.0,5,4,,4,4,2,4,4,4,4,4,5.0,5,5.0,4,,5,4,,3,4,4.0,5,4,4,4,5,5.0,5,3,4,4,5,5,4,4,4,4,5,5,3,5.0,5,,4,4,3,4,5,4,5,4,4,3,4,5.0,5.0,0,4,4,5,5,4,5.0,4,4,4,5,4.0,5.0,5.0,5,4,3,4,4,5,5.0,4,5.0,4,5.0,4.0,1.0,3,5,5.0,4,4.0,5,4,5,4,5,4,4,5.0,5,5.0,5.0,5.0,4,5.0,1,5,5.0,5,5.0,4,5,5,4,4,5,5,5.0,,4,4,5,2.0,4,5,5.0,5.0,5,5,5.0,4,5,4,5.0,4.0,4,5,5,4,4.0,4.0,4,4,4,4,4,4,4,3,4,3,5.0,4,5,5,5.0,4,4,4,4,4,4.0,4,5.0,5.0,4,4,5,4.0,4,4,5,5.0,4,4,5,,5.0,4,5.0,,,4,4,4.0,4,4,5.0,5.0,5.0,3,3,4,4,3,1,0.0,5,4,2,5,5.0,4,5,5,5.0,5,5.0,5,4,4,4,5.0,4,5.0,4,4,5,4.0,5,5,5.0,5,4,5,4,4,4,5.0,5.0,5.0,4,5,4,5.0,4,5,4,4,5,4,5,4,5,5,4,4.0,5,5.0,5.0,4,5,5,0,,3,4,4.0,4,4,5.0,4,5.0,5.0,4,5.0,5,4,5.0,5,5,4,5.0,4,4,4,5.0,5,3.0,4,4.0,4,4,4,4,4,,5.0,4,5,5.0,4,5,5,4,4,4,5.0,4,4,4,4,5,5,4.0,5.0,4,5,4,5.0,4,5,5.0,4,4,4,4,4,5.0,5.0,4,5,5,4,4,4,2,4,5.0,5.0,4,4,5.0,5.0,5.0,,5.0,5.0,5.0,5,5.0,,5.0,,5,,5.0,,5.0,4,3,5,5.0,0.0,131,5,0.0520547945205479,1.2732272637988606,-0.5764309237667272
4,4,4,3,3,3,4,4,3,4,4,3,4,3,4.0,4,4,4.0,4.0,4,4,5,4,5,4,4,4,4,4,4,4,4,3,4,3,3,5.0,4,4,5,4,4,4,4,5.0,4,4,4,2,4,5.0,4,3,,4,3,4,4,4,4,4,4,5.0,4,5.0,4,,4,4,,3,3,4.0,0,4,3,4,4,4.0,0,3,4,3,3,4,4,3,4,4,4,3,2,4.0,4,5.0,1,4,4,4,4,4,4,4,4,4,4,5.0,4.0,4,4,4,4,4,4,5.0,4,4,3,4,4.0,5.0,4.0,4,4,3,4,4,4,4.0,4,4.0,4,5.0,5.0,4.0,4,5,5.0,3,5.0,3,4,4,4,4,4,4,4.0,5,4.0,5.0,5.0,4,5.0,4,5,5.0,4,4.0,4,4,4,4,4,4,4,5.0,5.0,4,4,5,4.0,4,0,4.0,4.0,4,4,5.0,4,4,4,5.0,4.0,4,4,4,4,5.0,4.0,4,4,4,4,4,4,4,3,4,4,4.0,4,4,4,5.0,4,4,4,4,4,4.0,4,4.0,5.0,4,4,4,5.0,3,4,4,5.0,4,3,4,5.0,5.0,4,5.0,5.0,,3,4,5.0,4,1,5.0,5.0,5.0,4,5,4,4,4,4,5.0,4,3,4,5,5.0,4,5,4,4.0,5,4.0,4,4,4,4,5.0,4,5.0,4,4,4,4.0,4,4,5.0,4,4,4,4,4,4,5.0,5.0,5.0,4,4,4,1.0,4,4,4,4,4,4,2,0,4,4,4,4.0,4,5.0,5.0,4,4,4,4,5.0,4,4,5.0,4,4,5.0,4,5.0,3.0,4,5.0,4,4,5.0,4,5,4,4.0,4,3,4,4.0,4,5.0,4,,4,4,4,4,4,5.0,4.0,5,4,5.0,4,4,4,4,4,4,5.0,4,4,3,4,4,4,5.0,5.0,4,4,4,5.0,4,3,5.0,4,4,4,4,3,4.0,5.0,4,4,4,4,2,4,4,4,5.0,5.0,4,4,5.0,5.0,5.0,5.0,5.0,5.0,5.0,4,4.0,,5.0,,4,,5.0,,5.0,4,4,4,4.0,5.0,132,5,0.0655737704918032,1.307838932570884,-0.61589010885959
3,4,4,3,3,4,3,4,1,3,2,3,3,3,2.0,4,3,4.0,4.0,3,3,4,4,4,4,3,0,2,4,4,3,3,4,4,3,3,3.0,4,0,4,4,4,4,4,4.0,3,3,4,4,4,4.0,1,3,,3,3,4,3,3,3,3,4,4.0,4,4.0,3,,4,2,,3,2,4.0,3,3,3,3,4,4.0,4,3,3,2,3,4,3,4,3,4,3,3,3,4.0,3,,4,3,3,2,3,4,4,4,4,3,3,4.0,2.0,3,4,4,3,3,3,4.0,3,4,4,3,4.0,4.0,4.0,4,4,3,4,0,3,4.0,3,4.0,3,4.0,4.0,4.0,4,4,,3,4.0,4,3,3,4,3,4,3,4.0,4,4.0,3.0,3.0,3,,4,4,4.0,4,4.0,3,4,4,4,3,4,2,4.0,,4,4,4,4.0,3,4,4.0,4.0,4,4,4.0,4,4,4,4.0,4.0,3,4,3,3,4.0,4.0,2,3,3,4,4,4,4,3,3,3,4.0,4,4,4,4.0,4,4,4,4,4,4.0,3,4.0,,4,3,4,4.0,3,4,4,4.0,3,3,4,,4.0,4,4.0,0.0,,4,3,4.0,4,4,4.0,,4.0,3,4,4,4,4,4,4.0,4,3,4,4,,3,4,3,4.0,4,4.0,3,3,3,4,4.0,3,4.0,4,4,4,4.0,4,4,4.0,4,4,4,3,4,4,4.0,4.0,4.0,4,4,4,,4,3,2,3,4,3,3,3,1,4,4,4.0,4,,4.0,3,4,4,2,,4,3,4.0,4,4,4.0,4,4.0,4.0,4,4.0,4,4,4.0,4,4,4,4.0,4,3,4,4.0,4,4.0,4,,4,3,4,4,3,,4.0,4,4,4.0,4,4,4,4,4,3,4.0,4,4,4,4,4,4,4.0,3.0,4,4,4,3.0,4,4,4.0,4,3,4,4,4,4.0,4.0,4,4,4,4,4,4,3,4,3.0,4.0,4,3,4.0,4.0,4.0,,3.0,4.0,4.0,4,4.0,,4.0,3.0,4,,3.0,,,4,3,4,4.0,4.0,133,5,0.0649717514124293,1.2243589743589745,-0.4874009362517525
1,4,4,3,3,4,3,4,3,4,4,4,4,4,4.0,4,4,4.0,4.0,4,3,4,4,4,4,4,3,3,3,4,4,4,4,4,3,3,4.0,4,4,4,4,4,4,2,3.0,4,4,4,1,4,4.0,4,4,,4,3,4,4,4,2,3,4,4.0,4,,4,,4,4,,4,3,4.0,4,4,4,4,4,4.0,4,3,4,3,4,4,3,3,4,4,4,4,3,4.0,1,4.0,4,3,4,4,4,4,4,3,3,2,4,4.0,4.0,4,4,4,4,4,3,4.0,3,3,4,4,4.0,,4.0,4,3,4,3,4,4,4.0,4,4.0,3,2.0,4.0,4.0,3,4,4.0,4,4.0,4,1,4,4,2,4,4,4.0,4,4.0,,,3,2.0,3,4,4.0,4,3.0,4,4,4,4,4,4,4,,,4,4,4,,3,4,4.0,4.0,4,4,,4,4,4,4.0,4.0,3,4,4,3,,4.0,3,4,3,4,4,4,4,3,4,3,4.0,4,4,4,4.0,3,4,4,4,4,4.0,4,4.0,,4,4,4,4.0,4,4,4,4.0,4,3,4,,,4,0.0,,0.0,4,4,4.0,4,4,4.0,,4.0,4,4,4,4,0,4,4.0,4,2,4,4,,4,4,4,,4,,4,4,3,4,,4,,4,4,4,4.0,4,4,4.0,4,4,4,4,3,4,4.0,,,4,4,4,,4,4,4,4,4,4,4,3,3,4,4,4.0,4,,,4,4,4,4,,4,4,4.0,4,3,4.0,4,4.0,,4,,4,4,4.0,4,4,4,4.0,4,4,4,4.0,4,4.0,3,,4,3,4,2,4,,4.0,4,4,,4,4,4,4,4,4,4.0,3,4,4,0,4,4,4.0,4.0,3,4,3,,4,3,,4,3,3,4,3,4.0,4.0,3,4,4,4,4,4,4,4,4.0,,4,4,4.0,4.0,4.0,,4.0,4.0,4.0,4,4.0,,,,4,,4.0,,,4,4,4,4.0,,134,5,0.0380116959064327,1.2635640785781104,-0.42491198021621823
4,3,4,3,3,3,3,3,4,4,3,3,4,3,4.0,4,4,4.0,4.0,1,2,4,4,4,4,3,3,3,3,4,4,3,4,4,3,3,4.0,4,3,4,4,4,4,4,2.0,2,3,4,3,4,4.0,4,3,,4,3,4,3,3,3,3,3,4.0,4,4.0,4,,3,3,,3,2,4.0,4,4,3,4,4,3.0,1,2,4,3,3,4,3,4,3,4,4,0,3,4.0,3,4.0,3,3,4,3,4,3,0,3,4,3,3,4.0,4.0,3,4,3,4,3,3,4.0,3,4,4,3,4.0,4.0,4.0,4,3,4,4,4,4,4.0,2,4.0,3,4.0,4.0,4.0,3,4,4.0,3,4.0,4,3,4,4,4,4,4,4.0,4,3.0,4.0,4.0,1,4.0,4,4,4.0,4,4.0,3,2,3,4,4,4,3,4.0,,3,4,4,4.0,3,4,4.0,4.0,4,4,4.0,4,4,3,4.0,4.0,3,3,3,4,4.0,3.0,3,3,3,4,4,4,3,3,4,3,4.0,3,3,4,4.0,3,4,2,0,4,4.0,4,4.0,4.0,2,3,3,4.0,3,3,4,4.0,3,3,3,,4.0,4,4.0,,,3,3,4.0,4,4,0.0,,4.0,3,4,3,4,4,4,3.0,4,3,4,4,4.0,4,3,3,4.0,4,4.0,3,3,4,3,4.0,3,4.0,4,4,4,4.0,4,3,4.0,4,4,4,3,4,3,4.0,4.0,4.0,4,4,4,4.0,3,4,4,2,3,3,3,3,2,4,4,4.0,3,,4.0,3,4,3,3,,4,4,4.0,3,4,4.0,4,4.0,4.0,4,4.0,4,4,4.0,4,4,4,4.0,4,4,3,4.0,4,4.0,4,,3,3,4,4,3,,4.0,2,4,2.0,3,2,4,3,4,3,4.0,4,4,4,4,4,4,4.0,4.0,3,4,4,4.0,3,3,,3,2,3,3,3,4.0,4.0,3,4,3,3,4,4,3,4,3.0,,3,3,1.0,4.0,4.0,4.0,4.0,1.0,4.0,4,4.0,,4.0,,3,,4.0,,4.0,3,1,4,4.0,4.0,135,5,0.0554016620498614,1.1980730035204743,-0.5384143300630455
3,3,4,3,3,4,3,4,3,3,4,3,3,3,4.0,4,4,4.0,4.0,4,3,1,4,4,3,4,3,3,3,3,3,3,4,4,4,4,4.0,4,3,4,3,4,4,4,4.0,4,3,4,3,4,4.0,3,3,0.0,4,4,3,3,4,3,3,3,4.0,3,4.0,2,,4,4,,3,3,4.0,4,4,4,3,4,4.0,4,2,2,3,4,4,4,4,3,4,4,4,3,4.0,3,,3,3,4,3,1,4,4,3,3,3,4,4.0,4.0,3,4,4,3,3,3,1.0,0,3,3,3,3.0,4.0,4.0,4,3,3,3,4,4,4.0,4,4.0,3,4.0,4.0,4.0,3,4,4.0,4,4.0,4,3,4,3,3,3,3,4.0,4,4.0,4.0,4.0,3,,1,4,4.0,4,4.0,3,4,4,4,3,4,4,4.0,,3,3,4,4.0,3,4,4.0,4.0,4,4,4.0,3,4,3,4.0,4.0,3,4,3,3,4.0,4.0,2,3,3,3,4,3,4,3,4,2,4.0,4,0,1,4.0,3,4,3,4,4,4.0,4,4.0,4.0,3,4,4,4.0,2,3,4,0.0,3,2,4,,4.0,4,4.0,,,3,3,4.0,3,4,4.0,4.0,3.0,3,3,4,3,2,3,2.0,4,3,4,4,4.0,4,4,4,4.0,4,4.0,4,3,4,4,4.0,3,4.0,1,4,3,4.0,4,3,4.0,3,4,4,4,3,3,4.0,4.0,4.0,4,4,3,,3,4,4,3,4,3,4,3,3,4,4,4.0,4,,4.0,3,4,4,3,,4,4,4.0,4,3,4.0,3,4.0,4.0,4,4.0,3,4,4.0,4,4,3,4.0,4,4,4,4.0,4,4.0,4,3.0,4,2,4,3,3,2.0,4.0,4,4,4.0,4,3,4,4,3,3,4.0,4,4,3,3,1,4,4.0,3.0,3,3,3,4.0,3,3,4.0,4,3,3,4,3,4.0,4.0,3,4,3,4,3,4,3,3,4.0,4.0,2,4,4.0,4.0,4.0,,4.0,4.0,4.0,4,4.0,,4.0,,3,2.0,4.0,,,3,4,4,4.0,4.0,136,5,0.0609418282548476,1.2163970998326827,-0.5455848758951146
3,3,3,3,3,4,3,4,4,3,3,4,4,3,4.0,4,4,4.0,3.0,3,3,4,3,4,3,3,3,3,3,0,3,3,1,4,3,3,4.0,4,2,3,3,3,4,4,4.0,4,3,3,3,3,4.0,3,2,,2,3,3,3,3,3,3,3,4.0,3,4.0,4,,4,4,,3,3,4.0,4,3,3,3,4,3.0,1,3,3,3,4,3,3,3,3,4,3,4,3,4.0,3,4.0,3,2,3,2,3,3,3,3,4,2,3,0.0,3.0,3,4,3,4,4,2,4.0,3,4,4,4,3.0,4.0,4.0,3,3,3,4,3,3,4.0,4,4.0,2,2.0,4.0,4.0,3,4,4.0,3,3.0,4,3,3,3,4,3,3,4.0,4,4.0,4.0,4.0,3,,4,4,3.0,3,3.0,3,4,4,4,4,3,4,4.0,4.0,3,4,3,4.0,3,4,3.0,4.0,4,4,4.0,3,4,3,4.0,4.0,3,3,0,3,4.0,4.0,2,3,3,4,4,3,4,3,4,3,4.0,3,1,3,0.0,3,4,4,4,4,3.0,4,4.0,4.0,3,3,3,3.0,3,3,3,4.0,3,2,4,,4.0,4,4.0,,,4,3,4.0,3,4,4.0,,4.0,4,4,3,4,3,4,4.0,4,3,4,4,4.0,3,2,3,4.0,4,4.0,1,3,3,4,4.0,3,4.0,3,3,3,4.0,3,3,4.0,3,4,4,4,3,3,4.0,4.0,4.0,3,1,4,4.0,3,4,4,3,4,3,3,2,3,3,3,4.0,3,4.0,3.0,3,4,4,3,,4,3,4.0,1,4,4.0,3,4.0,2.0,3,4.0,3,3,4.0,4,3,3,4.0,4,4,3,4.0,4,3.0,4,,4,3,4,3,4,,4.0,4,4,4.0,4,4,4,3,4,3,4.0,4,1,4,3,3,3,4.0,3.0,2,4,3,4.0,3,3,4.0,4,2,3,4,3,4.0,4.0,3,4,3,3,3,4,3,4,4.0,4.0,3,3,4.0,4.0,4.0,,4.0,4.0,4.0,4,4.0,,4.0,,3,,4.0,4.0,,3,4,4,4.0,4.0,137,5,0.0550964187327823,1.198051948051948,-0.5804480426233966
5,5,5,5,4,5,5,5,4,5,5,5,5,4,5.0,5,4,5.0,,4,3,4,4,5,5,5,2,5,5,5,5,4,5,5,4,3,5.0,5,5,5,5,5,5,5,,5,5,5,5,5,5.0,5,5,,5,4,5,5,5,4,5,5,5.0,5,,5,,5,4,,4,4,5.0,5,4,2,5,5,5.0,5,4,5,4,5,5,5,5,4,5,5,5,4,5.0,4,,4,5,3,5,2,5,5,4,5,4,5,,5.0,4,5,4,5,4,4,,5,4,5,5,5.0,,5.0,0,5,5,3,4,5,5.0,5,5.0,5,5.0,5.0,4.0,5,5,4.0,4,5.0,5,5,5,5,5,4,5,5.0,5,5.0,,3.0,5,,5,5,,5,5.0,4,5,5,5,4,5,5,5.0,,4,5,4,,5,5,5.0,5.0,5,5,5.0,5,5,5,,5.0,4,5,4,5,5.0,5.0,4,5,4,5,5,5,5,4,5,4,4.0,5,5,5,,5,5,5,5,5,5.0,0,3.0,,4,5,5,4.0,4,5,5,,5,4,5,,,5,5.0,,,5,5,5.0,5,5,4.0,,,4,5,5,4,4,5,5.0,5,4,5,5,,5,5,5,5.0,5,,5,5,5,5,5.0,5,,5,4,5,5.0,5,5,5.0,5,5,5,5,5,3,5.0,,,5,5,5,4.0,5,5,5,4,5,5,5,4,4,5,4,5.0,5,0.0,5.0,4,5,5,5,,5,5,5.0,5,5,,5,5.0,,5,,5,5,,5,5,5,,5,5,5,5.0,5,5.0,5,,5,4,5,5,5,,,5,5,,5,5,5,5,5,3,5.0,5,5,5,5,5,5,5.0,5.0,5,5,5,,5,5,,3,5,4,5,0,5.0,5.0,4,5,5,5,5,5,5,5,,5.0,5,5,5.0,,5.0,,5.0,5.0,5.0,5,5.0,,,,5,,5.0,,,5,5,5,5.0,5.0,138,5,0.0707692307692307,1.2865940312648034,-0.3463176196762492
3,3,0,3,3,4,3,4,4,4,4,4,4,4,4.0,4,3,4.0,4.0,3,3,4,3,3,3,4,3,1,3,3,3,3,3,4,3,3,3.0,4,3,4,4,3,4,4,4.0,3,3,4,4,4,4.0,3,3,,3,3,4,3,4,3,3,3,4.0,4,4.0,3,,4,4,,3,3,4.0,4,4,3,4,4,4.0,4,3,3,3,4,4,4,3,3,4,4,4,3,4.0,3,,3,3,4,4,3,3,3,3,2,2,3,4.0,4.0,3,4,3,4,3,2,4.0,2,3,4,4,4.0,4.0,4.0,4,4,3,3,4,3,4.0,4,4.0,3,4.0,4.0,4.0,3,4,4.0,3,4.0,4,3,3,3,4,3,3,4.0,4,4.0,4.0,4.0,3,,4,3,4.0,4,4.0,3,4,4,4,3,4,4,4.0,4.0,3,3,4,4.0,3,3,4.0,4.0,4,4,4.0,4,4,3,4.0,4.0,3,4,3,3,4.0,4.0,2,3,3,4,3,3,4,1,4,3,4.0,4,0,3,4.0,3,4,4,4,4,4.0,4,4.0,4.0,3,3,4,4.0,0,3,3,4.0,3,3,4,,4.0,4,4.0,,,4,3,4.0,3,3,4.0,,4.0,4,4,4,3,3,4,4.0,4,3,4,4,4.0,4,4,4,4.0,4,4.0,3,3,4,4,4.0,4,,4,4,3,4.0,3,3,4.0,4,4,4,4,4,3,4.0,4.0,4.0,4,4,4,4.0,3,4,3,3,4,3,3,2,3,4,4,4.0,4,,4.0,2,0,4,3,,4,4,4.0,4,3,4.0,3,4.0,4.0,3,4.0,2,3,4.0,4,4,4,4.0,3,4,4,4.0,4,4.0,4,,4,4,4,3,4,,4.0,4,4,4.0,4,4,3,3,2,3,4.0,4,2,4,3,4,4,4.0,3.0,3,4,3,4.0,3,3,,4,2,3,4,3,4.0,4.0,3,4,3,3,1,4,3,4,4.0,4.0,3,4,4.0,4.0,4.0,,4.0,4.0,4.0,4,4.0,,,,4,,4.0,,,3,4,4,4.0,4.0,139,5,0.0357142857142857,1.2313740172220142,-0.6317991668546777
4,4,4,4,4,4,4,4,0,3,3,4,4,3,4.0,1,4,4.0,,4,3,4,4,4,4,4,3,4,4,3,4,3,4,4,4,4,4.0,4,4,4,4,4,4,4,,4,4,4,3,4,4.0,0,3,,4,4,3,3,4,4,2,4,4.0,4,,4,,4,3,,3,4,4.0,4,4,4,4,4,4.0,4,3,4,3,4,4,4,4,3,4,4,4,3,,4,,4,3,4,4,4,4,3,4,4,3,4,4.0,4.0,4,4,3,4,4,4,4.0,3,4,4,4,4.0,4.0,4.0,4,4,2,4,4,4,4.0,4,4.0,3,4.0,2.0,4.0,4,4,,3,4.0,4,3,4,4,4,3,4,,4,,,,3,,4,4,,4,4.0,3,4,4,4,4,4,4,,,3,3,4,,4,4,4.0,,4,4,,4,3,4,4.0,4.0,2,4,4,4,4.0,4.0,3,4,4,3,2,4,4,3,4,3,4.0,3,3,4,4.0,4,4,4,4,4,4.0,4,4.0,,2,4,4,4.0,3,4,4,4.0,4,3,4,,,4,4.0,,,4,3,4.0,4,4,,,4.0,1,4,3,4,4,4,4.0,4,4,4,4,4.0,4,4,4,4.0,3,4.0,4,4,3,3,4.0,4,,4,4,4,4.0,3,2,4.0,4,4,4,3,4,4,4.0,4.0,4.0,4,4,4,,4,4,4,4,4,4,4,3,4,4,3,4.0,4,,,3,4,4,4,,4,4,4.0,4,4,,4,4.0,,4,4.0,4,4,4.0,4,4,4,2.0,4,4,4,,4,4.0,4,,4,4,4,4,3,,4.0,4,4,4.0,4,4,4,4,0,3,4.0,4,4,4,4,4,4,4.0,4.0,4,4,4,0.0,4,4,,4,4,4,4,3,,,4,4,2,4,4,4,4,4,,3.0,3,4,4.0,,4.0,,,,4.0,4,,,,,4,,4.0,,,4,4,1,3.0,4.0,140,5,0.0547112462006079,1.2617878192534382,-0.3742847837168979
4,4,4,4,3,5,4,4,4,4,4,4,4,4,4.0,4,4,5.0,5.0,4,3,4,4,4,4,4,4,4,4,4,4,4,2,1,4,4,5.0,4,4,4,4,0,4,5,5.0,5,4,4,3,4,5.0,4,4,,4,3,4,4,4,4,4,4,5.0,5,5.0,4,,4,4,,0,3,5.0,4,3,4,4,5,4.0,4,4,4,4,4,4,4,4,4,4,5,5,4,5.0,4,5.0,3,2,4,4,4,3,4,4,4,3,4,5.0,5.0,4,5,3,4,5,4,5.0,4,4,4,4,4.0,5.0,4.0,4,4,4,4,4,3,5.0,4,5.0,4,4.0,4.0,4.0,4,5,5.0,4,4.0,4,4,4,4,4,4,4,5.0,5,5.0,5.0,5.0,4,5.0,3,4,5.0,5,5.0,4,4,4,3,1,4,0,5.0,5.0,3,4,3,5.0,4,4,5.0,5.0,5,5,4.0,4,4,4,5.0,4.0,4,4,4,4,5.0,4.0,3,4,3,4,4,4,4,3,4,3,5.0,4,4,4,4.0,4,4,4,4,4,5.0,4,5.0,5.0,4,4,4,5.0,4,4,4,5.0,4,4,4,,5.0,4,5.0,5.0,,5,4,5.0,4,4,5.0,5.0,5.0,3,2,4,4,4,4,4.0,4,3,4,4,5.0,4,4,4,3.0,5,5.0,4,4,4,4,0.0,4,5.0,4,4,4,4.0,4,4,4.0,4,4,4,4,4,4,5.0,5.0,5.0,4,5,4,5.0,4,4,4,4,4,4,4,3,4,4,4,4.0,5,5.0,5.0,4,4,4,4,2.0,4,4,5.0,3,4,5.0,4,5.0,5.0,4,5.0,4,4,5.0,5,5,4,5.0,4,4,4,5.0,5,4.0,4,5.0,4,4,2,4,4,5.0,5.0,4,5,5.0,5,4,4,3,4,4,4.0,4,4,4,4,4,4,5.0,4.0,4,4,4,5.0,3,4,5.0,4,4,4,4,4,4.0,5.0,4,2,4,4,4,3,4,2,5.0,5.0,4,4,4.0,5.0,5.0,5.0,5.0,4.0,5.0,4,4.0,,5.0,,4,,5.0,,5.0,4,4,4,4.0,5.0,141,5,0.0714285714285714,1.2690016678579938,-0.5922095430934016
3,4,4,4,3,3,4,4,4,4,4,2,4,3,4.0,4,4,5.0,4.0,3,4,4,4,4,4,3,3,4,4,4,4,3,4,4,3,4,3.0,5,4,4,2,4,4,4,5.0,4,4,4,4,1,5.0,4,3,,4,4,4,2,4,3,3,4,4.0,0,5.0,4,,4,4,,3,4,4.0,4,4,4,4,4,4.0,4,3,3,3,2,3,3,4,4,4,4,4,1,4.0,3,4.0,3,4,4,4,4,4,3,4,4,4,4,5.0,5.0,4,3,4,4,4,3,5.0,4,4,4,4,4.0,4.0,4.0,4,4,4,4,4,4,4.0,4,0.0,3,5.0,5.0,4.0,4,4,5.0,4,4.0,4,4,4,4,4,4,4,5.0,4,4.0,5.0,5.0,3,5.0,4,4,4.0,4,5.0,3,4,4,4,4,5,5,5.0,5.0,3,3,4,4.0,3,4,4.0,4.0,4,4,4.0,4,4,4,5.0,4.0,2,4,4,2,5.0,4.0,3,3,4,3,4,4,4,3,4,3,4.0,4,0,0,4.0,4,4,4,4,4,4.0,4,5.0,5.0,4,3,4,4.0,3,4,4,4.0,4,4,5,,5.0,4,5.0,5.0,,4,4,4.0,4,4,5.0,5.0,5.0,4,4,4,4,4,4,4.0,4,4,4,5,5.0,4,4,4,5.0,4,4.0,4,4,3,4,4.0,4,5.0,4,4,4,4.0,4,4,5.0,2,4,4,4,4,4,4.0,5.0,5.0,4,3,4,5.0,4,4,3,4,4,4,4,4,4,4,4,5.0,4,5.0,5.0,4,4,4,4,5.0,4,4,4.0,4,4,5.0,4,4.0,4.0,4,5.0,4,4,4.0,4,3,4,4.0,4,4,4,5.0,4,5.0,4,5.0,4,4,4,4,3,,4.0,4,5,5.0,4,4,4,4,4,4,4.0,4,4,4,4,5,4,2.0,4.0,4,4,4,5.0,4,3,5.0,4,3,4,4,3,4.0,4.0,4,4,4,4,4,4,4,4,5.0,5.0,3,4,4.0,5.0,4.0,5.0,5.0,4.0,4.0,4,5.0,,5.0,,4,,4.0,,5.0,4,4,4,4.0,5.0,142,5,0.0373333333333333,1.2921960072595282,-0.6171821505573988
4,3,4,3,4,4,4,4,4,4,4,4,4,4,4.0,4,4,5.0,4.0,4,3,4,4,4,3,3,4,4,4,4,4,3,4,4,4,4,4.0,4,4,4,4,4,3,4,5.0,4,4,4,4,4,4.0,3,4,,4,4,3,4,4,3,4,4,4.0,4,5.0,4,5.0,4,4,,4,4,4.0,4,4,3,3,4,4.0,4,2,4,3,4,4,4,3,3,4,4,5,3,5.0,4,5.0,3,3,4,4,4,4,4,4,4,3,4,4.0,0.0,4,4,4,4,4,4,5.0,4,4,3,4,4.0,4.0,4.0,4,1,3,4,4,4,4.0,4,4.0,4,4.0,5.0,4.0,4,4,5.0,4,4.0,4,3,0,4,4,1,4,5.0,4,5.0,5.0,5.0,3,5.0,4,4,3.0,4,4.0,3,4,4,4,3,4,4,5.0,5.0,4,4,3,2.0,3,4,4.0,4.0,4,0,5.0,4,4,4,5.0,4.0,4,4,4,4,4.0,4.0,2,2,4,4,4,4,4,3,4,4,5.0,4,4,4,5.0,4,4,4,4,4,4.0,4,5.0,5.0,4,4,4,5.0,3,4,4,3.0,4,1,4,,5.0,4,4.0,5.0,,4,4,4.0,3,4,4.0,5.0,5.0,4,4,4,4,4,4,4.0,4,3,4,4,4.0,4,4,4,5.0,4,5.0,4,4,4,2,4.0,3,5.0,4,4,4,4.0,4,3,4.0,4,4,4,4,4,4,4.0,5.0,4.0,4,4,4,5.0,4,4,4,3,4,4,3,3,3,4,5,5.0,4,5.0,5.0,3,5,4,4,5.0,4,4,4.0,4,4,5.0,3,5.0,5.0,4,5.0,4,4,4.0,5,4,2,5.0,4,4,4,4.0,4,5.0,4,5.0,4,4,4,4,4,5.0,5.0,4,4,5.0,4,4,4,4,4,4,5.0,4,4,4,4,4,4,4.0,4.0,4,0,4,5.0,4,4,5.0,4,4,4,4,4,5.0,5.0,4,4,4,4,4,4,4,4,5.0,5.0,4,4,4.0,5.0,4.0,5.0,5.0,5.0,5.0,5,5.0,,5.0,,4,,4.0,,5.0,4,4,4,4.0,5.0,143,5,0.0567567567567567,1.2760864513130374,-0.6125264758951546
4,4,4,4,4,4,4,5,4,4,4,4,4,4,5.0,4,4,4.0,4.0,4,0,4,4,4,4,4,4,4,3,4,4,4,4,5,4,4,5.0,5,4,4,4,4,4,4,3.0,4,4,4,4,4,5.0,4,4,,4,3,4,4,4,4,4,4,5.0,4,5.0,4,,4,4,,4,2,5.0,5,5,4,4,5,4.0,4,4,3,4,4,5,4,4,3,5,5,5,4,5.0,4,5.0,4,4,4,4,4,5,4,4,4,3,3,5.0,5.0,4,5,4,5,4,4,5.0,4,4,4,4,5.0,5.0,5.0,4,4,4,4,4,5,4.0,5,5.0,4,5.0,5.0,5.0,2,5,5.0,4,5.0,4,4,5,4,4,5,5,5.0,5,5.0,5.0,5.0,3,5.0,4,5,5.0,4,4.0,4,5,5,5,3,5,4,0.0,5.0,4,4,5,5.0,3,5,4.0,5.0,5,4,5.0,4,4,4,4.0,5.0,4,4,1,4,5.0,5.0,3,4,4,4,4,4,3,4,4,4,5.0,5,4,4,5.0,4,5,4,4,4,5.0,4,5.0,5.0,4,4,5,5.0,3,4,5,5.0,4,4,5,,5.0,5,5.0,5.0,,4,4,5.0,5,5,5.0,5.0,5.0,4,4,4,4,3,4,5.0,5,3,5,5,5.0,5,2,4,5.0,5,5.0,5,4,4,5,5.0,4,5.0,5,4,5,5.0,4,4,5.0,4,4,5,3,4,4,5.0,5.0,5.0,0,4,4,5.0,4,5,3,4,4,4,4,4,4,5,4,4.0,4,5.0,5.0,4,5,5,4,,5,4,5.0,5,4,5.0,5,5.0,4.0,3,5.0,4,4,5.0,5,4,4,5.0,5,5,4,5.0,5,5.0,4,5.0,4,4,4,4,1,1.0,0.0,5,5,1.0,3,4,4,4,4,4,5.0,4,4,4,4,2,5,5.0,5.0,4,4,4,5.0,4,4,5.0,4,4,4,5,4,5.0,5.0,4,4,4,4,5,5,4,2,5.0,5.0,4,4,5.0,4.0,5.0,5.0,5.0,5.0,4.0,3,4.0,3.0,5.0,,4,,4.0,,5.0,4,4,4,5.0,5.0,144,5,0.054054054054054,1.3205479452054794,-0.6184221064833777
3,4,3,3,3,4,4,4,4,4,3,2,4,3,4.0,4,3,4.0,4.0,1,3,4,3,4,3,4,3,3,3,3,3,3,3,4,3,3,4.0,4,4,4,3,4,4,4,4.0,4,3,4,3,4,4.0,4,3,,3,3,4,3,4,3,3,3,4.0,4,4.0,4,,4,4,,3,2,4.0,4,3,3,3,4,2.0,4,3,3,4,4,4,2,3,3,4,4,4,3,4.0,3,,3,3,4,4,4,4,3,3,3,2,3,4.0,4.0,3,4,3,3,3,3,2.0,1,3,4,4,4.0,4.0,4.0,4,3,3,4,3,3,2.0,4,4.0,3,4.0,4.0,4.0,3,4,4.0,4,4.0,4,3,4,4,4,4,4,4.0,4,4.0,4.0,4.0,3,,4,4,4.0,4,3.0,3,4,4,4,4,4,4,4.0,4.0,4,3,4,4.0,3,4,4.0,4.0,4,3,4.0,3,4,4,4.0,4.0,4,4,3,2,4.0,4.0,2,3,3,4,4,3,4,3,4,3,4.0,4,2,4,4.0,3,4,3,4,4,4.0,4,2.0,,3,3,4,4.0,3,3,4,4.0,3,3,4,,4.0,4,4.0,,,4,4,4.0,4,4,4.0,,4.0,4,4,4,4,3,3,4.0,4,4,4,4,4.0,4,4,4,4.0,4,4.0,0,3,4,4,4.0,4,,3,4,3,4.0,4,4,4.0,4,4,4,3,4,4,4.0,4.0,4.0,3,4,4,,4,3,3,3,4,3,4,3,4,4,4,4.0,4,,4.0,3,4,4,3,,4,4,4.0,4,4,4.0,4,4.0,4.0,4,4.0,3,4,4.0,4,4,4,4.0,3,4,3,4.0,3,4.0,4,,4,3,4,0,2,,4.0,4,4,0.0,4,1,4,2,3,3,4.0,4,2,3,4,4,4,4.0,3.0,3,4,1,4.0,4,4,,4,3,3,4,4,4.0,4.0,3,4,3,4,3,4,3,4,4.0,4.0,3,4,4.0,4.0,0.0,,4.0,4.0,4.0,4,4.0,,4.0,,3,,4.0,,,4,4,4,4.0,,145,5,0.059322033898305,1.1911710380495013,-0.5363403919718702
3,3,3,3,3,3,3,3,2,3,2,3,3,2,3.0,3,3,3.0,3.0,3,1,3,3,3,3,3,3,3,3,3,3,2,3,4,3,2,4.0,3,2,3,3,3,3,3,4.0,3,3,3,3,4,4.0,3,3,,3,2,1,3,3,2,3,3,3.0,4,4.0,2,,3,3,,3,1,3.0,1,3,2,3,3,0.0,3,2,2,2,3,3,3,3,3,3,3,3,2,4.0,3,4.0,1,3,3,3,3,3,3,2,3,2,2,4.0,3.0,3,3,2,3,3,3,3.0,2,3,3,3,3.0,3.0,3.0,4,3,3,3,3,3,4.0,2,3.0,2,3.0,3.0,3.0,3,3,3.0,2,3.0,3,3,3,3,3,3,3,4.0,3,4.0,4.0,3.0,3,4.0,3,3,3.0,3,3.0,3,3,0,3,3,3,3,4.0,4.0,3,3,4,4.0,3,3,4.0,4.0,4,3,4.0,3,3,3,4.0,3.0,3,3,3,3,3.0,3.0,3,2,3,3,3,3,3,2,3,2,3.0,3,3,3,4.0,3,3,3,3,3,3.0,1,3.0,4.0,3,3,3,1.0,3,3,0,3.0,2,3,3,4.0,3.0,3,3.0,4.0,,3,3,3.0,3,3,3.0,4.0,4.0,3,2,3,3,2,3,3.0,3,3,3,3,4.0,3,3,3,3.0,3,4.0,3,3,3,3,4.0,2,4.0,3,3,3,3.0,3,3,4.0,2,3,3,3,3,3,4.0,4.0,4.0,3,3,3,4.0,3,3,3,3,3,3,2,2,3,3,3,3.0,3,4.0,3.0,2,3,3,3,,3,3,4.0,3,3,4.0,3,4.0,3.0,3,4.0,3,3,4.0,3,4,3,4.0,3,3,3,3.0,3,3.0,1,4.0,3,3,3,3,3,4.0,4.0,3,3,3.0,2,3,3,2,3,3,2.0,3,3,3,3,3,3,3.0,3.0,3,4,3,4.0,3,3,4.0,3,3,3,3,3,3.0,4.0,3,3,3,2,3,3,0,3,2.0,4.0,3,2,3.0,3.0,4.0,4.0,4.0,3.0,3.0,3,3.0,,4.0,,3,,3.0,,4.0,3,3,4,3.0,2.0,146,5,0.0483870967741935,1.229512079583136,-0.5720941242961242
3,4,2,4,3,4,4,0,3,3,3,2,3,3,4.0,4,3,4.0,,4,2,4,3,4,4,4,3,4,4,4,4,4,4,4,3,2,3.0,4,4,4,4,4,4,3,,4,4,3,4,4,4.0,4,3,,4,4,4,4,4,3,4,3,,4,,4,4.0,4,3,,4,3,2.0,4,4,3,3,4,4.0,4,3,4,4,1,3,3,4,3,4,4,4,3,4.0,4,,3,4,4,4,4,4,4,4,4,1,4,,,4,4,3,4,4,4,,4,4,4,4,,,4.0,4,4,4,4,4,4,4.0,4,4.0,3,,4.0,4.0,4,4,,3,4.0,4,3,4,4,4,4,4,4.0,4,4.0,0.0,,3,,4,4,4.0,4,4.0,4,4,4,4,4,4,4,,,4,4,4,4.0,3,4,4.0,4.0,4,4,,4,4,4,,4.0,3,4,4,4,4.0,4.0,3,4,4,4,4,4,4,3,4,4,4.0,3,4,4,,4,4,4,1,4,4.0,4,4.0,4.0,4,4,4,4.0,4,4,4,4.0,3,4,4,,4.0,4,,,,4,4,4.0,4,4,4.0,,,3,4,4,4,3,4,4.0,4,3,4,4,,4,4,4,0.0,4,3.0,4,4,4,3,4.0,4,,4,4,4,4.0,4,3,4.0,4,4,4,4,4,3,4.0,4.0,,4,4,4,,4,4,4,4,4,4,3,2,4,4,1,4.0,4,,,4,4,4,4,,4,4,4.0,4,4,,4,4.0,4.0,4,,4,4,4.0,4,4,4,4.0,4,4,4,4.0,4,4.0,4,,4,3,4,4,4,,,4,4,4.0,4,4,4,4,3,3,4.0,4,4,4,0,4,4,4.0,4.0,4,4,4,,4,3,,4,3,3,3,4,4.0,,3,2,4,4,4,4,4,4,4.0,,4,3,4.0,,4.0,,4.0,4.0,4.0,4,4.0,3.0,,,4,,4.0,,,4,4,4,4.0,4.0,147,5,0.060790273556231,1.2711571675302245,-0.3693807185950044
4,3,3,3,3,4,4,4,3,4,3,4,4,4,4.0,4,4,3.0,4.0,4,3,4,4,4,4,3,3,4,4,3,3,4,4,4,3,0,4.0,4,4,4,4,4,4,4,,4,3,4,4,4,4.0,3,4,,4,4,4,4,4,3,4,3,4.0,3,,4,,4,4,,3,2,4.0,4,4,3,4,4,4.0,4,3,4,3,4,4,4,4,4,4,4,4,3,,3,,4,2,4,3,4,4,4,4,4,3,4,,4.0,4,4,4,3,4,2,,3,4,4,4,4.0,4.0,4.0,4,4,3,4,4,4,4.0,4,4.0,3,4.0,4.0,4.0,4,4,,4,4.0,4,3,4,4,4,2,2,4.0,4,4.0,,,4,,4,4,,4,4.0,3,4,4,4,4,4,4,,4.0,4,4,4,4.0,4,4,4.0,4.0,4,4,4.0,4,4,4,4.0,4.0,2,4,4,4,4.0,4.0,1,4,3,4,4,3,4,3,4,3,3.0,4,4,4,,4,4,4,4,4,4.0,2,4.0,3.0,4,4,4,4.0,3,4,4,4.0,4,3,4,,,4,4.0,,,4,3,4.0,4,4,4.0,,4.0,4,4,4,3,4,4,4.0,4,3,4,4,,4,4,4,,4,4.0,4,3,3,4,4.0,4,,4,4,2,0.0,3,4,4.0,4,4,4,4,4,4,4.0,,,4,4,4,,4,4,3,4,4,4,4,3,3,4,4,4.0,4,,4.0,3,4,3,3,,4,4,4.0,4,4,,4,4.0,,4,,4,4,4.0,4,4,4,,3,4,3,4.0,4,4.0,4,,4,4,4,4,3,,4.0,4,4,0.0,3,4,4,4,4,3,4.0,4,4,4,4,1,4,4.0,4.0,3,4,3,,4,4,,1,4,3,4,4,4.0,0.0,4,4,3,4,4,4,4,4,4.0,,4,4,4.0,4.0,4.0,,4.0,4.0,3.0,4,4.0,,,,4,,4.0,3.0,,4,4,3,4.0,,148,5,0.059880239520958,1.2479280132607151,-0.3512761472924253
3,4,4,3,3,4,4,4,3,2,3,4,3,3,4.0,3,3,4.0,4.0,4,2,4,3,4,3,3,3,3,3,4,4,3,4,4,3,3,3.0,4,3,4,4,4,4,3,4.0,4,3,4,3,4,4.0,4,3,,4,3,2,3,3,3,3,4,4.0,4,4.0,4,,3,4,,1,2,4.0,0,4,3,3,4,4.0,4,3,4,3,3,4,4,3,3,4,4,4,3,4.0,4,4.0,3,3,4,4,3,4,4,3,4,3,4,4.0,4.0,3,4,4,4,4,4,2.0,3,4,4,4,4.0,4.0,4.0,4,3,3,2,4,4,4.0,4,4.0,3,4.0,4.0,4.0,4,4,,3,4.0,4,3,4,4,3,4,3,4.0,4,4.0,4.0,4.0,3,4.0,3,4,4.0,2,4.0,3,4,4,4,3,4,3,4.0,,4,1,4,4.0,3,4,4.0,4.0,4,2,4.0,4,3,4,4.0,4.0,3,3,3,3,4.0,3.0,3,2,3,3,3,3,0,2,3,3,4.0,4,3,2,4.0,3,4,3,4,3,4.0,4,4.0,4.0,4,3,4,3.0,3,4,4,4.0,2,3,4,,4.0,4,4.0,,,4,2,4.0,4,3,4.0,4.0,4.0,3,3,3,4,3,4,4.0,4,3,4,3,4.0,3,4,4,4.0,4,3.0,4,3,4,4,4.0,3,4.0,4,3,4,4.0,4,3,4.0,4,4,4,3,4,3,4.0,4.0,4.0,4,4,3,4.0,3,4,4,3,3,3,3,3,3,4,4,3.0,4,4.0,4.0,3,2,4,3,,3,4,4.0,4,4,4.0,4,4.0,4.0,3,4.0,4,4,2.0,4,4,4,4.0,3,4,4,4.0,4,4.0,3,,4,3,3,4,4,,4.0,3,4,4.0,4,4,4,3,3,4,4.0,3,4,0,4,4,4,4.0,4.0,3,4,4,0.0,3,4,4.0,3,3,4,4,3,4.0,4.0,3,3,4,2,4,3,3,4,4.0,4.0,1,3,4.0,4.0,4.0,,4.0,4.0,2.0,3,4.0,,4.0,,3,,4.0,,,3,3,1,4.0,4.0,149,5,0.0790960451977401,1.1847433116413593,-0.529418475164886
3,3,3,3,3,3,3,3,3,1,3,3,3,3,3.0,3,3,4.0,3.0,3,1,3,3,3,3,3,3,2,3,3,2,3,3,4,3,3,4.0,4,3,3,1,3,3,3,4.0,3,3,3,3,4,4.0,3,2,,1,3,3,3,3,3,3,3,3.0,3,4.0,3,,3,3,,3,2,4.0,4,3,3,2,3,3.0,1,3,3,2,3,3,2,3,3,3,3,0,2,4.0,3,4.0,3,1,4,2,3,2,3,3,3,2,2,3.0,3.0,2,3,3,0,3,1,4.0,3,3,4,3,4.0,3.0,3.0,3,3,3,3,3,0,4.0,3,4.0,3,3.0,3.0,2.0,3,3,4.0,3,3.0,3,2,3,3,3,3,3,4.0,3,4.0,1.0,4.0,3,4.0,3,4,3.0,3,2.0,3,3,3,3,3,3,3,4.0,4.0,3,3,4,4.0,3,3,4.0,4.0,4,4,4.0,3,3,3,4.0,4.0,3,3,3,2,3.0,3.0,3,3,3,3,3,2,3,3,3,2,4.0,3,2,3,2.0,3,3,3,3,4,4.0,3,4.0,4.0,3,3,3,3.0,3,3,3,4.0,2,2,4,,4.0,4,4.0,4.0,,3,3,4.0,3,3,4.0,4.0,4.0,3,2,3,3,3,3,3.0,4,3,4,4,4.0,3,3,3,4.0,4,4.0,3,3,3,3,4.0,3,4.0,3,3,3,3.0,3,3,4.0,3,3,3,3,3,3,4.0,3.0,4.0,4,3,3,4.0,3,3,3,3,4,3,3,3,3,3,3,3.0,4,4.0,0.0,3,3,3,3,,4,3,4.0,3,3,4.0,4,4.0,3.0,3,4.0,3,3,3.0,4,3,3,4.0,2,2,3,4.0,3,3.0,3,4.0,4,3,3,3,3,,4.0,4,4,3.0,3,4,3,2,3,2,4.0,4,3,3,3,4,3,3.0,3.0,3,3,3,4.0,3,3,4.0,3,3,3,3,3,4.0,4.0,3,4,3,3,3,4,3,2,3.0,4.0,3,2,4.0,3.0,3.0,4.0,4.0,4.0,4.0,4,3.0,,4.0,,3,,4.0,,4.0,3,3,3,4.0,3.0,150,5,0.0630136986301369,1.2432560340747751,-0.6162767384721236
2,6,5,5,6,5,6,6,4,6,5,6,5,5,6.0,6,5,6.0,6.0,6,5,6,5,6,6,6,5,6,6,6,5,4,6,6,5,6,0.0,6,5,6,6,6,6,6,4.0,6,6,6,6,6,6.0,5,4,,6,5,6,6,6,5,5,3,,6,,6,,6,4,0.0,5,5,6.0,6,5,6,6,6,6.0,6,5,6,5,5,6,5,6,5,6,6,6,5,,6,6.0,6,6,6,6,6,5,6,6,6,5,6,,6.0,5,6,6,6,6,6,5.0,6,6,6,5,6.0,,6.0,6,6,6,6,6,6,6.0,6,6.0,6,6.0,6.0,6.0,6,6,,6,,6,5,6,6,4,6,6,6.0,6,6.0,,,6,,6,6,6.0,6,6.0,6,6,6,6,6,6,6,,,6,6,6,6.0,5,6,6.0,6.0,6,6,,6,6,6,6.0,6.0,5,5,6,5,6.0,6.0,6,5,6,6,6,6,6,5,6,6,,6,6,6,,6,6,6,6,6,6.0,6,6.0,,6,6,6,6.0,5,6,6,6.0,5,5,6,,,6,,,,6,5,6.0,6,4,6.0,,6.0,6,6,6,6,5,6,,6,6,6,6,,6,6,6,,6,,6,6,6,6,6.0,6,,6,6,6,6.0,6,6,6.0,6,6,6,3,6,6,6.0,4.0,6.0,6,6,6,,6,6,6,6,6,5,6,5,5,6,6,6.0,6,,,6,6,6,6,,6,6,6.0,6,6,,6,,,6,6.0,6,6,6.0,6,6,6,3.0,6,6,6,6.0,6,6.0,6,,6,4,6,6,6,,,0,6,,6,6,6,6,6,6,5.0,5,6,6,6,6,6,1.0,6.0,5,6,6,,6,6,,6,6,6,6,6,,,6,6,6,6,6,6,6,6,6.0,,6,6,6.0,6.0,6.0,0.0,6.0,6.0,6.0,6,6.0,,,,6,,6.0,,,1,6,6,6.0,,151,5,0.0579268292682926,1.3472257734594733,-0.3291600983348496
5,4,5,4,4,5,5,5,5,4,4,5,5,5,5.0,5,5,5.0,5.0,5,4,5,5,5,5,5,4,5,5,0,4,4,5,5,5,5,5.0,5,5,5,5,5,5,5,,5,5,5,5,5,5.0,4,3,0.0,5,4,4,5,5,4,3,4,5.0,5,5.0,5,,4,3,,4,4,5.0,5,5,5,5,5,4.0,5,4,5,4,5,5,5,5,4,5,4,5,4,,5,,4,4,5,5,5,5,5,4,5,4,4,5.0,5.0,5,5,5,5,5,4,5.0,5,5,4,4,2.0,5.0,5.0,5,5,4,4,5,5,5.0,5,5.0,5,5.0,5.0,5.0,4,5,5.0,5,5.0,5,4,4,3,5,5,4,,5,,5.0,,5,,5,5,5.0,4,5.0,2,5,5,5,3,5,5,,,5,5,5,5.0,4,5,5.0,5.0,5,5,5.0,5,5,4,,4.0,4,5,5,5,5.0,5.0,4,4,4,3,5,5,5,4,5,3,5.0,4,4,4,5.0,3,5,4,5,5,5.0,5,5.0,5.0,4,4,5,5.0,4,5,5,5.0,5,4,5,,,5,0.0,,,5,5,5.0,5,5,5.0,,5.0,4,5,5,3,4,5,5.0,5,4,5,5,,5,5,5,5.0,5,5.0,5,5,4,5,5.0,5,,5,5,1,4.0,4,5,5.0,5,5,5,5,5,5,5.0,5.0,,5,4,5,,5,5,5,5,5,5,5,4,5,5,5,5.0,5,,5.0,4,5,5,4,,5,4,5.0,4,4,5.0,5,5.0,,5,,5,5,5.0,5,5,5,5.0,5,5,5,5.0,5,5.0,3,,5,5,5,5,5,,,0,3,5.0,4,5,5,5,4,5,5.0,5,5,4,5,5,5,5.0,5.0,4,5,5,,4,5,,4,5,5,5,5,5.0,5.0,5,5,5,4,5,5,4,5,5.0,,5,5,5.0,1.0,5.0,,5.0,5.0,5.0,5,5.0,,5.0,,4,,5.0,,5.0,5,5,5,5.0,5.0,152,5,0.0676470588235294,1.2266330602814535,-0.44155900511589347
4,3,4,3,3,3,4,4,3,4,3,4,4,3,4.0,3,3,4.0,4.0,4,1,4,2,1,4,3,3,4,4,4,4,3,4,4,3,2,4.0,4,4,4,3,4,4,4,,4,3,4,4,4,4.0,4,3,,3,3,4,4,3,3,3,3,4.0,4,,4,,4,3,,3,3,4.0,4,4,3,4,4,4.0,4,3,4,3,4,4,3,4,3,4,4,4,2,4.0,3,,3,3,4,4,4,0,4,4,4,3,3,4.0,4.0,3,4,4,3,3,3,,3,3,3,4,4.0,4.0,4.0,4,1,3,4,4,4,4.0,4,4.0,3,4.0,4.0,4.0,3,4,,4,4.0,3,2,4,4,4,4,4,4.0,4,4.0,4.0,4.0,4,,4,4,4.0,4,3.0,3,4,4,3,3,4,4,4.0,4.0,4,3,4,4.0,2,4,4.0,4.0,4,4,4.0,4,4,4,4.0,4.0,3,4,3,3,4.0,4.0,3,3,3,3,3,3,4,2,4,3,4.0,3,4,4,4.0,4,2,3,4,3,4.0,3,4.0,,4,3,3,4.0,3,4,4,4.0,3,3,4,,4.0,4,4.0,,,3,4,4.0,3,4,4.0,,4.0,4,4,4,0,3,4,4.0,4,3,4,4,4.0,4,4,3,4.0,4,4.0,3,4,2,4,4.0,3,,4,4,4,4.0,4,4,4.0,4,4,4,3,4,3,4.0,4.0,0.0,4,3,4,,4,4,4,3,4,3,4,3,4,4,4,4.0,4,,4.0,3,4,3,3,,4,4,4.0,4,3,4.0,4,4.0,4.0,3,4.0,4,4,4.0,4,4,4,4.0,4,3,4,4.0,4,4.0,3,,4,3,4,4,4,,4.0,4,4,4.0,4,4,4,4,4,3,4.0,4,4,4,3,4,4,4.0,4.0,4,3,3,,0,3,3.0,3,3,3,4,3,4.0,4.0,3,4,4,3,4,4,4,4,4.0,4.0,3,3,4.0,4.0,4.0,,4.0,4.0,4.0,4,4.0,,4.0,,4,,4.0,,,3,4,4,4.0,2.0,153,5,0.0508474576271186,1.2331042382588775,-0.5627822206913918
3,3,3,3,3,4,4,3,3,3,3,4,3,3,4.0,3,3,4.0,4.0,3,3,4,3,4,3,3,2,3,3,3,3,3,4,2,3,3,4.0,4,3,3,4,4,3,2,4.0,4,3,4,3,4,4.0,3,3,,3,3,3,3,3,4,3,3,4.0,4,4.0,4,,3,4,,3,3,4.0,3,4,3,4,4,3.0,1,1,3,2,3,3,4,3,3,4,4,4,3,4.0,4,4.0,3,3,4,3,2,3,3,2,3,2,4,4.0,4.0,3,4,3,4,4,0,4.0,3,3,3,3,4.0,4.0,4.0,4,3,3,3,3,2,4.0,4,2.0,3,4.0,4.0,4.0,3,4,4.0,3,3.0,4,3,4,3,3,4,3,4.0,4,4.0,4.0,4.0,3,,4,4,4.0,4,4.0,3,4,4,4,4,4,4,4.0,,3,4,4,4.0,3,4,4.0,4.0,4,4,4.0,3,3,3,4.0,4.0,3,4,3,3,4.0,4.0,3,4,3,4,3,0,4,3,4,3,4.0,4,3,4,4.0,4,3,3,4,4,4.0,3,4.0,4.0,3,4,2,4.0,2,3,4,4.0,2,3,4,,4.0,4,4.0,,,4,3,4.0,4,2,2.0,3.0,4.0,4,4,4,3,3,4,4.0,4,4,4,4,4.0,4,4,4,4.0,4,4.0,4,4,4,4,4.0,3,4.0,4,4,4,4.0,4,3,4.0,3,4,4,3,4,4,4.0,0.0,4.0,4,4,4,4.0,3,4,4,1,4,3,4,3,3,4,4,4.0,4,,4.0,3,1,4,4,,4,4,4.0,3,3,4.0,4,4.0,4.0,3,4.0,4,3,4.0,4,3,4,4.0,4,4,4,4.0,4,4.0,4,,4,3,3,3,4,0.0,4.0,4,4,4.0,4,4,3,2,4,3,4.0,4,4,4,3,4,4,4.0,4.0,2,4,4,4.0,3,3,4.0,4,3,3,4,3,4.0,4.0,3,4,4,3,3,4,3,4,4.0,4.0,3,3,4.0,4.0,4.0,,4.0,4.0,4.0,4,4.0,,,,4,,4.0,,,3,4,4,4.0,4.0,154,5,0.0495867768595041,1.2042101475350846,-0.6195638508891554
1,3,3,3,2,3,3,3,3,3,2,3,3,2,3.0,3,3,3.0,4.0,3,3,4,3,3,2,3,3,3,3,3,3,3,3,0,3,3,4.0,4,3,3,3,4,2,4,4.0,3,2,3,3,3,4.0,3,3,,3,3,3,3,3,3,3,2,4.0,0,4.0,4,,4,3,,3,0,3.0,3,3,3,3,3,4.0,3,2,3,3,3,3,3,3,3,3,2,4,2,4.0,3,4.0,3,2,3,3,3,3,3,3,4,2,3,4.0,4.0,2,3,3,3,3,3,4.0,2,3,3,3,4.0,4.0,4.0,4,3,3,3,3,3,4.0,3,4.0,3,4.0,4.0,4.0,3,4,4.0,3,3.0,4,3,3,3,4,3,3,4.0,3,4.0,4.0,4.0,3,4.0,4,3,4.0,4,4.0,3,3,3,4,3,3,3,4.0,4.0,3,3,4,4.0,3,3,4.0,4.0,4,3,4.0,1,3,3,4.0,4.0,3,3,3,3,4.0,4.0,2,3,3,3,3,3,3,2,3,3,3.0,3,3,3,4.0,3,3,3,3,4,4.0,3,4.0,4.0,3,3,3,3.0,2,1,3,3.0,3,3,4,,4.0,4,3.0,4.0,,3,3,3.0,3,3,3.0,4.0,4.0,3,4,4,3,3,3,4.0,3,3,3,1,4.0,3,3,3,4.0,4,4.0,3,3,3,3,4.0,3,4.0,3,3,3,3.0,3,3,4.0,3,3,2,3,3,3,4.0,4.0,4.0,3,3,0,4.0,3,3,3,3,3,3,1,2,2,3,4,4.0,3,4.0,4.0,1,4,1,3,4.0,4,3,4.0,3,3,3.0,3,4.0,4.0,3,4.0,3,4,4.0,3,3,3,4.0,3,3,3,3.0,3,4.0,3,,2,3,2,3,3,,4.0,4,1,4.0,3,4,4,3,3,3,4.0,4,3,3,3,4,3,3.0,4.0,3,3,3,2.0,3,2,4.0,3,2,3,3,3,4.0,4.0,3,3,3,3,3,3,2,4,4.0,4.0,3,3,3.0,4.0,4.0,4.0,4.0,3.0,4.0,4,4.0,,4.0,,3,,3.0,,4.0,3,3,3,3.0,4.0,155,5,0.0572207084468664,1.2248300065803905,-0.6072761330399932
3,4,3,3,3,4,4,3,3,1,3,3,3,0,3.0,3,3,4.0,4.0,3,3,4,3,4,3,3,2,3,3,4,0,3,4,4,3,3,4.0,4,4,3,4,4,3,4,,4,4,4,3,4,4.0,4,3,,3,4,3,4,4,3,3,4,4.0,4,4.0,4,,4,4,,3,3,3.0,4,3,4,2,3,4.0,3,3,3,3,2,4,3,3,3,3,4,4,2,4.0,4,4.0,3,3,4,3,4,3,4,2,4,2,4,4.0,4.0,2,4,4,4,4,3,4.0,3,3,4,3,4.0,4.0,1.0,4,4,3,3,3,2,4.0,4,4.0,3,4.0,4.0,4.0,4,4,4.0,4,2.0,3,3,4,4,4,4,3,2.0,4,4.0,4.0,4.0,3,4.0,4,4,4.0,4,4.0,3,4,4,4,4,4,4,4.0,,3,3,3,4.0,3,4,4.0,4.0,4,4,4.0,3,3,3,4.0,4.0,3,4,4,1,4.0,4.0,3,4,3,3,3,3,4,3,4,3,4.0,4,3,3,4.0,4,3,4,4,4,4.0,3,4.0,4.0,4,3,4,4.0,3,4,4,4.0,3,3,4,,4.0,4,4.0,,,3,3,0.0,4,4,4.0,4.0,4.0,4,4,4,3,3,3,4.0,4,3,4,4,,3,3,3,4.0,4,4.0,4,4,3,3,4.0,2,4.0,4,3,1,0.0,3,4,4.0,4,4,4,3,4,4,3.0,4.0,4.0,4,3,4,,3,3,2,3,4,4,4,4,4,4,4,4.0,4,,,3,4,4,4,,4,3,4.0,4,3,4.0,2,4.0,3.0,3,4.0,4,3,4.0,4,4,4,4.0,4,3,4,4.0,4,4.0,3,,4,4,4,3,4,,4.0,4,4,4.0,4,4,4,4,4,4,4.0,4,3,4,3,4,4,4.0,2.0,3,4,3,,3,4,4.0,4,3,4,4,3,4.0,4.0,4,4,2,4,4,4,4,4,4.0,4.0,4,3,4.0,4.0,4.0,,4.0,4.0,4.0,4,4.0,,4.0,,4,,4.0,,4.0,4,4,4,4.0,4.0,156,5,0.0647887323943662,1.207017543859649,-0.5273653537010075
3,3,0,3,3,4,4,4,3,3,3,3,3,3,3.0,3,3,3.0,1.0,3,2,4,4,4,3,4,3,4,3,3,3,3,4,4,3,3,4.0,4,3,4,4,4,3,4,,4,4,2,3,4,4.0,4,4,,4,3,4,4,3,3,4,3,4.0,4,4.0,4,,4,4,,3,2,4.0,4,4,4,3,4,4.0,4,3,4,4,4,4,4,3,3,3,4,4,2,4.0,3,,3,3,3,4,3,4,4,3,1,3,3,3.0,4.0,3,4,4,4,4,3,4.0,3,4,4,3,4.0,4.0,4.0,4,3,3,4,3,4,3.0,4,4.0,3,4.0,4.0,4.0,4,3,4.0,4,4.0,4,3,4,4,4,4,4,4.0,4,4.0,,4.0,4,4.0,4,4,4.0,4,4.0,4,4,4,4,3,4,4,4.0,4.0,3,4,4,4.0,3,4,4.0,4.0,4,4,4.0,4,0,4,4.0,4.0,3,4,4,4,4.0,1.0,3,3,4,4,4,3,4,3,4,2,4.0,4,3,4,4.0,4,4,3,4,4,4.0,4,4.0,,3,4,4,4.0,3,4,4,4.0,3,3,4,,,4,4.0,,,1,4,4.0,4,4,4.0,4.0,1.0,3,4,4,4,3,4,4.0,4,3,4,4,2.0,4,4,4,4.0,4,4.0,4,3,4,4,4.0,3,4.0,4,4,4,4.0,4,4,4.0,4,4,4,3,3,3,4.0,4.0,,4,3,4,,4,4,3,3,4,4,4,4,3,4,4,4.0,4,,,4,4,4,4,,4,0,4.0,4,3,4.0,4,4.0,4.0,4,4.0,4,4,4.0,4,4,4,4.0,4,3,3,4.0,4,3.0,3,4.0,3,3,4,4,3,,4.0,4,4,3.0,3,4,4,4,4,3,4.0,3,4,4,4,1,4,4.0,4.0,2,4,3,4.0,4,3,4.0,3,3,2,4,3,4.0,,4,4,4,4,4,4,4,2,3.0,4.0,0,4,4.0,4.0,4.0,4.0,4.0,4.0,4.0,4,4.0,,,,4,,4.0,,,3,4,4,4.0,4.0,157,5,0.0504201680672268,1.2338355903108906,-0.49007960384008564
4,4,4,4,4,4,4,4,4,4,4,4,3,4,4.0,4,4,4.0,5.0,4,3,5,4,4,2,4,3,4,4,4,4,3,4,5,4,4,4.0,3,4,3,5,5,4,4,5.0,4,4,4,4,4,4.0,4,4,,4,4,3,4,4,4,4,4,4.0,4,5.0,5,,2,3,,3,0,5.0,4,4,4,4,5,4.0,4,4,4,4,4,4,3,4,4,4,4,4,3,5.0,4,5.0,3,4,4,4,4,4,4,4,4,4,4,5.0,5.0,4,5,4,4,5,4,5.0,4,4,4,4,5.0,5.0,4.0,4,4,4,4,4,5,5.0,5,5.0,4,5.0,5.0,4.0,4,5,5.0,4,5.0,4,4,4,4,4,4,4,5.0,4,5.0,5.0,5.0,4,5.0,4,5,5.0,4,5.0,4,5,5,4,4,5,4,5.0,,4,0,3,4.0,3,4,4.0,2.0,2,3,5.0,4,4,4,5.0,4.0,4,4,4,4,5.0,5.0,3,4,4,4,4,4,4,4,3,3,5.0,4,4,4,5.0,3,5,4,4,4,0.0,5,5.0,5.0,4,4,5,4.0,3,4,4,4.0,4,4,5,,5.0,4,5.0,5.0,,4,2,4.0,4,4,5.0,5.0,5.0,4,4,5,4,4,4,4.0,5,4,5,0,5.0,4,4,4,4.0,5,5.0,4,4,4,4,5.0,4,4.0,5,4,4,3.0,4,5,5.0,4,4,1,4,4,4,5.0,5.0,5.0,5,5,4,5.0,5,2,4,4,4,4,4,3,4,5,4,4.0,4,5.0,5.0,4,5,4,4,,4,4,4.0,4,4,5.0,4,5.0,5.0,4,5.0,4,5,5.0,5,5,4,5.0,4,4,4,5.0,5,4.0,4,5.0,4,3,5,5,4,4.0,5.0,4,4,3.0,4,4,5,4,4,4,4.0,4,4,4,4,3,5,4.0,5.0,4,4,4,3.0,4,4,5.0,4,3,4,4,4,3.0,5.0,4,4,4,4,4,4,4,2,5.0,5.0,4,4,4.0,5.0,5.0,,5.0,4.0,3.0,4,5.0,,5.0,,2,,4.0,,5.0,2,4,4,5.0,5.0,158,5,0.0631868131868131,1.3002288329519451,-0.5288801195910962
4,4,2,4,4,5,5,5,5,5,4,5,5,4,5.0,2,5,5.0,5.0,4,4,4,4,5,4,4,4,4,5,4,5,4,5,5,5,5,5.0,5,5,5,5,5,5,5,5.0,5,4,4,5,5,5.0,5,4,,4,4,5,5,4,4,4,5,5.0,5,,5,,5,5,,5,4,5.0,5,5,4,4,5,4.0,4,4,4,4,4,5,5,5,4,3,5,5,5,,5,,4,3,5,5,5,4,0,4,5,3,4,4.0,3.0,4,5,5,4,5,4,5.0,3,4,3,5,5.0,5.0,5.0,4,4,4,4,5,5,5.0,5,5.0,4,5.0,5.0,5.0,5,5,5.0,5,5.0,4,4,4,0,5,5,5,,5,,,5.0,4,,5,5,5.0,5,0.0,4,5,5,5,5,5,5,5.0,5.0,5,5,3,5.0,4,5,5.0,5.0,4,4,5.0,4,5,5,5.0,5.0,4,5,5,5,5.0,5.0,4,5,4,5,5,4,5,3,5,4,5.0,5,3,5,5.0,2,5,4,4,5,5.0,5,5.0,5.0,4,1,5,5.0,4,5,5,5.0,4,4,5,,5.0,5,5.0,,,5,4,5.0,5,5,5.0,,5.0,5,5,5,4,4,5,5.0,5,5,5,5,,4,5,5,5.0,5,5.0,4,4,5,0,5.0,5,5.0,5,5,5,5.0,5,4,5.0,4,5,5,5,4,5,5.0,5.0,,5,5,4,,5,5,5,4,5,5,5,4,4,5,5,5.0,5,,5.0,4,5,5,5,,4,5,5.0,5,4,5.0,5,5.0,5.0,4,5.0,5,4,5.0,4,5,5,5.0,4,5,5,5.0,5,5.0,5,,5,5,5,5,5,,5.0,5,5,5.0,5,5,5,4,4,1,5.0,5,5,5,5,5,5,5.0,5.0,4,5,4,2.0,5,4,,5,4,4,5,5,5.0,5.0,4,5,4,5,4,5,4,5,5.0,5.0,4,5,5.0,5.0,5.0,,5.0,5.0,5.0,5,5.0,,,,4,,5.0,,,5,5,5,5.0,,159,5,0.0512820512820512,1.2876581065542354,-0.4994792222335094
3,3,3,3,2,3,3,4,3,3,3,3,4,3,4.0,4,3,4.0,4.0,3,3,4,3,4,4,2,3,3,4,3,3,3,3,4,3,3,4.0,4,3,4,4,3,3,4,4.0,4,3,3,3,3,3.0,4,2,,3,3,3,3,4,3,3,3,4.0,3,4.0,4,,4,3,,3,3,4.0,4,3,3,3,4,4.0,4,3,3,3,2,3,3,3,3,4,1,4,3,4.0,3,4.0,3,3,4,4,3,3,3,3,4,3,3,4.0,4.0,3,3,4,3,3,3,4.0,3,4,3,3,4.0,4.0,4.0,3,3,3,3,4,3,4.0,3,3.0,3,4.0,4.0,4.0,3,4,4.0,3,4.0,4,2,4,2,3,4,3,4.0,4,4.0,4.0,4.0,3,4.0,3,2,4.0,3,4.0,2,4,4,4,4,4,4,4.0,4.0,3,3,4,0.0,2,4,3.0,3.0,4,3,4.0,4,4,0,3.0,4.0,2,3,3,3,4.0,3.0,2,3,3,3,4,4,4,3,3,3,3.0,3,3,1,4.0,3,4,3,3,3,4.0,4,4.0,4.0,3,3,3,4.0,3,3,4,4.0,3,3,4,,4.0,4,4.0,4.0,,4,3,4.0,4,3,2.0,4.0,4.0,3,4,4,3,3,4,4.0,4,2,4,4,4.0,4,3,3,4.0,4,4.0,4,4,1,3,4.0,3,,3,4,3,4.0,3,4,4.0,3,4,4,2,3,4,4.0,4.0,4.0,3,0,4,,4,4,3,3,4,3,3,3,0,3,3,4.0,4,,4.0,3,4,4,3,,4,4,4.0,3,3,4.0,4,4.0,4.0,3,4.0,3,4,3.0,4,3,4,4.0,4,4,2,4.0,3,4.0,4,,4,3,3,1,4,,4.0,4,4,4.0,4,3,4,4,4,4,4.0,3,4,4,3,4,4,4.0,4.0,3,3,3,4.0,2,3,4.0,3,1,3,4,2,4.0,4.0,3,4,4,3,4,4,4,4,4.0,4.0,3,4,3.0,4.0,4.0,3.0,4.0,4.0,4.0,4,4.0,,4.0,,3,,4.0,,,3,3,3,4.0,4.0,160,5,0.0550964187327823,1.2009302325581395,-0.6256859868834914
5,6,6,5,6,6,5,6,6,5,6,6,6,5,6.0,5,6,6.0,4.0,5,5,6,5,5,6,5,5,5,6,5,5,5,6,6,5,5,6.0,6,5,6,6,6,6,5,6.0,6,6,5,5,6,6.0,6,5,,5,5,6,5,5,5,5,5,6.0,6,6.0,6,,5,5,,5,3,6.0,6,6,5,5,6,6.0,1,5,5,5,5,5,6,5,5,6,6,3,5,6.0,5,,5,2,5,4,5,5,6,5,5,4,5,5.0,6.0,5,6,6,6,6,5,6.0,5,3,6,6,6.0,4.0,6.0,6,5,5,5,6,5,4.0,6,5.0,5,6.0,6.0,6.0,5,6,6.0,5,6.0,6,4,5,6,5,6,5,6.0,6,6.0,6.0,6.0,5,6.0,5,6,6.0,6,6.0,4,6,6,6,5,6,6,6.0,6.0,5,6,6,6.0,5,6,6.0,6.0,6,6,3.0,6,5,6,6.0,6.0,6,6,4,6,5.0,6.0,5,5,4,6,6,5,5,4,6,5,6.0,6,5,5,6.0,3,6,5,6,6,6.0,6,6.0,6.0,5,5,6,6.0,5,5,6,6.0,5,5,6,,6.0,6,6.0,3.0,0.0,6,6,5.0,6,6,6.0,6.0,6.0,6,6,6,5,6,6,6.0,5,5,6,6,6.0,6,6,6,6.0,6,6.0,5,5,6,6,6.0,5,0.0,6,6,6,6.0,6,5,6.0,6,6,6,6,6,5,6.0,6.0,,5,5,6,5.0,6,6,6,5,6,5,5,5,5,5,5,5.0,6,,6.0,5,6,6,5,,6,6,6.0,5,5,6.0,6,6.0,6.0,4,6.0,6,5,6.0,6,6,6,6.0,6,6,5,6.0,6,6.0,6,,6,6,0,5,5,,6.0,6,6,6.0,5,6,6,5,5,5,6.0,5,6,6,6,6,5,6.0,6.0,4,6,5,,6,5,6.0,5,5,5,4,5,6.0,6.0,5,6,5,5,6,6,5,6,6.0,6.0,6,5,5.0,6.0,6.0,,6.0,6.0,6.0,6,4.0,6.0,6.0,,0,,6.0,,,6,6,5,6.0,6.0,161,5,0.0609418282548476,1.2739177882866497,-0.4966906207093526
3,2,1,3,2,3,2,3,3,3,3,3,3,3,4.0,3,3,4.0,4.0,3,3,3,3,3,3,3,3,3,2,3,3,3,3,3,2,3,3.0,3,3,3,3,3,3,3,4.0,3,3,3,2,3,4.0,3,2,,3,3,1,3,2,3,2,3,4.0,3,4.0,3,,3,3,,3,2,4.0,3,3,3,3,4,3.0,3,2,3,1,3,3,3,3,2,3,3,4,3,4.0,3,4.0,2,3,4,3,3,3,3,0,3,2,3,3.0,3.0,3,3,3,3,3,2,3.0,3,3,3,3,3.0,3.0,3.0,3,3,2,3,3,2,3.0,3,3.0,2,4.0,3.0,4.0,3,1,4.0,2,3.0,3,0,3,2,2,3,3,4.0,3,4.0,4.0,4.0,2,4.0,3,3,4.0,3,0.0,2,3,3,3,3,3,3,4.0,4.0,1,3,3,3.0,2,3,3.0,4.0,3,3,4.0,3,3,3,4.0,3.0,3,3,3,3,3.0,3.0,2,3,2,3,3,3,3,2,3,3,3.0,3,3,3,3.0,3,3,2,3,3,4.0,3,4.0,2.0,3,3,3,2.0,2,3,2,3.0,2,2,4,,4.0,3,3.0,4.0,,3,3,3.0,3,3,3.0,4.0,4.0,3,3,3,3,2,3,2.0,3,2,3,4,4.0,3,3,3,3.0,4,4.0,3,3,3,3,2.0,3,4.0,3,3,3,3.0,3,3,3.0,3,3,3,3,3,3,3.0,3.0,4.0,2,3,3,4.0,2,3,3,2,3,3,3,3,3,3,3,3.0,3,4.0,3.0,1,3,3,3,4.0,3,3,3.0,3,3,1.0,3,3.0,4.0,3,4.0,3,3,3.0,3,3,3,4.0,3,3,3,3.0,3,3.0,3,4.0,3,3,3,1,3,4.0,3.0,3,3,4.0,3,2,3,3,3,3,3.0,3,3,3,2,3,3,4.0,3.0,1,3,2,4.0,2,2,4.0,3,2,2,3,2,3.0,4.0,3,0,3,3,3,3,2,3,4.0,4.0,3,3,3.0,4.0,3.0,4.0,4.0,3.0,3.0,3,3.0,,4.0,,3,,3.0,,4.0,2,3,3,3.0,4.0,162,5,0.0512129380053908,1.2118991161888337,-0.610352583263845
3,2,3,3,3,2,3,3,3,3,3,3,2,2,3.0,3,2,2.0,4.0,3,2,4,3,3,1,3,3,3,1,3,3,3,3,3,3,3,4.0,3,3,3,3,3,3,3,4.0,2,3,3,3,3,3.0,3,3,,3,3,3,3,3,3,3,3,1.0,3,4.0,3,,3,3,,2,2,3.0,3,3,1,3,3,3.0,3,3,3,2,3,3,3,3,2,3,3,3,2,3.0,0,4.0,3,2,3,3,2,3,3,2,3,2,3,4.0,3.0,2,3,3,3,3,3,4.0,2,3,3,3,4.0,4.0,3.0,3,2,3,3,3,3,3.0,3,3.0,3,3.0,3.0,3.0,3,4,4.0,2,4.0,3,3,3,3,4,2,3,4.0,3,4.0,4.0,4.0,3,4.0,3,3,3.0,3,2.0,3,3,3,3,3,3,3,4.0,4.0,3,2,3,3.0,2,3,3.0,3.0,3,2,4.0,3,3,3,4.0,3.0,3,3,3,3,4.0,3.0,2,3,3,3,3,3,3,3,2,3,4.0,3,3,3,4.0,3,3,3,2,3,3.0,3,3.0,4.0,3,3,3,3.0,2,2,3,3.0,3,1,3,3.0,3.0,3,4.0,4.0,,3,3,2.0,3,3,3.0,4.0,3.0,3,3,3,3,1,3,3.0,3,3,3,3,0.0,3,3,3,4.0,3,4.0,3,3,2,3,4.0,2,4.0,3,3,3,3.0,3,3,4.0,2,3,3,1,3,3,4.0,2.0,4.0,0,3,3,4.0,3,3,3,3,3,2,3,2,1,3,4,3.0,3,4.0,3.0,2,3,3,3,4.0,3,3,4.0,3,3,3.0,3,4.0,3.0,3,4.0,3,3,3.0,4,4,3,4.0,3,3,3,3.0,3,4.0,3,,3,3,3,3,3,4.0,3.0,3,4,4.0,3,3,3,3,3,3,4.0,3,3,2,3,3,3,3.0,3.0,3,3,3,4.0,2,3,4.0,3,3,3,3,0,4.0,4.0,3,3,3,3,3,3,3,3,3.0,4.0,3,3,2.0,3.0,3.0,4.0,4.0,4.0,3.0,3,3.0,,4.0,,3,,3.0,,4.0,3,3,3,3.0,4.0,163,5,0.0743801652892562,1.2100215775593384,-0.5624759376353756
4,3,4,3,3,4,4,4,3,3,3,2,3,3,3.0,4,3,4.0,4.0,4,3,4,4,4,4,0,3,4,3,4,3,3,4,4,3,1,4.0,4,4,4,4,4,3,0,,4,3,4,4,4,4.0,4,3,,3,4,3,4,3,3,4,4,4.0,4,4.0,2,,4,4,,3,2,4.0,4,3,3,3,4,4.0,4,3,3,3,4,4,3,3,3,4,4,4,2,4.0,3,,3,3,4,4,4,4,4,4,4,3,3,4.0,4.0,4,4,4,4,2,3,,3,4,4,4,4.0,4.0,4.0,4,4,4,4,1,4,4.0,3,4.0,3,4.0,4.0,4.0,4,4,,4,0.0,4,3,3,4,4,2,4,4.0,4,4.0,4.0,4.0,3,,4,4,4.0,4,4.0,3,4,4,4,4,4,4,,,4,4,4,4.0,4,4,,4.0,4,4,4.0,4,0,3,4.0,4.0,4,4,4,4,4.0,1.0,3,3,3,4,4,4,4,3,4,3,4.0,4,4,4,,4,3,2,4,4,4.0,4,4.0,,4,4,4,4.0,4,4,4,4.0,4,3,4,,4.0,4,4.0,,,3,4,2.0,4,4,4.0,4.0,4.0,3,4,4,3,4,4,4.0,4,4,4,4,,4,4,4,4.0,4,4.0,4,4,4,4,,4,,4,4,4,4.0,4,4,4.0,4,4,4,3,4,4,4.0,4.0,,4,4,4,3.0,4,4,4,4,4,4,4,4,4,4,4,4.0,4,,,4,4,4,2,,4,4,4.0,4,4,4.0,4,4.0,4.0,4,4.0,3,4,4.0,4,4,4,4.0,4,3,4,4.0,4,4.0,3,,4,3,4,4,3,,4.0,4,4,,4,4,4,4,4,4,,4,4,4,4,4,4,4.0,4.0,3,4,4,,4,3,4.0,3,3,4,4,4,4.0,4.0,4,4,4,4,4,4,4,4,4.0,,4,4,4.0,,4.0,,4.0,4.0,3.0,4,4.0,,,,4,,4.0,,,4,4,3,4.0,4.0,164,5,0.0462427745664739,1.2398596798947599,-0.44217645668262084
3,2,4,3,3,4,3,4,4,3,2,4,4,3,4.0,4,4,4.0,4.0,4,3,4,4,4,4,3,3,3,3,4,4,3,4,4,3,3,4.0,4,3,0,4,4,4,4,,4,2,4,3,4,4.0,4,3,,4,4,4,3,4,3,3,3,0.0,4,4.0,4,,4,3,,3,3,4.0,4,4,4,4,4,4.0,4,3,3,3,4,4,4,4,3,4,3,4,3,,4,,3,3,4,4,4,3,3,3,4,3,3,4.0,4.0,3,2,4,4,4,3,4.0,3,4,2,3,4.0,4.0,3.0,1,3,3,4,4,4,4.0,4,4.0,3,4.0,4.0,4.0,4,4,4.0,2,4.0,4,3,3,4,4,4,3,4.0,4,4.0,,4.0,3,4.0,4,4,4.0,4,2.0,3,4,4,4,4,4,3,4.0,,3,4,4,4.0,3,4,4.0,3.0,4,4,4.0,4,4,4,4.0,4.0,3,4,4,3,4.0,4.0,3,3,3,4,4,3,4,2,4,3,4.0,4,3,4,4.0,3,4,3,4,4,4.0,4,4.0,4.0,3,3,4,4.0,4,4,2,4.0,3,3,4,,4.0,4,4.0,4.0,,4,4,4.0,4,4,4.0,,4.0,4,4,4,4,3,4,4.0,4,2,4,4,4.0,4,4,3,4.0,4,4.0,4,4,1,4,4.0,4,4.0,4,4,4,4.0,4,3,4.0,4,2,4,4,4,3,4.0,3.0,4.0,4,4,4,,4,4,4,4,4,4,4,3,3,3,4,4.0,4,,4.0,3,4,4,4,,3,3,4.0,3,3,4.0,4,1.0,4.0,1,4.0,4,3,4.0,4,4,4,4.0,4,3,4,4.0,4,4.0,4,,0,4,4,3,4,,4.0,4,4,4.0,4,4,4,4,4,3,4.0,4,1,4,4,4,4,4.0,4.0,3,4,3,,4,3,4.0,4,0,4,4,4,4.0,4.0,3,4,3,3,3,4,4,4,4.0,,4,4,4.0,4.0,4.0,,4.0,4.0,4.0,4,4.0,,,,3,,4.0,,,4,3,4,4.0,,165,5,0.0657142857142857,1.2059882509001327,-0.5263561854853963
3,4,2,3,2,3,4,4,3,3,3,3,3,3,4.0,4,3,4.0,4.0,3,2,4,3,4,4,4,3,3,3,3,3,3,4,4,3,3,4.0,4,3,4,4,4,3,4,4.0,4,3,3,4,3,4.0,3,3,,4,3,4,4,3,3,3,3,4.0,4,4.0,3,,3,1,,3,3,4.0,4,3,2,4,4,4.0,4,3,4,3,3,3,3,4,3,3,4,4,2,4.0,3,,3,3,3,4,4,3,4,3,4,3,4,4.0,4.0,3,3,3,3,4,3,4.0,4,4,4,4,4.0,4.0,4.0,4,4,3,4,3,4,4.0,0,4.0,3,4.0,4.0,3.0,3,4,4.0,4,4.0,4,3,4,4,4,4,4,4.0,4,4.0,4.0,4.0,2,,4,4,4.0,2,3.0,3,4,4,4,4,4,4,,,3,2,4,4.0,3,4,4.0,4.0,4,4,4.0,4,4,4,4.0,4.0,1,4,3,4,4.0,3.0,3,3,3,3,0,3,3,3,2,3,4.0,4,3,2,4.0,3,4,3,3,4,4.0,1,4.0,,3,4,3,4.0,3,4,3,4.0,4,3,4,,4.0,4,4.0,,0.0,3,3,4.0,4,4,4.0,4.0,4.0,4,4,4,3,2,3,4.0,4,3,4,4,,4,4,4,4.0,4,4.0,3,3,3,3,4.0,4,,4,4,4,4.0,3,3,4.0,4,4,4,4,4,3,4.0,4.0,4.0,4,4,4,,4,4,4,3,3,4,3,3,3,4,4,4.0,3,4.0,4.0,3,4,4,4,,4,4,4.0,4,4,4.0,4,4.0,4.0,4,,4,3,4.0,4,4,4,4.0,4,3,4,4.0,4,4.0,4,,4,3,4,4,3,,4.0,4,4,4.0,3,4,4,4,3,4,0.0,3,2,4,4,4,4,4.0,3.0,4,4,1,4.0,3,4,4.0,3,4,4,4,3,4.0,4.0,3,4,3,4,4,4,3,4,4.0,,3,2,4.0,4.0,4.0,,4.0,4.0,4.0,4,4.0,,4.0,,4,,4.0,,,3,4,4,4.0,4.0,166,5,0.059322033898305,1.190757855822551,-0.5609321424999645
3,3,3,3,2,4,3,3,3,3,4,3,3,3,4.0,4,3,4.0,4.0,1,3,4,3,4,3,3,3,1,4,3,3,3,4,4,4,3,3.0,4,3,3,3,3,4,4,4.0,4,3,3,3,0,4.0,3,3,,3,2,3,3,3,3,3,4,4.0,4,4.0,4,,4,3,,3,3,4.0,4,3,3,4,4,3.0,4,2,3,3,4,4,4,3,3,3,4,4,3,4.0,4,4.0,3,3,4,3,4,3,3,3,3,2,3,4.0,4.0,3,3,3,4,3,3,4.0,3,3,4,3,4.0,4.0,4.0,4,3,3,3,4,2,4.0,3,4.0,2,4.0,4.0,4.0,3,4,4.0,3,4.0,3,3,4,3,3,3,3,4.0,3,4.0,4.0,4.0,3,4.0,3,4,0.0,4,4.0,3,3,4,3,3,4,4,4.0,4.0,3,3,4,3.0,2,4,4.0,4.0,4,4,4.0,4,4,3,4.0,4.0,3,4,3,3,4.0,2.0,3,3,1,2,3,3,3,2,4,2,4.0,3,0,3,4.0,3,4,3,4,4,4.0,3,4.0,4.0,3,3,4,4.0,2,3,4,4.0,3,3,4,,4.0,4,4.0,,,4,3,4.0,3,4,4.0,,4.0,4,4,4,2,3,4,4.0,4,3,4,4,4.0,3,3,4,4.0,1,4.0,3,3,3,4,4.0,3,4.0,4,3,3,4.0,3,3,4.0,3,4,4,4,3,3,4.0,4.0,4.0,4,3,4,4.0,3,4,3,3,3,4,3,3,3,3,4,4.0,4,,4.0,3,4,4,3,4.0,4,3,4.0,3,3,4.0,3,4.0,4.0,3,4.0,3,3,4.0,1,3,4,4.0,3,4,4,4.0,4,4.0,3,,3,4,4,3,3,,4.0,4,4,4.0,4,4,4,3,3,3,4.0,4,3,1,3,4,4,4.0,4.0,3,4,3,4.0,3,3,4.0,3,2,4,4,3,3.0,4.0,3,3,4,0,3,4,3,4,4.0,4.0,3,3,4.0,4.0,4.0,4.0,4.0,4.0,4.0,4,3.0,,4.0,,3,,4.0,,4.0,4,4,4,4.0,4.0,167,5,0.0490463215258855,1.2038109471324492,-0.647233057742196
3,3,4,3,3,3,3,4,3,4,3,4,4,3,4.0,4,4,4.0,4.0,3,3,4,3,4,0,3,3,3,3,4,4,3,4,4,4,3,4.0,4,3,4,4,4,4,4,4.0,3,3,4,3,4,4.0,4,3,,3,3,3,0,3,3,3,3,3.0,4,4.0,4,,4,3,,2,3,4.0,4,4,3,4,4,4.0,4,3,2,3,3,3,4,2,3,4,4,4,3,4.0,4,4.0,3,3,4,3,3,3,3,4,3,3,4,4.0,4.0,3,4,3,4,3,3,4.0,2,3,3,3,4.0,4.0,4.0,4,3,3,3,4,4,4.0,4,3.0,3,4.0,4.0,4.0,3,4,4.0,3,4.0,3,3,4,3,4,3,3,4.0,4,4.0,4.0,4.0,2,,3,4,4.0,4,4.0,3,4,4,4,4,4,4,4.0,,3,2,3,4.0,2,3,3.0,3.0,1,3,4.0,4,3,3,4.0,4.0,3,4,3,3,4.0,4.0,3,3,3,3,3,3,3,1,3,3,4.0,3,3,3,4.0,3,4,3,2,3,4.0,4,4.0,4.0,1,3,4,4.0,2,4,4,4.0,2,3,4,,4.0,3,4.0,,,4,3,4.0,4,4,4.0,,4.0,3,4,4,3,3,4,4.0,4,3,4,4,4.0,4,4,4,4.0,3,4.0,3,0,3,3,3.0,4,4.0,4,4,4,4.0,3,3,4.0,4,4,4,3,3,3,4.0,3.0,4.0,2,4,4,4.0,3,4,4,2,3,3,4,3,3,4,4,4.0,4,4.0,4.0,3,4,4,4,,4,4,4.0,4,2,4.0,4,4.0,4.0,3,4.0,3,4,4.0,4,4,3,4.0,3,4,3,4.0,4,4.0,3,,4,3,3,4,1,,3.0,4,4,4.0,4,4,4,3,3,4,4.0,4,4,3,4,4,4,4.0,4.0,3,3,3,4.0,3,3,,4,3,3,2,3,4.0,4.0,3,4,4,3,4,4,3,4,4.0,4.0,3,3,4.0,4.0,4.0,,4.0,3.0,0.0,4,4.0,,4.0,,4,,4.0,,,4,4,4,4.0,4.0,168,5,0.0497237569060773,1.2131296599381707,-0.6444215277821365
3,3,3,3,3,3,3,3,0,3,2,2,3,1,3.0,3,3,3.0,4.0,3,2,4,3,4,2,3,3,3,3,4,3,3,3,2,3,3,4.0,4,3,1,3,3,3,4,4.0,4,4,3,3,3,4.0,3,3,,3,3,4,3,3,3,3,3,3.0,4,4.0,4,,4,3,,2,2,3.0,3,3,3,3,3,4.0,4,3,0,2,3,4,3,3,3,4,3,4,3,4.0,3,4.0,3,3,4,3,3,3,3,2,4,2,3,4.0,4.0,0,4,3,4,4,3,4.0,3,3,4,4,4.0,4.0,3.0,4,3,2,3,3,3,4.0,3,4.0,2,4.0,3.0,3.0,3,4,4.0,3,4.0,4,2,4,3,4,3,3,4.0,4,4.0,4.0,4.0,3,4.0,3,4,4.0,3,4.0,3,4,4,4,3,4,3,4.0,4.0,3,4,4,4.0,3,3,4.0,4.0,4,4,4.0,2,2,2,4.0,4.0,3,3,2,3,4.0,3.0,3,3,3,4,3,3,3,3,0,3,4.0,4,4,4,4.0,3,3,3,4,3,4.0,3,4.0,4.0,3,4,4,3.0,3,1,3,3.0,3,3,4,,4.0,3,4.0,4.0,,2,3,3.0,4,3,4.0,4.0,4.0,3,4,3,3,3,3,4.0,3,3,4,4,4.0,4,4,3,4.0,4,4.0,3,3,3,3,4.0,3,3.0,4,4,4,4.0,4,4,4.0,3,3,4,3,3,3,4.0,4.0,4.0,3,3,3,4.0,3,3,3,3,4,3,2,3,3,3,3,3.0,4,,4.0,3,4,3,3,4.0,3,3,4.0,3,3,4.0,4,4.0,4.0,3,4.0,4,3,4.0,4,4,3,3.0,4,3,3,4.0,3,4.0,3,,3,3,3,3,1,,3.0,4,4,4.0,3,4,4,4,4,4,4.0,3,3,4,3,4,4,4.0,4.0,3,4,3,4.0,3,3,4.0,3,3,3,3,2,4.0,4.0,3,4,3,3,3,4,3,3,4.0,4.0,4,3,4.0,4.0,4.0,,4.0,4.0,3.0,4,4.0,,4.0,,3,,4.0,,4.0,3,3,3,4.0,4.0,169,5,0.0575342465753424,1.2110422084416883,-0.6359968575736659
3,2,3,4,3,3,4,4,4,4,3,3,4,4,4.0,1,4,4.0,4.0,3,3,4,4,4,4,4,3,4,3,4,4,3,4,4,4,3,4.0,4,4,4,4,4,4,4,4.0,0,3,4,4,4,4.0,2,4,,4,3,4,3,4,3,3,4,4.0,4,4.0,4,,4,3,,3,4,4.0,4,4,3,3,4,3.0,4,2,4,3,4,4,3,4,3,4,4,4,4,4.0,3,,3,4,4,4,4,4,4,3,4,3,4,,,4,3,4,4,4,3,,4,4,3,4,4.0,,4.0,4,4,4,4,4,4,4.0,4,4.0,3,4.0,4.0,4.0,4,4,,4,4.0,3,3,4,4,4,4,3,,4,,,4.0,2,,4,4,4.0,4,4.0,3,4,2,4,4,4,4,4.0,,4,4,4,4.0,2,4,4.0,4.0,4,4,4.0,4,4,4,,4.0,2,4,4,4,4.0,4.0,3,3,4,3,4,4,4,3,4,3,4.0,4,1,4,4.0,3,4,4,3,0,4.0,4,4.0,4.0,3,4,4,4.0,4,4,4,4.0,4,4,4,,4.0,4,3.0,,,4,3,4.0,4,4,4.0,,,4,4,4,4,4,4,4.0,4,4,4,4,,4,3,4,,4,3.0,4,3,4,4,4.0,3,,4,4,4,,4,4,,3,4,4,4,4,4,4.0,,,4,4,4,,4,4,4,3,4,4,4,3,3,4,4,4.0,4,,4.0,3,4,4,4,,4,4,4.0,4,4,4.0,4,,,3,4.0,4,1,4.0,4,4,4,,4,4,4,,4,4.0,4,,4,3,4,4,4,4.0,4.0,4,4,,4,4,4,0,4,4,4.0,4,4,4,4,4,4,4.0,4.0,3,4,4,,4,4,,4,4,4,4,4,4.0,,4,4,3,4,4,4,4,4,0.0,,3,4,4.0,,4.0,3.0,,4.0,4.0,4,4.0,,,,4,,4.0,,,4,4,4,4.0,,170,5,0.0606060606060606,1.255751998062485,-0.403619238784611
4,4,3,3,3,4,4,4,3,4,2,3,4,3,4.0,4,3,2.0,4.0,4,3,4,3,4,4,3,4,1,3,4,4,4,4,4,4,3,4.0,4,3,4,4,4,4,4,,4,3,4,2,4,4.0,4,3,,4,4,4,3,4,3,3,4,4.0,4,4.0,4,,4,4,,3,2,4.0,4,4,4,4,4,4.0,4,3,4,3,3,2,3,3,2,4,4,4,3,4.0,4,4.0,3,3,4,3,4,3,4,4,4,3,4,4.0,4.0,4,4,4,4,4,3,,3,4,4,4,4.0,4.0,4.0,4,4,3,4,4,3,4.0,4,4.0,3,4.0,4.0,4.0,4,4,,3,4.0,4,3,4,4,4,3,4,4.0,4,4.0,4.0,4.0,4,,1,4,4.0,4,4.0,4,4,4,4,4,3,4,,,3,4,4,4.0,3,4,4.0,4.0,4,4,,4,0,4,4.0,4.0,3,4,4,3,4.0,4.0,3,1,4,4,4,4,4,3,4,3,4.0,4,4,4,4.0,4,4,4,4,4,4.0,3,4.0,,4,4,4,4.0,3,4,3,4.0,2,4,4,,4.0,4,,,,4,4,4.0,4,4,4.0,,,4,4,4,4,3,4,4.0,4,3,4,4,,4,4,4,4.0,4,4.0,4,4,3,4,4.0,4,,4,4,4,4.0,4,3,4.0,4,4,4,3,4,4,4.0,4.0,0.0,4,4,4,,4,4,4,4,3,4,3,0,3,4,4,4.0,4,,,3,4,4,4,,4,3,4.0,4,4,,4,4.0,4.0,3,4.0,4,4,4.0,4,4,4,4.0,4,4,4,4.0,4,4.0,4,,4,4,4,4,3,,4.0,4,4,,4,4,4,4,4,4,4.0,4,4,4,3,4,4,4.0,4.0,3,3,4,,4,3,,4,2,4,4,4,4.0,0.0,3,4,4,3,4,4,4,4,4.0,,4,4,4.0,,4.0,,4.0,4.0,4.0,4,4.0,,,,4,,4.0,,,3,4,4,4.0,,171,5,0.0465116279069767,1.2460385438972164,-0.49857852530092356
3,2,3,3,2,3,3,3,1,3,3,3,3,2,3.0,3,3,3.0,3.0,3,2,3,2,3,3,3,2,3,3,3,3,3,2,3,3,3,3.0,3,3,3,3,3,3,3,,3,3,3,2,3,2.0,2,2,,3,2,3,2,3,2,2,3,3.0,3,3.0,3,,3,3,,3,2,3.0,3,3,2,3,3,3.0,3,2,3,2,2,3,1,3,2,3,3,3,2,3.0,3,,2,2,3,2,3,2,3,1,3,2,3,3.0,3.0,2,3,3,3,3,2,3.0,2,3,3,3,3.0,3.0,3.0,3,3,2,3,3,3,3.0,3,1.0,2,3.0,3.0,3.0,3,3,,3,3.0,3,1,3,3,3,3,3,,3,,,,2,,3,3,3.0,3,3.0,0,3,3,3,3,3,3,,,3,3,3,3.0,2,3,3.0,3.0,3,3,3.0,3,3,3,,3.0,2,3,3,3,3.0,3.0,3,2,2,0,3,2,3,2,3,3,3.0,3,3,3,,3,3,3,3,3,3.0,1,3.0,,3,3,3,3.0,3,3,3,3.0,3,2,3,,3.0,3,3.0,,,3,3,3.0,3,3,3.0,,,3,3,3,3,3,3,3.0,3,2,3,3,,3,3,2,3.0,2,3.0,3,3,3,3,3.0,1,,1,2,3,3.0,3,3,,3,3,3,3,3,3,3.0,3.0,,3,3,3,,3,2,3,2,3,2,3,2,3,3,3,3.0,3,,3.0,2,3,3,3,,3,3,3.0,3,2,3.0,3,3.0,3.0,3,3.0,3,3,3.0,3,3,3,3.0,3,3,3,3.0,2,3.0,3,,3,0,3,3,3,,,3,3,,3,3,2,3,3,3,3.0,3,3,3,2,3,1,3.0,3.0,3,3,3,,2,1,3.0,3,3,3,3,2,3.0,3.0,3,3,3,3,3,3,2,3,,,3,3,3.0,,3.0,,3.0,3.0,3.0,3,3.0,,,,3,3.0,,,,3,3,3,0.0,,172,5,0.0597014925373134,1.1811338508586215,-0.45534178738582376
3,4,3,3,3,4,4,0,0,3,3,3,3,2,3.0,3,3,1.0,4.0,3,2,2,4,4,3,3,3,3,3,4,3,3,4,4,3,3,4.0,4,4,4,4,4,4,3,,4,3,3,2,0,4.0,4,3,,4,3,3,3,4,2,3,4,4.0,3,4.0,4,,4,4,,3,3,4.0,4,3,4,3,4,4.0,4,4,3,4,4,4,3,3,3,4,4,4,2,4.0,4,,3,3,3,3,4,4,4,3,3,2,3,4.0,4.0,3,4,4,4,4,4,4.0,4,3,4,4,4.0,4.0,4.0,4,3,3,3,3,4,4.0,4,4.0,3,4.0,4.0,2.0,4,4,,3,4.0,4,3,4,4,4,4,4,4.0,4,4.0,4.0,4.0,4,,4,4,4.0,4,4.0,3,4,4,4,4,0,4,4.0,,3,4,4,4.0,4,4,4.0,4.0,4,4,4.0,3,3,4,4.0,4.0,3,4,3,4,3.0,4.0,3,4,4,3,3,3,3,3,4,1,4.0,4,4,4,4.0,4,4,4,4,4,4.0,3,4.0,,3,4,4,3.0,3,3,4,4.0,4,3,4,,4.0,4,4.0,,,3,4,4.0,4,3,4.0,4.0,4.0,3,3,4,3,1,4,4.0,4,3,4,4,,3,4,4,3.0,4,4.0,4,4,3,3,4.0,3,,4,4,4,4.0,4,4,4.0,4,4,4,3,3,2,4.0,4.0,,4,1,3,,4,4,3,3,4,3,4,3,4,4,3,4.0,4,,,3,4,4,4,,4,2,4.0,3,4,4.0,4,1.0,4.0,3,4.0,4,4,3.0,4,4,4,4.0,4,3,3,4.0,4,4.0,3,,4,3,4,4,3,,4.0,4,4,3.0,4,4,4,4,4,4,4.0,3,4,4,4,4,4,4.0,4.0,3,4,3,4.0,4,3,4.0,3,3,3,4,3,4.0,,3,4,3,4,4,4,4,4,4.0,4.0,4,4,4.0,,4.0,,4.0,4.0,4.0,4,4.0,,,,4,,4.0,,,4,3,4,4.0,4.0,173,5,0.0423728813559322,1.2198184276608075,-0.4771825809470443
4,2,4,3,4,3,4,4,4,4,4,4,4,4,5.0,4,4,5.0,5.0,4,3,4,4,4,4,4,4,4,4,3,4,4,4,4,4,4,5.0,4,4,4,5,4,4,4,5.0,2,4,4,4,4,5.0,4,4,,4,4,0,4,4,4,4,2,4.0,4,5.0,4,,4,4,5.0,4,3,5.0,4,4,4,4,5,4.0,4,3,4,4,4,4,4,4,3,3,4,4,4,5.0,4,5.0,3,3,5,4,4,4,4,3,4,4,4,5.0,5.0,4,5,4,4,4,3,5.0,3,4,4,4,4.0,5.0,4.0,4,4,3,4,4,4,4.0,4,5.0,3,4.0,5.0,5.0,4,4,5.0,3,4.0,4,4,4,4,5,4,4,5.0,4,5.0,5.0,5.0,4,2.0,4,4,5.0,4,5.0,4,4,4,4,4,4,4,5.0,5.0,4,4,4,4.0,4,4,4.0,5.0,5,4,0.0,4,4,4,5.0,4.0,4,4,4,4,5.0,4.0,4,4,4,4,4,4,4,3,5,4,4.0,4,3,4,5.0,4,4,3,4,5,4.0,4,5.0,5.0,3,4,4,4.0,1,4,5,4.0,4,3,4,,5.0,4,4.0,5.0,,4,4,4.0,3,4,4.0,5.0,5.0,4,4,4,4,3,4,4.0,4,3,4,4,0.0,4,4,4,5.0,5,4.0,4,2,4,4,5.0,3,4.0,5,4,4,4.0,4,4,5.0,4,4,4,4,4,4,5.0,5.0,5.0,4,4,4,5.0,4,4,4,4,4,4,4,3,4,4,5,5.0,4,5.0,5.0,3,4,1,4,5.0,4,4,4.0,4,4,5.0,4,5.0,5.0,4,5.0,4,4,4.0,4,4,4,5.0,4,4,4,4.0,4,4.0,0,5.0,2,4,4,4,4,5.0,5.0,4,5,4.0,1,4,4,4,4,4,4.0,4,4,4,4,2,4,5.0,4.0,4,4,4,5.0,4,4,5.0,4,4,3,3,4,5.0,5.0,4,4,4,4,4,4,4,4,5.0,5.0,4,4,4.0,5.0,4.0,5.0,4.0,4.0,4.0,3,4.0,,3.0,,4,,4.0,,5.0,3,4,4,4.0,5.0,174,5,0.0510752688172043,1.2763783269961977,-0.5806179833662326
3,3,3,3,3,3,3,3,3,4,3,3,3,3,4.0,3,3,4.0,4.0,3,3,3,3,4,4,2,3,2,3,3,3,3,3,3,3,3,4.0,4,3,4,4,4,4,4,4.0,4,3,3,3,4,4.0,4,2,,3,3,3,3,3,3,3,3,4.0,3,4.0,3,,4,3,,2,3,4.0,0,3,3,4,4,3.0,3,2,3,2,2,3,3,3,2,3,3,4,3,4.0,3,4.0,2,2,4,3,3,3,3,3,3,3,3,4.0,4.0,3,4,3,4,4,3,4.0,3,3,3,3,3.0,3.0,3.0,3,3,3,3,3,3,3.0,3,3.0,3,4.0,4.0,4.0,2,4,4.0,3,4.0,3,3,4,3,3,3,3,3.0,4,3.0,4.0,4.0,3,4.0,3,4,4.0,4,4.0,2,0,3,3,3,4,4,4.0,4.0,3,3,4,4.0,3,3,4.0,4.0,4,4,4.0,4,3,3,4.0,3.0,1,3,3,3,4.0,3.0,3,3,3,3,3,3,4,2,3,0,4.0,3,3,3,4.0,3,3,3,3,3,4.0,4,4.0,4.0,3,3,3,4.0,3,3,4,4.0,0,3,4,,4.0,3,4.0,4.0,,4,3,2.0,3,3,4.0,4.0,4.0,3,3,2,4,3,3,4.0,3,3,3,4,4.0,3,3,3,4.0,4,4.0,3,3,3,3,4.0,3,4.0,4,3,4,4.0,4,3,4.0,3,4,3,3,3,3,3.0,1.0,4.0,3,3,3,4.0,3,4,2,3,4,3,3,2,3,3,3,2.0,4,4.0,4.0,3,3,4,3,4.0,3,3,3.0,1,3,4.0,3,4.0,4.0,3,4.0,3,3,3.0,4,3,3,4.0,4,4,3,4.0,4,4.0,3,,3,3,3,3,3,,4.0,4,4,4.0,4,1,4,3,3,3,4.0,3,4,3,3,4,3,4.0,4.0,2,3,3,4.0,1,3,4.0,3,1,3,3,2,4.0,4.0,3,4,3,3,3,4,3,4,4.0,4.0,3,3,3.0,4.0,4.0,4.0,4.0,4.0,4.0,3,4.0,,4.0,,3,,4.0,,4.0,3,3,4,3.0,4.0,175,5,0.0402144772117962,1.2152734778121774,-0.6503623204361032
4,4,4,3,3,4,3,4,3,4,0,4,3,4,4.0,4,3,4.0,5.0,4,2,4,4,4,4,4,4,4,4,4,4,4,4,4,4,3,4.0,4,4,4,4,4,4,4,5.0,4,4,2,3,4,4.0,4,0,,4,3,4,4,4,4,3,4,4.0,4,5.0,4,,4,4,,3,3,4.0,4,4,4,4,4,4.0,4,4,4,2,4,4,4,3,3,4,4,5,3,5.0,4,5.0,3,3,4,4,4,4,4,2,4,3,4,5.0,5.0,3,4,4,4,4,4,5.0,4,4,4,4,4.0,4.0,4.0,4,4,4,0,3,4,5.0,4,4.0,4,5.0,3.0,2.0,4,5,5.0,4,5.0,4,4,4,4,4,4,4,5.0,4,4.0,5.0,5.0,4,5.0,4,4,4.0,4,4.0,4,4,4,4,4,4,1,5.0,5.0,4,0,4,4.0,3,4,4.0,5.0,4,4,5.0,4,4,4,4.0,5.0,3,4,3,4,5.0,4.0,3,3,4,3,4,4,4,3,3,3,5.0,4,4,4,5.0,4,4,4,4,4,4.0,4,4.0,5.0,3,4,4,4.0,4,4,4,4.0,4,4,4,5.0,5.0,4,5.0,5.0,,4,4,4.0,4,4,5.0,5.0,4.0,4,4,4,4,3,3,4.0,4,1,4,4,5.0,4,4,4,5.0,4,4.0,4,4,3,4,4.0,3,5.0,4,4,4,4.0,4,4,4.0,4,4,4,4,4,3,5.0,4.0,5.0,4,4,4,5.0,4,4,4,4,4,4,4,4,3,4,4,4.0,5,5.0,5.0,3,4,4,4,5.0,4,4,5.0,4,4,5.0,4,5.0,5.0,4,5.0,4,4,5.0,5,4,4,3.0,4,4,4,5.0,4,4.0,4,5.0,4,4,4,4,4,5.0,5.0,4,4,5.0,4,4,4,4,4,4,4.0,4,4,4,4,4,4,5.0,4.0,4,4,4,5.0,4,4,5.0,4,4,4,4,3,3.0,5.0,4,5,4,4,4,4,4,4,5.0,5.0,3,4,4.0,5.0,4.0,5.0,4.0,4.0,4.0,4,4.0,,5.0,,4,,4.0,,5.0,4,4,4,4.0,5.0,176,5,0.0510752688172043,1.3418784029038113,-0.6421218301599648
4,3,4,3,4,4,4,4,3,4,4,4,4,4,4.0,4,4,4.0,4.0,4,3,4,4,4,4,4,4,4,4,4,4,4,4,4,4,4,,4,3,4,4,2,4,4,,4,4,4,2,4,,4,3,,4,3,4,4,4,4,3,4,4.0,4,4.0,4,,4,4,,3,3,,4,4,4,4,4,4.0,4,3,4,3,4,4,4,4,3,4,4,4,4,,4,,3,3,4,3,1,4,4,3,4,3,3,4.0,4.0,4,4,3,4,4,4,4.0,3,4,4,1,4.0,,4.0,4,4,3,4,4,4,4.0,4,4.0,3,4.0,4.0,4.0,4,4,,3,4.0,4,4,4,4,4,4,4,,4,,,0.0,4,,0,4,4.0,4,4.0,2,4,3,4,4,4,4,,4.0,3,4,4,,3,4,4.0,4.0,4,4,,4,4,4,,4.0,3,4,4,4,4.0,4.0,3,4,4,3,4,4,3,3,4,3,4.0,3,4,4,4.0,3,4,3,4,1,4.0,4,,,3,4,4,4.0,4,4,4,4.0,4,4,4,,4.0,2,4.0,,,4,4,4.0,4,4,4.0,,4.0,1,4,4,4,3,4,4.0,4,3,4,4,,4,4,4,4.0,4,4.0,4,4,4,4,4.0,3,4.0,4,2,4,4.0,4,4,4.0,4,4,4,4,4,4,4.0,4.0,,4,4,0,,4,4,4,3,4,4,4,3,3,4,3,4.0,4,,4.0,4,4,4,4,,4,4,4.0,4,4,,4,4.0,,3,,4,4,4.0,4,4,4,,4,4,0,4.0,4,4.0,4,,4,4,4,4,4,,,4,4,4.0,4,4,4,4,4,2,,3,4,4,4,2,3,4.0,4.0,4,3,4,,3,4,,4,3,3,4,4,4.0,,3,3,4,4,4,4,4,2,4.0,,3,4,4.0,,4.0,,4.0,4.0,4.0,4,4.0,,4.0,4.0,2,,4.0,,,4,4,4,4.0,,177,5,0.0638297872340425,1.2434484447710017,-0.38159495678203414
4,3,4,3,3,3,3,3,3,3,3,3,3,3,4.0,2,3,4.0,4.0,3,2,4,4,4,4,3,3,3,3,4,3,3,4,4,3,3,4.0,3,3,4,4,4,4,4,4.0,2,4,4,3,4,4.0,4,3,,3,4,3,3,1,3,2,3,4.0,4,4.0,3,,1,3,,4,2,4.0,4,4,3,4,4,4.0,3,3,3,3,3,4,3,3,3,4,2,2,3,4.0,3,3.0,2,3,3,2,4,3,2,3,2,3,3,4.0,4.0,4,4,3,4,3,3,4.0,3,3,4,3,4.0,4.0,2.0,3,3,3,4,4,3,4.0,4,3.0,3,4.0,4.0,4.0,3,4,,0,4.0,2,1,4,4,4,4,4,4.0,3,4.0,4.0,4.0,3,,3,4,3.0,4,4.0,3,4,4,3,4,4,3,1.0,4.0,3,4,4,4.0,1,4,3.0,3.0,4,4,4.0,4,1,3,4.0,4.0,3,4,3,4,4.0,3.0,3,3,3,3,4,4,3,3,3,3,4.0,3,3,3,4.0,3,4,3,4,4,4.0,4,4.0,4.0,2,3,4,4.0,3,3,4,4.0,3,3,4,,4.0,2,4.0,,,3,3,4.0,4,4,4.0,,4.0,3,3,0,4,3,4,4.0,4,3,4,4,3.0,4,4,3,4.0,4,4.0,3,3,3,4,3.0,3,4.0,4,4,4,4.0,4,4,4.0,4,4,4,3,4,3,4.0,4.0,4.0,4,4,4,,4,3,3,3,4,3,3,3,3,3,2,3.0,3,4.0,4.0,3,4,4,3,,3,4,4.0,4,4,4.0,4,4.0,4.0,3,4.0,4,3,4.0,4,4,3,4.0,4,4,3,4.0,4,4.0,3,,3,3,4,4,3,,4.0,3,4,4.0,3,4,4,3,3,3,4.0,4,4,4,3,4,4,4.0,4.0,3,4,3,,3,3,3.0,4,3,3,4,2,4.0,4.0,3,4,4,3,4,4,3,3,4.0,4.0,3,3,4.0,4.0,4.0,,4.0,4.0,3.0,4,4.0,,4.0,,3,,4.0,,,2,3,0,4.0,0.0,178,5,0.0646067415730337,1.2135120249678721,-0.5515873136496252
4,4,3,4,3,4,5,4,3,3,4,4,4,3,4.0,4,3,0.0,5.0,4,3,5,5,4,4,4,4,4,4,4,4,4,5,5,4,3,4.0,5,4,5,5,5,5,4,5.0,4,1,4,4,5,5.0,4,4,,4,4,5,4,5,4,4,4,5.0,4,5.0,5,0.0,4,4,,4,3,4.0,4,4,4,4,4,5.0,5,4,4,4,4,5,4,5,4,4,5,5,2,5.0,4,,4,4,4,5,4,4,5,5,5,4,4,5.0,5.0,4,5,4,5,4,4,5.0,4,5,5,4,5.0,5.0,5.0,5,4,4,4,4,5,5.0,5,5.0,4,5.0,4.0,4.0,4,5,5.0,4,5.0,5,4,5,4,5,0,5,5.0,5,4.0,5.0,5.0,4,5.0,5,5,5.0,3,5.0,4,5,5,4,4,4,5,5.0,5.0,4,5,5,5.0,4,5,5.0,5.0,5,5,5.0,4,4,5,5.0,5.0,4,5,4,4,5.0,5.0,3,4,4,0,4,4,4,3,4,4,5.0,4,4,5,5.0,5,4,5,4,5,3.0,3,4.0,5.0,4,4,5,3.0,4,4,5,5.0,4,4,5,,5.0,4,5.0,,,4,4,5.0,4,4,5.0,5.0,5.0,4,5,5,4,4,5,5.0,5,4,5,5,5.0,4,4,4,5.0,4,5.0,4,4,4,4,5.0,4,5.0,5,4,4,5.0,4,4,5.0,5,5,5,2,4,4,5.0,4.0,5.0,5,5,4,5.0,4,1,4,4,4,4,4,2,3,5,4,5.0,4,5.0,3.0,4,5,4,4,,5,4,5.0,4,5,5.0,5,5.0,5.0,5,5.0,4,5,5.0,5,5,5,5.0,5,4,4,5.0,5,5.0,4,,4,4,5,4,4,,5.0,5,4,4.0,4,5,4,4,4,4,3.0,4,4,5,4,5,5,5.0,5.0,4,5,4,5.0,4,4,5.0,4,3,4,5,4,5.0,5.0,5,4,5,4,4,5,4,4,5.0,5.0,4,4,5.0,5.0,5.0,,5.0,4.0,5.0,5,5.0,,5.0,,4,,4.0,,5.0,4,4,4,5.0,5.0,179,5,0.046195652173913,1.2339422510312317,-0.5530600739187913
3,4,4,3,4,4,4,4,4,4,4,4,4,4,4.0,4,4,5.0,5.0,4,4,4,4,4,4,4,3,4,4,4,4,4,4,4,4,4,4.0,5,4,4,4,4,4,4,5.0,4,4,4,4,4,4.0,4,4,,4,4,3,3,4,3,3,4,5.0,4,5.0,4,,4,4,,4,3,4.0,4,4,4,4,4,5.0,4,2,3,3,4,4,4,4,4,4,4,5,3,5.0,4,5.0,3,4,4,4,4,4,4,4,4,3,4,5.0,4.0,4,4,4,4,0,4,5.0,4,4,4,4,4.0,5.0,4.0,4,4,3,4,4,3,5.0,4,4.0,4,5.0,4.0,5.0,4,4,5.0,4,5.0,3,3,4,4,4,0,4,5.0,4,5.0,5.0,5.0,4,5.0,4,4,5.0,5,5.0,3,4,4,4,4,5,4,4.0,5.0,3,4,5,5.0,1,4,5.0,4.0,4,4,5.0,5,4,4,5.0,4.0,3,4,4,4,5.0,4.0,1,4,3,4,4,4,4,2,4,3,4.0,4,4,4,5.0,4,0,4,4,4,4.0,4,5.0,5.0,4,4,5,5.0,4,4,4,4.0,4,3,4,,5.0,4,5.0,5.0,,4,0,4.0,4,4,5.0,5.0,5.0,4,4,3,4,4,5,4.0,4,4,5,5,5.0,4,4,4,5.0,5,5.0,4,3,4,4,4.0,2,5.0,4,4,4,4.0,4,4,5.0,4,4,5,4,4,4,4.0,5.0,5.0,5,5,4,5.0,4,4,4,4,4,3,4,3,4,5,4,5.0,4,5.0,5.0,3,3,4,4,5.0,4,4,4.0,4,4,5.0,4,4.0,5.0,4,5.0,4,4,5.0,5,4,3,4.0,4,4,4,5.0,4,5.0,4,5.0,4,3,4,4,4,5.0,5.0,4,5,5.0,4,4,5,4,4,4,4.0,4,4,4,4,4,4,4.0,4.0,4,4,4,5.0,4,4,5.0,4,3,4,4,4,4.0,5.0,4,5,4,4,4,4,4,4,5.0,4.0,4,4,4.0,5.0,4.0,5.0,5.0,4.0,4.0,4,5.0,,5.0,,4,,4.0,,5.0,4,4,4,4.0,5.0,180,5,0.0317460317460317,1.3227975790181574,-0.6631458538967119
2,1,3,2,2,2,3,3,3,3,3,3,2,2,3.0,3,3,3.0,3.0,3,2,3,2,3,1,3,2,3,1,2,3,1,2,3,3,2,3.0,3,2,3,3,3,2,3,3.0,3,3,3,3,3,3.0,3,2,,3,3,3,3,3,2,2,2,3.0,2,3.0,3,,3,3,,2,2,3.0,3,3,2,3,3,3.0,3,2,2,3,3,3,3,2,1,3,3,3,2,,3,,2,3,3,3,3,2,3,2,3,2,3,2.0,3.0,2,3,3,3,3,3,3.0,2,3,3,2,3.0,3.0,3.0,1,2,3,3,3,3,3.0,3,3.0,3,3.0,3.0,3.0,3,3,,3,3.0,2,2,2,3,3,2,3,,3,,,3.0,2,,3,3,3.0,3,3.0,2,3,3,0,2,3,3,3.0,,2,3,3,3.0,2,3,3.0,3.0,3,2,3.0,3,3,2,3.0,3.0,2,3,3,2,3.0,3.0,2,2,1,2,3,2,3,1,3,2,3.0,3,3,3,3.0,3,3,2,3,3,3.0,3,3.0,,2,3,3,2.0,2,3,3,3.0,3,0,3,,3.0,3,3.0,,,3,3,3.0,3,3,3.0,,3.0,3,3,3,2,2,3,3.0,3,3,3,3,,3,3,3,3.0,3,,3,2,3,3,3.0,2,3.0,3,3,3,3.0,2,2,3.0,2,2,3,2,3,3,3.0,3.0,,3,3,3,,3,3,3,3,3,3,3,2,3,3,3,3.0,3,,3.0,2,3,3,3,,3,3,3.0,3,3,3.0,3,3.0,3.0,2,3.0,2,3,3.0,3,3,1,3.0,3,0,3,3.0,3,3.0,3,,3,3,3,3,3,,3.0,3,3,3.0,2,3,3,3,3,3,3.0,3,3,2,3,1,3,3.0,3.0,3,3,2,,3,3,,3,2,3,3,3,3.0,3.0,3,3,3,3,3,3,3,3,3.0,,3,3,2.0,3.0,3.0,,3.0,3.0,3.0,3,3.0,,,,3,,0.0,,,3,3,3,3.0,3.0,181,5,0.0735294117647058,1.1616097766540245,-0.4705551399603479
3,3,0,2,3,3,3,3,3,4,3,3,3,3,4.0,3,3,4.0,4.0,3,3,4,3,4,3,4,3,3,3,2,3,3,3,4,3,3,4.0,3,3,4,3,3,3,3,4.0,3,3,4,3,3,4.0,3,1,,2,2,3,3,4,3,3,3,4.0,4,4.0,3,,3,3,,3,3,4.0,4,3,3,4,4,3.0,4,1,3,2,3,4,2,3,2,4,3,4,3,4.0,4,4.0,3,3,4,3,3,3,3,3,4,3,3,4.0,4.0,3,4,3,4,4,3,4.0,3,3,3,4,3.0,4.0,4.0,3,2,1,4,3,3,4.0,4,3.0,3,4.0,4.0,4.0,3,4,4.0,3,4.0,3,2,4,3,3,3,4,4.0,3,4.0,4.0,4.0,3,4.0,3,4,4.0,3,4.0,2,3,3,4,3,4,4,4.0,4.0,3,3,4,4.0,3,4,3.0,4.0,4,4,4.0,4,3,3,3.0,4.0,3,3,3,3,4.0,4.0,3,3,3,3,2,3,4,3,4,3,4.0,3,3,4,4.0,3,3,3,4,4,4.0,4,4.0,4.0,3,3,3,4.0,2,3,4,4.0,2,2,3,,4.0,3,4.0,3.0,,4,3,4.0,3,3,4.0,4.0,4.0,3,3,4,3,3,4,4.0,3,3,3,3,4.0,4,4,4,4.0,4,4.0,3,3,3,4,4.0,3,4.0,3,3,3,4.0,3,2,4.0,3,4,4,4,3,3,4.0,0.0,1.0,4,3,4,4.0,3,4,4,3,4,3,3,2,3,3,4,4.0,4,,4.0,2,4,4,3,,4,4,3.0,3,1,4.0,3,4.0,4.0,3,4.0,3,3,3.0,4,4,3,4.0,4,4,3,4.0,3,4.0,3,,4,3,3,3,4,,4.0,4,4,4.0,3,3,4,3,3,4,4.0,4,4,3,3,3,3,4.0,3.0,3,0,3,4.0,0,3,4.0,3,2,3,4,3,4.0,4.0,3,4,4,3,3,3,3,4,4.0,4.0,3,3,4.0,4.0,4.0,,4.0,4.0,4.0,4,4.0,,4.0,,3,,4.0,,4.0,3,3,4,3.0,4.0,182,5,0.0519125683060109,1.2097428958051422,-0.6659110235781919
2,3,3,2,0,0,3,3,3,3,2,3,3,3,2.0,3,3,4.0,3.0,3,2,4,3,4,3,3,3,3,3,3,3,3,3,3,3,3,3.0,3,3,3,3,3,4,3,4.0,3,3,3,3,1,4.0,3,3,,3,3,3,3,3,3,2,3,4.0,3,4.0,3,,3,2,,2,3,3.0,3,3,2,4,4,3.0,3,2,3,3,2,3,3,2,1,3,3,3,2,3.0,0,4.0,2,3,3,3,3,3,3,3,3,2,3,4.0,4.0,3,3,1,3,3,3,4.0,3,3,3,3,2.0,4.0,3.0,3,3,3,3,3,3,3.0,3,4.0,3,4.0,4.0,4.0,3,4,4.0,3,3.0,3,2,3,3,3,3,3,4.0,3,3.0,4.0,4.0,3,4.0,3,3,4.0,3,4.0,3,3,4,3,3,3,3,4.0,4.0,3,3,3,3.0,2,3,3.0,3.0,3,3,2.0,3,3,3,4.0,3.0,2,3,3,3,4.0,3.0,3,3,3,3,3,3,3,3,3,3,4.0,3,3,2,4.0,3,3,3,3,3,3.0,3,3.0,4.0,2,3,3,4.0,2,3,3,3.0,3,2,3,,4.0,3,4.0,4.0,,3,3,3.0,3,1,3.0,4.0,4.0,3,4,3,3,3,3,4.0,3,2,3,4,4.0,3,3,3,3.0,3,4.0,3,3,3,3,4.0,3,4.0,3,3,3,3.0,3,3,4.0,3,4,3,3,1,2,4.0,4.0,4.0,3,3,3,4.0,3,3,3,3,3,3,0,2,3,3,3,3.0,3,4.0,4.0,3,3,4,3,4.0,3,3,4.0,3,3,4.0,3,4.0,4.0,3,4.0,3,3,4.0,4,4,3,4.0,3,3,3,4.0,3,4.0,3,,3,3,3,2,3,4.0,4.0,3,4,4.0,3,3,3,3,3,3,3.0,3,3,3,3,3,4,4.0,3.0,3,3,3,4.0,3,2,4.0,3,1,3,3,2,4.0,4.0,3,4,3,3,3,3,3,3,4.0,4.0,3,3,4.0,4.0,4.0,4.0,3.0,3.0,4.0,4,4.0,,4.0,,3,,4.0,,4.0,3,3,3,4.0,4.0,183,5,0.0456989247311828,1.2212616822429907,-0.6694686158879479
2,3,3,3,3,3,3,3,3,3,3,3,3,0,3.0,3,3,3.0,4.0,3,3,3,1,3,3,3,2,2,4,3,3,3,4,4,3,3,3.0,4,3,3,3,4,3,3,4.0,3,1,3,3,4,4.0,3,3,,3,3,3,3,3,3,3,2,4.0,2,4.0,4,1.0,4,3,,3,3,3.0,4,3,3,3,4,4.0,3,1,2,3,3,3,3,3,3,3,3,3,2,4.0,3,4.0,3,3,4,3,3,3,3,3,3,2,3,4.0,4.0,3,3,3,3,3,0,4.0,3,3,3,3,4.0,4.0,3.0,4,3,3,3,3,3,4.0,4,4.0,3,4.0,4.0,3.0,3,4,4.0,3,4.0,3,2,3,3,3,4,3,3.0,2,4.0,4.0,4.0,3,4.0,3,3,3.0,3,4.0,3,2,2,3,3,4,4,4.0,4.0,3,3,3,4.0,2,3,4.0,3.0,0,3,4.0,4,3,3,4.0,4.0,2,3,3,3,3.0,4.0,3,2,2,3,3,3,3,2,4,3,4.0,3,3,0,4.0,2,3,3,3,3,3.0,3,4.0,4.0,2,3,4,3.0,3,3,4,4.0,3,3,3,,4.0,4,4.0,4.0,,3,3,4.0,3,3,4.0,4.0,4.0,3,4,3,3,3,4,4.0,4,3,3,4,4.0,2,3,3,4.0,4,4.0,3,3,2,3,4.0,2,4.0,4,3,3,3.0,3,3,4.0,3,3,4,1,3,3,3.0,4.0,4.0,3,3,3,4.0,3,4,3,3,4,3,3,3,3,2,3,4.0,4,,4.0,3,4,3,3,,4,3,4.0,1,3,4.0,3,3.0,4.0,3,4.0,3,3,3.0,4,4,3,4.0,3,2,3,4.0,3,4.0,3,4.0,3,2,4,3,3,,4.0,3,4,4.0,4,4,3,3,3,3,4.0,3,4,3,3,4,3,3.0,3.0,3,3,3,4.0,2,3,4.0,3,3,3,4,3,4.0,4.0,3,4,3,3,4,4,3,4,4.0,4.0,2,3,2.0,4.0,4.0,4.0,4.0,4.0,4.0,4,4.0,,4.0,,3,,3.0,,4.0,3,3,4,4.0,4.0,184,5,0.0572207084468664,1.2511153601019758,-0.6459936905642647
6,6,5,5,5,6,5,5,6,4,6,5,6,5,6.0,5,6,5.0,6.0,5,4,6,5,6,6,5,5,5,5,6,5,5,6,5,5,5,6.0,6,3,6,6,6,6,6,6.0,6,6,6,5,6,6.0,6,5,,6,5,4,6,5,5,5,5,6.0,6,6.0,0,,6,6,,5,5,6.0,6,6,5,5,6,6.0,5,4,5,5,6,6,6,5,4,5,6,5,5,6.0,5,,5,5,6,2,5,6,6,5,6,4,5,5.0,5.0,5,6,5,6,6,5,6.0,5,5,6,5,5.0,2.0,5.0,5,5,5,6,5,6,6.0,4,6.0,5,6.0,6.0,6.0,5,4,6.0,5,6.0,6,5,6,6,6,6,5,6.0,4,6.0,6.0,6.0,5,6.0,5,6,6.0,6,2.0,5,6,6,6,5,6,6,6.0,6.0,5,6,6,6.0,5,6,6.0,6.0,6,6,6.0,6,5,6,6.0,6.0,5,5,5,6,5.0,4.0,5,5,5,5,5,5,6,5,6,5,6.0,6,5,6,6.0,6,6,5,6,6,6.0,5,6.0,6.0,5,6,6,6.0,4,5,6,6.0,5,0,6,,6.0,5,6.0,,,5,6,0.0,5,5,6.0,6.0,6.0,5,6,6,5,5,5,6.0,6,5,6,6,6.0,5,5,5,6.0,6,6.0,6,5,4,6,6.0,5,6.0,5,6,5,6.0,5,6,6.0,5,6,6,5,6,5,6.0,6.0,,6,5,6,6.0,5,6,6,5,3,6,5,5,5,6,6,6.0,6,,6.0,5,6,6,6,,6,6,6.0,6,6,6.0,6,6.0,6.0,5,6.0,2,5,6.0,6,6,5,6.0,5,6,6,6.0,5,5.0,5,,6,5,6,6,5,,6.0,6,6,6.0,6,5,6,4,6,6,6.0,6,6,6,6,6,6,6.0,6.0,6,6,5,6.0,5,5,6.0,6,5,4,5,5,6.0,6.0,5,6,5,5,5,6,5,6,6.0,6.0,5,5,6.0,6.0,6.0,6.0,6.0,6.0,6.0,6,6.0,,6.0,0.0,6,,6.0,,,5,6,6,6.0,3.0,185,5,0.0550964187327823,1.2836775726558218,-0.5367660265762306
4,4,4,4,3,4,4,4,3,4,4,4,4,4,4.0,4,4,3.0,5.0,4,3,5,4,4,4,4,4,4,4,4,4,4,4,5,4,4,5.0,5,4,4,4,4,4,5,5.0,4,4,2,4,4,5.0,5,4,,4,4,4,4,3,4,4,4,4.0,5,5.0,4,,4,4,,4,4,4.0,4,4,4,4,4,2.0,3,4,4,3,4,4,4,4,4,4,4,4,2,3.0,4,5.0,3,3,3,4,4,4,1,4,5,3,4,2.0,4.0,4,5,4,5,5,4,5.0,4,4,4,5,5.0,5.0,5.0,5,3,4,4,4,4,3.0,4,4.0,3,4.0,5.0,5.0,4,5,5.0,4,4.0,5,4,2,4,5,4,5,5.0,5,5.0,5.0,5.0,4,4.0,4,5,5.0,4,4.0,4,4,4,4,4,4,5,5.0,5.0,4,4,5,5.0,4,4,5.0,5.0,5,4,5.0,4,3,4,5.0,5.0,4,5,5,4,5.0,4.0,4,4,4,4,4,4,4,3,4,4,5.0,4,3,5,5.0,4,4,4,4,4,5.0,4,5.0,5.0,4,2,4,4.0,4,4,5,4.0,3,4,5,,5.0,4,5.0,5.0,,4,4,5.0,4,4,5.0,5.0,5.0,4,5,4,4,4,4,5.0,4,4,4,4,5.0,4,5,4,5.0,5,4.0,4,4,4,4,5.0,4,5.0,4,4,5,5.0,4,4,0.0,4,4,4,0,4,4,5.0,5.0,5.0,4,4,4,5.0,4,4,4,4,5,4,4,3,3,4,4,4.0,4,5.0,5.0,4,5,3,4,5.0,4,4,5.0,4,4,5.0,5,5.0,5.0,4,5.0,4,4,4.0,5,4,5,5.0,4,4,4,5.0,4,5.0,4,,0,4,5,4,4,5.0,4.0,5,5,3.0,4,5,5,4,4,4,4.0,4,4,5,4,4,4,4.0,5.0,4,5,4,5.0,3,4,5.0,4,4,4,4,1,4.0,5.0,4,4,4,4,4,4,3,5,5.0,5.0,4,4,4.0,3.0,5.0,5.0,5.0,5.0,5.0,5,5.0,,5.0,,4,,5.0,,5.0,4,4,4,0.0,5.0,186,5,0.05420054200542,1.2636526410026858,-0.5724124843040777
2,3,3,3,3,4,4,3,3,2,0,1,2,1,3.0,3,3,3.0,4.0,3,2,4,3,4,3,3,1,3,3,3,2,3,4,4,3,3,4.0,4,3,3,3,4,3,3,4.0,4,3,3,4,4,4.0,3,3,,3,3,3,3,3,3,3,3,4.0,3,4.0,3,,4,3,3.0,3,2,3.0,3,3,3,3,3,4.0,3,3,3,2,3,3,3,3,3,4,3,4,2,4.0,3,4.0,3,2,3,3,4,4,4,3,4,2,3,4.0,4.0,3,4,4,3,4,3,4.0,3,4,4,3,4.0,4.0,4.0,4,3,3,4,2,4,4.0,4,4.0,3,4.0,2.0,3.0,3,4,4.0,3,4.0,3,3,4,4,3,4,3,4.0,4,3.0,4.0,4.0,3,4.0,4,4,4.0,3,4.0,3,4,4,4,3,4,3,4.0,,3,3,4,4.0,3,3,4.0,4.0,4,4,4.0,3,3,4,4.0,4.0,3,3,3,3,4.0,4.0,3,3,3,3,3,3,3,3,3,3,4.0,4,3,2,4.0,3,4,4,4,3,4.0,3,4.0,2.0,3,3,4,3.0,3,3,3,3.0,3,0,3,4.0,0.0,4,4.0,,,3,3,3.0,3,3,4.0,4.0,4.0,3,4,4,3,3,3,4.0,4,3,4,4,4.0,3,3,3,4.0,3,4.0,4,3,3,3,4.0,3,4.0,4,3,3,4.0,4,4,4.0,4,0,4,3,3,4,4.0,4.0,4.0,4,3,4,4.0,3,3,3,3,3,3,4,3,3,4,3,4.0,4,4.0,4.0,3,4,3,2,,4,2,4.0,3,3,4.0,3,4.0,4.0,3,4.0,1,3,4.0,4,4,4,4.0,4,3,3,4.0,3,4.0,3,,4,3,4,4,3,,4.0,4,4,4.0,3,4,4,4,4,4,4.0,3,4,4,3,4,4,4.0,4.0,3,4,3,4.0,3,3,4.0,3,3,3,4,3,4.0,4.0,3,4,4,3,3,4,3,4,4.0,4.0,3,3,4.0,4.0,4.0,,4.0,4.0,4.0,2,4.0,,4.0,,3,,3.0,,4.0,4,3,4,4.0,4.0,187,5,0.0489130434782608,1.2198142414860682,-0.605688908114113
3,3,3,3,3,3,3,3,3,3,3,3,3,3,3.0,3,3,3.0,3.0,3,2,3,3,3,3,3,0,3,3,2,3,2,3,4,3,3,3.0,3,3,3,4,3,3,3,4.0,3,3,3,3,3,3.0,3,3,,3,2,3,3,1,3,3,3,4.0,3,4.0,2,,3,3,,2,2,4.0,3,3,3,3,3,3.0,3,3,3,2,2,3,3,2,1,3,3,3,2,4.0,3,4.0,2,3,3,2,3,3,3,3,3,2,3,3.0,4.0,3,3,3,3,4,3,4.0,3,3,2,3,3.0,4.0,3.0,3,3,3,3,3,3,3.0,3,4.0,3,4.0,4.0,4.0,3,4,4.0,3,3.0,3,3,3,3,3,3,3,4.0,3,4.0,4.0,4.0,3,4.0,3,4,4.0,4,4.0,3,3,3,3,3,3,3,4.0,4.0,3,3,3,4.0,2,3,3.0,3.0,3,3,4.0,3,3,3,4.0,3.0,2,2,3,3,3.0,3.0,3,3,2,3,3,3,3,2,3,3,4.0,3,2,3,4.0,0,3,3,3,3,3.0,3,4.0,4.0,2,3,3,4.0,3,3,3,3.0,3,3,3,,4.0,2,4.0,4.0,0.0,3,3,3.0,3,3,4.0,4.0,4.0,3,4,3,3,3,3,4.0,3,0,3,4,4.0,3,3,3,4.0,3,4.0,3,3,3,3,3.0,3,4.0,4,1,1,1.0,3,3,4.0,3,3,3,3,3,3,4.0,4.0,4.0,3,3,3,4.0,3,3,3,3,3,3,3,2,3,3,3,3.0,3,4.0,4.0,2,3,3,3,4.0,3,3,1.0,3,2,4.0,4,3.0,4.0,2,4.0,3,3,4.0,3,4,3,4.0,2,3,3,4.0,3,3.0,3,4.0,3,3,3,3,3,4.0,4.0,3,3,4.0,3,4,3,3,3,3,4.0,3,4,4,3,3,3,4.0,3.0,2,3,3,4.0,3,3,4.0,3,1,3,3,3,3.0,4.0,3,4,3,3,2,4,3,3,4.0,4.0,3,3,3.0,4.0,4.0,4.0,4.0,4.0,4.0,3,3.0,,4.0,3.0,3,,3.0,,4.0,3,3,4,3.0,3.0,188,5,0.0481283422459893,1.2431427243142725,-0.6375260525025396
4,4,4,3,3,4,4,4,4,4,4,4,4,3,4.0,4,4,4.0,4.0,4,2,4,4,4,4,4,3,4,4,4,4,4,4,4,4,3,4.0,4,4,4,4,4,4,4,4.0,4,4,4,4,4,4.0,4,4,,4,3,4,4,4,4,3,4,4.0,4,4.0,4,,4,4,,3,3,4.0,4,4,3,4,4,4.0,3,3,4,3,4,0,4,4,3,3,4,4,3,4.0,2,,3,4,3,4,4,4,3,3,3,2,4,,4.0,4,4,1,4,4,2,4.0,4,4,4,4,4.0,,4.0,4,4,4,4,4,4,4.0,4,4.0,3,4.0,4.0,4.0,4,4,,3,4.0,4,3,4,4,4,3,1,,4,,,,3,,4,4,4.0,4,4.0,4,4,4,4,4,4,4,,,3,3,4,4.0,3,4,4.0,4.0,4,4,4.0,4,4,4,,4.0,3,4,3,4,4.0,4.0,3,4,3,4,4,3,4,2,4,3,,4,1,3,4.0,4,4,4,3,4,4.0,4,4.0,,3,4,0,4.0,3,4,4,4.0,3,3,4,,,4,,,,4,4,4.0,4,3,4.0,4.0,,4,4,4,4,4,4,4.0,4,3,3,4,,4,4,4,4.0,4,,4,4,3,3,4.0,4,,4,3,4,4.0,4,3,4.0,3,4,4,4,0,3,4.0,,,4,4,2,,4,4,4,4,4,4,4,3,4,4,4,4.0,4,4.0,4.0,3,1,4,4,,4,4,4.0,4,4,4.0,4,4.0,,3,,4,4,4.0,4,4,4,,4,4,4,4.0,4,4.0,4,,4,4,4,0,4,,,4,4,,4,4,4,3,4,3,4.0,4,4,4,3,4,4,4.0,4.0,3,4,3,,4,4,,4,3,4,4,4,4.0,4.0,3,4,4,4,4,4,3,4,4.0,,4,3,4.0,,4.0,,4.0,4.0,4.0,4,4.0,,,,4,,4.0,,,4,4,4,4.0,4.0,189,5,0.0477611940298507,1.2635587352873299,-0.43479350365565017
3,3,3,3,2,3,3,3,3,3,3,3,4,3,4.0,3,3,4.0,3.0,3,2,4,3,4,4,3,3,3,3,3,3,3,3,3,2,3,4.0,2,3,4,4,4,4,4,4.0,4,3,0,3,3,4.0,4,2,,3,3,3,3,3,3,3,3,4.0,4,4.0,3,,4,3,,3,3,4.0,3,3,3,4,4,3.0,4,2,2,3,3,3,3,3,1,3,4,4,3,4.0,3,4.0,0,2,4,3,3,3,3,3,3,3,3,4.0,4.0,3,4,1,3,4,3,4.0,3,3,3,3,4.0,3.0,3.0,4,3,3,4,3,3,3.0,3,4.0,3,4.0,4.0,4.0,3,4,4.0,3,3.0,3,3,4,3,4,3,4,4.0,4,4.0,4.0,4.0,3,4.0,4,4,4.0,4,4.0,3,2,4,3,3,3,4,4.0,,3,4,4,4.0,3,4,4.0,4.0,4,4,4.0,4,3,4,4.0,4.0,3,3,3,3,4.0,3.0,3,3,3,3,3,3,4,2,3,3,4.0,3,1,3,4.0,3,3,4,3,4,4.0,4,4.0,4.0,3,3,3,4.0,2,3,4,4.0,3,3,3,,4.0,3,4.0,4.0,,4,3,3.0,3,3,4.0,,4.0,3,4,4,3,3,3,4.0,3,3,3,3,4.0,3,3,3,3.0,4,4.0,2,3,3,3,4.0,3,4.0,4,3,4,4.0,4,3,4.0,4,4,0,3,4,3,4.0,4.0,4.0,4,3,3,4.0,3,4,3,3,3,3,3,2,3,4,4,4.0,4,4.0,4.0,3,4,4,3,4.0,4,4,4.0,1,3,4.0,3,4.0,4.0,3,4.0,3,3,4.0,3,2,3,4.0,3,4,3,4.0,4,3.0,3,,3,3,4,4,3,4.0,4.0,4,4,4.0,3,4,4,3,3,3,3.0,4,3,3,3,3,4,4.0,3.0,2,4,3,4.0,3,3,4.0,4,2,3,4,3,4.0,4.0,3,4,3,1,3,4,3,4,3.0,4.0,2,3,3.0,4.0,2.0,0.0,4.0,4.0,4.0,4,4.0,,4.0,,3,,4.0,,4.0,3,3,4,3.0,4.0,190,5,0.0431266846361186,1.2084231145935358,-0.6211932869970214
4,3,3,2,3,3,3,4,4,3,3,3,4,3,4.0,4,4,4.0,3.0,4,3,4,3,4,4,3,4,4,4,4,4,2,3,4,3,3,4.0,4,3,4,4,4,3,4,4.0,3,3,4,3,1,4.0,4,2,,4,3,4,3,4,3,3,3,4.0,4,4.0,4,,4,3,,3,2,4.0,4,3,2,3,4,4.0,3,3,4,3,3,4,3,4,3,4,3,4,3,4.0,3,,3,3,4,3,4,3,4,4,4,3,2,4.0,3.0,3,4,3,4,4,3,,3,3,4,4,4.0,4.0,4.0,4,3,3,4,3,4,4.0,4,4.0,3,1.0,4.0,4.0,3,4,2.0,3,4.0,4,3,4,3,4,4,4,4.0,4,4.0,4.0,4.0,3,,3,4,3.0,4,0.0,3,4,0,4,4,3,4,,1.0,4,3,4,4.0,3,4,4.0,4.0,4,4,4.0,4,4,4,4.0,4.0,3,4,3,3,4.0,4.0,3,3,3,3,4,4,4,3,4,4,4.0,3,4,3,4.0,4,4,3,4,4,4.0,4,4.0,,3,3,4,4.0,3,3,4,4.0,3,3,3,,4.0,4,4.0,,,4,4,4.0,4,3,4.0,,4.0,4,4,3,3,3,4,4.0,4,3,4,4,,4,4,3,4.0,4,4.0,4,4,2,4,4.0,3,4.0,4,3,4,4.0,3,2,4.0,4,4,4,4,4,3,4.0,4.0,4.0,4,0,4,4.0,0,4,4,3,4,4,1,1,3,3,4,4.0,4,,3.0,3,4,4,3,,4,4,4.0,3,3,4.0,4,4.0,4.0,3,4.0,3,4,4.0,4,4,4,4.0,4,4,4,4.0,3,4.0,1,,2,4,4,3,4,,4.0,4,4,4.0,4,4,2,3,3,4,4.0,4,4,3,4,4,4,4.0,4.0,3,4,4,,3,2,,4,3,4,4,3,4.0,4.0,2,4,4,3,4,4,4,4,4.0,4.0,4,3,4.0,4.0,4.0,,4.0,4.0,4.0,4,4.0,,4.0,,4,,3.0,,,3,4,4,4.0,4.0,191,5,0.0655270655270655,1.2154799924854405,-0.5438759144672182
4,4,4,4,4,4,4,5,4,4,4,4,4,4,5.0,4,4,3.0,5.0,3,4,5,3,4,4,4,4,4,4,4,4,4,4,5,4,4,5.0,5,4,5,4,4,4,4,5.0,5,4,0,4,4,5.0,4,3,,4,4,4,4,4,4,4,4,5.0,4,5.0,4,,5,4,,4,4,5.0,5,4,3,4,5,4.0,4,3,3,4,4,4,2,3,1,4,4,5,4,5.0,4,5.0,4,4,5,4,5,4,3,4,4,3,4,5.0,4.0,4,4,4,5,4,4,5.0,4,4,4,4,5.0,4.0,4.0,4,4,4,4,4,3,2.0,4,5.0,4,5.0,5.0,5.0,4,5,5.0,3,5.0,1,3,5,4,4,4,4,5.0,4,5.0,5.0,5.0,4,5.0,4,5,5.0,4,5.0,4,4,5,5,4,5,5,5.0,5.0,3,4,4,4.0,2,5,4.0,0.0,5,4,4.0,4,4,4,5.0,4.0,4,4,0,4,5.0,5.0,3,4,3,4,5,4,5,3,4,4,5.0,4,4,4,5.0,4,5,4,4,4,4.0,4,5.0,5.0,4,4,5,5.0,4,4,5,5.0,4,4,5,,5.0,4,5.0,5.0,,5,4,5.0,4,4,5.0,5.0,5.0,4,5,5,3,4,4,5.0,4,3,4,5,5.0,4,4,4,5.0,5,5.0,4,4,4,5,5.0,4,5.0,5,4,4,4.0,4,4,5.0,4,5,4,5,4,4,5.0,5.0,5.0,4,3,4,4.0,4,5,4,4,4,4,4,4,4,4,5,5.0,4,5.0,5.0,4,5,4,4,,5,4,5.0,4,4,5.0,4,5.0,5.0,4,5.0,1,4,5.0,5,4,3,2.0,4,5,4,5.0,4,5.0,4,,4,4,4,4,4,,1.0,5,5,5.0,5,5,4,4,4,4,5.0,5,5,4,4,5,4,3.0,5.0,4,5,3,5.0,4,4,5.0,4,4,4,4,4,5.0,5.0,4,5,4,4,5,5,4,5,5.0,5.0,4,5,5.0,5.0,5.0,,5.0,5.0,5.0,4,5.0,,5.0,,4,,5.0,,0.0,4,4,5,5.0,5.0,192,5,0.0404312668463611,1.2650501672240804,-0.6288902072495224
3,3,4,3,3,4,4,4,4,4,3,4,4,3,4.0,4,4,4.0,4.0,4,3,4,4,4,4,3,2,4,3,4,3,3,4,4,3,2,4.0,4,4,3,4,4,3,4,4.0,3,3,4,3,4,4.0,4,4,,4,3,4,3,4,1,3,3,4.0,4,4.0,4,,4,4,,3,3,4.0,4,4,4,4,4,4.0,4,2,4,3,4,4,4,3,3,3,0,4,3,4.0,4,,3,3,4,4,4,4,4,2,3,3,4,4.0,4.0,3,4,4,2,3,3,4.0,3,4,3,1,4.0,,4.0,4,4,3,4,3,4,4.0,4,4.0,3,4.0,4.0,4.0,3,4,4.0,3,4.0,4,4,4,3,3,4,4,4.0,3,4.0,4.0,,3,4.0,4,4,4.0,4,4.0,3,4,4,4,4,4,4,4.0,,4,4,4,4.0,3,4,4.0,4.0,4,4,4.0,4,3,4,4.0,4.0,3,4,4,4,4.0,4.0,3,4,3,3,4,4,4,3,4,3,4.0,4,3,4,4.0,4,4,4,4,4,4.0,4,1.0,4.0,3,3,4,4.0,3,4,4,4.0,3,3,4,4.0,4.0,4,4.0,,,4,4,4.0,4,4,4.0,,4.0,4,4,4,2,3,4,3.0,4,3,4,4,,4,3,3,4.0,3,4.0,4,4,2,4,4.0,3,,4,4,3,4.0,4,4,4.0,4,4,4,3,4,3,4.0,4.0,4.0,4,3,4,,4,4,4,3,4,4,4,3,4,4,4,3.0,4,,4.0,4,4,4,4,,4,2,4.0,4,3,4.0,4,4.0,3.0,3,4.0,4,3,4.0,4,4,4,4.0,4,3,4,4.0,3,4.0,3,4.0,4,4,4,4,4,4.0,4.0,4,4,4.0,4,4,4,3,3,4,4.0,4,4,4,4,4,0,4.0,4.0,2,4,3,,4,4,4.0,3,3,4,4,3,4.0,4.0,0,4,0,4,4,4,4,4,4.0,4.0,4,4,4.0,4.0,4.0,,4.0,4.0,4.0,4,4.0,,,,4,,4.0,,,4,4,4,4.0,,193,5,0.056338028169014,1.2125415120140652,-0.530166277677161
3,3,4,3,2,4,3,4,3,3,3,3,4,4,4.0,4,3,4.0,4.0,1,2,3,3,4,4,3,2,1,3,3,4,3,3,4,3,3,4.0,4,4,4,4,3,4,4,4.0,2,3,4,3,3,4.0,3,3,,4,3,4,3,4,3,4,4,4.0,4,4.0,4,,4,3,,3,3,4.0,3,2,3,4,4,3.0,4,3,3,3,4,4,3,4,3,4,4,4,3,4.0,3,,1,3,4,4,4,3,0,3,4,3,3,4.0,4.0,3,4,2,4,4,3,4.0,2,4,4,4,3.0,4.0,4.0,4,4,3,4,4,3,2.0,4,4.0,2,4.0,4.0,4.0,3,4,,3,3.0,4,3,4,3,4,4,4,4.0,4,4.0,4.0,4.0,4,4.0,4,4,4.0,4,4.0,3,4,4,4,4,4,4,4.0,,3,4,4,4.0,2,4,4.0,4.0,4,4,4.0,3,4,4,4.0,3.0,3,4,3,3,4.0,4.0,3,3,3,3,4,4,4,3,3,3,4.0,3,3,3,4.0,4,4,4,4,4,4.0,4,4.0,4.0,3,3,4,4.0,3,3,4,0.0,4,3,4,,4.0,4,4.0,,,4,3,4.0,3,4,4.0,,4.0,4,4,3,4,4,4,4.0,4,3,4,4,,3,0,3,4.0,4,4.0,4,3,4,4,4.0,3,4.0,4,3,4,4.0,4,4,4.0,4,4,4,4,4,3,4.0,4.0,,4,4,4,,4,4,3,3,3,4,4,3,3,4,4,4.0,4,4.0,4.0,3,4,3,4,,4,3,4.0,3,4,4.0,3,4.0,4.0,3,4.0,3,4,4.0,4,4,3,0.0,4,4,3,3.0,3,4.0,4,4.0,3,4,4,4,3,,4.0,4,4,4.0,4,2,4,3,3,3,4.0,4,3,3,4,2,4,4.0,3.0,3,4,3,4.0,4,3,,4,2,4,4,3,4.0,4.0,3,4,4,3,4,4,3,3,4.0,4.0,3,3,1.0,4.0,4.0,,4.0,4.0,4.0,4,4.0,,4.0,,3,,4.0,,4.0,4,4,4,4.0,4.0,194,5,0.0588235294117647,1.1962095875139354,-0.5403405532466922
3,4,4,4,4,4,4,4,4,4,3,4,4,4,4.0,4,4,4.0,4.0,4,3,4,1,4,4,4,3,4,3,4,4,4,4,4,4,4,4.0,4,4,4,4,4,4,4,5.0,4,4,4,4,5,4.0,4,4,,2,0,4,4,4,4,4,3,3.0,4,5.0,4,,4,4,,4,3,5.0,5,4,4,4,4,4.0,4,4,3,4,4,4,4,3,3,4,4,4,3,0.0,4,5.0,4,3,4,4,4,4,4,4,4,3,3,1.0,4.0,4,4,4,4,4,4,5.0,3,4,4,4,4.0,5.0,4.0,4,4,3,3,4,4,4.0,4,4.0,4,4.0,4.0,4.0,3,4,5.0,4,4.0,4,3,4,4,4,4,4,5.0,4,5.0,5.0,5.0,4,5.0,4,4,4.0,4,4.0,3,3,4,4,4,4,1,5.0,0.0,4,1,4,4.0,3,4,4.0,4.0,4,4,5.0,4,4,4,4.0,4.0,4,4,4,4,4.0,5.0,4,4,3,4,4,4,4,2,4,3,5.0,4,3,4,5.0,2,4,3,4,4,5.0,4,5.0,5.0,4,3,4,4.0,3,2,4,4.0,4,3,4,,5.0,4,4.0,5.0,,4,4,4.0,4,4,4.0,5.0,5.0,4,4,4,4,3,4,4.0,4,3,4,4,5.0,4,4,4,5.0,4,4.0,4,3,4,4,5.0,4,5.0,4,4,4,3.0,4,4,4.0,4,4,4,4,4,1,4.0,5.0,5.0,3,4,3,5.0,4,4,4,4,4,4,4,3,4,4,4,4.0,5,5.0,5.0,3,5,4,4,5.0,4,4,4.0,4,2,5.0,4,4.0,5.0,4,5.0,3,4,4.0,4,0,3,4.0,4,4,3,4.0,4,4.0,4,5.0,4,3,3,4,4,5.0,4.0,1,4,5.0,4,4,4,4,3,4,4.0,4,4,4,4,4,3,4.0,4.0,4,4,4,5.0,4,4,5.0,4,4,3,4,4,5.0,5.0,4,4,4,4,4,4,4,3,4.0,5.0,4,4,5.0,4.0,4.0,5.0,4.0,4.0,4.0,5,4.0,,5.0,,4,,4.0,,5.0,4,4,4,5.0,5.0,195,5,0.0655737704918032,1.297303579730358,-0.5589815353956366
4,3,3,2,3,0,3,4,3,3,3,3,3,3,3.0,3,3,4.0,4.0,4,2,4,3,3,3,3,3,3,3,4,3,3,3,4,3,3,4.0,4,3,4,4,4,3,3,4.0,4,3,4,3,4,4.0,4,3,,4,3,3,3,1,2,3,3,3.0,4,4.0,3,,4,3,,1,2,4.0,4,3,3,3,4,4.0,3,2,3,3,3,4,3,3,3,3,3,3,2,4.0,3,4.0,3,3,3,3,4,2,3,3,4,3,3,4.0,0.0,3,3,2,3,3,3,4.0,3,3,3,4,4.0,4.0,3.0,4,3,3,3,3,3,4.0,4,4.0,0,3.0,4.0,4.0,3,4,4.0,3,4.0,4,2,4,2,4,4,4,4.0,4,4.0,4.0,4.0,3,4.0,3,4,3.0,3,1.0,3,2,2,3,4,4,4,4.0,4.0,3,4,4,4.0,3,4,4.0,4.0,3,3,4.0,4,3,3,4.0,4.0,3,3,3,3,4.0,4.0,3,3,3,4,3,3,3,3,4,3,4.0,3,4,4,4.0,3,3,3,3,4,4.0,4,4.0,4.0,3,3,4,4.0,3,3,4,4.0,3,3,4,,4.0,3,4.0,4.0,,3,3,4.0,3,3,4.0,4.0,4.0,2,3,3,3,3,2,4.0,4,3,4,4,4.0,3,3,4,4.0,4,4.0,3,4,4,3,4.0,3,4.0,4,3,4,4.0,4,3,4.0,4,4,3,3,4,3,4.0,4.0,4.0,4,4,3,4.0,3,4,4,3,4,3,3,3,3,4,3,3.0,4,,4.0,3,4,3,3,,4,3,4.0,3,3,3.0,4,4.0,4.0,3,4.0,4,4,4.0,4,4,4,4.0,4,4,3,4.0,4,3.0,1,4.0,3,3,2,4,3,4.0,3.0,4,4,4.0,0,4,4,3,3,3,3.0,3,3,4,3,3,3,4.0,4.0,3,4,3,4.0,3,3,4.0,3,3,3,4,3,4.0,4.0,1,3,4,3,4,4,3,4,4.0,3.0,3,3,4.0,4.0,4.0,,3.0,4.0,4.0,4,4.0,,4.0,,3,,1.0,,4.0,3,3,4,4.0,3.0,196,5,0.0544959128065395,1.236180904522613,-0.6190973618846557
3,3,4,3,3,3,3,4,3,4,3,3,3,3,4.0,3,4,4.0,4.0,3,2,4,3,4,4,3,1,3,3,4,3,3,3,4,3,3,4.0,4,3,4,4,4,2,4,4.0,3,3,3,3,3,4.0,3,2,,4,3,3,2,3,3,3,3,4.0,4,4.0,3,,4,3,,2,3,4.0,4,4,3,4,4,3.0,3,2,3,3,4,4,3,3,0,3,4,3,3,4.0,3,4.0,3,3,4,4,3,4,3,3,3,3,3,4.0,4.0,3,4,3,4,3,3,4.0,3,3,3,3,4.0,4.0,4.0,4,3,3,3,3,3,4.0,4,4.0,3,4.0,4.0,3.0,3,4,3.0,3,3.0,3,3,4,3,3,4,4,4.0,3,4.0,4.0,4.0,3,4.0,3,4,4.0,4,4.0,3,4,4,4,3,4,4,4.0,,3,3,4,4.0,2,4,4.0,4.0,4,4,4.0,4,3,3,4.0,4.0,3,3,1,3,4.0,4.0,3,3,3,3,3,3,4,2,3,3,4.0,4,3,3,4.0,3,4,4,3,3,4.0,3,4.0,4.0,3,3,4,4.0,2,3,3,4.0,3,3,4,,4.0,3,4.0,,4.0,3,3,4.0,3,4,3.0,4.0,4.0,3,4,3,3,0,3,4.0,3,3,2,4,4.0,3,3,3,4.0,4,4.0,4,3,3,4,4.0,3,4.0,4,3,3,4.0,3,3,4.0,4,4,1,3,2,3,2.0,4.0,4.0,4,3,4,4.0,3,4,4,3,4,3,3,3,3,3,2,4.0,4,4.0,4.0,3,4,4,3,,4,3,3.0,3,3,4.0,3,4.0,4.0,3,3.0,4,3,4.0,4,3,3,4.0,4,3,3,4.0,4,4.0,2,,3,3,4,3,3,,4.0,3,4,4.0,4,3,4,3,3,3,4.0,3,4,4,3,3,4,4.0,4.0,2,3,3,4.0,1,3,4.0,3,3,3,4,3,4.0,4.0,2,4,0,3,4,4,3,4,4.0,4.0,3,3,4.0,4.0,4.0,,4.0,4.0,4.0,3,4.0,,4.0,,4,,3.0,,0.0,3,3,4,4.0,4.0,197,5,0.0547945205479452,1.2203721841332027,-0.6482564051645349
3,3,3,3,2,4,4,3,3,3,3,3,3,3,4.0,4,4,4.0,4.0,3,2,3,3,4,4,4,1,3,2,1,3,3,3,4,3,3,2.0,4,4,3,4,4,4,4,4.0,3,2,4,3,4,3.0,3,3,,3,3,3,3,3,3,3,3,4.0,4,4.0,4,,4,3,,3,3,4.0,3,4,3,4,4,4.0,4,3,3,2,3,4,3,3,3,4,4,4,3,4.0,3,4.0,1,3,4,4,3,3,3,3,3,3,4,4.0,4.0,3,3,3,4,4,3,4.0,3,4,0,3,4.0,4.0,4.0,4,3,3,3,3,4,4.0,3,4.0,3,4.0,4.0,4.0,4,4,4.0,3,4.0,4,3,4,3,4,4,4,4.0,4,4.0,4.0,4.0,3,4.0,4,4,4.0,4,4.0,3,4,4,4,4,3,3,4.0,,3,4,4,3.0,2,4,4.0,4.0,4,4,4.0,4,4,4,4.0,4.0,3,3,3,3,4.0,4.0,3,3,3,3,4,1,4,3,3,3,4.0,4,3,3,4.0,4,4,4,4,4,4.0,4,3.0,4.0,3,3,4,4.0,3,3,4,4.0,3,3,3,,4.0,4,4.0,4.0,,4,3,4.0,4,4,4.0,,4.0,4,4,3,3,2,4,3.0,4,3,4,4,4.0,4,3,3,4.0,4,3.0,4,4,4,4,4.0,0,4.0,4,3,3,4.0,4,3,4.0,3,4,4,3,4,4,4.0,4.0,4.0,4,4,4,,4,3,4,3,4,3,3,2,3,4,4,4.0,4,4.0,4.0,2,4,3,3,,4,3,4.0,3,3,4.0,4,4.0,4.0,4,4.0,4,4,0.0,4,4,3,4.0,4,3,4,4.0,4,4.0,3,,3,4,4,4,4,4.0,4.0,4,4,4.0,3,4,4,3,4,4,4.0,4,4,4,3,3,4,4.0,3.0,2,4,3,4.0,3,3,4.0,4,3,3,4,3,4.0,4.0,3,4,4,3,4,4,3,4,4.0,4.0,3,1,4.0,4.0,4.0,,4.0,0.0,4.0,4,4.0,,4.0,,3,,3.0,,,3,3,4,4.0,4.0,198,5,0.037940379403794,1.2275711159737417,-0.6401513792948654
3,2,3,3,2,3,3,3,3,3,3,3,3,3,4.0,3,4,4.0,4.0,3,3,3,3,4,2,3,3,3,3,3,2,3,3,3,3,3,4.0,3,3,3,3,3,3,3,4.0,3,0,3,1,3,2.0,3,3,,3,3,3,3,3,3,3,3,3.0,4,4.0,3,,4,3,,2,2,4.0,3,3,3,3,3,3.0,3,2,3,2,3,4,3,3,2,3,3,4,3,4.0,4,4.0,2,3,3,3,3,3,2,0,3,3,3,4.0,4.0,3,3,3,3,3,3,3.0,2,2,3,3,3.0,4.0,4.0,3,3,2,3,3,3,3.0,3,4.0,3,4.0,4.0,4.0,3,4,3.0,3,4.0,3,3,4,1,3,3,3,3.0,4,4.0,4.0,4.0,3,4.0,3,2,4.0,4,4.0,3,3,3,4,3,3,3,4.0,4.0,3,3,4,4.0,3,4,3.0,4.0,4,4,4.0,4,3,3,4.0,3.0,3,3,3,3,4.0,4.0,3,3,2,3,3,3,3,2,3,3,4.0,3,3,3,4.0,3,3,3,3,3,4.0,3,4.0,4.0,3,3,3,4.0,2,3,4,3.0,3,2,4,,3.0,1,4.0,,,3,3,4.0,3,3,3.0,4.0,4.0,3,4,3,3,2,3,4.0,3,2,3,3,4.0,3,3,3,4.0,4,4.0,3,0,3,4,4.0,3,4.0,3,3,3,3.0,3,3,4.0,3,3,3,3,2,3,4.0,4.0,4.0,4,3,3,4.0,3,4,3,3,3,1,3,1,2,3,3,4.0,4,4.0,4.0,2,3,3,3,4.0,3,3,4.0,2,3,4.0,3,4.0,4.0,3,4.0,3,3,4.0,2,3,3,4.0,2,3,3,4.0,3,4.0,3,4.0,3,3,3,3,3,4.0,4.0,3,4,4.0,3,3,3,3,3,3,4.0,3,4,3,3,3,3,4.0,4.0,3,3,3,4.0,3,2,4.0,3,3,3,3,3,3.0,4.0,3,3,3,3,0,4,3,3,4.0,4.0,3,3,3.0,4.0,4.0,4.0,4.0,4.0,4.0,3,4.0,,4.0,,3,,4.0,,4.0,3,3,3,3.0,4.0,199,5,0.05420054200542,1.2159065873540427,-0.6569743268950936
