0,1,2,3,4,5,6,7,8,9,10,11,12,13,14,15,16,17,18,19,20,21,22,23,24,25,26,27,28,29,30,31,32,33,34,35,36,37,38,39,40,41,42,43,44,45,46,47,48,49,50,51,52,53,54,55,56,57,58,59,60,61,62,63,64,65,66,67,68,69,70,71,72,73,74,75,76,77,78,79,80,81,82,83,84,85,86,87,88,89,90,91,92,93,94,95,96,97,98,99,100,101,102,103,104,105,106,107,108,109,110,111,112,113,114,115,116,117,118,119,120,121,122,123,124,125,126,127,128,129,130,131,132,133,134,135,136,137,138,139,140,141,142,143,144,145,146,147,148,149,150,151,152,153,154,155,156,157,158,159,160,161,162,163,164,165,166,167,168,169,170,171,172,173,174,175,176,177,178,179,180,181,182,183,184,185,186,187,188,189,190,191,192,193,194,195,196,197,198,199,200,201,202,203,204,205,206,207,208,209,210,211,212,213,214,215,216,217,218,219,220,221,222,223,224,225,226,227,228,229,230,231,232,233,234,235,236,237,238,239,240,241,242,243,244,245,246,247,248,249,250,251,252,253,254,255,256,257,258,259,260,261,262,263,264,265,266,267,268,269,270,271,272,273,274,275,276,277,278,279,280,281,282,283,284,285,286,287,288,289,290,291,292,293,294,295,296,297,298,299,300,301,302,303,304,305,306,307,308,309,310,311,312,313,314,315,316,317,318,319,320,321,322,323,324,325,326,327,328,329,330,331,332,333,334,335,336,337,338,339,340,341,342,343,344,345,346,347,348,349,350,351,352,353,354,355,356,357,358,359,360,361,362,363,364,365,366,367,368,369,370,371,372,373,374,375,376,377,378,379,380,381,382,383,384,385,386,387,388,389,390,391,392,393,394,395,396,397,398,399,400,401,402,seed,complex_param,EPH,corr
5.0,5,2.0,4,4,5.0,5.0,5.0,3,4.0,4,4.0,4.0,4,5.0,5.0,3.0,5.0,,5.0,3,5.0,5,5.0,5.0,4,4,5,5,5.0,2,4,5.0,,4,4,5.0,5.0,5,5.0,5.0,5.0,4.0,5.0,,5.0,5,5.0,4,5.0,,5.0,4,,5.0,4,5.0,5,5.0,0,5,4,,5.0,,0.0,,5.0,4,,4,3,5.0,5.0,5.0,5,5.0,5.0,0.0,5.0,4,5,5,5.0,5.0,5,5,4,5.0,5.0,5.0,4,,5.0,,4,2,5.0,4,4.0,4,5.0,5,5.0,3,1,,,5,5.0,5,5.0,5.0,4,,5,5,5.0,5.0,5.0,5.0,,5.0,5,5,5.0,5,5.0,5.0,5.0,5.0,4,,,5.0,5.0,,,5,,2.0,4,0.0,5,5.0,5.0,5.0,,5.0,5.0,,,4,,5.0,5.0,,5.0,,4,5.0,,5.0,5.0,5.0,,,,5,5.0,5.0,,4,5.0,,,,5.0,,5.0,5.0,5.0,,5.0,4,5.0,5,5,5.0,5.0,4,2,5,5,5.0,4.0,4.0,3,0.0,0,,5.0,4.0,5.0,,5.0,5.0,5.0,5.0,5.0,5.0,5.0,,,5,5.0,3.0,5.0,5,5,5.0,,4,5,5.0,,,5.0,,,0.0,4.0,5,5.0,5.0,5.0,,,,5,5.0,5.0,5.0,5,5.0,,5.0,4,5.0,,,5,5.0,5.0,,5.0,,5.0,5,5.0,5.0,,5,,5.0,5.0,5.0,5.0,5.0,5.0,,5.0,5.0,5.0,5.0,5.0,4.0,,,,5.0,5.0,5.0,,5.0,5.0,5.0,5,5.0,5,5,4,5,5.0,1.0,0.0,5.0,0.0,,5,,5.0,5,,,5.0,,5.0,5.0,,5.0,,,5.0,3.0,5.0,5.0,,5.0,3.0,5.0,,,5.0,4,,5.0,0.0,5,,5.0,4.0,5.0,5.0,5.0,,,5.0,,,5.0,3.0,5.0,5,5.0,5.0,,5.0,5.0,5.0,5.0,,5.0,,,5,5.0,5,,5,5,,2.0,4,4,5.0,5,,,4,5.0,5.0,5,5.0,5.0,5,5.0,,,5,5.0,4.0,,,,,5.0,5.0,5.0,,,,,5.0,,,,,3.0,5.0,5.0,,,0,9,1.6200527704485488,-0.35032971053485806
5.0,5,5.0,4,4,5.0,5.0,5.0,5,5.0,5,5.0,5.0,4,5.0,5.0,5.0,,,5.0,4,3.0,5,5.0,5.0,5,4,5,5,0.0,5,4,5.0,5.0,3,5,5.0,,5,5.0,5.0,5.0,5.0,5.0,,5.0,5,5.0,5,5.0,,5.0,5,,5.0,4,5.0,5,5.0,5,4,5,0.0,5.0,,5.0,,5.0,5,,4,4,,5.0,5.0,4,5.0,5.0,4.0,5.0,4,5,4,4.0,5.0,5,5,4,5.0,5.0,,4,0.0,5.0,,4,3,2.0,5,5.0,4,5.0,5,5.0,4,5,,,5,5.0,5,5.0,,5,5.0,4,5,5.0,5.0,5.0,,5.0,5.0,5,5,5.0,5,5.0,5.0,5.0,5.0,4,,,,5.0,,,5,5.0,4.0,2,5.0,5,5.0,5.0,0.0,,5.0,,,,4,,5.0,5.0,,1.0,,5,5.0,5.0,5.0,4.0,5.0,5.0,,,4,5.0,5.0,,0,5.0,4.0,,5.0,5.0,,1.0,5.0,5.0,,5.0,4,5.0,5,4,5.0,5.0,3,5,4,5,5.0,5.0,5.0,3,5.0,4,,5.0,5.0,5.0,,5.0,3.0,5.0,5.0,5.0,5.0,2.0,,,5,5.0,5.0,5.0,5,3,,5.0,4,4,5.0,,,,,,,,5,,5.0,5.0,5.0,,0.0,5,5.0,5.0,5.0,5,5.0,,5.0,3,1.0,,,5,5.0,5.0,,,,5.0,5,5.0,5.0,,5,,,4.0,5.0,5.0,5.0,5.0,,5.0,5.0,5.0,5.0,5.0,5.0,5.0,,,5.0,5.0,5.0,,5.0,5.0,4.0,4,5.0,5,5,4,0,5.0,5.0,,0.0,,4.0,4,5.0,5.0,4,,5.0,5.0,,5.0,5.0,,5.0,,,5.0,3.0,5.0,5.0,5.0,,,5.0,,5.0,5.0,5,5.0,5.0,,5,,5.0,5.0,5.0,5.0,5.0,,,2.0,5.0,,5.0,5.0,,5,5.0,1.0,,5.0,5.0,2.0,5.0,5.0,5.0,,5.0,4,5.0,5,,4,0,,5.0,4,5,5.0,5,,,5,5.0,5.0,5,5.0,0.0,5,5.0,5.0,,5,3.0,,,,,,,5.0,2.0,,,,,4.0,,5.0,,,5.0,5.0,4.0,,,1,9,1.6638838475499091,-0.25153122092204416
4.0,4,5.0,4,3,4.0,5.0,5.0,4,4.0,4,4.0,5.0,4,5.0,4.0,4.0,5.0,5.0,4.0,0,5.0,4,1.0,4.0,4,4,4,4,4.0,4,4,0.0,2.0,3,4,5.0,5.0,5,5.0,5.0,5.0,5.0,5.0,,5.0,4,4.0,4,5.0,5.0,4.0,3,,4.0,0,5.0,4,4.0,4,4,3,5.0,5.0,,5.0,,5.0,4,,3,4,5.0,5.0,4.0,4,5.0,0.0,5.0,2.0,3,4,1,4.0,5.0,4,4,3,5.0,4.0,5.0,3,5.0,5.0,,4,3,4.0,4,4.0,0,5.0,4,4.0,3,3,5.0,5.0,4,0.0,5,5.0,5.0,4,5.0,3,4,4.0,4.0,5.0,5.0,5.0,5.0,4,4,4.0,4,4.0,2.0,4.0,5.0,4,5.0,5.0,5.0,4.0,5.0,,4,5.0,4.0,4,5.0,4,5.0,5.0,5.0,,5.0,5.0,,5.0,4,,5.0,5.0,5.0,5.0,5.0,3,0.0,5.0,4.0,2.0,5.0,5.0,,,4,5.0,5.0,5.0,3,5.0,5.0,5.0,5.0,5.0,5.0,4.0,5.0,4.0,5.0,5.0,4,4.0,4,4,1.0,5.0,4,4,4,2,4.0,4.0,5.0,3,0.0,4,0.0,4.0,4.0,4.0,5.0,4.0,4.0,5.0,4.0,2.0,5.0,5.0,5.0,,4,5.0,5.0,5.0,4,4,5.0,5.0,4,4,5.0,,5.0,5.0,5.0,,,5.0,4,5.0,4.0,5.0,5.0,,5.0,5,5.0,5.0,4.0,4,5.0,5.0,5.0,4,5.0,5.0,,4,5.0,4.0,5.0,5.0,5.0,5.0,4,1.0,4.0,5.0,4,,5.0,4.0,5.0,5.0,4.0,4.0,5.0,5.0,5.0,5.0,4.0,4.0,4.0,1.0,5.0,,4.0,1.0,4.0,,4.0,5.0,5.0,4,5.0,3,4,4,4,4.0,5.0,5.0,5.0,,5.0,4,5.0,4.0,4,,5.0,4.0,5.0,4.0,4.0,5.0,5.0,5.0,5.0,4.0,,5.0,4.0,5.0,4.0,5.0,5.0,5.0,5.0,3.0,4,5.0,5.0,5.0,4,,5.0,4.0,5.0,4.0,4.0,5.0,5.0,5.0,5.0,4.0,4.0,5.0,0.0,4,4.0,5.0,5.0,4.0,4.0,5.0,4.0,5.0,5.0,5.0,5.0,2,4.0,3,,4,4,,1.0,4,5,5.0,4,5.0,5.0,4,5.0,4.0,3,3.0,5.0,4,5.0,5.0,,4,4.0,5.0,5.0,5.0,,5.0,5.0,5.0,5.0,4.0,,,,3.0,,5.0,,,4.0,5.0,5.0,5.0,,2,9,1.5860072775388687,-0.6136182206200713
5.0,5,5.0,4,5,5.0,5.0,5.0,4,5.0,4,4.0,2.0,4,5.0,5.0,0.0,5.0,5.0,5.0,2,5.0,5,5.0,5.0,4,5,5,5,5.0,5,4,5.0,,4,4,,,5,5.0,5.0,5.0,5.0,5.0,,5.0,5,5.0,5,5.0,,5.0,4,,5.0,5,4.0,5,5.0,5,5,5,,5.0,,5.0,,0.0,5,,3,3,1.0,5.0,5.0,4,5.0,5.0,,5.0,5,4,4,5.0,5.0,5,5,5,,5.0,,3,,5.0,,4,4,5.0,0,5.0,3,5.0,5,,4,0,2.0,,5,,5,5.0,4.0,5,,5,5,,5.0,,3.0,,5.0,5,5,5.0,5,5.0,,5.0,,5,,5.0,5.0,5.0,,,5,,5.0,4,5.0,5,5.0,5.0,5.0,,5.0,,,,4,,5.0,0.0,,5.0,5.0,4,4.0,5.0,5.0,5.0,5.0,,,,5,3.0,,,5,5.0,,,,5.0,,5.0,5.0,5.0,,,5,5.0,5,5,5.0,5.0,4,1,4,4,5.0,2.0,4.0,3,5.0,4,,5.0,5.0,5.0,,5.0,5.0,3.0,5.0,0.0,5.0,5.0,,,5,5.0,5.0,5.0,4,5,5.0,5.0,4,4,5.0,,,5.0,,,,5.0,5,5.0,5.0,1.0,,,,0,5.0,,5.0,5,5.0,5.0,5.0,4,5.0,,,5,5.0,5.0,,,,5.0,5,5.0,5.0,,5,,5.0,5.0,5.0,,,5.0,,5.0,5.0,5.0,4.0,5.0,5.0,,5.0,,5.0,5.0,4.0,,5.0,5.0,5.0,4,5.0,4,5,4,5,,5.0,5.0,0.0,,,4,,5.0,2,,,5.0,5.0,5.0,5.0,,5.0,,4.0,5.0,,3.0,,5.0,,,5.0,,5.0,5.0,5,,5.0,0.0,5,,,4.0,5.0,5.0,5.0,,,,,,5.0,,,5,5.0,5.0,,0.0,,5.0,5.0,,,5.0,,5,5.0,5,,5,5,,5.0,4,5,5.0,5,,,5,5.0,,5,5.0,5.0,5,5.0,,,5,4.0,,,,,,,5.0,,4.0,,,,5.0,,,,,5.0,5.0,5.0,,,3,9,1.6605986346928059,-0.2663285598411765
4.0,4,4.0,3,3,4.0,0.0,4.0,4,3.0,3,4.0,1.0,3,4.0,4.0,4.0,4.0,,4.0,3,4.0,4,4.0,3.0,2,3,3,4,4.0,1,3,4.0,4.0,3,3,4.0,4.0,4,4.0,4.0,4.0,4.0,4.0,,4.0,3,4.0,3,1.0,,4.0,4,,4.0,4,4.0,4,4.0,3,3,0,,,,4.0,,4.0,3,2.0,2,1,4.0,4.0,4.0,3,4.0,4.0,4.0,4.0,3,3,3,4.0,1.0,4,4,3,4.0,4.0,,2,,4.0,,3,3,4.0,4,4.0,0,4.0,4,2.0,3,4,,,4,3.0,4,4.0,4.0,3,,4,4,3.0,1.0,4.0,4.0,4.0,4.0,4,4,4.0,4,4.0,4.0,4.0,,3,,,2.0,4.0,4.0,,4,4.0,4.0,3,4.0,4,3.0,4.0,4.0,3.0,4.0,4.0,,,4,,4.0,,,4.0,,4,4.0,,4.0,4.0,4.0,4.0,,,4,4.0,,,3,4.0,4.0,4.0,,4.0,,4.0,4.0,4.0,,4.0,0,4.0,3,4,4.0,4.0,3,3,4,3,4.0,1.0,4.0,3,4.0,3,,4.0,3.0,4.0,,4.0,4.0,4.0,4.0,4.0,4.0,4.0,,,4,4.0,4.0,4.0,4,4,4.0,4.0,3,4,4.0,,,4.0,,4.0,,4.0,4,,4.0,4.0,,,,4,4.0,4.0,4.0,4,4.0,4.0,4.0,2,4.0,4.0,,4,1.0,4.0,,4.0,,4.0,4,2.0,3.0,4.0,3,,4.0,4.0,4.0,,4.0,2.0,,4.0,4.0,4.0,0.0,4.0,4.0,4.0,4.0,,4.0,4.0,4.0,,2.0,4.0,4.0,3,4.0,4,4,0,3,4.0,4.0,4.0,4.0,,,4,4.0,4.0,4,,,3.0,,4.0,3.0,,4.0,,0.0,4.0,,4.0,4.0,,4.0,4.0,0.0,,4.0,4.0,4,2.0,4.0,,4,,4.0,4.0,0.0,4.0,4.0,2.0,,4.0,,,4.0,,4.0,4,0.0,4.0,,4.0,4.0,4.0,4.0,4.0,4.0,,,3,4.0,4,,4,3,,4.0,4,4,4.0,4,,,4,4.0,4.0,4,4.0,4.0,4,4.0,,,4,4.0,4.0,,,,,,,,,,,,4.0,,4.0,,,3.0,4.0,1.0,,,4,9,1.6010261854210899,-0.3747635617149716
4.0,5,4.0,4,4,4.0,4.0,5.0,4,5.0,5,4.0,5.0,4,5.0,4.0,4.0,5.0,5.0,4.0,3,5.0,4,5.0,5.0,4,2,4,4,4.0,4,3,4.0,5.0,5,4,5.0,5.0,4,5.0,5.0,5.0,5.0,5.0,,4.0,5,4.0,4,0.0,5.0,5.0,0,,4.0,4,4.0,4,4.0,4,4,4,5.0,5.0,,5.0,,5.0,4,,3,0,5.0,5.0,4.0,4,5.0,5.0,5.0,4.0,3,4,4,4.0,5.0,4,4,3,5.0,5.0,5.0,4,,5.0,,4,3,5.0,4,4.0,4,5.0,4,1.0,3,4,5.0,3.0,4,5.0,4,5.0,4.0,4,5.0,4,4,5.0,5.0,5.0,5.0,5.0,4.0,0,4,5.0,4,0.0,5.0,5.0,5.0,4,5.0,5.0,5.0,4.0,5.0,,5,5.0,4.0,2,5.0,5,5.0,5.0,5.0,,4.0,5.0,,1.0,4,,4.0,5.0,5.0,5.0,5.0,4,5.0,5.0,1.0,4.0,5.0,5.0,,2.0,4,5.0,2.0,5.0,3,5.0,5.0,5.0,5.0,5.0,5.0,5.0,4.0,5.0,,5.0,4,4.0,4,4,5.0,5.0,4,4,4,4,4.0,3.0,5.0,2,4.0,4,5.0,5.0,4.0,3.0,5.0,4.0,5.0,5.0,5.0,5.0,5.0,5.0,5.0,,4,5.0,5.0,5.0,3,5,5.0,5.0,0,4,5.0,,,5.0,5.0,,,5.0,3,5.0,5.0,5.0,5.0,,5.0,4,5.0,5.0,5.0,4,5.0,5.0,5.0,4,5.0,5.0,,5,4.0,5.0,,5.0,5.0,3.0,4,4.0,5.0,5.0,4,1.0,5.0,5.0,5.0,5.0,5.0,5.0,5.0,5.0,5.0,5.0,5.0,5.0,5.0,5.0,5.0,,5.0,5.0,0.0,,4.0,5.0,5.0,4,5.0,4,4,4,4,5.0,5.0,5.0,5.0,,,4,5.0,5.0,5,,5.0,5.0,5.0,4.0,1.0,5.0,5.0,5.0,5.0,4.0,,4.0,1.0,5.0,5.0,5.0,5.0,0.0,5.0,5.0,5,5.0,5.0,2.0,4,0.0,5.0,4.0,5.0,5.0,5.0,,5.0,5.0,5.0,5.0,5.0,5.0,5.0,4,5.0,5.0,5.0,5.0,4.0,4.0,5.0,5.0,5.0,5.0,5.0,4,4.0,4,,4,4,,5.0,0,4,5.0,4,4.0,,4,2.0,5.0,3,5.0,5.0,4,5.0,5.0,,4,3.0,5.0,,5.0,,,5.0,5.0,5.0,2.0,,,,4.0,,5.0,,,4.0,5.0,5.0,5.0,,5,9,1.6184147317854283,-0.554699248930378
5.0,5,5.0,4,4,5.0,5.0,5.0,4,4.0,5,5.0,5.0,0,3.0,5.0,5.0,,,5.0,3,5.0,5,5.0,5.0,5,4,5,5,5.0,5,4,4.0,5.0,5,4,5.0,5.0,5,5.0,5.0,5.0,5.0,5.0,,5.0,5,5.0,5,1.0,,5.0,5,0.0,5.0,4,5.0,5,5.0,5,5,0,5.0,5.0,,5.0,,5.0,5,,4,3,5.0,5.0,5.0,4,5.0,5.0,5.0,5.0,4,5,4,5.0,5.0,5,5,4,1.0,5.0,,4,,5.0,,4,4,5.0,5,5.0,5,5.0,4,5.0,3,5,,,5,5.0,3,5.0,,4,,4,5,5.0,5.0,5.0,,5.0,5.0,5,4,5.0,5,5.0,5.0,5.0,,5,5.0,5.0,4.0,5.0,,,4,5.0,5.0,4,5.0,5,5.0,5.0,5.0,,5.0,,,5.0,5,,5.0,5.0,,5.0,,5,5.0,5.0,5.0,5.0,0.0,5.0,,,4,4.0,5.0,,4,5.0,,5.0,,5.0,,5.0,5.0,5.0,,5.0,4,5.0,4,5,5.0,,4,5,0,5,5.0,4.0,5.0,2,3.0,4,,5.0,3.0,5.0,,5.0,5.0,5.0,5.0,5.0,5.0,5.0,,,5,5.0,5.0,5.0,4,3,5.0,0.0,4,4,5.0,,,5.0,,,,5.0,4,5.0,5.0,0.0,5.0,,,5,5.0,5.0,5.0,5,5.0,4.0,5.0,5,5.0,5.0,,5,5.0,5.0,,,,5.0,4,5.0,5.0,,4,,5.0,5.0,5.0,,5.0,4.0,,5.0,5.0,5.0,5.0,5.0,5.0,5.0,,,4.0,5.0,0.0,,5.0,5.0,5.0,0,5.0,3,4,3,5,5.0,5.0,,5.0,,5.0,4,2.0,5.0,5,,,5.0,,5.0,5.0,,5.0,,,5.0,,5.0,5.0,,5.0,,5.0,,5.0,5.0,5,5.0,5.0,,4,,5.0,5.0,5.0,5.0,5.0,4.0,,5.0,4.0,,5.0,5.0,5.0,4,4.0,2.0,5.0,5.0,5.0,4.0,5.0,5.0,5.0,5.0,5.0,4,5.0,4,,5,2,,5.0,4,5,5.0,5,,,5,5.0,5.0,5,5.0,0.0,4,5.0,,,1,2.0,,,5.0,,,5.0,5.0,5.0,5.0,,,,5.0,,1.0,,,3.0,4.0,5.0,,,6,9,1.6463608995927042,-0.34784001063304837
4.0,4,4.0,4,3,4.0,4.0,4.0,4,3.0,4,4.0,4.0,4,3.0,4.0,4.0,,4.0,4.0,2,,4,,2.0,4,0,3,4,3.0,4,4,4.0,4.0,4,2,,,3,,,,4.0,,,4.0,4,4.0,4,4.0,,4.0,3,,4.0,4,4.0,4,4.0,4,4,4,,4.0,,1.0,,4.0,4,,3,3,,4.0,4.0,3,4.0,,,4.0,0,4,3,2.0,4.0,3,4,3,4.0,4.0,4.0,3,,4.0,4.0,3,3,,0,4.0,4,4.0,4,,3,1,,4.0,4,,4,,4.0,4,,2,4,1.0,4.0,4.0,2.0,4.0,3.0,4,4,4.0,4,4.0,4.0,4.0,,4,,,,4.0,,,4,4.0,4.0,3,,4,2.0,1.0,4.0,,4.0,,,,4,,4.0,,4.0,,,3,,1.0,,4.0,4.0,,,,4,,,,4,,,,,,,4.0,4.0,4.0,,,4,4.0,4,0,0.0,4.0,4,3,4,4,4.0,3.0,4.0,3,4.0,4,,4.0,4.0,4.0,,4.0,4.0,4.0,4.0,4.0,4.0,4.0,,,3,4.0,4.0,0.0,3,4,2.0,,3,3,,,,0.0,,,,,4,1.0,4.0,4.0,4.0,,,4,,4.0,4.0,4,4.0,,4.0,3,4.0,3.0,,4,4.0,4.0,2.0,1.0,,4.0,4,4.0,4.0,,4,,4.0,4.0,,,4.0,4.0,,4.0,4.0,4.0,4.0,4.0,4.0,,4.0,,4.0,3.0,,,4.0,4.0,,3,4.0,4,4,3,0,4.0,4.0,4.0,,,,4,4.0,,4,,,4.0,,4.0,4.0,,,,,4.0,,4.0,4.0,,,4.0,4.0,,,4.0,4,,4.0,4.0,4,,4.0,4.0,4.0,0.0,4.0,,,,,,4.0,,4.0,4,4.0,4.0,,4.0,4.0,4.0,4.0,4.0,4.0,,,3,4.0,4,,4,3,,4.0,2,4,4.0,4,,,1,4.0,4.0,4,4.0,,4,,,,4,4.0,0.0,,,1.0,,,4.0,4.0,,,,,4.0,,4.0,,,4.0,4.0,4.0,3.0,4.0,7,9,1.6022687609075044,-0.21283025756526028
0.0,3,3.0,3,3,3.0,3.0,4.0,3,4.0,3,3.0,4.0,3,4.0,4.0,4.0,4.0,4.0,4.0,2,4.0,4,4.0,4.0,4,3,3,3,2.0,3,3,3.0,4.0,3,3,4.0,4.0,4,4.0,4.0,4.0,4.0,4.0,,4.0,3,4.0,3,4.0,4.0,3.0,1,,4.0,1,3.0,3,4.0,0,2,3,3.0,3.0,2.0,3.0,,4.0,3,,2,3,4.0,4.0,4.0,3,4.0,4.0,4.0,4.0,2,3,2,3.0,4.0,3,2,2,4.0,3.0,4.0,2,4.0,4.0,,0,1,0.0,3,4.0,3,3.0,3,4.0,3,3,,4.0,3,4.0,3,4.0,4.0,3,4.0,3,3,4.0,3.0,4.0,4.0,4.0,4.0,3,2,0.0,3,3.0,3.0,4.0,4.0,3,4.0,4.0,4.0,3.0,4.0,,1,4.0,4.0,3,4.0,2,4.0,3.0,3.0,,2.0,,,,3,,4.0,4.0,4.0,4.0,4.0,3,3.0,4.0,4.0,3.0,4.0,4.0,,,1,3.0,4.0,4.0,3,4.0,4.0,4.0,4.0,4.0,4.0,4.0,0.0,4.0,4.0,3.0,3,3.0,3,3,4.0,4.0,2,3,3,3,0.0,3.0,3.0,2,4.0,3,4.0,4.0,3.0,4.0,,3.0,3.0,4.0,4.0,4.0,0.0,4.0,,,3,4.0,4.0,4.0,2,2,4.0,4.0,3,3,4.0,,4.0,3.0,4.0,,,4.0,3,4.0,1.0,3.0,4.0,,4.0,1,4.0,4.0,3.0,3,3.0,4.0,3.0,3,4.0,4.0,4.0,3,4.0,4.0,4.0,4.0,4.0,3.0,3,4.0,4.0,4.0,3,,4.0,3.0,4.0,4.0,3.0,3.0,4.0,4.0,4.0,1.0,4.0,4.0,3.0,4.0,4.0,,4.0,4.0,4.0,,4.0,4.0,4.0,3,4.0,3,3,2,3,4.0,4.0,4.0,4.0,,4.0,3,3.0,4.0,3,,4.0,3.0,0.0,3.0,3.0,,4.0,4.0,4.0,3.0,,4.0,4.0,3.0,2.0,4.0,4.0,4.0,4.0,4.0,3,4.0,4.0,3.0,3,,3.0,3.0,2.0,4.0,4.0,,4.0,4.0,4.0,,3.0,4.0,4.0,3,3.0,0.0,4.0,4.0,4.0,4.0,3.0,1.0,4.0,4.0,4.0,3,4.0,3,,3,3,,4.0,3,4,4.0,3,4.0,,3,4.0,3.0,3,4.0,4.0,3,4.0,4.0,,3,4.0,4.0,,4.0,,4.0,4.0,4.0,4.0,4.0,,,,4.0,,4.0,,,3.0,3.0,4.0,1.0,,8,9,1.4454574536148432,-0.5684343190514942
4.0,4,0.0,3,3,4.0,4.0,4.0,4,4.0,4,4.0,4.0,4,1.0,4.0,4.0,0.0,0.0,3.0,3,,4,,,4,4,4,4,2.0,4,4,0.0,,4,4,,4.0,4,,4.0,4.0,4.0,,,,4,2.0,1,4.0,,,3,,4.0,4,4.0,0,4.0,4,4,4,4.0,,,1.0,,,4,,4,4,,,4.0,4,,,4.0,4.0,3,4,3,4.0,4.0,3,4,3,4.0,,,3,,4.0,,0,3,,3,0.0,4,4.0,2,4.0,3,4,,,4,,4,4.0,,4,,4,4,4.0,4.0,4.0,,3.0,,2,3,4.0,4,2.0,1.0,4.0,4.0,4,,,,4.0,,,4,,4.0,4,,4,,,4.0,,2.0,,,4.0,4,,4.0,,,,,4,,,4.0,4.0,4.0,,,,4,4.0,,,1,,,,,,,4.0,4.0,4.0,,,4,4.0,4,4,,,4,4,4,4,4.0,4.0,2.0,3,4.0,4,,4.0,4.0,,,4.0,4.0,4.0,4.0,,,4.0,,,4,4.0,,2.0,4,4,,,4,4,,,,4.0,,,,4.0,4,,4.0,,,,,4,,4.0,,3,4.0,,0.0,3,2.0,,,4,,4.0,,,,3.0,4,4.0,,,4,4.0,,4.0,,,4.0,4.0,,4.0,,,4.0,4.0,,,,,,4.0,,,4.0,,4.0,4,,4,4,2,3,4.0,,,,,0.0,4,,4.0,4,,,4.0,,0.0,4.0,,,,,4.0,,4.0,4.0,,,,,,,,4,,,,4,,4.0,4.0,4.0,4.0,4.0,,,4.0,,,4.0,,4.0,4,4.0,4.0,,3.0,,,4.0,4.0,4.0,,,3,4.0,4,,3,4,4.0,4.0,4,4,4.0,3,1.0,,4,,4.0,3,4.0,,4,4.0,,,4,4.0,,,,,,,,,,,,,,,,,,1.0,4.0,,,,9,9,1.5414667580534613,-0.0691270849334145
5.0,5,5.0,4,5,5.0,5.0,5.0,5,5.0,5,5.0,5.0,5,,5.0,5.0,,,5.0,3,,5,5.0,5.0,5,4,4,5,5.0,5,5,5.0,,5,5,,5.0,4,5.0,5.0,5.0,5.0,5.0,4.0,5.0,5,5.0,5,1.0,,5.0,5,,5.0,5,0.0,5,5.0,5,5,5,,5.0,,5.0,,,5,,4,4,,5.0,4.0,5,5.0,3.0,,5.0,3,0,4,5.0,5.0,5,1,4,5.0,5.0,,4,,5.0,,4,4,5.0,5,5.0,5,5.0,5,5.0,4,5,,,5,,0,0.0,5.0,4,,4,5,5.0,5.0,5.0,5.0,,5.0,4,4,5.0,5,5.0,,5.0,,5,,,,1.0,5.0,,5,3.0,5.0,5,,5,5.0,5.0,3.0,,5.0,,,,5,,3.0,,,,,5,,,,5.0,,,,,5,5.0,5.0,,4,2.0,5.0,,3.0,5.0,,5.0,5.0,5.0,,,4,5.0,5,5,,5.0,4,5,5,5,0.0,0.0,5.0,3,5.0,4,,5.0,5.0,5.0,,5.0,5.0,5.0,5.0,,0.0,5.0,,5.0,4,2.0,5.0,,3,5,5.0,5.0,4,4,5.0,,,5.0,,,,5.0,5,5.0,5.0,5.0,,,,5,,5.0,5.0,5,5.0,5.0,5.0,4,5.0,5.0,,5,5.0,2.0,,,,5.0,5,5.0,5.0,1.0,4,,5.0,5.0,5.0,5.0,5.0,5.0,0.0,5.0,5.0,5.0,5.0,5.0,5.0,,,,,5.0,5.0,2.0,5.0,,5.0,5,5.0,5,5,0,5,,5.0,,,,,4,,5.0,5,,,5.0,,5.0,5.0,,5.0,,,5.0,,5.0,4.0,,,,5.0,,5.0,,5,,5.0,,5,,5.0,5.0,,5.0,5.0,,,,,,5.0,5.0,,4,5.0,5.0,,5.0,5.0,5.0,5.0,5.0,5.0,4.0,5.0,5,5.0,5,,5,4,,,4,5,5.0,5,,,5,5.0,5.0,5,2.0,5.0,2,5.0,,,5,5.0,5.0,0.0,,,,,5.0,,,4.0,,,5.0,,,,,5.0,5.0,5.0,5.0,4.0,10,9,1.7294326241134752,-0.21637233477549087
5.0,5,5.0,2,4,5.0,5.0,,5,5.0,5,5.0,5.0,4,,5.0,5.0,,,5.0,0,5.0,5,5.0,,5,2,5,5,2.0,5,4,5.0,,5,5,3.0,5.0,5,5.0,5.0,1.0,5.0,5.0,,5.0,5,5.0,5,5.0,,5.0,4,,5.0,5,5.0,3,5.0,4,0,5,,5.0,,5.0,,,5,,5,3,,,5.0,4,5.0,,,3.0,4,5,4,5.0,4.0,5,5,5,5.0,5.0,5.0,4,,5.0,,5,3,5.0,4,5.0,5,5.0,5,5.0,4,4,,,5,5.0,5,5.0,5.0,5,,4,5,5.0,5.0,3.0,,,5.0,5,4,5.0,5,5.0,,5.0,,5,,,,5.0,4.0,,5,,5.0,4,,5,5.0,5.0,5.0,,5.0,,,,5,,5.0,,,5.0,5.0,5,,5.0,5.0,5.0,0.0,,,,5,5.0,,5.0,4,,,,,5.0,,5.0,5.0,5.0,,5.0,5,5.0,5,5,,,4,5,4,3,1.0,5.0,5.0,3,5.0,4,,5.0,4.0,5.0,,0.0,5.0,4.0,5.0,,,5.0,,,5,5.0,,,5,4,,,4,5,,,,5.0,,,,5.0,5,,5.0,5.0,4.0,,,5,,1.0,5.0,5,5.0,,,4,,,,5,5.0,5.0,1.0,,,0.0,5,5.0,5.0,,4,,,5.0,5.0,0.0,5.0,5.0,,5.0,5.0,,5.0,5.0,5.0,,3.0,,,5.0,,,5.0,5.0,4.0,5,,5,5,4,5,5.0,,,5.0,,,5,,5.0,0,,5.0,5.0,,5.0,5.0,,5.0,,,5.0,,,5.0,,,,,,,5.0,5,,,,5,0.0,,5.0,5.0,5.0,5.0,,,,,,5.0,5.0,,5,5.0,5.0,,,,,5.0,,,,5.0,4,,4,,5,5,0.0,5.0,4,5,5.0,5,,,5,,5.0,5,5.0,5.0,5,5.0,,5.0,5,5.0,,,,,,,5.0,,,,,,3.0,,5.0,0.0,,5.0,5.0,1.0,,,11,9,1.6820220841959972,-0.1482359883576124
3.0,0,4.0,3,3,4.0,0.0,4.0,3,3.0,3,4.0,2.0,4,4.0,4.0,3.0,4.0,,4.0,3,0.0,4,4.0,3.0,4,3,3,3,3.0,2,3,1.0,4.0,3,0,4.0,4.0,4,0.0,4.0,4.0,4.0,4.0,4.0,4.0,3,4.0,4,4.0,,4.0,4,,4.0,4,4.0,4,4.0,3,4,3,4.0,4.0,,4.0,,4.0,4,,3,3,4.0,4.0,4.0,4,4.0,4.0,4.0,4.0,3,3,2,4.0,4.0,4,4,0,4.0,4.0,,3,,4.0,,3,4,4.0,4,4.0,2,4.0,4,4.0,3,4,,3.0,1,1.0,4,4.0,4.0,3,,3,4,4.0,4.0,4.0,,,,3,4,4.0,4,4.0,4.0,4.0,,3,4.0,,4.0,4.0,,,4,,4.0,3,4.0,3,4.0,4.0,3.0,,4.0,0.0,,,4,,4.0,,,4.0,,3,,4.0,4.0,4.0,,4.0,,,3,4.0,4.0,,3,4.0,,,,4.0,4.0,4.0,4.0,4.0,,4.0,2,4.0,4,2,4.0,4.0,3,3,3,4,4.0,2.0,3.0,2,4.0,0,0.0,4.0,3.0,4.0,,4.0,4.0,4.0,4.0,4.0,4.0,4.0,,,3,2.0,4.0,4.0,4,4,3.0,4.0,4,4,4.0,4.0,,4.0,,,,4.0,4,,4.0,3.0,,,,3,2.0,4.0,4.0,4,4.0,4.0,4.0,2,1.0,,,3,4.0,4.0,,2.0,,4.0,4,4.0,4.0,,4,,3.0,4.0,4.0,4.0,4.0,4.0,,4.0,1.0,4.0,4.0,4.0,4.0,4.0,,,4.0,4.0,4.0,,4.0,4.0,4.0,4,4.0,4,4,3,4,3.0,4.0,,,,,3,,4.0,4,,4.0,1.0,,4.0,3.0,,4.0,,2.0,4.0,,4.0,4.0,,4.0,4.0,4.0,,4.0,4.0,4,,4.0,4.0,4,1.0,4.0,4.0,4.0,4.0,4.0,,,4.0,,,4.0,4.0,4.0,4,4.0,4.0,,4.0,4.0,4.0,4.0,4.0,4.0,4.0,4.0,3,4.0,4,,4,4,,4.0,4,3,4.0,3,,,4,4.0,4.0,4,1.0,4.0,3,3.0,,,4,4.0,0.0,,4.0,,,,4.0,4.0,4.0,,,,4.0,,4.0,,,4.0,4.0,4.0,4.0,,12,9,1.5139033715676051,-0.3572669006848585
5.0,6,5.0,5,5,6.0,5.0,0.0,5,5.0,5,5.0,5.0,5,6.0,6.0,6.0,6.0,6.0,5.0,4,6.0,5,6.0,5.0,5,4,5,5,2.0,5,4,5.0,5.0,5,5,6.0,6.0,5,5.0,5.0,6.0,6.0,6.0,,5.0,5,6.0,5,6.0,6.0,5.0,5,,5.0,5,5.0,6,5.0,5,5,5,6.0,6.0,,6.0,0.0,3.0,4,0.0,5,4,6.0,6.0,6.0,5,0.0,6.0,5.0,6.0,5,5,5,5.0,6.0,6,5,5,6.0,5.0,6.0,5,,6.0,,5,5,6.0,6,5.0,5,6.0,5,6.0,4,5,6.0,6.0,2,6.0,6,6.0,6.0,5,,6,5,6.0,6.0,0.0,6.0,6.0,2.0,4,4,5.0,6,6.0,6.0,6.0,6.0,5,6.0,6.0,6.0,5.0,6.0,,5,6.0,5.0,5,6.0,5,6.0,6.0,6.0,6.0,6.0,6.0,,6.0,5,,5.0,6.0,6.0,6.0,6.0,1,6.0,6.0,6.0,0.0,6.0,5.0,,,5,0.0,1.0,6.0,4,1.0,6.0,6.0,6.0,5.0,6.0,5.0,6.0,6.0,,5.0,5,5.0,5,5,6.0,6.0,3,5,4,5,6.0,5.0,5.0,3,6.0,4,6.0,5.0,5.0,5.0,6.0,2.0,6.0,5.0,5.0,6.0,6.0,6.0,6.0,3.0,5,4.0,6.0,6.0,4,5,6.0,6.0,6,4,6.0,,6.0,6.0,2.0,,,6.0,5,6.0,0.0,6.0,6.0,,6.0,5,5.0,6.0,6.0,5,4.0,6.0,6.0,1,6.0,6.0,,5,6.0,5.0,6.0,6.0,6.0,5.0,5,5.0,6.0,6.0,5,,5.0,6.0,5.0,6.0,5.0,6.0,0.0,5.0,5.0,6.0,6.0,6.0,5.0,6.0,6.0,,6.0,6.0,6.0,,6.0,6.0,6.0,5,6.0,5,5,5,5,6.0,6.0,6.0,6.0,,6.0,5,6.0,6.0,5,,6.0,5.0,6.0,5.0,5.0,6.0,6.0,6.0,6.0,5.0,,6.0,2.0,6.0,6.0,6.0,3.0,6.0,6.0,6.0,6,6.0,6.0,6.0,6,,6.0,5.0,6.0,5.0,6.0,0.0,6.0,6.0,6.0,,6.0,6.0,6.0,6,5.0,6.0,6.0,6.0,6.0,5.0,6.0,5.0,6.0,6.0,6.0,5,5.0,5,,4,5,,6.0,5,5,6.0,5,6.0,,5,4.0,6.0,4,6.0,6.0,5,4.0,6.0,,6,6.0,3.0,,6.0,,6.0,6.0,6.0,6.0,6.0,,,,5.0,,6.0,,,5.0,6.0,6.0,5.0,,13,9,1.6189710610932473,-0.5443060077070904
4.0,0,5.0,4,5,5.0,5.0,4.0,4,4.0,4,5.0,3.0,3,0.0,4.0,4.0,1.0,5.0,5.0,3,5.0,5,5.0,5.0,5,4,4,5,4.0,5,4,4.0,,5,5,5.0,5.0,4,5.0,5.0,5.0,5.0,5.0,,5.0,5,4.0,5,5.0,,5.0,4,,5.0,5,5.0,5,5.0,4,0,5,,5.0,,5.0,4.0,5.0,4,,4,4,5.0,5.0,5.0,4,4.0,5.0,5.0,5.0,4,4,4,5.0,5.0,5,5,4,5.0,5.0,5.0,2,,5.0,,4,3,5.0,5,5.0,4,5.0,5,5.0,4,4,,,5,5.0,5,5.0,5.0,5,,5,5,5.0,5.0,5.0,,5.0,5.0,3,4,5.0,4,5.0,5.0,5.0,,0,,5.0,5.0,5.0,5.0,,5,5.0,5.0,4,5.0,5,5.0,5.0,5.0,,5.0,,,,4,,5.0,5.0,5.0,1.0,5.0,4,5.0,5.0,5.0,5.0,5.0,5.0,,,4,5.0,5.0,,4,5.0,5.0,,5.0,5.0,,5.0,4.0,5.0,,5.0,4,0.0,5,5,5.0,5.0,3,4,4,4,2.0,5.0,5.0,3,5.0,2,,5.0,4.0,5.0,,4.0,5.0,3.0,5.0,5.0,5.0,5.0,5.0,,5,5.0,5.0,5.0,4,5,5.0,5.0,5,4,5.0,,,5.0,5.0,,,5.0,5,5.0,5.0,5.0,5.0,,5.0,5,5.0,5.0,5.0,4,4.0,5.0,5.0,2,5.0,5.0,,3,5.0,5.0,,5.0,1.0,4.0,5,4.0,5.0,,5,,5.0,5.0,5.0,5.0,5.0,2.0,0.0,5.0,5.0,5.0,5.0,5.0,5.0,5.0,5.0,,0.0,5.0,5.0,,5.0,5.0,5.0,4,5.0,5,5,4,5,5.0,4.0,5.0,5.0,,,5,5.0,5.0,5,,5.0,4.0,5.0,5.0,4.0,2.0,5.0,,,5.0,,5.0,5.0,5.0,5.0,5.0,5.0,,5.0,4.0,5,,5.0,5.0,4,,5.0,4.0,5.0,5.0,5.0,,5.0,5.0,,,3.0,5.0,5.0,4,4.0,4.0,5.0,4.0,5.0,5.0,5.0,5.0,5.0,5.0,3.0,4,5.0,0,,5,5,,5.0,4,4,5.0,4,5.0,,5,5.0,0.0,3,5.0,5.0,4,5.0,5.0,,4,4.0,4.0,5.0,5.0,,5.0,5.0,2.0,5.0,2.0,,,,5.0,,5.0,0.0,,5.0,4.0,5.0,,,14,9,1.6058703766542246,-0.4081526339125538
4.0,4,1.0,4,3,4.0,4.0,4.0,4,4.0,4,4.0,4.0,4,,4.0,,,,4.0,3,0.0,4,,4.0,4,4,1,4,2.0,4,4,1.0,,4,4,4.0,4.0,3,4.0,4.0,4.0,4.0,,,4.0,4,4.0,4,4.0,,4.0,4,,3.0,4,4.0,4,4.0,4,4,3,,,,4.0,,0.0,4,,3,3,,4.0,4.0,3,4.0,,4.0,4.0,3,4,3,4.0,4.0,4,4,3,,4.0,,4,,4.0,,3,3,4.0,4,4.0,4,4.0,3,4.0,3,4,,,4,4.0,0,,4.0,3,,4,4,4.0,4.0,4.0,,4.0,,4,3,0.0,4,4.0,4.0,4.0,,4,,,,4.0,,,3,,,4,,4,4.0,4.0,4.0,,,,,,3,,4.0,,,2.0,,3,4.0,,,4.0,4.0,4.0,,,3,4.0,4.0,,3,,,,,,,3.0,4.0,4.0,,2.0,2,4.0,1,4,,,3,4,4,4,,4.0,4.0,4,,3,,4.0,0.0,4.0,,4.0,4.0,4.0,4.0,,4.0,4.0,,,0,3.0,2.0,,4,2,4.0,,3,4,,,,4.0,,,,,4,,4.0,4.0,,,,0,4.0,0.0,4.0,4,4.0,1.0,4.0,3,2.0,,4.0,4,4.0,4.0,4.0,,,4.0,4,2.0,4.0,,4,,4.0,4.0,4.0,,,4.0,,4.0,,4.0,4.0,2.0,3.0,4.0,,,4.0,4.0,4.0,,3.0,,4.0,4,4.0,4,4,3,0,,0.0,4.0,,,,3,,,4,,,4.0,,4.0,4.0,,,,,4.0,,4.0,4.0,,,4.0,4.0,,4.0,4.0,2,,,,4,,4.0,,4.0,4.0,4.0,,,3.0,,,4.0,4.0,4.0,4,4.0,4.0,,,,,4.0,,4.0,,4.0,3,4.0,4,,4,4,,4.0,4,4,4.0,4,,,4,4.0,4.0,4,4.0,,4,4.0,,,4,4.0,,,4.0,,,,4.0,,4.0,,,,4.0,,4.0,,,4.0,4.0,4.0,4.0,,15,9,1.5352603169075396,-0.29990919338346883
5.0,4,5.0,4,5,5.0,5.0,5.0,5,5.0,5,5.0,5.0,5,5.0,5.0,5.0,,,,3,5.0,5,5.0,,2,0,5,5,5.0,5,4,5.0,,5,5,,,5,,5.0,5.0,,,,5.0,5,,5,,,,5,,5.0,5,5.0,5,1.0,4,5,5,,,,,,4.0,5,,5,4,,,5.0,5,0.0,,5.0,,5,5,5,5.0,5.0,5,5,4,5.0,5.0,,4,,5.0,,5,5,5.0,5,5.0,5,,5,0.0,4,5,,,5,,5,3.0,5.0,5,5.0,4,5,5.0,5.0,,,,,3,5,5.0,5,,,,,5,0.0,,,0.0,,,5,,5.0,4,5.0,5,5.0,,5.0,,2.0,,,,5,,0.0,4.0,,,,4,,,,5.0,,,,,5,3.0,,,2,,,,,5.0,,,,5.0,,,4,,5,5,,,4,5,5,5,5.0,5.0,5.0,3,,5,,5.0,5.0,5.0,,5.0,,5.0,5.0,2.0,,5.0,4.0,,5,4.0,,,5,5,,2.0,5,1,,,,,,,0.0,5.0,5,,5.0,4.0,,,,5,0.0,5.0,5.0,4,,,,4,,,,5,5.0,2.0,,5.0,,5.0,5,5.0,3.0,,4,,,5.0,,,,5.0,,,,,5.0,5.0,5.0,,,,,5.0,,2.0,5.0,,,5,,5,5,0,5,,5.0,5.0,,,,5,,,5,,,5.0,,5.0,5.0,,,,3.0,5.0,,,5.0,,,,,,5.0,5.0,5,,5.0,,5,,,4.0,,5.0,5.0,,,,,,,,,5,5.0,,,0.0,,5.0,5.0,5.0,,,,4,5.0,5,,5,5,,5.0,5,5,,5,,,4,,5.0,5,5.0,5.0,5,,,,5,5.0,,,,,,,,,,,,,5.0,,,,,5.0,5.0,5.0,,,16,9,1.7229240357082702,-0.09200638103472905
4.0,4,5.0,4,4,5.0,5.0,5.0,4,4.0,4,4.0,4.0,4,5.0,3.0,4.0,3.0,5.0,4.0,2,5.0,4,5.0,5.0,4,4,4,3,5.0,5,4,5.0,5.0,4,4,5.0,5.0,4,5.0,5.0,5.0,5.0,5.0,,4.0,5,5.0,4,5.0,5.0,5.0,4,,5.0,1,4.0,4,0.0,4,4,4,5.0,5.0,,4.0,,5.0,4,,4,2,5.0,5.0,5.0,3,5.0,5.0,5.0,5.0,3,4,4,4.0,5.0,4,4,4,5.0,4.0,4.0,3,5.0,2.0,0.0,4,4,5.0,1,5.0,4,5.0,4,5.0,4,4,5.0,0.0,4,5.0,4,5.0,5.0,4,,4,4,5.0,4.0,5.0,5.0,5.0,0.0,4,4,5.0,4,4.0,5.0,5.0,5.0,3,3.0,1.0,5.0,5.0,5.0,,3,5.0,3.0,3,5.0,4,5.0,5.0,5.0,,5.0,,,,4,,5.0,5.0,5.0,5.0,5.0,3,5.0,3.0,5.0,4.0,5.0,5.0,,,2,5.0,5.0,5.0,4,3.0,5.0,5.0,5.0,5.0,5.0,5.0,4.0,4.0,,5.0,4,5.0,4,5,5.0,5.0,3,2,4,5,5.0,4.0,5.0,3,5.0,0,0.0,5.0,4.0,5.0,,5.0,5.0,4.0,5.0,5.0,5.0,5.0,5.0,,4,4.0,5.0,5.0,4,4,5.0,5.0,4,4,5.0,,,5.0,5.0,,,5.0,3,5.0,5.0,5.0,5.0,,,4,5.0,5.0,5.0,4,5.0,5.0,5.0,4,5.0,5.0,,5,5.0,5.0,0.0,5.0,,5.0,5,5.0,5.0,5.0,4,,5.0,4.0,5.0,5.0,5.0,5.0,5.0,5.0,5.0,5.0,5.0,5.0,1.0,5.0,5.0,,5.0,5.0,5.0,5.0,5.0,5.0,5.0,4,5.0,4,4,4,3,5.0,5.0,5.0,0.0,,,4,5.0,5.0,5,,5.0,4.0,5.0,4.0,4.0,,1.0,5.0,5.0,3.0,,5.0,5.0,5.0,5.0,5.0,1.0,5.0,5.0,5.0,4,5.0,5.0,5.0,4,,5.0,4.0,5.0,5.0,4.0,,5.0,5.0,5.0,,4.0,5.0,5.0,4,5.0,4.0,5.0,5.0,5.0,4.0,5.0,5.0,5.0,5.0,5.0,4,5.0,5,,5,4,,1.0,4,5,5.0,4,5.0,,4,4.0,5.0,4,5.0,5.0,5,5.0,3.0,,5,4.0,5.0,5.0,5.0,,5.0,5.0,1.0,0.0,5.0,,,,4.0,,5.0,,,5.0,4.0,5.0,5.0,0.0,17,9,1.551391346308509,-0.5296232926623116
2.0,0,1.0,4,4,5.0,0.0,5.0,4,4.0,4,5.0,4.0,4,5.0,5.0,5.0,5.0,5.0,4.0,3,5.0,4,5.0,5.0,5,3,4,4,4.0,4,4,5.0,5.0,4,1,5.0,5.0,4,4.0,5.0,5.0,5.0,5.0,,4.0,4,3.0,4,5.0,0.0,5.0,4,,5.0,4,4.0,4,4.0,3,4,4,0.0,5.0,,5.0,,5.0,4,,3,3,5.0,2.0,5.0,4,4.0,5.0,5.0,5.0,3,4,3,5.0,5.0,4,4,4,5.0,5.0,5.0,4,,5.0,,4,4,5.0,4,5.0,5,5.0,3,5.0,3,5,5.0,5.0,4,5.0,4,5.0,5.0,4,5.0,4,4,5.0,5.0,5.0,5.0,5.0,5.0,4,4,2.0,4,5.0,5.0,5.0,5.0,4,5.0,5.0,5.0,5.0,5.0,,4,5.0,5.0,4,5.0,4,4.0,5.0,4.0,,5.0,,5.0,,4,,0.0,5.0,,5.0,5.0,4,5.0,5.0,5.0,5.0,5.0,5.0,0.0,,4,5.0,5.0,5.0,3,5.0,5.0,5.0,5.0,4.0,5.0,5.0,5.0,4.0,,5.0,4,5.0,4,4,5.0,5.0,3,4,4,4,5.0,5.0,5.0,0,5.0,4,5.0,5.0,4.0,5.0,5.0,4.0,5.0,5.0,4.0,5.0,0.0,5.0,5.0,,4,3.0,5.0,5.0,4,4,5.0,5.0,4,4,5.0,,5.0,5.0,5.0,,,5.0,4,5.0,5.0,5.0,5.0,2.0,5.0,4,5.0,5.0,4.0,4,1.0,5.0,5.0,0,5.0,5.0,,5,4.0,4.0,5.0,5.0,5.0,5.0,5,5.0,4.0,5.0,2,,5.0,5.0,5.0,5.0,5.0,5.0,5.0,5.0,5.0,5.0,4.0,4.0,4.0,5.0,5.0,,5.0,5.0,5.0,,4.0,5.0,5.0,2,5.0,4,5,3,4,4.0,5.0,5.0,5.0,,5.0,4,5.0,5.0,4,,5.0,4.0,5.0,5.0,5.0,,5.0,5.0,5.0,5.0,,5.0,5.0,5.0,5.0,5.0,5.0,5.0,5.0,5.0,4,5.0,5.0,5.0,4,,1.0,4.0,4.0,5.0,5.0,,5.0,5.0,5.0,,5.0,5.0,5.0,4,5.0,4.0,5.0,4.0,2.0,4.0,4.0,5.0,5.0,5.0,5.0,3,5.0,4,,4,4,4.0,5.0,4,4,5.0,4,5.0,5.0,4,0.0,5.0,4,4.0,5.0,4,5.0,5.0,,4,4.0,5.0,,3.0,,5.0,5.0,5.0,5.0,5.0,,,,4.0,,5.0,,2.0,5.0,3.0,2.0,5.0,,18,9,1.57611653593725,-0.580325151529158
3.0,3,3.0,3,3,4.0,4.0,4.0,4,3.0,4,4.0,4.0,4,4.0,4.0,4.0,,3.0,3.0,3,4.0,4,4.0,4.0,4,3,4,4,4.0,4,3,4.0,4.0,3,3,2.0,1.0,3,4.0,4.0,4.0,4.0,4.0,,4.0,3,4.0,3,4.0,,4.0,3,,4.0,3,1.0,4,4.0,0,1,4,,4.0,,4.0,,4.0,4,0.0,1,2,4.0,4.0,4.0,3,2.0,4.0,4.0,2.0,2,3,4,4.0,4.0,4,1,3,4.0,4.0,,4,,4.0,,4,3,,3,2.0,3,4.0,3,4.0,3,4,4.0,4.0,4,4.0,3,4.0,4.0,3,,3,4,4.0,4.0,2.0,4.0,4.0,4.0,4,3,3.0,4,4.0,3.0,4.0,4.0,4,4.0,0.0,4.0,4.0,,,3,4.0,4.0,3,4.0,3,4.0,4.0,4.0,,4.0,,,,4,,3.0,4.0,,4.0,4.0,3,4.0,4.0,4.0,4.0,4.0,0.0,,,3,4.0,4.0,,2,4.0,2.0,4.0,4.0,4.0,,4.0,4.0,0.0,,4.0,4,3.0,4,4,4.0,4.0,3,3,1,3,4.0,4.0,4.0,2,4.0,2,4.0,3.0,3.0,4.0,4.0,4.0,4.0,4.0,4.0,4.0,4.0,4.0,,,0,4.0,4.0,,3,4,4.0,4.0,3,3,4.0,,,2.0,,,,4.0,3,4.0,4.0,4.0,,,,4,4.0,4.0,4.0,3,4.0,4.0,4.0,3,4.0,4.0,,4,4.0,4.0,,4.0,4.0,4.0,3,4.0,4.0,,4,,4.0,4.0,4.0,4.0,4.0,4.0,,4.0,4.0,4.0,4.0,4.0,3.0,,,,4.0,4.0,4.0,,4.0,4.0,4.0,2,0.0,4,3,3,4,2.0,4.0,,4.0,,,3,4.0,4.0,3,,4.0,4.0,,4.0,4.0,,4.0,,,4.0,4.0,1.0,4.0,,0.0,4.0,4.0,,4.0,0.0,4,4.0,3.0,,4,,4.0,4.0,4.0,4.0,4.0,,,4.0,4.0,,4.0,4.0,4.0,4,4.0,4.0,,4.0,4.0,3.0,4.0,4.0,4.0,,1.0,3,4.0,3,,3,3,,4.0,0,4,4.0,3,,,4,4.0,4.0,3,4.0,4.0,4,4.0,3.0,,3,4.0,,,,,,4.0,4.0,4.0,,,,,4.0,,4.0,,,4.0,4.0,1.0,,,19,9,1.5130434782608695,-0.36630191965531245
4.0,3,1.0,4,4,5.0,5.0,5.0,4,4.0,0,4.0,4.0,2,5.0,5.0,3.0,5.0,5.0,4.0,3,5.0,4,5.0,5.0,4,4,4,4,4.0,3,4,4.0,5.0,4,4,5.0,5.0,5,5.0,5.0,5.0,5.0,5.0,,5.0,4,0.0,5,5.0,,5.0,4,,4.0,4,4.0,5,4.0,3,4,4,5.0,5.0,,5.0,,5.0,4,,4,2,5.0,3.0,4.0,4,5.0,5.0,4.0,5.0,4,1,4,4.0,4.0,5,5,4,5.0,5.0,5.0,3,,5.0,,4,3,5.0,5,5.0,4,5.0,4,5.0,3,5,,5.0,4,5.0,5,4.0,5.0,4,,4,5,5.0,4.0,4.0,5.0,5.0,5.0,5,4,5.0,4,5.0,5.0,5.0,5.0,3,5.0,5.0,4.0,5.0,5.0,,4,5.0,5.0,4,5.0,4,5.0,5.0,5.0,,5.0,5.0,,,4,,5.0,5.0,,5.0,5.0,4,1.0,5.0,3.0,4.0,5.0,5.0,,,4,5.0,5.0,5.0,3,5.0,5.0,5.0,5.0,5.0,5.0,5.0,5.0,5.0,,0.0,4,5.0,4,5,5.0,5.0,3,4,1,4,5.0,4.0,4.0,0,4.0,4,5.0,5.0,2.0,5.0,,4.0,5.0,5.0,1.0,5.0,5.0,4.0,5.0,,4,4.0,5.0,5.0,4,4,5.0,5.0,4,4,5.0,,,5.0,5.0,,,4.0,4,5.0,5.0,5.0,5.0,,,4,5.0,5.0,4.0,4,5.0,5.0,5.0,4,5.0,5.0,,4,5.0,5.0,5.0,5.0,5.0,5.0,4,5.0,4.0,5.0,4,,5.0,5.0,5.0,5.0,5.0,4.0,5.0,3.0,5.0,5.0,4.0,5.0,4.0,3.0,5.0,,4.0,2.0,5.0,2.0,4.0,4.0,4.0,4,5.0,4,4,3,4,5.0,5.0,5.0,5.0,2.0,5.0,4,4.0,5.0,4,,5.0,3.0,5.0,5.0,5.0,,0.0,5.0,5.0,5.0,,4.0,5.0,5.0,5.0,0.0,4.0,0.0,5.0,4.0,4,5.0,5.0,5.0,1,,5.0,4.0,5.0,5.0,5.0,,,5.0,5.0,,1.0,5.0,5.0,4,5.0,5.0,5.0,5.0,5.0,5.0,0.0,5.0,5.0,5.0,5.0,4,5.0,4,,4,4,,5.0,4,4,5.0,4,5.0,,4,5.0,5.0,4,5.0,5.0,4,5.0,5.0,,5,4.0,5.0,,5.0,,0.0,5.0,5.0,5.0,5.0,,,,4.0,,5.0,,,5.0,4.0,5.0,1.0,0.0,20,9,1.6136032388663968,-0.522740637648938
4.0,4,3.0,3,4,4.0,4.0,4.0,4,0.0,4,3.0,4.0,2,4.0,4.0,4.0,3.0,,4.0,2,4.0,3,,4.0,4,3,4,3,4.0,4,3,4.0,,4,3,,0.0,3,,4.0,1.0,4.0,,,4.0,4,4.0,4,,,4.0,0,,4.0,3,4.0,4,4.0,4,3,0,,4.0,,4.0,,4.0,4,,4,3,,,4.0,4,1.0,4.0,4.0,4.0,3,4,4,4.0,4.0,4,4,2,4.0,4.0,,3,,4.0,,3,3,1.0,4,4.0,4,1.0,3,3.0,2,4,0.0,,4,,4,4.0,4.0,4,,4,4,4.0,4.0,,,4.0,4.0,3,1,4.0,4,4.0,,4.0,,3,,,,4.0,,,4,,4.0,4,,4,4.0,4.0,,,,4.0,,,4,,4.0,2.0,,4.0,4.0,3,,,4.0,4.0,,4.0,,,4,4.0,,,4,,,,,4.0,,4.0,4.0,4.0,,,4,4.0,4,4,3.0,4.0,3,4,4,4,3.0,4.0,1.0,3,4.0,4,,4.0,4.0,,,4.0,4.0,4.0,4.0,4.0,,4.0,,,3,2.0,4.0,,3,4,,,4,2,0.0,,,4.0,,,,4.0,3,4.0,4.0,4.0,,,,0,4.0,3.0,0.0,3,4.0,,4.0,3,4.0,,,4,4.0,3.0,,4.0,,4.0,4,4.0,4.0,,3,,4.0,4.0,4.0,,4.0,4.0,,4.0,4.0,4.0,4.0,4.0,4.0,,,,4.0,4.0,4.0,,4.0,4.0,4.0,4,0.0,4,4,4,4,,4.0,,4.0,,,4,,4.0,4,,,4.0,,4.0,4.0,,4.0,,,4.0,,1.0,0.0,,,1.0,4.0,,4.0,4.0,4,,4.0,,4,,4.0,4.0,4.0,4.0,3.0,,4.0,,,,1.0,4.0,4.0,4,4.0,4.0,,,4.0,4.0,4.0,3.0,4.0,,,4,4.0,4,,4,4,,4.0,4,4,4.0,4,2.0,,4,2.0,4.0,4,4.0,4.0,4,4.0,4.0,,4,4.0,,,,,,4.0,,,,,,,4.0,,,,,4.0,4.0,3.0,,,21,9,1.5682382133995036,-0.1771095382627269
5.0,5,5.0,4,3,5.0,5.0,5.0,5,5.0,5,5.0,5.0,5,5.0,5.0,5.0,,,5.0,3,5.0,5,5.0,5.0,4,4,5,5,5.0,4,4,5.0,,4,1,5.0,,5,5.0,5.0,5.0,5.0,5.0,,5.0,0,5.0,5,5.0,1.0,5.0,4,,5.0,4,2.0,5,5.0,4,4,4,,5.0,,5.0,,5.0,4,,4,2,,5.0,5.0,5,5.0,,5.0,5.0,4,5,5,5.0,5.0,4,4,5,5.0,5.0,,3,,5.0,,4,5,2.0,5,5.0,5,5.0,4,5.0,4,4,,5.0,5,5.0,5,5.0,5.0,1,,5,5,5.0,5.0,0.0,0.0,,5.0,5,5,5.0,5,5.0,,5.0,,5,,,,5.0,,,5,,5.0,4,5.0,5,5.0,5.0,5.0,0.0,4.0,5.0,,,5,,5.0,5.0,,5.0,,4,,4.0,5.0,5.0,5.0,5.0,,,5,5.0,5.0,,4,5.0,,,4.0,5.0,,5.0,5.0,5.0,,5.0,4,5.0,5,5,5.0,1.0,4,4,4,4,5.0,4.0,5.0,3,5.0,3,,2.0,5.0,5.0,,5.0,5.0,1.0,5.0,5.0,3.0,5.0,,,5,5.0,5.0,,4,5,5.0,,5,4,5.0,,3.0,5.0,,,,5.0,5,5.0,5.0,5.0,,,,5,5.0,5.0,5.0,5,5.0,5.0,,4,,,,5,5.0,5.0,,,,5.0,5,5.0,5.0,,0,,5.0,5.0,5.0,5.0,5.0,5.0,0.0,5.0,5.0,,5.0,5.0,4.0,,,,,,,,5.0,5.0,5.0,4,5.0,5,5,4,5,5.0,5.0,5.0,5.0,,,4,,5.0,5,,5.0,5.0,,5.0,5.0,,5.0,,,5.0,,5.0,5.0,,,,5.0,,5.0,,5,,5.0,5.0,5,,5.0,5.0,5.0,5.0,5.0,,0.0,3.0,0.0,,5.0,5.0,5.0,5,5.0,5.0,,4.0,5.0,5.0,5.0,5.0,,,,5,5.0,2,,5,5,,5.0,5,4,5.0,5,,,5,,5.0,5,5.0,5.0,5,0.0,,,4,5.0,0.0,,,,,5.0,5.0,3.0,,,,,5.0,,,,,5.0,5.0,5.0,,,22,9,1.6385104450499546,-0.22067540175326594
5.0,5,6.0,4,4,5.0,6.0,5.0,4,5.0,5,5.0,6.0,4,6.0,5.0,5.0,5.0,6.0,6.0,4,6.0,5,6.0,5.0,5,5,5,6,6.0,5,5,5.0,6.0,5,5,6.0,6.0,5,6.0,6.0,5.0,6.0,6.0,,6.0,5,6.0,5,6.0,,6.0,4,5.0,5.0,5,5.0,5,5.0,5,5,5,6.0,6.0,,3.0,0.0,6.0,5,,5,2,6.0,6.0,5.0,5,6.0,6.0,6.0,6.0,4,5,5,5.0,5.0,5,5,4,5.0,6.0,6.0,0,2.0,6.0,,5,1,6.0,5,5.0,5,6.0,5,6.0,4,5,6.0,6.0,5,6.0,5,6.0,6.0,5,6.0,4,5,0.0,5.0,6.0,6.0,6.0,6.0,5,5,6.0,6,6.0,6.0,6.0,6.0,4,6.0,6.0,6.0,5.0,6.0,,5,6.0,1.0,3,6.0,5,6.0,6.0,6.0,3.0,6.0,6.0,6.0,,5,,3.0,0.0,6.0,6.0,6.0,4,6.0,6.0,6.0,5.0,6.0,6.0,,,5,6.0,6.0,6.0,0,0.0,6.0,6.0,6.0,6.0,6.0,5.0,2.0,5.0,6.0,6.0,5,6.0,6,5,0.0,6.0,5,5,5,6,5.0,5.0,6.0,4,6.0,5,6.0,5.0,5.0,6.0,6.0,6.0,6.0,5.0,5.0,6.0,6.0,6.0,6.0,,5,5.0,6.0,6.0,5,3,6.0,6.0,5,5,6.0,,6.0,6.0,6.0,,,5.0,5,6.0,6.0,5.0,6.0,5.0,6.0,5,6.0,6.0,5.0,5,6.0,6.0,6.0,5,6.0,6.0,,6,6.0,5.0,6.0,3.0,6.0,6.0,6,6.0,5.0,6.0,5,,6.0,5.0,6.0,6.0,6.0,6.0,6.0,6.0,6.0,6.0,4.0,6.0,6.0,6.0,6.0,,6.0,5.0,6.0,,5.0,6.0,6.0,5,6.0,5,5,4,5,5.0,6.0,6.0,6.0,,6.0,5,6.0,5.0,5,,6.0,2.0,6.0,5.0,5.0,0.0,6.0,5.0,6.0,5.0,5.0,6.0,5.0,6.0,6.0,6.0,5.0,0.0,6.0,5.0,5,6.0,5.0,6.0,5,,5.0,5.0,6.0,5.0,2.0,,6.0,6.0,6.0,6.0,5.0,6.0,6.0,5,5.0,6.0,6.0,5.0,6.0,6.0,5.0,6.0,0.0,6.0,6.0,3,6.0,5,,5,4,,5.0,5,5,6.0,3,6.0,6.0,5,6.0,5.0,5,6.0,6.0,5,3.0,6.0,,5,5.0,6.0,6.0,6.0,,4.0,6.0,2.0,6.0,6.0,,,,6.0,,6.0,,,6.0,5.0,6.0,6.0,6.0,23,9,1.7103634343754957,-0.575311880024406
2.0,3,4.0,3,3,4.0,4.0,4.0,3,4.0,4,4.0,4.0,3,4.0,4.0,4.0,4.0,4.0,4.0,3,4.0,0,4.0,4.0,3,3,2,4,4.0,4,0,4.0,4.0,4,3,4.0,4.0,4,4.0,4.0,4.0,4.0,4.0,0.0,4.0,4,4.0,4,4.0,,4.0,3,,3.0,3,4.0,4,4.0,3,3,1,4.0,4.0,,4.0,,4.0,4,,3,3,4.0,4.0,4.0,4,4.0,2.0,4.0,4.0,1,0,3,4.0,4.0,3,4,3,4.0,4.0,4.0,3,,4.0,,2,3,4.0,3,3.0,4,4.0,4,4.0,3,3,,,4,4.0,4,4.0,1.0,3,,1,4,4.0,0.0,4.0,2.0,4.0,4.0,4,3,4.0,4,4.0,4.0,4.0,4.0,3,4.0,,4.0,3.0,4.0,,4,4.0,4.0,1,4.0,3,3.0,4.0,4.0,,4.0,,0.0,,3,,0.0,4.0,4.0,4.0,4.0,2,4.0,4.0,4.0,4.0,4.0,4.0,,,3,4.0,4.0,,3,4.0,4.0,,4.0,4.0,,4.0,4.0,2.0,,4.0,1,4.0,4,4,0.0,4.0,3,3,4,4,4.0,3.0,4.0,2,4.0,3,4.0,4.0,4.0,3.0,,3.0,4.0,4.0,3.0,4.0,4.0,4.0,,,3,4.0,4.0,4.0,3,4,4.0,4.0,3,3,4.0,,,4.0,,,,4.0,4,4.0,4.0,0.0,,,,4,4.0,4.0,4.0,4,4.0,4.0,4.0,3,4.0,4.0,,4,4.0,4.0,,4.0,,4.0,4,4.0,4.0,,3,,4.0,4.0,4.0,4.0,4.0,4.0,,4.0,4.0,3.0,2.0,4.0,4.0,,,,4.0,4.0,4.0,,4.0,4.0,4.0,3,4.0,3,4,3,3,4.0,4.0,2.0,4.0,,,3,4.0,4.0,4,,4.0,4.0,4.0,0.0,4.0,,4.0,4.0,,4.0,,4.0,4.0,,4.0,4.0,4.0,4.0,4.0,4.0,4,4.0,4.0,,4,,4.0,2.0,4.0,4.0,4.0,,,2.0,2.0,,4.0,4.0,4.0,4,4.0,4.0,,3.0,4.0,1.0,4.0,4.0,4.0,4.0,4.0,3,4.0,3,,4,4,,4.0,3,4,4.0,4,,,3,4.0,4.0,3,4.0,4.0,4,2.0,,,4,4.0,4.0,,,,,4.0,4.0,4.0,4.0,,,,1.0,,4.0,,,3.0,4.0,4.0,,,24,9,1.526571726293852,-0.45081801925041337
4.0,3,4.0,3,1,4.0,4.0,4.0,4,4.0,2,3.0,4.0,4,,4.0,4.0,,4.0,4.0,3,4.0,3,4.0,4.0,4,3,4,4,4.0,4,4,4.0,4.0,4,4,4.0,4.0,3,4.0,4.0,4.0,4.0,4.0,,4.0,4,4.0,4,4.0,3.0,4.0,3,,2.0,3,4.0,4,3.0,3,3,4,,4.0,,4.0,,4.0,3,,3,3,4.0,4.0,4.0,3,4.0,4.0,4.0,4.0,3,3,3,4.0,4.0,4,4,2,4.0,4.0,,4,,4.0,,3,0,4.0,2,4.0,3,4.0,4,4.0,3,3,4.0,4.0,1,4.0,4,4.0,0.0,3,,0,2,4.0,4.0,4.0,4.0,4.0,2.0,4,3,4.0,4,4.0,4.0,4.0,4.0,3,,,,4.0,4.0,,4,4.0,0.0,3,4.0,3,4.0,4.0,4.0,,4.0,,,,2,,4.0,4.0,,4.0,4.0,2,4.0,4.0,4.0,4.0,4.0,4.0,,,3,4.0,4.0,,2,4.0,4.0,,,4.0,4.0,4.0,4.0,4.0,,4.0,3,4.0,4,4,4.0,1.0,3,3,0,4,4.0,3.0,2.0,2,3.0,3,,4.0,3.0,4.0,,3.0,3.0,4.0,2.0,0.0,4.0,4.0,,,2,3.0,3.0,,3,4,2.0,4.0,3,3,4.0,,,4.0,,,,4.0,4,4.0,4.0,4.0,4.0,,,4,4.0,0.0,4.0,4,4.0,4.0,4.0,3,4.0,4.0,,4,4.0,4.0,0.0,3.0,0.0,3.0,3,4.0,4.0,4.0,4,,4.0,4.0,4.0,4.0,4.0,4.0,,4.0,4.0,4.0,4.0,4.0,4.0,,4.0,,0.0,3.0,,,4.0,4.0,4.0,4,4.0,4,2,3,4,4.0,4.0,4.0,4.0,,,4,4.0,4.0,4,,4.0,4.0,4.0,4.0,3.0,,4.0,,,3.0,,4.0,1.0,4.0,4.0,4.0,1.0,,4.0,4.0,3,4.0,4.0,1.0,4,,4.0,4.0,4.0,4.0,4.0,,,4.0,,,4.0,4.0,4.0,4,4.0,4.0,,4.0,4.0,4.0,4.0,4.0,4.0,4.0,4.0,3,4.0,3,,3,3,,4.0,3,4,4.0,3,4.0,,4,4.0,4.0,4,4.0,4.0,4,4.0,,,3,1.0,,,,,,4.0,4.0,4.0,2.0,,,,4.0,,,,,4.0,4.0,4.0,,,25,9,1.5025906735751295,-0.4082350305847182
4.0,4,5.0,1,3,5.0,5.0,2.0,5,5.0,5,4.0,5.0,4,4.0,5.0,4.0,5.0,5.0,5.0,3,5.0,4,5.0,5.0,4,4,4,5,4.0,0,4,4.0,5.0,4,4,0.0,5.0,5,5.0,5.0,5.0,5.0,5.0,,5.0,5,5.0,4,5.0,,5.0,4,,4.0,4,4.0,4,4.0,4,4,4,5.0,5.0,,2.0,,5.0,4,,4,4,5.0,5.0,5.0,4,5.0,5.0,3.0,3.0,3,4,3,4.0,5.0,4,5,3,5.0,5.0,5.0,3,,5.0,,1,4,5.0,4,5.0,4,5.0,4,5.0,2,4,5.0,5.0,5,5.0,5,4.0,5.0,4,,4,4,0.0,5.0,2.0,5.0,5.0,5.0,1,4,5.0,4,5.0,5.0,5.0,5.0,4,5.0,5.0,5.0,5.0,5.0,4.0,4,4.0,5.0,4,5.0,4,5.0,5.0,4.0,5.0,5.0,5.0,,,5,,0.0,3.0,5.0,5.0,5.0,4,5.0,5.0,5.0,4.0,5.0,5.0,,,4,4.0,5.0,5.0,3,5.0,5.0,5.0,5.0,5.0,5.0,5.0,5.0,5.0,5.0,5.0,4,4.0,4,5,0.0,4.0,1,4,4,4,4.0,2.0,5.0,3,5.0,3,5.0,5.0,3.0,4.0,,4.0,5.0,5.0,5.0,5.0,5.0,5.0,5.0,,4,4.0,5.0,5.0,4,5,5.0,5.0,4,4,5.0,,,5.0,,,,5.0,5,5.0,5.0,5.0,5.0,,4.0,4,5.0,5.0,4.0,4,5.0,5.0,5.0,4,5.0,5.0,,5,4.0,4.0,5.0,5.0,4.0,5.0,5,5.0,5.0,5.0,4,,5.0,4.0,3.0,5.0,4.0,4.0,0.0,5.0,5.0,5.0,5.0,5.0,4.0,5.0,5.0,,5.0,5.0,5.0,,5.0,5.0,4.0,4,5.0,4,4,4,4,5.0,5.0,5.0,5.0,,5.0,4,5.0,5.0,4,,5.0,5.0,5.0,5.0,4.0,5.0,0.0,5.0,,4.0,,4.0,5.0,5.0,5.0,5.0,5.0,5.0,5.0,5.0,4,5.0,5.0,5.0,0,,5.0,5.0,5.0,5.0,5.0,,5.0,5.0,5.0,,5.0,5.0,5.0,4,2.0,1.0,5.0,5.0,5.0,5.0,4.0,5.0,5.0,5.0,5.0,4,5.0,4,0.0,4,4,,5.0,4,3,5.0,4,5.0,,3,5.0,4.0,4,5.0,4.0,4,5.0,,0.0,4,4.0,2.0,,5.0,,5.0,5.0,5.0,5.0,5.0,,,,5.0,,5.0,,,4.0,4.0,5.0,5.0,5.0,26,9,1.5542866334244814,-0.5416516438695171
4.0,4,4.0,0,2,4.0,5.0,5.0,4,3.0,4,4.0,4.0,4,5.0,5.0,4.0,5.0,5.0,4.0,3,0.0,4,5.0,4.0,4,3,4,5,0.0,4,2,4.0,5.0,4,2,5.0,5.0,4,5.0,4.0,5.0,5.0,5.0,,5.0,4,5.0,5,5.0,5.0,4.0,4,,5.0,5,4.0,5,5.0,4,4,4,5.0,5.0,,5.0,,5.0,4,,3,3,4.0,5.0,2.0,4,4.0,5.0,5.0,4.0,3,1,4,4.0,5.0,4,4,4,5.0,4.0,5.0,3,,5.0,,4,4,4.0,5,4.0,3,5.0,5,5.0,3,4,,5.0,5,5.0,4,4.0,5.0,4,,4,5,4.0,5.0,5.0,5.0,3.0,5.0,4,4,5.0,4,5.0,5.0,5.0,5.0,4,5.0,5.0,5.0,5.0,5.0,,4,5.0,4.0,4,0.0,5,5.0,5.0,5.0,,5.0,0.0,5.0,5.0,4,,5.0,5.0,5.0,5.0,5.0,4,5.0,5.0,5.0,4.0,5.0,5.0,5.0,,4,4.0,5.0,5.0,3,5.0,3.0,5.0,5.0,4.0,5.0,5.0,5.0,4.0,5.0,5.0,4,4.0,4,1,5.0,5.0,3,4,4,4,2.0,4.0,4.0,3,5.0,0,5.0,4.0,4.0,4.0,5.0,4.0,5.0,2.0,5.0,5.0,5.0,5.0,5.0,,4,4.0,5.0,5.0,4,5,5.0,5.0,4,4,5.0,,5.0,5.0,5.0,,,5.0,5,5.0,4.0,5.0,5.0,,5.0,4,5.0,5.0,4.0,4,4.0,5.0,5.0,4,5.0,5.0,,5,4.0,4.0,5.0,3.0,5.0,5.0,4,4.0,5.0,5.0,4,,5.0,5.0,0.0,5.0,4.0,5.0,5.0,5.0,5.0,5.0,2.0,5.0,4.0,5.0,5.0,,5.0,5.0,5.0,,4.0,5.0,5.0,2,4.0,4,4,4,5,5.0,5.0,5.0,5.0,,5.0,4,5.0,4.0,4,,5.0,4.0,5.0,5.0,5.0,5.0,5.0,5.0,5.0,5.0,,5.0,5.0,5.0,5.0,5.0,5.0,5.0,5.0,4.0,4,5.0,5.0,2.0,3,,5.0,4.0,5.0,5.0,4.0,,5.0,5.0,5.0,,4.0,5.0,5.0,5,4.0,5.0,5.0,5.0,5.0,5.0,5.0,5.0,5.0,5.0,5.0,4,0.0,3,,4,4,,4.0,4,4,1.0,4,5.0,,4,5.0,5.0,4,5.0,4.0,4,5.0,5.0,,0,4.0,5.0,,5.0,,5.0,5.0,5.0,5.0,5.0,0.0,,,5.0,,5.0,,,5.0,5.0,5.0,5.0,,27,9,1.5670498084291187,-0.6127811417200837
5.0,4,4.0,4,3,4.0,5.0,5.0,5,5.0,5,4.0,5.0,5,,5.0,5.0,,,5.0,4,5.0,4,5.0,5.0,5,4,5,5,5.0,5,4,5.0,5.0,1,4,1.0,5.0,5,5.0,5.0,5.0,1.0,5.0,,5.0,5,4.0,5,5.0,,5.0,5,,4.0,4,5.0,5,5.0,4,5,0,5.0,5.0,,5.0,,5.0,4,,4,3,5.0,5.0,5.0,5,5.0,5.0,5.0,5.0,3,4,4,5.0,5.0,5,5,4,5.0,5.0,,4,,5.0,,4,4,5.0,5,5.0,5,5.0,5,5.0,4,5,,5.0,5,5.0,5,5.0,5.0,5,,4,4,5.0,5.0,,,,5.0,5,5,4.0,5,5.0,,5.0,,5,,,5.0,5.0,,,5,5.0,5.0,0,5.0,5,5.0,5.0,5.0,,5.0,,,,5,,5.0,,,,,4,5.0,,5.0,5.0,,5.0,,,5,5.0,4.0,,3,5.0,,,5.0,5.0,,5.0,5.0,5.0,,5.0,4,5.0,5,5,5.0,,4,4,4,5,4.0,5.0,5.0,3,0.0,3,,5.0,4.0,0.0,,5.0,5.0,5.0,5.0,5.0,5.0,5.0,,,5,5.0,5.0,,4,5,5.0,5.0,5,4,5.0,0.0,,5.0,,,,5.0,5,5.0,5.0,5.0,,,,5,5.0,5.0,5.0,5,5.0,,5.0,4,5.0,5.0,0.0,5,5.0,5.0,,,,5.0,5,5.0,5.0,,5,,,5.0,5.0,5.0,5.0,5.0,,5.0,5.0,5.0,5.0,5.0,5.0,,,,5.0,5.0,5.0,,4.0,5.0,5.0,0,5.0,5,2,4,5,5.0,5.0,5.0,,,,4,,5.0,5,,,5.0,5.0,5.0,5.0,,0.0,2.0,,5.0,,5.0,4.0,,0.0,5.0,5.0,,5.0,5.0,4,5.0,5.0,,5,,5.0,5.0,5.0,5.0,3.0,,,1.0,,,5.0,5.0,,5,5.0,5.0,5.0,5.0,5.0,4.0,5.0,5.0,5.0,,5.0,4,5.0,4,,5,2,,1.0,4,5,5.0,5,5.0,,5,5.0,5.0,4,0.0,5.0,5,5.0,5.0,,5,5.0,5.0,,,,,,5.0,4.0,,,,,1.0,,5.0,,,5.0,5.0,5.0,,,28,9,1.6251783166904423,-0.33622687445573574
4.0,4,4.0,4,3,3.0,4.0,4.0,4,4.0,4,4.0,4.0,4,1.0,4.0,4.0,5.0,2.0,0.0,3,5.0,4,5.0,5.0,4,2,4,2,0.0,4,4,0.0,5.0,3,4,5.0,2.0,4,5.0,4.0,5.0,4.0,5.0,,1.0,1,0.0,4,5.0,5.0,4.0,4,0.0,5.0,3,4.0,4,4.0,4,4,4,5.0,5.0,,5.0,,4.0,4,,4,3,5.0,5.0,5.0,4,5.0,5.0,4.0,5.0,3,4,3,4.0,5.0,4,4,3,5.0,4.0,5.0,4,5.0,4.0,,3,4,5.0,4,4.0,4,4.0,4,5.0,4,4,5.0,5.0,4,5.0,4,5.0,4.0,4,5.0,4,4,4.0,4.0,5.0,5.0,5.0,5.0,3,2,4.0,4,5.0,5.0,5.0,5.0,4,5.0,5.0,5.0,4.0,3.0,,4,5.0,5.0,0,5.0,4,4.0,5.0,5.0,5.0,5.0,5.0,,5.0,4,,5.0,5.0,5.0,5.0,5.0,3,0.0,4.0,5.0,2.0,1.0,5.0,,,4,5.0,5.0,5.0,4,5.0,5.0,5.0,5.0,5.0,5.0,5.0,4.0,3.0,5.0,5.0,4,4.0,4,4,5.0,5.0,3,4,4,4,5.0,5.0,4.0,3,5.0,4,5.0,4.0,4.0,5.0,5.0,4.0,5.0,4.0,4.0,5.0,5.0,5.0,5.0,,3,2.0,5.0,5.0,4,4,5.0,5.0,4,4,5.0,5.0,5.0,0.0,5.0,,4.0,5.0,4,5.0,4.0,5.0,5.0,,5.0,4,5.0,5.0,5.0,4,5.0,5.0,5.0,4,5.0,5.0,5.0,5,4.0,1.0,5.0,5.0,5.0,4.0,4,4.0,5.0,5.0,4,0.0,5.0,4.0,5.0,5.0,5.0,5.0,5.0,5.0,5.0,5.0,5.0,5.0,4.0,5.0,5.0,,5.0,5.0,5.0,,4.0,4.0,5.0,4,5.0,4,4,3,4,5.0,5.0,5.0,5.0,,,4,5.0,5.0,4,,5.0,4.0,5.0,4.0,4.0,5.0,5.0,5.0,5.0,4.0,,5.0,5.0,5.0,5.0,5.0,5.0,5.0,5.0,0.0,4,5.0,5.0,5.0,4,,4.0,5.0,5.0,4.0,4.0,,5.0,5.0,5.0,,5.0,5.0,5.0,5,4.0,5.0,5.0,5.0,5.0,5.0,4.0,5.0,4.0,5.0,5.0,4,5.0,4,,4,4,,5.0,4,5,5.0,4,5.0,,5,4.0,5.0,1,5.0,5.0,4,5.0,5.0,,4,4.0,5.0,,5.0,,5.0,5.0,5.0,5.0,5.0,,,,5.0,,5.0,,,4.0,3.0,4.0,1.0,,29,9,1.5309763217645151,-0.6179099290872616
5.0,4,5.0,4,4,4.0,5.0,5.0,4,4.0,4,5.0,4.0,4,5.0,5.0,5.0,5.0,5.0,5.0,3,5.0,4,5.0,5.0,4,4,4,4,5.0,4,4,5.0,5.0,4,4,5.0,5.0,0,5.0,5.0,5.0,4.0,3.0,3.0,3.0,4,5.0,5,5.0,5.0,5.0,4,,5.0,4,5.0,4,4.0,2,4,4,,5.0,,5.0,,5.0,5,,4,3,5.0,5.0,5.0,4,5.0,5.0,5.0,5.0,4,5,4,5.0,5.0,4,4,3,5.0,5.0,5.0,3,,5.0,,4,3,5.0,3,5.0,0,5.0,4,5.0,4,4,5.0,5.0,5,5.0,4,4.0,5.0,3,,4,4,5.0,5.0,5.0,,5.0,2.0,5,4,5.0,5,5.0,5.0,5.0,5.0,4,0.0,5.0,5.0,4.0,5.0,,4,5.0,4.0,2,5.0,5,5.0,3.0,5.0,5.0,5.0,5.0,0.0,5.0,4,,5.0,4.0,5.0,5.0,5.0,4,5.0,5.0,5.0,5.0,5.0,5.0,5.0,3.0,4,5.0,5.0,5.0,4,1.0,5.0,5.0,5.0,5.0,5.0,5.0,5.0,5.0,,5.0,1,5.0,2,4,5.0,5.0,4,0,4,5,5.0,4.0,5.0,4,5.0,4,5.0,5.0,4.0,5.0,,5.0,5.0,4.0,5.0,5.0,5.0,3.0,5.0,,4,5.0,5.0,5.0,4,5,5.0,5.0,4,4,5.0,4.0,,5.0,5.0,,,5.0,5,5.0,5.0,5.0,5.0,,5.0,5,5.0,4.0,0.0,4,1.0,0.0,5.0,4,5.0,5.0,,4,5.0,5.0,4.0,5.0,,5.0,4,5.0,4.0,5.0,4,,5.0,5.0,5.0,5.0,5.0,5.0,5.0,5.0,2.0,5.0,0.0,5.0,5.0,5.0,5.0,,5.0,5.0,5.0,,5.0,5.0,5.0,4,5.0,5,5,3,4,5.0,5.0,5.0,5.0,,0.0,4,5.0,4.0,4,,5.0,5.0,5.0,5.0,5.0,5.0,5.0,,,5.0,,5.0,5.0,5.0,4.0,5.0,5.0,,5.0,5.0,4,5.0,5.0,5.0,4,,5.0,4.0,5.0,5.0,5.0,,5.0,5.0,5.0,,5.0,5.0,5.0,3,5.0,4.0,5.0,5.0,5.0,5.0,5.0,5.0,2.0,5.0,5.0,5,5.0,0,,2,5,,5.0,4,4,4.0,4,5.0,,4,5.0,5.0,5,5.0,3.0,4,5.0,5.0,,4,5.0,5.0,,5.0,,5.0,5.0,5.0,5.0,5.0,,,,5.0,,5.0,,,4.0,5.0,5.0,5.0,,30,9,1.5812840402706718,-0.5157816000443796
6.0,6,6.0,6,6,6.0,6.0,6.0,5,5.0,5,5.0,5.0,4,1.0,6.0,4.0,1.0,5.0,6.0,4,6.0,6,,6.0,6,5,6,5,6.0,6,5,6.0,0.0,5,6,,,6,,6.0,6.0,6.0,6.0,,6.0,6,,6,,,6.0,6,,6.0,6,6.0,6,6.0,6,6,6,,,,6.0,,6.0,6,,5,4,6.0,6.0,3.0,6,6.0,6.0,6.0,,5,5,6,5.0,,6,6,5,6.0,,,0,,6.0,,5,6,6.0,6,6.0,6,6.0,2,6.0,5,6,,,6,,4,,6.0,6,,6,6,,6.0,,,6.0,,6,6,6.0,6,,,6.0,,6,,6.0,6.0,6.0,,,6,,6.0,6,6.0,6,6.0,,6.0,,,,,,6,,,,,6.0,6.0,6,0.0,,,6.0,,,,,3,2.0,,,6,,,,,,,3.0,4.0,6.0,,5.0,6,6.0,4,6,,,5,6,6,6,6.0,6.0,6.0,5,6.0,6,0.0,,6.0,,,6.0,6.0,6.0,6.0,6.0,,6.0,,,6,6.0,,6.0,5,6,,,6,6,6.0,,,6.0,,,,5.0,5,6.0,6.0,6.0,,,,6,0.0,6.0,6.0,6,6.0,,6.0,5,6.0,,,6,6.0,6.0,,1.0,,,6,6.0,6.0,,5,,,6.0,,,,6.0,0.0,,6.0,6.0,0.0,6.0,6.0,,,,,6.0,5.0,,6.0,6.0,6.0,5,6.0,6,6,6,6,,,,,,,6,,6.0,6,,,4.0,,6.0,6.0,,6.0,,0.0,6.0,,6.0,0.0,,,,6.0,,,5.0,6,0.0,6.0,,5,,6.0,5.0,4.0,6.0,3.0,,,4.0,,,6.0,,,6,6.0,6.0,,6.0,6.0,6.0,6.0,1.0,,,,6,,6,,6,6,,6.0,6,6,6.0,6,,,6,6.0,6.0,6,6.0,5.0,6,6.0,,,6,6.0,,6.0,,,,6.0,,3.0,5.0,,,,,,,,,6.0,6.0,,,5.0,31,9,1.7800808009836642,-0.031407558705784475
6.0,5,6.0,5,6,6.0,6.0,6.0,5,6.0,5,6.0,6.0,0,6.0,6.0,6.0,6.0,5.0,6.0,3,6.0,6,4.0,6.0,6,6,5,6,6.0,5,6,6.0,,6,6,6.0,,4,0.0,5.0,6.0,6.0,6.0,,6.0,6,6.0,6,,,6.0,6,,6.0,6,6.0,6,6.0,5,6,6,,6.0,,6.0,2.0,6.0,6,,6,4,,6.0,6.0,5,6.0,6.0,6.0,2.0,4,4,5,6.0,6.0,6,6,6,6.0,6.0,6.0,5,,6.0,,5,0,6.0,5,3.0,2,6.0,5,6.0,4,5,6.0,0.0,6,6.0,6,6.0,6.0,5,,5,5,6.0,6.0,6.0,,6.0,6.0,6,5,6.0,6,6.0,6.0,6.0,6.0,4,6.0,,,6.0,6.0,0.0,6,6.0,6.0,5,6.0,4,5.0,6.0,6.0,,6.0,5.0,6.0,6.0,5,,6.0,6.0,6.0,,6.0,5,,6.0,6.0,6.0,6.0,6.0,,,6,6.0,,,5,2.0,6.0,,,6.0,1.0,3.0,6.0,6.0,,6.0,6,6.0,6,6,6.0,3.0,5,6,5,6,6.0,6.0,6.0,5,5.0,5,6.0,6.0,5.0,6.0,,6.0,6.0,6.0,6.0,6.0,,6.0,,,5,6.0,6.0,6.0,5,6,6.0,2.0,5,5,6.0,,,6.0,6.0,6.0,,6.0,6,6.0,6.0,6.0,,,,6,6.0,0.0,6.0,6,6.0,6.0,1.0,5,6.0,,,5,6.0,6.0,,,,6.0,6,6.0,6.0,,1,,6.0,6.0,1.0,6.0,6.0,5.0,0.0,6.0,6.0,6.0,5.0,6.0,6.0,,,,6.0,6.0,6.0,,5.0,6.0,6.0,6,6.0,6,6,5,5,6.0,6.0,6.0,6.0,,0.0,5,6.0,6.0,6,,5.0,6.0,,6.0,6.0,,6.0,6.0,3.0,6.0,,6.0,6.0,,6.0,5.0,6.0,,6.0,6.0,6,,6.0,6.0,5,,6.0,6.0,6.0,6.0,5.0,,,,,,6.0,6.0,6.0,6,5.0,6.0,,6.0,6.0,6.0,6.0,6.0,6.0,,2.0,5,5.0,6,,6,6,,6.0,5,5,6.0,5,,,5,4.0,4.0,6,6.0,6.0,5,6.0,,,6,5.0,6.0,,,,0.0,6.0,6.0,6.0,,,5.0,,6.0,,,,,6.0,6.0,6.0,6.0,0.0,32,9,1.7582047188220682,-0.22144293645294658
4.0,4,5.0,3,4,5.0,5.0,5.0,4,4.0,4,4.0,4.0,4,5.0,2.0,5.0,5.0,5.0,5.0,4,5.0,1,5.0,5.0,1,4,4,5,5.0,4,4,5.0,5.0,4,4,5.0,5.0,4,5.0,5.0,5.0,5.0,2.0,4.0,5.0,4,5.0,5,5.0,,5.0,4,,4.0,4,4.0,5,5.0,4,4,4,5.0,5.0,,5.0,,5.0,5,,4,3,5.0,5.0,4.0,4,4.0,5.0,5.0,5.0,3,4,4,5.0,5.0,4,4,4,4.0,5.0,5.0,2,,5.0,,4,0,5.0,5,5.0,4,4.0,4,5.0,3,4,5.0,5.0,5,4.0,4,5.0,5.0,3,5.0,3,4,4.0,5.0,5.0,5.0,5.0,5.0,4,4,5.0,2,5.0,5.0,5.0,5.0,2,5.0,4.0,5.0,5.0,5.0,,4,5.0,5.0,4,5.0,1,4.0,5.0,5.0,,5.0,5.0,,,5,,5.0,5.0,,5.0,5.0,4,5.0,5.0,5.0,5.0,5.0,5.0,,,4,5.0,5.0,,4,5.0,5.0,5.0,5.0,5.0,5.0,5.0,4.0,0.0,0.0,5.0,4,5.0,5,5,5.0,5.0,4,4,3,5,5.0,4.0,5.0,4,5.0,4,5.0,5.0,4.0,5.0,,0.0,5.0,4.0,5.0,5.0,5.0,5.0,5.0,,4,5.0,5.0,5.0,4,5,5.0,5.0,4,4,5.0,,5.0,5.0,5.0,,4.0,3.0,4,5.0,5.0,5.0,5.0,,,3,5.0,5.0,4.0,4,5.0,3.0,5.0,4,5.0,5.0,0.0,5,5.0,5.0,5.0,5.0,,5.0,5,5.0,5.0,5.0,4,,5.0,0.0,5.0,5.0,5.0,4.0,5.0,5.0,5.0,5.0,0.0,5.0,4.0,5.0,5.0,,5.0,5.0,5.0,,5.0,5.0,5.0,1,5.0,5,5,4,4,5.0,5.0,5.0,5.0,,,4,5.0,5.0,4,,5.0,4.0,5.0,5.0,5.0,,5.0,5.0,,5.0,,5.0,5.0,5.0,5.0,5.0,5.0,0.0,5.0,5.0,3,5.0,0.0,5.0,4,,2.0,4.0,5.0,5.0,5.0,,,5.0,5.0,,5.0,5.0,5.0,4,5.0,4.0,5.0,5.0,5.0,5.0,5.0,5.0,5.0,5.0,5.0,3,5.0,4,,4,4,,5.0,4,4,0.0,4,5.0,,4,5.0,5.0,5,3.0,5.0,4,5.0,5.0,,4,2.0,5.0,,5.0,,5.0,5.0,5.0,4.0,5.0,,,,5.0,,5.0,,,1.0,4.0,5.0,3.0,,33,9,1.6059007746827096,-0.566813113839252
5.0,5,5.0,5,4,5.0,5.0,5.0,5,5.0,5,2.0,5.0,4,5.0,5.0,5.0,,,5.0,4,5.0,4,5.0,5.0,5,5,5,5,5.0,5,4,5.0,,5,5,,5.0,5,5.0,5.0,,5.0,,,5.0,5,5.0,5,5.0,,5.0,4,,5.0,5,5.0,5,5.0,5,4,2,5.0,0.0,1.0,,,,5,,4,3,5.0,2.0,5.0,0,5.0,,5.0,5.0,3,5,4,5.0,5.0,5,5,4,5.0,5.0,,4,,,,4,4,,5,5.0,5,5.0,4,5.0,4,4,,,5,,5,,,1,,5,5,5.0,5.0,,,5.0,5.0,5,5,5.0,5,5.0,,2.0,,5,,,5.0,5.0,,,5,,5.0,3,5.0,5,5.0,5.0,3.0,,,,,,5,5.0,5.0,,,5.0,0.0,4,,5.0,4.0,0.0,5.0,5.0,,,5,5.0,5.0,,3,5.0,4.0,,,,,5.0,5.0,5.0,,,5,5.0,5,5,5.0,5.0,4,5,4,5,3.0,5.0,5.0,4,5.0,4,,5.0,5.0,5.0,,5.0,5.0,5.0,5.0,5.0,,5.0,5.0,,5,1.0,5.0,,4,5,,,3,3,,,2.0,5.0,,,,5.0,5,5.0,5.0,5.0,,,,5,5.0,5.0,5.0,5,0.0,,5.0,4,5.0,,,5,5.0,5.0,,,,5.0,5,5.0,0.0,,4,,,5.0,5.0,,5.0,5.0,,5.0,,5.0,5.0,5.0,5.0,,,,,5.0,0.0,,5.0,5.0,5.0,4,5.0,5,5,4,5,,5.0,5.0,5.0,,,4,5.0,5.0,5,,,5.0,,5.0,5.0,,1.0,,,5.0,,5.0,5.0,,,,5.0,,5.0,,5,,5.0,,5,,5.0,5.0,2.0,5.0,5.0,,,5.0,,,5.0,,,5,5.0,5.0,,5.0,5.0,0.0,5.0,,5.0,,,5,5.0,5,,5,5,,5.0,4,5,,5,,,5,,,5,5.0,5.0,5,5.0,,,5,5.0,,0.0,,4.0,,,5.0,5.0,,,,5.0,5.0,,,,,5.0,5.0,0.0,,,34,9,1.6652036516853932,-0.23827008310857012
3.0,4,5.0,4,3,4.0,5.0,4.0,2,4.0,0,4.0,4.0,4,5.0,4.0,5.0,5.0,5.0,5.0,3,5.0,5,5.0,5.0,4,4,4,4,5.0,4,4,5.0,5.0,5,4,5.0,5.0,5,5.0,5.0,5.0,5.0,5.0,,5.0,5,5.0,4,5.0,5.0,5.0,3,,5.0,4,5.0,4,4.0,4,4,5,5.0,5.0,,5.0,,5.0,4,,3,4,0.0,5.0,4.0,4,5.0,5.0,5.0,5.0,0,4,3,4.0,3.0,4,0,4,5.0,5.0,5.0,3,5.0,5.0,1.0,4,3,5.0,5,5.0,4,0.0,4,5.0,3,2,,,4,5.0,5,5.0,5.0,4,,4,5,5.0,5.0,5.0,5.0,5.0,5.0,5,4,5.0,5,5.0,5.0,5.0,0.0,3,5.0,5.0,5.0,4.0,5.0,5.0,5,5.0,5.0,4,5.0,4,4.0,5.0,5.0,,5.0,,5.0,,2,,5.0,4.0,5.0,5.0,5.0,4,5.0,4.0,5.0,5.0,5.0,5.0,,,4,4.0,5.0,5.0,4,5.0,5.0,5.0,4.0,5.0,,5.0,5.0,4.0,5.0,5.0,4,5.0,4,5,5.0,5.0,4,4,5,4,0.0,4.0,5.0,3,4.0,4,5.0,5.0,4.0,5.0,5.0,4.0,5.0,5.0,4.0,4.0,5.0,5.0,,,4,3.0,5.0,5.0,4,5,5.0,5.0,4,4,5.0,,,2.0,5.0,,,5.0,5,5.0,4.0,4.0,5.0,,2.0,5,5.0,5.0,5.0,4,4.0,5.0,5.0,4,5.0,5.0,,5,5.0,5.0,,5.0,5.0,4.0,5,5.0,4.0,5.0,4,,5.0,4.0,5.0,5.0,0.0,4.0,5.0,4.0,5.0,4.0,4.0,1.0,4.0,5.0,5.0,,5.0,5.0,5.0,,5.0,4.0,5.0,4,5.0,4,5,4,4,5.0,5.0,5.0,5.0,,,4,5.0,5.0,4,,4.0,4.0,5.0,5.0,5.0,,5.0,5.0,5.0,5.0,,5.0,5.0,5.0,5.0,5.0,5.0,5.0,5.0,5.0,5,5.0,5.0,5.0,4,,1.0,4.0,0.0,5.0,4.0,,5.0,5.0,5.0,,5.0,5.0,5.0,4,4.0,5.0,5.0,2.0,5.0,5.0,5.0,5.0,5.0,5.0,5.0,4,5.0,4,5.0,4,4,,5.0,4,5,5.0,4,5.0,0.0,1,5.0,5.0,5,5.0,5.0,4,5.0,,,4,2.0,5.0,,5.0,,,5.0,5.0,5.0,5.0,,,,5.0,5.0,5.0,,,5.0,4.0,5.0,5.0,,35,9,1.595625719454037,-0.5374926938856471
4.0,4,4.0,4,3,4.0,4.0,4.0,4,4.0,2,4.0,4.0,4,,4.0,4.0,,2.0,0.0,3,4.0,3,1.0,4.0,4,3,4,4,4.0,4,4,2.0,4.0,4,4,,,4,4.0,4.0,4.0,4.0,,,4.0,4,4.0,4,4.0,0.0,3.0,3,4.0,2.0,2,4.0,4,4.0,4,3,4,,4.0,,0.0,,4.0,4,,3,3,,,4.0,4,4.0,,4.0,4.0,4,4,3,4.0,4.0,4,4,3,3.0,4.0,4.0,3,,4.0,,3,3,4.0,4,,4,4.0,4,4.0,0,4,,,3,4.0,4,4.0,,4,,4,4,4.0,4.0,,,,,3,4,4.0,2,4.0,,4.0,,4,,,,4.0,,,4,,4.0,4,,4,4.0,,0.0,,4.0,,,,4,,4.0,,,,,4,,4.0,4.0,0.0,,4.0,,,3,2.0,,,3,4.0,,,,,,,4.0,4.0,,4.0,4,4.0,4,4,,4.0,3,4,3,4,4.0,4.0,4.0,1,4.0,3,,4.0,3.0,4.0,,4.0,4.0,4.0,4.0,4.0,,4.0,,,4,4.0,,,3,4,3.0,,4,2,,,4.0,,,,,4.0,4,,4.0,4.0,,,,4,4.0,4.0,4.0,1,4.0,,,3,4.0,,,4,4.0,4.0,,,,4.0,4,4.0,,,4,,4.0,4.0,4.0,4.0,4.0,4.0,,4.0,,4.0,4.0,4.0,4.0,,,,,3.0,,,0.0,,4.0,4,4.0,4,4,3,4,4.0,,3.0,,,,4,,,4,,,0.0,,1.0,4.0,,4.0,,,4.0,,0.0,4.0,,3.0,,4.0,,4.0,4.0,4,,4.0,,4,,4.0,4.0,,4.0,4.0,,,,,,4.0,,,3,4.0,4.0,1.0,4.0,,4.0,4.0,4.0,4.0,,,3,3.0,4,,1,0,,4.0,4,3,4.0,4,2.0,,4,4.0,4.0,4,4.0,4.0,4,3.0,,,4,4.0,,4.0,,,,,,4.0,2.0,,,,4.0,,,,,4.0,4.0,,,,36,9,1.562186472928559,-0.1946355841404455
4.0,1,3.0,4,4,4.0,4.0,5.0,4,5.0,4,4.0,5.0,4,5.0,5.0,5.0,5.0,5.0,4.0,3,5.0,5,5.0,5.0,5,5,4,4,5.0,5,4,5.0,5.0,4,4,5.0,5.0,5,5.0,5.0,5.0,5.0,5.0,,5.0,5,5.0,0,5.0,,5.0,3,,5.0,4,4.0,4,5.0,4,3,4,5.0,5.0,,5.0,,5.0,3,,4,4,0.0,5.0,5.0,3,5.0,5.0,4.0,5.0,2,4,3,4.0,2.0,4,4,4,5.0,5.0,5.0,4,5.0,5.0,,3,4,5.0,5,4.0,4,5.0,4,5.0,4,0,,5.0,4,5.0,4,5.0,5.0,4,5.0,4,5,5.0,4.0,5.0,,5.0,5.0,5,4,5.0,5,5.0,5.0,5.0,1.0,0,1.0,5.0,5.0,4.0,5.0,,4,5.0,5.0,4,5.0,4,3.0,5.0,5.0,,5.0,,,,4,,5.0,5.0,5.0,5.0,5.0,3,5.0,2.0,5.0,4.0,5.0,5.0,,,5,5.0,5.0,5.0,4,5.0,0.0,,5.0,5.0,5.0,5.0,5.0,5.0,,5.0,4,5.0,4,5,5.0,5.0,4,4,5,5,5.0,5.0,5.0,3,5.0,4,5.0,4.0,4.0,5.0,,3.0,5.0,4.0,4.0,0.0,5.0,5.0,,5.0,4,5.0,5.0,5.0,4,4,5.0,5.0,4,4,5.0,,,4.0,5.0,,,5.0,4,5.0,1.0,2.0,,,,4,5.0,5.0,5.0,5,5.0,5.0,5.0,4,5.0,5.0,,5,5.0,5.0,,5.0,5.0,5.0,4,5.0,5.0,3.0,4,,5.0,0.0,5.0,5.0,5.0,5.0,,5.0,5.0,3.0,5.0,5.0,5.0,5.0,,,5.0,4.0,5.0,,1.0,5.0,5.0,4,5.0,5,4,3,3,5.0,5.0,5.0,5.0,,5.0,4,4.0,5.0,4,,5.0,5.0,0.0,5.0,5.0,,5.0,,5.0,5.0,,5.0,5.0,5.0,5.0,2.0,1.0,5.0,5.0,5.0,4,5.0,5.0,5.0,4,,4.0,4.0,3.0,2.0,5.0,,5.0,5.0,5.0,,5.0,5.0,5.0,0,4.0,4.0,5.0,5.0,5.0,4.0,5.0,0.0,5.0,5.0,5.0,4,5.0,5,,4,4,,5.0,4,4,5.0,4,,,4,5.0,5.0,3,5.0,5.0,4,5.0,,,5,5.0,5.0,,5.0,,5.0,5.0,5.0,5.0,5.0,,5.0,,5.0,,5.0,,,5.0,5.0,5.0,5.0,,37,9,1.5952807160292921,-0.5148993603709126
4.0,4,4.0,3,3,4.0,4.0,,4,4.0,4,4.0,4.0,4,,2.0,4.0,,,4.0,3,,4,4.0,,4,3,3,4,4.0,3,4,4.0,,1,4,,,4,,,,,,,4.0,4,4.0,4,,,,4,,4.0,4,0.0,4,0.0,4,4,4,,,,2.0,,,4,0.0,4,3,,,,4,4.0,,,2.0,3,4,3,4.0,4.0,4,3,3,3.0,4.0,,3,4.0,4.0,,4,3,4.0,4,4.0,2,,4,,3,4,,,4,4.0,4,4.0,4.0,4,,4,4,4.0,,1.0,,,,4,4,,4,4.0,,,,4,,,,4.0,,,4,,,1,,4,4.0,,,,4.0,,,,4,,4.0,,,3.0,,4,,,4.0,4.0,,,,,4,4.0,,,0,,,,,4.0,,,4.0,4.0,,,3,4.0,4,2,,4.0,2,4,4,4,4.0,4.0,,3,,4,,4.0,0.0,1.0,,4.0,4.0,4.0,0.0,,,4.0,,4.0,4,4.0,,1.0,4,4,,,3,4,,,,,,,,4.0,4,,4.0,,,,,4,,,4.0,4,4.0,2.0,,4,,,,4,4.0,0.0,,,,4.0,4,3.0,,,4,,,4.0,,,,4.0,,3.0,,,4.0,4.0,4.0,,,,,4.0,,,4.0,,4.0,4,,1,4,4,4,,4.0,0.0,3.0,,,4,,,4,,,,,4.0,4.0,,,,,4.0,,,,,,,,,,4.0,4,,4.0,,4,,,4.0,,4.0,4.0,,,,,3.0,4.0,,,4,4.0,4.0,,,4.0,,4.0,,4.0,,,4,4.0,4,0.0,4,4,,,4,4,,2,,0.0,4,,4.0,4,,,4,,,,4,4.0,,,1.0,,,,,,,,,,4.0,,4.0,,,4.0,4.0,,,,38,9,1.5475591343734272,-0.03327705824415332
4.0,5,5.0,4,4,5.0,5.0,5.0,5,5.0,4,5.0,5.0,4,5.0,5.0,4.0,5.0,,5.0,0,,5,4.0,,5,5,5,5,4.0,5,5,5.0,5.0,5,4,5.0,,5,5.0,5.0,5.0,5.0,5.0,,5.0,5,5.0,5,5.0,,5.0,4,1.0,5.0,5,5.0,4,5.0,4,0,4,,5.0,4.0,5.0,,4.0,4,,5,4,,5.0,5.0,5,5.0,5.0,5.0,5.0,3,5,4,0.0,5.0,4,5,4,5.0,5.0,5.0,3,,3.0,,4,4,5.0,5,5.0,5,5.0,5,5.0,5,5,,,5,5.0,5,5.0,5.0,4,,4,5,5.0,5.0,,,,5.0,5,5,5.0,5,5.0,,5.0,2.0,4,5.0,,,5.0,,,0,5.0,5.0,4,2.0,5,5.0,5.0,5.0,,4.0,,,,4,,5.0,,,5.0,5.0,4,1.0,5.0,5.0,4.0,5.0,5.0,,5.0,5,5.0,5.0,,4,5.0,5.0,,5.0,5.0,,5.0,5.0,5.0,,5.0,4,5.0,5,5,,5.0,4,5,5,5,4.0,5.0,5.0,3,5.0,5,0.0,1.0,5.0,5.0,,5.0,4.0,5.0,3.0,5.0,5.0,5.0,,,5,5.0,5.0,5.0,5,5,4.0,5.0,5,5,5.0,,4.0,5.0,5.0,,,5.0,5,,4.0,5.0,,,,5,5.0,5.0,5.0,5,5.0,5.0,5.0,4,5.0,5.0,,1,5.0,5.0,,3.0,,5.0,4,5.0,3.0,,2,0.0,5.0,5.0,5.0,,5.0,5.0,,5.0,5.0,5.0,5.0,5.0,5.0,,,,4.0,5.0,5.0,,5.0,5.0,5.0,5,5.0,5,4,4,4,5.0,5.0,,5.0,,,5,5.0,0.0,4,0.0,5.0,4.0,,5.0,5.0,,5.0,,3.0,5.0,,5.0,5.0,,1.0,5.0,5.0,,,5.0,5,,5.0,,3,4.0,5.0,0.0,4.0,5.0,5.0,,,,,,5.0,,5.0,5,5.0,5.0,,5.0,,5.0,3.0,5.0,5.0,5.0,5.0,4,5.0,5,,4,5,,5.0,5,5,4.0,4,,,5,5.0,2.0,5,5.0,5.0,5,5.0,,,5,5.0,,,,,,5.0,5.0,,,,,,5.0,,5.0,3.0,,5.0,5.0,0.0,,,39,9,1.6702931956481653,-0.15501488438560831
3.0,3,4.0,3,0,4.0,4.0,4.0,4,3.0,3,4.0,4.0,3,4.0,4.0,3.0,4.0,,3.0,2,4.0,4,4.0,4.0,4,1,4,4,4.0,4,4,4.0,4.0,4,4,4.0,,4,4.0,4.0,4.0,4.0,4.0,,4.0,3,4.0,4,4.0,,4.0,3,,4.0,4,0.0,4,4.0,3,4,4,,4.0,,4.0,,4.0,4,,1,3,4.0,4.0,4.0,3,4.0,4.0,,4.0,3,4,3,4.0,4.0,1,4,3,3.0,4.0,,2,,4.0,,3,3,4.0,4,3.0,4,4.0,4,4.0,3,4,,,4,4.0,4,4.0,4.0,3,,3,4,4.0,4.0,4.0,,4.0,4.0,3,3,4.0,4,3.0,4.0,4.0,4.0,2,4.0,4.0,4.0,3.0,4.0,,4,0.0,4.0,3,4.0,4,4.0,4.0,4.0,,4.0,,,,4,,4.0,4.0,3.0,,4.0,3,,4.0,4.0,4.0,3.0,4.0,,,3,4.0,,,2,,,,,4.0,,4.0,4.0,4.0,,4.0,3,4.0,4,0,,4.0,1,3,3,3,4.0,0.0,4.0,2,1.0,3,,3.0,3.0,4.0,,4.0,4.0,4.0,4.0,4.0,4.0,4.0,,,4,4.0,4.0,4.0,3,4,4.0,4.0,3,1,4.0,,,4.0,2.0,,,4.0,4,4.0,3.0,4.0,,,,4,4.0,4.0,4.0,4,4.0,2.0,4.0,3,4.0,,,4,4.0,4.0,,4.0,,4.0,4,4.0,4.0,,3,,4.0,4.0,4.0,2.0,1.0,4.0,,4.0,4.0,4.0,2.0,4.0,4.0,2.0,4.0,,4.0,4.0,4.0,,4.0,4.0,4.0,3,4.0,4,4,4,2,3.0,4.0,,4.0,,,3,,0.0,3,,4.0,4.0,3.0,4.0,4.0,,4.0,,0.0,4.0,,4.0,4.0,4.0,4.0,0.0,4.0,,4.0,4.0,4,,4.0,,4,,4.0,4.0,4.0,4.0,4.0,,,,,,4.0,4.0,4.0,4,4.0,4.0,4.0,4.0,4.0,4.0,4.0,0.0,4.0,4.0,4.0,3,4.0,3,,4,4,,4.0,3,3,4.0,4,,,4,4.0,4.0,4,4.0,4.0,3,4.0,,0.0,4,4.0,4.0,,4.0,,,4.0,4.0,4.0,,,,,4.0,,4.0,,,4.0,4.0,4.0,,,40,9,1.5619114056505057,-0.3897436083735122
3.0,1,4.0,3,3,5.0,5.0,4.0,4,4.0,4,4.0,4.0,0,5.0,5.0,5.0,5.0,5.0,4.0,3,1.0,4,5.0,5.0,4,3,4,3,4.0,4,1,2.0,5.0,4,4,5.0,5.0,4,5.0,5.0,4.0,5.0,5.0,,5.0,1,4.0,4,0.0,5.0,4.0,4,,5.0,4,5.0,4,2.0,3,4,4,5.0,0.0,,4.0,,5.0,4,,0,3,5.0,5.0,3.0,4,4.0,5.0,5.0,5.0,4,5,4,4.0,5.0,4,5,4,5.0,5.0,5.0,2,,5.0,,4,4,4.0,4,4.0,5,4.0,4,4.0,4,4,5.0,5.0,4,3.0,4,4.0,4.0,4,5.0,4,4,5.0,4.0,5.0,5.0,5.0,5.0,4,3,5.0,4,5.0,5.0,5.0,5.0,4,5.0,5.0,5.0,4.0,5.0,5.0,5,3.0,5.0,3,5.0,4,4.0,5.0,5.0,5.0,5.0,5.0,,5.0,4,,5.0,5.0,0.0,5.0,3.0,4,5.0,5.0,5.0,5.0,5.0,4.0,,5.0,3,4.0,5.0,5.0,4,5.0,5.0,5.0,5.0,4.0,5.0,5.0,5.0,5.0,,5.0,3,2.0,4,4,5.0,5.0,4,4,4,4,4.0,3.0,4.0,2,4.0,4,5.0,2.0,3.0,4.0,5.0,4.0,5.0,5.0,4.0,0.0,5.0,5.0,5.0,,4,4.0,5.0,5.0,4,5,5.0,5.0,4,4,5.0,,5.0,5.0,5.0,,,4.0,5,5.0,5.0,5.0,5.0,,5.0,4,5.0,5.0,5.0,4,5.0,5.0,5.0,3,5.0,3.0,5.0,4,0.0,5.0,5.0,5.0,1.0,5.0,4,4.0,4.0,5.0,4,,5.0,5.0,5.0,5.0,5.0,4.0,0.0,4.0,5.0,5.0,4.0,5.0,4.0,5.0,4.0,,5.0,5.0,5.0,,5.0,5.0,4.0,3,5.0,4,4,4,4,5.0,5.0,5.0,5.0,4.0,,4,5.0,5.0,4,,5.0,4.0,5.0,4.0,4.0,5.0,5.0,5.0,,4.0,,5.0,5.0,5.0,5.0,5.0,5.0,5.0,5.0,3.0,4,5.0,5.0,5.0,1,,5.0,4.0,4.0,4.0,4.0,,5.0,5.0,5.0,5.0,4.0,5.0,5.0,4,4.0,5.0,5.0,0.0,5.0,5.0,2.0,5.0,5.0,5.0,5.0,3,5.0,4,,5,4,,5.0,4,4,5.0,4,5.0,,4,5.0,4.0,4,4.0,4.0,4,5.0,0.0,,4,4.0,5.0,5.0,5.0,,5.0,5.0,5.0,5.0,5.0,,,,5.0,,5.0,4.0,,4.0,5.0,5.0,5.0,,41,9,1.5563671006668784,-0.5899780468360293
5.0,5,1.0,5,5,5.0,,5.0,5,4.0,5,5.0,5.0,4,,5.0,5.0,,,5.0,4,,5,,5.0,5,5,5,4,5.0,5,5,5.0,0.0,5,4,,,1,5.0,5.0,,0.0,5.0,,5.0,5,,5,5.0,,,5,,5.0,5,,5,5.0,5,5,5,,,,5.0,,,5,,0,2,5.0,,5.0,5,5.0,0.0,,5.0,2,5,4,3.0,5.0,5,3,4,,,,4,,5.0,,5,4,,5,5.0,5,5.0,5,,3,5,,,5,5.0,5,,,4,,4,5,5.0,5.0,,,,,5,5,5.0,5,5.0,,,,5,,4.0,,5.0,,0.0,5,2.0,,5,,5,5.0,,,,,,,4.0,5,,5.0,5.0,,,,4,,,5.0,5.0,,,,,4,5.0,,,2,5.0,3.0,,,,,3.0,5.0,5.0,,,5,5.0,4,5,,,5,5,5,5,5.0,2.0,,5,5.0,5,,,,,,,5.0,,,,,5.0,1.0,,5,,,,5,5,5.0,,4,5,,,,,,,,,5,,,5.0,,,,5,,,5.0,5,5.0,5.0,,5,,,,5,5.0,,,,,5.0,5,4.0,5.0,,5,,,5.0,,,,5.0,5.0,5.0,5.0,,5.0,5.0,5.0,,,,5.0,0.0,5.0,0.0,5.0,,,4,5.0,5,5,4,5,5.0,3.0,,,,,4,,0.0,4,,,5.0,3.0,5.0,5.0,,,,,5.0,,,,,,5.0,5.0,,5.0,5.0,5,,,,5,,,5.0,5.0,5.0,5.0,,,,,,5.0,,5.0,5,5.0,5.0,,,5.0,0.0,5.0,,5.0,5.0,,5,5.0,5,,5,4,,5.0,4,5,5.0,5,,,4,5.0,,5,5.0,5.0,5,,,,5,2.0,,,,,,4.0,,5.0,,,,0.0,4.0,,,,,5.0,,,,,42,9,1.67523953605648,-0.07151688495662814
5.0,5,5.0,4,5,5.0,4.0,5.0,5,5.0,2,5.0,4.0,4,5.0,5.0,5.0,,,5.0,3,,5,5.0,5.0,5,4,4,5,5.0,5,5,5.0,,5,5,,,5,5.0,5.0,5.0,,,,5.0,5,,5,,,5.0,5,,5.0,5,5.0,5,5.0,5,5,5,0.0,5.0,0.0,5.0,,5.0,5,,5,4,5.0,5.0,5.0,5,2.0,5.0,,,4,3,4,5.0,5.0,5,5,4,5.0,5.0,,4,,2.0,,4,1,,5,5.0,5,5.0,5,5.0,4,5,,,5,5.0,5,5.0,4.0,5,5.0,4,5,5.0,3.0,,,5.0,,5,5,5.0,5,5.0,,,,1,,,,5.0,,,5,5.0,0.0,4,5.0,5,5.0,5.0,5.0,,5.0,,,,3,5.0,5.0,,,,,4,,,5.0,5.0,,,,,4,5.0,,,4,,,,5.0,,,5.0,4.0,5.0,,,5,5.0,5,3,,4.0,3,4,5,5,5.0,5.0,5.0,2,4.0,5,,5.0,5.0,5.0,,5.0,5.0,5.0,4.0,5.0,,5.0,,,0,1.0,5.0,,4,5,5.0,5.0,5,4,,,,,,,,5.0,5,5.0,5.0,1.0,,,1.0,5,5.0,,5.0,5,5.0,,5.0,4,5.0,,,5,5.0,5.0,,,0.0,5.0,4,4.0,5.0,,5,,,5.0,,,,5.0,,5.0,5.0,,5.0,5.0,5.0,,0.0,,1.0,5.0,5.0,,5.0,5.0,5.0,5,5.0,5,5,5,5,5.0,,,5.0,,,5,,5.0,5,,,5.0,,5.0,5.0,0.0,5.0,,,4.0,,5.0,5.0,,,5.0,5.0,,3.0,5.0,5,,5.0,,5,,5.0,5.0,,4.0,5.0,,,,,,4.0,,,1,5.0,5.0,,5.0,,5.0,5.0,0.0,5.0,,,4,5.0,5,,5,5,,5.0,5,5,5.0,5,,,5,,5.0,5,5.0,,5,5.0,5.0,,5,5.0,,,,,3.0,,,,,,,5.0,0.0,,5.0,,,5.0,5.0,5.0,,0.0,43,9,1.6803463203463203,-0.17008654516584693
3.0,3,4.0,3,3,4.0,4.0,4.0,3,4.0,3,4.0,3.0,3,4.0,4.0,4.0,4.0,4.0,4.0,3,4.0,4,4.0,4.0,3,3,3,4,3.0,3,3,4.0,4.0,1,3,4.0,1.0,4,4.0,4.0,4.0,4.0,4.0,,1.0,2,4.0,4,3.0,4.0,3.0,3,,1.0,3,4.0,3,4.0,3,3,3,,4.0,,4.0,,4.0,3,,2,2,4.0,4.0,4.0,3,4.0,4.0,4.0,4.0,1,3,2,4.0,4.0,3,4,3,4.0,4.0,4.0,3,,3.0,,3,2,4.0,3,4.0,3,4.0,4,4.0,3,3,4.0,0.0,4,4.0,4,4.0,4.0,3,,2,4,4.0,4.0,4.0,4.0,4.0,3.0,4,3,0.0,3,3.0,4.0,4.0,4.0,3,4.0,,4.0,3.0,4.0,,3,4.0,2.0,3,4.0,3,4.0,4.0,1.0,,4.0,2.0,4.0,,3,,4.0,4.0,4.0,4.0,4.0,3,4.0,4.0,4.0,3.0,4.0,4.0,,,3,0.0,4.0,,2,4.0,4.0,,4.0,4.0,4.0,4.0,4.0,2.0,,2.0,3,3.0,3,3,4.0,4.0,2,3,3,3,4.0,3.0,4.0,2,4.0,3,4.0,2.0,0.0,4.0,,3.0,4.0,4.0,4.0,4.0,4.0,4.0,,,3,4.0,4.0,4.0,3,4,2.0,4.0,1,3,4.0,,4.0,4.0,4.0,,,4.0,3,4.0,4.0,4.0,4.0,,,3,4.0,4.0,4.0,3,4.0,4.0,4.0,3,4.0,4.0,,4,4.0,4.0,,4.0,4.0,4.0,3,3.0,4.0,4.0,3,,4.0,4.0,4.0,4.0,4.0,3.0,,4.0,4.0,3.0,2.0,0.0,4.0,4.0,4.0,,4.0,4.0,4.0,,3.0,4.0,4.0,3,4.0,3,4,0,3,4.0,4.0,4.0,4.0,,,3,4.0,3.0,0,,4.0,3.0,4.0,4.0,4.0,,0.0,4.0,,4.0,,4.0,4.0,4.0,4.0,1.0,4.0,4.0,4.0,1.0,4,4.0,4.0,4.0,4,,4.0,3.0,4.0,4.0,4.0,,,4.0,4.0,,4.0,4.0,4.0,4,2.0,3.0,4.0,4.0,4.0,4.0,3.0,4.0,4.0,4.0,4.0,3,4.0,0,,3,3,,4.0,3,4,4.0,3,4.0,,3,4.0,3.0,4,3.0,4.0,4,4.0,,,3,3.0,4.0,,4.0,,,4.0,4.0,4.0,4.0,,0.0,,4.0,,3.0,,,2.0,4.0,4.0,4.0,4.0,44,9,1.475487012987013,-0.5596689387297713
1.0,4,5.0,4,4,5.0,5.0,5.0,5,4.0,4,4.0,5.0,4,5.0,5.0,5.0,5.0,5.0,4.0,3,5.0,5,5.0,5.0,0,2,5,5,5.0,5,4,5.0,5.0,4,4,5.0,5.0,0,5.0,5.0,5.0,5.0,5.0,3.0,5.0,1,5.0,5,5.0,,5.0,0,,5.0,4,5.0,5,4.0,4,4,4,,5.0,,5.0,,4.0,4,,4,3,5.0,5.0,5.0,4,5.0,5.0,5.0,5.0,3,5,4,5.0,5.0,5,4,3,5.0,5.0,2.0,4,,5.0,,5,4,4.0,5,5.0,5,5.0,5,5.0,0,5,,,5,5.0,5,5.0,5.0,2,,4,4,5.0,5.0,5.0,,5.0,5.0,5,5,5.0,4,5.0,0.0,5.0,5.0,5,,5.0,5.0,4.0,5.0,4.0,5,5.0,5.0,4,5.0,5,4.0,5.0,5.0,,5.0,,,,4,,5.0,1.0,,5.0,,4,5.0,5.0,5.0,5.0,5.0,5.0,0.0,,4,5.0,5.0,3.0,4,5.0,5.0,5.0,5.0,5.0,,5.0,5.0,5.0,5.0,5.0,4,5.0,5,5,5.0,5.0,4,4,4,4,5.0,5.0,5.0,1,5.0,4,,5.0,4.0,4.0,,5.0,5.0,5.0,4.0,5.0,5.0,5.0,,,0,5.0,0.0,5.0,4,5,5.0,5.0,4,4,0.0,3.0,,5.0,,,,5.0,5,5.0,5.0,5.0,5.0,,,5,5.0,5.0,5.0,5,5.0,5.0,5.0,4,5.0,5.0,,5,5.0,4.0,,5.0,5.0,5.0,5,5.0,5.0,5.0,4,,5.0,5.0,5.0,1.0,5.0,4.0,,5.0,5.0,4.0,3.0,3.0,4.0,5.0,,,5.0,4.0,5.0,,4.0,5.0,5.0,4,5.0,5,2,4,4,5.0,5.0,5.0,5.0,,,4,5.0,3.0,5,,5.0,5.0,5.0,4.0,5.0,,5.0,5.0,,5.0,0.0,5.0,5.0,,4.0,5.0,5.0,,5.0,4.0,5,5.0,5.0,5.0,4,,5.0,5.0,5.0,5.0,4.0,,,5.0,5.0,,5.0,5.0,5.0,5,3.0,5.0,5.0,5.0,5.0,5.0,5.0,5.0,5.0,5.0,5.0,3,5.0,4,,5,4,,5.0,4,5,5.0,5,,,4,5.0,5.0,4,5.0,5.0,4,5.0,5.0,,5,4.0,4.0,,,,,5.0,5.0,5.0,5.0,,,,5.0,,5.0,,,3.0,5.0,5.0,,2.0,45,9,1.7061358152361255,-0.3898679965234747
5.0,5,5.0,4,4,3.0,5.0,5.0,2,5.0,4,3.0,5.0,4,5.0,5.0,5.0,5.0,5.0,5.0,4,5.0,5,5.0,5.0,5,4,4,5,5.0,4,5,4.0,5.0,4,5,,5.0,4,5.0,5.0,5.0,5.0,5.0,,5.0,5,5.0,5,5.0,,5.0,4,,5.0,4,5.0,5,5.0,4,4,5,5.0,5.0,,5.0,,,5,,3,3,5.0,5.0,5.0,4,5.0,5.0,5.0,5.0,4,5,4,5.0,5.0,5,5,3,5.0,5.0,,4,,5.0,,4,4,5.0,4,5.0,5,3.0,4,5.0,0,4,0.0,5.0,5,,4,5.0,3.0,5,,4,5,5.0,5.0,5.0,5.0,5.0,5.0,5,5,5.0,5,5.0,2.0,5.0,,5,5.0,,5.0,5.0,5.0,,0,5.0,5.0,4,5.0,5,5.0,5.0,3.0,,5.0,,,,5,0.0,1.0,,1.0,5.0,,5,5.0,5.0,5.0,5.0,5.0,5.0,,,5,5.0,,,4,5.0,,,,5.0,,5.0,4.0,5.0,,5.0,5,5.0,5,5,4.0,5.0,4,4,4,5,5.0,5.0,,4,5.0,4,,5.0,5.0,5.0,,5.0,5.0,5.0,5.0,5.0,5.0,5.0,,,5,5.0,5.0,,4,5,5.0,,5,5,5.0,,,5.0,,,,5.0,5,5.0,5.0,5.0,5.0,,,5,5.0,5.0,5.0,4,5.0,,5.0,3,5.0,5.0,,5,5.0,5.0,5.0,,,5.0,5,5.0,5.0,,1,,5.0,4.0,1.0,5.0,5.0,5.0,,5.0,5.0,5.0,5.0,5.0,4.0,5.0,,,5.0,5.0,5.0,,5.0,5.0,5.0,5,5.0,5,5,3,4,0.0,5.0,5.0,5.0,,,4,5.0,5.0,4,,5.0,4.0,0.0,5.0,5.0,,5.0,,,5.0,5.0,5.0,5.0,,5.0,4.0,5.0,,5.0,0.0,0,,5.0,5.0,3,,5.0,5.0,5.0,5.0,5.0,,,,,,5.0,5.0,5.0,4,5.0,2.0,,5.0,5.0,5.0,5.0,5.0,5.0,,3.0,4,5.0,5,,4,4,,5.0,2,4,5.0,5,,,5,,5.0,5,5.0,5.0,5,5.0,,,5,5.0,5.0,,,,0.0,,5.0,5.0,5.0,,,,5.0,,,,,5.0,5.0,5.0,0.0,,46,9,1.6033598585322724,-0.3630555633322387
4.0,1,4.0,4,3,,4.0,4.0,3,4.0,4,4.0,4.0,3,4.0,4.0,4.0,,,4.0,3,,4,,4.0,4,4,4,3,4.0,4,4,4.0,,4,4,,,3,4.0,4.0,2.0,4.0,4.0,2.0,,4,,4,,,4.0,4,,4.0,4,4.0,4,4.0,4,4,4,4.0,,2.0,,,,4,,4,2,4.0,1.0,4.0,0,2.0,1.0,,4.0,3,4,4,4.0,4.0,4,4,3,4.0,,,3,,4.0,,2,3,,4,4.0,1,4.0,1,4.0,3,4,,,4,,3,,,4,,3,4,4.0,4.0,,,,,4,4,4.0,4,4.0,,4.0,,3,,3.0,,4.0,,,4,4.0,,4,,4,,4.0,4.0,,,,,,4,,4.0,,4.0,4.0,,3,,,,4.0,4.0,4.0,,,4,,,,4,,,,,4.0,,4.0,0.0,4.0,,,4,,4,4,,4.0,4,3,4,4,4.0,3.0,4.0,3,,1,,4.0,4.0,,,4.0,4.0,4.0,4.0,,,4.0,,,3,4.0,4.0,,4,4,4.0,,4,4,,,,4.0,,,,,4,,4.0,4.0,2.0,,,4,,4.0,4.0,0,4.0,4.0,1.0,3,4.0,4.0,,4,,4.0,,,,3.0,4,,2.0,,4,,,4.0,,,,4.0,4.0,4.0,,4.0,4.0,,4.0,,,,4.0,4.0,0.0,,4.0,4.0,,0,3.0,4,4,3,4,4.0,,,,,,3,,4.0,4,,3.0,4.0,,4.0,4.0,,,,,4.0,,4.0,4.0,,,0.0,4.0,,4.0,4.0,4,,4.0,,4,,4.0,4.0,4.0,,4.0,,,,4.0,,4.0,,0.0,4,4.0,3.0,,4.0,0.0,2.0,4.0,4.0,4.0,,2.0,3,4.0,4,,4,4,,4.0,4,4,4.0,4,,0.0,4,4.0,4.0,4,4.0,4.0,2,3.0,1.0,,4,3.0,,,,,3.0,,,,,,,,0.0,,,,,4.0,4.0,,,,47,9,1.5597677595628416,-0.08157010862590415
6.0,6,6.0,6,6,6.0,6.0,,6,,6,,6.0,6,,,5.0,,,6.0,5,,6,6.0,6.0,3,6,6,6,5.0,6,6,6.0,,6,6,,,6,,,,,6.0,,,6,5.0,6,,,,6,,6.0,6,6.0,6,6.0,6,6,6,6.0,5.0,,,,6.0,6,,6,4,,1.0,6.0,6,,,6.0,6.0,6,5,2,6.0,6.0,6,6,6,,,4.0,6,,,,0,5,,6,6.0,4,6.0,5,,6,6,,,6,,6,,,5,,6,6,,,,,,,6,6,6.0,6,6.0,,,6.0,5,,,,6.0,,,5,6.0,,6,,6,,,6.0,,,,,0.0,6,,,,,4.0,,5,,,,6.0,,,,,5,6.0,6.0,,5,6.0,,,,2.0,,6.0,6.0,6.0,,6.0,6,6.0,6,1,,,5,5,5,6,6.0,6.0,3.0,4,6.0,6,,6.0,6.0,6.0,,6.0,,6.0,,,,,,,6,6.0,,,6,6,,,6,6,,,,2.0,0.0,0.0,,,6,,6.0,,,,,6,,6.0,6.0,6,6.0,,,6,,1.0,,6,,6.0,,,0.0,6.0,6,6.0,6.0,,6,,,,5.0,,6.0,6.0,,6.0,,,6.0,,6.0,,,,,,0.0,,,,0.0,6,,6,6,5,6,,,,,,4.0,6,,6.0,6,,,6.0,,6.0,,,,,,6.0,,0.0,6.0,,,,,,,,6,6.0,,,6,,,,,6.0,6.0,,4.0,,,,6.0,,2.0,6,,6.0,,,6.0,,6.0,,6.0,,0.0,6,6.0,5,,6,6,,6.0,5,6,,5,,,5,,6.0,6,,,4,6.0,,,6,6.0,,,4.0,,,,,6.0,,,,,3.0,0.0,,,,,6.0,6.0,,,48,9,1.7056160938809724,0.09681759215095641
5.0,5,5.0,4,4,5.0,5.0,5.0,5,5.0,5,5.0,5.0,4,,5.0,5.0,,,5.0,4,,5,5.0,5.0,5,5,5,5,4.0,5,4,5.0,,5,5,5.0,5.0,2,5.0,5.0,5.0,5.0,5.0,,5.0,5,5.0,4,5.0,,5.0,4,0.0,5.0,5,5.0,1,5.0,4,4,5,,5.0,4.0,0.0,,5.0,5,,4,4,,,5.0,5,5.0,5.0,5.0,5.0,3,4,4,5.0,2.0,4,5,4,5.0,5.0,,3,,5.0,,3,4,5.0,5,5.0,4,5.0,5,5.0,4,5,,,5,5.0,5,5.0,5.0,4,,4,0,5.0,5.0,5.0,2.0,,5.0,4,4,5.0,5,5.0,5.0,5.0,5.0,4,,,5.0,5.0,,,5,5.0,5.0,1,5.0,5,5.0,5.0,5.0,,5.0,,,,0,,5.0,5.0,,5.0,,1,5.0,5.0,5.0,5.0,4.0,,,,5,5.0,5.0,,4,5.0,5.0,5.0,3.0,4.0,,5.0,5.0,5.0,,,4,5.0,5,5,5.0,5.0,4,4,5,5,5.0,5.0,5.0,3,5.0,5,,5.0,4.0,5.0,,5.0,5.0,5.0,5.0,5.0,5.0,5.0,,,5,3.0,5.0,,4,5,4.0,5.0,5,4,,,,5.0,,,,5.0,0,5.0,5.0,5.0,,,,5,5.0,5.0,5.0,5,5.0,,5.0,4,5.0,5.0,,5,0.0,4.0,,,3.0,5.0,5,5.0,5.0,,5,,5.0,5.0,5.0,5.0,5.0,5.0,,5.0,5.0,5.0,5.0,5.0,5.0,,,,5.0,1.0,3.0,0.0,5.0,0.0,5.0,5,5.0,5,5,3,5,5.0,,,5.0,5.0,,5,5.0,5.0,5,5.0,5.0,5.0,,5.0,5.0,,5.0,,,4.0,,5.0,5.0,5.0,,5.0,5.0,,5.0,4.0,5,,5.0,5.0,5,,5.0,4.0,5.0,5.0,5.0,,,5.0,,,5.0,5.0,,4,5.0,5.0,,5.0,5.0,5.0,5.0,5.0,5.0,0.0,5.0,4,3.0,5,,4,4,,5.0,4,5,5.0,0,5.0,5.0,4,5.0,2.0,5,5.0,,5,5.0,,,5,5.0,,,,,5.0,5.0,5.0,5.0,,,,,5.0,,,,,5.0,4.0,5.0,,,49,9,1.636731818982215,-0.33003787689764535
5.0,5,4.0,4,4,5.0,2.0,5.0,5,5.0,5,4.0,5.0,5,5.0,5.0,5.0,,5.0,2.0,3,5.0,5,5.0,5.0,4,4,5,5,5.0,4,5,4.0,5.0,5,4,5.0,4.0,5,5.0,4.0,5.0,5.0,5.0,,5.0,4,5.0,5,5.0,,5.0,3,,5.0,4,5.0,5,4.0,4,4,4,5.0,5.0,,5.0,,5.0,5,,4,3,,5.0,5.0,5,5.0,5.0,5.0,4.0,3,4,4,5.0,5.0,5,5,4,5.0,0.0,5.0,4,,4.0,,4,4,5.0,5,5.0,0,5.0,4,5.0,3,4,3.0,5.0,4,5.0,5,5.0,5.0,4,,4,5,5.0,5.0,5.0,5.0,5.0,5.0,5,4,5.0,5,5.0,5.0,5.0,5.0,3,5.0,,,5.0,5.0,,4,5.0,5.0,4,5.0,5,5.0,5.0,5.0,5.0,5.0,,,0.0,4,,5.0,5.0,,5.0,5.0,4,5.0,5.0,5.0,5.0,5.0,5.0,,,4,5.0,5.0,,3,5.0,5.0,,,5.0,,5.0,4.0,4.0,,5.0,4,5.0,4,5,5.0,5.0,4,4,4,5,5.0,5.0,5.0,2,5.0,4,5.0,5.0,0.0,5.0,,5.0,5.0,5.0,5.0,5.0,5.0,5.0,,0.0,2,5.0,5.0,5.0,4,5,5.0,5.0,0,4,5.0,,,5.0,,,,0.0,5,5.0,5.0,5.0,5.0,,,4,5.0,4.0,5.0,4,5.0,5.0,5.0,4,5.0,5.0,,5,5.0,5.0,,5.0,5.0,4.0,5,5.0,5.0,,4,,5.0,5.0,4.0,5.0,5.0,4.0,5.0,5.0,5.0,5.0,4.0,5.0,4.0,5.0,,,5.0,5.0,5.0,,4.0,5.0,5.0,4,5.0,5,4,4,4,5.0,5.0,5.0,5.0,,,4,5.0,5.0,4,,5.0,5.0,,5.0,5.0,,5.0,5.0,,5.0,2.0,5.0,5.0,5.0,0.0,5.0,5.0,,5.0,5.0,5,5.0,5.0,1.0,1,4.0,1.0,5.0,5.0,5.0,5.0,,,0.0,3.0,,5.0,5.0,5.0,5,5.0,5.0,5.0,5.0,5.0,5.0,5.0,5.0,5.0,5.0,5.0,1,5.0,4,,5,4,,4.0,3,5,5.0,1,5.0,,4,5.0,5.0,4,2.0,5.0,4,5.0,,,0,4.0,5.0,,,,,5.0,5.0,5.0,,,,,5.0,,5.0,,,5.0,5.0,5.0,5.0,,50,9,1.6344993968636912,-0.4388855883689447
5.0,5,5.0,4,4,5.0,5.0,5.0,5,5.0,5,5.0,5.0,5,,5.0,5.0,,,5.0,4,5.0,5,5.0,5.0,5,5,3,5,0.0,5,5,5.0,,5,5,,,5,5.0,1.0,4.0,5.0,,,5.0,4,5.0,5,5.0,,5.0,4,,5.0,4,5.0,5,5.0,5,5,0,,4.0,,5.0,,5.0,5,,5,5,,,5.0,5,5.0,,5.0,5.0,4,4,4,5.0,5.0,5,5,4,5.0,5.0,,4,,5.0,,3,4,5.0,5,5.0,0,5.0,5,5.0,4,5,,,5,5.0,5,5.0,5.0,4,,4,5,5.0,5.0,5.0,,5.0,5.0,5,4,5.0,5,5.0,5.0,5.0,0.0,0,,,,4.0,5.0,,4,5.0,5.0,4,5.0,5,5.0,5.0,5.0,,5.0,,,,4,,5.0,5.0,,5.0,,4,0.0,,5.0,5.0,,5.0,,3.0,5,5.0,5.0,,4,5.0,,,5.0,2.0,3.0,5.0,5.0,3.0,,,4,5.0,5,5,,,3,4,5,5,0.0,5.0,5.0,3,5.0,4,,5.0,4.0,1.0,,4.0,5.0,4.0,5.0,5.0,,5.0,,,5,5.0,5.0,,4,1,,5.0,5,4,,,1.0,1.0,,,,5.0,5,,5.0,5.0,,,,5,,5.0,5.0,5,5.0,,,4,5.0,,,5,5.0,5.0,,,,5.0,5,5.0,5.0,,5,5.0,,5.0,5.0,,0.0,4.0,2.0,3.0,5.0,5.0,5.0,5.0,5.0,,,,,5.0,,,4.0,,5.0,5,,5,5,3,5,5.0,5.0,0.0,,,,5,,5.0,5,,,5.0,,5.0,5.0,2.0,5.0,,0.0,5.0,,5.0,5.0,,5.0,5.0,5.0,,,,2,,5.0,,5,,5.0,,5.0,5.0,5.0,,,4.0,,,5.0,5.0,5.0,5,3.0,5.0,5.0,5.0,,5.0,5.0,5.0,5.0,,,5,5.0,4,,5,5,,5.0,5,5,5.0,5,,,5,,5.0,4,5.0,,5,5.0,,,5,5.0,,5.0,,,,,,,,,,,5.0,,,,,5.0,5.0,5.0,,,51,9,1.6192636538125982,-0.20384158746648595
4.0,4,5.0,4,0,5.0,5.0,3.0,4,5.0,4,5.0,5.0,4,5.0,5.0,4.0,5.0,5.0,5.0,0,5.0,4,5.0,5.0,5,4,4,4,4.0,4,4,2.0,5.0,4,3,5.0,5.0,5,5.0,5.0,5.0,5.0,5.0,,4.0,2,5.0,5,5.0,5.0,1.0,5,,5.0,4,5.0,5,5.0,4,5,4,5.0,5.0,,5.0,,5.0,3,,4,4,2.0,4.0,4.0,3,5.0,5.0,5.0,5.0,3,5,4,4.0,4.0,4,5,4,4.0,5.0,5.0,3,4.0,1.0,,2,4,4.0,4,5.0,4,5.0,5,5.0,4,4,,5.0,4,5.0,3,5.0,5.0,4,,3,3,4.0,4.0,5.0,5.0,5.0,4.0,4,4,5.0,4,5.0,5.0,5.0,5.0,4,5.0,5.0,5.0,5.0,0.0,,4,5.0,5.0,4,5.0,4,5.0,5.0,4.0,,5.0,5.0,,,4,,5.0,5.0,,5.0,5.0,4,5.0,5.0,5.0,4.0,5.0,5.0,,,4,4.0,5.0,5.0,4,5.0,5.0,0.0,5.0,5.0,5.0,3.0,5.0,5.0,,0.0,3,5.0,4,5,5.0,5.0,3,4,0,4,4.0,3.0,1.0,4,5.0,4,5.0,5.0,4.0,5.0,0.0,5.0,5.0,5.0,2.0,5.0,3.0,5.0,5.0,,4,4.0,5.0,5.0,4,5,5.0,5.0,4,4,5.0,,5.0,5.0,,,,5.0,4,5.0,4.0,5.0,5.0,,,4,5.0,5.0,5.0,5,5.0,5.0,5.0,4,5.0,5.0,,5,4.0,5.0,,5.0,5.0,5.0,5,5.0,2.0,5.0,5,,5.0,5.0,5.0,5.0,5.0,4.0,5.0,5.0,5.0,5.0,5.0,5.0,5.0,5.0,5.0,,5.0,5.0,5.0,,5.0,5.0,5.0,4,5.0,4,4,2,5,5.0,4.0,2.0,5.0,,5.0,4,5.0,5.0,5,,,3.0,5.0,4.0,5.0,,5.0,5.0,,5.0,,5.0,5.0,0.0,5.0,5.0,5.0,0.0,5.0,5.0,4,5.0,5.0,5.0,5,,5.0,4.0,5.0,5.0,4.0,,,5.0,5.0,,5.0,5.0,5.0,4,1.0,4.0,5.0,5.0,5.0,5.0,5.0,5.0,5.0,5.0,5.0,4,5.0,4,,5,4,,4.0,5,4,5.0,5,5.0,,4,5.0,5.0,5,5.0,5.0,4,5.0,,,5,4.0,,,5.0,,5.0,5.0,5.0,5.0,5.0,3.0,,,5.0,,5.0,,0.0,5.0,4.0,5.0,5.0,,52,9,1.6044554455445545,-0.4785871473792881
4.0,4,5.0,4,4,5.0,5.0,5.0,4,5.0,4,5.0,4.0,4,5.0,5.0,5.0,5.0,5.0,4.0,3,5.0,4,5.0,5.0,4,2,4,4,5.0,4,3,5.0,5.0,4,4,5.0,5.0,4,5.0,5.0,5.0,4.0,5.0,,5.0,5,5.0,3,0.0,,5.0,4,,4.0,4,4.0,4,4.0,4,4,4,5.0,5.0,,5.0,,5.0,4,,3,3,5.0,5.0,5.0,4,5.0,5.0,5.0,5.0,4,5,3,4.0,5.0,4,4,3,5.0,3.0,5.0,4,,5.0,,4,4,5.0,4,5.0,3,5.0,4,4.0,4,4,5.0,5.0,4,5.0,5,5.0,5.0,4,,4,2,4.0,4.0,2.0,5.0,5.0,5.0,4,4,4.0,5,2.0,5.0,5.0,5.0,4,5.0,5.0,5.0,5.0,5.0,,4,5.0,4.0,3,5.0,4,5.0,4.0,5.0,,5.0,,,,4,,4.0,5.0,5.0,5.0,5.0,4,5.0,0.0,5.0,5.0,5.0,5.0,,,3,0.0,5.0,5.0,3,5.0,5.0,0.0,4.0,5.0,5.0,5.0,5.0,5.0,,5.0,4,5.0,4,4,5.0,5.0,3,1,4,4,5.0,4.0,5.0,2,5.0,0,5.0,5.0,4.0,4.0,,4.0,5.0,0.0,5.0,5.0,5.0,5.0,5.0,,4,5.0,5.0,5.0,4,4,5.0,5.0,4,4,5.0,,5.0,5.0,,,,5.0,4,5.0,5.0,5.0,5.0,,,4,5.0,5.0,5.0,4,5.0,4.0,0.0,1,5.0,5.0,,4,4.0,4.0,5.0,5.0,5.0,1.0,4,4.0,5.0,1.0,5,,5.0,5.0,5.0,5.0,5.0,4.0,3.0,5.0,5.0,5.0,5.0,4.0,4.0,3.0,5.0,,5.0,5.0,5.0,,5.0,5.0,5.0,4,0.0,4,5,4,4,5.0,5.0,5.0,5.0,3.0,5.0,4,5.0,5.0,4,,5.0,5.0,5.0,5.0,4.0,5.0,5.0,5.0,,4.0,,5.0,4.0,5.0,3.0,5.0,5.0,,5.0,5.0,4,5.0,5.0,5.0,4,,5.0,5.0,4.0,2.0,5.0,,5.0,2.0,5.0,,5.0,5.0,5.0,4,5.0,1.0,5.0,5.0,5.0,5.0,5.0,5.0,5.0,5.0,5.0,4,2.0,4,,4,4,,4.0,4,4,3.0,4,5.0,5.0,4,4.0,4.0,4,5.0,4.0,4,4.0,5.0,,5,4.0,4.0,5.0,5.0,0.0,5.0,5.0,5.0,0.0,3.0,,,,5.0,,5.0,,,3.0,5.0,5.0,5.0,,53,9,1.5476421188630491,-0.5090746025915327
5.0,4,5.0,4,3,5.0,5.0,5.0,5,5.0,4,5.0,5.0,5,5.0,5.0,5.0,,5.0,5.0,3,5.0,5,5.0,5.0,4,4,4,4,2.0,5,3,5.0,5.0,5,5,5.0,5.0,4,5.0,5.0,5.0,5.0,5.0,,5.0,5,5.0,1,5.0,,5.0,4,,5.0,4,5.0,5,5.0,4,4,4,,5.0,,5.0,,5.0,4,,5,4,,5.0,5.0,4,5.0,5.0,5.0,5.0,2,5,4,5.0,5.0,5,2,4,5.0,5.0,5.0,4,,5.0,,4,0,5.0,4,4.0,4,5.0,3,5.0,3,2,,5.0,5,5.0,5,5.0,5.0,2,,3,4,5.0,5.0,5.0,,5.0,5.0,4,4,4.0,5,5.0,5.0,5.0,5.0,4,5.0,,5.0,5.0,3.0,,4,4.0,4.0,4,5.0,5,5.0,5.0,5.0,,5.0,,,,1,,5.0,5.0,5.0,5.0,5.0,3,5.0,2.0,5.0,0.0,5.0,5.0,,,4,5.0,4.0,3.0,5,5.0,5.0,5.0,5.0,5.0,4.0,0.0,5.0,5.0,,5.0,4,5.0,5,5,5.0,5.0,4,4,4,5,5.0,5.0,5.0,4,5.0,4,,5.0,5.0,5.0,,5.0,5.0,5.0,4.0,5.0,5.0,4.0,,,4,5.0,3.0,5.0,4,4,5.0,5.0,4,4,5.0,,,5.0,,,0.0,5.0,5,0.0,5.0,5.0,5.0,,,5,5.0,5.0,5.0,4,4.0,5.0,5.0,4,5.0,0.0,,5,5.0,5.0,,5.0,,5.0,4,5.0,0.0,5.0,5,,5.0,5.0,5.0,5.0,5.0,4.0,5.0,5.0,5.0,5.0,5.0,5.0,5.0,0.0,5.0,,5.0,5.0,5.0,,5.0,5.0,5.0,4,5.0,5,5,3,0,5.0,5.0,5.0,5.0,,,4,5.0,5.0,4,,5.0,5.0,,5.0,5.0,,5.0,,,4.0,0.0,5.0,5.0,,,5.0,5.0,,5.0,5.0,5,,5.0,,5,,5.0,5.0,5.0,5.0,4.0,,5.0,5.0,5.0,,5.0,5.0,1.0,3,4.0,5.0,5.0,5.0,5.0,5.0,5.0,5.0,5.0,,5.0,4,5.0,5,,5,4,,5.0,4,4,5.0,5,,,5,1.0,5.0,5,5.0,5.0,4,5.0,,,5,4.0,5.0,,,,,5.0,5.0,5.0,,,,,5.0,2.0,5.0,,,5.0,5.0,5.0,5.0,4.0,54,9,1.6304049416609472,-0.40746715295250474
5.0,5,5.0,5,5,,0.0,5.0,5,5.0,5,5.0,5.0,5,5.0,5.0,5.0,,,5.0,0,5.0,5,,5.0,5,0,5,4,5.0,5,5,5.0,,5,5,,,5,5.0,5.0,,5.0,5.0,2.0,5.0,5,,5,,,5.0,5,,5.0,5,5.0,0,5.0,4,5,5,,,,,,5.0,5,,5,3,,5.0,5.0,4,,,,,3,5,4,5.0,5.0,4,5,4,5.0,5.0,,5,,5.0,1.0,5,5,,5,5.0,5,5.0,4,5.0,4,5,,,5,5.0,0,4.0,5.0,5,,5,5,5.0,4.0,,,5.0,,5,5,5.0,0,5.0,0.0,5.0,,4,,0.0,,5.0,5.0,,4,5.0,5.0,4,,5,1.0,,5.0,,5.0,,,,4,,5.0,,,,,4,,,,5.0,5.0,4.0,3.0,,5,5.0,,,4,,,,,,,5.0,5.0,5.0,,5.0,5,5.0,5,5,,,3,5,4,5,5.0,5.0,,3,,4,,5.0,5.0,5.0,,5.0,,5.0,5.0,,,5.0,,,5,5.0,5.0,,4,5,,,4,5,5.0,,,5.0,2.0,2.0,,,5,,5.0,5.0,,,,5,5.0,5.0,5.0,5,4.0,5.0,,5,5.0,,,5,5.0,5.0,4.0,,,5.0,5,5.0,5.0,,4,,,5.0,5.0,,4.0,4.0,,0.0,,5.0,5.0,,5.0,,,,5.0,5.0,5.0,,5.0,,3.0,5,5.0,5,5,4,5,2.0,5.0,5.0,0.0,2.0,,5,5.0,5.0,5,,,5.0,,5.0,5.0,,4.0,,,5.0,,5.0,5.0,,,,5.0,,,5.0,5,,5.0,,5,,5.0,5.0,,5.0,5.0,,,,,2.0,5.0,5.0,5.0,4,5.0,2.0,,,5.0,5.0,5.0,,5.0,,3.0,4,3.0,4,,5,5,,5.0,4,5,,5,,,4,2.0,5.0,5,,5.0,5,5.0,,,5,4.0,,,,,,,,,5.0,,,,2.0,,5.0,2.0,5.0,5.0,5.0,,,,55,9,1.70888733379986,-0.053804135137391115
4.0,4,5.0,4,4,5.0,5.0,5.0,5,5.0,5,5.0,5.0,4,5.0,5.0,5.0,0.0,5.0,5.0,3,5.0,1,5.0,5.0,4,4,4,4,5.0,5,4,5.0,5.0,5,4,5.0,5.0,4,5.0,5.0,5.0,5.0,5.0,,5.0,5,5.0,4,5.0,5.0,5.0,4,,5.0,4,5.0,5,5.0,4,1,4,5.0,5.0,,4.0,0.0,5.0,4,,4,3,5.0,5.0,5.0,0,5.0,5.0,2.0,5.0,3,4,4,5.0,5.0,4,5,3,5.0,5.0,0.0,4,,5.0,,4,3,4.0,4,5.0,5,5.0,4,5.0,4,4,5.0,2.0,4,5.0,4,5.0,5.0,5,3.0,4,5,5.0,5.0,5.0,5.0,5.0,5.0,5,4,5.0,5,5.0,1.0,2.0,5.0,2,5.0,5.0,5.0,2.0,5.0,3.0,4,5.0,5.0,4,5.0,4,4.0,5.0,5.0,,5.0,,,,4,,5.0,5.0,5.0,5.0,5.0,4,5.0,5.0,5.0,5.0,3.0,5.0,,0.0,5,5.0,5.0,5.0,4,5.0,0.0,5.0,1.0,5.0,5.0,5.0,4.0,5.0,5.0,5.0,4,5.0,0,5,5.0,5.0,4,3,4,4,5.0,4.0,5.0,3,5.0,5,5.0,5.0,4.0,5.0,,1.0,5.0,4.0,2.0,5.0,5.0,5.0,,,4,4.0,5.0,0.0,4,5,5.0,5.0,4,4,5.0,,,5.0,5.0,,,5.0,5,5.0,3.0,5.0,5.0,,,4,5.0,5.0,5.0,4,5.0,5.0,5.0,4,5.0,5.0,,5,5.0,4.0,5.0,5.0,5.0,5.0,4,5.0,5.0,5.0,4,,5.0,5.0,5.0,5.0,5.0,5.0,,5.0,5.0,5.0,4.0,5.0,4.0,5.0,,,5.0,4.0,2.0,,5.0,5.0,5.0,5,5.0,4,4,4,4,5.0,5.0,5.0,5.0,,4.0,4,5.0,5.0,4,,5.0,5.0,5.0,5.0,5.0,,5.0,5.0,,5.0,,2.0,5.0,5.0,5.0,5.0,5.0,5.0,5.0,5.0,4,5.0,5.0,5.0,5,,5.0,4.0,5.0,5.0,4.0,,2.0,5.0,5.0,5.0,4.0,5.0,3.0,4,4.0,4.0,5.0,5.0,5.0,5.0,3.0,5.0,1.0,0.0,5.0,4,5.0,4,,4,5,,5.0,4,4,5.0,3,5.0,3.0,3,5.0,1.0,4,5.0,5.0,4,5.0,5.0,,4,5.0,5.0,,5.0,,5.0,5.0,0.0,5.0,5.0,,,,5.0,,5.0,,,5.0,5.0,5.0,5.0,,56,9,1.5622188905547227,-0.43166239064067996
5.0,4,5.0,4,4,2.0,5.0,5.0,5,5.0,4,5.0,5.0,4,5.0,5.0,5.0,,5.0,5.0,3,5.0,5,5.0,5.0,4,4,4,5,5.0,5,4,5.0,5.0,4,4,5.0,5.0,4,5.0,5.0,5.0,5.0,5.0,,5.0,4,5.0,5,4.0,,5.0,4,,5.0,4,4.0,4,4.0,4,4,4,,5.0,,5.0,,0.0,2,,3,3,5.0,3.0,5.0,4,5.0,5.0,5.0,5.0,3,5,3,4.0,4.0,4,5,4,5.0,3.0,5.0,4,5.0,5.0,,4,4,5.0,5,5.0,4,5.0,5,5.0,4,5,,4.0,5,5.0,5,5.0,5.0,4,,4,5,5.0,5.0,5.0,,5.0,5.0,5,4,5.0,5,5.0,5.0,5.0,5.0,4,5.0,,5.0,1.0,0.0,,4,5.0,5.0,3,5.0,5,3.0,4.0,5.0,,5.0,,,,3,,5.0,5.0,5.0,5.0,,0,5.0,5.0,5.0,5.0,5.0,0.0,5.0,,5,5.0,5.0,5.0,1,5.0,5.0,5.0,4.0,5.0,,5.0,5.0,5.0,,5.0,4,5.0,4,5,5.0,5.0,4,0,4,5,4.0,4.0,5.0,3,4.0,4,,5.0,5.0,5.0,,4.0,5.0,5.0,5.0,4.0,0.0,5.0,,,5,5.0,5.0,,4,5,5.0,5.0,1,4,5.0,,5.0,5.0,,,,5.0,5,5.0,5.0,5.0,5.0,,,4,5.0,4.0,5.0,5,5.0,5.0,5.0,4,5.0,5.0,,2,5.0,4.0,,5.0,,5.0,4,5.0,5.0,5.0,4,,5.0,5.0,5.0,,5.0,5.0,,5.0,5.0,5.0,5.0,5.0,5.0,5.0,5.0,,5.0,5.0,5.0,0.0,5.0,5.0,5.0,4,5.0,2,4,4,4,5.0,4.0,5.0,5.0,,0.0,4,5.0,5.0,4,,5.0,5.0,5.0,5.0,5.0,,5.0,,,5.0,,5.0,5.0,5.0,5.0,5.0,5.0,,5.0,5.0,5,5.0,5.0,5.0,2,,5.0,5.0,0.0,5.0,5.0,,,5.0,5.0,,5.0,5.0,5.0,4,5.0,5.0,,4.0,5.0,5.0,5.0,5.0,5.0,5.0,0.0,2,5.0,5,,4,5,5.0,5.0,4,5,5.0,5,,,5,5.0,5.0,4,5.0,5.0,4,5.0,,,5,4.0,5.0,,,,,5.0,5.0,5.0,,,,,5.0,4.0,5.0,,,4.0,5.0,5.0,5.0,,57,9,1.5990526137709355,-0.45273886153279036
5.0,5,6.0,5,5,6.0,6.0,6.0,5,6.0,5,6.0,6.0,5,6.0,0.0,5.0,6.0,,6.0,2,2.0,6,6.0,6.0,5,5,6,5,6.0,6,5,6.0,6.0,5,5,0.0,,5,6.0,4.0,6.0,6.0,6.0,,6.0,6,6.0,6,6.0,,6.0,5,,6.0,6,6.0,6,6.0,5,6,6,4.0,6.0,,6.0,0.0,6.0,6,,0,5,6.0,5.0,6.0,6,6.0,6.0,6.0,6.0,5,5,5,6.0,6.0,6,3,4,6.0,6.0,,4,,6.0,,6,6,6.0,6,6.0,5,6.0,5,6.0,5,6,,,6,6.0,5,6.0,6.0,5,6.0,6,6,6.0,6.0,,6.0,6.0,6.0,6,6,5.0,6,4.0,5.0,6.0,,6,,6.0,6.0,6.0,,,6,6.0,5.0,5,6.0,6,6.0,6.0,6.0,,5.0,6.0,,,5,,6.0,6.0,,6.0,,5,6.0,6.0,6.0,6.0,6.0,6.0,,,5,6.0,6.0,6.0,5,0.0,6.0,6.0,4.0,6.0,,6.0,6.0,6.0,4.0,6.0,5,6.0,0,6,1.0,6.0,5,0,6,1,6.0,5.0,6.0,4,6.0,5,,6.0,6.0,6.0,,6.0,6.0,6.0,6.0,6.0,6.0,6.0,,,6,6.0,4.0,6.0,6,6,3.0,6.0,5,5,4.0,,5.0,6.0,,,,6.0,6,6.0,6.0,6.0,,,,6,6.0,6.0,6.0,6,6.0,6.0,6.0,4,6.0,6.0,,5,5.0,6.0,,,5.0,6.0,6,6.0,3.0,6.0,3,,6.0,6.0,6.0,6.0,6.0,6.0,,6.0,6.0,6.0,6.0,6.0,5.0,,,,6.0,6.0,4.0,0.0,6.0,6.0,6.0,6,5.0,5,6,5,6,,6.0,,6.0,,,5,6.0,6.0,6,,,6.0,0.0,6.0,6.0,,6.0,,,5.0,,6.0,6.0,,,,6.0,,6.0,6.0,6,,6.0,,6,,6.0,6.0,6.0,6.0,5.0,,,6.0,,,0.0,6.0,6.0,6,6.0,5.0,,3.0,6.0,6.0,6.0,,6.0,6.0,3.0,5,6.0,6,,6,5,,6.0,5,6,6.0,6,,,6,6.0,5.0,6,4.0,6.0,6,6.0,,,6,6.0,,,,6.0,,4.0,6.0,6.0,6.0,,,,6.0,,6.0,4.0,5.0,6.0,6.0,6.0,,,58,9,1.7264518413597731,-0.20399171697718357
5.0,5,5.0,4,5,0.0,4.0,5.0,5,5.0,0,5.0,5.0,4,5.0,5.0,5.0,,,5.0,3,5.0,5,0.0,5.0,4,4,4,5,5.0,3,4,5.0,3.0,4,4,,5.0,5,5.0,5.0,5.0,5.0,,,5.0,5,5.0,5,5.0,,5.0,4,,5.0,5,5.0,5,5.0,4,5,4,,5.0,,5.0,,5.0,4,,1,2,5.0,5.0,5.0,4,5.0,,5.0,4.0,4,1,4,5.0,5.0,5,5,3,5.0,0.0,,3,,5.0,,4,4,5.0,5,5.0,5,5.0,4,5.0,4,5,,5.0,4,5.0,4,5.0,5.0,5,,5,5,5.0,5.0,,5.0,5.0,5.0,5,5,5.0,2,5.0,5.0,5.0,,4,,5.0,5.0,5.0,,,4,5.0,5.0,4,1.0,5,5.0,5.0,5.0,,5.0,,,,4,,5.0,,,5.0,,4,5.0,5.0,5.0,4.0,5.0,0.0,5.0,,4,5.0,5.0,,4,5.0,5.0,,,5.0,,5.0,5.0,5.0,,5.0,4,5.0,3,4,,5.0,3,5,5,5,5.0,4.0,5.0,3,5.0,4,,5.0,5.0,5.0,,5.0,5.0,5.0,5.0,5.0,5.0,5.0,,,4,5.0,5.0,,0,0,,,5,4,5.0,,,5.0,,,,5.0,5,,5.0,5.0,,,,5,5.0,5.0,5.0,5,5.0,,5.0,4,5.0,,,5,5.0,5.0,0.0,,,5.0,4,5.0,5.0,4.0,5,,5.0,5.0,5.0,5.0,5.0,5.0,,5.0,5.0,5.0,5.0,5.0,0.0,5.0,,,5.0,5.0,5.0,4.0,5.0,5.0,5.0,4,5.0,4,4,4,5,5.0,5.0,5.0,5.0,,,5,,5.0,5,,5.0,5.0,,5.0,5.0,,5.0,,,5.0,,5.0,5.0,,,,5.0,5.0,5.0,5.0,4,5.0,5.0,,5,,5.0,5.0,5.0,5.0,4.0,,,,,,5.0,5.0,5.0,5,5.0,5.0,,5.0,5.0,5.0,5.0,5.0,5.0,5.0,,5,1.0,5,0.0,5,5,,5.0,5,5,5.0,2,,,5,4.0,3.0,4,5.0,5.0,4,5.0,,,5,5.0,,,,,,,,,,,,,5.0,5.0,5.0,5.0,,5.0,5.0,5.0,,4.0,59,9,1.6409366869037294,-0.3542405026287736
4.0,4,4.0,1,3,4.0,4.0,4.0,3,3.0,4,4.0,4.0,3,4.0,4.0,4.0,,,4.0,4,4.0,4,4.0,4.0,3,2,4,3,4.0,4,3,4.0,4.0,3,3,4.0,4.0,4,4.0,4.0,4.0,4.0,,,4.0,4,4.0,4,4.0,,4.0,3,,3.0,3,4.0,4,3.0,3,3,4,,4.0,,2.0,3.0,4.0,4,,3,0,3.0,4.0,0.0,4,4.0,4.0,4.0,4.0,3,4,2,0.0,4.0,4,4,3,4.0,4.0,4.0,2,,4.0,,3,3,4.0,2,4.0,4,4.0,4,4.0,3,3,,,4,4.0,4,4.0,4.0,3,,3,4,4.0,4.0,4.0,,,4.0,4,3,4.0,4,4.0,,4.0,4.0,3,,,,4.0,2.0,,4,4.0,4.0,1,4.0,4,3.0,1.0,4.0,,4.0,,,,3,,4.0,,,4.0,,3,4.0,4.0,4.0,4.0,4.0,4.0,,,4,4.0,,,3,4.0,,,,4.0,,4.0,4.0,4.0,,4.0,0,4.0,4,4,,4.0,3,4,4,4,3.0,4.0,4.0,0,4.0,3,4.0,4.0,4.0,4.0,,4.0,4.0,4.0,4.0,4.0,4.0,4.0,,,4,4.0,4.0,4.0,4,4,,,3,4,,,,4.0,3.0,,,4.0,4,,4.0,4.0,,,,4,4.0,4.0,4.0,4,4.0,,4.0,3,4.0,,4.0,4,4.0,4.0,4.0,4.0,,4.0,4,4.0,4.0,,3,,4.0,4.0,3.0,4.0,1.0,4.0,,4.0,4.0,4.0,4.0,4.0,4.0,,,,4.0,4.0,4.0,1.0,4.0,4.0,4.0,4,4.0,4,3,2,3,4.0,4.0,4.0,4.0,4.0,,3,3.0,4.0,4,,3.0,0.0,0.0,0.0,4.0,,4.0,,,4.0,,4.0,4.0,,,4.0,2.0,4.0,4.0,4.0,3,4.0,4.0,,4,,4.0,4.0,4.0,4.0,4.0,,,4.0,1.0,,4.0,4.0,0.0,3,4.0,4.0,,4.0,,4.0,3.0,4.0,4.0,4.0,4.0,2,4.0,4,,4,4,,4.0,2,3,4.0,3,,,4,4.0,4.0,4,4.0,4.0,4,4.0,,,4,4.0,,,,,,,4.0,,0.0,,,,4.0,,,,,3.0,4.0,4.0,,,60,9,1.5998240985048373,-0.3547768021832244
4.0,4,4.0,4,4,4.0,4.0,5.0,4,5.0,0,5.0,4.0,4,5.0,5.0,5.0,5.0,5.0,1.0,3,5.0,2,5.0,5.0,4,4,4,4,5.0,4,0,3.0,0.0,4,4,5.0,5.0,4,5.0,5.0,5.0,4.0,5.0,0.0,5.0,4,4.0,5,5.0,5.0,4.0,4,,4.0,5,5.0,4,4.0,4,5,0,5.0,5.0,,5.0,,5.0,4,,2,3,5.0,5.0,4.0,4,5.0,5.0,5.0,5.0,1,4,3,4.0,5.0,4,5,3,2.0,5.0,5.0,3,,5.0,,3,4,5.0,4,5.0,5,4.0,4,4.0,4,4,5.0,5.0,4,3.0,4,5.0,5.0,4,5.0,4,4,4.0,4.0,5.0,5.0,5.0,5.0,1,3,5.0,4,2.0,5.0,5.0,5.0,4,5.0,5.0,5.0,5.0,5.0,,4,5.0,5.0,4,0.0,1,5.0,5.0,5.0,5.0,5.0,5.0,5.0,0.0,4,,5.0,5.0,,5.0,5.0,4,5.0,5.0,5.0,4.0,5.0,5.0,,,4,5.0,5.0,5.0,4,5.0,5.0,5.0,5.0,5.0,5.0,5.0,5.0,5.0,,5.0,3,4.0,4,4,5.0,5.0,4,4,4,5,5.0,4.0,5.0,3,4.0,4,5.0,5.0,5.0,5.0,,5.0,4.0,5.0,5.0,5.0,5.0,5.0,,,4,4.0,5.0,5.0,4,4,5.0,5.0,4,4,5.0,,,5.0,,,,5.0,4,5.0,0.0,2.0,3.0,,5.0,4,5.0,5.0,5.0,5,5.0,5.0,5.0,4,5.0,2.0,,4,3.0,4.0,5.0,5.0,5.0,4.0,4,4.0,4.0,5.0,4,,5.0,4.0,5.0,5.0,5.0,5.0,5.0,5.0,5.0,5.0,4.0,5.0,4.0,5.0,0.0,,5.0,5.0,5.0,,5.0,5.0,5.0,4,5.0,1,4,4,3,4.0,5.0,4.0,5.0,,,4,5.0,5.0,4,,5.0,5.0,5.0,5.0,4.0,,5.0,5.0,,5.0,,5.0,5.0,5.0,5.0,5.0,5.0,5.0,5.0,5.0,4,5.0,5.0,5.0,4,,5.0,4.0,5.0,5.0,4.0,,5.0,5.0,5.0,,4.0,5.0,5.0,4,5.0,5.0,5.0,5.0,5.0,5.0,5.0,5.0,5.0,5.0,5.0,2,5.0,4,,4,4,,4.0,4,4,5.0,4,5.0,,4,5.0,5.0,4,5.0,5.0,4,5.0,5.0,,4,4.0,5.0,,5.0,,0.0,5.0,5.0,5.0,3.0,,,,5.0,,5.0,,,2.0,4.0,5.0,5.0,,61,9,1.5872159555337584,-0.5572172066247068
3.0,3,3.0,1,3,3.0,4.0,4.0,4,4.0,4,3.0,4.0,1,4.0,4.0,3.0,,,4.0,3,4.0,3,4.0,4.0,3,0,4,4,4.0,4,3,4.0,,4,2,1.0,4.0,3,2.0,2.0,4.0,4.0,4.0,,4.0,4,4.0,4,4.0,,4.0,0,,4.0,3,4.0,0,4.0,3,3,4,,4.0,,4.0,,4.0,3,,3,3,4.0,4.0,4.0,4,0.0,4.0,4.0,4.0,2,3,3,4.0,4.0,3,4,0,4.0,4.0,4.0,3,,4.0,,4,3,4.0,4,4.0,4,4.0,4,4.0,2,4,,,3,4.0,4,4.0,4.0,3,,3,4,4.0,4.0,4.0,,,4.0,3,3,4.0,4,4.0,,4.0,4.0,3,,,4.0,4.0,,,4,4.0,4.0,3,4.0,3,1.0,4.0,4.0,,4.0,,,,4,,3.0,4.0,,4.0,,1,3.0,4.0,4.0,3.0,4.0,4.0,,,4,4.0,4.0,4.0,2,4.0,4.0,4.0,0.0,4.0,,4.0,4.0,4.0,,4.0,3,4.0,3,3,,4.0,3,3,0,3,4.0,4.0,4.0,2,3.0,3,4.0,4.0,4.0,4.0,,4.0,4.0,4.0,4.0,4.0,4.0,4.0,0.0,,1,4.0,4.0,4.0,3,4,4.0,4.0,3,3,4.0,,,4.0,,,,4.0,4,4.0,4.0,4.0,,,,4,4.0,4.0,3.0,3,4.0,4.0,4.0,3,4.0,,,4,4.0,4.0,,,,4.0,4,4.0,4.0,4.0,3,,4.0,4.0,4.0,4.0,2.0,3.0,,4.0,4.0,4.0,4.0,4.0,4.0,,,,4.0,1.0,4.0,4.0,4.0,4.0,4.0,3,4.0,4,4,3,4,4.0,4.0,4.0,4.0,,,4,4.0,4.0,4,,4.0,4.0,4.0,3.0,4.0,0.0,4.0,,,4.0,,4.0,3.0,,,,4.0,,4.0,4.0,4,4.0,4.0,,4,,4.0,4.0,1.0,4.0,4.0,,,4.0,,4.0,4.0,4.0,4.0,4,4.0,4.0,4.0,4.0,0.0,4.0,4.0,4.0,4.0,4.0,4.0,3,4.0,4,,3,4,,4.0,3,4,4.0,3,3.0,4.0,2,4.0,4.0,4,4.0,4.0,4,4.0,,,4,4.0,3.0,,,,,4.0,4.0,4.0,,,,,4.0,,4.0,,,4.0,4.0,4.0,4.0,,62,9,1.5756374913852516,-0.45429722446988396
4.0,4,4.0,3,4,4.0,4.0,4.0,3,4.0,4,3.0,3.0,4,4.0,4.0,4.0,4.0,,4.0,3,4.0,4,,4.0,3,3,3,4,4.0,0,2,4.0,,3,3,4.0,4.0,4,4.0,4.0,4.0,1.0,4.0,,4.0,4,4.0,4,4.0,,4.0,3,,4.0,4,4.0,4,4.0,0,3,3,,4.0,,4.0,,4.0,3,,2,2,2.0,4.0,2.0,3,4.0,4.0,2.0,4.0,2,3,2,3.0,4.0,3,4,1,2.0,0.0,,1,,4.0,,3,4,4.0,4,4.0,4,4.0,4,4.0,3,4,,1.0,4,4.0,3,4.0,4.0,4,,4,4,4.0,4.0,,,4.0,4.0,3,3,4.0,3,3.0,4.0,4.0,0.0,0,,,,4.0,,,0,,4.0,3,4.0,3,4.0,4.0,4.0,,4.0,,,,3,,4.0,,,4.0,,3,4.0,4.0,4.0,4.0,4.0,,,,4,4.0,4.0,,4,4.0,,2.0,4.0,4.0,,4.0,4.0,4.0,,4.0,3,0.0,3,4,,,3,4,3,4,4.0,4.0,4.0,3,4.0,4,4.0,4.0,4.0,4.0,,4.0,4.0,4.0,4.0,4.0,0.0,4.0,,,4,4.0,4.0,,3,4,,4.0,4,3,4.0,,,4.0,,,,4.0,3,,4.0,4.0,4.0,,,4,4.0,4.0,4.0,4,4.0,,4.0,4,4.0,,,4,4.0,4.0,4.0,,,4.0,4,4.0,4.0,,3,,4.0,4.0,4.0,,4.0,4.0,,4.0,4.0,4.0,4.0,4.0,3.0,2.0,3.0,,4.0,4.0,4.0,,4.0,4.0,4.0,3,4.0,4,4,2,3,4.0,4.0,,1.0,,,3,4.0,4.0,3,,1.0,3.0,,4.0,4.0,,4.0,4.0,,4.0,,4.0,4.0,,,4.0,4.0,,4.0,4.0,4,,4.0,,3,,4.0,4.0,4.0,4.0,4.0,0.0,,4.0,,,4.0,4.0,4.0,4,4.0,4.0,,4.0,4.0,4.0,4.0,4.0,,4.0,4.0,3,3.0,4,,1,4,,4.0,1,4,3.0,3,,,4,,4.0,4,4.0,4.0,4,4.0,,,4,4.0,,,,,,,,,,,0.0,,4.0,,4.0,,,3.0,4.0,4.0,,,63,9,1.5513986013986014,-0.30992378216896904
4.0,4,4.0,4,3,4.0,4.0,4.0,4,4.0,4,4.0,4.0,4,,4.0,4.0,,2.0,3.0,3,4.0,4,4.0,4.0,4,4,3,3,4.0,0,4,4.0,3.0,4,4,,,3,4.0,4.0,4.0,,,,4.0,4,4.0,4,4.0,,0.0,3,,4.0,2,4.0,4,4.0,4,3,3,,,,4.0,,4.0,4,,3,4,,,4.0,4,4.0,,,4.0,4,4,3,4.0,4.0,4,4,1,,4.0,,3,4.0,4.0,,3,3,3.0,4,4.0,4,4.0,3,4.0,3,4,,,4,4.0,4,,,4,,0,4,4.0,4.0,,,,,4,3,4.0,4,4.0,4.0,4.0,,4,,,,1.0,,,4,4.0,4.0,3,4.0,4,4.0,4.0,4.0,,,,,,4,,4.0,,4.0,,,4,,,4.0,4.0,,4.0,,,2,4.0,,,3,4.0,,,,,2.0,1.0,4.0,3.0,,4.0,4,4.0,4,2,,4.0,3,4,4,1,4.0,3.0,4.0,3,2.0,4,,4.0,3.0,4.0,,4.0,4.0,4.0,4.0,4.0,,4.0,,,4,4.0,,4.0,3,4,4.0,3.0,3,3,,,,4.0,,,,,4,,4.0,4.0,,,,4,4.0,4.0,4.0,0,0.0,,0.0,2,,0.0,,4,4.0,4.0,,3.0,,2.0,4,4.0,4.0,,4,,4.0,4.0,4.0,,4.0,4.0,0.0,4.0,,,4.0,2.0,3.0,4.0,,,4.0,4.0,4.0,,4.0,4.0,4.0,4,4.0,4,4,3,4,4.0,4.0,2.0,,,,2,,4.0,4,,4.0,4.0,,4.0,4.0,,,,0.0,4.0,,4.0,4.0,,,4.0,,,4.0,4.0,4,,,,4,,4.0,4.0,4.0,4.0,4.0,,,,,,4.0,4.0,3.0,4,4.0,4.0,,4.0,1.0,4.0,0.0,4.0,,,4.0,3,4.0,4,,4,3,,4.0,1,4,4.0,3,,,4,4.0,4.0,4,4.0,4.0,3,4.0,,,4,4.0,,,,,,,,4.0,,,,,4.0,,,,,4.0,4.0,4.0,,,64,9,1.5295755045233124,-0.22220157696762055
5.0,4,4.0,4,3,5.0,5.0,4.0,5,5.0,4,4.0,5.0,5,5.0,5.0,5.0,5.0,5.0,5.0,4,5.0,5,4.0,4.0,5,4,4,5,4.0,4,4,4.0,5.0,4,4,5.0,5.0,4,5.0,5.0,5.0,5.0,1.0,0.0,4.0,4,5.0,4,5.0,5.0,5.0,4,,5.0,4,4.0,4,5.0,2,4,4,5.0,5.0,,5.0,,5.0,4,,4,4,5.0,5.0,5.0,4,5.0,5.0,4.0,5.0,0,4,4,5.0,5.0,4,4,3,5.0,5.0,5.0,4,,5.0,,4,4,4.0,4,4.0,4,4.0,4,5.0,4,5,5.0,5.0,4,5.0,4,5.0,5.0,4,5.0,1,4,4.0,5.0,0.0,5.0,5.0,5.0,3,4,4.0,5,5.0,5.0,5.0,5.0,3,5.0,5.0,5.0,4.0,5.0,5.0,4,5.0,5.0,4,5.0,0,5.0,5.0,5.0,,5.0,5.0,5.0,4.0,4,,4.0,5.0,5.0,5.0,5.0,3,5.0,5.0,5.0,1.0,5.0,5.0,,,4,4.0,5.0,4.0,3,5.0,5.0,5.0,5.0,2.0,5.0,5.0,5.0,4.0,5.0,5.0,2,5.0,4,4,5.0,5.0,3,4,4,4,5.0,4.0,5.0,4,5.0,4,5.0,4.0,3.0,4.0,5.0,5.0,5.0,5.0,4.0,5.0,5.0,5.0,5.0,,4,4.0,4.0,5.0,3,4,5.0,2.0,4,3,5.0,4.0,5.0,5.0,5.0,0.0,,5.0,4,5.0,4.0,5.0,5.0,,5.0,4,4.0,4.0,4.0,0,5.0,5.0,5.0,4,5.0,5.0,,5,4.0,4.0,5.0,5.0,5.0,5.0,5,4.0,4.0,5.0,4,,0.0,5.0,2.0,5.0,4.0,1.0,2.0,4.0,4.0,5.0,4.0,5.0,4.0,5.0,5.0,,0.0,4.0,5.0,,5.0,5.0,5.0,4,5.0,4,5,3,4,5.0,5.0,5.0,5.0,,,3,5.0,5.0,4,5.0,5.0,5.0,5.0,2.0,4.0,,5.0,5.0,,4.0,,4.0,5.0,0.0,5.0,5.0,4.0,5.0,5.0,5.0,5,5.0,5.0,5.0,4,,5.0,5.0,5.0,5.0,5.0,,5.0,5.0,5.0,,5.0,5.0,5.0,5,3.0,5.0,5.0,5.0,5.0,4.0,4.0,5.0,4.0,5.0,5.0,4,2.0,2,,4,1,,4.0,4,4,5.0,4,5.0,,3,5.0,4.0,4,5.0,5.0,3,5.0,5.0,,4,5.0,5.0,,5.0,,5.0,5.0,5.0,5.0,,,,,5.0,,5.0,,,4.0,4.0,0.0,5.0,,65,9,1.572884141331142,-0.563468857666088
4.0,4,5.0,4,4,5.0,5.0,4.0,4,5.0,5,5.0,5.0,4,5.0,5.0,5.0,5.0,5.0,4.0,3,5.0,4,5.0,4.0,4,4,4,4,5.0,4,5,4.0,5.0,5,4,5.0,5.0,4,5.0,5.0,5.0,5.0,5.0,,5.0,4,5.0,4,4.0,5.0,5.0,4,,4.0,4,5.0,3,4.0,4,4,5,,5.0,,5.0,,5.0,5,,1,3,5.0,4.0,5.0,5,5.0,5.0,5.0,5.0,3,4,4,5.0,0.0,4,4,4,5.0,5.0,5.0,3,,5.0,,4,2,5.0,0,4.0,4,5.0,5,5.0,3,4,5.0,5.0,3,2.0,4,5.0,5.0,4,,0,2,5.0,4.0,5.0,5.0,5.0,5.0,4,4,3.0,4,3.0,5.0,5.0,5.0,4,5.0,,5.0,4.0,0.0,5.0,4,5.0,5.0,4,5.0,4,4.0,0.0,5.0,,5.0,5.0,,5.0,4,,5.0,5.0,5.0,5.0,5.0,4,5.0,5.0,5.0,4.0,5.0,5.0,,,3,5.0,5.0,5.0,4,5.0,5.0,5.0,5.0,5.0,5.0,4.0,5.0,5.0,5.0,5.0,4,0.0,4,5,5.0,5.0,4,4,4,5,4.0,2.0,5.0,2,5.0,4,5.0,5.0,4.0,5.0,5.0,4.0,1.0,5.0,5.0,5.0,5.0,0.0,,,4,5.0,5.0,2.0,4,5,5.0,5.0,3,4,5.0,,,5.0,,,,5.0,4,5.0,5.0,5.0,5.0,,5.0,4,5.0,5.0,5.0,4,5.0,5.0,5.0,4,5.0,5.0,,4,5.0,5.0,5.0,5.0,5.0,5.0,4,5.0,4.0,5.0,4,,5.0,5.0,5.0,5.0,5.0,4.0,5.0,5.0,5.0,5.0,5.0,5.0,4.0,5.0,5.0,,5.0,5.0,0.0,,4.0,5.0,5.0,4,5.0,4,4,4,4,5.0,5.0,5.0,5.0,,,4,5.0,5.0,5,,5.0,5.0,5.0,5.0,4.0,,5.0,0.0,,4.0,,4.0,5.0,5.0,5.0,5.0,5.0,5.0,4.0,5.0,4,5.0,5.0,5.0,5,,5.0,4.0,5.0,5.0,4.0,,5.0,5.0,5.0,,5.0,5.0,5.0,4,1.0,5.0,5.0,3.0,5.0,5.0,4.0,5.0,4.0,5.0,5.0,1,5.0,4,,4,2,,5.0,3,3,5.0,4,5.0,,4,2.0,4.0,4,4.0,5.0,3,5.0,5.0,,4,4.0,5.0,,5.0,,5.0,5.0,5.0,5.0,5.0,,0.0,,5.0,,5.0,,,4.0,3.0,5.0,5.0,,66,9,1.583768778576094,-0.5818761548719967
6.0,5,6.0,5,5,6.0,6.0,6.0,4,6.0,6,5.0,6.0,5,3.0,6.0,6.0,6.0,6.0,6.0,3,6.0,5,6.0,6.0,6,5,6,5,6.0,5,5,6.0,6.0,5,5,6.0,6.0,5,6.0,6.0,6.0,6.0,6.0,,6.0,6,6.0,6,6.0,6.0,5.0,5,,6.0,5,6.0,5,5.0,5,5,5,4.0,6.0,,6.0,,6.0,5,,5,4,6.0,6.0,6.0,5,6.0,6.0,6.0,6.0,4,5,5,6.0,6.0,6,5,4,5.0,6.0,6.0,4,,5.0,,4,5,6.0,6,6.0,6,6.0,5,6.0,5,5,,6.0,5,0.0,5,6.0,6.0,4,,3,5,6.0,6.0,6.0,6.0,6.0,6.0,6,5,6.0,6,6.0,6.0,6.0,6.0,5,6.0,,6.0,6.0,6.0,6.0,5,6.0,6.0,5,2.0,6,6.0,6.0,6.0,,6.0,,,,5,,0.0,6.0,6.0,6.0,6.0,5,6.0,0.0,6.0,6.0,6.0,6.0,,,5,6.0,6.0,,5,6.0,6.0,,6.0,6.0,,6.0,5.0,6.0,6.0,6.0,5,6.0,6,6,6.0,4.0,5,6,6,6,6.0,5.0,5.0,4,6.0,5,6.0,6.0,5.0,6.0,6.0,5.0,6.0,5.0,6.0,6.0,5.0,6.0,2.0,,5,6.0,6.0,6.0,5,5,6.0,6.0,5,0,6.0,,,6.0,6.0,,,6.0,5,6.0,6.0,6.0,6.0,,6.0,0,6.0,1.0,5.0,5,5.0,6.0,6.0,5,6.0,6.0,,5,6.0,6.0,6.0,6.0,,5.0,5,6.0,6.0,,5,,6.0,6.0,6.0,5.0,6.0,6.0,6.0,3.0,6.0,6.0,6.0,6.0,5.0,6.0,,,2.0,6.0,6.0,,6.0,6.0,6.0,5,6.0,6,5,5,5,6.0,6.0,6.0,6.0,,6.0,5,6.0,6.0,5,,6.0,5.0,6.0,6.0,5.0,,6.0,6.0,,6.0,,6.0,5.0,6.0,6.0,6.0,6.0,6.0,6.0,6.0,5,5.0,6.0,6.0,0,6.0,6.0,5.0,6.0,6.0,6.0,,6.0,5.0,6.0,6.0,3.0,6.0,6.0,2,5.0,5.0,0.0,6.0,6.0,5.0,6.0,5.0,6.0,6.0,6.0,3,6.0,5,0.0,5,5,,4.0,5,4,6.0,5,6.0,,5,6.0,6.0,6,2.0,1.0,5,0.0,6.0,,5,5.0,6.0,,6.0,,6.0,6.0,6.0,6.0,6.0,,,,6.0,,6.0,,,5.0,6.0,6.0,6.0,0.0,67,9,1.6575747617482741,-0.5069664075644371
4.0,4,3.0,3,3,4.0,4.0,4.0,4,4.0,4,4.0,4.0,4,,4.0,4.0,,,4.0,2,4.0,4,2.0,4.0,4,4,4,4,4.0,4,3,4.0,,0,4,,,4,,4.0,4.0,4.0,4.0,,,4,4.0,3,1.0,,4.0,3,,4.0,4,4.0,4,4.0,3,4,4,,4.0,,4.0,,4.0,4,,3,3,,,4.0,4,4.0,,,4.0,3,4,4,4.0,4.0,2,4,4,4.0,4.0,,0,,4.0,,3,3,1.0,4,4.0,4,4.0,4,4.0,3,4,,,4,4.0,3,4.0,4.0,4,,3,4,4.0,4.0,,,,4.0,4,3,4.0,4,0.0,,4.0,,0,,,3.0,4.0,,,4,2.0,4.0,3,4.0,4,4.0,4.0,4.0,,0.0,,,,4,,4.0,,,,0.0,3,,,4.0,1.0,,,,,3,4.0,,,3,,,,,,,4.0,4.0,4.0,,,3,4.0,4,4,,,3,4,4,4,4.0,4.0,4.0,3,4.0,4,,1.0,4.0,4.0,,4.0,1.0,4.0,4.0,1.0,4.0,4.0,,,4,4.0,,,3,4,0.0,,4,3,,0.0,,4.0,,,,4.0,3,,4.0,1.0,,0.0,,4,4.0,4.0,3.0,2,4.0,,4.0,4,,,,4,4.0,4.0,,,,4.0,4,3.0,4.0,,4,,4.0,4.0,4.0,4.0,4.0,3.0,,4.0,2.0,4.0,4.0,4.0,4.0,,,,,4.0,4.0,,4.0,4.0,0.0,4,2.0,3,4,3,4,4.0,2.0,4.0,4.0,,,4,,4.0,4,,2.0,4.0,,4.0,4.0,4.0,,,,4.0,,4.0,4.0,,,,4.0,,4.0,4.0,4,,2.0,,4,,4.0,3.0,4.0,4.0,4.0,,,,,,4.0,,,4,4.0,4.0,,4.0,4.0,4.0,4.0,2.0,4.0,4.0,,4,2.0,4,,4,4,,4.0,2,4,4.0,4,,,4,4.0,4.0,4,4.0,4.0,4,4.0,,,4,4.0,,,,,,,,4.0,,,,,4.0,,,,,4.0,4.0,4.0,,1.0,68,9,1.5364321608040201,-0.08618291960608009
3.0,3,4.0,3,3,3.0,4.0,3.0,3,3.0,3,4.0,3.0,3,4.0,3.0,3.0,4.0,0.0,3.0,2,4.0,4,4.0,2.0,2,3,3,3,3.0,3,0,3.0,4.0,3,1,4.0,4.0,3,4.0,3.0,4.0,4.0,3.0,4.0,4.0,3,3.0,3,4.0,4.0,3.0,3,,3.0,3,3.0,0,4.0,3,2,3,4.0,4.0,,4.0,,4.0,3,,1,3,4.0,3.0,4.0,3,4.0,4.0,4.0,3.0,2,3,2,4.0,3.0,3,3,0,4.0,3.0,4.0,2,4.0,3.0,,2,0,4.0,3,3.0,0,3.0,3,4.0,2,3,4.0,4.0,3,4.0,3,4.0,4.0,3,4.0,3,3,3.0,1.0,4.0,4.0,4.0,4.0,3,3,4.0,1,3.0,4.0,3.0,4.0,3,4.0,4.0,4.0,4.0,4.0,,0,4.0,4.0,3,2.0,3,3.0,4.0,3.0,4.0,4.0,4.0,4.0,4.0,3,,4.0,4.0,4.0,4.0,1.0,3,4.0,4.0,3.0,1.0,4.0,4.0,,,3,3.0,4.0,4.0,3,4.0,4.0,4.0,4.0,4.0,4.0,4.0,3.0,3.0,4.0,4.0,3,3.0,3,3,4.0,4.0,2,3,2,3,3.0,1.0,4.0,2,4.0,2,4.0,4.0,3.0,3.0,4.0,3.0,3.0,3.0,4.0,4.0,4.0,4.0,,,3,3.0,4.0,4.0,2,3,4.0,4.0,2,3,4.0,,4.0,4.0,4.0,,,4.0,3,4.0,3.0,3.0,4.0,,4.0,3,4.0,4.0,3.0,3,3.0,4.0,4.0,3,4.0,4.0,2.0,3,4.0,3.0,4.0,4.0,4.0,4.0,3,3.0,4.0,4.0,3,,4.0,3.0,4.0,4.0,3.0,3.0,4.0,3.0,4.0,4.0,3.0,0.0,3.0,4.0,4.0,,4.0,4.0,4.0,,3.0,4.0,4.0,3,4.0,3,3,2,3,4.0,4.0,4.0,4.0,,4.0,3,4.0,4.0,3,,4.0,0.0,4.0,3.0,3.0,4.0,4.0,4.0,4.0,3.0,,3.0,4.0,4.0,4.0,3.0,3.0,4.0,4.0,4.0,3,4.0,4.0,4.0,3,,3.0,3.0,3.0,4.0,3.0,,4.0,4.0,4.0,,4.0,4.0,4.0,3,3.0,3.0,4.0,3.0,4.0,4.0,3.0,4.0,4.0,4.0,4.0,2,3.0,3,,3,2,,3.0,3,3,3.0,1,4.0,,3,4.0,3.0,0,4.0,4.0,3,4.0,4.0,,4,3.0,4.0,,4.0,,4.0,4.0,4.0,4.0,4.0,,,,4.0,,4.0,4.0,,3.0,3.0,4.0,4.0,,69,9,1.472650543742899,-0.7312296320257754
4.0,4,4.0,4,4,5.0,5.0,5.0,4,4.0,4,4.0,0.0,4,5.0,5.0,5.0,5.0,5.0,5.0,3,1.0,4,5.0,5.0,4,3,4,4,4.0,4,4,5.0,5.0,4,2,5.0,5.0,4,5.0,5.0,5.0,5.0,4.0,5.0,5.0,4,5.0,4,5.0,5.0,5.0,4,,4.0,4,5.0,1,2.0,3,4,4,5.0,0.0,,4.0,,4.0,4,,4,4,5.0,5.0,5.0,4,5.0,5.0,5.0,5.0,3,4,3,5.0,5.0,4,5,4,4.0,5.0,5.0,3,,4.0,5.0,4,4,5.0,5,5.0,4,5.0,5,4.0,4,5,,5.0,4,5.0,4,4.0,5.0,0,,3,1,5.0,5.0,5.0,5.0,5.0,5.0,5,4,5.0,1,5.0,5.0,5.0,5.0,4,,5.0,5.0,0.0,5.0,,4,5.0,5.0,4,5.0,4,5.0,5.0,5.0,,4.0,5.0,,,4,,5.0,5.0,,5.0,5.0,4,5.0,5.0,5.0,5.0,5.0,5.0,,,4,4.0,5.0,5.0,4,5.0,5.0,5.0,5.0,5.0,5.0,5.0,5.0,4.0,,3.0,4,5.0,5,5,5.0,5.0,4,4,3,4,2.0,4.0,5.0,3,5.0,4,5.0,2.0,2.0,0.0,5.0,4.0,5.0,5.0,4.0,3.0,5.0,4.0,5.0,,4,4.0,0.0,5.0,4,5,0.0,5.0,4,4,5.0,,5.0,5.0,5.0,,,3.0,4,5.0,5.0,5.0,0.0,,5.0,2,5.0,4.0,4.0,4,5.0,5.0,5.0,4,5.0,5.0,,4,4.0,5.0,5.0,5.0,4.0,5.0,4,4.0,4.0,5.0,4,,5.0,5.0,1.0,5.0,5.0,4.0,5.0,5.0,5.0,5.0,4.0,5.0,4.0,5.0,5.0,,4.0,5.0,5.0,,5.0,5.0,5.0,4,5.0,4,5,3,5,5.0,5.0,5.0,5.0,,5.0,4,5.0,5.0,4,,5.0,4.0,5.0,0.0,4.0,5.0,5.0,5.0,,4.0,,5.0,5.0,5.0,5.0,5.0,4.0,0.0,5.0,2.0,5,5.0,5.0,5.0,4,,5.0,4.0,5.0,5.0,5.0,,,2.0,5.0,4.0,5.0,5.0,5.0,4,4.0,3.0,5.0,5.0,5.0,5.0,4.0,5.0,5.0,5.0,5.0,3,5.0,4,,5,4,,5.0,4,5,5.0,4,5.0,,4,5.0,4.0,5,5.0,5.0,4,5.0,5.0,,4,4.0,5.0,,5.0,,5.0,5.0,5.0,5.0,5.0,,,,5.0,,5.0,,,4.0,4.0,5.0,5.0,,70,9,1.5600646725949878,-0.5920115590440684
4.0,4,,3,3,4.0,4.0,4.0,4,4.0,4,4.0,4.0,2,,1.0,4.0,,,4.0,2,4.0,4,4.0,0.0,4,4,4,4,4.0,4,4,3.0,4.0,4,0,,,4,,4.0,4.0,,,,,4,,4,4.0,,,4,,4.0,4,4.0,4,4.0,4,4,2,,,,,,4.0,4,,3,3,,4.0,4.0,4,4.0,,4.0,4.0,2,3,4,4.0,4.0,4,4,3,,4.0,,3,,,,3,3,4.0,4,4.0,2,4.0,4,,0,4,0.0,,4,,4,,,4,0.0,3,1,1.0,4.0,,,,,4,4,4.0,4,4.0,4.0,,,3,,,,4.0,,4.0,3,1.0,4.0,4,,4,,4.0,4.0,0.0,,,,,4,,4.0,,,,,3,2.0,,4.0,4.0,4.0,,,,4,,,,4,,,,,,,4.0,4.0,4.0,,,4,4.0,4,4,,,4,4,4,4,4.0,4.0,4.0,3,4.0,4,,4.0,4.0,,,4.0,,4.0,4.0,3.0,,4.0,,,4,2.0,4.0,,4,4,,4.0,3,3,,,,4.0,,,,,4,,0.0,4.0,,,,4,,4.0,4.0,4,4.0,,4.0,3,,4.0,,4,,4.0,,,,4.0,3,4.0,0.0,,4,,3.0,4.0,,,4.0,0.0,1.0,4.0,4.0,3.0,4.0,4.0,4.0,,,,,4.0,4.0,,1.0,,,4,4.0,4,3,3,4,4.0,4.0,,,,,3,,4.0,4,,,4.0,,4.0,4.0,,4.0,4.0,,4.0,,4.0,4.0,4.0,,4.0,4.0,,4.0,,4,,4.0,,4,,4.0,4.0,4.0,4.0,4.0,,,4.0,2.0,,4.0,,,4,2.0,4.0,,4.0,4.0,4.0,4.0,4.0,4.0,,,3,4.0,4,,4,3,,4.0,3,4,,4,,,4,4.0,4.0,3,0.0,4.0,2,,,,4,4.0,,,,,,,,2.0,,,,,4.0,,4.0,,,4.0,4.0,4.0,,,71,9,1.541062801932367,-0.16224931539169085
5.0,5,5.0,5,4,5.0,5.0,5.0,5,5.0,5,5.0,5.0,5,5.0,5.0,5.0,,,5.0,3,,5,5.0,5.0,5,5,3,5,5.0,5,5,5.0,,5,4,3.0,5.0,5,,5.0,5.0,5.0,,,5.0,5,4.0,3,5.0,,,4,,5.0,5,4.0,5,5.0,4,5,5,,5.0,,5.0,,5.0,5,,5,4,,5.0,5.0,5,5.0,,,5.0,4,5,5,1.0,5.0,5,5,4,0.0,5.0,,3,,1.0,,0,4,,5,5.0,5,5.0,5,5.0,5,5,,,5,5.0,4,5.0,5.0,5,,4,5,5.0,5.0,,,2.0,0.0,5,5,5.0,5,5.0,,5.0,,4,,,,5.0,,,4,5.0,5.0,4,5.0,5,5.0,5.0,,,,,,,5,0.0,5.0,,,,,5,4.0,,5.0,5.0,5.0,,,,4,5.0,,,4,,,,,,,4.0,2.0,0.0,,,4,5.0,5,5,,5.0,4,0,5,5,5.0,5.0,5.0,4,2.0,4,,3.0,5.0,5.0,,5.0,0.0,5.0,5.0,5.0,,5.0,,,1,5.0,5.0,,5,5,3.0,2.0,5,5,,,,5.0,,,,5.0,5,5.0,5.0,5.0,,,4.0,5,5.0,5.0,5.0,5,4.0,0.0,5.0,4,5.0,5.0,,5,5.0,5.0,5.0,2.0,,5.0,5,5.0,5.0,5.0,4,,,5.0,,5.0,,5.0,,5.0,5.0,3.0,5.0,5.0,5.0,,,,,5.0,5.0,,5.0,5.0,5.0,5,5.0,5,4,4,5,0.0,,,5.0,,,4,,5.0,5,,0.0,5.0,,5.0,5.0,,,,,4.0,,5.0,5.0,,3.0,,5.0,,5.0,5.0,3,,,,5,,5.0,5.0,,5.0,4.0,,,5.0,,,5.0,5.0,5.0,5,5.0,5.0,,5.0,5.0,5.0,5.0,5.0,5.0,,,4,5.0,5,,5,3,,5.0,5,5,1.0,4,3.0,,4,5.0,5.0,5,5.0,5.0,4,5.0,,,5,5.0,,,,,,,,,,,,,5.0,,,,,5.0,5.0,5.0,,,72,9,1.6560127141091294,-0.12634718806184
5.0,5,5.0,5,1,5.0,5.0,3.0,4,3.0,3,5.0,4.0,4,5.0,5.0,5.0,0.0,5.0,5.0,4,,5,,2.0,5,5,5,5,5.0,5,4,5.0,,5,5,5.0,,5,5.0,5.0,5.0,5.0,5.0,,5.0,5,5.0,4,5.0,,5.0,4,,5.0,5,5.0,5,5.0,0,2,5,,5.0,,5.0,,2.0,4,,5,4,5.0,,5.0,5,5.0,0.0,5.0,5.0,5,5,4,0.0,5.0,4,5,4,,5.0,5.0,0,,5.0,,4,4,5.0,5,5.0,5,5.0,5,,4,5,,,5,,5,5.0,5.0,5,,4,5,5.0,5.0,,,,5.0,3,5,3.0,5,5.0,,5.0,,5,,,5.0,5.0,,,5,,5.0,3,5.0,5,5.0,5.0,5.0,2.0,5.0,,,,0,,5.0,,3.0,5.0,1.0,4,5.0,4.0,5.0,5.0,5.0,5.0,,0.0,5,5.0,,,5,5.0,,,5.0,,,5.0,5.0,5.0,,,4,5.0,5,5,,5.0,4,3,5,5,5.0,4.0,5.0,4,5.0,4,,5.0,5.0,4.0,,5.0,5.0,1.0,2.0,5.0,,5.0,,,4,4.0,5.0,,4,5,5.0,5.0,5,3,,,,,,,,5.0,5,5.0,5.0,5.0,,,,5,4.0,5.0,5.0,5,5.0,5.0,5.0,4,5.0,,,4,5.0,5.0,,0.0,,5.0,5,5.0,5.0,,5,,5.0,5.0,,5.0,5.0,5.0,5.0,5.0,5.0,,5.0,5.0,4.0,,,,5.0,5.0,,5.0,5.0,5.0,5.0,5,,5,5,5,5,5.0,5.0,,,,,4,,5.0,5,,,5.0,,5.0,5.0,,5.0,,,4.0,,5.0,5.0,5.0,,5.0,5.0,,5.0,5.0,3,,5.0,,5,,5.0,5.0,5.0,0.0,5.0,,,,,,5.0,5.0,,5,5.0,5.0,,5.0,,5.0,5.0,,,,,5,4.0,4,,4,4,,5.0,5,0,5.0,4,5.0,,5,5.0,5.0,5,5.0,,5,5.0,,,5,5.0,,,,,,,,,4.0,,,,5.0,,,,,5.0,5.0,5.0,,,73,9,1.7255757152826239,-0.3046884756032144
5.0,5,5.0,5,5,5.0,5.0,6.0,5,5.0,6,5.0,6.0,5,6.0,6.0,6.0,6.0,6.0,6.0,5,6.0,5,6.0,5.0,5,5,5,6,6.0,5,5,5.0,6.0,5,5,6.0,6.0,5,6.0,6.0,6.0,6.0,6.0,6.0,6.0,3,6.0,5,6.0,,5.0,4,,5.0,5,5.0,5,6.0,5,5,5,6.0,6.0,,6.0,,6.0,5,,4,4,6.0,6.0,6.0,5,6.0,6.0,6.0,6.0,4,5,3,5.0,3.0,5,5,4,6.0,5.0,6.0,4,6.0,6.0,6.0,5,5,6.0,5,5.0,5,5.0,4,6.0,4,5,6.0,6.0,5,6.0,6,4.0,6.0,5,6.0,4,5,3.0,6.0,6.0,6.0,6.0,6.0,0,0,2.0,5,5.0,6.0,6.0,6.0,5,6.0,6.0,6.0,5.0,6.0,,5,6.0,6.0,0,6.0,5,6.0,5.0,0.0,6.0,5.0,6.0,,3.0,5,0.0,5.0,6.0,6.0,6.0,6.0,4,5.0,6.0,6.0,5.0,6.0,6.0,,,5,5.0,6.0,3.0,4,5.0,6.0,0.0,6.0,6.0,6.0,6.0,3.0,5.0,6.0,6.0,5,5.0,5,5,6.0,6.0,5,5,5,5,5.0,5.0,6.0,3,5.0,5,6.0,5.0,5.0,6.0,6.0,5.0,6.0,5.0,6.0,5.0,6.0,6.0,6.0,,5,5.0,6.0,6.0,5,5,6.0,6.0,5,4,6.0,,6.0,6.0,6.0,,,6.0,5,5.0,5.0,5.0,6.0,,6.0,6,6.0,6.0,5.0,5,6.0,6.0,6.0,4,6.0,6.0,,6,6.0,4.0,0.0,6.0,6.0,5.0,5,5.0,6.0,6.0,5,,5.0,5.0,6.0,6.0,6.0,6.0,6.0,5.0,0.0,6.0,5.0,4.0,5.0,6.0,6.0,,5.0,5.0,6.0,,4.0,6.0,6.0,5,6.0,4,5,4,5,5.0,6.0,6.0,6.0,,6.0,5,1.0,6.0,5,,5.0,5.0,1.0,5.0,5.0,6.0,6.0,6.0,6.0,5.0,,5.0,5.0,6.0,6.0,6.0,6.0,6.0,6.0,5.0,5,6.0,5.0,6.0,5,,5.0,6.0,0.0,4.0,5.0,,6.0,6.0,6.0,,6.0,6.0,6.0,5,5.0,6.0,6.0,3.0,6.0,5.0,5.0,6.0,6.0,6.0,6.0,5,5.0,5,,3,5,,5.0,3,5,6.0,0,6.0,6.0,5,6.0,6.0,5,5.0,6.0,5,6.0,,,5,6.0,6.0,,6.0,,6.0,6.0,6.0,6.0,6.0,,,,6.0,,6.0,,,5.0,5.0,6.0,6.0,5.0,74,9,1.6281570800065175,-0.6029983896797703
5.0,4,5.0,4,5,5.0,6.0,6.0,6,5.0,5,6.0,6.0,5,6.0,6.0,5.0,6.0,0.0,6.0,4,6.0,6,6.0,5.0,5,5,5,5,6.0,5,5,5.0,6.0,5,5,6.0,6.0,5,6.0,6.0,6.0,6.0,6.0,,6.0,0,6.0,5,6.0,6.0,6.0,5,,6.0,6,5.0,5,5.0,4,4,4,6.0,6.0,,2.0,,6.0,5,,4,3,6.0,6.0,5.0,5,5.0,6.0,6.0,6.0,3,5,5,5.0,6.0,5,5,5,5.0,6.0,2.0,4,4.0,5.0,,1,4,6.0,5,5.0,5,5.0,5,6.0,5,5,6.0,6.0,6,5.0,5,6.0,6.0,5,6.0,5,5,5.0,5.0,6.0,6.0,0.0,6.0,5,5,5.0,6,6.0,6.0,6.0,5.0,5,6.0,6.0,6.0,5.0,6.0,,5,6.0,5.0,5,4.0,5,6.0,6.0,6.0,,6.0,6.0,,6.0,4,,6.0,6.0,6.0,6.0,5.0,5,6.0,6.0,6.0,5.0,5.0,6.0,,,5,5.0,5.0,6.0,5,6.0,0.0,6.0,6.0,0.0,6.0,6.0,5.0,6.0,6.0,6.0,5,5.0,5,6,6.0,6.0,4,4,5,5,0.0,3.0,5.0,4,6.0,5,6.0,6.0,5.0,6.0,6.0,5.0,5.0,4.0,6.0,6.0,6.0,6.0,6.0,,5,6.0,6.0,6.0,4,5,5.0,5.0,5,5,6.0,,2.0,6.0,6.0,,,6.0,6,6.0,5.0,6.0,6.0,,6.0,5,6.0,6.0,6.0,5,5.0,2.0,6.0,5,6.0,2.0,6.0,6,5.0,5.0,6.0,6.0,6.0,5.0,5,2.0,6.0,6.0,0,,6.0,5.0,6.0,6.0,6.0,6.0,6.0,6.0,6.0,5.0,5.0,5.0,5.0,6.0,6.0,,6.0,6.0,6.0,,5.0,6.0,6.0,5,6.0,5,5,2,3,6.0,6.0,6.0,6.0,,6.0,5,6.0,5.0,5,,6.0,6.0,6.0,5.0,5.0,6.0,6.0,6.0,6.0,5.0,4.0,5.0,6.0,6.0,6.0,6.0,6.0,6.0,6.0,5.0,5,5.0,6.0,6.0,5,,6.0,5.0,6.0,6.0,5.0,,6.0,5.0,6.0,6.0,4.0,6.0,6.0,5,5.0,5.0,6.0,5.0,6.0,6.0,6.0,6.0,6.0,6.0,6.0,5,5.0,5,,5,5,,5.0,4,5,6.0,5,6.0,,3,6.0,0.0,5,5.0,5.0,5,6.0,6.0,,5,5.0,0.0,6.0,6.0,,6.0,6.0,6.0,5.0,6.0,,,,0.0,,6.0,,,5.0,5.0,1.0,6.0,6.0,75,9,1.658368133633151,-0.5755980828893636
5.0,5,5.0,1,4,5.0,5.0,5.0,5,5.0,5,5.0,5.0,5,,5.0,4.0,,,5.0,4,5.0,5,5.0,5.0,5,5,5,5,4.0,0,3,5.0,5.0,4,5,1.0,5.0,4,5.0,5.0,,5.0,5.0,,5.0,5,5.0,4,5.0,5.0,0.0,5,,5.0,5,5.0,5,5.0,4,5,4,,5.0,,3.0,,5.0,5,,4,4,,,5.0,4,,,5.0,5.0,4,5,4,5.0,5.0,3,5,4,5.0,5.0,4.0,4,,5.0,,5,4,5.0,5,3.0,5,5.0,5,5.0,4,5,,4.0,5,5.0,4,5.0,,3,,5,3,5.0,,,,,5.0,5,5,5.0,5,5.0,3.0,5.0,,5,,,,5.0,,,4,,5.0,5,,5,5.0,5.0,5.0,,,,0.0,,5,,5.0,,,,,4,,5.0,5.0,5.0,3.0,,,,4,4.0,5.0,,4,5.0,5.0,,3.0,5.0,0.0,5.0,5.0,5.0,,5.0,2,5.0,5,5,,5.0,4,5,4,5,5.0,5.0,5.0,4,,5,,5.0,4.0,5.0,,5.0,,5.0,5.0,5.0,5.0,5.0,,,3,4.0,5.0,,4,5,,,5,3,,,,5.0,,,,5.0,5,,5.0,3.0,,,,4,5.0,5.0,5.0,5,5.0,5.0,5.0,4,5.0,,,5,5.0,5.0,,,,5.0,5,5.0,5.0,,5,,,5.0,5.0,5.0,5.0,5.0,,5.0,,5.0,5.0,3.0,2.0,,,,5.0,5.0,4.0,,5.0,5.0,5.0,5,5.0,5,5,4,5,5.0,5.0,5.0,5.0,,,5,5.0,5.0,5,,,5.0,,5.0,5.0,,,,,5.0,,5.0,5.0,,0.0,5.0,5.0,,5.0,5.0,5,,5.0,1.0,5,,5.0,5.0,,0.0,5.0,,,,,,5.0,5.0,5.0,5,5.0,5.0,,5.0,5.0,5.0,5.0,,0.0,5.0,,5,5.0,5,,5,5,,5.0,5,0,5.0,5,,0.0,4,5.0,5.0,5,5.0,5.0,5,5.0,,,5,5.0,,,,,,,2.0,,,,,,5.0,,5.0,,,5.0,5.0,5.0,,0.0,76,9,1.5567028662987359,-0.20209476654533287
7.0,5,6.0,6,6,7.0,7.0,7.0,7,7.0,6,7.0,6.0,6,7.0,0.0,6.0,7.0,6.0,7.0,6,7.0,7,7.0,7.0,3,6,6,7,6.0,7,6,7.0,7.0,7,6,7.0,7.0,6,7.0,7.0,7.0,7.0,5.0,7.0,7.0,0,7.0,6,7.0,7.0,5.0,0,,4.0,6,7.0,6,7.0,6,6,6,7.0,7.0,,7.0,,5.0,6,,6,5,7.0,7.0,7.0,6,6.0,6.0,7.0,6.0,5,7,6,7.0,7.0,6,6,6,7.0,7.0,7.0,5,,7.0,,6,5,7.0,7,7.0,6,7.0,6,0.0,5,6,7.0,7.0,6,7.0,7,7.0,7.0,4,,6,7,7.0,7.0,7.0,,7.0,0.0,6,6,7.0,6,7.0,7.0,7.0,7.0,6,7.0,7.0,7.0,6.0,7.0,,6,7.0,7.0,6,7.0,7,6.0,7.0,7.0,,7.0,,,,6,,7.0,7.0,7.0,7.0,7.0,6,7.0,7.0,7.0,6.0,7.0,7.0,,,6,7.0,7.0,7.0,6,7.0,7.0,7.0,7.0,3.0,,7.0,6.0,7.0,,2.0,6,7.0,7,6,7.0,7.0,6,6,6,6,7.0,6.0,7.0,4,7.0,6,,6.0,6.0,7.0,0.0,7.0,7.0,7.0,7.0,7.0,7.0,7.0,7.0,,6,7.0,7.0,7.0,5,6,7.0,7.0,5,5,7.0,,3.0,7.0,7.0,,,7.0,7,7.0,7.0,7.0,7.0,,2.0,7,7.0,7.0,6.0,7,7.0,7.0,7.0,7,7.0,7.0,,0,6.0,7.0,,7.0,7.0,7.0,6,6.0,6.0,7.0,6,,7.0,7.0,7.0,7.0,0.0,4.0,7.0,3.0,7.0,7.0,6.0,7.0,7.0,7.0,7.0,,7.0,7.0,6.0,,6.0,7.0,6.0,6,7.0,7,7,6,1,7.0,7.0,7.0,7.0,,,6,7.0,7.0,7,,7.0,7.0,7.0,7.0,7.0,,7.0,7.0,7.0,7.0,,7.0,7.0,7.0,7.0,2.0,7.0,,7.0,1.0,7,7.0,7.0,7.0,7,,7.0,6.0,7.0,6.0,6.0,,7.0,5.0,7.0,,7.0,0.0,7.0,7,7.0,7.0,7.0,7.0,7.0,7.0,7.0,7.0,7.0,7.0,7.0,6,7.0,6,,6,6,,7.0,6,6,7.0,6,7.0,,6,2.0,7.0,6,7.0,7.0,7,7.0,7.0,,6,6.0,7.0,7.0,7.0,,,7.0,7.0,7.0,,,0.0,,7.0,,7.0,,,6.0,7.0,7.0,7.0,,77,9,1.8030526834071885,-0.49891871243605185
4.0,4,5.0,4,1,4.0,5.0,4.0,5,5.0,4,5.0,5.0,5,5.0,5.0,5.0,,5.0,4.0,4,5.0,4,5.0,5.0,5,4,4,5,5.0,4,4,4.0,5.0,5,5,5.0,5.0,5,4.0,5.0,5.0,4.0,5.0,,5.0,4,5.0,0,5.0,5.0,4.0,4,,2.0,4,4.0,4,5.0,4,4,4,5.0,5.0,,5.0,,5.0,5,,3,4,,5.0,5.0,4,5.0,5.0,5.0,5.0,3,4,1,4.0,4.0,4,4,3,3.0,5.0,5.0,4,5.0,5.0,0.0,4,4,5.0,4,5.0,5,5.0,4,5.0,3,4,,5.0,4,5.0,4,5.0,5.0,4,,4,4,5.0,4.0,5.0,5.0,5.0,5.0,3,4,4.0,5,2.0,5.0,5.0,5.0,4,5.0,5.0,5.0,4.0,5.0,,4,5.0,5.0,3,5.0,0,5.0,5.0,5.0,,5.0,,,,4,,5.0,5.0,0.0,5.0,5.0,1,3.0,5.0,5.0,1.0,5.0,3.0,,,4,5.0,5.0,5.0,4,5.0,5.0,5.0,5.0,5.0,3.0,5.0,5.0,5.0,,5.0,4,0.0,0,0,5.0,5.0,4,4,4,3,5.0,2.0,5.0,4,5.0,4,5.0,5.0,5.0,4.0,,5.0,5.0,5.0,5.0,5.0,5.0,5.0,,,4,5.0,5.0,5.0,3,5,5.0,5.0,4,4,5.0,,5.0,5.0,,,,5.0,4,5.0,5.0,5.0,5.0,,0.0,4,0.0,5.0,5.0,4,5.0,5.0,5.0,4,5.0,5.0,,5,5.0,5.0,,5.0,,5.0,5,4.0,5.0,,3,,5.0,5.0,5.0,0.0,5.0,5.0,,4.0,5.0,5.0,5.0,5.0,5.0,5.0,5.0,2.0,5.0,5.0,4.0,,5.0,2.0,5.0,4,5.0,4,5,4,4,5.0,5.0,5.0,5.0,,,4,5.0,5.0,5,4.0,5.0,5.0,5.0,5.0,3.0,,5.0,,4.0,5.0,,5.0,5.0,5.0,5.0,3.0,4.0,5.0,5.0,3.0,5,5.0,5.0,5.0,5,,5.0,5.0,5.0,5.0,5.0,5.0,,5.0,5.0,,5.0,2.0,5.0,5,5.0,5.0,4.0,5.0,5.0,5.0,4.0,5.0,5.0,5.0,5.0,4,5.0,4,,4,4,,4.0,4,4,5.0,3,5.0,,4,5.0,5.0,4,5.0,5.0,5,5.0,,,5,5.0,5.0,,5.0,,5.0,5.0,5.0,5.0,5.0,,,,5.0,,5.0,,,2.0,5.0,4.0,5.0,,78,9,1.5732609768130241,-0.48101359599749693
6.0,6,6.0,6,5,3.0,6.0,,6,6.0,6,6.0,,6,,,6.0,,,4.0,5,6.0,6,5.0,,6,3,6,6,6.0,6,5,6.0,,6,6,6.0,,6,,,,3.0,,,6.0,6,6.0,6,6.0,,6.0,6,,6.0,3,6.0,5,6.0,4,6,6,,6.0,,6.0,,6.0,5,,6,5,,,6.0,6,,,6.0,,2,6,6,6.0,6.0,6,5,5,,,6.0,6,0.0,6.0,,5,6,6.0,6,,6,5.0,6,6.0,5,6,,,6,,6,,,5,3.0,6,6,,6.0,,,,5.0,5,6,6.0,6,6.0,,6.0,0.0,6,,,,,,,6,,,5,,6,,6.0,6.0,,6.0,,,,6,,6.0,,,,,6,,,,6.0,,,,,5,6.0,6.0,,5,,6.0,6.0,,0.0,,,6.0,6.0,,0.0,5,6.0,6,4,,,5,6,6,6,,6.0,,4,,5,,6.0,5.0,6.0,,6.0,,6.0,6.0,,,6.0,,,6,6.0,,2.0,6,6,,6.0,6,6,,,,,,,,6.0,6,,6.0,,1.0,,,6,6.0,4.0,6.0,6,6.0,,,0,,,,6,2.0,6.0,,6.0,,6.0,6,6.0,,,6,,,6.0,0.0,6.0,,,,6.0,,6.0,6.0,,6.0,,,,,,,,6.0,,6.0,6,,6,6,6,5,6.0,,,,0.0,,6,,,6,,,5.0,,,5.0,,,,,6.0,,6.0,6.0,,,,,,0.0,,6,,6.0,,6,,6.0,6.0,,6.0,6.0,6.0,,,,,,6.0,,6,6.0,6.0,,,,,6.0,,,,,6,6.0,6,,6,6,,6.0,5,6,0.0,0,,,6,,6.0,6,,,6,4.0,,,6,6.0,6.0,,5.0,,,,,6.0,,,,,6.0,,6.0,,,6.0,6.0,,,,79,9,1.7285904698433852,-0.07457099091967993
4.0,4,2.0,4,4,5.0,5.0,4.0,4,4.0,4,5.0,3.0,4,5.0,4.0,4.0,5.0,5.0,4.0,2,5.0,4,5.0,5.0,4,4,4,4,4.0,4,4,5.0,5.0,4,4,5.0,5.0,4,5.0,5.0,5.0,5.0,5.0,,5.0,4,4.0,4,5.0,5.0,5.0,4,,4.0,4,5.0,4,4.0,4,4,3,5.0,5.0,,5.0,,5.0,4,,4,2,5.0,5.0,4.0,4,5.0,5.0,5.0,4.0,3,4,4,4.0,5.0,4,4,4,4.0,5.0,1.0,3,5.0,4.0,,4,3,0.0,4,5.0,4,5.0,5,5.0,0,4,5.0,5.0,5,5.0,4,5.0,5.0,4,5.0,4,5,5.0,5.0,0.0,5.0,5.0,5.0,4,4,5.0,5,5.0,5.0,5.0,4.0,2,5.0,5.0,5.0,4.0,5.0,,4,5.0,5.0,3,5.0,4,5.0,5.0,5.0,5.0,5.0,0.0,1.0,5.0,4,,5.0,5.0,5.0,5.0,5.0,4,5.0,5.0,5.0,5.0,5.0,5.0,,,4,4.0,5.0,5.0,3,2.0,5.0,5.0,5.0,5.0,5.0,5.0,5.0,4.0,,5.0,3,4.0,4,5,5.0,5.0,3,4,4,5,0.0,4.0,5.0,3,5.0,4,5.0,4.0,3.0,5.0,5.0,5.0,5.0,4.0,5.0,5.0,5.0,5.0,5.0,,4,4.0,5.0,5.0,4,4,5.0,5.0,4,4,5.0,,5.0,5.0,4.0,,,5.0,4,5.0,4.0,4.0,5.0,,5.0,5,5.0,5.0,4.0,4,5.0,5.0,5.0,4,5.0,0.0,,5,1.0,4.0,5.0,5.0,5.0,1.0,4,5.0,4.0,5.0,5,,5.0,4.0,5.0,5.0,5.0,4.0,4.0,5.0,5.0,5.0,4.0,5.0,5.0,5.0,5.0,,5.0,5.0,5.0,,4.0,5.0,4.0,4,5.0,4,4,3,3,5.0,5.0,5.0,5.0,,3.0,0,5.0,4.0,4,,0.0,4.0,5.0,4.0,4.0,5.0,5.0,5.0,5.0,5.0,,4.0,5.0,5.0,3.0,5.0,5.0,5.0,5.0,5.0,4,5.0,5.0,5.0,4,,5.0,2.0,5.0,5.0,5.0,,5.0,1.0,5.0,5.0,4.0,4.0,5.0,0,4.0,4.0,0.0,5.0,5.0,5.0,4.0,5.0,5.0,5.0,4.0,4,5.0,2,,4,4,,4.0,3,4,5.0,4,5.0,,3,5.0,4.0,4,4.0,5.0,4,5.0,5.0,,2,4.0,5.0,5.0,5.0,,5.0,5.0,5.0,5.0,5.0,,,,4.0,,5.0,,,4.0,4.0,2.0,5.0,,80,9,1.562054439403759,-0.5618560583479167
4.0,4,4.0,4,3,4.0,5.0,5.0,4,4.0,4,4.0,5.0,4,5.0,5.0,4.0,5.0,5.0,5.0,3,5.0,4,5.0,4.0,4,4,4,4,5.0,4,4,4.0,5.0,4,2,5.0,5.0,4,3.0,5.0,5.0,5.0,4.0,,5.0,4,5.0,4,5.0,5.0,5.0,3,,4.0,4,4.0,4,4.0,4,4,4,5.0,5.0,,4.0,,5.0,4,,4,3,5.0,5.0,5.0,4,5.0,2.0,5.0,2.0,3,4,3,4.0,5.0,4,4,3,5.0,5.0,5.0,4,,5.0,,2,4,5.0,4,4.0,4,4.0,3,5.0,1,2,5.0,5.0,4,5.0,4,5.0,5.0,3,0.0,3,4,5.0,5.0,5.0,5.0,5.0,5.0,4,4,2.0,3,4.0,5.0,4.0,5.0,4,5.0,0.0,5.0,0.0,5.0,5.0,4,5.0,5.0,3,5.0,4,5.0,4.0,4.0,,5.0,5.0,,5.0,5,,1.0,5.0,5.0,5.0,3.0,4,5.0,5.0,5.0,4.0,3.0,5.0,,,4,5.0,5.0,5.0,3,5.0,0.0,5.0,4.0,5.0,5.0,5.0,4.0,2.0,5.0,5.0,4,4.0,4,1,5.0,5.0,4,4,4,4,5.0,4.0,5.0,2,5.0,4,5.0,4.0,4.0,4.0,5.0,5.0,5.0,4.0,5.0,5.0,5.0,5.0,5.0,,4,5.0,5.0,5.0,4,4,5.0,5.0,3,1,5.0,,5.0,0.0,5.0,,,5.0,5,5.0,4.0,5.0,5.0,,5.0,4,5.0,5.0,4.0,4,4.0,5.0,4.0,3,5.0,5.0,,4,4.0,4.0,5.0,5.0,5.0,5.0,4,4.0,5.0,5.0,4,,5.0,4.0,5.0,4.0,4.0,5.0,5.0,4.0,5.0,5.0,5.0,5.0,4.0,5.0,5.0,,5.0,5.0,5.0,,4.0,5.0,4.0,4,5.0,4,4,4,4,5.0,4.0,0.0,5.0,,5.0,4,5.0,5.0,4,0.0,5.0,5.0,5.0,5.0,4.0,0.0,4.0,5.0,5.0,4.0,,5.0,4.0,5.0,5.0,5.0,5.0,5.0,5.0,5.0,4,5.0,4.0,5.0,4,,2.0,4.0,0.0,4.0,4.0,,5.0,5.0,5.0,,5.0,5.0,5.0,4,4.0,5.0,5.0,5.0,5.0,4.0,2.0,5.0,5.0,5.0,5.0,4,5.0,3,,4,4,,5.0,4,4,5.0,4,0.0,2.0,5,5.0,5.0,4,4.0,5.0,4,5.0,5.0,,4,4.0,5.0,,5.0,,5.0,5.0,5.0,5.0,5.0,,,,4.0,4.0,5.0,,,5.0,4.0,4.0,5.0,4.0,81,9,1.509941329856584,-0.5566543087083482
4.0,4,4.0,0,4,4.0,4.0,4.0,1,4.0,4,4.0,4.0,3,,3.0,4.0,,,4.0,0,4.0,4,4.0,4.0,4,4,3,4,4.0,4,3,4.0,,4,4,4.0,4.0,4,4.0,4.0,4.0,4.0,4.0,,4.0,4,4.0,4,4.0,,4.0,3,,4.0,4,3.0,4,4.0,3,4,4,4.0,4.0,,4.0,0.0,4.0,4,,3,3,,4.0,4.0,4,0.0,4.0,4.0,4.0,2,3,1,4.0,4.0,4,3,3,4.0,,,2,,4.0,,3,2,,3,4.0,4,4.0,4,4.0,2,4,,,4,,4,4.0,4.0,3,,3,1,4.0,4.0,,,,4.0,4,3,4.0,4,4.0,,4.0,,3,,,,0.0,4.0,,4,4.0,4.0,3,4.0,4,4.0,4.0,4.0,,4.0,,,,1,,4.0,,,4.0,4.0,4,,,4.0,4.0,,,,,4,4.0,2.0,,3,4.0,,,,4.0,,4.0,4.0,4.0,,,4,1.0,4,4,,4.0,3,4,4,4,3.0,4.0,4.0,3,4.0,4,0.0,4.0,4.0,4.0,2.0,4.0,4.0,3.0,4.0,4.0,,4.0,,,4,3.0,4.0,4.0,3,4,,4.0,4,1,,,,4.0,,,,4.0,4,4.0,2.0,4.0,,,,4,4.0,4.0,0.0,3,4.0,,4.0,3,,,,4,4.0,4.0,,4.0,,4.0,4,3.0,4.0,,4,,4.0,4.0,4.0,4.0,4.0,3.0,,0.0,4.0,4.0,4.0,4.0,4.0,,4.0,0.0,4.0,4.0,4.0,,4.0,4.0,4.0,4,4.0,4,3,4,4,4.0,,,4.0,,,3,,4.0,4,,4.0,4.0,,4.0,4.0,,4.0,,,4.0,,4.0,4.0,,,,4.0,,4.0,4.0,4,4.0,,2.0,4,,4.0,4.0,4.0,4.0,4.0,,,,,,4.0,4.0,,3,4.0,4.0,,4.0,,4.0,4.0,4.0,4.0,,4.0,3,4.0,3,,4,4,,4.0,3,3,4.0,3,,,3,4.0,1.0,4,4.0,4.0,4,0.0,,3.0,4,4.0,,1.0,1.0,,,,,4.0,,,,,4.0,,,,,3.0,4.0,,,,82,9,1.5969993021632938,-0.30519210565565696
4.0,4,2.0,4,3,4.0,4.0,5.0,5,5.0,5,5.0,5.0,4,5.0,5.0,5.0,5.0,5.0,5.0,4,5.0,4,5.0,1.0,5,4,4,4,0.0,4,4,0.0,5.0,4,4,5.0,5.0,4,5.0,5.0,5.0,5.0,5.0,,4.0,0,5.0,5,5.0,5.0,5.0,4,,4.0,4,5.0,4,3.0,4,4,4,5.0,5.0,,5.0,,5.0,4,,4,3,5.0,5.0,5.0,4,5.0,5.0,5.0,5.0,3,4,2,4.0,5.0,4,4,3,5.0,4.0,5.0,4,5.0,5.0,,3,3,2.0,4,4.0,0,5.0,4,5.0,4,4,5.0,5.0,4,5.0,4,5.0,5.0,3,5.0,4,4,4.0,5.0,5.0,5.0,5.0,5.0,4,4,4.0,5,4.0,5.0,4.0,3.0,4,5.0,5.0,5.0,5.0,5.0,,4,5.0,5.0,4,5.0,4,5.0,5.0,4.0,,5.0,,4.0,5.0,4,,5.0,5.0,5.0,5.0,5.0,4,5.0,5.0,5.0,4.0,5.0,5.0,,,4,4.0,5.0,5.0,3,5.0,1.0,5.0,5.0,5.0,5.0,5.0,4.0,5.0,3.0,5.0,4,4.0,4,4,1.0,4.0,3,4,1,4,5.0,4.0,5.0,1,5.0,4,5.0,5.0,4.0,0.0,5.0,4.0,2.0,5.0,5.0,5.0,5.0,5.0,5.0,,4,4.0,5.0,5.0,4,4,5.0,5.0,4,4,5.0,,,5.0,5.0,,,5.0,5,5.0,4.0,5.0,5.0,,,4,5.0,4.0,4.0,4,5.0,5.0,5.0,4,5.0,5.0,,4,5.0,5.0,5.0,5.0,5.0,5.0,4,4.0,5.0,4.0,4,,5.0,4.0,4.0,5.0,0.0,4.0,5.0,4.0,5.0,0.0,5.0,5.0,5.0,5.0,4.0,,5.0,0.0,5.0,0.0,4.0,5.0,4.0,4,5.0,4,4,3,4,4.0,5.0,5.0,5.0,,5.0,3,5.0,4.0,4,,5.0,4.0,5.0,5.0,4.0,5.0,5.0,5.0,5.0,4.0,,4.0,5.0,5.0,5.0,5.0,5.0,5.0,5.0,5.0,4,5.0,5.0,4.0,2,,2.0,5.0,5.0,4.0,5.0,,5.0,5.0,5.0,,5.0,5.0,5.0,4,4.0,4.0,5.0,5.0,5.0,4.0,4.0,5.0,4.0,5.0,1.0,4,4.0,4,,4,1,,5.0,4,3,5.0,3,5.0,,4,5.0,5.0,4,5.0,5.0,4,5.0,5.0,,4,4.0,5.0,,5.0,,5.0,5.0,5.0,5.0,5.0,,,,4.0,,3.0,,,5.0,4.0,5.0,0.0,,83,9,1.569846955389124,-0.5697693320152345
3.0,3,3.0,2,3,0.0,2.0,3.0,3,3.0,3,3.0,4.0,2,3.0,4.0,4.0,4.0,4.0,3.0,3,4.0,3,4.0,3.0,1,3,3,3,4.0,3,3,3.0,4.0,3,3,4.0,4.0,4,4.0,4.0,4.0,1.0,4.0,,4.0,3,4.0,1,4.0,4.0,4.0,0,,3.0,4,4.0,3,4.0,2,3,3,4.0,4.0,,3.0,,4.0,3,,0,0,4.0,4.0,3.0,3,3.0,4.0,4.0,4.0,2,1,3,3.0,4.0,1,3,2,4.0,4.0,4.0,2,,4.0,,2,3,4.0,3,3.0,3,3.0,3,2.0,2,3,4.0,0.0,3,4.0,3,1.0,4.0,3,3.0,2,3,4.0,3.0,4.0,4.0,4.0,4.0,3,3,4.0,3,3.0,4.0,3.0,4.0,3,4.0,4.0,4.0,3.0,4.0,,3,4.0,4.0,3,4.0,3,4.0,4.0,0.0,4.0,3.0,4.0,3.0,4.0,3,,3.0,4.0,4.0,4.0,4.0,3,4.0,4.0,4.0,4.0,4.0,4.0,,,3,4.0,4.0,4.0,3,4.0,4.0,4.0,4.0,4.0,4.0,4.0,3.0,4.0,4.0,4.0,2,3.0,3,3,4.0,4.0,3,2,3,3,4.0,3.0,3.0,0,4.0,3,4.0,4.0,1.0,3.0,,4.0,4.0,4.0,4.0,4.0,4.0,4.0,4.0,,3,3.0,4.0,4.0,3,3,4.0,4.0,2,3,4.0,,4.0,4.0,4.0,,,4.0,3,4.0,3.0,3.0,4.0,,,3,4.0,4.0,3.0,3,4.0,4.0,3.0,3,4.0,4.0,2.0,3,4.0,4.0,4.0,4.0,4.0,3.0,1,3.0,4.0,4.0,3,,4.0,0.0,4.0,4.0,4.0,4.0,4.0,4.0,4.0,3.0,3.0,3.0,3.0,4.0,4.0,,4.0,3.0,3.0,3.0,3.0,4.0,3.0,3,4.0,2,3,3,2,4.0,4.0,4.0,4.0,,,3,4.0,4.0,3,,4.0,4.0,4.0,4.0,3.0,,4.0,4.0,4.0,2.0,,4.0,4.0,4.0,4.0,4.0,3.0,4.0,4.0,4.0,3,4.0,3.0,4.0,4,,4.0,3.0,4.0,4.0,3.0,0.0,4.0,4.0,4.0,,3.0,4.0,4.0,4,3.0,4.0,4.0,4.0,4.0,0.0,4.0,4.0,4.0,4.0,4.0,3,4.0,3,,3,3,,3.0,2,3,4.0,3,4.0,4.0,3,4.0,4.0,3,3.0,4.0,3,4.0,4.0,,3,4.0,4.0,,4.0,,2.0,4.0,4.0,4.0,4.0,,,,4.0,,2.0,,,3.0,1.0,4.0,4.0,,84,9,1.5059812479793082,-0.6231482530513641
4.0,4,4.0,3,3,4.0,4.0,4.0,3,3.0,3,2.0,3.0,3,4.0,4.0,3.0,4.0,4.0,4.0,2,4.0,4,4.0,4.0,4,3,4,4,4.0,4,3,3.0,4.0,3,3,4.0,4.0,4,4.0,4.0,4.0,4.0,4.0,,4.0,4,4.0,0,4.0,3.0,4.0,3,,4.0,4,4.0,1,4.0,3,3,3,,4.0,,4.0,,4.0,3,,2,1,4.0,4.0,3.0,1,4.0,4.0,4.0,4.0,2,4,3,4.0,3.0,2,3,3,4.0,4.0,4.0,1,,4.0,,3,2,4.0,4,4.0,4,4.0,4,4.0,3,3,,,3,4.0,3,4.0,4.0,3,,3,4,4.0,4.0,4.0,,4.0,4.0,4,3,4.0,4,4.0,4.0,4.0,4.0,3,4.0,0.0,4.0,3.0,4.0,,3,4.0,4.0,3,4.0,4,4.0,4.0,4.0,,4.0,,,,3,,4.0,,4.0,4.0,4.0,4,4.0,3.0,4.0,4.0,4.0,4.0,,,4,4.0,4.0,,3,4.0,4.0,,4.0,4.0,,4.0,4.0,4.0,,4.0,3,4.0,4,4,4.0,4.0,3,3,3,4,2.0,4.0,4.0,2,4.0,3,4.0,4.0,4.0,4.0,,4.0,4.0,4.0,4.0,4.0,1.0,4.0,,,4,4.0,3.0,4.0,3,4,4.0,4.0,3,3,4.0,,,0.0,,,,4.0,4,4.0,3.0,4.0,,,,3,4.0,4.0,4.0,3,0.0,3.0,4.0,3,4.0,4.0,,1,4.0,4.0,,4.0,,4.0,4,4.0,4.0,,3,,4.0,4.0,4.0,4.0,4.0,4.0,,4.0,4.0,4.0,4.0,4.0,4.0,4.0,,,4.0,4.0,4.0,1.0,0.0,4.0,4.0,4,4.0,3,3,1,3,4.0,4.0,4.0,4.0,,,3,4.0,4.0,3,,4.0,3.0,4.0,4.0,4.0,,4.0,4.0,1.0,4.0,,4.0,4.0,,4.0,4.0,4.0,4.0,4.0,4.0,4,4.0,4.0,4.0,2,,4.0,0.0,4.0,4.0,3.0,,4.0,4.0,0.0,,4.0,4.0,4.0,4,3.0,4.0,4.0,4.0,4.0,4.0,2.0,4.0,1.0,4.0,4.0,3,4.0,2,,3,3,,4.0,4,0,4.0,3,4.0,4.0,3,4.0,0.0,3,4.0,4.0,3,4.0,,,4,4.0,,,,4.0,,4.0,4.0,4.0,,,,,4.0,,4.0,0.0,,4.0,4.0,4.0,4.0,,85,9,1.5180825656772432,-0.47166376847924474
4.0,0,5.0,0,4,5.0,2.0,5.0,5,4.0,3,4.0,0.0,4,5.0,5.0,5.0,5.0,,3.0,3,5.0,2,5.0,5.0,5,4,4,4,5.0,5,3,5.0,,4,5,5.0,2.0,5,5.0,3.0,5.0,5.0,5.0,,5.0,5,5.0,4,5.0,,5.0,5,,5.0,5,5.0,5,5.0,4,4,5,4.0,4.0,,5.0,,5.0,5,,4,4,2.0,5.0,5.0,5,4.0,5.0,5.0,5.0,4,4,4,5.0,5.0,5,4,4,5.0,5.0,,4,,5.0,,4,5,5.0,5,5.0,5,5.0,1,5.0,4,5,,,5,5.0,5,4.0,5.0,4,,3,5,5.0,3.0,,,5.0,5.0,5,4,5.0,5,5.0,,5.0,,4,,0.0,5.0,5.0,5.0,,5,0.0,5.0,4,5.0,5,5.0,4.0,5.0,,5.0,,,,5,,5.0,5.0,,5.0,,4,,,5.0,5.0,,2.0,,,4,5.0,5.0,,4,5.0,5.0,,5.0,5.0,,1.0,5.0,5.0,4.0,5.0,4,5.0,5,5,5.0,5.0,4,0,4,5,5.0,4.0,5.0,4,5.0,3,,5.0,5.0,3.0,,5.0,5.0,5.0,5.0,5.0,5.0,5.0,,,4,5.0,5.0,,5,5,2.0,5.0,5,4,5.0,,,5.0,,,,5.0,5,5.0,5.0,5.0,,,0.0,5,5.0,5.0,4.0,3,4.0,2.0,5.0,4,5.0,,,5,5.0,5.0,,0.0,,5.0,5,5.0,5.0,,4,,5.0,5.0,5.0,5.0,5.0,5.0,,5.0,5.0,5.0,5.0,5.0,5.0,5.0,,0.0,5.0,5.0,5.0,,5.0,5.0,4.0,2,5.0,5,5,5,5,5.0,5.0,,,,,3,5.0,5.0,5,,,5.0,,5.0,4.0,,5.0,,,5.0,,5.0,5.0,,5.0,5.0,5.0,,5.0,5.0,5,,5.0,,5,,5.0,4.0,5.0,5.0,5.0,,,5.0,,,5.0,5.0,5.0,5,5.0,4.0,,5.0,5.0,5.0,5.0,5.0,5.0,,,5,5.0,4,,5,5,,5.0,5,4,5.0,5,,5.0,4,5.0,5.0,5,5.0,5.0,5,5.0,,5.0,5,5.0,,,5.0,,0.0,5.0,,5.0,5.0,,,,5.0,,5.0,,,5.0,5.0,5.0,,,86,9,1.5857689631176062,-0.33854414996758925
5.0,5,5.0,4,5,5.0,5.0,5.0,4,5.0,4,5.0,4.0,4,3.0,5.0,4.0,5.0,,5.0,3,,5,5.0,5.0,5,4,5,5,5.0,5,4,5.0,,0,5,5.0,,5,5.0,5.0,,5.0,2.0,,5.0,5,5.0,5,5.0,,5.0,4,,5.0,5,5.0,5,5.0,4,3,5,,5.0,,5.0,,5.0,5,,5,3,5.0,5.0,5.0,5,5.0,5.0,,5.0,4,4,4,5.0,5.0,4,5,5,,5.0,,4,,5.0,,4,4,,5,5.0,5,5.0,5,5.0,4,5,,,5,,5,5.0,0.0,4,,4,0,,5.0,,,,,5,5,5.0,5,5.0,,5.0,,5,,,5.0,4.0,,,5,5.0,5.0,4,5.0,5,5.0,5.0,5.0,,5.0,,,,5,5.0,5.0,5.0,,5.0,,4,,5.0,4.0,5.0,,5.0,,,5,5.0,,,4,,,,,,,5.0,5.0,0.0,,,5,5.0,5,5,,,4,5,5,5,5.0,4.0,5.0,3,5.0,4,,5.0,5.0,3.0,,5.0,5.0,5.0,5.0,5.0,5.0,5.0,,,5,5.0,,5.0,4,5,5.0,5.0,5,0,,,,,,,,5.0,5,,5.0,1.0,,,,5,5.0,5.0,5.0,5,5.0,,,5,,,,5,5.0,5.0,,,,5.0,5,5.0,5.0,5.0,5,4.0,5.0,5.0,5.0,,5.0,5.0,,5.0,5.0,,0.0,5.0,5.0,,,,5.0,5.0,5.0,,5.0,2.0,5.0,5,4.0,5,5,4,5,5.0,5.0,,,,,4,,5.0,3,,5.0,5.0,,2.0,5.0,,5.0,,,5.0,,5.0,5.0,,,,4.0,0.0,2.0,5.0,5,,5.0,,5,,,1.0,5.0,5.0,5.0,,,,,,5.0,,,5,5.0,5.0,,5.0,,0.0,5.0,,,5.0,,5,0.0,5,,4,5,,5.0,3,2,5.0,4,,,5,5.0,5.0,5,5.0,5.0,5,5.0,,,5,5.0,0.0,1.0,,,,5.0,,,,,4.0,,5.0,,,,,5.0,5.0,5.0,,,87,9,1.6539665970772444,-0.24810447008797776
1.0,4,2.0,4,3,5.0,5.0,4.0,4,4.0,4,2.0,5.0,4,5.0,2.0,4.0,5.0,5.0,4.0,4,5.0,4,5.0,4.0,4,4,4,4,4.0,5,4,5.0,5.0,5,4,5.0,5.0,4,5.0,4.0,5.0,4.0,5.0,2.0,5.0,5,5.0,1,5.0,5.0,5.0,4,,4.0,3,4.0,4,5.0,4,4,4,5.0,5.0,,4.0,,5.0,4,,4,3,5.0,5.0,5.0,4,4.0,5.0,5.0,5.0,4,1,4,5.0,5.0,4,4,4,5.0,5.0,5.0,3,,5.0,,4,4,5.0,4,5.0,4,5.0,4,5.0,3,4,5.0,3.0,4,5.0,5,5.0,5.0,4,5.0,3,5,5.0,4.0,5.0,5.0,5.0,5.0,4,4,4.0,5,5.0,5.0,5.0,4.0,3,2.0,5.0,5.0,4.0,5.0,5.0,5,0.0,4.0,4,5.0,4,5.0,0.0,5.0,,5.0,,,,4,,4.0,5.0,5.0,5.0,5.0,0,5.0,5.0,4.0,5.0,5.0,5.0,,0.0,4,4.0,5.0,5.0,3,5.0,5.0,5.0,5.0,5.0,5.0,0.0,4.0,5.0,,5.0,4,5.0,5,4,5.0,5.0,4,3,4,5,5.0,4.0,4.0,3,5.0,4,5.0,2.0,1.0,4.0,5.0,4.0,5.0,3.0,5.0,5.0,5.0,4.0,5.0,,4,4.0,5.0,5.0,4,4,5.0,1.0,5,3,5.0,,,5.0,5.0,,,5.0,4,5.0,5.0,5.0,5.0,,5.0,4,0.0,5.0,4.0,4,5.0,5.0,5.0,4,5.0,5.0,,5,5.0,5.0,,5.0,5.0,4.0,0,5.0,5.0,5.0,4,,5.0,5.0,5.0,0.0,4.0,4.0,5.0,0.0,5.0,5.0,4.0,5.0,4.0,5.0,5.0,5.0,5.0,5.0,5.0,,5.0,5.0,5.0,4,5.0,5,5,4,4,3.0,2.0,5.0,5.0,,,4,5.0,5.0,4,,5.0,2.0,5.0,5.0,5.0,5.0,5.0,5.0,5.0,4.0,,4.0,4.0,5.0,4.0,4.0,5.0,5.0,3.0,5.0,4,5.0,4.0,5.0,4,,5.0,5.0,5.0,5.0,4.0,,5.0,5.0,5.0,,5.0,5.0,5.0,4,5.0,4.0,5.0,4.0,5.0,4.0,5.0,5.0,5.0,5.0,3.0,4,1.0,4,,4,4,,4.0,4,3,5.0,4,5.0,4.0,4,5.0,5.0,4,5.0,5.0,4,5.0,5.0,,4,5.0,5.0,,5.0,,5.0,5.0,5.0,5.0,0.0,,,,4.0,,5.0,,,5.0,5.0,5.0,5.0,,88,9,1.553040103492885,-0.5757946522328145
4.0,4,4.0,4,4,4.0,2.0,5.0,4,3.0,3,0.0,4.0,4,4.0,4.0,4.0,5.0,5.0,4.0,3,4.0,4,5.0,4.0,3,3,4,2,4.0,4,4,0.0,5.0,4,4,5.0,5.0,5,4.0,5.0,5.0,4.0,5.0,,5.0,4,5.0,4,5.0,5.0,4.0,4,,5.0,4,4.0,4,4.0,3,3,4,5.0,5.0,5.0,4.0,,5.0,4,,3,3,5.0,2.0,4.0,4,0.0,5.0,5.0,5.0,3,4,4,4.0,5.0,4,4,3,4.0,4.0,5.0,2,5.0,4.0,,4,4,5.0,4,4.0,5,5.0,4,4.0,4,5,,5.0,4,4.0,4,0.0,4.0,4,5.0,4,4,2.0,2.0,4.0,5.0,5.0,5.0,4,4,4.0,0,4.0,0.0,5.0,5.0,4,5.0,5.0,5.0,4.0,5.0,,4,5.0,5.0,4,5.0,4,4.0,5.0,4.0,,4.0,5.0,5.0,,3,,2.0,5.0,,5.0,5.0,4,5.0,5.0,5.0,4.0,5.0,5.0,,,1,4.0,3.0,5.0,4,5.0,4.0,5.0,5.0,5.0,5.0,5.0,4.0,5.0,5.0,5.0,0,4.0,4,4,5.0,4.0,3,4,4,2,4.0,0.0,4.0,3,4.0,3,5.0,5.0,4.0,4.0,5.0,4.0,5.0,4.0,4.0,5.0,5.0,4.0,5.0,,4,4.0,4.0,5.0,4,5,4.0,5.0,4,4,5.0,,5.0,5.0,5.0,,5.0,4.0,4,5.0,4.0,5.0,5.0,,5.0,4,5.0,5.0,4.0,3,4.0,5.0,5.0,3,0.0,5.0,,4,4.0,4.0,5.0,5.0,5.0,5.0,4,4.0,4.0,5.0,4,,2.0,4.0,5.0,4.0,5.0,4.0,5.0,5.0,5.0,5.0,4.0,4.0,4.0,5.0,5.0,,5.0,4.0,5.0,,4.0,2.0,4.0,4,5.0,4,4,4,4,5.0,5.0,5.0,5.0,,5.0,4,5.0,5.0,4,,5.0,4.0,5.0,5.0,4.0,5.0,5.0,5.0,5.0,4.0,,5.0,4.0,5.0,5.0,5.0,5.0,5.0,5.0,1.0,4,5.0,5.0,5.0,4,4.0,5.0,4.0,4.0,4.0,4.0,,5.0,5.0,5.0,,5.0,5.0,5.0,4,4.0,5.0,5.0,5.0,5.0,5.0,4.0,5.0,5.0,5.0,5.0,1,5.0,4,,3,4,,3.0,4,4,4.0,4,5.0,5.0,4,5.0,0.0,4,5.0,5.0,4,5.0,5.0,5.0,4,4.0,5.0,,5.0,,5.0,5.0,5.0,5.0,5.0,,,,5.0,,5.0,,,4.0,4.0,5.0,5.0,5.0,89,9,1.5644788918205805,-0.7047554080841529
1.0,5,6.0,5,5,6.0,6.0,5.0,4,5.0,5,5.0,5.0,4,6.0,6.0,5.0,6.0,6.0,5.0,4,6.0,4,6.0,5.0,5,5,5,4,5.0,5,4,6.0,6.0,6,5,6.0,6.0,5,0.0,6.0,6.0,6.0,6.0,,6.0,5,6.0,5,6.0,6.0,5.0,5,,6.0,5,5.0,5,5.0,5,5,5,6.0,5.0,6.0,6.0,,6.0,6,,5,5,6.0,6.0,6.0,5,6.0,6.0,6.0,6.0,4,5,5,6.0,5.0,5,5,4,6.0,6.0,6.0,4,0.0,5.0,,5,5,6.0,5,0.0,6,0.0,3,6.0,5,6,6.0,6.0,4,6.0,6,6.0,6.0,5,6.0,5,5,6.0,0.0,6.0,6.0,6.0,6.0,5,5,6.0,5,2.0,6.0,5.0,6.0,5,6.0,6.0,6.0,6.0,6.0,,6,6.0,6.0,5,6.0,5,6.0,6.0,1.0,,6.0,6.0,6.0,6.0,5,,6.0,6.0,6.0,6.0,6.0,4,6.0,6.0,6.0,5.0,6.0,6.0,,,3,6.0,6.0,6.0,5,6.0,6.0,6.0,6.0,6.0,6.0,5.0,6.0,5.0,6.0,6.0,5,6.0,5,5,6.0,5.0,4,5,5,5,6.0,4.0,2.0,5,6.0,4,6.0,6.0,6.0,6.0,6.0,5.0,6.0,5.0,3.0,6.0,6.0,6.0,6.0,,5,5.0,6.0,6.0,5,5,5.0,6.0,5,4,6.0,5.0,6.0,6.0,6.0,,,6.0,5,6.0,6.0,6.0,6.0,,6.0,0,6.0,6.0,5.0,3,5.0,5.0,6.0,5,6.0,6.0,,5,6.0,5.0,6.0,2.0,,5.0,5,1.0,6.0,6.0,5,0.0,6.0,5.0,6.0,6.0,6.0,6.0,6.0,5.0,6.0,6.0,5.0,6.0,5.0,6.0,6.0,,5.0,5.0,5.0,,6.0,6.0,6.0,5,6.0,5,6,5,4,6.0,6.0,6.0,6.0,,,5,6.0,6.0,5,,6.0,5.0,6.0,6.0,0.0,6.0,6.0,6.0,,5.0,,6.0,6.0,6.0,6.0,6.0,5.0,6.0,5.0,5.0,5,0.0,6.0,6.0,5,5.0,6.0,5.0,6.0,3.0,6.0,,6.0,6.0,6.0,,6.0,3.0,6.0,5,6.0,5.0,,5.0,6.0,6.0,6.0,6.0,6.0,0.0,6.0,5,6.0,5,,5,5,,5.0,5,5,6.0,5,6.0,,5,6.0,6.0,5,6.0,6.0,5,6.0,,,6,6.0,6.0,,6.0,,6.0,6.0,6.0,6.0,6.0,,,,6.0,,6.0,5.0,,5.0,5.0,6.0,6.0,,90,9,1.6215996090568494,-0.6116944701545258
5.0,4,4.0,3,4,4.0,5.0,5.0,1,4.0,4,4.0,4.0,4,5.0,4.0,4.0,5.0,3.0,4.0,3,2.0,5,5.0,5.0,4,4,4,4,5.0,5,4,4.0,5.0,4,4,5.0,5.0,4,5.0,5.0,4.0,5.0,5.0,,5.0,4,3.0,4,0.0,5.0,5.0,0,,0.0,4,4.0,4,5.0,4,4,4,5.0,5.0,,5.0,,5.0,4,,2,4,5.0,5.0,4.0,4,4.0,5.0,5.0,5.0,3,4,4,4.0,5.0,4,2,3,5.0,5.0,5.0,3,5.0,5.0,,4,4,5.0,4,1.0,5,5.0,4,5.0,3,4,5.0,5.0,4,5.0,4,5.0,5.0,5,,3,4,5.0,5.0,5.0,,5.0,5.0,4,4,4.0,4,2.0,5.0,5.0,5.0,4,5.0,5.0,5.0,4.0,5.0,,5,5.0,5.0,4,5.0,5,5.0,5.0,5.0,,4.0,5.0,,,4,,4.0,5.0,5.0,5.0,5.0,5,5.0,5.0,5.0,5.0,3.0,5.0,,,5,5.0,5.0,3.0,4,5.0,5.0,5.0,5.0,5.0,4.0,4.0,4.0,5.0,,5.0,4,5.0,4,5,5.0,5.0,4,5,5,5,5.0,5.0,5.0,4,5.0,4,4.0,5.0,5.0,5.0,5.0,5.0,5.0,3.0,5.0,5.0,5.0,5.0,5.0,,4,5.0,5.0,5.0,4,5,5.0,5.0,4,4,5.0,,5.0,5.0,4.0,,,5.0,0,5.0,4.0,5.0,5.0,,0.0,4,5.0,5.0,4.0,0,4.0,5.0,5.0,1,3.0,5.0,,4,5.0,3.0,,5.0,,5.0,5,4.0,5.0,5.0,4,,5.0,4.0,5.0,5.0,5.0,5.0,5.0,5.0,5.0,5.0,5.0,5.0,4.0,5.0,5.0,,5.0,5.0,4.0,,5.0,4.0,5.0,5,5.0,4,5,4,4,5.0,5.0,5.0,5.0,,,4,5.0,5.0,5,,5.0,5.0,5.0,3.0,4.0,,5.0,5.0,5.0,5.0,,5.0,5.0,5.0,5.0,5.0,5.0,5.0,5.0,5.0,4,5.0,4.0,5.0,4,,5.0,2.0,5.0,5.0,0.0,,5.0,5.0,5.0,,3.0,5.0,5.0,5,5.0,5.0,5.0,3.0,5.0,5.0,4.0,2.0,5.0,5.0,5.0,4,5.0,4,,4,4,,5.0,4,5,5.0,5,5.0,,4,5.0,3.0,5,0.0,5.0,5,5.0,5.0,,4,4.0,5.0,0.0,,,5.0,5.0,5.0,5.0,5.0,,,,5.0,,5.0,,,4.0,0.0,5.0,5.0,,91,9,1.5752723671178608,-0.5109908688914078
4.0,4,4.0,4,3,4.0,4.0,0.0,4,5.0,4,4.0,5.0,4,5.0,4.0,5.0,5.0,5.0,2.0,2,4.0,2,4.0,5.0,4,2,4,4,4.0,4,3,0.0,4.0,4,4,4.0,5.0,4,5.0,5.0,5.0,5.0,5.0,,1.0,4,4.0,4,3.0,5.0,4.0,4,,4.0,4,4.0,4,4.0,4,4,2,5.0,5.0,,5.0,,5.0,4,,4,3,5.0,5.0,4.0,4,5.0,5.0,5.0,4.0,4,4,4,4.0,4.0,4,4,3,5.0,4.0,5.0,4,5.0,4.0,,3,2,5.0,5,5.0,4,4.0,0,4.0,3,4,5.0,5.0,4,5.0,4,3.0,5.0,3,5.0,4,4,4.0,5.0,5.0,0.0,4.0,5.0,4,4,4.0,5,4.0,5.0,4.0,5.0,4,5.0,5.0,5.0,4.0,5.0,,4,5.0,2.0,3,1.0,4,5.0,5.0,4.0,5.0,5.0,5.0,,,4,,5.0,5.0,5.0,2.0,5.0,4,5.0,5.0,5.0,4.0,5.0,5.0,,,4,4.0,5.0,5.0,0,1.0,5.0,5.0,5.0,5.0,5.0,5.0,4.0,5.0,5.0,5.0,3,4.0,4,4,4.0,5.0,3,4,4,4,5.0,4.0,5.0,3,5.0,4,5.0,5.0,3.0,0.0,5.0,4.0,5.0,3.0,4.0,5.0,5.0,5.0,5.0,,4,4.0,5.0,5.0,1,4,5.0,5.0,0,4,5.0,0.0,,5.0,0.0,,,5.0,4,5.0,4.0,5.0,5.0,,5.0,5,5.0,3.0,4.0,4,5.0,5.0,5.0,4,5.0,5.0,,4,4.0,4.0,5.0,5.0,5.0,4.0,4,4.0,5.0,5.0,3,,5.0,5.0,5.0,5.0,4.0,4.0,5.0,4.0,5.0,5.0,5.0,4.0,4.0,5.0,5.0,,5.0,4.0,5.0,,3.0,5.0,2.0,4,5.0,5,4,4,4,5.0,4.0,5.0,5.0,,5.0,4,5.0,4.0,5,,5.0,5.0,5.0,4.0,4.0,5.0,5.0,5.0,5.0,4.0,,4.0,4.0,5.0,5.0,5.0,5.0,5.0,5.0,4.0,4,5.0,5.0,5.0,4,,5.0,5.0,5.0,4.0,4.0,,5.0,5.0,5.0,,5.0,5.0,5.0,4,4.0,4.0,5.0,5.0,5.0,5.0,4.0,5.0,5.0,5.0,5.0,3,4.0,4,,4,4,,4.0,4,4,5.0,4,5.0,5.0,5,5.0,0.0,4,5.0,4.0,4,4.0,5.0,,4,3.0,5.0,,5.0,,5.0,2.0,5.0,5.0,5.0,5.0,,,4.0,,4.0,,,4.0,5.0,5.0,5.0,,92,9,1.5886319845857417,-0.6304382573979403
3.0,3,4.0,3,3,4.0,4.0,4.0,4,4.0,4,4.0,4.0,4,4.0,4.0,4.0,,,4.0,3,4.0,3,4.0,4.0,0,0,4,4,4.0,3,3,4.0,,3,3,4.0,3.0,4,1.0,4.0,4.0,4.0,4.0,,4.0,1,4.0,4,4.0,,4.0,3,,4.0,4,0.0,1,4.0,3,3,4,,4.0,,4.0,,0.0,4,,3,3,4.0,4.0,4.0,0,4.0,4.0,4.0,4.0,2,3,3,4.0,4.0,3,4,2,3.0,4.0,,2,,4.0,,3,4,4.0,4,4.0,4,4.0,4,4.0,3,4,,,3,4.0,4,4.0,4.0,3,,3,4,4.0,4.0,4.0,,4.0,4.0,3,3,4.0,3,4.0,2.0,4.0,4.0,3,,,,4.0,,,3,4.0,4.0,1,4.0,4,4.0,4.0,4.0,,4.0,4.0,4.0,3.0,3,,4.0,4.0,,4.0,4.0,3,4.0,4.0,4.0,3.0,4.0,4.0,,4.0,4,0.0,4.0,,2,4.0,0.0,,4.0,4.0,,4.0,4.0,4.0,,4.0,3,4.0,4,3,,4.0,2,3,3,3,4.0,4.0,4.0,2,4.0,3,,4.0,3.0,4.0,,4.0,4.0,4.0,4.0,4.0,4.0,4.0,,,3,4.0,4.0,3.0,3,4,4.0,4.0,3,3,4.0,,,4.0,,,,4.0,3,4.0,0.0,4.0,,,,4,4.0,4.0,4.0,3,4.0,4.0,4.0,3,4.0,,,4,4.0,3.0,,,,4.0,4,3.0,4.0,4.0,3,,4.0,4.0,4.0,4.0,4.0,4.0,,4.0,3.0,4.0,4.0,4.0,4.0,,,,4.0,4.0,0.0,,4.0,4.0,4.0,3,4.0,2,4,3,4,4.0,4.0,4.0,4.0,,,3,4.0,4.0,4,,4.0,4.0,4.0,4.0,4.0,,4.0,,,4.0,,4.0,4.0,4.0,4.0,,4.0,,4.0,4.0,3,4.0,4.0,,4,,4.0,4.0,4.0,4.0,4.0,,,4.0,,,4.0,4.0,4.0,4,4.0,3.0,,4.0,4.0,4.0,4.0,4.0,4.0,4.0,4.0,2,3.0,0,,3,4,,4.0,3,4,4.0,3,4.0,,4,4.0,4.0,3,4.0,4.0,3,4.0,,,1,4.0,,,4.0,,,,4.0,4.0,4.0,,,,4.0,,4.0,,,1.0,3.0,4.0,,,93,9,1.5288129744651484,-0.49062581982069836
2.0,4,5.0,4,4,5.0,5.0,4.0,3,4.0,4,1.0,4.0,4,5.0,4.0,4.0,5.0,,4.0,2,5.0,4,5.0,4.0,5,4,2,5,5.0,5,4,5.0,,5,5,5.0,5.0,5,5.0,5.0,3.0,5.0,5.0,5.0,5.0,5,5.0,5,5.0,,5.0,4,,5.0,5,5.0,5,5.0,4,4,5,5.0,5.0,,5.0,,5.0,3,,4,4,5.0,5.0,5.0,5,5.0,5.0,4.0,5.0,3,3,4,5.0,5.0,5,5,4,5.0,5.0,5.0,3,,5.0,,5,4,5.0,5,5.0,5,5.0,5,5.0,0,5,,,5,5.0,5,5.0,1.0,5,,4,5,3.0,5.0,5.0,,5.0,5.0,4,4,5.0,5,5.0,0.0,5.0,,4,,5.0,5.0,4.0,5.0,,5,,5.0,4,5.0,5,5.0,5.0,5.0,,5.0,,,,5,,5.0,5.0,,5.0,,4,,5.0,5.0,5.0,5.0,5.0,0.0,,4,5.0,,5.0,4,5.0,,,5.0,5.0,,5.0,5.0,5.0,,5.0,4,5.0,5,5,,5.0,4,5,5,5,5.0,5.0,5.0,4,5.0,4,,5.0,4.0,5.0,,5.0,5.0,4.0,4.0,5.0,5.0,5.0,,,5,1.0,5.0,5.0,4,5,5.0,0.0,5,3,5.0,,,5.0,0.0,,1.0,5.0,5,1.0,5.0,5.0,,,,4,2.0,5.0,4.0,4,5.0,5.0,,5,5.0,,,5,5.0,5.0,,5.0,,5.0,5,5.0,4.0,,1,,5.0,5.0,5.0,5.0,5.0,1.0,5.0,4.0,5.0,5.0,4.0,5.0,5.0,,,,5.0,5.0,5.0,,5.0,5.0,5.0,5,5.0,4,5,4,5,5.0,5.0,4.0,5.0,,,4,,5.0,5,,5.0,5.0,5.0,5.0,5.0,,5.0,,,5.0,,5.0,5.0,5.0,,5.0,4.0,5.0,5.0,5.0,5,,5.0,2.0,5,,5.0,3.0,5.0,5.0,4.0,,,5.0,,,0.0,5.0,,5,1.0,5.0,0.0,4.0,5.0,5.0,5.0,5.0,5.0,5.0,,5,5.0,5,,5,5,,5.0,4,4,5.0,5,,,4,5.0,5.0,5,0.0,5.0,4,0.0,,,3,5.0,5.0,,5.0,,,5.0,5.0,5.0,5.0,,,,5.0,0.0,5.0,,,5.0,5.0,5.0,5.0,,94,9,1.6342132327733974,-0.36240093032452336
5.0,5,5.0,4,4,5.0,5.0,5.0,5,5.0,5,5.0,5.0,5,,4.0,5.0,,5.0,5.0,4,,4,5.0,5.0,5,5,5,4,5.0,5,4,5.0,5.0,5,4,5.0,5.0,5,,4.0,5.0,5.0,5.0,,5.0,5,5.0,5,2.0,,5.0,4,0.0,4.0,4,5.0,5,2.0,4,4,4,,5.0,,5.0,,5.0,5,,4,3,,5.0,5.0,5,5.0,,5.0,5.0,4,5,5,4.0,3.0,0,5,4,5.0,5.0,5.0,3,,5.0,,4,4,5.0,5,5.0,0,4.0,5,4.0,4,5,,,5,5.0,5,5.0,5.0,4,4.0,4,5,5.0,5.0,,,5.0,5.0,5,4,5.0,5,5.0,5.0,5.0,,4,,,,5.0,,,3,5.0,3.0,4,5.0,5,5.0,5.0,5.0,,5.0,,,,5,,5.0,5.0,,5.0,4.0,4,5.0,5.0,5.0,5.0,,5.0,,,4,5.0,,,4,5.0,,5.0,,5.0,,5.0,5.0,5.0,,5.0,5,5.0,5,5,1.0,,4,4,5,5,5.0,5.0,5.0,3,5.0,5,0.0,5.0,5.0,5.0,,5.0,5.0,4.0,5.0,5.0,,5.0,,,5,5.0,5.0,5.0,4,5,3.0,5.0,4,3,5.0,,,5.0,5.0,,,5.0,5,5.0,5.0,5.0,,,,5,5.0,0.0,5.0,5,5.0,,5.0,5,5.0,,,5,5.0,5.0,,5.0,,1.0,5,5.0,5.0,,2,,5.0,2.0,5.0,5.0,5.0,5.0,,5.0,5.0,5.0,5.0,5.0,4.0,,,,0.0,5.0,5.0,,5.0,5.0,5.0,4,5.0,4,5,4,5,5.0,5.0,5.0,5.0,,,4,0.0,5.0,5,,0.0,4.0,4.0,5.0,5.0,,5.0,4.0,,3.0,,5.0,5.0,5.0,5.0,5.0,5.0,,5.0,4.0,3,5.0,5.0,5.0,4,5.0,5.0,5.0,5.0,5.0,5.0,,,5.0,5.0,,5.0,5.0,5.0,5,5.0,5.0,,5.0,5.0,4.0,5.0,5.0,5.0,4.0,5.0,0,5.0,5,4.0,4,0,,1.0,4,3,5.0,4,,,5,5.0,5.0,5,5.0,3.0,4,5.0,,,5,5.0,,,,,,5.0,5.0,5.0,5.0,,,,5.0,,,,,5.0,5.0,5.0,,,95,9,1.5814035707972423,-0.289336252049495
5.0,5,5.0,5,5,5.0,5.0,0.0,4,0.0,4,5.0,4.0,3,5.0,5.0,0.0,5.0,,5.0,4,3.0,5,,5.0,5,4,5,5,5.0,5,4,5.0,,4,4,5.0,,5,,,,5.0,5.0,,2.0,5,1.0,5,5.0,,5.0,3,,5.0,5,5.0,5,4.0,4,3,5,,5.0,,0.0,,5.0,5,,4,3,5.0,5.0,2.0,5,4.0,5.0,5.0,5.0,5,4,5,4.0,,5,5,5,5.0,5.0,,3,,5.0,,4,4,5.0,5,5.0,5,5.0,5,5.0,4,4,,,5,,5,,5.0,5,,5,5,5.0,5.0,,,,5.0,5,5,5.0,5,5.0,,5.0,,5,,5.0,5.0,5.0,2.0,,5,,5.0,4,5.0,5,5.0,5.0,,4.0,5.0,5.0,,,5,,5.0,,,,,5,4.0,5.0,0.0,5.0,0.0,5.0,,,5,5.0,,,4,5.0,,5.0,3.0,5.0,,5.0,5.0,5.0,,5.0,5,5.0,5,5,,,5,5,5,4,5.0,5.0,5.0,2,5.0,4,,4.0,4.0,5.0,,5.0,5.0,5.0,5.0,5.0,5.0,5.0,,,5,5.0,,5.0,5,5,5.0,,5,4,,,,5.0,,,,1.0,5,5.0,5.0,5.0,,,,4,5.0,4.0,5.0,5,3.0,,,4,5.0,,,5,4.0,5.0,,,,5.0,5,5.0,5.0,,4,,5.0,5.0,,,1.0,5.0,,5.0,3.0,5.0,5.0,5.0,5.0,,,,,5.0,5.0,,5.0,5.0,4.0,5,5.0,5,5,4,5,,5.0,5.0,,5.0,,4,,4.0,5,,,5.0,,5.0,5.0,,5.0,,3.0,5.0,,5.0,5.0,5.0,,5.0,5.0,,,5.0,5,,5.0,1.0,5,,,4.0,5.0,5.0,0.0,,,5.0,,,5.0,,,5,5.0,3.0,,5.0,5.0,,2.0,,,,,5,,5,,5,5,,5.0,4,5,5.0,5,,,4,5.0,5.0,5,5.0,,5,5.0,,,5,5.0,,,,,,5.0,5.0,0.0,,,,0.0,5.0,,,,,5.0,5.0,5.0,0.0,,96,9,1.6349660350375401,-0.1319888190891583
4.0,4,4.0,4,4,5.0,0.0,4.0,3,3.0,3,3.0,4.0,3,2.0,4.0,1.0,4.0,5.0,5.0,2,5.0,5,4.0,4.0,4,4,3,4,5.0,5,4,5.0,5.0,0,4,5.0,5.0,4,5.0,5.0,5.0,4.0,5.0,,4.0,4,5.0,5,5.0,5.0,3.0,4,,4.0,0,5.0,4,5.0,2,4,4,5.0,5.0,,5.0,,5.0,5,,4,3,5.0,5.0,4.0,5,4.0,4.0,5.0,5.0,4,4,4,4.0,5.0,4,5,4,5.0,5.0,5.0,3,,5.0,,4,4,5.0,5,3.0,5,5.0,5,5.0,4,4,,5.0,4,5.0,5,5.0,5.0,5,,4,5,5.0,5.0,5.0,5.0,5.0,5.0,4,3,5.0,4,5.0,5.0,5.0,5.0,4,,4.0,5.0,4.0,5.0,,4,5.0,5.0,3,4.0,5,4.0,5.0,5.0,,5.0,5.0,3.0,5.0,4,,5.0,5.0,5.0,5.0,5.0,4,5.0,5.0,5.0,5.0,5.0,5.0,,,4,5.0,5.0,5.0,5,5.0,5.0,,5.0,5.0,,5.0,4.0,5.0,,5.0,4,5.0,5,5,5.0,5.0,3,4,4,4,5.0,4.0,5.0,3,5.0,4,5.0,5.0,5.0,5.0,5.0,5.0,5.0,5.0,5.0,5.0,5.0,4.0,5.0,,4,5.0,5.0,5.0,4,2,5.0,5.0,0,4,5.0,,,5.0,5.0,,,0.0,5,5.0,5.0,5.0,,,5.0,4,5.0,5.0,4.0,4,4.0,2.0,5.0,4,5.0,5.0,,0,5.0,5.0,,5.0,5.0,5.0,5,5.0,4.0,5.0,4,,5.0,5.0,5.0,5.0,5.0,5.0,,5.0,5.0,5.0,2.0,5.0,5.0,5.0,5.0,,4.0,5.0,4.0,,4.0,2.0,4.0,4,5.0,4,4,4,4,2.0,5.0,5.0,5.0,,,0,5.0,4.0,5,,5.0,4.0,,5.0,5.0,,5.0,3.0,5.0,5.0,4.0,5.0,5.0,5.0,5.0,5.0,5.0,5.0,5.0,4.0,5,5.0,5.0,5.0,4,0.0,5.0,4.0,4.0,5.0,0.0,,5.0,5.0,5.0,,4.0,5.0,5.0,5,4.0,5.0,5.0,4.0,5.0,5.0,5.0,5.0,5.0,5.0,5.0,5,5.0,4,,5,5,,5.0,4,5,5.0,4,5.0,,5,5.0,5.0,4,5.0,0.0,5,4.0,5.0,,4,5.0,5.0,1.0,,,,5.0,5.0,5.0,,,,,4.0,,5.0,4.0,,5.0,5.0,5.0,5.0,4.0,97,9,1.5794330916282135,-0.46042551645897284
5.0,5,4.0,4,4,5.0,5.0,5.0,5,5.0,5,5.0,5.0,5,3.0,5.0,5.0,5.0,5.0,5.0,3,1.0,5,4.0,5.0,4,4,4,5,4.0,5,3,5.0,,5,4,5.0,5.0,4,5.0,5.0,5.0,5.0,5.0,,2.0,4,2.0,5,5.0,,5.0,4,,5.0,4,1.0,4,4.0,4,4,4,5.0,5.0,,4.0,,4.0,4,,4,3,,5.0,5.0,4,5.0,,1.0,5.0,0,5,4,5.0,5.0,4,5,4,5.0,5.0,5.0,4,,5.0,,4,4,0.0,4,3.0,4,5.0,4,5.0,4,4,3.0,5.0,5,5.0,4,5.0,5.0,3,,4,4,5.0,5.0,1.0,5.0,5.0,5.0,3,4,5.0,5,5.0,5.0,5.0,5.0,4,0.0,,5.0,5.0,5.0,,4,5.0,5.0,4,5.0,5,5.0,5.0,5.0,,5.0,,,,4,,3.0,5.0,5.0,5.0,5.0,2,5.0,5.0,5.0,4.0,3.0,5.0,,,5,5.0,5.0,,4,4.0,5.0,,5.0,5.0,5.0,5.0,4.0,4.0,,5.0,4,5.0,0,4,4.0,5.0,3,5,4,5,5.0,5.0,5.0,4,5.0,4,5.0,5.0,4.0,5.0,5.0,4.0,5.0,5.0,2.0,5.0,5.0,5.0,,,4,4.0,5.0,5.0,3,5,5.0,5.0,4,4,5.0,,5.0,5.0,,,4.0,3.0,5,5.0,5.0,5.0,5.0,,,4,5.0,4.0,5.0,4,5.0,5.0,5.0,4,5.0,5.0,,5,5.0,5.0,5.0,5.0,5.0,5.0,5,5.0,5.0,5.0,4,,5.0,5.0,5.0,5.0,5.0,4.0,0.0,5.0,5.0,5.0,0.0,5.0,4.0,5.0,5.0,,5.0,5.0,5.0,,5.0,5.0,5.0,4,5.0,5,5,0,4,5.0,5.0,5.0,5.0,,,4,5.0,5.0,4,,5.0,5.0,5.0,5.0,5.0,,5.0,,,4.0,,5.0,5.0,5.0,5.0,5.0,5.0,4.0,5.0,5.0,5,,5.0,5.0,5,,5.0,5.0,1.0,4.0,5.0,5.0,,5.0,5.0,,5.0,5.0,5.0,5,2.0,5.0,5.0,5.0,5.0,5.0,5.0,5.0,0.0,5.0,0.0,5,2.0,3,,0,4,,5.0,4,4,5.0,4,5.0,,3,4.0,5.0,4,5.0,5.0,4,5.0,5.0,,4,4.0,5.0,,5.0,,,5.0,5.0,5.0,,,,,5.0,,5.0,,,4.0,5.0,5.0,5.0,2.0,98,9,1.6349917081260366,-0.44467663307885497
1.0,4,4.0,0,4,5.0,4.0,0.0,4,4.0,4,5.0,4.0,3,5.0,5.0,4.0,5.0,4.0,5.0,2,5.0,4,5.0,5.0,4,4,4,4,5.0,4,4,4.0,5.0,3,3,5.0,5.0,4,5.0,5.0,5.0,4.0,5.0,,4.0,4,4.0,4,5.0,5.0,5.0,4,,4.0,4,5.0,5,3.0,4,4,0,4.0,5.0,,5.0,,4.0,4,,4,3,5.0,5.0,4.0,3,5.0,5.0,5.0,4.0,3,4,4,4.0,5.0,2,5,4,5.0,5.0,5.0,2,,4.0,,3,4,5.0,4,5.0,5,5.0,4,5.0,3,4,3.0,2.0,4,5.0,4,5.0,4.0,4,,4,4,5.0,4.0,5.0,5.0,5.0,5.0,4,4,5.0,0,5.0,5.0,1.0,5.0,4,5.0,5.0,5.0,4.0,5.0,,4,3.0,5.0,4,5.0,4,4.0,5.0,5.0,0.0,5.0,5.0,5.0,,5,,5.0,5.0,5.0,5.0,5.0,4,5.0,5.0,5.0,5.0,5.0,5.0,,,4,3.0,5.0,5.0,4,5.0,5.0,5.0,5.0,5.0,5.0,4.0,5.0,4.0,5.0,5.0,4,5.0,4,5,5.0,5.0,4,4,4,4,4.0,3.0,0.0,3,5.0,4,5.0,4.0,4.0,5.0,0.0,5.0,5.0,4.0,5.0,5.0,5.0,0.0,1.0,,4,4.0,4.0,5.0,4,4,5.0,5.0,4,4,5.0,,5.0,5.0,5.0,,,5.0,3,5.0,4.0,5.0,5.0,,,4,5.0,5.0,4.0,5,4.0,5.0,1.0,3,5.0,5.0,,5,5.0,4.0,5.0,5.0,5.0,5.0,5,5.0,5.0,5.0,4,,5.0,4.0,5.0,5.0,5.0,5.0,5.0,5.0,5.0,5.0,5.0,5.0,4.0,5.0,5.0,,5.0,5.0,5.0,,3.0,5.0,5.0,4,5.0,4,4,4,4,5.0,2.0,5.0,5.0,,5.0,0,5.0,5.0,4,,5.0,5.0,5.0,5.0,4.0,,5.0,5.0,5.0,4.0,,5.0,5.0,5.0,5.0,5.0,5.0,5.0,4.0,5.0,5,1.0,5.0,5.0,4,,5.0,4.0,5.0,5.0,5.0,,5.0,5.0,5.0,1.0,4.0,5.0,5.0,4,4.0,4.0,5.0,5.0,5.0,5.0,5.0,5.0,5.0,5.0,5.0,4,5.0,3,,5,4,,4.0,4,0,5.0,4,5.0,5.0,4,5.0,5.0,4,5.0,2.0,4,3.0,5.0,,5,4.0,5.0,5.0,3.0,,5.0,5.0,4.0,5.0,5.0,,,,5.0,,5.0,,,4.0,4.0,5.0,5.0,5.0,99,9,1.5790587852141345,-0.5625753533784601
5.0,5,5.0,4,4,5.0,4.0,5.0,5,5.0,5,5.0,5.0,5,5.0,5.0,1.0,,,4.0,2,5.0,5,5.0,5.0,4,4,5,4,5.0,5,4,5.0,,5,4,5.0,5.0,5,5.0,5.0,5.0,5.0,2.0,,5.0,4,5.0,5,5.0,,5.0,4,,5.0,5,0.0,5,5.0,4,5,5,,5.0,,5.0,,5.0,5,,5,3,5.0,5.0,5.0,4,5.0,,5.0,5.0,4,4,5,5.0,5.0,5,5,3,5.0,5.0,5.0,4,3.0,5.0,,4,4,5.0,5,5.0,5,5.0,4,5.0,4,5,,4.0,5,5.0,0,5.0,5.0,5,,4,5,4.0,5.0,5.0,2.0,0.0,4.0,1,4,5.0,5,5.0,5.0,0.0,,5,5.0,,,4.0,,,5,5.0,5.0,4,,5,5.0,5.0,5.0,,5.0,,,,5,0.0,5.0,,,,5.0,4,,5.0,5.0,5.0,5.0,5.0,1.0,,5,5.0,5.0,,4,,,,,5.0,,5.0,5.0,5.0,,5.0,4,5.0,5,2,,5.0,2,0,4,3,5.0,4.0,5.0,3,5.0,4,,5.0,4.0,5.0,,5.0,5.0,3.0,5.0,,5.0,5.0,5.0,,5,5.0,5.0,5.0,4,5,,5.0,1,4,5.0,0.0,,5.0,,,5.0,5.0,5,5.0,4.0,5.0,5.0,,,5,5.0,5.0,5.0,5,5.0,5.0,3.0,4,5.0,,,5,5.0,5.0,,,2.0,5.0,0,5.0,5.0,,4,3.0,5.0,5.0,5.0,,5.0,4.0,,5.0,5.0,5.0,5.0,5.0,5.0,,4.0,,5.0,5.0,5.0,,5.0,5.0,2.0,5,5.0,5,5,5,4,5.0,5.0,5.0,,,,5,,5.0,5,,5.0,5.0,,5.0,5.0,,5.0,,,5.0,3.0,5.0,5.0,,,1.0,5.0,,5.0,5.0,4,5.0,5.0,5.0,5,,5.0,5.0,5.0,5.0,5.0,,,,,,5.0,3.0,5.0,5,2.0,5.0,,5.0,,5.0,5.0,5.0,,,,5,5.0,5,,5,5,,5.0,4,5,5.0,4,,,5,5.0,5.0,4,5.0,5.0,5,5.0,,,5,5.0,,,,,,,,,,,,,5.0,,1.0,0.0,0.0,5.0,5.0,5.0,,,100,9,1.6860588861298333,-0.21819615781018606
4.0,4,4.0,3,4,4.0,4.0,4.0,4,4.0,4,4.0,4.0,3,4.0,4.0,4.0,,,3.0,3,4.0,3,4.0,4.0,4,3,4,4,4.0,2,3,4.0,,4,4,4.0,4.0,4,4.0,4.0,2.0,4.0,0.0,,4.0,4,4.0,4,3.0,,4.0,3,,3.0,3,4.0,4,4.0,3,4,4,,4.0,,4.0,,4.0,4,,4,2,,3.0,4.0,3,4.0,4.0,4.0,4.0,2,4,3,4.0,4.0,4,4,3,4.0,4.0,,3,,2.0,,4,3,4.0,3,4.0,4,4.0,4,3.0,3,3,,,2,4.0,4,4.0,4.0,3,0.0,3,2,4.0,4.0,4.0,,,4.0,1,3,4.0,4,4.0,4.0,4.0,0.0,3,,,,4.0,,,4,0.0,4.0,0,4.0,4,1.0,4.0,4.0,,4.0,,,,3,,4.0,4.0,,4.0,,3,4.0,4.0,4.0,3.0,4.0,4.0,,,4,4.0,4.0,,3,4.0,,,4.0,4.0,,4.0,4.0,4.0,,2.0,3,4.0,4,3,1.0,4.0,1,3,3,4,4.0,3.0,4.0,2,4.0,1,4.0,4.0,0.0,4.0,,3.0,4.0,4.0,4.0,4.0,4.0,4.0,,,4,4.0,4.0,4.0,3,4,4.0,3.0,4,3,,,,4.0,,,,4.0,4,4.0,3.0,4.0,1.0,,,4,4.0,4.0,4.0,4,4.0,,4.0,4,4.0,,,4,4.0,4.0,,4.0,,2.0,4,4.0,4.0,,4,,4.0,4.0,4.0,,4.0,4.0,,4.0,4.0,4.0,4.0,4.0,4.0,,4.0,,4.0,4.0,,,3.0,4.0,4.0,3,4.0,4,4,3,4,4.0,4.0,4.0,4.0,,,4,4.0,4.0,4,,0.0,4.0,4.0,4.0,3.0,,4.0,,,4.0,,4.0,2.0,4.0,4.0,,4.0,,1.0,4.0,1,,4.0,,4,,4.0,2.0,4.0,4.0,4.0,,,,,,4.0,4.0,0.0,4,4.0,4.0,2.0,3.0,4.0,2.0,4.0,4.0,0.0,4.0,4.0,3,4.0,4,,3,3,,3.0,4,4,4.0,3,,0.0,3,1.0,4.0,4,4.0,4.0,3,4.0,,,4,4.0,,,4.0,,,,,4.0,,,,4.0,4.0,,,,,4.0,4.0,,,,101,9,1.506861212437033,-0.26157748817408405
4.0,3,4.0,3,3,4.0,4.0,4.0,4,4.0,4,4.0,4.0,3,4.0,3.0,4.0,0.0,4.0,4.0,2,4.0,3,4.0,4.0,4,3,3,2,4.0,4,4,0.0,4.0,3,4,4.0,4.0,3,4.0,4.0,4.0,4.0,4.0,,4.0,4,4.0,3,4.0,,4.0,3,,4.0,3,4.0,4,4.0,3,3,3,4.0,3.0,,4.0,,4.0,4,,3,2,4.0,4.0,4.0,3,4.0,,4.0,4.0,2,3,4,4.0,4.0,1,0,1,4.0,4.0,4.0,3,,4.0,,3,1,4.0,0,4.0,4,4.0,3,4.0,2,3,,4.0,3,4.0,3,4.0,4.0,2,,2,3,4.0,2.0,4.0,,4.0,4.0,4,4,4.0,3,4.0,4.0,4.0,,3,4.0,0.0,4.0,0.0,3.0,,4,4.0,4.0,3,4.0,4,4.0,4.0,4.0,,4.0,,,,3,,4.0,4.0,4.0,4.0,4.0,3,,4.0,4.0,4.0,4.0,4.0,,,3,4.0,4.0,,3,4.0,4.0,,4.0,4.0,,4.0,3.0,4.0,,4.0,4,3.0,3,4,4.0,4.0,3,3,3,4,4.0,4.0,4.0,3,4.0,3,4.0,4.0,0.0,4.0,,4.0,4.0,1.0,4.0,4.0,4.0,4.0,,,3,4.0,4.0,4.0,3,3,4.0,4.0,3,2,4.0,,,4.0,1.0,,,4.0,4,4.0,4.0,0.0,4.0,,,4,4.0,4.0,3.0,3,3.0,4.0,4.0,4,4.0,4.0,,4,4.0,3.0,,,,4.0,3,4.0,4.0,,3,,4.0,4.0,4.0,4.0,4.0,4.0,,3.0,4.0,4.0,4.0,4.0,4.0,,,,4.0,1.0,4.0,,4.0,4.0,4.0,3,4.0,3,4,3,3,4.0,4.0,4.0,4.0,,,3,4.0,4.0,4,,,4.0,,4.0,4.0,,4.0,,4.0,4.0,3.0,4.0,4.0,,4.0,4.0,4.0,,4.0,4.0,4,3.0,4.0,,4,,4.0,4.0,4.0,4.0,0.0,,1.0,4.0,4.0,,4.0,4.0,4.0,3,4.0,4.0,,4.0,4.0,2.0,4.0,4.0,4.0,4.0,4.0,1,3.0,2,,4,3,,4.0,3,3,4.0,4,4.0,,4,4.0,3.0,3,4.0,4.0,3,4.0,2.0,,3,3.0,4.0,,4.0,,,4.0,4.0,4.0,4.0,,,,4.0,,0.0,,,4.0,4.0,4.0,4.0,,102,9,1.525458248472505,-0.4669709378964587
4.0,3,3.0,3,0,3.0,4.0,4.0,4,4.0,4,3.0,4.0,4,4.0,4.0,4.0,,,4.0,3,4.0,4,4.0,4.0,4,3,4,4,4.0,4,3,4.0,,4,4,4.0,,4,4.0,4.0,4.0,4.0,4.0,,4.0,4,4.0,4,4.0,,4.0,0,,4.0,3,4.0,4,4.0,0,3,3,,3.0,,4.0,,4.0,3,,4,3,,4.0,4.0,4,4.0,4.0,4.0,4.0,2,4,3,3.0,4.0,3,3,2,4.0,4.0,4.0,2,,4.0,,3,3,4.0,4,4.0,4,4.0,4,4.0,3,3,,,4,4.0,4,4.0,4.0,1,,3,4,4.0,4.0,,,,4.0,3,4,4.0,4,4.0,,4.0,4.0,3,,,,4.0,,,4,4.0,4.0,2,4.0,4,4.0,4.0,4.0,,4.0,,,,3,,4.0,4.0,,4.0,4.0,0,4.0,3.0,4.0,4.0,4.0,4.0,,,4,4.0,4.0,4.0,2,4.0,1.0,4.0,0.0,4.0,,4.0,4.0,4.0,,,3,4.0,4,3,,4.0,3,4,3,4,4.0,4.0,4.0,2,4.0,4,4.0,3.0,4.0,4.0,,4.0,4.0,4.0,4.0,4.0,,4.0,,,3,4.0,4.0,,3,4,,4.0,4,3,4.0,,,1.0,,,,4.0,4,4.0,4.0,4.0,,,,4,4.0,4.0,4.0,4,4.0,,4.0,3,4.0,,,4,4.0,4.0,,,,4.0,4,4.0,4.0,,3,,4.0,4.0,4.0,4.0,4.0,4.0,,4.0,4.0,,4.0,4.0,4.0,,,,4.0,0.0,,,4.0,4.0,4.0,3,4.0,4,0,3,4,4.0,4.0,,4.0,,,3,,4.0,4,,4.0,4.0,,4.0,1.0,,4.0,,,3.0,1.0,4.0,4.0,4.0,1.0,4.0,4.0,,4.0,4.0,4,4.0,4.0,,3,,4.0,4.0,4.0,4.0,4.0,,,4.0,,,4.0,4.0,4.0,4,4.0,4.0,,4.0,4.0,4.0,4.0,4.0,4.0,,4.0,3,0.0,1,,3,3,,4.0,3,4,4.0,3,4.0,,4,4.0,4.0,3,4.0,4.0,4,4.0,0.0,,3,0.0,,,,,,4.0,4.0,,,,,,2.0,,4.0,,,4.0,4.0,4.0,,,103,9,1.5663561258569167,-0.42107618160009125
4.0,3,5.0,4,4,5.0,5.0,5.0,4,1.0,4,2.0,1.0,3,5.0,4.0,4.0,0.0,5.0,5.0,3,5.0,3,5.0,4.0,5,4,1,5,5.0,5,4,5.0,5.0,4,4,5.0,5.0,5,5.0,5.0,5.0,5.0,5.0,0.0,5.0,5,5.0,5,5.0,,0.0,4,,5.0,5,5.0,5,5.0,4,4,4,0.0,5.0,,5.0,,5.0,4,,3,4,5.0,5.0,4.0,4,4.0,5.0,5.0,5.0,3,4,4,5.0,5.0,5,5,3,5.0,5.0,5.0,3,,5.0,,4,4,5.0,5,5.0,5,5.0,4,5.0,4,4,,,5,5.0,5,5.0,5.0,4,,4,5,0.0,5.0,5.0,,5.0,5.0,4,4,5.0,5,5.0,5.0,5.0,5.0,4,,5.0,5.0,4.0,5.0,,4,5.0,5.0,4,5.0,5,5.0,5.0,5.0,,5.0,,,,5,,5.0,5.0,5.0,5.0,5.0,4,5.0,5.0,5.0,5.0,5.0,5.0,,,5,5.0,5.0,,4,5.0,5.0,,5.0,5.0,,5.0,1.0,5.0,,5.0,4,3.0,5,4,5.0,5.0,4,4,5,5,2.0,4.0,5.0,4,5.0,4,5.0,5.0,5.0,5.0,,5.0,5.0,4.0,5.0,5.0,5.0,5.0,5.0,,5,5.0,5.0,5.0,3,1,5.0,5.0,4,4,5.0,,5.0,5.0,5.0,,,4.0,5,5.0,5.0,5.0,5.0,,3.0,4,5.0,5.0,4.0,4,5.0,5.0,5.0,4,5.0,5.0,,4,0.0,4.0,,5.0,,5.0,4,1.0,5.0,,4,,5.0,3.0,5.0,5.0,5.0,5.0,0.0,4.0,5.0,5.0,4.0,5.0,2.0,5.0,5.0,,5.0,4.0,5.0,,0.0,5.0,3.0,5,5.0,4,5,4,4,5.0,5.0,5.0,5.0,,,4,5.0,5.0,5,,5.0,5.0,5.0,5.0,5.0,,5.0,,,0.0,,5.0,5.0,5.0,5.0,5.0,5.0,5.0,5.0,4.0,5,5.0,3.0,5.0,4,,5.0,4.0,5.0,5.0,5.0,,,5.0,5.0,,5.0,5.0,5.0,5,5.0,5.0,,5.0,5.0,5.0,5.0,5.0,5.0,5.0,5.0,5,5.0,5,,0,4,,5.0,4,4,5.0,5,5.0,,4,5.0,4.0,4,5.0,5.0,5,5.0,5.0,,5,5.0,5.0,,5.0,,5.0,5.0,5.0,5.0,,,,,5.0,,5.0,,,4.0,5.0,5.0,5.0,,104,9,1.57338287451444,-0.5212103342241162
4.0,4,4.0,4,4,4.0,5.0,4.0,5,4.0,4,4.0,4.0,4,5.0,5.0,4.0,5.0,5.0,3.0,2,4.0,4,5.0,4.0,3,4,4,3,4.0,4,1,4.0,2.0,4,4,5.0,5.0,1,5.0,1.0,5.0,5.0,5.0,,5.0,4,5.0,4,1.0,5.0,4.0,4,,5.0,5,4.0,4,4.0,3,4,0,5.0,5.0,,4.0,,4.0,4,,4,2,5.0,5.0,5.0,4,5.0,1.0,4.0,4.0,3,4,4,4.0,4.0,4,4,3,5.0,4.0,0.0,3,5.0,5.0,,4,3,5.0,4,4.0,4,2.0,4,4.0,3,4,5.0,5.0,4,5.0,4,5.0,5.0,4,5.0,4,4,4.0,4.0,5.0,5.0,5.0,5.0,4,4,4.0,4,5.0,5.0,5.0,5.0,4,5.0,5.0,5.0,4.0,5.0,5.0,4,4.0,5.0,4,5.0,4,5.0,5.0,5.0,,5.0,5.0,5.0,5.0,4,,4.0,5.0,5.0,5.0,5.0,3,5.0,5.0,5.0,4.0,5.0,5.0,,,3,4.0,5.0,5.0,3,5.0,5.0,0.0,5.0,4.0,5.0,5.0,4.0,4.0,5.0,5.0,4,5.0,4,2,5.0,5.0,3,4,4,0,5.0,4.0,4.0,3,5.0,4,5.0,4.0,4.0,4.0,5.0,4.0,5.0,4.0,0.0,5.0,5.0,4.0,5.0,,3,4.0,4.0,5.0,3,4,5.0,5.0,4,3,5.0,5.0,5.0,5.0,5.0,,,5.0,5,4.0,0.0,5.0,5.0,,5.0,4,4.0,4.0,4.0,4,4.0,5.0,5.0,3,5.0,4.0,,4,4.0,2.0,5.0,5.0,5.0,5.0,4,4.0,2.0,4.0,4,,5.0,4.0,5.0,5.0,5.0,1.0,5.0,4.0,5.0,5.0,4.0,4.0,4.0,4.0,5.0,,5.0,5.0,5.0,,5.0,5.0,4.0,4,4.0,4,4,4,4,5.0,5.0,5.0,5.0,,,4,5.0,4.0,4,5.0,5.0,5.0,5.0,4.0,4.0,5.0,5.0,5.0,5.0,4.0,,4.0,4.0,5.0,5.0,5.0,0.0,5.0,5.0,4.0,4,5.0,4.0,5.0,4,,5.0,4.0,5.0,5.0,4.0,,5.0,5.0,5.0,5.0,0.0,4.0,5.0,4,5.0,5.0,5.0,5.0,5.0,5.0,4.0,5.0,5.0,5.0,5.0,2,4.0,4,,2,4,,4.0,4,4,4.0,4,5.0,5.0,4,4.0,4.0,4,5.0,4.0,4,5.0,5.0,,4,4.0,5.0,5.0,5.0,,5.0,1.0,5.0,0.0,5.0,,5.0,,4.0,,3.0,0.0,,5.0,4.0,5.0,5.0,5.0,105,9,1.5598164536217634,-0.6313153566002714
5.0,5,6.0,4,5,5.0,5.0,6.0,5,5.0,5,5.0,5.0,5,3.0,6.0,5.0,6.0,6.0,6.0,4,6.0,5,6.0,5.0,5,4,5,5,5.0,5,5,5.0,6.0,5,5,6.0,1.0,6,6.0,6.0,5.0,0.0,6.0,,4.0,5,6.0,5,6.0,6.0,2.0,2,,5.0,4,0.0,5,5.0,5,4,5,1.0,6.0,,5.0,,0.0,4,,3,4,6.0,5.0,6.0,4,6.0,5.0,6.0,6.0,4,5,3,5.0,6.0,5,5,0,5.0,5.0,6.0,5,6.0,5.0,,5,5,6.0,5,6.0,6,6.0,5,6.0,5,5,6.0,6.0,5,6.0,5,5.0,6.0,5,3.0,4,5,5.0,5.0,6.0,6.0,1.0,5.0,5,4,6.0,5,5.0,6.0,6.0,6.0,5,6.0,6.0,6.0,5.0,6.0,,4,6.0,5.0,5,6.0,5,5.0,6.0,5.0,,3.0,6.0,6.0,,5,,5.0,4.0,6.0,6.0,6.0,5,6.0,6.0,6.0,5.0,6.0,6.0,4.0,,5,3.0,4.0,6.0,5,6.0,4.0,6.0,6.0,6.0,6.0,6.0,5.0,6.0,4.0,5.0,5,6.0,5,5,6.0,6.0,5,5,5,4,5.0,4.0,6.0,0,5.0,5,6.0,5.0,5.0,6.0,6.0,5.0,6.0,6.0,5.0,5.0,2.0,5.0,6.0,,5,5.0,6.0,6.0,5,5,0.0,6.0,5,5,6.0,,6.0,3.0,6.0,,,6.0,5,6.0,5.0,5.0,6.0,5.0,6.0,5,6.0,6.0,5.0,5,6.0,4.0,6.0,5,6.0,6.0,6.0,6,6.0,6.0,6.0,6.0,6.0,0.0,5,5.0,6.0,6.0,5,,6.0,5.0,6.0,6.0,6.0,6.0,6.0,6.0,6.0,5.0,5.0,0.0,5.0,6.0,6.0,,6.0,6.0,6.0,2.0,5.0,6.0,6.0,5,6.0,5,2,4,5,6.0,6.0,6.0,6.0,,6.0,5,5.0,6.0,5,,6.0,5.0,6.0,6.0,5.0,6.0,6.0,6.0,6.0,6.0,0.0,6.0,4.0,6.0,6.0,6.0,6.0,6.0,6.0,5.0,5,6.0,6.0,6.0,5,,4.0,4.0,0.0,4.0,6.0,,6.0,6.0,6.0,6.0,5.0,6.0,6.0,5,5.0,5.0,6.0,6.0,6.0,5.0,6.0,6.0,6.0,6.0,6.0,5,6.0,5,,5,5,,6.0,5,5,6.0,5,6.0,2.0,5,6.0,6.0,5,5.0,6.0,5,6.0,6.0,,5,5.0,6.0,6.0,6.0,,6.0,6.0,6.0,6.0,6.0,,,,6.0,,6.0,,,5.0,5.0,6.0,6.0,6.0,106,9,1.697591145833333,-0.5366603327290272
3.0,4,1.0,3,4,4.0,4.0,4.0,2,3.0,3,3.0,2.0,2,4.0,4.0,3.0,3.0,4.0,4.0,2,0.0,3,4.0,4.0,4,2,0,3,4.0,3,1,4.0,4.0,3,3,4.0,4.0,3,4.0,4.0,4.0,3.0,4.0,,4.0,3,4.0,4,4.0,,4.0,4,,4.0,4,4.0,4,2.0,3,0,4,,4.0,,4.0,,4.0,3,,1,2,4.0,4.0,4.0,4,3.0,4.0,4.0,4.0,3,0,0,3.0,4.0,4,4,2,4.0,4.0,4.0,3,,4.0,,3,3,4.0,4,4.0,4,4.0,4,4.0,3,4,4.0,,4,4.0,4,4.0,4.0,4,,3,4,4.0,4.0,,,4.0,,4,4,3.0,3,4.0,4.0,4.0,,4,3.0,4.0,4.0,3.0,4.0,,4,,4.0,3,4.0,3,4.0,2.0,4.0,,4.0,4.0,,,4,,4.0,,,4.0,,4,4.0,,4.0,4.0,4.0,4.0,,,3,4.0,2.0,,3,4.0,4.0,4.0,4.0,4.0,,4.0,1.0,4.0,,4.0,3,4.0,3,4,4.0,0.0,3,4,3,4,3.0,4.0,4.0,2,4.0,1,,4.0,3.0,4.0,,0.0,4.0,4.0,4.0,4.0,4.0,4.0,4.0,,3,4.0,4.0,4.0,3,4,4.0,4.0,3,4,4.0,,,4.0,,,0.0,0.0,4,4.0,4.0,4.0,4.0,,,3,4.0,4.0,4.0,3,4.0,,4.0,3,4.0,4.0,3.0,4,4.0,4.0,,4.0,,4.0,4,4.0,4.0,,3,,4.0,4.0,4.0,4.0,4.0,4.0,,4.0,4.0,4.0,1.0,4.0,3.0,4.0,4.0,,4.0,4.0,4.0,,4.0,4.0,4.0,3,4.0,3,4,3,3,4.0,4.0,4.0,4.0,0.0,,4,,4.0,4,,4.0,3.0,,4.0,3.0,,4.0,,,4.0,,4.0,4.0,,4.0,4.0,4.0,,4.0,3.0,4,4.0,4.0,,4,,4.0,3.0,4.0,4.0,3.0,,,,,,3.0,4.0,4.0,4,4.0,4.0,,4.0,4.0,4.0,4.0,4.0,4.0,4.0,4.0,3,4.0,2,,4,4,,4.0,4,4,2.0,3,4.0,,4,4.0,4.0,4,4.0,4.0,3,4.0,4.0,,4,4.0,,,3.0,,,4.0,4.0,,4.0,,,,4.0,,4.0,,,4.0,4.0,4.0,4.0,,107,9,1.5438236801640184,-0.4522739370613676
4.0,3,4.0,3,2,4.0,4.0,4.0,4,4.0,4,4.0,4.0,4,4.0,4.0,4.0,,,4.0,1,4.0,3,4.0,4.0,4,0,4,4,4.0,4,3,4.0,3.0,3,2,4.0,4.0,4,4.0,4.0,4.0,4.0,4.0,3.0,4.0,2,4.0,4,4.0,,4.0,3,,4.0,3,4.0,4,3.0,3,4,3,,4.0,,4.0,,4.0,0,,3,3,,4.0,4.0,3,4.0,,4.0,4.0,3,4,3,4.0,0.0,3,4,3,3.0,4.0,4.0,3,3.0,3.0,,3,3,4.0,4,4.0,3,3.0,4,4.0,2,3,,0.0,4,4.0,0,4.0,4.0,3,,2,4,4.0,4.0,4.0,,4.0,4.0,4,4,4.0,2,4.0,4.0,4.0,,3,4.0,,,4.0,4.0,,4,4.0,4.0,3,4.0,4,4.0,4.0,4.0,,4.0,,,,4,,4.0,4.0,,4.0,0.0,3,4.0,4.0,1.0,4.0,4.0,4.0,,,4,2.0,4.0,,0,4.0,4.0,3.0,4.0,4.0,,4.0,4.0,4.0,,4.0,2,4.0,4,4,4.0,4.0,3,2,3,3,4.0,3.0,4.0,0,4.0,3,,4.0,3.0,3.0,,4.0,4.0,4.0,3.0,4.0,4.0,4.0,,,3,4.0,4.0,4.0,4,4,4.0,4.0,3,3,4.0,,,4.0,,,,,4,,4.0,4.0,,,,4,4.0,4.0,4.0,4,4.0,4.0,4.0,3,4.0,4.0,,4,4.0,4.0,,,4.0,2.0,4,4.0,4.0,4.0,4,,4.0,4.0,4.0,,4.0,4.0,,4.0,4.0,4.0,4.0,1.0,4.0,,,,4.0,4.0,4.0,,4.0,4.0,4.0,3,4.0,4,4,3,4,4.0,0.0,4.0,4.0,,,4,1.0,4.0,4,,,4.0,,4.0,4.0,1.0,4.0,,,4.0,,4.0,4.0,,,4.0,4.0,,4.0,4.0,4,4.0,4.0,,4,,4.0,4.0,4.0,4.0,4.0,,,4.0,,,4.0,,4.0,4,3.0,4.0,4.0,4.0,4.0,4.0,4.0,4.0,4.0,,4.0,4,4.0,3,,4,4,,4.0,4,4,4.0,4,0.0,,4,4.0,4.0,4,4.0,2.0,3,4.0,,,3,1.0,,,,,,4.0,4.0,,,,,,4.0,,4.0,,,4.0,4.0,4.0,4.0,,108,9,1.5842859735075303,-0.3563621655435913
5.0,0,5.0,4,5,5.0,5.0,5.0,4,5.0,4,5.0,4.0,4,5.0,5.0,4.0,5.0,2.0,5.0,1,5.0,5,5.0,5.0,0,4,5,5,5.0,5,4,5.0,,1,4,,,4,5.0,5.0,5.0,5.0,2.0,,5.0,5,5.0,5,,,5.0,2,,5.0,5,5.0,5,5.0,4,5,5,,5.0,,5.0,,5.0,4,,0,3,5.0,5.0,5.0,5,5.0,5.0,5.0,0.0,5,5,5,5.0,5.0,5,4,4,5.0,5.0,,3,,5.0,,4,3,5.0,5,5.0,5,5.0,4,5.0,4,4,,,5,,5,5.0,5.0,4,,5,5,5.0,5.0,,,,,5,5,5.0,5,5.0,,5.0,0.0,4,,5.0,5.0,4.0,,,5,5.0,5.0,4,0.0,5,5.0,5.0,5.0,,5.0,,,,4,,5.0,5.0,,5.0,5.0,4,5.0,5.0,5.0,5.0,5.0,,,,5,5.0,1.0,,4,5.0,,4.0,5.0,5.0,,5.0,5.0,5.0,,,5,5.0,5,5,,,4,5,5,5,5.0,5.0,3.0,3,5.0,5,,5.0,5.0,5.0,,5.0,5.0,5.0,4.0,4.0,5.0,5.0,,,4,5.0,5.0,,4,5,5.0,4.0,4,4,5.0,4.0,,5.0,,,,5.0,5,5.0,5.0,5.0,2.0,,,5,5.0,5.0,5.0,5,5.0,,5.0,5,5.0,5.0,,5,5.0,0.0,,2.0,,5.0,5,5.0,3.0,,4,,5.0,5.0,5.0,,5.0,5.0,,5.0,5.0,5.0,1.0,5.0,4.0,,3.0,,5.0,5.0,5.0,,5.0,5.0,5.0,4,5.0,5,5,4,4,,5.0,5.0,5.0,,,5,,5.0,5,,5.0,5.0,,5.0,5.0,,5.0,,,5.0,,0.0,5.0,3.0,,,5.0,,5.0,4.0,5,,5.0,5.0,5,,5.0,4.0,5.0,5.0,4.0,,,,,,5.0,5.0,5.0,5,5.0,5.0,,4.0,0.0,5.0,5.0,5.0,5.0,,,0,5.0,5,,4,4,,5.0,5,5,5.0,5,,3.0,4,5.0,5.0,5,5.0,5.0,5,5.0,5.0,,5,5.0,,,,,,,5.0,,,,,,5.0,,,,,5.0,5.0,5.0,,,109,9,1.7729681978798586,-0.29429378497177283
6.0,5,6.0,5,5,5.0,6.0,6.0,6,5.0,5,5.0,5.0,5,6.0,5.0,5.0,0.0,6.0,6.0,3,6.0,6,6.0,6.0,6,6,5,5,6.0,6,5,6.0,6.0,5,5,6.0,6.0,5,6.0,6.0,6.0,6.0,6.0,3.0,6.0,5,6.0,5,6.0,6.0,6.0,5,,6.0,5,6.0,6,5.0,4,5,5,6.0,6.0,,2.0,,4.0,6,,5,5,4.0,6.0,6.0,5,6.0,6.0,6.0,6.0,4,5,5,6.0,5.0,5,6,4,5.0,6.0,6.0,4,,6.0,,4,5,6.0,5,6.0,5,6.0,5,6.0,4,0,6.0,6.0,6,6.0,5,6.0,6.0,5,6.0,5,2,5.0,6.0,6.0,,0.0,6.0,5,5,6.0,3,6.0,6.0,6.0,,5,6.0,2.0,0.0,5.0,6.0,,5,6.0,3.0,4,6.0,1,6.0,6.0,6.0,,6.0,,,,2,,4.0,6.0,6.0,6.0,0.0,5,6.0,6.0,6.0,6.0,6.0,6.0,,,5,6.0,6.0,,5,4.0,6.0,6.0,6.0,6.0,,6.0,5.0,6.0,,6.0,6,6.0,6,6,6.0,6.0,5,6,5,6,5.0,6.0,5.0,3,6.0,5,3.0,6.0,5.0,6.0,6.0,5.0,6.0,4.0,6.0,6.0,6.0,6.0,,,6,6.0,6.0,6.0,5,6,6.0,6.0,6,5,6.0,,2.0,6.0,6.0,,,6.0,6,6.0,6.0,6.0,6.0,,,5,5.0,6.0,6.0,5,6.0,6.0,6.0,5,6.0,6.0,,5,5.0,5.0,,6.0,,6.0,6,6.0,6.0,,5,,5.0,6.0,6.0,6.0,6.0,6.0,6.0,6.0,6.0,6.0,6.0,6.0,6.0,6.0,6.0,,6.0,6.0,6.0,,6.0,6.0,6.0,5,4.0,6,4,5,6,6.0,6.0,6.0,6.0,,,5,6.0,6.0,5,,6.0,6.0,6.0,6.0,6.0,0.0,6.0,,,5.0,0.0,6.0,6.0,6.0,6.0,6.0,6.0,,6.0,6.0,6,6.0,6.0,0.0,5,,6.0,6.0,6.0,6.0,5.0,0.0,6.0,6.0,6.0,,6.0,5.0,6.0,5,6.0,4.0,,6.0,6.0,6.0,5.0,6.0,6.0,6.0,4.0,5,6.0,0,,6,6,,5.0,5,5,6.0,5,5.0,,5,6.0,5.0,6,4.0,6.0,5,6.0,,,5,6.0,6.0,6.0,,,,5.0,6.0,6.0,6.0,,,,6.0,,6.0,,,6.0,1.0,6.0,6.0,,110,9,1.5989805984873393,-0.3786813755526301
4.0,3,4.0,3,3,4.0,4.0,,4,2.0,4,4.0,2.0,3,4.0,4.0,4.0,4.0,4.0,3.0,3,4.0,4,4.0,4.0,4,3,2,3,4.0,4,3,4.0,,4,4,4.0,,4,4.0,4.0,4.0,4.0,4.0,,4.0,4,4.0,4,1.0,,4.0,4,,4.0,4,4.0,4,4.0,3,3,4,,4.0,,4.0,,4.0,4,,4,3,,,4.0,4,4.0,3.0,2.0,4.0,4,3,3,4.0,4.0,4,2,3,4.0,4.0,,3,,4.0,,4,3,4.0,4,4.0,4,4.0,4,4.0,3,4,,,4,4.0,4,4.0,4.0,3,,3,4,4.0,4.0,,3.0,,4.0,4,3,4.0,4,4.0,,4.0,4.0,3,,,4.0,4.0,,,4,2.0,4.0,3,4.0,4,4.0,4.0,0.0,,4.0,,,,3,,0.0,4.0,4.0,4.0,,4,,4.0,4.0,4.0,0.0,,,,1,4.0,4.0,,2,,,,0.0,4.0,,4.0,4.0,4.0,,1.0,3,4.0,4,3,,4.0,3,4,4,4,4.0,4.0,2.0,2,4.0,3,,0.0,4.0,4.0,,4.0,4.0,1.0,4.0,,,4.0,,,4,4.0,4.0,,4,4,4.0,2.0,4,3,,4.0,,4.0,,,,4.0,4,4.0,4.0,4.0,,,,4,4.0,4.0,4.0,4,4.0,4.0,,3,,,,4,4.0,0.0,,4.0,,1.0,4,4.0,4.0,,1,,4.0,4.0,4.0,4.0,4.0,4.0,,4.0,2.0,,4.0,4.0,4.0,,,,,4.0,4.0,,4.0,4.0,2.0,4,4.0,4,4,4,4,4.0,4.0,,4.0,,,4,,4.0,4,,4.0,4.0,,4.0,4.0,,4.0,,,3.0,,4.0,4.0,,0.0,,4.0,,4.0,4.0,4,,4.0,,4,,,4.0,4.0,4.0,4.0,,2.0,3.0,,,4.0,,,3,4.0,3.0,,,3.0,4.0,4.0,4.0,4.0,4.0,4.0,3,4.0,2,,3,4,,4.0,0,4,4.0,4,,,4,4.0,4.0,4,4.0,4.0,4,4.0,,,3,0.0,4.0,,4.0,,,4.0,,4.0,4.0,,,,4.0,,0.0,,,4.0,4.0,4.0,,,111,9,1.5127884099445537,-0.24949417850677683
4.0,4,4.0,4,4,5.0,5.0,5.0,4,4.0,5,5.0,4.0,4,5.0,5.0,5.0,5.0,5.0,3.0,4,5.0,4,5.0,5.0,4,3,4,5,4.0,4,4,5.0,5.0,4,3,1.0,5.0,1,4.0,5.0,5.0,4.0,5.0,,4.0,4,5.0,5,5.0,,2.0,4,,4.0,4,5.0,4,5.0,4,4,4,5.0,5.0,,5.0,,2.0,4,,4,3,5.0,5.0,4.0,4,2.0,5.0,5.0,5.0,4,4,4,5.0,5.0,4,0,4,5.0,5.0,5.0,3,,5.0,,4,4,5.0,4,5.0,5,5.0,4,5.0,1,5,,5.0,4,5.0,0,5.0,5.0,3,,4,4,5.0,5.0,5.0,5.0,5.0,5.0,4,4,4.0,5,5.0,5.0,5.0,3.0,4,,2.0,5.0,4.0,5.0,,5,5.0,5.0,4,5.0,4,5.0,4.0,2.0,5.0,5.0,0.0,5.0,5.0,5,,5.0,5.0,5.0,5.0,5.0,3,5.0,5.0,5.0,4.0,5.0,5.0,,,4,4.0,5.0,1.0,4,5.0,3.0,5.0,2.0,5.0,2.0,5.0,5.0,0.0,,1.0,4,5.0,4,5,5.0,5.0,4,4,3,4,5.0,4.0,5.0,3,5.0,3,5.0,0.0,4.0,5.0,,4.0,5.0,4.0,5.0,5.0,5.0,2.0,5.0,5.0,4,0.0,4.0,4.0,4,5,5.0,5.0,5,4,5.0,,,5.0,5.0,,,5.0,4,5.0,5.0,5.0,5.0,,,5,5.0,5.0,4.0,4,5.0,5.0,5.0,3,5.0,5.0,,4,5.0,5.0,,5.0,5.0,5.0,4,4.0,0.0,5.0,5,,5.0,5.0,4.0,0.0,5.0,5.0,5.0,5.0,5.0,5.0,5.0,5.0,4.0,5.0,5.0,,5.0,5.0,5.0,,5.0,5.0,4.0,4,5.0,4,5,4,4,5.0,5.0,5.0,5.0,,,2,5.0,5.0,4,,5.0,4.0,5.0,5.0,1.0,,5.0,5.0,,4.0,,5.0,5.0,5.0,5.0,5.0,5.0,4.0,3.0,4.0,5,5.0,5.0,5.0,5,,5.0,5.0,5.0,5.0,4.0,,,5.0,5.0,,5.0,5.0,5.0,5,5.0,5.0,5.0,5.0,5.0,5.0,5.0,5.0,5.0,5.0,5.0,4,5.0,4,,5,4,,0.0,4,4,5.0,5,5.0,,4,5.0,5.0,5,5.0,5.0,4,5.0,5.0,,5,4.0,5.0,,5.0,,5.0,5.0,4.0,1.0,5.0,,,,5.0,,5.0,,,5.0,5.0,5.0,0.0,,112,9,1.6076547231270357,-0.5168982483746031
0.0,5,5.0,5,5,6.0,6.0,5.0,4,1.0,3,5.0,5.0,5,5.0,6.0,5.0,6.0,6.0,6.0,4,6.0,6,6.0,6.0,5,4,5,5,0.0,5,5,4.0,6.0,0,1,6.0,6.0,5,6.0,6.0,6.0,4.0,6.0,,5.0,6,6.0,5,6.0,6.0,5.0,6,,6.0,5,6.0,6,4.0,5,6,5,6.0,6.0,,6.0,,4.0,5,,5,4,6.0,6.0,6.0,5,5.0,6.0,6.0,6.0,5,5,5,6.0,6.0,5,6,5,6.0,6.0,5.0,4,,3.0,,5,4,5.0,6,5.0,6,6.0,5,2.0,5,6,,6.0,5,5.0,5,1.0,6.0,6,,6,6,6.0,5.0,6.0,6.0,6.0,6.0,5,6,6.0,5,6.0,6.0,0.0,6.0,5,,6.0,6.0,5.0,6.0,1.0,5,6.0,6.0,5,6.0,6,6.0,6.0,6.0,,6.0,6.0,,,6,,6.0,6.0,,6.0,6.0,6,5.0,6.0,6.0,6.0,6.0,6.0,,,5,5.0,6.0,6.0,5,6.0,6.0,6.0,6.0,6.0,6.0,6.0,6.0,6.0,,6.0,4,5.0,6,6,6.0,6.0,4,5,6,5,6.0,5.0,6.0,5,6.0,5,6.0,6.0,5.0,6.0,,5.0,6.0,6.0,6.0,6.0,6.0,5.0,6.0,,5,5.0,6.0,6.0,5,3,6.0,6.0,5,5,6.0,,,6.0,,,,5.0,6,6.0,6.0,6.0,6.0,,6.0,5,6.0,6.0,6.0,5,5.0,6.0,4.0,3,6.0,6.0,,5,5.0,6.0,6.0,6.0,6.0,6.0,5,6.0,6.0,6.0,5,,6.0,6.0,6.0,6.0,6.0,5.0,6.0,6.0,4.0,6.0,5.0,6.0,6.0,6.0,6.0,,6.0,5.0,6.0,,6.0,6.0,5.0,5,6.0,5,6,5,5,6.0,6.0,6.0,6.0,,,5,6.0,6.0,5,,6.0,4.0,,6.0,5.0,,6.0,,0.0,6.0,,6.0,6.0,6.0,6.0,0.0,6.0,,6.0,6.0,5,6.0,6.0,6.0,6,,6.0,6.0,6.0,6.0,5.0,,,6.0,6.0,0.0,5.0,6.0,6.0,6,5.0,6.0,6.0,0.0,6.0,6.0,6.0,6.0,6.0,6.0,6.0,5,6.0,6,,6,6,,6.0,6,2,6.0,4,6.0,,6,6.0,6.0,5,6.0,4.0,6,6.0,6.0,,5,5.0,6.0,6.0,6.0,,6.0,6.0,6.0,6.0,6.0,,,,6.0,,6.0,,,6.0,6.0,0.0,6.0,0.0,113,9,1.6655689115758272,-0.4865850647410498
5.0,5,6.0,5,5,5.0,5.0,0.0,5,5.0,5,5.0,6.0,2,6.0,6.0,5.0,6.0,,6.0,2,6.0,6,6.0,6.0,6,5,6,6,6.0,6,4,6.0,6.0,5,5,6.0,6.0,6,6.0,6.0,6.0,6.0,6.0,,6.0,6,6.0,6,6.0,,6.0,5,,6.0,6,6.0,6,6.0,4,6,6,,6.0,,0.0,,6.0,5,,5,5,6.0,6.0,6.0,6,6.0,6.0,0.0,6.0,4,6,5,4.0,6.0,6,6,5,5.0,6.0,6.0,3,,6.0,,4,5,5.0,6,6.0,5,6.0,6,6.0,5,6,,,6,6.0,6,0.0,6.0,6,0.0,5,0,6.0,5.0,4.0,,5.0,3.0,5,5,6.0,6,6.0,6.0,6.0,,5,,6.0,6.0,5.0,6.0,,6,6.0,6.0,5,6.0,6,6.0,6.0,6.0,,6.0,5.0,,,3,,6.0,6.0,,6.0,6.0,5,6.0,6.0,0.0,6.0,6.0,6.0,,,5,6.0,1.0,6.0,5,2.0,6.0,6.0,6.0,6.0,,6.0,6.0,6.0,,6.0,5,6.0,6,6,,6.0,5,6,6,5,2.0,6.0,6.0,4,6.0,5,,6.0,5.0,6.0,,6.0,6.0,6.0,5.0,6.0,6.0,6.0,0.0,,5,5.0,6.0,4.0,5,1,6.0,6.0,5,5,6.0,,,6.0,,,,3.0,6,6.0,6.0,6.0,,,,5,6.0,6.0,6.0,5,6.0,,6.0,6,6.0,,,6,6.0,6.0,,6.0,,6.0,6,6.0,4.0,6.0,5,,6.0,6.0,6.0,,6.0,6.0,,6.0,6.0,6.0,6.0,6.0,6.0,,6.0,,0.0,0.0,6.0,,6.0,5.0,6.0,4,6.0,6,6,5,6,6.0,6.0,6.0,6.0,,,6,,6.0,6,,4.0,6.0,6.0,6.0,6.0,,6.0,,,6.0,,6.0,6.0,6.0,6.0,6.0,5.0,6.0,6.0,4.0,6,6.0,6.0,6.0,6,3.0,6.0,5.0,6.0,6.0,6.0,,,6.0,6.0,,6.0,6.0,6.0,6,5.0,6.0,6.0,6.0,6.0,5.0,6.0,6.0,6.0,1.0,,5,6.0,5,,6,5,5.0,6.0,6,6,6.0,5,,,5,2.0,6.0,6,6.0,5.0,6,6.0,,,6,6.0,,,6.0,,6.0,6.0,6.0,6.0,,,,,6.0,,,,,5.0,6.0,6.0,5.0,,114,9,1.7182112988564597,-0.2997129205584746
5.0,5,5.0,4,5,1.0,5.0,,5,5.0,5,5.0,5.0,5,,,5.0,,,5.0,4,0.0,5,,5.0,5,5,5,5,5.0,5,4,5.0,,5,5,,5.0,5,,5.0,5.0,,,,5.0,5,,5,,,5.0,4,,5.0,5,4.0,5,,5,4,4,3.0,,,5.0,,3.0,5,,5,4,,,4.0,4,5.0,,5.0,,2,4,5,5.0,5.0,4,0,3,5.0,5.0,,5,,5.0,3.0,4,5,5.0,5,5.0,5,5.0,4,0.0,5,5,,,5,,5,,,4,2.0,5,5,5.0,5.0,5.0,,5.0,5.0,0,4,5.0,5,5.0,,5.0,,5,,,,5.0,,,5,,0.0,5,,5,5.0,5.0,5.0,,5.0,,,,5,,5.0,,,,,5,,5.0,4.0,5.0,,5.0,,,4,5.0,3.0,,3,,5.0,,,,,,5.0,5.0,,5.0,4,5.0,5,5,,,4,5,5,5,,5.0,5.0,3,,4,5.0,5.0,5.0,5.0,,5.0,5.0,4.0,5.0,,2.0,,3.0,,5,5.0,,,3,5,,5.0,5,0,5.0,,,5.0,,,,2.0,5,5.0,3.0,4.0,5.0,,,5,5.0,5.0,5.0,4,5.0,,,5,,,,5,5.0,5.0,,4.0,,5.0,4,5.0,,,4,,5.0,5.0,5.0,,5.0,5.0,,4.0,3.0,5.0,5.0,5.0,5.0,,,,,,,0.0,5.0,,5.0,5,,5,5,0,5,,,,5.0,3.0,,5,0.0,,5,,,5.0,,5.0,5.0,,,,,5.0,,5.0,5.0,,,,0.0,,5.0,,5,,5.0,,5,,,5.0,5.0,5.0,5.0,,,,,,5.0,5.0,,1,5.0,5.0,,,,2.0,5.0,5.0,,,,5,5.0,5,,4,4,,4.0,5,5,5.0,5,,,5,5.0,4.0,5,,2.0,5,5.0,,,5,5.0,,,,,,,,5.0,,,,,5.0,,,,,4.0,5.0,,,,115,9,1.6897021276595745,-0.061916637422583846
4.0,3,4.0,3,2,0.0,4.0,4.0,4,4.0,3,4.0,4.0,4,,2.0,4.0,,3.0,4.0,3,,4,4.0,4.0,4,4,4,4,4.0,4,3,4.0,,4,4,4.0,4.0,4,,4.0,4.0,3.0,,,4.0,4,4.0,4,4.0,,4.0,4,,4.0,3,4.0,3,4.0,4,4,4,,4.0,,,,4.0,4,,2,2,,,4.0,0,4.0,,4.0,4.0,2,4,4,4.0,4.0,4,4,3,4.0,4.0,,3,,4.0,,3,3,,4,4.0,4,4.0,3,4.0,3,4,,,4,,3,0.0,4.0,4,,3,3,4.0,4.0,,,4.0,4.0,4,3,4.0,3,4.0,,4.0,,4,,,,4.0,,4.0,4,4.0,4.0,3,4.0,4,0.0,,4.0,,4.0,,,,4,,4.0,0.0,,,,1,4.0,4.0,,1.0,,0.0,,,4,4.0,4.0,,3,4.0,,2.0,,4.0,,,4.0,4.0,,4.0,3,4.0,4,4,,,3,4,3,4,4.0,4.0,4.0,3,4.0,4,,2.0,4.0,0.0,,4.0,4.0,4.0,4.0,4.0,,4.0,,,4,,4.0,,3,0,,,4,3,,,4.0,4.0,,,,3.0,1,4.0,4.0,4.0,,,,4,1.0,4.0,4.0,4,0.0,,4.0,4,4.0,,,4,4.0,4.0,,4.0,,4.0,4,4.0,4.0,,4,,,4.0,4.0,,4.0,4.0,,4.0,,4.0,4.0,4.0,4.0,,,,,4.0,4.0,,3.0,4.0,4.0,3,4.0,4,4,3,4,4.0,4.0,,4.0,,1.0,4,4.0,,4,,,4.0,,4.0,4.0,,4.0,,,4.0,,4.0,4.0,,,,4.0,,,4.0,4,,4.0,4.0,4,,4.0,4.0,0.0,4.0,4.0,,,,,,4.0,4.0,,4,4.0,4.0,,4.0,4.0,4.0,4.0,4.0,,,,3,4.0,4,,4,4,,4.0,3,4,,4,,,4,4.0,4.0,2,4.0,4.0,4,4.0,,,1,4.0,,,,,,,4.0,,,,,,4.0,,,,,4.0,4.0,,,,116,9,1.5158244448330127,-0.2625429918089066
4.0,0,5.0,4,4,5.0,5.0,5.0,5,0.0,4,5.0,5.0,5,5.0,5.0,5.0,,,5.0,4,,4,5.0,5.0,5,3,3,5,4.0,5,5,5.0,,4,5,,,5,5.0,5.0,5.0,5.0,5.0,0.0,5.0,5,5.0,5,5.0,,5.0,5,,5.0,5,5.0,5,5.0,4,4,5,,,,5.0,,,5,,5,4,,5.0,5.0,5,5.0,,5.0,,3,5,3,5.0,5.0,5,5,4,4.0,5.0,,4,,5.0,,4,5,,5,5.0,5,5.0,4,5.0,4,5,,,5,1.0,5,5.0,5.0,5,4.0,5,5,5.0,5.0,,,5.0,,4,5,5.0,5,5.0,,5.0,,4,,,,5.0,5.0,,5,,5.0,4,5.0,5,4.0,5.0,5.0,,5.0,,,,4,,5.0,,,,,5,5.0,5.0,5.0,5.0,5.0,5.0,,,5,5.0,,,0,5.0,3.0,,1.0,5.0,,5.0,5.0,5.0,,5.0,2,5.0,0,5,,,4,5,5,5,5.0,5.0,5.0,4,5.0,4,,5.0,5.0,5.0,,5.0,5.0,5.0,5.0,2.0,,5.0,,,5,5.0,5.0,,5,5,5.0,5.0,5,5,5.0,,,5.0,,,,5.0,0,,5.0,,,,,4,5.0,5.0,5.0,5,5.0,5.0,,1,5.0,,,4,3.0,5.0,0.0,,,5.0,5,5.0,5.0,,2,,,5.0,,5.0,5.0,5.0,,5.0,5.0,,4.0,,5.0,1.0,,3.0,,5.0,,,5.0,5.0,5.0,5,,5,5,4,5,,5.0,,5.0,,,4,5.0,5.0,5,,,5.0,,5.0,4.0,,,,,5.0,,5.0,2.0,,,,5.0,,,5.0,5,,5.0,,3,,5.0,5.0,,5.0,5.0,,,,,,5.0,,5.0,5,5.0,5.0,,5.0,5.0,5.0,3.0,5.0,5.0,,0.0,4,,5,,5,5,5.0,5.0,5,0,5.0,5,,,5,3.0,5.0,5,5.0,5.0,5,,,,5,4.0,,,5.0,,,5.0,,5.0,,,,,5.0,,5.0,,,5.0,5.0,5.0,0.0,,117,9,1.7005988023952097,-0.22770775092977802
4.0,4,4.0,3,4,4.0,4.0,4.0,1,4.0,4,4.0,4.0,3,4.0,4.0,3.0,4.0,,,1,,4,4.0,4.0,4,3,4,4,,4,4,,,4,4,,4.0,4,,,4.0,4.0,4.0,0.0,4.0,4,4.0,4,,,4.0,3,2.0,4.0,4,4.0,4,4.0,3,1,4,0.0,,,4.0,,,4,,2,3,,,4.0,4,4.0,4.0,4.0,4.0,3,4,3,3.0,,4,4,2,0.0,4.0,4.0,3,,4.0,,4,4,,4,4.0,4,,3,4.0,3,4,,,4,,4,4.0,4.0,4,,3,4,4.0,4.0,,,,,4,4,4.0,4,1.0,,,,3,2.0,4.0,,4.0,,,3,,,3,,0,4.0,,4.0,,0.0,,,,4,,2.0,,,4.0,,4,,,4.0,4.0,,,,,4,4.0,,,4,,,,4.0,,,4.0,4.0,4.0,,,4,4.0,4,4,,,4,4,4,4,2.0,4.0,4.0,2,4.0,3,,4.0,4.0,4.0,,3.0,4.0,4.0,4.0,4.0,,4.0,0.0,,4,4.0,,2.0,4,4,,,4,4,,,,4.0,,,,4.0,4,,4.0,4.0,,,,3,2.0,4.0,4.0,3,4.0,,,4,4.0,,,4,4.0,4.0,,,,4.0,4,4.0,4.0,,4,,,4.0,,4.0,4.0,,,,,4.0,4.0,4.0,4.0,,,,,4.0,4.0,,4.0,,4.0,4,,3,4,3,4,4.0,,,,,,4,4.0,4.0,4,,,0.0,,4.0,4.0,,,,,0.0,,,4.0,,1.0,,4.0,,,4.0,4,,4.0,3.0,2,,0.0,4.0,4.0,4.0,4.0,,,,,,1.0,,,4,4.0,1.0,2.0,4.0,4.0,4.0,4.0,4.0,,,,4,,3,,4,4,,4.0,4,3,,4,0.0,,3,,4.0,4,,,4,,,2.0,4,4.0,,,,,,,3.0,4.0,,,,,3.0,,,,,4.0,4.0,,,,118,9,1.5321288563149822,-0.08354103822675808
4.0,4,4.0,4,4,5.0,5.0,4.0,3,4.0,3,4.0,3.0,3,4.0,5.0,4.0,4.0,5.0,5.0,1,5.0,5,5.0,4.0,5,4,4,4,5.0,4,4,5.0,5.0,4,4,5.0,5.0,4,5.0,5.0,5.0,5.0,4.0,5.0,5.0,4,5.0,5,5.0,5.0,4.0,4,,4.0,4,5.0,4,4.0,3,4,4,5.0,5.0,,5.0,,5.0,4,,0,2,4.0,5.0,4.0,4,4.0,5.0,5.0,5.0,2,1,4,3.0,5.0,4,4,4,5.0,5.0,5.0,2,5.0,4.0,,3,4,4.0,4,4.0,4,5.0,4,5.0,3,4,,5.0,4,5.0,3,5.0,4.0,4,5.0,4,4,5.0,4.0,3.0,5.0,5.0,4.0,5,4,5.0,4,5.0,5.0,5.0,5.0,4,5.0,5.0,4.0,4.0,5.0,,4,5.0,5.0,4,5.0,5,5.0,5.0,5.0,,5.0,5.0,5.0,5.0,4,,5.0,5.0,5.0,5.0,5.0,4,3.0,5.0,5.0,4.0,4.0,5.0,5.0,,4,5.0,5.0,5.0,4,5.0,5.0,4.0,5.0,5.0,5.0,4.0,5.0,5.0,5.0,5.0,4,5.0,4,4,5.0,5.0,3,4,4,4,4.0,4.0,5.0,2,5.0,3,5.0,5.0,4.0,5.0,4.0,4.0,5.0,5.0,4.0,5.0,0.0,4.0,5.0,,4,5.0,5.0,0.0,4,4,2.0,5.0,3,4,5.0,,5.0,5.0,5.0,,,4.0,4,5.0,4.0,4.0,5.0,,5.0,3,5.0,0.0,4.0,4,1.0,5.0,5.0,4,0.0,5.0,,4,4.0,5.0,5.0,5.0,5.0,5.0,4,4.0,4.0,5.0,4,,2.0,4.0,5.0,5.0,5.0,5.0,5.0,5.0,5.0,4.0,4.0,4.0,4.0,5.0,5.0,,5.0,5.0,1.0,5.0,4.0,4.0,0.0,1,5.0,4,4,3,4,5.0,3.0,5.0,5.0,,5.0,4,5.0,5.0,4,,5.0,4.0,5.0,4.0,5.0,5.0,0.0,5.0,5.0,5.0,,5.0,5.0,5.0,5.0,5.0,4.0,5.0,5.0,2.0,0,5.0,5.0,5.0,4,,5.0,3.0,5.0,5.0,4.0,2.0,5.0,5.0,5.0,0.0,4.0,5.0,5.0,4,4.0,4.0,5.0,4.0,5.0,5.0,4.0,5.0,5.0,5.0,5.0,4,5.0,4,,4,4,,4.0,3,4,4.0,4,5.0,,4,5.0,4.0,4,5.0,4.0,3,5.0,5.0,,4,5.0,0.0,5.0,5.0,,3.0,5.0,5.0,5.0,5.0,,,,5.0,,5.0,,,4.0,4.0,5.0,5.0,,119,9,1.570223807979241,-0.5410294426670985
4.0,4,4.0,1,3,4.0,4.0,4.0,4,4.0,4,4.0,4.0,4,4.0,4.0,4.0,,,4.0,2,,4,,4.0,4,2,4,4,4.0,4,4,4.0,,0,3,,,4,,,3.0,4.0,4.0,,4.0,4,4.0,4,4.0,,,3,,4.0,4,4.0,4,3.0,3,4,4,,,,,,,3,,3,2,,4.0,4.0,3,4.0,,,4.0,4,4,3,4.0,,4,4,4,4.0,4.0,4.0,3,,4.0,,4,2,,4,4.0,3,4.0,4,,3,1,,,2,,3,4.0,4.0,4,,3,4,4.0,,,,,4.0,4,4,0.0,4,4.0,,4.0,,2,,,,4.0,,,4,0.0,,3,4.0,4,4.0,4.0,4.0,1.0,,,,,4,,4.0,4.0,,,,4,,1.0,0.0,4.0,4.0,,,,4,,,,4,3.0,,,4.0,,,4.0,,4.0,,,4,4.0,4,4,,,3,4,4,4,4.0,4.0,,3,4.0,3,,4.0,4.0,,,4.0,3.0,4.0,4.0,4.0,,4.0,,,4,4.0,4.0,,4,4,4.0,,1,4,,,3.0,,,,,,4,,4.0,4.0,,,0.0,4,4.0,3.0,4.0,4,4.0,,4.0,1,,,,4,4.0,,,,,4.0,4,4.0,4.0,,4,0.0,,0.0,,,,4.0,,,,,4.0,4.0,4.0,,,,,4.0,4.0,,4.0,,4.0,4,,4,4,4,3,,4.0,4.0,,,,3,,4.0,4,,,4.0,,4.0,4.0,3.0,,,,4.0,,,4.0,,,,,,,,3,,4.0,,4,,,4.0,4.0,0.0,4.0,,,,,,4.0,,,4,4.0,2.0,,3.0,4.0,4.0,4.0,,,,4.0,3,,4,,4,4,,4.0,3,4,4.0,4,,,3,0.0,4.0,4,4.0,4.0,4,,,4.0,3,3.0,,,,,,,4.0,4.0,,0.0,,,4.0,,,,,4.0,4.0,4.0,,,120,9,1.5073195355880868,-0.1541213134125295
4.0,4,5.0,1,3,2.0,4.0,4.0,4,4.0,4,5.0,5.0,4,5.0,4.0,4.0,3.0,5.0,5.0,2,5.0,4,5.0,4.0,4,4,4,5,5.0,5,4,5.0,5.0,5,5,5.0,0.0,5,5.0,5.0,5.0,5.0,5.0,,5.0,4,5.0,3,5.0,,5.0,3,,5.0,4,4.0,4,5.0,4,3,4,5.0,5.0,,3.0,,5.0,4,,4,4,5.0,5.0,5.0,4,5.0,5.0,5.0,5.0,3,4,4,4.0,5.0,4,4,3,5.0,5.0,5.0,3,,5.0,,4,4,5.0,4,5.0,3,5.0,4,5.0,4,4,,5.0,4,5.0,4,5.0,5.0,0,5.0,2,4,5.0,5.0,5.0,5.0,5.0,5.0,4,4,4.0,5,4.0,5.0,5.0,5.0,4,5.0,5.0,5.0,4.0,5.0,,4,5.0,4.0,3,5.0,4,5.0,5.0,5.0,,5.0,,,,4,,5.0,5.0,5.0,5.0,5.0,3,5.0,5.0,5.0,4.0,5.0,5.0,,,4,5.0,5.0,5.0,4,5.0,5.0,5.0,5.0,5.0,5.0,5.0,4.0,5.0,5.0,5.0,4,5.0,5,0,5.0,5.0,4,4,4,4,2.0,4.0,5.0,3,5.0,0,0.0,0.0,5.0,4.0,,5.0,5.0,4.0,2.0,5.0,5.0,5.0,5.0,,4,4.0,4.0,5.0,3,4,5.0,5.0,4,4,5.0,,,5.0,5.0,,,5.0,5,5.0,5.0,5.0,5.0,,,4,4.0,5.0,4.0,4,5.0,5.0,4.0,4,5.0,5.0,,5,5.0,5.0,5.0,0.0,5.0,4.0,4,4.0,5.0,5.0,2,,5.0,4.0,5.0,5.0,5.0,5.0,5.0,5.0,5.0,5.0,4.0,5.0,4.0,5.0,5.0,,5.0,5.0,5.0,,5.0,5.0,5.0,4,5.0,5,4,4,4,5.0,5.0,5.0,5.0,,,4,5.0,5.0,4,,5.0,5.0,5.0,5.0,4.0,,5.0,5.0,,4.0,0.0,5.0,4.0,1.0,5.0,5.0,5.0,5.0,5.0,5.0,1,5.0,5.0,5.0,4,,5.0,5.0,5.0,5.0,5.0,,5.0,5.0,5.0,,4.0,5.0,5.0,5,4.0,5.0,5.0,5.0,5.0,4.0,5.0,5.0,5.0,5.0,5.0,4,5.0,4,,4,4,,4.0,4,0,5.0,4,5.0,,4,5.0,5.0,3,5.0,5.0,4,5.0,,,5,4.0,5.0,,5.0,,5.0,0.0,5.0,5.0,5.0,,,,5.0,,5.0,,,5.0,5.0,5.0,5.0,,121,9,1.56694188117209,-0.6213583545745602
4.0,5,5.0,4,4,5.0,5.0,5.0,5,5.0,5,5.0,5.0,4,5.0,5.0,5.0,,5.0,5.0,4,5.0,5,5.0,4.0,5,4,5,4,2.0,4,4,4.0,5.0,4,4,5.0,5.0,4,5.0,3.0,5.0,5.0,4.0,,5.0,5,5.0,4,5.0,5.0,5.0,4,,4.0,5,5.0,4,5.0,5,4,5,5.0,5.0,,5.0,,5.0,5,,3,1,5.0,5.0,5.0,4,5.0,5.0,5.0,5.0,4,4,1,5.0,1.0,5,5,3,5.0,4.0,5.0,4,,0.0,,3,4,5.0,4,5.0,4,5.0,4,5.0,4,5,1.0,5.0,5,3.0,1,5.0,5.0,5,,4,5,5.0,1.0,5.0,5.0,5.0,0.0,5,4,5.0,5,5.0,5.0,5.0,2.0,4,5.0,,5.0,5.0,5.0,,4,5.0,5.0,5,5.0,4,5.0,5.0,5.0,,5.0,,,,4,,5.0,5.0,0.0,5.0,5.0,4,5.0,5.0,5.0,5.0,5.0,5.0,,,4,5.0,5.0,,4,5.0,5.0,,5.0,5.0,,5.0,5.0,5.0,,5.0,3,5.0,4,5,5.0,5.0,3,4,5,5,5.0,5.0,5.0,4,5.0,4,5.0,5.0,5.0,4.0,,0.0,5.0,5.0,5.0,5.0,5.0,5.0,,,4,5.0,5.0,5.0,4,5,4.0,5.0,4,4,5.0,,,5.0,,,,5.0,4,5.0,5.0,5.0,5.0,,0.0,2,5.0,4.0,5.0,1,5.0,,5.0,4,5.0,5.0,,5,5.0,5.0,,5.0,,5.0,5,4.0,5.0,5.0,4,,5.0,5.0,5.0,5.0,5.0,5.0,,5.0,5.0,5.0,5.0,5.0,5.0,5.0,3.0,5.0,5.0,5.0,5.0,,5.0,5.0,5.0,4,0.0,5,5,2,4,5.0,5.0,3.0,5.0,4.0,,4,0.0,5.0,4,,5.0,3.0,5.0,5.0,5.0,,5.0,5.0,,5.0,,5.0,5.0,5.0,,5.0,3.0,,5.0,5.0,4,5.0,5.0,5.0,4,,0.0,5.0,5.0,5.0,5.0,,,0.0,5.0,,5.0,5.0,5.0,5,5.0,5.0,5.0,5.0,5.0,5.0,5.0,5.0,5.0,5.0,5.0,4,5.0,5,,5,5,,5.0,4,5,5.0,3,,,4,5.0,5.0,5,5.0,5.0,5,0.0,,,5,5.0,,,,,,,5.0,5.0,5.0,,,4.0,5.0,,5.0,,,4.0,4.0,1.0,5.0,,122,9,1.6431150077359464,-0.3882660520755553
5.0,5,5.0,4,4,5.0,5.0,5.0,4,5.0,5,4.0,4.0,4,5.0,5.0,5.0,,5.0,5.0,4,5.0,4,5.0,4.0,4,5,4,4,5.0,4,5,5.0,0.0,4,5,5.0,5.0,5,5.0,5.0,5.0,0.0,5.0,,5.0,5,5.0,4,5.0,,5.0,3,2.0,0.0,5,5.0,4,5.0,4,1,4,5.0,2.0,,4.0,,5.0,5,,4,3,5.0,5.0,1.0,4,3.0,5.0,5.0,0.0,3,4,3,4.0,5.0,4,4,4,5.0,3.0,5.0,3,,5.0,,4,3,5.0,2,5.0,3,5.0,4,5.0,4,4,,5.0,4,5.0,4,5.0,5.0,3,,3,5,4.0,5.0,5.0,5.0,4.0,5.0,4,4,5.0,4,2.0,5.0,5.0,5.0,4,5.0,,5.0,5.0,,,4,5.0,5.0,4,5.0,3,5.0,5.0,5.0,,4.0,,,,4,,5.0,0.0,,5.0,5.0,4,5.0,5.0,5.0,5.0,5.0,5.0,,,4,5.0,5.0,5.0,4,5.0,5.0,5.0,5.0,5.0,0.0,5.0,5.0,5.0,1.0,3.0,4,4.0,2,4,5.0,5.0,4,4,4,5,5.0,4.0,5.0,4,5.0,4,0.0,4.0,5.0,5.0,0.0,5.0,4.0,5.0,5.0,5.0,5.0,5.0,,,4,4.0,5.0,5.0,4,5,5.0,5.0,4,1,5.0,,,5.0,5.0,,,5.0,4,5.0,5.0,5.0,5.0,,5.0,4,5.0,5.0,3.0,5,5.0,5.0,5.0,4,5.0,5.0,,5,5.0,5.0,5.0,5.0,,4.0,4,4.0,5.0,,4,,5.0,5.0,5.0,5.0,5.0,5.0,,5.0,5.0,5.0,5.0,5.0,4.0,0.0,5.0,,5.0,4.0,5.0,,4.0,5.0,5.0,4,5.0,1,5,4,4,5.0,5.0,5.0,5.0,,0.0,4,5.0,5.0,4,,2.0,4.0,5.0,5.0,4.0,,5.0,5.0,5.0,5.0,,5.0,5.0,5.0,5.0,3.0,5.0,5.0,5.0,5.0,5,5.0,5.0,5.0,4,,5.0,5.0,5.0,5.0,5.0,,5.0,5.0,,,5.0,5.0,5.0,5,5.0,5.0,5.0,5.0,5.0,5.0,5.0,5.0,5.0,5.0,4.0,4,1.0,4,,4,2,,5.0,3,5,5.0,4,2.0,,4,5.0,5.0,5,5.0,5.0,4,5.0,,,5,4.0,5.0,,5.0,,,5.0,5.0,5.0,5.0,,,,3.0,,5.0,,,4.0,5.0,5.0,5.0,,123,9,1.5184514003294893,-0.4360356030554642
4.0,4,5.0,3,4,4.0,4.0,5.0,4,4.0,4,4.0,4.0,3,3.0,4.0,4.0,5.0,5.0,5.0,3,4.0,4,4.0,4.0,4,4,4,4,4.0,5,4,3.0,5.0,4,4,5.0,5.0,4,5.0,5.0,4.0,4.0,5.0,,5.0,4,5.0,4,5.0,5.0,5.0,3,,4.0,4,5.0,5,4.0,4,4,3,5.0,5.0,,4.0,,5.0,4,,4,4,5.0,5.0,5.0,4,4.0,5.0,5.0,5.0,0,4,3,4.0,4.0,4,4,2,5.0,4.0,5.0,3,5.0,3.0,,4,3,5.0,4,4.0,4,5.0,4,5.0,3,4,5.0,5.0,4,5.0,4,5.0,5.0,4,0.0,3,4,5.0,4.0,5.0,5.0,5.0,0.0,4,4,5.0,4,5.0,5.0,1.0,5.0,4,5.0,5.0,5.0,4.0,5.0,,4,5.0,5.0,4,5.0,5,5.0,5.0,4.0,,1.0,5.0,5.0,5.0,4,4.0,4.0,5.0,5.0,0.0,1.0,4,5.0,5.0,5.0,5.0,5.0,5.0,,,5,4.0,5.0,2.0,4,5.0,5.0,5.0,5.0,5.0,5.0,2.0,3.0,4.0,5.0,5.0,3,4.0,4,4,2.0,5.0,4,4,5,4,5.0,4.0,5.0,3,5.0,4,5.0,5.0,5.0,5.0,5.0,5.0,5.0,4.0,4.0,5.0,5.0,4.0,5.0,,4,5.0,4.0,4.0,4,4,5.0,5.0,1,4,5.0,,5.0,5.0,5.0,,,5.0,4,5.0,5.0,5.0,5.0,0.0,5.0,3,5.0,5.0,4.0,4,2.0,5.0,4.0,3,5.0,5.0,,4,5.0,5.0,2.0,5.0,5.0,5.0,4,0.0,1.0,3.0,4,,5.0,5.0,5.0,5.0,5.0,4.0,5.0,5.0,4.0,5.0,4.0,4.0,4.0,5.0,5.0,4.0,5.0,4.0,4.0,,4.0,5.0,5.0,4,5.0,4,4,4,4,5.0,5.0,2.0,5.0,4.0,,4,5.0,4.0,2,,5.0,4.0,5.0,4.0,2.0,,5.0,5.0,5.0,4.0,,5.0,5.0,5.0,5.0,5.0,5.0,5.0,5.0,0.0,2,5.0,5.0,5.0,2,,5.0,4.0,5.0,4.0,4.0,,0.0,4.0,5.0,,4.0,5.0,5.0,5,4.0,5.0,5.0,5.0,5.0,5.0,4.0,5.0,5.0,5.0,4.0,4,0.0,4,,4,4,3.0,5.0,4,4,5.0,2,5.0,,4,5.0,4.0,4,5.0,4.0,4,5.0,5.0,,4,4.0,5.0,5.0,5.0,,5.0,5.0,5.0,5.0,5.0,,,,5.0,,5.0,,0.0,4.0,4.0,4.0,5.0,,124,9,1.5275974025974026,-0.5241044946486777
4.0,4,4.0,4,3,4.0,4.0,4.0,4,0.0,4,4.0,4.0,4,4.0,4.0,4.0,3.0,,3.0,2,4.0,4,,4.0,4,3,4,2,4.0,4,3,4.0,,2,2,0.0,,3,,4.0,4.0,4.0,4.0,2.0,4.0,4,4.0,4,4.0,,4.0,4,,,4,3.0,4,4.0,3,4,4,,,,4.0,,4.0,1,,4,3,4.0,4.0,4.0,3,4.0,,,,3,4,4,4.0,4.0,4,4,3,4.0,4.0,,3,,4.0,,3,3,4.0,4,3.0,4,4.0,4,4.0,3,4,,,4,,4,4.0,0.0,4,,4,4,4.0,4.0,,,,,4,4,4.0,4,,4.0,3.0,,4,,,,4.0,,,3,,,4,,4,4.0,,,,,,,,4,,4.0,,1.0,,,4,,,0.0,4.0,,,,,4,4.0,,,2,,,,,4.0,,4.0,4.0,,0.0,,3,4.0,4,4,4.0,4.0,0,4,4,3,4.0,4.0,,3,1.0,0,,4.0,4.0,4.0,,4.0,4.0,4.0,4.0,,4.0,4.0,,,4,4.0,4.0,4.0,2,4,,,4,4,4.0,,,1.0,,,,4.0,4,,4.0,,,,,4,4.0,4.0,4.0,3,4.0,,4.0,3,4.0,4.0,,4,4.0,4.0,,,,,4,4.0,3.0,,4,,,4.0,,,4.0,4.0,,0.0,,4.0,4.0,,4.0,,,,,4.0,4.0,,4.0,4.0,4.0,3,4.0,4,4,4,2,,4.0,1.0,,,,3,3.0,3.0,4,,,4.0,,4.0,4.0,,,,,4.0,,4.0,4.0,,,,4.0,,4.0,4.0,4,,,3.0,4,3.0,4.0,4.0,,,4.0,,,,,,4.0,,,4,4.0,4.0,,4.0,,4.0,4.0,1.0,,,,0,,4,,4,4,,4.0,4,4,4.0,4,,,4,,4.0,2,,4.0,4,4.0,,,0,4.0,,,,,,,4.0,,,,,,3.0,,4.0,4.0,,4.0,4.0,4.0,,,125,9,1.5954172366621067,-0.1815709092976726
4.0,4,4.0,4,3,4.0,4.0,2.0,0,4.0,1,4.0,4.0,3,4.0,4.0,4.0,4.0,,4.0,2,4.0,0,,4.0,4,3,4,4,4.0,4,3,0.0,4.0,3,2,,,4,,,,1.0,4.0,,4.0,4,4.0,4,4.0,,4.0,4,,4.0,4,4.0,4,4.0,3,4,3,,,,4.0,,4.0,4,,3,3,0.0,4.0,4.0,4,3.0,4.0,,,4,4,3,4.0,4.0,4,4,3,0.0,4.0,,2,,4.0,,3,3,4.0,4,,4,4.0,4,,3,4,,,3,4.0,4,4.0,4.0,4,,4,4,4.0,4.0,,,,,4,4,4.0,4,4.0,4.0,4.0,,3,,,,1.0,3.0,,4,,,3,4.0,2,4.0,,4.0,,,,,,4,,,,,,,4,4.0,,4.0,4.0,,,,,0,4.0,,,4,,,4.0,3.0,,,4.0,4.0,3.0,,,3,4.0,4,4,1.0,1.0,3,3,4,4,4.0,3.0,4.0,2,4.0,3,,4.0,4.0,4.0,,4.0,4.0,4.0,4.0,4.0,,4.0,,,4,4.0,,0.0,4,4,,,4,4,,,,,,,,4.0,4,,4.0,4.0,0.0,,,4,,4.0,4.0,4,4.0,,,4,,,,4,4.0,4.0,,,,4.0,4,4.0,4.0,,4,,4.0,,,4.0,,4.0,,,4.0,,4.0,4.0,4.0,,,,1.0,4.0,4.0,,4.0,4.0,4.0,4,,4,4,4,4,4.0,4.0,,,,,4,,4.0,2,,4.0,4.0,,4.0,4.0,,,,,4.0,,4.0,,,2.0,,,,,4.0,4,4.0,,,4,2.0,4.0,3.0,4.0,4.0,4.0,,,,,,4.0,,,4,4.0,4.0,,4.0,,4.0,4.0,,,,,3,4.0,0,,4,3,,4.0,4,4,4.0,0,,,4,,4.0,4,,4.0,4,,,,4,4.0,,,,,,,,,,,,,4.0,,,,,4.0,4.0,4.0,1.0,,126,9,1.5710099965529127,-0.211302279136705
4.0,4,4.0,4,4,4.0,4.0,4.0,0,3.0,3,3.0,2.0,0,1.0,3.0,3.0,4.0,4.0,4.0,2,4.0,3,4.0,3.0,4,2,4,0,4.0,4,3,4.0,4.0,3,3,4.0,4.0,3,4.0,4.0,4.0,4.0,4.0,,4.0,4,4.0,4,4.0,,4.0,4,,4.0,3,4.0,4,4.0,3,3,4,4.0,4.0,,4.0,,4.0,4,,3,3,4.0,4.0,4.0,3,4.0,4.0,4.0,4.0,3,2,3,3.0,4.0,3,3,3,4.0,4.0,,2,,4.0,,4,4,4.0,4,4.0,4,4.0,4,4.0,3,4,,,1,4.0,4,4.0,4.0,3,,3,4,4.0,4.0,,,4.0,4.0,4,4,3.0,4,4.0,4.0,4.0,,3,,4.0,1.0,4.0,,,4,,3.0,3,4.0,4,4.0,0.0,4.0,,4.0,,,,4,,4.0,,,0.0,,4,4.0,,4.0,4.0,,4.0,,,3,0.0,4.0,,3,4.0,4.0,1.0,4.0,4.0,,4.0,3.0,4.0,,4.0,3,,4,1,,4.0,3,4,1,3,4.0,3.0,4.0,2,4.0,3,,4.0,4.0,4.0,,4.0,4.0,4.0,4.0,4.0,0.0,3.0,4.0,,2,3.0,4.0,4.0,3,4,4.0,4.0,4,3,4.0,,,4.0,,,,4.0,3,4.0,4.0,4.0,,,,4,4.0,4.0,2.0,3,1.0,4.0,4.0,4,4.0,,,4,4.0,4.0,,4.0,,4.0,4,4.0,4.0,,1,,4.0,4.0,4.0,4.0,4.0,4.0,,2.0,4.0,3.0,3.0,4.0,4.0,3.0,,,4.0,4.0,4.0,,4.0,4.0,4.0,4,4.0,2,4,3,4,4.0,4.0,,4.0,,,4,4.0,4.0,4,,,3.0,,4.0,3.0,,4.0,,,3.0,0.0,4.0,4.0,,,,1.0,4.0,4.0,3.0,4,,4.0,,4,,4.0,3.0,4.0,4.0,4.0,,,4.0,,,4.0,4.0,4.0,4,1.0,4.0,4.0,3.0,0.0,4.0,4.0,4.0,4.0,4.0,,4,4.0,4,,4,4,2.0,4.0,4,4,4.0,4,,,4,4.0,0.0,4,4.0,4.0,4,4.0,,,4,4.0,3.0,,,,,4.0,,,,,,,4.0,,4.0,,,4.0,3.0,4.0,,,127,9,1.5461750516884907,-0.35481293513017115
6.0,6,6.0,4,5,5.0,6.0,6.0,6,6.0,6,5.0,5.0,5,6.0,6.0,6.0,,6.0,6.0,4,6.0,5,6.0,6.0,5,6,5,6,6.0,5,6,6.0,6.0,5,5,6.0,5.0,4,6.0,6.0,6.0,6.0,6.0,,6.0,6,6.0,4,6.0,,6.0,5,,3.0,5,5.0,5,6.0,5,5,5,6.0,6.0,,5.0,,6.0,5,,4,5,6.0,3.0,6.0,4,6.0,6.0,6.0,6.0,3,5,4,5.0,6.0,5,5,4,5.0,6.0,6.0,5,6.0,6.0,,5,5,6.0,5,6.0,6,6.0,5,6.0,5,4,6.0,5.0,5,6.0,2,6.0,6.0,5,,5,6,6.0,6.0,2.0,6.0,5.0,0.0,6,0,6.0,6,2.0,6.0,6.0,6.0,5,6.0,,6.0,5.0,6.0,,4,6.0,3.0,5,6.0,5,6.0,5.0,6.0,,6.0,,,,6,,5.0,6.0,6.0,6.0,0.0,5,6.0,6.0,6.0,6.0,6.0,6.0,,6.0,5,5.0,6.0,0.0,5,4.0,4.0,6.0,6.0,6.0,6.0,6.0,6.0,6.0,,6.0,5,4.0,5,6,6.0,6.0,5,5,5,6,6.0,5.0,2.0,4,6.0,5,6.0,6.0,4.0,6.0,,6.0,5.0,5.0,6.0,6.0,6.0,6.0,,,5,5.0,6.0,6.0,5,6,5.0,6.0,5,4,6.0,,,5.0,6.0,,,6.0,5,6.0,5.0,0.0,6.0,,2.0,3,6.0,6.0,6.0,5,6.0,6.0,6.0,5,6.0,6.0,,6,6.0,5.0,6.0,6.0,3.0,6.0,5,6.0,6.0,6.0,5,0.0,6.0,5.0,6.0,0.0,6.0,6.0,,6.0,6.0,6.0,6.0,6.0,3.0,6.0,,,6.0,6.0,6.0,,5.0,6.0,6.0,6,6.0,5,4,5,5,6.0,6.0,6.0,6.0,,6.0,5,1.0,6.0,5,,6.0,6.0,6.0,6.0,5.0,,6.0,5.0,6.0,5.0,,6.0,6.0,6.0,6.0,6.0,4.0,,6.0,6.0,6,6.0,6.0,6.0,3,,6.0,6.0,6.0,6.0,6.0,,,0.0,6.0,,6.0,6.0,6.0,5,5.0,5.0,6.0,6.0,6.0,5.0,6.0,6.0,6.0,6.0,6.0,5,6.0,6,,5,5,,6.0,5,5,5.0,5,6.0,,5,6.0,5.0,6,6.0,6.0,5,6.0,,,5,6.0,6.0,,6.0,,,6.0,5.0,6.0,6.0,,,,6.0,0.0,,,,5.0,0.0,6.0,6.0,,128,9,1.5660222804718213,-0.4265845130135455
4.0,0,3.0,4,4,5.0,4.0,5.0,4,4.0,4,1.0,5.0,4,5.0,5.0,5.0,5.0,5.0,4.0,3,5.0,4,4.0,5.0,5,3,5,4,5.0,5,4,5.0,5.0,5,4,5.0,5.0,4,5.0,5.0,5.0,5.0,5.0,,5.0,5,5.0,5,5.0,,5.0,4,,4.0,5,5.0,4,2.0,3,4,5,,3.0,3.0,5.0,,4.0,4,,5,4,5.0,5.0,5.0,5,5.0,5.0,5.0,5.0,4,5,4,4.0,5.0,4,4,1,5.0,5.0,5.0,4,,5.0,,4,4,5.0,4,5.0,5,5.0,4,4.0,4,5,3.0,5.0,0,5.0,5,5.0,5.0,4,5.0,4,4,5.0,5.0,5.0,,5.0,5.0,4,4,5.0,5,3.0,5.0,3.0,5.0,4,,5.0,5.0,4.0,5.0,,5,5.0,4.0,0,1.0,5,5.0,5.0,5.0,,5.0,,,,5,,5.0,5.0,5.0,5.0,5.0,4,5.0,5.0,5.0,5.0,5.0,5.0,,,4,5.0,5.0,5.0,3,5.0,5.0,2.0,5.0,5.0,,5.0,5.0,5.0,,5.0,4,5.0,5,4,5.0,4.0,4,5,5,4,4.0,5.0,5.0,2,5.0,4,5.0,5.0,4.0,0.0,,5.0,5.0,5.0,5.0,5.0,5.0,5.0,5.0,,4,5.0,5.0,5.0,4,5,5.0,5.0,4,4,5.0,,,5.0,,,,5.0,5,5.0,3.0,5.0,,,,2,3.0,5.0,5.0,3,5.0,5.0,5.0,4,5.0,,,5,5.0,5.0,,5.0,5.0,3.0,4,5.0,3.0,5.0,0,,5.0,5.0,5.0,5.0,5.0,5.0,,5.0,5.0,5.0,4.0,5.0,5.0,,5.0,,4.0,4.0,5.0,,5.0,5.0,5.0,4,5.0,4,5,4,5,5.0,5.0,3.0,4.0,0.0,,4,5.0,5.0,5,,5.0,5.0,5.0,5.0,4.0,4.0,5.0,,,0.0,,5.0,4.0,0.0,5.0,5.0,5.0,,5.0,5.0,5,5.0,5.0,5.0,4,,5.0,4.0,5.0,5.0,5.0,,,5.0,,,5.0,5.0,5.0,5,5.0,5.0,5.0,5.0,5.0,5.0,5.0,5.0,5.0,5.0,5.0,4,5.0,4,,4,5,,5.0,4,4,5.0,3,5.0,,4,1.0,5.0,4,5.0,5.0,5,5.0,5.0,,0,5.0,5.0,,5.0,0.0,,5.0,5.0,5.0,4.0,,,,5.0,,5.0,,,5.0,5.0,5.0,5.0,,129,9,1.6113522537562603,-0.4442689815720118
2.0,3,3.0,3,2,4.0,4.0,4.0,3,4.0,3,3.0,4.0,3,4.0,4.0,4.0,,4.0,4.0,2,4.0,4,4.0,3.0,3,0,3,3,4.0,4,3,4.0,4.0,3,3,4.0,3.0,4,4.0,4.0,4.0,4.0,4.0,,4.0,3,4.0,3,4.0,3.0,4.0,4,,4.0,3,4.0,4,4.0,0,3,3,4.0,4.0,,4.0,,2.0,4,,3,2,4.0,4.0,4.0,3,4.0,4.0,4.0,4.0,3,4,2,3.0,4.0,0,3,3,4.0,4.0,4.0,3,,4.0,,1,3,4.0,4,4.0,4,4.0,3,4.0,3,3,,4.0,3,4.0,3,4.0,4.0,4,,0,2,4.0,4.0,4.0,,4.0,4.0,4,3,0.0,4,4.0,4.0,3.0,,4,,4.0,4.0,3.0,,,3,4.0,4.0,3,4.0,3,4.0,4.0,4.0,,4.0,,,,4,,4.0,4.0,,4.0,4.0,1,4.0,4.0,4.0,3.0,4.0,2.0,,,3,4.0,4.0,4.0,3,4.0,4.0,2.0,4.0,4.0,,4.0,4.0,4.0,,4.0,3,4.0,4,4,4.0,4.0,3,3,4,0,4.0,3.0,4.0,3,4.0,2,4.0,4.0,4.0,4.0,,4.0,4.0,4.0,4.0,4.0,4.0,4.0,,,3,4.0,1.0,4.0,3,4,4.0,4.0,0,3,4.0,,,4.0,,,,1.0,4,0.0,4.0,4.0,,0.0,,4,4.0,4.0,4.0,4,4.0,4.0,4.0,3,4.0,,0.0,4,4.0,4.0,4.0,,,4.0,4,4.0,4.0,,2,,4.0,4.0,4.0,4.0,4.0,4.0,,4.0,4.0,4.0,4.0,4.0,1.0,4.0,,,4.0,4.0,3.0,,4.0,4.0,4.0,3,4.0,3,4,4,4,4.0,3.0,2.0,4.0,,,3,4.0,4.0,4,,4.0,4.0,,4.0,4.0,,4.0,,,4.0,,4.0,4.0,,4.0,4.0,4.0,,4.0,4.0,4,4.0,4.0,,4,,4.0,4.0,2.0,4.0,4.0,,,4.0,,,4.0,4.0,4.0,4,4.0,4.0,,4.0,4.0,4.0,4.0,4.0,4.0,2.0,,3,2.0,3,,4,4,,4.0,2,4,4.0,4,,,3,4.0,4.0,4,4.0,4.0,3,4.0,,,4,4.0,4.0,,,,,4.0,4.0,4.0,4.0,,,,4.0,,4.0,,,4.0,4.0,4.0,4.0,,130,9,1.5316846986089645,-0.44576766316751043
5.0,4,5.0,4,5,5.0,4.0,5.0,5,5.0,4,5.0,5.0,5,,5.0,5.0,,,5.0,4,,4,5.0,5.0,1,5,5,5,5.0,5,5,5.0,,5,5,,5.0,5,5.0,5.0,5.0,5.0,,,5.0,5,3.0,4,5.0,,5.0,4,,5.0,5,4.0,5,5.0,5,5,5,,5.0,,5.0,,5.0,5,,4,4,,4.0,5.0,5,4.0,5.0,,5.0,4,5,4,5.0,5.0,5,5,4,2.0,5.0,,4,,5.0,,5,4,,5,5.0,5,5.0,3,5.0,4,5,,,0,5.0,5,5.0,,4,,4,5,5.0,5.0,,,,,4,4,5.0,5,5.0,5.0,5.0,5.0,4,,5.0,4.0,5.0,,,5,,5.0,5,,5,5.0,5.0,5.0,,5.0,,,,5,,5.0,,,,0.0,3,,5.0,5.0,5.0,,4.0,,,5,5.0,,,4,,5.0,,,3.0,,,1.0,0.0,,,5,5.0,5,5,1.0,5.0,3,0,5,5,5.0,5.0,5.0,1,5.0,5,,5.0,5.0,5.0,,5.0,5.0,4.0,5.0,5.0,,5.0,,,5,5.0,5.0,,2,5,,5.0,4,4,,,,5.0,,,,5.0,5,5.0,5.0,5.0,,,,5,5.0,5.0,5.0,5,5.0,0.0,5.0,4,,5.0,,5,,5.0,,,,5.0,5,5.0,5.0,,5,,5.0,5.0,5.0,,5.0,5.0,,5.0,5.0,5.0,5.0,0.0,5.0,,,,5.0,0.0,,,5.0,,5.0,5,5.0,5,5,5,3,5.0,,,,5.0,,5,,5.0,0,,5.0,5.0,,5.0,5.0,,,,5.0,4.0,,5.0,2.0,3.0,,,5.0,,5.0,5.0,5,,5.0,5.0,5,,5.0,5.0,5.0,5.0,5.0,,,5.0,,,5.0,5.0,5.0,5,5.0,5.0,,5.0,,5.0,5.0,5.0,5.0,,,4,5.0,5,,4,5,,5.0,5,3,5.0,4,,,5,5.0,5.0,5,5.0,4.0,5,5.0,5.0,,4,5.0,,,,,,,,5.0,,,0.0,,5.0,,,,,5.0,5.0,5.0,,0.0,131,9,1.6757575757575758,-0.2558460562036215
,3,4.0,3,4,4.0,4.0,4.0,4,4.0,4,4.0,4.0,4,,2.0,,,,,4,,4,,4.0,4,4,4,4,,4,4,4.0,4.0,3,3,,,4,,,,4.0,,,4.0,4,,4,,,,3,,4.0,4,4.0,4,,4,4,3,,4.0,,,,,4,,3,2,,0.0,4.0,3,4.0,,,0.0,2,4,4,3.0,4.0,4,4,3,4.0,2.0,,1,,4.0,,2,2,,4,4.0,4,4.0,4,,4,3,,,4,,3,4.0,,4,,3,4,4.0,4.0,,,0.0,4.0,4,3,4.0,4,4.0,4.0,,,3,,,,4.0,,,4,,4.0,3,4.0,1,,4.0,,,,,,,4,,4.0,,,,4.0,3,,4.0,,,4.0,,,0.0,4,,,2.0,3,0.0,4.0,,,4.0,,,4.0,4.0,,,4,4.0,4,4,,,4,4,4,4,4.0,4.0,,3,,4,,4.0,4.0,,,4.0,4.0,4.0,4.0,,,,,,4,4.0,4.0,,4,4,,,4,3,,,,4.0,4.0,,,,4,,4.0,4.0,,,,4,,3.0,4.0,4,4.0,,4.0,3,1.0,0.0,,4,,4.0,,,,4.0,4,4.0,4.0,3.0,4,0.0,,4.0,,,,4.0,,,,4.0,,4.0,4.0,,,,,1.0,4.0,,4.0,,,4,4.0,4,4,0,3,,,,,,,1,,4.0,4,,,,,4.0,4.0,,,,,4.0,,4.0,3.0,,4.0,,,,4.0,,4,4.0,4.0,,4,,4.0,4.0,,4.0,4.0,,,4.0,4.0,,4.0,,,3,4.0,4.0,,,4.0,4.0,4.0,4.0,,,,0,4.0,4,,4,3,,4.0,0,4,,4,,,4,,,4,4.0,,3,,,,3,4.0,,,,,,,,,,,,,4.0,,,,,4.0,4.0,1.0,,,132,9,1.553072625698324,-0.18035498413965204
5.0,5,5.0,5,5,5.0,5.0,6.0,5,5.0,4,5.0,5.0,5,6.0,6.0,5.0,6.0,6.0,5.0,3,5.0,5,6.0,6.0,5,0,5,5,6.0,5,4,6.0,6.0,5,5,6.0,6.0,0,6.0,6.0,6.0,6.0,6.0,,6.0,5,6.0,6,6.0,6.0,5.0,5,0.0,5.0,6,5.0,5,4.0,3,5,5,6.0,6.0,,6.0,,6.0,5,,5,2,6.0,6.0,5.0,5,6.0,6.0,6.0,6.0,5,5,5,5.0,6.0,5,5,4,5.0,6.0,6.0,4,,5.0,,5,5,5.0,5,5.0,5,0.0,5,5.0,5,5,6.0,6.0,5,6.0,5,1.0,5.0,5,6.0,5,2,6.0,5.0,6.0,6.0,6.0,0.0,5,5,6.0,0,6.0,6.0,6.0,6.0,5,6.0,6.0,6.0,5.0,6.0,,5,6.0,6.0,5,6.0,5,6.0,6.0,6.0,,6.0,6.0,,6.0,5,,5.0,6.0,6.0,6.0,6.0,5,6.0,6.0,6.0,5.0,6.0,6.0,6.0,,1,5.0,6.0,6.0,4,6.0,6.0,6.0,6.0,6.0,6.0,6.0,6.0,5.0,6.0,0.0,4,5.0,5,5,6.0,1.0,4,5,5,5,6.0,5.0,6.0,4,5.0,4,6.0,6.0,5.0,5.0,,6.0,5.0,6.0,5.0,6.0,6.0,5.0,6.0,,3,6.0,5.0,6.0,4,6,5.0,6.0,1,5,6.0,6.0,6.0,6.0,,0.0,,3.0,5,6.0,6.0,6.0,6.0,,6.0,5,6.0,5.0,6.0,5,6.0,6.0,6.0,5,6.0,6.0,,5,3.0,4.0,6.0,5.0,6.0,6.0,5,5.0,5.0,3.0,5,,0.0,6.0,6.0,4.0,6.0,5.0,6.0,6.0,6.0,5.0,5.0,5.0,5.0,6.0,2.0,,6.0,6.0,5.0,,6.0,6.0,0.0,4,6.0,5,5,5,5,6.0,6.0,6.0,6.0,,6.0,5,6.0,6.0,6,,6.0,5.0,6.0,6.0,5.0,6.0,6.0,6.0,6.0,5.0,,6.0,6.0,6.0,6.0,6.0,6.0,6.0,6.0,5.0,5,6.0,6.0,6.0,6,,6.0,6.0,6.0,6.0,6.0,,6.0,6.0,6.0,,6.0,6.0,6.0,5,6.0,5.0,6.0,6.0,6.0,6.0,5.0,6.0,6.0,6.0,6.0,4,5.0,5,,5,5,,6.0,4,6,6.0,5,6.0,6.0,6,5.0,5.0,5,6.0,6.0,5,5.0,6.0,,5,4.0,6.0,,6.0,,6.0,6.0,6.0,6.0,6.0,,,5.0,3.0,,6.0,,,5.0,6.0,6.0,6.0,,133,9,1.7122977346278314,-0.5973128156994667
5.0,5,5.0,5,5,4.0,5.0,5.0,5,5.0,5,5.0,2.0,4,,5.0,5.0,,,5.0,4,0.0,1,,5.0,5,5,5,5,5.0,5,5,5.0,,5,4,,,5,,5.0,,5.0,,,5.0,5,,5,,4.0,,5,,0.0,5,5.0,4,,5,5,0,,,,,,,5,,5,4,,5.0,5.0,4,5.0,5.0,,5.0,4,4,4,5.0,2.0,5,5,4,5.0,5.0,,4,,5.0,,2,5,,5,4.0,5,,4,5.0,4,5,,,5,,5,,,5,,5,5,5.0,5.0,,,5.0,,5,5,5.0,5,,,5.0,,5,,,,5.0,4.0,,5,,5.0,4,,5,2.0,5.0,,,,,,,5,,,,,,2.0,0,,5.0,0.0,5.0,5.0,5.0,,,5,,,,3,,,,,,,,5.0,5.0,,4.0,5,5.0,4,5,5.0,,5,5,5,5,5.0,5.0,5.0,4,,5,,1.0,5.0,,,5.0,5.0,5.0,5.0,,,5.0,,,5,5.0,5.0,,5,3,,,5,4,,,0.0,2.0,0.0,,0.0,5.0,5,,5.0,3.0,,,,5,,5.0,5.0,0,5.0,,,4,,,,5,,5.0,,,,,5,5.0,5.0,,3,,,5.0,,,5.0,5.0,,5.0,,,5.0,,5.0,,,,,5.0,5.0,,5.0,5.0,5.0,3,,5,5,4,3,,5.0,,,,,5,5.0,5.0,5,,,5.0,,5.0,5.0,,,,,,,5.0,5.0,,,,5.0,,,5.0,5,5.0,5.0,,5,,5.0,4.0,,,5.0,,,,,,5.0,,,5,,5.0,,5.0,,5.0,0.0,,5.0,,,4,,4,,5,5,,5.0,5,5,,5,,,5,,,5,,,5,,,,5,5.0,,,,,,,,,,,,,5.0,,,,,5.0,5.0,5.0,,5.0,134,9,1.6487479131886478,-0.11926163320845437
4.0,4,2.0,4,4,4.0,,,4,4.0,4,4.0,3.0,4,4.0,,4.0,4.0,,4.0,2,,4,,,4,4,4,4,4.0,4,4,4.0,,4,4,,,4,,,,4.0,4.0,,,4,3.0,4,,,,4,,4.0,4,4.0,0,4.0,3,4,4,,,,,,,4,,4,3,,4.0,4.0,1,,,,4.0,3,4,4,4.0,4.0,3,4,3,2.0,,0.0,3,4.0,4.0,,3,3,,4,3.0,4,0.0,3,,4,4,,,4,,0,,,4,,4,4,,4.0,,,,,4,4,,4,4.0,,4.0,,4,,,,4.0,,,4,4.0,,4,,4,4.0,,,,,,,,4,,,,,,,4,,,0.0,3.0,,,,,4,4.0,,,3,,,,,,,,4.0,4.0,,,4,2.0,4,4,,,3,4,4,4,4.0,,4.0,3,,4,,,4.0,,,,4.0,4.0,0.0,4.0,,,,,3,4.0,4.0,,4,4,,,4,4,4.0,,,4.0,,,,1.0,4,,4.0,4.0,0.0,,,4,,4.0,4.0,4,,,4.0,4,4.0,,,4,4.0,0.0,,0.0,,4.0,4,4.0,,3.0,4,0.0,3.0,4.0,2.0,,4.0,4.0,,,,4.0,2.0,4.0,4.0,,,,,3.0,4.0,,,,4.0,4,,2,4,3,3,,,,,,,4,4.0,4.0,3,,,,,4.0,4.0,,,,,4.0,,4.0,4.0,,,,4.0,,,4.0,1,,,,4,,4.0,2.0,,4.0,4.0,,,,,,4.0,4.0,,3,4.0,4.0,,4.0,,,4.0,,,,4.0,4,,4,,3,4,,,1,4,4.0,4,,,3,,4.0,4,,,4,4.0,2.0,,4,4.0,,,,,,3.0,,,,,,,4.0,,,,,4.0,2.0,,,4.0,135,9,1.4981642189586115,-0.02019791749636367
3.0,3,3.0,3,2,0.0,3.0,3.0,3,3.0,3,3.0,4.0,3,2.0,3.0,4.0,4.0,4.0,3.0,2,4.0,3,4.0,4.0,3,3,3,3,4.0,3,3,1.0,4.0,3,3,4.0,4.0,1,4.0,4.0,4.0,0.0,4.0,,4.0,3,3.0,3,4.0,4.0,4.0,3,0.0,4.0,3,4.0,2,3.0,3,3,3,4.0,4.0,,4.0,,4.0,3,,3,2,4.0,4.0,4.0,3,4.0,4.0,2.0,0.0,2,3,3,3.0,3.0,3,3,2,1.0,3.0,4.0,2,4.0,4.0,,3,2,4.0,3,4.0,3,3.0,3,3.0,2,3,4.0,3.0,3,1.0,3,4.0,4.0,2,4.0,0,3,3.0,4.0,4.0,4.0,4.0,4.0,2,3,3.0,4,4.0,4.0,4.0,4.0,2,4.0,4.0,4.0,4.0,4.0,,3,3.0,4.0,3,1.0,3,4.0,4.0,4.0,4.0,4.0,4.0,,,3,,3.0,4.0,4.0,4.0,3.0,1,4.0,4.0,4.0,3.0,4.0,4.0,,,3,4.0,4.0,4.0,2,1.0,4.0,4.0,4.0,4.0,4.0,4.0,3.0,4.0,4.0,4.0,3,3.0,3,3,4.0,4.0,3,3,3,3,4.0,3.0,4.0,2,4.0,3,4.0,4.0,0.0,4.0,4.0,3.0,4.0,4.0,3.0,4.0,4.0,3.0,4.0,,3,4.0,1.0,2.0,1,1,4.0,0.0,3,3,4.0,,,4.0,4.0,,,0.0,3,3.0,4.0,4.0,4.0,,4.0,4,4.0,3.0,3.0,3,4.0,4.0,4.0,3,4.0,4.0,,3,4.0,3.0,4.0,4.0,4.0,3.0,3,3.0,0.0,4.0,3,,4.0,4.0,4.0,4.0,4.0,3.0,4.0,3.0,4.0,4.0,3.0,4.0,3.0,4.0,4.0,,4.0,3.0,4.0,,1.0,4.0,4.0,3,1.0,3,3,3,3,3.0,4.0,4.0,3.0,,4.0,3,4.0,3.0,3,,4.0,3.0,4.0,4.0,3.0,,4.0,4.0,4.0,3.0,,4.0,3.0,4.0,1.0,4.0,4.0,4.0,4.0,3.0,3,4.0,3.0,4.0,3,,4.0,3.0,4.0,1.0,3.0,,4.0,4.0,4.0,4.0,3.0,4.0,4.0,3,3.0,4.0,4.0,4.0,4.0,3.0,3.0,2.0,4.0,4.0,4.0,2,4.0,3,,3,3,,3.0,3,3,4.0,3,4.0,4.0,3,0.0,3.0,3,4.0,4.0,3,4.0,4.0,,3,3.0,4.0,,4.0,,4.0,4.0,4.0,4.0,4.0,,,,4.0,,4.0,,3.0,3.0,3.0,4.0,4.0,,136,9,1.43227899432279,-0.609105896093374
5.0,5,5.0,5,5,4.0,5.0,,5,5.0,5,0.0,5.0,5,5.0,5.0,5.0,,,5.0,4,5.0,5,,5.0,5,3,5,4,0.0,5,5,5.0,,5,4,,,4,2.0,5.0,5.0,5.0,0.0,2.0,5.0,5,,5,,,5.0,4,,5.0,4,5.0,5,5.0,5,5,5,3.0,,,5.0,,5.0,5,,5,4,,,5.0,5,2.0,5.0,5.0,5.0,4,5,4,5.0,5.0,5,5,4,5.0,5.0,,4,,0.0,,5,4,,5,5.0,5,5.0,4,5.0,3,5,0.0,,5,5.0,5,,,5,4.0,4,5,5.0,5.0,5.0,,,,4,5,5.0,5,5.0,,5.0,,4,,,,5.0,,,5,5.0,5.0,5,5.0,5,5.0,5.0,5.0,,5.0,,,,4,,5.0,,,5.0,,5,5.0,,5.0,5.0,5.0,,,,5,5.0,,,4,5.0,,,,,,5.0,5.0,5.0,,,5,4.0,0,5,,5.0,4,5,4,5,5.0,5.0,,4,5.0,4,,5.0,5.0,5.0,0.0,2.0,5.0,5.0,5.0,5.0,,2.0,,,5,5.0,5.0,,5,5,5.0,1.0,5,5,,,5.0,5.0,0.0,,,5.0,5,,5.0,,,,,5,,5.0,5.0,3,5.0,,5.0,3,5.0,,,5,5.0,5.0,,,,5.0,5,4.0,,,5,,,5.0,5.0,,5.0,5.0,,5.0,,5.0,5.0,5.0,5.0,,,,5.0,5.0,,,5.0,,5.0,5,,5,3,4,5,5.0,,,0.0,,,5,5.0,5.0,5,,,5.0,,1.0,2.0,,5.0,,,5.0,,5.0,2.0,,,,5.0,,,5.0,5,,5.0,,5,,5.0,5.0,4.0,5.0,5.0,,,,,,5.0,5.0,5.0,5,3.0,5.0,,5.0,5.0,3.0,5.0,,5.0,,5.0,1,,5,,5,5,,5.0,3,5,5.0,5,,,4,5.0,5.0,5,,,5,5.0,,,5,5.0,,,,,,5.0,5.0,,,,,,5.0,,,,0.0,5.0,5.0,,,,137,9,1.6052354181307098,-0.16598723888835387
4.0,4,5.0,4,4,4.0,5.0,5.0,1,4.0,4,4.0,4.0,4,5.0,5.0,4.0,4.0,5.0,5.0,2,5.0,3,5.0,4.0,4,4,4,4,5.0,4,4,5.0,5.0,4,3,5.0,5.0,4,5.0,5.0,5.0,5.0,5.0,,5.0,4,5.0,4,5.0,5.0,5.0,4,,5.0,4,0.0,4,4.0,4,4,4,5.0,5.0,,5.0,,1.0,4,,4,3,5.0,5.0,5.0,4,4.0,5.0,5.0,5.0,3,4,4,5.0,5.0,4,4,3,5.0,2.0,5.0,3,5.0,4.0,,4,4,5.0,5,1.0,5,5.0,4,3.0,4,4,5.0,5.0,5,5.0,4,5.0,5.0,4,5.0,4,4,5.0,0.0,5.0,5.0,5.0,0.0,4,4,5.0,4,5.0,2.0,5.0,5.0,4,5.0,5.0,5.0,5.0,5.0,,0,5.0,5.0,4,5.0,5,5.0,5.0,5.0,,5.0,5.0,,,4,,5.0,5.0,5.0,5.0,5.0,4,5.0,4.0,5.0,4.0,5.0,5.0,,4.0,4,5.0,5.0,5.0,4,5.0,5.0,5.0,4.0,5.0,5.0,5.0,4.0,4.0,5.0,5.0,4,5.0,4,5,5.0,1.0,4,4,4,4,5.0,4.0,4.0,3,5.0,3,5.0,5.0,5.0,5.0,,5.0,4.0,2.0,5.0,5.0,5.0,0.0,5.0,,3,5.0,4.0,5.0,4,5,5.0,5.0,4,3,5.0,,5.0,4.0,5.0,,,3.0,4,5.0,4.0,5.0,5.0,,5.0,3,5.0,5.0,4.0,4,4.0,5.0,5.0,4,2.0,5.0,,0,5.0,5.0,5.0,5.0,5.0,5.0,4,5.0,5.0,5.0,4,,5.0,4.0,5.0,5.0,5.0,5.0,5.0,5.0,5.0,5.0,3.0,5.0,4.0,0.0,5.0,,5.0,4.0,5.0,,5.0,5.0,5.0,4,5.0,5,4,3,4,5.0,5.0,5.0,5.0,0.0,,4,5.0,5.0,4,,5.0,4.0,5.0,5.0,4.0,,5.0,5.0,5.0,5.0,,5.0,5.0,5.0,5.0,4.0,2.0,5.0,5.0,4.0,4,5.0,5.0,5.0,4,,4.0,4.0,5.0,5.0,2.0,,5.0,5.0,5.0,5.0,5.0,5.0,4.0,5,4.0,4.0,5.0,0.0,5.0,5.0,4.0,5.0,5.0,5.0,5.0,4,5.0,5,,4,1,,5.0,4,4,5.0,0,5.0,,5,5.0,5.0,4,5.0,5.0,4,5.0,5.0,,4,5.0,5.0,,5.0,,5.0,5.0,5.0,5.0,5.0,,,,5.0,,5.0,,,5.0,4.0,5.0,5.0,,138,9,1.5689457288080013,-0.5930156271221919
5.0,3,0.0,5,2,6.0,5.0,6.0,6,6.0,5,6.0,6.0,6,6.0,6.0,6.0,,6.0,4.0,5,1.0,5,0.0,6.0,3,5,5,6,5.0,3,5,6.0,6.0,5,5,6.0,6.0,5,6.0,6.0,6.0,6.0,6.0,,6.0,5,5.0,5,6.0,,6.0,5,,6.0,5,6.0,5,6.0,5,5,5,6.0,6.0,,6.0,,4.0,5,,5,5,6.0,6.0,6.0,5,6.0,6.0,5.0,0.0,3,5,5,6.0,5.0,5,5,5,6.0,6.0,4.0,5,,6.0,,5,5,6.0,4,6.0,5,5.0,4,5.0,4,5,6.0,6.0,5,1.0,6,5.0,3.0,3,,5,0,5.0,5.0,6.0,6.0,6.0,6.0,5,5,5.0,6,5.0,2.0,5.0,6.0,5,6.0,6.0,6.0,6.0,6.0,,5,6.0,6.0,5,6.0,4,4.0,6.0,5.0,6.0,6.0,6.0,6.0,,5,,6.0,6.0,6.0,6.0,6.0,5,6.0,6.0,6.0,5.0,6.0,6.0,,,4,5.0,6.0,0.0,4,6.0,6.0,6.0,6.0,6.0,6.0,6.0,6.0,5.0,6.0,5.0,4,6.0,5,5,5.0,6.0,4,5,5,5,6.0,5.0,6.0,4,6.0,5,6.0,6.0,0.0,6.0,6.0,6.0,6.0,5.0,6.0,6.0,6.0,6.0,6.0,,5,5.0,5.0,6.0,0,6,0.0,6.0,5,5,4.0,,6.0,6.0,,,,6.0,5,6.0,6.0,5.0,6.0,,6.0,6,6.0,6.0,5.0,5,6.0,3.0,6.0,5,6.0,6.0,,6,6.0,6.0,6.0,6.0,6.0,6.0,6,5.0,4.0,6.0,5,,6.0,6.0,5.0,5.0,2.0,5.0,6.0,5.0,6.0,6.0,6.0,6.0,5.0,6.0,6.0,,6.0,6.0,6.0,,6.0,6.0,5.0,5,5.0,6,6,4,5,6.0,6.0,6.0,6.0,,6.0,4,0.0,6.0,6,,6.0,6.0,6.0,6.0,6.0,,6.0,,,6.0,,5.0,5.0,6.0,6.0,6.0,6.0,6.0,6.0,6.0,6,6.0,6.0,6.0,6,,6.0,6.0,6.0,2.0,6.0,,6.0,6.0,6.0,6.0,6.0,6.0,6.0,5,5.0,5.0,6.0,6.0,6.0,6.0,6.0,6.0,6.0,6.0,6.0,5,6.0,5,,5,5,,5.0,5,5,6.0,5,6.0,,4,5.0,5.0,6,5.0,6.0,6,6.0,6.0,,6,5.0,6.0,,6.0,,6.0,6.0,6.0,0.0,6.0,,,,6.0,,6.0,,,6.0,5.0,5.0,6.0,,139,9,1.6714262534479958,-0.5465195286153676
6.0,6,6.0,6,5,6.0,6.0,6.0,0,6.0,5,6.0,6.0,5,6.0,6.0,6.0,6.0,,6.0,5,6.0,6,6.0,6.0,6,5,6,6,6.0,0,5,5.0,6.0,6,6,3.0,6.0,6,6.0,6.0,6.0,6.0,6.0,,6.0,5,4.0,6,6.0,,0.0,5,,5.0,5,6.0,6,2.0,5,5,6,6.0,6.0,,6.0,,6.0,6,,4,4,,6.0,6.0,6,6.0,,6.0,6.0,5,6,4,6.0,,6,6,6,6.0,6.0,,5,,6.0,,5,5,6.0,6,6.0,6,6.0,5,6.0,5,6,,6.0,5,5.0,6,6.0,6.0,5,,6,5,6.0,6.0,,,,,6,5,3.0,6,6.0,6.0,6.0,6.0,6,,6.0,6.0,6.0,6.0,,5,,6.0,5,6.0,6,6.0,5.0,6.0,,6.0,,,,6,,6.0,,,6.0,,5,6.0,6.0,6.0,6.0,6.0,6.0,,,6,6.0,6.0,6.0,5,6.0,,,,6.0,,6.0,6.0,6.0,,6.0,5,6.0,6,5,6.0,6.0,5,5,5,6,6.0,3.0,6.0,4,5.0,5,,6.0,4.0,6.0,,4.0,6.0,6.0,6.0,6.0,6.0,6.0,,,5,4.0,6.0,6.0,6,6,6.0,6.0,6,6,,,,6.0,6.0,,,6.0,6,6.0,6.0,6.0,,,4.0,1,4.0,6.0,6.0,6,6.0,6.0,6.0,6,3.0,,,6,6.0,6.0,,6.0,6.0,6.0,6,6.0,6.0,,6,,0.0,6.0,6.0,6.0,6.0,6.0,,6.0,6.0,6.0,3.0,6.0,6.0,,,,6.0,6.0,6.0,,6.0,6.0,6.0,5,,5,6,5,5,6.0,6.0,6.0,,,,2,6.0,5.0,6,,6.0,5.0,6.0,6.0,5.0,,6.0,,,5.0,,0.0,6.0,6.0,,,6.0,,6.0,6.0,6,,6.0,6.0,6,,6.0,6.0,3.0,6.0,6.0,4.0,,6.0,6.0,,6.0,6.0,0.0,6,0.0,2.0,,6.0,6.0,6.0,5.0,6.0,6.0,4.0,6.0,6,6.0,6,0.0,6,6,6.0,0.0,6,5,6.0,5,6.0,,5,6.0,6.0,6,6.0,6.0,5,5.0,,,6,6.0,,,0.0,,,6.0,,6.0,,,,5.0,6.0,,6.0,,,6.0,6.0,6.0,6.0,,140,9,1.74636028766883,-0.34316898374694704
4.0,4,4.0,3,3,4.0,5.0,4.0,4,0.0,3,4.0,4.0,4,5.0,2.0,4.0,5.0,5.0,4.0,2,2.0,4,5.0,4.0,4,4,4,5,4.0,4,3,1.0,5.0,3,3,5.0,3.0,3,5.0,5.0,0.0,5.0,5.0,,5.0,4,5.0,4,5.0,5.0,4.0,4,,5.0,4,5.0,5,4.0,4,4,4,5.0,3.0,,5.0,,4.0,3,,0,4,4.0,5.0,5.0,4,5.0,5.0,5.0,5.0,3,4,4,5.0,4.0,4,5,3,5.0,5.0,5.0,3,,5.0,,4,4,4.0,4,4.0,3,5.0,1,5.0,3,4,5.0,5.0,4,5.0,4,5.0,5.0,4,,4,4,3.0,5.0,5.0,5.0,5.0,5.0,4,4,5.0,4,4.0,5.0,5.0,5.0,4,5.0,5.0,5.0,4.0,5.0,5.0,4,5.0,4.0,4,5.0,4,5.0,5.0,4.0,5.0,5.0,5.0,4.0,5.0,4,,4.0,1.0,5.0,5.0,5.0,4,5.0,5.0,4.0,3.0,4.0,0.0,,,4,5.0,5.0,5.0,4,5.0,5.0,5.0,5.0,5.0,5.0,5.0,5.0,4.0,5.0,5.0,3,5.0,4,4,5.0,5.0,4,4,4,4,4.0,4.0,5.0,3,4.0,4,5.0,0.0,4.0,5.0,5.0,5.0,5.0,4.0,4.0,2.0,4.0,4.0,5.0,,4,5.0,4.0,5.0,4,4,1.0,5.0,4,3,5.0,,5.0,4.0,2.0,,4.0,5.0,4,5.0,0.0,4.0,5.0,,5.0,4,5.0,5.0,4.0,4,4.0,5.0,5.0,2,5.0,5.0,5.0,4,4.0,1.0,5.0,5.0,5.0,5.0,4,4.0,4.0,0.0,4,,5.0,4.0,5.0,5.0,4.0,4.0,0.0,4.0,5.0,5.0,4.0,5.0,4.0,5.0,5.0,,5.0,5.0,5.0,,4.0,5.0,5.0,4,1.0,4,4,0,4,5.0,2.0,5.0,5.0,,5.0,4,5.0,5.0,5,,5.0,5.0,5.0,5.0,5.0,5.0,5.0,5.0,5.0,4.0,,5.0,4.0,5.0,5.0,5.0,5.0,5.0,5.0,5.0,4,4.0,4.0,5.0,4,,5.0,4.0,4.0,5.0,4.0,,5.0,5.0,5.0,5.0,5.0,5.0,3.0,5,2.0,4.0,5.0,3.0,4.0,5.0,4.0,5.0,5.0,5.0,5.0,4,5.0,4,,4,4,,5.0,4,4,5.0,4,5.0,5.0,4,5.0,4.0,4,4.0,4.0,4,5.0,5.0,,4,4.0,5.0,5.0,5.0,,5.0,5.0,4.0,5.0,5.0,0.0,,,5.0,,5.0,4.0,,4.0,4.0,5.0,5.0,,141,9,1.5395189003436427,-0.5574746879973165
4.0,5,4.0,5,5,5.0,5.0,5.0,0,5.0,5,4.0,5.0,3,5.0,5.0,4.0,5.0,,5.0,4,,1,5.0,5.0,5,4,5,5,5.0,5,5,,,5,5,5.0,,5,5.0,5.0,5.0,5.0,5.0,,,5,5.0,5,,,5.0,3,,4.0,4,5.0,5,5.0,5,5,5,,0.0,,1.0,,,5,,4,4,5.0,,4.0,5,0.0,5.0,,5.0,5,4,4,5.0,5.0,5,5,5,5.0,5.0,,3,,5.0,,4,4,5.0,5,,5,,5,,4,5,,,5,,5,5.0,5.0,5,,5,5,,5.0,,,,,5,4,5.0,5,5.0,,5.0,0.0,1,,,,5.0,,,5,,5.0,4,5.0,5,5.0,5.0,5.0,4.0,,,,,4,,5.0,,,4.0,,5,5.0,,,5.0,,,,,5,5.0,,4.0,5,5.0,,,,5.0,,2.0,2.0,5.0,,,4,1.0,5,5,5.0,5.0,4,4,5,5,5.0,5.0,5.0,3,5.0,5,,,0.0,0.0,,5.0,5.0,5.0,5.0,0.0,,0.0,,,5,5.0,,5.0,5,5,,,5,5,,,,5.0,,,,5.0,4,,5.0,5.0,,,,5,,5.0,5.0,5,5.0,,,5,4.0,,,5,5.0,5.0,,,1.0,5.0,5,5.0,5.0,,5,,4.0,5.0,5.0,5.0,5.0,5.0,,,0.0,,4.0,5.0,,,,,,5.0,5.0,,5.0,5.0,5.0,5,,5,5,5,5,,,,,,,5,,0.0,5,,4.0,5.0,,5.0,5.0,,,,,5.0,,3.0,5.0,,,,5.0,5.0,,4.0,5,,5.0,2.0,5,,,3.0,2.0,5.0,5.0,,,,,,5.0,,,5,5.0,5.0,2.0,5.0,,,5.0,,,,5.0,5,,4,,5,5,,5.0,5,5,,5,,,5,,5.0,5,5.0,,5,,,,5,5.0,,,,,,,,5.0,,,,,5.0,,3.0,,,5.0,5.0,,5.0,,142,9,1.6802244039270686,-0.05508234686292727
5.0,5,5.0,5,5,5.0,5.0,5.0,5,5.0,5,3.0,6.0,5,6.0,5.0,5.0,6.0,6.0,5.0,4,6.0,5,6.0,5.0,5,5,4,5,6.0,5,5,6.0,6.0,6,5,6.0,6.0,5,6.0,5.0,6.0,5.0,6.0,6.0,0.0,5,6.0,5,6.0,6.0,5.0,4,,5.0,2,1.0,4,5.0,5,5,5,6.0,6.0,1.0,6.0,,5.0,5,,5,4,6.0,6.0,5.0,5,3.0,6.0,5.0,5.0,4,5,5,5.0,6.0,5,5,4,6.0,6.0,4.0,5,6.0,5.0,,5,5,6.0,5,6.0,4,6.0,5,6.0,3,5,0.0,0.0,5,6.0,6,6.0,5.0,5,6.0,5,5,6.0,5.0,6.0,5.0,6.0,6.0,4,5,6.0,5,5.0,6.0,6.0,6.0,5,6.0,6.0,6.0,5.0,6.0,,5,6.0,5.0,4,0.0,5,4.0,6.0,0.0,,5.0,6.0,,6.0,0,,5.0,6.0,6.0,6.0,6.0,4,6.0,6.0,5.0,5.0,6.0,4.0,6.0,,5,5.0,6.0,0.0,4,6.0,6.0,6.0,6.0,0.0,6.0,6.0,5.0,5.0,6.0,6.0,5,5.0,5,5,6.0,5.0,4,1,5,5,5.0,4.0,5.0,3,5.0,5,6.0,5.0,5.0,6.0,6.0,5.0,6.0,5.0,6.0,5.0,6.0,6.0,6.0,,5,5.0,6.0,6.0,5,5,6.0,5.0,5,3,6.0,,6.0,6.0,6.0,,,6.0,5,6.0,5.0,6.0,6.0,,6.0,5,1.0,5.0,5.0,4,6.0,6.0,6.0,5,6.0,6.0,,6,5.0,5.0,5.0,6.0,6.0,5.0,5,5.0,6.0,6.0,5,,6.0,6.0,6.0,6.0,5.0,5.0,6.0,5.0,6.0,6.0,5.0,6.0,5.0,6.0,6.0,,6.0,6.0,6.0,,6.0,6.0,5.0,5,6.0,5,5,5,5,6.0,6.0,6.0,6.0,,6.0,4,6.0,6.0,5,,6.0,5.0,6.0,6.0,5.0,6.0,4.0,6.0,6.0,5.0,,4.0,5.0,4.0,6.0,6.0,6.0,6.0,5.0,6.0,5,6.0,5.0,0.0,5,,6.0,6.0,6.0,5.0,6.0,,6.0,6.0,6.0,3.0,6.0,6.0,6.0,5,5.0,5.0,6.0,6.0,1.0,5.0,6.0,6.0,6.0,6.0,6.0,5,0.0,5,,5,5,,4.0,2,2,6.0,5,6.0,6.0,5,6.0,5.0,5,6.0,5.0,1,4.0,6.0,,5,6.0,6.0,,6.0,,6.0,6.0,6.0,6.0,6.0,,,,5.0,,6.0,,,5.0,5.0,6.0,6.0,6.0,143,9,1.6795102040816323,-0.6105098182604327
4.0,4,5.0,4,4,5.0,5.0,5.0,4,4.0,4,2.0,4.0,3,4.0,5.0,4.0,2.0,5.0,4.0,0,5.0,4,5.0,3.0,4,4,4,4,4.0,4,4,3.0,5.0,4,4,0.0,5.0,1,2.0,4.0,5.0,5.0,5.0,,5.0,1,5.0,4,5.0,5.0,5.0,4,,4.0,4,4.0,0,5.0,4,4,5,5.0,5.0,,5.0,,5.0,4,,4,3,5.0,5.0,4.0,4,4.0,5.0,2.0,5.0,3,3,4,5.0,5.0,4,4,4,4.0,4.0,5.0,3,5.0,5.0,,4,4,5.0,4,4.0,4,3.0,4,5.0,3,4,5.0,5.0,4,5.0,3,5.0,5.0,4,5.0,4,5,4.0,4.0,5.0,5.0,5.0,5.0,4,0,4.0,4,5.0,5.0,5.0,5.0,4,5.0,5.0,5.0,5.0,5.0,,4,5.0,5.0,4,5.0,4,5.0,4.0,4.0,,3.0,5.0,,5.0,4,,4.0,5.0,0.0,5.0,5.0,4,5.0,5.0,5.0,4.0,4.0,5.0,0.0,,4,5.0,5.0,,3,5.0,5.0,5.0,5.0,5.0,5.0,5.0,3.0,5.0,5.0,1.0,4,5.0,4,4,5.0,0.0,3,3,1,4,2.0,4.0,5.0,2,5.0,0,5.0,5.0,4.0,4.0,5.0,4.0,5.0,5.0,5.0,5.0,5.0,4.0,5.0,,4,5.0,5.0,5.0,4,4,4.0,2.0,4,4,5.0,,5.0,5.0,5.0,,,4.0,4,5.0,4.0,5.0,5.0,,5.0,4,5.0,4.0,4.0,3,5.0,5.0,5.0,4,2.0,5.0,,4,5.0,4.0,5.0,5.0,5.0,5.0,4,4.0,5.0,5.0,4,,5.0,5.0,4.0,5.0,4.0,4.0,5.0,5.0,5.0,5.0,4.0,5.0,4.0,5.0,5.0,,0.0,5.0,5.0,,5.0,5.0,4.0,4,5.0,4,4,3,5,5.0,5.0,5.0,5.0,,5.0,4,5.0,5.0,4,,5.0,4.0,5.0,5.0,5.0,,5.0,5.0,5.0,5.0,,5.0,4.0,5.0,5.0,5.0,4.0,5.0,5.0,3.0,4,5.0,5.0,5.0,4,,4.0,4.0,5.0,5.0,4.0,1.0,0.0,5.0,5.0,,4.0,5.0,5.0,4,5.0,4.0,5.0,5.0,5.0,5.0,5.0,5.0,5.0,5.0,5.0,4,5.0,4,,4,4,,5.0,4,5,5.0,4,5.0,5.0,5,5.0,4.0,4,5.0,5.0,4,5.0,5.0,,4,4.0,5.0,5.0,5.0,3.0,5.0,5.0,5.0,5.0,2.0,,,,5.0,,5.0,,,5.0,4.0,5.0,5.0,,144,9,1.6001624695369618,-0.5760616404677477
4.0,1,5.0,4,4,5.0,5.0,5.0,5,4.0,3,5.0,5.0,4,5.0,4.0,5.0,5.0,5.0,5.0,3,5.0,4,5.0,5.0,4,4,5,5,5.0,5,4,5.0,5.0,5,4,5.0,3.0,4,5.0,5.0,5.0,5.0,5.0,,5.0,5,5.0,5,5.0,,0.0,4,,4.0,5,5.0,4,4.0,4,4,4,5.0,5.0,,5.0,,1.0,4,,4,3,5.0,5.0,5.0,4,3.0,5.0,5.0,5.0,3,5,4,5.0,5.0,5,5,4,1.0,5.0,5.0,3,,5.0,,4,4,5.0,4,5.0,5,5.0,4,5.0,4,0,5.0,5.0,5,5.0,4,5.0,5.0,3,,4,5,5.0,3.0,5.0,,5.0,5.0,4,4,5.0,5,5.0,5.0,5.0,5.0,4,,5.0,5.0,5.0,5.0,,4,2.0,5.0,4,5.0,4,5.0,5.0,5.0,,5.0,,,,4,,5.0,5.0,5.0,5.0,5.0,3,5.0,5.0,5.0,5.0,5.0,5.0,,,4,5.0,5.0,3.0,4,5.0,5.0,5.0,5.0,5.0,5.0,5.0,5.0,5.0,,5.0,4,5.0,5,4,5.0,5.0,4,4,4,5,4.0,2.0,5.0,3,5.0,4,5.0,5.0,5.0,5.0,,5.0,5.0,5.0,5.0,5.0,5.0,5.0,5.0,,4,5.0,5.0,5.0,4,5,0.0,5.0,4,4,5.0,,5.0,5.0,,,,5.0,5,5.0,5.0,5.0,5.0,,,2,5.0,5.0,4.0,5,5.0,5.0,5.0,4,5.0,5.0,,4,5.0,4.0,,5.0,,0.0,5,0.0,4.0,5.0,5,,5.0,5.0,5.0,5.0,5.0,5.0,5.0,5.0,5.0,5.0,4.0,5.0,4.0,5.0,5.0,,5.0,1.0,5.0,,5.0,5.0,5.0,2,5.0,4,5,5,2,5.0,2.0,5.0,5.0,4.0,,4,5.0,5.0,4,,5.0,5.0,5.0,5.0,5.0,,5.0,,,4.0,,5.0,5.0,5.0,5.0,5.0,5.0,,5.0,0.0,5,5.0,5.0,5.0,5,,5.0,4.0,4.0,0.0,5.0,,,5.0,5.0,0.0,5.0,5.0,5.0,4,5.0,4.0,5.0,5.0,5.0,4.0,5.0,5.0,5.0,5.0,5.0,0,5.0,5,,5,4,,5.0,4,4,5.0,5,5.0,,4,5.0,4.0,4,5.0,5.0,4,5.0,,,4,5.0,5.0,,0.0,,5.0,5.0,5.0,5.0,5.0,,,,4.0,,5.0,,,4.0,5.0,5.0,5.0,,145,9,1.5964883220142454,-0.5336468811729795
4.0,1,,3,4,,4.0,4.0,4,4.0,4,,4.0,4,,,4.0,,,,3,,4,,4.0,4,4,4,4,4.0,4,4,4.0,,4,4,,,3,4.0,,,,,3.0,,4,4.0,3,,,4.0,4,,4.0,3,0.0,4,3.0,4,3,4,,,,4.0,,,4,0.0,4,4,,,,4,,,0.0,,2,4,3,,,4,4,4,,,,4,4.0,,,3,4,,4,3.0,4,,3,4.0,1,4,,,4,,4,,,2,,3,4,4.0,4.0,4.0,,,,1,4,4.0,4,4.0,,,,4,2.0,,,4.0,4.0,,4,,4.0,4,,4,,4.0,2.0,,4.0,,,,4,,4.0,,,,,3,,0.0,4.0,4.0,,2.0,,,4,4.0,,,4,,,,4.0,,,,,4.0,,4.0,4,,4,4,,4.0,3,4,3,4,4.0,3.0,4.0,3,3.0,3,,4.0,4.0,4.0,,4.0,,4.0,,4.0,,4.0,,,4,4.0,,,3,4,0.0,4.0,4,3,,,3.0,,,,,,4,,4.0,,,,,1,4.0,4.0,3.0,3,4.0,,,4,,,,2,,,,,,,4,4.0,4.0,,4,,,4.0,4.0,,4.0,,,4.0,,,4.0,3.0,4.0,,,,4.0,,,,4.0,,,4,,4,4,4,4,4.0,,,,,,0,,,4,,,4.0,2.0,4.0,4.0,,0.0,,,4.0,,4.0,4.0,,,,,,4.0,,4,,4.0,,4,,,,,4.0,,,,0.0,,,4.0,2.0,,4,3.0,4.0,,4.0,4.0,4.0,4.0,4.0,4.0,,,4,4.0,4,,4,4,,4.0,4,1,4.0,4,,0.0,2,4.0,4.0,4,4.0,2.0,0,,,,4,,,,,,,,,,,,,,,,,,,4.0,4.0,,,,146,9,1.5148597044662129,-0.06239846131501082
4.0,4,4.0,4,3,5.0,5.0,0.0,5,4.0,5,4.0,4.0,4,5.0,5.0,5.0,5.0,5.0,5.0,3,1.0,5,5.0,5.0,4,4,4,4,5.0,4,4,3.0,5.0,4,2,5.0,5.0,4,5.0,5.0,5.0,5.0,5.0,,5.0,4,5.0,4,5.0,5.0,5.0,4,,4.0,4,5.0,5,5.0,1,4,4,5.0,5.0,,5.0,,5.0,4,,4,3,5.0,5.0,5.0,4,5.0,5.0,5.0,4.0,3,4,4,4.0,5.0,4,4,3,5.0,5.0,5.0,3,,5.0,,3,4,5.0,4,4.0,4,5.0,0,4.0,3,2,5.0,5.0,4,5.0,4,5.0,5.0,4,1.0,4,4,5.0,5.0,5.0,5.0,5.0,5.0,4,5,5.0,4,4.0,5.0,5.0,4.0,4,5.0,5.0,5.0,5.0,5.0,,1,5.0,5.0,4,5.0,5,5.0,5.0,5.0,5.0,5.0,5.0,0.0,5.0,4,,5.0,1.0,5.0,5.0,0.0,4,5.0,5.0,5.0,0.0,5.0,5.0,,,4,5.0,5.0,5.0,4,5.0,5.0,5.0,5.0,2.0,5.0,5.0,4.0,4.0,5.0,5.0,4,5.0,4,5,5.0,5.0,4,4,4,4,5.0,4.0,5.0,3,5.0,4,5.0,5.0,3.0,5.0,4.0,5.0,5.0,5.0,4.0,5.0,5.0,5.0,,,4,5.0,5.0,5.0,4,4,3.0,5.0,3,4,5.0,,5.0,5.0,,0.0,,5.0,4,5.0,4.0,5.0,5.0,,5.0,4,5.0,5.0,5.0,4,5.0,5.0,5.0,4,5.0,5.0,,5,5.0,4.0,0.0,3.0,5.0,5.0,2,5.0,4.0,5.0,4,0.0,5.0,4.0,5.0,5.0,4.0,4.0,5.0,5.0,5.0,5.0,5.0,5.0,4.0,5.0,5.0,,5.0,5.0,2.0,,3.0,5.0,4.0,4,5.0,4,4,4,4,5.0,2.0,5.0,3.0,,5.0,4,5.0,5.0,4,,5.0,5.0,5.0,5.0,5.0,,5.0,5.0,5.0,4.0,,2.0,4.0,5.0,5.0,5.0,5.0,5.0,5.0,5.0,4,5.0,5.0,5.0,4,,4.0,4.0,5.0,5.0,4.0,,5.0,5.0,5.0,,5.0,5.0,5.0,4,0.0,4.0,2.0,5.0,5.0,5.0,0.0,5.0,5.0,5.0,5.0,4,5.0,4,,4,4,5.0,5.0,4,4,5.0,4,5.0,,4,5.0,3.0,4,5.0,5.0,4,5.0,5.0,,2,4.0,5.0,,5.0,,5.0,5.0,5.0,5.0,5.0,,,,5.0,,5.0,,,2.0,4.0,5.0,5.0,,147,9,1.5249918327344005,-0.5283686222780887
5.0,4,4.0,4,4,0.0,5.0,0.0,5,5.0,4,5.0,5.0,5,,5.0,4.0,,,5.0,3,5.0,5,5.0,5.0,5,5,5,5,5.0,4,2,5.0,,5,0,5.0,5.0,4,5.0,5.0,5.0,5.0,,,5.0,5,5.0,5,5.0,,5.0,4,,5.0,5,5.0,5,5.0,4,4,4,,5.0,,4.0,,5.0,3,,4,4,5.0,5.0,5.0,5,5.0,,5.0,5.0,3,5,5,5.0,5.0,4,5,3,5.0,5.0,,3,,5.0,,3,5,5.0,5,5.0,5,5.0,5,,4,5,,,5,5.0,5,5.0,5.0,5,,5,5,5.0,5.0,5.0,,5.0,5.0,4,4,5.0,5,5.0,,,,5,,,5.0,5.0,,,4,,5.0,5,5.0,5,5.0,5.0,5.0,,5.0,,,,5,,3.0,,,,,5,5.0,,5.0,3.0,,5.0,2.0,,4,5.0,5.0,,4,,0.0,,,5.0,,5.0,5.0,5.0,,5.0,4,1.0,5,5,,,4,4,5,5,5.0,5.0,5.0,4,5.0,5,,5.0,5.0,5.0,3.0,5.0,5.0,5.0,5.0,5.0,5.0,5.0,,,5,5.0,5.0,5.0,4,5,1.0,5.0,5,4,,,,5.0,,,,5.0,4,2.0,5.0,5.0,,,,5,5.0,5.0,5.0,5,5.0,,5.0,4,5.0,,,5,2.0,5.0,,,,5.0,5,5.0,5.0,,4,,5.0,5.0,5.0,0.0,5.0,5.0,,0.0,5.0,5.0,5.0,5.0,5.0,4.0,,,,,5.0,,5.0,5.0,5.0,5,5.0,5,5,2,4,5.0,5.0,4.0,5.0,,,5,5.0,5.0,1,,5.0,5.0,,5.0,5.0,,5.0,,,4.0,5.0,5.0,5.0,,,,5.0,,5.0,5.0,5,,,,4,,5.0,5.0,5.0,5.0,5.0,4.0,,5.0,,0.0,5.0,5.0,5.0,4,4.0,5.0,5.0,5.0,5.0,5.0,5.0,2.0,,,5.0,5,5.0,4,,5,5,,5.0,4,5,5.0,5,,0.0,5,5.0,5.0,5,5.0,5.0,0,5.0,,,5,5.0,5.0,,,,,5.0,5.0,3.0,,,5.0,,5.0,,,,,0.0,5.0,5.0,,,148,9,1.6608176555716354,-0.24487337107614748
3.0,4,5.0,4,4,5.0,5.0,5.0,5,4.0,4,5.0,5.0,5,5.0,5.0,5.0,5.0,,5.0,3,5.0,4,5.0,5.0,4,4,5,5,5.0,5,4,5.0,5.0,4,4,5.0,5.0,4,5.0,5.0,5.0,5.0,5.0,,5.0,5,5.0,5,5.0,5.0,5.0,4,,5.0,5,4.0,5,0.0,3,4,5,5.0,5.0,,5.0,,5.0,4,,4,2,5.0,0.0,5.0,4,5.0,5.0,5.0,5.0,4,5,4,5.0,5.0,5,5,4,5.0,5.0,4.0,2,,5.0,,4,4,5.0,4,5.0,4,5.0,5,5.0,4,5,,,5,5.0,4,5.0,5.0,4,,4,5,5.0,5.0,5.0,1.0,5.0,5.0,4,4,5.0,5,5.0,5.0,5.0,2.0,4,5.0,,5.0,5.0,5.0,,5,5.0,5.0,4,5.0,5,5.0,5.0,0.0,,5.0,,,,4,,5.0,5.0,,5.0,5.0,3,5.0,5.0,5.0,5.0,5.0,5.0,,,4,4.0,5.0,,4,5.0,5.0,5.0,5.0,5.0,5.0,5.0,5.0,5.0,,5.0,3,5.0,5,5,5.0,5.0,4,4,3,2,5.0,4.0,0.0,3,5.0,4,,1.0,4.0,5.0,,4.0,5.0,5.0,2.0,5.0,5.0,5.0,,,0,4.0,5.0,5.0,4,5,5.0,5.0,4,4,5.0,,,2.0,,,,2.0,5,5.0,5.0,5.0,5.0,,,4,5.0,0.0,5.0,4,5.0,5.0,3.0,4,5.0,5.0,,5,5.0,5.0,,5.0,,5.0,5,5.0,4.0,5.0,5,,5.0,5.0,5.0,5.0,5.0,5.0,,5.0,5.0,5.0,4.0,5.0,1.0,5.0,5.0,,5.0,5.0,5.0,,5.0,5.0,5.0,3,5.0,5,4,4,5,5.0,5.0,5.0,5.0,,,4,5.0,5.0,5,,5.0,5.0,5.0,5.0,5.0,,5.0,,,5.0,,5.0,5.0,5.0,5.0,5.0,5.0,,1.0,5.0,5,,5.0,5.0,5,,5.0,4.0,5.0,5.0,5.0,2.0,,5.0,5.0,,5.0,5.0,5.0,5,1.0,5.0,5.0,5.0,5.0,0.0,5.0,5.0,0.0,5.0,5.0,4,2.0,4,0.0,5,4,,5.0,4,5,5.0,5,5.0,,4,5.0,5.0,4,5.0,5.0,4,4.0,3.0,3.0,5,5.0,,,0.0,,2.0,5.0,5.0,5.0,5.0,,,,4.0,,,,,3.0,4.0,5.0,5.0,,149,9,1.6091758708581139,-0.40866589096989064
5.0,5,3.0,4,4,5.0,4.0,5.0,4,4.0,4,5.0,5.0,4,5.0,5.0,4.0,5.0,5.0,5.0,4,5.0,4,5.0,5.0,5,5,4,4,5.0,1,4,5.0,5.0,5,4,5.0,5.0,5,5.0,5.0,5.0,5.0,5.0,,5.0,5,5.0,4,5.0,,5.0,2,,5.0,5,5.0,5,4.0,4,5,5,5.0,5.0,,5.0,,5.0,4,,4,3,5.0,5.0,5.0,4,5.0,5.0,5.0,4.0,3,5,4,3.0,5.0,4,4,4,5.0,5.0,0.0,3,,5.0,0.0,4,3,5.0,4,5.0,5,5.0,4,5.0,4,2,5.0,5.0,3,5.0,5,0.0,5.0,3,,4,5,4.0,5.0,5.0,4.0,5.0,5.0,5,3,5.0,3,0.0,5.0,5.0,5.0,4,5.0,5.0,5.0,5.0,5.0,,4,5.0,5.0,0,5.0,4,5.0,5.0,5.0,,5.0,4.0,,,4,,5.0,5.0,,5.0,5.0,4,5.0,5.0,5.0,5.0,5.0,5.0,,4.0,2,5.0,5.0,,4,5.0,5.0,5.0,5.0,5.0,,5.0,5.0,5.0,,5.0,5,5.0,4,4,5.0,5.0,4,5,5,5,5.0,4.0,5.0,4,5.0,4,5.0,5.0,5.0,5.0,,4.0,5.0,4.0,5.0,5.0,5.0,5.0,,,5,2.0,5.0,3.0,4,5,5.0,5.0,4,4,5.0,,,5.0,,,,1.0,5,5.0,5.0,5.0,5.0,,,5,5.0,5.0,5.0,0,2.0,5.0,5.0,5,5.0,,,5,5.0,5.0,,5.0,,5.0,5,4.0,5.0,,5,,5.0,5.0,5.0,5.0,5.0,5.0,,5.0,0.0,5.0,5.0,5.0,5.0,,,,5.0,1.0,5.0,,5.0,5.0,5.0,5,5.0,5,5,4,4,5.0,5.0,5.0,4.0,,0.0,4,5.0,5.0,4,,5.0,5.0,5.0,5.0,5.0,,5.0,,,4.0,3.0,5.0,5.0,5.0,5.0,5.0,5.0,5.0,5.0,5.0,5,5.0,5.0,,5,,0.0,4.0,5.0,3.0,5.0,,5.0,,5.0,,4.0,5.0,1.0,5,5.0,5.0,,5.0,5.0,5.0,5.0,5.0,5.0,5.0,5.0,4,5.0,4,,4,4,,5.0,4,4,0.0,4,5.0,,5,5.0,5.0,5,5.0,5.0,4,5.0,,4.0,5,5.0,,,5.0,,,5.0,5.0,5.0,5.0,,,,3.0,,5.0,,,4.0,5.0,5.0,5.0,,150,9,1.58800543662929,-0.43966826142203935
5.0,5,5.0,5,4,5.0,5.0,5.0,4,4.0,4,0.0,4.0,4,5.0,5.0,4.0,5.0,3.0,4.0,3,5.0,5,5.0,5.0,5,5,5,5,5.0,5,5,5.0,,5,5,0.0,,4,,,5.0,5.0,5.0,,5.0,5,3.0,4,4.0,,5.0,5,,5.0,4,5.0,5,5.0,4,5,5,,5.0,,5.0,,,3,0.0,5,4,5.0,,5.0,4,5.0,3.0,5.0,5.0,4,5,5,5.0,5.0,5,5,4,5.0,5.0,,4,1.0,5.0,,4,4,5.0,2,5.0,5,5.0,5,5.0,4,5,,,5,5.0,5,,5.0,5,,5,0,,5.0,,5.0,,5.0,5,5,5.0,5,5.0,5.0,3.0,4.0,1,,,5.0,5.0,,,5,,5.0,5,5.0,5,5.0,,5.0,,5.0,,,,1,,5.0,,,5.0,5.0,5,,4.0,5.0,5.0,5.0,,,,3,5.0,4.0,,4,5.0,,,,,,5.0,3.0,5.0,,,4,3.0,5,5,,5.0,4,5,5,2,5.0,5.0,5.0,4,2.0,5,,5.0,5.0,5.0,,5.0,5.0,5.0,5.0,5.0,5.0,5.0,,,5,,5.0,,5,5,5.0,5.0,5,5,,,,5.0,,0.0,,5.0,5,,5.0,5.0,,,,5,5.0,2.0,5.0,3,5.0,,5.0,4,0.0,,,5,5.0,5.0,,,,5.0,5,5.0,5.0,,5,,,5.0,,0.0,5.0,5.0,,5.0,4.0,5.0,0.0,5.0,5.0,,,,,5.0,5.0,,5.0,3.0,5.0,5,5.0,5,5,4,5,,5.0,5.0,5.0,,,5,,5.0,5,,,5.0,,5.0,5.0,,,,,5.0,,5.0,5.0,,,,2.0,,,5.0,5,,,,3,,5.0,5.0,,,5.0,,,0.0,,,5.0,3.0,5.0,5,5.0,5.0,,5.0,,,5.0,,,,,5,,5,,5,5,,5.0,5,5,5.0,5,,,5,4.0,5.0,5,,,5,,5.0,,5,5.0,,,,0.0,,,,5.0,,,,,5.0,,,,,5.0,5.0,,,,151,9,1.5881413101366946,-0.07511816491782553
6.0,6,0.0,6,6,7.0,7.0,7.0,7,7.0,6,6.0,7.0,5,7.0,6.0,6.0,7.0,7.0,6.0,5,7.0,6,7.0,7.0,7,6,6,7,0.0,7,6,6.0,7.0,7,6,7.0,7.0,7,7.0,7.0,7.0,7.0,7.0,,7.0,7,2.0,7,7.0,,7.0,3,0.0,6.0,5,6.0,7,7.0,6,6,6,7.0,7.0,,7.0,,7.0,6,,6,6,7.0,7.0,7.0,6,7.0,7.0,6.0,7.0,5,7,6,7.0,6.0,6,6,5,7.0,0.0,7.0,7,,7.0,,6,2,7.0,7,7.0,7,7.0,6,7.0,6,6,,,7,7.0,7,7.0,7.0,6,,6,6,7.0,6.0,7.0,,7.0,7.0,6,6,7.0,7,7.0,7.0,7.0,0.0,6,7.0,7.0,7.0,6.0,7.0,,7,7.0,7.0,5,7.0,7,7.0,7.0,7.0,,2.0,,,,6,,7.0,7.0,,7.0,7.0,5,7.0,7.0,7.0,7.0,7.0,7.0,,,7,7.0,7.0,,5,7.0,7.0,,7.0,7.0,7.0,7.0,7.0,7.0,,7.0,6,7.0,7,6,7.0,7.0,6,6,6,7,7.0,7.0,7.0,4,6.0,6,7.0,6.0,6.0,7.0,,5.0,7.0,7.0,5.0,4.0,7.0,7.0,,,6,7.0,7.0,7.0,6,6,7.0,7.0,6,6,7.0,,,7.0,0.0,0.0,,7.0,7,7.0,7.0,7.0,,,,7,7.0,7.0,7.0,6,7.0,7.0,7.0,6,7.0,0.0,,7,7.0,4.0,,7.0,3.0,7.0,7,7.0,6.0,,6,7.0,7.0,7.0,7.0,7.0,7.0,7.0,,7.0,7.0,7.0,7.0,7.0,7.0,7.0,7.0,,7.0,6.0,7.0,,7.0,7.0,7.0,6,7.0,7,6,5,6,7.0,7.0,7.0,7.0,,6.0,6,7.0,7.0,7,,7.0,6.0,5.0,6.0,6.0,,1.0,7.0,,6.0,,7.0,6.0,7.0,7.0,7.0,7.0,7.0,7.0,7.0,6,7.0,5.0,7.0,6,,7.0,7.0,6.0,7.0,7.0,,7.0,0.0,7.0,,7.0,7.0,3.0,6,1.0,7.0,7.0,7.0,7.0,7.0,7.0,7.0,7.0,7.0,7.0,0,7.0,6,,6,6,,7.0,6,6,7.0,6,7.0,,7,7.0,6.0,4,7.0,7.0,7,7.0,,,6,7.0,7.0,,7.0,,7.0,7.0,7.0,7.0,7.0,,,6.0,2.0,,7.0,,,7.0,7.0,7.0,,,152,9,1.7742361684558217,-0.450117211561016
5.0,4,5.0,4,4,5.0,5.0,5.0,4,5.0,4,5.0,5.0,3,5.0,4.0,2.0,5.0,5.0,5.0,3,5.0,4,5.0,4.0,4,5,5,5,5.0,0,4,5.0,5.0,4,4,5.0,5.0,5,5.0,5.0,5.0,5.0,5.0,,5.0,4,5.0,5,5.0,,5.0,4,,5.0,4,4.0,4,3.0,4,4,4,5.0,5.0,5.0,5.0,,5.0,4,,3,4,2.0,5.0,5.0,4,5.0,5.0,5.0,5.0,3,4,4,5.0,5.0,5,4,4,5.0,5.0,5.0,1,,5.0,,4,2,5.0,4,5.0,0,4.0,2,5.0,3,4,,5.0,4,1.0,5,5.0,5.0,4,,4,4,5.0,5.0,5.0,5.0,5.0,5.0,5,2,5.0,5,5.0,5.0,5.0,5.0,3,5.0,5.0,5.0,4.0,5.0,,4,5.0,5.0,4,5.0,4,5.0,5.0,5.0,,5.0,5.0,,,4,,5.0,5.0,5.0,5.0,5.0,3,5.0,4.0,5.0,5.0,4.0,5.0,,,4,5.0,5.0,5.0,4,5.0,5.0,5.0,5.0,5.0,5.0,5.0,5.0,5.0,0.0,5.0,4,5.0,4,4,5.0,5.0,4,0,4,5,4.0,4.0,5.0,3,5.0,4,5.0,4.0,4.0,5.0,,5.0,5.0,4.0,5.0,5.0,5.0,4.0,5.0,,4,5.0,5.0,2.0,4,4,5.0,5.0,4,4,5.0,,4.0,5.0,0.0,,,5.0,4,5.0,5.0,0.0,4.0,,,4,5.0,4.0,0.0,4,4.0,5.0,5.0,4,5.0,5.0,,5,5.0,5.0,,5.0,,1.0,5,4.0,5.0,5.0,4,,5.0,3.0,5.0,5.0,5.0,4.0,5.0,5.0,5.0,5.0,5.0,5.0,4.0,5.0,5.0,0.0,0.0,4.0,5.0,,5.0,5.0,4.0,4,5.0,4,5,3,4,5.0,5.0,5.0,5.0,,,4,5.0,4.0,4,,1.0,4.0,5.0,4.0,4.0,5.0,5.0,5.0,5.0,5.0,,5.0,4.0,5.0,5.0,2.0,3.0,5.0,5.0,5.0,5,5.0,5.0,5.0,4,,5.0,4.0,5.0,5.0,5.0,,5.0,5.0,5.0,,4.0,5.0,4.0,4,5.0,5.0,5.0,5.0,5.0,5.0,5.0,5.0,5.0,3.0,5.0,4,5.0,4,,0,5,3.0,1.0,4,4,5.0,4,5.0,,4,5.0,5.0,4,5.0,5.0,5,5.0,,,5,4.0,5.0,,5.0,,5.0,5.0,5.0,5.0,5.0,,,,5.0,,5.0,,,5.0,4.0,5.0,5.0,,153,9,1.5799238032135166,-0.5021285933243298
4.0,4,4.0,3,4,4.0,,4.0,4,3.0,4,4.0,4.0,3,,4.0,4.0,,,4.0,3,,4,,2.0,4,4,4,4,,4,4,4.0,,4,4,,3.0,4,,0.0,4.0,4.0,3.0,,,4,4.0,4,2.0,4.0,,3,,4.0,4,4.0,4,4.0,4,2,4,,,,4.0,,4.0,4,,3,2,,4.0,1.0,4,4.0,4.0,,,3,4,3,4.0,,4,4,4,,,,2,,,,3,4,,4,4.0,4,4.0,4,,3,4,,,4,4.0,4,,,0,,3,4,4.0,4.0,,,,,4,4,4.0,4,4.0,,,,4,,,,4.0,,,3,,,4,,4,,4.0,4.0,,4.0,,,,4,,4.0,,,,,4,,,,4.0,,,,,4,,,,3,1.0,,,,4.0,,,4.0,4.0,4.0,,4,4.0,4,4,,,4,3,4,0,1.0,0.0,4.0,3,4.0,4,4.0,4.0,4.0,4.0,,,4.0,,,,,,,,4,4.0,,,3,4,4.0,3.0,3,4,,,,4.0,,,,,4,,4.0,4.0,,,,4,,4.0,2.0,4,4.0,,,4,,4.0,,4,,4.0,,,,4.0,4,4.0,3.0,,4,,,4.0,4.0,,4.0,4.0,,4.0,,4.0,4.0,4.0,4.0,,0.0,,,4.0,4.0,,4.0,4.0,4.0,0,,4,4,3,2,,,,,,,0,,4.0,1,,,4.0,4.0,4.0,4.0,,,,,4.0,,4.0,4.0,,,,,,,4.0,4,,,,4,,4.0,4.0,4.0,4.0,4.0,0.0,,,,,4.0,,,4,4.0,4.0,,,,4.0,4.0,,,,0.0,2,4.0,3,,4,3,,4.0,3,4,,4,,4.0,4,,,4,4.0,4.0,4,,,,4,4.0,,,,,,,,,,0.0,,,4.0,,,,,4.0,4.0,3.0,,,154,9,1.512109570736596,-0.17890427796592281
5.0,5,5.0,4,4,5.0,5.0,5.0,4,3.0,4,5.0,4.0,1,5.0,4.0,4.0,5.0,5.0,5.0,3,5.0,4,5.0,5.0,5,4,4,4,5.0,5,4,5.0,0.0,5,4,5.0,5.0,4,5.0,5.0,5.0,5.0,5.0,,5.0,5,5.0,5,5.0,,5.0,4,,5.0,4,5.0,5,5.0,4,4,5,5.0,0.0,,5.0,,5.0,5,,4,0,5.0,5.0,4.0,4,2.0,5.0,4.0,5.0,4,3,5,5.0,5.0,5,5,4,5.0,5.0,5.0,4,,5.0,,4,3,5.0,5,4.0,5,5.0,4,5.0,4,5,,2.0,5,5.0,0,5.0,5.0,4,,4,5,5.0,5.0,5.0,5.0,5.0,5.0,5,4,5.0,5,5.0,5.0,3.0,5.0,4,5.0,5.0,5.0,4.0,5.0,,5,5.0,0.0,4,5.0,5,5.0,5.0,5.0,,5.0,,,,3,,5.0,5.0,5.0,5.0,5.0,4,,5.0,5.0,5.0,5.0,5.0,,,4,5.0,5.0,,4,5.0,5.0,5.0,,5.0,5.0,5.0,5.0,2.0,,5.0,5,4.0,4,5,,5.0,4,4,0,5,0.0,4.0,5.0,2,4.0,4,,5.0,5.0,5.0,,5.0,5.0,4.0,5.0,5.0,5.0,5.0,5.0,,4,5.0,5.0,5.0,3,5,5.0,5.0,4,3,5.0,,,5.0,,,,5.0,3,2.0,5.0,5.0,4.0,,,4,5.0,2.0,4.0,4,5.0,5.0,5.0,4,5.0,2.0,,5,5.0,5.0,3.0,5.0,,5.0,4,5.0,5.0,,4,,5.0,5.0,5.0,5.0,0.0,5.0,5.0,5.0,5.0,5.0,5.0,5.0,4.0,,,,5.0,3.0,0.0,,5.0,5.0,5.0,5,5.0,4,5,4,4,5.0,5.0,4.0,5.0,,,4,5.0,4.0,5,4.0,5.0,5.0,5.0,5.0,5.0,0.0,2.0,5.0,,4.0,5.0,4.0,5.0,5.0,,5.0,5.0,,5.0,5.0,5,5.0,5.0,5.0,5,5.0,5.0,5.0,5.0,4.0,5.0,,,5.0,5.0,,4.0,5.0,5.0,4,5.0,5.0,5.0,5.0,5.0,5.0,5.0,5.0,5.0,5.0,5.0,5,5.0,3,,5,4,5.0,5.0,3,1,5.0,4,5.0,,4,5.0,4.0,5,5.0,5.0,5,5.0,3.0,,4,5.0,5.0,,,,5.0,2.0,5.0,5.0,5.0,,,2.0,4.0,,5.0,,,5.0,5.0,5.0,5.0,,155,9,1.6251680107526882,-0.40790877867917297
4.0,4,4.0,4,4,5.0,5.0,5.0,4,4.0,4,4.0,5.0,0,5.0,5.0,5.0,5.0,5.0,4.0,1,4.0,4,5.0,5.0,4,4,4,5,5.0,0,3,5.0,5.0,4,3,5.0,5.0,4,5.0,5.0,5.0,5.0,5.0,,5.0,4,5.0,5,5.0,5.0,4.0,4,,1.0,4,4.0,4,4.0,4,4,3,5.0,5.0,,5.0,,5.0,1,,3,2,5.0,5.0,4.0,4,5.0,5.0,5.0,4.0,2,4,4,4.0,5.0,4,4,4,5.0,5.0,5.0,3,,5.0,,4,4,5.0,1,4.0,4,5.0,4,5.0,2,4,5.0,5.0,4,5.0,4,5.0,5.0,4,,4,4,5.0,5.0,5.0,5.0,5.0,5.0,4,4,4.0,5,5.0,5.0,5.0,2.0,4,5.0,5.0,5.0,5.0,5.0,,4,5.0,5.0,3,5.0,4,5.0,5.0,5.0,,4.0,5.0,,5.0,4,,5.0,5.0,5.0,5.0,5.0,3,5.0,5.0,5.0,4.0,5.0,5.0,,,4,4.0,2.0,5.0,3,5.0,5.0,5.0,5.0,5.0,5.0,5.0,5.0,4.0,5.0,5.0,4,5.0,4,4,5.0,5.0,3,4,1,4,5.0,4.0,4.0,0,5.0,4,5.0,4.0,4.0,5.0,5.0,4.0,5.0,4.0,5.0,5.0,5.0,4.0,,,4,5.0,5.0,5.0,4,4,5.0,3.0,3,4,0.0,,5.0,5.0,4.0,,,5.0,4,0.0,5.0,5.0,5.0,,,0,5.0,4.0,5.0,5,5.0,5.0,5.0,4,5.0,5.0,,5,5.0,4.0,,5.0,5.0,4.0,4,4.0,5.0,3.0,3,,5.0,5.0,5.0,0.0,5.0,5.0,5.0,5.0,5.0,5.0,5.0,4.0,4.0,5.0,5.0,,4.0,5.0,4.0,2.0,0.0,1.0,4.0,4,5.0,4,4,4,4,5.0,4.0,5.0,5.0,,,4,5.0,5.0,4,,5.0,5.0,5.0,5.0,5.0,,5.0,5.0,,4.0,,5.0,5.0,5.0,1.0,5.0,5.0,5.0,5.0,5.0,5,5.0,5.0,5.0,4,,5.0,4.0,5.0,5.0,4.0,0.0,5.0,5.0,5.0,,5.0,5.0,5.0,5,4.0,5.0,5.0,5.0,5.0,5.0,4.0,5.0,5.0,5.0,5.0,4,5.0,4,,5,4,,4.0,4,5,3.0,4,5.0,5.0,5,5.0,0.0,4,5.0,5.0,5,5.0,5.0,,5,4.0,5.0,,5.0,,,5.0,5.0,5.0,5.0,,,,4.0,,5.0,,,4.0,5.0,5.0,5.0,,156,9,1.704023456589021,-0.5589649435274012
4.0,4,0.0,4,4,,4.0,,3,1.0,4,3.0,4.0,3,1.0,4.0,3.0,4.0,,1.0,2,4.0,4,4.0,4.0,4,4,4,3,4.0,4,3,4.0,,4,4,4.0,,3,4.0,4.0,4.0,4.0,4.0,,4.0,4,4.0,4,4.0,,4.0,4,,4.0,4,4.0,4,4.0,3,2,4,,,,4.0,,,4,,4,2,4.0,,4.0,4,4.0,4.0,2.0,4.0,3,4,4,4.0,4.0,4,4,4,,,,3,,4.0,4.0,4,3,,4,4.0,4,4.0,4,4.0,3,4,,,2,4.0,4,4.0,4.0,3,2.0,3,4,,4.0,,,,4.0,4,4,4.0,4,,2.0,4.0,,3,0.0,4.0,4.0,4.0,,,4,,,0,,4,,4.0,4.0,,,,,,4,,4.0,,,4.0,3.0,4,,,4.0,4.0,,,1.0,,4,4.0,,,3,4.0,,3.0,,4.0,,4.0,0.0,4.0,,4.0,4,,4,4,,,3,4,4,0,4.0,4.0,4.0,3,,3,,,3.0,4.0,,4.0,,4.0,4.0,,,4.0,,4.0,4,4.0,4.0,4.0,4,4,4.0,,3,4,,,,,,,,4.0,4,,4.0,,,,,4,4.0,0.0,4.0,4,4.0,,,3,,,,1,4.0,4.0,,,4.0,2.0,4,4.0,4.0,3.0,4,,3.0,4.0,4.0,,4.0,4.0,,4.0,4.0,,4.0,2.0,4.0,,,,,4.0,,,3.0,4.0,4.0,4,,4,4,3,4,2.0,,,,,,4,,4.0,4,,,0.0,,4.0,4.0,,4.0,,,4.0,,4.0,4.0,,,4.0,4.0,,,4.0,4,,4.0,,4,,,4.0,4.0,4.0,4.0,,,4.0,,,4.0,,4.0,4,2.0,4.0,,4.0,4.0,,4.0,,0.0,,3.0,4,,4,,4,4,,4.0,4,3,4.0,4,,,3,4.0,1.0,4,4.0,4.0,4,4.0,,,0,4.0,,,,,,,,,,,,,,,,,0.0,4.0,4.0,4.0,,,157,9,1.540125610607118,-0.14005930780998202
4.0,4,4.0,3,4,4.0,4.0,4.0,4,4.0,4,4.0,4.0,4,,4.0,4.0,,,4.0,3,,4,4.0,4.0,0,4,4,4,1.0,4,3,4.0,0.0,3,4,,,4,,4.0,,4.0,,,4.0,4,4.0,4,,2.0,4.0,4,,4.0,4,4.0,4,4.0,4,4,1,,,,,,4.0,4,,3,0,,,4.0,4,4.0,,,4.0,3,4,3,4.0,,4,4,3,,4.0,,3,,4.0,,4,3,,4,4.0,4,4.0,4,4.0,3,4,0.0,,4,4.0,4,4.0,,4,,3,2,4.0,4.0,,,,,0,3,4.0,4,4.0,2.0,4.0,,4,,,,4.0,,,1,,,1,,3,4.0,,4.0,,2.0,,,,4,,4.0,,,,,4,4.0,,,4.0,,,,,4,0.0,,,3,,,,4.0,,,4.0,4.0,4.0,,,3,4.0,4,4,,3.0,3,4,4,4,4.0,3.0,4.0,2,1.0,4,,4.0,4.0,4.0,,4.0,3.0,4.0,4.0,4.0,0.0,4.0,,,4,4.0,,,3,4,,,4,4,,,,4.0,,,,,4,,4.0,2.0,,,,4,4.0,,4.0,4,,3.0,,4,,0.0,,4,4.0,4.0,,,,4.0,4,4.0,4.0,,4,,,4.0,4.0,,,4.0,,,,,4.0,4.0,4.0,,,,2.0,4.0,2.0,,4.0,,,4,,3,4,2,4,,,,,,,3,,4.0,4,,,,,4.0,4.0,,,4.0,,4.0,,4.0,,,,,,,,,4,,4.0,,4,,4.0,3.0,4.0,4.0,4.0,,,4.0,,,4.0,,,4,4.0,4.0,,4.0,,,4.0,,,4.0,,4,4.0,4,4.0,0,3,,4.0,4,4,,3,,,4,,4.0,4,1.0,,4,,,,4,4.0,,,,,,,,,,,,,,,,,,4.0,0.0,4.0,,,158,9,1.5844331641285956,-0.13293730020865538
5.0,2,5.0,0,4,5.0,5.0,5.0,5,5.0,4,5.0,5.0,4,5.0,5.0,5.0,,5.0,5.0,2,5.0,5,0.0,5.0,5,5,4,4,5.0,4,5,4.0,2.0,3,5,5.0,5.0,4,5.0,5.0,1.0,5.0,5.0,,5.0,5,5.0,4,5.0,5.0,5.0,4,,5.0,4,5.0,5,5.0,4,4,4,5.0,5.0,,5.0,,5.0,4,,4,4,5.0,5.0,5.0,4,5.0,5.0,0.0,3.0,3,4,4,5.0,5.0,4,5,3,5.0,5.0,5.0,4,,5.0,,3,3,5.0,4,5.0,4,0.0,4,5.0,4,4,5.0,4.0,5,5.0,1,5.0,5.0,4,,3,4,5.0,0.0,4.0,5.0,5.0,5.0,5,4,5.0,5,1.0,5.0,5.0,5.0,4,5.0,,5.0,5.0,5.0,,4,5.0,5.0,4,0.0,0,5.0,5.0,5.0,,5.0,,,,2,,5.0,5.0,5.0,5.0,0.0,4,5.0,5.0,5.0,4.0,5.0,5.0,,3.0,4,5.0,5.0,,4,5.0,5.0,,5.0,5.0,,5.0,5.0,4.0,,5.0,4,1.0,5,5,5.0,5.0,4,4,5,5,4.0,5.0,5.0,4,5.0,5,5.0,5.0,4.0,5.0,,5.0,4.0,5.0,4.0,3.0,5.0,5.0,5.0,,4,4.0,5.0,5.0,4,5,5.0,4.0,4,4,5.0,,5.0,5.0,5.0,,,5.0,5,5.0,5.0,5.0,,,,5,5.0,3.0,4.0,4,5.0,5.0,5.0,4,5.0,5.0,,4,5.0,5.0,5.0,5.0,5.0,5.0,4,5.0,0.0,5.0,4,,5.0,4.0,1.0,4.0,5.0,5.0,4.0,5.0,5.0,5.0,5.0,5.0,5.0,5.0,5.0,,5.0,5.0,5.0,,5.0,0.0,5.0,4,5.0,3,5,3,4,5.0,5.0,5.0,4.0,,5.0,4,5.0,1.0,4,3.0,5.0,5.0,5.0,5.0,5.0,,5.0,,,5.0,,5.0,5.0,,5.0,5.0,5.0,,5.0,4.0,4,5.0,5.0,5.0,4,,5.0,4.0,5.0,5.0,5.0,,5.0,5.0,5.0,,4.0,5.0,5.0,4,4.0,4.0,5.0,5.0,5.0,5.0,5.0,1.0,5.0,5.0,5.0,4,5.0,4,,4,4,,5.0,4,3,5.0,5,5.0,,4,5.0,5.0,5,5.0,5.0,4,5.0,,,5,5.0,5.0,,5.0,,5.0,5.0,5.0,5.0,5.0,,,,5.0,,5.0,,,5.0,5.0,3.0,3.0,,159,9,1.6078398384925976,-0.4402560154865026
4.0,2,4.0,3,3,4.0,4.0,4.0,4,4.0,4,4.0,4.0,4,,4.0,,,,4.0,3,,4,4.0,4.0,4,4,4,4,4.0,4,4,4.0,,4,4,,4.0,4,4.0,,4.0,4.0,,,4.0,4,4.0,4,2.0,,3.0,3,,1.0,4,4.0,4,4.0,2,4,2,,,,,,,4,,4,3,,,4.0,2,4.0,,4.0,0.0,2,4,0,3.0,4.0,0,4,3,4.0,2.0,,4,,4.0,,3,3,,4,4.0,4,0.0,4,4.0,3,4,,,4,4.0,4,4.0,4.0,3,,3,4,4.0,4.0,4.0,,,4.0,4,3,4.0,3,4.0,,,4.0,3,,,,4.0,,,3,4.0,4.0,3,4.0,3,4.0,4.0,4.0,,4.0,,,,4,,3.0,,,,,3,1.0,4.0,4.0,4.0,,,,,4,4.0,,0.0,2,4.0,4.0,1.0,,4.0,,,4.0,0.0,,4.0,3,4.0,3,4,,,3,4,4,4,,4.0,4.0,4,,4,4.0,4.0,4.0,4.0,,4.0,4.0,4.0,4.0,,,4.0,,,3,4.0,4.0,,3,0,,4.0,4,4,,,,4.0,3.0,,,4.0,4,,4.0,4.0,,,,4,,3.0,4.0,4,,,4.0,3,,,,4,4.0,1.0,,,,4.0,4,3.0,4.0,,4,,4.0,4.0,4.0,,,4.0,,4.0,,,4.0,4.0,4.0,,,,4.0,0.0,,,3.0,,,4,,4,4,3,0,4.0,4.0,,4.0,,,3,,4.0,4,,4.0,4.0,,4.0,4.0,,,,,4.0,,4.0,4.0,,4.0,,4.0,,4.0,4.0,4,,4.0,,3,,4.0,4.0,,4.0,4.0,,,,,,4.0,,,4,4.0,4.0,,,,,4.0,4.0,4.0,,0.0,3,4.0,4,,3,4,,4.0,4,4,,4,,,4,,2.0,4,4.0,,4,4.0,3.0,,4,1.0,,,,,,,4.0,,4.0,,,,4.0,,,,,1.0,4.0,4.0,,4.0,160,9,1.5271382960846915,-0.250926142411925
0.0,6,4.0,6,6,7.0,6.0,6.0,6,6.0,6,6.0,6.0,5,2.0,7.0,6.0,7.0,7.0,6.0,5,7.0,6,0.0,7.0,6,6,6,7,6.0,7,6,7.0,7.0,6,6,7.0,7.0,6,3.0,7.0,7.0,7.0,7.0,,7.0,6,7.0,6,7.0,7.0,7.0,5,,6.0,6,6.0,6,7.0,6,6,6,7.0,6.0,,7.0,,7.0,7,,6,5,0.0,7.0,6.0,6,6.0,7.0,7.0,6.0,5,3,5,6.0,7.0,6,6,6,7.0,7.0,7.0,6,,7.0,,6,4,7.0,7,6.0,6,7.0,6,7.0,5,6,7.0,7.0,6,7.0,6,7.0,7.0,5,7.0,6,6,7.0,6.0,7.0,7.0,7.0,7.0,6,6,6.0,7,6.0,7.0,6.0,6.0,2,7.0,7.0,7.0,6.0,7.0,,6,6.0,7.0,5,7.0,7,6.0,7.0,7.0,7.0,7.0,6.0,7.0,7.0,6,,6.0,7.0,7.0,7.0,7.0,6,7.0,7.0,7.0,7.0,5.0,7.0,,,6,6.0,7.0,7.0,5,4.0,7.0,7.0,7.0,7.0,7.0,7.0,6.0,6.0,7.0,7.0,6,6.0,6,6,7.0,7.0,5,6,6,6,6.0,6.0,7.0,4,7.0,6,7.0,7.0,6.0,2.0,7.0,6.0,7.0,6.0,6.0,6.0,7.0,7.0,7.0,,1,6.0,7.0,7.0,5,6,7.0,7.0,4,6,7.0,,7.0,7.0,7.0,,0.0,6.0,7,7.0,6.0,7.0,7.0,,7.0,6,7.0,6.0,6.0,6,7.0,7.0,2.0,6,7.0,0.0,,7,7.0,6.0,7.0,7.0,7.0,6.0,6,6.0,7.0,7.0,6,0.0,6.0,7.0,7.0,7.0,7.0,6.0,7.0,6.0,7.0,0.0,6.0,6.0,6.0,7.0,7.0,,7.0,6.0,6.0,,6.0,5.0,6.0,6,7.0,6,6,6,5,7.0,7.0,7.0,7.0,,7.0,6,7.0,7.0,6,,7.0,6.0,7.0,6.0,7.0,7.0,6.0,7.0,7.0,6.0,,6.0,7.0,7.0,7.0,7.0,7.0,7.0,7.0,5.0,6,7.0,7.0,4.0,6,,7.0,6.0,0.0,6.0,6.0,,7.0,7.0,7.0,7.0,6.0,7.0,7.0,6,6.0,3.0,7.0,7.0,7.0,7.0,4.0,7.0,7.0,7.0,7.0,6,6.0,6,,6,6,,6.0,5,0,7.0,5,7.0,,6,6.0,5.0,6,6.0,7.0,6,7.0,7.0,,6,6.0,7.0,7.0,7.0,,7.0,7.0,7.0,7.0,7.0,,,,0.0,,7.0,,,7.0,6.0,6.0,7.0,6.0,161,9,1.7161743104292475,-0.6009503083260758
5.0,4,4.0,4,3,2.0,5.0,4.0,4,4.0,4,5.0,4.0,4,5.0,5.0,4.0,5.0,5.0,5.0,3,5.0,4,5.0,5.0,5,4,4,4,5.0,5,4,5.0,5.0,2,4,5.0,5.0,5,5.0,5.0,5.0,5.0,5.0,,5.0,5,5.0,4,5.0,5.0,5.0,4,,5.0,4,5.0,4,4.0,3,3,4,5.0,5.0,,5.0,,5.0,4,,4,2,5.0,5.0,5.0,4,5.0,5.0,5.0,5.0,3,4,4,3.0,5.0,0,4,4,5.0,5.0,5.0,3,,5.0,3.0,3,4,5.0,5,5.0,5,5.0,0,1.0,4,4,,5.0,4,5.0,4,5.0,5.0,4,5.0,3,4,5.0,5.0,5.0,4.0,5.0,5.0,4,4,0.0,5,5.0,5.0,5.0,5.0,4,5.0,5.0,5.0,4.0,5.0,,5,5.0,4.0,0,5.0,4,4.0,5.0,5.0,,5.0,5.0,5.0,4.0,4,,5.0,5.0,5.0,5.0,0.0,2,5.0,5.0,5.0,1.0,5.0,4.0,4.0,,4,5.0,5.0,5.0,3,5.0,5.0,5.0,5.0,5.0,,5.0,5.0,5.0,5.0,5.0,4,5.0,4,4,5.0,5.0,4,4,4,4,4.0,5.0,5.0,3,1.0,4,5.0,4.0,4.0,4.0,5.0,4.0,4.0,4.0,5.0,4.0,5.0,5.0,5.0,,4,5.0,5.0,5.0,3,4,5.0,5.0,4,4,5.0,,,3.0,5.0,,,4.0,0,5.0,5.0,5.0,5.0,,5.0,4,5.0,5.0,4.0,4,3.0,5.0,5.0,4,5.0,5.0,,5,4.0,5.0,5.0,0.0,0.0,5.0,5,4.0,4.0,5.0,4,,5.0,5.0,5.0,5.0,4.0,5.0,5.0,5.0,5.0,5.0,4.0,5.0,4.0,5.0,5.0,,5.0,5.0,5.0,,5.0,5.0,4.0,4,5.0,4,4,4,4,5.0,5.0,5.0,5.0,4.0,,4,5.0,3.0,4,,5.0,5.0,5.0,5.0,4.0,5.0,5.0,5.0,,2.0,,5.0,4.0,5.0,5.0,5.0,5.0,,5.0,5.0,5,5.0,5.0,5.0,4,,5.0,3.0,5.0,5.0,4.0,,5.0,5.0,5.0,5.0,5.0,5.0,5.0,4,2.0,5.0,5.0,5.0,5.0,4.0,4.0,5.0,5.0,5.0,5.0,4,5.0,4,,4,4,,4.0,2,4,5.0,4,5.0,,4,0.0,4.0,4,5.0,5.0,4,4.0,5.0,,4,5.0,5.0,,4.0,,5.0,0.0,5.0,5.0,5.0,,4.0,,4.0,,5.0,,,4.0,5.0,5.0,5.0,,162,9,1.564981661616967,-0.578285389897696
5.0,4,5.0,4,4,5.0,5.0,5.0,5,5.0,5,5.0,0.0,4,5.0,5.0,5.0,5.0,5.0,5.0,3,5.0,4,5.0,5.0,5,4,5,5,5.0,5,5,5.0,5.0,4,4,5.0,5.0,5,5.0,5.0,2.0,5.0,5.0,,5.0,5,5.0,5,5.0,,5.0,4,,4.0,4,5.0,4,5.0,5,4,4,5.0,5.0,,5.0,,5.0,5,,4,4,5.0,5.0,5.0,5,5.0,5.0,5.0,5.0,4,4,4,5.0,2.0,5,4,4,5.0,5.0,2.0,3,,0.0,,4,4,5.0,4,5.0,5,5.0,4,5.0,0,5,,,5,5.0,5,5.0,5.0,5,4.0,3,4,5.0,5.0,,,,,2,5,5.0,5,5.0,5.0,5.0,5.0,4,,,,5.0,,,5,5.0,5.0,4,5.0,5,5.0,5.0,5.0,,5.0,,,,5,,5.0,,,5.0,,4,5.0,5.0,5.0,5.0,5.0,5.0,,,5,5.0,,,3,5.0,0.0,,5.0,5.0,,4.0,5.0,5.0,,,4,5.0,5,5,0.0,4.0,4,5,5,5,5.0,5.0,5.0,3,5.0,4,5.0,5.0,5.0,5.0,,5.0,5.0,5.0,5.0,5.0,5.0,5.0,,,4,5.0,5.0,,4,3,,5.0,5,4,5.0,,,3.0,,,,5.0,5,5.0,5.0,5.0,5.0,,,5,5.0,5.0,5.0,1,5.0,,5.0,1,5.0,5.0,0.0,5,5.0,4.0,,5.0,,5.0,4,5.0,5.0,,5,,5.0,5.0,5.0,5.0,5.0,5.0,,5.0,5.0,5.0,5.0,5.0,5.0,5.0,,,0.0,5.0,5.0,,5.0,5.0,5.0,4,5.0,5,4,4,4,5.0,5.0,5.0,,,,4,5.0,5.0,5,,5.0,4.0,5.0,5.0,4.0,,0.0,,,5.0,,5.0,5.0,5.0,5.0,5.0,5.0,,5.0,5.0,0,5.0,3.0,5.0,5,,5.0,5.0,5.0,5.0,5.0,,,5.0,,,5.0,5.0,5.0,5,5.0,5.0,,4.0,5.0,5.0,4.0,5.0,5.0,,5.0,1,5.0,4,,4,4,,1.0,5,3,5.0,0,5.0,,4,5.0,5.0,5,5.0,5.0,5,5.0,,,5,5.0,,,,,5.0,,,5.0,2.0,,,,5.0,,,,,5.0,5.0,5.0,,,163,9,1.6713409290096406,-0.39106304345474824
4.0,5,5.0,4,4,4.0,5.0,4.0,2,4.0,5,4.0,4.0,5,4.0,5.0,5.0,5.0,5.0,4.0,4,5.0,4,5.0,4.0,0,3,5,4,5.0,4,4,4.0,5.0,3,3,5.0,5.0,4,5.0,5.0,5.0,4.0,0.0,,5.0,4,5.0,4,5.0,5.0,5.0,4,,5.0,4,5.0,4,4.0,4,4,4,,5.0,,5.0,,4.0,4,,4,2,5.0,1.0,5.0,4,4.0,5.0,5.0,5.0,2,4,4,4.0,1.0,4,4,3,4.0,4.0,2.0,3,5.0,4.0,,4,4,5.0,5,5.0,5,5.0,5,5.0,4,5,,5.0,5,0.0,3,5.0,5.0,4,5.0,4,5,1.0,4.0,,,5.0,5.0,1,5,5.0,4,5.0,5.0,5.0,5.0,3,,,5.0,5.0,5.0,,3,0.0,5.0,4,5.0,4,0.0,5.0,5.0,1.0,5.0,5.0,5.0,,4,,5.0,5.0,,5.0,5.0,4,0.0,5.0,5.0,5.0,5.0,5.0,,,4,5.0,5.0,,3,5.0,5.0,5.0,5.0,5.0,5.0,5.0,0.0,5.0,,5.0,3,3.0,4,5,5.0,5.0,4,4,4,5,5.0,5.0,5.0,4,5.0,5,5.0,5.0,5.0,5.0,,5.0,5.0,5.0,5.0,5.0,0.0,5.0,,,4,5.0,5.0,5.0,4,4,5.0,5.0,4,4,5.0,,,5.0,,,,5.0,4,5.0,5.0,5.0,1.0,,5.0,5,5.0,5.0,4.0,4,3.0,5.0,5.0,4,5.0,0.0,,5,5.0,5.0,,5.0,,5.0,5,4.0,5.0,5.0,4,,5.0,5.0,4.0,5.0,5.0,4.0,5.0,5.0,5.0,5.0,4.0,5.0,5.0,5.0,5.0,,5.0,5.0,5.0,,5.0,5.0,5.0,4,3.0,5,4,3,4,5.0,5.0,5.0,5.0,,0.0,4,3.0,5.0,5,,5.0,4.0,5.0,5.0,4.0,,5.0,5.0,,4.0,,5.0,5.0,5.0,5.0,5.0,2.0,5.0,5.0,5.0,2,5.0,4.0,5.0,4,,5.0,5.0,5.0,5.0,4.0,,1.0,5.0,5.0,,5.0,5.0,5.0,4,5.0,5.0,5.0,5.0,5.0,5.0,4.0,5.0,5.0,5.0,5.0,2,5.0,5,,4,3,,5.0,4,5,5.0,4,4.0,,4,5.0,5.0,4,5.0,5.0,4,5.0,5.0,,4,4.0,,,,,,5.0,5.0,5.0,5.0,,,,5.0,,5.0,,,5.0,4.0,5.0,5.0,,164,9,1.550300666341622,-0.46553858033319023
4.0,4,4.0,4,4,5.0,5.0,5.0,4,4.0,4,4.0,4.0,3,5.0,5.0,1.0,5.0,5.0,5.0,0,5.0,4,5.0,5.0,4,4,4,4,5.0,5,4,5.0,5.0,4,4,5.0,5.0,3,0.0,5.0,5.0,5.0,4.0,5.0,5.0,3,5.0,5,5.0,5.0,5.0,4,,4.0,5,4.0,4,5.0,4,2,4,0.0,5.0,4.0,5.0,4.0,5.0,4,,4,3,5.0,5.0,5.0,4,3.0,4.0,5.0,4.0,3,3,3,4.0,5.0,4,4,3,5.0,5.0,5.0,4,,5.0,,4,3,5.0,4,4.0,4,5.0,4,5.0,2,4,0.0,5.0,4,5.0,1,3.0,4.0,3,5.0,3,4,5.0,4.0,5.0,5.0,5.0,5.0,4,4,4.0,4,5.0,5.0,4.0,3.0,4,5.0,5.0,5.0,2.0,5.0,5.0,4,5.0,5.0,4,5.0,4,5.0,3.0,5.0,,5.0,5.0,,5.0,4,,4.0,0.0,2.0,5.0,5.0,4,5.0,5.0,5.0,4.0,5.0,5.0,,,4,5.0,5.0,5.0,4,5.0,5.0,5.0,5.0,5.0,4.0,5.0,4.0,4.0,5.0,5.0,4,4.0,4,4,5.0,5.0,4,4,4,5,4.0,4.0,5.0,2,5.0,4,5.0,4.0,4.0,5.0,1.0,5.0,5.0,4.0,0.0,5.0,5.0,4.0,5.0,,3,4.0,4.0,5.0,2,4,5.0,5.0,4,3,0.0,,5.0,5.0,5.0,,,5.0,5,5.0,5.0,4.0,5.0,,,4,5.0,4.0,4.0,4,5.0,5.0,5.0,4,5.0,5.0,,2,5.0,4.0,5.0,5.0,5.0,5.0,4,4.0,4.0,3.0,4,,5.0,5.0,5.0,5.0,5.0,4.0,5.0,4.0,5.0,5.0,1.0,4.0,4.0,5.0,5.0,,1.0,5.0,4.0,,4.0,5.0,5.0,4,4.0,4,4,4,4,5.0,5.0,5.0,5.0,,5.0,4,5.0,4.0,3,,5.0,4.0,5.0,5.0,5.0,4.0,5.0,5.0,5.0,5.0,,5.0,4.0,5.0,5.0,5.0,5.0,5.0,5.0,3.0,4,4.0,5.0,5.0,4,,0.0,4.0,5.0,4.0,4.0,,4.0,5.0,5.0,,4.0,5.0,5.0,4,5.0,5.0,5.0,5.0,5.0,4.0,5.0,5.0,5.0,5.0,5.0,4,5.0,4,,4,4,,5.0,0,4,3.0,4,5.0,5.0,4,5.0,5.0,4,0.0,5.0,4,5.0,5.0,,4,4.0,5.0,5.0,5.0,,5.0,4.0,5.0,5.0,5.0,3.0,,,5.0,,5.0,,,5.0,4.0,5.0,5.0,,165,9,1.565548533462972,-0.5333845297622878
4.0,4,5.0,4,4,5.0,4.0,5.0,4,5.0,4,5.0,5.0,4,5.0,4.0,5.0,5.0,5.0,5.0,2,5.0,4,0.0,4.0,4,4,4,5,5.0,4,4,1.0,5.0,4,1,5.0,5.0,4,5.0,5.0,5.0,5.0,5.0,,5.0,4,5.0,4,5.0,,5.0,4,,5.0,4,5.0,4,5.0,4,4,4,5.0,5.0,,5.0,,5.0,4,,4,4,5.0,5.0,5.0,4,5.0,5.0,5.0,2.0,3,4,4,5.0,5.0,4,4,4,5.0,5.0,5.0,3,,5.0,,4,4,5.0,4,5.0,4,5.0,4,2.0,3,4,1.0,1.0,0,2.0,4,5.0,5.0,3,,4,4,5.0,5.0,5.0,5.0,5.0,5.0,4,4,5.0,5,5.0,5.0,0.0,5.0,4,5.0,5.0,5.0,4.0,5.0,,4,4.0,5.0,3,4.0,4,5.0,1.0,5.0,,5.0,5.0,,,4,,5.0,5.0,5.0,5.0,5.0,4,5.0,5.0,5.0,3.0,5.0,3.0,,,4,5.0,5.0,5.0,4,5.0,5.0,5.0,5.0,5.0,5.0,5.0,4.0,0.0,5.0,4.0,4,5.0,4,2,5.0,5.0,3,4,4,4,0.0,4.0,5.0,3,5.0,4,5.0,5.0,4.0,5.0,,5.0,5.0,5.0,5.0,5.0,1.0,5.0,5.0,,4,4.0,5.0,5.0,3,3,1.0,2.0,3,4,5.0,,5.0,5.0,5.0,,0.0,5.0,4,5.0,4.0,5.0,5.0,,5.0,4,5.0,5.0,3.0,4,5.0,5.0,5.0,4,5.0,5.0,,5,5.0,4.0,5.0,5.0,5.0,5.0,4,5.0,5.0,5.0,5,,5.0,5.0,0.0,1.0,4.0,3.0,4.0,5.0,5.0,5.0,5.0,5.0,4.0,5.0,5.0,,5.0,5.0,5.0,,4.0,5.0,4.0,4,5.0,4,0,3,5,5.0,0.0,5.0,5.0,,5.0,4,5.0,5.0,4,,5.0,5.0,5.0,5.0,5.0,,5.0,5.0,,5.0,,4.0,4.0,5.0,5.0,5.0,5.0,5.0,5.0,5.0,5,5.0,5.0,,4,,5.0,4.0,5.0,5.0,5.0,,5.0,5.0,,,5.0,5.0,4.0,5,4.0,4.0,0.0,5.0,5.0,5.0,2.0,5.0,1.0,5.0,5.0,4,5.0,4,,4,4,,5.0,4,5,5.0,4,5.0,5.0,5,5.0,5.0,4,5.0,5.0,5,5.0,,,5,4.0,5.0,,5.0,,4.0,5.0,5.0,5.0,5.0,,,,5.0,,5.0,,,5.0,2.0,5.0,5.0,,166,9,1.5612745098039216,-0.5040640845003166
5.0,5,5.0,4,5,5.0,5.0,1.0,5,5.0,5,5.0,5.0,4,,5.0,5.0,,,5.0,4,1.0,5,,5.0,4,4,5,1,5.0,5,5,5.0,5.0,5,5,,5.0,5,5.0,5.0,5.0,5.0,,0.0,5.0,5,5.0,1,0.0,,5.0,4,,5.0,4,5.0,5,5.0,5,3,5,0.0,5.0,,5.0,,5.0,5,,4,4,,5.0,5.0,5,5.0,5.0,5.0,5.0,4,5,4,5.0,5.0,5,5,4,5.0,5.0,,4,,5.0,,4,5,5.0,5,4.0,5,5.0,4,5.0,3,5,,5.0,4,5.0,5,5.0,,5,,4,5,5.0,5.0,,,,5.0,5,5,5.0,5,5.0,,5.0,0.0,3,5.0,,,5.0,5.0,,3,5.0,5.0,4,5.0,5,5.0,5.0,5.0,,5.0,,,,0,,5.0,,0.0,2.0,,4,5.0,5.0,5.0,5.0,,5.0,,,4,5.0,,,4,5.0,,,,5.0,,5.0,5.0,3.0,,,4,5.0,5,5,,5.0,4,5,5,5,5.0,5.0,5.0,3,5.0,5,,0.0,0.0,5.0,,5.0,5.0,5.0,5.0,5.0,,5.0,,,4,5.0,5.0,1.0,4,5,,,4,5,,,,5.0,,,,,2,,5.0,5.0,,,,5,,5.0,5.0,5,5.0,5.0,2.0,5,,,,5,5.0,5.0,,,,5.0,5,5.0,5.0,,5,,5.0,5.0,5.0,5.0,4.0,4.0,,5.0,,,5.0,5.0,5.0,,,,,5.0,5.0,3.0,2.0,,5.0,5,5.0,5,2,4,4,5.0,5.0,,5.0,,,4,0.0,5.0,5,,,5.0,,5.0,5.0,,5.0,,,5.0,,5.0,5.0,5.0,,,5.0,,5.0,5.0,5,,5.0,,5,,5.0,5.0,5.0,5.0,5.0,,,5.0,,,5.0,5.0,5.0,5,5.0,5.0,5.0,5.0,5.0,5.0,5.0,5.0,4.0,,5.0,4,5.0,5,3.0,5,5,,5.0,4,5,5.0,4,,,5,5.0,5.0,0,1.0,5.0,4,4.0,,,5,5.0,,,,,,,,5.0,,,,,4.0,,2.0,,,5.0,3.0,5.0,,,167,9,1.6536303051560857,-0.22743747097593747
5.0,5,6.0,5,6,6.0,6.0,6.0,5,6.0,6,6.0,5.0,5,6.0,6.0,6.0,6.0,0.0,5.0,5,6.0,6,6.0,0.0,5,6,6,6,4.0,5,5,6.0,6.0,6,5,6.0,6.0,5,6.0,6.0,6.0,6.0,6.0,,6.0,6,4.0,6,6.0,,6.0,1,,6.0,5,5.0,0,5.0,5,5,6,6.0,6.0,,6.0,,6.0,6,,4,4,6.0,6.0,6.0,5,6.0,6.0,6.0,6.0,5,5,5,6.0,6.0,5,6,6,6.0,1.0,,4,,6.0,,5,5,6.0,6,6.0,6,6.0,5,6.0,5,5,6.0,6.0,5,6.0,6,6.0,6.0,5,6.0,5,6,6.0,6.0,6.0,6.0,6.0,6.0,5,5,6.0,6,3.0,6.0,6.0,6.0,5,6.0,6.0,,5.0,0.0,,5,6.0,6.0,5,6.0,6,6.0,5.0,6.0,,6.0,,6.0,,5,,6.0,6.0,6.0,3.0,6.0,5,6.0,6.0,6.0,5.0,6.0,6.0,,2.0,5,6.0,6.0,,5,6.0,6.0,6.0,6.0,6.0,6.0,6.0,6.0,0.0,,4.0,5,6.0,5,5,6.0,6.0,4,5,5,6,6.0,5.0,6.0,4,6.0,0,,6.0,6.0,6.0,6.0,6.0,6.0,6.0,6.0,6.0,6.0,6.0,,,5,5.0,6.0,6.0,5,6,6.0,6.0,5,4,6.0,,,6.0,6.0,,6.0,6.0,5,6.0,6.0,6.0,,,0.0,6,2.0,6.0,6.0,5,6.0,4.0,6.0,5,5.0,6.0,,6,6.0,6.0,2.0,6.0,6.0,6.0,0,6.0,6.0,,6,,6.0,6.0,5.0,6.0,5.0,6.0,6.0,6.0,6.0,6.0,6.0,6.0,5.0,6.0,,,6.0,6.0,6.0,,6.0,6.0,6.0,6,6.0,3,6,5,6,6.0,6.0,6.0,6.0,,0.0,4,6.0,6.0,5,,6.0,5.0,6.0,6.0,6.0,,6.0,6.0,,6.0,,1.0,6.0,6.0,5.0,6.0,6.0,6.0,1.0,6.0,6,,6.0,3.0,6,6.0,6.0,6.0,6.0,6.0,6.0,,3.0,6.0,6.0,,6.0,6.0,4.0,6,6.0,6.0,6.0,6.0,3.0,5.0,6.0,6.0,6.0,6.0,6.0,6,2.0,5,,5,5,,6.0,5,5,6.0,6,6.0,,5,3.0,6.0,6,6.0,6.0,5,6.0,,,5,6.0,6.0,2.0,6.0,,6.0,5.0,0.0,5.0,,,,,6.0,,6.0,,,6.0,6.0,6.0,6.0,,168,9,1.7260714890733522,-0.38965140183870195
6.0,5,5.0,5,5,6.0,6.0,6.0,0,4.0,4,5.0,5.0,5,3.0,6.0,5.0,6.0,,6.0,3,6.0,5,6.0,5.0,6,5,5,6,6.0,6,4,6.0,6.0,5,5,1.0,2.0,5,6.0,6.0,6.0,6.0,6.0,,6.0,6,5.0,5,6.0,,6.0,5,,6.0,5,6.0,6,6.0,5,5,5,6.0,6.0,,6.0,,6.0,6,,5,4,6.0,6.0,6.0,6,6.0,5.0,6.0,6.0,5,0,5,6.0,6.0,6,6,5,6.0,6.0,,4,,6.0,,5,5,6.0,6,6.0,6,0.0,5,6.0,5,6,,,0,6.0,6,6.0,5.0,6,6.0,4,6,6.0,5.0,6.0,4.0,1.0,6.0,6,6,5.0,6,6.0,6.0,6.0,,5,,5.0,2.0,6.0,6.0,0.0,6,6.0,6.0,5,6.0,6,6.0,6.0,6.0,,6.0,,,,6,,6.0,6.0,,6.0,6.0,5,6.0,,6.0,6.0,6.0,3.0,,,5,6.0,6.0,,5,6.0,,,6.0,6.0,,6.0,6.0,6.0,,,5,6.0,6,6,6.0,6.0,5,5,6,5,5.0,1.0,6.0,5,0.0,4,,6.0,6.0,6.0,,6.0,6.0,6.0,6.0,6.0,6.0,6.0,6.0,,6,6.0,6.0,6.0,5,3,6.0,4.0,6,5,6.0,,,6.0,,,6.0,6.0,6,3.0,6.0,6.0,,,6.0,6,6.0,6.0,6.0,6,5.0,6.0,6.0,5,6.0,6.0,,6,6.0,6.0,,0.0,,6.0,5,6.0,5.0,,5,,6.0,6.0,6.0,2.0,6.0,6.0,,6.0,6.0,6.0,6.0,6.0,5.0,6.0,6.0,,6.0,2.0,6.0,,6.0,6.0,6.0,5,6.0,5,6,6,6,6.0,6.0,6.0,,,,6,6.0,6.0,6,,,6.0,0.0,6.0,5.0,,6.0,,,6.0,,6.0,6.0,,,6.0,6.0,,6.0,5.0,1,6.0,6.0,6.0,6,4.0,6.0,6.0,6.0,6.0,6.0,,,0.0,6.0,,3.0,6.0,6.0,6,6.0,6.0,,5.0,6.0,6.0,5.0,6.0,6.0,6.0,,6,6.0,5,,6,6,,6.0,6,4,6.0,6,,,5,6.0,6.0,6,6.0,4.0,5,4.0,6.0,,5,6.0,0.0,,6.0,3.0,3.0,6.0,6.0,6.0,6.0,,,,4.0,,6.0,,,6.0,6.0,6.0,6.0,,169,9,1.737184981998971,-0.2679392081929428
4.0,4,5.0,4,4,4.0,4.0,5.0,4,5.0,5,4.0,4.0,4,5.0,5.0,5.0,5.0,5.0,5.0,4,5.0,4,5.0,5.0,4,4,4,4,5.0,4,3,5.0,5.0,4,4,5.0,5.0,4,5.0,5.0,5.0,5.0,5.0,,0.0,4,3.0,5,5.0,5.0,5.0,4,,5.0,4,5.0,2,5.0,4,4,4,5.0,5.0,3.0,5.0,,4.0,5,,4,3,5.0,5.0,5.0,4,3.0,5.0,5.0,5.0,2,0,4,5.0,5.0,4,5,3,5.0,5.0,5.0,3,,5.0,,3,4,5.0,4,5.0,5,5.0,3,5.0,4,4,5.0,3.0,5,5.0,4,5.0,5.0,4,1.0,3,4,0.0,4.0,5.0,5.0,5.0,5.0,4,4,5.0,5,5.0,5.0,5.0,5.0,4,5.0,,5.0,5.0,5.0,,3,5.0,4.0,4,5.0,4,3.0,4.0,5.0,5.0,5.0,5.0,5.0,3.0,4,,5.0,5.0,5.0,0.0,5.0,4,2.0,5.0,3.0,5.0,5.0,5.0,,,5,5.0,5.0,,4,5.0,5.0,5.0,5.0,5.0,5.0,5.0,4.0,1.0,,5.0,4,4.0,4,4,5.0,5.0,4,4,4,5,5.0,4.0,5.0,3,5.0,4,5.0,5.0,4.0,4.0,,3.0,5.0,4.0,5.0,0.0,5.0,5.0,,,4,4.0,5.0,5.0,3,4,5.0,5.0,4,4,4.0,,1.0,5.0,,,,5.0,4,5.0,5.0,5.0,5.0,0.0,,4,5.0,5.0,4.0,4,1.0,5.0,5.0,4,5.0,5.0,,4,5.0,4.0,5.0,5.0,5.0,5.0,4,5.0,5.0,,4,,5.0,3.0,5.0,5.0,5.0,5.0,5.0,5.0,5.0,4.0,5.0,5.0,4.0,5.0,5.0,,5.0,5.0,2.0,,5.0,5.0,5.0,4,5.0,4,5,0,4,5.0,5.0,5.0,5.0,,5.0,4,5.0,5.0,5,,5.0,5.0,5.0,5.0,4.0,,5.0,5.0,,4.0,,5.0,5.0,5.0,5.0,5.0,5.0,5.0,5.0,5.0,0,5.0,1.0,5.0,4,,4.0,4.0,5.0,5.0,5.0,,5.0,5.0,5.0,,5.0,5.0,4.0,0,5.0,5.0,,5.0,5.0,5.0,5.0,5.0,3.0,5.0,4.0,4,5.0,4,,4,4,5.0,5.0,4,5,5.0,4,5.0,5.0,4,5.0,5.0,5,5.0,5.0,4,4.0,0.0,,5,5.0,5.0,,5.0,,5.0,5.0,5.0,5.0,5.0,,,,5.0,,5.0,,,1.0,1.0,5.0,5.0,,170,9,1.5732484076433122,-0.5013594282325559
4.0,4,4.0,3,3,4.0,5.0,4.0,2,4.0,4,4.0,4.0,3,4.0,4.0,3.0,5.0,5.0,5.0,3,5.0,4,5.0,1.0,3,3,4,5,5.0,4,4,5.0,4.0,4,4,5.0,5.0,4,5.0,5.0,4.0,4.0,4.0,0.0,4.0,3,4.0,0,5.0,5.0,5.0,4,,5.0,4,5.0,4,4.0,4,4,4,3.0,4.0,3.0,5.0,,5.0,4,,4,3,5.0,5.0,4.0,5,4.0,5.0,5.0,5.0,3,4,4,3.0,4.0,4,4,4,5.0,5.0,5.0,2,5.0,5.0,,4,3,4.0,4,5.0,4,5.0,4,5.0,3,4,5.0,5.0,4,4.0,4,5.0,5.0,4,5.0,4,5,4.0,4.0,5.0,5.0,5.0,5.0,4,4,5.0,4,5.0,5.0,5.0,5.0,4,5.0,5.0,5.0,4.0,5.0,5.0,4,5.0,5.0,3,5.0,4,4.0,5.0,5.0,,5.0,5.0,5.0,,4,,4.0,2.0,3.0,5.0,5.0,4,5.0,5.0,5.0,4.0,5.0,5.0,,,5,4.0,4.0,0.0,4,5.0,5.0,5.0,5.0,5.0,5.0,4.0,0.0,5.0,5.0,5.0,3,5.0,5,4,5.0,5.0,4,4,4,4,4.0,4.0,2.0,4,5.0,4,5.0,5.0,4.0,5.0,5.0,4.0,0.0,4.0,3.0,5.0,5.0,4.0,5.0,,4,4.0,5.0,5.0,4,4,5.0,5.0,4,4,5.0,,5.0,5.0,2.0,,,4.0,1,5.0,5.0,0.0,5.0,,5.0,4,4.0,5.0,4.0,4,5.0,3.0,5.0,4,5.0,5.0,4.0,4,2.0,4.0,5.0,5.0,5.0,5.0,5,4.0,4.0,5.0,3,5.0,5.0,4.0,5.0,5.0,4.0,4.0,5.0,4.0,5.0,5.0,1.0,4.0,5.0,5.0,5.0,0.0,5.0,5.0,5.0,,5.0,0.0,1.0,4,5.0,4,4,0,4,2.0,2.0,5.0,5.0,,,4,5.0,2.0,4,,5.0,4.0,5.0,4.0,4.0,5.0,5.0,5.0,5.0,3.0,,5.0,5.0,5.0,5.0,5.0,5.0,5.0,5.0,4.0,4,5.0,5.0,5.0,4,,5.0,4.0,5.0,5.0,4.0,,5.0,5.0,5.0,5.0,4.0,5.0,5.0,4,4.0,4.0,5.0,5.0,5.0,5.0,4.0,5.0,5.0,5.0,5.0,4,5.0,3,,4,4,4.0,4.0,4,3,5.0,4,5.0,0.0,1,5.0,4.0,4,5.0,5.0,4,5.0,5.0,,4,1.0,5.0,5.0,5.0,,5.0,5.0,5.0,5.0,5.0,,,,4.0,,5.0,,,4.0,4.0,2.0,5.0,,171,9,1.5355860267711394,-0.5550211270158999
4.0,4,5.0,3,4,2.0,5.0,5.0,4,4.0,3,4.0,3.0,4,5.0,4.0,1.0,1.0,5.0,5.0,2,5.0,4,5.0,5.0,4,4,4,5,5.0,5,4,5.0,1.0,4,4,5.0,5.0,4,5.0,5.0,5.0,5.0,5.0,,5.0,4,4.0,5,5.0,5.0,4.0,1,,5.0,5,4.0,4,5.0,4,4,4,5.0,4.0,,4.0,,5.0,4,,3,4,5.0,5.0,4.0,4,5.0,5.0,5.0,5.0,3,4,3,4.0,5.0,4,5,3,5.0,4.0,5.0,3,5.0,5.0,,3,4,5.0,4,5.0,4,5.0,4,5.0,4,4,5.0,5.0,4,5.0,4,5.0,5.0,4,,4,4,4.0,4.0,5.0,5.0,5.0,5.0,4,4,5.0,4,5.0,5.0,5.0,5.0,4,5.0,5.0,4.0,4.0,5.0,,4,5.0,1.0,4,5.0,4,5.0,5.0,5.0,,5.0,5.0,5.0,,4,,5.0,5.0,5.0,5.0,5.0,0,5.0,5.0,5.0,4.0,5.0,5.0,,,4,4.0,5.0,5.0,4,5.0,5.0,2.0,5.0,5.0,5.0,5.0,4.0,4.0,5.0,5.0,3,4.0,5,4,5.0,5.0,4,3,4,0,4.0,4.0,4.0,2,3.0,4,5.0,4.0,4.0,4.0,5.0,5.0,5.0,5.0,4.0,3.0,5.0,4.0,5.0,,4,0.0,5.0,1.0,3,5,1.0,0.0,3,4,5.0,,5.0,4.0,1.0,,,4.0,3,5.0,4.0,4.0,5.0,,,2,5.0,5.0,4.0,4,4.0,5.0,5.0,4,0.0,5.0,,4,5.0,4.0,5.0,5.0,5.0,5.0,5,3.0,4.0,5.0,4,,5.0,4.0,5.0,5.0,5.0,5.0,5.0,5.0,5.0,5.0,4.0,5.0,4.0,5.0,0.0,,5.0,5.0,4.0,4.0,4.0,5.0,5.0,4,5.0,4,4,4,4,5.0,5.0,5.0,5.0,,,4,5.0,4.0,4,,5.0,4.0,5.0,4.0,4.0,,5.0,5.0,5.0,4.0,,5.0,5.0,5.0,5.0,5.0,5.0,5.0,5.0,4.0,4,5.0,5.0,5.0,4,,5.0,0.0,5.0,5.0,4.0,,5.0,5.0,5.0,5.0,4.0,5.0,5.0,5,4.0,5.0,2.0,4.0,5.0,5.0,4.0,0.0,5.0,5.0,5.0,4,5.0,3,,4,5,,5.0,4,4,5.0,4,5.0,,4,5.0,4.0,4,5.0,5.0,4,5.0,,,4,5.0,5.0,,5.0,,5.0,5.0,5.0,0.0,5.0,,,,5.0,,5.0,,,1.0,2.0,5.0,0.0,,172,9,1.5905715208266065,-0.5506496029058983
4.0,4,4.0,4,3,4.0,4.0,0.0,0,4.0,3,1.0,4.0,3,4.0,4.0,0.0,2.0,,4.0,3,4.0,4,,4.0,1,3,2,4,,4,4,4.0,,4,4,,,4,3.0,4.0,4.0,4.0,,,4.0,4,4.0,4,0.0,,4.0,3,,4.0,4,4.0,4,4.0,4,4,4,,,0.0,4.0,,,4,,4,4,4.0,,4.0,3,4.0,4.0,,,2,3,0,4.0,,4,4,3,4.0,4.0,,4,,4.0,,1,4,,4,4.0,4,4.0,4,,3,4,,,4,4.0,4,,4.0,4,,4,4,2.0,0.0,2.0,,3.0,4.0,3,4,4.0,4,4.0,,4.0,,3,,,4.0,4.0,,,4,,4.0,4,,4,4.0,,4.0,,1.0,,,,4,,4.0,,,,,4,,4.0,3.0,4.0,0.0,,,,4,4.0,,,2,,,,3.0,,,4.0,4.0,4.0,,4.0,3,4.0,4,3,,,4,4,4,4,4.0,4.0,,3,4.0,3,,4.0,4.0,4.0,,4.0,,4.0,4.0,,,4.0,,,4,4.0,4.0,,4,4,4.0,,4,4,,4.0,0.0,1.0,,,,4.0,4,,4.0,4.0,0.0,,,4,4.0,4.0,4.0,4,4.0,2.0,4.0,3,4.0,,,3,4.0,4.0,,,,,4,1.0,4.0,,4,,,4.0,,,,4.0,,,,,4.0,,4.0,,,,,4.0,4.0,,4.0,4.0,4.0,4,,4,4,4,3,,4.0,,,,,4,,,4,,,4.0,,4.0,4.0,,,,,4.0,,4.0,3.0,,,,4.0,,,4.0,4,,4.0,,4,,4.0,4.0,3.0,4.0,4.0,,,,,,4.0,4.0,,4,4.0,3.0,,,3.0,4.0,,,,,,4,,3,,4,3,,4.0,4,3,1.0,4,,,4,,4.0,4,,,4,,,,4,4.0,,,,,,,,,,,,,4.0,,,,,4.0,4.0,,,,173,9,1.5515473032714413,-0.06903445794714579
4.0,5,5.0,3,4,5.0,5.0,5.0,4,4.0,5,4.0,4.0,4,5.0,2.0,5.0,5.0,,5.0,2,5.0,5,5.0,5.0,5,4,5,5,5.0,5,4,4.0,5.0,5,4,5.0,5.0,5,5.0,5.0,3.0,5.0,5.0,,5.0,5,5.0,5,5.0,,5.0,4,,5.0,4,0.0,5,5.0,4,5,1,5.0,5.0,,5.0,,4.0,4,,0,3,5.0,5.0,5.0,4,3.0,5.0,5.0,5.0,0,4,4,5.0,5.0,4,5,3,5.0,5.0,1.0,3,,5.0,,4,4,5.0,5,5.0,5,5.0,5,5.0,4,5,,,5,5.0,5,5.0,5.0,5,,5,4,5.0,5.0,5.0,5.0,5.0,3.0,3,4,5.0,5,5.0,5.0,5.0,5.0,4,,4.0,5.0,5.0,,,4,4.0,5.0,4,5.0,5,5.0,5.0,5.0,,5.0,5.0,,,5,,5.0,,,3.0,5.0,5,5.0,5.0,4.0,5.0,5.0,5.0,,,5,2.0,5.0,,4,5.0,5.0,,,5.0,0.0,4.0,4.0,5.0,,5.0,4,4.0,4,5,,5.0,4,4,5,5,5.0,4.0,5.0,4,5.0,5,5.0,5.0,5.0,5.0,,5.0,5.0,5.0,5.0,5.0,5.0,5.0,,,5,4.0,5.0,5.0,4,5,5.0,5.0,4,4,5.0,,,5.0,1.0,,,5.0,4,5.0,4.0,5.0,5.0,,,4,5.0,5.0,5.0,4,5.0,,5.0,3,5.0,5.0,0.0,5,2.0,4.0,,5.0,,5.0,5,4.0,5.0,,4,,5.0,5.0,5.0,,5.0,5.0,5.0,5.0,5.0,5.0,5.0,4.0,5.0,5.0,,,5.0,5.0,5.0,,5.0,5.0,5.0,5,5.0,0,4,4,4,5.0,5.0,5.0,5.0,,,5,5.0,5.0,4,,5.0,3.0,,5.0,5.0,,5.0,,,5.0,,5.0,4.0,5.0,0.0,5.0,5.0,5.0,5.0,5.0,5,5.0,5.0,5.0,0,,5.0,4.0,5.0,5.0,5.0,4.0,,5.0,5.0,0.0,1.0,5.0,5.0,5,4.0,5.0,1.0,5.0,5.0,4.0,5.0,4.0,5.0,5.0,5.0,4,5.0,4,0.0,4,4,,5.0,4,4,5.0,3,5.0,,4,5.0,1.0,4,5.0,5.0,4,5.0,,,5,5.0,,,,,,5.0,5.0,5.0,5.0,,,,5.0,,5.0,,,2.0,5.0,5.0,,,174,9,1.63755980861244,-0.36530664771550747
3.0,4,4.0,3,3,2.0,4.0,4.0,4,4.0,4,4.0,4.0,4,,4.0,4.0,,,4.0,3,4.0,4,,4.0,2,3,4,4,4.0,4,3,4.0,,4,3,4.0,4.0,4,4.0,4.0,4.0,4.0,,,4.0,2,4.0,0,4.0,,4.0,3,,4.0,1,2.0,4,4.0,3,3,4,,4.0,,1.0,,4.0,4,,3,3,,0.0,4.0,4,4.0,4.0,4.0,4.0,3,4,4,4.0,4.0,4,4,4,4.0,4.0,,1,,4.0,,3,3,4.0,4,4.0,4,4.0,4,4.0,3,4,,,4,2.0,4,4.0,4.0,4,,4,4,4.0,4.0,,4.0,4.0,3.0,4,3,4.0,4,4.0,,4.0,4.0,3,,,4.0,4.0,,,4,,4.0,3,4.0,4,4.0,,4.0,,4.0,,,,3,,4.0,,,4.0,4.0,1,0.0,,3.0,4.0,,4.0,,,4,4.0,4.0,,3,,,,4.0,4.0,,4.0,4.0,4.0,,,3,4.0,4,4,4.0,4.0,3,3,4,0,4.0,3.0,4.0,2,2.0,0,1.0,1.0,4.0,4.0,,3.0,4.0,4.0,2.0,4.0,,4.0,,,3,4.0,4.0,,4,4,4.0,,0,4,2.0,,,4.0,0.0,,,4.0,4,4.0,4.0,,,,,4,4.0,4.0,4.0,3,4.0,0.0,4.0,3,,,,4,4.0,4.0,,,,4.0,4,3.0,4.0,,3,,,4.0,,,4.0,4.0,,4.0,4.0,,4.0,4.0,4.0,,,,4.0,4.0,4.0,,4.0,,4.0,4,4.0,4,4,4,4,,4.0,,4.0,,,4,,4.0,4,,,4.0,,0.0,4.0,,,,,4.0,,4.0,4.0,,4.0,3.0,4.0,,4.0,4.0,4,,4.0,,4,,4.0,4.0,4.0,4.0,4.0,,,4.0,,,4.0,,,4,4.0,4.0,,2.0,,4.0,4.0,4.0,4.0,,,3,4.0,4,,4,4,,2.0,4,4,4.0,4,,,4,,4.0,4,4.0,,4,,,,4,4.0,3.0,,,,,,4.0,4.0,,,,,1.0,,,,,4.0,4.0,4.0,,0.0,175,9,1.546417669240438,-0.23215706915000572
6.0,6,6.0,5,2,6.0,6.0,6.0,6,6.0,0,6.0,6.0,5,0.0,6.0,6.0,,,6.0,5,,6,,,6,5,6,6,6.0,6,6,6.0,,6,6,6.0,,6,6.0,3.0,6.0,,,,6.0,6,,5,,,5.0,0,0.0,6.0,6,6.0,6,6.0,6,6,4,,,,6.0,,,6,,6,5,2.0,5.0,6.0,6,6.0,,,,5,5,4,5.0,6.0,4,6,5,,6.0,,4,,6.0,,5,6,6.0,6,6.0,6,6.0,6,6.0,6,6,,,6,,6,6.0,6.0,5,,6,6,6.0,6.0,5.0,,,6.0,6,3,0.0,6,6.0,0.0,6.0,,5,,,,6.0,,,6,,6.0,5,6.0,6,6.0,6.0,6.0,,6.0,,5.0,,6,,6.0,,,6.0,,6,6.0,,,6.0,,,,,6,0.0,,,5,6.0,6.0,,6.0,0.0,,,6.0,6.0,,,5,6.0,6,6,,,5,5,6,6,6.0,6.0,6.0,5,,6,,6.0,6.0,2.0,,6.0,6.0,,6.0,,,6.0,,,5,6.0,4.0,,6,6,,6.0,6,6,,,,6.0,,,,6.0,6,,6.0,6.0,,,,6,,5.0,6.0,6,6.0,,6.0,5,,,,6,4.0,6.0,,6.0,,6.0,6,5.0,5.0,,5,,,6.0,6.0,,1.0,6.0,,,,6.0,6.0,6.0,6.0,,2.0,,,6.0,,,6.0,5.0,6.0,6,5.0,6,6,5,6,,6.0,,,,,6,,6.0,6,,,3.0,,6.0,6.0,,6.0,,0.0,6.0,,,6.0,,,,6.0,,6.0,6.0,6,,,,6,,6.0,6.0,,6.0,6.0,0.0,,6.0,,,6.0,,,6,3.0,6.0,,,,,6.0,6.0,6.0,,,6,6.0,6,,6,6,,6.0,6,6,,6,,,6,,4.0,6,6.0,6.0,6,,,4.0,6,6.0,,,,,,,,,,,,,6.0,,,,,6.0,4.0,6.0,,,176,9,1.71282575370465,-0.07811440222930494
5.0,0,5.0,4,5,5.0,5.0,,5,5.0,5,5.0,5.0,5,,5.0,5.0,,,5.0,5,,5,1.0,5.0,5,5,5,5,5.0,5,5,5.0,,5,5,,5.0,4,5.0,,5.0,5.0,,,,5,5.0,5,,,5.0,3,,5.0,4,0.0,5,5.0,5,4,5,5.0,2.0,,5.0,,,5,,3,4,,4.0,5.0,5,5.0,,,5.0,4,5,4,5.0,,5,5,4,,5.0,,4,,,,4,4,,5,5.0,5,5.0,4,5.0,4,5,,5.0,5,,5,5.0,,4,,4,5,5.0,5.0,5.0,0.0,,5.0,5,4,5.0,5,3.0,,4.0,,5,,,,5.0,,,5,,4.0,5,,5,5.0,3.0,0.0,5.0,5.0,,,0.0,5,,0.0,5.0,,,,5,,,2.0,5.0,,3.0,,,5,5.0,,,3,,,,,,,,5.0,5.0,,5.0,4,5.0,5,5,,5.0,4,4,2,5,5.0,4.0,5.0,3,5.0,4,5.0,5.0,5.0,5.0,,5.0,5.0,5.0,5.0,5.0,,5.0,,,5,5.0,,,5,5,5.0,,5,4,,,,,,,,,1,5.0,5.0,,,,,5,5.0,5.0,5.0,4,5.0,,5.0,4,,,,5,5.0,5.0,,,,5.0,4,0.0,,,5,,,5.0,5.0,5.0,5.0,5.0,,5.0,5.0,5.0,5.0,5.0,5.0,,,,,5.0,0.0,,5.0,,5.0,5,,5,5,5,5,,,,,,,2,5.0,5.0,5,,,5.0,,5.0,5.0,,5.0,,,5.0,,5.0,5.0,,1.0,,5.0,,5.0,,0,,,,5,,5.0,5.0,5.0,5.0,,,,5.0,,,5.0,3.0,5.0,5,5.0,5.0,5.0,,,5.0,5.0,5.0,,,,5,5.0,5,,5,5,,5.0,4,5,5.0,5,,,1,,5.0,5,5.0,,5,,,,5,5.0,,,,,,2.0,,5.0,0.0,,,,5.0,,,,,5.0,5.0,5.0,,,177,9,1.6354981298877933,-0.19219059332893312
4.0,5,5.0,4,4,4.0,5.0,4.0,2,4.0,4,5.0,4.0,4,4.0,5.0,4.0,5.0,5.0,5.0,3,5.0,5,5.0,4.0,5,4,5,4,4.0,0,4,5.0,5.0,3,4,5.0,2.0,4,5.0,5.0,5.0,5.0,5.0,,5.0,5,5.0,4,5.0,5.0,4.0,4,,5.0,5,4.0,4,5.0,4,3,4,5.0,0.0,5.0,5.0,,5.0,4,,3,3,5.0,5.0,5.0,4,5.0,2.0,5.0,5.0,3,4,3,5.0,5.0,4,5,4,5.0,5.0,5.0,3,,4.0,,4,4,4.0,4,0.0,4,5.0,4,5.0,4,4,5.0,1.0,4,4.0,4,5.0,5.0,4,,4,5,5.0,5.0,5.0,5.0,5.0,3.0,4,4,5.0,4,5.0,5.0,5.0,0.0,4,5.0,5.0,5.0,4.0,2.0,,0,5.0,5.0,4,5.0,4,5.0,1.0,2.0,,5.0,2.0,,5.0,4,,5.0,5.0,5.0,3.0,5.0,4,5.0,5.0,5.0,4.0,5.0,5.0,,,5,5.0,5.0,,4,5.0,5.0,,3.0,5.0,5.0,5.0,4.0,5.0,,5.0,4,5.0,4,5,5.0,5.0,4,5,3,4,4.0,4.0,4.0,4,5.0,4,5.0,4.0,5.0,5.0,5.0,5.0,5.0,5.0,5.0,5.0,0.0,4.0,,,4,5.0,5.0,5.0,2,5,5.0,5.0,4,3,5.0,,,5.0,5.0,,4.0,3.0,4,5.0,5.0,5.0,5.0,,1.0,4,5.0,0.0,4.0,4,5.0,5.0,5.0,4,5.0,5.0,,5,5.0,5.0,,5.0,5.0,5.0,4,5.0,5.0,5.0,4,,5.0,5.0,5.0,5.0,5.0,5.0,5.0,5.0,5.0,5.0,4.0,5.0,4.0,5.0,5.0,,5.0,5.0,5.0,,4.0,5.0,5.0,5,5.0,4,5,4,4,5.0,5.0,5.0,4.0,,,4,5.0,5.0,2,,5.0,5.0,5.0,5.0,5.0,,5.0,5.0,,5.0,,5.0,5.0,5.0,5.0,5.0,5.0,5.0,5.0,5.0,5,5.0,5.0,5.0,4,,5.0,4.0,5.0,5.0,5.0,,5.0,5.0,5.0,,1.0,5.0,5.0,5,4.0,5.0,5.0,5.0,5.0,5.0,4.0,3.0,5.0,5.0,5.0,5,5.0,5,,4,4,,5.0,4,2,5.0,4,5.0,,4,5.0,5.0,5,5.0,5.0,2,5.0,,,4,5.0,5.0,,,,5.0,5.0,5.0,5.0,5.0,,0.0,,5.0,,5.0,,,4.0,5.0,0.0,5.0,0.0,178,9,1.5118989003774823,-0.47119052334350836
2.0,4,5.0,4,4,5.0,5.0,5.0,5,4.0,4,4.0,4.0,4,5.0,4.0,4.0,0.0,5.0,5.0,3,3.0,4,5.0,4.0,4,4,4,4,5.0,1,4,5.0,5.0,4,4,5.0,5.0,4,5.0,4.0,5.0,2.0,5.0,,5.0,5,5.0,5,5.0,5.0,5.0,4,,3.0,4,4.0,5,5.0,4,4,4,5.0,5.0,,5.0,0.0,5.0,5,,4,2,5.0,5.0,5.0,3,5.0,5.0,5.0,5.0,2,4,3,5.0,5.0,4,5,3,5.0,5.0,5.0,3,,5.0,,4,4,5.0,4,4.0,4,5.0,4,5.0,4,4,5.0,5.0,4,5.0,4,5.0,5.0,4,,4,5,5.0,5.0,5.0,5.0,5.0,5.0,4,4,4.0,4,5.0,5.0,5.0,5.0,4,5.0,0.0,5.0,4.0,5.0,,4,5.0,2.0,4,5.0,4,5.0,0.0,5.0,5.0,5.0,5.0,,4.0,5,,5.0,5.0,5.0,5.0,5.0,1,5.0,5.0,5.0,4.0,5.0,4.0,,,4,4.0,5.0,,3,5.0,5.0,5.0,5.0,5.0,5.0,5.0,4.0,5.0,,5.0,4,5.0,4,4,5.0,5.0,4,4,4,0,5.0,4.0,5.0,3,5.0,3,5.0,4.0,4.0,5.0,,5.0,5.0,4.0,5.0,5.0,5.0,0.0,3.0,,4,5.0,5.0,5.0,3,4,5.0,5.0,4,3,5.0,,,4.0,5.0,,,5.0,5,5.0,4.0,5.0,1.0,,,4,5.0,5.0,4.0,4,5.0,5.0,5.0,4,4.0,5.0,5.0,5,5.0,5.0,,5.0,,5.0,4,5.0,5.0,5.0,4,,5.0,1.0,5.0,5.0,5.0,5.0,5.0,5.0,5.0,5.0,5.0,5.0,4.0,5.0,2.0,,5.0,5.0,5.0,3.0,0.0,5.0,5.0,4,5.0,4,4,4,4,5.0,5.0,5.0,5.0,,,3,5.0,5.0,4,,5.0,4.0,,5.0,4.0,,5.0,5.0,5.0,5.0,,5.0,5.0,5.0,5.0,5.0,0.0,5.0,5.0,5.0,5,5.0,5.0,5.0,2,,5.0,4.0,5.0,5.0,5.0,,5.0,5.0,5.0,,5.0,5.0,5.0,5,4.0,5.0,5.0,5.0,5.0,4.0,5.0,5.0,5.0,5.0,5.0,4,2.0,4,,4,0,,5.0,4,4,5.0,4,5.0,5.0,5,5.0,5.0,1,5.0,5.0,4,5.0,,,5,4.0,5.0,,5.0,,4.0,5.0,5.0,5.0,5.0,,,,5.0,,5.0,,,4.0,5.0,5.0,0.0,,179,9,1.5528744939271255,-0.5369178255994026
4.0,4,4.0,4,4,4.0,4.0,4.0,3,0.0,3,4.0,1.0,3,4.0,3.0,3.0,4.0,5.0,5.0,3,5.0,4,4.0,4.0,4,3,4,4,5.0,4,4,5.0,5.0,4,4,5.0,5.0,4,5.0,5.0,5.0,4.0,5.0,,4.0,4,5.0,4,5.0,5.0,5.0,4,,4.0,3,4.0,4,2.0,3,4,4,5.0,5.0,,4.0,,5.0,4,,4,3,4.0,5.0,5.0,4,4.0,4.0,5.0,5.0,3,4,4,4.0,5.0,4,4,4,5.0,4.0,5.0,2,,5.0,,4,4,5.0,5,5.0,4,5.0,3,4.0,4,4,5.0,5.0,4,5.0,4,5.0,0.0,4,,4,4,0.0,4.0,5.0,5.0,5.0,5.0,4,4,4.0,4,5.0,5.0,5.0,5.0,4,5.0,0.0,2.0,4.0,5.0,,5,5.0,4.0,2,5.0,4,5.0,0.0,5.0,0.0,5.0,5.0,5.0,,3,,5.0,5.0,5.0,4.0,5.0,3,5.0,5.0,5.0,4.0,5.0,4.0,,,4,5.0,5.0,5.0,2,5.0,5.0,5.0,5.0,5.0,3.0,5.0,2.0,5.0,,5.0,4,5.0,4,5,5.0,5.0,4,4,4,4,4.0,4.0,4.0,3,4.0,3,5.0,1.0,4.0,5.0,5.0,4.0,0.0,4.0,4.0,0.0,5.0,4.0,5.0,,4,1.0,4.0,5.0,4,3,5.0,5.0,5,4,5.0,,5.0,5.0,5.0,,,1.0,0,5.0,5.0,4.0,5.0,4.0,5.0,4,4.0,2.0,3.0,4,4.0,5.0,5.0,4,5.0,5.0,,4,4.0,4.0,,5.0,5.0,5.0,5,4.0,4.0,5.0,4,,5.0,5.0,5.0,5.0,5.0,5.0,5.0,5.0,5.0,5.0,4.0,4.0,5.0,5.0,5.0,,5.0,4.0,5.0,,5.0,4.0,4.0,4,5.0,4,5,4,4,5.0,5.0,4.0,5.0,,,4,5.0,4.0,5,4.0,5.0,4.0,5.0,5.0,4.0,5.0,5.0,5.0,3.0,3.0,,5.0,4.0,5.0,5.0,5.0,5.0,5.0,5.0,4.0,4,5.0,5.0,5.0,4,,5.0,4.0,4.0,5.0,4.0,,5.0,5.0,5.0,,4.0,5.0,5.0,4,5.0,4.0,5.0,4.0,5.0,5.0,5.0,5.0,5.0,5.0,5.0,4,5.0,4,,5,4,,2.0,4,5,1.0,4,5.0,5.0,4,5.0,4.0,4,5.0,5.0,5,5.0,5.0,,5,4.0,5.0,,5.0,,5.0,5.0,5.0,5.0,5.0,,0.0,,4.0,,5.0,,,5.0,4.0,5.0,5.0,5.0,180,9,1.5147179740174312,-0.5539007458854384
4.0,4,4.0,4,4,5.0,5.0,5.0,4,3.0,3,4.0,4.0,3,4.0,5.0,4.0,5.0,5.0,5.0,3,5.0,4,5.0,5.0,0,2,4,4,5.0,5,3,5.0,5.0,4,4,5.0,5.0,5,5.0,5.0,5.0,5.0,5.0,,4.0,4,5.0,5,5.0,5.0,5.0,4,,5.0,4,4.0,5,4.0,0,4,4,2.0,5.0,,5.0,,4.0,4,,4,3,5.0,5.0,4.0,4,4.0,5.0,5.0,5.0,4,4,4,5.0,5.0,4,5,4,5.0,4.0,5.0,2,5.0,5.0,,4,4,0.0,5,5.0,5,3.0,4,5.0,4,4,,5.0,4,5.0,5,5.0,5.0,4,,4,5,5.0,0.0,5.0,5.0,5.0,5.0,4,4,5.0,4,5.0,5.0,1.0,5.0,4,1.0,5.0,5.0,5.0,,,5,5.0,5.0,4,5.0,5,5.0,5.0,5.0,,3.0,5.0,5.0,,5,,5.0,5.0,5.0,5.0,5.0,3,5.0,4.0,0.0,4.0,3.0,5.0,,,4,5.0,5.0,5.0,4,5.0,5.0,5.0,5.0,5.0,,5.0,5.0,5.0,0.0,1.0,4,5.0,5,4,5.0,5.0,3,4,4,4,5.0,4.0,4.0,3,5.0,4,5.0,5.0,5.0,5.0,,5.0,5.0,4.0,4.0,5.0,5.0,5.0,4.0,,4,0.0,4.0,5.0,5,5,5.0,5.0,5,0,5.0,,4.0,5.0,,,,4.0,5,5.0,5.0,5.0,5.0,,,4,4.0,5.0,5.0,5,5.0,2.0,5.0,4,5.0,5.0,,4,5.0,5.0,5.0,5.0,,5.0,4,4.0,4.0,5.0,4,,5.0,5.0,5.0,5.0,5.0,5.0,5.0,5.0,4.0,5.0,4.0,5.0,4.0,5.0,5.0,,5.0,5.0,5.0,,5.0,5.0,4.0,4,5.0,4,5,4,4,5.0,5.0,5.0,5.0,,,5,5.0,5.0,2,,1.0,4.0,5.0,5.0,5.0,,5.0,,5.0,4.0,,5.0,3.0,5.0,5.0,5.0,3.0,5.0,5.0,0.0,5,5.0,5.0,5.0,5,,5.0,4.0,5.0,5.0,5.0,,,5.0,5.0,,1.0,5.0,5.0,5,5.0,5.0,,5.0,5.0,5.0,5.0,5.0,5.0,4.0,5.0,4,5.0,4,,5,5,,5.0,5,5,5.0,4,5.0,,5,5.0,5.0,5,5.0,5.0,5,5.0,,5.0,5,5.0,5.0,,5.0,,,5.0,5.0,5.0,5.0,,,,4.0,,0.0,,,5.0,2.0,5.0,5.0,,181,9,1.620901980362789,-0.46461599624605293
5.0,5,0.0,4,2,5.0,5.0,5.0,5,5.0,5,5.0,5.0,5,,5.0,5.0,,,5.0,4,5.0,5,5.0,4.0,1,5,5,5,5.0,5,5,5.0,5.0,4,4,,5.0,5,,5.0,5.0,1.0,4.0,0.0,5.0,5,5.0,5,4.0,,5.0,4,,5.0,0,5.0,5,5.0,5,4,4,0.0,5.0,,5.0,,5.0,5,,2,4,,5.0,5.0,4,5.0,,5.0,5.0,4,5,3,5.0,5.0,5,5,3,5.0,5.0,,4,,5.0,,4,4,,5,5.0,4,5.0,4,5.0,4,5,,,5,5.0,4,,,4,,4,5,5.0,5.0,,,,5.0,4,4,5.0,5,5.0,5.0,5.0,5.0,5,5.0,,,5.0,,,4,5.0,5.0,4,5.0,5,5.0,5.0,5.0,,5.0,,,,5,,5.0,5.0,,,,3,0.0,5.0,5.0,5.0,5.0,5.0,,3.0,5,5.0,,,4,5.0,,,,,,5.0,5.0,5.0,,5.0,4,5.0,5,4,,,5,4,5,5,5.0,5.0,5.0,0,5.0,5,,5.0,5.0,5.0,,5.0,5.0,5.0,5.0,5.0,5.0,5.0,,,4,5.0,3.0,,4,5,5.0,5.0,4,4,1.0,,,5.0,,,,,5,5.0,5.0,5.0,5.0,,,5,5.0,5.0,5.0,5,5.0,,3.0,4,5.0,5.0,2.0,5,5.0,5.0,,5.0,,5.0,5,5.0,5.0,,5,,5.0,5.0,5.0,5.0,5.0,5.0,,5.0,5.0,5.0,5.0,5.0,5.0,,0.0,,5.0,5.0,5.0,,3.0,5.0,5.0,5,5.0,5,5,3,4,5.0,5.0,,5.0,4.0,,4,4.0,5.0,5,,5.0,5.0,,5.0,4.0,,,,,1.0,,5.0,5.0,,5.0,3.0,5.0,,5.0,5.0,4,,5.0,,5,,5.0,5.0,5.0,5.0,5.0,,,5.0,5.0,,5.0,5.0,5.0,5,5.0,5.0,,5.0,5.0,5.0,1.0,2.0,5.0,,,4,0.0,5,,0,1,,5.0,4,5,5.0,5,5.0,,4,5.0,5.0,4,5.0,5.0,4,5.0,,,5,5.0,,,,,,5.0,5.0,3.0,,,,,5.0,,5.0,0.0,4.0,5.0,5.0,5.0,5.0,,182,9,1.6875548534316307,-0.2850127875903281
4.0,4,5.0,4,0,0.0,5.0,5.0,4,5.0,4,4.0,5.0,5,5.0,4.0,1.0,5.0,5.0,5.0,2,5.0,4,5.0,4.0,4,4,4,4,5.0,4,4,1.0,5.0,3,4,5.0,5.0,4,5.0,5.0,5.0,4.0,5.0,,5.0,4,5.0,3,5.0,5.0,5.0,4,,5.0,4,4.0,5,5.0,4,4,4,5.0,5.0,,5.0,,5.0,4,,4,3,5.0,5.0,5.0,4,5.0,5.0,5.0,5.0,3,4,4,4.0,5.0,4,4,3,4.0,5.0,5.0,3,,0.0,,0,4,5.0,4,4.0,4,5.0,0,5.0,4,4,,5.0,3,5.0,4,5.0,4.0,4,5.0,4,4,5.0,5.0,5.0,5.0,3.0,5.0,3,4,5.0,4,2.0,5.0,5.0,5.0,4,5.0,5.0,5.0,5.0,5.0,,4,5.0,5.0,4,3.0,5,5.0,5.0,5.0,5.0,5.0,5.0,,3.0,4,,5.0,3.0,,0.0,5.0,4,0.0,5.0,5.0,4.0,5.0,2.0,,5.0,4,5.0,5.0,5.0,4,5.0,5.0,5.0,3.0,5.0,5.0,5.0,4.0,5.0,5.0,5.0,4,4.0,4,5,5.0,1.0,4,5,4,5,5.0,4.0,5.0,3,4.0,4,5.0,5.0,5.0,4.0,5.0,4.0,4.0,3.0,4.0,5.0,5.0,5.0,,,5,5.0,5.0,5.0,4,4,5.0,5.0,5,4,5.0,,5.0,4.0,,,,5.0,4,5.0,4.0,5.0,5.0,,5.0,4,5.0,5.0,4.0,4,5.0,5.0,5.0,4,5.0,5.0,5.0,5,5.0,4.0,5.0,5.0,,5.0,5,5.0,5.0,0.0,4,,1.0,5.0,3.0,5.0,5.0,5.0,5.0,4.0,5.0,5.0,5.0,5.0,1.0,5.0,5.0,,5.0,5.0,5.0,,5.0,5.0,5.0,4,2.0,0,0,4,4,5.0,5.0,5.0,5.0,,5.0,4,5.0,5.0,4,,5.0,5.0,5.0,5.0,4.0,5.0,5.0,,,4.0,,5.0,5.0,5.0,5.0,5.0,5.0,5.0,5.0,5.0,4,4.0,5.0,5.0,4,3.0,2.0,4.0,5.0,4.0,4.0,,5.0,5.0,5.0,,4.0,5.0,5.0,4,5.0,4.0,5.0,3.0,5.0,5.0,4.0,5.0,5.0,5.0,5.0,4,5.0,5,,4,3,,5.0,4,5,5.0,4,5.0,,5,5.0,5.0,4,5.0,5.0,4,5.0,,,4,5.0,5.0,,,,5.0,5.0,5.0,5.0,5.0,,,,5.0,,5.0,,,5.0,4.0,5.0,5.0,,183,9,1.6250818598559267,-0.5372793235675102
4.0,4,5.0,4,4,5.0,5.0,4.0,4,5.0,4,5.0,5.0,0,5.0,5.0,4.0,5.0,3.0,5.0,4,5.0,4,5.0,5.0,4,4,3,5,4.0,4,4,5.0,5.0,5,4,5.0,5.0,4,5.0,5.0,5.0,5.0,3.0,0.0,5.0,4,5.0,4,5.0,,5.0,4,,4.0,4,2.0,1,5.0,4,3,4,5.0,5.0,,5.0,,5.0,5,,4,3,4.0,5.0,5.0,2,5.0,5.0,5.0,4.0,2,4,4,4.0,5.0,4,4,4,5.0,4.0,5.0,4,,5.0,,4,3,5.0,4,5.0,4,5.0,4,5.0,4,0,5.0,5.0,4,5.0,4,5.0,1.0,0,5.0,4,4,5.0,4.0,5.0,5.0,4.0,5.0,4,3,4.0,5,4.0,5.0,5.0,5.0,4,5.0,5.0,5.0,4.0,5.0,5.0,3,5.0,4.0,3,5.0,4,4.0,5.0,5.0,,5.0,5.0,,,4,,4.0,1.0,5.0,5.0,5.0,3,5.0,4.0,5.0,5.0,5.0,5.0,5.0,,4,4.0,5.0,5.0,3,5.0,5.0,5.0,0.0,5.0,5.0,5.0,4.0,4.0,5.0,5.0,4,5.0,4,4,5.0,5.0,3,4,4,4,5.0,3.0,5.0,3,5.0,2,5.0,4.0,4.0,0.0,1.0,4.0,5.0,4.0,3.0,5.0,5.0,5.0,5.0,,3,4.0,2.0,5.0,3,4,5.0,5.0,1,4,5.0,,5.0,5.0,5.0,,,5.0,4,5.0,4.0,5.0,5.0,,5.0,4,5.0,4.0,4.0,4,5.0,0.0,5.0,4,5.0,5.0,,4,5.0,4.0,5.0,5.0,5.0,5.0,5,4.0,5.0,5.0,4,,5.0,5.0,5.0,5.0,5.0,4.0,5.0,4.0,5.0,5.0,4.0,5.0,4.0,3.0,5.0,,5.0,5.0,5.0,,4.0,5.0,4.0,4,5.0,4,4,4,4,5.0,5.0,5.0,4.0,,0.0,4,5.0,5.0,4,,5.0,5.0,5.0,2.0,4.0,5.0,5.0,5.0,4.0,4.0,,4.0,5.0,5.0,5.0,5.0,5.0,5.0,5.0,4.0,4,5.0,4.0,5.0,4,,5.0,4.0,4.0,4.0,5.0,,5.0,5.0,5.0,,5.0,5.0,0.0,4,5.0,4.0,5.0,5.0,5.0,5.0,5.0,5.0,5.0,5.0,5.0,4,4.0,4,,2,0,,5.0,4,4,5.0,4,5.0,5.0,4,5.0,5.0,4,5.0,5.0,4,5.0,5.0,4.0,4,4.0,5.0,5.0,5.0,,5.0,5.0,5.0,5.0,5.0,,,,4.0,5.0,5.0,,,5.0,4.0,5.0,5.0,5.0,184,9,1.5657681065280935,-0.6012488759850172
4.0,5,5.0,4,4,5.0,4.0,5.0,5,4.0,5,4.0,5.0,4,5.0,5.0,5.0,,5.0,5.0,3,5.0,4,5.0,5.0,5,5,5,5,4.0,5,3,5.0,5.0,5,4,5.0,2.0,4,5.0,0.0,5.0,5.0,5.0,,5.0,4,5.0,5,5.0,,5.0,3,,2.0,5,4.0,5,5.0,4,4,4,5.0,5.0,,0.0,,1.0,4,,4,4,5.0,5.0,4.0,3,5.0,5.0,5.0,5.0,2,3,4,5.0,5.0,4,4,4,4.0,5.0,5.0,3,,5.0,,4,4,5.0,3,5.0,5,4.0,3,5.0,3,4,5.0,5.0,4,5.0,5,5.0,5.0,4,,4,1,5.0,5.0,5.0,5.0,5.0,5.0,3,0,5.0,5,5.0,0.0,5.0,5.0,4,5.0,,,4.0,5.0,,4,5.0,5.0,4,5.0,5,5.0,5.0,4.0,,4.0,,,,4,,5.0,5.0,1.0,0.0,5.0,4,5.0,5.0,5.0,5.0,5.0,4.0,,4.0,4,4.0,5.0,,4,5.0,5.0,5.0,5.0,5.0,5.0,5.0,5.0,5.0,,5.0,4,4.0,4,5,5.0,5.0,3,4,4,5,5.0,4.0,5.0,3,5.0,5,5.0,5.0,4.0,5.0,,5.0,5.0,4.0,5.0,5.0,5.0,5.0,5.0,,4,4.0,5.0,5.0,4,4,5.0,5.0,4,0,5.0,,5.0,5.0,,,,5.0,5,0.0,4.0,5.0,,5.0,,4,5.0,5.0,5.0,4,4.0,5.0,5.0,4,5.0,5.0,,5,5.0,5.0,,5.0,5.0,2.0,4,4.0,3.0,5.0,4,,5.0,5.0,5.0,5.0,5.0,1.0,,4.0,5.0,0.0,5.0,5.0,5.0,5.0,,,1.0,4.0,5.0,,5.0,5.0,5.0,4,5.0,4,4,4,5,5.0,5.0,5.0,5.0,,,4,5.0,5.0,1,,5.0,5.0,5.0,5.0,5.0,,5.0,,,5.0,,5.0,4.0,5.0,5.0,5.0,5.0,5.0,5.0,5.0,5,5.0,0.0,5.0,5,,5.0,4.0,4.0,4.0,5.0,,,5.0,,,5.0,5.0,5.0,5,4.0,4.0,5.0,5.0,5.0,4.0,5.0,5.0,5.0,5.0,5.0,4,5.0,4,,4,5,,5.0,4,4,5.0,4,,,4,5.0,2.0,5,5.0,2.0,5,5.0,,,5,5.0,,,5.0,,,5.0,5.0,5.0,5.0,,,0.0,5.0,,5.0,,,2.0,5.0,5.0,5.0,,185,9,1.5832243296272073,-0.47705653588066477
4.0,4,3.0,4,4,5.0,4.0,5.0,4,3.0,5,5.0,5.0,4,5.0,5.0,4.0,5.0,,5.0,3,5.0,5,5.0,4.0,5,4,4,5,5.0,5,4,5.0,5.0,4,4,5.0,5.0,4,5.0,5.0,2.0,5.0,5.0,,5.0,5,5.0,5,5.0,,5.0,4,,5.0,0,4.0,5,5.0,5,5,5,0.0,5.0,,5.0,,5.0,5,,4,4,5.0,5.0,5.0,5,5.0,5.0,5.0,5.0,5,4,3,5.0,5.0,5,5,4,,5.0,,4,,5.0,,4,4,5.0,4,4.0,5,5.0,4,5.0,3,5,,,4,5.0,5,5.0,5.0,4,,2,5,5.0,5.0,5.0,,3.0,5.0,4,4,1.0,5,5.0,4.0,5.0,5.0,4,,5.0,5.0,4.0,5.0,,5,5.0,5.0,4,5.0,5,5.0,5.0,5.0,,5.0,,,,5,,5.0,5.0,,5.0,5.0,3,4.0,5.0,5.0,5.0,5.0,5.0,,,5,5.0,5.0,,4,5.0,,,2.0,5.0,,0.0,5.0,5.0,,,5,5.0,5,1,,5.0,4,5,5,5,5.0,1.0,5.0,2,5.0,4,,0.0,5.0,5.0,,5.0,5.0,5.0,5.0,1.0,,4.0,,,4,4.0,5.0,5.0,5,5,5.0,5.0,5,5,4.0,,,5.0,5.0,,,5.0,5,4.0,5.0,5.0,,,,5,5.0,5.0,5.0,4,5.0,5.0,5.0,3,5.0,,,5,5.0,5.0,,5.0,,5.0,5,5.0,5.0,,4,,5.0,5.0,5.0,5.0,3.0,5.0,0.0,5.0,5.0,5.0,0.0,5.0,5.0,,5.0,,5.0,5.0,5.0,,5.0,5.0,5.0,4,5.0,5,5,5,5,1.0,5.0,5.0,,,,4,,5.0,5,,,5.0,5.0,5.0,5.0,,,,,5.0,,5.0,5.0,5.0,,5.0,5.0,5.0,0.0,5.0,5,0.0,5.0,,5,,0.0,5.0,5.0,5.0,5.0,,,5.0,2.0,,5.0,5.0,5.0,5,5.0,5.0,,2.0,5.0,5.0,5.0,5.0,4.0,5.0,5.0,5,5.0,4,,5,5,,5.0,5,4,5.0,5,,,4,5.0,5.0,5,4.0,5.0,3,5.0,,,5,5.0,,,5.0,,,,5.0,5.0,,,,,5.0,,5.0,,,5.0,5.0,,0.0,,186,9,1.6454979656819388,-0.3076805594248594
3.0,4,4.0,4,4,4.0,4.0,4.0,4,3.0,0,4.0,4.0,4,4.0,4.0,4.0,,,4.0,3,4.0,3,4.0,4.0,4,4,3,4,4.0,4,3,4.0,2.0,3,3,4.0,4.0,4,4.0,2.0,3.0,,4.0,,4.0,4,4.0,4,4.0,,0.0,3,,4.0,4,4.0,4,4.0,4,3,4,,4.0,,4.0,,4.0,4,,3,2,4.0,4.0,4.0,3,4.0,4.0,,4.0,3,2,3,4.0,4.0,3,4,4,2.0,4.0,,3,,0.0,,3,0,4.0,4,0.0,4,4.0,4,4.0,3,3,,,4,4.0,4,4.0,4.0,1,,3,4,4.0,4.0,,,4.0,,4,3,4.0,4,4.0,,4.0,4.0,3,4.0,,,4.0,,,4,3.0,4.0,2,4.0,4,1.0,4.0,4.0,,,,,,4,,4.0,4.0,,,,3,,4.0,4.0,0.0,4.0,4.0,,,4,4.0,,,3,,,,,4.0,2.0,4.0,4.0,1.0,,,4,4.0,4,3,,,2,1,3,4,4.0,4.0,4.0,3,4.0,3,,4.0,4.0,4.0,,4.0,4.0,4.0,4.0,4.0,4.0,4.0,,,4,4.0,4.0,,3,4,4.0,4.0,3,0,4.0,,0.0,4.0,,,,4.0,4,4.0,4.0,4.0,,,,4,4.0,4.0,4.0,4,2.0,,4.0,3,4.0,3.0,,4,4.0,4.0,,4.0,,4.0,4,4.0,4.0,,4,,4.0,4.0,4.0,,4.0,4.0,,4.0,0.0,4.0,4.0,4.0,4.0,,,,,4.0,,,4.0,4.0,4.0,3,4.0,3,4,3,3,4.0,,,4.0,,,4,4.0,4.0,0,1.0,4.0,4.0,,4.0,4.0,,4.0,,,4.0,,4.0,4.0,,,,4.0,,4.0,4.0,4,,4.0,,4,,4.0,4.0,4.0,4.0,4.0,,,,,,4.0,,4.0,4,4.0,4.0,,4.0,4.0,4.0,4.0,4.0,4.0,4.0,4.0,2,4.0,4,,4,4,,4.0,4,4,4.0,3,,,4,4.0,4.0,4,1.0,4.0,4,4.0,,,4,4.0,4.0,,,,,,,4.0,,,,,4.0,,4.0,,,4.0,4.0,4.0,,,187,9,1.5625112430293218,-0.3349424070819294
5.0,5,5.0,5,5,6.0,6.0,6.0,5,5.0,5,5.0,5.0,5,6.0,6.0,6.0,6.0,6.0,5.0,3,0.0,6,6.0,6.0,5,0,6,5,5.0,5,5,1.0,6.0,5,4,6.0,6.0,5,6.0,4.0,6.0,5.0,6.0,,6.0,5,6.0,5,0.0,6.0,6.0,5,,5.0,5,6.0,5,5.0,4,5,5,6.0,6.0,,6.0,,6.0,5,6.0,4,3,6.0,6.0,6.0,5,2.0,6.0,6.0,6.0,5,6,5,6.0,6.0,6,5,5,6.0,6.0,6.0,5,,5.0,,5,4,6.0,6,6.0,5,6.0,5,5.0,2,5,4.0,6.0,1,6.0,6,6.0,5.0,5,,5,5,6.0,6.0,6.0,6.0,6.0,6.0,5,5,6.0,5,6.0,6.0,6.0,6.0,5,,4.0,6.0,5.0,6.0,,6,6.0,6.0,4,6.0,5,5.0,6.0,6.0,,6.0,6.0,,,5,,5.0,6.0,6.0,6.0,6.0,5,6.0,6.0,6.0,5.0,6.0,6.0,2.0,,5,6.0,6.0,6.0,5,6.0,4.0,0.0,4.0,6.0,6.0,6.0,5.0,6.0,,6.0,5,6.0,5,6,6.0,6.0,4,5,4,5,6.0,5.0,6.0,3,6.0,4,6.0,6.0,5.0,6.0,6.0,0.0,6.0,5.0,5.0,6.0,6.0,1.0,6.0,,5,6.0,6.0,6.0,5,5,6.0,6.0,5,5,6.0,,,6.0,6.0,,0.0,6.0,5,6.0,6.0,6.0,4.0,,6.0,5,6.0,1.0,6.0,4,6.0,6.0,6.0,0,6.0,6.0,,5,5.0,5.0,,6.0,6.0,6.0,5,6.0,6.0,6.0,5,,6.0,6.0,6.0,6.0,6.0,5.0,4.0,6.0,6.0,6.0,6.0,6.0,5.0,6.0,6.0,,6.0,6.0,6.0,,6.0,6.0,6.0,5,6.0,5,5,5,6,6.0,6.0,4.0,6.0,0.0,,5,6.0,6.0,5,,6.0,6.0,6.0,5.0,5.0,,6.0,6.0,,5.0,,6.0,5.0,6.0,6.0,6.0,6.0,6.0,6.0,6.0,6,6.0,6.0,6.0,0,3.0,6.0,6.0,6.0,6.0,5.0,,6.0,6.0,6.0,,6.0,6.0,6.0,6,5.0,5.0,6.0,6.0,6.0,6.0,5.0,6.0,6.0,6.0,5.0,4,6.0,5,,5,5,,5.0,5,5,5.0,5,6.0,,1,6.0,5.0,5,6.0,6.0,5,6.0,6.0,,6,4.0,,,6.0,,6.0,6.0,6.0,2.0,6.0,,,,5.0,,6.0,,,6.0,6.0,2.0,6.0,0.0,188,9,1.7530072173215712,-0.49934216144693416
4.0,4,5.0,4,4,4.0,1.0,4.0,4,5.0,4,4.0,5.0,4,5.0,2.0,5.0,5.0,5.0,4.0,3,5.0,4,5.0,5.0,2,4,4,4,4.0,4,5,5.0,4.0,4,4,5.0,5.0,4,5.0,5.0,5.0,5.0,5.0,,5.0,5,5.0,4,5.0,5.0,5.0,4,,4.0,4,5.0,4,5.0,4,4,2,5.0,5.0,,5.0,,5.0,4,,4,4,5.0,5.0,5.0,4,5.0,5.0,5.0,5.0,4,4,2,4.0,0.0,2,4,3,4.0,4.0,5.0,3,0.0,4.0,,4,4,5.0,5,5.0,5,4.0,4,5.0,3,5,,5.0,5,5.0,5,5.0,5.0,4,,4,4,5.0,5.0,5.0,5.0,5.0,1.0,4,3,5.0,4,5.0,5.0,5.0,5.0,0,,5.0,5.0,5.0,5.0,,3,5.0,5.0,4,5.0,4,4.0,5.0,5.0,5.0,5.0,5.0,,,4,,5.0,5.0,,5.0,5.0,4,5.0,5.0,5.0,5.0,5.0,5.0,,,4,4.0,5.0,5.0,3,5.0,0.0,5.0,5.0,5.0,5.0,5.0,5.0,5.0,5.0,5.0,3,5.0,4,5,5.0,5.0,4,4,5,5,5.0,4.0,5.0,3,5.0,4,5.0,5.0,5.0,5.0,,5.0,5.0,5.0,5.0,5.0,5.0,3.0,,,4,5.0,0.0,5.0,4,4,3.0,2.0,4,4,5.0,,,5.0,,,,5.0,5,5.0,5.0,5.0,5.0,,,4,5.0,5.0,5.0,4,5.0,5.0,5.0,4,5.0,5.0,0.0,5,5.0,4.0,,5.0,,3.0,5,4.0,4.0,5.0,4,,5.0,5.0,5.0,5.0,0.0,4.0,,5.0,2.0,5.0,4.0,0.0,5.0,5.0,,,5.0,5.0,5.0,,5.0,5.0,5.0,5,5.0,4,5,4,3,5.0,5.0,5.0,5.0,,,4,5.0,5.0,4,,5.0,2.0,,5.0,5.0,,5.0,5.0,,5.0,,4.0,4.0,5.0,5.0,5.0,5.0,5.0,5.0,5.0,4,5.0,5.0,5.0,4,,5.0,4.0,5.0,0.0,5.0,4.0,5.0,4.0,5.0,,4.0,5.0,5.0,4,5.0,5.0,5.0,5.0,5.0,5.0,5.0,5.0,5.0,5.0,5.0,3,5.0,4,,4,4,,4.0,4,5,5.0,0,5.0,,5,5.0,5.0,4,5.0,5.0,2,5.0,,,5,5.0,5.0,,5.0,,,5.0,5.0,5.0,5.0,,,,5.0,,2.0,,,4.0,4.0,5.0,5.0,,189,9,1.5467614278791795,-0.536395890969086
4.0,5,5.0,5,5,5.0,5.0,5.0,5,5.0,5,5.0,5.0,4,,5.0,5.0,,,5.0,3,5.0,5,,5.0,5,4,5,5,5.0,5,4,,,5,4,5.0,,5,5.0,,,5.0,,,5.0,5,0.0,4,5.0,,5.0,4,,5.0,5,5.0,5,4.0,3,5,5,,5.0,,4.0,,4.0,5,,4,4,5.0,,5.0,5,5.0,,,5.0,4,5,5,5.0,5.0,5,5,5,0.0,5.0,,2,,5.0,,0,4,5.0,5,5.0,5,5.0,5,0.0,5,5,,,5,5.0,5,5.0,4.0,5,,5,4,5.0,5.0,,,,5.0,5,5,5.0,5,5.0,,5.0,,4,,,,2.0,,,5,,5.0,4,,5,5.0,5.0,5.0,3.0,,,,,4,2.0,5.0,,,2.0,,5,,,5.0,5.0,,5.0,,,0,5.0,,,4,,,,5.0,5.0,3.0,5.0,5.0,5.0,,,4,5.0,5,5,,2.0,4,5,5,5,5.0,5.0,2.0,3,5.0,4,,5.0,4.0,5.0,,5.0,5.0,5.0,5.0,,0.0,5.0,,,4,5.0,5.0,,5,5,5.0,,5,4,,,4.0,,,,,5.0,3,,5.0,,,,,2,0.0,5.0,4.0,5,5.0,,5.0,4,,,,5,5.0,5.0,,5.0,,5.0,5,5.0,5.0,2.0,5,,5.0,5.0,4.0,5.0,4.0,5.0,,5.0,5.0,0.0,5.0,3.0,5.0,,,,5.0,5.0,,,5.0,,5.0,5,5.0,5,5,5,5,,5.0,,5.0,,,5,,5.0,5,,,5.0,,5.0,5.0,,5.0,,,4.0,,5.0,5.0,,,3.0,5.0,,,5.0,5,,,5.0,5,,,5.0,5.0,5.0,5.0,,,,,,5.0,,5.0,5,5.0,5.0,,5.0,,5.0,0.0,5.0,,,3.0,1,5.0,5,,5,5,,5.0,4,5,5.0,4,,,5,1.0,5.0,5,,5.0,5,1.0,,,4,5.0,,,,0.0,,,5.0,5.0,,,,,5.0,,5.0,,,5.0,5.0,5.0,,,190,9,1.687664965687137,-0.07777488095861045
6.0,5,6.0,3,4,6.0,6.0,6.0,5,5.0,5,6.0,6.0,5,5.0,6.0,6.0,6.0,0.0,5.0,4,6.0,6,6.0,0.0,1,5,5,6,5.0,4,5,5.0,6.0,5,5,6.0,6.0,5,6.0,6.0,6.0,6.0,6.0,,6.0,4,3.0,4,6.0,,6.0,4,,6.0,5,5.0,5,6.0,5,5,5,6.0,6.0,,6.0,6.0,6.0,5,,4,3,6.0,6.0,5.0,5,6.0,6.0,0.0,5.0,5,5,5,5.0,6.0,5,3,5,6.0,5.0,6.0,5,6.0,6.0,,5,4,6.0,5,5.0,5,5.0,5,5.0,4,2,6.0,6.0,5,6.0,6,6.0,6.0,4,6.0,4,5,5.0,5.0,1.0,1.0,6.0,6.0,5,5,1.0,5,5.0,6.0,6.0,6.0,5,1.0,6.0,5.0,5.0,6.0,,6,6.0,6.0,5,6.0,5,6.0,6.0,5.0,,6.0,6.0,6.0,,5,,5.0,6.0,6.0,6.0,0.0,2,6.0,0.0,6.0,3.0,6.0,6.0,,,5,6.0,1.0,6.0,4,6.0,6.0,6.0,6.0,6.0,6.0,6.0,6.0,5.0,6.0,6.0,5,6.0,5,5,6.0,0.0,5,5,5,5,6.0,5.0,6.0,4,3.0,4,6.0,5.0,5.0,5.0,6.0,5.0,6.0,5.0,6.0,6.0,6.0,6.0,,4.0,5,6.0,6.0,6.0,5,5,6.0,6.0,5,5,6.0,,,6.0,6.0,,0.0,5.0,6,6.0,6.0,6.0,6.0,,6.0,6,6.0,2.0,4.0,5,5.0,4.0,6.0,5,6.0,6.0,,4,6.0,6.0,,6.0,6.0,6.0,6,5.0,5.0,6.0,5,,6.0,6.0,6.0,6.0,6.0,6.0,6.0,6.0,6.0,6.0,6.0,6.0,5.0,6.0,6.0,,6.0,0.0,6.0,,0.0,6.0,6.0,5,6.0,5,6,5,5,6.0,6.0,6.0,6.0,,,5,6.0,6.0,5,,6.0,6.0,6.0,6.0,6.0,0.0,5.0,6.0,,5.0,,6.0,5.0,6.0,6.0,6.0,6.0,,6.0,6.0,5,6.0,6.0,6.0,5,,6.0,6.0,6.0,5.0,5.0,,6.0,6.0,6.0,,6.0,6.0,6.0,5,5.0,6.0,6.0,6.0,6.0,5.0,6.0,6.0,6.0,6.0,6.0,5,6.0,5,,5,5,,6.0,5,5,6.0,5,6.0,,5,6.0,6.0,5,6.0,6.0,6,5.0,6.0,,5,5.0,6.0,,6.0,,6.0,6.0,6.0,6.0,6.0,,,2.0,1.0,,6.0,,,6.0,6.0,6.0,6.0,6.0,191,9,1.668852983522636,-0.5426583448398369
1.0,0,4.0,3,3,4.0,4.0,4.0,4,4.0,4,4.0,4.0,4,3.0,4.0,4.0,,,4.0,3,4.0,4,,4.0,3,3,4,4,4.0,4,4,4.0,,3,4,4.0,4.0,4,4.0,4.0,4.0,4.0,4.0,,4.0,4,0.0,2,4.0,,4.0,3,,4.0,4,3.0,3,4.0,3,3,2,,4.0,,4.0,,1.0,3,,0,3,,4.0,4.0,3,4.0,4.0,4.0,4.0,3,4,3,4.0,4.0,4,3,3,4.0,4.0,,3,,4.0,,4,4,4.0,4,4.0,4,4.0,4,4.0,2,4,,,4,4.0,4,,4.0,3,,4,4,3.0,4.0,,4.0,4.0,4.0,3,4,4.0,4,4.0,,,4.0,3,,,,4.0,,,2,,4.0,3,4.0,4,4.0,4.0,4.0,,4.0,,,,1,,4.0,,,4.0,4.0,3,4.0,4.0,0.0,4.0,,4.0,,,3,4.0,,4.0,2,4.0,4.0,0.0,0.0,4.0,,,4.0,4.0,,4.0,3,4.0,0,4,,,4,3,4,4,4.0,4.0,4.0,3,4.0,3,,4.0,3.0,4.0,,4.0,,4.0,4.0,2.0,4.0,4.0,,,4,4.0,2.0,,3,4,1.0,0.0,4,2,4.0,,,4.0,,,,4.0,4,,4.0,1.0,,,1.0,4,4.0,2.0,4.0,3,4.0,,4.0,4,,,,4,4.0,4.0,,,,4.0,4,4.0,3.0,,0,,,4.0,4.0,4.0,3.0,4.0,,4.0,4.0,4.0,4.0,4.0,4.0,4.0,,,,4.0,4.0,,4.0,,4.0,4,4.0,4,4,3,4,4.0,1.0,4.0,4.0,,,1,4.0,4.0,4,,,4.0,,4.0,4.0,,,,,4.0,,4.0,4.0,4.0,3.0,,4.0,,4.0,4.0,4,,1.0,,4,,4.0,4.0,4.0,4.0,4.0,,,4.0,,,4.0,4.0,,4,4.0,4.0,4.0,4.0,4.0,4.0,4.0,4.0,4.0,,,3,4.0,4,,4,4,,4.0,4,4,4.0,4,,,3,4.0,4.0,4,4.0,,4,,,,4,4.0,,,4.0,,,,4.0,4.0,,,,,4.0,,,,0.0,4.0,4.0,4.0,,,192,9,1.5193321616871704,-0.2970781069559581
5.0,5,5.0,4,5,2.0,5.0,5.0,5,5.0,5,5.0,5.0,5,,5.0,5.0,,,5.0,4,,5,,5.0,5,5,5,5,,5,5,5.0,,5,5,,,2,5.0,,5.0,,,,,5,5.0,5,,,5.0,4,,5.0,5,5.0,0,5.0,4,4,5,,5.0,,1.0,,,5,,3,4,,,2.0,5,,,,,3,5,3,5.0,5.0,5,5,4,5.0,0.0,5.0,5,,5.0,,2,5,,5,5.0,5,5.0,5,,4,5,,,5,5.0,5,,5.0,5,,5,5,5.0,4.0,,,,,5,5,5.0,5,5.0,,,5.0,4,,,,5.0,,,5,,4.0,5,5.0,2,5.0,5.0,5.0,,5.0,,,,4,,5.0,,,,,3,5.0,5.0,,5.0,,5.0,,,5,5.0,,5.0,4,4.0,5.0,,,5.0,,,5.0,5.0,,,4,5.0,5,5,,,4,5,4,5,5.0,5.0,4.0,4,5.0,5,,5.0,5.0,5.0,,5.0,5.0,5.0,5.0,5.0,,5.0,,,1,5.0,5.0,,4,5,,5.0,5,4,,,,5.0,,,,5.0,5,,5.0,5.0,5.0,,,5,5.0,5.0,5.0,5,5.0,4.0,5.0,5,,5.0,0.0,5,5.0,4.0,,,,5.0,5,5.0,4.0,,5,,5.0,5.0,5.0,,5.0,5.0,,,,5.0,4.0,2.0,5.0,,,0.0,,5.0,5.0,,5.0,,,5,5.0,5,5,4,4,,,,,,,4,0.0,,5,,,5.0,,5.0,5.0,,,,,5.0,,5.0,5.0,,,,5.0,5.0,,5.0,5,,,5.0,5,,5.0,0.0,,5.0,5.0,,,5.0,1.0,3.0,5.0,5.0,,5,5.0,5.0,,,1.0,5.0,5.0,5.0,0.0,,5.0,4,5.0,5,,5,5,,5.0,4,5,,5,,,0,,0.0,5,5.0,,5,,,,5,5.0,,,,,,,,5.0,,,1.0,,0.0,,5.0,,,5.0,5.0,5.0,,,193,9,1.6594437809247569,-0.1844822317383015
6.0,3,6.0,5,4,4.0,6.0,6.0,6,6.0,5,6.0,6.0,5,6.0,6.0,5.0,,,6.0,5,6.0,6,4.0,6.0,6,5,4,5,1.0,6,5,0.0,6.0,6,6,5.0,,6,6.0,6.0,6.0,5.0,6.0,,0.0,4,6.0,6,6.0,6.0,6.0,5,,6.0,5,6.0,6,0.0,5,6,6,,6.0,,6.0,,6.0,6,,5,4,6.0,6.0,6.0,6,6.0,6.0,5.0,6.0,5,6,6,6.0,6.0,5,6,5,6.0,6.0,,5,,6.0,6.0,5,5,6.0,6,6.0,5,0.0,6,6.0,5,6,,5.0,6,6.0,6,6.0,6.0,5,,5,6,6.0,6.0,,,6.0,6.0,6,6,6.0,6,6.0,,6.0,,5,,,6.0,6.0,6.0,,6,6.0,6.0,4,6.0,6,6.0,6.0,6.0,,6.0,,,,5,,6.0,6.0,,6.0,,5,6.0,6.0,6.0,6.0,,6.0,5.0,,4,6.0,6.0,,3,6.0,6.0,,6.0,6.0,,6.0,6.0,6.0,,6.0,5,6.0,6,5,6.0,,5,5,5,6,6.0,6.0,6.0,5,6.0,6,6.0,6.0,5.0,6.0,,6.0,6.0,6.0,6.0,6.0,6.0,6.0,,,5,6.0,6.0,0.0,5,6,6.0,0.0,6,5,,,,6.0,6.0,,,6.0,6,6.0,6.0,6.0,,,,6,6.0,4.0,6.0,6,6.0,6.0,5.0,5,6.0,,,4,0.0,6.0,,,,6.0,6,6.0,6.0,,6,,6.0,6.0,6.0,6.0,6.0,6.0,,6.0,6.0,6.0,6.0,6.0,6.0,,,,6.0,6.0,3.0,,6.0,3.0,6.0,5,2.0,6,6,4,6,6.0,6.0,,6.0,,,5,,6.0,6,6.0,6.0,6.0,,6.0,6.0,,6.0,,,6.0,,6.0,6.0,,6.0,6.0,6.0,0.0,6.0,6.0,6,,6.0,,5,6.0,6.0,6.0,6.0,0.0,6.0,,,0.0,6.0,,6.0,6.0,6.0,6,5.0,6.0,6.0,6.0,5.0,6.0,6.0,6.0,5.0,6.0,6.0,5,6.0,6,,6,5,,6.0,2,6,6.0,5,,,6,6.0,6.0,2,6.0,6.0,5,6.0,,5.0,6,6.0,6.0,,6.0,,,,,6.0,,,,,6.0,,6.0,,,6.0,6.0,6.0,,,194,9,1.674287724234963,-0.33338458153674105
5.0,5,5.0,5,3,5.0,5.0,5.0,5,5.0,5,4.0,5.0,5,5.0,3.0,5.0,,,4.0,4,,2,5.0,5.0,5,4,5,5,5.0,5,5,4.0,,5,4,,,5,5.0,5.0,5.0,0.0,5.0,,5.0,5,5.0,5,,1.0,5.0,5,,5.0,0,5.0,5,5.0,5,5,5,,5.0,,,,5.0,5,,5,4,4.0,5.0,5.0,4,5.0,5.0,5.0,5.0,4,5,4,5.0,5.0,5,5,2,5.0,5.0,,3,0.0,5.0,,4,4,,5,5.0,5,5.0,0,5.0,4,4,,,5,5.0,1,,5.0,4,,5,5,5.0,5.0,,,4.0,5.0,4,4,5.0,5,5.0,5.0,5.0,,5,,5.0,,5.0,,,5,5.0,5.0,4,5.0,5,5.0,0.0,5.0,,,,,,5,,5.0,,,,5.0,4,,5.0,1.0,5.0,5.0,5.0,,0.0,5,5.0,,,4,5.0,,,,,,5.0,4.0,4.0,,,5,5.0,5,5,,,5,5,4,5,5.0,5.0,,3,5.0,5,,5.0,5.0,5.0,,5.0,5.0,5.0,5.0,5.0,,5.0,,,5,5.0,5.0,,5,5,,,5,3,5.0,,,5.0,,,,5.0,5,5.0,5.0,5.0,1.0,,,5,5.0,5.0,5.0,5,1.0,0.0,5.0,3,2.0,,,5,5.0,5.0,,5.0,,5.0,4,5.0,,,4,,,5.0,5.0,5.0,1.0,5.0,,5.0,,,5.0,5.0,4.0,,,5.0,,5.0,5.0,,5.0,5.0,5.0,5,5.0,5,5,4,5,5.0,5.0,2.0,5.0,,,4,5.0,5.0,5,,5.0,5.0,,5.0,4.0,,,,4.0,5.0,,4.0,0.0,,,0.0,5.0,,5.0,5.0,4,,5.0,,5,,3.0,5.0,5.0,5.0,5.0,,,,,,5.0,5.0,5.0,5,5.0,5.0,,5.0,5.0,5.0,2.0,5.0,5.0,,,4,5.0,4,,5,0,,5.0,4,4,5.0,4,5.0,,5,,5.0,5,5.0,,4,5.0,,,5,5.0,,4.0,,,,5.0,5.0,,5.0,,,,1.0,,,,,5.0,5.0,5.0,5.0,,195,9,1.7122302158273381,-0.2142803030414555
4.0,4,4.0,4,4,0.0,5.0,5.0,4,4.0,4,4.0,4.0,0,5.0,5.0,5.0,5.0,5.0,4.0,4,5.0,4,5.0,4.0,4,4,4,4,4.0,4,4,5.0,5.0,4,4,5.0,5.0,3,5.0,5.0,5.0,5.0,5.0,5.0,5.0,5,5.0,5,5.0,5.0,3.0,3,,4.0,5,5.0,4,5.0,4,4,5,5.0,5.0,,5.0,,5.0,4,,3,3,5.0,5.0,5.0,4,5.0,5.0,5.0,4.0,3,2,4,4.0,5.0,4,0,3,5.0,5.0,5.0,3,5.0,5.0,1.0,4,3,5.0,4,5.0,4,5.0,3,5.0,4,4,5.0,0.0,5,5.0,5,5.0,5.0,4,,4,5,0.0,4.0,5.0,5.0,5.0,5.0,4,4,5.0,5,4.0,5.0,5.0,1.0,0,5.0,5.0,5.0,4.0,5.0,,4,5.0,5.0,4,3.0,4,5.0,4.0,5.0,,5.0,,5.0,,4,,5.0,5.0,5.0,5.0,5.0,4,5.0,5.0,5.0,5.0,5.0,5.0,,,5,5.0,5.0,5.0,3,5.0,5.0,5.0,5.0,5.0,5.0,5.0,4.0,5.0,5.0,5.0,4,4.0,4,4,5.0,5.0,4,4,4,5,3.0,4.0,5.0,3,5.0,4,5.0,4.0,4.0,5.0,5.0,5.0,5.0,5.0,5.0,5.0,0.0,5.0,,,4,5.0,5.0,5.0,4,4,5.0,5.0,4,4,4.0,,5.0,5.0,5.0,,,5.0,4,5.0,5.0,5.0,5.0,5.0,2.0,5,5.0,1.0,5.0,4,4.0,5.0,5.0,4,5.0,5.0,4.0,4,0.0,5.0,,5.0,5.0,1.0,4,5.0,5.0,5.0,4,,5.0,4.0,5.0,5.0,4.0,5.0,5.0,5.0,5.0,5.0,4.0,5.0,4.0,5.0,5.0,,5.0,5.0,5.0,,4.0,5.0,5.0,2,5.0,4,4,2,1,3.0,5.0,5.0,5.0,,5.0,4,5.0,3.0,4,5.0,5.0,4.0,3.0,4.0,4.0,,5.0,5.0,,4.0,,5.0,5.0,5.0,1.0,5.0,4.0,5.0,5.0,5.0,4,5.0,5.0,5.0,4,0.0,4.0,4.0,4.0,5.0,4.0,,5.0,5.0,5.0,,0.0,5.0,5.0,4,5.0,5.0,5.0,5.0,5.0,5.0,5.0,5.0,5.0,5.0,5.0,4,5.0,4,,4,4,,4.0,2,5,5.0,4,5.0,5.0,4,5.0,5.0,4,5.0,5.0,4,5.0,1.0,,4,4.0,5.0,5.0,5.0,,5.0,5.0,2.0,4.0,5.0,,,,4.0,,5.0,,,5.0,5.0,5.0,5.0,,196,9,1.579168688338994,-0.5501213208793791
5.0,4,5.0,4,5,5.0,5.0,5.0,5,5.0,5,5.0,5.0,4,,5.0,5.0,,,3.0,3,5.0,5,,5.0,4,5,5,5,5.0,5,5,2.0,,5,2,,5.0,5,,,5.0,,,,,5,5.0,4,,,5.0,4,,5.0,5,5.0,5,5.0,4,5,5,5.0,,,3.0,,5.0,5,,4,5,,,5.0,5,5.0,,5.0,5.0,4,5,5,5.0,5.0,5,5,0,2.0,5.0,,5,,5.0,,4,5,,5,5.0,5,5.0,0,5.0,4,5,,,5,5.0,5,5.0,,5,,4,1,5.0,5.0,,,5.0,1.0,5,4,5.0,5,0.0,5.0,,,5,,,,5.0,,,4,,5.0,5,3.0,2,,5.0,5.0,,5.0,,,,5,,3.0,,,,,5,,4.0,5.0,5.0,,,,,0,5.0,,,4,,,,0.0,,,,3.0,5.0,,5.0,4,5.0,5,5,,,4,5,5,5,,5.0,5.0,4,,4,5.0,,5.0,5.0,,5.0,,5.0,5.0,5.0,,5.0,,,5,5.0,,,4,5,,3.0,3,5,,,,5.0,,,,5.0,4,,5.0,5.0,,,,5,,5.0,5.0,0,5.0,,5.0,4,,,,5,5.0,5.0,,,,5.0,5,5.0,5.0,,5,,,,,,,5.0,,5.0,,,5.0,5.0,5.0,,,,0.0,5.0,5.0,,5.0,,5.0,5,5.0,5,5,5,5,,,,,,,5,,,5,,,,,5.0,5.0,,,,,5.0,,5.0,5.0,,,,5.0,,4.0,,5,,5.0,,5,,5.0,5.0,4.0,5.0,4.0,,,5.0,,,5.0,5.0,,5,5.0,4.0,,5.0,,5.0,5.0,5.0,,,,3,5.0,5,,5,5,,5.0,5,5,5.0,4,,,5,5.0,0.0,5,5.0,5.0,5,3.0,,,5,5.0,,4.0,,,,,,5.0,,0.0,,,,,,,0.0,5.0,5.0,5.0,,,197,9,1.6528346994535519,-0.1538298625197722
4.0,4,4.0,3,4,4.0,4.0,4.0,4,4.0,4,4.0,4.0,4,,4.0,4.0,,,4.0,4,,4,,4.0,4,3,4,4,4.0,4,4,2.0,,4,4,,4.0,4,4.0,4.0,4.0,4.0,,,3.0,4,4.0,4,4.0,,4.0,3,,4.0,4,3.0,4,4.0,3,3,4,,4.0,,4.0,,4.0,4,,4,3,,3.0,4.0,4,4.0,,4.0,4.0,3,0,3,4.0,,4,4,3,,4.0,,4,,4.0,,3,3,,4,4.0,4,2.0,3,4.0,3,4,3.0,4.0,4,,4,4.0,2.0,4,,2,4,0.0,4.0,,,,,2,1,4.0,4,4.0,,,,3,,,,4.0,,,4,,4.0,3,,4,4.0,4.0,4.0,,4.0,,,,4,,1.0,,,4.0,4.0,3,,,4.0,4.0,4.0,,,,4,4.0,,,3,,,,,4.0,,4.0,4.0,4.0,,,4,4.0,4,3,,,3,4,4,4,4.0,3.0,4.0,2,4.0,4,,4.0,4.0,1.0,,4.0,4.0,3.0,4.0,4.0,,,,,4,3.0,,,2,3,,,4,3,,,,0.0,,,,4.0,4,,3.0,4.0,,,,4,2.0,4.0,1.0,3,4.0,4.0,4.0,3,4.0,,,4,4.0,4.0,,,,0.0,4,4.0,,,0,,,4.0,4.0,,4.0,,,4.0,4.0,4.0,4.0,4.0,4.0,,,,,4.0,,,4.0,,,4,,3,4,3,4,4.0,,,,,,3,4.0,4.0,4,,,2.0,,4.0,0.0,,4.0,,,3.0,,4.0,4.0,0.0,,,4.0,,0.0,4.0,4,,2.0,,4,,4.0,4.0,4.0,4.0,4.0,,1.0,,4.0,,4.0,4.0,4.0,4,4.0,4.0,,4.0,4.0,4.0,4.0,3.0,4.0,,,4,4.0,4,,4,4,,4.0,4,3,0.0,4,4.0,,1,4.0,4.0,4,3.0,4.0,4,,,,4,4.0,,,,,,0.0,,2.0,,,,,4.0,,4.0,,,4.0,4.0,4.0,4.0,,198,9,1.501978324445209,-0.1895778541085545
2.0,4,4.0,4,4,5.0,4.0,4.0,5,4.0,5,4.0,5.0,4,5.0,5.0,5.0,5.0,5.0,3.0,3,5.0,4,5.0,5.0,4,3,4,5,4.0,4,4,5.0,5.0,4,4,3.0,5.0,4,5.0,0.0,4.0,5.0,5.0,5.0,4.0,0,5.0,4,5.0,5.0,4.0,4,,4.0,4,4.0,4,4.0,4,4,4,5.0,5.0,,5.0,,5.0,4,,4,3,5.0,5.0,5.0,4,4.0,5.0,4.0,3.0,3,4,3,4.0,4.0,4,4,4,4.0,4.0,1.0,2,5.0,4.0,,4,4,5.0,4,5.0,4,4.0,0,4.0,3,4,5.0,5.0,4,4.0,5,4.0,5.0,4,1.0,3,4,4.0,4.0,5.0,5.0,5.0,5.0,3,3,4.0,4,3.0,5.0,5.0,5.0,4,5.0,5.0,5.0,4.0,5.0,5.0,4,5.0,5.0,4,5.0,4,4.0,4.0,5.0,5.0,1.0,5.0,5.0,5.0,4,,5.0,5.0,5.0,5.0,5.0,1,5.0,5.0,5.0,4.0,5.0,5.0,,,4,4.0,5.0,4.0,3,4.0,5.0,5.0,4.0,0.0,5.0,5.0,4.0,4.0,5.0,5.0,4,4.0,4,4,5.0,4.0,2,4,4,4,5.0,4.0,4.0,3,5.0,4,5.0,4.0,3.0,4.0,5.0,0.0,4.0,4.0,3.0,5.0,5.0,4.0,5.0,4.0,4,0.0,4.0,5.0,4,0,5.0,5.0,4,3,5.0,,5.0,5.0,5.0,,,5.0,4,5.0,4.0,5.0,5.0,,5.0,2,5.0,5.0,5.0,4,5.0,5.0,5.0,4,5.0,5.0,,5,4.0,1.0,5.0,5.0,5.0,4.0,0,4.0,4.0,5.0,4,,4.0,5.0,4.0,5.0,5.0,4.0,5.0,4.0,4.0,5.0,4.0,4.0,4.0,5.0,4.0,,4.0,5.0,5.0,,5.0,5.0,4.0,4,5.0,4,4,4,4,5.0,5.0,5.0,5.0,,5.0,4,0.0,5.0,4,,5.0,4.0,5.0,4.0,4.0,5.0,5.0,5.0,5.0,3.0,,2.0,2.0,5.0,5.0,5.0,5.0,5.0,5.0,5.0,4,5.0,4.0,5.0,4,,3.0,4.0,5.0,4.0,5.0,,5.0,5.0,5.0,,5.0,5.0,5.0,4,5.0,4.0,5.0,5.0,5.0,5.0,4.0,5.0,5.0,5.0,5.0,3,5.0,4,,3,4,5.0,5.0,4,4,5.0,4,5.0,5.0,4,5.0,4.0,4,0.0,5.0,4,5.0,5.0,,4,5.0,5.0,,5.0,,5.0,5.0,5.0,5.0,5.0,,,,4.0,,5.0,,,5.0,4.0,5.0,5.0,,199,9,1.5506497834055315,-0.6331730462110877
